#
# There is insufficient memory for the Java Runtime Environment to continue.
# Native memory allocation (mmap) failed to map 6559891456 bytes. Error detail: committing reserved memory.
# Possible reasons:
#   The system is out of physical RAM or swap space
#   This process is running with CompressedOops enabled, and the Java Heap may be blocking the growth of the native heap
# Possible solutions:
#   Reduce memory load on the system
#   Increase physical memory or swap space
#   Check if swap backing store is full
#   Decrease Java heap size (-Xmx/-Xms)
#   Decrease number of Java threads
#   Decrease Java thread stack sizes (-Xss)
#   Set larger code cache with -XX:ReservedCodeCacheSize=
#   JVM is running with Zero Based Compressed Oops mode in which the Java heap is
#     placed in the first 32GB address space. The Java Heap base address is the
#     maximum limit for the native heap growth. Please use -XX:HeapBaseMinAddress
#     to set the Java Heap base and to place the Java Heap above 32GB virtual address.
# This output file may be truncated or incomplete.
#
#  Out of Memory Error (os_linux.cpp:2832), pid=696979, tid=697063
#
# JRE version: OpenJDK Runtime Environment Temurin-17.0.15+6 (17.0.15+6) (build 17.0.15+6)
# Java VM: OpenJDK 64-Bit Server VM Temurin-17.0.15+6 (17.0.15+6, mixed mode, sharing, tiered, compressed oops, compressed class ptrs, g1 gc, linux-amd64)
# Core dump will be written. Default location: Core dumps may be processed with "/usr/lib/systemd/systemd-coredump %P %u %g %s %t %c %h %e" (or dumping to /sfs/weka/scratch/wxw9rr/artifact/RQ3/OE25-DEV/commons-beanutils-1.9.4/core.696979)
#

---------------  S U M M A R Y ------------

Command Line: -Dclassworlds.conf=/apps/software/standard/core/maven/3.9.0/bin/m2.conf -Dmaven.home=/apps/software/standard/core/maven/3.9.0 -Dlibrary.jansi.path=/apps/software/standard/core/maven/3.9.0/lib/jansi-native -Dmaven.multiModuleProjectDirectory=/scratch/wxw9rr/artifact/RQ3/OE25-DEV/commons-beanutils-1.9.4 -Djava.io.tmpdir=/sfs/weka/scratch/wxw9rr/tmp -javaagent:/sfs/weka/scratch/wxw9rr/tmp/pitest-agent4297895672587801351.jar -ea -Djava.awt.headless=true -XX:+UseG1GC -Djava.io.tmpdir=/sfs/weka/scratch/wxw9rr/tmp org.pitest.mutationtest.execute.MutationTestMinion 40761

Host: AMD EPYC 9454 48-Core Processor, 96 cores, 512G, Rocky Linux release 8.10 (Green Obsidian)
Time: Mon Jan 12 02:06:40 2026 EST elapsed time: 56.645947 seconds (0d 0h 0m 56s)

---------------  T H R E A D  ---------------

Current thread (0x00007f48bc20ec30):  VMThread "VM Thread" [stack: 0x00007f484c9ff000,0x00007f484caff000] [id=697063]

Stack: [0x00007f484c9ff000,0x00007f484caff000],  sp=0x00007f484cafcd70,  free space=1015k
Native frames: (J=compiled Java code, j=interpreted, Vv=VM code, C=native code)
V  [libjvm.so+0xee9791]  VMError::report_and_die(int, char const*, char const*, __va_list_tag*, Thread*, unsigned char*, void*, void*, char const*, int, unsigned long)+0x1a1
V  [libjvm.so+0xeea37d]  VMError::report_and_die(Thread*, char const*, int, unsigned long, VMErrorType, char const*, __va_list_tag*)+0x2d
V  [libjvm.so+0x60921c]  report_vm_out_of_memory(char const*, int, unsigned long, VMErrorType, char const*, ...)+0xdc
V  [libjvm.so+0xc26ba8]  os::pd_commit_memory_or_exit(char*, unsigned long, unsigned long, bool, char const*)+0xd8
V  [libjvm.so+0xc205ad]  os::commit_memory_or_exit(char*, unsigned long, unsigned long, bool, char const*)+0x1d
V  [libjvm.so+0x73769e]  G1PageBasedVirtualSpace::commit(unsigned long, unsigned long)+0x18e
V  [libjvm.so+0x74bf61]  G1RegionsLargerThanCommitSizeMapper::commit_regions(unsigned int, unsigned long, WorkGang*)+0x1a1
V  [libjvm.so+0x7de418]  HeapRegionManager::commit_regions(unsigned int, unsigned long, WorkGang*)+0x58
V  [libjvm.so+0x7e0262]  HeapRegionManager::expand(unsigned int, unsigned int, WorkGang*)+0x32
V  [libjvm.so+0x7e048e]  HeapRegionManager::expand_by(unsigned int, WorkGang*)+0x7e
V  [libjvm.so+0x6f0fbf]  G1CollectedHeap::expand(unsigned long, WorkGang*, double*)+0xef
V  [libjvm.so+0x6f5291]  G1CollectedHeap::do_collection_pause_at_safepoint_helper(double)+0x9a1
V  [libjvm.so+0x6f53e1]  G1CollectedHeap::do_collection_pause_at_safepoint(double)+0x31
V  [libjvm.so+0x770487]  VM_G1CollectForAllocation::doit()+0x47
V  [libjvm.so+0xeeecbe]  VM_Operation::evaluate()+0xee
V  [libjvm.so+0xef0674]  VMThread::evaluate_operation(VM_Operation*)+0xf4
V  [libjvm.so+0xef0bd4]  VMThread::inner_execute(VM_Operation*)+0x1d4
V  [libjvm.so+0xef0ebf]  VMThread::run()+0xbf
V  [libjvm.so+0xe6c2ca]  Thread::call_run()+0xaa
V  [libjvm.so+0xc29413]  thread_native_entry(Thread*)+0xe3

VM_Operation (0x00007f47fedfb6c0): G1CollectForAllocation, mode: safepoint, requested by thread 0x00007f48bc481250


---------------  P R O C E S S  ---------------

Threads class SMR info:
_java_thread_list=0x00007f47a0004940, length=12, elements={
0x00007f48bc032990, 0x00007f48bc212cf0, 0x00007f48bc2140d0, 0x00007f48bc2187a0,
0x00007f48bc219b50, 0x00007f48bc21af60, 0x00007f48bc21c990, 0x00007f48bc21dec0,
0x00007f48bc21ef40, 0x00007f48bc22b950, 0x00007f48bc25c5c0, 0x00007f48bc481250
}

Java Threads: ( => current thread )
  0x00007f48bc032990 JavaThread "main" [_thread_blocked, id=696983, stack(0x00007f48c2201000,0x00007f48c2302000)]
  0x00007f48bc212cf0 JavaThread "Reference Handler" daemon [_thread_blocked, id=697070, stack(0x00007f484c8fe000,0x00007f484c9fe000)]
  0x00007f48bc2140d0 JavaThread "Finalizer" daemon [_thread_blocked, id=697075, stack(0x00007f484c7fd000,0x00007f484c8fd000)]
  0x00007f48bc2187a0 JavaThread "Signal Dispatcher" daemon [_thread_blocked, id=697076, stack(0x00007f484c6fc000,0x00007f484c7fc000)]
  0x00007f48bc219b50 JavaThread "Service Thread" daemon [_thread_blocked, id=697077, stack(0x00007f484c5fb000,0x00007f484c6fb000)]
  0x00007f48bc21af60 JavaThread "Monitor Deflation Thread" daemon [_thread_blocked, id=697078, stack(0x00007f484c4fa000,0x00007f484c5fa000)]
  0x00007f48bc21c990 JavaThread "C2 CompilerThread0" daemon [_thread_blocked, id=697079, stack(0x00007f484c3f9000,0x00007f484c4f9000)]
  0x00007f48bc21dec0 JavaThread "C1 CompilerThread0" daemon [_thread_blocked, id=697080, stack(0x00007f484c2f8000,0x00007f484c3f8000)]
  0x00007f48bc21ef40 JavaThread "Sweeper thread" daemon [_thread_blocked, id=697081, stack(0x00007f484c1f7000,0x00007f484c2f7000)]
  0x00007f48bc22b950 JavaThread "Common-Cleaner" daemon [_thread_blocked, id=697084, stack(0x00007f484c0f6000,0x00007f484c1f6000)]
  0x00007f48bc25c5c0 JavaThread "Notification Thread" daemon [_thread_blocked, id=697090, stack(0x00007f47feafc000,0x00007f47febfc000)]
  0x00007f48bc481250 JavaThread "mutationTestThread" daemon [_thread_blocked, id=709081, stack(0x00007f47fecfe000,0x00007f47fedfe000)]

Other Threads:
=>0x00007f48bc20ec30 VMThread "VM Thread" [stack: 0x00007f484c9ff000,0x00007f484caff000] [id=697063]
  0x00007f48bc25de20 WatcherThread [stack: 0x00007f47fe8fa000,0x00007f47fe9fa000] [id=697092]
  0x00007f48bc0680c0 GCTaskThread "GC Thread#0" [stack: 0x00007f485c358000,0x00007f485c458000] [id=696984]
  0x00007f47f800c560 GCTaskThread "GC Thread#1" [stack: 0x00007f47febfd000,0x00007f47fecfd000] [id=698457]
  0x00007f47f800cb30 GCTaskThread "GC Thread#2" [stack: 0x00007f47fe9fb000,0x00007f47feafb000] [id=698465]
  0x00007f47f800d090 GCTaskThread "GC Thread#3" [stack: 0x00007f47fe7f9000,0x00007f47fe8f9000] [id=698509]
  0x00007f47f800d6b0 GCTaskThread "GC Thread#4" [stack: 0x00007f47fe6f8000,0x00007f47fe7f8000] [id=698510]
  0x00007f47f800dcd0 GCTaskThread "GC Thread#5" [stack: 0x00007f47fe2f4000,0x00007f47fe3f4000] [id=698511]
  0x00007f47f800e550 GCTaskThread "GC Thread#6" [stack: 0x00007f47fe1f3000,0x00007f47fe2f3000] [id=698533]
  0x00007f47f800ee10 GCTaskThread "GC Thread#7" [stack: 0x00007f47fe0f2000,0x00007f47fe1f2000] [id=698536]
  0x00007f47f800f6d0 GCTaskThread "GC Thread#8" [stack: 0x00007f47fdff1000,0x00007f47fe0f1000] [id=698537]
  0x00007f47f800ff90 GCTaskThread "GC Thread#9" [stack: 0x00007f47fdef0000,0x00007f47fdff0000] [id=698540]
  0x00007f47f8010a10 GCTaskThread "GC Thread#10" [stack: 0x00007f47fddef000,0x00007f47fdeef000] [id=698549]
  0x00007f47f8011490 GCTaskThread "GC Thread#11" [stack: 0x00007f47fdcee000,0x00007f47fddee000] [id=698566]
  0x00007f47f8011f10 GCTaskThread "GC Thread#12" [stack: 0x00007f47fdbed000,0x00007f47fdced000] [id=698568]
  0x00007f47f8012990 GCTaskThread "GC Thread#13" [stack: 0x00007f47fdaec000,0x00007f47fdbec000] [id=698569]
  0x00007f47f8013410 GCTaskThread "GC Thread#14" [stack: 0x00007f47fd9eb000,0x00007f47fdaeb000] [id=698570]
  0x00007f47f8013e90 GCTaskThread "GC Thread#15" [stack: 0x00007f47fd8ea000,0x00007f47fd9ea000] [id=698571]
  0x00007f47f8014910 GCTaskThread "GC Thread#16" [stack: 0x00007f47fd7e9000,0x00007f47fd8e9000] [id=698602]
  0x00007f47f8015390 GCTaskThread "GC Thread#17" [stack: 0x00007f47fd6e8000,0x00007f47fd7e8000] [id=698604]
  0x00007f48bc0786e0 ConcurrentGCThread "G1 Main Marker" [stack: 0x00007f485c257000,0x00007f485c357000] [id=696999]
  0x00007f48bc079660 ConcurrentGCThread "G1 Conc#0" [stack: 0x00007f485c156000,0x00007f485c256000] [id=697001]
  0x00007f48bc1dc910 ConcurrentGCThread "G1 Refine#0" [stack: 0x00007f484cdef000,0x00007f484ceef000] [id=697002]
  0x00007f484800f000 ConcurrentGCThread "G1 Refine#1" [stack: 0x00007f47fef00000,0x00007f47ff000000] [id=709776]
  0x00007f47c86493a0 ConcurrentGCThread "G1 Refine#2" [stack: 0x00007f47fe5f7000,0x00007f47fe6f7000] [id=710173]
  0x00007f47b800c560 ConcurrentGCThread "G1 Refine#3" [stack: 0x00007f47fedff000,0x00007f47feeff000] [id=710174]
  0x00007f47ac037bf0 ConcurrentGCThread "G1 Refine#4" [stack: 0x00007f47fd5e7000,0x00007f47fd6e7000] [id=710194]
  0x00007f4768000c60 ConcurrentGCThread "G1 Refine#5" [stack: 0x00007f47fd4e6000,0x00007f47fd5e6000] [id=710195]
  0x00007f48bc1dd810 ConcurrentGCThread "G1 Service" [stack: 0x00007f484ccee000,0x00007f484cdee000] [id=697003]

Threads with active compile tasks:

VM state: at safepoint (normal execution)

VM Mutex/Monitor currently owned by a thread:  ([mutex/lock_event])
[0x00007f48bc02e1c0] Threads_lock - owner thread: 0x00007f48bc20ec30
[0x00007f48bc02e970] Heap_lock - owner thread: 0x00007f48bc481250

Heap address: 0x0000000082000000, size: 30688 MB, Compressed Oops mode: Zero based, Oop shift amount: 3

CDS archive(s) mapped at: [0x00007f47ff000000-0x00007f47ffbc9000-0x00007f47ffbc9000), size 12357632, SharedBaseAddress: 0x00007f47ff000000, ArchiveRelocationMode: 1.
Compressed class space mapped at: 0x00007f4800000000-0x00007f4840000000, reserved size: 1073741824
Narrow klass base: 0x00007f47ff000000, Narrow klass shift: 0, Narrow klass range: 0x100000000

GC Precious Log:
 CPUs: 96 total, 24 available
 Memory: 512G
 Large Page Support: Disabled
 NUMA Support: Disabled
 Compressed Oops: Enabled (Zero based)
 Heap Region Size: 16M
 Heap Min Capacity: 16M
 Heap Initial Capacity: 2G
 Heap Max Capacity: 30688M
 Pre-touch: Disabled
 Parallel Workers: 18
 Concurrent Workers: 5
 Concurrent Refinement Workers: 18
 Periodic GC: Disabled

Heap:
 garbage-first heap   total 13402112K, used 4800436K [0x0000000082000000, 0x0000000800000000)
  region size 16384K, 11 young (180224K), 11 survivors (180224K)
 Metaspace       used 8682K, committed 9024K, reserved 1114112K
  class space    used 902K, committed 1088K, reserved 1048576K

Heap Regions: E=young(eden), S=young(survivor), O=old, HS=humongous(starts), HC=humongous(continues), CS=collection set, F=free, OA=open archive, CA=closed archive, TAMS=top-at-mark-start (previous, next)
|   0|0x0000000082000000, 0x0000000083000000, 0x0000000083000000|100%| O|  |TAMS 0x0000000082000000, 0x0000000082000000| Untracked 
|   1|0x0000000083000000, 0x0000000084000000, 0x0000000084000000|100%| O|  |TAMS 0x0000000083000000, 0x0000000083000000| Untracked 
|   2|0x0000000084000000, 0x0000000085000000, 0x0000000085000000|100%|HS|  |TAMS 0x0000000084000000, 0x0000000084000000| Complete 
|   3|0x0000000085000000, 0x0000000086000000, 0x0000000086000000|100%|HS|  |TAMS 0x0000000085000000, 0x0000000085000000| Complete 
|   4|0x0000000086000000, 0x0000000087000000, 0x0000000087000000|100%| O|  |TAMS 0x0000000086000000, 0x0000000086000000| Untracked 
|   5|0x0000000087000000, 0x0000000088000000, 0x0000000088000000|100%| O|  |TAMS 0x0000000087000000, 0x0000000087000000| Untracked 
|   6|0x0000000088000000, 0x0000000089000000, 0x0000000089000000|100%| O|  |TAMS 0x0000000088000000, 0x0000000088000000| Untracked 
|   7|0x0000000089000000, 0x000000008a000000, 0x000000008a000000|100%| O|  |TAMS 0x0000000089000000, 0x0000000089000000| Untracked 
|   8|0x000000008a000000, 0x000000008b000000, 0x000000008b000000|100%| O|  |TAMS 0x000000008a000000, 0x000000008a000000| Untracked 
|   9|0x000000008b000000, 0x000000008c000000, 0x000000008c000000|100%| O|  |TAMS 0x000000008b000000, 0x000000008b000000| Untracked 
|  10|0x000000008c000000, 0x000000008d000000, 0x000000008d000000|100%| O|  |TAMS 0x000000008c000000, 0x000000008c000000| Untracked 
|  11|0x000000008d000000, 0x000000008e000000, 0x000000008e000000|100%| O|  |TAMS 0x000000008d000000, 0x000000008d000000| Untracked 
|  12|0x000000008e000000, 0x000000008f000000, 0x000000008f000000|100%| O|  |TAMS 0x000000008e000000, 0x000000008e000000| Untracked 
|  13|0x000000008f000000, 0x0000000090000000, 0x0000000090000000|100%| O|  |TAMS 0x000000008f000000, 0x000000008f000000| Untracked 
|  14|0x0000000090000000, 0x0000000091000000, 0x0000000091000000|100%| O|  |TAMS 0x0000000090000000, 0x0000000090000000| Untracked 
|  15|0x0000000091000000, 0x0000000092000000, 0x0000000092000000|100%| O|  |TAMS 0x0000000091000000, 0x0000000091000000| Untracked 
|  16|0x0000000092000000, 0x0000000093000000, 0x0000000093000000|100%| O|  |TAMS 0x0000000092000000, 0x0000000092000000| Untracked 
|  17|0x0000000093000000, 0x0000000094000000, 0x0000000094000000|100%| O|  |TAMS 0x0000000093000000, 0x0000000093000000| Untracked 
|  18|0x0000000094000000, 0x0000000095000000, 0x0000000095000000|100%| O|  |TAMS 0x0000000094000000, 0x0000000094000000| Untracked 
|  19|0x0000000095000000, 0x0000000096000000, 0x0000000096000000|100%| O|  |TAMS 0x0000000095000000, 0x0000000095000000| Untracked 
|  20|0x0000000096000000, 0x0000000097000000, 0x0000000097000000|100%| O|  |TAMS 0x0000000096000000, 0x0000000096000000| Untracked 
|  21|0x0000000097000000, 0x0000000098000000, 0x0000000098000000|100%| O|  |TAMS 0x0000000097000000, 0x0000000097000000| Untracked 
|  22|0x0000000098000000, 0x0000000099000000, 0x0000000099000000|100%| O|  |TAMS 0x0000000098000000, 0x0000000098000000| Untracked 
|  23|0x0000000099000000, 0x000000009a000000, 0x000000009a000000|100%| O|  |TAMS 0x0000000099000000, 0x0000000099000000| Untracked 
|  24|0x000000009a000000, 0x000000009b000000, 0x000000009b000000|100%| O|  |TAMS 0x000000009a000000, 0x000000009a000000| Untracked 
|  25|0x000000009b000000, 0x000000009c000000, 0x000000009c000000|100%| O|  |TAMS 0x000000009b000000, 0x000000009b000000| Untracked 
|  26|0x000000009c000000, 0x000000009d000000, 0x000000009d000000|100%| O|  |TAMS 0x000000009c000000, 0x000000009c000000| Untracked 
|  27|0x000000009d000000, 0x000000009e000000, 0x000000009e000000|100%|HS|  |TAMS 0x000000009d000000, 0x000000009d000000| Complete 
|  28|0x000000009e000000, 0x000000009f000000, 0x000000009f000000|100%|HC|  |TAMS 0x000000009e000000, 0x000000009e000000| Complete 
|  29|0x000000009f000000, 0x00000000a0000000, 0x00000000a0000000|100%| O|  |TAMS 0x000000009f000000, 0x000000009f000000| Untracked 
|  30|0x00000000a0000000, 0x00000000a1000000, 0x00000000a1000000|100%| O|  |TAMS 0x00000000a0000000, 0x00000000a0000000| Untracked 
|  31|0x00000000a1000000, 0x00000000a2000000, 0x00000000a2000000|100%| O|  |TAMS 0x00000000a1000000, 0x00000000a1000000| Untracked 
|  32|0x00000000a2000000, 0x00000000a3000000, 0x00000000a3000000|100%| O|  |TAMS 0x00000000a2000000, 0x00000000a2000000| Untracked 
|  33|0x00000000a3000000, 0x00000000a4000000, 0x00000000a4000000|100%| O|  |TAMS 0x00000000a3000000, 0x00000000a3000000| Untracked 
|  34|0x00000000a4000000, 0x00000000a5000000, 0x00000000a5000000|100%| O|  |TAMS 0x00000000a4000000, 0x00000000a4000000| Untracked 
|  35|0x00000000a5000000, 0x00000000a6000000, 0x00000000a6000000|100%| O|  |TAMS 0x00000000a5000000, 0x00000000a5000000| Untracked 
|  36|0x00000000a6000000, 0x00000000a7000000, 0x00000000a7000000|100%| O|  |TAMS 0x00000000a6000000, 0x00000000a6000000| Untracked 
|  37|0x00000000a7000000, 0x00000000a8000000, 0x00000000a8000000|100%| O|  |TAMS 0x00000000a7000000, 0x00000000a7000000| Untracked 
|  38|0x00000000a8000000, 0x00000000a9000000, 0x00000000a9000000|100%| O|  |TAMS 0x00000000a8000000, 0x00000000a8000000| Untracked 
|  39|0x00000000a9000000, 0x00000000aa000000, 0x00000000aa000000|100%| O|  |TAMS 0x00000000a9000000, 0x00000000a9000000| Untracked 
|  40|0x00000000aa000000, 0x00000000ab000000, 0x00000000ab000000|100%| O|  |TAMS 0x00000000aa000000, 0x00000000aa000000| Untracked 
|  41|0x00000000ab000000, 0x00000000ac000000, 0x00000000ac000000|100%| O|  |TAMS 0x00000000ab000000, 0x00000000ab000000| Untracked 
|  42|0x00000000ac000000, 0x00000000ad000000, 0x00000000ad000000|100%| O|  |TAMS 0x00000000ac000000, 0x00000000ac000000| Untracked 
|  43|0x00000000ad000000, 0x00000000ae000000, 0x00000000ae000000|100%| O|  |TAMS 0x00000000ad000000, 0x00000000ad000000| Untracked 
|  44|0x00000000ae000000, 0x00000000af000000, 0x00000000af000000|100%| O|  |TAMS 0x00000000ae000000, 0x00000000ae000000| Untracked 
|  45|0x00000000af000000, 0x00000000b0000000, 0x00000000b0000000|100%| O|  |TAMS 0x00000000af000000, 0x00000000af000000| Untracked 
|  46|0x00000000b0000000, 0x00000000b1000000, 0x00000000b1000000|100%| O|  |TAMS 0x00000000b0000000, 0x00000000b0000000| Untracked 
|  47|0x00000000b1000000, 0x00000000b2000000, 0x00000000b2000000|100%| O|  |TAMS 0x00000000b1000000, 0x00000000b1000000| Untracked 
|  48|0x00000000b2000000, 0x00000000b3000000, 0x00000000b3000000|100%| O|  |TAMS 0x00000000b2000000, 0x00000000b2000000| Untracked 
|  49|0x00000000b3000000, 0x00000000b4000000, 0x00000000b4000000|100%| O|  |TAMS 0x00000000b3000000, 0x00000000b3000000| Untracked 
|  50|0x00000000b4000000, 0x00000000b5000000, 0x00000000b5000000|100%| O|  |TAMS 0x00000000b4000000, 0x00000000b4000000| Untracked 
|  51|0x00000000b5000000, 0x00000000b6000000, 0x00000000b6000000|100%| O|  |TAMS 0x00000000b5000000, 0x00000000b5000000| Untracked 
|  52|0x00000000b6000000, 0x00000000b7000000, 0x00000000b7000000|100%| O|  |TAMS 0x00000000b6000000, 0x00000000b6000000| Untracked 
|  53|0x00000000b7000000, 0x00000000b8000000, 0x00000000b8000000|100%| O|  |TAMS 0x00000000b7000000, 0x00000000b7000000| Untracked 
|  54|0x00000000b8000000, 0x00000000b9000000, 0x00000000b9000000|100%| O|  |TAMS 0x00000000b8000000, 0x00000000b8000000| Untracked 
|  55|0x00000000b9000000, 0x00000000ba000000, 0x00000000ba000000|100%| O|  |TAMS 0x00000000b9000000, 0x00000000b9000000| Untracked 
|  56|0x00000000ba000000, 0x00000000bb000000, 0x00000000bb000000|100%| O|  |TAMS 0x00000000ba000000, 0x00000000ba000000| Untracked 
|  57|0x00000000bb000000, 0x00000000bc000000, 0x00000000bc000000|100%| O|  |TAMS 0x00000000bb000000, 0x00000000bb000000| Untracked 
|  58|0x00000000bc000000, 0x00000000bd000000, 0x00000000bd000000|100%|HS|  |TAMS 0x00000000bc000000, 0x00000000bc000000| Complete 
|  59|0x00000000bd000000, 0x00000000be000000, 0x00000000be000000|100%|HC|  |TAMS 0x00000000bd000000, 0x00000000bd000000| Complete 
|  60|0x00000000be000000, 0x00000000bf000000, 0x00000000bf000000|100%|HC|  |TAMS 0x00000000be000000, 0x00000000be000000| Complete 
|  61|0x00000000bf000000, 0x00000000c0000000, 0x00000000c0000000|100%| O|  |TAMS 0x00000000bf000000, 0x00000000bf000000| Untracked 
|  62|0x00000000c0000000, 0x00000000c1000000, 0x00000000c1000000|100%| O|  |TAMS 0x00000000c0000000, 0x00000000c0000000| Untracked 
|  63|0x00000000c1000000, 0x00000000c2000000, 0x00000000c2000000|100%| O|  |TAMS 0x00000000c1000000, 0x00000000c1000000| Untracked 
|  64|0x00000000c2000000, 0x00000000c3000000, 0x00000000c3000000|100%| O|  |TAMS 0x00000000c2000000, 0x00000000c2000000| Untracked 
|  65|0x00000000c3000000, 0x00000000c4000000, 0x00000000c4000000|100%| O|  |TAMS 0x00000000c3000000, 0x00000000c3000000| Untracked 
|  66|0x00000000c4000000, 0x00000000c5000000, 0x00000000c5000000|100%| O|  |TAMS 0x00000000c4000000, 0x00000000c4000000| Untracked 
|  67|0x00000000c5000000, 0x00000000c6000000, 0x00000000c6000000|100%| O|  |TAMS 0x00000000c5000000, 0x00000000c5000000| Untracked 
|  68|0x00000000c6000000, 0x00000000c7000000, 0x00000000c7000000|100%| O|  |TAMS 0x00000000c6000000, 0x00000000c6000000| Untracked 
|  69|0x00000000c7000000, 0x00000000c8000000, 0x00000000c8000000|100%| O|  |TAMS 0x00000000c7000000, 0x00000000c7000000| Untracked 
|  70|0x00000000c8000000, 0x00000000c9000000, 0x00000000c9000000|100%| O|  |TAMS 0x00000000c8000000, 0x00000000c8000000| Untracked 
|  71|0x00000000c9000000, 0x00000000ca000000, 0x00000000ca000000|100%| O|  |TAMS 0x00000000c9000000, 0x00000000c9000000| Untracked 
|  72|0x00000000ca000000, 0x00000000cb000000, 0x00000000cb000000|100%| O|  |TAMS 0x00000000ca000000, 0x00000000ca000000| Untracked 
|  73|0x00000000cb000000, 0x00000000cc000000, 0x00000000cc000000|100%| O|  |TAMS 0x00000000cb000000, 0x00000000cb000000| Untracked 
|  74|0x00000000cc000000, 0x00000000cd000000, 0x00000000cd000000|100%| O|  |TAMS 0x00000000cc000000, 0x00000000cc000000| Untracked 
|  75|0x00000000cd000000, 0x00000000ce000000, 0x00000000ce000000|100%| O|  |TAMS 0x00000000cd000000, 0x00000000cd000000| Untracked 
|  76|0x00000000ce000000, 0x00000000cf000000, 0x00000000cf000000|100%| O|  |TAMS 0x00000000ce000000, 0x00000000ce000000| Untracked 
|  77|0x00000000cf000000, 0x00000000d0000000, 0x00000000d0000000|100%| O|  |TAMS 0x00000000cf000000, 0x00000000cf000000| Untracked 
|  78|0x00000000d0000000, 0x00000000d1000000, 0x00000000d1000000|100%| O|  |TAMS 0x00000000d0000000, 0x00000000d0000000| Untracked 
|  79|0x00000000d1000000, 0x00000000d2000000, 0x00000000d2000000|100%| O|  |TAMS 0x00000000d1000000, 0x00000000d1000000| Untracked 
|  80|0x00000000d2000000, 0x00000000d3000000, 0x00000000d3000000|100%| O|  |TAMS 0x00000000d2000000, 0x00000000d2000000| Untracked 
|  81|0x00000000d3000000, 0x00000000d4000000, 0x00000000d4000000|100%| O|  |TAMS 0x00000000d3000000, 0x00000000d3000000| Untracked 
|  82|0x00000000d4000000, 0x00000000d5000000, 0x00000000d5000000|100%| O|  |TAMS 0x00000000d4000000, 0x00000000d4000000| Untracked 
|  83|0x00000000d5000000, 0x00000000d6000000, 0x00000000d6000000|100%| O|  |TAMS 0x00000000d5000000, 0x00000000d5000000| Untracked 
|  84|0x00000000d6000000, 0x00000000d7000000, 0x00000000d7000000|100%| O|  |TAMS 0x00000000d6000000, 0x00000000d6000000| Untracked 
|  85|0x00000000d7000000, 0x00000000d8000000, 0x00000000d8000000|100%| O|  |TAMS 0x00000000d7000000, 0x00000000d7000000| Untracked 
|  86|0x00000000d8000000, 0x00000000d9000000, 0x00000000d9000000|100%| O|  |TAMS 0x00000000d8000000, 0x00000000d8000000| Untracked 
|  87|0x00000000d9000000, 0x00000000da000000, 0x00000000da000000|100%| O|  |TAMS 0x00000000d9000000, 0x00000000d9000000| Untracked 
|  88|0x00000000da000000, 0x00000000db000000, 0x00000000db000000|100%| O|  |TAMS 0x00000000da000000, 0x00000000da000000| Untracked 
|  89|0x00000000db000000, 0x00000000dc000000, 0x00000000dc000000|100%| O|  |TAMS 0x00000000db000000, 0x00000000db000000| Untracked 
|  90|0x00000000dc000000, 0x00000000dd000000, 0x00000000dd000000|100%| O|  |TAMS 0x00000000dc000000, 0x00000000dc000000| Untracked 
|  91|0x00000000dd000000, 0x00000000de000000, 0x00000000de000000|100%| O|  |TAMS 0x00000000dd000000, 0x00000000dd000000| Untracked 
|  92|0x00000000de000000, 0x00000000df000000, 0x00000000df000000|100%| O|  |TAMS 0x00000000de000000, 0x00000000de000000| Untracked 
|  93|0x00000000df000000, 0x00000000e0000000, 0x00000000e0000000|100%| O|  |TAMS 0x00000000df000000, 0x00000000df000000| Untracked 
|  94|0x00000000e0000000, 0x00000000e1000000, 0x00000000e1000000|100%|HS|  |TAMS 0x00000000e0000000, 0x00000000e0000000| Complete 
|  95|0x00000000e1000000, 0x00000000e2000000, 0x00000000e2000000|100%|HC|  |TAMS 0x00000000e1000000, 0x00000000e1000000| Complete 
|  96|0x00000000e2000000, 0x00000000e3000000, 0x00000000e3000000|100%|HC|  |TAMS 0x00000000e2000000, 0x00000000e2000000| Complete 
|  97|0x00000000e3000000, 0x00000000e4000000, 0x00000000e4000000|100%|HC|  |TAMS 0x00000000e3000000, 0x00000000e3000000| Complete 
|  98|0x00000000e4000000, 0x00000000e5000000, 0x00000000e5000000|100%| O|  |TAMS 0x00000000e4000000, 0x00000000e4000000| Untracked 
|  99|0x00000000e5000000, 0x00000000e6000000, 0x00000000e6000000|100%| O|  |TAMS 0x00000000e5000000, 0x00000000e5000000| Untracked 
| 100|0x00000000e6000000, 0x00000000e7000000, 0x00000000e7000000|100%| O|  |TAMS 0x00000000e6000000, 0x00000000e6000000| Untracked 
| 101|0x00000000e7000000, 0x00000000e8000000, 0x00000000e8000000|100%| O|  |TAMS 0x00000000e7000000, 0x00000000e7000000| Untracked 
| 102|0x00000000e8000000, 0x00000000e9000000, 0x00000000e9000000|100%| O|  |TAMS 0x00000000e8000000, 0x00000000e8000000| Untracked 
| 103|0x00000000e9000000, 0x00000000ea000000, 0x00000000ea000000|100%| O|  |TAMS 0x00000000e9000000, 0x00000000e9000000| Untracked 
| 104|0x00000000ea000000, 0x00000000eb000000, 0x00000000eb000000|100%| O|  |TAMS 0x00000000ea000000, 0x00000000ea000000| Untracked 
| 105|0x00000000eb000000, 0x00000000ec000000, 0x00000000ec000000|100%| O|  |TAMS 0x00000000eb000000, 0x00000000eb000000| Untracked 
| 106|0x00000000ec000000, 0x00000000ed000000, 0x00000000ed000000|100%| O|  |TAMS 0x00000000ec000000, 0x00000000ec000000| Untracked 
| 107|0x00000000ed000000, 0x00000000ee000000, 0x00000000ee000000|100%| O|  |TAMS 0x00000000ed000000, 0x00000000ed000000| Untracked 
| 108|0x00000000ee000000, 0x00000000ef000000, 0x00000000ef000000|100%| O|  |TAMS 0x00000000ee000000, 0x00000000ee000000| Untracked 
| 109|0x00000000ef000000, 0x00000000f0000000, 0x00000000f0000000|100%| O|  |TAMS 0x00000000ef000000, 0x00000000ef000000| Untracked 
| 110|0x00000000f0000000, 0x00000000f1000000, 0x00000000f1000000|100%| O|  |TAMS 0x00000000f0000000, 0x00000000f0000000| Untracked 
| 111|0x00000000f1000000, 0x00000000f2000000, 0x00000000f2000000|100%| O|  |TAMS 0x00000000f1000000, 0x00000000f1000000| Untracked 
| 112|0x00000000f2000000, 0x00000000f3000000, 0x00000000f3000000|100%| O|  |TAMS 0x00000000f2000000, 0x00000000f2000000| Untracked 
| 113|0x00000000f3000000, 0x00000000f4000000, 0x00000000f4000000|100%| O|  |TAMS 0x00000000f3000000, 0x00000000f3000000| Untracked 
| 114|0x00000000f4000000, 0x00000000f5000000, 0x00000000f5000000|100%| O|  |TAMS 0x00000000f4000000, 0x00000000f4000000| Untracked 
| 115|0x00000000f5000000, 0x00000000f6000000, 0x00000000f6000000|100%| O|  |TAMS 0x00000000f5000000, 0x00000000f5000000| Untracked 
| 116|0x00000000f6000000, 0x00000000f7000000, 0x00000000f7000000|100%| O|  |TAMS 0x00000000f6000000, 0x00000000f6000000| Untracked 
| 117|0x00000000f7000000, 0x00000000f8000000, 0x00000000f8000000|100%| O|  |TAMS 0x00000000f7000000, 0x00000000f7000000| Untracked 
| 118|0x00000000f8000000, 0x00000000f9000000, 0x00000000f9000000|100%| O|  |TAMS 0x00000000f8000000, 0x00000000f8000000| Untracked 
| 119|0x00000000f9000000, 0x00000000fa000000, 0x00000000fa000000|100%| O|  |TAMS 0x00000000f9000000, 0x00000000f9000000| Untracked 
| 120|0x00000000fa000000, 0x00000000fb000000, 0x00000000fb000000|100%| O|  |TAMS 0x00000000fa000000, 0x00000000fa000000| Untracked 
| 121|0x00000000fb000000, 0x00000000fc000000, 0x00000000fc000000|100%| O|  |TAMS 0x00000000fb000000, 0x00000000fb000000| Untracked 
| 122|0x00000000fc000000, 0x00000000fd000000, 0x00000000fd000000|100%| O|  |TAMS 0x00000000fc000000, 0x00000000fc000000| Untracked 
| 123|0x00000000fd000000, 0x00000000fe000000, 0x00000000fe000000|100%| O|  |TAMS 0x00000000fd000000, 0x00000000fd000000| Untracked 
| 124|0x00000000fe000000, 0x00000000ff000000, 0x00000000ff000000|100%| O|  |TAMS 0x00000000fe000000, 0x00000000fe000000| Untracked 
| 125|0x00000000ff000000, 0x0000000100000000, 0x0000000100000000|100%| O|  |TAMS 0x00000000ff000000, 0x00000000ff000000| Untracked 
| 126|0x0000000100000000, 0x0000000101000000, 0x0000000101000000|100%| O|  |TAMS 0x0000000100000000, 0x0000000100000000| Untracked 
| 127|0x0000000101000000, 0x0000000102000000, 0x0000000102000000|100%| O|  |TAMS 0x0000000101000000, 0x0000000101000000| Untracked 
| 128|0x0000000102000000, 0x0000000103000000, 0x0000000103000000|100%| O|  |TAMS 0x0000000102000000, 0x0000000102000000| Untracked 
| 129|0x0000000103000000, 0x0000000104000000, 0x0000000104000000|100%| O|  |TAMS 0x0000000103000000, 0x0000000103000000| Untracked 
| 130|0x0000000104000000, 0x0000000105000000, 0x0000000105000000|100%| O|  |TAMS 0x0000000104000000, 0x0000000104000000| Untracked 
| 131|0x0000000105000000, 0x0000000106000000, 0x0000000106000000|100%| O|  |TAMS 0x0000000105000000, 0x0000000105000000| Untracked 
| 132|0x0000000106000000, 0x0000000107000000, 0x0000000107000000|100%| O|  |TAMS 0x0000000106000000, 0x0000000106000000| Untracked 
| 133|0x0000000107000000, 0x0000000108000000, 0x0000000108000000|100%| O|  |TAMS 0x0000000107000000, 0x0000000107000000| Untracked 
| 134|0x0000000108000000, 0x0000000109000000, 0x0000000109000000|100%| O|  |TAMS 0x0000000108000000, 0x0000000108000000| Untracked 
| 135|0x0000000109000000, 0x000000010a000000, 0x000000010a000000|100%| O|  |TAMS 0x0000000109000000, 0x0000000109000000| Untracked 
| 136|0x000000010a000000, 0x000000010b000000, 0x000000010b000000|100%| O|  |TAMS 0x000000010a000000, 0x000000010a000000| Untracked 
| 137|0x000000010b000000, 0x000000010c000000, 0x000000010c000000|100%| O|  |TAMS 0x000000010b000000, 0x000000010b000000| Untracked 
| 138|0x000000010c000000, 0x000000010d000000, 0x000000010d000000|100%| O|  |TAMS 0x000000010c000000, 0x000000010c000000| Untracked 
| 139|0x000000010d000000, 0x000000010e000000, 0x000000010e000000|100%| O|  |TAMS 0x000000010d000000, 0x000000010d000000| Untracked 
| 140|0x000000010e000000, 0x000000010f000000, 0x000000010f000000|100%|HS|  |TAMS 0x000000010e000000, 0x000000010e000000| Complete 
| 141|0x000000010f000000, 0x0000000110000000, 0x0000000110000000|100%|HC|  |TAMS 0x000000010f000000, 0x000000010f000000| Complete 
| 142|0x0000000110000000, 0x0000000111000000, 0x0000000111000000|100%|HC|  |TAMS 0x0000000110000000, 0x0000000110000000| Complete 
| 143|0x0000000111000000, 0x0000000112000000, 0x0000000112000000|100%|HC|  |TAMS 0x0000000111000000, 0x0000000111000000| Complete 
| 144|0x0000000112000000, 0x0000000113000000, 0x0000000113000000|100%|HC|  |TAMS 0x0000000112000000, 0x0000000112000000| Complete 
| 145|0x0000000113000000, 0x0000000114000000, 0x0000000114000000|100%| O|  |TAMS 0x0000000113000000, 0x0000000113000000| Untracked 
| 146|0x0000000114000000, 0x0000000115000000, 0x0000000115000000|100%| O|  |TAMS 0x0000000114000000, 0x0000000114000000| Untracked 
| 147|0x0000000115000000, 0x0000000116000000, 0x0000000116000000|100%| O|  |TAMS 0x0000000115000000, 0x0000000115000000| Untracked 
| 148|0x0000000116000000, 0x0000000117000000, 0x0000000117000000|100%| O|  |TAMS 0x0000000116000000, 0x0000000116000000| Untracked 
| 149|0x0000000117000000, 0x0000000118000000, 0x0000000118000000|100%| O|  |TAMS 0x0000000117000000, 0x0000000117000000| Untracked 
| 150|0x0000000118000000, 0x0000000119000000, 0x0000000119000000|100%| O|  |TAMS 0x0000000118000000, 0x0000000118000000| Untracked 
| 151|0x0000000119000000, 0x000000011a000000, 0x000000011a000000|100%| O|  |TAMS 0x0000000119000000, 0x0000000119000000| Untracked 
| 152|0x000000011a000000, 0x000000011b000000, 0x000000011b000000|100%| O|  |TAMS 0x000000011a000000, 0x000000011a000000| Untracked 
| 153|0x000000011b000000, 0x000000011c000000, 0x000000011c000000|100%| O|  |TAMS 0x000000011b000000, 0x000000011b000000| Untracked 
| 154|0x000000011c000000, 0x000000011d000000, 0x000000011d000000|100%| O|  |TAMS 0x000000011c000000, 0x000000011c000000| Untracked 
| 155|0x000000011d000000, 0x000000011e000000, 0x000000011e000000|100%| O|  |TAMS 0x000000011d000000, 0x000000011d000000| Untracked 
| 156|0x000000011e000000, 0x000000011f000000, 0x000000011f000000|100%| O|  |TAMS 0x000000011e000000, 0x000000011e000000| Untracked 
| 157|0x000000011f000000, 0x0000000120000000, 0x0000000120000000|100%| O|  |TAMS 0x000000011f000000, 0x000000011f000000| Untracked 
| 158|0x0000000120000000, 0x0000000121000000, 0x0000000121000000|100%| O|  |TAMS 0x0000000120000000, 0x0000000120000000| Untracked 
| 159|0x0000000121000000, 0x0000000122000000, 0x0000000122000000|100%| O|  |TAMS 0x0000000121000000, 0x0000000121000000| Untracked 
| 160|0x0000000122000000, 0x0000000123000000, 0x0000000123000000|100%| O|  |TAMS 0x0000000122000000, 0x0000000122000000| Untracked 
| 161|0x0000000123000000, 0x0000000124000000, 0x0000000124000000|100%| O|  |TAMS 0x0000000123000000, 0x0000000123000000| Untracked 
| 162|0x0000000124000000, 0x0000000125000000, 0x0000000125000000|100%| O|  |TAMS 0x0000000124000000, 0x0000000124000000| Untracked 
| 163|0x0000000125000000, 0x0000000126000000, 0x0000000126000000|100%| O|  |TAMS 0x0000000125000000, 0x0000000125000000| Untracked 
| 164|0x0000000126000000, 0x0000000127000000, 0x0000000127000000|100%| O|  |TAMS 0x0000000126000000, 0x0000000126000000| Untracked 
| 165|0x0000000127000000, 0x0000000128000000, 0x0000000128000000|100%| O|  |TAMS 0x0000000127000000, 0x0000000127000000| Untracked 
| 166|0x0000000128000000, 0x0000000129000000, 0x0000000129000000|100%| O|  |TAMS 0x0000000128000000, 0x0000000128000000| Untracked 
| 167|0x0000000129000000, 0x000000012a000000, 0x000000012a000000|100%| O|  |TAMS 0x0000000129000000, 0x0000000129000000| Untracked 
| 168|0x000000012a000000, 0x000000012b000000, 0x000000012b000000|100%| O|  |TAMS 0x000000012a000000, 0x000000012a000000| Untracked 
| 169|0x000000012b000000, 0x000000012c000000, 0x000000012c000000|100%| O|  |TAMS 0x000000012b000000, 0x000000012b000000| Untracked 
| 170|0x000000012c000000, 0x000000012d000000, 0x000000012d000000|100%| O|  |TAMS 0x000000012c000000, 0x000000012c000000| Untracked 
| 171|0x000000012d000000, 0x000000012e000000, 0x000000012e000000|100%| O|  |TAMS 0x000000012d000000, 0x000000012d000000| Untracked 
| 172|0x000000012e000000, 0x000000012f000000, 0x000000012f000000|100%| O|  |TAMS 0x000000012e000000, 0x000000012e000000| Untracked 
| 173|0x000000012f000000, 0x0000000130000000, 0x0000000130000000|100%| O|  |TAMS 0x000000012f000000, 0x000000012f000000| Untracked 
| 174|0x0000000130000000, 0x0000000131000000, 0x0000000131000000|100%| O|  |TAMS 0x0000000130000000, 0x0000000130000000| Untracked 
| 175|0x0000000131000000, 0x0000000132000000, 0x0000000132000000|100%| O|  |TAMS 0x0000000131000000, 0x0000000131000000| Untracked 
| 176|0x0000000132000000, 0x0000000133000000, 0x0000000133000000|100%| O|  |TAMS 0x0000000132000000, 0x0000000132000000| Untracked 
| 177|0x0000000133000000, 0x0000000134000000, 0x0000000134000000|100%| O|  |TAMS 0x0000000133000000, 0x0000000133000000| Untracked 
| 178|0x0000000134000000, 0x0000000135000000, 0x0000000135000000|100%| O|  |TAMS 0x0000000134000000, 0x0000000134000000| Untracked 
| 179|0x0000000135000000, 0x0000000136000000, 0x0000000136000000|100%| O|  |TAMS 0x0000000135000000, 0x0000000135000000| Untracked 
| 180|0x0000000136000000, 0x0000000137000000, 0x0000000137000000|100%| O|  |TAMS 0x0000000136000000, 0x0000000136000000| Untracked 
| 181|0x0000000137000000, 0x0000000138000000, 0x0000000138000000|100%| O|  |TAMS 0x0000000137000000, 0x0000000137000000| Untracked 
| 182|0x0000000138000000, 0x0000000139000000, 0x0000000139000000|100%| O|  |TAMS 0x0000000138000000, 0x0000000138000000| Untracked 
| 183|0x0000000139000000, 0x000000013a000000, 0x000000013a000000|100%| O|  |TAMS 0x0000000139000000, 0x0000000139000000| Untracked 
| 184|0x000000013a000000, 0x000000013b000000, 0x000000013b000000|100%| O|  |TAMS 0x000000013a000000, 0x000000013a000000| Untracked 
| 185|0x000000013b000000, 0x000000013c000000, 0x000000013c000000|100%| O|  |TAMS 0x000000013b000000, 0x000000013b000000| Untracked 
| 186|0x000000013c000000, 0x000000013d000000, 0x000000013d000000|100%| O|  |TAMS 0x000000013c000000, 0x000000013c000000| Untracked 
| 187|0x000000013d000000, 0x000000013e000000, 0x000000013e000000|100%| O|  |TAMS 0x000000013d000000, 0x000000013d000000| Untracked 
| 188|0x000000013e000000, 0x000000013f000000, 0x000000013f000000|100%| O|  |TAMS 0x000000013e000000, 0x000000013e000000| Untracked 
| 189|0x000000013f000000, 0x0000000140000000, 0x0000000140000000|100%| O|  |TAMS 0x000000013f000000, 0x000000013f000000| Untracked 
| 190|0x0000000140000000, 0x0000000141000000, 0x0000000141000000|100%| O|  |TAMS 0x0000000140000000, 0x0000000140000000| Untracked 
| 191|0x0000000141000000, 0x0000000142000000, 0x0000000142000000|100%| O|  |TAMS 0x0000000141000000, 0x0000000141000000| Untracked 
| 192|0x0000000142000000, 0x0000000143000000, 0x0000000143000000|100%| O|  |TAMS 0x0000000142000000, 0x0000000142000000| Untracked 
| 193|0x0000000143000000, 0x0000000144000000, 0x0000000144000000|100%| O|  |TAMS 0x0000000143000000, 0x0000000143000000| Untracked 
| 194|0x0000000144000000, 0x0000000145000000, 0x0000000145000000|100%| O|  |TAMS 0x0000000144000000, 0x0000000144000000| Untracked 
| 195|0x0000000145000000, 0x0000000146000000, 0x0000000146000000|100%| O|  |TAMS 0x0000000145000000, 0x0000000145000000| Untracked 
| 196|0x0000000146000000, 0x0000000147000000, 0x0000000147000000|100%| O|  |TAMS 0x0000000146000000, 0x0000000146000000| Untracked 
| 197|0x0000000147000000, 0x0000000148000000, 0x0000000148000000|100%| O|  |TAMS 0x0000000147000000, 0x0000000147000000| Untracked 
| 198|0x0000000148000000, 0x0000000149000000, 0x0000000149000000|100%| O|  |TAMS 0x0000000148000000, 0x0000000148000000| Untracked 
| 199|0x0000000149000000, 0x000000014a000000, 0x000000014a000000|100%| O|  |TAMS 0x0000000149000000, 0x0000000149000000| Untracked 
| 200|0x000000014a000000, 0x000000014b000000, 0x000000014b000000|100%| O|  |TAMS 0x000000014a000000, 0x000000014a000000| Untracked 
| 201|0x000000014b000000, 0x000000014c000000, 0x000000014c000000|100%| O|  |TAMS 0x000000014b000000, 0x000000014b000000| Untracked 
| 202|0x000000014c000000, 0x000000014d000000, 0x000000014d000000|100%| O|  |TAMS 0x000000014c000000, 0x000000014c000000| Untracked 
| 203|0x000000014d000000, 0x000000014e000000, 0x000000014e000000|100%| O|  |TAMS 0x000000014d000000, 0x000000014d000000| Untracked 
| 204|0x000000014e000000, 0x000000014f000000, 0x000000014f000000|100%| O|  |TAMS 0x000000014e000000, 0x000000014e000000| Untracked 
| 205|0x000000014f000000, 0x0000000150000000, 0x0000000150000000|100%| O|  |TAMS 0x000000014f000000, 0x000000014f000000| Untracked 
| 206|0x0000000150000000, 0x0000000151000000, 0x0000000151000000|100%| O|  |TAMS 0x0000000150000000, 0x0000000150000000| Untracked 
| 207|0x0000000151000000, 0x0000000152000000, 0x0000000152000000|100%| O|  |TAMS 0x0000000151000000, 0x0000000151000000| Untracked 
| 208|0x0000000152000000, 0x0000000153000000, 0x0000000153000000|100%| O|  |TAMS 0x0000000152000000, 0x0000000152000000| Untracked 
| 209|0x0000000153000000, 0x0000000154000000, 0x0000000154000000|100%| O|  |TAMS 0x0000000153000000, 0x0000000153000000| Untracked 
| 210|0x0000000154000000, 0x0000000155000000, 0x0000000155000000|100%| O|  |TAMS 0x0000000154000000, 0x0000000154000000| Untracked 
| 211|0x0000000155000000, 0x0000000156000000, 0x0000000156000000|100%| O|  |TAMS 0x0000000155000000, 0x0000000155000000| Untracked 
| 212|0x0000000156000000, 0x0000000157000000, 0x0000000157000000|100%| O|  |TAMS 0x0000000156000000, 0x0000000156000000| Untracked 
| 213|0x0000000157000000, 0x0000000158000000, 0x0000000158000000|100%| O|  |TAMS 0x0000000157000000, 0x0000000157000000| Untracked 
| 214|0x0000000158000000, 0x0000000159000000, 0x0000000159000000|100%| O|  |TAMS 0x0000000158000000, 0x0000000158000000| Untracked 
| 215|0x0000000159000000, 0x000000015a000000, 0x000000015a000000|100%| O|  |TAMS 0x0000000159000000, 0x0000000159000000| Untracked 
| 216|0x000000015a000000, 0x000000015b000000, 0x000000015b000000|100%| O|  |TAMS 0x000000015a000000, 0x000000015a000000| Untracked 
| 217|0x000000015b000000, 0x000000015c000000, 0x000000015c000000|100%| O|  |TAMS 0x000000015b000000, 0x000000015b000000| Untracked 
| 218|0x000000015c000000, 0x000000015d000000, 0x000000015d000000|100%| O|  |TAMS 0x000000015c000000, 0x000000015c000000| Untracked 
| 219|0x000000015d000000, 0x000000015e000000, 0x000000015e000000|100%| O|  |TAMS 0x000000015d000000, 0x000000015d000000| Untracked 
| 220|0x000000015e000000, 0x000000015f000000, 0x000000015f000000|100%| O|  |TAMS 0x000000015e000000, 0x000000015e000000| Untracked 
| 221|0x000000015f000000, 0x0000000160000000, 0x0000000160000000|100%|HS|  |TAMS 0x000000015f000000, 0x000000015f000000| Complete 
| 222|0x0000000160000000, 0x0000000161000000, 0x0000000161000000|100%|HC|  |TAMS 0x0000000160000000, 0x0000000160000000| Complete 
| 223|0x0000000161000000, 0x0000000162000000, 0x0000000162000000|100%|HC|  |TAMS 0x0000000161000000, 0x0000000161000000| Complete 
| 224|0x0000000162000000, 0x0000000163000000, 0x0000000163000000|100%|HC|  |TAMS 0x0000000162000000, 0x0000000162000000| Complete 
| 225|0x0000000163000000, 0x0000000164000000, 0x0000000164000000|100%|HC|  |TAMS 0x0000000163000000, 0x0000000163000000| Complete 
| 226|0x0000000164000000, 0x0000000165000000, 0x0000000165000000|100%|HC|  |TAMS 0x0000000164000000, 0x0000000164000000| Complete 
| 227|0x0000000165000000, 0x0000000166000000, 0x0000000166000000|100%|HC|  |TAMS 0x0000000165000000, 0x0000000165000000| Complete 
| 228|0x0000000166000000, 0x0000000167000000, 0x0000000167000000|100%|HC|  |TAMS 0x0000000166000000, 0x0000000166000000| Complete 
| 229|0x0000000167000000, 0x0000000168000000, 0x0000000168000000|100%| O|  |TAMS 0x0000000167000000, 0x0000000167000000| Untracked 
| 230|0x0000000168000000, 0x0000000169000000, 0x0000000169000000|100%| O|  |TAMS 0x0000000168000000, 0x0000000168000000| Untracked 
| 231|0x0000000169000000, 0x000000016a000000, 0x000000016a000000|100%| O|  |TAMS 0x0000000169000000, 0x0000000169000000| Untracked 
| 232|0x000000016a000000, 0x000000016b000000, 0x000000016b000000|100%| O|  |TAMS 0x000000016a000000, 0x000000016a000000| Untracked 
| 233|0x000000016b000000, 0x000000016c000000, 0x000000016c000000|100%| O|  |TAMS 0x000000016b000000, 0x000000016b000000| Untracked 
| 234|0x000000016c000000, 0x000000016d000000, 0x000000016d000000|100%| O|  |TAMS 0x000000016c000000, 0x000000016c000000| Untracked 
| 235|0x000000016d000000, 0x000000016e000000, 0x000000016e000000|100%| O|  |TAMS 0x000000016d000000, 0x000000016d000000| Untracked 
| 236|0x000000016e000000, 0x000000016f000000, 0x000000016f000000|100%| O|  |TAMS 0x000000016e000000, 0x000000016e000000| Untracked 
| 237|0x000000016f000000, 0x0000000170000000, 0x0000000170000000|100%| O|  |TAMS 0x000000016f000000, 0x000000016f000000| Untracked 
| 238|0x0000000170000000, 0x0000000171000000, 0x0000000171000000|100%| O|  |TAMS 0x0000000170000000, 0x0000000170000000| Untracked 
| 239|0x0000000171000000, 0x0000000172000000, 0x0000000172000000|100%| O|  |TAMS 0x0000000171000000, 0x0000000171000000| Untracked 
| 240|0x0000000172000000, 0x0000000173000000, 0x0000000173000000|100%| O|  |TAMS 0x0000000172000000, 0x0000000172000000| Untracked 
| 241|0x0000000173000000, 0x0000000174000000, 0x0000000174000000|100%| O|  |TAMS 0x0000000173000000, 0x0000000173000000| Untracked 
| 242|0x0000000174000000, 0x0000000175000000, 0x0000000175000000|100%| O|  |TAMS 0x0000000174000000, 0x0000000174000000| Untracked 
| 243|0x0000000175000000, 0x0000000176000000, 0x0000000176000000|100%| O|  |TAMS 0x0000000175000000, 0x0000000175000000| Untracked 
| 244|0x0000000176000000, 0x0000000177000000, 0x0000000177000000|100%| O|  |TAMS 0x0000000176000000, 0x0000000176000000| Untracked 
| 245|0x0000000177000000, 0x0000000178000000, 0x0000000178000000|100%| O|  |TAMS 0x0000000177000000, 0x0000000177000000| Untracked 
| 246|0x0000000178000000, 0x0000000179000000, 0x0000000179000000|100%| O|  |TAMS 0x0000000178000000, 0x0000000178000000| Untracked 
| 247|0x0000000179000000, 0x000000017a000000, 0x000000017a000000|100%| O|  |TAMS 0x0000000179000000, 0x0000000179000000| Untracked 
| 248|0x000000017a000000, 0x000000017b000000, 0x000000017b000000|100%| O|  |TAMS 0x000000017a000000, 0x000000017a000000| Untracked 
| 249|0x000000017b000000, 0x000000017c000000, 0x000000017c000000|100%| O|  |TAMS 0x000000017b000000, 0x000000017b000000| Untracked 
| 250|0x000000017c000000, 0x000000017d000000, 0x000000017d000000|100%| O|  |TAMS 0x000000017c000000, 0x000000017c000000| Untracked 
| 251|0x000000017d000000, 0x000000017e000000, 0x000000017e000000|100%| O|  |TAMS 0x000000017d000000, 0x000000017d000000| Untracked 
| 252|0x000000017e000000, 0x000000017f000000, 0x000000017f000000|100%| O|  |TAMS 0x000000017e000000, 0x000000017e000000| Untracked 
| 253|0x000000017f000000, 0x0000000180000000, 0x0000000180000000|100%| O|  |TAMS 0x000000017f000000, 0x000000017f000000| Untracked 
| 254|0x0000000180000000, 0x0000000181000000, 0x0000000181000000|100%| O|  |TAMS 0x0000000180000000, 0x0000000180000000| Untracked 
| 255|0x0000000181000000, 0x0000000182000000, 0x0000000182000000|100%| O|  |TAMS 0x0000000181000000, 0x0000000181000000| Untracked 
| 256|0x0000000182000000, 0x0000000183000000, 0x0000000183000000|100%| O|  |TAMS 0x0000000182000000, 0x0000000182000000| Untracked 
| 257|0x0000000183000000, 0x0000000184000000, 0x0000000184000000|100%| O|  |TAMS 0x0000000183000000, 0x0000000183000000| Untracked 
| 258|0x0000000184000000, 0x0000000185000000, 0x0000000185000000|100%| O|  |TAMS 0x0000000184000000, 0x0000000184000000| Untracked 
| 259|0x0000000185000000, 0x0000000186000000, 0x0000000186000000|100%| O|  |TAMS 0x0000000185000000, 0x0000000185000000| Untracked 
| 260|0x0000000186000000, 0x0000000187000000, 0x0000000187000000|100%| O|  |TAMS 0x0000000186000000, 0x0000000186000000| Untracked 
| 261|0x0000000187000000, 0x0000000188000000, 0x0000000188000000|100%| O|  |TAMS 0x0000000187000000, 0x0000000187000000| Untracked 
| 262|0x0000000188000000, 0x0000000189000000, 0x0000000189000000|100%| O|  |TAMS 0x0000000188000000, 0x0000000188000000| Untracked 
| 263|0x0000000189000000, 0x000000018a000000, 0x000000018a000000|100%| O|  |TAMS 0x0000000189000000, 0x0000000189000000| Untracked 
| 264|0x000000018a000000, 0x000000018b000000, 0x000000018b000000|100%| O|  |TAMS 0x000000018a000000, 0x000000018a000000| Untracked 
| 265|0x000000018b000000, 0x000000018c000000, 0x000000018c000000|100%| O|  |TAMS 0x000000018b000000, 0x000000018b000000| Untracked 
| 266|0x000000018c000000, 0x000000018d000000, 0x000000018d000000|100%| O|  |TAMS 0x000000018c000000, 0x000000018c000000| Untracked 
| 267|0x000000018d000000, 0x000000018e000000, 0x000000018e000000|100%| O|  |TAMS 0x000000018d000000, 0x000000018d000000| Untracked 
| 268|0x000000018e000000, 0x000000018f000000, 0x000000018f000000|100%| O|  |TAMS 0x000000018e000000, 0x000000018e000000| Untracked 
| 269|0x000000018f000000, 0x0000000190000000, 0x0000000190000000|100%| O|  |TAMS 0x000000018f000000, 0x000000018f000000| Untracked 
| 270|0x0000000190000000, 0x0000000191000000, 0x0000000191000000|100%| O|  |TAMS 0x0000000190000000, 0x0000000190000000| Untracked 
| 271|0x0000000191000000, 0x0000000192000000, 0x0000000192000000|100%| O|  |TAMS 0x0000000191000000, 0x0000000191000000| Untracked 
| 272|0x0000000192000000, 0x0000000193000000, 0x0000000193000000|100%| O|  |TAMS 0x0000000192000000, 0x0000000192000000| Untracked 
| 273|0x0000000193000000, 0x0000000194000000, 0x0000000194000000|100%| O|  |TAMS 0x0000000193000000, 0x0000000193000000| Untracked 
| 274|0x0000000194000000, 0x0000000195000000, 0x0000000195000000|100%| O|  |TAMS 0x0000000194000000, 0x0000000194000000| Untracked 
| 275|0x0000000195000000, 0x0000000196000000, 0x0000000196000000|100%| O|  |TAMS 0x0000000195000000, 0x0000000195000000| Untracked 
| 276|0x0000000196000000, 0x0000000197000000, 0x0000000197000000|100%| O|  |TAMS 0x0000000196000000, 0x0000000196000000| Untracked 
| 277|0x0000000197000000, 0x0000000198000000, 0x0000000198000000|100%| O|  |TAMS 0x0000000197000000, 0x0000000197000000| Untracked 
| 278|0x0000000198000000, 0x0000000199000000, 0x0000000199000000|100%| O|  |TAMS 0x0000000198000000, 0x0000000198000000| Untracked 
| 279|0x0000000199000000, 0x000000019a000000, 0x000000019a000000|100%| O|  |TAMS 0x0000000199000000, 0x0000000199000000| Untracked 
| 280|0x000000019a000000, 0x000000019b000000, 0x000000019b000000|100%| O|  |TAMS 0x000000019a000000, 0x000000019a000000| Untracked 
| 281|0x000000019b000000, 0x000000019b000000, 0x000000019c000000|  0%| F|  |TAMS 0x000000019b000000, 0x000000019b000000| Untracked 
| 282|0x000000019c000000, 0x000000019c000000, 0x000000019d000000|  0%| F|  |TAMS 0x000000019c000000, 0x000000019c000000| Untracked 
| 283|0x000000019d000000, 0x000000019d000000, 0x000000019e000000|  0%| F|  |TAMS 0x000000019d000000, 0x000000019d000000| Untracked 
| 284|0x000000019e000000, 0x000000019e000000, 0x000000019f000000|  0%| F|  |TAMS 0x000000019e000000, 0x000000019e000000| Untracked 
| 285|0x000000019f000000, 0x000000019f000000, 0x00000001a0000000|  0%| F|  |TAMS 0x000000019f000000, 0x000000019f000000| Untracked 
| 286|0x00000001a0000000, 0x00000001a0000000, 0x00000001a1000000|  0%| F|  |TAMS 0x00000001a0000000, 0x00000001a0000000| Untracked 
| 287|0x00000001a1000000, 0x00000001a1000000, 0x00000001a2000000|  0%| F|  |TAMS 0x00000001a1000000, 0x00000001a1000000| Untracked 
| 288|0x00000001a2000000, 0x00000001a2000000, 0x00000001a3000000|  0%| F|  |TAMS 0x00000001a2000000, 0x00000001a2000000| Untracked 
| 289|0x00000001a3000000, 0x00000001a3000000, 0x00000001a4000000|  0%| F|  |TAMS 0x00000001a3000000, 0x00000001a3000000| Untracked 
| 290|0x00000001a4000000, 0x00000001a4000000, 0x00000001a5000000|  0%| F|  |TAMS 0x00000001a4000000, 0x00000001a4000000| Untracked 
| 291|0x00000001a5000000, 0x00000001a5000000, 0x00000001a6000000|  0%| F|  |TAMS 0x00000001a5000000, 0x00000001a5000000| Untracked 
| 292|0x00000001a6000000, 0x00000001a6000000, 0x00000001a7000000|  0%| F|  |TAMS 0x00000001a6000000, 0x00000001a6000000| Untracked 
| 293|0x00000001a7000000, 0x00000001a7000000, 0x00000001a8000000|  0%| F|  |TAMS 0x00000001a7000000, 0x00000001a7000000| Untracked 
| 294|0x00000001a8000000, 0x00000001a8000000, 0x00000001a9000000|  0%| F|  |TAMS 0x00000001a8000000, 0x00000001a8000000| Untracked 
| 295|0x00000001a9000000, 0x00000001a9000000, 0x00000001aa000000|  0%| F|  |TAMS 0x00000001a9000000, 0x00000001a9000000| Untracked 
| 296|0x00000001aa000000, 0x00000001aa000000, 0x00000001ab000000|  0%| F|  |TAMS 0x00000001aa000000, 0x00000001aa000000| Untracked 
| 297|0x00000001ab000000, 0x00000001ab000000, 0x00000001ac000000|  0%| F|  |TAMS 0x00000001ab000000, 0x00000001ab000000| Untracked 
| 298|0x00000001ac000000, 0x00000001ac000000, 0x00000001ad000000|  0%| F|  |TAMS 0x00000001ac000000, 0x00000001ac000000| Untracked 
| 299|0x00000001ad000000, 0x00000001ad000000, 0x00000001ae000000|  0%| F|  |TAMS 0x00000001ad000000, 0x00000001ad000000| Untracked 
| 300|0x00000001ae000000, 0x00000001ae000000, 0x00000001af000000|  0%| F|  |TAMS 0x00000001ae000000, 0x00000001ae000000| Untracked 
| 301|0x00000001af000000, 0x00000001af000000, 0x00000001b0000000|  0%| F|  |TAMS 0x00000001af000000, 0x00000001af000000| Untracked 
| 302|0x00000001b0000000, 0x00000001b0000000, 0x00000001b1000000|  0%| F|  |TAMS 0x00000001b0000000, 0x00000001b0000000| Untracked 
| 303|0x00000001b1000000, 0x00000001b1000000, 0x00000001b2000000|  0%| F|  |TAMS 0x00000001b1000000, 0x00000001b1000000| Untracked 
| 304|0x00000001b2000000, 0x00000001b2000000, 0x00000001b3000000|  0%| F|  |TAMS 0x00000001b2000000, 0x00000001b2000000| Untracked 
| 305|0x00000001b3000000, 0x00000001b3000000, 0x00000001b4000000|  0%| F|  |TAMS 0x00000001b3000000, 0x00000001b3000000| Untracked 
| 306|0x00000001b4000000, 0x00000001b4000000, 0x00000001b5000000|  0%| F|  |TAMS 0x00000001b4000000, 0x00000001b4000000| Untracked 
| 307|0x00000001b5000000, 0x00000001b5000000, 0x00000001b6000000|  0%| F|  |TAMS 0x00000001b5000000, 0x00000001b5000000| Untracked 
| 308|0x00000001b6000000, 0x00000001b6000000, 0x00000001b7000000|  0%| F|  |TAMS 0x00000001b6000000, 0x00000001b6000000| Untracked 
| 309|0x00000001b7000000, 0x00000001b7000000, 0x00000001b8000000|  0%| F|  |TAMS 0x00000001b7000000, 0x00000001b7000000| Untracked 
| 310|0x00000001b8000000, 0x00000001b8000000, 0x00000001b9000000|  0%| F|  |TAMS 0x00000001b8000000, 0x00000001b8000000| Untracked 
| 311|0x00000001b9000000, 0x00000001b9000000, 0x00000001ba000000|  0%| F|  |TAMS 0x00000001b9000000, 0x00000001b9000000| Untracked 
| 312|0x00000001ba000000, 0x00000001ba000000, 0x00000001bb000000|  0%| F|  |TAMS 0x00000001ba000000, 0x00000001ba000000| Untracked 
| 313|0x00000001bb000000, 0x00000001bb000000, 0x00000001bc000000|  0%| F|  |TAMS 0x00000001bb000000, 0x00000001bb000000| Untracked 
| 314|0x00000001bc000000, 0x00000001bc000000, 0x00000001bd000000|  0%| F|  |TAMS 0x00000001bc000000, 0x00000001bc000000| Untracked 
| 315|0x00000001bd000000, 0x00000001bd000000, 0x00000001be000000|  0%| F|  |TAMS 0x00000001bd000000, 0x00000001bd000000| Untracked 
| 316|0x00000001be000000, 0x00000001be000000, 0x00000001bf000000|  0%| F|  |TAMS 0x00000001be000000, 0x00000001be000000| Untracked 
| 317|0x00000001bf000000, 0x00000001bf000000, 0x00000001c0000000|  0%| F|  |TAMS 0x00000001bf000000, 0x00000001bf000000| Untracked 
| 318|0x00000001c0000000, 0x00000001c0000000, 0x00000001c1000000|  0%| F|  |TAMS 0x00000001c0000000, 0x00000001c0000000| Untracked 
| 319|0x00000001c1000000, 0x00000001c1000000, 0x00000001c2000000|  0%| F|  |TAMS 0x00000001c1000000, 0x00000001c1000000| Untracked 
| 320|0x00000001c2000000, 0x00000001c2000000, 0x00000001c3000000|  0%| F|  |TAMS 0x00000001c2000000, 0x00000001c2000000| Untracked 
| 321|0x00000001c3000000, 0x00000001c3000000, 0x00000001c4000000|  0%| F|  |TAMS 0x00000001c3000000, 0x00000001c3000000| Untracked 
| 322|0x00000001c4000000, 0x00000001c4000000, 0x00000001c5000000|  0%| F|  |TAMS 0x00000001c4000000, 0x00000001c4000000| Untracked 
| 323|0x00000001c5000000, 0x00000001c5000000, 0x00000001c6000000|  0%| F|  |TAMS 0x00000001c5000000, 0x00000001c5000000| Untracked 
| 324|0x00000001c6000000, 0x00000001c6000000, 0x00000001c7000000|  0%| F|  |TAMS 0x00000001c6000000, 0x00000001c6000000| Untracked 
| 325|0x00000001c7000000, 0x00000001c7000000, 0x00000001c8000000|  0%| F|  |TAMS 0x00000001c7000000, 0x00000001c7000000| Untracked 
| 326|0x00000001c8000000, 0x00000001c8000000, 0x00000001c9000000|  0%| F|  |TAMS 0x00000001c8000000, 0x00000001c8000000| Untracked 
| 327|0x00000001c9000000, 0x00000001c9000000, 0x00000001ca000000|  0%| F|  |TAMS 0x00000001c9000000, 0x00000001c9000000| Untracked 
| 328|0x00000001ca000000, 0x00000001ca000000, 0x00000001cb000000|  0%| F|  |TAMS 0x00000001ca000000, 0x00000001ca000000| Untracked 
| 329|0x00000001cb000000, 0x00000001cb000000, 0x00000001cc000000|  0%| F|  |TAMS 0x00000001cb000000, 0x00000001cb000000| Untracked 
| 330|0x00000001cc000000, 0x00000001cc000000, 0x00000001cd000000|  0%| F|  |TAMS 0x00000001cc000000, 0x00000001cc000000| Untracked 
| 331|0x00000001cd000000, 0x00000001cd000000, 0x00000001ce000000|  0%| F|  |TAMS 0x00000001cd000000, 0x00000001cd000000| Untracked 
| 332|0x00000001ce000000, 0x00000001ce000000, 0x00000001cf000000|  0%| F|  |TAMS 0x00000001ce000000, 0x00000001ce000000| Untracked 
| 333|0x00000001cf000000, 0x00000001cf000000, 0x00000001d0000000|  0%| F|  |TAMS 0x00000001cf000000, 0x00000001cf000000| Untracked 
| 334|0x00000001d0000000, 0x00000001d0000000, 0x00000001d1000000|  0%| F|  |TAMS 0x00000001d0000000, 0x00000001d0000000| Untracked 
| 335|0x00000001d1000000, 0x00000001d1000000, 0x00000001d2000000|  0%| F|  |TAMS 0x00000001d1000000, 0x00000001d1000000| Untracked 
| 336|0x00000001d2000000, 0x00000001d2000000, 0x00000001d3000000|  0%| F|  |TAMS 0x00000001d2000000, 0x00000001d2000000| Untracked 
| 337|0x00000001d3000000, 0x00000001d3000000, 0x00000001d4000000|  0%| F|  |TAMS 0x00000001d3000000, 0x00000001d3000000| Untracked 
| 338|0x00000001d4000000, 0x00000001d4000000, 0x00000001d5000000|  0%| F|  |TAMS 0x00000001d4000000, 0x00000001d4000000| Untracked 
| 339|0x00000001d5000000, 0x00000001d5000000, 0x00000001d6000000|  0%| F|  |TAMS 0x00000001d5000000, 0x00000001d5000000| Untracked 
| 340|0x00000001d6000000, 0x00000001d6000000, 0x00000001d7000000|  0%| F|  |TAMS 0x00000001d6000000, 0x00000001d6000000| Untracked 
| 341|0x00000001d7000000, 0x00000001d7000000, 0x00000001d8000000|  0%| F|  |TAMS 0x00000001d7000000, 0x00000001d7000000| Untracked 
| 342|0x00000001d8000000, 0x00000001d8000000, 0x00000001d9000000|  0%| F|  |TAMS 0x00000001d8000000, 0x00000001d8000000| Untracked 
| 343|0x00000001d9000000, 0x00000001d9000000, 0x00000001da000000|  0%| F|  |TAMS 0x00000001d9000000, 0x00000001d9000000| Untracked 
| 344|0x00000001da000000, 0x00000001da000000, 0x00000001db000000|  0%| F|  |TAMS 0x00000001da000000, 0x00000001da000000| Untracked 
| 345|0x00000001db000000, 0x00000001db000000, 0x00000001dc000000|  0%| F|  |TAMS 0x00000001db000000, 0x00000001db000000| Untracked 
| 346|0x00000001dc000000, 0x00000001dc000000, 0x00000001dd000000|  0%| F|  |TAMS 0x00000001dc000000, 0x00000001dc000000| Untracked 
| 347|0x00000001dd000000, 0x00000001dd000000, 0x00000001de000000|  0%| F|  |TAMS 0x00000001dd000000, 0x00000001dd000000| Untracked 
| 348|0x00000001de000000, 0x00000001de000000, 0x00000001df000000|  0%| F|  |TAMS 0x00000001de000000, 0x00000001de000000| Untracked 
| 349|0x00000001df000000, 0x00000001df000000, 0x00000001e0000000|  0%| F|  |TAMS 0x00000001df000000, 0x00000001df000000| Untracked 
| 350|0x00000001e0000000, 0x00000001e0000000, 0x00000001e1000000|  0%| F|  |TAMS 0x00000001e0000000, 0x00000001e0000000| Untracked 
| 351|0x00000001e1000000, 0x00000001e1000000, 0x00000001e2000000|  0%| F|  |TAMS 0x00000001e1000000, 0x00000001e1000000| Untracked 
| 352|0x00000001e2000000, 0x00000001e2000000, 0x00000001e3000000|  0%| F|  |TAMS 0x00000001e2000000, 0x00000001e2000000| Untracked 
| 353|0x00000001e3000000, 0x00000001e3000000, 0x00000001e4000000|  0%| F|  |TAMS 0x00000001e3000000, 0x00000001e3000000| Untracked 
| 354|0x00000001e4000000, 0x00000001e4000000, 0x00000001e5000000|  0%| F|  |TAMS 0x00000001e4000000, 0x00000001e4000000| Untracked 
| 355|0x00000001e5000000, 0x00000001e5000000, 0x00000001e6000000|  0%| F|  |TAMS 0x00000001e5000000, 0x00000001e5000000| Untracked 
| 356|0x00000001e6000000, 0x00000001e6000000, 0x00000001e7000000|  0%| F|  |TAMS 0x00000001e6000000, 0x00000001e6000000| Untracked 
| 357|0x00000001e7000000, 0x00000001e7000000, 0x00000001e8000000|  0%| F|  |TAMS 0x00000001e7000000, 0x00000001e7000000| Untracked 
| 358|0x00000001e8000000, 0x00000001e8000000, 0x00000001e9000000|  0%| F|  |TAMS 0x00000001e8000000, 0x00000001e8000000| Untracked 
| 359|0x00000001e9000000, 0x00000001e9000000, 0x00000001ea000000|  0%| F|  |TAMS 0x00000001e9000000, 0x00000001e9000000| Untracked 
| 360|0x00000001ea000000, 0x00000001ea000000, 0x00000001eb000000|  0%| F|  |TAMS 0x00000001ea000000, 0x00000001ea000000| Untracked 
| 361|0x00000001eb000000, 0x00000001eb000000, 0x00000001ec000000|  0%| F|  |TAMS 0x00000001eb000000, 0x00000001eb000000| Untracked 
| 362|0x00000001ec000000, 0x00000001ec000000, 0x00000001ed000000|  0%| F|  |TAMS 0x00000001ec000000, 0x00000001ec000000| Untracked 
| 363|0x00000001ed000000, 0x00000001ed000000, 0x00000001ee000000|  0%| F|  |TAMS 0x00000001ed000000, 0x00000001ed000000| Untracked 
| 364|0x00000001ee000000, 0x00000001ee000000, 0x00000001ef000000|  0%| F|  |TAMS 0x00000001ee000000, 0x00000001ee000000| Untracked 
| 365|0x00000001ef000000, 0x00000001ef000000, 0x00000001f0000000|  0%| F|  |TAMS 0x00000001ef000000, 0x00000001ef000000| Untracked 
| 366|0x00000001f0000000, 0x00000001f0000000, 0x00000001f1000000|  0%| F|  |TAMS 0x00000001f0000000, 0x00000001f0000000| Untracked 
| 367|0x00000001f1000000, 0x00000001f1000000, 0x00000001f2000000|  0%| F|  |TAMS 0x00000001f1000000, 0x00000001f1000000| Untracked 
| 368|0x00000001f2000000, 0x00000001f2000000, 0x00000001f3000000|  0%| F|  |TAMS 0x00000001f2000000, 0x00000001f2000000| Untracked 
| 369|0x00000001f3000000, 0x00000001f3000000, 0x00000001f4000000|  0%| F|  |TAMS 0x00000001f3000000, 0x00000001f3000000| Untracked 
| 370|0x00000001f4000000, 0x00000001f4000000, 0x00000001f5000000|  0%| F|  |TAMS 0x00000001f4000000, 0x00000001f4000000| Untracked 
| 371|0x00000001f5000000, 0x00000001f5000000, 0x00000001f6000000|  0%| F|  |TAMS 0x00000001f5000000, 0x00000001f5000000| Untracked 
| 372|0x00000001f6000000, 0x00000001f6000000, 0x00000001f7000000|  0%| F|  |TAMS 0x00000001f6000000, 0x00000001f6000000| Untracked 
| 373|0x00000001f7000000, 0x00000001f7000000, 0x00000001f8000000|  0%| F|  |TAMS 0x00000001f7000000, 0x00000001f7000000| Untracked 
| 374|0x00000001f8000000, 0x00000001f8000000, 0x00000001f9000000|  0%| F|  |TAMS 0x00000001f8000000, 0x00000001f8000000| Untracked 
| 375|0x00000001f9000000, 0x00000001f9000000, 0x00000001fa000000|  0%| F|  |TAMS 0x00000001f9000000, 0x00000001f9000000| Untracked 
| 376|0x00000001fa000000, 0x00000001fa000000, 0x00000001fb000000|  0%| F|  |TAMS 0x00000001fa000000, 0x00000001fa000000| Untracked 
| 377|0x00000001fb000000, 0x00000001fb000000, 0x00000001fc000000|  0%| F|  |TAMS 0x00000001fb000000, 0x00000001fb000000| Untracked 
| 378|0x00000001fc000000, 0x00000001fc000000, 0x00000001fd000000|  0%| F|  |TAMS 0x00000001fc000000, 0x00000001fc000000| Untracked 
| 379|0x00000001fd000000, 0x00000001fd000000, 0x00000001fe000000|  0%| F|  |TAMS 0x00000001fd000000, 0x00000001fd000000| Untracked 
| 380|0x00000001fe000000, 0x00000001fe000000, 0x00000001ff000000|  0%| F|  |TAMS 0x00000001fe000000, 0x00000001fe000000| Untracked 
| 381|0x00000001ff000000, 0x00000001ff000000, 0x0000000200000000|  0%| F|  |TAMS 0x00000001ff000000, 0x00000001ff000000| Untracked 
| 382|0x0000000200000000, 0x0000000200000000, 0x0000000201000000|  0%| F|  |TAMS 0x0000000200000000, 0x0000000200000000| Untracked 
| 383|0x0000000201000000, 0x0000000201000000, 0x0000000202000000|  0%| F|  |TAMS 0x0000000201000000, 0x0000000201000000| Untracked 
| 384|0x0000000202000000, 0x0000000202000000, 0x0000000203000000|  0%| F|  |TAMS 0x0000000202000000, 0x0000000202000000| Untracked 
| 385|0x0000000203000000, 0x0000000203000000, 0x0000000204000000|  0%| F|  |TAMS 0x0000000203000000, 0x0000000203000000| Untracked 
| 386|0x0000000204000000, 0x0000000204000000, 0x0000000205000000|  0%| F|  |TAMS 0x0000000204000000, 0x0000000204000000| Untracked 
| 387|0x0000000205000000, 0x0000000205000000, 0x0000000206000000|  0%| F|  |TAMS 0x0000000205000000, 0x0000000205000000| Untracked 
| 388|0x0000000206000000, 0x0000000206000000, 0x0000000207000000|  0%| F|  |TAMS 0x0000000206000000, 0x0000000206000000| Untracked 
| 389|0x0000000207000000, 0x0000000207000000, 0x0000000208000000|  0%| F|  |TAMS 0x0000000207000000, 0x0000000207000000| Untracked 
| 390|0x0000000208000000, 0x0000000208000000, 0x0000000209000000|  0%| F|  |TAMS 0x0000000208000000, 0x0000000208000000| Untracked 
| 391|0x0000000209000000, 0x0000000209000000, 0x000000020a000000|  0%| F|  |TAMS 0x0000000209000000, 0x0000000209000000| Untracked 
| 392|0x000000020a000000, 0x000000020a000000, 0x000000020b000000|  0%| F|  |TAMS 0x000000020a000000, 0x000000020a000000| Untracked 
| 393|0x000000020b000000, 0x000000020b000000, 0x000000020c000000|  0%| F|  |TAMS 0x000000020b000000, 0x000000020b000000| Untracked 
| 394|0x000000020c000000, 0x000000020c000000, 0x000000020d000000|  0%| F|  |TAMS 0x000000020c000000, 0x000000020c000000| Untracked 
| 395|0x000000020d000000, 0x000000020d000000, 0x000000020e000000|  0%| F|  |TAMS 0x000000020d000000, 0x000000020d000000| Untracked 
| 396|0x000000020e000000, 0x000000020e000000, 0x000000020f000000|  0%| F|  |TAMS 0x000000020e000000, 0x000000020e000000| Untracked 
| 397|0x000000020f000000, 0x000000020f000000, 0x0000000210000000|  0%| F|  |TAMS 0x000000020f000000, 0x000000020f000000| Untracked 
| 398|0x0000000210000000, 0x0000000210000000, 0x0000000211000000|  0%| F|  |TAMS 0x0000000210000000, 0x0000000210000000| Untracked 
| 399|0x0000000211000000, 0x0000000211000000, 0x0000000212000000|  0%| F|  |TAMS 0x0000000211000000, 0x0000000211000000| Untracked 
| 400|0x0000000212000000, 0x0000000212000000, 0x0000000213000000|  0%| F|  |TAMS 0x0000000212000000, 0x0000000212000000| Untracked 
| 401|0x0000000213000000, 0x0000000213000000, 0x0000000214000000|  0%| F|  |TAMS 0x0000000213000000, 0x0000000213000000| Untracked 
| 402|0x0000000214000000, 0x0000000214000000, 0x0000000215000000|  0%| F|  |TAMS 0x0000000214000000, 0x0000000214000000| Untracked 
| 403|0x0000000215000000, 0x0000000215000000, 0x0000000216000000|  0%| F|  |TAMS 0x0000000215000000, 0x0000000215000000| Untracked 
| 404|0x0000000216000000, 0x0000000216000000, 0x0000000217000000|  0%| F|  |TAMS 0x0000000216000000, 0x0000000216000000| Untracked 
| 405|0x0000000217000000, 0x0000000217000000, 0x0000000218000000|  0%| F|  |TAMS 0x0000000217000000, 0x0000000217000000| Untracked 
| 406|0x0000000218000000, 0x0000000218000000, 0x0000000219000000|  0%| F|  |TAMS 0x0000000218000000, 0x0000000218000000| Untracked 
| 407|0x0000000219000000, 0x0000000219000000, 0x000000021a000000|  0%| F|  |TAMS 0x0000000219000000, 0x0000000219000000| Untracked 
| 408|0x000000021a000000, 0x000000021a000000, 0x000000021b000000|  0%| F|  |TAMS 0x000000021a000000, 0x000000021a000000| Untracked 
| 409|0x000000021b000000, 0x000000021b000000, 0x000000021c000000|  0%| F|  |TAMS 0x000000021b000000, 0x000000021b000000| Untracked 
| 410|0x000000021c000000, 0x000000021c000000, 0x000000021d000000|  0%| F|  |TAMS 0x000000021c000000, 0x000000021c000000| Untracked 
| 411|0x000000021d000000, 0x000000021d000000, 0x000000021e000000|  0%| F|  |TAMS 0x000000021d000000, 0x000000021d000000| Untracked 
| 412|0x000000021e000000, 0x000000021e000000, 0x000000021f000000|  0%| F|  |TAMS 0x000000021e000000, 0x000000021e000000| Untracked 
| 413|0x000000021f000000, 0x000000021f000000, 0x0000000220000000|  0%| F|  |TAMS 0x000000021f000000, 0x000000021f000000| Untracked 
| 414|0x0000000220000000, 0x0000000220000000, 0x0000000221000000|  0%| F|  |TAMS 0x0000000220000000, 0x0000000220000000| Untracked 
| 415|0x0000000221000000, 0x0000000221000000, 0x0000000222000000|  0%| F|  |TAMS 0x0000000221000000, 0x0000000221000000| Untracked 
| 416|0x0000000222000000, 0x0000000222000000, 0x0000000223000000|  0%| F|  |TAMS 0x0000000222000000, 0x0000000222000000| Untracked 
| 417|0x0000000223000000, 0x0000000223000000, 0x0000000224000000|  0%| F|  |TAMS 0x0000000223000000, 0x0000000223000000| Untracked 
| 418|0x0000000224000000, 0x0000000224000000, 0x0000000225000000|  0%| F|  |TAMS 0x0000000224000000, 0x0000000224000000| Untracked 
| 419|0x0000000225000000, 0x0000000225000000, 0x0000000226000000|  0%| F|  |TAMS 0x0000000225000000, 0x0000000225000000| Untracked 
| 420|0x0000000226000000, 0x0000000226000000, 0x0000000227000000|  0%| F|  |TAMS 0x0000000226000000, 0x0000000226000000| Untracked 
| 421|0x0000000227000000, 0x0000000227000000, 0x0000000228000000|  0%| F|  |TAMS 0x0000000227000000, 0x0000000227000000| Untracked 
| 422|0x0000000228000000, 0x0000000228000000, 0x0000000229000000|  0%| F|  |TAMS 0x0000000228000000, 0x0000000228000000| Untracked 
| 423|0x0000000229000000, 0x0000000229000000, 0x000000022a000000|  0%| F|  |TAMS 0x0000000229000000, 0x0000000229000000| Untracked 
| 424|0x000000022a000000, 0x000000022a000000, 0x000000022b000000|  0%| F|  |TAMS 0x000000022a000000, 0x000000022a000000| Untracked 
| 425|0x000000022b000000, 0x000000022b000000, 0x000000022c000000|  0%| F|  |TAMS 0x000000022b000000, 0x000000022b000000| Untracked 
| 426|0x000000022c000000, 0x000000022c000000, 0x000000022d000000|  0%| F|  |TAMS 0x000000022c000000, 0x000000022c000000| Untracked 
| 427|0x000000022d000000, 0x000000022d000000, 0x000000022e000000|  0%| F|  |TAMS 0x000000022d000000, 0x000000022d000000| Untracked 
| 428|0x000000022e000000, 0x000000022e000000, 0x000000022f000000|  0%| F|  |TAMS 0x000000022e000000, 0x000000022e000000| Untracked 
| 429|0x000000022f000000, 0x000000022f000000, 0x0000000230000000|  0%| F|  |TAMS 0x000000022f000000, 0x000000022f000000| Untracked 
| 430|0x0000000230000000, 0x0000000230000000, 0x0000000231000000|  0%| F|  |TAMS 0x0000000230000000, 0x0000000230000000| Untracked 
| 431|0x0000000231000000, 0x0000000231000000, 0x0000000232000000|  0%| F|  |TAMS 0x0000000231000000, 0x0000000231000000| Untracked 
| 432|0x0000000232000000, 0x0000000232000000, 0x0000000233000000|  0%| F|  |TAMS 0x0000000232000000, 0x0000000232000000| Untracked 
| 433|0x0000000233000000, 0x0000000233000000, 0x0000000234000000|  0%| F|  |TAMS 0x0000000233000000, 0x0000000233000000| Untracked 
| 434|0x0000000234000000, 0x0000000234000000, 0x0000000235000000|  0%| F|  |TAMS 0x0000000234000000, 0x0000000234000000| Untracked 
| 435|0x0000000235000000, 0x0000000235000000, 0x0000000236000000|  0%| F|  |TAMS 0x0000000235000000, 0x0000000235000000| Untracked 
| 436|0x0000000236000000, 0x0000000236000000, 0x0000000237000000|  0%| F|  |TAMS 0x0000000236000000, 0x0000000236000000| Untracked 
| 437|0x0000000237000000, 0x0000000237000000, 0x0000000238000000|  0%| F|  |TAMS 0x0000000237000000, 0x0000000237000000| Untracked 
| 438|0x0000000238000000, 0x0000000238000000, 0x0000000239000000|  0%| F|  |TAMS 0x0000000238000000, 0x0000000238000000| Untracked 
| 439|0x0000000239000000, 0x0000000239000000, 0x000000023a000000|  0%| F|  |TAMS 0x0000000239000000, 0x0000000239000000| Untracked 
| 440|0x000000023a000000, 0x000000023a000000, 0x000000023b000000|  0%| F|  |TAMS 0x000000023a000000, 0x000000023a000000| Untracked 
| 441|0x000000023b000000, 0x000000023b000000, 0x000000023c000000|  0%| F|  |TAMS 0x000000023b000000, 0x000000023b000000| Untracked 
| 442|0x000000023c000000, 0x000000023c000000, 0x000000023d000000|  0%| F|  |TAMS 0x000000023c000000, 0x000000023c000000| Untracked 
| 443|0x000000023d000000, 0x000000023d000000, 0x000000023e000000|  0%| F|  |TAMS 0x000000023d000000, 0x000000023d000000| Untracked 
| 444|0x000000023e000000, 0x000000023e000000, 0x000000023f000000|  0%| F|  |TAMS 0x000000023e000000, 0x000000023e000000| Untracked 
| 445|0x000000023f000000, 0x000000023f000000, 0x0000000240000000|  0%| F|  |TAMS 0x000000023f000000, 0x000000023f000000| Untracked 
| 446|0x0000000240000000, 0x0000000240000000, 0x0000000241000000|  0%| F|  |TAMS 0x0000000240000000, 0x0000000240000000| Untracked 
| 447|0x0000000241000000, 0x0000000241000000, 0x0000000242000000|  0%| F|  |TAMS 0x0000000241000000, 0x0000000241000000| Untracked 
| 448|0x0000000242000000, 0x0000000242000000, 0x0000000243000000|  0%| F|  |TAMS 0x0000000242000000, 0x0000000242000000| Untracked 
| 449|0x0000000243000000, 0x0000000243000000, 0x0000000244000000|  0%| F|  |TAMS 0x0000000243000000, 0x0000000243000000| Untracked 
| 450|0x0000000244000000, 0x0000000244000000, 0x0000000245000000|  0%| F|  |TAMS 0x0000000244000000, 0x0000000244000000| Untracked 
| 451|0x0000000245000000, 0x0000000245000000, 0x0000000246000000|  0%| F|  |TAMS 0x0000000245000000, 0x0000000245000000| Untracked 
| 452|0x0000000246000000, 0x0000000246000000, 0x0000000247000000|  0%| F|  |TAMS 0x0000000246000000, 0x0000000246000000| Untracked 
| 453|0x0000000247000000, 0x0000000247000000, 0x0000000248000000|  0%| F|  |TAMS 0x0000000247000000, 0x0000000247000000| Untracked 
| 454|0x0000000248000000, 0x0000000248000000, 0x0000000249000000|  0%| F|  |TAMS 0x0000000248000000, 0x0000000248000000| Untracked 
| 455|0x0000000249000000, 0x0000000249000000, 0x000000024a000000|  0%| F|  |TAMS 0x0000000249000000, 0x0000000249000000| Untracked 
| 456|0x000000024a000000, 0x000000024a000000, 0x000000024b000000|  0%| F|  |TAMS 0x000000024a000000, 0x000000024a000000| Untracked 
| 457|0x000000024b000000, 0x000000024b000000, 0x000000024c000000|  0%| F|  |TAMS 0x000000024b000000, 0x000000024b000000| Untracked 
| 458|0x000000024c000000, 0x000000024c000000, 0x000000024d000000|  0%| F|  |TAMS 0x000000024c000000, 0x000000024c000000| Untracked 
| 459|0x000000024d000000, 0x000000024d000000, 0x000000024e000000|  0%| F|  |TAMS 0x000000024d000000, 0x000000024d000000| Untracked 
| 460|0x000000024e000000, 0x000000024e000000, 0x000000024f000000|  0%| F|  |TAMS 0x000000024e000000, 0x000000024e000000| Untracked 
| 461|0x000000024f000000, 0x000000024f000000, 0x0000000250000000|  0%| F|  |TAMS 0x000000024f000000, 0x000000024f000000| Untracked 
| 462|0x0000000250000000, 0x0000000250000000, 0x0000000251000000|  0%| F|  |TAMS 0x0000000250000000, 0x0000000250000000| Untracked 
| 463|0x0000000251000000, 0x0000000251000000, 0x0000000252000000|  0%| F|  |TAMS 0x0000000251000000, 0x0000000251000000| Untracked 
| 464|0x0000000252000000, 0x0000000252000000, 0x0000000253000000|  0%| F|  |TAMS 0x0000000252000000, 0x0000000252000000| Untracked 
| 465|0x0000000253000000, 0x0000000253000000, 0x0000000254000000|  0%| F|  |TAMS 0x0000000253000000, 0x0000000253000000| Untracked 
| 466|0x0000000254000000, 0x0000000254000000, 0x0000000255000000|  0%| F|  |TAMS 0x0000000254000000, 0x0000000254000000| Untracked 
| 467|0x0000000255000000, 0x0000000255000000, 0x0000000256000000|  0%| F|  |TAMS 0x0000000255000000, 0x0000000255000000| Untracked 
| 468|0x0000000256000000, 0x0000000256000000, 0x0000000257000000|  0%| F|  |TAMS 0x0000000256000000, 0x0000000256000000| Untracked 
| 469|0x0000000257000000, 0x0000000257000000, 0x0000000258000000|  0%| F|  |TAMS 0x0000000257000000, 0x0000000257000000| Untracked 
| 470|0x0000000258000000, 0x0000000258000000, 0x0000000259000000|  0%| F|  |TAMS 0x0000000258000000, 0x0000000258000000| Untracked 
| 471|0x0000000259000000, 0x0000000259000000, 0x000000025a000000|  0%| F|  |TAMS 0x0000000259000000, 0x0000000259000000| Untracked 
| 472|0x000000025a000000, 0x000000025a000000, 0x000000025b000000|  0%| F|  |TAMS 0x000000025a000000, 0x000000025a000000| Untracked 
| 473|0x000000025b000000, 0x000000025b000000, 0x000000025c000000|  0%| F|  |TAMS 0x000000025b000000, 0x000000025b000000| Untracked 
| 474|0x000000025c000000, 0x000000025c000000, 0x000000025d000000|  0%| F|  |TAMS 0x000000025c000000, 0x000000025c000000| Untracked 
| 475|0x000000025d000000, 0x000000025d000000, 0x000000025e000000|  0%| F|  |TAMS 0x000000025d000000, 0x000000025d000000| Untracked 
| 476|0x000000025e000000, 0x000000025e000000, 0x000000025f000000|  0%| F|  |TAMS 0x000000025e000000, 0x000000025e000000| Untracked 
| 477|0x000000025f000000, 0x000000025f000000, 0x0000000260000000|  0%| F|  |TAMS 0x000000025f000000, 0x000000025f000000| Untracked 
| 478|0x0000000260000000, 0x0000000260000000, 0x0000000261000000|  0%| F|  |TAMS 0x0000000260000000, 0x0000000260000000| Untracked 
| 479|0x0000000261000000, 0x0000000261000000, 0x0000000262000000|  0%| F|  |TAMS 0x0000000261000000, 0x0000000261000000| Untracked 
| 480|0x0000000262000000, 0x0000000262000000, 0x0000000263000000|  0%| F|  |TAMS 0x0000000262000000, 0x0000000262000000| Untracked 
| 481|0x0000000263000000, 0x0000000263000000, 0x0000000264000000|  0%| F|  |TAMS 0x0000000263000000, 0x0000000263000000| Untracked 
| 482|0x0000000264000000, 0x0000000264000000, 0x0000000265000000|  0%| F|  |TAMS 0x0000000264000000, 0x0000000264000000| Untracked 
| 483|0x0000000265000000, 0x0000000265000000, 0x0000000266000000|  0%| F|  |TAMS 0x0000000265000000, 0x0000000265000000| Untracked 
| 484|0x0000000266000000, 0x0000000266000000, 0x0000000267000000|  0%| F|  |TAMS 0x0000000266000000, 0x0000000266000000| Untracked 
| 485|0x0000000267000000, 0x0000000267000000, 0x0000000268000000|  0%| F|  |TAMS 0x0000000267000000, 0x0000000267000000| Untracked 
| 486|0x0000000268000000, 0x0000000268000000, 0x0000000269000000|  0%| F|  |TAMS 0x0000000268000000, 0x0000000268000000| Untracked 
| 487|0x0000000269000000, 0x0000000269000000, 0x000000026a000000|  0%| F|  |TAMS 0x0000000269000000, 0x0000000269000000| Untracked 
| 488|0x000000026a000000, 0x000000026a000000, 0x000000026b000000|  0%| F|  |TAMS 0x000000026a000000, 0x000000026a000000| Untracked 
| 489|0x000000026b000000, 0x000000026b000000, 0x000000026c000000|  0%| F|  |TAMS 0x000000026b000000, 0x000000026b000000| Untracked 
| 490|0x000000026c000000, 0x000000026c000000, 0x000000026d000000|  0%| F|  |TAMS 0x000000026c000000, 0x000000026c000000| Untracked 
| 491|0x000000026d000000, 0x000000026d000000, 0x000000026e000000|  0%| F|  |TAMS 0x000000026d000000, 0x000000026d000000| Untracked 
| 492|0x000000026e000000, 0x000000026e000000, 0x000000026f000000|  0%| F|  |TAMS 0x000000026e000000, 0x000000026e000000| Untracked 
| 493|0x000000026f000000, 0x000000026f000000, 0x0000000270000000|  0%| F|  |TAMS 0x000000026f000000, 0x000000026f000000| Untracked 
| 494|0x0000000270000000, 0x0000000270000000, 0x0000000271000000|  0%| F|  |TAMS 0x0000000270000000, 0x0000000270000000| Untracked 
| 495|0x0000000271000000, 0x0000000271000000, 0x0000000272000000|  0%| F|  |TAMS 0x0000000271000000, 0x0000000271000000| Untracked 
| 496|0x0000000272000000, 0x0000000272000000, 0x0000000273000000|  0%| F|  |TAMS 0x0000000272000000, 0x0000000272000000| Untracked 
| 497|0x0000000273000000, 0x0000000273000000, 0x0000000274000000|  0%| F|  |TAMS 0x0000000273000000, 0x0000000273000000| Untracked 
| 498|0x0000000274000000, 0x0000000274000000, 0x0000000275000000|  0%| F|  |TAMS 0x0000000274000000, 0x0000000274000000| Untracked 
| 499|0x0000000275000000, 0x0000000275000000, 0x0000000276000000|  0%| F|  |TAMS 0x0000000275000000, 0x0000000275000000| Untracked 
| 500|0x0000000276000000, 0x0000000276000000, 0x0000000277000000|  0%| F|  |TAMS 0x0000000276000000, 0x0000000276000000| Untracked 
| 501|0x0000000277000000, 0x0000000277000000, 0x0000000278000000|  0%| F|  |TAMS 0x0000000277000000, 0x0000000277000000| Untracked 
| 502|0x0000000278000000, 0x0000000278000000, 0x0000000279000000|  0%| F|  |TAMS 0x0000000278000000, 0x0000000278000000| Untracked 
| 503|0x0000000279000000, 0x0000000279000000, 0x000000027a000000|  0%| F|  |TAMS 0x0000000279000000, 0x0000000279000000| Untracked 
| 504|0x000000027a000000, 0x000000027a000000, 0x000000027b000000|  0%| F|  |TAMS 0x000000027a000000, 0x000000027a000000| Untracked 
| 505|0x000000027b000000, 0x000000027b000000, 0x000000027c000000|  0%| F|  |TAMS 0x000000027b000000, 0x000000027b000000| Untracked 
| 506|0x000000027c000000, 0x000000027c000000, 0x000000027d000000|  0%| F|  |TAMS 0x000000027c000000, 0x000000027c000000| Untracked 
| 507|0x000000027d000000, 0x000000027d000000, 0x000000027e000000|  0%| F|  |TAMS 0x000000027d000000, 0x000000027d000000| Untracked 
| 508|0x000000027e000000, 0x000000027e000000, 0x000000027f000000|  0%| F|  |TAMS 0x000000027e000000, 0x000000027e000000| Untracked 
| 509|0x000000027f000000, 0x000000027f000000, 0x0000000280000000|  0%| F|  |TAMS 0x000000027f000000, 0x000000027f000000| Untracked 
| 510|0x0000000280000000, 0x0000000280000000, 0x0000000281000000|  0%| F|  |TAMS 0x0000000280000000, 0x0000000280000000| Untracked 
| 511|0x0000000281000000, 0x0000000281000000, 0x0000000282000000|  0%| F|  |TAMS 0x0000000281000000, 0x0000000281000000| Untracked 
| 512|0x0000000282000000, 0x0000000282000000, 0x0000000283000000|  0%| F|  |TAMS 0x0000000282000000, 0x0000000282000000| Untracked 
| 513|0x0000000283000000, 0x0000000283000000, 0x0000000284000000|  0%| F|  |TAMS 0x0000000283000000, 0x0000000283000000| Untracked 
| 514|0x0000000284000000, 0x0000000284000000, 0x0000000285000000|  0%| F|  |TAMS 0x0000000284000000, 0x0000000284000000| Untracked 
| 515|0x0000000285000000, 0x0000000285000000, 0x0000000286000000|  0%| F|  |TAMS 0x0000000285000000, 0x0000000285000000| Untracked 
| 516|0x0000000286000000, 0x0000000286000000, 0x0000000287000000|  0%| F|  |TAMS 0x0000000286000000, 0x0000000286000000| Untracked 
| 517|0x0000000287000000, 0x0000000287000000, 0x0000000288000000|  0%| F|  |TAMS 0x0000000287000000, 0x0000000287000000| Untracked 
| 518|0x0000000288000000, 0x0000000288000000, 0x0000000289000000|  0%| F|  |TAMS 0x0000000288000000, 0x0000000288000000| Untracked 
| 519|0x0000000289000000, 0x0000000289000000, 0x000000028a000000|  0%| F|  |TAMS 0x0000000289000000, 0x0000000289000000| Untracked 
| 520|0x000000028a000000, 0x000000028a000000, 0x000000028b000000|  0%| F|  |TAMS 0x000000028a000000, 0x000000028a000000| Untracked 
| 521|0x000000028b000000, 0x000000028b000000, 0x000000028c000000|  0%| F|  |TAMS 0x000000028b000000, 0x000000028b000000| Untracked 
| 522|0x000000028c000000, 0x000000028c000000, 0x000000028d000000|  0%| F|  |TAMS 0x000000028c000000, 0x000000028c000000| Untracked 
| 523|0x000000028d000000, 0x000000028d000000, 0x000000028e000000|  0%| F|  |TAMS 0x000000028d000000, 0x000000028d000000| Untracked 
| 524|0x000000028e000000, 0x000000028e000000, 0x000000028f000000|  0%| F|  |TAMS 0x000000028e000000, 0x000000028e000000| Untracked 
| 525|0x000000028f000000, 0x000000028f000000, 0x0000000290000000|  0%| F|  |TAMS 0x000000028f000000, 0x000000028f000000| Untracked 
| 526|0x0000000290000000, 0x0000000290000000, 0x0000000291000000|  0%| F|  |TAMS 0x0000000290000000, 0x0000000290000000| Untracked 
| 527|0x0000000291000000, 0x0000000291000000, 0x0000000292000000|  0%| F|  |TAMS 0x0000000291000000, 0x0000000291000000| Untracked 
| 528|0x0000000292000000, 0x0000000292000000, 0x0000000293000000|  0%| F|  |TAMS 0x0000000292000000, 0x0000000292000000| Untracked 
| 529|0x0000000293000000, 0x0000000293000000, 0x0000000294000000|  0%| F|  |TAMS 0x0000000293000000, 0x0000000293000000| Untracked 
| 530|0x0000000294000000, 0x0000000294000000, 0x0000000295000000|  0%| F|  |TAMS 0x0000000294000000, 0x0000000294000000| Untracked 
| 531|0x0000000295000000, 0x0000000295000000, 0x0000000296000000|  0%| F|  |TAMS 0x0000000295000000, 0x0000000295000000| Untracked 
| 532|0x0000000296000000, 0x0000000296000000, 0x0000000297000000|  0%| F|  |TAMS 0x0000000296000000, 0x0000000296000000| Untracked 
| 533|0x0000000297000000, 0x0000000297000000, 0x0000000298000000|  0%| F|  |TAMS 0x0000000297000000, 0x0000000297000000| Untracked 
| 534|0x0000000298000000, 0x0000000298000000, 0x0000000299000000|  0%| F|  |TAMS 0x0000000298000000, 0x0000000298000000| Untracked 
| 535|0x0000000299000000, 0x0000000299000000, 0x000000029a000000|  0%| F|  |TAMS 0x0000000299000000, 0x0000000299000000| Untracked 
| 536|0x000000029a000000, 0x000000029a000000, 0x000000029b000000|  0%| F|  |TAMS 0x000000029a000000, 0x000000029a000000| Untracked 
| 537|0x000000029b000000, 0x000000029b000000, 0x000000029c000000|  0%| F|  |TAMS 0x000000029b000000, 0x000000029b000000| Untracked 
| 538|0x000000029c000000, 0x000000029c000000, 0x000000029d000000|  0%| F|  |TAMS 0x000000029c000000, 0x000000029c000000| Untracked 
| 539|0x000000029d000000, 0x000000029d000000, 0x000000029e000000|  0%| F|  |TAMS 0x000000029d000000, 0x000000029d000000| Untracked 
| 540|0x000000029e000000, 0x000000029e000000, 0x000000029f000000|  0%| F|  |TAMS 0x000000029e000000, 0x000000029e000000| Untracked 
| 541|0x000000029f000000, 0x000000029f000000, 0x00000002a0000000|  0%| F|  |TAMS 0x000000029f000000, 0x000000029f000000| Untracked 
| 542|0x00000002a0000000, 0x00000002a0000000, 0x00000002a1000000|  0%| F|  |TAMS 0x00000002a0000000, 0x00000002a0000000| Untracked 
| 543|0x00000002a1000000, 0x00000002a1000000, 0x00000002a2000000|  0%| F|  |TAMS 0x00000002a1000000, 0x00000002a1000000| Untracked 
| 544|0x00000002a2000000, 0x00000002a2000000, 0x00000002a3000000|  0%| F|  |TAMS 0x00000002a2000000, 0x00000002a2000000| Untracked 
| 545|0x00000002a3000000, 0x00000002a3000000, 0x00000002a4000000|  0%| F|  |TAMS 0x00000002a3000000, 0x00000002a3000000| Untracked 
| 546|0x00000002a4000000, 0x00000002a4000000, 0x00000002a5000000|  0%| F|  |TAMS 0x00000002a4000000, 0x00000002a4000000| Untracked 
| 547|0x00000002a5000000, 0x00000002a5000000, 0x00000002a6000000|  0%| F|  |TAMS 0x00000002a5000000, 0x00000002a5000000| Untracked 
| 548|0x00000002a6000000, 0x00000002a6000000, 0x00000002a7000000|  0%| F|  |TAMS 0x00000002a6000000, 0x00000002a6000000| Untracked 
| 549|0x00000002a7000000, 0x00000002a7000000, 0x00000002a8000000|  0%| F|  |TAMS 0x00000002a7000000, 0x00000002a7000000| Untracked 
| 550|0x00000002a8000000, 0x00000002a8000000, 0x00000002a9000000|  0%| F|  |TAMS 0x00000002a8000000, 0x00000002a8000000| Untracked 
| 551|0x00000002a9000000, 0x00000002a9000000, 0x00000002aa000000|  0%| F|  |TAMS 0x00000002a9000000, 0x00000002a9000000| Untracked 
| 552|0x00000002aa000000, 0x00000002aa000000, 0x00000002ab000000|  0%| F|  |TAMS 0x00000002aa000000, 0x00000002aa000000| Untracked 
| 553|0x00000002ab000000, 0x00000002ab000000, 0x00000002ac000000|  0%| F|  |TAMS 0x00000002ab000000, 0x00000002ab000000| Untracked 
| 554|0x00000002ac000000, 0x00000002ac000000, 0x00000002ad000000|  0%| F|  |TAMS 0x00000002ac000000, 0x00000002ac000000| Untracked 
| 555|0x00000002ad000000, 0x00000002ad000000, 0x00000002ae000000|  0%| F|  |TAMS 0x00000002ad000000, 0x00000002ad000000| Untracked 
| 556|0x00000002ae000000, 0x00000002ae000000, 0x00000002af000000|  0%| F|  |TAMS 0x00000002ae000000, 0x00000002ae000000| Untracked 
| 557|0x00000002af000000, 0x00000002af000000, 0x00000002b0000000|  0%| F|  |TAMS 0x00000002af000000, 0x00000002af000000| Untracked 
| 558|0x00000002b0000000, 0x00000002b0000000, 0x00000002b1000000|  0%| F|  |TAMS 0x00000002b0000000, 0x00000002b0000000| Untracked 
| 559|0x00000002b1000000, 0x00000002b1000000, 0x00000002b2000000|  0%| F|  |TAMS 0x00000002b1000000, 0x00000002b1000000| Untracked 
| 560|0x00000002b2000000, 0x00000002b2000000, 0x00000002b3000000|  0%| F|  |TAMS 0x00000002b2000000, 0x00000002b2000000| Untracked 
| 561|0x00000002b3000000, 0x00000002b3000000, 0x00000002b4000000|  0%| F|  |TAMS 0x00000002b3000000, 0x00000002b3000000| Untracked 
| 562|0x00000002b4000000, 0x00000002b4000000, 0x00000002b5000000|  0%| F|  |TAMS 0x00000002b4000000, 0x00000002b4000000| Untracked 
| 563|0x00000002b5000000, 0x00000002b5000000, 0x00000002b6000000|  0%| F|  |TAMS 0x00000002b5000000, 0x00000002b5000000| Untracked 
| 564|0x00000002b6000000, 0x00000002b6000000, 0x00000002b7000000|  0%| F|  |TAMS 0x00000002b6000000, 0x00000002b6000000| Untracked 
| 565|0x00000002b7000000, 0x00000002b7000000, 0x00000002b8000000|  0%| F|  |TAMS 0x00000002b7000000, 0x00000002b7000000| Untracked 
| 566|0x00000002b8000000, 0x00000002b8000000, 0x00000002b9000000|  0%| F|  |TAMS 0x00000002b8000000, 0x00000002b8000000| Untracked 
| 567|0x00000002b9000000, 0x00000002b9000000, 0x00000002ba000000|  0%| F|  |TAMS 0x00000002b9000000, 0x00000002b9000000| Untracked 
| 568|0x00000002ba000000, 0x00000002ba000000, 0x00000002bb000000|  0%| F|  |TAMS 0x00000002ba000000, 0x00000002ba000000| Untracked 
| 569|0x00000002bb000000, 0x00000002bb000000, 0x00000002bc000000|  0%| F|  |TAMS 0x00000002bb000000, 0x00000002bb000000| Untracked 
| 570|0x00000002bc000000, 0x00000002bc000000, 0x00000002bd000000|  0%| F|  |TAMS 0x00000002bc000000, 0x00000002bc000000| Untracked 
| 571|0x00000002bd000000, 0x00000002bd000000, 0x00000002be000000|  0%| F|  |TAMS 0x00000002bd000000, 0x00000002bd000000| Untracked 
| 572|0x00000002be000000, 0x00000002be000000, 0x00000002bf000000|  0%| F|  |TAMS 0x00000002be000000, 0x00000002be000000| Untracked 
| 573|0x00000002bf000000, 0x00000002bf000000, 0x00000002c0000000|  0%| F|  |TAMS 0x00000002bf000000, 0x00000002bf000000| Untracked 
| 574|0x00000002c0000000, 0x00000002c0000000, 0x00000002c1000000|  0%| F|  |TAMS 0x00000002c0000000, 0x00000002c0000000| Untracked 
| 575|0x00000002c1000000, 0x00000002c1000000, 0x00000002c2000000|  0%| F|  |TAMS 0x00000002c1000000, 0x00000002c1000000| Untracked 
| 576|0x00000002c2000000, 0x00000002c2000000, 0x00000002c3000000|  0%| F|  |TAMS 0x00000002c2000000, 0x00000002c2000000| Untracked 
| 577|0x00000002c3000000, 0x00000002c3000000, 0x00000002c4000000|  0%| F|  |TAMS 0x00000002c3000000, 0x00000002c3000000| Untracked 
| 578|0x00000002c4000000, 0x00000002c4000000, 0x00000002c5000000|  0%| F|  |TAMS 0x00000002c4000000, 0x00000002c4000000| Untracked 
| 579|0x00000002c5000000, 0x00000002c5000000, 0x00000002c6000000|  0%| F|  |TAMS 0x00000002c5000000, 0x00000002c5000000| Untracked 
| 580|0x00000002c6000000, 0x00000002c6000000, 0x00000002c7000000|  0%| F|  |TAMS 0x00000002c6000000, 0x00000002c6000000| Untracked 
| 581|0x00000002c7000000, 0x00000002c7000000, 0x00000002c8000000|  0%| F|  |TAMS 0x00000002c7000000, 0x00000002c7000000| Untracked 
| 582|0x00000002c8000000, 0x00000002c8000000, 0x00000002c9000000|  0%| F|  |TAMS 0x00000002c8000000, 0x00000002c8000000| Untracked 
| 583|0x00000002c9000000, 0x00000002c9000000, 0x00000002ca000000|  0%| F|  |TAMS 0x00000002c9000000, 0x00000002c9000000| Untracked 
| 584|0x00000002ca000000, 0x00000002ca000000, 0x00000002cb000000|  0%| F|  |TAMS 0x00000002ca000000, 0x00000002ca000000| Untracked 
| 585|0x00000002cb000000, 0x00000002cb000000, 0x00000002cc000000|  0%| F|  |TAMS 0x00000002cb000000, 0x00000002cb000000| Untracked 
| 586|0x00000002cc000000, 0x00000002cc000000, 0x00000002cd000000|  0%| F|  |TAMS 0x00000002cc000000, 0x00000002cc000000| Untracked 
| 587|0x00000002cd000000, 0x00000002cd000000, 0x00000002ce000000|  0%| F|  |TAMS 0x00000002cd000000, 0x00000002cd000000| Untracked 
| 588|0x00000002ce000000, 0x00000002ce000000, 0x00000002cf000000|  0%| F|  |TAMS 0x00000002ce000000, 0x00000002ce000000| Untracked 
| 589|0x00000002cf000000, 0x00000002cf000000, 0x00000002d0000000|  0%| F|  |TAMS 0x00000002cf000000, 0x00000002cf000000| Untracked 
| 590|0x00000002d0000000, 0x00000002d0000000, 0x00000002d1000000|  0%| F|  |TAMS 0x00000002d0000000, 0x00000002d0000000| Untracked 
| 591|0x00000002d1000000, 0x00000002d1000000, 0x00000002d2000000|  0%| F|  |TAMS 0x00000002d1000000, 0x00000002d1000000| Untracked 
| 592|0x00000002d2000000, 0x00000002d2000000, 0x00000002d3000000|  0%| F|  |TAMS 0x00000002d2000000, 0x00000002d2000000| Untracked 
| 593|0x00000002d3000000, 0x00000002d3000000, 0x00000002d4000000|  0%| F|  |TAMS 0x00000002d3000000, 0x00000002d3000000| Untracked 
| 594|0x00000002d4000000, 0x00000002d4000000, 0x00000002d5000000|  0%| F|  |TAMS 0x00000002d4000000, 0x00000002d4000000| Untracked 
| 595|0x00000002d5000000, 0x00000002d5000000, 0x00000002d6000000|  0%| F|  |TAMS 0x00000002d5000000, 0x00000002d5000000| Untracked 
| 596|0x00000002d6000000, 0x00000002d6000000, 0x00000002d7000000|  0%| F|  |TAMS 0x00000002d6000000, 0x00000002d6000000| Untracked 
| 597|0x00000002d7000000, 0x00000002d7000000, 0x00000002d8000000|  0%| F|  |TAMS 0x00000002d7000000, 0x00000002d7000000| Untracked 
| 598|0x00000002d8000000, 0x00000002d8000000, 0x00000002d9000000|  0%| F|  |TAMS 0x00000002d8000000, 0x00000002d8000000| Untracked 
| 599|0x00000002d9000000, 0x00000002d9000000, 0x00000002da000000|  0%| F|  |TAMS 0x00000002d9000000, 0x00000002d9000000| Untracked 
| 600|0x00000002da000000, 0x00000002da000000, 0x00000002db000000|  0%| F|  |TAMS 0x00000002da000000, 0x00000002da000000| Untracked 
| 601|0x00000002db000000, 0x00000002db000000, 0x00000002dc000000|  0%| F|  |TAMS 0x00000002db000000, 0x00000002db000000| Untracked 
| 602|0x00000002dc000000, 0x00000002dc000000, 0x00000002dd000000|  0%| F|  |TAMS 0x00000002dc000000, 0x00000002dc000000| Untracked 
| 603|0x00000002dd000000, 0x00000002dd000000, 0x00000002de000000|  0%| F|  |TAMS 0x00000002dd000000, 0x00000002dd000000| Untracked 
| 604|0x00000002de000000, 0x00000002de000000, 0x00000002df000000|  0%| F|  |TAMS 0x00000002de000000, 0x00000002de000000| Untracked 
| 605|0x00000002df000000, 0x00000002df000000, 0x00000002e0000000|  0%| F|  |TAMS 0x00000002df000000, 0x00000002df000000| Untracked 
| 606|0x00000002e0000000, 0x00000002e0000000, 0x00000002e1000000|  0%| F|  |TAMS 0x00000002e0000000, 0x00000002e0000000| Untracked 
| 607|0x00000002e1000000, 0x00000002e1000000, 0x00000002e2000000|  0%| F|  |TAMS 0x00000002e1000000, 0x00000002e1000000| Untracked 
| 608|0x00000002e2000000, 0x00000002e2000000, 0x00000002e3000000|  0%| F|  |TAMS 0x00000002e2000000, 0x00000002e2000000| Untracked 
| 609|0x00000002e3000000, 0x00000002e3000000, 0x00000002e4000000|  0%| F|  |TAMS 0x00000002e3000000, 0x00000002e3000000| Untracked 
| 610|0x00000002e4000000, 0x00000002e4000000, 0x00000002e5000000|  0%| F|  |TAMS 0x00000002e4000000, 0x00000002e4000000| Untracked 
| 611|0x00000002e5000000, 0x00000002e5000000, 0x00000002e6000000|  0%| F|  |TAMS 0x00000002e5000000, 0x00000002e5000000| Untracked 
| 612|0x00000002e6000000, 0x00000002e6000000, 0x00000002e7000000|  0%| F|  |TAMS 0x00000002e6000000, 0x00000002e6000000| Untracked 
| 613|0x00000002e7000000, 0x00000002e7000000, 0x00000002e8000000|  0%| F|  |TAMS 0x00000002e7000000, 0x00000002e7000000| Untracked 
| 614|0x00000002e8000000, 0x00000002e8000000, 0x00000002e9000000|  0%| F|  |TAMS 0x00000002e8000000, 0x00000002e8000000| Untracked 
| 615|0x00000002e9000000, 0x00000002e9000000, 0x00000002ea000000|  0%| F|  |TAMS 0x00000002e9000000, 0x00000002e9000000| Untracked 
| 616|0x00000002ea000000, 0x00000002ea000000, 0x00000002eb000000|  0%| F|  |TAMS 0x00000002ea000000, 0x00000002ea000000| Untracked 
| 617|0x00000002eb000000, 0x00000002eb000000, 0x00000002ec000000|  0%| F|  |TAMS 0x00000002eb000000, 0x00000002eb000000| Untracked 
| 618|0x00000002ec000000, 0x00000002ec000000, 0x00000002ed000000|  0%| F|  |TAMS 0x00000002ec000000, 0x00000002ec000000| Untracked 
| 619|0x00000002ed000000, 0x00000002ed000000, 0x00000002ee000000|  0%| F|  |TAMS 0x00000002ed000000, 0x00000002ed000000| Untracked 
| 620|0x00000002ee000000, 0x00000002ee000000, 0x00000002ef000000|  0%| F|  |TAMS 0x00000002ee000000, 0x00000002ee000000| Untracked 
| 621|0x00000002ef000000, 0x00000002ef000000, 0x00000002f0000000|  0%| F|  |TAMS 0x00000002ef000000, 0x00000002ef000000| Untracked 
| 622|0x00000002f0000000, 0x00000002f0000000, 0x00000002f1000000|  0%| F|  |TAMS 0x00000002f0000000, 0x00000002f0000000| Untracked 
| 623|0x00000002f1000000, 0x00000002f1000000, 0x00000002f2000000|  0%| F|  |TAMS 0x00000002f1000000, 0x00000002f1000000| Untracked 
| 624|0x00000002f2000000, 0x00000002f2000000, 0x00000002f3000000|  0%| F|  |TAMS 0x00000002f2000000, 0x00000002f2000000| Untracked 
| 625|0x00000002f3000000, 0x00000002f3000000, 0x00000002f4000000|  0%| F|  |TAMS 0x00000002f3000000, 0x00000002f3000000| Untracked 
| 626|0x00000002f4000000, 0x00000002f4000000, 0x00000002f5000000|  0%| F|  |TAMS 0x00000002f4000000, 0x00000002f4000000| Untracked 
| 627|0x00000002f5000000, 0x00000002f5000000, 0x00000002f6000000|  0%| F|  |TAMS 0x00000002f5000000, 0x00000002f5000000| Untracked 
| 628|0x00000002f6000000, 0x00000002f6000000, 0x00000002f7000000|  0%| F|  |TAMS 0x00000002f6000000, 0x00000002f6000000| Untracked 
| 629|0x00000002f7000000, 0x00000002f7000000, 0x00000002f8000000|  0%| F|  |TAMS 0x00000002f7000000, 0x00000002f7000000| Untracked 
| 630|0x00000002f8000000, 0x00000002f8000000, 0x00000002f9000000|  0%| F|  |TAMS 0x00000002f8000000, 0x00000002f8000000| Untracked 
| 631|0x00000002f9000000, 0x00000002f9000000, 0x00000002fa000000|  0%| F|  |TAMS 0x00000002f9000000, 0x00000002f9000000| Untracked 
| 632|0x00000002fa000000, 0x00000002fa000000, 0x00000002fb000000|  0%| F|  |TAMS 0x00000002fa000000, 0x00000002fa000000| Untracked 
| 633|0x00000002fb000000, 0x00000002fb000000, 0x00000002fc000000|  0%| F|  |TAMS 0x00000002fb000000, 0x00000002fb000000| Untracked 
| 634|0x00000002fc000000, 0x00000002fc000000, 0x00000002fd000000|  0%| F|  |TAMS 0x00000002fc000000, 0x00000002fc000000| Untracked 
| 635|0x00000002fd000000, 0x00000002fd000000, 0x00000002fe000000|  0%| F|  |TAMS 0x00000002fd000000, 0x00000002fd000000| Untracked 
| 636|0x00000002fe000000, 0x00000002fe000000, 0x00000002ff000000|  0%| F|  |TAMS 0x00000002fe000000, 0x00000002fe000000| Untracked 
| 637|0x00000002ff000000, 0x00000002ff000000, 0x0000000300000000|  0%| F|  |TAMS 0x00000002ff000000, 0x00000002ff000000| Untracked 
| 638|0x0000000300000000, 0x0000000300000000, 0x0000000301000000|  0%| F|  |TAMS 0x0000000300000000, 0x0000000300000000| Untracked 
| 639|0x0000000301000000, 0x0000000301000000, 0x0000000302000000|  0%| F|  |TAMS 0x0000000301000000, 0x0000000301000000| Untracked 
| 640|0x0000000302000000, 0x0000000302000000, 0x0000000303000000|  0%| F|  |TAMS 0x0000000302000000, 0x0000000302000000| Untracked 
| 641|0x0000000303000000, 0x0000000303000000, 0x0000000304000000|  0%| F|  |TAMS 0x0000000303000000, 0x0000000303000000| Untracked 
| 642|0x0000000304000000, 0x0000000304000000, 0x0000000305000000|  0%| F|  |TAMS 0x0000000304000000, 0x0000000304000000| Untracked 
| 643|0x0000000305000000, 0x0000000305000000, 0x0000000306000000|  0%| F|  |TAMS 0x0000000305000000, 0x0000000305000000| Untracked 
| 644|0x0000000306000000, 0x0000000306000000, 0x0000000307000000|  0%| F|  |TAMS 0x0000000306000000, 0x0000000306000000| Untracked 
| 645|0x0000000307000000, 0x0000000307000000, 0x0000000308000000|  0%| F|  |TAMS 0x0000000307000000, 0x0000000307000000| Untracked 
| 646|0x0000000308000000, 0x0000000308000000, 0x0000000309000000|  0%| F|  |TAMS 0x0000000308000000, 0x0000000308000000| Untracked 
| 647|0x0000000309000000, 0x0000000309000000, 0x000000030a000000|  0%| F|  |TAMS 0x0000000309000000, 0x0000000309000000| Untracked 
| 648|0x000000030a000000, 0x000000030a000000, 0x000000030b000000|  0%| F|  |TAMS 0x000000030a000000, 0x000000030a000000| Untracked 
| 649|0x000000030b000000, 0x000000030b000000, 0x000000030c000000|  0%| F|  |TAMS 0x000000030b000000, 0x000000030b000000| Untracked 
| 650|0x000000030c000000, 0x000000030c000000, 0x000000030d000000|  0%| F|  |TAMS 0x000000030c000000, 0x000000030c000000| Untracked 
| 651|0x000000030d000000, 0x000000030d000000, 0x000000030e000000|  0%| F|  |TAMS 0x000000030d000000, 0x000000030d000000| Untracked 
| 652|0x000000030e000000, 0x000000030e000000, 0x000000030f000000|  0%| F|  |TAMS 0x000000030e000000, 0x000000030e000000| Untracked 
| 653|0x000000030f000000, 0x000000030f000000, 0x0000000310000000|  0%| F|  |TAMS 0x000000030f000000, 0x000000030f000000| Untracked 
| 654|0x0000000310000000, 0x0000000310000000, 0x0000000311000000|  0%| F|  |TAMS 0x0000000310000000, 0x0000000310000000| Untracked 
| 655|0x0000000311000000, 0x0000000311000000, 0x0000000312000000|  0%| F|  |TAMS 0x0000000311000000, 0x0000000311000000| Untracked 
| 656|0x0000000312000000, 0x0000000312000000, 0x0000000313000000|  0%| F|  |TAMS 0x0000000312000000, 0x0000000312000000| Untracked 
| 657|0x0000000313000000, 0x0000000313000000, 0x0000000314000000|  0%| F|  |TAMS 0x0000000313000000, 0x0000000313000000| Untracked 
| 658|0x0000000314000000, 0x0000000314000000, 0x0000000315000000|  0%| F|  |TAMS 0x0000000314000000, 0x0000000314000000| Untracked 
| 659|0x0000000315000000, 0x0000000315000000, 0x0000000316000000|  0%| F|  |TAMS 0x0000000315000000, 0x0000000315000000| Untracked 
| 660|0x0000000316000000, 0x0000000316000000, 0x0000000317000000|  0%| F|  |TAMS 0x0000000316000000, 0x0000000316000000| Untracked 
| 661|0x0000000317000000, 0x0000000317000000, 0x0000000318000000|  0%| F|  |TAMS 0x0000000317000000, 0x0000000317000000| Untracked 
| 662|0x0000000318000000, 0x0000000318000000, 0x0000000319000000|  0%| F|  |TAMS 0x0000000318000000, 0x0000000318000000| Untracked 
| 663|0x0000000319000000, 0x0000000319000000, 0x000000031a000000|  0%| F|  |TAMS 0x0000000319000000, 0x0000000319000000| Untracked 
| 664|0x000000031a000000, 0x000000031a000000, 0x000000031b000000|  0%| F|  |TAMS 0x000000031a000000, 0x000000031a000000| Untracked 
| 665|0x000000031b000000, 0x000000031b000000, 0x000000031c000000|  0%| F|  |TAMS 0x000000031b000000, 0x000000031b000000| Untracked 
| 666|0x000000031c000000, 0x000000031c000000, 0x000000031d000000|  0%| F|  |TAMS 0x000000031c000000, 0x000000031c000000| Untracked 
| 667|0x000000031d000000, 0x000000031d000000, 0x000000031e000000|  0%| F|  |TAMS 0x000000031d000000, 0x000000031d000000| Untracked 
| 668|0x000000031e000000, 0x000000031e000000, 0x000000031f000000|  0%| F|  |TAMS 0x000000031e000000, 0x000000031e000000| Untracked 
| 669|0x000000031f000000, 0x000000031f000000, 0x0000000320000000|  0%| F|  |TAMS 0x000000031f000000, 0x000000031f000000| Untracked 
| 670|0x0000000320000000, 0x0000000320000000, 0x0000000321000000|  0%| F|  |TAMS 0x0000000320000000, 0x0000000320000000| Untracked 
| 671|0x0000000321000000, 0x0000000321000000, 0x0000000322000000|  0%| F|  |TAMS 0x0000000321000000, 0x0000000321000000| Untracked 
| 672|0x0000000322000000, 0x0000000322000000, 0x0000000323000000|  0%| F|  |TAMS 0x0000000322000000, 0x0000000322000000| Untracked 
| 673|0x0000000323000000, 0x0000000323000000, 0x0000000324000000|  0%| F|  |TAMS 0x0000000323000000, 0x0000000323000000| Untracked 
| 674|0x0000000324000000, 0x0000000324000000, 0x0000000325000000|  0%| F|  |TAMS 0x0000000324000000, 0x0000000324000000| Untracked 
| 675|0x0000000325000000, 0x0000000325000000, 0x0000000326000000|  0%| F|  |TAMS 0x0000000325000000, 0x0000000325000000| Untracked 
| 676|0x0000000326000000, 0x0000000326000000, 0x0000000327000000|  0%| F|  |TAMS 0x0000000326000000, 0x0000000326000000| Untracked 
| 677|0x0000000327000000, 0x0000000327000000, 0x0000000328000000|  0%| F|  |TAMS 0x0000000327000000, 0x0000000327000000| Untracked 
| 678|0x0000000328000000, 0x0000000328000000, 0x0000000329000000|  0%| F|  |TAMS 0x0000000328000000, 0x0000000328000000| Untracked 
| 679|0x0000000329000000, 0x0000000329000000, 0x000000032a000000|  0%| F|  |TAMS 0x0000000329000000, 0x0000000329000000| Untracked 
| 680|0x000000032a000000, 0x000000032a000000, 0x000000032b000000|  0%| F|  |TAMS 0x000000032a000000, 0x000000032a000000| Untracked 
| 681|0x000000032b000000, 0x000000032b000000, 0x000000032c000000|  0%| F|  |TAMS 0x000000032b000000, 0x000000032b000000| Untracked 
| 682|0x000000032c000000, 0x000000032c000000, 0x000000032d000000|  0%| F|  |TAMS 0x000000032c000000, 0x000000032c000000| Untracked 
| 683|0x000000032d000000, 0x000000032d000000, 0x000000032e000000|  0%| F|  |TAMS 0x000000032d000000, 0x000000032d000000| Untracked 
| 684|0x000000032e000000, 0x000000032e000000, 0x000000032f000000|  0%| F|  |TAMS 0x000000032e000000, 0x000000032e000000| Untracked 
| 685|0x000000032f000000, 0x000000032f000000, 0x0000000330000000|  0%| F|  |TAMS 0x000000032f000000, 0x000000032f000000| Untracked 
| 686|0x0000000330000000, 0x0000000330000000, 0x0000000331000000|  0%| F|  |TAMS 0x0000000330000000, 0x0000000330000000| Untracked 
| 687|0x0000000331000000, 0x0000000331000000, 0x0000000332000000|  0%| F|  |TAMS 0x0000000331000000, 0x0000000331000000| Untracked 
| 688|0x0000000332000000, 0x0000000332000000, 0x0000000333000000|  0%| F|  |TAMS 0x0000000332000000, 0x0000000332000000| Untracked 
| 689|0x0000000333000000, 0x0000000333000000, 0x0000000334000000|  0%| F|  |TAMS 0x0000000333000000, 0x0000000333000000| Untracked 
| 690|0x0000000334000000, 0x0000000334000000, 0x0000000335000000|  0%| F|  |TAMS 0x0000000334000000, 0x0000000334000000| Untracked 
| 691|0x0000000335000000, 0x0000000335000000, 0x0000000336000000|  0%| F|  |TAMS 0x0000000335000000, 0x0000000335000000| Untracked 
| 692|0x0000000336000000, 0x0000000336000000, 0x0000000337000000|  0%| F|  |TAMS 0x0000000336000000, 0x0000000336000000| Untracked 
| 693|0x0000000337000000, 0x0000000337000000, 0x0000000338000000|  0%| F|  |TAMS 0x0000000337000000, 0x0000000337000000| Untracked 
| 694|0x0000000338000000, 0x0000000338000000, 0x0000000339000000|  0%| F|  |TAMS 0x0000000338000000, 0x0000000338000000| Untracked 
| 695|0x0000000339000000, 0x0000000339000000, 0x000000033a000000|  0%| F|  |TAMS 0x0000000339000000, 0x0000000339000000| Untracked 
| 696|0x000000033a000000, 0x000000033a000000, 0x000000033b000000|  0%| F|  |TAMS 0x000000033a000000, 0x000000033a000000| Untracked 
| 697|0x000000033b000000, 0x000000033b000000, 0x000000033c000000|  0%| F|  |TAMS 0x000000033b000000, 0x000000033b000000| Untracked 
| 698|0x000000033c000000, 0x000000033c000000, 0x000000033d000000|  0%| F|  |TAMS 0x000000033c000000, 0x000000033c000000| Untracked 
| 699|0x000000033d000000, 0x000000033d000000, 0x000000033e000000|  0%| F|  |TAMS 0x000000033d000000, 0x000000033d000000| Untracked 
| 700|0x000000033e000000, 0x000000033e000000, 0x000000033f000000|  0%| F|  |TAMS 0x000000033e000000, 0x000000033e000000| Untracked 
| 701|0x000000033f000000, 0x000000033f000000, 0x0000000340000000|  0%| F|  |TAMS 0x000000033f000000, 0x000000033f000000| Untracked 
| 702|0x0000000340000000, 0x0000000340000000, 0x0000000341000000|  0%| F|  |TAMS 0x0000000340000000, 0x0000000340000000| Untracked 
| 703|0x0000000341000000, 0x0000000341000000, 0x0000000342000000|  0%| F|  |TAMS 0x0000000341000000, 0x0000000341000000| Untracked 
| 704|0x0000000342000000, 0x0000000342000000, 0x0000000343000000|  0%| F|  |TAMS 0x0000000342000000, 0x0000000342000000| Untracked 
| 705|0x0000000343000000, 0x0000000343000000, 0x0000000344000000|  0%| F|  |TAMS 0x0000000343000000, 0x0000000343000000| Untracked 
| 706|0x0000000344000000, 0x0000000344000000, 0x0000000345000000|  0%| F|  |TAMS 0x0000000344000000, 0x0000000344000000| Untracked 
| 707|0x0000000345000000, 0x0000000345000000, 0x0000000346000000|  0%| F|  |TAMS 0x0000000345000000, 0x0000000345000000| Untracked 
| 708|0x0000000346000000, 0x0000000346000000, 0x0000000347000000|  0%| F|  |TAMS 0x0000000346000000, 0x0000000346000000| Untracked 
| 709|0x0000000347000000, 0x0000000347000000, 0x0000000348000000|  0%| F|  |TAMS 0x0000000347000000, 0x0000000347000000| Untracked 
| 710|0x0000000348000000, 0x0000000348000000, 0x0000000349000000|  0%| F|  |TAMS 0x0000000348000000, 0x0000000348000000| Untracked 
| 711|0x0000000349000000, 0x0000000349000000, 0x000000034a000000|  0%| F|  |TAMS 0x0000000349000000, 0x0000000349000000| Untracked 
| 712|0x000000034a000000, 0x000000034a000000, 0x000000034b000000|  0%| F|  |TAMS 0x000000034a000000, 0x000000034a000000| Untracked 
| 713|0x000000034b000000, 0x000000034b000000, 0x000000034c000000|  0%| F|  |TAMS 0x000000034b000000, 0x000000034b000000| Untracked 
| 714|0x000000034c000000, 0x000000034c000000, 0x000000034d000000|  0%| F|  |TAMS 0x000000034c000000, 0x000000034c000000| Untracked 
| 715|0x000000034d000000, 0x000000034d000000, 0x000000034e000000|  0%| F|  |TAMS 0x000000034d000000, 0x000000034d000000| Untracked 
| 716|0x000000034e000000, 0x000000034e000000, 0x000000034f000000|  0%| F|  |TAMS 0x000000034e000000, 0x000000034e000000| Untracked 
| 717|0x000000034f000000, 0x000000034f000000, 0x0000000350000000|  0%| F|  |TAMS 0x000000034f000000, 0x000000034f000000| Untracked 
| 718|0x0000000350000000, 0x0000000350000000, 0x0000000351000000|  0%| F|  |TAMS 0x0000000350000000, 0x0000000350000000| Untracked 
| 719|0x0000000351000000, 0x0000000351000000, 0x0000000352000000|  0%| F|  |TAMS 0x0000000351000000, 0x0000000351000000| Untracked 
| 720|0x0000000352000000, 0x0000000352000000, 0x0000000353000000|  0%| F|  |TAMS 0x0000000352000000, 0x0000000352000000| Untracked 
| 721|0x0000000353000000, 0x0000000353000000, 0x0000000354000000|  0%| F|  |TAMS 0x0000000353000000, 0x0000000353000000| Untracked 
| 722|0x0000000354000000, 0x0000000354000000, 0x0000000355000000|  0%| F|  |TAMS 0x0000000354000000, 0x0000000354000000| Untracked 
| 723|0x0000000355000000, 0x0000000355000000, 0x0000000356000000|  0%| F|  |TAMS 0x0000000355000000, 0x0000000355000000| Untracked 
| 724|0x0000000356000000, 0x0000000356000000, 0x0000000357000000|  0%| F|  |TAMS 0x0000000356000000, 0x0000000356000000| Untracked 
| 725|0x0000000357000000, 0x0000000357000000, 0x0000000358000000|  0%| F|  |TAMS 0x0000000357000000, 0x0000000357000000| Untracked 
| 726|0x0000000358000000, 0x0000000358000000, 0x0000000359000000|  0%| F|  |TAMS 0x0000000358000000, 0x0000000358000000| Untracked 
| 727|0x0000000359000000, 0x0000000359000000, 0x000000035a000000|  0%| F|  |TAMS 0x0000000359000000, 0x0000000359000000| Untracked 
| 728|0x000000035a000000, 0x000000035a000000, 0x000000035b000000|  0%| F|  |TAMS 0x000000035a000000, 0x000000035a000000| Untracked 
| 729|0x000000035b000000, 0x000000035b000000, 0x000000035c000000|  0%| F|  |TAMS 0x000000035b000000, 0x000000035b000000| Untracked 
| 730|0x000000035c000000, 0x000000035c000000, 0x000000035d000000|  0%| F|  |TAMS 0x000000035c000000, 0x000000035c000000| Untracked 
| 731|0x000000035d000000, 0x000000035d000000, 0x000000035e000000|  0%| F|  |TAMS 0x000000035d000000, 0x000000035d000000| Untracked 
| 732|0x000000035e000000, 0x000000035e000000, 0x000000035f000000|  0%| F|  |TAMS 0x000000035e000000, 0x000000035e000000| Untracked 
| 733|0x000000035f000000, 0x000000035f000000, 0x0000000360000000|  0%| F|  |TAMS 0x000000035f000000, 0x000000035f000000| Untracked 
| 734|0x0000000360000000, 0x0000000361000000, 0x0000000361000000|100%| S|CS|TAMS 0x0000000360000000, 0x0000000360000000| Complete 
| 735|0x0000000361000000, 0x0000000362000000, 0x0000000362000000|100%| S|CS|TAMS 0x0000000361000000, 0x0000000361000000| Complete 
| 736|0x0000000362000000, 0x0000000363000000, 0x0000000363000000|100%| S|CS|TAMS 0x0000000362000000, 0x0000000362000000| Complete 
| 737|0x0000000363000000, 0x0000000364000000, 0x0000000364000000|100%| S|CS|TAMS 0x0000000363000000, 0x0000000363000000| Complete 
| 738|0x0000000364000000, 0x0000000365000000, 0x0000000365000000|100%| S|CS|TAMS 0x0000000364000000, 0x0000000364000000| Complete 
| 739|0x0000000365000000, 0x0000000366000000, 0x0000000366000000|100%| S|CS|TAMS 0x0000000365000000, 0x0000000365000000| Complete 
| 740|0x0000000366000000, 0x0000000367000000, 0x0000000367000000|100%| S|CS|TAMS 0x0000000366000000, 0x0000000366000000| Complete 
| 741|0x0000000367000000, 0x0000000368000000, 0x0000000368000000|100%| S|CS|TAMS 0x0000000367000000, 0x0000000367000000| Complete 
| 742|0x0000000368000000, 0x0000000369000000, 0x0000000369000000|100%| S|CS|TAMS 0x0000000368000000, 0x0000000368000000| Complete 
| 743|0x0000000369000000, 0x000000036a000000, 0x000000036a000000|100%| S|CS|TAMS 0x0000000369000000, 0x0000000369000000| Complete 
| 744|0x000000036a000000, 0x000000036b000000, 0x000000036b000000|100%| S|CS|TAMS 0x000000036a000000, 0x000000036a000000| Complete 
| 745|0x000000036b000000, 0x000000036b000000, 0x000000036c000000|  0%| F|  |TAMS 0x000000036b000000, 0x000000036b000000| Untracked 
| 746|0x000000036c000000, 0x000000036c000000, 0x000000036d000000|  0%| F|  |TAMS 0x000000036c000000, 0x000000036c000000| Untracked 
| 747|0x000000036d000000, 0x000000036d000000, 0x000000036e000000|  0%| F|  |TAMS 0x000000036d000000, 0x000000036d000000| Untracked 
| 748|0x000000036e000000, 0x000000036e000000, 0x000000036f000000|  0%| F|  |TAMS 0x000000036e000000, 0x000000036e000000| Untracked 
| 749|0x000000036f000000, 0x000000036f000000, 0x0000000370000000|  0%| F|  |TAMS 0x000000036f000000, 0x000000036f000000| Untracked 
| 750|0x0000000370000000, 0x0000000370000000, 0x0000000371000000|  0%| F|  |TAMS 0x0000000370000000, 0x0000000370000000| Untracked 
| 751|0x0000000371000000, 0x0000000371000000, 0x0000000372000000|  0%| F|  |TAMS 0x0000000371000000, 0x0000000371000000| Untracked 
| 752|0x0000000372000000, 0x0000000372000000, 0x0000000373000000|  0%| F|  |TAMS 0x0000000372000000, 0x0000000372000000| Untracked 
| 753|0x0000000373000000, 0x0000000373000000, 0x0000000374000000|  0%| F|  |TAMS 0x0000000373000000, 0x0000000373000000| Untracked 
| 754|0x0000000374000000, 0x0000000374000000, 0x0000000375000000|  0%| F|  |TAMS 0x0000000374000000, 0x0000000374000000| Untracked 
| 755|0x0000000375000000, 0x0000000375000000, 0x0000000376000000|  0%| F|  |TAMS 0x0000000375000000, 0x0000000375000000| Untracked 
| 756|0x0000000376000000, 0x0000000376000000, 0x0000000377000000|  0%| F|  |TAMS 0x0000000376000000, 0x0000000376000000| Untracked 
| 757|0x0000000377000000, 0x0000000377000000, 0x0000000378000000|  0%| F|  |TAMS 0x0000000377000000, 0x0000000377000000| Untracked 
| 758|0x0000000378000000, 0x0000000378000000, 0x0000000379000000|  0%| F|  |TAMS 0x0000000378000000, 0x0000000378000000| Untracked 
| 759|0x0000000379000000, 0x0000000379000000, 0x000000037a000000|  0%| F|  |TAMS 0x0000000379000000, 0x0000000379000000| Untracked 
| 760|0x000000037a000000, 0x000000037a000000, 0x000000037b000000|  0%| F|  |TAMS 0x000000037a000000, 0x000000037a000000| Untracked 
| 761|0x000000037b000000, 0x000000037b000000, 0x000000037c000000|  0%| F|  |TAMS 0x000000037b000000, 0x000000037b000000| Untracked 
| 762|0x000000037c000000, 0x000000037c000000, 0x000000037d000000|  0%| F|  |TAMS 0x000000037c000000, 0x000000037c000000| Untracked 
| 763|0x000000037d000000, 0x000000037d000000, 0x000000037e000000|  0%| F|  |TAMS 0x000000037d000000, 0x000000037d000000| Untracked 
| 764|0x000000037e000000, 0x000000037e000000, 0x000000037f000000|  0%| F|  |TAMS 0x000000037e000000, 0x000000037e000000| Untracked 
| 765|0x000000037f000000, 0x000000037f000000, 0x0000000380000000|  0%| F|  |TAMS 0x000000037f000000, 0x000000037f000000| Untracked 
| 766|0x0000000380000000, 0x0000000380000000, 0x0000000381000000|  0%| F|  |TAMS 0x0000000380000000, 0x0000000380000000| Untracked 
| 767|0x0000000381000000, 0x0000000381000000, 0x0000000382000000|  0%| F|  |TAMS 0x0000000381000000, 0x0000000381000000| Untracked 
| 768|0x0000000382000000, 0x0000000382000000, 0x0000000383000000|  0%| F|  |TAMS 0x0000000382000000, 0x0000000382000000| Untracked 
| 769|0x0000000383000000, 0x0000000383000000, 0x0000000384000000|  0%| F|  |TAMS 0x0000000383000000, 0x0000000383000000| Untracked 
| 770|0x0000000384000000, 0x0000000384000000, 0x0000000385000000|  0%| F|  |TAMS 0x0000000384000000, 0x0000000384000000| Untracked 
| 771|0x0000000385000000, 0x0000000385000000, 0x0000000386000000|  0%| F|  |TAMS 0x0000000385000000, 0x0000000385000000| Untracked 
| 772|0x0000000386000000, 0x0000000386000000, 0x0000000387000000|  0%| F|  |TAMS 0x0000000386000000, 0x0000000386000000| Untracked 
| 773|0x0000000387000000, 0x0000000387000000, 0x0000000388000000|  0%| F|  |TAMS 0x0000000387000000, 0x0000000387000000| Untracked 
| 774|0x0000000388000000, 0x0000000388000000, 0x0000000389000000|  0%| F|  |TAMS 0x0000000388000000, 0x0000000388000000| Untracked 
| 775|0x0000000389000000, 0x0000000389000000, 0x000000038a000000|  0%| F|  |TAMS 0x0000000389000000, 0x0000000389000000| Untracked 
| 776|0x000000038a000000, 0x000000038a000000, 0x000000038b000000|  0%| F|  |TAMS 0x000000038a000000, 0x000000038a000000| Untracked 
| 777|0x000000038b000000, 0x000000038b000000, 0x000000038c000000|  0%| F|  |TAMS 0x000000038b000000, 0x000000038b000000| Untracked 
| 778|0x000000038c000000, 0x000000038c000000, 0x000000038d000000|  0%| F|  |TAMS 0x000000038c000000, 0x000000038c000000| Untracked 
| 779|0x000000038d000000, 0x000000038d000000, 0x000000038e000000|  0%| F|  |TAMS 0x000000038d000000, 0x000000038d000000| Untracked 
| 780|0x000000038e000000, 0x000000038e000000, 0x000000038f000000|  0%| F|  |TAMS 0x000000038e000000, 0x000000038e000000| Untracked 
| 781|0x000000038f000000, 0x000000038f000000, 0x0000000390000000|  0%| F|  |TAMS 0x000000038f000000, 0x000000038f000000| Untracked 
| 782|0x0000000390000000, 0x0000000390000000, 0x0000000391000000|  0%| F|  |TAMS 0x0000000390000000, 0x0000000390000000| Untracked 
| 783|0x0000000391000000, 0x0000000391000000, 0x0000000392000000|  0%| F|  |TAMS 0x0000000391000000, 0x0000000391000000| Untracked 
| 784|0x0000000392000000, 0x0000000392000000, 0x0000000393000000|  0%| F|  |TAMS 0x0000000392000000, 0x0000000392000000| Untracked 
| 785|0x0000000393000000, 0x0000000393000000, 0x0000000394000000|  0%| F|  |TAMS 0x0000000393000000, 0x0000000393000000| Untracked 
| 786|0x0000000394000000, 0x0000000394000000, 0x0000000395000000|  0%| F|  |TAMS 0x0000000394000000, 0x0000000394000000| Untracked 
| 787|0x0000000395000000, 0x0000000395000000, 0x0000000396000000|  0%| F|  |TAMS 0x0000000395000000, 0x0000000395000000| Untracked 
| 788|0x0000000396000000, 0x0000000396000000, 0x0000000397000000|  0%| F|  |TAMS 0x0000000396000000, 0x0000000396000000| Untracked 
| 789|0x0000000397000000, 0x0000000397000000, 0x0000000398000000|  0%| F|  |TAMS 0x0000000397000000, 0x0000000397000000| Untracked 
| 790|0x0000000398000000, 0x0000000398000000, 0x0000000399000000|  0%| F|  |TAMS 0x0000000398000000, 0x0000000398000000| Untracked 
| 791|0x0000000399000000, 0x0000000399000000, 0x000000039a000000|  0%| F|  |TAMS 0x0000000399000000, 0x0000000399000000| Untracked 
| 792|0x000000039a000000, 0x000000039a000000, 0x000000039b000000|  0%| F|  |TAMS 0x000000039a000000, 0x000000039a000000| Untracked 
| 793|0x000000039b000000, 0x000000039b000000, 0x000000039c000000|  0%| F|  |TAMS 0x000000039b000000, 0x000000039b000000| Untracked 
| 794|0x000000039c000000, 0x000000039c000000, 0x000000039d000000|  0%| F|  |TAMS 0x000000039c000000, 0x000000039c000000| Untracked 
| 795|0x000000039d000000, 0x000000039d000000, 0x000000039e000000|  0%| F|  |TAMS 0x000000039d000000, 0x000000039d000000| Untracked 
| 796|0x000000039e000000, 0x000000039e000000, 0x000000039f000000|  0%| F|  |TAMS 0x000000039e000000, 0x000000039e000000| Untracked 
| 797|0x000000039f000000, 0x000000039f000000, 0x00000003a0000000|  0%| F|  |TAMS 0x000000039f000000, 0x000000039f000000| Untracked 
| 798|0x00000003a0000000, 0x00000003a0000000, 0x00000003a1000000|  0%| F|  |TAMS 0x00000003a0000000, 0x00000003a0000000| Untracked 
| 799|0x00000003a1000000, 0x00000003a1000000, 0x00000003a2000000|  0%| F|  |TAMS 0x00000003a1000000, 0x00000003a1000000| Untracked 
| 800|0x00000003a2000000, 0x00000003a2000000, 0x00000003a3000000|  0%| F|  |TAMS 0x00000003a2000000, 0x00000003a2000000| Untracked 
| 801|0x00000003a3000000, 0x00000003a3000000, 0x00000003a4000000|  0%| F|  |TAMS 0x00000003a3000000, 0x00000003a3000000| Untracked 
| 802|0x00000003a4000000, 0x00000003a4000000, 0x00000003a5000000|  0%| F|  |TAMS 0x00000003a4000000, 0x00000003a4000000| Untracked 
| 803|0x00000003a5000000, 0x00000003a5000000, 0x00000003a6000000|  0%| F|  |TAMS 0x00000003a5000000, 0x00000003a5000000| Untracked 
| 804|0x00000003a6000000, 0x00000003a6000000, 0x00000003a7000000|  0%| F|  |TAMS 0x00000003a6000000, 0x00000003a6000000| Untracked 
| 805|0x00000003a7000000, 0x00000003a7000000, 0x00000003a8000000|  0%| F|  |TAMS 0x00000003a7000000, 0x00000003a7000000| Untracked 
| 806|0x00000003a8000000, 0x00000003a8000000, 0x00000003a9000000|  0%| F|  |TAMS 0x00000003a8000000, 0x00000003a8000000| Untracked 
| 807|0x00000003a9000000, 0x00000003a9000000, 0x00000003aa000000|  0%| F|  |TAMS 0x00000003a9000000, 0x00000003a9000000| Untracked 
| 808|0x00000003aa000000, 0x00000003aa000000, 0x00000003ab000000|  0%| F|  |TAMS 0x00000003aa000000, 0x00000003aa000000| Untracked 
| 809|0x00000003ab000000, 0x00000003ab000000, 0x00000003ac000000|  0%| F|  |TAMS 0x00000003ab000000, 0x00000003ab000000| Untracked 
| 810|0x00000003ac000000, 0x00000003ac000000, 0x00000003ad000000|  0%| F|  |TAMS 0x00000003ac000000, 0x00000003ac000000| Untracked 
| 811|0x00000003ad000000, 0x00000003ad000000, 0x00000003ae000000|  0%| F|  |TAMS 0x00000003ad000000, 0x00000003ad000000| Untracked 
| 812|0x00000003ae000000, 0x00000003ae000000, 0x00000003af000000|  0%| F|  |TAMS 0x00000003ae000000, 0x00000003ae000000| Untracked 
| 813|0x00000003af000000, 0x00000003af000000, 0x00000003b0000000|  0%| F|  |TAMS 0x00000003af000000, 0x00000003af000000| Untracked 
| 814|0x00000003b0000000, 0x00000003b0000000, 0x00000003b1000000|  0%| F|  |TAMS 0x00000003b0000000, 0x00000003b0000000| Untracked 
| 815|0x00000003b1000000, 0x00000003b1000000, 0x00000003b2000000|  0%| F|  |TAMS 0x00000003b1000000, 0x00000003b1000000| Untracked 
|1916|0x00000007fe000000, 0x00000007fef75000, 0x00000007ff000000| 96%|OA|  |TAMS 0x00000007fe000000, 0x00000007fe000000| Untracked 
|1917|0x00000007ff000000, 0x00000007ff078000, 0x0000000800000000|  2%|CA|  |TAMS 0x00000007ff000000, 0x00000007ff000000| Untracked 

Card table byte_map: [0x00007f489c0b4000,0x00007f489fca4000] _byte_map_base: 0x00007f489bca4000

Marking Bits (Prev, Next): (CMBitMap*) 0x00007f48bc068b50, (CMBitMap*) 0x00007f48bc068b90
 Prev Bits: [0x00007f487a544000, 0x00007f48984c4000)
 Next Bits: [0x00007f485c5c4000, 0x00007f487a544000)

Polling page: 0x00007f48c2316000

Metaspace:

Usage:
  Non-class:      7.60 MB used.
      Class:    902.55 KB used.
       Both:      8.48 MB used.

Virtual space:
  Non-class space:       64.00 MB reserved,       7.75 MB ( 12%) committed,  1 nodes.
      Class space:        1.00 GB reserved,       1.06 MB ( <1%) committed,  1 nodes.
             Both:        1.06 GB reserved,       8.81 MB ( <1%) committed. 

Chunk freelists:
   Non-Class:  7.65 MB
       Class:  14.92 MB
        Both:  22.57 MB

MaxMetaspaceSize: unlimited
CompressedClassSpaceSize: 1.00 GB
Initial GC threshold: 21.00 MB
Current GC threshold: 21.00 MB
CDS: on
MetaspaceReclaimPolicy: balanced
 - commit_granule_bytes: 65536.
 - commit_granule_words: 8192.
 - virtual_space_node_default_size: 8388608.
 - enlarge_chunks_in_place: 1.
 - new_chunks_are_fully_committed: 0.
 - uncommit_free_chunks: 1.
 - use_allocation_guard: 0.
 - handle_deallocations: 1.


Internal statistics:

num_allocs_failed_limit: 0.
num_arena_births: 310.
num_arena_deaths: 0.
num_vsnodes_births: 2.
num_vsnodes_deaths: 0.
num_space_committed: 141.
num_space_uncommitted: 0.
num_chunks_returned_to_freelist: 0.
num_chunks_taken_from_freelist: 647.
num_chunk_merges: 0.
num_chunk_splits: 343.
num_chunks_enlarged: 131.
num_inconsistent_stats: 0.

CodeHeap 'non-profiled nmethods': size=119168Kb used=2388Kb max_used=2978Kb free=116779Kb
 bounds [0x00007f48ac908000, 0x00007f48acc08000, 0x00007f48b3d68000]
CodeHeap 'profiled nmethods': size=119164Kb used=5711Kb max_used=7292Kb free=113452Kb
 bounds [0x00007f48a4d68000, 0x00007f48a5488000, 0x00007f48ac1c7000]
CodeHeap 'non-nmethods': size=7428Kb used=1181Kb max_used=2945Kb free=6246Kb
 bounds [0x00007f48ac1c7000, 0x00007f48ac4b7000, 0x00007f48ac908000]
 total_blobs=3418 nmethods=2944 adapters=387
 compilation: enabled
              stopped_count=0, restarted_count=0
 full_count=0

Compilation events (20 events):
Event: 44.198 Thread 0x00007f48bc21dec0 nmethod 3576% 0x00007f48a510ca90 code [0x00007f48a510d060, 0x00007f48a510f970]
Event: 44.208 Thread 0x00007f48bc21c990 nmethod 3558 0x00007f48acbc9e10 code [0x00007f48acbca200, 0x00007f48acbce720]
Event: 44.208 Thread 0x00007f48bc21c990 3570  s!   4       jdk.internal.loader.URLClassPath::getLoader (194 bytes)
Event: 44.214 Thread 0x00007f48bc21c990 nmethod 3570 0x00007f48aca4ef90 code [0x00007f48aca4f1a0, 0x00007f48aca4fcf0]
Event: 44.214 Thread 0x00007f48bc21c990 3572       4       java.lang.Long::stringSize (55 bytes)
Event: 44.215 Thread 0x00007f48bc21c990 nmethod 3572 0x00007f48ac9da290 code [0x00007f48ac9da420, 0x00007f48ac9da5d8]
Event: 44.215 Thread 0x00007f48bc21c990 3573       4       java.lang.Long::getChars (208 bytes)
Event: 44.217 Thread 0x00007f48bc21c990 nmethod 3573 0x00007f48aca9a190 code [0x00007f48aca9a320, 0x00007f48aca9a618]
Event: 44.217 Thread 0x00007f48bc21c990 3566   !   4       org.apache.commons.beanutils.BeanUtilsBean::copyProperties (398 bytes)
Event: 44.219 Thread 0x00007f48bc21c990 nmethod 3566 0x00007f48acaad890 code [0x00007f48acaada40, 0x00007f48acaade18]
Event: 44.219 Thread 0x00007f48bc21c990 3569       4       java.util.LinkedHashMap::valuesToArray (38 bytes)
Event: 44.221 Thread 0x00007f48bc21c990 nmethod 3569 0x00007f48aca94210 code [0x00007f48aca943a0, 0x00007f48aca945b8]
Event: 44.221 Thread 0x00007f48bc21c990 3574       4       java.lang.StringBuilder::append (8 bytes)
Event: 44.227 Thread 0x00007f48bc21c990 nmethod 3574 0x00007f48ac971590 code [0x00007f48ac971740, 0x00007f48ac972278]
Event: 44.227 Thread 0x00007f48bc21c990 3575       4       java.lang.AbstractStringBuilder::append (60 bytes)
Event: 44.233 Thread 0x00007f48bc21c990 nmethod 3575 0x00007f48ac9bff10 code [0x00007f48ac9c00c0, 0x00007f48ac9c0bb8]
Event: 44.236 Thread 0x00007f48bc21dec0 3577   !   3       org.apache.commons.beanutils.memoryleaktests.MemoryLeakTestCase::forceGarbageCollection (249 bytes)
Event: 44.238 Thread 0x00007f48bc21dec0 nmethod 3577 0x00007f48a50a9490 code [0x00007f48a50a9a40, 0x00007f48a50ac210]
Event: 44.248 Thread 0x00007f47d80ed2a0 3578 % !   4       org.apache.commons.beanutils.memoryleaktests.MemoryLeakTestCase::forceGarbageCollection @ 43 (249 bytes)
Event: 44.311 Thread 0x00007f47d80ed2a0 nmethod 3578% 0x00007f48acb1b110 code [0x00007f48acb1b3e0, 0x00007f48acb1cf28]

GC Heap History (20 events):
Event: 47.713 GC heap after
{Heap after GC invocations=14 (full 0):
 garbage-first heap   total 3014656K, used 851437K [0x0000000082000000, 0x0000000800000000)
  region size 16384K, 5 young (81920K), 5 survivors (81920K)
 Metaspace       used 8682K, committed 9024K, reserved 1114112K
  class space    used 902K, committed 1088K, reserved 1048576K
}
Event: 48.178 GC heap before
{Heap before GC invocations=14 (full 0):
 garbage-first heap   total 3014656K, used 1703405K [0x0000000082000000, 0x0000000800000000)
  region size 16384K, 57 young (933888K), 5 survivors (81920K)
 Metaspace       used 8682K, committed 9024K, reserved 1114112K
  class space    used 902K, committed 1088K, reserved 1048576K
}
Event: 48.324 GC heap after
{Heap after GC invocations=15 (full 0):
 garbage-first heap   total 3014656K, used 1092983K [0x0000000082000000, 0x0000000800000000)
  region size 16384K, 8 young (131072K), 8 survivors (131072K)
 Metaspace       used 8682K, committed 9024K, reserved 1114112K
  class space    used 902K, committed 1088K, reserved 1048576K
}
Event: 48.772 GC heap before
{Heap before GC invocations=15 (full 0):
 garbage-first heap   total 3014656K, used 1977719K [0x0000000082000000, 0x0000000800000000)
  region size 16384K, 59 young (966656K), 8 survivors (131072K)
 Metaspace       used 8682K, committed 9024K, reserved 1114112K
  class space    used 902K, committed 1088K, reserved 1048576K
}
Event: 48.890 GC heap after
{Heap after GC invocations=16 (full 0):
 garbage-first heap   total 7962624K, used 1389548K [0x0000000082000000, 0x0000000800000000)
  region size 16384K, 8 young (131072K), 8 survivors (131072K)
 Metaspace       used 8682K, committed 9024K, reserved 1114112K
  class space    used 902K, committed 1088K, reserved 1048576K
}
Event: 50.840 GC heap before
{Heap before GC invocations=16 (full 0):
 garbage-first heap   total 7962624K, used 2438124K [0x0000000082000000, 0x0000000800000000)
  region size 16384K, 72 young (1179648K), 8 survivors (131072K)
 Metaspace       used 8682K, committed 9024K, reserved 1114112K
  class space    used 902K, committed 1088K, reserved 1048576K
}
Event: 50.986 GC heap after
{Heap after GC invocations=17 (full 0):
 garbage-first heap   total 7962624K, used 1694944K [0x0000000082000000, 0x0000000800000000)
  region size 16384K, 9 young (147456K), 9 survivors (147456K)
 Metaspace       used 8682K, committed 9024K, reserved 1114112K
  class space    used 902K, committed 1088K, reserved 1048576K
}
Event: 51.638 GC heap before
{Heap before GC invocations=17 (full 0):
 garbage-first heap   total 7962624K, used 2923744K [0x0000000082000000, 0x0000000800000000)
  region size 16384K, 80 young (1310720K), 9 survivors (147456K)
 Metaspace       used 8682K, committed 9024K, reserved 1114112K
  class space    used 902K, committed 1088K, reserved 1048576K
}
Event: 51.769 GC heap after
{Heap after GC invocations=18 (full 0):
 garbage-first heap   total 7962624K, used 2099955K [0x0000000082000000, 0x0000000800000000)
  region size 16384K, 10 young (163840K), 10 survivors (163840K)
 Metaspace       used 8682K, committed 9024K, reserved 1114112K
  class space    used 902K, committed 1088K, reserved 1048576K
}
Event: 52.311 GC heap before
{Heap before GC invocations=18 (full 0):
 garbage-first heap   total 7962624K, used 3476211K [0x0000000082000000, 0x0000000800000000)
  region size 16384K, 94 young (1540096K), 10 survivors (163840K)
 Metaspace       used 8682K, committed 9024K, reserved 1114112K
  class space    used 902K, committed 1088K, reserved 1048576K
}
Event: 52.513 GC heap after
{Heap after GC invocations=19 (full 0):
 garbage-first heap   total 7962624K, used 2503327K [0x0000000082000000, 0x0000000800000000)
  region size 16384K, 12 young (196608K), 12 survivors (196608K)
 Metaspace       used 8682K, committed 9024K, reserved 1114112K
  class space    used 902K, committed 1088K, reserved 1048576K
}
Event: 52.952 GC heap before
{Heap before GC invocations=19 (full 0):
 garbage-first heap   total 7962624K, used 3945119K [0x0000000082000000, 0x0000000800000000)
  region size 16384K, 95 young (1556480K), 12 survivors (196608K)
 Metaspace       used 8682K, committed 9024K, reserved 1114112K
  class space    used 902K, committed 1088K, reserved 1048576K
}
Event: 53.164 GC heap after
{Heap after GC invocations=20 (full 0):
 garbage-first heap   total 13402112K, used 2989109K [0x0000000082000000, 0x0000000800000000)
  region size 16384K, 12 young (196608K), 12 survivors (196608K)
 Metaspace       used 8682K, committed 9024K, reserved 1114112K
  class space    used 902K, committed 1088K, reserved 1048576K
}
Event: 54.704 GC heap before
{Heap before GC invocations=20 (full 0):
 garbage-first heap   total 13402112K, used 4447285K [0x0000000082000000, 0x0000000800000000)
  region size 16384K, 101 young (1654784K), 12 survivors (196608K)
 Metaspace       used 8682K, committed 9024K, reserved 1114112K
  class space    used 902K, committed 1088K, reserved 1048576K
}
Event: 54.903 GC heap after
{Heap after GC invocations=21 (full 0):
 garbage-first heap   total 13402112K, used 3407796K [0x0000000082000000, 0x0000000800000000)
  region size 16384K, 13 young (212992K), 13 survivors (212992K)
 Metaspace       used 8682K, committed 9024K, reserved 1114112K
  class space    used 902K, committed 1088K, reserved 1048576K
}
Event: 55.158 GC heap before
{Heap before GC invocations=21 (full 0):
 garbage-first heap   total 13402112K, used 4882356K [0x0000000082000000, 0x0000000800000000)
  region size 16384K, 103 young (1687552K), 13 survivors (212992K)
 Metaspace       used 8682K, committed 9024K, reserved 1114112K
  class space    used 902K, committed 1088K, reserved 1048576K
}
Event: 55.343 GC heap after
{Heap after GC invocations=22 (full 0):
 garbage-first heap   total 13402112K, used 3837958K [0x0000000082000000, 0x0000000800000000)
  region size 16384K, 13 young (212992K), 13 survivors (212992K)
 Metaspace       used 8682K, committed 9024K, reserved 1114112K
  class space    used 902K, committed 1088K, reserved 1048576K
}
Event: 55.948 GC heap before
{Heap before GC invocations=22 (full 0):
 garbage-first heap   total 13402112K, used 5574662K [0x0000000082000000, 0x0000000800000000)
  region size 16384K, 111 young (1818624K), 13 survivors (212992K)
 Metaspace       used 8682K, committed 9024K, reserved 1114112K
  class space    used 902K, committed 1088K, reserved 1048576K
}
Event: 56.265 GC heap after
{Heap after GC invocations=23 (full 0):
 garbage-first heap   total 13402112K, used 4448762K [0x0000000082000000, 0x0000000800000000)
  region size 16384K, 14 young (229376K), 14 survivors (229376K)
 Metaspace       used 8682K, committed 9024K, reserved 1114112K
  class space    used 902K, committed 1088K, reserved 1048576K
}
Event: 56.367 GC heap before
{Heap before GC invocations=23 (full 0):
 garbage-first heap   total 13402112K, used 5612026K [0x0000000082000000, 0x0000000800000000)
  region size 16384K, 85 young (1392640K), 14 survivors (229376K)
 Metaspace       used 8682K, committed 9024K, reserved 1114112K
  class space    used 902K, committed 1088K, reserved 1048576K
}

Dll operation events (12 events):
Event: 0.005 Loaded shared library /sfs/gpfs/tardis/applications/202512/software/standard/core/java/17/lib/libjava.so
Event: 0.006 Loaded shared library /sfs/gpfs/tardis/applications/202512/software/standard/core/java/17/lib/libzip.so
Event: 0.264 Loaded shared library /sfs/gpfs/tardis/applications/202512/software/standard/core/java/17/lib/libjsvml.so
Event: 0.506 Loaded shared library /sfs/gpfs/tardis/applications/202512/software/standard/core/java/17/lib/libinstrument.so
Event: 0.579 Loaded shared library /sfs/gpfs/tardis/applications/202512/software/standard/core/java/17/lib/libnio.so
Event: 0.581 Loaded shared library /sfs/gpfs/tardis/applications/202512/software/standard/core/java/17/lib/libzip.so
Event: 0.618 Loaded shared library /sfs/gpfs/tardis/applications/202512/software/standard/core/java/17/lib/libjimage.so
Event: 0.958 Loaded shared library /sfs/gpfs/tardis/applications/202512/software/standard/core/java/17/lib/libverify.so
Event: 1.014 Loaded shared library /sfs/gpfs/tardis/applications/202512/software/standard/core/java/17/lib/libnet.so
Event: 1.136 Loaded shared library /sfs/gpfs/tardis/applications/202512/software/standard/core/java/17/lib/libextnet.so
Event: 1.255 Loaded shared library /sfs/gpfs/tardis/applications/202512/software/standard/core/java/17/lib/libmanagement.so
Event: 1.257 Loaded shared library /sfs/gpfs/tardis/applications/202512/software/standard/core/java/17/lib/libmanagement_ext.so

Deoptimization events (20 events):
Event: 44.089 Thread 0x00007f48bc481250 DEOPT PACKING pc=0x00007f48acbadf5c sp=0x00007f47fedfb920
Event: 44.089 Thread 0x00007f48bc481250 DEOPT UNPACKING pc=0x00007f48ac220b19 sp=0x00007f47fedfb880 mode 2
Event: 44.106 Thread 0x00007f48bc481250 Uncommon trap: trap_request=0xffffff45 fr.pc=0x00007f48acb229e8 relative=0x0000000000000488
Event: 44.106 Thread 0x00007f48bc481250 Uncommon trap: reason=unstable_if action=reinterpret pc=0x00007f48acb229e8 method=org.apache.commons.beanutils.WeakFastHashMap.get(Ljava/lang/Object;)Ljava/lang/Object; @ 4 c2
Event: 44.106 Thread 0x00007f48bc481250 DEOPT PACKING pc=0x00007f48acb229e8 sp=0x00007f47fedfb5a0
Event: 44.106 Thread 0x00007f48bc481250 DEOPT UNPACKING pc=0x00007f48ac220b19 sp=0x00007f47fedfb580 mode 2
Event: 44.127 Thread 0x00007f48bc481250 Uncommon trap: trap_request=0xffffff45 fr.pc=0x00007f48aca5ff64 relative=0x00000000000009a4
Event: 44.127 Thread 0x00007f48bc481250 Uncommon trap: reason=unstable_if action=reinterpret pc=0x00007f48aca5ff64 method=java.util.Hashtable.put(Ljava/lang/Object;Ljava/lang/Object;)Ljava/lang/Object; @ 51 c2
Event: 44.127 Thread 0x00007f48bc481250 DEOPT PACKING pc=0x00007f48aca5ff64 sp=0x00007f47fedfb2d0
Event: 44.127 Thread 0x00007f48bc481250 DEOPT UNPACKING pc=0x00007f48ac220b19 sp=0x00007f47fedfb278 mode 2
Event: 44.156 Thread 0x00007f48bc481250 Uncommon trap: trap_request=0xffffff54 fr.pc=0x00007f48aca4ac30 relative=0x00000000000019f0
Event: 44.156 Thread 0x00007f48bc481250 Uncommon trap: reason=speculate_null_assert action=make_not_entrant pc=0x00007f48aca4ac30 method=jdk.internal.loader.URLClassPath.getLoader(I)Ljdk/internal/loader/URLClassPath$Loader; @ 41 c2
Event: 44.156 Thread 0x00007f48bc481250 DEOPT PACKING pc=0x00007f48aca4ac30 sp=0x00007f47fedfb570
Event: 44.156 Thread 0x00007f48bc481250 DEOPT UNPACKING pc=0x00007f48ac220b19 sp=0x00007f47fedfb510 mode 2
Event: 44.169 Thread 0x00007f48bc481250 Uncommon trap: trap_request=0xffffff54 fr.pc=0x00007f48ac9b997c relative=0x000000000000043c
Event: 44.169 Thread 0x00007f48bc481250 Uncommon trap: reason=speculate_null_assert action=make_not_entrant pc=0x00007f48ac9b997c method=jdk.internal.loader.URLClassPath.getLoader(I)Ljdk/internal/loader/URLClassPath$Loader; @ 41 c2
Event: 44.169 Thread 0x00007f48bc481250 DEOPT PACKING pc=0x00007f48ac9b997c sp=0x00007f47fedfb560
Event: 44.169 Thread 0x00007f48bc481250 DEOPT UNPACKING pc=0x00007f48ac220b19 sp=0x00007f47fedfb520 mode 2
Event: 44.313 Thread 0x00007f48bc481250 DEOPT PACKING pc=0x00007f48a510f258 sp=0x00007f47fedfb8d0
Event: 44.313 Thread 0x00007f48bc481250 DEOPT UNPACKING pc=0x00007f48ac22164f sp=0x00007f47fedfaea0 mode 0

Classes loaded (20 events):
Event: 44.170 Loading class org/apache/commons/beanutils/memoryleaktests/pojotests/SomeMappedPojoBeanInfo
Event: 44.170 Loading class org/apache/commons/beanutils/memoryleaktests/pojotests/SomeMappedPojoBeanInfo done
Event: 44.170 Loading class org/apache/commons/beanutils/memoryleaktests/pojotests/SomeMappedPojoBeanInfo
Event: 44.170 Loading class org/apache/commons/beanutils/memoryleaktests/pojotests/SomeMappedPojoBeanInfo done
Event: 44.170 Loading class org/apache/commons/beanutils/memoryleaktests/pojotests/SomeMappedPojoBeanInfo
Event: 44.170 Loading class org/apache/commons/beanutils/memoryleaktests/pojotests/SomeMappedPojoBeanInfo done
Event: 44.170 Loading class java/lang/ObjectBeanInfo
Event: 44.170 Loading class java/lang/ObjectBeanInfo done
Event: 44.170 Loading class java/lang/ObjectBeanInfo
Event: 44.170 Loading class java/lang/ObjectBeanInfo done
Event: 44.170 Loading class java/lang/ObjectCustomizer
Event: 44.170 Loading class java/lang/ObjectCustomizer done
Event: 44.170 Loading class java/lang/ObjectCustomizer
Event: 44.170 Loading class java/lang/ObjectCustomizer done
Event: 44.170 Loading class org/apache/commons/beanutils/memoryleaktests/pojotests/SomeMappedPojoCustomizer
Event: 44.170 Loading class org/apache/commons/beanutils/memoryleaktests/pojotests/SomeMappedPojoCustomizer done
Event: 44.170 Loading class org/apache/commons/beanutils/memoryleaktests/pojotests/SomeMappedPojoCustomizer
Event: 44.170 Loading class org/apache/commons/beanutils/memoryleaktests/pojotests/SomeMappedPojoCustomizer done
Event: 44.170 Loading class org/apache/commons/beanutils/memoryleaktests/pojotests/SomeMappedPojoCustomizer
Event: 44.170 Loading class org/apache/commons/beanutils/memoryleaktests/pojotests/SomeMappedPojoCustomizer done

Classes unloaded (0 events):
No events

Classes redefined (13 events):
Event: 6.495 Thread 0x00007f48bc20ec30 redefined class name=org.apache.commons.beanutils.DefaultBeanIntrospector, count=1
Event: 12.467 Thread 0x00007f48bc20ec30 redefined class name=org.apache.commons.beanutils.DefaultBeanIntrospector, count=2
Event: 12.488 Thread 0x00007f48bc20ec30 redefined class name=org.apache.commons.beanutils.DefaultBeanIntrospector, count=3
Event: 18.006 Thread 0x00007f48bc20ec30 redefined class name=org.apache.commons.beanutils.DefaultBeanIntrospector, count=4
Event: 18.032 Thread 0x00007f48bc20ec30 redefined class name=org.apache.commons.beanutils.DefaultBeanIntrospector, count=5
Event: 24.556 Thread 0x00007f48bc20ec30 redefined class name=org.apache.commons.beanutils.DefaultBeanIntrospector, count=6
Event: 24.576 Thread 0x00007f48bc20ec30 redefined class name=org.apache.commons.beanutils.DefaultBeanIntrospector, count=7
Event: 29.110 Thread 0x00007f48bc20ec30 redefined class name=org.apache.commons.beanutils.DefaultBeanIntrospector, count=8
Event: 29.126 Thread 0x00007f48bc20ec30 redefined class name=org.apache.commons.beanutils.DefaultBeanIntrospector, count=9
Event: 30.988 Thread 0x00007f48bc20ec30 redefined class name=org.apache.commons.beanutils.DefaultBeanIntrospector, count=10
Event: 31.033 Thread 0x00007f48bc20ec30 redefined class name=org.apache.commons.beanutils.DefaultBeanIntrospector, count=11
Event: 33.065 Thread 0x00007f48bc20ec30 redefined class name=org.apache.commons.beanutils.DefaultBeanIntrospector, count=12
Event: 33.088 Thread 0x00007f48bc20ec30 redefined class name=org.apache.commons.beanutils.DefaultBeanIntrospector, count=13

Internal exceptions (20 events):
Event: 43.972 Thread 0x00007f48bc481250 Exception <a 'java/lang/reflect/InvocationTargetException'{0x00000000e78a2c90}> (0x00000000e78a2c90) 
thrown [src/hotspot/share/runtime/reflection.cpp, line 1126]
Event: 43.973 Thread 0x00007f48bc47fe80 Exception <a 'java/lang/reflect/InvocationTargetException'{0x00000000e606fa28}> (0x00000000e606fa28) 
thrown [src/hotspot/share/runtime/reflection.cpp, line 1126]
Event: 43.973 Thread 0x00007f48bc481250 Exception <a 'java/lang/reflect/InvocationTargetException'{0x00000000e68a24d8}> (0x00000000e68a24d8) 
thrown [src/hotspot/share/runtime/reflection.cpp, line 1126]
Event: 43.974 Thread 0x00007f48bc47fe80 Exception <a 'java/lang/reflect/InvocationTargetException'{0x00000000e50a8698}> (0x00000000e50a8698) 
thrown [src/hotspot/share/runtime/reflection.cpp, line 1126]
Event: 43.974 Thread 0x00007f48bc481250 Exception <a 'java/lang/reflect/InvocationTargetException'{0x00000000e5869ca8}> (0x00000000e5869ca8) 
thrown [src/hotspot/share/runtime/reflection.cpp, line 1126]
Event: 43.974 Thread 0x00007f48bc481250 Exception <a 'java/lang/reflect/InvocationTargetException'{0x00000000e40694f0}> (0x00000000e40694f0) 
thrown [src/hotspot/share/runtime/reflection.cpp, line 1126]
Event: 43.975 Thread 0x00007f48bc481250 Exception <a 'java/lang/reflect/InvocationTargetException'{0x00000000e484cad8}> (0x00000000e484cad8) 
thrown [src/hotspot/share/runtime/reflection.cpp, line 1126]
Event: 43.975 Thread 0x00007f48bc47fe80 Exception <a 'java/lang/reflect/InvocationTargetException'{0x00000000e30dc2a0}> (0x00000000e30dc2a0) 
thrown [src/hotspot/share/runtime/reflection.cpp, line 1126]
Event: 43.976 Thread 0x00007f48bc47fe80 Exception <a 'java/lang/reflect/InvocationTargetException'{0x00000000e20db978}> (0x00000000e20db978) 
thrown [src/hotspot/share/runtime/reflection.cpp, line 1126]
Event: 43.977 Thread 0x00007f48bc481250 Exception <a 'java/lang/ClassNotFoundException'{0x00000000e2832bd8}: org/apache/commons/beanutils/BenchBeanBeanInfo> (0x00000000e2832bd8) 
thrown [src/hotspot/share/classfile/systemDictionary.cpp, line 256]
Event: 43.977 Thread 0x00007f48bc481250 Exception <a 'java/lang/ClassNotFoundException'{0x00000000e28358a0}: org/apache/commons/beanutils/BenchBeanCustomizer> (0x00000000e28358a0) 
thrown [src/hotspot/share/classfile/systemDictionary.cpp, line 256]
Event: 44.168 Thread 0x00007f48bc481250 Exception <a 'java/lang/ClassNotFoundException'{0x00000000e10709b0}: org/apache/commons/beanutils/memoryleaktests/pojotests/SomePojoBeanInfo> (0x00000000e10709b0) 
thrown [src/hotspot/share/classfile/systemDictionary.cpp, line 256]
Event: 44.168 Thread 0x00007f48bc481250 Exception <a 'java/lang/ClassNotFoundException'{0x00000000e1071690}: java/lang/ObjectBeanInfo> (0x00000000e1071690) 
thrown [src/hotspot/share/classfile/systemDictionary.cpp, line 256]
Event: 44.168 Thread 0x00007f48bc481250 Exception <a 'java/lang/ClassNotFoundException'{0x00000000e1072360}: java/lang/ObjectCustomizer> (0x00000000e1072360) 
thrown [src/hotspot/share/classfile/systemDictionary.cpp, line 256]
Event: 44.168 Thread 0x00007f48bc481250 Exception <a 'java/lang/ClassNotFoundException'{0x00000000e10793d8}: org/apache/commons/beanutils/memoryleaktests/pojotests/SomePojoCustomizer> (0x00000000e10793d8) 
thrown [src/hotspot/share/classfile/systemDictionary.cpp, line 256]
Event: 44.168 Thread 0x00007f48bc481250 Exception <a 'java/lang/reflect/InvocationTargetException'{0x00000000e1080668}> (0x00000000e1080668) 
thrown [src/hotspot/share/runtime/reflection.cpp, line 1126]
Event: 44.170 Thread 0x00007f48bc481250 Exception <a 'java/lang/ClassNotFoundException'{0x00000000e1815298}: org/apache/commons/beanutils/memoryleaktests/pojotests/SomeMappedPojoBeanInfo> (0x00000000e1815298) 
thrown [src/hotspot/share/classfile/systemDictionary.cpp, line 256]
Event: 44.170 Thread 0x00007f48bc481250 Exception <a 'java/lang/ClassNotFoundException'{0x00000000e1815f80}: java/lang/ObjectBeanInfo> (0x00000000e1815f80) 
thrown [src/hotspot/share/classfile/systemDictionary.cpp, line 256]
Event: 44.170 Thread 0x00007f48bc481250 Exception <a 'java/lang/ClassNotFoundException'{0x00000000e1816c50}: java/lang/ObjectCustomizer> (0x00000000e1816c50) 
thrown [src/hotspot/share/classfile/systemDictionary.cpp, line 256]
Event: 44.170 Thread 0x00007f48bc481250 Exception <a 'java/lang/ClassNotFoundException'{0x00000000e181dce8}: org/apache/commons/beanutils/memoryleaktests/pojotests/SomeMappedPojoCustomizer> (0x00000000e181dce8) 
thrown [src/hotspot/share/classfile/systemDictionary.cpp, line 256]

VM Operations (20 events):
Event: 47.713 Executing VM operation: G1CollectForAllocation done
Event: 48.178 Executing VM operation: G1CollectForAllocation
Event: 48.324 Executing VM operation: G1CollectForAllocation done
Event: 48.772 Executing VM operation: G1CollectForAllocation
Event: 48.890 Executing VM operation: G1CollectForAllocation done
Event: 50.840 Executing VM operation: G1CollectForAllocation
Event: 50.986 Executing VM operation: G1CollectForAllocation done
Event: 51.638 Executing VM operation: G1CollectForAllocation
Event: 51.769 Executing VM operation: G1CollectForAllocation done
Event: 52.311 Executing VM operation: G1CollectForAllocation
Event: 52.513 Executing VM operation: G1CollectForAllocation done
Event: 52.916 Executing VM operation: G1CollectForAllocation
Event: 53.164 Executing VM operation: G1CollectForAllocation done
Event: 54.704 Executing VM operation: G1CollectForAllocation
Event: 54.903 Executing VM operation: G1CollectForAllocation done
Event: 55.158 Executing VM operation: G1CollectForAllocation
Event: 55.343 Executing VM operation: G1CollectForAllocation done
Event: 55.948 Executing VM operation: G1CollectForAllocation
Event: 56.265 Executing VM operation: G1CollectForAllocation done
Event: 56.367 Executing VM operation: G1CollectForAllocation

Memory protections (20 events):
Event: 43.970 Protecting memory [0x00007f47fecfe000,0x00007f47fed02000] with protection modes 0
Event: 43.970 Protecting memory [0x00007f47fe4f6000,0x00007f47fe4fa000] with protection modes 0
Event: 43.971 Protecting memory [0x00007f47fecfe000,0x00007f47fed02000] with protection modes 0
Event: 43.971 Protecting memory [0x00007f47fe4f6000,0x00007f47fe4fa000] with protection modes 0
Event: 43.972 Protecting memory [0x00007f47fecfe000,0x00007f47fed02000] with protection modes 0
Event: 43.972 Protecting memory [0x00007f47fe4f6000,0x00007f47fe4fa000] with protection modes 0
Event: 43.972 Protecting memory [0x00007f47fecfe000,0x00007f47fed02000] with protection modes 0
Event: 43.973 Protecting memory [0x00007f47fe4f6000,0x00007f47fe4fa000] with protection modes 0
Event: 43.973 Protecting memory [0x00007f47fecfe000,0x00007f47fed02000] with protection modes 0
Event: 43.974 Protecting memory [0x00007f47fe4f6000,0x00007f47fe4fa000] with protection modes 0
Event: 43.974 Protecting memory [0x00007f47fecfe000,0x00007f47fed02000] with protection modes 0
Event: 43.974 Protecting memory [0x00007f47fecfe000,0x00007f47fed02000] with protection modes 0
Event: 43.975 Protecting memory [0x00007f47fe4f6000,0x00007f47fe4fa000] with protection modes 0
Event: 43.975 Protecting memory [0x00007f47fe4f6000,0x00007f47fe4fa000] with protection modes 0
Event: 43.976 Protecting memory [0x00007f47fecfe000,0x00007f47fed02000] with protection modes 0
Event: 43.976 Protecting memory [0x00007f47fe4f6000,0x00007f47fe4fa000] with protection modes 0
Event: 44.004 Protecting memory [0x00007f47fecfe000,0x00007f47fed02000] with protection modes 0
Event: 44.168 Protecting memory [0x00007f47fecfe000,0x00007f47fed02000] with protection modes 0
Event: 44.209 Protecting memory [0x00007f47fe4f6000,0x00007f47fe4fa000] with protection modes 0
Event: 44.236 Protecting memory [0x00007f47fe3f5000,0x00007f47fe3f9000] with protection modes 0

Nmethod flushes (20 events):
Event: 37.714 Thread 0x00007f48bc21ef40 flushing  nmethod 0x00007f48a5278b90
Event: 37.714 Thread 0x00007f48bc21ef40 flushing  nmethod 0x00007f48a527bc90
Event: 37.715 Thread 0x00007f48bc21ef40 flushing  nmethod 0x00007f48a52b6510
Event: 37.715 Thread 0x00007f48bc21ef40 flushing osr nmethod 0x00007f48a52c0190
Event: 37.715 Thread 0x00007f48bc21ef40 flushing  nmethod 0x00007f48a52c0b10
Event: 37.715 Thread 0x00007f48bc21ef40 flushing  nmethod 0x00007f48a52cdd90
Event: 37.715 Thread 0x00007f48bc21ef40 flushing  nmethod 0x00007f48a52d1910
Event: 37.715 Thread 0x00007f48bc21ef40 flushing  nmethod 0x00007f48a5302890
Event: 37.715 Thread 0x00007f48bc21ef40 flushing  nmethod 0x00007f48a5308390
Event: 37.715 Thread 0x00007f48bc21ef40 flushing  nmethod 0x00007f48a5319290
Event: 37.715 Thread 0x00007f48bc21ef40 flushing  nmethod 0x00007f48a53a3e90
Event: 37.715 Thread 0x00007f48bc21ef40 flushing  nmethod 0x00007f48a53e3090
Event: 37.715 Thread 0x00007f48bc21ef40 flushing  nmethod 0x00007f48a5410410
Event: 37.715 Thread 0x00007f48bc21ef40 flushing  nmethod 0x00007f48a5431a10
Event: 37.715 Thread 0x00007f48bc21ef40 flushing  nmethod 0x00007f48a5435e90
Event: 37.715 Thread 0x00007f48bc21ef40 flushing  nmethod 0x00007f48a544c390
Event: 37.715 Thread 0x00007f48bc21ef40 flushing  nmethod 0x00007f48a5456a90
Event: 37.715 Thread 0x00007f48bc21ef40 flushing  nmethod 0x00007f48a5457990
Event: 37.715 Thread 0x00007f48bc21ef40 flushing  nmethod 0x00007f48a5458910
Event: 37.715 Thread 0x00007f48bc21ef40 flushing  nmethod 0x00007f48a545a710

Events (20 events):
Event: 43.974 Thread 0x00007f48bc481250 Thread exited: 0x00007f48bc481250
Event: 43.974 Thread 0x00007f48bc032990 Thread added: 0x00007f48bc481250
Event: 43.974 Thread 0x00007f48bc481250 Thread exited: 0x00007f48bc481250
Event: 43.974 Thread 0x00007f48bc032990 Thread added: 0x00007f48bc481250
Event: 43.975 Thread 0x00007f48bc481250 Thread exited: 0x00007f48bc481250
Event: 43.975 Thread 0x00007f48bc032990 Thread added: 0x00007f48bc47fe80
Event: 43.975 Thread 0x00007f48bc47fe80 Thread exited: 0x00007f48bc47fe80
Event: 43.975 Thread 0x00007f48bc032990 Thread added: 0x00007f48bc481250
Event: 43.976 Thread 0x00007f48bc481250 Thread exited: 0x00007f48bc481250
Event: 43.976 Thread 0x00007f48bc032990 Thread added: 0x00007f48bc47fe80
Event: 43.976 Thread 0x00007f48bc47fe80 Thread exited: 0x00007f48bc47fe80
Event: 43.976 Thread 0x00007f48bc032990 Thread added: 0x00007f48bc481250
Event: 44.004 Thread 0x00007f48bc481250 Thread exited: 0x00007f48bc481250
Event: 44.004 Thread 0x00007f48bc032990 Thread added: 0x00007f48bc481250
Event: 44.168 Thread 0x00007f48bc481250 Thread exited: 0x00007f48bc481250
Event: 44.168 Thread 0x00007f48bc032990 Thread added: 0x00007f48bc481250
Event: 44.209 Thread 0x00007f48bc21dec0 Thread added: 0x00007f47d80ed2a0
Event: 44.236 Thread 0x00007f48bc21dec0 Thread added: 0x00007f47d80ed850
Event: 49.264 Thread 0x00007f47d80ed850 Thread exited: 0x00007f47d80ed850
Event: 49.312 Thread 0x00007f47d80ed2a0 Thread exited: 0x00007f47d80ed2a0


Dynamic libraries:
82000000-3b2000000 rw-p 00000000 00:00 0 
539000000-7fe000000 ---p 00000000 00:00 0 
7fe000000-7fef00000 rw-p 00000000 00:00 0 
7fef00000-7fef75000 rw-p 00c79000 00:33 8596472648                       /sfs/gpfs/tardis/applications/202512/software/standard/core/java/17/lib/server/classes.jsa
7fef75000-7ff000000 rw-p 00000000 00:00 0 
7ff000000-7ff078000 rw-p 00c01000 00:33 8596472648                       /sfs/gpfs/tardis/applications/202512/software/standard/core/java/17/lib/server/classes.jsa
7ff078000-800000000 rw-p 00000000 00:00 0 
55abdc2fc000-55abdc2fd000 r--p 00000000 00:33 8596472430                 /sfs/gpfs/tardis/applications/202512/software/standard/core/java/17/bin/java
55abdc2fd000-55abdc2fe000 r-xp 00001000 00:33 8596472430                 /sfs/gpfs/tardis/applications/202512/software/standard/core/java/17/bin/java
55abdc2fe000-55abdc2ff000 r--p 00002000 00:33 8596472430                 /sfs/gpfs/tardis/applications/202512/software/standard/core/java/17/bin/java
55abdc2ff000-55abdc300000 r--p 00002000 00:33 8596472430                 /sfs/gpfs/tardis/applications/202512/software/standard/core/java/17/bin/java
55abdc300000-55abdc301000 rw-p 00003000 00:33 8596472430                 /sfs/gpfs/tardis/applications/202512/software/standard/core/java/17/bin/java
55abdd200000-55abdd248000 rw-p 00000000 00:00 0                          [heap]
7f4768000000-7f4768021000 rw-p 00000000 00:00 0 
7f4768021000-7f476c000000 ---p 00000000 00:00 0 
7f476c000000-7f476c021000 rw-p 00000000 00:00 0 
7f476c021000-7f4770000000 ---p 00000000 00:00 0 
7f4770000000-7f4770021000 rw-p 00000000 00:00 0 
7f4770021000-7f4774000000 ---p 00000000 00:00 0 
7f4774000000-7f4774021000 rw-p 00000000 00:00 0 
7f4774021000-7f4778000000 ---p 00000000 00:00 0 
7f4778000000-7f4778021000 rw-p 00000000 00:00 0 
7f4778021000-7f477c000000 ---p 00000000 00:00 0 
7f477c000000-7f477c021000 rw-p 00000000 00:00 0 
7f477c021000-7f4780000000 ---p 00000000 00:00 0 
7f4780000000-7f4780021000 rw-p 00000000 00:00 0 
7f4780021000-7f4784000000 ---p 00000000 00:00 0 
7f4784000000-7f4784021000 rw-p 00000000 00:00 0 
7f4784021000-7f4788000000 ---p 00000000 00:00 0 
7f4788000000-7f4788021000 rw-p 00000000 00:00 0 
7f4788021000-7f478c000000 ---p 00000000 00:00 0 
7f478c000000-7f478c021000 rw-p 00000000 00:00 0 
7f478c021000-7f4790000000 ---p 00000000 00:00 0 
7f4790000000-7f4790021000 rw-p 00000000 00:00 0 
7f4790021000-7f4794000000 ---p 00000000 00:00 0 
7f4794000000-7f4794021000 rw-p 00000000 00:00 0 
7f4794021000-7f4798000000 ---p 00000000 00:00 0 
7f4798000000-7f4798021000 rw-p 00000000 00:00 0 
7f4798021000-7f479c000000 ---p 00000000 00:00 0 
7f479c000000-7f479c021000 rw-p 00000000 00:00 0 
7f479c021000-7f47a0000000 ---p 00000000 00:00 0 
7f47a0000000-7f47a01a8000 rw-p 00000000 00:00 0 
7f47a01a8000-7f47a4000000 ---p 00000000 00:00 0 
7f47a4000000-7f47a4021000 rw-p 00000000 00:00 0 
7f47a4021000-7f47a8000000 ---p 00000000 00:00 0 
7f47a8000000-7f47a8433000 rw-p 00000000 00:00 0 
7f47a8433000-7f47ac000000 ---p 00000000 00:00 0 
7f47ac000000-7f47ac03f000 rw-p 00000000 00:00 0 
7f47ac03f000-7f47b0000000 ---p 00000000 00:00 0 
7f47b0000000-7f47b0c09000 rw-p 00000000 00:00 0 
7f47b0c09000-7f47b4000000 ---p 00000000 00:00 0 
7f47b4000000-7f47b466d000 rw-p 00000000 00:00 0 
7f47b466d000-7f47b8000000 ---p 00000000 00:00 0 
7f47b8000000-7f47b8527000 rw-p 00000000 00:00 0 
7f47b8527000-7f47bc000000 ---p 00000000 00:00 0 
7f47bc000000-7f47bc021000 rw-p 00000000 00:00 0 
7f47bc021000-7f47c0000000 ---p 00000000 00:00 0 
7f47c0000000-7f47c112b000 rw-p 00000000 00:00 0 
7f47c112b000-7f47c4000000 ---p 00000000 00:00 0 
7f47c4000000-7f47c4021000 rw-p 00000000 00:00 0 
7f47c4021000-7f47c8000000 ---p 00000000 00:00 0 
7f47c8000000-7f47c8b79000 rw-p 00000000 00:00 0 
7f47c8b79000-7f47cc000000 ---p 00000000 00:00 0 
7f47cc000000-7f47cc662000 rw-p 00000000 00:00 0 
7f47cc662000-7f47d0000000 ---p 00000000 00:00 0 
7f47d0000000-7f47d0021000 rw-p 00000000 00:00 0 
7f47d0021000-7f47d4000000 ---p 00000000 00:00 0 
7f47d4000000-7f47d40fb000 rw-p 00000000 00:00 0 
7f47d40fb000-7f47d8000000 ---p 00000000 00:00 0 
7f47d8000000-7f47d8169000 rw-p 00000000 00:00 0 
7f47d8169000-7f47dc000000 ---p 00000000 00:00 0 
7f47dc000000-7f47dc021000 rw-p 00000000 00:00 0 
7f47dc021000-7f47e0000000 ---p 00000000 00:00 0 
7f47e0000000-7f47e0021000 rw-p 00000000 00:00 0 
7f47e0021000-7f47e4000000 ---p 00000000 00:00 0 
7f47e4000000-7f47e5249000 rw-p 00000000 00:00 0 
7f47e5249000-7f47e8000000 ---p 00000000 00:00 0 
7f47e8000000-7f47e8021000 rw-p 00000000 00:00 0 
7f47e8021000-7f47ec000000 ---p 00000000 00:00 0 
7f47ec000000-7f47ec021000 rw-p 00000000 00:00 0 
7f47ec021000-7f47f0000000 ---p 00000000 00:00 0 
7f47f0000000-7f47f0021000 rw-p 00000000 00:00 0 
7f47f0021000-7f47f4000000 ---p 00000000 00:00 0 
7f47f4000000-7f47f4021000 rw-p 00000000 00:00 0 
7f47f4021000-7f47f8000000 ---p 00000000 00:00 0 
7f47f8000000-7f47f8751000 rw-p 00000000 00:00 0 
7f47f8751000-7f47fc000000 ---p 00000000 00:00 0 
7f47fd253000-7f47fd4e5000 rw-p 00000000 00:00 0 
7f47fd4e5000-7f47fd4e6000 ---p 00000000 00:00 0 
7f47fd4e6000-7f47fd5e6000 rw-p 00000000 00:00 0 
7f47fd5e6000-7f47fd5e7000 ---p 00000000 00:00 0 
7f47fd5e7000-7f47fd6e7000 rw-p 00000000 00:00 0 
7f47fd6e7000-7f47fd6e8000 ---p 00000000 00:00 0 
7f47fd6e8000-7f47fd7e8000 rw-p 00000000 00:00 0 
7f47fd7e8000-7f47fd7e9000 ---p 00000000 00:00 0 
7f47fd7e9000-7f47fd8e9000 rw-p 00000000 00:00 0 
7f47fd8e9000-7f47fd8ea000 ---p 00000000 00:00 0 
7f47fd8ea000-7f47fd9ea000 rw-p 00000000 00:00 0 
7f47fd9ea000-7f47fd9eb000 ---p 00000000 00:00 0 
7f47fd9eb000-7f47fdaeb000 rw-p 00000000 00:00 0 
7f47fdaeb000-7f47fdaec000 ---p 00000000 00:00 0 
7f47fdaec000-7f47fdbec000 rw-p 00000000 00:00 0 
7f47fdbec000-7f47fdbed000 ---p 00000000 00:00 0 
7f47fdbed000-7f47fdced000 rw-p 00000000 00:00 0 
7f47fdced000-7f47fdcee000 ---p 00000000 00:00 0 
7f47fdcee000-7f47fddee000 rw-p 00000000 00:00 0 
7f47fddee000-7f47fddef000 ---p 00000000 00:00 0 
7f47fddef000-7f47fdeef000 rw-p 00000000 00:00 0 
7f47fdeef000-7f47fdef0000 ---p 00000000 00:00 0 
7f47fdef0000-7f47fdff0000 rw-p 00000000 00:00 0 
7f47fdff0000-7f47fdff1000 ---p 00000000 00:00 0 
7f47fdff1000-7f47fe0f1000 rw-p 00000000 00:00 0 
7f47fe0f1000-7f47fe0f2000 ---p 00000000 00:00 0 
7f47fe0f2000-7f47fe1f2000 rw-p 00000000 00:00 0 
7f47fe1f2000-7f47fe1f3000 ---p 00000000 00:00 0 
7f47fe1f3000-7f47fe2f3000 rw-p 00000000 00:00 0 
7f47fe2f3000-7f47fe2f4000 ---p 00000000 00:00 0 
7f47fe2f4000-7f47fe3f4000 rw-p 00000000 00:00 0 
7f47fe3f4000-7f47fe3f9000 ---p 00000000 00:00 0 
7f47fe3f9000-7f47fe4f5000 rw-p 00000000 00:00 0 
7f47fe4f5000-7f47fe4fa000 ---p 00000000 00:00 0 
7f47fe4fa000-7f47fe5f6000 rw-p 00000000 00:00 0 
7f47fe5f6000-7f47fe5fb000 ---p 00000000 00:00 0 
7f47fe5fb000-7f47fe6f7000 rw-p 00000000 00:00 0 
7f47fe6f7000-7f47fe6fc000 ---p 00000000 00:00 0 
7f47fe6fc000-7f47fe7f8000 rw-p 00000000 00:00 0 
7f47fe7f8000-7f47fe7fd000 ---p 00000000 00:00 0 
7f47fe7fd000-7f47fe8f9000 rw-p 00000000 00:00 0 
7f47fe8f9000-7f47fe8fa000 ---p 00000000 00:00 0 
7f47fe8fa000-7f47fe9fa000 rw-p 00000000 00:00 0 
7f47fe9fa000-7f47fe9ff000 ---p 00000000 00:00 0 
7f47fe9ff000-7f47feafb000 rw-p 00000000 00:00 0 
7f47feafb000-7f47feafc000 ---p 00000000 00:00 0 
7f47feafc000-7f47feb00000 ---p 00000000 00:00 0 
7f47feb00000-7f47febfc000 rw-p 00000000 00:00 0 
7f47febfc000-7f47fec01000 ---p 00000000 00:00 0 
7f47fec01000-7f47fecfd000 rw-p 00000000 00:00 0 
7f47fecfd000-7f47fecfe000 ---p 00000000 00:00 0 
7f47fecfe000-7f47fed02000 ---p 00000000 00:00 0 
7f47fed02000-7f47fedfe000 rw-p 00000000 00:00 0 
7f47fedfe000-7f47fee03000 ---p 00000000 00:00 0 
7f47fee03000-7f47feeff000 rw-p 00000000 00:00 0 
7f47feeff000-7f47fef04000 ---p 00000000 00:00 0 
7f47fef04000-7f47ff000000 rw-p 00000000 00:00 0 
7f47ff000000-7f47ff455000 rw-p 00001000 00:33 8596472648                 /sfs/gpfs/tardis/applications/202512/software/standard/core/java/17/lib/server/classes.jsa
7f47ff455000-7f47ffbc9000 rw-p 00456000 00:33 8596472648                 /sfs/gpfs/tardis/applications/202512/software/standard/core/java/17/lib/server/classes.jsa
7f47ffbc9000-7f4800000000 ---p 00000000 00:00 0 
7f4800000000-7f4800040000 rw-p 00000000 00:00 0 
7f4800040000-7f48000c0000 rw-p 00000000 00:00 0 
7f48000c0000-7f48000f0000 rw-p 00000000 00:00 0 
7f48000f0000-7f4800100000 ---p 00000000 00:00 0 
7f4800100000-7f4800120000 rw-p 00000000 00:00 0 
7f4800120000-7f4840000000 ---p 00000000 00:00 0 
7f4840000000-7f4840021000 rw-p 00000000 00:00 0 
7f4840021000-7f4844000000 ---p 00000000 00:00 0 
7f4844000000-7f4844400000 rw-p 00000000 00:00 0 
7f4844400000-7f4844760000 rw-p 00000000 00:00 0 
7f4844760000-7f4844800000 ---p 00000000 00:00 0 
7f4844800000-7f4844860000 rw-p 00000000 00:00 0 
7f4844860000-7f4848000000 ---p 00000000 00:00 0 
7f4848000000-7f48480e0000 rw-p 00000000 00:00 0 
7f48480e0000-7f484c000000 ---p 00000000 00:00 0 
7f484c0f5000-7f484c0f6000 ---p 00000000 00:00 0 
7f484c0f6000-7f484c0fa000 ---p 00000000 00:00 0 
7f484c0fa000-7f484c1f6000 rw-p 00000000 00:00 0 
7f484c1f6000-7f484c1f7000 ---p 00000000 00:00 0 
7f484c1f7000-7f484c1fb000 ---p 00000000 00:00 0 
7f484c1fb000-7f484c2f7000 rw-p 00000000 00:00 0 
7f484c2f7000-7f484c2f8000 ---p 00000000 00:00 0 
7f484c2f8000-7f484c2fc000 ---p 00000000 00:00 0 
7f484c2fc000-7f484c3f8000 rw-p 00000000 00:00 0 
7f484c3f8000-7f484c3f9000 ---p 00000000 00:00 0 
7f484c3f9000-7f484c3fd000 ---p 00000000 00:00 0 
7f484c3fd000-7f484c4f9000 rw-p 00000000 00:00 0 
7f484c4f9000-7f484c4fa000 ---p 00000000 00:00 0 
7f484c4fa000-7f484c4fe000 ---p 00000000 00:00 0 
7f484c4fe000-7f484c5fa000 rw-p 00000000 00:00 0 
7f484c5fa000-7f484c5fb000 ---p 00000000 00:00 0 
7f484c5fb000-7f484c5ff000 ---p 00000000 00:00 0 
7f484c5ff000-7f484c6fb000 rw-p 00000000 00:00 0 
7f484c6fb000-7f484c6fc000 ---p 00000000 00:00 0 
7f484c6fc000-7f484c700000 ---p 00000000 00:00 0 
7f484c700000-7f484c7fc000 rw-p 00000000 00:00 0 
7f484c7fc000-7f484c7fd000 ---p 00000000 00:00 0 
7f484c7fd000-7f484c801000 ---p 00000000 00:00 0 
7f484c801000-7f484c8fd000 rw-p 00000000 00:00 0 
7f484c8fd000-7f484c8fe000 ---p 00000000 00:00 0 
7f484c8fe000-7f484c902000 ---p 00000000 00:00 0 
7f484c902000-7f484c9fe000 rw-p 00000000 00:00 0 
7f484c9fe000-7f484c9ff000 ---p 00000000 00:00 0 
7f484c9ff000-7f484caff000 rw-p 00000000 00:00 0 
7f484caff000-7f484cb04000 r--p 00000000 00:33 8596472621                 /sfs/gpfs/tardis/applications/202512/software/standard/core/java/17/lib/libjsvml.so
7f484cb04000-7f484cb45000 r-xp 00005000 00:33 8596472621                 /sfs/gpfs/tardis/applications/202512/software/standard/core/java/17/lib/libjsvml.so
7f484cb45000-7f484cbce000 r--p 00046000 00:33 8596472621                 /sfs/gpfs/tardis/applications/202512/software/standard/core/java/17/lib/libjsvml.so
7f484cbce000-7f484cbcf000 r--p 000ce000 00:33 8596472621                 /sfs/gpfs/tardis/applications/202512/software/standard/core/java/17/lib/libjsvml.so
7f484cbcf000-7f484cbd0000 rw-p 000cf000 00:33 8596472621                 /sfs/gpfs/tardis/applications/202512/software/standard/core/java/17/lib/libjsvml.so
7f484cbd0000-7f484cced000 rw-p 00000000 00:00 0 
7f484cced000-7f484ccee000 ---p 00000000 00:00 0 
7f484ccee000-7f484cdee000 rw-p 00000000 00:00 0 
7f484cdee000-7f484cdef000 ---p 00000000 00:00 0 
7f484cdef000-7f4850021000 rw-p 00000000 00:00 0 
7f4850021000-7f4854000000 ---p 00000000 00:00 0 
7f4854000000-7f4854021000 rw-p 00000000 00:00 0 
7f4854021000-7f4858000000 ---p 00000000 00:00 0 
7f4858000000-7f4858021000 rw-p 00000000 00:00 0 
7f4858021000-7f485c000000 ---p 00000000 00:00 0 
7f485c015000-7f485c017000 r--p 00000000 00:33 8596472625                 /sfs/gpfs/tardis/applications/202512/software/standard/core/java/17/lib/libmanagement_ext.so
7f485c017000-7f485c01a000 r-xp 00002000 00:33 8596472625                 /sfs/gpfs/tardis/applications/202512/software/standard/core/java/17/lib/libmanagement_ext.so
7f485c01a000-7f485c01b000 r--p 00005000 00:33 8596472625                 /sfs/gpfs/tardis/applications/202512/software/standard/core/java/17/lib/libmanagement_ext.so
7f485c01b000-7f485c01c000 ---p 00006000 00:33 8596472625                 /sfs/gpfs/tardis/applications/202512/software/standard/core/java/17/lib/libmanagement_ext.so
7f485c01c000-7f485c01d000 r--p 00006000 00:33 8596472625                 /sfs/gpfs/tardis/applications/202512/software/standard/core/java/17/lib/libmanagement_ext.so
7f485c01d000-7f485c01e000 rw-p 00007000 00:33 8596472625                 /sfs/gpfs/tardis/applications/202512/software/standard/core/java/17/lib/libmanagement_ext.so
7f485c01e000-7f485c021000 r--p 00000000 00:33 8596472623                 /sfs/gpfs/tardis/applications/202512/software/standard/core/java/17/lib/libmanagement.so
7f485c021000-7f485c022000 r-xp 00003000 00:33 8596472623                 /sfs/gpfs/tardis/applications/202512/software/standard/core/java/17/lib/libmanagement.so
7f485c022000-7f485c023000 r--p 00004000 00:33 8596472623                 /sfs/gpfs/tardis/applications/202512/software/standard/core/java/17/lib/libmanagement.so
7f485c023000-7f485c024000 r--p 00004000 00:33 8596472623                 /sfs/gpfs/tardis/applications/202512/software/standard/core/java/17/lib/libmanagement.so
7f485c024000-7f485c025000 rw-p 00005000 00:33 8596472623                 /sfs/gpfs/tardis/applications/202512/software/standard/core/java/17/lib/libmanagement.so
7f485c025000-7f485c029000 r--p 00000000 00:33 8596472627                 /sfs/gpfs/tardis/applications/202512/software/standard/core/java/17/lib/libnet.so
7f485c029000-7f485c037000 r-xp 00004000 00:33 8596472627                 /sfs/gpfs/tardis/applications/202512/software/standard/core/java/17/lib/libnet.so
7f485c037000-7f485c03b000 r--p 00012000 00:33 8596472627                 /sfs/gpfs/tardis/applications/202512/software/standard/core/java/17/lib/libnet.so
7f485c03b000-7f485c03c000 r--p 00015000 00:33 8596472627                 /sfs/gpfs/tardis/applications/202512/software/standard/core/java/17/lib/libnet.so
7f485c03c000-7f485c03d000 rw-p 00016000 00:33 8596472627                 /sfs/gpfs/tardis/applications/202512/software/standard/core/java/17/lib/libnet.so
7f485c03d000-7f485c044000 r--p 00000000 00:33 8596472628                 /sfs/gpfs/tardis/applications/202512/software/standard/core/java/17/lib/libnio.so
7f485c044000-7f485c04d000 r-xp 00007000 00:33 8596472628                 /sfs/gpfs/tardis/applications/202512/software/standard/core/java/17/lib/libnio.so
7f485c04d000-7f485c051000 r--p 00010000 00:33 8596472628                 /sfs/gpfs/tardis/applications/202512/software/standard/core/java/17/lib/libnio.so
7f485c051000-7f485c052000 ---p 00014000 00:33 8596472628                 /sfs/gpfs/tardis/applications/202512/software/standard/core/java/17/lib/libnio.so
7f485c052000-7f485c053000 r--p 00014000 00:33 8596472628                 /sfs/gpfs/tardis/applications/202512/software/standard/core/java/17/lib/libnio.so
7f485c053000-7f485c054000 rw-p 00015000 00:33 8596472628                 /sfs/gpfs/tardis/applications/202512/software/standard/core/java/17/lib/libnio.so
7f485c054000-7f485c155000 rw-p 00000000 00:00 0 
7f485c155000-7f485c156000 ---p 00000000 00:00 0 
7f485c156000-7f485c256000 rw-p 00000000 00:00 0 
7f485c256000-7f485c257000 ---p 00000000 00:00 0 
7f485c257000-7f485c357000 rw-p 00000000 00:00 0 
7f485c357000-7f485c358000 ---p 00000000 00:00 0 
7f485c358000-7f48691c4000 rw-p 00000000 00:00 0 
7f48691c4000-7f487a4c4000 ---p 00000000 00:00 0 
7f487a4c4000-7f4887144000 rw-p 00000000 00:00 0 
7f4887144000-7f4898444000 ---p 00000000 00:00 0 
7f4898444000-7f4899e44000 rw-p 00000000 00:00 0 
7f4899e44000-7f489c0a4000 ---p 00000000 00:00 0 
7f489c0a4000-7f489da34000 rw-p 00000000 00:00 0 
7f489da34000-7f489fc94000 ---p 00000000 00:00 0 
7f489fc94000-7f48a1624000 rw-p 00000000 00:00 0 
7f48a1624000-7f48a3884000 ---p 00000000 00:00 0 
7f48a3884000-7f48a4b9c000 rw-p 00000000 00:00 0 
7f48a4b9c000-7f48a4c7f000 ---p 00000000 00:00 0 
7f48a4c7f000-7f48a4c8e000 rw-p 00000000 00:00 0 
7f48a4c8e000-7f48a4d68000 ---p 00000000 00:00 0 
7f48a4d68000-7f48a5488000 rwxp 00000000 00:00 0 
7f48a5488000-7f48ac1c7000 ---p 00000000 00:00 0 
7f48ac1c7000-7f48ac4b7000 rwxp 00000000 00:00 0 
7f48ac4b7000-7f48ac908000 ---p 00000000 00:00 0 
7f48ac908000-7f48acc08000 rwxp 00000000 00:00 0 
7f48acc08000-7f48b3d68000 ---p 00000000 00:00 0 
7f48b3d68000-7f48b3d73000 r-xp 00000000 00:29 41352995                   /usr/lib64/libnss_files-2.28.so
7f48b3d73000-7f48b3f73000 ---p 0000b000 00:29 41352995                   /usr/lib64/libnss_files-2.28.so
7f48b3f73000-7f48b3f74000 r--p 0000b000 00:29 41352995                   /usr/lib64/libnss_files-2.28.so
7f48b3f74000-7f48b3f75000 rw-p 0000c000 00:29 41352995                   /usr/lib64/libnss_files-2.28.so
7f48b3f75000-7f48b3f7b000 rw-p 00000000 00:00 0 
7f48b3f7b000-7f48b3f82000 r-xp 00000000 00:29 41352993                   /usr/lib64/libnss_db-2.28.so
7f48b3f82000-7f48b4181000 ---p 00007000 00:29 41352993                   /usr/lib64/libnss_db-2.28.so
7f48b4181000-7f48b4182000 r--p 00006000 00:29 41352993                   /usr/lib64/libnss_db-2.28.so
7f48b4182000-7f48b4183000 rw-p 00007000 00:29 41352993                   /usr/lib64/libnss_db-2.28.so
7f48b4183000-7f48b4186000 rw-p 00000000 00:00 0 
7f48b4186000-7f48b43fe000 r--p 00000000 00:29 42290259                   /usr/lib/locale/en_US.utf8/LC_COLLATE
7f48b43fe000-7f48bc000000 r--s 00000000 00:33 8596472637                 /sfs/gpfs/tardis/applications/202512/software/standard/core/java/17/lib/modules
7f48bc000000-7f48bc540000 rw-p 00000000 00:00 0 
7f48bc540000-7f48c0000000 ---p 00000000 00:00 0 
7f48c0003000-7f48c0007000 r--p 00000000 00:33 8596472635                 /sfs/gpfs/tardis/applications/202512/software/standard/core/java/17/lib/libverify.so
7f48c0007000-7f48c000e000 r-xp 00004000 00:33 8596472635                 /sfs/gpfs/tardis/applications/202512/software/standard/core/java/17/lib/libverify.so
7f48c000e000-7f48c0010000 r--p 0000b000 00:33 8596472635                 /sfs/gpfs/tardis/applications/202512/software/standard/core/java/17/lib/libverify.so
7f48c0010000-7f48c0012000 r--p 0000c000 00:33 8596472635                 /sfs/gpfs/tardis/applications/202512/software/standard/core/java/17/lib/libverify.so
7f48c0012000-7f48c0013000 rw-p 0000e000 00:33 8596472635                 /sfs/gpfs/tardis/applications/202512/software/standard/core/java/17/lib/libverify.so
7f48c0013000-7f48c0015000 r--p 00000000 00:33 8596472636                 /sfs/gpfs/tardis/applications/202512/software/standard/core/java/17/lib/libzip.so
7f48c0015000-7f48c0027000 r-xp 00002000 00:33 8596472636                 /sfs/gpfs/tardis/applications/202512/software/standard/core/java/17/lib/libzip.so
7f48c0027000-7f48c002f000 r--p 00014000 00:33 8596472636                 /sfs/gpfs/tardis/applications/202512/software/standard/core/java/17/lib/libzip.so
7f48c002f000-7f48c0030000 r--p 0001b000 00:33 8596472636                 /sfs/gpfs/tardis/applications/202512/software/standard/core/java/17/lib/libzip.so
7f48c0030000-7f48c0031000 rw-p 0001c000 00:33 8596472636                 /sfs/gpfs/tardis/applications/202512/software/standard/core/java/17/lib/libzip.so
7f48c0031000-7f48c01b2000 r-xp 00000000 00:29 41352876                   /usr/lib64/libm-2.28.so
7f48c01b2000-7f48c03b1000 ---p 00181000 00:29 41352876                   /usr/lib64/libm-2.28.so
7f48c03b1000-7f48c03b2000 r--p 00180000 00:29 41352876                   /usr/lib64/libm-2.28.so
7f48c03b2000-7f48c03b3000 rw-p 00181000 00:29 41352876                   /usr/lib64/libm-2.28.so
7f48c03b3000-7f48c03ba000 r-xp 00000000 00:29 41353205                   /usr/lib64/librt-2.28.so
7f48c03ba000-7f48c05b9000 ---p 00007000 00:29 41353205                   /usr/lib64/librt-2.28.so
7f48c05b9000-7f48c05ba000 r--p 00006000 00:29 41353205                   /usr/lib64/librt-2.28.so
7f48c05ba000-7f48c05bb000 rw-p 00007000 00:29 41353205                   /usr/lib64/librt-2.28.so
7f48c05bb000-7f48c080e000 r--p 00000000 00:33 8596472651                 /sfs/gpfs/tardis/applications/202512/software/standard/core/java/17/lib/server/libjvm.so
7f48c080e000-7f48c1537000 r-xp 00253000 00:33 8596472651                 /sfs/gpfs/tardis/applications/202512/software/standard/core/java/17/lib/server/libjvm.so
7f48c1537000-7f48c17c4000 r--p 00f7c000 00:33 8596472651                 /sfs/gpfs/tardis/applications/202512/software/standard/core/java/17/lib/server/libjvm.so
7f48c17c4000-7f48c17c5000 ---p 01209000 00:33 8596472651                 /sfs/gpfs/tardis/applications/202512/software/standard/core/java/17/lib/server/libjvm.so
7f48c17c5000-7f48c187e000 r--p 01209000 00:33 8596472651                 /sfs/gpfs/tardis/applications/202512/software/standard/core/java/17/lib/server/libjvm.so
7f48c187e000-7f48c18b3000 rw-p 012c2000 00:33 8596472651                 /sfs/gpfs/tardis/applications/202512/software/standard/core/java/17/lib/server/libjvm.so
7f48c18b3000-7f48c190e000 rw-p 00000000 00:00 0 
7f48c190e000-7f48c1adb000 r-xp 00000000 00:29 41352421                   /usr/lib64/libc-2.28.so
7f48c1adb000-7f48c1cda000 ---p 001cd000 00:29 41352421                   /usr/lib64/libc-2.28.so
7f48c1cda000-7f48c1cde000 r--p 001cc000 00:29 41352421                   /usr/lib64/libc-2.28.so
7f48c1cde000-7f48c1ce0000 rw-p 001d0000 00:29 41352421                   /usr/lib64/libc-2.28.so
7f48c1ce0000-7f48c1ce4000 rw-p 00000000 00:00 0 
7f48c1ce4000-7f48c1ce7000 r-xp 00000000 00:29 41352530                   /usr/lib64/libdl-2.28.so
7f48c1ce7000-7f48c1ee6000 ---p 00003000 00:29 41352530                   /usr/lib64/libdl-2.28.so
7f48c1ee6000-7f48c1ee7000 r--p 00002000 00:29 41352530                   /usr/lib64/libdl-2.28.so
7f48c1ee7000-7f48c1ee8000 rw-p 00003000 00:29 41352530                   /usr/lib64/libdl-2.28.so
7f48c1ee8000-7f48c1f03000 r-xp 00000000 00:29 41353149                   /usr/lib64/libpthread-2.28.so
7f48c1f03000-7f48c2102000 ---p 0001b000 00:29 41353149                   /usr/lib64/libpthread-2.28.so
7f48c2102000-7f48c2103000 r--p 0001a000 00:29 41353149                   /usr/lib64/libpthread-2.28.so
7f48c2103000-7f48c2104000 rw-p 0001b000 00:29 41353149                   /usr/lib64/libpthread-2.28.so
7f48c2104000-7f48c2108000 rw-p 00000000 00:00 0 
7f48c2108000-7f48c2137000 r-xp 00000000 00:29 41352045                   /usr/lib64/ld-2.28.so
7f48c213b000-7f48c213c000 r--p 00000000 00:33 8596472606                 /sfs/gpfs/tardis/applications/202512/software/standard/core/java/17/lib/libextnet.so
7f48c213c000-7f48c213d000 r-xp 00001000 00:33 8596472606                 /sfs/gpfs/tardis/applications/202512/software/standard/core/java/17/lib/libextnet.so
7f48c213d000-7f48c213e000 r--p 00002000 00:33 8596472606                 /sfs/gpfs/tardis/applications/202512/software/standard/core/java/17/lib/libextnet.so
7f48c213e000-7f48c213f000 r--p 00002000 00:33 8596472606                 /sfs/gpfs/tardis/applications/202512/software/standard/core/java/17/lib/libextnet.so
7f48c213f000-7f48c2140000 rw-p 00003000 00:33 8596472606                 /sfs/gpfs/tardis/applications/202512/software/standard/core/java/17/lib/libextnet.so
7f48c2140000-7f48c2146000 rw-p 00000000 00:00 0 
7f48c2146000-7f48c214f000 ---p 00000000 00:00 0 
7f48c214f000-7f48c2150000 r--s 00000000 203:97233 4334508089525993473    /sfs/weka/scratch/wxw9rr/tmp/pitest-agent4297895672587801351.jar
7f48c2150000-7f48c2158000 rw-s 00000000 00:2d 86400641                   /tmp/hsperfdata_wxw9rr/696979
7f48c2158000-7f48c21ab000 r--p 00000000 00:29 42289927                   /usr/lib/locale/C.utf8/LC_CTYPE
7f48c21ab000-7f48c21ac000 r--p 00000000 00:29 42290264                   /usr/lib/locale/en_US.utf8/LC_NUMERIC
7f48c21ac000-7f48c21ad000 r--p 00000000 00:29 42290267                   /usr/lib/locale/en_US.utf8/LC_TIME
7f48c21ad000-7f48c21ae000 r--p 00000000 00:29 42290262                   /usr/lib/locale/en_US.utf8/LC_MONETARY
7f48c21ae000-7f48c21af000 r--p 00000000 00:29 42290268                   /usr/lib/locale/en_US.utf8/LC_MESSAGES/SYS_LC_MESSAGES
7f48c21af000-7f48c21b0000 r--p 00000000 00:29 42290265                   /usr/lib/locale/en_US.utf8/LC_PAPER
7f48c21b0000-7f48c21b7000 r--s 00000000 00:29 41660342                   /usr/lib64/gconv/gconv-modules.cache
7f48c21b7000-7f48c21c5000 r--p 00000000 00:33 8596472613                 /sfs/gpfs/tardis/applications/202512/software/standard/core/java/17/lib/libjava.so
7f48c21c5000-7f48c21d7000 r-xp 0000e000 00:33 8596472613                 /sfs/gpfs/tardis/applications/202512/software/standard/core/java/17/lib/libjava.so
7f48c21d7000-7f48c21dd000 r--p 00020000 00:33 8596472613                 /sfs/gpfs/tardis/applications/202512/software/standard/core/java/17/lib/libjava.so
7f48c21dd000-7f48c21de000 ---p 00026000 00:33 8596472613                 /sfs/gpfs/tardis/applications/202512/software/standard/core/java/17/lib/libjava.so
7f48c21de000-7f48c21df000 r--p 00026000 00:33 8596472613                 /sfs/gpfs/tardis/applications/202512/software/standard/core/java/17/lib/libjava.so
7f48c21df000-7f48c21e0000 rw-p 00027000 00:33 8596472613                 /sfs/gpfs/tardis/applications/202512/software/standard/core/java/17/lib/libjava.so
7f48c21e0000-7f48c21e1000 rw-p 00000000 00:00 0 
7f48c21e1000-7f48c21e5000 r--p 00000000 00:33 8596472617                 /sfs/gpfs/tardis/applications/202512/software/standard/core/java/17/lib/libjimage.so
7f48c21e5000-7f48c21f8000 r-xp 00004000 00:33 8596472617                 /sfs/gpfs/tardis/applications/202512/software/standard/core/java/17/lib/libjimage.so
7f48c21f8000-7f48c21fe000 r--p 00017000 00:33 8596472617                 /sfs/gpfs/tardis/applications/202512/software/standard/core/java/17/lib/libjimage.so
7f48c21fe000-7f48c2200000 r--p 0001c000 00:33 8596472617                 /sfs/gpfs/tardis/applications/202512/software/standard/core/java/17/lib/libjimage.so
7f48c2200000-7f48c2201000 rw-p 0001e000 00:33 8596472617                 /sfs/gpfs/tardis/applications/202512/software/standard/core/java/17/lib/libjimage.so
7f48c2201000-7f48c2205000 ---p 00000000 00:00 0 
7f48c2205000-7f48c2304000 rw-p 00000000 00:00 0 
7f48c2304000-7f48c2305000 r--p 00000000 00:29 42290263                   /usr/lib/locale/en_US.utf8/LC_NAME
7f48c2305000-7f48c2306000 r--p 00000000 00:29 42290258                   /usr/lib/locale/en_US.utf8/LC_ADDRESS
7f48c2306000-7f48c2307000 r--p 00000000 00:29 42290266                   /usr/lib/locale/en_US.utf8/LC_TELEPHONE
7f48c2307000-7f48c2308000 r--p 00000000 00:29 42290261                   /usr/lib/locale/en_US.utf8/LC_MEASUREMENT
7f48c2308000-7f48c2309000 r--p 00000000 00:29 42290260                   /usr/lib/locale/en_US.utf8/LC_IDENTIFICATION
7f48c2309000-7f48c230b000 r--p 00000000 00:33 8596472608                 /sfs/gpfs/tardis/applications/202512/software/standard/core/java/17/lib/libinstrument.so
7f48c230b000-7f48c2311000 r-xp 00002000 00:33 8596472608                 /sfs/gpfs/tardis/applications/202512/software/standard/core/java/17/lib/libinstrument.so
7f48c2311000-7f48c2314000 r--p 00008000 00:33 8596472608                 /sfs/gpfs/tardis/applications/202512/software/standard/core/java/17/lib/libinstrument.so
7f48c2314000-7f48c2315000 r--p 0000a000 00:33 8596472608                 /sfs/gpfs/tardis/applications/202512/software/standard/core/java/17/lib/libinstrument.so
7f48c2315000-7f48c2316000 rw-p 0000b000 00:33 8596472608                 /sfs/gpfs/tardis/applications/202512/software/standard/core/java/17/lib/libinstrument.so
7f48c2316000-7f48c2317000 ---p 00000000 00:00 0 
7f48c2317000-7f48c2318000 r--p 00000000 00:00 0 
7f48c2318000-7f48c2319000 ---p 00000000 00:00 0 
7f48c2319000-7f48c231c000 r--p 00000000 00:33 8596472618                 /sfs/gpfs/tardis/applications/202512/software/standard/core/java/17/lib/libjli.so
7f48c231c000-7f48c232c000 r-xp 00003000 00:33 8596472618                 /sfs/gpfs/tardis/applications/202512/software/standard/core/java/17/lib/libjli.so
7f48c232c000-7f48c2333000 r--p 00013000 00:33 8596472618                 /sfs/gpfs/tardis/applications/202512/software/standard/core/java/17/lib/libjli.so
7f48c2333000-7f48c2334000 r--p 00019000 00:33 8596472618                 /sfs/gpfs/tardis/applications/202512/software/standard/core/java/17/lib/libjli.so
7f48c2334000-7f48c2335000 rw-p 0001a000 00:33 8596472618                 /sfs/gpfs/tardis/applications/202512/software/standard/core/java/17/lib/libjli.so
7f48c2335000-7f48c2337000 rw-p 00000000 00:00 0 
7f48c2337000-7f48c2338000 r--p 0002f000 00:29 41352045                   /usr/lib64/ld-2.28.so
7f48c2338000-7f48c233a000 rw-p 00030000 00:29 41352045                   /usr/lib64/ld-2.28.so
7ffe90744000-7ffe90769000 rw-p 00000000 00:00 0                          [stack]
7ffe907cc000-7ffe907d0000 r--p 00000000 00:00 0                          [vvar]
7ffe907d0000-7ffe907d2000 r-xp 00000000 00:00 0                          [vdso]
ffffffffff600000-ffffffffff601000 r-xp 00000000 00:00 0                  [vsyscall]


VM Arguments:
jvm_args: -Dclassworlds.conf=/apps/software/standard/core/maven/3.9.0/bin/m2.conf -Dmaven.home=/apps/software/standard/core/maven/3.9.0 -Dlibrary.jansi.path=/apps/software/standard/core/maven/3.9.0/lib/jansi-native -Dmaven.multiModuleProjectDirectory=/scratch/wxw9rr/artifact/RQ3/OE25-DEV/commons-beanutils-1.9.4 -Djava.io.tmpdir=/sfs/weka/scratch/wxw9rr/tmp -javaagent:/sfs/weka/scratch/wxw9rr/tmp/pitest-agent4297895672587801351.jar -ea -Djava.awt.headless=true -XX:+UseG1GC -Djava.io.tmpdir=/sfs/weka/scratch/wxw9rr/tmp 
java_command: org.pitest.mutationtest.execute.MutationTestMinion 40761
java_class_path (initial): /sfs/weka/scratch/wxw9rr/artifact/RQ3/OE25-DEV/commons-beanutils-1.9.4/target/test-classes:/sfs/weka/scratch/wxw9rr/artifact/RQ3/OE25-DEV/commons-beanutils-1.9.4/target/classes:/home/wxw9rr/.m2/repository/commons-logging/commons-logging/1.2/commons-logging-1.2.jar:/home/wxw9rr/.m2/repository/commons-collections/commons-collections/3.2.2/commons-collections-3.2.2.jar:/home/wxw9rr/.m2/repository/commons-collections/commons-collections-testframework/3.2.1/commons-collections-testframework-3.2.1.jar:/home/wxw9rr/.m2/repository/junit/junit/4.12/junit-4.12.jar:/home/wxw9rr/.m2/repository/org/hamcrest/hamcrest-core/1.3/hamcrest-core-1.3.jar:/home/wxw9rr/.m2/repository/org/pitest/pitest/1.22.0/pitest-1.22.0.jar
Launcher Type: SUN_STANDARD

[Global flags]
     intx CICompilerCount                          = 12                                        {product} {ergonomic}
     uint ConcGCThreads                            = 5                                         {product} {ergonomic}
     uint G1ConcRefinementThreads                  = 18                                        {product} {ergonomic}
   size_t G1HeapRegionSize                         = 16777216                                  {product} {ergonomic}
    uintx GCDrainStackTargetSize                   = 64                                        {product} {ergonomic}
   size_t InitialHeapSize                          = 2147483648                                {product} {ergonomic}
   size_t MarkStackSize                            = 4194304                                   {product} {ergonomic}
   size_t MaxHeapSize                              = 32178700288                               {product} {ergonomic}
   size_t MaxNewSize                               = 19293798400                               {product} {ergonomic}
   size_t MinHeapDeltaBytes                        = 16777216                                  {product} {ergonomic}
   size_t MinHeapSize                              = 16777216                                  {product} {ergonomic}
    uintx NonNMethodCodeHeapSize                   = 7602480                                {pd product} {ergonomic}
    uintx NonProfiledCodeHeapSize                  = 122027880                              {pd product} {ergonomic}
    uintx ProfiledCodeHeapSize                     = 122027880                              {pd product} {ergonomic}
    uintx ReservedCodeCacheSize                    = 251658240                              {pd product} {ergonomic}
     bool SegmentedCodeCache                       = true                                      {product} {ergonomic}
   size_t SoftMaxHeapSize                          = 32178700288                            {manageable} {ergonomic}
     bool UseCompressedClassPointers               = true                           {product lp64_product} {ergonomic}
     bool UseCompressedOops                        = true                           {product lp64_product} {ergonomic}
     bool UseG1GC                                  = true                                      {product} {command line}

Logging:
Log output configuration:
 #0: stdout all=warning uptime,level,tags
 #1: stderr all=off uptime,level,tags

Environment Variables:
JAVA_HOME=/apps/software/standard/core/java/17
_JAVA_OPTIONS=-Djava.io.tmpdir=/sfs/weka/scratch/wxw9rr/tmp
PATH=/apps/software/standard/core/java/17:/apps/software/standard/core/java/17/bin:/apps/software/standard/core/maven/3.9.0:/apps/software/standard/core/maven/3.9.0/bin:/home/wxw9rr/.local/bin:/opt/mam/9.1.2/bin:/sfs/gpfs/tardis/applications/202512/software/standard/core/code-server/4.99.1/lib/vscode/bin/remote-cli:/apps/software/standard/core/code-server/4.99.1/bin:/apps/software/standard/core/miniforge/24.3.0-py3.11:/apps/software/standard/core/miniforge/24.3.0-py3.11/sbin:/apps/software/standard/core/miniforge/24.3.0-py3.11/bin:/sfs/gpfs/tardis/home/wxw9rr/miniforge3/bin:/sfs/gpfs/tardis/home/wxw9rr/miniforge3/condabin:/usr/local/bin:/usr/bin:/usr/local/sbin:/usr/sbin:/opt/slurm/current/bin:/opt/rci/bin:/share/resources/HPCtools:/opt/mam/current/bin:/opt/apptainer/current/bin:/sfs/gpfs/tardis/home/wxw9rr/.local/bin
LD_LIBRARY_PATH=/apps/software/standard/core/java/17/lib:/apps/software/standard/core/maven/3.9.0/lib:/opt/slurm/current/lib
SHELL=/bin/bash
LANG=en_US.UTF-8
TERM=xterm-256color
TMPDIR=/sfs/weka/scratch/wxw9rr/tmp
TMP=/sfs/weka/scratch/wxw9rr/tmp
TEMP=/sfs/weka/scratch/wxw9rr/tmp

Active Locale:
LC_ALL=en_US.UTF-8
LC_COLLATE=en_US.UTF-8
LC_CTYPE=en_US.UTF-8
LC_MESSAGES=en_US.UTF-8
LC_MONETARY=en_US.UTF-8
LC_NUMERIC=en_US.UTF-8
LC_TIME=en_US.UTF-8

Signal Handlers:
   SIGSEGV: crash_handler in libjvm.so, mask=11100100010111111101111111111110, flags=SA_RESTART|SA_SIGINFO, unblocked
    SIGBUS: crash_handler in libjvm.so, mask=11100100010111111101111111111110, flags=SA_RESTART|SA_SIGINFO, unblocked
    SIGFPE: crash_handler in libjvm.so, mask=11100100010111111101111111111110, flags=SA_RESTART|SA_SIGINFO, unblocked
   SIGPIPE: javaSignalHandler in libjvm.so, mask=11100100010111111101111111111110, flags=SA_RESTART|SA_SIGINFO, unblocked
   SIGXFSZ: javaSignalHandler in libjvm.so, mask=11100100010111111101111111111110, flags=SA_RESTART|SA_SIGINFO, unblocked
    SIGILL: crash_handler in libjvm.so, mask=11100100010111111101111111111110, flags=SA_RESTART|SA_SIGINFO, unblocked
   SIGUSR2: SR_handler in libjvm.so, mask=00100000000000000000000000000000, flags=SA_RESTART|SA_SIGINFO, unblocked
    SIGHUP: UserHandler in libjvm.so, mask=11100100010111111101111111111110, flags=SA_RESTART|SA_SIGINFO, unblocked
    SIGINT: UserHandler in libjvm.so, mask=11100100010111111101111111111110, flags=SA_RESTART|SA_SIGINFO, unblocked
   SIGTERM: UserHandler in libjvm.so, mask=11100100010111111101111111111110, flags=SA_RESTART|SA_SIGINFO, unblocked
   SIGQUIT: UserHandler in libjvm.so, mask=11100100010111111101111111111110, flags=SA_RESTART|SA_SIGINFO, unblocked
   SIGTRAP: crash_handler in libjvm.so, mask=11100100010111111101111111111110, flags=SA_RESTART|SA_SIGINFO, unblocked


Periodic native trim disabled


---------------  S Y S T E M  ---------------

OS:
Rocky Linux release 8.10 (Green Obsidian)
uname: Linux 4.18.0-553.47.1.el8_10.x86_64 #1 SMP Thu Apr 3 14:27:08 UTC 2025 x86_64
OS uptime: 88 days 17:20 hours
libc: glibc 2.28 NPTL 2.28 
rlimit (soft/hard): STACK 8192k/infinity , CORE infinity/infinity , NPROC 3094208/3094208 , NOFILE 65536/65536 , AS infinity/infinity , CPU infinity/infinity , DATA infinity/infinity , FSIZE infinity/infinity , MEMLOCK infinity/infinity
load average: 111.03 98.78 71.27

/proc/meminfo:
MemTotal:       792160700 kB
MemFree:        125738372 kB
MemAvailable:   362591952 kB
Buffers:           28000 kB
Cached:         257950220 kB
SwapCached:            0 kB
Active:         92641408 kB
Inactive:       532835956 kB
Active(anon):    9117884 kB
Inactive(anon): 378505780 kB
Active(file):   83523524 kB
Inactive(file): 154330176 kB
Unevictable:    16958460 kB
Mlocked:        16958460 kB
SwapTotal:             0 kB
SwapFree:              0 kB
Dirty:               504 kB
Writeback:             0 kB
AnonPages:      384287272 kB
Mapped:          3399088 kB
Shmem:          19759484 kB
KReclaimable:    4102692 kB
Slab:            6624316 kB
SReclaimable:    4102692 kB
SUnreclaim:      2521624 kB
KernelStack:      106528 kB
PageTables:       994832 kB
NFS_Unstable:          0 kB
Bounce:                0 kB
WritebackTmp:          0 kB
CommitLimit:    772820100 kB
Committed_AS:   771107996 kB
VmallocTotal:   13743895347199 kB
VmallocUsed:     2467640 kB
VmallocChunk:          0 kB
Percpu:           909312 kB
HardwareCorrupted:     0 kB
AnonHugePages:  131375104 kB
ShmemHugePages:        0 kB
ShmemPmdMapped:        0 kB
FileHugePages:         0 kB
FilePmdMapped:         0 kB
HugePages_Total:    5632
HugePages_Free:        0
HugePages_Rsvd:        0
HugePages_Surp:        0
Hugepagesize:       2048 kB
Hugetlb:        11534336 kB
DirectMap4k:     1240012 kB
DirectMap2M:    201951232 kB
DirectMap1G:    602931200 kB

/sys/kernel/mm/transparent_hugepage/enabled: [always] madvise never
/sys/kernel/mm/transparent_hugepage/hpage_pmd_size: 2097152
/sys/kernel/mm/transparent_hugepage/defrag (defrag/compaction efforts parameter): always defer defer+madvise [madvise] never

Process Memory:
Virtual Size: 30671160K (peak: 37074672K)
Resident Set Size: 8443840K (peak: 8443840K) (anon: 8425592K, file: 18216K, shmem: 32K)
Swapped out: 0K
C-Heap outstanding allocations: 58256K, retained: 89195K (may have wrapped)
glibc malloc tunables: (default)

/proc/sys/kernel/threads-max (system-wide limit on the number of threads): 6188417
/proc/sys/vm/max_map_count (maximum number of memory map areas a process may have): 65530
/proc/sys/vm/swappiness (control to define how aggressively the kernel swaps out anonymous memory): 10
/proc/sys/kernel/pid_max (system-wide limit on number of process identifiers): 999999

container (cgroup) information:
container_type: cgroupv1
cpu_cpuset_cpus: 0-23
cpu_memory_nodes: 0-1
active_processor_count: 24
cpu_quota: no quota
cpu_period: 100000
cpu_shares: no shares
memory_limit_in_bytes: 536870912 k
memory_and_swap_limit_in_bytes: 536870912 k
memory_soft_limit_in_bytes: unlimited
memory_usage_in_bytes: 364748688 k
memory_max_usage_in_bytes: 441547720 k
kernel_memory_limit_in_bytes: unlimited
kernel_memory_usage_in_bytes: 2618640 k
kernel_memory_max_usage_in_bytes: 2744848 k
maximum number of tasks: unlimited
current number of tasks: 3675

Steal ticks since vm start: 0
Steal ticks percentage since vm start:  0.000

CPU: total 96 (initial active 24) (48 cores per cpu, 1 threads per core) family 25 model 17 stepping 1 microcode 0xa10113b, cx8, cmov, fxsr, mmx, 3dnowpref, sse, sse2, sse3, ssse3, sse4a, sse4.1, sse4.2, popcnt, lzcnt, tsc, tscinvbit, avx, avx2, aes, erms, clmul, bmi1, bmi2, adx, avx512f, avx512dq, avx512cd, avx512bw, avx512vl, sha, fma, vzeroupper, avx512_vpopcntdq, avx512_vpclmulqdq, avx512_vaes, avx512_vnni, clflush, clflushopt, avx512_vbmi2, avx512_vbmi
CPU Model and flags from /proc/cpuinfo:
model name	: AMD EPYC 9454 48-Core Processor
flags		: fpu vme de pse tsc msr pae mce cx8 apic sep mtrr pge mca cmov pat pse36 clflush mmx fxsr sse sse2 ht syscall nx mmxext fxsr_opt pdpe1gb rdtscp lm constant_tsc rep_good amd_lbr_v2 nopl nonstop_tsc cpuid extd_apicid aperfmperf pni pclmulqdq monitor ssse3 fma cx16 pcid sse4_1 sse4_2 x2apic movbe popcnt aes xsave avx f16c rdrand lahf_lm cmp_legacy svm extapic cr8_legacy abm sse4a misalignsse 3dnowprefetch osvw ibs skinit wdt tce topoext perfctr_core perfctr_nb bpext perfctr_llc mwaitx cpb cat_l3 cdp_l3 invpcid_single hw_pstate ssbd mba perfmon_v2 ibrs ibpb stibp ibrs_enhanced vmmcall fsgsbase bmi1 avx2 smep bmi2 erms invpcid cqm rdt_a avx512f avx512dq rdseed adx smap avx512ifma clflushopt clwb avx512cd sha_ni avx512bw avx512vl xsaveopt xsavec xgetbv1 xsaves cqm_llc cqm_occup_llc cqm_mbm_total cqm_mbm_local avx512_bf16 clzero irperf xsaveerptr wbnoinvd amd_ppin cppc arat npt lbrv svm_lock nrip_save tsc_scale vmcb_clean flushbyasid decodeassists pausefilter pfthreshold avic v_vmsave_vmload vgif x2avic v_spec_ctrl avx512vbmi umip pku ospke avx512_vbmi2 gfni vaes vpclmulqdq avx512_vnni avx512_bitalg avx512_vpopcntdq la57 rdpid overflow_recov succor smca fsrm flush_l1d

Online cpus: 0-95
Offline cpus: 96-511
BIOS frequency limitation: 2750000
Frequency switch latency (ns): 0
Available cpu frequencies: 2750000 2100000 1500000 
Current governor: performance
Core performance/turbo boost: 1

Memory: 4k page, physical 536870912k(172138808k free), swap 0k(0k free)
Page Sizes: 4k

vm_info: OpenJDK 64-Bit Server VM (17.0.15+6) for linux-amd64 JRE (17.0.15+6), built on Apr 15 2025 00:00:00 by "admin" with gcc 10.3.0

END.
