#
# There is insufficient memory for the Java Runtime Environment to continue.
# Native memory allocation (mmap) failed to map 10687086592 bytes. Error detail: committing reserved memory.
# Possible reasons:
#   The system is out of physical RAM or swap space
#   This process is running with CompressedOops enabled, and the Java Heap may be blocking the growth of the native heap
# Possible solutions:
#   Reduce memory load on the system
#   Increase physical memory or swap space
#   Check if swap backing store is full
#   Decrease Java heap size (-Xmx/-Xms)
#   Decrease number of Java threads
#   Decrease Java thread stack sizes (-Xss)
#   Set larger code cache with -XX:ReservedCodeCacheSize=
#   JVM is running with Zero Based Compressed Oops mode in which the Java heap is
#     placed in the first 32GB address space. The Java Heap base address is the
#     maximum limit for the native heap growth. Please use -XX:HeapBaseMinAddress
#     to set the Java Heap base and to place the Java Heap above 32GB virtual address.
# This output file may be truncated or incomplete.
#
#  Out of Memory Error (os_linux.cpp:2832), pid=556043, tid=556108
#
# JRE version: OpenJDK Runtime Environment Temurin-17.0.15+6 (17.0.15+6) (build 17.0.15+6)
# Java VM: OpenJDK 64-Bit Server VM Temurin-17.0.15+6 (17.0.15+6, mixed mode, sharing, tiered, compressed oops, compressed class ptrs, g1 gc, linux-amd64)
# Core dump will be written. Default location: Core dumps may be processed with "/usr/lib/systemd/systemd-coredump %P %u %g %s %t %c %h %e" (or dumping to /sfs/weka/scratch/wxw9rr/artifact/RQ3/OE25-DEV/commons-beanutils-1.9.4/core.556043)
#

---------------  S U M M A R Y ------------

Command Line: -Dclassworlds.conf=/apps/software/standard/core/maven/3.9.0/bin/m2.conf -Dmaven.home=/apps/software/standard/core/maven/3.9.0 -Dlibrary.jansi.path=/apps/software/standard/core/maven/3.9.0/lib/jansi-native -Dmaven.multiModuleProjectDirectory=/scratch/wxw9rr/artifact/RQ3/OE25-DEV/commons-beanutils-1.9.4 -Djava.io.tmpdir=/sfs/weka/scratch/wxw9rr/tmp -javaagent:/sfs/weka/scratch/wxw9rr/tmp/pitest-agent4979172990101562858.jar -ea -Djava.awt.headless=true -XX:+UseG1GC -Djava.io.tmpdir=/sfs/weka/scratch/wxw9rr/tmp org.pitest.mutationtest.execute.MutationTestMinion 34879

Host: AMD EPYC 9454 48-Core Processor, 96 cores, 512G, Rocky Linux release 8.10 (Green Obsidian)
Time: Mon Jan 12 01:36:15 2026 EST elapsed time: 42.168901 seconds (0d 0h 0m 42s)

---------------  T H R E A D  ---------------

Current thread (0x00007fa22420ec30):  VMThread "VM Thread" [stack: 0x00007fa1b4d02000,0x00007fa1b4e02000] [id=556108]

Stack: [0x00007fa1b4d02000,0x00007fa1b4e02000],  sp=0x00007fa1b4dffd70,  free space=1015k
Native frames: (J=compiled Java code, j=interpreted, Vv=VM code, C=native code)
V  [libjvm.so+0xee9791]  VMError::report_and_die(int, char const*, char const*, __va_list_tag*, Thread*, unsigned char*, void*, void*, char const*, int, unsigned long)+0x1a1
V  [libjvm.so+0xeea37d]  VMError::report_and_die(Thread*, char const*, int, unsigned long, VMErrorType, char const*, __va_list_tag*)+0x2d
V  [libjvm.so+0x60921c]  report_vm_out_of_memory(char const*, int, unsigned long, VMErrorType, char const*, ...)+0xdc
V  [libjvm.so+0xc26ba8]  os::pd_commit_memory_or_exit(char*, unsigned long, unsigned long, bool, char const*)+0xd8
V  [libjvm.so+0xc205ad]  os::commit_memory_or_exit(char*, unsigned long, unsigned long, bool, char const*)+0x1d
V  [libjvm.so+0x73769e]  G1PageBasedVirtualSpace::commit(unsigned long, unsigned long)+0x18e
V  [libjvm.so+0x74bf61]  G1RegionsLargerThanCommitSizeMapper::commit_regions(unsigned int, unsigned long, WorkGang*)+0x1a1
V  [libjvm.so+0x7de418]  HeapRegionManager::commit_regions(unsigned int, unsigned long, WorkGang*)+0x58
V  [libjvm.so+0x7e0262]  HeapRegionManager::expand(unsigned int, unsigned int, WorkGang*)+0x32
V  [libjvm.so+0x7e048e]  HeapRegionManager::expand_by(unsigned int, WorkGang*)+0x7e
V  [libjvm.so+0x6f0fbf]  G1CollectedHeap::expand(unsigned long, WorkGang*, double*)+0xef
V  [libjvm.so+0x6f5291]  G1CollectedHeap::do_collection_pause_at_safepoint_helper(double)+0x9a1
V  [libjvm.so+0x6f53e1]  G1CollectedHeap::do_collection_pause_at_safepoint(double)+0x31
V  [libjvm.so+0x770487]  VM_G1CollectForAllocation::doit()+0x47
V  [libjvm.so+0xeeecbe]  VM_Operation::evaluate()+0xee
V  [libjvm.so+0xef0674]  VMThread::evaluate_operation(VM_Operation*)+0xf4
V  [libjvm.so+0xef0bd4]  VMThread::inner_execute(VM_Operation*)+0x1d4
V  [libjvm.so+0xef0ebf]  VMThread::run()+0xbf
V  [libjvm.so+0xe6c2ca]  Thread::call_run()+0xaa
V  [libjvm.so+0xc29413]  thread_native_entry(Thread*)+0xe3

VM_Operation (0x00007fa166cfa6a0): G1CollectForAllocation, mode: safepoint, requested by thread 0x00007fa2244efd60


---------------  P R O C E S S  ---------------

Threads class SMR info:
_java_thread_list=0x00007fa224564770, length=13, elements={
0x00007fa224032990, 0x00007fa224212cf0, 0x00007fa2242140d0, 0x00007fa224218680,
0x00007fa224219a30, 0x00007fa22421ae40, 0x00007fa22421c870, 0x00007fa22421dda0,
0x00007fa22421ee20, 0x00007fa22422ad90, 0x00007fa224266ad0, 0x00007fa118007c20,
0x00007fa2244efd60
}

Java Threads: ( => current thread )
  0x00007fa224032990 JavaThread "main" [_thread_blocked, id=556064, stack(0x00007fa22a50f000,0x00007fa22a610000)]
  0x00007fa224212cf0 JavaThread "Reference Handler" daemon [_thread_blocked, id=556110, stack(0x00007fa1b4c01000,0x00007fa1b4d01000)]
  0x00007fa2242140d0 JavaThread "Finalizer" daemon [_thread_blocked, id=556111, stack(0x00007fa1b4b00000,0x00007fa1b4c00000)]
  0x00007fa224218680 JavaThread "Signal Dispatcher" daemon [_thread_blocked, id=556112, stack(0x00007fa1b49ff000,0x00007fa1b4aff000)]
  0x00007fa224219a30 JavaThread "Service Thread" daemon [_thread_blocked, id=556115, stack(0x00007fa1b48fe000,0x00007fa1b49fe000)]
  0x00007fa22421ae40 JavaThread "Monitor Deflation Thread" daemon [_thread_blocked, id=556119, stack(0x00007fa1b47fd000,0x00007fa1b48fd000)]
  0x00007fa22421c870 JavaThread "C2 CompilerThread0" daemon [_thread_blocked, id=556123, stack(0x00007fa1b46fc000,0x00007fa1b47fc000)]
  0x00007fa22421dda0 JavaThread "C1 CompilerThread0" daemon [_thread_blocked, id=556124, stack(0x00007fa1b45fb000,0x00007fa1b46fb000)]
  0x00007fa22421ee20 JavaThread "Sweeper thread" daemon [_thread_blocked, id=556136, stack(0x00007fa1b44fa000,0x00007fa1b45fa000)]
  0x00007fa22422ad90 JavaThread "Common-Cleaner" daemon [_thread_blocked, id=556165, stack(0x00007fa1b42f8000,0x00007fa1b43f8000)]
  0x00007fa224266ad0 JavaThread "Notification Thread" daemon [_thread_blocked, id=556175, stack(0x00007fa166dff000,0x00007fa166eff000)]
  0x00007fa118007c20 JavaThread "C2 CompilerThread1" daemon [_thread_blocked, id=563078, stack(0x00007fa1667f9000,0x00007fa1668f9000)]
  0x00007fa2244efd60 JavaThread "mutationTestThread" daemon [_thread_blocked, id=563454, stack(0x00007fa166bfd000,0x00007fa166cfd000)]

Other Threads:
=>0x00007fa22420ec30 VMThread "VM Thread" [stack: 0x00007fa1b4d02000,0x00007fa1b4e02000] [id=556108]
  0x00007fa224268330 WatcherThread [stack: 0x00007fa166cfe000,0x00007fa166dfe000] [id=556176]
  0x00007fa2240680c0 GCTaskThread "GC Thread#0" [stack: 0x00007fa1c4648000,0x00007fa1c4748000] [id=556065]
  0x00007fa16000d940 GCTaskThread "GC Thread#1" [stack: 0x00007fa1666f8000,0x00007fa1667f8000] [id=557687]
  0x00007fa16000ded0 GCTaskThread "GC Thread#2" [stack: 0x00007fa1665f7000,0x00007fa1666f7000] [id=557688]
  0x00007fa16000e6d0 GCTaskThread "GC Thread#3" [stack: 0x00007fa1664f6000,0x00007fa1665f6000] [id=557689]
  0x00007fa16000f0e0 GCTaskThread "GC Thread#4" [stack: 0x00007fa1663f5000,0x00007fa1664f5000] [id=557690]
  0x00007fa16000faf0 GCTaskThread "GC Thread#5" [stack: 0x00007fa1662f4000,0x00007fa1663f4000] [id=557691]
  0x00007fa160010530 GCTaskThread "GC Thread#6" [stack: 0x00007fa1661f3000,0x00007fa1662f3000] [id=557692]
  0x00007fa160010f70 GCTaskThread "GC Thread#7" [stack: 0x00007fa1660f2000,0x00007fa1661f2000] [id=557693]
  0x00007fa1600119b0 GCTaskThread "GC Thread#8" [stack: 0x00007fa165ff1000,0x00007fa1660f1000] [id=557694]
  0x00007fa1600123f0 GCTaskThread "GC Thread#9" [stack: 0x00007fa165ef0000,0x00007fa165ff0000] [id=557695]
  0x00007fa160012e30 GCTaskThread "GC Thread#10" [stack: 0x00007fa165def000,0x00007fa165eef000] [id=557696]
  0x00007fa1600138b0 GCTaskThread "GC Thread#11" [stack: 0x00007fa165cee000,0x00007fa165dee000] [id=557697]
  0x00007fa160014330 GCTaskThread "GC Thread#12" [stack: 0x00007fa165bed000,0x00007fa165ced000] [id=557698]
  0x00007fa160014db0 GCTaskThread "GC Thread#13" [stack: 0x00007fa165aec000,0x00007fa165bec000] [id=557699]
  0x00007fa160015830 GCTaskThread "GC Thread#14" [stack: 0x00007fa1659eb000,0x00007fa165aeb000] [id=557700]
  0x00007fa1600162b0 GCTaskThread "GC Thread#15" [stack: 0x00007fa1658ea000,0x00007fa1659ea000] [id=557701]
  0x00007fa160016d30 GCTaskThread "GC Thread#16" [stack: 0x00007fa1657e9000,0x00007fa1658e9000] [id=557702]
  0x00007fa1600177b0 GCTaskThread "GC Thread#17" [stack: 0x00007fa1656e8000,0x00007fa1657e8000] [id=557703]
  0x00007fa2240786e0 ConcurrentGCThread "G1 Main Marker" [stack: 0x00007fa1c4547000,0x00007fa1c4647000] [id=556097]
  0x00007fa224079660 ConcurrentGCThread "G1 Conc#0" [stack: 0x00007fa1c4446000,0x00007fa1c4546000] [id=556099]
  0x00007fa2241dc910 ConcurrentGCThread "G1 Refine#0" [stack: 0x00007fa1b50f2000,0x00007fa1b51f2000] [id=556102]
  0x00007fa1b0000da0 ConcurrentGCThread "G1 Refine#1" [stack: 0x00007fa166afc000,0x00007fa166bfc000] [id=563549]
  0x00007fa11800b030 ConcurrentGCThread "G1 Refine#2" [stack: 0x00007fa1668fa000,0x00007fa1669fa000] [id=563552]
  0x00007fa2241dd810 ConcurrentGCThread "G1 Service" [stack: 0x00007fa1b4ff1000,0x00007fa1b50f1000] [id=556103]

Threads with active compile tasks:

VM state: at safepoint (normal execution)

VM Mutex/Monitor currently owned by a thread:  ([mutex/lock_event])
[0x00007fa22402e1c0] Threads_lock - owner thread: 0x00007fa22420ec30
[0x00007fa22402e970] Heap_lock - owner thread: 0x00007fa2244efd60

Heap address: 0x0000000082000000, size: 30688 MB, Compressed Oops mode: Zero based, Oop shift amount: 3

CDS archive(s) mapped at: [0x00007fa167000000-0x00007fa167bc9000-0x00007fa167bc9000), size 12357632, SharedBaseAddress: 0x00007fa167000000, ArchiveRelocationMode: 1.
Compressed class space mapped at: 0x00007fa168000000-0x00007fa1a8000000, reserved size: 1073741824
Narrow klass base: 0x00007fa167000000, Narrow klass shift: 0, Narrow klass range: 0x100000000

GC Precious Log:
 CPUs: 96 total, 24 available
 Memory: 512G
 Large Page Support: Disabled
 NUMA Support: Disabled
 Compressed Oops: Enabled (Zero based)
 Heap Region Size: 16M
 Heap Min Capacity: 16M
 Heap Initial Capacity: 2G
 Heap Max Capacity: 30688M
 Pre-touch: Disabled
 Parallel Workers: 18
 Concurrent Workers: 5
 Concurrent Refinement Workers: 18
 Periodic GC: Disabled

Heap:
 garbage-first heap   total 5357568K, used 1720244K [0x0000000082000000, 0x0000000800000000)
  region size 16384K, 8 young (131072K), 8 survivors (131072K)
 Metaspace       used 8983K, committed 9216K, reserved 1114112K
  class space    used 891K, committed 1024K, reserved 1048576K

Heap Regions: E=young(eden), S=young(survivor), O=old, HS=humongous(starts), HC=humongous(continues), CS=collection set, F=free, OA=open archive, CA=closed archive, TAMS=top-at-mark-start (previous, next)
|   0|0x0000000082000000, 0x0000000083000000, 0x0000000083000000|100%|HS|  |TAMS 0x0000000082000000, 0x0000000082000000| Complete 
|   1|0x0000000083000000, 0x0000000084000000, 0x0000000084000000|100%| O|  |TAMS 0x0000000083000000, 0x0000000083000000| Untracked 
|   2|0x0000000084000000, 0x0000000085000000, 0x0000000085000000|100%| O|  |TAMS 0x0000000084000000, 0x0000000084000000| Untracked 
|   3|0x0000000085000000, 0x0000000086000000, 0x0000000086000000|100%| O|  |TAMS 0x0000000085000000, 0x0000000085000000| Untracked 
|   4|0x0000000086000000, 0x0000000087000000, 0x0000000087000000|100%| O|  |TAMS 0x0000000086000000, 0x0000000086000000| Untracked 
|   5|0x0000000087000000, 0x0000000088000000, 0x0000000088000000|100%| O|  |TAMS 0x0000000087000000, 0x0000000087000000| Untracked 
|   6|0x0000000088000000, 0x0000000089000000, 0x0000000089000000|100%| O|  |TAMS 0x0000000088000000, 0x0000000088000000| Untracked 
|   7|0x0000000089000000, 0x000000008a000000, 0x000000008a000000|100%| O|  |TAMS 0x0000000089000000, 0x0000000089000000| Untracked 
|   8|0x000000008a000000, 0x000000008b000000, 0x000000008b000000|100%| O|  |TAMS 0x000000008a000000, 0x000000008a000000| Untracked 
|   9|0x000000008b000000, 0x000000008c000000, 0x000000008c000000|100%| O|  |TAMS 0x000000008b000000, 0x000000008b000000| Untracked 
|  10|0x000000008c000000, 0x000000008d000000, 0x000000008d000000|100%| O|  |TAMS 0x000000008c000000, 0x000000008c000000| Untracked 
|  11|0x000000008d000000, 0x000000008e000000, 0x000000008e000000|100%| O|  |TAMS 0x000000008d000000, 0x000000008d000000| Untracked 
|  12|0x000000008e000000, 0x000000008f000000, 0x000000008f000000|100%| O|  |TAMS 0x000000008e000000, 0x000000008e000000| Untracked 
|  13|0x000000008f000000, 0x0000000090000000, 0x0000000090000000|100%| O|  |TAMS 0x000000008f000000, 0x000000008f000000| Untracked 
|  14|0x0000000090000000, 0x0000000091000000, 0x0000000091000000|100%| O|  |TAMS 0x0000000090000000, 0x0000000090000000| Untracked 
|  15|0x0000000091000000, 0x0000000092000000, 0x0000000092000000|100%|HS|  |TAMS 0x0000000091000000, 0x0000000091000000| Complete 
|  16|0x0000000092000000, 0x0000000093000000, 0x0000000093000000|100%| O|  |TAMS 0x0000000092000000, 0x0000000092000000| Untracked 
|  17|0x0000000093000000, 0x0000000094000000, 0x0000000094000000|100%| O|  |TAMS 0x0000000093000000, 0x0000000093000000| Untracked 
|  18|0x0000000094000000, 0x0000000095000000, 0x0000000095000000|100%| O|  |TAMS 0x0000000094000000, 0x0000000094000000| Untracked 
|  19|0x0000000095000000, 0x0000000096000000, 0x0000000096000000|100%| O|  |TAMS 0x0000000095000000, 0x0000000095000000| Untracked 
|  20|0x0000000096000000, 0x0000000097000000, 0x0000000097000000|100%| O|  |TAMS 0x0000000096000000, 0x0000000096000000| Untracked 
|  21|0x0000000097000000, 0x0000000098000000, 0x0000000098000000|100%| O|  |TAMS 0x0000000097000000, 0x0000000097000000| Untracked 
|  22|0x0000000098000000, 0x0000000099000000, 0x0000000099000000|100%| O|  |TAMS 0x0000000098000000, 0x0000000098000000| Untracked 
|  23|0x0000000099000000, 0x000000009a000000, 0x000000009a000000|100%| O|  |TAMS 0x0000000099000000, 0x0000000099000000| Untracked 
|  24|0x000000009a000000, 0x000000009b000000, 0x000000009b000000|100%| O|  |TAMS 0x000000009a000000, 0x000000009a000000| Untracked 
|  25|0x000000009b000000, 0x000000009c000000, 0x000000009c000000|100%| O|  |TAMS 0x000000009b000000, 0x000000009b000000| Untracked 
|  26|0x000000009c000000, 0x000000009d000000, 0x000000009d000000|100%| O|  |TAMS 0x000000009c000000, 0x000000009c000000| Untracked 
|  27|0x000000009d000000, 0x000000009e000000, 0x000000009e000000|100%| O|  |TAMS 0x000000009d000000, 0x000000009d000000| Untracked 
|  28|0x000000009e000000, 0x000000009f000000, 0x000000009f000000|100%| O|  |TAMS 0x000000009e000000, 0x000000009e000000| Untracked 
|  29|0x000000009f000000, 0x00000000a0000000, 0x00000000a0000000|100%| O|  |TAMS 0x000000009f000000, 0x000000009f000000| Untracked 
|  30|0x00000000a0000000, 0x00000000a1000000, 0x00000000a1000000|100%| O|  |TAMS 0x00000000a0000000, 0x00000000a0000000| Untracked 
|  31|0x00000000a1000000, 0x00000000a2000000, 0x00000000a2000000|100%| O|  |TAMS 0x00000000a1000000, 0x00000000a1000000| Untracked 
|  32|0x00000000a2000000, 0x00000000a3000000, 0x00000000a3000000|100%| O|  |TAMS 0x00000000a2000000, 0x00000000a2000000| Untracked 
|  33|0x00000000a3000000, 0x00000000a4000000, 0x00000000a4000000|100%| O|  |TAMS 0x00000000a3000000, 0x00000000a3000000| Untracked 
|  34|0x00000000a4000000, 0x00000000a5000000, 0x00000000a5000000|100%| O|  |TAMS 0x00000000a4000000, 0x00000000a4000000| Untracked 
|  35|0x00000000a5000000, 0x00000000a6000000, 0x00000000a6000000|100%| O|  |TAMS 0x00000000a5000000, 0x00000000a5000000| Untracked 
|  36|0x00000000a6000000, 0x00000000a7000000, 0x00000000a7000000|100%| O|  |TAMS 0x00000000a6000000, 0x00000000a6000000| Untracked 
|  37|0x00000000a7000000, 0x00000000a8000000, 0x00000000a8000000|100%| O|  |TAMS 0x00000000a7000000, 0x00000000a7000000| Untracked 
|  38|0x00000000a8000000, 0x00000000a9000000, 0x00000000a9000000|100%| O|  |TAMS 0x00000000a8000000, 0x00000000a8000000| Untracked 
|  39|0x00000000a9000000, 0x00000000aa000000, 0x00000000aa000000|100%| O|  |TAMS 0x00000000a9000000, 0x00000000a9000000| Untracked 
|  40|0x00000000aa000000, 0x00000000ab000000, 0x00000000ab000000|100%| O|  |TAMS 0x00000000aa000000, 0x00000000aa000000| Untracked 
|  41|0x00000000ab000000, 0x00000000ac000000, 0x00000000ac000000|100%|HS|  |TAMS 0x00000000ab000000, 0x00000000ab000000| Complete 
|  42|0x00000000ac000000, 0x00000000ad000000, 0x00000000ad000000|100%|HC|  |TAMS 0x00000000ac000000, 0x00000000ac000000| Complete 
|  43|0x00000000ad000000, 0x00000000ae000000, 0x00000000ae000000|100%| O|  |TAMS 0x00000000ad000000, 0x00000000ad000000| Untracked 
|  44|0x00000000ae000000, 0x00000000af000000, 0x00000000af000000|100%| O|  |TAMS 0x00000000ae000000, 0x00000000ae000000| Untracked 
|  45|0x00000000af000000, 0x00000000b0000000, 0x00000000b0000000|100%| O|  |TAMS 0x00000000af000000, 0x00000000af000000| Untracked 
|  46|0x00000000b0000000, 0x00000000b1000000, 0x00000000b1000000|100%| O|  |TAMS 0x00000000b0000000, 0x00000000b0000000| Untracked 
|  47|0x00000000b1000000, 0x00000000b2000000, 0x00000000b2000000|100%| O|  |TAMS 0x00000000b1000000, 0x00000000b1000000| Untracked 
|  48|0x00000000b2000000, 0x00000000b3000000, 0x00000000b3000000|100%| O|  |TAMS 0x00000000b2000000, 0x00000000b2000000| Untracked 
|  49|0x00000000b3000000, 0x00000000b4000000, 0x00000000b4000000|100%| O|  |TAMS 0x00000000b3000000, 0x00000000b3000000| Untracked 
|  50|0x00000000b4000000, 0x00000000b5000000, 0x00000000b5000000|100%| O|  |TAMS 0x00000000b4000000, 0x00000000b4000000| Untracked 
|  51|0x00000000b5000000, 0x00000000b6000000, 0x00000000b6000000|100%| O|  |TAMS 0x00000000b5000000, 0x00000000b5000000| Untracked 
|  52|0x00000000b6000000, 0x00000000b7000000, 0x00000000b7000000|100%| O|  |TAMS 0x00000000b6000000, 0x00000000b6000000| Untracked 
|  53|0x00000000b7000000, 0x00000000b8000000, 0x00000000b8000000|100%| O|  |TAMS 0x00000000b7000000, 0x00000000b7000000| Untracked 
|  54|0x00000000b8000000, 0x00000000b9000000, 0x00000000b9000000|100%| O|  |TAMS 0x00000000b8000000, 0x00000000b8000000| Untracked 
|  55|0x00000000b9000000, 0x00000000ba000000, 0x00000000ba000000|100%| O|  |TAMS 0x00000000b9000000, 0x00000000b9000000| Untracked 
|  56|0x00000000ba000000, 0x00000000bb000000, 0x00000000bb000000|100%| O|  |TAMS 0x00000000ba000000, 0x00000000ba000000| Untracked 
|  57|0x00000000bb000000, 0x00000000bc000000, 0x00000000bc000000|100%| O|  |TAMS 0x00000000bb000000, 0x00000000bb000000| Untracked 
|  58|0x00000000bc000000, 0x00000000bd000000, 0x00000000bd000000|100%| O|  |TAMS 0x00000000bc000000, 0x00000000bc000000| Untracked 
|  59|0x00000000bd000000, 0x00000000be000000, 0x00000000be000000|100%| O|  |TAMS 0x00000000bd000000, 0x00000000bd000000| Untracked 
|  60|0x00000000be000000, 0x00000000bf000000, 0x00000000bf000000|100%| O|  |TAMS 0x00000000be000000, 0x00000000be000000| Untracked 
|  61|0x00000000bf000000, 0x00000000c0000000, 0x00000000c0000000|100%| O|  |TAMS 0x00000000bf000000, 0x00000000bf000000| Untracked 
|  62|0x00000000c0000000, 0x00000000c1000000, 0x00000000c1000000|100%| O|  |TAMS 0x00000000c0000000, 0x00000000c0000000| Untracked 
|  63|0x00000000c1000000, 0x00000000c2000000, 0x00000000c2000000|100%| O|  |TAMS 0x00000000c1000000, 0x00000000c1000000| Untracked 
|  64|0x00000000c2000000, 0x00000000c3000000, 0x00000000c3000000|100%|HS|  |TAMS 0x00000000c2000000, 0x00000000c2000000| Complete 
|  65|0x00000000c3000000, 0x00000000c4000000, 0x00000000c4000000|100%|HC|  |TAMS 0x00000000c3000000, 0x00000000c3000000| Complete 
|  66|0x00000000c4000000, 0x00000000c5000000, 0x00000000c5000000|100%|HC|  |TAMS 0x00000000c4000000, 0x00000000c4000000| Complete 
|  67|0x00000000c5000000, 0x00000000c6000000, 0x00000000c6000000|100%| O|  |TAMS 0x00000000c5000000, 0x00000000c5000000| Untracked 
|  68|0x00000000c6000000, 0x00000000c7000000, 0x00000000c7000000|100%| O|  |TAMS 0x00000000c6000000, 0x00000000c6000000| Untracked 
|  69|0x00000000c7000000, 0x00000000c8000000, 0x00000000c8000000|100%| O|  |TAMS 0x00000000c7000000, 0x00000000c7000000| Untracked 
|  70|0x00000000c8000000, 0x00000000c9000000, 0x00000000c9000000|100%| O|  |TAMS 0x00000000c8000000, 0x00000000c8000000| Untracked 
|  71|0x00000000c9000000, 0x00000000ca000000, 0x00000000ca000000|100%| O|  |TAMS 0x00000000c9000000, 0x00000000c9000000| Untracked 
|  72|0x00000000ca000000, 0x00000000cb000000, 0x00000000cb000000|100%| O|  |TAMS 0x00000000ca000000, 0x00000000ca000000| Untracked 
|  73|0x00000000cb000000, 0x00000000cc000000, 0x00000000cc000000|100%| O|  |TAMS 0x00000000cb000000, 0x00000000cb000000| Untracked 
|  74|0x00000000cc000000, 0x00000000cd000000, 0x00000000cd000000|100%| O|  |TAMS 0x00000000cc000000, 0x00000000cc000000| Untracked 
|  75|0x00000000cd000000, 0x00000000ce000000, 0x00000000ce000000|100%| O|  |TAMS 0x00000000cd000000, 0x00000000cd000000| Untracked 
|  76|0x00000000ce000000, 0x00000000cf000000, 0x00000000cf000000|100%| O|  |TAMS 0x00000000ce000000, 0x00000000ce000000| Untracked 
|  77|0x00000000cf000000, 0x00000000d0000000, 0x00000000d0000000|100%| O|  |TAMS 0x00000000cf000000, 0x00000000cf000000| Untracked 
|  78|0x00000000d0000000, 0x00000000d1000000, 0x00000000d1000000|100%| O|  |TAMS 0x00000000d0000000, 0x00000000d0000000| Untracked 
|  79|0x00000000d1000000, 0x00000000d2000000, 0x00000000d2000000|100%| O|  |TAMS 0x00000000d1000000, 0x00000000d1000000| Untracked 
|  80|0x00000000d2000000, 0x00000000d3000000, 0x00000000d3000000|100%| O|  |TAMS 0x00000000d2000000, 0x00000000d2000000| Untracked 
|  81|0x00000000d3000000, 0x00000000d4000000, 0x00000000d4000000|100%| O|  |TAMS 0x00000000d3000000, 0x00000000d3000000| Untracked 
|  82|0x00000000d4000000, 0x00000000d5000000, 0x00000000d5000000|100%| O|  |TAMS 0x00000000d4000000, 0x00000000d4000000| Untracked 
|  83|0x00000000d5000000, 0x00000000d6000000, 0x00000000d6000000|100%| O|  |TAMS 0x00000000d5000000, 0x00000000d5000000| Untracked 
|  84|0x00000000d6000000, 0x00000000d7000000, 0x00000000d7000000|100%| O|  |TAMS 0x00000000d6000000, 0x00000000d6000000| Untracked 
|  85|0x00000000d7000000, 0x00000000d8000000, 0x00000000d8000000|100%| O|  |TAMS 0x00000000d7000000, 0x00000000d7000000| Untracked 
|  86|0x00000000d8000000, 0x00000000d9000000, 0x00000000d9000000|100%| O|  |TAMS 0x00000000d8000000, 0x00000000d8000000| Untracked 
|  87|0x00000000d9000000, 0x00000000da000000, 0x00000000da000000|100%| O|  |TAMS 0x00000000d9000000, 0x00000000d9000000| Untracked 
|  88|0x00000000da000000, 0x00000000db000000, 0x00000000db000000|100%| O|  |TAMS 0x00000000da000000, 0x00000000da000000| Untracked 
|  89|0x00000000db000000, 0x00000000dc000000, 0x00000000dc000000|100%| O|  |TAMS 0x00000000db000000, 0x00000000db000000| Untracked 
|  90|0x00000000dc000000, 0x00000000dd000000, 0x00000000dd000000|100%| O|  |TAMS 0x00000000dc000000, 0x00000000dc000000| Untracked 
|  91|0x00000000dd000000, 0x00000000de000000, 0x00000000de000000|100%| O|  |TAMS 0x00000000dd000000, 0x00000000dd000000| Untracked 
|  92|0x00000000de000000, 0x00000000df000000, 0x00000000df000000|100%| O|  |TAMS 0x00000000de000000, 0x00000000de000000| Untracked 
|  93|0x00000000df000000, 0x00000000e0000000, 0x00000000e0000000|100%| O|  |TAMS 0x00000000df000000, 0x00000000df000000| Untracked 
|  94|0x00000000e0000000, 0x00000000e1000000, 0x00000000e1000000|100%| O|  |TAMS 0x00000000e0000000, 0x00000000e0000000| Untracked 
|  95|0x00000000e1000000, 0x00000000e2000000, 0x00000000e2000000|100%| O|  |TAMS 0x00000000e1000000, 0x00000000e1000000| Untracked 
|  96|0x00000000e2000000, 0x00000000e2000000, 0x00000000e3000000|  0%| F|  |TAMS 0x00000000e2000000, 0x00000000e2000000| Untracked 
|  97|0x00000000e3000000, 0x00000000e3000000, 0x00000000e4000000|  0%| F|  |TAMS 0x00000000e3000000, 0x00000000e3000000| Untracked 
|  98|0x00000000e4000000, 0x00000000e4000000, 0x00000000e5000000|  0%| F|  |TAMS 0x00000000e4000000, 0x00000000e4000000| Untracked 
|  99|0x00000000e5000000, 0x00000000e5000000, 0x00000000e6000000|  0%| F|  |TAMS 0x00000000e5000000, 0x00000000e5000000| Untracked 
| 100|0x00000000e6000000, 0x00000000e6000000, 0x00000000e7000000|  0%| F|  |TAMS 0x00000000e6000000, 0x00000000e6000000| Untracked 
| 101|0x00000000e7000000, 0x00000000e7000000, 0x00000000e8000000|  0%| F|  |TAMS 0x00000000e7000000, 0x00000000e7000000| Untracked 
| 102|0x00000000e8000000, 0x00000000e8000000, 0x00000000e9000000|  0%| F|  |TAMS 0x00000000e8000000, 0x00000000e8000000| Untracked 
| 103|0x00000000e9000000, 0x00000000e9000000, 0x00000000ea000000|  0%| F|  |TAMS 0x00000000e9000000, 0x00000000e9000000| Untracked 
| 104|0x00000000ea000000, 0x00000000ea000000, 0x00000000eb000000|  0%| F|  |TAMS 0x00000000ea000000, 0x00000000ea000000| Untracked 
| 105|0x00000000eb000000, 0x00000000eb000000, 0x00000000ec000000|  0%| F|  |TAMS 0x00000000eb000000, 0x00000000eb000000| Untracked 
| 106|0x00000000ec000000, 0x00000000ec000000, 0x00000000ed000000|  0%| F|  |TAMS 0x00000000ec000000, 0x00000000ec000000| Untracked 
| 107|0x00000000ed000000, 0x00000000ed000000, 0x00000000ee000000|  0%| F|  |TAMS 0x00000000ed000000, 0x00000000ed000000| Untracked 
| 108|0x00000000ee000000, 0x00000000ee000000, 0x00000000ef000000|  0%| F|  |TAMS 0x00000000ee000000, 0x00000000ee000000| Untracked 
| 109|0x00000000ef000000, 0x00000000ef000000, 0x00000000f0000000|  0%| F|  |TAMS 0x00000000ef000000, 0x00000000ef000000| Untracked 
| 110|0x00000000f0000000, 0x00000000f0000000, 0x00000000f1000000|  0%| F|  |TAMS 0x00000000f0000000, 0x00000000f0000000| Untracked 
| 111|0x00000000f1000000, 0x00000000f1000000, 0x00000000f2000000|  0%| F|  |TAMS 0x00000000f1000000, 0x00000000f1000000| Untracked 
| 112|0x00000000f2000000, 0x00000000f2000000, 0x00000000f3000000|  0%| F|  |TAMS 0x00000000f2000000, 0x00000000f2000000| Untracked 
| 113|0x00000000f3000000, 0x00000000f3000000, 0x00000000f4000000|  0%| F|  |TAMS 0x00000000f3000000, 0x00000000f3000000| Untracked 
| 114|0x00000000f4000000, 0x00000000f4000000, 0x00000000f5000000|  0%| F|  |TAMS 0x00000000f4000000, 0x00000000f4000000| Untracked 
| 115|0x00000000f5000000, 0x00000000f5000000, 0x00000000f6000000|  0%| F|  |TAMS 0x00000000f5000000, 0x00000000f5000000| Untracked 
| 116|0x00000000f6000000, 0x00000000f6000000, 0x00000000f7000000|  0%| F|  |TAMS 0x00000000f6000000, 0x00000000f6000000| Untracked 
| 117|0x00000000f7000000, 0x00000000f7000000, 0x00000000f8000000|  0%| F|  |TAMS 0x00000000f7000000, 0x00000000f7000000| Untracked 
| 118|0x00000000f8000000, 0x00000000f8000000, 0x00000000f9000000|  0%| F|  |TAMS 0x00000000f8000000, 0x00000000f8000000| Untracked 
| 119|0x00000000f9000000, 0x00000000f9000000, 0x00000000fa000000|  0%| F|  |TAMS 0x00000000f9000000, 0x00000000f9000000| Untracked 
| 120|0x00000000fa000000, 0x00000000fa000000, 0x00000000fb000000|  0%| F|  |TAMS 0x00000000fa000000, 0x00000000fa000000| Untracked 
| 121|0x00000000fb000000, 0x00000000fb000000, 0x00000000fc000000|  0%| F|  |TAMS 0x00000000fb000000, 0x00000000fb000000| Untracked 
| 122|0x00000000fc000000, 0x00000000fc000000, 0x00000000fd000000|  0%| F|  |TAMS 0x00000000fc000000, 0x00000000fc000000| Untracked 
| 123|0x00000000fd000000, 0x00000000fd000000, 0x00000000fe000000|  0%| F|  |TAMS 0x00000000fd000000, 0x00000000fd000000| Untracked 
| 124|0x00000000fe000000, 0x00000000fe000000, 0x00000000ff000000|  0%| F|  |TAMS 0x00000000fe000000, 0x00000000fe000000| Untracked 
| 125|0x00000000ff000000, 0x00000000ff000000, 0x0000000100000000|  0%| F|  |TAMS 0x00000000ff000000, 0x00000000ff000000| Untracked 
| 126|0x0000000100000000, 0x0000000100000000, 0x0000000101000000|  0%| F|  |TAMS 0x0000000100000000, 0x0000000100000000| Untracked 
| 127|0x0000000101000000, 0x0000000101000000, 0x0000000102000000|  0%| F|  |TAMS 0x0000000101000000, 0x0000000101000000| Untracked 
| 128|0x0000000102000000, 0x0000000102000000, 0x0000000103000000|  0%| F|  |TAMS 0x0000000102000000, 0x0000000102000000| Untracked 
| 129|0x0000000103000000, 0x0000000103000000, 0x0000000104000000|  0%| F|  |TAMS 0x0000000103000000, 0x0000000103000000| Untracked 
| 130|0x0000000104000000, 0x0000000104000000, 0x0000000105000000|  0%| F|  |TAMS 0x0000000104000000, 0x0000000104000000| Untracked 
| 131|0x0000000105000000, 0x0000000105000000, 0x0000000106000000|  0%| F|  |TAMS 0x0000000105000000, 0x0000000105000000| Untracked 
| 132|0x0000000106000000, 0x0000000106000000, 0x0000000107000000|  0%| F|  |TAMS 0x0000000106000000, 0x0000000106000000| Untracked 
| 133|0x0000000107000000, 0x0000000107000000, 0x0000000108000000|  0%| F|  |TAMS 0x0000000107000000, 0x0000000107000000| Untracked 
| 134|0x0000000108000000, 0x0000000108000000, 0x0000000109000000|  0%| F|  |TAMS 0x0000000108000000, 0x0000000108000000| Untracked 
| 135|0x0000000109000000, 0x0000000109000000, 0x000000010a000000|  0%| F|  |TAMS 0x0000000109000000, 0x0000000109000000| Untracked 
| 136|0x000000010a000000, 0x000000010a000000, 0x000000010b000000|  0%| F|  |TAMS 0x000000010a000000, 0x000000010a000000| Untracked 
| 137|0x000000010b000000, 0x000000010b000000, 0x000000010c000000|  0%| F|  |TAMS 0x000000010b000000, 0x000000010b000000| Untracked 
| 138|0x000000010c000000, 0x000000010c000000, 0x000000010d000000|  0%| F|  |TAMS 0x000000010c000000, 0x000000010c000000| Untracked 
| 139|0x000000010d000000, 0x000000010d000000, 0x000000010e000000|  0%| F|  |TAMS 0x000000010d000000, 0x000000010d000000| Untracked 
| 140|0x000000010e000000, 0x000000010e000000, 0x000000010f000000|  0%| F|  |TAMS 0x000000010e000000, 0x000000010e000000| Untracked 
| 141|0x000000010f000000, 0x000000010f000000, 0x0000000110000000|  0%| F|  |TAMS 0x000000010f000000, 0x000000010f000000| Untracked 
| 142|0x0000000110000000, 0x0000000110000000, 0x0000000111000000|  0%| F|  |TAMS 0x0000000110000000, 0x0000000110000000| Untracked 
| 143|0x0000000111000000, 0x0000000111000000, 0x0000000112000000|  0%| F|  |TAMS 0x0000000111000000, 0x0000000111000000| Untracked 
| 144|0x0000000112000000, 0x0000000112000000, 0x0000000113000000|  0%| F|  |TAMS 0x0000000112000000, 0x0000000112000000| Untracked 
| 145|0x0000000113000000, 0x0000000113000000, 0x0000000114000000|  0%| F|  |TAMS 0x0000000113000000, 0x0000000113000000| Untracked 
| 146|0x0000000114000000, 0x0000000114000000, 0x0000000115000000|  0%| F|  |TAMS 0x0000000114000000, 0x0000000114000000| Untracked 
| 147|0x0000000115000000, 0x0000000115000000, 0x0000000116000000|  0%| F|  |TAMS 0x0000000115000000, 0x0000000115000000| Untracked 
| 148|0x0000000116000000, 0x0000000116000000, 0x0000000117000000|  0%| F|  |TAMS 0x0000000116000000, 0x0000000116000000| Untracked 
| 149|0x0000000117000000, 0x0000000117000000, 0x0000000118000000|  0%| F|  |TAMS 0x0000000117000000, 0x0000000117000000| Untracked 
| 150|0x0000000118000000, 0x0000000118000000, 0x0000000119000000|  0%| F|  |TAMS 0x0000000118000000, 0x0000000118000000| Untracked 
| 151|0x0000000119000000, 0x0000000119000000, 0x000000011a000000|  0%| F|  |TAMS 0x0000000119000000, 0x0000000119000000| Untracked 
| 152|0x000000011a000000, 0x000000011a000000, 0x000000011b000000|  0%| F|  |TAMS 0x000000011a000000, 0x000000011a000000| Untracked 
| 153|0x000000011b000000, 0x000000011b000000, 0x000000011c000000|  0%| F|  |TAMS 0x000000011b000000, 0x000000011b000000| Untracked 
| 154|0x000000011c000000, 0x000000011c000000, 0x000000011d000000|  0%| F|  |TAMS 0x000000011c000000, 0x000000011c000000| Untracked 
| 155|0x000000011d000000, 0x000000011d000000, 0x000000011e000000|  0%| F|  |TAMS 0x000000011d000000, 0x000000011d000000| Untracked 
| 156|0x000000011e000000, 0x000000011e000000, 0x000000011f000000|  0%| F|  |TAMS 0x000000011e000000, 0x000000011e000000| Untracked 
| 157|0x000000011f000000, 0x000000011f000000, 0x0000000120000000|  0%| F|  |TAMS 0x000000011f000000, 0x000000011f000000| Untracked 
| 158|0x0000000120000000, 0x0000000120000000, 0x0000000121000000|  0%| F|  |TAMS 0x0000000120000000, 0x0000000120000000| Untracked 
| 159|0x0000000121000000, 0x0000000121000000, 0x0000000122000000|  0%| F|  |TAMS 0x0000000121000000, 0x0000000121000000| Untracked 
| 160|0x0000000122000000, 0x0000000122000000, 0x0000000123000000|  0%| F|  |TAMS 0x0000000122000000, 0x0000000122000000| Untracked 
| 161|0x0000000123000000, 0x0000000123000000, 0x0000000124000000|  0%| F|  |TAMS 0x0000000123000000, 0x0000000123000000| Untracked 
| 162|0x0000000124000000, 0x0000000124000000, 0x0000000125000000|  0%| F|  |TAMS 0x0000000124000000, 0x0000000124000000| Untracked 
| 163|0x0000000125000000, 0x0000000125000000, 0x0000000126000000|  0%| F|  |TAMS 0x0000000125000000, 0x0000000125000000| Untracked 
| 164|0x0000000126000000, 0x0000000126000000, 0x0000000127000000|  0%| F|  |TAMS 0x0000000126000000, 0x0000000126000000| Untracked 
| 165|0x0000000127000000, 0x0000000127000000, 0x0000000128000000|  0%| F|  |TAMS 0x0000000127000000, 0x0000000127000000| Untracked 
| 166|0x0000000128000000, 0x0000000128000000, 0x0000000129000000|  0%| F|  |TAMS 0x0000000128000000, 0x0000000128000000| Untracked 
| 167|0x0000000129000000, 0x0000000129000000, 0x000000012a000000|  0%| F|  |TAMS 0x0000000129000000, 0x0000000129000000| Untracked 
| 168|0x000000012a000000, 0x000000012a000000, 0x000000012b000000|  0%| F|  |TAMS 0x000000012a000000, 0x000000012a000000| Untracked 
| 169|0x000000012b000000, 0x000000012b000000, 0x000000012c000000|  0%| F|  |TAMS 0x000000012b000000, 0x000000012b000000| Untracked 
| 170|0x000000012c000000, 0x000000012c000000, 0x000000012d000000|  0%| F|  |TAMS 0x000000012c000000, 0x000000012c000000| Untracked 
| 171|0x000000012d000000, 0x000000012d000000, 0x000000012e000000|  0%| F|  |TAMS 0x000000012d000000, 0x000000012d000000| Untracked 
| 172|0x000000012e000000, 0x000000012e000000, 0x000000012f000000|  0%| F|  |TAMS 0x000000012e000000, 0x000000012e000000| Untracked 
| 173|0x000000012f000000, 0x000000012f000000, 0x0000000130000000|  0%| F|  |TAMS 0x000000012f000000, 0x000000012f000000| Untracked 
| 174|0x0000000130000000, 0x0000000130000000, 0x0000000131000000|  0%| F|  |TAMS 0x0000000130000000, 0x0000000130000000| Untracked 
| 175|0x0000000131000000, 0x0000000131000000, 0x0000000132000000|  0%| F|  |TAMS 0x0000000131000000, 0x0000000131000000| Untracked 
| 176|0x0000000132000000, 0x0000000132000000, 0x0000000133000000|  0%| F|  |TAMS 0x0000000132000000, 0x0000000132000000| Untracked 
| 177|0x0000000133000000, 0x0000000133000000, 0x0000000134000000|  0%| F|  |TAMS 0x0000000133000000, 0x0000000133000000| Untracked 
| 178|0x0000000134000000, 0x0000000134000000, 0x0000000135000000|  0%| F|  |TAMS 0x0000000134000000, 0x0000000134000000| Untracked 
| 179|0x0000000135000000, 0x0000000135000000, 0x0000000136000000|  0%| F|  |TAMS 0x0000000135000000, 0x0000000135000000| Untracked 
| 180|0x0000000136000000, 0x0000000136000000, 0x0000000137000000|  0%| F|  |TAMS 0x0000000136000000, 0x0000000136000000| Untracked 
| 181|0x0000000137000000, 0x0000000137000000, 0x0000000138000000|  0%| F|  |TAMS 0x0000000137000000, 0x0000000137000000| Untracked 
| 182|0x0000000138000000, 0x0000000138000000, 0x0000000139000000|  0%| F|  |TAMS 0x0000000138000000, 0x0000000138000000| Untracked 
| 183|0x0000000139000000, 0x0000000139000000, 0x000000013a000000|  0%| F|  |TAMS 0x0000000139000000, 0x0000000139000000| Untracked 
| 184|0x000000013a000000, 0x000000013a000000, 0x000000013b000000|  0%| F|  |TAMS 0x000000013a000000, 0x000000013a000000| Untracked 
| 185|0x000000013b000000, 0x000000013b000000, 0x000000013c000000|  0%| F|  |TAMS 0x000000013b000000, 0x000000013b000000| Untracked 
| 186|0x000000013c000000, 0x000000013c000000, 0x000000013d000000|  0%| F|  |TAMS 0x000000013c000000, 0x000000013c000000| Untracked 
| 187|0x000000013d000000, 0x000000013d000000, 0x000000013e000000|  0%| F|  |TAMS 0x000000013d000000, 0x000000013d000000| Untracked 
| 188|0x000000013e000000, 0x000000013e000000, 0x000000013f000000|  0%| F|  |TAMS 0x000000013e000000, 0x000000013e000000| Untracked 
| 189|0x000000013f000000, 0x000000013f000000, 0x0000000140000000|  0%| F|  |TAMS 0x000000013f000000, 0x000000013f000000| Untracked 
| 190|0x0000000140000000, 0x0000000140000000, 0x0000000141000000|  0%| F|  |TAMS 0x0000000140000000, 0x0000000140000000| Untracked 
| 191|0x0000000141000000, 0x0000000141000000, 0x0000000142000000|  0%| F|  |TAMS 0x0000000141000000, 0x0000000141000000| Untracked 
| 192|0x0000000142000000, 0x0000000142000000, 0x0000000143000000|  0%| F|  |TAMS 0x0000000142000000, 0x0000000142000000| Untracked 
| 193|0x0000000143000000, 0x0000000143000000, 0x0000000144000000|  0%| F|  |TAMS 0x0000000143000000, 0x0000000143000000| Untracked 
| 194|0x0000000144000000, 0x0000000144000000, 0x0000000145000000|  0%| F|  |TAMS 0x0000000144000000, 0x0000000144000000| Untracked 
| 195|0x0000000145000000, 0x0000000145000000, 0x0000000146000000|  0%| F|  |TAMS 0x0000000145000000, 0x0000000145000000| Untracked 
| 196|0x0000000146000000, 0x0000000146000000, 0x0000000147000000|  0%| F|  |TAMS 0x0000000146000000, 0x0000000146000000| Untracked 
| 197|0x0000000147000000, 0x0000000147000000, 0x0000000148000000|  0%| F|  |TAMS 0x0000000147000000, 0x0000000147000000| Untracked 
| 198|0x0000000148000000, 0x0000000148000000, 0x0000000149000000|  0%| F|  |TAMS 0x0000000148000000, 0x0000000148000000| Untracked 
| 199|0x0000000149000000, 0x0000000149000000, 0x000000014a000000|  0%| F|  |TAMS 0x0000000149000000, 0x0000000149000000| Untracked 
| 200|0x000000014a000000, 0x000000014a000000, 0x000000014b000000|  0%| F|  |TAMS 0x000000014a000000, 0x000000014a000000| Untracked 
| 201|0x000000014b000000, 0x000000014b000000, 0x000000014c000000|  0%| F|  |TAMS 0x000000014b000000, 0x000000014b000000| Untracked 
| 202|0x000000014c000000, 0x000000014c000000, 0x000000014d000000|  0%| F|  |TAMS 0x000000014c000000, 0x000000014c000000| Untracked 
| 203|0x000000014d000000, 0x000000014d000000, 0x000000014e000000|  0%| F|  |TAMS 0x000000014d000000, 0x000000014d000000| Untracked 
| 204|0x000000014e000000, 0x000000014e000000, 0x000000014f000000|  0%| F|  |TAMS 0x000000014e000000, 0x000000014e000000| Untracked 
| 205|0x000000014f000000, 0x000000014f000000, 0x0000000150000000|  0%| F|  |TAMS 0x000000014f000000, 0x000000014f000000| Untracked 
| 206|0x0000000150000000, 0x0000000150000000, 0x0000000151000000|  0%| F|  |TAMS 0x0000000150000000, 0x0000000150000000| Untracked 
| 207|0x0000000151000000, 0x0000000151000000, 0x0000000152000000|  0%| F|  |TAMS 0x0000000151000000, 0x0000000151000000| Untracked 
| 208|0x0000000152000000, 0x0000000152000000, 0x0000000153000000|  0%| F|  |TAMS 0x0000000152000000, 0x0000000152000000| Untracked 
| 209|0x0000000153000000, 0x0000000153000000, 0x0000000154000000|  0%| F|  |TAMS 0x0000000153000000, 0x0000000153000000| Untracked 
| 210|0x0000000154000000, 0x0000000154000000, 0x0000000155000000|  0%| F|  |TAMS 0x0000000154000000, 0x0000000154000000| Untracked 
| 211|0x0000000155000000, 0x0000000155000000, 0x0000000156000000|  0%| F|  |TAMS 0x0000000155000000, 0x0000000155000000| Untracked 
| 212|0x0000000156000000, 0x0000000156000000, 0x0000000157000000|  0%| F|  |TAMS 0x0000000156000000, 0x0000000156000000| Untracked 
| 213|0x0000000157000000, 0x0000000157000000, 0x0000000158000000|  0%| F|  |TAMS 0x0000000157000000, 0x0000000157000000| Untracked 
| 214|0x0000000158000000, 0x0000000158000000, 0x0000000159000000|  0%| F|  |TAMS 0x0000000158000000, 0x0000000158000000| Untracked 
| 215|0x0000000159000000, 0x0000000159000000, 0x000000015a000000|  0%| F|  |TAMS 0x0000000159000000, 0x0000000159000000| Untracked 
| 216|0x000000015a000000, 0x000000015a000000, 0x000000015b000000|  0%| F|  |TAMS 0x000000015a000000, 0x000000015a000000| Untracked 
| 217|0x000000015b000000, 0x000000015b000000, 0x000000015c000000|  0%| F|  |TAMS 0x000000015b000000, 0x000000015b000000| Untracked 
| 218|0x000000015c000000, 0x000000015c000000, 0x000000015d000000|  0%| F|  |TAMS 0x000000015c000000, 0x000000015c000000| Untracked 
| 219|0x000000015d000000, 0x000000015d000000, 0x000000015e000000|  0%| F|  |TAMS 0x000000015d000000, 0x000000015d000000| Untracked 
| 220|0x000000015e000000, 0x000000015e000000, 0x000000015f000000|  0%| F|  |TAMS 0x000000015e000000, 0x000000015e000000| Untracked 
| 221|0x000000015f000000, 0x000000015f000000, 0x0000000160000000|  0%| F|  |TAMS 0x000000015f000000, 0x000000015f000000| Untracked 
| 222|0x0000000160000000, 0x0000000160000000, 0x0000000161000000|  0%| F|  |TAMS 0x0000000160000000, 0x0000000160000000| Untracked 
| 223|0x0000000161000000, 0x0000000161000000, 0x0000000162000000|  0%| F|  |TAMS 0x0000000161000000, 0x0000000161000000| Untracked 
| 224|0x0000000162000000, 0x0000000162000000, 0x0000000163000000|  0%| F|  |TAMS 0x0000000162000000, 0x0000000162000000| Untracked 
| 225|0x0000000163000000, 0x0000000163000000, 0x0000000164000000|  0%| F|  |TAMS 0x0000000163000000, 0x0000000163000000| Untracked 
| 226|0x0000000164000000, 0x0000000164000000, 0x0000000165000000|  0%| F|  |TAMS 0x0000000164000000, 0x0000000164000000| Untracked 
| 227|0x0000000165000000, 0x0000000165000000, 0x0000000166000000|  0%| F|  |TAMS 0x0000000165000000, 0x0000000165000000| Untracked 
| 228|0x0000000166000000, 0x0000000166000000, 0x0000000167000000|  0%| F|  |TAMS 0x0000000166000000, 0x0000000166000000| Untracked 
| 229|0x0000000167000000, 0x0000000167000000, 0x0000000168000000|  0%| F|  |TAMS 0x0000000167000000, 0x0000000167000000| Untracked 
| 230|0x0000000168000000, 0x0000000168000000, 0x0000000169000000|  0%| F|  |TAMS 0x0000000168000000, 0x0000000168000000| Untracked 
| 231|0x0000000169000000, 0x0000000169000000, 0x000000016a000000|  0%| F|  |TAMS 0x0000000169000000, 0x0000000169000000| Untracked 
| 232|0x000000016a000000, 0x000000016a000000, 0x000000016b000000|  0%| F|  |TAMS 0x000000016a000000, 0x000000016a000000| Untracked 
| 233|0x000000016b000000, 0x000000016b000000, 0x000000016c000000|  0%| F|  |TAMS 0x000000016b000000, 0x000000016b000000| Untracked 
| 234|0x000000016c000000, 0x000000016c000000, 0x000000016d000000|  0%| F|  |TAMS 0x000000016c000000, 0x000000016c000000| Untracked 
| 235|0x000000016d000000, 0x000000016d000000, 0x000000016e000000|  0%| F|  |TAMS 0x000000016d000000, 0x000000016d000000| Untracked 
| 236|0x000000016e000000, 0x000000016e000000, 0x000000016f000000|  0%| F|  |TAMS 0x000000016e000000, 0x000000016e000000| Untracked 
| 237|0x000000016f000000, 0x000000016f000000, 0x0000000170000000|  0%| F|  |TAMS 0x000000016f000000, 0x000000016f000000| Untracked 
| 238|0x0000000170000000, 0x0000000170000000, 0x0000000171000000|  0%| F|  |TAMS 0x0000000170000000, 0x0000000170000000| Untracked 
| 239|0x0000000171000000, 0x0000000171000000, 0x0000000172000000|  0%| F|  |TAMS 0x0000000171000000, 0x0000000171000000| Untracked 
| 240|0x0000000172000000, 0x0000000172000000, 0x0000000173000000|  0%| F|  |TAMS 0x0000000172000000, 0x0000000172000000| Untracked 
| 241|0x0000000173000000, 0x0000000173000000, 0x0000000174000000|  0%| F|  |TAMS 0x0000000173000000, 0x0000000173000000| Untracked 
| 242|0x0000000174000000, 0x0000000174000000, 0x0000000175000000|  0%| F|  |TAMS 0x0000000174000000, 0x0000000174000000| Untracked 
| 243|0x0000000175000000, 0x0000000175000000, 0x0000000176000000|  0%| F|  |TAMS 0x0000000175000000, 0x0000000175000000| Untracked 
| 244|0x0000000176000000, 0x0000000176000000, 0x0000000177000000|  0%| F|  |TAMS 0x0000000176000000, 0x0000000176000000| Untracked 
| 245|0x0000000177000000, 0x0000000177000000, 0x0000000178000000|  0%| F|  |TAMS 0x0000000177000000, 0x0000000177000000| Untracked 
| 246|0x0000000178000000, 0x0000000178000000, 0x0000000179000000|  0%| F|  |TAMS 0x0000000178000000, 0x0000000178000000| Untracked 
| 247|0x0000000179000000, 0x0000000179000000, 0x000000017a000000|  0%| F|  |TAMS 0x0000000179000000, 0x0000000179000000| Untracked 
| 248|0x000000017a000000, 0x000000017a000000, 0x000000017b000000|  0%| F|  |TAMS 0x000000017a000000, 0x000000017a000000| Untracked 
| 249|0x000000017b000000, 0x000000017b000000, 0x000000017c000000|  0%| F|  |TAMS 0x000000017b000000, 0x000000017b000000| Untracked 
| 250|0x000000017c000000, 0x000000017c000000, 0x000000017d000000|  0%| F|  |TAMS 0x000000017c000000, 0x000000017c000000| Untracked 
| 251|0x000000017d000000, 0x000000017d000000, 0x000000017e000000|  0%| F|  |TAMS 0x000000017d000000, 0x000000017d000000| Untracked 
| 252|0x000000017e000000, 0x000000017e000000, 0x000000017f000000|  0%| F|  |TAMS 0x000000017e000000, 0x000000017e000000| Untracked 
| 253|0x000000017f000000, 0x000000017f000000, 0x0000000180000000|  0%| F|  |TAMS 0x000000017f000000, 0x000000017f000000| Untracked 
| 254|0x0000000180000000, 0x0000000180000000, 0x0000000181000000|  0%| F|  |TAMS 0x0000000180000000, 0x0000000180000000| Untracked 
| 255|0x0000000181000000, 0x0000000182000000, 0x0000000182000000|100%| S|CS|TAMS 0x0000000181000000, 0x0000000181000000| Complete 
| 256|0x0000000182000000, 0x0000000183000000, 0x0000000183000000|100%| S|CS|TAMS 0x0000000182000000, 0x0000000182000000| Complete 
| 257|0x0000000183000000, 0x0000000184000000, 0x0000000184000000|100%| S|CS|TAMS 0x0000000183000000, 0x0000000183000000| Complete 
| 258|0x0000000184000000, 0x0000000184000000, 0x0000000185000000|  0%| F|  |TAMS 0x0000000184000000, 0x0000000184000000| Untracked 
| 259|0x0000000185000000, 0x0000000185000000, 0x0000000186000000|  0%| F|  |TAMS 0x0000000185000000, 0x0000000185000000| Untracked 
| 260|0x0000000186000000, 0x0000000186000000, 0x0000000187000000|  0%| F|  |TAMS 0x0000000186000000, 0x0000000186000000| Untracked 
| 261|0x0000000187000000, 0x0000000187000000, 0x0000000188000000|  0%| F|  |TAMS 0x0000000187000000, 0x0000000187000000| Untracked 
| 262|0x0000000188000000, 0x0000000188000000, 0x0000000189000000|  0%| F|  |TAMS 0x0000000188000000, 0x0000000188000000| Untracked 
| 263|0x0000000189000000, 0x0000000189000000, 0x000000018a000000|  0%| F|  |TAMS 0x0000000189000000, 0x0000000189000000| Untracked 
| 264|0x000000018a000000, 0x000000018a000000, 0x000000018b000000|  0%| F|  |TAMS 0x000000018a000000, 0x000000018a000000| Untracked 
| 265|0x000000018b000000, 0x000000018b000000, 0x000000018c000000|  0%| F|  |TAMS 0x000000018b000000, 0x000000018b000000| Untracked 
| 266|0x000000018c000000, 0x000000018d000000, 0x000000018d000000|100%| S|CS|TAMS 0x000000018c000000, 0x000000018c000000| Complete 
| 267|0x000000018d000000, 0x000000018e000000, 0x000000018e000000|100%| S|CS|TAMS 0x000000018d000000, 0x000000018d000000| Complete 
| 268|0x000000018e000000, 0x000000018f000000, 0x000000018f000000|100%| S|CS|TAMS 0x000000018e000000, 0x000000018e000000| Complete 
| 269|0x000000018f000000, 0x0000000190000000, 0x0000000190000000|100%| S|CS|TAMS 0x000000018f000000, 0x000000018f000000| Complete 
| 270|0x0000000190000000, 0x0000000191000000, 0x0000000191000000|100%| S|CS|TAMS 0x0000000190000000, 0x0000000190000000| Complete 
| 271|0x0000000191000000, 0x0000000191000000, 0x0000000192000000|  0%| F|  |TAMS 0x0000000191000000, 0x0000000191000000| Untracked 
| 272|0x0000000192000000, 0x0000000192000000, 0x0000000193000000|  0%| F|  |TAMS 0x0000000192000000, 0x0000000192000000| Untracked 
| 273|0x0000000193000000, 0x0000000193000000, 0x0000000194000000|  0%| F|  |TAMS 0x0000000193000000, 0x0000000193000000| Untracked 
| 274|0x0000000194000000, 0x0000000194000000, 0x0000000195000000|  0%| F|  |TAMS 0x0000000194000000, 0x0000000194000000| Untracked 
| 275|0x0000000195000000, 0x0000000195000000, 0x0000000196000000|  0%| F|  |TAMS 0x0000000195000000, 0x0000000195000000| Untracked 
| 276|0x0000000196000000, 0x0000000196000000, 0x0000000197000000|  0%| F|  |TAMS 0x0000000196000000, 0x0000000196000000| Untracked 
| 277|0x0000000197000000, 0x0000000197000000, 0x0000000198000000|  0%| F|  |TAMS 0x0000000197000000, 0x0000000197000000| Untracked 
| 278|0x0000000198000000, 0x0000000198000000, 0x0000000199000000|  0%| F|  |TAMS 0x0000000198000000, 0x0000000198000000| Untracked 
| 279|0x0000000199000000, 0x0000000199000000, 0x000000019a000000|  0%| F|  |TAMS 0x0000000199000000, 0x0000000199000000| Untracked 
| 280|0x000000019a000000, 0x000000019a000000, 0x000000019b000000|  0%| F|  |TAMS 0x000000019a000000, 0x000000019a000000| Untracked 
| 281|0x000000019b000000, 0x000000019b000000, 0x000000019c000000|  0%| F|  |TAMS 0x000000019b000000, 0x000000019b000000| Untracked 
| 282|0x000000019c000000, 0x000000019c000000, 0x000000019d000000|  0%| F|  |TAMS 0x000000019c000000, 0x000000019c000000| Untracked 
| 283|0x000000019d000000, 0x000000019d000000, 0x000000019e000000|  0%| F|  |TAMS 0x000000019d000000, 0x000000019d000000| Untracked 
| 284|0x000000019e000000, 0x000000019e000000, 0x000000019f000000|  0%| F|  |TAMS 0x000000019e000000, 0x000000019e000000| Untracked 
| 285|0x000000019f000000, 0x000000019f000000, 0x00000001a0000000|  0%| F|  |TAMS 0x000000019f000000, 0x000000019f000000| Untracked 
| 286|0x00000001a0000000, 0x00000001a0000000, 0x00000001a1000000|  0%| F|  |TAMS 0x00000001a0000000, 0x00000001a0000000| Untracked 
| 287|0x00000001a1000000, 0x00000001a1000000, 0x00000001a2000000|  0%| F|  |TAMS 0x00000001a1000000, 0x00000001a1000000| Untracked 
| 288|0x00000001a2000000, 0x00000001a2000000, 0x00000001a3000000|  0%| F|  |TAMS 0x00000001a2000000, 0x00000001a2000000| Untracked 
| 289|0x00000001a3000000, 0x00000001a3000000, 0x00000001a4000000|  0%| F|  |TAMS 0x00000001a3000000, 0x00000001a3000000| Untracked 
| 290|0x00000001a4000000, 0x00000001a4000000, 0x00000001a5000000|  0%| F|  |TAMS 0x00000001a4000000, 0x00000001a4000000| Untracked 
| 291|0x00000001a5000000, 0x00000001a5000000, 0x00000001a6000000|  0%| F|  |TAMS 0x00000001a5000000, 0x00000001a5000000| Untracked 
| 292|0x00000001a6000000, 0x00000001a6000000, 0x00000001a7000000|  0%| F|  |TAMS 0x00000001a6000000, 0x00000001a6000000| Untracked 
| 293|0x00000001a7000000, 0x00000001a7000000, 0x00000001a8000000|  0%| F|  |TAMS 0x00000001a7000000, 0x00000001a7000000| Untracked 
| 294|0x00000001a8000000, 0x00000001a8000000, 0x00000001a9000000|  0%| F|  |TAMS 0x00000001a8000000, 0x00000001a8000000| Untracked 
| 295|0x00000001a9000000, 0x00000001a9000000, 0x00000001aa000000|  0%| F|  |TAMS 0x00000001a9000000, 0x00000001a9000000| Untracked 
| 296|0x00000001aa000000, 0x00000001aa000000, 0x00000001ab000000|  0%| F|  |TAMS 0x00000001aa000000, 0x00000001aa000000| Untracked 
| 297|0x00000001ab000000, 0x00000001ab000000, 0x00000001ac000000|  0%| F|  |TAMS 0x00000001ab000000, 0x00000001ab000000| Untracked 
| 298|0x00000001ac000000, 0x00000001ac000000, 0x00000001ad000000|  0%| F|  |TAMS 0x00000001ac000000, 0x00000001ac000000| Untracked 
| 299|0x00000001ad000000, 0x00000001ad000000, 0x00000001ae000000|  0%| F|  |TAMS 0x00000001ad000000, 0x00000001ad000000| Untracked 
| 300|0x00000001ae000000, 0x00000001ae000000, 0x00000001af000000|  0%| F|  |TAMS 0x00000001ae000000, 0x00000001ae000000| Untracked 
| 301|0x00000001af000000, 0x00000001af000000, 0x00000001b0000000|  0%| F|  |TAMS 0x00000001af000000, 0x00000001af000000| Untracked 
| 302|0x00000001b0000000, 0x00000001b0000000, 0x00000001b1000000|  0%| F|  |TAMS 0x00000001b0000000, 0x00000001b0000000| Untracked 
| 303|0x00000001b1000000, 0x00000001b1000000, 0x00000001b2000000|  0%| F|  |TAMS 0x00000001b1000000, 0x00000001b1000000| Untracked 
| 304|0x00000001b2000000, 0x00000001b2000000, 0x00000001b3000000|  0%| F|  |TAMS 0x00000001b2000000, 0x00000001b2000000| Untracked 
| 305|0x00000001b3000000, 0x00000001b3000000, 0x00000001b4000000|  0%| F|  |TAMS 0x00000001b3000000, 0x00000001b3000000| Untracked 
| 306|0x00000001b4000000, 0x00000001b4000000, 0x00000001b5000000|  0%| F|  |TAMS 0x00000001b4000000, 0x00000001b4000000| Untracked 
| 307|0x00000001b5000000, 0x00000001b5000000, 0x00000001b6000000|  0%| F|  |TAMS 0x00000001b5000000, 0x00000001b5000000| Untracked 
| 308|0x00000001b6000000, 0x00000001b6000000, 0x00000001b7000000|  0%| F|  |TAMS 0x00000001b6000000, 0x00000001b6000000| Untracked 
| 309|0x00000001b7000000, 0x00000001b7000000, 0x00000001b8000000|  0%| F|  |TAMS 0x00000001b7000000, 0x00000001b7000000| Untracked 
| 310|0x00000001b8000000, 0x00000001b8000000, 0x00000001b9000000|  0%| F|  |TAMS 0x00000001b8000000, 0x00000001b8000000| Untracked 
| 311|0x00000001b9000000, 0x00000001b9000000, 0x00000001ba000000|  0%| F|  |TAMS 0x00000001b9000000, 0x00000001b9000000| Untracked 
| 312|0x00000001ba000000, 0x00000001ba000000, 0x00000001bb000000|  0%| F|  |TAMS 0x00000001ba000000, 0x00000001ba000000| Untracked 
| 313|0x00000001bb000000, 0x00000001bb000000, 0x00000001bc000000|  0%| F|  |TAMS 0x00000001bb000000, 0x00000001bb000000| Untracked 
| 314|0x00000001bc000000, 0x00000001bc000000, 0x00000001bd000000|  0%| F|  |TAMS 0x00000001bc000000, 0x00000001bc000000| Untracked 
| 315|0x00000001bd000000, 0x00000001bd000000, 0x00000001be000000|  0%| F|  |TAMS 0x00000001bd000000, 0x00000001bd000000| Untracked 
| 316|0x00000001be000000, 0x00000001be000000, 0x00000001bf000000|  0%| F|  |TAMS 0x00000001be000000, 0x00000001be000000| Untracked 
| 317|0x00000001bf000000, 0x00000001bf000000, 0x00000001c0000000|  0%| F|  |TAMS 0x00000001bf000000, 0x00000001bf000000| Untracked 
| 318|0x00000001c0000000, 0x00000001c0000000, 0x00000001c1000000|  0%| F|  |TAMS 0x00000001c0000000, 0x00000001c0000000| Untracked 
| 319|0x00000001c1000000, 0x00000001c1000000, 0x00000001c2000000|  0%| F|  |TAMS 0x00000001c1000000, 0x00000001c1000000| Untracked 
| 320|0x00000001c2000000, 0x00000001c2000000, 0x00000001c3000000|  0%| F|  |TAMS 0x00000001c2000000, 0x00000001c2000000| Untracked 
| 321|0x00000001c3000000, 0x00000001c3000000, 0x00000001c4000000|  0%| F|  |TAMS 0x00000001c3000000, 0x00000001c3000000| Untracked 
| 322|0x00000001c4000000, 0x00000001c4000000, 0x00000001c5000000|  0%| F|  |TAMS 0x00000001c4000000, 0x00000001c4000000| Untracked 
| 323|0x00000001c5000000, 0x00000001c5000000, 0x00000001c6000000|  0%| F|  |TAMS 0x00000001c5000000, 0x00000001c5000000| Untracked 
| 324|0x00000001c6000000, 0x00000001c6000000, 0x00000001c7000000|  0%| F|  |TAMS 0x00000001c6000000, 0x00000001c6000000| Untracked 
|1916|0x00000007fe000000, 0x00000007fef75000, 0x00000007ff000000| 96%|OA|  |TAMS 0x00000007fe000000, 0x00000007fe000000| Untracked 
|1917|0x00000007ff000000, 0x00000007ff078000, 0x0000000800000000|  2%|CA|  |TAMS 0x00000007ff000000, 0x00000007ff000000| Untracked 

Card table byte_map: [0x00007fa20432c000,0x00007fa207f1c000] _byte_map_base: 0x00007fa203f1c000

Marking Bits (Prev, Next): (CMBitMap*) 0x00007fa224068b50, (CMBitMap*) 0x00007fa224068b90
 Prev Bits: [0x00007fa1e27bc000, 0x00007fa20073c000)
 Next Bits: [0x00007fa1c483c000, 0x00007fa1e27bc000)

Polling page: 0x00007fa22a624000

Metaspace:

Usage:
  Non-class:      7.90 MB used.
      Class:    891.12 KB used.
       Both:      8.77 MB used.

Virtual space:
  Non-class space:       64.00 MB reserved,       8.00 MB ( 12%) committed,  1 nodes.
      Class space:        1.00 GB reserved,       1.00 MB ( <1%) committed,  1 nodes.
             Both:        1.06 GB reserved,       9.00 MB ( <1%) committed. 

Chunk freelists:
   Non-Class:  7.84 MB
       Class:  14.95 MB
        Both:  22.79 MB

MaxMetaspaceSize: unlimited
CompressedClassSpaceSize: 1.00 GB
Initial GC threshold: 21.00 MB
Current GC threshold: 21.00 MB
CDS: on
MetaspaceReclaimPolicy: balanced
 - commit_granule_bytes: 65536.
 - commit_granule_words: 8192.
 - virtual_space_node_default_size: 8388608.
 - enlarge_chunks_in_place: 1.
 - new_chunks_are_fully_committed: 0.
 - uncommit_free_chunks: 1.
 - use_allocation_guard: 0.
 - handle_deallocations: 1.


Internal statistics:

num_allocs_failed_limit: 0.
num_arena_births: 266.
num_arena_deaths: 0.
num_vsnodes_births: 2.
num_vsnodes_deaths: 0.
num_space_committed: 144.
num_space_uncommitted: 0.
num_chunks_returned_to_freelist: 0.
num_chunks_taken_from_freelist: 575.
num_chunk_merges: 0.
num_chunk_splits: 319.
num_chunks_enlarged: 147.
num_inconsistent_stats: 0.

CodeHeap 'non-profiled nmethods': size=119168Kb used=2391Kb max_used=3153Kb free=116776Kb
 bounds [0x00007fa214b80000, 0x00007fa214ea0000, 0x00007fa21bfe0000]
CodeHeap 'profiled nmethods': size=119164Kb used=5788Kb max_used=7573Kb free=113375Kb
 bounds [0x00007fa20cfe0000, 0x00007fa20d750000, 0x00007fa21443f000]
CodeHeap 'non-nmethods': size=7428Kb used=1183Kb max_used=2946Kb free=6244Kb
 bounds [0x00007fa21443f000, 0x00007fa21472f000, 0x00007fa214b80000]
 total_blobs=3499 nmethods=3025 adapters=387
 compilation: enabled
              stopped_count=0, restarted_count=0
 full_count=0

Compilation events (20 events):
Event: 38.552 Thread 0x00007fa22421dda0 3800       2       java.lang.StringBuilder::append (8 bytes)
Event: 38.552 Thread 0x00007fa22421dda0 nmethod 3800 0x00007fa20d08ac90 code [0x00007fa20d08ae40, 0x00007fa20d08af60]
Event: 38.552 Thread 0x00007fa22421c870 3802       4       java.lang.Long::getChars (208 bytes)
Event: 38.552 Thread 0x00007fa22421dda0 3801       2       java.lang.AbstractStringBuilder::append (60 bytes)
Event: 38.552 Thread 0x00007fa22421dda0 nmethod 3801 0x00007fa20d235a90 code [0x00007fa20d235c60, 0x00007fa20d235e50]
Event: 38.552 Thread 0x00007fa22421dda0 3797       3       java.util.TimeZone::getDefaultRef (32 bytes)
Event: 38.553 Thread 0x00007fa22421dda0 nmethod 3797 0x00007fa20d177d10 code [0x00007fa20d177ec0, 0x00007fa20d178020]
Event: 38.553 Thread 0x00007fa118007c20 3803       4       java.lang.Long::stringSize (55 bytes)
Event: 38.554 Thread 0x00007fa118007c20 nmethod 3803 0x00007fa214bb5510 code [0x00007fa214bb56a0, 0x00007fa214bb5878]
Event: 38.554 Thread 0x00007fa118007c20 3804       4       java.lang.StringBuilder::append (8 bytes)
Event: 38.554 Thread 0x00007fa22421c870 nmethod 3802 0x00007fa214bb6c90 code [0x00007fa214bb6e20, 0x00007fa214bb7118]
Event: 38.554 Thread 0x00007fa22421c870 3805       4       java.lang.AbstractStringBuilder::append (60 bytes)
Event: 38.560 Thread 0x00007fa118007c20 nmethod 3804 0x00007fa214e09610 code [0x00007fa214e097c0, 0x00007fa214e0a2d8]
Event: 38.560 Thread 0x00007fa22421c870 nmethod 3805 0x00007fa214b9b290 code [0x00007fa214b9b440, 0x00007fa214b9bef8]
Event: 38.570 Thread 0x00007fa22421dda0 3806 % !   3       org.apache.commons.beanutils.memoryleaktests.MemoryLeakTestCase::forceGarbageCollection @ 43 (249 bytes)
Event: 38.571 Thread 0x00007fa22421dda0 nmethod 3806% 0x00007fa20d1b8b10 code [0x00007fa20d1b90c0, 0x00007fa20d1bb7f0]
Event: 38.572 Thread 0x00007fa22421dda0 3807   !   3       org.apache.commons.beanutils.memoryleaktests.MemoryLeakTestCase::forceGarbageCollection (249 bytes)
Event: 38.573 Thread 0x00007fa22421dda0 nmethod 3807 0x00007fa20d1c4c90 code [0x00007fa20d1c5240, 0x00007fa20d1c7830]
Event: 38.574 Thread 0x00007fa22421c870 3808 % !   4       org.apache.commons.beanutils.memoryleaktests.MemoryLeakTestCase::forceGarbageCollection @ 43 (249 bytes)
Event: 38.698 Thread 0x00007fa22421c870 nmethod 3808% 0x00007fa214da2f90 code [0x00007fa214da3260, 0x00007fa214da4da8]

GC Heap History (20 events):
Event: 22.687 GC heap after
{Heap after GC invocations=7 (full 0):
 garbage-first heap   total 2129920K, used 20526K [0x0000000082000000, 0x0000000800000000)
  region size 16384K, 1 young (16384K), 1 survivors (16384K)
 Metaspace       used 8713K, committed 8960K, reserved 1114112K
  class space    used 875K, committed 1024K, reserved 1048576K
}
Event: 27.735 GC heap before
{Heap before GC invocations=7 (full 0):
 garbage-first heap   total 2129920K, used 1249326K [0x0000000082000000, 0x0000000800000000)
  region size 16384K, 76 young (1245184K), 1 survivors (16384K)
 Metaspace       used 8757K, committed 9024K, reserved 1114112K
  class space    used 879K, committed 1024K, reserved 1048576K
}
Event: 27.775 GC heap after
{Heap after GC invocations=8 (full 0):
 garbage-first heap   total 2129920K, used 20501K [0x0000000082000000, 0x0000000800000000)
  region size 16384K, 1 young (16384K), 1 survivors (16384K)
 Metaspace       used 8757K, committed 9024K, reserved 1114112K
  class space    used 879K, committed 1024K, reserved 1048576K
}
Event: 33.948 GC heap before
{Heap before GC invocations=8 (full 0):
 garbage-first heap   total 2129920K, used 1249301K [0x0000000082000000, 0x0000000800000000)
  region size 16384K, 76 young (1245184K), 1 survivors (16384K)
 Metaspace       used 8757K, committed 9024K, reserved 1114112K
  class space    used 879K, committed 1024K, reserved 1048576K
}
Event: 33.973 GC heap after
{Heap after GC invocations=9 (full 0):
 garbage-first heap   total 2129920K, used 20605K [0x0000000082000000, 0x0000000800000000)
  region size 16384K, 1 young (16384K), 1 survivors (16384K)
 Metaspace       used 8757K, committed 9024K, reserved 1114112K
  class space    used 879K, committed 1024K, reserved 1048576K
}
Event: 38.592 GC heap before
{Heap before GC invocations=9 (full 0):
 garbage-first heap   total 2129920K, used 1249405K [0x0000000082000000, 0x0000000800000000)
  region size 16384K, 76 young (1245184K), 1 survivors (16384K)
 Metaspace       used 8983K, committed 9216K, reserved 1114112K
  class space    used 891K, committed 1024K, reserved 1048576K
}
Event: 38.689 GC heap after
{Heap after GC invocations=10 (full 0):
 garbage-first heap   total 2129920K, used 99359K [0x0000000082000000, 0x0000000800000000)
  region size 16384K, 6 young (98304K), 6 survivors (98304K)
 Metaspace       used 8983K, committed 9216K, reserved 1114112K
  class space    used 891K, committed 1024K, reserved 1048576K
}
Event: 39.495 GC heap before
{Heap before GC invocations=10 (full 0):
 garbage-first heap   total 2129920K, used 1246239K [0x0000000082000000, 0x0000000800000000)
  region size 16384K, 76 young (1245184K), 6 survivors (98304K)
 Metaspace       used 8983K, committed 9216K, reserved 1114112K
  class space    used 891K, committed 1024K, reserved 1048576K
}
Event: 39.788 GC heap after
{Heap after GC invocations=11 (full 0):
 garbage-first heap   total 2129920K, used 424911K [0x0000000082000000, 0x0000000800000000)
  region size 16384K, 10 young (163840K), 10 survivors (163840K)
 Metaspace       used 8983K, committed 9216K, reserved 1114112K
  class space    used 891K, committed 1024K, reserved 1048576K
}
Event: 39.991 GC heap before
{Heap before GC invocations=11 (full 0):
 garbage-first heap   total 2129920K, used 932815K [0x0000000082000000, 0x0000000800000000)
  region size 16384K, 40 young (655360K), 10 survivors (163840K)
 Metaspace       used 8983K, committed 9216K, reserved 1114112K
  class space    used 891K, committed 1024K, reserved 1048576K
}
Event: 40.210 GC heap after
{Heap after GC invocations=12 (full 0):
 garbage-first heap   total 2129920K, used 597177K [0x0000000082000000, 0x0000000800000000)
  region size 16384K, 5 young (81920K), 5 survivors (81920K)
 Metaspace       used 8983K, committed 9216K, reserved 1114112K
  class space    used 891K, committed 1024K, reserved 1048576K
}
Event: 40.300 GC heap before
{Heap before GC invocations=12 (full 0):
 garbage-first heap   total 2129920K, used 1137849K [0x0000000082000000, 0x0000000800000000)
  region size 16384K, 38 young (622592K), 5 survivors (81920K)
 Metaspace       used 8983K, committed 9216K, reserved 1114112K
  class space    used 891K, committed 1024K, reserved 1048576K
}
Event: 40.442 GC heap after
{Heap after GC invocations=13 (full 0):
 garbage-first heap   total 5357568K, used 765014K [0x0000000082000000, 0x0000000800000000)
  region size 16384K, 5 young (81920K), 5 survivors (81920K)
 Metaspace       used 8983K, committed 9216K, reserved 1114112K
  class space    used 891K, committed 1024K, reserved 1048576K
}
Event: 41.078 GC heap before
{Heap before GC invocations=13 (full 0):
 garbage-first heap   total 5357568K, used 1387606K [0x0000000082000000, 0x0000000800000000)
  region size 16384K, 41 young (671744K), 5 survivors (81920K)
 Metaspace       used 8983K, committed 9216K, reserved 1114112K
  class space    used 891K, committed 1024K, reserved 1048576K
}
Event: 41.178 GC heap after
{Heap after GC invocations=14 (full 0):
 garbage-first heap   total 5357568K, used 973802K [0x0000000082000000, 0x0000000800000000)
  region size 16384K, 6 young (98304K), 6 survivors (98304K)
 Metaspace       used 8983K, committed 9216K, reserved 1114112K
  class space    used 891K, committed 1024K, reserved 1048576K
}
Event: 41.358 GC heap before
{Heap before GC invocations=14 (full 0):
 garbage-first heap   total 5357568K, used 1629162K [0x0000000082000000, 0x0000000800000000)
  region size 16384K, 46 young (753664K), 6 survivors (98304K)
 Metaspace       used 8983K, committed 9216K, reserved 1114112K
  class space    used 891K, committed 1024K, reserved 1048576K
}
Event: 41.453 GC heap after
{Heap after GC invocations=15 (full 0):
 garbage-first heap   total 5357568K, used 1163188K [0x0000000082000000, 0x0000000800000000)
  region size 16384K, 6 young (98304K), 6 survivors (98304K)
 Metaspace       used 8983K, committed 9216K, reserved 1114112K
  class space    used 891K, committed 1024K, reserved 1048576K
}
Event: 41.640 GC heap before
{Heap before GC invocations=15 (full 0):
 garbage-first heap   total 5357568K, used 2080692K [0x0000000082000000, 0x0000000800000000)
  region size 16384K, 59 young (966656K), 6 survivors (98304K)
 Metaspace       used 8983K, committed 9216K, reserved 1114112K
  class space    used 891K, committed 1024K, reserved 1048576K
}
Event: 41.758 GC heap after
{Heap after GC invocations=16 (full 0):
 garbage-first heap   total 5357568K, used 1461937K [0x0000000082000000, 0x0000000800000000)
  region size 16384K, 8 young (131072K), 8 survivors (131072K)
 Metaspace       used 8983K, committed 9216K, reserved 1114112K
  class space    used 891K, committed 1024K, reserved 1048576K
}
Event: 42.028 GC heap before
{Heap before GC invocations=16 (full 0):
 garbage-first heap   total 5357568K, used 2346673K [0x0000000082000000, 0x0000000800000000)
  region size 16384K, 62 young (1015808K), 8 survivors (131072K)
 Metaspace       used 8983K, committed 9216K, reserved 1114112K
  class space    used 891K, committed 1024K, reserved 1048576K
}

Dll operation events (12 events):
Event: 0.005 Loaded shared library /sfs/gpfs/tardis/applications/202512/software/standard/core/java/17/lib/libjava.so
Event: 0.006 Loaded shared library /sfs/gpfs/tardis/applications/202512/software/standard/core/java/17/lib/libzip.so
Event: 0.109 Loaded shared library /sfs/gpfs/tardis/applications/202512/software/standard/core/java/17/lib/libjsvml.so
Event: 0.257 Loaded shared library /sfs/gpfs/tardis/applications/202512/software/standard/core/java/17/lib/libinstrument.so
Event: 0.260 Loaded shared library /sfs/gpfs/tardis/applications/202512/software/standard/core/java/17/lib/libnio.so
Event: 0.261 Loaded shared library /sfs/gpfs/tardis/applications/202512/software/standard/core/java/17/lib/libzip.so
Event: 0.274 Loaded shared library /sfs/gpfs/tardis/applications/202512/software/standard/core/java/17/lib/libjimage.so
Event: 0.438 Loaded shared library /sfs/gpfs/tardis/applications/202512/software/standard/core/java/17/lib/libverify.so
Event: 0.458 Loaded shared library /sfs/gpfs/tardis/applications/202512/software/standard/core/java/17/lib/libnet.so
Event: 0.481 Loaded shared library /sfs/gpfs/tardis/applications/202512/software/standard/core/java/17/lib/libextnet.so
Event: 0.564 Loaded shared library /sfs/gpfs/tardis/applications/202512/software/standard/core/java/17/lib/libmanagement.so
Event: 0.573 Loaded shared library /sfs/gpfs/tardis/applications/202512/software/standard/core/java/17/lib/libmanagement_ext.so

Deoptimization events (20 events):
Event: 37.120 Thread 0x00007fa224032990 DEOPT PACKING pc=0x00007fa214c26d28 sp=0x00007fa22a60ddc0
Event: 37.120 Thread 0x00007fa224032990 DEOPT UNPACKING pc=0x00007fa214498b19 sp=0x00007fa22a60dd90 mode 2
Event: 37.121 Thread 0x00007fa224032990 Uncommon trap: trap_request=0xffffffbe fr.pc=0x00007fa214c26d28 relative=0x0000000000001ba8
Event: 37.121 Thread 0x00007fa224032990 Uncommon trap: reason=profile_predicate action=maybe_recompile pc=0x00007fa214c26d28 method=org.pitest.reloc.asm.MethodWriter.putFrame()V @ 253 c2
Event: 37.121 Thread 0x00007fa224032990 DEOPT PACKING pc=0x00007fa214c26d28 sp=0x00007fa22a60ddc0
Event: 37.121 Thread 0x00007fa224032990 DEOPT UNPACKING pc=0x00007fa214498b19 sp=0x00007fa22a60dd90 mode 2
Event: 37.233 Thread 0x00007fa2244edea0 Uncommon trap: trap_request=0xffffff45 fr.pc=0x00007fa214e088a4 relative=0x00000000000001e4
Event: 37.233 Thread 0x00007fa2244edea0 Uncommon trap: reason=unstable_if action=reinterpret pc=0x00007fa214e088a4 method=org.apache.commons.beanutils.BeanIntrospectionData.getWriteMethod(Ljava/lang/Class;Ljava/beans/PropertyDescriptor;)Ljava/lang/reflect/Method; @ 6 c2
Event: 37.233 Thread 0x00007fa2244edea0 DEOPT PACKING pc=0x00007fa214e088a4 sp=0x00007fa166cfaa10
Event: 37.233 Thread 0x00007fa2244edea0 DEOPT UNPACKING pc=0x00007fa214498b19 sp=0x00007fa166cfa9e8 mode 2
Event: 37.262 Thread 0x00007fa2244edea0 Uncommon trap: trap_request=0xffffff45 fr.pc=0x00007fa214e4f630 relative=0x0000000000000090
Event: 37.262 Thread 0x00007fa2244edea0 Uncommon trap: reason=unstable_if action=reinterpret pc=0x00007fa214e4f630 method=java.lang.Short.valueOf(S)Ljava/lang/Short; @ 15 c2
Event: 37.262 Thread 0x00007fa2244edea0 DEOPT PACKING pc=0x00007fa214e4f630 sp=0x00007fa166cfab70
Event: 37.262 Thread 0x00007fa2244edea0 DEOPT UNPACKING pc=0x00007fa214498b19 sp=0x00007fa166cfab18 mode 2
Event: 38.546 Thread 0x00007fa2244efd60 Uncommon trap: trap_request=0xffffff45 fr.pc=0x00007fa214e04b90 relative=0x0000000000000250
Event: 38.546 Thread 0x00007fa2244efd60 Uncommon trap: reason=unstable_if action=reinterpret pc=0x00007fa214e04b90 method=org.apache.commons.beanutils.WeakFastHashMap.get(Ljava/lang/Object;)Ljava/lang/Object; @ 4 c2
Event: 38.546 Thread 0x00007fa2244efd60 DEOPT PACKING pc=0x00007fa214e04b90 sp=0x00007fa166cfa6d0
Event: 38.546 Thread 0x00007fa2244efd60 DEOPT UNPACKING pc=0x00007fa214498b19 sp=0x00007fa166cfa6a0 mode 2
Event: 38.699 Thread 0x00007fa2244efd60 DEOPT PACKING pc=0x00007fa20d1bb131 sp=0x00007fa166cfa850
Event: 38.699 Thread 0x00007fa2244efd60 DEOPT UNPACKING pc=0x00007fa21449964f sp=0x00007fa166cf9e10 mode 0

Classes loaded (20 events):
Event: 38.549 Loading class org/apache/commons/beanutils/memoryleaktests/pojotests/SomeMappedPojoBeanInfo
Event: 38.549 Loading class org/apache/commons/beanutils/memoryleaktests/pojotests/SomeMappedPojoBeanInfo done
Event: 38.549 Loading class org/apache/commons/beanutils/memoryleaktests/pojotests/SomeMappedPojoBeanInfo
Event: 38.549 Loading class org/apache/commons/beanutils/memoryleaktests/pojotests/SomeMappedPojoBeanInfo done
Event: 38.549 Loading class org/apache/commons/beanutils/memoryleaktests/pojotests/SomeMappedPojoBeanInfo
Event: 38.549 Loading class org/apache/commons/beanutils/memoryleaktests/pojotests/SomeMappedPojoBeanInfo done
Event: 38.549 Loading class java/lang/ObjectBeanInfo
Event: 38.549 Loading class java/lang/ObjectBeanInfo done
Event: 38.549 Loading class java/lang/ObjectBeanInfo
Event: 38.549 Loading class java/lang/ObjectBeanInfo done
Event: 38.549 Loading class java/lang/ObjectCustomizer
Event: 38.549 Loading class java/lang/ObjectCustomizer done
Event: 38.549 Loading class java/lang/ObjectCustomizer
Event: 38.549 Loading class java/lang/ObjectCustomizer done
Event: 38.549 Loading class org/apache/commons/beanutils/memoryleaktests/pojotests/SomeMappedPojoCustomizer
Event: 38.549 Loading class org/apache/commons/beanutils/memoryleaktests/pojotests/SomeMappedPojoCustomizer done
Event: 38.549 Loading class org/apache/commons/beanutils/memoryleaktests/pojotests/SomeMappedPojoCustomizer
Event: 38.549 Loading class org/apache/commons/beanutils/memoryleaktests/pojotests/SomeMappedPojoCustomizer done
Event: 38.549 Loading class org/apache/commons/beanutils/memoryleaktests/pojotests/SomeMappedPojoCustomizer
Event: 38.549 Loading class org/apache/commons/beanutils/memoryleaktests/pojotests/SomeMappedPojoCustomizer done

Classes unloaded (0 events):
No events

Classes redefined (20 events):
Event: 5.274 Thread 0x00007fa22420ec30 redefined class name=org.apache.commons.beanutils.PropertyUtilsBean, count=18
Event: 5.330 Thread 0x00007fa22420ec30 redefined class name=org.apache.commons.beanutils.PropertyUtilsBean, count=19
Event: 9.284 Thread 0x00007fa22420ec30 redefined class name=org.apache.commons.beanutils.PropertyUtilsBean, count=20
Event: 9.319 Thread 0x00007fa22420ec30 redefined class name=org.apache.commons.beanutils.PropertyUtilsBean, count=21
Event: 9.425 Thread 0x00007fa22420ec30 redefined class name=org.apache.commons.beanutils.PropertyUtilsBean, count=22
Event: 9.473 Thread 0x00007fa22420ec30 redefined class name=org.apache.commons.beanutils.PropertyUtilsBean, count=23
Event: 9.549 Thread 0x00007fa22420ec30 redefined class name=org.apache.commons.beanutils.PropertyUtilsBean, count=24
Event: 9.576 Thread 0x00007fa22420ec30 redefined class name=org.apache.commons.beanutils.PropertyUtilsBean, count=25
Event: 33.994 Thread 0x00007fa22420ec30 redefined class name=org.apache.commons.beanutils.PropertyUtilsBean, count=26
Event: 34.067 Thread 0x00007fa22420ec30 redefined class name=org.apache.commons.beanutils.PropertyUtilsBean, count=27
Event: 35.420 Thread 0x00007fa22420ec30 redefined class name=org.apache.commons.beanutils.PropertyUtilsBean, count=28
Event: 35.444 Thread 0x00007fa22420ec30 redefined class name=org.apache.commons.beanutils.PropertyUtilsBean, count=29
Event: 35.590 Thread 0x00007fa22420ec30 redefined class name=org.apache.commons.beanutils.PropertyUtilsBean, count=30
Event: 35.693 Thread 0x00007fa22420ec30 redefined class name=org.apache.commons.beanutils.PropertyUtilsBean, count=31
Event: 36.876 Thread 0x00007fa22420ec30 redefined class name=org.apache.commons.beanutils.PropertyUtilsBean, count=32
Event: 36.936 Thread 0x00007fa22420ec30 redefined class name=org.apache.commons.beanutils.PropertyUtilsBean, count=33
Event: 37.151 Thread 0x00007fa22420ec30 redefined class name=org.apache.commons.beanutils.PropertyUtilsBean, count=34
Event: 37.169 Thread 0x00007fa22420ec30 redefined class name=org.apache.commons.beanutils.PropertyUtilsBean, count=35
Event: 37.272 Thread 0x00007fa22420ec30 redefined class name=org.apache.commons.beanutils.PropertyUtilsBean, count=36
Event: 37.281 Thread 0x00007fa22420ec30 redefined class name=org.apache.commons.beanutils.PropertyUtilsBean, count=37

Internal exceptions (20 events):
Event: 38.132 Thread 0x00007fa2244edea0 Exception <a 'java/lang/ClassNotFoundException'{0x00000000cb0559d8}: java/lang/ObjectCustomizer> (0x00000000cb0559d8) 
thrown [src/hotspot/share/classfile/systemDictionary.cpp, line 256]
Event: 38.206 Thread 0x00007fa2244edea0 Exception <a 'java/lang/ClassNotFoundException'{0x00000000cb05d080}: org/apache/commons/beanutils/TestBeanCustomizer> (0x00000000cb05d080) 
thrown [src/hotspot/share/classfile/systemDictionary.cpp, line 256]
Event: 38.329 Thread 0x00007fa2244edea0 Exception <a 'java/lang/ClassNotFoundException'{0x00000000cb853f80}: org/apache/commons/beanutils/TestBeanBeanInfo> (0x00000000cb853f80) 
thrown [src/hotspot/share/classfile/systemDictionary.cpp, line 256]
Event: 38.329 Thread 0x00007fa2244edea0 Exception <a 'java/lang/ClassNotFoundException'{0x00000000cb854c60}: java/lang/ObjectBeanInfo> (0x00000000cb854c60) 
thrown [src/hotspot/share/classfile/systemDictionary.cpp, line 256]
Event: 38.329 Thread 0x00007fa2244edea0 Exception <a 'java/lang/ClassNotFoundException'{0x00000000cb855930}: java/lang/ObjectCustomizer> (0x00000000cb855930) 
thrown [src/hotspot/share/classfile/systemDictionary.cpp, line 256]
Event: 38.355 Thread 0x00007fa2244edea0 Exception <a 'java/lang/ClassNotFoundException'{0x00000000cb85cfd8}: org/apache/commons/beanutils/TestBeanCustomizer> (0x00000000cb85cfd8) 
thrown [src/hotspot/share/classfile/systemDictionary.cpp, line 256]
Event: 38.359 Thread 0x00007fa2244edea0 Exception <a 'java/lang/ClassNotFoundException'{0x00000000cb89dee0}: org/apache/commons/beanutils/TestBean$MappedTestBeanBeanInfo> (0x00000000cb89dee0) 
thrown [src/hotspot/share/classfile/systemDictionary.cpp, line 256]
Event: 38.367 Thread 0x00007fa2244edea0 Exception <a 'java/lang/ClassNotFoundException'{0x00000000cb8a1350}: org/apache/commons/beanutils/TestBean$MappedTestBeanCustomizer> (0x00000000cb8a1350) 
thrown [src/hotspot/share/classfile/systemDictionary.cpp, line 256]
Event: 38.438 Thread 0x00007fa2244edea0 Exception <a 'java/lang/ClassNotFoundException'{0x00000000ca053e70}: org/apache/commons/beanutils/TestBeanBeanInfo> (0x00000000ca053e70) 
thrown [src/hotspot/share/classfile/systemDictionary.cpp, line 256]
Event: 38.438 Thread 0x00007fa2244edea0 Exception <a 'java/lang/ClassNotFoundException'{0x00000000ca054b50}: java/lang/ObjectBeanInfo> (0x00000000ca054b50) 
thrown [src/hotspot/share/classfile/systemDictionary.cpp, line 256]
Event: 38.438 Thread 0x00007fa2244edea0 Exception <a 'java/lang/ClassNotFoundException'{0x00000000ca055820}: java/lang/ObjectCustomizer> (0x00000000ca055820) 
thrown [src/hotspot/share/classfile/systemDictionary.cpp, line 256]
Event: 38.493 Thread 0x00007fa2244edea0 Exception <a 'java/lang/ClassNotFoundException'{0x00000000ca05cec8}: org/apache/commons/beanutils/TestBeanCustomizer> (0x00000000ca05cec8) 
thrown [src/hotspot/share/classfile/systemDictionary.cpp, line 256]
Event: 38.515 Thread 0x00007fa2244edea0 Exception <a 'java/lang/ClassNotFoundException'{0x00000000ca853f50}: org/apache/commons/beanutils/TestBeanBeanInfo> (0x00000000ca853f50) 
thrown [src/hotspot/share/classfile/systemDictionary.cpp, line 256]
Event: 38.515 Thread 0x00007fa2244edea0 Exception <a 'java/lang/ClassNotFoundException'{0x00000000ca854c30}: java/lang/ObjectBeanInfo> (0x00000000ca854c30) 
thrown [src/hotspot/share/classfile/systemDictionary.cpp, line 256]
Event: 38.515 Thread 0x00007fa2244edea0 Exception <a 'java/lang/ClassNotFoundException'{0x00000000ca855900}: java/lang/ObjectCustomizer> (0x00000000ca855900) 
thrown [src/hotspot/share/classfile/systemDictionary.cpp, line 256]
Event: 38.543 Thread 0x00007fa2244edea0 Exception <a 'java/lang/ClassNotFoundException'{0x00000000ca85cfa8}: org/apache/commons/beanutils/TestBeanCustomizer> (0x00000000ca85cfa8) 
thrown [src/hotspot/share/classfile/systemDictionary.cpp, line 256]
Event: 38.549 Thread 0x00007fa2244efd60 Exception <a 'java/lang/ClassNotFoundException'{0x00000000c80153a8}: org/apache/commons/beanutils/memoryleaktests/pojotests/SomeMappedPojoBeanInfo> (0x00000000c80153a8) 
thrown [src/hotspot/share/classfile/systemDictionary.cpp, line 256]
Event: 38.549 Thread 0x00007fa2244efd60 Exception <a 'java/lang/ClassNotFoundException'{0x00000000c8016090}: java/lang/ObjectBeanInfo> (0x00000000c8016090) 
thrown [src/hotspot/share/classfile/systemDictionary.cpp, line 256]
Event: 38.549 Thread 0x00007fa2244efd60 Exception <a 'java/lang/ClassNotFoundException'{0x00000000c8016d60}: java/lang/ObjectCustomizer> (0x00000000c8016d60) 
thrown [src/hotspot/share/classfile/systemDictionary.cpp, line 256]
Event: 38.549 Thread 0x00007fa2244efd60 Exception <a 'java/lang/ClassNotFoundException'{0x00000000c801dea0}: org/apache/commons/beanutils/memoryleaktests/pojotests/SomeMappedPojoCustomizer> (0x00000000c801dea0) 
thrown [src/hotspot/share/classfile/systemDictionary.cpp, line 256]

VM Operations (20 events):
Event: 37.276 Executing VM operation: RedefineClasses done
Event: 37.279 Executing VM operation: RedefineClasses
Event: 37.285 Executing VM operation: RedefineClasses done
Event: 38.290 Executing VM operation: Cleanup
Event: 38.290 Executing VM operation: Cleanup done
Event: 38.592 Executing VM operation: G1CollectForAllocation
Event: 38.689 Executing VM operation: G1CollectForAllocation done
Event: 39.443 Executing VM operation: G1CollectForAllocation
Event: 39.788 Executing VM operation: G1CollectForAllocation done
Event: 39.991 Executing VM operation: G1CollectForAllocation
Event: 40.210 Executing VM operation: G1CollectForAllocation done
Event: 40.300 Executing VM operation: G1CollectForAllocation
Event: 40.442 Executing VM operation: G1CollectForAllocation done
Event: 41.078 Executing VM operation: G1CollectForAllocation
Event: 41.178 Executing VM operation: G1CollectForAllocation done
Event: 41.357 Executing VM operation: G1CollectForAllocation
Event: 41.453 Executing VM operation: G1CollectForAllocation done
Event: 41.640 Executing VM operation: G1CollectForAllocation
Event: 41.758 Executing VM operation: G1CollectForAllocation done
Event: 42.028 Executing VM operation: G1CollectForAllocation

Memory protections (20 events):
Event: 37.341 Protecting memory [0x00007fa166bfd000,0x00007fa166c01000] with protection modes 0
Event: 37.342 Protecting memory [0x00007fa166bfd000,0x00007fa166c01000] with protection modes 0
Event: 37.344 Protecting memory [0x00007fa1b40f6000,0x00007fa1b40fa000] with protection modes 0
Event: 37.344 Protecting memory [0x00007fa166bfd000,0x00007fa166c01000] with protection modes 0
Event: 37.345 Protecting memory [0x00007fa1b40f6000,0x00007fa1b40fa000] with protection modes 0
Event: 37.347 Protecting memory [0x00007fa1b40f6000,0x00007fa1b40fa000] with protection modes 0
Event: 37.350 Protecting memory [0x00007fa166bfd000,0x00007fa166c01000] with protection modes 0
Event: 37.409 Protecting memory [0x00007fa166bfd000,0x00007fa166c01000] with protection modes 0
Event: 37.565 Protecting memory [0x00007fa166bfd000,0x00007fa166c01000] with protection modes 0
Event: 37.693 Protecting memory [0x00007fa166bfd000,0x00007fa166c01000] with protection modes 0
Event: 37.784 Protecting memory [0x00007fa166bfd000,0x00007fa166c01000] with protection modes 0
Event: 37.927 Protecting memory [0x00007fa166bfd000,0x00007fa166c01000] with protection modes 0
Event: 38.035 Protecting memory [0x00007fa166bfd000,0x00007fa166c01000] with protection modes 0
Event: 38.130 Protecting memory [0x00007fa166bfd000,0x00007fa166c01000] with protection modes 0
Event: 38.254 Protecting memory [0x00007fa166bfd000,0x00007fa166c01000] with protection modes 0
Event: 38.390 Protecting memory [0x00007fa166bfd000,0x00007fa166c01000] with protection modes 0
Event: 38.494 Protecting memory [0x00007fa166bfd000,0x00007fa166c01000] with protection modes 0
Event: 38.544 Protecting memory [0x00007fa166bfd000,0x00007fa166c01000] with protection modes 0
Event: 38.545 Protecting memory [0x00007fa166afc000,0x00007fa166b00000] with protection modes 0
Event: 38.545 Protecting memory [0x00007fa166bfd000,0x00007fa166c01000] with protection modes 0

Nmethod flushes (20 events):
Event: 35.512 Thread 0x00007fa22421ee20 flushing  nmethod 0x00007fa20d6fcf10
Event: 35.512 Thread 0x00007fa22421ee20 flushing  nmethod 0x00007fa20d6fd310
Event: 35.512 Thread 0x00007fa22421ee20 flushing  nmethod 0x00007fa20d700390
Event: 35.512 Thread 0x00007fa22421ee20 flushing  nmethod 0x00007fa20d704590
Event: 35.512 Thread 0x00007fa22421ee20 flushing  nmethod 0x00007fa20d704c10
Event: 35.512 Thread 0x00007fa22421ee20 flushing  nmethod 0x00007fa20d705010
Event: 35.512 Thread 0x00007fa22421ee20 flushing  nmethod 0x00007fa20d705710
Event: 35.512 Thread 0x00007fa22421ee20 flushing  nmethod 0x00007fa20d706690
Event: 35.512 Thread 0x00007fa22421ee20 flushing  nmethod 0x00007fa20d707a90
Event: 35.512 Thread 0x00007fa22421ee20 flushing  nmethod 0x00007fa20d708710
Event: 35.512 Thread 0x00007fa22421ee20 flushing  nmethod 0x00007fa20d709290
Event: 35.512 Thread 0x00007fa22421ee20 flushing  nmethod 0x00007fa20d70a090
Event: 35.512 Thread 0x00007fa22421ee20 flushing  nmethod 0x00007fa20d70ae90
Event: 35.512 Thread 0x00007fa22421ee20 flushing  nmethod 0x00007fa20d70ba10
Event: 35.512 Thread 0x00007fa22421ee20 flushing  nmethod 0x00007fa20d70c690
Event: 35.512 Thread 0x00007fa22421ee20 flushing osr nmethod 0x00007fa20d70d210
Event: 35.512 Thread 0x00007fa22421ee20 flushing  nmethod 0x00007fa20d70f210
Event: 35.512 Thread 0x00007fa22421ee20 flushing  nmethod 0x00007fa20d711110
Event: 35.512 Thread 0x00007fa22421ee20 flushing osr nmethod 0x00007fa20d717a90
Event: 35.512 Thread 0x00007fa22421ee20 flushing osr nmethod 0x00007fa20d719a90

Events (20 events):
Event: 37.784 Thread 0x00007fa224032990 Thread added: 0x00007fa2244edea0
Event: 37.920 Thread 0x00007fa2244edea0 Thread exited: 0x00007fa2244edea0
Event: 37.927 Thread 0x00007fa224032990 Thread added: 0x00007fa2244edea0
Event: 37.983 Thread 0x00007fa2244edea0 Thread exited: 0x00007fa2244edea0
Event: 38.024 Thread 0x00007fa224032990 Thread added: 0x00007fa2244edea0
Event: 38.130 Thread 0x00007fa2244edea0 Thread exited: 0x00007fa2244edea0
Event: 38.130 Thread 0x00007fa224032990 Thread added: 0x00007fa2244edea0
Event: 38.206 Thread 0x00007fa2244edea0 Thread exited: 0x00007fa2244edea0
Event: 38.254 Thread 0x00007fa224032990 Thread added: 0x00007fa2244edea0
Event: 38.254 Thread 0x00007fa1400bb070 Thread exited: 0x00007fa1400bb070
Event: 38.367 Thread 0x00007fa2244edea0 Thread exited: 0x00007fa2244edea0
Event: 38.390 Thread 0x00007fa224032990 Thread added: 0x00007fa2244edea0
Event: 38.493 Thread 0x00007fa2244edea0 Thread exited: 0x00007fa2244edea0
Event: 38.494 Thread 0x00007fa224032990 Thread added: 0x00007fa2244edea0
Event: 38.544 Thread 0x00007fa2244edea0 Thread exited: 0x00007fa2244edea0
Event: 38.544 Thread 0x00007fa224032990 Thread added: 0x00007fa2244edea0
Event: 38.545 Thread 0x00007fa2244edea0 Thread exited: 0x00007fa2244edea0
Event: 38.545 Thread 0x00007fa224032990 Thread added: 0x00007fa2244edea0
Event: 38.545 Thread 0x00007fa2244edea0 Thread exited: 0x00007fa2244edea0
Event: 38.545 Thread 0x00007fa224032990 Thread added: 0x00007fa2244efd60


Dynamic libraries:
82000000-1c7000000 rw-p 00000000 00:00 0 
444000000-7fe000000 ---p 00000000 00:00 0 
7fe000000-7fef00000 rw-p 00000000 00:00 0 
7fef00000-7fef75000 rw-p 00c79000 00:33 8596472648                       /sfs/gpfs/tardis/applications/202512/software/standard/core/java/17/lib/server/classes.jsa
7fef75000-7ff000000 rw-p 00000000 00:00 0 
7ff000000-7ff078000 rw-p 00c01000 00:33 8596472648                       /sfs/gpfs/tardis/applications/202512/software/standard/core/java/17/lib/server/classes.jsa
7ff078000-800000000 rw-p 00000000 00:00 0 
557fb115a000-557fb115b000 r--p 00000000 00:33 8596472430                 /sfs/gpfs/tardis/applications/202512/software/standard/core/java/17/bin/java
557fb115b000-557fb115c000 r-xp 00001000 00:33 8596472430                 /sfs/gpfs/tardis/applications/202512/software/standard/core/java/17/bin/java
557fb115c000-557fb115d000 r--p 00002000 00:33 8596472430                 /sfs/gpfs/tardis/applications/202512/software/standard/core/java/17/bin/java
557fb115d000-557fb115e000 r--p 00002000 00:33 8596472430                 /sfs/gpfs/tardis/applications/202512/software/standard/core/java/17/bin/java
557fb115e000-557fb115f000 rw-p 00003000 00:33 8596472430                 /sfs/gpfs/tardis/applications/202512/software/standard/core/java/17/bin/java
557fb1723000-557fb176b000 rw-p 00000000 00:00 0                          [heap]
7fa0c0000000-7fa0c0474000 rw-p 00000000 00:00 0 
7fa0c0474000-7fa0c4000000 ---p 00000000 00:00 0 
7fa0c8000000-7fa0c8021000 rw-p 00000000 00:00 0 
7fa0c8021000-7fa0cc000000 ---p 00000000 00:00 0 
7fa0cc000000-7fa0cc3fe000 rw-p 00000000 00:00 0 
7fa0cc3fe000-7fa0d0000000 ---p 00000000 00:00 0 
7fa0d0000000-7fa0d0021000 rw-p 00000000 00:00 0 
7fa0d0021000-7fa0d4000000 ---p 00000000 00:00 0 
7fa0d4000000-7fa0d4021000 rw-p 00000000 00:00 0 
7fa0d4021000-7fa0d8000000 ---p 00000000 00:00 0 
7fa0d8000000-7fa0d8021000 rw-p 00000000 00:00 0 
7fa0d8021000-7fa0dc000000 ---p 00000000 00:00 0 
7fa0dc000000-7fa0dc021000 rw-p 00000000 00:00 0 
7fa0dc021000-7fa0e0000000 ---p 00000000 00:00 0 
7fa0e0000000-7fa0e0021000 rw-p 00000000 00:00 0 
7fa0e0021000-7fa0e4000000 ---p 00000000 00:00 0 
7fa0e4000000-7fa0e4021000 rw-p 00000000 00:00 0 
7fa0e4021000-7fa0e8000000 ---p 00000000 00:00 0 
7fa0e8000000-7fa0e8021000 rw-p 00000000 00:00 0 
7fa0e8021000-7fa0ec000000 ---p 00000000 00:00 0 
7fa0ec000000-7fa0ec021000 rw-p 00000000 00:00 0 
7fa0ec021000-7fa0f0000000 ---p 00000000 00:00 0 
7fa0f0000000-7fa0f0021000 rw-p 00000000 00:00 0 
7fa0f0021000-7fa0f4000000 ---p 00000000 00:00 0 
7fa0f4000000-7fa0f4021000 rw-p 00000000 00:00 0 
7fa0f4021000-7fa0f8000000 ---p 00000000 00:00 0 
7fa0f8000000-7fa0f8021000 rw-p 00000000 00:00 0 
7fa0f8021000-7fa0fc000000 ---p 00000000 00:00 0 
7fa0fc000000-7fa0fc021000 rw-p 00000000 00:00 0 
7fa0fc021000-7fa100000000 ---p 00000000 00:00 0 
7fa100000000-7fa100021000 rw-p 00000000 00:00 0 
7fa100021000-7fa104000000 ---p 00000000 00:00 0 
7fa104000000-7fa104021000 rw-p 00000000 00:00 0 
7fa104021000-7fa108000000 ---p 00000000 00:00 0 
7fa108000000-7fa108021000 rw-p 00000000 00:00 0 
7fa108021000-7fa10c000000 ---p 00000000 00:00 0 
7fa10c000000-7fa10c021000 rw-p 00000000 00:00 0 
7fa10c021000-7fa110000000 ---p 00000000 00:00 0 
7fa110000000-7fa110639000 rw-p 00000000 00:00 0 
7fa110639000-7fa114000000 ---p 00000000 00:00 0 
7fa114000000-7fa115306000 rw-p 00000000 00:00 0 
7fa115306000-7fa118000000 ---p 00000000 00:00 0 
7fa118000000-7fa11827a000 rw-p 00000000 00:00 0 
7fa11827a000-7fa11c000000 ---p 00000000 00:00 0 
7fa11c000000-7fa11c193000 rw-p 00000000 00:00 0 
7fa11c193000-7fa120000000 ---p 00000000 00:00 0 
7fa120000000-7fa120021000 rw-p 00000000 00:00 0 
7fa120021000-7fa124000000 ---p 00000000 00:00 0 
7fa124000000-7fa1252a4000 rw-p 00000000 00:00 0 
7fa1252a4000-7fa128000000 ---p 00000000 00:00 0 
7fa128000000-7fa129523000 rw-p 00000000 00:00 0 
7fa129523000-7fa12c000000 ---p 00000000 00:00 0 
7fa12c000000-7fa12c021000 rw-p 00000000 00:00 0 
7fa12c021000-7fa130000000 ---p 00000000 00:00 0 
7fa130000000-7fa13059a000 rw-p 00000000 00:00 0 
7fa13059a000-7fa134000000 ---p 00000000 00:00 0 
7fa134000000-7fa1341ff000 rw-p 00000000 00:00 0 
7fa1341ff000-7fa138000000 ---p 00000000 00:00 0 
7fa138000000-7fa13842b000 rw-p 00000000 00:00 0 
7fa13842b000-7fa13c000000 ---p 00000000 00:00 0 
7fa13c000000-7fa13c021000 rw-p 00000000 00:00 0 
7fa13c021000-7fa140000000 ---p 00000000 00:00 0 
7fa140000000-7fa140151000 rw-p 00000000 00:00 0 
7fa140151000-7fa144000000 ---p 00000000 00:00 0 
7fa144000000-7fa144021000 rw-p 00000000 00:00 0 
7fa144021000-7fa148000000 ---p 00000000 00:00 0 
7fa148000000-7fa148021000 rw-p 00000000 00:00 0 
7fa148021000-7fa14c000000 ---p 00000000 00:00 0 
7fa14c000000-7fa14cf95000 rw-p 00000000 00:00 0 
7fa14cf95000-7fa150000000 ---p 00000000 00:00 0 
7fa150000000-7fa150021000 rw-p 00000000 00:00 0 
7fa150021000-7fa154000000 ---p 00000000 00:00 0 
7fa154000000-7fa154021000 rw-p 00000000 00:00 0 
7fa154021000-7fa158000000 ---p 00000000 00:00 0 
7fa158000000-7fa158021000 rw-p 00000000 00:00 0 
7fa158021000-7fa15c000000 ---p 00000000 00:00 0 
7fa15c000000-7fa15c021000 rw-p 00000000 00:00 0 
7fa15c021000-7fa160000000 ---p 00000000 00:00 0 
7fa160000000-7fa16032a000 rw-p 00000000 00:00 0 
7fa16032a000-7fa164000000 ---p 00000000 00:00 0 
7fa165152000-7fa1653e4000 rw-p 00000000 00:00 0 
7fa1653e4000-7fa1653e9000 ---p 00000000 00:00 0 
7fa1653e9000-7fa1654e5000 rw-p 00000000 00:00 0 
7fa1654e5000-7fa1654ea000 ---p 00000000 00:00 0 
7fa1654ea000-7fa1655e6000 rw-p 00000000 00:00 0 
7fa1655e6000-7fa1655eb000 ---p 00000000 00:00 0 
7fa1655eb000-7fa1656e7000 rw-p 00000000 00:00 0 
7fa1656e7000-7fa1656e8000 ---p 00000000 00:00 0 
7fa1656e8000-7fa1657e8000 rw-p 00000000 00:00 0 
7fa1657e8000-7fa1657e9000 ---p 00000000 00:00 0 
7fa1657e9000-7fa1658e9000 rw-p 00000000 00:00 0 
7fa1658e9000-7fa1658ea000 ---p 00000000 00:00 0 
7fa1658ea000-7fa1659ea000 rw-p 00000000 00:00 0 
7fa1659ea000-7fa1659eb000 ---p 00000000 00:00 0 
7fa1659eb000-7fa165aeb000 rw-p 00000000 00:00 0 
7fa165aeb000-7fa165aec000 ---p 00000000 00:00 0 
7fa165aec000-7fa165bec000 rw-p 00000000 00:00 0 
7fa165bec000-7fa165bed000 ---p 00000000 00:00 0 
7fa165bed000-7fa165ced000 rw-p 00000000 00:00 0 
7fa165ced000-7fa165cee000 ---p 00000000 00:00 0 
7fa165cee000-7fa165dee000 rw-p 00000000 00:00 0 
7fa165dee000-7fa165def000 ---p 00000000 00:00 0 
7fa165def000-7fa165eef000 rw-p 00000000 00:00 0 
7fa165eef000-7fa165ef0000 ---p 00000000 00:00 0 
7fa165ef0000-7fa165ff0000 rw-p 00000000 00:00 0 
7fa165ff0000-7fa165ff1000 ---p 00000000 00:00 0 
7fa165ff1000-7fa1660f1000 rw-p 00000000 00:00 0 
7fa1660f1000-7fa1660f2000 ---p 00000000 00:00 0 
7fa1660f2000-7fa1661f2000 rw-p 00000000 00:00 0 
7fa1661f2000-7fa1661f3000 ---p 00000000 00:00 0 
7fa1661f3000-7fa1662f3000 rw-p 00000000 00:00 0 
7fa1662f3000-7fa1662f4000 ---p 00000000 00:00 0 
7fa1662f4000-7fa1663f4000 rw-p 00000000 00:00 0 
7fa1663f4000-7fa1663f5000 ---p 00000000 00:00 0 
7fa1663f5000-7fa1664f5000 rw-p 00000000 00:00 0 
7fa1664f5000-7fa1664f6000 ---p 00000000 00:00 0 
7fa1664f6000-7fa1665f6000 rw-p 00000000 00:00 0 
7fa1665f6000-7fa1665f7000 ---p 00000000 00:00 0 
7fa1665f7000-7fa1666f7000 rw-p 00000000 00:00 0 
7fa1666f7000-7fa1666fc000 ---p 00000000 00:00 0 
7fa1666fc000-7fa1667f8000 rw-p 00000000 00:00 0 
7fa1667f8000-7fa1667f9000 ---p 00000000 00:00 0 
7fa1667f9000-7fa1667fd000 ---p 00000000 00:00 0 
7fa1667fd000-7fa1668f9000 rw-p 00000000 00:00 0 
7fa1668f9000-7fa1668fe000 ---p 00000000 00:00 0 
7fa1668fe000-7fa1669fa000 rw-p 00000000 00:00 0 
7fa1669fa000-7fa1669ff000 ---p 00000000 00:00 0 
7fa1669ff000-7fa166afb000 rw-p 00000000 00:00 0 
7fa166afb000-7fa166b00000 ---p 00000000 00:00 0 
7fa166b00000-7fa166bfc000 rw-p 00000000 00:00 0 
7fa166bfc000-7fa166bfd000 ---p 00000000 00:00 0 
7fa166bfd000-7fa166c01000 ---p 00000000 00:00 0 
7fa166c01000-7fa166cfd000 rw-p 00000000 00:00 0 
7fa166cfd000-7fa166cfe000 ---p 00000000 00:00 0 
7fa166cfe000-7fa166dfe000 rw-p 00000000 00:00 0 
7fa166dfe000-7fa166dff000 ---p 00000000 00:00 0 
7fa166dff000-7fa166e03000 ---p 00000000 00:00 0 
7fa166e03000-7fa166eff000 rw-p 00000000 00:00 0 
7fa166eff000-7fa166f04000 ---p 00000000 00:00 0 
7fa166f04000-7fa167000000 rw-p 00000000 00:00 0 
7fa167000000-7fa167455000 rw-p 00001000 00:33 8596472648                 /sfs/gpfs/tardis/applications/202512/software/standard/core/java/17/lib/server/classes.jsa
7fa167455000-7fa167bc9000 rw-p 00456000 00:33 8596472648                 /sfs/gpfs/tardis/applications/202512/software/standard/core/java/17/lib/server/classes.jsa
7fa167bc9000-7fa168000000 ---p 00000000 00:00 0 
7fa168000000-7fa168040000 rw-p 00000000 00:00 0 
7fa168040000-7fa1680c0000 rw-p 00000000 00:00 0 
7fa1680c0000-7fa1680f0000 rw-p 00000000 00:00 0 
7fa1680f0000-7fa168100000 ---p 00000000 00:00 0 
7fa168100000-7fa168110000 rw-p 00000000 00:00 0 
7fa168110000-7fa1a8000000 ---p 00000000 00:00 0 
7fa1a8000000-7fa1a8021000 rw-p 00000000 00:00 0 
7fa1a8021000-7fa1ac000000 ---p 00000000 00:00 0 
7fa1ac000000-7fa1ac400000 rw-p 00000000 00:00 0 
7fa1ac400000-7fa1ac780000 rw-p 00000000 00:00 0 
7fa1ac780000-7fa1ac7d0000 rw-p 00000000 00:00 0 
7fa1ac7d0000-7fa1ac800000 ---p 00000000 00:00 0 
7fa1ac800000-7fa1ac830000 rw-p 00000000 00:00 0 
7fa1ac830000-7fa1b0000000 ---p 00000000 00:00 0 
7fa1b0000000-7fa1b0067000 rw-p 00000000 00:00 0 
7fa1b0067000-7fa1b4000000 ---p 00000000 00:00 0 
7fa1b40f5000-7fa1b40fa000 ---p 00000000 00:00 0 
7fa1b40fa000-7fa1b41f6000 rw-p 00000000 00:00 0 
7fa1b41f6000-7fa1b41fb000 ---p 00000000 00:00 0 
7fa1b41fb000-7fa1b42f7000 rw-p 00000000 00:00 0 
7fa1b42f7000-7fa1b42f8000 ---p 00000000 00:00 0 
7fa1b42f8000-7fa1b42fc000 ---p 00000000 00:00 0 
7fa1b42fc000-7fa1b43f8000 rw-p 00000000 00:00 0 
7fa1b43f8000-7fa1b43fd000 ---p 00000000 00:00 0 
7fa1b43fd000-7fa1b44f9000 rw-p 00000000 00:00 0 
7fa1b44f9000-7fa1b44fa000 ---p 00000000 00:00 0 
7fa1b44fa000-7fa1b44fe000 ---p 00000000 00:00 0 
7fa1b44fe000-7fa1b45fa000 rw-p 00000000 00:00 0 
7fa1b45fa000-7fa1b45fb000 ---p 00000000 00:00 0 
7fa1b45fb000-7fa1b45ff000 ---p 00000000 00:00 0 
7fa1b45ff000-7fa1b46fb000 rw-p 00000000 00:00 0 
7fa1b46fb000-7fa1b46fc000 ---p 00000000 00:00 0 
7fa1b46fc000-7fa1b4700000 ---p 00000000 00:00 0 
7fa1b4700000-7fa1b47fc000 rw-p 00000000 00:00 0 
7fa1b47fc000-7fa1b47fd000 ---p 00000000 00:00 0 
7fa1b47fd000-7fa1b4801000 ---p 00000000 00:00 0 
7fa1b4801000-7fa1b48fd000 rw-p 00000000 00:00 0 
7fa1b48fd000-7fa1b48fe000 ---p 00000000 00:00 0 
7fa1b48fe000-7fa1b4902000 ---p 00000000 00:00 0 
7fa1b4902000-7fa1b49fe000 rw-p 00000000 00:00 0 
7fa1b49fe000-7fa1b49ff000 ---p 00000000 00:00 0 
7fa1b49ff000-7fa1b4a03000 ---p 00000000 00:00 0 
7fa1b4a03000-7fa1b4aff000 rw-p 00000000 00:00 0 
7fa1b4aff000-7fa1b4b00000 ---p 00000000 00:00 0 
7fa1b4b00000-7fa1b4b04000 ---p 00000000 00:00 0 
7fa1b4b04000-7fa1b4c00000 rw-p 00000000 00:00 0 
7fa1b4c00000-7fa1b4c01000 ---p 00000000 00:00 0 
7fa1b4c01000-7fa1b4c05000 ---p 00000000 00:00 0 
7fa1b4c05000-7fa1b4d01000 rw-p 00000000 00:00 0 
7fa1b4d01000-7fa1b4d02000 ---p 00000000 00:00 0 
7fa1b4d02000-7fa1b4e02000 rw-p 00000000 00:00 0 
7fa1b4e02000-7fa1b4e07000 r--p 00000000 00:33 8596472621                 /sfs/gpfs/tardis/applications/202512/software/standard/core/java/17/lib/libjsvml.so
7fa1b4e07000-7fa1b4e48000 r-xp 00005000 00:33 8596472621                 /sfs/gpfs/tardis/applications/202512/software/standard/core/java/17/lib/libjsvml.so
7fa1b4e48000-7fa1b4ed1000 r--p 00046000 00:33 8596472621                 /sfs/gpfs/tardis/applications/202512/software/standard/core/java/17/lib/libjsvml.so
7fa1b4ed1000-7fa1b4ed2000 r--p 000ce000 00:33 8596472621                 /sfs/gpfs/tardis/applications/202512/software/standard/core/java/17/lib/libjsvml.so
7fa1b4ed2000-7fa1b4ed3000 rw-p 000cf000 00:33 8596472621                 /sfs/gpfs/tardis/applications/202512/software/standard/core/java/17/lib/libjsvml.so
7fa1b4ed3000-7fa1b4ff0000 rw-p 00000000 00:00 0 
7fa1b4ff0000-7fa1b4ff1000 ---p 00000000 00:00 0 
7fa1b4ff1000-7fa1b50f1000 rw-p 00000000 00:00 0 
7fa1b50f1000-7fa1b50f2000 ---p 00000000 00:00 0 
7fa1b50f2000-7fa1b8021000 rw-p 00000000 00:00 0 
7fa1b8021000-7fa1bc000000 ---p 00000000 00:00 0 
7fa1bc000000-7fa1bc021000 rw-p 00000000 00:00 0 
7fa1bc021000-7fa1c0000000 ---p 00000000 00:00 0 
7fa1c0000000-7fa1c0021000 rw-p 00000000 00:00 0 
7fa1c0021000-7fa1c4000000 ---p 00000000 00:00 0 
7fa1c4021000-7fa1c4023000 r--p 00000000 00:33 8596472625                 /sfs/gpfs/tardis/applications/202512/software/standard/core/java/17/lib/libmanagement_ext.so
7fa1c4023000-7fa1c4026000 r-xp 00002000 00:33 8596472625                 /sfs/gpfs/tardis/applications/202512/software/standard/core/java/17/lib/libmanagement_ext.so
7fa1c4026000-7fa1c4027000 r--p 00005000 00:33 8596472625                 /sfs/gpfs/tardis/applications/202512/software/standard/core/java/17/lib/libmanagement_ext.so
7fa1c4027000-7fa1c4028000 ---p 00006000 00:33 8596472625                 /sfs/gpfs/tardis/applications/202512/software/standard/core/java/17/lib/libmanagement_ext.so
7fa1c4028000-7fa1c4029000 r--p 00006000 00:33 8596472625                 /sfs/gpfs/tardis/applications/202512/software/standard/core/java/17/lib/libmanagement_ext.so
7fa1c4029000-7fa1c402a000 rw-p 00007000 00:33 8596472625                 /sfs/gpfs/tardis/applications/202512/software/standard/core/java/17/lib/libmanagement_ext.so
7fa1c402a000-7fa1c402d000 r--p 00000000 00:33 8596472623                 /sfs/gpfs/tardis/applications/202512/software/standard/core/java/17/lib/libmanagement.so
7fa1c402d000-7fa1c402e000 r-xp 00003000 00:33 8596472623                 /sfs/gpfs/tardis/applications/202512/software/standard/core/java/17/lib/libmanagement.so
7fa1c402e000-7fa1c402f000 r--p 00004000 00:33 8596472623                 /sfs/gpfs/tardis/applications/202512/software/standard/core/java/17/lib/libmanagement.so
7fa1c402f000-7fa1c4030000 r--p 00004000 00:33 8596472623                 /sfs/gpfs/tardis/applications/202512/software/standard/core/java/17/lib/libmanagement.so
7fa1c4030000-7fa1c4031000 rw-p 00005000 00:33 8596472623                 /sfs/gpfs/tardis/applications/202512/software/standard/core/java/17/lib/libmanagement.so
7fa1c4031000-7fa1c4035000 r--p 00000000 00:33 8596472635                 /sfs/gpfs/tardis/applications/202512/software/standard/core/java/17/lib/libverify.so
7fa1c4035000-7fa1c403c000 r-xp 00004000 00:33 8596472635                 /sfs/gpfs/tardis/applications/202512/software/standard/core/java/17/lib/libverify.so
7fa1c403c000-7fa1c403e000 r--p 0000b000 00:33 8596472635                 /sfs/gpfs/tardis/applications/202512/software/standard/core/java/17/lib/libverify.so
7fa1c403e000-7fa1c4040000 r--p 0000c000 00:33 8596472635                 /sfs/gpfs/tardis/applications/202512/software/standard/core/java/17/lib/libverify.so
7fa1c4040000-7fa1c4041000 rw-p 0000e000 00:33 8596472635                 /sfs/gpfs/tardis/applications/202512/software/standard/core/java/17/lib/libverify.so
7fa1c4041000-7fa1c4445000 rw-p 00000000 00:00 0 
7fa1c4445000-7fa1c4446000 ---p 00000000 00:00 0 
7fa1c4446000-7fa1c4546000 rw-p 00000000 00:00 0 
7fa1c4546000-7fa1c4547000 ---p 00000000 00:00 0 
7fa1c4547000-7fa1c4647000 rw-p 00000000 00:00 0 
7fa1c4647000-7fa1c4648000 ---p 00000000 00:00 0 
7fa1c4648000-7fa1c997c000 rw-p 00000000 00:00 0 
7fa1c997c000-7fa1e273c000 ---p 00000000 00:00 0 
7fa1e273c000-7fa1e78fc000 rw-p 00000000 00:00 0 
7fa1e78fc000-7fa2006bc000 ---p 00000000 00:00 0 
7fa2006bc000-7fa201164000 rw-p 00000000 00:00 0 
7fa201164000-7fa20431c000 ---p 00000000 00:00 0 
7fa20431c000-7fa204d54000 rw-p 00000000 00:00 0 
7fa204d54000-7fa207f0c000 ---p 00000000 00:00 0 
7fa207f0c000-7fa208944000 rw-p 00000000 00:00 0 
7fa208944000-7fa20bafc000 ---p 00000000 00:00 0 
7fa20bafc000-7fa20ce15000 rw-p 00000000 00:00 0 
7fa20ce15000-7fa20cef7000 ---p 00000000 00:00 0 
7fa20cef7000-7fa20cf06000 rw-p 00000000 00:00 0 
7fa20cf06000-7fa20cfe0000 ---p 00000000 00:00 0 
7fa20cfe0000-7fa20d750000 rwxp 00000000 00:00 0 
7fa20d750000-7fa21443f000 ---p 00000000 00:00 0 
7fa21443f000-7fa21472f000 rwxp 00000000 00:00 0 
7fa21472f000-7fa214b80000 ---p 00000000 00:00 0 
7fa214b80000-7fa214ea0000 rwxp 00000000 00:00 0 
7fa214ea0000-7fa21bfe0000 ---p 00000000 00:00 0 
7fa21bfe0000-7fa21bfeb000 r-xp 00000000 00:29 41352995                   /usr/lib64/libnss_files-2.28.so
7fa21bfeb000-7fa21c1eb000 ---p 0000b000 00:29 41352995                   /usr/lib64/libnss_files-2.28.so
7fa21c1eb000-7fa21c1ec000 r--p 0000b000 00:29 41352995                   /usr/lib64/libnss_files-2.28.so
7fa21c1ec000-7fa21c1ed000 rw-p 0000c000 00:29 41352995                   /usr/lib64/libnss_files-2.28.so
7fa21c1ed000-7fa21c1f3000 rw-p 00000000 00:00 0 
7fa21c1f3000-7fa21c1fa000 r-xp 00000000 00:29 41352993                   /usr/lib64/libnss_db-2.28.so
7fa21c1fa000-7fa21c3f9000 ---p 00007000 00:29 41352993                   /usr/lib64/libnss_db-2.28.so
7fa21c3f9000-7fa21c3fa000 r--p 00006000 00:29 41352993                   /usr/lib64/libnss_db-2.28.so
7fa21c3fa000-7fa21c3fb000 rw-p 00007000 00:29 41352993                   /usr/lib64/libnss_db-2.28.so
7fa21c3fb000-7fa21c3fe000 rw-p 00000000 00:00 0 
7fa21c3fe000-7fa224000000 r--s 00000000 00:33 8596472637                 /sfs/gpfs/tardis/applications/202512/software/standard/core/java/17/lib/modules
7fa224000000-7fa2245a0000 rw-p 00000000 00:00 0 
7fa2245a0000-7fa228000000 ---p 00000000 00:00 0 
7fa228002000-7fa228006000 r--p 00000000 00:33 8596472627                 /sfs/gpfs/tardis/applications/202512/software/standard/core/java/17/lib/libnet.so
7fa228006000-7fa228014000 r-xp 00004000 00:33 8596472627                 /sfs/gpfs/tardis/applications/202512/software/standard/core/java/17/lib/libnet.so
7fa228014000-7fa228018000 r--p 00012000 00:33 8596472627                 /sfs/gpfs/tardis/applications/202512/software/standard/core/java/17/lib/libnet.so
7fa228018000-7fa228019000 r--p 00015000 00:33 8596472627                 /sfs/gpfs/tardis/applications/202512/software/standard/core/java/17/lib/libnet.so
7fa228019000-7fa22801a000 rw-p 00016000 00:33 8596472627                 /sfs/gpfs/tardis/applications/202512/software/standard/core/java/17/lib/libnet.so
7fa22801a000-7fa228021000 r--p 00000000 00:33 8596472628                 /sfs/gpfs/tardis/applications/202512/software/standard/core/java/17/lib/libnio.so
7fa228021000-7fa22802a000 r-xp 00007000 00:33 8596472628                 /sfs/gpfs/tardis/applications/202512/software/standard/core/java/17/lib/libnio.so
7fa22802a000-7fa22802e000 r--p 00010000 00:33 8596472628                 /sfs/gpfs/tardis/applications/202512/software/standard/core/java/17/lib/libnio.so
7fa22802e000-7fa22802f000 ---p 00014000 00:33 8596472628                 /sfs/gpfs/tardis/applications/202512/software/standard/core/java/17/lib/libnio.so
7fa22802f000-7fa228030000 r--p 00014000 00:33 8596472628                 /sfs/gpfs/tardis/applications/202512/software/standard/core/java/17/lib/libnio.so
7fa228030000-7fa228031000 rw-p 00015000 00:33 8596472628                 /sfs/gpfs/tardis/applications/202512/software/standard/core/java/17/lib/libnio.so
7fa228031000-7fa2280a9000 rw-p 00000000 00:00 0 
7fa2280a9000-7fa2280ab000 r--p 00000000 00:33 8596472636                 /sfs/gpfs/tardis/applications/202512/software/standard/core/java/17/lib/libzip.so
7fa2280ab000-7fa2280bd000 r-xp 00002000 00:33 8596472636                 /sfs/gpfs/tardis/applications/202512/software/standard/core/java/17/lib/libzip.so
7fa2280bd000-7fa2280c5000 r--p 00014000 00:33 8596472636                 /sfs/gpfs/tardis/applications/202512/software/standard/core/java/17/lib/libzip.so
7fa2280c5000-7fa2280c6000 r--p 0001b000 00:33 8596472636                 /sfs/gpfs/tardis/applications/202512/software/standard/core/java/17/lib/libzip.so
7fa2280c6000-7fa2280c7000 rw-p 0001c000 00:33 8596472636                 /sfs/gpfs/tardis/applications/202512/software/standard/core/java/17/lib/libzip.so
7fa2280c7000-7fa22833f000 r--p 00000000 00:29 42290259                   /usr/lib/locale/en_US.utf8/LC_COLLATE
7fa22833f000-7fa2284c0000 r-xp 00000000 00:29 41352876                   /usr/lib64/libm-2.28.so
7fa2284c0000-7fa2286bf000 ---p 00181000 00:29 41352876                   /usr/lib64/libm-2.28.so
7fa2286bf000-7fa2286c0000 r--p 00180000 00:29 41352876                   /usr/lib64/libm-2.28.so
7fa2286c0000-7fa2286c1000 rw-p 00181000 00:29 41352876                   /usr/lib64/libm-2.28.so
7fa2286c1000-7fa2286c8000 r-xp 00000000 00:29 41353205                   /usr/lib64/librt-2.28.so
7fa2286c8000-7fa2288c7000 ---p 00007000 00:29 41353205                   /usr/lib64/librt-2.28.so
7fa2288c7000-7fa2288c8000 r--p 00006000 00:29 41353205                   /usr/lib64/librt-2.28.so
7fa2288c8000-7fa2288c9000 rw-p 00007000 00:29 41353205                   /usr/lib64/librt-2.28.so
7fa2288c9000-7fa228b1c000 r--p 00000000 00:33 8596472651                 /sfs/gpfs/tardis/applications/202512/software/standard/core/java/17/lib/server/libjvm.so
7fa228b1c000-7fa229845000 r-xp 00253000 00:33 8596472651                 /sfs/gpfs/tardis/applications/202512/software/standard/core/java/17/lib/server/libjvm.so
7fa229845000-7fa229ad2000 r--p 00f7c000 00:33 8596472651                 /sfs/gpfs/tardis/applications/202512/software/standard/core/java/17/lib/server/libjvm.so
7fa229ad2000-7fa229ad3000 ---p 01209000 00:33 8596472651                 /sfs/gpfs/tardis/applications/202512/software/standard/core/java/17/lib/server/libjvm.so
7fa229ad3000-7fa229b8c000 r--p 01209000 00:33 8596472651                 /sfs/gpfs/tardis/applications/202512/software/standard/core/java/17/lib/server/libjvm.so
7fa229b8c000-7fa229bc1000 rw-p 012c2000 00:33 8596472651                 /sfs/gpfs/tardis/applications/202512/software/standard/core/java/17/lib/server/libjvm.so
7fa229bc1000-7fa229c1c000 rw-p 00000000 00:00 0 
7fa229c1c000-7fa229de9000 r-xp 00000000 00:29 41352421                   /usr/lib64/libc-2.28.so
7fa229de9000-7fa229fe8000 ---p 001cd000 00:29 41352421                   /usr/lib64/libc-2.28.so
7fa229fe8000-7fa229fec000 r--p 001cc000 00:29 41352421                   /usr/lib64/libc-2.28.so
7fa229fec000-7fa229fee000 rw-p 001d0000 00:29 41352421                   /usr/lib64/libc-2.28.so
7fa229fee000-7fa229ff2000 rw-p 00000000 00:00 0 
7fa229ff2000-7fa229ff5000 r-xp 00000000 00:29 41352530                   /usr/lib64/libdl-2.28.so
7fa229ff5000-7fa22a1f4000 ---p 00003000 00:29 41352530                   /usr/lib64/libdl-2.28.so
7fa22a1f4000-7fa22a1f5000 r--p 00002000 00:29 41352530                   /usr/lib64/libdl-2.28.so
7fa22a1f5000-7fa22a1f6000 rw-p 00003000 00:29 41352530                   /usr/lib64/libdl-2.28.so
7fa22a1f6000-7fa22a211000 r-xp 00000000 00:29 41353149                   /usr/lib64/libpthread-2.28.so
7fa22a211000-7fa22a410000 ---p 0001b000 00:29 41353149                   /usr/lib64/libpthread-2.28.so
7fa22a410000-7fa22a411000 r--p 0001a000 00:29 41353149                   /usr/lib64/libpthread-2.28.so
7fa22a411000-7fa22a412000 rw-p 0001b000 00:29 41353149                   /usr/lib64/libpthread-2.28.so
7fa22a412000-7fa22a416000 rw-p 00000000 00:00 0 
7fa22a416000-7fa22a445000 r-xp 00000000 00:29 41352045                   /usr/lib64/ld-2.28.so
7fa22a449000-7fa22a44a000 r--p 00000000 00:33 8596472606                 /sfs/gpfs/tardis/applications/202512/software/standard/core/java/17/lib/libextnet.so
7fa22a44a000-7fa22a44b000 r-xp 00001000 00:33 8596472606                 /sfs/gpfs/tardis/applications/202512/software/standard/core/java/17/lib/libextnet.so
7fa22a44b000-7fa22a44c000 r--p 00002000 00:33 8596472606                 /sfs/gpfs/tardis/applications/202512/software/standard/core/java/17/lib/libextnet.so
7fa22a44c000-7fa22a44d000 r--p 00002000 00:33 8596472606                 /sfs/gpfs/tardis/applications/202512/software/standard/core/java/17/lib/libextnet.so
7fa22a44d000-7fa22a44e000 rw-p 00003000 00:33 8596472606                 /sfs/gpfs/tardis/applications/202512/software/standard/core/java/17/lib/libextnet.so
7fa22a44e000-7fa22a454000 rw-p 00000000 00:00 0 
7fa22a454000-7fa22a45d000 ---p 00000000 00:00 0 
7fa22a45d000-7fa22a45e000 r--s 00000000 203:97233 14537680636769927169   /sfs/weka/scratch/wxw9rr/tmp/pitest-agent4979172990101562858.jar
7fa22a45e000-7fa22a466000 rw-s 00000000 00:2d 86264095                   /tmp/hsperfdata_wxw9rr/556043
7fa22a466000-7fa22a4b9000 r--p 00000000 00:29 42289927                   /usr/lib/locale/C.utf8/LC_CTYPE
7fa22a4b9000-7fa22a4ba000 r--p 00000000 00:29 42290264                   /usr/lib/locale/en_US.utf8/LC_NUMERIC
7fa22a4ba000-7fa22a4bb000 r--p 00000000 00:29 42290267                   /usr/lib/locale/en_US.utf8/LC_TIME
7fa22a4bb000-7fa22a4bc000 r--p 00000000 00:29 42290262                   /usr/lib/locale/en_US.utf8/LC_MONETARY
7fa22a4bc000-7fa22a4bd000 r--p 00000000 00:29 42290268                   /usr/lib/locale/en_US.utf8/LC_MESSAGES/SYS_LC_MESSAGES
7fa22a4bd000-7fa22a4be000 r--p 00000000 00:29 42290265                   /usr/lib/locale/en_US.utf8/LC_PAPER
7fa22a4be000-7fa22a4c5000 r--s 00000000 00:29 41660342                   /usr/lib64/gconv/gconv-modules.cache
7fa22a4c5000-7fa22a4d3000 r--p 00000000 00:33 8596472613                 /sfs/gpfs/tardis/applications/202512/software/standard/core/java/17/lib/libjava.so
7fa22a4d3000-7fa22a4e5000 r-xp 0000e000 00:33 8596472613                 /sfs/gpfs/tardis/applications/202512/software/standard/core/java/17/lib/libjava.so
7fa22a4e5000-7fa22a4eb000 r--p 00020000 00:33 8596472613                 /sfs/gpfs/tardis/applications/202512/software/standard/core/java/17/lib/libjava.so
7fa22a4eb000-7fa22a4ec000 ---p 00026000 00:33 8596472613                 /sfs/gpfs/tardis/applications/202512/software/standard/core/java/17/lib/libjava.so
7fa22a4ec000-7fa22a4ed000 r--p 00026000 00:33 8596472613                 /sfs/gpfs/tardis/applications/202512/software/standard/core/java/17/lib/libjava.so
7fa22a4ed000-7fa22a4ee000 rw-p 00027000 00:33 8596472613                 /sfs/gpfs/tardis/applications/202512/software/standard/core/java/17/lib/libjava.so
7fa22a4ee000-7fa22a4ef000 rw-p 00000000 00:00 0 
7fa22a4ef000-7fa22a4f3000 r--p 00000000 00:33 8596472617                 /sfs/gpfs/tardis/applications/202512/software/standard/core/java/17/lib/libjimage.so
7fa22a4f3000-7fa22a506000 r-xp 00004000 00:33 8596472617                 /sfs/gpfs/tardis/applications/202512/software/standard/core/java/17/lib/libjimage.so
7fa22a506000-7fa22a50c000 r--p 00017000 00:33 8596472617                 /sfs/gpfs/tardis/applications/202512/software/standard/core/java/17/lib/libjimage.so
7fa22a50c000-7fa22a50e000 r--p 0001c000 00:33 8596472617                 /sfs/gpfs/tardis/applications/202512/software/standard/core/java/17/lib/libjimage.so
7fa22a50e000-7fa22a50f000 rw-p 0001e000 00:33 8596472617                 /sfs/gpfs/tardis/applications/202512/software/standard/core/java/17/lib/libjimage.so
7fa22a50f000-7fa22a513000 ---p 00000000 00:00 0 
7fa22a513000-7fa22a612000 rw-p 00000000 00:00 0 
7fa22a612000-7fa22a613000 r--p 00000000 00:29 42290263                   /usr/lib/locale/en_US.utf8/LC_NAME
7fa22a613000-7fa22a614000 r--p 00000000 00:29 42290258                   /usr/lib/locale/en_US.utf8/LC_ADDRESS
7fa22a614000-7fa22a615000 r--p 00000000 00:29 42290266                   /usr/lib/locale/en_US.utf8/LC_TELEPHONE
7fa22a615000-7fa22a616000 r--p 00000000 00:29 42290261                   /usr/lib/locale/en_US.utf8/LC_MEASUREMENT
7fa22a616000-7fa22a617000 r--p 00000000 00:29 42290260                   /usr/lib/locale/en_US.utf8/LC_IDENTIFICATION
7fa22a617000-7fa22a619000 r--p 00000000 00:33 8596472608                 /sfs/gpfs/tardis/applications/202512/software/standard/core/java/17/lib/libinstrument.so
7fa22a619000-7fa22a61f000 r-xp 00002000 00:33 8596472608                 /sfs/gpfs/tardis/applications/202512/software/standard/core/java/17/lib/libinstrument.so
7fa22a61f000-7fa22a622000 r--p 00008000 00:33 8596472608                 /sfs/gpfs/tardis/applications/202512/software/standard/core/java/17/lib/libinstrument.so
7fa22a622000-7fa22a623000 r--p 0000a000 00:33 8596472608                 /sfs/gpfs/tardis/applications/202512/software/standard/core/java/17/lib/libinstrument.so
7fa22a623000-7fa22a624000 rw-p 0000b000 00:33 8596472608                 /sfs/gpfs/tardis/applications/202512/software/standard/core/java/17/lib/libinstrument.so
7fa22a624000-7fa22a625000 ---p 00000000 00:00 0 
7fa22a625000-7fa22a626000 r--p 00000000 00:00 0 
7fa22a626000-7fa22a627000 ---p 00000000 00:00 0 
7fa22a627000-7fa22a62a000 r--p 00000000 00:33 8596472618                 /sfs/gpfs/tardis/applications/202512/software/standard/core/java/17/lib/libjli.so
7fa22a62a000-7fa22a63a000 r-xp 00003000 00:33 8596472618                 /sfs/gpfs/tardis/applications/202512/software/standard/core/java/17/lib/libjli.so
7fa22a63a000-7fa22a641000 r--p 00013000 00:33 8596472618                 /sfs/gpfs/tardis/applications/202512/software/standard/core/java/17/lib/libjli.so
7fa22a641000-7fa22a642000 r--p 00019000 00:33 8596472618                 /sfs/gpfs/tardis/applications/202512/software/standard/core/java/17/lib/libjli.so
7fa22a642000-7fa22a643000 rw-p 0001a000 00:33 8596472618                 /sfs/gpfs/tardis/applications/202512/software/standard/core/java/17/lib/libjli.so
7fa22a643000-7fa22a645000 rw-p 00000000 00:00 0 
7fa22a645000-7fa22a646000 r--p 0002f000 00:29 41352045                   /usr/lib64/ld-2.28.so
7fa22a646000-7fa22a648000 rw-p 00030000 00:29 41352045                   /usr/lib64/ld-2.28.so
7ffedb445000-7ffedb46a000 rw-p 00000000 00:00 0                          [stack]
7ffedb496000-7ffedb49a000 r--p 00000000 00:00 0                          [vvar]
7ffedb49a000-7ffedb49c000 r-xp 00000000 00:00 0                          [vdso]
ffffffffff600000-ffffffffff601000 r-xp 00000000 00:00 0                  [vsyscall]


VM Arguments:
jvm_args: -Dclassworlds.conf=/apps/software/standard/core/maven/3.9.0/bin/m2.conf -Dmaven.home=/apps/software/standard/core/maven/3.9.0 -Dlibrary.jansi.path=/apps/software/standard/core/maven/3.9.0/lib/jansi-native -Dmaven.multiModuleProjectDirectory=/scratch/wxw9rr/artifact/RQ3/OE25-DEV/commons-beanutils-1.9.4 -Djava.io.tmpdir=/sfs/weka/scratch/wxw9rr/tmp -javaagent:/sfs/weka/scratch/wxw9rr/tmp/pitest-agent4979172990101562858.jar -ea -Djava.awt.headless=true -XX:+UseG1GC -Djava.io.tmpdir=/sfs/weka/scratch/wxw9rr/tmp 
java_command: org.pitest.mutationtest.execute.MutationTestMinion 34879
java_class_path (initial): /sfs/weka/scratch/wxw9rr/artifact/RQ3/OE25-DEV/commons-beanutils-1.9.4/target/test-classes:/sfs/weka/scratch/wxw9rr/artifact/RQ3/OE25-DEV/commons-beanutils-1.9.4/target/classes:/home/wxw9rr/.m2/repository/commons-logging/commons-logging/1.2/commons-logging-1.2.jar:/home/wxw9rr/.m2/repository/commons-collections/commons-collections/3.2.2/commons-collections-3.2.2.jar:/home/wxw9rr/.m2/repository/commons-collections/commons-collections-testframework/3.2.1/commons-collections-testframework-3.2.1.jar:/home/wxw9rr/.m2/repository/junit/junit/4.12/junit-4.12.jar:/home/wxw9rr/.m2/repository/org/hamcrest/hamcrest-core/1.3/hamcrest-core-1.3.jar:/home/wxw9rr/.m2/repository/org/pitest/pitest/1.22.0/pitest-1.22.0.jar
Launcher Type: SUN_STANDARD

[Global flags]
     intx CICompilerCount                          = 12                                        {product} {ergonomic}
     uint ConcGCThreads                            = 5                                         {product} {ergonomic}
     uint G1ConcRefinementThreads                  = 18                                        {product} {ergonomic}
   size_t G1HeapRegionSize                         = 16777216                                  {product} {ergonomic}
    uintx GCDrainStackTargetSize                   = 64                                        {product} {ergonomic}
   size_t InitialHeapSize                          = 2147483648                                {product} {ergonomic}
   size_t MarkStackSize                            = 4194304                                   {product} {ergonomic}
   size_t MaxHeapSize                              = 32178700288                               {product} {ergonomic}
   size_t MaxNewSize                               = 19293798400                               {product} {ergonomic}
   size_t MinHeapDeltaBytes                        = 16777216                                  {product} {ergonomic}
   size_t MinHeapSize                              = 16777216                                  {product} {ergonomic}
    uintx NonNMethodCodeHeapSize                   = 7602480                                {pd product} {ergonomic}
    uintx NonProfiledCodeHeapSize                  = 122027880                              {pd product} {ergonomic}
    uintx ProfiledCodeHeapSize                     = 122027880                              {pd product} {ergonomic}
    uintx ReservedCodeCacheSize                    = 251658240                              {pd product} {ergonomic}
     bool SegmentedCodeCache                       = true                                      {product} {ergonomic}
   size_t SoftMaxHeapSize                          = 32178700288                            {manageable} {ergonomic}
     bool UseCompressedClassPointers               = true                           {product lp64_product} {ergonomic}
     bool UseCompressedOops                        = true                           {product lp64_product} {ergonomic}
     bool UseG1GC                                  = true                                      {product} {command line}

Logging:
Log output configuration:
 #0: stdout all=warning uptime,level,tags
 #1: stderr all=off uptime,level,tags

Environment Variables:
JAVA_HOME=/apps/software/standard/core/java/17
_JAVA_OPTIONS=-Djava.io.tmpdir=/sfs/weka/scratch/wxw9rr/tmp
PATH=/apps/software/standard/core/java/17:/apps/software/standard/core/java/17/bin:/apps/software/standard/core/maven/3.9.0:/apps/software/standard/core/maven/3.9.0/bin:/home/wxw9rr/.local/bin:/opt/mam/9.1.2/bin:/sfs/gpfs/tardis/applications/202512/software/standard/core/code-server/4.99.1/lib/vscode/bin/remote-cli:/apps/software/standard/core/code-server/4.99.1/bin:/apps/software/standard/core/miniforge/24.3.0-py3.11:/apps/software/standard/core/miniforge/24.3.0-py3.11/sbin:/apps/software/standard/core/miniforge/24.3.0-py3.11/bin:/sfs/gpfs/tardis/home/wxw9rr/miniforge3/bin:/sfs/gpfs/tardis/home/wxw9rr/miniforge3/condabin:/usr/local/bin:/usr/bin:/usr/local/sbin:/usr/sbin:/opt/slurm/current/bin:/opt/rci/bin:/share/resources/HPCtools:/opt/mam/current/bin:/opt/apptainer/current/bin:/sfs/gpfs/tardis/home/wxw9rr/.local/bin
LD_LIBRARY_PATH=/apps/software/standard/core/java/17/lib:/apps/software/standard/core/maven/3.9.0/lib:/opt/slurm/current/lib
SHELL=/bin/bash
LANG=en_US.UTF-8
TERM=xterm-256color
TMPDIR=/sfs/weka/scratch/wxw9rr/tmp
TMP=/sfs/weka/scratch/wxw9rr/tmp
TEMP=/sfs/weka/scratch/wxw9rr/tmp

Active Locale:
LC_ALL=en_US.UTF-8
LC_COLLATE=en_US.UTF-8
LC_CTYPE=en_US.UTF-8
LC_MESSAGES=en_US.UTF-8
LC_MONETARY=en_US.UTF-8
LC_NUMERIC=en_US.UTF-8
LC_TIME=en_US.UTF-8

Signal Handlers:
   SIGSEGV: crash_handler in libjvm.so, mask=11100100010111111101111111111110, flags=SA_RESTART|SA_SIGINFO, unblocked
    SIGBUS: crash_handler in libjvm.so, mask=11100100010111111101111111111110, flags=SA_RESTART|SA_SIGINFO, unblocked
    SIGFPE: crash_handler in libjvm.so, mask=11100100010111111101111111111110, flags=SA_RESTART|SA_SIGINFO, unblocked
   SIGPIPE: javaSignalHandler in libjvm.so, mask=11100100010111111101111111111110, flags=SA_RESTART|SA_SIGINFO, unblocked
   SIGXFSZ: javaSignalHandler in libjvm.so, mask=11100100010111111101111111111110, flags=SA_RESTART|SA_SIGINFO, unblocked
    SIGILL: crash_handler in libjvm.so, mask=11100100010111111101111111111110, flags=SA_RESTART|SA_SIGINFO, unblocked
   SIGUSR2: SR_handler in libjvm.so, mask=00100000000000000000000000000000, flags=SA_RESTART|SA_SIGINFO, unblocked
    SIGHUP: UserHandler in libjvm.so, mask=11100100010111111101111111111110, flags=SA_RESTART|SA_SIGINFO, unblocked
    SIGINT: UserHandler in libjvm.so, mask=11100100010111111101111111111110, flags=SA_RESTART|SA_SIGINFO, unblocked
   SIGTERM: UserHandler in libjvm.so, mask=11100100010111111101111111111110, flags=SA_RESTART|SA_SIGINFO, unblocked
   SIGQUIT: UserHandler in libjvm.so, mask=11100100010111111101111111111110, flags=SA_RESTART|SA_SIGINFO, unblocked
   SIGTRAP: crash_handler in libjvm.so, mask=11100100010111111101111111111110, flags=SA_RESTART|SA_SIGINFO, unblocked


Periodic native trim disabled


---------------  S Y S T E M  ---------------

OS:
Rocky Linux release 8.10 (Green Obsidian)
uname: Linux 4.18.0-553.47.1.el8_10.x86_64 #1 SMP Thu Apr 3 14:27:08 UTC 2025 x86_64
OS uptime: 88 days 16:49 hours
libc: glibc 2.28 NPTL 2.28 
rlimit (soft/hard): STACK 8192k/infinity , CORE infinity/infinity , NPROC 3094208/3094208 , NOFILE 65536/65536 , AS infinity/infinity , CPU infinity/infinity , DATA infinity/infinity , FSIZE infinity/infinity , MEMLOCK infinity/infinity
load average: 120.31 93.23 58.66

/proc/meminfo:
MemTotal:       792160700 kB
MemFree:        124581992 kB
MemAvailable:   361325328 kB
Buffers:           28000 kB
Cached:         257871968 kB
SwapCached:            0 kB
Active:         93189240 kB
Inactive:       533442292 kB
Active(anon):    9671520 kB
Inactive(anon): 379192092 kB
Active(file):   83517720 kB
Inactive(file): 154250200 kB
Unevictable:    16958460 kB
Mlocked:        16958460 kB
SwapTotal:             0 kB
SwapFree:              0 kB
Dirty:               140 kB
Writeback:             0 kB
AnonPages:      385551976 kB
Mapped:          3394592 kB
Shmem:          19767028 kB
KReclaimable:    4078732 kB
Slab:            6599980 kB
SReclaimable:    4078732 kB
SUnreclaim:      2521248 kB
KernelStack:      107360 kB
PageTables:      1025708 kB
NFS_Unstable:          0 kB
Bounce:                0 kB
WritebackTmp:          0 kB
CommitLimit:    772820100 kB
Committed_AS:   770640604 kB
VmallocTotal:   13743895347199 kB
VmallocUsed:     2470488 kB
VmallocChunk:          0 kB
Percpu:           909312 kB
HardwareCorrupted:     0 kB
AnonHugePages:  127739904 kB
ShmemHugePages:        0 kB
ShmemPmdMapped:        0 kB
FileHugePages:         0 kB
FilePmdMapped:         0 kB
HugePages_Total:    5632
HugePages_Free:        0
HugePages_Rsvd:        0
HugePages_Surp:        0
Hugepagesize:       2048 kB
Hugetlb:        11534336 kB
DirectMap4k:     1240012 kB
DirectMap2M:    201951232 kB
DirectMap1G:    602931200 kB

/sys/kernel/mm/transparent_hugepage/enabled: [always] madvise never
/sys/kernel/mm/transparent_hugepage/hpage_pmd_size: 2097152
/sys/kernel/mm/transparent_hugepage/defrag (defrag/compaction efforts parameter): always defer defer+madvise [madvise] never

Process Memory:
Virtual Size: 26841416K (peak: 37339900K)
Resident Set Size: 3387820K (peak: 3387820K) (anon: 3369472K, file: 18316K, shmem: 32K)
Swapped out: 0K
C-Heap outstanding allocations: 52986K, retained: 111645K
glibc malloc tunables: (default)

/proc/sys/kernel/threads-max (system-wide limit on the number of threads): 6188417
/proc/sys/vm/max_map_count (maximum number of memory map areas a process may have): 65530
/proc/sys/vm/swappiness (control to define how aggressively the kernel swaps out anonymous memory): 10
/proc/sys/kernel/pid_max (system-wide limit on number of process identifiers): 999999

container (cgroup) information:
container_type: cgroupv1
cpu_cpuset_cpus: 0-23
cpu_memory_nodes: 0-1
active_processor_count: 24
cpu_quota: no quota
cpu_period: 100000
cpu_shares: no shares
memory_limit_in_bytes: 536870912 k
memory_and_swap_limit_in_bytes: 536870912 k
memory_soft_limit_in_bytes: unlimited
memory_usage_in_bytes: 365760556 k
memory_max_usage_in_bytes: 441547720 k
kernel_memory_limit_in_bytes: unlimited
kernel_memory_usage_in_bytes: 2476868 k
kernel_memory_max_usage_in_bytes: 2535124 k
maximum number of tasks: unlimited
current number of tasks: 3767

Steal ticks since vm start: 0
Steal ticks percentage since vm start:  0.000

CPU: total 96 (initial active 24) (48 cores per cpu, 1 threads per core) family 25 model 17 stepping 1 microcode 0xa10113b, cx8, cmov, fxsr, mmx, 3dnowpref, sse, sse2, sse3, ssse3, sse4a, sse4.1, sse4.2, popcnt, lzcnt, tsc, tscinvbit, avx, avx2, aes, erms, clmul, bmi1, bmi2, adx, avx512f, avx512dq, avx512cd, avx512bw, avx512vl, sha, fma, vzeroupper, avx512_vpopcntdq, avx512_vpclmulqdq, avx512_vaes, avx512_vnni, clflush, clflushopt, avx512_vbmi2, avx512_vbmi
CPU Model and flags from /proc/cpuinfo:
model name	: AMD EPYC 9454 48-Core Processor
flags		: fpu vme de pse tsc msr pae mce cx8 apic sep mtrr pge mca cmov pat pse36 clflush mmx fxsr sse sse2 ht syscall nx mmxext fxsr_opt pdpe1gb rdtscp lm constant_tsc rep_good amd_lbr_v2 nopl nonstop_tsc cpuid extd_apicid aperfmperf pni pclmulqdq monitor ssse3 fma cx16 pcid sse4_1 sse4_2 x2apic movbe popcnt aes xsave avx f16c rdrand lahf_lm cmp_legacy svm extapic cr8_legacy abm sse4a misalignsse 3dnowprefetch osvw ibs skinit wdt tce topoext perfctr_core perfctr_nb bpext perfctr_llc mwaitx cpb cat_l3 cdp_l3 invpcid_single hw_pstate ssbd mba perfmon_v2 ibrs ibpb stibp ibrs_enhanced vmmcall fsgsbase bmi1 avx2 smep bmi2 erms invpcid cqm rdt_a avx512f avx512dq rdseed adx smap avx512ifma clflushopt clwb avx512cd sha_ni avx512bw avx512vl xsaveopt xsavec xgetbv1 xsaves cqm_llc cqm_occup_llc cqm_mbm_total cqm_mbm_local avx512_bf16 clzero irperf xsaveerptr wbnoinvd amd_ppin cppc arat npt lbrv svm_lock nrip_save tsc_scale vmcb_clean flushbyasid decodeassists pausefilter pfthreshold avic v_vmsave_vmload vgif x2avic v_spec_ctrl avx512vbmi umip pku ospke avx512_vbmi2 gfni vaes vpclmulqdq avx512_vnni avx512_bitalg avx512_vpopcntdq la57 rdpid overflow_recov succor smca fsrm flush_l1d

Online cpus: 0-95
Offline cpus: 96-511
BIOS frequency limitation: 2750000
Frequency switch latency (ns): 0
Available cpu frequencies: 2750000 2100000 1500000 
Current governor: performance
Core performance/turbo boost: 1

Memory: 4k page, physical 536870912k(171129476k free), swap 0k(0k free)
Page Sizes: 4k

vm_info: OpenJDK 64-Bit Server VM (17.0.15+6) for linux-amd64 JRE (17.0.15+6), built on Apr 15 2025 00:00:00 by "admin" with gcc 10.3.0

END.
