began at: 2026-01-12 01:07:41
Picked up _JAVA_OPTIONS: -Djava.io.tmpdir=/sfs/weka/scratch/wxw9rr/tmp
[INFO] Scanning for projects...
[WARNING] 
[WARNING] Some problems were encountered while building the effective model for org.apache.commons:commons-geometry-core:jar:1.0
[WARNING] 'build.plugins.plugin.(groupId:artifactId)' must be unique but found duplicate declaration of plugin org.apache.maven.plugins:maven-surefire-plugin @ org.apache.commons:commons-geometry-parent:1.0, /sfs/weka/scratch/wxw9rr/artifact/RQ3/OE25-DEV/commons-geometry-1.0-src/pom.xml, line 232, column 15
[WARNING] 
[WARNING] Some problems were encountered while building the effective model for org.apache.commons:commons-geometry-parent:pom:1.0
[WARNING] 'build.plugins.plugin.(groupId:artifactId)' must be unique but found duplicate declaration of plugin org.apache.maven.plugins:maven-surefire-plugin @ line 232, column 15
[WARNING] 
[WARNING] It is highly recommended to fix these problems because they threaten the stability of your build.
[WARNING] 
[WARNING] For this reason, future Maven versions might no longer support building such malformed projects.
[WARNING] 
[INFO] ------------------------------------------------------------------------
[INFO] Reactor Build Order:
[INFO] 
[INFO] Apache Commons Geometry                                            [pom]
[INFO] Apache Commons Geometry Core                                       [jar]
[INFO] Apache Commons Geometry Euclidean                                  [jar]
[INFO] Apache Commons Geometry Spherical                                  [jar]
[INFO] Apache Commons Geometry IO Core                                    [jar]
[INFO] Apache Commons Geometry IO Euclidean                               [jar]
[INFO] 
[INFO] -------------< org.apache.commons:commons-geometry-parent >-------------
[INFO] Building Apache Commons Geometry 1.0                               [1/6]
[INFO]   from pom.xml
[INFO] --------------------------------[ pom ]---------------------------------
[INFO] 
[INFO] --- clean:3.1.0:clean (default-clean) @ commons-geometry-parent ---
[INFO] 
[INFO] --- enforcer:3.0.0-M3:enforce (enforce-maven-version) @ commons-geometry-parent ---
[INFO] 
[INFO] --- enforcer:3.0.0-M3:enforce (enforce-maven-3) @ commons-geometry-parent ---
[INFO] 
[INFO] --- apache-rat:0.13:check (rat-check) @ commons-geometry-parent ---
[INFO] RAT will not execute since it is configured to be skipped via system property 'rat.skip'.
[INFO] 
[INFO] --- build-helper:3.2.0:parse-version (parse-version) @ commons-geometry-parent ---
[INFO] 
[INFO] --- antrun:1.8:run (javadoc.resources) @ commons-geometry-parent ---
[INFO] Executing tasks

main:
     [copy] Copying 2 files to /sfs/weka/scratch/wxw9rr/artifact/RQ3/OE25-DEV/commons-geometry-1.0-src/target/apidocs/META-INF
[INFO] Executed tasks
[INFO] 
[INFO] --- remote-resources:1.7.0:process (process-resource-bundles) @ commons-geometry-parent ---
[INFO] Skipping remote resources execution.
[INFO] 
[INFO] --- buildnumber:1.4:create (default) @ commons-geometry-parent ---
[INFO] Executing: /bin/sh -c cd '/sfs/weka/scratch/wxw9rr/artifact/RQ3/OE25-DEV/commons-geometry-1.0-src' && 'git' 'rev-parse' '--verify' 'HEAD'
[INFO] Working directory: /sfs/weka/scratch/wxw9rr/artifact/RQ3/OE25-DEV/commons-geometry-1.0-src
[INFO] Storing buildNumber: 77d944d491f2532ea8dc274ce81490a072a96fd9 at timestamp: 1768198066240
[INFO] Storing buildScmBranch: main
[INFO] 
[INFO] --- bundle:5.1.1:manifest (bundle-manifest) @ commons-geometry-parent ---
[WARNING] Ignoring project type pom - supportedProjectTypes = [jar, bundle]
[INFO] 
[INFO] --- animal-sniffer:1.19:check (checkAPIcompatibility) @ commons-geometry-parent ---
[INFO] Checking unresolved references to org.codehaus.mojo.signature:java18:1.0
[INFO] 
[INFO] --------------< org.apache.commons:commons-geometry-core >--------------
[INFO] Building Apache Commons Geometry Core 1.0                          [2/6]
[INFO]   from commons-geometry-core/pom.xml
[INFO] --------------------------------[ jar ]---------------------------------
[INFO] 
[INFO] --- clean:3.1.0:clean (default-clean) @ commons-geometry-core ---
[INFO] Deleting /sfs/weka/scratch/wxw9rr/artifact/RQ3/OE25-DEV/commons-geometry-1.0-src/commons-geometry-core/target
[INFO] 
[INFO] --- enforcer:3.0.0-M3:enforce (enforce-maven-version) @ commons-geometry-core ---
[INFO] 
[INFO] --- enforcer:3.0.0-M3:enforce (enforce-maven-3) @ commons-geometry-core ---
[INFO] 
[INFO] --- apache-rat:0.13:check (rat-check) @ commons-geometry-core ---
[INFO] RAT will not execute since it is configured to be skipped via system property 'rat.skip'.
[INFO] 
[INFO] --- build-helper:3.2.0:parse-version (parse-version) @ commons-geometry-core ---
[INFO] 
[INFO] --- antrun:1.8:run (javadoc.resources) @ commons-geometry-core ---
[INFO] Executing tasks

main:
     [copy] Copying 2 files to /sfs/weka/scratch/wxw9rr/artifact/RQ3/OE25-DEV/commons-geometry-1.0-src/commons-geometry-core/target/apidocs/META-INF
[INFO] Executed tasks
[INFO] 
[INFO] --- remote-resources:1.7.0:process (process-resource-bundles) @ commons-geometry-core ---
[INFO] Skipping remote resources execution.
[INFO] 
[INFO] --- buildnumber:1.4:create (default) @ commons-geometry-core ---
[INFO] Executing: /bin/sh -c cd '/sfs/weka/scratch/wxw9rr/artifact/RQ3/OE25-DEV/commons-geometry-1.0-src/commons-geometry-core' && 'git' 'rev-parse' '--verify' 'HEAD'
[INFO] Working directory: /sfs/weka/scratch/wxw9rr/artifact/RQ3/OE25-DEV/commons-geometry-1.0-src/commons-geometry-core
[INFO] Storing buildNumber: 77d944d491f2532ea8dc274ce81490a072a96fd9 at timestamp: 1768198068488
[INFO] Storing buildScmBranch: main
[INFO] 
[INFO] --- resources:3.1.0:resources (default-resources) @ commons-geometry-core ---
[INFO] Using 'UTF-8' encoding to copy filtered resources.
[INFO] skip non existing resourceDirectory /sfs/weka/scratch/wxw9rr/artifact/RQ3/OE25-DEV/commons-geometry-1.0-src/commons-geometry-core/src/main/resources
[INFO] Copying 2 resources to META-INF
[INFO] 
[INFO] --- compiler:3.8.1:compile (default-compile) @ commons-geometry-core ---
[INFO] Changes detected - recompiling the module!
[INFO] Compiling 43 source files to /sfs/weka/scratch/wxw9rr/artifact/RQ3/OE25-DEV/commons-geometry-1.0-src/commons-geometry-core/target/classes
[INFO] 
[INFO] --- bundle:5.1.1:manifest (bundle-manifest) @ commons-geometry-core ---
[INFO] 
[INFO] --- resources:3.1.0:testResources (default-testResources) @ commons-geometry-core ---
[INFO] Using 'UTF-8' encoding to copy filtered resources.
[INFO] skip non existing resourceDirectory /sfs/weka/scratch/wxw9rr/artifact/RQ3/OE25-DEV/commons-geometry-1.0-src/commons-geometry-core/src/test/resources
[INFO] Copying 2 resources to META-INF
[INFO] 
[INFO] --- compiler:3.8.1:testCompile (default-testCompile) @ commons-geometry-core ---
[INFO] Changes detected - recompiling the module!
[INFO] Compiling 29 source files to /sfs/weka/scratch/wxw9rr/artifact/RQ3/OE25-DEV/commons-geometry-1.0-src/commons-geometry-core/target/test-classes
[INFO] 
[INFO] --- animal-sniffer:1.19:check (checkAPIcompatibility) @ commons-geometry-core ---
[INFO] Checking unresolved references to org.codehaus.mojo.signature:java18:1.0
[INFO] 
[INFO] --- jacoco:0.8.5:prepare-agent (prepare-agent) @ commons-geometry-core ---
[INFO] argLine set to -javaagent:/home/wxw9rr/.m2/repository/org/jacoco/org.jacoco.agent/0.8.5/org.jacoco.agent-0.8.5-runtime.jar=destfile=/sfs/weka/scratch/wxw9rr/artifact/RQ3/OE25-DEV/commons-geometry-1.0-src/commons-geometry-core/target/jacoco.exec
[INFO] 
[INFO] --- surefire:3.0.0-M7:test (default-test) @ commons-geometry-core ---
[INFO] Using auto detected provider org.apache.maven.surefire.junitplatform.JUnitPlatformProvider
[INFO] 
[INFO] -------------------------------------------------------
[INFO]  T E S T S
[INFO] -------------------------------------------------------
Picked up _JAVA_OPTIONS: -Djava.io.tmpdir=/sfs/weka/scratch/wxw9rr/tmp
[INFO] Running org.apache.commons.geometry.core.EmbeddingTest
[INFO] Tests run: 4, Failures: 0, Errors: 0, Skipped: 0, Time elapsed: 0.073 s - in org.apache.commons.geometry.core.EmbeddingTest
[INFO] Running org.apache.commons.geometry.core.SizedTest
[INFO] Tests run: 1, Failures: 0, Errors: 0, Skipped: 0, Time elapsed: 0.002 s - in org.apache.commons.geometry.core.SizedTest
[INFO] Running org.apache.commons.geometry.core.internal.GeometryInternalErrorTest
[INFO] Tests run: 1, Failures: 0, Errors: 0, Skipped: 0, Time elapsed: 0.001 s - in org.apache.commons.geometry.core.internal.GeometryInternalErrorTest
[INFO] Running org.apache.commons.geometry.core.internal.HyperplaneSubsetsTest
[INFO] Tests run: 2, Failures: 0, Errors: 0, Skipped: 0, Time elapsed: 0.007 s - in org.apache.commons.geometry.core.internal.HyperplaneSubsetsTest
[INFO] Running org.apache.commons.geometry.core.internal.SimpleTupleFormatTest
[INFO] Tests run: 23, Failures: 0, Errors: 0, Skipped: 0, Time elapsed: 0.029 s - in org.apache.commons.geometry.core.internal.SimpleTupleFormatTest
[INFO] Running org.apache.commons.geometry.core.internal.IteratorTransformTest
[INFO] Tests run: 2, Failures: 0, Errors: 0, Skipped: 0, Time elapsed: 0.01 s - in org.apache.commons.geometry.core.internal.IteratorTransformTest
[INFO] Running org.apache.commons.geometry.core.partitioning.AbstractConvexHyperplaneBoundedRegionTest
[INFO] Tests run: 28, Failures: 0, Errors: 0, Skipped: 0, Time elapsed: 0.024 s - in org.apache.commons.geometry.core.partitioning.AbstractConvexHyperplaneBoundedRegionTest
[INFO] Running org.apache.commons.geometry.core.partitioning.BoundaryListTest
[INFO] Tests run: 4, Failures: 0, Errors: 0, Skipped: 0, Time elapsed: 0.012 s - in org.apache.commons.geometry.core.partitioning.BoundaryListTest
[INFO] Running org.apache.commons.geometry.core.partitioning.AbstractHyperplaneTest
[INFO] Tests run: 3, Failures: 0, Errors: 0, Skipped: 0, Time elapsed: 0.001 s - in org.apache.commons.geometry.core.partitioning.AbstractHyperplaneTest
[INFO] Running org.apache.commons.geometry.core.partitioning.bsp.AbstractRegionBSPTreeBooleanTest
[INFO] Tests run: 17, Failures: 0, Errors: 0, Skipped: 0, Time elapsed: 0.033 s - in org.apache.commons.geometry.core.partitioning.bsp.AbstractRegionBSPTreeBooleanTest
[INFO] Running org.apache.commons.geometry.core.partitioning.bsp.AbstractBSPTreeTest
[INFO] Tests run: 70, Failures: 0, Errors: 0, Skipped: 0, Time elapsed: 0.042 s - in org.apache.commons.geometry.core.partitioning.bsp.AbstractBSPTreeTest
[INFO] Running org.apache.commons.geometry.core.partitioning.bsp.AbstractPartitionedRegionBuilderTest
[INFO] Tests run: 14, Failures: 0, Errors: 0, Skipped: 0, Time elapsed: 0.017 s - in org.apache.commons.geometry.core.partitioning.bsp.AbstractPartitionedRegionBuilderTest
[INFO] Running org.apache.commons.geometry.core.partitioning.bsp.BSPTreeVisitorTest
[INFO] Tests run: 3, Failures: 0, Errors: 0, Skipped: 0, Time elapsed: 0.001 s - in org.apache.commons.geometry.core.partitioning.bsp.BSPTreeVisitorTest
[INFO] Running org.apache.commons.geometry.core.partitioning.bsp.RegionCutBoundaryTest
[INFO] Tests run: 11, Failures: 0, Errors: 0, Skipped: 0, Time elapsed: 0.012 s - in org.apache.commons.geometry.core.partitioning.bsp.RegionCutBoundaryTest
[INFO] Running org.apache.commons.geometry.core.partitioning.bsp.AbstractBSPTreeMergeOperatorTest
[INFO] Tests run: 12, Failures: 0, Errors: 0, Skipped: 0, Time elapsed: 0.012 s - in org.apache.commons.geometry.core.partitioning.bsp.AbstractBSPTreeMergeOperatorTest
[INFO] Running org.apache.commons.geometry.core.partitioning.bsp.AbstractRegionBSPTreeTest
[INFO] Tests run: 78, Failures: 0, Errors: 0, Skipped: 0, Time elapsed: 0.025 s - in org.apache.commons.geometry.core.partitioning.bsp.AbstractRegionBSPTreeTest
[INFO] Running org.apache.commons.geometry.core.partitioning.SplitTest
[INFO] Tests run: 3, Failures: 0, Errors: 0, Skipped: 0, Time elapsed: 0.001 s - in org.apache.commons.geometry.core.partitioning.SplitTest
[INFO] 
[INFO] Results:
[INFO] 
[INFO] Tests run: 276, Failures: 0, Errors: 0, Skipped: 0
[INFO] 
[INFO] 
[INFO] -----------< org.apache.commons:commons-geometry-euclidean >------------
[INFO] Building Apache Commons Geometry Euclidean 1.0                     [3/6]
[INFO]   from commons-geometry-euclidean/pom.xml
[INFO] --------------------------------[ jar ]---------------------------------
[INFO] 
[INFO] --- clean:3.1.0:clean (default-clean) @ commons-geometry-euclidean ---
[INFO] Deleting /sfs/weka/scratch/wxw9rr/artifact/RQ3/OE25-DEV/commons-geometry-1.0-src/commons-geometry-euclidean/target
[INFO] 
[INFO] --- enforcer:3.0.0-M3:enforce (enforce-maven-version) @ commons-geometry-euclidean ---
[INFO] 
[INFO] --- enforcer:3.0.0-M3:enforce (enforce-maven-3) @ commons-geometry-euclidean ---
[INFO] 
[INFO] --- apache-rat:0.13:check (rat-check) @ commons-geometry-euclidean ---
[INFO] RAT will not execute since it is configured to be skipped via system property 'rat.skip'.
[INFO] 
[INFO] --- build-helper:3.2.0:parse-version (parse-version) @ commons-geometry-euclidean ---
[INFO] 
[INFO] --- antrun:1.8:run (javadoc.resources) @ commons-geometry-euclidean ---
[INFO] Executing tasks

main:
     [copy] Copying 2 files to /sfs/weka/scratch/wxw9rr/artifact/RQ3/OE25-DEV/commons-geometry-1.0-src/commons-geometry-euclidean/target/apidocs/META-INF
[INFO] Executed tasks
[INFO] 
[INFO] --- remote-resources:1.7.0:process (process-resource-bundles) @ commons-geometry-euclidean ---
[INFO] Skipping remote resources execution.
[INFO] 
[INFO] --- buildnumber:1.4:create (default) @ commons-geometry-euclidean ---
[INFO] Executing: /bin/sh -c cd '/sfs/weka/scratch/wxw9rr/artifact/RQ3/OE25-DEV/commons-geometry-1.0-src/commons-geometry-euclidean' && 'git' 'rev-parse' '--verify' 'HEAD'
[INFO] Working directory: /sfs/weka/scratch/wxw9rr/artifact/RQ3/OE25-DEV/commons-geometry-1.0-src/commons-geometry-euclidean
[INFO] Storing buildNumber: 77d944d491f2532ea8dc274ce81490a072a96fd9 at timestamp: 1768198082794
[INFO] Storing buildScmBranch: main
[INFO] 
[INFO] --- resources:3.1.0:resources (default-resources) @ commons-geometry-euclidean ---
[INFO] Using 'UTF-8' encoding to copy filtered resources.
[INFO] skip non existing resourceDirectory /sfs/weka/scratch/wxw9rr/artifact/RQ3/OE25-DEV/commons-geometry-1.0-src/commons-geometry-euclidean/src/main/resources
[INFO] Copying 2 resources to META-INF
[INFO] 
[INFO] --- compiler:3.8.1:compile (default-compile) @ commons-geometry-euclidean ---
[INFO] Changes detected - recompiling the module!
[INFO] Compiling 103 source files to /sfs/weka/scratch/wxw9rr/artifact/RQ3/OE25-DEV/commons-geometry-1.0-src/commons-geometry-euclidean/target/classes
[INFO] 
[INFO] --- bundle:5.1.1:manifest (bundle-manifest) @ commons-geometry-euclidean ---
[INFO] 
[INFO] --- resources:3.1.0:testResources (default-testResources) @ commons-geometry-euclidean ---
[INFO] Using 'UTF-8' encoding to copy filtered resources.
[INFO] skip non existing resourceDirectory /sfs/weka/scratch/wxw9rr/artifact/RQ3/OE25-DEV/commons-geometry-1.0-src/commons-geometry-euclidean/src/test/resources
[INFO] Copying 2 resources to META-INF
[INFO] 
[INFO] --- compiler:3.8.1:testCompile (default-testCompile) @ commons-geometry-euclidean ---
[INFO] Changes detected - recompiling the module!
[INFO] Compiling 69 source files to /sfs/weka/scratch/wxw9rr/artifact/RQ3/OE25-DEV/commons-geometry-1.0-src/commons-geometry-euclidean/target/test-classes
[INFO] 
[INFO] --- animal-sniffer:1.19:check (checkAPIcompatibility) @ commons-geometry-euclidean ---
[INFO] Checking unresolved references to org.codehaus.mojo.signature:java18:1.0
[INFO] 
[INFO] --- jacoco:0.8.5:prepare-agent (prepare-agent) @ commons-geometry-euclidean ---
[INFO] argLine set to -javaagent:/home/wxw9rr/.m2/repository/org/jacoco/org.jacoco.agent/0.8.5/org.jacoco.agent-0.8.5-runtime.jar=destfile=/sfs/weka/scratch/wxw9rr/artifact/RQ3/OE25-DEV/commons-geometry-1.0-src/commons-geometry-euclidean/target/jacoco.exec
[INFO] 
[INFO] --- surefire:3.0.0-M7:test (default-test) @ commons-geometry-euclidean ---
[INFO] Using auto detected provider org.apache.maven.surefire.junitplatform.JUnitPlatformProvider
[INFO] 
[INFO] -------------------------------------------------------
[INFO]  T E S T S
[INFO] -------------------------------------------------------
Picked up _JAVA_OPTIONS: -Djava.io.tmpdir=/sfs/weka/scratch/wxw9rr/tmp
[INFO] Running org.apache.commons.geometry.euclidean.twod.shape.ParallelogramTest
[INFO] Tests run: 12, Failures: 0, Errors: 0, Skipped: 0, Time elapsed: 0.453 s - in org.apache.commons.geometry.euclidean.twod.shape.ParallelogramTest
[INFO] Running org.apache.commons.geometry.euclidean.twod.shape.CircleTest
java.lang.instrument.IllegalClassFormatException: Error while instrumenting sun/util/resources/cldr/provider/CLDRLocaleDataMetaInfo.
	at org.jacoco.agent.rt.internal_43f5073.CoverageTransformer.transform(CoverageTransformer.java:94)
	at java.instrument/java.lang.instrument.ClassFileTransformer.transform(ClassFileTransformer.java:244)
	at java.instrument/sun.instrument.TransformerManager.transform(TransformerManager.java:188)
	at java.instrument/sun.instrument.InstrumentationImpl.transform(InstrumentationImpl.java:541)
	at java.base/java.lang.ClassLoader.defineClass2(Native Method)
	at java.base/java.lang.ClassLoader.defineClass(ClassLoader.java:1108)
	at java.base/java.security.SecureClassLoader.defineClass(SecureClassLoader.java:182)
	at java.base/jdk.internal.loader.BuiltinClassLoader.defineClass(BuiltinClassLoader.java:821)
	at java.base/jdk.internal.loader.BuiltinClassLoader.findClassInModuleOrNull(BuiltinClassLoader.java:741)
	at java.base/jdk.internal.loader.BuiltinClassLoader.findClass(BuiltinClassLoader.java:621)
	at java.base/java.lang.ClassLoader.loadClass(ClassLoader.java:637)
	at java.base/java.lang.Class.forName(Class.java:545)
	at java.base/java.util.ServiceLoader.loadProvider(ServiceLoader.java:859)
	at java.base/java.util.ServiceLoader$ModuleServicesLookupIterator.hasNext(ServiceLoader.java:1084)
	at java.base/java.util.ServiceLoader$2.hasNext(ServiceLoader.java:1309)
	at java.base/java.util.ServiceLoader$3.hasNext(ServiceLoader.java:1393)
	at java.base/sun.util.cldr.CLDRLocaleProviderAdapter.lambda$new$0(CLDRLocaleProviderAdapter.java:86)
	at java.base/java.security.AccessController.doPrivileged(AccessController.java:569)
	at java.base/sun.util.cldr.CLDRLocaleProviderAdapter.<init>(CLDRLocaleProviderAdapter.java:85)
	at java.base/jdk.internal.reflect.NativeConstructorAccessorImpl.newInstance0(Native Method)
	at java.base/jdk.internal.reflect.NativeConstructorAccessorImpl.newInstance(NativeConstructorAccessorImpl.java:77)
	at java.base/jdk.internal.reflect.DelegatingConstructorAccessorImpl.newInstance(DelegatingConstructorAccessorImpl.java:45)
	at java.base/java.lang.reflect.Constructor.newInstanceWithCaller(Constructor.java:500)
	at java.base/java.lang.reflect.Constructor.newInstance(Constructor.java:481)
	at java.base/sun.util.locale.provider.LocaleProviderAdapter.forType(LocaleProviderAdapter.java:188)
	at java.base/sun.util.locale.provider.LocaleProviderAdapter.findAdapter(LocaleProviderAdapter.java:287)
	at java.base/sun.util.locale.provider.LocaleProviderAdapter.getAdapter(LocaleProviderAdapter.java:258)
	at java.base/java.text.NumberFormat.getInstance(NumberFormat.java:960)
	at java.base/java.text.NumberFormat.getInstance(NumberFormat.java:491)
	at java.base/java.text.MessageFormat.subformat(MessageFormat.java:1302)
	at java.base/java.text.MessageFormat.format(MessageFormat.java:887)
	at java.base/java.text.Format.format(Format.java:159)
	at java.base/java.text.MessageFormat.format(MessageFormat.java:862)
	at org.apache.commons.geometry.euclidean.twod.shape.Circle$CircleApproximationBuilder.<init>(Circle.java:190)
	at org.apache.commons.geometry.euclidean.twod.shape.Circle.toTree(Circle.java:88)
	at org.apache.commons.geometry.euclidean.twod.shape.CircleTest.lambda$testToTree_invalidSegmentCount$9(CircleTest.java:377)
	at org.junit.jupiter.api.AssertThrows.assertThrows(AssertThrows.java:55)
	at org.junit.jupiter.api.AssertThrows.assertThrows(AssertThrows.java:37)
	at org.junit.jupiter.api.Assertions.assertThrows(Assertions.java:3008)
	at org.apache.commons.geometry.core.GeometryTestUtils.assertThrowsWithMessage(GeometryTestUtils.java:56)
	at org.apache.commons.geometry.euclidean.twod.shape.CircleTest.testToTree_invalidSegmentCount(CircleTest.java:376)
	at java.base/jdk.internal.reflect.NativeMethodAccessorImpl.invoke0(Native Method)
	at java.base/jdk.internal.reflect.NativeMethodAccessorImpl.invoke(NativeMethodAccessorImpl.java:77)
	at java.base/jdk.internal.reflect.DelegatingMethodAccessorImpl.invoke(DelegatingMethodAccessorImpl.java:43)
	at java.base/java.lang.reflect.Method.invoke(Method.java:569)
	at org.junit.platform.commons.util.ReflectionUtils.invokeMethod(ReflectionUtils.java:688)
	at org.junit.jupiter.engine.execution.MethodInvocation.proceed(MethodInvocation.java:60)
	at org.junit.jupiter.engine.execution.InvocationInterceptorChain$ValidatingInvocation.proceed(InvocationInterceptorChain.java:131)
	at org.junit.jupiter.engine.extension.TimeoutExtension.intercept(TimeoutExtension.java:149)
	at org.junit.jupiter.engine.extension.TimeoutExtension.interceptTestableMethod(TimeoutExtension.java:140)
	at org.junit.jupiter.engine.extension.TimeoutExtension.interceptTestMethod(TimeoutExtension.java:84)
	at org.junit.jupiter.engine.execution.ExecutableInvoker$ReflectiveInterceptorCall.lambda$ofVoidMethod$0(ExecutableInvoker.java:115)
	at org.junit.jupiter.engine.execution.ExecutableInvoker.lambda$invoke$0(ExecutableInvoker.java:105)
	at org.junit.jupiter.engine.execution.InvocationInterceptorChain$InterceptedInvocation.proceed(InvocationInterceptorChain.java:106)
	at org.junit.jupiter.engine.execution.InvocationInterceptorChain.proceed(InvocationInterceptorChain.java:64)
	at org.junit.jupiter.engine.execution.InvocationInterceptorChain.chainAndInvoke(InvocationInterceptorChain.java:45)
	at org.junit.jupiter.engine.execution.InvocationInterceptorChain.invoke(InvocationInterceptorChain.java:37)
	at org.junit.jupiter.engine.execution.ExecutableInvoker.invoke(ExecutableInvoker.java:104)
	at org.junit.jupiter.engine.execution.ExecutableInvoker.invoke(ExecutableInvoker.java:98)
	at org.junit.jupiter.engine.descriptor.TestMethodTestDescriptor.lambda$invokeTestMethod$6(TestMethodTestDescriptor.java:210)
	at org.junit.platform.engine.support.hierarchical.ThrowableCollector.execute(ThrowableCollector.java:73)
	at org.junit.jupiter.engine.descriptor.TestMethodTestDescriptor.invokeTestMethod(TestMethodTestDescriptor.java:206)
	at org.junit.jupiter.engine.descriptor.TestMethodTestDescriptor.execute(TestMethodTestDescriptor.java:131)
	at org.junit.jupiter.engine.descriptor.TestMethodTestDescriptor.execute(TestMethodTestDescriptor.java:65)
	at org.junit.platform.engine.support.hierarchical.NodeTestTask.lambda$executeRecursively$6(NodeTestTask.java:151)
	at org.junit.platform.engine.support.hierarchical.ThrowableCollector.execute(ThrowableCollector.java:73)
	at org.junit.platform.engine.support.hierarchical.NodeTestTask.lambda$executeRecursively$8(NodeTestTask.java:141)
	at org.junit.platform.engine.support.hierarchical.Node.around(Node.java:137)
	at org.junit.platform.engine.support.hierarchical.NodeTestTask.lambda$executeRecursively$9(NodeTestTask.java:139)
	at org.junit.platform.engine.support.hierarchical.ThrowableCollector.execute(ThrowableCollector.java:73)
	at org.junit.platform.engine.support.hierarchical.NodeTestTask.executeRecursively(NodeTestTask.java:138)
	at org.junit.platform.engine.support.hierarchical.NodeTestTask.execute(NodeTestTask.java:95)
	at java.base/java.util.ArrayList.forEach(ArrayList.java:1511)
	at org.junit.platform.engine.support.hierarchical.SameThreadHierarchicalTestExecutorService.invokeAll(SameThreadHierarchicalTestExecutorService.java:41)
	at org.junit.platform.engine.support.hierarchical.NodeTestTask.lambda$executeRecursively$6(NodeTestTask.java:155)
	at org.junit.platform.engine.support.hierarchical.ThrowableCollector.execute(ThrowableCollector.java:73)
	at org.junit.platform.engine.support.hierarchical.NodeTestTask.lambda$executeRecursively$8(NodeTestTask.java:141)
	at org.junit.platform.engine.support.hierarchical.Node.around(Node.java:137)
	at org.junit.platform.engine.support.hierarchical.NodeTestTask.lambda$executeRecursively$9(NodeTestTask.java:139)
	at org.junit.platform.engine.support.hierarchical.ThrowableCollector.execute(ThrowableCollector.java:73)
	at org.junit.platform.engine.support.hierarchical.NodeTestTask.executeRecursively(NodeTestTask.java:138)
	at org.junit.platform.engine.support.hierarchical.NodeTestTask.execute(NodeTestTask.java:95)
	at java.base/java.util.ArrayList.forEach(ArrayList.java:1511)
	at org.junit.platform.engine.support.hierarchical.SameThreadHierarchicalTestExecutorService.invokeAll(SameThreadHierarchicalTestExecutorService.java:41)
	at org.junit.platform.engine.support.hierarchical.NodeTestTask.lambda$executeRecursively$6(NodeTestTask.java:155)
	at org.junit.platform.engine.support.hierarchical.ThrowableCollector.execute(ThrowableCollector.java:73)
	at org.junit.platform.engine.support.hierarchical.NodeTestTask.lambda$executeRecursively$8(NodeTestTask.java:141)
	at org.junit.platform.engine.support.hierarchical.Node.around(Node.java:137)
	at org.junit.platform.engine.support.hierarchical.NodeTestTask.lambda$executeRecursively$9(NodeTestTask.java:139)
	at org.junit.platform.engine.support.hierarchical.ThrowableCollector.execute(ThrowableCollector.java:73)
	at org.junit.platform.engine.support.hierarchical.NodeTestTask.executeRecursively(NodeTestTask.java:138)
	at org.junit.platform.engine.support.hierarchical.NodeTestTask.execute(NodeTestTask.java:95)
	at org.junit.platform.engine.support.hierarchical.SameThreadHierarchicalTestExecutorService.submit(SameThreadHierarchicalTestExecutorService.java:35)
	at org.junit.platform.engine.support.hierarchical.HierarchicalTestExecutor.execute(HierarchicalTestExecutor.java:57)
	at org.junit.platform.engine.support.hierarchical.HierarchicalTestEngine.execute(HierarchicalTestEngine.java:54)
	at org.junit.platform.launcher.core.EngineExecutionOrchestrator.execute(EngineExecutionOrchestrator.java:107)
	at org.junit.platform.launcher.core.EngineExecutionOrchestrator.execute(EngineExecutionOrchestrator.java:88)
	at org.junit.platform.launcher.core.EngineExecutionOrchestrator.lambda$execute$0(EngineExecutionOrchestrator.java:54)
	at org.junit.platform.launcher.core.EngineExecutionOrchestrator.withInterceptedStreams(EngineExecutionOrchestrator.java:67)
	at org.junit.platform.launcher.core.EngineExecutionOrchestrator.execute(EngineExecutionOrchestrator.java:52)
	at org.junit.platform.launcher.core.DefaultLauncher.execute(DefaultLauncher.java:114)
	at org.junit.platform.launcher.core.DefaultLauncher.execute(DefaultLauncher.java:86)
	at org.junit.platform.launcher.core.DefaultLauncherSession$DelegatingLauncher.execute(DefaultLauncherSession.java:86)
	at org.apache.maven.surefire.junitplatform.LazyLauncher.execute(LazyLauncher.java:55)
	at org.apache.maven.surefire.junitplatform.JUnitPlatformProvider.execute(JUnitPlatformProvider.java:223)
	at org.apache.maven.surefire.junitplatform.JUnitPlatformProvider.invokeAllTests(JUnitPlatformProvider.java:175)
	at org.apache.maven.surefire.junitplatform.JUnitPlatformProvider.invoke(JUnitPlatformProvider.java:139)
	at org.apache.maven.surefire.booter.ForkedBooter.runSuitesInProcess(ForkedBooter.java:456)
	at org.apache.maven.surefire.booter.ForkedBooter.execute(ForkedBooter.java:169)
	at org.apache.maven.surefire.booter.ForkedBooter.run(ForkedBooter.java:595)
	at org.apache.maven.surefire.booter.ForkedBooter.main(ForkedBooter.java:581)
Caused by: java.io.IOException: Error while instrumenting sun/util/resources/cldr/provider/CLDRLocaleDataMetaInfo.
	at org.jacoco.agent.rt.internal_43f5073.core.instr.Instrumenter.instrumentError(Instrumenter.java:159)
	at org.jacoco.agent.rt.internal_43f5073.core.instr.Instrumenter.instrument(Instrumenter.java:109)
	at org.jacoco.agent.rt.internal_43f5073.CoverageTransformer.transform(CoverageTransformer.java:92)
	... 110 more
Caused by: java.lang.IllegalArgumentException: Unsupported class file major version 61
	at org.jacoco.agent.rt.internal_43f5073.asm.ClassReader.<init>(ClassReader.java:195)
	at org.jacoco.agent.rt.internal_43f5073.asm.ClassReader.<init>(ClassReader.java:176)
	at org.jacoco.agent.rt.internal_43f5073.asm.ClassReader.<init>(ClassReader.java:162)
	at org.jacoco.agent.rt.internal_43f5073.core.internal.instr.InstrSupport.classReaderFor(InstrSupport.java:280)
	at org.jacoco.agent.rt.internal_43f5073.core.instr.Instrumenter.instrument(Instrumenter.java:75)
	at org.jacoco.agent.rt.internal_43f5073.core.instr.Instrumenter.instrument(Instrumenter.java:107)
	... 111 more
[INFO] Tests run: 20, Failures: 0, Errors: 0, Skipped: 0, Time elapsed: 0.146 s - in org.apache.commons.geometry.euclidean.twod.shape.CircleTest
[INFO] Running org.apache.commons.geometry.euclidean.twod.ReverseRayTest
[INFO] Tests run: 15, Failures: 0, Errors: 0, Skipped: 0, Time elapsed: 0.023 s - in org.apache.commons.geometry.euclidean.twod.ReverseRayTest
[INFO] Running org.apache.commons.geometry.euclidean.twod.AffineTransformMatrix2DTest
[INFO] Tests run: 72, Failures: 0, Errors: 0, Skipped: 0, Time elapsed: 0.077 s - in org.apache.commons.geometry.euclidean.twod.AffineTransformMatrix2DTest
[INFO] Running org.apache.commons.geometry.euclidean.twod.BoundaryList2DTest
[INFO] Tests run: 3, Failures: 0, Errors: 0, Skipped: 0, Time elapsed: 0.032 s - in org.apache.commons.geometry.euclidean.twod.BoundaryList2DTest
[INFO] Running org.apache.commons.geometry.euclidean.twod.EmbeddedTreeLineSubsetTest
[INFO] Tests run: 25, Failures: 0, Errors: 0, Skipped: 0, Time elapsed: 0.155 s - in org.apache.commons.geometry.euclidean.twod.EmbeddedTreeLineSubsetTest
[INFO] Running org.apache.commons.geometry.euclidean.twod.RegionBSPTree2DTest
[INFO] Tests run: 64, Failures: 0, Errors: 0, Skipped: 0, Time elapsed: 0.099 s - in org.apache.commons.geometry.euclidean.twod.RegionBSPTree2DTest
[INFO] Running org.apache.commons.geometry.euclidean.twod.LinecastPoint2DTest
[INFO] Tests run: 8, Failures: 0, Errors: 0, Skipped: 0, Time elapsed: 0.002 s - in org.apache.commons.geometry.euclidean.twod.LinecastPoint2DTest
[INFO] Running org.apache.commons.geometry.euclidean.twod.BoundarySourceBoundsBuilder2DTest
[INFO] Tests run: 5, Failures: 0, Errors: 0, Skipped: 0, Time elapsed: 0.002 s - in org.apache.commons.geometry.euclidean.twod.BoundarySourceBoundsBuilder2DTest
[INFO] Running org.apache.commons.geometry.euclidean.twod.RayTest
[INFO] Tests run: 15, Failures: 0, Errors: 0, Skipped: 0, Time elapsed: 0.005 s - in org.apache.commons.geometry.euclidean.twod.RayTest
[INFO] Running org.apache.commons.geometry.euclidean.twod.path.InteriorAngleLinePathConnectorTest
[INFO] Tests run: 11, Failures: 0, Errors: 0, Skipped: 0, Time elapsed: 0.005 s - in org.apache.commons.geometry.euclidean.twod.path.InteriorAngleLinePathConnectorTest
[INFO] Running org.apache.commons.geometry.euclidean.twod.path.LinePathTest
[INFO] Tests run: 55, Failures: 0, Errors: 0, Skipped: 0, Time elapsed: 0.021 s - in org.apache.commons.geometry.euclidean.twod.path.LinePathTest
[INFO] Running org.apache.commons.geometry.euclidean.twod.path.AbstractLinePathConnectorTest
[INFO] Tests run: 21, Failures: 0, Errors: 0, Skipped: 0, Time elapsed: 0.005 s - in org.apache.commons.geometry.euclidean.twod.path.AbstractLinePathConnectorTest
[INFO] Running org.apache.commons.geometry.euclidean.twod.Vector2DTest
[INFO] Tests run: 76, Failures: 0, Errors: 0, Skipped: 0, Time elapsed: 0.021 s - in org.apache.commons.geometry.euclidean.twod.Vector2DTest
[INFO] Running org.apache.commons.geometry.euclidean.twod.rotation.Rotation2DTest
[INFO] Tests run: 13, Failures: 0, Errors: 0, Skipped: 0, Time elapsed: 0.101 s - in org.apache.commons.geometry.euclidean.twod.rotation.Rotation2DTest
[INFO] Running org.apache.commons.geometry.euclidean.twod.Bounds2DTest
[INFO] Tests run: 19, Failures: 0, Errors: 0, Skipped: 0, Time elapsed: 0.005 s - in org.apache.commons.geometry.euclidean.twod.Bounds2DTest
[INFO] Running org.apache.commons.geometry.euclidean.twod.BoundarySource2DTest
[INFO] Tests run: 8, Failures: 0, Errors: 0, Skipped: 0, Time elapsed: 0.001 s - in org.apache.commons.geometry.euclidean.twod.BoundarySource2DTest
[INFO] Running org.apache.commons.geometry.euclidean.twod.PolarCoordinatesTest
[INFO] Tests run: 24, Failures: 0, Errors: 0, Skipped: 0, Time elapsed: 0.005 s - in org.apache.commons.geometry.euclidean.twod.PolarCoordinatesTest
[INFO] Running org.apache.commons.geometry.euclidean.twod.LineSubsetTest
[INFO] Tests run: 1, Failures: 0, Errors: 0, Skipped: 0, Time elapsed: 0 s - in org.apache.commons.geometry.euclidean.twod.LineSubsetTest
[INFO] Running org.apache.commons.geometry.euclidean.twod.LineSpanningSubsetTest
[INFO] Tests run: 8, Failures: 0, Errors: 0, Skipped: 0, Time elapsed: 0.002 s - in org.apache.commons.geometry.euclidean.twod.LineSpanningSubsetTest
[INFO] Running org.apache.commons.geometry.euclidean.twod.LineConvexSubsetTest
[INFO] Tests run: 16, Failures: 0, Errors: 0, Skipped: 0, Time elapsed: 0.004 s - in org.apache.commons.geometry.euclidean.twod.LineConvexSubsetTest
[INFO] Running org.apache.commons.geometry.euclidean.twod.ConvexAreaTest
[INFO] Tests run: 61, Failures: 0, Errors: 0, Skipped: 0, Time elapsed: 0.025 s - in org.apache.commons.geometry.euclidean.twod.ConvexAreaTest
[INFO] Running org.apache.commons.geometry.euclidean.twod.LineTest
[INFO] Tests run: 61, Failures: 0, Errors: 0, Skipped: 0, Time elapsed: 0.014 s - in org.apache.commons.geometry.euclidean.twod.LineTest
[INFO] Running org.apache.commons.geometry.euclidean.twod.BoundarySourceLinecaster2DTest
[INFO] Tests run: 10, Failures: 0, Errors: 0, Skipped: 0, Time elapsed: 0.002 s - in org.apache.commons.geometry.euclidean.twod.BoundarySourceLinecaster2DTest
[INFO] Running org.apache.commons.geometry.euclidean.twod.SegmentTest
[INFO] Tests run: 20, Failures: 0, Errors: 0, Skipped: 0, Time elapsed: 0.005 s - in org.apache.commons.geometry.euclidean.twod.SegmentTest
[INFO] Running org.apache.commons.geometry.euclidean.threed.SimpleTriangle3DTest
[INFO] Tests run: 13, Failures: 0, Errors: 0, Skipped: 0, Time elapsed: 0.166 s - in org.apache.commons.geometry.euclidean.threed.SimpleTriangle3DTest
[INFO] Running org.apache.commons.geometry.euclidean.threed.PlaneTest
[INFO] Tests run: 48, Failures: 0, Errors: 0, Skipped: 0, Time elapsed: 0.084 s - in org.apache.commons.geometry.euclidean.threed.PlaneTest
[INFO] Running org.apache.commons.geometry.euclidean.threed.VertexListConvexPolygon3DTest
[INFO] Tests run: 16, Failures: 0, Errors: 0, Skipped: 0, Time elapsed: 0.005 s - in org.apache.commons.geometry.euclidean.threed.VertexListConvexPolygon3DTest
[INFO] Running org.apache.commons.geometry.euclidean.threed.Vector3DTest
[INFO] Tests run: 80, Failures: 0, Errors: 0, Skipped: 0, Time elapsed: 0.117 s - in org.apache.commons.geometry.euclidean.threed.Vector3DTest
[INFO] Running org.apache.commons.geometry.euclidean.threed.EmbeddedAreaPlaneConvexSubsetTest
[INFO] Tests run: 19, Failures: 0, Errors: 0, Skipped: 0, Time elapsed: 0.004 s - in org.apache.commons.geometry.euclidean.threed.EmbeddedAreaPlaneConvexSubsetTest
[INFO] Running org.apache.commons.geometry.euclidean.threed.BoundarySource3DTest
[INFO] Tests run: 8, Failures: 0, Errors: 0, Skipped: 0, Time elapsed: 0.005 s - in org.apache.commons.geometry.euclidean.threed.BoundarySource3DTest
[INFO] Running org.apache.commons.geometry.euclidean.threed.BoundaryList3DTest
[INFO] Tests run: 3, Failures: 0, Errors: 0, Skipped: 0, Time elapsed: 0 s - in org.apache.commons.geometry.euclidean.threed.BoundaryList3DTest
[INFO] Running org.apache.commons.geometry.euclidean.threed.SphericalCoordinatesTest
[INFO] Tests run: 26, Failures: 0, Errors: 0, Skipped: 0, Time elapsed: 0.004 s - in org.apache.commons.geometry.euclidean.threed.SphericalCoordinatesTest
[INFO] Running org.apache.commons.geometry.euclidean.threed.BoundarySourceBoundsBuilder3DTest
[INFO] Tests run: 5, Failures: 0, Errors: 0, Skipped: 0, Time elapsed: 0.013 s - in org.apache.commons.geometry.euclidean.threed.BoundarySourceBoundsBuilder3DTest
[INFO] Running org.apache.commons.geometry.euclidean.threed.RegionBSPTree3DTest
[INFO] Tests run: 72, Failures: 0, Errors: 0, Skipped: 0, Time elapsed: 0.822 s - in org.apache.commons.geometry.euclidean.threed.RegionBSPTree3DTest
[INFO] Running org.apache.commons.geometry.euclidean.threed.EmbeddingPlaneTest
[INFO] Tests run: 20, Failures: 0, Errors: 0, Skipped: 0, Time elapsed: 0.133 s - in org.apache.commons.geometry.euclidean.threed.EmbeddingPlaneTest
[INFO] Running org.apache.commons.geometry.euclidean.threed.ConvexVolumeTest
[INFO] Tests run: 20, Failures: 0, Errors: 0, Skipped: 0, Time elapsed: 0.016 s - in org.apache.commons.geometry.euclidean.threed.ConvexVolumeTest
[INFO] Running org.apache.commons.geometry.euclidean.threed.shape.ParallelepipedTest
[INFO] Tests run: 11, Failures: 0, Errors: 0, Skipped: 0, Time elapsed: 0.003 s - in org.apache.commons.geometry.euclidean.threed.shape.ParallelepipedTest
[INFO] Running org.apache.commons.geometry.euclidean.threed.shape.SphereTest
[INFO] Tests run: 25, Failures: 0, Errors: 0, Skipped: 0, Time elapsed: 20.097 s - in org.apache.commons.geometry.euclidean.threed.shape.SphereTest
[INFO] Running org.apache.commons.geometry.euclidean.threed.PlanesTest
[INFO] Tests run: 40, Failures: 0, Errors: 0, Skipped: 0, Time elapsed: 0.102 s - in org.apache.commons.geometry.euclidean.threed.PlanesTest
[INFO] Running org.apache.commons.geometry.euclidean.threed.line.Ray3DTest
[INFO] Tests run: 10, Failures: 0, Errors: 0, Skipped: 0, Time elapsed: 0.002 s - in org.apache.commons.geometry.euclidean.threed.line.Ray3DTest
[INFO] Running org.apache.commons.geometry.euclidean.threed.line.EmbeddedTreeLineSubset3DTest
[INFO] Tests run: 13, Failures: 0, Errors: 0, Skipped: 0, Time elapsed: 0.03 s - in org.apache.commons.geometry.euclidean.threed.line.EmbeddedTreeLineSubset3DTest
[INFO] Running org.apache.commons.geometry.euclidean.threed.line.LinecastPoint3DTest
[INFO] Tests run: 8, Failures: 0, Errors: 0, Skipped: 0, Time elapsed: 0.001 s - in org.apache.commons.geometry.euclidean.threed.line.LinecastPoint3DTest
[INFO] Running org.apache.commons.geometry.euclidean.threed.line.ReverseRay3DTest
[INFO] Tests run: 10, Failures: 0, Errors: 0, Skipped: 0, Time elapsed: 0.002 s - in org.apache.commons.geometry.euclidean.threed.line.ReverseRay3DTest
[INFO] Running org.apache.commons.geometry.euclidean.threed.line.Line3DTest
[INFO] Tests run: 31, Failures: 0, Errors: 0, Skipped: 0, Time elapsed: 0.004 s - in org.apache.commons.geometry.euclidean.threed.line.Line3DTest
[INFO] Running org.apache.commons.geometry.euclidean.threed.line.LineConvexSubset3DTest
[INFO] Tests run: 13, Failures: 0, Errors: 0, Skipped: 0, Time elapsed: 0.002 s - in org.apache.commons.geometry.euclidean.threed.line.LineConvexSubset3DTest
[INFO] Running org.apache.commons.geometry.euclidean.threed.line.Segment3DTest
[INFO] Tests run: 15, Failures: 0, Errors: 0, Skipped: 0, Time elapsed: 0.003 s - in org.apache.commons.geometry.euclidean.threed.line.Segment3DTest
[INFO] Running org.apache.commons.geometry.euclidean.threed.EmbeddedTreePlaneSubsetTest
[INFO] Tests run: 31, Failures: 0, Errors: 0, Skipped: 0, Time elapsed: 0.006 s - in org.apache.commons.geometry.euclidean.threed.EmbeddedTreePlaneSubsetTest
[INFO] Running org.apache.commons.geometry.euclidean.threed.rotation.AxisSequenceTest
[INFO] Tests run: 1, Failures: 0, Errors: 0, Skipped: 0, Time elapsed: 0.001 s - in org.apache.commons.geometry.euclidean.threed.rotation.AxisSequenceTest
[INFO] Running org.apache.commons.geometry.euclidean.threed.rotation.AxisAngleSequenceTest
[INFO] Tests run: 8, Failures: 0, Errors: 0, Skipped: 0, Time elapsed: 0.011 s - in org.apache.commons.geometry.euclidean.threed.rotation.AxisAngleSequenceTest
[INFO] Running org.apache.commons.geometry.euclidean.threed.rotation.QuaternionRotationTest
[INFO] Tests run: 62, Failures: 0, Errors: 0, Skipped: 0, Time elapsed: 3.129 s - in org.apache.commons.geometry.euclidean.threed.rotation.QuaternionRotationTest
[INFO] Running org.apache.commons.geometry.euclidean.threed.AffineTransformMatrix3DTest
[INFO] Tests run: 59, Failures: 0, Errors: 0, Skipped: 0, Time elapsed: 0.91 s - in org.apache.commons.geometry.euclidean.threed.AffineTransformMatrix3DTest
[INFO] Running org.apache.commons.geometry.euclidean.threed.mesh.SimpleTriangleMeshTest
[INFO] Tests run: 21, Failures: 0, Errors: 0, Skipped: 0, Time elapsed: 0.007 s - in org.apache.commons.geometry.euclidean.threed.mesh.SimpleTriangleMeshTest
[INFO] Running org.apache.commons.geometry.euclidean.threed.Bounds3DTest
[INFO] Tests run: 19, Failures: 0, Errors: 0, Skipped: 0, Time elapsed: 0.004 s - in org.apache.commons.geometry.euclidean.threed.Bounds3DTest
[INFO] Running org.apache.commons.geometry.euclidean.threed.BoundarySourceLinecaster3DTest
[INFO] Tests run: 10, Failures: 0, Errors: 0, Skipped: 0, Time elapsed: 0.002 s - in org.apache.commons.geometry.euclidean.threed.BoundarySourceLinecaster3DTest
[INFO] Running org.apache.commons.geometry.euclidean.threed.PlaneConvexSubsetTest
[INFO] Tests run: 19, Failures: 0, Errors: 0, Skipped: 0, Time elapsed: 0.002 s - in org.apache.commons.geometry.euclidean.threed.PlaneConvexSubsetTest
[INFO] Running org.apache.commons.geometry.euclidean.oned.OrientedPointTest
[INFO] Tests run: 31, Failures: 0, Errors: 0, Skipped: 0, Time elapsed: 0.004 s - in org.apache.commons.geometry.euclidean.oned.OrientedPointTest
[INFO] Running org.apache.commons.geometry.euclidean.oned.AffineTransformMatrix1DTest
[INFO] Tests run: 49, Failures: 0, Errors: 0, Skipped: 0, Time elapsed: 0.01 s - in org.apache.commons.geometry.euclidean.oned.AffineTransformMatrix1DTest
[INFO] Running org.apache.commons.geometry.euclidean.oned.IntervalTest
[INFO] Tests run: 49, Failures: 0, Errors: 0, Skipped: 0, Time elapsed: 0.009 s - in org.apache.commons.geometry.euclidean.oned.IntervalTest
[INFO] Running org.apache.commons.geometry.euclidean.oned.Vector1DTest
[INFO] Tests run: 54, Failures: 0, Errors: 0, Skipped: 0, Time elapsed: 0.088 s - in org.apache.commons.geometry.euclidean.oned.Vector1DTest
[INFO] Running org.apache.commons.geometry.euclidean.oned.RegionBSPTree1DTest
[INFO] Tests run: 70, Failures: 0, Errors: 0, Skipped: 0, Time elapsed: 0.022 s - in org.apache.commons.geometry.euclidean.oned.RegionBSPTree1DTest
[INFO] Running org.apache.commons.geometry.euclidean.DocumentationExamplesTest
[INFO] Tests run: 14, Failures: 0, Errors: 0, Skipped: 0, Time elapsed: 0.003 s - in org.apache.commons.geometry.euclidean.DocumentationExamplesTest
[INFO] Running org.apache.commons.geometry.euclidean.internal.EuclideanUtilsTest
[INFO] Tests run: 6, Failures: 0, Errors: 0, Skipped: 0, Time elapsed: 0.002 s - in org.apache.commons.geometry.euclidean.internal.EuclideanUtilsTest
[INFO] Running org.apache.commons.geometry.euclidean.internal.MatricesTest
[INFO] Tests run: 6, Failures: 0, Errors: 0, Skipped: 0, Time elapsed: 0.001 s - in org.apache.commons.geometry.euclidean.internal.MatricesTest
[INFO] Running org.apache.commons.geometry.euclidean.internal.VectorsTest
[INFO] Tests run: 9, Failures: 0, Errors: 0, Skipped: 0, Time elapsed: 0.001 s - in org.apache.commons.geometry.euclidean.internal.VectorsTest
[INFO] 
[INFO] Results:
[INFO] 
[INFO] Tests run: 1667, Failures: 0, Errors: 0, Skipped: 0
[INFO] 
[INFO] 
[INFO] -----------< org.apache.commons:commons-geometry-spherical >------------
[INFO] Building Apache Commons Geometry Spherical 1.0                     [4/6]
[INFO]   from commons-geometry-spherical/pom.xml
[INFO] --------------------------------[ jar ]---------------------------------
[INFO] 
[INFO] --- clean:3.1.0:clean (default-clean) @ commons-geometry-spherical ---
[INFO] Deleting /sfs/weka/scratch/wxw9rr/artifact/RQ3/OE25-DEV/commons-geometry-1.0-src/commons-geometry-spherical/target
[INFO] 
[INFO] --- enforcer:3.0.0-M3:enforce (enforce-maven-version) @ commons-geometry-spherical ---
[INFO] 
[INFO] --- enforcer:3.0.0-M3:enforce (enforce-maven-3) @ commons-geometry-spherical ---
[INFO] 
[INFO] --- apache-rat:0.13:check (rat-check) @ commons-geometry-spherical ---
[INFO] RAT will not execute since it is configured to be skipped via system property 'rat.skip'.
[INFO] 
[INFO] --- build-helper:3.2.0:parse-version (parse-version) @ commons-geometry-spherical ---
[INFO] 
[INFO] --- antrun:1.8:run (javadoc.resources) @ commons-geometry-spherical ---
[INFO] Executing tasks

main:
     [copy] Copying 2 files to /sfs/weka/scratch/wxw9rr/artifact/RQ3/OE25-DEV/commons-geometry-1.0-src/commons-geometry-spherical/target/apidocs/META-INF
[INFO] Executed tasks
[INFO] 
[INFO] --- remote-resources:1.7.0:process (process-resource-bundles) @ commons-geometry-spherical ---
[INFO] Skipping remote resources execution.
[INFO] 
[INFO] --- buildnumber:1.4:create (default) @ commons-geometry-spherical ---
[INFO] Executing: /bin/sh -c cd '/sfs/weka/scratch/wxw9rr/artifact/RQ3/OE25-DEV/commons-geometry-1.0-src/commons-geometry-spherical' && 'git' 'rev-parse' '--verify' 'HEAD'
[INFO] Working directory: /sfs/weka/scratch/wxw9rr/artifact/RQ3/OE25-DEV/commons-geometry-1.0-src/commons-geometry-spherical
[INFO] Storing buildNumber: 77d944d491f2532ea8dc274ce81490a072a96fd9 at timestamp: 1768198129255
[INFO] Storing buildScmBranch: main
[INFO] 
[INFO] --- resources:3.1.0:resources (default-resources) @ commons-geometry-spherical ---
[INFO] Using 'UTF-8' encoding to copy filtered resources.
[INFO] skip non existing resourceDirectory /sfs/weka/scratch/wxw9rr/artifact/RQ3/OE25-DEV/commons-geometry-1.0-src/commons-geometry-spherical/src/main/resources
[INFO] Copying 2 resources to META-INF
[INFO] 
[INFO] --- compiler:3.8.1:compile (default-compile) @ commons-geometry-spherical ---
[INFO] Changes detected - recompiling the module!
[INFO] Compiling 22 source files to /sfs/weka/scratch/wxw9rr/artifact/RQ3/OE25-DEV/commons-geometry-1.0-src/commons-geometry-spherical/target/classes
[INFO] 
[INFO] --- bundle:5.1.1:manifest (bundle-manifest) @ commons-geometry-spherical ---
[INFO] 
[INFO] --- resources:3.1.0:testResources (default-testResources) @ commons-geometry-spherical ---
[INFO] Using 'UTF-8' encoding to copy filtered resources.
[INFO] skip non existing resourceDirectory /sfs/weka/scratch/wxw9rr/artifact/RQ3/OE25-DEV/commons-geometry-1.0-src/commons-geometry-spherical/src/test/resources
[INFO] Copying 2 resources to META-INF
[INFO] 
[INFO] --- compiler:3.8.1:testCompile (default-testCompile) @ commons-geometry-spherical ---
[INFO] Changes detected - recompiling the module!
[INFO] Compiling 19 source files to /sfs/weka/scratch/wxw9rr/artifact/RQ3/OE25-DEV/commons-geometry-1.0-src/commons-geometry-spherical/target/test-classes
[INFO] 
[INFO] --- animal-sniffer:1.19:check (checkAPIcompatibility) @ commons-geometry-spherical ---
[INFO] Checking unresolved references to org.codehaus.mojo.signature:java18:1.0
[INFO] 
[INFO] --- jacoco:0.8.5:prepare-agent (prepare-agent) @ commons-geometry-spherical ---
[INFO] argLine set to -javaagent:/home/wxw9rr/.m2/repository/org/jacoco/org.jacoco.agent/0.8.5/org.jacoco.agent-0.8.5-runtime.jar=destfile=/sfs/weka/scratch/wxw9rr/artifact/RQ3/OE25-DEV/commons-geometry-1.0-src/commons-geometry-spherical/target/jacoco.exec
[INFO] 
[INFO] --- surefire:3.0.0-M7:test (default-test) @ commons-geometry-spherical ---
[INFO] Using auto detected provider org.apache.maven.surefire.junitplatform.JUnitPlatformProvider
[INFO] 
[INFO] -------------------------------------------------------
[INFO]  T E S T S
[INFO] -------------------------------------------------------
Picked up _JAVA_OPTIONS: -Djava.io.tmpdir=/sfs/weka/scratch/wxw9rr/tmp
[INFO] Running org.apache.commons.geometry.spherical.DocumentationExamplesTest
[INFO] Tests run: 4, Failures: 0, Errors: 0, Skipped: 0, Time elapsed: 0.894 s - in org.apache.commons.geometry.spherical.DocumentationExamplesTest
[INFO] Running org.apache.commons.geometry.spherical.twod.BoundarySource2STest
[INFO] Tests run: 4, Failures: 0, Errors: 0, Skipped: 0, Time elapsed: 0.033 s - in org.apache.commons.geometry.spherical.twod.BoundarySource2STest
[INFO] Running org.apache.commons.geometry.spherical.twod.Point2STest
[INFO] Tests run: 21, Failures: 0, Errors: 0, Skipped: 0, Time elapsed: 0.285 s - in org.apache.commons.geometry.spherical.twod.Point2STest
[INFO] Running org.apache.commons.geometry.spherical.twod.EmbeddedTreeSubGreatCircleTest
[INFO] Tests run: 19, Failures: 0, Errors: 0, Skipped: 0, Time elapsed: 0.17 s - in org.apache.commons.geometry.spherical.twod.EmbeddedTreeSubGreatCircleTest
[INFO] Running org.apache.commons.geometry.spherical.twod.BoundaryList2STest
[INFO] Tests run: 3, Failures: 0, Errors: 0, Skipped: 0, Time elapsed: 0.008 s - in org.apache.commons.geometry.spherical.twod.BoundaryList2STest
[INFO] Running org.apache.commons.geometry.spherical.twod.ConvexArea2STest
[INFO] Tests run: 32, Failures: 0, Errors: 0, Skipped: 0, Time elapsed: 0.059 s - in org.apache.commons.geometry.spherical.twod.ConvexArea2STest
[INFO] Running org.apache.commons.geometry.spherical.twod.Transform2STest
[INFO] Tests run: 11, Failures: 0, Errors: 0, Skipped: 0, Time elapsed: 0.101 s - in org.apache.commons.geometry.spherical.twod.Transform2STest
[INFO] Running org.apache.commons.geometry.spherical.twod.AbstractGreatArcPathConnectorTest
[INFO] Tests run: 12, Failures: 0, Errors: 0, Skipped: 0, Time elapsed: 0.006 s - in org.apache.commons.geometry.spherical.twod.AbstractGreatArcPathConnectorTest
[INFO] Running org.apache.commons.geometry.spherical.twod.GreatCircleTest
[INFO] Tests run: 32, Failures: 0, Errors: 0, Skipped: 0, Time elapsed: 0.011 s - in org.apache.commons.geometry.spherical.twod.GreatCircleTest
[INFO] Running org.apache.commons.geometry.spherical.twod.InteriorAngleGreatArcConnectorTest
[INFO] Tests run: 6, Failures: 0, Errors: 0, Skipped: 0, Time elapsed: 0.002 s - in org.apache.commons.geometry.spherical.twod.InteriorAngleGreatArcConnectorTest
[INFO] Running org.apache.commons.geometry.spherical.twod.GreatArcPathTest
[INFO] Tests run: 26, Failures: 0, Errors: 0, Skipped: 0, Time elapsed: 0.012 s - in org.apache.commons.geometry.spherical.twod.GreatArcPathTest
[INFO] Running org.apache.commons.geometry.spherical.twod.GreatArcTest
[INFO] Tests run: 19, Failures: 0, Errors: 0, Skipped: 0, Time elapsed: 0.006 s - in org.apache.commons.geometry.spherical.twod.GreatArcTest
[INFO] Running org.apache.commons.geometry.spherical.twod.RegionBSPTree2STest
[INFO] Tests run: 47, Failures: 0, Errors: 0, Skipped: 0, Time elapsed: 0.375 s - in org.apache.commons.geometry.spherical.twod.RegionBSPTree2STest
[INFO] Running org.apache.commons.geometry.spherical.oned.Transform1STest
[INFO] Tests run: 11, Failures: 0, Errors: 0, Skipped: 0, Time elapsed: 0.009 s - in org.apache.commons.geometry.spherical.oned.Transform1STest
[INFO] Running org.apache.commons.geometry.spherical.oned.RegionBSPTree1STest
[INFO] Tests run: 45, Failures: 0, Errors: 0, Skipped: 0, Time elapsed: 0.026 s - in org.apache.commons.geometry.spherical.oned.RegionBSPTree1STest
[INFO] Running org.apache.commons.geometry.spherical.oned.Point1STest
[INFO] Tests run: 24, Failures: 0, Errors: 0, Skipped: 0, Time elapsed: 0.03 s - in org.apache.commons.geometry.spherical.oned.Point1STest
[INFO] Running org.apache.commons.geometry.spherical.oned.AngularIntervalTest
java.lang.instrument.IllegalClassFormatException: Error while instrumenting sun/util/resources/cldr/provider/CLDRLocaleDataMetaInfo.
	at org.jacoco.agent.rt.internal_43f5073.CoverageTransformer.transform(CoverageTransformer.java:94)
	at java.instrument/java.lang.instrument.ClassFileTransformer.transform(ClassFileTransformer.java:244)
	at java.instrument/sun.instrument.TransformerManager.transform(TransformerManager.java:188)
	at java.instrument/sun.instrument.InstrumentationImpl.transform(InstrumentationImpl.java:541)
	at java.base/java.lang.ClassLoader.defineClass2(Native Method)
	at java.base/java.lang.ClassLoader.defineClass(ClassLoader.java:1108)
	at java.base/java.security.SecureClassLoader.defineClass(SecureClassLoader.java:182)
	at java.base/jdk.internal.loader.BuiltinClassLoader.defineClass(BuiltinClassLoader.java:821)
	at java.base/jdk.internal.loader.BuiltinClassLoader.findClassInModuleOrNull(BuiltinClassLoader.java:741)
	at java.base/jdk.internal.loader.BuiltinClassLoader.findClass(BuiltinClassLoader.java:621)
	at java.base/java.lang.ClassLoader.loadClass(ClassLoader.java:637)
	at java.base/java.lang.Class.forName(Class.java:545)
	at java.base/java.util.ServiceLoader.loadProvider(ServiceLoader.java:859)
	at java.base/java.util.ServiceLoader$ModuleServicesLookupIterator.hasNext(ServiceLoader.java:1084)
	at java.base/java.util.ServiceLoader$2.hasNext(ServiceLoader.java:1309)
	at java.base/java.util.ServiceLoader$3.hasNext(ServiceLoader.java:1393)
	at java.base/sun.util.cldr.CLDRLocaleProviderAdapter.lambda$new$0(CLDRLocaleProviderAdapter.java:86)
	at java.base/java.security.AccessController.doPrivileged(AccessController.java:569)
	at java.base/sun.util.cldr.CLDRLocaleProviderAdapter.<init>(CLDRLocaleProviderAdapter.java:85)
	at java.base/jdk.internal.reflect.NativeConstructorAccessorImpl.newInstance0(Native Method)
	at java.base/jdk.internal.reflect.NativeConstructorAccessorImpl.newInstance(NativeConstructorAccessorImpl.java:77)
	at java.base/jdk.internal.reflect.DelegatingConstructorAccessorImpl.newInstance(DelegatingConstructorAccessorImpl.java:45)
	at java.base/java.lang.reflect.Constructor.newInstanceWithCaller(Constructor.java:500)
	at java.base/java.lang.reflect.Constructor.newInstance(Constructor.java:481)
	at java.base/sun.util.locale.provider.LocaleProviderAdapter.forType(LocaleProviderAdapter.java:188)
	at java.base/sun.util.locale.provider.LocaleProviderAdapter.findAdapter(LocaleProviderAdapter.java:287)
	at java.base/sun.util.locale.provider.LocaleProviderAdapter.getAdapter(LocaleProviderAdapter.java:258)
	at java.base/java.text.NumberFormat.getInstance(NumberFormat.java:960)
	at java.base/java.text.NumberFormat.getInstance(NumberFormat.java:491)
	at java.base/java.text.MessageFormat.subformat(MessageFormat.java:1302)
	at java.base/java.text.MessageFormat.format(MessageFormat.java:887)
	at java.base/java.text.Format.format(Format.java:159)
	at java.base/java.text.MessageFormat.format(MessageFormat.java:862)
	at org.apache.commons.geometry.spherical.oned.AngularInterval.validateIntervalValues(AngularInterval.java:403)
	at org.apache.commons.geometry.spherical.oned.AngularInterval.createInterval(AngularInterval.java:378)
	at org.apache.commons.geometry.spherical.oned.AngularInterval.of(AngularInterval.java:322)
	at org.apache.commons.geometry.spherical.oned.AngularIntervalTest.lambda$testOf_orientedPoints_invalidArgs$12(AngularIntervalTest.java:119)
	at org.junit.jupiter.api.AssertThrows.assertThrows(AssertThrows.java:55)
	at org.junit.jupiter.api.AssertThrows.assertThrows(AssertThrows.java:37)
	at org.junit.jupiter.api.Assertions.assertThrows(Assertions.java:3008)
	at org.apache.commons.geometry.spherical.oned.AngularIntervalTest.testOf_orientedPoints_invalidArgs(AngularIntervalTest.java:119)
	at java.base/jdk.internal.reflect.NativeMethodAccessorImpl.invoke0(Native Method)
	at java.base/jdk.internal.reflect.NativeMethodAccessorImpl.invoke(NativeMethodAccessorImpl.java:77)
	at java.base/jdk.internal.reflect.DelegatingMethodAccessorImpl.invoke(DelegatingMethodAccessorImpl.java:43)
	at java.base/java.lang.reflect.Method.invoke(Method.java:569)
	at org.junit.platform.commons.util.ReflectionUtils.invokeMethod(ReflectionUtils.java:688)
	at org.junit.jupiter.engine.execution.MethodInvocation.proceed(MethodInvocation.java:60)
	at org.junit.jupiter.engine.execution.InvocationInterceptorChain$ValidatingInvocation.proceed(InvocationInterceptorChain.java:131)
	at org.junit.jupiter.engine.extension.TimeoutExtension.intercept(TimeoutExtension.java:149)
	at org.junit.jupiter.engine.extension.TimeoutExtension.interceptTestableMethod(TimeoutExtension.java:140)
	at org.junit.jupiter.engine.extension.TimeoutExtension.interceptTestMethod(TimeoutExtension.java:84)
	at org.junit.jupiter.engine.execution.ExecutableInvoker$ReflectiveInterceptorCall.lambda$ofVoidMethod$0(ExecutableInvoker.java:115)
	at org.junit.jupiter.engine.execution.ExecutableInvoker.lambda$invoke$0(ExecutableInvoker.java:105)
	at org.junit.jupiter.engine.execution.InvocationInterceptorChain$InterceptedInvocation.proceed(InvocationInterceptorChain.java:106)
	at org.junit.jupiter.engine.execution.InvocationInterceptorChain.proceed(InvocationInterceptorChain.java:64)
	at org.junit.jupiter.engine.execution.InvocationInterceptorChain.chainAndInvoke(InvocationInterceptorChain.java:45)
	at org.junit.jupiter.engine.execution.InvocationInterceptorChain.invoke(InvocationInterceptorChain.java:37)
	at org.junit.jupiter.engine.execution.ExecutableInvoker.invoke(ExecutableInvoker.java:104)
	at org.junit.jupiter.engine.execution.ExecutableInvoker.invoke(ExecutableInvoker.java:98)
	at org.junit.jupiter.engine.descriptor.TestMethodTestDescriptor.lambda$invokeTestMethod$6(TestMethodTestDescriptor.java:210)
	at org.junit.platform.engine.support.hierarchical.ThrowableCollector.execute(ThrowableCollector.java:73)
	at org.junit.jupiter.engine.descriptor.TestMethodTestDescriptor.invokeTestMethod(TestMethodTestDescriptor.java:206)
	at org.junit.jupiter.engine.descriptor.TestMethodTestDescriptor.execute(TestMethodTestDescriptor.java:131)
	at org.junit.jupiter.engine.descriptor.TestMethodTestDescriptor.execute(TestMethodTestDescriptor.java:65)
	at org.junit.platform.engine.support.hierarchical.NodeTestTask.lambda$executeRecursively$6(NodeTestTask.java:151)
	at org.junit.platform.engine.support.hierarchical.ThrowableCollector.execute(ThrowableCollector.java:73)
	at org.junit.platform.engine.support.hierarchical.NodeTestTask.lambda$executeRecursively$8(NodeTestTask.java:141)
	at org.junit.platform.engine.support.hierarchical.Node.around(Node.java:137)
	at org.junit.platform.engine.support.hierarchical.NodeTestTask.lambda$executeRecursively$9(NodeTestTask.java:139)
	at org.junit.platform.engine.support.hierarchical.ThrowableCollector.execute(ThrowableCollector.java:73)
	at org.junit.platform.engine.support.hierarchical.NodeTestTask.executeRecursively(NodeTestTask.java:138)
	at org.junit.platform.engine.support.hierarchical.NodeTestTask.execute(NodeTestTask.java:95)
	at java.base/java.util.ArrayList.forEach(ArrayList.java:1511)
	at org.junit.platform.engine.support.hierarchical.SameThreadHierarchicalTestExecutorService.invokeAll(SameThreadHierarchicalTestExecutorService.java:41)
	at org.junit.platform.engine.support.hierarchical.NodeTestTask.lambda$executeRecursively$6(NodeTestTask.java:155)
	at org.junit.platform.engine.support.hierarchical.ThrowableCollector.execute(ThrowableCollector.java:73)
	at org.junit.platform.engine.support.hierarchical.NodeTestTask.lambda$executeRecursively$8(NodeTestTask.java:141)
	at org.junit.platform.engine.support.hierarchical.Node.around(Node.java:137)
	at org.junit.platform.engine.support.hierarchical.NodeTestTask.lambda$executeRecursively$9(NodeTestTask.java:139)
	at org.junit.platform.engine.support.hierarchical.ThrowableCollector.execute(ThrowableCollector.java:73)
	at org.junit.platform.engine.support.hierarchical.NodeTestTask.executeRecursively(NodeTestTask.java:138)
	at org.junit.platform.engine.support.hierarchical.NodeTestTask.execute(NodeTestTask.java:95)
	at java.base/java.util.ArrayList.forEach(ArrayList.java:1511)
	at org.junit.platform.engine.support.hierarchical.SameThreadHierarchicalTestExecutorService.invokeAll(SameThreadHierarchicalTestExecutorService.java:41)
	at org.junit.platform.engine.support.hierarchical.NodeTestTask.lambda$executeRecursively$6(NodeTestTask.java:155)
	at org.junit.platform.engine.support.hierarchical.ThrowableCollector.execute(ThrowableCollector.java:73)
	at org.junit.platform.engine.support.hierarchical.NodeTestTask.lambda$executeRecursively$8(NodeTestTask.java:141)
	at org.junit.platform.engine.support.hierarchical.Node.around(Node.java:137)
	at org.junit.platform.engine.support.hierarchical.NodeTestTask.lambda$executeRecursively$9(NodeTestTask.java:139)
	at org.junit.platform.engine.support.hierarchical.ThrowableCollector.execute(ThrowableCollector.java:73)
	at org.junit.platform.engine.support.hierarchical.NodeTestTask.executeRecursively(NodeTestTask.java:138)
	at org.junit.platform.engine.support.hierarchical.NodeTestTask.execute(NodeTestTask.java:95)
	at org.junit.platform.engine.support.hierarchical.SameThreadHierarchicalTestExecutorService.submit(SameThreadHierarchicalTestExecutorService.java:35)
	at org.junit.platform.engine.support.hierarchical.HierarchicalTestExecutor.execute(HierarchicalTestExecutor.java:57)
	at org.junit.platform.engine.support.hierarchical.HierarchicalTestEngine.execute(HierarchicalTestEngine.java:54)
	at org.junit.platform.launcher.core.EngineExecutionOrchestrator.execute(EngineExecutionOrchestrator.java:107)
	at org.junit.platform.launcher.core.EngineExecutionOrchestrator.execute(EngineExecutionOrchestrator.java:88)
	at org.junit.platform.launcher.core.EngineExecutionOrchestrator.lambda$execute$0(EngineExecutionOrchestrator.java:54)
	at org.junit.platform.launcher.core.EngineExecutionOrchestrator.withInterceptedStreams(EngineExecutionOrchestrator.java:67)
	at org.junit.platform.launcher.core.EngineExecutionOrchestrator.execute(EngineExecutionOrchestrator.java:52)
	at org.junit.platform.launcher.core.DefaultLauncher.execute(DefaultLauncher.java:114)
	at org.junit.platform.launcher.core.DefaultLauncher.execute(DefaultLauncher.java:86)
	at org.junit.platform.launcher.core.DefaultLauncherSession$DelegatingLauncher.execute(DefaultLauncherSession.java:86)
	at org.apache.maven.surefire.junitplatform.LazyLauncher.execute(LazyLauncher.java:55)
	at org.apache.maven.surefire.junitplatform.JUnitPlatformProvider.execute(JUnitPlatformProvider.java:223)
	at org.apache.maven.surefire.junitplatform.JUnitPlatformProvider.invokeAllTests(JUnitPlatformProvider.java:175)
	at org.apache.maven.surefire.junitplatform.JUnitPlatformProvider.invoke(JUnitPlatformProvider.java:139)
	at org.apache.maven.surefire.booter.ForkedBooter.runSuitesInProcess(ForkedBooter.java:456)
	at org.apache.maven.surefire.booter.ForkedBooter.execute(ForkedBooter.java:169)
	at org.apache.maven.surefire.booter.ForkedBooter.run(ForkedBooter.java:595)
	at org.apache.maven.surefire.booter.ForkedBooter.main(ForkedBooter.java:581)
Caused by: java.io.IOException: Error while instrumenting sun/util/resources/cldr/provider/CLDRLocaleDataMetaInfo.
	at org.jacoco.agent.rt.internal_43f5073.core.instr.Instrumenter.instrumentError(Instrumenter.java:159)
	at org.jacoco.agent.rt.internal_43f5073.core.instr.Instrumenter.instrument(Instrumenter.java:109)
	at org.jacoco.agent.rt.internal_43f5073.CoverageTransformer.transform(CoverageTransformer.java:92)
	... 110 more
Caused by: java.lang.IllegalArgumentException: Unsupported class file major version 61
	at org.jacoco.agent.rt.internal_43f5073.asm.ClassReader.<init>(ClassReader.java:195)
	at org.jacoco.agent.rt.internal_43f5073.asm.ClassReader.<init>(ClassReader.java:176)
	at org.jacoco.agent.rt.internal_43f5073.asm.ClassReader.<init>(ClassReader.java:162)
	at org.jacoco.agent.rt.internal_43f5073.core.internal.instr.InstrSupport.classReaderFor(InstrSupport.java:280)
	at org.jacoco.agent.rt.internal_43f5073.core.instr.Instrumenter.instrument(Instrumenter.java:75)
	at org.jacoco.agent.rt.internal_43f5073.core.instr.Instrumenter.instrument(Instrumenter.java:107)
	... 111 more
[INFO] Tests run: 46, Failures: 0, Errors: 0, Skipped: 0, Time elapsed: 0.023 s - in org.apache.commons.geometry.spherical.oned.AngularIntervalTest
[INFO] Running org.apache.commons.geometry.spherical.oned.CutAngleTest
[INFO] Tests run: 25, Failures: 0, Errors: 0, Skipped: 0, Time elapsed: 0.006 s - in org.apache.commons.geometry.spherical.oned.CutAngleTest
[INFO] 
[INFO] Results:
[INFO] 
[INFO] Tests run: 387, Failures: 0, Errors: 0, Skipped: 0
[INFO] 
[INFO] 
[INFO] ------------< org.apache.commons:commons-geometry-io-core >-------------
[INFO] Building Apache Commons Geometry IO Core 1.0                       [5/6]
[INFO]   from commons-geometry-io-core/pom.xml
[INFO] --------------------------------[ jar ]---------------------------------
[INFO] 
[INFO] --- clean:3.1.0:clean (default-clean) @ commons-geometry-io-core ---
[INFO] Deleting /sfs/weka/scratch/wxw9rr/artifact/RQ3/OE25-DEV/commons-geometry-1.0-src/commons-geometry-io-core/target
[INFO] 
[INFO] --- enforcer:3.0.0-M3:enforce (enforce-maven-version) @ commons-geometry-io-core ---
[INFO] 
[INFO] --- enforcer:3.0.0-M3:enforce (enforce-maven-3) @ commons-geometry-io-core ---
[INFO] 
[INFO] --- apache-rat:0.13:check (rat-check) @ commons-geometry-io-core ---
[INFO] RAT will not execute since it is configured to be skipped via system property 'rat.skip'.
[INFO] 
[INFO] --- build-helper:3.2.0:parse-version (parse-version) @ commons-geometry-io-core ---
[INFO] 
[INFO] --- antrun:1.8:run (javadoc.resources) @ commons-geometry-io-core ---
[INFO] Executing tasks

main:
     [copy] Copying 2 files to /sfs/weka/scratch/wxw9rr/artifact/RQ3/OE25-DEV/commons-geometry-1.0-src/commons-geometry-io-core/target/apidocs/META-INF
[INFO] Executed tasks
[INFO] 
[INFO] --- remote-resources:1.7.0:process (process-resource-bundles) @ commons-geometry-io-core ---
[INFO] Skipping remote resources execution.
[INFO] 
[INFO] --- buildnumber:1.4:create (default) @ commons-geometry-io-core ---
[INFO] Executing: /bin/sh -c cd '/sfs/weka/scratch/wxw9rr/artifact/RQ3/OE25-DEV/commons-geometry-1.0-src/commons-geometry-io-core' && 'git' 'rev-parse' '--verify' 'HEAD'
[INFO] Working directory: /sfs/weka/scratch/wxw9rr/artifact/RQ3/OE25-DEV/commons-geometry-1.0-src/commons-geometry-io-core
[INFO] Storing buildNumber: 77d944d491f2532ea8dc274ce81490a072a96fd9 at timestamp: 1768198146016
[INFO] Storing buildScmBranch: main
[INFO] 
[INFO] --- resources:3.1.0:resources (default-resources) @ commons-geometry-io-core ---
[INFO] Using 'UTF-8' encoding to copy filtered resources.
[INFO] skip non existing resourceDirectory /sfs/weka/scratch/wxw9rr/artifact/RQ3/OE25-DEV/commons-geometry-1.0-src/commons-geometry-io-core/src/main/resources
[INFO] Copying 2 resources to META-INF
[INFO] 
[INFO] --- compiler:3.8.1:compile (default-compile) @ commons-geometry-io-core ---
[INFO] Changes detected - recompiling the module!
[INFO] Compiling 26 source files to /sfs/weka/scratch/wxw9rr/artifact/RQ3/OE25-DEV/commons-geometry-1.0-src/commons-geometry-io-core/target/classes
[INFO] 
[INFO] --- bundle:5.1.1:manifest (bundle-manifest) @ commons-geometry-io-core ---
[INFO] 
[INFO] --- resources:3.1.0:testResources (default-testResources) @ commons-geometry-io-core ---
[INFO] Using 'UTF-8' encoding to copy filtered resources.
[INFO] skip non existing resourceDirectory /sfs/weka/scratch/wxw9rr/artifact/RQ3/OE25-DEV/commons-geometry-1.0-src/commons-geometry-io-core/src/test/resources
[INFO] Copying 2 resources to META-INF
[INFO] 
[INFO] --- compiler:3.8.1:testCompile (default-testCompile) @ commons-geometry-io-core ---
[INFO] Changes detected - recompiling the module!
[INFO] Compiling 15 source files to /sfs/weka/scratch/wxw9rr/artifact/RQ3/OE25-DEV/commons-geometry-1.0-src/commons-geometry-io-core/target/test-classes
[INFO] 
[INFO] --- animal-sniffer:1.19:check (checkAPIcompatibility) @ commons-geometry-io-core ---
[INFO] Checking unresolved references to org.codehaus.mojo.signature:java18:1.0
[INFO] 
[INFO] --- jacoco:0.8.5:prepare-agent (prepare-agent) @ commons-geometry-io-core ---
[INFO] argLine set to -javaagent:/home/wxw9rr/.m2/repository/org/jacoco/org.jacoco.agent/0.8.5/org.jacoco.agent-0.8.5-runtime.jar=destfile=/sfs/weka/scratch/wxw9rr/artifact/RQ3/OE25-DEV/commons-geometry-1.0-src/commons-geometry-io-core/target/jacoco.exec
[INFO] 
[INFO] --- surefire:3.0.0-M7:test (default-test) @ commons-geometry-io-core ---
[INFO] Using auto detected provider org.apache.maven.surefire.junitplatform.JUnitPlatformProvider
[INFO] 
[INFO] -------------------------------------------------------
[INFO]  T E S T S
[INFO] -------------------------------------------------------
Picked up _JAVA_OPTIONS: -Djava.io.tmpdir=/sfs/weka/scratch/wxw9rr/tmp
[INFO] Running org.apache.commons.geometry.io.core.internal.CharReadBufferTest
[INFO] Tests run: 16, Failures: 0, Errors: 0, Skipped: 0, Time elapsed: 0.394 s - in org.apache.commons.geometry.io.core.internal.CharReadBufferTest
[INFO] Running org.apache.commons.geometry.io.core.internal.GeometryIOUtilsTest
[INFO] Tests run: 24, Failures: 0, Errors: 0, Skipped: 0, Time elapsed: 0.12 s - in org.apache.commons.geometry.io.core.internal.GeometryIOUtilsTest
[INFO] Running org.apache.commons.geometry.io.core.internal.SimpleTextParserTest
[INFO] Tests run: 61, Failures: 0, Errors: 0, Skipped: 0, Time elapsed: 0.052 s - in org.apache.commons.geometry.io.core.internal.SimpleTextParserTest
[INFO] Running org.apache.commons.geometry.io.core.utils.AbstractTextFormatWriterTest
java.lang.instrument.IllegalClassFormatException: Error while instrumenting sun/util/resources/cldr/provider/CLDRLocaleDataMetaInfo.
	at org.jacoco.agent.rt.internal_43f5073.CoverageTransformer.transform(CoverageTransformer.java:94)
	at java.instrument/java.lang.instrument.ClassFileTransformer.transform(ClassFileTransformer.java:244)
	at java.instrument/sun.instrument.TransformerManager.transform(TransformerManager.java:188)
	at java.instrument/sun.instrument.InstrumentationImpl.transform(InstrumentationImpl.java:541)
	at java.base/java.lang.ClassLoader.defineClass2(Native Method)
	at java.base/java.lang.ClassLoader.defineClass(ClassLoader.java:1108)
	at java.base/java.security.SecureClassLoader.defineClass(SecureClassLoader.java:182)
	at java.base/jdk.internal.loader.BuiltinClassLoader.defineClass(BuiltinClassLoader.java:821)
	at java.base/jdk.internal.loader.BuiltinClassLoader.findClassInModuleOrNull(BuiltinClassLoader.java:741)
	at java.base/jdk.internal.loader.BuiltinClassLoader.findClass(BuiltinClassLoader.java:621)
	at java.base/java.lang.ClassLoader.loadClass(ClassLoader.java:637)
	at java.base/java.lang.Class.forName(Class.java:545)
	at java.base/java.util.ServiceLoader.loadProvider(ServiceLoader.java:859)
	at java.base/java.util.ServiceLoader$ModuleServicesLookupIterator.hasNext(ServiceLoader.java:1084)
	at java.base/java.util.ServiceLoader$2.hasNext(ServiceLoader.java:1309)
	at java.base/java.util.ServiceLoader$3.hasNext(ServiceLoader.java:1393)
	at java.base/sun.util.cldr.CLDRLocaleProviderAdapter.lambda$new$0(CLDRLocaleProviderAdapter.java:86)
	at java.base/java.security.AccessController.doPrivileged(AccessController.java:569)
	at java.base/sun.util.cldr.CLDRLocaleProviderAdapter.<init>(CLDRLocaleProviderAdapter.java:85)
	at java.base/jdk.internal.reflect.NativeConstructorAccessorImpl.newInstance0(Native Method)
	at java.base/jdk.internal.reflect.NativeConstructorAccessorImpl.newInstance(NativeConstructorAccessorImpl.java:77)
	at java.base/jdk.internal.reflect.DelegatingConstructorAccessorImpl.newInstance(DelegatingConstructorAccessorImpl.java:45)
	at java.base/java.lang.reflect.Constructor.newInstanceWithCaller(Constructor.java:500)
	at java.base/java.lang.reflect.Constructor.newInstance(Constructor.java:481)
	at java.base/sun.util.locale.provider.LocaleProviderAdapter.forType(LocaleProviderAdapter.java:188)
	at java.base/sun.util.locale.provider.LocaleProviderAdapter.findAdapter(LocaleProviderAdapter.java:287)
	at java.base/sun.util.locale.provider.LocaleProviderAdapter.getAdapter(LocaleProviderAdapter.java:258)
	at java.base/java.text.DecimalFormatSymbols.getInstance(DecimalFormatSymbols.java:180)
	at org.apache.commons.geometry.io.core.utils.AbstractTextFormatWriterTest.testWrite_customConfig(AbstractTextFormatWriterTest.java:79)
	at java.base/jdk.internal.reflect.NativeMethodAccessorImpl.invoke0(Native Method)
	at java.base/jdk.internal.reflect.NativeMethodAccessorImpl.invoke(NativeMethodAccessorImpl.java:77)
	at java.base/jdk.internal.reflect.DelegatingMethodAccessorImpl.invoke(DelegatingMethodAccessorImpl.java:43)
	at java.base/java.lang.reflect.Method.invoke(Method.java:569)
	at org.junit.platform.commons.util.ReflectionUtils.invokeMethod(ReflectionUtils.java:688)
	at org.junit.jupiter.engine.execution.MethodInvocation.proceed(MethodInvocation.java:60)
	at org.junit.jupiter.engine.execution.InvocationInterceptorChain$ValidatingInvocation.proceed(InvocationInterceptorChain.java:131)
	at org.junit.jupiter.engine.extension.TimeoutExtension.intercept(TimeoutExtension.java:149)
	at org.junit.jupiter.engine.extension.TimeoutExtension.interceptTestableMethod(TimeoutExtension.java:140)
	at org.junit.jupiter.engine.extension.TimeoutExtension.interceptTestMethod(TimeoutExtension.java:84)
	at org.junit.jupiter.engine.execution.ExecutableInvoker$ReflectiveInterceptorCall.lambda$ofVoidMethod$0(ExecutableInvoker.java:115)
	at org.junit.jupiter.engine.execution.ExecutableInvoker.lambda$invoke$0(ExecutableInvoker.java:105)
	at org.junit.jupiter.engine.execution.InvocationInterceptorChain$InterceptedInvocation.proceed(InvocationInterceptorChain.java:106)
	at org.junit.jupiter.engine.execution.InvocationInterceptorChain.proceed(InvocationInterceptorChain.java:64)
	at org.junit.jupiter.engine.execution.InvocationInterceptorChain.chainAndInvoke(InvocationInterceptorChain.java:45)
	at org.junit.jupiter.engine.execution.InvocationInterceptorChain.invoke(InvocationInterceptorChain.java:37)
	at org.junit.jupiter.engine.execution.ExecutableInvoker.invoke(ExecutableInvoker.java:104)
	at org.junit.jupiter.engine.execution.ExecutableInvoker.invoke(ExecutableInvoker.java:98)
	at org.junit.jupiter.engine.descriptor.TestMethodTestDescriptor.lambda$invokeTestMethod$6(TestMethodTestDescriptor.java:210)
	at org.junit.platform.engine.support.hierarchical.ThrowableCollector.execute(ThrowableCollector.java:73)
	at org.junit.jupiter.engine.descriptor.TestMethodTestDescriptor.invokeTestMethod(TestMethodTestDescriptor.java:206)
	at org.junit.jupiter.engine.descriptor.TestMethodTestDescriptor.execute(TestMethodTestDescriptor.java:131)
	at org.junit.jupiter.engine.descriptor.TestMethodTestDescriptor.execute(TestMethodTestDescriptor.java:65)
	at org.junit.platform.engine.support.hierarchical.NodeTestTask.lambda$executeRecursively$6(NodeTestTask.java:151)
	at org.junit.platform.engine.support.hierarchical.ThrowableCollector.execute(ThrowableCollector.java:73)
	at org.junit.platform.engine.support.hierarchical.NodeTestTask.lambda$executeRecursively$8(NodeTestTask.java:141)
	at org.junit.platform.engine.support.hierarchical.Node.around(Node.java:137)
	at org.junit.platform.engine.support.hierarchical.NodeTestTask.lambda$executeRecursively$9(NodeTestTask.java:139)
	at org.junit.platform.engine.support.hierarchical.ThrowableCollector.execute(ThrowableCollector.java:73)
	at org.junit.platform.engine.support.hierarchical.NodeTestTask.executeRecursively(NodeTestTask.java:138)
	at org.junit.platform.engine.support.hierarchical.NodeTestTask.execute(NodeTestTask.java:95)
	at java.base/java.util.ArrayList.forEach(ArrayList.java:1511)
	at org.junit.platform.engine.support.hierarchical.SameThreadHierarchicalTestExecutorService.invokeAll(SameThreadHierarchicalTestExecutorService.java:41)
	at org.junit.platform.engine.support.hierarchical.NodeTestTask.lambda$executeRecursively$6(NodeTestTask.java:155)
	at org.junit.platform.engine.support.hierarchical.ThrowableCollector.execute(ThrowableCollector.java:73)
	at org.junit.platform.engine.support.hierarchical.NodeTestTask.lambda$executeRecursively$8(NodeTestTask.java:141)
	at org.junit.platform.engine.support.hierarchical.Node.around(Node.java:137)
	at org.junit.platform.engine.support.hierarchical.NodeTestTask.lambda$executeRecursively$9(NodeTestTask.java:139)
	at org.junit.platform.engine.support.hierarchical.ThrowableCollector.execute(ThrowableCollector.java:73)
	at org.junit.platform.engine.support.hierarchical.NodeTestTask.executeRecursively(NodeTestTask.java:138)
	at org.junit.platform.engine.support.hierarchical.NodeTestTask.execute(NodeTestTask.java:95)
	at java.base/java.util.ArrayList.forEach(ArrayList.java:1511)
	at org.junit.platform.engine.support.hierarchical.SameThreadHierarchicalTestExecutorService.invokeAll(SameThreadHierarchicalTestExecutorService.java:41)
	at org.junit.platform.engine.support.hierarchical.NodeTestTask.lambda$executeRecursively$6(NodeTestTask.java:155)
	at org.junit.platform.engine.support.hierarchical.ThrowableCollector.execute(ThrowableCollector.java:73)
	at org.junit.platform.engine.support.hierarchical.NodeTestTask.lambda$executeRecursively$8(NodeTestTask.java:141)
	at org.junit.platform.engine.support.hierarchical.Node.around(Node.java:137)
	at org.junit.platform.engine.support.hierarchical.NodeTestTask.lambda$executeRecursively$9(NodeTestTask.java:139)
	at org.junit.platform.engine.support.hierarchical.ThrowableCollector.execute(ThrowableCollector.java:73)
	at org.junit.platform.engine.support.hierarchical.NodeTestTask.executeRecursively(NodeTestTask.java:138)
	at org.junit.platform.engine.support.hierarchical.NodeTestTask.execute(NodeTestTask.java:95)
	at org.junit.platform.engine.support.hierarchical.SameThreadHierarchicalTestExecutorService.submit(SameThreadHierarchicalTestExecutorService.java:35)
	at org.junit.platform.engine.support.hierarchical.HierarchicalTestExecutor.execute(HierarchicalTestExecutor.java:57)
	at org.junit.platform.engine.support.hierarchical.HierarchicalTestEngine.execute(HierarchicalTestEngine.java:54)
	at org.junit.platform.launcher.core.EngineExecutionOrchestrator.execute(EngineExecutionOrchestrator.java:107)
	at org.junit.platform.launcher.core.EngineExecutionOrchestrator.execute(EngineExecutionOrchestrator.java:88)
	at org.junit.platform.launcher.core.EngineExecutionOrchestrator.lambda$execute$0(EngineExecutionOrchestrator.java:54)
	at org.junit.platform.launcher.core.EngineExecutionOrchestrator.withInterceptedStreams(EngineExecutionOrchestrator.java:67)
	at org.junit.platform.launcher.core.EngineExecutionOrchestrator.execute(EngineExecutionOrchestrator.java:52)
	at org.junit.platform.launcher.core.DefaultLauncher.execute(DefaultLauncher.java:114)
	at org.junit.platform.launcher.core.DefaultLauncher.execute(DefaultLauncher.java:86)
	at org.junit.platform.launcher.core.DefaultLauncherSession$DelegatingLauncher.execute(DefaultLauncherSession.java:86)
	at org.apache.maven.surefire.junitplatform.LazyLauncher.execute(LazyLauncher.java:55)
	at org.apache.maven.surefire.junitplatform.JUnitPlatformProvider.execute(JUnitPlatformProvider.java:223)
	at org.apache.maven.surefire.junitplatform.JUnitPlatformProvider.invokeAllTests(JUnitPlatformProvider.java:175)
	at org.apache.maven.surefire.junitplatform.JUnitPlatformProvider.invoke(JUnitPlatformProvider.java:139)
	at org.apache.maven.surefire.booter.ForkedBooter.runSuitesInProcess(ForkedBooter.java:456)
	at org.apache.maven.surefire.booter.ForkedBooter.execute(ForkedBooter.java:169)
	at org.apache.maven.surefire.booter.ForkedBooter.run(ForkedBooter.java:595)
	at org.apache.maven.surefire.booter.ForkedBooter.main(ForkedBooter.java:581)
Caused by: java.io.IOException: Error while instrumenting sun/util/resources/cldr/provider/CLDRLocaleDataMetaInfo.
	at org.jacoco.agent.rt.internal_43f5073.core.instr.Instrumenter.instrumentError(Instrumenter.java:159)
	at org.jacoco.agent.rt.internal_43f5073.core.instr.Instrumenter.instrument(Instrumenter.java:109)
	at org.jacoco.agent.rt.internal_43f5073.CoverageTransformer.transform(CoverageTransformer.java:92)
	... 98 more
Caused by: java.lang.IllegalArgumentException: Unsupported class file major version 61
	at org.jacoco.agent.rt.internal_43f5073.asm.ClassReader.<init>(ClassReader.java:195)
	at org.jacoco.agent.rt.internal_43f5073.asm.ClassReader.<init>(ClassReader.java:176)
	at org.jacoco.agent.rt.internal_43f5073.asm.ClassReader.<init>(ClassReader.java:162)
	at org.jacoco.agent.rt.internal_43f5073.core.internal.instr.InstrSupport.classReaderFor(InstrSupport.java:280)
	at org.jacoco.agent.rt.internal_43f5073.core.instr.Instrumenter.instrument(Instrumenter.java:75)
	at org.jacoco.agent.rt.internal_43f5073.core.instr.Instrumenter.instrument(Instrumenter.java:107)
	... 99 more
[INFO] Tests run: 4, Failures: 0, Errors: 0, Skipped: 0, Time elapsed: 0.022 s - in org.apache.commons.geometry.io.core.utils.AbstractTextFormatWriterTest
[INFO] Running org.apache.commons.geometry.io.core.BoundaryIOManagerTest
[INFO] Tests run: 31, Failures: 0, Errors: 0, Skipped: 0, Time elapsed: 0.069 s - in org.apache.commons.geometry.io.core.BoundaryIOManagerTest
[INFO] Running org.apache.commons.geometry.io.core.output.FileGeometryOutputTest
[INFO] Tests run: 4, Failures: 0, Errors: 0, Skipped: 0, Time elapsed: 0.177 s - in org.apache.commons.geometry.io.core.output.FileGeometryOutputTest
[INFO] Running org.apache.commons.geometry.io.core.output.StreamGeometryOutputTest
[INFO] Tests run: 4, Failures: 0, Errors: 0, Skipped: 0, Time elapsed: 0.002 s - in org.apache.commons.geometry.io.core.output.StreamGeometryOutputTest
[INFO] Running org.apache.commons.geometry.io.core.input.UrlGeometryInputTest
[INFO] Tests run: 4, Failures: 0, Errors: 0, Skipped: 0, Time elapsed: 0.164 s - in org.apache.commons.geometry.io.core.input.UrlGeometryInputTest
[INFO] Running org.apache.commons.geometry.io.core.input.StreamGeometryInputTest
[INFO] Tests run: 4, Failures: 0, Errors: 0, Skipped: 0, Time elapsed: 0.002 s - in org.apache.commons.geometry.io.core.input.StreamGeometryInputTest
[INFO] Running org.apache.commons.geometry.io.core.input.FileGeometryInputTest
[INFO] Tests run: 4, Failures: 0, Errors: 0, Skipped: 0, Time elapsed: 0.117 s - in org.apache.commons.geometry.io.core.input.FileGeometryInputTest
[INFO] 
[INFO] Results:
[INFO] 
[INFO] Tests run: 156, Failures: 0, Errors: 0, Skipped: 0
[INFO] 
[INFO] 
[INFO] ----------< org.apache.commons:commons-geometry-io-euclidean >----------
[INFO] Building Apache Commons Geometry IO Euclidean 1.0                  [6/6]
[INFO]   from commons-geometry-io-euclidean/pom.xml
[INFO] --------------------------------[ jar ]---------------------------------
[INFO] 
[INFO] --- clean:3.1.0:clean (default-clean) @ commons-geometry-io-euclidean ---
[INFO] Deleting /sfs/weka/scratch/wxw9rr/artifact/RQ3/OE25-DEV/commons-geometry-1.0-src/commons-geometry-io-euclidean/target
[INFO] 
[INFO] --- enforcer:3.0.0-M3:enforce (enforce-maven-version) @ commons-geometry-io-euclidean ---
[INFO] 
[INFO] --- enforcer:3.0.0-M3:enforce (enforce-maven-3) @ commons-geometry-io-euclidean ---
[INFO] 
[INFO] --- apache-rat:0.13:check (rat-check) @ commons-geometry-io-euclidean ---
[INFO] RAT will not execute since it is configured to be skipped via system property 'rat.skip'.
[INFO] 
[INFO] --- build-helper:3.2.0:parse-version (parse-version) @ commons-geometry-io-euclidean ---
[INFO] 
[INFO] --- antrun:1.8:run (javadoc.resources) @ commons-geometry-io-euclidean ---
[INFO] Executing tasks

main:
     [copy] Copying 2 files to /sfs/weka/scratch/wxw9rr/artifact/RQ3/OE25-DEV/commons-geometry-1.0-src/commons-geometry-io-euclidean/target/apidocs/META-INF
[INFO] Executed tasks
[INFO] 
[INFO] --- remote-resources:1.7.0:process (process-resource-bundles) @ commons-geometry-io-euclidean ---
[INFO] Skipping remote resources execution.
[INFO] 
[INFO] --- buildnumber:1.4:create (default) @ commons-geometry-io-euclidean ---
[INFO] Executing: /bin/sh -c cd '/sfs/weka/scratch/wxw9rr/artifact/RQ3/OE25-DEV/commons-geometry-1.0-src/commons-geometry-io-euclidean' && 'git' 'rev-parse' '--verify' 'HEAD'
[INFO] Working directory: /sfs/weka/scratch/wxw9rr/artifact/RQ3/OE25-DEV/commons-geometry-1.0-src/commons-geometry-io-euclidean
[INFO] Storing buildNumber: 77d944d491f2532ea8dc274ce81490a072a96fd9 at timestamp: 1768198157945
[INFO] Storing buildScmBranch: main
[INFO] 
[INFO] --- resources:3.1.0:resources (default-resources) @ commons-geometry-io-euclidean ---
[INFO] Using 'UTF-8' encoding to copy filtered resources.
[INFO] skip non existing resourceDirectory /sfs/weka/scratch/wxw9rr/artifact/RQ3/OE25-DEV/commons-geometry-1.0-src/commons-geometry-io-euclidean/src/main/resources
[INFO] Copying 2 resources to META-INF
[INFO] 
[INFO] --- compiler:3.8.1:compile (default-compile) @ commons-geometry-io-euclidean ---
[INFO] Changes detected - recompiling the module!
[INFO] Compiling 41 source files to /sfs/weka/scratch/wxw9rr/artifact/RQ3/OE25-DEV/commons-geometry-1.0-src/commons-geometry-io-euclidean/target/classes
[INFO] 
[INFO] --- bundle:5.1.1:manifest (bundle-manifest) @ commons-geometry-io-euclidean ---
[INFO] 
[INFO] --- resources:3.1.0:testResources (default-testResources) @ commons-geometry-io-euclidean ---
[INFO] Using 'UTF-8' encoding to copy filtered resources.
[INFO] Copying 14 resources
[INFO] Copying 2 resources to META-INF
[INFO] 
[INFO] --- compiler:3.8.1:testCompile (default-testCompile) @ commons-geometry-io-euclidean ---
[INFO] Changes detected - recompiling the module!
[INFO] Compiling 24 source files to /sfs/weka/scratch/wxw9rr/artifact/RQ3/OE25-DEV/commons-geometry-1.0-src/commons-geometry-io-euclidean/target/test-classes
[INFO] 
[INFO] --- animal-sniffer:1.19:check (checkAPIcompatibility) @ commons-geometry-io-euclidean ---
[INFO] Checking unresolved references to org.codehaus.mojo.signature:java18:1.0
[INFO] /sfs/weka/scratch/wxw9rr/artifact/RQ3/OE25-DEV/commons-geometry-1.0-src/commons-geometry-io-euclidean/src/main/java/org/apache/commons/geometry/io/euclidean/threed/stl/BinaryStlWriter.java:91: Covariant return type change detected: java.nio.Buffer java.nio.ByteBuffer.rewind() has been changed to java.nio.ByteBuffer java.nio.ByteBuffer.rewind()
[INFO] /sfs/weka/scratch/wxw9rr/artifact/RQ3/OE25-DEV/commons-geometry-1.0-src/commons-geometry-io-euclidean/src/main/java/org/apache/commons/geometry/io/euclidean/threed/stl/BinaryStlWriter.java:148: Covariant return type change detected: java.nio.Buffer java.nio.ByteBuffer.flip() has been changed to java.nio.ByteBuffer java.nio.ByteBuffer.flip()
[INFO] /sfs/weka/scratch/wxw9rr/artifact/RQ3/OE25-DEV/commons-geometry-1.0-src/commons-geometry-io-euclidean/src/main/java/org/apache/commons/geometry/io/euclidean/threed/stl/BinaryStlFacetDefinitionReader.java:141: Covariant return type change detected: java.nio.Buffer java.nio.ByteBuffer.rewind() has been changed to java.nio.ByteBuffer java.nio.ByteBuffer.rewind()
[INFO] /sfs/weka/scratch/wxw9rr/artifact/RQ3/OE25-DEV/commons-geometry-1.0-src/commons-geometry-io-euclidean/src/main/java/org/apache/commons/geometry/io/euclidean/threed/stl/BinaryStlFacetDefinitionReader.java:182: Covariant return type change detected: java.nio.Buffer java.nio.ByteBuffer.rewind() has been changed to java.nio.ByteBuffer java.nio.ByteBuffer.rewind()
[INFO] 
[INFO] --- jacoco:0.8.5:prepare-agent (prepare-agent) @ commons-geometry-io-euclidean ---
[INFO] argLine set to -javaagent:/home/wxw9rr/.m2/repository/org/jacoco/org.jacoco.agent/0.8.5/org.jacoco.agent-0.8.5-runtime.jar=destfile=/sfs/weka/scratch/wxw9rr/artifact/RQ3/OE25-DEV/commons-geometry-1.0-src/commons-geometry-io-euclidean/target/jacoco.exec
[INFO] 
[INFO] --- surefire:3.0.0-M7:test (default-test) @ commons-geometry-io-euclidean ---
[INFO] Using auto detected provider org.apache.maven.surefire.junitplatform.JUnitPlatformProvider
[INFO] 
[INFO] -------------------------------------------------------
[INFO]  T E S T S
[INFO] -------------------------------------------------------
Picked up _JAVA_OPTIONS: -Djava.io.tmpdir=/sfs/weka/scratch/wxw9rr/tmp
[INFO] Running org.apache.commons.geometry.io.euclidean.threed.FacetDefinitionsTest
[INFO] Tests run: 5, Failures: 0, Errors: 0, Skipped: 0, Time elapsed: 0.654 s - in org.apache.commons.geometry.io.euclidean.threed.FacetDefinitionsTest
[INFO] Running org.apache.commons.geometry.io.euclidean.threed.obj.ObjWriterTest
java.lang.instrument.IllegalClassFormatException: Error while instrumenting sun/util/resources/cldr/provider/CLDRLocaleDataMetaInfo.
	at org.jacoco.agent.rt.internal_43f5073.CoverageTransformer.transform(CoverageTransformer.java:94)
	at java.instrument/java.lang.instrument.ClassFileTransformer.transform(ClassFileTransformer.java:244)
	at java.instrument/sun.instrument.TransformerManager.transform(TransformerManager.java:188)
	at java.instrument/sun.instrument.InstrumentationImpl.transform(InstrumentationImpl.java:541)
	at java.base/java.lang.ClassLoader.defineClass2(Native Method)
	at java.base/java.lang.ClassLoader.defineClass(ClassLoader.java:1108)
	at java.base/java.security.SecureClassLoader.defineClass(SecureClassLoader.java:182)
	at java.base/jdk.internal.loader.BuiltinClassLoader.defineClass(BuiltinClassLoader.java:821)
	at java.base/jdk.internal.loader.BuiltinClassLoader.findClassInModuleOrNull(BuiltinClassLoader.java:741)
	at java.base/jdk.internal.loader.BuiltinClassLoader.findClass(BuiltinClassLoader.java:621)
	at java.base/java.lang.ClassLoader.loadClass(ClassLoader.java:637)
	at java.base/java.lang.Class.forName(Class.java:545)
	at java.base/java.util.ServiceLoader.loadProvider(ServiceLoader.java:859)
	at java.base/java.util.ServiceLoader$ModuleServicesLookupIterator.hasNext(ServiceLoader.java:1084)
	at java.base/java.util.ServiceLoader$2.hasNext(ServiceLoader.java:1309)
	at java.base/java.util.ServiceLoader$3.hasNext(ServiceLoader.java:1393)
	at java.base/sun.util.cldr.CLDRLocaleProviderAdapter.lambda$new$0(CLDRLocaleProviderAdapter.java:86)
	at java.base/java.security.AccessController.doPrivileged(AccessController.java:569)
	at java.base/sun.util.cldr.CLDRLocaleProviderAdapter.<init>(CLDRLocaleProviderAdapter.java:85)
	at java.base/jdk.internal.reflect.NativeConstructorAccessorImpl.newInstance0(Native Method)
	at java.base/jdk.internal.reflect.NativeConstructorAccessorImpl.newInstance(NativeConstructorAccessorImpl.java:77)
	at java.base/jdk.internal.reflect.DelegatingConstructorAccessorImpl.newInstance(DelegatingConstructorAccessorImpl.java:45)
	at java.base/java.lang.reflect.Constructor.newInstanceWithCaller(Constructor.java:500)
	at java.base/java.lang.reflect.Constructor.newInstance(Constructor.java:481)
	at java.base/sun.util.locale.provider.LocaleProviderAdapter.forType(LocaleProviderAdapter.java:188)
	at java.base/sun.util.locale.provider.LocaleProviderAdapter.findAdapter(LocaleProviderAdapter.java:287)
	at java.base/sun.util.locale.provider.LocaleProviderAdapter.getAdapter(LocaleProviderAdapter.java:258)
	at java.base/java.text.DecimalFormatSymbols.getInstance(DecimalFormatSymbols.java:180)
	at org.apache.commons.geometry.io.euclidean.threed.obj.ObjWriterTest.testWriteNormal(ObjWriterTest.java:192)
	at java.base/jdk.internal.reflect.NativeMethodAccessorImpl.invoke0(Native Method)
	at java.base/jdk.internal.reflect.NativeMethodAccessorImpl.invoke(NativeMethodAccessorImpl.java:77)
	at java.base/jdk.internal.reflect.DelegatingMethodAccessorImpl.invoke(DelegatingMethodAccessorImpl.java:43)
	at java.base/java.lang.reflect.Method.invoke(Method.java:569)
	at org.junit.platform.commons.util.ReflectionUtils.invokeMethod(ReflectionUtils.java:688)
	at org.junit.jupiter.engine.execution.MethodInvocation.proceed(MethodInvocation.java:60)
	at org.junit.jupiter.engine.execution.InvocationInterceptorChain$ValidatingInvocation.proceed(InvocationInterceptorChain.java:131)
	at org.junit.jupiter.engine.extension.TimeoutExtension.intercept(TimeoutExtension.java:149)
	at org.junit.jupiter.engine.extension.TimeoutExtension.interceptTestableMethod(TimeoutExtension.java:140)
	at org.junit.jupiter.engine.extension.TimeoutExtension.interceptTestMethod(TimeoutExtension.java:84)
	at org.junit.jupiter.engine.execution.ExecutableInvoker$ReflectiveInterceptorCall.lambda$ofVoidMethod$0(ExecutableInvoker.java:115)
	at org.junit.jupiter.engine.execution.ExecutableInvoker.lambda$invoke$0(ExecutableInvoker.java:105)
	at org.junit.jupiter.engine.execution.InvocationInterceptorChain$InterceptedInvocation.proceed(InvocationInterceptorChain.java:106)
	at org.junit.jupiter.engine.execution.InvocationInterceptorChain.proceed(InvocationInterceptorChain.java:64)
	at org.junit.jupiter.engine.execution.InvocationInterceptorChain.chainAndInvoke(InvocationInterceptorChain.java:45)
	at org.junit.jupiter.engine.execution.InvocationInterceptorChain.invoke(InvocationInterceptorChain.java:37)
	at org.junit.jupiter.engine.execution.ExecutableInvoker.invoke(ExecutableInvoker.java:104)
	at org.junit.jupiter.engine.execution.ExecutableInvoker.invoke(ExecutableInvoker.java:98)
	at org.junit.jupiter.engine.descriptor.TestMethodTestDescriptor.lambda$invokeTestMethod$6(TestMethodTestDescriptor.java:210)
	at org.junit.platform.engine.support.hierarchical.ThrowableCollector.execute(ThrowableCollector.java:73)
	at org.junit.jupiter.engine.descriptor.TestMethodTestDescriptor.invokeTestMethod(TestMethodTestDescriptor.java:206)
	at org.junit.jupiter.engine.descriptor.TestMethodTestDescriptor.execute(TestMethodTestDescriptor.java:131)
	at org.junit.jupiter.engine.descriptor.TestMethodTestDescriptor.execute(TestMethodTestDescriptor.java:65)
	at org.junit.platform.engine.support.hierarchical.NodeTestTask.lambda$executeRecursively$6(NodeTestTask.java:151)
	at org.junit.platform.engine.support.hierarchical.ThrowableCollector.execute(ThrowableCollector.java:73)
	at org.junit.platform.engine.support.hierarchical.NodeTestTask.lambda$executeRecursively$8(NodeTestTask.java:141)
	at org.junit.platform.engine.support.hierarchical.Node.around(Node.java:137)
	at org.junit.platform.engine.support.hierarchical.NodeTestTask.lambda$executeRecursively$9(NodeTestTask.java:139)
	at org.junit.platform.engine.support.hierarchical.ThrowableCollector.execute(ThrowableCollector.java:73)
	at org.junit.platform.engine.support.hierarchical.NodeTestTask.executeRecursively(NodeTestTask.java:138)
	at org.junit.platform.engine.support.hierarchical.NodeTestTask.execute(NodeTestTask.java:95)
	at java.base/java.util.ArrayList.forEach(ArrayList.java:1511)
	at org.junit.platform.engine.support.hierarchical.SameThreadHierarchicalTestExecutorService.invokeAll(SameThreadHierarchicalTestExecutorService.java:41)
	at org.junit.platform.engine.support.hierarchical.NodeTestTask.lambda$executeRecursively$6(NodeTestTask.java:155)
	at org.junit.platform.engine.support.hierarchical.ThrowableCollector.execute(ThrowableCollector.java:73)
	at org.junit.platform.engine.support.hierarchical.NodeTestTask.lambda$executeRecursively$8(NodeTestTask.java:141)
	at org.junit.platform.engine.support.hierarchical.Node.around(Node.java:137)
	at org.junit.platform.engine.support.hierarchical.NodeTestTask.lambda$executeRecursively$9(NodeTestTask.java:139)
	at org.junit.platform.engine.support.hierarchical.ThrowableCollector.execute(ThrowableCollector.java:73)
	at org.junit.platform.engine.support.hierarchical.NodeTestTask.executeRecursively(NodeTestTask.java:138)
	at org.junit.platform.engine.support.hierarchical.NodeTestTask.execute(NodeTestTask.java:95)
	at java.base/java.util.ArrayList.forEach(ArrayList.java:1511)
	at org.junit.platform.engine.support.hierarchical.SameThreadHierarchicalTestExecutorService.invokeAll(SameThreadHierarchicalTestExecutorService.java:41)
	at org.junit.platform.engine.support.hierarchical.NodeTestTask.lambda$executeRecursively$6(NodeTestTask.java:155)
	at org.junit.platform.engine.support.hierarchical.ThrowableCollector.execute(ThrowableCollector.java:73)
	at org.junit.platform.engine.support.hierarchical.NodeTestTask.lambda$executeRecursively$8(NodeTestTask.java:141)
	at org.junit.platform.engine.support.hierarchical.Node.around(Node.java:137)
	at org.junit.platform.engine.support.hierarchical.NodeTestTask.lambda$executeRecursively$9(NodeTestTask.java:139)
	at org.junit.platform.engine.support.hierarchical.ThrowableCollector.execute(ThrowableCollector.java:73)
	at org.junit.platform.engine.support.hierarchical.NodeTestTask.executeRecursively(NodeTestTask.java:138)
	at org.junit.platform.engine.support.hierarchical.NodeTestTask.execute(NodeTestTask.java:95)
	at org.junit.platform.engine.support.hierarchical.SameThreadHierarchicalTestExecutorService.submit(SameThreadHierarchicalTestExecutorService.java:35)
	at org.junit.platform.engine.support.hierarchical.HierarchicalTestExecutor.execute(HierarchicalTestExecutor.java:57)
	at org.junit.platform.engine.support.hierarchical.HierarchicalTestEngine.execute(HierarchicalTestEngine.java:54)
	at org.junit.platform.launcher.core.EngineExecutionOrchestrator.execute(EngineExecutionOrchestrator.java:107)
	at org.junit.platform.launcher.core.EngineExecutionOrchestrator.execute(EngineExecutionOrchestrator.java:88)
	at org.junit.platform.launcher.core.EngineExecutionOrchestrator.lambda$execute$0(EngineExecutionOrchestrator.java:54)
	at org.junit.platform.launcher.core.EngineExecutionOrchestrator.withInterceptedStreams(EngineExecutionOrchestrator.java:67)
	at org.junit.platform.launcher.core.EngineExecutionOrchestrator.execute(EngineExecutionOrchestrator.java:52)
	at org.junit.platform.launcher.core.DefaultLauncher.execute(DefaultLauncher.java:114)
	at org.junit.platform.launcher.core.DefaultLauncher.execute(DefaultLauncher.java:86)
	at org.junit.platform.launcher.core.DefaultLauncherSession$DelegatingLauncher.execute(DefaultLauncherSession.java:86)
	at org.apache.maven.surefire.junitplatform.LazyLauncher.execute(LazyLauncher.java:55)
	at org.apache.maven.surefire.junitplatform.JUnitPlatformProvider.execute(JUnitPlatformProvider.java:223)
	at org.apache.maven.surefire.junitplatform.JUnitPlatformProvider.invokeAllTests(JUnitPlatformProvider.java:175)
	at org.apache.maven.surefire.junitplatform.JUnitPlatformProvider.invoke(JUnitPlatformProvider.java:139)
	at org.apache.maven.surefire.booter.ForkedBooter.runSuitesInProcess(ForkedBooter.java:456)
	at org.apache.maven.surefire.booter.ForkedBooter.execute(ForkedBooter.java:169)
	at org.apache.maven.surefire.booter.ForkedBooter.run(ForkedBooter.java:595)
	at org.apache.maven.surefire.booter.ForkedBooter.main(ForkedBooter.java:581)
Caused by: java.io.IOException: Error while instrumenting sun/util/resources/cldr/provider/CLDRLocaleDataMetaInfo.
	at org.jacoco.agent.rt.internal_43f5073.core.instr.Instrumenter.instrumentError(Instrumenter.java:159)
	at org.jacoco.agent.rt.internal_43f5073.core.instr.Instrumenter.instrument(Instrumenter.java:109)
	at org.jacoco.agent.rt.internal_43f5073.CoverageTransformer.transform(CoverageTransformer.java:92)
	... 98 more
Caused by: java.lang.IllegalArgumentException: Unsupported class file major version 61
	at org.jacoco.agent.rt.internal_43f5073.asm.ClassReader.<init>(ClassReader.java:195)
	at org.jacoco.agent.rt.internal_43f5073.asm.ClassReader.<init>(ClassReader.java:176)
	at org.jacoco.agent.rt.internal_43f5073.asm.ClassReader.<init>(ClassReader.java:162)
	at org.jacoco.agent.rt.internal_43f5073.core.internal.instr.InstrSupport.classReaderFor(InstrSupport.java:280)
	at org.jacoco.agent.rt.internal_43f5073.core.instr.Instrumenter.instrument(Instrumenter.java:75)
	at org.jacoco.agent.rt.internal_43f5073.core.instr.Instrumenter.instrument(Instrumenter.java:107)
	... 99 more
[INFO] Tests run: 23, Failures: 0, Errors: 0, Skipped: 0, Time elapsed: 0.212 s - in org.apache.commons.geometry.io.euclidean.threed.obj.ObjWriterTest
[INFO] Running org.apache.commons.geometry.io.euclidean.threed.obj.ObjTriangleMeshReaderTest
[INFO] Tests run: 5, Failures: 0, Errors: 0, Skipped: 0, Time elapsed: 0.047 s - in org.apache.commons.geometry.io.euclidean.threed.obj.ObjTriangleMeshReaderTest
[INFO] Running org.apache.commons.geometry.io.euclidean.threed.obj.ObjBoundaryWriteHandler3DTest
[INFO] Tests run: 7, Failures: 0, Errors: 0, Skipped: 0, Time elapsed: 0.037 s - in org.apache.commons.geometry.io.euclidean.threed.obj.ObjBoundaryWriteHandler3DTest
[INFO] Running org.apache.commons.geometry.io.euclidean.threed.obj.ObjBoundaryReadHandler3DTest
[INFO] Tests run: 7, Failures: 0, Errors: 0, Skipped: 0, Time elapsed: 0.024 s - in org.apache.commons.geometry.io.euclidean.threed.obj.ObjBoundaryReadHandler3DTest
[INFO] Running org.apache.commons.geometry.io.euclidean.threed.obj.PolygonObjParserTest
[INFO] Tests run: 23, Failures: 0, Errors: 0, Skipped: 0, Time elapsed: 0.038 s - in org.apache.commons.geometry.io.euclidean.threed.obj.PolygonObjParserTest
[INFO] Running org.apache.commons.geometry.io.euclidean.threed.obj.ObjFacetDefinitionReaderTest
[INFO] Tests run: 5, Failures: 0, Errors: 0, Skipped: 0, Time elapsed: 0.003 s - in org.apache.commons.geometry.io.euclidean.threed.obj.ObjFacetDefinitionReaderTest
[INFO] Running org.apache.commons.geometry.io.euclidean.threed.SimpleFacetDefinitionTest
[INFO] Tests run: 4, Failures: 0, Errors: 0, Skipped: 0, Time elapsed: 0.034 s - in org.apache.commons.geometry.io.euclidean.threed.SimpleFacetDefinitionTest
[INFO] Running org.apache.commons.geometry.io.euclidean.threed.BoundaryIOManager3DTest
[INFO] Tests run: 22, Failures: 0, Errors: 0, Skipped: 0, Time elapsed: 0.124 s - in org.apache.commons.geometry.io.euclidean.threed.BoundaryIOManager3DTest
[INFO] Running org.apache.commons.geometry.io.euclidean.threed.stl.TextStlWriterTest
[INFO] Tests run: 23, Failures: 0, Errors: 0, Skipped: 0, Time elapsed: 0.03 s - in org.apache.commons.geometry.io.euclidean.threed.stl.TextStlWriterTest
[INFO] Running org.apache.commons.geometry.io.euclidean.threed.stl.StlBoundaryReadHandler3DTest
[INFO] Tests run: 8, Failures: 0, Errors: 0, Skipped: 0, Time elapsed: 0.726 s - in org.apache.commons.geometry.io.euclidean.threed.stl.StlBoundaryReadHandler3DTest
[INFO] Running org.apache.commons.geometry.io.euclidean.threed.stl.TextStlFacetDefinitionReaderTest
[INFO] Tests run: 8, Failures: 0, Errors: 0, Skipped: 0, Time elapsed: 0.003 s - in org.apache.commons.geometry.io.euclidean.threed.stl.TextStlFacetDefinitionReaderTest
[INFO] Running org.apache.commons.geometry.io.euclidean.threed.stl.BinaryStlWriterTest
[INFO] Tests run: 6, Failures: 0, Errors: 0, Skipped: 0, Time elapsed: 0.011 s - in org.apache.commons.geometry.io.euclidean.threed.stl.BinaryStlWriterTest
[INFO] Running org.apache.commons.geometry.io.euclidean.threed.stl.StlBoundaryWriteHandler3DTest
[INFO] Tests run: 11, Failures: 0, Errors: 0, Skipped: 0, Time elapsed: 0.384 s - in org.apache.commons.geometry.io.euclidean.threed.stl.StlBoundaryWriteHandler3DTest
[INFO] Running org.apache.commons.geometry.io.euclidean.threed.stl.StlFacetDefinitionReadersTest
[INFO] Tests run: 5, Failures: 0, Errors: 0, Skipped: 0, Time elapsed: 0.023 s - in org.apache.commons.geometry.io.euclidean.threed.stl.StlFacetDefinitionReadersTest
[INFO] Running org.apache.commons.geometry.io.euclidean.threed.stl.BinaryStlFacetDefinitionReaderTest
[INFO] Tests run: 11, Failures: 0, Errors: 0, Skipped: 0, Time elapsed: 0.004 s - in org.apache.commons.geometry.io.euclidean.threed.stl.BinaryStlFacetDefinitionReaderTest
[INFO] Running org.apache.commons.geometry.io.euclidean.threed.IO3DTest
[INFO] Tests run: 9, Failures: 0, Errors: 0, Skipped: 0, Time elapsed: 10.546 s - in org.apache.commons.geometry.io.euclidean.threed.IO3DTest
[INFO] Running org.apache.commons.geometry.io.euclidean.threed.txt.TextBoundaryReadHandler3DTest
[INFO] Tests run: 5, Failures: 0, Errors: 0, Skipped: 0, Time elapsed: 0.001 s - in org.apache.commons.geometry.io.euclidean.threed.txt.TextBoundaryReadHandler3DTest
[INFO] Running org.apache.commons.geometry.io.euclidean.threed.txt.TextBoundaryWriteHandler3DTest
[INFO] Tests run: 6, Failures: 0, Errors: 0, Skipped: 0, Time elapsed: 0.002 s - in org.apache.commons.geometry.io.euclidean.threed.txt.TextBoundaryWriteHandler3DTest
[INFO] Running org.apache.commons.geometry.io.euclidean.threed.txt.TextFacetDefinitionWriterTest
[INFO] Tests run: 19, Failures: 0, Errors: 0, Skipped: 0, Time elapsed: 0.008 s - in org.apache.commons.geometry.io.euclidean.threed.txt.TextFacetDefinitionWriterTest
[INFO] Running org.apache.commons.geometry.io.euclidean.threed.txt.TextFacetDefinitionReaderTest
[INFO] Tests run: 13, Failures: 0, Errors: 0, Skipped: 0, Time elapsed: 0.005 s - in org.apache.commons.geometry.io.euclidean.threed.txt.TextFacetDefinitionReaderTest
[INFO] Running org.apache.commons.geometry.io.euclidean.threed.AbstractBoundaryReadHandler3DTest
[INFO] Tests run: 6, Failures: 0, Errors: 0, Skipped: 0, Time elapsed: 0.002 s - in org.apache.commons.geometry.io.euclidean.threed.AbstractBoundaryReadHandler3DTest
[INFO] Running org.apache.commons.geometry.io.euclidean.DocumentationExamplesTest
[INFO] Tests run: 2, Failures: 0, Errors: 0, Skipped: 0, Time elapsed: 0.06 s - in org.apache.commons.geometry.io.euclidean.DocumentationExamplesTest
[INFO] 
[INFO] Results:
[INFO] 
[INFO] Tests run: 233, Failures: 0, Errors: 0, Skipped: 0
[INFO] 
[INFO] ------------------------------------------------------------------------
[INFO] Reactor Summary for Apache Commons Geometry 1.0:
[INFO] 
[INFO] Apache Commons Geometry ............................ SUCCESS [  3.481 s]
[INFO] Apache Commons Geometry Core ....................... SUCCESS [ 13.848 s]
[INFO] Apache Commons Geometry Euclidean .................. SUCCESS [ 47.391 s]
[INFO] Apache Commons Geometry Spherical .................. SUCCESS [ 16.658 s]
[INFO] Apache Commons Geometry IO Core .................... SUCCESS [ 11.619 s]
[INFO] Apache Commons Geometry IO Euclidean ............... SUCCESS [ 28.912 s]
[INFO] ------------------------------------------------------------------------
[INFO] BUILD SUCCESS
[INFO] ------------------------------------------------------------------------
[INFO] Total time:  02:02 min
[INFO] Finished at: 2026-01-12T01:09:45-05:00
[INFO] ------------------------------------------------------------------------
ended at: 2026-01-12 01:09:45
