#
# There is insufficient memory for the Java Runtime Environment to continue.
# Native memory allocation (mmap) failed to map 2315255808 bytes. Error detail: committing reserved memory.
# Possible reasons:
#   The system is out of physical RAM or swap space
#   This process is running with CompressedOops enabled, and the Java Heap may be blocking the growth of the native heap
# Possible solutions:
#   Reduce memory load on the system
#   Increase physical memory or swap space
#   Check if swap backing store is full
#   Decrease Java heap size (-Xmx/-Xms)
#   Decrease number of Java threads
#   Decrease Java thread stack sizes (-Xss)
#   Set larger code cache with -XX:ReservedCodeCacheSize=
#   JVM is running with Zero Based Compressed Oops mode in which the Java heap is
#     placed in the first 32GB address space. The Java Heap base address is the
#     maximum limit for the native heap growth. Please use -XX:HeapBaseMinAddress
#     to set the Java Heap base and to place the Java Heap above 32GB virtual address.
# This output file may be truncated or incomplete.
#
#  Out of Memory Error (os_linux.cpp:2832), pid=700990, tid=701092
#
# JRE version: OpenJDK Runtime Environment Temurin-17.0.15+6 (17.0.15+6) (build 17.0.15+6)
# Java VM: OpenJDK 64-Bit Server VM Temurin-17.0.15+6 (17.0.15+6, mixed mode, sharing, tiered, compressed oops, compressed class ptrs, g1 gc, linux-amd64)
# Core dump will be written. Default location: Core dumps may be processed with "/usr/lib/systemd/systemd-coredump %P %u %g %s %t %c %h %e" (or dumping to /sfs/weka/scratch/wxw9rr/artifact/RQ3/OE25-DEV/commons-beanutils-1.9.4/core.700990)
#

---------------  S U M M A R Y ------------

Command Line: -Dclassworlds.conf=/apps/software/standard/core/maven/3.9.0/bin/m2.conf -Dmaven.home=/apps/software/standard/core/maven/3.9.0 -Dlibrary.jansi.path=/apps/software/standard/core/maven/3.9.0/lib/jansi-native -Dmaven.multiModuleProjectDirectory=/scratch/wxw9rr/artifact/RQ3/OE25-DEV/commons-beanutils-1.9.4 -Djava.io.tmpdir=/sfs/weka/scratch/wxw9rr/tmp -javaagent:/sfs/weka/scratch/wxw9rr/tmp/pitest-agent4297895672587801351.jar -ea -Djava.awt.headless=true -XX:+UseG1GC -Djava.io.tmpdir=/sfs/weka/scratch/wxw9rr/tmp org.pitest.mutationtest.execute.MutationTestMinion 41413

Host: AMD EPYC 9454 48-Core Processor, 96 cores, 512G, Rocky Linux release 8.10 (Green Obsidian)
Time: Mon Jan 12 02:06:40 2026 EST elapsed time: 42.273500 seconds (0d 0h 0m 42s)

---------------  T H R E A D  ---------------

Current thread (0x00007f351820ec30):  VMThread "VM Thread" [stack: 0x00007f34a9f00000,0x00007f34aa000000] [id=701092]

Stack: [0x00007f34a9f00000,0x00007f34aa000000],  sp=0x00007f34a9ffdd70,  free space=1015k
Native frames: (J=compiled Java code, j=interpreted, Vv=VM code, C=native code)
V  [libjvm.so+0xee9791]  VMError::report_and_die(int, char const*, char const*, __va_list_tag*, Thread*, unsigned char*, void*, void*, char const*, int, unsigned long)+0x1a1
V  [libjvm.so+0xeea37d]  VMError::report_and_die(Thread*, char const*, int, unsigned long, VMErrorType, char const*, __va_list_tag*)+0x2d
V  [libjvm.so+0x60921c]  report_vm_out_of_memory(char const*, int, unsigned long, VMErrorType, char const*, ...)+0xdc
V  [libjvm.so+0xc26ba8]  os::pd_commit_memory_or_exit(char*, unsigned long, unsigned long, bool, char const*)+0xd8
V  [libjvm.so+0xc205ad]  os::commit_memory_or_exit(char*, unsigned long, unsigned long, bool, char const*)+0x1d
V  [libjvm.so+0x73769e]  G1PageBasedVirtualSpace::commit(unsigned long, unsigned long)+0x18e
V  [libjvm.so+0x74bf61]  G1RegionsLargerThanCommitSizeMapper::commit_regions(unsigned int, unsigned long, WorkGang*)+0x1a1
V  [libjvm.so+0x7de418]  HeapRegionManager::commit_regions(unsigned int, unsigned long, WorkGang*)+0x58
V  [libjvm.so+0x7e0262]  HeapRegionManager::expand(unsigned int, unsigned int, WorkGang*)+0x32
V  [libjvm.so+0x7e048e]  HeapRegionManager::expand_by(unsigned int, WorkGang*)+0x7e
V  [libjvm.so+0x6f0fbf]  G1CollectedHeap::expand(unsigned long, WorkGang*, double*)+0xef
V  [libjvm.so+0x6f5291]  G1CollectedHeap::do_collection_pause_at_safepoint_helper(double)+0x9a1
V  [libjvm.so+0x6f53e1]  G1CollectedHeap::do_collection_pause_at_safepoint(double)+0x31
V  [libjvm.so+0x770487]  VM_G1CollectForAllocation::doit()+0x47
V  [libjvm.so+0xeeecbe]  VM_Operation::evaluate()+0xee
V  [libjvm.so+0xef0674]  VMThread::evaluate_operation(VM_Operation*)+0xf4
V  [libjvm.so+0xef0bd4]  VMThread::inner_execute(VM_Operation*)+0x1d4
V  [libjvm.so+0xef0ebf]  VMThread::run()+0xbf
V  [libjvm.so+0xe6c2ca]  Thread::call_run()+0xaa
V  [libjvm.so+0xc29413]  thread_native_entry(Thread*)+0xe3

VM_Operation (0x00007f34a93f1950): G1CollectForAllocation, mode: safepoint, requested by thread 0x00007f35184f50c0


---------------  P R O C E S S  ---------------

Threads class SMR info:
_java_thread_list=0x00007f34301a66e0, length=12, elements={
0x00007f3518032990, 0x00007f3518212cf0, 0x00007f35182140d0, 0x00007f35182187d0,
0x00007f3518219b80, 0x00007f351821af90, 0x00007f351821c9c0, 0x00007f351821def0,
0x00007f351821ef70, 0x00007f351822b980, 0x00007f351825e890, 0x00007f35184f50c0
}

Java Threads: ( => current thread )
  0x00007f3518032990 JavaThread "main" [_thread_blocked, id=701010, stack(0x00007f351f7cd000,0x00007f351f8ce000)]
  0x00007f3518212cf0 JavaThread "Reference Handler" daemon [_thread_blocked, id=701105, stack(0x00007f34a9dff000,0x00007f34a9eff000)]
  0x00007f35182140d0 JavaThread "Finalizer" daemon [_thread_blocked, id=701109, stack(0x00007f34a9cfe000,0x00007f34a9dfe000)]
  0x00007f35182187d0 JavaThread "Signal Dispatcher" daemon [_thread_blocked, id=701118, stack(0x00007f34a9bfd000,0x00007f34a9cfd000)]
  0x00007f3518219b80 JavaThread "Service Thread" daemon [_thread_blocked, id=701120, stack(0x00007f34a9afc000,0x00007f34a9bfc000)]
  0x00007f351821af90 JavaThread "Monitor Deflation Thread" daemon [_thread_blocked, id=701125, stack(0x00007f34a99fb000,0x00007f34a9afb000)]
  0x00007f351821c9c0 JavaThread "C2 CompilerThread0" daemon [_thread_blocked, id=701134, stack(0x00007f34a98fa000,0x00007f34a99fa000)]
  0x00007f351821def0 JavaThread "C1 CompilerThread0" daemon [_thread_blocked, id=701138, stack(0x00007f34a97f9000,0x00007f34a98f9000)]
  0x00007f351821ef70 JavaThread "Sweeper thread" daemon [_thread_blocked, id=701161, stack(0x00007f34a96f8000,0x00007f34a97f8000)]
  0x00007f351822b980 JavaThread "Common-Cleaner" daemon [_thread_blocked, id=701163, stack(0x00007f34a95f7000,0x00007f34a96f7000)]
  0x00007f351825e890 JavaThread "Notification Thread" daemon [_thread_blocked, id=701168, stack(0x00007f34a93f5000,0x00007f34a94f5000)]
  0x00007f35184f50c0 JavaThread "mutationTestThread" daemon [_thread_blocked, id=709249, stack(0x00007f34a92f4000,0x00007f34a93f4000)]

Other Threads:
=>0x00007f351820ec30 VMThread "VM Thread" [stack: 0x00007f34a9f00000,0x00007f34aa000000] [id=701092]
  0x00007f3518260550 WatcherThread [stack: 0x00007f34a91f3000,0x00007f34a92f3000] [id=701172]
  0x00007f35180680c0 GCTaskThread "GC Thread#0" [stack: 0x00007f34b98cd000,0x00007f34b99cd000] [id=701011]
  0x00007f345400c9e0 GCTaskThread "GC Thread#1" [stack: 0x00007f34a8aec000,0x00007f34a8bec000] [id=702783]
  0x00007f345400cfb0 GCTaskThread "GC Thread#2" [stack: 0x00007f34a8cee000,0x00007f34a8dee000] [id=702784]
  0x00007f345400d580 GCTaskThread "GC Thread#3" [stack: 0x00007f34a8bed000,0x00007f34a8ced000] [id=702785]
  0x00007f345400dba0 GCTaskThread "GC Thread#4" [stack: 0x00007f34a88ea000,0x00007f34a89ea000] [id=702786]
  0x00007f345400e3f0 GCTaskThread "GC Thread#5" [stack: 0x00007f34a87e9000,0x00007f34a88e9000] [id=702787]
  0x00007f345400ec70 GCTaskThread "GC Thread#6" [stack: 0x00007f34a86e8000,0x00007f34a87e8000] [id=702788]
  0x00007f345400f4f0 GCTaskThread "GC Thread#7" [stack: 0x00007f34a85e7000,0x00007f34a86e7000] [id=702789]
  0x00007f345400ff50 GCTaskThread "GC Thread#8" [stack: 0x00007f34a84e6000,0x00007f34a85e6000] [id=702790]
  0x00007f34540109d0 GCTaskThread "GC Thread#9" [stack: 0x00007f34a83e5000,0x00007f34a84e5000] [id=702791]
  0x00007f3454011450 GCTaskThread "GC Thread#10" [stack: 0x00007f34a82e4000,0x00007f34a83e4000] [id=702792]
  0x00007f3454011ed0 GCTaskThread "GC Thread#11" [stack: 0x00007f34a81e3000,0x00007f34a82e3000] [id=702794]
  0x00007f3454012950 GCTaskThread "GC Thread#12" [stack: 0x00007f34a80e2000,0x00007f34a81e2000] [id=702795]
  0x00007f34540133d0 GCTaskThread "GC Thread#13" [stack: 0x00007f345af00000,0x00007f345b000000] [id=702796]
  0x00007f3454013e50 GCTaskThread "GC Thread#14" [stack: 0x00007f345adff000,0x00007f345aeff000] [id=702798]
  0x00007f34540148d0 GCTaskThread "GC Thread#15" [stack: 0x00007f345acfe000,0x00007f345adfe000] [id=702799]
  0x00007f3454015350 GCTaskThread "GC Thread#16" [stack: 0x00007f345abfd000,0x00007f345acfd000] [id=702800]
  0x00007f3454015dd0 GCTaskThread "GC Thread#17" [stack: 0x00007f345aafc000,0x00007f345abfc000] [id=702804]
  0x00007f35180786e0 ConcurrentGCThread "G1 Main Marker" [stack: 0x00007f34b97cc000,0x00007f34b98cc000] [id=701046]
  0x00007f3518079660 ConcurrentGCThread "G1 Conc#0" [stack: 0x00007f34b96cb000,0x00007f34b97cb000] [id=701051]
  0x00007f35181dc910 ConcurrentGCThread "G1 Refine#0" [stack: 0x00007f34b83b8000,0x00007f34b84b8000] [id=701054]
  0x00007f34a400a340 ConcurrentGCThread "G1 Refine#1" [stack: 0x00007f34a89eb000,0x00007f34a8aeb000] [id=709386]
  0x00007f33fc133250 ConcurrentGCThread "G1 Refine#2" [stack: 0x00007f34a8ef0000,0x00007f34a8ff0000] [id=709571]
  0x00007f3420015be0 ConcurrentGCThread "G1 Refine#3" [stack: 0x00007f345a9fb000,0x00007f345aafb000] [id=709686]
  0x00007f33c8001140 ConcurrentGCThread "G1 Refine#4" [stack: 0x00007f345a8fa000,0x00007f345a9fa000] [id=709687]
  0x00007f33bc000e10 ConcurrentGCThread "G1 Refine#5" [stack: 0x00007f345a7f9000,0x00007f345a8f9000] [id=709689]
  0x00007f35181dd810 ConcurrentGCThread "G1 Service" [stack: 0x00007f34b82b7000,0x00007f34b83b7000] [id=701060]

Threads with active compile tasks:

VM state: at safepoint (normal execution)

VM Mutex/Monitor currently owned by a thread:  ([mutex/lock_event])
[0x00007f351802e1c0] Threads_lock - owner thread: 0x00007f351820ec30
[0x00007f351802e970] Heap_lock - owner thread: 0x00007f35184f50c0

Heap address: 0x0000000082000000, size: 30688 MB, Compressed Oops mode: Zero based, Oop shift amount: 3

CDS archive(s) mapped at: [0x00007f345b000000-0x00007f345bbc9000-0x00007f345bbc9000), size 12357632, SharedBaseAddress: 0x00007f345b000000, ArchiveRelocationMode: 1.
Compressed class space mapped at: 0x00007f345c000000-0x00007f349c000000, reserved size: 1073741824
Narrow klass base: 0x00007f345b000000, Narrow klass shift: 0, Narrow klass range: 0x100000000

GC Precious Log:
 CPUs: 96 total, 24 available
 Memory: 512G
 Large Page Support: Disabled
 NUMA Support: Disabled
 Compressed Oops: Enabled (Zero based)
 Heap Region Size: 16M
 Heap Min Capacity: 16M
 Heap Initial Capacity: 2G
 Heap Max Capacity: 30688M
 Pre-touch: Disabled
 Parallel Workers: 18
 Concurrent Workers: 5
 Concurrent Refinement Workers: 18
 Periodic GC: Disabled

Heap:
 garbage-first heap   total 25772032K, used 5811833K [0x0000000082000000, 0x0000000800000000)
  region size 16384K, 14 young (229376K), 14 survivors (229376K)
 Metaspace       used 8830K, committed 9216K, reserved 1114112K
  class space    used 902K, committed 1088K, reserved 1048576K

Heap Regions: E=young(eden), S=young(survivor), O=old, HS=humongous(starts), HC=humongous(continues), CS=collection set, F=free, OA=open archive, CA=closed archive, TAMS=top-at-mark-start (previous, next)
|   0|0x0000000082000000, 0x0000000083000000, 0x0000000083000000|100%| O|  |TAMS 0x0000000082000000, 0x0000000082000000| Untracked 
|   1|0x0000000083000000, 0x0000000084000000, 0x0000000084000000|100%| O|  |TAMS 0x0000000083000000, 0x0000000083000000| Untracked 
|   2|0x0000000084000000, 0x0000000085000000, 0x0000000085000000|100%| O|  |TAMS 0x0000000084000000, 0x0000000084000000| Untracked 
|   3|0x0000000085000000, 0x0000000086000000, 0x0000000086000000|100%| O|  |TAMS 0x0000000085000000, 0x0000000085000000| Untracked 
|   4|0x0000000086000000, 0x0000000087000000, 0x0000000087000000|100%| O|  |TAMS 0x0000000086000000, 0x0000000086000000| Untracked 
|   5|0x0000000087000000, 0x0000000088000000, 0x0000000088000000|100%|HS|  |TAMS 0x0000000087000000, 0x0000000087000000| Complete 
|   6|0x0000000088000000, 0x0000000089000000, 0x0000000089000000|100%|HS|  |TAMS 0x0000000088000000, 0x0000000088000000| Complete 
|   7|0x0000000089000000, 0x000000008a000000, 0x000000008a000000|100%| O|  |TAMS 0x0000000089000000, 0x0000000089000000| Untracked 
|   8|0x000000008a000000, 0x000000008b000000, 0x000000008b000000|100%| O|  |TAMS 0x000000008a000000, 0x000000008a000000| Untracked 
|   9|0x000000008b000000, 0x000000008c000000, 0x000000008c000000|100%| O|  |TAMS 0x000000008b000000, 0x000000008b000000| Untracked 
|  10|0x000000008c000000, 0x000000008d000000, 0x000000008d000000|100%| O|  |TAMS 0x000000008c000000, 0x000000008c000000| Untracked 
|  11|0x000000008d000000, 0x000000008e000000, 0x000000008e000000|100%| O|  |TAMS 0x000000008d000000, 0x000000008d000000| Untracked 
|  12|0x000000008e000000, 0x000000008f000000, 0x000000008f000000|100%| O|  |TAMS 0x000000008e000000, 0x000000008e000000| Untracked 
|  13|0x000000008f000000, 0x0000000090000000, 0x0000000090000000|100%| O|  |TAMS 0x000000008f000000, 0x000000008f000000| Untracked 
|  14|0x0000000090000000, 0x0000000091000000, 0x0000000091000000|100%| O|  |TAMS 0x0000000090000000, 0x0000000090000000| Untracked 
|  15|0x0000000091000000, 0x0000000092000000, 0x0000000092000000|100%| O|  |TAMS 0x0000000091000000, 0x0000000091000000| Untracked 
|  16|0x0000000092000000, 0x0000000093000000, 0x0000000093000000|100%| O|  |TAMS 0x0000000092000000, 0x0000000092000000| Untracked 
|  17|0x0000000093000000, 0x0000000094000000, 0x0000000094000000|100%| O|  |TAMS 0x0000000093000000, 0x0000000093000000| Untracked 
|  18|0x0000000094000000, 0x0000000095000000, 0x0000000095000000|100%| O|  |TAMS 0x0000000094000000, 0x0000000094000000| Untracked 
|  19|0x0000000095000000, 0x0000000096000000, 0x0000000096000000|100%| O|  |TAMS 0x0000000095000000, 0x0000000095000000| Untracked 
|  20|0x0000000096000000, 0x0000000097000000, 0x0000000097000000|100%| O|  |TAMS 0x0000000096000000, 0x0000000096000000| Untracked 
|  21|0x0000000097000000, 0x0000000098000000, 0x0000000098000000|100%| O|  |TAMS 0x0000000097000000, 0x0000000097000000| Untracked 
|  22|0x0000000098000000, 0x0000000099000000, 0x0000000099000000|100%| O|  |TAMS 0x0000000098000000, 0x0000000098000000| Untracked 
|  23|0x0000000099000000, 0x000000009a000000, 0x000000009a000000|100%| O|  |TAMS 0x0000000099000000, 0x0000000099000000| Untracked 
|  24|0x000000009a000000, 0x000000009b000000, 0x000000009b000000|100%| O|  |TAMS 0x000000009a000000, 0x000000009a000000| Untracked 
|  25|0x000000009b000000, 0x000000009c000000, 0x000000009c000000|100%| O|  |TAMS 0x000000009b000000, 0x000000009b000000| Untracked 
|  26|0x000000009c000000, 0x000000009d000000, 0x000000009d000000|100%| O|  |TAMS 0x000000009c000000, 0x000000009c000000| Untracked 
|  27|0x000000009d000000, 0x000000009e000000, 0x000000009e000000|100%| O|  |TAMS 0x000000009d000000, 0x000000009d000000| Untracked 
|  28|0x000000009e000000, 0x000000009f000000, 0x000000009f000000|100%| O|  |TAMS 0x000000009e000000, 0x000000009e000000| Untracked 
|  29|0x000000009f000000, 0x00000000a0000000, 0x00000000a0000000|100%| O|  |TAMS 0x000000009f000000, 0x000000009f000000| Untracked 
|  30|0x00000000a0000000, 0x00000000a1000000, 0x00000000a1000000|100%| O|  |TAMS 0x00000000a0000000, 0x00000000a0000000| Untracked 
|  31|0x00000000a1000000, 0x00000000a2000000, 0x00000000a2000000|100%| O|  |TAMS 0x00000000a1000000, 0x00000000a1000000| Untracked 
|  32|0x00000000a2000000, 0x00000000a3000000, 0x00000000a3000000|100%| O|  |TAMS 0x00000000a2000000, 0x00000000a2000000| Untracked 
|  33|0x00000000a3000000, 0x00000000a4000000, 0x00000000a4000000|100%| O|  |TAMS 0x00000000a3000000, 0x00000000a3000000| Untracked 
|  34|0x00000000a4000000, 0x00000000a5000000, 0x00000000a5000000|100%| O|  |TAMS 0x00000000a4000000, 0x00000000a4000000| Untracked 
|  35|0x00000000a5000000, 0x00000000a6000000, 0x00000000a6000000|100%| O|  |TAMS 0x00000000a5000000, 0x00000000a5000000| Untracked 
|  36|0x00000000a6000000, 0x00000000a7000000, 0x00000000a7000000|100%| O|  |TAMS 0x00000000a6000000, 0x00000000a6000000| Untracked 
|  37|0x00000000a7000000, 0x00000000a8000000, 0x00000000a8000000|100%|HS|  |TAMS 0x00000000a7000000, 0x00000000a7000000| Complete 
|  38|0x00000000a8000000, 0x00000000a9000000, 0x00000000a9000000|100%|HC|  |TAMS 0x00000000a8000000, 0x00000000a8000000| Complete 
|  39|0x00000000a9000000, 0x00000000aa000000, 0x00000000aa000000|100%| O|  |TAMS 0x00000000a9000000, 0x00000000a9000000| Untracked 
|  40|0x00000000aa000000, 0x00000000ab000000, 0x00000000ab000000|100%| O|  |TAMS 0x00000000aa000000, 0x00000000aa000000| Untracked 
|  41|0x00000000ab000000, 0x00000000ac000000, 0x00000000ac000000|100%| O|  |TAMS 0x00000000ab000000, 0x00000000ab000000| Untracked 
|  42|0x00000000ac000000, 0x00000000ad000000, 0x00000000ad000000|100%| O|  |TAMS 0x00000000ac000000, 0x00000000ac000000| Untracked 
|  43|0x00000000ad000000, 0x00000000ae000000, 0x00000000ae000000|100%| O|  |TAMS 0x00000000ad000000, 0x00000000ad000000| Untracked 
|  44|0x00000000ae000000, 0x00000000af000000, 0x00000000af000000|100%| O|  |TAMS 0x00000000ae000000, 0x00000000ae000000| Untracked 
|  45|0x00000000af000000, 0x00000000b0000000, 0x00000000b0000000|100%| O|  |TAMS 0x00000000af000000, 0x00000000af000000| Untracked 
|  46|0x00000000b0000000, 0x00000000b1000000, 0x00000000b1000000|100%| O|  |TAMS 0x00000000b0000000, 0x00000000b0000000| Untracked 
|  47|0x00000000b1000000, 0x00000000b2000000, 0x00000000b2000000|100%| O|  |TAMS 0x00000000b1000000, 0x00000000b1000000| Untracked 
|  48|0x00000000b2000000, 0x00000000b3000000, 0x00000000b3000000|100%| O|  |TAMS 0x00000000b2000000, 0x00000000b2000000| Untracked 
|  49|0x00000000b3000000, 0x00000000b4000000, 0x00000000b4000000|100%| O|  |TAMS 0x00000000b3000000, 0x00000000b3000000| Untracked 
|  50|0x00000000b4000000, 0x00000000b5000000, 0x00000000b5000000|100%| O|  |TAMS 0x00000000b4000000, 0x00000000b4000000| Untracked 
|  51|0x00000000b5000000, 0x00000000b6000000, 0x00000000b6000000|100%| O|  |TAMS 0x00000000b5000000, 0x00000000b5000000| Untracked 
|  52|0x00000000b6000000, 0x00000000b7000000, 0x00000000b7000000|100%| O|  |TAMS 0x00000000b6000000, 0x00000000b6000000| Untracked 
|  53|0x00000000b7000000, 0x00000000b8000000, 0x00000000b8000000|100%| O|  |TAMS 0x00000000b7000000, 0x00000000b7000000| Untracked 
|  54|0x00000000b8000000, 0x00000000b9000000, 0x00000000b9000000|100%| O|  |TAMS 0x00000000b8000000, 0x00000000b8000000| Untracked 
|  55|0x00000000b9000000, 0x00000000ba000000, 0x00000000ba000000|100%| O|  |TAMS 0x00000000b9000000, 0x00000000b9000000| Untracked 
|  56|0x00000000ba000000, 0x00000000bb000000, 0x00000000bb000000|100%| O|  |TAMS 0x00000000ba000000, 0x00000000ba000000| Untracked 
|  57|0x00000000bb000000, 0x00000000bc000000, 0x00000000bc000000|100%| O|  |TAMS 0x00000000bb000000, 0x00000000bb000000| Untracked 
|  58|0x00000000bc000000, 0x00000000bd000000, 0x00000000bd000000|100%|HS|  |TAMS 0x00000000bc000000, 0x00000000bc000000| Complete 
|  59|0x00000000bd000000, 0x00000000be000000, 0x00000000be000000|100%|HC|  |TAMS 0x00000000bd000000, 0x00000000bd000000| Complete 
|  60|0x00000000be000000, 0x00000000bf000000, 0x00000000bf000000|100%|HC|  |TAMS 0x00000000be000000, 0x00000000be000000| Complete 
|  61|0x00000000bf000000, 0x00000000c0000000, 0x00000000c0000000|100%| O|  |TAMS 0x00000000bf000000, 0x00000000bf000000| Untracked 
|  62|0x00000000c0000000, 0x00000000c1000000, 0x00000000c1000000|100%| O|  |TAMS 0x00000000c0000000, 0x00000000c0000000| Untracked 
|  63|0x00000000c1000000, 0x00000000c2000000, 0x00000000c2000000|100%| O|  |TAMS 0x00000000c1000000, 0x00000000c1000000| Untracked 
|  64|0x00000000c2000000, 0x00000000c3000000, 0x00000000c3000000|100%| O|  |TAMS 0x00000000c2000000, 0x00000000c2000000| Untracked 
|  65|0x00000000c3000000, 0x00000000c4000000, 0x00000000c4000000|100%| O|  |TAMS 0x00000000c3000000, 0x00000000c3000000| Untracked 
|  66|0x00000000c4000000, 0x00000000c5000000, 0x00000000c5000000|100%| O|  |TAMS 0x00000000c4000000, 0x00000000c4000000| Untracked 
|  67|0x00000000c5000000, 0x00000000c6000000, 0x00000000c6000000|100%| O|  |TAMS 0x00000000c5000000, 0x00000000c5000000| Untracked 
|  68|0x00000000c6000000, 0x00000000c7000000, 0x00000000c7000000|100%| O|  |TAMS 0x00000000c6000000, 0x00000000c6000000| Untracked 
|  69|0x00000000c7000000, 0x00000000c8000000, 0x00000000c8000000|100%| O|  |TAMS 0x00000000c7000000, 0x00000000c7000000| Untracked 
|  70|0x00000000c8000000, 0x00000000c9000000, 0x00000000c9000000|100%| O|  |TAMS 0x00000000c8000000, 0x00000000c8000000| Untracked 
|  71|0x00000000c9000000, 0x00000000ca000000, 0x00000000ca000000|100%| O|  |TAMS 0x00000000c9000000, 0x00000000c9000000| Untracked 
|  72|0x00000000ca000000, 0x00000000cb000000, 0x00000000cb000000|100%| O|  |TAMS 0x00000000ca000000, 0x00000000ca000000| Untracked 
|  73|0x00000000cb000000, 0x00000000cc000000, 0x00000000cc000000|100%| O|  |TAMS 0x00000000cb000000, 0x00000000cb000000| Untracked 
|  74|0x00000000cc000000, 0x00000000cd000000, 0x00000000cd000000|100%| O|  |TAMS 0x00000000cc000000, 0x00000000cc000000| Untracked 
|  75|0x00000000cd000000, 0x00000000ce000000, 0x00000000ce000000|100%| O|  |TAMS 0x00000000cd000000, 0x00000000cd000000| Untracked 
|  76|0x00000000ce000000, 0x00000000cf000000, 0x00000000cf000000|100%| O|  |TAMS 0x00000000ce000000, 0x00000000ce000000| Untracked 
|  77|0x00000000cf000000, 0x00000000d0000000, 0x00000000d0000000|100%| O|  |TAMS 0x00000000cf000000, 0x00000000cf000000| Untracked 
|  78|0x00000000d0000000, 0x00000000d1000000, 0x00000000d1000000|100%| O|  |TAMS 0x00000000d0000000, 0x00000000d0000000| Untracked 
|  79|0x00000000d1000000, 0x00000000d2000000, 0x00000000d2000000|100%| O|  |TAMS 0x00000000d1000000, 0x00000000d1000000| Untracked 
|  80|0x00000000d2000000, 0x00000000d3000000, 0x00000000d3000000|100%| O|  |TAMS 0x00000000d2000000, 0x00000000d2000000| Untracked 
|  81|0x00000000d3000000, 0x00000000d4000000, 0x00000000d4000000|100%| O|  |TAMS 0x00000000d3000000, 0x00000000d3000000| Untracked 
|  82|0x00000000d4000000, 0x00000000d5000000, 0x00000000d5000000|100%| O|  |TAMS 0x00000000d4000000, 0x00000000d4000000| Untracked 
|  83|0x00000000d5000000, 0x00000000d6000000, 0x00000000d6000000|100%| O|  |TAMS 0x00000000d5000000, 0x00000000d5000000| Untracked 
|  84|0x00000000d6000000, 0x00000000d7000000, 0x00000000d7000000|100%| O|  |TAMS 0x00000000d6000000, 0x00000000d6000000| Untracked 
|  85|0x00000000d7000000, 0x00000000d8000000, 0x00000000d8000000|100%| O|  |TAMS 0x00000000d7000000, 0x00000000d7000000| Untracked 
|  86|0x00000000d8000000, 0x00000000d9000000, 0x00000000d9000000|100%| O|  |TAMS 0x00000000d8000000, 0x00000000d8000000| Untracked 
|  87|0x00000000d9000000, 0x00000000da000000, 0x00000000da000000|100%| O|  |TAMS 0x00000000d9000000, 0x00000000d9000000| Untracked 
|  88|0x00000000da000000, 0x00000000db000000, 0x00000000db000000|100%| O|  |TAMS 0x00000000da000000, 0x00000000da000000| Untracked 
|  89|0x00000000db000000, 0x00000000dc000000, 0x00000000dc000000|100%| O|  |TAMS 0x00000000db000000, 0x00000000db000000| Untracked 
|  90|0x00000000dc000000, 0x00000000dd000000, 0x00000000dd000000|100%| O|  |TAMS 0x00000000dc000000, 0x00000000dc000000| Untracked 
|  91|0x00000000dd000000, 0x00000000de000000, 0x00000000de000000|100%| O|  |TAMS 0x00000000dd000000, 0x00000000dd000000| Untracked 
|  92|0x00000000de000000, 0x00000000df000000, 0x00000000df000000|100%| O|  |TAMS 0x00000000de000000, 0x00000000de000000| Untracked 
|  93|0x00000000df000000, 0x00000000e0000000, 0x00000000e0000000|100%| O|  |TAMS 0x00000000df000000, 0x00000000df000000| Untracked 
|  94|0x00000000e0000000, 0x00000000e1000000, 0x00000000e1000000|100%| O|  |TAMS 0x00000000e0000000, 0x00000000e0000000| Untracked 
|  95|0x00000000e1000000, 0x00000000e2000000, 0x00000000e2000000|100%| O|  |TAMS 0x00000000e1000000, 0x00000000e1000000| Untracked 
|  96|0x00000000e2000000, 0x00000000e3000000, 0x00000000e3000000|100%| O|  |TAMS 0x00000000e2000000, 0x00000000e2000000| Untracked 
|  97|0x00000000e3000000, 0x00000000e4000000, 0x00000000e4000000|100%| O|  |TAMS 0x00000000e3000000, 0x00000000e3000000| Untracked 
|  98|0x00000000e4000000, 0x00000000e5000000, 0x00000000e5000000|100%| O|  |TAMS 0x00000000e4000000, 0x00000000e4000000| Untracked 
|  99|0x00000000e5000000, 0x00000000e6000000, 0x00000000e6000000|100%| O|  |TAMS 0x00000000e5000000, 0x00000000e5000000| Untracked 
| 100|0x00000000e6000000, 0x00000000e7000000, 0x00000000e7000000|100%|HS|  |TAMS 0x00000000e6000000, 0x00000000e6000000| Complete 
| 101|0x00000000e7000000, 0x00000000e8000000, 0x00000000e8000000|100%|HC|  |TAMS 0x00000000e7000000, 0x00000000e7000000| Complete 
| 102|0x00000000e8000000, 0x00000000e9000000, 0x00000000e9000000|100%|HC|  |TAMS 0x00000000e8000000, 0x00000000e8000000| Complete 
| 103|0x00000000e9000000, 0x00000000ea000000, 0x00000000ea000000|100%|HC|  |TAMS 0x00000000e9000000, 0x00000000e9000000| Complete 
| 104|0x00000000ea000000, 0x00000000eb000000, 0x00000000eb000000|100%| O|  |TAMS 0x00000000ea000000, 0x00000000ea000000| Untracked 
| 105|0x00000000eb000000, 0x00000000ec000000, 0x00000000ec000000|100%| O|  |TAMS 0x00000000eb000000, 0x00000000eb000000| Untracked 
| 106|0x00000000ec000000, 0x00000000ed000000, 0x00000000ed000000|100%| O|  |TAMS 0x00000000ec000000, 0x00000000ec000000| Untracked 
| 107|0x00000000ed000000, 0x00000000ee000000, 0x00000000ee000000|100%| O|  |TAMS 0x00000000ed000000, 0x00000000ed000000| Untracked 
| 108|0x00000000ee000000, 0x00000000ef000000, 0x00000000ef000000|100%| O|  |TAMS 0x00000000ee000000, 0x00000000ee000000| Untracked 
| 109|0x00000000ef000000, 0x00000000f0000000, 0x00000000f0000000|100%| O|  |TAMS 0x00000000ef000000, 0x00000000ef000000| Untracked 
| 110|0x00000000f0000000, 0x00000000f1000000, 0x00000000f1000000|100%| O|  |TAMS 0x00000000f0000000, 0x00000000f0000000| Untracked 
| 111|0x00000000f1000000, 0x00000000f2000000, 0x00000000f2000000|100%| O|  |TAMS 0x00000000f1000000, 0x00000000f1000000| Untracked 
| 112|0x00000000f2000000, 0x00000000f3000000, 0x00000000f3000000|100%| O|  |TAMS 0x00000000f2000000, 0x00000000f2000000| Untracked 
| 113|0x00000000f3000000, 0x00000000f4000000, 0x00000000f4000000|100%| O|  |TAMS 0x00000000f3000000, 0x00000000f3000000| Untracked 
| 114|0x00000000f4000000, 0x00000000f5000000, 0x00000000f5000000|100%| O|  |TAMS 0x00000000f4000000, 0x00000000f4000000| Untracked 
| 115|0x00000000f5000000, 0x00000000f6000000, 0x00000000f6000000|100%| O|  |TAMS 0x00000000f5000000, 0x00000000f5000000| Untracked 
| 116|0x00000000f6000000, 0x00000000f7000000, 0x00000000f7000000|100%| O|  |TAMS 0x00000000f6000000, 0x00000000f6000000| Untracked 
| 117|0x00000000f7000000, 0x00000000f8000000, 0x00000000f8000000|100%| O|  |TAMS 0x00000000f7000000, 0x00000000f7000000| Untracked 
| 118|0x00000000f8000000, 0x00000000f9000000, 0x00000000f9000000|100%| O|  |TAMS 0x00000000f8000000, 0x00000000f8000000| Untracked 
| 119|0x00000000f9000000, 0x00000000fa000000, 0x00000000fa000000|100%| O|  |TAMS 0x00000000f9000000, 0x00000000f9000000| Untracked 
| 120|0x00000000fa000000, 0x00000000fb000000, 0x00000000fb000000|100%| O|  |TAMS 0x00000000fa000000, 0x00000000fa000000| Untracked 
| 121|0x00000000fb000000, 0x00000000fc000000, 0x00000000fc000000|100%| O|  |TAMS 0x00000000fb000000, 0x00000000fb000000| Untracked 
| 122|0x00000000fc000000, 0x00000000fd000000, 0x00000000fd000000|100%| O|  |TAMS 0x00000000fc000000, 0x00000000fc000000| Untracked 
| 123|0x00000000fd000000, 0x00000000fe000000, 0x00000000fe000000|100%| O|  |TAMS 0x00000000fd000000, 0x00000000fd000000| Untracked 
| 124|0x00000000fe000000, 0x00000000ff000000, 0x00000000ff000000|100%| O|  |TAMS 0x00000000fe000000, 0x00000000fe000000| Untracked 
| 125|0x00000000ff000000, 0x0000000100000000, 0x0000000100000000|100%| O|  |TAMS 0x00000000ff000000, 0x00000000ff000000| Untracked 
| 126|0x0000000100000000, 0x0000000101000000, 0x0000000101000000|100%| O|  |TAMS 0x0000000100000000, 0x0000000100000000| Untracked 
| 127|0x0000000101000000, 0x0000000102000000, 0x0000000102000000|100%| O|  |TAMS 0x0000000101000000, 0x0000000101000000| Untracked 
| 128|0x0000000102000000, 0x0000000103000000, 0x0000000103000000|100%| O|  |TAMS 0x0000000102000000, 0x0000000102000000| Untracked 
| 129|0x0000000103000000, 0x0000000104000000, 0x0000000104000000|100%| O|  |TAMS 0x0000000103000000, 0x0000000103000000| Untracked 
| 130|0x0000000104000000, 0x0000000105000000, 0x0000000105000000|100%| O|  |TAMS 0x0000000104000000, 0x0000000104000000| Untracked 
| 131|0x0000000105000000, 0x0000000106000000, 0x0000000106000000|100%| O|  |TAMS 0x0000000105000000, 0x0000000105000000| Untracked 
| 132|0x0000000106000000, 0x0000000107000000, 0x0000000107000000|100%| O|  |TAMS 0x0000000106000000, 0x0000000106000000| Untracked 
| 133|0x0000000107000000, 0x0000000108000000, 0x0000000108000000|100%| O|  |TAMS 0x0000000107000000, 0x0000000107000000| Untracked 
| 134|0x0000000108000000, 0x0000000109000000, 0x0000000109000000|100%| O|  |TAMS 0x0000000108000000, 0x0000000108000000| Untracked 
| 135|0x0000000109000000, 0x000000010a000000, 0x000000010a000000|100%| O|  |TAMS 0x0000000109000000, 0x0000000109000000| Untracked 
| 136|0x000000010a000000, 0x000000010b000000, 0x000000010b000000|100%| O|  |TAMS 0x000000010a000000, 0x000000010a000000| Untracked 
| 137|0x000000010b000000, 0x000000010c000000, 0x000000010c000000|100%| O|  |TAMS 0x000000010b000000, 0x000000010b000000| Untracked 
| 138|0x000000010c000000, 0x000000010d000000, 0x000000010d000000|100%| O|  |TAMS 0x000000010c000000, 0x000000010c000000| Untracked 
| 139|0x000000010d000000, 0x000000010e000000, 0x000000010e000000|100%| O|  |TAMS 0x000000010d000000, 0x000000010d000000| Untracked 
| 140|0x000000010e000000, 0x000000010f000000, 0x000000010f000000|100%| O|  |TAMS 0x000000010e000000, 0x000000010e000000| Untracked 
| 141|0x000000010f000000, 0x0000000110000000, 0x0000000110000000|100%| O|  |TAMS 0x000000010f000000, 0x000000010f000000| Untracked 
| 142|0x0000000110000000, 0x0000000111000000, 0x0000000111000000|100%| O|  |TAMS 0x0000000110000000, 0x0000000110000000| Untracked 
| 143|0x0000000111000000, 0x0000000112000000, 0x0000000112000000|100%| O|  |TAMS 0x0000000111000000, 0x0000000111000000| Untracked 
| 144|0x0000000112000000, 0x0000000113000000, 0x0000000113000000|100%| O|  |TAMS 0x0000000112000000, 0x0000000112000000| Untracked 
| 145|0x0000000113000000, 0x0000000114000000, 0x0000000114000000|100%| O|  |TAMS 0x0000000113000000, 0x0000000113000000| Untracked 
| 146|0x0000000114000000, 0x0000000115000000, 0x0000000115000000|100%| O|  |TAMS 0x0000000114000000, 0x0000000114000000| Untracked 
| 147|0x0000000115000000, 0x0000000116000000, 0x0000000116000000|100%| O|  |TAMS 0x0000000115000000, 0x0000000115000000| Untracked 
| 148|0x0000000116000000, 0x0000000117000000, 0x0000000117000000|100%| O|  |TAMS 0x0000000116000000, 0x0000000116000000| Untracked 
| 149|0x0000000117000000, 0x0000000118000000, 0x0000000118000000|100%|HS|  |TAMS 0x0000000117000000, 0x0000000117000000| Complete 
| 150|0x0000000118000000, 0x0000000119000000, 0x0000000119000000|100%|HC|  |TAMS 0x0000000118000000, 0x0000000118000000| Complete 
| 151|0x0000000119000000, 0x000000011a000000, 0x000000011a000000|100%|HC|  |TAMS 0x0000000119000000, 0x0000000119000000| Complete 
| 152|0x000000011a000000, 0x000000011b000000, 0x000000011b000000|100%|HC|  |TAMS 0x000000011a000000, 0x000000011a000000| Complete 
| 153|0x000000011b000000, 0x000000011c000000, 0x000000011c000000|100%|HC|  |TAMS 0x000000011b000000, 0x000000011b000000| Complete 
| 154|0x000000011c000000, 0x000000011d000000, 0x000000011d000000|100%| O|  |TAMS 0x000000011c000000, 0x000000011c000000| Untracked 
| 155|0x000000011d000000, 0x000000011e000000, 0x000000011e000000|100%| O|  |TAMS 0x000000011d000000, 0x000000011d000000| Untracked 
| 156|0x000000011e000000, 0x000000011f000000, 0x000000011f000000|100%| O|  |TAMS 0x000000011e000000, 0x000000011e000000| Untracked 
| 157|0x000000011f000000, 0x0000000120000000, 0x0000000120000000|100%| O|  |TAMS 0x000000011f000000, 0x000000011f000000| Untracked 
| 158|0x0000000120000000, 0x0000000121000000, 0x0000000121000000|100%| O|  |TAMS 0x0000000120000000, 0x0000000120000000| Untracked 
| 159|0x0000000121000000, 0x0000000122000000, 0x0000000122000000|100%| O|  |TAMS 0x0000000121000000, 0x0000000121000000| Untracked 
| 160|0x0000000122000000, 0x0000000123000000, 0x0000000123000000|100%| O|  |TAMS 0x0000000122000000, 0x0000000122000000| Untracked 
| 161|0x0000000123000000, 0x0000000124000000, 0x0000000124000000|100%| O|  |TAMS 0x0000000123000000, 0x0000000123000000| Untracked 
| 162|0x0000000124000000, 0x0000000125000000, 0x0000000125000000|100%| O|  |TAMS 0x0000000124000000, 0x0000000124000000| Untracked 
| 163|0x0000000125000000, 0x0000000126000000, 0x0000000126000000|100%| O|  |TAMS 0x0000000125000000, 0x0000000125000000| Untracked 
| 164|0x0000000126000000, 0x0000000127000000, 0x0000000127000000|100%| O|  |TAMS 0x0000000126000000, 0x0000000126000000| Untracked 
| 165|0x0000000127000000, 0x0000000128000000, 0x0000000128000000|100%| O|  |TAMS 0x0000000127000000, 0x0000000127000000| Untracked 
| 166|0x0000000128000000, 0x0000000129000000, 0x0000000129000000|100%| O|  |TAMS 0x0000000128000000, 0x0000000128000000| Untracked 
| 167|0x0000000129000000, 0x000000012a000000, 0x000000012a000000|100%| O|  |TAMS 0x0000000129000000, 0x0000000129000000| Untracked 
| 168|0x000000012a000000, 0x000000012b000000, 0x000000012b000000|100%| O|  |TAMS 0x000000012a000000, 0x000000012a000000| Untracked 
| 169|0x000000012b000000, 0x000000012c000000, 0x000000012c000000|100%| O|  |TAMS 0x000000012b000000, 0x000000012b000000| Untracked 
| 170|0x000000012c000000, 0x000000012d000000, 0x000000012d000000|100%| O|  |TAMS 0x000000012c000000, 0x000000012c000000| Untracked 
| 171|0x000000012d000000, 0x000000012e000000, 0x000000012e000000|100%| O|  |TAMS 0x000000012d000000, 0x000000012d000000| Untracked 
| 172|0x000000012e000000, 0x000000012f000000, 0x000000012f000000|100%| O|  |TAMS 0x000000012e000000, 0x000000012e000000| Untracked 
| 173|0x000000012f000000, 0x0000000130000000, 0x0000000130000000|100%| O|  |TAMS 0x000000012f000000, 0x000000012f000000| Untracked 
| 174|0x0000000130000000, 0x0000000131000000, 0x0000000131000000|100%| O|  |TAMS 0x0000000130000000, 0x0000000130000000| Untracked 
| 175|0x0000000131000000, 0x0000000132000000, 0x0000000132000000|100%| O|  |TAMS 0x0000000131000000, 0x0000000131000000| Untracked 
| 176|0x0000000132000000, 0x0000000133000000, 0x0000000133000000|100%| O|  |TAMS 0x0000000132000000, 0x0000000132000000| Untracked 
| 177|0x0000000133000000, 0x0000000134000000, 0x0000000134000000|100%| O|  |TAMS 0x0000000133000000, 0x0000000133000000| Untracked 
| 178|0x0000000134000000, 0x0000000135000000, 0x0000000135000000|100%| O|  |TAMS 0x0000000134000000, 0x0000000134000000| Untracked 
| 179|0x0000000135000000, 0x0000000136000000, 0x0000000136000000|100%| O|  |TAMS 0x0000000135000000, 0x0000000135000000| Untracked 
| 180|0x0000000136000000, 0x0000000137000000, 0x0000000137000000|100%| O|  |TAMS 0x0000000136000000, 0x0000000136000000| Untracked 
| 181|0x0000000137000000, 0x0000000138000000, 0x0000000138000000|100%| O|  |TAMS 0x0000000137000000, 0x0000000137000000| Untracked 
| 182|0x0000000138000000, 0x0000000139000000, 0x0000000139000000|100%| O|  |TAMS 0x0000000138000000, 0x0000000138000000| Untracked 
| 183|0x0000000139000000, 0x000000013a000000, 0x000000013a000000|100%| O|  |TAMS 0x0000000139000000, 0x0000000139000000| Untracked 
| 184|0x000000013a000000, 0x000000013b000000, 0x000000013b000000|100%| O|  |TAMS 0x000000013a000000, 0x000000013a000000| Untracked 
| 185|0x000000013b000000, 0x000000013c000000, 0x000000013c000000|100%| O|  |TAMS 0x000000013b000000, 0x000000013b000000| Untracked 
| 186|0x000000013c000000, 0x000000013d000000, 0x000000013d000000|100%| O|  |TAMS 0x000000013c000000, 0x000000013c000000| Untracked 
| 187|0x000000013d000000, 0x000000013e000000, 0x000000013e000000|100%| O|  |TAMS 0x000000013d000000, 0x000000013d000000| Untracked 
| 188|0x000000013e000000, 0x000000013f000000, 0x000000013f000000|100%| O|  |TAMS 0x000000013e000000, 0x000000013e000000| Untracked 
| 189|0x000000013f000000, 0x0000000140000000, 0x0000000140000000|100%| O|  |TAMS 0x000000013f000000, 0x000000013f000000| Untracked 
| 190|0x0000000140000000, 0x0000000141000000, 0x0000000141000000|100%| O|  |TAMS 0x0000000140000000, 0x0000000140000000| Untracked 
| 191|0x0000000141000000, 0x0000000142000000, 0x0000000142000000|100%| O|  |TAMS 0x0000000141000000, 0x0000000141000000| Untracked 
| 192|0x0000000142000000, 0x0000000143000000, 0x0000000143000000|100%| O|  |TAMS 0x0000000142000000, 0x0000000142000000| Untracked 
| 193|0x0000000143000000, 0x0000000144000000, 0x0000000144000000|100%| O|  |TAMS 0x0000000143000000, 0x0000000143000000| Untracked 
| 194|0x0000000144000000, 0x0000000145000000, 0x0000000145000000|100%| O|  |TAMS 0x0000000144000000, 0x0000000144000000| Untracked 
| 195|0x0000000145000000, 0x0000000146000000, 0x0000000146000000|100%| O|  |TAMS 0x0000000145000000, 0x0000000145000000| Untracked 
| 196|0x0000000146000000, 0x0000000147000000, 0x0000000147000000|100%| O|  |TAMS 0x0000000146000000, 0x0000000146000000| Untracked 
| 197|0x0000000147000000, 0x0000000148000000, 0x0000000148000000|100%| O|  |TAMS 0x0000000147000000, 0x0000000147000000| Untracked 
| 198|0x0000000148000000, 0x0000000149000000, 0x0000000149000000|100%| O|  |TAMS 0x0000000148000000, 0x0000000148000000| Untracked 
| 199|0x0000000149000000, 0x000000014a000000, 0x000000014a000000|100%| O|  |TAMS 0x0000000149000000, 0x0000000149000000| Untracked 
| 200|0x000000014a000000, 0x000000014b000000, 0x000000014b000000|100%| O|  |TAMS 0x000000014a000000, 0x000000014a000000| Untracked 
| 201|0x000000014b000000, 0x000000014c000000, 0x000000014c000000|100%| O|  |TAMS 0x000000014b000000, 0x000000014b000000| Untracked 
| 202|0x000000014c000000, 0x000000014d000000, 0x000000014d000000|100%| O|  |TAMS 0x000000014c000000, 0x000000014c000000| Untracked 
| 203|0x000000014d000000, 0x000000014e000000, 0x000000014e000000|100%| O|  |TAMS 0x000000014d000000, 0x000000014d000000| Untracked 
| 204|0x000000014e000000, 0x000000014f000000, 0x000000014f000000|100%| O|  |TAMS 0x000000014e000000, 0x000000014e000000| Untracked 
| 205|0x000000014f000000, 0x0000000150000000, 0x0000000150000000|100%| O|  |TAMS 0x000000014f000000, 0x000000014f000000| Untracked 
| 206|0x0000000150000000, 0x0000000151000000, 0x0000000151000000|100%| O|  |TAMS 0x0000000150000000, 0x0000000150000000| Untracked 
| 207|0x0000000151000000, 0x0000000152000000, 0x0000000152000000|100%| O|  |TAMS 0x0000000151000000, 0x0000000151000000| Untracked 
| 208|0x0000000152000000, 0x0000000153000000, 0x0000000153000000|100%| O|  |TAMS 0x0000000152000000, 0x0000000152000000| Untracked 
| 209|0x0000000153000000, 0x0000000154000000, 0x0000000154000000|100%| O|  |TAMS 0x0000000153000000, 0x0000000153000000| Untracked 
| 210|0x0000000154000000, 0x0000000155000000, 0x0000000155000000|100%| O|  |TAMS 0x0000000154000000, 0x0000000154000000| Untracked 
| 211|0x0000000155000000, 0x0000000156000000, 0x0000000156000000|100%| O|  |TAMS 0x0000000155000000, 0x0000000155000000| Untracked 
| 212|0x0000000156000000, 0x0000000157000000, 0x0000000157000000|100%| O|  |TAMS 0x0000000156000000, 0x0000000156000000| Untracked 
| 213|0x0000000157000000, 0x0000000158000000, 0x0000000158000000|100%| O|  |TAMS 0x0000000157000000, 0x0000000157000000| Untracked 
| 214|0x0000000158000000, 0x0000000159000000, 0x0000000159000000|100%| O|  |TAMS 0x0000000158000000, 0x0000000158000000| Untracked 
| 215|0x0000000159000000, 0x000000015a000000, 0x000000015a000000|100%| O|  |TAMS 0x0000000159000000, 0x0000000159000000| Untracked 
| 216|0x000000015a000000, 0x000000015b000000, 0x000000015b000000|100%| O|  |TAMS 0x000000015a000000, 0x000000015a000000| Untracked 
| 217|0x000000015b000000, 0x000000015c000000, 0x000000015c000000|100%| O|  |TAMS 0x000000015b000000, 0x000000015b000000| Untracked 
| 218|0x000000015c000000, 0x000000015d000000, 0x000000015d000000|100%| O|  |TAMS 0x000000015c000000, 0x000000015c000000| Untracked 
| 219|0x000000015d000000, 0x000000015e000000, 0x000000015e000000|100%| O|  |TAMS 0x000000015d000000, 0x000000015d000000| Untracked 
| 220|0x000000015e000000, 0x000000015f000000, 0x000000015f000000|100%| O|  |TAMS 0x000000015e000000, 0x000000015e000000| Untracked 
| 221|0x000000015f000000, 0x0000000160000000, 0x0000000160000000|100%| O|  |TAMS 0x000000015f000000, 0x000000015f000000| Untracked 
| 222|0x0000000160000000, 0x0000000161000000, 0x0000000161000000|100%| O|  |TAMS 0x0000000160000000, 0x0000000160000000| Untracked 
| 223|0x0000000161000000, 0x0000000162000000, 0x0000000162000000|100%| O|  |TAMS 0x0000000161000000, 0x0000000161000000| Untracked 
| 224|0x0000000162000000, 0x0000000163000000, 0x0000000163000000|100%| O|  |TAMS 0x0000000162000000, 0x0000000162000000| Untracked 
| 225|0x0000000163000000, 0x0000000164000000, 0x0000000164000000|100%| O|  |TAMS 0x0000000163000000, 0x0000000163000000| Untracked 
| 226|0x0000000164000000, 0x0000000165000000, 0x0000000165000000|100%| O|  |TAMS 0x0000000164000000, 0x0000000164000000| Untracked 
| 227|0x0000000165000000, 0x0000000166000000, 0x0000000166000000|100%| O|  |TAMS 0x0000000165000000, 0x0000000165000000| Untracked 
| 228|0x0000000166000000, 0x0000000167000000, 0x0000000167000000|100%| O|  |TAMS 0x0000000166000000, 0x0000000166000000| Untracked 
| 229|0x0000000167000000, 0x0000000168000000, 0x0000000168000000|100%| O|  |TAMS 0x0000000167000000, 0x0000000167000000| Untracked 
| 230|0x0000000168000000, 0x0000000169000000, 0x0000000169000000|100%| O|  |TAMS 0x0000000168000000, 0x0000000168000000| Untracked 
| 231|0x0000000169000000, 0x000000016a000000, 0x000000016a000000|100%| O|  |TAMS 0x0000000169000000, 0x0000000169000000| Untracked 
| 232|0x000000016a000000, 0x000000016b000000, 0x000000016b000000|100%| O|  |TAMS 0x000000016a000000, 0x000000016a000000| Untracked 
| 233|0x000000016b000000, 0x000000016c000000, 0x000000016c000000|100%| O|  |TAMS 0x000000016b000000, 0x000000016b000000| Untracked 
| 234|0x000000016c000000, 0x000000016d000000, 0x000000016d000000|100%| O|  |TAMS 0x000000016c000000, 0x000000016c000000| Untracked 
| 235|0x000000016d000000, 0x000000016e000000, 0x000000016e000000|100%|HS|  |TAMS 0x000000016d000000, 0x000000016d000000| Complete 
| 236|0x000000016e000000, 0x000000016f000000, 0x000000016f000000|100%|HC|  |TAMS 0x000000016e000000, 0x000000016e000000| Complete 
| 237|0x000000016f000000, 0x0000000170000000, 0x0000000170000000|100%|HC|  |TAMS 0x000000016f000000, 0x000000016f000000| Complete 
| 238|0x0000000170000000, 0x0000000171000000, 0x0000000171000000|100%|HC|  |TAMS 0x0000000170000000, 0x0000000170000000| Complete 
| 239|0x0000000171000000, 0x0000000172000000, 0x0000000172000000|100%|HC|  |TAMS 0x0000000171000000, 0x0000000171000000| Complete 
| 240|0x0000000172000000, 0x0000000173000000, 0x0000000173000000|100%|HC|  |TAMS 0x0000000172000000, 0x0000000172000000| Complete 
| 241|0x0000000173000000, 0x0000000174000000, 0x0000000174000000|100%|HC|  |TAMS 0x0000000173000000, 0x0000000173000000| Complete 
| 242|0x0000000174000000, 0x0000000175000000, 0x0000000175000000|100%|HC|  |TAMS 0x0000000174000000, 0x0000000174000000| Complete 
| 243|0x0000000175000000, 0x0000000176000000, 0x0000000176000000|100%| O|  |TAMS 0x0000000175000000, 0x0000000175000000| Untracked 
| 244|0x0000000176000000, 0x0000000177000000, 0x0000000177000000|100%| O|  |TAMS 0x0000000176000000, 0x0000000176000000| Untracked 
| 245|0x0000000177000000, 0x0000000178000000, 0x0000000178000000|100%| O|  |TAMS 0x0000000177000000, 0x0000000177000000| Untracked 
| 246|0x0000000178000000, 0x0000000179000000, 0x0000000179000000|100%| O|  |TAMS 0x0000000178000000, 0x0000000178000000| Untracked 
| 247|0x0000000179000000, 0x000000017a000000, 0x000000017a000000|100%| O|  |TAMS 0x0000000179000000, 0x0000000179000000| Untracked 
| 248|0x000000017a000000, 0x000000017b000000, 0x000000017b000000|100%| O|  |TAMS 0x000000017a000000, 0x000000017a000000| Untracked 
| 249|0x000000017b000000, 0x000000017c000000, 0x000000017c000000|100%| O|  |TAMS 0x000000017b000000, 0x000000017b000000| Untracked 
| 250|0x000000017c000000, 0x000000017d000000, 0x000000017d000000|100%| O|  |TAMS 0x000000017c000000, 0x000000017c000000| Untracked 
| 251|0x000000017d000000, 0x000000017e000000, 0x000000017e000000|100%| O|  |TAMS 0x000000017d000000, 0x000000017d000000| Untracked 
| 252|0x000000017e000000, 0x000000017f000000, 0x000000017f000000|100%| O|  |TAMS 0x000000017e000000, 0x000000017e000000| Untracked 
| 253|0x000000017f000000, 0x0000000180000000, 0x0000000180000000|100%| O|  |TAMS 0x000000017f000000, 0x000000017f000000| Untracked 
| 254|0x0000000180000000, 0x0000000181000000, 0x0000000181000000|100%| O|  |TAMS 0x0000000180000000, 0x0000000180000000| Untracked 
| 255|0x0000000181000000, 0x0000000182000000, 0x0000000182000000|100%| O|  |TAMS 0x0000000181000000, 0x0000000181000000| Untracked 
| 256|0x0000000182000000, 0x0000000183000000, 0x0000000183000000|100%| O|  |TAMS 0x0000000182000000, 0x0000000182000000| Untracked 
| 257|0x0000000183000000, 0x0000000184000000, 0x0000000184000000|100%| O|  |TAMS 0x0000000183000000, 0x0000000183000000| Untracked 
| 258|0x0000000184000000, 0x0000000185000000, 0x0000000185000000|100%| O|  |TAMS 0x0000000184000000, 0x0000000184000000| Untracked 
| 259|0x0000000185000000, 0x0000000186000000, 0x0000000186000000|100%| O|  |TAMS 0x0000000185000000, 0x0000000185000000| Untracked 
| 260|0x0000000186000000, 0x0000000187000000, 0x0000000187000000|100%| O|  |TAMS 0x0000000186000000, 0x0000000186000000| Untracked 
| 261|0x0000000187000000, 0x0000000188000000, 0x0000000188000000|100%| O|  |TAMS 0x0000000187000000, 0x0000000187000000| Untracked 
| 262|0x0000000188000000, 0x0000000189000000, 0x0000000189000000|100%| O|  |TAMS 0x0000000188000000, 0x0000000188000000| Untracked 
| 263|0x0000000189000000, 0x000000018a000000, 0x000000018a000000|100%| O|  |TAMS 0x0000000189000000, 0x0000000189000000| Untracked 
| 264|0x000000018a000000, 0x000000018b000000, 0x000000018b000000|100%| O|  |TAMS 0x000000018a000000, 0x000000018a000000| Untracked 
| 265|0x000000018b000000, 0x000000018c000000, 0x000000018c000000|100%| O|  |TAMS 0x000000018b000000, 0x000000018b000000| Untracked 
| 266|0x000000018c000000, 0x000000018d000000, 0x000000018d000000|100%| O|  |TAMS 0x000000018c000000, 0x000000018c000000| Untracked 
| 267|0x000000018d000000, 0x000000018e000000, 0x000000018e000000|100%| O|  |TAMS 0x000000018d000000, 0x000000018d000000| Untracked 
| 268|0x000000018e000000, 0x000000018f000000, 0x000000018f000000|100%| O|  |TAMS 0x000000018e000000, 0x000000018e000000| Untracked 
| 269|0x000000018f000000, 0x0000000190000000, 0x0000000190000000|100%| O|  |TAMS 0x000000018f000000, 0x000000018f000000| Untracked 
| 270|0x0000000190000000, 0x0000000191000000, 0x0000000191000000|100%| O|  |TAMS 0x0000000190000000, 0x0000000190000000| Untracked 
| 271|0x0000000191000000, 0x0000000192000000, 0x0000000192000000|100%| O|  |TAMS 0x0000000191000000, 0x0000000191000000| Untracked 
| 272|0x0000000192000000, 0x0000000193000000, 0x0000000193000000|100%| O|  |TAMS 0x0000000192000000, 0x0000000192000000| Untracked 
| 273|0x0000000193000000, 0x0000000194000000, 0x0000000194000000|100%| O|  |TAMS 0x0000000193000000, 0x0000000193000000| Untracked 
| 274|0x0000000194000000, 0x0000000195000000, 0x0000000195000000|100%| O|  |TAMS 0x0000000194000000, 0x0000000194000000| Untracked 
| 275|0x0000000195000000, 0x0000000196000000, 0x0000000196000000|100%| O|  |TAMS 0x0000000195000000, 0x0000000195000000| Untracked 
| 276|0x0000000196000000, 0x0000000197000000, 0x0000000197000000|100%| O|  |TAMS 0x0000000196000000, 0x0000000196000000| Untracked 
| 277|0x0000000197000000, 0x0000000198000000, 0x0000000198000000|100%| O|  |TAMS 0x0000000197000000, 0x0000000197000000| Untracked 
| 278|0x0000000198000000, 0x0000000199000000, 0x0000000199000000|100%| O|  |TAMS 0x0000000198000000, 0x0000000198000000| Untracked 
| 279|0x0000000199000000, 0x000000019a000000, 0x000000019a000000|100%| O|  |TAMS 0x0000000199000000, 0x0000000199000000| Untracked 
| 280|0x000000019a000000, 0x000000019b000000, 0x000000019b000000|100%| O|  |TAMS 0x000000019a000000, 0x000000019a000000| Untracked 
| 281|0x000000019b000000, 0x000000019c000000, 0x000000019c000000|100%| O|  |TAMS 0x000000019b000000, 0x000000019b000000| Untracked 
| 282|0x000000019c000000, 0x000000019d000000, 0x000000019d000000|100%| O|  |TAMS 0x000000019c000000, 0x000000019c000000| Untracked 
| 283|0x000000019d000000, 0x000000019e000000, 0x000000019e000000|100%| O|  |TAMS 0x000000019d000000, 0x000000019d000000| Untracked 
| 284|0x000000019e000000, 0x000000019f000000, 0x000000019f000000|100%| O|  |TAMS 0x000000019e000000, 0x000000019e000000| Untracked 
| 285|0x000000019f000000, 0x00000001a0000000, 0x00000001a0000000|100%| O|  |TAMS 0x000000019f000000, 0x000000019f000000| Untracked 
| 286|0x00000001a0000000, 0x00000001a1000000, 0x00000001a1000000|100%| O|  |TAMS 0x00000001a0000000, 0x00000001a0000000| Untracked 
| 287|0x00000001a1000000, 0x00000001a2000000, 0x00000001a2000000|100%| O|  |TAMS 0x00000001a1000000, 0x00000001a1000000| Untracked 
| 288|0x00000001a2000000, 0x00000001a3000000, 0x00000001a3000000|100%| O|  |TAMS 0x00000001a2000000, 0x00000001a2000000| Untracked 
| 289|0x00000001a3000000, 0x00000001a4000000, 0x00000001a4000000|100%| O|  |TAMS 0x00000001a3000000, 0x00000001a3000000| Untracked 
| 290|0x00000001a4000000, 0x00000001a5000000, 0x00000001a5000000|100%| O|  |TAMS 0x00000001a4000000, 0x00000001a4000000| Untracked 
| 291|0x00000001a5000000, 0x00000001a6000000, 0x00000001a6000000|100%| O|  |TAMS 0x00000001a5000000, 0x00000001a5000000| Untracked 
| 292|0x00000001a6000000, 0x00000001a7000000, 0x00000001a7000000|100%| O|  |TAMS 0x00000001a6000000, 0x00000001a6000000| Untracked 
| 293|0x00000001a7000000, 0x00000001a8000000, 0x00000001a8000000|100%| O|  |TAMS 0x00000001a7000000, 0x00000001a7000000| Untracked 
| 294|0x00000001a8000000, 0x00000001a9000000, 0x00000001a9000000|100%| O|  |TAMS 0x00000001a8000000, 0x00000001a8000000| Untracked 
| 295|0x00000001a9000000, 0x00000001aa000000, 0x00000001aa000000|100%| O|  |TAMS 0x00000001a9000000, 0x00000001a9000000| Untracked 
| 296|0x00000001aa000000, 0x00000001ab000000, 0x00000001ab000000|100%| O|  |TAMS 0x00000001aa000000, 0x00000001aa000000| Untracked 
| 297|0x00000001ab000000, 0x00000001ac000000, 0x00000001ac000000|100%| O|  |TAMS 0x00000001ab000000, 0x00000001ab000000| Untracked 
| 298|0x00000001ac000000, 0x00000001ad000000, 0x00000001ad000000|100%| O|  |TAMS 0x00000001ac000000, 0x00000001ac000000| Untracked 
| 299|0x00000001ad000000, 0x00000001ae000000, 0x00000001ae000000|100%| O|  |TAMS 0x00000001ad000000, 0x00000001ad000000| Untracked 
| 300|0x00000001ae000000, 0x00000001af000000, 0x00000001af000000|100%| O|  |TAMS 0x00000001ae000000, 0x00000001ae000000| Untracked 
| 301|0x00000001af000000, 0x00000001b0000000, 0x00000001b0000000|100%| O|  |TAMS 0x00000001af000000, 0x00000001af000000| Untracked 
| 302|0x00000001b0000000, 0x00000001b1000000, 0x00000001b1000000|100%| O|  |TAMS 0x00000001b0000000, 0x00000001b0000000| Untracked 
| 303|0x00000001b1000000, 0x00000001b2000000, 0x00000001b2000000|100%| O|  |TAMS 0x00000001b1000000, 0x00000001b1000000| Untracked 
| 304|0x00000001b2000000, 0x00000001b3000000, 0x00000001b3000000|100%| O|  |TAMS 0x00000001b2000000, 0x00000001b2000000| Untracked 
| 305|0x00000001b3000000, 0x00000001b4000000, 0x00000001b4000000|100%| O|  |TAMS 0x00000001b3000000, 0x00000001b3000000| Untracked 
| 306|0x00000001b4000000, 0x00000001b5000000, 0x00000001b5000000|100%| O|  |TAMS 0x00000001b4000000, 0x00000001b4000000| Untracked 
| 307|0x00000001b5000000, 0x00000001b6000000, 0x00000001b6000000|100%| O|  |TAMS 0x00000001b5000000, 0x00000001b5000000| Untracked 
| 308|0x00000001b6000000, 0x00000001b7000000, 0x00000001b7000000|100%| O|  |TAMS 0x00000001b6000000, 0x00000001b6000000| Untracked 
| 309|0x00000001b7000000, 0x00000001b8000000, 0x00000001b8000000|100%| O|  |TAMS 0x00000001b7000000, 0x00000001b7000000| Untracked 
| 310|0x00000001b8000000, 0x00000001b9000000, 0x00000001b9000000|100%| O|  |TAMS 0x00000001b8000000, 0x00000001b8000000| Untracked 
| 311|0x00000001b9000000, 0x00000001ba000000, 0x00000001ba000000|100%| O|  |TAMS 0x00000001b9000000, 0x00000001b9000000| Untracked 
| 312|0x00000001ba000000, 0x00000001bb000000, 0x00000001bb000000|100%| O|  |TAMS 0x00000001ba000000, 0x00000001ba000000| Untracked 
| 313|0x00000001bb000000, 0x00000001bc000000, 0x00000001bc000000|100%| O|  |TAMS 0x00000001bb000000, 0x00000001bb000000| Untracked 
| 314|0x00000001bc000000, 0x00000001bd000000, 0x00000001bd000000|100%| O|  |TAMS 0x00000001bc000000, 0x00000001bc000000| Untracked 
| 315|0x00000001bd000000, 0x00000001be000000, 0x00000001be000000|100%| O|  |TAMS 0x00000001bd000000, 0x00000001bd000000| Untracked 
| 316|0x00000001be000000, 0x00000001bf000000, 0x00000001bf000000|100%| O|  |TAMS 0x00000001be000000, 0x00000001be000000| Untracked 
| 317|0x00000001bf000000, 0x00000001c0000000, 0x00000001c0000000|100%| O|  |TAMS 0x00000001bf000000, 0x00000001bf000000| Untracked 
| 318|0x00000001c0000000, 0x00000001c1000000, 0x00000001c1000000|100%| O|  |TAMS 0x00000001c0000000, 0x00000001c0000000| Untracked 
| 319|0x00000001c1000000, 0x00000001c2000000, 0x00000001c2000000|100%| O|  |TAMS 0x00000001c1000000, 0x00000001c1000000| Untracked 
| 320|0x00000001c2000000, 0x00000001c3000000, 0x00000001c3000000|100%| O|  |TAMS 0x00000001c2000000, 0x00000001c2000000| Untracked 
| 321|0x00000001c3000000, 0x00000001c4000000, 0x00000001c4000000|100%| O|  |TAMS 0x00000001c3000000, 0x00000001c3000000| Untracked 
| 322|0x00000001c4000000, 0x00000001c5000000, 0x00000001c5000000|100%| O|  |TAMS 0x00000001c4000000, 0x00000001c4000000| Untracked 
| 323|0x00000001c5000000, 0x00000001c6000000, 0x00000001c6000000|100%| O|  |TAMS 0x00000001c5000000, 0x00000001c5000000| Untracked 
| 324|0x00000001c6000000, 0x00000001c7000000, 0x00000001c7000000|100%| O|  |TAMS 0x00000001c6000000, 0x00000001c6000000| Untracked 
| 325|0x00000001c7000000, 0x00000001c8000000, 0x00000001c8000000|100%| O|  |TAMS 0x00000001c7000000, 0x00000001c7000000| Untracked 
| 326|0x00000001c8000000, 0x00000001c9000000, 0x00000001c9000000|100%| O|  |TAMS 0x00000001c8000000, 0x00000001c8000000| Untracked 
| 327|0x00000001c9000000, 0x00000001ca000000, 0x00000001ca000000|100%| O|  |TAMS 0x00000001c9000000, 0x00000001c9000000| Untracked 
| 328|0x00000001ca000000, 0x00000001cb000000, 0x00000001cb000000|100%| O|  |TAMS 0x00000001ca000000, 0x00000001ca000000| Untracked 
| 329|0x00000001cb000000, 0x00000001cc000000, 0x00000001cc000000|100%| O|  |TAMS 0x00000001cb000000, 0x00000001cb000000| Untracked 
| 330|0x00000001cc000000, 0x00000001cd000000, 0x00000001cd000000|100%| O|  |TAMS 0x00000001cc000000, 0x00000001cc000000| Untracked 
| 331|0x00000001cd000000, 0x00000001ce000000, 0x00000001ce000000|100%| O|  |TAMS 0x00000001cd000000, 0x00000001cd000000| Untracked 
| 332|0x00000001ce000000, 0x00000001cf000000, 0x00000001cf000000|100%| O|  |TAMS 0x00000001ce000000, 0x00000001ce000000| Untracked 
| 333|0x00000001cf000000, 0x00000001d0000000, 0x00000001d0000000|100%| O|  |TAMS 0x00000001cf000000, 0x00000001cf000000| Untracked 
| 334|0x00000001d0000000, 0x00000001d1000000, 0x00000001d1000000|100%| O|  |TAMS 0x00000001d0000000, 0x00000001d0000000| Untracked 
| 335|0x00000001d1000000, 0x00000001d2000000, 0x00000001d2000000|100%| O|  |TAMS 0x00000001d1000000, 0x00000001d1000000| Untracked 
| 336|0x00000001d2000000, 0x00000001d3000000, 0x00000001d3000000|100%| O|  |TAMS 0x00000001d2000000, 0x00000001d2000000| Untracked 
| 337|0x00000001d3000000, 0x00000001d4000000, 0x00000001d4000000|100%| O|  |TAMS 0x00000001d3000000, 0x00000001d3000000| Untracked 
| 338|0x00000001d4000000, 0x00000001d5000000, 0x00000001d5000000|100%| O|  |TAMS 0x00000001d4000000, 0x00000001d4000000| Untracked 
| 339|0x00000001d5000000, 0x00000001d5bb1400, 0x00000001d6000000| 73%| O|  |TAMS 0x00000001d5000000, 0x00000001d5000000| Untracked 
| 340|0x00000001d6000000, 0x00000001d6000000, 0x00000001d7000000|  0%| F|  |TAMS 0x00000001d6000000, 0x00000001d6000000| Untracked 
| 341|0x00000001d7000000, 0x00000001d7000000, 0x00000001d8000000|  0%| F|  |TAMS 0x00000001d7000000, 0x00000001d7000000| Untracked 
| 342|0x00000001d8000000, 0x00000001d8000000, 0x00000001d9000000|  0%| F|  |TAMS 0x00000001d8000000, 0x00000001d8000000| Untracked 
| 343|0x00000001d9000000, 0x00000001d9000000, 0x00000001da000000|  0%| F|  |TAMS 0x00000001d9000000, 0x00000001d9000000| Untracked 
| 344|0x00000001da000000, 0x00000001da000000, 0x00000001db000000|  0%| F|  |TAMS 0x00000001da000000, 0x00000001da000000| Untracked 
| 345|0x00000001db000000, 0x00000001db000000, 0x00000001dc000000|  0%| F|  |TAMS 0x00000001db000000, 0x00000001db000000| Untracked 
| 346|0x00000001dc000000, 0x00000001dc000000, 0x00000001dd000000|  0%| F|  |TAMS 0x00000001dc000000, 0x00000001dc000000| Untracked 
| 347|0x00000001dd000000, 0x00000001dd000000, 0x00000001de000000|  0%| F|  |TAMS 0x00000001dd000000, 0x00000001dd000000| Untracked 
| 348|0x00000001de000000, 0x00000001de000000, 0x00000001df000000|  0%| F|  |TAMS 0x00000001de000000, 0x00000001de000000| Untracked 
| 349|0x00000001df000000, 0x00000001df000000, 0x00000001e0000000|  0%| F|  |TAMS 0x00000001df000000, 0x00000001df000000| Untracked 
| 350|0x00000001e0000000, 0x00000001e0000000, 0x00000001e1000000|  0%| F|  |TAMS 0x00000001e0000000, 0x00000001e0000000| Untracked 
| 351|0x00000001e1000000, 0x00000001e1000000, 0x00000001e2000000|  0%| F|  |TAMS 0x00000001e1000000, 0x00000001e1000000| Untracked 
| 352|0x00000001e2000000, 0x00000001e2000000, 0x00000001e3000000|  0%| F|  |TAMS 0x00000001e2000000, 0x00000001e2000000| Untracked 
| 353|0x00000001e3000000, 0x00000001e3000000, 0x00000001e4000000|  0%| F|  |TAMS 0x00000001e3000000, 0x00000001e3000000| Untracked 
| 354|0x00000001e4000000, 0x00000001e4000000, 0x00000001e5000000|  0%| F|  |TAMS 0x00000001e4000000, 0x00000001e4000000| Untracked 
| 355|0x00000001e5000000, 0x00000001e5000000, 0x00000001e6000000|  0%| F|  |TAMS 0x00000001e5000000, 0x00000001e5000000| Untracked 
| 356|0x00000001e6000000, 0x00000001e6000000, 0x00000001e7000000|  0%| F|  |TAMS 0x00000001e6000000, 0x00000001e6000000| Untracked 
| 357|0x00000001e7000000, 0x00000001e7000000, 0x00000001e8000000|  0%| F|  |TAMS 0x00000001e7000000, 0x00000001e7000000| Untracked 
| 358|0x00000001e8000000, 0x00000001e8000000, 0x00000001e9000000|  0%| F|  |TAMS 0x00000001e8000000, 0x00000001e8000000| Untracked 
| 359|0x00000001e9000000, 0x00000001e9000000, 0x00000001ea000000|  0%| F|  |TAMS 0x00000001e9000000, 0x00000001e9000000| Untracked 
| 360|0x00000001ea000000, 0x00000001ea000000, 0x00000001eb000000|  0%| F|  |TAMS 0x00000001ea000000, 0x00000001ea000000| Untracked 
| 361|0x00000001eb000000, 0x00000001eb000000, 0x00000001ec000000|  0%| F|  |TAMS 0x00000001eb000000, 0x00000001eb000000| Untracked 
| 362|0x00000001ec000000, 0x00000001ec000000, 0x00000001ed000000|  0%| F|  |TAMS 0x00000001ec000000, 0x00000001ec000000| Untracked 
| 363|0x00000001ed000000, 0x00000001ed000000, 0x00000001ee000000|  0%| F|  |TAMS 0x00000001ed000000, 0x00000001ed000000| Untracked 
| 364|0x00000001ee000000, 0x00000001ee000000, 0x00000001ef000000|  0%| F|  |TAMS 0x00000001ee000000, 0x00000001ee000000| Untracked 
| 365|0x00000001ef000000, 0x00000001ef000000, 0x00000001f0000000|  0%| F|  |TAMS 0x00000001ef000000, 0x00000001ef000000| Untracked 
| 366|0x00000001f0000000, 0x00000001f0000000, 0x00000001f1000000|  0%| F|  |TAMS 0x00000001f0000000, 0x00000001f0000000| Untracked 
| 367|0x00000001f1000000, 0x00000001f1000000, 0x00000001f2000000|  0%| F|  |TAMS 0x00000001f1000000, 0x00000001f1000000| Untracked 
| 368|0x00000001f2000000, 0x00000001f2000000, 0x00000001f3000000|  0%| F|  |TAMS 0x00000001f2000000, 0x00000001f2000000| Untracked 
| 369|0x00000001f3000000, 0x00000001f3000000, 0x00000001f4000000|  0%| F|  |TAMS 0x00000001f3000000, 0x00000001f3000000| Untracked 
| 370|0x00000001f4000000, 0x00000001f4000000, 0x00000001f5000000|  0%| F|  |TAMS 0x00000001f4000000, 0x00000001f4000000| Untracked 
| 371|0x00000001f5000000, 0x00000001f5000000, 0x00000001f6000000|  0%| F|  |TAMS 0x00000001f5000000, 0x00000001f5000000| Untracked 
| 372|0x00000001f6000000, 0x00000001f6000000, 0x00000001f7000000|  0%| F|  |TAMS 0x00000001f6000000, 0x00000001f6000000| Untracked 
| 373|0x00000001f7000000, 0x00000001f7000000, 0x00000001f8000000|  0%| F|  |TAMS 0x00000001f7000000, 0x00000001f7000000| Untracked 
| 374|0x00000001f8000000, 0x00000001f8000000, 0x00000001f9000000|  0%| F|  |TAMS 0x00000001f8000000, 0x00000001f8000000| Untracked 
| 375|0x00000001f9000000, 0x00000001f9000000, 0x00000001fa000000|  0%| F|  |TAMS 0x00000001f9000000, 0x00000001f9000000| Untracked 
| 376|0x00000001fa000000, 0x00000001fa000000, 0x00000001fb000000|  0%| F|  |TAMS 0x00000001fa000000, 0x00000001fa000000| Untracked 
| 377|0x00000001fb000000, 0x00000001fb000000, 0x00000001fc000000|  0%| F|  |TAMS 0x00000001fb000000, 0x00000001fb000000| Untracked 
| 378|0x00000001fc000000, 0x00000001fc000000, 0x00000001fd000000|  0%| F|  |TAMS 0x00000001fc000000, 0x00000001fc000000| Untracked 
| 379|0x00000001fd000000, 0x00000001fd000000, 0x00000001fe000000|  0%| F|  |TAMS 0x00000001fd000000, 0x00000001fd000000| Untracked 
| 380|0x00000001fe000000, 0x00000001fe000000, 0x00000001ff000000|  0%| F|  |TAMS 0x00000001fe000000, 0x00000001fe000000| Untracked 
| 381|0x00000001ff000000, 0x00000001ff000000, 0x0000000200000000|  0%| F|  |TAMS 0x00000001ff000000, 0x00000001ff000000| Untracked 
| 382|0x0000000200000000, 0x0000000200000000, 0x0000000201000000|  0%| F|  |TAMS 0x0000000200000000, 0x0000000200000000| Untracked 
| 383|0x0000000201000000, 0x0000000201000000, 0x0000000202000000|  0%| F|  |TAMS 0x0000000201000000, 0x0000000201000000| Untracked 
| 384|0x0000000202000000, 0x0000000202000000, 0x0000000203000000|  0%| F|  |TAMS 0x0000000202000000, 0x0000000202000000| Untracked 
| 385|0x0000000203000000, 0x0000000203000000, 0x0000000204000000|  0%| F|  |TAMS 0x0000000203000000, 0x0000000203000000| Untracked 
| 386|0x0000000204000000, 0x0000000204000000, 0x0000000205000000|  0%| F|  |TAMS 0x0000000204000000, 0x0000000204000000| Untracked 
| 387|0x0000000205000000, 0x0000000205000000, 0x0000000206000000|  0%| F|  |TAMS 0x0000000205000000, 0x0000000205000000| Untracked 
| 388|0x0000000206000000, 0x0000000206000000, 0x0000000207000000|  0%| F|  |TAMS 0x0000000206000000, 0x0000000206000000| Untracked 
| 389|0x0000000207000000, 0x0000000207000000, 0x0000000208000000|  0%| F|  |TAMS 0x0000000207000000, 0x0000000207000000| Untracked 
| 390|0x0000000208000000, 0x0000000208000000, 0x0000000209000000|  0%| F|  |TAMS 0x0000000208000000, 0x0000000208000000| Untracked 
| 391|0x0000000209000000, 0x0000000209000000, 0x000000020a000000|  0%| F|  |TAMS 0x0000000209000000, 0x0000000209000000| Untracked 
| 392|0x000000020a000000, 0x000000020a000000, 0x000000020b000000|  0%| F|  |TAMS 0x000000020a000000, 0x000000020a000000| Untracked 
| 393|0x000000020b000000, 0x000000020b000000, 0x000000020c000000|  0%| F|  |TAMS 0x000000020b000000, 0x000000020b000000| Untracked 
| 394|0x000000020c000000, 0x000000020c000000, 0x000000020d000000|  0%| F|  |TAMS 0x000000020c000000, 0x000000020c000000| Untracked 
| 395|0x000000020d000000, 0x000000020d000000, 0x000000020e000000|  0%| F|  |TAMS 0x000000020d000000, 0x000000020d000000| Untracked 
| 396|0x000000020e000000, 0x000000020e000000, 0x000000020f000000|  0%| F|  |TAMS 0x000000020e000000, 0x000000020e000000| Untracked 
| 397|0x000000020f000000, 0x000000020f000000, 0x0000000210000000|  0%| F|  |TAMS 0x000000020f000000, 0x000000020f000000| Untracked 
| 398|0x0000000210000000, 0x0000000210000000, 0x0000000211000000|  0%| F|  |TAMS 0x0000000210000000, 0x0000000210000000| Untracked 
| 399|0x0000000211000000, 0x0000000211000000, 0x0000000212000000|  0%| F|  |TAMS 0x0000000211000000, 0x0000000211000000| Untracked 
| 400|0x0000000212000000, 0x0000000212000000, 0x0000000213000000|  0%| F|  |TAMS 0x0000000212000000, 0x0000000212000000| Untracked 
| 401|0x0000000213000000, 0x0000000213000000, 0x0000000214000000|  0%| F|  |TAMS 0x0000000213000000, 0x0000000213000000| Untracked 
| 402|0x0000000214000000, 0x0000000214000000, 0x0000000215000000|  0%| F|  |TAMS 0x0000000214000000, 0x0000000214000000| Untracked 
| 403|0x0000000215000000, 0x0000000215000000, 0x0000000216000000|  0%| F|  |TAMS 0x0000000215000000, 0x0000000215000000| Untracked 
| 404|0x0000000216000000, 0x0000000216000000, 0x0000000217000000|  0%| F|  |TAMS 0x0000000216000000, 0x0000000216000000| Untracked 
| 405|0x0000000217000000, 0x0000000217000000, 0x0000000218000000|  0%| F|  |TAMS 0x0000000217000000, 0x0000000217000000| Untracked 
| 406|0x0000000218000000, 0x0000000218000000, 0x0000000219000000|  0%| F|  |TAMS 0x0000000218000000, 0x0000000218000000| Untracked 
| 407|0x0000000219000000, 0x0000000219000000, 0x000000021a000000|  0%| F|  |TAMS 0x0000000219000000, 0x0000000219000000| Untracked 
| 408|0x000000021a000000, 0x000000021a000000, 0x000000021b000000|  0%| F|  |TAMS 0x000000021a000000, 0x000000021a000000| Untracked 
| 409|0x000000021b000000, 0x000000021b000000, 0x000000021c000000|  0%| F|  |TAMS 0x000000021b000000, 0x000000021b000000| Untracked 
| 410|0x000000021c000000, 0x000000021c000000, 0x000000021d000000|  0%| F|  |TAMS 0x000000021c000000, 0x000000021c000000| Untracked 
| 411|0x000000021d000000, 0x000000021d000000, 0x000000021e000000|  0%| F|  |TAMS 0x000000021d000000, 0x000000021d000000| Untracked 
| 412|0x000000021e000000, 0x000000021e000000, 0x000000021f000000|  0%| F|  |TAMS 0x000000021e000000, 0x000000021e000000| Untracked 
| 413|0x000000021f000000, 0x000000021f000000, 0x0000000220000000|  0%| F|  |TAMS 0x000000021f000000, 0x000000021f000000| Untracked 
| 414|0x0000000220000000, 0x0000000220000000, 0x0000000221000000|  0%| F|  |TAMS 0x0000000220000000, 0x0000000220000000| Untracked 
| 415|0x0000000221000000, 0x0000000221000000, 0x0000000222000000|  0%| F|  |TAMS 0x0000000221000000, 0x0000000221000000| Untracked 
| 416|0x0000000222000000, 0x0000000222000000, 0x0000000223000000|  0%| F|  |TAMS 0x0000000222000000, 0x0000000222000000| Untracked 
| 417|0x0000000223000000, 0x0000000223000000, 0x0000000224000000|  0%| F|  |TAMS 0x0000000223000000, 0x0000000223000000| Untracked 
| 418|0x0000000224000000, 0x0000000224000000, 0x0000000225000000|  0%| F|  |TAMS 0x0000000224000000, 0x0000000224000000| Untracked 
| 419|0x0000000225000000, 0x0000000225000000, 0x0000000226000000|  0%| F|  |TAMS 0x0000000225000000, 0x0000000225000000| Untracked 
| 420|0x0000000226000000, 0x0000000226000000, 0x0000000227000000|  0%| F|  |TAMS 0x0000000226000000, 0x0000000226000000| Untracked 
| 421|0x0000000227000000, 0x0000000227000000, 0x0000000228000000|  0%| F|  |TAMS 0x0000000227000000, 0x0000000227000000| Untracked 
| 422|0x0000000228000000, 0x0000000228000000, 0x0000000229000000|  0%| F|  |TAMS 0x0000000228000000, 0x0000000228000000| Untracked 
| 423|0x0000000229000000, 0x0000000229000000, 0x000000022a000000|  0%| F|  |TAMS 0x0000000229000000, 0x0000000229000000| Untracked 
| 424|0x000000022a000000, 0x000000022a000000, 0x000000022b000000|  0%| F|  |TAMS 0x000000022a000000, 0x000000022a000000| Untracked 
| 425|0x000000022b000000, 0x000000022b000000, 0x000000022c000000|  0%| F|  |TAMS 0x000000022b000000, 0x000000022b000000| Untracked 
| 426|0x000000022c000000, 0x000000022c000000, 0x000000022d000000|  0%| F|  |TAMS 0x000000022c000000, 0x000000022c000000| Untracked 
| 427|0x000000022d000000, 0x000000022d000000, 0x000000022e000000|  0%| F|  |TAMS 0x000000022d000000, 0x000000022d000000| Untracked 
| 428|0x000000022e000000, 0x000000022e000000, 0x000000022f000000|  0%| F|  |TAMS 0x000000022e000000, 0x000000022e000000| Untracked 
| 429|0x000000022f000000, 0x000000022f000000, 0x0000000230000000|  0%| F|  |TAMS 0x000000022f000000, 0x000000022f000000| Untracked 
| 430|0x0000000230000000, 0x0000000230000000, 0x0000000231000000|  0%| F|  |TAMS 0x0000000230000000, 0x0000000230000000| Untracked 
| 431|0x0000000231000000, 0x0000000231000000, 0x0000000232000000|  0%| F|  |TAMS 0x0000000231000000, 0x0000000231000000| Untracked 
| 432|0x0000000232000000, 0x0000000232000000, 0x0000000233000000|  0%| F|  |TAMS 0x0000000232000000, 0x0000000232000000| Untracked 
| 433|0x0000000233000000, 0x0000000233000000, 0x0000000234000000|  0%| F|  |TAMS 0x0000000233000000, 0x0000000233000000| Untracked 
| 434|0x0000000234000000, 0x0000000234000000, 0x0000000235000000|  0%| F|  |TAMS 0x0000000234000000, 0x0000000234000000| Untracked 
| 435|0x0000000235000000, 0x0000000235000000, 0x0000000236000000|  0%| F|  |TAMS 0x0000000235000000, 0x0000000235000000| Untracked 
| 436|0x0000000236000000, 0x0000000236000000, 0x0000000237000000|  0%| F|  |TAMS 0x0000000236000000, 0x0000000236000000| Untracked 
| 437|0x0000000237000000, 0x0000000237000000, 0x0000000238000000|  0%| F|  |TAMS 0x0000000237000000, 0x0000000237000000| Untracked 
| 438|0x0000000238000000, 0x0000000238000000, 0x0000000239000000|  0%| F|  |TAMS 0x0000000238000000, 0x0000000238000000| Untracked 
| 439|0x0000000239000000, 0x0000000239000000, 0x000000023a000000|  0%| F|  |TAMS 0x0000000239000000, 0x0000000239000000| Untracked 
| 440|0x000000023a000000, 0x000000023a000000, 0x000000023b000000|  0%| F|  |TAMS 0x000000023a000000, 0x000000023a000000| Untracked 
| 441|0x000000023b000000, 0x000000023b000000, 0x000000023c000000|  0%| F|  |TAMS 0x000000023b000000, 0x000000023b000000| Untracked 
| 442|0x000000023c000000, 0x000000023c000000, 0x000000023d000000|  0%| F|  |TAMS 0x000000023c000000, 0x000000023c000000| Untracked 
| 443|0x000000023d000000, 0x000000023d000000, 0x000000023e000000|  0%| F|  |TAMS 0x000000023d000000, 0x000000023d000000| Untracked 
| 444|0x000000023e000000, 0x000000023e000000, 0x000000023f000000|  0%| F|  |TAMS 0x000000023e000000, 0x000000023e000000| Untracked 
| 445|0x000000023f000000, 0x000000023f000000, 0x0000000240000000|  0%| F|  |TAMS 0x000000023f000000, 0x000000023f000000| Untracked 
| 446|0x0000000240000000, 0x0000000240000000, 0x0000000241000000|  0%| F|  |TAMS 0x0000000240000000, 0x0000000240000000| Untracked 
| 447|0x0000000241000000, 0x0000000241000000, 0x0000000242000000|  0%| F|  |TAMS 0x0000000241000000, 0x0000000241000000| Untracked 
| 448|0x0000000242000000, 0x0000000242000000, 0x0000000243000000|  0%| F|  |TAMS 0x0000000242000000, 0x0000000242000000| Untracked 
| 449|0x0000000243000000, 0x0000000243000000, 0x0000000244000000|  0%| F|  |TAMS 0x0000000243000000, 0x0000000243000000| Untracked 
| 450|0x0000000244000000, 0x0000000244000000, 0x0000000245000000|  0%| F|  |TAMS 0x0000000244000000, 0x0000000244000000| Untracked 
| 451|0x0000000245000000, 0x0000000245000000, 0x0000000246000000|  0%| F|  |TAMS 0x0000000245000000, 0x0000000245000000| Untracked 
| 452|0x0000000246000000, 0x0000000246000000, 0x0000000247000000|  0%| F|  |TAMS 0x0000000246000000, 0x0000000246000000| Untracked 
| 453|0x0000000247000000, 0x0000000247000000, 0x0000000248000000|  0%| F|  |TAMS 0x0000000247000000, 0x0000000247000000| Untracked 
| 454|0x0000000248000000, 0x0000000248000000, 0x0000000249000000|  0%| F|  |TAMS 0x0000000248000000, 0x0000000248000000| Untracked 
| 455|0x0000000249000000, 0x0000000249000000, 0x000000024a000000|  0%| F|  |TAMS 0x0000000249000000, 0x0000000249000000| Untracked 
| 456|0x000000024a000000, 0x000000024a000000, 0x000000024b000000|  0%| F|  |TAMS 0x000000024a000000, 0x000000024a000000| Untracked 
| 457|0x000000024b000000, 0x000000024b000000, 0x000000024c000000|  0%| F|  |TAMS 0x000000024b000000, 0x000000024b000000| Untracked 
| 458|0x000000024c000000, 0x000000024c000000, 0x000000024d000000|  0%| F|  |TAMS 0x000000024c000000, 0x000000024c000000| Untracked 
| 459|0x000000024d000000, 0x000000024d000000, 0x000000024e000000|  0%| F|  |TAMS 0x000000024d000000, 0x000000024d000000| Untracked 
| 460|0x000000024e000000, 0x000000024e000000, 0x000000024f000000|  0%| F|  |TAMS 0x000000024e000000, 0x000000024e000000| Untracked 
| 461|0x000000024f000000, 0x000000024f000000, 0x0000000250000000|  0%| F|  |TAMS 0x000000024f000000, 0x000000024f000000| Untracked 
| 462|0x0000000250000000, 0x0000000250000000, 0x0000000251000000|  0%| F|  |TAMS 0x0000000250000000, 0x0000000250000000| Untracked 
| 463|0x0000000251000000, 0x0000000251000000, 0x0000000252000000|  0%| F|  |TAMS 0x0000000251000000, 0x0000000251000000| Untracked 
| 464|0x0000000252000000, 0x0000000252000000, 0x0000000253000000|  0%| F|  |TAMS 0x0000000252000000, 0x0000000252000000| Untracked 
| 465|0x0000000253000000, 0x0000000253000000, 0x0000000254000000|  0%| F|  |TAMS 0x0000000253000000, 0x0000000253000000| Untracked 
| 466|0x0000000254000000, 0x0000000254000000, 0x0000000255000000|  0%| F|  |TAMS 0x0000000254000000, 0x0000000254000000| Untracked 
| 467|0x0000000255000000, 0x0000000255000000, 0x0000000256000000|  0%| F|  |TAMS 0x0000000255000000, 0x0000000255000000| Untracked 
| 468|0x0000000256000000, 0x0000000256000000, 0x0000000257000000|  0%| F|  |TAMS 0x0000000256000000, 0x0000000256000000| Untracked 
| 469|0x0000000257000000, 0x0000000257000000, 0x0000000258000000|  0%| F|  |TAMS 0x0000000257000000, 0x0000000257000000| Untracked 
| 470|0x0000000258000000, 0x0000000258000000, 0x0000000259000000|  0%| F|  |TAMS 0x0000000258000000, 0x0000000258000000| Untracked 
| 471|0x0000000259000000, 0x0000000259000000, 0x000000025a000000|  0%| F|  |TAMS 0x0000000259000000, 0x0000000259000000| Untracked 
| 472|0x000000025a000000, 0x000000025a000000, 0x000000025b000000|  0%| F|  |TAMS 0x000000025a000000, 0x000000025a000000| Untracked 
| 473|0x000000025b000000, 0x000000025b000000, 0x000000025c000000|  0%| F|  |TAMS 0x000000025b000000, 0x000000025b000000| Untracked 
| 474|0x000000025c000000, 0x000000025c000000, 0x000000025d000000|  0%| F|  |TAMS 0x000000025c000000, 0x000000025c000000| Untracked 
| 475|0x000000025d000000, 0x000000025d000000, 0x000000025e000000|  0%| F|  |TAMS 0x000000025d000000, 0x000000025d000000| Untracked 
| 476|0x000000025e000000, 0x000000025e000000, 0x000000025f000000|  0%| F|  |TAMS 0x000000025e000000, 0x000000025e000000| Untracked 
| 477|0x000000025f000000, 0x000000025f000000, 0x0000000260000000|  0%| F|  |TAMS 0x000000025f000000, 0x000000025f000000| Untracked 
| 478|0x0000000260000000, 0x0000000260000000, 0x0000000261000000|  0%| F|  |TAMS 0x0000000260000000, 0x0000000260000000| Untracked 
| 479|0x0000000261000000, 0x0000000261000000, 0x0000000262000000|  0%| F|  |TAMS 0x0000000261000000, 0x0000000261000000| Untracked 
| 480|0x0000000262000000, 0x0000000262000000, 0x0000000263000000|  0%| F|  |TAMS 0x0000000262000000, 0x0000000262000000| Untracked 
| 481|0x0000000263000000, 0x0000000263000000, 0x0000000264000000|  0%| F|  |TAMS 0x0000000263000000, 0x0000000263000000| Untracked 
| 482|0x0000000264000000, 0x0000000264000000, 0x0000000265000000|  0%| F|  |TAMS 0x0000000264000000, 0x0000000264000000| Untracked 
| 483|0x0000000265000000, 0x0000000265000000, 0x0000000266000000|  0%| F|  |TAMS 0x0000000265000000, 0x0000000265000000| Untracked 
| 484|0x0000000266000000, 0x0000000266000000, 0x0000000267000000|  0%| F|  |TAMS 0x0000000266000000, 0x0000000266000000| Untracked 
| 485|0x0000000267000000, 0x0000000267000000, 0x0000000268000000|  0%| F|  |TAMS 0x0000000267000000, 0x0000000267000000| Untracked 
| 486|0x0000000268000000, 0x0000000268000000, 0x0000000269000000|  0%| F|  |TAMS 0x0000000268000000, 0x0000000268000000| Untracked 
| 487|0x0000000269000000, 0x0000000269000000, 0x000000026a000000|  0%| F|  |TAMS 0x0000000269000000, 0x0000000269000000| Untracked 
| 488|0x000000026a000000, 0x000000026a000000, 0x000000026b000000|  0%| F|  |TAMS 0x000000026a000000, 0x000000026a000000| Untracked 
| 489|0x000000026b000000, 0x000000026b000000, 0x000000026c000000|  0%| F|  |TAMS 0x000000026b000000, 0x000000026b000000| Untracked 
| 490|0x000000026c000000, 0x000000026c000000, 0x000000026d000000|  0%| F|  |TAMS 0x000000026c000000, 0x000000026c000000| Untracked 
| 491|0x000000026d000000, 0x000000026d000000, 0x000000026e000000|  0%| F|  |TAMS 0x000000026d000000, 0x000000026d000000| Untracked 
| 492|0x000000026e000000, 0x000000026e000000, 0x000000026f000000|  0%| F|  |TAMS 0x000000026e000000, 0x000000026e000000| Untracked 
| 493|0x000000026f000000, 0x000000026f000000, 0x0000000270000000|  0%| F|  |TAMS 0x000000026f000000, 0x000000026f000000| Untracked 
| 494|0x0000000270000000, 0x0000000270000000, 0x0000000271000000|  0%| F|  |TAMS 0x0000000270000000, 0x0000000270000000| Untracked 
| 495|0x0000000271000000, 0x0000000271000000, 0x0000000272000000|  0%| F|  |TAMS 0x0000000271000000, 0x0000000271000000| Untracked 
| 496|0x0000000272000000, 0x0000000272000000, 0x0000000273000000|  0%| F|  |TAMS 0x0000000272000000, 0x0000000272000000| Untracked 
| 497|0x0000000273000000, 0x0000000273000000, 0x0000000274000000|  0%| F|  |TAMS 0x0000000273000000, 0x0000000273000000| Untracked 
| 498|0x0000000274000000, 0x0000000274000000, 0x0000000275000000|  0%| F|  |TAMS 0x0000000274000000, 0x0000000274000000| Untracked 
| 499|0x0000000275000000, 0x0000000275000000, 0x0000000276000000|  0%| F|  |TAMS 0x0000000275000000, 0x0000000275000000| Untracked 
| 500|0x0000000276000000, 0x0000000276000000, 0x0000000277000000|  0%| F|  |TAMS 0x0000000276000000, 0x0000000276000000| Untracked 
| 501|0x0000000277000000, 0x0000000277000000, 0x0000000278000000|  0%| F|  |TAMS 0x0000000277000000, 0x0000000277000000| Untracked 
| 502|0x0000000278000000, 0x0000000278000000, 0x0000000279000000|  0%| F|  |TAMS 0x0000000278000000, 0x0000000278000000| Untracked 
| 503|0x0000000279000000, 0x0000000279000000, 0x000000027a000000|  0%| F|  |TAMS 0x0000000279000000, 0x0000000279000000| Untracked 
| 504|0x000000027a000000, 0x000000027a000000, 0x000000027b000000|  0%| F|  |TAMS 0x000000027a000000, 0x000000027a000000| Untracked 
| 505|0x000000027b000000, 0x000000027b000000, 0x000000027c000000|  0%| F|  |TAMS 0x000000027b000000, 0x000000027b000000| Untracked 
| 506|0x000000027c000000, 0x000000027c000000, 0x000000027d000000|  0%| F|  |TAMS 0x000000027c000000, 0x000000027c000000| Untracked 
| 507|0x000000027d000000, 0x000000027d000000, 0x000000027e000000|  0%| F|  |TAMS 0x000000027d000000, 0x000000027d000000| Untracked 
| 508|0x000000027e000000, 0x000000027e000000, 0x000000027f000000|  0%| F|  |TAMS 0x000000027e000000, 0x000000027e000000| Untracked 
| 509|0x000000027f000000, 0x000000027f000000, 0x0000000280000000|  0%| F|  |TAMS 0x000000027f000000, 0x000000027f000000| Untracked 
| 510|0x0000000280000000, 0x0000000280000000, 0x0000000281000000|  0%| F|  |TAMS 0x0000000280000000, 0x0000000280000000| Untracked 
| 511|0x0000000281000000, 0x0000000281000000, 0x0000000282000000|  0%| F|  |TAMS 0x0000000281000000, 0x0000000281000000| Untracked 
| 512|0x0000000282000000, 0x0000000282000000, 0x0000000283000000|  0%| F|  |TAMS 0x0000000282000000, 0x0000000282000000| Untracked 
| 513|0x0000000283000000, 0x0000000283000000, 0x0000000284000000|  0%| F|  |TAMS 0x0000000283000000, 0x0000000283000000| Untracked 
| 514|0x0000000284000000, 0x0000000284000000, 0x0000000285000000|  0%| F|  |TAMS 0x0000000284000000, 0x0000000284000000| Untracked 
| 515|0x0000000285000000, 0x0000000285000000, 0x0000000286000000|  0%| F|  |TAMS 0x0000000285000000, 0x0000000285000000| Untracked 
| 516|0x0000000286000000, 0x0000000286000000, 0x0000000287000000|  0%| F|  |TAMS 0x0000000286000000, 0x0000000286000000| Untracked 
| 517|0x0000000287000000, 0x0000000287000000, 0x0000000288000000|  0%| F|  |TAMS 0x0000000287000000, 0x0000000287000000| Untracked 
| 518|0x0000000288000000, 0x0000000288000000, 0x0000000289000000|  0%| F|  |TAMS 0x0000000288000000, 0x0000000288000000| Untracked 
| 519|0x0000000289000000, 0x0000000289000000, 0x000000028a000000|  0%| F|  |TAMS 0x0000000289000000, 0x0000000289000000| Untracked 
| 520|0x000000028a000000, 0x000000028a000000, 0x000000028b000000|  0%| F|  |TAMS 0x000000028a000000, 0x000000028a000000| Untracked 
| 521|0x000000028b000000, 0x000000028b000000, 0x000000028c000000|  0%| F|  |TAMS 0x000000028b000000, 0x000000028b000000| Untracked 
| 522|0x000000028c000000, 0x000000028c000000, 0x000000028d000000|  0%| F|  |TAMS 0x000000028c000000, 0x000000028c000000| Untracked 
| 523|0x000000028d000000, 0x000000028d000000, 0x000000028e000000|  0%| F|  |TAMS 0x000000028d000000, 0x000000028d000000| Untracked 
| 524|0x000000028e000000, 0x000000028e000000, 0x000000028f000000|  0%| F|  |TAMS 0x000000028e000000, 0x000000028e000000| Untracked 
| 525|0x000000028f000000, 0x000000028f000000, 0x0000000290000000|  0%| F|  |TAMS 0x000000028f000000, 0x000000028f000000| Untracked 
| 526|0x0000000290000000, 0x0000000290000000, 0x0000000291000000|  0%| F|  |TAMS 0x0000000290000000, 0x0000000290000000| Untracked 
| 527|0x0000000291000000, 0x0000000291000000, 0x0000000292000000|  0%| F|  |TAMS 0x0000000291000000, 0x0000000291000000| Untracked 
| 528|0x0000000292000000, 0x0000000292000000, 0x0000000293000000|  0%| F|  |TAMS 0x0000000292000000, 0x0000000292000000| Untracked 
| 529|0x0000000293000000, 0x0000000293000000, 0x0000000294000000|  0%| F|  |TAMS 0x0000000293000000, 0x0000000293000000| Untracked 
| 530|0x0000000294000000, 0x0000000294000000, 0x0000000295000000|  0%| F|  |TAMS 0x0000000294000000, 0x0000000294000000| Untracked 
| 531|0x0000000295000000, 0x0000000295000000, 0x0000000296000000|  0%| F|  |TAMS 0x0000000295000000, 0x0000000295000000| Untracked 
| 532|0x0000000296000000, 0x0000000296000000, 0x0000000297000000|  0%| F|  |TAMS 0x0000000296000000, 0x0000000296000000| Untracked 
| 533|0x0000000297000000, 0x0000000297000000, 0x0000000298000000|  0%| F|  |TAMS 0x0000000297000000, 0x0000000297000000| Untracked 
| 534|0x0000000298000000, 0x0000000298000000, 0x0000000299000000|  0%| F|  |TAMS 0x0000000298000000, 0x0000000298000000| Untracked 
| 535|0x0000000299000000, 0x0000000299000000, 0x000000029a000000|  0%| F|  |TAMS 0x0000000299000000, 0x0000000299000000| Untracked 
| 536|0x000000029a000000, 0x000000029a000000, 0x000000029b000000|  0%| F|  |TAMS 0x000000029a000000, 0x000000029a000000| Untracked 
| 537|0x000000029b000000, 0x000000029b000000, 0x000000029c000000|  0%| F|  |TAMS 0x000000029b000000, 0x000000029b000000| Untracked 
| 538|0x000000029c000000, 0x000000029c000000, 0x000000029d000000|  0%| F|  |TAMS 0x000000029c000000, 0x000000029c000000| Untracked 
| 539|0x000000029d000000, 0x000000029d000000, 0x000000029e000000|  0%| F|  |TAMS 0x000000029d000000, 0x000000029d000000| Untracked 
| 540|0x000000029e000000, 0x000000029e000000, 0x000000029f000000|  0%| F|  |TAMS 0x000000029e000000, 0x000000029e000000| Untracked 
| 541|0x000000029f000000, 0x000000029f000000, 0x00000002a0000000|  0%| F|  |TAMS 0x000000029f000000, 0x000000029f000000| Untracked 
| 542|0x00000002a0000000, 0x00000002a0000000, 0x00000002a1000000|  0%| F|  |TAMS 0x00000002a0000000, 0x00000002a0000000| Untracked 
| 543|0x00000002a1000000, 0x00000002a1000000, 0x00000002a2000000|  0%| F|  |TAMS 0x00000002a1000000, 0x00000002a1000000| Untracked 
| 544|0x00000002a2000000, 0x00000002a2000000, 0x00000002a3000000|  0%| F|  |TAMS 0x00000002a2000000, 0x00000002a2000000| Untracked 
| 545|0x00000002a3000000, 0x00000002a3000000, 0x00000002a4000000|  0%| F|  |TAMS 0x00000002a3000000, 0x00000002a3000000| Untracked 
| 546|0x00000002a4000000, 0x00000002a4000000, 0x00000002a5000000|  0%| F|  |TAMS 0x00000002a4000000, 0x00000002a4000000| Untracked 
| 547|0x00000002a5000000, 0x00000002a5000000, 0x00000002a6000000|  0%| F|  |TAMS 0x00000002a5000000, 0x00000002a5000000| Untracked 
| 548|0x00000002a6000000, 0x00000002a6000000, 0x00000002a7000000|  0%| F|  |TAMS 0x00000002a6000000, 0x00000002a6000000| Untracked 
| 549|0x00000002a7000000, 0x00000002a7000000, 0x00000002a8000000|  0%| F|  |TAMS 0x00000002a7000000, 0x00000002a7000000| Untracked 
| 550|0x00000002a8000000, 0x00000002a8000000, 0x00000002a9000000|  0%| F|  |TAMS 0x00000002a8000000, 0x00000002a8000000| Untracked 
| 551|0x00000002a9000000, 0x00000002a9000000, 0x00000002aa000000|  0%| F|  |TAMS 0x00000002a9000000, 0x00000002a9000000| Untracked 
| 552|0x00000002aa000000, 0x00000002aa000000, 0x00000002ab000000|  0%| F|  |TAMS 0x00000002aa000000, 0x00000002aa000000| Untracked 
| 553|0x00000002ab000000, 0x00000002ab000000, 0x00000002ac000000|  0%| F|  |TAMS 0x00000002ab000000, 0x00000002ab000000| Untracked 
| 554|0x00000002ac000000, 0x00000002ac000000, 0x00000002ad000000|  0%| F|  |TAMS 0x00000002ac000000, 0x00000002ac000000| Untracked 
| 555|0x00000002ad000000, 0x00000002ad000000, 0x00000002ae000000|  0%| F|  |TAMS 0x00000002ad000000, 0x00000002ad000000| Untracked 
| 556|0x00000002ae000000, 0x00000002ae000000, 0x00000002af000000|  0%| F|  |TAMS 0x00000002ae000000, 0x00000002ae000000| Untracked 
| 557|0x00000002af000000, 0x00000002af000000, 0x00000002b0000000|  0%| F|  |TAMS 0x00000002af000000, 0x00000002af000000| Untracked 
| 558|0x00000002b0000000, 0x00000002b0000000, 0x00000002b1000000|  0%| F|  |TAMS 0x00000002b0000000, 0x00000002b0000000| Untracked 
| 559|0x00000002b1000000, 0x00000002b1000000, 0x00000002b2000000|  0%| F|  |TAMS 0x00000002b1000000, 0x00000002b1000000| Untracked 
| 560|0x00000002b2000000, 0x00000002b2000000, 0x00000002b3000000|  0%| F|  |TAMS 0x00000002b2000000, 0x00000002b2000000| Untracked 
| 561|0x00000002b3000000, 0x00000002b3000000, 0x00000002b4000000|  0%| F|  |TAMS 0x00000002b3000000, 0x00000002b3000000| Untracked 
| 562|0x00000002b4000000, 0x00000002b4000000, 0x00000002b5000000|  0%| F|  |TAMS 0x00000002b4000000, 0x00000002b4000000| Untracked 
| 563|0x00000002b5000000, 0x00000002b5000000, 0x00000002b6000000|  0%| F|  |TAMS 0x00000002b5000000, 0x00000002b5000000| Untracked 
| 564|0x00000002b6000000, 0x00000002b6000000, 0x00000002b7000000|  0%| F|  |TAMS 0x00000002b6000000, 0x00000002b6000000| Untracked 
| 565|0x00000002b7000000, 0x00000002b7000000, 0x00000002b8000000|  0%| F|  |TAMS 0x00000002b7000000, 0x00000002b7000000| Untracked 
| 566|0x00000002b8000000, 0x00000002b8000000, 0x00000002b9000000|  0%| F|  |TAMS 0x00000002b8000000, 0x00000002b8000000| Untracked 
| 567|0x00000002b9000000, 0x00000002b9000000, 0x00000002ba000000|  0%| F|  |TAMS 0x00000002b9000000, 0x00000002b9000000| Untracked 
| 568|0x00000002ba000000, 0x00000002ba000000, 0x00000002bb000000|  0%| F|  |TAMS 0x00000002ba000000, 0x00000002ba000000| Untracked 
| 569|0x00000002bb000000, 0x00000002bb000000, 0x00000002bc000000|  0%| F|  |TAMS 0x00000002bb000000, 0x00000002bb000000| Untracked 
| 570|0x00000002bc000000, 0x00000002bc000000, 0x00000002bd000000|  0%| F|  |TAMS 0x00000002bc000000, 0x00000002bc000000| Untracked 
| 571|0x00000002bd000000, 0x00000002bd000000, 0x00000002be000000|  0%| F|  |TAMS 0x00000002bd000000, 0x00000002bd000000| Untracked 
| 572|0x00000002be000000, 0x00000002be000000, 0x00000002bf000000|  0%| F|  |TAMS 0x00000002be000000, 0x00000002be000000| Untracked 
| 573|0x00000002bf000000, 0x00000002bf000000, 0x00000002c0000000|  0%| F|  |TAMS 0x00000002bf000000, 0x00000002bf000000| Untracked 
| 574|0x00000002c0000000, 0x00000002c0000000, 0x00000002c1000000|  0%| F|  |TAMS 0x00000002c0000000, 0x00000002c0000000| Untracked 
| 575|0x00000002c1000000, 0x00000002c1000000, 0x00000002c2000000|  0%| F|  |TAMS 0x00000002c1000000, 0x00000002c1000000| Untracked 
| 576|0x00000002c2000000, 0x00000002c2000000, 0x00000002c3000000|  0%| F|  |TAMS 0x00000002c2000000, 0x00000002c2000000| Untracked 
| 577|0x00000002c3000000, 0x00000002c3000000, 0x00000002c4000000|  0%| F|  |TAMS 0x00000002c3000000, 0x00000002c3000000| Untracked 
| 578|0x00000002c4000000, 0x00000002c4000000, 0x00000002c5000000|  0%| F|  |TAMS 0x00000002c4000000, 0x00000002c4000000| Untracked 
| 579|0x00000002c5000000, 0x00000002c5000000, 0x00000002c6000000|  0%| F|  |TAMS 0x00000002c5000000, 0x00000002c5000000| Untracked 
| 580|0x00000002c6000000, 0x00000002c6000000, 0x00000002c7000000|  0%| F|  |TAMS 0x00000002c6000000, 0x00000002c6000000| Untracked 
| 581|0x00000002c7000000, 0x00000002c7000000, 0x00000002c8000000|  0%| F|  |TAMS 0x00000002c7000000, 0x00000002c7000000| Untracked 
| 582|0x00000002c8000000, 0x00000002c8000000, 0x00000002c9000000|  0%| F|  |TAMS 0x00000002c8000000, 0x00000002c8000000| Untracked 
| 583|0x00000002c9000000, 0x00000002c9000000, 0x00000002ca000000|  0%| F|  |TAMS 0x00000002c9000000, 0x00000002c9000000| Untracked 
| 584|0x00000002ca000000, 0x00000002ca000000, 0x00000002cb000000|  0%| F|  |TAMS 0x00000002ca000000, 0x00000002ca000000| Untracked 
| 585|0x00000002cb000000, 0x00000002cb000000, 0x00000002cc000000|  0%| F|  |TAMS 0x00000002cb000000, 0x00000002cb000000| Untracked 
| 586|0x00000002cc000000, 0x00000002cc000000, 0x00000002cd000000|  0%| F|  |TAMS 0x00000002cc000000, 0x00000002cc000000| Untracked 
| 587|0x00000002cd000000, 0x00000002cd000000, 0x00000002ce000000|  0%| F|  |TAMS 0x00000002cd000000, 0x00000002cd000000| Untracked 
| 588|0x00000002ce000000, 0x00000002ce000000, 0x00000002cf000000|  0%| F|  |TAMS 0x00000002ce000000, 0x00000002ce000000| Untracked 
| 589|0x00000002cf000000, 0x00000002cf000000, 0x00000002d0000000|  0%| F|  |TAMS 0x00000002cf000000, 0x00000002cf000000| Untracked 
| 590|0x00000002d0000000, 0x00000002d0000000, 0x00000002d1000000|  0%| F|  |TAMS 0x00000002d0000000, 0x00000002d0000000| Untracked 
| 591|0x00000002d1000000, 0x00000002d1000000, 0x00000002d2000000|  0%| F|  |TAMS 0x00000002d1000000, 0x00000002d1000000| Untracked 
| 592|0x00000002d2000000, 0x00000002d2000000, 0x00000002d3000000|  0%| F|  |TAMS 0x00000002d2000000, 0x00000002d2000000| Untracked 
| 593|0x00000002d3000000, 0x00000002d3000000, 0x00000002d4000000|  0%| F|  |TAMS 0x00000002d3000000, 0x00000002d3000000| Untracked 
| 594|0x00000002d4000000, 0x00000002d4000000, 0x00000002d5000000|  0%| F|  |TAMS 0x00000002d4000000, 0x00000002d4000000| Untracked 
| 595|0x00000002d5000000, 0x00000002d5000000, 0x00000002d6000000|  0%| F|  |TAMS 0x00000002d5000000, 0x00000002d5000000| Untracked 
| 596|0x00000002d6000000, 0x00000002d6000000, 0x00000002d7000000|  0%| F|  |TAMS 0x00000002d6000000, 0x00000002d6000000| Untracked 
| 597|0x00000002d7000000, 0x00000002d7000000, 0x00000002d8000000|  0%| F|  |TAMS 0x00000002d7000000, 0x00000002d7000000| Untracked 
| 598|0x00000002d8000000, 0x00000002d8000000, 0x00000002d9000000|  0%| F|  |TAMS 0x00000002d8000000, 0x00000002d8000000| Untracked 
| 599|0x00000002d9000000, 0x00000002d9000000, 0x00000002da000000|  0%| F|  |TAMS 0x00000002d9000000, 0x00000002d9000000| Untracked 
| 600|0x00000002da000000, 0x00000002da000000, 0x00000002db000000|  0%| F|  |TAMS 0x00000002da000000, 0x00000002da000000| Untracked 
| 601|0x00000002db000000, 0x00000002db000000, 0x00000002dc000000|  0%| F|  |TAMS 0x00000002db000000, 0x00000002db000000| Untracked 
| 602|0x00000002dc000000, 0x00000002dc000000, 0x00000002dd000000|  0%| F|  |TAMS 0x00000002dc000000, 0x00000002dc000000| Untracked 
| 603|0x00000002dd000000, 0x00000002dd000000, 0x00000002de000000|  0%| F|  |TAMS 0x00000002dd000000, 0x00000002dd000000| Untracked 
| 604|0x00000002de000000, 0x00000002de000000, 0x00000002df000000|  0%| F|  |TAMS 0x00000002de000000, 0x00000002de000000| Untracked 
| 605|0x00000002df000000, 0x00000002df000000, 0x00000002e0000000|  0%| F|  |TAMS 0x00000002df000000, 0x00000002df000000| Untracked 
| 606|0x00000002e0000000, 0x00000002e0000000, 0x00000002e1000000|  0%| F|  |TAMS 0x00000002e0000000, 0x00000002e0000000| Untracked 
| 607|0x00000002e1000000, 0x00000002e1000000, 0x00000002e2000000|  0%| F|  |TAMS 0x00000002e1000000, 0x00000002e1000000| Untracked 
| 608|0x00000002e2000000, 0x00000002e2000000, 0x00000002e3000000|  0%| F|  |TAMS 0x00000002e2000000, 0x00000002e2000000| Untracked 
| 609|0x00000002e3000000, 0x00000002e3000000, 0x00000002e4000000|  0%| F|  |TAMS 0x00000002e3000000, 0x00000002e3000000| Untracked 
| 610|0x00000002e4000000, 0x00000002e4000000, 0x00000002e5000000|  0%| F|  |TAMS 0x00000002e4000000, 0x00000002e4000000| Untracked 
| 611|0x00000002e5000000, 0x00000002e5000000, 0x00000002e6000000|  0%| F|  |TAMS 0x00000002e5000000, 0x00000002e5000000| Untracked 
| 612|0x00000002e6000000, 0x00000002e6000000, 0x00000002e7000000|  0%| F|  |TAMS 0x00000002e6000000, 0x00000002e6000000| Untracked 
| 613|0x00000002e7000000, 0x00000002e7000000, 0x00000002e8000000|  0%| F|  |TAMS 0x00000002e7000000, 0x00000002e7000000| Untracked 
| 614|0x00000002e8000000, 0x00000002e8000000, 0x00000002e9000000|  0%| F|  |TAMS 0x00000002e8000000, 0x00000002e8000000| Untracked 
| 615|0x00000002e9000000, 0x00000002e9000000, 0x00000002ea000000|  0%| F|  |TAMS 0x00000002e9000000, 0x00000002e9000000| Untracked 
| 616|0x00000002ea000000, 0x00000002ea000000, 0x00000002eb000000|  0%| F|  |TAMS 0x00000002ea000000, 0x00000002ea000000| Untracked 
| 617|0x00000002eb000000, 0x00000002eb000000, 0x00000002ec000000|  0%| F|  |TAMS 0x00000002eb000000, 0x00000002eb000000| Untracked 
| 618|0x00000002ec000000, 0x00000002ec000000, 0x00000002ed000000|  0%| F|  |TAMS 0x00000002ec000000, 0x00000002ec000000| Untracked 
| 619|0x00000002ed000000, 0x00000002ed000000, 0x00000002ee000000|  0%| F|  |TAMS 0x00000002ed000000, 0x00000002ed000000| Untracked 
| 620|0x00000002ee000000, 0x00000002ee000000, 0x00000002ef000000|  0%| F|  |TAMS 0x00000002ee000000, 0x00000002ee000000| Untracked 
| 621|0x00000002ef000000, 0x00000002ef000000, 0x00000002f0000000|  0%| F|  |TAMS 0x00000002ef000000, 0x00000002ef000000| Untracked 
| 622|0x00000002f0000000, 0x00000002f0000000, 0x00000002f1000000|  0%| F|  |TAMS 0x00000002f0000000, 0x00000002f0000000| Untracked 
| 623|0x00000002f1000000, 0x00000002f1000000, 0x00000002f2000000|  0%| F|  |TAMS 0x00000002f1000000, 0x00000002f1000000| Untracked 
| 624|0x00000002f2000000, 0x00000002f2000000, 0x00000002f3000000|  0%| F|  |TAMS 0x00000002f2000000, 0x00000002f2000000| Untracked 
| 625|0x00000002f3000000, 0x00000002f3000000, 0x00000002f4000000|  0%| F|  |TAMS 0x00000002f3000000, 0x00000002f3000000| Untracked 
| 626|0x00000002f4000000, 0x00000002f4000000, 0x00000002f5000000|  0%| F|  |TAMS 0x00000002f4000000, 0x00000002f4000000| Untracked 
| 627|0x00000002f5000000, 0x00000002f5000000, 0x00000002f6000000|  0%| F|  |TAMS 0x00000002f5000000, 0x00000002f5000000| Untracked 
| 628|0x00000002f6000000, 0x00000002f6000000, 0x00000002f7000000|  0%| F|  |TAMS 0x00000002f6000000, 0x00000002f6000000| Untracked 
| 629|0x00000002f7000000, 0x00000002f7000000, 0x00000002f8000000|  0%| F|  |TAMS 0x00000002f7000000, 0x00000002f7000000| Untracked 
| 630|0x00000002f8000000, 0x00000002f8000000, 0x00000002f9000000|  0%| F|  |TAMS 0x00000002f8000000, 0x00000002f8000000| Untracked 
| 631|0x00000002f9000000, 0x00000002f9000000, 0x00000002fa000000|  0%| F|  |TAMS 0x00000002f9000000, 0x00000002f9000000| Untracked 
| 632|0x00000002fa000000, 0x00000002fa000000, 0x00000002fb000000|  0%| F|  |TAMS 0x00000002fa000000, 0x00000002fa000000| Untracked 
| 633|0x00000002fb000000, 0x00000002fb000000, 0x00000002fc000000|  0%| F|  |TAMS 0x00000002fb000000, 0x00000002fb000000| Untracked 
| 634|0x00000002fc000000, 0x00000002fc000000, 0x00000002fd000000|  0%| F|  |TAMS 0x00000002fc000000, 0x00000002fc000000| Untracked 
| 635|0x00000002fd000000, 0x00000002fd000000, 0x00000002fe000000|  0%| F|  |TAMS 0x00000002fd000000, 0x00000002fd000000| Untracked 
| 636|0x00000002fe000000, 0x00000002fe000000, 0x00000002ff000000|  0%| F|  |TAMS 0x00000002fe000000, 0x00000002fe000000| Untracked 
| 637|0x00000002ff000000, 0x00000002ff000000, 0x0000000300000000|  0%| F|  |TAMS 0x00000002ff000000, 0x00000002ff000000| Untracked 
| 638|0x0000000300000000, 0x0000000300000000, 0x0000000301000000|  0%| F|  |TAMS 0x0000000300000000, 0x0000000300000000| Untracked 
| 639|0x0000000301000000, 0x0000000301000000, 0x0000000302000000|  0%| F|  |TAMS 0x0000000301000000, 0x0000000301000000| Untracked 
| 640|0x0000000302000000, 0x0000000302000000, 0x0000000303000000|  0%| F|  |TAMS 0x0000000302000000, 0x0000000302000000| Untracked 
| 641|0x0000000303000000, 0x0000000303000000, 0x0000000304000000|  0%| F|  |TAMS 0x0000000303000000, 0x0000000303000000| Untracked 
| 642|0x0000000304000000, 0x0000000304000000, 0x0000000305000000|  0%| F|  |TAMS 0x0000000304000000, 0x0000000304000000| Untracked 
| 643|0x0000000305000000, 0x0000000305000000, 0x0000000306000000|  0%| F|  |TAMS 0x0000000305000000, 0x0000000305000000| Untracked 
| 644|0x0000000306000000, 0x0000000306000000, 0x0000000307000000|  0%| F|  |TAMS 0x0000000306000000, 0x0000000306000000| Untracked 
| 645|0x0000000307000000, 0x0000000307000000, 0x0000000308000000|  0%| F|  |TAMS 0x0000000307000000, 0x0000000307000000| Untracked 
| 646|0x0000000308000000, 0x0000000308000000, 0x0000000309000000|  0%| F|  |TAMS 0x0000000308000000, 0x0000000308000000| Untracked 
| 647|0x0000000309000000, 0x0000000309000000, 0x000000030a000000|  0%| F|  |TAMS 0x0000000309000000, 0x0000000309000000| Untracked 
| 648|0x000000030a000000, 0x000000030a000000, 0x000000030b000000|  0%| F|  |TAMS 0x000000030a000000, 0x000000030a000000| Untracked 
| 649|0x000000030b000000, 0x000000030b000000, 0x000000030c000000|  0%| F|  |TAMS 0x000000030b000000, 0x000000030b000000| Untracked 
| 650|0x000000030c000000, 0x000000030c000000, 0x000000030d000000|  0%| F|  |TAMS 0x000000030c000000, 0x000000030c000000| Untracked 
| 651|0x000000030d000000, 0x000000030d000000, 0x000000030e000000|  0%| F|  |TAMS 0x000000030d000000, 0x000000030d000000| Untracked 
| 652|0x000000030e000000, 0x000000030e000000, 0x000000030f000000|  0%| F|  |TAMS 0x000000030e000000, 0x000000030e000000| Untracked 
| 653|0x000000030f000000, 0x000000030f000000, 0x0000000310000000|  0%| F|  |TAMS 0x000000030f000000, 0x000000030f000000| Untracked 
| 654|0x0000000310000000, 0x0000000310000000, 0x0000000311000000|  0%| F|  |TAMS 0x0000000310000000, 0x0000000310000000| Untracked 
| 655|0x0000000311000000, 0x0000000311000000, 0x0000000312000000|  0%| F|  |TAMS 0x0000000311000000, 0x0000000311000000| Untracked 
| 656|0x0000000312000000, 0x0000000312000000, 0x0000000313000000|  0%| F|  |TAMS 0x0000000312000000, 0x0000000312000000| Untracked 
| 657|0x0000000313000000, 0x0000000313000000, 0x0000000314000000|  0%| F|  |TAMS 0x0000000313000000, 0x0000000313000000| Untracked 
| 658|0x0000000314000000, 0x0000000314000000, 0x0000000315000000|  0%| F|  |TAMS 0x0000000314000000, 0x0000000314000000| Untracked 
| 659|0x0000000315000000, 0x0000000315000000, 0x0000000316000000|  0%| F|  |TAMS 0x0000000315000000, 0x0000000315000000| Untracked 
| 660|0x0000000316000000, 0x0000000316000000, 0x0000000317000000|  0%| F|  |TAMS 0x0000000316000000, 0x0000000316000000| Untracked 
| 661|0x0000000317000000, 0x0000000317000000, 0x0000000318000000|  0%| F|  |TAMS 0x0000000317000000, 0x0000000317000000| Untracked 
| 662|0x0000000318000000, 0x0000000318000000, 0x0000000319000000|  0%| F|  |TAMS 0x0000000318000000, 0x0000000318000000| Untracked 
| 663|0x0000000319000000, 0x0000000319000000, 0x000000031a000000|  0%| F|  |TAMS 0x0000000319000000, 0x0000000319000000| Untracked 
| 664|0x000000031a000000, 0x000000031a000000, 0x000000031b000000|  0%| F|  |TAMS 0x000000031a000000, 0x000000031a000000| Untracked 
| 665|0x000000031b000000, 0x000000031b000000, 0x000000031c000000|  0%| F|  |TAMS 0x000000031b000000, 0x000000031b000000| Untracked 
| 666|0x000000031c000000, 0x000000031c000000, 0x000000031d000000|  0%| F|  |TAMS 0x000000031c000000, 0x000000031c000000| Untracked 
| 667|0x000000031d000000, 0x000000031d000000, 0x000000031e000000|  0%| F|  |TAMS 0x000000031d000000, 0x000000031d000000| Untracked 
| 668|0x000000031e000000, 0x000000031e000000, 0x000000031f000000|  0%| F|  |TAMS 0x000000031e000000, 0x000000031e000000| Untracked 
| 669|0x000000031f000000, 0x000000031f000000, 0x0000000320000000|  0%| F|  |TAMS 0x000000031f000000, 0x000000031f000000| Untracked 
| 670|0x0000000320000000, 0x0000000320000000, 0x0000000321000000|  0%| F|  |TAMS 0x0000000320000000, 0x0000000320000000| Untracked 
| 671|0x0000000321000000, 0x0000000321000000, 0x0000000322000000|  0%| F|  |TAMS 0x0000000321000000, 0x0000000321000000| Untracked 
| 672|0x0000000322000000, 0x0000000322000000, 0x0000000323000000|  0%| F|  |TAMS 0x0000000322000000, 0x0000000322000000| Untracked 
| 673|0x0000000323000000, 0x0000000323000000, 0x0000000324000000|  0%| F|  |TAMS 0x0000000323000000, 0x0000000323000000| Untracked 
| 674|0x0000000324000000, 0x0000000324000000, 0x0000000325000000|  0%| F|  |TAMS 0x0000000324000000, 0x0000000324000000| Untracked 
| 675|0x0000000325000000, 0x0000000325000000, 0x0000000326000000|  0%| F|  |TAMS 0x0000000325000000, 0x0000000325000000| Untracked 
| 676|0x0000000326000000, 0x0000000326000000, 0x0000000327000000|  0%| F|  |TAMS 0x0000000326000000, 0x0000000326000000| Untracked 
| 677|0x0000000327000000, 0x0000000327000000, 0x0000000328000000|  0%| F|  |TAMS 0x0000000327000000, 0x0000000327000000| Untracked 
| 678|0x0000000328000000, 0x0000000328000000, 0x0000000329000000|  0%| F|  |TAMS 0x0000000328000000, 0x0000000328000000| Untracked 
| 679|0x0000000329000000, 0x0000000329000000, 0x000000032a000000|  0%| F|  |TAMS 0x0000000329000000, 0x0000000329000000| Untracked 
| 680|0x000000032a000000, 0x000000032a000000, 0x000000032b000000|  0%| F|  |TAMS 0x000000032a000000, 0x000000032a000000| Untracked 
| 681|0x000000032b000000, 0x000000032b000000, 0x000000032c000000|  0%| F|  |TAMS 0x000000032b000000, 0x000000032b000000| Untracked 
| 682|0x000000032c000000, 0x000000032c000000, 0x000000032d000000|  0%| F|  |TAMS 0x000000032c000000, 0x000000032c000000| Untracked 
| 683|0x000000032d000000, 0x000000032d000000, 0x000000032e000000|  0%| F|  |TAMS 0x000000032d000000, 0x000000032d000000| Untracked 
| 684|0x000000032e000000, 0x000000032e000000, 0x000000032f000000|  0%| F|  |TAMS 0x000000032e000000, 0x000000032e000000| Untracked 
| 685|0x000000032f000000, 0x000000032f000000, 0x0000000330000000|  0%| F|  |TAMS 0x000000032f000000, 0x000000032f000000| Untracked 
| 686|0x0000000330000000, 0x0000000330000000, 0x0000000331000000|  0%| F|  |TAMS 0x0000000330000000, 0x0000000330000000| Untracked 
| 687|0x0000000331000000, 0x0000000331000000, 0x0000000332000000|  0%| F|  |TAMS 0x0000000331000000, 0x0000000331000000| Untracked 
| 688|0x0000000332000000, 0x0000000332000000, 0x0000000333000000|  0%| F|  |TAMS 0x0000000332000000, 0x0000000332000000| Untracked 
| 689|0x0000000333000000, 0x0000000333000000, 0x0000000334000000|  0%| F|  |TAMS 0x0000000333000000, 0x0000000333000000| Untracked 
| 690|0x0000000334000000, 0x0000000334000000, 0x0000000335000000|  0%| F|  |TAMS 0x0000000334000000, 0x0000000334000000| Untracked 
| 691|0x0000000335000000, 0x0000000335000000, 0x0000000336000000|  0%| F|  |TAMS 0x0000000335000000, 0x0000000335000000| Untracked 
| 692|0x0000000336000000, 0x0000000336000000, 0x0000000337000000|  0%| F|  |TAMS 0x0000000336000000, 0x0000000336000000| Untracked 
| 693|0x0000000337000000, 0x0000000337000000, 0x0000000338000000|  0%| F|  |TAMS 0x0000000337000000, 0x0000000337000000| Untracked 
| 694|0x0000000338000000, 0x0000000338000000, 0x0000000339000000|  0%| F|  |TAMS 0x0000000338000000, 0x0000000338000000| Untracked 
| 695|0x0000000339000000, 0x0000000339000000, 0x000000033a000000|  0%| F|  |TAMS 0x0000000339000000, 0x0000000339000000| Untracked 
| 696|0x000000033a000000, 0x000000033a000000, 0x000000033b000000|  0%| F|  |TAMS 0x000000033a000000, 0x000000033a000000| Untracked 
| 697|0x000000033b000000, 0x000000033b000000, 0x000000033c000000|  0%| F|  |TAMS 0x000000033b000000, 0x000000033b000000| Untracked 
| 698|0x000000033c000000, 0x000000033c000000, 0x000000033d000000|  0%| F|  |TAMS 0x000000033c000000, 0x000000033c000000| Untracked 
| 699|0x000000033d000000, 0x000000033d000000, 0x000000033e000000|  0%| F|  |TAMS 0x000000033d000000, 0x000000033d000000| Untracked 
| 700|0x000000033e000000, 0x000000033e000000, 0x000000033f000000|  0%| F|  |TAMS 0x000000033e000000, 0x000000033e000000| Untracked 
| 701|0x000000033f000000, 0x000000033f000000, 0x0000000340000000|  0%| F|  |TAMS 0x000000033f000000, 0x000000033f000000| Untracked 
| 702|0x0000000340000000, 0x0000000340000000, 0x0000000341000000|  0%| F|  |TAMS 0x0000000340000000, 0x0000000340000000| Untracked 
| 703|0x0000000341000000, 0x0000000341000000, 0x0000000342000000|  0%| F|  |TAMS 0x0000000341000000, 0x0000000341000000| Untracked 
| 704|0x0000000342000000, 0x0000000342000000, 0x0000000343000000|  0%| F|  |TAMS 0x0000000342000000, 0x0000000342000000| Untracked 
| 705|0x0000000343000000, 0x0000000343000000, 0x0000000344000000|  0%| F|  |TAMS 0x0000000343000000, 0x0000000343000000| Untracked 
| 706|0x0000000344000000, 0x0000000344000000, 0x0000000345000000|  0%| F|  |TAMS 0x0000000344000000, 0x0000000344000000| Untracked 
| 707|0x0000000345000000, 0x0000000345000000, 0x0000000346000000|  0%| F|  |TAMS 0x0000000345000000, 0x0000000345000000| Untracked 
| 708|0x0000000346000000, 0x0000000346000000, 0x0000000347000000|  0%| F|  |TAMS 0x0000000346000000, 0x0000000346000000| Untracked 
| 709|0x0000000347000000, 0x0000000347000000, 0x0000000348000000|  0%| F|  |TAMS 0x0000000347000000, 0x0000000347000000| Untracked 
| 710|0x0000000348000000, 0x0000000348000000, 0x0000000349000000|  0%| F|  |TAMS 0x0000000348000000, 0x0000000348000000| Untracked 
| 711|0x0000000349000000, 0x0000000349000000, 0x000000034a000000|  0%| F|  |TAMS 0x0000000349000000, 0x0000000349000000| Untracked 
| 712|0x000000034a000000, 0x000000034a000000, 0x000000034b000000|  0%| F|  |TAMS 0x000000034a000000, 0x000000034a000000| Untracked 
| 713|0x000000034b000000, 0x000000034b000000, 0x000000034c000000|  0%| F|  |TAMS 0x000000034b000000, 0x000000034b000000| Untracked 
| 714|0x000000034c000000, 0x000000034c000000, 0x000000034d000000|  0%| F|  |TAMS 0x000000034c000000, 0x000000034c000000| Untracked 
| 715|0x000000034d000000, 0x000000034d000000, 0x000000034e000000|  0%| F|  |TAMS 0x000000034d000000, 0x000000034d000000| Untracked 
| 716|0x000000034e000000, 0x000000034e000000, 0x000000034f000000|  0%| F|  |TAMS 0x000000034e000000, 0x000000034e000000| Untracked 
| 717|0x000000034f000000, 0x000000034f000000, 0x0000000350000000|  0%| F|  |TAMS 0x000000034f000000, 0x000000034f000000| Untracked 
| 718|0x0000000350000000, 0x0000000350000000, 0x0000000351000000|  0%| F|  |TAMS 0x0000000350000000, 0x0000000350000000| Untracked 
| 719|0x0000000351000000, 0x0000000351000000, 0x0000000352000000|  0%| F|  |TAMS 0x0000000351000000, 0x0000000351000000| Untracked 
| 720|0x0000000352000000, 0x0000000352000000, 0x0000000353000000|  0%| F|  |TAMS 0x0000000352000000, 0x0000000352000000| Untracked 
| 721|0x0000000353000000, 0x0000000353000000, 0x0000000354000000|  0%| F|  |TAMS 0x0000000353000000, 0x0000000353000000| Untracked 
| 722|0x0000000354000000, 0x0000000354000000, 0x0000000355000000|  0%| F|  |TAMS 0x0000000354000000, 0x0000000354000000| Untracked 
| 723|0x0000000355000000, 0x0000000355000000, 0x0000000356000000|  0%| F|  |TAMS 0x0000000355000000, 0x0000000355000000| Untracked 
| 724|0x0000000356000000, 0x0000000356000000, 0x0000000357000000|  0%| F|  |TAMS 0x0000000356000000, 0x0000000356000000| Untracked 
| 725|0x0000000357000000, 0x0000000357000000, 0x0000000358000000|  0%| F|  |TAMS 0x0000000357000000, 0x0000000357000000| Untracked 
| 726|0x0000000358000000, 0x0000000358000000, 0x0000000359000000|  0%| F|  |TAMS 0x0000000358000000, 0x0000000358000000| Untracked 
| 727|0x0000000359000000, 0x0000000359000000, 0x000000035a000000|  0%| F|  |TAMS 0x0000000359000000, 0x0000000359000000| Untracked 
| 728|0x000000035a000000, 0x000000035a000000, 0x000000035b000000|  0%| F|  |TAMS 0x000000035a000000, 0x000000035a000000| Untracked 
| 729|0x000000035b000000, 0x000000035b000000, 0x000000035c000000|  0%| F|  |TAMS 0x000000035b000000, 0x000000035b000000| Untracked 
| 730|0x000000035c000000, 0x000000035c000000, 0x000000035d000000|  0%| F|  |TAMS 0x000000035c000000, 0x000000035c000000| Untracked 
| 731|0x000000035d000000, 0x000000035d000000, 0x000000035e000000|  0%| F|  |TAMS 0x000000035d000000, 0x000000035d000000| Untracked 
| 732|0x000000035e000000, 0x000000035e000000, 0x000000035f000000|  0%| F|  |TAMS 0x000000035e000000, 0x000000035e000000| Untracked 
| 733|0x000000035f000000, 0x000000035f000000, 0x0000000360000000|  0%| F|  |TAMS 0x000000035f000000, 0x000000035f000000| Untracked 
| 734|0x0000000360000000, 0x0000000360000000, 0x0000000361000000|  0%| F|  |TAMS 0x0000000360000000, 0x0000000360000000| Untracked 
| 735|0x0000000361000000, 0x0000000361000000, 0x0000000362000000|  0%| F|  |TAMS 0x0000000361000000, 0x0000000361000000| Untracked 
| 736|0x0000000362000000, 0x0000000362000000, 0x0000000363000000|  0%| F|  |TAMS 0x0000000362000000, 0x0000000362000000| Untracked 
| 737|0x0000000363000000, 0x0000000363000000, 0x0000000364000000|  0%| F|  |TAMS 0x0000000363000000, 0x0000000363000000| Untracked 
| 738|0x0000000364000000, 0x0000000364000000, 0x0000000365000000|  0%| F|  |TAMS 0x0000000364000000, 0x0000000364000000| Untracked 
| 739|0x0000000365000000, 0x0000000365000000, 0x0000000366000000|  0%| F|  |TAMS 0x0000000365000000, 0x0000000365000000| Untracked 
| 740|0x0000000366000000, 0x0000000366000000, 0x0000000367000000|  0%| F|  |TAMS 0x0000000366000000, 0x0000000366000000| Untracked 
| 741|0x0000000367000000, 0x0000000367000000, 0x0000000368000000|  0%| F|  |TAMS 0x0000000367000000, 0x0000000367000000| Untracked 
| 742|0x0000000368000000, 0x0000000368000000, 0x0000000369000000|  0%| F|  |TAMS 0x0000000368000000, 0x0000000368000000| Untracked 
| 743|0x0000000369000000, 0x0000000369000000, 0x000000036a000000|  0%| F|  |TAMS 0x0000000369000000, 0x0000000369000000| Untracked 
| 744|0x000000036a000000, 0x000000036a000000, 0x000000036b000000|  0%| F|  |TAMS 0x000000036a000000, 0x000000036a000000| Untracked 
| 745|0x000000036b000000, 0x000000036b000000, 0x000000036c000000|  0%| F|  |TAMS 0x000000036b000000, 0x000000036b000000| Untracked 
| 746|0x000000036c000000, 0x000000036c000000, 0x000000036d000000|  0%| F|  |TAMS 0x000000036c000000, 0x000000036c000000| Untracked 
| 747|0x000000036d000000, 0x000000036d000000, 0x000000036e000000|  0%| F|  |TAMS 0x000000036d000000, 0x000000036d000000| Untracked 
| 748|0x000000036e000000, 0x000000036e000000, 0x000000036f000000|  0%| F|  |TAMS 0x000000036e000000, 0x000000036e000000| Untracked 
| 749|0x000000036f000000, 0x000000036f000000, 0x0000000370000000|  0%| F|  |TAMS 0x000000036f000000, 0x000000036f000000| Untracked 
| 750|0x0000000370000000, 0x0000000370000000, 0x0000000371000000|  0%| F|  |TAMS 0x0000000370000000, 0x0000000370000000| Untracked 
| 751|0x0000000371000000, 0x0000000371000000, 0x0000000372000000|  0%| F|  |TAMS 0x0000000371000000, 0x0000000371000000| Untracked 
| 752|0x0000000372000000, 0x0000000372000000, 0x0000000373000000|  0%| F|  |TAMS 0x0000000372000000, 0x0000000372000000| Untracked 
| 753|0x0000000373000000, 0x0000000373000000, 0x0000000374000000|  0%| F|  |TAMS 0x0000000373000000, 0x0000000373000000| Untracked 
| 754|0x0000000374000000, 0x0000000374000000, 0x0000000375000000|  0%| F|  |TAMS 0x0000000374000000, 0x0000000374000000| Untracked 
| 755|0x0000000375000000, 0x0000000375000000, 0x0000000376000000|  0%| F|  |TAMS 0x0000000375000000, 0x0000000375000000| Untracked 
| 756|0x0000000376000000, 0x0000000376000000, 0x0000000377000000|  0%| F|  |TAMS 0x0000000376000000, 0x0000000376000000| Untracked 
| 757|0x0000000377000000, 0x0000000377000000, 0x0000000378000000|  0%| F|  |TAMS 0x0000000377000000, 0x0000000377000000| Untracked 
| 758|0x0000000378000000, 0x0000000378000000, 0x0000000379000000|  0%| F|  |TAMS 0x0000000378000000, 0x0000000378000000| Untracked 
| 759|0x0000000379000000, 0x0000000379000000, 0x000000037a000000|  0%| F|  |TAMS 0x0000000379000000, 0x0000000379000000| Untracked 
| 760|0x000000037a000000, 0x000000037a000000, 0x000000037b000000|  0%| F|  |TAMS 0x000000037a000000, 0x000000037a000000| Untracked 
| 761|0x000000037b000000, 0x000000037b000000, 0x000000037c000000|  0%| F|  |TAMS 0x000000037b000000, 0x000000037b000000| Untracked 
| 762|0x000000037c000000, 0x000000037c000000, 0x000000037d000000|  0%| F|  |TAMS 0x000000037c000000, 0x000000037c000000| Untracked 
| 763|0x000000037d000000, 0x000000037d000000, 0x000000037e000000|  0%| F|  |TAMS 0x000000037d000000, 0x000000037d000000| Untracked 
| 764|0x000000037e000000, 0x000000037e000000, 0x000000037f000000|  0%| F|  |TAMS 0x000000037e000000, 0x000000037e000000| Untracked 
| 765|0x000000037f000000, 0x000000037f000000, 0x0000000380000000|  0%| F|  |TAMS 0x000000037f000000, 0x000000037f000000| Untracked 
| 766|0x0000000380000000, 0x0000000380000000, 0x0000000381000000|  0%| F|  |TAMS 0x0000000380000000, 0x0000000380000000| Untracked 
| 767|0x0000000381000000, 0x0000000381000000, 0x0000000382000000|  0%| F|  |TAMS 0x0000000381000000, 0x0000000381000000| Untracked 
| 768|0x0000000382000000, 0x0000000382000000, 0x0000000383000000|  0%| F|  |TAMS 0x0000000382000000, 0x0000000382000000| Untracked 
| 769|0x0000000383000000, 0x0000000383000000, 0x0000000384000000|  0%| F|  |TAMS 0x0000000383000000, 0x0000000383000000| Untracked 
| 770|0x0000000384000000, 0x0000000384000000, 0x0000000385000000|  0%| F|  |TAMS 0x0000000384000000, 0x0000000384000000| Untracked 
| 771|0x0000000385000000, 0x0000000385000000, 0x0000000386000000|  0%| F|  |TAMS 0x0000000385000000, 0x0000000385000000| Untracked 
| 772|0x0000000386000000, 0x0000000386000000, 0x0000000387000000|  0%| F|  |TAMS 0x0000000386000000, 0x0000000386000000| Untracked 
| 773|0x0000000387000000, 0x0000000387000000, 0x0000000388000000|  0%| F|  |TAMS 0x0000000387000000, 0x0000000387000000| Untracked 
| 774|0x0000000388000000, 0x0000000388000000, 0x0000000389000000|  0%| F|  |TAMS 0x0000000388000000, 0x0000000388000000| Untracked 
| 775|0x0000000389000000, 0x0000000389000000, 0x000000038a000000|  0%| F|  |TAMS 0x0000000389000000, 0x0000000389000000| Untracked 
| 776|0x000000038a000000, 0x000000038a000000, 0x000000038b000000|  0%| F|  |TAMS 0x000000038a000000, 0x000000038a000000| Untracked 
| 777|0x000000038b000000, 0x000000038b000000, 0x000000038c000000|  0%| F|  |TAMS 0x000000038b000000, 0x000000038b000000| Untracked 
| 778|0x000000038c000000, 0x000000038c000000, 0x000000038d000000|  0%| F|  |TAMS 0x000000038c000000, 0x000000038c000000| Untracked 
| 779|0x000000038d000000, 0x000000038d000000, 0x000000038e000000|  0%| F|  |TAMS 0x000000038d000000, 0x000000038d000000| Untracked 
| 780|0x000000038e000000, 0x000000038e000000, 0x000000038f000000|  0%| F|  |TAMS 0x000000038e000000, 0x000000038e000000| Untracked 
| 781|0x000000038f000000, 0x000000038f000000, 0x0000000390000000|  0%| F|  |TAMS 0x000000038f000000, 0x000000038f000000| Untracked 
| 782|0x0000000390000000, 0x0000000390000000, 0x0000000391000000|  0%| F|  |TAMS 0x0000000390000000, 0x0000000390000000| Untracked 
| 783|0x0000000391000000, 0x0000000391000000, 0x0000000392000000|  0%| F|  |TAMS 0x0000000391000000, 0x0000000391000000| Untracked 
| 784|0x0000000392000000, 0x0000000392000000, 0x0000000393000000|  0%| F|  |TAMS 0x0000000392000000, 0x0000000392000000| Untracked 
| 785|0x0000000393000000, 0x0000000393000000, 0x0000000394000000|  0%| F|  |TAMS 0x0000000393000000, 0x0000000393000000| Untracked 
| 786|0x0000000394000000, 0x0000000394000000, 0x0000000395000000|  0%| F|  |TAMS 0x0000000394000000, 0x0000000394000000| Untracked 
| 787|0x0000000395000000, 0x0000000395000000, 0x0000000396000000|  0%| F|  |TAMS 0x0000000395000000, 0x0000000395000000| Untracked 
| 788|0x0000000396000000, 0x0000000396000000, 0x0000000397000000|  0%| F|  |TAMS 0x0000000396000000, 0x0000000396000000| Untracked 
| 789|0x0000000397000000, 0x0000000397000000, 0x0000000398000000|  0%| F|  |TAMS 0x0000000397000000, 0x0000000397000000| Untracked 
| 790|0x0000000398000000, 0x0000000398000000, 0x0000000399000000|  0%| F|  |TAMS 0x0000000398000000, 0x0000000398000000| Untracked 
| 791|0x0000000399000000, 0x0000000399000000, 0x000000039a000000|  0%| F|  |TAMS 0x0000000399000000, 0x0000000399000000| Untracked 
| 792|0x000000039a000000, 0x000000039a000000, 0x000000039b000000|  0%| F|  |TAMS 0x000000039a000000, 0x000000039a000000| Untracked 
| 793|0x000000039b000000, 0x000000039b000000, 0x000000039c000000|  0%| F|  |TAMS 0x000000039b000000, 0x000000039b000000| Untracked 
| 794|0x000000039c000000, 0x000000039c000000, 0x000000039d000000|  0%| F|  |TAMS 0x000000039c000000, 0x000000039c000000| Untracked 
| 795|0x000000039d000000, 0x000000039d000000, 0x000000039e000000|  0%| F|  |TAMS 0x000000039d000000, 0x000000039d000000| Untracked 
| 796|0x000000039e000000, 0x000000039e000000, 0x000000039f000000|  0%| F|  |TAMS 0x000000039e000000, 0x000000039e000000| Untracked 
| 797|0x000000039f000000, 0x000000039f000000, 0x00000003a0000000|  0%| F|  |TAMS 0x000000039f000000, 0x000000039f000000| Untracked 
| 798|0x00000003a0000000, 0x00000003a0000000, 0x00000003a1000000|  0%| F|  |TAMS 0x00000003a0000000, 0x00000003a0000000| Untracked 
| 799|0x00000003a1000000, 0x00000003a1000000, 0x00000003a2000000|  0%| F|  |TAMS 0x00000003a1000000, 0x00000003a1000000| Untracked 
| 800|0x00000003a2000000, 0x00000003a2000000, 0x00000003a3000000|  0%| F|  |TAMS 0x00000003a2000000, 0x00000003a2000000| Untracked 
| 801|0x00000003a3000000, 0x00000003a3000000, 0x00000003a4000000|  0%| F|  |TAMS 0x00000003a3000000, 0x00000003a3000000| Untracked 
| 802|0x00000003a4000000, 0x00000003a4000000, 0x00000003a5000000|  0%| F|  |TAMS 0x00000003a4000000, 0x00000003a4000000| Untracked 
| 803|0x00000003a5000000, 0x00000003a5000000, 0x00000003a6000000|  0%| F|  |TAMS 0x00000003a5000000, 0x00000003a5000000| Untracked 
| 804|0x00000003a6000000, 0x00000003a6000000, 0x00000003a7000000|  0%| F|  |TAMS 0x00000003a6000000, 0x00000003a6000000| Untracked 
| 805|0x00000003a7000000, 0x00000003a7000000, 0x00000003a8000000|  0%| F|  |TAMS 0x00000003a7000000, 0x00000003a7000000| Untracked 
| 806|0x00000003a8000000, 0x00000003a8000000, 0x00000003a9000000|  0%| F|  |TAMS 0x00000003a8000000, 0x00000003a8000000| Untracked 
| 807|0x00000003a9000000, 0x00000003a9000000, 0x00000003aa000000|  0%| F|  |TAMS 0x00000003a9000000, 0x00000003a9000000| Untracked 
| 808|0x00000003aa000000, 0x00000003aa000000, 0x00000003ab000000|  0%| F|  |TAMS 0x00000003aa000000, 0x00000003aa000000| Untracked 
| 809|0x00000003ab000000, 0x00000003ab000000, 0x00000003ac000000|  0%| F|  |TAMS 0x00000003ab000000, 0x00000003ab000000| Untracked 
| 810|0x00000003ac000000, 0x00000003ac000000, 0x00000003ad000000|  0%| F|  |TAMS 0x00000003ac000000, 0x00000003ac000000| Untracked 
| 811|0x00000003ad000000, 0x00000003ad000000, 0x00000003ae000000|  0%| F|  |TAMS 0x00000003ad000000, 0x00000003ad000000| Untracked 
| 812|0x00000003ae000000, 0x00000003ae000000, 0x00000003af000000|  0%| F|  |TAMS 0x00000003ae000000, 0x00000003ae000000| Untracked 
| 813|0x00000003af000000, 0x00000003af000000, 0x00000003b0000000|  0%| F|  |TAMS 0x00000003af000000, 0x00000003af000000| Untracked 
| 814|0x00000003b0000000, 0x00000003b0000000, 0x00000003b1000000|  0%| F|  |TAMS 0x00000003b0000000, 0x00000003b0000000| Untracked 
| 815|0x00000003b1000000, 0x00000003b1000000, 0x00000003b2000000|  0%| F|  |TAMS 0x00000003b1000000, 0x00000003b1000000| Untracked 
| 816|0x00000003b2000000, 0x00000003b2000000, 0x00000003b3000000|  0%| F|  |TAMS 0x00000003b2000000, 0x00000003b2000000| Untracked 
| 817|0x00000003b3000000, 0x00000003b3000000, 0x00000003b4000000|  0%| F|  |TAMS 0x00000003b3000000, 0x00000003b3000000| Untracked 
| 818|0x00000003b4000000, 0x00000003b4000000, 0x00000003b5000000|  0%| F|  |TAMS 0x00000003b4000000, 0x00000003b4000000| Untracked 
| 819|0x00000003b5000000, 0x00000003b5000000, 0x00000003b6000000|  0%| F|  |TAMS 0x00000003b5000000, 0x00000003b5000000| Untracked 
| 820|0x00000003b6000000, 0x00000003b6000000, 0x00000003b7000000|  0%| F|  |TAMS 0x00000003b6000000, 0x00000003b6000000| Untracked 
| 821|0x00000003b7000000, 0x00000003b7000000, 0x00000003b8000000|  0%| F|  |TAMS 0x00000003b7000000, 0x00000003b7000000| Untracked 
| 822|0x00000003b8000000, 0x00000003b8000000, 0x00000003b9000000|  0%| F|  |TAMS 0x00000003b8000000, 0x00000003b8000000| Untracked 
| 823|0x00000003b9000000, 0x00000003b9000000, 0x00000003ba000000|  0%| F|  |TAMS 0x00000003b9000000, 0x00000003b9000000| Untracked 
| 824|0x00000003ba000000, 0x00000003ba000000, 0x00000003bb000000|  0%| F|  |TAMS 0x00000003ba000000, 0x00000003ba000000| Untracked 
| 825|0x00000003bb000000, 0x00000003bb000000, 0x00000003bc000000|  0%| F|  |TAMS 0x00000003bb000000, 0x00000003bb000000| Untracked 
| 826|0x00000003bc000000, 0x00000003bc000000, 0x00000003bd000000|  0%| F|  |TAMS 0x00000003bc000000, 0x00000003bc000000| Untracked 
| 827|0x00000003bd000000, 0x00000003bd000000, 0x00000003be000000|  0%| F|  |TAMS 0x00000003bd000000, 0x00000003bd000000| Untracked 
| 828|0x00000003be000000, 0x00000003be000000, 0x00000003bf000000|  0%| F|  |TAMS 0x00000003be000000, 0x00000003be000000| Untracked 
| 829|0x00000003bf000000, 0x00000003bf000000, 0x00000003c0000000|  0%| F|  |TAMS 0x00000003bf000000, 0x00000003bf000000| Untracked 
| 830|0x00000003c0000000, 0x00000003c0000000, 0x00000003c1000000|  0%| F|  |TAMS 0x00000003c0000000, 0x00000003c0000000| Untracked 
| 831|0x00000003c1000000, 0x00000003c1000000, 0x00000003c2000000|  0%| F|  |TAMS 0x00000003c1000000, 0x00000003c1000000| Untracked 
| 832|0x00000003c2000000, 0x00000003c2000000, 0x00000003c3000000|  0%| F|  |TAMS 0x00000003c2000000, 0x00000003c2000000| Untracked 
| 833|0x00000003c3000000, 0x00000003c3000000, 0x00000003c4000000|  0%| F|  |TAMS 0x00000003c3000000, 0x00000003c3000000| Untracked 
| 834|0x00000003c4000000, 0x00000003c4000000, 0x00000003c5000000|  0%| F|  |TAMS 0x00000003c4000000, 0x00000003c4000000| Untracked 
| 835|0x00000003c5000000, 0x00000003c5000000, 0x00000003c6000000|  0%| F|  |TAMS 0x00000003c5000000, 0x00000003c5000000| Untracked 
| 836|0x00000003c6000000, 0x00000003c6000000, 0x00000003c7000000|  0%| F|  |TAMS 0x00000003c6000000, 0x00000003c6000000| Untracked 
| 837|0x00000003c7000000, 0x00000003c7000000, 0x00000003c8000000|  0%| F|  |TAMS 0x00000003c7000000, 0x00000003c7000000| Untracked 
| 838|0x00000003c8000000, 0x00000003c8000000, 0x00000003c9000000|  0%| F|  |TAMS 0x00000003c8000000, 0x00000003c8000000| Untracked 
| 839|0x00000003c9000000, 0x00000003c9000000, 0x00000003ca000000|  0%| F|  |TAMS 0x00000003c9000000, 0x00000003c9000000| Untracked 
| 840|0x00000003ca000000, 0x00000003ca000000, 0x00000003cb000000|  0%| F|  |TAMS 0x00000003ca000000, 0x00000003ca000000| Untracked 
| 841|0x00000003cb000000, 0x00000003cb000000, 0x00000003cc000000|  0%| F|  |TAMS 0x00000003cb000000, 0x00000003cb000000| Untracked 
| 842|0x00000003cc000000, 0x00000003cc000000, 0x00000003cd000000|  0%| F|  |TAMS 0x00000003cc000000, 0x00000003cc000000| Untracked 
| 843|0x00000003cd000000, 0x00000003cd000000, 0x00000003ce000000|  0%| F|  |TAMS 0x00000003cd000000, 0x00000003cd000000| Untracked 
| 844|0x00000003ce000000, 0x00000003ce000000, 0x00000003cf000000|  0%| F|  |TAMS 0x00000003ce000000, 0x00000003ce000000| Untracked 
| 845|0x00000003cf000000, 0x00000003cf000000, 0x00000003d0000000|  0%| F|  |TAMS 0x00000003cf000000, 0x00000003cf000000| Untracked 
| 846|0x00000003d0000000, 0x00000003d0000000, 0x00000003d1000000|  0%| F|  |TAMS 0x00000003d0000000, 0x00000003d0000000| Untracked 
| 847|0x00000003d1000000, 0x00000003d1000000, 0x00000003d2000000|  0%| F|  |TAMS 0x00000003d1000000, 0x00000003d1000000| Untracked 
| 848|0x00000003d2000000, 0x00000003d2000000, 0x00000003d3000000|  0%| F|  |TAMS 0x00000003d2000000, 0x00000003d2000000| Untracked 
| 849|0x00000003d3000000, 0x00000003d3000000, 0x00000003d4000000|  0%| F|  |TAMS 0x00000003d3000000, 0x00000003d3000000| Untracked 
| 850|0x00000003d4000000, 0x00000003d4000000, 0x00000003d5000000|  0%| F|  |TAMS 0x00000003d4000000, 0x00000003d4000000| Untracked 
| 851|0x00000003d5000000, 0x00000003d5000000, 0x00000003d6000000|  0%| F|  |TAMS 0x00000003d5000000, 0x00000003d5000000| Untracked 
| 852|0x00000003d6000000, 0x00000003d6000000, 0x00000003d7000000|  0%| F|  |TAMS 0x00000003d6000000, 0x00000003d6000000| Untracked 
| 853|0x00000003d7000000, 0x00000003d7000000, 0x00000003d8000000|  0%| F|  |TAMS 0x00000003d7000000, 0x00000003d7000000| Untracked 
| 854|0x00000003d8000000, 0x00000003d8000000, 0x00000003d9000000|  0%| F|  |TAMS 0x00000003d8000000, 0x00000003d8000000| Untracked 
| 855|0x00000003d9000000, 0x00000003d9000000, 0x00000003da000000|  0%| F|  |TAMS 0x00000003d9000000, 0x00000003d9000000| Untracked 
| 856|0x00000003da000000, 0x00000003da000000, 0x00000003db000000|  0%| F|  |TAMS 0x00000003da000000, 0x00000003da000000| Untracked 
| 857|0x00000003db000000, 0x00000003db000000, 0x00000003dc000000|  0%| F|  |TAMS 0x00000003db000000, 0x00000003db000000| Untracked 
| 858|0x00000003dc000000, 0x00000003dc000000, 0x00000003dd000000|  0%| F|  |TAMS 0x00000003dc000000, 0x00000003dc000000| Untracked 
| 859|0x00000003dd000000, 0x00000003dd000000, 0x00000003de000000|  0%| F|  |TAMS 0x00000003dd000000, 0x00000003dd000000| Untracked 
| 860|0x00000003de000000, 0x00000003de000000, 0x00000003df000000|  0%| F|  |TAMS 0x00000003de000000, 0x00000003de000000| Untracked 
| 861|0x00000003df000000, 0x00000003df000000, 0x00000003e0000000|  0%| F|  |TAMS 0x00000003df000000, 0x00000003df000000| Untracked 
| 862|0x00000003e0000000, 0x00000003e0000000, 0x00000003e1000000|  0%| F|  |TAMS 0x00000003e0000000, 0x00000003e0000000| Untracked 
| 863|0x00000003e1000000, 0x00000003e1000000, 0x00000003e2000000|  0%| F|  |TAMS 0x00000003e1000000, 0x00000003e1000000| Untracked 
| 864|0x00000003e2000000, 0x00000003e2000000, 0x00000003e3000000|  0%| F|  |TAMS 0x00000003e2000000, 0x00000003e2000000| Untracked 
| 865|0x00000003e3000000, 0x00000003e3000000, 0x00000003e4000000|  0%| F|  |TAMS 0x00000003e3000000, 0x00000003e3000000| Untracked 
| 866|0x00000003e4000000, 0x00000003e4000000, 0x00000003e5000000|  0%| F|  |TAMS 0x00000003e4000000, 0x00000003e4000000| Untracked 
| 867|0x00000003e5000000, 0x00000003e5000000, 0x00000003e6000000|  0%| F|  |TAMS 0x00000003e5000000, 0x00000003e5000000| Untracked 
| 868|0x00000003e6000000, 0x00000003e6000000, 0x00000003e7000000|  0%| F|  |TAMS 0x00000003e6000000, 0x00000003e6000000| Untracked 
| 869|0x00000003e7000000, 0x00000003e7000000, 0x00000003e8000000|  0%| F|  |TAMS 0x00000003e7000000, 0x00000003e7000000| Untracked 
| 870|0x00000003e8000000, 0x00000003e8000000, 0x00000003e9000000|  0%| F|  |TAMS 0x00000003e8000000, 0x00000003e8000000| Untracked 
| 871|0x00000003e9000000, 0x00000003e9000000, 0x00000003ea000000|  0%| F|  |TAMS 0x00000003e9000000, 0x00000003e9000000| Untracked 
| 872|0x00000003ea000000, 0x00000003ea000000, 0x00000003eb000000|  0%| F|  |TAMS 0x00000003ea000000, 0x00000003ea000000| Untracked 
| 873|0x00000003eb000000, 0x00000003eb000000, 0x00000003ec000000|  0%| F|  |TAMS 0x00000003eb000000, 0x00000003eb000000| Untracked 
| 874|0x00000003ec000000, 0x00000003ec000000, 0x00000003ed000000|  0%| F|  |TAMS 0x00000003ec000000, 0x00000003ec000000| Untracked 
| 875|0x00000003ed000000, 0x00000003ed000000, 0x00000003ee000000|  0%| F|  |TAMS 0x00000003ed000000, 0x00000003ed000000| Untracked 
| 876|0x00000003ee000000, 0x00000003ee000000, 0x00000003ef000000|  0%| F|  |TAMS 0x00000003ee000000, 0x00000003ee000000| Untracked 
| 877|0x00000003ef000000, 0x00000003ef000000, 0x00000003f0000000|  0%| F|  |TAMS 0x00000003ef000000, 0x00000003ef000000| Untracked 
| 878|0x00000003f0000000, 0x00000003f0000000, 0x00000003f1000000|  0%| F|  |TAMS 0x00000003f0000000, 0x00000003f0000000| Untracked 
| 879|0x00000003f1000000, 0x00000003f1000000, 0x00000003f2000000|  0%| F|  |TAMS 0x00000003f1000000, 0x00000003f1000000| Untracked 
| 880|0x00000003f2000000, 0x00000003f2000000, 0x00000003f3000000|  0%| F|  |TAMS 0x00000003f2000000, 0x00000003f2000000| Untracked 
| 881|0x00000003f3000000, 0x00000003f3000000, 0x00000003f4000000|  0%| F|  |TAMS 0x00000003f3000000, 0x00000003f3000000| Untracked 
| 882|0x00000003f4000000, 0x00000003f4000000, 0x00000003f5000000|  0%| F|  |TAMS 0x00000003f4000000, 0x00000003f4000000| Untracked 
| 883|0x00000003f5000000, 0x00000003f5000000, 0x00000003f6000000|  0%| F|  |TAMS 0x00000003f5000000, 0x00000003f5000000| Untracked 
| 884|0x00000003f6000000, 0x00000003f6000000, 0x00000003f7000000|  0%| F|  |TAMS 0x00000003f6000000, 0x00000003f6000000| Untracked 
| 885|0x00000003f7000000, 0x00000003f7000000, 0x00000003f8000000|  0%| F|  |TAMS 0x00000003f7000000, 0x00000003f7000000| Untracked 
| 886|0x00000003f8000000, 0x00000003f8000000, 0x00000003f9000000|  0%| F|  |TAMS 0x00000003f8000000, 0x00000003f8000000| Untracked 
| 887|0x00000003f9000000, 0x00000003f9000000, 0x00000003fa000000|  0%| F|  |TAMS 0x00000003f9000000, 0x00000003f9000000| Untracked 
| 888|0x00000003fa000000, 0x00000003fa000000, 0x00000003fb000000|  0%| F|  |TAMS 0x00000003fa000000, 0x00000003fa000000| Untracked 
| 889|0x00000003fb000000, 0x00000003fb000000, 0x00000003fc000000|  0%| F|  |TAMS 0x00000003fb000000, 0x00000003fb000000| Untracked 
| 890|0x00000003fc000000, 0x00000003fc000000, 0x00000003fd000000|  0%| F|  |TAMS 0x00000003fc000000, 0x00000003fc000000| Untracked 
| 891|0x00000003fd000000, 0x00000003fd000000, 0x00000003fe000000|  0%| F|  |TAMS 0x00000003fd000000, 0x00000003fd000000| Untracked 
| 892|0x00000003fe000000, 0x00000003fe000000, 0x00000003ff000000|  0%| F|  |TAMS 0x00000003fe000000, 0x00000003fe000000| Untracked 
| 893|0x00000003ff000000, 0x00000003ff000000, 0x0000000400000000|  0%| F|  |TAMS 0x00000003ff000000, 0x00000003ff000000| Untracked 
| 894|0x0000000400000000, 0x0000000400000000, 0x0000000401000000|  0%| F|  |TAMS 0x0000000400000000, 0x0000000400000000| Untracked 
| 895|0x0000000401000000, 0x0000000401000000, 0x0000000402000000|  0%| F|  |TAMS 0x0000000401000000, 0x0000000401000000| Untracked 
| 896|0x0000000402000000, 0x0000000402000000, 0x0000000403000000|  0%| F|  |TAMS 0x0000000402000000, 0x0000000402000000| Untracked 
| 897|0x0000000403000000, 0x0000000403000000, 0x0000000404000000|  0%| F|  |TAMS 0x0000000403000000, 0x0000000403000000| Untracked 
| 898|0x0000000404000000, 0x0000000404000000, 0x0000000405000000|  0%| F|  |TAMS 0x0000000404000000, 0x0000000404000000| Untracked 
| 899|0x0000000405000000, 0x0000000405000000, 0x0000000406000000|  0%| F|  |TAMS 0x0000000405000000, 0x0000000405000000| Untracked 
| 900|0x0000000406000000, 0x0000000406000000, 0x0000000407000000|  0%| F|  |TAMS 0x0000000406000000, 0x0000000406000000| Untracked 
| 901|0x0000000407000000, 0x0000000407000000, 0x0000000408000000|  0%| F|  |TAMS 0x0000000407000000, 0x0000000407000000| Untracked 
| 902|0x0000000408000000, 0x0000000408000000, 0x0000000409000000|  0%| F|  |TAMS 0x0000000408000000, 0x0000000408000000| Untracked 
| 903|0x0000000409000000, 0x0000000409000000, 0x000000040a000000|  0%| F|  |TAMS 0x0000000409000000, 0x0000000409000000| Untracked 
| 904|0x000000040a000000, 0x000000040a000000, 0x000000040b000000|  0%| F|  |TAMS 0x000000040a000000, 0x000000040a000000| Untracked 
| 905|0x000000040b000000, 0x000000040b000000, 0x000000040c000000|  0%| F|  |TAMS 0x000000040b000000, 0x000000040b000000| Untracked 
| 906|0x000000040c000000, 0x000000040c000000, 0x000000040d000000|  0%| F|  |TAMS 0x000000040c000000, 0x000000040c000000| Untracked 
| 907|0x000000040d000000, 0x000000040d000000, 0x000000040e000000|  0%| F|  |TAMS 0x000000040d000000, 0x000000040d000000| Untracked 
| 908|0x000000040e000000, 0x000000040e000000, 0x000000040f000000|  0%| F|  |TAMS 0x000000040e000000, 0x000000040e000000| Untracked 
| 909|0x000000040f000000, 0x000000040f000000, 0x0000000410000000|  0%| F|  |TAMS 0x000000040f000000, 0x000000040f000000| Untracked 
| 910|0x0000000410000000, 0x0000000410000000, 0x0000000411000000|  0%| F|  |TAMS 0x0000000410000000, 0x0000000410000000| Untracked 
| 911|0x0000000411000000, 0x0000000411000000, 0x0000000412000000|  0%| F|  |TAMS 0x0000000411000000, 0x0000000411000000| Untracked 
| 912|0x0000000412000000, 0x0000000412000000, 0x0000000413000000|  0%| F|  |TAMS 0x0000000412000000, 0x0000000412000000| Untracked 
| 913|0x0000000413000000, 0x0000000413000000, 0x0000000414000000|  0%| F|  |TAMS 0x0000000413000000, 0x0000000413000000| Untracked 
| 914|0x0000000414000000, 0x0000000414000000, 0x0000000415000000|  0%| F|  |TAMS 0x0000000414000000, 0x0000000414000000| Untracked 
| 915|0x0000000415000000, 0x0000000415000000, 0x0000000416000000|  0%| F|  |TAMS 0x0000000415000000, 0x0000000415000000| Untracked 
| 916|0x0000000416000000, 0x0000000416000000, 0x0000000417000000|  0%| F|  |TAMS 0x0000000416000000, 0x0000000416000000| Untracked 
| 917|0x0000000417000000, 0x0000000417000000, 0x0000000418000000|  0%| F|  |TAMS 0x0000000417000000, 0x0000000417000000| Untracked 
| 918|0x0000000418000000, 0x0000000418000000, 0x0000000419000000|  0%| F|  |TAMS 0x0000000418000000, 0x0000000418000000| Untracked 
| 919|0x0000000419000000, 0x0000000419000000, 0x000000041a000000|  0%| F|  |TAMS 0x0000000419000000, 0x0000000419000000| Untracked 
| 920|0x000000041a000000, 0x000000041a000000, 0x000000041b000000|  0%| F|  |TAMS 0x000000041a000000, 0x000000041a000000| Untracked 
| 921|0x000000041b000000, 0x000000041b000000, 0x000000041c000000|  0%| F|  |TAMS 0x000000041b000000, 0x000000041b000000| Untracked 
| 922|0x000000041c000000, 0x000000041c000000, 0x000000041d000000|  0%| F|  |TAMS 0x000000041c000000, 0x000000041c000000| Untracked 
| 923|0x000000041d000000, 0x000000041d000000, 0x000000041e000000|  0%| F|  |TAMS 0x000000041d000000, 0x000000041d000000| Untracked 
| 924|0x000000041e000000, 0x000000041e000000, 0x000000041f000000|  0%| F|  |TAMS 0x000000041e000000, 0x000000041e000000| Untracked 
| 925|0x000000041f000000, 0x000000041f000000, 0x0000000420000000|  0%| F|  |TAMS 0x000000041f000000, 0x000000041f000000| Untracked 
| 926|0x0000000420000000, 0x0000000420000000, 0x0000000421000000|  0%| F|  |TAMS 0x0000000420000000, 0x0000000420000000| Untracked 
| 927|0x0000000421000000, 0x0000000421000000, 0x0000000422000000|  0%| F|  |TAMS 0x0000000421000000, 0x0000000421000000| Untracked 
| 928|0x0000000422000000, 0x0000000422000000, 0x0000000423000000|  0%| F|  |TAMS 0x0000000422000000, 0x0000000422000000| Untracked 
| 929|0x0000000423000000, 0x0000000423000000, 0x0000000424000000|  0%| F|  |TAMS 0x0000000423000000, 0x0000000423000000| Untracked 
| 930|0x0000000424000000, 0x0000000424000000, 0x0000000425000000|  0%| F|  |TAMS 0x0000000424000000, 0x0000000424000000| Untracked 
| 931|0x0000000425000000, 0x0000000425000000, 0x0000000426000000|  0%| F|  |TAMS 0x0000000425000000, 0x0000000425000000| Untracked 
| 932|0x0000000426000000, 0x0000000426000000, 0x0000000427000000|  0%| F|  |TAMS 0x0000000426000000, 0x0000000426000000| Untracked 
| 933|0x0000000427000000, 0x0000000427000000, 0x0000000428000000|  0%| F|  |TAMS 0x0000000427000000, 0x0000000427000000| Untracked 
| 934|0x0000000428000000, 0x0000000428000000, 0x0000000429000000|  0%| F|  |TAMS 0x0000000428000000, 0x0000000428000000| Untracked 
| 935|0x0000000429000000, 0x0000000429000000, 0x000000042a000000|  0%| F|  |TAMS 0x0000000429000000, 0x0000000429000000| Untracked 
| 936|0x000000042a000000, 0x000000042a000000, 0x000000042b000000|  0%| F|  |TAMS 0x000000042a000000, 0x000000042a000000| Untracked 
| 937|0x000000042b000000, 0x000000042b000000, 0x000000042c000000|  0%| F|  |TAMS 0x000000042b000000, 0x000000042b000000| Untracked 
| 938|0x000000042c000000, 0x000000042c000000, 0x000000042d000000|  0%| F|  |TAMS 0x000000042c000000, 0x000000042c000000| Untracked 
| 939|0x000000042d000000, 0x000000042d000000, 0x000000042e000000|  0%| F|  |TAMS 0x000000042d000000, 0x000000042d000000| Untracked 
| 940|0x000000042e000000, 0x000000042e000000, 0x000000042f000000|  0%| F|  |TAMS 0x000000042e000000, 0x000000042e000000| Untracked 
| 941|0x000000042f000000, 0x000000042f000000, 0x0000000430000000|  0%| F|  |TAMS 0x000000042f000000, 0x000000042f000000| Untracked 
| 942|0x0000000430000000, 0x0000000430000000, 0x0000000431000000|  0%| F|  |TAMS 0x0000000430000000, 0x0000000430000000| Untracked 
| 943|0x0000000431000000, 0x0000000431000000, 0x0000000432000000|  0%| F|  |TAMS 0x0000000431000000, 0x0000000431000000| Untracked 
| 944|0x0000000432000000, 0x0000000432000000, 0x0000000433000000|  0%| F|  |TAMS 0x0000000432000000, 0x0000000432000000| Untracked 
| 945|0x0000000433000000, 0x0000000433000000, 0x0000000434000000|  0%| F|  |TAMS 0x0000000433000000, 0x0000000433000000| Untracked 
| 946|0x0000000434000000, 0x0000000434000000, 0x0000000435000000|  0%| F|  |TAMS 0x0000000434000000, 0x0000000434000000| Untracked 
| 947|0x0000000435000000, 0x0000000435000000, 0x0000000436000000|  0%| F|  |TAMS 0x0000000435000000, 0x0000000435000000| Untracked 
| 948|0x0000000436000000, 0x0000000436000000, 0x0000000437000000|  0%| F|  |TAMS 0x0000000436000000, 0x0000000436000000| Untracked 
| 949|0x0000000437000000, 0x0000000437000000, 0x0000000438000000|  0%| F|  |TAMS 0x0000000437000000, 0x0000000437000000| Untracked 
| 950|0x0000000438000000, 0x0000000438000000, 0x0000000439000000|  0%| F|  |TAMS 0x0000000438000000, 0x0000000438000000| Untracked 
| 951|0x0000000439000000, 0x0000000439000000, 0x000000043a000000|  0%| F|  |TAMS 0x0000000439000000, 0x0000000439000000| Untracked 
| 952|0x000000043a000000, 0x000000043a000000, 0x000000043b000000|  0%| F|  |TAMS 0x000000043a000000, 0x000000043a000000| Untracked 
| 953|0x000000043b000000, 0x000000043b000000, 0x000000043c000000|  0%| F|  |TAMS 0x000000043b000000, 0x000000043b000000| Untracked 
| 954|0x000000043c000000, 0x000000043c000000, 0x000000043d000000|  0%| F|  |TAMS 0x000000043c000000, 0x000000043c000000| Untracked 
| 955|0x000000043d000000, 0x000000043d000000, 0x000000043e000000|  0%| F|  |TAMS 0x000000043d000000, 0x000000043d000000| Untracked 
| 956|0x000000043e000000, 0x000000043e000000, 0x000000043f000000|  0%| F|  |TAMS 0x000000043e000000, 0x000000043e000000| Untracked 
| 957|0x000000043f000000, 0x000000043f000000, 0x0000000440000000|  0%| F|  |TAMS 0x000000043f000000, 0x000000043f000000| Untracked 
| 958|0x0000000440000000, 0x0000000440000000, 0x0000000441000000|  0%| F|  |TAMS 0x0000000440000000, 0x0000000440000000| Untracked 
| 959|0x0000000441000000, 0x0000000441000000, 0x0000000442000000|  0%| F|  |TAMS 0x0000000441000000, 0x0000000441000000| Untracked 
| 960|0x0000000442000000, 0x0000000442000000, 0x0000000443000000|  0%| F|  |TAMS 0x0000000442000000, 0x0000000442000000| Untracked 
| 961|0x0000000443000000, 0x0000000443000000, 0x0000000444000000|  0%| F|  |TAMS 0x0000000443000000, 0x0000000443000000| Untracked 
| 962|0x0000000444000000, 0x0000000444000000, 0x0000000445000000|  0%| F|  |TAMS 0x0000000444000000, 0x0000000444000000| Untracked 
| 963|0x0000000445000000, 0x0000000445000000, 0x0000000446000000|  0%| F|  |TAMS 0x0000000445000000, 0x0000000445000000| Untracked 
| 964|0x0000000446000000, 0x0000000446000000, 0x0000000447000000|  0%| F|  |TAMS 0x0000000446000000, 0x0000000446000000| Untracked 
| 965|0x0000000447000000, 0x0000000447000000, 0x0000000448000000|  0%| F|  |TAMS 0x0000000447000000, 0x0000000447000000| Untracked 
| 966|0x0000000448000000, 0x0000000448000000, 0x0000000449000000|  0%| F|  |TAMS 0x0000000448000000, 0x0000000448000000| Untracked 
| 967|0x0000000449000000, 0x0000000449000000, 0x000000044a000000|  0%| F|  |TAMS 0x0000000449000000, 0x0000000449000000| Untracked 
| 968|0x000000044a000000, 0x000000044a000000, 0x000000044b000000|  0%| F|  |TAMS 0x000000044a000000, 0x000000044a000000| Untracked 
| 969|0x000000044b000000, 0x000000044b000000, 0x000000044c000000|  0%| F|  |TAMS 0x000000044b000000, 0x000000044b000000| Untracked 
| 970|0x000000044c000000, 0x000000044c000000, 0x000000044d000000|  0%| F|  |TAMS 0x000000044c000000, 0x000000044c000000| Untracked 
| 971|0x000000044d000000, 0x000000044d000000, 0x000000044e000000|  0%| F|  |TAMS 0x000000044d000000, 0x000000044d000000| Untracked 
| 972|0x000000044e000000, 0x000000044e000000, 0x000000044f000000|  0%| F|  |TAMS 0x000000044e000000, 0x000000044e000000| Untracked 
| 973|0x000000044f000000, 0x000000044f000000, 0x0000000450000000|  0%| F|  |TAMS 0x000000044f000000, 0x000000044f000000| Untracked 
| 974|0x0000000450000000, 0x0000000450000000, 0x0000000451000000|  0%| F|  |TAMS 0x0000000450000000, 0x0000000450000000| Untracked 
| 975|0x0000000451000000, 0x0000000451000000, 0x0000000452000000|  0%| F|  |TAMS 0x0000000451000000, 0x0000000451000000| Untracked 
| 976|0x0000000452000000, 0x0000000452000000, 0x0000000453000000|  0%| F|  |TAMS 0x0000000452000000, 0x0000000452000000| Untracked 
| 977|0x0000000453000000, 0x0000000453000000, 0x0000000454000000|  0%| F|  |TAMS 0x0000000453000000, 0x0000000453000000| Untracked 
| 978|0x0000000454000000, 0x0000000454000000, 0x0000000455000000|  0%| F|  |TAMS 0x0000000454000000, 0x0000000454000000| Untracked 
| 979|0x0000000455000000, 0x0000000455000000, 0x0000000456000000|  0%| F|  |TAMS 0x0000000455000000, 0x0000000455000000| Untracked 
| 980|0x0000000456000000, 0x0000000456000000, 0x0000000457000000|  0%| F|  |TAMS 0x0000000456000000, 0x0000000456000000| Untracked 
| 981|0x0000000457000000, 0x0000000457000000, 0x0000000458000000|  0%| F|  |TAMS 0x0000000457000000, 0x0000000457000000| Untracked 
| 982|0x0000000458000000, 0x0000000458000000, 0x0000000459000000|  0%| F|  |TAMS 0x0000000458000000, 0x0000000458000000| Untracked 
| 983|0x0000000459000000, 0x0000000459000000, 0x000000045a000000|  0%| F|  |TAMS 0x0000000459000000, 0x0000000459000000| Untracked 
| 984|0x000000045a000000, 0x000000045a000000, 0x000000045b000000|  0%| F|  |TAMS 0x000000045a000000, 0x000000045a000000| Untracked 
| 985|0x000000045b000000, 0x000000045b000000, 0x000000045c000000|  0%| F|  |TAMS 0x000000045b000000, 0x000000045b000000| Untracked 
| 986|0x000000045c000000, 0x000000045c000000, 0x000000045d000000|  0%| F|  |TAMS 0x000000045c000000, 0x000000045c000000| Untracked 
| 987|0x000000045d000000, 0x000000045d000000, 0x000000045e000000|  0%| F|  |TAMS 0x000000045d000000, 0x000000045d000000| Untracked 
| 988|0x000000045e000000, 0x000000045e000000, 0x000000045f000000|  0%| F|  |TAMS 0x000000045e000000, 0x000000045e000000| Untracked 
| 989|0x000000045f000000, 0x000000045f000000, 0x0000000460000000|  0%| F|  |TAMS 0x000000045f000000, 0x000000045f000000| Untracked 
| 990|0x0000000460000000, 0x0000000460000000, 0x0000000461000000|  0%| F|  |TAMS 0x0000000460000000, 0x0000000460000000| Untracked 
| 991|0x0000000461000000, 0x0000000461000000, 0x0000000462000000|  0%| F|  |TAMS 0x0000000461000000, 0x0000000461000000| Untracked 
| 992|0x0000000462000000, 0x0000000462000000, 0x0000000463000000|  0%| F|  |TAMS 0x0000000462000000, 0x0000000462000000| Untracked 
| 993|0x0000000463000000, 0x0000000463000000, 0x0000000464000000|  0%| F|  |TAMS 0x0000000463000000, 0x0000000463000000| Untracked 
| 994|0x0000000464000000, 0x0000000464000000, 0x0000000465000000|  0%| F|  |TAMS 0x0000000464000000, 0x0000000464000000| Untracked 
| 995|0x0000000465000000, 0x0000000465000000, 0x0000000466000000|  0%| F|  |TAMS 0x0000000465000000, 0x0000000465000000| Untracked 
| 996|0x0000000466000000, 0x0000000466000000, 0x0000000467000000|  0%| F|  |TAMS 0x0000000466000000, 0x0000000466000000| Untracked 
| 997|0x0000000467000000, 0x0000000467000000, 0x0000000468000000|  0%| F|  |TAMS 0x0000000467000000, 0x0000000467000000| Untracked 
| 998|0x0000000468000000, 0x0000000468000000, 0x0000000469000000|  0%| F|  |TAMS 0x0000000468000000, 0x0000000468000000| Untracked 
| 999|0x0000000469000000, 0x0000000469000000, 0x000000046a000000|  0%| F|  |TAMS 0x0000000469000000, 0x0000000469000000| Untracked 
|1000|0x000000046a000000, 0x000000046a000000, 0x000000046b000000|  0%| F|  |TAMS 0x000000046a000000, 0x000000046a000000| Untracked 
|1001|0x000000046b000000, 0x000000046b000000, 0x000000046c000000|  0%| F|  |TAMS 0x000000046b000000, 0x000000046b000000| Untracked 
|1002|0x000000046c000000, 0x000000046c000000, 0x000000046d000000|  0%| F|  |TAMS 0x000000046c000000, 0x000000046c000000| Untracked 
|1003|0x000000046d000000, 0x000000046d000000, 0x000000046e000000|  0%| F|  |TAMS 0x000000046d000000, 0x000000046d000000| Untracked 
|1004|0x000000046e000000, 0x000000046e000000, 0x000000046f000000|  0%| F|  |TAMS 0x000000046e000000, 0x000000046e000000| Untracked 
|1005|0x000000046f000000, 0x000000046f000000, 0x0000000470000000|  0%| F|  |TAMS 0x000000046f000000, 0x000000046f000000| Untracked 
|1006|0x0000000470000000, 0x0000000470000000, 0x0000000471000000|  0%| F|  |TAMS 0x0000000470000000, 0x0000000470000000| Untracked 
|1007|0x0000000471000000, 0x0000000471000000, 0x0000000472000000|  0%| F|  |TAMS 0x0000000471000000, 0x0000000471000000| Untracked 
|1008|0x0000000472000000, 0x0000000472000000, 0x0000000473000000|  0%| F|  |TAMS 0x0000000472000000, 0x0000000472000000| Untracked 
|1009|0x0000000473000000, 0x0000000473000000, 0x0000000474000000|  0%| F|  |TAMS 0x0000000473000000, 0x0000000473000000| Untracked 
|1010|0x0000000474000000, 0x0000000474000000, 0x0000000475000000|  0%| F|  |TAMS 0x0000000474000000, 0x0000000474000000| Untracked 
|1011|0x0000000475000000, 0x0000000475000000, 0x0000000476000000|  0%| F|  |TAMS 0x0000000475000000, 0x0000000475000000| Untracked 
|1012|0x0000000476000000, 0x0000000476000000, 0x0000000477000000|  0%| F|  |TAMS 0x0000000476000000, 0x0000000476000000| Untracked 
|1013|0x0000000477000000, 0x0000000477000000, 0x0000000478000000|  0%| F|  |TAMS 0x0000000477000000, 0x0000000477000000| Untracked 
|1014|0x0000000478000000, 0x0000000478000000, 0x0000000479000000|  0%| F|  |TAMS 0x0000000478000000, 0x0000000478000000| Untracked 
|1015|0x0000000479000000, 0x0000000479000000, 0x000000047a000000|  0%| F|  |TAMS 0x0000000479000000, 0x0000000479000000| Untracked 
|1016|0x000000047a000000, 0x000000047a000000, 0x000000047b000000|  0%| F|  |TAMS 0x000000047a000000, 0x000000047a000000| Untracked 
|1017|0x000000047b000000, 0x000000047b000000, 0x000000047c000000|  0%| F|  |TAMS 0x000000047b000000, 0x000000047b000000| Untracked 
|1018|0x000000047c000000, 0x000000047c000000, 0x000000047d000000|  0%| F|  |TAMS 0x000000047c000000, 0x000000047c000000| Untracked 
|1019|0x000000047d000000, 0x000000047d000000, 0x000000047e000000|  0%| F|  |TAMS 0x000000047d000000, 0x000000047d000000| Untracked 
|1020|0x000000047e000000, 0x000000047e000000, 0x000000047f000000|  0%| F|  |TAMS 0x000000047e000000, 0x000000047e000000| Untracked 
|1021|0x000000047f000000, 0x000000047f000000, 0x0000000480000000|  0%| F|  |TAMS 0x000000047f000000, 0x000000047f000000| Untracked 
|1022|0x0000000480000000, 0x0000000480000000, 0x0000000481000000|  0%| F|  |TAMS 0x0000000480000000, 0x0000000480000000| Untracked 
|1023|0x0000000481000000, 0x0000000481000000, 0x0000000482000000|  0%| F|  |TAMS 0x0000000481000000, 0x0000000481000000| Untracked 
|1024|0x0000000482000000, 0x0000000482000000, 0x0000000483000000|  0%| F|  |TAMS 0x0000000482000000, 0x0000000482000000| Untracked 
|1025|0x0000000483000000, 0x0000000483000000, 0x0000000484000000|  0%| F|  |TAMS 0x0000000483000000, 0x0000000483000000| Untracked 
|1026|0x0000000484000000, 0x0000000484000000, 0x0000000485000000|  0%| F|  |TAMS 0x0000000484000000, 0x0000000484000000| Untracked 
|1027|0x0000000485000000, 0x0000000485000000, 0x0000000486000000|  0%| F|  |TAMS 0x0000000485000000, 0x0000000485000000| Untracked 
|1028|0x0000000486000000, 0x0000000486000000, 0x0000000487000000|  0%| F|  |TAMS 0x0000000486000000, 0x0000000486000000| Untracked 
|1029|0x0000000487000000, 0x0000000487000000, 0x0000000488000000|  0%| F|  |TAMS 0x0000000487000000, 0x0000000487000000| Untracked 
|1030|0x0000000488000000, 0x0000000488000000, 0x0000000489000000|  0%| F|  |TAMS 0x0000000488000000, 0x0000000488000000| Untracked 
|1031|0x0000000489000000, 0x0000000489000000, 0x000000048a000000|  0%| F|  |TAMS 0x0000000489000000, 0x0000000489000000| Untracked 
|1032|0x000000048a000000, 0x000000048a000000, 0x000000048b000000|  0%| F|  |TAMS 0x000000048a000000, 0x000000048a000000| Untracked 
|1033|0x000000048b000000, 0x000000048b000000, 0x000000048c000000|  0%| F|  |TAMS 0x000000048b000000, 0x000000048b000000| Untracked 
|1034|0x000000048c000000, 0x000000048c000000, 0x000000048d000000|  0%| F|  |TAMS 0x000000048c000000, 0x000000048c000000| Untracked 
|1035|0x000000048d000000, 0x000000048d000000, 0x000000048e000000|  0%| F|  |TAMS 0x000000048d000000, 0x000000048d000000| Untracked 
|1036|0x000000048e000000, 0x000000048e000000, 0x000000048f000000|  0%| F|  |TAMS 0x000000048e000000, 0x000000048e000000| Untracked 
|1037|0x000000048f000000, 0x000000048f000000, 0x0000000490000000|  0%| F|  |TAMS 0x000000048f000000, 0x000000048f000000| Untracked 
|1038|0x0000000490000000, 0x0000000490000000, 0x0000000491000000|  0%| F|  |TAMS 0x0000000490000000, 0x0000000490000000| Untracked 
|1039|0x0000000491000000, 0x0000000491000000, 0x0000000492000000|  0%| F|  |TAMS 0x0000000491000000, 0x0000000491000000| Untracked 
|1040|0x0000000492000000, 0x0000000492000000, 0x0000000493000000|  0%| F|  |TAMS 0x0000000492000000, 0x0000000492000000| Untracked 
|1041|0x0000000493000000, 0x0000000493000000, 0x0000000494000000|  0%| F|  |TAMS 0x0000000493000000, 0x0000000493000000| Untracked 
|1042|0x0000000494000000, 0x0000000494000000, 0x0000000495000000|  0%| F|  |TAMS 0x0000000494000000, 0x0000000494000000| Untracked 
|1043|0x0000000495000000, 0x0000000495000000, 0x0000000496000000|  0%| F|  |TAMS 0x0000000495000000, 0x0000000495000000| Untracked 
|1044|0x0000000496000000, 0x0000000496000000, 0x0000000497000000|  0%| F|  |TAMS 0x0000000496000000, 0x0000000496000000| Untracked 
|1045|0x0000000497000000, 0x0000000497000000, 0x0000000498000000|  0%| F|  |TAMS 0x0000000497000000, 0x0000000497000000| Untracked 
|1046|0x0000000498000000, 0x0000000498000000, 0x0000000499000000|  0%| F|  |TAMS 0x0000000498000000, 0x0000000498000000| Untracked 
|1047|0x0000000499000000, 0x0000000499000000, 0x000000049a000000|  0%| F|  |TAMS 0x0000000499000000, 0x0000000499000000| Untracked 
|1048|0x000000049a000000, 0x000000049a000000, 0x000000049b000000|  0%| F|  |TAMS 0x000000049a000000, 0x000000049a000000| Untracked 
|1049|0x000000049b000000, 0x000000049b000000, 0x000000049c000000|  0%| F|  |TAMS 0x000000049b000000, 0x000000049b000000| Untracked 
|1050|0x000000049c000000, 0x000000049c000000, 0x000000049d000000|  0%| F|  |TAMS 0x000000049c000000, 0x000000049c000000| Untracked 
|1051|0x000000049d000000, 0x000000049d000000, 0x000000049e000000|  0%| F|  |TAMS 0x000000049d000000, 0x000000049d000000| Untracked 
|1052|0x000000049e000000, 0x000000049e000000, 0x000000049f000000|  0%| F|  |TAMS 0x000000049e000000, 0x000000049e000000| Untracked 
|1053|0x000000049f000000, 0x000000049f000000, 0x00000004a0000000|  0%| F|  |TAMS 0x000000049f000000, 0x000000049f000000| Untracked 
|1054|0x00000004a0000000, 0x00000004a0000000, 0x00000004a1000000|  0%| F|  |TAMS 0x00000004a0000000, 0x00000004a0000000| Untracked 
|1055|0x00000004a1000000, 0x00000004a1000000, 0x00000004a2000000|  0%| F|  |TAMS 0x00000004a1000000, 0x00000004a1000000| Untracked 
|1056|0x00000004a2000000, 0x00000004a2000000, 0x00000004a3000000|  0%| F|  |TAMS 0x00000004a2000000, 0x00000004a2000000| Untracked 
|1057|0x00000004a3000000, 0x00000004a3000000, 0x00000004a4000000|  0%| F|  |TAMS 0x00000004a3000000, 0x00000004a3000000| Untracked 
|1058|0x00000004a4000000, 0x00000004a4000000, 0x00000004a5000000|  0%| F|  |TAMS 0x00000004a4000000, 0x00000004a4000000| Untracked 
|1059|0x00000004a5000000, 0x00000004a5000000, 0x00000004a6000000|  0%| F|  |TAMS 0x00000004a5000000, 0x00000004a5000000| Untracked 
|1060|0x00000004a6000000, 0x00000004a6000000, 0x00000004a7000000|  0%| F|  |TAMS 0x00000004a6000000, 0x00000004a6000000| Untracked 
|1061|0x00000004a7000000, 0x00000004a7000000, 0x00000004a8000000|  0%| F|  |TAMS 0x00000004a7000000, 0x00000004a7000000| Untracked 
|1062|0x00000004a8000000, 0x00000004a8000000, 0x00000004a9000000|  0%| F|  |TAMS 0x00000004a8000000, 0x00000004a8000000| Untracked 
|1063|0x00000004a9000000, 0x00000004a9000000, 0x00000004aa000000|  0%| F|  |TAMS 0x00000004a9000000, 0x00000004a9000000| Untracked 
|1064|0x00000004aa000000, 0x00000004aa000000, 0x00000004ab000000|  0%| F|  |TAMS 0x00000004aa000000, 0x00000004aa000000| Untracked 
|1065|0x00000004ab000000, 0x00000004ab000000, 0x00000004ac000000|  0%| F|  |TAMS 0x00000004ab000000, 0x00000004ab000000| Untracked 
|1066|0x00000004ac000000, 0x00000004ac000000, 0x00000004ad000000|  0%| F|  |TAMS 0x00000004ac000000, 0x00000004ac000000| Untracked 
|1067|0x00000004ad000000, 0x00000004ad000000, 0x00000004ae000000|  0%| F|  |TAMS 0x00000004ad000000, 0x00000004ad000000| Untracked 
|1068|0x00000004ae000000, 0x00000004ae000000, 0x00000004af000000|  0%| F|  |TAMS 0x00000004ae000000, 0x00000004ae000000| Untracked 
|1069|0x00000004af000000, 0x00000004af000000, 0x00000004b0000000|  0%| F|  |TAMS 0x00000004af000000, 0x00000004af000000| Untracked 
|1070|0x00000004b0000000, 0x00000004b0000000, 0x00000004b1000000|  0%| F|  |TAMS 0x00000004b0000000, 0x00000004b0000000| Untracked 
|1071|0x00000004b1000000, 0x00000004b1000000, 0x00000004b2000000|  0%| F|  |TAMS 0x00000004b1000000, 0x00000004b1000000| Untracked 
|1072|0x00000004b2000000, 0x00000004b2000000, 0x00000004b3000000|  0%| F|  |TAMS 0x00000004b2000000, 0x00000004b2000000| Untracked 
|1073|0x00000004b3000000, 0x00000004b3000000, 0x00000004b4000000|  0%| F|  |TAMS 0x00000004b3000000, 0x00000004b3000000| Untracked 
|1074|0x00000004b4000000, 0x00000004b4000000, 0x00000004b5000000|  0%| F|  |TAMS 0x00000004b4000000, 0x00000004b4000000| Untracked 
|1075|0x00000004b5000000, 0x00000004b5000000, 0x00000004b6000000|  0%| F|  |TAMS 0x00000004b5000000, 0x00000004b5000000| Untracked 
|1076|0x00000004b6000000, 0x00000004b6000000, 0x00000004b7000000|  0%| F|  |TAMS 0x00000004b6000000, 0x00000004b6000000| Untracked 
|1077|0x00000004b7000000, 0x00000004b7000000, 0x00000004b8000000|  0%| F|  |TAMS 0x00000004b7000000, 0x00000004b7000000| Untracked 
|1078|0x00000004b8000000, 0x00000004b8000000, 0x00000004b9000000|  0%| F|  |TAMS 0x00000004b8000000, 0x00000004b8000000| Untracked 
|1079|0x00000004b9000000, 0x00000004b9000000, 0x00000004ba000000|  0%| F|  |TAMS 0x00000004b9000000, 0x00000004b9000000| Untracked 
|1080|0x00000004ba000000, 0x00000004ba000000, 0x00000004bb000000|  0%| F|  |TAMS 0x00000004ba000000, 0x00000004ba000000| Untracked 
|1081|0x00000004bb000000, 0x00000004bb000000, 0x00000004bc000000|  0%| F|  |TAMS 0x00000004bb000000, 0x00000004bb000000| Untracked 
|1082|0x00000004bc000000, 0x00000004bc000000, 0x00000004bd000000|  0%| F|  |TAMS 0x00000004bc000000, 0x00000004bc000000| Untracked 
|1083|0x00000004bd000000, 0x00000004bd000000, 0x00000004be000000|  0%| F|  |TAMS 0x00000004bd000000, 0x00000004bd000000| Untracked 
|1084|0x00000004be000000, 0x00000004be000000, 0x00000004bf000000|  0%| F|  |TAMS 0x00000004be000000, 0x00000004be000000| Untracked 
|1085|0x00000004bf000000, 0x00000004bf000000, 0x00000004c0000000|  0%| F|  |TAMS 0x00000004bf000000, 0x00000004bf000000| Untracked 
|1086|0x00000004c0000000, 0x00000004c0000000, 0x00000004c1000000|  0%| F|  |TAMS 0x00000004c0000000, 0x00000004c0000000| Untracked 
|1087|0x00000004c1000000, 0x00000004c1000000, 0x00000004c2000000|  0%| F|  |TAMS 0x00000004c1000000, 0x00000004c1000000| Untracked 
|1088|0x00000004c2000000, 0x00000004c2000000, 0x00000004c3000000|  0%| F|  |TAMS 0x00000004c2000000, 0x00000004c2000000| Untracked 
|1089|0x00000004c3000000, 0x00000004c3000000, 0x00000004c4000000|  0%| F|  |TAMS 0x00000004c3000000, 0x00000004c3000000| Untracked 
|1090|0x00000004c4000000, 0x00000004c4000000, 0x00000004c5000000|  0%| F|  |TAMS 0x00000004c4000000, 0x00000004c4000000| Untracked 
|1091|0x00000004c5000000, 0x00000004c5000000, 0x00000004c6000000|  0%| F|  |TAMS 0x00000004c5000000, 0x00000004c5000000| Untracked 
|1092|0x00000004c6000000, 0x00000004c6000000, 0x00000004c7000000|  0%| F|  |TAMS 0x00000004c6000000, 0x00000004c6000000| Untracked 
|1093|0x00000004c7000000, 0x00000004c7000000, 0x00000004c8000000|  0%| F|  |TAMS 0x00000004c7000000, 0x00000004c7000000| Untracked 
|1094|0x00000004c8000000, 0x00000004c8000000, 0x00000004c9000000|  0%| F|  |TAMS 0x00000004c8000000, 0x00000004c8000000| Untracked 
|1095|0x00000004c9000000, 0x00000004c9000000, 0x00000004ca000000|  0%| F|  |TAMS 0x00000004c9000000, 0x00000004c9000000| Untracked 
|1096|0x00000004ca000000, 0x00000004ca000000, 0x00000004cb000000|  0%| F|  |TAMS 0x00000004ca000000, 0x00000004ca000000| Untracked 
|1097|0x00000004cb000000, 0x00000004cb000000, 0x00000004cc000000|  0%| F|  |TAMS 0x00000004cb000000, 0x00000004cb000000| Untracked 
|1098|0x00000004cc000000, 0x00000004cc000000, 0x00000004cd000000|  0%| F|  |TAMS 0x00000004cc000000, 0x00000004cc000000| Untracked 
|1099|0x00000004cd000000, 0x00000004cd000000, 0x00000004ce000000|  0%| F|  |TAMS 0x00000004cd000000, 0x00000004cd000000| Untracked 
|1100|0x00000004ce000000, 0x00000004ce000000, 0x00000004cf000000|  0%| F|  |TAMS 0x00000004ce000000, 0x00000004ce000000| Untracked 
|1101|0x00000004cf000000, 0x00000004cf000000, 0x00000004d0000000|  0%| F|  |TAMS 0x00000004cf000000, 0x00000004cf000000| Untracked 
|1102|0x00000004d0000000, 0x00000004d0000000, 0x00000004d1000000|  0%| F|  |TAMS 0x00000004d0000000, 0x00000004d0000000| Untracked 
|1103|0x00000004d1000000, 0x00000004d1000000, 0x00000004d2000000|  0%| F|  |TAMS 0x00000004d1000000, 0x00000004d1000000| Untracked 
|1104|0x00000004d2000000, 0x00000004d2000000, 0x00000004d3000000|  0%| F|  |TAMS 0x00000004d2000000, 0x00000004d2000000| Untracked 
|1105|0x00000004d3000000, 0x00000004d3000000, 0x00000004d4000000|  0%| F|  |TAMS 0x00000004d3000000, 0x00000004d3000000| Untracked 
|1106|0x00000004d4000000, 0x00000004d4000000, 0x00000004d5000000|  0%| F|  |TAMS 0x00000004d4000000, 0x00000004d4000000| Untracked 
|1107|0x00000004d5000000, 0x00000004d5000000, 0x00000004d6000000|  0%| F|  |TAMS 0x00000004d5000000, 0x00000004d5000000| Untracked 
|1108|0x00000004d6000000, 0x00000004d6000000, 0x00000004d7000000|  0%| F|  |TAMS 0x00000004d6000000, 0x00000004d6000000| Untracked 
|1109|0x00000004d7000000, 0x00000004d7000000, 0x00000004d8000000|  0%| F|  |TAMS 0x00000004d7000000, 0x00000004d7000000| Untracked 
|1110|0x00000004d8000000, 0x00000004d8000000, 0x00000004d9000000|  0%| F|  |TAMS 0x00000004d8000000, 0x00000004d8000000| Untracked 
|1111|0x00000004d9000000, 0x00000004d9000000, 0x00000004da000000|  0%| F|  |TAMS 0x00000004d9000000, 0x00000004d9000000| Untracked 
|1112|0x00000004da000000, 0x00000004da000000, 0x00000004db000000|  0%| F|  |TAMS 0x00000004da000000, 0x00000004da000000| Untracked 
|1113|0x00000004db000000, 0x00000004db000000, 0x00000004dc000000|  0%| F|  |TAMS 0x00000004db000000, 0x00000004db000000| Untracked 
|1114|0x00000004dc000000, 0x00000004dc000000, 0x00000004dd000000|  0%| F|  |TAMS 0x00000004dc000000, 0x00000004dc000000| Untracked 
|1115|0x00000004dd000000, 0x00000004dd000000, 0x00000004de000000|  0%| F|  |TAMS 0x00000004dd000000, 0x00000004dd000000| Untracked 
|1116|0x00000004de000000, 0x00000004de000000, 0x00000004df000000|  0%| F|  |TAMS 0x00000004de000000, 0x00000004de000000| Untracked 
|1117|0x00000004df000000, 0x00000004df000000, 0x00000004e0000000|  0%| F|  |TAMS 0x00000004df000000, 0x00000004df000000| Untracked 
|1118|0x00000004e0000000, 0x00000004e0000000, 0x00000004e1000000|  0%| F|  |TAMS 0x00000004e0000000, 0x00000004e0000000| Untracked 
|1119|0x00000004e1000000, 0x00000004e1000000, 0x00000004e2000000|  0%| F|  |TAMS 0x00000004e1000000, 0x00000004e1000000| Untracked 
|1120|0x00000004e2000000, 0x00000004e2000000, 0x00000004e3000000|  0%| F|  |TAMS 0x00000004e2000000, 0x00000004e2000000| Untracked 
|1121|0x00000004e3000000, 0x00000004e3000000, 0x00000004e4000000|  0%| F|  |TAMS 0x00000004e3000000, 0x00000004e3000000| Untracked 
|1122|0x00000004e4000000, 0x00000004e4000000, 0x00000004e5000000|  0%| F|  |TAMS 0x00000004e4000000, 0x00000004e4000000| Untracked 
|1123|0x00000004e5000000, 0x00000004e5000000, 0x00000004e6000000|  0%| F|  |TAMS 0x00000004e5000000, 0x00000004e5000000| Untracked 
|1124|0x00000004e6000000, 0x00000004e6000000, 0x00000004e7000000|  0%| F|  |TAMS 0x00000004e6000000, 0x00000004e6000000| Untracked 
|1125|0x00000004e7000000, 0x00000004e7000000, 0x00000004e8000000|  0%| F|  |TAMS 0x00000004e7000000, 0x00000004e7000000| Untracked 
|1126|0x00000004e8000000, 0x00000004e8000000, 0x00000004e9000000|  0%| F|  |TAMS 0x00000004e8000000, 0x00000004e8000000| Untracked 
|1127|0x00000004e9000000, 0x00000004e9000000, 0x00000004ea000000|  0%| F|  |TAMS 0x00000004e9000000, 0x00000004e9000000| Untracked 
|1128|0x00000004ea000000, 0x00000004ea000000, 0x00000004eb000000|  0%| F|  |TAMS 0x00000004ea000000, 0x00000004ea000000| Untracked 
|1129|0x00000004eb000000, 0x00000004eb000000, 0x00000004ec000000|  0%| F|  |TAMS 0x00000004eb000000, 0x00000004eb000000| Untracked 
|1130|0x00000004ec000000, 0x00000004ec000000, 0x00000004ed000000|  0%| F|  |TAMS 0x00000004ec000000, 0x00000004ec000000| Untracked 
|1131|0x00000004ed000000, 0x00000004ed000000, 0x00000004ee000000|  0%| F|  |TAMS 0x00000004ed000000, 0x00000004ed000000| Untracked 
|1132|0x00000004ee000000, 0x00000004ee000000, 0x00000004ef000000|  0%| F|  |TAMS 0x00000004ee000000, 0x00000004ee000000| Untracked 
|1133|0x00000004ef000000, 0x00000004ef000000, 0x00000004f0000000|  0%| F|  |TAMS 0x00000004ef000000, 0x00000004ef000000| Untracked 
|1134|0x00000004f0000000, 0x00000004f0000000, 0x00000004f1000000|  0%| F|  |TAMS 0x00000004f0000000, 0x00000004f0000000| Untracked 
|1135|0x00000004f1000000, 0x00000004f1000000, 0x00000004f2000000|  0%| F|  |TAMS 0x00000004f1000000, 0x00000004f1000000| Untracked 
|1136|0x00000004f2000000, 0x00000004f2000000, 0x00000004f3000000|  0%| F|  |TAMS 0x00000004f2000000, 0x00000004f2000000| Untracked 
|1137|0x00000004f3000000, 0x00000004f3000000, 0x00000004f4000000|  0%| F|  |TAMS 0x00000004f3000000, 0x00000004f3000000| Untracked 
|1138|0x00000004f4000000, 0x00000004f4000000, 0x00000004f5000000|  0%| F|  |TAMS 0x00000004f4000000, 0x00000004f4000000| Untracked 
|1139|0x00000004f5000000, 0x00000004f5000000, 0x00000004f6000000|  0%| F|  |TAMS 0x00000004f5000000, 0x00000004f5000000| Untracked 
|1140|0x00000004f6000000, 0x00000004f6000000, 0x00000004f7000000|  0%| F|  |TAMS 0x00000004f6000000, 0x00000004f6000000| Untracked 
|1141|0x00000004f7000000, 0x00000004f7000000, 0x00000004f8000000|  0%| F|  |TAMS 0x00000004f7000000, 0x00000004f7000000| Untracked 
|1142|0x00000004f8000000, 0x00000004f8000000, 0x00000004f9000000|  0%| F|  |TAMS 0x00000004f8000000, 0x00000004f8000000| Untracked 
|1143|0x00000004f9000000, 0x00000004f9000000, 0x00000004fa000000|  0%| F|  |TAMS 0x00000004f9000000, 0x00000004f9000000| Untracked 
|1144|0x00000004fa000000, 0x00000004fa000000, 0x00000004fb000000|  0%| F|  |TAMS 0x00000004fa000000, 0x00000004fa000000| Untracked 
|1145|0x00000004fb000000, 0x00000004fb000000, 0x00000004fc000000|  0%| F|  |TAMS 0x00000004fb000000, 0x00000004fb000000| Untracked 
|1146|0x00000004fc000000, 0x00000004fc000000, 0x00000004fd000000|  0%| F|  |TAMS 0x00000004fc000000, 0x00000004fc000000| Untracked 
|1147|0x00000004fd000000, 0x00000004fd000000, 0x00000004fe000000|  0%| F|  |TAMS 0x00000004fd000000, 0x00000004fd000000| Untracked 
|1148|0x00000004fe000000, 0x00000004fe000000, 0x00000004ff000000|  0%| F|  |TAMS 0x00000004fe000000, 0x00000004fe000000| Untracked 
|1149|0x00000004ff000000, 0x00000004ff000000, 0x0000000500000000|  0%| F|  |TAMS 0x00000004ff000000, 0x00000004ff000000| Untracked 
|1150|0x0000000500000000, 0x0000000500000000, 0x0000000501000000|  0%| F|  |TAMS 0x0000000500000000, 0x0000000500000000| Untracked 
|1151|0x0000000501000000, 0x0000000501000000, 0x0000000502000000|  0%| F|  |TAMS 0x0000000501000000, 0x0000000501000000| Untracked 
|1152|0x0000000502000000, 0x0000000502000000, 0x0000000503000000|  0%| F|  |TAMS 0x0000000502000000, 0x0000000502000000| Untracked 
|1153|0x0000000503000000, 0x0000000503000000, 0x0000000504000000|  0%| F|  |TAMS 0x0000000503000000, 0x0000000503000000| Untracked 
|1154|0x0000000504000000, 0x0000000504000000, 0x0000000505000000|  0%| F|  |TAMS 0x0000000504000000, 0x0000000504000000| Untracked 
|1155|0x0000000505000000, 0x0000000505000000, 0x0000000506000000|  0%| F|  |TAMS 0x0000000505000000, 0x0000000505000000| Untracked 
|1156|0x0000000506000000, 0x0000000506000000, 0x0000000507000000|  0%| F|  |TAMS 0x0000000506000000, 0x0000000506000000| Untracked 
|1157|0x0000000507000000, 0x0000000507000000, 0x0000000508000000|  0%| F|  |TAMS 0x0000000507000000, 0x0000000507000000| Untracked 
|1158|0x0000000508000000, 0x0000000508000000, 0x0000000509000000|  0%| F|  |TAMS 0x0000000508000000, 0x0000000508000000| Untracked 
|1159|0x0000000509000000, 0x0000000509000000, 0x000000050a000000|  0%| F|  |TAMS 0x0000000509000000, 0x0000000509000000| Untracked 
|1160|0x000000050a000000, 0x000000050a000000, 0x000000050b000000|  0%| F|  |TAMS 0x000000050a000000, 0x000000050a000000| Untracked 
|1161|0x000000050b000000, 0x000000050b000000, 0x000000050c000000|  0%| F|  |TAMS 0x000000050b000000, 0x000000050b000000| Untracked 
|1162|0x000000050c000000, 0x000000050c000000, 0x000000050d000000|  0%| F|  |TAMS 0x000000050c000000, 0x000000050c000000| Untracked 
|1163|0x000000050d000000, 0x000000050d000000, 0x000000050e000000|  0%| F|  |TAMS 0x000000050d000000, 0x000000050d000000| Untracked 
|1164|0x000000050e000000, 0x000000050e000000, 0x000000050f000000|  0%| F|  |TAMS 0x000000050e000000, 0x000000050e000000| Untracked 
|1165|0x000000050f000000, 0x000000050f000000, 0x0000000510000000|  0%| F|  |TAMS 0x000000050f000000, 0x000000050f000000| Untracked 
|1166|0x0000000510000000, 0x0000000510000000, 0x0000000511000000|  0%| F|  |TAMS 0x0000000510000000, 0x0000000510000000| Untracked 
|1167|0x0000000511000000, 0x0000000511000000, 0x0000000512000000|  0%| F|  |TAMS 0x0000000511000000, 0x0000000511000000| Untracked 
|1168|0x0000000512000000, 0x0000000512000000, 0x0000000513000000|  0%| F|  |TAMS 0x0000000512000000, 0x0000000512000000| Untracked 
|1169|0x0000000513000000, 0x0000000513000000, 0x0000000514000000|  0%| F|  |TAMS 0x0000000513000000, 0x0000000513000000| Untracked 
|1170|0x0000000514000000, 0x0000000514000000, 0x0000000515000000|  0%| F|  |TAMS 0x0000000514000000, 0x0000000514000000| Untracked 
|1171|0x0000000515000000, 0x0000000515000000, 0x0000000516000000|  0%| F|  |TAMS 0x0000000515000000, 0x0000000515000000| Untracked 
|1172|0x0000000516000000, 0x0000000516000000, 0x0000000517000000|  0%| F|  |TAMS 0x0000000516000000, 0x0000000516000000| Untracked 
|1173|0x0000000517000000, 0x0000000517000000, 0x0000000518000000|  0%| F|  |TAMS 0x0000000517000000, 0x0000000517000000| Untracked 
|1174|0x0000000518000000, 0x0000000518000000, 0x0000000519000000|  0%| F|  |TAMS 0x0000000518000000, 0x0000000518000000| Untracked 
|1175|0x0000000519000000, 0x0000000519000000, 0x000000051a000000|  0%| F|  |TAMS 0x0000000519000000, 0x0000000519000000| Untracked 
|1176|0x000000051a000000, 0x000000051a000000, 0x000000051b000000|  0%| F|  |TAMS 0x000000051a000000, 0x000000051a000000| Untracked 
|1177|0x000000051b000000, 0x000000051b000000, 0x000000051c000000|  0%| F|  |TAMS 0x000000051b000000, 0x000000051b000000| Untracked 
|1178|0x000000051c000000, 0x000000051c000000, 0x000000051d000000|  0%| F|  |TAMS 0x000000051c000000, 0x000000051c000000| Untracked 
|1179|0x000000051d000000, 0x000000051d000000, 0x000000051e000000|  0%| F|  |TAMS 0x000000051d000000, 0x000000051d000000| Untracked 
|1180|0x000000051e000000, 0x000000051e000000, 0x000000051f000000|  0%| F|  |TAMS 0x000000051e000000, 0x000000051e000000| Untracked 
|1181|0x000000051f000000, 0x000000051f000000, 0x0000000520000000|  0%| F|  |TAMS 0x000000051f000000, 0x000000051f000000| Untracked 
|1182|0x0000000520000000, 0x0000000520000000, 0x0000000521000000|  0%| F|  |TAMS 0x0000000520000000, 0x0000000520000000| Untracked 
|1183|0x0000000521000000, 0x0000000521000000, 0x0000000522000000|  0%| F|  |TAMS 0x0000000521000000, 0x0000000521000000| Untracked 
|1184|0x0000000522000000, 0x0000000522000000, 0x0000000523000000|  0%| F|  |TAMS 0x0000000522000000, 0x0000000522000000| Untracked 
|1185|0x0000000523000000, 0x0000000523000000, 0x0000000524000000|  0%| F|  |TAMS 0x0000000523000000, 0x0000000523000000| Untracked 
|1186|0x0000000524000000, 0x0000000524000000, 0x0000000525000000|  0%| F|  |TAMS 0x0000000524000000, 0x0000000524000000| Untracked 
|1187|0x0000000525000000, 0x0000000525000000, 0x0000000526000000|  0%| F|  |TAMS 0x0000000525000000, 0x0000000525000000| Untracked 
|1188|0x0000000526000000, 0x0000000526000000, 0x0000000527000000|  0%| F|  |TAMS 0x0000000526000000, 0x0000000526000000| Untracked 
|1189|0x0000000527000000, 0x0000000527000000, 0x0000000528000000|  0%| F|  |TAMS 0x0000000527000000, 0x0000000527000000| Untracked 
|1190|0x0000000528000000, 0x0000000528000000, 0x0000000529000000|  0%| F|  |TAMS 0x0000000528000000, 0x0000000528000000| Untracked 
|1191|0x0000000529000000, 0x0000000529000000, 0x000000052a000000|  0%| F|  |TAMS 0x0000000529000000, 0x0000000529000000| Untracked 
|1192|0x000000052a000000, 0x000000052a000000, 0x000000052b000000|  0%| F|  |TAMS 0x000000052a000000, 0x000000052a000000| Untracked 
|1193|0x000000052b000000, 0x000000052b000000, 0x000000052c000000|  0%| F|  |TAMS 0x000000052b000000, 0x000000052b000000| Untracked 
|1194|0x000000052c000000, 0x000000052c000000, 0x000000052d000000|  0%| F|  |TAMS 0x000000052c000000, 0x000000052c000000| Untracked 
|1195|0x000000052d000000, 0x000000052d000000, 0x000000052e000000|  0%| F|  |TAMS 0x000000052d000000, 0x000000052d000000| Untracked 
|1196|0x000000052e000000, 0x000000052e000000, 0x000000052f000000|  0%| F|  |TAMS 0x000000052e000000, 0x000000052e000000| Untracked 
|1197|0x000000052f000000, 0x000000052f000000, 0x0000000530000000|  0%| F|  |TAMS 0x000000052f000000, 0x000000052f000000| Untracked 
|1198|0x0000000530000000, 0x0000000530000000, 0x0000000531000000|  0%| F|  |TAMS 0x0000000530000000, 0x0000000530000000| Untracked 
|1199|0x0000000531000000, 0x0000000531000000, 0x0000000532000000|  0%| F|  |TAMS 0x0000000531000000, 0x0000000531000000| Untracked 
|1200|0x0000000532000000, 0x0000000532000000, 0x0000000533000000|  0%| F|  |TAMS 0x0000000532000000, 0x0000000532000000| Untracked 
|1201|0x0000000533000000, 0x0000000533000000, 0x0000000534000000|  0%| F|  |TAMS 0x0000000533000000, 0x0000000533000000| Untracked 
|1202|0x0000000534000000, 0x0000000534000000, 0x0000000535000000|  0%| F|  |TAMS 0x0000000534000000, 0x0000000534000000| Untracked 
|1203|0x0000000535000000, 0x0000000535000000, 0x0000000536000000|  0%| F|  |TAMS 0x0000000535000000, 0x0000000535000000| Untracked 
|1204|0x0000000536000000, 0x0000000536000000, 0x0000000537000000|  0%| F|  |TAMS 0x0000000536000000, 0x0000000536000000| Untracked 
|1205|0x0000000537000000, 0x0000000537000000, 0x0000000538000000|  0%| F|  |TAMS 0x0000000537000000, 0x0000000537000000| Untracked 
|1206|0x0000000538000000, 0x0000000538000000, 0x0000000539000000|  0%| F|  |TAMS 0x0000000538000000, 0x0000000538000000| Untracked 
|1207|0x0000000539000000, 0x0000000539000000, 0x000000053a000000|  0%| F|  |TAMS 0x0000000539000000, 0x0000000539000000| Untracked 
|1208|0x000000053a000000, 0x000000053a000000, 0x000000053b000000|  0%| F|  |TAMS 0x000000053a000000, 0x000000053a000000| Untracked 
|1209|0x000000053b000000, 0x000000053b000000, 0x000000053c000000|  0%| F|  |TAMS 0x000000053b000000, 0x000000053b000000| Untracked 
|1210|0x000000053c000000, 0x000000053c000000, 0x000000053d000000|  0%| F|  |TAMS 0x000000053c000000, 0x000000053c000000| Untracked 
|1211|0x000000053d000000, 0x000000053d000000, 0x000000053e000000|  0%| F|  |TAMS 0x000000053d000000, 0x000000053d000000| Untracked 
|1212|0x000000053e000000, 0x000000053e000000, 0x000000053f000000|  0%| F|  |TAMS 0x000000053e000000, 0x000000053e000000| Untracked 
|1213|0x000000053f000000, 0x000000053f000000, 0x0000000540000000|  0%| F|  |TAMS 0x000000053f000000, 0x000000053f000000| Untracked 
|1214|0x0000000540000000, 0x0000000540000000, 0x0000000541000000|  0%| F|  |TAMS 0x0000000540000000, 0x0000000540000000| Untracked 
|1215|0x0000000541000000, 0x0000000541000000, 0x0000000542000000|  0%| F|  |TAMS 0x0000000541000000, 0x0000000541000000| Untracked 
|1216|0x0000000542000000, 0x0000000542000000, 0x0000000543000000|  0%| F|  |TAMS 0x0000000542000000, 0x0000000542000000| Untracked 
|1217|0x0000000543000000, 0x0000000543000000, 0x0000000544000000|  0%| F|  |TAMS 0x0000000543000000, 0x0000000543000000| Untracked 
|1218|0x0000000544000000, 0x0000000544000000, 0x0000000545000000|  0%| F|  |TAMS 0x0000000544000000, 0x0000000544000000| Untracked 
|1219|0x0000000545000000, 0x0000000545000000, 0x0000000546000000|  0%| F|  |TAMS 0x0000000545000000, 0x0000000545000000| Untracked 
|1220|0x0000000546000000, 0x0000000546000000, 0x0000000547000000|  0%| F|  |TAMS 0x0000000546000000, 0x0000000546000000| Untracked 
|1221|0x0000000547000000, 0x0000000547000000, 0x0000000548000000|  0%| F|  |TAMS 0x0000000547000000, 0x0000000547000000| Untracked 
|1222|0x0000000548000000, 0x0000000548000000, 0x0000000549000000|  0%| F|  |TAMS 0x0000000548000000, 0x0000000548000000| Untracked 
|1223|0x0000000549000000, 0x0000000549000000, 0x000000054a000000|  0%| F|  |TAMS 0x0000000549000000, 0x0000000549000000| Untracked 
|1224|0x000000054a000000, 0x000000054a000000, 0x000000054b000000|  0%| F|  |TAMS 0x000000054a000000, 0x000000054a000000| Untracked 
|1225|0x000000054b000000, 0x000000054b000000, 0x000000054c000000|  0%| F|  |TAMS 0x000000054b000000, 0x000000054b000000| Untracked 
|1226|0x000000054c000000, 0x000000054c000000, 0x000000054d000000|  0%| F|  |TAMS 0x000000054c000000, 0x000000054c000000| Untracked 
|1227|0x000000054d000000, 0x000000054d000000, 0x000000054e000000|  0%| F|  |TAMS 0x000000054d000000, 0x000000054d000000| Untracked 
|1228|0x000000054e000000, 0x000000054e000000, 0x000000054f000000|  0%| F|  |TAMS 0x000000054e000000, 0x000000054e000000| Untracked 
|1229|0x000000054f000000, 0x000000054f000000, 0x0000000550000000|  0%| F|  |TAMS 0x000000054f000000, 0x000000054f000000| Untracked 
|1230|0x0000000550000000, 0x0000000550000000, 0x0000000551000000|  0%| F|  |TAMS 0x0000000550000000, 0x0000000550000000| Untracked 
|1231|0x0000000551000000, 0x0000000551000000, 0x0000000552000000|  0%| F|  |TAMS 0x0000000551000000, 0x0000000551000000| Untracked 
|1232|0x0000000552000000, 0x0000000552000000, 0x0000000553000000|  0%| F|  |TAMS 0x0000000552000000, 0x0000000552000000| Untracked 
|1233|0x0000000553000000, 0x0000000553000000, 0x0000000554000000|  0%| F|  |TAMS 0x0000000553000000, 0x0000000553000000| Untracked 
|1234|0x0000000554000000, 0x0000000554000000, 0x0000000555000000|  0%| F|  |TAMS 0x0000000554000000, 0x0000000554000000| Untracked 
|1235|0x0000000555000000, 0x0000000555000000, 0x0000000556000000|  0%| F|  |TAMS 0x0000000555000000, 0x0000000555000000| Untracked 
|1236|0x0000000556000000, 0x0000000556000000, 0x0000000557000000|  0%| F|  |TAMS 0x0000000556000000, 0x0000000556000000| Untracked 
|1237|0x0000000557000000, 0x0000000557000000, 0x0000000558000000|  0%| F|  |TAMS 0x0000000557000000, 0x0000000557000000| Untracked 
|1238|0x0000000558000000, 0x0000000558000000, 0x0000000559000000|  0%| F|  |TAMS 0x0000000558000000, 0x0000000558000000| Untracked 
|1239|0x0000000559000000, 0x0000000559000000, 0x000000055a000000|  0%| F|  |TAMS 0x0000000559000000, 0x0000000559000000| Untracked 
|1240|0x000000055a000000, 0x000000055a000000, 0x000000055b000000|  0%| F|  |TAMS 0x000000055a000000, 0x000000055a000000| Untracked 
|1241|0x000000055b000000, 0x000000055b000000, 0x000000055c000000|  0%| F|  |TAMS 0x000000055b000000, 0x000000055b000000| Untracked 
|1242|0x000000055c000000, 0x000000055c000000, 0x000000055d000000|  0%| F|  |TAMS 0x000000055c000000, 0x000000055c000000| Untracked 
|1243|0x000000055d000000, 0x000000055d000000, 0x000000055e000000|  0%| F|  |TAMS 0x000000055d000000, 0x000000055d000000| Untracked 
|1244|0x000000055e000000, 0x000000055e000000, 0x000000055f000000|  0%| F|  |TAMS 0x000000055e000000, 0x000000055e000000| Untracked 
|1245|0x000000055f000000, 0x000000055f000000, 0x0000000560000000|  0%| F|  |TAMS 0x000000055f000000, 0x000000055f000000| Untracked 
|1246|0x0000000560000000, 0x0000000560000000, 0x0000000561000000|  0%| F|  |TAMS 0x0000000560000000, 0x0000000560000000| Untracked 
|1247|0x0000000561000000, 0x0000000561000000, 0x0000000562000000|  0%| F|  |TAMS 0x0000000561000000, 0x0000000561000000| Untracked 
|1248|0x0000000562000000, 0x0000000562000000, 0x0000000563000000|  0%| F|  |TAMS 0x0000000562000000, 0x0000000562000000| Untracked 
|1249|0x0000000563000000, 0x0000000563000000, 0x0000000564000000|  0%| F|  |TAMS 0x0000000563000000, 0x0000000563000000| Untracked 
|1250|0x0000000564000000, 0x0000000564000000, 0x0000000565000000|  0%| F|  |TAMS 0x0000000564000000, 0x0000000564000000| Untracked 
|1251|0x0000000565000000, 0x0000000565000000, 0x0000000566000000|  0%| F|  |TAMS 0x0000000565000000, 0x0000000565000000| Untracked 
|1252|0x0000000566000000, 0x0000000566000000, 0x0000000567000000|  0%| F|  |TAMS 0x0000000566000000, 0x0000000566000000| Untracked 
|1253|0x0000000567000000, 0x0000000567000000, 0x0000000568000000|  0%| F|  |TAMS 0x0000000567000000, 0x0000000567000000| Untracked 
|1254|0x0000000568000000, 0x0000000568000000, 0x0000000569000000|  0%| F|  |TAMS 0x0000000568000000, 0x0000000568000000| Untracked 
|1255|0x0000000569000000, 0x0000000569000000, 0x000000056a000000|  0%| F|  |TAMS 0x0000000569000000, 0x0000000569000000| Untracked 
|1256|0x000000056a000000, 0x000000056a000000, 0x000000056b000000|  0%| F|  |TAMS 0x000000056a000000, 0x000000056a000000| Untracked 
|1257|0x000000056b000000, 0x000000056b000000, 0x000000056c000000|  0%| F|  |TAMS 0x000000056b000000, 0x000000056b000000| Untracked 
|1258|0x000000056c000000, 0x000000056c000000, 0x000000056d000000|  0%| F|  |TAMS 0x000000056c000000, 0x000000056c000000| Untracked 
|1259|0x000000056d000000, 0x000000056d000000, 0x000000056e000000|  0%| F|  |TAMS 0x000000056d000000, 0x000000056d000000| Untracked 
|1260|0x000000056e000000, 0x000000056e000000, 0x000000056f000000|  0%| F|  |TAMS 0x000000056e000000, 0x000000056e000000| Untracked 
|1261|0x000000056f000000, 0x000000056f000000, 0x0000000570000000|  0%| F|  |TAMS 0x000000056f000000, 0x000000056f000000| Untracked 
|1262|0x0000000570000000, 0x0000000570000000, 0x0000000571000000|  0%| F|  |TAMS 0x0000000570000000, 0x0000000570000000| Untracked 
|1263|0x0000000571000000, 0x0000000571000000, 0x0000000572000000|  0%| F|  |TAMS 0x0000000571000000, 0x0000000571000000| Untracked 
|1264|0x0000000572000000, 0x0000000572000000, 0x0000000573000000|  0%| F|  |TAMS 0x0000000572000000, 0x0000000572000000| Untracked 
|1265|0x0000000573000000, 0x0000000573000000, 0x0000000574000000|  0%| F|  |TAMS 0x0000000573000000, 0x0000000573000000| Untracked 
|1266|0x0000000574000000, 0x0000000574000000, 0x0000000575000000|  0%| F|  |TAMS 0x0000000574000000, 0x0000000574000000| Untracked 
|1267|0x0000000575000000, 0x0000000575000000, 0x0000000576000000|  0%| F|  |TAMS 0x0000000575000000, 0x0000000575000000| Untracked 
|1268|0x0000000576000000, 0x0000000576000000, 0x0000000577000000|  0%| F|  |TAMS 0x0000000576000000, 0x0000000576000000| Untracked 
|1269|0x0000000577000000, 0x0000000577000000, 0x0000000578000000|  0%| F|  |TAMS 0x0000000577000000, 0x0000000577000000| Untracked 
|1270|0x0000000578000000, 0x0000000578000000, 0x0000000579000000|  0%| F|  |TAMS 0x0000000578000000, 0x0000000578000000| Untracked 
|1271|0x0000000579000000, 0x0000000579000000, 0x000000057a000000|  0%| F|  |TAMS 0x0000000579000000, 0x0000000579000000| Untracked 
|1272|0x000000057a000000, 0x000000057a000000, 0x000000057b000000|  0%| F|  |TAMS 0x000000057a000000, 0x000000057a000000| Untracked 
|1273|0x000000057b000000, 0x000000057b000000, 0x000000057c000000|  0%| F|  |TAMS 0x000000057b000000, 0x000000057b000000| Untracked 
|1274|0x000000057c000000, 0x000000057c000000, 0x000000057d000000|  0%| F|  |TAMS 0x000000057c000000, 0x000000057c000000| Untracked 
|1275|0x000000057d000000, 0x000000057d000000, 0x000000057e000000|  0%| F|  |TAMS 0x000000057d000000, 0x000000057d000000| Untracked 
|1276|0x000000057e000000, 0x000000057e000000, 0x000000057f000000|  0%| F|  |TAMS 0x000000057e000000, 0x000000057e000000| Untracked 
|1277|0x000000057f000000, 0x000000057f000000, 0x0000000580000000|  0%| F|  |TAMS 0x000000057f000000, 0x000000057f000000| Untracked 
|1278|0x0000000580000000, 0x0000000580000000, 0x0000000581000000|  0%| F|  |TAMS 0x0000000580000000, 0x0000000580000000| Untracked 
|1279|0x0000000581000000, 0x0000000581000000, 0x0000000582000000|  0%| F|  |TAMS 0x0000000581000000, 0x0000000581000000| Untracked 
|1280|0x0000000582000000, 0x0000000582000000, 0x0000000583000000|  0%| F|  |TAMS 0x0000000582000000, 0x0000000582000000| Untracked 
|1281|0x0000000583000000, 0x0000000583000000, 0x0000000584000000|  0%| F|  |TAMS 0x0000000583000000, 0x0000000583000000| Untracked 
|1282|0x0000000584000000, 0x0000000584000000, 0x0000000585000000|  0%| F|  |TAMS 0x0000000584000000, 0x0000000584000000| Untracked 
|1283|0x0000000585000000, 0x0000000585000000, 0x0000000586000000|  0%| F|  |TAMS 0x0000000585000000, 0x0000000585000000| Untracked 
|1284|0x0000000586000000, 0x0000000586000000, 0x0000000587000000|  0%| F|  |TAMS 0x0000000586000000, 0x0000000586000000| Untracked 
|1285|0x0000000587000000, 0x0000000587000000, 0x0000000588000000|  0%| F|  |TAMS 0x0000000587000000, 0x0000000587000000| Untracked 
|1286|0x0000000588000000, 0x0000000588000000, 0x0000000589000000|  0%| F|  |TAMS 0x0000000588000000, 0x0000000588000000| Untracked 
|1287|0x0000000589000000, 0x0000000589000000, 0x000000058a000000|  0%| F|  |TAMS 0x0000000589000000, 0x0000000589000000| Untracked 
|1288|0x000000058a000000, 0x000000058a000000, 0x000000058b000000|  0%| F|  |TAMS 0x000000058a000000, 0x000000058a000000| Untracked 
|1289|0x000000058b000000, 0x000000058b000000, 0x000000058c000000|  0%| F|  |TAMS 0x000000058b000000, 0x000000058b000000| Untracked 
|1290|0x000000058c000000, 0x000000058c000000, 0x000000058d000000|  0%| F|  |TAMS 0x000000058c000000, 0x000000058c000000| Untracked 
|1291|0x000000058d000000, 0x000000058d000000, 0x000000058e000000|  0%| F|  |TAMS 0x000000058d000000, 0x000000058d000000| Untracked 
|1292|0x000000058e000000, 0x000000058e000000, 0x000000058f000000|  0%| F|  |TAMS 0x000000058e000000, 0x000000058e000000| Untracked 
|1293|0x000000058f000000, 0x000000058f000000, 0x0000000590000000|  0%| F|  |TAMS 0x000000058f000000, 0x000000058f000000| Untracked 
|1294|0x0000000590000000, 0x0000000590000000, 0x0000000591000000|  0%| F|  |TAMS 0x0000000590000000, 0x0000000590000000| Untracked 
|1295|0x0000000591000000, 0x0000000591000000, 0x0000000592000000|  0%| F|  |TAMS 0x0000000591000000, 0x0000000591000000| Untracked 
|1296|0x0000000592000000, 0x0000000592000000, 0x0000000593000000|  0%| F|  |TAMS 0x0000000592000000, 0x0000000592000000| Untracked 
|1297|0x0000000593000000, 0x0000000593000000, 0x0000000594000000|  0%| F|  |TAMS 0x0000000593000000, 0x0000000593000000| Untracked 
|1298|0x0000000594000000, 0x0000000594000000, 0x0000000595000000|  0%| F|  |TAMS 0x0000000594000000, 0x0000000594000000| Untracked 
|1299|0x0000000595000000, 0x0000000595000000, 0x0000000596000000|  0%| F|  |TAMS 0x0000000595000000, 0x0000000595000000| Untracked 
|1300|0x0000000596000000, 0x0000000596000000, 0x0000000597000000|  0%| F|  |TAMS 0x0000000596000000, 0x0000000596000000| Untracked 
|1301|0x0000000597000000, 0x0000000597000000, 0x0000000598000000|  0%| F|  |TAMS 0x0000000597000000, 0x0000000597000000| Untracked 
|1302|0x0000000598000000, 0x0000000598000000, 0x0000000599000000|  0%| F|  |TAMS 0x0000000598000000, 0x0000000598000000| Untracked 
|1303|0x0000000599000000, 0x0000000599000000, 0x000000059a000000|  0%| F|  |TAMS 0x0000000599000000, 0x0000000599000000| Untracked 
|1304|0x000000059a000000, 0x000000059a000000, 0x000000059b000000|  0%| F|  |TAMS 0x000000059a000000, 0x000000059a000000| Untracked 
|1305|0x000000059b000000, 0x000000059b000000, 0x000000059c000000|  0%| F|  |TAMS 0x000000059b000000, 0x000000059b000000| Untracked 
|1306|0x000000059c000000, 0x000000059c000000, 0x000000059d000000|  0%| F|  |TAMS 0x000000059c000000, 0x000000059c000000| Untracked 
|1307|0x000000059d000000, 0x000000059d000000, 0x000000059e000000|  0%| F|  |TAMS 0x000000059d000000, 0x000000059d000000| Untracked 
|1308|0x000000059e000000, 0x000000059e000000, 0x000000059f000000|  0%| F|  |TAMS 0x000000059e000000, 0x000000059e000000| Untracked 
|1309|0x000000059f000000, 0x000000059f000000, 0x00000005a0000000|  0%| F|  |TAMS 0x000000059f000000, 0x000000059f000000| Untracked 
|1310|0x00000005a0000000, 0x00000005a0000000, 0x00000005a1000000|  0%| F|  |TAMS 0x00000005a0000000, 0x00000005a0000000| Untracked 
|1311|0x00000005a1000000, 0x00000005a1000000, 0x00000005a2000000|  0%| F|  |TAMS 0x00000005a1000000, 0x00000005a1000000| Untracked 
|1312|0x00000005a2000000, 0x00000005a2000000, 0x00000005a3000000|  0%| F|  |TAMS 0x00000005a2000000, 0x00000005a2000000| Untracked 
|1313|0x00000005a3000000, 0x00000005a3000000, 0x00000005a4000000|  0%| F|  |TAMS 0x00000005a3000000, 0x00000005a3000000| Untracked 
|1314|0x00000005a4000000, 0x00000005a4000000, 0x00000005a5000000|  0%| F|  |TAMS 0x00000005a4000000, 0x00000005a4000000| Untracked 
|1315|0x00000005a5000000, 0x00000005a5000000, 0x00000005a6000000|  0%| F|  |TAMS 0x00000005a5000000, 0x00000005a5000000| Untracked 
|1316|0x00000005a6000000, 0x00000005a6000000, 0x00000005a7000000|  0%| F|  |TAMS 0x00000005a6000000, 0x00000005a6000000| Untracked 
|1317|0x00000005a7000000, 0x00000005a7000000, 0x00000005a8000000|  0%| F|  |TAMS 0x00000005a7000000, 0x00000005a7000000| Untracked 
|1318|0x00000005a8000000, 0x00000005a8000000, 0x00000005a9000000|  0%| F|  |TAMS 0x00000005a8000000, 0x00000005a8000000| Untracked 
|1319|0x00000005a9000000, 0x00000005a9000000, 0x00000005aa000000|  0%| F|  |TAMS 0x00000005a9000000, 0x00000005a9000000| Untracked 
|1320|0x00000005aa000000, 0x00000005aa000000, 0x00000005ab000000|  0%| F|  |TAMS 0x00000005aa000000, 0x00000005aa000000| Untracked 
|1321|0x00000005ab000000, 0x00000005ab000000, 0x00000005ac000000|  0%| F|  |TAMS 0x00000005ab000000, 0x00000005ab000000| Untracked 
|1322|0x00000005ac000000, 0x00000005ac000000, 0x00000005ad000000|  0%| F|  |TAMS 0x00000005ac000000, 0x00000005ac000000| Untracked 
|1323|0x00000005ad000000, 0x00000005ad000000, 0x00000005ae000000|  0%| F|  |TAMS 0x00000005ad000000, 0x00000005ad000000| Untracked 
|1324|0x00000005ae000000, 0x00000005ae000000, 0x00000005af000000|  0%| F|  |TAMS 0x00000005ae000000, 0x00000005ae000000| Untracked 
|1325|0x00000005af000000, 0x00000005af000000, 0x00000005b0000000|  0%| F|  |TAMS 0x00000005af000000, 0x00000005af000000| Untracked 
|1326|0x00000005b0000000, 0x00000005b0000000, 0x00000005b1000000|  0%| F|  |TAMS 0x00000005b0000000, 0x00000005b0000000| Untracked 
|1327|0x00000005b1000000, 0x00000005b1000000, 0x00000005b2000000|  0%| F|  |TAMS 0x00000005b1000000, 0x00000005b1000000| Untracked 
|1328|0x00000005b2000000, 0x00000005b2000000, 0x00000005b3000000|  0%| F|  |TAMS 0x00000005b2000000, 0x00000005b2000000| Untracked 
|1329|0x00000005b3000000, 0x00000005b3000000, 0x00000005b4000000|  0%| F|  |TAMS 0x00000005b3000000, 0x00000005b3000000| Untracked 
|1330|0x00000005b4000000, 0x00000005b4000000, 0x00000005b5000000|  0%| F|  |TAMS 0x00000005b4000000, 0x00000005b4000000| Untracked 
|1331|0x00000005b5000000, 0x00000005b5000000, 0x00000005b6000000|  0%| F|  |TAMS 0x00000005b5000000, 0x00000005b5000000| Untracked 
|1332|0x00000005b6000000, 0x00000005b6000000, 0x00000005b7000000|  0%| F|  |TAMS 0x00000005b6000000, 0x00000005b6000000| Untracked 
|1333|0x00000005b7000000, 0x00000005b7000000, 0x00000005b8000000|  0%| F|  |TAMS 0x00000005b7000000, 0x00000005b7000000| Untracked 
|1334|0x00000005b8000000, 0x00000005b8000000, 0x00000005b9000000|  0%| F|  |TAMS 0x00000005b8000000, 0x00000005b8000000| Untracked 
|1335|0x00000005b9000000, 0x00000005b9000000, 0x00000005ba000000|  0%| F|  |TAMS 0x00000005b9000000, 0x00000005b9000000| Untracked 
|1336|0x00000005ba000000, 0x00000005ba000000, 0x00000005bb000000|  0%| F|  |TAMS 0x00000005ba000000, 0x00000005ba000000| Untracked 
|1337|0x00000005bb000000, 0x00000005bb000000, 0x00000005bc000000|  0%| F|  |TAMS 0x00000005bb000000, 0x00000005bb000000| Untracked 
|1338|0x00000005bc000000, 0x00000005bc000000, 0x00000005bd000000|  0%| F|  |TAMS 0x00000005bc000000, 0x00000005bc000000| Untracked 
|1339|0x00000005bd000000, 0x00000005bd000000, 0x00000005be000000|  0%| F|  |TAMS 0x00000005bd000000, 0x00000005bd000000| Untracked 
|1340|0x00000005be000000, 0x00000005be000000, 0x00000005bf000000|  0%| F|  |TAMS 0x00000005be000000, 0x00000005be000000| Untracked 
|1341|0x00000005bf000000, 0x00000005bf000000, 0x00000005c0000000|  0%| F|  |TAMS 0x00000005bf000000, 0x00000005bf000000| Untracked 
|1342|0x00000005c0000000, 0x00000005c0000000, 0x00000005c1000000|  0%| F|  |TAMS 0x00000005c0000000, 0x00000005c0000000| Untracked 
|1343|0x00000005c1000000, 0x00000005c1000000, 0x00000005c2000000|  0%| F|  |TAMS 0x00000005c1000000, 0x00000005c1000000| Untracked 
|1344|0x00000005c2000000, 0x00000005c2000000, 0x00000005c3000000|  0%| F|  |TAMS 0x00000005c2000000, 0x00000005c2000000| Untracked 
|1345|0x00000005c3000000, 0x00000005c3000000, 0x00000005c4000000|  0%| F|  |TAMS 0x00000005c3000000, 0x00000005c3000000| Untracked 
|1346|0x00000005c4000000, 0x00000005c4000000, 0x00000005c5000000|  0%| F|  |TAMS 0x00000005c4000000, 0x00000005c4000000| Untracked 
|1347|0x00000005c5000000, 0x00000005c5000000, 0x00000005c6000000|  0%| F|  |TAMS 0x00000005c5000000, 0x00000005c5000000| Untracked 
|1348|0x00000005c6000000, 0x00000005c6000000, 0x00000005c7000000|  0%| F|  |TAMS 0x00000005c6000000, 0x00000005c6000000| Untracked 
|1349|0x00000005c7000000, 0x00000005c7000000, 0x00000005c8000000|  0%| F|  |TAMS 0x00000005c7000000, 0x00000005c7000000| Untracked 
|1350|0x00000005c8000000, 0x00000005c8000000, 0x00000005c9000000|  0%| F|  |TAMS 0x00000005c8000000, 0x00000005c8000000| Untracked 
|1351|0x00000005c9000000, 0x00000005c9000000, 0x00000005ca000000|  0%| F|  |TAMS 0x00000005c9000000, 0x00000005c9000000| Untracked 
|1352|0x00000005ca000000, 0x00000005ca000000, 0x00000005cb000000|  0%| F|  |TAMS 0x00000005ca000000, 0x00000005ca000000| Untracked 
|1353|0x00000005cb000000, 0x00000005cb000000, 0x00000005cc000000|  0%| F|  |TAMS 0x00000005cb000000, 0x00000005cb000000| Untracked 
|1354|0x00000005cc000000, 0x00000005cc000000, 0x00000005cd000000|  0%| F|  |TAMS 0x00000005cc000000, 0x00000005cc000000| Untracked 
|1355|0x00000005cd000000, 0x00000005cd000000, 0x00000005ce000000|  0%| F|  |TAMS 0x00000005cd000000, 0x00000005cd000000| Untracked 
|1356|0x00000005ce000000, 0x00000005ce000000, 0x00000005cf000000|  0%| F|  |TAMS 0x00000005ce000000, 0x00000005ce000000| Untracked 
|1357|0x00000005cf000000, 0x00000005cf000000, 0x00000005d0000000|  0%| F|  |TAMS 0x00000005cf000000, 0x00000005cf000000| Untracked 
|1358|0x00000005d0000000, 0x00000005d0000000, 0x00000005d1000000|  0%| F|  |TAMS 0x00000005d0000000, 0x00000005d0000000| Untracked 
|1359|0x00000005d1000000, 0x00000005d1000000, 0x00000005d2000000|  0%| F|  |TAMS 0x00000005d1000000, 0x00000005d1000000| Untracked 
|1360|0x00000005d2000000, 0x00000005d2000000, 0x00000005d3000000|  0%| F|  |TAMS 0x00000005d2000000, 0x00000005d2000000| Untracked 
|1361|0x00000005d3000000, 0x00000005d3000000, 0x00000005d4000000|  0%| F|  |TAMS 0x00000005d3000000, 0x00000005d3000000| Untracked 
|1362|0x00000005d4000000, 0x00000005d4000000, 0x00000005d5000000|  0%| F|  |TAMS 0x00000005d4000000, 0x00000005d4000000| Untracked 
|1363|0x00000005d5000000, 0x00000005d5000000, 0x00000005d6000000|  0%| F|  |TAMS 0x00000005d5000000, 0x00000005d5000000| Untracked 
|1364|0x00000005d6000000, 0x00000005d6000000, 0x00000005d7000000|  0%| F|  |TAMS 0x00000005d6000000, 0x00000005d6000000| Untracked 
|1365|0x00000005d7000000, 0x00000005d7000000, 0x00000005d8000000|  0%| F|  |TAMS 0x00000005d7000000, 0x00000005d7000000| Untracked 
|1366|0x00000005d8000000, 0x00000005d8000000, 0x00000005d9000000|  0%| F|  |TAMS 0x00000005d8000000, 0x00000005d8000000| Untracked 
|1367|0x00000005d9000000, 0x00000005d9000000, 0x00000005da000000|  0%| F|  |TAMS 0x00000005d9000000, 0x00000005d9000000| Untracked 
|1368|0x00000005da000000, 0x00000005da000000, 0x00000005db000000|  0%| F|  |TAMS 0x00000005da000000, 0x00000005da000000| Untracked 
|1369|0x00000005db000000, 0x00000005db000000, 0x00000005dc000000|  0%| F|  |TAMS 0x00000005db000000, 0x00000005db000000| Untracked 
|1370|0x00000005dc000000, 0x00000005dc000000, 0x00000005dd000000|  0%| F|  |TAMS 0x00000005dc000000, 0x00000005dc000000| Untracked 
|1371|0x00000005dd000000, 0x00000005dd000000, 0x00000005de000000|  0%| F|  |TAMS 0x00000005dd000000, 0x00000005dd000000| Untracked 
|1372|0x00000005de000000, 0x00000005de000000, 0x00000005df000000|  0%| F|  |TAMS 0x00000005de000000, 0x00000005de000000| Untracked 
|1373|0x00000005df000000, 0x00000005df000000, 0x00000005e0000000|  0%| F|  |TAMS 0x00000005df000000, 0x00000005df000000| Untracked 
|1374|0x00000005e0000000, 0x00000005e0000000, 0x00000005e1000000|  0%| F|  |TAMS 0x00000005e0000000, 0x00000005e0000000| Untracked 
|1375|0x00000005e1000000, 0x00000005e1000000, 0x00000005e2000000|  0%| F|  |TAMS 0x00000005e1000000, 0x00000005e1000000| Untracked 
|1376|0x00000005e2000000, 0x00000005e2000000, 0x00000005e3000000|  0%| F|  |TAMS 0x00000005e2000000, 0x00000005e2000000| Untracked 
|1377|0x00000005e3000000, 0x00000005e3000000, 0x00000005e4000000|  0%| F|  |TAMS 0x00000005e3000000, 0x00000005e3000000| Untracked 
|1378|0x00000005e4000000, 0x00000005e4000000, 0x00000005e5000000|  0%| F|  |TAMS 0x00000005e4000000, 0x00000005e4000000| Untracked 
|1379|0x00000005e5000000, 0x00000005e5000000, 0x00000005e6000000|  0%| F|  |TAMS 0x00000005e5000000, 0x00000005e5000000| Untracked 
|1380|0x00000005e6000000, 0x00000005e6000000, 0x00000005e7000000|  0%| F|  |TAMS 0x00000005e6000000, 0x00000005e6000000| Untracked 
|1381|0x00000005e7000000, 0x00000005e7000000, 0x00000005e8000000|  0%| F|  |TAMS 0x00000005e7000000, 0x00000005e7000000| Untracked 
|1382|0x00000005e8000000, 0x00000005e8000000, 0x00000005e9000000|  0%| F|  |TAMS 0x00000005e8000000, 0x00000005e8000000| Untracked 
|1383|0x00000005e9000000, 0x00000005e9000000, 0x00000005ea000000|  0%| F|  |TAMS 0x00000005e9000000, 0x00000005e9000000| Untracked 
|1384|0x00000005ea000000, 0x00000005ea000000, 0x00000005eb000000|  0%| F|  |TAMS 0x00000005ea000000, 0x00000005ea000000| Untracked 
|1385|0x00000005eb000000, 0x00000005eb000000, 0x00000005ec000000|  0%| F|  |TAMS 0x00000005eb000000, 0x00000005eb000000| Untracked 
|1386|0x00000005ec000000, 0x00000005ec000000, 0x00000005ed000000|  0%| F|  |TAMS 0x00000005ec000000, 0x00000005ec000000| Untracked 
|1387|0x00000005ed000000, 0x00000005ed000000, 0x00000005ee000000|  0%| F|  |TAMS 0x00000005ed000000, 0x00000005ed000000| Untracked 
|1388|0x00000005ee000000, 0x00000005ee000000, 0x00000005ef000000|  0%| F|  |TAMS 0x00000005ee000000, 0x00000005ee000000| Untracked 
|1389|0x00000005ef000000, 0x00000005ef000000, 0x00000005f0000000|  0%| F|  |TAMS 0x00000005ef000000, 0x00000005ef000000| Untracked 
|1390|0x00000005f0000000, 0x00000005f0000000, 0x00000005f1000000|  0%| F|  |TAMS 0x00000005f0000000, 0x00000005f0000000| Untracked 
|1391|0x00000005f1000000, 0x00000005f1000000, 0x00000005f2000000|  0%| F|  |TAMS 0x00000005f1000000, 0x00000005f1000000| Untracked 
|1392|0x00000005f2000000, 0x00000005f2000000, 0x00000005f3000000|  0%| F|  |TAMS 0x00000005f2000000, 0x00000005f2000000| Untracked 
|1393|0x00000005f3000000, 0x00000005f3000000, 0x00000005f4000000|  0%| F|  |TAMS 0x00000005f3000000, 0x00000005f3000000| Untracked 
|1394|0x00000005f4000000, 0x00000005f4000000, 0x00000005f5000000|  0%| F|  |TAMS 0x00000005f4000000, 0x00000005f4000000| Untracked 
|1395|0x00000005f5000000, 0x00000005f5000000, 0x00000005f6000000|  0%| F|  |TAMS 0x00000005f5000000, 0x00000005f5000000| Untracked 
|1396|0x00000005f6000000, 0x00000005f6000000, 0x00000005f7000000|  0%| F|  |TAMS 0x00000005f6000000, 0x00000005f6000000| Untracked 
|1397|0x00000005f7000000, 0x00000005f7000000, 0x00000005f8000000|  0%| F|  |TAMS 0x00000005f7000000, 0x00000005f7000000| Untracked 
|1398|0x00000005f8000000, 0x00000005f8000000, 0x00000005f9000000|  0%| F|  |TAMS 0x00000005f8000000, 0x00000005f8000000| Untracked 
|1399|0x00000005f9000000, 0x00000005f9000000, 0x00000005fa000000|  0%| F|  |TAMS 0x00000005f9000000, 0x00000005f9000000| Untracked 
|1400|0x00000005fa000000, 0x00000005fa000000, 0x00000005fb000000|  0%| F|  |TAMS 0x00000005fa000000, 0x00000005fa000000| Untracked 
|1401|0x00000005fb000000, 0x00000005fb000000, 0x00000005fc000000|  0%| F|  |TAMS 0x00000005fb000000, 0x00000005fb000000| Untracked 
|1402|0x00000005fc000000, 0x00000005fc000000, 0x00000005fd000000|  0%| F|  |TAMS 0x00000005fc000000, 0x00000005fc000000| Untracked 
|1403|0x00000005fd000000, 0x00000005fd000000, 0x00000005fe000000|  0%| F|  |TAMS 0x00000005fd000000, 0x00000005fd000000| Untracked 
|1404|0x00000005fe000000, 0x00000005fe000000, 0x00000005ff000000|  0%| F|  |TAMS 0x00000005fe000000, 0x00000005fe000000| Untracked 
|1405|0x00000005ff000000, 0x00000005ff000000, 0x0000000600000000|  0%| F|  |TAMS 0x00000005ff000000, 0x00000005ff000000| Untracked 
|1406|0x0000000600000000, 0x0000000600000000, 0x0000000601000000|  0%| F|  |TAMS 0x0000000600000000, 0x0000000600000000| Untracked 
|1407|0x0000000601000000, 0x0000000601000000, 0x0000000602000000|  0%| F|  |TAMS 0x0000000601000000, 0x0000000601000000| Untracked 
|1408|0x0000000602000000, 0x0000000602000000, 0x0000000603000000|  0%| F|  |TAMS 0x0000000602000000, 0x0000000602000000| Untracked 
|1409|0x0000000603000000, 0x0000000603000000, 0x0000000604000000|  0%| F|  |TAMS 0x0000000603000000, 0x0000000603000000| Untracked 
|1410|0x0000000604000000, 0x0000000604000000, 0x0000000605000000|  0%| F|  |TAMS 0x0000000604000000, 0x0000000604000000| Untracked 
|1411|0x0000000605000000, 0x0000000605000000, 0x0000000606000000|  0%| F|  |TAMS 0x0000000605000000, 0x0000000605000000| Untracked 
|1412|0x0000000606000000, 0x0000000606000000, 0x0000000607000000|  0%| F|  |TAMS 0x0000000606000000, 0x0000000606000000| Untracked 
|1413|0x0000000607000000, 0x0000000607000000, 0x0000000608000000|  0%| F|  |TAMS 0x0000000607000000, 0x0000000607000000| Untracked 
|1414|0x0000000608000000, 0x0000000608000000, 0x0000000609000000|  0%| F|  |TAMS 0x0000000608000000, 0x0000000608000000| Untracked 
|1415|0x0000000609000000, 0x0000000609000000, 0x000000060a000000|  0%| F|  |TAMS 0x0000000609000000, 0x0000000609000000| Untracked 
|1416|0x000000060a000000, 0x000000060a000000, 0x000000060b000000|  0%| F|  |TAMS 0x000000060a000000, 0x000000060a000000| Untracked 
|1417|0x000000060b000000, 0x000000060b000000, 0x000000060c000000|  0%| F|  |TAMS 0x000000060b000000, 0x000000060b000000| Untracked 
|1418|0x000000060c000000, 0x000000060c000000, 0x000000060d000000|  0%| F|  |TAMS 0x000000060c000000, 0x000000060c000000| Untracked 
|1419|0x000000060d000000, 0x000000060d000000, 0x000000060e000000|  0%| F|  |TAMS 0x000000060d000000, 0x000000060d000000| Untracked 
|1420|0x000000060e000000, 0x000000060e000000, 0x000000060f000000|  0%| F|  |TAMS 0x000000060e000000, 0x000000060e000000| Untracked 
|1421|0x000000060f000000, 0x000000060f000000, 0x0000000610000000|  0%| F|  |TAMS 0x000000060f000000, 0x000000060f000000| Untracked 
|1422|0x0000000610000000, 0x0000000610000000, 0x0000000611000000|  0%| F|  |TAMS 0x0000000610000000, 0x0000000610000000| Untracked 
|1423|0x0000000611000000, 0x0000000611000000, 0x0000000612000000|  0%| F|  |TAMS 0x0000000611000000, 0x0000000611000000| Untracked 
|1424|0x0000000612000000, 0x0000000612000000, 0x0000000613000000|  0%| F|  |TAMS 0x0000000612000000, 0x0000000612000000| Untracked 
|1425|0x0000000613000000, 0x0000000613000000, 0x0000000614000000|  0%| F|  |TAMS 0x0000000613000000, 0x0000000613000000| Untracked 
|1426|0x0000000614000000, 0x0000000614000000, 0x0000000615000000|  0%| F|  |TAMS 0x0000000614000000, 0x0000000614000000| Untracked 
|1427|0x0000000615000000, 0x0000000615000000, 0x0000000616000000|  0%| F|  |TAMS 0x0000000615000000, 0x0000000615000000| Untracked 
|1428|0x0000000616000000, 0x0000000616000000, 0x0000000617000000|  0%| F|  |TAMS 0x0000000616000000, 0x0000000616000000| Untracked 
|1429|0x0000000617000000, 0x0000000617000000, 0x0000000618000000|  0%| F|  |TAMS 0x0000000617000000, 0x0000000617000000| Untracked 
|1430|0x0000000618000000, 0x0000000618000000, 0x0000000619000000|  0%| F|  |TAMS 0x0000000618000000, 0x0000000618000000| Untracked 
|1431|0x0000000619000000, 0x0000000619000000, 0x000000061a000000|  0%| F|  |TAMS 0x0000000619000000, 0x0000000619000000| Untracked 
|1432|0x000000061a000000, 0x000000061a000000, 0x000000061b000000|  0%| F|  |TAMS 0x000000061a000000, 0x000000061a000000| Untracked 
|1433|0x000000061b000000, 0x000000061b000000, 0x000000061c000000|  0%| F|  |TAMS 0x000000061b000000, 0x000000061b000000| Untracked 
|1434|0x000000061c000000, 0x000000061c000000, 0x000000061d000000|  0%| F|  |TAMS 0x000000061c000000, 0x000000061c000000| Untracked 
|1435|0x000000061d000000, 0x000000061d000000, 0x000000061e000000|  0%| F|  |TAMS 0x000000061d000000, 0x000000061d000000| Untracked 
|1436|0x000000061e000000, 0x000000061e000000, 0x000000061f000000|  0%| F|  |TAMS 0x000000061e000000, 0x000000061e000000| Untracked 
|1437|0x000000061f000000, 0x000000061f000000, 0x0000000620000000|  0%| F|  |TAMS 0x000000061f000000, 0x000000061f000000| Untracked 
|1438|0x0000000620000000, 0x0000000620000000, 0x0000000621000000|  0%| F|  |TAMS 0x0000000620000000, 0x0000000620000000| Untracked 
|1439|0x0000000621000000, 0x0000000621000000, 0x0000000622000000|  0%| F|  |TAMS 0x0000000621000000, 0x0000000621000000| Untracked 
|1440|0x0000000622000000, 0x0000000622000000, 0x0000000623000000|  0%| F|  |TAMS 0x0000000622000000, 0x0000000622000000| Untracked 
|1441|0x0000000623000000, 0x0000000623000000, 0x0000000624000000|  0%| F|  |TAMS 0x0000000623000000, 0x0000000623000000| Untracked 
|1442|0x0000000624000000, 0x0000000624000000, 0x0000000625000000|  0%| F|  |TAMS 0x0000000624000000, 0x0000000624000000| Untracked 
|1443|0x0000000625000000, 0x0000000625000000, 0x0000000626000000|  0%| F|  |TAMS 0x0000000625000000, 0x0000000625000000| Untracked 
|1444|0x0000000626000000, 0x0000000626000000, 0x0000000627000000|  0%| F|  |TAMS 0x0000000626000000, 0x0000000626000000| Untracked 
|1445|0x0000000627000000, 0x0000000627000000, 0x0000000628000000|  0%| F|  |TAMS 0x0000000627000000, 0x0000000627000000| Untracked 
|1446|0x0000000628000000, 0x0000000628000000, 0x0000000629000000|  0%| F|  |TAMS 0x0000000628000000, 0x0000000628000000| Untracked 
|1447|0x0000000629000000, 0x0000000629000000, 0x000000062a000000|  0%| F|  |TAMS 0x0000000629000000, 0x0000000629000000| Untracked 
|1448|0x000000062a000000, 0x000000062a000000, 0x000000062b000000|  0%| F|  |TAMS 0x000000062a000000, 0x000000062a000000| Untracked 
|1449|0x000000062b000000, 0x000000062b000000, 0x000000062c000000|  0%| F|  |TAMS 0x000000062b000000, 0x000000062b000000| Untracked 
|1450|0x000000062c000000, 0x000000062c000000, 0x000000062d000000|  0%| F|  |TAMS 0x000000062c000000, 0x000000062c000000| Untracked 
|1451|0x000000062d000000, 0x000000062e000000, 0x000000062e000000|100%| S|CS|TAMS 0x000000062d000000, 0x000000062d000000| Complete 
|1452|0x000000062e000000, 0x000000062f000000, 0x000000062f000000|100%| S|CS|TAMS 0x000000062e000000, 0x000000062e000000| Complete 
|1453|0x000000062f000000, 0x0000000630000000, 0x0000000630000000|100%| S|CS|TAMS 0x000000062f000000, 0x000000062f000000| Complete 
|1454|0x0000000630000000, 0x0000000631000000, 0x0000000631000000|100%| S|CS|TAMS 0x0000000630000000, 0x0000000630000000| Complete 
|1455|0x0000000631000000, 0x0000000632000000, 0x0000000632000000|100%| S|CS|TAMS 0x0000000631000000, 0x0000000631000000| Complete 
|1456|0x0000000632000000, 0x0000000633000000, 0x0000000633000000|100%| S|CS|TAMS 0x0000000632000000, 0x0000000632000000| Complete 
|1457|0x0000000633000000, 0x0000000634000000, 0x0000000634000000|100%| S|CS|TAMS 0x0000000633000000, 0x0000000633000000| Complete 
|1458|0x0000000634000000, 0x0000000635000000, 0x0000000635000000|100%| S|CS|TAMS 0x0000000634000000, 0x0000000634000000| Complete 
|1459|0x0000000635000000, 0x0000000636000000, 0x0000000636000000|100%| S|CS|TAMS 0x0000000635000000, 0x0000000635000000| Complete 
|1460|0x0000000636000000, 0x0000000637000000, 0x0000000637000000|100%| S|CS|TAMS 0x0000000636000000, 0x0000000636000000| Complete 
|1461|0x0000000637000000, 0x0000000637000000, 0x0000000638000000|  0%| F|  |TAMS 0x0000000637000000, 0x0000000637000000| Untracked 
|1462|0x0000000638000000, 0x0000000638000000, 0x0000000639000000|  0%| F|  |TAMS 0x0000000638000000, 0x0000000638000000| Untracked 
|1463|0x0000000639000000, 0x0000000639000000, 0x000000063a000000|  0%| F|  |TAMS 0x0000000639000000, 0x0000000639000000| Untracked 
|1464|0x000000063a000000, 0x000000063a000000, 0x000000063b000000|  0%| F|  |TAMS 0x000000063a000000, 0x000000063a000000| Untracked 
|1465|0x000000063b000000, 0x000000063b000000, 0x000000063c000000|  0%| F|  |TAMS 0x000000063b000000, 0x000000063b000000| Untracked 
|1466|0x000000063c000000, 0x000000063c000000, 0x000000063d000000|  0%| F|  |TAMS 0x000000063c000000, 0x000000063c000000| Untracked 
|1467|0x000000063d000000, 0x000000063d000000, 0x000000063e000000|  0%| F|  |TAMS 0x000000063d000000, 0x000000063d000000| Untracked 
|1468|0x000000063e000000, 0x000000063e000000, 0x000000063f000000|  0%| F|  |TAMS 0x000000063e000000, 0x000000063e000000| Untracked 
|1469|0x000000063f000000, 0x000000063f000000, 0x0000000640000000|  0%| F|  |TAMS 0x000000063f000000, 0x000000063f000000| Untracked 
|1470|0x0000000640000000, 0x0000000640000000, 0x0000000641000000|  0%| F|  |TAMS 0x0000000640000000, 0x0000000640000000| Untracked 
|1471|0x0000000641000000, 0x0000000641000000, 0x0000000642000000|  0%| F|  |TAMS 0x0000000641000000, 0x0000000641000000| Untracked 
|1472|0x0000000642000000, 0x0000000642000000, 0x0000000643000000|  0%| F|  |TAMS 0x0000000642000000, 0x0000000642000000| Untracked 
|1473|0x0000000643000000, 0x0000000643000000, 0x0000000644000000|  0%| F|  |TAMS 0x0000000643000000, 0x0000000643000000| Untracked 
|1474|0x0000000644000000, 0x0000000645000000, 0x0000000645000000|100%| S|CS|TAMS 0x0000000644000000, 0x0000000644000000| Complete 
|1475|0x0000000645000000, 0x0000000646000000, 0x0000000646000000|100%| S|CS|TAMS 0x0000000645000000, 0x0000000645000000| Complete 
|1476|0x0000000646000000, 0x0000000647000000, 0x0000000647000000|100%| S|CS|TAMS 0x0000000646000000, 0x0000000646000000| Complete 
|1477|0x0000000647000000, 0x0000000648000000, 0x0000000648000000|100%| S|CS|TAMS 0x0000000647000000, 0x0000000647000000| Complete 
|1478|0x0000000648000000, 0x0000000648000000, 0x0000000649000000|  0%| F|  |TAMS 0x0000000648000000, 0x0000000648000000| Untracked 
|1479|0x0000000649000000, 0x0000000649000000, 0x000000064a000000|  0%| F|  |TAMS 0x0000000649000000, 0x0000000649000000| Untracked 
|1480|0x000000064a000000, 0x000000064a000000, 0x000000064b000000|  0%| F|  |TAMS 0x000000064a000000, 0x000000064a000000| Untracked 
|1481|0x000000064b000000, 0x000000064b000000, 0x000000064c000000|  0%| F|  |TAMS 0x000000064b000000, 0x000000064b000000| Untracked 
|1482|0x000000064c000000, 0x000000064c000000, 0x000000064d000000|  0%| F|  |TAMS 0x000000064c000000, 0x000000064c000000| Untracked 
|1483|0x000000064d000000, 0x000000064d000000, 0x000000064e000000|  0%| F|  |TAMS 0x000000064d000000, 0x000000064d000000| Untracked 
|1484|0x000000064e000000, 0x000000064e000000, 0x000000064f000000|  0%| F|  |TAMS 0x000000064e000000, 0x000000064e000000| Untracked 
|1485|0x000000064f000000, 0x000000064f000000, 0x0000000650000000|  0%| F|  |TAMS 0x000000064f000000, 0x000000064f000000| Untracked 
|1486|0x0000000650000000, 0x0000000650000000, 0x0000000651000000|  0%| F|  |TAMS 0x0000000650000000, 0x0000000650000000| Untracked 
|1487|0x0000000651000000, 0x0000000651000000, 0x0000000652000000|  0%| F|  |TAMS 0x0000000651000000, 0x0000000651000000| Untracked 
|1488|0x0000000652000000, 0x0000000652000000, 0x0000000653000000|  0%| F|  |TAMS 0x0000000652000000, 0x0000000652000000| Untracked 
|1489|0x0000000653000000, 0x0000000653000000, 0x0000000654000000|  0%| F|  |TAMS 0x0000000653000000, 0x0000000653000000| Untracked 
|1490|0x0000000654000000, 0x0000000654000000, 0x0000000655000000|  0%| F|  |TAMS 0x0000000654000000, 0x0000000654000000| Untracked 
|1491|0x0000000655000000, 0x0000000655000000, 0x0000000656000000|  0%| F|  |TAMS 0x0000000655000000, 0x0000000655000000| Untracked 
|1492|0x0000000656000000, 0x0000000656000000, 0x0000000657000000|  0%| F|  |TAMS 0x0000000656000000, 0x0000000656000000| Untracked 
|1493|0x0000000657000000, 0x0000000657000000, 0x0000000658000000|  0%| F|  |TAMS 0x0000000657000000, 0x0000000657000000| Untracked 
|1494|0x0000000658000000, 0x0000000658000000, 0x0000000659000000|  0%| F|  |TAMS 0x0000000658000000, 0x0000000658000000| Untracked 
|1495|0x0000000659000000, 0x0000000659000000, 0x000000065a000000|  0%| F|  |TAMS 0x0000000659000000, 0x0000000659000000| Untracked 
|1496|0x000000065a000000, 0x000000065a000000, 0x000000065b000000|  0%| F|  |TAMS 0x000000065a000000, 0x000000065a000000| Untracked 
|1497|0x000000065b000000, 0x000000065b000000, 0x000000065c000000|  0%| F|  |TAMS 0x000000065b000000, 0x000000065b000000| Untracked 
|1498|0x000000065c000000, 0x000000065c000000, 0x000000065d000000|  0%| F|  |TAMS 0x000000065c000000, 0x000000065c000000| Untracked 
|1499|0x000000065d000000, 0x000000065d000000, 0x000000065e000000|  0%| F|  |TAMS 0x000000065d000000, 0x000000065d000000| Untracked 
|1500|0x000000065e000000, 0x000000065e000000, 0x000000065f000000|  0%| F|  |TAMS 0x000000065e000000, 0x000000065e000000| Untracked 
|1501|0x000000065f000000, 0x000000065f000000, 0x0000000660000000|  0%| F|  |TAMS 0x000000065f000000, 0x000000065f000000| Untracked 
|1502|0x0000000660000000, 0x0000000660000000, 0x0000000661000000|  0%| F|  |TAMS 0x0000000660000000, 0x0000000660000000| Untracked 
|1503|0x0000000661000000, 0x0000000661000000, 0x0000000662000000|  0%| F|  |TAMS 0x0000000661000000, 0x0000000661000000| Untracked 
|1504|0x0000000662000000, 0x0000000662000000, 0x0000000663000000|  0%| F|  |TAMS 0x0000000662000000, 0x0000000662000000| Untracked 
|1505|0x0000000663000000, 0x0000000663000000, 0x0000000664000000|  0%| F|  |TAMS 0x0000000663000000, 0x0000000663000000| Untracked 
|1506|0x0000000664000000, 0x0000000664000000, 0x0000000665000000|  0%| F|  |TAMS 0x0000000664000000, 0x0000000664000000| Untracked 
|1507|0x0000000665000000, 0x0000000665000000, 0x0000000666000000|  0%| F|  |TAMS 0x0000000665000000, 0x0000000665000000| Untracked 
|1508|0x0000000666000000, 0x0000000666000000, 0x0000000667000000|  0%| F|  |TAMS 0x0000000666000000, 0x0000000666000000| Untracked 
|1509|0x0000000667000000, 0x0000000667000000, 0x0000000668000000|  0%| F|  |TAMS 0x0000000667000000, 0x0000000667000000| Untracked 
|1510|0x0000000668000000, 0x0000000668000000, 0x0000000669000000|  0%| F|  |TAMS 0x0000000668000000, 0x0000000668000000| Untracked 
|1511|0x0000000669000000, 0x0000000669000000, 0x000000066a000000|  0%| F|  |TAMS 0x0000000669000000, 0x0000000669000000| Untracked 
|1512|0x000000066a000000, 0x000000066a000000, 0x000000066b000000|  0%| F|  |TAMS 0x000000066a000000, 0x000000066a000000| Untracked 
|1513|0x000000066b000000, 0x000000066b000000, 0x000000066c000000|  0%| F|  |TAMS 0x000000066b000000, 0x000000066b000000| Untracked 
|1514|0x000000066c000000, 0x000000066c000000, 0x000000066d000000|  0%| F|  |TAMS 0x000000066c000000, 0x000000066c000000| Untracked 
|1515|0x000000066d000000, 0x000000066d000000, 0x000000066e000000|  0%| F|  |TAMS 0x000000066d000000, 0x000000066d000000| Untracked 
|1516|0x000000066e000000, 0x000000066e000000, 0x000000066f000000|  0%| F|  |TAMS 0x000000066e000000, 0x000000066e000000| Untracked 
|1517|0x000000066f000000, 0x000000066f000000, 0x0000000670000000|  0%| F|  |TAMS 0x000000066f000000, 0x000000066f000000| Untracked 
|1518|0x0000000670000000, 0x0000000670000000, 0x0000000671000000|  0%| F|  |TAMS 0x0000000670000000, 0x0000000670000000| Untracked 
|1519|0x0000000671000000, 0x0000000671000000, 0x0000000672000000|  0%| F|  |TAMS 0x0000000671000000, 0x0000000671000000| Untracked 
|1520|0x0000000672000000, 0x0000000672000000, 0x0000000673000000|  0%| F|  |TAMS 0x0000000672000000, 0x0000000672000000| Untracked 
|1521|0x0000000673000000, 0x0000000673000000, 0x0000000674000000|  0%| F|  |TAMS 0x0000000673000000, 0x0000000673000000| Untracked 
|1522|0x0000000674000000, 0x0000000674000000, 0x0000000675000000|  0%| F|  |TAMS 0x0000000674000000, 0x0000000674000000| Untracked 
|1523|0x0000000675000000, 0x0000000675000000, 0x0000000676000000|  0%| F|  |TAMS 0x0000000675000000, 0x0000000675000000| Untracked 
|1524|0x0000000676000000, 0x0000000676000000, 0x0000000677000000|  0%| F|  |TAMS 0x0000000676000000, 0x0000000676000000| Untracked 
|1525|0x0000000677000000, 0x0000000677000000, 0x0000000678000000|  0%| F|  |TAMS 0x0000000677000000, 0x0000000677000000| Untracked 
|1526|0x0000000678000000, 0x0000000678000000, 0x0000000679000000|  0%| F|  |TAMS 0x0000000678000000, 0x0000000678000000| Untracked 
|1527|0x0000000679000000, 0x0000000679000000, 0x000000067a000000|  0%| F|  |TAMS 0x0000000679000000, 0x0000000679000000| Untracked 
|1528|0x000000067a000000, 0x000000067a000000, 0x000000067b000000|  0%| F|  |TAMS 0x000000067a000000, 0x000000067a000000| Untracked 
|1529|0x000000067b000000, 0x000000067b000000, 0x000000067c000000|  0%| F|  |TAMS 0x000000067b000000, 0x000000067b000000| Untracked 
|1530|0x000000067c000000, 0x000000067c000000, 0x000000067d000000|  0%| F|  |TAMS 0x000000067c000000, 0x000000067c000000| Untracked 
|1531|0x000000067d000000, 0x000000067d000000, 0x000000067e000000|  0%| F|  |TAMS 0x000000067d000000, 0x000000067d000000| Untracked 
|1532|0x000000067e000000, 0x000000067e000000, 0x000000067f000000|  0%| F|  |TAMS 0x000000067e000000, 0x000000067e000000| Untracked 
|1533|0x000000067f000000, 0x000000067f000000, 0x0000000680000000|  0%| F|  |TAMS 0x000000067f000000, 0x000000067f000000| Untracked 
|1534|0x0000000680000000, 0x0000000680000000, 0x0000000681000000|  0%| F|  |TAMS 0x0000000680000000, 0x0000000680000000| Untracked 
|1535|0x0000000681000000, 0x0000000681000000, 0x0000000682000000|  0%| F|  |TAMS 0x0000000681000000, 0x0000000681000000| Untracked 
|1536|0x0000000682000000, 0x0000000682000000, 0x0000000683000000|  0%| F|  |TAMS 0x0000000682000000, 0x0000000682000000| Untracked 
|1537|0x0000000683000000, 0x0000000683000000, 0x0000000684000000|  0%| F|  |TAMS 0x0000000683000000, 0x0000000683000000| Untracked 
|1538|0x0000000684000000, 0x0000000684000000, 0x0000000685000000|  0%| F|  |TAMS 0x0000000684000000, 0x0000000684000000| Untracked 
|1539|0x0000000685000000, 0x0000000685000000, 0x0000000686000000|  0%| F|  |TAMS 0x0000000685000000, 0x0000000685000000| Untracked 
|1540|0x0000000686000000, 0x0000000686000000, 0x0000000687000000|  0%| F|  |TAMS 0x0000000686000000, 0x0000000686000000| Untracked 
|1541|0x0000000687000000, 0x0000000687000000, 0x0000000688000000|  0%| F|  |TAMS 0x0000000687000000, 0x0000000687000000| Untracked 
|1542|0x0000000688000000, 0x0000000688000000, 0x0000000689000000|  0%| F|  |TAMS 0x0000000688000000, 0x0000000688000000| Untracked 
|1543|0x0000000689000000, 0x0000000689000000, 0x000000068a000000|  0%| F|  |TAMS 0x0000000689000000, 0x0000000689000000| Untracked 
|1544|0x000000068a000000, 0x000000068a000000, 0x000000068b000000|  0%| F|  |TAMS 0x000000068a000000, 0x000000068a000000| Untracked 
|1545|0x000000068b000000, 0x000000068b000000, 0x000000068c000000|  0%| F|  |TAMS 0x000000068b000000, 0x000000068b000000| Untracked 
|1546|0x000000068c000000, 0x000000068c000000, 0x000000068d000000|  0%| F|  |TAMS 0x000000068c000000, 0x000000068c000000| Untracked 
|1547|0x000000068d000000, 0x000000068d000000, 0x000000068e000000|  0%| F|  |TAMS 0x000000068d000000, 0x000000068d000000| Untracked 
|1548|0x000000068e000000, 0x000000068e000000, 0x000000068f000000|  0%| F|  |TAMS 0x000000068e000000, 0x000000068e000000| Untracked 
|1549|0x000000068f000000, 0x000000068f000000, 0x0000000690000000|  0%| F|  |TAMS 0x000000068f000000, 0x000000068f000000| Untracked 
|1550|0x0000000690000000, 0x0000000690000000, 0x0000000691000000|  0%| F|  |TAMS 0x0000000690000000, 0x0000000690000000| Untracked 
|1551|0x0000000691000000, 0x0000000691000000, 0x0000000692000000|  0%| F|  |TAMS 0x0000000691000000, 0x0000000691000000| Untracked 
|1552|0x0000000692000000, 0x0000000692000000, 0x0000000693000000|  0%| F|  |TAMS 0x0000000692000000, 0x0000000692000000| Untracked 
|1553|0x0000000693000000, 0x0000000693000000, 0x0000000694000000|  0%| F|  |TAMS 0x0000000693000000, 0x0000000693000000| Untracked 
|1554|0x0000000694000000, 0x0000000694000000, 0x0000000695000000|  0%| F|  |TAMS 0x0000000694000000, 0x0000000694000000| Untracked 
|1555|0x0000000695000000, 0x0000000695000000, 0x0000000696000000|  0%| F|  |TAMS 0x0000000695000000, 0x0000000695000000| Untracked 
|1556|0x0000000696000000, 0x0000000696000000, 0x0000000697000000|  0%| F|  |TAMS 0x0000000696000000, 0x0000000696000000| Untracked 
|1557|0x0000000697000000, 0x0000000697000000, 0x0000000698000000|  0%| F|  |TAMS 0x0000000697000000, 0x0000000697000000| Untracked 
|1558|0x0000000698000000, 0x0000000698000000, 0x0000000699000000|  0%| F|  |TAMS 0x0000000698000000, 0x0000000698000000| Untracked 
|1559|0x0000000699000000, 0x0000000699000000, 0x000000069a000000|  0%| F|  |TAMS 0x0000000699000000, 0x0000000699000000| Untracked 
|1560|0x000000069a000000, 0x000000069a000000, 0x000000069b000000|  0%| F|  |TAMS 0x000000069a000000, 0x000000069a000000| Untracked 
|1561|0x000000069b000000, 0x000000069b000000, 0x000000069c000000|  0%| F|  |TAMS 0x000000069b000000, 0x000000069b000000| Untracked 
|1562|0x000000069c000000, 0x000000069c000000, 0x000000069d000000|  0%| F|  |TAMS 0x000000069c000000, 0x000000069c000000| Untracked 
|1563|0x000000069d000000, 0x000000069d000000, 0x000000069e000000|  0%| F|  |TAMS 0x000000069d000000, 0x000000069d000000| Untracked 
|1564|0x000000069e000000, 0x000000069e000000, 0x000000069f000000|  0%| F|  |TAMS 0x000000069e000000, 0x000000069e000000| Untracked 
|1565|0x000000069f000000, 0x000000069f000000, 0x00000006a0000000|  0%| F|  |TAMS 0x000000069f000000, 0x000000069f000000| Untracked 
|1566|0x00000006a0000000, 0x00000006a0000000, 0x00000006a1000000|  0%| F|  |TAMS 0x00000006a0000000, 0x00000006a0000000| Untracked 
|1567|0x00000006a1000000, 0x00000006a1000000, 0x00000006a2000000|  0%| F|  |TAMS 0x00000006a1000000, 0x00000006a1000000| Untracked 
|1568|0x00000006a2000000, 0x00000006a2000000, 0x00000006a3000000|  0%| F|  |TAMS 0x00000006a2000000, 0x00000006a2000000| Untracked 
|1569|0x00000006a3000000, 0x00000006a3000000, 0x00000006a4000000|  0%| F|  |TAMS 0x00000006a3000000, 0x00000006a3000000| Untracked 
|1570|0x00000006a4000000, 0x00000006a4000000, 0x00000006a5000000|  0%| F|  |TAMS 0x00000006a4000000, 0x00000006a4000000| Untracked 
|1916|0x00000007fe000000, 0x00000007fef75000, 0x00000007ff000000| 96%|OA|  |TAMS 0x00000007fe000000, 0x00000007fe000000| Untracked 
|1917|0x00000007ff000000, 0x00000007ff078000, 0x0000000800000000|  2%|CA|  |TAMS 0x00000007ff000000, 0x00000007ff000000| Untracked 

Card table byte_map: [0x00007f34f9629000,0x00007f34fd219000] _byte_map_base: 0x00007f34f9219000

Marking Bits (Prev, Next): (CMBitMap*) 0x00007f3518068b50, (CMBitMap*) 0x00007f3518068b90
 Prev Bits: [0x00007f34d7ab9000, 0x00007f34f5a39000)
 Next Bits: [0x00007f34b9b39000, 0x00007f34d7ab9000)

Polling page: 0x00007f351f8e2000

Metaspace:

Usage:
  Non-class:      7.74 MB used.
      Class:    902.47 KB used.
       Both:      8.62 MB used.

Virtual space:
  Non-class space:       64.00 MB reserved,       7.94 MB ( 12%) committed,  1 nodes.
      Class space:        1.00 GB reserved,       1.06 MB ( <1%) committed,  1 nodes.
             Both:        1.06 GB reserved,       9.00 MB ( <1%) committed. 

Chunk freelists:
   Non-Class:  7.48 MB
       Class:  14.92 MB
        Both:  22.40 MB

MaxMetaspaceSize: unlimited
CompressedClassSpaceSize: 1.00 GB
Initial GC threshold: 21.00 MB
Current GC threshold: 21.00 MB
CDS: on
MetaspaceReclaimPolicy: balanced
 - commit_granule_bytes: 65536.
 - commit_granule_words: 8192.
 - virtual_space_node_default_size: 8388608.
 - enlarge_chunks_in_place: 1.
 - new_chunks_are_fully_committed: 0.
 - uncommit_free_chunks: 1.
 - use_allocation_guard: 0.
 - handle_deallocations: 1.


Internal statistics:

num_allocs_failed_limit: 0.
num_arena_births: 274.
num_arena_deaths: 0.
num_vsnodes_births: 2.
num_vsnodes_deaths: 0.
num_space_committed: 144.
num_space_uncommitted: 0.
num_chunks_returned_to_freelist: 0.
num_chunks_taken_from_freelist: 585.
num_chunk_merges: 0.
num_chunk_splits: 315.
num_chunks_enlarged: 135.
num_inconsistent_stats: 0.

CodeHeap 'non-profiled nmethods': size=119168Kb used=2355Kb max_used=3083Kb free=116812Kb
 bounds [0x00007f3508f9e000, 0x00007f35092ae000, 0x00007f35103fe000]
CodeHeap 'profiled nmethods': size=119164Kb used=5667Kb max_used=7539Kb free=113496Kb
 bounds [0x00007f35013fe000, 0x00007f3501b5e000, 0x00007f350885d000]
CodeHeap 'non-nmethods': size=7428Kb used=1181Kb max_used=2937Kb free=6246Kb
 bounds [0x00007f350885d000, 0x00007f3508b4d000, 0x00007f3508f9e000]
 total_blobs=3344 nmethods=2870 adapters=387
 compilation: enabled
              stopped_count=0, restarted_count=0
 full_count=0

Compilation events (20 events):
Event: 30.269 Thread 0x00007f351821def0 nmethod 3533% 0x00007f350178a010 code [0x00007f350178a340, 0x00007f350178b740]
Event: 30.270 Thread 0x00007f3418061a00 3534   !   3       org.apache.commons.beanutils.bugs.Jira347TestCase::forceGarbageCollection (124 bytes)
Event: 30.270 Thread 0x00007f3418061a00 nmethod 3534 0x00007f35015e5b10 code [0x00007f35015e5e40, 0x00007f35015e7160]
Event: 30.270 Thread 0x00007f3434161500 3516       4       org.apache.commons.beanutils.BasicDynaClass::getDynaProperty (26 bytes)
Event: 30.270 Thread 0x00007f34341066c0 3529       4       java.lang.Long::stringSize (55 bytes)
Event: 30.272 Thread 0x00007f34341066c0 nmethod 3529 0x00007f3509181810 code [0x00007f35091819a0, 0x00007f3509181b58]
Event: 30.272 Thread 0x00007f34341066c0 3532       4       java.lang.Long::getChars (208 bytes)
Event: 30.273 Thread 0x00007f34341066c0 nmethod 3532 0x00007f35091de790 code [0x00007f35091de920, 0x00007f35091dec18]
Event: 30.273 Thread 0x00007f34341066c0 3530       4       java.lang.StringBuilder::append (8 bytes)
Event: 30.275 Thread 0x00007f3434161500 nmethod 3516 0x00007f35090dfe90 code [0x00007f35090e0060, 0x00007f35090e0678]
Event: 30.275 Thread 0x00007f3434161500 3535 % !   4       org.apache.commons.beanutils.bugs.Jira347TestCase::forceGarbageCollection @ 43 (124 bytes)
Event: 30.279 Thread 0x00007f34341066c0 nmethod 3530 0x00007f3509003110 code [0x00007f35090032c0, 0x00007f3509003d58]
Event: 30.279 Thread 0x00007f34341066c0 3531       4       java.lang.AbstractStringBuilder::append (60 bytes)
Event: 30.286 Thread 0x00007f34341066c0 nmethod 3531 0x00007f3509022210 code [0x00007f35090223c0, 0x00007f3509022ed8]
Event: 30.286 Thread 0x00007f34341066c0 3520       4       java.lang.reflect.Method::getParameterTypes (11 bytes)
Event: 30.287 Thread 0x00007f34341066c0 nmethod 3520 0x00007f3508fd5190 code [0x00007f3508fd5320, 0x00007f3508fd5478]
Event: 30.287 Thread 0x00007f34341066c0 3524       4       jdk.internal.misc.Unsafe::putReferenceOpaque (9 bytes)
Event: 30.287 Thread 0x00007f34341066c0 nmethod 3524 0x00007f3508ff5310 code [0x00007f3508ff5480, 0x00007f3508ff55d8]
Event: 30.295 Thread 0x00007f3434161500 nmethod 3535% 0x00007f3509206410 code [0x00007f3509206640, 0x00007f3509207d18]
Event: 31.102 Thread 0x00007f351821c9c0 nmethod 3517 0x00007f3509170b90 code [0x00007f3509171560, 0x00007f350917c1f8]

GC Heap History (20 events):
Event: 34.498 GC heap after
{Heap after GC invocations=18 (full 0):
 garbage-first heap   total 15908864K, used 2033798K [0x0000000082000000, 0x0000000800000000)
  region size 16384K, 6 young (98304K), 6 survivors (98304K)
 Metaspace       used 8830K, committed 9216K, reserved 1114112K
  class space    used 902K, committed 1088K, reserved 1048576K
}
Event: 34.718 GC heap before
{Heap before GC invocations=18 (full 0):
 garbage-first heap   total 15908864K, used 2885766K [0x0000000082000000, 0x0000000800000000)
  region size 16384K, 58 young (950272K), 6 survivors (98304K)
 Metaspace       used 8830K, committed 9216K, reserved 1114112K
  class space    used 902K, committed 1088K, reserved 1048576K
}
Event: 34.823 GC heap after
{Heap after GC invocations=19 (full 0):
 garbage-first heap   total 15908864K, used 2290620K [0x0000000082000000, 0x0000000800000000)
  region size 16384K, 8 young (131072K), 8 survivors (131072K)
 Metaspace       used 8830K, committed 9216K, reserved 1114112K
  class space    used 902K, committed 1088K, reserved 1048576K
}
Event: 35.044 GC heap before
{Heap before GC invocations=19 (full 0):
 garbage-first heap   total 15908864K, used 3290044K [0x0000000082000000, 0x0000000800000000)
  region size 16384K, 69 young (1130496K), 8 survivors (131072K)
 Metaspace       used 8830K, committed 9216K, reserved 1114112K
  class space    used 902K, committed 1088K, reserved 1048576K
}
Event: 35.290 GC heap after
{Heap after GC invocations=20 (full 0):
 garbage-first heap   total 22118400K, used 2593194K [0x0000000082000000, 0x0000000800000000)
  region size 16384K, 9 young (147456K), 9 survivors (147456K)
 Metaspace       used 8830K, committed 9216K, reserved 1114112K
  class space    used 902K, committed 1088K, reserved 1048576K
}
Event: 36.369 GC heap before
{Heap before GC invocations=20 (full 0):
 garbage-first heap   total 22118400K, used 3625386K [0x0000000082000000, 0x0000000800000000)
  region size 16384K, 67 young (1097728K), 9 survivors (147456K)
 Metaspace       used 8830K, committed 9216K, reserved 1114112K
  class space    used 902K, committed 1088K, reserved 1048576K
}
Event: 36.520 GC heap after
{Heap after GC invocations=21 (full 0):
 garbage-first heap   total 22118400K, used 2963070K [0x0000000082000000, 0x0000000800000000)
  region size 16384K, 9 young (147456K), 9 survivors (147456K)
 Metaspace       used 8830K, committed 9216K, reserved 1114112K
  class space    used 902K, committed 1088K, reserved 1048576K
}
Event: 37.014 GC heap before
{Heap before GC invocations=21 (full 0):
 garbage-first heap   total 22118400K, used 4028030K [0x0000000082000000, 0x0000000800000000)
  region size 16384K, 74 young (1212416K), 9 survivors (147456K)
 Metaspace       used 8830K, committed 9216K, reserved 1114112K
  class space    used 902K, committed 1088K, reserved 1048576K
}
Event: 37.269 GC heap after
{Heap after GC invocations=22 (full 0):
 garbage-first heap   total 22118400K, used 3288447K [0x0000000082000000, 0x0000000800000000)
  region size 16384K, 10 young (163840K), 10 survivors (163840K)
 Metaspace       used 8830K, committed 9216K, reserved 1114112K
  class space    used 902K, committed 1088K, reserved 1048576K
}
Event: 37.585 GC heap before
{Heap before GC invocations=22 (full 0):
 garbage-first heap   total 22118400K, used 4402559K [0x0000000082000000, 0x0000000800000000)
  region size 16384K, 78 young (1277952K), 10 survivors (163840K)
 Metaspace       used 8830K, committed 9216K, reserved 1114112K
  class space    used 902K, committed 1088K, reserved 1048576K
}
Event: 37.767 GC heap after
{Heap after GC invocations=23 (full 0):
 garbage-first heap   total 22118400K, used 3633207K [0x0000000082000000, 0x0000000800000000)
  region size 16384K, 10 young (163840K), 10 survivors (163840K)
 Metaspace       used 8830K, committed 9216K, reserved 1114112K
  class space    used 902K, committed 1088K, reserved 1048576K
}
Event: 38.296 GC heap before
{Heap before GC invocations=23 (full 0):
 garbage-first heap   total 22118400K, used 5025847K [0x0000000082000000, 0x0000000800000000)
  region size 16384K, 95 young (1556480K), 10 survivors (163840K)
 Metaspace       used 8830K, committed 9216K, reserved 1114112K
  class space    used 902K, committed 1088K, reserved 1048576K
}
Event: 38.587 GC heap after
{Heap after GC invocations=24 (full 0):
 garbage-first heap   total 25772032K, used 4050193K [0x0000000082000000, 0x0000000800000000)
  region size 16384K, 12 young (196608K), 12 survivors (196608K)
 Metaspace       used 8830K, committed 9216K, reserved 1114112K
  class space    used 902K, committed 1088K, reserved 1048576K
}
Event: 40.943 GC heap before
{Heap before GC invocations=24 (full 0):
 garbage-first heap   total 25772032K, used 5328145K [0x0000000082000000, 0x0000000800000000)
  region size 16384K, 82 young (1343488K), 12 survivors (196608K)
 Metaspace       used 8830K, committed 9216K, reserved 1114112K
  class space    used 902K, committed 1088K, reserved 1048576K
}
Event: 41.218 GC heap after
{Heap after GC invocations=25 (full 0):
 garbage-first heap   total 25772032K, used 4542175K [0x0000000082000000, 0x0000000800000000)
  region size 16384K, 11 young (180224K), 11 survivors (180224K)
 Metaspace       used 8830K, committed 9216K, reserved 1114112K
  class space    used 902K, committed 1088K, reserved 1048576K
}
Event: 41.416 GC heap before
{Heap before GC invocations=25 (full 0):
 garbage-first heap   total 25772032K, used 5738207K [0x0000000082000000, 0x0000000800000000)
  region size 16384K, 84 young (1376256K), 11 survivors (180224K)
 Metaspace       used 8830K, committed 9216K, reserved 1114112K
  class space    used 902K, committed 1088K, reserved 1048576K
}
Event: 41.571 GC heap after
{Heap after GC invocations=26 (full 0):
 garbage-first heap   total 25772032K, used 4918957K [0x0000000082000000, 0x0000000800000000)
  region size 16384K, 11 young (180224K), 11 survivors (180224K)
 Metaspace       used 8830K, committed 9216K, reserved 1114112K
  class space    used 902K, committed 1088K, reserved 1048576K
}
Event: 41.692 GC heap before
{Heap before GC invocations=26 (full 0):
 garbage-first heap   total 25772032K, used 6327981K [0x0000000082000000, 0x0000000800000000)
  region size 16384K, 97 young (1589248K), 11 survivors (180224K)
 Metaspace       used 8830K, committed 9216K, reserved 1114112K
  class space    used 902K, committed 1088K, reserved 1048576K
}
Event: 41.889 GC heap after
{Heap after GC invocations=27 (full 0):
 garbage-first heap   total 25772032K, used 5341108K [0x0000000082000000, 0x0000000800000000)
  region size 16384K, 13 young (212992K), 13 survivors (212992K)
 Metaspace       used 8830K, committed 9216K, reserved 1114112K
  class space    used 902K, committed 1088K, reserved 1048576K
}
Event: 42.001 GC heap before
{Heap before GC invocations=27 (full 0):
 garbage-first heap   total 25772032K, used 6864820K [0x0000000082000000, 0x0000000800000000)
  region size 16384K, 106 young (1736704K), 13 survivors (212992K)
 Metaspace       used 8830K, committed 9216K, reserved 1114112K
  class space    used 902K, committed 1088K, reserved 1048576K
}

Dll operation events (12 events):
Event: 0.008 Loaded shared library /sfs/gpfs/tardis/applications/202512/software/standard/core/java/17/lib/libjava.so
Event: 0.011 Loaded shared library /sfs/gpfs/tardis/applications/202512/software/standard/core/java/17/lib/libzip.so
Event: 0.348 Loaded shared library /sfs/gpfs/tardis/applications/202512/software/standard/core/java/17/lib/libjsvml.so
Event: 0.627 Loaded shared library /sfs/gpfs/tardis/applications/202512/software/standard/core/java/17/lib/libinstrument.so
Event: 0.641 Loaded shared library /sfs/gpfs/tardis/applications/202512/software/standard/core/java/17/lib/libnio.so
Event: 0.643 Loaded shared library /sfs/gpfs/tardis/applications/202512/software/standard/core/java/17/lib/libzip.so
Event: 0.662 Loaded shared library /sfs/gpfs/tardis/applications/202512/software/standard/core/java/17/lib/libjimage.so
Event: 0.942 Loaded shared library /sfs/gpfs/tardis/applications/202512/software/standard/core/java/17/lib/libverify.so
Event: 0.949 Loaded shared library /sfs/gpfs/tardis/applications/202512/software/standard/core/java/17/lib/libnet.so
Event: 0.969 Loaded shared library /sfs/gpfs/tardis/applications/202512/software/standard/core/java/17/lib/libextnet.so
Event: 0.976 Loaded shared library /sfs/gpfs/tardis/applications/202512/software/standard/core/java/17/lib/libmanagement.so
Event: 0.977 Loaded shared library /sfs/gpfs/tardis/applications/202512/software/standard/core/java/17/lib/libmanagement_ext.so

Deoptimization events (20 events):
Event: 30.135 Thread 0x00007f35184f50c0 DEOPT PACKING pc=0x00007f35091bb790 sp=0x00007f34a90ee850
Event: 30.135 Thread 0x00007f35184f50c0 DEOPT UNPACKING pc=0x00007f35088b6b19 sp=0x00007f34a90ee808 mode 2
Event: 30.246 Thread 0x00007f35184f50c0 Uncommon trap: trap_request=0xffffff45 fr.pc=0x00007f35091d8e84 relative=0x0000000000000f44
Event: 30.246 Thread 0x00007f35184f50c0 Uncommon trap: reason=unstable_if action=reinterpret pc=0x00007f35091d8e84 method=org.apache.commons.beanutils.BeanUtilsBean.copyProperties(Ljava/lang/Object;Ljava/lang/Object;)V @ 349 c2
Event: 30.246 Thread 0x00007f35184f50c0 DEOPT PACKING pc=0x00007f35091d8e84 sp=0x00007f34a90eeb80
Event: 30.246 Thread 0x00007f35184f50c0 DEOPT UNPACKING pc=0x00007f35088b6b19 sp=0x00007f34a90eeb48 mode 2
Event: 30.251 Thread 0x00007f35184f50c0 Uncommon trap: trap_request=0xfffffff4 fr.pc=0x00007f350919b7f8 relative=0x0000000000000ab8
Event: 30.251 Thread 0x00007f35184f50c0 Uncommon trap: reason=null_check action=make_not_entrant pc=0x00007f350919b7f8 method=org.apache.commons.beanutils.ConvertUtilsBean.lookup(Ljava/lang/Class;)Lorg/apache/commons/beanutils/Converter; @ 8 c2
Event: 30.251 Thread 0x00007f35184f50c0 DEOPT PACKING pc=0x00007f350919b7f8 sp=0x00007f34a90ee920
Event: 30.251 Thread 0x00007f35184f50c0 DEOPT UNPACKING pc=0x00007f35088b6b19 sp=0x00007f34a90ee8a8 mode 2
Event: 30.252 Thread 0x00007f35184f50c0 Uncommon trap: trap_request=0xfffffff4 fr.pc=0x00007f350925503c relative=0x0000000000001bfc
Event: 30.252 Thread 0x00007f35184f50c0 Uncommon trap: reason=null_check action=make_not_entrant pc=0x00007f350925503c method=org.apache.commons.beanutils.BasicDynaClass.getDynaProperty(Ljava/lang/String;)Lorg/apache/commons/beanutils/DynaProperty; @ 22 c2
Event: 30.252 Thread 0x00007f35184f50c0 DEOPT PACKING pc=0x00007f350925503c sp=0x00007f34a90eea70
Event: 30.252 Thread 0x00007f35184f50c0 DEOPT UNPACKING pc=0x00007f35088b6b19 sp=0x00007f34a90eea60 mode 2
Event: 30.252 Thread 0x00007f35184f50c0 Uncommon trap: trap_request=0xfffffff4 fr.pc=0x00007f350915e0e0 relative=0x0000000000000420
Event: 30.252 Thread 0x00007f35184f50c0 Uncommon trap: reason=null_check action=make_not_entrant pc=0x00007f350915e0e0 method=org.apache.commons.beanutils.BasicDynaClass.getDynaProperty(Ljava/lang/String;)Lorg/apache/commons/beanutils/DynaProperty; @ 22 c2
Event: 30.252 Thread 0x00007f35184f50c0 DEOPT PACKING pc=0x00007f350915e0e0 sp=0x00007f34a90eea80
Event: 30.252 Thread 0x00007f35184f50c0 DEOPT UNPACKING pc=0x00007f35088b6b19 sp=0x00007f34a90eea60 mode 2
Event: 30.295 Thread 0x00007f35184f50c0 DEOPT PACKING pc=0x00007f350178b547 sp=0x00007f34a93f1b40
Event: 30.295 Thread 0x00007f35184f50c0 DEOPT UNPACKING pc=0x00007f35088b764f sp=0x00007f34a93f10c0 mode 0

Classes loaded (20 events):
Event: 30.255 Loading class java/lang/ObjectBeanInfo
Event: 30.255 Loading class java/lang/ObjectBeanInfo done
Event: 30.255 Loading class java/lang/ObjectBeanInfo
Event: 30.255 Loading class java/lang/ObjectBeanInfo done
Event: 30.255 Loading class java/lang/ObjectCustomizer
Event: 30.255 Loading class java/lang/ObjectCustomizer done
Event: 30.255 Loading class java/lang/ObjectCustomizer
Event: 30.255 Loading class java/lang/ObjectCustomizer done
Event: 30.255 Loading class org/apache/commons/beanutils/memoryleaktests/pojotests/SomeMappedPojoCustomizer
Event: 30.255 Loading class org/apache/commons/beanutils/memoryleaktests/pojotests/SomeMappedPojoCustomizer done
Event: 30.255 Loading class org/apache/commons/beanutils/memoryleaktests/pojotests/SomeMappedPojoCustomizer
Event: 30.255 Loading class org/apache/commons/beanutils/memoryleaktests/pojotests/SomeMappedPojoCustomizer done
Event: 30.255 Loading class org/apache/commons/beanutils/memoryleaktests/pojotests/SomeMappedPojoCustomizer
Event: 30.255 Loading class org/apache/commons/beanutils/memoryleaktests/pojotests/SomeMappedPojoCustomizer done
Event: 30.256 Loading class org/apache/commons/beanutils/memoryleaktests/pojotests/SomeMappedPojo
Event: 30.256 Loading class org/apache/commons/beanutils/memoryleaktests/pojotests/SomeMappedPojo done
Event: 30.256 Loading class org/apache/commons/beanutils/memoryleaktests/pojotests/SomeMappedPojo
Event: 30.256 Loading class org/apache/commons/beanutils/memoryleaktests/pojotests/SomeMappedPojo done
Event: 30.257 Loading class org/apache/commons/beanutils/MappedPropertyTestBean
Event: 30.257 Loading class org/apache/commons/beanutils/MappedPropertyTestBean done

Classes unloaded (0 events):
No events

Classes redefined (13 events):
Event: 4.208 Thread 0x00007f351820ec30 redefined class name=org.apache.commons.beanutils.MethodUtils, count=1
Event: 4.651 Thread 0x00007f351820ec30 redefined class name=org.apache.commons.beanutils.MethodUtils, count=2
Event: 4.713 Thread 0x00007f351820ec30 redefined class name=org.apache.commons.beanutils.MethodUtils, count=3
Event: 21.389 Thread 0x00007f351820ec30 redefined class name=org.apache.commons.beanutils.MethodUtils, count=4
Event: 21.401 Thread 0x00007f351820ec30 redefined class name=org.apache.commons.beanutils.MethodUtils, count=5
Event: 21.476 Thread 0x00007f351820ec30 redefined class name=org.apache.commons.beanutils.MethodUtils, count=6
Event: 21.523 Thread 0x00007f351820ec30 redefined class name=org.apache.commons.beanutils.MethodUtils, count=7
Event: 21.602 Thread 0x00007f351820ec30 redefined class name=org.apache.commons.beanutils.MethodUtils, count=8
Event: 21.639 Thread 0x00007f351820ec30 redefined class name=org.apache.commons.beanutils.MethodUtils, count=9
Event: 22.967 Thread 0x00007f351820ec30 redefined class name=org.apache.commons.beanutils.MethodUtils, count=10
Event: 22.986 Thread 0x00007f351820ec30 redefined class name=org.apache.commons.beanutils.MethodUtils, count=11
Event: 23.087 Thread 0x00007f351820ec30 redefined class name=org.apache.commons.beanutils.MethodUtils, count=12
Event: 23.109 Thread 0x00007f351820ec30 redefined class name=org.apache.commons.beanutils.MethodUtils, count=13

Internal exceptions (20 events):
Event: 29.041 Thread 0x00007f35184f50c0 Exception <a 'java/lang/ArrayIndexOutOfBoundsException'{0x00000000d909cfd8}> (0x00000000d909cfd8) 
thrown [src/hotspot/share/runtime/reflection.cpp, line 229]
Event: 29.041 Thread 0x00007f35184f50c0 Exception <a 'java/lang/ArrayIndexOutOfBoundsException'{0x00000000d909d698}> (0x00000000d909d698) 
thrown [src/hotspot/share/runtime/reflection.cpp, line 229]
Event: 29.041 Thread 0x00007f35184f50c0 Exception <a 'java/lang/ArrayIndexOutOfBoundsException'{0x00000000d909ddd0}: Index -1 out of bounds for length 5> (0x00000000d909ddd0) 
thrown [src/hotspot/share/interpreter/interpreterRuntime.cpp, line 428]
Event: 29.041 Thread 0x00007f35184f50c0 Exception <a 'java/lang/reflect/InvocationTargetException'{0x00000000d909e0a0}> (0x00000000d909e0a0) 
thrown [src/hotspot/share/runtime/reflection.cpp, line 1126]
Event: 29.041 Thread 0x00007f35184f50c0 Exception <a 'java/lang/ArrayIndexOutOfBoundsException'{0x00000000d909e3e8}: Index 5 out of bounds for length 5> (0x00000000d909e3e8) 
thrown [src/hotspot/share/interpreter/interpreterRuntime.cpp, line 428]
Event: 29.041 Thread 0x00007f35184f50c0 Exception <a 'java/lang/reflect/InvocationTargetException'{0x00000000d909e6b8}> (0x00000000d909e6b8) 
thrown [src/hotspot/share/runtime/reflection.cpp, line 1126]
Event: 29.043 Thread 0x00007f35184f50c0 Exception <a 'java/lang/ClassNotFoundException'{0x00000000d9831580}: org/apache/commons/beanutils/AlphaBeanBeanInfo> (0x00000000d9831580) 
thrown [src/hotspot/share/classfile/systemDictionary.cpp, line 256]
Event: 29.043 Thread 0x00007f35184f50c0 Exception <a 'java/lang/ClassNotFoundException'{0x00000000d9834868}: org/apache/commons/beanutils/AbstractParentBeanInfo> (0x00000000d9834868) 
thrown [src/hotspot/share/classfile/systemDictionary.cpp, line 256]
Event: 29.043 Thread 0x00007f35184f50c0 Exception <a 'java/lang/ClassNotFoundException'{0x00000000d9837b40}: org/apache/commons/beanutils/AbstractParentCustomizer> (0x00000000d9837b40) 
thrown [src/hotspot/share/classfile/systemDictionary.cpp, line 256]
Event: 29.044 Thread 0x00007f35184f50c0 Exception <a 'java/lang/ClassNotFoundException'{0x00000000d983e680}: org/apache/commons/beanutils/AlphaBeanCustomizer> (0x00000000d983e680) 
thrown [src/hotspot/share/classfile/systemDictionary.cpp, line 256]
Event: 29.996 Thread 0x00007f35184f50c0 Exception <a 'java/lang/ClassNotFoundException'{0x00000000f8859f68}: org/apache/commons/beanutils/MappedPropertyTestBeanBeanInfo> (0x00000000f8859f68) 
thrown [src/hotspot/share/classfile/systemDictionary.cpp, line 256]
Event: 29.996 Thread 0x00007f35184f50c0 Exception <a 'java/lang/ClassNotFoundException'{0x00000000f885d2d8}: org/apache/commons/beanutils/MappedPropertyTestBeanCustomizer> (0x00000000f885d2d8) 
thrown [src/hotspot/share/classfile/systemDictionary.cpp, line 256]
Event: 30.252 Thread 0x00007f35184f50c0 Implicit null exception at 0x00007f350915dd46 to 0x00007f350915e0d0
Event: 30.255 Thread 0x00007f35184f50c0 Exception <a 'java/lang/ClassNotFoundException'{0x00000000ec8151f8}: org/apache/commons/beanutils/memoryleaktests/pojotests/SomeMappedPojoBeanInfo> (0x00000000ec8151f8) 
thrown [src/hotspot/share/classfile/systemDictionary.cpp, line 256]
Event: 30.255 Thread 0x00007f35184f50c0 Exception <a 'java/lang/ClassNotFoundException'{0x00000000ec815ee0}: java/lang/ObjectBeanInfo> (0x00000000ec815ee0) 
thrown [src/hotspot/share/classfile/systemDictionary.cpp, line 256]
Event: 30.255 Thread 0x00007f35184f50c0 Exception <a 'java/lang/ClassNotFoundException'{0x00000000ec816bb0}: java/lang/ObjectCustomizer> (0x00000000ec816bb0) 
thrown [src/hotspot/share/classfile/systemDictionary.cpp, line 256]
Event: 30.255 Thread 0x00007f35184f50c0 Exception <a 'java/lang/ClassNotFoundException'{0x00000000ec81da50}: org/apache/commons/beanutils/memoryleaktests/pojotests/SomeMappedPojoCustomizer> (0x00000000ec81da50) 
thrown [src/hotspot/share/classfile/systemDictionary.cpp, line 256]
Event: 30.255 Thread 0x00007f35184f50c0 Exception <a 'java/lang/reflect/InvocationTargetException'{0x00000000ec8220e8}> (0x00000000ec8220e8) 
thrown [src/hotspot/share/runtime/reflection.cpp, line 1126]
Event: 30.256 Thread 0x00007f35184f50c0 Exception <a 'java/lang/reflect/InvocationTargetException'{0x00000000eb013c30}> (0x00000000eb013c30) 
thrown [src/hotspot/share/runtime/reflection.cpp, line 1126]
Event: 30.257 Thread 0x00007f35184f50c0 Exception <a 'java/lang/reflect/InvocationTargetException'{0x00000000eb813bb8}> (0x00000000eb813bb8) 
thrown [src/hotspot/share/runtime/reflection.cpp, line 1126]

VM Operations (20 events):
Event: 34.498 Executing VM operation: G1CollectForAllocation done
Event: 34.718 Executing VM operation: G1CollectForAllocation
Event: 34.823 Executing VM operation: G1CollectForAllocation done
Event: 35.044 Executing VM operation: G1CollectForAllocation
Event: 35.290 Executing VM operation: G1CollectForAllocation done
Event: 36.369 Executing VM operation: G1CollectForAllocation
Event: 36.520 Executing VM operation: G1CollectForAllocation done
Event: 37.014 Executing VM operation: G1CollectForAllocation
Event: 37.269 Executing VM operation: G1CollectForAllocation done
Event: 37.585 Executing VM operation: G1CollectForAllocation
Event: 37.767 Executing VM operation: G1CollectForAllocation done
Event: 38.296 Executing VM operation: G1CollectForAllocation
Event: 38.587 Executing VM operation: G1CollectForAllocation done
Event: 40.943 Executing VM operation: G1CollectForAllocation
Event: 41.218 Executing VM operation: G1CollectForAllocation done
Event: 41.416 Executing VM operation: G1CollectForAllocation
Event: 41.571 Executing VM operation: G1CollectForAllocation done
Event: 41.692 Executing VM operation: G1CollectForAllocation
Event: 41.889 Executing VM operation: G1CollectForAllocation done
Event: 42.001 Executing VM operation: G1CollectForAllocation

Memory protections (20 events):
Event: 30.039 Protecting memory [0x00007f34a8ff1000,0x00007f34a8ff5000] with protection modes 0
Event: 30.040 Protecting memory [0x00007f34a8ff1000,0x00007f34a8ff5000] with protection modes 0
Event: 30.041 Protecting memory [0x00007f34a8ff1000,0x00007f34a8ff5000] with protection modes 0
Event: 30.062 Protecting memory [0x00007f34a8ff1000,0x00007f34a8ff5000] with protection modes 0
Event: 30.108 Protecting memory [0x00007f34a8ff1000,0x00007f34a8ff5000] with protection modes 0
Event: 30.121 Protecting memory [0x00007f34a8ff1000,0x00007f34a8ff5000] with protection modes 0
Event: 30.134 Protecting memory [0x00007f34a8ff1000,0x00007f34a8ff5000] with protection modes 0
Event: 30.243 Protecting memory [0x00007f34a8ff1000,0x00007f34a8ff5000] with protection modes 0
Event: 30.245 Protecting memory [0x00007f34a8ff1000,0x00007f34a8ff5000] with protection modes 0
Event: 30.250 Protecting memory [0x00007f34a8ff1000,0x00007f34a8ff5000] with protection modes 0
Event: 30.252 Protecting memory [0x00007f34a8ff1000,0x00007f34a8ff5000] with protection modes 0
Event: 30.252 Protecting memory [0x00007f34a8ff1000,0x00007f34a8ff5000] with protection modes 0
Event: 30.253 Protecting memory [0x00007f34a92f4000,0x00007f34a92f8000] with protection modes 0
Event: 30.253 Protecting memory [0x00007f34a8ff1000,0x00007f34a8ff5000] with protection modes 0
Event: 30.254 Protecting memory [0x00007f34a92f4000,0x00007f34a92f8000] with protection modes 0
Event: 30.255 Protecting memory [0x00007f34a92f4000,0x00007f34a92f8000] with protection modes 0
Event: 30.256 Protecting memory [0x00007f34a8ff1000,0x00007f34a8ff5000] with protection modes 0
Event: 30.257 Protecting memory [0x00007f34a92f4000,0x00007f34a92f8000] with protection modes 0
Event: 30.270 Protecting memory [0x00007f34a8ff1000,0x00007f34a8ff5000] with protection modes 0
Event: 30.270 Protecting memory [0x00007f34a94f6000,0x00007f34a94fa000] with protection modes 0

Nmethod flushes (20 events):
Event: 29.680 Thread 0x00007f351821ef70 flushing  nmethod 0x00007f35019d9b10
Event: 29.680 Thread 0x00007f351821ef70 flushing osr nmethod 0x00007f35019e3790
Event: 29.680 Thread 0x00007f351821ef70 flushing  nmethod 0x00007f35019e5790
Event: 29.680 Thread 0x00007f351821ef70 flushing  nmethod 0x00007f35019e8710
Event: 29.680 Thread 0x00007f351821ef70 flushing  nmethod 0x00007f35019eb710
Event: 29.680 Thread 0x00007f351821ef70 flushing  nmethod 0x00007f35019ec490
Event: 29.680 Thread 0x00007f351821ef70 flushing  nmethod 0x00007f35019efd10
Event: 29.680 Thread 0x00007f351821ef70 flushing  nmethod 0x00007f35019f0f10
Event: 29.680 Thread 0x00007f351821ef70 flushing osr nmethod 0x00007f35019f2690
Event: 29.680 Thread 0x00007f351821ef70 flushing  nmethod 0x00007f35019f7810
Event: 29.680 Thread 0x00007f351821ef70 flushing osr nmethod 0x00007f35019fbe10
Event: 29.680 Thread 0x00007f351821ef70 flushing osr nmethod 0x00007f35019fde10
Event: 29.680 Thread 0x00007f351821ef70 flushing  nmethod 0x00007f3501a05b90
Event: 29.680 Thread 0x00007f351821ef70 flushing  nmethod 0x00007f3501a0a090
Event: 29.680 Thread 0x00007f351821ef70 flushing osr nmethod 0x00007f3501a0ab90
Event: 29.680 Thread 0x00007f351821ef70 flushing osr nmethod 0x00007f3501a0cb90
Event: 29.680 Thread 0x00007f351821ef70 flushing osr nmethod 0x00007f3501a14910
Event: 29.680 Thread 0x00007f351821ef70 flushing osr nmethod 0x00007f3501a16910
Event: 29.680 Thread 0x00007f351821ef70 flushing  nmethod 0x00007f3501a97810
Event: 29.680 Thread 0x00007f351821ef70 flushing  nmethod 0x00007f3501a98890

Events (20 events):
Event: 30.252 Thread 0x00007f35184f50c0 Thread exited: 0x00007f35184f50c0
Event: 30.252 Thread 0x00007f3518032990 Thread added: 0x00007f35184f50c0
Event: 30.253 Thread 0x00007f35184f50c0 Thread exited: 0x00007f35184f50c0
Event: 30.253 Thread 0x00007f3518032990 Thread added: 0x00007f35184f50c0
Event: 30.253 Thread 0x00007f35184f50c0 Thread exited: 0x00007f35184f50c0
Event: 30.253 Thread 0x00007f3518032990 Thread added: 0x00007f35184f50c0
Event: 30.254 Thread 0x00007f35184f50c0 Thread exited: 0x00007f35184f50c0
Event: 30.254 Thread 0x00007f3518032990 Thread added: 0x00007f35184f50c0
Event: 30.255 Thread 0x00007f35184f50c0 Thread exited: 0x00007f35184f50c0
Event: 30.255 Thread 0x00007f3518032990 Thread added: 0x00007f35184f50c0
Event: 30.256 Thread 0x00007f35184f50c0 Thread exited: 0x00007f35184f50c0
Event: 30.256 Thread 0x00007f3518032990 Thread added: 0x00007f35184f50c0
Event: 30.257 Thread 0x00007f35184f50c0 Thread exited: 0x00007f35184f50c0
Event: 30.257 Thread 0x00007f3518032990 Thread added: 0x00007f35184f50c0
Event: 30.270 Thread 0x00007f351821def0 Thread added: 0x00007f3434161500
Event: 30.270 Thread 0x00007f351821def0 Thread added: 0x00007f34341066c0
Event: 35.290 Thread 0x00007f3418061a00 Thread exited: 0x00007f3418061a00
Event: 35.290 Thread 0x00007f3434085080 Thread exited: 0x00007f3434085080
Event: 35.299 Thread 0x00007f3434161500 Thread exited: 0x00007f3434161500
Event: 35.299 Thread 0x00007f34341066c0 Thread exited: 0x00007f34341066c0


Dynamic libraries:
82000000-6a5000000 rw-p 00000000 00:00 0 
72f000000-7fe000000 ---p 00000000 00:00 0 
7fe000000-7fef00000 rw-p 00000000 00:00 0 
7fef00000-7fef75000 rw-p 00c79000 00:33 8596472648                       /sfs/gpfs/tardis/applications/202512/software/standard/core/java/17/lib/server/classes.jsa
7fef75000-7ff000000 rw-p 00000000 00:00 0 
7ff000000-7ff078000 rw-p 00c01000 00:33 8596472648                       /sfs/gpfs/tardis/applications/202512/software/standard/core/java/17/lib/server/classes.jsa
7ff078000-800000000 rw-p 00000000 00:00 0 
560fe865d000-560fe865e000 r--p 00000000 00:33 8596472430                 /sfs/gpfs/tardis/applications/202512/software/standard/core/java/17/bin/java
560fe865e000-560fe865f000 r-xp 00001000 00:33 8596472430                 /sfs/gpfs/tardis/applications/202512/software/standard/core/java/17/bin/java
560fe865f000-560fe8660000 r--p 00002000 00:33 8596472430                 /sfs/gpfs/tardis/applications/202512/software/standard/core/java/17/bin/java
560fe8660000-560fe8661000 r--p 00002000 00:33 8596472430                 /sfs/gpfs/tardis/applications/202512/software/standard/core/java/17/bin/java
560fe8661000-560fe8662000 rw-p 00003000 00:33 8596472430                 /sfs/gpfs/tardis/applications/202512/software/standard/core/java/17/bin/java
560fe9a24000-560fe9a6c000 rw-p 00000000 00:00 0                          [heap]
7f33bc000000-7f33bc021000 rw-p 00000000 00:00 0 
7f33bc021000-7f33c0000000 ---p 00000000 00:00 0 
7f33c0000000-7f33c0021000 rw-p 00000000 00:00 0 
7f33c0021000-7f33c4000000 ---p 00000000 00:00 0 
7f33c4000000-7f33c4021000 rw-p 00000000 00:00 0 
7f33c4021000-7f33c8000000 ---p 00000000 00:00 0 
7f33c8000000-7f33c8021000 rw-p 00000000 00:00 0 
7f33c8021000-7f33cc000000 ---p 00000000 00:00 0 
7f33cc000000-7f33cc021000 rw-p 00000000 00:00 0 
7f33cc021000-7f33d0000000 ---p 00000000 00:00 0 
7f33d0000000-7f33d0021000 rw-p 00000000 00:00 0 
7f33d0021000-7f33d4000000 ---p 00000000 00:00 0 
7f33d4000000-7f33d4021000 rw-p 00000000 00:00 0 
7f33d4021000-7f33d8000000 ---p 00000000 00:00 0 
7f33d8000000-7f33d8021000 rw-p 00000000 00:00 0 
7f33d8021000-7f33dc000000 ---p 00000000 00:00 0 
7f33dc000000-7f33dc021000 rw-p 00000000 00:00 0 
7f33dc021000-7f33e0000000 ---p 00000000 00:00 0 
7f33e0000000-7f33e0021000 rw-p 00000000 00:00 0 
7f33e0021000-7f33e4000000 ---p 00000000 00:00 0 
7f33e4000000-7f33e4021000 rw-p 00000000 00:00 0 
7f33e4021000-7f33e8000000 ---p 00000000 00:00 0 
7f33e8000000-7f33e8021000 rw-p 00000000 00:00 0 
7f33e8021000-7f33ec000000 ---p 00000000 00:00 0 
7f33ec000000-7f33ec021000 rw-p 00000000 00:00 0 
7f33ec021000-7f33f0000000 ---p 00000000 00:00 0 
7f33f0000000-7f33f0021000 rw-p 00000000 00:00 0 
7f33f0021000-7f33f4000000 ---p 00000000 00:00 0 
7f33f4000000-7f33f4021000 rw-p 00000000 00:00 0 
7f33f4021000-7f33f8000000 ---p 00000000 00:00 0 
7f33f8000000-7f33f8021000 rw-p 00000000 00:00 0 
7f33f8021000-7f33fc000000 ---p 00000000 00:00 0 
7f33fc000000-7f33fc8ad000 rw-p 00000000 00:00 0 
7f33fc8ad000-7f3400000000 ---p 00000000 00:00 0 
7f3400000000-7f3400021000 rw-p 00000000 00:00 0 
7f3400021000-7f3404000000 ---p 00000000 00:00 0 
7f3404000000-7f340443c000 rw-p 00000000 00:00 0 
7f340443c000-7f3408000000 ---p 00000000 00:00 0 
7f3408000000-7f3408a01000 rw-p 00000000 00:00 0 
7f3408a01000-7f340c000000 ---p 00000000 00:00 0 
7f340c000000-7f340c78b000 rw-p 00000000 00:00 0 
7f340c78b000-7f3410000000 ---p 00000000 00:00 0 
7f3410000000-7f34106e5000 rw-p 00000000 00:00 0 
7f34106e5000-7f3414000000 ---p 00000000 00:00 0 
7f3414000000-7f34148f9000 rw-p 00000000 00:00 0 
7f34148f9000-7f3418000000 ---p 00000000 00:00 0 
7f3418000000-7f3418f50000 rw-p 00000000 00:00 0 
7f3418f50000-7f341c000000 ---p 00000000 00:00 0 
7f341c000000-7f341c021000 rw-p 00000000 00:00 0 
7f341c021000-7f3420000000 ---p 00000000 00:00 0 
7f3420000000-7f34203ed000 rw-p 00000000 00:00 0 
7f34203ed000-7f3424000000 ---p 00000000 00:00 0 
7f3424000000-7f3424594000 rw-p 00000000 00:00 0 
7f3424594000-7f3428000000 ---p 00000000 00:00 0 
7f3428000000-7f3428021000 rw-p 00000000 00:00 0 
7f3428021000-7f342c000000 ---p 00000000 00:00 0 
7f342c000000-7f342c021000 rw-p 00000000 00:00 0 
7f342c021000-7f3430000000 ---p 00000000 00:00 0 
7f3430000000-7f34305de000 rw-p 00000000 00:00 0 
7f34305de000-7f3434000000 ---p 00000000 00:00 0 
7f3434000000-7f34341ae000 rw-p 00000000 00:00 0 
7f34341ae000-7f3438000000 ---p 00000000 00:00 0 
7f3438000000-7f3438021000 rw-p 00000000 00:00 0 
7f3438021000-7f343c000000 ---p 00000000 00:00 0 
7f343c000000-7f343c021000 rw-p 00000000 00:00 0 
7f343c021000-7f3440000000 ---p 00000000 00:00 0 
7f3440000000-7f344200c000 rw-p 00000000 00:00 0 
7f344200c000-7f3444000000 ---p 00000000 00:00 0 
7f3444000000-7f3444021000 rw-p 00000000 00:00 0 
7f3444021000-7f3448000000 ---p 00000000 00:00 0 
7f3448000000-7f3448021000 rw-p 00000000 00:00 0 
7f3448021000-7f344c000000 ---p 00000000 00:00 0 
7f344c000000-7f344c021000 rw-p 00000000 00:00 0 
7f344c021000-7f3450000000 ---p 00000000 00:00 0 
7f3450000000-7f3450021000 rw-p 00000000 00:00 0 
7f3450021000-7f3454000000 ---p 00000000 00:00 0 
7f3454000000-7f3455044000 rw-p 00000000 00:00 0 
7f3455044000-7f3458000000 ---p 00000000 00:00 0 
7f345a7f8000-7f345a7f9000 ---p 00000000 00:00 0 
7f345a7f9000-7f345a8f9000 rw-p 00000000 00:00 0 
7f345a8f9000-7f345a8fe000 ---p 00000000 00:00 0 
7f345a8fe000-7f345a9fa000 rw-p 00000000 00:00 0 
7f345a9fa000-7f345a9ff000 ---p 00000000 00:00 0 
7f345a9ff000-7f345aafb000 rw-p 00000000 00:00 0 
7f345aafb000-7f345aafc000 ---p 00000000 00:00 0 
7f345aafc000-7f345abfc000 rw-p 00000000 00:00 0 
7f345abfc000-7f345abfd000 ---p 00000000 00:00 0 
7f345abfd000-7f345acfd000 rw-p 00000000 00:00 0 
7f345acfd000-7f345acfe000 ---p 00000000 00:00 0 
7f345acfe000-7f345adfe000 rw-p 00000000 00:00 0 
7f345adfe000-7f345adff000 ---p 00000000 00:00 0 
7f345adff000-7f345aeff000 rw-p 00000000 00:00 0 
7f345aeff000-7f345af00000 ---p 00000000 00:00 0 
7f345af00000-7f345b000000 rw-p 00000000 00:00 0 
7f345b000000-7f345b455000 rw-p 00001000 00:33 8596472648                 /sfs/gpfs/tardis/applications/202512/software/standard/core/java/17/lib/server/classes.jsa
7f345b455000-7f345bbc9000 rw-p 00456000 00:33 8596472648                 /sfs/gpfs/tardis/applications/202512/software/standard/core/java/17/lib/server/classes.jsa
7f345bbc9000-7f345c000000 ---p 00000000 00:00 0 
7f345c000000-7f345c040000 rw-p 00000000 00:00 0 
7f345c040000-7f345c0c0000 rw-p 00000000 00:00 0 
7f345c0c0000-7f345c0f0000 rw-p 00000000 00:00 0 
7f345c0f0000-7f345c100000 ---p 00000000 00:00 0 
7f345c100000-7f345c120000 rw-p 00000000 00:00 0 
7f345c120000-7f349c000000 ---p 00000000 00:00 0 
7f349c000000-7f349c021000 rw-p 00000000 00:00 0 
7f349c021000-7f34a0000000 ---p 00000000 00:00 0 
7f34a0000000-7f34a0400000 rw-p 00000000 00:00 0 
7f34a0400000-7f34a0760000 rw-p 00000000 00:00 0 
7f34a0760000-7f34a0800000 ---p 00000000 00:00 0 
7f34a0800000-7f34a0890000 rw-p 00000000 00:00 0 
7f34a0890000-7f34a4000000 ---p 00000000 00:00 0 
7f34a4000000-7f34a40aa000 rw-p 00000000 00:00 0 
7f34a40aa000-7f34a8000000 ---p 00000000 00:00 0 
7f34a80e1000-7f34a80e2000 ---p 00000000 00:00 0 
7f34a80e2000-7f34a81e2000 rw-p 00000000 00:00 0 
7f34a81e2000-7f34a81e3000 ---p 00000000 00:00 0 
7f34a81e3000-7f34a82e3000 rw-p 00000000 00:00 0 
7f34a82e3000-7f34a82e4000 ---p 00000000 00:00 0 
7f34a82e4000-7f34a83e4000 rw-p 00000000 00:00 0 
7f34a83e4000-7f34a83e5000 ---p 00000000 00:00 0 
7f34a83e5000-7f34a84e5000 rw-p 00000000 00:00 0 
7f34a84e5000-7f34a84e6000 ---p 00000000 00:00 0 
7f34a84e6000-7f34a85e6000 rw-p 00000000 00:00 0 
7f34a85e6000-7f34a85e7000 ---p 00000000 00:00 0 
7f34a85e7000-7f34a86e7000 rw-p 00000000 00:00 0 
7f34a86e7000-7f34a86e8000 ---p 00000000 00:00 0 
7f34a86e8000-7f34a87e8000 rw-p 00000000 00:00 0 
7f34a87e8000-7f34a87e9000 ---p 00000000 00:00 0 
7f34a87e9000-7f34a88e9000 rw-p 00000000 00:00 0 
7f34a88e9000-7f34a88ea000 ---p 00000000 00:00 0 
7f34a88ea000-7f34a89ea000 rw-p 00000000 00:00 0 
7f34a89ea000-7f34a89ef000 ---p 00000000 00:00 0 
7f34a89ef000-7f34a8aeb000 rw-p 00000000 00:00 0 
7f34a8aeb000-7f34a8af0000 ---p 00000000 00:00 0 
7f34a8af0000-7f34a8bec000 rw-p 00000000 00:00 0 
7f34a8bec000-7f34a8bf1000 ---p 00000000 00:00 0 
7f34a8bf1000-7f34a8ced000 rw-p 00000000 00:00 0 
7f34a8ced000-7f34a8cf2000 ---p 00000000 00:00 0 
7f34a8cf2000-7f34a8dee000 rw-p 00000000 00:00 0 
7f34a8dee000-7f34a8df3000 ---p 00000000 00:00 0 
7f34a8df3000-7f34a8eef000 rw-p 00000000 00:00 0 
7f34a8eef000-7f34a8ef4000 ---p 00000000 00:00 0 
7f34a8ef4000-7f34a8ff0000 rw-p 00000000 00:00 0 
7f34a8ff0000-7f34a8ff5000 ---p 00000000 00:00 0 
7f34a8ff5000-7f34a90f1000 rw-p 00000000 00:00 0 
7f34a90f1000-7f34a90f6000 ---p 00000000 00:00 0 
7f34a90f6000-7f34a91f2000 rw-p 00000000 00:00 0 
7f34a91f2000-7f34a91f3000 ---p 00000000 00:00 0 
7f34a91f3000-7f34a92f3000 rw-p 00000000 00:00 0 
7f34a92f3000-7f34a92f4000 ---p 00000000 00:00 0 
7f34a92f4000-7f34a92f8000 ---p 00000000 00:00 0 
7f34a92f8000-7f34a93f4000 rw-p 00000000 00:00 0 
7f34a93f4000-7f34a93f5000 ---p 00000000 00:00 0 
7f34a93f5000-7f34a93f9000 ---p 00000000 00:00 0 
7f34a93f9000-7f34a94f5000 rw-p 00000000 00:00 0 
7f34a94f5000-7f34a94fa000 ---p 00000000 00:00 0 
7f34a94fa000-7f34a95f6000 rw-p 00000000 00:00 0 
7f34a95f6000-7f34a95f7000 ---p 00000000 00:00 0 
7f34a95f7000-7f34a95fb000 ---p 00000000 00:00 0 
7f34a95fb000-7f34a96f7000 rw-p 00000000 00:00 0 
7f34a96f7000-7f34a96f8000 ---p 00000000 00:00 0 
7f34a96f8000-7f34a96fc000 ---p 00000000 00:00 0 
7f34a96fc000-7f34a97f8000 rw-p 00000000 00:00 0 
7f34a97f8000-7f34a97f9000 ---p 00000000 00:00 0 
7f34a97f9000-7f34a97fd000 ---p 00000000 00:00 0 
7f34a97fd000-7f34a98f9000 rw-p 00000000 00:00 0 
7f34a98f9000-7f34a98fa000 ---p 00000000 00:00 0 
7f34a98fa000-7f34a98fe000 ---p 00000000 00:00 0 
7f34a98fe000-7f34a99fa000 rw-p 00000000 00:00 0 
7f34a99fa000-7f34a99fb000 ---p 00000000 00:00 0 
7f34a99fb000-7f34a99ff000 ---p 00000000 00:00 0 
7f34a99ff000-7f34a9afb000 rw-p 00000000 00:00 0 
7f34a9afb000-7f34a9afc000 ---p 00000000 00:00 0 
7f34a9afc000-7f34a9b00000 ---p 00000000 00:00 0 
7f34a9b00000-7f34a9bfc000 rw-p 00000000 00:00 0 
7f34a9bfc000-7f34a9bfd000 ---p 00000000 00:00 0 
7f34a9bfd000-7f34a9c01000 ---p 00000000 00:00 0 
7f34a9c01000-7f34a9cfd000 rw-p 00000000 00:00 0 
7f34a9cfd000-7f34a9cfe000 ---p 00000000 00:00 0 
7f34a9cfe000-7f34a9d02000 ---p 00000000 00:00 0 
7f34a9d02000-7f34a9dfe000 rw-p 00000000 00:00 0 
7f34a9dfe000-7f34a9dff000 ---p 00000000 00:00 0 
7f34a9dff000-7f34a9e03000 ---p 00000000 00:00 0 
7f34a9e03000-7f34a9eff000 rw-p 00000000 00:00 0 
7f34a9eff000-7f34a9f00000 ---p 00000000 00:00 0 
7f34a9f00000-7f34ac021000 rw-p 00000000 00:00 0 
7f34ac021000-7f34b0000000 ---p 00000000 00:00 0 
7f34b0000000-7f34b0021000 rw-p 00000000 00:00 0 
7f34b0021000-7f34b4000000 ---p 00000000 00:00 0 
7f34b4000000-7f34b4021000 rw-p 00000000 00:00 0 
7f34b4021000-7f34b8000000 ---p 00000000 00:00 0 
7f34b80c8000-7f34b80cd000 r--p 00000000 00:33 8596472621                 /sfs/gpfs/tardis/applications/202512/software/standard/core/java/17/lib/libjsvml.so
7f34b80cd000-7f34b810e000 r-xp 00005000 00:33 8596472621                 /sfs/gpfs/tardis/applications/202512/software/standard/core/java/17/lib/libjsvml.so
7f34b810e000-7f34b8197000 r--p 00046000 00:33 8596472621                 /sfs/gpfs/tardis/applications/202512/software/standard/core/java/17/lib/libjsvml.so
7f34b8197000-7f34b8198000 r--p 000ce000 00:33 8596472621                 /sfs/gpfs/tardis/applications/202512/software/standard/core/java/17/lib/libjsvml.so
7f34b8198000-7f34b8199000 rw-p 000cf000 00:33 8596472621                 /sfs/gpfs/tardis/applications/202512/software/standard/core/java/17/lib/libjsvml.so
7f34b8199000-7f34b82b6000 rw-p 00000000 00:00 0 
7f34b82b6000-7f34b82b7000 ---p 00000000 00:00 0 
7f34b82b7000-7f34b83b7000 rw-p 00000000 00:00 0 
7f34b83b7000-7f34b83b8000 ---p 00000000 00:00 0 
7f34b83b8000-7f34b96ca000 rw-p 00000000 00:00 0 
7f34b96ca000-7f34b96cb000 ---p 00000000 00:00 0 
7f34b96cb000-7f34b97cb000 rw-p 00000000 00:00 0 
7f34b97cb000-7f34b97cc000 ---p 00000000 00:00 0 
7f34b97cc000-7f34b98cc000 rw-p 00000000 00:00 0 
7f34b98cc000-7f34b98cd000 ---p 00000000 00:00 0 
7f34b98cd000-7f34d23f9000 rw-p 00000000 00:00 0 
7f34d23f9000-7f34d7a39000 ---p 00000000 00:00 0 
7f34d7a39000-7f34f0379000 rw-p 00000000 00:00 0 
7f34f0379000-7f34f59b9000 ---p 00000000 00:00 0 
7f34f59b9000-7f34f8b51000 rw-p 00000000 00:00 0 
7f34f8b51000-7f34f9619000 ---p 00000000 00:00 0 
7f34f9619000-7f34fc741000 rw-p 00000000 00:00 0 
7f34fc741000-7f34fd209000 ---p 00000000 00:00 0 
7f34fd209000-7f3500331000 rw-p 00000000 00:00 0 
7f3500331000-7f3500df9000 ---p 00000000 00:00 0 
7f3500df9000-7f35013fe000 rw-p 00000000 00:00 0 
7f35013fe000-7f3501b5e000 rwxp 00000000 00:00 0 
7f3501b5e000-7f350885d000 ---p 00000000 00:00 0 
7f350885d000-7f3508b4d000 rwxp 00000000 00:00 0 
7f3508b4d000-7f3508f9e000 ---p 00000000 00:00 0 
7f3508f9e000-7f35092ae000 rwxp 00000000 00:00 0 
7f35092ae000-7f35103fe000 ---p 00000000 00:00 0 
7f35103fe000-7f3518000000 r--s 00000000 00:33 8596472637                 /sfs/gpfs/tardis/applications/202512/software/standard/core/java/17/lib/modules
7f3518000000-7f35185b6000 rw-p 00000000 00:00 0 
7f35185b6000-7f351c000000 ---p 00000000 00:00 0 
7f351c01b000-7f351c01d000 r--p 00000000 00:33 8596472625                 /sfs/gpfs/tardis/applications/202512/software/standard/core/java/17/lib/libmanagement_ext.so
7f351c01d000-7f351c020000 r-xp 00002000 00:33 8596472625                 /sfs/gpfs/tardis/applications/202512/software/standard/core/java/17/lib/libmanagement_ext.so
7f351c020000-7f351c021000 r--p 00005000 00:33 8596472625                 /sfs/gpfs/tardis/applications/202512/software/standard/core/java/17/lib/libmanagement_ext.so
7f351c021000-7f351c022000 ---p 00006000 00:33 8596472625                 /sfs/gpfs/tardis/applications/202512/software/standard/core/java/17/lib/libmanagement_ext.so
7f351c022000-7f351c023000 r--p 00006000 00:33 8596472625                 /sfs/gpfs/tardis/applications/202512/software/standard/core/java/17/lib/libmanagement_ext.so
7f351c023000-7f351c024000 rw-p 00007000 00:33 8596472625                 /sfs/gpfs/tardis/applications/202512/software/standard/core/java/17/lib/libmanagement_ext.so
7f351c024000-7f351c027000 r--p 00000000 00:33 8596472623                 /sfs/gpfs/tardis/applications/202512/software/standard/core/java/17/lib/libmanagement.so
7f351c027000-7f351c028000 r-xp 00003000 00:33 8596472623                 /sfs/gpfs/tardis/applications/202512/software/standard/core/java/17/lib/libmanagement.so
7f351c028000-7f351c029000 r--p 00004000 00:33 8596472623                 /sfs/gpfs/tardis/applications/202512/software/standard/core/java/17/lib/libmanagement.so
7f351c029000-7f351c02a000 r--p 00004000 00:33 8596472623                 /sfs/gpfs/tardis/applications/202512/software/standard/core/java/17/lib/libmanagement.so
7f351c02a000-7f351c02b000 rw-p 00005000 00:33 8596472623                 /sfs/gpfs/tardis/applications/202512/software/standard/core/java/17/lib/libmanagement.so
7f351c02b000-7f351c02f000 r--p 00000000 00:33 8596472635                 /sfs/gpfs/tardis/applications/202512/software/standard/core/java/17/lib/libverify.so
7f351c02f000-7f351c036000 r-xp 00004000 00:33 8596472635                 /sfs/gpfs/tardis/applications/202512/software/standard/core/java/17/lib/libverify.so
7f351c036000-7f351c038000 r--p 0000b000 00:33 8596472635                 /sfs/gpfs/tardis/applications/202512/software/standard/core/java/17/lib/libverify.so
7f351c038000-7f351c03a000 r--p 0000c000 00:33 8596472635                 /sfs/gpfs/tardis/applications/202512/software/standard/core/java/17/lib/libverify.so
7f351c03a000-7f351c03b000 rw-p 0000e000 00:33 8596472635                 /sfs/gpfs/tardis/applications/202512/software/standard/core/java/17/lib/libverify.so
7f351c03b000-7f351c03f000 r--p 00000000 00:33 8596472627                 /sfs/gpfs/tardis/applications/202512/software/standard/core/java/17/lib/libnet.so
7f351c03f000-7f351c04d000 r-xp 00004000 00:33 8596472627                 /sfs/gpfs/tardis/applications/202512/software/standard/core/java/17/lib/libnet.so
7f351c04d000-7f351c051000 r--p 00012000 00:33 8596472627                 /sfs/gpfs/tardis/applications/202512/software/standard/core/java/17/lib/libnet.so
7f351c051000-7f351c052000 r--p 00015000 00:33 8596472627                 /sfs/gpfs/tardis/applications/202512/software/standard/core/java/17/lib/libnet.so
7f351c052000-7f351c053000 rw-p 00016000 00:33 8596472627                 /sfs/gpfs/tardis/applications/202512/software/standard/core/java/17/lib/libnet.so
7f351c053000-7f351c05a000 r--p 00000000 00:33 8596472628                 /sfs/gpfs/tardis/applications/202512/software/standard/core/java/17/lib/libnio.so
7f351c05a000-7f351c063000 r-xp 00007000 00:33 8596472628                 /sfs/gpfs/tardis/applications/202512/software/standard/core/java/17/lib/libnio.so
7f351c063000-7f351c067000 r--p 00010000 00:33 8596472628                 /sfs/gpfs/tardis/applications/202512/software/standard/core/java/17/lib/libnio.so
7f351c067000-7f351c068000 ---p 00014000 00:33 8596472628                 /sfs/gpfs/tardis/applications/202512/software/standard/core/java/17/lib/libnio.so
7f351c068000-7f351c069000 r--p 00014000 00:33 8596472628                 /sfs/gpfs/tardis/applications/202512/software/standard/core/java/17/lib/libnio.so
7f351c069000-7f351c06a000 rw-p 00015000 00:33 8596472628                 /sfs/gpfs/tardis/applications/202512/software/standard/core/java/17/lib/libnio.so
7f351c06a000-7f351cd7e000 rw-p 00000000 00:00 0 
7f351cd7e000-7f351ce60000 ---p 00000000 00:00 0 
7f351ce60000-7f351ce6f000 rw-p 00000000 00:00 0 
7f351ce6f000-7f351cf49000 ---p 00000000 00:00 0 
7f351cf49000-7f351cf4b000 r--p 00000000 00:33 8596472636                 /sfs/gpfs/tardis/applications/202512/software/standard/core/java/17/lib/libzip.so
7f351cf4b000-7f351cf5d000 r-xp 00002000 00:33 8596472636                 /sfs/gpfs/tardis/applications/202512/software/standard/core/java/17/lib/libzip.so
7f351cf5d000-7f351cf65000 r--p 00014000 00:33 8596472636                 /sfs/gpfs/tardis/applications/202512/software/standard/core/java/17/lib/libzip.so
7f351cf65000-7f351cf66000 r--p 0001b000 00:33 8596472636                 /sfs/gpfs/tardis/applications/202512/software/standard/core/java/17/lib/libzip.so
7f351cf66000-7f351cf67000 rw-p 0001c000 00:33 8596472636                 /sfs/gpfs/tardis/applications/202512/software/standard/core/java/17/lib/libzip.so
7f351cf67000-7f351cf72000 r-xp 00000000 00:29 41352995                   /usr/lib64/libnss_files-2.28.so
7f351cf72000-7f351d172000 ---p 0000b000 00:29 41352995                   /usr/lib64/libnss_files-2.28.so
7f351d172000-7f351d173000 r--p 0000b000 00:29 41352995                   /usr/lib64/libnss_files-2.28.so
7f351d173000-7f351d174000 rw-p 0000c000 00:29 41352995                   /usr/lib64/libnss_files-2.28.so
7f351d174000-7f351d17a000 rw-p 00000000 00:00 0 
7f351d17a000-7f351d181000 r-xp 00000000 00:29 41352993                   /usr/lib64/libnss_db-2.28.so
7f351d181000-7f351d380000 ---p 00007000 00:29 41352993                   /usr/lib64/libnss_db-2.28.so
7f351d380000-7f351d381000 r--p 00006000 00:29 41352993                   /usr/lib64/libnss_db-2.28.so
7f351d381000-7f351d382000 rw-p 00007000 00:29 41352993                   /usr/lib64/libnss_db-2.28.so
7f351d382000-7f351d385000 rw-p 00000000 00:00 0 
7f351d385000-7f351d5fd000 r--p 00000000 00:29 42290259                   /usr/lib/locale/en_US.utf8/LC_COLLATE
7f351d5fd000-7f351d77e000 r-xp 00000000 00:29 41352876                   /usr/lib64/libm-2.28.so
7f351d77e000-7f351d97d000 ---p 00181000 00:29 41352876                   /usr/lib64/libm-2.28.so
7f351d97d000-7f351d97e000 r--p 00180000 00:29 41352876                   /usr/lib64/libm-2.28.so
7f351d97e000-7f351d97f000 rw-p 00181000 00:29 41352876                   /usr/lib64/libm-2.28.so
7f351d97f000-7f351d986000 r-xp 00000000 00:29 41353205                   /usr/lib64/librt-2.28.so
7f351d986000-7f351db85000 ---p 00007000 00:29 41353205                   /usr/lib64/librt-2.28.so
7f351db85000-7f351db86000 r--p 00006000 00:29 41353205                   /usr/lib64/librt-2.28.so
7f351db86000-7f351db87000 rw-p 00007000 00:29 41353205                   /usr/lib64/librt-2.28.so
7f351db87000-7f351ddda000 r--p 00000000 00:33 8596472651                 /sfs/gpfs/tardis/applications/202512/software/standard/core/java/17/lib/server/libjvm.so
7f351ddda000-7f351eb03000 r-xp 00253000 00:33 8596472651                 /sfs/gpfs/tardis/applications/202512/software/standard/core/java/17/lib/server/libjvm.so
7f351eb03000-7f351ed90000 r--p 00f7c000 00:33 8596472651                 /sfs/gpfs/tardis/applications/202512/software/standard/core/java/17/lib/server/libjvm.so
7f351ed90000-7f351ed91000 ---p 01209000 00:33 8596472651                 /sfs/gpfs/tardis/applications/202512/software/standard/core/java/17/lib/server/libjvm.so
7f351ed91000-7f351ee4a000 r--p 01209000 00:33 8596472651                 /sfs/gpfs/tardis/applications/202512/software/standard/core/java/17/lib/server/libjvm.so
7f351ee4a000-7f351ee7f000 rw-p 012c2000 00:33 8596472651                 /sfs/gpfs/tardis/applications/202512/software/standard/core/java/17/lib/server/libjvm.so
7f351ee7f000-7f351eeda000 rw-p 00000000 00:00 0 
7f351eeda000-7f351f0a7000 r-xp 00000000 00:29 41352421                   /usr/lib64/libc-2.28.so
7f351f0a7000-7f351f2a6000 ---p 001cd000 00:29 41352421                   /usr/lib64/libc-2.28.so
7f351f2a6000-7f351f2aa000 r--p 001cc000 00:29 41352421                   /usr/lib64/libc-2.28.so
7f351f2aa000-7f351f2ac000 rw-p 001d0000 00:29 41352421                   /usr/lib64/libc-2.28.so
7f351f2ac000-7f351f2b0000 rw-p 00000000 00:00 0 
7f351f2b0000-7f351f2b3000 r-xp 00000000 00:29 41352530                   /usr/lib64/libdl-2.28.so
7f351f2b3000-7f351f4b2000 ---p 00003000 00:29 41352530                   /usr/lib64/libdl-2.28.so
7f351f4b2000-7f351f4b3000 r--p 00002000 00:29 41352530                   /usr/lib64/libdl-2.28.so
7f351f4b3000-7f351f4b4000 rw-p 00003000 00:29 41352530                   /usr/lib64/libdl-2.28.so
7f351f4b4000-7f351f4cf000 r-xp 00000000 00:29 41353149                   /usr/lib64/libpthread-2.28.so
7f351f4cf000-7f351f6ce000 ---p 0001b000 00:29 41353149                   /usr/lib64/libpthread-2.28.so
7f351f6ce000-7f351f6cf000 r--p 0001a000 00:29 41353149                   /usr/lib64/libpthread-2.28.so
7f351f6cf000-7f351f6d0000 rw-p 0001b000 00:29 41353149                   /usr/lib64/libpthread-2.28.so
7f351f6d0000-7f351f6d4000 rw-p 00000000 00:00 0 
7f351f6d4000-7f351f703000 r-xp 00000000 00:29 41352045                   /usr/lib64/ld-2.28.so
7f351f707000-7f351f708000 r--p 00000000 00:33 8596472606                 /sfs/gpfs/tardis/applications/202512/software/standard/core/java/17/lib/libextnet.so
7f351f708000-7f351f709000 r-xp 00001000 00:33 8596472606                 /sfs/gpfs/tardis/applications/202512/software/standard/core/java/17/lib/libextnet.so
7f351f709000-7f351f70a000 r--p 00002000 00:33 8596472606                 /sfs/gpfs/tardis/applications/202512/software/standard/core/java/17/lib/libextnet.so
7f351f70a000-7f351f70b000 r--p 00002000 00:33 8596472606                 /sfs/gpfs/tardis/applications/202512/software/standard/core/java/17/lib/libextnet.so
7f351f70b000-7f351f70c000 rw-p 00003000 00:33 8596472606                 /sfs/gpfs/tardis/applications/202512/software/standard/core/java/17/lib/libextnet.so
7f351f70c000-7f351f712000 rw-p 00000000 00:00 0 
7f351f712000-7f351f71b000 ---p 00000000 00:00 0 
7f351f71b000-7f351f71c000 r--s 00000000 203:97233 4334508089525993473    /sfs/weka/scratch/wxw9rr/tmp/pitest-agent4297895672587801351.jar
7f351f71c000-7f351f724000 rw-s 00000000 00:2d 86413700                   /tmp/hsperfdata_wxw9rr/700990
7f351f724000-7f351f777000 r--p 00000000 00:29 42289927                   /usr/lib/locale/C.utf8/LC_CTYPE
7f351f777000-7f351f778000 r--p 00000000 00:29 42290264                   /usr/lib/locale/en_US.utf8/LC_NUMERIC
7f351f778000-7f351f779000 r--p 00000000 00:29 42290267                   /usr/lib/locale/en_US.utf8/LC_TIME
7f351f779000-7f351f77a000 r--p 00000000 00:29 42290262                   /usr/lib/locale/en_US.utf8/LC_MONETARY
7f351f77a000-7f351f77b000 r--p 00000000 00:29 42290268                   /usr/lib/locale/en_US.utf8/LC_MESSAGES/SYS_LC_MESSAGES
7f351f77b000-7f351f77c000 r--p 00000000 00:29 42290265                   /usr/lib/locale/en_US.utf8/LC_PAPER
7f351f77c000-7f351f783000 r--s 00000000 00:29 41660342                   /usr/lib64/gconv/gconv-modules.cache
7f351f783000-7f351f791000 r--p 00000000 00:33 8596472613                 /sfs/gpfs/tardis/applications/202512/software/standard/core/java/17/lib/libjava.so
7f351f791000-7f351f7a3000 r-xp 0000e000 00:33 8596472613                 /sfs/gpfs/tardis/applications/202512/software/standard/core/java/17/lib/libjava.so
7f351f7a3000-7f351f7a9000 r--p 00020000 00:33 8596472613                 /sfs/gpfs/tardis/applications/202512/software/standard/core/java/17/lib/libjava.so
7f351f7a9000-7f351f7aa000 ---p 00026000 00:33 8596472613                 /sfs/gpfs/tardis/applications/202512/software/standard/core/java/17/lib/libjava.so
7f351f7aa000-7f351f7ab000 r--p 00026000 00:33 8596472613                 /sfs/gpfs/tardis/applications/202512/software/standard/core/java/17/lib/libjava.so
7f351f7ab000-7f351f7ac000 rw-p 00027000 00:33 8596472613                 /sfs/gpfs/tardis/applications/202512/software/standard/core/java/17/lib/libjava.so
7f351f7ac000-7f351f7ad000 rw-p 00000000 00:00 0 
7f351f7ad000-7f351f7b1000 r--p 00000000 00:33 8596472617                 /sfs/gpfs/tardis/applications/202512/software/standard/core/java/17/lib/libjimage.so
7f351f7b1000-7f351f7c4000 r-xp 00004000 00:33 8596472617                 /sfs/gpfs/tardis/applications/202512/software/standard/core/java/17/lib/libjimage.so
7f351f7c4000-7f351f7ca000 r--p 00017000 00:33 8596472617                 /sfs/gpfs/tardis/applications/202512/software/standard/core/java/17/lib/libjimage.so
7f351f7ca000-7f351f7cc000 r--p 0001c000 00:33 8596472617                 /sfs/gpfs/tardis/applications/202512/software/standard/core/java/17/lib/libjimage.so
7f351f7cc000-7f351f7cd000 rw-p 0001e000 00:33 8596472617                 /sfs/gpfs/tardis/applications/202512/software/standard/core/java/17/lib/libjimage.so
7f351f7cd000-7f351f7d1000 ---p 00000000 00:00 0 
7f351f7d1000-7f351f8d0000 rw-p 00000000 00:00 0 
7f351f8d0000-7f351f8d1000 r--p 00000000 00:29 42290263                   /usr/lib/locale/en_US.utf8/LC_NAME
7f351f8d1000-7f351f8d2000 r--p 00000000 00:29 42290258                   /usr/lib/locale/en_US.utf8/LC_ADDRESS
7f351f8d2000-7f351f8d3000 r--p 00000000 00:29 42290266                   /usr/lib/locale/en_US.utf8/LC_TELEPHONE
7f351f8d3000-7f351f8d4000 r--p 00000000 00:29 42290261                   /usr/lib/locale/en_US.utf8/LC_MEASUREMENT
7f351f8d4000-7f351f8d5000 r--p 00000000 00:29 42290260                   /usr/lib/locale/en_US.utf8/LC_IDENTIFICATION
7f351f8d5000-7f351f8d7000 r--p 00000000 00:33 8596472608                 /sfs/gpfs/tardis/applications/202512/software/standard/core/java/17/lib/libinstrument.so
7f351f8d7000-7f351f8dd000 r-xp 00002000 00:33 8596472608                 /sfs/gpfs/tardis/applications/202512/software/standard/core/java/17/lib/libinstrument.so
7f351f8dd000-7f351f8e0000 r--p 00008000 00:33 8596472608                 /sfs/gpfs/tardis/applications/202512/software/standard/core/java/17/lib/libinstrument.so
7f351f8e0000-7f351f8e1000 r--p 0000a000 00:33 8596472608                 /sfs/gpfs/tardis/applications/202512/software/standard/core/java/17/lib/libinstrument.so
7f351f8e1000-7f351f8e2000 rw-p 0000b000 00:33 8596472608                 /sfs/gpfs/tardis/applications/202512/software/standard/core/java/17/lib/libinstrument.so
7f351f8e2000-7f351f8e3000 ---p 00000000 00:00 0 
7f351f8e3000-7f351f8e4000 r--p 00000000 00:00 0 
7f351f8e4000-7f351f8e5000 ---p 00000000 00:00 0 
7f351f8e5000-7f351f8e8000 r--p 00000000 00:33 8596472618                 /sfs/gpfs/tardis/applications/202512/software/standard/core/java/17/lib/libjli.so
7f351f8e8000-7f351f8f8000 r-xp 00003000 00:33 8596472618                 /sfs/gpfs/tardis/applications/202512/software/standard/core/java/17/lib/libjli.so
7f351f8f8000-7f351f8ff000 r--p 00013000 00:33 8596472618                 /sfs/gpfs/tardis/applications/202512/software/standard/core/java/17/lib/libjli.so
7f351f8ff000-7f351f900000 r--p 00019000 00:33 8596472618                 /sfs/gpfs/tardis/applications/202512/software/standard/core/java/17/lib/libjli.so
7f351f900000-7f351f901000 rw-p 0001a000 00:33 8596472618                 /sfs/gpfs/tardis/applications/202512/software/standard/core/java/17/lib/libjli.so
7f351f901000-7f351f903000 rw-p 00000000 00:00 0 
7f351f903000-7f351f904000 r--p 0002f000 00:29 41352045                   /usr/lib64/ld-2.28.so
7f351f904000-7f351f906000 rw-p 00030000 00:29 41352045                   /usr/lib64/ld-2.28.so
7ffc62667000-7ffc6268c000 rw-p 00000000 00:00 0                          [stack]
7ffc62714000-7ffc62718000 r--p 00000000 00:00 0                          [vvar]
7ffc62718000-7ffc6271a000 r-xp 00000000 00:00 0                          [vdso]
ffffffffff600000-ffffffffff601000 r-xp 00000000 00:00 0                  [vsyscall]


VM Arguments:
jvm_args: -Dclassworlds.conf=/apps/software/standard/core/maven/3.9.0/bin/m2.conf -Dmaven.home=/apps/software/standard/core/maven/3.9.0 -Dlibrary.jansi.path=/apps/software/standard/core/maven/3.9.0/lib/jansi-native -Dmaven.multiModuleProjectDirectory=/scratch/wxw9rr/artifact/RQ3/OE25-DEV/commons-beanutils-1.9.4 -Djava.io.tmpdir=/sfs/weka/scratch/wxw9rr/tmp -javaagent:/sfs/weka/scratch/wxw9rr/tmp/pitest-agent4297895672587801351.jar -ea -Djava.awt.headless=true -XX:+UseG1GC -Djava.io.tmpdir=/sfs/weka/scratch/wxw9rr/tmp 
java_command: org.pitest.mutationtest.execute.MutationTestMinion 41413
java_class_path (initial): /sfs/weka/scratch/wxw9rr/artifact/RQ3/OE25-DEV/commons-beanutils-1.9.4/target/test-classes:/sfs/weka/scratch/wxw9rr/artifact/RQ3/OE25-DEV/commons-beanutils-1.9.4/target/classes:/home/wxw9rr/.m2/repository/commons-logging/commons-logging/1.2/commons-logging-1.2.jar:/home/wxw9rr/.m2/repository/commons-collections/commons-collections/3.2.2/commons-collections-3.2.2.jar:/home/wxw9rr/.m2/repository/commons-collections/commons-collections-testframework/3.2.1/commons-collections-testframework-3.2.1.jar:/home/wxw9rr/.m2/repository/junit/junit/4.12/junit-4.12.jar:/home/wxw9rr/.m2/repository/org/hamcrest/hamcrest-core/1.3/hamcrest-core-1.3.jar:/home/wxw9rr/.m2/repository/org/pitest/pitest/1.22.0/pitest-1.22.0.jar
Launcher Type: SUN_STANDARD

[Global flags]
     intx CICompilerCount                          = 12                                        {product} {ergonomic}
     uint ConcGCThreads                            = 5                                         {product} {ergonomic}
     uint G1ConcRefinementThreads                  = 18                                        {product} {ergonomic}
   size_t G1HeapRegionSize                         = 16777216                                  {product} {ergonomic}
    uintx GCDrainStackTargetSize                   = 64                                        {product} {ergonomic}
   size_t InitialHeapSize                          = 2147483648                                {product} {ergonomic}
   size_t MarkStackSize                            = 4194304                                   {product} {ergonomic}
   size_t MaxHeapSize                              = 32178700288                               {product} {ergonomic}
   size_t MaxNewSize                               = 19293798400                               {product} {ergonomic}
   size_t MinHeapDeltaBytes                        = 16777216                                  {product} {ergonomic}
   size_t MinHeapSize                              = 16777216                                  {product} {ergonomic}
    uintx NonNMethodCodeHeapSize                   = 7602480                                {pd product} {ergonomic}
    uintx NonProfiledCodeHeapSize                  = 122027880                              {pd product} {ergonomic}
    uintx ProfiledCodeHeapSize                     = 122027880                              {pd product} {ergonomic}
    uintx ReservedCodeCacheSize                    = 251658240                              {pd product} {ergonomic}
     bool SegmentedCodeCache                       = true                                      {product} {ergonomic}
   size_t SoftMaxHeapSize                          = 32178700288                            {manageable} {ergonomic}
     bool UseCompressedClassPointers               = true                           {product lp64_product} {ergonomic}
     bool UseCompressedOops                        = true                           {product lp64_product} {ergonomic}
     bool UseG1GC                                  = true                                      {product} {command line}

Logging:
Log output configuration:
 #0: stdout all=warning uptime,level,tags
 #1: stderr all=off uptime,level,tags

Environment Variables:
JAVA_HOME=/apps/software/standard/core/java/17
_JAVA_OPTIONS=-Djava.io.tmpdir=/sfs/weka/scratch/wxw9rr/tmp
PATH=/apps/software/standard/core/java/17:/apps/software/standard/core/java/17/bin:/apps/software/standard/core/maven/3.9.0:/apps/software/standard/core/maven/3.9.0/bin:/home/wxw9rr/.local/bin:/opt/mam/9.1.2/bin:/sfs/gpfs/tardis/applications/202512/software/standard/core/code-server/4.99.1/lib/vscode/bin/remote-cli:/apps/software/standard/core/code-server/4.99.1/bin:/apps/software/standard/core/miniforge/24.3.0-py3.11:/apps/software/standard/core/miniforge/24.3.0-py3.11/sbin:/apps/software/standard/core/miniforge/24.3.0-py3.11/bin:/sfs/gpfs/tardis/home/wxw9rr/miniforge3/bin:/sfs/gpfs/tardis/home/wxw9rr/miniforge3/condabin:/usr/local/bin:/usr/bin:/usr/local/sbin:/usr/sbin:/opt/slurm/current/bin:/opt/rci/bin:/share/resources/HPCtools:/opt/mam/current/bin:/opt/apptainer/current/bin:/sfs/gpfs/tardis/home/wxw9rr/.local/bin
LD_LIBRARY_PATH=/apps/software/standard/core/java/17/lib:/apps/software/standard/core/maven/3.9.0/lib:/opt/slurm/current/lib
SHELL=/bin/bash
LANG=en_US.UTF-8
TERM=xterm-256color
TMPDIR=/sfs/weka/scratch/wxw9rr/tmp
TMP=/sfs/weka/scratch/wxw9rr/tmp
TEMP=/sfs/weka/scratch/wxw9rr/tmp

Active Locale:
LC_ALL=en_US.UTF-8
LC_COLLATE=en_US.UTF-8
LC_CTYPE=en_US.UTF-8
LC_MESSAGES=en_US.UTF-8
LC_MONETARY=en_US.UTF-8
LC_NUMERIC=en_US.UTF-8
LC_TIME=en_US.UTF-8

Signal Handlers:
   SIGSEGV: crash_handler in libjvm.so, mask=11100100010111111101111111111110, flags=SA_RESTART|SA_SIGINFO, unblocked
    SIGBUS: crash_handler in libjvm.so, mask=11100100010111111101111111111110, flags=SA_RESTART|SA_SIGINFO, unblocked
    SIGFPE: crash_handler in libjvm.so, mask=11100100010111111101111111111110, flags=SA_RESTART|SA_SIGINFO, unblocked
   SIGPIPE: javaSignalHandler in libjvm.so, mask=11100100010111111101111111111110, flags=SA_RESTART|SA_SIGINFO, unblocked
   SIGXFSZ: javaSignalHandler in libjvm.so, mask=11100100010111111101111111111110, flags=SA_RESTART|SA_SIGINFO, unblocked
    SIGILL: crash_handler in libjvm.so, mask=11100100010111111101111111111110, flags=SA_RESTART|SA_SIGINFO, unblocked
   SIGUSR2: SR_handler in libjvm.so, mask=00100000000000000000000000000000, flags=SA_RESTART|SA_SIGINFO, unblocked
    SIGHUP: UserHandler in libjvm.so, mask=11100100010111111101111111111110, flags=SA_RESTART|SA_SIGINFO, unblocked
    SIGINT: UserHandler in libjvm.so, mask=11100100010111111101111111111110, flags=SA_RESTART|SA_SIGINFO, unblocked
   SIGTERM: UserHandler in libjvm.so, mask=11100100010111111101111111111110, flags=SA_RESTART|SA_SIGINFO, unblocked
   SIGQUIT: UserHandler in libjvm.so, mask=11100100010111111101111111111110, flags=SA_RESTART|SA_SIGINFO, unblocked
   SIGTRAP: crash_handler in libjvm.so, mask=11100100010111111101111111111110, flags=SA_RESTART|SA_SIGINFO, unblocked


Periodic native trim disabled


---------------  S Y S T E M  ---------------

OS:
Rocky Linux release 8.10 (Green Obsidian)
uname: Linux 4.18.0-553.47.1.el8_10.x86_64 #1 SMP Thu Apr 3 14:27:08 UTC 2025 x86_64
OS uptime: 88 days 17:20 hours
libc: glibc 2.28 NPTL 2.28 
rlimit (soft/hard): STACK 8192k/infinity , CORE infinity/infinity , NPROC 3094208/3094208 , NOFILE 65536/65536 , AS infinity/infinity , CPU infinity/infinity , DATA infinity/infinity , FSIZE infinity/infinity , MEMLOCK infinity/infinity
load average: 111.03 98.78 71.27

/proc/meminfo:
MemTotal:       792160700 kB
MemFree:        123055552 kB
MemAvailable:   359908304 kB
Buffers:           28000 kB
Cached:         257949884 kB
SwapCached:            0 kB
Active:         92641356 kB
Inactive:       535517656 kB
Active(anon):    9117852 kB
Inactive(anon): 381187784 kB
Active(file):   83523504 kB
Inactive(file): 154329872 kB
Unevictable:    16958460 kB
Mlocked:        16958460 kB
SwapTotal:             0 kB
SwapFree:              0 kB
Dirty:               260 kB
Writeback:           500 kB
AnonPages:      386937580 kB
Mapped:          3398788 kB
Shmem:          19759472 kB
KReclaimable:    4102692 kB
Slab:            6624444 kB
SReclaimable:    4102692 kB
SUnreclaim:      2521752 kB
KernelStack:      107024 kB
PageTables:       991084 kB
NFS_Unstable:          0 kB
Bounce:                0 kB
WritebackTmp:          0 kB
CommitLimit:    772820100 kB
Committed_AS:   772559980 kB
VmallocTotal:   13743895347199 kB
VmallocUsed:     2469928 kB
VmallocChunk:          0 kB
Percpu:           909312 kB
HardwareCorrupted:     0 kB
AnonHugePages:  131375104 kB
ShmemHugePages:        0 kB
ShmemPmdMapped:        0 kB
FileHugePages:         0 kB
FilePmdMapped:         0 kB
HugePages_Total:    5632
HugePages_Free:        0
HugePages_Rsvd:        0
HugePages_Surp:        0
Hugepagesize:       2048 kB
Hugetlb:        11534336 kB
DirectMap4k:     1240012 kB
DirectMap2M:    201951232 kB
DirectMap1G:    602931200 kB

/sys/kernel/mm/transparent_hugepage/enabled: [always] madvise never
/sys/kernel/mm/transparent_hugepage/hpage_pmd_size: 2097152
/sys/kernel/mm/transparent_hugepage/defrag (defrag/compaction efforts parameter): always defer defer+madvise [madvise] never

Process Memory:
Virtual Size: 34946808K (peak: 37207800K)
Resident Set Size: 10597880K (peak: 10597880K) (anon: 10579588K, file: 18260K, shmem: 32K)
Swapped out: 0K
C-Heap outstanding allocations: 64880K, retained: 115551K (may have wrapped)
glibc malloc tunables: (default)

/proc/sys/kernel/threads-max (system-wide limit on the number of threads): 6188417
/proc/sys/vm/max_map_count (maximum number of memory map areas a process may have): 65530
/proc/sys/vm/swappiness (control to define how aggressively the kernel swaps out anonymous memory): 10
/proc/sys/kernel/pid_max (system-wide limit on number of process identifiers): 999999

container (cgroup) information:
container_type: cgroupv1
cpu_cpuset_cpus: 0-23
cpu_memory_nodes: 0-1
active_processor_count: 24
cpu_quota: no quota
cpu_period: 100000
cpu_shares: no shares
memory_limit_in_bytes: 536870912 k
memory_and_swap_limit_in_bytes: 536870912 k
memory_soft_limit_in_bytes: unlimited
memory_usage_in_bytes: 367440100 k
memory_max_usage_in_bytes: 441547720 k
kernel_memory_limit_in_bytes: unlimited
kernel_memory_usage_in_bytes: 2618076 k
kernel_memory_max_usage_in_bytes: 2744848 k
maximum number of tasks: unlimited
current number of tasks: 3734

Steal ticks since vm start: 0
Steal ticks percentage since vm start:  0.000

CPU: total 96 (initial active 24) (48 cores per cpu, 1 threads per core) family 25 model 17 stepping 1 microcode 0xa10113b, cx8, cmov, fxsr, mmx, 3dnowpref, sse, sse2, sse3, ssse3, sse4a, sse4.1, sse4.2, popcnt, lzcnt, tsc, tscinvbit, avx, avx2, aes, erms, clmul, bmi1, bmi2, adx, avx512f, avx512dq, avx512cd, avx512bw, avx512vl, sha, fma, vzeroupper, avx512_vpopcntdq, avx512_vpclmulqdq, avx512_vaes, avx512_vnni, clflush, clflushopt, avx512_vbmi2, avx512_vbmi
CPU Model and flags from /proc/cpuinfo:
model name	: AMD EPYC 9454 48-Core Processor
flags		: fpu vme de pse tsc msr pae mce cx8 apic sep mtrr pge mca cmov pat pse36 clflush mmx fxsr sse sse2 ht syscall nx mmxext fxsr_opt pdpe1gb rdtscp lm constant_tsc rep_good amd_lbr_v2 nopl nonstop_tsc cpuid extd_apicid aperfmperf pni pclmulqdq monitor ssse3 fma cx16 pcid sse4_1 sse4_2 x2apic movbe popcnt aes xsave avx f16c rdrand lahf_lm cmp_legacy svm extapic cr8_legacy abm sse4a misalignsse 3dnowprefetch osvw ibs skinit wdt tce topoext perfctr_core perfctr_nb bpext perfctr_llc mwaitx cpb cat_l3 cdp_l3 invpcid_single hw_pstate ssbd mba perfmon_v2 ibrs ibpb stibp ibrs_enhanced vmmcall fsgsbase bmi1 avx2 smep bmi2 erms invpcid cqm rdt_a avx512f avx512dq rdseed adx smap avx512ifma clflushopt clwb avx512cd sha_ni avx512bw avx512vl xsaveopt xsavec xgetbv1 xsaves cqm_llc cqm_occup_llc cqm_mbm_total cqm_mbm_local avx512_bf16 clzero irperf xsaveerptr wbnoinvd amd_ppin cppc arat npt lbrv svm_lock nrip_save tsc_scale vmcb_clean flushbyasid decodeassists pausefilter pfthreshold avic v_vmsave_vmload vgif x2avic v_spec_ctrl avx512vbmi umip pku ospke avx512_vbmi2 gfni vaes vpclmulqdq avx512_vnni avx512_bitalg avx512_vpopcntdq la57 rdpid overflow_recov succor smca fsrm flush_l1d

Online cpus: 0-95
Offline cpus: 96-511
BIOS frequency limitation: 2750000
Frequency switch latency (ns): 0
Available cpu frequencies: 2750000 2100000 1500000 
Current governor: performance
Core performance/turbo boost: 1

Memory: 4k page, physical 536870912k(170058076k free), swap 0k(0k free)
Page Sizes: 4k

vm_info: OpenJDK 64-Bit Server VM (17.0.15+6) for linux-amd64 JRE (17.0.15+6), built on Apr 15 2025 00:00:00 by "admin" with gcc 10.3.0

END.
