/home/tasfia/Desktop/OE25-DEV/projects_decomposed/commons-collections4
removed from meta: 0
bad_ids: 0
removed from inputs: 0
/home/tasfia/Desktop/OE25-DEV/projects_decomposed/commons-geometry
removed from meta: 0
bad_ids: 0
removed from inputs: 0
/home/tasfia/Desktop/OE25-DEV/projects_decomposed/commons-jcs3
removed from meta: 0
bad_ids: 0
removed from inputs: 0
/home/tasfia/Desktop/OE25-DEV/projects_decomposed/commons-jexl3
removed from meta: 0
bad_ids: 0
removed from inputs: 0
/home/tasfia/Desktop/OE25-DEV/projects_decomposed/commons-lang3
removed from meta: 0
bad_ids: 0
removed from inputs: 0
/home/tasfia/Desktop/OE25-DEV/projects_decomposed/commons-rng
removed from meta: 0
bad_ids: 0
removed from inputs: 0
/home/tasfia/Desktop/OE25-DEV/projects_decomposed/commons-pool2
removed from meta: 0
bad_ids: 0
removed from inputs: 0
/home/tasfia/Desktop/OE25-DEV/projects_decomposed/joda-time
removed from meta: 0
bad_ids: 0
removed from inputs: 0
/home/tasfia/Desktop/OE25-DEV
/home/tasfia/Desktop/OE25-DEV/projects_decomposed/commons-net
removed from meta: 0
bad_ids: 0
removed from inputs: 0
/home/tasfia/Desktop/OE25-DEV/projects_decomposed/commons-beanutils
removed from meta: 0
bad_ids: 0
removed from inputs: 0
/home/tasfia/Desktop/OE25-DEV/projects_decomposed/commons-vfs
removed from meta: 0
bad_ids: 0
removed from inputs: 0
/home/tasfia/Desktop/OE25-DEV/projects_decomposed/commons-weaver
removed from meta: 0
bad_ids: 0
removed from inputs: 0
/home/tasfia/Desktop/OE25-DEV/projects_decomposed/scribejava
removed from meta: 0
bad_ids: 0
removed from inputs: 0
/home/tasfia/Desktop/OE25-DEV/projects_decomposed/spark
removed from meta: 0
bad_ids: 0
removed from inputs: 0
Processing JSON-java
Wrote /home/tasfia/Desktop/OE25-DEV/projects_decomposed/JSON-java/src/test/java/org/json/junit/PropertyTest_OE25Dev.java
Wrote /home/tasfia/Desktop/OE25-DEV/projects_decomposed/JSON-java/src/test/java/org/json/junit/CookieTest_OE25Dev.java
Wrote /home/tasfia/Desktop/OE25-DEV/projects_decomposed/JSON-java/src/test/java/org/json/junit/JSONObjectLocaleTest_OE25Dev.java
Wrote /home/tasfia/Desktop/OE25-DEV/projects_decomposed/JSON-java/src/test/java/org/json/junit/JSONMLTest_OE25Dev.java
Wrote /home/tasfia/Desktop/OE25-DEV/projects_decomposed/JSON-java/src/test/java/org/json/junit/JSONPointerTest_OE25Dev.java
Wrote /home/tasfia/Desktop/OE25-DEV/projects_decomposed/JSON-java/src/test/java/org/json/junit/XMLTest_OE25Dev.java
Wrote /home/tasfia/Desktop/OE25-DEV/projects_decomposed/JSON-java/src/test/java/org/json/junit/XMLConfigurationTest_OE25Dev.java
Wrote /home/tasfia/Desktop/OE25-DEV/projects_decomposed/JSON-java/src/test/java/org/json/junit/JSONObjectTest_OE25Dev.java
Wrote /home/tasfia/Desktop/OE25-DEV/projects_decomposed/JSON-java/src/test/java/org/json/junit/JSONTokenerTest_OE25Dev.java
Wrote /home/tasfia/Desktop/OE25-DEV/projects_decomposed/JSON-java/src/test/java/org/json/junit/EnumTest_OE25Dev.java
Wrote /home/tasfia/Desktop/OE25-DEV/projects_decomposed/JSON-java/src/test/java/org/json/junit/JSONArrayTest_OE25Dev.java
Wrote /home/tasfia/Desktop/OE25-DEV/projects_decomposed/JSON-java/src/test/java/org/json/junit/CookieListTest_OE25Dev.java
Wrote /home/tasfia/Desktop/OE25-DEV/projects_decomposed/JSON-java/src/test/java/org/json/junit/CDLTest_OE25Dev.java
Wrote /home/tasfia/Desktop/OE25-DEV/projects_decomposed/JSON-java/src/test/java/org/json/junit/JSONStringTest_OE25Dev.java
Wrote /home/tasfia/Desktop/OE25-DEV/projects_decomposed/JSON-java/src/test/java/org/json/junit/JSONStringerTest_OE25Dev.java
Wrote /home/tasfia/Desktop/OE25-DEV/projects_decomposed/JSON-java/src/test/java/org/json/junit/HTTPTest_OE25Dev.java
Processing async-http-client
Wrote /home/tasfia/Desktop/OE25-DEV/projects_decomposed/async-http-client/extras/rxjava/src/test/java/org/asynchttpclient/extras/rxjava/single/AsyncHttpSingleTest_OE25Dev.java
Wrote /home/tasfia/Desktop/OE25-DEV/projects_decomposed/async-http-client/extras/rxjava2/src/test/java/org/asynchttpclient/extras/rxjava2/DefaultRxHttpClientTest_OE25Dev.java
Wrote /home/tasfia/Desktop/OE25-DEV/projects_decomposed/async-http-client/extras/rxjava2/src/test/java/org/asynchttpclient/extras/rxjava2/maybe/AbstractMaybeProgressAsyncHandlerBridgeTest_OE25Dev.java
Wrote /home/tasfia/Desktop/OE25-DEV/projects_decomposed/async-http-client/extras/rxjava2/src/test/java/org/asynchttpclient/extras/rxjava2/maybe/AbstractMaybeAsyncHandlerBridgeTest_OE25Dev.java
Wrote /home/tasfia/Desktop/OE25-DEV/projects_decomposed/async-http-client/extras/registry/src/test/java/org/asynchttpclient/extras/registry/AsyncHttpClientRegistryTest_OE25Dev.java
Wrote /home/tasfia/Desktop/OE25-DEV/projects_decomposed/async-http-client/extras/retrofit2/src/test/java/org/asynchttpclient/extras/retrofit/AsyncHttpRetrofitIntegrationTest_OE25Dev.java
Wrote /home/tasfia/Desktop/OE25-DEV/projects_decomposed/async-http-client/extras/retrofit2/src/test/java/org/asynchttpclient/extras/retrofit/AsyncHttpClientCallTest_OE25Dev.java
Wrote /home/tasfia/Desktop/OE25-DEV/projects_decomposed/async-http-client/extras/retrofit2/src/test/java/org/asynchttpclient/extras/retrofit/AsyncHttpClientCallFactoryTest_OE25Dev.java
Wrote /home/tasfia/Desktop/OE25-DEV/projects_decomposed/async-http-client/client/src/test/java/org/asynchttpclient/RetryRequestTest_OE25Dev.java
Wrote /home/tasfia/Desktop/OE25-DEV/projects_decomposed/async-http-client/client/src/test/java/org/asynchttpclient/PerRequestTimeoutTest_OE25Dev.java
Wrote /home/tasfia/Desktop/OE25-DEV/projects_decomposed/async-http-client/client/src/test/java/org/asynchttpclient/IdleStateHandlerTest_OE25Dev.java
Wrote /home/tasfia/Desktop/OE25-DEV/projects_decomposed/async-http-client/client/src/test/java/org/asynchttpclient/RequestBuilderTest_OE25Dev.java
Wrote /home/tasfia/Desktop/OE25-DEV/projects_decomposed/async-http-client/client/src/test/java/org/asynchttpclient/AsyncHttpClientDefaultsTest_OE25Dev.java
Wrote /home/tasfia/Desktop/OE25-DEV/projects_decomposed/async-http-client/client/src/test/java/org/asynchttpclient/RealmTest_OE25Dev.java
Wrote /home/tasfia/Desktop/OE25-DEV/projects_decomposed/async-http-client/client/src/test/java/org/asynchttpclient/ntlm/NtlmTest_OE25Dev.java
Wrote /home/tasfia/Desktop/OE25-DEV/projects_decomposed/async-http-client/client/src/test/java/org/asynchttpclient/reactivestreams/ReactiveStreamsErrorTest_OE25Dev.java
Wrote /home/tasfia/Desktop/OE25-DEV/projects_decomposed/async-http-client/client/src/test/java/org/asynchttpclient/request/body/generator/FeedableBodyGeneratorTest_OE25Dev.java
Wrote /home/tasfia/Desktop/OE25-DEV/projects_decomposed/async-http-client/client/src/test/java/org/asynchttpclient/proxy/ProxyTest_OE25Dev.java
Wrote /home/tasfia/Desktop/OE25-DEV/projects_decomposed/async-http-client/client/src/test/java/org/asynchttpclient/netty/NettyResponseFutureTest_OE25Dev.java
Wrote /home/tasfia/Desktop/OE25-DEV/projects_decomposed/async-http-client/client/src/test/java/org/asynchttpclient/netty/NettyConnectionResetByPeerTest_OE25Dev.java
Wrote /home/tasfia/Desktop/OE25-DEV/projects_decomposed/async-http-client/client/src/test/java/org/asynchttpclient/netty/NettyAsyncResponseTest_OE25Dev.java
Wrote /home/tasfia/Desktop/OE25-DEV/projects_decomposed/async-http-client/client/src/test/java/org/asynchttpclient/spnego/SpnegoEngineTest_OE25Dev.java
Wrote /home/tasfia/Desktop/OE25-DEV/projects_decomposed/async-http-client/client/src/test/java/org/asynchttpclient/filter/FilterTest_OE25Dev.java
Wrote /home/tasfia/Desktop/OE25-DEV/projects_decomposed/async-http-client/client/src/test/java/org/asynchttpclient/oauth/OAuthSignatureCalculatorTest_OE25Dev.java
Wrote /home/tasfia/Desktop/OE25-DEV/projects_decomposed/async-http-client/client/src/test/java/org/asynchttpclient/util/HttpUtilsTest_OE25Dev.java
Wrote /home/tasfia/Desktop/OE25-DEV/projects_decomposed/async-http-client/client/src/test/java/org/asynchttpclient/util/Utf8UrlEncoderTest_OE25Dev.java
Wrote /home/tasfia/Desktop/OE25-DEV/projects_decomposed/async-http-client/client/src/test/java/org/asynchttpclient/handler/resumable/ResumableAsyncHandlerTest_OE25Dev.java
Wrote /home/tasfia/Desktop/OE25-DEV/projects_decomposed/async-http-client/client/src/test/java/org/asynchttpclient/handler/resumable/PropertiesBasedResumableProcessorTest_OE25Dev.java
Wrote /home/tasfia/Desktop/OE25-DEV/projects_decomposed/async-http-client/client/src/test/java/org/asynchttpclient/uri/UriTest_OE25Dev.java
Wrote /home/tasfia/Desktop/OE25-DEV/projects_decomposed/async-http-client/client/src/test/java/org/asynchttpclient/uri/UriParserTest_OE25Dev.java
Wrote /home/tasfia/Desktop/OE25-DEV/projects_decomposed/async-http-client/extras/simple/src/test/java/org/asynchttpclient/extras/simple/SimpleAsyncClientErrorBehaviourTest_OE25Dev.java
Wrote /home/tasfia/Desktop/OE25-DEV/projects_decomposed/async-http-client/extras/simple/src/test/java/org/asynchttpclient/extras/simple/HttpsProxyTest_OE25Dev.java
Wrote /home/tasfia/Desktop/OE25-DEV/projects_decomposed/async-http-client/extras/simple/src/test/java/org/asynchttpclient/extras/simple/SimpleAsyncHttpClientTest_OE25Dev.java
Wrote /home/tasfia/Desktop/OE25-DEV/projects_decomposed/async-http-client/client/src/test/java/org/asynchttpclient/ClientStatsTest_OE25Dev.java
Wrote /home/tasfia/Desktop/OE25-DEV/projects_decomposed/async-http-client/client/src/test/java/org/asynchttpclient/AsyncStreamLifecycleTest_OE25Dev.java
Wrote /home/tasfia/Desktop/OE25-DEV/projects_decomposed/async-http-client/client/src/test/java/org/asynchttpclient/DefaultAsyncHttpClientTest_OE25Dev.java
Wrote /home/tasfia/Desktop/OE25-DEV/projects_decomposed/async-http-client/client/src/test/java/org/asynchttpclient/PostWithQueryStringTest_OE25Dev.java
Wrote /home/tasfia/Desktop/OE25-DEV/projects_decomposed/async-http-client/client/src/test/java/org/asynchttpclient/BasicHttpProxyToHttpsTest_OE25Dev.java
Wrote /home/tasfia/Desktop/OE25-DEV/projects_decomposed/async-http-client/client/src/test/java/org/asynchttpclient/RedirectConnectionUsageTest_OE25Dev.java
Wrote /home/tasfia/Desktop/OE25-DEV/projects_decomposed/async-http-client/client/src/test/java/org/asynchttpclient/BasicAuthTest_OE25Dev.java
Wrote /home/tasfia/Desktop/OE25-DEV/projects_decomposed/async-http-client/client/src/test/java/org/asynchttpclient/NoNullResponseTest_OE25Dev.java
Wrote /home/tasfia/Desktop/OE25-DEV/projects_decomposed/async-http-client/client/src/test/java/org/asynchttpclient/ThreadNameTest_OE25Dev.java
Wrote /home/tasfia/Desktop/OE25-DEV/projects_decomposed/async-http-client/client/src/test/java/org/asynchttpclient/ParamEncodingTest_OE25Dev.java
Wrote /home/tasfia/Desktop/OE25-DEV/projects_decomposed/async-http-client/client/src/test/java/org/asynchttpclient/RedirectBodyTest_OE25Dev.java
Wrote /home/tasfia/Desktop/OE25-DEV/projects_decomposed/async-http-client/client/src/test/java/org/asynchttpclient/ComplexClientTest_OE25Dev.java
Wrote /home/tasfia/Desktop/OE25-DEV/projects_decomposed/async-http-client/client/src/test/java/org/asynchttpclient/Expect100ContinueTest_OE25Dev.java
Wrote /home/tasfia/Desktop/OE25-DEV/projects_decomposed/async-http-client/client/src/test/java/org/asynchttpclient/MultipleHeaderTest_OE25Dev.java
Wrote /home/tasfia/Desktop/OE25-DEV/projects_decomposed/async-http-client/client/src/test/java/org/asynchttpclient/DigestAuthTest_OE25Dev.java
Wrote /home/tasfia/Desktop/OE25-DEV/projects_decomposed/async-http-client/client/src/test/java/org/asynchttpclient/ByteBufferCapacityTest_OE25Dev.java
Wrote /home/tasfia/Desktop/OE25-DEV/projects_decomposed/async-http-client/client/src/test/java/org/asynchttpclient/RC1KTest_OE25Dev.java
Wrote /home/tasfia/Desktop/OE25-DEV/projects_decomposed/async-http-client/client/src/test/java/org/asynchttpclient/QueryParametersTest_OE25Dev.java
Wrote /home/tasfia/Desktop/OE25-DEV/projects_decomposed/async-http-client/client/src/test/java/org/asynchttpclient/Head302Test_OE25Dev.java
Wrote /home/tasfia/Desktop/OE25-DEV/projects_decomposed/async-http-client/client/src/test/java/org/asynchttpclient/reactivestreams/ReactiveStreamsRetryTest_OE25Dev.java
Wrote /home/tasfia/Desktop/OE25-DEV/projects_decomposed/async-http-client/client/src/test/java/org/asynchttpclient/reactivestreams/ReactiveStreamsDownloadTest_OE25Dev.java
Wrote /home/tasfia/Desktop/OE25-DEV/projects_decomposed/async-http-client/client/src/test/java/org/asynchttpclient/request/body/BodyChunkTest_OE25Dev.java
Wrote /home/tasfia/Desktop/OE25-DEV/projects_decomposed/async-http-client/client/src/test/java/org/asynchttpclient/request/body/ZeroCopyFileTest_OE25Dev.java
Wrote /home/tasfia/Desktop/OE25-DEV/projects_decomposed/async-http-client/client/src/test/java/org/asynchttpclient/request/body/FilePartLargeFileTest_OE25Dev.java
Wrote /home/tasfia/Desktop/OE25-DEV/projects_decomposed/async-http-client/client/src/test/java/org/asynchttpclient/request/body/InputStreamTest_OE25Dev.java
Wrote /home/tasfia/Desktop/OE25-DEV/projects_decomposed/async-http-client/client/src/test/java/org/asynchttpclient/request/body/TransferListenerTest_OE25Dev.java
Wrote /home/tasfia/Desktop/OE25-DEV/projects_decomposed/async-http-client/client/src/test/java/org/asynchttpclient/request/body/EmptyBodyTest_OE25Dev.java
Wrote /home/tasfia/Desktop/OE25-DEV/projects_decomposed/async-http-client/client/src/test/java/org/asynchttpclient/request/body/InputStreamPartLargeFileTest_OE25Dev.java
Wrote /home/tasfia/Desktop/OE25-DEV/projects_decomposed/async-http-client/client/src/test/java/org/asynchttpclient/request/body/multipart/MultipartBodyTest_OE25Dev.java
Wrote /home/tasfia/Desktop/OE25-DEV/projects_decomposed/async-http-client/client/src/test/java/org/asynchttpclient/request/body/multipart/MultipartUploadTest_OE25Dev.java
Wrote /home/tasfia/Desktop/OE25-DEV/projects_decomposed/async-http-client/client/src/test/java/org/asynchttpclient/request/body/multipart/part/MultipartPartTest_OE25Dev.java
Wrote /home/tasfia/Desktop/OE25-DEV/projects_decomposed/async-http-client/client/src/test/java/org/asynchttpclient/proxy/NTLMProxyTest_OE25Dev.java
Wrote /home/tasfia/Desktop/OE25-DEV/projects_decomposed/async-http-client/client/src/test/java/org/asynchttpclient/proxy/HttpsProxyTest_OE25Dev.java
Wrote /home/tasfia/Desktop/OE25-DEV/projects_decomposed/async-http-client/client/src/test/java/org/asynchttpclient/proxy/CustomHeaderProxyTest_OE25Dev.java
Wrote /home/tasfia/Desktop/OE25-DEV/projects_decomposed/async-http-client/client/src/test/java/org/asynchttpclient/ws/CloseCodeReasonMessageTest_OE25Dev.java
Wrote /home/tasfia/Desktop/OE25-DEV/projects_decomposed/async-http-client/client/src/test/java/org/asynchttpclient/ws/ByteMessageTest_OE25Dev.java
Wrote /home/tasfia/Desktop/OE25-DEV/projects_decomposed/async-http-client/client/src/test/java/org/asynchttpclient/ws/TextMessageTest_OE25Dev.java
Wrote /home/tasfia/Desktop/OE25-DEV/projects_decomposed/async-http-client/client/src/test/java/org/asynchttpclient/ws/RedirectTest_OE25Dev.java
Wrote /home/tasfia/Desktop/OE25-DEV/projects_decomposed/async-http-client/client/src/test/java/org/asynchttpclient/handler/BodyDeferringAsyncHandlerTest_OE25Dev.java
Wrote /home/tasfia/Desktop/OE25-DEV/projects_decomposed/async-http-client/client/src/test/java/org/asynchttpclient/channel/MaxConnectionsInThreads_OE25Dev.java
Wrote /home/tasfia/Desktop/OE25-DEV/projects_decomposed/async-http-client/client/src/test/java/org/asynchttpclient/channel/ConnectionPoolTest_OE25Dev.java
Wrote /home/tasfia/Desktop/OE25-DEV/projects_decomposed/async-http-client/client/src/test/java/org/asynchttpclient/channel/MaxTotalConnectionTest_OE25Dev.java
Wrote /home/tasfia/Desktop/OE25-DEV/projects_decomposed/async-http-client/client/src/test/java/org/asynchttpclient/ListenableFutureTest_OE25Dev.java
Wrote /home/tasfia/Desktop/OE25-DEV/projects_decomposed/async-http-client/client/src/test/java/org/asynchttpclient/netty/EventPipelineTest_OE25Dev.java
Wrote /home/tasfia/Desktop/OE25-DEV/projects_decomposed/async-http-client/client/src/test/java/org/asynchttpclient/netty/NettyRequestThrottleTimeoutTest_OE25Dev.java
Processing bcel
Wrote /home/tasfia/Desktop/OE25-DEV/projects_decomposed/bcel/src/test/java/org/apache/bcel/AnonymousClassTestCase_OE25Dev.java
Wrote /home/tasfia/Desktop/OE25-DEV/projects_decomposed/bcel/src/test/java/org/apache/bcel/PLSETestCase_OE25Dev.java
Wrote /home/tasfia/Desktop/OE25-DEV/projects_decomposed/bcel/src/test/java/org/apache/bcel/EnclosingMethodAttributeTestCase_OE25Dev.java
Wrote /home/tasfia/Desktop/OE25-DEV/projects_decomposed/bcel/src/test/java/org/apache/bcel/AnnotationDefaultAttributeTestCase_OE25Dev.java
Wrote /home/tasfia/Desktop/OE25-DEV/projects_decomposed/bcel/src/test/java/org/apache/bcel/EnumAccessFlagTestCase_OE25Dev.java
Wrote /home/tasfia/Desktop/OE25-DEV/projects_decomposed/bcel/src/test/java/org/apache/bcel/ElementValueGenTestCase_OE25Dev.java
Wrote /home/tasfia/Desktop/OE25-DEV/projects_decomposed/bcel/src/test/java/org/apache/bcel/CounterVisitorTestCase_OE25Dev.java
Wrote /home/tasfia/Desktop/OE25-DEV/projects_decomposed/bcel/src/test/java/org/apache/bcel/AnnotationAccessFlagTestCase_OE25Dev.java
Wrote /home/tasfia/Desktop/OE25-DEV/projects_decomposed/bcel/src/test/java/org/apache/bcel/InstructionFinderTestCase_OE25Dev.java
Wrote /home/tasfia/Desktop/OE25-DEV/projects_decomposed/bcel/src/test/java/org/apache/bcel/generic/TypeTestCase_OE25Dev.java
Wrote /home/tasfia/Desktop/OE25-DEV/projects_decomposed/bcel/src/test/java/org/apache/bcel/generic/InstructionHandleTestCase_OE25Dev.java
Wrote /home/tasfia/Desktop/OE25-DEV/projects_decomposed/bcel/src/test/java/org/apache/bcel/generic/GeneratingAnnotatedClassesTestCase_OE25Dev.java
Wrote /home/tasfia/Desktop/OE25-DEV/projects_decomposed/bcel/src/test/java/org/apache/bcel/generic/AnnotationGenTestCase_OE25Dev.java
Wrote /home/tasfia/Desktop/OE25-DEV/projects_decomposed/bcel/src/test/java/org/apache/bcel/generic/FieldAnnotationsTestCase_OE25Dev.java
Wrote /home/tasfia/Desktop/OE25-DEV/projects_decomposed/bcel/src/test/java/org/apache/bcel/generic/BranchHandleTestCase_OE25Dev.java
Wrote /home/tasfia/Desktop/OE25-DEV/projects_decomposed/bcel/src/test/java/org/apache/bcel/generic/MethodGenTestCase_OE25Dev.java
Wrote /home/tasfia/Desktop/OE25-DEV/projects_decomposed/bcel/src/test/java/org/apache/bcel/classfile/ConstantPoolTestCase_OE25Dev.java
Wrote /home/tasfia/Desktop/OE25-DEV/projects_decomposed/bcel/src/test/java/org/apache/bcel/classfile/UtilityTestCase_OE25Dev.java
Wrote /home/tasfia/Desktop/OE25-DEV/projects_decomposed/bcel/src/test/java/org/apache/bcel/util/BCELifierTestCase_OE25Dev.java
Wrote /home/tasfia/Desktop/OE25-DEV/projects_decomposed/bcel/src/test/java/org/apache/bcel/util/Class2HTMLTestCase_OE25Dev.java
Wrote /home/tasfia/Desktop/OE25-DEV/projects_decomposed/bcel/src/test/java/org/apache/bcel/util/ClassPathTestCase_OE25Dev.java
Wrote /home/tasfia/Desktop/OE25-DEV/projects_decomposed/bcel/src/test/java/org/apache/bcel/util/ModularRuntimeImageTestCase_OE25Dev.java
Wrote /home/tasfia/Desktop/OE25-DEV/projects_decomposed/bcel/src/test/java/org/apache/bcel/util/InstructionFinderTest_OE25Dev.java
Wrote /home/tasfia/Desktop/OE25-DEV/projects_decomposed/bcel/src/test/java/org/apache/bcel/verifier/VerifierTestCase_OE25Dev.java
Wrote /home/tasfia/Desktop/OE25-DEV/projects_decomposed/bcel/src/test/java/org/apache/bcel/verifier/VerifierReturnTestCase_OE25Dev.java
Wrote /home/tasfia/Desktop/OE25-DEV/projects_decomposed/bcel/src/test/java/org/apache/bcel/verifier/VerifierInvokeTestCase_OE25Dev.java
Wrote /home/tasfia/Desktop/OE25-DEV/projects_decomposed/bcel/src/test/java/org/apache/bcel/verifier/VerifierArrayAccessTestCase_OE25Dev.java
Wrote /home/tasfia/Desktop/OE25-DEV/projects_decomposed/bcel/src/test/java/org/apache/bcel/util/LruCacheClassPathRepositoryTestCase_OE25Dev.java
Wrote /home/tasfia/Desktop/OE25-DEV/projects_decomposed/bcel/src/test/java/org/apache/bcel/util/ClassPathRepositoryTestCase_OE25Dev.java
Processing commons-beanutils
Wrote /home/tasfia/Desktop/OE25-DEV/projects_decomposed/commons-beanutils/src/test/java/org/apache/commons/beanutils/LazyDynaClassTestCase_OE25Dev.java
Wrote /home/tasfia/Desktop/OE25-DEV/projects_decomposed/commons-beanutils/src/test/java/org/apache/commons/beanutils/IndexedPropertyTestCase_OE25Dev.java
Wrote /home/tasfia/Desktop/OE25-DEV/projects_decomposed/commons-beanutils/src/test/java/org/apache/commons/beanutils/MethodUtilsTestCase_OE25Dev.java
Wrote /home/tasfia/Desktop/OE25-DEV/projects_decomposed/commons-beanutils/src/test/java/org/apache/commons/beanutils/DynaResultSetTestCase_OE25Dev.java
Wrote /home/tasfia/Desktop/OE25-DEV/projects_decomposed/commons-beanutils/src/test/java/org/apache/commons/beanutils/BeanMapTestCase_OE25Dev.java
Wrote /home/tasfia/Desktop/OE25-DEV/projects_decomposed/commons-beanutils/src/test/java/org/apache/commons/beanutils/DynaPropertyTestCase_OE25Dev.java
Wrote /home/tasfia/Desktop/OE25-DEV/projects_decomposed/commons-beanutils/src/test/java/org/apache/commons/beanutils/ConvertUtilsTestCase_OE25Dev.java
Wrote /home/tasfia/Desktop/OE25-DEV/projects_decomposed/commons-beanutils/src/test/java/org/apache/commons/beanutils/BasicDynaBeanTestCase_OE25Dev.java
Wrote /home/tasfia/Desktop/OE25-DEV/projects_decomposed/commons-beanutils/src/test/java/org/apache/commons/beanutils/DynaBeanUtilsTestCase_OE25Dev.java
Wrote /home/tasfia/Desktop/OE25-DEV/projects_decomposed/commons-beanutils/src/test/java/org/apache/commons/beanutils/BeanIntrospectionDataTestCase_OE25Dev.java
Wrote /home/tasfia/Desktop/OE25-DEV/projects_decomposed/commons-beanutils/src/test/java/org/apache/commons/beanutils/BeanificationTestCase_OE25Dev.java
Wrote /home/tasfia/Desktop/OE25-DEV/projects_decomposed/commons-beanutils/src/test/java/org/apache/commons/beanutils/FluentPropertyBeanIntrospectorTestCase_OE25Dev.java
Wrote /home/tasfia/Desktop/OE25-DEV/projects_decomposed/commons-beanutils/src/test/java/org/apache/commons/beanutils/SuppressPropertiesBeanIntrospectorTestCase_OE25Dev.java
Wrote /home/tasfia/Desktop/OE25-DEV/projects_decomposed/commons-beanutils/src/test/java/org/apache/commons/beanutils/BeanPropertyValueChangeClosureTestCase_OE25Dev.java
Wrote /home/tasfia/Desktop/OE25-DEV/projects_decomposed/commons-beanutils/src/test/java/org/apache/commons/beanutils/DynaBeanMapDecoratorTestCase_OE25Dev.java
Wrote /home/tasfia/Desktop/OE25-DEV/projects_decomposed/commons-beanutils/src/test/java/org/apache/commons/beanutils/MappedPropertyTestCase_OE25Dev.java
Wrote /home/tasfia/Desktop/OE25-DEV/projects_decomposed/commons-beanutils/src/test/java/org/apache/commons/beanutils/BeanUtils2TestCase_OE25Dev.java
Wrote /home/tasfia/Desktop/OE25-DEV/projects_decomposed/commons-beanutils/src/test/java/org/apache/commons/beanutils/LazyDynaListTestCase_OE25Dev.java
Wrote /home/tasfia/Desktop/OE25-DEV/projects_decomposed/commons-beanutils/src/test/java/org/apache/commons/beanutils/DefaultIntrospectionContextTestCase_OE25Dev.java
Wrote /home/tasfia/Desktop/OE25-DEV/projects_decomposed/commons-beanutils/src/test/java/org/apache/commons/beanutils/DynaRowSetTestCase_OE25Dev.java
Wrote /home/tasfia/Desktop/OE25-DEV/projects_decomposed/commons-beanutils/src/test/java/org/apache/commons/beanutils/LazyDynaBeanTestCase_OE25Dev.java
Wrote /home/tasfia/Desktop/OE25-DEV/projects_decomposed/commons-beanutils/src/test/java/org/apache/commons/beanutils/BeanUtilsTestCase_OE25Dev.java
Wrote /home/tasfia/Desktop/OE25-DEV/projects_decomposed/commons-beanutils/src/test/java/org/apache/commons/beanutils/BeanToPropertyValueTransformerTestCase_OE25Dev.java
Wrote /home/tasfia/Desktop/OE25-DEV/projects_decomposed/commons-beanutils/src/test/java/org/apache/commons/beanutils/LazyDynaMapTestCase_OE25Dev.java
Wrote /home/tasfia/Desktop/OE25-DEV/projects_decomposed/commons-beanutils/src/test/java/org/apache/commons/beanutils/BeanPropertyValueEqualsPredicateTestCase_OE25Dev.java
Wrote /home/tasfia/Desktop/OE25-DEV/projects_decomposed/commons-beanutils/src/test/java/org/apache/commons/beanutils/BeanComparatorTestCase_OE25Dev.java
Wrote /home/tasfia/Desktop/OE25-DEV/projects_decomposed/commons-beanutils/src/test/java/org/apache/commons/beanutils/BeanPredicateTestCase_OE25Dev.java
Wrote /home/tasfia/Desktop/OE25-DEV/projects_decomposed/commons-beanutils/src/test/java/org/apache/commons/beanutils/ConstructorUtilsTestCase_OE25Dev.java
Wrote /home/tasfia/Desktop/OE25-DEV/projects_decomposed/commons-beanutils/src/test/java/org/apache/commons/beanutils/WrapDynaBeanTestCase_OE25Dev.java
Wrote /home/tasfia/Desktop/OE25-DEV/projects_decomposed/commons-beanutils/src/test/java/org/apache/commons/beanutils/bugs/Jira339TestCase_OE25Dev.java
Wrote /home/tasfia/Desktop/OE25-DEV/projects_decomposed/commons-beanutils/src/test/java/org/apache/commons/beanutils/bugs/Jira18TestCase_OE25Dev.java
Wrote /home/tasfia/Desktop/OE25-DEV/projects_decomposed/commons-beanutils/src/test/java/org/apache/commons/beanutils/bugs/Jira454TestCase_OE25Dev.java
Wrote /home/tasfia/Desktop/OE25-DEV/projects_decomposed/commons-beanutils/src/test/java/org/apache/commons/beanutils/bugs/Jira298TestCase_OE25Dev.java
Wrote /home/tasfia/Desktop/OE25-DEV/projects_decomposed/commons-beanutils/src/test/java/org/apache/commons/beanutils/bugs/Jira369TestCase_OE25Dev.java
Wrote /home/tasfia/Desktop/OE25-DEV/projects_decomposed/commons-beanutils/src/test/java/org/apache/commons/beanutils/bugs/Jira465TestCase_OE25Dev.java
Wrote /home/tasfia/Desktop/OE25-DEV/projects_decomposed/commons-beanutils/src/test/java/org/apache/commons/beanutils/bugs/Jira87TestCase_OE25Dev.java
Wrote /home/tasfia/Desktop/OE25-DEV/projects_decomposed/commons-beanutils/src/test/java/org/apache/commons/beanutils/bugs/Jira359TestCase_OE25Dev.java
Wrote /home/tasfia/Desktop/OE25-DEV/projects_decomposed/commons-beanutils/src/test/java/org/apache/commons/beanutils/bugs/Jira368TestCase_OE25Dev.java
Wrote /home/tasfia/Desktop/OE25-DEV/projects_decomposed/commons-beanutils/src/test/java/org/apache/commons/beanutils/bugs/Jira422bTestCase_OE25Dev.java
Wrote /home/tasfia/Desktop/OE25-DEV/projects_decomposed/commons-beanutils/src/test/java/org/apache/commons/beanutils/bugs/Jira345TestCase_OE25Dev.java
Wrote /home/tasfia/Desktop/OE25-DEV/projects_decomposed/commons-beanutils/src/test/java/org/apache/commons/beanutils/bugs/Jira422TestCase_OE25Dev.java
Wrote /home/tasfia/Desktop/OE25-DEV/projects_decomposed/commons-beanutils/src/test/java/org/apache/commons/beanutils/bugs/Jira520TestCase_OE25Dev.java
Wrote /home/tasfia/Desktop/OE25-DEV/projects_decomposed/commons-beanutils/src/test/java/org/apache/commons/beanutils/bugs/Jira492TestCase_OE25Dev.java
Wrote /home/tasfia/Desktop/OE25-DEV/projects_decomposed/commons-beanutils/src/test/java/org/apache/commons/beanutils/bugs/Jira61TestCase_OE25Dev.java
Wrote /home/tasfia/Desktop/OE25-DEV/projects_decomposed/commons-beanutils/src/test/java/org/apache/commons/beanutils/bugs/Jira347TestCase_OE25Dev.java
Wrote /home/tasfia/Desktop/OE25-DEV/projects_decomposed/commons-beanutils/src/test/java/org/apache/commons/beanutils/bugs/Jira456TestCase_OE25Dev.java
Wrote /home/tasfia/Desktop/OE25-DEV/projects_decomposed/commons-beanutils/src/test/java/org/apache/commons/beanutils/bugs/Jira273TestCase_OE25Dev.java
Wrote /home/tasfia/Desktop/OE25-DEV/projects_decomposed/commons-beanutils/src/test/java/org/apache/commons/beanutils/bugs/Jira349TestCase_OE25Dev.java
Wrote /home/tasfia/Desktop/OE25-DEV/projects_decomposed/commons-beanutils/src/test/java/org/apache/commons/beanutils/bugs/Jira157TestCase_OE25Dev.java
Wrote /home/tasfia/Desktop/OE25-DEV/projects_decomposed/commons-beanutils/src/test/java/org/apache/commons/beanutils/bugs/Jira493TestCase_OE25Dev.java
Wrote /home/tasfia/Desktop/OE25-DEV/projects_decomposed/commons-beanutils/src/test/java/org/apache/commons/beanutils/bugs/Jira381TestCase_OE25Dev.java
Wrote /home/tasfia/Desktop/OE25-DEV/projects_decomposed/commons-beanutils/src/test/java/org/apache/commons/beanutils/converters/FileConverterTestCase_OE25Dev.java
Wrote /home/tasfia/Desktop/OE25-DEV/projects_decomposed/commons-beanutils/src/test/java/org/apache/commons/beanutils/converters/DateConverterTestBase_OE25Dev.java
Wrote /home/tasfia/Desktop/OE25-DEV/projects_decomposed/commons-beanutils/src/test/java/org/apache/commons/beanutils/converters/LongConverterTestCase_OE25Dev.java
Wrote /home/tasfia/Desktop/OE25-DEV/projects_decomposed/commons-beanutils/src/test/java/org/apache/commons/beanutils/converters/CharacterConverterTestCase_OE25Dev.java
Wrote /home/tasfia/Desktop/OE25-DEV/projects_decomposed/commons-beanutils/src/test/java/org/apache/commons/beanutils/converters/BooleanConverterTestCase_OE25Dev.java
Wrote /home/tasfia/Desktop/OE25-DEV/projects_decomposed/commons-beanutils/src/test/java/org/apache/commons/beanutils/converters/ByteConverterTestCase_OE25Dev.java
Wrote /home/tasfia/Desktop/OE25-DEV/projects_decomposed/commons-beanutils/src/test/java/org/apache/commons/beanutils/converters/BigIntegerConverterTestCase_OE25Dev.java
Wrote /home/tasfia/Desktop/OE25-DEV/projects_decomposed/commons-beanutils/src/test/java/org/apache/commons/beanutils/converters/BooleanArrayConverterTestCase_OE25Dev.java
Wrote /home/tasfia/Desktop/OE25-DEV/projects_decomposed/commons-beanutils/src/test/java/org/apache/commons/beanutils/converters/StringArrayConverterTestCase_OE25Dev.java
Wrote /home/tasfia/Desktop/OE25-DEV/projects_decomposed/commons-beanutils/src/test/java/org/apache/commons/beanutils/converters/ClassReloaderTestCase_OE25Dev.java
Wrote /home/tasfia/Desktop/OE25-DEV/projects_decomposed/commons-beanutils/src/test/java/org/apache/commons/beanutils/converters/FloatConverterTestCase_OE25Dev.java
Wrote /home/tasfia/Desktop/OE25-DEV/projects_decomposed/commons-beanutils/src/test/java/org/apache/commons/beanutils/converters/SqlDateConverterTestCase_OE25Dev.java
Wrote /home/tasfia/Desktop/OE25-DEV/projects_decomposed/commons-beanutils/src/test/java/org/apache/commons/beanutils/converters/BigDecimalConverterTestCase_OE25Dev.java
Wrote /home/tasfia/Desktop/OE25-DEV/projects_decomposed/commons-beanutils/src/test/java/org/apache/commons/beanutils/converters/ClassConverterTestCase_OE25Dev.java
Wrote /home/tasfia/Desktop/OE25-DEV/projects_decomposed/commons-beanutils/src/test/java/org/apache/commons/beanutils/converters/ArrayConverterTestCase_OE25Dev.java
Wrote /home/tasfia/Desktop/OE25-DEV/projects_decomposed/commons-beanutils/src/test/java/org/apache/commons/beanutils/converters/URLConverterTestCase_OE25Dev.java
Wrote /home/tasfia/Desktop/OE25-DEV/projects_decomposed/commons-beanutils/src/test/java/org/apache/commons/beanutils/converters/DoubleConverterTestCase_OE25Dev.java
Wrote /home/tasfia/Desktop/OE25-DEV/projects_decomposed/commons-beanutils/src/test/java/org/apache/commons/beanutils/converters/ShortConverterTestCase_OE25Dev.java
Wrote /home/tasfia/Desktop/OE25-DEV/projects_decomposed/commons-beanutils/src/test/java/org/apache/commons/beanutils/converters/NumberConverterTestBase_OE25Dev.java
Wrote /home/tasfia/Desktop/OE25-DEV/projects_decomposed/commons-beanutils/src/test/java/org/apache/commons/beanutils/converters/StringConverterTestCase_OE25Dev.java
Wrote /home/tasfia/Desktop/OE25-DEV/projects_decomposed/commons-beanutils/src/test/java/org/apache/commons/beanutils/converters/IntegerConverterTestCase_OE25Dev.java
Wrote /home/tasfia/Desktop/OE25-DEV/projects_decomposed/commons-beanutils/src/test/java/org/apache/commons/beanutils/expression/DefaultResolverTestCase_OE25Dev.java
Wrote /home/tasfia/Desktop/OE25-DEV/projects_decomposed/commons-beanutils/src/test/java/org/apache/commons/beanutils/locale/LocaleBeanificationTestCase_OE25Dev.java
Wrote /home/tasfia/Desktop/OE25-DEV/projects_decomposed/commons-beanutils/src/test/java/org/apache/commons/beanutils/locale/LocaleConvertUtilsTestCase_OE25Dev.java
Wrote /home/tasfia/Desktop/OE25-DEV/projects_decomposed/commons-beanutils/src/test/java/org/apache/commons/beanutils/locale/LocaleBeanUtilsTestCase_OE25Dev.java
Wrote /home/tasfia/Desktop/OE25-DEV/projects_decomposed/commons-beanutils/src/test/java/org/apache/commons/beanutils/locale/converters/IntegerLocaleConverterTestCase_OE25Dev.java
Wrote /home/tasfia/Desktop/OE25-DEV/projects_decomposed/commons-beanutils/src/test/java/org/apache/commons/beanutils/locale/converters/FloatLocaleConverterTestCase_OE25Dev.java
Wrote /home/tasfia/Desktop/OE25-DEV/projects_decomposed/commons-beanutils/src/test/java/org/apache/commons/beanutils/locale/converters/DateLocaleConverterTestCase_OE25Dev.java
Wrote /home/tasfia/Desktop/OE25-DEV/projects_decomposed/commons-beanutils/src/test/java/org/apache/commons/beanutils/memoryleaktests/MemoryLeakTestCase_OE25Dev.java
Wrote /home/tasfia/Desktop/OE25-DEV/projects_decomposed/commons-beanutils/src/test/java/org/apache/commons/beanutils/DynaPropertyUtilsTestCase_OE25Dev.java
Wrote /home/tasfia/Desktop/OE25-DEV/projects_decomposed/commons-beanutils/src/test/java/org/apache/commons/beanutils/PropertyUtilsTestCase_OE25Dev.java
Processing commons-collections4
Wrote /home/tasfia/Desktop/OE25-DEV/projects_decomposed/commons-collections4/src/test/java/org/apache/commons/collections4/ComparatorUtilsTest_OE25Dev.java
Wrote /home/tasfia/Desktop/OE25-DEV/projects_decomposed/commons-collections4/src/test/java/org/apache/commons/collections4/SetUtilsTest_OE25Dev.java
Wrote /home/tasfia/Desktop/OE25-DEV/projects_decomposed/commons-collections4/src/test/java/org/apache/commons/collections4/ListUtilsTest_OE25Dev.java
Wrote /home/tasfia/Desktop/OE25-DEV/projects_decomposed/commons-collections4/src/test/java/org/apache/commons/collections4/MapUtilsTest_OE25Dev.java
Wrote /home/tasfia/Desktop/OE25-DEV/projects_decomposed/commons-collections4/src/test/java/org/apache/commons/collections4/AbstractLinkedListTest_OE25Dev.java
Wrote /home/tasfia/Desktop/OE25-DEV/projects_decomposed/commons-collections4/src/test/java/org/apache/commons/collections4/ArrayStackTest_OE25Dev.java
Wrote /home/tasfia/Desktop/OE25-DEV/projects_decomposed/commons-collections4/src/test/java/org/apache/commons/collections4/EnumerationUtilsTest_OE25Dev.java
Wrote /home/tasfia/Desktop/OE25-DEV/projects_decomposed/commons-collections4/src/test/java/org/apache/commons/collections4/TransformerUtilsTest_OE25Dev.java
Wrote /home/tasfia/Desktop/OE25-DEV/projects_decomposed/commons-collections4/src/test/java/org/apache/commons/collections4/AbstractArrayListTest_OE25Dev.java
Wrote /home/tasfia/Desktop/OE25-DEV/projects_decomposed/commons-collections4/src/test/java/org/apache/commons/collections4/MultiMapUtilsTest_OE25Dev.java
Wrote /home/tasfia/Desktop/OE25-DEV/projects_decomposed/commons-collections4/src/test/java/org/apache/commons/collections4/FluentIterableTest_OE25Dev.java
Wrote /home/tasfia/Desktop/OE25-DEV/projects_decomposed/commons-collections4/src/test/java/org/apache/commons/collections4/IterableUtilsTest_OE25Dev.java
Wrote /home/tasfia/Desktop/OE25-DEV/projects_decomposed/commons-collections4/src/test/java/org/apache/commons/collections4/SplitMapUtilsTest_OE25Dev.java
Wrote /home/tasfia/Desktop/OE25-DEV/projects_decomposed/commons-collections4/src/test/java/org/apache/commons/collections4/BagUtilsTest_OE25Dev.java
Wrote /home/tasfia/Desktop/OE25-DEV/projects_decomposed/commons-collections4/src/test/java/org/apache/commons/collections4/AbstractTreeMapTest_OE25Dev.java
Wrote /home/tasfia/Desktop/OE25-DEV/projects_decomposed/commons-collections4/src/test/java/org/apache/commons/collections4/TrieUtilsTest_OE25Dev.java
Wrote /home/tasfia/Desktop/OE25-DEV/projects_decomposed/commons-collections4/src/test/java/org/apache/commons/collections4/QueueUtilsTest_OE25Dev.java
Wrote /home/tasfia/Desktop/OE25-DEV/projects_decomposed/commons-collections4/src/test/java/org/apache/commons/collections4/ClosureUtilsTest_OE25Dev.java
Wrote /home/tasfia/Desktop/OE25-DEV/projects_decomposed/commons-collections4/src/test/java/org/apache/commons/collections4/FactoryUtilsTest_OE25Dev.java
Wrote /home/tasfia/Desktop/OE25-DEV/projects_decomposed/commons-collections4/src/test/java/org/apache/commons/collections4/AbstractObjectTest_OE25Dev.java
Wrote /home/tasfia/Desktop/OE25-DEV/projects_decomposed/commons-collections4/src/test/java/org/apache/commons/collections4/PredicateUtilsTest_OE25Dev.java
Wrote /home/tasfia/Desktop/OE25-DEV/projects_decomposed/commons-collections4/src/test/java/org/apache/commons/collections4/CollectionUtilsTest_OE25Dev.java
Wrote /home/tasfia/Desktop/OE25-DEV/projects_decomposed/commons-collections4/src/test/java/org/apache/commons/collections4/IteratorUtilsTest_OE25Dev.java
Wrote /home/tasfia/Desktop/OE25-DEV/projects_decomposed/commons-collections4/src/test/java/org/apache/commons/collections4/MultiSetUtilsTest_OE25Dev.java
Wrote /home/tasfia/Desktop/OE25-DEV/projects_decomposed/commons-collections4/src/test/java/org/apache/commons/collections4/iterators/AbstractIteratorTest_OE25Dev.java
Wrote /home/tasfia/Desktop/OE25-DEV/projects_decomposed/commons-collections4/src/test/java/org/apache/commons/collections4/iterators/SingletonListIteratorTest_OE25Dev.java
Wrote /home/tasfia/Desktop/OE25-DEV/projects_decomposed/commons-collections4/src/test/java/org/apache/commons/collections4/iterators/IteratorIterableTest_OE25Dev.java
Wrote /home/tasfia/Desktop/OE25-DEV/projects_decomposed/commons-collections4/src/test/java/org/apache/commons/collections4/iterators/ArrayIterator2Test_OE25Dev.java
Wrote /home/tasfia/Desktop/OE25-DEV/projects_decomposed/commons-collections4/src/test/java/org/apache/commons/collections4/iterators/AbstractOrderedMapIteratorTest_OE25Dev.java
Wrote /home/tasfia/Desktop/OE25-DEV/projects_decomposed/commons-collections4/src/test/java/org/apache/commons/collections4/iterators/LoopingListIteratorTest_OE25Dev.java
Wrote /home/tasfia/Desktop/OE25-DEV/projects_decomposed/commons-collections4/src/test/java/org/apache/commons/collections4/iterators/IteratorChainTest_OE25Dev.java
Wrote /home/tasfia/Desktop/OE25-DEV/projects_decomposed/commons-collections4/src/test/java/org/apache/commons/collections4/iterators/SkippingIteratorTest_OE25Dev.java
Wrote /home/tasfia/Desktop/OE25-DEV/projects_decomposed/commons-collections4/src/test/java/org/apache/commons/collections4/iterators/ZippingIteratorTest_OE25Dev.java
Wrote /home/tasfia/Desktop/OE25-DEV/projects_decomposed/commons-collections4/src/test/java/org/apache/commons/collections4/iterators/UnmodifiableMapIteratorTest_OE25Dev.java
Wrote /home/tasfia/Desktop/OE25-DEV/projects_decomposed/commons-collections4/src/test/java/org/apache/commons/collections4/iterators/PushbackIteratorTest_OE25Dev.java
Wrote /home/tasfia/Desktop/OE25-DEV/projects_decomposed/commons-collections4/src/test/java/org/apache/commons/collections4/iterators/ArrayListIteratorTest_OE25Dev.java
Wrote /home/tasfia/Desktop/OE25-DEV/projects_decomposed/commons-collections4/src/test/java/org/apache/commons/collections4/iterators/LazyIteratorChainTest_OE25Dev.java
Wrote /home/tasfia/Desktop/OE25-DEV/projects_decomposed/commons-collections4/src/test/java/org/apache/commons/collections4/iterators/ObjectArrayListIteratorTest_OE25Dev.java
Wrote /home/tasfia/Desktop/OE25-DEV/projects_decomposed/commons-collections4/src/test/java/org/apache/commons/collections4/iterators/IteratorEnumerationTest_OE25Dev.java
Wrote /home/tasfia/Desktop/OE25-DEV/projects_decomposed/commons-collections4/src/test/java/org/apache/commons/collections4/iterators/UnmodifiableListIteratorTest_OE25Dev.java
Wrote /home/tasfia/Desktop/OE25-DEV/projects_decomposed/commons-collections4/src/test/java/org/apache/commons/collections4/iterators/AbstractListIteratorTest_OE25Dev.java
Wrote /home/tasfia/Desktop/OE25-DEV/projects_decomposed/commons-collections4/src/test/java/org/apache/commons/collections4/iterators/UnmodifiableIteratorTest_OE25Dev.java
Wrote /home/tasfia/Desktop/OE25-DEV/projects_decomposed/commons-collections4/src/test/java/org/apache/commons/collections4/iterators/PermutationIteratorTest_OE25Dev.java
Wrote /home/tasfia/Desktop/OE25-DEV/projects_decomposed/commons-collections4/src/test/java/org/apache/commons/collections4/iterators/ObjectArrayIteratorTest_OE25Dev.java
Wrote /home/tasfia/Desktop/OE25-DEV/projects_decomposed/commons-collections4/src/test/java/org/apache/commons/collections4/iterators/ArrayIteratorTest_OE25Dev.java
Wrote /home/tasfia/Desktop/OE25-DEV/projects_decomposed/commons-collections4/src/test/java/org/apache/commons/collections4/iterators/SingletonIterator2Test_OE25Dev.java
Wrote /home/tasfia/Desktop/OE25-DEV/projects_decomposed/commons-collections4/src/test/java/org/apache/commons/collections4/iterators/ListIteratorWrapperTest_OE25Dev.java
Wrote /home/tasfia/Desktop/OE25-DEV/projects_decomposed/commons-collections4/src/test/java/org/apache/commons/collections4/iterators/SingletonIteratorTest_OE25Dev.java
Wrote /home/tasfia/Desktop/OE25-DEV/projects_decomposed/commons-collections4/src/test/java/org/apache/commons/collections4/iterators/CollatingIteratorTest_OE25Dev.java
Wrote /home/tasfia/Desktop/OE25-DEV/projects_decomposed/commons-collections4/src/test/java/org/apache/commons/collections4/iterators/ObjectGraphIteratorTest_OE25Dev.java
Wrote /home/tasfia/Desktop/OE25-DEV/projects_decomposed/commons-collections4/src/test/java/org/apache/commons/collections4/iterators/FilterIteratorTest_OE25Dev.java
Wrote /home/tasfia/Desktop/OE25-DEV/projects_decomposed/commons-collections4/src/test/java/org/apache/commons/collections4/iterators/FilterListIteratorTest_OE25Dev.java
Wrote /home/tasfia/Desktop/OE25-DEV/projects_decomposed/commons-collections4/src/test/java/org/apache/commons/collections4/iterators/AbstractMapIteratorTest_OE25Dev.java
Wrote /home/tasfia/Desktop/OE25-DEV/projects_decomposed/commons-collections4/src/test/java/org/apache/commons/collections4/iterators/BoundedIteratorTest_OE25Dev.java
Wrote /home/tasfia/Desktop/OE25-DEV/projects_decomposed/commons-collections4/src/test/java/org/apache/commons/collections4/iterators/ReverseListIteratorTest_OE25Dev.java
Wrote /home/tasfia/Desktop/OE25-DEV/projects_decomposed/commons-collections4/src/test/java/org/apache/commons/collections4/iterators/UniqueFilterIteratorTest_OE25Dev.java
Wrote /home/tasfia/Desktop/OE25-DEV/projects_decomposed/commons-collections4/src/test/java/org/apache/commons/collections4/iterators/LoopingIteratorTest_OE25Dev.java
Wrote /home/tasfia/Desktop/OE25-DEV/projects_decomposed/commons-collections4/src/test/java/org/apache/commons/collections4/iterators/UnmodifiableOrderedMapIteratorTest_OE25Dev.java
Wrote /home/tasfia/Desktop/OE25-DEV/projects_decomposed/commons-collections4/src/test/java/org/apache/commons/collections4/iterators/PeekingIteratorTest_OE25Dev.java
Wrote /home/tasfia/Desktop/OE25-DEV/projects_decomposed/commons-collections4/src/test/java/org/apache/commons/collections4/iterators/ListIteratorWrapper2Test_OE25Dev.java
Wrote /home/tasfia/Desktop/OE25-DEV/projects_decomposed/commons-collections4/src/test/java/org/apache/commons/collections4/functors/AbstractClosureTest_OE25Dev.java
Wrote /home/tasfia/Desktop/OE25-DEV/projects_decomposed/commons-collections4/src/test/java/org/apache/commons/collections4/functors/CatchAndRethrowClosureTest_OE25Dev.java
Wrote /home/tasfia/Desktop/OE25-DEV/projects_decomposed/commons-collections4/src/test/java/org/apache/commons/collections4/functors/AbstractPredicateTest_OE25Dev.java
Wrote /home/tasfia/Desktop/OE25-DEV/projects_decomposed/commons-collections4/src/test/java/org/apache/commons/collections4/functors/NullPredicateTest_OE25Dev.java
Wrote /home/tasfia/Desktop/OE25-DEV/projects_decomposed/commons-collections4/src/test/java/org/apache/commons/collections4/functors/AbstractAnyAllOnePredicateTest_OE25Dev.java
Wrote /home/tasfia/Desktop/OE25-DEV/projects_decomposed/commons-collections4/src/test/java/org/apache/commons/collections4/functors/ComparatorPredicateTest_OE25Dev.java
Wrote /home/tasfia/Desktop/OE25-DEV/projects_decomposed/commons-collections4/src/test/java/org/apache/commons/collections4/functors/EqualPredicateTest_OE25Dev.java
Wrote /home/tasfia/Desktop/OE25-DEV/projects_decomposed/commons-collections4/src/test/java/org/apache/commons/collections4/functors/AllPredicateTest_OE25Dev.java
Wrote /home/tasfia/Desktop/OE25-DEV/projects_decomposed/commons-collections4/src/test/java/org/apache/commons/collections4/collection/TransformedCollectionTest_OE25Dev.java
Wrote /home/tasfia/Desktop/OE25-DEV/projects_decomposed/commons-collections4/src/test/java/org/apache/commons/collections4/collection/IndexedCollectionTest_OE25Dev.java
Wrote /home/tasfia/Desktop/OE25-DEV/projects_decomposed/commons-collections4/src/test/java/org/apache/commons/collections4/collection/PredicatedCollectionTest_OE25Dev.java
Wrote /home/tasfia/Desktop/OE25-DEV/projects_decomposed/commons-collections4/src/test/java/org/apache/commons/collections4/collection/UnmodifiableBoundedCollectionTest_OE25Dev.java
Wrote /home/tasfia/Desktop/OE25-DEV/projects_decomposed/commons-collections4/src/test/java/org/apache/commons/collections4/collection/AbstractCollectionTest_OE25Dev.java
Wrote /home/tasfia/Desktop/OE25-DEV/projects_decomposed/commons-collections4/src/test/java/org/apache/commons/collections4/collection/PredicatedCollectionBuilderTest_OE25Dev.java
Wrote /home/tasfia/Desktop/OE25-DEV/projects_decomposed/commons-collections4/src/test/java/org/apache/commons/collections4/collection/CompositeCollectionTest_OE25Dev.java
Wrote /home/tasfia/Desktop/OE25-DEV/projects_decomposed/commons-collections4/src/test/java/org/apache/commons/collections4/collection/UnmodifiableCollectionTest_OE25Dev.java
Wrote /home/tasfia/Desktop/OE25-DEV/projects_decomposed/commons-collections4/src/test/java/org/apache/commons/collections4/multimap/HashSetValuedHashMapTest_OE25Dev.java
Wrote /home/tasfia/Desktop/OE25-DEV/projects_decomposed/commons-collections4/src/test/java/org/apache/commons/collections4/multimap/AbstractMultiValuedMapTest_OE25Dev.java
Wrote /home/tasfia/Desktop/OE25-DEV/projects_decomposed/commons-collections4/src/test/java/org/apache/commons/collections4/multimap/TransformedMultiValuedMapTest_OE25Dev.java
Wrote /home/tasfia/Desktop/OE25-DEV/projects_decomposed/commons-collections4/src/test/java/org/apache/commons/collections4/multimap/UnmodifiableMultiValuedMapTest_OE25Dev.java
Wrote /home/tasfia/Desktop/OE25-DEV/projects_decomposed/commons-collections4/src/test/java/org/apache/commons/collections4/multimap/ArrayListValuedHashMapTest_OE25Dev.java
Wrote /home/tasfia/Desktop/OE25-DEV/projects_decomposed/commons-collections4/src/test/java/org/apache/commons/collections4/trie/UnmodifiableTrieTest_OE25Dev.java
Wrote /home/tasfia/Desktop/OE25-DEV/projects_decomposed/commons-collections4/src/test/java/org/apache/commons/collections4/trie/PatriciaTrieTest_OE25Dev.java
Wrote /home/tasfia/Desktop/OE25-DEV/projects_decomposed/commons-collections4/src/test/java/org/apache/commons/collections4/queue/AbstractQueueTest_OE25Dev.java
Wrote /home/tasfia/Desktop/OE25-DEV/projects_decomposed/commons-collections4/src/test/java/org/apache/commons/collections4/queue/PredicatedQueueTest_OE25Dev.java
Wrote /home/tasfia/Desktop/OE25-DEV/projects_decomposed/commons-collections4/src/test/java/org/apache/commons/collections4/queue/UnmodifiableQueueTest_OE25Dev.java
Wrote /home/tasfia/Desktop/OE25-DEV/projects_decomposed/commons-collections4/src/test/java/org/apache/commons/collections4/queue/TransformedQueueTest_OE25Dev.java
Wrote /home/tasfia/Desktop/OE25-DEV/projects_decomposed/commons-collections4/src/test/java/org/apache/commons/collections4/queue/CircularFifoQueueTest_OE25Dev.java
Wrote /home/tasfia/Desktop/OE25-DEV/projects_decomposed/commons-collections4/src/test/java/org/apache/commons/collections4/splitmap/TransformedSplitMapTest_OE25Dev.java
Wrote /home/tasfia/Desktop/OE25-DEV/projects_decomposed/commons-collections4/src/test/java/org/apache/commons/collections4/bag/AbstractBagTest_OE25Dev.java
Wrote /home/tasfia/Desktop/OE25-DEV/projects_decomposed/commons-collections4/src/test/java/org/apache/commons/collections4/bag/PredicatedSortedBagTest_OE25Dev.java
Wrote /home/tasfia/Desktop/OE25-DEV/projects_decomposed/commons-collections4/src/test/java/org/apache/commons/collections4/bag/TreeBagTest_OE25Dev.java
Wrote /home/tasfia/Desktop/OE25-DEV/projects_decomposed/commons-collections4/src/test/java/org/apache/commons/collections4/bag/CollectionSortedBagTest_OE25Dev.java
Wrote /home/tasfia/Desktop/OE25-DEV/projects_decomposed/commons-collections4/src/test/java/org/apache/commons/collections4/bag/UnmodifiableSortedBagTest_OE25Dev.java
Wrote /home/tasfia/Desktop/OE25-DEV/projects_decomposed/commons-collections4/src/test/java/org/apache/commons/collections4/bag/CollectionBagTest_OE25Dev.java
Wrote /home/tasfia/Desktop/OE25-DEV/projects_decomposed/commons-collections4/src/test/java/org/apache/commons/collections4/bag/PredicatedBagTest_OE25Dev.java
Wrote /home/tasfia/Desktop/OE25-DEV/projects_decomposed/commons-collections4/src/test/java/org/apache/commons/collections4/bag/UnmodifiableBagTest_OE25Dev.java
Wrote /home/tasfia/Desktop/OE25-DEV/projects_decomposed/commons-collections4/src/test/java/org/apache/commons/collections4/bag/TransformedBagTest_OE25Dev.java
Wrote /home/tasfia/Desktop/OE25-DEV/projects_decomposed/commons-collections4/src/test/java/org/apache/commons/collections4/bag/TransformedSortedBagTest_OE25Dev.java
Wrote /home/tasfia/Desktop/OE25-DEV/projects_decomposed/commons-collections4/src/test/java/org/apache/commons/collections4/properties/PropertiesFactoryTest_OE25Dev.java
Wrote /home/tasfia/Desktop/OE25-DEV/projects_decomposed/commons-collections4/src/test/java/org/apache/commons/collections4/properties/SortedPropertiesFactoryTest_OE25Dev.java
Wrote /home/tasfia/Desktop/OE25-DEV/projects_decomposed/commons-collections4/src/test/java/org/apache/commons/collections4/properties/AbstractPropertiesFactoryTest_OE25Dev.java
Wrote /home/tasfia/Desktop/OE25-DEV/projects_decomposed/commons-collections4/src/test/java/org/apache/commons/collections4/properties/SortedPropertiesTest_OE25Dev.java
Wrote /home/tasfia/Desktop/OE25-DEV/projects_decomposed/commons-collections4/src/test/java/org/apache/commons/collections4/bidimap/AbstractOrderedBidiMapTest_OE25Dev.java
Wrote /home/tasfia/Desktop/OE25-DEV/projects_decomposed/commons-collections4/src/test/java/org/apache/commons/collections4/bidimap/UnmodifiableBidiMapTest_OE25Dev.java
Wrote /home/tasfia/Desktop/OE25-DEV/projects_decomposed/commons-collections4/src/test/java/org/apache/commons/collections4/bidimap/AbstractSortedBidiMapTest_OE25Dev.java
Wrote /home/tasfia/Desktop/OE25-DEV/projects_decomposed/commons-collections4/src/test/java/org/apache/commons/collections4/bidimap/UnmodifiableSortedBidiMapTest_OE25Dev.java
Wrote /home/tasfia/Desktop/OE25-DEV/projects_decomposed/commons-collections4/src/test/java/org/apache/commons/collections4/bidimap/UnmodifiableOrderedBidiMapTest_OE25Dev.java
Wrote /home/tasfia/Desktop/OE25-DEV/projects_decomposed/commons-collections4/src/test/java/org/apache/commons/collections4/bidimap/DualTreeBidiMap2Test_OE25Dev.java
Wrote /home/tasfia/Desktop/OE25-DEV/projects_decomposed/commons-collections4/src/test/java/org/apache/commons/collections4/multiset/AbstractMultiSetTest_OE25Dev.java
Wrote /home/tasfia/Desktop/OE25-DEV/projects_decomposed/commons-collections4/src/test/java/org/apache/commons/collections4/multiset/PredicatedMultiSetTest_OE25Dev.java
Wrote /home/tasfia/Desktop/OE25-DEV/projects_decomposed/commons-collections4/src/test/java/org/apache/commons/collections4/multiset/UnmodifiableMultiSetTest_OE25Dev.java
Wrote /home/tasfia/Desktop/OE25-DEV/projects_decomposed/commons-collections4/src/test/java/org/apache/commons/collections4/comparators/TransformingComparatorTest_OE25Dev.java
Wrote /home/tasfia/Desktop/OE25-DEV/projects_decomposed/commons-collections4/src/test/java/org/apache/commons/collections4/comparators/BooleanComparatorTest_OE25Dev.java
Wrote /home/tasfia/Desktop/OE25-DEV/projects_decomposed/commons-collections4/src/test/java/org/apache/commons/collections4/comparators/ReverseComparatorTest_OE25Dev.java
Wrote /home/tasfia/Desktop/OE25-DEV/projects_decomposed/commons-collections4/src/test/java/org/apache/commons/collections4/comparators/AbstractComparatorTest_OE25Dev.java
Wrote /home/tasfia/Desktop/OE25-DEV/projects_decomposed/commons-collections4/src/test/java/org/apache/commons/collections4/comparators/ComparatorChainTest_OE25Dev.java
Wrote /home/tasfia/Desktop/OE25-DEV/projects_decomposed/commons-collections4/src/test/java/org/apache/commons/collections4/comparators/FixedOrderComparatorTest_OE25Dev.java
Wrote /home/tasfia/Desktop/OE25-DEV/projects_decomposed/commons-collections4/src/test/java/org/apache/commons/collections4/keyvalue/MultiKeyTest_OE25Dev.java
Wrote /home/tasfia/Desktop/OE25-DEV/projects_decomposed/commons-collections4/src/test/java/org/apache/commons/collections4/keyvalue/DefaultKeyValueTest_OE25Dev.java
Wrote /home/tasfia/Desktop/OE25-DEV/projects_decomposed/commons-collections4/src/test/java/org/apache/commons/collections4/keyvalue/UnmodifiableMapEntryTest_OE25Dev.java
Wrote /home/tasfia/Desktop/OE25-DEV/projects_decomposed/commons-collections4/src/test/java/org/apache/commons/collections4/keyvalue/AbstractMapEntryTest_OE25Dev.java
Wrote /home/tasfia/Desktop/OE25-DEV/projects_decomposed/commons-collections4/src/test/java/org/apache/commons/collections4/keyvalue/TiedMapEntryTest_OE25Dev.java
Wrote /home/tasfia/Desktop/OE25-DEV/projects_decomposed/commons-collections4/src/test/java/org/apache/commons/collections4/list/TreeListTest_OE25Dev.java
Wrote /home/tasfia/Desktop/OE25-DEV/projects_decomposed/commons-collections4/src/test/java/org/apache/commons/collections4/list/LazyListTest_OE25Dev.java
Wrote /home/tasfia/Desktop/OE25-DEV/projects_decomposed/commons-collections4/src/test/java/org/apache/commons/collections4/list/AbstractLinkedListTest_OE25Dev.java
Wrote /home/tasfia/Desktop/OE25-DEV/projects_decomposed/commons-collections4/src/test/java/org/apache/commons/collections4/list/SetUniqueListTest_OE25Dev.java
Wrote /home/tasfia/Desktop/OE25-DEV/projects_decomposed/commons-collections4/src/test/java/org/apache/commons/collections4/list/GrowthListTest_OE25Dev.java
Wrote /home/tasfia/Desktop/OE25-DEV/projects_decomposed/commons-collections4/src/test/java/org/apache/commons/collections4/list/FixedSizeListTest_OE25Dev.java
Wrote /home/tasfia/Desktop/OE25-DEV/projects_decomposed/commons-collections4/src/test/java/org/apache/commons/collections4/list/CursorableLinkedListTest_OE25Dev.java
Wrote /home/tasfia/Desktop/OE25-DEV/projects_decomposed/commons-collections4/src/test/java/org/apache/commons/collections4/list/AbstractListTest_OE25Dev.java
Wrote /home/tasfia/Desktop/OE25-DEV/projects_decomposed/commons-collections4/src/test/java/org/apache/commons/collections4/list/UnmodifiableListTest_OE25Dev.java
Wrote /home/tasfia/Desktop/OE25-DEV/projects_decomposed/commons-collections4/src/test/java/org/apache/commons/collections4/list/TransformedListTest_OE25Dev.java
Wrote /home/tasfia/Desktop/OE25-DEV/projects_decomposed/commons-collections4/src/test/java/org/apache/commons/collections4/list/Collections701Test_OE25Dev.java
Wrote /home/tasfia/Desktop/OE25-DEV/projects_decomposed/commons-collections4/src/test/java/org/apache/commons/collections4/list/PredicatedListTest_OE25Dev.java
Wrote /home/tasfia/Desktop/OE25-DEV/projects_decomposed/commons-collections4/src/test/java/org/apache/commons/collections4/sequence/SequencesComparatorTest_OE25Dev.java
Wrote /home/tasfia/Desktop/OE25-DEV/projects_decomposed/commons-collections4/src/test/java/org/apache/commons/collections4/set/PredicatedSetTest_OE25Dev.java
Wrote /home/tasfia/Desktop/OE25-DEV/projects_decomposed/commons-collections4/src/test/java/org/apache/commons/collections4/set/AbstractSetTest_OE25Dev.java
Wrote /home/tasfia/Desktop/OE25-DEV/projects_decomposed/commons-collections4/src/test/java/org/apache/commons/collections4/set/PredicatedSortedSetTest_OE25Dev.java
Wrote /home/tasfia/Desktop/OE25-DEV/projects_decomposed/commons-collections4/src/test/java/org/apache/commons/collections4/set/UnmodifiableNavigableSetTest_OE25Dev.java
Wrote /home/tasfia/Desktop/OE25-DEV/projects_decomposed/commons-collections4/src/test/java/org/apache/commons/collections4/set/PredicatedNavigableSetTest_OE25Dev.java
Wrote /home/tasfia/Desktop/OE25-DEV/projects_decomposed/commons-collections4/src/test/java/org/apache/commons/collections4/set/UnmodifiableSortedSetTest_OE25Dev.java
Wrote /home/tasfia/Desktop/OE25-DEV/projects_decomposed/commons-collections4/src/test/java/org/apache/commons/collections4/set/ListOrderedSetTest_OE25Dev.java
Wrote /home/tasfia/Desktop/OE25-DEV/projects_decomposed/commons-collections4/src/test/java/org/apache/commons/collections4/set/TransformedSetTest_OE25Dev.java
Wrote /home/tasfia/Desktop/OE25-DEV/projects_decomposed/commons-collections4/src/test/java/org/apache/commons/collections4/set/UnmodifiableSetTest_OE25Dev.java
Wrote /home/tasfia/Desktop/OE25-DEV/projects_decomposed/commons-collections4/src/test/java/org/apache/commons/collections4/set/MapBackedSet2Test_OE25Dev.java
Wrote /home/tasfia/Desktop/OE25-DEV/projects_decomposed/commons-collections4/src/test/java/org/apache/commons/collections4/set/TransformedSortedSetTest_OE25Dev.java
Wrote /home/tasfia/Desktop/OE25-DEV/projects_decomposed/commons-collections4/src/test/java/org/apache/commons/collections4/set/CompositeSetTest_OE25Dev.java
Wrote /home/tasfia/Desktop/OE25-DEV/projects_decomposed/commons-collections4/src/test/java/org/apache/commons/collections4/set/TransformedNavigableSetTest_OE25Dev.java
Wrote /home/tasfia/Desktop/OE25-DEV/projects_decomposed/commons-collections4/src/test/java/org/apache/commons/collections4/set/ListOrderedSet2Test_OE25Dev.java
Wrote /home/tasfia/Desktop/OE25-DEV/projects_decomposed/commons-collections4/src/test/java/org/apache/commons/collections4/map/PredicatedSortedMapTest_OE25Dev.java
Wrote /home/tasfia/Desktop/OE25-DEV/projects_decomposed/commons-collections4/src/test/java/org/apache/commons/collections4/map/AbstractOrderedMapTest_OE25Dev.java
Wrote /home/tasfia/Desktop/OE25-DEV/projects_decomposed/commons-collections4/src/test/java/org/apache/commons/collections4/map/StaticBucketMapTest_OE25Dev.java
Wrote /home/tasfia/Desktop/OE25-DEV/projects_decomposed/commons-collections4/src/test/java/org/apache/commons/collections4/map/LinkedMapTest_OE25Dev.java
Wrote /home/tasfia/Desktop/OE25-DEV/projects_decomposed/commons-collections4/src/test/java/org/apache/commons/collections4/map/ListOrderedMapTest_OE25Dev.java
Wrote /home/tasfia/Desktop/OE25-DEV/projects_decomposed/commons-collections4/src/test/java/org/apache/commons/collections4/map/LRUMapTest_OE25Dev.java
Wrote /home/tasfia/Desktop/OE25-DEV/projects_decomposed/commons-collections4/src/test/java/org/apache/commons/collections4/map/Flat3MapTest_OE25Dev.java
Wrote /home/tasfia/Desktop/OE25-DEV/projects_decomposed/commons-collections4/src/test/java/org/apache/commons/collections4/map/CompositeMapTest_OE25Dev.java
Wrote /home/tasfia/Desktop/OE25-DEV/projects_decomposed/commons-collections4/src/test/java/org/apache/commons/collections4/map/UnmodifiableOrderedMapTest_OE25Dev.java
Wrote /home/tasfia/Desktop/OE25-DEV/projects_decomposed/commons-collections4/src/test/java/org/apache/commons/collections4/map/TransformedMapTest_OE25Dev.java
Wrote /home/tasfia/Desktop/OE25-DEV/projects_decomposed/commons-collections4/src/test/java/org/apache/commons/collections4/map/HashedMapTest_OE25Dev.java
Wrote /home/tasfia/Desktop/OE25-DEV/projects_decomposed/commons-collections4/src/test/java/org/apache/commons/collections4/map/LazySortedMapTest_OE25Dev.java
Wrote /home/tasfia/Desktop/OE25-DEV/projects_decomposed/commons-collections4/src/test/java/org/apache/commons/collections4/map/ReferenceMapTest_OE25Dev.java
Wrote /home/tasfia/Desktop/OE25-DEV/projects_decomposed/commons-collections4/src/test/java/org/apache/commons/collections4/map/MultiValueMapTest_OE25Dev.java
Wrote /home/tasfia/Desktop/OE25-DEV/projects_decomposed/commons-collections4/src/test/java/org/apache/commons/collections4/map/PredicatedMapTest_OE25Dev.java
Wrote /home/tasfia/Desktop/OE25-DEV/projects_decomposed/commons-collections4/src/test/java/org/apache/commons/collections4/map/TransformedSortedMapTest_OE25Dev.java
Wrote /home/tasfia/Desktop/OE25-DEV/projects_decomposed/commons-collections4/src/test/java/org/apache/commons/collections4/map/DefaultedMapTest_OE25Dev.java
Wrote /home/tasfia/Desktop/OE25-DEV/projects_decomposed/commons-collections4/src/test/java/org/apache/commons/collections4/map/LazyMapTest_OE25Dev.java
Wrote /home/tasfia/Desktop/OE25-DEV/projects_decomposed/commons-collections4/src/test/java/org/apache/commons/collections4/map/UnmodifiableMapTest_OE25Dev.java
Wrote /home/tasfia/Desktop/OE25-DEV/projects_decomposed/commons-collections4/src/test/java/org/apache/commons/collections4/map/SingletonMapTest_OE25Dev.java
Wrote /home/tasfia/Desktop/OE25-DEV/projects_decomposed/commons-collections4/src/test/java/org/apache/commons/collections4/map/ReferenceIdentityMapTest_OE25Dev.java
Wrote /home/tasfia/Desktop/OE25-DEV/projects_decomposed/commons-collections4/src/test/java/org/apache/commons/collections4/map/PassiveExpiringMapTest_OE25Dev.java
Wrote /home/tasfia/Desktop/OE25-DEV/projects_decomposed/commons-collections4/src/test/java/org/apache/commons/collections4/map/CaseInsensitiveMapTest_OE25Dev.java
Wrote /home/tasfia/Desktop/OE25-DEV/projects_decomposed/commons-collections4/src/test/java/org/apache/commons/collections4/map/ListOrderedMap2Test_OE25Dev.java
Wrote /home/tasfia/Desktop/OE25-DEV/projects_decomposed/commons-collections4/src/test/java/org/apache/commons/collections4/map/UnmodifiableSortedMapTest_OE25Dev.java
Wrote /home/tasfia/Desktop/OE25-DEV/projects_decomposed/commons-collections4/src/test/java/org/apache/commons/collections4/map/AbstractSortedMapTest_OE25Dev.java
Wrote /home/tasfia/Desktop/OE25-DEV/projects_decomposed/commons-collections4/src/test/java/org/apache/commons/collections4/map/MultiKeyMapTest_OE25Dev.java
Processing commons-configuration2
Wrote /home/tasfia/Desktop/OE25-DEV/projects_decomposed/commons-configuration2/src/test/java/org/apache/commons/configuration2/TestAbstractConfigurationBasicFeatures_OE25Dev.java
Wrote /home/tasfia/Desktop/OE25-DEV/projects_decomposed/commons-configuration2/src/test/java/org/apache/commons/configuration2/TestEnvironmentConfiguration_OE25Dev.java
Wrote /home/tasfia/Desktop/OE25-DEV/projects_decomposed/commons-configuration2/src/test/java/org/apache/commons/configuration2/TestHierarchicalConfiguration_OE25Dev.java
Wrote /home/tasfia/Desktop/OE25-DEV/projects_decomposed/commons-configuration2/src/test/java/org/apache/commons/configuration2/TestCatalogResolver_OE25Dev.java
Wrote /home/tasfia/Desktop/OE25-DEV/projects_decomposed/commons-configuration2/src/test/java/org/apache/commons/configuration2/TestStrictConfigurationComparator_OE25Dev.java
Wrote /home/tasfia/Desktop/OE25-DEV/projects_decomposed/commons-configuration2/src/test/java/org/apache/commons/configuration2/TestConfigurationLookup_OE25Dev.java
Wrote /home/tasfia/Desktop/OE25-DEV/projects_decomposed/commons-configuration2/src/test/java/org/apache/commons/configuration2/TestYAMLConfiguration_OE25Dev.java
Wrote /home/tasfia/Desktop/OE25-DEV/projects_decomposed/commons-configuration2/src/test/java/org/apache/commons/configuration2/TestDataConfiguration_OE25Dev.java
Wrote /home/tasfia/Desktop/OE25-DEV/projects_decomposed/commons-configuration2/src/test/java/org/apache/commons/configuration2/TestCombinedConfiguration_OE25Dev.java
Wrote /home/tasfia/Desktop/OE25-DEV/projects_decomposed/commons-configuration2/src/test/java/org/apache/commons/configuration2/TestPropertiesConfiguration_OE25Dev.java
Wrote /home/tasfia/Desktop/OE25-DEV/projects_decomposed/commons-configuration2/src/test/java/org/apache/commons/configuration2/TestBaseConfiguration_OE25Dev.java
Wrote /home/tasfia/Desktop/OE25-DEV/projects_decomposed/commons-configuration2/src/test/java/org/apache/commons/configuration2/TestNullCompositeConfiguration_OE25Dev.java
Wrote /home/tasfia/Desktop/OE25-DEV/projects_decomposed/commons-configuration2/src/test/java/org/apache/commons/configuration2/TestHierarchicalConfigurationXMLReader_OE25Dev.java
Wrote /home/tasfia/Desktop/OE25-DEV/projects_decomposed/commons-configuration2/src/test/java/org/apache/commons/configuration2/TestXMLPropertiesConfiguration_OE25Dev.java
Wrote /home/tasfia/Desktop/OE25-DEV/projects_decomposed/commons-configuration2/src/test/java/org/apache/commons/configuration2/TestEqualsProperty_OE25Dev.java
Wrote /home/tasfia/Desktop/OE25-DEV/projects_decomposed/commons-configuration2/src/test/java/org/apache/commons/configuration2/TestHierarchicalXMLConfiguration_OE25Dev.java
Wrote /home/tasfia/Desktop/OE25-DEV/projects_decomposed/commons-configuration2/src/test/java/org/apache/commons/configuration2/TestBaseHierarchicalConfigurationSynchronization_OE25Dev.java
Wrote /home/tasfia/Desktop/OE25-DEV/projects_decomposed/commons-configuration2/src/test/java/org/apache/commons/configuration2/TestJSONConfiguration_OE25Dev.java
Wrote /home/tasfia/Desktop/OE25-DEV/projects_decomposed/commons-configuration2/src/test/java/org/apache/commons/configuration2/TestEqualBehavior_OE25Dev.java
Wrote /home/tasfia/Desktop/OE25-DEV/projects_decomposed/commons-configuration2/src/test/java/org/apache/commons/configuration2/TestConfigurationMap_OE25Dev.java
Wrote /home/tasfia/Desktop/OE25-DEV/projects_decomposed/commons-configuration2/src/test/java/org/apache/commons/configuration2/TestAbstractConfiguration_OE25Dev.java
Wrote /home/tasfia/Desktop/OE25-DEV/projects_decomposed/commons-configuration2/src/test/java/org/apache/commons/configuration2/TestCompositeConfiguration_OE25Dev.java
Wrote /home/tasfia/Desktop/OE25-DEV/projects_decomposed/commons-configuration2/src/test/java/org/apache/commons/configuration2/TestINIConfiguration_OE25Dev.java
Wrote /home/tasfia/Desktop/OE25-DEV/projects_decomposed/commons-configuration2/src/test/java/org/apache/commons/configuration2/TestXMLConfiguration_OE25Dev.java
Wrote /home/tasfia/Desktop/OE25-DEV/projects_decomposed/commons-configuration2/src/test/java/org/apache/commons/configuration2/TestXMLDocumentHelper_OE25Dev.java
Wrote /home/tasfia/Desktop/OE25-DEV/projects_decomposed/commons-configuration2/src/test/java/org/apache/commons/configuration2/TestJNDIConfiguration_OE25Dev.java
Wrote /home/tasfia/Desktop/OE25-DEV/projects_decomposed/commons-configuration2/src/test/java/org/apache/commons/configuration2/TestBaseNullConfiguration_OE25Dev.java
Wrote /home/tasfia/Desktop/OE25-DEV/projects_decomposed/commons-configuration2/src/test/java/org/apache/commons/configuration2/TestNullJNDIEnvironmentValues_OE25Dev.java
Wrote /home/tasfia/Desktop/OE25-DEV/projects_decomposed/commons-configuration2/src/test/java/org/apache/commons/configuration2/TestThreesomeConfiguration_OE25Dev.java
Wrote /home/tasfia/Desktop/OE25-DEV/projects_decomposed/commons-configuration2/src/test/java/org/apache/commons/configuration2/TestConfigurationSet_OE25Dev.java
Wrote /home/tasfia/Desktop/OE25-DEV/projects_decomposed/commons-configuration2/src/test/java/org/apache/commons/configuration2/TestConfigurationConverter_OE25Dev.java
Wrote /home/tasfia/Desktop/OE25-DEV/projects_decomposed/commons-configuration2/src/test/java/org/apache/commons/configuration2/TestConfigurationUtils_OE25Dev.java
Wrote /home/tasfia/Desktop/OE25-DEV/projects_decomposed/commons-configuration2/src/test/java/org/apache/commons/configuration2/BaseNonStringProperties_OE25Dev.java
Wrote /home/tasfia/Desktop/OE25-DEV/projects_decomposed/commons-configuration2/src/test/java/org/apache/commons/configuration2/TestAbstractConfigurationSynchronization_OE25Dev.java
Wrote /home/tasfia/Desktop/OE25-DEV/projects_decomposed/commons-configuration2/src/test/java/org/apache/commons/configuration2/TestDatabaseConfiguration_OE25Dev.java
Wrote /home/tasfia/Desktop/OE25-DEV/projects_decomposed/commons-configuration2/src/test/java/org/apache/commons/configuration2/TestDefaultImmutableConfiguration_OE25Dev.java
Wrote /home/tasfia/Desktop/OE25-DEV/projects_decomposed/commons-configuration2/src/test/java/org/apache/commons/configuration2/TestPropertiesSequence_OE25Dev.java
Wrote /home/tasfia/Desktop/OE25-DEV/projects_decomposed/commons-configuration2/src/test/java/org/apache/commons/configuration2/TestDynamicCombinedConfiguration_OE25Dev.java
Wrote /home/tasfia/Desktop/OE25-DEV/projects_decomposed/commons-configuration2/src/test/java/org/apache/commons/configuration2/TestPropertiesConfigurationLayout_OE25Dev.java
Wrote /home/tasfia/Desktop/OE25-DEV/projects_decomposed/commons-configuration2/src/test/java/org/apache/commons/configuration2/TestMapConfiguration_OE25Dev.java
Wrote /home/tasfia/Desktop/OE25-DEV/projects_decomposed/commons-configuration2/src/test/java/org/apache/commons/configuration2/TestSubsetConfiguration_OE25Dev.java
Wrote /home/tasfia/Desktop/OE25-DEV/projects_decomposed/commons-configuration2/src/test/java/org/apache/commons/configuration2/TestPatternSubtreeConfiguration_OE25Dev.java
Wrote /home/tasfia/Desktop/OE25-DEV/projects_decomposed/commons-configuration2/src/test/java/org/apache/commons/configuration2/TestImmutableConfiguration_OE25Dev.java
Wrote /home/tasfia/Desktop/OE25-DEV/projects_decomposed/commons-configuration2/src/test/java/org/apache/commons/configuration2/TestJNDIEnvironmentValues_OE25Dev.java
Wrote /home/tasfia/Desktop/OE25-DEV/projects_decomposed/commons-configuration2/src/test/java/org/apache/commons/configuration2/TestXMLListHandling_OE25Dev.java
Wrote /home/tasfia/Desktop/OE25-DEV/projects_decomposed/commons-configuration2/src/test/java/org/apache/commons/configuration2/NonStringTestHolder_OE25Dev.java
Wrote /home/tasfia/Desktop/OE25-DEV/projects_decomposed/commons-configuration2/src/test/java/org/apache/commons/configuration2/TestSystemConfiguration_OE25Dev.java
Wrote /home/tasfia/Desktop/OE25-DEV/projects_decomposed/commons-configuration2/src/test/java/org/apache/commons/configuration2/TestAbstractHierarchicalConfiguration_OE25Dev.java
Wrote /home/tasfia/Desktop/OE25-DEV/projects_decomposed/commons-configuration2/src/test/java/org/apache/commons/configuration2/TestSubnodeConfiguration_OE25Dev.java
Wrote /home/tasfia/Desktop/OE25-DEV/projects_decomposed/commons-configuration2/src/test/java/org/apache/commons/configuration2/reloading/TestCombinedReloadingController_OE25Dev.java
Wrote /home/tasfia/Desktop/OE25-DEV/projects_decomposed/commons-configuration2/src/test/java/org/apache/commons/configuration2/reloading/TestVFSFileHandlerReloadingDetector_OE25Dev.java
Wrote /home/tasfia/Desktop/OE25-DEV/projects_decomposed/commons-configuration2/src/test/java/org/apache/commons/configuration2/reloading/TestManagedReloadingDetector_OE25Dev.java
Wrote /home/tasfia/Desktop/OE25-DEV/projects_decomposed/commons-configuration2/src/test/java/org/apache/commons/configuration2/reloading/TestPeriodicReloadingTrigger_OE25Dev.java
Wrote /home/tasfia/Desktop/OE25-DEV/projects_decomposed/commons-configuration2/src/test/java/org/apache/commons/configuration2/reloading/TestFileHandlerReloadingDetector_OE25Dev.java
Wrote /home/tasfia/Desktop/OE25-DEV/projects_decomposed/commons-configuration2/src/test/java/org/apache/commons/configuration2/reloading/TestReloadingController_OE25Dev.java
Wrote /home/tasfia/Desktop/OE25-DEV/projects_decomposed/commons-configuration2/src/test/java/org/apache/commons/configuration2/io/TestBasePathLocationStrategy_OE25Dev.java
Wrote /home/tasfia/Desktop/OE25-DEV/projects_decomposed/commons-configuration2/src/test/java/org/apache/commons/configuration2/io/TestFileLocatorUtils_OE25Dev.java
Wrote /home/tasfia/Desktop/OE25-DEV/projects_decomposed/commons-configuration2/src/test/java/org/apache/commons/configuration2/io/TestAbsoluteNameLocationStrategy_OE25Dev.java
Wrote /home/tasfia/Desktop/OE25-DEV/projects_decomposed/commons-configuration2/src/test/java/org/apache/commons/configuration2/io/TestDefaultFileSystem_OE25Dev.java
Wrote /home/tasfia/Desktop/OE25-DEV/projects_decomposed/commons-configuration2/src/test/java/org/apache/commons/configuration2/io/TestClasspathLocationStrategy_OE25Dev.java
Wrote /home/tasfia/Desktop/OE25-DEV/projects_decomposed/commons-configuration2/src/test/java/org/apache/commons/configuration2/io/TestFileSystemLocationStrategy_OE25Dev.java
Wrote /home/tasfia/Desktop/OE25-DEV/projects_decomposed/commons-configuration2/src/test/java/org/apache/commons/configuration2/io/TestConfigurationLogger_OE25Dev.java
Wrote /home/tasfia/Desktop/OE25-DEV/projects_decomposed/commons-configuration2/src/test/java/org/apache/commons/configuration2/io/TestHomeDirectoryLocationStrategy_OE25Dev.java
Wrote /home/tasfia/Desktop/OE25-DEV/projects_decomposed/commons-configuration2/src/test/java/org/apache/commons/configuration2/io/TestCombinedLocationStrategy_OE25Dev.java
Wrote /home/tasfia/Desktop/OE25-DEV/projects_decomposed/commons-configuration2/src/test/java/org/apache/commons/configuration2/io/TestFileHandler_OE25Dev.java
Wrote /home/tasfia/Desktop/OE25-DEV/projects_decomposed/commons-configuration2/src/test/java/org/apache/commons/configuration2/io/TestProvidedURLLocationStrategy_OE25Dev.java
Wrote /home/tasfia/Desktop/OE25-DEV/projects_decomposed/commons-configuration2/src/test/java/org/apache/commons/configuration2/io/TestFileLocator_OE25Dev.java
Wrote /home/tasfia/Desktop/OE25-DEV/projects_decomposed/commons-configuration2/src/test/java/org/apache/commons/configuration2/event/TestConfigurationEventTypes_OE25Dev.java
Wrote /home/tasfia/Desktop/OE25-DEV/projects_decomposed/commons-configuration2/src/test/java/org/apache/commons/configuration2/event/TestEventSource_OE25Dev.java
Wrote /home/tasfia/Desktop/OE25-DEV/projects_decomposed/commons-configuration2/src/test/java/org/apache/commons/configuration2/event/TestEventListenerList_OE25Dev.java
Wrote /home/tasfia/Desktop/OE25-DEV/projects_decomposed/commons-configuration2/src/test/java/org/apache/commons/configuration2/event/TestEvent_OE25Dev.java
Wrote /home/tasfia/Desktop/OE25-DEV/projects_decomposed/commons-configuration2/src/test/java/org/apache/commons/configuration2/event/TestEventType_OE25Dev.java
Wrote /home/tasfia/Desktop/OE25-DEV/projects_decomposed/commons-configuration2/src/test/java/org/apache/commons/configuration2/web/TestServletRequestConfiguration_OE25Dev.java
Wrote /home/tasfia/Desktop/OE25-DEV/projects_decomposed/commons-configuration2/src/test/java/org/apache/commons/configuration2/convert/TestDefaultListDelimiterHandler_OE25Dev.java
Wrote /home/tasfia/Desktop/OE25-DEV/projects_decomposed/commons-configuration2/src/test/java/org/apache/commons/configuration2/convert/TestDisabledListDelimiterHandler_OE25Dev.java
Wrote /home/tasfia/Desktop/OE25-DEV/projects_decomposed/commons-configuration2/src/test/java/org/apache/commons/configuration2/convert/TestDefaultConversionHandler_OE25Dev.java
Wrote /home/tasfia/Desktop/OE25-DEV/projects_decomposed/commons-configuration2/src/test/java/org/apache/commons/configuration2/convert/TestPropertyConverter_OE25Dev.java
Wrote /home/tasfia/Desktop/OE25-DEV/projects_decomposed/commons-configuration2/src/test/java/org/apache/commons/configuration2/builder/TestCopyObjectDefaultHandler_OE25Dev.java
Wrote /home/tasfia/Desktop/OE25-DEV/projects_decomposed/commons-configuration2/src/test/java/org/apache/commons/configuration2/builder/TestFileBasedConfigurationBuilder_OE25Dev.java
Wrote /home/tasfia/Desktop/OE25-DEV/projects_decomposed/commons-configuration2/src/test/java/org/apache/commons/configuration2/builder/TestDatabaseBuilderParametersImpl_OE25Dev.java
Wrote /home/tasfia/Desktop/OE25-DEV/projects_decomposed/commons-configuration2/src/test/java/org/apache/commons/configuration2/builder/TestHierarchicalBuilderParametersImpl_OE25Dev.java
Wrote /home/tasfia/Desktop/OE25-DEV/projects_decomposed/commons-configuration2/src/test/java/org/apache/commons/configuration2/builder/TestXMLBuilderParametersImpl_OE25Dev.java
Wrote /home/tasfia/Desktop/OE25-DEV/projects_decomposed/commons-configuration2/src/test/java/org/apache/commons/configuration2/builder/TestBuilderConfigurationWrapperFactory_OE25Dev.java
Wrote /home/tasfia/Desktop/OE25-DEV/projects_decomposed/commons-configuration2/src/test/java/org/apache/commons/configuration2/builder/TestDefaultReloadingDetectorFactory_OE25Dev.java
Wrote /home/tasfia/Desktop/OE25-DEV/projects_decomposed/commons-configuration2/src/test/java/org/apache/commons/configuration2/builder/TestDefaultParametersManager_OE25Dev.java
Wrote /home/tasfia/Desktop/OE25-DEV/projects_decomposed/commons-configuration2/src/test/java/org/apache/commons/configuration2/builder/TestReloadingFileBasedConfigurationBuilder_OE25Dev.java
Wrote /home/tasfia/Desktop/OE25-DEV/projects_decomposed/commons-configuration2/src/test/java/org/apache/commons/configuration2/builder/TestReloadingBuilderSupportListener_OE25Dev.java
Wrote /home/tasfia/Desktop/OE25-DEV/projects_decomposed/commons-configuration2/src/test/java/org/apache/commons/configuration2/builder/TestBasicConfigurationBuilder_OE25Dev.java
Wrote /home/tasfia/Desktop/OE25-DEV/projects_decomposed/commons-configuration2/src/test/java/org/apache/commons/configuration2/builder/TestFileBasedBuilderParameters_OE25Dev.java
Wrote /home/tasfia/Desktop/OE25-DEV/projects_decomposed/commons-configuration2/src/test/java/org/apache/commons/configuration2/builder/TestBasicConfigurationBuilderEvents_OE25Dev.java
Wrote /home/tasfia/Desktop/OE25-DEV/projects_decomposed/commons-configuration2/src/test/java/org/apache/commons/configuration2/builder/TestPropertiesBuilderParametersImpl_OE25Dev.java
Wrote /home/tasfia/Desktop/OE25-DEV/projects_decomposed/commons-configuration2/src/test/java/org/apache/commons/configuration2/builder/TestEventListenerParameters_OE25Dev.java
Wrote /home/tasfia/Desktop/OE25-DEV/projects_decomposed/commons-configuration2/src/test/java/org/apache/commons/configuration2/builder/TestJndiBuilderParametersImpl_OE25Dev.java
Wrote /home/tasfia/Desktop/OE25-DEV/projects_decomposed/commons-configuration2/src/test/java/org/apache/commons/configuration2/builder/TestBasicBuilderParameters_OE25Dev.java
Wrote /home/tasfia/Desktop/OE25-DEV/projects_decomposed/commons-configuration2/src/test/java/org/apache/commons/configuration2/builder/combined/TestConfigurationDeclaration_OE25Dev.java
Wrote /home/tasfia/Desktop/OE25-DEV/projects_decomposed/commons-configuration2/src/test/java/org/apache/commons/configuration2/builder/combined/TestReloadingCombinedConfigurationBuilderFileBased_OE25Dev.java
Wrote /home/tasfia/Desktop/OE25-DEV/projects_decomposed/commons-configuration2/src/test/java/org/apache/commons/configuration2/builder/combined/TestMultiFileBuilderParametersImpl_OE25Dev.java
Wrote /home/tasfia/Desktop/OE25-DEV/projects_decomposed/commons-configuration2/src/test/java/org/apache/commons/configuration2/builder/combined/TestReloadingCombinedConfigurationBuilder_OE25Dev.java
Wrote /home/tasfia/Desktop/OE25-DEV/projects_decomposed/commons-configuration2/src/test/java/org/apache/commons/configuration2/builder/combined/TestCombinedConfigurationBuilderVFS_OE25Dev.java
Wrote /home/tasfia/Desktop/OE25-DEV/projects_decomposed/commons-configuration2/src/test/java/org/apache/commons/configuration2/builder/combined/TestReloadingMultiFileConfigurationBuilder_OE25Dev.java
Wrote /home/tasfia/Desktop/OE25-DEV/projects_decomposed/commons-configuration2/src/test/java/org/apache/commons/configuration2/builder/combined/TestCombinedConfigurationBuilder_OE25Dev.java
Wrote /home/tasfia/Desktop/OE25-DEV/projects_decomposed/commons-configuration2/src/test/java/org/apache/commons/configuration2/builder/combined/TestCombinedBuilderParametersImpl_OE25Dev.java
Wrote /home/tasfia/Desktop/OE25-DEV/projects_decomposed/commons-configuration2/src/test/java/org/apache/commons/configuration2/builder/combined/TestBaseConfigurationBuilderProvider_OE25Dev.java
Wrote /home/tasfia/Desktop/OE25-DEV/projects_decomposed/commons-configuration2/src/test/java/org/apache/commons/configuration2/builder/combined/TestMultiFileConfigurationBuilder_OE25Dev.java
Wrote /home/tasfia/Desktop/OE25-DEV/projects_decomposed/commons-configuration2/src/test/java/org/apache/commons/configuration2/builder/combined/TestFileExtensionConfigurationBuilderProvider_OE25Dev.java
Wrote /home/tasfia/Desktop/OE25-DEV/projects_decomposed/commons-configuration2/src/test/java/org/apache/commons/configuration2/builder/combined/TestMultiWrapDynaBean_OE25Dev.java
Wrote /home/tasfia/Desktop/OE25-DEV/projects_decomposed/commons-configuration2/src/test/java/org/apache/commons/configuration2/builder/fluent/TestParameters_OE25Dev.java
Wrote /home/tasfia/Desktop/OE25-DEV/projects_decomposed/commons-configuration2/src/test/java/org/apache/commons/configuration2/builder/fluent/TestConfigurations_OE25Dev.java
Wrote /home/tasfia/Desktop/OE25-DEV/projects_decomposed/commons-configuration2/src/test/java/org/apache/commons/configuration2/spring/TestConfigurationPropertySource_OE25Dev.java
Wrote /home/tasfia/Desktop/OE25-DEV/projects_decomposed/commons-configuration2/src/test/java/org/apache/commons/configuration2/spring/TestConfigurationPropertiesFactoryBean_OE25Dev.java
Wrote /home/tasfia/Desktop/OE25-DEV/projects_decomposed/commons-configuration2/src/test/java/org/apache/commons/configuration2/tree/TestTrackedNodeModel_OE25Dev.java
Wrote /home/tasfia/Desktop/OE25-DEV/projects_decomposed/commons-configuration2/src/test/java/org/apache/commons/configuration2/tree/AbstractCombinerTest_OE25Dev.java
Wrote /home/tasfia/Desktop/OE25-DEV/projects_decomposed/commons-configuration2/src/test/java/org/apache/commons/configuration2/tree/TestNodeUpdateData_OE25Dev.java
Wrote /home/tasfia/Desktop/OE25-DEV/projects_decomposed/commons-configuration2/src/test/java/org/apache/commons/configuration2/tree/TestNodeTreeWalker_OE25Dev.java
Wrote /home/tasfia/Desktop/OE25-DEV/projects_decomposed/commons-configuration2/src/test/java/org/apache/commons/configuration2/tree/AbstractImmutableNodeHandlerTest_OE25Dev.java
Wrote /home/tasfia/Desktop/OE25-DEV/projects_decomposed/commons-configuration2/src/test/java/org/apache/commons/configuration2/tree/TestNodeNameMatchers_OE25Dev.java
Wrote /home/tasfia/Desktop/OE25-DEV/projects_decomposed/commons-configuration2/src/test/java/org/apache/commons/configuration2/tree/TestNodeSelector_OE25Dev.java
Wrote /home/tasfia/Desktop/OE25-DEV/projects_decomposed/commons-configuration2/src/test/java/org/apache/commons/configuration2/tree/TestQueryResult_OE25Dev.java
Wrote /home/tasfia/Desktop/OE25-DEV/projects_decomposed/commons-configuration2/src/test/java/org/apache/commons/configuration2/tree/TestUnionCombiner_OE25Dev.java
Wrote /home/tasfia/Desktop/OE25-DEV/projects_decomposed/commons-configuration2/src/test/java/org/apache/commons/configuration2/tree/TestInMemoryNodeModelReferences_OE25Dev.java
Wrote /home/tasfia/Desktop/OE25-DEV/projects_decomposed/commons-configuration2/src/test/java/org/apache/commons/configuration2/tree/TestOverrideCombiner_OE25Dev.java
Wrote /home/tasfia/Desktop/OE25-DEV/projects_decomposed/commons-configuration2/src/test/java/org/apache/commons/configuration2/tree/TestDefaultExpressionEngine_OE25Dev.java
Wrote /home/tasfia/Desktop/OE25-DEV/projects_decomposed/commons-configuration2/src/test/java/org/apache/commons/configuration2/tree/TestMergeCombiner_OE25Dev.java
Wrote /home/tasfia/Desktop/OE25-DEV/projects_decomposed/commons-configuration2/src/test/java/org/apache/commons/configuration2/tree/TestInMemoryNodeModel_OE25Dev.java
Wrote /home/tasfia/Desktop/OE25-DEV/projects_decomposed/commons-configuration2/src/test/java/org/apache/commons/configuration2/tree/TestNodeAddData_OE25Dev.java
Wrote /home/tasfia/Desktop/OE25-DEV/projects_decomposed/commons-configuration2/src/test/java/org/apache/commons/configuration2/tree/TestDefaultConfigurationKey_OE25Dev.java
Wrote /home/tasfia/Desktop/OE25-DEV/projects_decomposed/commons-configuration2/src/test/java/org/apache/commons/configuration2/tree/TestImmutableNode_OE25Dev.java
Wrote /home/tasfia/Desktop/OE25-DEV/projects_decomposed/commons-configuration2/src/test/java/org/apache/commons/configuration2/tree/TestDefaultExpressionEngineSymbols_OE25Dev.java
Wrote /home/tasfia/Desktop/OE25-DEV/projects_decomposed/commons-configuration2/src/test/java/org/apache/commons/configuration2/tree/TestTrackedNodeHandler_OE25Dev.java
Wrote /home/tasfia/Desktop/OE25-DEV/projects_decomposed/commons-configuration2/src/test/java/org/apache/commons/configuration2/tree/TestInMemoryNodeModelTrackedNodes_OE25Dev.java
Wrote /home/tasfia/Desktop/OE25-DEV/projects_decomposed/commons-configuration2/src/test/java/org/apache/commons/configuration2/tree/xpath/TestXPathExpressionEngine_OE25Dev.java
Wrote /home/tasfia/Desktop/OE25-DEV/projects_decomposed/commons-configuration2/src/test/java/org/apache/commons/configuration2/tree/xpath/TestConfigurationNodePointerFactory_OE25Dev.java
Wrote /home/tasfia/Desktop/OE25-DEV/projects_decomposed/commons-configuration2/src/test/java/org/apache/commons/configuration2/tree/xpath/TestXPathExpressionEngineInConfig_OE25Dev.java
Wrote /home/tasfia/Desktop/OE25-DEV/projects_decomposed/commons-configuration2/src/test/java/org/apache/commons/configuration2/tree/xpath/TestConfigurationNodeIteratorChildren_OE25Dev.java
Wrote /home/tasfia/Desktop/OE25-DEV/projects_decomposed/commons-configuration2/src/test/java/org/apache/commons/configuration2/tree/xpath/TestXPathContextFactory_OE25Dev.java
Wrote /home/tasfia/Desktop/OE25-DEV/projects_decomposed/commons-configuration2/src/test/java/org/apache/commons/configuration2/tree/xpath/TestConfigurationIteratorAttributes_OE25Dev.java
Wrote /home/tasfia/Desktop/OE25-DEV/projects_decomposed/commons-configuration2/src/test/java/org/apache/commons/configuration2/tree/xpath/TestConfigurationAttributePointer_OE25Dev.java
Wrote /home/tasfia/Desktop/OE25-DEV/projects_decomposed/commons-configuration2/src/test/java/org/apache/commons/configuration2/tree/xpath/TestConfigurationNodePointer_OE25Dev.java
Wrote /home/tasfia/Desktop/OE25-DEV/projects_decomposed/commons-configuration2/src/test/java/org/apache/commons/configuration2/plist/TestPropertyListConfiguration_OE25Dev.java
Wrote /home/tasfia/Desktop/OE25-DEV/projects_decomposed/commons-configuration2/src/test/java/org/apache/commons/configuration2/plist/TestPropertyListParser_OE25Dev.java
Wrote /home/tasfia/Desktop/OE25-DEV/projects_decomposed/commons-configuration2/src/test/java/org/apache/commons/configuration2/plist/TestXMLPropertyListConfiguration_OE25Dev.java
Wrote /home/tasfia/Desktop/OE25-DEV/projects_decomposed/commons-configuration2/src/test/java/org/apache/commons/configuration2/beanutils/TestCombinedBeanDeclaration_OE25Dev.java
Wrote /home/tasfia/Desktop/OE25-DEV/projects_decomposed/commons-configuration2/src/test/java/org/apache/commons/configuration2/beanutils/TestBeanHelper_OE25Dev.java
Wrote /home/tasfia/Desktop/OE25-DEV/projects_decomposed/commons-configuration2/src/test/java/org/apache/commons/configuration2/beanutils/TestConstructorArg_OE25Dev.java
Wrote /home/tasfia/Desktop/OE25-DEV/projects_decomposed/commons-configuration2/src/test/java/org/apache/commons/configuration2/beanutils/TestDefaultBeanFactory_OE25Dev.java
Wrote /home/tasfia/Desktop/OE25-DEV/projects_decomposed/commons-configuration2/src/test/java/org/apache/commons/configuration2/beanutils/TestConfigurationDynaBean_OE25Dev.java
Wrote /home/tasfia/Desktop/OE25-DEV/projects_decomposed/commons-configuration2/src/test/java/org/apache/commons/configuration2/beanutils/TestXMLBeanDeclaration_OE25Dev.java
Wrote /home/tasfia/Desktop/OE25-DEV/projects_decomposed/commons-configuration2/src/test/java/org/apache/commons/configuration2/sync/TestReadWriteSynchronizer_OE25Dev.java
Wrote /home/tasfia/Desktop/OE25-DEV/projects_decomposed/commons-configuration2/src/test/java/org/apache/commons/configuration2/interpol/TestInterpolatorSpecification_OE25Dev.java
Wrote /home/tasfia/Desktop/OE25-DEV/projects_decomposed/commons-configuration2/src/test/java/org/apache/commons/configuration2/interpol/TestExprLookup_OE25Dev.java
Wrote /home/tasfia/Desktop/OE25-DEV/projects_decomposed/commons-configuration2/src/test/java/org/apache/commons/configuration2/interpol/TestEnvironmentLookup_OE25Dev.java
Wrote /home/tasfia/Desktop/OE25-DEV/projects_decomposed/commons-configuration2/src/test/java/org/apache/commons/configuration2/interpol/TestConfigurationInterpolator_OE25Dev.java
Wrote /home/tasfia/Desktop/OE25-DEV/projects_decomposed/commons-configuration2/src/test/java/org/apache/commons/configuration2/interpol/TestSystemPropertiesLookup_OE25Dev.java
Wrote /home/tasfia/Desktop/OE25-DEV/projects_decomposed/commons-configuration2/src/test/java/org/apache/commons/configuration2/interpol/TestConstantLookup_OE25Dev.java
Wrote /home/tasfia/Desktop/OE25-DEV/projects_decomposed/commons-configuration2/src/test/java/org/apache/commons/configuration2/interpol/TestDummyLookup_OE25Dev.java
Processing commons-dbutils
Wrote /home/tasfia/Desktop/OE25-DEV/projects_decomposed/commons-dbutils/src/test/java/org/apache/commons/dbutils/QueryLoaderTest_OE25Dev.java
Wrote /home/tasfia/Desktop/OE25-DEV/projects_decomposed/commons-dbutils/src/test/java/org/apache/commons/dbutils/BeanProcessorTest_OE25Dev.java
Wrote /home/tasfia/Desktop/OE25-DEV/projects_decomposed/commons-dbutils/src/test/java/org/apache/commons/dbutils/GenerousBeanProcessorTest_OE25Dev.java
Wrote /home/tasfia/Desktop/OE25-DEV/projects_decomposed/commons-dbutils/src/test/java/org/apache/commons/dbutils/QueryRunnerTest_OE25Dev.java
Wrote /home/tasfia/Desktop/OE25-DEV/projects_decomposed/commons-dbutils/src/test/java/org/apache/commons/dbutils/ServiceLoaderTest_OE25Dev.java
Wrote /home/tasfia/Desktop/OE25-DEV/projects_decomposed/commons-dbutils/src/test/java/org/apache/commons/dbutils/DbUtilsTest_OE25Dev.java
Wrote /home/tasfia/Desktop/OE25-DEV/projects_decomposed/commons-dbutils/src/test/java/org/apache/commons/dbutils/OutParameterTest_OE25Dev.java
Wrote /home/tasfia/Desktop/OE25-DEV/projects_decomposed/commons-dbutils/src/test/java/org/apache/commons/dbutils/BaseTestCase_OE25Dev.java
Wrote /home/tasfia/Desktop/OE25-DEV/projects_decomposed/commons-dbutils/src/test/java/org/apache/commons/dbutils/BaseResultSetHandlerTest_OE25Dev.java
Wrote /home/tasfia/Desktop/OE25-DEV/projects_decomposed/commons-dbutils/src/test/java/org/apache/commons/dbutils/ProxyFactoryTest_OE25Dev.java
Wrote /home/tasfia/Desktop/OE25-DEV/projects_decomposed/commons-dbutils/src/test/java/org/apache/commons/dbutils/ResultSetIteratorTest_OE25Dev.java
Wrote /home/tasfia/Desktop/OE25-DEV/projects_decomposed/commons-dbutils/src/test/java/org/apache/commons/dbutils/BasicRowProcessorTest_OE25Dev.java
Wrote /home/tasfia/Desktop/OE25-DEV/projects_decomposed/commons-dbutils/src/test/java/org/apache/commons/dbutils/StatementConfigurationTest_OE25Dev.java
Wrote /home/tasfia/Desktop/OE25-DEV/projects_decomposed/commons-dbutils/src/test/java/org/apache/commons/dbutils/wrappers/StringTrimmedResultSetTest_OE25Dev.java
Wrote /home/tasfia/Desktop/OE25-DEV/projects_decomposed/commons-dbutils/src/test/java/org/apache/commons/dbutils/wrappers/SqlNullCheckedResultSetTest_OE25Dev.java
Wrote /home/tasfia/Desktop/OE25-DEV/projects_decomposed/commons-dbutils/src/test/java/org/apache/commons/dbutils/handlers/ColumnListHandlerTest_OE25Dev.java
Wrote /home/tasfia/Desktop/OE25-DEV/projects_decomposed/commons-dbutils/src/test/java/org/apache/commons/dbutils/handlers/KeyedHandlerTest_OE25Dev.java
Wrote /home/tasfia/Desktop/OE25-DEV/projects_decomposed/commons-dbutils/src/test/java/org/apache/commons/dbutils/handlers/MapHandlerTest_OE25Dev.java
Wrote /home/tasfia/Desktop/OE25-DEV/projects_decomposed/commons-dbutils/src/test/java/org/apache/commons/dbutils/handlers/ScalarHandlerTest_OE25Dev.java
Wrote /home/tasfia/Desktop/OE25-DEV/projects_decomposed/commons-dbutils/src/test/java/org/apache/commons/dbutils/handlers/MapListHandlerTest_OE25Dev.java
Wrote /home/tasfia/Desktop/OE25-DEV/projects_decomposed/commons-dbutils/src/test/java/org/apache/commons/dbutils/handlers/ArrayListHandlerTest_OE25Dev.java
Wrote /home/tasfia/Desktop/OE25-DEV/projects_decomposed/commons-dbutils/src/test/java/org/apache/commons/dbutils/handlers/BeanHandlerTest_OE25Dev.java
Wrote /home/tasfia/Desktop/OE25-DEV/projects_decomposed/commons-dbutils/src/test/java/org/apache/commons/dbutils/handlers/BeanListHandlerTest_OE25Dev.java
Wrote /home/tasfia/Desktop/OE25-DEV/projects_decomposed/commons-dbutils/src/test/java/org/apache/commons/dbutils/handlers/ArrayHandlerTest_OE25Dev.java
Wrote /home/tasfia/Desktop/OE25-DEV/projects_decomposed/commons-dbutils/src/test/java/org/apache/commons/dbutils/handlers/BeanMapHandlerTest_OE25Dev.java
Wrote /home/tasfia/Desktop/OE25-DEV/projects_decomposed/commons-dbutils/src/test/java/org/apache/commons/dbutils/handlers/properties/PropertyHandlerTest_OE25Dev.java
Wrote /home/tasfia/Desktop/OE25-DEV/projects_decomposed/commons-dbutils/src/test/java/org/apache/commons/dbutils/handlers/properties/DatePropertyHandlerTest_OE25Dev.java
Wrote /home/tasfia/Desktop/OE25-DEV/projects_decomposed/commons-dbutils/src/test/java/org/apache/commons/dbutils/handlers/properties/StringEnumPropertyHandlerTest_OE25Dev.java
Wrote /home/tasfia/Desktop/OE25-DEV/projects_decomposed/commons-dbutils/src/test/java/org/apache/commons/dbutils/handlers/columns/IntegerColumnHandlerTest_OE25Dev.java
Wrote /home/tasfia/Desktop/OE25-DEV/projects_decomposed/commons-dbutils/src/test/java/org/apache/commons/dbutils/handlers/columns/ColumnHandlerTestBase_OE25Dev.java
Processing commons-geometry
Wrote /home/tasfia/Desktop/OE25-DEV/projects_decomposed/commons-geometry/commons-geometry-io-euclidean/src/test/java/org/apache/commons/geometry/io/euclidean/DocumentationExamplesTest_OE25Dev.java
Wrote /home/tasfia/Desktop/OE25-DEV/projects_decomposed/commons-geometry/commons-geometry-io-euclidean/src/test/java/org/apache/commons/geometry/io/euclidean/threed/FacetDefinitionsTest_OE25Dev.java
Wrote /home/tasfia/Desktop/OE25-DEV/projects_decomposed/commons-geometry/commons-geometry-io-euclidean/src/test/java/org/apache/commons/geometry/io/euclidean/threed/AbstractBoundaryReadHandler3DTest_OE25Dev.java
Wrote /home/tasfia/Desktop/OE25-DEV/projects_decomposed/commons-geometry/commons-geometry-io-euclidean/src/test/java/org/apache/commons/geometry/io/euclidean/threed/SimpleFacetDefinitionTest_OE25Dev.java
Wrote /home/tasfia/Desktop/OE25-DEV/projects_decomposed/commons-geometry/commons-geometry-io-euclidean/src/test/java/org/apache/commons/geometry/io/euclidean/threed/BoundaryIOManager3DTest_OE25Dev.java
Wrote /home/tasfia/Desktop/OE25-DEV/projects_decomposed/commons-geometry/commons-geometry-io-euclidean/src/test/java/org/apache/commons/geometry/io/euclidean/threed/stl/TextStlFacetDefinitionReaderTest_OE25Dev.java
Wrote /home/tasfia/Desktop/OE25-DEV/projects_decomposed/commons-geometry/commons-geometry-io-euclidean/src/test/java/org/apache/commons/geometry/io/euclidean/threed/stl/StlBoundaryReadHandler3DTest_OE25Dev.java
Wrote /home/tasfia/Desktop/OE25-DEV/projects_decomposed/commons-geometry/commons-geometry-io-euclidean/src/test/java/org/apache/commons/geometry/io/euclidean/threed/stl/StlBoundaryWriteHandler3DTest_OE25Dev.java
Wrote /home/tasfia/Desktop/OE25-DEV/projects_decomposed/commons-geometry/commons-geometry-io-euclidean/src/test/java/org/apache/commons/geometry/io/euclidean/threed/obj/ObjFacetDefinitionReaderTest_OE25Dev.java
Wrote /home/tasfia/Desktop/OE25-DEV/projects_decomposed/commons-geometry/commons-geometry-io-euclidean/src/test/java/org/apache/commons/geometry/io/euclidean/threed/obj/ObjBoundaryWriteHandler3DTest_OE25Dev.java
Wrote /home/tasfia/Desktop/OE25-DEV/projects_decomposed/commons-geometry/commons-geometry-io-euclidean/src/test/java/org/apache/commons/geometry/io/euclidean/threed/obj/ObjTriangleMeshReaderTest_OE25Dev.java
Wrote /home/tasfia/Desktop/OE25-DEV/projects_decomposed/commons-geometry/commons-geometry-io-euclidean/src/test/java/org/apache/commons/geometry/io/euclidean/threed/obj/PolygonObjParserTest_OE25Dev.java
Wrote /home/tasfia/Desktop/OE25-DEV/projects_decomposed/commons-geometry/commons-geometry-io-euclidean/src/test/java/org/apache/commons/geometry/io/euclidean/threed/obj/ObjBoundaryReadHandler3DTest_OE25Dev.java
Wrote /home/tasfia/Desktop/OE25-DEV/projects_decomposed/commons-geometry/commons-geometry-io-euclidean/src/test/java/org/apache/commons/geometry/io/euclidean/threed/txt/TextBoundaryWriteHandler3DTest_OE25Dev.java
Wrote /home/tasfia/Desktop/OE25-DEV/projects_decomposed/commons-geometry/commons-geometry-io-euclidean/src/test/java/org/apache/commons/geometry/io/euclidean/threed/txt/TextFacetDefinitionReaderTest_OE25Dev.java
Wrote /home/tasfia/Desktop/OE25-DEV/projects_decomposed/commons-geometry/commons-geometry-io-euclidean/src/test/java/org/apache/commons/geometry/io/euclidean/threed/txt/TextFacetDefinitionWriterTest_OE25Dev.java
Wrote /home/tasfia/Desktop/OE25-DEV/projects_decomposed/commons-geometry/commons-geometry-io-euclidean/src/test/java/org/apache/commons/geometry/io/euclidean/threed/txt/TextBoundaryReadHandler3DTest_OE25Dev.java
Wrote /home/tasfia/Desktop/OE25-DEV/projects_decomposed/commons-geometry/commons-geometry-io-core/src/test/java/org/apache/commons/geometry/io/core/BoundaryIOManagerTest_OE25Dev.java
Wrote /home/tasfia/Desktop/OE25-DEV/projects_decomposed/commons-geometry/commons-geometry-io-core/src/test/java/org/apache/commons/geometry/io/core/output/StreamGeometryOutputTest_OE25Dev.java
Wrote /home/tasfia/Desktop/OE25-DEV/projects_decomposed/commons-geometry/commons-geometry-io-core/src/test/java/org/apache/commons/geometry/io/core/output/FileGeometryOutputTest_OE25Dev.java
Wrote /home/tasfia/Desktop/OE25-DEV/projects_decomposed/commons-geometry/commons-geometry-io-core/src/test/java/org/apache/commons/geometry/io/core/internal/CharReadBufferTest_OE25Dev.java
Wrote /home/tasfia/Desktop/OE25-DEV/projects_decomposed/commons-geometry/commons-geometry-io-core/src/test/java/org/apache/commons/geometry/io/core/internal/SimpleTextParserTest_OE25Dev.java
Wrote /home/tasfia/Desktop/OE25-DEV/projects_decomposed/commons-geometry/commons-geometry-io-core/src/test/java/org/apache/commons/geometry/io/core/internal/GeometryIOUtilsTest_OE25Dev.java
Wrote /home/tasfia/Desktop/OE25-DEV/projects_decomposed/commons-geometry/commons-geometry-io-core/src/test/java/org/apache/commons/geometry/io/core/input/UrlGeometryInputTest_OE25Dev.java
Wrote /home/tasfia/Desktop/OE25-DEV/projects_decomposed/commons-geometry/commons-geometry-io-core/src/test/java/org/apache/commons/geometry/io/core/input/StreamGeometryInputTest_OE25Dev.java
Wrote /home/tasfia/Desktop/OE25-DEV/projects_decomposed/commons-geometry/commons-geometry-io-core/src/test/java/org/apache/commons/geometry/io/core/input/FileGeometryInputTest_OE25Dev.java
Wrote /home/tasfia/Desktop/OE25-DEV/projects_decomposed/commons-geometry/commons-geometry-spherical/src/test/java/org/apache/commons/geometry/spherical/DocumentationExamplesTest_OE25Dev.java
Wrote /home/tasfia/Desktop/OE25-DEV/projects_decomposed/commons-geometry/commons-geometry-spherical/src/test/java/org/apache/commons/geometry/spherical/twod/GreatCircleTest_OE25Dev.java
Wrote /home/tasfia/Desktop/OE25-DEV/projects_decomposed/commons-geometry/commons-geometry-spherical/src/test/java/org/apache/commons/geometry/spherical/twod/RegionBSPTree2STest_OE25Dev.java
Wrote /home/tasfia/Desktop/OE25-DEV/projects_decomposed/commons-geometry/commons-geometry-spherical/src/test/java/org/apache/commons/geometry/spherical/twod/AbstractGreatArcPathConnectorTest_OE25Dev.java
Wrote /home/tasfia/Desktop/OE25-DEV/projects_decomposed/commons-geometry/commons-geometry-spherical/src/test/java/org/apache/commons/geometry/spherical/twod/BoundarySource2STest_OE25Dev.java
Wrote /home/tasfia/Desktop/OE25-DEV/projects_decomposed/commons-geometry/commons-geometry-spherical/src/test/java/org/apache/commons/geometry/spherical/twod/GreatArcTest_OE25Dev.java
Wrote /home/tasfia/Desktop/OE25-DEV/projects_decomposed/commons-geometry/commons-geometry-spherical/src/test/java/org/apache/commons/geometry/spherical/twod/InteriorAngleGreatArcConnectorTest_OE25Dev.java
Wrote /home/tasfia/Desktop/OE25-DEV/projects_decomposed/commons-geometry/commons-geometry-spherical/src/test/java/org/apache/commons/geometry/spherical/twod/BoundaryList2STest_OE25Dev.java
Wrote /home/tasfia/Desktop/OE25-DEV/projects_decomposed/commons-geometry/commons-geometry-spherical/src/test/java/org/apache/commons/geometry/spherical/twod/Point2STest_OE25Dev.java
Wrote /home/tasfia/Desktop/OE25-DEV/projects_decomposed/commons-geometry/commons-geometry-spherical/src/test/java/org/apache/commons/geometry/spherical/twod/Transform2STest_OE25Dev.java
Wrote /home/tasfia/Desktop/OE25-DEV/projects_decomposed/commons-geometry/commons-geometry-spherical/src/test/java/org/apache/commons/geometry/spherical/twod/GreatArcPathTest_OE25Dev.java
Wrote /home/tasfia/Desktop/OE25-DEV/projects_decomposed/commons-geometry/commons-geometry-spherical/src/test/java/org/apache/commons/geometry/spherical/twod/EmbeddedTreeSubGreatCircleTest_OE25Dev.java
Wrote /home/tasfia/Desktop/OE25-DEV/projects_decomposed/commons-geometry/commons-geometry-spherical/src/test/java/org/apache/commons/geometry/spherical/twod/ConvexArea2STest_OE25Dev.java
Wrote /home/tasfia/Desktop/OE25-DEV/projects_decomposed/commons-geometry/commons-geometry-spherical/src/test/java/org/apache/commons/geometry/spherical/oned/CutAngleTest_OE25Dev.java
Wrote /home/tasfia/Desktop/OE25-DEV/projects_decomposed/commons-geometry/commons-geometry-spherical/src/test/java/org/apache/commons/geometry/spherical/oned/AngularIntervalTest_OE25Dev.java
Wrote /home/tasfia/Desktop/OE25-DEV/projects_decomposed/commons-geometry/commons-geometry-spherical/src/test/java/org/apache/commons/geometry/spherical/oned/RegionBSPTree1STest_OE25Dev.java
Wrote /home/tasfia/Desktop/OE25-DEV/projects_decomposed/commons-geometry/commons-geometry-spherical/src/test/java/org/apache/commons/geometry/spherical/oned/Transform1STest_OE25Dev.java
Wrote /home/tasfia/Desktop/OE25-DEV/projects_decomposed/commons-geometry/commons-geometry-spherical/src/test/java/org/apache/commons/geometry/spherical/oned/Point1STest_OE25Dev.java
Wrote /home/tasfia/Desktop/OE25-DEV/projects_decomposed/commons-geometry/commons-geometry-core/src/test/java/org/apache/commons/geometry/core/SizedTest_OE25Dev.java
Wrote /home/tasfia/Desktop/OE25-DEV/projects_decomposed/commons-geometry/commons-geometry-core/src/test/java/org/apache/commons/geometry/core/EmbeddingTest_OE25Dev.java
Wrote /home/tasfia/Desktop/OE25-DEV/projects_decomposed/commons-geometry/commons-geometry-core/src/test/java/org/apache/commons/geometry/core/partitioning/SplitTest_OE25Dev.java
Wrote /home/tasfia/Desktop/OE25-DEV/projects_decomposed/commons-geometry/commons-geometry-core/src/test/java/org/apache/commons/geometry/core/partitioning/BoundaryListTest_OE25Dev.java
Wrote /home/tasfia/Desktop/OE25-DEV/projects_decomposed/commons-geometry/commons-geometry-core/src/test/java/org/apache/commons/geometry/core/partitioning/AbstractHyperplaneTest_OE25Dev.java
Wrote /home/tasfia/Desktop/OE25-DEV/projects_decomposed/commons-geometry/commons-geometry-core/src/test/java/org/apache/commons/geometry/core/partitioning/AbstractConvexHyperplaneBoundedRegionTest_OE25Dev.java
Wrote /home/tasfia/Desktop/OE25-DEV/projects_decomposed/commons-geometry/commons-geometry-core/src/test/java/org/apache/commons/geometry/core/partitioning/bsp/AbstractRegionBSPTreeTest_OE25Dev.java
Wrote /home/tasfia/Desktop/OE25-DEV/projects_decomposed/commons-geometry/commons-geometry-core/src/test/java/org/apache/commons/geometry/core/partitioning/bsp/AbstractBSPTreeTest_OE25Dev.java
Wrote /home/tasfia/Desktop/OE25-DEV/projects_decomposed/commons-geometry/commons-geometry-core/src/test/java/org/apache/commons/geometry/core/partitioning/bsp/RegionCutBoundaryTest_OE25Dev.java
Wrote /home/tasfia/Desktop/OE25-DEV/projects_decomposed/commons-geometry/commons-geometry-core/src/test/java/org/apache/commons/geometry/core/partitioning/bsp/BSPTreeVisitorTest_OE25Dev.java
Wrote /home/tasfia/Desktop/OE25-DEV/projects_decomposed/commons-geometry/commons-geometry-core/src/test/java/org/apache/commons/geometry/core/partitioning/bsp/AbstractPartitionedRegionBuilderTest_OE25Dev.java
Wrote /home/tasfia/Desktop/OE25-DEV/projects_decomposed/commons-geometry/commons-geometry-core/src/test/java/org/apache/commons/geometry/core/partitioning/bsp/AbstractBSPTreeMergeOperatorTest_OE25Dev.java
Wrote /home/tasfia/Desktop/OE25-DEV/projects_decomposed/commons-geometry/commons-geometry-core/src/test/java/org/apache/commons/geometry/core/internal/HyperplaneSubsetsTest_OE25Dev.java
Wrote /home/tasfia/Desktop/OE25-DEV/projects_decomposed/commons-geometry/commons-geometry-core/src/test/java/org/apache/commons/geometry/core/internal/GeometryInternalErrorTest_OE25Dev.java
Wrote /home/tasfia/Desktop/OE25-DEV/projects_decomposed/commons-geometry/commons-geometry-core/src/test/java/org/apache/commons/geometry/core/internal/IteratorTransformTest_OE25Dev.java
Wrote /home/tasfia/Desktop/OE25-DEV/projects_decomposed/commons-geometry/commons-geometry-core/src/test/java/org/apache/commons/geometry/core/internal/SimpleTupleFormatTest_OE25Dev.java
Wrote /home/tasfia/Desktop/OE25-DEV/projects_decomposed/commons-geometry/commons-geometry-euclidean/src/test/java/org/apache/commons/geometry/euclidean/DocumentationExamplesTest_OE25Dev.java
Wrote /home/tasfia/Desktop/OE25-DEV/projects_decomposed/commons-geometry/commons-geometry-euclidean/src/test/java/org/apache/commons/geometry/euclidean/twod/PolarCoordinatesTest_OE25Dev.java
Wrote /home/tasfia/Desktop/OE25-DEV/projects_decomposed/commons-geometry/commons-geometry-euclidean/src/test/java/org/apache/commons/geometry/euclidean/twod/BoundarySource2DTest_OE25Dev.java
Wrote /home/tasfia/Desktop/OE25-DEV/projects_decomposed/commons-geometry/commons-geometry-euclidean/src/test/java/org/apache/commons/geometry/euclidean/twod/Bounds2DTest_OE25Dev.java
Wrote /home/tasfia/Desktop/OE25-DEV/projects_decomposed/commons-geometry/commons-geometry-euclidean/src/test/java/org/apache/commons/geometry/euclidean/twod/LineConvexSubsetTest_OE25Dev.java
Wrote /home/tasfia/Desktop/OE25-DEV/projects_decomposed/commons-geometry/commons-geometry-euclidean/src/test/java/org/apache/commons/geometry/euclidean/twod/BoundarySourceBoundsBuilder2DTest_OE25Dev.java
Wrote /home/tasfia/Desktop/OE25-DEV/projects_decomposed/commons-geometry/commons-geometry-euclidean/src/test/java/org/apache/commons/geometry/euclidean/twod/LinecastPoint2DTest_OE25Dev.java
Wrote /home/tasfia/Desktop/OE25-DEV/projects_decomposed/commons-geometry/commons-geometry-euclidean/src/test/java/org/apache/commons/geometry/euclidean/twod/LineSpanningSubsetTest_OE25Dev.java
Wrote /home/tasfia/Desktop/OE25-DEV/projects_decomposed/commons-geometry/commons-geometry-euclidean/src/test/java/org/apache/commons/geometry/euclidean/twod/BoundaryList2DTest_OE25Dev.java
Wrote /home/tasfia/Desktop/OE25-DEV/projects_decomposed/commons-geometry/commons-geometry-euclidean/src/test/java/org/apache/commons/geometry/euclidean/twod/AffineTransformMatrix2DTest_OE25Dev.java
Wrote /home/tasfia/Desktop/OE25-DEV/projects_decomposed/commons-geometry/commons-geometry-euclidean/src/test/java/org/apache/commons/geometry/euclidean/twod/Vector2DTest_OE25Dev.java
Wrote /home/tasfia/Desktop/OE25-DEV/projects_decomposed/commons-geometry/commons-geometry-euclidean/src/test/java/org/apache/commons/geometry/euclidean/twod/LineTest_OE25Dev.java
Wrote /home/tasfia/Desktop/OE25-DEV/projects_decomposed/commons-geometry/commons-geometry-euclidean/src/test/java/org/apache/commons/geometry/euclidean/twod/RegionBSPTree2DTest_OE25Dev.java
Wrote /home/tasfia/Desktop/OE25-DEV/projects_decomposed/commons-geometry/commons-geometry-euclidean/src/test/java/org/apache/commons/geometry/euclidean/twod/SegmentTest_OE25Dev.java
Wrote /home/tasfia/Desktop/OE25-DEV/projects_decomposed/commons-geometry/commons-geometry-euclidean/src/test/java/org/apache/commons/geometry/euclidean/twod/RayTest_OE25Dev.java
Wrote /home/tasfia/Desktop/OE25-DEV/projects_decomposed/commons-geometry/commons-geometry-euclidean/src/test/java/org/apache/commons/geometry/euclidean/twod/ConvexAreaTest_OE25Dev.java
Wrote /home/tasfia/Desktop/OE25-DEV/projects_decomposed/commons-geometry/commons-geometry-euclidean/src/test/java/org/apache/commons/geometry/euclidean/twod/EmbeddedTreeLineSubsetTest_OE25Dev.java
Wrote /home/tasfia/Desktop/OE25-DEV/projects_decomposed/commons-geometry/commons-geometry-euclidean/src/test/java/org/apache/commons/geometry/euclidean/twod/ReverseRayTest_OE25Dev.java
Wrote /home/tasfia/Desktop/OE25-DEV/projects_decomposed/commons-geometry/commons-geometry-euclidean/src/test/java/org/apache/commons/geometry/euclidean/twod/shape/ParallelogramTest_OE25Dev.java
Wrote /home/tasfia/Desktop/OE25-DEV/projects_decomposed/commons-geometry/commons-geometry-euclidean/src/test/java/org/apache/commons/geometry/euclidean/twod/shape/CircleTest_OE25Dev.java
Wrote /home/tasfia/Desktop/OE25-DEV/projects_decomposed/commons-geometry/commons-geometry-euclidean/src/test/java/org/apache/commons/geometry/euclidean/twod/path/InteriorAngleLinePathConnectorTest_OE25Dev.java
Wrote /home/tasfia/Desktop/OE25-DEV/projects_decomposed/commons-geometry/commons-geometry-euclidean/src/test/java/org/apache/commons/geometry/euclidean/twod/path/AbstractLinePathConnectorTest_OE25Dev.java
Wrote /home/tasfia/Desktop/OE25-DEV/projects_decomposed/commons-geometry/commons-geometry-euclidean/src/test/java/org/apache/commons/geometry/euclidean/twod/path/LinePathTest_OE25Dev.java
Wrote /home/tasfia/Desktop/OE25-DEV/projects_decomposed/commons-geometry/commons-geometry-euclidean/src/test/java/org/apache/commons/geometry/euclidean/twod/rotation/Rotation2DTest_OE25Dev.java
Wrote /home/tasfia/Desktop/OE25-DEV/projects_decomposed/commons-geometry/commons-geometry-euclidean/src/test/java/org/apache/commons/geometry/euclidean/threed/PlaneTest_OE25Dev.java
Wrote /home/tasfia/Desktop/OE25-DEV/projects_decomposed/commons-geometry/commons-geometry-euclidean/src/test/java/org/apache/commons/geometry/euclidean/threed/SphericalCoordinatesTest_OE25Dev.java
Wrote /home/tasfia/Desktop/OE25-DEV/projects_decomposed/commons-geometry/commons-geometry-euclidean/src/test/java/org/apache/commons/geometry/euclidean/threed/RegionBSPTree3DTest_OE25Dev.java
Wrote /home/tasfia/Desktop/OE25-DEV/projects_decomposed/commons-geometry/commons-geometry-euclidean/src/test/java/org/apache/commons/geometry/euclidean/threed/EmbeddedTreePlaneSubsetTest_OE25Dev.java
Wrote /home/tasfia/Desktop/OE25-DEV/projects_decomposed/commons-geometry/commons-geometry-euclidean/src/test/java/org/apache/commons/geometry/euclidean/threed/BoundarySource3DTest_OE25Dev.java
Wrote /home/tasfia/Desktop/OE25-DEV/projects_decomposed/commons-geometry/commons-geometry-euclidean/src/test/java/org/apache/commons/geometry/euclidean/threed/ConvexVolumeTest_OE25Dev.java
Wrote /home/tasfia/Desktop/OE25-DEV/projects_decomposed/commons-geometry/commons-geometry-euclidean/src/test/java/org/apache/commons/geometry/euclidean/threed/Vector3DTest_OE25Dev.java
Wrote /home/tasfia/Desktop/OE25-DEV/projects_decomposed/commons-geometry/commons-geometry-euclidean/src/test/java/org/apache/commons/geometry/euclidean/threed/BoundarySourceBoundsBuilder3DTest_OE25Dev.java
Wrote /home/tasfia/Desktop/OE25-DEV/projects_decomposed/commons-geometry/commons-geometry-euclidean/src/test/java/org/apache/commons/geometry/euclidean/threed/Bounds3DTest_OE25Dev.java
Wrote /home/tasfia/Desktop/OE25-DEV/projects_decomposed/commons-geometry/commons-geometry-euclidean/src/test/java/org/apache/commons/geometry/euclidean/threed/BoundaryList3DTest_OE25Dev.java
Wrote /home/tasfia/Desktop/OE25-DEV/projects_decomposed/commons-geometry/commons-geometry-euclidean/src/test/java/org/apache/commons/geometry/euclidean/threed/PlanesTest_OE25Dev.java
Wrote /home/tasfia/Desktop/OE25-DEV/projects_decomposed/commons-geometry/commons-geometry-euclidean/src/test/java/org/apache/commons/geometry/euclidean/threed/PlaneConvexSubsetTest_OE25Dev.java
Wrote /home/tasfia/Desktop/OE25-DEV/projects_decomposed/commons-geometry/commons-geometry-euclidean/src/test/java/org/apache/commons/geometry/euclidean/threed/EmbeddedAreaPlaneConvexSubsetTest_OE25Dev.java
Wrote /home/tasfia/Desktop/OE25-DEV/projects_decomposed/commons-geometry/commons-geometry-euclidean/src/test/java/org/apache/commons/geometry/euclidean/threed/VertexListConvexPolygon3DTest_OE25Dev.java
Wrote /home/tasfia/Desktop/OE25-DEV/projects_decomposed/commons-geometry/commons-geometry-euclidean/src/test/java/org/apache/commons/geometry/euclidean/threed/EmbeddingPlaneTest_OE25Dev.java
Wrote /home/tasfia/Desktop/OE25-DEV/projects_decomposed/commons-geometry/commons-geometry-euclidean/src/test/java/org/apache/commons/geometry/euclidean/threed/AffineTransformMatrix3DTest_OE25Dev.java
Wrote /home/tasfia/Desktop/OE25-DEV/projects_decomposed/commons-geometry/commons-geometry-euclidean/src/test/java/org/apache/commons/geometry/euclidean/threed/SimpleTriangle3DTest_OE25Dev.java
Wrote /home/tasfia/Desktop/OE25-DEV/projects_decomposed/commons-geometry/commons-geometry-euclidean/src/test/java/org/apache/commons/geometry/euclidean/threed/mesh/SimpleTriangleMeshTest_OE25Dev.java
Wrote /home/tasfia/Desktop/OE25-DEV/projects_decomposed/commons-geometry/commons-geometry-euclidean/src/test/java/org/apache/commons/geometry/euclidean/threed/shape/ParallelepipedTest_OE25Dev.java
Wrote /home/tasfia/Desktop/OE25-DEV/projects_decomposed/commons-geometry/commons-geometry-euclidean/src/test/java/org/apache/commons/geometry/euclidean/threed/shape/SphereTest_OE25Dev.java
Wrote /home/tasfia/Desktop/OE25-DEV/projects_decomposed/commons-geometry/commons-geometry-euclidean/src/test/java/org/apache/commons/geometry/euclidean/threed/line/EmbeddedTreeLineSubset3DTest_OE25Dev.java
Wrote /home/tasfia/Desktop/OE25-DEV/projects_decomposed/commons-geometry/commons-geometry-euclidean/src/test/java/org/apache/commons/geometry/euclidean/threed/line/Ray3DTest_OE25Dev.java
Wrote /home/tasfia/Desktop/OE25-DEV/projects_decomposed/commons-geometry/commons-geometry-euclidean/src/test/java/org/apache/commons/geometry/euclidean/threed/line/ReverseRay3DTest_OE25Dev.java
Wrote /home/tasfia/Desktop/OE25-DEV/projects_decomposed/commons-geometry/commons-geometry-euclidean/src/test/java/org/apache/commons/geometry/euclidean/threed/line/LinecastPoint3DTest_OE25Dev.java
Wrote /home/tasfia/Desktop/OE25-DEV/projects_decomposed/commons-geometry/commons-geometry-euclidean/src/test/java/org/apache/commons/geometry/euclidean/threed/line/Segment3DTest_OE25Dev.java
Wrote /home/tasfia/Desktop/OE25-DEV/projects_decomposed/commons-geometry/commons-geometry-euclidean/src/test/java/org/apache/commons/geometry/euclidean/threed/line/Line3DTest_OE25Dev.java
Wrote /home/tasfia/Desktop/OE25-DEV/projects_decomposed/commons-geometry/commons-geometry-euclidean/src/test/java/org/apache/commons/geometry/euclidean/threed/line/LineConvexSubset3DTest_OE25Dev.java
Wrote /home/tasfia/Desktop/OE25-DEV/projects_decomposed/commons-geometry/commons-geometry-euclidean/src/test/java/org/apache/commons/geometry/euclidean/threed/rotation/AxisAngleSequenceTest_OE25Dev.java
Wrote /home/tasfia/Desktop/OE25-DEV/projects_decomposed/commons-geometry/commons-geometry-euclidean/src/test/java/org/apache/commons/geometry/euclidean/threed/rotation/QuaternionRotationTest_OE25Dev.java
Wrote /home/tasfia/Desktop/OE25-DEV/projects_decomposed/commons-geometry/commons-geometry-euclidean/src/test/java/org/apache/commons/geometry/euclidean/internal/VectorsTest_OE25Dev.java
Wrote /home/tasfia/Desktop/OE25-DEV/projects_decomposed/commons-geometry/commons-geometry-euclidean/src/test/java/org/apache/commons/geometry/euclidean/internal/MatricesTest_OE25Dev.java
Wrote /home/tasfia/Desktop/OE25-DEV/projects_decomposed/commons-geometry/commons-geometry-euclidean/src/test/java/org/apache/commons/geometry/euclidean/internal/EuclideanUtilsTest_OE25Dev.java
Wrote /home/tasfia/Desktop/OE25-DEV/projects_decomposed/commons-geometry/commons-geometry-euclidean/src/test/java/org/apache/commons/geometry/euclidean/oned/IntervalTest_OE25Dev.java
Wrote /home/tasfia/Desktop/OE25-DEV/projects_decomposed/commons-geometry/commons-geometry-euclidean/src/test/java/org/apache/commons/geometry/euclidean/oned/Vector1DTest_OE25Dev.java
Wrote /home/tasfia/Desktop/OE25-DEV/projects_decomposed/commons-geometry/commons-geometry-euclidean/src/test/java/org/apache/commons/geometry/euclidean/oned/RegionBSPTree1DTest_OE25Dev.java
Wrote /home/tasfia/Desktop/OE25-DEV/projects_decomposed/commons-geometry/commons-geometry-euclidean/src/test/java/org/apache/commons/geometry/euclidean/oned/AffineTransformMatrix1DTest_OE25Dev.java
Wrote /home/tasfia/Desktop/OE25-DEV/projects_decomposed/commons-geometry/commons-geometry-euclidean/src/test/java/org/apache/commons/geometry/euclidean/oned/OrientedPointTest_OE25Dev.java
Wrote /home/tasfia/Desktop/OE25-DEV/projects_decomposed/commons-geometry/commons-geometry-io-euclidean/src/test/java/org/apache/commons/geometry/io/euclidean/threed/IO3DTest_OE25Dev.java
Wrote /home/tasfia/Desktop/OE25-DEV/projects_decomposed/commons-geometry/commons-geometry-io-euclidean/src/test/java/org/apache/commons/geometry/io/euclidean/threed/stl/TextStlWriterTest_OE25Dev.java
Wrote /home/tasfia/Desktop/OE25-DEV/projects_decomposed/commons-geometry/commons-geometry-io-euclidean/src/test/java/org/apache/commons/geometry/io/euclidean/threed/stl/BinaryStlFacetDefinitionReaderTest_OE25Dev.java
Wrote /home/tasfia/Desktop/OE25-DEV/projects_decomposed/commons-geometry/commons-geometry-io-euclidean/src/test/java/org/apache/commons/geometry/io/euclidean/threed/stl/BinaryStlWriterTest_OE25Dev.java
Wrote /home/tasfia/Desktop/OE25-DEV/projects_decomposed/commons-geometry/commons-geometry-io-euclidean/src/test/java/org/apache/commons/geometry/io/euclidean/threed/stl/StlFacetDefinitionReadersTest_OE25Dev.java
Wrote /home/tasfia/Desktop/OE25-DEV/projects_decomposed/commons-geometry/commons-geometry-io-euclidean/src/test/java/org/apache/commons/geometry/io/euclidean/threed/obj/ObjWriterTest_OE25Dev.java
Wrote /home/tasfia/Desktop/OE25-DEV/projects_decomposed/commons-geometry/commons-geometry-io-core/src/test/java/org/apache/commons/geometry/io/core/utils/AbstractTextFormatWriterTest_OE25Dev.java
Processing commons-imaging
Wrote /home/tasfia/Desktop/OE25-DEV/projects_decomposed/commons-imaging/src/test/java/org/apache/commons/imaging/TestImageReadException_OE25Dev.java
Wrote /home/tasfia/Desktop/OE25-DEV/projects_decomposed/commons-imaging/src/test/java/org/apache/commons/imaging/TestImageInfo_OE25Dev.java
Wrote /home/tasfia/Desktop/OE25-DEV/projects_decomposed/commons-imaging/src/test/java/org/apache/commons/imaging/TestImageWriteException_OE25Dev.java
Wrote /home/tasfia/Desktop/OE25-DEV/projects_decomposed/commons-imaging/src/test/java/org/apache/commons/imaging/ImageDumpTest_OE25Dev.java
Wrote /home/tasfia/Desktop/OE25-DEV/projects_decomposed/commons-imaging/src/test/java/org/apache/commons/imaging/ImagingGuessFormatTest_OE25Dev.java
Wrote /home/tasfia/Desktop/OE25-DEV/projects_decomposed/commons-imaging/src/test/java/org/apache/commons/imaging/color/ColorConversionsTest_OE25Dev.java
Wrote /home/tasfia/Desktop/OE25-DEV/projects_decomposed/commons-imaging/src/test/java/org/apache/commons/imaging/color/ColorHunterLabTest_OE25Dev.java
Wrote /home/tasfia/Desktop/OE25-DEV/projects_decomposed/commons-imaging/src/test/java/org/apache/commons/imaging/color/ColorCieLabTest_OE25Dev.java
Wrote /home/tasfia/Desktop/OE25-DEV/projects_decomposed/commons-imaging/src/test/java/org/apache/commons/imaging/color/ColorHsvTest_OE25Dev.java
Wrote /home/tasfia/Desktop/OE25-DEV/projects_decomposed/commons-imaging/src/test/java/org/apache/commons/imaging/color/ColorCmyTest_OE25Dev.java
Wrote /home/tasfia/Desktop/OE25-DEV/projects_decomposed/commons-imaging/src/test/java/org/apache/commons/imaging/color/ColorCieLchTest_OE25Dev.java
Wrote /home/tasfia/Desktop/OE25-DEV/projects_decomposed/commons-imaging/src/test/java/org/apache/commons/imaging/color/ColorCmykTest_OE25Dev.java
Wrote /home/tasfia/Desktop/OE25-DEV/projects_decomposed/commons-imaging/src/test/java/org/apache/commons/imaging/color/ColorXyzTest_OE25Dev.java
Wrote /home/tasfia/Desktop/OE25-DEV/projects_decomposed/commons-imaging/src/test/java/org/apache/commons/imaging/color/ColorCieLuvTest_OE25Dev.java
Wrote /home/tasfia/Desktop/OE25-DEV/projects_decomposed/commons-imaging/src/test/java/org/apache/commons/imaging/color/ColorHslTest_OE25Dev.java
Wrote /home/tasfia/Desktop/OE25-DEV/projects_decomposed/commons-imaging/src/test/java/org/apache/commons/imaging/roundtrip/NullParametersRoundtripTest_OE25Dev.java
Wrote /home/tasfia/Desktop/OE25-DEV/projects_decomposed/commons-imaging/src/test/java/org/apache/commons/imaging/common/BinaryFileFunctionsTest_OE25Dev.java
Wrote /home/tasfia/Desktop/OE25-DEV/projects_decomposed/commons-imaging/src/test/java/org/apache/commons/imaging/common/RgbBufferedImageFactoryTest_OE25Dev.java
Wrote /home/tasfia/Desktop/OE25-DEV/projects_decomposed/commons-imaging/src/test/java/org/apache/commons/imaging/common/RationalNumberTest_OE25Dev.java
Wrote /home/tasfia/Desktop/OE25-DEV/projects_decomposed/commons-imaging/src/test/java/org/apache/commons/imaging/common/ImageBuilderTest_OE25Dev.java
Wrote /home/tasfia/Desktop/OE25-DEV/projects_decomposed/commons-imaging/src/test/java/org/apache/commons/imaging/common/itu_t4/T4_T6_TablesTest_OE25Dev.java
Wrote /home/tasfia/Desktop/OE25-DEV/projects_decomposed/commons-imaging/src/test/java/org/apache/commons/imaging/common/itu_t4/HuffmanTreeExceptionTest_OE25Dev.java
Wrote /home/tasfia/Desktop/OE25-DEV/projects_decomposed/commons-imaging/src/test/java/org/apache/commons/imaging/common/bytesource/ByteSourceImageTest_OE25Dev.java
Wrote /home/tasfia/Desktop/OE25-DEV/projects_decomposed/commons-imaging/src/test/java/org/apache/commons/imaging/common/bytesource/ByteSourceTest_OE25Dev.java
Wrote /home/tasfia/Desktop/OE25-DEV/projects_decomposed/commons-imaging/src/test/java/org/apache/commons/imaging/formats/xbm/XbmReadTest_OE25Dev.java
Wrote /home/tasfia/Desktop/OE25-DEV/projects_decomposed/commons-imaging/src/test/java/org/apache/commons/imaging/formats/pcx/PcxReadTest_OE25Dev.java
Wrote /home/tasfia/Desktop/OE25-DEV/projects_decomposed/commons-imaging/src/test/java/org/apache/commons/imaging/formats/pcx/RleReaderTest_OE25Dev.java
Wrote /home/tasfia/Desktop/OE25-DEV/projects_decomposed/commons-imaging/src/test/java/org/apache/commons/imaging/formats/jpeg/JpegReadTest_OE25Dev.java
Wrote /home/tasfia/Desktop/OE25-DEV/projects_decomposed/commons-imaging/src/test/java/org/apache/commons/imaging/formats/jpeg/JpegWithInvalidDhtSegmentTest_OE25Dev.java
Wrote /home/tasfia/Desktop/OE25-DEV/projects_decomposed/commons-imaging/src/test/java/org/apache/commons/imaging/formats/jpeg/JpegWithJpegThumbnailTest_OE25Dev.java
Wrote /home/tasfia/Desktop/OE25-DEV/projects_decomposed/commons-imaging/src/test/java/org/apache/commons/imaging/formats/jpeg/segments/AppnSegmentTest_OE25Dev.java
Wrote /home/tasfia/Desktop/OE25-DEV/projects_decomposed/commons-imaging/src/test/java/org/apache/commons/imaging/formats/jpeg/segments/NegSizeSegmentTest_OE25Dev.java
Wrote /home/tasfia/Desktop/OE25-DEV/projects_decomposed/commons-imaging/src/test/java/org/apache/commons/imaging/formats/jpeg/segments/App2SegmentTest_OE25Dev.java
Wrote /home/tasfia/Desktop/OE25-DEV/projects_decomposed/commons-imaging/src/test/java/org/apache/commons/imaging/formats/jpeg/segments/SosSegmentTest_OE25Dev.java
Wrote /home/tasfia/Desktop/OE25-DEV/projects_decomposed/commons-imaging/src/test/java/org/apache/commons/imaging/formats/jpeg/segments/JfifSegmentTest_OE25Dev.java
Wrote /home/tasfia/Desktop/OE25-DEV/projects_decomposed/commons-imaging/src/test/java/org/apache/commons/imaging/formats/jpeg/decoder/JpegInputStreamTest_OE25Dev.java
Wrote /home/tasfia/Desktop/OE25-DEV/projects_decomposed/commons-imaging/src/test/java/org/apache/commons/imaging/formats/jpeg/decoder/DctTest_OE25Dev.java
Wrote /home/tasfia/Desktop/OE25-DEV/projects_decomposed/commons-imaging/src/test/java/org/apache/commons/imaging/formats/jpeg/decoder/JpegDecoderTest_OE25Dev.java
Wrote /home/tasfia/Desktop/OE25-DEV/projects_decomposed/commons-imaging/src/test/java/org/apache/commons/imaging/formats/jpeg/exif/AsciiFieldTest_OE25Dev.java
Wrote /home/tasfia/Desktop/OE25-DEV/projects_decomposed/commons-imaging/src/test/java/org/apache/commons/imaging/formats/jpeg/exif/ExifRewriteTest_OE25Dev.java
Wrote /home/tasfia/Desktop/OE25-DEV/projects_decomposed/commons-imaging/src/test/java/org/apache/commons/imaging/formats/jpeg/exif/ExifDumpTest_OE25Dev.java
Wrote /home/tasfia/Desktop/OE25-DEV/projects_decomposed/commons-imaging/src/test/java/org/apache/commons/imaging/formats/jpeg/iptc/IptcDumpTest_OE25Dev.java
Wrote /home/tasfia/Desktop/OE25-DEV/projects_decomposed/commons-imaging/src/test/java/org/apache/commons/imaging/formats/jpeg/iptc/IptcFullDiscardTest_OE25Dev.java
Wrote /home/tasfia/Desktop/OE25-DEV/projects_decomposed/commons-imaging/src/test/java/org/apache/commons/imaging/formats/jpeg/iptc/IptcTypeLookupTest_OE25Dev.java
Wrote /home/tasfia/Desktop/OE25-DEV/projects_decomposed/commons-imaging/src/test/java/org/apache/commons/imaging/formats/jpeg/iptc/IptcParserTest_OE25Dev.java
Wrote /home/tasfia/Desktop/OE25-DEV/projects_decomposed/commons-imaging/src/test/java/org/apache/commons/imaging/formats/jpeg/iptc/IptcUpdateTest_OE25Dev.java
Wrote /home/tasfia/Desktop/OE25-DEV/projects_decomposed/commons-imaging/src/test/java/org/apache/commons/imaging/formats/jpeg/xmp/JpegXmpDumpTest_OE25Dev.java
Wrote /home/tasfia/Desktop/OE25-DEV/projects_decomposed/commons-imaging/src/test/java/org/apache/commons/imaging/formats/jpeg/xmp/JpegXmpRewriteTest_OE25Dev.java
Wrote /home/tasfia/Desktop/OE25-DEV/projects_decomposed/commons-imaging/src/test/java/org/apache/commons/imaging/formats/jpeg/xmp/JpegXmpParserTest_OE25Dev.java
Wrote /home/tasfia/Desktop/OE25-DEV/projects_decomposed/commons-imaging/src/test/java/org/apache/commons/imaging/formats/jpeg/specific/JpegImageParserTest_OE25Dev.java
Wrote /home/tasfia/Desktop/OE25-DEV/projects_decomposed/commons-imaging/src/test/java/org/apache/commons/imaging/formats/pnm/WhiteSpaceReaderTest_OE25Dev.java
Wrote /home/tasfia/Desktop/OE25-DEV/projects_decomposed/commons-imaging/src/test/java/org/apache/commons/imaging/formats/pnm/PbmFileInfoTest_OE25Dev.java
Wrote /home/tasfia/Desktop/OE25-DEV/projects_decomposed/commons-imaging/src/test/java/org/apache/commons/imaging/formats/pnm/PnmImageParserTest_OE25Dev.java
Wrote /home/tasfia/Desktop/OE25-DEV/projects_decomposed/commons-imaging/src/test/java/org/apache/commons/imaging/formats/pnm/PpmFileInfoTest_OE25Dev.java
Wrote /home/tasfia/Desktop/OE25-DEV/projects_decomposed/commons-imaging/src/test/java/org/apache/commons/imaging/formats/pnm/PgmFileInfoTest_OE25Dev.java
Wrote /home/tasfia/Desktop/OE25-DEV/projects_decomposed/commons-imaging/src/test/java/org/apache/commons/imaging/formats/wbmp/WbmpReadTest_OE25Dev.java
Wrote /home/tasfia/Desktop/OE25-DEV/projects_decomposed/commons-imaging/src/test/java/org/apache/commons/imaging/formats/icns/IcnsReadTest_OE25Dev.java
Wrote /home/tasfia/Desktop/OE25-DEV/projects_decomposed/commons-imaging/src/test/java/org/apache/commons/imaging/formats/rgbe/RgbeReadTest_OE25Dev.java
Wrote /home/tasfia/Desktop/OE25-DEV/projects_decomposed/commons-imaging/src/test/java/org/apache/commons/imaging/formats/tiff/TiffReadWriteTagsTest_OE25Dev.java
Wrote /home/tasfia/Desktop/OE25-DEV/projects_decomposed/commons-imaging/src/test/java/org/apache/commons/imaging/formats/tiff/TiffFloatingPointReadTest_OE25Dev.java
Wrote /home/tasfia/Desktop/OE25-DEV/projects_decomposed/commons-imaging/src/test/java/org/apache/commons/imaging/formats/tiff/TiffRoundTripInt32Test_OE25Dev.java
Wrote /home/tasfia/Desktop/OE25-DEV/projects_decomposed/commons-imaging/src/test/java/org/apache/commons/imaging/formats/tiff/TiffFloatingPointRoundTripTest_OE25Dev.java
Wrote /home/tasfia/Desktop/OE25-DEV/projects_decomposed/commons-imaging/src/test/java/org/apache/commons/imaging/formats/tiff/TiffRasterDataTest_OE25Dev.java
Wrote /home/tasfia/Desktop/OE25-DEV/projects_decomposed/commons-imaging/src/test/java/org/apache/commons/imaging/formats/tiff/TiffReadTest_OE25Dev.java
Wrote /home/tasfia/Desktop/OE25-DEV/projects_decomposed/commons-imaging/src/test/java/org/apache/commons/imaging/formats/tiff/TiffRasterStatisticsTest_OE25Dev.java
Wrote /home/tasfia/Desktop/OE25-DEV/projects_decomposed/commons-imaging/src/test/java/org/apache/commons/imaging/formats/tiff/TiffRoundtripTest_OE25Dev.java
Wrote /home/tasfia/Desktop/OE25-DEV/projects_decomposed/commons-imaging/src/test/java/org/apache/commons/imaging/formats/tiff/TiffTagsTest_OE25Dev.java
Wrote /home/tasfia/Desktop/OE25-DEV/projects_decomposed/commons-imaging/src/test/java/org/apache/commons/imaging/formats/tiff/TiffFloatingPointMultivariableTest_OE25Dev.java
Wrote /home/tasfia/Desktop/OE25-DEV/projects_decomposed/commons-imaging/src/test/java/org/apache/commons/imaging/formats/tiff/TiffReadAlphaTest_OE25Dev.java
Wrote /home/tasfia/Desktop/OE25-DEV/projects_decomposed/commons-imaging/src/test/java/org/apache/commons/imaging/formats/tiff/JpegImageDataTest_OE25Dev.java
Wrote /home/tasfia/Desktop/OE25-DEV/projects_decomposed/commons-imaging/src/test/java/org/apache/commons/imaging/formats/tiff/TiffRasterDataIntTest_OE25Dev.java
Wrote /home/tasfia/Desktop/OE25-DEV/projects_decomposed/commons-imaging/src/test/java/org/apache/commons/imaging/formats/tiff/TiffSubImageTest_OE25Dev.java
Wrote /home/tasfia/Desktop/OE25-DEV/projects_decomposed/commons-imaging/src/test/java/org/apache/commons/imaging/formats/tiff/TiffShortIntRoundTripTest_OE25Dev.java
Wrote /home/tasfia/Desktop/OE25-DEV/projects_decomposed/commons-imaging/src/test/java/org/apache/commons/imaging/formats/tiff/write/TiffOutputSetTest_OE25Dev.java
Wrote /home/tasfia/Desktop/OE25-DEV/projects_decomposed/commons-imaging/src/test/java/org/apache/commons/imaging/formats/tiff/write/TiffOutputDirectoryTest_OE25Dev.java
Wrote /home/tasfia/Desktop/OE25-DEV/projects_decomposed/commons-imaging/src/test/java/org/apache/commons/imaging/formats/tiff/taginfos/TagInfoUnknownTest_OE25Dev.java
Wrote /home/tasfia/Desktop/OE25-DEV/projects_decomposed/commons-imaging/src/test/java/org/apache/commons/imaging/formats/tiff/taginfos/TagInfoSBytesTest_OE25Dev.java
Wrote /home/tasfia/Desktop/OE25-DEV/projects_decomposed/commons-imaging/src/test/java/org/apache/commons/imaging/formats/tiff/taginfos/TagInfoSShortTest_OE25Dev.java
Wrote /home/tasfia/Desktop/OE25-DEV/projects_decomposed/commons-imaging/src/test/java/org/apache/commons/imaging/formats/tiff/taginfos/TagInfoSByteTest_OE25Dev.java
Wrote /home/tasfia/Desktop/OE25-DEV/projects_decomposed/commons-imaging/src/test/java/org/apache/commons/imaging/formats/tiff/taginfos/TagInfoByteTest_OE25Dev.java
Wrote /home/tasfia/Desktop/OE25-DEV/projects_decomposed/commons-imaging/src/test/java/org/apache/commons/imaging/formats/tiff/taginfos/TagInfoByteOrShortTest_OE25Dev.java
Wrote /home/tasfia/Desktop/OE25-DEV/projects_decomposed/commons-imaging/src/test/java/org/apache/commons/imaging/formats/tiff/taginfos/TagInfoSShortsTest_OE25Dev.java
Wrote /home/tasfia/Desktop/OE25-DEV/projects_decomposed/commons-imaging/src/test/java/org/apache/commons/imaging/formats/tiff/datareaders/DataReaderStripsTest_OE25Dev.java
Wrote /home/tasfia/Desktop/OE25-DEV/projects_decomposed/commons-imaging/src/test/java/org/apache/commons/imaging/formats/tiff/fieldtypes/FieldTypeTest_OE25Dev.java
Wrote /home/tasfia/Desktop/OE25-DEV/projects_decomposed/commons-imaging/src/test/java/org/apache/commons/imaging/formats/tiff/fieldtypes/FieldTypeLongTest_OE25Dev.java
Wrote /home/tasfia/Desktop/OE25-DEV/projects_decomposed/commons-imaging/src/test/java/org/apache/commons/imaging/formats/tiff/fieldtypes/FieldTypeRationalTest_OE25Dev.java
Wrote /home/tasfia/Desktop/OE25-DEV/projects_decomposed/commons-imaging/src/test/java/org/apache/commons/imaging/formats/tiff/fieldtypes/FieldTypeShortTest_OE25Dev.java
Wrote /home/tasfia/Desktop/OE25-DEV/projects_decomposed/commons-imaging/src/test/java/org/apache/commons/imaging/formats/tiff/fieldtypes/FieldTypeAsciiTest_OE25Dev.java
Wrote /home/tasfia/Desktop/OE25-DEV/projects_decomposed/commons-imaging/src/test/java/org/apache/commons/imaging/formats/tiff/fieldtypes/FieldTypeByteTest_OE25Dev.java
Wrote /home/tasfia/Desktop/OE25-DEV/projects_decomposed/commons-imaging/src/test/java/org/apache/commons/imaging/formats/tiff/photometricinterpreters/PhotometricInterpreterRgbTest_OE25Dev.java
Wrote /home/tasfia/Desktop/OE25-DEV/projects_decomposed/commons-imaging/src/test/java/org/apache/commons/imaging/formats/tiff/photometricinterpreters/PhotometricInterpreterLogLuvTest_OE25Dev.java
Wrote /home/tasfia/Desktop/OE25-DEV/projects_decomposed/commons-imaging/src/test/java/org/apache/commons/imaging/formats/tiff/photometricinterpreters/floatingpoint/PhotometricInterpreterFloatTest_OE25Dev.java
Wrote /home/tasfia/Desktop/OE25-DEV/projects_decomposed/commons-imaging/src/test/java/org/apache/commons/imaging/formats/tiff/photometricinterpreters/floatingpoint/PaletteEntryForRangeTest_OE25Dev.java
Wrote /home/tasfia/Desktop/OE25-DEV/projects_decomposed/commons-imaging/src/test/java/org/apache/commons/imaging/formats/tiff/photometricinterpreters/floatingpoint/PaletteEntryForValueTest_OE25Dev.java
Wrote /home/tasfia/Desktop/OE25-DEV/projects_decomposed/commons-imaging/src/test/java/org/apache/commons/imaging/formats/xpm/XpmReadTest_OE25Dev.java
Wrote /home/tasfia/Desktop/OE25-DEV/projects_decomposed/commons-imaging/src/test/java/org/apache/commons/imaging/formats/dcx/DcxReadTest_OE25Dev.java
Wrote /home/tasfia/Desktop/OE25-DEV/projects_decomposed/commons-imaging/src/test/java/org/apache/commons/imaging/formats/xmp/XmpDumpTest_OE25Dev.java
Wrote /home/tasfia/Desktop/OE25-DEV/projects_decomposed/commons-imaging/src/test/java/org/apache/commons/imaging/formats/png/PngWritePredictorTest_OE25Dev.java
Wrote /home/tasfia/Desktop/OE25-DEV/projects_decomposed/commons-imaging/src/test/java/org/apache/commons/imaging/formats/png/ConvertPngToGifTest_OE25Dev.java
Wrote /home/tasfia/Desktop/OE25-DEV/projects_decomposed/commons-imaging/src/test/java/org/apache/commons/imaging/formats/png/PngCrcTest_OE25Dev.java
Wrote /home/tasfia/Desktop/OE25-DEV/projects_decomposed/commons-imaging/src/test/java/org/apache/commons/imaging/formats/png/PngReadTest_OE25Dev.java
Wrote /home/tasfia/Desktop/OE25-DEV/projects_decomposed/commons-imaging/src/test/java/org/apache/commons/imaging/formats/png/PngMultipleRoundtripTest_OE25Dev.java
Wrote /home/tasfia/Desktop/OE25-DEV/projects_decomposed/commons-imaging/src/test/java/org/apache/commons/imaging/formats/png/PngWriteReadTest_OE25Dev.java
Wrote /home/tasfia/Desktop/OE25-DEV/projects_decomposed/commons-imaging/src/test/java/org/apache/commons/imaging/formats/png/PngWithInvalidPngChunkSizeTest_OE25Dev.java
Wrote /home/tasfia/Desktop/OE25-DEV/projects_decomposed/commons-imaging/src/test/java/org/apache/commons/imaging/formats/png/PhysicalScaleTest_OE25Dev.java
Wrote /home/tasfia/Desktop/OE25-DEV/projects_decomposed/commons-imaging/src/test/java/org/apache/commons/imaging/formats/png/chunks/PngChunkScalTest_OE25Dev.java
Wrote /home/tasfia/Desktop/OE25-DEV/projects_decomposed/commons-imaging/src/test/java/org/apache/commons/imaging/formats/png/chunks/PngChunkIccpTest_OE25Dev.java
Wrote /home/tasfia/Desktop/OE25-DEV/projects_decomposed/commons-imaging/src/test/java/org/apache/commons/imaging/formats/png/chunks/PngChunkTextTest_OE25Dev.java
Wrote /home/tasfia/Desktop/OE25-DEV/projects_decomposed/commons-imaging/src/test/java/org/apache/commons/imaging/formats/png/transparencyfilters/TransparencyFilterIndexedColorTest_OE25Dev.java
Wrote /home/tasfia/Desktop/OE25-DEV/projects_decomposed/commons-imaging/src/test/java/org/apache/commons/imaging/formats/png/scanlinefilters/ScanlineFilterAverageTest_OE25Dev.java
Wrote /home/tasfia/Desktop/OE25-DEV/projects_decomposed/commons-imaging/src/test/java/org/apache/commons/imaging/formats/png/scanlinefilters/ScanlineFilterUpTest_OE25Dev.java
Wrote /home/tasfia/Desktop/OE25-DEV/projects_decomposed/commons-imaging/src/test/java/org/apache/commons/imaging/formats/png/scanlinefilters/ScanlineFilterPaethTest_OE25Dev.java
Wrote /home/tasfia/Desktop/OE25-DEV/projects_decomposed/commons-imaging/src/test/java/org/apache/commons/imaging/formats/pam/PamReadTest_OE25Dev.java
Wrote /home/tasfia/Desktop/OE25-DEV/projects_decomposed/commons-imaging/src/test/java/org/apache/commons/imaging/formats/gif/GifReadTest_OE25Dev.java
Wrote /home/tasfia/Desktop/OE25-DEV/projects_decomposed/commons-imaging/src/test/java/org/apache/commons/imaging/formats/bmp/BmpReadTest_OE25Dev.java
Wrote /home/tasfia/Desktop/OE25-DEV/projects_decomposed/commons-imaging/src/test/java/org/apache/commons/imaging/formats/bmp/BmpImageParserTest_OE25Dev.java
Wrote /home/tasfia/Desktop/OE25-DEV/projects_decomposed/commons-imaging/src/test/java/org/apache/commons/imaging/formats/bmp/BmpWriterRgbTest_OE25Dev.java
Wrote /home/tasfia/Desktop/OE25-DEV/projects_decomposed/commons-imaging/src/test/java/org/apache/commons/imaging/formats/ico/IcoReadTest_OE25Dev.java
Wrote /home/tasfia/Desktop/OE25-DEV/projects_decomposed/commons-imaging/src/test/java/org/apache/commons/imaging/formats/ico/IcoRoundtripTest_OE25Dev.java
Wrote /home/tasfia/Desktop/OE25-DEV/projects_decomposed/commons-imaging/src/test/java/org/apache/commons/imaging/formats/psd/ImageResourceTypeTest_OE25Dev.java
Wrote /home/tasfia/Desktop/OE25-DEV/projects_decomposed/commons-imaging/src/test/java/org/apache/commons/imaging/formats/psd/ImageResourceBlockTest_OE25Dev.java
Wrote /home/tasfia/Desktop/OE25-DEV/projects_decomposed/commons-imaging/src/test/java/org/apache/commons/imaging/formats/psd/PsdReadTest_OE25Dev.java
Wrote /home/tasfia/Desktop/OE25-DEV/projects_decomposed/commons-imaging/src/test/java/org/apache/commons/imaging/formats/psd/dataparsers/DataParserCmykTest_OE25Dev.java
Wrote /home/tasfia/Desktop/OE25-DEV/projects_decomposed/commons-imaging/src/test/java/org/apache/commons/imaging/formats/psd/dataparsers/DataParserGrayscaleTest_OE25Dev.java
Wrote /home/tasfia/Desktop/OE25-DEV/projects_decomposed/commons-imaging/src/test/java/org/apache/commons/imaging/formats/psd/dataparsers/DataParserLabTest_OE25Dev.java
Wrote /home/tasfia/Desktop/OE25-DEV/projects_decomposed/commons-imaging/src/test/java/org/apache/commons/imaging/formats/psd/dataparsers/DataParserIndexedTest_OE25Dev.java
Wrote /home/tasfia/Desktop/OE25-DEV/projects_decomposed/commons-imaging/src/test/java/org/apache/commons/imaging/palette/SimplePaletteTest_OE25Dev.java
Wrote /home/tasfia/Desktop/OE25-DEV/projects_decomposed/commons-imaging/src/test/java/org/apache/commons/imaging/palette/DitheringTest_OE25Dev.java
Wrote /home/tasfia/Desktop/OE25-DEV/projects_decomposed/commons-imaging/src/test/java/org/apache/commons/imaging/common/bytesource/ByteSourceInputStreamTest_OE25Dev.java
Wrote /home/tasfia/Desktop/OE25-DEV/projects_decomposed/commons-imaging/src/test/java/org/apache/commons/imaging/formats/jpeg/iptc/IptcAddTest_OE25Dev.java
Wrote /home/tasfia/Desktop/OE25-DEV/projects_decomposed/commons-imaging/src/test/java/org/apache/commons/imaging/formats/tiff/TiffAlphaRoundTripTest_OE25Dev.java
Wrote /home/tasfia/Desktop/OE25-DEV/projects_decomposed/commons-imaging/src/test/java/org/apache/commons/imaging/formats/xmp/XmpUpdateTest_OE25Dev.java
Wrote /home/tasfia/Desktop/OE25-DEV/projects_decomposed/commons-imaging/src/test/java/org/apache/commons/imaging/formats/png/PngTextTest_OE25Dev.java
Wrote /home/tasfia/Desktop/OE25-DEV/projects_decomposed/commons-imaging/src/test/java/org/apache/commons/imaging/formats/icns/IcnsRoundTripTest_OE25Dev.java
Processing commons-jcs3
Wrote /home/tasfia/Desktop/OE25-DEV/projects_decomposed/commons-jcs3/commons-jcs-core/src/test/java/org/apache/commons/jcs3/JCSUnitTest_OE25Dev.java
Wrote /home/tasfia/Desktop/OE25-DEV/projects_decomposed/commons-jcs3/commons-jcs-core/src/test/java/org/apache/commons/jcs3/JCSRemovalSimpleConcurrentTest_OE25Dev.java
Wrote /home/tasfia/Desktop/OE25-DEV/projects_decomposed/commons-jcs3/commons-jcs-core/src/test/java/org/apache/commons/jcs3/JCSvsHashtablePerformanceTest_OE25Dev.java
Wrote /home/tasfia/Desktop/OE25-DEV/projects_decomposed/commons-jcs3/commons-jcs-core/src/test/java/org/apache/commons/jcs3/JCSThrashTest_OE25Dev.java
Wrote /home/tasfia/Desktop/OE25-DEV/projects_decomposed/commons-jcs3/commons-jcs-core/src/test/java/org/apache/commons/jcs3/JCSLightLoadUnitTest_OE25Dev.java
Wrote /home/tasfia/Desktop/OE25-DEV/projects_decomposed/commons-jcs3/commons-jcs-core/src/test/java/org/apache/commons/jcs3/engine/CacheEventQueueFactoryUnitTest_OE25Dev.java
Wrote /home/tasfia/Desktop/OE25-DEV/projects_decomposed/commons-jcs3/commons-jcs-core/src/test/java/org/apache/commons/jcs3/engine/SystemPropertyUsageUnitTest_OE25Dev.java
Wrote /home/tasfia/Desktop/OE25-DEV/projects_decomposed/commons-jcs3/commons-jcs-core/src/test/java/org/apache/commons/jcs3/engine/ZombieCacheServiceNonLocalUnitTest_OE25Dev.java
Wrote /home/tasfia/Desktop/OE25-DEV/projects_decomposed/commons-jcs3/commons-jcs-core/src/test/java/org/apache/commons/jcs3/engine/logging/CacheEventLoggerDebugLoggerUnitTest_OE25Dev.java
Wrote /home/tasfia/Desktop/OE25-DEV/projects_decomposed/commons-jcs3/commons-jcs-core/src/test/java/org/apache/commons/jcs3/engine/memory/mru/MRUMemoryCacheUnitTest_OE25Dev.java
Wrote /home/tasfia/Desktop/OE25-DEV/projects_decomposed/commons-jcs3/commons-jcs-core/src/test/java/org/apache/commons/jcs3/engine/memory/soft/SoftReferenceMemoryCacheUnitTest_OE25Dev.java
Wrote /home/tasfia/Desktop/OE25-DEV/projects_decomposed/commons-jcs3/commons-jcs-core/src/test/java/org/apache/commons/jcs3/engine/memory/fifo/FIFOMemoryCacheUnitTest_OE25Dev.java
Wrote /home/tasfia/Desktop/OE25-DEV/projects_decomposed/commons-jcs3/commons-jcs-core/src/test/java/org/apache/commons/jcs3/engine/memory/shrinking/ShrinkerThreadUnitTest_OE25Dev.java
Wrote /home/tasfia/Desktop/OE25-DEV/projects_decomposed/commons-jcs3/commons-jcs-core/src/test/java/org/apache/commons/jcs3/engine/memory/lru/LHMLRUMemoryCacheUnitTest_OE25Dev.java
Wrote /home/tasfia/Desktop/OE25-DEV/projects_decomposed/commons-jcs3/commons-jcs-core/src/test/java/org/apache/commons/jcs3/engine/match/KeyMatcherPatternImpllUnitTest_OE25Dev.java
Wrote /home/tasfia/Desktop/OE25-DEV/projects_decomposed/commons-jcs3/commons-jcs-core/src/test/java/org/apache/commons/jcs3/engine/control/CacheManagerStatsUnitTest_OE25Dev.java
Wrote /home/tasfia/Desktop/OE25-DEV/projects_decomposed/commons-jcs3/commons-jcs-core/src/test/java/org/apache/commons/jcs3/engine/control/CompositeCacheManagerTest_OE25Dev.java
Wrote /home/tasfia/Desktop/OE25-DEV/projects_decomposed/commons-jcs3/commons-jcs-core/src/test/java/org/apache/commons/jcs3/engine/control/CompositeCacheConfiguratorUnitTest_OE25Dev.java
Wrote /home/tasfia/Desktop/OE25-DEV/projects_decomposed/commons-jcs3/commons-jcs-core/src/test/java/org/apache/commons/jcs3/engine/control/CompositeCacheDiskUsageUnitTest_OE25Dev.java
Wrote /home/tasfia/Desktop/OE25-DEV/projects_decomposed/commons-jcs3/commons-jcs-core/src/test/java/org/apache/commons/jcs3/engine/control/CompositeCacheUnitTest_OE25Dev.java
Wrote /home/tasfia/Desktop/OE25-DEV/projects_decomposed/commons-jcs3/commons-jcs-core/src/test/java/org/apache/commons/jcs3/engine/control/event/SimpleEventHandlingUnitTest_OE25Dev.java
Wrote /home/tasfia/Desktop/OE25-DEV/projects_decomposed/commons-jcs3/commons-jcs-core/src/test/java/org/apache/commons/jcs3/utils/access/JCSWorkerUnitTest_OE25Dev.java
Wrote /home/tasfia/Desktop/OE25-DEV/projects_decomposed/commons-jcs3/commons-jcs-core/src/test/java/org/apache/commons/jcs3/utils/serialization/CompressingSerializerUnitTest_OE25Dev.java
Wrote /home/tasfia/Desktop/OE25-DEV/projects_decomposed/commons-jcs3/commons-jcs-core/src/test/java/org/apache/commons/jcs3/utils/serialization/StandardSerializerUnitTest_OE25Dev.java
Wrote /home/tasfia/Desktop/OE25-DEV/projects_decomposed/commons-jcs3/commons-jcs-core/src/test/java/org/apache/commons/jcs3/utils/serialization/EncryptingSerializerUnitTest_OE25Dev.java
Wrote /home/tasfia/Desktop/OE25-DEV/projects_decomposed/commons-jcs3/commons-jcs-core/src/test/java/org/apache/commons/jcs3/utils/serialization/SerializationConversionUtilUnitTest_OE25Dev.java
Wrote /home/tasfia/Desktop/OE25-DEV/projects_decomposed/commons-jcs3/commons-jcs-core/src/test/java/org/apache/commons/jcs3/utils/threadpool/ThreadPoolManagerUnitTest_OE25Dev.java
Wrote /home/tasfia/Desktop/OE25-DEV/projects_decomposed/commons-jcs3/commons-jcs-core/src/test/java/org/apache/commons/jcs3/utils/net/HostNameUtilUnitTest_OE25Dev.java
Wrote /home/tasfia/Desktop/OE25-DEV/projects_decomposed/commons-jcs3/commons-jcs-core/src/test/java/org/apache/commons/jcs3/utils/config/PropertySetterUnitTest_OE25Dev.java
Wrote /home/tasfia/Desktop/OE25-DEV/projects_decomposed/commons-jcs3/commons-jcs-core/src/test/java/org/apache/commons/jcs3/utils/struct/DoubleLinkedListDumpUnitTest_OE25Dev.java
Wrote /home/tasfia/Desktop/OE25-DEV/projects_decomposed/commons-jcs3/commons-jcs-core/src/test/java/org/apache/commons/jcs3/utils/struct/LRUMapUnitTest_OE25Dev.java
Wrote /home/tasfia/Desktop/OE25-DEV/projects_decomposed/commons-jcs3/commons-jcs-core/src/test/java/org/apache/commons/jcs3/utils/struct/DoubleLinkedListUnitTest_OE25Dev.java
Wrote /home/tasfia/Desktop/OE25-DEV/projects_decomposed/commons-jcs3/commons-jcs-core/src/test/java/org/apache/commons/jcs3/utils/struct/JCSvsCommonsLRUMapPerformanceTest_OE25Dev.java
Wrote /home/tasfia/Desktop/OE25-DEV/projects_decomposed/commons-jcs3/commons-jcs-core/src/test/java/org/apache/commons/jcs3/utils/discovery/UDPDiscoveryServiceUnitTest_OE25Dev.java
Wrote /home/tasfia/Desktop/OE25-DEV/projects_decomposed/commons-jcs3/commons-jcs-core/src/test/java/org/apache/commons/jcs3/access/CacheAccessUnitTest_OE25Dev.java
Wrote /home/tasfia/Desktop/OE25-DEV/projects_decomposed/commons-jcs3/commons-jcs-core/src/test/java/org/apache/commons/jcs3/access/GroupCacheAccessUnitTest_OE25Dev.java
Wrote /home/tasfia/Desktop/OE25-DEV/projects_decomposed/commons-jcs3/commons-jcs-core/src/test/java/org/apache/commons/jcs3/auxiliary/lateral/LateralCacheNoWaitFacadeUnitTest_OE25Dev.java
Wrote /home/tasfia/Desktop/OE25-DEV/projects_decomposed/commons-jcs3/commons-jcs-core/src/test/java/org/apache/commons/jcs3/auxiliary/lateral/socket/tcp/LateralTCPDiscoveryListenerUnitTest_OE25Dev.java
Wrote /home/tasfia/Desktop/OE25-DEV/projects_decomposed/commons-jcs3/commons-jcs-core/src/test/java/org/apache/commons/jcs3/auxiliary/lateral/socket/tcp/TestTCPLateralUnitTest_OE25Dev.java
Wrote /home/tasfia/Desktop/OE25-DEV/projects_decomposed/commons-jcs3/commons-jcs-core/src/test/java/org/apache/commons/jcs3/auxiliary/disk/PurgatoryElementUnitTest_OE25Dev.java
Wrote /home/tasfia/Desktop/OE25-DEV/projects_decomposed/commons-jcs3/commons-jcs-core/src/test/java/org/apache/commons/jcs3/auxiliary/disk/AbstractDiskCacheUnitTest_OE25Dev.java
Wrote /home/tasfia/Desktop/OE25-DEV/projects_decomposed/commons-jcs3/commons-jcs-core/src/test/java/org/apache/commons/jcs3/auxiliary/disk/jdbc/JDBCDiskCacheUnitTest_OE25Dev.java
Wrote /home/tasfia/Desktop/OE25-DEV/projects_decomposed/commons-jcs3/commons-jcs-core/src/test/java/org/apache/commons/jcs3/auxiliary/disk/jdbc/JDBCDataSourceFactoryUnitTest_OE25Dev.java
Wrote /home/tasfia/Desktop/OE25-DEV/projects_decomposed/commons-jcs3/commons-jcs-core/src/test/java/org/apache/commons/jcs3/auxiliary/disk/jdbc/JDBCDiskCacheShrinkUnitTest_OE25Dev.java
Wrote /home/tasfia/Desktop/OE25-DEV/projects_decomposed/commons-jcs3/commons-jcs-core/src/test/java/org/apache/commons/jcs3/auxiliary/disk/jdbc/JDBCDiskCacheRemovalUnitTest_OE25Dev.java
Wrote /home/tasfia/Desktop/OE25-DEV/projects_decomposed/commons-jcs3/commons-jcs-core/src/test/java/org/apache/commons/jcs3/auxiliary/disk/jdbc/mysql/MySQLDiskCacheUnitTest_OE25Dev.java
Wrote /home/tasfia/Desktop/OE25-DEV/projects_decomposed/commons-jcs3/commons-jcs-core/src/test/java/org/apache/commons/jcs3/auxiliary/disk/jdbc/mysql/util/ScheduleParserUtilUnitTest_OE25Dev.java
Wrote /home/tasfia/Desktop/OE25-DEV/projects_decomposed/commons-jcs3/commons-jcs-core/src/test/java/org/apache/commons/jcs3/auxiliary/disk/jdbc/hsql/HSQLDiskCacheUnitTest_OE25Dev.java
Wrote /home/tasfia/Desktop/OE25-DEV/projects_decomposed/commons-jcs3/commons-jcs-core/src/test/java/org/apache/commons/jcs3/auxiliary/disk/indexed/IndexedDiskCacheKeyStoreUnitTest_OE25Dev.java
Wrote /home/tasfia/Desktop/OE25-DEV/projects_decomposed/commons-jcs3/commons-jcs-core/src/test/java/org/apache/commons/jcs3/auxiliary/disk/indexed/IndexDiskCacheUnitTestAbstract_OE25Dev.java
Wrote /home/tasfia/Desktop/OE25-DEV/projects_decomposed/commons-jcs3/commons-jcs-core/src/test/java/org/apache/commons/jcs3/auxiliary/disk/indexed/IndexDiskCacheCountUnitTest_OE25Dev.java
Wrote /home/tasfia/Desktop/OE25-DEV/projects_decomposed/commons-jcs3/commons-jcs-core/src/test/java/org/apache/commons/jcs3/auxiliary/disk/indexed/IndexDiskCacheSizeUnitTest_OE25Dev.java
Wrote /home/tasfia/Desktop/OE25-DEV/projects_decomposed/commons-jcs3/commons-jcs-core/src/test/java/org/apache/commons/jcs3/auxiliary/disk/block/BlockDiskCacheUnitTestAbstract_OE25Dev.java
Wrote /home/tasfia/Desktop/OE25-DEV/projects_decomposed/commons-jcs3/commons-jcs-core/src/test/java/org/apache/commons/jcs3/auxiliary/remote/RemoteUtilsUnitTest_OE25Dev.java
Wrote /home/tasfia/Desktop/OE25-DEV/projects_decomposed/commons-jcs3/commons-jcs-core/src/test/java/org/apache/commons/jcs3/auxiliary/remote/http/server/RemoteHttpCacheServletUnitTest_OE25Dev.java
Wrote /home/tasfia/Desktop/OE25-DEV/projects_decomposed/commons-jcs3/commons-jcs-core/src/test/java/org/apache/commons/jcs3/auxiliary/remote/http/client/RemoteHttpCacheFactoryUnitTest_OE25Dev.java
Wrote /home/tasfia/Desktop/OE25-DEV/projects_decomposed/commons-jcs3/commons-jcs-core/src/test/java/org/apache/commons/jcs3/auxiliary/remote/server/RemoteCacheServerAttributesUnitTest_OE25Dev.java
Wrote /home/tasfia/Desktop/OE25-DEV/projects_decomposed/commons-jcs3/commons-jcs-core/src/test/java/org/apache/commons/jcs3/auxiliary/remote/server/RemoteCacheServerUnitTest_OE25Dev.java
Wrote /home/tasfia/Desktop/OE25-DEV/projects_decomposed/commons-jcs3/commons-jcs-core/src/test/java/org/apache/commons/jcs3/auxiliary/remote/server/BasicRemoteCacheClientServerUnitTest_OE25Dev.java
Wrote /home/tasfia/Desktop/OE25-DEV/projects_decomposed/commons-jcs3/commons-jcs-core/src/test/java/org/apache/commons/jcs3/auxiliary/remote/server/RemoteCacheServerFactoryUnitTest_OE25Dev.java
Wrote /home/tasfia/Desktop/OE25-DEV/projects_decomposed/commons-jcs3/commons-jcs-core/src/test/java/org/apache/commons/jcs3/admin/CountingStreamUnitTest_OE25Dev.java
Wrote /home/tasfia/Desktop/OE25-DEV/projects_decomposed/commons-jcs3/commons-jcs-jcache/src/test/java/org/apache/commons/jcs3/jcache/ImmediateExpiryTest_OE25Dev.java
Wrote /home/tasfia/Desktop/OE25-DEV/projects_decomposed/commons-jcs3/commons-jcs-jcache/src/test/java/org/apache/commons/jcs3/jcache/CachingProviderTest_OE25Dev.java
Wrote /home/tasfia/Desktop/OE25-DEV/projects_decomposed/commons-jcs3/commons-jcs-jcache/src/test/java/org/apache/commons/jcs3/jcache/cdi/CDIJCacheHelperTest_OE25Dev.java
Wrote /home/tasfia/Desktop/OE25-DEV/projects_decomposed/commons-jcs3/commons-jcs-jcache-extras/src/test/java/org/apache/commons/jcs3/jcache/extras/cdi/ExtraJCacheExtensionTest_OE25Dev.java
Wrote /home/tasfia/Desktop/OE25-DEV/projects_decomposed/commons-jcs3/commons-jcs-jcache-extras/src/test/java/org/apache/commons/jcs3/jcache/extras/loader/CacheLoaderAdapterTest_OE25Dev.java
Wrote /home/tasfia/Desktop/OE25-DEV/projects_decomposed/commons-jcs3/commons-jcs-jcache-extras/src/test/java/org/apache/commons/jcs3/jcache/extras/loader/CompositeCacheLoaderTest_OE25Dev.java
Wrote /home/tasfia/Desktop/OE25-DEV/projects_decomposed/commons-jcs3/commons-jcs-jcache-extras/src/test/java/org/apache/commons/jcs3/jcache/extras/writer/CacheWriterAdapterTest_OE25Dev.java
Wrote /home/tasfia/Desktop/OE25-DEV/projects_decomposed/commons-jcs3/commons-jcs-jcache-extras/src/test/java/org/apache/commons/jcs3/jcache/extras/writer/CompositeCacheWriterTest_OE25Dev.java
Wrote /home/tasfia/Desktop/OE25-DEV/projects_decomposed/commons-jcs3/commons-jcs-jcache-openjpa/src/test/java/org/apache/commons/jcs3/jcache/openjpa/OpenJPAJCacheDataCacheTest_OE25Dev.java
Wrote /home/tasfia/Desktop/OE25-DEV/projects_decomposed/commons-jcs3/commons-jcs-jcache/src/test/java/org/apache/commons/jcs3/jcache/CacheTest_OE25Dev.java
Wrote /home/tasfia/Desktop/OE25-DEV/projects_decomposed/commons-jcs3/commons-jcs-jcache/src/test/java/org/apache/commons/jcs3/jcache/ExpiryListenerTest_OE25Dev.java
Wrote /home/tasfia/Desktop/OE25-DEV/projects_decomposed/commons-jcs3/commons-jcs-jcache/src/test/java/org/apache/commons/jcs3/jcache/NotSerializableTest_OE25Dev.java
Processing commons-jexl3
Wrote /home/tasfia/Desktop/OE25-DEV/projects_decomposed/commons-jexl3/src/test/java/org/apache/commons/jexl3/PropertyAccessTest_OE25Dev.java
Wrote /home/tasfia/Desktop/OE25-DEV/projects_decomposed/commons-jexl3/src/test/java/org/apache/commons/jexl3/Issues200Test_OE25Dev.java
Wrote /home/tasfia/Desktop/OE25-DEV/projects_decomposed/commons-jexl3/src/test/java/org/apache/commons/jexl3/Issues100Test_OE25Dev.java
Wrote /home/tasfia/Desktop/OE25-DEV/projects_decomposed/commons-jexl3/src/test/java/org/apache/commons/jexl3/JXLTTest_OE25Dev.java
Wrote /home/tasfia/Desktop/OE25-DEV/projects_decomposed/commons-jexl3/src/test/java/org/apache/commons/jexl3/DoWhileTest_OE25Dev.java
Wrote /home/tasfia/Desktop/OE25-DEV/projects_decomposed/commons-jexl3/src/test/java/org/apache/commons/jexl3/AntishCallTest_OE25Dev.java
Wrote /home/tasfia/Desktop/OE25-DEV/projects_decomposed/commons-jexl3/src/test/java/org/apache/commons/jexl3/IssuesTest_OE25Dev.java
Wrote /home/tasfia/Desktop/OE25-DEV/projects_decomposed/commons-jexl3/src/test/java/org/apache/commons/jexl3/AssignTest_OE25Dev.java
Wrote /home/tasfia/Desktop/OE25-DEV/projects_decomposed/commons-jexl3/src/test/java/org/apache/commons/jexl3/FeaturesTest_OE25Dev.java
Wrote /home/tasfia/Desktop/OE25-DEV/projects_decomposed/commons-jexl3/src/test/java/org/apache/commons/jexl3/LambdaTest_OE25Dev.java
Wrote /home/tasfia/Desktop/OE25-DEV/projects_decomposed/commons-jexl3/src/test/java/org/apache/commons/jexl3/JexlTest_OE25Dev.java
Wrote /home/tasfia/Desktop/OE25-DEV/projects_decomposed/commons-jexl3/src/test/java/org/apache/commons/jexl3/MapLiteralTest_OE25Dev.java
Wrote /home/tasfia/Desktop/OE25-DEV/projects_decomposed/commons-jexl3/src/test/java/org/apache/commons/jexl3/ArithmeticOperatorTest_OE25Dev.java
Wrote /home/tasfia/Desktop/OE25-DEV/projects_decomposed/commons-jexl3/src/test/java/org/apache/commons/jexl3/ContextNamespaceTest_OE25Dev.java
Wrote /home/tasfia/Desktop/OE25-DEV/projects_decomposed/commons-jexl3/src/test/java/org/apache/commons/jexl3/BuilderTest_OE25Dev.java
Wrote /home/tasfia/Desktop/OE25-DEV/projects_decomposed/commons-jexl3/src/test/java/org/apache/commons/jexl3/PragmaTest_OE25Dev.java
Wrote /home/tasfia/Desktop/OE25-DEV/projects_decomposed/commons-jexl3/src/test/java/org/apache/commons/jexl3/AnnotationTest_OE25Dev.java
Wrote /home/tasfia/Desktop/OE25-DEV/projects_decomposed/commons-jexl3/src/test/java/org/apache/commons/jexl3/ExceptionTest_OE25Dev.java
Wrote /home/tasfia/Desktop/OE25-DEV/projects_decomposed/commons-jexl3/src/test/java/org/apache/commons/jexl3/ScriptCallableTest_OE25Dev.java
Wrote /home/tasfia/Desktop/OE25-DEV/projects_decomposed/commons-jexl3/src/test/java/org/apache/commons/jexl3/ArrayLiteralTest_OE25Dev.java
Wrote /home/tasfia/Desktop/OE25-DEV/projects_decomposed/commons-jexl3/src/test/java/org/apache/commons/jexl3/MethodTest_OE25Dev.java
Wrote /home/tasfia/Desktop/OE25-DEV/projects_decomposed/commons-jexl3/src/test/java/org/apache/commons/jexl3/ScriptTest_OE25Dev.java
Wrote /home/tasfia/Desktop/OE25-DEV/projects_decomposed/commons-jexl3/src/test/java/org/apache/commons/jexl3/WhileTest_OE25Dev.java
Wrote /home/tasfia/Desktop/OE25-DEV/projects_decomposed/commons-jexl3/src/test/java/org/apache/commons/jexl3/SynchronizedOverloadsTest_OE25Dev.java
Wrote /home/tasfia/Desktop/OE25-DEV/projects_decomposed/commons-jexl3/src/test/java/org/apache/commons/jexl3/BlockTest_OE25Dev.java
Wrote /home/tasfia/Desktop/OE25-DEV/projects_decomposed/commons-jexl3/src/test/java/org/apache/commons/jexl3/Issues300Test_OE25Dev.java
Wrote /home/tasfia/Desktop/OE25-DEV/projects_decomposed/commons-jexl3/src/test/java/org/apache/commons/jexl3/ForEachTest_OE25Dev.java
Wrote /home/tasfia/Desktop/OE25-DEV/projects_decomposed/commons-jexl3/src/test/java/org/apache/commons/jexl3/SideEffectTest_OE25Dev.java
Wrote /home/tasfia/Desktop/OE25-DEV/projects_decomposed/commons-jexl3/src/test/java/org/apache/commons/jexl3/SetLiteralTest_OE25Dev.java
Wrote /home/tasfia/Desktop/OE25-DEV/projects_decomposed/commons-jexl3/src/test/java/org/apache/commons/jexl3/IfTest_OE25Dev.java
Wrote /home/tasfia/Desktop/OE25-DEV/projects_decomposed/commons-jexl3/src/test/java/org/apache/commons/jexl3/VarTest_OE25Dev.java
Wrote /home/tasfia/Desktop/OE25-DEV/projects_decomposed/commons-jexl3/src/test/java/org/apache/commons/jexl3/PublicFieldsTest_OE25Dev.java
Wrote /home/tasfia/Desktop/OE25-DEV/projects_decomposed/commons-jexl3/src/test/java/org/apache/commons/jexl3/ArithmeticTest_OE25Dev.java
Wrote /home/tasfia/Desktop/OE25-DEV/projects_decomposed/commons-jexl3/src/test/java/org/apache/commons/jexl3/RangeTest_OE25Dev.java
Wrote /home/tasfia/Desktop/OE25-DEV/projects_decomposed/commons-jexl3/src/test/java/org/apache/commons/jexl3/StrategyTest_OE25Dev.java
Wrote /home/tasfia/Desktop/OE25-DEV/projects_decomposed/commons-jexl3/src/test/java/org/apache/commons/jexl3/ClassCreatorTest_OE25Dev.java
Wrote /home/tasfia/Desktop/OE25-DEV/projects_decomposed/commons-jexl3/src/test/java/org/apache/commons/jexl3/LexicalTest_OE25Dev.java
Wrote /home/tasfia/Desktop/OE25-DEV/projects_decomposed/commons-jexl3/src/test/java/org/apache/commons/jexl3/introspection/SandboxTest_OE25Dev.java
Wrote /home/tasfia/Desktop/OE25-DEV/projects_decomposed/commons-jexl3/src/test/java/org/apache/commons/jexl3/jexl342/OptionalTest_OE25Dev.java
Wrote /home/tasfia/Desktop/OE25-DEV/projects_decomposed/commons-jexl3/src/test/java/org/apache/commons/jexl3/parser/ParserTest_OE25Dev.java
Wrote /home/tasfia/Desktop/OE25-DEV/projects_decomposed/commons-jexl3/src/test/java/org/apache/commons/jexl3/scripting/JexlScriptEngineOptionalTest_OE25Dev.java
Wrote /home/tasfia/Desktop/OE25-DEV/projects_decomposed/commons-jexl3/src/test/java/org/apache/commons/jexl3/scripting/JexlScriptEngineTest_OE25Dev.java
Wrote /home/tasfia/Desktop/OE25-DEV/projects_decomposed/commons-jexl3/src/test/java/org/apache/commons/jexl3/internal/RangeTest_OE25Dev.java
Wrote /home/tasfia/Desktop/OE25-DEV/projects_decomposed/commons-jexl3/src/test/java/org/apache/commons/jexl3/internal/introspection/MiscIntrospectionTest_OE25Dev.java
Wrote /home/tasfia/Desktop/OE25-DEV/projects_decomposed/commons-jexl3/src/test/java/org/apache/commons/jexl3/internal/introspection/DiscoveryTest_OE25Dev.java
Wrote /home/tasfia/Desktop/OE25-DEV/projects_decomposed/commons-jexl3/src/test/java/org/apache/commons/jexl3/internal/introspection/MethodKeyTest_OE25Dev.java
Processing commons-lang3
Wrote /home/tasfia/Desktop/OE25-DEV/projects_decomposed/commons-lang3/src/test/java/org/apache/commons/lang3/EnumUtilsTest_OE25Dev.java
Wrote /home/tasfia/Desktop/OE25-DEV/projects_decomposed/commons-lang3/src/test/java/org/apache/commons/lang3/CharRangeTest_OE25Dev.java
Wrote /home/tasfia/Desktop/OE25-DEV/projects_decomposed/commons-lang3/src/test/java/org/apache/commons/lang3/CharUtilsTest_OE25Dev.java
Wrote /home/tasfia/Desktop/OE25-DEV/projects_decomposed/commons-lang3/src/test/java/org/apache/commons/lang3/CharSetTest_OE25Dev.java
Wrote /home/tasfia/Desktop/OE25-DEV/projects_decomposed/commons-lang3/src/test/java/org/apache/commons/lang3/CharsetsTestCase_OE25Dev.java
Wrote /home/tasfia/Desktop/OE25-DEV/projects_decomposed/commons-lang3/src/test/java/org/apache/commons/lang3/ArrayUtilsRemoveMultipleTest_OE25Dev.java
Wrote /home/tasfia/Desktop/OE25-DEV/projects_decomposed/commons-lang3/src/test/java/org/apache/commons/lang3/JavaVersionTest_OE25Dev.java
Wrote /home/tasfia/Desktop/OE25-DEV/projects_decomposed/commons-lang3/src/test/java/org/apache/commons/lang3/SystemUtilsTest_OE25Dev.java
Wrote /home/tasfia/Desktop/OE25-DEV/projects_decomposed/commons-lang3/src/test/java/org/apache/commons/lang3/CharEncodingTest_OE25Dev.java
Wrote /home/tasfia/Desktop/OE25-DEV/projects_decomposed/commons-lang3/src/test/java/org/apache/commons/lang3/ObjectUtilsTest_OE25Dev.java
Wrote /home/tasfia/Desktop/OE25-DEV/projects_decomposed/commons-lang3/src/test/java/org/apache/commons/lang3/StringUtilsStartsEndsWithTest_OE25Dev.java
Wrote /home/tasfia/Desktop/OE25-DEV/projects_decomposed/commons-lang3/src/test/java/org/apache/commons/lang3/CharSetUtilsTest_OE25Dev.java
Wrote /home/tasfia/Desktop/OE25-DEV/projects_decomposed/commons-lang3/src/test/java/org/apache/commons/lang3/CharSequenceUtilsTest_OE25Dev.java
Wrote /home/tasfia/Desktop/OE25-DEV/projects_decomposed/commons-lang3/src/test/java/org/apache/commons/lang3/StringUtilsValueOfTest_OE25Dev.java
Wrote /home/tasfia/Desktop/OE25-DEV/projects_decomposed/commons-lang3/src/test/java/org/apache/commons/lang3/StreamsTest_OE25Dev.java
Wrote /home/tasfia/Desktop/OE25-DEV/projects_decomposed/commons-lang3/src/test/java/org/apache/commons/lang3/RegExUtilsTest_OE25Dev.java
Wrote /home/tasfia/Desktop/OE25-DEV/projects_decomposed/commons-lang3/src/test/java/org/apache/commons/lang3/ClassUtilsTest_OE25Dev.java
Wrote /home/tasfia/Desktop/OE25-DEV/projects_decomposed/commons-lang3/src/test/java/org/apache/commons/lang3/StringUtilsEqualsIndexOfTest_OE25Dev.java
Wrote /home/tasfia/Desktop/OE25-DEV/projects_decomposed/commons-lang3/src/test/java/org/apache/commons/lang3/ArraySorterTest_OE25Dev.java
Wrote /home/tasfia/Desktop/OE25-DEV/projects_decomposed/commons-lang3/src/test/java/org/apache/commons/lang3/RandomUtilsTest_OE25Dev.java
Wrote /home/tasfia/Desktop/OE25-DEV/projects_decomposed/commons-lang3/src/test/java/org/apache/commons/lang3/StringUtilsIsTest_OE25Dev.java
Wrote /home/tasfia/Desktop/OE25-DEV/projects_decomposed/commons-lang3/src/test/java/org/apache/commons/lang3/ConversionTest_OE25Dev.java
Wrote /home/tasfia/Desktop/OE25-DEV/projects_decomposed/commons-lang3/src/test/java/org/apache/commons/lang3/ArrayUtilsRemoveTest_OE25Dev.java
Wrote /home/tasfia/Desktop/OE25-DEV/projects_decomposed/commons-lang3/src/test/java/org/apache/commons/lang3/ArchUtilsTest_OE25Dev.java
Wrote /home/tasfia/Desktop/OE25-DEV/projects_decomposed/commons-lang3/src/test/java/org/apache/commons/lang3/StringUtilsTest_OE25Dev.java
Wrote /home/tasfia/Desktop/OE25-DEV/projects_decomposed/commons-lang3/src/test/java/org/apache/commons/lang3/StringUtilsEmptyBlankTest_OE25Dev.java
Wrote /home/tasfia/Desktop/OE25-DEV/projects_decomposed/commons-lang3/src/test/java/org/apache/commons/lang3/ArrayUtilsTest_OE25Dev.java
Wrote /home/tasfia/Desktop/OE25-DEV/projects_decomposed/commons-lang3/src/test/java/org/apache/commons/lang3/SerializationUtilsTest_OE25Dev.java
Wrote /home/tasfia/Desktop/OE25-DEV/projects_decomposed/commons-lang3/src/test/java/org/apache/commons/lang3/ThreadUtilsTest_OE25Dev.java
Wrote /home/tasfia/Desktop/OE25-DEV/projects_decomposed/commons-lang3/src/test/java/org/apache/commons/lang3/AnnotationUtilsTest_OE25Dev.java
Wrote /home/tasfia/Desktop/OE25-DEV/projects_decomposed/commons-lang3/src/test/java/org/apache/commons/lang3/BooleanUtilsTest_OE25Dev.java
Wrote /home/tasfia/Desktop/OE25-DEV/projects_decomposed/commons-lang3/src/test/java/org/apache/commons/lang3/LocaleUtilsTest_OE25Dev.java
Wrote /home/tasfia/Desktop/OE25-DEV/projects_decomposed/commons-lang3/src/test/java/org/apache/commons/lang3/StringUtilsContainsTest_OE25Dev.java
Wrote /home/tasfia/Desktop/OE25-DEV/projects_decomposed/commons-lang3/src/test/java/org/apache/commons/lang3/ArrayUtilsInsertTest_OE25Dev.java
Wrote /home/tasfia/Desktop/OE25-DEV/projects_decomposed/commons-lang3/src/test/java/org/apache/commons/lang3/StringUtilsSubstringTest_OE25Dev.java
Wrote /home/tasfia/Desktop/OE25-DEV/projects_decomposed/commons-lang3/src/test/java/org/apache/commons/lang3/StringUtilsTrimStripTest_OE25Dev.java
Wrote /home/tasfia/Desktop/OE25-DEV/projects_decomposed/commons-lang3/src/test/java/org/apache/commons/lang3/RangeTest_OE25Dev.java
Wrote /home/tasfia/Desktop/OE25-DEV/projects_decomposed/commons-lang3/src/test/java/org/apache/commons/lang3/BitFieldTest_OE25Dev.java
Wrote /home/tasfia/Desktop/OE25-DEV/projects_decomposed/commons-lang3/src/test/java/org/apache/commons/lang3/StringEscapeUtilsTest_OE25Dev.java
Wrote /home/tasfia/Desktop/OE25-DEV/projects_decomposed/commons-lang3/src/test/java/org/apache/commons/lang3/RandomStringUtilsTest_OE25Dev.java
Wrote /home/tasfia/Desktop/OE25-DEV/projects_decomposed/commons-lang3/src/test/java/org/apache/commons/lang3/ClassPathUtilsTest_OE25Dev.java
Wrote /home/tasfia/Desktop/OE25-DEV/projects_decomposed/commons-lang3/src/test/java/org/apache/commons/lang3/concurrent/BackgroundInitializerTest_OE25Dev.java
Wrote /home/tasfia/Desktop/OE25-DEV/projects_decomposed/commons-lang3/src/test/java/org/apache/commons/lang3/concurrent/EventCountCircuitBreakerTest_OE25Dev.java
Wrote /home/tasfia/Desktop/OE25-DEV/projects_decomposed/commons-lang3/src/test/java/org/apache/commons/lang3/concurrent/ConcurrentUtilsTest_OE25Dev.java
Wrote /home/tasfia/Desktop/OE25-DEV/projects_decomposed/commons-lang3/src/test/java/org/apache/commons/lang3/concurrent/MemoizerTest_OE25Dev.java
Wrote /home/tasfia/Desktop/OE25-DEV/projects_decomposed/commons-lang3/src/test/java/org/apache/commons/lang3/concurrent/MultiBackgroundInitializerTest_OE25Dev.java
Wrote /home/tasfia/Desktop/OE25-DEV/projects_decomposed/commons-lang3/src/test/java/org/apache/commons/lang3/concurrent/TimedSemaphoreTest_OE25Dev.java
Wrote /home/tasfia/Desktop/OE25-DEV/projects_decomposed/commons-lang3/src/test/java/org/apache/commons/lang3/concurrent/ThresholdCircuitBreakerTest_OE25Dev.java
Wrote /home/tasfia/Desktop/OE25-DEV/projects_decomposed/commons-lang3/src/test/java/org/apache/commons/lang3/concurrent/AbstractConcurrentInitializerTest_OE25Dev.java
Wrote /home/tasfia/Desktop/OE25-DEV/projects_decomposed/commons-lang3/src/test/java/org/apache/commons/lang3/concurrent/BasicThreadFactoryTest_OE25Dev.java
Wrote /home/tasfia/Desktop/OE25-DEV/projects_decomposed/commons-lang3/src/test/java/org/apache/commons/lang3/concurrent/CircuitBreakingExceptionTest_OE25Dev.java
Wrote /home/tasfia/Desktop/OE25-DEV/projects_decomposed/commons-lang3/src/test/java/org/apache/commons/lang3/concurrent/ConstantInitializerTest_OE25Dev.java
Wrote /home/tasfia/Desktop/OE25-DEV/projects_decomposed/commons-lang3/src/test/java/org/apache/commons/lang3/concurrent/AtomicSafeInitializerTest_OE25Dev.java
Wrote /home/tasfia/Desktop/OE25-DEV/projects_decomposed/commons-lang3/src/test/java/org/apache/commons/lang3/concurrent/CallableBackgroundInitializerTest_OE25Dev.java
Wrote /home/tasfia/Desktop/OE25-DEV/projects_decomposed/commons-lang3/src/test/java/org/apache/commons/lang3/concurrent/locks/LockingVisitorsTest_OE25Dev.java
Wrote /home/tasfia/Desktop/OE25-DEV/projects_decomposed/commons-lang3/src/test/java/org/apache/commons/lang3/event/EventUtilsTest_OE25Dev.java
Wrote /home/tasfia/Desktop/OE25-DEV/projects_decomposed/commons-lang3/src/test/java/org/apache/commons/lang3/event/EventListenerSupportTest_OE25Dev.java
Wrote /home/tasfia/Desktop/OE25-DEV/projects_decomposed/commons-lang3/src/test/java/org/apache/commons/lang3/text/StrLookupTest_OE25Dev.java
Wrote /home/tasfia/Desktop/OE25-DEV/projects_decomposed/commons-lang3/src/test/java/org/apache/commons/lang3/text/StrBuilderTest_OE25Dev.java
Wrote /home/tasfia/Desktop/OE25-DEV/projects_decomposed/commons-lang3/src/test/java/org/apache/commons/lang3/text/StrMatcherTest_OE25Dev.java
Wrote /home/tasfia/Desktop/OE25-DEV/projects_decomposed/commons-lang3/src/test/java/org/apache/commons/lang3/text/StrBuilderAppendInsertTest_OE25Dev.java
Wrote /home/tasfia/Desktop/OE25-DEV/projects_decomposed/commons-lang3/src/test/java/org/apache/commons/lang3/text/StrTokenizerTest_OE25Dev.java
Wrote /home/tasfia/Desktop/OE25-DEV/projects_decomposed/commons-lang3/src/test/java/org/apache/commons/lang3/text/FormattableUtilsTest_OE25Dev.java
Wrote /home/tasfia/Desktop/OE25-DEV/projects_decomposed/commons-lang3/src/test/java/org/apache/commons/lang3/text/StrSubstitutorTest_OE25Dev.java
Wrote /home/tasfia/Desktop/OE25-DEV/projects_decomposed/commons-lang3/src/test/java/org/apache/commons/lang3/text/ExtendedMessageFormatTest_OE25Dev.java
Wrote /home/tasfia/Desktop/OE25-DEV/projects_decomposed/commons-lang3/src/test/java/org/apache/commons/lang3/text/WordUtilsTest_OE25Dev.java
Wrote /home/tasfia/Desktop/OE25-DEV/projects_decomposed/commons-lang3/src/test/java/org/apache/commons/lang3/text/CompositeFormatTest_OE25Dev.java
Wrote /home/tasfia/Desktop/OE25-DEV/projects_decomposed/commons-lang3/src/test/java/org/apache/commons/lang3/text/translate/NumericEntityEscaperTest_OE25Dev.java
Wrote /home/tasfia/Desktop/OE25-DEV/projects_decomposed/commons-lang3/src/test/java/org/apache/commons/lang3/text/translate/UnicodeEscaperTest_OE25Dev.java
Wrote /home/tasfia/Desktop/OE25-DEV/projects_decomposed/commons-lang3/src/test/java/org/apache/commons/lang3/text/translate/UnicodeUnescaperTest_OE25Dev.java
Wrote /home/tasfia/Desktop/OE25-DEV/projects_decomposed/commons-lang3/src/test/java/org/apache/commons/lang3/text/translate/EntityArraysTest_OE25Dev.java
Wrote /home/tasfia/Desktop/OE25-DEV/projects_decomposed/commons-lang3/src/test/java/org/apache/commons/lang3/text/translate/LookupTranslatorTest_OE25Dev.java
Wrote /home/tasfia/Desktop/OE25-DEV/projects_decomposed/commons-lang3/src/test/java/org/apache/commons/lang3/text/translate/OctalUnescaperTest_OE25Dev.java
Wrote /home/tasfia/Desktop/OE25-DEV/projects_decomposed/commons-lang3/src/test/java/org/apache/commons/lang3/text/translate/UnicodeUnpairedSurrogateRemoverTest_OE25Dev.java
Wrote /home/tasfia/Desktop/OE25-DEV/projects_decomposed/commons-lang3/src/test/java/org/apache/commons/lang3/text/translate/NumericEntityUnescaperTest_OE25Dev.java
Wrote /home/tasfia/Desktop/OE25-DEV/projects_decomposed/commons-lang3/src/test/java/org/apache/commons/lang3/builder/DiffBuilderTest_OE25Dev.java
Wrote /home/tasfia/Desktop/OE25-DEV/projects_decomposed/commons-lang3/src/test/java/org/apache/commons/lang3/builder/HashCodeBuilderTest_OE25Dev.java
Wrote /home/tasfia/Desktop/OE25-DEV/projects_decomposed/commons-lang3/src/test/java/org/apache/commons/lang3/builder/JsonToStringStyleTest_OE25Dev.java
Wrote /home/tasfia/Desktop/OE25-DEV/projects_decomposed/commons-lang3/src/test/java/org/apache/commons/lang3/builder/ReflectionDiffBuilderTest_OE25Dev.java
Wrote /home/tasfia/Desktop/OE25-DEV/projects_decomposed/commons-lang3/src/test/java/org/apache/commons/lang3/builder/ToStringBuilderTest_OE25Dev.java
Wrote /home/tasfia/Desktop/OE25-DEV/projects_decomposed/commons-lang3/src/test/java/org/apache/commons/lang3/builder/SimpleToStringStyleTest_OE25Dev.java
Wrote /home/tasfia/Desktop/OE25-DEV/projects_decomposed/commons-lang3/src/test/java/org/apache/commons/lang3/builder/ReflectionToStringBuilderExcludeWithAnnotationTest_OE25Dev.java
Wrote /home/tasfia/Desktop/OE25-DEV/projects_decomposed/commons-lang3/src/test/java/org/apache/commons/lang3/builder/RecursiveToStringStyleTest_OE25Dev.java
Wrote /home/tasfia/Desktop/OE25-DEV/projects_decomposed/commons-lang3/src/test/java/org/apache/commons/lang3/builder/NoClassNameToStringStyleTest_OE25Dev.java
Wrote /home/tasfia/Desktop/OE25-DEV/projects_decomposed/commons-lang3/src/test/java/org/apache/commons/lang3/builder/MultiLineToStringStyleTest_OE25Dev.java
Wrote /home/tasfia/Desktop/OE25-DEV/projects_decomposed/commons-lang3/src/test/java/org/apache/commons/lang3/builder/EqualsBuilderTest_OE25Dev.java
Wrote /home/tasfia/Desktop/OE25-DEV/projects_decomposed/commons-lang3/src/test/java/org/apache/commons/lang3/builder/MultilineRecursiveToStringStyleTest_OE25Dev.java
Wrote /home/tasfia/Desktop/OE25-DEV/projects_decomposed/commons-lang3/src/test/java/org/apache/commons/lang3/builder/DiffTest_OE25Dev.java
Wrote /home/tasfia/Desktop/OE25-DEV/projects_decomposed/commons-lang3/src/test/java/org/apache/commons/lang3/builder/ReflectionToStringBuilderExcludeNullValuesTest_OE25Dev.java
Wrote /home/tasfia/Desktop/OE25-DEV/projects_decomposed/commons-lang3/src/test/java/org/apache/commons/lang3/builder/DefaultToStringStyleTest_OE25Dev.java
Wrote /home/tasfia/Desktop/OE25-DEV/projects_decomposed/commons-lang3/src/test/java/org/apache/commons/lang3/builder/ToStringStyleTest_OE25Dev.java
Wrote /home/tasfia/Desktop/OE25-DEV/projects_decomposed/commons-lang3/src/test/java/org/apache/commons/lang3/builder/StandardToStringStyleTest_OE25Dev.java
Wrote /home/tasfia/Desktop/OE25-DEV/projects_decomposed/commons-lang3/src/test/java/org/apache/commons/lang3/builder/ReflectionToStringBuilderSummaryTest_OE25Dev.java
Wrote /home/tasfia/Desktop/OE25-DEV/projects_decomposed/commons-lang3/src/test/java/org/apache/commons/lang3/builder/CompareToBuilderTest_OE25Dev.java
Wrote /home/tasfia/Desktop/OE25-DEV/projects_decomposed/commons-lang3/src/test/java/org/apache/commons/lang3/builder/ReflectionToStringBuilderTest_OE25Dev.java
Wrote /home/tasfia/Desktop/OE25-DEV/projects_decomposed/commons-lang3/src/test/java/org/apache/commons/lang3/builder/ShortPrefixToStringStyleTest_OE25Dev.java
Wrote /home/tasfia/Desktop/OE25-DEV/projects_decomposed/commons-lang3/src/test/java/org/apache/commons/lang3/builder/NoFieldNamesToStringStyleTest_OE25Dev.java
Wrote /home/tasfia/Desktop/OE25-DEV/projects_decomposed/commons-lang3/src/test/java/org/apache/commons/lang3/tuple/MutablePairTest_OE25Dev.java
Wrote /home/tasfia/Desktop/OE25-DEV/projects_decomposed/commons-lang3/src/test/java/org/apache/commons/lang3/tuple/TripleTest_OE25Dev.java
Wrote /home/tasfia/Desktop/OE25-DEV/projects_decomposed/commons-lang3/src/test/java/org/apache/commons/lang3/tuple/ImmutableTripleTest_OE25Dev.java
Wrote /home/tasfia/Desktop/OE25-DEV/projects_decomposed/commons-lang3/src/test/java/org/apache/commons/lang3/tuple/MutableTripleTest_OE25Dev.java
Wrote /home/tasfia/Desktop/OE25-DEV/projects_decomposed/commons-lang3/src/test/java/org/apache/commons/lang3/tuple/PairTest_OE25Dev.java
Wrote /home/tasfia/Desktop/OE25-DEV/projects_decomposed/commons-lang3/src/test/java/org/apache/commons/lang3/tuple/ImmutablePairTest_OE25Dev.java
Wrote /home/tasfia/Desktop/OE25-DEV/projects_decomposed/commons-lang3/src/test/java/org/apache/commons/lang3/time/FastDateFormatTest_OE25Dev.java
Wrote /home/tasfia/Desktop/OE25-DEV/projects_decomposed/commons-lang3/src/test/java/org/apache/commons/lang3/time/CalendarUtilsTest_OE25Dev.java
Wrote /home/tasfia/Desktop/OE25-DEV/projects_decomposed/commons-lang3/src/test/java/org/apache/commons/lang3/time/FastDatePrinterTest_OE25Dev.java
Wrote /home/tasfia/Desktop/OE25-DEV/projects_decomposed/commons-lang3/src/test/java/org/apache/commons/lang3/time/DateUtilsTest_OE25Dev.java
Wrote /home/tasfia/Desktop/OE25-DEV/projects_decomposed/commons-lang3/src/test/java/org/apache/commons/lang3/time/DateUtilsFragmentTest_OE25Dev.java
Wrote /home/tasfia/Desktop/OE25-DEV/projects_decomposed/commons-lang3/src/test/java/org/apache/commons/lang3/time/FastDateParser_TimeZoneStrategyTest_OE25Dev.java
Wrote /home/tasfia/Desktop/OE25-DEV/projects_decomposed/commons-lang3/src/test/java/org/apache/commons/lang3/time/DateFormatUtilsTest_OE25Dev.java
Wrote /home/tasfia/Desktop/OE25-DEV/projects_decomposed/commons-lang3/src/test/java/org/apache/commons/lang3/time/FastTimeZoneTest_OE25Dev.java
Wrote /home/tasfia/Desktop/OE25-DEV/projects_decomposed/commons-lang3/src/test/java/org/apache/commons/lang3/time/GmtTimeZoneTest_OE25Dev.java
Wrote /home/tasfia/Desktop/OE25-DEV/projects_decomposed/commons-lang3/src/test/java/org/apache/commons/lang3/time/StopWatchTest_OE25Dev.java
Wrote /home/tasfia/Desktop/OE25-DEV/projects_decomposed/commons-lang3/src/test/java/org/apache/commons/lang3/time/FastDateParser_MoreOrLessTest_OE25Dev.java
Wrote /home/tasfia/Desktop/OE25-DEV/projects_decomposed/commons-lang3/src/test/java/org/apache/commons/lang3/time/DurationUtilsTest_OE25Dev.java
Wrote /home/tasfia/Desktop/OE25-DEV/projects_decomposed/commons-lang3/src/test/java/org/apache/commons/lang3/time/DurationFormatUtilsTest_OE25Dev.java
Wrote /home/tasfia/Desktop/OE25-DEV/projects_decomposed/commons-lang3/src/test/java/org/apache/commons/lang3/time/FastDateParserTest_OE25Dev.java
Wrote /home/tasfia/Desktop/OE25-DEV/projects_decomposed/commons-lang3/src/test/java/org/apache/commons/lang3/time/FastDatePrinterTimeZonesTest_OE25Dev.java
Wrote /home/tasfia/Desktop/OE25-DEV/projects_decomposed/commons-lang3/src/test/java/org/apache/commons/lang3/time/WeekYearTest_OE25Dev.java
Wrote /home/tasfia/Desktop/OE25-DEV/projects_decomposed/commons-lang3/src/test/java/org/apache/commons/lang3/stream/StreamsTest_OE25Dev.java
Wrote /home/tasfia/Desktop/OE25-DEV/projects_decomposed/commons-lang3/src/test/java/org/apache/commons/lang3/function/ObjectsTest_OE25Dev.java
Wrote /home/tasfia/Desktop/OE25-DEV/projects_decomposed/commons-lang3/src/test/java/org/apache/commons/lang3/math/IEEE754rUtilsTest_OE25Dev.java
Wrote /home/tasfia/Desktop/OE25-DEV/projects_decomposed/commons-lang3/src/test/java/org/apache/commons/lang3/math/NumberUtilsTest_OE25Dev.java
Wrote /home/tasfia/Desktop/OE25-DEV/projects_decomposed/commons-lang3/src/test/java/org/apache/commons/lang3/math/FractionTest_OE25Dev.java
Wrote /home/tasfia/Desktop/OE25-DEV/projects_decomposed/commons-lang3/src/test/java/org/apache/commons/lang3/compare/ObjectToStringComparatorTest_OE25Dev.java
Wrote /home/tasfia/Desktop/OE25-DEV/projects_decomposed/commons-lang3/src/test/java/org/apache/commons/lang3/exception/ContextedRuntimeExceptionTest_OE25Dev.java
Wrote /home/tasfia/Desktop/OE25-DEV/projects_decomposed/commons-lang3/src/test/java/org/apache/commons/lang3/exception/AbstractExceptionContextTest_OE25Dev.java
Wrote /home/tasfia/Desktop/OE25-DEV/projects_decomposed/commons-lang3/src/test/java/org/apache/commons/lang3/exception/ExceptionUtilsTest_OE25Dev.java
Wrote /home/tasfia/Desktop/OE25-DEV/projects_decomposed/commons-lang3/src/test/java/org/apache/commons/lang3/exception/CloneFailedExceptionTest_OE25Dev.java
Wrote /home/tasfia/Desktop/OE25-DEV/projects_decomposed/commons-lang3/src/test/java/org/apache/commons/lang3/exception/ContextedExceptionTest_OE25Dev.java
Wrote /home/tasfia/Desktop/OE25-DEV/projects_decomposed/commons-lang3/src/test/java/org/apache/commons/lang3/reflect/TypeLiteralTest_OE25Dev.java
Wrote /home/tasfia/Desktop/OE25-DEV/projects_decomposed/commons-lang3/src/test/java/org/apache/commons/lang3/reflect/FieldUtilsTest_OE25Dev.java
Wrote /home/tasfia/Desktop/OE25-DEV/projects_decomposed/commons-lang3/src/test/java/org/apache/commons/lang3/reflect/TypeUtilsTest_OE25Dev.java
Wrote /home/tasfia/Desktop/OE25-DEV/projects_decomposed/commons-lang3/src/test/java/org/apache/commons/lang3/reflect/InheritanceUtilsTest_OE25Dev.java
Wrote /home/tasfia/Desktop/OE25-DEV/projects_decomposed/commons-lang3/src/test/java/org/apache/commons/lang3/reflect/ConstructorUtilsTest_OE25Dev.java
Wrote /home/tasfia/Desktop/OE25-DEV/projects_decomposed/commons-lang3/src/test/java/org/apache/commons/lang3/reflect/MethodUtilsTest_OE25Dev.java
Wrote /home/tasfia/Desktop/OE25-DEV/projects_decomposed/commons-lang3/src/test/java/org/apache/commons/lang3/mutable/MutableDoubleTest_OE25Dev.java
Wrote /home/tasfia/Desktop/OE25-DEV/projects_decomposed/commons-lang3/src/test/java/org/apache/commons/lang3/mutable/MutableBooleanTest_OE25Dev.java
Wrote /home/tasfia/Desktop/OE25-DEV/projects_decomposed/commons-lang3/src/test/java/org/apache/commons/lang3/mutable/MutableFloatTest_OE25Dev.java
Wrote /home/tasfia/Desktop/OE25-DEV/projects_decomposed/commons-lang3/src/test/java/org/apache/commons/lang3/mutable/MutableIntTest_OE25Dev.java
Wrote /home/tasfia/Desktop/OE25-DEV/projects_decomposed/commons-lang3/src/test/java/org/apache/commons/lang3/mutable/MutableObjectTest_OE25Dev.java
Wrote /home/tasfia/Desktop/OE25-DEV/projects_decomposed/commons-lang3/src/test/java/org/apache/commons/lang3/mutable/MutableShortTest_OE25Dev.java
Wrote /home/tasfia/Desktop/OE25-DEV/projects_decomposed/commons-lang3/src/test/java/org/apache/commons/lang3/mutable/MutableLongTest_OE25Dev.java
Wrote /home/tasfia/Desktop/OE25-DEV/projects_decomposed/commons-lang3/src/test/java/org/apache/commons/lang3/mutable/MutableByteTest_OE25Dev.java
Wrote /home/tasfia/Desktop/OE25-DEV/projects_decomposed/commons-lang3/src/test/java/org/apache/commons/lang3/NotImplementedExceptionTest_OE25Dev.java
Wrote /home/tasfia/Desktop/OE25-DEV/projects_decomposed/commons-lang3/src/test/java/org/apache/commons/lang3/ClassLoaderUtilsTest_OE25Dev.java
Wrote /home/tasfia/Desktop/OE25-DEV/projects_decomposed/commons-lang3/src/test/java/org/apache/commons/lang3/ArrayUtilsAddTest_OE25Dev.java
Wrote /home/tasfia/Desktop/OE25-DEV/projects_decomposed/commons-lang3/src/test/java/org/apache/commons/lang3/FunctionsTest_OE25Dev.java
Wrote /home/tasfia/Desktop/OE25-DEV/projects_decomposed/commons-lang3/src/test/java/org/apache/commons/lang3/builder/DiffResultTest_OE25Dev.java
Wrote /home/tasfia/Desktop/OE25-DEV/projects_decomposed/commons-lang3/src/test/java/org/apache/commons/lang3/function/FailableFunctionsTest_OE25Dev.java
Processing commons-net
Wrote /home/tasfia/Desktop/OE25-DEV/projects_decomposed/commons-net/src/test/java/org/apache/commons/net/SocketClientTest_OE25Dev.java
Wrote /home/tasfia/Desktop/OE25-DEV/projects_decomposed/commons-net/src/test/java/org/apache/commons/net/SubnetUtilsTest_OE25Dev.java
Wrote /home/tasfia/Desktop/OE25-DEV/projects_decomposed/commons-net/src/test/java/org/apache/commons/net/nntp/TestThreader_OE25Dev.java
Wrote /home/tasfia/Desktop/OE25-DEV/projects_decomposed/commons-net/src/test/java/org/apache/commons/net/pop3/POP3ConstructorTest_OE25Dev.java
Wrote /home/tasfia/Desktop/OE25-DEV/projects_decomposed/commons-net/src/test/java/org/apache/commons/net/pop3/POP3ClientTest_OE25Dev.java
Wrote /home/tasfia/Desktop/OE25-DEV/projects_decomposed/commons-net/src/test/java/org/apache/commons/net/io/DotTerminatedMessageReaderTest_OE25Dev.java
Wrote /home/tasfia/Desktop/OE25-DEV/projects_decomposed/commons-net/src/test/java/org/apache/commons/net/ftp/TestConnectTimeout_OE25Dev.java
Wrote /home/tasfia/Desktop/OE25-DEV/projects_decomposed/commons-net/src/test/java/org/apache/commons/net/ftp/FTPClientConfigFunctionalTest_OE25Dev.java
Wrote /home/tasfia/Desktop/OE25-DEV/projects_decomposed/commons-net/src/test/java/org/apache/commons/net/ftp/FTPClientConfigTest_OE25Dev.java
Wrote /home/tasfia/Desktop/OE25-DEV/projects_decomposed/commons-net/src/test/java/org/apache/commons/net/ftp/FTPClientTest_OE25Dev.java
Wrote /home/tasfia/Desktop/OE25-DEV/projects_decomposed/commons-net/src/test/java/org/apache/commons/net/ftp/parser/MVSFTPEntryParserTest_OE25Dev.java
Wrote /home/tasfia/Desktop/OE25-DEV/projects_decomposed/commons-net/src/test/java/org/apache/commons/net/ftp/parser/FTPParseTestFramework_OE25Dev.java
Wrote /home/tasfia/Desktop/OE25-DEV/projects_decomposed/commons-net/src/test/java/org/apache/commons/net/ftp/parser/FTPTimestampParserImplTest_OE25Dev.java
Wrote /home/tasfia/Desktop/OE25-DEV/projects_decomposed/commons-net/src/test/java/org/apache/commons/net/ftp/parser/UnixFTPEntryParserTest_OE25Dev.java
Wrote /home/tasfia/Desktop/OE25-DEV/projects_decomposed/commons-net/src/test/java/org/apache/commons/net/ftp/parser/DefaultFTPFileEntryParserFactoryTest_OE25Dev.java
Wrote /home/tasfia/Desktop/OE25-DEV/projects_decomposed/commons-net/src/test/java/org/apache/commons/net/ftp/parser/NTFTPEntryParserTest_OE25Dev.java
Wrote /home/tasfia/Desktop/OE25-DEV/projects_decomposed/commons-net/src/test/java/org/apache/commons/net/ftp/parser/CompositeFTPParseTestFramework_OE25Dev.java
Wrote /home/tasfia/Desktop/OE25-DEV/projects_decomposed/commons-net/src/test/java/org/apache/commons/net/ftp/parser/FTPConfigEntryParserTest_OE25Dev.java
Wrote /home/tasfia/Desktop/OE25-DEV/projects_decomposed/commons-net/src/test/java/org/apache/commons/net/ftp/parser/VMSFTPEntryParserTest_OE25Dev.java
Wrote /home/tasfia/Desktop/OE25-DEV/projects_decomposed/commons-net/src/test/java/org/apache/commons/net/ftp/parser/OS400FTPEntryParserTest_OE25Dev.java
Wrote /home/tasfia/Desktop/OE25-DEV/projects_decomposed/commons-net/src/test/java/org/apache/commons/net/smtp/SimpleSMTPHeaderTestCase_OE25Dev.java
Wrote /home/tasfia/Desktop/OE25-DEV/projects_decomposed/commons-net/src/test/java/org/apache/commons/net/imap/IMAPTest_OE25Dev.java
Wrote /home/tasfia/Desktop/OE25-DEV/projects_decomposed/commons-net/src/test/java/org/apache/commons/net/time/TimeTCPClientTest_OE25Dev.java
Wrote /home/tasfia/Desktop/OE25-DEV/projects_decomposed/commons-net/src/test/java/org/apache/commons/net/util/Base64Test_OE25Dev.java
Wrote /home/tasfia/Desktop/OE25-DEV/projects_decomposed/commons-net/src/test/java/org/apache/commons/net/telnet/EchoOptionHandlerTest_OE25Dev.java
Wrote /home/tasfia/Desktop/OE25-DEV/projects_decomposed/commons-net/src/test/java/org/apache/commons/net/telnet/TelnetClientTest_OE25Dev.java
Wrote /home/tasfia/Desktop/OE25-DEV/projects_decomposed/commons-net/src/test/java/org/apache/commons/net/telnet/TerminalTypeOptionHandlerTest_OE25Dev.java
Wrote /home/tasfia/Desktop/OE25-DEV/projects_decomposed/commons-net/src/test/java/org/apache/commons/net/telnet/SuppressGAOptionHandlerTest_OE25Dev.java
Wrote /home/tasfia/Desktop/OE25-DEV/projects_decomposed/commons-net/src/test/java/org/apache/commons/net/telnet/TelnetOptionTest_OE25Dev.java
Wrote /home/tasfia/Desktop/OE25-DEV/projects_decomposed/commons-net/src/test/java/org/apache/commons/net/telnet/WindowSizeOptionHandlerTest_OE25Dev.java
Wrote /home/tasfia/Desktop/OE25-DEV/projects_decomposed/commons-net/src/test/java/org/apache/commons/net/telnet/InvalidTelnetOptionExceptionTest_OE25Dev.java
Wrote /home/tasfia/Desktop/OE25-DEV/projects_decomposed/commons-net/src/test/java/org/apache/commons/net/telnet/TelnetOptionHandlerTestAbstract_OE25Dev.java
Wrote /home/tasfia/Desktop/OE25-DEV/projects_decomposed/commons-net/src/test/java/org/apache/commons/net/telnet/SimpleOptionHandlerTest_OE25Dev.java
Wrote /home/tasfia/Desktop/OE25-DEV/projects_decomposed/commons-net/src/test/java/org/apache/commons/net/tftp/TFTPServerPathTest_OE25Dev.java
Wrote /home/tasfia/Desktop/OE25-DEV/projects_decomposed/commons-net/src/test/java/org/apache/commons/net/tftp/TFTPTest_OE25Dev.java
Wrote /home/tasfia/Desktop/OE25-DEV/projects_decomposed/commons-net/src/test/java/org/apache/commons/net/ntp/TestNtpPacket_OE25Dev.java
Wrote /home/tasfia/Desktop/OE25-DEV/projects_decomposed/commons-net/src/test/java/org/apache/commons/net/ntp/TimeStampTest_OE25Dev.java
Wrote /home/tasfia/Desktop/OE25-DEV/projects_decomposed/commons-net/src/test/java/org/apache/commons/net/ntp/TestTimeInfo_OE25Dev.java
Processing commons-numbers
Wrote /home/tasfia/Desktop/OE25-DEV/projects_decomposed/commons-numbers/commons-numbers-gamma/src/test/java/org/apache/commons/numbers/gamma/DigammaTest_OE25Dev.java
Wrote /home/tasfia/Desktop/OE25-DEV/projects_decomposed/commons-numbers/commons-numbers-gamma/src/test/java/org/apache/commons/numbers/gamma/RegularizedBetaTest_OE25Dev.java
Wrote /home/tasfia/Desktop/OE25-DEV/projects_decomposed/commons-numbers/commons-numbers-gamma/src/test/java/org/apache/commons/numbers/gamma/LogGammaSumTest_OE25Dev.java
Wrote /home/tasfia/Desktop/OE25-DEV/projects_decomposed/commons-numbers/commons-numbers-gamma/src/test/java/org/apache/commons/numbers/gamma/GammaTest_OE25Dev.java
Wrote /home/tasfia/Desktop/OE25-DEV/projects_decomposed/commons-numbers/commons-numbers-gamma/src/test/java/org/apache/commons/numbers/gamma/RegularizedGammaTest_OE25Dev.java
Wrote /home/tasfia/Desktop/OE25-DEV/projects_decomposed/commons-numbers/commons-numbers-gamma/src/test/java/org/apache/commons/numbers/gamma/TrigammaTest_OE25Dev.java
Wrote /home/tasfia/Desktop/OE25-DEV/projects_decomposed/commons-numbers/commons-numbers-gamma/src/test/java/org/apache/commons/numbers/gamma/LanczosApproximationTest_OE25Dev.java
Wrote /home/tasfia/Desktop/OE25-DEV/projects_decomposed/commons-numbers/commons-numbers-gamma/src/test/java/org/apache/commons/numbers/gamma/InvGamma1pm1Test_OE25Dev.java
Wrote /home/tasfia/Desktop/OE25-DEV/projects_decomposed/commons-numbers/commons-numbers-gamma/src/test/java/org/apache/commons/numbers/gamma/InverseErfTest_OE25Dev.java
Wrote /home/tasfia/Desktop/OE25-DEV/projects_decomposed/commons-numbers/commons-numbers-gamma/src/test/java/org/apache/commons/numbers/gamma/ErfDifferenceTest_OE25Dev.java
Wrote /home/tasfia/Desktop/OE25-DEV/projects_decomposed/commons-numbers/commons-numbers-gamma/src/test/java/org/apache/commons/numbers/gamma/LogGamma1pTest_OE25Dev.java
Wrote /home/tasfia/Desktop/OE25-DEV/projects_decomposed/commons-numbers/commons-numbers-gamma/src/test/java/org/apache/commons/numbers/gamma/InverseErfcTest_OE25Dev.java
Wrote /home/tasfia/Desktop/OE25-DEV/projects_decomposed/commons-numbers/commons-numbers-gamma/src/test/java/org/apache/commons/numbers/gamma/ErfcTest_OE25Dev.java
Wrote /home/tasfia/Desktop/OE25-DEV/projects_decomposed/commons-numbers/commons-numbers-gamma/src/test/java/org/apache/commons/numbers/gamma/ErfTest_OE25Dev.java
Wrote /home/tasfia/Desktop/OE25-DEV/projects_decomposed/commons-numbers/commons-numbers-combinatorics/src/test/java/org/apache/commons/numbers/combinatorics/LogFactorialTest_OE25Dev.java
Wrote /home/tasfia/Desktop/OE25-DEV/projects_decomposed/commons-numbers/commons-numbers-combinatorics/src/test/java/org/apache/commons/numbers/combinatorics/CombinationsTest_OE25Dev.java
Wrote /home/tasfia/Desktop/OE25-DEV/projects_decomposed/commons-numbers/commons-numbers-combinatorics/src/test/java/org/apache/commons/numbers/combinatorics/FactorialDoubleTest_OE25Dev.java
Wrote /home/tasfia/Desktop/OE25-DEV/projects_decomposed/commons-numbers/commons-numbers-combinatorics/src/test/java/org/apache/commons/numbers/combinatorics/LogBinomialCoefficientTest_OE25Dev.java
Wrote /home/tasfia/Desktop/OE25-DEV/projects_decomposed/commons-numbers/commons-numbers-combinatorics/src/test/java/org/apache/commons/numbers/combinatorics/BinomialCoefficientTest_OE25Dev.java
Wrote /home/tasfia/Desktop/OE25-DEV/projects_decomposed/commons-numbers/commons-numbers-combinatorics/src/test/java/org/apache/commons/numbers/combinatorics/FactorialTest_OE25Dev.java
Wrote /home/tasfia/Desktop/OE25-DEV/projects_decomposed/commons-numbers/commons-numbers-combinatorics/src/test/java/org/apache/commons/numbers/combinatorics/BinomialCoefficientDoubleTest_OE25Dev.java
Wrote /home/tasfia/Desktop/OE25-DEV/projects_decomposed/commons-numbers/commons-numbers-examples/examples-jmh/src/test/java/org/apache/commons/numbers/examples/jmh/core/LinearCombinationAccuracyTest_OE25Dev.java
Wrote /home/tasfia/Desktop/OE25-DEV/projects_decomposed/commons-numbers/commons-numbers-examples/examples-jmh/src/test/java/org/apache/commons/numbers/examples/jmh/core/DoublePrecisionTest_OE25Dev.java
Wrote /home/tasfia/Desktop/OE25-DEV/projects_decomposed/commons-numbers/commons-numbers-examples/examples-jmh/src/test/java/org/apache/commons/numbers/examples/jmh/core/LinearCombinationsTest_OE25Dev.java
Wrote /home/tasfia/Desktop/OE25-DEV/projects_decomposed/commons-numbers/commons-numbers-complex/src/test/java/org/apache/commons/numbers/complex/CStandardTest_OE25Dev.java
Wrote /home/tasfia/Desktop/OE25-DEV/projects_decomposed/commons-numbers/commons-numbers-complex/src/test/java/org/apache/commons/numbers/complex/ComplexTest_OE25Dev.java
Wrote /home/tasfia/Desktop/OE25-DEV/projects_decomposed/commons-numbers/commons-numbers-complex/src/test/java/org/apache/commons/numbers/complex/ComplexEdgeCaseTest_OE25Dev.java
Wrote /home/tasfia/Desktop/OE25-DEV/projects_decomposed/commons-numbers/commons-numbers-angle/src/test/java/org/apache/commons/numbers/angle/AngleTest_OE25Dev.java
Wrote /home/tasfia/Desktop/OE25-DEV/projects_decomposed/commons-numbers/commons-numbers-angle/src/test/java/org/apache/commons/numbers/angle/CosAngleTest_OE25Dev.java
Wrote /home/tasfia/Desktop/OE25-DEV/projects_decomposed/commons-numbers/commons-numbers-angle/src/test/java/org/apache/commons/numbers/angle/ReduceTest_OE25Dev.java
Wrote /home/tasfia/Desktop/OE25-DEV/projects_decomposed/commons-numbers/commons-numbers-fraction/src/test/java/org/apache/commons/numbers/fraction/CommonsLangPortedFractionTest_OE25Dev.java
Wrote /home/tasfia/Desktop/OE25-DEV/projects_decomposed/commons-numbers/commons-numbers-fraction/src/test/java/org/apache/commons/numbers/fraction/BigFractionTest_OE25Dev.java
Wrote /home/tasfia/Desktop/OE25-DEV/projects_decomposed/commons-numbers/commons-numbers-fraction/src/test/java/org/apache/commons/numbers/fraction/FractionTest_OE25Dev.java
Wrote /home/tasfia/Desktop/OE25-DEV/projects_decomposed/commons-numbers/commons-numbers-fraction/src/test/java/org/apache/commons/numbers/fraction/ContinuedFractionTest_OE25Dev.java
Wrote /home/tasfia/Desktop/OE25-DEV/projects_decomposed/commons-numbers/commons-numbers-arrays/src/test/java/org/apache/commons/numbers/arrays/MultidimensionalCounterTest_OE25Dev.java
Wrote /home/tasfia/Desktop/OE25-DEV/projects_decomposed/commons-numbers/commons-numbers-arrays/src/test/java/org/apache/commons/numbers/arrays/SortInPlaceTest_OE25Dev.java
Wrote /home/tasfia/Desktop/OE25-DEV/projects_decomposed/commons-numbers/commons-numbers-primes/src/test/java/org/apache/commons/numbers/primes/PrimesTest_OE25Dev.java
Wrote /home/tasfia/Desktop/OE25-DEV/projects_decomposed/commons-numbers/commons-numbers-primes/src/test/java/org/apache/commons/numbers/primes/SmallPrimesTest_OE25Dev.java
Wrote /home/tasfia/Desktop/OE25-DEV/projects_decomposed/commons-numbers/commons-numbers-quaternion/src/test/java/org/apache/commons/numbers/quaternion/SlerpTest_OE25Dev.java
Wrote /home/tasfia/Desktop/OE25-DEV/projects_decomposed/commons-numbers/commons-numbers-quaternion/src/test/java/org/apache/commons/numbers/quaternion/QuaternionTest_OE25Dev.java
Wrote /home/tasfia/Desktop/OE25-DEV/projects_decomposed/commons-numbers/commons-numbers-rootfinder/src/test/java/org/apache/commons/numbers/rootfinder/BrentSolverTest_OE25Dev.java
Wrote /home/tasfia/Desktop/OE25-DEV/projects_decomposed/commons-numbers/commons-numbers-field/src/test/java/org/apache/commons/numbers/field/FieldParametricTest_OE25Dev.java
Wrote /home/tasfia/Desktop/OE25-DEV/projects_decomposed/commons-numbers/commons-numbers-field/src/test/java/org/apache/commons/numbers/field/FP64Test_OE25Dev.java
Wrote /home/tasfia/Desktop/OE25-DEV/projects_decomposed/commons-numbers/commons-numbers-core/src/test/java/org/apache/commons/numbers/core/SumTest_OE25Dev.java
Wrote /home/tasfia/Desktop/OE25-DEV/projects_decomposed/commons-numbers/commons-numbers-core/src/test/java/org/apache/commons/numbers/core/PrecisionTest_OE25Dev.java
Wrote /home/tasfia/Desktop/OE25-DEV/projects_decomposed/commons-numbers/commons-numbers-core/src/test/java/org/apache/commons/numbers/core/NormTest_OE25Dev.java
Wrote /home/tasfia/Desktop/OE25-DEV/projects_decomposed/commons-numbers/commons-numbers-core/src/test/java/org/apache/commons/numbers/core/EpsilonDoubleEquivalenceTest_OE25Dev.java
Wrote /home/tasfia/Desktop/OE25-DEV/projects_decomposed/commons-numbers/commons-numbers-core/src/test/java/org/apache/commons/numbers/core/ExtendedPrecisionTest_OE25Dev.java
Wrote /home/tasfia/Desktop/OE25-DEV/projects_decomposed/commons-numbers/commons-numbers-core/src/test/java/org/apache/commons/numbers/core/ArithmeticUtilsTest_OE25Dev.java
Wrote /home/tasfia/Desktop/OE25-DEV/projects_decomposed/commons-numbers/commons-numbers-complex/src/test/java/org/apache/commons/numbers/complex/CReferenceTest_OE25Dev.java
Wrote /home/tasfia/Desktop/OE25-DEV/projects_decomposed/commons-numbers/commons-numbers-gamma/src/test/java/org/apache/commons/numbers/gamma/LogBetaTest_OE25Dev.java
Wrote /home/tasfia/Desktop/OE25-DEV/projects_decomposed/commons-numbers/commons-numbers-gamma/src/test/java/org/apache/commons/numbers/gamma/LogGammaTest_OE25Dev.java
Processing commons-pool2
Wrote /home/tasfia/Desktop/OE25-DEV/projects_decomposed/commons-pool2/src/test/java/org/apache/commons/pool2/TestBasePoolableObjectFactory_OE25Dev.java
Wrote /home/tasfia/Desktop/OE25-DEV/projects_decomposed/commons-pool2/src/test/java/org/apache/commons/pool2/TestKeyedObjectPool_OE25Dev.java
Wrote /home/tasfia/Desktop/OE25-DEV/projects_decomposed/commons-pool2/src/test/java/org/apache/commons/pool2/TestTrackedUse_OE25Dev.java
Wrote /home/tasfia/Desktop/OE25-DEV/projects_decomposed/commons-pool2/src/test/java/org/apache/commons/pool2/TestPoolUtils_OE25Dev.java
Wrote /home/tasfia/Desktop/OE25-DEV/projects_decomposed/commons-pool2/src/test/java/org/apache/commons/pool2/TestBaseKeyedPoolableObjectFactory_OE25Dev.java
Wrote /home/tasfia/Desktop/OE25-DEV/projects_decomposed/commons-pool2/src/test/java/org/apache/commons/pool2/TestObjectPool_OE25Dev.java
Wrote /home/tasfia/Desktop/OE25-DEV/projects_decomposed/commons-pool2/src/test/java/org/apache/commons/pool2/TestBaseObjectPool_OE25Dev.java
Wrote /home/tasfia/Desktop/OE25-DEV/projects_decomposed/commons-pool2/src/test/java/org/apache/commons/pool2/proxy/BaseTestProxiedObjectPool_OE25Dev.java
Wrote /home/tasfia/Desktop/OE25-DEV/projects_decomposed/commons-pool2/src/test/java/org/apache/commons/pool2/proxy/BaseTestProxiedKeyedObjectPool_OE25Dev.java
Wrote /home/tasfia/Desktop/OE25-DEV/projects_decomposed/commons-pool2/src/test/java/org/apache/commons/pool2/impl/TestLinkedBlockingDeque_OE25Dev.java
Wrote /home/tasfia/Desktop/OE25-DEV/projects_decomposed/commons-pool2/src/test/java/org/apache/commons/pool2/impl/TestGenericObjectPool_OE25Dev.java
Wrote /home/tasfia/Desktop/OE25-DEV/projects_decomposed/commons-pool2/src/test/java/org/apache/commons/pool2/impl/TestAbandonedObjectPool_OE25Dev.java
Wrote /home/tasfia/Desktop/OE25-DEV/projects_decomposed/commons-pool2/src/test/java/org/apache/commons/pool2/impl/TestAbandonedKeyedObjectPool_OE25Dev.java
Wrote /home/tasfia/Desktop/OE25-DEV/projects_decomposed/commons-pool2/src/test/java/org/apache/commons/pool2/impl/TestPooledSoftReference_OE25Dev.java
Wrote /home/tasfia/Desktop/OE25-DEV/projects_decomposed/commons-pool2/src/test/java/org/apache/commons/pool2/impl/TestGenericKeyedObjectPool_OE25Dev.java
Wrote /home/tasfia/Desktop/OE25-DEV/projects_decomposed/commons-pool2/src/test/java/org/apache/commons/pool2/impl/TestDefaultPooledObject_OE25Dev.java
Wrote /home/tasfia/Desktop/OE25-DEV/projects_decomposed/commons-pool2/src/test/java/org/apache/commons/pool2/impl/TestBaseGenericObjectPool_OE25Dev.java
Wrote /home/tasfia/Desktop/OE25-DEV/projects_decomposed/commons-pool2/src/test/java/org/apache/commons/pool2/impl/NoOpCallStackTest_OE25Dev.java
Wrote /home/tasfia/Desktop/OE25-DEV/projects_decomposed/commons-pool2/src/test/java/org/apache/commons/pool2/impl/TestEvictionConfig_OE25Dev.java
Wrote /home/tasfia/Desktop/OE25-DEV/projects_decomposed/commons-pool2/src/test/java/org/apache/commons/pool2/impl/CallStackTest_OE25Dev.java
Wrote /home/tasfia/Desktop/OE25-DEV/projects_decomposed/commons-pool2/src/test/java/org/apache/commons/pool2/impl/TestPoolImplUtils_OE25Dev.java
Wrote /home/tasfia/Desktop/OE25-DEV/projects_decomposed/commons-pool2/src/test/java/org/apache/commons/pool2/impl/TestGenericObjectPoolClassLoaders_OE25Dev.java
Wrote /home/tasfia/Desktop/OE25-DEV/projects_decomposed/commons-pool2/src/test/java/org/apache/commons/pool2/impl/TestEvictionTimer_OE25Dev.java
Wrote /home/tasfia/Desktop/OE25-DEV/projects_decomposed/commons-pool2/src/test/java/org/apache/commons/pool2/impl/TestDefaultPooledObjectInfo_OE25Dev.java
Wrote /home/tasfia/Desktop/OE25-DEV/projects_decomposed/commons-pool2/src/test/java/org/apache/commons/pool2/impl/TestGenericObjectPoolFactoryCreateFailure_OE25Dev.java
Wrote /home/tasfia/Desktop/OE25-DEV/projects_decomposed/commons-pool2/src/test/java/org/apache/commons/pool2/impl/TestSoftRefOutOfMemory_OE25Dev.java
Processing commons-rng
Wrote /home/tasfia/Desktop/OE25-DEV/projects_decomposed/commons-rng/commons-rng-simple/src/test/java/org/apache/commons/rng/simple/ThreadLocalRandomSourceTest_OE25Dev.java
Wrote /home/tasfia/Desktop/OE25-DEV/projects_decomposed/commons-rng/commons-rng-simple/src/test/java/org/apache/commons/rng/simple/JDKRandomWrapperTest_OE25Dev.java
Wrote /home/tasfia/Desktop/OE25-DEV/projects_decomposed/commons-rng/commons-rng-simple/src/test/java/org/apache/commons/rng/simple/ProvidersCommonParametricTest_OE25Dev.java
Wrote /home/tasfia/Desktop/OE25-DEV/projects_decomposed/commons-rng/commons-rng-simple/src/test/java/org/apache/commons/rng/simple/RandomSourceTest_OE25Dev.java
Wrote /home/tasfia/Desktop/OE25-DEV/projects_decomposed/commons-rng/commons-rng-simple/src/test/java/org/apache/commons/rng/simple/JDKRandomBridgeTest_OE25Dev.java
Wrote /home/tasfia/Desktop/OE25-DEV/projects_decomposed/commons-rng/commons-rng-simple/src/test/java/org/apache/commons/rng/simple/internal/SeedUtilsTest_OE25Dev.java
Wrote /home/tasfia/Desktop/OE25-DEV/projects_decomposed/commons-rng/commons-rng-simple/src/test/java/org/apache/commons/rng/simple/internal/NativeSeedTypeParametricTest_OE25Dev.java
Wrote /home/tasfia/Desktop/OE25-DEV/projects_decomposed/commons-rng/commons-rng-simple/src/test/java/org/apache/commons/rng/simple/internal/NativeSeedTypeTest_OE25Dev.java
Wrote /home/tasfia/Desktop/OE25-DEV/projects_decomposed/commons-rng/commons-rng-simple/src/test/java/org/apache/commons/rng/simple/internal/RandomSourceInternalParametricTest_OE25Dev.java
Wrote /home/tasfia/Desktop/OE25-DEV/projects_decomposed/commons-rng/commons-rng-simple/src/test/java/org/apache/commons/rng/simple/internal/SeedConverterComposerTest_OE25Dev.java
Wrote /home/tasfia/Desktop/OE25-DEV/projects_decomposed/commons-rng/commons-rng-simple/src/test/java/org/apache/commons/rng/simple/internal/Long2LongArrayTest_OE25Dev.java
Wrote /home/tasfia/Desktop/OE25-DEV/projects_decomposed/commons-rng/commons-rng-simple/src/test/java/org/apache/commons/rng/simple/internal/IntArray2LongArrayTest_OE25Dev.java
Wrote /home/tasfia/Desktop/OE25-DEV/projects_decomposed/commons-rng/commons-rng-simple/src/test/java/org/apache/commons/rng/simple/internal/NoOpConverterTest_OE25Dev.java
Wrote /home/tasfia/Desktop/OE25-DEV/projects_decomposed/commons-rng/commons-rng-simple/src/test/java/org/apache/commons/rng/simple/internal/ByteArray2LongArrayTest_OE25Dev.java
Wrote /home/tasfia/Desktop/OE25-DEV/projects_decomposed/commons-rng/commons-rng-simple/src/test/java/org/apache/commons/rng/simple/internal/ByteArray2IntArrayTest_OE25Dev.java
Wrote /home/tasfia/Desktop/OE25-DEV/projects_decomposed/commons-rng/commons-rng-simple/src/test/java/org/apache/commons/rng/simple/internal/SeedFactoryTest_OE25Dev.java
Wrote /home/tasfia/Desktop/OE25-DEV/projects_decomposed/commons-rng/commons-rng-core/src/test/java/org/apache/commons/rng/core/BaseProviderTest_OE25Dev.java
Wrote /home/tasfia/Desktop/OE25-DEV/projects_decomposed/commons-rng/commons-rng-core/src/test/java/org/apache/commons/rng/core/ProvidersCommonParametricTest_OE25Dev.java
Wrote /home/tasfia/Desktop/OE25-DEV/projects_decomposed/commons-rng/commons-rng-core/src/test/java/org/apache/commons/rng/core/RandomProviderDefaultStateTest_OE25Dev.java
Wrote /home/tasfia/Desktop/OE25-DEV/projects_decomposed/commons-rng/commons-rng-core/src/test/java/org/apache/commons/rng/core/source32/Well1024aTest_OE25Dev.java
Wrote /home/tasfia/Desktop/OE25-DEV/projects_decomposed/commons-rng/commons-rng-core/src/test/java/org/apache/commons/rng/core/source32/XoRoShiRo64StarStarTest_OE25Dev.java
Wrote /home/tasfia/Desktop/OE25-DEV/projects_decomposed/commons-rng/commons-rng-core/src/test/java/org/apache/commons/rng/core/source32/XoShiRo128StarStarTest_OE25Dev.java
Wrote /home/tasfia/Desktop/OE25-DEV/projects_decomposed/commons-rng/commons-rng-core/src/test/java/org/apache/commons/rng/core/source32/XoShiRo128PlusTest_OE25Dev.java
Wrote /home/tasfia/Desktop/OE25-DEV/projects_decomposed/commons-rng/commons-rng-core/src/test/java/org/apache/commons/rng/core/source32/ISAACRandomTest_OE25Dev.java
Wrote /home/tasfia/Desktop/OE25-DEV/projects_decomposed/commons-rng/commons-rng-core/src/test/java/org/apache/commons/rng/core/source32/XoRoShiRo64StarTest_OE25Dev.java
Wrote /home/tasfia/Desktop/OE25-DEV/projects_decomposed/commons-rng/commons-rng-core/src/test/java/org/apache/commons/rng/core/source32/DotyHumphreySmallFastCounting32Test_OE25Dev.java
Wrote /home/tasfia/Desktop/OE25-DEV/projects_decomposed/commons-rng/commons-rng-core/src/test/java/org/apache/commons/rng/core/source32/PcgXshRr32Test_OE25Dev.java
Wrote /home/tasfia/Desktop/OE25-DEV/projects_decomposed/commons-rng/commons-rng-core/src/test/java/org/apache/commons/rng/core/source32/Well44497bTest_OE25Dev.java
Wrote /home/tasfia/Desktop/OE25-DEV/projects_decomposed/commons-rng/commons-rng-core/src/test/java/org/apache/commons/rng/core/source32/PcgMcgXshRr32Test_OE25Dev.java
Wrote /home/tasfia/Desktop/OE25-DEV/projects_decomposed/commons-rng/commons-rng-core/src/test/java/org/apache/commons/rng/core/source32/Well19937aTest_OE25Dev.java
Wrote /home/tasfia/Desktop/OE25-DEV/projects_decomposed/commons-rng/commons-rng-core/src/test/java/org/apache/commons/rng/core/source32/Well512aTest_OE25Dev.java
Wrote /home/tasfia/Desktop/OE25-DEV/projects_decomposed/commons-rng/commons-rng-core/src/test/java/org/apache/commons/rng/core/source32/XoShiRo128PlusPlusTest_OE25Dev.java
Wrote /home/tasfia/Desktop/OE25-DEV/projects_decomposed/commons-rng/commons-rng-core/src/test/java/org/apache/commons/rng/core/source32/MiddleSquareWeylSequenceTest_OE25Dev.java
Wrote /home/tasfia/Desktop/OE25-DEV/projects_decomposed/commons-rng/commons-rng-core/src/test/java/org/apache/commons/rng/core/source32/PcgXshRs32Test_OE25Dev.java
Wrote /home/tasfia/Desktop/OE25-DEV/projects_decomposed/commons-rng/commons-rng-core/src/test/java/org/apache/commons/rng/core/source32/IntProviderTest_OE25Dev.java
Wrote /home/tasfia/Desktop/OE25-DEV/projects_decomposed/commons-rng/commons-rng-core/src/test/java/org/apache/commons/rng/core/source32/Well44497aTest_OE25Dev.java
Wrote /home/tasfia/Desktop/OE25-DEV/projects_decomposed/commons-rng/commons-rng-core/src/test/java/org/apache/commons/rng/core/source32/PcgMcgXshRs32Test_OE25Dev.java
Wrote /home/tasfia/Desktop/OE25-DEV/projects_decomposed/commons-rng/commons-rng-core/src/test/java/org/apache/commons/rng/core/source32/JDKRandomTest_OE25Dev.java
Wrote /home/tasfia/Desktop/OE25-DEV/projects_decomposed/commons-rng/commons-rng-core/src/test/java/org/apache/commons/rng/core/source32/MultiplyWithCarry256Test_OE25Dev.java
Wrote /home/tasfia/Desktop/OE25-DEV/projects_decomposed/commons-rng/commons-rng-core/src/test/java/org/apache/commons/rng/core/source32/MersenneTwisterTest_OE25Dev.java
Wrote /home/tasfia/Desktop/OE25-DEV/projects_decomposed/commons-rng/commons-rng-core/src/test/java/org/apache/commons/rng/core/source32/KISSRandomTest_OE25Dev.java
Wrote /home/tasfia/Desktop/OE25-DEV/projects_decomposed/commons-rng/commons-rng-core/src/test/java/org/apache/commons/rng/core/source32/Well19937cTest_OE25Dev.java
Wrote /home/tasfia/Desktop/OE25-DEV/projects_decomposed/commons-rng/commons-rng-core/src/test/java/org/apache/commons/rng/core/source32/JenkinsSmallFast32Test_OE25Dev.java
Wrote /home/tasfia/Desktop/OE25-DEV/projects_decomposed/commons-rng/commons-rng-core/src/test/java/org/apache/commons/rng/core/source64/XoRoShiRo128StarStarTest_OE25Dev.java
Wrote /home/tasfia/Desktop/OE25-DEV/projects_decomposed/commons-rng/commons-rng-core/src/test/java/org/apache/commons/rng/core/source64/XoRoShiRo128PlusPlusTest_OE25Dev.java
Wrote /home/tasfia/Desktop/OE25-DEV/projects_decomposed/commons-rng/commons-rng-core/src/test/java/org/apache/commons/rng/core/source64/XoShiRo256PlusPlusTest_OE25Dev.java
Wrote /home/tasfia/Desktop/OE25-DEV/projects_decomposed/commons-rng/commons-rng-core/src/test/java/org/apache/commons/rng/core/source64/XoShiRo512PlusPlusTest_OE25Dev.java
Wrote /home/tasfia/Desktop/OE25-DEV/projects_decomposed/commons-rng/commons-rng-core/src/test/java/org/apache/commons/rng/core/source64/XoShiRo512PlusTest_OE25Dev.java
Wrote /home/tasfia/Desktop/OE25-DEV/projects_decomposed/commons-rng/commons-rng-core/src/test/java/org/apache/commons/rng/core/source64/XoShiRo256StarStarTest_OE25Dev.java
Wrote /home/tasfia/Desktop/OE25-DEV/projects_decomposed/commons-rng/commons-rng-core/src/test/java/org/apache/commons/rng/core/source64/XoShiRo256PlusTest_OE25Dev.java
Wrote /home/tasfia/Desktop/OE25-DEV/projects_decomposed/commons-rng/commons-rng-core/src/test/java/org/apache/commons/rng/core/source64/LongProviderTest_OE25Dev.java
Wrote /home/tasfia/Desktop/OE25-DEV/projects_decomposed/commons-rng/commons-rng-core/src/test/java/org/apache/commons/rng/core/source64/XorShift1024StarTest_OE25Dev.java
Wrote /home/tasfia/Desktop/OE25-DEV/projects_decomposed/commons-rng/commons-rng-core/src/test/java/org/apache/commons/rng/core/source64/XorShift1024StarPhiTest_OE25Dev.java
Wrote /home/tasfia/Desktop/OE25-DEV/projects_decomposed/commons-rng/commons-rng-core/src/test/java/org/apache/commons/rng/core/source64/XoShiRo512StarStarTest_OE25Dev.java
Wrote /home/tasfia/Desktop/OE25-DEV/projects_decomposed/commons-rng/commons-rng-core/src/test/java/org/apache/commons/rng/core/source64/SplitMix64Test_OE25Dev.java
Wrote /home/tasfia/Desktop/OE25-DEV/projects_decomposed/commons-rng/commons-rng-core/src/test/java/org/apache/commons/rng/core/source64/XoRoShiRo1024StarTest_OE25Dev.java
Wrote /home/tasfia/Desktop/OE25-DEV/projects_decomposed/commons-rng/commons-rng-core/src/test/java/org/apache/commons/rng/core/source64/TwoCmresTest_OE25Dev.java
Wrote /home/tasfia/Desktop/OE25-DEV/projects_decomposed/commons-rng/commons-rng-core/src/test/java/org/apache/commons/rng/core/source64/XoRoShiRo1024PlusPlusTest_OE25Dev.java
Wrote /home/tasfia/Desktop/OE25-DEV/projects_decomposed/commons-rng/commons-rng-core/src/test/java/org/apache/commons/rng/core/source64/PcgRxsMXs64Test_OE25Dev.java
Wrote /home/tasfia/Desktop/OE25-DEV/projects_decomposed/commons-rng/commons-rng-core/src/test/java/org/apache/commons/rng/core/source64/XoRoShiRo128PlusTest_OE25Dev.java
Wrote /home/tasfia/Desktop/OE25-DEV/projects_decomposed/commons-rng/commons-rng-core/src/test/java/org/apache/commons/rng/core/source64/XoRoShiRo1024StarStarTest_OE25Dev.java
Wrote /home/tasfia/Desktop/OE25-DEV/projects_decomposed/commons-rng/commons-rng-core/src/test/java/org/apache/commons/rng/core/source64/MersenneTwister64Test_OE25Dev.java
Wrote /home/tasfia/Desktop/OE25-DEV/projects_decomposed/commons-rng/commons-rng-core/src/test/java/org/apache/commons/rng/core/source64/JenkinsSmallFast64Test_OE25Dev.java
Wrote /home/tasfia/Desktop/OE25-DEV/projects_decomposed/commons-rng/commons-rng-core/src/test/java/org/apache/commons/rng/core/source64/DotyHumphreySmallFastCounting64Test_OE25Dev.java
Wrote /home/tasfia/Desktop/OE25-DEV/projects_decomposed/commons-rng/commons-rng-core/src/test/java/org/apache/commons/rng/core/util/NumberFactoryTest_OE25Dev.java
Wrote /home/tasfia/Desktop/OE25-DEV/projects_decomposed/commons-rng/commons-rng-examples/examples-stress/src/test/java/org/apache/commons/rng/examples/stress/HexTest_OE25Dev.java
Wrote /home/tasfia/Desktop/OE25-DEV/projects_decomposed/commons-rng/commons-rng-sampling/src/test/java/org/apache/commons/rng/sampling/PermutationSamplerTest_OE25Dev.java
Wrote /home/tasfia/Desktop/OE25-DEV/projects_decomposed/commons-rng/commons-rng-sampling/src/test/java/org/apache/commons/rng/sampling/DiscreteProbabilityCollectionSamplerTest_OE25Dev.java
Wrote /home/tasfia/Desktop/OE25-DEV/projects_decomposed/commons-rng/commons-rng-sampling/src/test/java/org/apache/commons/rng/sampling/CombinationSamplerTest_OE25Dev.java
Wrote /home/tasfia/Desktop/OE25-DEV/projects_decomposed/commons-rng/commons-rng-sampling/src/test/java/org/apache/commons/rng/sampling/UnitSphereSamplerTest_OE25Dev.java
Wrote /home/tasfia/Desktop/OE25-DEV/projects_decomposed/commons-rng/commons-rng-sampling/src/test/java/org/apache/commons/rng/sampling/CollectionSamplerTest_OE25Dev.java
Wrote /home/tasfia/Desktop/OE25-DEV/projects_decomposed/commons-rng/commons-rng-sampling/src/test/java/org/apache/commons/rng/sampling/CompositeSamplersTest_OE25Dev.java
Wrote /home/tasfia/Desktop/OE25-DEV/projects_decomposed/commons-rng/commons-rng-sampling/src/test/java/org/apache/commons/rng/sampling/ListSamplerTest_OE25Dev.java
Wrote /home/tasfia/Desktop/OE25-DEV/projects_decomposed/commons-rng/commons-rng-sampling/src/test/java/org/apache/commons/rng/sampling/distribution/GuideTableDiscreteSamplerTest_OE25Dev.java
Wrote /home/tasfia/Desktop/OE25-DEV/projects_decomposed/commons-rng/commons-rng-sampling/src/test/java/org/apache/commons/rng/sampling/distribution/PoissonSamplerTest_OE25Dev.java
Wrote /home/tasfia/Desktop/OE25-DEV/projects_decomposed/commons-rng/commons-rng-sampling/src/test/java/org/apache/commons/rng/sampling/distribution/DirichletSamplerTest_OE25Dev.java
Wrote /home/tasfia/Desktop/OE25-DEV/projects_decomposed/commons-rng/commons-rng-sampling/src/test/java/org/apache/commons/rng/sampling/distribution/AliasMethodDiscreteSamplerTest_OE25Dev.java
Wrote /home/tasfia/Desktop/OE25-DEV/projects_decomposed/commons-rng/commons-rng-sampling/src/test/java/org/apache/commons/rng/sampling/distribution/SmallMeanPoissonSamplerTest_OE25Dev.java
Wrote /home/tasfia/Desktop/OE25-DEV/projects_decomposed/commons-rng/commons-rng-sampling/src/test/java/org/apache/commons/rng/sampling/distribution/DiscreteUniformSamplerTest_OE25Dev.java
Wrote /home/tasfia/Desktop/OE25-DEV/projects_decomposed/commons-rng/commons-rng-sampling/src/test/java/org/apache/commons/rng/sampling/distribution/KempSmallMeanPoissonSamplerTest_OE25Dev.java
Wrote /home/tasfia/Desktop/OE25-DEV/projects_decomposed/commons-rng/commons-rng-sampling/src/test/java/org/apache/commons/rng/sampling/distribution/ZigguratNormalizedGaussianSamplerTest_OE25Dev.java
Wrote /home/tasfia/Desktop/OE25-DEV/projects_decomposed/commons-rng/commons-rng-sampling/src/test/java/org/apache/commons/rng/sampling/distribution/LevySamplerTest_OE25Dev.java
Wrote /home/tasfia/Desktop/OE25-DEV/projects_decomposed/commons-rng/commons-rng-sampling/src/test/java/org/apache/commons/rng/sampling/distribution/PoissonSamplerCacheTest_OE25Dev.java
Wrote /home/tasfia/Desktop/OE25-DEV/projects_decomposed/commons-rng/commons-rng-sampling/src/test/java/org/apache/commons/rng/sampling/distribution/SamplerBaseTest_OE25Dev.java
Wrote /home/tasfia/Desktop/OE25-DEV/projects_decomposed/commons-rng/commons-rng-sampling/src/test/java/org/apache/commons/rng/sampling/distribution/MarsagliaTsangWangDiscreteSamplerTest_OE25Dev.java
Wrote /home/tasfia/Desktop/OE25-DEV/projects_decomposed/commons-rng/commons-rng-sampling/src/test/java/org/apache/commons/rng/sampling/distribution/LargeMeanPoissonSamplerTest_OE25Dev.java
Wrote /home/tasfia/Desktop/OE25-DEV/projects_decomposed/commons-rng/commons-rng-sampling/src/test/java/org/apache/commons/rng/sampling/distribution/UniformLongSamplerTest_OE25Dev.java
Wrote /home/tasfia/Desktop/OE25-DEV/projects_decomposed/commons-rng/commons-rng-sampling/src/test/java/org/apache/commons/rng/sampling/distribution/InverseTransformParetoSamplerTest_OE25Dev.java
Wrote /home/tasfia/Desktop/OE25-DEV/projects_decomposed/commons-rng/commons-rng-sampling/src/test/java/org/apache/commons/rng/sampling/distribution/MarsagliaNormalisedGaussianSamplerTest_OE25Dev.java
Wrote /home/tasfia/Desktop/OE25-DEV/projects_decomposed/commons-rng/commons-rng-sampling/src/test/java/org/apache/commons/rng/sampling/distribution/StableSamplerTest_OE25Dev.java
Wrote /home/tasfia/Desktop/OE25-DEV/projects_decomposed/commons-rng/commons-rng-sampling/src/test/java/org/apache/commons/rng/sampling/distribution/InternalUtilsTest_OE25Dev.java
Wrote /home/tasfia/Desktop/OE25-DEV/projects_decomposed/commons-rng/commons-rng-sampling/src/test/java/org/apache/commons/rng/sampling/distribution/LogNormalSamplerTest_OE25Dev.java
Wrote /home/tasfia/Desktop/OE25-DEV/projects_decomposed/commons-rng/commons-rng-sampling/src/test/java/org/apache/commons/rng/sampling/distribution/BoxMullerGaussianSamplerTest_OE25Dev.java
Wrote /home/tasfia/Desktop/OE25-DEV/projects_decomposed/commons-rng/commons-rng-sampling/src/test/java/org/apache/commons/rng/sampling/distribution/AhrensDieterMarsagliaTsangGammaSamplerTest_OE25Dev.java
Wrote /home/tasfia/Desktop/OE25-DEV/projects_decomposed/commons-rng/commons-rng-sampling/src/test/java/org/apache/commons/rng/sampling/distribution/GeometricSamplerTest_OE25Dev.java
Wrote /home/tasfia/Desktop/OE25-DEV/projects_decomposed/commons-rng/commons-rng-sampling/src/test/java/org/apache/commons/rng/sampling/distribution/RejectionInversionZipfSamplerTest_OE25Dev.java
Wrote /home/tasfia/Desktop/OE25-DEV/projects_decomposed/commons-rng/commons-rng-sampling/src/test/java/org/apache/commons/rng/sampling/distribution/ChengBetaSamplerTest_OE25Dev.java
Wrote /home/tasfia/Desktop/OE25-DEV/projects_decomposed/commons-rng/commons-rng-sampling/src/test/java/org/apache/commons/rng/sampling/distribution/ZigguratSamplerTest_OE25Dev.java
Wrote /home/tasfia/Desktop/OE25-DEV/projects_decomposed/commons-rng/commons-rng-sampling/src/test/java/org/apache/commons/rng/sampling/distribution/AhrensDieterExponentialSamplerTest_OE25Dev.java
Wrote /home/tasfia/Desktop/OE25-DEV/projects_decomposed/commons-rng/commons-rng-sampling/src/test/java/org/apache/commons/rng/sampling/distribution/ContinuousUniformSamplerTest_OE25Dev.java
Wrote /home/tasfia/Desktop/OE25-DEV/projects_decomposed/commons-rng/commons-rng-sampling/src/test/java/org/apache/commons/rng/sampling/distribution/GaussianSamplerTest_OE25Dev.java
Wrote /home/tasfia/Desktop/OE25-DEV/projects_decomposed/commons-rng/commons-rng-sampling/src/test/java/org/apache/commons/rng/sampling/shape/BoxSamplerTest_OE25Dev.java
Wrote /home/tasfia/Desktop/OE25-DEV/projects_decomposed/commons-rng/commons-rng-sampling/src/test/java/org/apache/commons/rng/sampling/shape/CoordinatesTest_OE25Dev.java
Wrote /home/tasfia/Desktop/OE25-DEV/projects_decomposed/commons-rng/commons-rng-sampling/src/test/java/org/apache/commons/rng/sampling/shape/LineSamplerTest_OE25Dev.java
Wrote /home/tasfia/Desktop/OE25-DEV/projects_decomposed/commons-rng/commons-rng-sampling/src/test/java/org/apache/commons/rng/sampling/shape/TriangleSamplerTest_OE25Dev.java
Wrote /home/tasfia/Desktop/OE25-DEV/projects_decomposed/commons-rng/commons-rng-sampling/src/test/java/org/apache/commons/rng/sampling/shape/UnitBallSamplerTest_OE25Dev.java
Wrote /home/tasfia/Desktop/OE25-DEV/projects_decomposed/commons-rng/commons-rng-sampling/src/test/java/org/apache/commons/rng/sampling/shape/TetrahedronSamplerTest_OE25Dev.java
Wrote /home/tasfia/Desktop/OE25-DEV/projects_decomposed/commons-rng/commons-rng-core/src/test/java/org/apache/commons/rng/core/JumpableProvidersParametricTest_OE25Dev.java
Processing commons-validator
Wrote /home/tasfia/Desktop/OE25-DEV/projects_decomposed/commons-validator/src/test/java/org/apache/commons/validator/GenericValidatorTest_OE25Dev.java
Wrote /home/tasfia/Desktop/OE25-DEV/projects_decomposed/commons-validator/src/test/java/org/apache/commons/validator/MultipleTest_OE25Dev.java
Wrote /home/tasfia/Desktop/OE25-DEV/projects_decomposed/commons-validator/src/test/java/org/apache/commons/validator/FieldTest_OE25Dev.java
Wrote /home/tasfia/Desktop/OE25-DEV/projects_decomposed/commons-validator/src/test/java/org/apache/commons/validator/CreditCardValidatorTest_OE25Dev.java
Wrote /home/tasfia/Desktop/OE25-DEV/projects_decomposed/commons-validator/src/test/java/org/apache/commons/validator/CustomValidatorResourcesTest_OE25Dev.java
Wrote /home/tasfia/Desktop/OE25-DEV/projects_decomposed/commons-validator/src/test/java/org/apache/commons/validator/ISBNValidatorTest_OE25Dev.java
Wrote /home/tasfia/Desktop/OE25-DEV/projects_decomposed/commons-validator/src/test/java/org/apache/commons/validator/ValidatorTest_OE25Dev.java
Wrote /home/tasfia/Desktop/OE25-DEV/projects_decomposed/commons-validator/src/test/java/org/apache/commons/validator/EntityImportTest_OE25Dev.java
Wrote /home/tasfia/Desktop/OE25-DEV/projects_decomposed/commons-validator/src/test/java/org/apache/commons/validator/routines/UrlValidatorTest_OE25Dev.java
Wrote /home/tasfia/Desktop/OE25-DEV/projects_decomposed/commons-validator/src/test/java/org/apache/commons/validator/routines/CalendarValidatorTest_OE25Dev.java
Wrote /home/tasfia/Desktop/OE25-DEV/projects_decomposed/commons-validator/src/test/java/org/apache/commons/validator/routines/CurrencyValidatorTest_OE25Dev.java
Wrote /home/tasfia/Desktop/OE25-DEV/projects_decomposed/commons-validator/src/test/java/org/apache/commons/validator/routines/AbstractCalendarValidatorTest_OE25Dev.java
Wrote /home/tasfia/Desktop/OE25-DEV/projects_decomposed/commons-validator/src/test/java/org/apache/commons/validator/routines/ShortValidatorTest_OE25Dev.java
Wrote /home/tasfia/Desktop/OE25-DEV/projects_decomposed/commons-validator/src/test/java/org/apache/commons/validator/routines/AbstractNumberValidatorTest_OE25Dev.java
Wrote /home/tasfia/Desktop/OE25-DEV/projects_decomposed/commons-validator/src/test/java/org/apache/commons/validator/routines/CodeValidatorTest_OE25Dev.java
Wrote /home/tasfia/Desktop/OE25-DEV/projects_decomposed/commons-validator/src/test/java/org/apache/commons/validator/routines/TimeValidatorTest_OE25Dev.java
Wrote /home/tasfia/Desktop/OE25-DEV/projects_decomposed/commons-validator/src/test/java/org/apache/commons/validator/routines/BigDecimalValidatorTest_OE25Dev.java
Wrote /home/tasfia/Desktop/OE25-DEV/projects_decomposed/commons-validator/src/test/java/org/apache/commons/validator/routines/ISSNValidatorTest_OE25Dev.java
Wrote /home/tasfia/Desktop/OE25-DEV/projects_decomposed/commons-validator/src/test/java/org/apache/commons/validator/routines/DomainValidatorTest_OE25Dev.java
Wrote /home/tasfia/Desktop/OE25-DEV/projects_decomposed/commons-validator/src/test/java/org/apache/commons/validator/routines/ByteValidatorTest_OE25Dev.java
Wrote /home/tasfia/Desktop/OE25-DEV/projects_decomposed/commons-validator/src/test/java/org/apache/commons/validator/routines/DomainValidatorStartupTest_OE25Dev.java
Wrote /home/tasfia/Desktop/OE25-DEV/projects_decomposed/commons-validator/src/test/java/org/apache/commons/validator/routines/BigIntegerValidatorTest_OE25Dev.java
Wrote /home/tasfia/Desktop/OE25-DEV/projects_decomposed/commons-validator/src/test/java/org/apache/commons/validator/routines/LongValidatorTest_OE25Dev.java
Wrote /home/tasfia/Desktop/OE25-DEV/projects_decomposed/commons-validator/src/test/java/org/apache/commons/validator/routines/CreditCardValidatorTest_OE25Dev.java
Wrote /home/tasfia/Desktop/OE25-DEV/projects_decomposed/commons-validator/src/test/java/org/apache/commons/validator/routines/RegexValidatorTest_OE25Dev.java
Wrote /home/tasfia/Desktop/OE25-DEV/projects_decomposed/commons-validator/src/test/java/org/apache/commons/validator/routines/DoubleValidatorTest_OE25Dev.java
Wrote /home/tasfia/Desktop/OE25-DEV/projects_decomposed/commons-validator/src/test/java/org/apache/commons/validator/routines/IBANValidatorTest_OE25Dev.java
Wrote /home/tasfia/Desktop/OE25-DEV/projects_decomposed/commons-validator/src/test/java/org/apache/commons/validator/routines/IntegerValidatorTest_OE25Dev.java
Wrote /home/tasfia/Desktop/OE25-DEV/projects_decomposed/commons-validator/src/test/java/org/apache/commons/validator/routines/ISBNValidatorTest_OE25Dev.java
Wrote /home/tasfia/Desktop/OE25-DEV/projects_decomposed/commons-validator/src/test/java/org/apache/commons/validator/routines/InetAddressValidatorTest_OE25Dev.java
Wrote /home/tasfia/Desktop/OE25-DEV/projects_decomposed/commons-validator/src/test/java/org/apache/commons/validator/routines/EmailValidatorTest_OE25Dev.java
Wrote /home/tasfia/Desktop/OE25-DEV/projects_decomposed/commons-validator/src/test/java/org/apache/commons/validator/routines/FloatValidatorTest_OE25Dev.java
Wrote /home/tasfia/Desktop/OE25-DEV/projects_decomposed/commons-validator/src/test/java/org/apache/commons/validator/routines/ISINValidatorTest_OE25Dev.java
Wrote /home/tasfia/Desktop/OE25-DEV/projects_decomposed/commons-validator/src/test/java/org/apache/commons/validator/routines/DateValidatorTest_OE25Dev.java
Wrote /home/tasfia/Desktop/OE25-DEV/projects_decomposed/commons-validator/src/test/java/org/apache/commons/validator/routines/PercentValidatorTest_OE25Dev.java
Wrote /home/tasfia/Desktop/OE25-DEV/projects_decomposed/commons-validator/src/test/java/org/apache/commons/validator/routines/checkdigit/ISINCheckDigitTest_OE25Dev.java
Wrote /home/tasfia/Desktop/OE25-DEV/projects_decomposed/commons-validator/src/test/java/org/apache/commons/validator/routines/checkdigit/ISBNCheckDigitTest_OE25Dev.java
Wrote /home/tasfia/Desktop/OE25-DEV/projects_decomposed/commons-validator/src/test/java/org/apache/commons/validator/routines/checkdigit/ModulusTenCUSIPCheckDigitTest_OE25Dev.java
Wrote /home/tasfia/Desktop/OE25-DEV/projects_decomposed/commons-validator/src/test/java/org/apache/commons/validator/routines/checkdigit/AbstractCheckDigitTest_OE25Dev.java
Wrote /home/tasfia/Desktop/OE25-DEV/projects_decomposed/commons-validator/src/test/java/org/apache/commons/validator/routines/checkdigit/SedolCheckDigitTest_OE25Dev.java
Wrote /home/tasfia/Desktop/OE25-DEV/projects_decomposed/commons-validator/src/test/java/org/apache/commons/validator/routines/checkdigit/CUSIPCheckDigitTest_OE25Dev.java
Wrote /home/tasfia/Desktop/OE25-DEV/projects_decomposed/commons-validator/src/test/java/org/apache/commons/validator/routines/checkdigit/ModulusTenSedolCheckDigitTest_OE25Dev.java
Wrote /home/tasfia/Desktop/OE25-DEV/projects_decomposed/commons-validator/src/test/java/org/apache/commons/validator/util/FlagsTest_OE25Dev.java
Wrote /home/tasfia/Desktop/OE25-DEV/projects_decomposed/commons-validator/src/test/java/org/apache/commons/validator/UrlTest_OE25Dev.java
Processing commons-vfs
Wrote /home/tasfia/Desktop/OE25-DEV/projects_decomposed/commons-vfs/commons-vfs2/src/test/java/org/apache/commons/vfs2/FileSystemExceptionTest_OE25Dev.java
Wrote /home/tasfia/Desktop/OE25-DEV/projects_decomposed/commons-vfs/commons-vfs2/src/test/java/org/apache/commons/vfs2/FileTypeTest_OE25Dev.java
Wrote /home/tasfia/Desktop/OE25-DEV/projects_decomposed/commons-vfs/commons-vfs2/src/test/java/org/apache/commons/vfs2/VFSTest_OE25Dev.java
Wrote /home/tasfia/Desktop/OE25-DEV/projects_decomposed/commons-vfs/commons-vfs2/src/test/java/org/apache/commons/vfs2/FileSystemOptionsTest_OE25Dev.java
Wrote /home/tasfia/Desktop/OE25-DEV/projects_decomposed/commons-vfs/commons-vfs2/src/test/java/org/apache/commons/vfs2/FileIteratorTest_OE25Dev.java
Wrote /home/tasfia/Desktop/OE25-DEV/projects_decomposed/commons-vfs/commons-vfs2/src/test/java/org/apache/commons/vfs2/PatternFileSelectorTest_OE25Dev.java
Wrote /home/tasfia/Desktop/OE25-DEV/projects_decomposed/commons-vfs/commons-vfs2/src/test/java/org/apache/commons/vfs2/UserAuthenticationDataTestCase_OE25Dev.java
Wrote /home/tasfia/Desktop/OE25-DEV/projects_decomposed/commons-vfs/commons-vfs2/src/test/java/org/apache/commons/vfs2/FileTypeSelectorTest_OE25Dev.java
Wrote /home/tasfia/Desktop/OE25-DEV/projects_decomposed/commons-vfs/commons-vfs2/src/test/java/org/apache/commons/vfs2/FileExtensionSelectorTest_OE25Dev.java
Wrote /home/tasfia/Desktop/OE25-DEV/projects_decomposed/commons-vfs/commons-vfs2/src/test/java/org/apache/commons/vfs2/InvertIncludeFileSelectorTest_OE25Dev.java
Wrote /home/tasfia/Desktop/OE25-DEV/projects_decomposed/commons-vfs/commons-vfs2/src/test/java/org/apache/commons/vfs2/operations/BasicOperationsTestCase_OE25Dev.java
Wrote /home/tasfia/Desktop/OE25-DEV/projects_decomposed/commons-vfs/commons-vfs2/src/test/java/org/apache/commons/vfs2/provider/AbstractFileNameTest_OE25Dev.java
Wrote /home/tasfia/Desktop/OE25-DEV/projects_decomposed/commons-vfs/commons-vfs2/src/test/java/org/apache/commons/vfs2/provider/UriParserTestCase_OE25Dev.java
Wrote /home/tasfia/Desktop/OE25-DEV/projects_decomposed/commons-vfs/commons-vfs2/src/test/java/org/apache/commons/vfs2/provider/ram/CustomRamProviderTest_OE25Dev.java
Wrote /home/tasfia/Desktop/OE25-DEV/projects_decomposed/commons-vfs/commons-vfs2/src/test/java/org/apache/commons/vfs2/provider/hdfs/HdfsFileProviderTest_OE25Dev.java
Wrote /home/tasfia/Desktop/OE25-DEV/projects_decomposed/commons-vfs/commons-vfs2/src/test/java/org/apache/commons/vfs2/provider/jar/JarAttributesTestCase_OE25Dev.java
Wrote /home/tasfia/Desktop/OE25-DEV/projects_decomposed/commons-vfs/commons-vfs2/src/test/java/org/apache/commons/vfs2/provider/http/HttpProviderTestCase_OE25Dev.java
Wrote /home/tasfia/Desktop/OE25-DEV/projects_decomposed/commons-vfs/commons-vfs2/src/test/java/org/apache/commons/vfs2/provider/http4/Http4FilesCacheTestCase_OE25Dev.java
Wrote /home/tasfia/Desktop/OE25-DEV/projects_decomposed/commons-vfs/commons-vfs2/src/test/java/org/apache/commons/vfs2/provider/http4/Http4ProviderTestCase_OE25Dev.java
Wrote /home/tasfia/Desktop/OE25-DEV/projects_decomposed/commons-vfs/commons-vfs2/src/test/java/org/apache/commons/vfs2/provider/local/ConversionTestCase_OE25Dev.java
Wrote /home/tasfia/Desktop/OE25-DEV/projects_decomposed/commons-vfs/commons-vfs2/src/test/java/org/apache/commons/vfs2/provider/local/TempFileTests_OE25Dev.java
Wrote /home/tasfia/Desktop/OE25-DEV/projects_decomposed/commons-vfs/commons-vfs2/src/test/java/org/apache/commons/vfs2/provider/ftp/FtpFileSystemConfigBuilderTestCase_OE25Dev.java
Wrote /home/tasfia/Desktop/OE25-DEV/projects_decomposed/commons-vfs/commons-vfs2/src/test/java/org/apache/commons/vfs2/provider/zip/ParseXmlInZipTestCase_OE25Dev.java
Wrote /home/tasfia/Desktop/OE25-DEV/projects_decomposed/commons-vfs/commons-vfs2/src/test/java/org/apache/commons/vfs2/provider/res/ResSchemeTestCase_OE25Dev.java
Wrote /home/tasfia/Desktop/OE25-DEV/projects_decomposed/commons-vfs/commons-vfs2/src/test/java/org/apache/commons/vfs2/provider/res/Vfs444TestCase_OE25Dev.java
Wrote /home/tasfia/Desktop/OE25-DEV/projects_decomposed/commons-vfs/commons-vfs2/src/test/java/org/apache/commons/vfs2/provider/tar/LargeTarTestCase_OE25Dev.java
Wrote /home/tasfia/Desktop/OE25-DEV/projects_decomposed/commons-vfs/commons-vfs2/src/test/java/org/apache/commons/vfs2/provider/sftp/SftpFileSystemConfigBuilderTestCase_OE25Dev.java
Wrote /home/tasfia/Desktop/OE25-DEV/projects_decomposed/commons-vfs/commons-vfs2/src/test/java/org/apache/commons/vfs2/provider/test/GenericFileNameTestCase_OE25Dev.java
Wrote /home/tasfia/Desktop/OE25-DEV/projects_decomposed/commons-vfs/commons-vfs2/src/test/java/org/apache/commons/vfs2/provider/test/FileObjectSortTestCase_OE25Dev.java
Wrote /home/tasfia/Desktop/OE25-DEV/projects_decomposed/commons-vfs/commons-vfs2/src/test/java/org/apache/commons/vfs2/provider/http5/Http5ProviderTestCase_OE25Dev.java
Wrote /home/tasfia/Desktop/OE25-DEV/projects_decomposed/commons-vfs/commons-vfs2/src/test/java/org/apache/commons/vfs2/provider/http5/Http5FilesCacheTestCase_OE25Dev.java
Wrote /home/tasfia/Desktop/OE25-DEV/projects_decomposed/commons-vfs/commons-vfs2/src/test/java/org/apache/commons/vfs2/provider/http5s/Http5sGetContentInfoTest_OE25Dev.java
Wrote /home/tasfia/Desktop/OE25-DEV/projects_decomposed/commons-vfs/commons-vfs2/src/test/java/org/apache/commons/vfs2/auth/StaticUserAuthenticatorTestCase_OE25Dev.java
Wrote /home/tasfia/Desktop/OE25-DEV/projects_decomposed/commons-vfs/commons-vfs2/src/test/java/org/apache/commons/vfs2/filter/RegexFileFilterTestCase_OE25Dev.java
Wrote /home/tasfia/Desktop/OE25-DEV/projects_decomposed/commons-vfs/commons-vfs2/src/test/java/org/apache/commons/vfs2/filter/CanReadFileFilterTest_OE25Dev.java
Wrote /home/tasfia/Desktop/OE25-DEV/projects_decomposed/commons-vfs/commons-vfs2/src/test/java/org/apache/commons/vfs2/filter/CanWriteFileFilterTest_OE25Dev.java
Wrote /home/tasfia/Desktop/OE25-DEV/projects_decomposed/commons-vfs/commons-vfs2/src/test/java/org/apache/commons/vfs2/filter/AgeFileFilterTest_OE25Dev.java
Wrote /home/tasfia/Desktop/OE25-DEV/projects_decomposed/commons-vfs/commons-vfs2/src/test/java/org/apache/commons/vfs2/filter/AndFileFilterTest_OE25Dev.java
Wrote /home/tasfia/Desktop/OE25-DEV/projects_decomposed/commons-vfs/commons-vfs2/src/test/java/org/apache/commons/vfs2/filter/NotFileFilterTest_OE25Dev.java
Wrote /home/tasfia/Desktop/OE25-DEV/projects_decomposed/commons-vfs/commons-vfs2/src/test/java/org/apache/commons/vfs2/filter/SizeFileFilterTest_OE25Dev.java
Wrote /home/tasfia/Desktop/OE25-DEV/projects_decomposed/commons-vfs/commons-vfs2/src/test/java/org/apache/commons/vfs2/filter/PrefixFileFilterTest_OE25Dev.java
Wrote /home/tasfia/Desktop/OE25-DEV/projects_decomposed/commons-vfs/commons-vfs2/src/test/java/org/apache/commons/vfs2/filter/WildcardFileFilterTest_OE25Dev.java
Wrote /home/tasfia/Desktop/OE25-DEV/projects_decomposed/commons-vfs/commons-vfs2/src/test/java/org/apache/commons/vfs2/filter/SuffixFileFilterTest_OE25Dev.java
Wrote /home/tasfia/Desktop/OE25-DEV/projects_decomposed/commons-vfs/commons-vfs2/src/test/java/org/apache/commons/vfs2/filter/EmptyFileFilterTest_OE25Dev.java
Wrote /home/tasfia/Desktop/OE25-DEV/projects_decomposed/commons-vfs/commons-vfs2/src/test/java/org/apache/commons/vfs2/filter/SymbolicLinkFileFilterTest_OE25Dev.java
Wrote /home/tasfia/Desktop/OE25-DEV/projects_decomposed/commons-vfs/commons-vfs2/src/test/java/org/apache/commons/vfs2/filter/OrFileFilterTest_OE25Dev.java
Wrote /home/tasfia/Desktop/OE25-DEV/projects_decomposed/commons-vfs/commons-vfs2/src/test/java/org/apache/commons/vfs2/filter/CanExecuteFileFilterTest_OE25Dev.java
Wrote /home/tasfia/Desktop/OE25-DEV/projects_decomposed/commons-vfs/commons-vfs2/src/test/java/org/apache/commons/vfs2/filter/HiddenFileFilterTest_OE25Dev.java
Wrote /home/tasfia/Desktop/OE25-DEV/projects_decomposed/commons-vfs/commons-vfs2/src/test/java/org/apache/commons/vfs2/filter/DirectoryAndFileFilterTest_OE25Dev.java
Wrote /home/tasfia/Desktop/OE25-DEV/projects_decomposed/commons-vfs/commons-vfs2/src/test/java/org/apache/commons/vfs2/filter/NameFileFilterTest_OE25Dev.java
Wrote /home/tasfia/Desktop/OE25-DEV/projects_decomposed/commons-vfs/commons-vfs2/src/test/java/org/apache/commons/vfs2/impl/DefaultFileSystemManagerTest_OE25Dev.java
Wrote /home/tasfia/Desktop/OE25-DEV/projects_decomposed/commons-vfs/commons-vfs2/src/test/java/org/apache/commons/vfs2/util/FileObjectUtilsTest_OE25Dev.java
Wrote /home/tasfia/Desktop/OE25-DEV/projects_decomposed/commons-vfs/commons-vfs2/src/test/java/org/apache/commons/vfs2/util/EncryptDecryptTest_OE25Dev.java
Wrote /home/tasfia/Desktop/OE25-DEV/projects_decomposed/commons-vfs/commons-vfs2/src/test/java/org/apache/commons/vfs2/util/DelegatingFileSystemOptionsBuilderTest_OE25Dev.java
Wrote /home/tasfia/Desktop/OE25-DEV/projects_decomposed/commons-vfs/commons-vfs2/src/test/java/org/apache/commons/vfs2/cache/AbstractFilesCacheTestsBase_OE25Dev.java
Wrote /home/tasfia/Desktop/OE25-DEV/projects_decomposed/commons-vfs/commons-vfs2/src/test/java/org/apache/commons/vfs2/provider/zip/FileLockTestCase_OE25Dev.java
Wrote /home/tasfia/Desktop/OE25-DEV/projects_decomposed/commons-vfs/commons-vfs2/src/test/java/org/apache/commons/vfs2/FileChangeEventTest_OE25Dev.java
Wrote /home/tasfia/Desktop/OE25-DEV/projects_decomposed/commons-vfs/commons-vfs2/src/test/java/org/apache/commons/vfs2/provider/DefaultFileContentTest_OE25Dev.java
Wrote /home/tasfia/Desktop/OE25-DEV/projects_decomposed/commons-vfs/commons-vfs2/src/test/java/org/apache/commons/vfs2/provider/http4s/Http4sGetContentInfoTest_OE25Dev.java
Wrote /home/tasfia/Desktop/OE25-DEV/projects_decomposed/commons-vfs/commons-vfs2/src/test/java/org/apache/commons/vfs2/provider/ram/RamFileRandomAccessContentTestCase_OE25Dev.java
Wrote /home/tasfia/Desktop/OE25-DEV/projects_decomposed/commons-vfs/commons-vfs2/src/test/java/org/apache/commons/vfs2/provider/http/HttpFilesCacheTestCase_OE25Dev.java
Wrote /home/tasfia/Desktop/OE25-DEV/projects_decomposed/commons-vfs/commons-vfs2/src/test/java/org/apache/commons/vfs2/provider/http/GetContentInfoFunctionalTest_OE25Dev.java
Wrote /home/tasfia/Desktop/OE25-DEV/projects_decomposed/commons-vfs/commons-vfs2/src/test/java/org/apache/commons/vfs2/provider/http4/Http4GetContentInfoTest_OE25Dev.java
Wrote /home/tasfia/Desktop/OE25-DEV/projects_decomposed/commons-vfs/commons-vfs2/src/test/java/org/apache/commons/vfs2/provider/local/LocalFileRandomAccessContentTestCase_OE25Dev.java
Wrote /home/tasfia/Desktop/OE25-DEV/projects_decomposed/commons-vfs/commons-vfs2/src/test/java/org/apache/commons/vfs2/provider/zip/ZipFileObjectTestCase_OE25Dev.java
Wrote /home/tasfia/Desktop/OE25-DEV/projects_decomposed/commons-vfs/commons-vfs2/src/test/java/org/apache/commons/vfs2/provider/tar/CreateFileSystemTestCase_OE25Dev.java
Wrote /home/tasfia/Desktop/OE25-DEV/projects_decomposed/commons-vfs/commons-vfs2/src/test/java/org/apache/commons/vfs2/provider/bzip2/Bzip2TestCase_OE25Dev.java
Wrote /home/tasfia/Desktop/OE25-DEV/projects_decomposed/commons-vfs/commons-vfs2/src/test/java/org/apache/commons/vfs2/provider/https/GetContentInfoFunctionalTest_OE25Dev.java
Wrote /home/tasfia/Desktop/OE25-DEV/projects_decomposed/commons-vfs/commons-vfs2/src/test/java/org/apache/commons/vfs2/provider/http5/Http5GetContentInfoTestCase_OE25Dev.java
Wrote /home/tasfia/Desktop/OE25-DEV/projects_decomposed/commons-vfs/commons-vfs2/src/test/java/org/apache/commons/vfs2/impl/StandardFileSystemManagerTest_OE25Dev.java
Wrote /home/tasfia/Desktop/OE25-DEV/projects_decomposed/commons-vfs/commons-vfs2-jackrabbit2/src/test/java/org/apache/commons/vfs2/provider/webdav4/Webdav4FileObjectTest_OE25Dev.java
Processing commons-weaver
Wrote /home/tasfia/Desktop/OE25-DEV/projects_decomposed/commons-weaver/processor/src/test/java/org/apache/commons/weaver/FinderTest_OE25Dev.java
Wrote /home/tasfia/Desktop/OE25-DEV/projects_decomposed/commons-weaver/processor/src/test/java/org/apache/commons/weaver/utils/ArgsTest_OE25Dev.java
Wrote /home/tasfia/Desktop/OE25-DEV/projects_decomposed/commons-weaver/processor/src/test/java/org/apache/commons/weaver/utils/ProvidersTest_OE25Dev.java
Wrote /home/tasfia/Desktop/OE25-DEV/projects_decomposed/commons-weaver/processor/src/test/java/org/apache/commons/weaver/test/WeaveProcessorTest_OE25Dev.java
Wrote /home/tasfia/Desktop/OE25-DEV/projects_decomposed/commons-weaver/processor/src/test/java/org/apache/commons/weaver/test/CleanProcessorTest_OE25Dev.java
Wrote /home/tasfia/Desktop/OE25-DEV/projects_decomposed/commons-weaver/modules/normalizer/src/test/java/org/apache/commons/weaver/normalizer/UtilsTest_OE25Dev.java
Wrote /home/tasfia/Desktop/OE25-DEV/projects_decomposed/commons-weaver/modules/privilizer/weaver/src/it/sample/src/test/java/org/apache/commons/weaver/privilizer/example/UsingArgsTest_OE25Dev.java
Wrote /home/tasfia/Desktop/OE25-DEV/projects_decomposed/commons-weaver/modules/privilizer/weaver/src/it/sample/src/test/java/org/apache/commons/weaver/privilizer/example/MethodReferencesUsingBlueprintsTest_OE25Dev.java
Wrote /home/tasfia/Desktop/OE25-DEV/projects_decomposed/commons-weaver/modules/privilizer/weaver/src/it/sample/src/test/java/org/apache/commons/weaver/privilizer/example/StaticPrivateMethodsTest_OE25Dev.java
Wrote /home/tasfia/Desktop/OE25-DEV/projects_decomposed/commons-weaver/modules/privilizer/weaver/src/it/sample/src/test/java/org/apache/commons/weaver/privilizer/example/StaticNoArgsTest_OE25Dev.java
Wrote /home/tasfia/Desktop/OE25-DEV/projects_decomposed/commons-weaver/modules/privilizer/weaver/src/it/sample/src/test/java/org/apache/commons/weaver/privilizer/example/PrivateMethodsTest_OE25Dev.java
Wrote /home/tasfia/Desktop/OE25-DEV/projects_decomposed/commons-weaver/modules/privilizer/weaver/src/it/sample/src/test/java/org/apache/commons/weaver/privilizer/example/StaticUsingArgsTest_OE25Dev.java
Wrote /home/tasfia/Desktop/OE25-DEV/projects_decomposed/commons-weaver/modules/privilizer/weaver/src/it/sample/src/test/java/org/apache/commons/weaver/privilizer/example/NoArgsTest_OE25Dev.java
Wrote /home/tasfia/Desktop/OE25-DEV/projects_decomposed/commons-weaver/modules/privilizer/weaver/src/it/sample/src/test/java/org/apache/commons/weaver/privilizer/example/UsingBlueprintsTest_OE25Dev.java
Wrote /home/tasfia/Desktop/OE25-DEV/projects_decomposed/commons-weaver/modules/privilizer/weaver/src/it/sample/src/test/java/org/apache/commons/weaver/privilizer/example/OverloadingTest_OE25Dev.java
Wrote /home/tasfia/Desktop/OE25-DEV/projects_decomposed/commons-weaver/modules/privilizer/weaver/src/it/sample/src/test/java/org/apache/commons/weaver/privilizer/example/StaticOverloadingTest_OE25Dev.java
Processing http-request
Original test file not found: /home/tasfia/Desktop/OE25-DEV/projects_decomposed/http-request/lib/src/test/java/com/github/kevinsawicki/http/EncodeTest.java
Original test file not found: /home/tasfia/Desktop/OE25-DEV/projects_decomposed/http-request/lib/src/test/java/com/github/kevinsawicki/http/HttpRequestTest.java
Wrote /home/tasfia/Desktop/OE25-DEV/projects_decomposed/http-request/src/test/java/com/github/kevinsawicki/http/EncodeTest_OE25Dev.java
Wrote /home/tasfia/Desktop/OE25-DEV/projects_decomposed/http-request/src/test/java/com/github/kevinsawicki/http/HttpRequestTest_OE25Dev.java
Processing joda-time
Wrote /home/tasfia/Desktop/OE25-DEV/projects_decomposed/joda-time/src/test/java/org/joda/time/TestMutableDateTime_Basics_OE25Dev.java
Wrote /home/tasfia/Desktop/OE25-DEV/projects_decomposed/joda-time/src/test/java/org/joda/time/TestLocalDateTime_Basics_OE25Dev.java
Wrote /home/tasfia/Desktop/OE25-DEV/projects_decomposed/joda-time/src/test/java/org/joda/time/TestMonthDay_Basics_OE25Dev.java
Wrote /home/tasfia/Desktop/OE25-DEV/projects_decomposed/joda-time/src/test/java/org/joda/time/TestChronology_OE25Dev.java
Wrote /home/tasfia/Desktop/OE25-DEV/projects_decomposed/joda-time/src/test/java/org/joda/time/TestInterval_Basics_OE25Dev.java
Wrote /home/tasfia/Desktop/OE25-DEV/projects_decomposed/joda-time/src/test/java/org/joda/time/TestDateTimeUtils_OE25Dev.java
Wrote /home/tasfia/Desktop/OE25-DEV/projects_decomposed/joda-time/src/test/java/org/joda/time/TestMutableDateTime_Constructors_OE25Dev.java
Wrote /home/tasfia/Desktop/OE25-DEV/projects_decomposed/joda-time/src/test/java/org/joda/time/TestPeriodType_OE25Dev.java
Wrote /home/tasfia/Desktop/OE25-DEV/projects_decomposed/joda-time/src/test/java/org/joda/time/TestMonthDay_Properties_OE25Dev.java
Wrote /home/tasfia/Desktop/OE25-DEV/projects_decomposed/joda-time/src/test/java/org/joda/time/TestPartial_Match_OE25Dev.java
Wrote /home/tasfia/Desktop/OE25-DEV/projects_decomposed/joda-time/src/test/java/org/joda/time/TestPeriod_Basics_OE25Dev.java
Wrote /home/tasfia/Desktop/OE25-DEV/projects_decomposed/joda-time/src/test/java/org/joda/time/TestYearMonth_Properties_OE25Dev.java
Wrote /home/tasfia/Desktop/OE25-DEV/projects_decomposed/joda-time/src/test/java/org/joda/time/TestDateMidnight_Basics_OE25Dev.java
Wrote /home/tasfia/Desktop/OE25-DEV/projects_decomposed/joda-time/src/test/java/org/joda/time/TestMinMaxLong_OE25Dev.java
Wrote /home/tasfia/Desktop/OE25-DEV/projects_decomposed/joda-time/src/test/java/org/joda/time/TestMonthDay_Constructors_OE25Dev.java
Wrote /home/tasfia/Desktop/OE25-DEV/projects_decomposed/joda-time/src/test/java/org/joda/time/TestSeconds_OE25Dev.java
Wrote /home/tasfia/Desktop/OE25-DEV/projects_decomposed/joda-time/src/test/java/org/joda/time/TestDateTime_Basics_OE25Dev.java
Wrote /home/tasfia/Desktop/OE25-DEV/projects_decomposed/joda-time/src/test/java/org/joda/time/TestDateTimeZone_OE25Dev.java
Wrote /home/tasfia/Desktop/OE25-DEV/projects_decomposed/joda-time/src/test/java/org/joda/time/TestMutableDateTime_Sets_OE25Dev.java
Wrote /home/tasfia/Desktop/OE25-DEV/projects_decomposed/joda-time/src/test/java/org/joda/time/TestYearMonthDay_Basics_OE25Dev.java
Wrote /home/tasfia/Desktop/OE25-DEV/projects_decomposed/joda-time/src/test/java/org/joda/time/TestMutableInterval_Basics_OE25Dev.java
Wrote /home/tasfia/Desktop/OE25-DEV/projects_decomposed/joda-time/src/test/java/org/joda/time/TestDateTimeConstants_OE25Dev.java
Wrote /home/tasfia/Desktop/OE25-DEV/projects_decomposed/joda-time/src/test/java/org/joda/time/TestMonths_OE25Dev.java
Wrote /home/tasfia/Desktop/OE25-DEV/projects_decomposed/joda-time/src/test/java/org/joda/time/TestSerialization_OE25Dev.java
Wrote /home/tasfia/Desktop/OE25-DEV/projects_decomposed/joda-time/src/test/java/org/joda/time/TestLocalDate_Constructors_OE25Dev.java
Wrote /home/tasfia/Desktop/OE25-DEV/projects_decomposed/joda-time/src/test/java/org/joda/time/TestMutableDateTime_Adds_OE25Dev.java
Wrote /home/tasfia/Desktop/OE25-DEV/projects_decomposed/joda-time/src/test/java/org/joda/time/TestMutablePeriod_Basics_OE25Dev.java
Wrote /home/tasfia/Desktop/OE25-DEV/projects_decomposed/joda-time/src/test/java/org/joda/time/TestLocalTime_Basics_OE25Dev.java
Wrote /home/tasfia/Desktop/OE25-DEV/projects_decomposed/joda-time/src/test/java/org/joda/time/TestDateTime_Properties_OE25Dev.java
Wrote /home/tasfia/Desktop/OE25-DEV/projects_decomposed/joda-time/src/test/java/org/joda/time/TestDays_OE25Dev.java
Wrote /home/tasfia/Desktop/OE25-DEV/projects_decomposed/joda-time/src/test/java/org/joda/time/TestMutableDateTime_Properties_OE25Dev.java
Wrote /home/tasfia/Desktop/OE25-DEV/projects_decomposed/joda-time/src/test/java/org/joda/time/TestDateTimeFieldType_OE25Dev.java
Wrote /home/tasfia/Desktop/OE25-DEV/projects_decomposed/joda-time/src/test/java/org/joda/time/TestBasePartial_OE25Dev.java
Wrote /home/tasfia/Desktop/OE25-DEV/projects_decomposed/joda-time/src/test/java/org/joda/time/TestYearMonthDay_Properties_OE25Dev.java
Wrote /home/tasfia/Desktop/OE25-DEV/projects_decomposed/joda-time/src/test/java/org/joda/time/TestPartial_Basics_OE25Dev.java
Wrote /home/tasfia/Desktop/OE25-DEV/projects_decomposed/joda-time/src/test/java/org/joda/time/TestTimeOfDay_Properties_OE25Dev.java
Wrote /home/tasfia/Desktop/OE25-DEV/projects_decomposed/joda-time/src/test/java/org/joda/time/TestInstant_Basics_OE25Dev.java
Wrote /home/tasfia/Desktop/OE25-DEV/projects_decomposed/joda-time/src/test/java/org/joda/time/TestBaseSingleFieldPeriod_OE25Dev.java
Wrote /home/tasfia/Desktop/OE25-DEV/projects_decomposed/joda-time/src/test/java/org/joda/time/TestInstant_Constructors_OE25Dev.java
Wrote /home/tasfia/Desktop/OE25-DEV/projects_decomposed/joda-time/src/test/java/org/joda/time/TestMutableInterval_Constructors_OE25Dev.java
Wrote /home/tasfia/Desktop/OE25-DEV/projects_decomposed/joda-time/src/test/java/org/joda/time/TestPartial_Properties_OE25Dev.java
Wrote /home/tasfia/Desktop/OE25-DEV/projects_decomposed/joda-time/src/test/java/org/joda/time/TestPartial_Constructors_OE25Dev.java
Wrote /home/tasfia/Desktop/OE25-DEV/projects_decomposed/joda-time/src/test/java/org/joda/time/TestYearMonth_Constructors_OE25Dev.java
Wrote /home/tasfia/Desktop/OE25-DEV/projects_decomposed/joda-time/src/test/java/org/joda/time/TestAbstractPartial_OE25Dev.java
Wrote /home/tasfia/Desktop/OE25-DEV/projects_decomposed/joda-time/src/test/java/org/joda/time/TestDurationFieldType_OE25Dev.java
Wrote /home/tasfia/Desktop/OE25-DEV/projects_decomposed/joda-time/src/test/java/org/joda/time/TestWeeks_OE25Dev.java
Wrote /home/tasfia/Desktop/OE25-DEV/projects_decomposed/joda-time/src/test/java/org/joda/time/TestDateTimeComparator_OE25Dev.java
Wrote /home/tasfia/Desktop/OE25-DEV/projects_decomposed/joda-time/src/test/java/org/joda/time/TestDuration_Constructors_OE25Dev.java
Wrote /home/tasfia/Desktop/OE25-DEV/projects_decomposed/joda-time/src/test/java/org/joda/time/TestYearMonthDay_Constructors_OE25Dev.java
Wrote /home/tasfia/Desktop/OE25-DEV/projects_decomposed/joda-time/src/test/java/org/joda/time/TestDateMidnight_Constructors_OE25Dev.java
Wrote /home/tasfia/Desktop/OE25-DEV/projects_decomposed/joda-time/src/test/java/org/joda/time/TestIllegalFieldValueException_OE25Dev.java
Wrote /home/tasfia/Desktop/OE25-DEV/projects_decomposed/joda-time/src/test/java/org/joda/time/TestTimeOfDay_Constructors_OE25Dev.java
Wrote /home/tasfia/Desktop/OE25-DEV/projects_decomposed/joda-time/src/test/java/org/joda/time/TestMinutes_OE25Dev.java
Wrote /home/tasfia/Desktop/OE25-DEV/projects_decomposed/joda-time/src/test/java/org/joda/time/TestLocalTime_Constructors_OE25Dev.java
Wrote /home/tasfia/Desktop/OE25-DEV/projects_decomposed/joda-time/src/test/java/org/joda/time/TestYears_OE25Dev.java
Wrote /home/tasfia/Desktop/OE25-DEV/projects_decomposed/joda-time/src/test/java/org/joda/time/TestTimeOfDay_Basics_OE25Dev.java
Wrote /home/tasfia/Desktop/OE25-DEV/projects_decomposed/joda-time/src/test/java/org/joda/time/TestPeriod_Constructors_OE25Dev.java
Wrote /home/tasfia/Desktop/OE25-DEV/projects_decomposed/joda-time/src/test/java/org/joda/time/TestMutablePeriod_Updates_OE25Dev.java
Wrote /home/tasfia/Desktop/OE25-DEV/projects_decomposed/joda-time/src/test/java/org/joda/time/TestHours_OE25Dev.java
Wrote /home/tasfia/Desktop/OE25-DEV/projects_decomposed/joda-time/src/test/java/org/joda/time/TestDateMidnight_Properties_OE25Dev.java
Wrote /home/tasfia/Desktop/OE25-DEV/projects_decomposed/joda-time/src/test/java/org/joda/time/TestLocalDate_Basics_OE25Dev.java
Wrote /home/tasfia/Desktop/OE25-DEV/projects_decomposed/joda-time/src/test/java/org/joda/time/TestDateTime_Constructors_OE25Dev.java
Wrote /home/tasfia/Desktop/OE25-DEV/projects_decomposed/joda-time/src/test/java/org/joda/time/TestDateTimeZoneCutover_OE25Dev.java
Wrote /home/tasfia/Desktop/OE25-DEV/projects_decomposed/joda-time/src/test/java/org/joda/time/TestLocalTime_Properties_OE25Dev.java
Wrote /home/tasfia/Desktop/OE25-DEV/projects_decomposed/joda-time/src/test/java/org/joda/time/TestInterval_Constructors_OE25Dev.java
Wrote /home/tasfia/Desktop/OE25-DEV/projects_decomposed/joda-time/src/test/java/org/joda/time/TestMutablePeriod_Constructors_OE25Dev.java
Wrote /home/tasfia/Desktop/OE25-DEV/projects_decomposed/joda-time/src/test/java/org/joda/time/TestDurationField_OE25Dev.java
Wrote /home/tasfia/Desktop/OE25-DEV/projects_decomposed/joda-time/src/test/java/org/joda/time/TestLocalDate_Properties_OE25Dev.java
Wrote /home/tasfia/Desktop/OE25-DEV/projects_decomposed/joda-time/src/test/java/org/joda/time/TestLocalDateTime_Properties_OE25Dev.java
Wrote /home/tasfia/Desktop/OE25-DEV/projects_decomposed/joda-time/src/test/java/org/joda/time/TestDuration_Basics_OE25Dev.java
Wrote /home/tasfia/Desktop/OE25-DEV/projects_decomposed/joda-time/src/test/java/org/joda/time/TestYearMonth_Basics_OE25Dev.java
Wrote /home/tasfia/Desktop/OE25-DEV/projects_decomposed/joda-time/src/test/java/org/joda/time/TestStringConvert_OE25Dev.java
Wrote /home/tasfia/Desktop/OE25-DEV/projects_decomposed/joda-time/src/test/java/org/joda/time/TestLocalDateTime_Constructors_OE25Dev.java
Wrote /home/tasfia/Desktop/OE25-DEV/projects_decomposed/joda-time/src/test/java/org/joda/time/TestMutableInterval_Updates_OE25Dev.java
Wrote /home/tasfia/Desktop/OE25-DEV/projects_decomposed/joda-time/src/test/java/org/joda/time/chrono/TestGJChronology_OE25Dev.java
Wrote /home/tasfia/Desktop/OE25-DEV/projects_decomposed/joda-time/src/test/java/org/joda/time/chrono/TestCopticChronology_OE25Dev.java
Wrote /home/tasfia/Desktop/OE25-DEV/projects_decomposed/joda-time/src/test/java/org/joda/time/chrono/TestISOChronology_OE25Dev.java
Wrote /home/tasfia/Desktop/OE25-DEV/projects_decomposed/joda-time/src/test/java/org/joda/time/chrono/TestEthiopicChronology_OE25Dev.java
Wrote /home/tasfia/Desktop/OE25-DEV/projects_decomposed/joda-time/src/test/java/org/joda/time/chrono/TestGJDate_OE25Dev.java
Wrote /home/tasfia/Desktop/OE25-DEV/projects_decomposed/joda-time/src/test/java/org/joda/time/chrono/TestIslamicChronology_OE25Dev.java
Wrote /home/tasfia/Desktop/OE25-DEV/projects_decomposed/joda-time/src/test/java/org/joda/time/chrono/TestGregorianChronology_OE25Dev.java
Wrote /home/tasfia/Desktop/OE25-DEV/projects_decomposed/joda-time/src/test/java/org/joda/time/chrono/TestLenientChronology_OE25Dev.java
Wrote /home/tasfia/Desktop/OE25-DEV/projects_decomposed/joda-time/src/test/java/org/joda/time/chrono/TestBuddhistChronology_OE25Dev.java
Wrote /home/tasfia/Desktop/OE25-DEV/projects_decomposed/joda-time/src/test/java/org/joda/time/chrono/TestJulianChronology_OE25Dev.java
Wrote /home/tasfia/Desktop/OE25-DEV/projects_decomposed/joda-time/src/test/java/org/joda/time/convert/TestNullConverter_OE25Dev.java
Wrote /home/tasfia/Desktop/OE25-DEV/projects_decomposed/joda-time/src/test/java/org/joda/time/convert/TestReadableIntervalConverter_OE25Dev.java
Wrote /home/tasfia/Desktop/OE25-DEV/projects_decomposed/joda-time/src/test/java/org/joda/time/convert/TestReadableDurationConverter_OE25Dev.java
Wrote /home/tasfia/Desktop/OE25-DEV/projects_decomposed/joda-time/src/test/java/org/joda/time/convert/TestStringConverter_OE25Dev.java
Wrote /home/tasfia/Desktop/OE25-DEV/projects_decomposed/joda-time/src/test/java/org/joda/time/convert/TestReadablePeriodConverter_OE25Dev.java
Wrote /home/tasfia/Desktop/OE25-DEV/projects_decomposed/joda-time/src/test/java/org/joda/time/convert/TestReadableInstantConverter_OE25Dev.java
Wrote /home/tasfia/Desktop/OE25-DEV/projects_decomposed/joda-time/src/test/java/org/joda/time/convert/TestReadablePartialConverter_OE25Dev.java
Wrote /home/tasfia/Desktop/OE25-DEV/projects_decomposed/joda-time/src/test/java/org/joda/time/convert/TestConverterManager_OE25Dev.java
Wrote /home/tasfia/Desktop/OE25-DEV/projects_decomposed/joda-time/src/test/java/org/joda/time/convert/TestDateConverter_OE25Dev.java
Wrote /home/tasfia/Desktop/OE25-DEV/projects_decomposed/joda-time/src/test/java/org/joda/time/convert/TestConverterSet_OE25Dev.java
Wrote /home/tasfia/Desktop/OE25-DEV/projects_decomposed/joda-time/src/test/java/org/joda/time/convert/TestCalendarConverter_OE25Dev.java
Wrote /home/tasfia/Desktop/OE25-DEV/projects_decomposed/joda-time/src/test/java/org/joda/time/convert/TestLongConverter_OE25Dev.java
Wrote /home/tasfia/Desktop/OE25-DEV/projects_decomposed/joda-time/src/test/java/org/joda/time/format/TestISODateTimeFormat_OE25Dev.java
Wrote /home/tasfia/Desktop/OE25-DEV/projects_decomposed/joda-time/src/test/java/org/joda/time/format/TestDateTimeFormat_OE25Dev.java
Wrote /home/tasfia/Desktop/OE25-DEV/projects_decomposed/joda-time/src/test/java/org/joda/time/format/TestPeriodFormatParsing_OE25Dev.java
Wrote /home/tasfia/Desktop/OE25-DEV/projects_decomposed/joda-time/src/test/java/org/joda/time/format/TestPeriodFormat_OE25Dev.java
Wrote /home/tasfia/Desktop/OE25-DEV/projects_decomposed/joda-time/src/test/java/org/joda/time/format/TestPeriodFormatter_OE25Dev.java
Wrote /home/tasfia/Desktop/OE25-DEV/projects_decomposed/joda-time/src/test/java/org/joda/time/format/TestISODateTimeFormatParsing_OE25Dev.java
Wrote /home/tasfia/Desktop/OE25-DEV/projects_decomposed/joda-time/src/test/java/org/joda/time/format/TestDateTimeFormatterBuilder_OE25Dev.java
Wrote /home/tasfia/Desktop/OE25-DEV/projects_decomposed/joda-time/src/test/java/org/joda/time/format/TestDateTimeFormatter_OE25Dev.java
Wrote /home/tasfia/Desktop/OE25-DEV/projects_decomposed/joda-time/src/test/java/org/joda/time/format/TestISOPeriodFormat_OE25Dev.java
Wrote /home/tasfia/Desktop/OE25-DEV/projects_decomposed/joda-time/src/test/java/org/joda/time/format/TestTextFields_OE25Dev.java
Wrote /home/tasfia/Desktop/OE25-DEV/projects_decomposed/joda-time/src/test/java/org/joda/time/format/TestPeriodFormatterBuilder_OE25Dev.java
Wrote /home/tasfia/Desktop/OE25-DEV/projects_decomposed/joda-time/src/test/java/org/joda/time/format/TestISODateTimeFormat_Fields_OE25Dev.java
Wrote /home/tasfia/Desktop/OE25-DEV/projects_decomposed/joda-time/src/test/java/org/joda/time/format/TestDateTimeFormatStyle_OE25Dev.java
Wrote /home/tasfia/Desktop/OE25-DEV/projects_decomposed/joda-time/src/test/java/org/joda/time/format/TestISOPeriodFormatParsing_OE25Dev.java
Wrote /home/tasfia/Desktop/OE25-DEV/projects_decomposed/joda-time/src/test/java/org/joda/time/format/TestDateTimeParserBucket_OE25Dev.java
Wrote /home/tasfia/Desktop/OE25-DEV/projects_decomposed/joda-time/src/test/java/org/joda/time/field/TestPreciseDurationField_OE25Dev.java
Wrote /home/tasfia/Desktop/OE25-DEV/projects_decomposed/joda-time/src/test/java/org/joda/time/field/TestMillisDurationField_OE25Dev.java
Wrote /home/tasfia/Desktop/OE25-DEV/projects_decomposed/joda-time/src/test/java/org/joda/time/field/TestBaseDateTimeField_OE25Dev.java
Wrote /home/tasfia/Desktop/OE25-DEV/projects_decomposed/joda-time/src/test/java/org/joda/time/field/TestOffsetDateTimeField_OE25Dev.java
Wrote /home/tasfia/Desktop/OE25-DEV/projects_decomposed/joda-time/src/test/java/org/joda/time/field/TestFieldUtils_OE25Dev.java
Wrote /home/tasfia/Desktop/OE25-DEV/projects_decomposed/joda-time/src/test/java/org/joda/time/field/TestUnsupportedDateTimeField_OE25Dev.java
Wrote /home/tasfia/Desktop/OE25-DEV/projects_decomposed/joda-time/src/test/java/org/joda/time/field/TestPreciseDurationDateTimeField_OE25Dev.java
Wrote /home/tasfia/Desktop/OE25-DEV/projects_decomposed/joda-time/src/test/java/org/joda/time/field/TestScaledDurationField_OE25Dev.java
Wrote /home/tasfia/Desktop/OE25-DEV/projects_decomposed/joda-time/src/test/java/org/joda/time/field/TestPreciseDateTimeField_OE25Dev.java
Wrote /home/tasfia/Desktop/OE25-DEV/projects_decomposed/joda-time/src/test/java/org/joda/time/tz/TestZoneInfoCompiler_OE25Dev.java
Wrote /home/tasfia/Desktop/OE25-DEV/projects_decomposed/joda-time/src/test/java/org/joda/time/tz/TestCachedDateTimeZone_OE25Dev.java
Wrote /home/tasfia/Desktop/OE25-DEV/projects_decomposed/joda-time/src/test/java/org/joda/time/tz/TestFixedDateTimeZone_OE25Dev.java
Wrote /home/tasfia/Desktop/OE25-DEV/projects_decomposed/joda-time/src/test/java/org/joda/time/tz/TestUTCProvider_OE25Dev.java
Wrote /home/tasfia/Desktop/OE25-DEV/projects_decomposed/joda-time/src/test/java/org/joda/time/tz/TestBuilder_OE25Dev.java
Wrote /home/tasfia/Desktop/OE25-DEV/projects_decomposed/joda-time/src/test/java/org/joda/time/tz/TestCompiler_OE25Dev.java
Processing jsoup
Wrote /home/tasfia/Desktop/OE25-DEV/projects_decomposed/jsoup/src/test/java/org/jsoup/select/TraversorTest_OE25Dev.java
Wrote /home/tasfia/Desktop/OE25-DEV/projects_decomposed/jsoup/src/test/java/org/jsoup/select/SelectorTest_OE25Dev.java
Wrote /home/tasfia/Desktop/OE25-DEV/projects_decomposed/jsoup/src/test/java/org/jsoup/select/CssTest_OE25Dev.java
Wrote /home/tasfia/Desktop/OE25-DEV/projects_decomposed/jsoup/src/test/java/org/jsoup/select/ElementsTest_OE25Dev.java
Wrote /home/tasfia/Desktop/OE25-DEV/projects_decomposed/jsoup/src/test/java/org/jsoup/select/QueryParserTest_OE25Dev.java
Wrote /home/tasfia/Desktop/OE25-DEV/projects_decomposed/jsoup/src/test/java/org/jsoup/select/XpathTest_OE25Dev.java
Wrote /home/tasfia/Desktop/OE25-DEV/projects_decomposed/jsoup/src/test/java/org/jsoup/parser/AttributeParseTest_OE25Dev.java
Wrote /home/tasfia/Desktop/OE25-DEV/projects_decomposed/jsoup/src/test/java/org/jsoup/parser/ParserIT_OE25Dev.java
Wrote /home/tasfia/Desktop/OE25-DEV/projects_decomposed/jsoup/src/test/java/org/jsoup/parser/CharacterReaderTest_OE25Dev.java
Wrote /home/tasfia/Desktop/OE25-DEV/projects_decomposed/jsoup/src/test/java/org/jsoup/parser/HtmlTreeBuilderStateTest_OE25Dev.java
Wrote /home/tasfia/Desktop/OE25-DEV/projects_decomposed/jsoup/src/test/java/org/jsoup/parser/TokeniserStateTest_OE25Dev.java
Wrote /home/tasfia/Desktop/OE25-DEV/projects_decomposed/jsoup/src/test/java/org/jsoup/parser/HtmlParserTest_OE25Dev.java
Wrote /home/tasfia/Desktop/OE25-DEV/projects_decomposed/jsoup/src/test/java/org/jsoup/parser/ParserTest_OE25Dev.java
Wrote /home/tasfia/Desktop/OE25-DEV/projects_decomposed/jsoup/src/test/java/org/jsoup/parser/TokenQueueTest_OE25Dev.java
Wrote /home/tasfia/Desktop/OE25-DEV/projects_decomposed/jsoup/src/test/java/org/jsoup/parser/TagTest_OE25Dev.java
Wrote /home/tasfia/Desktop/OE25-DEV/projects_decomposed/jsoup/src/test/java/org/jsoup/parser/XmlTreeBuilderTest_OE25Dev.java
Wrote /home/tasfia/Desktop/OE25-DEV/projects_decomposed/jsoup/src/test/java/org/jsoup/parser/HtmlTreeBuilderTest_OE25Dev.java
Wrote /home/tasfia/Desktop/OE25-DEV/projects_decomposed/jsoup/src/test/java/org/jsoup/parser/TokeniserTest_OE25Dev.java
Wrote /home/tasfia/Desktop/OE25-DEV/projects_decomposed/jsoup/src/test/java/org/jsoup/safety/SafelistTest_OE25Dev.java
Wrote /home/tasfia/Desktop/OE25-DEV/projects_decomposed/jsoup/src/test/java/org/jsoup/safety/CleanerTest_OE25Dev.java
Wrote /home/tasfia/Desktop/OE25-DEV/projects_decomposed/jsoup/src/test/java/org/jsoup/internal/StringUtilTest_OE25Dev.java
Wrote /home/tasfia/Desktop/OE25-DEV/projects_decomposed/jsoup/src/test/java/org/jsoup/nodes/DocumentTypeTest_OE25Dev.java
Wrote /home/tasfia/Desktop/OE25-DEV/projects_decomposed/jsoup/src/test/java/org/jsoup/nodes/FormElementTest_OE25Dev.java
Wrote /home/tasfia/Desktop/OE25-DEV/projects_decomposed/jsoup/src/test/java/org/jsoup/nodes/AttributesTest_OE25Dev.java
Wrote /home/tasfia/Desktop/OE25-DEV/projects_decomposed/jsoup/src/test/java/org/jsoup/nodes/NodeTest_OE25Dev.java
Wrote /home/tasfia/Desktop/OE25-DEV/projects_decomposed/jsoup/src/test/java/org/jsoup/nodes/CommentTest_OE25Dev.java
Wrote /home/tasfia/Desktop/OE25-DEV/projects_decomposed/jsoup/src/test/java/org/jsoup/nodes/ElementTest_OE25Dev.java
Wrote /home/tasfia/Desktop/OE25-DEV/projects_decomposed/jsoup/src/test/java/org/jsoup/nodes/ElementIT_OE25Dev.java
Wrote /home/tasfia/Desktop/OE25-DEV/projects_decomposed/jsoup/src/test/java/org/jsoup/nodes/DocumentTest_OE25Dev.java
Wrote /home/tasfia/Desktop/OE25-DEV/projects_decomposed/jsoup/src/test/java/org/jsoup/nodes/TextNodeTest_OE25Dev.java
Wrote /home/tasfia/Desktop/OE25-DEV/projects_decomposed/jsoup/src/test/java/org/jsoup/nodes/PositionTest_OE25Dev.java
Wrote /home/tasfia/Desktop/OE25-DEV/projects_decomposed/jsoup/src/test/java/org/jsoup/nodes/AttributeTest_OE25Dev.java
Wrote /home/tasfia/Desktop/OE25-DEV/projects_decomposed/jsoup/src/test/java/org/jsoup/nodes/LeafNodeTest_OE25Dev.java
Wrote /home/tasfia/Desktop/OE25-DEV/projects_decomposed/jsoup/src/test/java/org/jsoup/nodes/EntitiesTest_OE25Dev.java
Wrote /home/tasfia/Desktop/OE25-DEV/projects_decomposed/jsoup/src/test/java/org/jsoup/integration/UrlConnectTest_OE25Dev.java
Wrote /home/tasfia/Desktop/OE25-DEV/projects_decomposed/jsoup/src/test/java/org/jsoup/integration/ConnectTest_OE25Dev.java
Wrote /home/tasfia/Desktop/OE25-DEV/projects_decomposed/jsoup/src/test/java/org/jsoup/integration/SessionIT_OE25Dev.java
Wrote /home/tasfia/Desktop/OE25-DEV/projects_decomposed/jsoup/src/test/java/org/jsoup/integration/SafelistExtensionTest_OE25Dev.java
Wrote /home/tasfia/Desktop/OE25-DEV/projects_decomposed/jsoup/src/test/java/org/jsoup/integration/SessionTest_OE25Dev.java
Wrote /home/tasfia/Desktop/OE25-DEV/projects_decomposed/jsoup/src/test/java/org/jsoup/integration/ParseTest_OE25Dev.java
Wrote /home/tasfia/Desktop/OE25-DEV/projects_decomposed/jsoup/src/test/java/org/jsoup/integration/ConnectIT_OE25Dev.java
Wrote /home/tasfia/Desktop/OE25-DEV/projects_decomposed/jsoup/src/test/java/org/jsoup/integration/FuzzFixesTest_OE25Dev.java
Wrote /home/tasfia/Desktop/OE25-DEV/projects_decomposed/jsoup/src/test/java/org/jsoup/integration/FuzzFixesIT_OE25Dev.java
Wrote /home/tasfia/Desktop/OE25-DEV/projects_decomposed/jsoup/src/test/java/org/jsoup/helper/DataUtilTest_OE25Dev.java
Wrote /home/tasfia/Desktop/OE25-DEV/projects_decomposed/jsoup/src/test/java/org/jsoup/helper/HttpConnectionTest_OE25Dev.java
Wrote /home/tasfia/Desktop/OE25-DEV/projects_decomposed/jsoup/src/test/java/org/jsoup/helper/W3CDomTest_OE25Dev.java
Wrote /home/tasfia/Desktop/OE25-DEV/projects_decomposed/jsoup/src/test/java/org/jsoup/helper/ValidateTest_OE25Dev.java
Processing scribejava
Wrote /home/tasfia/Desktop/OE25-DEV/projects_decomposed/scribejava/scribejava-httpclient-ning/src/test/java/com/github/scribejava/httpclient/ning/OAuthAsyncCompletionHandlerTest_OE25Dev.java
Wrote /home/tasfia/Desktop/OE25-DEV/projects_decomposed/scribejava/scribejava-core/src/test/java/com/github/scribejava/core/AbstractClientTest_OE25Dev.java
Wrote /home/tasfia/Desktop/OE25-DEV/projects_decomposed/scribejava/scribejava-core/src/test/java/com/github/scribejava/core/utils/OAuthEncoderTest_OE25Dev.java
Wrote /home/tasfia/Desktop/OE25-DEV/projects_decomposed/scribejava/scribejava-core/src/test/java/com/github/scribejava/core/utils/StreamUtilsTest_OE25Dev.java
Wrote /home/tasfia/Desktop/OE25-DEV/projects_decomposed/scribejava/scribejava-core/src/test/java/com/github/scribejava/core/pkce/PKCECodeChallengeMethodTest_OE25Dev.java
Wrote /home/tasfia/Desktop/OE25-DEV/projects_decomposed/scribejava/scribejava-core/src/test/java/com/github/scribejava/core/extractors/BaseStringExtractorTest_OE25Dev.java
Wrote /home/tasfia/Desktop/OE25-DEV/projects_decomposed/scribejava/scribejava-core/src/test/java/com/github/scribejava/core/extractors/HeaderExtractorTest_OE25Dev.java
Wrote /home/tasfia/Desktop/OE25-DEV/projects_decomposed/scribejava/scribejava-core/src/test/java/com/github/scribejava/core/httpclient/multipart/MultipartUtilsTest_OE25Dev.java
Wrote /home/tasfia/Desktop/OE25-DEV/projects_decomposed/scribejava/scribejava-core/src/test/java/com/github/scribejava/core/oauth/OAuth20ServiceTest_OE25Dev.java
Wrote /home/tasfia/Desktop/OE25-DEV/projects_decomposed/scribejava/scribejava-core/src/test/java/com/github/scribejava/core/model/RequestTest_OE25Dev.java
Wrote /home/tasfia/Desktop/OE25-DEV/projects_decomposed/scribejava/scribejava-core/src/test/java/com/github/scribejava/core/model/OAuthRequestTest_OE25Dev.java
Wrote /home/tasfia/Desktop/OE25-DEV/projects_decomposed/scribejava/scribejava-core/src/test/java/com/github/scribejava/core/model/ParameterListTest_OE25Dev.java
Wrote /home/tasfia/Desktop/OE25-DEV/projects_decomposed/scribejava/scribejava-core/src/test/java/com/github/scribejava/core/model/TokenTest_OE25Dev.java
Wrote /home/tasfia/Desktop/OE25-DEV/projects_decomposed/scribejava/scribejava-core/src/test/java/com/github/scribejava/core/base64/Base64Test_OE25Dev.java
Wrote /home/tasfia/Desktop/OE25-DEV/projects_decomposed/scribejava/scribejava-core/src/test/java/com/github/scribejava/core/services/TimestampServiceTest_OE25Dev.java
Wrote /home/tasfia/Desktop/OE25-DEV/projects_decomposed/scribejava/scribejava-core/src/test/java/com/github/scribejava/core/services/HMACSha1SignatureServiceTest_OE25Dev.java
Wrote /home/tasfia/Desktop/OE25-DEV/projects_decomposed/scribejava/scribejava-core/src/test/java/com/github/scribejava/core/services/RSASha1SignatureServiceTest_OE25Dev.java
Wrote /home/tasfia/Desktop/OE25-DEV/projects_decomposed/scribejava/scribejava-httpclient-okhttp/src/test/java/com/github/scribejava/httpclient/okhttp/OAuthAsyncCompletionHandlerTest_OE25Dev.java
Wrote /home/tasfia/Desktop/OE25-DEV/projects_decomposed/scribejava/scribejava-httpclient-apache/src/test/java/com/github/scribejava/httpclient/apache/OAuthAsyncCompletionHandlerTest_OE25Dev.java
Wrote /home/tasfia/Desktop/OE25-DEV/projects_decomposed/scribejava/scribejava-apis/src/test/java/com/github/scribejava/apis/odnoklassniki/OdnoklassnikiServiceTest_OE25Dev.java
Wrote /home/tasfia/Desktop/OE25-DEV/projects_decomposed/scribejava/scribejava-apis/src/test/java/com/github/scribejava/apis/fitbit/FitBitJsonTokenExtractorTest_OE25Dev.java
Wrote /home/tasfia/Desktop/OE25-DEV/projects_decomposed/scribejava/scribejava-core/src/test/java/com/github/scribejava/core/extractors/OAuth2AccessTokenExtractorTest_OE25Dev.java
Wrote /home/tasfia/Desktop/OE25-DEV/projects_decomposed/scribejava/scribejava-core/src/test/java/com/github/scribejava/core/extractors/OAuth1AccessTokenExtractorTest_OE25Dev.java
Wrote /home/tasfia/Desktop/OE25-DEV/projects_decomposed/scribejava/scribejava-core/src/test/java/com/github/scribejava/core/extractors/OAuth2AccessTokenJsonExtractorTest_OE25Dev.java
Processing spark
Wrote /home/tasfia/Desktop/OE25-DEV/projects_decomposed/spark/src/test/java/spark/RouteImplTest_OE25Dev.java
Wrote /home/tasfia/Desktop/OE25-DEV/projects_decomposed/spark/src/test/java/spark/GenericIntegrationTest_OE25Dev.java
Wrote /home/tasfia/Desktop/OE25-DEV/projects_decomposed/spark/src/test/java/spark/FilterTest_OE25Dev.java
Wrote /home/tasfia/Desktop/OE25-DEV/projects_decomposed/spark/src/test/java/spark/StaticFilesMemberTest_OE25Dev.java
Wrote /home/tasfia/Desktop/OE25-DEV/projects_decomposed/spark/src/test/java/spark/RedirectTest_OE25Dev.java
Wrote /home/tasfia/Desktop/OE25-DEV/projects_decomposed/spark/src/test/java/spark/ServiceTest_OE25Dev.java
Wrote /home/tasfia/Desktop/OE25-DEV/projects_decomposed/spark/src/test/java/spark/ExceptionMapperTest_OE25Dev.java
Wrote /home/tasfia/Desktop/OE25-DEV/projects_decomposed/spark/src/test/java/spark/BooksIntegrationTest_OE25Dev.java
Wrote /home/tasfia/Desktop/OE25-DEV/projects_decomposed/spark/src/test/java/spark/UnmapTest_OE25Dev.java
Wrote /home/tasfia/Desktop/OE25-DEV/projects_decomposed/spark/src/test/java/spark/InitExceptionHandlerTest_OE25Dev.java
Wrote /home/tasfia/Desktop/OE25-DEV/projects_decomposed/spark/src/test/java/spark/BodyAvailabilityTest_OE25Dev.java
Wrote /home/tasfia/Desktop/OE25-DEV/projects_decomposed/spark/src/test/java/spark/ServicePortIntegrationTest_OE25Dev.java
Wrote /home/tasfia/Desktop/OE25-DEV/projects_decomposed/spark/src/test/java/spark/ResponseWrapperDelegationTest_OE25Dev.java
Wrote /home/tasfia/Desktop/OE25-DEV/projects_decomposed/spark/src/test/java/spark/GzipTest_OE25Dev.java
Wrote /home/tasfia/Desktop/OE25-DEV/projects_decomposed/spark/src/test/java/spark/MultipleServicesTest_OE25Dev.java
Wrote /home/tasfia/Desktop/OE25-DEV/projects_decomposed/spark/src/test/java/spark/Base64Test_OE25Dev.java
Wrote /home/tasfia/Desktop/OE25-DEV/projects_decomposed/spark/src/test/java/spark/QueryParamsMapTest_OE25Dev.java
Wrote /home/tasfia/Desktop/OE25-DEV/projects_decomposed/spark/src/test/java/spark/staticfiles/StaticFilesTest_OE25Dev.java
Wrote /home/tasfia/Desktop/OE25-DEV/projects_decomposed/spark/src/test/java/spark/route/HttpMethodTest_OE25Dev.java
Wrote /home/tasfia/Desktop/OE25-DEV/projects_decomposed/spark/src/test/java/spark/utils/ObjectUtilsTest_OE25Dev.java
Wrote /home/tasfia/Desktop/OE25-DEV/projects_decomposed/spark/src/test/java/spark/utils/SparkUtilsTest_OE25Dev.java
Wrote /home/tasfia/Desktop/OE25-DEV/projects_decomposed/spark/src/test/java/spark/utils/CollectionUtilsTest_OE25Dev.java
Wrote /home/tasfia/Desktop/OE25-DEV/projects_decomposed/spark/src/test/java/spark/serialization/InputStreamSerializerTest_OE25Dev.java
Wrote /home/tasfia/Desktop/OE25-DEV/projects_decomposed/spark/src/test/java/spark/resource/UriPathTest_OE25Dev.java
Wrote /home/tasfia/Desktop/OE25-DEV/projects_decomposed/spark/src/test/java/spark/customerrorpages/CustomErrorPagesTest_OE25Dev.java
Wrote /home/tasfia/Desktop/OE25-DEV/projects_decomposed/spark/src/test/java/spark/servlet/ServletTest_OE25Dev.java
Wrote /home/tasfia/Desktop/OE25-DEV/projects_decomposed/spark/src/test/java/spark/embeddedserver/EmbeddedServersTest_OE25Dev.java
Wrote /home/tasfia/Desktop/OE25-DEV/projects_decomposed/spark/src/test/java/spark/embeddedserver/jetty/SocketConnectorFactoryTest_OE25Dev.java
Wrote /home/tasfia/Desktop/OE25-DEV/projects_decomposed/spark/src/test/java/spark/embeddedserver/jetty/JettyServerTest_OE25Dev.java
Wrote /home/tasfia/Desktop/OE25-DEV/projects_decomposed/spark/src/test/java/spark/embeddedserver/jetty/websocket/WebSocketCreatorFactoryTest_OE25Dev.java
Wrote /home/tasfia/Desktop/OE25-DEV/projects_decomposed/spark/src/test/java/spark/util/ResourceUtilsTest_OE25Dev.java
Processing springside4
Wrote /home/tasfia/Desktop/OE25-DEV/projects_decomposed/springside4/modules/utils/src/test/java/org/springside/modules/utils/misc/SamplerTest_OE25Dev.java
Wrote /home/tasfia/Desktop/OE25-DEV/projects_decomposed/springside4/modules/utils/src/test/java/org/springside/modules/utils/concurrent/BasicFutureTest_OE25Dev.java
Wrote /home/tasfia/Desktop/OE25-DEV/projects_decomposed/springside4/modules/utils/src/test/java/org/springside/modules/utils/concurrent/ThreadDumpperTest_OE25Dev.java
Wrote /home/tasfia/Desktop/OE25-DEV/projects_decomposed/springside4/modules/utils/src/test/java/org/springside/modules/utils/concurrent/ConcurrentToolsTest_OE25Dev.java
Wrote /home/tasfia/Desktop/OE25-DEV/projects_decomposed/springside4/modules/utils/src/test/java/org/springside/modules/utils/concurrent/threadpool/ThreadPoolUtilTest_OE25Dev.java
Wrote /home/tasfia/Desktop/OE25-DEV/projects_decomposed/springside4/modules/utils/src/test/java/org/springside/modules/utils/concurrent/threadpool/ThreadPoolBuilderTest_OE25Dev.java
Wrote /home/tasfia/Desktop/OE25-DEV/projects_decomposed/springside4/modules/utils/src/test/java/org/springside/modules/utils/io/FileUtilTest_OE25Dev.java
Wrote /home/tasfia/Desktop/OE25-DEV/projects_decomposed/springside4/modules/utils/src/test/java/org/springside/modules/utils/io/URLResourceTest_OE25Dev.java
Wrote /home/tasfia/Desktop/OE25-DEV/projects_decomposed/springside4/modules/utils/src/test/java/org/springside/modules/utils/io/FilePathUtilTest_OE25Dev.java
Wrote /home/tasfia/Desktop/OE25-DEV/projects_decomposed/springside4/modules/utils/src/test/java/org/springside/modules/utils/io/FileTreeWalkerTest_OE25Dev.java
Wrote /home/tasfia/Desktop/OE25-DEV/projects_decomposed/springside4/modules/utils/src/test/java/org/springside/modules/utils/io/ResourceUtilTest_OE25Dev.java
Wrote /home/tasfia/Desktop/OE25-DEV/projects_decomposed/springside4/modules/utils/src/test/java/org/springside/modules/utils/io/IOUtilTest_OE25Dev.java
Wrote /home/tasfia/Desktop/OE25-DEV/projects_decomposed/springside4/modules/utils/src/test/java/org/springside/modules/utils/collection/ListUtilTest_OE25Dev.java
Wrote /home/tasfia/Desktop/OE25-DEV/projects_decomposed/springside4/modules/utils/src/test/java/org/springside/modules/utils/collection/MapUtilTest_OE25Dev.java
Wrote /home/tasfia/Desktop/OE25-DEV/projects_decomposed/springside4/modules/utils/src/test/java/org/springside/modules/utils/collection/QueueUtilTest_OE25Dev.java
Wrote /home/tasfia/Desktop/OE25-DEV/projects_decomposed/springside4/modules/utils/src/test/java/org/springside/modules/utils/collection/ArrayUtilTest_OE25Dev.java
Wrote /home/tasfia/Desktop/OE25-DEV/projects_decomposed/springside4/modules/utils/src/test/java/org/springside/modules/utils/collection/CollectionUtilTest_OE25Dev.java
Wrote /home/tasfia/Desktop/OE25-DEV/projects_decomposed/springside4/modules/utils/src/test/java/org/springside/modules/utils/collection/SetUtilTest_OE25Dev.java
Wrote /home/tasfia/Desktop/OE25-DEV/projects_decomposed/springside4/modules/utils/src/test/java/org/springside/modules/utils/collection/type/ConcurrentHashSetTest_OE25Dev.java
Wrote /home/tasfia/Desktop/OE25-DEV/projects_decomposed/springside4/modules/utils/src/test/java/org/springside/modules/utils/collection/type/SortedArrayListTest_OE25Dev.java
Wrote /home/tasfia/Desktop/OE25-DEV/projects_decomposed/springside4/modules/utils/src/test/java/org/springside/modules/utils/collection/type/PairTest_OE25Dev.java
Wrote /home/tasfia/Desktop/OE25-DEV/projects_decomposed/springside4/modules/utils/src/test/java/org/springside/modules/utils/text/CsvUtilTest_OE25Dev.java
Wrote /home/tasfia/Desktop/OE25-DEV/projects_decomposed/springside4/modules/utils/src/test/java/org/springside/modules/utils/text/EncodeUtilTest_OE25Dev.java
Wrote /home/tasfia/Desktop/OE25-DEV/projects_decomposed/springside4/modules/utils/src/test/java/org/springside/modules/utils/text/EscapeUtilTest_OE25Dev.java
Wrote /home/tasfia/Desktop/OE25-DEV/projects_decomposed/springside4/modules/utils/src/test/java/org/springside/modules/utils/text/HashUtilTest_OE25Dev.java
Wrote /home/tasfia/Desktop/OE25-DEV/projects_decomposed/springside4/modules/utils/src/test/java/org/springside/modules/utils/text/MoreStringUtilTest_OE25Dev.java
Wrote /home/tasfia/Desktop/OE25-DEV/projects_decomposed/springside4/modules/utils/src/test/java/org/springside/modules/utils/text/WildcardMatcherTest_OE25Dev.java
Wrote /home/tasfia/Desktop/OE25-DEV/projects_decomposed/springside4/modules/utils/src/test/java/org/springside/modules/utils/text/TextValidatorTest_OE25Dev.java
Wrote /home/tasfia/Desktop/OE25-DEV/projects_decomposed/springside4/modules/utils/src/test/java/org/springside/modules/utils/net/NetUtilTest_OE25Dev.java
Wrote /home/tasfia/Desktop/OE25-DEV/projects_decomposed/springside4/modules/utils/src/test/java/org/springside/modules/utils/net/IPUtilTest_OE25Dev.java
Wrote /home/tasfia/Desktop/OE25-DEV/projects_decomposed/springside4/modules/utils/src/test/java/org/springside/modules/utils/mapper/XmlMapperTest_OE25Dev.java
Wrote /home/tasfia/Desktop/OE25-DEV/projects_decomposed/springside4/modules/utils/src/test/java/org/springside/modules/utils/mapper/JsonMapperTest_OE25Dev.java
Wrote /home/tasfia/Desktop/OE25-DEV/projects_decomposed/springside4/modules/utils/src/test/java/org/springside/modules/utils/base/EnumUtilTest_OE25Dev.java
Wrote /home/tasfia/Desktop/OE25-DEV/projects_decomposed/springside4/modules/utils/src/test/java/org/springside/modules/utils/base/ExceptionUtilTest_OE25Dev.java
Wrote /home/tasfia/Desktop/OE25-DEV/projects_decomposed/springside4/modules/utils/src/test/java/org/springside/modules/utils/base/BeanUtilTest_OE25Dev.java
Wrote /home/tasfia/Desktop/OE25-DEV/projects_decomposed/springside4/modules/utils/src/test/java/org/springside/modules/utils/base/MoreValidateTest_OE25Dev.java
Wrote /home/tasfia/Desktop/OE25-DEV/projects_decomposed/springside4/modules/utils/src/test/java/org/springside/modules/utils/base/PropertiesUtilTest_OE25Dev.java
Wrote /home/tasfia/Desktop/OE25-DEV/projects_decomposed/springside4/modules/utils/src/test/java/org/springside/modules/utils/base/SystemPropertiesUtilTest_OE25Dev.java
Wrote /home/tasfia/Desktop/OE25-DEV/projects_decomposed/springside4/modules/utils/src/test/java/org/springside/modules/utils/base/ObjectUtilTest_OE25Dev.java
Wrote /home/tasfia/Desktop/OE25-DEV/projects_decomposed/springside4/modules/utils/src/test/java/org/springside/modules/utils/base/PlatformsTest_OE25Dev.java
Wrote /home/tasfia/Desktop/OE25-DEV/projects_decomposed/springside4/modules/utils/src/test/java/org/springside/modules/utils/security/CryptoUtilTest_OE25Dev.java
Wrote /home/tasfia/Desktop/OE25-DEV/projects_decomposed/springside4/modules/utils/src/test/java/org/springside/modules/utils/time/DateUtilTest_OE25Dev.java
Wrote /home/tasfia/Desktop/OE25-DEV/projects_decomposed/springside4/modules/utils/src/test/java/org/springside/modules/utils/time/ClockUtilTest_OE25Dev.java
Wrote /home/tasfia/Desktop/OE25-DEV/projects_decomposed/springside4/modules/utils/src/test/java/org/springside/modules/utils/time/CachingDatFormatterTest_OE25Dev.java
Wrote /home/tasfia/Desktop/OE25-DEV/projects_decomposed/springside4/modules/utils/src/test/java/org/springside/modules/utils/time/DateFormatUtilTest_OE25Dev.java
Wrote /home/tasfia/Desktop/OE25-DEV/projects_decomposed/springside4/modules/utils/src/test/java/org/springside/modules/utils/number/NumberUtilTest_OE25Dev.java
Wrote /home/tasfia/Desktop/OE25-DEV/projects_decomposed/springside4/modules/utils/src/test/java/org/springside/modules/utils/number/UnitConverterTest_OE25Dev.java
Wrote /home/tasfia/Desktop/OE25-DEV/projects_decomposed/springside4/modules/utils/src/test/java/org/springside/modules/utils/number/RandomUtilTest_OE25Dev.java
Wrote /home/tasfia/Desktop/OE25-DEV/projects_decomposed/springside4/modules/utils/src/test/java/org/springside/modules/utils/number/MathUtilTest_OE25Dev.java
Wrote /home/tasfia/Desktop/OE25-DEV/projects_decomposed/springside4/modules/utils/src/test/java/org/springside/modules/utils/reflect/ClassUtilTest_OE25Dev.java
Wrote /home/tasfia/Desktop/OE25-DEV/projects_decomposed/springside4/modules/utils/src/test/java/org/springside/modules/test/log/LogbackListAppenderTest_OE25Dev.java
Wrote /home/tasfia/Desktop/OE25-DEV/projects_decomposed/springside4/modules/metrics/src/test/java/org/springside/modules/metrics/TimerTest_OE25Dev.java
Wrote /home/tasfia/Desktop/OE25-DEV/projects_decomposed/springside4/modules/metrics/src/test/java/org/springside/modules/metrics/MetricRegistryTest_OE25Dev.java
Wrote /home/tasfia/Desktop/OE25-DEV/projects_decomposed/springside4/modules/metrics/src/test/java/org/springside/modules/metrics/HistogramTest_OE25Dev.java
Wrote /home/tasfia/Desktop/OE25-DEV/projects_decomposed/springside4/modules/metrics/src/test/java/org/springside/modules/metrics/CounterTest_OE25Dev.java
START commons-jcs3/commons-jcs-core
 ITER 1
START commons-jcs3/commons-jcs-jcache-extras
 ITER 1
START commons-jcs3/commons-jcs-jcache
 ITER 1
START commons-jcs3/commons-jcs-jcache-openjpa
 ITER 1
START http-request
 ITER 1
START commons-geometry/commons-geometry-io-core
 ITER 1
START commons-geometry/commons-geometry-io-euclidean
 ITER 1
START commons-geometry/commons-geometry-spherical
 ITER 1
START commons-geometry/commons-geometry-core
 ITER 1
START commons-geometry/commons-geometry-euclidean
 ITER 1
START springside4/modules/utils
 ITER 1
START commons-configuration2
 ITER 1
START springside4/modules/metrics
 ITER 1
START commons-lang3
 ITER 1
START async-http-client/netty-utils
 ITER 1
START async-http-client/extras/rxjava
 ITER 1
 STOP async-http-client/netty-utils (no compile error, no tests)
START async-http-client/extras/rxjava2
 ITER 1
 DONE springside4/modules/metrics (tests ran)
START async-http-client/extras/registry
 ITER 1
  deleting TextStlFacetDefinitionReaderTest_OE25Dev.java
 ITER 2
2026-02-19 15:23:23.641:INFO:oejs.Server:jetty-8.1.9.v20130131
2026-02-19 15:23:23.738:INFO:oejs.AbstractConnector:Started SelectChannelConnector@0.0.0.0:44715
2026-02-19 15:23:23.771:INFO:oejs.Server:jetty-8.1.9.v20130131
2026-02-19 15:23:23.830:INFO:oejs.AbstractConnector:Started SelectChannelConnector@0.0.0.0:42409
2026-02-19 15:23:24.098:INFO:oejs.Server:jetty-8.1.9.v20130131
2026-02-19 15:23:24.141:INFO:oejs.AbstractConnector:Started SelectChannelConnector@0.0.0.0:41993
2026-02-19 15:23:24.221:INFO:oejs.Server:jetty-8.1.9.v20130131
2026-02-19 15:23:24.253:INFO:oejs.AbstractConnector:Started SelectChannelConnector@0.0.0.0:43807
2026-02-19 15:23:24.405:WARN:oejut.QueuedThreadPool:1 threads could not be stopped
2026-02-19 15:23:24.405:INFO:oejut.QueuedThreadPool:Couldn't stop Thread[qtp1524126153-55,5,main]
2026-02-19 15:23:24.525:INFO:oejs.Server:jetty-8.1.9.v20130131
2026-02-19 15:23:24.566:INFO:oejs.AbstractConnector:Started SelectChannelConnector@0.0.0.0:44799
2026-02-19 15:23:24.570:INFO:oejs.Server:jetty-8.1.9.v20130131
2026-02-19 15:23:24.608:INFO:oejs.AbstractConnector:Started SelectChannelConnector@0.0.0.0:36907
 DONE async-http-client/extras/rxjava (tests ran)
START async-http-client/extras/typesafeconfig
 ITER 1
2026-02-19 15:23:24.873:INFO:oejs.Server:jetty-8.1.9.v20130131
2026-02-19 15:23:24.915:INFO:oejs.AbstractConnector:Started SelectChannelConnector@0.0.0.0:36317
2026-02-19 15:23:24.931:INFO:oejs.Server:jetty-8.1.9.v20130131
2026-02-19 15:23:24.963:INFO:oejs.AbstractConnector:Started SelectChannelConnector@0.0.0.0:40347
2026-02-19 15:23:25.256:INFO:oejs.Server:jetty-8.1.9.v20130131
2026-02-19 15:23:25.294:INFO:oejs.AbstractConnector:Started SelectChannelConnector@0.0.0.0:38637
2026-02-19 15:23:25.294:INFO:oejs.Server:jetty-8.1.9.v20130131
2026-02-19 15:23:25.334:INFO:oejs.AbstractConnector:Started SelectChannelConnector@0.0.0.0:39417
2026-02-19 15:23:25.593:INFO:oejs.Server:jetty-8.1.9.v20130131
2026-02-19 15:23:25.662:INFO:oejs.AbstractConnector:Started SelectChannelConnector@0.0.0.0:37093
2026-02-19 15:23:25.663:INFO:oejs.Server:jetty-8.1.9.v20130131
2026-02-19 15:23:25.695:INFO:oejs.AbstractConnector:Started SelectChannelConnector@0.0.0.0:36743
2026-02-19 15:23:26.063:INFO:oejs.Server:jetty-8.1.9.v20130131
2026-02-19 15:23:26.111:INFO:oejs.AbstractConnector:Started SelectChannelConnector@0.0.0.0:36827
2026-02-19 15:23:26.111:INFO:oejs.Server:jetty-8.1.9.v20130131
2026-02-19 15:23:26.156:INFO:oejs.AbstractConnector:Started SelectChannelConnector@0.0.0.0:32931
2026-02-19 15:23:26.448:INFO:oejs.Server:jetty-8.1.9.v20130131
2026-02-19 15:23:26.477:INFO:oejs.AbstractConnector:Started SelectChannelConnector@0.0.0.0:44587
2026-02-19 15:23:26.487:INFO:oejs.Server:jetty-8.1.9.v20130131
2026-02-19 15:23:26.508:INFO:oejs.AbstractConnector:Started SelectChannelConnector@0.0.0.0:39067
2026-02-19 15:23:26.914:INFO:oejs.Server:jetty-8.1.9.v20130131
2026-02-19 15:23:26.971:INFO:oejs.AbstractConnector:Started SelectChannelConnector@0.0.0.0:35425
2026-02-19 15:23:26.971:INFO:oejs.Server:jetty-8.1.9.v20130131
2026-02-19 15:23:27.007:INFO:oejs.AbstractConnector:Started SelectChannelConnector@0.0.0.0:39833
2026-02-19 15:23:27.305:INFO:oejs.Server:jetty-8.1.9.v20130131
2026-02-19 15:23:27.359:INFO:oejs.AbstractConnector:Started SelectChannelConnector@0.0.0.0:36679
2026-02-19 15:23:27.362:INFO:oejs.Server:jetty-8.1.9.v20130131
2026-02-19 15:23:27.418:INFO:oejs.AbstractConnector:Started SelectChannelConnector@0.0.0.0:45391
2026-02-19 15:23:27.693:INFO:oejs.Server:jetty-8.1.9.v20130131
2026-02-19 15:23:27.731:INFO:oejs.AbstractConnector:Started SelectChannelConnector@0.0.0.0:33995
2026-02-19 15:23:27.732:INFO:oejs.Server:jetty-8.1.9.v20130131
2026-02-19 15:23:27.760:INFO:oejs.AbstractConnector:Started SelectChannelConnector@0.0.0.0:38961
2026-02-19 15:23:28.115:INFO:oejs.Server:jetty-8.1.9.v20130131
2026-02-19 15:23:28.137:INFO:oejs.AbstractConnector:Started SelectChannelConnector@0.0.0.0:40537
2026-02-19 15:23:28.137:INFO:oejs.Server:jetty-8.1.9.v20130131
2026-02-19 15:23:28.172:INFO:oejs.AbstractConnector:Started SelectChannelConnector@0.0.0.0:46255
2026-02-19 15:23:28.814:INFO:oejs.Server:jetty-8.1.9.v20130131
2026-02-19 15:23:28.837:INFO:oejs.AbstractConnector:Started SelectChannelConnector@0.0.0.0:34569
2026-02-19 15:23:28.837:INFO:oejs.Server:jetty-8.1.9.v20130131
2026-02-19 15:23:28.871:INFO:oejs.AbstractConnector:Started SelectChannelConnector@0.0.0.0:42965
2026-02-19 15:23:29.117:INFO:oejs.Server:jetty-8.1.9.v20130131
2026-02-19 15:23:29.163:INFO:oejs.AbstractConnector:Started SelectChannelConnector@0.0.0.0:34617
2026-02-19 15:23:29.166:INFO:oejs.Server:jetty-8.1.9.v20130131
2026-02-19 15:23:29.198:INFO:oejs.AbstractConnector:Started SelectChannelConnector@0.0.0.0:45087
2026-02-19 15:23:29.796:INFO:oejs.Server:jetty-8.1.9.v20130131
2026-02-19 15:23:29.822:INFO:oejs.AbstractConnector:Started SelectChannelConnector@0.0.0.0:43613
2026-02-19 15:23:29.824:INFO:oejs.Server:jetty-8.1.9.v20130131
2026-02-19 15:23:29.867:INFO:oejs.AbstractConnector:Started SelectChannelConnector@0.0.0.0:39923
2026-02-19 15:23:30.127:INFO:oejs.Server:jetty-8.1.9.v20130131
2026-02-19 15:23:30.158:INFO:oejs.AbstractConnector:Started SelectChannelConnector@0.0.0.0:42549
2026-02-19 15:23:30.158:INFO:oejs.Server:jetty-8.1.9.v20130131
2026-02-19 15:23:30.177:INFO:oejs.AbstractConnector:Started SelectChannelConnector@0.0.0.0:40409
2026-02-19 15:23:30.427:INFO:oejs.Server:jetty-8.1.9.v20130131
2026-02-19 15:23:30.439:INFO:oejs.AbstractConnector:Started SelectChannelConnector@0.0.0.0:33599
2026-02-19 15:23:30.439:INFO:oejs.Server:jetty-8.1.9.v20130131
2026-02-19 15:23:30.461:INFO:oejs.AbstractConnector:Started SelectChannelConnector@0.0.0.0:46775
 DONE commons-jcs3/commons-jcs-jcache (tests ran)
START async-http-client/extras/retrofit2
 ITER 1
 DONE commons-jcs3/commons-jcs-jcache-openjpa (tests ran)
START async-http-client/extras/simple
 ITER 1
2026-02-19 15:23:31.149:INFO:oejs.Server:jetty-8.1.9.v20130131
2026-02-19 15:23:31.168:INFO:oejs.AbstractConnector:Started SelectChannelConnector@0.0.0.0:39127
2026-02-19 15:23:31.171:INFO:oejs.Server:jetty-8.1.9.v20130131
2026-02-19 15:23:31.198:INFO:oejs.AbstractConnector:Started SelectChannelConnector@0.0.0.0:39851
2026-02-19 15:23:31.448:INFO:oejs.Server:jetty-8.1.9.v20130131
2026-02-19 15:23:31.468:INFO:oejs.AbstractConnector:Started SelectChannelConnector@0.0.0.0:43993
2026-02-19 15:23:31.468:INFO:oejs.Server:jetty-8.1.9.v20130131
2026-02-19 15:23:31.477:INFO:oejs.AbstractConnector:Started SelectChannelConnector@0.0.0.0:34675
2026-02-19 15:23:31.737:INFO:oejs.Server:jetty-8.1.9.v20130131
2026-02-19 15:23:31.750:INFO:oejs.AbstractConnector:Started SelectChannelConnector@0.0.0.0:44685
2026-02-19 15:23:31.750:INFO:oejs.Server:jetty-8.1.9.v20130131
2026-02-19 15:23:31.767:INFO:oejs.AbstractConnector:Started SelectChannelConnector@0.0.0.0:45205
2026-02-19 15:23:32.369:INFO:oejs.Server:jetty-8.1.9.v20130131
2026-02-19 15:23:32.389:INFO:oejs.AbstractConnector:Started SelectChannelConnector@0.0.0.0:44777
2026-02-19 15:23:32.390:INFO:oejs.Server:jetty-8.1.9.v20130131
2026-02-19 15:23:32.404:INFO:oejs.AbstractConnector:Started SelectChannelConnector@0.0.0.0:44803
 DONE async-http-client/extras/registry (tests ran)
START async-http-client/client
 ITER 1
2026-02-19 15:23:33.030:INFO:oejs.Server:jetty-8.1.9.v20130131
2026-02-19 15:23:33.057:INFO:oejs.AbstractConnector:Started SelectChannelConnector@0.0.0.0:40197
2026-02-19 15:23:33.057:INFO:oejs.Server:jetty-8.1.9.v20130131
2026-02-19 15:23:33.084:INFO:oejs.AbstractConnector:Started SelectChannelConnector@0.0.0.0:43049
java.lang.instrument.IllegalClassFormatException: Error while instrumenting sun/util/resources/cldr/provider/CLDRLocaleDataMetaInfo.
	at org.jacoco.agent.rt.internal_43f5073.CoverageTransformer.transform(CoverageTransformer.java:94)
	at java.instrument/java.lang.instrument.ClassFileTransformer.transform(ClassFileTransformer.java:244)
	at java.instrument/sun.instrument.TransformerManager.transform(TransformerManager.java:188)
	at java.instrument/sun.instrument.InstrumentationImpl.transform(InstrumentationImpl.java:541)
	at java.base/java.lang.ClassLoader.defineClass2(Native Method)
	at java.base/java.lang.ClassLoader.defineClass(ClassLoader.java:1108)
	at java.base/java.security.SecureClassLoader.defineClass(SecureClassLoader.java:182)
	at java.base/jdk.internal.loader.BuiltinClassLoader.defineClass(BuiltinClassLoader.java:821)
	at java.base/jdk.internal.loader.BuiltinClassLoader.findClassInModuleOrNull(BuiltinClassLoader.java:741)
	at java.base/jdk.internal.loader.BuiltinClassLoader.findClass(BuiltinClassLoader.java:621)
	at java.base/java.lang.ClassLoader.loadClass(ClassLoader.java:637)
	at java.base/java.lang.Class.forName(Class.java:547)
	at java.base/java.util.ServiceLoader.loadProvider(ServiceLoader.java:859)
	at java.base/java.util.ServiceLoader$ModuleServicesLookupIterator.hasNext(ServiceLoader.java:1084)
	at java.base/java.util.ServiceLoader$2.hasNext(ServiceLoader.java:1309)
	at java.base/java.util.ServiceLoader$3.hasNext(ServiceLoader.java:1393)
	at java.base/sun.util.cldr.CLDRLocaleProviderAdapter.lambda$new$0(CLDRLocaleProviderAdapter.java:86)
	at java.base/java.security.AccessController.doPrivileged(AccessController.java:569)
	at java.base/sun.util.cldr.CLDRLocaleProviderAdapter.<init>(CLDRLocaleProviderAdapter.java:85)
	at java.base/jdk.internal.reflect.NativeConstructorAccessorImpl.newInstance0(Native Method)
	at java.base/jdk.internal.reflect.NativeConstructorAccessorImpl.newInstance(NativeConstructorAccessorImpl.java:77)
	at java.base/jdk.internal.reflect.DelegatingConstructorAccessorImpl.newInstance(DelegatingConstructorAccessorImpl.java:45)
	at java.base/java.lang.reflect.Constructor.newInstanceWithCaller(Constructor.java:500)
	at java.base/java.lang.reflect.Constructor.newInstance(Constructor.java:481)
	at java.base/sun.util.locale.provider.LocaleProviderAdapter.forType(LocaleProviderAdapter.java:188)
	at java.base/sun.util.locale.provider.LocaleProviderAdapter.findAdapter(LocaleProviderAdapter.java:287)
	at java.base/sun.util.locale.provider.LocaleProviderAdapter.getAdapter(LocaleProviderAdapter.java:258)
	at java.base/java.text.DecimalFormatSymbols.getInstance(DecimalFormatSymbols.java:180)
	at org.apache.commons.geometry.io.core.utils.AbstractTextFormatWriterTest_OE25Dev.testWrite_customConfig_1_oe(AbstractTextFormatWriterTest_OE25Dev.java:158)
	at java.base/jdk.internal.reflect.NativeMethodAccessorImpl.invoke0(Native Method)
	at java.base/jdk.internal.reflect.NativeMethodAccessorImpl.invoke(NativeMethodAccessorImpl.java:77)
	at java.base/jdk.internal.reflect.DelegatingMethodAccessorImpl.invoke(DelegatingMethodAccessorImpl.java:43)
	at java.base/java.lang.reflect.Method.invoke(Method.java:569)
	at org.junit.platform.commons.util.ReflectionUtils.invokeMethod(ReflectionUtils.java:688)
	at org.junit.jupiter.engine.execution.MethodInvocation.proceed(MethodInvocation.java:60)
	at org.junit.jupiter.engine.execution.InvocationInterceptorChain$ValidatingInvocation.proceed(InvocationInterceptorChain.java:131)
	at org.junit.jupiter.engine.extension.TimeoutExtension.intercept(TimeoutExtension.java:149)
	at org.junit.jupiter.engine.extension.TimeoutExtension.interceptTestableMethod(TimeoutExtension.java:140)
	at org.junit.jupiter.engine.extension.TimeoutExtension.interceptTestMethod(TimeoutExtension.java:84)
	at org.junit.jupiter.engine.execution.ExecutableInvoker$ReflectiveInterceptorCall.lambda$ofVoidMethod$0(ExecutableInvoker.java:115)
	at org.junit.jupiter.engine.execution.ExecutableInvoker.lambda$invoke$0(ExecutableInvoker.java:105)
	at org.junit.jupiter.engine.execution.InvocationInterceptorChain$InterceptedInvocation.proceed(InvocationInterceptorChain.java:106)
	at org.junit.jupiter.engine.execution.InvocationInterceptorChain.proceed(InvocationInterceptorChain.java:64)
	at org.junit.jupiter.engine.execution.InvocationInterceptorChain.chainAndInvoke(InvocationInterceptorChain.java:45)
	at org.junit.jupiter.engine.execution.InvocationInterceptorChain.invoke(InvocationInterceptorChain.java:37)
	at org.junit.jupiter.engine.execution.ExecutableInvoker.invoke(ExecutableInvoker.java:104)
	at org.junit.jupiter.engine.execution.ExecutableInvoker.invoke(ExecutableInvoker.java:98)
	at org.junit.jupiter.engine.descriptor.TestMethodTestDescriptor.lambda$invokeTestMethod$6(TestMethodTestDescriptor.java:210)
	at org.junit.platform.engine.support.hierarchical.ThrowableCollector.execute(ThrowableCollector.java:73)
	at org.junit.jupiter.engine.descriptor.TestMethodTestDescriptor.invokeTestMethod(TestMethodTestDescriptor.java:206)
	at org.junit.jupiter.engine.descriptor.TestMethodTestDescriptor.execute(TestMethodTestDescriptor.java:131)
	at org.junit.jupiter.engine.descriptor.TestMethodTestDescriptor.execute(TestMethodTestDescriptor.java:65)
	at org.junit.platform.engine.support.hierarchical.NodeTestTask.lambda$executeRecursively$6(NodeTestTask.java:151)
	at org.junit.platform.engine.support.hierarchical.ThrowableCollector.execute(ThrowableCollector.java:73)
	at org.junit.platform.engine.support.hierarchical.NodeTestTask.lambda$executeRecursively$8(NodeTestTask.java:141)
	at org.junit.platform.engine.support.hierarchical.Node.around(Node.java:137)
	at org.junit.platform.engine.support.hierarchical.NodeTestTask.lambda$executeRecursively$9(NodeTestTask.java:139)
	at org.junit.platform.engine.support.hierarchical.ThrowableCollector.execute(ThrowableCollector.java:73)
	at org.junit.platform.engine.support.hierarchical.NodeTestTask.executeRecursively(NodeTestTask.java:138)
	at org.junit.platform.engine.support.hierarchical.NodeTestTask.execute(NodeTestTask.java:95)
	at java.base/java.util.ArrayList.forEach(ArrayList.java:1511)
	at org.junit.platform.engine.support.hierarchical.SameThreadHierarchicalTestExecutorService.invokeAll(SameThreadHierarchicalTestExecutorService.java:41)
	at org.junit.platform.engine.support.hierarchical.NodeTestTask.lambda$executeRecursively$6(NodeTestTask.java:155)
	at org.junit.platform.engine.support.hierarchical.ThrowableCollector.execute(ThrowableCollector.java:73)
	at org.junit.platform.engine.support.hierarchical.NodeTestTask.lambda$executeRecursively$8(NodeTestTask.java:141)
	at org.junit.platform.engine.support.hierarchical.Node.around(Node.java:137)
	at org.junit.platform.engine.support.hierarchical.NodeTestTask.lambda$executeRecursively$9(NodeTestTask.java:139)
	at org.junit.platform.engine.support.hierarchical.ThrowableCollector.execute(ThrowableCollector.java:73)
	at org.junit.platform.engine.support.hierarchical.NodeTestTask.executeRecursively(NodeTestTask.java:138)
	at org.junit.platform.engine.support.hierarchical.NodeTestTask.execute(NodeTestTask.java:95)
	at java.base/java.util.ArrayList.forEach(ArrayList.java:1511)
	at org.junit.platform.engine.support.hierarchical.SameThreadHierarchicalTestExecutorService.invokeAll(SameThreadHierarchicalTestExecutorService.java:41)
	at org.junit.platform.engine.support.hierarchical.NodeTestTask.lambda$executeRecursively$6(NodeTestTask.java:155)
	at org.junit.platform.engine.support.hierarchical.ThrowableCollector.execute(ThrowableCollector.java:73)
	at org.junit.platform.engine.support.hierarchical.NodeTestTask.lambda$executeRecursively$8(NodeTestTask.java:141)
	at org.junit.platform.engine.support.hierarchical.Node.around(Node.java:137)
	at org.junit.platform.engine.support.hierarchical.NodeTestTask.lambda$executeRecursively$9(NodeTestTask.java:139)
	at org.junit.platform.engine.support.hierarchical.ThrowableCollector.execute(ThrowableCollector.java:73)
	at org.junit.platform.engine.support.hierarchical.NodeTestTask.executeRecursively(NodeTestTask.java:138)
	at org.junit.platform.engine.support.hierarchical.NodeTestTask.execute(NodeTestTask.java:95)
	at org.junit.platform.engine.support.hierarchical.SameThreadHierarchicalTestExecutorService.submit(SameThreadHierarchicalTestExecutorService.java:35)
	at org.junit.platform.engine.support.hierarchical.HierarchicalTestExecutor.execute(HierarchicalTestExecutor.java:57)
	at org.junit.platform.engine.support.hierarchical.HierarchicalTestEngine.execute(HierarchicalTestEngine.java:54)
	at org.junit.platform.launcher.core.EngineExecutionOrchestrator.execute(EngineExecutionOrchestrator.java:107)
	at org.junit.platform.launcher.core.EngineExecutionOrchestrator.execute(EngineExecutionOrchestrator.java:88)
	at org.junit.platform.launcher.core.EngineExecutionOrchestrator.lambda$execute$0(EngineExecutionOrchestrator.java:54)
	at org.junit.platform.launcher.core.EngineExecutionOrchestrator.withInterceptedStreams(EngineExecutionOrchestrator.java:67)
	at org.junit.platform.launcher.core.EngineExecutionOrchestrator.execute(EngineExecutionOrchestrator.java:52)
	at org.junit.platform.launcher.core.DefaultLauncher.execute(DefaultLauncher.java:114)
	at org.junit.platform.launcher.core.DefaultLauncher.execute(DefaultLauncher.java:86)
	at org.junit.platform.launcher.core.DefaultLauncherSession$DelegatingLauncher.execute(DefaultLauncherSession.java:86)
	at org.apache.maven.surefire.junitplatform.LazyLauncher.execute(LazyLauncher.java:55)
	at org.apache.maven.surefire.junitplatform.JUnitPlatformProvider.execute(JUnitPlatformProvider.java:223)
	at org.apache.maven.surefire.junitplatform.JUnitPlatformProvider.invokeAllTests(JUnitPlatformProvider.java:175)
	at org.apache.maven.surefire.junitplatform.JUnitPlatformProvider.invoke(JUnitPlatformProvider.java:139)
	at org.apache.maven.surefire.booter.ForkedBooter.runSuitesInProcess(ForkedBooter.java:456)
	at org.apache.maven.surefire.booter.ForkedBooter.execute(ForkedBooter.java:169)
	at org.apache.maven.surefire.booter.ForkedBooter.run(ForkedBooter.java:595)
	at org.apache.maven.surefire.booter.ForkedBooter.main(ForkedBooter.java:581)
Caused by: java.io.IOException: Error while instrumenting sun/util/resources/cldr/provider/CLDRLocaleDataMetaInfo.
	at org.jacoco.agent.rt.internal_43f5073.core.instr.Instrumenter.instrumentError(Instrumenter.java:159)
	at org.jacoco.agent.rt.internal_43f5073.core.instr.Instrumenter.instrument(Instrumenter.java:109)
	at org.jacoco.agent.rt.internal_43f5073.CoverageTransformer.transform(CoverageTransformer.java:92)
	... 98 more
Caused by: java.lang.IllegalArgumentException: Unsupported class file major version 61
	at org.jacoco.agent.rt.internal_43f5073.asm.ClassReader.<init>(ClassReader.java:195)
	at org.jacoco.agent.rt.internal_43f5073.asm.ClassReader.<init>(ClassReader.java:176)
	at org.jacoco.agent.rt.internal_43f5073.asm.ClassReader.<init>(ClassReader.java:162)
	at org.jacoco.agent.rt.internal_43f5073.core.internal.instr.InstrSupport.classReaderFor(InstrSupport.java:280)
	at org.jacoco.agent.rt.internal_43f5073.core.instr.Instrumenter.instrument(Instrumenter.java:75)
	at org.jacoco.agent.rt.internal_43f5073.core.instr.Instrumenter.instrument(Instrumenter.java:107)
	... 99 more
2026-02-19 15:23:33.337:INFO:oejs.Server:jetty-8.1.9.v20130131
2026-02-19 15:23:33.353:INFO:oejs.AbstractConnector:Started SelectChannelConnector@0.0.0.0:44881
2026-02-19 15:23:33.354:INFO:oejs.Server:jetty-8.1.9.v20130131
2026-02-19 15:23:33.375:INFO:oejs.AbstractConnector:Started SelectChannelConnector@0.0.0.0:36403
2026-02-19 15:23:33.638:INFO:oejs.Server:jetty-8.1.9.v20130131
2026-02-19 15:23:33.656:INFO:oejs.AbstractConnector:Started SelectChannelConnector@0.0.0.0:34531
2026-02-19 15:23:33.657:INFO:oejs.Server:jetty-8.1.9.v20130131
2026-02-19 15:23:33.668:INFO:oejs.AbstractConnector:Started SelectChannelConnector@0.0.0.0:36963
 STOP async-http-client/extras/typesafeconfig (no compile error, no tests)
2026-02-19 15:23:33.917:INFO:oejs.Server:jetty-8.1.9.v20130131
START commons-vfs/commons-vfs2
 ITER 1
2026-02-19 15:23:33.947:INFO:oejs.AbstractConnector:Started SelectChannelConnector@0.0.0.0:41799
2026-02-19 15:23:33.948:INFO:oejs.Server:jetty-8.1.9.v20130131
2026-02-19 15:23:33.968:INFO:oejs.AbstractConnector:Started SelectChannelConnector@0.0.0.0:35041
 DONE async-http-client/extras/rxjava2 (tests ran)
START commons-vfs/commons-vfs2-jackrabbit2
 ITER 1
 DONE commons-jcs3/commons-jcs-jcache-extras (tests ran)
START commons-jexl3
 ITER 1
2026-02-19 15:23:34.541:INFO:oejs.Server:jetty-8.1.9.v20130131
2026-02-19 15:23:34.574:INFO:oejs.AbstractConnector:Started SelectChannelConnector@0.0.0.0:45453
2026-02-19 15:23:34.589:INFO:oejs.Server:jetty-8.1.9.v20130131
2026-02-19 15:23:34.604:INFO:oejs.AbstractConnector:Started SelectChannelConnector@0.0.0.0:37581
 DONE commons-geometry/commons-geometry-io-core (tests ran)
START spark
 ITER 1
2026-02-19 15:23:35.210:INFO:oejs.Server:jetty-8.1.9.v20130131
2026-02-19 15:23:35.238:INFO:oejs.AbstractConnector:Started SelectChannelConnector@0.0.0.0:39137
2026-02-19 15:23:35.238:INFO:oejs.Server:jetty-8.1.9.v20130131
2026-02-19 15:23:35.271:INFO:oejs.AbstractConnector:Started SelectChannelConnector@0.0.0.0:38125
2026-02-19 15:23:35.509:INFO:oejs.Server:jetty-8.1.9.v20130131
2026-02-19 15:23:35.533:INFO:oejs.AbstractConnector:Started SelectChannelConnector@0.0.0.0:43675
2026-02-19 15:23:35.534:INFO:oejs.Server:jetty-8.1.9.v20130131
2026-02-19 15:23:35.545:INFO:oejs.AbstractConnector:Started SelectChannelConnector@0.0.0.0:36335
2026-02-19 15:23:35.787:INFO:oejs.Server:jetty-8.1.9.v20130131
2026-02-19 15:23:35.802:INFO:oejs.AbstractConnector:Started SelectChannelConnector@0.0.0.0:40799
2026-02-19 15:23:35.802:INFO:oejs.Server:jetty-8.1.9.v20130131
2026-02-19 15:23:35.832:INFO:oejs.AbstractConnector:Started SelectChannelConnector@0.0.0.0:40705
2026-02-19 15:23:36.116:INFO:oejs.Server:jetty-8.1.9.v20130131
2026-02-19 15:23:36.146:INFO:oejs.AbstractConnector:Started SelectChannelConnector@0.0.0.0:36121
2026-02-19 15:23:36.146:INFO:oejs.Server:jetty-8.1.9.v20130131
2026-02-19 15:23:36.169:INFO:oejs.AbstractConnector:Started SelectChannelConnector@0.0.0.0:37399
 DONE commons-geometry/commons-geometry-core (tests ran)
2026-02-19 15:23:36.432:INFO:oejs.Server:jetty-8.1.9.v20130131
START commons-pool2
 ITER 1
2026-02-19 15:23:36.456:INFO:oejs.AbstractConnector:Started SelectChannelConnector@0.0.0.0:33071
2026-02-19 15:23:36.456:INFO:oejs.Server:jetty-8.1.9.v20130131
2026-02-19 15:23:36.467:INFO:oejs.AbstractConnector:Started SelectChannelConnector@0.0.0.0:42193
2026-02-19 15:23:36.714:INFO:oejs.Server:jetty-8.1.9.v20130131
2026-02-19 15:23:36.735:INFO:oejs.AbstractConnector:Started SelectChannelConnector@0.0.0.0:39621
2026-02-19 15:23:36.754:INFO:oejs.Server:jetty-8.1.9.v20130131
2026-02-19 15:23:36.770:INFO:oejs.AbstractConnector:Started SelectChannelConnector@0.0.0.0:33897
2026-02-19 15:23:37.017:INFO:oejs.Server:jetty-8.1.9.v20130131
2026-02-19 15:23:37.034:INFO:oejs.AbstractConnector:Started SelectChannelConnector@0.0.0.0:46217
2026-02-19 15:23:37.040:INFO:oejs.Server:jetty-8.1.9.v20130131
2026-02-19 15:23:37.058:INFO:oejs.AbstractConnector:Started SelectChannelConnector@0.0.0.0:39977
2026-02-19 15:23:37.296:INFO:oejs.Server:jetty-8.1.9.v20130131
2026-02-19 15:23:37.301:INFO:oejs.AbstractConnector:Started SelectChannelConnector@0.0.0.0:40339
2026-02-19 15:23:37.301:INFO:oejs.Server:jetty-8.1.9.v20130131
2026-02-19 15:23:37.315:INFO:oejs.AbstractConnector:Started SelectChannelConnector@0.0.0.0:38117
 DONE springside4/modules/utils (tests ran)
START commons-validator
 ITER 1
2026-02-19 15:23:37.975:INFO:oejs.Server:jetty-8.1.9.v20130131
2026-02-19 15:23:38.027:INFO:oejs.AbstractConnector:Started SelectChannelConnector@0.0.0.0:36813
2026-02-19 15:23:38.027:INFO:oejs.Server:jetty-8.1.9.v20130131
2026-02-19 15:23:38.067:INFO:oejs.AbstractConnector:Started SelectChannelConnector@0.0.0.0:41051
2026-02-19 15:23:38.314:INFO:oejs.Server:jetty-8.1.9.v20130131
2026-02-19 15:23:38.331:INFO:oejs.AbstractConnector:Started SelectChannelConnector@0.0.0.0:45025
2026-02-19 15:23:38.331:INFO:oejs.Server:jetty-8.1.9.v20130131
2026-02-19 15:23:38.364:INFO:oejs.AbstractConnector:Started SelectChannelConnector@0.0.0.0:44677
java.lang.instrument.IllegalClassFormatException: Error while instrumenting sun/util/resources/cldr/provider/CLDRLocaleDataMetaInfo.
	at org.jacoco.agent.rt.internal_43f5073.CoverageTransformer.transform(CoverageTransformer.java:94)
	at java.instrument/java.lang.instrument.ClassFileTransformer.transform(ClassFileTransformer.java:244)
	at java.instrument/sun.instrument.TransformerManager.transform(TransformerManager.java:188)
	at java.instrument/sun.instrument.InstrumentationImpl.transform(InstrumentationImpl.java:541)
	at java.base/java.lang.ClassLoader.defineClass2(Native Method)
	at java.base/java.lang.ClassLoader.defineClass(ClassLoader.java:1108)
	at java.base/java.security.SecureClassLoader.defineClass(SecureClassLoader.java:182)
	at java.base/jdk.internal.loader.BuiltinClassLoader.defineClass(BuiltinClassLoader.java:821)
	at java.base/jdk.internal.loader.BuiltinClassLoader.findClassInModuleOrNull(BuiltinClassLoader.java:741)
	at java.base/jdk.internal.loader.BuiltinClassLoader.findClass(BuiltinClassLoader.java:621)
	at java.base/java.lang.ClassLoader.loadClass(ClassLoader.java:637)
	at java.base/java.lang.Class.forName(Class.java:547)
	at java.base/java.util.ServiceLoader.loadProvider(ServiceLoader.java:859)
	at java.base/java.util.ServiceLoader$ModuleServicesLookupIterator.hasNext(ServiceLoader.java:1084)
	at java.base/java.util.ServiceLoader$2.hasNext(ServiceLoader.java:1309)
	at java.base/java.util.ServiceLoader$3.hasNext(ServiceLoader.java:1393)
	at java.base/sun.util.cldr.CLDRLocaleProviderAdapter.lambda$new$0(CLDRLocaleProviderAdapter.java:86)
	at java.base/java.security.AccessController.doPrivileged(AccessController.java:569)
	at java.base/sun.util.cldr.CLDRLocaleProviderAdapter.<init>(CLDRLocaleProviderAdapter.java:85)
	at java.base/jdk.internal.reflect.NativeConstructorAccessorImpl.newInstance0(Native Method)
	at java.base/jdk.internal.reflect.NativeConstructorAccessorImpl.newInstance(NativeConstructorAccessorImpl.java:77)
	at java.base/jdk.internal.reflect.DelegatingConstructorAccessorImpl.newInstance(DelegatingConstructorAccessorImpl.java:45)
	at java.base/java.lang.reflect.Constructor.newInstanceWithCaller(Constructor.java:500)
	at java.base/java.lang.reflect.Constructor.newInstance(Constructor.java:481)
	at java.base/sun.util.locale.provider.LocaleProviderAdapter.forType(LocaleProviderAdapter.java:188)
	at java.base/sun.util.locale.provider.LocaleProviderAdapter.findAdapter(LocaleProviderAdapter.java:287)
	at java.base/sun.util.locale.provider.LocaleProviderAdapter.getAdapter(LocaleProviderAdapter.java:258)
	at java.base/java.text.NumberFormat.getInstance(NumberFormat.java:960)
	at java.base/java.text.NumberFormat.getInstance(NumberFormat.java:491)
	at java.base/java.text.MessageFormat.subformat(MessageFormat.java:1302)
	at java.base/java.text.MessageFormat.format(MessageFormat.java:887)
	at java.base/java.text.Format.format(Format.java:159)
	at java.base/java.text.MessageFormat.format(MessageFormat.java:862)
	at org.apache.commons.geometry.spherical.oned.AngularInterval.validateIntervalValues(AngularInterval.java:403)
	at org.apache.commons.geometry.spherical.oned.AngularInterval.createInterval(AngularInterval.java:378)
	at org.apache.commons.geometry.spherical.oned.AngularInterval.of(AngularInterval.java:322)
	at org.apache.commons.geometry.spherical.oned.AngularIntervalTest_OE25Dev.testOf_orientedPoints_invalidArgs_1_oe(AngularIntervalTest_OE25Dev.java:477)
	at java.base/jdk.internal.reflect.NativeMethodAccessorImpl.invoke0(Native Method)
	at java.base/jdk.internal.reflect.NativeMethodAccessorImpl.invoke(NativeMethodAccessorImpl.java:77)
	at java.base/jdk.internal.reflect.DelegatingMethodAccessorImpl.invoke(DelegatingMethodAccessorImpl.java:43)
	at java.base/java.lang.reflect.Method.invoke(Method.java:569)
	at org.junit.platform.commons.util.ReflectionUtils.invokeMethod(ReflectionUtils.java:688)
	at org.junit.jupiter.engine.execution.MethodInvocation.proceed(MethodInvocation.java:60)
	at org.junit.jupiter.engine.execution.InvocationInterceptorChain$ValidatingInvocation.proceed(InvocationInterceptorChain.java:131)
	at org.junit.jupiter.engine.extension.TimeoutExtension.intercept(TimeoutExtension.java:149)
	at org.junit.jupiter.engine.extension.TimeoutExtension.interceptTestableMethod(TimeoutExtension.java:140)
	at org.junit.jupiter.engine.extension.TimeoutExtension.interceptTestMethod(TimeoutExtension.java:84)
	at org.junit.jupiter.engine.execution.ExecutableInvoker$ReflectiveInterceptorCall.lambda$ofVoidMethod$0(ExecutableInvoker.java:115)
	at org.junit.jupiter.engine.execution.ExecutableInvoker.lambda$invoke$0(ExecutableInvoker.java:105)
	at org.junit.jupiter.engine.execution.InvocationInterceptorChain$InterceptedInvocation.proceed(InvocationInterceptorChain.java:106)
	at org.junit.jupiter.engine.execution.InvocationInterceptorChain.proceed(InvocationInterceptorChain.java:64)
	at org.junit.jupiter.engine.execution.InvocationInterceptorChain.chainAndInvoke(InvocationInterceptorChain.java:45)
	at org.junit.jupiter.engine.execution.InvocationInterceptorChain.invoke(InvocationInterceptorChain.java:37)
	at org.junit.jupiter.engine.execution.ExecutableInvoker.invoke(ExecutableInvoker.java:104)
	at org.junit.jupiter.engine.execution.ExecutableInvoker.invoke(ExecutableInvoker.java:98)
	at org.junit.jupiter.engine.descriptor.TestMethodTestDescriptor.lambda$invokeTestMethod$6(TestMethodTestDescriptor.java:210)
	at org.junit.platform.engine.support.hierarchical.ThrowableCollector.execute(ThrowableCollector.java:73)
	at org.junit.jupiter.engine.descriptor.TestMethodTestDescriptor.invokeTestMethod(TestMethodTestDescriptor.java:206)
	at org.junit.jupiter.engine.descriptor.TestMethodTestDescriptor.execute(TestMethodTestDescriptor.java:131)
	at org.junit.jupiter.engine.descriptor.TestMethodTestDescriptor.execute(TestMethodTestDescriptor.java:65)
	at org.junit.platform.engine.support.hierarchical.NodeTestTask.lambda$executeRecursively$6(NodeTestTask.java:151)
	at org.junit.platform.engine.support.hierarchical.ThrowableCollector.execute(ThrowableCollector.java:73)
	at org.junit.platform.engine.support.hierarchical.NodeTestTask.lambda$executeRecursively$8(NodeTestTask.java:141)
	at org.junit.platform.engine.support.hierarchical.Node.around(Node.java:137)
	at org.junit.platform.engine.support.hierarchical.NodeTestTask.lambda$executeRecursively$9(NodeTestTask.java:139)
	at org.junit.platform.engine.support.hierarchical.ThrowableCollector.execute(ThrowableCollector.java:73)
	at org.junit.platform.engine.support.hierarchical.NodeTestTask.executeRecursively(NodeTestTask.java:138)
	at org.junit.platform.engine.support.hierarchical.NodeTestTask.execute(NodeTestTask.java:95)
	at java.base/java.util.ArrayList.forEach(ArrayList.java:1511)
	at org.junit.platform.engine.support.hierarchical.SameThreadHierarchicalTestExecutorService.invokeAll(SameThreadHierarchicalTestExecutorService.java:41)
	at org.junit.platform.engine.support.hierarchical.NodeTestTask.lambda$executeRecursively$6(NodeTestTask.java:155)
	at org.junit.platform.engine.support.hierarchical.ThrowableCollector.execute(ThrowableCollector.java:73)
	at org.junit.platform.engine.support.hierarchical.NodeTestTask.lambda$executeRecursively$8(NodeTestTask.java:141)
	at org.junit.platform.engine.support.hierarchical.Node.around(Node.java:137)
	at org.junit.platform.engine.support.hierarchical.NodeTestTask.lambda$executeRecursively$9(NodeTestTask.java:139)
	at org.junit.platform.engine.support.hierarchical.ThrowableCollector.execute(ThrowableCollector.java:73)
	at org.junit.platform.engine.support.hierarchical.NodeTestTask.executeRecursively(NodeTestTask.java:138)
	at org.junit.platform.engine.support.hierarchical.NodeTestTask.execute(NodeTestTask.java:95)
	at java.base/java.util.ArrayList.forEach(ArrayList.java:1511)
	at org.junit.platform.engine.support.hierarchical.SameThreadHierarchicalTestExecutorService.invokeAll(SameThreadHierarchicalTestExecutorService.java:41)
	at org.junit.platform.engine.support.hierarchical.NodeTestTask.lambda$executeRecursively$6(NodeTestTask.java:155)
	at org.junit.platform.engine.support.hierarchical.ThrowableCollector.execute(ThrowableCollector.java:73)
	at org.junit.platform.engine.support.hierarchical.NodeTestTask.lambda$executeRecursively$8(NodeTestTask.java:141)
	at org.junit.platform.engine.support.hierarchical.Node.around(Node.java:137)
	at org.junit.platform.engine.support.hierarchical.NodeTestTask.lambda$executeRecursively$9(NodeTestTask.java:139)
	at org.junit.platform.engine.support.hierarchical.ThrowableCollector.execute(ThrowableCollector.java:73)
	at org.junit.platform.engine.support.hierarchical.NodeTestTask.executeRecursively(NodeTestTask.java:138)
	at org.junit.platform.engine.support.hierarchical.NodeTestTask.execute(NodeTestTask.java:95)
	at org.junit.platform.engine.support.hierarchical.SameThreadHierarchicalTestExecutorService.submit(SameThreadHierarchicalTestExecutorService.java:35)
	at org.junit.platform.engine.support.hierarchical.HierarchicalTestExecutor.execute(HierarchicalTestExecutor.java:57)
	at org.junit.platform.engine.support.hierarchical.HierarchicalTestEngine.execute(HierarchicalTestEngine.java:54)
	at org.junit.platform.launcher.core.EngineExecutionOrchestrator.execute(EngineExecutionOrchestrator.java:107)
	at org.junit.platform.launcher.core.EngineExecutionOrchestrator.execute(EngineExecutionOrchestrator.java:88)
	at org.junit.platform.launcher.core.EngineExecutionOrchestrator.lambda$execute$0(EngineExecutionOrchestrator.java:54)
	at org.junit.platform.launcher.core.EngineExecutionOrchestrator.withInterceptedStreams(EngineExecutionOrchestrator.java:67)
	at org.junit.platform.launcher.core.EngineExecutionOrchestrator.execute(EngineExecutionOrchestrator.java:52)
	at org.junit.platform.launcher.core.DefaultLauncher.execute(DefaultLauncher.java:114)
	at org.junit.platform.launcher.core.DefaultLauncher.execute(DefaultLauncher.java:86)
	at org.junit.platform.launcher.core.DefaultLauncherSession$DelegatingLauncher.execute(DefaultLauncherSession.java:86)
	at org.apache.maven.surefire.junitplatform.LazyLauncher.execute(LazyLauncher.java:55)
	at org.apache.maven.surefire.junitplatform.JUnitPlatformProvider.execute(JUnitPlatformProvider.java:223)
	at org.apache.maven.surefire.junitplatform.JUnitPlatformProvider.invokeAllTests(JUnitPlatformProvider.java:175)
	at org.apache.maven.surefire.junitplatform.JUnitPlatformProvider.invoke(JUnitPlatformProvider.java:139)
	at org.apache.maven.surefire.booter.ForkedBooter.runSuitesInProcess(ForkedBooter.java:456)
	at org.apache.maven.surefire.booter.ForkedBooter.execute(ForkedBooter.java:169)
	at org.apache.maven.surefire.booter.ForkedBooter.run(ForkedBooter.java:595)
	at org.apache.maven.surefire.booter.ForkedBooter.main(ForkedBooter.java:581)
Caused by: java.io.IOException: Error while instrumenting sun/util/resources/cldr/provider/CLDRLocaleDataMetaInfo.
	at org.jacoco.agent.rt.internal_43f5073.core.instr.Instrumenter.instrumentError(Instrumenter.java:159)
	at org.jacoco.agent.rt.internal_43f5073.core.instr.Instrumenter.instrument(Instrumenter.java:109)
	at org.jacoco.agent.rt.internal_43f5073.CoverageTransformer.transform(CoverageTransformer.java:92)
	... 106 more
Caused by: java.lang.IllegalArgumentException: Unsupported class file major version 61
	at org.jacoco.agent.rt.internal_43f5073.asm.ClassReader.<init>(ClassReader.java:195)
	at org.jacoco.agent.rt.internal_43f5073.asm.ClassReader.<init>(ClassReader.java:176)
	at org.jacoco.agent.rt.internal_43f5073.asm.ClassReader.<init>(ClassReader.java:162)
	at org.jacoco.agent.rt.internal_43f5073.core.internal.instr.InstrSupport.classReaderFor(InstrSupport.java:280)
	at org.jacoco.agent.rt.internal_43f5073.core.instr.Instrumenter.instrument(Instrumenter.java:75)
	at org.jacoco.agent.rt.internal_43f5073.core.instr.Instrumenter.instrument(Instrumenter.java:107)
	... 107 more
2026-02-19 15:23:39.000:INFO:oejs.Server:jetty-8.1.9.v20130131
2026-02-19 15:23:39.032:INFO:oejs.AbstractConnector:Started SelectChannelConnector@0.0.0.0:38451
2026-02-19 15:23:39.032:INFO:oejs.Server:jetty-8.1.9.v20130131
2026-02-19 15:23:39.058:INFO:oejs.AbstractConnector:Started SelectChannelConnector@0.0.0.0:45961
2026-02-19 15:23:39.330:INFO:oejs.Server:jetty-8.1.9.v20130131
2026-02-19 15:23:39.379:INFO:oejs.AbstractConnector:Started SelectChannelConnector@0.0.0.0:37209
2026-02-19 15:23:39.379:INFO:oejs.Server:jetty-8.1.9.v20130131
2026-02-19 15:23:39.382:INFO:oejs.AbstractConnector:Started SelectChannelConnector@0.0.0.0:37337
 DONE commons-geometry/commons-geometry-spherical (tests ran)
2026-02-19 15:23:39.624:INFO:oejs.Server:jetty-8.1.9.v20130131
START commons-dbutils
 ITER 1
2026-02-19 15:23:39.647:INFO:oejs.AbstractConnector:Started SelectChannelConnector@0.0.0.0:34973
2026-02-19 15:23:39.651:INFO:oejs.Server:jetty-8.1.9.v20130131
2026-02-19 15:23:39.666:INFO:oejs.AbstractConnector:Started SelectChannelConnector@0.0.0.0:39767
2026-02-19 15:23:40.270:INFO:oejs.Server:jetty-8.1.9.v20130131
2026-02-19 15:23:40.287:INFO:oejs.AbstractConnector:Started SelectChannelConnector@0.0.0.0:37791
2026-02-19 15:23:40.287:INFO:oejs.Server:jetty-8.1.9.v20130131
2026-02-19 15:23:40.300:INFO:oejs.AbstractConnector:Started SelectChannelConnector@0.0.0.0:40847
Warning: Bad option name "STATIC".  Option setting will be ignored.
2026-02-19 15:23:40.927:INFO:oejs.Server:jetty-8.1.9.v20130131
2026-02-19 15:23:40.977:INFO:oejs.AbstractConnector:Started SelectChannelConnector@0.0.0.0:46749
2026-02-19 15:23:40.977:INFO:oejs.Server:jetty-8.1.9.v20130131
2026-02-19 15:23:41.007:INFO:oejs.AbstractConnector:Started SelectChannelConnector@0.0.0.0:35787
Warning: Line 22, Column 4: Bad option name "STATIC".  Option setting will be ignored.
2026-02-19 15:23:41.266:INFO:oejs.Server:jetty-8.1.9.v20130131
2026-02-19 15:23:41.303:INFO:oejs.AbstractConnector:Started SelectChannelConnector@0.0.0.0:35987
2026-02-19 15:23:41.303:INFO:oejs.Server:jetty-8.1.9.v20130131
2026-02-19 15:23:41.322:INFO:oejs.AbstractConnector:Started SelectChannelConnector@0.0.0.0:46317
2026-02-19 15:23:41.578:INFO:oejs.Server:jetty-8.1.9.v20130131
2026-02-19 15:23:41.603:INFO:oejs.AbstractConnector:Started SelectChannelConnector@0.0.0.0:41343
2026-02-19 15:23:41.603:INFO:oejs.Server:jetty-8.1.9.v20130131
2026-02-19 15:23:41.630:INFO:oejs.AbstractConnector:Started SelectChannelConnector@0.0.0.0:34953
2026-02-19 15:23:41.881:INFO:oejs.Server:jetty-8.1.9.v20130131
2026-02-19 15:23:41.912:INFO:oejs.AbstractConnector:Started SelectChannelConnector@0.0.0.0:41503
2026-02-19 15:23:41.912:INFO:oejs.Server:jetty-8.1.9.v20130131
2026-02-19 15:23:41.934:INFO:oejs.AbstractConnector:Started SelectChannelConnector@0.0.0.0:34723
2026-02-19 15:23:42.206:INFO:oejs.Server:jetty-8.1.9.v20130131
2026-02-19 15:23:42.233:INFO:oejs.AbstractConnector:Started SelectChannelConnector@0.0.0.0:44945
2026-02-19 15:23:42.233:INFO:oejs.Server:jetty-8.1.9.v20130131
2026-02-19 15:23:42.262:INFO:oejs.AbstractConnector:Started SelectChannelConnector@0.0.0.0:33785
2026-02-19 15:23:42.506:INFO:oejs.Server:jetty-8.1.9.v20130131
2026-02-19 15:23:42.520:INFO:oejs.AbstractConnector:Started SelectChannelConnector@0.0.0.0:43233
2026-02-19 15:23:42.520:INFO:oejs.Server:jetty-8.1.9.v20130131
2026-02-19 15:23:42.549:INFO:oejs.AbstractConnector:Started SelectChannelConnector@0.0.0.0:40211
SLF4J: Class path contains multiple SLF4J bindings.
SLF4J: Found binding in [jar:file:/home/tasfia/.m2/repository/org/slf4j/slf4j-reload4j/1.7.36/slf4j-reload4j-1.7.36.jar!/org/slf4j/impl/StaticLoggerBinder.class]
SLF4J: Found binding in [jar:file:/home/tasfia/.m2/repository/org/slf4j/slf4j-nop/1.7.36/slf4j-nop-1.7.36.jar!/org/slf4j/impl/StaticLoggerBinder.class]
SLF4J: See http://www.slf4j.org/codes.html#multiple_bindings for an explanation.
SLF4J: Actual binding is of type [org.slf4j.impl.Reload4jLoggerFactory]
2026-02-19 15:23:42.865:INFO:oejs.Server:jetty-8.1.9.v20130131
2026-02-19 15:23:42.890:INFO:oejs.AbstractConnector:Started SelectChannelConnector@0.0.0.0:44071
2026-02-19 15:23:42.890:INFO:oejs.Server:jetty-8.1.9.v20130131
2026-02-19 15:23:42.892:INFO:oejs.AbstractConnector:Started SelectChannelConnector@0.0.0.0:45073
2026-02-19 15:23:43.174:INFO:oejs.Server:jetty-8.1.9.v20130131
2026-02-19 15:23:43.192:INFO:oejs.AbstractConnector:Started SelectChannelConnector@0.0.0.0:46387
2026-02-19 15:23:43.192:INFO:oejs.Server:jetty-8.1.9.v20130131
2026-02-19 15:23:43.221:INFO:oejs.AbstractConnector:Started SelectChannelConnector@0.0.0.0:41331
log4j:WARN No appenders could be found for logger (org.apache.commons.configuration2.reloading.TestVFSFileHandlerReloadingDetector_OE25Dev$2).
log4j:WARN Please initialize the log4j system properly.
log4j:WARN See http://logging.apache.org/log4j/1.2/faq.html#noconfig for more info.
2026-02-19 15:23:43.467:INFO:oejs.Server:jetty-8.1.9.v20130131
2026-02-19 15:23:43.485:INFO:oejs.AbstractConnector:Started SelectChannelConnector@0.0.0.0:33857
2026-02-19 15:23:43.485:INFO:oejs.Server:jetty-8.1.9.v20130131
2026-02-19 15:23:43.518:INFO:oejs.AbstractConnector:Started SelectChannelConnector@0.0.0.0:45933
2026-02-19 15:23:43.755:INFO:oejs.Server:jetty-8.1.9.v20130131
2026-02-19 15:23:43.779:INFO:oejs.AbstractConnector:Started SelectChannelConnector@0.0.0.0:39873
2026-02-19 15:23:43.779:INFO:oejs.Server:jetty-8.1.9.v20130131
2026-02-19 15:23:43.811:INFO:oejs.AbstractConnector:Started SelectChannelConnector@0.0.0.0:41801
Warning: validation was turned on but an org.xml.sax.ErrorHandler was not set, which is probably not what is desired.  Parser will use a default ErrorHandler to print the first 0  errors.  Please call the setErrorHandler method to fix this.
Error: URI=null Line=1: Document root element "properties", must match DOCTYPE root "null".
Error: URI=null Line=1: Document is invalid: no grammar found.
Warning: validation was turned on but an org.xml.sax.ErrorHandler was not set, which is probably not what is desired.  Parser will use a default ErrorHandler to print the first 0  errors.  Please call the setErrorHandler method to fix this.
Error: URI=null Line=1: Document root element "properties", must match DOCTYPE root "null".
Error: URI=null Line=1: Document is invalid: no grammar found.
Warning: validation was turned on but an org.xml.sax.ErrorHandler was not set, which is probably not what is desired.  Parser will use a default ErrorHandler to print the first 0  errors.  Please call the setErrorHandler method to fix this.
Error: URI=null Line=1: Document root element "properties", must match DOCTYPE root "null".
Error: URI=null Line=1: Document is invalid: no grammar found.
Warning: validation was turned on but an org.xml.sax.ErrorHandler was not set, which is probably not what is desired.  Parser will use a default ErrorHandler to print the first 0  errors.  Please call the setErrorHandler method to fix this.
Error: URI=null Line=1: Document root element "properties", must match DOCTYPE root "null".
Error: URI=null Line=1: Document is invalid: no grammar found.
Warning: validation was turned on but an org.xml.sax.ErrorHandler was not set, which is probably not what is desired.  Parser will use a default ErrorHandler to print the first 0  errors.  Please call the setErrorHandler method to fix this.
Error: URI=null Line=1: Document root element "properties", must match DOCTYPE root "null".
Error: URI=null Line=1: Document is invalid: no grammar found.
2026-02-19 15:23:44.072:INFO:oejs.Server:jetty-8.1.9.v20130131
2026-02-19 15:23:44.103:INFO:oejs.AbstractConnector:Started SelectChannelConnector@0.0.0.0:43195
2026-02-19 15:23:44.103:INFO:oejs.Server:jetty-8.1.9.v20130131
2026-02-19 15:23:44.114:INFO:oejs.AbstractConnector:Started SelectChannelConnector@0.0.0.0:38975
2026-02-19 15:23:44.437:INFO:oejs.Server:jetty-8.1.9.v20130131
2026-02-19 15:23:44.471:INFO:oejs.AbstractConnector:Started SelectChannelConnector@0.0.0.0:36315
2026-02-19 15:23:44.472:INFO:oejs.Server:jetty-8.1.9.v20130131
2026-02-19 15:23:44.503:INFO:oejs.AbstractConnector:Started SelectChannelConnector@0.0.0.0:41317
2026-02-19 15:23:44.775:INFO:oejs.Server:jetty-8.1.9.v20130131
2026-02-19 15:23:44.785:INFO:oejs.AbstractConnector:Started SelectChannelConnector@0.0.0.0:37963
2026-02-19 15:23:44.786:INFO:oejs.Server:jetty-8.1.9.v20130131
2026-02-19 15:23:44.786:INFO:oejs.AbstractConnector:Started SelectChannelConnector@0.0.0.0:42057
2026-02-19 15:23:45.041:INFO:oejs.Server:jetty-8.1.9.v20130131
2026-02-19 15:23:45.079:INFO:oejs.AbstractConnector:Started SelectChannelConnector@0.0.0.0:42421
2026-02-19 15:23:45.079:INFO:oejs.Server:jetty-8.1.9.v20130131
2026-02-19 15:23:45.094:INFO:oejs.AbstractConnector:Started SelectChannelConnector@0.0.0.0:46769
2026-02-19 15:23:45.366:INFO:oejs.Server:jetty-8.1.9.v20130131
2026-02-19 15:23:45.388:INFO:oejs.AbstractConnector:Started SelectChannelConnector@0.0.0.0:33403
2026-02-19 15:23:45.388:INFO:oejs.Server:jetty-8.1.9.v20130131
2026-02-19 15:23:45.423:INFO:oejs.AbstractConnector:Started SelectChannelConnector@0.0.0.0:42675
2026-02-19 15:23:45.678:INFO:oejs.Server:jetty-8.1.9.v20130131
2026-02-19 15:23:45.705:INFO:oejs.AbstractConnector:Started SelectChannelConnector@0.0.0.0:41045
2026-02-19 15:23:45.706:INFO:oejs.Server:jetty-8.1.9.v20130131
2026-02-19 15:23:45.734:INFO:oejs.AbstractConnector:Started SelectChannelConnector@0.0.0.0:46517
2026-02-19 15:23:46.033:INFO:oejs.Server:jetty-8.1.9.v20130131
2026-02-19 15:23:46.049:INFO:oejs.AbstractConnector:Started SelectChannelConnector@0.0.0.0:38933
2026-02-19 15:23:46.049:INFO:oejs.Server:jetty-8.1.9.v20130131
2026-02-19 15:23:46.059:INFO:oejs.AbstractConnector:Started SelectChannelConnector@0.0.0.0:37259
2026-02-19 15:23:46.678:INFO:oejs.Server:jetty-8.1.9.v20130131
2026-02-19 15:23:46.699:INFO:oejs.AbstractConnector:Started SelectChannelConnector@0.0.0.0:33725
2026-02-19 15:23:46.699:INFO:oejs.Server:jetty-8.1.9.v20130131
2026-02-19 15:23:46.744:INFO:oejs.AbstractConnector:Started SelectChannelConnector@0.0.0.0:35829
2026-02-19 15:23:46.990:INFO:oejs.Server:jetty-8.1.9.v20130131
2026-02-19 15:23:47.016:INFO:oejs.AbstractConnector:Started SelectChannelConnector@0.0.0.0:33359
2026-02-19 15:23:47.016:INFO:oejs.Server:jetty-8.1.9.v20130131
2026-02-19 15:23:47.050:INFO:oejs.AbstractConnector:Started SelectChannelConnector@0.0.0.0:44487
2026-02-19 15:23:47.294:INFO:oejs.Server:jetty-8.1.9.v20130131
2026-02-19 15:23:47.318:INFO:oejs.AbstractConnector:Started SelectChannelConnector@0.0.0.0:43861
2026-02-19 15:23:47.318:INFO:oejs.Server:jetty-8.1.9.v20130131
2026-02-19 15:23:47.351:INFO:oejs.AbstractConnector:Started SelectChannelConnector@0.0.0.0:36071
2026-02-19 15:23:47.601:INFO:oejs.Server:jetty-8.1.9.v20130131
2026-02-19 15:23:47.617:INFO:oejs.AbstractConnector:Started SelectChannelConnector@0.0.0.0:46129
2026-02-19 15:23:47.617:INFO:oejs.Server:jetty-8.1.9.v20130131
2026-02-19 15:23:47.624:INFO:oejs.AbstractConnector:Started SelectChannelConnector@0.0.0.0:34827
2026-02-19 15:23:47.876:INFO:oejs.Server:jetty-8.1.9.v20130131
2026-02-19 15:23:47.912:INFO:oejs.AbstractConnector:Started SelectChannelConnector@0.0.0.0:44177
2026-02-19 15:23:47.912:INFO:oejs.Server:jetty-8.1.9.v20130131
2026-02-19 15:23:47.940:INFO:oejs.AbstractConnector:Started SelectChannelConnector@0.0.0.0:46623
2026-02-19 15:23:48.238:INFO:oejs.Server:jetty-8.1.9.v20130131
2026-02-19 15:23:48.262:INFO:oejs.AbstractConnector:Started SelectChannelConnector@0.0.0.0:43601
2026-02-19 15:23:48.262:INFO:oejs.Server:jetty-8.1.9.v20130131
2026-02-19 15:23:48.295:INFO:oejs.AbstractConnector:Started SelectChannelConnector@0.0.0.0:44597
2026-02-19 15:23:48.903:INFO:oejs.Server:jetty-8.1.9.v20130131
2026-02-19 15:23:48.927:INFO:oejs.AbstractConnector:Started SelectChannelConnector@0.0.0.0:45701
2026-02-19 15:23:48.927:INFO:oejs.Server:jetty-8.1.9.v20130131
2026-02-19 15:23:48.969:INFO:oejs.AbstractConnector:Started SelectChannelConnector@0.0.0.0:39605
2026-02-19 15:23:49.214:INFO:oejs.Server:jetty-8.1.9.v20130131
2026-02-19 15:23:49.247:INFO:oejs.AbstractConnector:Started SelectChannelConnector@0.0.0.0:45805
2026-02-19 15:23:49.247:INFO:oejs.Server:jetty-8.1.9.v20130131
2026-02-19 15:23:49.286:INFO:oejs.AbstractConnector:Started SelectChannelConnector@0.0.0.0:32777
java.lang.instrument.IllegalClassFormatException: Error while instrumenting sun/util/resources/cldr/provider/CLDRLocaleDataMetaInfo.
	at org.jacoco.agent.rt.internal_43f5073.CoverageTransformer.transform(CoverageTransformer.java:94)
	at java.instrument/java.lang.instrument.ClassFileTransformer.transform(ClassFileTransformer.java:244)
	at java.instrument/sun.instrument.TransformerManager.transform(TransformerManager.java:188)
	at java.instrument/sun.instrument.InstrumentationImpl.transform(InstrumentationImpl.java:541)
	at java.base/java.lang.ClassLoader.defineClass2(Native Method)
	at java.base/java.lang.ClassLoader.defineClass(ClassLoader.java:1108)
	at java.base/java.security.SecureClassLoader.defineClass(SecureClassLoader.java:182)
	at java.base/jdk.internal.loader.BuiltinClassLoader.defineClass(BuiltinClassLoader.java:821)
	at java.base/jdk.internal.loader.BuiltinClassLoader.findClassInModuleOrNull(BuiltinClassLoader.java:741)
	at java.base/jdk.internal.loader.BuiltinClassLoader.findClass(BuiltinClassLoader.java:621)
	at java.base/java.lang.ClassLoader.loadClass(ClassLoader.java:637)
	at java.base/java.lang.Class.forName(Class.java:547)
	at java.base/java.util.ServiceLoader.loadProvider(ServiceLoader.java:859)
	at java.base/java.util.ServiceLoader$ModuleServicesLookupIterator.hasNext(ServiceLoader.java:1084)
	at java.base/java.util.ServiceLoader$2.hasNext(ServiceLoader.java:1309)
	at java.base/java.util.ServiceLoader$3.hasNext(ServiceLoader.java:1393)
	at java.base/sun.util.cldr.CLDRLocaleProviderAdapter.lambda$new$0(CLDRLocaleProviderAdapter.java:86)
	at java.base/java.security.AccessController.doPrivileged(AccessController.java:569)
	at java.base/sun.util.cldr.CLDRLocaleProviderAdapter.<init>(CLDRLocaleProviderAdapter.java:85)
	at java.base/jdk.internal.reflect.NativeConstructorAccessorImpl.newInstance0(Native Method)
	at java.base/jdk.internal.reflect.NativeConstructorAccessorImpl.newInstance(NativeConstructorAccessorImpl.java:77)
	at java.base/jdk.internal.reflect.DelegatingConstructorAccessorImpl.newInstance(DelegatingConstructorAccessorImpl.java:45)
	at java.base/java.lang.reflect.Constructor.newInstanceWithCaller(Constructor.java:500)
	at java.base/java.lang.reflect.Constructor.newInstance(Constructor.java:481)
	at java.base/sun.util.locale.provider.LocaleProviderAdapter.forType(LocaleProviderAdapter.java:188)
	at java.base/sun.util.locale.provider.LocaleProviderAdapter.findAdapter(LocaleProviderAdapter.java:287)
	at java.base/sun.util.locale.provider.LocaleProviderAdapter.getAdapter(LocaleProviderAdapter.java:258)
	at java.base/java.text.DecimalFormatSymbols.getInstance(DecimalFormatSymbols.java:180)
	at org.apache.commons.geometry.io.euclidean.threed.stl.TextStlWriterTest_OE25Dev.testWrite_customFormat_1_oe(TextStlWriterTest_OE25Dev.java:559)
	at java.base/jdk.internal.reflect.NativeMethodAccessorImpl.invoke0(Native Method)
	at java.base/jdk.internal.reflect.NativeMethodAccessorImpl.invoke(NativeMethodAccessorImpl.java:77)
	at java.base/jdk.internal.reflect.DelegatingMethodAccessorImpl.invoke(DelegatingMethodAccessorImpl.java:43)
	at java.base/java.lang.reflect.Method.invoke(Method.java:569)
	at org.junit.platform.commons.util.ReflectionUtils.invokeMethod(ReflectionUtils.java:688)
	at org.junit.jupiter.engine.execution.MethodInvocation.proceed(MethodInvocation.java:60)
	at org.junit.jupiter.engine.execution.InvocationInterceptorChain$ValidatingInvocation.proceed(InvocationInterceptorChain.java:131)
	at org.junit.jupiter.engine.extension.TimeoutExtension.intercept(TimeoutExtension.java:149)
	at org.junit.jupiter.engine.extension.TimeoutExtension.interceptTestableMethod(TimeoutExtension.java:140)
	at org.junit.jupiter.engine.extension.TimeoutExtension.interceptTestMethod(TimeoutExtension.java:84)
	at org.junit.jupiter.engine.execution.ExecutableInvoker$ReflectiveInterceptorCall.lambda$ofVoidMethod$0(ExecutableInvoker.java:115)
	at org.junit.jupiter.engine.execution.ExecutableInvoker.lambda$invoke$0(ExecutableInvoker.java:105)
	at org.junit.jupiter.engine.execution.InvocationInterceptorChain$InterceptedInvocation.proceed(InvocationInterceptorChain.java:106)
	at org.junit.jupiter.engine.execution.InvocationInterceptorChain.proceed(InvocationInterceptorChain.java:64)
	at org.junit.jupiter.engine.execution.InvocationInterceptorChain.chainAndInvoke(InvocationInterceptorChain.java:45)
	at org.junit.jupiter.engine.execution.InvocationInterceptorChain.invoke(InvocationInterceptorChain.java:37)
	at org.junit.jupiter.engine.execution.ExecutableInvoker.invoke(ExecutableInvoker.java:104)
	at org.junit.jupiter.engine.execution.ExecutableInvoker.invoke(ExecutableInvoker.java:98)
	at org.junit.jupiter.engine.descriptor.TestMethodTestDescriptor.lambda$invokeTestMethod$6(TestMethodTestDescriptor.java:210)
	at org.junit.platform.engine.support.hierarchical.ThrowableCollector.execute(ThrowableCollector.java:73)
	at org.junit.jupiter.engine.descriptor.TestMethodTestDescriptor.invokeTestMethod(TestMethodTestDescriptor.java:206)
	at org.junit.jupiter.engine.descriptor.TestMethodTestDescriptor.execute(TestMethodTestDescriptor.java:131)
	at org.junit.jupiter.engine.descriptor.TestMethodTestDescriptor.execute(TestMethodTestDescriptor.java:65)
	at org.junit.platform.engine.support.hierarchical.NodeTestTask.lambda$executeRecursively$6(NodeTestTask.java:151)
	at org.junit.platform.engine.support.hierarchical.ThrowableCollector.execute(ThrowableCollector.java:73)
	at org.junit.platform.engine.support.hierarchical.NodeTestTask.lambda$executeRecursively$8(NodeTestTask.java:141)
	at org.junit.platform.engine.support.hierarchical.Node.around(Node.java:137)
	at org.junit.platform.engine.support.hierarchical.NodeTestTask.lambda$executeRecursively$9(NodeTestTask.java:139)
	at org.junit.platform.engine.support.hierarchical.ThrowableCollector.execute(ThrowableCollector.java:73)
	at org.junit.platform.engine.support.hierarchical.NodeTestTask.executeRecursively(NodeTestTask.java:138)
	at org.junit.platform.engine.support.hierarchical.NodeTestTask.execute(NodeTestTask.java:95)
	at java.base/java.util.ArrayList.forEach(ArrayList.java:1511)
	at org.junit.platform.engine.support.hierarchical.SameThreadHierarchicalTestExecutorService.invokeAll(SameThreadHierarchicalTestExecutorService.java:41)
	at org.junit.platform.engine.support.hierarchical.NodeTestTask.lambda$executeRecursively$6(NodeTestTask.java:155)
	at org.junit.platform.engine.support.hierarchical.ThrowableCollector.execute(ThrowableCollector.java:73)
	at org.junit.platform.engine.support.hierarchical.NodeTestTask.lambda$executeRecursively$8(NodeTestTask.java:141)
	at org.junit.platform.engine.support.hierarchical.Node.around(Node.java:137)
	at org.junit.platform.engine.support.hierarchical.NodeTestTask.lambda$executeRecursively$9(NodeTestTask.java:139)
	at org.junit.platform.engine.support.hierarchical.ThrowableCollector.execute(ThrowableCollector.java:73)
	at org.junit.platform.engine.support.hierarchical.NodeTestTask.executeRecursively(NodeTestTask.java:138)
	at org.junit.platform.engine.support.hierarchical.NodeTestTask.execute(NodeTestTask.java:95)
	at java.base/java.util.ArrayList.forEach(ArrayList.java:1511)
	at org.junit.platform.engine.support.hierarchical.SameThreadHierarchicalTestExecutorService.invokeAll(SameThreadHierarchicalTestExecutorService.java:41)
	at org.junit.platform.engine.support.hierarchical.NodeTestTask.lambda$executeRecursively$6(NodeTestTask.java:155)
	at org.junit.platform.engine.support.hierarchical.ThrowableCollector.execute(ThrowableCollector.java:73)
	at org.junit.platform.engine.support.hierarchical.NodeTestTask.lambda$executeRecursively$8(NodeTestTask.java:141)
	at org.junit.platform.engine.support.hierarchical.Node.around(Node.java:137)
	at org.junit.platform.engine.support.hierarchical.NodeTestTask.lambda$executeRecursively$9(NodeTestTask.java:139)
	at org.junit.platform.engine.support.hierarchical.ThrowableCollector.execute(ThrowableCollector.java:73)
	at org.junit.platform.engine.support.hierarchical.NodeTestTask.executeRecursively(NodeTestTask.java:138)
	at org.junit.platform.engine.support.hierarchical.NodeTestTask.execute(NodeTestTask.java:95)
	at org.junit.platform.engine.support.hierarchical.SameThreadHierarchicalTestExecutorService.submit(SameThreadHierarchicalTestExecutorService.java:35)
	at org.junit.platform.engine.support.hierarchical.HierarchicalTestExecutor.execute(HierarchicalTestExecutor.java:57)
	at org.junit.platform.engine.support.hierarchical.HierarchicalTestEngine.execute(HierarchicalTestEngine.java:54)
	at org.junit.platform.launcher.core.EngineExecutionOrchestrator.execute(EngineExecutionOrchestrator.java:107)
	at org.junit.platform.launcher.core.EngineExecutionOrchestrator.execute(EngineExecutionOrchestrator.java:88)
	at org.junit.platform.launcher.core.EngineExecutionOrchestrator.lambda$execute$0(EngineExecutionOrchestrator.java:54)
	at org.junit.platform.launcher.core.EngineExecutionOrchestrator.withInterceptedStreams(EngineExecutionOrchestrator.java:67)
	at org.junit.platform.launcher.core.EngineExecutionOrchestrator.execute(EngineExecutionOrchestrator.java:52)
	at org.junit.platform.launcher.core.DefaultLauncher.execute(DefaultLauncher.java:114)
	at org.junit.platform.launcher.core.DefaultLauncher.execute(DefaultLauncher.java:86)
	at org.junit.platform.launcher.core.DefaultLauncherSession$DelegatingLauncher.execute(DefaultLauncherSession.java:86)
	at org.apache.maven.surefire.junitplatform.LazyLauncher.execute(LazyLauncher.java:55)
	at org.apache.maven.surefire.junitplatform.JUnitPlatformProvider.execute(JUnitPlatformProvider.java:223)
	at org.apache.maven.surefire.junitplatform.JUnitPlatformProvider.invokeAllTests(JUnitPlatformProvider.java:175)
	at org.apache.maven.surefire.junitplatform.JUnitPlatformProvider.invoke(JUnitPlatformProvider.java:139)
	at org.apache.maven.surefire.booter.ForkedBooter.runSuitesInProcess(ForkedBooter.java:456)
	at org.apache.maven.surefire.booter.ForkedBooter.execute(ForkedBooter.java:169)
	at org.apache.maven.surefire.booter.ForkedBooter.run(ForkedBooter.java:595)
	at org.apache.maven.surefire.booter.ForkedBooter.main(ForkedBooter.java:581)
Caused by: java.io.IOException: Error while instrumenting sun/util/resources/cldr/provider/CLDRLocaleDataMetaInfo.
	at org.jacoco.agent.rt.internal_43f5073.core.instr.Instrumenter.instrumentError(Instrumenter.java:159)
	at org.jacoco.agent.rt.internal_43f5073.core.instr.Instrumenter.instrument(Instrumenter.java:109)
	at org.jacoco.agent.rt.internal_43f5073.CoverageTransformer.transform(CoverageTransformer.java:92)
	... 98 more
Caused by: java.lang.IllegalArgumentException: Unsupported class file major version 61
	at org.jacoco.agent.rt.internal_43f5073.asm.ClassReader.<init>(ClassReader.java:195)
	at org.jacoco.agent.rt.internal_43f5073.asm.ClassReader.<init>(ClassReader.java:176)
	at org.jacoco.agent.rt.internal_43f5073.asm.ClassReader.<init>(ClassReader.java:162)
	at org.jacoco.agent.rt.internal_43f5073.core.internal.instr.InstrSupport.classReaderFor(InstrSupport.java:280)
	at org.jacoco.agent.rt.internal_43f5073.core.instr.Instrumenter.instrument(Instrumenter.java:75)
	at org.jacoco.agent.rt.internal_43f5073.core.instr.Instrumenter.instrument(Instrumenter.java:107)
	... 99 more
2026-02-19 15:23:49.586:INFO:oejs.Server:jetty-8.1.9.v20130131
2026-02-19 15:23:49.606:INFO:oejs.AbstractConnector:Started SelectChannelConnector@0.0.0.0:34525
2026-02-19 15:23:49.606:INFO:oejs.Server:jetty-8.1.9.v20130131
2026-02-19 15:23:49.622:INFO:oejs.AbstractConnector:Started SelectChannelConnector@0.0.0.0:35563
2026-02-19 15:23:49.877:INFO:oejs.Server:jetty-8.1.9.v20130131
2026-02-19 15:23:49.901:INFO:oejs.AbstractConnector:Started SelectChannelConnector@0.0.0.0:41877
2026-02-19 15:23:49.902:INFO:oejs.Server:jetty-8.1.9.v20130131
2026-02-19 15:23:49.932:INFO:oejs.AbstractConnector:Started SelectChannelConnector@0.0.0.0:40721
2026-02-19 15:23:50.173:INFO:oejs.Server:jetty-8.1.9.v20130131
2026-02-19 15:23:50.198:INFO:oejs.AbstractConnector:Started SelectChannelConnector@0.0.0.0:34333
2026-02-19 15:23:50.198:INFO:oejs.Server:jetty-8.1.9.v20130131
2026-02-19 15:23:50.214:INFO:oejs.AbstractConnector:Started SelectChannelConnector@0.0.0.0:42859
 DONE async-http-client/extras/simple (tests ran)
START bcel
 ITER 1
2026-02-19 15:23:50.524:INFO:oejs.Server:jetty-8.1.9.v20130131
2026-02-19 15:23:50.550:INFO:oejs.AbstractConnector:Started SelectChannelConnector@0.0.0.0:44471
2026-02-19 15:23:50.550:INFO:oejs.Server:jetty-8.1.9.v20130131
2026-02-19 15:23:50.565:INFO:oejs.AbstractConnector:Started SelectChannelConnector@0.0.0.0:46651
 DONE commons-geometry/commons-geometry-io-euclidean (tests ran)
START commons-weaver/processor
 ITER 1
2026-02-19 15:23:51.205:INFO:oejs.Server:jetty-8.1.9.v20130131
2026-02-19 15:23:51.224:INFO:oejs.AbstractConnector:Started SelectChannelConnector@0.0.0.0:43325
2026-02-19 15:23:51.224:INFO:oejs.Server:jetty-8.1.9.v20130131
2026-02-19 15:23:51.241:INFO:oejs.AbstractConnector:Started SelectChannelConnector@0.0.0.0:43319
2026-02-19 15:23:51.487:INFO:oejs.Server:jetty-8.1.9.v20130131
2026-02-19 15:23:51.502:INFO:oejs.AbstractConnector:Started SelectChannelConnector@0.0.0.0:33677
2026-02-19 15:23:51.504:INFO:oejs.Server:jetty-8.1.9.v20130131
2026-02-19 15:23:51.529:INFO:oejs.AbstractConnector:Started SelectChannelConnector@0.0.0.0:38621
2026-02-19 15:23:51.836:INFO:oejs.Server:jetty-8.1.9.v20130131
2026-02-19 15:23:51.854:INFO:oejs.AbstractConnector:Started SelectChannelConnector@0.0.0.0:36479
2026-02-19 15:23:51.854:INFO:oejs.Server:jetty-8.1.9.v20130131
2026-02-19 15:23:51.865:INFO:oejs.AbstractConnector:Started SelectChannelConnector@0.0.0.0:46393
[main] INFO spark.staticfiles.StaticFilesConfiguration - StaticResourceHandler configured with folder = /public
[main] INFO spark.staticfiles.StaticFilesConfiguration - External StaticResourceHandler configured with folder = /tmp
[Thread-0] INFO org.eclipse.jetty.util.log - Logging initialized @1307ms to org.eclipse.jetty.util.log.Slf4jLog
[Thread-0] INFO spark.embeddedserver.jetty.EmbeddedJettyServer - == Spark has ignited ...
[Thread-0] INFO spark.embeddedserver.jetty.EmbeddedJettyServer - >> Listening on 0.0.0.0:4567
[Thread-0] INFO org.eclipse.jetty.server.Server - jetty-9.4.31.v20200723; built: 2020-07-23T17:57:36.812Z; git: 450ba27947e13e66baa8cd1ce7e85a4461cacc1d; jvm 17.0.17+10-Ubuntu-124.04
[Thread-0] INFO org.eclipse.jetty.server.session - DefaultSessionIdManager workerName=node0
[Thread-0] INFO org.eclipse.jetty.server.session - No SessionScavenger set, using defaults
[Thread-0] INFO org.eclipse.jetty.server.session - node0 Scavenging every 660000ms
[Thread-0] INFO org.eclipse.jetty.server.AbstractConnector - Started ServerConnector@f48d302{HTTP/1.1, (http/1.1)}{0.0.0.0:4567}
[Thread-0] INFO org.eclipse.jetty.server.Server - Started @1517ms
2026-02-19 15:23:52.557:INFO:oejs.Server:jetty-8.1.9.v20130131
2026-02-19 15:23:52.577:INFO:oejs.AbstractConnector:Started SelectChannelConnector@0.0.0.0:41061
2026-02-19 15:23:52.577:INFO:oejs.Server:jetty-8.1.9.v20130131
2026-02-19 15:23:52.602:INFO:oejs.AbstractConnector:Started SelectChannelConnector@0.0.0.0:40025
2026-02-19 15:23:52.874:INFO:oejs.Server:jetty-8.1.9.v20130131
2026-02-19 15:23:52.888:INFO:oejs.AbstractConnector:Started SelectChannelConnector@0.0.0.0:41605
2026-02-19 15:23:52.888:INFO:oejs.Server:jetty-8.1.9.v20130131
2026-02-19 15:23:52.907:INFO:oejs.AbstractConnector:Started SelectChannelConnector@0.0.0.0:44347
[Thread-18] INFO spark.embeddedserver.jetty.EmbeddedJettyServer - >>> Spark shutting down ...
[Thread-18] INFO org.eclipse.jetty.server.AbstractConnector - Stopped ServerConnector@f48d302{HTTP/1.1, (http/1.1)}{0.0.0.0:4567}
[Thread-18] INFO org.eclipse.jetty.server.session - node0 Stopped scavenging
[Thread-18] INFO spark.embeddedserver.jetty.EmbeddedJettyServer - done
2026-02-19 15:23:53.161:INFO:oejs.Server:jetty-8.1.9.v20130131
2026-02-19 15:23:53.176:INFO:oejs.AbstractConnector:Started SelectChannelConnector@0.0.0.0:43155
2026-02-19 15:23:53.176:INFO:oejs.Server:jetty-8.1.9.v20130131
2026-02-19 15:23:53.200:INFO:oejs.AbstractConnector:Started SelectChannelConnector@0.0.0.0:35749
2026-02-19 15:23:53.798:INFO:oejs.Server:jetty-8.1.9.v20130131
2026-02-19 15:23:53.820:INFO:oejs.AbstractConnector:Started SelectChannelConnector@0.0.0.0:35461
2026-02-19 15:23:53.821:INFO:oejs.Server:jetty-8.1.9.v20130131
2026-02-19 15:23:53.843:INFO:oejs.AbstractConnector:Started SelectChannelConnector@0.0.0.0:38685
2026-02-19 15:23:54.093:INFO:oejs.Server:jetty-8.1.9.v20130131
2026-02-19 15:23:54.106:INFO:oejs.AbstractConnector:Started SelectChannelConnector@0.0.0.0:33147
2026-02-19 15:23:54.106:INFO:oejs.Server:jetty-8.1.9.v20130131
2026-02-19 15:23:54.126:INFO:oejs.AbstractConnector:Started SelectChannelConnector@0.0.0.0:39817
2026-02-19 15:23:54.671:WARN:oejut.QueuedThreadPool:1 threads could not be stopped
2026-02-19 15:23:54.671:INFO:oejut.QueuedThreadPool:Couldn't stop Thread[qtp1336735375-2036,5,main]
2026-02-19 15:23:54.686:INFO:oejut.QueuedThreadPool: at java.base@17.0.17/jdk.internal.misc.Unsafe.unpark(Native Method)
2026-02-19 15:23:54.686:INFO:oejut.QueuedThreadPool: at java.base@17.0.17/java.util.concurrent.locks.LockSupport.unpark(LockSupport.java:177)
2026-02-19 15:23:54.686:INFO:oejut.QueuedThreadPool: at java.base@17.0.17/java.util.concurrent.locks.AbstractQueuedSynchronizer.signalNext(AbstractQueuedSynchronizer.java:611)
2026-02-19 15:23:54.686:INFO:oejut.QueuedThreadPool: at java.base@17.0.17/java.util.concurrent.locks.AbstractQueuedSynchronizer.release(AbstractQueuedSynchronizer.java:1008)
2026-02-19 15:23:54.686:INFO:oejut.QueuedThreadPool: at java.base@17.0.17/java.util.concurrent.locks.ReentrantLock.unlock(ReentrantLock.java:494)
2026-02-19 15:23:54.686:INFO:oejut.QueuedThreadPool: at app//org.eclipse.jetty.util.BlockingArrayQueue.poll(BlockingArrayQueue.java:360)
2026-02-19 15:23:54.686:INFO:oejut.QueuedThreadPool: at app//org.eclipse.jetty.util.thread.QueuedThreadPool.idleJobPoll(QueuedThreadPool.java:526)
2026-02-19 15:23:54.686:INFO:oejut.QueuedThreadPool: at app//org.eclipse.jetty.util.thread.QueuedThreadPool.access$600(QueuedThreadPool.java:44)
2026-02-19 15:23:54.686:INFO:oejut.QueuedThreadPool: at app//org.eclipse.jetty.util.thread.QueuedThreadPool$3.run(QueuedThreadPool.java:572)
2026-02-19 15:23:54.687:INFO:oejut.QueuedThreadPool: at java.base@17.0.17/java.lang.Thread.run(Thread.java:840)
2026-02-19 15:23:54.804:INFO:oejs.Server:jetty-8.1.9.v20130131
2026-02-19 15:23:54.833:INFO:oejs.AbstractConnector:Started SelectChannelConnector@0.0.0.0:46097
2026-02-19 15:23:54.835:INFO:oejs.Server:jetty-8.1.9.v20130131
2026-02-19 15:23:54.855:INFO:oejs.AbstractConnector:Started SelectChannelConnector@0.0.0.0:42571
2026-02-19 15:23:55.106:INFO:oejs.Server:jetty-8.1.9.v20130131
2026-02-19 15:23:55.133:INFO:oejs.AbstractConnector:Started SelectChannelConnector@0.0.0.0:43187
2026-02-19 15:23:55.133:INFO:oejs.Server:jetty-8.1.9.v20130131
2026-02-19 15:23:55.159:INFO:oejs.AbstractConnector:Started SelectChannelConnector@0.0.0.0:42211
2026-02-19 15:23:55.413:INFO:oejs.Server:jetty-8.1.9.v20130131
2026-02-19 15:23:55.428:INFO:oejs.AbstractConnector:Started SelectChannelConnector@0.0.0.0:35991
2026-02-19 15:23:55.428:INFO:oejs.Server:jetty-8.1.9.v20130131
2026-02-19 15:23:55.437:INFO:oejs.AbstractConnector:Started SelectChannelConnector@0.0.0.0:45997
2026-02-19 15:23:55.687:INFO:oejs.Server:jetty-8.1.9.v20130131
2026-02-19 15:23:55.711:INFO:oejs.AbstractConnector:Started SelectChannelConnector@0.0.0.0:42433
2026-02-19 15:23:55.711:INFO:oejs.Server:jetty-8.1.9.v20130131
2026-02-19 15:23:55.739:INFO:oejs.AbstractConnector:Started SelectChannelConnector@0.0.0.0:39785
2026-02-19 15:23:56.024:INFO:oejs.Server:jetty-8.1.9.v20130131
2026-02-19 15:23:56.056:INFO:oejs.AbstractConnector:Started SelectChannelConnector@0.0.0.0:40293
2026-02-19 15:23:56.057:INFO:oejs.Server:jetty-8.1.9.v20130131
2026-02-19 15:23:56.077:INFO:oejs.AbstractConnector:Started SelectChannelConnector@0.0.0.0:41475
2026-02-19 15:23:56.322:INFO:oejs.Server:jetty-8.1.9.v20130131
2026-02-19 15:23:56.374:INFO:oejs.AbstractConnector:Started SelectChannelConnector@0.0.0.0:33351
2026-02-19 15:23:56.374:INFO:oejs.Server:jetty-8.1.9.v20130131
2026-02-19 15:23:56.399:INFO:oejs.AbstractConnector:Started SelectChannelConnector@0.0.0.0:38285
2026-02-19 15:23:56.654:INFO:oejs.Server:jetty-8.1.9.v20130131
2026-02-19 15:23:56.667:INFO:oejs.AbstractConnector:Started SelectChannelConnector@0.0.0.0:44897
2026-02-19 15:23:56.667:INFO:oejs.Server:jetty-8.1.9.v20130131
2026-02-19 15:23:56.694:INFO:oejs.AbstractConnector:Started SelectChannelConnector@0.0.0.0:39319
2026-02-19 15:23:56.940:INFO:oejs.Server:jetty-8.1.9.v20130131
2026-02-19 15:23:56.967:INFO:oejs.AbstractConnector:Started SelectChannelConnector@0.0.0.0:38611
2026-02-19 15:23:56.967:INFO:oejs.Server:jetty-8.1.9.v20130131
2026-02-19 15:23:57.009:INFO:oejs.AbstractConnector:Started SelectChannelConnector@0.0.0.0:43221
2026-02-19 15:23:57.252:INFO:oejs.Server:jetty-8.1.9.v20130131
2026-02-19 15:23:57.271:INFO:oejs.AbstractConnector:Started SelectChannelConnector@0.0.0.0:45767
2026-02-19 15:23:57.271:INFO:oejs.Server:jetty-8.1.9.v20130131
2026-02-19 15:23:57.292:INFO:oejs.AbstractConnector:Started SelectChannelConnector@0.0.0.0:36577
2026-02-19 15:23:57.537:INFO:oejs.Server:jetty-8.1.9.v20130131
2026-02-19 15:23:57.550:INFO:oejs.AbstractConnector:Started SelectChannelConnector@0.0.0.0:37425
2026-02-19 15:23:57.550:INFO:oejs.Server:jetty-8.1.9.v20130131
2026-02-19 15:23:57.563:INFO:oejs.AbstractConnector:Started SelectChannelConnector@0.0.0.0:46135
2026-02-19 15:23:57.848:INFO:oejs.Server:jetty-8.1.9.v20130131
2026-02-19 15:23:57.859:INFO:oejs.AbstractConnector:Started SelectChannelConnector@0.0.0.0:44479
2026-02-19 15:23:57.859:INFO:oejs.Server:jetty-8.1.9.v20130131
 DONE async-http-client/extras/retrofit2 (tests ran)
START commons-weaver/modules/normalizer
 ITER 1
2026-02-19 15:23:57.912:INFO:oejs.AbstractConnector:Started SelectChannelConnector@0.0.0.0:38541
[Thread-0] INFO org.eclipse.jetty.util.log - Logging initialized @896ms to org.eclipse.jetty.util.log.Slf4jLog
[Thread-0] INFO spark.embeddedserver.jetty.EmbeddedJettyServer - == Spark has ignited ...
[Thread-0] INFO spark.embeddedserver.jetty.EmbeddedJettyServer - >> Listening on 0.0.0.0:4567
[Thread-0] INFO org.eclipse.jetty.server.Server - jetty-9.4.31.v20200723; built: 2020-07-23T17:57:36.812Z; git: 450ba27947e13e66baa8cd1ce7e85a4461cacc1d; jvm 17.0.17+10-Ubuntu-124.04
[Thread-0] INFO org.eclipse.jetty.server.session - DefaultSessionIdManager workerName=node0
[Thread-0] INFO org.eclipse.jetty.server.session - No SessionScavenger set, using defaults
[Thread-0] INFO org.eclipse.jetty.server.session - node0 Scavenging every 660000ms
[Thread-0] INFO org.eclipse.jetty.server.AbstractConnector - Started ServerConnector@773863df{HTTP/1.1, (http/1.1)}{0.0.0.0:4567}
[Thread-0] INFO org.eclipse.jetty.server.Server - Started @1014ms
2026-02-19 15:23:58.163:INFO:oejs.Server:jetty-8.1.9.v20130131
2026-02-19 15:23:58.185:INFO:oejs.AbstractConnector:Started SelectChannelConnector@0.0.0.0:40825
2026-02-19 15:23:58.185:INFO:oejs.Server:jetty-8.1.9.v20130131
2026-02-19 15:23:58.212:INFO:oejs.AbstractConnector:Started SelectChannelConnector@0.0.0.0:45055
SLF4J: Class path contains multiple SLF4J bindings.
SLF4J: Found binding in [jar:file:/home/tasfia/.m2/repository/org/apache/logging/log4j/log4j-slf4j-impl/2.14.1/log4j-slf4j-impl-2.14.1.jar!/org/slf4j/impl/StaticLoggerBinder.class]
SLF4J: Found binding in [jar:file:/home/tasfia/.m2/repository/ch/qos/logback/logback-classic/1.2.3/logback-classic-1.2.3.jar!/org/slf4j/impl/StaticLoggerBinder.class]
SLF4J: See http://www.slf4j.org/codes.html#multiple_bindings for an explanation.
SLF4J: Actual binding is of type [org.apache.logging.slf4j.Log4jLoggerFactory]
 DONE commons-vfs/commons-vfs2-jackrabbit2 (tests ran)
2026-02-19 15:23:58.790:INFO:oejs.Server:jetty-8.1.9.v20130131
START commons-net
 ITER 1
2026-02-19 15:23:58.812:INFO:oejs.AbstractConnector:Started SelectChannelConnector@0.0.0.0:34495
2026-02-19 15:23:58.814:INFO:oejs.Server:jetty-8.1.9.v20130131
2026-02-19 15:23:58.819:INFO:oejs.AbstractConnector:Started SelectChannelConnector@0.0.0.0:41857
2026-02-19 15:23:59.416:INFO:oejs.Server:jetty-8.1.9.v20130131
2026-02-19 15:23:59.426:INFO:oejs.AbstractConnector:Started SelectChannelConnector@0.0.0.0:34895
2026-02-19 15:23:59.426:INFO:oejs.Server:jetty-8.1.9.v20130131
2026-02-19 15:23:59.432:INFO:oejs.AbstractConnector:Started SelectChannelConnector@0.0.0.0:39059
 DONE commons-dbutils (tests ran)
START JSON-java
 ITER 1
2026-02-19 15:24:00.092:INFO:oejs.Server:jetty-8.1.9.v20130131
2026-02-19 15:24:00.112:INFO:oejs.AbstractConnector:Started SelectChannelConnector@0.0.0.0:35787
2026-02-19 15:24:00.112:INFO:oejs.Server:jetty-8.1.9.v20130131
2026-02-19 15:24:00.125:INFO:oejs.AbstractConnector:Started SelectChannelConnector@0.0.0.0:45255
2026-02-19 15:24:00.375:INFO:oejs.Server:jetty-8.1.9.v20130131
2026-02-19 15:24:00.396:INFO:oejs.AbstractConnector:Started SelectChannelConnector@0.0.0.0:37667
2026-02-19 15:24:00.396:INFO:oejs.Server:jetty-8.1.9.v20130131
2026-02-19 15:24:00.405:INFO:oejs.AbstractConnector:Started SelectChannelConnector@0.0.0.0:42067
2026-02-19 15:24:00.647:INFO:oejs.Server:jetty-8.1.9.v20130131
2026-02-19 15:24:00.659:INFO:oejs.AbstractConnector:Started SelectChannelConnector@0.0.0.0:40529
2026-02-19 15:24:00.659:INFO:oejs.Server:jetty-8.1.9.v20130131
2026-02-19 15:24:00.664:INFO:oejs.AbstractConnector:Started SelectChannelConnector@0.0.0.0:33533
2026-02-19 15:24:00.903:INFO:oejs.Server:jetty-8.1.9.v20130131
2026-02-19 15:24:00.917:INFO:oejs.AbstractConnector:Started SelectChannelConnector@0.0.0.0:43251
2026-02-19 15:24:00.917:INFO:oejs.Server:jetty-8.1.9.v20130131
2026-02-19 15:24:00.925:INFO:oejs.AbstractConnector:Started SelectChannelConnector@0.0.0.0:46557
2026-02-19 15:24:01.546:INFO:oejs.Server:jetty-8.1.9.v20130131
2026-02-19 15:24:01.551:INFO:oejs.AbstractConnector:Started SelectChannelConnector@0.0.0.0:37461
2026-02-19 15:24:01.551:INFO:oejs.Server:jetty-8.1.9.v20130131
2026-02-19 15:24:01.555:INFO:oejs.AbstractConnector:Started SelectChannelConnector@0.0.0.0:34715
 DONE commons-validator (tests ran)
START joda-time
 ITER 1
[Thread-0] INFO org.eclipse.jetty.util.log - Logging initialized @725ms to org.eclipse.jetty.util.log.Slf4jLog
[Thread-0] INFO spark.embeddedserver.jetty.EmbeddedJettyServer - == Spark has ignited ...
[Thread-0] INFO spark.embeddedserver.jetty.EmbeddedJettyServer - >> Listening on 0.0.0.0:4567
[Thread-0] INFO org.eclipse.jetty.server.Server - jetty-9.4.31.v20200723; built: 2020-07-23T17:57:36.812Z; git: 450ba27947e13e66baa8cd1ce7e85a4461cacc1d; jvm 17.0.17+10-Ubuntu-124.04
2026-02-19 15:24:02.180:INFO:oejs.Server:jetty-8.1.9.v20130131
2026-02-19 15:24:02.184:INFO:oejs.AbstractConnector:Started SelectChannelConnector@0.0.0.0:41269
2026-02-19 15:24:02.185:INFO:oejs.Server:jetty-8.1.9.v20130131
2026-02-19 15:24:02.190:INFO:oejs.AbstractConnector:Started SelectChannelConnector@0.0.0.0:46335
[Thread-0] INFO org.eclipse.jetty.server.session - DefaultSessionIdManager workerName=node0
[Thread-0] INFO org.eclipse.jetty.server.session - No SessionScavenger set, using defaults
[Thread-0] INFO org.eclipse.jetty.server.session - node0 Scavenging every 660000ms
[Thread-0] INFO org.eclipse.jetty.server.AbstractConnector - Started ServerConnector@104b983e{HTTP/1.1, (http/1.1)}{0.0.0.0:4567}
[Thread-0] INFO org.eclipse.jetty.server.Server - Started @899ms
[main] INFO spark.BodyAvailabilityTest_OE25Dev - the body content
[main] INFO spark.BodyAvailabilityTest_OE25Dev - the body content
[main] INFO spark.BodyAvailabilityTest_OE25Dev - the body content
[main] INFO spark.BodyAvailabilityTest_OE25Dev - the body content
[main] INFO spark.BodyAvailabilityTest_OE25Dev - the body content
[Thread-19] INFO spark.embeddedserver.jetty.EmbeddedJettyServer - >>> Spark shutting down ...
[Thread-19] INFO org.eclipse.jetty.server.AbstractConnector - Stopped ServerConnector@104b983e{HTTP/1.1, (http/1.1)}{0.0.0.0:4567}
[Thread-19] INFO org.eclipse.jetty.server.session - node0 Stopped scavenging
[Thread-19] INFO spark.embeddedserver.jetty.EmbeddedJettyServer - done
2026-02-19 15:24:02.802:INFO:oejs.Server:jetty-8.1.9.v20130131
2026-02-19 15:24:02.811:INFO:oejs.AbstractConnector:Started SelectChannelConnector@0.0.0.0:34963
2026-02-19 15:24:02.811:INFO:oejs.Server:jetty-8.1.9.v20130131
2026-02-19 15:24:02.821:INFO:oejs.AbstractConnector:Started SelectChannelConnector@0.0.0.0:42341
2026-02-19 15:24:03.076:INFO:oejs.Server:jetty-8.1.9.v20130131
2026-02-19 15:24:03.088:INFO:oejs.AbstractConnector:Started SelectChannelConnector@0.0.0.0:38385
2026-02-19 15:24:03.088:INFO:oejs.Server:jetty-8.1.9.v20130131
2026-02-19 15:24:03.091:INFO:oejs.AbstractConnector:Started SelectChannelConnector@0.0.0.0:41345
2026-02-19 15:24:03.736:INFO:oejs.Server:jetty-8.1.9.v20130131
2026-02-19 15:24:03.758:INFO:oejs.AbstractConnector:Started SelectChannelConnector@0.0.0.0:45061
2026-02-19 15:24:03.758:INFO:oejs.Server:jetty-8.1.9.v20130131
2026-02-19 15:24:03.779:INFO:oejs.AbstractConnector:Started SelectChannelConnector@0.0.0.0:33727
[Thread-0] INFO org.eclipse.jetty.util.log - Logging initialized @846ms to org.eclipse.jetty.util.log.Slf4jLog
[Thread-0] INFO spark.embeddedserver.jetty.EmbeddedJettyServer - == Spark has ignited ...
[Thread-0] INFO spark.embeddedserver.jetty.EmbeddedJettyServer - >> Listening on 0.0.0.0:4567
[Thread-0] INFO org.eclipse.jetty.server.Server - jetty-9.4.31.v20200723; built: 2020-07-23T17:57:36.812Z; git: 450ba27947e13e66baa8cd1ce7e85a4461cacc1d; jvm 17.0.17+10-Ubuntu-124.04
[Thread-0] INFO org.eclipse.jetty.server.session - DefaultSessionIdManager workerName=node0
[Thread-0] INFO org.eclipse.jetty.server.session - No SessionScavenger set, using defaults
[Thread-0] INFO org.eclipse.jetty.server.session - node0 Scavenging every 660000ms
[Thread-0] INFO org.eclipse.jetty.server.AbstractConnector - Started ServerConnector@15ee1c1f{HTTP/1.1, (http/1.1)}{0.0.0.0:4567}
[Thread-0] INFO org.eclipse.jetty.server.Server - Started @1071ms
[qtp282357098-43] INFO spark.http.matching.MatcherFilter - The requested route [/tobeunmapped] has not been mapped in Spark for Accept: [text/html]
[qtp282357098-43] INFO spark.http.matching.MatcherFilter - The requested route [/tobeunmapped] has not been mapped in Spark for Accept: [text/html]
[qtp282357098-46] INFO spark.http.matching.MatcherFilter - The requested route [/tobeunmapped] has not been mapped in Spark for Accept: [text/html]
[qtp282357098-31] INFO spark.http.matching.MatcherFilter - The requested route [/tobeunmapped] has not been mapped in Spark for Accept: [text/html]
[qtp282357098-31] INFO spark.http.matching.MatcherFilter - The requested route [/tobeunmapped] has not been mapped in Spark for Accept: [text/html]
2026-02-19 15:24:04.391:INFO:oejs.Server:jetty-8.1.9.v20130131
2026-02-19 15:24:04.399:INFO:oejs.AbstractConnector:Started SelectChannelConnector@0.0.0.0:35191
2026-02-19 15:24:04.401:INFO:oejs.Server:jetty-8.1.9.v20130131
2026-02-19 15:24:04.420:INFO:oejs.AbstractConnector:Started SelectChannelConnector@0.0.0.0:40815
2026-02-19 15:24:04.663:INFO:oejs.Server:jetty-8.1.9.v20130131
2026-02-19 15:24:04.679:INFO:oejs.AbstractConnector:Started SelectChannelConnector@0.0.0.0:46709
2026-02-19 15:24:04.679:INFO:oejs.Server:jetty-8.1.9.v20130131
2026-02-19 15:24:04.681:INFO:oejs.AbstractConnector:Started SelectChannelConnector@0.0.0.0:44037
 DONE commons-weaver/processor (tests ran)
START commons-rng/commons-rng-simple
 ITER 1
2026-02-19 15:24:05.293:INFO:oejs.Server:jetty-8.1.9.v20130131
2026-02-19 15:24:05.310:INFO:oejs.AbstractConnector:Started SelectChannelConnector@0.0.0.0:42501
2026-02-19 15:24:05.310:INFO:oejs.Server:jetty-8.1.9.v20130131
2026-02-19 15:24:05.327:INFO:oejs.AbstractConnector:Started SelectChannelConnector@0.0.0.0:35063
[main] INFO spark.staticfiles.StaticFilesConfiguration - StaticResourceHandler configured with folder = /public
[Thread-0] INFO org.eclipse.jetty.util.log - Logging initialized @503ms to org.eclipse.jetty.util.log.Slf4jLog
2026-02-19 15:24:05.925:INFO:oejs.Server:jetty-8.1.9.v20130131
2026-02-19 15:24:05.926:INFO:oejs.AbstractConnector:Started SelectChannelConnector@0.0.0.0:41521
2026-02-19 15:24:05.926:INFO:oejs.Server:jetty-8.1.9.v20130131
2026-02-19 15:24:05.931:INFO:oejs.AbstractConnector:Started SelectChannelConnector@0.0.0.0:40903
[Thread-1] INFO spark.embeddedserver.jetty.EmbeddedJettyServer - == Spark has ignited ...
[Thread-1] INFO spark.embeddedserver.jetty.EmbeddedJettyServer - >> Listening on 0.0.0.0:1234
[Thread-1] INFO org.eclipse.jetty.server.Server - jetty-9.4.31.v20200723; built: 2020-07-23T17:57:36.812Z; git: 450ba27947e13e66baa8cd1ce7e85a4461cacc1d; jvm 17.0.17+10-Ubuntu-124.04
[Thread-0] INFO spark.embeddedserver.jetty.EmbeddedJettyServer - == Spark has ignited ...
[Thread-0] INFO spark.embeddedserver.jetty.EmbeddedJettyServer - >> Listening on 0.0.0.0:4567
[Thread-0] INFO org.eclipse.jetty.server.Server - jetty-9.4.31.v20200723; built: 2020-07-23T17:57:36.812Z; git: 450ba27947e13e66baa8cd1ce7e85a4461cacc1d; jvm 17.0.17+10-Ubuntu-124.04
[Thread-0] INFO org.eclipse.jetty.server.session - DefaultSessionIdManager workerName=node0
[Thread-0] INFO org.eclipse.jetty.server.session - No SessionScavenger set, using defaults
[Thread-1] INFO org.eclipse.jetty.server.session - DefaultSessionIdManager workerName=node0
[Thread-1] INFO org.eclipse.jetty.server.session - No SessionScavenger set, using defaults
[Thread-1] INFO org.eclipse.jetty.server.session - node0 Scavenging every 660000ms
 DONE commons-jcs3/commons-jcs-core (tests ran)
[Thread-0] INFO org.eclipse.jetty.server.session - node0 Scavenging every 660000ms
START commons-rng/commons-rng-core
 ITER 1
[Thread-1] INFO org.eclipse.jetty.server.AbstractConnector - Started ServerConnector@6a4b16f0{HTTP/1.1, (http/1.1)}{0.0.0.0:1234}
[Thread-1] INFO org.eclipse.jetty.server.Server - Started @621ms
[Thread-0] INFO org.eclipse.jetty.server.AbstractConnector - Started ServerConnector@7167f924{HTTP/1.1, (http/1.1)}{0.0.0.0:4567}
[Thread-0] INFO org.eclipse.jetty.server.Server - Started @650ms
[qtp1194789592-56] INFO spark.http.matching.MatcherFilter - The requested route [/uniqueforsecond] has not been mapped in Spark for Accept: [text/html]
[qtp1194789592-56] INFO spark.http.matching.MatcherFilter - The requested route [/css/style.css] has not been mapped in Spark for Accept: [text/html]
[Thread-27] INFO spark.embeddedserver.jetty.EmbeddedJettyServer - >>> Spark shutting down ...
[Thread-28] INFO spark.embeddedserver.jetty.EmbeddedJettyServer - >>> Spark shutting down ...
[Thread-28] INFO org.eclipse.jetty.server.AbstractConnector - Stopped ServerConnector@6a4b16f0{HTTP/1.1, (http/1.1)}{0.0.0.0:1234}
[Thread-28] INFO org.eclipse.jetty.server.session - node0 Stopped scavenging
[Thread-28] INFO spark.embeddedserver.jetty.EmbeddedJettyServer - done
[Thread-27] INFO org.eclipse.jetty.server.AbstractConnector - Stopped ServerConnector@7167f924{HTTP/1.1, (http/1.1)}{0.0.0.0:4567}
[Thread-27] INFO org.eclipse.jetty.server.session - node0 Stopped scavenging
2026-02-19 15:24:06.537:INFO:oejs.Server:jetty-8.1.9.v20130131
2026-02-19 15:24:06.548:INFO:oejs.AbstractConnector:Started SelectChannelConnector@0.0.0.0:45177
2026-02-19 15:24:06.548:INFO:oejs.Server:jetty-8.1.9.v20130131
2026-02-19 15:24:06.562:INFO:oejs.AbstractConnector:Started SelectChannelConnector@0.0.0.0:33017
2026-02-19 15:24:06.833:INFO:oejs.Server:jetty-8.1.9.v20130131
2026-02-19 15:24:06.867:INFO:oejs.AbstractConnector:Started SelectChannelConnector@0.0.0.0:39081
2026-02-19 15:24:06.871:INFO:oejs.Server:jetty-8.1.9.v20130131
2026-02-19 15:24:06.904:INFO:oejs.AbstractConnector:Started SelectChannelConnector@0.0.0.0:44937
[Thread-0] INFO org.eclipse.jetty.util.log - Logging initialized @429ms to org.eclipse.jetty.util.log.Slf4jLog
2026-02-19 15:24:07.164:INFO:oejs.Server:jetty-8.1.9.v20130131
2026-02-19 15:24:07.176:INFO:oejs.AbstractConnector:Started SelectChannelConnector@0.0.0.0:42781
2026-02-19 15:24:07.176:INFO:oejs.Server:jetty-8.1.9.v20130131
2026-02-19 15:24:07.201:INFO:oejs.AbstractConnector:Started SelectChannelConnector@0.0.0.0:37013
[Thread-0] INFO spark.embeddedserver.jetty.EmbeddedJettyServer - == Spark has ignited ...
[Thread-0] INFO spark.embeddedserver.jetty.EmbeddedJettyServer - >> Listening on 0.0.0.0:45251
[Thread-0] INFO org.eclipse.jetty.server.Server - jetty-9.4.31.v20200723; built: 2020-07-23T17:57:36.812Z; git: 450ba27947e13e66baa8cd1ce7e85a4461cacc1d; jvm 17.0.17+10-Ubuntu-124.04
[Thread-0] INFO org.eclipse.jetty.server.session - DefaultSessionIdManager workerName=node0
[Thread-0] INFO org.eclipse.jetty.server.session - No SessionScavenger set, using defaults
[Thread-0] INFO org.eclipse.jetty.server.session - node0 Scavenging every 660000ms
2026-02-19 15:24:07.465:INFO:oejs.Server:jetty-8.1.9.v20130131
[Thread-0] INFO org.eclipse.jetty.server.AbstractConnector - Started ServerConnector@220fab83{HTTP/1.1, (http/1.1)}{0.0.0.0:45251}
[Thread-0] INFO org.eclipse.jetty.server.Server - Started @773ms
[main] INFO spark.ServicePortIntegrationTest_OE25Dev - got port 
2026-02-19 15:24:07.496:INFO:oejs.AbstractConnector:Started SelectChannelConnector@0.0.0.0:45757
2026-02-19 15:24:07.497:INFO:oejs.Server:jetty-8.1.9.v20130131
2026-02-19 15:24:07.518:INFO:oejs.AbstractConnector:Started SelectChannelConnector@0.0.0.0:35021
 DONE commons-weaver/modules/normalizer (tests ran)
[main] INFO spark.ServicePortIntegrationTest_OE25Dev - got port 
START commons-rng/commons-rng-examples/examples-stress
 ITER 1
[Thread-18] INFO spark.embeddedserver.jetty.EmbeddedJettyServer - >>> Spark shutting down ...
2026-02-19 15:24:08.096:INFO:oejs.Server:jetty-8.1.9.v20130131
2026-02-19 15:24:08.103:INFO:oejs.AbstractConnector:Started SelectChannelConnector@0.0.0.0:37289
2026-02-19 15:24:08.104:INFO:oejs.Server:jetty-8.1.9.v20130131
2026-02-19 15:24:08.107:INFO:oejs.AbstractConnector:Started SelectChannelConnector@0.0.0.0:45267
2026-02-19 15:24:08.731:INFO:oejs.Server:jetty-8.1.9.v20130131
2026-02-19 15:24:08.758:INFO:oejs.AbstractConnector:Started SelectChannelConnector@0.0.0.0:33619
2026-02-19 15:24:08.758:INFO:oejs.Server:jetty-8.1.9.v20130131
2026-02-19 15:24:08.773:INFO:oejs.AbstractConnector:Started SelectChannelConnector@0.0.0.0:38689
2026-02-19 15:24:09.019:INFO:oejs.Server:jetty-8.1.9.v20130131
2026-02-19 15:24:09.029:INFO:oejs.AbstractConnector:Started SelectChannelConnector@0.0.0.0:44545
2026-02-19 15:24:09.029:INFO:oejs.Server:jetty-8.1.9.v20130131
2026-02-19 15:24:09.031:INFO:oejs.AbstractConnector:Started SelectChannelConnector@0.0.0.0:33199
2026-02-19 15:24:09.283:INFO:oejs.Server:jetty-8.1.9.v20130131
2026-02-19 15:24:09.294:INFO:oejs.AbstractConnector:Started SelectChannelConnector@0.0.0.0:36631
2026-02-19 15:24:09.294:INFO:oejs.Server:jetty-8.1.9.v20130131
2026-02-19 15:24:09.307:INFO:oejs.AbstractConnector:Started SelectChannelConnector@0.0.0.0:37097
[Thread-0] INFO org.eclipse.jetty.util.log - Logging initialized @847ms to org.eclipse.jetty.util.log.Slf4jLog
[Thread-0] INFO spark.embeddedserver.jetty.EmbeddedJettyServer - == Spark has ignited ...
[Thread-0] INFO spark.embeddedserver.jetty.EmbeddedJettyServer - >> Listening on 0.0.0.0:4567
[Thread-0] INFO org.eclipse.jetty.server.Server - jetty-9.4.31.v20200723; built: 2020-07-23T17:57:36.812Z; git: 450ba27947e13e66baa8cd1ce7e85a4461cacc1d; jvm 17.0.17+10-Ubuntu-124.04
[Thread-0] INFO org.eclipse.jetty.server.session - DefaultSessionIdManager workerName=node0
[Thread-0] INFO org.eclipse.jetty.server.session - No SessionScavenger set, using defaults
[Thread-0] INFO org.eclipse.jetty.server.session - node0 Scavenging every 600000ms
[Thread-0] INFO org.eclipse.jetty.server.AbstractConnector - Started ServerConnector@55c5132f{HTTP/1.1, (http/1.1)}{0.0.0.0:4567}
[Thread-0] INFO org.eclipse.jetty.server.Server - Started @994ms
[qtp935389007-45] INFO spark.http.matching.MatcherFilter - The requested route [/othernotmapped] has not been mapped in Spark for Accept: [text/html]
[qtp935389007-28] INFO spark.http.matching.MatcherFilter - The requested route [/othernotmapped] has not been mapped in Spark for Accept: [text/html]
[qtp935389007-43] ERROR spark.http.matching.GeneralError - 
java.lang.Exception: 
	at spark.customerrorpages.CustomErrorPagesTest_OE25Dev.lambda$setup$1(CustomErrorPagesTest_OE25Dev.java:40)
	at spark.RouteImpl$1.handle(RouteImpl.java:72)
	at spark.http.matching.Routes.execute(Routes.java:61)
	at spark.http.matching.MatcherFilter.doFilter(MatcherFilter.java:134)
	at spark.embeddedserver.jetty.JettyHandler.doHandle(JettyHandler.java:50)
	at org.eclipse.jetty.server.session.SessionHandler.doScope(SessionHandler.java:1584)
	at org.eclipse.jetty.server.handler.ScopedHandler.handle(ScopedHandler.java:141)
	at org.eclipse.jetty.server.handler.HandlerWrapper.handle(HandlerWrapper.java:127)
	at org.eclipse.jetty.server.Server.handle(Server.java:501)
	at org.eclipse.jetty.server.HttpChannel.lambda$handle$1(HttpChannel.java:383)
	at org.eclipse.jetty.server.HttpChannel.dispatch(HttpChannel.java:556)
	at org.eclipse.jetty.server.HttpChannel.handle(HttpChannel.java:375)
	at org.eclipse.jetty.server.HttpConnection.onFillable(HttpConnection.java:273)
	at org.eclipse.jetty.io.AbstractConnection$ReadCallback.succeeded(AbstractConnection.java:311)
	at org.eclipse.jetty.io.FillInterest.fillable(FillInterest.java:105)
	at org.eclipse.jetty.io.ChannelEndPoint$1.run(ChannelEndPoint.java:104)
	at org.eclipse.jetty.util.thread.strategy.EatWhatYouKill.runTask(EatWhatYouKill.java:336)
	at org.eclipse.jetty.util.thread.strategy.EatWhatYouKill.doProduce(EatWhatYouKill.java:313)
	at org.eclipse.jetty.util.thread.strategy.EatWhatYouKill.tryProduce(EatWhatYouKill.java:171)
	at org.eclipse.jetty.util.thread.strategy.EatWhatYouKill.run(EatWhatYouKill.java:129)
	at org.eclipse.jetty.util.thread.ReservedThreadExecutor$ReservedThread.run(ReservedThreadExecutor.java:375)
	at org.eclipse.jetty.util.thread.QueuedThreadPool.runJob(QueuedThreadPool.java:806)
	at org.eclipse.jetty.util.thread.QueuedThreadPool$Runner.run(QueuedThreadPool.java:938)
	at java.base/java.lang.Thread.run(Thread.java:840)
[qtp935389007-43] WARN spark.CustomErrorPages - Custom error page handler for status code 500 has thrown an exception: null. Using default page instead.
[qtp935389007-45] ERROR spark.http.matching.GeneralError - 
java.lang.Exception: 
	at spark.customerrorpages.CustomErrorPagesTest_OE25Dev.lambda$setup$1(CustomErrorPagesTest_OE25Dev.java:40)
	at spark.RouteImpl$1.handle(RouteImpl.java:72)
	at spark.http.matching.Routes.execute(Routes.java:61)
	at spark.http.matching.MatcherFilter.doFilter(MatcherFilter.java:134)
	at spark.embeddedserver.jetty.JettyHandler.doHandle(JettyHandler.java:50)
	at org.eclipse.jetty.server.session.SessionHandler.doScope(SessionHandler.java:1584)
	at org.eclipse.jetty.server.handler.ScopedHandler.handle(ScopedHandler.java:141)
	at org.eclipse.jetty.server.handler.HandlerWrapper.handle(HandlerWrapper.java:127)
	at org.eclipse.jetty.server.Server.handle(Server.java:501)
	at org.eclipse.jetty.server.HttpChannel.lambda$handle$1(HttpChannel.java:383)
	at org.eclipse.jetty.server.HttpChannel.dispatch(HttpChannel.java:556)
	at org.eclipse.jetty.server.HttpChannel.handle(HttpChannel.java:375)
	at org.eclipse.jetty.server.HttpConnection.onFillable(HttpConnection.java:273)
	at org.eclipse.jetty.io.AbstractConnection$ReadCallback.succeeded(AbstractConnection.java:311)
	at org.eclipse.jetty.io.FillInterest.fillable(FillInterest.java:105)
	at org.eclipse.jetty.io.ChannelEndPoint$1.run(ChannelEndPoint.java:104)
	at org.eclipse.jetty.util.thread.strategy.EatWhatYouKill.runTask(EatWhatYouKill.java:336)
	at org.eclipse.jetty.util.thread.strategy.EatWhatYouKill.doProduce(EatWhatYouKill.java:313)
	at org.eclipse.jetty.util.thread.strategy.EatWhatYouKill.tryProduce(EatWhatYouKill.java:171)
	at org.eclipse.jetty.util.thread.strategy.EatWhatYouKill.run(EatWhatYouKill.java:129)
	at org.eclipse.jetty.util.thread.ReservedThreadExecutor$ReservedThread.run(ReservedThreadExecutor.java:375)
	at org.eclipse.jetty.util.thread.QueuedThreadPool.runJob(QueuedThreadPool.java:806)
	at org.eclipse.jetty.util.thread.QueuedThreadPool$Runner.run(QueuedThreadPool.java:938)
	at java.base/java.lang.Thread.run(Thread.java:840)
[qtp935389007-45] WARN spark.CustomErrorPages - Custom error page handler for status code 500 has thrown an exception: null. Using default page instead.
[qtp935389007-43] ERROR spark.http.matching.GeneralError - 
java.lang.Exception: 
	at spark.customerrorpages.CustomErrorPagesTest_OE25Dev.lambda$setup$1(CustomErrorPagesTest_OE25Dev.java:40)
	at spark.RouteImpl$1.handle(RouteImpl.java:72)
	at spark.http.matching.Routes.execute(Routes.java:61)
	at spark.http.matching.MatcherFilter.doFilter(MatcherFilter.java:134)
	at spark.embeddedserver.jetty.JettyHandler.doHandle(JettyHandler.java:50)
	at org.eclipse.jetty.server.session.SessionHandler.doScope(SessionHandler.java:1584)
	at org.eclipse.jetty.server.handler.ScopedHandler.handle(ScopedHandler.java:141)
	at org.eclipse.jetty.server.handler.HandlerWrapper.handle(HandlerWrapper.java:127)
	at org.eclipse.jetty.server.Server.handle(Server.java:501)
	at org.eclipse.jetty.server.HttpChannel.lambda$handle$1(HttpChannel.java:383)
	at org.eclipse.jetty.server.HttpChannel.dispatch(HttpChannel.java:556)
	at org.eclipse.jetty.server.HttpChannel.handle(HttpChannel.java:375)
	at org.eclipse.jetty.server.HttpConnection.onFillable(HttpConnection.java:273)
	at org.eclipse.jetty.io.AbstractConnection$ReadCallback.succeeded(AbstractConnection.java:311)
	at org.eclipse.jetty.io.FillInterest.fillable(FillInterest.java:105)
	at org.eclipse.jetty.io.ChannelEndPoint$1.run(ChannelEndPoint.java:104)
	at org.eclipse.jetty.util.thread.strategy.EatWhatYouKill.runTask(EatWhatYouKill.java:336)
	at org.eclipse.jetty.util.thread.strategy.EatWhatYouKill.doProduce(EatWhatYouKill.java:313)
	at org.eclipse.jetty.util.thread.strategy.EatWhatYouKill.tryProduce(EatWhatYouKill.java:171)
	at org.eclipse.jetty.util.thread.strategy.EatWhatYouKill.run(EatWhatYouKill.java:129)
	at org.eclipse.jetty.util.thread.ReservedThreadExecutor$ReservedThread.run(ReservedThreadExecutor.java:375)
	at org.eclipse.jetty.util.thread.QueuedThreadPool.runJob(QueuedThreadPool.java:806)
	at org.eclipse.jetty.util.thread.QueuedThreadPool$Runner.run(QueuedThreadPool.java:938)
	at java.base/java.lang.Thread.run(Thread.java:840)
[qtp935389007-45] ERROR spark.http.matching.GeneralError - 
java.lang.Exception: 
	at spark.customerrorpages.CustomErrorPagesTest_OE25Dev.lambda$setup$1(CustomErrorPagesTest_OE25Dev.java:40)
	at spark.RouteImpl$1.handle(RouteImpl.java:72)
	at spark.http.matching.Routes.execute(Routes.java:61)
	at spark.http.matching.MatcherFilter.doFilter(MatcherFilter.java:134)
	at spark.embeddedserver.jetty.JettyHandler.doHandle(JettyHandler.java:50)
	at org.eclipse.jetty.server.session.SessionHandler.doScope(SessionHandler.java:1584)
	at org.eclipse.jetty.server.handler.ScopedHandler.handle(ScopedHandler.java:141)
	at org.eclipse.jetty.server.handler.HandlerWrapper.handle(HandlerWrapper.java:127)
	at org.eclipse.jetty.server.Server.handle(Server.java:501)
	at org.eclipse.jetty.server.HttpChannel.lambda$handle$1(HttpChannel.java:383)
	at org.eclipse.jetty.server.HttpChannel.dispatch(HttpChannel.java:556)
	at org.eclipse.jetty.server.HttpChannel.handle(HttpChannel.java:375)
	at org.eclipse.jetty.server.HttpConnection.onFillable(HttpConnection.java:273)
	at org.eclipse.jetty.io.AbstractConnection$ReadCallback.succeeded(AbstractConnection.java:311)
	at org.eclipse.jetty.io.FillInterest.fillable(FillInterest.java:105)
	at org.eclipse.jetty.io.ChannelEndPoint$1.run(ChannelEndPoint.java:104)
	at org.eclipse.jetty.util.thread.strategy.EatWhatYouKill.runTask(EatWhatYouKill.java:336)
	at org.eclipse.jetty.util.thread.strategy.EatWhatYouKill.doProduce(EatWhatYouKill.java:313)
	at org.eclipse.jetty.util.thread.strategy.EatWhatYouKill.tryProduce(EatWhatYouKill.java:171)
	at org.eclipse.jetty.util.thread.strategy.EatWhatYouKill.run(EatWhatYouKill.java:129)
	at org.eclipse.jetty.util.thread.ReservedThreadExecutor$ReservedThread.run(ReservedThreadExecutor.java:375)
	at org.eclipse.jetty.util.thread.QueuedThreadPool.runJob(QueuedThreadPool.java:806)
	at org.eclipse.jetty.util.thread.QueuedThreadPool$Runner.run(QueuedThreadPool.java:938)
	at java.base/java.lang.Thread.run(Thread.java:840)
[qtp935389007-45] ERROR spark.http.matching.GeneralError - 
java.lang.Exception: 
	at spark.customerrorpages.CustomErrorPagesTest_OE25Dev.lambda$setup$1(CustomErrorPagesTest_OE25Dev.java:40)
	at spark.RouteImpl$1.handle(RouteImpl.java:72)
	at spark.http.matching.Routes.execute(Routes.java:61)
	at spark.http.matching.MatcherFilter.doFilter(MatcherFilter.java:134)
	at spark.embeddedserver.jetty.JettyHandler.doHandle(JettyHandler.java:50)
	at org.eclipse.jetty.server.session.SessionHandler.doScope(SessionHandler.java:1584)
	at org.eclipse.jetty.server.handler.ScopedHandler.handle(ScopedHandler.java:141)
	at org.eclipse.jetty.server.handler.HandlerWrapper.handle(HandlerWrapper.java:127)
	at org.eclipse.jetty.server.Server.handle(Server.java:501)
	at org.eclipse.jetty.server.HttpChannel.lambda$handle$1(HttpChannel.java:383)
	at org.eclipse.jetty.server.HttpChannel.dispatch(HttpChannel.java:556)
	at org.eclipse.jetty.server.HttpChannel.handle(HttpChannel.java:375)
	at org.eclipse.jetty.server.HttpConnection.onFillable(HttpConnection.java:273)
	at org.eclipse.jetty.io.AbstractConnection$ReadCallback.succeeded(AbstractConnection.java:311)
	at org.eclipse.jetty.io.FillInterest.fillable(FillInterest.java:105)
	at org.eclipse.jetty.io.ChannelEndPoint$1.run(ChannelEndPoint.java:104)
	at org.eclipse.jetty.util.thread.strategy.EatWhatYouKill.runTask(EatWhatYouKill.java:336)
	at org.eclipse.jetty.util.thread.strategy.EatWhatYouKill.doProduce(EatWhatYouKill.java:313)
	at org.eclipse.jetty.util.thread.strategy.EatWhatYouKill.tryProduce(EatWhatYouKill.java:171)
	at org.eclipse.jetty.util.thread.strategy.EatWhatYouKill.run(EatWhatYouKill.java:129)
	at org.eclipse.jetty.util.thread.ReservedThreadExecutor$ReservedThread.run(ReservedThreadExecutor.java:375)
	at org.eclipse.jetty.util.thread.QueuedThreadPool.runJob(QueuedThreadPool.java:806)
	at org.eclipse.jetty.util.thread.QueuedThreadPool$Runner.run(QueuedThreadPool.java:938)
	at java.base/java.lang.Thread.run(Thread.java:840)
[Thread-18] INFO spark.embeddedserver.jetty.EmbeddedJettyServer - >>> Spark shutting down ...
2026-02-19 15:24:09.925:INFO:oejs.Server:jetty-8.1.9.v20130131
2026-02-19 15:24:09.942:INFO:oejs.AbstractConnector:Started SelectChannelConnector@0.0.0.0:44143
2026-02-19 15:24:09.942:INFO:oejs.Server:jetty-8.1.9.v20130131
2026-02-19 15:24:09.962:INFO:oejs.AbstractConnector:Started SelectChannelConnector@0.0.0.0:45179
java.lang.instrument.IllegalClassFormatException: Error while instrumenting jdk/nio/zipfs/ZipFileSystemProvider.
	at org.jacoco.agent.rt.internal_43f5073.CoverageTransformer.transform(CoverageTransformer.java:94)
	at java.instrument/java.lang.instrument.ClassFileTransformer.transform(ClassFileTransformer.java:244)
	at java.instrument/sun.instrument.TransformerManager.transform(TransformerManager.java:188)
	at java.instrument/sun.instrument.InstrumentationImpl.transform(InstrumentationImpl.java:541)
	at java.base/java.lang.ClassLoader.defineClass2(Native Method)
	at java.base/java.lang.ClassLoader.defineClass(ClassLoader.java:1108)
	at java.base/java.security.SecureClassLoader.defineClass(SecureClassLoader.java:182)
	at java.base/jdk.internal.loader.BuiltinClassLoader.defineClass(BuiltinClassLoader.java:821)
	at java.base/jdk.internal.loader.BuiltinClassLoader.findClassInModuleOrNull(BuiltinClassLoader.java:741)
	at java.base/jdk.internal.loader.BuiltinClassLoader.findClass(BuiltinClassLoader.java:621)
	at java.base/java.lang.ClassLoader.loadClass(ClassLoader.java:637)
	at java.base/java.lang.Class.forName(Class.java:547)
	at java.base/java.util.ServiceLoader.loadProvider(ServiceLoader.java:859)
	at java.base/java.util.ServiceLoader$ModuleServicesLookupIterator.hasNext(ServiceLoader.java:1084)
	at java.base/java.util.ServiceLoader$2.hasNext(ServiceLoader.java:1309)
	at java.base/java.util.ServiceLoader$3.hasNext(ServiceLoader.java:1393)
	at java.base/java.nio.file.spi.FileSystemProvider.loadInstalledProviders(FileSystemProvider.java:156)
	at java.base/java.nio.file.spi.FileSystemProvider$1.run(FileSystemProvider.java:207)
	at java.base/java.nio.file.spi.FileSystemProvider$1.run(FileSystemProvider.java:204)
	at java.base/java.security.AccessController.doPrivileged(AccessController.java:318)
	at java.base/java.nio.file.spi.FileSystemProvider.installedProviders(FileSystemProvider.java:204)
	at java.base/java.nio.file.FileSystems.getFileSystem(FileSystems.java:233)
	at org.apache.bcel.util.ModularRuntimeImage.<init>(ModularRuntimeImage.java:58)
	at org.apache.bcel.util.ClassPath$JrtModules.<init>(ClassPath.java:356)
	at org.apache.bcel.util.ClassPath.<init>(ClassPath.java:569)
	at org.apache.bcel.util.ClassPath.<clinit>(ClassPath.java:443)
	at org.apache.bcel.util.SyntheticRepository.getInstance(SyntheticRepository.java:44)
	at org.apache.bcel.AbstractTestCase.getTestClass(AbstractTestCase.java:63)
	at org.apache.bcel.generic.GeneratingAnnotatedClassesTestCase_OE25Dev.testTransformClassToClassGen_ArrayAndAnnotationTypes_12_oe(GeneratingAnnotatedClassesTestCase_OE25Dev.java:995)
	at java.base/jdk.internal.reflect.NativeMethodAccessorImpl.invoke0(Native Method)
	at java.base/jdk.internal.reflect.NativeMethodAccessorImpl.invoke(NativeMethodAccessorImpl.java:77)
	at java.base/jdk.internal.reflect.DelegatingMethodAccessorImpl.invoke(DelegatingMethodAccessorImpl.java:43)
	at java.base/java.lang.reflect.Method.invoke(Method.java:569)
	at junit.framework.TestCase.runTest(TestCase.java:176)
	at junit.framework.TestCase.runBare(TestCase.java:141)
	at junit.framework.TestResult$1.protect(TestResult.java:122)
	at junit.framework.TestResult.runProtected(TestResult.java:142)
	at junit.framework.TestResult.run(TestResult.java:125)
	at junit.framework.TestCase.run(TestCase.java:129)
	at junit.framework.TestSuite.runTest(TestSuite.java:252)
	at junit.framework.TestSuite.run(TestSuite.java:247)
	at org.junit.internal.runners.JUnit38ClassRunner.run(JUnit38ClassRunner.java:86)
	at org.apache.maven.surefire.junit4.JUnit4Provider.execute(JUnit4Provider.java:365)
	at org.apache.maven.surefire.junit4.JUnit4Provider.executeWithRerun(JUnit4Provider.java:273)
	at org.apache.maven.surefire.junit4.JUnit4Provider.executeTestSet(JUnit4Provider.java:238)
	at org.apache.maven.surefire.junit4.JUnit4Provider.invoke(JUnit4Provider.java:159)
	at org.apache.maven.surefire.booter.ForkedBooter.invokeProviderInSameClassLoader(ForkedBooter.java:383)
	at org.apache.maven.surefire.booter.ForkedBooter.runSuitesInProcess(ForkedBooter.java:344)
	at org.apache.maven.surefire.booter.ForkedBooter.execute(ForkedBooter.java:125)
	at org.apache.maven.surefire.booter.ForkedBooter.main(ForkedBooter.java:417)
Caused by: java.io.IOException: Error while instrumenting jdk/nio/zipfs/ZipFileSystemProvider.
	at org.jacoco.agent.rt.internal_43f5073.core.instr.Instrumenter.instrumentError(Instrumenter.java:159)
	at org.jacoco.agent.rt.internal_43f5073.core.instr.Instrumenter.instrument(Instrumenter.java:109)
	at org.jacoco.agent.rt.internal_43f5073.CoverageTransformer.transform(CoverageTransformer.java:92)
	... 49 more
Caused by: java.lang.IllegalArgumentException: Unsupported class file major version 61
	at org.jacoco.agent.rt.internal_43f5073.asm.ClassReader.<init>(ClassReader.java:195)
	at org.jacoco.agent.rt.internal_43f5073.asm.ClassReader.<init>(ClassReader.java:176)
	at org.jacoco.agent.rt.internal_43f5073.asm.ClassReader.<init>(ClassReader.java:162)
	at org.jacoco.agent.rt.internal_43f5073.core.internal.instr.InstrSupport.classReaderFor(InstrSupport.java:280)
	at org.jacoco.agent.rt.internal_43f5073.core.instr.Instrumenter.instrument(Instrumenter.java:75)
	at org.jacoco.agent.rt.internal_43f5073.core.instr.Instrumenter.instrument(Instrumenter.java:107)
	... 50 more
java.lang.instrument.IllegalClassFormatException: Error while instrumenting jdk/nio/zipfs/ZipFileSystem.
	at org.jacoco.agent.rt.internal_43f5073.CoverageTransformer.transform(CoverageTransformer.java:94)
	at java.instrument/java.lang.instrument.ClassFileTransformer.transform(ClassFileTransformer.java:244)
	at java.instrument/sun.instrument.TransformerManager.transform(TransformerManager.java:188)
	at java.instrument/sun.instrument.InstrumentationImpl.transform(InstrumentationImpl.java:541)
	at java.base/java.lang.ClassLoader.defineClass2(Native Method)
	at java.base/java.lang.ClassLoader.defineClass(ClassLoader.java:1108)
	at java.base/java.security.SecureClassLoader.defineClass(SecureClassLoader.java:182)
	at java.base/jdk.internal.loader.BuiltinClassLoader.defineClass(BuiltinClassLoader.java:821)
	at java.base/jdk.internal.loader.BuiltinClassLoader.findClassInModuleOrNull(BuiltinClassLoader.java:741)
	at java.base/jdk.internal.loader.BuiltinClassLoader.loadClassOrNull(BuiltinClassLoader.java:665)
	at java.base/jdk.internal.loader.BuiltinClassLoader.loadClass(BuiltinClassLoader.java:639)
	at java.base/java.lang.ClassLoader.loadClass(ClassLoader.java:525)
	at java.base/java.lang.Class.getDeclaredMethods0(Native Method)
	at java.base/java.lang.Class.privateGetDeclaredMethods(Class.java:3404)
	at java.base/java.lang.Class.getDeclaredPublicMethods(Class.java:2693)
	at java.base/java.lang.System$2.getDeclaredPublicMethods(System.java:2276)
	at java.base/java.util.ServiceLoader.findStaticProviderMethod(ServiceLoader.java:621)
	at java.base/java.util.ServiceLoader.loadProvider(ServiceLoader.java:885)
	at java.base/java.util.ServiceLoader$ModuleServicesLookupIterator.hasNext(ServiceLoader.java:1084)
	at java.base/java.util.ServiceLoader$2.hasNext(ServiceLoader.java:1309)
	at java.base/java.util.ServiceLoader$3.hasNext(ServiceLoader.java:1393)
	at java.base/java.nio.file.spi.FileSystemProvider.loadInstalledProviders(FileSystemProvider.java:156)
	at java.base/java.nio.file.spi.FileSystemProvider$1.run(FileSystemProvider.java:207)
	at java.base/java.nio.file.spi.FileSystemProvider$1.run(FileSystemProvider.java:204)
	at java.base/java.security.AccessController.doPrivileged(AccessController.java:318)
	at java.base/java.nio.file.spi.FileSystemProvider.installedProviders(FileSystemProvider.java:204)
	at java.base/java.nio.file.FileSystems.getFileSystem(FileSystems.java:233)
	at org.apache.bcel.util.ModularRuntimeImage.<init>(ModularRuntimeImage.java:58)
	at org.apache.bcel.util.ClassPath$JrtModules.<init>(ClassPath.java:356)
	at org.apache.bcel.util.ClassPath.<init>(ClassPath.java:569)
	at org.apache.bcel.util.ClassPath.<clinit>(ClassPath.java:443)
	at org.apache.bcel.util.SyntheticRepository.getInstance(SyntheticRepository.java:44)
	at org.apache.bcel.AbstractTestCase.getTestClass(AbstractTestCase.java:63)
	at org.apache.bcel.generic.GeneratingAnnotatedClassesTestCase_OE25Dev.testTransformClassToClassGen_ArrayAndAnnotationTypes_12_oe(GeneratingAnnotatedClassesTestCase_OE25Dev.java:995)
	at java.base/jdk.internal.reflect.NativeMethodAccessorImpl.invoke0(Native Method)
	at java.base/jdk.internal.reflect.NativeMethodAccessorImpl.invoke(NativeMethodAccessorImpl.java:77)
	at java.base/jdk.internal.reflect.DelegatingMethodAccessorImpl.invoke(DelegatingMethodAccessorImpl.java:43)
	at java.base/java.lang.reflect.Method.invoke(Method.java:569)
	at junit.framework.TestCase.runTest(TestCase.java:176)
	at junit.framework.TestCase.runBare(TestCase.java:141)
	at junit.framework.TestResult$1.protect(TestResult.java:122)
	at junit.framework.TestResult.runProtected(TestResult.java:142)
	at junit.framework.TestResult.run(TestResult.java:125)
	at junit.framework.TestCase.run(TestCase.java:129)
	at junit.framework.TestSuite.runTest(TestSuite.java:252)
	at junit.framework.TestSuite.run(TestSuite.java:247)
	at org.junit.internal.runners.JUnit38ClassRunner.run(JUnit38ClassRunner.java:86)
	at org.apache.maven.surefire.junit4.JUnit4Provider.execute(JUnit4Provider.java:365)
	at org.apache.maven.surefire.junit4.JUnit4Provider.executeWithRerun(JUnit4Provider.java:273)
	at org.apache.maven.surefire.junit4.JUnit4Provider.executeTestSet(JUnit4Provider.java:238)
	at org.apache.maven.surefire.junit4.JUnit4Provider.invoke(JUnit4Provider.java:159)
	at org.apache.maven.surefire.booter.ForkedBooter.invokeProviderInSameClassLoader(ForkedBooter.java:383)
	at org.apache.maven.surefire.booter.ForkedBooter.runSuitesInProcess(ForkedBooter.java:344)
	at org.apache.maven.surefire.booter.ForkedBooter.execute(ForkedBooter.java:125)
	at org.apache.maven.surefire.booter.ForkedBooter.main(ForkedBooter.java:417)
Caused by: java.io.IOException: Error while instrumenting jdk/nio/zipfs/ZipFileSystem.
	at org.jacoco.agent.rt.internal_43f5073.core.instr.Instrumenter.instrumentError(Instrumenter.java:159)
	at org.jacoco.agent.rt.internal_43f5073.core.instr.Instrumenter.instrument(Instrumenter.java:109)
	at org.jacoco.agent.rt.internal_43f5073.CoverageTransformer.transform(CoverageTransformer.java:92)
	... 54 more
Caused by: java.lang.IllegalArgumentException: Unsupported class file major version 61
	at org.jacoco.agent.rt.internal_43f5073.asm.ClassReader.<init>(ClassReader.java:195)
	at org.jacoco.agent.rt.internal_43f5073.asm.ClassReader.<init>(ClassReader.java:176)
	at org.jacoco.agent.rt.internal_43f5073.asm.ClassReader.<init>(ClassReader.java:162)
	at org.jacoco.agent.rt.internal_43f5073.core.internal.instr.InstrSupport.classReaderFor(InstrSupport.java:280)
	at org.jacoco.agent.rt.internal_43f5073.core.instr.Instrumenter.instrument(Instrumenter.java:75)
	at org.jacoco.agent.rt.internal_43f5073.core.instr.Instrumenter.instrument(Instrumenter.java:107)
	... 55 more
2026-02-19 15:24:10.552:INFO:oejs.Server:jetty-8.1.9.v20130131
2026-02-19 15:24:10.564:INFO:oejs.AbstractConnector:Started SelectChannelConnector@0.0.0.0:36099
2026-02-19 15:24:10.564:INFO:oejs.Server:jetty-8.1.9.v20130131
2026-02-19 15:24:10.585:INFO:oejs.AbstractConnector:Started SelectChannelConnector@0.0.0.0:38539
[Thread-0] INFO org.eclipse.jetty.util.log - Logging initialized @484ms to org.eclipse.jetty.util.log.Slf4jLog
[Thread-0] INFO spark.embeddedserver.jetty.EmbeddedJettyServer - == Spark has ignited ...
[Thread-0] INFO spark.embeddedserver.jetty.EmbeddedJettyServer - >> Listening on 0.0.0.0:2147483647
[Thread-0] INFO org.eclipse.jetty.server.Server - jetty-9.4.31.v20200723; built: 2020-07-23T17:57:36.812Z; git: 450ba27947e13e66baa8cd1ce7e85a4461cacc1d; jvm 17.0.17+10-Ubuntu-124.04
[Thread-0] INFO org.eclipse.jetty.server.session - DefaultSessionIdManager workerName=node0
[Thread-0] INFO org.eclipse.jetty.server.session - No SessionScavenger set, using defaults
[Thread-0] INFO org.eclipse.jetty.server.session - node0 Scavenging every 660000ms
[Thread-9] INFO spark.embeddedserver.jetty.EmbeddedJettyServer - >>> Spark shutting down ...
[Thread-9] INFO org.eclipse.jetty.server.AbstractConnector - Stopped ServerConnector@37d9d3f1{HTTP/1.1, (http/1.1)}{0.0.0.0:2147483647}
[Thread-9] INFO org.eclipse.jetty.server.session - node0 Stopped scavenging
[Thread-9] INFO spark.embeddedserver.jetty.EmbeddedJettyServer - done
2026-02-19 15:24:11.187:INFO:oejs.Server:jetty-8.1.9.v20130131
2026-02-19 15:24:11.212:INFO:oejs.AbstractConnector:Started SelectChannelConnector@0.0.0.0:32841
2026-02-19 15:24:11.212:INFO:oejs.Server:jetty-8.1.9.v20130131
2026-02-19 15:24:11.229:INFO:oejs.AbstractConnector:Started SelectChannelConnector@0.0.0.0:38299
2026-02-19 15:24:11.475:INFO:oejs.Server:jetty-8.1.9.v20130131
2026-02-19 15:24:11.496:INFO:oejs.AbstractConnector:Started SelectChannelConnector@0.0.0.0:36619
2026-02-19 15:24:11.497:INFO:oejs.Server:jetty-8.1.9.v20130131
2026-02-19 15:24:11.503:INFO:oejs.AbstractConnector:Started SelectChannelConnector@0.0.0.0:40299
SLF4J: Failed to load class "org.slf4j.impl.StaticLoggerBinder".
SLF4J: Defaulting to no-operation (NOP) logger implementation
SLF4J: See http://www.slf4j.org/codes.html#StaticLoggerBinder for further details.
[Thread-0] INFO org.eclipse.jetty.util.log - Logging initialized @809ms to org.eclipse.jetty.util.log.Slf4jLog
 DONE commons-configuration2 (tests ran)
START commons-rng/commons-rng-examples/examples-sampling
 ITER 1
2026-02-19 15:24:12.132:INFO:oejs.Server:jetty-8.1.9.v20130131
2026-02-19 15:24:12.139:INFO:oejs.AbstractConnector:Started SelectChannelConnector@0.0.0.0:34483
2026-02-19 15:24:12.139:INFO:oejs.Server:jetty-8.1.9.v20130131
2026-02-19 15:24:12.147:INFO:oejs.AbstractConnector:Started SelectChannelConnector@0.0.0.0:46333
[Thread-0] INFO spark.embeddedserver.jetty.EmbeddedJettyServer - == Spark has ignited ...
[Thread-0] INFO spark.embeddedserver.jetty.EmbeddedJettyServer - >> Listening on 0.0.0.0:4567
[Thread-0] INFO org.eclipse.jetty.server.Server - jetty-9.4.31.v20200723; built: 2020-07-23T17:57:36.812Z; git: 450ba27947e13e66baa8cd1ce7e85a4461cacc1d; jvm 17.0.17+10-Ubuntu-124.04
[Thread-0] INFO org.eclipse.jetty.server.session - DefaultSessionIdManager workerName=node0
[Thread-0] INFO org.eclipse.jetty.server.session - No SessionScavenger set, using defaults
[Thread-0] INFO org.eclipse.jetty.server.session - node0 Scavenging every 660000ms
[Thread-0] INFO org.eclipse.jetty.server.AbstractConnector - Started ServerConnector@70a60a2d{HTTP/1.1, (http/1.1)}{0.0.0.0:4567}
[Thread-0] INFO org.eclipse.jetty.server.Server - Started @942ms
2026-02-19 15:24:12.387:INFO:oejs.Server:jetty-8.1.9.v20130131
[qtp1144218909-45] INFO spark.http.matching.MatcherFilter - The requested route [/justfilter] has not been mapped in Spark for Accept: [text/html]
2026-02-19 15:24:12.399:INFO:oejs.AbstractConnector:Started SelectChannelConnector@0.0.0.0:40871
2026-02-19 15:24:12.399:INFO:oejs.Server:jetty-8.1.9.v20130131
2026-02-19 15:24:12.413:INFO:oejs.AbstractConnector:Started SelectChannelConnector@0.0.0.0:43471
 DONE bcel (tests ran)
[Thread-18] INFO spark.embeddedserver.jetty.EmbeddedJettyServer - >>> Spark shutting down ...
START commons-rng/commons-rng-sampling
 ITER 1
 DONE JSON-java (tests ran)
START commons-beanutils
 ITER 1
2026-02-19 15:24:13.040:INFO:oejs.Server:jetty-8.1.9.v20130131
2026-02-19 15:24:13.052:INFO:oejs.AbstractConnector:Started SelectChannelConnector@0.0.0.0:45681
2026-02-19 15:24:13.052:INFO:oejs.Server:jetty-8.1.9.v20130131
2026-02-19 15:24:13.074:INFO:oejs.AbstractConnector:Started SelectChannelConnector@0.0.0.0:33795
2026-02-19 15:24:13.337:INFO:oejs.Server:jetty-8.1.9.v20130131
2026-02-19 15:24:13.338:INFO:oejs.AbstractConnector:Started SelectChannelConnector@0.0.0.0:37261
2026-02-19 15:24:13.339:INFO:oejs.Server:jetty-8.1.9.v20130131
2026-02-19 15:24:13.358:INFO:oejs.AbstractConnector:Started SelectChannelConnector@0.0.0.0:45715
[Thread-0] INFO org.eclipse.jetty.util.log - Logging initialized @536ms to org.eclipse.jetty.util.log.Slf4jLog
[Thread-0] INFO spark.embeddedserver.jetty.EmbeddedJettyServer - == Spark has ignited ...
[Thread-0] INFO spark.embeddedserver.jetty.EmbeddedJettyServer - >> Listening on 0.0.0.0:4567
[Thread-0] INFO org.eclipse.jetty.server.Server - jetty-9.4.31.v20200723; built: 2020-07-23T17:57:36.812Z; git: 450ba27947e13e66baa8cd1ce7e85a4461cacc1d; jvm 17.0.17+10-Ubuntu-124.04
[Thread-0] INFO org.eclipse.jetty.server.session - DefaultSessionIdManager workerName=node0
[Thread-0] INFO org.eclipse.jetty.server.session - No SessionScavenger set, using defaults
[Thread-0] INFO org.eclipse.jetty.server.session - node0 Scavenging every 600000ms
[Thread-0] INFO org.eclipse.jetty.server.AbstractConnector - Started ServerConnector@6534f148{HTTP/1.1, (http/1.1)}{0.0.0.0:4567}
[Thread-0] INFO org.eclipse.jetty.server.Server - Started @768ms
2026-02-19 15:24:13.982:INFO:oejs.Server:jetty-8.1.9.v20130131
2026-02-19 15:24:13.989:INFO:oejs.AbstractConnector:Started SelectChannelConnector@0.0.0.0:41679
2026-02-19 15:24:13.990:INFO:oejs.Server:jetty-8.1.9.v20130131
2026-02-19 15:24:14.007:INFO:oejs.AbstractConnector:Started SelectChannelConnector@0.0.0.0:39229
[Thread-19] INFO spark.embeddedserver.jetty.EmbeddedJettyServer - >>> Spark shutting down ...
[Thread-19] INFO org.eclipse.jetty.server.AbstractConnector - Stopped ServerConnector@6534f148{HTTP/1.1, (http/1.1)}{0.0.0.0:4567}
[Thread-19] INFO org.eclipse.jetty.server.session - node0 Stopped scavenging
[Thread-19] INFO spark.embeddedserver.jetty.EmbeddedJettyServer - done
2026-02-19 15:24:14.678:INFO:oejs.Server:jetty-8.1.9.v20130131
2026-02-19 15:24:14.693:INFO:oejs.AbstractConnector:Started SelectChannelConnector@0.0.0.0:45601
2026-02-19 15:24:14.693:INFO:oejs.Server:jetty-8.1.9.v20130131
2026-02-19 15:24:14.718:INFO:oejs.AbstractConnector:Started SelectChannelConnector@0.0.0.0:37441
2026-02-19 15:24:14.966:INFO:oejs.Server:jetty-8.1.9.v20130131
2026-02-19 15:24:14.990:INFO:oejs.AbstractConnector:Started SelectChannelConnector@0.0.0.0:45189
2026-02-19 15:24:14.990:INFO:oejs.Server:jetty-8.1.9.v20130131
2026-02-19 15:24:15.000:INFO:oejs.AbstractConnector:Started SelectChannelConnector@0.0.0.0:37507
[main] INFO spark.staticfiles.StaticFilesConfiguration - StaticResourceHandler configured with folder = /public
[Thread-0] INFO org.eclipse.jetty.util.log - Logging initialized @680ms to org.eclipse.jetty.util.log.Slf4jLog
Test suite cannot show you a thread snapshot: java.lang.reflect.InaccessibleObjectException: Unable to make field private java.lang.Runnable java.lang.Thread.target accessible: module java.base does not "opens java.lang" to unnamed module @20abdeca
2026-02-19 15:24:15.260:INFO:oejs.Server:jetty-8.1.9.v20130131
2026-02-19 15:24:15.273:INFO:oejs.AbstractConnector:Started SelectChannelConnector@0.0.0.0:41001
[Thread-0] INFO spark.embeddedserver.jetty.EmbeddedJettyServer - == Spark has ignited ...
[Thread-0] INFO spark.embeddedserver.jetty.EmbeddedJettyServer - >> Listening on 0.0.0.0:4567
2026-02-19 15:24:15.274:INFO:oejs.Server:jetty-8.1.9.v20130131
2026-02-19 15:24:15.278:INFO:oejs.AbstractConnector:Started SelectChannelConnector@0.0.0.0:36531
[Thread-0] INFO org.eclipse.jetty.server.Server - jetty-9.4.31.v20200723; built: 2020-07-23T17:57:36.812Z; git: 450ba27947e13e66baa8cd1ce7e85a4461cacc1d; jvm 17.0.17+10-Ubuntu-124.04
[Thread-0] INFO org.eclipse.jetty.server.session - DefaultSessionIdManager workerName=node0
[Thread-0] INFO org.eclipse.jetty.server.session - No SessionScavenger set, using defaults
[Thread-0] INFO org.eclipse.jetty.server.session - node0 Scavenging every 660000ms
[Thread-0] INFO org.eclipse.jetty.server.AbstractConnector - Started ServerConnector@242b678f{HTTP/1.1, (http/1.1)}{0.0.0.0:4567}
[Thread-0] INFO org.eclipse.jetty.server.Server - Started @955ms
2026-02-19 15:24:15.518:INFO:oejs.Server:jetty-8.1.9.v20130131
2026-02-19 15:24:15.527:INFO:oejs.AbstractConnector:Started SelectChannelConnector@0.0.0.0:39959
2026-02-19 15:24:15.527:INFO:oejs.Server:jetty-8.1.9.v20130131
2026-02-19 15:24:15.542:INFO:oejs.AbstractConnector:Started SelectChannelConnector@0.0.0.0:44823
[Thread-18] INFO spark.embeddedserver.jetty.EmbeddedJettyServer - >>> Spark shutting down ...
2026-02-19 15:24:15.777:INFO:oejs.Server:jetty-8.1.9.v20130131
2026-02-19 15:24:15.789:INFO:oejs.AbstractConnector:Started SelectChannelConnector@0.0.0.0:44651
2026-02-19 15:24:15.789:INFO:oejs.Server:jetty-8.1.9.v20130131
2026-02-19 15:24:15.812:INFO:oejs.AbstractConnector:Started SelectChannelConnector@0.0.0.0:42827
2026-02-19 15:24:16.065:INFO:oejs.Server:jetty-8.1.9.v20130131
2026-02-19 15:24:16.078:INFO:oejs.AbstractConnector:Started SelectChannelConnector@0.0.0.0:42135
2026-02-19 15:24:16.078:INFO:oejs.Server:jetty-8.1.9.v20130131
2026-02-19 15:24:16.121:INFO:oejs.AbstractConnector:Started SelectChannelConnector@0.0.0.0:46491
2026-02-19 15:24:16.367:INFO:oejs.Server:jetty-8.1.9.v20130131
2026-02-19 15:24:16.377:INFO:oejs.AbstractConnector:Started SelectChannelConnector@0.0.0.0:44593
2026-02-19 15:24:16.389:INFO:oejs.Server:jetty-8.1.9.v20130131
2026-02-19 15:24:16.405:INFO:oejs.AbstractConnector:Started SelectChannelConnector@0.0.0.0:36235
 DONE commons-jexl3 (tests ran)
START commons-numbers/commons-numbers-gamma
 ITER 1
[main] INFO spark.staticfiles.StaticFilesConfiguration - StaticResourceHandler configured with folder = /public
[main] INFO spark.staticfiles.StaticFilesConfiguration - External StaticResourceHandler configured with folder = /tmp
[Thread-0] INFO org.eclipse.jetty.util.log - Logging initialized @857ms to org.eclipse.jetty.util.log.Slf4jLog
[Thread-0] INFO spark.embeddedserver.jetty.EmbeddedJettyServer - == Spark has ignited ...
[Thread-0] INFO spark.embeddedserver.jetty.EmbeddedJettyServer - >> Listening on 0.0.0.0:4567
[Thread-0] INFO org.eclipse.jetty.server.Server - jetty-9.4.31.v20200723; built: 2020-07-23T17:57:36.812Z; git: 450ba27947e13e66baa8cd1ce7e85a4461cacc1d; jvm 17.0.17+10-Ubuntu-124.04
2026-02-19 15:24:16.970:INFO:oejs.Server:jetty-8.1.9.v20130131
[Thread-0] INFO org.eclipse.jetty.server.session - DefaultSessionIdManager workerName=node0
[Thread-0] INFO org.eclipse.jetty.server.session - No SessionScavenger set, using defaults
[Thread-0] INFO org.eclipse.jetty.server.session - node0 Scavenging every 600000ms
2026-02-19 15:24:16.989:INFO:oejs.AbstractConnector:Started SelectChannelConnector@0.0.0.0:42673
2026-02-19 15:24:16.989:INFO:oejs.Server:jetty-8.1.9.v20130131
2026-02-19 15:24:16.996:INFO:oejs.AbstractConnector:Started SelectChannelConnector@0.0.0.0:36527
[Thread-0] INFO org.eclipse.jetty.server.handler.ContextHandler - Started o.e.j.s.ServletContextHandler@3f324e4f{/,null,AVAILABLE}
[Thread-0] INFO org.eclipse.jetty.server.AbstractConnector - Started ServerConnector@72785550{HTTP/1.1, (http/1.1)}{0.0.0.0:4567}
[Thread-0] INFO org.eclipse.jetty.server.Server - Started @1097ms
2026-02-19 15:24:17.269:INFO:oejs.Server:jetty-8.1.9.v20130131
2026-02-19 15:24:17.271:INFO:oejs.AbstractConnector:Started SelectChannelConnector@0.0.0.0:33953
2026-02-19 15:24:17.271:INFO:oejs.Server:jetty-8.1.9.v20130131
2026-02-19 15:24:17.272:INFO:oejs.AbstractConnector:Started SelectChannelConnector@0.0.0.0:36059
[main] INFO spark.GenericIntegrationTest_OE25Dev - Body was: Fo shizzy
[main] INFO spark.GenericIntegrationTest_OE25Dev - Body was: Fo shizzy
[qtp722316531-43] ERROR spark.http.matching.GeneralError - 
java.lang.RuntimeException
	at spark.GenericIntegrationTest_OE25Dev.lambda$setup$35(GenericIntegrationTest_OE25Dev.java:195)
	at spark.RouteImpl$1.handle(RouteImpl.java:72)
	at spark.http.matching.Routes.execute(Routes.java:61)
	at spark.http.matching.MatcherFilter.doFilter(MatcherFilter.java:134)
	at spark.embeddedserver.jetty.JettyHandler.doHandle(JettyHandler.java:50)
	at org.eclipse.jetty.server.session.SessionHandler.doScope(SessionHandler.java:1584)
	at org.eclipse.jetty.server.handler.ScopedHandler.handle(ScopedHandler.java:141)
	at org.eclipse.jetty.server.handler.HandlerList.handle(HandlerList.java:59)
	at org.eclipse.jetty.server.handler.HandlerWrapper.handle(HandlerWrapper.java:127)
	at org.eclipse.jetty.server.Server.handle(Server.java:501)
	at org.eclipse.jetty.server.HttpChannel.lambda$handle$1(HttpChannel.java:383)
	at org.eclipse.jetty.server.HttpChannel.dispatch(HttpChannel.java:556)
	at org.eclipse.jetty.server.HttpChannel.handle(HttpChannel.java:375)
	at org.eclipse.jetty.server.HttpConnection.onFillable(HttpConnection.java:273)
	at org.eclipse.jetty.io.AbstractConnection$ReadCallback.succeeded(AbstractConnection.java:311)
	at org.eclipse.jetty.io.FillInterest.fillable(FillInterest.java:105)
	at org.eclipse.jetty.io.ChannelEndPoint$1.run(ChannelEndPoint.java:104)
	at org.eclipse.jetty.util.thread.strategy.EatWhatYouKill.runTask(EatWhatYouKill.java:336)
	at org.eclipse.jetty.util.thread.strategy.EatWhatYouKill.doProduce(EatWhatYouKill.java:313)
	at org.eclipse.jetty.util.thread.strategy.EatWhatYouKill.tryProduce(EatWhatYouKill.java:171)
	at org.eclipse.jetty.util.thread.strategy.EatWhatYouKill.run(EatWhatYouKill.java:129)
	at org.eclipse.jetty.util.thread.ReservedThreadExecutor$ReservedThread.run(ReservedThreadExecutor.java:375)
	at org.eclipse.jetty.util.thread.QueuedThreadPool.runJob(QueuedThreadPool.java:806)
	at org.eclipse.jetty.util.thread.QueuedThreadPool$Runner.run(QueuedThreadPool.java:938)
	at java.base/java.lang.Thread.run(Thread.java:840)
[qtp722316531-28] ERROR spark.http.matching.GeneralError - 
java.lang.RuntimeException
	at spark.GenericIntegrationTest_OE25Dev.lambda$setup$35(GenericIntegrationTest_OE25Dev.java:195)
	at spark.RouteImpl$1.handle(RouteImpl.java:72)
	at spark.http.matching.Routes.execute(Routes.java:61)
	at spark.http.matching.MatcherFilter.doFilter(MatcherFilter.java:134)
	at spark.embeddedserver.jetty.JettyHandler.doHandle(JettyHandler.java:50)
	at org.eclipse.jetty.server.session.SessionHandler.doScope(SessionHandler.java:1584)
	at org.eclipse.jetty.server.handler.ScopedHandler.handle(ScopedHandler.java:141)
	at org.eclipse.jetty.server.handler.HandlerList.handle(HandlerList.java:59)
	at org.eclipse.jetty.server.handler.HandlerWrapper.handle(HandlerWrapper.java:127)
	at org.eclipse.jetty.server.Server.handle(Server.java:501)
	at org.eclipse.jetty.server.HttpChannel.lambda$handle$1(HttpChannel.java:383)
	at org.eclipse.jetty.server.HttpChannel.dispatch(HttpChannel.java:556)
	at org.eclipse.jetty.server.HttpChannel.handle(HttpChannel.java:375)
	at org.eclipse.jetty.server.HttpConnection.onFillable(HttpConnection.java:273)
	at org.eclipse.jetty.io.AbstractConnection$ReadCallback.succeeded(AbstractConnection.java:311)
	at org.eclipse.jetty.io.FillInterest.fillable(FillInterest.java:105)
	at org.eclipse.jetty.io.ChannelEndPoint$1.run(ChannelEndPoint.java:104)
	at org.eclipse.jetty.util.thread.strategy.EatWhatYouKill.runTask(EatWhatYouKill.java:336)
	at org.eclipse.jetty.util.thread.strategy.EatWhatYouKill.doProduce(EatWhatYouKill.java:313)
	at org.eclipse.jetty.util.thread.strategy.EatWhatYouKill.tryProduce(EatWhatYouKill.java:171)
	at org.eclipse.jetty.util.thread.strategy.EatWhatYouKill.run(EatWhatYouKill.java:129)
	at org.eclipse.jetty.util.thread.ReservedThreadExecutor$ReservedThread.run(ReservedThreadExecutor.java:375)
	at org.eclipse.jetty.util.thread.QueuedThreadPool.runJob(QueuedThreadPool.java:806)
	at org.eclipse.jetty.util.thread.QueuedThreadPool$Runner.run(QueuedThreadPool.java:938)
	at java.base/java.lang.Thread.run(Thread.java:840)
2026-02-19 15:24:17.992:INFO:oejs.Server:jetty-8.1.9.v20130131
2026-02-19 15:24:18.015:INFO:oejs.AbstractConnector:Started SelectChannelConnector@0.0.0.0:34167
2026-02-19 15:24:18.015:INFO:oejs.Server:jetty-8.1.9.v20130131
2026-02-19 15:24:18.022:INFO:oejs.AbstractConnector:Started SelectChannelConnector@0.0.0.0:40217
[Thread-79] INFO spark.embeddedserver.jetty.EmbeddedJettyServer - >>> Spark shutting down ...
2026-02-19 15:24:18.249:INFO:oejs.Server:jetty-8.1.9.v20130131
2026-02-19 15:24:18.270:INFO:oejs.AbstractConnector:Started SelectChannelConnector@0.0.0.0:42219
2026-02-19 15:24:18.270:INFO:oejs.Server:jetty-8.1.9.v20130131
2026-02-19 15:24:18.285:INFO:oejs.AbstractConnector:Started SelectChannelConnector@0.0.0.0:38075
2026-02-19 15:24:18.526:INFO:oejs.Server:jetty-8.1.9.v20130131
2026-02-19 15:24:18.544:INFO:oejs.AbstractConnector:Started SelectChannelConnector@0.0.0.0:43663
2026-02-19 15:24:18.545:INFO:oejs.Server:jetty-8.1.9.v20130131
2026-02-19 15:24:18.576:INFO:oejs.AbstractConnector:Started SelectChannelConnector@0.0.0.0:41661
2026-02-19 15:24:18.818:INFO:oejs.Server:jetty-8.1.9.v20130131
2026-02-19 15:24:18.836:INFO:oejs.AbstractConnector:Started SelectChannelConnector@0.0.0.0:36569
2026-02-19 15:24:18.836:INFO:oejs.Server:jetty-8.1.9.v20130131
2026-02-19 15:24:18.844:INFO:oejs.AbstractConnector:Started SelectChannelConnector@0.0.0.0:45747
2026-02-19 15:24:19.104:INFO:oejs.Server:jetty-8.1.9.v20130131
2026-02-19 15:24:19.132:INFO:oejs.AbstractConnector:Started SelectChannelConnector@0.0.0.0:42851
2026-02-19 15:24:19.132:INFO:oejs.Server:jetty-8.1.9.v20130131
2026-02-19 15:24:19.148:INFO:oejs.AbstractConnector:Started SelectChannelConnector@0.0.0.0:34325
2026-02-19 15:24:19.411:INFO:oejs.Server:jetty-8.1.9.v20130131
2026-02-19 15:24:19.435:INFO:oejs.AbstractConnector:Started SelectChannelConnector@0.0.0.0:46873
2026-02-19 15:24:19.439:INFO:oejs.Server:jetty-8.1.9.v20130131
2026-02-19 15:24:19.455:INFO:oejs.AbstractConnector:Started SelectChannelConnector@0.0.0.0:43549
[main] INFO org.eclipse.jetty.util.log - Logging initialized @908ms to org.eclipse.jetty.util.log.Slf4jLog
[main] WARN org.eclipse.jetty.server.AbstractConnector - Ignoring deprecated socket close linger time
[Thread-0] INFO spark.servlet.ServletTest_OE25Dev - >>> STARTING EMBEDDED JETTY SERVER for jUnit testing of SparkFilter
[Thread-0] INFO org.eclipse.jetty.server.Server - jetty-9.4.31.v20200723; built: 2020-07-23T17:57:36.812Z; git: 450ba27947e13e66baa8cd1ce7e85a4461cacc1d; jvm 17.0.17+10-Ubuntu-124.04
2026-02-19 15:24:19.701:INFO:oejs.Server:jetty-8.1.9.v20130131
2026-02-19 15:24:19.709:INFO:oejs.AbstractConnector:Started SelectChannelConnector@0.0.0.0:40231
2026-02-19 15:24:19.709:INFO:oejs.Server:jetty-8.1.9.v20130131
2026-02-19 15:24:19.727:INFO:oejs.AbstractConnector:Started SelectChannelConnector@0.0.0.0:35387
[Thread-0] INFO org.eclipse.jetty.webapp.StandardDescriptorProcessor - NO JSP Support for /somepath, did not find org.eclipse.jetty.jsp.JettyJspServlet
[Thread-0] INFO org.eclipse.jetty.server.session - DefaultSessionIdManager workerName=node0
[Thread-0] INFO org.eclipse.jetty.server.session - No SessionScavenger set, using defaults
[Thread-0] INFO org.eclipse.jetty.server.session - node0 Scavenging every 600000ms
[Thread-0] INFO spark.staticfiles.StaticFilesConfiguration - External StaticResourceHandler configured with folder = /tmp
[Thread-0] INFO spark.staticfiles.StaticFilesConfiguration - StaticResourceHandler configured with folder = /public
2026-02-19 15:24:19.988:INFO:oejs.Server:jetty-8.1.9.v20130131
2026-02-19 15:24:20.004:INFO:oejs.AbstractConnector:Started SelectChannelConnector@0.0.0.0:46695
2026-02-19 15:24:20.004:INFO:oejs.Server:jetty-8.1.9.v20130131
2026-02-19 15:24:20.020:INFO:oejs.AbstractConnector:Started SelectChannelConnector@0.0.0.0:46331
Test suite cannot show you a thread snapshot: java.lang.reflect.InaccessibleObjectException: Unable to make field private java.lang.Runnable java.lang.Thread.target accessible: module java.base does not "opens java.lang" to unnamed module @20abdeca
[Thread-0] INFO org.eclipse.jetty.server.handler.ContextHandler - Started o.e.j.w.WebAppContext@6a568886{Archetype Created Web Application,/somepath,file:///home/tasfia/Desktop/OE25-DEV/projects_decomposed/spark/src/test/webapp/,AVAILABLE}{src/test/webapp}
[Thread-0] INFO org.eclipse.jetty.server.AbstractConnector - Started ServerConnector@6adbc9d{HTTP/1.1, (http/1.1)}{0.0.0.0:9393}
[Thread-0] INFO org.eclipse.jetty.server.Server - Started @1841ms
[qtp1781071780-43] INFO spark.http.matching.MatcherFilter - The requested route [/no/resource] has not been mapped in Spark for Accept: [text/html]
2026-02-19 15:24:20.650:INFO:oejs.Server:jetty-8.1.9.v20130131
2026-02-19 15:24:20.665:INFO:oejs.AbstractConnector:Started SelectChannelConnector@0.0.0.0:45883
2026-02-19 15:24:20.665:INFO:oejs.Server:jetty-8.1.9.v20130131
 DONE commons-rng/commons-rng-examples/examples-stress (tests ran)
2026-02-19 15:24:20.680:INFO:oejs.AbstractConnector:Started SelectChannelConnector@0.0.0.0:35881
START commons-numbers/commons-numbers-combinatorics
 ITER 1
[Thread-0] INFO spark.servlet.ServletTest_OE25Dev - >>> STOPPING EMBEDDED JETTY SERVER
[Thread-0] INFO org.eclipse.jetty.server.AbstractConnector - Stopped ServerConnector@6adbc9d{HTTP/1.1, (http/1.1)}{0.0.0.0:9393}
[Thread-0] INFO org.eclipse.jetty.server.session - node0 Stopped scavenging
[Thread-0] INFO org.eclipse.jetty.server.handler.ContextHandler - Stopped o.e.j.w.WebAppContext@6a568886{Archetype Created Web Application,/somepath,null,UNAVAILABLE}{src/test/webapp}
2026-02-19 15:24:20.921:INFO:oejs.Server:jetty-8.1.9.v20130131
2026-02-19 15:24:20.931:INFO:oejs.AbstractConnector:Started SelectChannelConnector@0.0.0.0:38531
2026-02-19 15:24:20.932:INFO:oejs.Server:jetty-8.1.9.v20130131
2026-02-19 15:24:20.936:INFO:oejs.AbstractConnector:Started SelectChannelConnector@0.0.0.0:44423
2026-02-19 15:24:21.186:INFO:oejs.Server:jetty-8.1.9.v20130131
2026-02-19 15:24:21.206:INFO:oejs.AbstractConnector:Started SelectChannelConnector@0.0.0.0:36755
2026-02-19 15:24:21.214:INFO:oejs.Server:jetty-8.1.9.v20130131
2026-02-19 15:24:21.231:INFO:oejs.AbstractConnector:Started SelectChannelConnector@0.0.0.0:41871
 STOP commons-rng/commons-rng-examples/examples-sampling (no compile error, no tests)
START commons-numbers/commons-numbers-complex
 ITER 1
2026-02-19 15:24:21.477:INFO:oejs.Server:jetty-8.1.9.v20130131
2026-02-19 15:24:21.482:INFO:oejs.AbstractConnector:Started SelectChannelConnector@0.0.0.0:43119
2026-02-19 15:24:21.482:INFO:oejs.Server:jetty-8.1.9.v20130131
2026-02-19 15:24:21.483:INFO:oejs.AbstractConnector:Started SelectChannelConnector@0.0.0.0:37635
 DONE commons-rng/commons-rng-simple (tests ran)
START commons-numbers/commons-numbers-angle
 ITER 1
2026-02-19 15:24:21.726:INFO:oejs.Server:jetty-8.1.9.v20130131
2026-02-19 15:24:21.740:INFO:oejs.AbstractConnector:Started SelectChannelConnector@0.0.0.0:44087
2026-02-19 15:24:21.740:INFO:oejs.Server:jetty-8.1.9.v20130131
2026-02-19 15:24:21.757:INFO:oejs.AbstractConnector:Started SelectChannelConnector@0.0.0.0:44877
2026-02-19 15:24:21.999:INFO:oejs.Server:jetty-8.1.9.v20130131
2026-02-19 15:24:22.016:INFO:oejs.AbstractConnector:Started SelectChannelConnector@0.0.0.0:44029
2026-02-19 15:24:22.016:INFO:oejs.Server:jetty-8.1.9.v20130131
2026-02-19 15:24:22.040:INFO:oejs.AbstractConnector:Started SelectChannelConnector@0.0.0.0:41105
2026-02-19 15:24:22.653:INFO:oejs.Server:jetty-8.1.9.v20130131
2026-02-19 15:24:22.669:INFO:oejs.AbstractConnector:Started SelectChannelConnector@0.0.0.0:46131
2026-02-19 15:24:22.669:INFO:oejs.Server:jetty-8.1.9.v20130131
2026-02-19 15:24:22.690:INFO:oejs.AbstractConnector:Started SelectChannelConnector@0.0.0.0:44173
2026-02-19 15:24:23.296:INFO:oejs.Server:jetty-8.1.9.v20130131
2026-02-19 15:24:23.306:INFO:oejs.AbstractConnector:Started SelectChannelConnector@0.0.0.0:42353
2026-02-19 15:24:23.306:INFO:oejs.Server:jetty-8.1.9.v20130131
2026-02-19 15:24:23.325:INFO:oejs.AbstractConnector:Started SelectChannelConnector@0.0.0.0:35451
2026-02-19 15:24:23.967:INFO:oejs.Server:jetty-8.1.9.v20130131
2026-02-19 15:24:23.982:INFO:oejs.AbstractConnector:Started SelectChannelConnector@0.0.0.0:36087
2026-02-19 15:24:23.982:INFO:oejs.Server:jetty-8.1.9.v20130131
2026-02-19 15:24:23.990:INFO:oejs.AbstractConnector:Started SelectChannelConnector@0.0.0.0:43283
2026-02-19 15:24:24.617:INFO:oejs.Server:jetty-8.1.9.v20130131
2026-02-19 15:24:24.647:INFO:oejs.AbstractConnector:Started SelectChannelConnector@0.0.0.0:39943
2026-02-19 15:24:24.687:INFO:oejs.Server:jetty-8.1.9.v20130131
2026-02-19 15:24:24.698:INFO:oejs.AbstractConnector:Started SelectChannelConnector@0.0.0.0:41195
2026-02-19 15:24:24.952:INFO:oejs.Server:jetty-8.1.9.v20130131
2026-02-19 15:24:24.964:INFO:oejs.AbstractConnector:Started SelectChannelConnector@0.0.0.0:35133
2026-02-19 15:24:24.964:INFO:oejs.Server:jetty-8.1.9.v20130131
2026-02-19 15:24:24.986:INFO:oejs.AbstractConnector:Started SelectChannelConnector@0.0.0.0:37609
2026-02-19 15:24:25.559:INFO:oejs.Server:jetty-8.1.9.v20130131
2026-02-19 15:24:25.586:INFO:oejs.AbstractConnector:Started SelectChannelConnector@0.0.0.0:35903
2026-02-19 15:24:25.586:INFO:oejs.Server:jetty-8.1.9.v20130131
2026-02-19 15:24:25.599:INFO:oejs.AbstractConnector:Started SelectChannelConnector@0.0.0.0:41873
2026-02-19 15:24:25.847:INFO:oejs.Server:jetty-8.1.9.v20130131
2026-02-19 15:24:25.872:INFO:oejs.AbstractConnector:Started SelectChannelConnector@0.0.0.0:44307
2026-02-19 15:24:25.872:INFO:oejs.Server:jetty-8.1.9.v20130131
2026-02-19 15:24:25.879:INFO:oejs.AbstractConnector:Started SelectChannelConnector@0.0.0.0:46755
2026-02-19 15:24:26.487:INFO:oejs.Server:jetty-8.1.9.v20130131
2026-02-19 15:24:26.505:INFO:oejs.AbstractConnector:Started SelectChannelConnector@0.0.0.0:41227
2026-02-19 15:24:26.505:INFO:oejs.Server:jetty-8.1.9.v20130131
2026-02-19 15:24:26.516:INFO:oejs.AbstractConnector:Started SelectChannelConnector@0.0.0.0:32899
 DONE commons-rng/commons-rng-core (tests ran)
START commons-numbers/commons-numbers-fraction
 ITER 1
2026-02-19 15:24:27.129:INFO:oejs.Server:jetty-8.1.9.v20130131
2026-02-19 15:24:27.136:INFO:oejs.AbstractConnector:Started SelectChannelConnector@0.0.0.0:42615
2026-02-19 15:24:27.136:INFO:oejs.Server:jetty-8.1.9.v20130131
2026-02-19 15:24:27.142:INFO:oejs.AbstractConnector:Started SelectChannelConnector@0.0.0.0:33683
java.lang.instrument.IllegalClassFormatException: Error while instrumenting javax/script/ScriptEngine.
	at org.jacoco.agent.rt.internal_43f5073.CoverageTransformer.transform(CoverageTransformer.java:94)
	at java.instrument/java.lang.instrument.ClassFileTransformer.transform(ClassFileTransformer.java:244)
	at java.instrument/sun.instrument.TransformerManager.transform(TransformerManager.java:188)
	at java.instrument/sun.instrument.InstrumentationImpl.transform(InstrumentationImpl.java:541)
	at java.base/java.lang.ClassLoader.defineClass2(Native Method)
	at java.base/java.lang.ClassLoader.defineClass(ClassLoader.java:1108)
	at java.base/java.security.SecureClassLoader.defineClass(SecureClassLoader.java:182)
	at java.base/jdk.internal.loader.BuiltinClassLoader.defineClass(BuiltinClassLoader.java:821)
	at java.base/jdk.internal.loader.BuiltinClassLoader.findClassInModuleOrNull(BuiltinClassLoader.java:741)
	at java.base/jdk.internal.loader.BuiltinClassLoader.loadClassOrNull(BuiltinClassLoader.java:665)
	at java.base/jdk.internal.loader.BuiltinClassLoader.loadClassOrNull(BuiltinClassLoader.java:700)
	at java.base/jdk.internal.loader.BuiltinClassLoader.loadClassOrNull(BuiltinClassLoader.java:669)
	at java.base/jdk.internal.loader.BuiltinClassLoader.loadClass(BuiltinClassLoader.java:639)
	at java.base/jdk.internal.loader.ClassLoaders$AppClassLoader.loadClass(ClassLoaders.java:188)
	at java.base/java.lang.ClassLoader.loadClass(ClassLoader.java:525)
	at java.base/java.lang.Class.forName0(Native Method)
	at java.base/java.lang.Class.forName(Class.java:377)
	at org.junit.jupiter.engine.extension.ScriptExecutionCondition$Evaluator.forName(ScriptExecutionCondition.java:139)
	at org.junit.jupiter.engine.extension.ScriptExecutionCondition$Evaluator.forName(ScriptExecutionCondition.java:133)
	at org.junit.jupiter.engine.extension.ScriptExecutionCondition.<init>(ScriptExecutionCondition.java:55)
	at org.junit.jupiter.engine.extension.ScriptExecutionCondition.<init>(ScriptExecutionCondition.java:50)
	at org.junit.jupiter.engine.extension.ExtensionRegistry.<clinit>(ExtensionRegistry.java:53)
	at org.junit.jupiter.engine.descriptor.JupiterEngineDescriptor.prepare(JupiterEngineDescriptor.java:52)
	at org.junit.jupiter.engine.descriptor.JupiterEngineDescriptor.prepare(JupiterEngineDescriptor.java:30)
	at org.junit.platform.engine.support.hierarchical.NodeTestTask.lambda$prepare$1(NodeTestTask.java:107)
	at org.junit.platform.engine.support.hierarchical.ThrowableCollector.execute(ThrowableCollector.java:73)
	at org.junit.platform.engine.support.hierarchical.NodeTestTask.prepare(NodeTestTask.java:107)
	at org.junit.platform.engine.support.hierarchical.NodeTestTask.execute(NodeTestTask.java:75)
	at org.junit.platform.engine.support.hierarchical.SameThreadHierarchicalTestExecutorService.submit(SameThreadHierarchicalTestExecutorService.java:32)
	at org.junit.platform.engine.support.hierarchical.HierarchicalTestExecutor.execute(HierarchicalTestExecutor.java:57)
	at org.junit.platform.engine.support.hierarchical.HierarchicalTestEngine.execute(HierarchicalTestEngine.java:51)
	at org.junit.platform.launcher.core.DefaultLauncher.execute(DefaultLauncher.java:170)
	at org.junit.platform.launcher.core.DefaultLauncher.execute(DefaultLauncher.java:154)
	at org.junit.platform.launcher.core.DefaultLauncher.execute(DefaultLauncher.java:90)
	at org.apache.maven.surefire.junitplatform.JUnitPlatformProvider.invokeAllTests(JUnitPlatformProvider.java:142)
	at org.apache.maven.surefire.junitplatform.JUnitPlatformProvider.invoke(JUnitPlatformProvider.java:117)
	at org.apache.maven.surefire.booter.ForkedBooter.invokeProviderInSameClassLoader(ForkedBooter.java:383)
	at org.apache.maven.surefire.booter.ForkedBooter.runSuitesInProcess(ForkedBooter.java:344)
	at org.apache.maven.surefire.booter.ForkedBooter.execute(ForkedBooter.java:125)
	at org.apache.maven.surefire.booter.ForkedBooter.main(ForkedBooter.java:417)
Caused by: java.io.IOException: Error while instrumenting javax/script/ScriptEngine.
	at org.jacoco.agent.rt.internal_43f5073.core.instr.Instrumenter.instrumentError(Instrumenter.java:159)
	at org.jacoco.agent.rt.internal_43f5073.core.instr.Instrumenter.instrument(Instrumenter.java:109)
	at org.jacoco.agent.rt.internal_43f5073.CoverageTransformer.transform(CoverageTransformer.java:92)
	... 39 more
Caused by: java.lang.IllegalArgumentException: Unsupported class file major version 61
	at org.jacoco.agent.rt.internal_43f5073.asm.ClassReader.<init>(ClassReader.java:195)
	at org.jacoco.agent.rt.internal_43f5073.asm.ClassReader.<init>(ClassReader.java:176)
	at org.jacoco.agent.rt.internal_43f5073.asm.ClassReader.<init>(ClassReader.java:162)
	at org.jacoco.agent.rt.internal_43f5073.core.internal.instr.InstrSupport.classReaderFor(InstrSupport.java:280)
	at org.jacoco.agent.rt.internal_43f5073.core.instr.Instrumenter.instrument(Instrumenter.java:75)
	at org.jacoco.agent.rt.internal_43f5073.core.instr.Instrumenter.instrument(Instrumenter.java:107)
	... 40 more
java.lang.instrument.IllegalClassFormatException: Error while instrumenting javax/script/ScriptException.
	at org.jacoco.agent.rt.internal_43f5073.CoverageTransformer.transform(CoverageTransformer.java:94)
	at java.instrument/java.lang.instrument.ClassFileTransformer.transform(ClassFileTransformer.java:244)
	at java.instrument/sun.instrument.TransformerManager.transform(TransformerManager.java:188)
	at java.instrument/sun.instrument.InstrumentationImpl.transform(InstrumentationImpl.java:541)
	at java.base/java.lang.ClassLoader.defineClass2(Native Method)
	at java.base/java.lang.ClassLoader.defineClass(ClassLoader.java:1108)
	at java.base/java.security.SecureClassLoader.defineClass(SecureClassLoader.java:182)
	at java.base/jdk.internal.loader.BuiltinClassLoader.defineClass(BuiltinClassLoader.java:821)
	at java.base/jdk.internal.loader.BuiltinClassLoader.findClassInModuleOrNull(BuiltinClassLoader.java:741)
	at java.base/jdk.internal.loader.BuiltinClassLoader.loadClassOrNull(BuiltinClassLoader.java:665)
	at java.base/jdk.internal.loader.BuiltinClassLoader.loadClassOrNull(BuiltinClassLoader.java:700)
	at java.base/jdk.internal.loader.BuiltinClassLoader.loadClassOrNull(BuiltinClassLoader.java:669)
	at java.base/jdk.internal.loader.BuiltinClassLoader.loadClass(BuiltinClassLoader.java:639)
	at java.base/jdk.internal.loader.ClassLoaders$AppClassLoader.loadClass(ClassLoaders.java:188)
	at java.base/java.lang.ClassLoader.loadClass(ClassLoader.java:525)
	at java.base/java.lang.Class.forName0(Native Method)
	at java.base/java.lang.Class.forName(Class.java:377)
	at org.junit.jupiter.engine.extension.ScriptExecutionCondition$Evaluator.forName(ScriptExecutionCondition.java:153)
	at org.junit.jupiter.engine.extension.ScriptExecutionCondition$Evaluator.forName(ScriptExecutionCondition.java:133)
	at org.junit.jupiter.engine.extension.ScriptExecutionCondition.<init>(ScriptExecutionCondition.java:55)
	at org.junit.jupiter.engine.extension.ScriptExecutionCondition.<init>(ScriptExecutionCondition.java:50)
	at org.junit.jupiter.engine.extension.ExtensionRegistry.<clinit>(ExtensionRegistry.java:53)
	at org.junit.jupiter.engine.descriptor.JupiterEngineDescriptor.prepare(JupiterEngineDescriptor.java:52)
	at org.junit.jupiter.engine.descriptor.JupiterEngineDescriptor.prepare(JupiterEngineDescriptor.java:30)
	at org.junit.platform.engine.support.hierarchical.NodeTestTask.lambda$prepare$1(NodeTestTask.java:107)
	at org.junit.platform.engine.support.hierarchical.ThrowableCollector.execute(ThrowableCollector.java:73)
	at org.junit.platform.engine.support.hierarchical.NodeTestTask.prepare(NodeTestTask.java:107)
	at org.junit.platform.engine.support.hierarchical.NodeTestTask.execute(NodeTestTask.java:75)
	at org.junit.platform.engine.support.hierarchical.SameThreadHierarchicalTestExecutorService.submit(SameThreadHierarchicalTestExecutorService.java:32)
	at org.junit.platform.engine.support.hierarchical.HierarchicalTestExecutor.execute(HierarchicalTestExecutor.java:57)
	at org.junit.platform.engine.support.hierarchical.HierarchicalTestEngine.execute(HierarchicalTestEngine.java:51)
	at org.junit.platform.launcher.core.DefaultLauncher.execute(DefaultLauncher.java:170)
	at org.junit.platform.launcher.core.DefaultLauncher.execute(DefaultLauncher.java:154)
	at org.junit.platform.launcher.core.DefaultLauncher.execute(DefaultLauncher.java:90)
	at org.apache.maven.surefire.junitplatform.JUnitPlatformProvider.invokeAllTests(JUnitPlatformProvider.java:142)
	at org.apache.maven.surefire.junitplatform.JUnitPlatformProvider.invoke(JUnitPlatformProvider.java:117)
	at org.apache.maven.surefire.booter.ForkedBooter.invokeProviderInSameClassLoader(ForkedBooter.java:383)
	at org.apache.maven.surefire.booter.ForkedBooter.runSuitesInProcess(ForkedBooter.java:344)
	at org.apache.maven.surefire.booter.ForkedBooter.execute(ForkedBooter.java:125)
	at org.apache.maven.surefire.booter.ForkedBooter.main(ForkedBooter.java:417)
Caused by: java.io.IOException: Error while instrumenting javax/script/ScriptException.
	at org.jacoco.agent.rt.internal_43f5073.core.instr.Instrumenter.instrumentError(Instrumenter.java:159)
	at org.jacoco.agent.rt.internal_43f5073.core.instr.Instrumenter.instrument(Instrumenter.java:109)
	at org.jacoco.agent.rt.internal_43f5073.CoverageTransformer.transform(CoverageTransformer.java:92)
	... 39 more
Caused by: java.lang.IllegalArgumentException: Unsupported class file major version 61
	at org.jacoco.agent.rt.internal_43f5073.asm.ClassReader.<init>(ClassReader.java:195)
	at org.jacoco.agent.rt.internal_43f5073.asm.ClassReader.<init>(ClassReader.java:176)
	at org.jacoco.agent.rt.internal_43f5073.asm.ClassReader.<init>(ClassReader.java:162)
	at org.jacoco.agent.rt.internal_43f5073.core.internal.instr.InstrSupport.classReaderFor(InstrSupport.java:280)
	at org.jacoco.agent.rt.internal_43f5073.core.instr.Instrumenter.instrument(Instrumenter.java:75)
	at org.jacoco.agent.rt.internal_43f5073.core.instr.Instrumenter.instrument(Instrumenter.java:107)
	... 40 more
java.lang.instrument.IllegalClassFormatException: Error while instrumenting javax/script/Bindings.
	at org.jacoco.agent.rt.internal_43f5073.CoverageTransformer.transform(CoverageTransformer.java:94)
	at java.instrument/java.lang.instrument.ClassFileTransformer.transform(ClassFileTransformer.java:244)
	at java.instrument/sun.instrument.TransformerManager.transform(TransformerManager.java:188)
	at java.instrument/sun.instrument.InstrumentationImpl.transform(InstrumentationImpl.java:541)
	at java.base/java.lang.ClassLoader.defineClass2(Native Method)
	at java.base/java.lang.ClassLoader.defineClass(ClassLoader.java:1108)
	at java.base/java.security.SecureClassLoader.defineClass(SecureClassLoader.java:182)
	at java.base/jdk.internal.loader.BuiltinClassLoader.defineClass(BuiltinClassLoader.java:821)
	at java.base/jdk.internal.loader.BuiltinClassLoader.findClassInModuleOrNull(BuiltinClassLoader.java:741)
	at java.base/jdk.internal.loader.BuiltinClassLoader.loadClassOrNull(BuiltinClassLoader.java:665)
	at java.base/jdk.internal.loader.BuiltinClassLoader.loadClassOrNull(BuiltinClassLoader.java:700)
	at java.base/jdk.internal.loader.BuiltinClassLoader.loadClassOrNull(BuiltinClassLoader.java:669)
	at java.base/jdk.internal.loader.BuiltinClassLoader.loadClass(BuiltinClassLoader.java:639)
	at java.base/jdk.internal.loader.ClassLoaders$AppClassLoader.loadClass(ClassLoaders.java:188)
	at java.base/java.lang.ClassLoader.loadClass(ClassLoader.java:525)
	at java.base/java.lang.Class.forName0(Native Method)
	at java.base/java.lang.Class.forName(Class.java:377)
	at org.junit.jupiter.engine.extension.ScriptExecutionCondition$Evaluator.forName(ScriptExecutionCondition.java:153)
	at org.junit.jupiter.engine.extension.ScriptExecutionCondition$Evaluator.forName(ScriptExecutionCondition.java:133)
	at org.junit.jupiter.engine.extension.ScriptExecutionCondition.<init>(ScriptExecutionCondition.java:55)
	at org.junit.jupiter.engine.extension.ScriptExecutionCondition.<init>(ScriptExecutionCondition.java:50)
	at org.junit.jupiter.engine.extension.ExtensionRegistry.<clinit>(ExtensionRegistry.java:53)
	at org.junit.jupiter.engine.descriptor.JupiterEngineDescriptor.prepare(JupiterEngineDescriptor.java:52)
	at org.junit.jupiter.engine.descriptor.JupiterEngineDescriptor.prepare(JupiterEngineDescriptor.java:30)
	at org.junit.platform.engine.support.hierarchical.NodeTestTask.lambda$prepare$1(NodeTestTask.java:107)
	at org.junit.platform.engine.support.hierarchical.ThrowableCollector.execute(ThrowableCollector.java:73)
	at org.junit.platform.engine.support.hierarchical.NodeTestTask.prepare(NodeTestTask.java:107)
	at org.junit.platform.engine.support.hierarchical.NodeTestTask.execute(NodeTestTask.java:75)
	at org.junit.platform.engine.support.hierarchical.SameThreadHierarchicalTestExecutorService.submit(SameThreadHierarchicalTestExecutorService.java:32)
	at org.junit.platform.engine.support.hierarchical.HierarchicalTestExecutor.execute(HierarchicalTestExecutor.java:57)
	at org.junit.platform.engine.support.hierarchical.HierarchicalTestEngine.execute(HierarchicalTestEngine.java:51)
	at org.junit.platform.launcher.core.DefaultLauncher.execute(DefaultLauncher.java:170)
	at org.junit.platform.launcher.core.DefaultLauncher.execute(DefaultLauncher.java:154)
	at org.junit.platform.launcher.core.DefaultLauncher.execute(DefaultLauncher.java:90)
	at org.apache.maven.surefire.junitplatform.JUnitPlatformProvider.invokeAllTests(JUnitPlatformProvider.java:142)
	at org.apache.maven.surefire.junitplatform.JUnitPlatformProvider.invoke(JUnitPlatformProvider.java:117)
	at org.apache.maven.surefire.booter.ForkedBooter.invokeProviderInSameClassLoader(ForkedBooter.java:383)
	at org.apache.maven.surefire.booter.ForkedBooter.runSuitesInProcess(ForkedBooter.java:344)
	at org.apache.maven.surefire.booter.ForkedBooter.execute(ForkedBooter.java:125)
	at org.apache.maven.surefire.booter.ForkedBooter.main(ForkedBooter.java:417)
Caused by: java.io.IOException: Error while instrumenting javax/script/Bindings.
	at org.jacoco.agent.rt.internal_43f5073.core.instr.Instrumenter.instrumentError(Instrumenter.java:159)
	at org.jacoco.agent.rt.internal_43f5073.core.instr.Instrumenter.instrument(Instrumenter.java:109)
	at org.jacoco.agent.rt.internal_43f5073.CoverageTransformer.transform(CoverageTransformer.java:92)
	... 39 more
Caused by: java.lang.IllegalArgumentException: Unsupported class file major version 61
	at org.jacoco.agent.rt.internal_43f5073.asm.ClassReader.<init>(ClassReader.java:195)
	at org.jacoco.agent.rt.internal_43f5073.asm.ClassReader.<init>(ClassReader.java:176)
	at org.jacoco.agent.rt.internal_43f5073.asm.ClassReader.<init>(ClassReader.java:162)
	at org.jacoco.agent.rt.internal_43f5073.core.internal.instr.InstrSupport.classReaderFor(InstrSupport.java:280)
	at org.jacoco.agent.rt.internal_43f5073.core.instr.Instrumenter.instrument(Instrumenter.java:75)
	at org.jacoco.agent.rt.internal_43f5073.core.instr.Instrumenter.instrument(Instrumenter.java:107)
	... 40 more
java.lang.instrument.IllegalClassFormatException: Error while instrumenting javax/script/ScriptEngineManager.
	at org.jacoco.agent.rt.internal_43f5073.CoverageTransformer.transform(CoverageTransformer.java:94)
	at java.instrument/java.lang.instrument.ClassFileTransformer.transform(ClassFileTransformer.java:244)
	at java.instrument/sun.instrument.TransformerManager.transform(TransformerManager.java:188)
	at java.instrument/sun.instrument.InstrumentationImpl.transform(InstrumentationImpl.java:541)
	at java.base/java.lang.ClassLoader.defineClass2(Native Method)
	at java.base/java.lang.ClassLoader.defineClass(ClassLoader.java:1108)
	at java.base/java.security.SecureClassLoader.defineClass(SecureClassLoader.java:182)
	at java.base/jdk.internal.loader.BuiltinClassLoader.defineClass(BuiltinClassLoader.java:821)
	at java.base/jdk.internal.loader.BuiltinClassLoader.findClassInModuleOrNull(BuiltinClassLoader.java:741)
	at java.base/jdk.internal.loader.BuiltinClassLoader.loadClassOrNull(BuiltinClassLoader.java:665)
	at java.base/jdk.internal.loader.BuiltinClassLoader.loadClassOrNull(BuiltinClassLoader.java:700)
	at java.base/jdk.internal.loader.BuiltinClassLoader.loadClassOrNull(BuiltinClassLoader.java:669)
	at java.base/jdk.internal.loader.BuiltinClassLoader.loadClass(BuiltinClassLoader.java:639)
	at java.base/jdk.internal.loader.ClassLoaders$AppClassLoader.loadClass(ClassLoaders.java:188)
	at java.base/java.lang.ClassLoader.loadClass(ClassLoader.java:525)
	at org.junit.jupiter.engine.script.ScriptExecutionManager.<init>(ScriptExecutionManager.java:37)
	at org.junit.jupiter.engine.extension.ScriptExecutionEvaluator.<init>(ScriptExecutionEvaluator.java:42)
	at java.base/jdk.internal.reflect.NativeConstructorAccessorImpl.newInstance0(Native Method)
	at java.base/jdk.internal.reflect.NativeConstructorAccessorImpl.newInstance(NativeConstructorAccessorImpl.java:77)
	at java.base/jdk.internal.reflect.DelegatingConstructorAccessorImpl.newInstance(DelegatingConstructorAccessorImpl.java:45)
	at java.base/java.lang.reflect.Constructor.newInstanceWithCaller(Constructor.java:500)
	at java.base/java.lang.reflect.Constructor.newInstance(Constructor.java:481)
	at org.junit.jupiter.engine.extension.ScriptExecutionCondition$Evaluator.forName(ScriptExecutionCondition.java:153)
	at org.junit.jupiter.engine.extension.ScriptExecutionCondition$Evaluator.forName(ScriptExecutionCondition.java:133)
	at org.junit.jupiter.engine.extension.ScriptExecutionCondition.<init>(ScriptExecutionCondition.java:55)
	at org.junit.jupiter.engine.extension.ScriptExecutionCondition.<init>(ScriptExecutionCondition.java:50)
	at org.junit.jupiter.engine.extension.ExtensionRegistry.<clinit>(ExtensionRegistry.java:53)
	at org.junit.jupiter.engine.descriptor.JupiterEngineDescriptor.prepare(JupiterEngineDescriptor.java:52)
	at org.junit.jupiter.engine.descriptor.JupiterEngineDescriptor.prepare(JupiterEngineDescriptor.java:30)
	at org.junit.platform.engine.support.hierarchical.NodeTestTask.lambda$prepare$1(NodeTestTask.java:107)
	at org.junit.platform.engine.support.hierarchical.ThrowableCollector.execute(ThrowableCollector.java:73)
	at org.junit.platform.engine.support.hierarchical.NodeTestTask.prepare(NodeTestTask.java:107)
	at org.junit.platform.engine.support.hierarchical.NodeTestTask.execute(NodeTestTask.java:75)
	at org.junit.platform.engine.support.hierarchical.SameThreadHierarchicalTestExecutorService.submit(SameThreadHierarchicalTestExecutorService.java:32)
	at org.junit.platform.engine.support.hierarchical.HierarchicalTestExecutor.execute(HierarchicalTestExecutor.java:57)
	at org.junit.platform.engine.support.hierarchical.HierarchicalTestEngine.execute(HierarchicalTestEngine.java:51)
	at org.junit.platform.launcher.core.DefaultLauncher.execute(DefaultLauncher.java:170)
	at org.junit.platform.launcher.core.DefaultLauncher.execute(DefaultLauncher.java:154)
	at org.junit.platform.launcher.core.DefaultLauncher.execute(DefaultLauncher.java:90)
	at org.apache.maven.surefire.junitplatform.JUnitPlatformProvider.invokeAllTests(JUnitPlatformProvider.java:142)
	at org.apache.maven.surefire.junitplatform.JUnitPlatformProvider.invoke(JUnitPlatformProvider.java:117)
	at org.apache.maven.surefire.booter.ForkedBooter.invokeProviderInSameClassLoader(ForkedBooter.java:383)
	at org.apache.maven.surefire.booter.ForkedBooter.runSuitesInProcess(ForkedBooter.java:344)
	at org.apache.maven.surefire.booter.ForkedBooter.execute(ForkedBooter.java:125)
	at org.apache.maven.surefire.booter.ForkedBooter.main(ForkedBooter.java:417)
Caused by: java.io.IOException: Error while instrumenting javax/script/ScriptEngineManager.
	at org.jacoco.agent.rt.internal_43f5073.core.instr.Instrumenter.instrumentError(Instrumenter.java:159)
	at org.jacoco.agent.rt.internal_43f5073.core.instr.Instrumenter.instrument(Instrumenter.java:109)
	at org.jacoco.agent.rt.internal_43f5073.CoverageTransformer.transform(CoverageTransformer.java:92)
	... 44 more
Caused by: java.lang.IllegalArgumentException: Unsupported class file major version 61
	at org.jacoco.agent.rt.internal_43f5073.asm.ClassReader.<init>(ClassReader.java:195)
	at org.jacoco.agent.rt.internal_43f5073.asm.ClassReader.<init>(ClassReader.java:176)
	at org.jacoco.agent.rt.internal_43f5073.asm.ClassReader.<init>(ClassReader.java:162)
	at org.jacoco.agent.rt.internal_43f5073.core.internal.instr.InstrSupport.classReaderFor(InstrSupport.java:280)
	at org.jacoco.agent.rt.internal_43f5073.core.instr.Instrumenter.instrument(Instrumenter.java:75)
	at org.jacoco.agent.rt.internal_43f5073.core.instr.Instrumenter.instrument(Instrumenter.java:107)
	... 45 more
java.lang.instrument.IllegalClassFormatException: Error while instrumenting javax/script/ScriptEngineFactory.
	at org.jacoco.agent.rt.internal_43f5073.CoverageTransformer.transform(CoverageTransformer.java:94)
	at java.instrument/java.lang.instrument.ClassFileTransformer.transform(ClassFileTransformer.java:244)
	at java.instrument/sun.instrument.TransformerManager.transform(TransformerManager.java:188)
	at java.instrument/sun.instrument.InstrumentationImpl.transform(InstrumentationImpl.java:541)
	at java.base/java.lang.ClassLoader.defineClass2(Native Method)
	at java.base/java.lang.ClassLoader.defineClass(ClassLoader.java:1108)
	at java.base/java.security.SecureClassLoader.defineClass(SecureClassLoader.java:182)
	at java.base/jdk.internal.loader.BuiltinClassLoader.defineClass(BuiltinClassLoader.java:821)
	at java.base/jdk.internal.loader.BuiltinClassLoader.findClassInModuleOrNull(BuiltinClassLoader.java:741)
	at java.base/jdk.internal.loader.BuiltinClassLoader.loadClassOrNull(BuiltinClassLoader.java:665)
	at java.base/jdk.internal.loader.BuiltinClassLoader.loadClass(BuiltinClassLoader.java:639)
	at java.base/java.lang.ClassLoader.loadClass(ClassLoader.java:525)
	at java.scripting/javax.script.ScriptEngineManager.<clinit>(ScriptEngineManager.java:315)
	at org.junit.jupiter.engine.script.ScriptExecutionManager.<init>(ScriptExecutionManager.java:37)
	at org.junit.jupiter.engine.extension.ScriptExecutionEvaluator.<init>(ScriptExecutionEvaluator.java:42)
	at java.base/jdk.internal.reflect.NativeConstructorAccessorImpl.newInstance0(Native Method)
	at java.base/jdk.internal.reflect.NativeConstructorAccessorImpl.newInstance(NativeConstructorAccessorImpl.java:77)
	at java.base/jdk.internal.reflect.DelegatingConstructorAccessorImpl.newInstance(DelegatingConstructorAccessorImpl.java:45)
	at java.base/java.lang.reflect.Constructor.newInstanceWithCaller(Constructor.java:500)
	at java.base/java.lang.reflect.Constructor.newInstance(Constructor.java:481)
	at org.junit.jupiter.engine.extension.ScriptExecutionCondition$Evaluator.forName(ScriptExecutionCondition.java:153)
	at org.junit.jupiter.engine.extension.ScriptExecutionCondition$Evaluator.forName(ScriptExecutionCondition.java:133)
	at org.junit.jupiter.engine.extension.ScriptExecutionCondition.<init>(ScriptExecutionCondition.java:55)
	at org.junit.jupiter.engine.extension.ScriptExecutionCondition.<init>(ScriptExecutionCondition.java:50)
	at org.junit.jupiter.engine.extension.ExtensionRegistry.<clinit>(ExtensionRegistry.java:53)
	at org.junit.jupiter.engine.descriptor.JupiterEngineDescriptor.prepare(JupiterEngineDescriptor.java:52)
	at org.junit.jupiter.engine.descriptor.JupiterEngineDescriptor.prepare(JupiterEngineDescriptor.java:30)
	at org.junit.platform.engine.support.hierarchical.NodeTestTask.lambda$prepare$1(NodeTestTask.java:107)
	at org.junit.platform.engine.support.hierarchical.ThrowableCollector.execute(ThrowableCollector.java:73)
	at org.junit.platform.engine.support.hierarchical.NodeTestTask.prepare(NodeTestTask.java:107)
	at org.junit.platform.engine.support.hierarchical.NodeTestTask.execute(NodeTestTask.java:75)
	at org.junit.platform.engine.support.hierarchical.SameThreadHierarchicalTestExecutorService.submit(SameThreadHierarchicalTestExecutorService.java:32)
	at org.junit.platform.engine.support.hierarchical.HierarchicalTestExecutor.execute(HierarchicalTestExecutor.java:57)
	at org.junit.platform.engine.support.hierarchical.HierarchicalTestEngine.execute(HierarchicalTestEngine.java:51)
	at org.junit.platform.launcher.core.DefaultLauncher.execute(DefaultLauncher.java:170)
	at org.junit.platform.launcher.core.DefaultLauncher.execute(DefaultLauncher.java:154)
	at org.junit.platform.launcher.core.DefaultLauncher.execute(DefaultLauncher.java:90)
	at org.apache.maven.surefire.junitplatform.JUnitPlatformProvider.invokeAllTests(JUnitPlatformProvider.java:142)
	at org.apache.maven.surefire.junitplatform.JUnitPlatformProvider.invoke(JUnitPlatformProvider.java:117)
	at org.apache.maven.surefire.booter.ForkedBooter.invokeProviderInSameClassLoader(ForkedBooter.java:383)
	at org.apache.maven.surefire.booter.ForkedBooter.runSuitesInProcess(ForkedBooter.java:344)
	at org.apache.maven.surefire.booter.ForkedBooter.execute(ForkedBooter.java:125)
	at org.apache.maven.surefire.booter.ForkedBooter.main(ForkedBooter.java:417)
Caused by: java.io.IOException: Error while instrumenting javax/script/ScriptEngineFactory.
	at org.jacoco.agent.rt.internal_43f5073.core.instr.Instrumenter.instrumentError(Instrumenter.java:159)
	at org.jacoco.agent.rt.internal_43f5073.core.instr.Instrumenter.instrument(Instrumenter.java:109)
	at org.jacoco.agent.rt.internal_43f5073.CoverageTransformer.transform(CoverageTransformer.java:92)
	... 42 more
Caused by: java.lang.IllegalArgumentException: Unsupported class file major version 61
	at org.jacoco.agent.rt.internal_43f5073.asm.ClassReader.<init>(ClassReader.java:195)
	at org.jacoco.agent.rt.internal_43f5073.asm.ClassReader.<init>(ClassReader.java:176)
	at org.jacoco.agent.rt.internal_43f5073.asm.ClassReader.<init>(ClassReader.java:162)
	at org.jacoco.agent.rt.internal_43f5073.core.internal.instr.InstrSupport.classReaderFor(InstrSupport.java:280)
	at org.jacoco.agent.rt.internal_43f5073.core.instr.Instrumenter.instrument(Instrumenter.java:75)
	at org.jacoco.agent.rt.internal_43f5073.core.instr.Instrumenter.instrument(Instrumenter.java:107)
	... 43 more
java.lang.instrument.IllegalClassFormatException: Error while instrumenting javax/script/SimpleBindings.
	at org.jacoco.agent.rt.internal_43f5073.CoverageTransformer.transform(CoverageTransformer.java:94)
	at java.instrument/java.lang.instrument.ClassFileTransformer.transform(ClassFileTransformer.java:244)
	at java.instrument/sun.instrument.TransformerManager.transform(TransformerManager.java:188)
	at java.instrument/sun.instrument.InstrumentationImpl.transform(InstrumentationImpl.java:541)
	at java.base/java.lang.ClassLoader.defineClass2(Native Method)
	at java.base/java.lang.ClassLoader.defineClass(ClassLoader.java:1108)
	at java.base/java.security.SecureClassLoader.defineClass(SecureClassLoader.java:182)
	at java.base/jdk.internal.loader.BuiltinClassLoader.defineClass(BuiltinClassLoader.java:821)
	at java.base/jdk.internal.loader.BuiltinClassLoader.findClassInModuleOrNull(BuiltinClassLoader.java:741)
	at java.base/jdk.internal.loader.BuiltinClassLoader.loadClassOrNull(BuiltinClassLoader.java:665)
	at java.base/jdk.internal.loader.BuiltinClassLoader.loadClass(BuiltinClassLoader.java:639)
	at java.base/java.lang.ClassLoader.loadClass(ClassLoader.java:525)
	at java.scripting/javax.script.ScriptEngineManager.<init>(ScriptEngineManager.java:333)
	at java.scripting/javax.script.ScriptEngineManager.<init>(ScriptEngineManager.java:63)
	at org.junit.jupiter.engine.script.ScriptExecutionManager.<init>(ScriptExecutionManager.java:37)
	at org.junit.jupiter.engine.extension.ScriptExecutionEvaluator.<init>(ScriptExecutionEvaluator.java:42)
	at java.base/jdk.internal.reflect.NativeConstructorAccessorImpl.newInstance0(Native Method)
	at java.base/jdk.internal.reflect.NativeConstructorAccessorImpl.newInstance(NativeConstructorAccessorImpl.java:77)
	at java.base/jdk.internal.reflect.DelegatingConstructorAccessorImpl.newInstance(DelegatingConstructorAccessorImpl.java:45)
	at java.base/java.lang.reflect.Constructor.newInstanceWithCaller(Constructor.java:500)
	at java.base/java.lang.reflect.Constructor.newInstance(Constructor.java:481)
	at org.junit.jupiter.engine.extension.ScriptExecutionCondition$Evaluator.forName(ScriptExecutionCondition.java:153)
	at org.junit.jupiter.engine.extension.ScriptExecutionCondition$Evaluator.forName(ScriptExecutionCondition.java:133)
	at org.junit.jupiter.engine.extension.ScriptExecutionCondition.<init>(ScriptExecutionCondition.java:55)
	at org.junit.jupiter.engine.extension.ScriptExecutionCondition.<init>(ScriptExecutionCondition.java:50)
	at org.junit.jupiter.engine.extension.ExtensionRegistry.<clinit>(ExtensionRegistry.java:53)
	at org.junit.jupiter.engine.descriptor.JupiterEngineDescriptor.prepare(JupiterEngineDescriptor.java:52)
	at org.junit.jupiter.engine.descriptor.JupiterEngineDescriptor.prepare(JupiterEngineDescriptor.java:30)
	at org.junit.platform.engine.support.hierarchical.NodeTestTask.lambda$prepare$1(NodeTestTask.java:107)
	at org.junit.platform.engine.support.hierarchical.ThrowableCollector.execute(ThrowableCollector.java:73)
	at org.junit.platform.engine.support.hierarchical.NodeTestTask.prepare(NodeTestTask.java:107)
	at org.junit.platform.engine.support.hierarchical.NodeTestTask.execute(NodeTestTask.java:75)
	at org.junit.platform.engine.support.hierarchical.SameThreadHierarchicalTestExecutorService.submit(SameThreadHierarchicalTestExecutorService.java:32)
	at org.junit.platform.engine.support.hierarchical.HierarchicalTestExecutor.execute(HierarchicalTestExecutor.java:57)
	at org.junit.platform.engine.support.hierarchical.HierarchicalTestEngine.execute(HierarchicalTestEngine.java:51)
	at org.junit.platform.launcher.core.DefaultLauncher.execute(DefaultLauncher.java:170)
	at org.junit.platform.launcher.core.DefaultLauncher.execute(DefaultLauncher.java:154)
	at org.junit.platform.launcher.core.DefaultLauncher.execute(DefaultLauncher.java:90)
	at org.apache.maven.surefire.junitplatform.JUnitPlatformProvider.invokeAllTests(JUnitPlatformProvider.java:142)
	at org.apache.maven.surefire.junitplatform.JUnitPlatformProvider.invoke(JUnitPlatformProvider.java:117)
	at org.apache.maven.surefire.booter.ForkedBooter.invokeProviderInSameClassLoader(ForkedBooter.java:383)
	at org.apache.maven.surefire.booter.ForkedBooter.runSuitesInProcess(ForkedBooter.java:344)
	at org.apache.maven.surefire.booter.ForkedBooter.execute(ForkedBooter.java:125)
	at org.apache.maven.surefire.booter.ForkedBooter.main(ForkedBooter.java:417)
Caused by: java.io.IOException: Error while instrumenting javax/script/SimpleBindings.
	at org.jacoco.agent.rt.internal_43f5073.core.instr.Instrumenter.instrumentError(Instrumenter.java:159)
	at org.jacoco.agent.rt.internal_43f5073.core.instr.Instrumenter.instrument(Instrumenter.java:109)
	at org.jacoco.agent.rt.internal_43f5073.CoverageTransformer.transform(CoverageTransformer.java:92)
	... 43 more
Caused by: java.lang.IllegalArgumentException: Unsupported class file major version 61
	at org.jacoco.agent.rt.internal_43f5073.asm.ClassReader.<init>(ClassReader.java:195)
	at org.jacoco.agent.rt.internal_43f5073.asm.ClassReader.<init>(ClassReader.java:176)
	at org.jacoco.agent.rt.internal_43f5073.asm.ClassReader.<init>(ClassReader.java:162)
	at org.jacoco.agent.rt.internal_43f5073.core.internal.instr.InstrSupport.classReaderFor(InstrSupport.java:280)
	at org.jacoco.agent.rt.internal_43f5073.core.instr.Instrumenter.instrument(Instrumenter.java:75)
	at org.jacoco.agent.rt.internal_43f5073.core.instr.Instrumenter.instrument(Instrumenter.java:107)
	... 44 more
2026-02-19 15:24:27.754:INFO:oejs.Server:jetty-8.1.9.v20130131
2026-02-19 15:24:27.765:INFO:oejs.AbstractConnector:Started SelectChannelConnector@0.0.0.0:46175
2026-02-19 15:24:27.765:INFO:oejs.Server:jetty-8.1.9.v20130131
2026-02-19 15:24:27.773:INFO:oejs.AbstractConnector:Started SelectChannelConnector@0.0.0.0:34845
 DONE joda-time (tests ran)
START commons-numbers/commons-numbers-arrays
 ITER 1
2026-02-19 15:24:28.349:INFO:oejs.Server:jetty-8.1.9.v20130131
2026-02-19 15:24:28.360:INFO:oejs.AbstractConnector:Started SelectChannelConnector@0.0.0.0:42299
2026-02-19 15:24:28.360:INFO:oejs.Server:jetty-8.1.9.v20130131
2026-02-19 15:24:28.377:INFO:oejs.AbstractConnector:Started SelectChannelConnector@0.0.0.0:41207
 DONE commons-numbers/commons-numbers-gamma (tests ran)
START commons-numbers/commons-numbers-primes
 ITER 1
2026-02-19 15:24:28.618:INFO:oejs.Server:jetty-8.1.9.v20130131
2026-02-19 15:24:28.643:INFO:oejs.AbstractConnector:Started SelectChannelConnector@0.0.0.0:37057
2026-02-19 15:24:28.643:INFO:oejs.Server:jetty-8.1.9.v20130131
2026-02-19 15:24:28.661:INFO:oejs.AbstractConnector:Started SelectChannelConnector@0.0.0.0:35521
2026-02-19 15:24:28.931:INFO:oejs.Server:jetty-8.1.9.v20130131
2026-02-19 15:24:28.955:INFO:oejs.AbstractConnector:Started SelectChannelConnector@0.0.0.0:40873
2026-02-19 15:24:28.957:INFO:oejs.Server:jetty-8.1.9.v20130131
2026-02-19 15:24:28.969:INFO:oejs.AbstractConnector:Started SelectChannelConnector@0.0.0.0:40293
2026-02-19 15:24:29.594:INFO:oejs.Server:jetty-8.1.9.v20130131
2026-02-19 15:24:29.604:INFO:oejs.AbstractConnector:Started SelectChannelConnector@0.0.0.0:42959
2026-02-19 15:24:29.604:INFO:oejs.Server:jetty-8.1.9.v20130131
2026-02-19 15:24:29.622:INFO:oejs.AbstractConnector:Started SelectChannelConnector@0.0.0.0:44535
2026-02-19 15:24:30.231:INFO:oejs.Server:jetty-8.1.9.v20130131
2026-02-19 15:24:30.244:INFO:oejs.AbstractConnector:Started SelectChannelConnector@0.0.0.0:43655
2026-02-19 15:24:30.244:INFO:oejs.Server:jetty-8.1.9.v20130131
2026-02-19 15:24:30.258:INFO:oejs.AbstractConnector:Started SelectChannelConnector@0.0.0.0:36527
2026-02-19 15:24:30.507:INFO:oejs.Server:jetty-8.1.9.v20130131
2026-02-19 15:24:30.516:INFO:oejs.AbstractConnector:Started SelectChannelConnector@0.0.0.0:35591
2026-02-19 15:24:30.516:INFO:oejs.Server:jetty-8.1.9.v20130131
2026-02-19 15:24:30.529:INFO:oejs.AbstractConnector:Started SelectChannelConnector@0.0.0.0:34959
java.lang.instrument.IllegalClassFormatException: Error while instrumenting javax/script/ScriptEngine.
	at org.jacoco.agent.rt.internal_43f5073.CoverageTransformer.transform(CoverageTransformer.java:94)
	at java.instrument/java.lang.instrument.ClassFileTransformer.transform(ClassFileTransformer.java:244)
	at java.instrument/sun.instrument.TransformerManager.transform(TransformerManager.java:188)
	at java.instrument/sun.instrument.InstrumentationImpl.transform(InstrumentationImpl.java:541)
	at java.base/java.lang.ClassLoader.defineClass2(Native Method)
	at java.base/java.lang.ClassLoader.defineClass(ClassLoader.java:1108)
	at java.base/java.security.SecureClassLoader.defineClass(SecureClassLoader.java:182)
	at java.base/jdk.internal.loader.BuiltinClassLoader.defineClass(BuiltinClassLoader.java:821)
	at java.base/jdk.internal.loader.BuiltinClassLoader.findClassInModuleOrNull(BuiltinClassLoader.java:741)
	at java.base/jdk.internal.loader.BuiltinClassLoader.loadClassOrNull(BuiltinClassLoader.java:665)
	at java.base/jdk.internal.loader.BuiltinClassLoader.loadClassOrNull(BuiltinClassLoader.java:700)
	at java.base/jdk.internal.loader.BuiltinClassLoader.loadClassOrNull(BuiltinClassLoader.java:669)
	at java.base/jdk.internal.loader.BuiltinClassLoader.loadClass(BuiltinClassLoader.java:639)
	at java.base/jdk.internal.loader.ClassLoaders$AppClassLoader.loadClass(ClassLoaders.java:188)
	at java.base/java.lang.ClassLoader.loadClass(ClassLoader.java:525)
	at java.base/java.lang.Class.forName0(Native Method)
	at java.base/java.lang.Class.forName(Class.java:377)
	at org.junit.jupiter.engine.extension.ScriptExecutionCondition$Evaluator.forName(ScriptExecutionCondition.java:139)
	at org.junit.jupiter.engine.extension.ScriptExecutionCondition$Evaluator.forName(ScriptExecutionCondition.java:133)
	at org.junit.jupiter.engine.extension.ScriptExecutionCondition.<init>(ScriptExecutionCondition.java:55)
	at org.junit.jupiter.engine.extension.ScriptExecutionCondition.<init>(ScriptExecutionCondition.java:50)
	at org.junit.jupiter.engine.extension.ExtensionRegistry.<clinit>(ExtensionRegistry.java:53)
	at org.junit.jupiter.engine.descriptor.JupiterEngineDescriptor.prepare(JupiterEngineDescriptor.java:52)
	at org.junit.jupiter.engine.descriptor.JupiterEngineDescriptor.prepare(JupiterEngineDescriptor.java:30)
	at org.junit.platform.engine.support.hierarchical.NodeTestTask.lambda$prepare$1(NodeTestTask.java:107)
	at org.junit.platform.engine.support.hierarchical.ThrowableCollector.execute(ThrowableCollector.java:73)
	at org.junit.platform.engine.support.hierarchical.NodeTestTask.prepare(NodeTestTask.java:107)
	at org.junit.platform.engine.support.hierarchical.NodeTestTask.execute(NodeTestTask.java:75)
	at org.junit.platform.engine.support.hierarchical.SameThreadHierarchicalTestExecutorService.submit(SameThreadHierarchicalTestExecutorService.java:32)
	at org.junit.platform.engine.support.hierarchical.HierarchicalTestExecutor.execute(HierarchicalTestExecutor.java:57)
	at org.junit.platform.engine.support.hierarchical.HierarchicalTestEngine.execute(HierarchicalTestEngine.java:51)
	at org.junit.platform.launcher.core.DefaultLauncher.execute(DefaultLauncher.java:170)
	at org.junit.platform.launcher.core.DefaultLauncher.execute(DefaultLauncher.java:154)
	at org.junit.platform.launcher.core.DefaultLauncher.execute(DefaultLauncher.java:90)
	at org.apache.maven.surefire.junitplatform.JUnitPlatformProvider.invokeAllTests(JUnitPlatformProvider.java:142)
	at org.apache.maven.surefire.junitplatform.JUnitPlatformProvider.invoke(JUnitPlatformProvider.java:117)
	at org.apache.maven.surefire.booter.ForkedBooter.invokeProviderInSameClassLoader(ForkedBooter.java:383)
	at org.apache.maven.surefire.booter.ForkedBooter.runSuitesInProcess(ForkedBooter.java:344)
	at org.apache.maven.surefire.booter.ForkedBooter.execute(ForkedBooter.java:125)
	at org.apache.maven.surefire.booter.ForkedBooter.main(ForkedBooter.java:417)
Caused by: java.io.IOException: Error while instrumenting javax/script/ScriptEngine.
	at org.jacoco.agent.rt.internal_43f5073.core.instr.Instrumenter.instrumentError(Instrumenter.java:159)
	at org.jacoco.agent.rt.internal_43f5073.core.instr.Instrumenter.instrument(Instrumenter.java:109)
	at org.jacoco.agent.rt.internal_43f5073.CoverageTransformer.transform(CoverageTransformer.java:92)
	... 39 more
Caused by: java.lang.IllegalArgumentException: Unsupported class file major version 61
	at org.jacoco.agent.rt.internal_43f5073.asm.ClassReader.<init>(ClassReader.java:195)
	at org.jacoco.agent.rt.internal_43f5073.asm.ClassReader.<init>(ClassReader.java:176)
	at org.jacoco.agent.rt.internal_43f5073.asm.ClassReader.<init>(ClassReader.java:162)
	at org.jacoco.agent.rt.internal_43f5073.core.internal.instr.InstrSupport.classReaderFor(InstrSupport.java:280)
	at org.jacoco.agent.rt.internal_43f5073.core.instr.Instrumenter.instrument(Instrumenter.java:75)
	at org.jacoco.agent.rt.internal_43f5073.core.instr.Instrumenter.instrument(Instrumenter.java:107)
	... 40 more
java.lang.instrument.IllegalClassFormatException: Error while instrumenting javax/script/ScriptException.
	at org.jacoco.agent.rt.internal_43f5073.CoverageTransformer.transform(CoverageTransformer.java:94)
	at java.instrument/java.lang.instrument.ClassFileTransformer.transform(ClassFileTransformer.java:244)
	at java.instrument/sun.instrument.TransformerManager.transform(TransformerManager.java:188)
	at java.instrument/sun.instrument.InstrumentationImpl.transform(InstrumentationImpl.java:541)
	at java.base/java.lang.ClassLoader.defineClass2(Native Method)
	at java.base/java.lang.ClassLoader.defineClass(ClassLoader.java:1108)
	at java.base/java.security.SecureClassLoader.defineClass(SecureClassLoader.java:182)
	at java.base/jdk.internal.loader.BuiltinClassLoader.defineClass(BuiltinClassLoader.java:821)
	at java.base/jdk.internal.loader.BuiltinClassLoader.findClassInModuleOrNull(BuiltinClassLoader.java:741)
	at java.base/jdk.internal.loader.BuiltinClassLoader.loadClassOrNull(BuiltinClassLoader.java:665)
	at java.base/jdk.internal.loader.BuiltinClassLoader.loadClassOrNull(BuiltinClassLoader.java:700)
	at java.base/jdk.internal.loader.BuiltinClassLoader.loadClassOrNull(BuiltinClassLoader.java:669)
	at java.base/jdk.internal.loader.BuiltinClassLoader.loadClass(BuiltinClassLoader.java:639)
	at java.base/jdk.internal.loader.ClassLoaders$AppClassLoader.loadClass(ClassLoaders.java:188)
	at java.base/java.lang.ClassLoader.loadClass(ClassLoader.java:525)
	at java.base/java.lang.Class.forName0(Native Method)
	at java.base/java.lang.Class.forName(Class.java:377)
	at org.junit.jupiter.engine.extension.ScriptExecutionCondition$Evaluator.forName(ScriptExecutionCondition.java:153)
	at org.junit.jupiter.engine.extension.ScriptExecutionCondition$Evaluator.forName(ScriptExecutionCondition.java:133)
	at org.junit.jupiter.engine.extension.ScriptExecutionCondition.<init>(ScriptExecutionCondition.java:55)
	at org.junit.jupiter.engine.extension.ScriptExecutionCondition.<init>(ScriptExecutionCondition.java:50)
	at org.junit.jupiter.engine.extension.ExtensionRegistry.<clinit>(ExtensionRegistry.java:53)
	at org.junit.jupiter.engine.descriptor.JupiterEngineDescriptor.prepare(JupiterEngineDescriptor.java:52)
	at org.junit.jupiter.engine.descriptor.JupiterEngineDescriptor.prepare(JupiterEngineDescriptor.java:30)
	at org.junit.platform.engine.support.hierarchical.NodeTestTask.lambda$prepare$1(NodeTestTask.java:107)
	at org.junit.platform.engine.support.hierarchical.ThrowableCollector.execute(ThrowableCollector.java:73)
	at org.junit.platform.engine.support.hierarchical.NodeTestTask.prepare(NodeTestTask.java:107)
	at org.junit.platform.engine.support.hierarchical.NodeTestTask.execute(NodeTestTask.java:75)
	at org.junit.platform.engine.support.hierarchical.SameThreadHierarchicalTestExecutorService.submit(SameThreadHierarchicalTestExecutorService.java:32)
	at org.junit.platform.engine.support.hierarchical.HierarchicalTestExecutor.execute(HierarchicalTestExecutor.java:57)
	at org.junit.platform.engine.support.hierarchical.HierarchicalTestEngine.execute(HierarchicalTestEngine.java:51)
	at org.junit.platform.launcher.core.DefaultLauncher.execute(DefaultLauncher.java:170)
	at org.junit.platform.launcher.core.DefaultLauncher.execute(DefaultLauncher.java:154)
	at org.junit.platform.launcher.core.DefaultLauncher.execute(DefaultLauncher.java:90)
	at org.apache.maven.surefire.junitplatform.JUnitPlatformProvider.invokeAllTests(JUnitPlatformProvider.java:142)
	at org.apache.maven.surefire.junitplatform.JUnitPlatformProvider.invoke(JUnitPlatformProvider.java:117)
	at org.apache.maven.surefire.booter.ForkedBooter.invokeProviderInSameClassLoader(ForkedBooter.java:383)
	at org.apache.maven.surefire.booter.ForkedBooter.runSuitesInProcess(ForkedBooter.java:344)
	at org.apache.maven.surefire.booter.ForkedBooter.execute(ForkedBooter.java:125)
	at org.apache.maven.surefire.booter.ForkedBooter.main(ForkedBooter.java:417)
Caused by: java.io.IOException: Error while instrumenting javax/script/ScriptException.
	at org.jacoco.agent.rt.internal_43f5073.core.instr.Instrumenter.instrumentError(Instrumenter.java:159)
	at org.jacoco.agent.rt.internal_43f5073.core.instr.Instrumenter.instrument(Instrumenter.java:109)
	at org.jacoco.agent.rt.internal_43f5073.CoverageTransformer.transform(CoverageTransformer.java:92)
	... 39 more
Caused by: java.lang.IllegalArgumentException: Unsupported class file major version 61
	at org.jacoco.agent.rt.internal_43f5073.asm.ClassReader.<init>(ClassReader.java:195)
	at org.jacoco.agent.rt.internal_43f5073.asm.ClassReader.<init>(ClassReader.java:176)
	at org.jacoco.agent.rt.internal_43f5073.asm.ClassReader.<init>(ClassReader.java:162)
	at org.jacoco.agent.rt.internal_43f5073.core.internal.instr.InstrSupport.classReaderFor(InstrSupport.java:280)
	at org.jacoco.agent.rt.internal_43f5073.core.instr.Instrumenter.instrument(Instrumenter.java:75)
	at org.jacoco.agent.rt.internal_43f5073.core.instr.Instrumenter.instrument(Instrumenter.java:107)
	... 40 more
java.lang.instrument.IllegalClassFormatException: Error while instrumenting javax/script/Bindings.
	at org.jacoco.agent.rt.internal_43f5073.CoverageTransformer.transform(CoverageTransformer.java:94)
	at java.instrument/java.lang.instrument.ClassFileTransformer.transform(ClassFileTransformer.java:244)
	at java.instrument/sun.instrument.TransformerManager.transform(TransformerManager.java:188)
	at java.instrument/sun.instrument.InstrumentationImpl.transform(InstrumentationImpl.java:541)
	at java.base/java.lang.ClassLoader.defineClass2(Native Method)
	at java.base/java.lang.ClassLoader.defineClass(ClassLoader.java:1108)
	at java.base/java.security.SecureClassLoader.defineClass(SecureClassLoader.java:182)
	at java.base/jdk.internal.loader.BuiltinClassLoader.defineClass(BuiltinClassLoader.java:821)
	at java.base/jdk.internal.loader.BuiltinClassLoader.findClassInModuleOrNull(BuiltinClassLoader.java:741)
	at java.base/jdk.internal.loader.BuiltinClassLoader.loadClassOrNull(BuiltinClassLoader.java:665)
	at java.base/jdk.internal.loader.BuiltinClassLoader.loadClassOrNull(BuiltinClassLoader.java:700)
	at java.base/jdk.internal.loader.BuiltinClassLoader.loadClassOrNull(BuiltinClassLoader.java:669)
	at java.base/jdk.internal.loader.BuiltinClassLoader.loadClass(BuiltinClassLoader.java:639)
	at java.base/jdk.internal.loader.ClassLoaders$AppClassLoader.loadClass(ClassLoaders.java:188)
	at java.base/java.lang.ClassLoader.loadClass(ClassLoader.java:525)
	at java.base/java.lang.Class.forName0(Native Method)
	at java.base/java.lang.Class.forName(Class.java:377)
	at org.junit.jupiter.engine.extension.ScriptExecutionCondition$Evaluator.forName(ScriptExecutionCondition.java:153)
	at org.junit.jupiter.engine.extension.ScriptExecutionCondition$Evaluator.forName(ScriptExecutionCondition.java:133)
	at org.junit.jupiter.engine.extension.ScriptExecutionCondition.<init>(ScriptExecutionCondition.java:55)
	at org.junit.jupiter.engine.extension.ScriptExecutionCondition.<init>(ScriptExecutionCondition.java:50)
	at org.junit.jupiter.engine.extension.ExtensionRegistry.<clinit>(ExtensionRegistry.java:53)
	at org.junit.jupiter.engine.descriptor.JupiterEngineDescriptor.prepare(JupiterEngineDescriptor.java:52)
	at org.junit.jupiter.engine.descriptor.JupiterEngineDescriptor.prepare(JupiterEngineDescriptor.java:30)
	at org.junit.platform.engine.support.hierarchical.NodeTestTask.lambda$prepare$1(NodeTestTask.java:107)
	at org.junit.platform.engine.support.hierarchical.ThrowableCollector.execute(ThrowableCollector.java:73)
	at org.junit.platform.engine.support.hierarchical.NodeTestTask.prepare(NodeTestTask.java:107)
	at org.junit.platform.engine.support.hierarchical.NodeTestTask.execute(NodeTestTask.java:75)
	at org.junit.platform.engine.support.hierarchical.SameThreadHierarchicalTestExecutorService.submit(SameThreadHierarchicalTestExecutorService.java:32)
	at org.junit.platform.engine.support.hierarchical.HierarchicalTestExecutor.execute(HierarchicalTestExecutor.java:57)
	at org.junit.platform.engine.support.hierarchical.HierarchicalTestEngine.execute(HierarchicalTestEngine.java:51)
	at org.junit.platform.launcher.core.DefaultLauncher.execute(DefaultLauncher.java:170)
	at org.junit.platform.launcher.core.DefaultLauncher.execute(DefaultLauncher.java:154)
	at org.junit.platform.launcher.core.DefaultLauncher.execute(DefaultLauncher.java:90)
	at org.apache.maven.surefire.junitplatform.JUnitPlatformProvider.invokeAllTests(JUnitPlatformProvider.java:142)
	at org.apache.maven.surefire.junitplatform.JUnitPlatformProvider.invoke(JUnitPlatformProvider.java:117)
	at org.apache.maven.surefire.booter.ForkedBooter.invokeProviderInSameClassLoader(ForkedBooter.java:383)
	at org.apache.maven.surefire.booter.ForkedBooter.runSuitesInProcess(ForkedBooter.java:344)
	at org.apache.maven.surefire.booter.ForkedBooter.execute(ForkedBooter.java:125)
	at org.apache.maven.surefire.booter.ForkedBooter.main(ForkedBooter.java:417)
Caused by: java.io.IOException: Error while instrumenting javax/script/Bindings.
	at org.jacoco.agent.rt.internal_43f5073.core.instr.Instrumenter.instrumentError(Instrumenter.java:159)
	at org.jacoco.agent.rt.internal_43f5073.core.instr.Instrumenter.instrument(Instrumenter.java:109)
	at org.jacoco.agent.rt.internal_43f5073.CoverageTransformer.transform(CoverageTransformer.java:92)
	... 39 more
Caused by: java.lang.IllegalArgumentException: Unsupported class file major version 61
	at org.jacoco.agent.rt.internal_43f5073.asm.ClassReader.<init>(ClassReader.java:195)
	at org.jacoco.agent.rt.internal_43f5073.asm.ClassReader.<init>(ClassReader.java:176)
	at org.jacoco.agent.rt.internal_43f5073.asm.ClassReader.<init>(ClassReader.java:162)
	at org.jacoco.agent.rt.internal_43f5073.core.internal.instr.InstrSupport.classReaderFor(InstrSupport.java:280)
	at org.jacoco.agent.rt.internal_43f5073.core.instr.Instrumenter.instrument(Instrumenter.java:75)
	at org.jacoco.agent.rt.internal_43f5073.core.instr.Instrumenter.instrument(Instrumenter.java:107)
	... 40 more
java.lang.instrument.IllegalClassFormatException: Error while instrumenting javax/script/ScriptEngineManager.
	at org.jacoco.agent.rt.internal_43f5073.CoverageTransformer.transform(CoverageTransformer.java:94)
	at java.instrument/java.lang.instrument.ClassFileTransformer.transform(ClassFileTransformer.java:244)
	at java.instrument/sun.instrument.TransformerManager.transform(TransformerManager.java:188)
	at java.instrument/sun.instrument.InstrumentationImpl.transform(InstrumentationImpl.java:541)
	at java.base/java.lang.ClassLoader.defineClass2(Native Method)
	at java.base/java.lang.ClassLoader.defineClass(ClassLoader.java:1108)
	at java.base/java.security.SecureClassLoader.defineClass(SecureClassLoader.java:182)
	at java.base/jdk.internal.loader.BuiltinClassLoader.defineClass(BuiltinClassLoader.java:821)
	at java.base/jdk.internal.loader.BuiltinClassLoader.findClassInModuleOrNull(BuiltinClassLoader.java:741)
	at java.base/jdk.internal.loader.BuiltinClassLoader.loadClassOrNull(BuiltinClassLoader.java:665)
	at java.base/jdk.internal.loader.BuiltinClassLoader.loadClassOrNull(BuiltinClassLoader.java:700)
	at java.base/jdk.internal.loader.BuiltinClassLoader.loadClassOrNull(BuiltinClassLoader.java:669)
	at java.base/jdk.internal.loader.BuiltinClassLoader.loadClass(BuiltinClassLoader.java:639)
	at java.base/jdk.internal.loader.ClassLoaders$AppClassLoader.loadClass(ClassLoaders.java:188)
	at java.base/java.lang.ClassLoader.loadClass(ClassLoader.java:525)
	at org.junit.jupiter.engine.script.ScriptExecutionManager.<init>(ScriptExecutionManager.java:37)
	at org.junit.jupiter.engine.extension.ScriptExecutionEvaluator.<init>(ScriptExecutionEvaluator.java:42)
	at java.base/jdk.internal.reflect.NativeConstructorAccessorImpl.newInstance0(Native Method)
	at java.base/jdk.internal.reflect.NativeConstructorAccessorImpl.newInstance(NativeConstructorAccessorImpl.java:77)
	at java.base/jdk.internal.reflect.DelegatingConstructorAccessorImpl.newInstance(DelegatingConstructorAccessorImpl.java:45)
	at java.base/java.lang.reflect.Constructor.newInstanceWithCaller(Constructor.java:500)
	at java.base/java.lang.reflect.Constructor.newInstance(Constructor.java:481)
	at org.junit.jupiter.engine.extension.ScriptExecutionCondition$Evaluator.forName(ScriptExecutionCondition.java:153)
	at org.junit.jupiter.engine.extension.ScriptExecutionCondition$Evaluator.forName(ScriptExecutionCondition.java:133)
	at org.junit.jupiter.engine.extension.ScriptExecutionCondition.<init>(ScriptExecutionCondition.java:55)
	at org.junit.jupiter.engine.extension.ScriptExecutionCondition.<init>(ScriptExecutionCondition.java:50)
	at org.junit.jupiter.engine.extension.ExtensionRegistry.<clinit>(ExtensionRegistry.java:53)
	at org.junit.jupiter.engine.descriptor.JupiterEngineDescriptor.prepare(JupiterEngineDescriptor.java:52)
	at org.junit.jupiter.engine.descriptor.JupiterEngineDescriptor.prepare(JupiterEngineDescriptor.java:30)
	at org.junit.platform.engine.support.hierarchical.NodeTestTask.lambda$prepare$1(NodeTestTask.java:107)
	at org.junit.platform.engine.support.hierarchical.ThrowableCollector.execute(ThrowableCollector.java:73)
	at org.junit.platform.engine.support.hierarchical.NodeTestTask.prepare(NodeTestTask.java:107)
	at org.junit.platform.engine.support.hierarchical.NodeTestTask.execute(NodeTestTask.java:75)
	at org.junit.platform.engine.support.hierarchical.SameThreadHierarchicalTestExecutorService.submit(SameThreadHierarchicalTestExecutorService.java:32)
	at org.junit.platform.engine.support.hierarchical.HierarchicalTestExecutor.execute(HierarchicalTestExecutor.java:57)
	at org.junit.platform.engine.support.hierarchical.HierarchicalTestEngine.execute(HierarchicalTestEngine.java:51)
	at org.junit.platform.launcher.core.DefaultLauncher.execute(DefaultLauncher.java:170)
	at org.junit.platform.launcher.core.DefaultLauncher.execute(DefaultLauncher.java:154)
	at org.junit.platform.launcher.core.DefaultLauncher.execute(DefaultLauncher.java:90)
	at org.apache.maven.surefire.junitplatform.JUnitPlatformProvider.invokeAllTests(JUnitPlatformProvider.java:142)
	at org.apache.maven.surefire.junitplatform.JUnitPlatformProvider.invoke(JUnitPlatformProvider.java:117)
	at org.apache.maven.surefire.booter.ForkedBooter.invokeProviderInSameClassLoader(ForkedBooter.java:383)
	at org.apache.maven.surefire.booter.ForkedBooter.runSuitesInProcess(ForkedBooter.java:344)
	at org.apache.maven.surefire.booter.ForkedBooter.execute(ForkedBooter.java:125)
	at org.apache.maven.surefire.booter.ForkedBooter.main(ForkedBooter.java:417)
Caused by: java.io.IOException: Error while instrumenting javax/script/ScriptEngineManager.
	at org.jacoco.agent.rt.internal_43f5073.core.instr.Instrumenter.instrumentError(Instrumenter.java:159)
	at org.jacoco.agent.rt.internal_43f5073.core.instr.Instrumenter.instrument(Instrumenter.java:109)
	at org.jacoco.agent.rt.internal_43f5073.CoverageTransformer.transform(CoverageTransformer.java:92)
	... 44 more
Caused by: java.lang.IllegalArgumentException: Unsupported class file major version 61
	at org.jacoco.agent.rt.internal_43f5073.asm.ClassReader.<init>(ClassReader.java:195)
	at org.jacoco.agent.rt.internal_43f5073.asm.ClassReader.<init>(ClassReader.java:176)
	at org.jacoco.agent.rt.internal_43f5073.asm.ClassReader.<init>(ClassReader.java:162)
	at org.jacoco.agent.rt.internal_43f5073.core.internal.instr.InstrSupport.classReaderFor(InstrSupport.java:280)
	at org.jacoco.agent.rt.internal_43f5073.core.instr.Instrumenter.instrument(Instrumenter.java:75)
	at org.jacoco.agent.rt.internal_43f5073.core.instr.Instrumenter.instrument(Instrumenter.java:107)
	... 45 more
java.lang.instrument.IllegalClassFormatException: Error while instrumenting javax/script/ScriptEngineFactory.
	at org.jacoco.agent.rt.internal_43f5073.CoverageTransformer.transform(CoverageTransformer.java:94)
	at java.instrument/java.lang.instrument.ClassFileTransformer.transform(ClassFileTransformer.java:244)
	at java.instrument/sun.instrument.TransformerManager.transform(TransformerManager.java:188)
	at java.instrument/sun.instrument.InstrumentationImpl.transform(InstrumentationImpl.java:541)
	at java.base/java.lang.ClassLoader.defineClass2(Native Method)
	at java.base/java.lang.ClassLoader.defineClass(ClassLoader.java:1108)
	at java.base/java.security.SecureClassLoader.defineClass(SecureClassLoader.java:182)
	at java.base/jdk.internal.loader.BuiltinClassLoader.defineClass(BuiltinClassLoader.java:821)
	at java.base/jdk.internal.loader.BuiltinClassLoader.findClassInModuleOrNull(BuiltinClassLoader.java:741)
	at java.base/jdk.internal.loader.BuiltinClassLoader.loadClassOrNull(BuiltinClassLoader.java:665)
	at java.base/jdk.internal.loader.BuiltinClassLoader.loadClass(BuiltinClassLoader.java:639)
	at java.base/java.lang.ClassLoader.loadClass(ClassLoader.java:525)
	at java.scripting/javax.script.ScriptEngineManager.<clinit>(ScriptEngineManager.java:315)
	at org.junit.jupiter.engine.script.ScriptExecutionManager.<init>(ScriptExecutionManager.java:37)
	at org.junit.jupiter.engine.extension.ScriptExecutionEvaluator.<init>(ScriptExecutionEvaluator.java:42)
	at java.base/jdk.internal.reflect.NativeConstructorAccessorImpl.newInstance0(Native Method)
	at java.base/jdk.internal.reflect.NativeConstructorAccessorImpl.newInstance(NativeConstructorAccessorImpl.java:77)
	at java.base/jdk.internal.reflect.DelegatingConstructorAccessorImpl.newInstance(DelegatingConstructorAccessorImpl.java:45)
	at java.base/java.lang.reflect.Constructor.newInstanceWithCaller(Constructor.java:500)
	at java.base/java.lang.reflect.Constructor.newInstance(Constructor.java:481)
	at org.junit.jupiter.engine.extension.ScriptExecutionCondition$Evaluator.forName(ScriptExecutionCondition.java:153)
	at org.junit.jupiter.engine.extension.ScriptExecutionCondition$Evaluator.forName(ScriptExecutionCondition.java:133)
	at org.junit.jupiter.engine.extension.ScriptExecutionCondition.<init>(ScriptExecutionCondition.java:55)
	at org.junit.jupiter.engine.extension.ScriptExecutionCondition.<init>(ScriptExecutionCondition.java:50)
	at org.junit.jupiter.engine.extension.ExtensionRegistry.<clinit>(ExtensionRegistry.java:53)
	at org.junit.jupiter.engine.descriptor.JupiterEngineDescriptor.prepare(JupiterEngineDescriptor.java:52)
	at org.junit.jupiter.engine.descriptor.JupiterEngineDescriptor.prepare(JupiterEngineDescriptor.java:30)
	at org.junit.platform.engine.support.hierarchical.NodeTestTask.lambda$prepare$1(NodeTestTask.java:107)
	at org.junit.platform.engine.support.hierarchical.ThrowableCollector.execute(ThrowableCollector.java:73)
	at org.junit.platform.engine.support.hierarchical.NodeTestTask.prepare(NodeTestTask.java:107)
	at org.junit.platform.engine.support.hierarchical.NodeTestTask.execute(NodeTestTask.java:75)
	at org.junit.platform.engine.support.hierarchical.SameThreadHierarchicalTestExecutorService.submit(SameThreadHierarchicalTestExecutorService.java:32)
	at org.junit.platform.engine.support.hierarchical.HierarchicalTestExecutor.execute(HierarchicalTestExecutor.java:57)
	at org.junit.platform.engine.support.hierarchical.HierarchicalTestEngine.execute(HierarchicalTestEngine.java:51)
	at org.junit.platform.launcher.core.DefaultLauncher.execute(DefaultLauncher.java:170)
	at org.junit.platform.launcher.core.DefaultLauncher.execute(DefaultLauncher.java:154)
	at org.junit.platform.launcher.core.DefaultLauncher.execute(DefaultLauncher.java:90)
	at org.apache.maven.surefire.junitplatform.JUnitPlatformProvider.invokeAllTests(JUnitPlatformProvider.java:142)
	at org.apache.maven.surefire.junitplatform.JUnitPlatformProvider.invoke(JUnitPlatformProvider.java:117)
	at org.apache.maven.surefire.booter.ForkedBooter.invokeProviderInSameClassLoader(ForkedBooter.java:383)
	at org.apache.maven.surefire.booter.ForkedBooter.runSuitesInProcess(ForkedBooter.java:344)
	at org.apache.maven.surefire.booter.ForkedBooter.execute(ForkedBooter.java:125)
	at org.apache.maven.surefire.booter.ForkedBooter.main(ForkedBooter.java:417)
Caused by: java.io.IOException: Error while instrumenting javax/script/ScriptEngineFactory.
	at org.jacoco.agent.rt.internal_43f5073.core.instr.Instrumenter.instrumentError(Instrumenter.java:159)
	at org.jacoco.agent.rt.internal_43f5073.core.instr.Instrumenter.instrument(Instrumenter.java:109)
	at org.jacoco.agent.rt.internal_43f5073.CoverageTransformer.transform(CoverageTransformer.java:92)
	... 42 more
Caused by: java.lang.IllegalArgumentException: Unsupported class file major version 61
	at org.jacoco.agent.rt.internal_43f5073.asm.ClassReader.<init>(ClassReader.java:195)
	at org.jacoco.agent.rt.internal_43f5073.asm.ClassReader.<init>(ClassReader.java:176)
	at org.jacoco.agent.rt.internal_43f5073.asm.ClassReader.<init>(ClassReader.java:162)
	at org.jacoco.agent.rt.internal_43f5073.core.internal.instr.InstrSupport.classReaderFor(InstrSupport.java:280)
	at org.jacoco.agent.rt.internal_43f5073.core.instr.Instrumenter.instrument(Instrumenter.java:75)
	at org.jacoco.agent.rt.internal_43f5073.core.instr.Instrumenter.instrument(Instrumenter.java:107)
	... 43 more
java.lang.instrument.IllegalClassFormatException: Error while instrumenting javax/script/SimpleBindings.
	at org.jacoco.agent.rt.internal_43f5073.CoverageTransformer.transform(CoverageTransformer.java:94)
	at java.instrument/java.lang.instrument.ClassFileTransformer.transform(ClassFileTransformer.java:244)
	at java.instrument/sun.instrument.TransformerManager.transform(TransformerManager.java:188)
	at java.instrument/sun.instrument.InstrumentationImpl.transform(InstrumentationImpl.java:541)
	at java.base/java.lang.ClassLoader.defineClass2(Native Method)
	at java.base/java.lang.ClassLoader.defineClass(ClassLoader.java:1108)
	at java.base/java.security.SecureClassLoader.defineClass(SecureClassLoader.java:182)
	at java.base/jdk.internal.loader.BuiltinClassLoader.defineClass(BuiltinClassLoader.java:821)
	at java.base/jdk.internal.loader.BuiltinClassLoader.findClassInModuleOrNull(BuiltinClassLoader.java:741)
	at java.base/jdk.internal.loader.BuiltinClassLoader.loadClassOrNull(BuiltinClassLoader.java:665)
	at java.base/jdk.internal.loader.BuiltinClassLoader.loadClass(BuiltinClassLoader.java:639)
	at java.base/java.lang.ClassLoader.loadClass(ClassLoader.java:525)
	at java.scripting/javax.script.ScriptEngineManager.<init>(ScriptEngineManager.java:333)
	at java.scripting/javax.script.ScriptEngineManager.<init>(ScriptEngineManager.java:63)
	at org.junit.jupiter.engine.script.ScriptExecutionManager.<init>(ScriptExecutionManager.java:37)
	at org.junit.jupiter.engine.extension.ScriptExecutionEvaluator.<init>(ScriptExecutionEvaluator.java:42)
	at java.base/jdk.internal.reflect.NativeConstructorAccessorImpl.newInstance0(Native Method)
	at java.base/jdk.internal.reflect.NativeConstructorAccessorImpl.newInstance(NativeConstructorAccessorImpl.java:77)
	at java.base/jdk.internal.reflect.DelegatingConstructorAccessorImpl.newInstance(DelegatingConstructorAccessorImpl.java:45)
	at java.base/java.lang.reflect.Constructor.newInstanceWithCaller(Constructor.java:500)
	at java.base/java.lang.reflect.Constructor.newInstance(Constructor.java:481)
	at org.junit.jupiter.engine.extension.ScriptExecutionCondition$Evaluator.forName(ScriptExecutionCondition.java:153)
	at org.junit.jupiter.engine.extension.ScriptExecutionCondition$Evaluator.forName(ScriptExecutionCondition.java:133)
	at org.junit.jupiter.engine.extension.ScriptExecutionCondition.<init>(ScriptExecutionCondition.java:55)
	at org.junit.jupiter.engine.extension.ScriptExecutionCondition.<init>(ScriptExecutionCondition.java:50)
	at org.junit.jupiter.engine.extension.ExtensionRegistry.<clinit>(ExtensionRegistry.java:53)
	at org.junit.jupiter.engine.descriptor.JupiterEngineDescriptor.prepare(JupiterEngineDescriptor.java:52)
	at org.junit.jupiter.engine.descriptor.JupiterEngineDescriptor.prepare(JupiterEngineDescriptor.java:30)
	at org.junit.platform.engine.support.hierarchical.NodeTestTask.lambda$prepare$1(NodeTestTask.java:107)
	at org.junit.platform.engine.support.hierarchical.ThrowableCollector.execute(ThrowableCollector.java:73)
	at org.junit.platform.engine.support.hierarchical.NodeTestTask.prepare(NodeTestTask.java:107)
	at org.junit.platform.engine.support.hierarchical.NodeTestTask.execute(NodeTestTask.java:75)
	at org.junit.platform.engine.support.hierarchical.SameThreadHierarchicalTestExecutorService.submit(SameThreadHierarchicalTestExecutorService.java:32)
	at org.junit.platform.engine.support.hierarchical.HierarchicalTestExecutor.execute(HierarchicalTestExecutor.java:57)
	at org.junit.platform.engine.support.hierarchical.HierarchicalTestEngine.execute(HierarchicalTestEngine.java:51)
	at org.junit.platform.launcher.core.DefaultLauncher.execute(DefaultLauncher.java:170)
	at org.junit.platform.launcher.core.DefaultLauncher.execute(DefaultLauncher.java:154)
	at org.junit.platform.launcher.core.DefaultLauncher.execute(DefaultLauncher.java:90)
	at org.apache.maven.surefire.junitplatform.JUnitPlatformProvider.invokeAllTests(JUnitPlatformProvider.java:142)
	at org.apache.maven.surefire.junitplatform.JUnitPlatformProvider.invoke(JUnitPlatformProvider.java:117)
	at org.apache.maven.surefire.booter.ForkedBooter.invokeProviderInSameClassLoader(ForkedBooter.java:383)
	at org.apache.maven.surefire.booter.ForkedBooter.runSuitesInProcess(ForkedBooter.java:344)
	at org.apache.maven.surefire.booter.ForkedBooter.execute(ForkedBooter.java:125)
	at org.apache.maven.surefire.booter.ForkedBooter.main(ForkedBooter.java:417)
Caused by: java.io.IOException: Error while instrumenting javax/script/SimpleBindings.
	at org.jacoco.agent.rt.internal_43f5073.core.instr.Instrumenter.instrumentError(Instrumenter.java:159)
	at org.jacoco.agent.rt.internal_43f5073.core.instr.Instrumenter.instrument(Instrumenter.java:109)
	at org.jacoco.agent.rt.internal_43f5073.CoverageTransformer.transform(CoverageTransformer.java:92)
	... 43 more
Caused by: java.lang.IllegalArgumentException: Unsupported class file major version 61
	at org.jacoco.agent.rt.internal_43f5073.asm.ClassReader.<init>(ClassReader.java:195)
	at org.jacoco.agent.rt.internal_43f5073.asm.ClassReader.<init>(ClassReader.java:176)
	at org.jacoco.agent.rt.internal_43f5073.asm.ClassReader.<init>(ClassReader.java:162)
	at org.jacoco.agent.rt.internal_43f5073.core.internal.instr.InstrSupport.classReaderFor(InstrSupport.java:280)
	at org.jacoco.agent.rt.internal_43f5073.core.instr.Instrumenter.instrument(Instrumenter.java:75)
	at org.jacoco.agent.rt.internal_43f5073.core.instr.Instrumenter.instrument(Instrumenter.java:107)
	... 44 more
2026-02-19 15:24:31.147:INFO:oejs.Server:jetty-8.1.9.v20130131
2026-02-19 15:24:31.150:INFO:oejs.AbstractConnector:Started SelectChannelConnector@0.0.0.0:43023
2026-02-19 15:24:31.151:INFO:oejs.Server:jetty-8.1.9.v20130131
2026-02-19 15:24:31.159:INFO:oejs.AbstractConnector:Started SelectChannelConnector@0.0.0.0:46499
java.lang.instrument.IllegalClassFormatException: Error while instrumenting javax/script/ScriptEngine.
	at org.jacoco.agent.rt.internal_43f5073.CoverageTransformer.transform(CoverageTransformer.java:94)
	at java.instrument/java.lang.instrument.ClassFileTransformer.transform(ClassFileTransformer.java:244)
	at java.instrument/sun.instrument.TransformerManager.transform(TransformerManager.java:188)
	at java.instrument/sun.instrument.InstrumentationImpl.transform(InstrumentationImpl.java:541)
	at java.base/java.lang.ClassLoader.defineClass2(Native Method)
	at java.base/java.lang.ClassLoader.defineClass(ClassLoader.java:1108)
	at java.base/java.security.SecureClassLoader.defineClass(SecureClassLoader.java:182)
	at java.base/jdk.internal.loader.BuiltinClassLoader.defineClass(BuiltinClassLoader.java:821)
	at java.base/jdk.internal.loader.BuiltinClassLoader.findClassInModuleOrNull(BuiltinClassLoader.java:741)
	at java.base/jdk.internal.loader.BuiltinClassLoader.loadClassOrNull(BuiltinClassLoader.java:665)
	at java.base/jdk.internal.loader.BuiltinClassLoader.loadClassOrNull(BuiltinClassLoader.java:700)
	at java.base/jdk.internal.loader.BuiltinClassLoader.loadClassOrNull(BuiltinClassLoader.java:669)
	at java.base/jdk.internal.loader.BuiltinClassLoader.loadClass(BuiltinClassLoader.java:639)
	at java.base/jdk.internal.loader.ClassLoaders$AppClassLoader.loadClass(ClassLoaders.java:188)
	at java.base/java.lang.ClassLoader.loadClass(ClassLoader.java:525)
	at java.base/java.lang.Class.forName0(Native Method)
	at java.base/java.lang.Class.forName(Class.java:377)
	at org.junit.jupiter.engine.extension.ScriptExecutionCondition$Evaluator.forName(ScriptExecutionCondition.java:139)
	at org.junit.jupiter.engine.extension.ScriptExecutionCondition$Evaluator.forName(ScriptExecutionCondition.java:133)
	at org.junit.jupiter.engine.extension.ScriptExecutionCondition.<init>(ScriptExecutionCondition.java:55)
	at org.junit.jupiter.engine.extension.ScriptExecutionCondition.<init>(ScriptExecutionCondition.java:50)
	at org.junit.jupiter.engine.extension.ExtensionRegistry.<clinit>(ExtensionRegistry.java:53)
	at org.junit.jupiter.engine.descriptor.JupiterEngineDescriptor.prepare(JupiterEngineDescriptor.java:52)
	at org.junit.jupiter.engine.descriptor.JupiterEngineDescriptor.prepare(JupiterEngineDescriptor.java:30)
	at org.junit.platform.engine.support.hierarchical.NodeTestTask.lambda$prepare$1(NodeTestTask.java:107)
	at org.junit.platform.engine.support.hierarchical.ThrowableCollector.execute(ThrowableCollector.java:73)
	at org.junit.platform.engine.support.hierarchical.NodeTestTask.prepare(NodeTestTask.java:107)
	at org.junit.platform.engine.support.hierarchical.NodeTestTask.execute(NodeTestTask.java:75)
	at org.junit.platform.engine.support.hierarchical.SameThreadHierarchicalTestExecutorService.submit(SameThreadHierarchicalTestExecutorService.java:32)
	at org.junit.platform.engine.support.hierarchical.HierarchicalTestExecutor.execute(HierarchicalTestExecutor.java:57)
	at org.junit.platform.engine.support.hierarchical.HierarchicalTestEngine.execute(HierarchicalTestEngine.java:51)
	at org.junit.platform.launcher.core.DefaultLauncher.execute(DefaultLauncher.java:170)
	at org.junit.platform.launcher.core.DefaultLauncher.execute(DefaultLauncher.java:154)
	at org.junit.platform.launcher.core.DefaultLauncher.execute(DefaultLauncher.java:90)
	at org.apache.maven.surefire.junitplatform.JUnitPlatformProvider.invokeAllTests(JUnitPlatformProvider.java:142)
	at org.apache.maven.surefire.junitplatform.JUnitPlatformProvider.invoke(JUnitPlatformProvider.java:117)
	at org.apache.maven.surefire.booter.ForkedBooter.invokeProviderInSameClassLoader(ForkedBooter.java:383)
	at org.apache.maven.surefire.booter.ForkedBooter.runSuitesInProcess(ForkedBooter.java:344)
	at org.apache.maven.surefire.booter.ForkedBooter.execute(ForkedBooter.java:125)
	at org.apache.maven.surefire.booter.ForkedBooter.main(ForkedBooter.java:417)
Caused by: java.io.IOException: Error while instrumenting javax/script/ScriptEngine.
	at org.jacoco.agent.rt.internal_43f5073.core.instr.Instrumenter.instrumentError(Instrumenter.java:159)
	at org.jacoco.agent.rt.internal_43f5073.core.instr.Instrumenter.instrument(Instrumenter.java:109)
	at org.jacoco.agent.rt.internal_43f5073.CoverageTransformer.transform(CoverageTransformer.java:92)
	... 39 more
Caused by: java.lang.IllegalArgumentException: Unsupported class file major version 61
	at org.jacoco.agent.rt.internal_43f5073.asm.ClassReader.<init>(ClassReader.java:195)
	at org.jacoco.agent.rt.internal_43f5073.asm.ClassReader.<init>(ClassReader.java:176)
	at org.jacoco.agent.rt.internal_43f5073.asm.ClassReader.<init>(ClassReader.java:162)
	at org.jacoco.agent.rt.internal_43f5073.core.internal.instr.InstrSupport.classReaderFor(InstrSupport.java:280)
	at org.jacoco.agent.rt.internal_43f5073.core.instr.Instrumenter.instrument(Instrumenter.java:75)
	at org.jacoco.agent.rt.internal_43f5073.core.instr.Instrumenter.instrument(Instrumenter.java:107)
	... 40 more
java.lang.instrument.IllegalClassFormatException: Error while instrumenting javax/script/ScriptException.
	at org.jacoco.agent.rt.internal_43f5073.CoverageTransformer.transform(CoverageTransformer.java:94)
	at java.instrument/java.lang.instrument.ClassFileTransformer.transform(ClassFileTransformer.java:244)
	at java.instrument/sun.instrument.TransformerManager.transform(TransformerManager.java:188)
	at java.instrument/sun.instrument.InstrumentationImpl.transform(InstrumentationImpl.java:541)
	at java.base/java.lang.ClassLoader.defineClass2(Native Method)
	at java.base/java.lang.ClassLoader.defineClass(ClassLoader.java:1108)
	at java.base/java.security.SecureClassLoader.defineClass(SecureClassLoader.java:182)
	at java.base/jdk.internal.loader.BuiltinClassLoader.defineClass(BuiltinClassLoader.java:821)
	at java.base/jdk.internal.loader.BuiltinClassLoader.findClassInModuleOrNull(BuiltinClassLoader.java:741)
	at java.base/jdk.internal.loader.BuiltinClassLoader.loadClassOrNull(BuiltinClassLoader.java:665)
	at java.base/jdk.internal.loader.BuiltinClassLoader.loadClassOrNull(BuiltinClassLoader.java:700)
	at java.base/jdk.internal.loader.BuiltinClassLoader.loadClassOrNull(BuiltinClassLoader.java:669)
	at java.base/jdk.internal.loader.BuiltinClassLoader.loadClass(BuiltinClassLoader.java:639)
	at java.base/jdk.internal.loader.ClassLoaders$AppClassLoader.loadClass(ClassLoaders.java:188)
	at java.base/java.lang.ClassLoader.loadClass(ClassLoader.java:525)
	at java.base/java.lang.Class.forName0(Native Method)
	at java.base/java.lang.Class.forName(Class.java:377)
	at org.junit.jupiter.engine.extension.ScriptExecutionCondition$Evaluator.forName(ScriptExecutionCondition.java:153)
	at org.junit.jupiter.engine.extension.ScriptExecutionCondition$Evaluator.forName(ScriptExecutionCondition.java:133)
	at org.junit.jupiter.engine.extension.ScriptExecutionCondition.<init>(ScriptExecutionCondition.java:55)
	at org.junit.jupiter.engine.extension.ScriptExecutionCondition.<init>(ScriptExecutionCondition.java:50)
	at org.junit.jupiter.engine.extension.ExtensionRegistry.<clinit>(ExtensionRegistry.java:53)
	at org.junit.jupiter.engine.descriptor.JupiterEngineDescriptor.prepare(JupiterEngineDescriptor.java:52)
	at org.junit.jupiter.engine.descriptor.JupiterEngineDescriptor.prepare(JupiterEngineDescriptor.java:30)
	at org.junit.platform.engine.support.hierarchical.NodeTestTask.lambda$prepare$1(NodeTestTask.java:107)
	at org.junit.platform.engine.support.hierarchical.ThrowableCollector.execute(ThrowableCollector.java:73)
	at org.junit.platform.engine.support.hierarchical.NodeTestTask.prepare(NodeTestTask.java:107)
	at org.junit.platform.engine.support.hierarchical.NodeTestTask.execute(NodeTestTask.java:75)
	at org.junit.platform.engine.support.hierarchical.SameThreadHierarchicalTestExecutorService.submit(SameThreadHierarchicalTestExecutorService.java:32)
	at org.junit.platform.engine.support.hierarchical.HierarchicalTestExecutor.execute(HierarchicalTestExecutor.java:57)
	at org.junit.platform.engine.support.hierarchical.HierarchicalTestEngine.execute(HierarchicalTestEngine.java:51)
	at org.junit.platform.launcher.core.DefaultLauncher.execute(DefaultLauncher.java:170)
	at org.junit.platform.launcher.core.DefaultLauncher.execute(DefaultLauncher.java:154)
	at org.junit.platform.launcher.core.DefaultLauncher.execute(DefaultLauncher.java:90)
	at org.apache.maven.surefire.junitplatform.JUnitPlatformProvider.invokeAllTests(JUnitPlatformProvider.java:142)
	at org.apache.maven.surefire.junitplatform.JUnitPlatformProvider.invoke(JUnitPlatformProvider.java:117)
	at org.apache.maven.surefire.booter.ForkedBooter.invokeProviderInSameClassLoader(ForkedBooter.java:383)
	at org.apache.maven.surefire.booter.ForkedBooter.runSuitesInProcess(ForkedBooter.java:344)
	at org.apache.maven.surefire.booter.ForkedBooter.execute(ForkedBooter.java:125)
	at org.apache.maven.surefire.booter.ForkedBooter.main(ForkedBooter.java:417)
Caused by: java.io.IOException: Error while instrumenting javax/script/ScriptException.
	at org.jacoco.agent.rt.internal_43f5073.core.instr.Instrumenter.instrumentError(Instrumenter.java:159)
	at org.jacoco.agent.rt.internal_43f5073.core.instr.Instrumenter.instrument(Instrumenter.java:109)
	at org.jacoco.agent.rt.internal_43f5073.CoverageTransformer.transform(CoverageTransformer.java:92)
	... 39 more
Caused by: java.lang.IllegalArgumentException: Unsupported class file major version 61
	at org.jacoco.agent.rt.internal_43f5073.asm.ClassReader.<init>(ClassReader.java:195)
	at org.jacoco.agent.rt.internal_43f5073.asm.ClassReader.<init>(ClassReader.java:176)
	at org.jacoco.agent.rt.internal_43f5073.asm.ClassReader.<init>(ClassReader.java:162)
	at org.jacoco.agent.rt.internal_43f5073.core.internal.instr.InstrSupport.classReaderFor(InstrSupport.java:280)
	at org.jacoco.agent.rt.internal_43f5073.core.instr.Instrumenter.instrument(Instrumenter.java:75)
	at org.jacoco.agent.rt.internal_43f5073.core.instr.Instrumenter.instrument(Instrumenter.java:107)
	... 40 more
java.lang.instrument.IllegalClassFormatException: Error while instrumenting javax/script/Bindings.
	at org.jacoco.agent.rt.internal_43f5073.CoverageTransformer.transform(CoverageTransformer.java:94)
	at java.instrument/java.lang.instrument.ClassFileTransformer.transform(ClassFileTransformer.java:244)
	at java.instrument/sun.instrument.TransformerManager.transform(TransformerManager.java:188)
	at java.instrument/sun.instrument.InstrumentationImpl.transform(InstrumentationImpl.java:541)
	at java.base/java.lang.ClassLoader.defineClass2(Native Method)
	at java.base/java.lang.ClassLoader.defineClass(ClassLoader.java:1108)
	at java.base/java.security.SecureClassLoader.defineClass(SecureClassLoader.java:182)
	at java.base/jdk.internal.loader.BuiltinClassLoader.defineClass(BuiltinClassLoader.java:821)
	at java.base/jdk.internal.loader.BuiltinClassLoader.findClassInModuleOrNull(BuiltinClassLoader.java:741)
	at java.base/jdk.internal.loader.BuiltinClassLoader.loadClassOrNull(BuiltinClassLoader.java:665)
	at java.base/jdk.internal.loader.BuiltinClassLoader.loadClassOrNull(BuiltinClassLoader.java:700)
	at java.base/jdk.internal.loader.BuiltinClassLoader.loadClassOrNull(BuiltinClassLoader.java:669)
	at java.base/jdk.internal.loader.BuiltinClassLoader.loadClass(BuiltinClassLoader.java:639)
	at java.base/jdk.internal.loader.ClassLoaders$AppClassLoader.loadClass(ClassLoaders.java:188)
	at java.base/java.lang.ClassLoader.loadClass(ClassLoader.java:525)
	at java.base/java.lang.Class.forName0(Native Method)
	at java.base/java.lang.Class.forName(Class.java:377)
	at org.junit.jupiter.engine.extension.ScriptExecutionCondition$Evaluator.forName(ScriptExecutionCondition.java:153)
	at org.junit.jupiter.engine.extension.ScriptExecutionCondition$Evaluator.forName(ScriptExecutionCondition.java:133)
	at org.junit.jupiter.engine.extension.ScriptExecutionCondition.<init>(ScriptExecutionCondition.java:55)
	at org.junit.jupiter.engine.extension.ScriptExecutionCondition.<init>(ScriptExecutionCondition.java:50)
	at org.junit.jupiter.engine.extension.ExtensionRegistry.<clinit>(ExtensionRegistry.java:53)
	at org.junit.jupiter.engine.descriptor.JupiterEngineDescriptor.prepare(JupiterEngineDescriptor.java:52)
	at org.junit.jupiter.engine.descriptor.JupiterEngineDescriptor.prepare(JupiterEngineDescriptor.java:30)
	at org.junit.platform.engine.support.hierarchical.NodeTestTask.lambda$prepare$1(NodeTestTask.java:107)
	at org.junit.platform.engine.support.hierarchical.ThrowableCollector.execute(ThrowableCollector.java:73)
	at org.junit.platform.engine.support.hierarchical.NodeTestTask.prepare(NodeTestTask.java:107)
	at org.junit.platform.engine.support.hierarchical.NodeTestTask.execute(NodeTestTask.java:75)
	at org.junit.platform.engine.support.hierarchical.SameThreadHierarchicalTestExecutorService.submit(SameThreadHierarchicalTestExecutorService.java:32)
	at org.junit.platform.engine.support.hierarchical.HierarchicalTestExecutor.execute(HierarchicalTestExecutor.java:57)
	at org.junit.platform.engine.support.hierarchical.HierarchicalTestEngine.execute(HierarchicalTestEngine.java:51)
	at org.junit.platform.launcher.core.DefaultLauncher.execute(DefaultLauncher.java:170)
	at org.junit.platform.launcher.core.DefaultLauncher.execute(DefaultLauncher.java:154)
	at org.junit.platform.launcher.core.DefaultLauncher.execute(DefaultLauncher.java:90)
	at org.apache.maven.surefire.junitplatform.JUnitPlatformProvider.invokeAllTests(JUnitPlatformProvider.java:142)
	at org.apache.maven.surefire.junitplatform.JUnitPlatformProvider.invoke(JUnitPlatformProvider.java:117)
	at org.apache.maven.surefire.booter.ForkedBooter.invokeProviderInSameClassLoader(ForkedBooter.java:383)
	at org.apache.maven.surefire.booter.ForkedBooter.runSuitesInProcess(ForkedBooter.java:344)
	at org.apache.maven.surefire.booter.ForkedBooter.execute(ForkedBooter.java:125)
	at org.apache.maven.surefire.booter.ForkedBooter.main(ForkedBooter.java:417)
Caused by: java.io.IOException: Error while instrumenting javax/script/Bindings.
	at org.jacoco.agent.rt.internal_43f5073.core.instr.Instrumenter.instrumentError(Instrumenter.java:159)
	at org.jacoco.agent.rt.internal_43f5073.core.instr.Instrumenter.instrument(Instrumenter.java:109)
	at org.jacoco.agent.rt.internal_43f5073.CoverageTransformer.transform(CoverageTransformer.java:92)
	... 39 more
Caused by: java.lang.IllegalArgumentException: Unsupported class file major version 61
	at org.jacoco.agent.rt.internal_43f5073.asm.ClassReader.<init>(ClassReader.java:195)
	at org.jacoco.agent.rt.internal_43f5073.asm.ClassReader.<init>(ClassReader.java:176)
	at org.jacoco.agent.rt.internal_43f5073.asm.ClassReader.<init>(ClassReader.java:162)
	at org.jacoco.agent.rt.internal_43f5073.core.internal.instr.InstrSupport.classReaderFor(InstrSupport.java:280)
	at org.jacoco.agent.rt.internal_43f5073.core.instr.Instrumenter.instrument(Instrumenter.java:75)
	at org.jacoco.agent.rt.internal_43f5073.core.instr.Instrumenter.instrument(Instrumenter.java:107)
	... 40 more
java.lang.instrument.IllegalClassFormatException: Error while instrumenting javax/script/ScriptEngineManager.
	at org.jacoco.agent.rt.internal_43f5073.CoverageTransformer.transform(CoverageTransformer.java:94)
	at java.instrument/java.lang.instrument.ClassFileTransformer.transform(ClassFileTransformer.java:244)
	at java.instrument/sun.instrument.TransformerManager.transform(TransformerManager.java:188)
	at java.instrument/sun.instrument.InstrumentationImpl.transform(InstrumentationImpl.java:541)
	at java.base/java.lang.ClassLoader.defineClass2(Native Method)
	at java.base/java.lang.ClassLoader.defineClass(ClassLoader.java:1108)
	at java.base/java.security.SecureClassLoader.defineClass(SecureClassLoader.java:182)
	at java.base/jdk.internal.loader.BuiltinClassLoader.defineClass(BuiltinClassLoader.java:821)
	at java.base/jdk.internal.loader.BuiltinClassLoader.findClassInModuleOrNull(BuiltinClassLoader.java:741)
	at java.base/jdk.internal.loader.BuiltinClassLoader.loadClassOrNull(BuiltinClassLoader.java:665)
	at java.base/jdk.internal.loader.BuiltinClassLoader.loadClassOrNull(BuiltinClassLoader.java:700)
	at java.base/jdk.internal.loader.BuiltinClassLoader.loadClassOrNull(BuiltinClassLoader.java:669)
	at java.base/jdk.internal.loader.BuiltinClassLoader.loadClass(BuiltinClassLoader.java:639)
	at java.base/jdk.internal.loader.ClassLoaders$AppClassLoader.loadClass(ClassLoaders.java:188)
	at java.base/java.lang.ClassLoader.loadClass(ClassLoader.java:525)
	at org.junit.jupiter.engine.script.ScriptExecutionManager.<init>(ScriptExecutionManager.java:37)
	at org.junit.jupiter.engine.extension.ScriptExecutionEvaluator.<init>(ScriptExecutionEvaluator.java:42)
	at java.base/jdk.internal.reflect.NativeConstructorAccessorImpl.newInstance0(Native Method)
	at java.base/jdk.internal.reflect.NativeConstructorAccessorImpl.newInstance(NativeConstructorAccessorImpl.java:77)
	at java.base/jdk.internal.reflect.DelegatingConstructorAccessorImpl.newInstance(DelegatingConstructorAccessorImpl.java:45)
	at java.base/java.lang.reflect.Constructor.newInstanceWithCaller(Constructor.java:500)
	at java.base/java.lang.reflect.Constructor.newInstance(Constructor.java:481)
	at org.junit.jupiter.engine.extension.ScriptExecutionCondition$Evaluator.forName(ScriptExecutionCondition.java:153)
	at org.junit.jupiter.engine.extension.ScriptExecutionCondition$Evaluator.forName(ScriptExecutionCondition.java:133)
	at org.junit.jupiter.engine.extension.ScriptExecutionCondition.<init>(ScriptExecutionCondition.java:55)
	at org.junit.jupiter.engine.extension.ScriptExecutionCondition.<init>(ScriptExecutionCondition.java:50)
	at org.junit.jupiter.engine.extension.ExtensionRegistry.<clinit>(ExtensionRegistry.java:53)
	at org.junit.jupiter.engine.descriptor.JupiterEngineDescriptor.prepare(JupiterEngineDescriptor.java:52)
	at org.junit.jupiter.engine.descriptor.JupiterEngineDescriptor.prepare(JupiterEngineDescriptor.java:30)
	at org.junit.platform.engine.support.hierarchical.NodeTestTask.lambda$prepare$1(NodeTestTask.java:107)
	at org.junit.platform.engine.support.hierarchical.ThrowableCollector.execute(ThrowableCollector.java:73)
	at org.junit.platform.engine.support.hierarchical.NodeTestTask.prepare(NodeTestTask.java:107)
	at org.junit.platform.engine.support.hierarchical.NodeTestTask.execute(NodeTestTask.java:75)
	at org.junit.platform.engine.support.hierarchical.SameThreadHierarchicalTestExecutorService.submit(SameThreadHierarchicalTestExecutorService.java:32)
	at org.junit.platform.engine.support.hierarchical.HierarchicalTestExecutor.execute(HierarchicalTestExecutor.java:57)
	at org.junit.platform.engine.support.hierarchical.HierarchicalTestEngine.execute(HierarchicalTestEngine.java:51)
	at org.junit.platform.launcher.core.DefaultLauncher.execute(DefaultLauncher.java:170)
	at org.junit.platform.launcher.core.DefaultLauncher.execute(DefaultLauncher.java:154)
	at org.junit.platform.launcher.core.DefaultLauncher.execute(DefaultLauncher.java:90)
	at org.apache.maven.surefire.junitplatform.JUnitPlatformProvider.invokeAllTests(JUnitPlatformProvider.java:142)
	at org.apache.maven.surefire.junitplatform.JUnitPlatformProvider.invoke(JUnitPlatformProvider.java:117)
	at org.apache.maven.surefire.booter.ForkedBooter.invokeProviderInSameClassLoader(ForkedBooter.java:383)
	at org.apache.maven.surefire.booter.ForkedBooter.runSuitesInProcess(ForkedBooter.java:344)
	at org.apache.maven.surefire.booter.ForkedBooter.execute(ForkedBooter.java:125)
	at org.apache.maven.surefire.booter.ForkedBooter.main(ForkedBooter.java:417)
Caused by: java.io.IOException: Error while instrumenting javax/script/ScriptEngineManager.
	at org.jacoco.agent.rt.internal_43f5073.core.instr.Instrumenter.instrumentError(Instrumenter.java:159)
	at org.jacoco.agent.rt.internal_43f5073.core.instr.Instrumenter.instrument(Instrumenter.java:109)
	at org.jacoco.agent.rt.internal_43f5073.CoverageTransformer.transform(CoverageTransformer.java:92)
	... 44 more
Caused by: java.lang.IllegalArgumentException: Unsupported class file major version 61
	at org.jacoco.agent.rt.internal_43f5073.asm.ClassReader.<init>(ClassReader.java:195)
	at org.jacoco.agent.rt.internal_43f5073.asm.ClassReader.<init>(ClassReader.java:176)
	at org.jacoco.agent.rt.internal_43f5073.asm.ClassReader.<init>(ClassReader.java:162)
	at org.jacoco.agent.rt.internal_43f5073.core.internal.instr.InstrSupport.classReaderFor(InstrSupport.java:280)
	at org.jacoco.agent.rt.internal_43f5073.core.instr.Instrumenter.instrument(Instrumenter.java:75)
	at org.jacoco.agent.rt.internal_43f5073.core.instr.Instrumenter.instrument(Instrumenter.java:107)
	... 45 more
java.lang.instrument.IllegalClassFormatException: Error while instrumenting javax/script/ScriptEngineFactory.
	at org.jacoco.agent.rt.internal_43f5073.CoverageTransformer.transform(CoverageTransformer.java:94)
	at java.instrument/java.lang.instrument.ClassFileTransformer.transform(ClassFileTransformer.java:244)
	at java.instrument/sun.instrument.TransformerManager.transform(TransformerManager.java:188)
	at java.instrument/sun.instrument.InstrumentationImpl.transform(InstrumentationImpl.java:541)
	at java.base/java.lang.ClassLoader.defineClass2(Native Method)
	at java.base/java.lang.ClassLoader.defineClass(ClassLoader.java:1108)
	at java.base/java.security.SecureClassLoader.defineClass(SecureClassLoader.java:182)
	at java.base/jdk.internal.loader.BuiltinClassLoader.defineClass(BuiltinClassLoader.java:821)
	at java.base/jdk.internal.loader.BuiltinClassLoader.findClassInModuleOrNull(BuiltinClassLoader.java:741)
	at java.base/jdk.internal.loader.BuiltinClassLoader.loadClassOrNull(BuiltinClassLoader.java:665)
	at java.base/jdk.internal.loader.BuiltinClassLoader.loadClass(BuiltinClassLoader.java:639)
	at java.base/java.lang.ClassLoader.loadClass(ClassLoader.java:525)
	at java.scripting/javax.script.ScriptEngineManager.<clinit>(ScriptEngineManager.java:315)
	at org.junit.jupiter.engine.script.ScriptExecutionManager.<init>(ScriptExecutionManager.java:37)
	at org.junit.jupiter.engine.extension.ScriptExecutionEvaluator.<init>(ScriptExecutionEvaluator.java:42)
	at java.base/jdk.internal.reflect.NativeConstructorAccessorImpl.newInstance0(Native Method)
	at java.base/jdk.internal.reflect.NativeConstructorAccessorImpl.newInstance(NativeConstructorAccessorImpl.java:77)
	at java.base/jdk.internal.reflect.DelegatingConstructorAccessorImpl.newInstance(DelegatingConstructorAccessorImpl.java:45)
	at java.base/java.lang.reflect.Constructor.newInstanceWithCaller(Constructor.java:500)
	at java.base/java.lang.reflect.Constructor.newInstance(Constructor.java:481)
	at org.junit.jupiter.engine.extension.ScriptExecutionCondition$Evaluator.forName(ScriptExecutionCondition.java:153)
	at org.junit.jupiter.engine.extension.ScriptExecutionCondition$Evaluator.forName(ScriptExecutionCondition.java:133)
	at org.junit.jupiter.engine.extension.ScriptExecutionCondition.<init>(ScriptExecutionCondition.java:55)
	at org.junit.jupiter.engine.extension.ScriptExecutionCondition.<init>(ScriptExecutionCondition.java:50)
	at org.junit.jupiter.engine.extension.ExtensionRegistry.<clinit>(ExtensionRegistry.java:53)
	at org.junit.jupiter.engine.descriptor.JupiterEngineDescriptor.prepare(JupiterEngineDescriptor.java:52)
	at org.junit.jupiter.engine.descriptor.JupiterEngineDescriptor.prepare(JupiterEngineDescriptor.java:30)
	at org.junit.platform.engine.support.hierarchical.NodeTestTask.lambda$prepare$1(NodeTestTask.java:107)
	at org.junit.platform.engine.support.hierarchical.ThrowableCollector.execute(ThrowableCollector.java:73)
	at org.junit.platform.engine.support.hierarchical.NodeTestTask.prepare(NodeTestTask.java:107)
	at org.junit.platform.engine.support.hierarchical.NodeTestTask.execute(NodeTestTask.java:75)
	at org.junit.platform.engine.support.hierarchical.SameThreadHierarchicalTestExecutorService.submit(SameThreadHierarchicalTestExecutorService.java:32)
	at org.junit.platform.engine.support.hierarchical.HierarchicalTestExecutor.execute(HierarchicalTestExecutor.java:57)
	at org.junit.platform.engine.support.hierarchical.HierarchicalTestEngine.execute(HierarchicalTestEngine.java:51)
	at org.junit.platform.launcher.core.DefaultLauncher.execute(DefaultLauncher.java:170)
	at org.junit.platform.launcher.core.DefaultLauncher.execute(DefaultLauncher.java:154)
	at org.junit.platform.launcher.core.DefaultLauncher.execute(DefaultLauncher.java:90)
	at org.apache.maven.surefire.junitplatform.JUnitPlatformProvider.invokeAllTests(JUnitPlatformProvider.java:142)
	at org.apache.maven.surefire.junitplatform.JUnitPlatformProvider.invoke(JUnitPlatformProvider.java:117)
	at org.apache.maven.surefire.booter.ForkedBooter.invokeProviderInSameClassLoader(ForkedBooter.java:383)
	at org.apache.maven.surefire.booter.ForkedBooter.runSuitesInProcess(ForkedBooter.java:344)
	at org.apache.maven.surefire.booter.ForkedBooter.execute(ForkedBooter.java:125)
	at org.apache.maven.surefire.booter.ForkedBooter.main(ForkedBooter.java:417)
Caused by: java.io.IOException: Error while instrumenting javax/script/ScriptEngineFactory.
	at org.jacoco.agent.rt.internal_43f5073.core.instr.Instrumenter.instrumentError(Instrumenter.java:159)
	at org.jacoco.agent.rt.internal_43f5073.core.instr.Instrumenter.instrument(Instrumenter.java:109)
	at org.jacoco.agent.rt.internal_43f5073.CoverageTransformer.transform(CoverageTransformer.java:92)
	... 42 more
Caused by: java.lang.IllegalArgumentException: Unsupported class file major version 61
	at org.jacoco.agent.rt.internal_43f5073.asm.ClassReader.<init>(ClassReader.java:195)
	at org.jacoco.agent.rt.internal_43f5073.asm.ClassReader.<init>(ClassReader.java:176)
	at org.jacoco.agent.rt.internal_43f5073.asm.ClassReader.<init>(ClassReader.java:162)
	at org.jacoco.agent.rt.internal_43f5073.core.internal.instr.InstrSupport.classReaderFor(InstrSupport.java:280)
	at org.jacoco.agent.rt.internal_43f5073.core.instr.Instrumenter.instrument(Instrumenter.java:75)
	at org.jacoco.agent.rt.internal_43f5073.core.instr.Instrumenter.instrument(Instrumenter.java:107)
	... 43 more
java.lang.instrument.IllegalClassFormatException: Error while instrumenting javax/script/SimpleBindings.
	at org.jacoco.agent.rt.internal_43f5073.CoverageTransformer.transform(CoverageTransformer.java:94)
	at java.instrument/java.lang.instrument.ClassFileTransformer.transform(ClassFileTransformer.java:244)
	at java.instrument/sun.instrument.TransformerManager.transform(TransformerManager.java:188)
	at java.instrument/sun.instrument.InstrumentationImpl.transform(InstrumentationImpl.java:541)
	at java.base/java.lang.ClassLoader.defineClass2(Native Method)
	at java.base/java.lang.ClassLoader.defineClass(ClassLoader.java:1108)
	at java.base/java.security.SecureClassLoader.defineClass(SecureClassLoader.java:182)
	at java.base/jdk.internal.loader.BuiltinClassLoader.defineClass(BuiltinClassLoader.java:821)
	at java.base/jdk.internal.loader.BuiltinClassLoader.findClassInModuleOrNull(BuiltinClassLoader.java:741)
	at java.base/jdk.internal.loader.BuiltinClassLoader.loadClassOrNull(BuiltinClassLoader.java:665)
	at java.base/jdk.internal.loader.BuiltinClassLoader.loadClass(BuiltinClassLoader.java:639)
	at java.base/java.lang.ClassLoader.loadClass(ClassLoader.java:525)
	at java.scripting/javax.script.ScriptEngineManager.<init>(ScriptEngineManager.java:333)
	at java.scripting/javax.script.ScriptEngineManager.<init>(ScriptEngineManager.java:63)
	at org.junit.jupiter.engine.script.ScriptExecutionManager.<init>(ScriptExecutionManager.java:37)
	at org.junit.jupiter.engine.extension.ScriptExecutionEvaluator.<init>(ScriptExecutionEvaluator.java:42)
	at java.base/jdk.internal.reflect.NativeConstructorAccessorImpl.newInstance0(Native Method)
	at java.base/jdk.internal.reflect.NativeConstructorAccessorImpl.newInstance(NativeConstructorAccessorImpl.java:77)
	at java.base/jdk.internal.reflect.DelegatingConstructorAccessorImpl.newInstance(DelegatingConstructorAccessorImpl.java:45)
	at java.base/java.lang.reflect.Constructor.newInstanceWithCaller(Constructor.java:500)
	at java.base/java.lang.reflect.Constructor.newInstance(Constructor.java:481)
	at org.junit.jupiter.engine.extension.ScriptExecutionCondition$Evaluator.forName(ScriptExecutionCondition.java:153)
	at org.junit.jupiter.engine.extension.ScriptExecutionCondition$Evaluator.forName(ScriptExecutionCondition.java:133)
	at org.junit.jupiter.engine.extension.ScriptExecutionCondition.<init>(ScriptExecutionCondition.java:55)
	at org.junit.jupiter.engine.extension.ScriptExecutionCondition.<init>(ScriptExecutionCondition.java:50)
	at org.junit.jupiter.engine.extension.ExtensionRegistry.<clinit>(ExtensionRegistry.java:53)
	at org.junit.jupiter.engine.descriptor.JupiterEngineDescriptor.prepare(JupiterEngineDescriptor.java:52)
	at org.junit.jupiter.engine.descriptor.JupiterEngineDescriptor.prepare(JupiterEngineDescriptor.java:30)
	at org.junit.platform.engine.support.hierarchical.NodeTestTask.lambda$prepare$1(NodeTestTask.java:107)
	at org.junit.platform.engine.support.hierarchical.ThrowableCollector.execute(ThrowableCollector.java:73)
	at org.junit.platform.engine.support.hierarchical.NodeTestTask.prepare(NodeTestTask.java:107)
	at org.junit.platform.engine.support.hierarchical.NodeTestTask.execute(NodeTestTask.java:75)
	at org.junit.platform.engine.support.hierarchical.SameThreadHierarchicalTestExecutorService.submit(SameThreadHierarchicalTestExecutorService.java:32)
	at org.junit.platform.engine.support.hierarchical.HierarchicalTestExecutor.execute(HierarchicalTestExecutor.java:57)
	at org.junit.platform.engine.support.hierarchical.HierarchicalTestEngine.execute(HierarchicalTestEngine.java:51)
	at org.junit.platform.launcher.core.DefaultLauncher.execute(DefaultLauncher.java:170)
	at org.junit.platform.launcher.core.DefaultLauncher.execute(DefaultLauncher.java:154)
	at org.junit.platform.launcher.core.DefaultLauncher.execute(DefaultLauncher.java:90)
	at org.apache.maven.surefire.junitplatform.JUnitPlatformProvider.invokeAllTests(JUnitPlatformProvider.java:142)
	at org.apache.maven.surefire.junitplatform.JUnitPlatformProvider.invoke(JUnitPlatformProvider.java:117)
	at org.apache.maven.surefire.booter.ForkedBooter.invokeProviderInSameClassLoader(ForkedBooter.java:383)
	at org.apache.maven.surefire.booter.ForkedBooter.runSuitesInProcess(ForkedBooter.java:344)
	at org.apache.maven.surefire.booter.ForkedBooter.execute(ForkedBooter.java:125)
	at org.apache.maven.surefire.booter.ForkedBooter.main(ForkedBooter.java:417)
Caused by: java.io.IOException: Error while instrumenting javax/script/SimpleBindings.
	at org.jacoco.agent.rt.internal_43f5073.core.instr.Instrumenter.instrumentError(Instrumenter.java:159)
	at org.jacoco.agent.rt.internal_43f5073.core.instr.Instrumenter.instrument(Instrumenter.java:109)
	at org.jacoco.agent.rt.internal_43f5073.CoverageTransformer.transform(CoverageTransformer.java:92)
	... 43 more
Caused by: java.lang.IllegalArgumentException: Unsupported class file major version 61
	at org.jacoco.agent.rt.internal_43f5073.asm.ClassReader.<init>(ClassReader.java:195)
	at org.jacoco.agent.rt.internal_43f5073.asm.ClassReader.<init>(ClassReader.java:176)
	at org.jacoco.agent.rt.internal_43f5073.asm.ClassReader.<init>(ClassReader.java:162)
	at org.jacoco.agent.rt.internal_43f5073.core.internal.instr.InstrSupport.classReaderFor(InstrSupport.java:280)
	at org.jacoco.agent.rt.internal_43f5073.core.instr.Instrumenter.instrument(Instrumenter.java:75)
	at org.jacoco.agent.rt.internal_43f5073.core.instr.Instrumenter.instrument(Instrumenter.java:107)
	... 44 more
[main] INFO spark.staticfiles.StaticFilesConfiguration - StaticResourceHandler configured with folder = /public
[main] INFO spark.staticfiles.StaticFilesConfiguration - External StaticResourceHandler configured with folder = /tmp
[Thread-0] INFO org.eclipse.jetty.util.log - Logging initialized @801ms to org.eclipse.jetty.util.log.Slf4jLog
[Thread-0] INFO spark.embeddedserver.jetty.EmbeddedJettyServer - == Spark has ignited ...
[Thread-0] INFO spark.embeddedserver.jetty.EmbeddedJettyServer - >> Listening on 0.0.0.0:4567
[Thread-0] INFO org.eclipse.jetty.server.Server - jetty-9.4.31.v20200723; built: 2020-07-23T17:57:36.812Z; git: 450ba27947e13e66baa8cd1ce7e85a4461cacc1d; jvm 17.0.17+10-Ubuntu-124.04
[Thread-0] INFO org.eclipse.jetty.server.session - DefaultSessionIdManager workerName=node0
[Thread-0] INFO org.eclipse.jetty.server.session - No SessionScavenger set, using defaults
[Thread-0] INFO org.eclipse.jetty.server.session - node0 Scavenging every 660000ms
[Thread-0] INFO org.eclipse.jetty.server.AbstractConnector - Started ServerConnector@2d0db75c{HTTP/1.1, (http/1.1)}{0.0.0.0:4567}
[Thread-0] INFO org.eclipse.jetty.server.Server - Started @947ms
2026-02-19 15:24:31.786:INFO:oejs.Server:jetty-8.1.9.v20130131
2026-02-19 15:24:31.795:INFO:oejs.AbstractConnector:Started SelectChannelConnector@0.0.0.0:34631
2026-02-19 15:24:31.796:INFO:oejs.Server:jetty-8.1.9.v20130131
2026-02-19 15:24:31.810:INFO:oejs.AbstractConnector:Started SelectChannelConnector@0.0.0.0:38629
[Thread-18] INFO spark.embeddedserver.jetty.EmbeddedJettyServer - >>> Spark shutting down ...
2026-02-19 15:24:32.051:INFO:oejs.Server:jetty-8.1.9.v20130131
 DONE commons-numbers/commons-numbers-angle (tests ran)
2026-02-19 15:24:32.054:INFO:oejs.AbstractConnector:Started SelectChannelConnector@0.0.0.0:40277
2026-02-19 15:24:32.055:INFO:oejs.Server:jetty-8.1.9.v20130131
2026-02-19 15:24:32.055:INFO:oejs.AbstractConnector:Started SelectChannelConnector@0.0.0.0:41211
START commons-numbers/commons-numbers-quaternion
 ITER 1
[Thread-0] INFO org.eclipse.jetty.util.log - Logging initialized @337ms to org.eclipse.jetty.util.log.Slf4jLog
[Thread-0] INFO spark.embeddedserver.jetty.EmbeddedJettyServer - == Spark has ignited ...
[Thread-0] INFO spark.embeddedserver.jetty.EmbeddedJettyServer - >> Listening on 0.0.0.0:4567
[Thread-0] INFO org.eclipse.jetty.server.Server - jetty-9.4.31.v20200723; built: 2020-07-23T17:57:36.812Z; git: 450ba27947e13e66baa8cd1ce7e85a4461cacc1d; jvm 17.0.17+10-Ubuntu-124.04
[Thread-0] INFO org.eclipse.jetty.server.RequestLogWriter - Opened /tmp/junit16376935980577787662/junit11850732491570044289/request.log
[Thread-0] INFO org.eclipse.jetty.server.session - DefaultSessionIdManager workerName=node0
[Thread-0] INFO org.eclipse.jetty.server.session - No SessionScavenger set, using defaults
[Thread-0] INFO org.eclipse.jetty.server.session - node0 Scavenging every 600000ms
2026-02-19 15:24:32.673:INFO:oejs.Server:jetty-8.1.9.v20130131
2026-02-19 15:24:32.677:INFO:oejs.AbstractConnector:Started SelectChannelConnector@0.0.0.0:39053
2026-02-19 15:24:32.677:INFO:oejs.Server:jetty-8.1.9.v20130131
2026-02-19 15:24:32.691:INFO:oejs.AbstractConnector:Started SelectChannelConnector@0.0.0.0:33145
[Thread-0] INFO org.eclipse.jetty.server.AbstractConnector - Started ServerConnector@183840d8{HTTP/1.1, (http/1.1)}{0.0.0.0:4567}
[Thread-0] INFO org.eclipse.jetty.server.Server - Started @510ms
[Thread-17] INFO spark.embeddedserver.jetty.EmbeddedJettyServer - >>> Spark shutting down ...
[Thread-17] INFO org.eclipse.jetty.server.AbstractConnector - Stopped ServerConnector@183840d8{HTTP/1.1, (http/1.1)}{0.0.0.0:4567}
[Thread-17] INFO org.eclipse.jetty.server.session - node0 Stopped scavenging
2026-02-19 15:24:33.317:INFO:oejs.Server:jetty-8.1.9.v20130131
java.lang.instrument.IllegalClassFormatException: Error while instrumenting javax/script/ScriptEngine.
	at org.jacoco.agent.rt.internal_43f5073.CoverageTransformer.transform(CoverageTransformer.java:94)
	at java.instrument/java.lang.instrument.ClassFileTransformer.transform(ClassFileTransformer.java:244)
	at java.instrument/sun.instrument.TransformerManager.transform(TransformerManager.java:188)
	at java.instrument/sun.instrument.InstrumentationImpl.transform(InstrumentationImpl.java:541)
	at java.base/java.lang.ClassLoader.defineClass2(Native Method)
	at java.base/java.lang.ClassLoader.defineClass(ClassLoader.java:1108)
	at java.base/java.security.SecureClassLoader.defineClass(SecureClassLoader.java:182)
	at java.base/jdk.internal.loader.BuiltinClassLoader.defineClass(BuiltinClassLoader.java:821)
	at java.base/jdk.internal.loader.BuiltinClassLoader.findClassInModuleOrNull(BuiltinClassLoader.java:741)
	at java.base/jdk.internal.loader.BuiltinClassLoader.loadClassOrNull(BuiltinClassLoader.java:665)
	at java.base/jdk.internal.loader.BuiltinClassLoader.loadClassOrNull(BuiltinClassLoader.java:700)
	at java.base/jdk.internal.loader.BuiltinClassLoader.loadClassOrNull(BuiltinClassLoader.java:669)
	at java.base/jdk.internal.loader.BuiltinClassLoader.loadClass(BuiltinClassLoader.java:639)
	at java.base/jdk.internal.loader.ClassLoaders$AppClassLoader.loadClass(ClassLoaders.java:188)
	at java.base/java.lang.ClassLoader.loadClass(ClassLoader.java:525)
	at java.base/java.lang.Class.forName0(Native Method)
2026-02-19 15:24:33.325:INFO:oejs.AbstractConnector:Started SelectChannelConnector@0.0.0.0:38855
2026-02-19 15:24:33.325:INFO:oejs.Server:jetty-8.1.9.v20130131	at java.base/java.lang.Class.forName(Class.java:377)
	at org.junit.jupiter.engine.extension.ScriptExecutionCondition$Evaluator.forName(ScriptExecutionCondition.java:139)
	at org.junit.jupiter.engine.extension.ScriptExecutionCondition$Evaluator.forName(ScriptExecutionCondition.java:133)
	at org.junit.jupiter.engine.extension.ScriptExecutionCondition.<init>(ScriptExecutionCondition.java:55)
	at org.junit.jupiter.engine.extension.ScriptExecutionCondition.<init>(ScriptExecutionCondition.java:50)
	at org.junit.jupiter.engine.extension.ExtensionRegistry.<clinit>(ExtensionRegistry.java:53)
	at org.junit.jupiter.engine.descriptor.JupiterEngineDescriptor.prepare(JupiterEngineDescriptor.java:52)
	at org.junit.jupiter.engine.descriptor.JupiterEngineDescriptor.prepare(JupiterEngineDescriptor.java:30)
	at org.junit.platform.engine.support.hierarchical.NodeTestTask.lambda$prepare$1(NodeTestTask.java:107)
	at org.junit.platform.engine.support.hierarchical.ThrowableCollector.execute(ThrowableCollector.java:73)
	at org.junit.platform.engine.support.hierarchical.NodeTestTask.prepare(NodeTestTask.java:107)
	at org.junit.platform.engine.support.hierarchical.NodeTestTask.execute(NodeTestTask.java:75)
	at org.junit.platform.engine.support.hierarchical.SameThreadHierarchicalTestExecutorService.submit(SameThreadHierarchicalTestExecutorService.java:32)
	at org.junit.platform.engine.support.hierarchical.HierarchicalTestExecutor.execute(HierarchicalTestExecutor.java:57)
	at org.junit.platform.engine.support.hierarchical.HierarchicalTestEngine.execute(HierarchicalTestEngine.java:51)
	at org.junit.platform.launcher.core.DefaultLauncher.execute(DefaultLauncher.java:170)
	at org.junit.platform.launcher.core.DefaultLauncher.execute(DefaultLauncher.java:154)
	at org.junit.platform.launcher.core.DefaultLauncher.execute(DefaultLauncher.java:90)
	at org.apache.maven.surefire.junitplatform.JUnitPlatformProvider.invokeAllTests(JUnitPlatformProvider.java:142)
	at org.apache.maven.surefire.junitplatform.JUnitPlatformProvider.invoke(JUnitPlatformProvider.java:117)
	at org.apache.maven.surefire.booter.ForkedBooter.invokeProviderInSameClassLoader(ForkedBooter.java:383)
	at org.apache.maven.surefire.booter.ForkedBooter.runSuitesInProcess(ForkedBooter.java:344)
	at org.apache.maven.surefire.booter.ForkedBooter.execute(ForkedBooter.java:125)
	at org.apache.maven.surefire.booter.ForkedBooter.main(ForkedBooter.java:417)
Caused by: java.io.IOException: Error while instrumenting javax/script/ScriptEngine.
	at org.jacoco.agent.rt.internal_43f5073.core.instr.Instrumenter.instrumentError(Instrumenter.java:159)
	at org.jacoco.agent.rt.internal_43f5073.core.instr.Instrumenter.instrument(Instrumenter.java:109)
	at org.jacoco.agent.rt.internal_43f5073.CoverageTransformer.transform(CoverageTransformer.java:92)
	... 39 more
Caused by: java.lang.IllegalArgumentException: Unsupported class file major version 61
	at org.jacoco.agent.rt.internal_43f5073.asm.ClassReader.<init>(ClassReader.java:195)
	at org.jacoco.agent.rt.internal_43f5073.asm.ClassReader.<init>(ClassReader.java:176)
	at org.jacoco.agent.rt.internal_43f5073.asm.ClassReader.<init>(ClassReader.java:162)
	at org.jacoco.agent.rt.internal_43f5073.core.internal.instr.InstrSupport.classReaderFor(InstrSupport.java:280)
	at org.jacoco.agent.rt.internal_43f5073.core.instr.Instrumenter.instrument(Instrumenter.java:75)
	at org.jacoco.agent.rt.internal_43f5073.core.instr.Instrumenter.instrument(Instrumenter.java:107)
	... 40 more
java.lang.instrument.IllegalClassFormatException: Error while instrumenting javax/script/ScriptException.
	at org.jacoco.agent.rt.internal_43f5073.CoverageTransformer.transform(CoverageTransformer.java:94)
	at java.instrument/java.lang.instrument.ClassFileTransformer.transform(ClassFileTransformer.java:244)
	at java.instrument/sun.instrument.TransformerManager.transform(TransformerManager.java:188)
	at java.instrument/sun.instrument.InstrumentationImpl.transform(InstrumentationImpl.java:541)
	at java.base/java.lang.ClassLoader.defineClass2(Native Method)
	at java.base/java.lang.ClassLoader.defineClass(ClassLoader.java:1108)
	at java.base/java.security.SecureClassLoader.defineClass(SecureClassLoader.java:182)
	at java.base/jdk.internal.loader.BuiltinClassLoader.defineClass(BuiltinClassLoader.java:821)
	at java.base/jdk.internal.loader.BuiltinClassLoader.findClassInModuleOrNull(BuiltinClassLoader.java:741)

	at java.base/jdk.internal.loader.BuiltinClassLoader.loadClassOrNull(BuiltinClassLoader.java:665)
	at java.base/jdk.internal.loader.BuiltinClassLoader.loadClassOrNull(BuiltinClassLoader.java:700)
	at java.base/jdk.internal.loader.BuiltinClassLoader.loadClassOrNull(BuiltinClassLoader.java:669)
	at java.base/jdk.internal.loader.BuiltinClassLoader.loadClass(BuiltinClassLoader.java:639)
	at java.base/jdk.internal.loader.ClassLoaders$AppClassLoader.loadClass(ClassLoaders.java:188)
	at java.base/java.lang.ClassLoader.loadClass(ClassLoader.java:525)
	at java.base/java.lang.Class.forName0(Native Method)
	at java.base/java.lang.Class.forName(Class.java:377)
	at org.junit.jupiter.engine.extension.ScriptExecutionCondition$Evaluator.forName(ScriptExecutionCondition.java:153)
	at org.junit.jupiter.engine.extension.ScriptExecutionCondition$Evaluator.forName(ScriptExecutionCondition.java:133)
	at org.junit.jupiter.engine.extension.ScriptExecutionCondition.<init>(ScriptExecutionCondition.java:55)
	at org.junit.jupiter.engine.extension.ScriptExecutionCondition.<init>(ScriptExecutionCondition.java:50)
	at org.junit.jupiter.engine.extension.ExtensionRegistry.<clinit>(ExtensionRegistry.java:53)
	at org.junit.jupiter.engine.descriptor.JupiterEngineDescriptor.prepare(JupiterEngineDescriptor.java:52)
	at org.junit.jupiter.engine.descriptor.JupiterEngineDescriptor.prepare(JupiterEngineDescriptor.java:30)
	at org.junit.platform.engine.support.hierarchical.NodeTestTask.lambda$prepare$1(NodeTestTask.java:107)
	at org.junit.platform.engine.support.hierarchical.ThrowableCollector.execute(ThrowableCollector.java:73)
	at org.junit.platform.engine.support.hierarchical.NodeTestTask.prepare(NodeTestTask.java:107)
	at org.junit.platform.engine.support.hierarchical.NodeTestTask.execute(NodeTestTask.java:75)
	at org.junit.platform.engine.support.hierarchical.SameThreadHierarchicalTestExecutorService.submit(SameThreadHierarchicalTestExecutorService.java:32)
	at org.junit.platform.engine.support.hierarchical.HierarchicalTestExecutor.execute(HierarchicalTestExecutor.java:57)
	at org.junit.platform.engine.support.hierarchical.HierarchicalTestEngine.execute(HierarchicalTestEngine.java:51)
	at org.junit.platform.launcher.core.DefaultLauncher.execute(DefaultLauncher.java:170)
	at org.junit.platform.launcher.core.DefaultLauncher.execute(DefaultLauncher.java:154)
	at org.junit.platform.launcher.core.DefaultLauncher.execute(DefaultLauncher.java:90)
	at org.apache.maven.surefire.junitplatform.JUnitPlatformProvider.invokeAllTests(JUnitPlatformProvider.java:142)
	at org.apache.maven.surefire.junitplatform.JUnitPlatformProvider.invoke(JUnitPlatformProvider.java:117)
	at org.apache.maven.surefire.booter.ForkedBooter.invokeProviderInSameClassLoader(ForkedBooter.java:383)
	at org.apache.maven.surefire.booter.ForkedBooter.runSuitesInProcess(ForkedBooter.java:344)
	at org.apache.maven.surefire.booter.ForkedBooter.execute(ForkedBooter.java:125)
	at org.apache.maven.surefire.booter.ForkedBooter.main(ForkedBooter.java:417)
Caused by: java.io.IOException: Error while instrumenting javax/script/ScriptException.
	at org.jacoco.agent.rt.internal_43f5073.core.instr.Instrumenter.instrumentError(Instrumenter.java:159)
	at org.jacoco.agent.rt.internal_43f5073.core.instr.Instrumenter.instrument(Instrumenter.java:109)
	at org.jacoco.agent.rt.internal_43f5073.CoverageTransformer.transform(CoverageTransformer.java:92)
	... 39 more
Caused by: java.lang.IllegalArgumentException: Unsupported class file major version 61
	at org.jacoco.agent.rt.internal_43f5073.asm.ClassReader.<init>(ClassReader.java:195)
	at org.jacoco.agent.rt.internal_43f5073.asm.ClassReader.<init>(ClassReader.java:176)
	at org.jacoco.agent.rt.internal_43f5073.asm.ClassReader.<init>(ClassReader.java:162)
	at org.jacoco.agent.rt.internal_43f5073.core.internal.instr.InstrSupport.classReaderFor(InstrSupport.java:280)
	at org.jacoco.agent.rt.internal_43f5073.core.instr.Instrumenter.instrument(Instrumenter.java:75)
	at org.jacoco.agent.rt.internal_43f5073.core.instr.Instrumenter.instrument(Instrumenter.java:107)
	... 40 more
java.lang.instrument.IllegalClassFormatException: Error while instrumenting javax/script/Bindings.
	at org.jacoco.agent.rt.internal_43f5073.CoverageTransformer.transform(CoverageTransformer.java:94)
	at java.instrument/java.lang.instrument.ClassFileTransformer.transform(ClassFileTransformer.java:244)
	at java.instrument/sun.instrument.TransformerManager.transform(TransformerManager.java:188)
	at java.instrument/sun.instrument.InstrumentationImpl.transform(InstrumentationImpl.java:541)
	at java.base/java.lang.ClassLoader.defineClass2(Native Method)
	at java.base/java.lang.ClassLoader.defineClass(ClassLoader.java:1108)
	at java.base/java.security.SecureClassLoader.defineClass(SecureClassLoader.java:182)
	at java.base/jdk.internal.loader.BuiltinClassLoader.defineClass(BuiltinClassLoader.java:821)
	at java.base/jdk.internal.loader.BuiltinClassLoader.findClassInModuleOrNull(BuiltinClassLoader.java:741)
	at java.base/jdk.internal.loader.BuiltinClassLoader.loadClassOrNull(BuiltinClassLoader.java:665)
	at java.base/jdk.internal.loader.BuiltinClassLoader.loadClassOrNull(BuiltinClassLoader.java:700)
	at java.base/jdk.internal.loader.BuiltinClassLoader.loadClassOrNull(BuiltinClassLoader.java:669)
	at java.base/jdk.internal.loader.BuiltinClassLoader.loadClass(BuiltinClassLoader.java:639)
	at java.base/jdk.internal.loader.ClassLoaders$AppClassLoader.loadClass(ClassLoaders.java:188)
	at java.base/java.lang.ClassLoader.loadClass(ClassLoader.java:525)
	at java.base/java.lang.Class.forName0(Native Method)
	at java.base/java.lang.Class.forName(Class.java:377)
	at org.junit.jupiter.engine.extension.ScriptExecutionCondition$Evaluator.forName(ScriptExecutionCondition.java:153)
	at org.junit.jupiter.engine.extension.ScriptExecutionCondition$Evaluator.forName(ScriptExecutionCondition.java:133)
	at org.junit.jupiter.engine.extension.ScriptExecutionCondition.<init>(ScriptExecutionCondition.java:55)
	at org.junit.jupiter.engine.extension.ScriptExecutionCondition.<init>(ScriptExecutionCondition.java:50)
	at org.junit.jupiter.engine.extension.ExtensionRegistry.<clinit>(ExtensionRegistry.java:53)
	at org.junit.jupiter.engine.descriptor.JupiterEngineDescriptor.prepare(JupiterEngineDescriptor.java:52)
	at org.junit.jupiter.engine.descriptor.JupiterEngineDescriptor.prepare(JupiterEngineDescriptor.java:30)
	at org.junit.platform.engine.support.hierarchical.NodeTestTask.lambda$prepare$1(NodeTestTask.java:107)
	at org.junit.platform.engine.support.hierarchical.ThrowableCollector.execute(ThrowableCollector.java:73)
	at org.junit.platform.engine.support.hierarchical.NodeTestTask.prepare(NodeTestTask.java:107)
	at org.junit.platform.engine.support.hierarchical.NodeTestTask.execute(NodeTestTask.java:75)
	at org.junit.platform.engine.support.hierarchical.SameThreadHierarchicalTestExecutorService.submit(SameThreadHierarchicalTestExecutorService.java:32)
	at org.junit.platform.engine.support.hierarchical.HierarchicalTestExecutor.execute(HierarchicalTestExecutor.java:57)
	at org.junit.platform.engine.support.hierarchical.HierarchicalTestEngine.execute(HierarchicalTestEngine.java:51)
	at org.junit.platform.launcher.core.DefaultLauncher.execute(DefaultLauncher.java:170)
	at org.junit.platform.launcher.core.DefaultLauncher.execute(DefaultLauncher.java:154)
	at org.junit.platform.launcher.core.DefaultLauncher.execute(DefaultLauncher.java:90)
	at org.apache.maven.surefire.junitplatform.JUnitPlatformProvider.invokeAllTests(JUnitPlatformProvider.java:142)
	at org.apache.maven.surefire.junitplatform.JUnitPlatformProvider.invoke(JUnitPlatformProvider.java:117)
	at org.apache.maven.surefire.booter.ForkedBooter.invokeProviderInSameClassLoader(ForkedBooter.java:383)
	at org.apache.maven.surefire.booter.ForkedBooter.runSuitesInProcess(ForkedBooter.java:344)
	at org.apache.maven.surefire.booter.ForkedBooter.execute(ForkedBooter.java:125)
	at org.apache.maven.surefire.booter.ForkedBooter.main(ForkedBooter.java:417)
Caused by: java.io.IOException: Error while instrumenting javax/script/Bindings.
	at org.jacoco.agent.rt.internal_43f5073.core.instr.Instrumenter.instrumentError(Instrumenter.java:159)
	at org.jacoco.agent.rt.internal_43f5073.core.instr.Instrumenter.instrument(Instrumenter.java:109)
	at org.jacoco.agent.rt.internal_43f5073.CoverageTransformer.transform(CoverageTransformer.java:92)
	... 39 more
Caused by: java.lang.IllegalArgumentException: Unsupported class file major version 61
	at org.jacoco.agent.rt.internal_43f5073.asm.ClassReader.<init>(ClassReader.java:195)
	at org.jacoco.agent.rt.internal_43f5073.asm.ClassReader.<init>(ClassReader.java:176)
	at org.jacoco.agent.rt.internal_43f5073.asm.ClassReader.<init>(ClassReader.java:162)
	at org.jacoco.agent.rt.internal_43f5073.core.internal.instr.InstrSupport.classReaderFor(InstrSupport.java:280)
	at org.jacoco.agent.rt.internal_43f5073.core.instr.Instrumenter.instrument(Instrumenter.java:75)
	at org.jacoco.agent.rt.internal_43f5073.core.instr.Instrumenter.instrument(Instrumenter.java:107)
	... 40 more
java.lang.instrument.IllegalClassFormatException: Error while instrumenting javax/script/ScriptEngineManager.
	at org.jacoco.agent.rt.internal_43f5073.CoverageTransformer.transform(CoverageTransformer.java:94)
	at java.instrument/java.lang.instrument.ClassFileTransformer.transform(ClassFileTransformer.java:244)
	at java.instrument/sun.instrument.TransformerManager.transform(TransformerManager.java:188)
	at java.instrument/sun.instrument.InstrumentationImpl.transform(InstrumentationImpl.java:541)
	at java.base/java.lang.ClassLoader.defineClass2(Native Method)
	at java.base/java.lang.ClassLoader.defineClass(ClassLoader.java:1108)
	at java.base/java.security.SecureClassLoader.defineClass(SecureClassLoader.java:182)
	at java.base/jdk.internal.loader.BuiltinClassLoader.defineClass(BuiltinClassLoader.java:821)
	at java.base/jdk.internal.loader.BuiltinClassLoader.findClassInModuleOrNull(BuiltinClassLoader.java:741)
	at java.base/jdk.internal.loader.BuiltinClassLoader.loadClassOrNull(BuiltinClassLoader.java:665)
	at java.base/jdk.internal.loader.BuiltinClassLoader.loadClassOrNull(BuiltinClassLoader.java:700)
	at java.base/jdk.internal.loader.BuiltinClassLoader.loadClassOrNull(BuiltinClassLoader.java:669)
	at java.base/jdk.internal.loader.BuiltinClassLoader.loadClass(BuiltinClassLoader.java:639)
	at java.base/jdk.internal.loader.ClassLoaders$AppClassLoader.loadClass(ClassLoaders.java:188)
	at java.base/java.lang.ClassLoader.loadClass(ClassLoader.java:525)
	at org.junit.jupiter.engine.script.ScriptExecutionManager.<init>(ScriptExecutionManager.java:37)
	at org.junit.jupiter.engine.extension.ScriptExecutionEvaluator.<init>(ScriptExecutionEvaluator.java:42)
	at java.base/jdk.internal.reflect.NativeConstructorAccessorImpl.newInstance0(Native Method)
	at java.base/jdk.internal.reflect.NativeConstructorAccessorImpl.newInstance(NativeConstructorAccessorImpl.java:77)
	at java.base/jdk.internal.reflect.DelegatingConstructorAccessorImpl.newInstance(DelegatingConstructorAccessorImpl.java:45)
	at java.base/java.lang.reflect.Constructor.newInstanceWithCaller(Constructor.java:500)
	at java.base/java.lang.reflect.Constructor.newInstance(Constructor.java:481)
	at org.junit.jupiter.engine.extension.ScriptExecutionCondition$Evaluator.forName(ScriptExecutionCondition.java:153)
	at org.junit.jupiter.engine.extension.ScriptExecutionCondition$Evaluator.forName(ScriptExecutionCondition.java:133)
	at org.junit.jupiter.engine.extension.ScriptExecutionCondition.<init>(ScriptExecutionCondition.java:55)
	at org.junit.jupiter.engine.extension.ScriptExecutionCondition.<init>(ScriptExecutionCondition.java:50)
	at org.junit.jupiter.engine.extension.ExtensionRegistry.<clinit>(ExtensionRegistry.java:53)
	at org.junit.jupiter.engine.descriptor.JupiterEngineDescriptor.prepare(JupiterEngineDescriptor.java:52)
	at org.junit.jupiter.engine.descriptor.JupiterEngineDescriptor.prepare(JupiterEngineDescriptor.java:30)
	at org.junit.platform.engine.support.hierarchical.NodeTestTask.lambda$prepare$1(NodeTestTask.java:107)
	at org.junit.platform.engine.support.hierarchical.ThrowableCollector.execute(ThrowableCollector.java:73)
	at org.junit.platform.engine.support.hierarchical.NodeTestTask.prepare(NodeTestTask.java:107)
	at org.junit.platform.engine.support.hierarchical.NodeTestTask.execute(NodeTestTask.java:75)
	at org.junit.platform.engine.support.hierarchical.SameThreadHierarchicalTestExecutorService.submit(SameThreadHierarchicalTestExecutorService.java:32)
	at org.junit.platform.engine.support.hierarchical.HierarchicalTestExecutor.execute(HierarchicalTestExecutor.java:57)
	at org.junit.platform.engine.support.hierarchical.HierarchicalTestEngine.execute(HierarchicalTestEngine.java:51)
	at org.junit.platform.launcher.core.DefaultLauncher.execute(DefaultLauncher.java:170)
	at org.junit.platform.launcher.core.DefaultLauncher.execute(DefaultLauncher.java:154)
	at org.junit.platform.launcher.core.DefaultLauncher.execute(DefaultLauncher.java:90)
	at org.apache.maven.surefire.junitplatform.JUnitPlatformProvider.invokeAllTests(JUnitPlatformProvider.java:142)
	at org.apache.maven.surefire.junitplatform.JUnitPlatformProvider.invoke(JUnitPlatformProvider.java:117)
	at org.apache.maven.surefire.booter.ForkedBooter.invokeProviderInSameClassLoader(ForkedBooter.java:383)
	at org.apache.maven.surefire.booter.ForkedBooter.runSuitesInProcess(ForkedBooter.java:344)
	at org.apache.maven.surefire.booter.ForkedBooter.execute(ForkedBooter.java:125)
	at org.apache.maven.surefire.booter.ForkedBooter.main(ForkedBooter.java:417)
Caused by: java.io.IOException: Error while instrumenting javax/script/ScriptEngineManager.
	at org.jacoco.agent.rt.internal_43f5073.core.instr.Instrumenter.instrumentError(Instrumenter.java:159)
	at org.jacoco.agent.rt.internal_43f5073.core.instr.Instrumenter.instrument(Instrumenter.java:109)
	at org.jacoco.agent.rt.internal_43f5073.CoverageTransformer.transform(CoverageTransformer.java:92)
	... 44 more
Caused by: java.lang.IllegalArgumentException: Unsupported class file major version 61
	at org.jacoco.agent.rt.internal_43f5073.asm.ClassReader.<init>(ClassReader.java:195)
	at org.jacoco.agent.rt.internal_43f5073.asm.ClassReader.<init>(ClassReader.java:176)
	at org.jacoco.agent.rt.internal_43f5073.asm.ClassReader.<init>(ClassReader.java:162)
	at org.jacoco.agent.rt.internal_43f5073.core.internal.instr.InstrSupport.classReaderFor(InstrSupport.java:280)
	at org.jacoco.agent.rt.internal_43f5073.core.instr.Instrumenter.instrument(Instrumenter.java:75)
	at org.jacoco.agent.rt.internal_43f5073.core.instr.Instrumenter.instrument(Instrumenter.java:107)
	... 45 more
java.lang.instrument.IllegalClassFormatException: Error while instrumenting javax/script/ScriptEngineFactory.
	at org.jacoco.agent.rt.internal_43f5073.CoverageTransformer.transform(CoverageTransformer.java:94)
	at java.instrument/java.lang.instrument.ClassFileTransformer.transform(ClassFileTransformer.java:244)
	at java.instrument/sun.instrument.TransformerManager.transform(TransformerManager.java:188)
	at java.instrument/sun.instrument.InstrumentationImpl.transform(InstrumentationImpl.java:541)
	at java.base/java.lang.ClassLoader.defineClass2(Native Method)
	at java.base/java.lang.ClassLoader.defineClass(ClassLoader.java:1108)
	at java.base/java.security.SecureClassLoader.defineClass(SecureClassLoader.java:182)
	at java.base/jdk.internal.loader.BuiltinClassLoader.defineClass(BuiltinClassLoader.java:821)
	at java.base/jdk.internal.loader.BuiltinClassLoader.findClassInModuleOrNull(BuiltinClassLoader.java:741)
	at java.base/jdk.internal.loader.BuiltinClassLoader.loadClassOrNull(BuiltinClassLoader.java:665)
	at java.base/jdk.internal.loader.BuiltinClassLoader.loadClass(BuiltinClassLoader.java:639)
	at java.base/java.lang.ClassLoader.loadClass(ClassLoader.java:525)
	at java.scripting/javax.script.ScriptEngineManager.<clinit>(ScriptEngineManager.java:315)
	at org.junit.jupiter.engine.script.ScriptExecutionManager.<init>(ScriptExecutionManager.java:37)
	at org.junit.jupiter.engine.extension.ScriptExecutionEvaluator.<init>(ScriptExecutionEvaluator.java:42)
	at java.base/jdk.internal.reflect.NativeConstructorAccessorImpl.newInstance0(Native Method)
	at java.base/jdk.internal.reflect.NativeConstructorAccessorImpl.newInstance(NativeConstructorAccessorImpl.java:77)
	at java.base/jdk.internal.reflect.DelegatingConstructorAccessorImpl.newInstance(DelegatingConstructorAccessorImpl.java:45)
	at java.base/java.lang.reflect.Constructor.newInstanceWithCaller(Constructor.java:500)
	at java.base/java.lang.reflect.Constructor.newInstance(Constructor.java:481)
	at org.junit.jupiter.engine.extension.ScriptExecutionCondition$Evaluator.forName(ScriptExecutionCondition.java:153)
	at org.junit.jupiter.engine.extension.ScriptExecutionCondition$Evaluator.forName(ScriptExecutionCondition.java:133)
	at org.junit.jupiter.engine.extension.ScriptExecutionCondition.<init>(ScriptExecutionCondition.java:55)
	at org.junit.jupiter.engine.extension.ScriptExecutionCondition.<init>(ScriptExecutionCondition.java:50)
	at org.junit.jupiter.engine.extension.ExtensionRegistry.<clinit>(ExtensionRegistry.java:53)
	at org.junit.jupiter.engine.descriptor.JupiterEngineDescriptor.prepare(JupiterEngineDescriptor.java:52)
	at org.junit.jupiter.engine.descriptor.JupiterEngineDescriptor.prepare(JupiterEngineDescriptor.java:30)
	at org.junit.platform.engine.support.hierarchical.NodeTestTask.lambda$prepare$1(NodeTestTask.java:107)
	at org.junit.platform.engine.support.hierarchical.ThrowableCollector.execute(ThrowableCollector.java:73)
	at org.junit.platform.engine.support.hierarchical.NodeTestTask.prepare(NodeTestTask.java:107)
	at org.junit.platform.engine.support.hierarchical.NodeTestTask.execute(NodeTestTask.java:75)
	at org.junit.platform.engine.support.hierarchical.SameThreadHierarchicalTestExecutorService.submit(SameThreadHierarchicalTestExecutorService.java:32)
	at org.junit.platform.engine.support.hierarchical.HierarchicalTestExecutor.execute(HierarchicalTestExecutor.java:57)
	at org.junit.platform.engine.support.hierarchical.HierarchicalTestEngine.execute(HierarchicalTestEngine.java:51)
	at org.junit.platform.launcher.core.DefaultLauncher.execute(DefaultLauncher.java:170)
	at org.junit.platform.launcher.core.DefaultLauncher.execute(DefaultLauncher.java:154)
	at org.junit.platform.launcher.core.DefaultLauncher.execute(DefaultLauncher.java:90)
	at org.apache.maven.surefire.junitplatform.JUnitPlatformProvider.invokeAllTests(JUnitPlatformProvider.java:142)
	at org.apache.maven.surefire.junitplatform.JUnitPlatformProvider.invoke(JUnitPlatformProvider.java:117)
	at org.apache.maven.surefire.booter.ForkedBooter.invokeProviderInSameClassLoader(ForkedBooter.java:383)
	at org.apache.maven.surefire.booter.ForkedBooter.runSuitesInProcess(ForkedBooter.java:344)
	at org.apache.maven.surefire.booter.ForkedBooter.execute(ForkedBooter.java:125)
	at org.apache.maven.surefire.booter.ForkedBooter.main(ForkedBooter.java:417)
Caused by: java.io.IOException: Error while instrumenting javax/script/ScriptEngineFactory.
	at org.jacoco.agent.rt.internal_43f5073.core.instr.Instrumenter.instrumentError(Instrumenter.java:159)
	at org.jacoco.agent.rt.internal_43f5073.core.instr.Instrumenter.instrument(Instrumenter.java:109)
	at org.jacoco.agent.rt.internal_43f5073.CoverageTransformer.transform(CoverageTransformer.java:92)
	... 42 more
Caused by: java.lang.IllegalArgumentException: Unsupported class file major version 61
	at org.jacoco.agent.rt.internal_43f5073.asm.ClassReader.<init>(ClassReader.java:195)
	at org.jacoco.agent.rt.internal_43f5073.asm.ClassReader.<init>(ClassReader.java:176)
	at org.jacoco.agent.rt.internal_43f5073.asm.ClassReader.<init>(ClassReader.java:162)
	at org.jacoco.agent.rt.internal_43f5073.core.internal.instr.InstrSupport.classReaderFor(InstrSupport.java:280)
	at org.jacoco.agent.rt.internal_43f5073.core.instr.Instrumenter.instrument(Instrumenter.java:75)
	at org.jacoco.agent.rt.internal_43f5073.core.instr.Instrumenter.instrument(Instrumenter.java:107)
	... 43 more
java.lang.instrument.IllegalClassFormatException: Error while instrumenting javax/script/SimpleBindings.
	at org.jacoco.agent.rt.internal_43f5073.CoverageTransformer.transform(CoverageTransformer.java:94)
	at java.instrument/java.lang.instrument.ClassFileTransformer.transform(ClassFileTransformer.java:244)
	at java.instrument/sun.instrument.TransformerManager.transform(TransformerManager.java:188)
	at java.instrument/sun.instrument.InstrumentationImpl.transform(InstrumentationImpl.java:541)
	at java.base/java.lang.ClassLoader.defineClass2(Native Method)
	at java.base/java.lang.ClassLoader.defineClass(ClassLoader.java:1108)
	at java.base/java.security.SecureClassLoader.defineClass(SecureClassLoader.java:182)
	at java.base/jdk.internal.loader.BuiltinClassLoader.defineClass(BuiltinClassLoader.java:821)
	at java.base/jdk.internal.loader.BuiltinClassLoader.findClassInModuleOrNull(BuiltinClassLoader.java:741)
	at java.base/jdk.internal.loader.BuiltinClassLoader.loadClassOrNull(BuiltinClassLoader.java:665)
	at java.base/jdk.internal.loader.BuiltinClassLoader.loadClass(BuiltinClassLoader.java:639)
	at java.base/java.lang.ClassLoader.loadClass(ClassLoader.java:525)
	at java.scripting/javax.script.ScriptEngineManager.<init>(ScriptEngineManager.java:333)
	at java.scripting/javax.script.ScriptEngineManager.<init>(ScriptEngineManager.java:63)
	at org.junit.jupiter.engine.script.ScriptExecutionManager.<init>(ScriptExecutionManager.java:37)
	at org.junit.jupiter.engine.extension.ScriptExecutionEvaluator.<init>(ScriptExecutionEvaluator.java:42)
	at java.base/jdk.internal.reflect.NativeConstructorAccessorImpl.newInstance0(Native Method)
	at java.base/jdk.internal.reflect.NativeConstructorAccessorImpl.newInstance(NativeConstructorAccessorImpl.java:77)
	at java.base/jdk.internal.reflect.DelegatingConstructorAccessorImpl.newInstance(DelegatingConstructorAccessorImpl.java:45)
	at java.base/java.lang.reflect.Constructor.newInstanceWithCaller(Constructor.java:500)
	at java.base/java.lang.reflect.Constructor.newInstance(Constructor.java:481)
	at org.junit.jupiter.engine.extension.ScriptExecutionCondition$Evaluator.forName(ScriptExecutionCondition.java:153)
	at org.junit.jupiter.engine.extension.ScriptExecutionCondition$Evaluator.forName(ScriptExecutionCondition.java:133)
	at org.junit.jupiter.engine.extension.ScriptExecutionCondition.<init>(ScriptExecutionCondition.java:55)
	at org.junit.jupiter.engine.extension.ScriptExecutionCondition.<init>(ScriptExecutionCondition.java:50)
	at org.junit.jupiter.engine.extension.ExtensionRegistry.<clinit>(ExtensionRegistry.java:53)
	at org.junit.jupiter.engine.descriptor.JupiterEngineDescriptor.prepare(JupiterEngineDescriptor.java:52)
	at org.junit.jupiter.engine.descriptor.JupiterEngineDescriptor.prepare(JupiterEngineDescriptor.java:30)
	at org.junit.platform.engine.support.hierarchical.NodeTestTask.lambda$prepare$1(NodeTestTask.java:107)
	at org.junit.platform.engine.support.hierarchical.ThrowableCollector.execute(ThrowableCollector.java:73)
	at org.junit.platform.engine.support.hierarchical.NodeTestTask.prepare(NodeTestTask.java:107)
	at org.junit.platform.engine.support.hierarchical.NodeTestTask.execute(NodeTestTask.java:75)
	at org.junit.platform.engine.support.hierarchical.SameThreadHierarchicalTestExecutorService.submit(SameThreadHierarchicalTestExecutorService.java:32)
	at org.junit.platform.engine.support.hierarchical.HierarchicalTestExecutor.execute(HierarchicalTestExecutor.java:57)
	at org.junit.platform.engine.support.hierarchical.HierarchicalTestEngine.execute(HierarchicalTestEngine.java:51)
	at org.junit.platform.launcher.core.DefaultLauncher.execute(DefaultLauncher.java:170)
	at org.junit.platform.launcher.core.DefaultLauncher.execute(DefaultLauncher.java:154)
	at org.junit.platform.launcher.core.DefaultLauncher.execute(DefaultLauncher.java:90)
	at org.apache.maven.surefire.junitplatform.JUnitPlatformProvider.invokeAllTests(JUnitPlatformProvider.java:142)
	at org.apache.maven.surefire.junitplatform.JUnitPlatformProvider.invoke(JUnitPlatformProvider.java:117)
	at org.apache.maven.surefire.booter.ForkedBooter.invokeProviderInSameClassLoader(ForkedBooter.java:383)
	at org.apache.maven.surefire.booter.ForkedBooter.runSuitesInProcess(ForkedBooter.java:344)
	at org.apache.maven.surefire.booter.ForkedBooter.execute(ForkedBooter.java:125)
	at org.apache.maven.surefire.booter.ForkedBooter.main(ForkedBooter.java:417)
Caused by: java.io.IOException: Error while instrumenting javax/script/SimpleBindings.
	at org.jacoco.agent.rt.internal_43f5073.core.instr.Instrumenter.instrumentError(Instrumenter.java:159)
	at org.jacoco.agent.rt.internal_43f5073.core.instr.Instrumenter.instrument(Instrumenter.java:109)
	at org.jacoco.agent.rt.internal_43f5073.CoverageTransformer.transform(CoverageTransformer.java:92)
	... 43 more
Caused by: java.lang.IllegalArgumentException: Unsupported class file major version 61
	at org.jacoco.agent.rt.internal_43f5073.asm.ClassReader.<init>(ClassReader.java:195)
	at org.jacoco.agent.rt.internal_43f5073.asm.ClassReader.<init>(ClassReader.java:176)
	at org.jacoco.agent.rt.internal_43f5073.asm.ClassReader.<init>(ClassReader.java:162)
	at org.jacoco.agent.rt.internal_43f5073.core.internal.instr.InstrSupport.classReaderFor(InstrSupport.java:280)
	at org.jacoco.agent.rt.internal_43f5073.core.instr.Instrumenter.instrument(Instrumenter.java:75)
	at org.jacoco.agent.rt.internal_43f5073.core.instr.Instrumenter.instrument(Instrumenter.java:107)
	... 44 more
2026-02-19 15:24:33.335:INFO:oejs.AbstractConnector:Started SelectChannelConnector@0.0.0.0:35605
[main] INFO org.eclipse.jetty.util.log - Logging initialized @315ms to org.eclipse.jetty.util.log.Slf4jLog
2026-02-19 15:24:33.964:INFO:oejs.Server:jetty-8.1.9.v20130131
2026-02-19 15:24:33.990:INFO:oejs.AbstractConnector:Started SelectChannelConnector@0.0.0.0:41991
2026-02-19 15:24:33.990:INFO:oejs.Server:jetty-8.1.9.v20130131
2026-02-19 15:24:33.996:INFO:oejs.AbstractConnector:Started SelectChannelConnector@0.0.0.0:45945
2026-02-19 15:24:34.244:INFO:oejs.Server:jetty-8.1.9.v20130131
2026-02-19 15:24:34.248:INFO:oejs.AbstractConnector:Started SelectChannelConnector@0.0.0.0:38813
2026-02-19 15:24:34.249:INFO:oejs.Server:jetty-8.1.9.v20130131
2026-02-19 15:24:34.254:INFO:oejs.AbstractConnector:Started SelectChannelConnector@0.0.0.0:40303
[main] INFO org.eclipse.jetty.util.log - Logging initialized @371ms to org.eclipse.jetty.util.log.Slf4jLog
2026-02-19 15:24:34.899:INFO:oejs.Server:jetty-8.1.9.v20130131
2026-02-19 15:24:34.912:INFO:oejs.AbstractConnector:Started SelectChannelConnector@0.0.0.0:33775
2026-02-19 15:24:34.912:INFO:oejs.Server:jetty-8.1.9.v20130131
2026-02-19 15:24:34.920:INFO:oejs.AbstractConnector:Started SelectChannelConnector@0.0.0.0:46621
 DONE commons-numbers/commons-numbers-combinatorics (tests ran)
START commons-numbers/commons-numbers-rootfinder
 ITER 1
 DONE commons-numbers/commons-numbers-complex (tests ran)
START commons-numbers/commons-numbers-field
 ITER 1
 DONE commons-rng/commons-rng-sampling (tests ran)
START commons-numbers/commons-numbers-core
 ITER 1
2026-02-19 15:24:35.558:INFO:oejs.Server:jetty-8.1.9.v20130131
2026-02-19 15:24:35.576:INFO:oejs.AbstractConnector:Started SelectChannelConnector@0.0.0.0:34727
2026-02-19 15:24:35.577:INFO:oejs.Server:jetty-8.1.9.v20130131
2026-02-19 15:24:35.587:INFO:oejs.AbstractConnector:Started SelectChannelConnector@0.0.0.0:35533
2026-02-19 15:24:35.839:INFO:oejs.Server:jetty-8.1.9.v20130131
2026-02-19 15:24:35.850:INFO:oejs.AbstractConnector:Started SelectChannelConnector@0.0.0.0:38355
2026-02-19 15:24:35.850:INFO:oejs.Server:jetty-8.1.9.v20130131
2026-02-19 15:24:35.865:INFO:oejs.AbstractConnector:Started SelectChannelConnector@0.0.0.0:36233
java.lang.instrument.IllegalClassFormatException: Error while instrumenting javax/script/ScriptEngine.
	at org.jacoco.agent.rt.internal_43f5073.CoverageTransformer.transform(CoverageTransformer.java:94)
	at java.instrument/java.lang.instrument.ClassFileTransformer.transform(ClassFileTransformer.java:244)
	at java.instrument/sun.instrument.TransformerManager.transform(TransformerManager.java:188)
	at java.instrument/sun.instrument.InstrumentationImpl.transform(InstrumentationImpl.java:541)
	at java.base/java.lang.ClassLoader.defineClass2(Native Method)
	at java.base/java.lang.ClassLoader.defineClass(ClassLoader.java:1108)
	at java.base/java.security.SecureClassLoader.defineClass(SecureClassLoader.java:182)
	at java.base/jdk.internal.loader.BuiltinClassLoader.defineClass(BuiltinClassLoader.java:821)
	at java.base/jdk.internal.loader.BuiltinClassLoader.findClassInModuleOrNull(BuiltinClassLoader.java:741)
	at java.base/jdk.internal.loader.BuiltinClassLoader.loadClassOrNull(BuiltinClassLoader.java:665)
	at java.base/jdk.internal.loader.BuiltinClassLoader.loadClassOrNull(BuiltinClassLoader.java:700)
	at java.base/jdk.internal.loader.BuiltinClassLoader.loadClassOrNull(BuiltinClassLoader.java:669)
	at java.base/jdk.internal.loader.BuiltinClassLoader.loadClass(BuiltinClassLoader.java:639)
	at java.base/jdk.internal.loader.ClassLoaders$AppClassLoader.loadClass(ClassLoaders.java:188)
	at java.base/java.lang.ClassLoader.loadClass(ClassLoader.java:525)
	at java.base/java.lang.Class.forName0(Native Method)
	at java.base/java.lang.Class.forName(Class.java:377)
	at org.junit.jupiter.engine.extension.ScriptExecutionCondition$Evaluator.forName(ScriptExecutionCondition.java:139)
	at org.junit.jupiter.engine.extension.ScriptExecutionCondition$Evaluator.forName(ScriptExecutionCondition.java:133)
	at org.junit.jupiter.engine.extension.ScriptExecutionCondition.<init>(ScriptExecutionCondition.java:55)
	at org.junit.jupiter.engine.extension.ScriptExecutionCondition.<init>(ScriptExecutionCondition.java:50)
	at org.junit.jupiter.engine.extension.ExtensionRegistry.<clinit>(ExtensionRegistry.java:53)
	at org.junit.jupiter.engine.descriptor.JupiterEngineDescriptor.prepare(JupiterEngineDescriptor.java:52)
	at org.junit.jupiter.engine.descriptor.JupiterEngineDescriptor.prepare(JupiterEngineDescriptor.java:30)
	at org.junit.platform.engine.support.hierarchical.NodeTestTask.lambda$prepare$1(NodeTestTask.java:107)
	at org.junit.platform.engine.support.hierarchical.ThrowableCollector.execute(ThrowableCollector.java:73)
	at org.junit.platform.engine.support.hierarchical.NodeTestTask.prepare(NodeTestTask.java:107)
	at org.junit.platform.engine.support.hierarchical.NodeTestTask.execute(NodeTestTask.java:75)
	at org.junit.platform.engine.support.hierarchical.SameThreadHierarchicalTestExecutorService.submit(SameThreadHierarchicalTestExecutorService.java:32)
	at org.junit.platform.engine.support.hierarchical.HierarchicalTestExecutor.execute(HierarchicalTestExecutor.java:57)
	at org.junit.platform.engine.support.hierarchical.HierarchicalTestEngine.execute(HierarchicalTestEngine.java:51)
	at org.junit.platform.launcher.core.DefaultLauncher.execute(DefaultLauncher.java:170)
	at org.junit.platform.launcher.core.DefaultLauncher.execute(DefaultLauncher.java:154)
	at org.junit.platform.launcher.core.DefaultLauncher.execute(DefaultLauncher.java:90)
	at org.apache.maven.surefire.junitplatform.JUnitPlatformProvider.invokeAllTests(JUnitPlatformProvider.java:142)
	at org.apache.maven.surefire.junitplatform.JUnitPlatformProvider.invoke(JUnitPlatformProvider.java:117)
	at org.apache.maven.surefire.booter.ForkedBooter.invokeProviderInSameClassLoader(ForkedBooter.java:383)
	at org.apache.maven.surefire.booter.ForkedBooter.runSuitesInProcess(ForkedBooter.java:344)
	at org.apache.maven.surefire.booter.ForkedBooter.execute(ForkedBooter.java:125)
	at org.apache.maven.surefire.booter.ForkedBooter.main(ForkedBooter.java:417)
Caused by: java.io.IOException: Error while instrumenting javax/script/ScriptEngine.
	at org.jacoco.agent.rt.internal_43f5073.core.instr.Instrumenter.instrumentError(Instrumenter.java:159)
	at org.jacoco.agent.rt.internal_43f5073.core.instr.Instrumenter.instrument(Instrumenter.java:109)
	at org.jacoco.agent.rt.internal_43f5073.CoverageTransformer.transform(CoverageTransformer.java:92)
	... 39 more
Caused by: java.lang.IllegalArgumentException: Unsupported class file major version 61
	at org.jacoco.agent.rt.internal_43f5073.asm.ClassReader.<init>(ClassReader.java:195)
	at org.jacoco.agent.rt.internal_43f5073.asm.ClassReader.<init>(ClassReader.java:176)
	at org.jacoco.agent.rt.internal_43f5073.asm.ClassReader.<init>(ClassReader.java:162)
	at org.jacoco.agent.rt.internal_43f5073.core.internal.instr.InstrSupport.classReaderFor(InstrSupport.java:280)
	at org.jacoco.agent.rt.internal_43f5073.core.instr.Instrumenter.instrument(Instrumenter.java:75)
	at org.jacoco.agent.rt.internal_43f5073.core.instr.Instrumenter.instrument(Instrumenter.java:107)
	... 40 more
java.lang.instrument.IllegalClassFormatException: Error while instrumenting javax/script/ScriptException.
	at org.jacoco.agent.rt.internal_43f5073.CoverageTransformer.transform(CoverageTransformer.java:94)
	at java.instrument/java.lang.instrument.ClassFileTransformer.transform(ClassFileTransformer.java:244)
	at java.instrument/sun.instrument.TransformerManager.transform(TransformerManager.java:188)
	at java.instrument/sun.instrument.InstrumentationImpl.transform(InstrumentationImpl.java:541)
	at java.base/java.lang.ClassLoader.defineClass2(Native Method)
	at java.base/java.lang.ClassLoader.defineClass(ClassLoader.java:1108)
	at java.base/java.security.SecureClassLoader.defineClass(SecureClassLoader.java:182)
	at java.base/jdk.internal.loader.BuiltinClassLoader.defineClass(BuiltinClassLoader.java:821)
	at java.base/jdk.internal.loader.BuiltinClassLoader.findClassInModuleOrNull(BuiltinClassLoader.java:741)
	at java.base/jdk.internal.loader.BuiltinClassLoader.loadClassOrNull(BuiltinClassLoader.java:665)
	at java.base/jdk.internal.loader.BuiltinClassLoader.loadClassOrNull(BuiltinClassLoader.java:700)
	at java.base/jdk.internal.loader.BuiltinClassLoader.loadClassOrNull(BuiltinClassLoader.java:669)
	at java.base/jdk.internal.loader.BuiltinClassLoader.loadClass(BuiltinClassLoader.java:639)
	at java.base/jdk.internal.loader.ClassLoaders$AppClassLoader.loadClass(ClassLoaders.java:188)
	at java.base/java.lang.ClassLoader.loadClass(ClassLoader.java:525)
	at java.base/java.lang.Class.forName0(Native Method)
	at java.base/java.lang.Class.forName(Class.java:377)
	at org.junit.jupiter.engine.extension.ScriptExecutionCondition$Evaluator.forName(ScriptExecutionCondition.java:153)
	at org.junit.jupiter.engine.extension.ScriptExecutionCondition$Evaluator.forName(ScriptExecutionCondition.java:133)
	at org.junit.jupiter.engine.extension.ScriptExecutionCondition.<init>(ScriptExecutionCondition.java:55)
	at org.junit.jupiter.engine.extension.ScriptExecutionCondition.<init>(ScriptExecutionCondition.java:50)
	at org.junit.jupiter.engine.extension.ExtensionRegistry.<clinit>(ExtensionRegistry.java:53)
	at org.junit.jupiter.engine.descriptor.JupiterEngineDescriptor.prepare(JupiterEngineDescriptor.java:52)
	at org.junit.jupiter.engine.descriptor.JupiterEngineDescriptor.prepare(JupiterEngineDescriptor.java:30)
	at org.junit.platform.engine.support.hierarchical.NodeTestTask.lambda$prepare$1(NodeTestTask.java:107)
	at org.junit.platform.engine.support.hierarchical.ThrowableCollector.execute(ThrowableCollector.java:73)
	at org.junit.platform.engine.support.hierarchical.NodeTestTask.prepare(NodeTestTask.java:107)
	at org.junit.platform.engine.support.hierarchical.NodeTestTask.execute(NodeTestTask.java:75)
	at org.junit.platform.engine.support.hierarchical.SameThreadHierarchicalTestExecutorService.submit(SameThreadHierarchicalTestExecutorService.java:32)
	at org.junit.platform.engine.support.hierarchical.HierarchicalTestExecutor.execute(HierarchicalTestExecutor.java:57)
	at org.junit.platform.engine.support.hierarchical.HierarchicalTestEngine.execute(HierarchicalTestEngine.java:51)
	at org.junit.platform.launcher.core.DefaultLauncher.execute(DefaultLauncher.java:170)
	at org.junit.platform.launcher.core.DefaultLauncher.execute(DefaultLauncher.java:154)
	at org.junit.platform.launcher.core.DefaultLauncher.execute(DefaultLauncher.java:90)
	at org.apache.maven.surefire.junitplatform.JUnitPlatformProvider.invokeAllTests(JUnitPlatformProvider.java:142)
	at org.apache.maven.surefire.junitplatform.JUnitPlatformProvider.invoke(JUnitPlatformProvider.java:117)
	at org.apache.maven.surefire.booter.ForkedBooter.invokeProviderInSameClassLoader(ForkedBooter.java:383)
	at org.apache.maven.surefire.booter.ForkedBooter.runSuitesInProcess(ForkedBooter.java:344)
	at org.apache.maven.surefire.booter.ForkedBooter.execute(ForkedBooter.java:125)
	at org.apache.maven.surefire.booter.ForkedBooter.main(ForkedBooter.java:417)
Caused by: java.io.IOException: Error while instrumenting javax/script/ScriptException.
	at org.jacoco.agent.rt.internal_43f5073.core.instr.Instrumenter.instrumentError(Instrumenter.java:159)
	at org.jacoco.agent.rt.internal_43f5073.core.instr.Instrumenter.instrument(Instrumenter.java:109)
	at org.jacoco.agent.rt.internal_43f5073.CoverageTransformer.transform(CoverageTransformer.java:92)
	... 39 more
Caused by: java.lang.IllegalArgumentException: Unsupported class file major version 61
	at org.jacoco.agent.rt.internal_43f5073.asm.ClassReader.<init>(ClassReader.java:195)
	at org.jacoco.agent.rt.internal_43f5073.asm.ClassReader.<init>(ClassReader.java:176)
	at org.jacoco.agent.rt.internal_43f5073.asm.ClassReader.<init>(ClassReader.java:162)
	at org.jacoco.agent.rt.internal_43f5073.core.internal.instr.InstrSupport.classReaderFor(InstrSupport.java:280)
	at org.jacoco.agent.rt.internal_43f5073.core.instr.Instrumenter.instrument(Instrumenter.java:75)
	at org.jacoco.agent.rt.internal_43f5073.core.instr.Instrumenter.instrument(Instrumenter.java:107)
	... 40 more
java.lang.instrument.IllegalClassFormatException: Error while instrumenting javax/script/Bindings.
	at org.jacoco.agent.rt.internal_43f5073.CoverageTransformer.transform(CoverageTransformer.java:94)
	at java.instrument/java.lang.instrument.ClassFileTransformer.transform(ClassFileTransformer.java:244)
	at java.instrument/sun.instrument.TransformerManager.transform(TransformerManager.java:188)
	at java.instrument/sun.instrument.InstrumentationImpl.transform(InstrumentationImpl.java:541)
	at java.base/java.lang.ClassLoader.defineClass2(Native Method)
	at java.base/java.lang.ClassLoader.defineClass(ClassLoader.java:1108)
	at java.base/java.security.SecureClassLoader.defineClass(SecureClassLoader.java:182)
	at java.base/jdk.internal.loader.BuiltinClassLoader.defineClass(BuiltinClassLoader.java:821)
	at java.base/jdk.internal.loader.BuiltinClassLoader.findClassInModuleOrNull(BuiltinClassLoader.java:741)
	at java.base/jdk.internal.loader.BuiltinClassLoader.loadClassOrNull(BuiltinClassLoader.java:665)
	at java.base/jdk.internal.loader.BuiltinClassLoader.loadClassOrNull(BuiltinClassLoader.java:700)
	at java.base/jdk.internal.loader.BuiltinClassLoader.loadClassOrNull(BuiltinClassLoader.java:669)
	at java.base/jdk.internal.loader.BuiltinClassLoader.loadClass(BuiltinClassLoader.java:639)
	at java.base/jdk.internal.loader.ClassLoaders$AppClassLoader.loadClass(ClassLoaders.java:188)
	at java.base/java.lang.ClassLoader.loadClass(ClassLoader.java:525)
	at java.base/java.lang.Class.forName0(Native Method)
	at java.base/java.lang.Class.forName(Class.java:377)
	at org.junit.jupiter.engine.extension.ScriptExecutionCondition$Evaluator.forName(ScriptExecutionCondition.java:153)
	at org.junit.jupiter.engine.extension.ScriptExecutionCondition$Evaluator.forName(ScriptExecutionCondition.java:133)
	at org.junit.jupiter.engine.extension.ScriptExecutionCondition.<init>(ScriptExecutionCondition.java:55)
	at org.junit.jupiter.engine.extension.ScriptExecutionCondition.<init>(ScriptExecutionCondition.java:50)
	at org.junit.jupiter.engine.extension.ExtensionRegistry.<clinit>(ExtensionRegistry.java:53)
	at org.junit.jupiter.engine.descriptor.JupiterEngineDescriptor.prepare(JupiterEngineDescriptor.java:52)
	at org.junit.jupiter.engine.descriptor.JupiterEngineDescriptor.prepare(JupiterEngineDescriptor.java:30)
	at org.junit.platform.engine.support.hierarchical.NodeTestTask.lambda$prepare$1(NodeTestTask.java:107)
	at org.junit.platform.engine.support.hierarchical.ThrowableCollector.execute(ThrowableCollector.java:73)
	at org.junit.platform.engine.support.hierarchical.NodeTestTask.prepare(NodeTestTask.java:107)
	at org.junit.platform.engine.support.hierarchical.NodeTestTask.execute(NodeTestTask.java:75)
	at org.junit.platform.engine.support.hierarchical.SameThreadHierarchicalTestExecutorService.submit(SameThreadHierarchicalTestExecutorService.java:32)
	at org.junit.platform.engine.support.hierarchical.HierarchicalTestExecutor.execute(HierarchicalTestExecutor.java:57)
	at org.junit.platform.engine.support.hierarchical.HierarchicalTestEngine.execute(HierarchicalTestEngine.java:51)
	at org.junit.platform.launcher.core.DefaultLauncher.execute(DefaultLauncher.java:170)
	at org.junit.platform.launcher.core.DefaultLauncher.execute(DefaultLauncher.java:154)
	at org.junit.platform.launcher.core.DefaultLauncher.execute(DefaultLauncher.java:90)
	at org.apache.maven.surefire.junitplatform.JUnitPlatformProvider.invokeAllTests(JUnitPlatformProvider.java:142)
	at org.apache.maven.surefire.junitplatform.JUnitPlatformProvider.invoke(JUnitPlatformProvider.java:117)
	at org.apache.maven.surefire.booter.ForkedBooter.invokeProviderInSameClassLoader(ForkedBooter.java:383)
	at org.apache.maven.surefire.booter.ForkedBooter.runSuitesInProcess(ForkedBooter.java:344)
	at org.apache.maven.surefire.booter.ForkedBooter.execute(ForkedBooter.java:125)
	at org.apache.maven.surefire.booter.ForkedBooter.main(ForkedBooter.java:417)
Caused by: java.io.IOException: Error while instrumenting javax/script/Bindings.
	at org.jacoco.agent.rt.internal_43f5073.core.instr.Instrumenter.instrumentError(Instrumenter.java:159)
	at org.jacoco.agent.rt.internal_43f5073.core.instr.Instrumenter.instrument(Instrumenter.java:109)
	at org.jacoco.agent.rt.internal_43f5073.CoverageTransformer.transform(CoverageTransformer.java:92)
	... 39 more
Caused by: java.lang.IllegalArgumentException: Unsupported class file major version 61
	at org.jacoco.agent.rt.internal_43f5073.asm.ClassReader.<init>(ClassReader.java:195)
	at org.jacoco.agent.rt.internal_43f5073.asm.ClassReader.<init>(ClassReader.java:176)
	at org.jacoco.agent.rt.internal_43f5073.asm.ClassReader.<init>(ClassReader.java:162)
	at org.jacoco.agent.rt.internal_43f5073.core.internal.instr.InstrSupport.classReaderFor(InstrSupport.java:280)
	at org.jacoco.agent.rt.internal_43f5073.core.instr.Instrumenter.instrument(Instrumenter.java:75)
	at org.jacoco.agent.rt.internal_43f5073.core.instr.Instrumenter.instrument(Instrumenter.java:107)
	... 40 more
java.lang.instrument.IllegalClassFormatException: Error while instrumenting javax/script/ScriptEngineManager.
	at org.jacoco.agent.rt.internal_43f5073.CoverageTransformer.transform(CoverageTransformer.java:94)
	at java.instrument/java.lang.instrument.ClassFileTransformer.transform(ClassFileTransformer.java:244)
	at java.instrument/sun.instrument.TransformerManager.transform(TransformerManager.java:188)
	at java.instrument/sun.instrument.InstrumentationImpl.transform(InstrumentationImpl.java:541)
	at java.base/java.lang.ClassLoader.defineClass2(Native Method)
	at java.base/java.lang.ClassLoader.defineClass(ClassLoader.java:1108)
	at java.base/java.security.SecureClassLoader.defineClass(SecureClassLoader.java:182)
	at java.base/jdk.internal.loader.BuiltinClassLoader.defineClass(BuiltinClassLoader.java:821)
	at java.base/jdk.internal.loader.BuiltinClassLoader.findClassInModuleOrNull(BuiltinClassLoader.java:741)
	at java.base/jdk.internal.loader.BuiltinClassLoader.loadClassOrNull(BuiltinClassLoader.java:665)
	at java.base/jdk.internal.loader.BuiltinClassLoader.loadClassOrNull(BuiltinClassLoader.java:700)
	at java.base/jdk.internal.loader.BuiltinClassLoader.loadClassOrNull(BuiltinClassLoader.java:669)
	at java.base/jdk.internal.loader.BuiltinClassLoader.loadClass(BuiltinClassLoader.java:639)
	at java.base/jdk.internal.loader.ClassLoaders$AppClassLoader.loadClass(ClassLoaders.java:188)
	at java.base/java.lang.ClassLoader.loadClass(ClassLoader.java:525)
	at org.junit.jupiter.engine.script.ScriptExecutionManager.<init>(ScriptExecutionManager.java:37)
	at org.junit.jupiter.engine.extension.ScriptExecutionEvaluator.<init>(ScriptExecutionEvaluator.java:42)
	at java.base/jdk.internal.reflect.NativeConstructorAccessorImpl.newInstance0(Native Method)
	at java.base/jdk.internal.reflect.NativeConstructorAccessorImpl.newInstance(NativeConstructorAccessorImpl.java:77)
	at java.base/jdk.internal.reflect.DelegatingConstructorAccessorImpl.newInstance(DelegatingConstructorAccessorImpl.java:45)
	at java.base/java.lang.reflect.Constructor.newInstanceWithCaller(Constructor.java:500)
	at java.base/java.lang.reflect.Constructor.newInstance(Constructor.java:481)
	at org.junit.jupiter.engine.extension.ScriptExecutionCondition$Evaluator.forName(ScriptExecutionCondition.java:153)
	at org.junit.jupiter.engine.extension.ScriptExecutionCondition$Evaluator.forName(ScriptExecutionCondition.java:133)
	at org.junit.jupiter.engine.extension.ScriptExecutionCondition.<init>(ScriptExecutionCondition.java:55)
	at org.junit.jupiter.engine.extension.ScriptExecutionCondition.<init>(ScriptExecutionCondition.java:50)
	at org.junit.jupiter.engine.extension.ExtensionRegistry.<clinit>(ExtensionRegistry.java:53)
	at org.junit.jupiter.engine.descriptor.JupiterEngineDescriptor.prepare(JupiterEngineDescriptor.java:52)
	at org.junit.jupiter.engine.descriptor.JupiterEngineDescriptor.prepare(JupiterEngineDescriptor.java:30)
	at org.junit.platform.engine.support.hierarchical.NodeTestTask.lambda$prepare$1(NodeTestTask.java:107)
	at org.junit.platform.engine.support.hierarchical.ThrowableCollector.execute(ThrowableCollector.java:73)
	at org.junit.platform.engine.support.hierarchical.NodeTestTask.prepare(NodeTestTask.java:107)
	at org.junit.platform.engine.support.hierarchical.NodeTestTask.execute(NodeTestTask.java:75)
	at org.junit.platform.engine.support.hierarchical.SameThreadHierarchicalTestExecutorService.submit(SameThreadHierarchicalTestExecutorService.java:32)
	at org.junit.platform.engine.support.hierarchical.HierarchicalTestExecutor.execute(HierarchicalTestExecutor.java:57)
	at org.junit.platform.engine.support.hierarchical.HierarchicalTestEngine.execute(HierarchicalTestEngine.java:51)
	at org.junit.platform.launcher.core.DefaultLauncher.execute(DefaultLauncher.java:170)
	at org.junit.platform.launcher.core.DefaultLauncher.execute(DefaultLauncher.java:154)
	at org.junit.platform.launcher.core.DefaultLauncher.execute(DefaultLauncher.java:90)
	at org.apache.maven.surefire.junitplatform.JUnitPlatformProvider.invokeAllTests(JUnitPlatformProvider.java:142)
	at org.apache.maven.surefire.junitplatform.JUnitPlatformProvider.invoke(JUnitPlatformProvider.java:117)
	at org.apache.maven.surefire.booter.ForkedBooter.invokeProviderInSameClassLoader(ForkedBooter.java:383)
	at org.apache.maven.surefire.booter.ForkedBooter.runSuitesInProcess(ForkedBooter.java:344)
	at org.apache.maven.surefire.booter.ForkedBooter.execute(ForkedBooter.java:125)
	at org.apache.maven.surefire.booter.ForkedBooter.main(ForkedBooter.java:417)
Caused by: java.io.IOException: Error while instrumenting javax/script/ScriptEngineManager.
	at org.jacoco.agent.rt.internal_43f5073.core.instr.Instrumenter.instrumentError(Instrumenter.java:159)
	at org.jacoco.agent.rt.internal_43f5073.core.instr.Instrumenter.instrument(Instrumenter.java:109)
	at org.jacoco.agent.rt.internal_43f5073.CoverageTransformer.transform(CoverageTransformer.java:92)
	... 44 more
Caused by: java.lang.IllegalArgumentException: Unsupported class file major version 61
	at org.jacoco.agent.rt.internal_43f5073.asm.ClassReader.<init>(ClassReader.java:195)
	at org.jacoco.agent.rt.internal_43f5073.asm.ClassReader.<init>(ClassReader.java:176)
	at org.jacoco.agent.rt.internal_43f5073.asm.ClassReader.<init>(ClassReader.java:162)
	at org.jacoco.agent.rt.internal_43f5073.core.internal.instr.InstrSupport.classReaderFor(InstrSupport.java:280)
	at org.jacoco.agent.rt.internal_43f5073.core.instr.Instrumenter.instrument(Instrumenter.java:75)
	at org.jacoco.agent.rt.internal_43f5073.core.instr.Instrumenter.instrument(Instrumenter.java:107)
	... 45 more
java.lang.instrument.IllegalClassFormatException: Error while instrumenting javax/script/ScriptEngineFactory.
	at org.jacoco.agent.rt.internal_43f5073.CoverageTransformer.transform(CoverageTransformer.java:94)
	at java.instrument/java.lang.instrument.ClassFileTransformer.transform(ClassFileTransformer.java:244)
	at java.instrument/sun.instrument.TransformerManager.transform(TransformerManager.java:188)
	at java.instrument/sun.instrument.InstrumentationImpl.transform(InstrumentationImpl.java:541)
	at java.base/java.lang.ClassLoader.defineClass2(Native Method)
	at java.base/java.lang.ClassLoader.defineClass(ClassLoader.java:1108)
	at java.base/java.security.SecureClassLoader.defineClass(SecureClassLoader.java:182)
	at java.base/jdk.internal.loader.BuiltinClassLoader.defineClass(BuiltinClassLoader.java:821)
	at java.base/jdk.internal.loader.BuiltinClassLoader.findClassInModuleOrNull(BuiltinClassLoader.java:741)
	at java.base/jdk.internal.loader.BuiltinClassLoader.loadClassOrNull(BuiltinClassLoader.java:665)
	at java.base/jdk.internal.loader.BuiltinClassLoader.loadClass(BuiltinClassLoader.java:639)
	at java.base/java.lang.ClassLoader.loadClass(ClassLoader.java:525)
	at java.scripting/javax.script.ScriptEngineManager.<clinit>(ScriptEngineManager.java:315)
	at org.junit.jupiter.engine.script.ScriptExecutionManager.<init>(ScriptExecutionManager.java:37)
	at org.junit.jupiter.engine.extension.ScriptExecutionEvaluator.<init>(ScriptExecutionEvaluator.java:42)
	at java.base/jdk.internal.reflect.NativeConstructorAccessorImpl.newInstance0(Native Method)
	at java.base/jdk.internal.reflect.NativeConstructorAccessorImpl.newInstance(NativeConstructorAccessorImpl.java:77)
	at java.base/jdk.internal.reflect.DelegatingConstructorAccessorImpl.newInstance(DelegatingConstructorAccessorImpl.java:45)
	at java.base/java.lang.reflect.Constructor.newInstanceWithCaller(Constructor.java:500)
	at java.base/java.lang.reflect.Constructor.newInstance(Constructor.java:481)
	at org.junit.jupiter.engine.extension.ScriptExecutionCondition$Evaluator.forName(ScriptExecutionCondition.java:153)
	at org.junit.jupiter.engine.extension.ScriptExecutionCondition$Evaluator.forName(ScriptExecutionCondition.java:133)
	at org.junit.jupiter.engine.extension.ScriptExecutionCondition.<init>(ScriptExecutionCondition.java:55)
	at org.junit.jupiter.engine.extension.ScriptExecutionCondition.<init>(ScriptExecutionCondition.java:50)
	at org.junit.jupiter.engine.extension.ExtensionRegistry.<clinit>(ExtensionRegistry.java:53)
	at org.junit.jupiter.engine.descriptor.JupiterEngineDescriptor.prepare(JupiterEngineDescriptor.java:52)
	at org.junit.jupiter.engine.descriptor.JupiterEngineDescriptor.prepare(JupiterEngineDescriptor.java:30)
	at org.junit.platform.engine.support.hierarchical.NodeTestTask.lambda$prepare$1(NodeTestTask.java:107)
	at org.junit.platform.engine.support.hierarchical.ThrowableCollector.execute(ThrowableCollector.java:73)
	at org.junit.platform.engine.support.hierarchical.NodeTestTask.prepare(NodeTestTask.java:107)
	at org.junit.platform.engine.support.hierarchical.NodeTestTask.execute(NodeTestTask.java:75)
	at org.junit.platform.engine.support.hierarchical.SameThreadHierarchicalTestExecutorService.submit(SameThreadHierarchicalTestExecutorService.java:32)
	at org.junit.platform.engine.support.hierarchical.HierarchicalTestExecutor.execute(HierarchicalTestExecutor.java:57)
	at org.junit.platform.engine.support.hierarchical.HierarchicalTestEngine.execute(HierarchicalTestEngine.java:51)
	at org.junit.platform.launcher.core.DefaultLauncher.execute(DefaultLauncher.java:170)
	at org.junit.platform.launcher.core.DefaultLauncher.execute(DefaultLauncher.java:154)
	at org.junit.platform.launcher.core.DefaultLauncher.execute(DefaultLauncher.java:90)
	at org.apache.maven.surefire.junitplatform.JUnitPlatformProvider.invokeAllTests(JUnitPlatformProvider.java:142)
	at org.apache.maven.surefire.junitplatform.JUnitPlatformProvider.invoke(JUnitPlatformProvider.java:117)
	at org.apache.maven.surefire.booter.ForkedBooter.invokeProviderInSameClassLoader(ForkedBooter.java:383)
	at org.apache.maven.surefire.booter.ForkedBooter.runSuitesInProcess(ForkedBooter.java:344)
	at org.apache.maven.surefire.booter.ForkedBooter.execute(ForkedBooter.java:125)
	at org.apache.maven.surefire.booter.ForkedBooter.main(ForkedBooter.java:417)
Caused by: java.io.IOException: Error while instrumenting javax/script/ScriptEngineFactory.
	at org.jacoco.agent.rt.internal_43f5073.core.instr.Instrumenter.instrumentError(Instrumenter.java:159)
	at org.jacoco.agent.rt.internal_43f5073.core.instr.Instrumenter.instrument(Instrumenter.java:109)
	at org.jacoco.agent.rt.internal_43f5073.CoverageTransformer.transform(CoverageTransformer.java:92)
	... 42 more
Caused by: java.lang.IllegalArgumentException: Unsupported class file major version 61
	at org.jacoco.agent.rt.internal_43f5073.asm.ClassReader.<init>(ClassReader.java:195)
	at org.jacoco.agent.rt.internal_43f5073.asm.ClassReader.<init>(ClassReader.java:176)
	at org.jacoco.agent.rt.internal_43f5073.asm.ClassReader.<init>(ClassReader.java:162)
	at org.jacoco.agent.rt.internal_43f5073.core.internal.instr.InstrSupport.classReaderFor(InstrSupport.java:280)
	at org.jacoco.agent.rt.internal_43f5073.core.instr.Instrumenter.instrument(Instrumenter.java:75)
	at org.jacoco.agent.rt.internal_43f5073.core.instr.Instrumenter.instrument(Instrumenter.java:107)
	... 43 more
java.lang.instrument.IllegalClassFormatException: Error while instrumenting javax/script/SimpleBindings.
	at org.jacoco.agent.rt.internal_43f5073.CoverageTransformer.transform(CoverageTransformer.java:94)
	at java.instrument/java.lang.instrument.ClassFileTransformer.transform(ClassFileTransformer.java:244)
	at java.instrument/sun.instrument.TransformerManager.transform(TransformerManager.java:188)
	at java.instrument/sun.instrument.InstrumentationImpl.transform(InstrumentationImpl.java:541)
	at java.base/java.lang.ClassLoader.defineClass2(Native Method)
	at java.base/java.lang.ClassLoader.defineClass(ClassLoader.java:1108)
	at java.base/java.security.SecureClassLoader.defineClass(SecureClassLoader.java:182)
	at java.base/jdk.internal.loader.BuiltinClassLoader.defineClass(BuiltinClassLoader.java:821)
	at java.base/jdk.internal.loader.BuiltinClassLoader.findClassInModuleOrNull(BuiltinClassLoader.java:741)
	at java.base/jdk.internal.loader.BuiltinClassLoader.loadClassOrNull(BuiltinClassLoader.java:665)
	at java.base/jdk.internal.loader.BuiltinClassLoader.loadClass(BuiltinClassLoader.java:639)
	at java.base/java.lang.ClassLoader.loadClass(ClassLoader.java:525)
	at java.scripting/javax.script.ScriptEngineManager.<init>(ScriptEngineManager.java:333)
	at java.scripting/javax.script.ScriptEngineManager.<init>(ScriptEngineManager.java:63)
	at org.junit.jupiter.engine.script.ScriptExecutionManager.<init>(ScriptExecutionManager.java:37)
	at org.junit.jupiter.engine.extension.ScriptExecutionEvaluator.<init>(ScriptExecutionEvaluator.java:42)
	at java.base/jdk.internal.reflect.NativeConstructorAccessorImpl.newInstance0(Native Method)
	at java.base/jdk.internal.reflect.NativeConstructorAccessorImpl.newInstance(NativeConstructorAccessorImpl.java:77)
	at java.base/jdk.internal.reflect.DelegatingConstructorAccessorImpl.newInstance(DelegatingConstructorAccessorImpl.java:45)
	at java.base/java.lang.reflect.Constructor.newInstanceWithCaller(Constructor.java:500)
	at java.base/java.lang.reflect.Constructor.newInstance(Constructor.java:481)
	at org.junit.jupiter.engine.extension.ScriptExecutionCondition$Evaluator.forName(ScriptExecutionCondition.java:153)
	at org.junit.jupiter.engine.extension.ScriptExecutionCondition$Evaluator.forName(ScriptExecutionCondition.java:133)
	at org.junit.jupiter.engine.extension.ScriptExecutionCondition.<init>(ScriptExecutionCondition.java:55)
	at org.junit.jupiter.engine.extension.ScriptExecutionCondition.<init>(ScriptExecutionCondition.java:50)
	at org.junit.jupiter.engine.extension.ExtensionRegistry.<clinit>(ExtensionRegistry.java:53)
	at org.junit.jupiter.engine.descriptor.JupiterEngineDescriptor.prepare(JupiterEngineDescriptor.java:52)
	at org.junit.jupiter.engine.descriptor.JupiterEngineDescriptor.prepare(JupiterEngineDescriptor.java:30)
	at org.junit.platform.engine.support.hierarchical.NodeTestTask.lambda$prepare$1(NodeTestTask.java:107)
	at org.junit.platform.engine.support.hierarchical.ThrowableCollector.execute(ThrowableCollector.java:73)
	at org.junit.platform.engine.support.hierarchical.NodeTestTask.prepare(NodeTestTask.java:107)
	at org.junit.platform.engine.support.hierarchical.NodeTestTask.execute(NodeTestTask.java:75)
	at org.junit.platform.engine.support.hierarchical.SameThreadHierarchicalTestExecutorService.submit(SameThreadHierarchicalTestExecutorService.java:32)
	at org.junit.platform.engine.support.hierarchical.HierarchicalTestExecutor.execute(HierarchicalTestExecutor.java:57)
	at org.junit.platform.engine.support.hierarchical.HierarchicalTestEngine.execute(HierarchicalTestEngine.java:51)
	at org.junit.platform.launcher.core.DefaultLauncher.execute(DefaultLauncher.java:170)
	at org.junit.platform.launcher.core.DefaultLauncher.execute(DefaultLauncher.java:154)
	at org.junit.platform.launcher.core.DefaultLauncher.execute(DefaultLauncher.java:90)
	at org.apache.maven.surefire.junitplatform.JUnitPlatformProvider.invokeAllTests(JUnitPlatformProvider.java:142)
	at org.apache.maven.surefire.junitplatform.JUnitPlatformProvider.invoke(JUnitPlatformProvider.java:117)
	at org.apache.maven.surefire.booter.ForkedBooter.invokeProviderInSameClassLoader(ForkedBooter.java:383)
	at org.apache.maven.surefire.booter.ForkedBooter.runSuitesInProcess(ForkedBooter.java:344)
	at org.apache.maven.surefire.booter.ForkedBooter.execute(ForkedBooter.java:125)
	at org.apache.maven.surefire.booter.ForkedBooter.main(ForkedBooter.java:417)
Caused by: java.io.IOException: Error while instrumenting javax/script/SimpleBindings.
	at org.jacoco.agent.rt.internal_43f5073.core.instr.Instrumenter.instrumentError(Instrumenter.java:159)
	at org.jacoco.agent.rt.internal_43f5073.core.instr.Instrumenter.instrument(Instrumenter.java:109)
	at org.jacoco.agent.rt.internal_43f5073.CoverageTransformer.transform(CoverageTransformer.java:92)
	... 43 more
Caused by: java.lang.IllegalArgumentException: Unsupported class file major version 61
	at org.jacoco.agent.rt.internal_43f5073.asm.ClassReader.<init>(ClassReader.java:195)
	at org.jacoco.agent.rt.internal_43f5073.asm.ClassReader.<init>(ClassReader.java:176)
	at org.jacoco.agent.rt.internal_43f5073.asm.ClassReader.<init>(ClassReader.java:162)
	at org.jacoco.agent.rt.internal_43f5073.core.internal.instr.InstrSupport.classReaderFor(InstrSupport.java:280)
	at org.jacoco.agent.rt.internal_43f5073.core.instr.Instrumenter.instrument(Instrumenter.java:75)
	at org.jacoco.agent.rt.internal_43f5073.core.instr.Instrumenter.instrument(Instrumenter.java:107)
	... 44 more
2026-02-19 15:24:36.492:INFO:oejs.Server:jetty-8.1.9.v20130131
2026-02-19 15:24:36.502:INFO:oejs.AbstractConnector:Started SelectChannelConnector@0.0.0.0:39859
2026-02-19 15:24:36.502:INFO:oejs.Server:jetty-8.1.9.v20130131
2026-02-19 15:24:36.516:INFO:oejs.AbstractConnector:Started SelectChannelConnector@0.0.0.0:38101
 DONE commons-numbers/commons-numbers-arrays (tests ran)
START scribejava/scribejava-core
 ITER 1
java.lang.instrument.IllegalClassFormatException: Error while instrumenting javax/script/ScriptEngine.
	at org.jacoco.agent.rt.internal_43f5073.CoverageTransformer.transform(CoverageTransformer.java:94)
	at java.instrument/java.lang.instrument.ClassFileTransformer.transform(ClassFileTransformer.java:244)
	at java.instrument/sun.instrument.TransformerManager.transform(TransformerManager.java:188)
	at java.instrument/sun.instrument.InstrumentationImpl.transform(InstrumentationImpl.java:541)
	at java.base/java.lang.ClassLoader.defineClass2(Native Method)
	at java.base/java.lang.ClassLoader.defineClass(ClassLoader.java:1108)
	at java.base/java.security.SecureClassLoader.defineClass(SecureClassLoader.java:182)
	at java.base/jdk.internal.loader.BuiltinClassLoader.defineClass(BuiltinClassLoader.java:821)
	at java.base/jdk.internal.loader.BuiltinClassLoader.findClassInModuleOrNull(BuiltinClassLoader.java:741)
	at java.base/jdk.internal.loader.BuiltinClassLoader.loadClassOrNull(BuiltinClassLoader.java:665)
	at java.base/jdk.internal.loader.BuiltinClassLoader.loadClassOrNull(BuiltinClassLoader.java:700)
	at java.base/jdk.internal.loader.BuiltinClassLoader.loadClassOrNull(BuiltinClassLoader.java:669)
	at java.base/jdk.internal.loader.BuiltinClassLoader.loadClass(BuiltinClassLoader.java:639)
	at java.base/jdk.internal.loader.ClassLoaders$AppClassLoader.loadClass(ClassLoaders.java:188)
	at java.base/java.lang.ClassLoader.loadClass(ClassLoader.java:525)
	at java.base/java.lang.Class.forName0(Native Method)
	at java.base/java.lang.Class.forName(Class.java:377)
	at org.junit.jupiter.engine.extension.ScriptExecutionCondition$Evaluator.forName(ScriptExecutionCondition.java:139)
	at org.junit.jupiter.engine.extension.ScriptExecutionCondition$Evaluator.forName(ScriptExecutionCondition.java:133)
	at org.junit.jupiter.engine.extension.ScriptExecutionCondition.<init>(ScriptExecutionCondition.java:55)
	at org.junit.jupiter.engine.extension.ScriptExecutionCondition.<init>(ScriptExecutionCondition.java:50)
	at org.junit.jupiter.engine.extension.ExtensionRegistry.<clinit>(ExtensionRegistry.java:53)
	at org.junit.jupiter.engine.descriptor.JupiterEngineDescriptor.prepare(JupiterEngineDescriptor.java:52)
	at org.junit.jupiter.engine.descriptor.JupiterEngineDescriptor.prepare(JupiterEngineDescriptor.java:30)
	at org.junit.platform.engine.support.hierarchical.NodeTestTask.lambda$prepare$1(NodeTestTask.java:107)
	at org.junit.platform.engine.support.hierarchical.ThrowableCollector.execute(ThrowableCollector.java:73)
	at org.junit.platform.engine.support.hierarchical.NodeTestTask.prepare(NodeTestTask.java:107)
	at org.junit.platform.engine.support.hierarchical.NodeTestTask.execute(NodeTestTask.java:75)
	at org.junit.platform.engine.support.hierarchical.SameThreadHierarchicalTestExecutorService.submit(SameThreadHierarchicalTestExecutorService.java:32)
	at org.junit.platform.engine.support.hierarchical.HierarchicalTestExecutor.execute(HierarchicalTestExecutor.java:57)
	at org.junit.platform.engine.support.hierarchical.HierarchicalTestEngine.execute(HierarchicalTestEngine.java:51)
	at org.junit.platform.launcher.core.DefaultLauncher.execute(DefaultLauncher.java:170)
	at org.junit.platform.launcher.core.DefaultLauncher.execute(DefaultLauncher.java:154)
	at org.junit.platform.launcher.core.DefaultLauncher.execute(DefaultLauncher.java:90)
	at org.apache.maven.surefire.junitplatform.JUnitPlatformProvider.invokeAllTests(JUnitPlatformProvider.java:142)
	at org.apache.maven.surefire.junitplatform.JUnitPlatformProvider.invoke(JUnitPlatformProvider.java:117)
	at org.apache.maven.surefire.booter.ForkedBooter.invokeProviderInSameClassLoader(ForkedBooter.java:383)
	at org.apache.maven.surefire.booter.ForkedBooter.runSuitesInProcess(ForkedBooter.java:344)
	at org.apache.maven.surefire.booter.ForkedBooter.execute(ForkedBooter.java:125)
	at org.apache.maven.surefire.booter.ForkedBooter.main(ForkedBooter.java:417)
Caused by: java.io.IOException: Error while instrumenting javax/script/ScriptEngine.
	at org.jacoco.agent.rt.internal_43f5073.core.instr.Instrumenter.instrumentError(Instrumenter.java:159)
	at org.jacoco.agent.rt.internal_43f5073.core.instr.Instrumenter.instrument(Instrumenter.java:109)
	at org.jacoco.agent.rt.internal_43f5073.CoverageTransformer.transform(CoverageTransformer.java:92)
	... 39 more
Caused by: java.lang.IllegalArgumentException: Unsupported class file major version 61
	at org.jacoco.agent.rt.internal_43f5073.asm.ClassReader.<init>(ClassReader.java:195)
	at org.jacoco.agent.rt.internal_43f5073.asm.ClassReader.<init>(ClassReader.java:176)
	at org.jacoco.agent.rt.internal_43f5073.asm.ClassReader.<init>(ClassReader.java:162)
	at org.jacoco.agent.rt.internal_43f5073.core.internal.instr.InstrSupport.classReaderFor(InstrSupport.java:280)
	at org.jacoco.agent.rt.internal_43f5073.core.instr.Instrumenter.instrument(Instrumenter.java:75)
	at org.jacoco.agent.rt.internal_43f5073.core.instr.Instrumenter.instrument(Instrumenter.java:107)
	... 40 more
java.lang.instrument.IllegalClassFormatException: Error while instrumenting javax/script/ScriptException.
	at org.jacoco.agent.rt.internal_43f5073.CoverageTransformer.transform(CoverageTransformer.java:94)
	at java.instrument/java.lang.instrument.ClassFileTransformer.transform(ClassFileTransformer.java:244)
	at java.instrument/sun.instrument.TransformerManager.transform(TransformerManager.java:188)
	at java.instrument/sun.instrument.InstrumentationImpl.transform(InstrumentationImpl.java:541)
	at java.base/java.lang.ClassLoader.defineClass2(Native Method)
	at java.base/java.lang.ClassLoader.defineClass(ClassLoader.java:1108)
	at java.base/java.security.SecureClassLoader.defineClass(SecureClassLoader.java:182)
	at java.base/jdk.internal.loader.BuiltinClassLoader.defineClass(BuiltinClassLoader.java:821)
	at java.base/jdk.internal.loader.BuiltinClassLoader.findClassInModuleOrNull(BuiltinClassLoader.java:741)
	at java.base/jdk.internal.loader.BuiltinClassLoader.loadClassOrNull(BuiltinClassLoader.java:665)
	at java.base/jdk.internal.loader.BuiltinClassLoader.loadClassOrNull(BuiltinClassLoader.java:700)
	at java.base/jdk.internal.loader.BuiltinClassLoader.loadClassOrNull(BuiltinClassLoader.java:669)
	at java.base/jdk.internal.loader.BuiltinClassLoader.loadClass(BuiltinClassLoader.java:639)
	at java.base/jdk.internal.loader.ClassLoaders$AppClassLoader.loadClass(ClassLoaders.java:188)
	at java.base/java.lang.ClassLoader.loadClass(ClassLoader.java:525)
	at java.base/java.lang.Class.forName0(Native Method)
	at java.base/java.lang.Class.forName(Class.java:377)
	at org.junit.jupiter.engine.extension.ScriptExecutionCondition$Evaluator.forName(ScriptExecutionCondition.java:153)
	at org.junit.jupiter.engine.extension.ScriptExecutionCondition$Evaluator.forName(ScriptExecutionCondition.java:133)
	at org.junit.jupiter.engine.extension.ScriptExecutionCondition.<init>(ScriptExecutionCondition.java:55)
	at org.junit.jupiter.engine.extension.ScriptExecutionCondition.<init>(ScriptExecutionCondition.java:50)
	at org.junit.jupiter.engine.extension.ExtensionRegistry.<clinit>(ExtensionRegistry.java:53)
	at org.junit.jupiter.engine.descriptor.JupiterEngineDescriptor.prepare(JupiterEngineDescriptor.java:52)
	at org.junit.jupiter.engine.descriptor.JupiterEngineDescriptor.prepare(JupiterEngineDescriptor.java:30)
	at org.junit.platform.engine.support.hierarchical.NodeTestTask.lambda$prepare$1(NodeTestTask.java:107)
	at org.junit.platform.engine.support.hierarchical.ThrowableCollector.execute(ThrowableCollector.java:73)
	at org.junit.platform.engine.support.hierarchical.NodeTestTask.prepare(NodeTestTask.java:107)
	at org.junit.platform.engine.support.hierarchical.NodeTestTask.execute(NodeTestTask.java:75)
	at org.junit.platform.engine.support.hierarchical.SameThreadHierarchicalTestExecutorService.submit(SameThreadHierarchicalTestExecutorService.java:32)
	at org.junit.platform.engine.support.hierarchical.HierarchicalTestExecutor.execute(HierarchicalTestExecutor.java:57)
	at org.junit.platform.engine.support.hierarchical.HierarchicalTestEngine.execute(HierarchicalTestEngine.java:51)
	at org.junit.platform.launcher.core.DefaultLauncher.execute(DefaultLauncher.java:170)
	at org.junit.platform.launcher.core.DefaultLauncher.execute(DefaultLauncher.java:154)
	at org.junit.platform.launcher.core.DefaultLauncher.execute(DefaultLauncher.java:90)
	at org.apache.maven.surefire.junitplatform.JUnitPlatformProvider.invokeAllTests(JUnitPlatformProvider.java:142)
	at org.apache.maven.surefire.junitplatform.JUnitPlatformProvider.invoke(JUnitPlatformProvider.java:117)
	at org.apache.maven.surefire.booter.ForkedBooter.invokeProviderInSameClassLoader(ForkedBooter.java:383)
	at org.apache.maven.surefire.booter.ForkedBooter.runSuitesInProcess(ForkedBooter.java:344)
	at org.apache.maven.surefire.booter.ForkedBooter.execute(ForkedBooter.java:125)
	at org.apache.maven.surefire.booter.ForkedBooter.main(ForkedBooter.java:417)
Caused by: java.io.IOException: Error while instrumenting javax/script/ScriptException.
	at org.jacoco.agent.rt.internal_43f5073.core.instr.Instrumenter.instrumentError(Instrumenter.java:159)
	at org.jacoco.agent.rt.internal_43f5073.core.instr.Instrumenter.instrument(Instrumenter.java:109)
	at org.jacoco.agent.rt.internal_43f5073.CoverageTransformer.transform(CoverageTransformer.java:92)
	... 39 more
Caused by: java.lang.IllegalArgumentException: Unsupported class file major version 61
	at org.jacoco.agent.rt.internal_43f5073.asm.ClassReader.<init>(ClassReader.java:195)
	at org.jacoco.agent.rt.internal_43f5073.asm.ClassReader.<init>(ClassReader.java:176)
	at org.jacoco.agent.rt.internal_43f5073.asm.ClassReader.<init>(ClassReader.java:162)
	at org.jacoco.agent.rt.internal_43f5073.core.internal.instr.InstrSupport.classReaderFor(InstrSupport.java:280)
	at org.jacoco.agent.rt.internal_43f5073.core.instr.Instrumenter.instrument(Instrumenter.java:75)
	at org.jacoco.agent.rt.internal_43f5073.core.instr.Instrumenter.instrument(Instrumenter.java:107)
	... 40 more
java.lang.instrument.IllegalClassFormatException: Error while instrumenting javax/script/Bindings.
	at org.jacoco.agent.rt.internal_43f5073.CoverageTransformer.transform(CoverageTransformer.java:94)
	at java.instrument/java.lang.instrument.ClassFileTransformer.transform(ClassFileTransformer.java:244)
	at java.instrument/sun.instrument.TransformerManager.transform(TransformerManager.java:188)
	at java.instrument/sun.instrument.InstrumentationImpl.transform(InstrumentationImpl.java:541)
	at java.base/java.lang.ClassLoader.defineClass2(Native Method)
	at java.base/java.lang.ClassLoader.defineClass(ClassLoader.java:1108)
	at java.base/java.security.SecureClassLoader.defineClass(SecureClassLoader.java:182)
	at java.base/jdk.internal.loader.BuiltinClassLoader.defineClass(BuiltinClassLoader.java:821)
	at java.base/jdk.internal.loader.BuiltinClassLoader.findClassInModuleOrNull(BuiltinClassLoader.java:741)
	at java.base/jdk.internal.loader.BuiltinClassLoader.loadClassOrNull(BuiltinClassLoader.java:665)
	at java.base/jdk.internal.loader.BuiltinClassLoader.loadClassOrNull(BuiltinClassLoader.java:700)
	at java.base/jdk.internal.loader.BuiltinClassLoader.loadClassOrNull(BuiltinClassLoader.java:669)
	at java.base/jdk.internal.loader.BuiltinClassLoader.loadClass(BuiltinClassLoader.java:639)
	at java.base/jdk.internal.loader.ClassLoaders$AppClassLoader.loadClass(ClassLoaders.java:188)
	at java.base/java.lang.ClassLoader.loadClass(ClassLoader.java:525)
	at java.base/java.lang.Class.forName0(Native Method)
	at java.base/java.lang.Class.forName(Class.java:377)
	at org.junit.jupiter.engine.extension.ScriptExecutionCondition$Evaluator.forName(ScriptExecutionCondition.java:153)
	at org.junit.jupiter.engine.extension.ScriptExecutionCondition$Evaluator.forName(ScriptExecutionCondition.java:133)
	at org.junit.jupiter.engine.extension.ScriptExecutionCondition.<init>(ScriptExecutionCondition.java:55)
	at org.junit.jupiter.engine.extension.ScriptExecutionCondition.<init>(ScriptExecutionCondition.java:50)
	at org.junit.jupiter.engine.extension.ExtensionRegistry.<clinit>(ExtensionRegistry.java:53)
	at org.junit.jupiter.engine.descriptor.JupiterEngineDescriptor.prepare(JupiterEngineDescriptor.java:52)
	at org.junit.jupiter.engine.descriptor.JupiterEngineDescriptor.prepare(JupiterEngineDescriptor.java:30)
	at org.junit.platform.engine.support.hierarchical.NodeTestTask.lambda$prepare$1(NodeTestTask.java:107)
	at org.junit.platform.engine.support.hierarchical.ThrowableCollector.execute(ThrowableCollector.java:73)
	at org.junit.platform.engine.support.hierarchical.NodeTestTask.prepare(NodeTestTask.java:107)
	at org.junit.platform.engine.support.hierarchical.NodeTestTask.execute(NodeTestTask.java:75)
	at org.junit.platform.engine.support.hierarchical.SameThreadHierarchicalTestExecutorService.submit(SameThreadHierarchicalTestExecutorService.java:32)
	at org.junit.platform.engine.support.hierarchical.HierarchicalTestExecutor.execute(HierarchicalTestExecutor.java:57)
	at org.junit.platform.engine.support.hierarchical.HierarchicalTestEngine.execute(HierarchicalTestEngine.java:51)
	at org.junit.platform.launcher.core.DefaultLauncher.execute(DefaultLauncher.java:170)
	at org.junit.platform.launcher.core.DefaultLauncher.execute(DefaultLauncher.java:154)
	at org.junit.platform.launcher.core.DefaultLauncher.execute(DefaultLauncher.java:90)
	at org.apache.maven.surefire.junitplatform.JUnitPlatformProvider.invokeAllTests(JUnitPlatformProvider.java:142)
	at org.apache.maven.surefire.junitplatform.JUnitPlatformProvider.invoke(JUnitPlatformProvider.java:117)
	at org.apache.maven.surefire.booter.ForkedBooter.invokeProviderInSameClassLoader(ForkedBooter.java:383)
	at org.apache.maven.surefire.booter.ForkedBooter.runSuitesInProcess(ForkedBooter.java:344)
	at org.apache.maven.surefire.booter.ForkedBooter.execute(ForkedBooter.java:125)
	at org.apache.maven.surefire.booter.ForkedBooter.main(ForkedBooter.java:417)
Caused by: java.io.IOException: Error while instrumenting javax/script/Bindings.
	at org.jacoco.agent.rt.internal_43f5073.core.instr.Instrumenter.instrumentError(Instrumenter.java:159)
	at org.jacoco.agent.rt.internal_43f5073.core.instr.Instrumenter.instrument(Instrumenter.java:109)
	at org.jacoco.agent.rt.internal_43f5073.CoverageTransformer.transform(CoverageTransformer.java:92)
	... 39 more
Caused by: java.lang.IllegalArgumentException: Unsupported class file major version 61
	at org.jacoco.agent.rt.internal_43f5073.asm.ClassReader.<init>(ClassReader.java:195)
	at org.jacoco.agent.rt.internal_43f5073.asm.ClassReader.<init>(ClassReader.java:176)
	at org.jacoco.agent.rt.internal_43f5073.asm.ClassReader.<init>(ClassReader.java:162)
	at org.jacoco.agent.rt.internal_43f5073.core.internal.instr.InstrSupport.classReaderFor(InstrSupport.java:280)
	at org.jacoco.agent.rt.internal_43f5073.core.instr.Instrumenter.instrument(Instrumenter.java:75)
	at org.jacoco.agent.rt.internal_43f5073.core.instr.Instrumenter.instrument(Instrumenter.java:107)
	... 40 more
java.lang.instrument.IllegalClassFormatException: Error while instrumenting javax/script/ScriptEngineManager.
	at org.jacoco.agent.rt.internal_43f5073.CoverageTransformer.transform(CoverageTransformer.java:94)
	at java.instrument/java.lang.instrument.ClassFileTransformer.transform(ClassFileTransformer.java:244)
	at java.instrument/sun.instrument.TransformerManager.transform(TransformerManager.java:188)
	at java.instrument/sun.instrument.InstrumentationImpl.transform(InstrumentationImpl.java:541)
	at java.base/java.lang.ClassLoader.defineClass2(Native Method)
	at java.base/java.lang.ClassLoader.defineClass(ClassLoader.java:1108)
	at java.base/java.security.SecureClassLoader.defineClass(SecureClassLoader.java:182)
	at java.base/jdk.internal.loader.BuiltinClassLoader.defineClass(BuiltinClassLoader.java:821)
	at java.base/jdk.internal.loader.BuiltinClassLoader.findClassInModuleOrNull(BuiltinClassLoader.java:741)
	at java.base/jdk.internal.loader.BuiltinClassLoader.loadClassOrNull(BuiltinClassLoader.java:665)
	at java.base/jdk.internal.loader.BuiltinClassLoader.loadClassOrNull(BuiltinClassLoader.java:700)
	at java.base/jdk.internal.loader.BuiltinClassLoader.loadClassOrNull(BuiltinClassLoader.java:669)
	at java.base/jdk.internal.loader.BuiltinClassLoader.loadClass(BuiltinClassLoader.java:639)
	at java.base/jdk.internal.loader.ClassLoaders$AppClassLoader.loadClass(ClassLoaders.java:188)
	at java.base/java.lang.ClassLoader.loadClass(ClassLoader.java:525)
	at org.junit.jupiter.engine.script.ScriptExecutionManager.<init>(ScriptExecutionManager.java:37)
	at org.junit.jupiter.engine.extension.ScriptExecutionEvaluator.<init>(ScriptExecutionEvaluator.java:42)
	at java.base/jdk.internal.reflect.NativeConstructorAccessorImpl.newInstance0(Native Method)
	at java.base/jdk.internal.reflect.NativeConstructorAccessorImpl.newInstance(NativeConstructorAccessorImpl.java:77)
	at java.base/jdk.internal.reflect.DelegatingConstructorAccessorImpl.newInstance(DelegatingConstructorAccessorImpl.java:45)
	at java.base/java.lang.reflect.Constructor.newInstanceWithCaller(Constructor.java:500)
	at java.base/java.lang.reflect.Constructor.newInstance(Constructor.java:481)
	at org.junit.jupiter.engine.extension.ScriptExecutionCondition$Evaluator.forName(ScriptExecutionCondition.java:153)
	at org.junit.jupiter.engine.extension.ScriptExecutionCondition$Evaluator.forName(ScriptExecutionCondition.java:133)
	at org.junit.jupiter.engine.extension.ScriptExecutionCondition.<init>(ScriptExecutionCondition.java:55)
	at org.junit.jupiter.engine.extension.ScriptExecutionCondition.<init>(ScriptExecutionCondition.java:50)
	at org.junit.jupiter.engine.extension.ExtensionRegistry.<clinit>(ExtensionRegistry.java:53)
	at org.junit.jupiter.engine.descriptor.JupiterEngineDescriptor.prepare(JupiterEngineDescriptor.java:52)
	at org.junit.jupiter.engine.descriptor.JupiterEngineDescriptor.prepare(JupiterEngineDescriptor.java:30)
	at org.junit.platform.engine.support.hierarchical.NodeTestTask.lambda$prepare$1(NodeTestTask.java:107)
	at org.junit.platform.engine.support.hierarchical.ThrowableCollector.execute(ThrowableCollector.java:73)
	at org.junit.platform.engine.support.hierarchical.NodeTestTask.prepare(NodeTestTask.java:107)
	at org.junit.platform.engine.support.hierarchical.NodeTestTask.execute(NodeTestTask.java:75)
	at org.junit.platform.engine.support.hierarchical.SameThreadHierarchicalTestExecutorService.submit(SameThreadHierarchicalTestExecutorService.java:32)
	at org.junit.platform.engine.support.hierarchical.HierarchicalTestExecutor.execute(HierarchicalTestExecutor.java:57)
	at org.junit.platform.engine.support.hierarchical.HierarchicalTestEngine.execute(HierarchicalTestEngine.java:51)
	at org.junit.platform.launcher.core.DefaultLauncher.execute(DefaultLauncher.java:170)
	at org.junit.platform.launcher.core.DefaultLauncher.execute(DefaultLauncher.java:154)
	at org.junit.platform.launcher.core.DefaultLauncher.execute(DefaultLauncher.java:90)
	at org.apache.maven.surefire.junitplatform.JUnitPlatformProvider.invokeAllTests(JUnitPlatformProvider.java:142)
	at org.apache.maven.surefire.junitplatform.JUnitPlatformProvider.invoke(JUnitPlatformProvider.java:117)
	at org.apache.maven.surefire.booter.ForkedBooter.invokeProviderInSameClassLoader(ForkedBooter.java:383)
	at org.apache.maven.surefire.booter.ForkedBooter.runSuitesInProcess(ForkedBooter.java:344)
	at org.apache.maven.surefire.booter.ForkedBooter.execute(ForkedBooter.java:125)
	at org.apache.maven.surefire.booter.ForkedBooter.main(ForkedBooter.java:417)
Caused by: java.io.IOException: Error while instrumenting javax/script/ScriptEngineManager.
	at org.jacoco.agent.rt.internal_43f5073.core.instr.Instrumenter.instrumentError(Instrumenter.java:159)
	at org.jacoco.agent.rt.internal_43f5073.core.instr.Instrumenter.instrument(Instrumenter.java:109)
	at org.jacoco.agent.rt.internal_43f5073.CoverageTransformer.transform(CoverageTransformer.java:92)
	... 44 more
Caused by: java.lang.IllegalArgumentException: Unsupported class file major version 61
	at org.jacoco.agent.rt.internal_43f5073.asm.ClassReader.<init>(ClassReader.java:195)
	at org.jacoco.agent.rt.internal_43f5073.asm.ClassReader.<init>(ClassReader.java:176)
	at org.jacoco.agent.rt.internal_43f5073.asm.ClassReader.<init>(ClassReader.java:162)
	at org.jacoco.agent.rt.internal_43f5073.core.internal.instr.InstrSupport.classReaderFor(InstrSupport.java:280)
	at org.jacoco.agent.rt.internal_43f5073.core.instr.Instrumenter.instrument(Instrumenter.java:75)
	at org.jacoco.agent.rt.internal_43f5073.core.instr.Instrumenter.instrument(Instrumenter.java:107)
	... 45 more
java.lang.instrument.IllegalClassFormatException: Error while instrumenting javax/script/ScriptEngineFactory.
	at org.jacoco.agent.rt.internal_43f5073.CoverageTransformer.transform(CoverageTransformer.java:94)
	at java.instrument/java.lang.instrument.ClassFileTransformer.transform(ClassFileTransformer.java:244)
	at java.instrument/sun.instrument.TransformerManager.transform(TransformerManager.java:188)
	at java.instrument/sun.instrument.InstrumentationImpl.transform(InstrumentationImpl.java:541)
	at java.base/java.lang.ClassLoader.defineClass2(Native Method)
	at java.base/java.lang.ClassLoader.defineClass(ClassLoader.java:1108)
	at java.base/java.security.SecureClassLoader.defineClass(SecureClassLoader.java:182)
	at java.base/jdk.internal.loader.BuiltinClassLoader.defineClass(BuiltinClassLoader.java:821)
	at java.base/jdk.internal.loader.BuiltinClassLoader.findClassInModuleOrNull(BuiltinClassLoader.java:741)
	at java.base/jdk.internal.loader.BuiltinClassLoader.loadClassOrNull(BuiltinClassLoader.java:665)
	at java.base/jdk.internal.loader.BuiltinClassLoader.loadClass(BuiltinClassLoader.java:639)
	at java.base/java.lang.ClassLoader.loadClass(ClassLoader.java:525)
	at java.scripting/javax.script.ScriptEngineManager.<clinit>(ScriptEngineManager.java:315)
	at org.junit.jupiter.engine.script.ScriptExecutionManager.<init>(ScriptExecutionManager.java:37)
	at org.junit.jupiter.engine.extension.ScriptExecutionEvaluator.<init>(ScriptExecutionEvaluator.java:42)
	at java.base/jdk.internal.reflect.NativeConstructorAccessorImpl.newInstance0(Native Method)
	at java.base/jdk.internal.reflect.NativeConstructorAccessorImpl.newInstance(NativeConstructorAccessorImpl.java:77)
	at java.base/jdk.internal.reflect.DelegatingConstructorAccessorImpl.newInstance(DelegatingConstructorAccessorImpl.java:45)
	at java.base/java.lang.reflect.Constructor.newInstanceWithCaller(Constructor.java:500)
	at java.base/java.lang.reflect.Constructor.newInstance(Constructor.java:481)
	at org.junit.jupiter.engine.extension.ScriptExecutionCondition$Evaluator.forName(ScriptExecutionCondition.java:153)
	at org.junit.jupiter.engine.extension.ScriptExecutionCondition$Evaluator.forName(ScriptExecutionCondition.java:133)
	at org.junit.jupiter.engine.extension.ScriptExecutionCondition.<init>(ScriptExecutionCondition.java:55)
	at org.junit.jupiter.engine.extension.ScriptExecutionCondition.<init>(ScriptExecutionCondition.java:50)
	at org.junit.jupiter.engine.extension.ExtensionRegistry.<clinit>(ExtensionRegistry.java:53)
	at org.junit.jupiter.engine.descriptor.JupiterEngineDescriptor.prepare(JupiterEngineDescriptor.java:52)
	at org.junit.jupiter.engine.descriptor.JupiterEngineDescriptor.prepare(JupiterEngineDescriptor.java:30)
	at org.junit.platform.engine.support.hierarchical.NodeTestTask.lambda$prepare$1(NodeTestTask.java:107)
	at org.junit.platform.engine.support.hierarchical.ThrowableCollector.execute(ThrowableCollector.java:73)
	at org.junit.platform.engine.support.hierarchical.NodeTestTask.prepare(NodeTestTask.java:107)
	at org.junit.platform.engine.support.hierarchical.NodeTestTask.execute(NodeTestTask.java:75)
	at org.junit.platform.engine.support.hierarchical.SameThreadHierarchicalTestExecutorService.submit(SameThreadHierarchicalTestExecutorService.java:32)
	at org.junit.platform.engine.support.hierarchical.HierarchicalTestExecutor.execute(HierarchicalTestExecutor.java:57)
	at org.junit.platform.engine.support.hierarchical.HierarchicalTestEngine.execute(HierarchicalTestEngine.java:51)
	at org.junit.platform.launcher.core.DefaultLauncher.execute(DefaultLauncher.java:170)
	at org.junit.platform.launcher.core.DefaultLauncher.execute(DefaultLauncher.java:154)
	at org.junit.platform.launcher.core.DefaultLauncher.execute(DefaultLauncher.java:90)
	at org.apache.maven.surefire.junitplatform.JUnitPlatformProvider.invokeAllTests(JUnitPlatformProvider.java:142)
	at org.apache.maven.surefire.junitplatform.JUnitPlatformProvider.invoke(JUnitPlatformProvider.java:117)
	at org.apache.maven.surefire.booter.ForkedBooter.invokeProviderInSameClassLoader(ForkedBooter.java:383)
	at org.apache.maven.surefire.booter.ForkedBooter.runSuitesInProcess(ForkedBooter.java:344)
	at org.apache.maven.surefire.booter.ForkedBooter.execute(ForkedBooter.java:125)
	at org.apache.maven.surefire.booter.ForkedBooter.main(ForkedBooter.java:417)
Caused by: java.io.IOException: Error while instrumenting javax/script/ScriptEngineFactory.
	at org.jacoco.agent.rt.internal_43f5073.core.instr.Instrumenter.instrumentError(Instrumenter.java:159)
	at org.jacoco.agent.rt.internal_43f5073.core.instr.Instrumenter.instrument(Instrumenter.java:109)
	at org.jacoco.agent.rt.internal_43f5073.CoverageTransformer.transform(CoverageTransformer.java:92)
	... 42 more
Caused by: java.lang.IllegalArgumentException: Unsupported class file major version 61
	at org.jacoco.agent.rt.internal_43f5073.asm.ClassReader.<init>(ClassReader.java:195)
	at org.jacoco.agent.rt.internal_43f5073.asm.ClassReader.<init>(ClassReader.java:176)
	at org.jacoco.agent.rt.internal_43f5073.asm.ClassReader.<init>(ClassReader.java:162)
	at org.jacoco.agent.rt.internal_43f5073.core.internal.instr.InstrSupport.classReaderFor(InstrSupport.java:280)
	at org.jacoco.agent.rt.internal_43f5073.core.instr.Instrumenter.instrument(Instrumenter.java:75)
	at org.jacoco.agent.rt.internal_43f5073.core.instr.Instrumenter.instrument(Instrumenter.java:107)
	... 43 more
java.lang.instrument.IllegalClassFormatException: Error while instrumenting javax/script/SimpleBindings.
	at org.jacoco.agent.rt.internal_43f5073.CoverageTransformer.transform(CoverageTransformer.java:94)
	at java.instrument/java.lang.instrument.ClassFileTransformer.transform(ClassFileTransformer.java:244)
	at java.instrument/sun.instrument.TransformerManager.transform(TransformerManager.java:188)
	at java.instrument/sun.instrument.InstrumentationImpl.transform(InstrumentationImpl.java:541)
	at java.base/java.lang.ClassLoader.defineClass2(Native Method)
	at java.base/java.lang.ClassLoader.defineClass(ClassLoader.java:1108)
	at java.base/java.security.SecureClassLoader.defineClass(SecureClassLoader.java:182)
	at java.base/jdk.internal.loader.BuiltinClassLoader.defineClass(BuiltinClassLoader.java:821)
	at java.base/jdk.internal.loader.BuiltinClassLoader.findClassInModuleOrNull(BuiltinClassLoader.java:741)
	at java.base/jdk.internal.loader.BuiltinClassLoader.loadClassOrNull(BuiltinClassLoader.java:665)
	at java.base/jdk.internal.loader.BuiltinClassLoader.loadClass(BuiltinClassLoader.java:639)
	at java.base/java.lang.ClassLoader.loadClass(ClassLoader.java:525)
	at java.scripting/javax.script.ScriptEngineManager.<init>(ScriptEngineManager.java:333)
	at java.scripting/javax.script.ScriptEngineManager.<init>(ScriptEngineManager.java:63)
	at org.junit.jupiter.engine.script.ScriptExecutionManager.<init>(ScriptExecutionManager.java:37)
	at org.junit.jupiter.engine.extension.ScriptExecutionEvaluator.<init>(ScriptExecutionEvaluator.java:42)
	at java.base/jdk.internal.reflect.NativeConstructorAccessorImpl.newInstance0(Native Method)
	at java.base/jdk.internal.reflect.NativeConstructorAccessorImpl.newInstance(NativeConstructorAccessorImpl.java:77)
	at java.base/jdk.internal.reflect.DelegatingConstructorAccessorImpl.newInstance(DelegatingConstructorAccessorImpl.java:45)
	at java.base/java.lang.reflect.Constructor.newInstanceWithCaller(Constructor.java:500)
	at java.base/java.lang.reflect.Constructor.newInstance(Constructor.java:481)
	at org.junit.jupiter.engine.extension.ScriptExecutionCondition$Evaluator.forName(ScriptExecutionCondition.java:153)
	at org.junit.jupiter.engine.extension.ScriptExecutionCondition$Evaluator.forName(ScriptExecutionCondition.java:133)
	at org.junit.jupiter.engine.extension.ScriptExecutionCondition.<init>(ScriptExecutionCondition.java:55)
	at org.junit.jupiter.engine.extension.ScriptExecutionCondition.<init>(ScriptExecutionCondition.java:50)
	at org.junit.jupiter.engine.extension.ExtensionRegistry.<clinit>(ExtensionRegistry.java:53)
	at org.junit.jupiter.engine.descriptor.JupiterEngineDescriptor.prepare(JupiterEngineDescriptor.java:52)
	at org.junit.jupiter.engine.descriptor.JupiterEngineDescriptor.prepare(JupiterEngineDescriptor.java:30)
	at org.junit.platform.engine.support.hierarchical.NodeTestTask.lambda$prepare$1(NodeTestTask.java:107)
	at org.junit.platform.engine.support.hierarchical.ThrowableCollector.execute(ThrowableCollector.java:73)
	at org.junit.platform.engine.support.hierarchical.NodeTestTask.prepare(NodeTestTask.java:107)
	at org.junit.platform.engine.support.hierarchical.NodeTestTask.execute(NodeTestTask.java:75)
	at org.junit.platform.engine.support.hierarchical.SameThreadHierarchicalTestExecutorService.submit(SameThreadHierarchicalTestExecutorService.java:32)
	at org.junit.platform.engine.support.hierarchical.HierarchicalTestExecutor.execute(HierarchicalTestExecutor.java:57)
	at org.junit.platform.engine.support.hierarchical.HierarchicalTestEngine.execute(HierarchicalTestEngine.java:51)
	at org.junit.platform.launcher.core.DefaultLauncher.execute(DefaultLauncher.java:170)
	at org.junit.platform.launcher.core.DefaultLauncher.execute(DefaultLauncher.java:154)
	at org.junit.platform.launcher.core.DefaultLauncher.execute(DefaultLauncher.java:90)
	at org.apache.maven.surefire.junitplatform.JUnitPlatformProvider.invokeAllTests(JUnitPlatformProvider.java:142)
	at org.apache.maven.surefire.junitplatform.JUnitPlatformProvider.invoke(JUnitPlatformProvider.java:117)
	at org.apache.maven.surefire.booter.ForkedBooter.invokeProviderInSameClassLoader(ForkedBooter.java:383)
	at org.apache.maven.surefire.booter.ForkedBooter.runSuitesInProcess(ForkedBooter.java:344)
	at org.apache.maven.surefire.booter.ForkedBooter.execute(ForkedBooter.java:125)
	at org.apache.maven.surefire.booter.ForkedBooter.main(ForkedBooter.java:417)
Caused by: java.io.IOException: Error while instrumenting javax/script/SimpleBindings.
	at org.jacoco.agent.rt.internal_43f5073.core.instr.Instrumenter.instrumentError(Instrumenter.java:159)
	at org.jacoco.agent.rt.internal_43f5073.core.instr.Instrumenter.instrument(Instrumenter.java:109)
	at org.jacoco.agent.rt.internal_43f5073.CoverageTransformer.transform(CoverageTransformer.java:92)
	... 43 more
Caused by: java.lang.IllegalArgumentException: Unsupported class file major version 61
	at org.jacoco.agent.rt.internal_43f5073.asm.ClassReader.<init>(ClassReader.java:195)
	at org.jacoco.agent.rt.internal_43f5073.asm.ClassReader.<init>(ClassReader.java:176)
	at org.jacoco.agent.rt.internal_43f5073.asm.ClassReader.<init>(ClassReader.java:162)
	at org.jacoco.agent.rt.internal_43f5073.core.internal.instr.InstrSupport.classReaderFor(InstrSupport.java:280)
	at org.jacoco.agent.rt.internal_43f5073.core.instr.Instrumenter.instrument(Instrumenter.java:75)
	at org.jacoco.agent.rt.internal_43f5073.core.instr.Instrumenter.instrument(Instrumenter.java:107)
	... 44 more
[Thread-0] INFO org.eclipse.jetty.util.log - Logging initialized @695ms to org.eclipse.jetty.util.log.Slf4jLog
[Thread-0] INFO spark.embeddedserver.jetty.EmbeddedJettyServer - == Spark has ignited ...
[Thread-0] INFO spark.embeddedserver.jetty.EmbeddedJettyServer - >> Listening on 0.0.0.0:4567
[Thread-0] INFO org.eclipse.jetty.server.Server - jetty-9.4.31.v20200723; built: 2020-07-23T17:57:36.812Z; git: 450ba27947e13e66baa8cd1ce7e85a4461cacc1d; jvm 17.0.17+10-Ubuntu-124.04
[Thread-0] INFO org.eclipse.jetty.server.session - DefaultSessionIdManager workerName=node0
[Thread-0] INFO org.eclipse.jetty.server.session - No SessionScavenger set, using defaults
[Thread-0] INFO org.eclipse.jetty.server.session - node0 Scavenging every 600000ms
2026-02-19 15:24:37.137:INFO:oejs.Server:jetty-8.1.9.v20130131
2026-02-19 15:24:37.153:INFO:oejs.AbstractConnector:Started SelectChannelConnector@0.0.0.0:43415
2026-02-19 15:24:37.153:INFO:oejs.Server:jetty-8.1.9.v20130131
[Thread-0] INFO org.eclipse.jetty.server.AbstractConnector - Started ServerConnector@33b2fcdc{HTTP/1.1, (http/1.1)}{0.0.0.0:4567}
[Thread-0] INFO org.eclipse.jetty.server.Server - Started @872ms
2026-02-19 15:24:37.190:INFO:oejs.AbstractConnector:Started SelectChannelConnector@0.0.0.0:43249
[Thread-18] INFO spark.embeddedserver.jetty.EmbeddedJettyServer - >>> Spark shutting down ...
2026-02-19 15:24:37.446:INFO:oejs.Server:jetty-8.1.9.v20130131
2026-02-19 15:24:37.460:INFO:oejs.AbstractConnector:Started SelectChannelConnector@0.0.0.0:36945
2026-02-19 15:24:37.460:INFO:oejs.Server:jetty-8.1.9.v20130131
2026-02-19 15:24:37.473:INFO:oejs.AbstractConnector:Started SelectChannelConnector@0.0.0.0:33381
java.lang.instrument.IllegalClassFormatException: Error while instrumenting javax/script/ScriptEngine.
	at org.jacoco.agent.rt.internal_43f5073.CoverageTransformer.transform(CoverageTransformer.java:94)
	at java.instrument/java.lang.instrument.ClassFileTransformer.transform(ClassFileTransformer.java:244)
	at java.instrument/sun.instrument.TransformerManager.transform(TransformerManager.java:188)
	at java.instrument/sun.instrument.InstrumentationImpl.transform(InstrumentationImpl.java:541)
	at java.base/java.lang.ClassLoader.defineClass2(Native Method)
	at java.base/java.lang.ClassLoader.defineClass(ClassLoader.java:1108)
	at java.base/java.security.SecureClassLoader.defineClass(SecureClassLoader.java:182)
	at java.base/jdk.internal.loader.BuiltinClassLoader.defineClass(BuiltinClassLoader.java:821)
	at java.base/jdk.internal.loader.BuiltinClassLoader.findClassInModuleOrNull(BuiltinClassLoader.java:741)
	at java.base/jdk.internal.loader.BuiltinClassLoader.loadClassOrNull(BuiltinClassLoader.java:665)
	at java.base/jdk.internal.loader.BuiltinClassLoader.loadClassOrNull(BuiltinClassLoader.java:700)
	at java.base/jdk.internal.loader.BuiltinClassLoader.loadClassOrNull(BuiltinClassLoader.java:669)
	at java.base/jdk.internal.loader.BuiltinClassLoader.loadClass(BuiltinClassLoader.java:639)
	at java.base/jdk.internal.loader.ClassLoaders$AppClassLoader.loadClass(ClassLoaders.java:188)
	at java.base/java.lang.ClassLoader.loadClass(ClassLoader.java:525)
	at java.base/java.lang.Class.forName0(Native Method)
	at java.base/java.lang.Class.forName(Class.java:377)
	at org.junit.jupiter.engine.extension.ScriptExecutionCondition$Evaluator.forName(ScriptExecutionCondition.java:139)
	at org.junit.jupiter.engine.extension.ScriptExecutionCondition$Evaluator.forName(ScriptExecutionCondition.java:133)
	at org.junit.jupiter.engine.extension.ScriptExecutionCondition.<init>(ScriptExecutionCondition.java:55)
	at org.junit.jupiter.engine.extension.ScriptExecutionCondition.<init>(ScriptExecutionCondition.java:50)
	at org.junit.jupiter.engine.extension.ExtensionRegistry.<clinit>(ExtensionRegistry.java:53)
	at org.junit.jupiter.engine.descriptor.JupiterEngineDescriptor.prepare(JupiterEngineDescriptor.java:52)
	at org.junit.jupiter.engine.descriptor.JupiterEngineDescriptor.prepare(JupiterEngineDescriptor.java:30)
	at org.junit.platform.engine.support.hierarchical.NodeTestTask.lambda$prepare$1(NodeTestTask.java:107)
	at org.junit.platform.engine.support.hierarchical.ThrowableCollector.execute(ThrowableCollector.java:73)
	at org.junit.platform.engine.support.hierarchical.NodeTestTask.prepare(NodeTestTask.java:107)
	at org.junit.platform.engine.support.hierarchical.NodeTestTask.execute(NodeTestTask.java:75)
	at org.junit.platform.engine.support.hierarchical.SameThreadHierarchicalTestExecutorService.submit(SameThreadHierarchicalTestExecutorService.java:32)
	at org.junit.platform.engine.support.hierarchical.HierarchicalTestExecutor.execute(HierarchicalTestExecutor.java:57)
	at org.junit.platform.engine.support.hierarchical.HierarchicalTestEngine.execute(HierarchicalTestEngine.java:51)
	at org.junit.platform.launcher.core.DefaultLauncher.execute(DefaultLauncher.java:170)
	at org.junit.platform.launcher.core.DefaultLauncher.execute(DefaultLauncher.java:154)
	at org.junit.platform.launcher.core.DefaultLauncher.execute(DefaultLauncher.java:90)
	at org.apache.maven.surefire.junitplatform.JUnitPlatformProvider.invokeAllTests(JUnitPlatformProvider.java:142)
	at org.apache.maven.surefire.junitplatform.JUnitPlatformProvider.invoke(JUnitPlatformProvider.java:117)
	at org.apache.maven.surefire.booter.ForkedBooter.invokeProviderInSameClassLoader(ForkedBooter.java:383)
	at org.apache.maven.surefire.booter.ForkedBooter.runSuitesInProcess(ForkedBooter.java:344)
	at org.apache.maven.surefire.booter.ForkedBooter.execute(ForkedBooter.java:125)
	at org.apache.maven.surefire.booter.ForkedBooter.main(ForkedBooter.java:417)
Caused by: java.io.IOException: Error while instrumenting javax/script/ScriptEngine.
	at org.jacoco.agent.rt.internal_43f5073.core.instr.Instrumenter.instrumentError(Instrumenter.java:159)
	at org.jacoco.agent.rt.internal_43f5073.core.instr.Instrumenter.instrument(Instrumenter.java:109)
	at org.jacoco.agent.rt.internal_43f5073.CoverageTransformer.transform(CoverageTransformer.java:92)
	... 39 more
Caused by: java.lang.IllegalArgumentException: Unsupported class file major version 61
	at org.jacoco.agent.rt.internal_43f5073.asm.ClassReader.<init>(ClassReader.java:195)
	at org.jacoco.agent.rt.internal_43f5073.asm.ClassReader.<init>(ClassReader.java:176)
	at org.jacoco.agent.rt.internal_43f5073.asm.ClassReader.<init>(ClassReader.java:162)
	at org.jacoco.agent.rt.internal_43f5073.core.internal.instr.InstrSupport.classReaderFor(InstrSupport.java:280)
	at org.jacoco.agent.rt.internal_43f5073.core.instr.Instrumenter.instrument(Instrumenter.java:75)
	at org.jacoco.agent.rt.internal_43f5073.core.instr.Instrumenter.instrument(Instrumenter.java:107)
	... 40 more
java.lang.instrument.IllegalClassFormatException: Error while instrumenting javax/script/ScriptException.
	at org.jacoco.agent.rt.internal_43f5073.CoverageTransformer.transform(CoverageTransformer.java:94)
	at java.instrument/java.lang.instrument.ClassFileTransformer.transform(ClassFileTransformer.java:244)
	at java.instrument/sun.instrument.TransformerManager.transform(TransformerManager.java:188)
	at java.instrument/sun.instrument.InstrumentationImpl.transform(InstrumentationImpl.java:541)
	at java.base/java.lang.ClassLoader.defineClass2(Native Method)
	at java.base/java.lang.ClassLoader.defineClass(ClassLoader.java:1108)
	at java.base/java.security.SecureClassLoader.defineClass(SecureClassLoader.java:182)
	at java.base/jdk.internal.loader.BuiltinClassLoader.defineClass(BuiltinClassLoader.java:821)
	at java.base/jdk.internal.loader.BuiltinClassLoader.findClassInModuleOrNull(BuiltinClassLoader.java:741)
	at java.base/jdk.internal.loader.BuiltinClassLoader.loadClassOrNull(BuiltinClassLoader.java:665)
	at java.base/jdk.internal.loader.BuiltinClassLoader.loadClassOrNull(BuiltinClassLoader.java:700)
	at java.base/jdk.internal.loader.BuiltinClassLoader.loadClassOrNull(BuiltinClassLoader.java:669)
	at java.base/jdk.internal.loader.BuiltinClassLoader.loadClass(BuiltinClassLoader.java:639)
	at java.base/jdk.internal.loader.ClassLoaders$AppClassLoader.loadClass(ClassLoaders.java:188)
	at java.base/java.lang.ClassLoader.loadClass(ClassLoader.java:525)
	at java.base/java.lang.Class.forName0(Native Method)
	at java.base/java.lang.Class.forName(Class.java:377)
	at org.junit.jupiter.engine.extension.ScriptExecutionCondition$Evaluator.forName(ScriptExecutionCondition.java:153)
	at org.junit.jupiter.engine.extension.ScriptExecutionCondition$Evaluator.forName(ScriptExecutionCondition.java:133)
	at org.junit.jupiter.engine.extension.ScriptExecutionCondition.<init>(ScriptExecutionCondition.java:55)
	at org.junit.jupiter.engine.extension.ScriptExecutionCondition.<init>(ScriptExecutionCondition.java:50)
	at org.junit.jupiter.engine.extension.ExtensionRegistry.<clinit>(ExtensionRegistry.java:53)
	at org.junit.jupiter.engine.descriptor.JupiterEngineDescriptor.prepare(JupiterEngineDescriptor.java:52)
	at org.junit.jupiter.engine.descriptor.JupiterEngineDescriptor.prepare(JupiterEngineDescriptor.java:30)
	at org.junit.platform.engine.support.hierarchical.NodeTestTask.lambda$prepare$1(NodeTestTask.java:107)
	at org.junit.platform.engine.support.hierarchical.ThrowableCollector.execute(ThrowableCollector.java:73)
	at org.junit.platform.engine.support.hierarchical.NodeTestTask.prepare(NodeTestTask.java:107)
	at org.junit.platform.engine.support.hierarchical.NodeTestTask.execute(NodeTestTask.java:75)
	at org.junit.platform.engine.support.hierarchical.SameThreadHierarchicalTestExecutorService.submit(SameThreadHierarchicalTestExecutorService.java:32)
	at org.junit.platform.engine.support.hierarchical.HierarchicalTestExecutor.execute(HierarchicalTestExecutor.java:57)
	at org.junit.platform.engine.support.hierarchical.HierarchicalTestEngine.execute(HierarchicalTestEngine.java:51)
	at org.junit.platform.launcher.core.DefaultLauncher.execute(DefaultLauncher.java:170)
	at org.junit.platform.launcher.core.DefaultLauncher.execute(DefaultLauncher.java:154)
	at org.junit.platform.launcher.core.DefaultLauncher.execute(DefaultLauncher.java:90)
	at org.apache.maven.surefire.junitplatform.JUnitPlatformProvider.invokeAllTests(JUnitPlatformProvider.java:142)
	at org.apache.maven.surefire.junitplatform.JUnitPlatformProvider.invoke(JUnitPlatformProvider.java:117)
	at org.apache.maven.surefire.booter.ForkedBooter.invokeProviderInSameClassLoader(ForkedBooter.java:383)
	at org.apache.maven.surefire.booter.ForkedBooter.runSuitesInProcess(ForkedBooter.java:344)
	at org.apache.maven.surefire.booter.ForkedBooter.execute(ForkedBooter.java:125)
	at org.apache.maven.surefire.booter.ForkedBooter.main(ForkedBooter.java:417)
Caused by: java.io.IOException: Error while instrumenting javax/script/ScriptException.
	at org.jacoco.agent.rt.internal_43f5073.core.instr.Instrumenter.instrumentError(Instrumenter.java:159)
	at org.jacoco.agent.rt.internal_43f5073.core.instr.Instrumenter.instrument(Instrumenter.java:109)
	at org.jacoco.agent.rt.internal_43f5073.CoverageTransformer.transform(CoverageTransformer.java:92)
	... 39 more
Caused by: java.lang.IllegalArgumentException: Unsupported class file major version 61
	at org.jacoco.agent.rt.internal_43f5073.asm.ClassReader.<init>(ClassReader.java:195)
	at org.jacoco.agent.rt.internal_43f5073.asm.ClassReader.<init>(ClassReader.java:176)
	at org.jacoco.agent.rt.internal_43f5073.asm.ClassReader.<init>(ClassReader.java:162)
	at org.jacoco.agent.rt.internal_43f5073.core.internal.instr.InstrSupport.classReaderFor(InstrSupport.java:280)
	at org.jacoco.agent.rt.internal_43f5073.core.instr.Instrumenter.instrument(Instrumenter.java:75)
	at org.jacoco.agent.rt.internal_43f5073.core.instr.Instrumenter.instrument(Instrumenter.java:107)
	... 40 more
java.lang.instrument.IllegalClassFormatException: Error while instrumenting javax/script/Bindings.
	at org.jacoco.agent.rt.internal_43f5073.CoverageTransformer.transform(CoverageTransformer.java:94)
	at java.instrument/java.lang.instrument.ClassFileTransformer.transform(ClassFileTransformer.java:244)
	at java.instrument/sun.instrument.TransformerManager.transform(TransformerManager.java:188)
	at java.instrument/sun.instrument.InstrumentationImpl.transform(InstrumentationImpl.java:541)
	at java.base/java.lang.ClassLoader.defineClass2(Native Method)
	at java.base/java.lang.ClassLoader.defineClass(ClassLoader.java:1108)
	at java.base/java.security.SecureClassLoader.defineClass(SecureClassLoader.java:182)
	at java.base/jdk.internal.loader.BuiltinClassLoader.defineClass(BuiltinClassLoader.java:821)
	at java.base/jdk.internal.loader.BuiltinClassLoader.findClassInModuleOrNull(BuiltinClassLoader.java:741)
	at java.base/jdk.internal.loader.BuiltinClassLoader.loadClassOrNull(BuiltinClassLoader.java:665)
	at java.base/jdk.internal.loader.BuiltinClassLoader.loadClassOrNull(BuiltinClassLoader.java:700)
	at java.base/jdk.internal.loader.BuiltinClassLoader.loadClassOrNull(BuiltinClassLoader.java:669)
	at java.base/jdk.internal.loader.BuiltinClassLoader.loadClass(BuiltinClassLoader.java:639)
	at java.base/jdk.internal.loader.ClassLoaders$AppClassLoader.loadClass(ClassLoaders.java:188)
	at java.base/java.lang.ClassLoader.loadClass(ClassLoader.java:525)
	at java.base/java.lang.Class.forName0(Native Method)
	at java.base/java.lang.Class.forName(Class.java:377)
	at org.junit.jupiter.engine.extension.ScriptExecutionCondition$Evaluator.forName(ScriptExecutionCondition.java:153)
	at org.junit.jupiter.engine.extension.ScriptExecutionCondition$Evaluator.forName(ScriptExecutionCondition.java:133)
	at org.junit.jupiter.engine.extension.ScriptExecutionCondition.<init>(ScriptExecutionCondition.java:55)
	at org.junit.jupiter.engine.extension.ScriptExecutionCondition.<init>(ScriptExecutionCondition.java:50)
	at org.junit.jupiter.engine.extension.ExtensionRegistry.<clinit>(ExtensionRegistry.java:53)
	at org.junit.jupiter.engine.descriptor.JupiterEngineDescriptor.prepare(JupiterEngineDescriptor.java:52)
	at org.junit.jupiter.engine.descriptor.JupiterEngineDescriptor.prepare(JupiterEngineDescriptor.java:30)
	at org.junit.platform.engine.support.hierarchical.NodeTestTask.lambda$prepare$1(NodeTestTask.java:107)
	at org.junit.platform.engine.support.hierarchical.ThrowableCollector.execute(ThrowableCollector.java:73)
	at org.junit.platform.engine.support.hierarchical.NodeTestTask.prepare(NodeTestTask.java:107)
	at org.junit.platform.engine.support.hierarchical.NodeTestTask.execute(NodeTestTask.java:75)
	at org.junit.platform.engine.support.hierarchical.SameThreadHierarchicalTestExecutorService.submit(SameThreadHierarchicalTestExecutorService.java:32)
	at org.junit.platform.engine.support.hierarchical.HierarchicalTestExecutor.execute(HierarchicalTestExecutor.java:57)
	at org.junit.platform.engine.support.hierarchical.HierarchicalTestEngine.execute(HierarchicalTestEngine.java:51)
	at org.junit.platform.launcher.core.DefaultLauncher.execute(DefaultLauncher.java:170)
	at org.junit.platform.launcher.core.DefaultLauncher.execute(DefaultLauncher.java:154)
	at org.junit.platform.launcher.core.DefaultLauncher.execute(DefaultLauncher.java:90)
	at org.apache.maven.surefire.junitplatform.JUnitPlatformProvider.invokeAllTests(JUnitPlatformProvider.java:142)
	at org.apache.maven.surefire.junitplatform.JUnitPlatformProvider.invoke(JUnitPlatformProvider.java:117)
	at org.apache.maven.surefire.booter.ForkedBooter.invokeProviderInSameClassLoader(ForkedBooter.java:383)
	at org.apache.maven.surefire.booter.ForkedBooter.runSuitesInProcess(ForkedBooter.java:344)
	at org.apache.maven.surefire.booter.ForkedBooter.execute(ForkedBooter.java:125)
	at org.apache.maven.surefire.booter.ForkedBooter.main(ForkedBooter.java:417)
Caused by: java.io.IOException: Error while instrumenting javax/script/Bindings.
	at org.jacoco.agent.rt.internal_43f5073.core.instr.Instrumenter.instrumentError(Instrumenter.java:159)
	at org.jacoco.agent.rt.internal_43f5073.core.instr.Instrumenter.instrument(Instrumenter.java:109)
	at org.jacoco.agent.rt.internal_43f5073.CoverageTransformer.transform(CoverageTransformer.java:92)
	... 39 more
Caused by: java.lang.IllegalArgumentException: Unsupported class file major version 61
	at org.jacoco.agent.rt.internal_43f5073.asm.ClassReader.<init>(ClassReader.java:195)
	at org.jacoco.agent.rt.internal_43f5073.asm.ClassReader.<init>(ClassReader.java:176)
	at org.jacoco.agent.rt.internal_43f5073.asm.ClassReader.<init>(ClassReader.java:162)
	at org.jacoco.agent.rt.internal_43f5073.core.internal.instr.InstrSupport.classReaderFor(InstrSupport.java:280)
	at org.jacoco.agent.rt.internal_43f5073.core.instr.Instrumenter.instrument(Instrumenter.java:75)
	at org.jacoco.agent.rt.internal_43f5073.core.instr.Instrumenter.instrument(Instrumenter.java:107)
	... 40 more
java.lang.instrument.IllegalClassFormatException: Error while instrumenting javax/script/ScriptEngineManager.
	at org.jacoco.agent.rt.internal_43f5073.CoverageTransformer.transform(CoverageTransformer.java:94)
	at java.instrument/java.lang.instrument.ClassFileTransformer.transform(ClassFileTransformer.java:244)
	at java.instrument/sun.instrument.TransformerManager.transform(TransformerManager.java:188)
	at java.instrument/sun.instrument.InstrumentationImpl.transform(InstrumentationImpl.java:541)
	at java.base/java.lang.ClassLoader.defineClass2(Native Method)
	at java.base/java.lang.ClassLoader.defineClass(ClassLoader.java:1108)
	at java.base/java.security.SecureClassLoader.defineClass(SecureClassLoader.java:182)
	at java.base/jdk.internal.loader.BuiltinClassLoader.defineClass(BuiltinClassLoader.java:821)
	at java.base/jdk.internal.loader.BuiltinClassLoader.findClassInModuleOrNull(BuiltinClassLoader.java:741)
	at java.base/jdk.internal.loader.BuiltinClassLoader.loadClassOrNull(BuiltinClassLoader.java:665)
	at java.base/jdk.internal.loader.BuiltinClassLoader.loadClassOrNull(BuiltinClassLoader.java:700)
	at java.base/jdk.internal.loader.BuiltinClassLoader.loadClassOrNull(BuiltinClassLoader.java:669)
	at java.base/jdk.internal.loader.BuiltinClassLoader.loadClass(BuiltinClassLoader.java:639)
	at java.base/jdk.internal.loader.ClassLoaders$AppClassLoader.loadClass(ClassLoaders.java:188)
	at java.base/java.lang.ClassLoader.loadClass(ClassLoader.java:525)
	at org.junit.jupiter.engine.script.ScriptExecutionManager.<init>(ScriptExecutionManager.java:37)
	at org.junit.jupiter.engine.extension.ScriptExecutionEvaluator.<init>(ScriptExecutionEvaluator.java:42)
	at java.base/jdk.internal.reflect.NativeConstructorAccessorImpl.newInstance0(Native Method)
	at java.base/jdk.internal.reflect.NativeConstructorAccessorImpl.newInstance(NativeConstructorAccessorImpl.java:77)
	at java.base/jdk.internal.reflect.DelegatingConstructorAccessorImpl.newInstance(DelegatingConstructorAccessorImpl.java:45)
	at java.base/java.lang.reflect.Constructor.newInstanceWithCaller(Constructor.java:500)
	at java.base/java.lang.reflect.Constructor.newInstance(Constructor.java:481)
	at org.junit.jupiter.engine.extension.ScriptExecutionCondition$Evaluator.forName(ScriptExecutionCondition.java:153)
	at org.junit.jupiter.engine.extension.ScriptExecutionCondition$Evaluator.forName(ScriptExecutionCondition.java:133)
	at org.junit.jupiter.engine.extension.ScriptExecutionCondition.<init>(ScriptExecutionCondition.java:55)
	at org.junit.jupiter.engine.extension.ScriptExecutionCondition.<init>(ScriptExecutionCondition.java:50)
	at org.junit.jupiter.engine.extension.ExtensionRegistry.<clinit>(ExtensionRegistry.java:53)
	at org.junit.jupiter.engine.descriptor.JupiterEngineDescriptor.prepare(JupiterEngineDescriptor.java:52)
	at org.junit.jupiter.engine.descriptor.JupiterEngineDescriptor.prepare(JupiterEngineDescriptor.java:30)
	at org.junit.platform.engine.support.hierarchical.NodeTestTask.lambda$prepare$1(NodeTestTask.java:107)
	at org.junit.platform.engine.support.hierarchical.ThrowableCollector.execute(ThrowableCollector.java:73)
	at org.junit.platform.engine.support.hierarchical.NodeTestTask.prepare(NodeTestTask.java:107)
	at org.junit.platform.engine.support.hierarchical.NodeTestTask.execute(NodeTestTask.java:75)
	at org.junit.platform.engine.support.hierarchical.SameThreadHierarchicalTestExecutorService.submit(SameThreadHierarchicalTestExecutorService.java:32)
	at org.junit.platform.engine.support.hierarchical.HierarchicalTestExecutor.execute(HierarchicalTestExecutor.java:57)
	at org.junit.platform.engine.support.hierarchical.HierarchicalTestEngine.execute(HierarchicalTestEngine.java:51)
	at org.junit.platform.launcher.core.DefaultLauncher.execute(DefaultLauncher.java:170)
	at org.junit.platform.launcher.core.DefaultLauncher.execute(DefaultLauncher.java:154)
	at org.junit.platform.launcher.core.DefaultLauncher.execute(DefaultLauncher.java:90)
	at org.apache.maven.surefire.junitplatform.JUnitPlatformProvider.invokeAllTests(JUnitPlatformProvider.java:142)
	at org.apache.maven.surefire.junitplatform.JUnitPlatformProvider.invoke(JUnitPlatformProvider.java:117)
	at org.apache.maven.surefire.booter.ForkedBooter.invokeProviderInSameClassLoader(ForkedBooter.java:383)
	at org.apache.maven.surefire.booter.ForkedBooter.runSuitesInProcess(ForkedBooter.java:344)
	at org.apache.maven.surefire.booter.ForkedBooter.execute(ForkedBooter.java:125)
	at org.apache.maven.surefire.booter.ForkedBooter.main(ForkedBooter.java:417)
Caused by: java.io.IOException: Error while instrumenting javax/script/ScriptEngineManager.
	at org.jacoco.agent.rt.internal_43f5073.core.instr.Instrumenter.instrumentError(Instrumenter.java:159)
	at org.jacoco.agent.rt.internal_43f5073.core.instr.Instrumenter.instrument(Instrumenter.java:109)
	at org.jacoco.agent.rt.internal_43f5073.CoverageTransformer.transform(CoverageTransformer.java:92)
	... 44 more
Caused by: java.lang.IllegalArgumentException: Unsupported class file major version 61
	at org.jacoco.agent.rt.internal_43f5073.asm.ClassReader.<init>(ClassReader.java:195)
	at org.jacoco.agent.rt.internal_43f5073.asm.ClassReader.<init>(ClassReader.java:176)
	at org.jacoco.agent.rt.internal_43f5073.asm.ClassReader.<init>(ClassReader.java:162)
	at org.jacoco.agent.rt.internal_43f5073.core.internal.instr.InstrSupport.classReaderFor(InstrSupport.java:280)
	at org.jacoco.agent.rt.internal_43f5073.core.instr.Instrumenter.instrument(Instrumenter.java:75)
	at org.jacoco.agent.rt.internal_43f5073.core.instr.Instrumenter.instrument(Instrumenter.java:107)
	... 45 more
java.lang.instrument.IllegalClassFormatException: Error while instrumenting javax/script/ScriptEngineFactory.
	at org.jacoco.agent.rt.internal_43f5073.CoverageTransformer.transform(CoverageTransformer.java:94)
	at java.instrument/java.lang.instrument.ClassFileTransformer.transform(ClassFileTransformer.java:244)
	at java.instrument/sun.instrument.TransformerManager.transform(TransformerManager.java:188)
	at java.instrument/sun.instrument.InstrumentationImpl.transform(InstrumentationImpl.java:541)
	at java.base/java.lang.ClassLoader.defineClass2(Native Method)
	at java.base/java.lang.ClassLoader.defineClass(ClassLoader.java:1108)
	at java.base/java.security.SecureClassLoader.defineClass(SecureClassLoader.java:182)
	at java.base/jdk.internal.loader.BuiltinClassLoader.defineClass(BuiltinClassLoader.java:821)
	at java.base/jdk.internal.loader.BuiltinClassLoader.findClassInModuleOrNull(BuiltinClassLoader.java:741)
	at java.base/jdk.internal.loader.BuiltinClassLoader.loadClassOrNull(BuiltinClassLoader.java:665)
	at java.base/jdk.internal.loader.BuiltinClassLoader.loadClass(BuiltinClassLoader.java:639)
	at java.base/java.lang.ClassLoader.loadClass(ClassLoader.java:525)
	at java.scripting/javax.script.ScriptEngineManager.<clinit>(ScriptEngineManager.java:315)
	at org.junit.jupiter.engine.script.ScriptExecutionManager.<init>(ScriptExecutionManager.java:37)
	at org.junit.jupiter.engine.extension.ScriptExecutionEvaluator.<init>(ScriptExecutionEvaluator.java:42)
	at java.base/jdk.internal.reflect.NativeConstructorAccessorImpl.newInstance0(Native Method)
	at java.base/jdk.internal.reflect.NativeConstructorAccessorImpl.newInstance(NativeConstructorAccessorImpl.java:77)
	at java.base/jdk.internal.reflect.DelegatingConstructorAccessorImpl.newInstance(DelegatingConstructorAccessorImpl.java:45)
	at java.base/java.lang.reflect.Constructor.newInstanceWithCaller(Constructor.java:500)
	at java.base/java.lang.reflect.Constructor.newInstance(Constructor.java:481)
	at org.junit.jupiter.engine.extension.ScriptExecutionCondition$Evaluator.forName(ScriptExecutionCondition.java:153)
	at org.junit.jupiter.engine.extension.ScriptExecutionCondition$Evaluator.forName(ScriptExecutionCondition.java:133)
	at org.junit.jupiter.engine.extension.ScriptExecutionCondition.<init>(ScriptExecutionCondition.java:55)
	at org.junit.jupiter.engine.extension.ScriptExecutionCondition.<init>(ScriptExecutionCondition.java:50)
	at org.junit.jupiter.engine.extension.ExtensionRegistry.<clinit>(ExtensionRegistry.java:53)
	at org.junit.jupiter.engine.descriptor.JupiterEngineDescriptor.prepare(JupiterEngineDescriptor.java:52)
	at org.junit.jupiter.engine.descriptor.JupiterEngineDescriptor.prepare(JupiterEngineDescriptor.java:30)
	at org.junit.platform.engine.support.hierarchical.NodeTestTask.lambda$prepare$1(NodeTestTask.java:107)
	at org.junit.platform.engine.support.hierarchical.ThrowableCollector.execute(ThrowableCollector.java:73)
	at org.junit.platform.engine.support.hierarchical.NodeTestTask.prepare(NodeTestTask.java:107)
	at org.junit.platform.engine.support.hierarchical.NodeTestTask.execute(NodeTestTask.java:75)
	at org.junit.platform.engine.support.hierarchical.SameThreadHierarchicalTestExecutorService.submit(SameThreadHierarchicalTestExecutorService.java:32)
	at org.junit.platform.engine.support.hierarchical.HierarchicalTestExecutor.execute(HierarchicalTestExecutor.java:57)
	at org.junit.platform.engine.support.hierarchical.HierarchicalTestEngine.execute(HierarchicalTestEngine.java:51)
	at org.junit.platform.launcher.core.DefaultLauncher.execute(DefaultLauncher.java:170)
	at org.junit.platform.launcher.core.DefaultLauncher.execute(DefaultLauncher.java:154)
	at org.junit.platform.launcher.core.DefaultLauncher.execute(DefaultLauncher.java:90)
	at org.apache.maven.surefire.junitplatform.JUnitPlatformProvider.invokeAllTests(JUnitPlatformProvider.java:142)
	at org.apache.maven.surefire.junitplatform.JUnitPlatformProvider.invoke(JUnitPlatformProvider.java:117)
	at org.apache.maven.surefire.booter.ForkedBooter.invokeProviderInSameClassLoader(ForkedBooter.java:383)
	at org.apache.maven.surefire.booter.ForkedBooter.runSuitesInProcess(ForkedBooter.java:344)
	at org.apache.maven.surefire.booter.ForkedBooter.execute(ForkedBooter.java:125)
	at org.apache.maven.surefire.booter.ForkedBooter.main(ForkedBooter.java:417)
Caused by: java.io.IOException: Error while instrumenting javax/script/ScriptEngineFactory.
	at org.jacoco.agent.rt.internal_43f5073.core.instr.Instrumenter.instrumentError(Instrumenter.java:159)
	at org.jacoco.agent.rt.internal_43f5073.core.instr.Instrumenter.instrument(Instrumenter.java:109)
	at org.jacoco.agent.rt.internal_43f5073.CoverageTransformer.transform(CoverageTransformer.java:92)
	... 42 more
Caused by: java.lang.IllegalArgumentException: Unsupported class file major version 61
	at org.jacoco.agent.rt.internal_43f5073.asm.ClassReader.<init>(ClassReader.java:195)
	at org.jacoco.agent.rt.internal_43f5073.asm.ClassReader.<init>(ClassReader.java:176)
	at org.jacoco.agent.rt.internal_43f5073.asm.ClassReader.<init>(ClassReader.java:162)
	at org.jacoco.agent.rt.internal_43f5073.core.internal.instr.InstrSupport.classReaderFor(InstrSupport.java:280)
	at org.jacoco.agent.rt.internal_43f5073.core.instr.Instrumenter.instrument(Instrumenter.java:75)
	at org.jacoco.agent.rt.internal_43f5073.core.instr.Instrumenter.instrument(Instrumenter.java:107)
	... 43 more
java.lang.instrument.IllegalClassFormatException: Error while instrumenting javax/script/SimpleBindings.
	at org.jacoco.agent.rt.internal_43f5073.CoverageTransformer.transform(CoverageTransformer.java:94)
	at java.instrument/java.lang.instrument.ClassFileTransformer.transform(ClassFileTransformer.java:244)
	at java.instrument/sun.instrument.TransformerManager.transform(TransformerManager.java:188)
	at java.instrument/sun.instrument.InstrumentationImpl.transform(InstrumentationImpl.java:541)
	at java.base/java.lang.ClassLoader.defineClass2(Native Method)
	at java.base/java.lang.ClassLoader.defineClass(ClassLoader.java:1108)
	at java.base/java.security.SecureClassLoader.defineClass(SecureClassLoader.java:182)
	at java.base/jdk.internal.loader.BuiltinClassLoader.defineClass(BuiltinClassLoader.java:821)
	at java.base/jdk.internal.loader.BuiltinClassLoader.findClassInModuleOrNull(BuiltinClassLoader.java:741)
	at java.base/jdk.internal.loader.BuiltinClassLoader.loadClassOrNull(BuiltinClassLoader.java:665)
	at java.base/jdk.internal.loader.BuiltinClassLoader.loadClass(BuiltinClassLoader.java:639)
	at java.base/java.lang.ClassLoader.loadClass(ClassLoader.java:525)
	at java.scripting/javax.script.ScriptEngineManager.<init>(ScriptEngineManager.java:333)
	at java.scripting/javax.script.ScriptEngineManager.<init>(ScriptEngineManager.java:63)
	at org.junit.jupiter.engine.script.ScriptExecutionManager.<init>(ScriptExecutionManager.java:37)
	at org.junit.jupiter.engine.extension.ScriptExecutionEvaluator.<init>(ScriptExecutionEvaluator.java:42)
	at java.base/jdk.internal.reflect.NativeConstructorAccessorImpl.newInstance0(Native Method)
	at java.base/jdk.internal.reflect.NativeConstructorAccessorImpl.newInstance(NativeConstructorAccessorImpl.java:77)
	at java.base/jdk.internal.reflect.DelegatingConstructorAccessorImpl.newInstance(DelegatingConstructorAccessorImpl.java:45)
	at java.base/java.lang.reflect.Constructor.newInstanceWithCaller(Constructor.java:500)
	at java.base/java.lang.reflect.Constructor.newInstance(Constructor.java:481)
	at org.junit.jupiter.engine.extension.ScriptExecutionCondition$Evaluator.forName(ScriptExecutionCondition.java:153)
	at org.junit.jupiter.engine.extension.ScriptExecutionCondition$Evaluator.forName(ScriptExecutionCondition.java:133)
	at org.junit.jupiter.engine.extension.ScriptExecutionCondition.<init>(ScriptExecutionCondition.java:55)
	at org.junit.jupiter.engine.extension.ScriptExecutionCondition.<init>(ScriptExecutionCondition.java:50)
	at org.junit.jupiter.engine.extension.ExtensionRegistry.<clinit>(ExtensionRegistry.java:53)
	at org.junit.jupiter.engine.descriptor.JupiterEngineDescriptor.prepare(JupiterEngineDescriptor.java:52)
	at org.junit.jupiter.engine.descriptor.JupiterEngineDescriptor.prepare(JupiterEngineDescriptor.java:30)
	at org.junit.platform.engine.support.hierarchical.NodeTestTask.lambda$prepare$1(NodeTestTask.java:107)
	at org.junit.platform.engine.support.hierarchical.ThrowableCollector.execute(ThrowableCollector.java:73)
	at org.junit.platform.engine.support.hierarchical.NodeTestTask.prepare(NodeTestTask.java:107)
	at org.junit.platform.engine.support.hierarchical.NodeTestTask.execute(NodeTestTask.java:75)
	at org.junit.platform.engine.support.hierarchical.SameThreadHierarchicalTestExecutorService.submit(SameThreadHierarchicalTestExecutorService.java:32)
	at org.junit.platform.engine.support.hierarchical.HierarchicalTestExecutor.execute(HierarchicalTestExecutor.java:57)
	at org.junit.platform.engine.support.hierarchical.HierarchicalTestEngine.execute(HierarchicalTestEngine.java:51)
	at org.junit.platform.launcher.core.DefaultLauncher.execute(DefaultLauncher.java:170)
	at org.junit.platform.launcher.core.DefaultLauncher.execute(DefaultLauncher.java:154)
	at org.junit.platform.launcher.core.DefaultLauncher.execute(DefaultLauncher.java:90)
	at org.apache.maven.surefire.junitplatform.JUnitPlatformProvider.invokeAllTests(JUnitPlatformProvider.java:142)
	at org.apache.maven.surefire.junitplatform.JUnitPlatformProvider.invoke(JUnitPlatformProvider.java:117)
	at org.apache.maven.surefire.booter.ForkedBooter.invokeProviderInSameClassLoader(ForkedBooter.java:383)
	at org.apache.maven.surefire.booter.ForkedBooter.runSuitesInProcess(ForkedBooter.java:344)
	at org.apache.maven.surefire.booter.ForkedBooter.execute(ForkedBooter.java:125)
	at org.apache.maven.surefire.booter.ForkedBooter.main(ForkedBooter.java:417)
Caused by: java.io.IOException: Error while instrumenting javax/script/SimpleBindings.
	at org.jacoco.agent.rt.internal_43f5073.core.instr.Instrumenter.instrumentError(Instrumenter.java:159)
	at org.jacoco.agent.rt.internal_43f5073.core.instr.Instrumenter.instrument(Instrumenter.java:109)
	at org.jacoco.agent.rt.internal_43f5073.CoverageTransformer.transform(CoverageTransformer.java:92)
	... 43 more
Caused by: java.lang.IllegalArgumentException: Unsupported class file major version 61
	at org.jacoco.agent.rt.internal_43f5073.asm.ClassReader.<init>(ClassReader.java:195)
	at org.jacoco.agent.rt.internal_43f5073.asm.ClassReader.<init>(ClassReader.java:176)
	at org.jacoco.agent.rt.internal_43f5073.asm.ClassReader.<init>(ClassReader.java:162)
	at org.jacoco.agent.rt.internal_43f5073.core.internal.instr.InstrSupport.classReaderFor(InstrSupport.java:280)
	at org.jacoco.agent.rt.internal_43f5073.core.instr.Instrumenter.instrument(Instrumenter.java:75)
	at org.jacoco.agent.rt.internal_43f5073.core.instr.Instrumenter.instrument(Instrumenter.java:107)
	... 44 more
 DONE commons-numbers/commons-numbers-primes (tests ran)
START commons-imaging
 ITER 1
2026-02-19 15:24:38.123:INFO:oejs.Server:jetty-8.1.9.v20130131
2026-02-19 15:24:38.134:INFO:oejs.AbstractConnector:Started SelectChannelConnector@0.0.0.0:43875
2026-02-19 15:24:38.135:INFO:oejs.Server:jetty-8.1.9.v20130131
2026-02-19 15:24:38.143:INFO:oejs.AbstractConnector:Started SelectChannelConnector@0.0.0.0:44573
2026-02-19 15:24:38.742:INFO:oejs.Server:jetty-8.1.9.v20130131
2026-02-19 15:24:38.771:INFO:oejs.AbstractConnector:Started SelectChannelConnector@0.0.0.0:40865
2026-02-19 15:24:38.771:INFO:oejs.Server:jetty-8.1.9.v20130131
2026-02-19 15:24:38.788:INFO:oejs.AbstractConnector:Started SelectChannelConnector@0.0.0.0:40109
 DONE spark (tests ran)
START jsoup
 ITER 1
2026-02-19 15:24:39.371:INFO:oejs.Server:jetty-8.1.9.v20130131
2026-02-19 15:24:39.385:INFO:oejs.AbstractConnector:Started SelectChannelConnector@0.0.0.0:38741
2026-02-19 15:24:39.388:INFO:oejs.Server:jetty-8.1.9.v20130131
2026-02-19 15:24:39.399:INFO:oejs.AbstractConnector:Started SelectChannelConnector@0.0.0.0:41387
 DONE commons-numbers/commons-numbers-fraction (tests ran)
START commons-collections4
 ITER 1
2026-02-19 15:24:39.633:INFO:oejs.Server:jetty-8.1.9.v20130131
2026-02-19 15:24:39.660:INFO:oejs.AbstractConnector:Started SelectChannelConnector@0.0.0.0:41855
2026-02-19 15:24:39.660:INFO:oejs.Server:jetty-8.1.9.v20130131
2026-02-19 15:24:39.707:INFO:oejs.AbstractConnector:Started SelectChannelConnector@0.0.0.0:35575
2026-02-19 15:24:39.940:INFO:oejs.Server:jetty-8.1.9.v20130131
2026-02-19 15:24:39.951:INFO:oejs.AbstractConnector:Started SelectChannelConnector@0.0.0.0:45415
2026-02-19 15:24:39.952:INFO:oejs.Server:jetty-8.1.9.v20130131
2026-02-19 15:24:39.964:INFO:oejs.AbstractConnector:Started SelectChannelConnector@0.0.0.0:33363
2026-02-19 15:24:40.269:INFO:oejs.Server:jetty-8.1.9.v20130131
2026-02-19 15:24:40.288:INFO:oejs.AbstractConnector:Started SelectChannelConnector@0.0.0.0:46021
2026-02-19 15:24:40.288:INFO:oejs.Server:jetty-8.1.9.v20130131
2026-02-19 15:24:40.297:INFO:oejs.AbstractConnector:Started SelectChannelConnector@0.0.0.0:41243
2026-02-19 15:24:40.538:INFO:oejs.Server:jetty-8.1.9.v20130131
2026-02-19 15:24:40.542:INFO:oejs.AbstractConnector:Started SelectChannelConnector@0.0.0.0:35653
2026-02-19 15:24:40.543:INFO:oejs.Server:jetty-8.1.9.v20130131
2026-02-19 15:24:40.558:INFO:oejs.AbstractConnector:Started SelectChannelConnector@0.0.0.0:45373
2026-02-19 15:24:40.809:INFO:oejs.Server:jetty-8.1.9.v20130131
2026-02-19 15:24:40.827:INFO:oejs.AbstractConnector:Started SelectChannelConnector@0.0.0.0:43529
2026-02-19 15:24:40.827:INFO:oejs.Server:jetty-8.1.9.v20130131
2026-02-19 15:24:40.838:INFO:oejs.AbstractConnector:Started SelectChannelConnector@0.0.0.0:45379
2026-02-19 15:24:41.073:INFO:oejs.Server:jetty-8.1.9.v20130131
2026-02-19 15:24:41.075:INFO:oejs.AbstractConnector:Started SelectChannelConnector@0.0.0.0:36159
2026-02-19 15:24:41.075:INFO:oejs.Server:jetty-8.1.9.v20130131
2026-02-19 15:24:41.080:INFO:oejs.AbstractConnector:Started SelectChannelConnector@0.0.0.0:43767
2026-02-19 15:24:41.318:INFO:oejs.Server:jetty-8.1.9.v20130131
2026-02-19 15:24:41.332:INFO:oejs.AbstractConnector:Started SelectChannelConnector@0.0.0.0:44669
2026-02-19 15:24:41.340:INFO:oejs.Server:jetty-8.1.9.v20130131
2026-02-19 15:24:41.350:INFO:oejs.AbstractConnector:Started SelectChannelConnector@0.0.0.0:37839
java.lang.instrument.IllegalClassFormatException: Error while instrumenting javax/script/ScriptEngine.
	at org.jacoco.agent.rt.internal_43f5073.CoverageTransformer.transform(CoverageTransformer.java:94)
	at java.instrument/java.lang.instrument.ClassFileTransformer.transform(ClassFileTransformer.java:244)
	at java.instrument/sun.instrument.TransformerManager.transform(TransformerManager.java:188)
	at java.instrument/sun.instrument.InstrumentationImpl.transform(InstrumentationImpl.java:541)
	at java.base/java.lang.ClassLoader.defineClass2(Native Method)
	at java.base/java.lang.ClassLoader.defineClass(ClassLoader.java:1108)
	at java.base/java.security.SecureClassLoader.defineClass(SecureClassLoader.java:182)
	at java.base/jdk.internal.loader.BuiltinClassLoader.defineClass(BuiltinClassLoader.java:821)
	at java.base/jdk.internal.loader.BuiltinClassLoader.findClassInModuleOrNull(BuiltinClassLoader.java:741)
	at java.base/jdk.internal.loader.BuiltinClassLoader.loadClassOrNull(BuiltinClassLoader.java:665)
	at java.base/jdk.internal.loader.BuiltinClassLoader.loadClassOrNull(BuiltinClassLoader.java:700)
	at java.base/jdk.internal.loader.BuiltinClassLoader.loadClassOrNull(BuiltinClassLoader.java:669)
	at java.base/jdk.internal.loader.BuiltinClassLoader.loadClass(BuiltinClassLoader.java:639)
	at java.base/jdk.internal.loader.ClassLoaders$AppClassLoader.loadClass(ClassLoaders.java:188)
	at java.base/java.lang.ClassLoader.loadClass(ClassLoader.java:525)
	at java.base/java.lang.Class.forName0(Native Method)
	at java.base/java.lang.Class.forName(Class.java:377)
	at org.junit.jupiter.engine.extension.ScriptExecutionCondition$Evaluator.forName(ScriptExecutionCondition.java:139)
	at org.junit.jupiter.engine.extension.ScriptExecutionCondition$Evaluator.forName(ScriptExecutionCondition.java:133)
	at org.junit.jupiter.engine.extension.ScriptExecutionCondition.<init>(ScriptExecutionCondition.java:55)
	at org.junit.jupiter.engine.extension.ScriptExecutionCondition.<init>(ScriptExecutionCondition.java:50)
	at org.junit.jupiter.engine.extension.ExtensionRegistry.<clinit>(ExtensionRegistry.java:53)
	at org.junit.jupiter.engine.descriptor.JupiterEngineDescriptor.prepare(JupiterEngineDescriptor.java:52)
	at org.junit.jupiter.engine.descriptor.JupiterEngineDescriptor.prepare(JupiterEngineDescriptor.java:30)
	at org.junit.platform.engine.support.hierarchical.NodeTestTask.lambda$prepare$1(NodeTestTask.java:107)
	at org.junit.platform.engine.support.hierarchical.ThrowableCollector.execute(ThrowableCollector.java:73)
	at org.junit.platform.engine.support.hierarchical.NodeTestTask.prepare(NodeTestTask.java:107)
	at org.junit.platform.engine.support.hierarchical.NodeTestTask.execute(NodeTestTask.java:75)
	at org.junit.platform.engine.support.hierarchical.SameThreadHierarchicalTestExecutorService.submit(SameThreadHierarchicalTestExecutorService.java:32)
	at org.junit.platform.engine.support.hierarchical.HierarchicalTestExecutor.execute(HierarchicalTestExecutor.java:57)
	at org.junit.platform.engine.support.hierarchical.HierarchicalTestEngine.execute(HierarchicalTestEngine.java:51)
	at org.junit.platform.launcher.core.DefaultLauncher.execute(DefaultLauncher.java:170)
	at org.junit.platform.launcher.core.DefaultLauncher.execute(DefaultLauncher.java:154)
	at org.junit.platform.launcher.core.DefaultLauncher.execute(DefaultLauncher.java:90)
	at org.apache.maven.surefire.junitplatform.JUnitPlatformProvider.invokeAllTests(JUnitPlatformProvider.java:142)
	at org.apache.maven.surefire.junitplatform.JUnitPlatformProvider.invoke(JUnitPlatformProvider.java:117)
	at org.apache.maven.surefire.booter.ForkedBooter.invokeProviderInSameClassLoader(ForkedBooter.java:383)
	at org.apache.maven.surefire.booter.ForkedBooter.runSuitesInProcess(ForkedBooter.java:344)
	at org.apache.maven.surefire.booter.ForkedBooter.execute(ForkedBooter.java:125)
	at org.apache.maven.surefire.booter.ForkedBooter.main(ForkedBooter.java:417)
Caused by: java.io.IOException: Error while instrumenting javax/script/ScriptEngine.
	at org.jacoco.agent.rt.internal_43f5073.core.instr.Instrumenter.instrumentError(Instrumenter.java:159)
	at org.jacoco.agent.rt.internal_43f5073.core.instr.Instrumenter.instrument(Instrumenter.java:109)
	at org.jacoco.agent.rt.internal_43f5073.CoverageTransformer.transform(CoverageTransformer.java:92)
	... 39 more
Caused by: java.lang.IllegalArgumentException: Unsupported class file major version 61
	at org.jacoco.agent.rt.internal_43f5073.asm.ClassReader.<init>(ClassReader.java:195)
	at org.jacoco.agent.rt.internal_43f5073.asm.ClassReader.<init>(ClassReader.java:176)
	at org.jacoco.agent.rt.internal_43f5073.asm.ClassReader.<init>(ClassReader.java:162)
	at org.jacoco.agent.rt.internal_43f5073.core.internal.instr.InstrSupport.classReaderFor(InstrSupport.java:280)
	at org.jacoco.agent.rt.internal_43f5073.core.instr.Instrumenter.instrument(Instrumenter.java:75)
	at org.jacoco.agent.rt.internal_43f5073.core.instr.Instrumenter.instrument(Instrumenter.java:107)
	... 40 more
java.lang.instrument.IllegalClassFormatException: Error while instrumenting javax/script/ScriptException.
	at org.jacoco.agent.rt.internal_43f5073.CoverageTransformer.transform(CoverageTransformer.java:94)
	at java.instrument/java.lang.instrument.ClassFileTransformer.transform(ClassFileTransformer.java:244)
	at java.instrument/sun.instrument.TransformerManager.transform(TransformerManager.java:188)
	at java.instrument/sun.instrument.InstrumentationImpl.transform(InstrumentationImpl.java:541)
	at java.base/java.lang.ClassLoader.defineClass2(Native Method)
	at java.base/java.lang.ClassLoader.defineClass(ClassLoader.java:1108)
	at java.base/java.security.SecureClassLoader.defineClass(SecureClassLoader.java:182)
	at java.base/jdk.internal.loader.BuiltinClassLoader.defineClass(BuiltinClassLoader.java:821)
	at java.base/jdk.internal.loader.BuiltinClassLoader.findClassInModuleOrNull(BuiltinClassLoader.java:741)
	at java.base/jdk.internal.loader.BuiltinClassLoader.loadClassOrNull(BuiltinClassLoader.java:665)
	at java.base/jdk.internal.loader.BuiltinClassLoader.loadClassOrNull(BuiltinClassLoader.java:700)
	at java.base/jdk.internal.loader.BuiltinClassLoader.loadClassOrNull(BuiltinClassLoader.java:669)
	at java.base/jdk.internal.loader.BuiltinClassLoader.loadClass(BuiltinClassLoader.java:639)
	at java.base/jdk.internal.loader.ClassLoaders$AppClassLoader.loadClass(ClassLoaders.java:188)
	at java.base/java.lang.ClassLoader.loadClass(ClassLoader.java:525)
	at java.base/java.lang.Class.forName0(Native Method)
	at java.base/java.lang.Class.forName(Class.java:377)
	at org.junit.jupiter.engine.extension.ScriptExecutionCondition$Evaluator.forName(ScriptExecutionCondition.java:153)
	at org.junit.jupiter.engine.extension.ScriptExecutionCondition$Evaluator.forName(ScriptExecutionCondition.java:133)
	at org.junit.jupiter.engine.extension.ScriptExecutionCondition.<init>(ScriptExecutionCondition.java:55)
	at org.junit.jupiter.engine.extension.ScriptExecutionCondition.<init>(ScriptExecutionCondition.java:50)
	at org.junit.jupiter.engine.extension.ExtensionRegistry.<clinit>(ExtensionRegistry.java:53)
	at org.junit.jupiter.engine.descriptor.JupiterEngineDescriptor.prepare(JupiterEngineDescriptor.java:52)
	at org.junit.jupiter.engine.descriptor.JupiterEngineDescriptor.prepare(JupiterEngineDescriptor.java:30)
	at org.junit.platform.engine.support.hierarchical.NodeTestTask.lambda$prepare$1(NodeTestTask.java:107)
	at org.junit.platform.engine.support.hierarchical.ThrowableCollector.execute(ThrowableCollector.java:73)
	at org.junit.platform.engine.support.hierarchical.NodeTestTask.prepare(NodeTestTask.java:107)
	at org.junit.platform.engine.support.hierarchical.NodeTestTask.execute(NodeTestTask.java:75)
	at org.junit.platform.engine.support.hierarchical.SameThreadHierarchicalTestExecutorService.submit(SameThreadHierarchicalTestExecutorService.java:32)
	at org.junit.platform.engine.support.hierarchical.HierarchicalTestExecutor.execute(HierarchicalTestExecutor.java:57)
	at org.junit.platform.engine.support.hierarchical.HierarchicalTestEngine.execute(HierarchicalTestEngine.java:51)
	at org.junit.platform.launcher.core.DefaultLauncher.execute(DefaultLauncher.java:170)
	at org.junit.platform.launcher.core.DefaultLauncher.execute(DefaultLauncher.java:154)
	at org.junit.platform.launcher.core.DefaultLauncher.execute(DefaultLauncher.java:90)
	at org.apache.maven.surefire.junitplatform.JUnitPlatformProvider.invokeAllTests(JUnitPlatformProvider.java:142)
	at org.apache.maven.surefire.junitplatform.JUnitPlatformProvider.invoke(JUnitPlatformProvider.java:117)
	at org.apache.maven.surefire.booter.ForkedBooter.invokeProviderInSameClassLoader(ForkedBooter.java:383)
	at org.apache.maven.surefire.booter.ForkedBooter.runSuitesInProcess(ForkedBooter.java:344)
	at org.apache.maven.surefire.booter.ForkedBooter.execute(ForkedBooter.java:125)
	at org.apache.maven.surefire.booter.ForkedBooter.main(ForkedBooter.java:417)
Caused by: java.io.IOException: Error while instrumenting javax/script/ScriptException.
	at org.jacoco.agent.rt.internal_43f5073.core.instr.Instrumenter.instrumentError(Instrumenter.java:159)
	at org.jacoco.agent.rt.internal_43f5073.core.instr.Instrumenter.instrument(Instrumenter.java:109)
	at org.jacoco.agent.rt.internal_43f5073.CoverageTransformer.transform(CoverageTransformer.java:92)
	... 39 more
Caused by: java.lang.IllegalArgumentException: Unsupported class file major version 61
	at org.jacoco.agent.rt.internal_43f5073.asm.ClassReader.<init>(ClassReader.java:195)
	at org.jacoco.agent.rt.internal_43f5073.asm.ClassReader.<init>(ClassReader.java:176)
	at org.jacoco.agent.rt.internal_43f5073.asm.ClassReader.<init>(ClassReader.java:162)
	at org.jacoco.agent.rt.internal_43f5073.core.internal.instr.InstrSupport.classReaderFor(InstrSupport.java:280)
	at org.jacoco.agent.rt.internal_43f5073.core.instr.Instrumenter.instrument(Instrumenter.java:75)
	at org.jacoco.agent.rt.internal_43f5073.core.instr.Instrumenter.instrument(Instrumenter.java:107)
	... 40 more
java.lang.instrument.IllegalClassFormatException: Error while instrumenting javax/script/Bindings.
	at org.jacoco.agent.rt.internal_43f5073.CoverageTransformer.transform(CoverageTransformer.java:94)
	at java.instrument/java.lang.instrument.ClassFileTransformer.transform(ClassFileTransformer.java:244)
	at java.instrument/sun.instrument.TransformerManager.transform(TransformerManager.java:188)
	at java.instrument/sun.instrument.InstrumentationImpl.transform(InstrumentationImpl.java:541)
	at java.base/java.lang.ClassLoader.defineClass2(Native Method)
	at java.base/java.lang.ClassLoader.defineClass(ClassLoader.java:1108)
	at java.base/java.security.SecureClassLoader.defineClass(SecureClassLoader.java:182)
	at java.base/jdk.internal.loader.BuiltinClassLoader.defineClass(BuiltinClassLoader.java:821)
	at java.base/jdk.internal.loader.BuiltinClassLoader.findClassInModuleOrNull(BuiltinClassLoader.java:741)
	at java.base/jdk.internal.loader.BuiltinClassLoader.loadClassOrNull(BuiltinClassLoader.java:665)
	at java.base/jdk.internal.loader.BuiltinClassLoader.loadClassOrNull(BuiltinClassLoader.java:700)
	at java.base/jdk.internal.loader.BuiltinClassLoader.loadClassOrNull(BuiltinClassLoader.java:669)
	at java.base/jdk.internal.loader.BuiltinClassLoader.loadClass(BuiltinClassLoader.java:639)
	at java.base/jdk.internal.loader.ClassLoaders$AppClassLoader.loadClass(ClassLoaders.java:188)
	at java.base/java.lang.ClassLoader.loadClass(ClassLoader.java:525)
	at java.base/java.lang.Class.forName0(Native Method)
	at java.base/java.lang.Class.forName(Class.java:377)
	at org.junit.jupiter.engine.extension.ScriptExecutionCondition$Evaluator.forName(ScriptExecutionCondition.java:153)
	at org.junit.jupiter.engine.extension.ScriptExecutionCondition$Evaluator.forName(ScriptExecutionCondition.java:133)
	at org.junit.jupiter.engine.extension.ScriptExecutionCondition.<init>(ScriptExecutionCondition.java:55)
	at org.junit.jupiter.engine.extension.ScriptExecutionCondition.<init>(ScriptExecutionCondition.java:50)
	at org.junit.jupiter.engine.extension.ExtensionRegistry.<clinit>(ExtensionRegistry.java:53)
	at org.junit.jupiter.engine.descriptor.JupiterEngineDescriptor.prepare(JupiterEngineDescriptor.java:52)
	at org.junit.jupiter.engine.descriptor.JupiterEngineDescriptor.prepare(JupiterEngineDescriptor.java:30)
	at org.junit.platform.engine.support.hierarchical.NodeTestTask.lambda$prepare$1(NodeTestTask.java:107)
	at org.junit.platform.engine.support.hierarchical.ThrowableCollector.execute(ThrowableCollector.java:73)
	at org.junit.platform.engine.support.hierarchical.NodeTestTask.prepare(NodeTestTask.java:107)
	at org.junit.platform.engine.support.hierarchical.NodeTestTask.execute(NodeTestTask.java:75)
	at org.junit.platform.engine.support.hierarchical.SameThreadHierarchicalTestExecutorService.submit(SameThreadHierarchicalTestExecutorService.java:32)
	at org.junit.platform.engine.support.hierarchical.HierarchicalTestExecutor.execute(HierarchicalTestExecutor.java:57)
	at org.junit.platform.engine.support.hierarchical.HierarchicalTestEngine.execute(HierarchicalTestEngine.java:51)
	at org.junit.platform.launcher.core.DefaultLauncher.execute(DefaultLauncher.java:170)
	at org.junit.platform.launcher.core.DefaultLauncher.execute(DefaultLauncher.java:154)
	at org.junit.platform.launcher.core.DefaultLauncher.execute(DefaultLauncher.java:90)
	at org.apache.maven.surefire.junitplatform.JUnitPlatformProvider.invokeAllTests(JUnitPlatformProvider.java:142)
	at org.apache.maven.surefire.junitplatform.JUnitPlatformProvider.invoke(JUnitPlatformProvider.java:117)
	at org.apache.maven.surefire.booter.ForkedBooter.invokeProviderInSameClassLoader(ForkedBooter.java:383)
	at org.apache.maven.surefire.booter.ForkedBooter.runSuitesInProcess(ForkedBooter.java:344)
	at org.apache.maven.surefire.booter.ForkedBooter.execute(ForkedBooter.java:125)
	at org.apache.maven.surefire.booter.ForkedBooter.main(ForkedBooter.java:417)
Caused by: java.io.IOException: Error while instrumenting javax/script/Bindings.
	at org.jacoco.agent.rt.internal_43f5073.core.instr.Instrumenter.instrumentError(Instrumenter.java:159)
	at org.jacoco.agent.rt.internal_43f5073.core.instr.Instrumenter.instrument(Instrumenter.java:109)
	at org.jacoco.agent.rt.internal_43f5073.CoverageTransformer.transform(CoverageTransformer.java:92)
	... 39 more
Caused by: java.lang.IllegalArgumentException: Unsupported class file major version 61
	at org.jacoco.agent.rt.internal_43f5073.asm.ClassReader.<init>(ClassReader.java:195)
	at org.jacoco.agent.rt.internal_43f5073.asm.ClassReader.<init>(ClassReader.java:176)
	at org.jacoco.agent.rt.internal_43f5073.asm.ClassReader.<init>(ClassReader.java:162)
	at org.jacoco.agent.rt.internal_43f5073.core.internal.instr.InstrSupport.classReaderFor(InstrSupport.java:280)
	at org.jacoco.agent.rt.internal_43f5073.core.instr.Instrumenter.instrument(Instrumenter.java:75)
	at org.jacoco.agent.rt.internal_43f5073.core.instr.Instrumenter.instrument(Instrumenter.java:107)
	... 40 more
java.lang.instrument.IllegalClassFormatException: Error while instrumenting javax/script/ScriptEngineManager.
	at org.jacoco.agent.rt.internal_43f5073.CoverageTransformer.transform(CoverageTransformer.java:94)
	at java.instrument/java.lang.instrument.ClassFileTransformer.transform(ClassFileTransformer.java:244)
	at java.instrument/sun.instrument.TransformerManager.transform(TransformerManager.java:188)
	at java.instrument/sun.instrument.InstrumentationImpl.transform(InstrumentationImpl.java:541)
	at java.base/java.lang.ClassLoader.defineClass2(Native Method)
	at java.base/java.lang.ClassLoader.defineClass(ClassLoader.java:1108)
	at java.base/java.security.SecureClassLoader.defineClass(SecureClassLoader.java:182)
	at java.base/jdk.internal.loader.BuiltinClassLoader.defineClass(BuiltinClassLoader.java:821)
	at java.base/jdk.internal.loader.BuiltinClassLoader.findClassInModuleOrNull(BuiltinClassLoader.java:741)
	at java.base/jdk.internal.loader.BuiltinClassLoader.loadClassOrNull(BuiltinClassLoader.java:665)
	at java.base/jdk.internal.loader.BuiltinClassLoader.loadClassOrNull(BuiltinClassLoader.java:700)
	at java.base/jdk.internal.loader.BuiltinClassLoader.loadClassOrNull(BuiltinClassLoader.java:669)
	at java.base/jdk.internal.loader.BuiltinClassLoader.loadClass(BuiltinClassLoader.java:639)
	at java.base/jdk.internal.loader.ClassLoaders$AppClassLoader.loadClass(ClassLoaders.java:188)
	at java.base/java.lang.ClassLoader.loadClass(ClassLoader.java:525)
	at org.junit.jupiter.engine.script.ScriptExecutionManager.<init>(ScriptExecutionManager.java:37)
	at org.junit.jupiter.engine.extension.ScriptExecutionEvaluator.<init>(ScriptExecutionEvaluator.java:42)
	at java.base/jdk.internal.reflect.NativeConstructorAccessorImpl.newInstance0(Native Method)
	at java.base/jdk.internal.reflect.NativeConstructorAccessorImpl.newInstance(NativeConstructorAccessorImpl.java:77)
	at java.base/jdk.internal.reflect.DelegatingConstructorAccessorImpl.newInstance(DelegatingConstructorAccessorImpl.java:45)
	at java.base/java.lang.reflect.Constructor.newInstanceWithCaller(Constructor.java:500)
	at java.base/java.lang.reflect.Constructor.newInstance(Constructor.java:481)
	at org.junit.jupiter.engine.extension.ScriptExecutionCondition$Evaluator.forName(ScriptExecutionCondition.java:153)
	at org.junit.jupiter.engine.extension.ScriptExecutionCondition$Evaluator.forName(ScriptExecutionCondition.java:133)
	at org.junit.jupiter.engine.extension.ScriptExecutionCondition.<init>(ScriptExecutionCondition.java:55)
	at org.junit.jupiter.engine.extension.ScriptExecutionCondition.<init>(ScriptExecutionCondition.java:50)
	at org.junit.jupiter.engine.extension.ExtensionRegistry.<clinit>(ExtensionRegistry.java:53)
	at org.junit.jupiter.engine.descriptor.JupiterEngineDescriptor.prepare(JupiterEngineDescriptor.java:52)
	at org.junit.jupiter.engine.descriptor.JupiterEngineDescriptor.prepare(JupiterEngineDescriptor.java:30)
	at org.junit.platform.engine.support.hierarchical.NodeTestTask.lambda$prepare$1(NodeTestTask.java:107)
	at org.junit.platform.engine.support.hierarchical.ThrowableCollector.execute(ThrowableCollector.java:73)
	at org.junit.platform.engine.support.hierarchical.NodeTestTask.prepare(NodeTestTask.java:107)
	at org.junit.platform.engine.support.hierarchical.NodeTestTask.execute(NodeTestTask.java:75)
	at org.junit.platform.engine.support.hierarchical.SameThreadHierarchicalTestExecutorService.submit(SameThreadHierarchicalTestExecutorService.java:32)
	at org.junit.platform.engine.support.hierarchical.HierarchicalTestExecutor.execute(HierarchicalTestExecutor.java:57)
	at org.junit.platform.engine.support.hierarchical.HierarchicalTestEngine.execute(HierarchicalTestEngine.java:51)
	at org.junit.platform.launcher.core.DefaultLauncher.execute(DefaultLauncher.java:170)
	at org.junit.platform.launcher.core.DefaultLauncher.execute(DefaultLauncher.java:154)
	at org.junit.platform.launcher.core.DefaultLauncher.execute(DefaultLauncher.java:90)
	at org.apache.maven.surefire.junitplatform.JUnitPlatformProvider.invokeAllTests(JUnitPlatformProvider.java:142)
	at org.apache.maven.surefire.junitplatform.JUnitPlatformProvider.invoke(JUnitPlatformProvider.java:117)
	at org.apache.maven.surefire.booter.ForkedBooter.invokeProviderInSameClassLoader(ForkedBooter.java:383)
	at org.apache.maven.surefire.booter.ForkedBooter.runSuitesInProcess(ForkedBooter.java:344)
	at org.apache.maven.surefire.booter.ForkedBooter.execute(ForkedBooter.java:125)
	at org.apache.maven.surefire.booter.ForkedBooter.main(ForkedBooter.java:417)
Caused by: java.io.IOException: Error while instrumenting javax/script/ScriptEngineManager.
	at org.jacoco.agent.rt.internal_43f5073.core.instr.Instrumenter.instrumentError(Instrumenter.java:159)
	at org.jacoco.agent.rt.internal_43f5073.core.instr.Instrumenter.instrument(Instrumenter.java:109)
	at org.jacoco.agent.rt.internal_43f5073.CoverageTransformer.transform(CoverageTransformer.java:92)
	... 44 more
Caused by: java.lang.IllegalArgumentException: Unsupported class file major version 61
	at org.jacoco.agent.rt.internal_43f5073.asm.ClassReader.<init>(ClassReader.java:195)
	at org.jacoco.agent.rt.internal_43f5073.asm.ClassReader.<init>(ClassReader.java:176)
	at org.jacoco.agent.rt.internal_43f5073.asm.ClassReader.<init>(ClassReader.java:162)
	at org.jacoco.agent.rt.internal_43f5073.core.internal.instr.InstrSupport.classReaderFor(InstrSupport.java:280)
	at org.jacoco.agent.rt.internal_43f5073.core.instr.Instrumenter.instrument(Instrumenter.java:75)
	at org.jacoco.agent.rt.internal_43f5073.core.instr.Instrumenter.instrument(Instrumenter.java:107)
	... 45 more
java.lang.instrument.IllegalClassFormatException: Error while instrumenting javax/script/ScriptEngineFactory.
	at org.jacoco.agent.rt.internal_43f5073.CoverageTransformer.transform(CoverageTransformer.java:94)
	at java.instrument/java.lang.instrument.ClassFileTransformer.transform(ClassFileTransformer.java:244)
	at java.instrument/sun.instrument.TransformerManager.transform(TransformerManager.java:188)
	at java.instrument/sun.instrument.InstrumentationImpl.transform(InstrumentationImpl.java:541)
	at java.base/java.lang.ClassLoader.defineClass2(Native Method)
	at java.base/java.lang.ClassLoader.defineClass(ClassLoader.java:1108)
	at java.base/java.security.SecureClassLoader.defineClass(SecureClassLoader.java:182)
	at java.base/jdk.internal.loader.BuiltinClassLoader.defineClass(BuiltinClassLoader.java:821)
	at java.base/jdk.internal.loader.BuiltinClassLoader.findClassInModuleOrNull(BuiltinClassLoader.java:741)
	at java.base/jdk.internal.loader.BuiltinClassLoader.loadClassOrNull(BuiltinClassLoader.java:665)
	at java.base/jdk.internal.loader.BuiltinClassLoader.loadClass(BuiltinClassLoader.java:639)
	at java.base/java.lang.ClassLoader.loadClass(ClassLoader.java:525)
	at java.scripting/javax.script.ScriptEngineManager.<clinit>(ScriptEngineManager.java:315)
	at org.junit.jupiter.engine.script.ScriptExecutionManager.<init>(ScriptExecutionManager.java:37)
	at org.junit.jupiter.engine.extension.ScriptExecutionEvaluator.<init>(ScriptExecutionEvaluator.java:42)
	at java.base/jdk.internal.reflect.NativeConstructorAccessorImpl.newInstance0(Native Method)
	at java.base/jdk.internal.reflect.NativeConstructorAccessorImpl.newInstance(NativeConstructorAccessorImpl.java:77)
	at java.base/jdk.internal.reflect.DelegatingConstructorAccessorImpl.newInstance(DelegatingConstructorAccessorImpl.java:45)
	at java.base/java.lang.reflect.Constructor.newInstanceWithCaller(Constructor.java:500)
	at java.base/java.lang.reflect.Constructor.newInstance(Constructor.java:481)
	at org.junit.jupiter.engine.extension.ScriptExecutionCondition$Evaluator.forName(ScriptExecutionCondition.java:153)
	at org.junit.jupiter.engine.extension.ScriptExecutionCondition$Evaluator.forName(ScriptExecutionCondition.java:133)
	at org.junit.jupiter.engine.extension.ScriptExecutionCondition.<init>(ScriptExecutionCondition.java:55)
	at org.junit.jupiter.engine.extension.ScriptExecutionCondition.<init>(ScriptExecutionCondition.java:50)
	at org.junit.jupiter.engine.extension.ExtensionRegistry.<clinit>(ExtensionRegistry.java:53)
	at org.junit.jupiter.engine.descriptor.JupiterEngineDescriptor.prepare(JupiterEngineDescriptor.java:52)
	at org.junit.jupiter.engine.descriptor.JupiterEngineDescriptor.prepare(JupiterEngineDescriptor.java:30)
	at org.junit.platform.engine.support.hierarchical.NodeTestTask.lambda$prepare$1(NodeTestTask.java:107)
	at org.junit.platform.engine.support.hierarchical.ThrowableCollector.execute(ThrowableCollector.java:73)
	at org.junit.platform.engine.support.hierarchical.NodeTestTask.prepare(NodeTestTask.java:107)
	at org.junit.platform.engine.support.hierarchical.NodeTestTask.execute(NodeTestTask.java:75)
	at org.junit.platform.engine.support.hierarchical.SameThreadHierarchicalTestExecutorService.submit(SameThreadHierarchicalTestExecutorService.java:32)
	at org.junit.platform.engine.support.hierarchical.HierarchicalTestExecutor.execute(HierarchicalTestExecutor.java:57)
	at org.junit.platform.engine.support.hierarchical.HierarchicalTestEngine.execute(HierarchicalTestEngine.java:51)
	at org.junit.platform.launcher.core.DefaultLauncher.execute(DefaultLauncher.java:170)
	at org.junit.platform.launcher.core.DefaultLauncher.execute(DefaultLauncher.java:154)
	at org.junit.platform.launcher.core.DefaultLauncher.execute(DefaultLauncher.java:90)
	at org.apache.maven.surefire.junitplatform.JUnitPlatformProvider.invokeAllTests(JUnitPlatformProvider.java:142)
	at org.apache.maven.surefire.junitplatform.JUnitPlatformProvider.invoke(JUnitPlatformProvider.java:117)
	at org.apache.maven.surefire.booter.ForkedBooter.invokeProviderInSameClassLoader(ForkedBooter.java:383)
	at org.apache.maven.surefire.booter.ForkedBooter.runSuitesInProcess(ForkedBooter.java:344)
	at org.apache.maven.surefire.booter.ForkedBooter.execute(ForkedBooter.java:125)
	at org.apache.maven.surefire.booter.ForkedBooter.main(ForkedBooter.java:417)
Caused by: java.io.IOException: Error while instrumenting javax/script/ScriptEngineFactory.
	at org.jacoco.agent.rt.internal_43f5073.core.instr.Instrumenter.instrumentError(Instrumenter.java:159)
	at org.jacoco.agent.rt.internal_43f5073.core.instr.Instrumenter.instrument(Instrumenter.java:109)
	at org.jacoco.agent.rt.internal_43f5073.CoverageTransformer.transform(CoverageTransformer.java:92)
	... 42 more
Caused by: java.lang.IllegalArgumentException: Unsupported class file major version 61
	at org.jacoco.agent.rt.internal_43f5073.asm.ClassReader.<init>(ClassReader.java:195)
	at org.jacoco.agent.rt.internal_43f5073.asm.ClassReader.<init>(ClassReader.java:176)
	at org.jacoco.agent.rt.internal_43f5073.asm.ClassReader.<init>(ClassReader.java:162)
	at org.jacoco.agent.rt.internal_43f5073.core.internal.instr.InstrSupport.classReaderFor(InstrSupport.java:280)
	at org.jacoco.agent.rt.internal_43f5073.core.instr.Instrumenter.instrument(Instrumenter.java:75)
	at org.jacoco.agent.rt.internal_43f5073.core.instr.Instrumenter.instrument(Instrumenter.java:107)
	... 43 more
java.lang.instrument.IllegalClassFormatException: Error while instrumenting javax/script/SimpleBindings.
	at org.jacoco.agent.rt.internal_43f5073.CoverageTransformer.transform(CoverageTransformer.java:94)
	at java.instrument/java.lang.instrument.ClassFileTransformer.transform(ClassFileTransformer.java:244)
	at java.instrument/sun.instrument.TransformerManager.transform(TransformerManager.java:188)
	at java.instrument/sun.instrument.InstrumentationImpl.transform(InstrumentationImpl.java:541)
	at java.base/java.lang.ClassLoader.defineClass2(Native Method)
	at java.base/java.lang.ClassLoader.defineClass(ClassLoader.java:1108)
	at java.base/java.security.SecureClassLoader.defineClass(SecureClassLoader.java:182)
	at java.base/jdk.internal.loader.BuiltinClassLoader.defineClass(BuiltinClassLoader.java:821)
	at java.base/jdk.internal.loader.BuiltinClassLoader.findClassInModuleOrNull(BuiltinClassLoader.java:741)
	at java.base/jdk.internal.loader.BuiltinClassLoader.loadClassOrNull(BuiltinClassLoader.java:665)
	at java.base/jdk.internal.loader.BuiltinClassLoader.loadClass(BuiltinClassLoader.java:639)
	at java.base/java.lang.ClassLoader.loadClass(ClassLoader.java:525)
	at java.scripting/javax.script.ScriptEngineManager.<init>(ScriptEngineManager.java:333)
	at java.scripting/javax.script.ScriptEngineManager.<init>(ScriptEngineManager.java:63)
	at org.junit.jupiter.engine.script.ScriptExecutionManager.<init>(ScriptExecutionManager.java:37)
	at org.junit.jupiter.engine.extension.ScriptExecutionEvaluator.<init>(ScriptExecutionEvaluator.java:42)
	at java.base/jdk.internal.reflect.NativeConstructorAccessorImpl.newInstance0(Native Method)
	at java.base/jdk.internal.reflect.NativeConstructorAccessorImpl.newInstance(NativeConstructorAccessorImpl.java:77)
	at java.base/jdk.internal.reflect.DelegatingConstructorAccessorImpl.newInstance(DelegatingConstructorAccessorImpl.java:45)
	at java.base/java.lang.reflect.Constructor.newInstanceWithCaller(Constructor.java:500)
	at java.base/java.lang.reflect.Constructor.newInstance(Constructor.java:481)
	at org.junit.jupiter.engine.extension.ScriptExecutionCondition$Evaluator.forName(ScriptExecutionCondition.java:153)
	at org.junit.jupiter.engine.extension.ScriptExecutionCondition$Evaluator.forName(ScriptExecutionCondition.java:133)
	at org.junit.jupiter.engine.extension.ScriptExecutionCondition.<init>(ScriptExecutionCondition.java:55)
	at org.junit.jupiter.engine.extension.ScriptExecutionCondition.<init>(ScriptExecutionCondition.java:50)
	at org.junit.jupiter.engine.extension.ExtensionRegistry.<clinit>(ExtensionRegistry.java:53)
	at org.junit.jupiter.engine.descriptor.JupiterEngineDescriptor.prepare(JupiterEngineDescriptor.java:52)
	at org.junit.jupiter.engine.descriptor.JupiterEngineDescriptor.prepare(JupiterEngineDescriptor.java:30)
	at org.junit.platform.engine.support.hierarchical.NodeTestTask.lambda$prepare$1(NodeTestTask.java:107)
	at org.junit.platform.engine.support.hierarchical.ThrowableCollector.execute(ThrowableCollector.java:73)
	at org.junit.platform.engine.support.hierarchical.NodeTestTask.prepare(NodeTestTask.java:107)
	at org.junit.platform.engine.support.hierarchical.NodeTestTask.execute(NodeTestTask.java:75)
	at org.junit.platform.engine.support.hierarchical.SameThreadHierarchicalTestExecutorService.submit(SameThreadHierarchicalTestExecutorService.java:32)
	at org.junit.platform.engine.support.hierarchical.HierarchicalTestExecutor.execute(HierarchicalTestExecutor.java:57)
	at org.junit.platform.engine.support.hierarchical.HierarchicalTestEngine.execute(HierarchicalTestEngine.java:51)
	at org.junit.platform.launcher.core.DefaultLauncher.execute(DefaultLauncher.java:170)
	at org.junit.platform.launcher.core.DefaultLauncher.execute(DefaultLauncher.java:154)
	at org.junit.platform.launcher.core.DefaultLauncher.execute(DefaultLauncher.java:90)
	at org.apache.maven.surefire.junitplatform.JUnitPlatformProvider.invokeAllTests(JUnitPlatformProvider.java:142)
	at org.apache.maven.surefire.junitplatform.JUnitPlatformProvider.invoke(JUnitPlatformProvider.java:117)
	at org.apache.maven.surefire.booter.ForkedBooter.invokeProviderInSameClassLoader(ForkedBooter.java:383)
	at org.apache.maven.surefire.booter.ForkedBooter.runSuitesInProcess(ForkedBooter.java:344)
	at org.apache.maven.surefire.booter.ForkedBooter.execute(ForkedBooter.java:125)
	at org.apache.maven.surefire.booter.ForkedBooter.main(ForkedBooter.java:417)
Caused by: java.io.IOException: Error while instrumenting javax/script/SimpleBindings.
	at org.jacoco.agent.rt.internal_43f5073.core.instr.Instrumenter.instrumentError(Instrumenter.java:159)
	at org.jacoco.agent.rt.internal_43f5073.core.instr.Instrumenter.instrument(Instrumenter.java:109)
	at org.jacoco.agent.rt.internal_43f5073.CoverageTransformer.transform(CoverageTransformer.java:92)
	... 43 more
Caused by: java.lang.IllegalArgumentException: Unsupported class file major version 61
	at org.jacoco.agent.rt.internal_43f5073.asm.ClassReader.<init>(ClassReader.java:195)
	at org.jacoco.agent.rt.internal_43f5073.asm.ClassReader.<init>(ClassReader.java:176)
	at org.jacoco.agent.rt.internal_43f5073.asm.ClassReader.<init>(ClassReader.java:162)
	at org.jacoco.agent.rt.internal_43f5073.core.internal.instr.InstrSupport.classReaderFor(InstrSupport.java:280)
	at org.jacoco.agent.rt.internal_43f5073.core.instr.Instrumenter.instrument(Instrumenter.java:75)
	at org.jacoco.agent.rt.internal_43f5073.core.instr.Instrumenter.instrument(Instrumenter.java:107)
	... 44 more
2026-02-19 15:24:41.590:INFO:oejs.Server:jetty-8.1.9.v20130131
2026-02-19 15:24:41.605:INFO:oejs.AbstractConnector:Started SelectChannelConnector@0.0.0.0:45213
2026-02-19 15:24:41.605:INFO:oejs.Server:jetty-8.1.9.v20130131
2026-02-19 15:24:41.618:INFO:oejs.AbstractConnector:Started SelectChannelConnector@0.0.0.0:46651
2026-02-19 15:24:41.849:INFO:oejs.Server:jetty-8.1.9.v20130131
2026-02-19 15:24:41.854:INFO:oejs.AbstractConnector:Started SelectChannelConnector@0.0.0.0:46577
2026-02-19 15:24:41.855:INFO:oejs.Server:jetty-8.1.9.v20130131
2026-02-19 15:24:41.864:INFO:oejs.AbstractConnector:Started SelectChannelConnector@0.0.0.0:34043
2026-02-19 15:24:42.104:INFO:oejs.Server:jetty-8.1.9.v20130131
2026-02-19 15:24:42.115:INFO:oejs.AbstractConnector:Started SelectChannelConnector@0.0.0.0:41431
2026-02-19 15:24:42.115:INFO:oejs.Server:jetty-8.1.9.v20130131
2026-02-19 15:24:42.125:INFO:oejs.AbstractConnector:Started SelectChannelConnector@0.0.0.0:46287
2026-02-19 15:24:42.356:INFO:oejs.Server:jetty-8.1.9.v20130131
2026-02-19 15:24:42.358:INFO:oejs.AbstractConnector:Started SelectChannelConnector@0.0.0.0:37837
2026-02-19 15:24:42.358:INFO:oejs.Server:jetty-8.1.9.v20130131
2026-02-19 15:24:42.375:INFO:oejs.AbstractConnector:Started SelectChannelConnector@0.0.0.0:34125
 DONE commons-numbers/commons-numbers-quaternion (tests ran)
2026-02-19 15:24:42.982:INFO:oejs.Server:jetty-8.1.9.v20130131
2026-02-19 15:24:42.985:INFO:oejs.AbstractConnector:Started SelectChannelConnector@0.0.0.0:36875
2026-02-19 15:24:42.985:INFO:oejs.Server:jetty-8.1.9.v20130131
2026-02-19 15:24:42.989:INFO:oejs.AbstractConnector:Started SelectChannelConnector@0.0.0.0:42855
2026-02-19 15:24:43.644:INFO:oejs.Server:jetty-8.1.9.v20130131
2026-02-19 15:24:43.654:INFO:oejs.AbstractConnector:Started SelectChannelConnector@0.0.0.0:40993
2026-02-19 15:24:43.654:INFO:oejs.Server:jetty-8.1.9.v20130131
2026-02-19 15:24:43.665:INFO:oejs.AbstractConnector:Started SelectChannelConnector@0.0.0.0:36089
2026-02-19 15:24:43.915:INFO:oejs.Server:jetty-8.1.9.v20130131
2026-02-19 15:24:43.920:INFO:oejs.AbstractConnector:Started SelectChannelConnector@0.0.0.0:36151
2026-02-19 15:24:43.920:INFO:oejs.Server:jetty-8.1.9.v20130131
2026-02-19 15:24:43.936:INFO:oejs.AbstractConnector:Started SelectChannelConnector@0.0.0.0:35477
java.lang.instrument.IllegalClassFormatException: Error while instrumenting javax/script/ScriptEngine.
	at org.jacoco.agent.rt.internal_43f5073.CoverageTransformer.transform(CoverageTransformer.java:94)
	at java.instrument/java.lang.instrument.ClassFileTransformer.transform(ClassFileTransformer.java:244)
	at java.instrument/sun.instrument.TransformerManager.transform(TransformerManager.java:188)
	at java.instrument/sun.instrument.InstrumentationImpl.transform(InstrumentationImpl.java:541)
	at java.base/java.lang.ClassLoader.defineClass2(Native Method)
	at java.base/java.lang.ClassLoader.defineClass(ClassLoader.java:1108)
	at java.base/java.security.SecureClassLoader.defineClass(SecureClassLoader.java:182)
	at java.base/jdk.internal.loader.BuiltinClassLoader.defineClass(BuiltinClassLoader.java:821)
	at java.base/jdk.internal.loader.BuiltinClassLoader.findClassInModuleOrNull(BuiltinClassLoader.java:741)
	at java.base/jdk.internal.loader.BuiltinClassLoader.loadClassOrNull(BuiltinClassLoader.java:665)
	at java.base/jdk.internal.loader.BuiltinClassLoader.loadClassOrNull(BuiltinClassLoader.java:700)
	at java.base/jdk.internal.loader.BuiltinClassLoader.loadClassOrNull(BuiltinClassLoader.java:669)
	at java.base/jdk.internal.loader.BuiltinClassLoader.loadClass(BuiltinClassLoader.java:639)
	at java.base/jdk.internal.loader.ClassLoaders$AppClassLoader.loadClass(ClassLoaders.java:188)
	at java.base/java.lang.ClassLoader.loadClass(ClassLoader.java:525)
	at java.base/java.lang.Class.forName0(Native Method)
	at java.base/java.lang.Class.forName(Class.java:377)
	at org.junit.jupiter.engine.extension.ScriptExecutionCondition$Evaluator.forName(ScriptExecutionCondition.java:139)
	at org.junit.jupiter.engine.extension.ScriptExecutionCondition$Evaluator.forName(ScriptExecutionCondition.java:133)
	at org.junit.jupiter.engine.extension.ScriptExecutionCondition.<init>(ScriptExecutionCondition.java:55)
	at org.junit.jupiter.engine.extension.ScriptExecutionCondition.<init>(ScriptExecutionCondition.java:50)
	at org.junit.jupiter.engine.extension.ExtensionRegistry.<clinit>(ExtensionRegistry.java:53)
	at org.junit.jupiter.engine.descriptor.JupiterEngineDescriptor.prepare(JupiterEngineDescriptor.java:52)
	at org.junit.jupiter.engine.descriptor.JupiterEngineDescriptor.prepare(JupiterEngineDescriptor.java:30)
	at org.junit.platform.engine.support.hierarchical.NodeTestTask.lambda$prepare$1(NodeTestTask.java:107)
	at org.junit.platform.engine.support.hierarchical.ThrowableCollector.execute(ThrowableCollector.java:73)
	at org.junit.platform.engine.support.hierarchical.NodeTestTask.prepare(NodeTestTask.java:107)
	at org.junit.platform.engine.support.hierarchical.NodeTestTask.execute(NodeTestTask.java:75)
	at org.junit.platform.engine.support.hierarchical.SameThreadHierarchicalTestExecutorService.submit(SameThreadHierarchicalTestExecutorService.java:32)
	at org.junit.platform.engine.support.hierarchical.HierarchicalTestExecutor.execute(HierarchicalTestExecutor.java:57)
	at org.junit.platform.engine.support.hierarchical.HierarchicalTestEngine.execute(HierarchicalTestEngine.java:51)
	at org.junit.platform.launcher.core.DefaultLauncher.execute(DefaultLauncher.java:170)
	at org.junit.platform.launcher.core.DefaultLauncher.execute(DefaultLauncher.java:154)
	at org.junit.platform.launcher.core.DefaultLauncher.execute(DefaultLauncher.java:90)
	at org.apache.maven.surefire.junitplatform.JUnitPlatformProvider.invokeAllTests(JUnitPlatformProvider.java:142)
	at org.apache.maven.surefire.junitplatform.JUnitPlatformProvider.invoke(JUnitPlatformProvider.java:117)
	at org.apache.maven.surefire.booter.ForkedBooter.invokeProviderInSameClassLoader(ForkedBooter.java:383)
	at org.apache.maven.surefire.booter.ForkedBooter.runSuitesInProcess(ForkedBooter.java:344)
	at org.apache.maven.surefire.booter.ForkedBooter.execute(ForkedBooter.java:125)
	at org.apache.maven.surefire.booter.ForkedBooter.main(ForkedBooter.java:417)
Caused by: java.io.IOException: Error while instrumenting javax/script/ScriptEngine.
	at org.jacoco.agent.rt.internal_43f5073.core.instr.Instrumenter.instrumentError(Instrumenter.java:159)
	at org.jacoco.agent.rt.internal_43f5073.core.instr.Instrumenter.instrument(Instrumenter.java:109)
	at org.jacoco.agent.rt.internal_43f5073.CoverageTransformer.transform(CoverageTransformer.java:92)
	... 39 more
Caused by: java.lang.IllegalArgumentException: Unsupported class file major version 61
	at org.jacoco.agent.rt.internal_43f5073.asm.ClassReader.<init>(ClassReader.java:195)
	at org.jacoco.agent.rt.internal_43f5073.asm.ClassReader.<init>(ClassReader.java:176)
	at org.jacoco.agent.rt.internal_43f5073.asm.ClassReader.<init>(ClassReader.java:162)
	at org.jacoco.agent.rt.internal_43f5073.core.internal.instr.InstrSupport.classReaderFor(InstrSupport.java:280)
	at org.jacoco.agent.rt.internal_43f5073.core.instr.Instrumenter.instrument(Instrumenter.java:75)
	at org.jacoco.agent.rt.internal_43f5073.core.instr.Instrumenter.instrument(Instrumenter.java:107)
	... 40 more
java.lang.instrument.IllegalClassFormatException: Error while instrumenting javax/script/ScriptException.
	at org.jacoco.agent.rt.internal_43f5073.CoverageTransformer.transform(CoverageTransformer.java:94)
	at java.instrument/java.lang.instrument.ClassFileTransformer.transform(ClassFileTransformer.java:244)
	at java.instrument/sun.instrument.TransformerManager.transform(TransformerManager.java:188)
	at java.instrument/sun.instrument.InstrumentationImpl.transform(InstrumentationImpl.java:541)
	at java.base/java.lang.ClassLoader.defineClass2(Native Method)
	at java.base/java.lang.ClassLoader.defineClass(ClassLoader.java:1108)
	at java.base/java.security.SecureClassLoader.defineClass(SecureClassLoader.java:182)
	at java.base/jdk.internal.loader.BuiltinClassLoader.defineClass(BuiltinClassLoader.java:821)
	at java.base/jdk.internal.loader.BuiltinClassLoader.findClassInModuleOrNull(BuiltinClassLoader.java:741)
	at java.base/jdk.internal.loader.BuiltinClassLoader.loadClassOrNull(BuiltinClassLoader.java:665)
	at java.base/jdk.internal.loader.BuiltinClassLoader.loadClassOrNull(BuiltinClassLoader.java:700)
	at java.base/jdk.internal.loader.BuiltinClassLoader.loadClassOrNull(BuiltinClassLoader.java:669)
	at java.base/jdk.internal.loader.BuiltinClassLoader.loadClass(BuiltinClassLoader.java:639)
	at java.base/jdk.internal.loader.ClassLoaders$AppClassLoader.loadClass(ClassLoaders.java:188)
	at java.base/java.lang.ClassLoader.loadClass(ClassLoader.java:525)
	at java.base/java.lang.Class.forName0(Native Method)
	at java.base/java.lang.Class.forName(Class.java:377)
	at org.junit.jupiter.engine.extension.ScriptExecutionCondition$Evaluator.forName(ScriptExecutionCondition.java:153)
	at org.junit.jupiter.engine.extension.ScriptExecutionCondition$Evaluator.forName(ScriptExecutionCondition.java:133)
	at org.junit.jupiter.engine.extension.ScriptExecutionCondition.<init>(ScriptExecutionCondition.java:55)
	at org.junit.jupiter.engine.extension.ScriptExecutionCondition.<init>(ScriptExecutionCondition.java:50)
	at org.junit.jupiter.engine.extension.ExtensionRegistry.<clinit>(ExtensionRegistry.java:53)
	at org.junit.jupiter.engine.descriptor.JupiterEngineDescriptor.prepare(JupiterEngineDescriptor.java:52)
	at org.junit.jupiter.engine.descriptor.JupiterEngineDescriptor.prepare(JupiterEngineDescriptor.java:30)
	at org.junit.platform.engine.support.hierarchical.NodeTestTask.lambda$prepare$1(NodeTestTask.java:107)
	at org.junit.platform.engine.support.hierarchical.ThrowableCollector.execute(ThrowableCollector.java:73)
	at org.junit.platform.engine.support.hierarchical.NodeTestTask.prepare(NodeTestTask.java:107)
	at org.junit.platform.engine.support.hierarchical.NodeTestTask.execute(NodeTestTask.java:75)
	at org.junit.platform.engine.support.hierarchical.SameThreadHierarchicalTestExecutorService.submit(SameThreadHierarchicalTestExecutorService.java:32)
	at org.junit.platform.engine.support.hierarchical.HierarchicalTestExecutor.execute(HierarchicalTestExecutor.java:57)
	at org.junit.platform.engine.support.hierarchical.HierarchicalTestEngine.execute(HierarchicalTestEngine.java:51)
	at org.junit.platform.launcher.core.DefaultLauncher.execute(DefaultLauncher.java:170)
	at org.junit.platform.launcher.core.DefaultLauncher.execute(DefaultLauncher.java:154)
	at org.junit.platform.launcher.core.DefaultLauncher.execute(DefaultLauncher.java:90)
	at org.apache.maven.surefire.junitplatform.JUnitPlatformProvider.invokeAllTests(JUnitPlatformProvider.java:142)
	at org.apache.maven.surefire.junitplatform.JUnitPlatformProvider.invoke(JUnitPlatformProvider.java:117)
	at org.apache.maven.surefire.booter.ForkedBooter.invokeProviderInSameClassLoader(ForkedBooter.java:383)
	at org.apache.maven.surefire.booter.ForkedBooter.runSuitesInProcess(ForkedBooter.java:344)
	at org.apache.maven.surefire.booter.ForkedBooter.execute(ForkedBooter.java:125)
	at org.apache.maven.surefire.booter.ForkedBooter.main(ForkedBooter.java:417)
Caused by: java.io.IOException: Error while instrumenting javax/script/ScriptException.
	at org.jacoco.agent.rt.internal_43f5073.core.instr.Instrumenter.instrumentError(Instrumenter.java:159)
	at org.jacoco.agent.rt.internal_43f5073.core.instr.Instrumenter.instrument(Instrumenter.java:109)
	at org.jacoco.agent.rt.internal_43f5073.CoverageTransformer.transform(CoverageTransformer.java:92)
	... 39 more
Caused by: java.lang.IllegalArgumentException: Unsupported class file major version 61
	at org.jacoco.agent.rt.internal_43f5073.asm.ClassReader.<init>(ClassReader.java:195)
	at org.jacoco.agent.rt.internal_43f5073.asm.ClassReader.<init>(ClassReader.java:176)
	at org.jacoco.agent.rt.internal_43f5073.asm.ClassReader.<init>(ClassReader.java:162)
	at org.jacoco.agent.rt.internal_43f5073.core.internal.instr.InstrSupport.classReaderFor(InstrSupport.java:280)
	at org.jacoco.agent.rt.internal_43f5073.core.instr.Instrumenter.instrument(Instrumenter.java:75)
	at org.jacoco.agent.rt.internal_43f5073.core.instr.Instrumenter.instrument(Instrumenter.java:107)
	... 40 more
java.lang.instrument.IllegalClassFormatException: Error while instrumenting javax/script/Bindings.
	at org.jacoco.agent.rt.internal_43f5073.CoverageTransformer.transform(CoverageTransformer.java:94)
	at java.instrument/java.lang.instrument.ClassFileTransformer.transform(ClassFileTransformer.java:244)
	at java.instrument/sun.instrument.TransformerManager.transform(TransformerManager.java:188)
	at java.instrument/sun.instrument.InstrumentationImpl.transform(InstrumentationImpl.java:541)
	at java.base/java.lang.ClassLoader.defineClass2(Native Method)
	at java.base/java.lang.ClassLoader.defineClass(ClassLoader.java:1108)
	at java.base/java.security.SecureClassLoader.defineClass(SecureClassLoader.java:182)
	at java.base/jdk.internal.loader.BuiltinClassLoader.defineClass(BuiltinClassLoader.java:821)
	at java.base/jdk.internal.loader.BuiltinClassLoader.findClassInModuleOrNull(BuiltinClassLoader.java:741)
	at java.base/jdk.internal.loader.BuiltinClassLoader.loadClassOrNull(BuiltinClassLoader.java:665)
	at java.base/jdk.internal.loader.BuiltinClassLoader.loadClassOrNull(BuiltinClassLoader.java:700)
	at java.base/jdk.internal.loader.BuiltinClassLoader.loadClassOrNull(BuiltinClassLoader.java:669)
	at java.base/jdk.internal.loader.BuiltinClassLoader.loadClass(BuiltinClassLoader.java:639)
	at java.base/jdk.internal.loader.ClassLoaders$AppClassLoader.loadClass(ClassLoaders.java:188)
	at java.base/java.lang.ClassLoader.loadClass(ClassLoader.java:525)
	at java.base/java.lang.Class.forName0(Native Method)
	at java.base/java.lang.Class.forName(Class.java:377)
	at org.junit.jupiter.engine.extension.ScriptExecutionCondition$Evaluator.forName(ScriptExecutionCondition.java:153)
	at org.junit.jupiter.engine.extension.ScriptExecutionCondition$Evaluator.forName(ScriptExecutionCondition.java:133)
	at org.junit.jupiter.engine.extension.ScriptExecutionCondition.<init>(ScriptExecutionCondition.java:55)
	at org.junit.jupiter.engine.extension.ScriptExecutionCondition.<init>(ScriptExecutionCondition.java:50)
	at org.junit.jupiter.engine.extension.ExtensionRegistry.<clinit>(ExtensionRegistry.java:53)
	at org.junit.jupiter.engine.descriptor.JupiterEngineDescriptor.prepare(JupiterEngineDescriptor.java:52)
	at org.junit.jupiter.engine.descriptor.JupiterEngineDescriptor.prepare(JupiterEngineDescriptor.java:30)
	at org.junit.platform.engine.support.hierarchical.NodeTestTask.lambda$prepare$1(NodeTestTask.java:107)
	at org.junit.platform.engine.support.hierarchical.ThrowableCollector.execute(ThrowableCollector.java:73)
	at org.junit.platform.engine.support.hierarchical.NodeTestTask.prepare(NodeTestTask.java:107)
	at org.junit.platform.engine.support.hierarchical.NodeTestTask.execute(NodeTestTask.java:75)
	at org.junit.platform.engine.support.hierarchical.SameThreadHierarchicalTestExecutorService.submit(SameThreadHierarchicalTestExecutorService.java:32)
	at org.junit.platform.engine.support.hierarchical.HierarchicalTestExecutor.execute(HierarchicalTestExecutor.java:57)
	at org.junit.platform.engine.support.hierarchical.HierarchicalTestEngine.execute(HierarchicalTestEngine.java:51)
	at org.junit.platform.launcher.core.DefaultLauncher.execute(DefaultLauncher.java:170)
	at org.junit.platform.launcher.core.DefaultLauncher.execute(DefaultLauncher.java:154)
	at org.junit.platform.launcher.core.DefaultLauncher.execute(DefaultLauncher.java:90)
	at org.apache.maven.surefire.junitplatform.JUnitPlatformProvider.invokeAllTests(JUnitPlatformProvider.java:142)
	at org.apache.maven.surefire.junitplatform.JUnitPlatformProvider.invoke(JUnitPlatformProvider.java:117)
	at org.apache.maven.surefire.booter.ForkedBooter.invokeProviderInSameClassLoader(ForkedBooter.java:383)
	at org.apache.maven.surefire.booter.ForkedBooter.runSuitesInProcess(ForkedBooter.java:344)
	at org.apache.maven.surefire.booter.ForkedBooter.execute(ForkedBooter.java:125)
	at org.apache.maven.surefire.booter.ForkedBooter.main(ForkedBooter.java:417)
Caused by: java.io.IOException: Error while instrumenting javax/script/Bindings.
	at org.jacoco.agent.rt.internal_43f5073.core.instr.Instrumenter.instrumentError(Instrumenter.java:159)
	at org.jacoco.agent.rt.internal_43f5073.core.instr.Instrumenter.instrument(Instrumenter.java:109)
	at org.jacoco.agent.rt.internal_43f5073.CoverageTransformer.transform(CoverageTransformer.java:92)
	... 39 more
Caused by: java.lang.IllegalArgumentException: Unsupported class file major version 61
	at org.jacoco.agent.rt.internal_43f5073.asm.ClassReader.<init>(ClassReader.java:195)
	at org.jacoco.agent.rt.internal_43f5073.asm.ClassReader.<init>(ClassReader.java:176)
	at org.jacoco.agent.rt.internal_43f5073.asm.ClassReader.<init>(ClassReader.java:162)
	at org.jacoco.agent.rt.internal_43f5073.core.internal.instr.InstrSupport.classReaderFor(InstrSupport.java:280)
	at org.jacoco.agent.rt.internal_43f5073.core.instr.Instrumenter.instrument(Instrumenter.java:75)
	at org.jacoco.agent.rt.internal_43f5073.core.instr.Instrumenter.instrument(Instrumenter.java:107)
	... 40 more
java.lang.instrument.IllegalClassFormatException: Error while instrumenting javax/script/ScriptEngineManager.
	at org.jacoco.agent.rt.internal_43f5073.CoverageTransformer.transform(CoverageTransformer.java:94)
	at java.instrument/java.lang.instrument.ClassFileTransformer.transform(ClassFileTransformer.java:244)
	at java.instrument/sun.instrument.TransformerManager.transform(TransformerManager.java:188)
	at java.instrument/sun.instrument.InstrumentationImpl.transform(InstrumentationImpl.java:541)
	at java.base/java.lang.ClassLoader.defineClass2(Native Method)
	at java.base/java.lang.ClassLoader.defineClass(ClassLoader.java:1108)
	at java.base/java.security.SecureClassLoader.defineClass(SecureClassLoader.java:182)
	at java.base/jdk.internal.loader.BuiltinClassLoader.defineClass(BuiltinClassLoader.java:821)
	at java.base/jdk.internal.loader.BuiltinClassLoader.findClassInModuleOrNull(BuiltinClassLoader.java:741)
	at java.base/jdk.internal.loader.BuiltinClassLoader.loadClassOrNull(BuiltinClassLoader.java:665)
	at java.base/jdk.internal.loader.BuiltinClassLoader.loadClassOrNull(BuiltinClassLoader.java:700)
	at java.base/jdk.internal.loader.BuiltinClassLoader.loadClassOrNull(BuiltinClassLoader.java:669)
	at java.base/jdk.internal.loader.BuiltinClassLoader.loadClass(BuiltinClassLoader.java:639)
	at java.base/jdk.internal.loader.ClassLoaders$AppClassLoader.loadClass(ClassLoaders.java:188)
	at java.base/java.lang.ClassLoader.loadClass(ClassLoader.java:525)
	at org.junit.jupiter.engine.script.ScriptExecutionManager.<init>(ScriptExecutionManager.java:37)
	at org.junit.jupiter.engine.extension.ScriptExecutionEvaluator.<init>(ScriptExecutionEvaluator.java:42)
	at java.base/jdk.internal.reflect.NativeConstructorAccessorImpl.newInstance0(Native Method)
	at java.base/jdk.internal.reflect.NativeConstructorAccessorImpl.newInstance(NativeConstructorAccessorImpl.java:77)
	at java.base/jdk.internal.reflect.DelegatingConstructorAccessorImpl.newInstance(DelegatingConstructorAccessorImpl.java:45)
	at java.base/java.lang.reflect.Constructor.newInstanceWithCaller(Constructor.java:500)
	at java.base/java.lang.reflect.Constructor.newInstance(Constructor.java:481)
	at org.junit.jupiter.engine.extension.ScriptExecutionCondition$Evaluator.forName(ScriptExecutionCondition.java:153)
	at org.junit.jupiter.engine.extension.ScriptExecutionCondition$Evaluator.forName(ScriptExecutionCondition.java:133)
	at org.junit.jupiter.engine.extension.ScriptExecutionCondition.<init>(ScriptExecutionCondition.java:55)
	at org.junit.jupiter.engine.extension.ScriptExecutionCondition.<init>(ScriptExecutionCondition.java:50)
	at org.junit.jupiter.engine.extension.ExtensionRegistry.<clinit>(ExtensionRegistry.java:53)
	at org.junit.jupiter.engine.descriptor.JupiterEngineDescriptor.prepare(JupiterEngineDescriptor.java:52)
	at org.junit.jupiter.engine.descriptor.JupiterEngineDescriptor.prepare(JupiterEngineDescriptor.java:30)
	at org.junit.platform.engine.support.hierarchical.NodeTestTask.lambda$prepare$1(NodeTestTask.java:107)
	at org.junit.platform.engine.support.hierarchical.ThrowableCollector.execute(ThrowableCollector.java:73)
	at org.junit.platform.engine.support.hierarchical.NodeTestTask.prepare(NodeTestTask.java:107)
	at org.junit.platform.engine.support.hierarchical.NodeTestTask.execute(NodeTestTask.java:75)
	at org.junit.platform.engine.support.hierarchical.SameThreadHierarchicalTestExecutorService.submit(SameThreadHierarchicalTestExecutorService.java:32)
	at org.junit.platform.engine.support.hierarchical.HierarchicalTestExecutor.execute(HierarchicalTestExecutor.java:57)
	at org.junit.platform.engine.support.hierarchical.HierarchicalTestEngine.execute(HierarchicalTestEngine.java:51)
	at org.junit.platform.launcher.core.DefaultLauncher.execute(DefaultLauncher.java:170)
	at org.junit.platform.launcher.core.DefaultLauncher.execute(DefaultLauncher.java:154)
	at org.junit.platform.launcher.core.DefaultLauncher.execute(DefaultLauncher.java:90)
	at org.apache.maven.surefire.junitplatform.JUnitPlatformProvider.invokeAllTests(JUnitPlatformProvider.java:142)
	at org.apache.maven.surefire.junitplatform.JUnitPlatformProvider.invoke(JUnitPlatformProvider.java:117)
	at org.apache.maven.surefire.booter.ForkedBooter.invokeProviderInSameClassLoader(ForkedBooter.java:383)
	at org.apache.maven.surefire.booter.ForkedBooter.runSuitesInProcess(ForkedBooter.java:344)
	at org.apache.maven.surefire.booter.ForkedBooter.execute(ForkedBooter.java:125)
	at org.apache.maven.surefire.booter.ForkedBooter.main(ForkedBooter.java:417)
Caused by: java.io.IOException: Error while instrumenting javax/script/ScriptEngineManager.
	at org.jacoco.agent.rt.internal_43f5073.core.instr.Instrumenter.instrumentError(Instrumenter.java:159)
	at org.jacoco.agent.rt.internal_43f5073.core.instr.Instrumenter.instrument(Instrumenter.java:109)
	at org.jacoco.agent.rt.internal_43f5073.CoverageTransformer.transform(CoverageTransformer.java:92)
	... 44 more
Caused by: java.lang.IllegalArgumentException: Unsupported class file major version 61
	at org.jacoco.agent.rt.internal_43f5073.asm.ClassReader.<init>(ClassReader.java:195)
	at org.jacoco.agent.rt.internal_43f5073.asm.ClassReader.<init>(ClassReader.java:176)
	at org.jacoco.agent.rt.internal_43f5073.asm.ClassReader.<init>(ClassReader.java:162)
	at org.jacoco.agent.rt.internal_43f5073.core.internal.instr.InstrSupport.classReaderFor(InstrSupport.java:280)
	at org.jacoco.agent.rt.internal_43f5073.core.instr.Instrumenter.instrument(Instrumenter.java:75)
	at org.jacoco.agent.rt.internal_43f5073.core.instr.Instrumenter.instrument(Instrumenter.java:107)
	... 45 more
java.lang.instrument.IllegalClassFormatException: Error while instrumenting javax/script/ScriptEngineFactory.
	at org.jacoco.agent.rt.internal_43f5073.CoverageTransformer.transform(CoverageTransformer.java:94)
	at java.instrument/java.lang.instrument.ClassFileTransformer.transform(ClassFileTransformer.java:244)
	at java.instrument/sun.instrument.TransformerManager.transform(TransformerManager.java:188)
	at java.instrument/sun.instrument.InstrumentationImpl.transform(InstrumentationImpl.java:541)
	at java.base/java.lang.ClassLoader.defineClass2(Native Method)
	at java.base/java.lang.ClassLoader.defineClass(ClassLoader.java:1108)
	at java.base/java.security.SecureClassLoader.defineClass(SecureClassLoader.java:182)
	at java.base/jdk.internal.loader.BuiltinClassLoader.defineClass(BuiltinClassLoader.java:821)
	at java.base/jdk.internal.loader.BuiltinClassLoader.findClassInModuleOrNull(BuiltinClassLoader.java:741)
	at java.base/jdk.internal.loader.BuiltinClassLoader.loadClassOrNull(BuiltinClassLoader.java:665)
	at java.base/jdk.internal.loader.BuiltinClassLoader.loadClass(BuiltinClassLoader.java:639)
	at java.base/java.lang.ClassLoader.loadClass(ClassLoader.java:525)
	at java.scripting/javax.script.ScriptEngineManager.<clinit>(ScriptEngineManager.java:315)
	at org.junit.jupiter.engine.script.ScriptExecutionManager.<init>(ScriptExecutionManager.java:37)
	at org.junit.jupiter.engine.extension.ScriptExecutionEvaluator.<init>(ScriptExecutionEvaluator.java:42)
	at java.base/jdk.internal.reflect.NativeConstructorAccessorImpl.newInstance0(Native Method)
	at java.base/jdk.internal.reflect.NativeConstructorAccessorImpl.newInstance(NativeConstructorAccessorImpl.java:77)
	at java.base/jdk.internal.reflect.DelegatingConstructorAccessorImpl.newInstance(DelegatingConstructorAccessorImpl.java:45)
	at java.base/java.lang.reflect.Constructor.newInstanceWithCaller(Constructor.java:500)
	at java.base/java.lang.reflect.Constructor.newInstance(Constructor.java:481)
	at org.junit.jupiter.engine.extension.ScriptExecutionCondition$Evaluator.forName(ScriptExecutionCondition.java:153)
	at org.junit.jupiter.engine.extension.ScriptExecutionCondition$Evaluator.forName(ScriptExecutionCondition.java:133)
	at org.junit.jupiter.engine.extension.ScriptExecutionCondition.<init>(ScriptExecutionCondition.java:55)
	at org.junit.jupiter.engine.extension.ScriptExecutionCondition.<init>(ScriptExecutionCondition.java:50)
	at org.junit.jupiter.engine.extension.ExtensionRegistry.<clinit>(ExtensionRegistry.java:53)
	at org.junit.jupiter.engine.descriptor.JupiterEngineDescriptor.prepare(JupiterEngineDescriptor.java:52)
	at org.junit.jupiter.engine.descriptor.JupiterEngineDescriptor.prepare(JupiterEngineDescriptor.java:30)
	at org.junit.platform.engine.support.hierarchical.NodeTestTask.lambda$prepare$1(NodeTestTask.java:107)
	at org.junit.platform.engine.support.hierarchical.ThrowableCollector.execute(ThrowableCollector.java:73)
	at org.junit.platform.engine.support.hierarchical.NodeTestTask.prepare(NodeTestTask.java:107)
	at org.junit.platform.engine.support.hierarchical.NodeTestTask.execute(NodeTestTask.java:75)
	at org.junit.platform.engine.support.hierarchical.SameThreadHierarchicalTestExecutorService.submit(SameThreadHierarchicalTestExecutorService.java:32)
	at org.junit.platform.engine.support.hierarchical.HierarchicalTestExecutor.execute(HierarchicalTestExecutor.java:57)
	at org.junit.platform.engine.support.hierarchical.HierarchicalTestEngine.execute(HierarchicalTestEngine.java:51)
	at org.junit.platform.launcher.core.DefaultLauncher.execute(DefaultLauncher.java:170)
	at org.junit.platform.launcher.core.DefaultLauncher.execute(DefaultLauncher.java:154)
	at org.junit.platform.launcher.core.DefaultLauncher.execute(DefaultLauncher.java:90)
	at org.apache.maven.surefire.junitplatform.JUnitPlatformProvider.invokeAllTests(JUnitPlatformProvider.java:142)
	at org.apache.maven.surefire.junitplatform.JUnitPlatformProvider.invoke(JUnitPlatformProvider.java:117)
	at org.apache.maven.surefire.booter.ForkedBooter.invokeProviderInSameClassLoader(ForkedBooter.java:383)
	at org.apache.maven.surefire.booter.ForkedBooter.runSuitesInProcess(ForkedBooter.java:344)
	at org.apache.maven.surefire.booter.ForkedBooter.execute(ForkedBooter.java:125)
	at org.apache.maven.surefire.booter.ForkedBooter.main(ForkedBooter.java:417)
Caused by: java.io.IOException: Error while instrumenting javax/script/ScriptEngineFactory.
	at org.jacoco.agent.rt.internal_43f5073.core.instr.Instrumenter.instrumentError(Instrumenter.java:159)
	at org.jacoco.agent.rt.internal_43f5073.core.instr.Instrumenter.instrument(Instrumenter.java:109)
	at org.jacoco.agent.rt.internal_43f5073.CoverageTransformer.transform(CoverageTransformer.java:92)
	... 42 more
Caused by: java.lang.IllegalArgumentException: Unsupported class file major version 61
	at org.jacoco.agent.rt.internal_43f5073.asm.ClassReader.<init>(ClassReader.java:195)
	at org.jacoco.agent.rt.internal_43f5073.asm.ClassReader.<init>(ClassReader.java:176)
	at org.jacoco.agent.rt.internal_43f5073.asm.ClassReader.<init>(ClassReader.java:162)
	at org.jacoco.agent.rt.internal_43f5073.core.internal.instr.InstrSupport.classReaderFor(InstrSupport.java:280)
	at org.jacoco.agent.rt.internal_43f5073.core.instr.Instrumenter.instrument(Instrumenter.java:75)
	at org.jacoco.agent.rt.internal_43f5073.core.instr.Instrumenter.instrument(Instrumenter.java:107)
	... 43 more
java.lang.instrument.IllegalClassFormatException: Error while instrumenting javax/script/SimpleBindings.
	at org.jacoco.agent.rt.internal_43f5073.CoverageTransformer.transform(CoverageTransformer.java:94)
	at java.instrument/java.lang.instrument.ClassFileTransformer.transform(ClassFileTransformer.java:244)
	at java.instrument/sun.instrument.TransformerManager.transform(TransformerManager.java:188)
	at java.instrument/sun.instrument.InstrumentationImpl.transform(InstrumentationImpl.java:541)
	at java.base/java.lang.ClassLoader.defineClass2(Native Method)
	at java.base/java.lang.ClassLoader.defineClass(ClassLoader.java:1108)
	at java.base/java.security.SecureClassLoader.defineClass(SecureClassLoader.java:182)
	at java.base/jdk.internal.loader.BuiltinClassLoader.defineClass(BuiltinClassLoader.java:821)
	at java.base/jdk.internal.loader.BuiltinClassLoader.findClassInModuleOrNull(BuiltinClassLoader.java:741)
	at java.base/jdk.internal.loader.BuiltinClassLoader.loadClassOrNull(BuiltinClassLoader.java:665)
	at java.base/jdk.internal.loader.BuiltinClassLoader.loadClass(BuiltinClassLoader.java:639)
	at java.base/java.lang.ClassLoader.loadClass(ClassLoader.java:525)
	at java.scripting/javax.script.ScriptEngineManager.<init>(ScriptEngineManager.java:333)
	at java.scripting/javax.script.ScriptEngineManager.<init>(ScriptEngineManager.java:63)
	at org.junit.jupiter.engine.script.ScriptExecutionManager.<init>(ScriptExecutionManager.java:37)
	at org.junit.jupiter.engine.extension.ScriptExecutionEvaluator.<init>(ScriptExecutionEvaluator.java:42)
	at java.base/jdk.internal.reflect.NativeConstructorAccessorImpl.newInstance0(Native Method)
	at java.base/jdk.internal.reflect.NativeConstructorAccessorImpl.newInstance(NativeConstructorAccessorImpl.java:77)
	at java.base/jdk.internal.reflect.DelegatingConstructorAccessorImpl.newInstance(DelegatingConstructorAccessorImpl.java:45)
	at java.base/java.lang.reflect.Constructor.newInstanceWithCaller(Constructor.java:500)
	at java.base/java.lang.reflect.Constructor.newInstance(Constructor.java:481)
	at org.junit.jupiter.engine.extension.ScriptExecutionCondition$Evaluator.forName(ScriptExecutionCondition.java:153)
	at org.junit.jupiter.engine.extension.ScriptExecutionCondition$Evaluator.forName(ScriptExecutionCondition.java:133)
	at org.junit.jupiter.engine.extension.ScriptExecutionCondition.<init>(ScriptExecutionCondition.java:55)
	at org.junit.jupiter.engine.extension.ScriptExecutionCondition.<init>(ScriptExecutionCondition.java:50)
	at org.junit.jupiter.engine.extension.ExtensionRegistry.<clinit>(ExtensionRegistry.java:53)
	at org.junit.jupiter.engine.descriptor.JupiterEngineDescriptor.prepare(JupiterEngineDescriptor.java:52)
	at org.junit.jupiter.engine.descriptor.JupiterEngineDescriptor.prepare(JupiterEngineDescriptor.java:30)
	at org.junit.platform.engine.support.hierarchical.NodeTestTask.lambda$prepare$1(NodeTestTask.java:107)
	at org.junit.platform.engine.support.hierarchical.ThrowableCollector.execute(ThrowableCollector.java:73)
	at org.junit.platform.engine.support.hierarchical.NodeTestTask.prepare(NodeTestTask.java:107)
	at org.junit.platform.engine.support.hierarchical.NodeTestTask.execute(NodeTestTask.java:75)
	at org.junit.platform.engine.support.hierarchical.SameThreadHierarchicalTestExecutorService.submit(SameThreadHierarchicalTestExecutorService.java:32)
	at org.junit.platform.engine.support.hierarchical.HierarchicalTestExecutor.execute(HierarchicalTestExecutor.java:57)
	at org.junit.platform.engine.support.hierarchical.HierarchicalTestEngine.execute(HierarchicalTestEngine.java:51)
	at org.junit.platform.launcher.core.DefaultLauncher.execute(DefaultLauncher.java:170)
	at org.junit.platform.launcher.core.DefaultLauncher.execute(DefaultLauncher.java:154)
	at org.junit.platform.launcher.core.DefaultLauncher.execute(DefaultLauncher.java:90)
	at org.apache.maven.surefire.junitplatform.JUnitPlatformProvider.invokeAllTests(JUnitPlatformProvider.java:142)
	at org.apache.maven.surefire.junitplatform.JUnitPlatformProvider.invoke(JUnitPlatformProvider.java:117)
	at org.apache.maven.surefire.booter.ForkedBooter.invokeProviderInSameClassLoader(ForkedBooter.java:383)
	at org.apache.maven.surefire.booter.ForkedBooter.runSuitesInProcess(ForkedBooter.java:344)
	at org.apache.maven.surefire.booter.ForkedBooter.execute(ForkedBooter.java:125)
	at org.apache.maven.surefire.booter.ForkedBooter.main(ForkedBooter.java:417)
Caused by: java.io.IOException: Error while instrumenting javax/script/SimpleBindings.
	at org.jacoco.agent.rt.internal_43f5073.core.instr.Instrumenter.instrumentError(Instrumenter.java:159)
	at org.jacoco.agent.rt.internal_43f5073.core.instr.Instrumenter.instrument(Instrumenter.java:109)
	at org.jacoco.agent.rt.internal_43f5073.CoverageTransformer.transform(CoverageTransformer.java:92)
	... 43 more
Caused by: java.lang.IllegalArgumentException: Unsupported class file major version 61
	at org.jacoco.agent.rt.internal_43f5073.asm.ClassReader.<init>(ClassReader.java:195)
	at org.jacoco.agent.rt.internal_43f5073.asm.ClassReader.<init>(ClassReader.java:176)
	at org.jacoco.agent.rt.internal_43f5073.asm.ClassReader.<init>(ClassReader.java:162)
	at org.jacoco.agent.rt.internal_43f5073.core.internal.instr.InstrSupport.classReaderFor(InstrSupport.java:280)
	at org.jacoco.agent.rt.internal_43f5073.core.instr.Instrumenter.instrument(Instrumenter.java:75)
	at org.jacoco.agent.rt.internal_43f5073.core.instr.Instrumenter.instrument(Instrumenter.java:107)
	... 44 more
2026-02-19 15:24:44.530:INFO:oejs.Server:jetty-8.1.9.v20130131
2026-02-19 15:24:44.539:INFO:oejs.AbstractConnector:Started SelectChannelConnector@0.0.0.0:34383
2026-02-19 15:24:44.539:INFO:oejs.Server:jetty-8.1.9.v20130131
2026-02-19 15:24:44.544:INFO:oejs.AbstractConnector:Started SelectChannelConnector@0.0.0.0:38021
Test suite cannot show you a thread snapshot: java.lang.reflect.InaccessibleObjectException: Unable to make field private java.lang.Runnable java.lang.Thread.target accessible: module java.base does not "opens java.lang" to unnamed module @20abdeca
java.lang.instrument.IllegalClassFormatException: Error while instrumenting javax/script/ScriptEngine.
	at org.jacoco.agent.rt.internal_43f5073.CoverageTransformer.transform(CoverageTransformer.java:94)
	at java.instrument/java.lang.instrument.ClassFileTransformer.transform(ClassFileTransformer.java:244)
	at java.instrument/sun.instrument.TransformerManager.transform(TransformerManager.java:188)
	at java.instrument/sun.instrument.InstrumentationImpl.transform(InstrumentationImpl.java:541)
	at java.base/java.lang.ClassLoader.defineClass2(Native Method)
	at java.base/java.lang.ClassLoader.defineClass(ClassLoader.java:1108)
	at java.base/java.security.SecureClassLoader.defineClass(SecureClassLoader.java:182)
	at java.base/jdk.internal.loader.BuiltinClassLoader.defineClass(BuiltinClassLoader.java:821)
	at java.base/jdk.internal.loader.BuiltinClassLoader.findClassInModuleOrNull(BuiltinClassLoader.java:741)
	at java.base/jdk.internal.loader.BuiltinClassLoader.loadClassOrNull(BuiltinClassLoader.java:665)
	at java.base/jdk.internal.loader.BuiltinClassLoader.loadClassOrNull(BuiltinClassLoader.java:700)
	at java.base/jdk.internal.loader.BuiltinClassLoader.loadClassOrNull(BuiltinClassLoader.java:669)
	at java.base/jdk.internal.loader.BuiltinClassLoader.loadClass(BuiltinClassLoader.java:639)
	at java.base/jdk.internal.loader.ClassLoaders$AppClassLoader.loadClass(ClassLoaders.java:188)
	at java.base/java.lang.ClassLoader.loadClass(ClassLoader.java:525)
	at java.base/java.lang.Class.forName0(Native Method)
	at java.base/java.lang.Class.forName(Class.java:377)
	at org.junit.jupiter.engine.extension.ScriptExecutionCondition$Evaluator.forName(ScriptExecutionCondition.java:139)
	at org.junit.jupiter.engine.extension.ScriptExecutionCondition$Evaluator.forName(ScriptExecutionCondition.java:133)
	at org.junit.jupiter.engine.extension.ScriptExecutionCondition.<init>(ScriptExecutionCondition.java:55)
	at org.junit.jupiter.engine.extension.ScriptExecutionCondition.<init>(ScriptExecutionCondition.java:50)
	at org.junit.jupiter.engine.extension.ExtensionRegistry.<clinit>(ExtensionRegistry.java:53)
	at org.junit.jupiter.engine.descriptor.JupiterEngineDescriptor.prepare(JupiterEngineDescriptor.java:52)
	at org.junit.jupiter.engine.descriptor.JupiterEngineDescriptor.prepare(JupiterEngineDescriptor.java:30)
	at org.junit.platform.engine.support.hierarchical.NodeTestTask.lambda$prepare$1(NodeTestTask.java:107)
	at org.junit.platform.engine.support.hierarchical.ThrowableCollector.execute(ThrowableCollector.java:73)
	at org.junit.platform.engine.support.hierarchical.NodeTestTask.prepare(NodeTestTask.java:107)
	at org.junit.platform.engine.support.hierarchical.NodeTestTask.execute(NodeTestTask.java:75)
	at org.junit.platform.engine.support.hierarchical.SameThreadHierarchicalTestExecutorService.submit(SameThreadHierarchicalTestExecutorService.java:32)
	at org.junit.platform.engine.support.hierarchical.HierarchicalTestExecutor.execute(HierarchicalTestExecutor.java:57)
	at org.junit.platform.engine.support.hierarchical.HierarchicalTestEngine.execute(HierarchicalTestEngine.java:51)
	at org.junit.platform.launcher.core.DefaultLauncher.execute(DefaultLauncher.java:170)
	at org.junit.platform.launcher.core.DefaultLauncher.execute(DefaultLauncher.java:154)
	at org.junit.platform.launcher.core.DefaultLauncher.execute(DefaultLauncher.java:90)
	at org.apache.maven.surefire.junitplatform.JUnitPlatformProvider.invokeAllTests(JUnitPlatformProvider.java:142)
	at org.apache.maven.surefire.junitplatform.JUnitPlatformProvider.invoke(JUnitPlatformProvider.java:117)
	at org.apache.maven.surefire.booter.ForkedBooter.invokeProviderInSameClassLoader(ForkedBooter.java:383)
	at org.apache.maven.surefire.booter.ForkedBooter.runSuitesInProcess(ForkedBooter.java:344)
	at org.apache.maven.surefire.booter.ForkedBooter.execute(ForkedBooter.java:125)
	at org.apache.maven.surefire.booter.ForkedBooter.main(ForkedBooter.java:417)
Caused by: java.io.IOException: Error while instrumenting javax/script/ScriptEngine.
	at org.jacoco.agent.rt.internal_43f5073.core.instr.Instrumenter.instrumentError(Instrumenter.java:159)
	at org.jacoco.agent.rt.internal_43f5073.core.instr.Instrumenter.instrument(Instrumenter.java:109)
	at org.jacoco.agent.rt.internal_43f5073.CoverageTransformer.transform(CoverageTransformer.java:92)
	... 39 more
Caused by: java.lang.IllegalArgumentException: Unsupported class file major version 61
	at org.jacoco.agent.rt.internal_43f5073.asm.ClassReader.<init>(ClassReader.java:195)
	at org.jacoco.agent.rt.internal_43f5073.asm.ClassReader.<init>(ClassReader.java:176)
	at org.jacoco.agent.rt.internal_43f5073.asm.ClassReader.<init>(ClassReader.java:162)
	at org.jacoco.agent.rt.internal_43f5073.core.internal.instr.InstrSupport.classReaderFor(InstrSupport.java:280)
	at org.jacoco.agent.rt.internal_43f5073.core.instr.Instrumenter.instrument(Instrumenter.java:75)
	at org.jacoco.agent.rt.internal_43f5073.core.instr.Instrumenter.instrument(Instrumenter.java:107)
	... 40 more
java.lang.instrument.IllegalClassFormatException: Error while instrumenting javax/script/ScriptException.
	at org.jacoco.agent.rt.internal_43f5073.CoverageTransformer.transform(CoverageTransformer.java:94)
	at java.instrument/java.lang.instrument.ClassFileTransformer.transform(ClassFileTransformer.java:244)
	at java.instrument/sun.instrument.TransformerManager.transform(TransformerManager.java:188)
	at java.instrument/sun.instrument.InstrumentationImpl.transform(InstrumentationImpl.java:541)
	at java.base/java.lang.ClassLoader.defineClass2(Native Method)
	at java.base/java.lang.ClassLoader.defineClass(ClassLoader.java:1108)
	at java.base/java.security.SecureClassLoader.defineClass(SecureClassLoader.java:182)
	at java.base/jdk.internal.loader.BuiltinClassLoader.defineClass(BuiltinClassLoader.java:821)
	at java.base/jdk.internal.loader.BuiltinClassLoader.findClassInModuleOrNull(BuiltinClassLoader.java:741)
	at java.base/jdk.internal.loader.BuiltinClassLoader.loadClassOrNull(BuiltinClassLoader.java:665)
	at java.base/jdk.internal.loader.BuiltinClassLoader.loadClassOrNull(BuiltinClassLoader.java:700)
	at java.base/jdk.internal.loader.BuiltinClassLoader.loadClassOrNull(BuiltinClassLoader.java:669)
	at java.base/jdk.internal.loader.BuiltinClassLoader.loadClass(BuiltinClassLoader.java:639)
	at java.base/jdk.internal.loader.ClassLoaders$AppClassLoader.loadClass(ClassLoaders.java:188)
	at java.base/java.lang.ClassLoader.loadClass(ClassLoader.java:525)
	at java.base/java.lang.Class.forName0(Native Method)
	at java.base/java.lang.Class.forName(Class.java:377)
	at org.junit.jupiter.engine.extension.ScriptExecutionCondition$Evaluator.forName(ScriptExecutionCondition.java:153)
	at org.junit.jupiter.engine.extension.ScriptExecutionCondition$Evaluator.forName(ScriptExecutionCondition.java:133)
	at org.junit.jupiter.engine.extension.ScriptExecutionCondition.<init>(ScriptExecutionCondition.java:55)
	at org.junit.jupiter.engine.extension.ScriptExecutionCondition.<init>(ScriptExecutionCondition.java:50)
	at org.junit.jupiter.engine.extension.ExtensionRegistry.<clinit>(ExtensionRegistry.java:53)
	at org.junit.jupiter.engine.descriptor.JupiterEngineDescriptor.prepare(JupiterEngineDescriptor.java:52)
	at org.junit.jupiter.engine.descriptor.JupiterEngineDescriptor.prepare(JupiterEngineDescriptor.java:30)
	at org.junit.platform.engine.support.hierarchical.NodeTestTask.lambda$prepare$1(NodeTestTask.java:107)
	at org.junit.platform.engine.support.hierarchical.ThrowableCollector.execute(ThrowableCollector.java:73)
	at org.junit.platform.engine.support.hierarchical.NodeTestTask.prepare(NodeTestTask.java:107)
	at org.junit.platform.engine.support.hierarchical.NodeTestTask.execute(NodeTestTask.java:75)
	at org.junit.platform.engine.support.hierarchical.SameThreadHierarchicalTestExecutorService.submit(SameThreadHierarchicalTestExecutorService.java:32)
	at org.junit.platform.engine.support.hierarchical.HierarchicalTestExecutor.execute(HierarchicalTestExecutor.java:57)
	at org.junit.platform.engine.support.hierarchical.HierarchicalTestEngine.execute(HierarchicalTestEngine.java:51)
	at org.junit.platform.launcher.core.DefaultLauncher.execute(DefaultLauncher.java:170)
	at org.junit.platform.launcher.core.DefaultLauncher.execute(DefaultLauncher.java:154)
	at org.junit.platform.launcher.core.DefaultLauncher.execute(DefaultLauncher.java:90)
	at org.apache.maven.surefire.junitplatform.JUnitPlatformProvider.invokeAllTests(JUnitPlatformProvider.java:142)
	at org.apache.maven.surefire.junitplatform.JUnitPlatformProvider.invoke(JUnitPlatformProvider.java:117)
	at org.apache.maven.surefire.booter.ForkedBooter.invokeProviderInSameClassLoader(ForkedBooter.java:383)
	at org.apache.maven.surefire.booter.ForkedBooter.runSuitesInProcess(ForkedBooter.java:344)
	at org.apache.maven.surefire.booter.ForkedBooter.execute(ForkedBooter.java:125)
	at org.apache.maven.surefire.booter.ForkedBooter.main(ForkedBooter.java:417)
Caused by: java.io.IOException: Error while instrumenting javax/script/ScriptException.
	at org.jacoco.agent.rt.internal_43f5073.core.instr.Instrumenter.instrumentError(Instrumenter.java:159)
	at org.jacoco.agent.rt.internal_43f5073.core.instr.Instrumenter.instrument(Instrumenter.java:109)
	at org.jacoco.agent.rt.internal_43f5073.CoverageTransformer.transform(CoverageTransformer.java:92)
	... 39 more
Caused by: java.lang.IllegalArgumentException: Unsupported class file major version 61
	at org.jacoco.agent.rt.internal_43f5073.asm.ClassReader.<init>(ClassReader.java:195)
	at org.jacoco.agent.rt.internal_43f5073.asm.ClassReader.<init>(ClassReader.java:176)
	at org.jacoco.agent.rt.internal_43f5073.asm.ClassReader.<init>(ClassReader.java:162)
	at org.jacoco.agent.rt.internal_43f5073.core.internal.instr.InstrSupport.classReaderFor(InstrSupport.java:280)
	at org.jacoco.agent.rt.internal_43f5073.core.instr.Instrumenter.instrument(Instrumenter.java:75)
	at org.jacoco.agent.rt.internal_43f5073.core.instr.Instrumenter.instrument(Instrumenter.java:107)
	... 40 more
java.lang.instrument.IllegalClassFormatException: Error while instrumenting javax/script/Bindings.
	at org.jacoco.agent.rt.internal_43f5073.CoverageTransformer.transform(CoverageTransformer.java:94)
	at java.instrument/java.lang.instrument.ClassFileTransformer.transform(ClassFileTransformer.java:244)
	at java.instrument/sun.instrument.TransformerManager.transform(TransformerManager.java:188)
	at java.instrument/sun.instrument.InstrumentationImpl.transform(InstrumentationImpl.java:541)
	at java.base/java.lang.ClassLoader.defineClass2(Native Method)
	at java.base/java.lang.ClassLoader.defineClass(ClassLoader.java:1108)
	at java.base/java.security.SecureClassLoader.defineClass(SecureClassLoader.java:182)
	at java.base/jdk.internal.loader.BuiltinClassLoader.defineClass(BuiltinClassLoader.java:821)
	at java.base/jdk.internal.loader.BuiltinClassLoader.findClassInModuleOrNull(BuiltinClassLoader.java:741)
	at java.base/jdk.internal.loader.BuiltinClassLoader.loadClassOrNull(BuiltinClassLoader.java:665)
	at java.base/jdk.internal.loader.BuiltinClassLoader.loadClassOrNull(BuiltinClassLoader.java:700)
	at java.base/jdk.internal.loader.BuiltinClassLoader.loadClassOrNull(BuiltinClassLoader.java:669)
	at java.base/jdk.internal.loader.BuiltinClassLoader.loadClass(BuiltinClassLoader.java:639)
	at java.base/jdk.internal.loader.ClassLoaders$AppClassLoader.loadClass(ClassLoaders.java:188)
	at java.base/java.lang.ClassLoader.loadClass(ClassLoader.java:525)
	at java.base/java.lang.Class.forName0(Native Method)
	at java.base/java.lang.Class.forName(Class.java:377)
	at org.junit.jupiter.engine.extension.ScriptExecutionCondition$Evaluator.forName(ScriptExecutionCondition.java:153)
	at org.junit.jupiter.engine.extension.ScriptExecutionCondition$Evaluator.forName(ScriptExecutionCondition.java:133)
	at org.junit.jupiter.engine.extension.ScriptExecutionCondition.<init>(ScriptExecutionCondition.java:55)
	at org.junit.jupiter.engine.extension.ScriptExecutionCondition.<init>(ScriptExecutionCondition.java:50)
	at org.junit.jupiter.engine.extension.ExtensionRegistry.<clinit>(ExtensionRegistry.java:53)
	at org.junit.jupiter.engine.descriptor.JupiterEngineDescriptor.prepare(JupiterEngineDescriptor.java:52)
	at org.junit.jupiter.engine.descriptor.JupiterEngineDescriptor.prepare(JupiterEngineDescriptor.java:30)
	at org.junit.platform.engine.support.hierarchical.NodeTestTask.lambda$prepare$1(NodeTestTask.java:107)
	at org.junit.platform.engine.support.hierarchical.ThrowableCollector.execute(ThrowableCollector.java:73)
	at org.junit.platform.engine.support.hierarchical.NodeTestTask.prepare(NodeTestTask.java:107)
	at org.junit.platform.engine.support.hierarchical.NodeTestTask.execute(NodeTestTask.java:75)
	at org.junit.platform.engine.support.hierarchical.SameThreadHierarchicalTestExecutorService.submit(SameThreadHierarchicalTestExecutorService.java:32)
	at org.junit.platform.engine.support.hierarchical.HierarchicalTestExecutor.execute(HierarchicalTestExecutor.java:57)
	at org.junit.platform.engine.support.hierarchical.HierarchicalTestEngine.execute(HierarchicalTestEngine.java:51)
	at org.junit.platform.launcher.core.DefaultLauncher.execute(DefaultLauncher.java:170)
	at org.junit.platform.launcher.core.DefaultLauncher.execute(DefaultLauncher.java:154)
	at org.junit.platform.launcher.core.DefaultLauncher.execute(DefaultLauncher.java:90)
	at org.apache.maven.surefire.junitplatform.JUnitPlatformProvider.invokeAllTests(JUnitPlatformProvider.java:142)
	at org.apache.maven.surefire.junitplatform.JUnitPlatformProvider.invoke(JUnitPlatformProvider.java:117)
	at org.apache.maven.surefire.booter.ForkedBooter.invokeProviderInSameClassLoader(ForkedBooter.java:383)
	at org.apache.maven.surefire.booter.ForkedBooter.runSuitesInProcess(ForkedBooter.java:344)
	at org.apache.maven.surefire.booter.ForkedBooter.execute(ForkedBooter.java:125)
	at org.apache.maven.surefire.booter.ForkedBooter.main(ForkedBooter.java:417)
Caused by: java.io.IOException: Error while instrumenting javax/script/Bindings.
	at org.jacoco.agent.rt.internal_43f5073.core.instr.Instrumenter.instrumentError(Instrumenter.java:159)
	at org.jacoco.agent.rt.internal_43f5073.core.instr.Instrumenter.instrument(Instrumenter.java:109)
	at org.jacoco.agent.rt.internal_43f5073.CoverageTransformer.transform(CoverageTransformer.java:92)
	... 39 more
Caused by: java.lang.IllegalArgumentException: Unsupported class file major version 61
	at org.jacoco.agent.rt.internal_43f5073.asm.ClassReader.<init>(ClassReader.java:195)
	at org.jacoco.agent.rt.internal_43f5073.asm.ClassReader.<init>(ClassReader.java:176)
	at org.jacoco.agent.rt.internal_43f5073.asm.ClassReader.<init>(ClassReader.java:162)
	at org.jacoco.agent.rt.internal_43f5073.core.internal.instr.InstrSupport.classReaderFor(InstrSupport.java:280)
	at org.jacoco.agent.rt.internal_43f5073.core.instr.Instrumenter.instrument(Instrumenter.java:75)
	at org.jacoco.agent.rt.internal_43f5073.core.instr.Instrumenter.instrument(Instrumenter.java:107)
	... 40 more
java.lang.instrument.IllegalClassFormatException: Error while instrumenting javax/script/ScriptEngineManager.
	at org.jacoco.agent.rt.internal_43f5073.CoverageTransformer.transform(CoverageTransformer.java:94)
	at java.instrument/java.lang.instrument.ClassFileTransformer.transform(ClassFileTransformer.java:244)
	at java.instrument/sun.instrument.TransformerManager.transform(TransformerManager.java:188)
	at java.instrument/sun.instrument.InstrumentationImpl.transform(InstrumentationImpl.java:541)
	at java.base/java.lang.ClassLoader.defineClass2(Native Method)
	at java.base/java.lang.ClassLoader.defineClass(ClassLoader.java:1108)
	at java.base/java.security.SecureClassLoader.defineClass(SecureClassLoader.java:182)
	at java.base/jdk.internal.loader.BuiltinClassLoader.defineClass(BuiltinClassLoader.java:821)
	at java.base/jdk.internal.loader.BuiltinClassLoader.findClassInModuleOrNull(BuiltinClassLoader.java:741)
	at java.base/jdk.internal.loader.BuiltinClassLoader.loadClassOrNull(BuiltinClassLoader.java:665)
	at java.base/jdk.internal.loader.BuiltinClassLoader.loadClassOrNull(BuiltinClassLoader.java:700)
	at java.base/jdk.internal.loader.BuiltinClassLoader.loadClassOrNull(BuiltinClassLoader.java:669)
	at java.base/jdk.internal.loader.BuiltinClassLoader.loadClass(BuiltinClassLoader.java:639)
	at java.base/jdk.internal.loader.ClassLoaders$AppClassLoader.loadClass(ClassLoaders.java:188)
	at java.base/java.lang.ClassLoader.loadClass(ClassLoader.java:525)
	at org.junit.jupiter.engine.script.ScriptExecutionManager.<init>(ScriptExecutionManager.java:37)
	at org.junit.jupiter.engine.extension.ScriptExecutionEvaluator.<init>(ScriptExecutionEvaluator.java:42)
	at java.base/jdk.internal.reflect.NativeConstructorAccessorImpl.newInstance0(Native Method)
	at java.base/jdk.internal.reflect.NativeConstructorAccessorImpl.newInstance(NativeConstructorAccessorImpl.java:77)
	at java.base/jdk.internal.reflect.DelegatingConstructorAccessorImpl.newInstance(DelegatingConstructorAccessorImpl.java:45)
	at java.base/java.lang.reflect.Constructor.newInstanceWithCaller(Constructor.java:500)
	at java.base/java.lang.reflect.Constructor.newInstance(Constructor.java:481)
	at org.junit.jupiter.engine.extension.ScriptExecutionCondition$Evaluator.forName(ScriptExecutionCondition.java:153)
	at org.junit.jupiter.engine.extension.ScriptExecutionCondition$Evaluator.forName(ScriptExecutionCondition.java:133)
	at org.junit.jupiter.engine.extension.ScriptExecutionCondition.<init>(ScriptExecutionCondition.java:55)
	at org.junit.jupiter.engine.extension.ScriptExecutionCondition.<init>(ScriptExecutionCondition.java:50)
	at org.junit.jupiter.engine.extension.ExtensionRegistry.<clinit>(ExtensionRegistry.java:53)
	at org.junit.jupiter.engine.descriptor.JupiterEngineDescriptor.prepare(JupiterEngineDescriptor.java:52)
	at org.junit.jupiter.engine.descriptor.JupiterEngineDescriptor.prepare(JupiterEngineDescriptor.java:30)
	at org.junit.platform.engine.support.hierarchical.NodeTestTask.lambda$prepare$1(NodeTestTask.java:107)
	at org.junit.platform.engine.support.hierarchical.ThrowableCollector.execute(ThrowableCollector.java:73)
	at org.junit.platform.engine.support.hierarchical.NodeTestTask.prepare(NodeTestTask.java:107)
	at org.junit.platform.engine.support.hierarchical.NodeTestTask.execute(NodeTestTask.java:75)
	at org.junit.platform.engine.support.hierarchical.SameThreadHierarchicalTestExecutorService.submit(SameThreadHierarchicalTestExecutorService.java:32)
	at org.junit.platform.engine.support.hierarchical.HierarchicalTestExecutor.execute(HierarchicalTestExecutor.java:57)
	at org.junit.platform.engine.support.hierarchical.HierarchicalTestEngine.execute(HierarchicalTestEngine.java:51)
	at org.junit.platform.launcher.core.DefaultLauncher.execute(DefaultLauncher.java:170)
	at org.junit.platform.launcher.core.DefaultLauncher.execute(DefaultLauncher.java:154)
	at org.junit.platform.launcher.core.DefaultLauncher.execute(DefaultLauncher.java:90)
	at org.apache.maven.surefire.junitplatform.JUnitPlatformProvider.invokeAllTests(JUnitPlatformProvider.java:142)
	at org.apache.maven.surefire.junitplatform.JUnitPlatformProvider.invoke(JUnitPlatformProvider.java:117)
	at org.apache.maven.surefire.booter.ForkedBooter.invokeProviderInSameClassLoader(ForkedBooter.java:383)
	at org.apache.maven.surefire.booter.ForkedBooter.runSuitesInProcess(ForkedBooter.java:344)
	at org.apache.maven.surefire.booter.ForkedBooter.execute(ForkedBooter.java:125)
	at org.apache.maven.surefire.booter.ForkedBooter.main(ForkedBooter.java:417)
Caused by: java.io.IOException: Error while instrumenting javax/script/ScriptEngineManager.
	at org.jacoco.agent.rt.internal_43f5073.core.instr.Instrumenter.instrumentError(Instrumenter.java:159)
	at org.jacoco.agent.rt.internal_43f5073.core.instr.Instrumenter.instrument(Instrumenter.java:109)
	at org.jacoco.agent.rt.internal_43f5073.CoverageTransformer.transform(CoverageTransformer.java:92)
	... 44 more
Caused by: java.lang.IllegalArgumentException: Unsupported class file major version 61
	at org.jacoco.agent.rt.internal_43f5073.asm.ClassReader.<init>(ClassReader.java:195)
	at org.jacoco.agent.rt.internal_43f5073.asm.ClassReader.<init>(ClassReader.java:176)
	at org.jacoco.agent.rt.internal_43f5073.asm.ClassReader.<init>(ClassReader.java:162)
	at org.jacoco.agent.rt.internal_43f5073.core.internal.instr.InstrSupport.classReaderFor(InstrSupport.java:280)
	at org.jacoco.agent.rt.internal_43f5073.core.instr.Instrumenter.instrument(Instrumenter.java:75)
	at org.jacoco.agent.rt.internal_43f5073.core.instr.Instrumenter.instrument(Instrumenter.java:107)
	... 45 more
java.lang.instrument.IllegalClassFormatException: Error while instrumenting javax/script/ScriptEngineFactory.
	at org.jacoco.agent.rt.internal_43f5073.CoverageTransformer.transform(CoverageTransformer.java:94)
	at java.instrument/java.lang.instrument.ClassFileTransformer.transform(ClassFileTransformer.java:244)
	at java.instrument/sun.instrument.TransformerManager.transform(TransformerManager.java:188)
	at java.instrument/sun.instrument.InstrumentationImpl.transform(InstrumentationImpl.java:541)
	at java.base/java.lang.ClassLoader.defineClass2(Native Method)
	at java.base/java.lang.ClassLoader.defineClass(ClassLoader.java:1108)
	at java.base/java.security.SecureClassLoader.defineClass(SecureClassLoader.java:182)
	at java.base/jdk.internal.loader.BuiltinClassLoader.defineClass(BuiltinClassLoader.java:821)
	at java.base/jdk.internal.loader.BuiltinClassLoader.findClassInModuleOrNull(BuiltinClassLoader.java:741)
	at java.base/jdk.internal.loader.BuiltinClassLoader.loadClassOrNull(BuiltinClassLoader.java:665)
	at java.base/jdk.internal.loader.BuiltinClassLoader.loadClass(BuiltinClassLoader.java:639)
	at java.base/java.lang.ClassLoader.loadClass(ClassLoader.java:525)
	at java.scripting/javax.script.ScriptEngineManager.<clinit>(ScriptEngineManager.java:315)
	at org.junit.jupiter.engine.script.ScriptExecutionManager.<init>(ScriptExecutionManager.java:37)
	at org.junit.jupiter.engine.extension.ScriptExecutionEvaluator.<init>(ScriptExecutionEvaluator.java:42)
	at java.base/jdk.internal.reflect.NativeConstructorAccessorImpl.newInstance0(Native Method)
	at java.base/jdk.internal.reflect.NativeConstructorAccessorImpl.newInstance(NativeConstructorAccessorImpl.java:77)
	at java.base/jdk.internal.reflect.DelegatingConstructorAccessorImpl.newInstance(DelegatingConstructorAccessorImpl.java:45)
	at java.base/java.lang.reflect.Constructor.newInstanceWithCaller(Constructor.java:500)
	at java.base/java.lang.reflect.Constructor.newInstance(Constructor.java:481)
	at org.junit.jupiter.engine.extension.ScriptExecutionCondition$Evaluator.forName(ScriptExecutionCondition.java:153)
	at org.junit.jupiter.engine.extension.ScriptExecutionCondition$Evaluator.forName(ScriptExecutionCondition.java:133)
	at org.junit.jupiter.engine.extension.ScriptExecutionCondition.<init>(ScriptExecutionCondition.java:55)
	at org.junit.jupiter.engine.extension.ScriptExecutionCondition.<init>(ScriptExecutionCondition.java:50)
	at org.junit.jupiter.engine.extension.ExtensionRegistry.<clinit>(ExtensionRegistry.java:53)
	at org.junit.jupiter.engine.descriptor.JupiterEngineDescriptor.prepare(JupiterEngineDescriptor.java:52)
	at org.junit.jupiter.engine.descriptor.JupiterEngineDescriptor.prepare(JupiterEngineDescriptor.java:30)
	at org.junit.platform.engine.support.hierarchical.NodeTestTask.lambda$prepare$1(NodeTestTask.java:107)
	at org.junit.platform.engine.support.hierarchical.ThrowableCollector.execute(ThrowableCollector.java:73)
	at org.junit.platform.engine.support.hierarchical.NodeTestTask.prepare(NodeTestTask.java:107)
	at org.junit.platform.engine.support.hierarchical.NodeTestTask.execute(NodeTestTask.java:75)
	at org.junit.platform.engine.support.hierarchical.SameThreadHierarchicalTestExecutorService.submit(SameThreadHierarchicalTestExecutorService.java:32)
	at org.junit.platform.engine.support.hierarchical.HierarchicalTestExecutor.execute(HierarchicalTestExecutor.java:57)
	at org.junit.platform.engine.support.hierarchical.HierarchicalTestEngine.execute(HierarchicalTestEngine.java:51)
	at org.junit.platform.launcher.core.DefaultLauncher.execute(DefaultLauncher.java:170)
	at org.junit.platform.launcher.core.DefaultLauncher.execute(DefaultLauncher.java:154)
	at org.junit.platform.launcher.core.DefaultLauncher.execute(DefaultLauncher.java:90)
	at org.apache.maven.surefire.junitplatform.JUnitPlatformProvider.invokeAllTests(JUnitPlatformProvider.java:142)
	at org.apache.maven.surefire.junitplatform.JUnitPlatformProvider.invoke(JUnitPlatformProvider.java:117)
	at org.apache.maven.surefire.booter.ForkedBooter.invokeProviderInSameClassLoader(ForkedBooter.java:383)
	at org.apache.maven.surefire.booter.ForkedBooter.runSuitesInProcess(ForkedBooter.java:344)
	at org.apache.maven.surefire.booter.ForkedBooter.execute(ForkedBooter.java:125)
	at org.apache.maven.surefire.booter.ForkedBooter.main(ForkedBooter.java:417)
Caused by: java.io.IOException: Error while instrumenting javax/script/ScriptEngineFactory.
	at org.jacoco.agent.rt.internal_43f5073.core.instr.Instrumenter.instrumentError(Instrumenter.java:159)
	at org.jacoco.agent.rt.internal_43f5073.core.instr.Instrumenter.instrument(Instrumenter.java:109)
	at org.jacoco.agent.rt.internal_43f5073.CoverageTransformer.transform(CoverageTransformer.java:92)
	... 42 more
Caused by: java.lang.IllegalArgumentException: Unsupported class file major version 61
	at org.jacoco.agent.rt.internal_43f5073.asm.ClassReader.<init>(ClassReader.java:195)
	at org.jacoco.agent.rt.internal_43f5073.asm.ClassReader.<init>(ClassReader.java:176)
	at org.jacoco.agent.rt.internal_43f5073.asm.ClassReader.<init>(ClassReader.java:162)
	at org.jacoco.agent.rt.internal_43f5073.core.internal.instr.InstrSupport.classReaderFor(InstrSupport.java:280)
	at org.jacoco.agent.rt.internal_43f5073.core.instr.Instrumenter.instrument(Instrumenter.java:75)
	at org.jacoco.agent.rt.internal_43f5073.core.instr.Instrumenter.instrument(Instrumenter.java:107)
	... 43 more
java.lang.instrument.IllegalClassFormatException: Error while instrumenting javax/script/SimpleBindings.
	at org.jacoco.agent.rt.internal_43f5073.CoverageTransformer.transform(CoverageTransformer.java:94)
	at java.instrument/java.lang.instrument.ClassFileTransformer.transform(ClassFileTransformer.java:244)
	at java.instrument/sun.instrument.TransformerManager.transform(TransformerManager.java:188)
	at java.instrument/sun.instrument.InstrumentationImpl.transform(InstrumentationImpl.java:541)
	at java.base/java.lang.ClassLoader.defineClass2(Native Method)
	at java.base/java.lang.ClassLoader.defineClass(ClassLoader.java:1108)
	at java.base/java.security.SecureClassLoader.defineClass(SecureClassLoader.java:182)
	at java.base/jdk.internal.loader.BuiltinClassLoader.defineClass(BuiltinClassLoader.java:821)
	at java.base/jdk.internal.loader.BuiltinClassLoader.findClassInModuleOrNull(BuiltinClassLoader.java:741)
	at java.base/jdk.internal.loader.BuiltinClassLoader.loadClassOrNull(BuiltinClassLoader.java:665)
	at java.base/jdk.internal.loader.BuiltinClassLoader.loadClass(BuiltinClassLoader.java:639)
	at java.base/java.lang.ClassLoader.loadClass(ClassLoader.java:525)
	at java.scripting/javax.script.ScriptEngineManager.<init>(ScriptEngineManager.java:333)
	at java.scripting/javax.script.ScriptEngineManager.<init>(ScriptEngineManager.java:63)
	at org.junit.jupiter.engine.script.ScriptExecutionManager.<init>(ScriptExecutionManager.java:37)
	at org.junit.jupiter.engine.extension.ScriptExecutionEvaluator.<init>(ScriptExecutionEvaluator.java:42)
	at java.base/jdk.internal.reflect.NativeConstructorAccessorImpl.newInstance0(Native Method)
	at java.base/jdk.internal.reflect.NativeConstructorAccessorImpl.newInstance(NativeConstructorAccessorImpl.java:77)
	at java.base/jdk.internal.reflect.DelegatingConstructorAccessorImpl.newInstance(DelegatingConstructorAccessorImpl.java:45)
	at java.base/java.lang.reflect.Constructor.newInstanceWithCaller(Constructor.java:500)
	at java.base/java.lang.reflect.Constructor.newInstance(Constructor.java:481)
	at org.junit.jupiter.engine.extension.ScriptExecutionCondition$Evaluator.forName(ScriptExecutionCondition.java:153)
	at org.junit.jupiter.engine.extension.ScriptExecutionCondition$Evaluator.forName(ScriptExecutionCondition.java:133)
	at org.junit.jupiter.engine.extension.ScriptExecutionCondition.<init>(ScriptExecutionCondition.java:55)
	at org.junit.jupiter.engine.extension.ScriptExecutionCondition.<init>(ScriptExecutionCondition.java:50)
	at org.junit.jupiter.engine.extension.ExtensionRegistry.<clinit>(ExtensionRegistry.java:53)
	at org.junit.jupiter.engine.descriptor.JupiterEngineDescriptor.prepare(JupiterEngineDescriptor.java:52)
	at org.junit.jupiter.engine.descriptor.JupiterEngineDescriptor.prepare(JupiterEngineDescriptor.java:30)
	at org.junit.platform.engine.support.hierarchical.NodeTestTask.lambda$prepare$1(NodeTestTask.java:107)
	at org.junit.platform.engine.support.hierarchical.ThrowableCollector.execute(ThrowableCollector.java:73)
	at org.junit.platform.engine.support.hierarchical.NodeTestTask.prepare(NodeTestTask.java:107)
	at org.junit.platform.engine.support.hierarchical.NodeTestTask.execute(NodeTestTask.java:75)
	at org.junit.platform.engine.support.hierarchical.SameThreadHierarchicalTestExecutorService.submit(SameThreadHierarchicalTestExecutorService.java:32)
	at org.junit.platform.engine.support.hierarchical.HierarchicalTestExecutor.execute(HierarchicalTestExecutor.java:57)
	at org.junit.platform.engine.support.hierarchical.HierarchicalTestEngine.execute(HierarchicalTestEngine.java:51)
	at org.junit.platform.launcher.core.DefaultLauncher.execute(DefaultLauncher.java:170)
	at org.junit.platform.launcher.core.DefaultLauncher.execute(DefaultLauncher.java:154)
	at org.junit.platform.launcher.core.DefaultLauncher.execute(DefaultLauncher.java:90)
	at org.apache.maven.surefire.junitplatform.JUnitPlatformProvider.invokeAllTests(JUnitPlatformProvider.java:142)
	at org.apache.maven.surefire.junitplatform.JUnitPlatformProvider.invoke(JUnitPlatformProvider.java:117)
	at org.apache.maven.surefire.booter.ForkedBooter.invokeProviderInSameClassLoader(ForkedBooter.java:383)
	at org.apache.maven.surefire.booter.ForkedBooter.runSuitesInProcess(ForkedBooter.java:344)
	at org.apache.maven.surefire.booter.ForkedBooter.execute(ForkedBooter.java:125)
	at org.apache.maven.surefire.booter.ForkedBooter.main(ForkedBooter.java:417)
Caused by: java.io.IOException: Error while instrumenting javax/script/SimpleBindings.
	at org.jacoco.agent.rt.internal_43f5073.core.instr.Instrumenter.instrumentError(Instrumenter.java:159)
	at org.jacoco.agent.rt.internal_43f5073.core.instr.Instrumenter.instrument(Instrumenter.java:109)
	at org.jacoco.agent.rt.internal_43f5073.CoverageTransformer.transform(CoverageTransformer.java:92)
	... 43 more
Caused by: java.lang.IllegalArgumentException: Unsupported class file major version 61
	at org.jacoco.agent.rt.internal_43f5073.asm.ClassReader.<init>(ClassReader.java:195)
	at org.jacoco.agent.rt.internal_43f5073.asm.ClassReader.<init>(ClassReader.java:176)
	at org.jacoco.agent.rt.internal_43f5073.asm.ClassReader.<init>(ClassReader.java:162)
	at org.jacoco.agent.rt.internal_43f5073.core.internal.instr.InstrSupport.classReaderFor(InstrSupport.java:280)
	at org.jacoco.agent.rt.internal_43f5073.core.instr.Instrumenter.instrument(Instrumenter.java:75)
	at org.jacoco.agent.rt.internal_43f5073.core.instr.Instrumenter.instrument(Instrumenter.java:107)
	... 44 more
 DONE commons-numbers/commons-numbers-rootfinder (tests ran)
2026-02-19 15:24:45.215:INFO:oejs.Server:jetty-8.1.9.v20130131
2026-02-19 15:24:45.232:INFO:oejs.AbstractConnector:Started SelectChannelConnector@0.0.0.0:39343
2026-02-19 15:24:45.232:INFO:oejs.Server:jetty-8.1.9.v20130131
2026-02-19 15:24:45.260:INFO:oejs.AbstractConnector:Started SelectChannelConnector@0.0.0.0:44127
2026-02-19 15:24:45.531:INFO:oejs.Server:jetty-8.1.9.v20130131
2026-02-19 15:24:45.548:INFO:oejs.AbstractConnector:Started SelectChannelConnector@0.0.0.0:35947
2026-02-19 15:24:45.548:INFO:oejs.Server:jetty-8.1.9.v20130131
2026-02-19 15:24:45.578:INFO:oejs.AbstractConnector:Started SelectChannelConnector@0.0.0.0:44515
 DONE commons-numbers/commons-numbers-field (tests ran)
2026-02-19 15:24:46.154:INFO:oejs.Server:jetty-8.1.9.v20130131
2026-02-19 15:24:46.162:INFO:oejs.AbstractConnector:Started SelectChannelConnector@0.0.0.0:34837
2026-02-19 15:24:46.162:INFO:oejs.Server:jetty-8.1.9.v20130131
2026-02-19 15:24:46.176:INFO:oejs.AbstractConnector:Started SelectChannelConnector@0.0.0.0:36225
2026-02-19 15:24:46.431:INFO:oejs.Server:jetty-8.1.9.v20130131
2026-02-19 15:24:46.441:INFO:oejs.AbstractConnector:Started SelectChannelConnector@0.0.0.0:35731
2026-02-19 15:24:46.441:INFO:oejs.Server:jetty-8.1.9.v20130131
2026-02-19 15:24:46.468:INFO:oejs.AbstractConnector:Started SelectChannelConnector@0.0.0.0:40121
2026-02-19 15:24:46.722:INFO:oejs.Server:jetty-8.1.9.v20130131
2026-02-19 15:24:46.750:INFO:oejs.AbstractConnector:Started SelectChannelConnector@0.0.0.0:37437
2026-02-19 15:24:46.750:INFO:oejs.Server:jetty-8.1.9.v20130131
2026-02-19 15:24:46.764:INFO:oejs.AbstractConnector:Started SelectChannelConnector@0.0.0.0:44531
2026-02-19 15:24:47.002:INFO:oejs.Server:jetty-8.1.9.v20130131
2026-02-19 15:24:47.014:INFO:oejs.AbstractConnector:Started SelectChannelConnector@0.0.0.0:33223
2026-02-19 15:24:47.014:INFO:oejs.Server:jetty-8.1.9.v20130131
2026-02-19 15:24:47.026:INFO:oejs.AbstractConnector:Started SelectChannelConnector@0.0.0.0:32835
 DONE commons-vfs/commons-vfs2 (tests ran)
2026-02-19 15:24:47.645:INFO:oejs.Server:jetty-8.1.9.v20130131
2026-02-19 15:24:47.650:INFO:oejs.AbstractConnector:Started SelectChannelConnector@0.0.0.0:39733
2026-02-19 15:24:47.650:INFO:oejs.Server:jetty-8.1.9.v20130131
2026-02-19 15:24:47.654:INFO:oejs.AbstractConnector:Started SelectChannelConnector@0.0.0.0:42917
java.lang.instrument.IllegalClassFormatException: Error while instrumenting javax/script/ScriptEngine.
	at org.jacoco.agent.rt.internal_43f5073.CoverageTransformer.transform(CoverageTransformer.java:94)
	at java.instrument/java.lang.instrument.ClassFileTransformer.transform(ClassFileTransformer.java:244)
	at java.instrument/sun.instrument.TransformerManager.transform(TransformerManager.java:188)
	at java.instrument/sun.instrument.InstrumentationImpl.transform(InstrumentationImpl.java:541)
	at java.base/java.lang.ClassLoader.defineClass2(Native Method)
	at java.base/java.lang.ClassLoader.defineClass(ClassLoader.java:1108)
	at java.base/java.security.SecureClassLoader.defineClass(SecureClassLoader.java:182)
	at java.base/jdk.internal.loader.BuiltinClassLoader.defineClass(BuiltinClassLoader.java:821)
	at java.base/jdk.internal.loader.BuiltinClassLoader.findClassInModuleOrNull(BuiltinClassLoader.java:741)
	at java.base/jdk.internal.loader.BuiltinClassLoader.loadClassOrNull(BuiltinClassLoader.java:665)
	at java.base/jdk.internal.loader.BuiltinClassLoader.loadClassOrNull(BuiltinClassLoader.java:700)
	at java.base/jdk.internal.loader.BuiltinClassLoader.loadClassOrNull(BuiltinClassLoader.java:669)
	at java.base/jdk.internal.loader.BuiltinClassLoader.loadClass(BuiltinClassLoader.java:639)
	at java.base/jdk.internal.loader.ClassLoaders$AppClassLoader.loadClass(ClassLoaders.java:188)
	at java.base/java.lang.ClassLoader.loadClass(ClassLoader.java:525)
	at java.base/java.lang.Class.forName0(Native Method)
	at java.base/java.lang.Class.forName(Class.java:377)
	at org.junit.jupiter.engine.extension.ScriptExecutionCondition$Evaluator.forName(ScriptExecutionCondition.java:139)
	at org.junit.jupiter.engine.extension.ScriptExecutionCondition$Evaluator.forName(ScriptExecutionCondition.java:133)
	at org.junit.jupiter.engine.extension.ScriptExecutionCondition.<init>(ScriptExecutionCondition.java:55)
	at org.junit.jupiter.engine.extension.ScriptExecutionCondition.<init>(ScriptExecutionCondition.java:50)
	at org.junit.jupiter.engine.extension.ExtensionRegistry.<clinit>(ExtensionRegistry.java:53)
	at org.junit.jupiter.engine.descriptor.JupiterEngineDescriptor.prepare(JupiterEngineDescriptor.java:52)
	at org.junit.jupiter.engine.descriptor.JupiterEngineDescriptor.prepare(JupiterEngineDescriptor.java:30)
	at org.junit.platform.engine.support.hierarchical.NodeTestTask.lambda$prepare$1(NodeTestTask.java:107)
	at org.junit.platform.engine.support.hierarchical.ThrowableCollector.execute(ThrowableCollector.java:73)
	at org.junit.platform.engine.support.hierarchical.NodeTestTask.prepare(NodeTestTask.java:107)
	at org.junit.platform.engine.support.hierarchical.NodeTestTask.execute(NodeTestTask.java:75)
	at org.junit.platform.engine.support.hierarchical.SameThreadHierarchicalTestExecutorService.submit(SameThreadHierarchicalTestExecutorService.java:32)
	at org.junit.platform.engine.support.hierarchical.HierarchicalTestExecutor.execute(HierarchicalTestExecutor.java:57)
	at org.junit.platform.engine.support.hierarchical.HierarchicalTestEngine.execute(HierarchicalTestEngine.java:51)
	at org.junit.platform.launcher.core.DefaultLauncher.execute(DefaultLauncher.java:170)
	at org.junit.platform.launcher.core.DefaultLauncher.execute(DefaultLauncher.java:154)
	at org.junit.platform.launcher.core.DefaultLauncher.execute(DefaultLauncher.java:90)
	at org.apache.maven.surefire.junitplatform.JUnitPlatformProvider.invokeAllTests(JUnitPlatformProvider.java:142)
	at org.apache.maven.surefire.junitplatform.JUnitPlatformProvider.invoke(JUnitPlatformProvider.java:117)
	at org.apache.maven.surefire.booter.ForkedBooter.invokeProviderInSameClassLoader(ForkedBooter.java:383)
	at org.apache.maven.surefire.booter.ForkedBooter.runSuitesInProcess(ForkedBooter.java:344)
	at org.apache.maven.surefire.booter.ForkedBooter.execute(ForkedBooter.java:125)
	at org.apache.maven.surefire.booter.ForkedBooter.main(ForkedBooter.java:417)
Caused by: java.io.IOException: Error while instrumenting javax/script/ScriptEngine.
	at org.jacoco.agent.rt.internal_43f5073.core.instr.Instrumenter.instrumentError(Instrumenter.java:159)
	at org.jacoco.agent.rt.internal_43f5073.core.instr.Instrumenter.instrument(Instrumenter.java:109)
	at org.jacoco.agent.rt.internal_43f5073.CoverageTransformer.transform(CoverageTransformer.java:92)
	... 39 more
Caused by: java.lang.IllegalArgumentException: Unsupported class file major version 61
	at org.jacoco.agent.rt.internal_43f5073.asm.ClassReader.<init>(ClassReader.java:195)
	at org.jacoco.agent.rt.internal_43f5073.asm.ClassReader.<init>(ClassReader.java:176)
	at org.jacoco.agent.rt.internal_43f5073.asm.ClassReader.<init>(ClassReader.java:162)
	at org.jacoco.agent.rt.internal_43f5073.core.internal.instr.InstrSupport.classReaderFor(InstrSupport.java:280)
	at org.jacoco.agent.rt.internal_43f5073.core.instr.Instrumenter.instrument(Instrumenter.java:75)
	at org.jacoco.agent.rt.internal_43f5073.core.instr.Instrumenter.instrument(Instrumenter.java:107)
	... 40 more
java.lang.instrument.IllegalClassFormatException: Error while instrumenting javax/script/ScriptException.
	at org.jacoco.agent.rt.internal_43f5073.CoverageTransformer.transform(CoverageTransformer.java:94)
	at java.instrument/java.lang.instrument.ClassFileTransformer.transform(ClassFileTransformer.java:244)
	at java.instrument/sun.instrument.TransformerManager.transform(TransformerManager.java:188)
	at java.instrument/sun.instrument.InstrumentationImpl.transform(InstrumentationImpl.java:541)
	at java.base/java.lang.ClassLoader.defineClass2(Native Method)
	at java.base/java.lang.ClassLoader.defineClass(ClassLoader.java:1108)
	at java.base/java.security.SecureClassLoader.defineClass(SecureClassLoader.java:182)
	at java.base/jdk.internal.loader.BuiltinClassLoader.defineClass(BuiltinClassLoader.java:821)
	at java.base/jdk.internal.loader.BuiltinClassLoader.findClassInModuleOrNull(BuiltinClassLoader.java:741)
	at java.base/jdk.internal.loader.BuiltinClassLoader.loadClassOrNull(BuiltinClassLoader.java:665)
	at java.base/jdk.internal.loader.BuiltinClassLoader.loadClassOrNull(BuiltinClassLoader.java:700)
	at java.base/jdk.internal.loader.BuiltinClassLoader.loadClassOrNull(BuiltinClassLoader.java:669)
	at java.base/jdk.internal.loader.BuiltinClassLoader.loadClass(BuiltinClassLoader.java:639)
	at java.base/jdk.internal.loader.ClassLoaders$AppClassLoader.loadClass(ClassLoaders.java:188)
	at java.base/java.lang.ClassLoader.loadClass(ClassLoader.java:525)
	at java.base/java.lang.Class.forName0(Native Method)
	at java.base/java.lang.Class.forName(Class.java:377)
	at org.junit.jupiter.engine.extension.ScriptExecutionCondition$Evaluator.forName(ScriptExecutionCondition.java:153)
	at org.junit.jupiter.engine.extension.ScriptExecutionCondition$Evaluator.forName(ScriptExecutionCondition.java:133)
	at org.junit.jupiter.engine.extension.ScriptExecutionCondition.<init>(ScriptExecutionCondition.java:55)
	at org.junit.jupiter.engine.extension.ScriptExecutionCondition.<init>(ScriptExecutionCondition.java:50)
	at org.junit.jupiter.engine.extension.ExtensionRegistry.<clinit>(ExtensionRegistry.java:53)
	at org.junit.jupiter.engine.descriptor.JupiterEngineDescriptor.prepare(JupiterEngineDescriptor.java:52)
	at org.junit.jupiter.engine.descriptor.JupiterEngineDescriptor.prepare(JupiterEngineDescriptor.java:30)
	at org.junit.platform.engine.support.hierarchical.NodeTestTask.lambda$prepare$1(NodeTestTask.java:107)
	at org.junit.platform.engine.support.hierarchical.ThrowableCollector.execute(ThrowableCollector.java:73)
	at org.junit.platform.engine.support.hierarchical.NodeTestTask.prepare(NodeTestTask.java:107)
	at org.junit.platform.engine.support.hierarchical.NodeTestTask.execute(NodeTestTask.java:75)
	at org.junit.platform.engine.support.hierarchical.SameThreadHierarchicalTestExecutorService.submit(SameThreadHierarchicalTestExecutorService.java:32)
	at org.junit.platform.engine.support.hierarchical.HierarchicalTestExecutor.execute(HierarchicalTestExecutor.java:57)
	at org.junit.platform.engine.support.hierarchical.HierarchicalTestEngine.execute(HierarchicalTestEngine.java:51)
	at org.junit.platform.launcher.core.DefaultLauncher.execute(DefaultLauncher.java:170)
	at org.junit.platform.launcher.core.DefaultLauncher.execute(DefaultLauncher.java:154)
	at org.junit.platform.launcher.core.DefaultLauncher.execute(DefaultLauncher.java:90)
	at org.apache.maven.surefire.junitplatform.JUnitPlatformProvider.invokeAllTests(JUnitPlatformProvider.java:142)
	at org.apache.maven.surefire.junitplatform.JUnitPlatformProvider.invoke(JUnitPlatformProvider.java:117)
	at org.apache.maven.surefire.booter.ForkedBooter.invokeProviderInSameClassLoader(ForkedBooter.java:383)
	at org.apache.maven.surefire.booter.ForkedBooter.runSuitesInProcess(ForkedBooter.java:344)
	at org.apache.maven.surefire.booter.ForkedBooter.execute(ForkedBooter.java:125)
	at org.apache.maven.surefire.booter.ForkedBooter.main(ForkedBooter.java:417)
Caused by: java.io.IOException: Error while instrumenting javax/script/ScriptException.
	at org.jacoco.agent.rt.internal_43f5073.core.instr.Instrumenter.instrumentError(Instrumenter.java:159)
	at org.jacoco.agent.rt.internal_43f5073.core.instr.Instrumenter.instrument(Instrumenter.java:109)
	at org.jacoco.agent.rt.internal_43f5073.CoverageTransformer.transform(CoverageTransformer.java:92)
	... 39 more
Caused by: java.lang.IllegalArgumentException: Unsupported class file major version 61
	at org.jacoco.agent.rt.internal_43f5073.asm.ClassReader.<init>(ClassReader.java:195)
	at org.jacoco.agent.rt.internal_43f5073.asm.ClassReader.<init>(ClassReader.java:176)
	at org.jacoco.agent.rt.internal_43f5073.asm.ClassReader.<init>(ClassReader.java:162)
	at org.jacoco.agent.rt.internal_43f5073.core.internal.instr.InstrSupport.classReaderFor(InstrSupport.java:280)
	at org.jacoco.agent.rt.internal_43f5073.core.instr.Instrumenter.instrument(Instrumenter.java:75)
	at org.jacoco.agent.rt.internal_43f5073.core.instr.Instrumenter.instrument(Instrumenter.java:107)
	... 40 more
java.lang.instrument.IllegalClassFormatException: Error while instrumenting javax/script/Bindings.
	at org.jacoco.agent.rt.internal_43f5073.CoverageTransformer.transform(CoverageTransformer.java:94)
	at java.instrument/java.lang.instrument.ClassFileTransformer.transform(ClassFileTransformer.java:244)
	at java.instrument/sun.instrument.TransformerManager.transform(TransformerManager.java:188)
	at java.instrument/sun.instrument.InstrumentationImpl.transform(InstrumentationImpl.java:541)
	at java.base/java.lang.ClassLoader.defineClass2(Native Method)
	at java.base/java.lang.ClassLoader.defineClass(ClassLoader.java:1108)
	at java.base/java.security.SecureClassLoader.defineClass(SecureClassLoader.java:182)
	at java.base/jdk.internal.loader.BuiltinClassLoader.defineClass(BuiltinClassLoader.java:821)
	at java.base/jdk.internal.loader.BuiltinClassLoader.findClassInModuleOrNull(BuiltinClassLoader.java:741)
	at java.base/jdk.internal.loader.BuiltinClassLoader.loadClassOrNull(BuiltinClassLoader.java:665)
	at java.base/jdk.internal.loader.BuiltinClassLoader.loadClassOrNull(BuiltinClassLoader.java:700)
	at java.base/jdk.internal.loader.BuiltinClassLoader.loadClassOrNull(BuiltinClassLoader.java:669)
	at java.base/jdk.internal.loader.BuiltinClassLoader.loadClass(BuiltinClassLoader.java:639)
	at java.base/jdk.internal.loader.ClassLoaders$AppClassLoader.loadClass(ClassLoaders.java:188)
	at java.base/java.lang.ClassLoader.loadClass(ClassLoader.java:525)
	at java.base/java.lang.Class.forName0(Native Method)
	at java.base/java.lang.Class.forName(Class.java:377)
	at org.junit.jupiter.engine.extension.ScriptExecutionCondition$Evaluator.forName(ScriptExecutionCondition.java:153)
	at org.junit.jupiter.engine.extension.ScriptExecutionCondition$Evaluator.forName(ScriptExecutionCondition.java:133)
	at org.junit.jupiter.engine.extension.ScriptExecutionCondition.<init>(ScriptExecutionCondition.java:55)
	at org.junit.jupiter.engine.extension.ScriptExecutionCondition.<init>(ScriptExecutionCondition.java:50)
	at org.junit.jupiter.engine.extension.ExtensionRegistry.<clinit>(ExtensionRegistry.java:53)
	at org.junit.jupiter.engine.descriptor.JupiterEngineDescriptor.prepare(JupiterEngineDescriptor.java:52)
	at org.junit.jupiter.engine.descriptor.JupiterEngineDescriptor.prepare(JupiterEngineDescriptor.java:30)
	at org.junit.platform.engine.support.hierarchical.NodeTestTask.lambda$prepare$1(NodeTestTask.java:107)
	at org.junit.platform.engine.support.hierarchical.ThrowableCollector.execute(ThrowableCollector.java:73)
	at org.junit.platform.engine.support.hierarchical.NodeTestTask.prepare(NodeTestTask.java:107)
	at org.junit.platform.engine.support.hierarchical.NodeTestTask.execute(NodeTestTask.java:75)
	at org.junit.platform.engine.support.hierarchical.SameThreadHierarchicalTestExecutorService.submit(SameThreadHierarchicalTestExecutorService.java:32)
	at org.junit.platform.engine.support.hierarchical.HierarchicalTestExecutor.execute(HierarchicalTestExecutor.java:57)
	at org.junit.platform.engine.support.hierarchical.HierarchicalTestEngine.execute(HierarchicalTestEngine.java:51)
	at org.junit.platform.launcher.core.DefaultLauncher.execute(DefaultLauncher.java:170)
	at org.junit.platform.launcher.core.DefaultLauncher.execute(DefaultLauncher.java:154)
	at org.junit.platform.launcher.core.DefaultLauncher.execute(DefaultLauncher.java:90)
	at org.apache.maven.surefire.junitplatform.JUnitPlatformProvider.invokeAllTests(JUnitPlatformProvider.java:142)
	at org.apache.maven.surefire.junitplatform.JUnitPlatformProvider.invoke(JUnitPlatformProvider.java:117)
	at org.apache.maven.surefire.booter.ForkedBooter.invokeProviderInSameClassLoader(ForkedBooter.java:383)
	at org.apache.maven.surefire.booter.ForkedBooter.runSuitesInProcess(ForkedBooter.java:344)
	at org.apache.maven.surefire.booter.ForkedBooter.execute(ForkedBooter.java:125)
	at org.apache.maven.surefire.booter.ForkedBooter.main(ForkedBooter.java:417)
Caused by: java.io.IOException: Error while instrumenting javax/script/Bindings.
	at org.jacoco.agent.rt.internal_43f5073.core.instr.Instrumenter.instrumentError(Instrumenter.java:159)
	at org.jacoco.agent.rt.internal_43f5073.core.instr.Instrumenter.instrument(Instrumenter.java:109)
	at org.jacoco.agent.rt.internal_43f5073.CoverageTransformer.transform(CoverageTransformer.java:92)
	... 39 more
Caused by: java.lang.IllegalArgumentException: Unsupported class file major version 61
	at org.jacoco.agent.rt.internal_43f5073.asm.ClassReader.<init>(ClassReader.java:195)
	at org.jacoco.agent.rt.internal_43f5073.asm.ClassReader.<init>(ClassReader.java:176)
	at org.jacoco.agent.rt.internal_43f5073.asm.ClassReader.<init>(ClassReader.java:162)
	at org.jacoco.agent.rt.internal_43f5073.core.internal.instr.InstrSupport.classReaderFor(InstrSupport.java:280)
	at org.jacoco.agent.rt.internal_43f5073.core.instr.Instrumenter.instrument(Instrumenter.java:75)
	at org.jacoco.agent.rt.internal_43f5073.core.instr.Instrumenter.instrument(Instrumenter.java:107)
	... 40 more
java.lang.instrument.IllegalClassFormatException: Error while instrumenting javax/script/ScriptEngineManager.
	at org.jacoco.agent.rt.internal_43f5073.CoverageTransformer.transform(CoverageTransformer.java:94)
	at java.instrument/java.lang.instrument.ClassFileTransformer.transform(ClassFileTransformer.java:244)
	at java.instrument/sun.instrument.TransformerManager.transform(TransformerManager.java:188)
	at java.instrument/sun.instrument.InstrumentationImpl.transform(InstrumentationImpl.java:541)
	at java.base/java.lang.ClassLoader.defineClass2(Native Method)
	at java.base/java.lang.ClassLoader.defineClass(ClassLoader.java:1108)
	at java.base/java.security.SecureClassLoader.defineClass(SecureClassLoader.java:182)
	at java.base/jdk.internal.loader.BuiltinClassLoader.defineClass(BuiltinClassLoader.java:821)
	at java.base/jdk.internal.loader.BuiltinClassLoader.findClassInModuleOrNull(BuiltinClassLoader.java:741)
	at java.base/jdk.internal.loader.BuiltinClassLoader.loadClassOrNull(BuiltinClassLoader.java:665)
	at java.base/jdk.internal.loader.BuiltinClassLoader.loadClassOrNull(BuiltinClassLoader.java:700)
	at java.base/jdk.internal.loader.BuiltinClassLoader.loadClassOrNull(BuiltinClassLoader.java:669)
	at java.base/jdk.internal.loader.BuiltinClassLoader.loadClass(BuiltinClassLoader.java:639)
	at java.base/jdk.internal.loader.ClassLoaders$AppClassLoader.loadClass(ClassLoaders.java:188)
	at java.base/java.lang.ClassLoader.loadClass(ClassLoader.java:525)
	at org.junit.jupiter.engine.script.ScriptExecutionManager.<init>(ScriptExecutionManager.java:37)
	at org.junit.jupiter.engine.extension.ScriptExecutionEvaluator.<init>(ScriptExecutionEvaluator.java:42)
	at java.base/jdk.internal.reflect.NativeConstructorAccessorImpl.newInstance0(Native Method)
	at java.base/jdk.internal.reflect.NativeConstructorAccessorImpl.newInstance(NativeConstructorAccessorImpl.java:77)
	at java.base/jdk.internal.reflect.DelegatingConstructorAccessorImpl.newInstance(DelegatingConstructorAccessorImpl.java:45)
	at java.base/java.lang.reflect.Constructor.newInstanceWithCaller(Constructor.java:500)
	at java.base/java.lang.reflect.Constructor.newInstance(Constructor.java:481)
	at org.junit.jupiter.engine.extension.ScriptExecutionCondition$Evaluator.forName(ScriptExecutionCondition.java:153)
	at org.junit.jupiter.engine.extension.ScriptExecutionCondition$Evaluator.forName(ScriptExecutionCondition.java:133)
	at org.junit.jupiter.engine.extension.ScriptExecutionCondition.<init>(ScriptExecutionCondition.java:55)
	at org.junit.jupiter.engine.extension.ScriptExecutionCondition.<init>(ScriptExecutionCondition.java:50)
	at org.junit.jupiter.engine.extension.ExtensionRegistry.<clinit>(ExtensionRegistry.java:53)
	at org.junit.jupiter.engine.descriptor.JupiterEngineDescriptor.prepare(JupiterEngineDescriptor.java:52)
	at org.junit.jupiter.engine.descriptor.JupiterEngineDescriptor.prepare(JupiterEngineDescriptor.java:30)
	at org.junit.platform.engine.support.hierarchical.NodeTestTask.lambda$prepare$1(NodeTestTask.java:107)
	at org.junit.platform.engine.support.hierarchical.ThrowableCollector.execute(ThrowableCollector.java:73)
	at org.junit.platform.engine.support.hierarchical.NodeTestTask.prepare(NodeTestTask.java:107)
	at org.junit.platform.engine.support.hierarchical.NodeTestTask.execute(NodeTestTask.java:75)
	at org.junit.platform.engine.support.hierarchical.SameThreadHierarchicalTestExecutorService.submit(SameThreadHierarchicalTestExecutorService.java:32)
	at org.junit.platform.engine.support.hierarchical.HierarchicalTestExecutor.execute(HierarchicalTestExecutor.java:57)
	at org.junit.platform.engine.support.hierarchical.HierarchicalTestEngine.execute(HierarchicalTestEngine.java:51)
	at org.junit.platform.launcher.core.DefaultLauncher.execute(DefaultLauncher.java:170)
	at org.junit.platform.launcher.core.DefaultLauncher.execute(DefaultLauncher.java:154)
	at org.junit.platform.launcher.core.DefaultLauncher.execute(DefaultLauncher.java:90)
	at org.apache.maven.surefire.junitplatform.JUnitPlatformProvider.invokeAllTests(JUnitPlatformProvider.java:142)
	at org.apache.maven.surefire.junitplatform.JUnitPlatformProvider.invoke(JUnitPlatformProvider.java:117)
	at org.apache.maven.surefire.booter.ForkedBooter.invokeProviderInSameClassLoader(ForkedBooter.java:383)
	at org.apache.maven.surefire.booter.ForkedBooter.runSuitesInProcess(ForkedBooter.java:344)
	at org.apache.maven.surefire.booter.ForkedBooter.execute(ForkedBooter.java:125)
	at org.apache.maven.surefire.booter.ForkedBooter.main(ForkedBooter.java:417)
Caused by: java.io.IOException: Error while instrumenting javax/script/ScriptEngineManager.
	at org.jacoco.agent.rt.internal_43f5073.core.instr.Instrumenter.instrumentError(Instrumenter.java:159)
	at org.jacoco.agent.rt.internal_43f5073.core.instr.Instrumenter.instrument(Instrumenter.java:109)
	at org.jacoco.agent.rt.internal_43f5073.CoverageTransformer.transform(CoverageTransformer.java:92)
	... 44 more
Caused by: java.lang.IllegalArgumentException: Unsupported class file major version 61
	at org.jacoco.agent.rt.internal_43f5073.asm.ClassReader.<init>(ClassReader.java:195)
	at org.jacoco.agent.rt.internal_43f5073.asm.ClassReader.<init>(ClassReader.java:176)
	at org.jacoco.agent.rt.internal_43f5073.asm.ClassReader.<init>(ClassReader.java:162)
	at org.jacoco.agent.rt.internal_43f5073.core.internal.instr.InstrSupport.classReaderFor(InstrSupport.java:280)
	at org.jacoco.agent.rt.internal_43f5073.core.instr.Instrumenter.instrument(Instrumenter.java:75)
	at org.jacoco.agent.rt.internal_43f5073.core.instr.Instrumenter.instrument(Instrumenter.java:107)
	... 45 more
java.lang.instrument.IllegalClassFormatException: Error while instrumenting javax/script/ScriptEngineFactory.
	at org.jacoco.agent.rt.internal_43f5073.CoverageTransformer.transform(CoverageTransformer.java:94)
	at java.instrument/java.lang.instrument.ClassFileTransformer.transform(ClassFileTransformer.java:244)
	at java.instrument/sun.instrument.TransformerManager.transform(TransformerManager.java:188)
	at java.instrument/sun.instrument.InstrumentationImpl.transform(InstrumentationImpl.java:541)
	at java.base/java.lang.ClassLoader.defineClass2(Native Method)
	at java.base/java.lang.ClassLoader.defineClass(ClassLoader.java:1108)
	at java.base/java.security.SecureClassLoader.defineClass(SecureClassLoader.java:182)
	at java.base/jdk.internal.loader.BuiltinClassLoader.defineClass(BuiltinClassLoader.java:821)
	at java.base/jdk.internal.loader.BuiltinClassLoader.findClassInModuleOrNull(BuiltinClassLoader.java:741)
	at java.base/jdk.internal.loader.BuiltinClassLoader.loadClassOrNull(BuiltinClassLoader.java:665)
	at java.base/jdk.internal.loader.BuiltinClassLoader.loadClass(BuiltinClassLoader.java:639)
	at java.base/java.lang.ClassLoader.loadClass(ClassLoader.java:525)
	at java.scripting/javax.script.ScriptEngineManager.<clinit>(ScriptEngineManager.java:315)
	at org.junit.jupiter.engine.script.ScriptExecutionManager.<init>(ScriptExecutionManager.java:37)
	at org.junit.jupiter.engine.extension.ScriptExecutionEvaluator.<init>(ScriptExecutionEvaluator.java:42)
	at java.base/jdk.internal.reflect.NativeConstructorAccessorImpl.newInstance0(Native Method)
	at java.base/jdk.internal.reflect.NativeConstructorAccessorImpl.newInstance(NativeConstructorAccessorImpl.java:77)
	at java.base/jdk.internal.reflect.DelegatingConstructorAccessorImpl.newInstance(DelegatingConstructorAccessorImpl.java:45)
	at java.base/java.lang.reflect.Constructor.newInstanceWithCaller(Constructor.java:500)
	at java.base/java.lang.reflect.Constructor.newInstance(Constructor.java:481)
	at org.junit.jupiter.engine.extension.ScriptExecutionCondition$Evaluator.forName(ScriptExecutionCondition.java:153)
	at org.junit.jupiter.engine.extension.ScriptExecutionCondition$Evaluator.forName(ScriptExecutionCondition.java:133)
	at org.junit.jupiter.engine.extension.ScriptExecutionCondition.<init>(ScriptExecutionCondition.java:55)
	at org.junit.jupiter.engine.extension.ScriptExecutionCondition.<init>(ScriptExecutionCondition.java:50)
	at org.junit.jupiter.engine.extension.ExtensionRegistry.<clinit>(ExtensionRegistry.java:53)
	at org.junit.jupiter.engine.descriptor.JupiterEngineDescriptor.prepare(JupiterEngineDescriptor.java:52)
	at org.junit.jupiter.engine.descriptor.JupiterEngineDescriptor.prepare(JupiterEngineDescriptor.java:30)
	at org.junit.platform.engine.support.hierarchical.NodeTestTask.lambda$prepare$1(NodeTestTask.java:107)
	at org.junit.platform.engine.support.hierarchical.ThrowableCollector.execute(ThrowableCollector.java:73)
	at org.junit.platform.engine.support.hierarchical.NodeTestTask.prepare(NodeTestTask.java:107)
	at org.junit.platform.engine.support.hierarchical.NodeTestTask.execute(NodeTestTask.java:75)
	at org.junit.platform.engine.support.hierarchical.SameThreadHierarchicalTestExecutorService.submit(SameThreadHierarchicalTestExecutorService.java:32)
	at org.junit.platform.engine.support.hierarchical.HierarchicalTestExecutor.execute(HierarchicalTestExecutor.java:57)
	at org.junit.platform.engine.support.hierarchical.HierarchicalTestEngine.execute(HierarchicalTestEngine.java:51)
	at org.junit.platform.launcher.core.DefaultLauncher.execute(DefaultLauncher.java:170)
	at org.junit.platform.launcher.core.DefaultLauncher.execute(DefaultLauncher.java:154)
	at org.junit.platform.launcher.core.DefaultLauncher.execute(DefaultLauncher.java:90)
	at org.apache.maven.surefire.junitplatform.JUnitPlatformProvider.invokeAllTests(JUnitPlatformProvider.java:142)
	at org.apache.maven.surefire.junitplatform.JUnitPlatformProvider.invoke(JUnitPlatformProvider.java:117)
	at org.apache.maven.surefire.booter.ForkedBooter.invokeProviderInSameClassLoader(ForkedBooter.java:383)
	at org.apache.maven.surefire.booter.ForkedBooter.runSuitesInProcess(ForkedBooter.java:344)
	at org.apache.maven.surefire.booter.ForkedBooter.execute(ForkedBooter.java:125)
	at org.apache.maven.surefire.booter.ForkedBooter.main(ForkedBooter.java:417)
Caused by: java.io.IOException: Error while instrumenting javax/script/ScriptEngineFactory.
	at org.jacoco.agent.rt.internal_43f5073.core.instr.Instrumenter.instrumentError(Instrumenter.java:159)
	at org.jacoco.agent.rt.internal_43f5073.core.instr.Instrumenter.instrument(Instrumenter.java:109)
	at org.jacoco.agent.rt.internal_43f5073.CoverageTransformer.transform(CoverageTransformer.java:92)
	... 42 more
Caused by: java.lang.IllegalArgumentException: Unsupported class file major version 61
	at org.jacoco.agent.rt.internal_43f5073.asm.ClassReader.<init>(ClassReader.java:195)
	at org.jacoco.agent.rt.internal_43f5073.asm.ClassReader.<init>(ClassReader.java:176)
	at org.jacoco.agent.rt.internal_43f5073.asm.ClassReader.<init>(ClassReader.java:162)
	at org.jacoco.agent.rt.internal_43f5073.core.internal.instr.InstrSupport.classReaderFor(InstrSupport.java:280)
	at org.jacoco.agent.rt.internal_43f5073.core.instr.Instrumenter.instrument(Instrumenter.java:75)
	at org.jacoco.agent.rt.internal_43f5073.core.instr.Instrumenter.instrument(Instrumenter.java:107)
	... 43 more
java.lang.instrument.IllegalClassFormatException: Error while instrumenting javax/script/SimpleBindings.
	at org.jacoco.agent.rt.internal_43f5073.CoverageTransformer.transform(CoverageTransformer.java:94)
	at java.instrument/java.lang.instrument.ClassFileTransformer.transform(ClassFileTransformer.java:244)
	at java.instrument/sun.instrument.TransformerManager.transform(TransformerManager.java:188)
	at java.instrument/sun.instrument.InstrumentationImpl.transform(InstrumentationImpl.java:541)
	at java.base/java.lang.ClassLoader.defineClass2(Native Method)
	at java.base/java.lang.ClassLoader.defineClass(ClassLoader.java:1108)
	at java.base/java.security.SecureClassLoader.defineClass(SecureClassLoader.java:182)
	at java.base/jdk.internal.loader.BuiltinClassLoader.defineClass(BuiltinClassLoader.java:821)
	at java.base/jdk.internal.loader.BuiltinClassLoader.findClassInModuleOrNull(BuiltinClassLoader.java:741)
	at java.base/jdk.internal.loader.BuiltinClassLoader.loadClassOrNull(BuiltinClassLoader.java:665)
	at java.base/jdk.internal.loader.BuiltinClassLoader.loadClass(BuiltinClassLoader.java:639)
	at java.base/java.lang.ClassLoader.loadClass(ClassLoader.java:525)
	at java.scripting/javax.script.ScriptEngineManager.<init>(ScriptEngineManager.java:333)
	at java.scripting/javax.script.ScriptEngineManager.<init>(ScriptEngineManager.java:63)
	at org.junit.jupiter.engine.script.ScriptExecutionManager.<init>(ScriptExecutionManager.java:37)
	at org.junit.jupiter.engine.extension.ScriptExecutionEvaluator.<init>(ScriptExecutionEvaluator.java:42)
	at java.base/jdk.internal.reflect.NativeConstructorAccessorImpl.newInstance0(Native Method)
	at java.base/jdk.internal.reflect.NativeConstructorAccessorImpl.newInstance(NativeConstructorAccessorImpl.java:77)
	at java.base/jdk.internal.reflect.DelegatingConstructorAccessorImpl.newInstance(DelegatingConstructorAccessorImpl.java:45)
	at java.base/java.lang.reflect.Constructor.newInstanceWithCaller(Constructor.java:500)
	at java.base/java.lang.reflect.Constructor.newInstance(Constructor.java:481)
	at org.junit.jupiter.engine.extension.ScriptExecutionCondition$Evaluator.forName(ScriptExecutionCondition.java:153)
	at org.junit.jupiter.engine.extension.ScriptExecutionCondition$Evaluator.forName(ScriptExecutionCondition.java:133)
	at org.junit.jupiter.engine.extension.ScriptExecutionCondition.<init>(ScriptExecutionCondition.java:55)
	at org.junit.jupiter.engine.extension.ScriptExecutionCondition.<init>(ScriptExecutionCondition.java:50)
	at org.junit.jupiter.engine.extension.ExtensionRegistry.<clinit>(ExtensionRegistry.java:53)
	at org.junit.jupiter.engine.descriptor.JupiterEngineDescriptor.prepare(JupiterEngineDescriptor.java:52)
	at org.junit.jupiter.engine.descriptor.JupiterEngineDescriptor.prepare(JupiterEngineDescriptor.java:30)
	at org.junit.platform.engine.support.hierarchical.NodeTestTask.lambda$prepare$1(NodeTestTask.java:107)
	at org.junit.platform.engine.support.hierarchical.ThrowableCollector.execute(ThrowableCollector.java:73)
	at org.junit.platform.engine.support.hierarchical.NodeTestTask.prepare(NodeTestTask.java:107)
	at org.junit.platform.engine.support.hierarchical.NodeTestTask.execute(NodeTestTask.java:75)
	at org.junit.platform.engine.support.hierarchical.SameThreadHierarchicalTestExecutorService.submit(SameThreadHierarchicalTestExecutorService.java:32)
	at org.junit.platform.engine.support.hierarchical.HierarchicalTestExecutor.execute(HierarchicalTestExecutor.java:57)
	at org.junit.platform.engine.support.hierarchical.HierarchicalTestEngine.execute(HierarchicalTestEngine.java:51)
	at org.junit.platform.launcher.core.DefaultLauncher.execute(DefaultLauncher.java:170)
	at org.junit.platform.launcher.core.DefaultLauncher.execute(DefaultLauncher.java:154)
	at org.junit.platform.launcher.core.DefaultLauncher.execute(DefaultLauncher.java:90)
	at org.apache.maven.surefire.junitplatform.JUnitPlatformProvider.invokeAllTests(JUnitPlatformProvider.java:142)
	at org.apache.maven.surefire.junitplatform.JUnitPlatformProvider.invoke(JUnitPlatformProvider.java:117)
	at org.apache.maven.surefire.booter.ForkedBooter.invokeProviderInSameClassLoader(ForkedBooter.java:383)
	at org.apache.maven.surefire.booter.ForkedBooter.runSuitesInProcess(ForkedBooter.java:344)
	at org.apache.maven.surefire.booter.ForkedBooter.execute(ForkedBooter.java:125)
	at org.apache.maven.surefire.booter.ForkedBooter.main(ForkedBooter.java:417)
Caused by: java.io.IOException: Error while instrumenting javax/script/SimpleBindings.
	at org.jacoco.agent.rt.internal_43f5073.core.instr.Instrumenter.instrumentError(Instrumenter.java:159)
	at org.jacoco.agent.rt.internal_43f5073.core.instr.Instrumenter.instrument(Instrumenter.java:109)
	at org.jacoco.agent.rt.internal_43f5073.CoverageTransformer.transform(CoverageTransformer.java:92)
	... 43 more
Caused by: java.lang.IllegalArgumentException: Unsupported class file major version 61
	at org.jacoco.agent.rt.internal_43f5073.asm.ClassReader.<init>(ClassReader.java:195)
	at org.jacoco.agent.rt.internal_43f5073.asm.ClassReader.<init>(ClassReader.java:176)
	at org.jacoco.agent.rt.internal_43f5073.asm.ClassReader.<init>(ClassReader.java:162)
	at org.jacoco.agent.rt.internal_43f5073.core.internal.instr.InstrSupport.classReaderFor(InstrSupport.java:280)
	at org.jacoco.agent.rt.internal_43f5073.core.instr.Instrumenter.instrument(Instrumenter.java:75)
	at org.jacoco.agent.rt.internal_43f5073.core.instr.Instrumenter.instrument(Instrumenter.java:107)
	... 44 more
2026-02-19 15:24:47.911:INFO:oejs.Server:jetty-8.1.9.v20130131
2026-02-19 15:24:47.939:INFO:oejs.AbstractConnector:Started SelectChannelConnector@0.0.0.0:37931
2026-02-19 15:24:47.939:INFO:oejs.Server:jetty-8.1.9.v20130131
2026-02-19 15:24:47.956:INFO:oejs.AbstractConnector:Started SelectChannelConnector@0.0.0.0:38613
 DONE scribejava/scribejava-core (tests ran)
2026-02-19 15:24:48.569:INFO:oejs.Server:jetty-8.1.9.v20130131
2026-02-19 15:24:48.587:INFO:oejs.AbstractConnector:Started SelectChannelConnector@0.0.0.0:34389
2026-02-19 15:24:48.587:INFO:oejs.Server:jetty-8.1.9.v20130131
2026-02-19 15:24:48.628:INFO:oejs.AbstractConnector:Started SelectChannelConnector@0.0.0.0:37971
2026-02-19 15:24:48.890:INFO:oejs.Server:jetty-8.1.9.v20130131
2026-02-19 15:24:48.908:INFO:oejs.AbstractConnector:Started SelectChannelConnector@0.0.0.0:40509
2026-02-19 15:24:48.908:INFO:oejs.Server:jetty-8.1.9.v20130131
2026-02-19 15:24:48.928:INFO:oejs.AbstractConnector:Started SelectChannelConnector@0.0.0.0:35095
2026-02-19 15:24:49.563:INFO:oejs.Server:jetty-8.1.9.v20130131
2026-02-19 15:24:49.581:INFO:oejs.AbstractConnector:Started SelectChannelConnector@0.0.0.0:43997
2026-02-19 15:24:49.581:INFO:oejs.Server:jetty-8.1.9.v20130131
2026-02-19 15:24:49.612:INFO:oejs.AbstractConnector:Started SelectChannelConnector@0.0.0.0:33003
 DONE commons-numbers/commons-numbers-core (tests ran)
2026-02-19 15:24:49.848:INFO:oejs.Server:jetty-8.1.9.v20130131
2026-02-19 15:24:49.859:INFO:oejs.AbstractConnector:Started SelectChannelConnector@0.0.0.0:38711
2026-02-19 15:24:49.859:INFO:oejs.Server:jetty-8.1.9.v20130131
2026-02-19 15:24:49.866:INFO:oejs.AbstractConnector:Started SelectChannelConnector@0.0.0.0:36337
2026-02-19 15:24:50.507:INFO:oejs.Server:jetty-8.1.9.v20130131
2026-02-19 15:24:50.508:INFO:oejs.AbstractConnector:Started SelectChannelConnector@0.0.0.0:44045
2026-02-19 15:24:50.509:INFO:oejs.Server:jetty-8.1.9.v20130131
2026-02-19 15:24:50.517:INFO:oejs.AbstractConnector:Started SelectChannelConnector@0.0.0.0:39233
2026-02-19 15:24:51.121:INFO:oejs.Server:jetty-8.1.9.v20130131
2026-02-19 15:24:51.134:INFO:oejs.AbstractConnector:Started SelectChannelConnector@0.0.0.0:44927
2026-02-19 15:24:51.134:INFO:oejs.Server:jetty-8.1.9.v20130131
2026-02-19 15:24:51.140:INFO:oejs.AbstractConnector:Started SelectChannelConnector@0.0.0.0:43135
2026-02-19 15:24:51.377:INFO:oejs.Server:jetty-8.1.9.v20130131
2026-02-19 15:24:51.405:INFO:oejs.AbstractConnector:Started SelectChannelConnector@0.0.0.0:45563
2026-02-19 15:24:51.405:INFO:oejs.Server:jetty-8.1.9.v20130131
2026-02-19 15:24:51.431:INFO:oejs.AbstractConnector:Started SelectChannelConnector@0.0.0.0:34985
2026-02-19 15:24:51.703:INFO:oejs.Server:jetty-8.1.9.v20130131
2026-02-19 15:24:51.723:INFO:oejs.AbstractConnector:Started SelectChannelConnector@0.0.0.0:44109
2026-02-19 15:24:51.724:INFO:oejs.Server:jetty-8.1.9.v20130131
2026-02-19 15:24:51.748:INFO:oejs.AbstractConnector:Started SelectChannelConnector@0.0.0.0:41241
2026-02-19 15:24:52.341:INFO:oejs.Server:jetty-8.1.9.v20130131
2026-02-19 15:24:52.345:INFO:oejs.AbstractConnector:Started SelectChannelConnector@0.0.0.0:36453
2026-02-19 15:24:52.346:INFO:oejs.Server:jetty-8.1.9.v20130131
2026-02-19 15:24:52.357:INFO:oejs.AbstractConnector:Started SelectChannelConnector@0.0.0.0:35131
2026-02-19 15:24:52.623:INFO:oejs.Server:jetty-8.1.9.v20130131
2026-02-19 15:24:52.638:INFO:oejs.AbstractConnector:Started SelectChannelConnector@0.0.0.0:35093
2026-02-19 15:24:52.638:INFO:oejs.Server:jetty-8.1.9.v20130131
2026-02-19 15:24:52.650:INFO:oejs.AbstractConnector:Started SelectChannelConnector@0.0.0.0:37989
2026-02-19 15:24:52.923:INFO:oejs.Server:jetty-8.1.9.v20130131
2026-02-19 15:24:52.938:INFO:oejs.AbstractConnector:Started SelectChannelConnector@0.0.0.0:43393
2026-02-19 15:24:52.938:INFO:oejs.Server:jetty-8.1.9.v20130131
2026-02-19 15:24:52.957:INFO:oejs.AbstractConnector:Started SelectChannelConnector@0.0.0.0:35265
2026-02-19 15:24:53.582:INFO:oejs.Server:jetty-8.1.9.v20130131
2026-02-19 15:24:53.584:INFO:oejs.AbstractConnector:Started SelectChannelConnector@0.0.0.0:45481
2026-02-19 15:24:53.584:INFO:oejs.Server:jetty-8.1.9.v20130131
2026-02-19 15:24:53.598:INFO:oejs.AbstractConnector:Started SelectChannelConnector@0.0.0.0:39999
2026-02-19 15:24:54.235:INFO:oejs.Server:jetty-8.1.9.v20130131
2026-02-19 15:24:54.267:INFO:oejs.AbstractConnector:Started SelectChannelConnector@0.0.0.0:42337
2026-02-19 15:24:54.268:INFO:oejs.Server:jetty-8.1.9.v20130131
2026-02-19 15:24:54.307:INFO:oejs.AbstractConnector:Started SelectChannelConnector@0.0.0.0:37567
2026-02-19 15:24:54.961:INFO:oejs.Server:jetty-8.1.9.v20130131
2026-02-19 15:24:54.976:INFO:oejs.AbstractConnector:Started SelectChannelConnector@0.0.0.0:46363
2026-02-19 15:24:54.976:INFO:oejs.Server:jetty-8.1.9.v20130131
2026-02-19 15:24:54.990:INFO:oejs.AbstractConnector:Started SelectChannelConnector@0.0.0.0:36271
2026-02-19 15:24:55.597:INFO:oejs.Server:jetty-8.1.9.v20130131
2026-02-19 15:24:55.604:INFO:oejs.AbstractConnector:Started SelectChannelConnector@0.0.0.0:46693
2026-02-19 15:24:55.604:INFO:oejs.Server:jetty-8.1.9.v20130131
2026-02-19 15:24:55.619:INFO:oejs.AbstractConnector:Started SelectChannelConnector@0.0.0.0:35767
2026-02-19 15:24:55.878:INFO:oejs.Server:jetty-8.1.9.v20130131
2026-02-19 15:24:55.893:INFO:oejs.AbstractConnector:Started SelectChannelConnector@0.0.0.0:40435
2026-02-19 15:24:55.893:INFO:oejs.Server:jetty-8.1.9.v20130131
2026-02-19 15:24:55.907:INFO:oejs.AbstractConnector:Started SelectChannelConnector@0.0.0.0:39845
2026-02-19 15:24:56.498:INFO:oejs.Server:jetty-8.1.9.v20130131
2026-02-19 15:24:56.506:INFO:oejs.AbstractConnector:Started SelectChannelConnector@0.0.0.0:36313
2026-02-19 15:24:56.506:INFO:oejs.Server:jetty-8.1.9.v20130131
2026-02-19 15:24:56.507:INFO:oejs.AbstractConnector:Started SelectChannelConnector@0.0.0.0:33663
2026-02-19 15:24:56.756:INFO:oejs.Server:jetty-8.1.9.v20130131
2026-02-19 15:24:56.770:INFO:oejs.AbstractConnector:Started SelectChannelConnector@0.0.0.0:44795
2026-02-19 15:24:56.770:INFO:oejs.Server:jetty-8.1.9.v20130131
2026-02-19 15:24:56.804:INFO:oejs.AbstractConnector:Started SelectChannelConnector@0.0.0.0:34193
2026-02-19 15:24:57.420:INFO:oejs.Server:jetty-8.1.9.v20130131
2026-02-19 15:24:57.430:INFO:oejs.AbstractConnector:Started SelectChannelConnector@0.0.0.0:43883
2026-02-19 15:24:57.430:INFO:oejs.Server:jetty-8.1.9.v20130131
2026-02-19 15:24:57.431:INFO:oejs.AbstractConnector:Started SelectChannelConnector@0.0.0.0:36371
 DONE commons-lang3 (tests ran)
2026-02-19 15:24:58.079:INFO:oejs.Server:jetty-8.1.9.v20130131
2026-02-19 15:24:58.084:INFO:oejs.AbstractConnector:Started SelectChannelConnector@0.0.0.0:37377
2026-02-19 15:24:58.084:INFO:oejs.Server:jetty-8.1.9.v20130131
2026-02-19 15:24:58.085:INFO:oejs.AbstractConnector:Started SelectChannelConnector@0.0.0.0:38097
2026-02-19 15:24:58.713:INFO:oejs.Server:jetty-8.1.9.v20130131
2026-02-19 15:24:58.719:INFO:oejs.AbstractConnector:Started SelectChannelConnector@0.0.0.0:38755
2026-02-19 15:24:58.719:INFO:oejs.Server:jetty-8.1.9.v20130131
2026-02-19 15:24:58.722:INFO:oejs.AbstractConnector:Started SelectChannelConnector@0.0.0.0:37571
2026-02-19 15:24:59.343:INFO:oejs.Server:jetty-8.1.9.v20130131
2026-02-19 15:24:59.349:INFO:oejs.AbstractConnector:Started SelectChannelConnector@0.0.0.0:40279
2026-02-19 15:24:59.349:INFO:oejs.Server:jetty-8.1.9.v20130131
2026-02-19 15:24:59.353:INFO:oejs.AbstractConnector:Started SelectChannelConnector@0.0.0.0:34875
2026-02-19 15:24:59.393:INFO::main: Logging initialized @6207ms to org.eclipse.jetty.util.log.StdErrLog
2026-02-19 15:24:59.425:INFO:oejs.Server:main: jetty-9.4.48.v20220622; built: 2022-06-21T20:42:25.880Z; git: 6b67c5719d1f4371b33655ff2d047d24e171e49a; jvm 17.0.17+10-Ubuntu-124.04
2026-02-19 15:24:59.479:INFO:oejs.AbstractConnector:main: Started ServerConnector@7be1ce6a{HTTP/1.1, (http/1.1)}{localhost:42901}
2026-02-19 15:24:59.479:INFO:oejs.Server:main: Started @6294ms
2026-02-19 15:24:59.590:INFO:oejs.Server:jetty-8.1.9.v20130131
2026-02-19 15:24:59.599:INFO:oejs.AbstractConnector:Started SelectChannelConnector@0.0.0.0:43241
2026-02-19 15:24:59.599:INFO:oejs.Server:jetty-8.1.9.v20130131
2026-02-19 15:24:59.603:INFO:oejs.AbstractConnector:Started SelectChannelConnector@0.0.0.0:42665
2026-02-19 15:24:59.848:INFO:oejs.Server:jetty-8.1.9.v20130131
2026-02-19 15:24:59.861:INFO:oejs.AbstractConnector:Started SelectChannelConnector@0.0.0.0:40769
2026-02-19 15:24:59.861:INFO:oejs.Server:jetty-8.1.9.v20130131
2026-02-19 15:24:59.884:INFO:oejs.AbstractConnector:Started SelectChannelConnector@0.0.0.0:39159
2026-02-19 15:25:00.450:INFO:oejs.Server:jetty-8.1.9.v20130131
2026-02-19 15:25:00.470:INFO:oejs.AbstractConnector:Started SelectChannelConnector@0.0.0.0:45253
2026-02-19 15:25:00.470:INFO:oejs.Server:jetty-8.1.9.v20130131
2026-02-19 15:25:00.485:INFO:oejs.AbstractConnector:Started SelectChannelConnector@0.0.0.0:40311
2026-02-19 15:25:01.125:INFO:oejs.Server:jetty-8.1.9.v20130131
2026-02-19 15:25:01.134:INFO:oejs.AbstractConnector:Started SelectChannelConnector@0.0.0.0:40081
2026-02-19 15:25:01.134:INFO:oejs.Server:jetty-8.1.9.v20130131
2026-02-19 15:25:01.145:INFO:oejs.AbstractConnector:Started SelectChannelConnector@0.0.0.0:46141
java.lang.instrument.IllegalClassFormatException: Error while instrumenting sun/util/resources/provider/NonBaseLocaleDataMetaInfo.
	at org.jacoco.agent.rt.internal_035b120.CoverageTransformer.transform(CoverageTransformer.java:93)
	at java.instrument/java.lang.instrument.ClassFileTransformer.transform(ClassFileTransformer.java:244)
	at java.instrument/sun.instrument.TransformerManager.transform(TransformerManager.java:188)
	at java.instrument/sun.instrument.InstrumentationImpl.transform(InstrumentationImpl.java:541)
	at java.base/java.lang.ClassLoader.defineClass2(Native Method)
	at java.base/java.lang.ClassLoader.defineClass(ClassLoader.java:1108)
	at java.base/java.security.SecureClassLoader.defineClass(SecureClassLoader.java:182)
	at java.base/jdk.internal.loader.BuiltinClassLoader.defineClass(BuiltinClassLoader.java:821)
	at java.base/jdk.internal.loader.BuiltinClassLoader.findClassInModuleOrNull(BuiltinClassLoader.java:741)
	at java.base/jdk.internal.loader.BuiltinClassLoader.findClass(BuiltinClassLoader.java:621)
	at java.base/java.lang.ClassLoader.loadClass(ClassLoader.java:637)
	at java.base/java.lang.Class.forName(Class.java:547)
	at java.base/java.util.ServiceLoader.loadProvider(ServiceLoader.java:859)
	at java.base/java.util.ServiceLoader$ModuleServicesLookupIterator.hasNext(ServiceLoader.java:1084)
	at java.base/java.util.ServiceLoader$2.hasNext(ServiceLoader.java:1309)
	at java.base/java.util.ServiceLoader$3.hasNext(ServiceLoader.java:1393)
	at java.base/sun.util.locale.provider.JRELocaleProviderAdapter.lambda$createSupportedLocaleString$13(JRELocaleProviderAdapter.java:479)
	at java.base/java.security.AccessController.doPrivileged(AccessController.java:569)
	at java.base/sun.util.locale.provider.JRELocaleProviderAdapter.createSupportedLocaleString(JRELocaleProviderAdapter.java:476)
	at java.base/sun.util.locale.provider.JRELocaleProviderAdapter.createLanguageTagSet(JRELocaleProviderAdapter.java:456)
	at java.base/sun.util.locale.provider.JRELocaleProviderAdapter.getLanguageTagSet(JRELocaleProviderAdapter.java:446)
	at java.base/sun.util.locale.provider.JRELocaleProviderAdapter.lambda$getBreakIteratorProvider$0(JRELocaleProviderAdapter.java:150)
	at java.base/java.security.AccessController.doPrivileged(AccessController.java:318)
	at java.base/sun.util.locale.provider.JRELocaleProviderAdapter.getBreakIteratorProvider(JRELocaleProviderAdapter.java:146)
	at java.base/sun.util.locale.provider.JRELocaleProviderAdapter.getLocaleServiceProvider(JRELocaleProviderAdapter.java:93)
	at java.base/sun.util.locale.provider.LocaleServiceProviderPool.getAvailableLocaleSet(LocaleServiceProviderPool.java:191)
	at java.base/sun.util.locale.provider.LocaleServiceProviderPool$AllAvailableLocales.<clinit>(LocaleServiceProviderPool.java:139)
	at java.base/sun.util.locale.provider.LocaleServiceProviderPool.getAllAvailableLocales(LocaleServiceProviderPool.java:158)
	at java.base/java.util.Locale.getAvailableLocales(Locale.java:1135)
	at org.apache.commons.collections4.junit.AbstractAvailableLocalesTest.getSortedAvailableLocales(AbstractAvailableLocalesTest.java:59)
	at java.base/jdk.internal.reflect.NativeMethodAccessorImpl.invoke0(Native Method)
	at java.base/jdk.internal.reflect.NativeMethodAccessorImpl.invoke(NativeMethodAccessorImpl.java:77)
	at java.base/jdk.internal.reflect.DelegatingMethodAccessorImpl.invoke(DelegatingMethodAccessorImpl.java:43)
	at java.base/java.lang.reflect.Method.invoke(Method.java:569)
	at org.junit.runners.model.FrameworkMethod$1.runReflectiveCall(FrameworkMethod.java:50)
	at org.junit.internal.runners.model.ReflectiveCallable.run(ReflectiveCallable.java:12)
	at org.junit.runners.model.FrameworkMethod.invokeExplosively(FrameworkMethod.java:47)
	at org.junit.runners.Parameterized.allParameters(Parameterized.java:280)
	at org.junit.runners.Parameterized.<init>(Parameterized.java:248)
	at java.base/jdk.internal.reflect.NativeConstructorAccessorImpl.newInstance0(Native Method)
	at java.base/jdk.internal.reflect.NativeConstructorAccessorImpl.newInstance(NativeConstructorAccessorImpl.java:77)
	at java.base/jdk.internal.reflect.DelegatingConstructorAccessorImpl.newInstance(DelegatingConstructorAccessorImpl.java:45)
	at java.base/java.lang.reflect.Constructor.newInstanceWithCaller(Constructor.java:500)
	at java.base/java.lang.reflect.Constructor.newInstance(Constructor.java:481)
	at org.junit.internal.builders.AnnotatedBuilder.buildRunner(AnnotatedBuilder.java:104)
	at org.junit.internal.builders.AnnotatedBuilder.runnerForClass(AnnotatedBuilder.java:86)
	at org.junit.runners.model.RunnerBuilder.safeRunnerForClass(RunnerBuilder.java:59)
	at org.junit.internal.builders.AllDefaultPossibilitiesBuilder.runnerForClass(AllDefaultPossibilitiesBuilder.java:26)
	at org.junit.runners.model.RunnerBuilder.safeRunnerForClass(RunnerBuilder.java:59)
	at org.junit.internal.requests.ClassRequest.getRunner(ClassRequest.java:33)
	at org.junit.internal.requests.FilterRequest.getRunner(FilterRequest.java:36)
	at org.apache.maven.surefire.junit4.JUnit4Provider.execute(JUnit4Provider.java:362)
	at org.apache.maven.surefire.junit4.JUnit4Provider.executeWithRerun(JUnit4Provider.java:273)
	at org.apache.maven.surefire.junit4.JUnit4Provider.executeTestSet(JUnit4Provider.java:238)
	at org.apache.maven.surefire.junit4.JUnit4Provider.invoke(JUnit4Provider.java:159)
	at org.apache.maven.surefire.booter.ForkedBooter.invokeProviderInSameClassLoader(ForkedBooter.java:384)
	at org.apache.maven.surefire.booter.ForkedBooter.runSuitesInProcess(ForkedBooter.java:345)
	at org.apache.maven.surefire.booter.ForkedBooter.execute(ForkedBooter.java:126)
	at org.apache.maven.surefire.booter.ForkedBooter.main(ForkedBooter.java:418)
Caused by: java.io.IOException: Error while instrumenting sun/util/resources/provider/NonBaseLocaleDataMetaInfo.
	at org.jacoco.agent.rt.internal_035b120.core.instr.Instrumenter.instrumentError(Instrumenter.java:158)
	at org.jacoco.agent.rt.internal_035b120.core.instr.Instrumenter.instrument(Instrumenter.java:108)
	at org.jacoco.agent.rt.internal_035b120.CoverageTransformer.transform(CoverageTransformer.java:91)
	... 58 more
Caused by: java.lang.IllegalArgumentException: Unsupported class file major version 61
	at org.jacoco.agent.rt.internal_035b120.asm.ClassReader.<init>(ClassReader.java:195)
	at org.jacoco.agent.rt.internal_035b120.asm.ClassReader.<init>(ClassReader.java:176)
	at org.jacoco.agent.rt.internal_035b120.asm.ClassReader.<init>(ClassReader.java:162)
	at org.jacoco.agent.rt.internal_035b120.core.internal.instr.InstrSupport.classReaderFor(InstrSupport.java:279)
	at org.jacoco.agent.rt.internal_035b120.core.instr.Instrumenter.instrument(Instrumenter.java:74)
	at org.jacoco.agent.rt.internal_035b120.core.instr.Instrumenter.instrument(Instrumenter.java:106)
	... 59 more
2026-02-19 15:25:01.752:INFO:oejs.Server:jetty-8.1.9.v20130131
2026-02-19 15:25:01.753:INFO:oejs.AbstractConnector:Started SelectChannelConnector@0.0.0.0:37277
2026-02-19 15:25:01.753:INFO:oejs.Server:jetty-8.1.9.v20130131
2026-02-19 15:25:01.754:INFO:oejs.AbstractConnector:Started SelectChannelConnector@0.0.0.0:34745
2026-02-19 15:25:02.380:INFO:oejs.Server:jetty-8.1.9.v20130131
2026-02-19 15:25:02.380:INFO:oejs.AbstractConnector:Started SelectChannelConnector@0.0.0.0:38377
2026-02-19 15:25:02.381:INFO:oejs.Server:jetty-8.1.9.v20130131
2026-02-19 15:25:02.381:INFO:oejs.AbstractConnector:Started SelectChannelConnector@0.0.0.0:35827
2026-02-19 15:25:02.977:INFO:oejs.Server:jetty-8.1.9.v20130131
2026-02-19 15:25:02.979:INFO:oejs.AbstractConnector:Started SelectChannelConnector@0.0.0.0:34633
2026-02-19 15:25:02.979:INFO:oejs.Server:jetty-8.1.9.v20130131
2026-02-19 15:25:02.981:INFO:oejs.AbstractConnector:Started SelectChannelConnector@0.0.0.0:38445
2026-02-19 15:25:03.607:INFO:oejs.Server:jetty-8.1.9.v20130131
2026-02-19 15:25:03.608:INFO:oejs.AbstractConnector:Started SelectChannelConnector@0.0.0.0:45019
2026-02-19 15:25:03.608:INFO:oejs.Server:jetty-8.1.9.v20130131
2026-02-19 15:25:03.609:INFO:oejs.AbstractConnector:Started SelectChannelConnector@0.0.0.0:35737
 DONE commons-beanutils (tests ran)
2026-02-19 15:25:04.238:INFO:oejs.Server:jetty-8.1.9.v20130131
2026-02-19 15:25:04.243:INFO:oejs.AbstractConnector:Started SelectChannelConnector@0.0.0.0:38029
2026-02-19 15:25:04.243:INFO:oejs.Server:jetty-8.1.9.v20130131
2026-02-19 15:25:04.244:INFO:oejs.AbstractConnector:Started SelectChannelConnector@0.0.0.0:34335
2026-02-19 15:25:04.868:INFO:oejs.Server:jetty-8.1.9.v20130131
2026-02-19 15:25:04.869:INFO:oejs.AbstractConnector:Started SelectChannelConnector@0.0.0.0:40249
2026-02-19 15:25:04.869:INFO:oejs.Server:jetty-8.1.9.v20130131
2026-02-19 15:25:04.869:INFO:oejs.AbstractConnector:Started SelectChannelConnector@0.0.0.0:41973
2026-02-19 15:25:05.493:INFO:oejs.Server:jetty-8.1.9.v20130131
2026-02-19 15:25:05.493:INFO:oejs.AbstractConnector:Started SelectChannelConnector@0.0.0.0:43021
2026-02-19 15:25:05.493:INFO:oejs.Server:jetty-8.1.9.v20130131
2026-02-19 15:25:05.494:INFO:oejs.AbstractConnector:Started SelectChannelConnector@0.0.0.0:43605
2026-02-19 15:25:06.120:INFO:oejs.Server:jetty-8.1.9.v20130131
2026-02-19 15:25:06.121:INFO:oejs.AbstractConnector:Started SelectChannelConnector@0.0.0.0:37831
2026-02-19 15:25:06.121:INFO:oejs.Server:jetty-8.1.9.v20130131
2026-02-19 15:25:06.122:INFO:oejs.AbstractConnector:Started SelectChannelConnector@0.0.0.0:34043
2026-02-19 15:25:06.750:INFO:oejs.Server:jetty-8.1.9.v20130131
2026-02-19 15:25:06.752:INFO:oejs.AbstractConnector:Started SelectChannelConnector@0.0.0.0:33355
2026-02-19 15:25:06.752:INFO:oejs.Server:jetty-8.1.9.v20130131
2026-02-19 15:25:06.754:INFO:oejs.AbstractConnector:Started SelectChannelConnector@0.0.0.0:44985
2026-02-19 15:25:07.362:INFO:oejs.Server:jetty-8.1.9.v20130131
2026-02-19 15:25:07.364:INFO:oejs.AbstractConnector:Started SelectChannelConnector@0.0.0.0:38281
2026-02-19 15:25:07.364:INFO:oejs.Server:jetty-8.1.9.v20130131
2026-02-19 15:25:07.365:INFO:oejs.AbstractConnector:Started SelectChannelConnector@0.0.0.0:36485
2026-02-19 15:25:07.993:INFO:oejs.Server:jetty-8.1.9.v20130131
2026-02-19 15:25:07.995:INFO:oejs.AbstractConnector:Started SelectChannelConnector@0.0.0.0:39389
2026-02-19 15:25:07.995:INFO:oejs.Server:jetty-8.1.9.v20130131
2026-02-19 15:25:07.996:INFO:oejs.AbstractConnector:Started SelectChannelConnector@0.0.0.0:43225
2026-02-19 15:25:08.621:INFO:oejs.Server:jetty-8.1.9.v20130131
2026-02-19 15:25:08.623:INFO:oejs.AbstractConnector:Started SelectChannelConnector@0.0.0.0:42081
2026-02-19 15:25:08.623:INFO:oejs.Server:jetty-8.1.9.v20130131
2026-02-19 15:25:08.624:INFO:oejs.AbstractConnector:Started SelectChannelConnector@0.0.0.0:35473
2026-02-19 15:25:09.250:INFO:oejs.Server:jetty-8.1.9.v20130131
2026-02-19 15:25:09.251:INFO:oejs.AbstractConnector:Started SelectChannelConnector@0.0.0.0:42791
2026-02-19 15:25:09.251:INFO:oejs.Server:jetty-8.1.9.v20130131
2026-02-19 15:25:09.252:INFO:oejs.AbstractConnector:Started SelectChannelConnector@0.0.0.0:36857
2026-02-19 15:25:09.479:INFO:oejs.Server:jetty-8.1.9.v20130131
2026-02-19 15:25:09.480:INFO:oejs.AbstractConnector:Started SelectChannelConnector@0.0.0.0:46875
2026-02-19 15:25:09.480:INFO:oejs.Server:jetty-8.1.9.v20130131
2026-02-19 15:25:09.481:INFO:oejs.AbstractConnector:Started SelectChannelConnector@0.0.0.0:45021
2026-02-19 15:25:10.109:INFO:oejs.Server:jetty-8.1.9.v20130131
2026-02-19 15:25:10.109:INFO:oejs.AbstractConnector:Started SelectChannelConnector@0.0.0.0:40959
2026-02-19 15:25:10.109:INFO:oejs.Server:jetty-8.1.9.v20130131
2026-02-19 15:25:10.110:INFO:oejs.AbstractConnector:Started SelectChannelConnector@0.0.0.0:46697
2026-02-19 15:25:10.715:INFO:oejs.Server:jetty-8.1.9.v20130131
2026-02-19 15:25:10.716:INFO:oejs.AbstractConnector:Started SelectChannelConnector@0.0.0.0:35185
2026-02-19 15:25:10.716:INFO:oejs.Server:jetty-8.1.9.v20130131
2026-02-19 15:25:10.719:INFO:oejs.AbstractConnector:Started SelectChannelConnector@0.0.0.0:38317
java.lang.instrument.IllegalClassFormatException: Error while instrumenting sun/util/resources/cldr/provider/CLDRLocaleDataMetaInfo.
	at org.jacoco.agent.rt.internal_43f5073.CoverageTransformer.transform(CoverageTransformer.java:94)
	at java.instrument/java.lang.instrument.ClassFileTransformer.transform(ClassFileTransformer.java:244)
	at java.instrument/sun.instrument.TransformerManager.transform(TransformerManager.java:188)
	at java.instrument/sun.instrument.InstrumentationImpl.transform(InstrumentationImpl.java:541)
	at java.base/java.lang.ClassLoader.defineClass2(Native Method)
	at java.base/java.lang.ClassLoader.defineClass(ClassLoader.java:1108)
	at java.base/java.security.SecureClassLoader.defineClass(SecureClassLoader.java:182)
	at java.base/jdk.internal.loader.BuiltinClassLoader.defineClass(BuiltinClassLoader.java:821)
	at java.base/jdk.internal.loader.BuiltinClassLoader.findClassInModuleOrNull(BuiltinClassLoader.java:741)
	at java.base/jdk.internal.loader.BuiltinClassLoader.findClass(BuiltinClassLoader.java:621)
	at java.base/java.lang.ClassLoader.loadClass(ClassLoader.java:637)
	at java.base/java.lang.Class.forName(Class.java:547)
	at java.base/java.util.ServiceLoader.loadProvider(ServiceLoader.java:859)
	at java.base/java.util.ServiceLoader$ModuleServicesLookupIterator.hasNext(ServiceLoader.java:1084)
	at java.base/java.util.ServiceLoader$2.hasNext(ServiceLoader.java:1309)
	at java.base/java.util.ServiceLoader$3.hasNext(ServiceLoader.java:1393)
	at java.base/sun.util.cldr.CLDRLocaleProviderAdapter.lambda$new$0(CLDRLocaleProviderAdapter.java:86)
	at java.base/java.security.AccessController.doPrivileged(AccessController.java:569)
	at java.base/sun.util.cldr.CLDRLocaleProviderAdapter.<init>(CLDRLocaleProviderAdapter.java:85)
	at java.base/jdk.internal.reflect.NativeConstructorAccessorImpl.newInstance0(Native Method)
	at java.base/jdk.internal.reflect.NativeConstructorAccessorImpl.newInstance(NativeConstructorAccessorImpl.java:77)
	at java.base/jdk.internal.reflect.DelegatingConstructorAccessorImpl.newInstance(DelegatingConstructorAccessorImpl.java:45)
	at java.base/java.lang.reflect.Constructor.newInstanceWithCaller(Constructor.java:500)
	at java.base/java.lang.reflect.Constructor.newInstance(Constructor.java:481)
	at java.base/sun.util.locale.provider.LocaleProviderAdapter.forType(LocaleProviderAdapter.java:188)
	at java.base/sun.util.locale.provider.LocaleProviderAdapter.findAdapter(LocaleProviderAdapter.java:287)
	at java.base/sun.util.locale.provider.LocaleProviderAdapter.getAdapter(LocaleProviderAdapter.java:258)
	at java.base/java.text.NumberFormat.getInstance(NumberFormat.java:960)
	at java.base/java.text.NumberFormat.getInstance(NumberFormat.java:491)
	at java.base/java.text.MessageFormat.subformat(MessageFormat.java:1302)
	at java.base/java.text.MessageFormat.format(MessageFormat.java:887)
	at java.base/java.text.Format.format(Format.java:159)
	at java.base/java.text.MessageFormat.format(MessageFormat.java:862)
	at org.apache.commons.geometry.euclidean.oned.Interval.validateIntervalValues(Interval.java:507)
	at org.apache.commons.geometry.euclidean.oned.Interval.of(Interval.java:364)
	at org.apache.commons.geometry.euclidean.oned.Interval.of(Interval.java:394)
	at org.apache.commons.geometry.euclidean.oned.IntervalTest_OE25Dev.testOf_points_invalidIntervals_1_oe(IntervalTest_OE25Dev.java:459)
	at java.base/jdk.internal.reflect.NativeMethodAccessorImpl.invoke0(Native Method)
	at java.base/jdk.internal.reflect.NativeMethodAccessorImpl.invoke(NativeMethodAccessorImpl.java:77)
	at java.base/jdk.internal.reflect.DelegatingMethodAccessorImpl.invoke(DelegatingMethodAccessorImpl.java:43)
	at java.base/java.lang.reflect.Method.invoke(Method.java:569)
	at org.junit.platform.commons.util.ReflectionUtils.invokeMethod(ReflectionUtils.java:688)
	at org.junit.jupiter.engine.execution.MethodInvocation.proceed(MethodInvocation.java:60)
	at org.junit.jupiter.engine.execution.InvocationInterceptorChain$ValidatingInvocation.proceed(InvocationInterceptorChain.java:131)
	at org.junit.jupiter.engine.extension.TimeoutExtension.intercept(TimeoutExtension.java:149)
	at org.junit.jupiter.engine.extension.TimeoutExtension.interceptTestableMethod(TimeoutExtension.java:140)
	at org.junit.jupiter.engine.extension.TimeoutExtension.interceptTestMethod(TimeoutExtension.java:84)
	at org.junit.jupiter.engine.execution.ExecutableInvoker$ReflectiveInterceptorCall.lambda$ofVoidMethod$0(ExecutableInvoker.java:115)
	at org.junit.jupiter.engine.execution.ExecutableInvoker.lambda$invoke$0(ExecutableInvoker.java:105)
	at org.junit.jupiter.engine.execution.InvocationInterceptorChain$InterceptedInvocation.proceed(InvocationInterceptorChain.java:106)
	at org.junit.jupiter.engine.execution.InvocationInterceptorChain.proceed(InvocationInterceptorChain.java:64)
	at org.junit.jupiter.engine.execution.InvocationInterceptorChain.chainAndInvoke(InvocationInterceptorChain.java:45)
	at org.junit.jupiter.engine.execution.InvocationInterceptorChain.invoke(InvocationInterceptorChain.java:37)
	at org.junit.jupiter.engine.execution.ExecutableInvoker.invoke(ExecutableInvoker.java:104)
	at org.junit.jupiter.engine.execution.ExecutableInvoker.invoke(ExecutableInvoker.java:98)
	at org.junit.jupiter.engine.descriptor.TestMethodTestDescriptor.lambda$invokeTestMethod$6(TestMethodTestDescriptor.java:210)
	at org.junit.platform.engine.support.hierarchical.ThrowableCollector.execute(ThrowableCollector.java:73)
	at org.junit.jupiter.engine.descriptor.TestMethodTestDescriptor.invokeTestMethod(TestMethodTestDescriptor.java:206)
	at org.junit.jupiter.engine.descriptor.TestMethodTestDescriptor.execute(TestMethodTestDescriptor.java:131)
	at org.junit.jupiter.engine.descriptor.TestMethodTestDescriptor.execute(TestMethodTestDescriptor.java:65)
	at org.junit.platform.engine.support.hierarchical.NodeTestTask.lambda$executeRecursively$6(NodeTestTask.java:151)
	at org.junit.platform.engine.support.hierarchical.ThrowableCollector.execute(ThrowableCollector.java:73)
	at org.junit.platform.engine.support.hierarchical.NodeTestTask.lambda$executeRecursively$8(NodeTestTask.java:141)
	at org.junit.platform.engine.support.hierarchical.Node.around(Node.java:137)
	at org.junit.platform.engine.support.hierarchical.NodeTestTask.lambda$executeRecursively$9(NodeTestTask.java:139)
	at org.junit.platform.engine.support.hierarchical.ThrowableCollector.execute(ThrowableCollector.java:73)
	at org.junit.platform.engine.support.hierarchical.NodeTestTask.executeRecursively(NodeTestTask.java:138)
	at org.junit.platform.engine.support.hierarchical.NodeTestTask.execute(NodeTestTask.java:95)
	at java.base/java.util.ArrayList.forEach(ArrayList.java:1511)
	at org.junit.platform.engine.support.hierarchical.SameThreadHierarchicalTestExecutorService.invokeAll(SameThreadHierarchicalTestExecutorService.java:41)
	at org.junit.platform.engine.support.hierarchical.NodeTestTask.lambda$executeRecursively$6(NodeTestTask.java:155)
	at org.junit.platform.engine.support.hierarchical.ThrowableCollector.execute(ThrowableCollector.java:73)
	at org.junit.platform.engine.support.hierarchical.NodeTestTask.lambda$executeRecursively$8(NodeTestTask.java:141)
	at org.junit.platform.engine.support.hierarchical.Node.around(Node.java:137)
	at org.junit.platform.engine.support.hierarchical.NodeTestTask.lambda$executeRecursively$9(NodeTestTask.java:139)
	at org.junit.platform.engine.support.hierarchical.ThrowableCollector.execute(ThrowableCollector.java:73)
	at org.junit.platform.engine.support.hierarchical.NodeTestTask.executeRecursively(NodeTestTask.java:138)
	at org.junit.platform.engine.support.hierarchical.NodeTestTask.execute(NodeTestTask.java:95)
	at java.base/java.util.ArrayList.forEach(ArrayList.java:1511)
	at org.junit.platform.engine.support.hierarchical.SameThreadHierarchicalTestExecutorService.invokeAll(SameThreadHierarchicalTestExecutorService.java:41)
	at org.junit.platform.engine.support.hierarchical.NodeTestTask.lambda$executeRecursively$6(NodeTestTask.java:155)
	at org.junit.platform.engine.support.hierarchical.ThrowableCollector.execute(ThrowableCollector.java:73)
	at org.junit.platform.engine.support.hierarchical.NodeTestTask.lambda$executeRecursively$8(NodeTestTask.java:141)
	at org.junit.platform.engine.support.hierarchical.Node.around(Node.java:137)
	at org.junit.platform.engine.support.hierarchical.NodeTestTask.lambda$executeRecursively$9(NodeTestTask.java:139)
	at org.junit.platform.engine.support.hierarchical.ThrowableCollector.execute(ThrowableCollector.java:73)
	at org.junit.platform.engine.support.hierarchical.NodeTestTask.executeRecursively(NodeTestTask.java:138)
	at org.junit.platform.engine.support.hierarchical.NodeTestTask.execute(NodeTestTask.java:95)
	at org.junit.platform.engine.support.hierarchical.SameThreadHierarchicalTestExecutorService.submit(SameThreadHierarchicalTestExecutorService.java:35)
	at org.junit.platform.engine.support.hierarchical.HierarchicalTestExecutor.execute(HierarchicalTestExecutor.java:57)
	at org.junit.platform.engine.support.hierarchical.HierarchicalTestEngine.execute(HierarchicalTestEngine.java:54)
	at org.junit.platform.launcher.core.EngineExecutionOrchestrator.execute(EngineExecutionOrchestrator.java:107)
	at org.junit.platform.launcher.core.EngineExecutionOrchestrator.execute(EngineExecutionOrchestrator.java:88)
	at org.junit.platform.launcher.core.EngineExecutionOrchestrator.lambda$execute$0(EngineExecutionOrchestrator.java:54)
	at org.junit.platform.launcher.core.EngineExecutionOrchestrator.withInterceptedStreams(EngineExecutionOrchestrator.java:67)
	at org.junit.platform.launcher.core.EngineExecutionOrchestrator.execute(EngineExecutionOrchestrator.java:52)
	at org.junit.platform.launcher.core.DefaultLauncher.execute(DefaultLauncher.java:114)
	at org.junit.platform.launcher.core.DefaultLauncher.execute(DefaultLauncher.java:86)
	at org.junit.platform.launcher.core.DefaultLauncherSession$DelegatingLauncher.execute(DefaultLauncherSession.java:86)
	at org.apache.maven.surefire.junitplatform.LazyLauncher.execute(LazyLauncher.java:55)
	at org.apache.maven.surefire.junitplatform.JUnitPlatformProvider.execute(JUnitPlatformProvider.java:223)
	at org.apache.maven.surefire.junitplatform.JUnitPlatformProvider.invokeAllTests(JUnitPlatformProvider.java:175)
	at org.apache.maven.surefire.junitplatform.JUnitPlatformProvider.invoke(JUnitPlatformProvider.java:139)
	at org.apache.maven.surefire.booter.ForkedBooter.runSuitesInProcess(ForkedBooter.java:456)
	at org.apache.maven.surefire.booter.ForkedBooter.execute(ForkedBooter.java:169)
	at org.apache.maven.surefire.booter.ForkedBooter.run(ForkedBooter.java:595)
	at org.apache.maven.surefire.booter.ForkedBooter.main(ForkedBooter.java:581)
Caused by: java.io.IOException: Error while instrumenting sun/util/resources/cldr/provider/CLDRLocaleDataMetaInfo.
	at org.jacoco.agent.rt.internal_43f5073.core.instr.Instrumenter.instrumentError(Instrumenter.java:159)
	at org.jacoco.agent.rt.internal_43f5073.core.instr.Instrumenter.instrument(Instrumenter.java:109)
	at org.jacoco.agent.rt.internal_43f5073.CoverageTransformer.transform(CoverageTransformer.java:92)
	... 106 more
Caused by: java.lang.IllegalArgumentException: Unsupported class file major version 61
	at org.jacoco.agent.rt.internal_43f5073.asm.ClassReader.<init>(ClassReader.java:195)
	at org.jacoco.agent.rt.internal_43f5073.asm.ClassReader.<init>(ClassReader.java:176)
	at org.jacoco.agent.rt.internal_43f5073.asm.ClassReader.<init>(ClassReader.java:162)
	at org.jacoco.agent.rt.internal_43f5073.core.internal.instr.InstrSupport.classReaderFor(InstrSupport.java:280)
	at org.jacoco.agent.rt.internal_43f5073.core.instr.Instrumenter.instrument(Instrumenter.java:75)
	at org.jacoco.agent.rt.internal_43f5073.core.instr.Instrumenter.instrument(Instrumenter.java:107)
	... 107 more
 DONE commons-collections4 (tests ran)
 DONE commons-geometry/commons-geometry-euclidean (tests ran)
2026-02-19 15:25:11.341:INFO:oejs.Server:jetty-8.1.9.v20130131
2026-02-19 15:25:11.341:INFO:oejs.AbstractConnector:Started SelectChannelConnector@0.0.0.0:42493
2026-02-19 15:25:11.341:INFO:oejs.Server:jetty-8.1.9.v20130131
2026-02-19 15:25:11.342:INFO:oejs.AbstractConnector:Started SelectChannelConnector@0.0.0.0:39879
2026-02-19 15:25:11.961:INFO:oejs.Server:jetty-8.1.9.v20130131
2026-02-19 15:25:11.962:INFO:oejs.AbstractConnector:Started SelectChannelConnector@0.0.0.0:42865
2026-02-19 15:25:11.963:INFO:oejs.Server:jetty-8.1.9.v20130131
2026-02-19 15:25:11.964:INFO:oejs.AbstractConnector:Started SelectChannelConnector@0.0.0.0:46793
 DONE commons-imaging (tests ran)
2026-02-19 15:25:12.572:INFO:oejs.Server:jetty-8.1.9.v20130131
2026-02-19 15:25:12.574:INFO:oejs.AbstractConnector:Started SelectChannelConnector@0.0.0.0:39423
2026-02-19 15:25:12.574:INFO:oejs.Server:jetty-8.1.9.v20130131
2026-02-19 15:25:12.575:INFO:oejs.AbstractConnector:Started SelectChannelConnector@0.0.0.0:38251
2026-02-19 15:25:13.202:INFO:oejs.Server:jetty-8.1.9.v20130131
2026-02-19 15:25:13.204:INFO:oejs.AbstractConnector:Started SelectChannelConnector@0.0.0.0:44247
2026-02-19 15:25:13.204:INFO:oejs.Server:jetty-8.1.9.v20130131
2026-02-19 15:25:13.205:INFO:oejs.AbstractConnector:Started SelectChannelConnector@0.0.0.0:39675
2026-02-19 15:25:13.803:INFO:oejs.Server:jetty-8.1.9.v20130131
2026-02-19 15:25:13.804:INFO:oejs.AbstractConnector:Started SelectChannelConnector@0.0.0.0:34213
2026-02-19 15:25:13.805:INFO:oejs.Server:jetty-8.1.9.v20130131
2026-02-19 15:25:13.805:INFO:oejs.AbstractConnector:Started SelectChannelConnector@0.0.0.0:44179
2026-02-19 15:25:14.435:INFO:oejs.Server:jetty-8.1.9.v20130131
2026-02-19 15:25:14.436:INFO:oejs.AbstractConnector:Started SelectChannelConnector@0.0.0.0:32781
2026-02-19 15:25:14.436:INFO:oejs.Server:jetty-8.1.9.v20130131
2026-02-19 15:25:14.437:INFO:oejs.AbstractConnector:Started SelectChannelConnector@0.0.0.0:35959
2026-02-19 15:25:15.057:INFO:oejs.Server:jetty-8.1.9.v20130131
2026-02-19 15:25:15.058:INFO:oejs.AbstractConnector:Started SelectChannelConnector@0.0.0.0:44867
2026-02-19 15:25:15.059:INFO:oejs.Server:jetty-8.1.9.v20130131
2026-02-19 15:25:15.060:INFO:oejs.AbstractConnector:Started SelectChannelConnector@0.0.0.0:37581
2026-02-19 15:25:15.667:INFO:oejs.Server:jetty-8.1.9.v20130131
2026-02-19 15:25:15.668:INFO:oejs.AbstractConnector:Started SelectChannelConnector@0.0.0.0:43379
2026-02-19 15:25:15.668:INFO:oejs.Server:jetty-8.1.9.v20130131
2026-02-19 15:25:15.669:INFO:oejs.AbstractConnector:Started SelectChannelConnector@0.0.0.0:44803
2026-02-19 15:25:16.278:INFO:oejs.Server:jetty-8.1.9.v20130131
2026-02-19 15:25:16.280:INFO:oejs.AbstractConnector:Started SelectChannelConnector@0.0.0.0:32819
2026-02-19 15:25:16.280:INFO:oejs.Server:jetty-8.1.9.v20130131
2026-02-19 15:25:16.281:INFO:oejs.AbstractConnector:Started SelectChannelConnector@0.0.0.0:37935
2026-02-19 15:25:16.910:INFO:oejs.Server:jetty-8.1.9.v20130131
2026-02-19 15:25:16.911:INFO:oejs.AbstractConnector:Started SelectChannelConnector@0.0.0.0:42449
2026-02-19 15:25:16.911:INFO:oejs.Server:jetty-8.1.9.v20130131
2026-02-19 15:25:16.912:INFO:oejs.AbstractConnector:Started SelectChannelConnector@0.0.0.0:42669
2026-02-19 15:25:17.530:INFO:oejs.Server:jetty-8.1.9.v20130131
2026-02-19 15:25:17.531:INFO:oejs.AbstractConnector:Started SelectChannelConnector@0.0.0.0:35101
2026-02-19 15:25:17.531:INFO:oejs.Server:jetty-8.1.9.v20130131
2026-02-19 15:25:17.532:INFO:oejs.AbstractConnector:Started SelectChannelConnector@0.0.0.0:38757
2026-02-19 15:25:18.160:INFO:oejs.Server:jetty-8.1.9.v20130131
2026-02-19 15:25:18.162:INFO:oejs.AbstractConnector:Started SelectChannelConnector@0.0.0.0:33081
2026-02-19 15:25:18.162:INFO:oejs.Server:jetty-8.1.9.v20130131
2026-02-19 15:25:18.163:INFO:oejs.AbstractConnector:Started SelectChannelConnector@0.0.0.0:39125
2026-02-19 15:25:18.793:INFO:oejs.Server:jetty-8.1.9.v20130131
2026-02-19 15:25:18.794:INFO:oejs.AbstractConnector:Started SelectChannelConnector@0.0.0.0:37317
2026-02-19 15:25:18.794:INFO:oejs.Server:jetty-8.1.9.v20130131
2026-02-19 15:25:18.795:INFO:oejs.AbstractConnector:Started SelectChannelConnector@0.0.0.0:45979
2026-02-19 15:25:19.426:INFO:oejs.Server:jetty-8.1.9.v20130131
2026-02-19 15:25:19.428:INFO:oejs.AbstractConnector:Started SelectChannelConnector@0.0.0.0:46143
2026-02-19 15:25:19.428:INFO:oejs.Server:jetty-8.1.9.v20130131
2026-02-19 15:25:19.429:INFO:oejs.AbstractConnector:Started SelectChannelConnector@0.0.0.0:42517
2026-02-19 15:25:20.058:INFO:oejs.Server:jetty-8.1.9.v20130131
2026-02-19 15:25:20.060:INFO:oejs.AbstractConnector:Started SelectChannelConnector@0.0.0.0:40119
2026-02-19 15:25:20.060:INFO:oejs.Server:jetty-8.1.9.v20130131
2026-02-19 15:25:20.061:INFO:oejs.AbstractConnector:Started SelectChannelConnector@0.0.0.0:38161
2026-02-19 15:25:20.669:INFO:oejs.Server:jetty-8.1.9.v20130131
2026-02-19 15:25:20.671:INFO:oejs.AbstractConnector:Started SelectChannelConnector@0.0.0.0:37927
2026-02-19 15:25:20.671:INFO:oejs.Server:jetty-8.1.9.v20130131
2026-02-19 15:25:20.672:INFO:oejs.AbstractConnector:Started SelectChannelConnector@0.0.0.0:43157
2026-02-19 15:25:21.281:INFO:oejs.Server:jetty-8.1.9.v20130131
2026-02-19 15:25:21.282:INFO:oejs.AbstractConnector:Started SelectChannelConnector@0.0.0.0:35041
2026-02-19 15:25:21.283:INFO:oejs.Server:jetty-8.1.9.v20130131
2026-02-19 15:25:21.283:INFO:oejs.AbstractConnector:Started SelectChannelConnector@0.0.0.0:45107
2026-02-19 15:25:21.892:INFO:oejs.Server:jetty-8.1.9.v20130131
2026-02-19 15:25:21.894:INFO:oejs.AbstractConnector:Started SelectChannelConnector@0.0.0.0:46481
2026-02-19 15:25:21.894:INFO:oejs.Server:jetty-8.1.9.v20130131
2026-02-19 15:25:21.895:INFO:oejs.AbstractConnector:Started SelectChannelConnector@0.0.0.0:36501
2026-02-19 15:25:22.525:INFO:oejs.Server:jetty-8.1.9.v20130131
2026-02-19 15:25:22.527:INFO:oejs.AbstractConnector:Started SelectChannelConnector@0.0.0.0:37713
2026-02-19 15:25:22.527:INFO:oejs.Server:jetty-8.1.9.v20130131
2026-02-19 15:25:22.528:INFO:oejs.AbstractConnector:Started SelectChannelConnector@0.0.0.0:41117
2026-02-19 15:25:23.146:INFO:oejs.Server:jetty-8.1.9.v20130131
2026-02-19 15:25:23.149:INFO:oejs.AbstractConnector:Started SelectChannelConnector@0.0.0.0:38731
2026-02-19 15:25:23.149:INFO:oejs.Server:jetty-8.1.9.v20130131
2026-02-19 15:25:23.150:INFO:oejs.AbstractConnector:Started SelectChannelConnector@0.0.0.0:36441
2026-02-19 15:25:23.754:INFO:oejs.Server:jetty-8.1.9.v20130131
2026-02-19 15:25:23.763:INFO:oejs.AbstractConnector:Started SelectChannelConnector@0.0.0.0:42011
2026-02-19 15:25:23.763:INFO:oejs.Server:jetty-8.1.9.v20130131
2026-02-19 15:25:23.766:INFO:oejs.AbstractConnector:Started SelectChannelConnector@0.0.0.0:40957
2026-02-19 15:25:24.394:INFO:oejs.Server:jetty-8.1.9.v20130131
2026-02-19 15:25:24.395:INFO:oejs.AbstractConnector:Started SelectChannelConnector@0.0.0.0:39113
2026-02-19 15:25:24.395:INFO:oejs.Server:jetty-8.1.9.v20130131
2026-02-19 15:25:24.396:INFO:oejs.AbstractConnector:Started SelectChannelConnector@0.0.0.0:43047
2026-02-19 15:25:24.622:INFO:oejs.Server:jetty-8.1.9.v20130131
2026-02-19 15:25:24.622:INFO:oejs.AbstractConnector:Started SelectChannelConnector@0.0.0.0:37827
2026-02-19 15:25:24.622:INFO:oejs.Server:jetty-8.1.9.v20130131
2026-02-19 15:25:24.623:INFO:oejs.AbstractConnector:Started SelectChannelConnector@0.0.0.0:45669
2026-02-19 15:25:24.846:INFO:oejs.Server:jetty-8.1.9.v20130131
2026-02-19 15:25:24.848:INFO:oejs.AbstractConnector:Started SelectChannelConnector@0.0.0.0:45903
2026-02-19 15:25:24.848:INFO:oejs.Server:jetty-8.1.9.v20130131
2026-02-19 15:25:24.848:INFO:oejs.AbstractConnector:Started SelectChannelConnector@0.0.0.0:37091
2026-02-19 15:25:25.075:INFO:oejs.Server:jetty-8.1.9.v20130131
2026-02-19 15:25:25.076:INFO:oejs.AbstractConnector:Started SelectChannelConnector@0.0.0.0:45363
2026-02-19 15:25:25.077:INFO:oejs.Server:jetty-8.1.9.v20130131
2026-02-19 15:25:25.078:INFO:oejs.AbstractConnector:Started SelectChannelConnector@0.0.0.0:42079
2026-02-19 15:25:25.302:INFO:oejs.Server:jetty-8.1.9.v20130131
2026-02-19 15:25:25.307:INFO:oejs.AbstractConnector:Started SelectChannelConnector@0.0.0.0:37997
2026-02-19 15:25:25.307:INFO:oejs.Server:jetty-8.1.9.v20130131
2026-02-19 15:25:25.308:INFO:oejs.AbstractConnector:Started SelectChannelConnector@0.0.0.0:35791
2026-02-19 15:25:25.533:INFO:oejs.Server:jetty-8.1.9.v20130131
2026-02-19 15:25:25.534:INFO:oejs.AbstractConnector:Started SelectChannelConnector@0.0.0.0:35991
2026-02-19 15:25:25.534:INFO:oejs.Server:jetty-8.1.9.v20130131
2026-02-19 15:25:25.535:INFO:oejs.AbstractConnector:Started SelectChannelConnector@0.0.0.0:34773
2026-02-19 15:25:25.761:INFO:oejs.Server:jetty-8.1.9.v20130131
2026-02-19 15:25:25.762:INFO:oejs.AbstractConnector:Started SelectChannelConnector@0.0.0.0:41643
2026-02-19 15:25:25.762:INFO:oejs.Server:jetty-8.1.9.v20130131
2026-02-19 15:25:25.763:INFO:oejs.AbstractConnector:Started SelectChannelConnector@0.0.0.0:44809
2026-02-19 15:25:25.989:INFO:oejs.Server:jetty-8.1.9.v20130131
2026-02-19 15:25:25.991:INFO:oejs.AbstractConnector:Started SelectChannelConnector@0.0.0.0:37335
2026-02-19 15:25:25.991:INFO:oejs.Server:jetty-8.1.9.v20130131
2026-02-19 15:25:25.992:INFO:oejs.AbstractConnector:Started SelectChannelConnector@0.0.0.0:42993
2026-02-19 15:25:26.218:INFO:oejs.Server:jetty-8.1.9.v20130131
2026-02-19 15:25:26.220:INFO:oejs.AbstractConnector:Started SelectChannelConnector@0.0.0.0:40839
2026-02-19 15:25:26.220:INFO:oejs.Server:jetty-8.1.9.v20130131
2026-02-19 15:25:26.221:INFO:oejs.AbstractConnector:Started SelectChannelConnector@0.0.0.0:43859
2026-02-19 15:25:26.449:INFO:oejs.Server:jetty-8.1.9.v20130131
2026-02-19 15:25:26.450:INFO:oejs.AbstractConnector:Started SelectChannelConnector@0.0.0.0:33697
2026-02-19 15:25:26.450:INFO:oejs.Server:jetty-8.1.9.v20130131
2026-02-19 15:25:26.450:INFO:oejs.AbstractConnector:Started SelectChannelConnector@0.0.0.0:43047
2026-02-19 15:25:26.675:INFO:oejs.Server:jetty-8.1.9.v20130131
2026-02-19 15:25:26.676:INFO:oejs.AbstractConnector:Started SelectChannelConnector@0.0.0.0:33823
2026-02-19 15:25:26.676:INFO:oejs.Server:jetty-8.1.9.v20130131
2026-02-19 15:25:26.677:INFO:oejs.AbstractConnector:Started SelectChannelConnector@0.0.0.0:43485
2026-02-19 15:25:26.902:INFO:oejs.Server:jetty-8.1.9.v20130131
2026-02-19 15:25:26.904:INFO:oejs.AbstractConnector:Started SelectChannelConnector@0.0.0.0:38837
2026-02-19 15:25:26.905:INFO:oejs.Server:jetty-8.1.9.v20130131
2026-02-19 15:25:26.906:INFO:oejs.AbstractConnector:Started SelectChannelConnector@0.0.0.0:37703
2026-02-19 15:25:27.133:INFO:oejs.Server:jetty-8.1.9.v20130131
2026-02-19 15:25:27.134:INFO:oejs.AbstractConnector:Started SelectChannelConnector@0.0.0.0:37991
2026-02-19 15:25:27.134:INFO:oejs.Server:jetty-8.1.9.v20130131
2026-02-19 15:25:27.135:INFO:oejs.AbstractConnector:Started SelectChannelConnector@0.0.0.0:46041
2026-02-19 15:25:27.362:INFO:oejs.Server:jetty-8.1.9.v20130131
2026-02-19 15:25:27.364:INFO:oejs.AbstractConnector:Started SelectChannelConnector@0.0.0.0:46599
2026-02-19 15:25:27.364:INFO:oejs.Server:jetty-8.1.9.v20130131
2026-02-19 15:25:27.365:INFO:oejs.AbstractConnector:Started SelectChannelConnector@0.0.0.0:39665
2026-02-19 15:25:27.591:INFO:oejs.Server:jetty-8.1.9.v20130131
2026-02-19 15:25:27.593:INFO:oejs.AbstractConnector:Started SelectChannelConnector@0.0.0.0:36427
2026-02-19 15:25:27.593:INFO:oejs.Server:jetty-8.1.9.v20130131
2026-02-19 15:25:27.594:INFO:oejs.AbstractConnector:Started SelectChannelConnector@0.0.0.0:35211
2026-02-19 15:25:27.821:INFO:oejs.Server:jetty-8.1.9.v20130131
2026-02-19 15:25:27.822:INFO:oejs.AbstractConnector:Started SelectChannelConnector@0.0.0.0:45949
2026-02-19 15:25:27.822:INFO:oejs.Server:jetty-8.1.9.v20130131
2026-02-19 15:25:27.823:INFO:oejs.AbstractConnector:Started SelectChannelConnector@0.0.0.0:34277
2026-02-19 15:25:28.050:INFO:oejs.Server:jetty-8.1.9.v20130131
2026-02-19 15:25:28.052:INFO:oejs.AbstractConnector:Started SelectChannelConnector@0.0.0.0:39303
2026-02-19 15:25:28.052:INFO:oejs.Server:jetty-8.1.9.v20130131
2026-02-19 15:25:28.053:INFO:oejs.AbstractConnector:Started SelectChannelConnector@0.0.0.0:36021
2026-02-19 15:25:28.279:INFO:oejs.Server:jetty-8.1.9.v20130131
2026-02-19 15:25:28.281:INFO:oejs.AbstractConnector:Started SelectChannelConnector@0.0.0.0:39829
2026-02-19 15:25:28.281:INFO:oejs.Server:jetty-8.1.9.v20130131
2026-02-19 15:25:28.283:INFO:oejs.AbstractConnector:Started SelectChannelConnector@0.0.0.0:34271
2026-02-19 15:25:28.509:INFO:oejs.Server:jetty-8.1.9.v20130131
2026-02-19 15:25:28.510:INFO:oejs.AbstractConnector:Started SelectChannelConnector@0.0.0.0:36157
2026-02-19 15:25:28.510:INFO:oejs.Server:jetty-8.1.9.v20130131
2026-02-19 15:25:28.511:INFO:oejs.AbstractConnector:Started SelectChannelConnector@0.0.0.0:45627
2026-02-19 15:25:28.738:INFO:oejs.Server:jetty-8.1.9.v20130131
2026-02-19 15:25:28.739:INFO:oejs.AbstractConnector:Started SelectChannelConnector@0.0.0.0:33853
2026-02-19 15:25:28.739:INFO:oejs.Server:jetty-8.1.9.v20130131
2026-02-19 15:25:28.740:INFO:oejs.AbstractConnector:Started SelectChannelConnector@0.0.0.0:37447
2026-02-19 15:25:28.967:INFO:oejs.Server:jetty-8.1.9.v20130131
2026-02-19 15:25:28.968:INFO:oejs.AbstractConnector:Started SelectChannelConnector@0.0.0.0:41465
2026-02-19 15:25:28.968:INFO:oejs.Server:jetty-8.1.9.v20130131
2026-02-19 15:25:28.969:INFO:oejs.AbstractConnector:Started SelectChannelConnector@0.0.0.0:44669
2026-02-19 15:25:29.194:INFO:oejs.Server:jetty-8.1.9.v20130131
2026-02-19 15:25:29.195:INFO:oejs.AbstractConnector:Started SelectChannelConnector@0.0.0.0:34847
2026-02-19 15:25:29.195:INFO:oejs.Server:jetty-8.1.9.v20130131
2026-02-19 15:25:29.195:INFO:oejs.AbstractConnector:Started SelectChannelConnector@0.0.0.0:37899
2026-02-19 15:25:29.421:INFO:oejs.Server:jetty-8.1.9.v20130131
2026-02-19 15:25:29.422:INFO:oejs.AbstractConnector:Started SelectChannelConnector@0.0.0.0:37073
2026-02-19 15:25:29.422:INFO:oejs.Server:jetty-8.1.9.v20130131
2026-02-19 15:25:29.423:INFO:oejs.AbstractConnector:Started SelectChannelConnector@0.0.0.0:45733
2026-02-19 15:25:29.648:INFO:oejs.Server:jetty-8.1.9.v20130131
2026-02-19 15:25:29.650:INFO:oejs.AbstractConnector:Started SelectChannelConnector@0.0.0.0:44169
2026-02-19 15:25:29.650:INFO:oejs.Server:jetty-8.1.9.v20130131
2026-02-19 15:25:29.651:INFO:oejs.AbstractConnector:Started SelectChannelConnector@0.0.0.0:41785
2026-02-19 15:25:29.877:INFO:oejs.Server:jetty-8.1.9.v20130131
2026-02-19 15:25:29.879:INFO:oejs.AbstractConnector:Started SelectChannelConnector@0.0.0.0:44455
2026-02-19 15:25:29.879:INFO:oejs.Server:jetty-8.1.9.v20130131
2026-02-19 15:25:29.880:INFO:oejs.AbstractConnector:Started SelectChannelConnector@0.0.0.0:44943
2026-02-19 15:25:30.105:INFO:oejs.Server:jetty-8.1.9.v20130131
2026-02-19 15:25:30.106:INFO:oejs.AbstractConnector:Started SelectChannelConnector@0.0.0.0:40855
2026-02-19 15:25:30.106:INFO:oejs.Server:jetty-8.1.9.v20130131
2026-02-19 15:25:30.107:INFO:oejs.AbstractConnector:Started SelectChannelConnector@0.0.0.0:46877
2026-02-19 15:25:30.330:INFO:oejs.Server:jetty-8.1.9.v20130131
2026-02-19 15:25:30.332:INFO:oejs.AbstractConnector:Started SelectChannelConnector@0.0.0.0:34385
2026-02-19 15:25:30.332:INFO:oejs.Server:jetty-8.1.9.v20130131
2026-02-19 15:25:30.333:INFO:oejs.AbstractConnector:Started SelectChannelConnector@0.0.0.0:42665
2026-02-19 15:25:30.560:INFO:oejs.Server:jetty-8.1.9.v20130131
2026-02-19 15:25:30.562:INFO:oejs.AbstractConnector:Started SelectChannelConnector@0.0.0.0:42885
2026-02-19 15:25:30.562:INFO:oejs.Server:jetty-8.1.9.v20130131
2026-02-19 15:25:30.563:INFO:oejs.AbstractConnector:Started SelectChannelConnector@0.0.0.0:34203
2026-02-19 15:25:30.791:INFO:oejs.Server:jetty-8.1.9.v20130131
2026-02-19 15:25:30.792:INFO:oejs.AbstractConnector:Started SelectChannelConnector@0.0.0.0:43675
2026-02-19 15:25:30.793:INFO:oejs.Server:jetty-8.1.9.v20130131
2026-02-19 15:25:30.793:INFO:oejs.AbstractConnector:Started SelectChannelConnector@0.0.0.0:39861
2026-02-19 15:25:31.020:INFO:oejs.Server:jetty-8.1.9.v20130131
2026-02-19 15:25:31.021:INFO:oejs.AbstractConnector:Started SelectChannelConnector@0.0.0.0:33369
2026-02-19 15:25:31.021:INFO:oejs.Server:jetty-8.1.9.v20130131
2026-02-19 15:25:31.022:INFO:oejs.AbstractConnector:Started SelectChannelConnector@0.0.0.0:40021
2026-02-19 15:25:31.250:INFO:oejs.Server:jetty-8.1.9.v20130131
2026-02-19 15:25:31.252:INFO:oejs.AbstractConnector:Started SelectChannelConnector@0.0.0.0:40283
2026-02-19 15:25:31.252:INFO:oejs.Server:jetty-8.1.9.v20130131
2026-02-19 15:25:31.253:INFO:oejs.AbstractConnector:Started SelectChannelConnector@0.0.0.0:33977
2026-02-19 15:25:31.481:INFO:oejs.Server:jetty-8.1.9.v20130131
2026-02-19 15:25:31.483:INFO:oejs.AbstractConnector:Started SelectChannelConnector@0.0.0.0:35829
2026-02-19 15:25:31.484:INFO:oejs.Server:jetty-8.1.9.v20130131
2026-02-19 15:25:31.485:INFO:oejs.AbstractConnector:Started SelectChannelConnector@0.0.0.0:42515
2026-02-19 15:25:32.093:INFO:oejs.Server:jetty-8.1.9.v20130131
2026-02-19 15:25:32.094:INFO:oejs.AbstractConnector:Started SelectChannelConnector@0.0.0.0:36235
2026-02-19 15:25:32.094:INFO:oejs.Server:jetty-8.1.9.v20130131
2026-02-19 15:25:32.095:INFO:oejs.AbstractConnector:Started SelectChannelConnector@0.0.0.0:32973
2026-02-19 15:25:32.320:INFO:oejs.Server:jetty-8.1.9.v20130131
2026-02-19 15:25:32.322:INFO:oejs.AbstractConnector:Started SelectChannelConnector@0.0.0.0:33181
2026-02-19 15:25:32.325:INFO:oejs.Server:jetty-8.1.9.v20130131
2026-02-19 15:25:32.326:INFO:oejs.AbstractConnector:Started SelectChannelConnector@0.0.0.0:45545
2026-02-19 15:25:32.950:INFO:oejs.Server:jetty-8.1.9.v20130131
2026-02-19 15:25:32.952:INFO:oejs.AbstractConnector:Started SelectChannelConnector@0.0.0.0:45555
2026-02-19 15:25:32.952:INFO:oejs.Server:jetty-8.1.9.v20130131
2026-02-19 15:25:32.953:INFO:oejs.AbstractConnector:Started SelectChannelConnector@0.0.0.0:33655
2026-02-19 15:25:33.181:INFO:oejs.Server:jetty-8.1.9.v20130131
2026-02-19 15:25:33.183:INFO:oejs.AbstractConnector:Started SelectChannelConnector@0.0.0.0:46829
2026-02-19 15:25:33.183:INFO:oejs.Server:jetty-8.1.9.v20130131
2026-02-19 15:25:33.184:INFO:oejs.AbstractConnector:Started SelectChannelConnector@0.0.0.0:33695
2026-02-19 15:25:33.790:INFO:oejs.Server:jetty-8.1.9.v20130131
2026-02-19 15:25:33.793:INFO:oejs.AbstractConnector:Started SelectChannelConnector@0.0.0.0:37363
2026-02-19 15:25:33.793:INFO:oejs.Server:jetty-8.1.9.v20130131
2026-02-19 15:25:33.794:INFO:oejs.AbstractConnector:Started SelectChannelConnector@0.0.0.0:46133
2026-02-19 15:25:34.422:INFO:oejs.Server:jetty-8.1.9.v20130131
2026-02-19 15:25:34.424:INFO:oejs.AbstractConnector:Started SelectChannelConnector@0.0.0.0:35655
2026-02-19 15:25:34.424:INFO:oejs.Server:jetty-8.1.9.v20130131
2026-02-19 15:25:34.425:INFO:oejs.AbstractConnector:Started SelectChannelConnector@0.0.0.0:33065
2026-02-19 15:25:35.054:INFO:oejs.Server:jetty-8.1.9.v20130131
2026-02-19 15:25:35.056:INFO:oejs.AbstractConnector:Started SelectChannelConnector@0.0.0.0:46207
2026-02-19 15:25:35.056:INFO:oejs.Server:jetty-8.1.9.v20130131
2026-02-19 15:25:35.057:INFO:oejs.AbstractConnector:Started SelectChannelConnector@0.0.0.0:38537
2026-02-19 15:25:35.688:INFO:oejs.Server:jetty-8.1.9.v20130131
2026-02-19 15:25:35.689:INFO:oejs.AbstractConnector:Started SelectChannelConnector@0.0.0.0:41723
2026-02-19 15:25:35.689:INFO:oejs.Server:jetty-8.1.9.v20130131
2026-02-19 15:25:35.691:INFO:oejs.AbstractConnector:Started SelectChannelConnector@0.0.0.0:35597
2026-02-19 15:25:36.296:INFO:oejs.Server:jetty-8.1.9.v20130131
2026-02-19 15:25:36.297:INFO:oejs.AbstractConnector:Started SelectChannelConnector@0.0.0.0:38653
2026-02-19 15:25:36.297:INFO:oejs.Server:jetty-8.1.9.v20130131
2026-02-19 15:25:36.297:INFO:oejs.AbstractConnector:Started SelectChannelConnector@0.0.0.0:44289
2026-02-19 15:25:36.914:INFO:oejs.Server:jetty-8.1.9.v20130131
2026-02-19 15:25:36.915:INFO:oejs.AbstractConnector:Started SelectChannelConnector@0.0.0.0:37149
2026-02-19 15:25:36.916:INFO:oejs.Server:jetty-8.1.9.v20130131
2026-02-19 15:25:36.917:INFO:oejs.AbstractConnector:Started SelectChannelConnector@0.0.0.0:39393
2026-02-19 15:25:37.525:INFO:oejs.Server:jetty-8.1.9.v20130131
2026-02-19 15:25:37.526:INFO:oejs.AbstractConnector:Started SelectChannelConnector@0.0.0.0:42221
2026-02-19 15:25:37.526:INFO:oejs.Server:jetty-8.1.9.v20130131
2026-02-19 15:25:37.527:INFO:oejs.AbstractConnector:Started SelectChannelConnector@0.0.0.0:45577
2026-02-19 15:25:38.155:INFO:oejs.Server:jetty-8.1.9.v20130131
2026-02-19 15:25:38.156:INFO:oejs.AbstractConnector:Started SelectChannelConnector@0.0.0.0:43003
2026-02-19 15:25:38.156:INFO:oejs.Server:jetty-8.1.9.v20130131
2026-02-19 15:25:38.157:INFO:oejs.AbstractConnector:Started SelectChannelConnector@0.0.0.0:36971
2026-02-19 15:25:38.782:INFO:oejs.Server:jetty-8.1.9.v20130131
2026-02-19 15:25:38.783:INFO:oejs.AbstractConnector:Started SelectChannelConnector@0.0.0.0:46575
2026-02-19 15:25:38.783:INFO:oejs.Server:jetty-8.1.9.v20130131
2026-02-19 15:25:38.784:INFO:oejs.AbstractConnector:Started SelectChannelConnector@0.0.0.0:37715
2026-02-19 15:25:39.415:INFO:oejs.Server:jetty-8.1.9.v20130131
2026-02-19 15:25:39.417:INFO:oejs.AbstractConnector:Started SelectChannelConnector@0.0.0.0:42489
2026-02-19 15:25:39.417:INFO:oejs.Server:jetty-8.1.9.v20130131
2026-02-19 15:25:39.418:INFO:oejs.AbstractConnector:Started SelectChannelConnector@0.0.0.0:45691
2026-02-19 15:25:40.035:INFO:oejs.Server:jetty-8.1.9.v20130131
2026-02-19 15:25:40.036:INFO:oejs.AbstractConnector:Started SelectChannelConnector@0.0.0.0:39041
2026-02-19 15:25:40.036:INFO:oejs.Server:jetty-8.1.9.v20130131
2026-02-19 15:25:40.038:INFO:oejs.AbstractConnector:Started SelectChannelConnector@0.0.0.0:46703
2026-02-19 15:25:40.646:INFO:oejs.Server:jetty-8.1.9.v20130131
2026-02-19 15:25:40.648:INFO:oejs.AbstractConnector:Started SelectChannelConnector@0.0.0.0:37083
2026-02-19 15:25:40.648:INFO:oejs.Server:jetty-8.1.9.v20130131
2026-02-19 15:25:40.649:INFO:oejs.AbstractConnector:Started SelectChannelConnector@0.0.0.0:34425
2026-02-19 15:25:41.265:INFO:oejs.Server:jetty-8.1.9.v20130131
2026-02-19 15:25:41.267:INFO:oejs.AbstractConnector:Started SelectChannelConnector@0.0.0.0:33993
2026-02-19 15:25:41.267:INFO:oejs.Server:jetty-8.1.9.v20130131
2026-02-19 15:25:41.268:INFO:oejs.AbstractConnector:Started SelectChannelConnector@0.0.0.0:38519
2026-02-19 15:25:41.899:INFO:oejs.Server:jetty-8.1.9.v20130131
2026-02-19 15:25:41.901:INFO:oejs.AbstractConnector:Started SelectChannelConnector@0.0.0.0:40909
2026-02-19 15:25:41.901:INFO:oejs.Server:jetty-8.1.9.v20130131
2026-02-19 15:25:41.902:INFO:oejs.AbstractConnector:Started SelectChannelConnector@0.0.0.0:37155
 DONE http-request (tests ran)
2026-02-19 15:26:10.055:INFO:oejsh.ContextHandler:qtp1933808172-31: org.jsoup.integration.servlets.SlowRider-35c4e864: Remote connection lost
2026-02-19 15:26:13.057:INFO:oejsh.ContextHandler:qtp1933808172-118: org.jsoup.integration.servlets.SlowRider-35c4e864: Remote connection lost
2026-02-19 15:26:21.063:INFO:oejsh.ContextHandler:qtp1933808172-112: org.jsoup.integration.servlets.SlowRider-35c4e864: Remote connection lost
2026-02-19 15:26:24.066:INFO:oejsh.ContextHandler:qtp1933808172-33: org.jsoup.integration.servlets.SlowRider-35c4e864: Remote connection lost
2026-02-19 15:26:27.070:INFO:oejsh.ContextHandler:qtp1933808172-36: org.jsoup.integration.servlets.SlowRider-35c4e864: Remote connection lost
2026-02-19 15:26:30.072:INFO:oejsh.ContextHandler:qtp1933808172-117: org.jsoup.integration.servlets.SlowRider-35c4e864: Remote connection lost
 DONE jsoup (tests ran)
 DONE commons-net (tests ran)
 DONE async-http-client/client (tests ran)
  TIMEOUT
 DONE commons-pool2 (tests ran)
ALL DONE
JSON-java methods=297
async-http-client methods=2080
bcel methods=3113
commons-beanutils methods=897
commons-collections4 methods=3593
commons-configuration2 methods=2712
commons-dbutils methods=468
commons-geometry methods=2610
commons-imaging methods=1942
commons-jcs3 methods=2587
commons-jexl3 methods=1594
commons-lang3 methods=3326
commons-net methods=1536
commons-numbers methods=737
commons-pool2 methods=756
commons-rng methods=1760
commons-validator methods=609
commons-vfs methods=2444
commons-weaver methods=375
http-request methods=195
joda-time methods=3798
jsoup methods=1490
scribejava methods=978
spark methods=792
springside4 methods=1631
projects=25 total_methods=42320
JSON-java rows=1464 updated=1371
async-http-client rows=1000 updated=993
bcel rows=216 updated=164
commons-beanutils rows=3671 updated=3444
commons-collections4 rows=6855 updated=6643
commons-configuration2 rows=4254 updated=4206
commons-dbutils rows=644 updated=636
commons-geometry rows=9987 updated=9931
commons-imaging rows=657 updated=518
commons-jcs3 rows=817 updated=805
commons-jexl3 rows=2053 updated=1987
commons-net rows=979 updated=912
commons-numbers rows=3261 updated=2971
commons-pool2 rows=1244 updated=1237
commons-rng rows=1395 updated=1168
commons-validator rows=2495 updated=2455
http-request rows=920 updated=898
joda-time rows=19510 updated=18389
jsoup rows=3051 updated=3028
spark rows=361 updated=233
projects=20 total_rows=64834 updated_rows=61989
wrote 57 rows to /home/tasfia/Desktop/OE25-DEV/scripts/test_counts.csv
wrote 1583 rows to /home/tasfia/Desktop/OE25-DEV/scripts/test_classes.csv
wrote 19 rows to /home/tasfia/Desktop/OE25-DEV/scripts/test_fail_lines.csv
