#
# A fatal error has been detected by the Java Runtime Environment:
#
#  SIGSEGV (0xb) at pc=0x00007f9750da54d6, pid=673007, tid=0x00007f970c1c9700
#
# JRE version: Java(TM) SE Runtime Environment (8.0_171-b11) (build 1.8.0_171-b11)
# Java VM: Java HotSpot(TM) 64-Bit Server VM (25.171-b11 mixed mode linux-amd64 compressed oops)
# Problematic frame:
# V  [libjvm.so+0x98c4d6]  PSParallelCompact::IsAliveClosure::do_object_b(oopDesc*)+0x36
#
# Core dump written. Default location: /sfs/weka/scratch/wxw9rr/artifact/RQ3/evosuite-artifacts/commons-configuration2-2.8.0-src/core or core.673007
#
# If you would like to submit a bug report, please visit:
#   http://bugreport.java.com/bugreport/crash.jsp
#

---------------  T H R E A D  ---------------

Current thread (0x00007f974c325800):  VMThread [stack: 0x00007f970c0ca000,0x00007f970c1ca000] [id=673029]

siginfo: si_signo: 11 (SIGSEGV), si_code: 1 (SEGV_MAPERR), si_addr: 0x000c0f9a98c08008

Registers:
RAX=0x0040000000000000, RBX=0x00007f97065899f8, RCX=0x0000000000000036, RDX=0x00007f969c010000
RSP=0x00007f970c1c7f00, RBP=0x00007f970c1c7f00, RSI=0x005c801fe5fc0076, RDI=0x000172007f97f001
R8 =0x0000000000000002, R9 =0x00007f9698000acc, R10=0x0000000000000000, R11=0x00007f9750da54a0
R12=0x0000000000000000, R13=0x00007f9706589a50, R14=0x00007f97513e9340, R15=0x00007f970c1c7f20
RIP=0x00007f9750da54d6, EFLAGS=0x0000000000010216, CSGSFS=0x002b000000000033, ERR=0x0000000000000004
  TRAPNO=0x000000000000000e

Top of Stack: (sp=0x00007f970c1c7f00)
0x00007f970c1c7f00:   00007f970c1c8280 00007f9750ce239c
0x00007f970c1c7f10:   00007f970c1c8030 00007f970c1c8140
0x00007f970c1c7f20:   00007f96ffbfa5c0 00007f96ffbfa5c4
0x00007f970c1c7f30:   0000000000000000 0000000000000000
0x00007f970c1c7f40:   00007f975203a8d8 00007f975203a8d8
0x00007f970c1c7f50:   00007f96ffbfa450 00007f96ffbfa454
0x00007f970c1c7f60:   00007f96ffbfa5a0 00007f96ffbfa5a4
0x00007f970c1c7f70:   00007f96ffbfa598 00007f96ffbfa59c
0x00007f970c1c7f80:   00007f96ffbfa590 00007f96ffbfa594
0x00007f970c1c7f90:   00007f96ffbfa460 00007f96ffbfa464
0x00007f970c1c7fa0:   00007f96ffbfa580 00007f96ffbfa584
0x00007f970c1c7fb0:   00007f96ffbfa578 00007f96ffbfa57c
0x00007f970c1c7fc0:   00007f96ffbfa570 00007f96ffbfa574
0x00007f970c1c7fd0:   00007f96ffbfa470 00007f96ffbfa474
0x00007f970c1c7fe0:   00007f96ffbfa560 00007f96ffbfa564
0x00007f970c1c7ff0:   0000000000000000 0000000000000000
0x00007f970c1c8000:   0000000000000000 0000000000000000
0x00007f970c1c8010:   00007f96ffbfa480 00007f96ffbfa484
0x00007f970c1c8020:   00007f970c1c8100 00007f970c1c80e0
0x00007f970c1c8030:   00007f970c1c80d0 00007f970c1c80c0
0x00007f970c1c8040:   00007f970c1c80b0 00007f970c1c80a0
0x00007f970c1c8050:   00007f96ffbfa490 00007f9750e98a36
0x00007f970c1c8060:   0000000000000000 00007f9750e98987
0x00007f970c1c8070:   00007f970c1c80e0 00007f97506fd8d5
0x00007f970c1c8080:   00007f974c300d20 00007f970c1c81a0
0x00007f970c1c8090:   00007f96ffbfa4a0 00007f96ffbfa4a4
0x00007f970c1c80a0:   00007f970c1c8140 00007f970c1c8130
0x00007f970c1c80b0:   00007f970c1c8120 00007f974c324c40
0x00007f970c1c80c0:   0000000000007fe8 0000000000000000
0x00007f970c1c80d0:   00007f974c364e00 00007f974c325800
0x00007f970c1c80e0:   0000000000000002 00007f9750e98a36
0x00007f970c1c80f0:   00007f970c1c8110 00007f9750e98a36 

Instructions: (pc=0x00007f9750da54d6)
0x00007f9750da54b6:   8b 08 b8 01 00 00 00 48 89 e5 48 c1 ee 03 48 d3
0x00007f9750da54c6:   ee 48 89 f7 89 f1 83 e1 3f 48 c1 ef 06 48 d3 e0
0x00007f9750da54d6:   48 85 04 fa c9 0f 95 c0 c3 90 55 48 8b 16 48 89
0x00007f9750da54e6:   f0 48 8b 77 10 48 89 c7 48 89 e5 4c 8b 9a 68 01 

Register to memory mapping:

RAX=0x0040000000000000 is an unknown value
RBX=0x00007f97065899f8 is pointing into metadata
RCX=0x0000000000000036 is an unknown value
RDX=0x00007f969c010000 is an unknown value
RSP=0x00007f970c1c7f00 is an unknown value
RBP=0x00007f970c1c7f00 is an unknown value
RSI=0x005c801fe5fc0076 is an unknown value
RDI=0x000172007f97f001 is an unknown value
R8 =0x0000000000000002 is an unknown value
R9 =0x00007f9698000acc is an unknown value
R10=0x0000000000000000 is an unknown value
R11=0x00007f9750da54a0: <offset 0x98c4a0> in /sfs/gpfs/tardis/applications/202512/software/standard/core/java/8/jre/lib/amd64/server/libjvm.so at 0x00007f9750419000
R12=0x0000000000000000 is an unknown value
R13=0x00007f9706589a50 is pointing into metadata
R14=0x00007f97513e9340: <offset 0xfd0340> in /sfs/gpfs/tardis/applications/202512/software/standard/core/java/8/jre/lib/amd64/server/libjvm.so at 0x00007f9750419000
R15=0x00007f970c1c7f20 is an unknown value


Stack: [0x00007f970c0ca000,0x00007f970c1ca000],  sp=0x00007f970c1c7f00,  free space=1015k
Native frames: (J=compiled Java code, j=interpreted, Vv=VM code, C=native code)
V  [libjvm.so+0x98c4d6]  PSParallelCompact::IsAliveClosure::do_object_b(oopDesc*)+0x36
V  [libjvm.so+0x8c939c]  MethodData::clean_extra_data(BoolObjectClosure*)+0x1dc
V  [libjvm.so+0x648d06]  InstanceKlass::clean_weak_instanceklass_links(BoolObjectClosure*)+0x56
V  [libjvm.so+0x7d11ee]  Klass::clean_weak_klass_links(BoolObjectClosure*, bool)+0x18e
V  [libjvm.so+0x98e2d1]  PSParallelCompact::marking_phase(ParCompactionManager*, bool, ParallelOldTracer*)+0x4e1
V  [libjvm.so+0x99346e]  PSParallelCompact::invoke_no_policy(bool)+0x40e
V  [libjvm.so+0x993ce3]  PSParallelCompact::invoke(bool)+0x63
V  [libjvm.so+0x487124]  CollectedHeap::collect_as_vm_thread(GCCause::Cause)+0x114
V  [libjvm.so+0xad1481]  VM_CollectForMetadataAllocation::doit()+0x161
V  [libjvm.so+0xad9595]  VM_Operation::evaluate()+0x55
V  [libjvm.so+0xad795a]  VMThread::evaluate_operation(VM_Operation*)+0xba
V  [libjvm.so+0xad7cde]  VMThread::loop()+0x1ce
V  [libjvm.so+0xad8150]  VMThread::run()+0x70
V  [libjvm.so+0x92e0f8]  java_start(Thread*)+0x108

VM_Operation (0x00007f9752039a50): CollectForMetadataAllocation, mode: safepoint, requested by thread 0x00007f974c013800


---------------  P R O C E S S  ---------------

Java Threads: ( => current thread )
  0x00007f9620001800 JavaThread "Thread-1951" daemon [_thread_blocked, id=675512, stack(0x00007f96ffafb000,0x00007f96ffbfc000)]
  0x00007f9648057800 JavaThread "org.apache.commons.vfs2.cache.SoftRefFilesCache$ReleaseThread" daemon [_thread_blocked, id=673302, stack(0x00007f9705fbb000,0x00007f97060bc000)]
  0x00007f974c395800 JavaThread "Service Thread" daemon [_thread_blocked, id=673046, stack(0x00007f9706ff0000,0x00007f97070f1000)]
  0x00007f974c388000 JavaThread "C1 CompilerThread11" daemon [_thread_blocked, id=673045, stack(0x00007f97070f2000,0x00007f97071f2000)]
  0x00007f974c386000 JavaThread "C1 CompilerThread10" daemon [_thread_blocked, id=673044, stack(0x00007f97071f3000,0x00007f97072f3000)]
  0x00007f974c384000 JavaThread "C1 CompilerThread9" daemon [_thread_blocked, id=673043, stack(0x00007f97072f4000,0x00007f97073f4000)]
  0x00007f974c382000 JavaThread "C1 CompilerThread8" daemon [_thread_blocked, id=673042, stack(0x00007f97073f5000,0x00007f97074f5000)]
  0x00007f974c37f800 JavaThread "C2 CompilerThread7" daemon [_thread_blocked, id=673041, stack(0x00007f97074f6000,0x00007f97075f6000)]
  0x00007f974c37d800 JavaThread "C2 CompilerThread6" daemon [_thread_blocked, id=673040, stack(0x00007f97075f7000,0x00007f97076f7000)]
  0x00007f974c37b800 JavaThread "C2 CompilerThread5" daemon [_thread_blocked, id=673039, stack(0x00007f97076f8000,0x00007f97077f8000)]
  0x00007f974c371000 JavaThread "C2 CompilerThread4" daemon [_thread_blocked, id=673038, stack(0x00007f97077f9000,0x00007f97078f9000)]
  0x00007f974c36f000 JavaThread "C2 CompilerThread3" daemon [_thread_blocked, id=673037, stack(0x00007f97078fa000,0x00007f97079fa000)]
  0x00007f974c36d000 JavaThread "C2 CompilerThread2" daemon [_thread_blocked, id=673036, stack(0x00007f97079fb000,0x00007f9707afb000)]
  0x00007f974c36b800 JavaThread "C2 CompilerThread1" daemon [_thread_blocked, id=673035, stack(0x00007f9707afc000,0x00007f9707bfc000)]
  0x00007f974c36a800 JavaThread "C2 CompilerThread0" daemon [_thread_blocked, id=673034, stack(0x00007f9707bfd000,0x00007f9707cfd000)]
  0x00007f974c364000 JavaThread "Signal Dispatcher" daemon [_thread_blocked, id=673033, stack(0x00007f9707cfd000,0x00007f9707dfe000)]
  0x00007f974c331800 JavaThread "Finalizer" daemon [_thread_blocked, id=673031, stack(0x00007f9707dfe000,0x00007f9707eff000)]
  0x00007f974c32d000 JavaThread "Reference Handler" daemon [_thread_blocked, id=673030, stack(0x00007f9707eff000,0x00007f9708000000)]
  0x00007f974c013800 JavaThread "main" [_thread_blocked, id=673010, stack(0x00007f9751f3c000,0x00007f975203c000)]

Other Threads:
=>0x00007f974c325800 VMThread [stack: 0x00007f970c0ca000,0x00007f970c1ca000] [id=673029]
  0x00007f974c398800 WatcherThread [stack: 0x00007f9706ef0000,0x00007f9706ff0000] [id=673047]

VM state:at safepoint (normal execution)

VM Mutex/Monitor currently owned by a thread:  ([mutex/lock_event])
[0x00007f974c010f30] Threads_lock - owner thread: 0x00007f974c325800
[0x00007f974c011430] Heap_lock - owner thread: 0x00007f974c013800

Heap:
 PSYoungGen      total 10483200K, used 224K [0x0000000580100000, 0x0000000800000000, 0x0000000800000000)
  eden space 10481664K, 0% used [0x0000000580100000,0x0000000580100000,0x00000007ffd00000)
  from space 1536K, 14% used [0x00000007ffe80000,0x00000007ffeb8000,0x0000000800000000)
  to   space 1536K, 0% used [0x00000007ffd00000,0x00000007ffd00000,0x00000007ffe80000)
 ParOldGen       total 837120K, used 10684K [0x0000000080200000, 0x00000000b3380000, 0x0000000580100000)
  object space 837120K, 1% used [0x0000000080200000,0x0000000080c6f2c0,0x00000000b3380000)
 Metaspace       used 33330K, capacity 35348K, committed 35496K, reserved 1081344K
  class space    used 3587K, capacity 4000K, committed 4096K, reserved 1048576K

Card table byte_map: [0x00007f9737f41000,0x00007f973bb41000] byte_map_base: 0x00007f9737b40000

Marking Bits: (ParMarkBitMap*) 0x00007f97513e9280
 Begin Bits: [0x00007f969c010000, 0x00007f96ba008000)
 End Bits:   [0x00007f96ba008000, 0x00007f96d8000000)

Polling page: 0x00007f9752052000

CodeCache: size=245760Kb used=30885Kb max_used=31803Kb free=214874Kb
 bounds [0x00007f973bf01000, 0x00007f973de61000, 0x00007f974af01000]
 total_blobs=7692 nmethods=7271 adapters=331
 compilation: enabled

Compilation events (10 events):
Event: 51.315 Thread 0x00007f974c382000 11290       1       com.sun.org.apache.xerces.internal.parsers.AbstractXMLDocumentParser::startDTD (6 bytes)
Event: 51.315 Thread 0x00007f974c382000 nmethod 11290 0x00007f973d0a27d0 code [0x00007f973d0a2920, 0x00007f973d0a2a30]
Event: 51.322 Thread 0x00007f974c36a800 11291       4       org.apache.commons.configuration2.builder.combined.CombinedConfigurationBuilder::initNodeCombinerListNodes (51 bytes)
Event: 51.322 Thread 0x00007f974c36f000 11292       4       org.apache.commons.configuration2.builder.combined.CombinedConfigurationBuilder$ConfigurationSourceData::createAndAddConfigurations (123 bytes)
Event: 51.326 Thread 0x00007f974c36a800 nmethod 11291 0x00007f973c386a90 code [0x00007f973c386c60, 0x00007f973c387128]
Event: 51.330 Thread 0x00007f974c36f000 nmethod 11292 0x00007f973c3ce650 code [0x00007f973c3ce860, 0x00007f973c3cf388]
Event: 51.443 Thread 0x00007f974c36d000 11293  s    4       sun.misc.Cleaner::remove (89 bytes)
Event: 51.444 Thread 0x00007f974c36d000 nmethod 11293 0x00007f973d3a1450 code [0x00007f973d3a15c0, 0x00007f973d3a18d8]
Event: 51.486 Thread 0x00007f974c386000 11294   !   3       sun.reflect.GeneratedMethodAccessor31::invoke (66 bytes)
Event: 51.487 Thread 0x00007f974c386000 nmethod 11294 0x00007f973db93850 code [0x00007f973db93a40, 0x00007f973db94258]

GC Heap History (10 events):
Event: 49.718 GC heap after
Heap after GC invocations=71 (full 1):
 PSYoungGen      total 10483200K, used 896K [0x0000000580100000, 0x0000000800000000, 0x0000000800000000)
  eden space 10481664K, 0% used [0x0000000580100000,0x0000000580100000,0x00000007ffd00000)
  from space 1536K, 58% used [0x00000007ffe80000,0x00000007fff60000,0x0000000800000000)
  to   space 1536K, 0% used [0x00000007ffd00000,0x00000007ffd00000,0x00000007ffe80000)
 ParOldGen       total 837120K, used 10404K [0x0000000080200000, 0x00000000b3380000, 0x0000000580100000)
  object space 837120K, 1% used [0x0000000080200000,0x0000000080c292c0,0x00000000b3380000)
 Metaspace       used 33198K, capacity 35266K, committed 35496K, reserved 1081344K
  class space    used 3576K, capacity 3997K, committed 4096K, reserved 1048576K
}
Event: 50.314 GC heap before
{Heap before GC invocations=72 (full 1):
 PSYoungGen      total 10483200K, used 10482560K [0x0000000580100000, 0x0000000800000000, 0x0000000800000000)
  eden space 10481664K, 100% used [0x0000000580100000,0x00000007ffd00000,0x00000007ffd00000)
  from space 1536K, 58% used [0x00000007ffe80000,0x00000007fff60000,0x0000000800000000)
  to   space 1536K, 0% used [0x00000007ffd00000,0x00000007ffd00000,0x00000007ffe80000)
 ParOldGen       total 837120K, used 10404K [0x0000000080200000, 0x00000000b3380000, 0x0000000580100000)
  object space 837120K, 1% used [0x0000000080200000,0x0000000080c292c0,0x00000000b3380000)
 Metaspace       used 33251K, capacity 35272K, committed 35496K, reserved 1081344K
  class space    used 3580K, capacity 3998K, committed 4096K, reserved 1048576K
Event: 50.317 GC heap after
Heap after GC invocations=72 (full 1):
 PSYoungGen      total 10483200K, used 800K [0x0000000580100000, 0x0000000800000000, 0x0000000800000000)
  eden space 10481664K, 0% used [0x0000000580100000,0x0000000580100000,0x00000007ffd00000)
  from space 1536K, 52% used [0x00000007ffd00000,0x00000007ffdc8000,0x00000007ffe80000)
  to   space 1536K, 0% used [0x00000007ffe80000,0x00000007ffe80000,0x0000000800000000)
 ParOldGen       total 837120K, used 10476K [0x0000000080200000, 0x00000000b3380000, 0x0000000580100000)
  object space 837120K, 1% used [0x0000000080200000,0x0000000080c3b2c0,0x00000000b3380000)
 Metaspace       used 33251K, capacity 35272K, committed 35496K, reserved 1081344K
  class space    used 3580K, capacity 3998K, committed 4096K, reserved 1048576K
}
Event: 50.764 GC heap before
{Heap before GC invocations=73 (full 1):
 PSYoungGen      total 10483200K, used 10482464K [0x0000000580100000, 0x0000000800000000, 0x0000000800000000)
  eden space 10481664K, 100% used [0x0000000580100000,0x00000007ffd00000,0x00000007ffd00000)
  from space 1536K, 52% used [0x00000007ffd00000,0x00000007ffdc8000,0x00000007ffe80000)
  to   space 1536K, 0% used [0x00000007ffe80000,0x00000007ffe80000,0x0000000800000000)
 ParOldGen       total 837120K, used 10476K [0x0000000080200000, 0x00000000b3380000, 0x0000000580100000)
  object space 837120K, 1% used [0x0000000080200000,0x0000000080c3b2c0,0x00000000b3380000)
 Metaspace       used 33259K, capacity 35278K, committed 35496K, reserved 1081344K
  class space    used 3580K, capacity 3999K, committed 4096K, reserved 1048576K
Event: 50.767 GC heap after
Heap after GC invocations=73 (full 1):
 PSYoungGen      total 10483200K, used 960K [0x0000000580100000, 0x0000000800000000, 0x0000000800000000)
  eden space 10481664K, 0% used [0x0000000580100000,0x0000000580100000,0x00000007ffd00000)
  from space 1536K, 62% used [0x00000007ffe80000,0x00000007fff70000,0x0000000800000000)
  to   space 1536K, 0% used [0x00000007ffd00000,0x00000007ffd00000,0x00000007ffe80000)
 ParOldGen       total 837120K, used 10548K [0x0000000080200000, 0x00000000b3380000, 0x0000000580100000)
  object space 837120K, 1% used [0x0000000080200000,0x0000000080c4d2c0,0x00000000b3380000)
 Metaspace       used 33259K, capacity 35278K, committed 35496K, reserved 1081344K
  class space    used 3580K, capacity 3999K, committed 4096K, reserved 1048576K
}
Event: 51.439 GC heap before
{Heap before GC invocations=74 (full 1):
 PSYoungGen      total 10483200K, used 10482624K [0x0000000580100000, 0x0000000800000000, 0x0000000800000000)
  eden space 10481664K, 100% used [0x0000000580100000,0x00000007ffd00000,0x00000007ffd00000)
  from space 1536K, 62% used [0x00000007ffe80000,0x00000007fff70000,0x0000000800000000)
  to   space 1536K, 0% used [0x00000007ffd00000,0x00000007ffd00000,0x00000007ffe80000)
 ParOldGen       total 837120K, used 10548K [0x0000000080200000, 0x00000000b3380000, 0x0000000580100000)
  object space 837120K, 1% used [0x0000000080200000,0x0000000080c4d2c0,0x00000000b3380000)
 Metaspace       used 33311K, capacity 35348K, committed 35496K, reserved 1081344K
  class space    used 3584K, capacity 4000K, committed 4096K, reserved 1048576K
Event: 51.443 GC heap after
Heap after GC invocations=74 (full 1):
 PSYoungGen      total 10483200K, used 1024K [0x0000000580100000, 0x0000000800000000, 0x0000000800000000)
  eden space 10481664K, 0% used [0x0000000580100000,0x0000000580100000,0x00000007ffd00000)
  from space 1536K, 66% used [0x00000007ffd00000,0x00000007ffe00000,0x00000007ffe80000)
  to   space 1536K, 0% used [0x00000007ffe80000,0x00000007ffe80000,0x0000000800000000)
 ParOldGen       total 837120K, used 10628K [0x0000000080200000, 0x00000000b3380000, 0x0000000580100000)
  object space 837120K, 1% used [0x0000000080200000,0x0000000080c612c0,0x00000000b3380000)
 Metaspace       used 33311K, capacity 35348K, committed 35496K, reserved 1081344K
  class space    used 3584K, capacity 4000K, committed 4096K, reserved 1048576K
}
Event: 51.490 GC heap before
{Heap before GC invocations=75 (full 1):
 PSYoungGen      total 10483200K, used 240708K [0x0000000580100000, 0x0000000800000000, 0x0000000800000000)
  eden space 10481664K, 2% used [0x0000000580100000,0x000000058eb11250,0x00000007ffd00000)
  from space 1536K, 66% used [0x00000007ffd00000,0x00000007ffe00000,0x00000007ffe80000)
  to   space 1536K, 0% used [0x00000007ffe80000,0x00000007ffe80000,0x0000000800000000)
 ParOldGen       total 837120K, used 10628K [0x0000000080200000, 0x00000000b3380000, 0x0000000580100000)
  object space 837120K, 1% used [0x0000000080200000,0x0000000080c612c0,0x00000000b3380000)
 Metaspace       used 33330K, capacity 35348K, committed 35496K, reserved 1081344K
  class space    used 3587K, capacity 4000K, committed 4096K, reserved 1048576K
Event: 51.494 GC heap after
Heap after GC invocations=75 (full 1):
 PSYoungGen      total 10483200K, used 224K [0x0000000580100000, 0x0000000800000000, 0x0000000800000000)
  eden space 10481664K, 0% used [0x0000000580100000,0x0000000580100000,0x00000007ffd00000)
  from space 1536K, 14% used [0x00000007ffe80000,0x00000007ffeb8000,0x0000000800000000)
  to   space 1536K, 0% used [0x00000007ffd00000,0x00000007ffd00000,0x00000007ffe80000)
 ParOldGen       total 837120K, used 10684K [0x0000000080200000, 0x00000000b3380000, 0x0000000580100000)
  object space 837120K, 1% used [0x0000000080200000,0x0000000080c6f2c0,0x00000000b3380000)
 Metaspace       used 33330K, capacity 35348K, committed 35496K, reserved 1081344K
  class space    used 3587K, capacity 4000K, committed 4096K, reserved 1048576K
}
Event: 51.494 GC heap before
{Heap before GC invocations=76 (full 2):
 PSYoungGen      total 10483200K, used 224K [0x0000000580100000, 0x0000000800000000, 0x0000000800000000)
  eden space 10481664K, 0% used [0x0000000580100000,0x0000000580100000,0x00000007ffd00000)
  from space 1536K, 14% used [0x00000007ffe80000,0x00000007ffeb8000,0x0000000800000000)
  to   space 1536K, 0% used [0x00000007ffd00000,0x00000007ffd00000,0x00000007ffe80000)
 ParOldGen       total 837120K, used 10684K [0x0000000080200000, 0x00000000b3380000, 0x0000000580100000)
  object space 837120K, 1% used [0x0000000080200000,0x0000000080c6f2c0,0x00000000b3380000)
 Metaspace       used 33330K, capacity 35348K, committed 35496K, reserved 1081344K
  class space    used 3587K, capacity 4000K, committed 4096K, reserved 1048576K

Deoptimization events (10 events):
Event: 41.789 Thread 0x00007f974c937000 Uncommon trap: reason=unstable_if action=reinterpret pc=0x00007f973da9a808 method=org.apache.commons.configuration2.PropertiesConfiguration.unescapeJava(Ljava/lang/String;Z)Ljava/lang/String; @ 237
Event: 42.118 Thread 0x00007f974c936000 Uncommon trap: reason=bimorphic action=maybe_recompile pc=0x00007f973cf70b0c method=java.util.concurrent.ConcurrentHashMap.putAll(Ljava/util/Map;)V @ 2
Event: 42.412 Thread 0x00007f974c936000 Uncommon trap: reason=class_check action=maybe_recompile pc=0x00007f973cb44410 method=org.apache.commons.configuration2.AbstractHierarchicalConfiguration.addPropertyInternal(Ljava/lang/String;Ljava/lang/Object;)V @ 7
Event: 46.929 Thread 0x00007f974c936000 Uncommon trap: reason=unstable_if action=reinterpret pc=0x00007f973c995858 method=org.apache.commons.configuration2.PropertiesConfiguration.unescapeJava(Ljava/lang/String;Z)Ljava/lang/String; @ 233
Event: 47.625 Thread 0x00007f974c937800 Uncommon trap: reason=unstable_if action=reinterpret pc=0x00007f973db00614 method=org.apache.commons.configuration2.PropertiesConfiguration.unescapeJava(Ljava/lang/String;Z)Ljava/lang/String; @ 237
Event: 48.184 Thread 0x00007f974c936800 Uncommon trap: reason=unstable_if action=reinterpret pc=0x00007f973dc67988 method=org.apache.commons.configuration2.PropertiesConfiguration.unescapeJava(Ljava/lang/String;Z)Ljava/lang/String; @ 237
Event: 48.973 Thread 0x00007f974c937000 Uncommon trap: reason=unstable_if action=reinterpret pc=0x00007f973c300dd0 method=org.apache.commons.configuration2.PropertiesConfiguration.unescapeJava(Ljava/lang/String;Z)Ljava/lang/String; @ 237
Event: 49.693 Thread 0x00007f974c937000 Uncommon trap: reason=unstable_if action=reinterpret pc=0x00007f973c2bbcf0 method=org.apache.commons.configuration2.PropertiesConfiguration.unescapeJava(Ljava/lang/String;Z)Ljava/lang/String; @ 237
Event: 50.361 Thread 0x00007f974c937000 Uncommon trap: reason=unstable_if action=reinterpret pc=0x00007f973daf9d84 method=org.apache.commons.configuration2.PropertiesConfiguration.unescapeJava(Ljava/lang/String;Z)Ljava/lang/String; @ 237
Event: 51.007 Thread 0x00007f974c937000 Uncommon trap: reason=unstable_if action=reinterpret pc=0x00007f973c5aedec method=org.apache.commons.configuration2.PropertiesConfiguration.unescapeJava(Ljava/lang/String;Z)Ljava/lang/String; @ 237

Classes redefined (10 events):
Event: 46.817 Thread 0x00007f974c325800 redefined class name=org.apache.commons.configuration2.PropertiesConfiguration, count=59
Event: 47.489 Thread 0x00007f974c325800 redefined class name=org.apache.commons.configuration2.PropertiesConfiguration, count=60
Event: 47.554 Thread 0x00007f974c325800 redefined class name=org.apache.commons.configuration2.PropertiesConfiguration, count=61
Event: 48.094 Thread 0x00007f974c325800 redefined class name=org.apache.commons.configuration2.PropertiesConfiguration, count=62
Event: 48.816 Thread 0x00007f974c325800 redefined class name=org.apache.commons.configuration2.PropertiesConfiguration, count=63
Event: 48.877 Thread 0x00007f974c325800 redefined class name=org.apache.commons.configuration2.PropertiesConfiguration, count=64
Event: 49.523 Thread 0x00007f974c325800 redefined class name=org.apache.commons.configuration2.PropertiesConfiguration, count=65
Event: 49.593 Thread 0x00007f974c325800 redefined class name=org.apache.commons.configuration2.PropertiesConfiguration, count=66
Event: 50.259 Thread 0x00007f974c325800 redefined class name=org.apache.commons.configuration2.PropertiesConfiguration, count=67
Event: 50.915 Thread 0x00007f974c325800 redefined class name=org.apache.commons.configuration2.PropertiesConfiguration, count=68

Internal exceptions (10 events):
Event: 51.333 Thread 0x00007f974c937000 Exception <a 'java/io/FileNotFoundException'> (0x00000007a0e250b8) thrown at [/HUDSON/workspace/8-2-build-linux-amd64/jdk8u171/10807/hotspot/src/share/vm/prims/jni.cpp, line 709]
Event: 51.333 Thread 0x00007f974c937000 Exception <a 'java/io/FileNotFoundException'> (0x00000007a0e33e70) thrown at [/HUDSON/workspace/8-2-build-linux-amd64/jdk8u171/10807/hotspot/src/share/vm/prims/jni.cpp, line 709]
Event: 51.333 Thread 0x00007f974c937000 Exception <a 'java/io/FileNotFoundException'> (0x00000007a0e4ac00) thrown at [/HUDSON/workspace/8-2-build-linux-amd64/jdk8u171/10807/hotspot/src/share/vm/prims/jni.cpp, line 709]
Event: 51.334 Thread 0x00007f974c937000 Exception <a 'java/io/FileNotFoundException'> (0x00000007a0e56b90) thrown at [/HUDSON/workspace/8-2-build-linux-amd64/jdk8u171/10807/hotspot/src/share/vm/prims/jni.cpp, line 709]
Event: 51.334 Thread 0x00007f974c937000 Exception <a 'java/io/FileNotFoundException'> (0x00000007a0e6b8a8) thrown at [/HUDSON/workspace/8-2-build-linux-amd64/jdk8u171/10807/hotspot/src/share/vm/prims/jni.cpp, line 709]
Event: 51.334 Thread 0x00007f974c937000 Exception <a 'java/io/FileNotFoundException'> (0x00000007a0e7a660) thrown at [/HUDSON/workspace/8-2-build-linux-amd64/jdk8u171/10807/hotspot/src/share/vm/prims/jni.cpp, line 709]
Event: 51.335 Thread 0x00007f974c937000 Exception <a 'java/io/FileNotFoundException'> (0x00000007a0e91630) thrown at [/HUDSON/workspace/8-2-build-linux-amd64/jdk8u171/10807/hotspot/src/share/vm/prims/jni.cpp, line 709]
Event: 51.335 Thread 0x00007f974c937000 Exception <a 'java/io/FileNotFoundException'> (0x00000007a0e9f7e8) thrown at [/HUDSON/workspace/8-2-build-linux-amd64/jdk8u171/10807/hotspot/src/share/vm/prims/jni.cpp, line 709]
Event: 51.335 Thread 0x00007f974c937000 Exception <a 'java/io/FileNotFoundException'> (0x00000007a0eb5960) thrown at [/HUDSON/workspace/8-2-build-linux-amd64/jdk8u171/10807/hotspot/src/share/vm/prims/jni.cpp, line 709]
Event: 51.336 Thread 0x00007f974c937000 Exception <a 'java/io/FileNotFoundException'> (0x00000007a0ec18f0) thrown at [/HUDSON/workspace/8-2-build-linux-amd64/jdk8u171/10807/hotspot/src/share/vm/prims/jni.cpp, line 709]

Events (10 events):
Event: 51.438 Executing VM operation: ParallelGCFailedAllocation
Event: 51.438 Thread 0x00007f95f8013000 Thread added: 0x00007f95f8013000
Event: 51.438 Thread 0x00007f95f8002000 Thread added: 0x00007f95f8002000
Event: 51.443 Executing VM operation: ParallelGCFailedAllocation done
Event: 51.478 Thread 0x00007f95f800b000 Thread exited: 0x00007f95f800b000
Event: 51.484 Thread 0x00007f95f8013000 Thread exited: 0x00007f95f8013000
Event: 51.485 Thread 0x00007f95f8002000 Thread exited: 0x00007f95f8002000
Event: 51.485 Thread 0x00007f95f8012800 Thread exited: 0x00007f95f8012800
Event: 51.486 Thread 0x00007f974c912000 Thread exited: 0x00007f974c912000
Event: 51.490 Executing VM operation: CollectForMetadataAllocation


Dynamic libraries:
00400000-00401000 r-xp 00000000 00:33 8644475099                         /sfs/gpfs/tardis/applications/202512/software/standard/core/java/8/jre/bin/java
00600000-00601000 rw-p 00000000 00:33 8644475099                         /sfs/gpfs/tardis/applications/202512/software/standard/core/java/8/jre/bin/java
021ab000-021cc000 rw-p 00000000 00:00 0                                  [heap]
80200000-b3380000 rw-p 00000000 00:00 0 
b3380000-580100000 ---p 00000000 00:00 0 
580100000-800000000 rw-p 00000000 00:00 0 
800000000-800400000 rw-p 00000000 00:00 0 
800400000-840000000 ---p 00000000 00:00 0 
7f95c8000000-7f95c8291000 rw-p 00000000 00:00 0 
7f95c8291000-7f95cc000000 ---p 00000000 00:00 0 
7f95cc000000-7f95cc02a000 rw-p 00000000 00:00 0 
7f95cc02a000-7f95d0000000 ---p 00000000 00:00 0 
7f95d0000000-7f95d0037000 rw-p 00000000 00:00 0 
7f95d0037000-7f95d4000000 ---p 00000000 00:00 0 
7f95d4000000-7f95d4074000 rw-p 00000000 00:00 0 
7f95d4074000-7f95d8000000 ---p 00000000 00:00 0 
7f95d8000000-7f95d804e000 rw-p 00000000 00:00 0 
7f95d804e000-7f95dc000000 ---p 00000000 00:00 0 
7f95dc000000-7f95dc048000 rw-p 00000000 00:00 0 
7f95dc048000-7f95e0000000 ---p 00000000 00:00 0 
7f95e0000000-7f95e0049000 rw-p 00000000 00:00 0 
7f95e0049000-7f95e4000000 ---p 00000000 00:00 0 
7f95e4000000-7f95e402b000 rw-p 00000000 00:00 0 
7f95e402b000-7f95e8000000 ---p 00000000 00:00 0 
7f95e8000000-7f95e80bf000 rw-p 00000000 00:00 0 
7f95e80bf000-7f95ec000000 ---p 00000000 00:00 0 
7f95ec000000-7f95ec292000 rw-p 00000000 00:00 0 
7f95ec292000-7f95f0000000 ---p 00000000 00:00 0 
7f95f0000000-7f95f0044000 rw-p 00000000 00:00 0 
7f95f0044000-7f95f4000000 ---p 00000000 00:00 0 
7f95f4000000-7f95f4030000 rw-p 00000000 00:00 0 
7f95f4030000-7f95f8000000 ---p 00000000 00:00 0 
7f95f8000000-7f95f8027000 rw-p 00000000 00:00 0 
7f95f8027000-7f95fc000000 ---p 00000000 00:00 0 
7f95fc000000-7f95fc045000 rw-p 00000000 00:00 0 
7f95fc045000-7f9600000000 ---p 00000000 00:00 0 
7f9600000000-7f9600031000 rw-p 00000000 00:00 0 
7f9600031000-7f9604000000 ---p 00000000 00:00 0 
7f9604000000-7f9604043000 rw-p 00000000 00:00 0 
7f9604043000-7f9608000000 ---p 00000000 00:00 0 
7f9608000000-7f9608021000 rw-p 00000000 00:00 0 
7f9608021000-7f960c000000 ---p 00000000 00:00 0 
7f960c000000-7f960c027000 rw-p 00000000 00:00 0 
7f960c027000-7f9610000000 ---p 00000000 00:00 0 
7f9610000000-7f9610036000 rw-p 00000000 00:00 0 
7f9610036000-7f9614000000 ---p 00000000 00:00 0 
7f9614000000-7f961404a000 rw-p 00000000 00:00 0 
7f961404a000-7f9618000000 ---p 00000000 00:00 0 
7f9618000000-7f9618024000 rw-p 00000000 00:00 0 
7f9618024000-7f961c000000 ---p 00000000 00:00 0 
7f961c000000-7f961c0d5000 rw-p 00000000 00:00 0 
7f961c0d5000-7f9620000000 ---p 00000000 00:00 0 
7f9620000000-7f9620021000 rw-p 00000000 00:00 0 
7f9620021000-7f9624000000 ---p 00000000 00:00 0 
7f9624000000-7f962404c000 rw-p 00000000 00:00 0 
7f962404c000-7f9628000000 ---p 00000000 00:00 0 
7f9628000000-7f9628049000 rw-p 00000000 00:00 0 
7f9628049000-7f962c000000 ---p 00000000 00:00 0 
7f962c000000-7f962c021000 rw-p 00000000 00:00 0 
7f962c021000-7f9630000000 ---p 00000000 00:00 0 
7f9630000000-7f9630021000 rw-p 00000000 00:00 0 
7f9630021000-7f9634000000 ---p 00000000 00:00 0 
7f9634000000-7f9634021000 rw-p 00000000 00:00 0 
7f9634021000-7f9638000000 ---p 00000000 00:00 0 
7f9638000000-7f9638021000 rw-p 00000000 00:00 0 
7f9638021000-7f963c000000 ---p 00000000 00:00 0 
7f963c000000-7f963c051000 rw-p 00000000 00:00 0 
7f963c051000-7f9640000000 ---p 00000000 00:00 0 
7f9640000000-7f9640046000 rw-p 00000000 00:00 0 
7f9640046000-7f9644000000 ---p 00000000 00:00 0 
7f9644000000-7f9644058000 rw-p 00000000 00:00 0 
7f9644058000-7f9648000000 ---p 00000000 00:00 0 
7f9648000000-7f96480bb000 rw-p 00000000 00:00 0 
7f96480bb000-7f964c000000 ---p 00000000 00:00 0 
7f964c000000-7f964c024000 rw-p 00000000 00:00 0 
7f964c024000-7f9650000000 ---p 00000000 00:00 0 
7f9650000000-7f9650021000 rw-p 00000000 00:00 0 
7f9650021000-7f9654000000 ---p 00000000 00:00 0 
7f9654000000-7f965430a000 rw-p 00000000 00:00 0 
7f965430a000-7f9658000000 ---p 00000000 00:00 0 
7f9658000000-7f9658316000 rw-p 00000000 00:00 0 
7f9658316000-7f965c000000 ---p 00000000 00:00 0 
7f965c000000-7f965c021000 rw-p 00000000 00:00 0 
7f965c021000-7f9660000000 ---p 00000000 00:00 0 
7f9660000000-7f966036b000 rw-p 00000000 00:00 0 
7f966036b000-7f9664000000 ---p 00000000 00:00 0 
7f9664000000-7f96644a7000 rw-p 00000000 00:00 0 
7f96644a7000-7f9668000000 ---p 00000000 00:00 0 
7f9668000000-7f9668a49000 rw-p 00000000 00:00 0 
7f9668a49000-7f966c000000 ---p 00000000 00:00 0 
7f966c000000-7f966c31b000 rw-p 00000000 00:00 0 
7f966c31b000-7f9670000000 ---p 00000000 00:00 0 
7f9670000000-7f9670ca2000 rw-p 00000000 00:00 0 
7f9670ca2000-7f9674000000 ---p 00000000 00:00 0 
7f9674000000-7f9674ead000 rw-p 00000000 00:00 0 
7f9674ead000-7f9678000000 ---p 00000000 00:00 0 
7f9678000000-7f9678da1000 rw-p 00000000 00:00 0 
7f9678da1000-7f967c000000 ---p 00000000 00:00 0 
7f967c000000-7f967c9bf000 rw-p 00000000 00:00 0 
7f967c9bf000-7f9680000000 ---p 00000000 00:00 0 
7f9680000000-7f9680a5d000 rw-p 00000000 00:00 0 
7f9680a5d000-7f9684000000 ---p 00000000 00:00 0 
7f9684000000-7f9684983000 rw-p 00000000 00:00 0 
7f9684983000-7f9688000000 ---p 00000000 00:00 0 
7f9688000000-7f9688021000 rw-p 00000000 00:00 0 
7f9688021000-7f968c000000 ---p 00000000 00:00 0 
7f968c000000-7f968caee000 rw-p 00000000 00:00 0 
7f968caee000-7f9690000000 ---p 00000000 00:00 0 
7f9690000000-7f9690021000 rw-p 00000000 00:00 0 
7f9690021000-7f9694000000 ---p 00000000 00:00 0 
7f9694000000-7f9694021000 rw-p 00000000 00:00 0 
7f9694021000-7f9698000000 ---p 00000000 00:00 0 
7f9698000000-7f96982b0000 rw-p 00000000 00:00 0 
7f96982b0000-7f969c000000 ---p 00000000 00:00 0 
7f969c010000-7f96d8021000 rw-p 00000000 00:00 0 
7f96d8021000-7f96dc000000 ---p 00000000 00:00 0 
7f96dc000000-7f96dc021000 rw-p 00000000 00:00 0 
7f96dc021000-7f96e0000000 ---p 00000000 00:00 0 
7f96e0000000-7f96e0021000 rw-p 00000000 00:00 0 
7f96e0021000-7f96e4000000 ---p 00000000 00:00 0 
7f96e8000000-7f96e8021000 rw-p 00000000 00:00 0 
7f96e8021000-7f96ec000000 ---p 00000000 00:00 0 
7f96ec000000-7f96ec021000 rw-p 00000000 00:00 0 
7f96ec021000-7f96f0000000 ---p 00000000 00:00 0 
7f96f0000000-7f96f0021000 rw-p 00000000 00:00 0 
7f96f0021000-7f96f4000000 ---p 00000000 00:00 0 
7f96f4000000-7f96f4021000 rw-p 00000000 00:00 0 
7f96f4021000-7f96f8000000 ---p 00000000 00:00 0 
7f96f8000000-7f96f8021000 rw-p 00000000 00:00 0 
7f96f8021000-7f96fc000000 ---p 00000000 00:00 0 
7f96fd5e4000-7f96fd68e000 rw-p 00000000 00:00 0 
7f96fd68e000-7f96fd7e4000 ---p 00000000 00:00 0 
7f96fd7e4000-7f96fd9e4000 rw-p 00000000 00:00 0 
7f96fd9e4000-7f96fdbe4000 rw-p 00000000 00:00 0 
7f96fdbe4000-7f96fdde4000 rw-p 00000000 00:00 0 
7f96fdde4000-7f96fdfe4000 rw-p 00000000 00:00 0 
7f96fdfe4000-7f96fdfe7000 ---p 00000000 00:00 0 
7f96fdfe7000-7f96fe2e5000 rw-p 00000000 00:00 0 
7f96fe2e5000-7f96fe4e5000 rw-p 00000000 00:00 0 
7f96fe4e5000-7f96fe4e8000 ---p 00000000 00:00 0 
7f96fe4e8000-7f96fe5e6000 rw-p 00000000 00:00 0 
7f96fe5e6000-7f96fe5e9000 ---p 00000000 00:00 0 
7f96fe5e9000-7f96fe6e7000 rw-p 00000000 00:00 0 
7f96fe6e7000-7f96fe6ea000 ---p 00000000 00:00 0 
7f96fe6ea000-7f96fe7e8000 rw-p 00000000 00:00 0 
7f96fe7e8000-7f96fe7eb000 ---p 00000000 00:00 0 
7f96fe7eb000-7f96fe8e9000 rw-p 00000000 00:00 0 
7f96fe8e9000-7f96fe8ec000 ---p 00000000 00:00 0 
7f96fe8ec000-7f96fe9ea000 rw-p 00000000 00:00 0 
7f96fe9ea000-7f96fe9ed000 ---p 00000000 00:00 0 
7f96fe9ed000-7f96feaeb000 rw-p 00000000 00:00 0 
7f96feaeb000-7f96feaee000 ---p 00000000 00:00 0 
7f96feaee000-7f96febec000 rw-p 00000000 00:00 0 
7f96febec000-7f96febef000 ---p 00000000 00:00 0 
7f96febef000-7f96feced000 rw-p 00000000 00:00 0 
7f96feced000-7f96fecf0000 ---p 00000000 00:00 0 
7f96fecf0000-7f96fedee000 rw-p 00000000 00:00 0 
7f96fedee000-7f96fedf1000 ---p 00000000 00:00 0 
7f96fedf1000-7f96feeef000 rw-p 00000000 00:00 0 
7f96feeef000-7f96feef2000 ---p 00000000 00:00 0 
7f96feef2000-7f96feff0000 rw-p 00000000 00:00 0 
7f96feff0000-7f96feff3000 ---p 00000000 00:00 0 
7f96feff3000-7f96ff0f1000 rw-p 00000000 00:00 0 
7f96ff0f1000-7f96ff0f4000 ---p 00000000 00:00 0 
7f96ff0f4000-7f96ff1f2000 rw-p 00000000 00:00 0 
7f96ff1f2000-7f96ff1f5000 ---p 00000000 00:00 0 
7f96ff1f5000-7f96ff2f3000 rw-p 00000000 00:00 0 
7f96ff2f3000-7f96ff2f6000 ---p 00000000 00:00 0 
7f96ff2f6000-7f96ff3f4000 rw-p 00000000 00:00 0 
7f96ff3f4000-7f96ff3f7000 ---p 00000000 00:00 0 
7f96ff3f7000-7f96ff4f5000 rw-p 00000000 00:00 0 
7f96ff4f5000-7f96ff4f8000 ---p 00000000 00:00 0 
7f96ff4f8000-7f96ff5f6000 rw-p 00000000 00:00 0 
7f96ff5f6000-7f96ff5f9000 ---p 00000000 00:00 0 
7f96ff5f9000-7f96ff6f7000 rw-p 00000000 00:00 0 
7f96ff6f7000-7f96ff6fa000 ---p 00000000 00:00 0 
7f96ff6fa000-7f96ff7f8000 rw-p 00000000 00:00 0 
7f96ff7f8000-7f96ff7fb000 ---p 00000000 00:00 0 
7f96ff7fb000-7f96ff8f9000 rw-p 00000000 00:00 0 
7f96ff8f9000-7f96ff8fc000 ---p 00000000 00:00 0 
7f96ff8fc000-7f96ff9fa000 rw-p 00000000 00:00 0 
7f96ff9fa000-7f96ff9fd000 ---p 00000000 00:00 0 
7f96ff9fd000-7f96ffafb000 rw-p 00000000 00:00 0 
7f96ffafb000-7f96ffafe000 ---p 00000000 00:00 0 
7f96ffafe000-7f96ffbfc000 rw-p 00000000 00:00 0 
7f96ffbfc000-7f96ffbff000 ---p 00000000 00:00 0 
7f96ffbff000-7f96ffcfd000 rw-p 00000000 00:00 0 
7f96ffcfd000-7f96ffd00000 ---p 00000000 00:00 0 
7f96ffd00000-7f96ffdfe000 rw-p 00000000 00:00 0 
7f96ffdfe000-7f96ffe01000 ---p 00000000 00:00 0 
7f96ffe01000-7f96ffeff000 rw-p 00000000 00:00 0 
7f96ffeff000-7f96fff02000 ---p 00000000 00:00 0 
7f96fff02000-7f9700021000 rw-p 00000000 00:00 0 
7f9700021000-7f9704000000 ---p 00000000 00:00 0 
7f970406f000-7f9704072000 ---p 00000000 00:00 0 
7f9704072000-7f9704170000 rw-p 00000000 00:00 0 
7f9704170000-7f9704173000 ---p 00000000 00:00 0 
7f9704173000-7f9704271000 rw-p 00000000 00:00 0 
7f9704271000-7f9704274000 ---p 00000000 00:00 0 
7f9704274000-7f9704372000 rw-p 00000000 00:00 0 
7f9704372000-7f9704375000 ---p 00000000 00:00 0 
7f9704375000-7f9704473000 rw-p 00000000 00:00 0 
7f9704473000-7f9704476000 ---p 00000000 00:00 0 
7f9704476000-7f9704774000 rw-p 00000000 00:00 0 
7f9704774000-7f9704974000 rw-p 00000000 00:00 0 
7f9704974000-7f97049f7000 r-xp 00000000 00:29 41353112                   /usr/lib64/libpcre2-8.so.0.7.1
7f97049f7000-7f9704bf6000 ---p 00083000 00:29 41353112                   /usr/lib64/libpcre2-8.so.0.7.1
7f9704bf6000-7f9704bf7000 r--p 00082000 00:29 41353112                   /usr/lib64/libpcre2-8.so.0.7.1
7f9704bf7000-7f9704bf8000 rw-p 00083000 00:29 41353112                   /usr/lib64/libpcre2-8.so.0.7.1
7f9704bf8000-7f9704c1f000 r-xp 00000000 00:29 15589389                   /usr/lib64/libselinux.so.1
7f9704c1f000-7f9704e1f000 ---p 00027000 00:29 15589389                   /usr/lib64/libselinux.so.1
7f9704e1f000-7f9704e20000 r--p 00027000 00:29 15589389                   /usr/lib64/libselinux.so.1
7f9704e20000-7f9704e21000 rw-p 00028000 00:29 15589389                   /usr/lib64/libselinux.so.1
7f9704e21000-7f9704e23000 rw-p 00000000 00:00 0 
7f9704e23000-7f9704e2a000 r-xp 00000000 00:29 15589624                   /usr/lib64/libuuid.so.1.3.0
7f9704e2a000-7f9705029000 ---p 00007000 00:29 15589624                   /usr/lib64/libuuid.so.1.3.0
7f9705029000-7f970502a000 r--p 00006000 00:29 15589624                   /usr/lib64/libuuid.so.1.3.0
7f970502a000-7f970502b000 rw-p 00000000 00:00 0 
7f970502b000-7f9705078000 r-xp 00000000 00:29 41352403                   /usr/lib64/libblkid.so.1.1.0
7f9705078000-7f9705277000 ---p 0004d000 00:29 41352403                   /usr/lib64/libblkid.so.1.1.0
7f9705277000-7f970527c000 r--p 0004c000 00:29 41352403                   /usr/lib64/libblkid.so.1.1.0
7f970527c000-7f970527d000 rw-p 00051000 00:29 41352403                   /usr/lib64/libblkid.so.1.1.0
7f970527d000-7f970527e000 rw-p 00000000 00:00 0 
7f970527e000-7f9705295000 r-xp 00000000 00:29 41352625                   /usr/lib64/libgcc_s-8-20210514.so.1
7f9705295000-7f9705494000 ---p 00017000 00:29 41352625                   /usr/lib64/libgcc_s-8-20210514.so.1
7f9705494000-7f9705495000 r--p 00016000 00:29 41352625                   /usr/lib64/libgcc_s-8-20210514.so.1
7f9705495000-7f9705496000 rw-p 00017000 00:29 41352625                   /usr/lib64/libgcc_s-8-20210514.so.1
7f9705496000-7f97054ec000 r-xp 00000000 00:29 41352921                   /usr/lib64/libmount.so.1.1.0
7f97054ec000-7f97056eb000 ---p 00056000 00:29 41352921                   /usr/lib64/libmount.so.1.1.0
7f97056eb000-7f97056ee000 r--p 00055000 00:29 41352921                   /usr/lib64/libmount.so.1.1.0
7f97056ee000-7f97056ef000 rw-p 00058000 00:29 41352921                   /usr/lib64/libmount.so.1.1.0
7f97056ef000-7f97056f0000 rw-p 00000000 00:00 0 
7f97056f0000-7f9705794000 r-xp 00000000 00:29 41353002                   /usr/lib64/libnss_myhostname.so.2
7f9705794000-7f9705994000 ---p 000a4000 00:29 41353002                   /usr/lib64/libnss_myhostname.so.2
7f9705994000-7f970599b000 r--p 000a4000 00:29 41353002                   /usr/lib64/libnss_myhostname.so.2
7f970599b000-7f970599c000 rw-p 000ab000 00:29 41353002                   /usr/lib64/libnss_myhostname.so.2
7f970599c000-7f97059b0000 r-xp 00000000 00:29 41353187                   /usr/lib64/libresolv-2.28.so
7f97059b0000-7f9705bb0000 ---p 00014000 00:29 41353187                   /usr/lib64/libresolv-2.28.so
7f9705bb0000-7f9705bb1000 r--p 00014000 00:29 41353187                   /usr/lib64/libresolv-2.28.so
7f9705bb1000-7f9705bb2000 rw-p 00015000 00:29 41353187                   /usr/lib64/libresolv-2.28.so
7f9705bb2000-7f9705bb4000 rw-p 00000000 00:00 0 
7f9705bb4000-7f9705bb9000 r-xp 00000000 00:29 41352994                   /usr/lib64/libnss_dns-2.28.so
7f9705bb9000-7f9705db9000 ---p 00005000 00:29 41352994                   /usr/lib64/libnss_dns-2.28.so
7f9705db9000-7f9705dba000 r--p 00005000 00:29 41352994                   /usr/lib64/libnss_dns-2.28.so
7f9705dba000-7f9705dbb000 rw-p 00006000 00:29 41352994                   /usr/lib64/libnss_dns-2.28.so
7f9705dbb000-7f9705fbb000 rw-p 00000000 00:00 0 
7f9705fbb000-7f9705fbe000 ---p 00000000 00:00 0 
7f9705fbe000-7f97060bc000 rw-p 00000000 00:00 0 
7f97060bc000-7f97060cd000 r-xp 00000000 00:33 8644475222                 /sfs/gpfs/tardis/applications/202512/software/standard/core/java/8/jre/lib/amd64/libnio.so
7f97060cd000-7f97062cc000 ---p 00011000 00:33 8644475222                 /sfs/gpfs/tardis/applications/202512/software/standard/core/java/8/jre/lib/amd64/libnio.so
7f97062cc000-7f97062cd000 rw-p 00010000 00:33 8644475222                 /sfs/gpfs/tardis/applications/202512/software/standard/core/java/8/jre/lib/amd64/libnio.so
7f97062cd000-7f97062d0000 ---p 00000000 00:00 0 
7f97062d0000-7f97065ce000 rw-p 00000000 00:00 0 
7f97065ce000-7f97067ce000 rw-p 00000000 00:00 0 
7f97067ce000-7f97067d7000 r-xp 00000000 00:33 8644475219                 /sfs/gpfs/tardis/applications/202512/software/standard/core/java/8/jre/lib/amd64/libmanagement.so
7f97067d7000-7f97069d6000 ---p 00009000 00:33 8644475219                 /sfs/gpfs/tardis/applications/202512/software/standard/core/java/8/jre/lib/amd64/libmanagement.so
7f97069d6000-7f97069d7000 rw-p 00008000 00:33 8644475219                 /sfs/gpfs/tardis/applications/202512/software/standard/core/java/8/jre/lib/amd64/libmanagement.so
7f97069d7000-7f9706cd8000 rw-p 00000000 00:00 0 
7f9706cd8000-7f9706cee000 r-xp 00000000 00:33 8644475221                 /sfs/gpfs/tardis/applications/202512/software/standard/core/java/8/jre/lib/amd64/libnet.so
7f9706cee000-7f9706eee000 ---p 00016000 00:33 8644475221                 /sfs/gpfs/tardis/applications/202512/software/standard/core/java/8/jre/lib/amd64/libnet.so
7f9706eee000-7f9706eef000 rw-p 00016000 00:33 8644475221                 /sfs/gpfs/tardis/applications/202512/software/standard/core/java/8/jre/lib/amd64/libnet.so
7f9706eef000-7f9706ef0000 ---p 00000000 00:00 0 
7f9706ef0000-7f9706ff0000 rw-p 00000000 00:00 0 
7f9706ff0000-7f9706ff3000 ---p 00000000 00:00 0 
7f9706ff3000-7f97070f1000 rw-p 00000000 00:00 0 
7f97070f1000-7f97070f2000 ---p 00000000 00:00 0 
7f97070f2000-7f97070f5000 ---p 00000000 00:00 0 
7f97070f5000-7f97071f2000 rw-p 00000000 00:00 0 
7f97071f2000-7f97071f3000 ---p 00000000 00:00 0 
7f97071f3000-7f97071f6000 ---p 00000000 00:00 0 
7f97071f6000-7f97072f3000 rw-p 00000000 00:00 0 
7f97072f3000-7f97072f4000 ---p 00000000 00:00 0 
7f97072f4000-7f97072f7000 ---p 00000000 00:00 0 
7f97072f7000-7f97073f4000 rw-p 00000000 00:00 0 
7f97073f4000-7f97073f5000 ---p 00000000 00:00 0 
7f97073f5000-7f97073f8000 ---p 00000000 00:00 0 
7f97073f8000-7f97074f5000 rw-p 00000000 00:00 0 
7f97074f5000-7f97074f6000 ---p 00000000 00:00 0 
7f97074f6000-7f97074f9000 ---p 00000000 00:00 0 
7f97074f9000-7f97075f6000 rw-p 00000000 00:00 0 
7f97075f6000-7f97075f7000 ---p 00000000 00:00 0 
7f97075f7000-7f97075fa000 ---p 00000000 00:00 0 
7f97075fa000-7f97076f7000 rw-p 00000000 00:00 0 
7f97076f7000-7f97076f8000 ---p 00000000 00:00 0 
7f97076f8000-7f97076fb000 ---p 00000000 00:00 0 
7f97076fb000-7f97077f8000 rw-p 00000000 00:00 0 
7f97077f8000-7f97077f9000 ---p 00000000 00:00 0 
7f97077f9000-7f97077fc000 ---p 00000000 00:00 0 
7f97077fc000-7f97078f9000 rw-p 00000000 00:00 0 
7f97078f9000-7f97078fa000 ---p 00000000 00:00 0 
7f97078fa000-7f97078fd000 ---p 00000000 00:00 0 
7f97078fd000-7f97079fa000 rw-p 00000000 00:00 0 
7f97079fa000-7f97079fb000 ---p 00000000 00:00 0 
7f97079fb000-7f97079fe000 ---p 00000000 00:00 0 
7f97079fe000-7f9707afb000 rw-p 00000000 00:00 0 
7f9707afb000-7f9707afc000 ---p 00000000 00:00 0 
7f9707afc000-7f9707aff000 ---p 00000000 00:00 0 
7f9707aff000-7f9707bfc000 rw-p 00000000 00:00 0 
7f9707bfc000-7f9707bfd000 ---p 00000000 00:00 0 
7f9707bfd000-7f9707c00000 ---p 00000000 00:00 0 
7f9707c00000-7f9707cfd000 rw-p 00000000 00:00 0 
7f9707cfd000-7f9707d00000 ---p 00000000 00:00 0 
7f9707d00000-7f9707dfe000 rw-p 00000000 00:00 0 
7f9707dfe000-7f9707e01000 ---p 00000000 00:00 0 
7f9707e01000-7f9707eff000 rw-p 00000000 00:00 0 
7f9707eff000-7f9707f02000 ---p 00000000 00:00 0 
7f9707f02000-7f9708021000 rw-p 00000000 00:00 0 
7f9708021000-7f970c000000 ---p 00000000 00:00 0 
7f970c090000-7f970c0a3000 r--s 00345000 00:33 8644475164                 /sfs/gpfs/tardis/applications/202512/software/standard/core/java/8/jre/lib/resources.jar
7f970c0a3000-7f970c0bf000 r--s 00393000 00:33 8644475330                 /sfs/gpfs/tardis/applications/202512/software/standard/core/java/8/jre/lib/ext/cldrdata.jar
7f970c0bf000-7f970c0c9000 r--s 00116000 00:33 8644475334                 /sfs/gpfs/tardis/applications/202512/software/standard/core/java/8/jre/lib/ext/localedata.jar
7f970c0c9000-7f970c0ca000 ---p 00000000 00:00 0 
7f970c0ca000-7f9710000000 rw-p 00000000 00:00 0 
7f9710000000-7f9710021000 rw-p 00000000 00:00 0 
7f9710021000-7f9714000000 ---p 00000000 00:00 0 
7f9714000000-7f9714021000 rw-p 00000000 00:00 0 
7f9714021000-7f9718000000 ---p 00000000 00:00 0 
7f9718000000-7f9718021000 rw-p 00000000 00:00 0 
7f9718021000-7f971c000000 ---p 00000000 00:00 0 
7f971c000000-7f971c021000 rw-p 00000000 00:00 0 
7f971c021000-7f9720000000 ---p 00000000 00:00 0 
7f9720000000-7f9720021000 rw-p 00000000 00:00 0 
7f9720021000-7f9724000000 ---p 00000000 00:00 0 
7f9724000000-7f9724021000 rw-p 00000000 00:00 0 
7f9724021000-7f9728000000 ---p 00000000 00:00 0 
7f9728000000-7f9728021000 rw-p 00000000 00:00 0 
7f9728021000-7f972c000000 ---p 00000000 00:00 0 
7f972c001000-7f972c002000 r--s 00000000 00:2d 67233568                   /tmp/junit8879431171987148393/test.jar (deleted)
7f972c002000-7f972c003000 r--s 00000000 00:2d 67249762                   /tmp/junit1806166979029983514/test.jar (deleted)
7f972c003000-7f972c006000 r--s 0001a000 00:33 8644475151                 /sfs/gpfs/tardis/applications/202512/software/standard/core/java/8/jre/lib/jce.jar
7f972c006000-7f972c00b000 r--s 0009d000 00:33 8644475155                 /sfs/gpfs/tardis/applications/202512/software/standard/core/java/8/jre/lib/jsse.jar
7f972c00b000-7f972c017000 r--s 0008a000 00:33 3232849034                 /sfs/gpfs/tardis/home/wxw9rr/.m2/repository/org/pitest/pitest/1.9.8/pitest-1.9.8.jar
7f972c017000-7f972c01d000 r--s 0004c000 00:33 3264352696                 /sfs/gpfs/tardis/home/wxw9rr/.m2/repository/ch/qos/reload4j/reload4j/1.2.19/reload4j-1.2.19.jar
7f972c01d000-7f972c01f000 r--s 00008000 00:33 3264352693                 /sfs/gpfs/tardis/home/wxw9rr/.m2/repository/org/slf4j/slf4j-ext/1.7.36/slf4j-ext-1.7.36.jar
7f972c01f000-7f972c021000 r--s 00009000 00:33 2845296821                 /sfs/gpfs/tardis/home/wxw9rr/.m2/repository/org/slf4j/slf4j-api/1.7.36/slf4j-api-1.7.36.jar
7f972c021000-7f972c02a000 r--s 0006f000 00:33 3264352692                 /sfs/gpfs/tardis/home/wxw9rr/.m2/repository/log4j/log4j/1.2.17/log4j-1.2.17.jar
7f972c02a000-7f972c02c000 r--s 0000e000 00:33 3180581980                 /sfs/gpfs/tardis/home/wxw9rr/.m2/repository/com/sun/activation/jakarta.activation/2.0.1/jakarta.activation-2.0.1.jar
7f972c02c000-7f972c032000 r--s 00058000 00:33 3180581978                 /sfs/gpfs/tardis/home/wxw9rr/.m2/repository/com/sun/mail/mailapi/2.0.1/mailapi-2.0.1.jar
7f972c032000-7f972c035000 r--s 0000a000 00:33 1160874188                 /sfs/gpfs/tardis/home/wxw9rr/.m2/repository/org/objenesis/objenesis/3.2/objenesis-3.2.jar
7f972c035000-7f972c03f000 r--s 00083000 00:33 3264352687                 /sfs/gpfs/tardis/home/wxw9rr/.m2/repository/org/easymock/easymock/4.3/easymock-4.3.jar
7f972c03f000-7f972c041000 r--s 0000f000 00:33 3264352690                 /sfs/gpfs/tardis/home/wxw9rr/.m2/repository/mockobjects/mockobjects-jdk1.4-j2ee1.3/0.09/mockobjects-jdk1.4-j2ee1.3-0.09.jar
7f972c041000-7f972c043000 r--s 0000c000 00:33 3264352685                 /sfs/gpfs/tardis/home/wxw9rr/.m2/repository/mockobjects/mockobjects-core/0.09/mockobjects-core-0.09.jar
7f972c043000-7f972c045000 r--s 0000c000 00:33 3264352683                 /sfs/gpfs/tardis/home/wxw9rr/.m2/repository/junit-addons/junit-addons/1.4/junit-addons-1.4.jar
7f972c045000-7f972c049000 r--s 0001b000 00:33 3201345876                 /sfs/gpfs/tardis/home/wxw9rr/.m2/repository/org/hamcrest/hamcrest/2.2/hamcrest-2.2.jar
7f972c049000-7f972c04c000 r--s 00021000 00:33 3264352679                 /sfs/gpfs/tardis/home/wxw9rr/.m2/repository/com/oracle/database/ha/ons/19.3.0.0/ons-19.3.0.0.jar
7f972c04c000-7f972c04e000 r--s 00006000 00:33 3264352680                 /sfs/gpfs/tardis/home/wxw9rr/.m2/repository/com/oracle/database/ha/simplefan/19.3.0.0/simplefan-19.3.0.0.jar
7f972c04e000-7f972c053000 r--s 00046000 00:33 3264352677                 /sfs/gpfs/tardis/home/wxw9rr/.m2/repository/com/oracle/database/security/osdt_core/19.3.0.0/osdt_core-19.3.0.0.jar
7f972c053000-7f972c056000 r--s 00030000 00:33 3264352675                 /sfs/gpfs/tardis/home/wxw9rr/.m2/repository/com/oracle/database/security/osdt_cert/19.3.0.0/osdt_cert-19.3.0.0.jar
7f972c056000-7f972c05a000 r--s 00047000 00:33 3264352672                 /sfs/gpfs/tardis/home/wxw9rr/.m2/repository/com/oracle/database/security/oraclepki/19.3.0.0/oraclepki-19.3.0.0.jar
7f972c05a000-7f972c069000 r--s 0018c000 00:33 3264352668                 /sfs/gpfs/tardis/home/wxw9rr/.m2/repository/com/oracle/database/jdbc/ucp/19.3.0.0/ucp-19.3.0.0.jar
7f972c069000-7f972c095000 r--s 003d8000 00:33 3264352669                 /sfs/gpfs/tardis/home/wxw9rr/.m2/repository/com/oracle/database/jdbc/ojdbc8/19.3.0.0/ojdbc8-19.3.0.0.jar
7f972c095000-7f972c0a0000 r--s 0002a000 00:33 3203667152                 /sfs/gpfs/tardis/home/wxw9rr/.m2/repository/org/checkerframework/checker-qual/3.5.0/checker-qual-3.5.0.jar
7f972c0a0000-7f972c0ad000 r--s 000eb000 00:33 3264352666                 /sfs/gpfs/tardis/home/wxw9rr/.m2/repository/org/postgresql/postgresql/42.3.1/postgresql-42.3.1.jar
7f972c0ad000-7f972c0b9000 r--s 00091000 00:33 3264352667                 /sfs/gpfs/tardis/home/wxw9rr/.m2/repository/org/dbunit/dbunit/2.7.3/dbunit-2.7.3.jar
7f972c0b9000-7f972c0ca000 r--s 00181000 00:33 3180581959                 /sfs/gpfs/tardis/home/wxw9rr/.m2/repository/org/hsqldb/hsqldb/2.5.2/hsqldb-2.5.2.jar
7f972c0ca000-7f972c0cd000 r--s 00021000 00:33 3264352659                 /sfs/gpfs/tardis/home/wxw9rr/.m2/repository/org/apache/commons/commons-pool2/2.11.1/commons-pool2-2.11.1.jar
7f972c0cd000-7f972c0d3000 r--s 0004a000 00:33 2845297309                 /sfs/gpfs/tardis/home/wxw9rr/.m2/repository/commons-io/commons-io/2.11.0/commons-io-2.11.0.jar
7f972c0d3000-7f972c0d6000 r--s 00031000 00:33 3264352658                 /sfs/gpfs/tardis/home/wxw9rr/.m2/repository/org/apache/commons/commons-dbcp2/2.9.0/commons-dbcp2-2.9.0.jar
7f972c0d6000-7f972c0db000 r--s 00057000 00:33 3232849017                 /sfs/gpfs/tardis/home/wxw9rr/.m2/repository/com/fasterxml/jackson/core/jackson-core/2.13.3/jackson-core-2.13.3.jar
7f972c0db000-7f972c0de000 r--s 00010000 00:33 3232849019                 /sfs/gpfs/tardis/home/wxw9rr/.m2/repository/com/fasterxml/jackson/core/jackson-annotations/2.13.3/jackson-annotations-2.13.3.jar
7f972c0de000-7f972c0f5000 r--s 00161000 00:33 3232849021                 /sfs/gpfs/tardis/home/wxw9rr/.m2/repository/com/fasterxml/jackson/core/jackson-databind/2.13.3/jackson-databind-2.13.3.jar
7f972c0f5000-7f972c0fc000 r--s 0004a000 00:33 3264352660                 /sfs/gpfs/tardis/home/wxw9rr/.m2/repository/org/yaml/snakeyaml/1.30/snakeyaml-1.30.jar
7f972c0fc000-7f972c0fe000 r--s 00018000 00:33 3180581938                 /sfs/gpfs/tardis/home/wxw9rr/.m2/repository/javax/servlet/servlet-api/2.5/servlet-api-2.5.jar
7f972c0fe000-7f9730021000 rw-p 00000000 00:00 0 
7f9730021000-7f9734000000 ---p 00000000 00:00 0 
7f9734000000-7f9734001000 r--s 00000000 00:33 3264352697                 /sfs/gpfs/tardis/home/wxw9rr/.m2/repository/org/slf4j/slf4j-nop/1.7.36/slf4j-nop-1.7.36.jar
7f9734001000-7f9734012000 r--s 000b0000 00:33 3264352657                 /sfs/gpfs/tardis/home/wxw9rr/.m2/repository/org/springframework/spring-test/5.3.21/spring-test-5.3.21.jar
7f9734012000-7f9734017000 r--s 00042000 00:33 3264352653                 /sfs/gpfs/tardis/home/wxw9rr/.m2/repository/org/springframework/spring-expression/5.3.21/spring-expression-5.3.21.jar
7f9734017000-7f9734020000 r--s 00055000 00:33 3264352652                 /sfs/gpfs/tardis/home/wxw9rr/.m2/repository/org/springframework/spring-aop/5.3.21/spring-aop-5.3.21.jar
7f9734020000-7f973403c000 r--s 0011c000 00:33 3264352649                 /sfs/gpfs/tardis/home/wxw9rr/.m2/repository/org/springframework/spring-context/5.3.21/spring-context-5.3.21.jar
7f973403c000-7f9734049000 r--s 0009e000 00:33 3264352648                 /sfs/gpfs/tardis/home/wxw9rr/.m2/repository/org/springframework/spring-beans/5.3.21/spring-beans-5.3.21.jar
7f9734049000-7f9734065000 r--s 0014f000 00:33 3264352643                 /sfs/gpfs/tardis/home/wxw9rr/.m2/repository/org/springframework/spring-core/5.3.21/spring-core-5.3.21.jar
7f9734065000-7f9734067000 r--s 00013000 00:33 3180581928                 /sfs/gpfs/tardis/home/wxw9rr/.m2/repository/xml-resolver/xml-resolver/1.2/xml-resolver-1.2.jar
7f9734067000-7f97340ae000 r--s 004f7000 00:33 3264352640                 /sfs/gpfs/tardis/home/wxw9rr/.m2/repository/org/apache/hadoop/hadoop-hdfs-client/3.3.1/hadoop-hdfs-client-3.3.1.jar
7f97340ae000-7f97340fd000 rw-p 00000000 00:00 0 
7f97340fd000-7f97342d7000 r--s 03d68000 00:33 8644475165                 /sfs/gpfs/tardis/applications/202512/software/standard/core/java/8/jre/lib/rt.jar
7f97342d7000-7f973452f000 rw-p 00000000 00:00 0 
7f973452f000-7f9734530000 ---p 00000000 00:00 0 
7f9734530000-7f9734630000 rw-p 00000000 00:00 0 
7f9734630000-7f9734631000 ---p 00000000 00:00 0 
7f9734631000-7f9734731000 rw-p 00000000 00:00 0 
7f9734731000-7f9734732000 ---p 00000000 00:00 0 
7f9734732000-7f9734832000 rw-p 00000000 00:00 0 
7f9734832000-7f9734833000 ---p 00000000 00:00 0 
7f9734833000-7f9734933000 rw-p 00000000 00:00 0 
7f9734933000-7f9734934000 ---p 00000000 00:00 0 
7f9734934000-7f9734a34000 rw-p 00000000 00:00 0 
7f9734a34000-7f9734a35000 ---p 00000000 00:00 0 
7f9734a35000-7f9734b35000 rw-p 00000000 00:00 0 
7f9734b35000-7f9734b36000 ---p 00000000 00:00 0 
7f9734b36000-7f9734c36000 rw-p 00000000 00:00 0 
7f9734c36000-7f9734c37000 ---p 00000000 00:00 0 
7f9734c37000-7f9734d37000 rw-p 00000000 00:00 0 
7f9734d37000-7f9734d38000 ---p 00000000 00:00 0 
7f9734d38000-7f9734e38000 rw-p 00000000 00:00 0 
7f9734e38000-7f9734e39000 ---p 00000000 00:00 0 
7f9734e39000-7f9734f39000 rw-p 00000000 00:00 0 
7f9734f39000-7f9734f3a000 ---p 00000000 00:00 0 
7f9734f3a000-7f973503a000 rw-p 00000000 00:00 0 
7f973503a000-7f973503b000 ---p 00000000 00:00 0 
7f973503b000-7f973513b000 rw-p 00000000 00:00 0 
7f973513b000-7f973513c000 ---p 00000000 00:00 0 
7f973513c000-7f973523c000 rw-p 00000000 00:00 0 
7f973523c000-7f973523d000 ---p 00000000 00:00 0 
7f973523d000-7f973533d000 rw-p 00000000 00:00 0 
7f973533d000-7f973533e000 ---p 00000000 00:00 0 
7f973533e000-7f973543e000 rw-p 00000000 00:00 0 
7f973543e000-7f973543f000 ---p 00000000 00:00 0 
7f973543f000-7f973553f000 rw-p 00000000 00:00 0 
7f973553f000-7f9735540000 ---p 00000000 00:00 0 
7f9735540000-7f9735640000 rw-p 00000000 00:00 0 
7f9735640000-7f9735641000 ---p 00000000 00:00 0 
7f9735641000-7f97358da000 rw-p 00000000 00:00 0 
7f97358da000-7f9737f41000 ---p 00000000 00:00 0 
7f9737f41000-7f97380da000 rw-p 00000000 00:00 0 
7f97380da000-7f973a740000 ---p 00000000 00:00 0 
7f973a740000-7f973bb40000 rw-p 00000000 00:00 0 
7f973bb40000-7f973bbbf000 rw-p 00000000 00:00 0 
7f973bbbf000-7f973bf01000 ---p 00000000 00:00 0 
7f973bf01000-7f973de61000 rwxp 00000000 00:00 0 
7f973de61000-7f974af01000 ---p 00000000 00:00 0 
7f974af01000-7f974af1c000 r-xp 00000000 00:33 8644475236                 /sfs/gpfs/tardis/applications/202512/software/standard/core/java/8/jre/lib/amd64/libzip.so
7f974af1c000-7f974b11c000 ---p 0001b000 00:33 8644475236                 /sfs/gpfs/tardis/applications/202512/software/standard/core/java/8/jre/lib/amd64/libzip.so
7f974b11c000-7f974b11d000 rw-p 0001b000 00:33 8644475236                 /sfs/gpfs/tardis/applications/202512/software/standard/core/java/8/jre/lib/amd64/libzip.so
7f974b11d000-7f974b128000 r-xp 00000000 00:29 41352995                   /usr/lib64/libnss_files-2.28.so
7f974b128000-7f974b328000 ---p 0000b000 00:29 41352995                   /usr/lib64/libnss_files-2.28.so
7f974b328000-7f974b329000 r--p 0000b000 00:29 41352995                   /usr/lib64/libnss_files-2.28.so
7f974b329000-7f974b32a000 rw-p 0000c000 00:29 41352995                   /usr/lib64/libnss_files-2.28.so
7f974b32a000-7f974b330000 rw-p 00000000 00:00 0 
7f974b330000-7f974b337000 r-xp 00000000 00:29 41352993                   /usr/lib64/libnss_db-2.28.so
7f974b337000-7f974b536000 ---p 00007000 00:29 41352993                   /usr/lib64/libnss_db-2.28.so
7f974b536000-7f974b537000 r--p 00006000 00:29 41352993                   /usr/lib64/libnss_db-2.28.so
7f974b537000-7f974b538000 rw-p 00007000 00:29 41352993                   /usr/lib64/libnss_db-2.28.so
7f974b538000-7f974b53b000 rw-p 00000000 00:00 0 
7f974b53b000-7f974b7b3000 r--p 00000000 00:29 42290259                   /usr/lib/locale/en_US.utf8/LC_COLLATE
7f974b7b3000-7f974b7bd000 r-xp 00000000 00:33 8644475194                 /sfs/gpfs/tardis/applications/202512/software/standard/core/java/8/jre/lib/amd64/libinstrument.so
7f974b7bd000-7f974b9bc000 ---p 0000a000 00:33 8644475194                 /sfs/gpfs/tardis/applications/202512/software/standard/core/java/8/jre/lib/amd64/libinstrument.so
7f974b9bc000-7f974b9bd000 rw-p 00009000 00:33 8644475194                 /sfs/gpfs/tardis/applications/202512/software/standard/core/java/8/jre/lib/amd64/libinstrument.so
7f974b9bd000-7f974b9e8000 r-xp 00000000 00:33 8644475199                 /sfs/gpfs/tardis/applications/202512/software/standard/core/java/8/jre/lib/amd64/libjava.so
7f974b9e8000-7f974bbe7000 ---p 0002b000 00:33 8644475199                 /sfs/gpfs/tardis/applications/202512/software/standard/core/java/8/jre/lib/amd64/libjava.so
7f974bbe7000-7f974bbe9000 rw-p 0002a000 00:33 8644475199                 /sfs/gpfs/tardis/applications/202512/software/standard/core/java/8/jre/lib/amd64/libjava.so
7f974bbe9000-7f974bbf6000 r-xp 00000000 00:33 8644475235                 /sfs/gpfs/tardis/applications/202512/software/standard/core/java/8/jre/lib/amd64/libverify.so
7f974bbf6000-7f974bdf6000 ---p 0000d000 00:33 8644475235                 /sfs/gpfs/tardis/applications/202512/software/standard/core/java/8/jre/lib/amd64/libverify.so
7f974bdf6000-7f974bdf8000 rw-p 0000d000 00:33 8644475235                 /sfs/gpfs/tardis/applications/202512/software/standard/core/java/8/jre/lib/amd64/libverify.so
7f974bdf8000-7f974bdff000 r-xp 00000000 00:29 41353205                   /usr/lib64/librt-2.28.so
7f974bdff000-7f974bffe000 ---p 00007000 00:29 41353205                   /usr/lib64/librt-2.28.so
7f974bffe000-7f974bfff000 r--p 00006000 00:29 41353205                   /usr/lib64/librt-2.28.so
7f974bfff000-7f974c000000 rw-p 00007000 00:29 41353205                   /usr/lib64/librt-2.28.so
7f974c000000-7f974c9c2000 rw-p 00000000 00:00 0 
7f974c9c2000-7f9750000000 ---p 00000000 00:00 0 
7f9750000000-7f9750001000 r--s 00002000 00:33 3216182192                 /sfs/gpfs/tardis/home/wxw9rr/.m2/repository/org/slf4j/slf4j-reload4j/1.7.36/slf4j-reload4j-1.7.36.jar
7f9750001000-7f9750007000 r--s 00044000 00:33 3264352641                 /sfs/gpfs/tardis/home/wxw9rr/.m2/repository/commons-jxpath/commons-jxpath/1.3/commons-jxpath-1.3.jar
7f9750007000-7f9750009000 r--s 0000f000 00:33 3264352639                 /sfs/gpfs/tardis/home/wxw9rr/.m2/repository/com/squareup/okio/okio/1.6.0/okio-1.6.0.jar
7f9750009000-7f9750014000 r--s 00077000 00:33 3264352636                 /sfs/gpfs/tardis/home/wxw9rr/.m2/repository/org/apache/commons/commons-vfs2/2.9.0/commons-vfs2-2.9.0.jar
7f9750014000-7f975001a000 r--s 0003c000 00:33 3180581918                 /sfs/gpfs/tardis/home/wxw9rr/.m2/repository/org/apache/commons/commons-jexl/2.1.1/commons-jexl-2.1.1.jar
7f975001a000-7f9750021000 r--s 00050000 00:33 3214345539                 /sfs/gpfs/tardis/home/wxw9rr/.m2/repository/commons-codec/commons-codec/1.15/commons-codec-1.15.jar
7f9750021000-7f9750097000 rw-p 00000000 00:00 0 
7f9750097000-7f9750218000 r-xp 00000000 00:29 41352876                   /usr/lib64/libm-2.28.so
7f9750218000-7f9750417000 ---p 00181000 00:29 41352876                   /usr/lib64/libm-2.28.so
7f9750417000-7f9750418000 r--p 00180000 00:29 41352876                   /usr/lib64/libm-2.28.so
7f9750418000-7f9750419000 rw-p 00181000 00:29 41352876                   /usr/lib64/libm-2.28.so
7f9750419000-7f97510f2000 r-xp 00000000 00:33 8644475240                 /sfs/gpfs/tardis/applications/202512/software/standard/core/java/8/jre/lib/amd64/server/libjvm.so
7f97510f2000-7f97512f1000 ---p 00cd9000 00:33 8644475240                 /sfs/gpfs/tardis/applications/202512/software/standard/core/java/8/jre/lib/amd64/server/libjvm.so
7f97512f1000-7f97513cb000 rw-p 00cd8000 00:33 8644475240                 /sfs/gpfs/tardis/applications/202512/software/standard/core/java/8/jre/lib/amd64/server/libjvm.so
7f97513cb000-7f9751416000 rw-p 00000000 00:00 0 
7f9751416000-7f97515e3000 r-xp 00000000 00:29 41352421                   /usr/lib64/libc-2.28.so
7f97515e3000-7f97517e2000 ---p 001cd000 00:29 41352421                   /usr/lib64/libc-2.28.so
7f97517e2000-7f97517e6000 r--p 001cc000 00:29 41352421                   /usr/lib64/libc-2.28.so
7f97517e6000-7f97517e8000 rw-p 001d0000 00:29 41352421                   /usr/lib64/libc-2.28.so
7f97517e8000-7f97517ec000 rw-p 00000000 00:00 0 
7f97517ec000-7f97517ef000 r-xp 00000000 00:29 41352530                   /usr/lib64/libdl-2.28.so
7f97517ef000-7f97519ee000 ---p 00003000 00:29 41352530                   /usr/lib64/libdl-2.28.so
7f97519ee000-7f97519ef000 r--p 00002000 00:29 41352530                   /usr/lib64/libdl-2.28.so
7f97519ef000-7f97519f0000 rw-p 00003000 00:29 41352530                   /usr/lib64/libdl-2.28.so
7f97519f0000-7f9751a06000 r-xp 00000000 00:33 8644475237                 /sfs/gpfs/tardis/applications/202512/software/standard/core/java/8/jre/lib/amd64/jli/libjli.so
7f9751a06000-7f9751c05000 ---p 00016000 00:33 8644475237                 /sfs/gpfs/tardis/applications/202512/software/standard/core/java/8/jre/lib/amd64/jli/libjli.so
7f9751c05000-7f9751c06000 rw-p 00015000 00:33 8644475237                 /sfs/gpfs/tardis/applications/202512/software/standard/core/java/8/jre/lib/amd64/jli/libjli.so
7f9751c06000-7f9751c21000 r-xp 00000000 00:29 41353149                   /usr/lib64/libpthread-2.28.so
7f9751c21000-7f9751e20000 ---p 0001b000 00:29 41353149                   /usr/lib64/libpthread-2.28.so
7f9751e20000-7f9751e21000 r--p 0001a000 00:29 41353149                   /usr/lib64/libpthread-2.28.so
7f9751e21000-7f9751e22000 rw-p 0001b000 00:29 41353149                   /usr/lib64/libpthread-2.28.so
7f9751e22000-7f9751e26000 rw-p 00000000 00:00 0 
7f9751e26000-7f9751e55000 r-xp 00000000 00:29 41352045                   /usr/lib64/ld-2.28.so
7f9751e55000-7f9751e5a000 r--s 0004c000 00:33 3264352638                 /sfs/gpfs/tardis/home/wxw9rr/.m2/repository/com/squareup/okhttp/okhttp/2.7.5/okhttp-2.7.5.jar
7f9751e5a000-7f9751e67000 r--s 00083000 00:33 2845296817                 /sfs/gpfs/tardis/home/wxw9rr/.m2/repository/commons-collections/commons-collections/3.2.2/commons-collections-3.2.2.jar
7f9751e67000-7f9751e6c000 r--s 00038000 00:33 2845296758                 /sfs/gpfs/tardis/home/wxw9rr/.m2/repository/commons-beanutils/commons-beanutils/1.9.4/commons-beanutils-1.9.4.jar
7f9751e6c000-7f9751e6e000 r--s 0000e000 00:33 2845296766                 /sfs/gpfs/tardis/home/wxw9rr/.m2/repository/commons-logging/commons-logging/1.2/commons-logging-1.2.jar
7f9751e6e000-7f9751e72000 r--s 00031000 00:33 3232774391                 /sfs/gpfs/tardis/home/wxw9rr/.m2/repository/org/apache/commons/commons-text/1.9/commons-text-1.9.jar
7f9751e72000-7f9751e7c000 r--s 00086000 00:33 2847132852                 /sfs/gpfs/tardis/home/wxw9rr/.m2/repository/org/apache/commons/commons-lang3/3.12.0/commons-lang3-3.12.0.jar
7f9751e7c000-7f9751e85000 r--s 00055000 00:33 2845033901                 /sfs/gpfs/tardis/home/wxw9rr/.m2/repository/junit/junit/4.13.2/junit-4.13.2.jar
7f9751e85000-7f9751ee0000 rw-p 00000000 00:00 0 
7f9751ee0000-7f9751ee8000 rw-s 00000000 00:2d 67233225                   /tmp/hsperfdata_wxw9rr/673007
7f9751ee8000-7f9751f3b000 r--p 00000000 00:29 42289927                   /usr/lib/locale/C.utf8/LC_CTYPE
7f9751f3b000-7f9751f3c000 ---p 00000000 00:00 0 
7f9751f3c000-7f9751f3f000 ---p 00000000 00:00 0 
7f9751f3f000-7f975203e000 rw-p 00000000 00:00 0 
7f975203e000-7f975203f000 r--s 00005000 00:33 3264352646                 /sfs/gpfs/tardis/home/wxw9rr/.m2/repository/org/springframework/spring-jcl/5.3.21/spring-jcl-5.3.21.jar
7f975203f000-7f9752040000 r--s 00000000 00:2d 66965669                   /tmp/1767989153180059719779445825665216018218379524797.jar
7f9752040000-7f9752041000 r--p 00000000 00:29 42290264                   /usr/lib/locale/en_US.utf8/LC_NUMERIC
7f9752041000-7f9752042000 r--p 00000000 00:29 42290267                   /usr/lib/locale/en_US.utf8/LC_TIME
7f9752042000-7f9752043000 r--p 00000000 00:29 42290262                   /usr/lib/locale/en_US.utf8/LC_MONETARY
7f9752043000-7f9752044000 r--p 00000000 00:29 42290268                   /usr/lib/locale/en_US.utf8/LC_MESSAGES/SYS_LC_MESSAGES
7f9752044000-7f9752045000 r--p 00000000 00:29 42290265                   /usr/lib/locale/en_US.utf8/LC_PAPER
7f9752045000-7f9752046000 r--p 00000000 00:29 42290263                   /usr/lib/locale/en_US.utf8/LC_NAME
7f9752046000-7f9752047000 r--p 00000000 00:29 42290258                   /usr/lib/locale/en_US.utf8/LC_ADDRESS
7f9752047000-7f9752048000 r--p 00000000 00:29 42290266                   /usr/lib/locale/en_US.utf8/LC_TELEPHONE
7f9752048000-7f9752049000 r--p 00000000 00:29 42290261                   /usr/lib/locale/en_US.utf8/LC_MEASUREMENT
7f9752049000-7f9752050000 r--s 00000000 00:29 41660342                   /usr/lib64/gconv/gconv-modules.cache
7f9752050000-7f9752051000 r--p 00000000 00:29 42290260                   /usr/lib/locale/en_US.utf8/LC_IDENTIFICATION
7f9752051000-7f9752052000 rw-p 00000000 00:00 0 
7f9752052000-7f9752053000 ---p 00000000 00:00 0 
7f9752053000-7f9752055000 rw-p 00000000 00:00 0 
7f9752055000-7f9752056000 r--p 0002f000 00:29 41352045                   /usr/lib64/ld-2.28.so
7f9752056000-7f9752058000 rw-p 00030000 00:29 41352045                   /usr/lib64/ld-2.28.so
7ffd89ff6000-7ffd8a01c000 rw-p 00000000 00:00 0                          [stack]
7ffd8a037000-7ffd8a03b000 r--p 00000000 00:00 0                          [vvar]
7ffd8a03b000-7ffd8a03d000 r-xp 00000000 00:00 0                          [vdso]
ffffffffff600000-ffffffffff601000 r-xp 00000000 00:00 0                  [vsyscall]

VM Arguments:
jvm_args: -javaagent:/tmp/1767989153180059719779445825665216018218379524797.jar -Djava.awt.headless=true -Dclassworlds.conf=/apps/software/standard/core/maven/3.9.0/bin/m2.conf -Dmaven.home=/apps/software/standard/core/maven/3.9.0 -Dlibrary.jansi.path=/apps/software/standard/core/maven/3.9.0/lib/jansi-native -Dmaven.multiModuleProjectDirectory=/scratch/wxw9rr/artifact/RQ3/evosuite-artifacts/commons-configuration2-2.8.0-src 
java_command: org.pitest.mutationtest.execute.MutationTestMinion 32955
java_class_path (initial): /sfs/weka/scratch/wxw9rr/artifact/RQ3/evosuite-artifacts/commons-configuration2-2.8.0-src/target/test-classes:/sfs/weka/scratch/wxw9rr/artifact/RQ3/evosuite-artifacts/commons-configuration2-2.8.0-src/target/classes:/home/wxw9rr/.m2/repository/junit/junit/4.13.2/junit-4.13.2.jar:/home/wxw9rr/.m2/repository/org/apache/commons/commons-lang3/3.12.0/commons-lang3-3.12.0.jar:/home/wxw9rr/.m2/repository/org/apache/commons/commons-text/1.9/commons-text-1.9.jar:/home/wxw9rr/.m2/repository/commons-logging/commons-logging/1.2/commons-logging-1.2.jar:/home/wxw9rr/.m2/repository/commons-beanutils/commons-beanutils/1.9.4/commons-beanutils-1.9.4.jar:/home/wxw9rr/.m2/repository/commons-collections/commons-collections/3.2.2/commons-collections-3.2.2.jar:/home/wxw9rr/.m2/repository/commons-codec/commons-codec/1.15/commons-codec-1.15.jar:/home/wxw9rr/.m2/repository/org/apache/commons/commons-jexl/2.1.1/commons-jexl-2.1.1.jar:/home/wxw9rr/.m2/repository/org/apache/commons/commons-vfs2/2.9.0/commons-vfs2-2.9.0.jar:/home/wxw9rr/.m2/repository/org/apache/hadoop/hadoop-hdfs-client/3.3.1/hadoop-hdfs-client-3.3.1.jar:/home/wxw9rr/.m2/repository/com/squareup/okhttp/okhttp/2.7.5/okhttp-2.7.5.jar:/home/wxw9rr/.m2/repository/com/squareup/okio/okio/1.6.0/okio-1.6.0.jar:/home/wxw9rr/.m2/repository/commons-jxpath/commons-jxpath/1.3/commons-jxpath-1.3.jar:/home/wxw9rr/.m2/repository/xml-resolver/xml-resolver/1.2/xml-resolver-1.2.jar:/home/wxw9rr/.m2/repository/org/springframework/spring-core/5.3.21/spring-core-5.3.21.jar:/home/wxw9rr/.m2/repository/org/springframework/spring-jcl/5.3.21/spring-jcl-5.3.21.jar:/home/wxw9rr/.m2/repository/org/springframework/spring-beans/5.3.21/spring-beans-5.3.21.jar:/home/wxw9rr/.m2/repository/org/springframework/spring-context/5.3.21/spring-context-5.3.21.jar:/home/wxw9rr/.m2/repository/org/springframework/spring-aop/5.3.21/spring-aop-5.3.21.jar:/home/wxw9rr/.m2/repository/org/springframework/spring-expression/5.3.21/spring-expression-5.3
Launcher Type: SUN_STANDARD

Environment Variables:
JAVA_HOME=/apps/software/standard/core/java/8
PATH=/apps/software/standard/core/java/8:/apps/software/standard/core/java/8/bin:/apps/software/standard/core/maven/3.9.0:/apps/software/standard/core/maven/3.9.0/bin:/opt/mam/9.1.2/bin:/sfs/gpfs/tardis/applications/202512/software/standard/core/code-server/4.99.1/lib/vscode/bin/remote-cli:/apps/software/standard/core/code-server/4.99.1/bin:/apps/software/standard/core/miniforge/24.3.0-py3.11:/apps/software/standard/core/miniforge/24.3.0-py3.11/sbin:/apps/software/standard/core/miniforge/24.3.0-py3.11/bin:/sfs/gpfs/tardis/home/wxw9rr/miniforge3/bin:/sfs/gpfs/tardis/home/wxw9rr/miniforge3/condabin:/usr/local/bin:/usr/bin:/usr/local/sbin:/usr/sbin:/opt/slurm/current/bin:/opt/rci/bin:/share/resources/HPCtools:/opt/mam/current/bin:/opt/apptainer/current/bin:/sfs/gpfs/tardis/home/wxw9rr/.local/bin
LD_LIBRARY_PATH=/apps/software/standard/core/java/8/lib:/apps/software/standard/core/maven/3.9.0/lib:/opt/slurm/current/lib
SHELL=/bin/bash

Signal Handlers:
SIGSEGV: [libjvm.so+0xad0890], sa_mask[0]=11111111011111111101111111111110, sa_flags=SA_RESTART|SA_SIGINFO
SIGBUS: [libjvm.so+0xad0890], sa_mask[0]=11111111011111111101111111111110, sa_flags=SA_RESTART|SA_SIGINFO
SIGFPE: [libjvm.so+0x928640], sa_mask[0]=11111111011111111101111111111110, sa_flags=SA_RESTART|SA_SIGINFO
SIGPIPE: [libjvm.so+0x928640], sa_mask[0]=11111111011111111101111111111110, sa_flags=SA_RESTART|SA_SIGINFO
SIGXFSZ: [libjvm.so+0x928640], sa_mask[0]=11111111011111111101111111111110, sa_flags=SA_RESTART|SA_SIGINFO
SIGILL: [libjvm.so+0x928640], sa_mask[0]=11111111011111111101111111111110, sa_flags=SA_RESTART|SA_SIGINFO
SIGUSR1: SIG_DFL, sa_mask[0]=00000000000000000000000000000000, sa_flags=none
SIGUSR2: [libjvm.so+0x929ea0], sa_mask[0]=00100000000000000000000000000000, sa_flags=SA_RESTART|SA_SIGINFO
SIGHUP: [libjvm.so+0x92b2a0], sa_mask[0]=11111111011111111101111111111110, sa_flags=SA_RESTART|SA_SIGINFO
SIGINT: [libjvm.so+0x92b2a0], sa_mask[0]=11111111011111111101111111111110, sa_flags=SA_RESTART|SA_SIGINFO
SIGTERM: [libjvm.so+0x92b2a0], sa_mask[0]=11111111011111111101111111111110, sa_flags=SA_RESTART|SA_SIGINFO
SIGQUIT: [libjvm.so+0x92b2a0], sa_mask[0]=11111111011111111101111111111110, sa_flags=SA_RESTART|SA_SIGINFO


---------------  S Y S T E M  ---------------

OS:Rocky Linux release 8.10 (Green Obsidian)

uname:Linux 4.18.0-553.47.1.el8_10.x86_64 #1 SMP Thu Apr 3 14:27:08 UTC 2025 x86_64
libc:glibc 2.28 NPTL 2.28 
rlimit: STACK 8192k, CORE infinity, NPROC 3094208, NOFILE 65536, AS infinity
load average:38.17 36.64 41.45

/proc/meminfo:
MemTotal:       792160756 kB
MemFree:        204915448 kB
MemAvailable:   695879384 kB
Buffers:           66940 kB
Cached:         509172456 kB
SwapCached:            0 kB
Active:         239669304 kB
Inactive:       308948900 kB
Active(anon):    6787180 kB
Inactive(anon): 49411616 kB
Active(file):   232882124 kB
Inactive(file): 259537284 kB
Unevictable:    16636812 kB
Mlocked:        16636812 kB
SwapTotal:             0 kB
SwapFree:              0 kB
Dirty:            918548 kB
Writeback:             4 kB
AnonPages:      55971404 kB
Mapped:          3313316 kB
Shmem:          16358380 kB
KReclaimable:    3602600 kB
Slab:            5803744 kB
SReclaimable:    3602600 kB
SUnreclaim:      2201144 kB
KernelStack:       76320 kB
PageTables:       176808 kB
NFS_Unstable:          0 kB
Bounce:                0 kB
WritebackTmp:          0 kB
CommitLimit:    772820152 kB
Committed_AS:   112928296 kB
VmallocTotal:   13743895347199 kB
VmallocUsed:     2388036 kB
VmallocChunk:          0 kB
Percpu:           657408 kB
HardwareCorrupted:     0 kB
AnonHugePages:  31576064 kB
ShmemHugePages:        0 kB
ShmemPmdMapped:        0 kB
FileHugePages:         0 kB
FilePmdMapped:         0 kB
HugePages_Total:    5632
HugePages_Free:        0
HugePages_Rsvd:        0
HugePages_Surp:        0
Hugepagesize:       2048 kB
Hugetlb:        11534336 kB
DirectMap4k:     1065932 kB
DirectMap2M:    125579264 kB
DirectMap1G:    679477248 kB


CPU:total 96 (initial active 24) (48 cores per cpu, 1 threads per core) family 25 model 17 stepping 1, cmov, cx8, fxsr, mmx, sse, sse2, sse3, ssse3, sse4.1, sse4.2, popcnt, avx, avx2, aes, clmul, erms, mmxext, 3dnowpref, lzcnt, sse4a, tsc, tscinvbit, tscinv, bmi1

/proc/cpuinfo:
processor	: 0
vendor_id	: AuthenticAMD
cpu family	: 25
model		: 17
model name	: AMD EPYC 9454 48-Core Processor
stepping	: 1
microcode	: 0xa10113b
cpu MHz		: 3799.240
cache size	: 1024 KB
physical id	: 0
siblings	: 48
core id		: 0
cpu cores	: 48
apicid		: 0
initial apicid	: 0
fpu		: yes
fpu_exception	: yes
cpuid level	: 16
wp		: yes
flags		: fpu vme de pse tsc msr pae mce cx8 apic sep mtrr pge mca cmov pat pse36 clflush mmx fxsr sse sse2 ht syscall nx mmxext fxsr_opt pdpe1gb rdtscp lm constant_tsc rep_good amd_lbr_v2 nopl nonstop_tsc cpuid extd_apicid aperfmperf pni pclmulqdq monitor ssse3 fma cx16 pcid sse4_1 sse4_2 x2apic movbe popcnt aes xsave avx f16c rdrand lahf_lm cmp_legacy svm extapic cr8_legacy abm sse4a misalignsse 3dnowprefetch osvw ibs skinit wdt tce topoext perfctr_core perfctr_nb bpext perfctr_llc mwaitx cpb cat_l3 cdp_l3 invpcid_single hw_pstate ssbd mba perfmon_v2 ibrs ibpb stibp ibrs_enhanced vmmcall fsgsbase bmi1 avx2 smep bmi2 erms invpcid cqm rdt_a avx512f avx512dq rdseed adx smap avx512ifma clflushopt clwb avx512cd sha_ni avx512bw avx512vl xsaveopt xsavec xgetbv1 xsaves cqm_llc cqm_occup_llc cqm_mbm_total cqm_mbm_local avx512_bf16 clzero irperf xsaveerptr wbnoinvd amd_ppin cppc arat npt lbrv svm_lock nrip_save tsc_scale vmcb_clean flushbyasid decodeassists pausefilter pfthreshold avic v_vmsave_vmload vgif x2avic v_spec_ctrl avx512vbmi umip pku ospke avx512_vbmi2 gfni vaes vpclmulqdq avx512_vnni avx512_bitalg avx512_vpopcntdq la57 rdpid overflow_recov succor smca fsrm flush_l1d
bugs		: sysret_ss_attrs spectre_v1 spectre_v2 spec_store_bypass srso
bogomips	: 5499.66
TLB size	: 3584 4K pages
clflush size	: 64
cache_alignment	: 64
address sizes	: 52 bits physical, 57 bits virtual
power management: ts ttp tm hwpstate cpb eff_freq_ro [13] [14]

processor	: 1
vendor_id	: AuthenticAMD
cpu family	: 25
model		: 17
model name	: AMD EPYC 9454 48-Core Processor
stepping	: 1
microcode	: 0xa10113b
cpu MHz		: 2750.000
cache size	: 1024 KB
physical id	: 0
siblings	: 48
core id		: 1
cpu cores	: 48
apicid		: 1
initial apicid	: 1
fpu		: yes
fpu_exception	: yes
cpuid level	: 16
wp		: yes
flags		: fpu vme de pse tsc msr pae mce cx8 apic sep mtrr pge mca cmov pat pse36 clflush mmx fxsr sse sse2 ht syscall nx mmxext fxsr_opt pdpe1gb rdtscp lm constant_tsc rep_good amd_lbr_v2 nopl nonstop_tsc cpuid extd_apicid aperfmperf pni pclmulqdq monitor ssse3 fma cx16 pcid sse4_1 sse4_2 x2apic movbe popcnt aes xsave avx f16c rdrand lahf_lm cmp_legacy svm extapic cr8_legacy abm sse4a misalignsse 3dnowprefetch osvw ibs skinit wdt tce topoext perfctr_core perfctr_nb bpext perfctr_llc mwaitx cpb cat_l3 cdp_l3 invpcid_single hw_pstate ssbd mba perfmon_v2 ibrs ibpb stibp ibrs_enhanced vmmcall fsgsbase bmi1 avx2 smep bmi2 erms invpcid cqm rdt_a avx512f avx512dq rdseed adx smap avx512ifma clflushopt clwb avx512cd sha_ni avx512bw avx512vl xsaveopt xsavec xgetbv1 xsaves cqm_llc cqm_occup_llc cqm_mbm_total cqm_mbm_local avx512_bf16 clzero irperf xsaveerptr wbnoinvd amd_ppin cppc arat npt lbrv svm_lock nrip_save tsc_scale vmcb_clean flushbyasid decodeassists pausefilter pfthreshold avic v_vmsave_vmload vgif x2avic v_spec_ctrl avx512vbmi umip pku ospke avx512_vbmi2 gfni vaes vpclmulqdq avx512_vnni avx512_bitalg avx512_vpopcntdq la57 rdpid overflow_recov succor smca fsrm flush_l1d
bugs		: sysret_ss_attrs spectre_v1 spectre_v2 spec_store_bypass srso
bogomips	: 5499.66
TLB size	: 3584 4K pages
clflush size	: 64
cache_alignment	: 64
address sizes	: 52 bits physical, 57 bits virtual
power management: ts ttp tm hwpstate cpb eff_freq_ro [13] [14]

processor	: 2
vendor_id	: AuthenticAMD
cpu family	: 25
model		: 17
model name	: AMD EPYC 9454 48-Core Processor
stepping	: 1
microcode	: 0xa10113b
cpu MHz		: 2750.000
cache size	: 1024 KB
physical id	: 0
siblings	: 48
core id		: 2
cpu cores	: 48
apicid		: 2
initial apicid	: 2
fpu		: yes
fpu_exception	: yes
cpuid level	: 16
wp		: yes
flags		: fpu vme de pse tsc msr pae mce cx8 apic sep mtrr pge mca cmov pat pse36 clflush mmx fxsr sse sse2 ht syscall nx mmxext fxsr_opt pdpe1gb rdtscp lm constant_tsc rep_good amd_lbr_v2 nopl nonstop_tsc cpuid extd_apicid aperfmperf pni pclmulqdq monitor ssse3 fma cx16 pcid sse4_1 sse4_2 x2apic movbe popcnt aes xsave avx f16c rdrand lahf_lm cmp_legacy svm extapic cr8_legacy abm sse4a misalignsse 3dnowprefetch osvw ibs skinit wdt tce topoext perfctr_core perfctr_nb bpext perfctr_llc mwaitx cpb cat_l3 cdp_l3 invpcid_single hw_pstate ssbd mba perfmon_v2 ibrs ibpb stibp ibrs_enhanced vmmcall fsgsbase bmi1 avx2 smep bmi2 erms invpcid cqm rdt_a avx512f avx512dq rdseed adx smap avx512ifma clflushopt clwb avx512cd sha_ni avx512bw avx512vl xsaveopt xsavec xgetbv1 xsaves cqm_llc cqm_occup_llc cqm_mbm_total cqm_mbm_local avx512_bf16 clzero irperf xsaveerptr wbnoinvd amd_ppin cppc arat npt lbrv svm_lock nrip_save tsc_scale vmcb_clean flushbyasid decodeassists pausefilter pfthreshold avic v_vmsave_vmload vgif x2avic v_spec_ctrl avx512vbmi umip pku ospke avx512_vbmi2 gfni vaes vpclmulqdq avx512_vnni avx512_bitalg avx512_vpopcntdq la57 rdpid overflow_recov succor smca fsrm flush_l1d
bugs		: sysret_ss_attrs spectre_v1 spectre_v2 spec_store_bypass srso
bogomips	: 5499.66
TLB size	: 3584 4K pages
clflush size	: 64
cache_alignment	: 64
address sizes	: 52 bits physical, 57 bits virtual
power management: ts ttp tm hwpstate cpb eff_freq_ro [13] [14]

processor	: 3
vendor_id	: AuthenticAMD
cpu family	: 25
model		: 17
model name	: AMD EPYC 9454 48-Core Processor
stepping	: 1
microcode	: 0xa10113b
cpu MHz		: 2750.000
cache size	: 1024 KB
physical id	: 0
siblings	: 48
core id		: 3
cpu cores	: 48
apicid		: 3
initial apicid	: 3
fpu		: yes
fpu_exception	: yes
cpuid level	: 16
wp		: yes
flags		: fpu vme de pse tsc msr pae mce cx8 apic sep mtrr pge mca cmov pat pse36 clflush mmx fxsr sse sse2 ht syscall nx mmxext fxsr_opt pdpe1gb rdtscp lm constant_tsc rep_good amd_lbr_v2 nopl nonstop_tsc cpuid extd_apicid aperfmperf pni pclmulqdq monitor ssse3 fma cx16 pcid sse4_1 sse4_2 x2apic movbe popcnt aes xsave avx f16c rdrand lahf_lm cmp_legacy svm extapic cr8_legacy abm sse4a misalignsse 3dnowprefetch osvw ibs skinit wdt tce topoext perfctr_core perfctr_nb bpext perfctr_llc mwaitx cpb cat_l3 cdp_l3 invpcid_single hw_pstate ssbd mba perfmon_v2 ibrs ibpb stibp ibrs_enhanced vmmcall fsgsbase bmi1 avx2 smep bmi2 erms invpcid cqm rdt_a avx512f avx512dq rdseed adx smap avx512ifma clflushopt clwb avx512cd sha_ni avx512bw avx512vl xsaveopt xsavec xgetbv1 xsaves cqm_llc cqm_occup_llc cqm_mbm_total cqm_mbm_local avx512_bf16 clzero irperf xsaveerptr wbnoinvd amd_ppin cppc arat npt lbrv svm_lock nrip_save tsc_scale vmcb_clean flushbyasid decodeassists pausefilter pfthreshold avic v_vmsave_vmload vgif x2avic v_spec_ctrl avx512vbmi umip pku ospke avx512_vbmi2 gfni vaes vpclmulqdq avx512_vnni avx512_bitalg avx512_vpopcntdq la57 rdpid overflow_recov succor smca fsrm flush_l1d
bugs		: sysret_ss_attrs spectre_v1 spectre_v2 spec_store_bypass srso
bogomips	: 5499.66
TLB size	: 3584 4K pages
clflush size	: 64
cache_alignment	: 64
address sizes	: 52 bits physical, 57 bits virtual
power management: ts ttp tm hwpstate cpb eff_freq_ro [13] [14]

processor	: 4
vendor_id	: AuthenticAMD
cpu family	: 25
model		: 17
model name	: AMD EPYC 9454 48-Core Processor
stepping	: 1
microcode	: 0xa10113b
cpu MHz		: 2750.000
cache size	: 1024 KB
physical id	: 0
siblings	: 48
core id		: 4
cpu cores	: 48
apicid		: 4
initial apicid	: 4
fpu		: yes
fpu_exception	: yes
cpuid level	: 16
wp		: yes
flags		: fpu vme de pse tsc msr pae mce cx8 apic sep mtrr pge mca cmov pat pse36 clflush mmx fxsr sse sse2 ht syscall nx mmxext fxsr_opt pdpe1gb rdtscp lm constant_tsc rep_good amd_lbr_v2 nopl nonstop_tsc cpuid extd_apicid aperfmperf pni pclmulqdq monitor ssse3 fma cx16 pcid sse4_1 sse4_2 x2apic movbe popcnt aes xsave avx f16c rdrand lahf_lm cmp_legacy svm extapic cr8_legacy abm sse4a misalignsse 3dnowprefetch osvw ibs skinit wdt tce topoext perfctr_core perfctr_nb bpext perfctr_llc mwaitx cpb cat_l3 cdp_l3 invpcid_single hw_pstate ssbd mba perfmon_v2 ibrs ibpb stibp ibrs_enhanced vmmcall fsgsbase bmi1 avx2 smep bmi2 erms invpcid cqm rdt_a avx512f avx512dq rdseed adx smap avx512ifma clflushopt clwb avx512cd sha_ni avx512bw avx512vl xsaveopt xsavec xgetbv1 xsaves cqm_llc cqm_occup_llc cqm_mbm_total cqm_mbm_local avx512_bf16 clzero irperf xsaveerptr wbnoinvd amd_ppin cppc arat npt lbrv svm_lock nrip_save tsc_scale vmcb_clean flushbyasid decodeassists pausefilter pfthreshold avic v_vmsave_vmload vgif x2avic v_spec_ctrl avx512vbmi umip pku ospke avx512_vbmi2 gfni vaes vpclmulqdq avx512_vnni avx512_bitalg avx512_vpopcntdq la57 rdpid overflow_recov succor smca fsrm flush_l1d
bugs		: sysret_ss_attrs spectre_v1 spectre_v2 spec_store_bypass srso
bogomips	: 5499.66
TLB size	: 3584 4K pages
clflush size	: 64
cache_alignment	: 64
address sizes	: 52 bits physical, 57 bits virtual
power management: ts ttp tm hwpstate cpb eff_freq_ro [13] [14]

processor	: 5
vendor_id	: AuthenticAMD
cpu family	: 25
model		: 17
model name	: AMD EPYC 9454 48-Core Processor
stepping	: 1
microcode	: 0xa10113b
cpu MHz		: 3799.765
cache size	: 1024 KB
physical id	: 0
siblings	: 48
core id		: 5
cpu cores	: 48
apicid		: 5
initial apicid	: 5
fpu		: yes
fpu_exception	: yes
cpuid level	: 16
wp		: yes
flags		: fpu vme de pse tsc msr pae mce cx8 apic sep mtrr pge mca cmov pat pse36 clflush mmx fxsr sse sse2 ht syscall nx mmxext fxsr_opt pdpe1gb rdtscp lm constant_tsc rep_good amd_lbr_v2 nopl nonstop_tsc cpuid extd_apicid aperfmperf pni pclmulqdq monitor ssse3 fma cx16 pcid sse4_1 sse4_2 x2apic movbe popcnt aes xsave avx f16c rdrand lahf_lm cmp_legacy svm extapic cr8_legacy abm sse4a misalignsse 3dnowprefetch osvw ibs skinit wdt tce topoext perfctr_core perfctr_nb bpext perfctr_llc mwaitx cpb cat_l3 cdp_l3 invpcid_single hw_pstate ssbd mba perfmon_v2 ibrs ibpb stibp ibrs_enhanced vmmcall fsgsbase bmi1 avx2 smep bmi2 erms invpcid cqm rdt_a avx512f avx512dq rdseed adx smap avx512ifma clflushopt clwb avx512cd sha_ni avx512bw avx512vl xsaveopt xsavec xgetbv1 xsaves cqm_llc cqm_occup_llc cqm_mbm_total cqm_mbm_local avx512_bf16 clzero irperf xsaveerptr wbnoinvd amd_ppin cppc arat npt lbrv svm_lock nrip_save tsc_scale vmcb_clean flushbyasid decodeassists pausefilter pfthreshold avic v_vmsave_vmload vgif x2avic v_spec_ctrl avx512vbmi umip pku ospke avx512_vbmi2 gfni vaes vpclmulqdq avx512_vnni avx512_bitalg avx512_vpopcntdq la57 rdpid overflow_recov succor smca fsrm flush_l1d
bugs		: sysret_ss_attrs spectre_v1 spectre_v2 spec_store_bypass srso
bogomips	: 5499.66
TLB size	: 3584 4K pages
clflush size	: 64
cache_alignment	: 64
address sizes	: 52 bits physical, 57 bits virtual
power management: ts ttp tm hwpstate cpb eff_freq_ro [13] [14]

processor	: 6
vendor_id	: AuthenticAMD
cpu family	: 25
model		: 17
model name	: AMD EPYC 9454 48-Core Processor
stepping	: 1
microcode	: 0xa10113b
cpu MHz		: 2750.000
cache size	: 1024 KB
physical id	: 0
siblings	: 48
core id		: 64
cpu cores	: 48
apicid		: 64
initial apicid	: 64
fpu		: yes
fpu_exception	: yes
cpuid level	: 16
wp		: yes
flags		: fpu vme de pse tsc msr pae mce cx8 apic sep mtrr pge mca cmov pat pse36 clflush mmx fxsr sse sse2 ht syscall nx mmxext fxsr_opt pdpe1gb rdtscp lm constant_tsc rep_good amd_lbr_v2 nopl nonstop_tsc cpuid extd_apicid aperfmperf pni pclmulqdq monitor ssse3 fma cx16 pcid sse4_1 sse4_2 x2apic movbe popcnt aes xsave avx f16c rdrand lahf_lm cmp_legacy svm extapic cr8_legacy abm sse4a misalignsse 3dnowprefetch osvw ibs skinit wdt tce topoext perfctr_core perfctr_nb bpext perfctr_llc mwaitx cpb cat_l3 cdp_l3 invpcid_single hw_pstate ssbd mba perfmon_v2 ibrs ibpb stibp ibrs_enhanced vmmcall fsgsbase bmi1 avx2 smep bmi2 erms invpcid cqm rdt_a avx512f avx512dq rdseed adx smap avx512ifma clflushopt clwb avx512cd sha_ni avx512bw avx512vl xsaveopt xsavec xgetbv1 xsaves cqm_llc cqm_occup_llc cqm_mbm_total cqm_mbm_local avx512_bf16 clzero irperf xsaveerptr wbnoinvd amd_ppin cppc arat npt lbrv svm_lock nrip_save tsc_scale vmcb_clean flushbyasid decodeassists pausefilter pfthreshold avic v_vmsave_vmload vgif x2avic v_spec_ctrl avx512vbmi umip pku ospke avx512_vbmi2 gfni vaes vpclmulqdq avx512_vnni avx512_bitalg avx512_vpopcntdq la57 rdpid overflow_recov succor smca fsrm flush_l1d
bugs		: sysret_ss_attrs spectre_v1 spectre_v2 spec_store_bypass srso
bogomips	: 5499.66
TLB size	: 3584 4K pages
clflush size	: 64
cache_alignment	: 64
address sizes	: 52 bits physical, 57 bits virtual
power management: ts ttp tm hwpstate cpb eff_freq_ro [13] [14]

processor	: 7
vendor_id	: AuthenticAMD
cpu family	: 25
model		: 17
model name	: AMD EPYC 9454 48-Core Processor
stepping	: 1
microcode	: 0xa10113b
cpu MHz		: 2750.000
cache size	: 1024 KB
physical id	: 0
siblings	: 48
core id		: 65
cpu cores	: 48
apicid		: 65
initial apicid	: 65
fpu		: yes
fpu_exception	: yes
cpuid level	: 16
wp		: yes
flags		: fpu vme de pse tsc msr pae mce cx8 apic sep mtrr pge mca cmov pat pse36 clflush mmx fxsr sse sse2 ht syscall nx mmxext fxsr_opt pdpe1gb rdtscp lm constant_tsc rep_good amd_lbr_v2 nopl nonstop_tsc cpuid extd_apicid aperfmperf pni pclmulqdq monitor ssse3 fma cx16 pcid sse4_1 sse4_2 x2apic movbe popcnt aes xsave avx f16c rdrand lahf_lm cmp_legacy svm extapic cr8_legacy abm sse4a misalignsse 3dnowprefetch osvw ibs skinit wdt tce topoext perfctr_core perfctr_nb bpext perfctr_llc mwaitx cpb cat_l3 cdp_l3 invpcid_single hw_pstate ssbd mba perfmon_v2 ibrs ibpb stibp ibrs_enhanced vmmcall fsgsbase bmi1 avx2 smep bmi2 erms invpcid cqm rdt_a avx512f avx512dq rdseed adx smap avx512ifma clflushopt clwb avx512cd sha_ni avx512bw avx512vl xsaveopt xsavec xgetbv1 xsaves cqm_llc cqm_occup_llc cqm_mbm_total cqm_mbm_local avx512_bf16 clzero irperf xsaveerptr wbnoinvd amd_ppin cppc arat npt lbrv svm_lock nrip_save tsc_scale vmcb_clean flushbyasid decodeassists pausefilter pfthreshold avic v_vmsave_vmload vgif x2avic v_spec_ctrl avx512vbmi umip pku ospke avx512_vbmi2 gfni vaes vpclmulqdq avx512_vnni avx512_bitalg avx512_vpopcntdq la57 rdpid overflow_recov succor smca fsrm flush_l1d
bugs		: sysret_ss_attrs spectre_v1 spectre_v2 spec_store_bypass srso
bogomips	: 5499.66
TLB size	: 3584 4K pages
clflush size	: 64
cache_alignment	: 64
address sizes	: 52 bits physical, 57 bits virtual
power management: ts ttp tm hwpstate cpb eff_freq_ro [13] [14]

processor	: 8
vendor_id	: AuthenticAMD
cpu family	: 25
model		: 17
model name	: AMD EPYC 9454 48-Core Processor
stepping	: 1
microcode	: 0xa10113b
cpu MHz		: 2750.000
cache size	: 1024 KB
physical id	: 0
siblings	: 48
core id		: 66
cpu cores	: 48
apicid		: 66
initial apicid	: 66
fpu		: yes
fpu_exception	: yes
cpuid level	: 16
wp		: yes
flags		: fpu vme de pse tsc msr pae mce cx8 apic sep mtrr pge mca cmov pat pse36 clflush mmx fxsr sse sse2 ht syscall nx mmxext fxsr_opt pdpe1gb rdtscp lm constant_tsc rep_good amd_lbr_v2 nopl nonstop_tsc cpuid extd_apicid aperfmperf pni pclmulqdq monitor ssse3 fma cx16 pcid sse4_1 sse4_2 x2apic movbe popcnt aes xsave avx f16c rdrand lahf_lm cmp_legacy svm extapic cr8_legacy abm sse4a misalignsse 3dnowprefetch osvw ibs skinit wdt tce topoext perfctr_core perfctr_nb bpext perfctr_llc mwaitx cpb cat_l3 cdp_l3 invpcid_single hw_pstate ssbd mba perfmon_v2 ibrs ibpb stibp ibrs_enhanced vmmcall fsgsbase bmi1 avx2 smep bmi2 erms invpcid cqm rdt_a avx512f avx512dq rdseed adx smap avx512ifma clflushopt clwb avx512cd sha_ni avx512bw avx512vl xsaveopt xsavec xgetbv1 xsaves cqm_llc cqm_occup_llc cqm_mbm_total cqm_mbm_local avx512_bf16 clzero irperf xsaveerptr wbnoinvd amd_ppin cppc arat npt lbrv svm_lock nrip_save tsc_scale vmcb_clean flushbyasid decodeassists pausefilter pfthreshold avic v_vmsave_vmload vgif x2avic v_spec_ctrl avx512vbmi umip pku ospke avx512_vbmi2 gfni vaes vpclmulqdq avx512_vnni avx512_bitalg avx512_vpopcntdq la57 rdpid overflow_recov succor smca fsrm flush_l1d
bugs		: sysret_ss_attrs spectre_v1 spectre_v2 spec_store_bypass srso
bogomips	: 5499.66
TLB size	: 3584 4K pages
clflush size	: 64
cache_alignment	: 64
address sizes	: 52 bits physical, 57 bits virtual
power management: ts ttp tm hwpstate cpb eff_freq_ro [13] [14]

processor	: 9
vendor_id	: AuthenticAMD
cpu family	: 25
model		: 17
model name	: AMD EPYC 9454 48-Core Processor
stepping	: 1
microcode	: 0xa10113b
cpu MHz		: 2750.000
cache size	: 1024 KB
physical id	: 0
siblings	: 48
core id		: 67
cpu cores	: 48
apicid		: 67
initial apicid	: 67
fpu		: yes
fpu_exception	: yes
cpuid level	: 16
wp		: yes
flags		: fpu vme de pse tsc msr pae mce cx8 apic sep mtrr pge mca cmov pat pse36 clflush mmx fxsr sse sse2 ht syscall nx mmxext fxsr_opt pdpe1gb rdtscp lm constant_tsc rep_good amd_lbr_v2 nopl nonstop_tsc cpuid extd_apicid aperfmperf pni pclmulqdq monitor ssse3 fma cx16 pcid sse4_1 sse4_2 x2apic movbe popcnt aes xsave avx f16c rdrand lahf_lm cmp_legacy svm extapic cr8_legacy abm sse4a misalignsse 3dnowprefetch osvw ibs skinit wdt tce topoext perfctr_core perfctr_nb bpext perfctr_llc mwaitx cpb cat_l3 cdp_l3 invpcid_single hw_pstate ssbd mba perfmon_v2 ibrs ibpb stibp ibrs_enhanced vmmcall fsgsbase bmi1 avx2 smep bmi2 erms invpcid cqm rdt_a avx512f avx512dq rdseed adx smap avx512ifma clflushopt clwb avx512cd sha_ni avx512bw avx512vl xsaveopt xsavec xgetbv1 xsaves cqm_llc cqm_occup_llc cqm_mbm_total cqm_mbm_local avx512_bf16 clzero irperf xsaveerptr wbnoinvd amd_ppin cppc arat npt lbrv svm_lock nrip_save tsc_scale vmcb_clean flushbyasid decodeassists pausefilter pfthreshold avic v_vmsave_vmload vgif x2avic v_spec_ctrl avx512vbmi umip pku ospke avx512_vbmi2 gfni vaes vpclmulqdq avx512_vnni avx512_bitalg avx512_vpopcntdq la57 rdpid overflow_recov succor smca fsrm flush_l1d
bugs		: sysret_ss_attrs spectre_v1 spectre_v2 spec_store_bypass srso
bogomips	: 5499.66
TLB size	: 3584 4K pages
clflush size	: 64
cache_alignment	: 64
address sizes	: 52 bits physical, 57 bits virtual
power management: ts ttp tm hwpstate cpb eff_freq_ro [13] [14]

processor	: 10
vendor_id	: AuthenticAMD
cpu family	: 25
model		: 17
model name	: AMD EPYC 9454 48-Core Processor
stepping	: 1
microcode	: 0xa10113b
cpu MHz		: 2750.000
cache size	: 1024 KB
physical id	: 0
siblings	: 48
core id		: 68
cpu cores	: 48
apicid		: 68
initial apicid	: 68
fpu		: yes
fpu_exception	: yes
cpuid level	: 16
wp		: yes
flags		: fpu vme de pse tsc msr pae mce cx8 apic sep mtrr pge mca cmov pat pse36 clflush mmx fxsr sse sse2 ht syscall nx mmxext fxsr_opt pdpe1gb rdtscp lm constant_tsc rep_good amd_lbr_v2 nopl nonstop_tsc cpuid extd_apicid aperfmperf pni pclmulqdq monitor ssse3 fma cx16 pcid sse4_1 sse4_2 x2apic movbe popcnt aes xsave avx f16c rdrand lahf_lm cmp_legacy svm extapic cr8_legacy abm sse4a misalignsse 3dnowprefetch osvw ibs skinit wdt tce topoext perfctr_core perfctr_nb bpext perfctr_llc mwaitx cpb cat_l3 cdp_l3 invpcid_single hw_pstate ssbd mba perfmon_v2 ibrs ibpb stibp ibrs_enhanced vmmcall fsgsbase bmi1 avx2 smep bmi2 erms invpcid cqm rdt_a avx512f avx512dq rdseed adx smap avx512ifma clflushopt clwb avx512cd sha_ni avx512bw avx512vl xsaveopt xsavec xgetbv1 xsaves cqm_llc cqm_occup_llc cqm_mbm_total cqm_mbm_local avx512_bf16 clzero irperf xsaveerptr wbnoinvd amd_ppin cppc arat npt lbrv svm_lock nrip_save tsc_scale vmcb_clean flushbyasid decodeassists pausefilter pfthreshold avic v_vmsave_vmload vgif x2avic v_spec_ctrl avx512vbmi umip pku ospke avx512_vbmi2 gfni vaes vpclmulqdq avx512_vnni avx512_bitalg avx512_vpopcntdq la57 rdpid overflow_recov succor smca fsrm flush_l1d
bugs		: sysret_ss_attrs spectre_v1 spectre_v2 spec_store_bypass srso
bogomips	: 5499.66
TLB size	: 3584 4K pages
clflush size	: 64
cache_alignment	: 64
address sizes	: 52 bits physical, 57 bits virtual
power management: ts ttp tm hwpstate cpb eff_freq_ro [13] [14]

processor	: 11
vendor_id	: AuthenticAMD
cpu family	: 25
model		: 17
model name	: AMD EPYC 9454 48-Core Processor
stepping	: 1
microcode	: 0xa10113b
cpu MHz		: 3799.734
cache size	: 1024 KB
physical id	: 0
siblings	: 48
core id		: 69
cpu cores	: 48
apicid		: 69
initial apicid	: 69
fpu		: yes
fpu_exception	: yes
cpuid level	: 16
wp		: yes
flags		: fpu vme de pse tsc msr pae mce cx8 apic sep mtrr pge mca cmov pat pse36 clflush mmx fxsr sse sse2 ht syscall nx mmxext fxsr_opt pdpe1gb rdtscp lm constant_tsc rep_good amd_lbr_v2 nopl nonstop_tsc cpuid extd_apicid aperfmperf pni pclmulqdq monitor ssse3 fma cx16 pcid sse4_1 sse4_2 x2apic movbe popcnt aes xsave avx f16c rdrand lahf_lm cmp_legacy svm extapic cr8_legacy abm sse4a misalignsse 3dnowprefetch osvw ibs skinit wdt tce topoext perfctr_core perfctr_nb bpext perfctr_llc mwaitx cpb cat_l3 cdp_l3 invpcid_single hw_pstate ssbd mba perfmon_v2 ibrs ibpb stibp ibrs_enhanced vmmcall fsgsbase bmi1 avx2 smep bmi2 erms invpcid cqm rdt_a avx512f avx512dq rdseed adx smap avx512ifma clflushopt clwb avx512cd sha_ni avx512bw avx512vl xsaveopt xsavec xgetbv1 xsaves cqm_llc cqm_occup_llc cqm_mbm_total cqm_mbm_local avx512_bf16 clzero irperf xsaveerptr wbnoinvd amd_ppin cppc arat npt lbrv svm_lock nrip_save tsc_scale vmcb_clean flushbyasid decodeassists pausefilter pfthreshold avic v_vmsave_vmload vgif x2avic v_spec_ctrl avx512vbmi umip pku ospke avx512_vbmi2 gfni vaes vpclmulqdq avx512_vnni avx512_bitalg avx512_vpopcntdq la57 rdpid overflow_recov succor smca fsrm flush_l1d
bugs		: sysret_ss_attrs spectre_v1 spectre_v2 spec_store_bypass srso
bogomips	: 5499.66
TLB size	: 3584 4K pages
clflush size	: 64
cache_alignment	: 64
address sizes	: 52 bits physical, 57 bits virtual
power management: ts ttp tm hwpstate cpb eff_freq_ro [13] [14]

processor	: 12
vendor_id	: AuthenticAMD
cpu family	: 25
model		: 17
model name	: AMD EPYC 9454 48-Core Processor
stepping	: 1
microcode	: 0xa10113b
cpu MHz		: 2750.000
cache size	: 1024 KB
physical id	: 0
siblings	: 48
core id		: 32
cpu cores	: 48
apicid		: 32
initial apicid	: 32
fpu		: yes
fpu_exception	: yes
cpuid level	: 16
wp		: yes
flags		: fpu vme de pse tsc msr pae mce cx8 apic sep mtrr pge mca cmov pat pse36 clflush mmx fxsr sse sse2 ht syscall nx mmxext fxsr_opt pdpe1gb rdtscp lm constant_tsc rep_good amd_lbr_v2 nopl nonstop_tsc cpuid extd_apicid aperfmperf pni pclmulqdq monitor ssse3 fma cx16 pcid sse4_1 sse4_2 x2apic movbe popcnt aes xsave avx f16c rdrand lahf_lm cmp_legacy svm extapic cr8_legacy abm sse4a misalignsse 3dnowprefetch osvw ibs skinit wdt tce topoext perfctr_core perfctr_nb bpext perfctr_llc mwaitx cpb cat_l3 cdp_l3 invpcid_single hw_pstate ssbd mba perfmon_v2 ibrs ibpb stibp ibrs_enhanced vmmcall fsgsbase bmi1 avx2 smep bmi2 erms invpcid cqm rdt_a avx512f avx512dq rdseed adx smap avx512ifma clflushopt clwb avx512cd sha_ni avx512bw avx512vl xsaveopt xsavec xgetbv1 xsaves cqm_llc cqm_occup_llc cqm_mbm_total cqm_mbm_local avx512_bf16 clzero irperf xsaveerptr wbnoinvd amd_ppin cppc arat npt lbrv svm_lock nrip_save tsc_scale vmcb_clean flushbyasid decodeassists pausefilter pfthreshold avic v_vmsave_vmload vgif x2avic v_spec_ctrl avx512vbmi umip pku ospke avx512_vbmi2 gfni vaes vpclmulqdq avx512_vnni avx512_bitalg avx512_vpopcntdq la57 rdpid overflow_recov succor smca fsrm flush_l1d
bugs		: sysret_ss_attrs spectre_v1 spectre_v2 spec_store_bypass srso
bogomips	: 5499.66
TLB size	: 3584 4K pages
clflush size	: 64
cache_alignment	: 64
address sizes	: 52 bits physical, 57 bits virtual
power management: ts ttp tm hwpstate cpb eff_freq_ro [13] [14]

processor	: 13
vendor_id	: AuthenticAMD
cpu family	: 25
model		: 17
model name	: AMD EPYC 9454 48-Core Processor
stepping	: 1
microcode	: 0xa10113b
cpu MHz		: 3796.664
cache size	: 1024 KB
physical id	: 0
siblings	: 48
core id		: 33
cpu cores	: 48
apicid		: 33
initial apicid	: 33
fpu		: yes
fpu_exception	: yes
cpuid level	: 16
wp		: yes
flags		: fpu vme de pse tsc msr pae mce cx8 apic sep mtrr pge mca cmov pat pse36 clflush mmx fxsr sse sse2 ht syscall nx mmxext fxsr_opt pdpe1gb rdtscp lm constant_tsc rep_good amd_lbr_v2 nopl nonstop_tsc cpuid extd_apicid aperfmperf pni pclmulqdq monitor ssse3 fma cx16 pcid sse4_1 sse4_2 x2apic movbe popcnt aes xsave avx f16c rdrand lahf_lm cmp_legacy svm extapic cr8_legacy abm sse4a misalignsse 3dnowprefetch osvw ibs skinit wdt tce topoext perfctr_core perfctr_nb bpext perfctr_llc mwaitx cpb cat_l3 cdp_l3 invpcid_single hw_pstate ssbd mba perfmon_v2 ibrs ibpb stibp ibrs_enhanced vmmcall fsgsbase bmi1 avx2 smep bmi2 erms invpcid cqm rdt_a avx512f avx512dq rdseed adx smap avx512ifma clflushopt clwb avx512cd sha_ni avx512bw avx512vl xsaveopt xsavec xgetbv1 xsaves cqm_llc cqm_occup_llc cqm_mbm_total cqm_mbm_local avx512_bf16 clzero irperf xsaveerptr wbnoinvd amd_ppin cppc arat npt lbrv svm_lock nrip_save tsc_scale vmcb_clean flushbyasid decodeassists pausefilter pfthreshold avic v_vmsave_vmload vgif x2avic v_spec_ctrl avx512vbmi umip pku ospke avx512_vbmi2 gfni vaes vpclmulqdq avx512_vnni avx512_bitalg avx512_vpopcntdq la57 rdpid overflow_recov succor smca fsrm flush_l1d
bugs		: sysret_ss_attrs spectre_v1 spectre_v2 spec_store_bypass srso
bogomips	: 5499.66
TLB size	: 3584 4K pages
clflush size	: 64
cache_alignment	: 64
address sizes	: 52 bits physical, 57 bits virtual
power management: ts ttp tm hwpstate cpb eff_freq_ro [13] [14]

processor	: 14
vendor_id	: AuthenticAMD
cpu family	: 25
model		: 17
model name	: AMD EPYC 9454 48-Core Processor
stepping	: 1
microcode	: 0xa10113b
cpu MHz		: 2750.000
cache size	: 1024 KB
physical id	: 0
siblings	: 48
core id		: 34
cpu cores	: 48
apicid		: 34
initial apicid	: 34
fpu		: yes
fpu_exception	: yes
cpuid level	: 16
wp		: yes
flags		: fpu vme de pse tsc msr pae mce cx8 apic sep mtrr pge mca cmov pat pse36 clflush mmx fxsr sse sse2 ht syscall nx mmxext fxsr_opt pdpe1gb rdtscp lm constant_tsc rep_good amd_lbr_v2 nopl nonstop_tsc cpuid extd_apicid aperfmperf pni pclmulqdq monitor ssse3 fma cx16 pcid sse4_1 sse4_2 x2apic movbe popcnt aes xsave avx f16c rdrand lahf_lm cmp_legacy svm extapic cr8_legacy abm sse4a misalignsse 3dnowprefetch osvw ibs skinit wdt tce topoext perfctr_core perfctr_nb bpext perfctr_llc mwaitx cpb cat_l3 cdp_l3 invpcid_single hw_pstate ssbd mba perfmon_v2 ibrs ibpb stibp ibrs_enhanced vmmcall fsgsbase bmi1 avx2 smep bmi2 erms invpcid cqm rdt_a avx512f avx512dq rdseed adx smap avx512ifma clflushopt clwb avx512cd sha_ni avx512bw avx512vl xsaveopt xsavec xgetbv1 xsaves cqm_llc cqm_occup_llc cqm_mbm_total cqm_mbm_local avx512_bf16 clzero irperf xsaveerptr wbnoinvd amd_ppin cppc arat npt lbrv svm_lock nrip_save tsc_scale vmcb_clean flushbyasid decodeassists pausefilter pfthreshold avic v_vmsave_vmload vgif x2avic v_spec_ctrl avx512vbmi umip pku ospke avx512_vbmi2 gfni vaes vpclmulqdq avx512_vnni avx512_bitalg avx512_vpopcntdq la57 rdpid overflow_recov succor smca fsrm flush_l1d
bugs		: sysret_ss_attrs spectre_v1 spectre_v2 spec_store_bypass srso
bogomips	: 5499.66
TLB size	: 3584 4K pages
clflush size	: 64
cache_alignment	: 64
address sizes	: 52 bits physical, 57 bits virtual
power management: ts ttp tm hwpstate cpb eff_freq_ro [13] [14]

processor	: 15
vendor_id	: AuthenticAMD
cpu family	: 25
model		: 17
model name	: AMD EPYC 9454 48-Core Processor
stepping	: 1
microcode	: 0xa10113b
cpu MHz		: 2750.000
cache size	: 1024 KB
physical id	: 0
siblings	: 48
core id		: 35
cpu cores	: 48
apicid		: 35
initial apicid	: 35
fpu		: yes
fpu_exception	: yes
cpuid level	: 16
wp		: yes
flags		: fpu vme de pse tsc msr pae mce cx8 apic sep mtrr pge mca cmov pat pse36 clflush mmx fxsr sse sse2 ht syscall nx mmxext fxsr_opt pdpe1gb rdtscp lm constant_tsc rep_good amd_lbr_v2 nopl nonstop_tsc cpuid extd_apicid aperfmperf pni pclmulqdq monitor ssse3 fma cx16 pcid sse4_1 sse4_2 x2apic movbe popcnt aes xsave avx f16c rdrand lahf_lm cmp_legacy svm extapic cr8_legacy abm sse4a misalignsse 3dnowprefetch osvw ibs skinit wdt tce topoext perfctr_core perfctr_nb bpext perfctr_llc mwaitx cpb cat_l3 cdp_l3 invpcid_single hw_pstate ssbd mba perfmon_v2 ibrs ibpb stibp ibrs_enhanced vmmcall fsgsbase bmi1 avx2 smep bmi2 erms invpcid cqm rdt_a avx512f avx512dq rdseed adx smap avx512ifma clflushopt clwb avx512cd sha_ni avx512bw avx512vl xsaveopt xsavec xgetbv1 xsaves cqm_llc cqm_occup_llc cqm_mbm_total cqm_mbm_local avx512_bf16 clzero irperf xsaveerptr wbnoinvd amd_ppin cppc arat npt lbrv svm_lock nrip_save tsc_scale vmcb_clean flushbyasid decodeassists pausefilter pfthreshold avic v_vmsave_vmload vgif x2avic v_spec_ctrl avx512vbmi umip pku ospke avx512_vbmi2 gfni vaes vpclmulqdq avx512_vnni avx512_bitalg avx512_vpopcntdq la57 rdpid overflow_recov succor smca fsrm flush_l1d
bugs		: sysret_ss_attrs spectre_v1 spectre_v2 spec_store_bypass srso
bogomips	: 5499.66
TLB size	: 3584 4K pages
clflush size	: 64
cache_alignment	: 64
address sizes	: 52 bits physical, 57 bits virtual
power management: ts ttp tm hwpstate cpb eff_freq_ro [13] [14]

processor	: 16
vendor_id	: AuthenticAMD
cpu family	: 25
model		: 17
model name	: AMD EPYC 9454 48-Core Processor
stepping	: 1
microcode	: 0xa10113b
cpu MHz		: 2750.000
cache size	: 1024 KB
physical id	: 0
siblings	: 48
core id		: 36
cpu cores	: 48
apicid		: 36
initial apicid	: 36
fpu		: yes
fpu_exception	: yes
cpuid level	: 16
wp		: yes
flags		: fpu vme de pse tsc msr pae mce cx8 apic sep mtrr pge mca cmov pat pse36 clflush mmx fxsr sse sse2 ht syscall nx mmxext fxsr_opt pdpe1gb rdtscp lm constant_tsc rep_good amd_lbr_v2 nopl nonstop_tsc cpuid extd_apicid aperfmperf pni pclmulqdq monitor ssse3 fma cx16 pcid sse4_1 sse4_2 x2apic movbe popcnt aes xsave avx f16c rdrand lahf_lm cmp_legacy svm extapic cr8_legacy abm sse4a misalignsse 3dnowprefetch osvw ibs skinit wdt tce topoext perfctr_core perfctr_nb bpext perfctr_llc mwaitx cpb cat_l3 cdp_l3 invpcid_single hw_pstate ssbd mba perfmon_v2 ibrs ibpb stibp ibrs_enhanced vmmcall fsgsbase bmi1 avx2 smep bmi2 erms invpcid cqm rdt_a avx512f avx512dq rdseed adx smap avx512ifma clflushopt clwb avx512cd sha_ni avx512bw avx512vl xsaveopt xsavec xgetbv1 xsaves cqm_llc cqm_occup_llc cqm_mbm_total cqm_mbm_local avx512_bf16 clzero irperf xsaveerptr wbnoinvd amd_ppin cppc arat npt lbrv svm_lock nrip_save tsc_scale vmcb_clean flushbyasid decodeassists pausefilter pfthreshold avic v_vmsave_vmload vgif x2avic v_spec_ctrl avx512vbmi umip pku ospke avx512_vbmi2 gfni vaes vpclmulqdq avx512_vnni avx512_bitalg avx512_vpopcntdq la57 rdpid overflow_recov succor smca fsrm flush_l1d
bugs		: sysret_ss_attrs spectre_v1 spectre_v2 spec_store_bypass srso
bogomips	: 5499.66
TLB size	: 3584 4K pages
clflush size	: 64
cache_alignment	: 64
address sizes	: 52 bits physical, 57 bits virtual
power management: ts ttp tm hwpstate cpb eff_freq_ro [13] [14]

processor	: 17
vendor_id	: AuthenticAMD
cpu family	: 25
model		: 17
model name	: AMD EPYC 9454 48-Core Processor
stepping	: 1
microcode	: 0xa10113b
cpu MHz		: 2750.000
cache size	: 1024 KB
physical id	: 0
siblings	: 48
core id		: 37
cpu cores	: 48
apicid		: 37
initial apicid	: 37
fpu		: yes
fpu_exception	: yes
cpuid level	: 16
wp		: yes
flags		: fpu vme de pse tsc msr pae mce cx8 apic sep mtrr pge mca cmov pat pse36 clflush mmx fxsr sse sse2 ht syscall nx mmxext fxsr_opt pdpe1gb rdtscp lm constant_tsc rep_good amd_lbr_v2 nopl nonstop_tsc cpuid extd_apicid aperfmperf pni pclmulqdq monitor ssse3 fma cx16 pcid sse4_1 sse4_2 x2apic movbe popcnt aes xsave avx f16c rdrand lahf_lm cmp_legacy svm extapic cr8_legacy abm sse4a misalignsse 3dnowprefetch osvw ibs skinit wdt tce topoext perfctr_core perfctr_nb bpext perfctr_llc mwaitx cpb cat_l3 cdp_l3 invpcid_single hw_pstate ssbd mba perfmon_v2 ibrs ibpb stibp ibrs_enhanced vmmcall fsgsbase bmi1 avx2 smep bmi2 erms invpcid cqm rdt_a avx512f avx512dq rdseed adx smap avx512ifma clflushopt clwb avx512cd sha_ni avx512bw avx512vl xsaveopt xsavec xgetbv1 xsaves cqm_llc cqm_occup_llc cqm_mbm_total cqm_mbm_local avx512_bf16 clzero irperf xsaveerptr wbnoinvd amd_ppin cppc arat npt lbrv svm_lock nrip_save tsc_scale vmcb_clean flushbyasid decodeassists pausefilter pfthreshold avic v_vmsave_vmload vgif x2avic v_spec_ctrl avx512vbmi umip pku ospke avx512_vbmi2 gfni vaes vpclmulqdq avx512_vnni avx512_bitalg avx512_vpopcntdq la57 rdpid overflow_recov succor smca fsrm flush_l1d
bugs		: sysret_ss_attrs spectre_v1 spectre_v2 spec_store_bypass srso
bogomips	: 5499.66
TLB size	: 3584 4K pages
clflush size	: 64
cache_alignment	: 64
address sizes	: 52 bits physical, 57 bits virtual
power management: ts ttp tm hwpstate cpb eff_freq_ro [13] [14]

processor	: 18
vendor_id	: AuthenticAMD
cpu family	: 25
model		: 17
model name	: AMD EPYC 9454 48-Core Processor
stepping	: 1
microcode	: 0xa10113b
cpu MHz		: 2750.000
cache size	: 1024 KB
physical id	: 0
siblings	: 48
core id		: 96
cpu cores	: 48
apicid		: 96
initial apicid	: 96
fpu		: yes
fpu_exception	: yes
cpuid level	: 16
wp		: yes
flags		: fpu vme de pse tsc msr pae mce cx8 apic sep mtrr pge mca cmov pat pse36 clflush mmx fxsr sse sse2 ht syscall nx mmxext fxsr_opt pdpe1gb rdtscp lm constant_tsc rep_good amd_lbr_v2 nopl nonstop_tsc cpuid extd_apicid aperfmperf pni pclmulqdq monitor ssse3 fma cx16 pcid sse4_1 sse4_2 x2apic movbe popcnt aes xsave avx f16c rdrand lahf_lm cmp_legacy svm extapic cr8_legacy abm sse4a misalignsse 3dnowprefetch osvw ibs skinit wdt tce topoext perfctr_core perfctr_nb bpext perfctr_llc mwaitx cpb cat_l3 cdp_l3 invpcid_single hw_pstate ssbd mba perfmon_v2 ibrs ibpb stibp ibrs_enhanced vmmcall fsgsbase bmi1 avx2 smep bmi2 erms invpcid cqm rdt_a avx512f avx512dq rdseed adx smap avx512ifma clflushopt clwb avx512cd sha_ni avx512bw avx512vl xsaveopt xsavec xgetbv1 xsaves cqm_llc cqm_occup_llc cqm_mbm_total cqm_mbm_local avx512_bf16 clzero irperf xsaveerptr wbnoinvd amd_ppin cppc arat npt lbrv svm_lock nrip_save tsc_scale vmcb_clean flushbyasid decodeassists pausefilter pfthreshold avic v_vmsave_vmload vgif x2avic v_spec_ctrl avx512vbmi umip pku ospke avx512_vbmi2 gfni vaes vpclmulqdq avx512_vnni avx512_bitalg avx512_vpopcntdq la57 rdpid overflow_recov succor smca fsrm flush_l1d
bugs		: sysret_ss_attrs spectre_v1 spectre_v2 spec_store_bypass srso
bogomips	: 5499.66
TLB size	: 3584 4K pages
clflush size	: 64
cache_alignment	: 64
address sizes	: 52 bits physical, 57 bits virtual
power management: ts ttp tm hwpstate cpb eff_freq_ro [13] [14]

processor	: 19
vendor_id	: AuthenticAMD
cpu family	: 25
model		: 17
model name	: AMD EPYC 9454 48-Core Processor
stepping	: 1
microcode	: 0xa10113b
cpu MHz		: 2750.000
cache size	: 1024 KB
physical id	: 0
siblings	: 48
core id		: 97
cpu cores	: 48
apicid		: 97
initial apicid	: 97
fpu		: yes
fpu_exception	: yes
cpuid level	: 16
wp		: yes
flags		: fpu vme de pse tsc msr pae mce cx8 apic sep mtrr pge mca cmov pat pse36 clflush mmx fxsr sse sse2 ht syscall nx mmxext fxsr_opt pdpe1gb rdtscp lm constant_tsc rep_good amd_lbr_v2 nopl nonstop_tsc cpuid extd_apicid aperfmperf pni pclmulqdq monitor ssse3 fma cx16 pcid sse4_1 sse4_2 x2apic movbe popcnt aes xsave avx f16c rdrand lahf_lm cmp_legacy svm extapic cr8_legacy abm sse4a misalignsse 3dnowprefetch osvw ibs skinit wdt tce topoext perfctr_core perfctr_nb bpext perfctr_llc mwaitx cpb cat_l3 cdp_l3 invpcid_single hw_pstate ssbd mba perfmon_v2 ibrs ibpb stibp ibrs_enhanced vmmcall fsgsbase bmi1 avx2 smep bmi2 erms invpcid cqm rdt_a avx512f avx512dq rdseed adx smap avx512ifma clflushopt clwb avx512cd sha_ni avx512bw avx512vl xsaveopt xsavec xgetbv1 xsaves cqm_llc cqm_occup_llc cqm_mbm_total cqm_mbm_local avx512_bf16 clzero irperf xsaveerptr wbnoinvd amd_ppin cppc arat npt lbrv svm_lock nrip_save tsc_scale vmcb_clean flushbyasid decodeassists pausefilter pfthreshold avic v_vmsave_vmload vgif x2avic v_spec_ctrl avx512vbmi umip pku ospke avx512_vbmi2 gfni vaes vpclmulqdq avx512_vnni avx512_bitalg avx512_vpopcntdq la57 rdpid overflow_recov succor smca fsrm flush_l1d
bugs		: sysret_ss_attrs spectre_v1 spectre_v2 spec_store_bypass srso
bogomips	: 5499.66
TLB size	: 3584 4K pages
clflush size	: 64
cache_alignment	: 64
address sizes	: 52 bits physical, 57 bits virtual
power management: ts ttp tm hwpstate cpb eff_freq_ro [13] [14]

processor	: 20
vendor_id	: AuthenticAMD
cpu family	: 25
model		: 17
model name	: AMD EPYC 9454 48-Core Processor
stepping	: 1
microcode	: 0xa10113b
cpu MHz		: 3799.667
cache size	: 1024 KB
physical id	: 0
siblings	: 48
core id		: 98
cpu cores	: 48
apicid		: 98
initial apicid	: 98
fpu		: yes
fpu_exception	: yes
cpuid level	: 16
wp		: yes
flags		: fpu vme de pse tsc msr pae mce cx8 apic sep mtrr pge mca cmov pat pse36 clflush mmx fxsr sse sse2 ht syscall nx mmxext fxsr_opt pdpe1gb rdtscp lm constant_tsc rep_good amd_lbr_v2 nopl nonstop_tsc cpuid extd_apicid aperfmperf pni pclmulqdq monitor ssse3 fma cx16 pcid sse4_1 sse4_2 x2apic movbe popcnt aes xsave avx f16c rdrand lahf_lm cmp_legacy svm extapic cr8_legacy abm sse4a misalignsse 3dnowprefetch osvw ibs skinit wdt tce topoext perfctr_core perfctr_nb bpext perfctr_llc mwaitx cpb cat_l3 cdp_l3 invpcid_single hw_pstate ssbd mba perfmon_v2 ibrs ibpb stibp ibrs_enhanced vmmcall fsgsbase bmi1 avx2 smep bmi2 erms invpcid cqm rdt_a avx512f avx512dq rdseed adx smap avx512ifma clflushopt clwb avx512cd sha_ni avx512bw avx512vl xsaveopt xsavec xgetbv1 xsaves cqm_llc cqm_occup_llc cqm_mbm_total cqm_mbm_local avx512_bf16 clzero irperf xsaveerptr wbnoinvd amd_ppin cppc arat npt lbrv svm_lock nrip_save tsc_scale vmcb_clean flushbyasid decodeassists pausefilter pfthreshold avic v_vmsave_vmload vgif x2avic v_spec_ctrl avx512vbmi umip pku ospke avx512_vbmi2 gfni vaes vpclmulqdq avx512_vnni avx512_bitalg avx512_vpopcntdq la57 rdpid overflow_recov succor smca fsrm flush_l1d
bugs		: sysret_ss_attrs spectre_v1 spectre_v2 spec_store_bypass srso
bogomips	: 5499.66
TLB size	: 3584 4K pages
clflush size	: 64
cache_alignment	: 64
address sizes	: 52 bits physical, 57 bits virtual
power management: ts ttp tm hwpstate cpb eff_freq_ro [13] [14]

processor	: 21
vendor_id	: AuthenticAMD
cpu family	: 25
model		: 17
model name	: AMD EPYC 9454 48-Core Processor
stepping	: 1
microcode	: 0xa10113b
cpu MHz		: 2750.000
cache size	: 1024 KB
physical id	: 0
siblings	: 48
core id		: 99
cpu cores	: 48
apicid		: 99
initial apicid	: 99
fpu		: yes
fpu_exception	: yes
cpuid level	: 16
wp		: yes
flags		: fpu vme de pse tsc msr pae mce cx8 apic sep mtrr pge mca cmov pat pse36 clflush mmx fxsr sse sse2 ht syscall nx mmxext fxsr_opt pdpe1gb rdtscp lm constant_tsc rep_good amd_lbr_v2 nopl nonstop_tsc cpuid extd_apicid aperfmperf pni pclmulqdq monitor ssse3 fma cx16 pcid sse4_1 sse4_2 x2apic movbe popcnt aes xsave avx f16c rdrand lahf_lm cmp_legacy svm extapic cr8_legacy abm sse4a misalignsse 3dnowprefetch osvw ibs skinit wdt tce topoext perfctr_core perfctr_nb bpext perfctr_llc mwaitx cpb cat_l3 cdp_l3 invpcid_single hw_pstate ssbd mba perfmon_v2 ibrs ibpb stibp ibrs_enhanced vmmcall fsgsbase bmi1 avx2 smep bmi2 erms invpcid cqm rdt_a avx512f avx512dq rdseed adx smap avx512ifma clflushopt clwb avx512cd sha_ni avx512bw avx512vl xsaveopt xsavec xgetbv1 xsaves cqm_llc cqm_occup_llc cqm_mbm_total cqm_mbm_local avx512_bf16 clzero irperf xsaveerptr wbnoinvd amd_ppin cppc arat npt lbrv svm_lock nrip_save tsc_scale vmcb_clean flushbyasid decodeassists pausefilter pfthreshold avic v_vmsave_vmload vgif x2avic v_spec_ctrl avx512vbmi umip pku ospke avx512_vbmi2 gfni vaes vpclmulqdq avx512_vnni avx512_bitalg avx512_vpopcntdq la57 rdpid overflow_recov succor smca fsrm flush_l1d
bugs		: sysret_ss_attrs spectre_v1 spectre_v2 spec_store_bypass srso
bogomips	: 5499.66
TLB size	: 3584 4K pages
clflush size	: 64
cache_alignment	: 64
address sizes	: 52 bits physical, 57 bits virtual
power management: ts ttp tm hwpstate cpb eff_freq_ro [13] [14]

processor	: 22
vendor_id	: AuthenticAMD
cpu family	: 25
model		: 17
model name	: AMD EPYC 9454 48-Core Processor
stepping	: 1
microcode	: 0xa10113b
cpu MHz		: 2750.000
cache size	: 1024 KB
physical id	: 0
siblings	: 48
core id		: 100
cpu cores	: 48
apicid		: 100
initial apicid	: 100
fpu		: yes
fpu_exception	: yes
cpuid level	: 16
wp		: yes
flags		: fpu vme de pse tsc msr pae mce cx8 apic sep mtrr pge mca cmov pat pse36 clflush mmx fxsr sse sse2 ht syscall nx mmxext fxsr_opt pdpe1gb rdtscp lm constant_tsc rep_good amd_lbr_v2 nopl nonstop_tsc cpuid extd_apicid aperfmperf pni pclmulqdq monitor ssse3 fma cx16 pcid sse4_1 sse4_2 x2apic movbe popcnt aes xsave avx f16c rdrand lahf_lm cmp_legacy svm extapic cr8_legacy abm sse4a misalignsse 3dnowprefetch osvw ibs skinit wdt tce topoext perfctr_core perfctr_nb bpext perfctr_llc mwaitx cpb cat_l3 cdp_l3 invpcid_single hw_pstate ssbd mba perfmon_v2 ibrs ibpb stibp ibrs_enhanced vmmcall fsgsbase bmi1 avx2 smep bmi2 erms invpcid cqm rdt_a avx512f avx512dq rdseed adx smap avx512ifma clflushopt clwb avx512cd sha_ni avx512bw avx512vl xsaveopt xsavec xgetbv1 xsaves cqm_llc cqm_occup_llc cqm_mbm_total cqm_mbm_local avx512_bf16 clzero irperf xsaveerptr wbnoinvd amd_ppin cppc arat npt lbrv svm_lock nrip_save tsc_scale vmcb_clean flushbyasid decodeassists pausefilter pfthreshold avic v_vmsave_vmload vgif x2avic v_spec_ctrl avx512vbmi umip pku ospke avx512_vbmi2 gfni vaes vpclmulqdq avx512_vnni avx512_bitalg avx512_vpopcntdq la57 rdpid overflow_recov succor smca fsrm flush_l1d
bugs		: sysret_ss_attrs spectre_v1 spectre_v2 spec_store_bypass srso
bogomips	: 5499.66
TLB size	: 3584 4K pages
clflush size	: 64
cache_alignment	: 64
address sizes	: 52 bits physical, 57 bits virtual
power management: ts ttp tm hwpstate cpb eff_freq_ro [13] [14]

processor	: 23
vendor_id	: AuthenticAMD
cpu family	: 25
model		: 17
model name	: AMD EPYC 9454 48-Core Processor
stepping	: 1
microcode	: 0xa10113b
cpu MHz		: 3799.729
cache size	: 1024 KB
physical id	: 0
siblings	: 48
core id		: 101
cpu cores	: 48
apicid		: 101
initial apicid	: 101
fpu		: yes
fpu_exception	: yes
cpuid level	: 16
wp		: yes
flags		: fpu vme de pse tsc msr pae mce cx8 apic sep mtrr pge mca cmov pat pse36 clflush mmx fxsr sse sse2 ht syscall nx mmxext fxsr_opt pdpe1gb rdtscp lm constant_tsc rep_good amd_lbr_v2 nopl nonstop_tsc cpuid extd_apicid aperfmperf pni pclmulqdq monitor ssse3 fma cx16 pcid sse4_1 sse4_2 x2apic movbe popcnt aes xsave avx f16c rdrand lahf_lm cmp_legacy svm extapic cr8_legacy abm sse4a misalignsse 3dnowprefetch osvw ibs skinit wdt tce topoext perfctr_core perfctr_nb bpext perfctr_llc mwaitx cpb cat_l3 cdp_l3 invpcid_single hw_pstate ssbd mba perfmon_v2 ibrs ibpb stibp ibrs_enhanced vmmcall fsgsbase bmi1 avx2 smep bmi2 erms invpcid cqm rdt_a avx512f avx512dq rdseed adx smap avx512ifma clflushopt clwb avx512cd sha_ni avx512bw avx512vl xsaveopt xsavec xgetbv1 xsaves cqm_llc cqm_occup_llc cqm_mbm_total cqm_mbm_local avx512_bf16 clzero irperf xsaveerptr wbnoinvd amd_ppin cppc arat npt lbrv svm_lock nrip_save tsc_scale vmcb_clean flushbyasid decodeassists pausefilter pfthreshold avic v_vmsave_vmload vgif x2avic v_spec_ctrl avx512vbmi umip pku ospke avx512_vbmi2 gfni vaes vpclmulqdq avx512_vnni avx512_bitalg avx512_vpopcntdq la57 rdpid overflow_recov succor smca fsrm flush_l1d
bugs		: sysret_ss_attrs spectre_v1 spectre_v2 spec_store_bypass srso
bogomips	: 5499.66
TLB size	: 3584 4K pages
clflush size	: 64
cache_alignment	: 64
address sizes	: 52 bits physical, 57 bits virtual
power management: ts ttp tm hwpstate cpb eff_freq_ro [13] [14]

processor	: 24
vendor_id	: AuthenticAMD
cpu family	: 25
model		: 17
model name	: AMD EPYC 9454 48-Core Processor
stepping	: 1
microcode	: 0xa10113b
cpu MHz		: 3799.767
cache size	: 1024 KB
physical id	: 0
siblings	: 48
core id		: 48
cpu cores	: 48
apicid		: 48
initial apicid	: 48
fpu		: yes
fpu_exception	: yes
cpuid level	: 16
wp		: yes
flags		: fpu vme de pse tsc msr pae mce cx8 apic sep mtrr pge mca cmov pat pse36 clflush mmx fxsr sse sse2 ht syscall nx mmxext fxsr_opt pdpe1gb rdtscp lm constant_tsc rep_good amd_lbr_v2 nopl nonstop_tsc cpuid extd_apicid aperfmperf pni pclmulqdq monitor ssse3 fma cx16 pcid sse4_1 sse4_2 x2apic movbe popcnt aes xsave avx f16c rdrand lahf_lm cmp_legacy svm extapic cr8_legacy abm sse4a misalignsse 3dnowprefetch osvw ibs skinit wdt tce topoext perfctr_core perfctr_nb bpext perfctr_llc mwaitx cpb cat_l3 cdp_l3 invpcid_single hw_pstate ssbd mba perfmon_v2 ibrs ibpb stibp ibrs_enhanced vmmcall fsgsbase bmi1 avx2 smep bmi2 erms invpcid cqm rdt_a avx512f avx512dq rdseed adx smap avx512ifma clflushopt clwb avx512cd sha_ni avx512bw avx512vl xsaveopt xsavec xgetbv1 xsaves cqm_llc cqm_occup_llc cqm_mbm_total cqm_mbm_local avx512_bf16 clzero irperf xsaveerptr wbnoinvd amd_ppin cppc arat npt lbrv svm_lock nrip_save tsc_scale vmcb_clean flushbyasid decodeassists pausefilter pfthreshold avic v_vmsave_vmload vgif x2avic v_spec_ctrl avx512vbmi umip pku ospke avx512_vbmi2 gfni vaes vpclmulqdq avx512_vnni avx512_bitalg avx512_vpopcntdq la57 rdpid overflow_recov succor smca fsrm flush_l1d
bugs		: sysret_ss_attrs spectre_v1 spectre_v2 spec_store_bypass srso
bogomips	: 5499.66
TLB size	: 3584 4K pages
clflush size	: 64
cache_alignment	: 64
address sizes	: 52 bits physical, 57 bits virtual
power management: ts ttp tm hwpstate cpb eff_freq_ro [13] [14]

processor	: 25
vendor_id	: AuthenticAMD
cpu family	: 25
model		: 17
model name	: AMD EPYC 9454 48-Core Processor
stepping	: 1
microcode	: 0xa10113b
cpu MHz		: 2750.000
cache size	: 1024 KB
physical id	: 0
siblings	: 48
core id		: 49
cpu cores	: 48
apicid		: 49
initial apicid	: 49
fpu		: yes
fpu_exception	: yes
cpuid level	: 16
wp		: yes
flags		: fpu vme de pse tsc msr pae mce cx8 apic sep mtrr pge mca cmov pat pse36 clflush mmx fxsr sse sse2 ht syscall nx mmxext fxsr_opt pdpe1gb rdtscp lm constant_tsc rep_good amd_lbr_v2 nopl nonstop_tsc cpuid extd_apicid aperfmperf pni pclmulqdq monitor ssse3 fma cx16 pcid sse4_1 sse4_2 x2apic movbe popcnt aes xsave avx f16c rdrand lahf_lm cmp_legacy svm extapic cr8_legacy abm sse4a misalignsse 3dnowprefetch osvw ibs skinit wdt tce topoext perfctr_core perfctr_nb bpext perfctr_llc mwaitx cpb cat_l3 cdp_l3 invpcid_single hw_pstate ssbd mba perfmon_v2 ibrs ibpb stibp ibrs_enhanced vmmcall fsgsbase bmi1 avx2 smep bmi2 erms invpcid cqm rdt_a avx512f avx512dq rdseed adx smap avx512ifma clflushopt clwb avx512cd sha_ni avx512bw avx512vl xsaveopt xsavec xgetbv1 xsaves cqm_llc cqm_occup_llc cqm_mbm_total cqm_mbm_local avx512_bf16 clzero irperf xsaveerptr wbnoinvd amd_ppin cppc arat npt lbrv svm_lock nrip_save tsc_scale vmcb_clean flushbyasid decodeassists pausefilter pfthreshold avic v_vmsave_vmload vgif x2avic v_spec_ctrl avx512vbmi umip pku ospke avx512_vbmi2 gfni vaes vpclmulqdq avx512_vnni avx512_bitalg avx512_vpopcntdq la57 rdpid overflow_recov succor smca fsrm flush_l1d
bugs		: sysret_ss_attrs spectre_v1 spectre_v2 spec_store_bypass srso
bogomips	: 5499.66
TLB size	: 3584 4K pages
clflush size	: 64
cache_alignment	: 64
address sizes	: 52 bits physical, 57 bits virtual
power management: ts ttp tm hwpstate cpb eff_freq_ro [13] [14]

processor	: 26
vendor_id	: AuthenticAMD
cpu family	: 25
model		: 17
model name	: AMD EPYC 9454 48-Core Processor
stepping	: 1
microcode	: 0xa10113b
cpu MHz		: 2750.000
cache size	: 1024 KB
physical id	: 0
siblings	: 48
core id		: 50
cpu cores	: 48
apicid		: 50
initial apicid	: 50
fpu		: yes
fpu_exception	: yes
cpuid level	: 16
wp		: yes
flags		: fpu vme de pse tsc msr pae mce cx8 apic sep mtrr pge mca cmov pat pse36 clflush mmx fxsr sse sse2 ht syscall nx mmxext fxsr_opt pdpe1gb rdtscp lm constant_tsc rep_good amd_lbr_v2 nopl nonstop_tsc cpuid extd_apicid aperfmperf pni pclmulqdq monitor ssse3 fma cx16 pcid sse4_1 sse4_2 x2apic movbe popcnt aes xsave avx f16c rdrand lahf_lm cmp_legacy svm extapic cr8_legacy abm sse4a misalignsse 3dnowprefetch osvw ibs skinit wdt tce topoext perfctr_core perfctr_nb bpext perfctr_llc mwaitx cpb cat_l3 cdp_l3 invpcid_single hw_pstate ssbd mba perfmon_v2 ibrs ibpb stibp ibrs_enhanced vmmcall fsgsbase bmi1 avx2 smep bmi2 erms invpcid cqm rdt_a avx512f avx512dq rdseed adx smap avx512ifma clflushopt clwb avx512cd sha_ni avx512bw avx512vl xsaveopt xsavec xgetbv1 xsaves cqm_llc cqm_occup_llc cqm_mbm_total cqm_mbm_local avx512_bf16 clzero irperf xsaveerptr wbnoinvd amd_ppin cppc arat npt lbrv svm_lock nrip_save tsc_scale vmcb_clean flushbyasid decodeassists pausefilter pfthreshold avic v_vmsave_vmload vgif x2avic v_spec_ctrl avx512vbmi umip pku ospke avx512_vbmi2 gfni vaes vpclmulqdq avx512_vnni avx512_bitalg avx512_vpopcntdq la57 rdpid overflow_recov succor smca fsrm flush_l1d
bugs		: sysret_ss_attrs spectre_v1 spectre_v2 spec_store_bypass srso
bogomips	: 5499.66
TLB size	: 3584 4K pages
clflush size	: 64
cache_alignment	: 64
address sizes	: 52 bits physical, 57 bits virtual
power management: ts ttp tm hwpstate cpb eff_freq_ro [13] [14]

processor	: 27
vendor_id	: AuthenticAMD
cpu family	: 25
model		: 17
model name	: AMD EPYC 9454 48-Core Processor
stepping	: 1
microcode	: 0xa10113b
cpu MHz		: 3799.611
cache size	: 1024 KB
physical id	: 0
siblings	: 48
core id		: 51
cpu cores	: 48
apicid		: 51
initial apicid	: 51
fpu		: yes
fpu_exception	: yes
cpuid level	: 16
wp		: yes
flags		: fpu vme de pse tsc msr pae mce cx8 apic sep mtrr pge mca cmov pat pse36 clflush mmx fxsr sse sse2 ht syscall nx mmxext fxsr_opt pdpe1gb rdtscp lm constant_tsc rep_good amd_lbr_v2 nopl nonstop_tsc cpuid extd_apicid aperfmperf pni pclmulqdq monitor ssse3 fma cx16 pcid sse4_1 sse4_2 x2apic movbe popcnt aes xsave avx f16c rdrand lahf_lm cmp_legacy svm extapic cr8_legacy abm sse4a misalignsse 3dnowprefetch osvw ibs skinit wdt tce topoext perfctr_core perfctr_nb bpext perfctr_llc mwaitx cpb cat_l3 cdp_l3 invpcid_single hw_pstate ssbd mba perfmon_v2 ibrs ibpb stibp ibrs_enhanced vmmcall fsgsbase bmi1 avx2 smep bmi2 erms invpcid cqm rdt_a avx512f avx512dq rdseed adx smap avx512ifma clflushopt clwb avx512cd sha_ni avx512bw avx512vl xsaveopt xsavec xgetbv1 xsaves cqm_llc cqm_occup_llc cqm_mbm_total cqm_mbm_local avx512_bf16 clzero irperf xsaveerptr wbnoinvd amd_ppin cppc arat npt lbrv svm_lock nrip_save tsc_scale vmcb_clean flushbyasid decodeassists pausefilter pfthreshold avic v_vmsave_vmload vgif x2avic v_spec_ctrl avx512vbmi umip pku ospke avx512_vbmi2 gfni vaes vpclmulqdq avx512_vnni avx512_bitalg avx512_vpopcntdq la57 rdpid overflow_recov succor smca fsrm flush_l1d
bugs		: sysret_ss_attrs spectre_v1 spectre_v2 spec_store_bypass srso
bogomips	: 5499.66
TLB size	: 3584 4K pages
clflush size	: 64
cache_alignment	: 64
address sizes	: 52 bits physical, 57 bits virtual
power management: ts ttp tm hwpstate cpb eff_freq_ro [13] [14]

processor	: 28
vendor_id	: AuthenticAMD
cpu family	: 25
model		: 17
model name	: AMD EPYC 9454 48-Core Processor
stepping	: 1
microcode	: 0xa10113b
cpu MHz		: 2750.000
cache size	: 1024 KB
physical id	: 0
siblings	: 48
core id		: 52
cpu cores	: 48
apicid		: 52
initial apicid	: 52
fpu		: yes
fpu_exception	: yes
cpuid level	: 16
wp		: yes
flags		: fpu vme de pse tsc msr pae mce cx8 apic sep mtrr pge mca cmov pat pse36 clflush mmx fxsr sse sse2 ht syscall nx mmxext fxsr_opt pdpe1gb rdtscp lm constant_tsc rep_good amd_lbr_v2 nopl nonstop_tsc cpuid extd_apicid aperfmperf pni pclmulqdq monitor ssse3 fma cx16 pcid sse4_1 sse4_2 x2apic movbe popcnt aes xsave avx f16c rdrand lahf_lm cmp_legacy svm extapic cr8_legacy abm sse4a misalignsse 3dnowprefetch osvw ibs skinit wdt tce topoext perfctr_core perfctr_nb bpext perfctr_llc mwaitx cpb cat_l3 cdp_l3 invpcid_single hw_pstate ssbd mba perfmon_v2 ibrs ibpb stibp ibrs_enhanced vmmcall fsgsbase bmi1 avx2 smep bmi2 erms invpcid cqm rdt_a avx512f avx512dq rdseed adx smap avx512ifma clflushopt clwb avx512cd sha_ni avx512bw avx512vl xsaveopt xsavec xgetbv1 xsaves cqm_llc cqm_occup_llc cqm_mbm_total cqm_mbm_local avx512_bf16 clzero irperf xsaveerptr wbnoinvd amd_ppin cppc arat npt lbrv svm_lock nrip_save tsc_scale vmcb_clean flushbyasid decodeassists pausefilter pfthreshold avic v_vmsave_vmload vgif x2avic v_spec_ctrl avx512vbmi umip pku ospke avx512_vbmi2 gfni vaes vpclmulqdq avx512_vnni avx512_bitalg avx512_vpopcntdq la57 rdpid overflow_recov succor smca fsrm flush_l1d
bugs		: sysret_ss_attrs spectre_v1 spectre_v2 spec_store_bypass srso
bogomips	: 5499.66
TLB size	: 3584 4K pages
clflush size	: 64
cache_alignment	: 64
address sizes	: 52 bits physical, 57 bits virtual
power management: ts ttp tm hwpstate cpb eff_freq_ro [13] [14]

processor	: 29
vendor_id	: AuthenticAMD
cpu family	: 25
model		: 17
model name	: AMD EPYC 9454 48-Core Processor
stepping	: 1
microcode	: 0xa10113b
cpu MHz		: 3799.777
cache size	: 1024 KB
physical id	: 0
siblings	: 48
core id		: 53
cpu cores	: 48
apicid		: 53
initial apicid	: 53
fpu		: yes
fpu_exception	: yes
cpuid level	: 16
wp		: yes
flags		: fpu vme de pse tsc msr pae mce cx8 apic sep mtrr pge mca cmov pat pse36 clflush mmx fxsr sse sse2 ht syscall nx mmxext fxsr_opt pdpe1gb rdtscp lm constant_tsc rep_good amd_lbr_v2 nopl nonstop_tsc cpuid extd_apicid aperfmperf pni pclmulqdq monitor ssse3 fma cx16 pcid sse4_1 sse4_2 x2apic movbe popcnt aes xsave avx f16c rdrand lahf_lm cmp_legacy svm extapic cr8_legacy abm sse4a misalignsse 3dnowprefetch osvw ibs skinit wdt tce topoext perfctr_core perfctr_nb bpext perfctr_llc mwaitx cpb cat_l3 cdp_l3 invpcid_single hw_pstate ssbd mba perfmon_v2 ibrs ibpb stibp ibrs_enhanced vmmcall fsgsbase bmi1 avx2 smep bmi2 erms invpcid cqm rdt_a avx512f avx512dq rdseed adx smap avx512ifma clflushopt clwb avx512cd sha_ni avx512bw avx512vl xsaveopt xsavec xgetbv1 xsaves cqm_llc cqm_occup_llc cqm_mbm_total cqm_mbm_local avx512_bf16 clzero irperf xsaveerptr wbnoinvd amd_ppin cppc arat npt lbrv svm_lock nrip_save tsc_scale vmcb_clean flushbyasid decodeassists pausefilter pfthreshold avic v_vmsave_vmload vgif x2avic v_spec_ctrl avx512vbmi umip pku ospke avx512_vbmi2 gfni vaes vpclmulqdq avx512_vnni avx512_bitalg avx512_vpopcntdq la57 rdpid overflow_recov succor smca fsrm flush_l1d
bugs		: sysret_ss_attrs spectre_v1 spectre_v2 spec_store_bypass srso
bogomips	: 5499.66
TLB size	: 3584 4K pages
clflush size	: 64
cache_alignment	: 64
address sizes	: 52 bits physical, 57 bits virtual
power management: ts ttp tm hwpstate cpb eff_freq_ro [13] [14]

processor	: 30
vendor_id	: AuthenticAMD
cpu family	: 25
model		: 17
model name	: AMD EPYC 9454 48-Core Processor
stepping	: 1
microcode	: 0xa10113b
cpu MHz		: 3799.766
cache size	: 1024 KB
physical id	: 0
siblings	: 48
core id		: 112
cpu cores	: 48
apicid		: 112
initial apicid	: 112
fpu		: yes
fpu_exception	: yes
cpuid level	: 16
wp		: yes
flags		: fpu vme de pse tsc msr pae mce cx8 apic sep mtrr pge mca cmov pat pse36 clflush mmx fxsr sse sse2 ht syscall nx mmxext fxsr_opt pdpe1gb rdtscp lm constant_tsc rep_good amd_lbr_v2 nopl nonstop_tsc cpuid extd_apicid aperfmperf pni pclmulqdq monitor ssse3 fma cx16 pcid sse4_1 sse4_2 x2apic movbe popcnt aes xsave avx f16c rdrand lahf_lm cmp_legacy svm extapic cr8_legacy abm sse4a misalignsse 3dnowprefetch osvw ibs skinit wdt tce topoext perfctr_core perfctr_nb bpext perfctr_llc mwaitx cpb cat_l3 cdp_l3 invpcid_single hw_pstate ssbd mba perfmon_v2 ibrs ibpb stibp ibrs_enhanced vmmcall fsgsbase bmi1 avx2 smep bmi2 erms invpcid cqm rdt_a avx512f avx512dq rdseed adx smap avx512ifma clflushopt clwb avx512cd sha_ni avx512bw avx512vl xsaveopt xsavec xgetbv1 xsaves cqm_llc cqm_occup_llc cqm_mbm_total cqm_mbm_local avx512_bf16 clzero irperf xsaveerptr wbnoinvd amd_ppin cppc arat npt lbrv svm_lock nrip_save tsc_scale vmcb_clean flushbyasid decodeassists pausefilter pfthreshold avic v_vmsave_vmload vgif x2avic v_spec_ctrl avx512vbmi umip pku ospke avx512_vbmi2 gfni vaes vpclmulqdq avx512_vnni avx512_bitalg avx512_vpopcntdq la57 rdpid overflow_recov succor smca fsrm flush_l1d
bugs		: sysret_ss_attrs spectre_v1 spectre_v2 spec_store_bypass srso
bogomips	: 5499.66
TLB size	: 3584 4K pages
clflush size	: 64
cache_alignment	: 64
address sizes	: 52 bits physical, 57 bits virtual
power management: ts ttp tm hwpstate cpb eff_freq_ro [13] [14]

processor	: 31
vendor_id	: AuthenticAMD
cpu family	: 25
model		: 17
model name	: AMD EPYC 9454 48-Core Processor
stepping	: 1
microcode	: 0xa10113b
cpu MHz		: 3799.766
cache size	: 1024 KB
physical id	: 0
siblings	: 48
core id		: 113
cpu cores	: 48
apicid		: 113
initial apicid	: 113
fpu		: yes
fpu_exception	: yes
cpuid level	: 16
wp		: yes
flags		: fpu vme de pse tsc msr pae mce cx8 apic sep mtrr pge mca cmov pat pse36 clflush mmx fxsr sse sse2 ht syscall nx mmxext fxsr_opt pdpe1gb rdtscp lm constant_tsc rep_good amd_lbr_v2 nopl nonstop_tsc cpuid extd_apicid aperfmperf pni pclmulqdq monitor ssse3 fma cx16 pcid sse4_1 sse4_2 x2apic movbe popcnt aes xsave avx f16c rdrand lahf_lm cmp_legacy svm extapic cr8_legacy abm sse4a misalignsse 3dnowprefetch osvw ibs skinit wdt tce topoext perfctr_core perfctr_nb bpext perfctr_llc mwaitx cpb cat_l3 cdp_l3 invpcid_single hw_pstate ssbd mba perfmon_v2 ibrs ibpb stibp ibrs_enhanced vmmcall fsgsbase bmi1 avx2 smep bmi2 erms invpcid cqm rdt_a avx512f avx512dq rdseed adx smap avx512ifma clflushopt clwb avx512cd sha_ni avx512bw avx512vl xsaveopt xsavec xgetbv1 xsaves cqm_llc cqm_occup_llc cqm_mbm_total cqm_mbm_local avx512_bf16 clzero irperf xsaveerptr wbnoinvd amd_ppin cppc arat npt lbrv svm_lock nrip_save tsc_scale vmcb_clean flushbyasid decodeassists pausefilter pfthreshold avic v_vmsave_vmload vgif x2avic v_spec_ctrl avx512vbmi umip pku ospke avx512_vbmi2 gfni vaes vpclmulqdq avx512_vnni avx512_bitalg avx512_vpopcntdq la57 rdpid overflow_recov succor smca fsrm flush_l1d
bugs		: sysret_ss_attrs spectre_v1 spectre_v2 spec_store_bypass srso
bogomips	: 5499.66
TLB size	: 3584 4K pages
clflush size	: 64
cache_alignment	: 64
address sizes	: 52 bits physical, 57 bits virtual
power management: ts ttp tm hwpstate cpb eff_freq_ro [13] [14]

processor	: 32
vendor_id	: AuthenticAMD
cpu family	: 25
model		: 17
model name	: AMD EPYC 9454 48-Core Processor
stepping	: 1
microcode	: 0xa10113b
cpu MHz		: 3799.765
cache size	: 1024 KB
physical id	: 0
siblings	: 48
core id		: 114
cpu cores	: 48
apicid		: 114
initial apicid	: 114
fpu		: yes
fpu_exception	: yes
cpuid level	: 16
wp		: yes
flags		: fpu vme de pse tsc msr pae mce cx8 apic sep mtrr pge mca cmov pat pse36 clflush mmx fxsr sse sse2 ht syscall nx mmxext fxsr_opt pdpe1gb rdtscp lm constant_tsc rep_good amd_lbr_v2 nopl nonstop_tsc cpuid extd_apicid aperfmperf pni pclmulqdq monitor ssse3 fma cx16 pcid sse4_1 sse4_2 x2apic movbe popcnt aes xsave avx f16c rdrand lahf_lm cmp_legacy svm extapic cr8_legacy abm sse4a misalignsse 3dnowprefetch osvw ibs skinit wdt tce topoext perfctr_core perfctr_nb bpext perfctr_llc mwaitx cpb cat_l3 cdp_l3 invpcid_single hw_pstate ssbd mba perfmon_v2 ibrs ibpb stibp ibrs_enhanced vmmcall fsgsbase bmi1 avx2 smep bmi2 erms invpcid cqm rdt_a avx512f avx512dq rdseed adx smap avx512ifma clflushopt clwb avx512cd sha_ni avx512bw avx512vl xsaveopt xsavec xgetbv1 xsaves cqm_llc cqm_occup_llc cqm_mbm_total cqm_mbm_local avx512_bf16 clzero irperf xsaveerptr wbnoinvd amd_ppin cppc arat npt lbrv svm_lock nrip_save tsc_scale vmcb_clean flushbyasid decodeassists pausefilter pfthreshold avic v_vmsave_vmload vgif x2avic v_spec_ctrl avx512vbmi umip pku ospke avx512_vbmi2 gfni vaes vpclmulqdq avx512_vnni avx512_bitalg avx512_vpopcntdq la57 rdpid overflow_recov succor smca fsrm flush_l1d
bugs		: sysret_ss_attrs spectre_v1 spectre_v2 spec_store_bypass srso
bogomips	: 5499.66
TLB size	: 3584 4K pages
clflush size	: 64
cache_alignment	: 64
address sizes	: 52 bits physical, 57 bits virtual
power management: ts ttp tm hwpstate cpb eff_freq_ro [13] [14]

processor	: 33
vendor_id	: AuthenticAMD
cpu family	: 25
model		: 17
model name	: AMD EPYC 9454 48-Core Processor
stepping	: 1
microcode	: 0xa10113b
cpu MHz		: 3799.768
cache size	: 1024 KB
physical id	: 0
siblings	: 48
core id		: 115
cpu cores	: 48
apicid		: 115
initial apicid	: 115
fpu		: yes
fpu_exception	: yes
cpuid level	: 16
wp		: yes
flags		: fpu vme de pse tsc msr pae mce cx8 apic sep mtrr pge mca cmov pat pse36 clflush mmx fxsr sse sse2 ht syscall nx mmxext fxsr_opt pdpe1gb rdtscp lm constant_tsc rep_good amd_lbr_v2 nopl nonstop_tsc cpuid extd_apicid aperfmperf pni pclmulqdq monitor ssse3 fma cx16 pcid sse4_1 sse4_2 x2apic movbe popcnt aes xsave avx f16c rdrand lahf_lm cmp_legacy svm extapic cr8_legacy abm sse4a misalignsse 3dnowprefetch osvw ibs skinit wdt tce topoext perfctr_core perfctr_nb bpext perfctr_llc mwaitx cpb cat_l3 cdp_l3 invpcid_single hw_pstate ssbd mba perfmon_v2 ibrs ibpb stibp ibrs_enhanced vmmcall fsgsbase bmi1 avx2 smep bmi2 erms invpcid cqm rdt_a avx512f avx512dq rdseed adx smap avx512ifma clflushopt clwb avx512cd sha_ni avx512bw avx512vl xsaveopt xsavec xgetbv1 xsaves cqm_llc cqm_occup_llc cqm_mbm_total cqm_mbm_local avx512_bf16 clzero irperf xsaveerptr wbnoinvd amd_ppin cppc arat npt lbrv svm_lock nrip_save tsc_scale vmcb_clean flushbyasid decodeassists pausefilter pfthreshold avic v_vmsave_vmload vgif x2avic v_spec_ctrl avx512vbmi umip pku ospke avx512_vbmi2 gfni vaes vpclmulqdq avx512_vnni avx512_bitalg avx512_vpopcntdq la57 rdpid overflow_recov succor smca fsrm flush_l1d
bugs		: sysret_ss_attrs spectre_v1 spectre_v2 spec_store_bypass srso
bogomips	: 5499.66
TLB size	: 3584 4K pages
clflush size	: 64
cache_alignment	: 64
address sizes	: 52 bits physical, 57 bits virtual
power management: ts ttp tm hwpstate cpb eff_freq_ro [13] [14]

processor	: 34
vendor_id	: AuthenticAMD
cpu family	: 25
model		: 17
model name	: AMD EPYC 9454 48-Core Processor
stepping	: 1
microcode	: 0xa10113b
cpu MHz		: 2750.000
cache size	: 1024 KB
physical id	: 0
siblings	: 48
core id		: 116
cpu cores	: 48
apicid		: 116
initial apicid	: 116
fpu		: yes
fpu_exception	: yes
cpuid level	: 16
wp		: yes
flags		: fpu vme de pse tsc msr pae mce cx8 apic sep mtrr pge mca cmov pat pse36 clflush mmx fxsr sse sse2 ht syscall nx mmxext fxsr_opt pdpe1gb rdtscp lm constant_tsc rep_good amd_lbr_v2 nopl nonstop_tsc cpuid extd_apicid aperfmperf pni pclmulqdq monitor ssse3 fma cx16 pcid sse4_1 sse4_2 x2apic movbe popcnt aes xsave avx f16c rdrand lahf_lm cmp_legacy svm extapic cr8_legacy abm sse4a misalignsse 3dnowprefetch osvw ibs skinit wdt tce topoext perfctr_core perfctr_nb bpext perfctr_llc mwaitx cpb cat_l3 cdp_l3 invpcid_single hw_pstate ssbd mba perfmon_v2 ibrs ibpb stibp ibrs_enhanced vmmcall fsgsbase bmi1 avx2 smep bmi2 erms invpcid cqm rdt_a avx512f avx512dq rdseed adx smap avx512ifma clflushopt clwb avx512cd sha_ni avx512bw avx512vl xsaveopt xsavec xgetbv1 xsaves cqm_llc cqm_occup_llc cqm_mbm_total cqm_mbm_local avx512_bf16 clzero irperf xsaveerptr wbnoinvd amd_ppin cppc arat npt lbrv svm_lock nrip_save tsc_scale vmcb_clean flushbyasid decodeassists pausefilter pfthreshold avic v_vmsave_vmload vgif x2avic v_spec_ctrl avx512vbmi umip pku ospke avx512_vbmi2 gfni vaes vpclmulqdq avx512_vnni avx512_bitalg avx512_vpopcntdq la57 rdpid overflow_recov succor smca fsrm flush_l1d
bugs		: sysret_ss_attrs spectre_v1 spectre_v2 spec_store_bypass srso
bogomips	: 5499.66
TLB size	: 3584 4K pages
clflush size	: 64
cache_alignment	: 64
address sizes	: 52 bits physical, 57 bits virtual
power management: ts ttp tm hwpstate cpb eff_freq_ro [13] [14]

processor	: 35
vendor_id	: AuthenticAMD
cpu family	: 25
model		: 17
model name	: AMD EPYC 9454 48-Core Processor
stepping	: 1
microcode	: 0xa10113b
cpu MHz		: 3799.766
cache size	: 1024 KB
physical id	: 0
siblings	: 48
core id		: 117
cpu cores	: 48
apicid		: 117
initial apicid	: 117
fpu		: yes
fpu_exception	: yes
cpuid level	: 16
wp		: yes
flags		: fpu vme de pse tsc msr pae mce cx8 apic sep mtrr pge mca cmov pat pse36 clflush mmx fxsr sse sse2 ht syscall nx mmxext fxsr_opt pdpe1gb rdtscp lm constant_tsc rep_good amd_lbr_v2 nopl nonstop_tsc cpuid extd_apicid aperfmperf pni pclmulqdq monitor ssse3 fma cx16 pcid sse4_1 sse4_2 x2apic movbe popcnt aes xsave avx f16c rdrand lahf_lm cmp_legacy svm extapic cr8_legacy abm sse4a misalignsse 3dnowprefetch osvw ibs skinit wdt tce topoext perfctr_core perfctr_nb bpext perfctr_llc mwaitx cpb cat_l3 cdp_l3 invpcid_single hw_pstate ssbd mba perfmon_v2 ibrs ibpb stibp ibrs_enhanced vmmcall fsgsbase bmi1 avx2 smep bmi2 erms invpcid cqm rdt_a avx512f avx512dq rdseed adx smap avx512ifma clflushopt clwb avx512cd sha_ni avx512bw avx512vl xsaveopt xsavec xgetbv1 xsaves cqm_llc cqm_occup_llc cqm_mbm_total cqm_mbm_local avx512_bf16 clzero irperf xsaveerptr wbnoinvd amd_ppin cppc arat npt lbrv svm_lock nrip_save tsc_scale vmcb_clean flushbyasid decodeassists pausefilter pfthreshold avic v_vmsave_vmload vgif x2avic v_spec_ctrl avx512vbmi umip pku ospke avx512_vbmi2 gfni vaes vpclmulqdq avx512_vnni avx512_bitalg avx512_vpopcntdq la57 rdpid overflow_recov succor smca fsrm flush_l1d
bugs		: sysret_ss_attrs spectre_v1 spectre_v2 spec_store_bypass srso
bogomips	: 5499.66
TLB size	: 3584 4K pages
clflush size	: 64
cache_alignment	: 64
address sizes	: 52 bits physical, 57 bits virtual
power management: ts ttp tm hwpstate cpb eff_freq_ro [13] [14]

processor	: 36
vendor_id	: AuthenticAMD
cpu family	: 25
model		: 17
model name	: AMD EPYC 9454 48-Core Processor
stepping	: 1
microcode	: 0xa10113b
cpu MHz		: 2750.000
cache size	: 1024 KB
physical id	: 0
siblings	: 48
core id		: 16
cpu cores	: 48
apicid		: 16
initial apicid	: 16
fpu		: yes
fpu_exception	: yes
cpuid level	: 16
wp		: yes
flags		: fpu vme de pse tsc msr pae mce cx8 apic sep mtrr pge mca cmov pat pse36 clflush mmx fxsr sse sse2 ht syscall nx mmxext fxsr_opt pdpe1gb rdtscp lm constant_tsc rep_good amd_lbr_v2 nopl nonstop_tsc cpuid extd_apicid aperfmperf pni pclmulqdq monitor ssse3 fma cx16 pcid sse4_1 sse4_2 x2apic movbe popcnt aes xsave avx f16c rdrand lahf_lm cmp_legacy svm extapic cr8_legacy abm sse4a misalignsse 3dnowprefetch osvw ibs skinit wdt tce topoext perfctr_core perfctr_nb bpext perfctr_llc mwaitx cpb cat_l3 cdp_l3 invpcid_single hw_pstate ssbd mba perfmon_v2 ibrs ibpb stibp ibrs_enhanced vmmcall fsgsbase bmi1 avx2 smep bmi2 erms invpcid cqm rdt_a avx512f avx512dq rdseed adx smap avx512ifma clflushopt clwb avx512cd sha_ni avx512bw avx512vl xsaveopt xsavec xgetbv1 xsaves cqm_llc cqm_occup_llc cqm_mbm_total cqm_mbm_local avx512_bf16 clzero irperf xsaveerptr wbnoinvd amd_ppin cppc arat npt lbrv svm_lock nrip_save tsc_scale vmcb_clean flushbyasid decodeassists pausefilter pfthreshold avic v_vmsave_vmload vgif x2avic v_spec_ctrl avx512vbmi umip pku ospke avx512_vbmi2 gfni vaes vpclmulqdq avx512_vnni avx512_bitalg avx512_vpopcntdq la57 rdpid overflow_recov succor smca fsrm flush_l1d
bugs		: sysret_ss_attrs spectre_v1 spectre_v2 spec_store_bypass srso
bogomips	: 5499.66
TLB size	: 3584 4K pages
clflush size	: 64
cache_alignment	: 64
address sizes	: 52 bits physical, 57 bits virtual
power management: ts ttp tm hwpstate cpb eff_freq_ro [13] [14]

processor	: 37
vendor_id	: AuthenticAMD
cpu family	: 25
model		: 17
model name	: AMD EPYC 9454 48-Core Processor
stepping	: 1
microcode	: 0xa10113b
cpu MHz		: 2750.000
cache size	: 1024 KB
physical id	: 0
siblings	: 48
core id		: 17
cpu cores	: 48
apicid		: 17
initial apicid	: 17
fpu		: yes
fpu_exception	: yes
cpuid level	: 16
wp		: yes
flags		: fpu vme de pse tsc msr pae mce cx8 apic sep mtrr pge mca cmov pat pse36 clflush mmx fxsr sse sse2 ht syscall nx mmxext fxsr_opt pdpe1gb rdtscp lm constant_tsc rep_good amd_lbr_v2 nopl nonstop_tsc cpuid extd_apicid aperfmperf pni pclmulqdq monitor ssse3 fma cx16 pcid sse4_1 sse4_2 x2apic movbe popcnt aes xsave avx f16c rdrand lahf_lm cmp_legacy svm extapic cr8_legacy abm sse4a misalignsse 3dnowprefetch osvw ibs skinit wdt tce topoext perfctr_core perfctr_nb bpext perfctr_llc mwaitx cpb cat_l3 cdp_l3 invpcid_single hw_pstate ssbd mba perfmon_v2 ibrs ibpb stibp ibrs_enhanced vmmcall fsgsbase bmi1 avx2 smep bmi2 erms invpcid cqm rdt_a avx512f avx512dq rdseed adx smap avx512ifma clflushopt clwb avx512cd sha_ni avx512bw avx512vl xsaveopt xsavec xgetbv1 xsaves cqm_llc cqm_occup_llc cqm_mbm_total cqm_mbm_local avx512_bf16 clzero irperf xsaveerptr wbnoinvd amd_ppin cppc arat npt lbrv svm_lock nrip_save tsc_scale vmcb_clean flushbyasid decodeassists pausefilter pfthreshold avic v_vmsave_vmload vgif x2avic v_spec_ctrl avx512vbmi umip pku ospke avx512_vbmi2 gfni vaes vpclmulqdq avx512_vnni avx512_bitalg avx512_vpopcntdq la57 rdpid overflow_recov succor smca fsrm flush_l1d
bugs		: sysret_ss_attrs spectre_v1 spectre_v2 spec_store_bypass srso
bogomips	: 5499.66
TLB size	: 3584 4K pages
clflush size	: 64
cache_alignment	: 64
address sizes	: 52 bits physical, 57 bits virtual
power management: ts ttp tm hwpstate cpb eff_freq_ro [13] [14]

processor	: 38
vendor_id	: AuthenticAMD
cpu family	: 25
model		: 17
model name	: AMD EPYC 9454 48-Core Processor
stepping	: 1
microcode	: 0xa10113b
cpu MHz		: 2750.000
cache size	: 1024 KB
physical id	: 0
siblings	: 48
core id		: 18
cpu cores	: 48
apicid		: 18
initial apicid	: 18
fpu		: yes
fpu_exception	: yes
cpuid level	: 16
wp		: yes
flags		: fpu vme de pse tsc msr pae mce cx8 apic sep mtrr pge mca cmov pat pse36 clflush mmx fxsr sse sse2 ht syscall nx mmxext fxsr_opt pdpe1gb rdtscp lm constant_tsc rep_good amd_lbr_v2 nopl nonstop_tsc cpuid extd_apicid aperfmperf pni pclmulqdq monitor ssse3 fma cx16 pcid sse4_1 sse4_2 x2apic movbe popcnt aes xsave avx f16c rdrand lahf_lm cmp_legacy svm extapic cr8_legacy abm sse4a misalignsse 3dnowprefetch osvw ibs skinit wdt tce topoext perfctr_core perfctr_nb bpext perfctr_llc mwaitx cpb cat_l3 cdp_l3 invpcid_single hw_pstate ssbd mba perfmon_v2 ibrs ibpb stibp ibrs_enhanced vmmcall fsgsbase bmi1 avx2 smep bmi2 erms invpcid cqm rdt_a avx512f avx512dq rdseed adx smap avx512ifma clflushopt clwb avx512cd sha_ni avx512bw avx512vl xsaveopt xsavec xgetbv1 xsaves cqm_llc cqm_occup_llc cqm_mbm_total cqm_mbm_local avx512_bf16 clzero irperf xsaveerptr wbnoinvd amd_ppin cppc arat npt lbrv svm_lock nrip_save tsc_scale vmcb_clean flushbyasid decodeassists pausefilter pfthreshold avic v_vmsave_vmload vgif x2avic v_spec_ctrl avx512vbmi umip pku ospke avx512_vbmi2 gfni vaes vpclmulqdq avx512_vnni avx512_bitalg avx512_vpopcntdq la57 rdpid overflow_recov succor smca fsrm flush_l1d
bugs		: sysret_ss_attrs spectre_v1 spectre_v2 spec_store_bypass srso
bogomips	: 5499.66
TLB size	: 3584 4K pages
clflush size	: 64
cache_alignment	: 64
address sizes	: 52 bits physical, 57 bits virtual
power management: ts ttp tm hwpstate cpb eff_freq_ro [13] [14]

processor	: 39
vendor_id	: AuthenticAMD
cpu family	: 25
model		: 17
model name	: AMD EPYC 9454 48-Core Processor
stepping	: 1
microcode	: 0xa10113b
cpu MHz		: 2750.000
cache size	: 1024 KB
physical id	: 0
siblings	: 48
core id		: 19
cpu cores	: 48
apicid		: 19
initial apicid	: 19
fpu		: yes
fpu_exception	: yes
cpuid level	: 16
wp		: yes
flags		: fpu vme de pse tsc msr pae mce cx8 apic sep mtrr pge mca cmov pat pse36 clflush mmx fxsr sse sse2 ht syscall nx mmxext fxsr_opt pdpe1gb rdtscp lm constant_tsc rep_good amd_lbr_v2 nopl nonstop_tsc cpuid extd_apicid aperfmperf pni pclmulqdq monitor ssse3 fma cx16 pcid sse4_1 sse4_2 x2apic movbe popcnt aes xsave avx f16c rdrand lahf_lm cmp_legacy svm extapic cr8_legacy abm sse4a misalignsse 3dnowprefetch osvw ibs skinit wdt tce topoext perfctr_core perfctr_nb bpext perfctr_llc mwaitx cpb cat_l3 cdp_l3 invpcid_single hw_pstate ssbd mba perfmon_v2 ibrs ibpb stibp ibrs_enhanced vmmcall fsgsbase bmi1 avx2 smep bmi2 erms invpcid cqm rdt_a avx512f avx512dq rdseed adx smap avx512ifma clflushopt clwb avx512cd sha_ni avx512bw avx512vl xsaveopt xsavec xgetbv1 xsaves cqm_llc cqm_occup_llc cqm_mbm_total cqm_mbm_local avx512_bf16 clzero irperf xsaveerptr wbnoinvd amd_ppin cppc arat npt lbrv svm_lock nrip_save tsc_scale vmcb_clean flushbyasid decodeassists pausefilter pfthreshold avic v_vmsave_vmload vgif x2avic v_spec_ctrl avx512vbmi umip pku ospke avx512_vbmi2 gfni vaes vpclmulqdq avx512_vnni avx512_bitalg avx512_vpopcntdq la57 rdpid overflow_recov succor smca fsrm flush_l1d
bugs		: sysret_ss_attrs spectre_v1 spectre_v2 spec_store_bypass srso
bogomips	: 5499.66
TLB size	: 3584 4K pages
clflush size	: 64
cache_alignment	: 64
address sizes	: 52 bits physical, 57 bits virtual
power management: ts ttp tm hwpstate cpb eff_freq_ro [13] [14]

processor	: 40
vendor_id	: AuthenticAMD
cpu family	: 25
model		: 17
model name	: AMD EPYC 9454 48-Core Processor
stepping	: 1
microcode	: 0xa10113b
cpu MHz		: 3799.768
cache size	: 1024 KB
physical id	: 0
siblings	: 48
core id		: 20
cpu cores	: 48
apicid		: 20
initial apicid	: 20
fpu		: yes
fpu_exception	: yes
cpuid level	: 16
wp		: yes
flags		: fpu vme de pse tsc msr pae mce cx8 apic sep mtrr pge mca cmov pat pse36 clflush mmx fxsr sse sse2 ht syscall nx mmxext fxsr_opt pdpe1gb rdtscp lm constant_tsc rep_good amd_lbr_v2 nopl nonstop_tsc cpuid extd_apicid aperfmperf pni pclmulqdq monitor ssse3 fma cx16 pcid sse4_1 sse4_2 x2apic movbe popcnt aes xsave avx f16c rdrand lahf_lm cmp_legacy svm extapic cr8_legacy abm sse4a misalignsse 3dnowprefetch osvw ibs skinit wdt tce topoext perfctr_core perfctr_nb bpext perfctr_llc mwaitx cpb cat_l3 cdp_l3 invpcid_single hw_pstate ssbd mba perfmon_v2 ibrs ibpb stibp ibrs_enhanced vmmcall fsgsbase bmi1 avx2 smep bmi2 erms invpcid cqm rdt_a avx512f avx512dq rdseed adx smap avx512ifma clflushopt clwb avx512cd sha_ni avx512bw avx512vl xsaveopt xsavec xgetbv1 xsaves cqm_llc cqm_occup_llc cqm_mbm_total cqm_mbm_local avx512_bf16 clzero irperf xsaveerptr wbnoinvd amd_ppin cppc arat npt lbrv svm_lock nrip_save tsc_scale vmcb_clean flushbyasid decodeassists pausefilter pfthreshold avic v_vmsave_vmload vgif x2avic v_spec_ctrl avx512vbmi umip pku ospke avx512_vbmi2 gfni vaes vpclmulqdq avx512_vnni avx512_bitalg avx512_vpopcntdq la57 rdpid overflow_recov succor smca fsrm flush_l1d
bugs		: sysret_ss_attrs spectre_v1 spectre_v2 spec_store_bypass srso
bogomips	: 5499.66
TLB size	: 3584 4K pages
clflush size	: 64
cache_alignment	: 64
address sizes	: 52 bits physical, 57 bits virtual
power management: ts ttp tm hwpstate cpb eff_freq_ro [13] [14]

processor	: 41
vendor_id	: AuthenticAMD
cpu family	: 25
model		: 17
model name	: AMD EPYC 9454 48-Core Processor
stepping	: 1
microcode	: 0xa10113b
cpu MHz		: 3796.870
cache size	: 1024 KB
physical id	: 0
siblings	: 48
core id		: 21
cpu cores	: 48
apicid		: 21
initial apicid	: 21
fpu		: yes
fpu_exception	: yes
cpuid level	: 16
wp		: yes
flags		: fpu vme de pse tsc msr pae mce cx8 apic sep mtrr pge mca cmov pat pse36 clflush mmx fxsr sse sse2 ht syscall nx mmxext fxsr_opt pdpe1gb rdtscp lm constant_tsc rep_good amd_lbr_v2 nopl nonstop_tsc cpuid extd_apicid aperfmperf pni pclmulqdq monitor ssse3 fma cx16 pcid sse4_1 sse4_2 x2apic movbe popcnt aes xsave avx f16c rdrand lahf_lm cmp_legacy svm extapic cr8_legacy abm sse4a misalignsse 3dnowprefetch osvw ibs skinit wdt tce topoext perfctr_core perfctr_nb bpext perfctr_llc mwaitx cpb cat_l3 cdp_l3 invpcid_single hw_pstate ssbd mba perfmon_v2 ibrs ibpb stibp ibrs_enhanced vmmcall fsgsbase bmi1 avx2 smep bmi2 erms invpcid cqm rdt_a avx512f avx512dq rdseed adx smap avx512ifma clflushopt clwb avx512cd sha_ni avx512bw avx512vl xsaveopt xsavec xgetbv1 xsaves cqm_llc cqm_occup_llc cqm_mbm_total cqm_mbm_local avx512_bf16 clzero irperf xsaveerptr wbnoinvd amd_ppin cppc arat npt lbrv svm_lock nrip_save tsc_scale vmcb_clean flushbyasid decodeassists pausefilter pfthreshold avic v_vmsave_vmload vgif x2avic v_spec_ctrl avx512vbmi umip pku ospke avx512_vbmi2 gfni vaes vpclmulqdq avx512_vnni avx512_bitalg avx512_vpopcntdq la57 rdpid overflow_recov succor smca fsrm flush_l1d
bugs		: sysret_ss_attrs spectre_v1 spectre_v2 spec_store_bypass srso
bogomips	: 5499.66
TLB size	: 3584 4K pages
clflush size	: 64
cache_alignment	: 64
address sizes	: 52 bits physical, 57 bits virtual
power management: ts ttp tm hwpstate cpb eff_freq_ro [13] [14]

processor	: 42
vendor_id	: AuthenticAMD
cpu family	: 25
model		: 17
model name	: AMD EPYC 9454 48-Core Processor
stepping	: 1
microcode	: 0xa10113b
cpu MHz		: 2750.000
cache size	: 1024 KB
physical id	: 0
siblings	: 48
core id		: 80
cpu cores	: 48
apicid		: 80
initial apicid	: 80
fpu		: yes
fpu_exception	: yes
cpuid level	: 16
wp		: yes
flags		: fpu vme de pse tsc msr pae mce cx8 apic sep mtrr pge mca cmov pat pse36 clflush mmx fxsr sse sse2 ht syscall nx mmxext fxsr_opt pdpe1gb rdtscp lm constant_tsc rep_good amd_lbr_v2 nopl nonstop_tsc cpuid extd_apicid aperfmperf pni pclmulqdq monitor ssse3 fma cx16 pcid sse4_1 sse4_2 x2apic movbe popcnt aes xsave avx f16c rdrand lahf_lm cmp_legacy svm extapic cr8_legacy abm sse4a misalignsse 3dnowprefetch osvw ibs skinit wdt tce topoext perfctr_core perfctr_nb bpext perfctr_llc mwaitx cpb cat_l3 cdp_l3 invpcid_single hw_pstate ssbd mba perfmon_v2 ibrs ibpb stibp ibrs_enhanced vmmcall fsgsbase bmi1 avx2 smep bmi2 erms invpcid cqm rdt_a avx512f avx512dq rdseed adx smap avx512ifma clflushopt clwb avx512cd sha_ni avx512bw avx512vl xsaveopt xsavec xgetbv1 xsaves cqm_llc cqm_occup_llc cqm_mbm_total cqm_mbm_local avx512_bf16 clzero irperf xsaveerptr wbnoinvd amd_ppin cppc arat npt lbrv svm_lock nrip_save tsc_scale vmcb_clean flushbyasid decodeassists pausefilter pfthreshold avic v_vmsave_vmload vgif x2avic v_spec_ctrl avx512vbmi umip pku ospke avx512_vbmi2 gfni vaes vpclmulqdq avx512_vnni avx512_bitalg avx512_vpopcntdq la57 rdpid overflow_recov succor smca fsrm flush_l1d
bugs		: sysret_ss_attrs spectre_v1 spectre_v2 spec_store_bypass srso
bogomips	: 5499.66
TLB size	: 3584 4K pages
clflush size	: 64
cache_alignment	: 64
address sizes	: 52 bits physical, 57 bits virtual
power management: ts ttp tm hwpstate cpb eff_freq_ro [13] [14]

processor	: 43
vendor_id	: AuthenticAMD
cpu family	: 25
model		: 17
model name	: AMD EPYC 9454 48-Core Processor
stepping	: 1
microcode	: 0xa10113b
cpu MHz		: 2750.000
cache size	: 1024 KB
physical id	: 0
siblings	: 48
core id		: 81
cpu cores	: 48
apicid		: 81
initial apicid	: 81
fpu		: yes
fpu_exception	: yes
cpuid level	: 16
wp		: yes
flags		: fpu vme de pse tsc msr pae mce cx8 apic sep mtrr pge mca cmov pat pse36 clflush mmx fxsr sse sse2 ht syscall nx mmxext fxsr_opt pdpe1gb rdtscp lm constant_tsc rep_good amd_lbr_v2 nopl nonstop_tsc cpuid extd_apicid aperfmperf pni pclmulqdq monitor ssse3 fma cx16 pcid sse4_1 sse4_2 x2apic movbe popcnt aes xsave avx f16c rdrand lahf_lm cmp_legacy svm extapic cr8_legacy abm sse4a misalignsse 3dnowprefetch osvw ibs skinit wdt tce topoext perfctr_core perfctr_nb bpext perfctr_llc mwaitx cpb cat_l3 cdp_l3 invpcid_single hw_pstate ssbd mba perfmon_v2 ibrs ibpb stibp ibrs_enhanced vmmcall fsgsbase bmi1 avx2 smep bmi2 erms invpcid cqm rdt_a avx512f avx512dq rdseed adx smap avx512ifma clflushopt clwb avx512cd sha_ni avx512bw avx512vl xsaveopt xsavec xgetbv1 xsaves cqm_llc cqm_occup_llc cqm_mbm_total cqm_mbm_local avx512_bf16 clzero irperf xsaveerptr wbnoinvd amd_ppin cppc arat npt lbrv svm_lock nrip_save tsc_scale vmcb_clean flushbyasid decodeassists pausefilter pfthreshold avic v_vmsave_vmload vgif x2avic v_spec_ctrl avx512vbmi umip pku ospke avx512_vbmi2 gfni vaes vpclmulqdq avx512_vnni avx512_bitalg avx512_vpopcntdq la57 rdpid overflow_recov succor smca fsrm flush_l1d
bugs		: sysret_ss_attrs spectre_v1 spectre_v2 spec_store_bypass srso
bogomips	: 5499.66
TLB size	: 3584 4K pages
clflush size	: 64
cache_alignment	: 64
address sizes	: 52 bits physical, 57 bits virtual
power management: ts ttp tm hwpstate cpb eff_freq_ro [13] [14]

processor	: 44
vendor_id	: AuthenticAMD
cpu family	: 25
model		: 17
model name	: AMD EPYC 9454 48-Core Processor
stepping	: 1
microcode	: 0xa10113b
cpu MHz		: 2750.000
cache size	: 1024 KB
physical id	: 0
siblings	: 48
core id		: 82
cpu cores	: 48
apicid		: 82
initial apicid	: 82
fpu		: yes
fpu_exception	: yes
cpuid level	: 16
wp		: yes
flags		: fpu vme de pse tsc msr pae mce cx8 apic sep mtrr pge mca cmov pat pse36 clflush mmx fxsr sse sse2 ht syscall nx mmxext fxsr_opt pdpe1gb rdtscp lm constant_tsc rep_good amd_lbr_v2 nopl nonstop_tsc cpuid extd_apicid aperfmperf pni pclmulqdq monitor ssse3 fma cx16 pcid sse4_1 sse4_2 x2apic movbe popcnt aes xsave avx f16c rdrand lahf_lm cmp_legacy svm extapic cr8_legacy abm sse4a misalignsse 3dnowprefetch osvw ibs skinit wdt tce topoext perfctr_core perfctr_nb bpext perfctr_llc mwaitx cpb cat_l3 cdp_l3 invpcid_single hw_pstate ssbd mba perfmon_v2 ibrs ibpb stibp ibrs_enhanced vmmcall fsgsbase bmi1 avx2 smep bmi2 erms invpcid cqm rdt_a avx512f avx512dq rdseed adx smap avx512ifma clflushopt clwb avx512cd sha_ni avx512bw avx512vl xsaveopt xsavec xgetbv1 xsaves cqm_llc cqm_occup_llc cqm_mbm_total cqm_mbm_local avx512_bf16 clzero irperf xsaveerptr wbnoinvd amd_ppin cppc arat npt lbrv svm_lock nrip_save tsc_scale vmcb_clean flushbyasid decodeassists pausefilter pfthreshold avic v_vmsave_vmload vgif x2avic v_spec_ctrl avx512vbmi umip pku ospke avx512_vbmi2 gfni vaes vpclmulqdq avx512_vnni avx512_bitalg avx512_vpopcntdq la57 rdpid overflow_recov succor smca fsrm flush_l1d
bugs		: sysret_ss_attrs spectre_v1 spectre_v2 spec_store_bypass srso
bogomips	: 5499.66
TLB size	: 3584 4K pages
clflush size	: 64
cache_alignment	: 64
address sizes	: 52 bits physical, 57 bits virtual
power management: ts ttp tm hwpstate cpb eff_freq_ro [13] [14]

processor	: 45
vendor_id	: AuthenticAMD
cpu family	: 25
model		: 17
model name	: AMD EPYC 9454 48-Core Processor
stepping	: 1
microcode	: 0xa10113b
cpu MHz		: 2750.000
cache size	: 1024 KB
physical id	: 0
siblings	: 48
core id		: 83
cpu cores	: 48
apicid		: 83
initial apicid	: 83
fpu		: yes
fpu_exception	: yes
cpuid level	: 16
wp		: yes
flags		: fpu vme de pse tsc msr pae mce cx8 apic sep mtrr pge mca cmov pat pse36 clflush mmx fxsr sse sse2 ht syscall nx mmxext fxsr_opt pdpe1gb rdtscp lm constant_tsc rep_good amd_lbr_v2 nopl nonstop_tsc cpuid extd_apicid aperfmperf pni pclmulqdq monitor ssse3 fma cx16 pcid sse4_1 sse4_2 x2apic movbe popcnt aes xsave avx f16c rdrand lahf_lm cmp_legacy svm extapic cr8_legacy abm sse4a misalignsse 3dnowprefetch osvw ibs skinit wdt tce topoext perfctr_core perfctr_nb bpext perfctr_llc mwaitx cpb cat_l3 cdp_l3 invpcid_single hw_pstate ssbd mba perfmon_v2 ibrs ibpb stibp ibrs_enhanced vmmcall fsgsbase bmi1 avx2 smep bmi2 erms invpcid cqm rdt_a avx512f avx512dq rdseed adx smap avx512ifma clflushopt clwb avx512cd sha_ni avx512bw avx512vl xsaveopt xsavec xgetbv1 xsaves cqm_llc cqm_occup_llc cqm_mbm_total cqm_mbm_local avx512_bf16 clzero irperf xsaveerptr wbnoinvd amd_ppin cppc arat npt lbrv svm_lock nrip_save tsc_scale vmcb_clean flushbyasid decodeassists pausefilter pfthreshold avic v_vmsave_vmload vgif x2avic v_spec_ctrl avx512vbmi umip pku ospke avx512_vbmi2 gfni vaes vpclmulqdq avx512_vnni avx512_bitalg avx512_vpopcntdq la57 rdpid overflow_recov succor smca fsrm flush_l1d
bugs		: sysret_ss_attrs spectre_v1 spectre_v2 spec_store_bypass srso
bogomips	: 5499.66
TLB size	: 3584 4K pages
clflush size	: 64
cache_alignment	: 64
address sizes	: 52 bits physical, 57 bits virtual
power management: ts ttp tm hwpstate cpb eff_freq_ro [13] [14]

processor	: 46
vendor_id	: AuthenticAMD
cpu family	: 25
model		: 17
model name	: AMD EPYC 9454 48-Core Processor
stepping	: 1
microcode	: 0xa10113b
cpu MHz		: 2750.000
cache size	: 1024 KB
physical id	: 0
siblings	: 48
core id		: 84
cpu cores	: 48
apicid		: 84
initial apicid	: 84
fpu		: yes
fpu_exception	: yes
cpuid level	: 16
wp		: yes
flags		: fpu vme de pse tsc msr pae mce cx8 apic sep mtrr pge mca cmov pat pse36 clflush mmx fxsr sse sse2 ht syscall nx mmxext fxsr_opt pdpe1gb rdtscp lm constant_tsc rep_good amd_lbr_v2 nopl nonstop_tsc cpuid extd_apicid aperfmperf pni pclmulqdq monitor ssse3 fma cx16 pcid sse4_1 sse4_2 x2apic movbe popcnt aes xsave avx f16c rdrand lahf_lm cmp_legacy svm extapic cr8_legacy abm sse4a misalignsse 3dnowprefetch osvw ibs skinit wdt tce topoext perfctr_core perfctr_nb bpext perfctr_llc mwaitx cpb cat_l3 cdp_l3 invpcid_single hw_pstate ssbd mba perfmon_v2 ibrs ibpb stibp ibrs_enhanced vmmcall fsgsbase bmi1 avx2 smep bmi2 erms invpcid cqm rdt_a avx512f avx512dq rdseed adx smap avx512ifma clflushopt clwb avx512cd sha_ni avx512bw avx512vl xsaveopt xsavec xgetbv1 xsaves cqm_llc cqm_occup_llc cqm_mbm_total cqm_mbm_local avx512_bf16 clzero irperf xsaveerptr wbnoinvd amd_ppin cppc arat npt lbrv svm_lock nrip_save tsc_scale vmcb_clean flushbyasid decodeassists pausefilter pfthreshold avic v_vmsave_vmload vgif x2avic v_spec_ctrl avx512vbmi umip pku ospke avx512_vbmi2 gfni vaes vpclmulqdq avx512_vnni avx512_bitalg avx512_vpopcntdq la57 rdpid overflow_recov succor smca fsrm flush_l1d
bugs		: sysret_ss_attrs spectre_v1 spectre_v2 spec_store_bypass srso
bogomips	: 5499.66
TLB size	: 3584 4K pages
clflush size	: 64
cache_alignment	: 64
address sizes	: 52 bits physical, 57 bits virtual
power management: ts ttp tm hwpstate cpb eff_freq_ro [13] [14]

processor	: 47
vendor_id	: AuthenticAMD
cpu family	: 25
model		: 17
model name	: AMD EPYC 9454 48-Core Processor
stepping	: 1
microcode	: 0xa10113b
cpu MHz		: 2750.000
cache size	: 1024 KB
physical id	: 0
siblings	: 48
core id		: 85
cpu cores	: 48
apicid		: 85
initial apicid	: 85
fpu		: yes
fpu_exception	: yes
cpuid level	: 16
wp		: yes
flags		: fpu vme de pse tsc msr pae mce cx8 apic sep mtrr pge mca cmov pat pse36 clflush mmx fxsr sse sse2 ht syscall nx mmxext fxsr_opt pdpe1gb rdtscp lm constant_tsc rep_good amd_lbr_v2 nopl nonstop_tsc cpuid extd_apicid aperfmperf pni pclmulqdq monitor ssse3 fma cx16 pcid sse4_1 sse4_2 x2apic movbe popcnt aes xsave avx f16c rdrand lahf_lm cmp_legacy svm extapic cr8_legacy abm sse4a misalignsse 3dnowprefetch osvw ibs skinit wdt tce topoext perfctr_core perfctr_nb bpext perfctr_llc mwaitx cpb cat_l3 cdp_l3 invpcid_single hw_pstate ssbd mba perfmon_v2 ibrs ibpb stibp ibrs_enhanced vmmcall fsgsbase bmi1 avx2 smep bmi2 erms invpcid cqm rdt_a avx512f avx512dq rdseed adx smap avx512ifma clflushopt clwb avx512cd sha_ni avx512bw avx512vl xsaveopt xsavec xgetbv1 xsaves cqm_llc cqm_occup_llc cqm_mbm_total cqm_mbm_local avx512_bf16 clzero irperf xsaveerptr wbnoinvd amd_ppin cppc arat npt lbrv svm_lock nrip_save tsc_scale vmcb_clean flushbyasid decodeassists pausefilter pfthreshold avic v_vmsave_vmload vgif x2avic v_spec_ctrl avx512vbmi umip pku ospke avx512_vbmi2 gfni vaes vpclmulqdq avx512_vnni avx512_bitalg avx512_vpopcntdq la57 rdpid overflow_recov succor smca fsrm flush_l1d
bugs		: sysret_ss_attrs spectre_v1 spectre_v2 spec_store_bypass srso
bogomips	: 5499.66
TLB size	: 3584 4K pages
clflush size	: 64
cache_alignment	: 64
address sizes	: 52 bits physical, 57 bits virtual
power management: ts ttp tm hwpstate cpb eff_freq_ro [13] [14]

processor	: 48
vendor_id	: AuthenticAMD
cpu family	: 25
model		: 17
model name	: AMD EPYC 9454 48-Core Processor
stepping	: 1
microcode	: 0xa10113b
cpu MHz		: 2750.000
cache size	: 1024 KB
physical id	: 1
siblings	: 48
core id		: 0
cpu cores	: 48
apicid		: 128
initial apicid	: 128
fpu		: yes
fpu_exception	: yes
cpuid level	: 16
wp		: yes
flags		: fpu vme de pse tsc msr pae mce cx8 apic sep mtrr pge mca cmov pat pse36 clflush mmx fxsr sse sse2 ht syscall nx mmxext fxsr_opt pdpe1gb rdtscp lm constant_tsc rep_good amd_lbr_v2 nopl nonstop_tsc cpuid extd_apicid aperfmperf pni pclmulqdq monitor ssse3 fma cx16 pcid sse4_1 sse4_2 x2apic movbe popcnt aes xsave avx f16c rdrand lahf_lm cmp_legacy svm extapic cr8_legacy abm sse4a misalignsse 3dnowprefetch osvw ibs skinit wdt tce topoext perfctr_core perfctr_nb bpext perfctr_llc mwaitx cpb cat_l3 cdp_l3 invpcid_single hw_pstate ssbd mba perfmon_v2 ibrs ibpb stibp ibrs_enhanced vmmcall fsgsbase bmi1 avx2 smep bmi2 erms invpcid cqm rdt_a avx512f avx512dq rdseed adx smap avx512ifma clflushopt clwb avx512cd sha_ni avx512bw avx512vl xsaveopt xsavec xgetbv1 xsaves cqm_llc cqm_occup_llc cqm_mbm_total cqm_mbm_local avx512_bf16 clzero irperf xsaveerptr wbnoinvd amd_ppin cppc arat npt lbrv svm_lock nrip_save tsc_scale vmcb_clean flushbyasid decodeassists pausefilter pfthreshold avic v_vmsave_vmload vgif x2avic v_spec_ctrl avx512vbmi umip pku ospke avx512_vbmi2 gfni vaes vpclmulqdq avx512_vnni avx512_bitalg avx512_vpopcntdq la57 rdpid overflow_recov succor smca fsrm flush_l1d
bugs		: sysret_ss_attrs spectre_v1 spectre_v2 spec_store_bypass srso
bogomips	: 5488.64
TLB size	: 3584 4K pages
clflush size	: 64
cache_alignment	: 64
address sizes	: 52 bits physical, 57 bits virtual
power management: ts ttp tm hwpstate cpb eff_freq_ro [13] [14]

processor	: 49
vendor_id	: AuthenticAMD
cpu family	: 25
model		: 17
model name	: AMD EPYC 9454 48-Core Processor
stepping	: 1
microcode	: 0xa10113b
cpu MHz		: 3799.674
cache size	: 1024 KB
physical id	: 1
siblings	: 48
core id		: 1
cpu cores	: 48
apicid		: 129
initial apicid	: 129
fpu		: yes
fpu_exception	: yes
cpuid level	: 16
wp		: yes
flags		: fpu vme de pse tsc msr pae mce cx8 apic sep mtrr pge mca cmov pat pse36 clflush mmx fxsr sse sse2 ht syscall nx mmxext fxsr_opt pdpe1gb rdtscp lm constant_tsc rep_good amd_lbr_v2 nopl nonstop_tsc cpuid extd_apicid aperfmperf pni pclmulqdq monitor ssse3 fma cx16 pcid sse4_1 sse4_2 x2apic movbe popcnt aes xsave avx f16c rdrand lahf_lm cmp_legacy svm extapic cr8_legacy abm sse4a misalignsse 3dnowprefetch osvw ibs skinit wdt tce topoext perfctr_core perfctr_nb bpext perfctr_llc mwaitx cpb cat_l3 cdp_l3 invpcid_single hw_pstate ssbd mba perfmon_v2 ibrs ibpb stibp ibrs_enhanced vmmcall fsgsbase bmi1 avx2 smep bmi2 erms invpcid cqm rdt_a avx512f avx512dq rdseed adx smap avx512ifma clflushopt clwb avx512cd sha_ni avx512bw avx512vl xsaveopt xsavec xgetbv1 xsaves cqm_llc cqm_occup_llc cqm_mbm_total cqm_mbm_local avx512_bf16 clzero irperf xsaveerptr wbnoinvd amd_ppin cppc arat npt lbrv svm_lock nrip_save tsc_scale vmcb_clean flushbyasid decodeassists pausefilter pfthreshold avic v_vmsave_vmload vgif x2avic v_spec_ctrl avx512vbmi umip pku ospke avx512_vbmi2 gfni vaes vpclmulqdq avx512_vnni avx512_bitalg avx512_vpopcntdq la57 rdpid overflow_recov succor smca fsrm flush_l1d
bugs		: sysret_ss_attrs spectre_v1 spectre_v2 spec_store_bypass srso
bogomips	: 5488.64
TLB size	: 3584 4K pages
clflush size	: 64
cache_alignment	: 64
address sizes	: 52 bits physical, 57 bits virtual
power management: ts ttp tm hwpstate cpb eff_freq_ro [13] [14]

processor	: 50
vendor_id	: AuthenticAMD
cpu family	: 25
model		: 17
model name	: AMD EPYC 9454 48-Core Processor
stepping	: 1
microcode	: 0xa10113b
cpu MHz		: 2750.000
cache size	: 1024 KB
physical id	: 1
siblings	: 48
core id		: 2
cpu cores	: 48
apicid		: 130
initial apicid	: 130
fpu		: yes
fpu_exception	: yes
cpuid level	: 16
wp		: yes
flags		: fpu vme de pse tsc msr pae mce cx8 apic sep mtrr pge mca cmov pat pse36 clflush mmx fxsr sse sse2 ht syscall nx mmxext fxsr_opt pdpe1gb rdtscp lm constant_tsc rep_good amd_lbr_v2 nopl nonstop_tsc cpuid extd_apicid aperfmperf pni pclmulqdq monitor ssse3 fma cx16 pcid sse4_1 sse4_2 x2apic movbe popcnt aes xsave avx f16c rdrand lahf_lm cmp_legacy svm extapic cr8_legacy abm sse4a misalignsse 3dnowprefetch osvw ibs skinit wdt tce topoext perfctr_core perfctr_nb bpext perfctr_llc mwaitx cpb cat_l3 cdp_l3 invpcid_single hw_pstate ssbd mba perfmon_v2 ibrs ibpb stibp ibrs_enhanced vmmcall fsgsbase bmi1 avx2 smep bmi2 erms invpcid cqm rdt_a avx512f avx512dq rdseed adx smap avx512ifma clflushopt clwb avx512cd sha_ni avx512bw avx512vl xsaveopt xsavec xgetbv1 xsaves cqm_llc cqm_occup_llc cqm_mbm_total cqm_mbm_local avx512_bf16 clzero irperf xsaveerptr wbnoinvd amd_ppin cppc arat npt lbrv svm_lock nrip_save tsc_scale vmcb_clean flushbyasid decodeassists pausefilter pfthreshold avic v_vmsave_vmload vgif x2avic v_spec_ctrl avx512vbmi umip pku ospke avx512_vbmi2 gfni vaes vpclmulqdq avx512_vnni avx512_bitalg avx512_vpopcntdq la57 rdpid overflow_recov succor smca fsrm flush_l1d
bugs		: sysret_ss_attrs spectre_v1 spectre_v2 spec_store_bypass srso
bogomips	: 5488.64
TLB size	: 3584 4K pages
clflush size	: 64
cache_alignment	: 64
address sizes	: 52 bits physical, 57 bits virtual
power management: ts ttp tm hwpstate cpb eff_freq_ro [13] [14]

processor	: 51
vendor_id	: AuthenticAMD
cpu family	: 25
model		: 17
model name	: AMD EPYC 9454 48-Core Processor
stepping	: 1
microcode	: 0xa10113b
cpu MHz		: 2750.000
cache size	: 1024 KB
physical id	: 1
siblings	: 48
core id		: 3
cpu cores	: 48
apicid		: 131
initial apicid	: 131
fpu		: yes
fpu_exception	: yes
cpuid level	: 16
wp		: yes
flags		: fpu vme de pse tsc msr pae mce cx8 apic sep mtrr pge mca cmov pat pse36 clflush mmx fxsr sse sse2 ht syscall nx mmxext fxsr_opt pdpe1gb rdtscp lm constant_tsc rep_good amd_lbr_v2 nopl nonstop_tsc cpuid extd_apicid aperfmperf pni pclmulqdq monitor ssse3 fma cx16 pcid sse4_1 sse4_2 x2apic movbe popcnt aes xsave avx f16c rdrand lahf_lm cmp_legacy svm extapic cr8_legacy abm sse4a misalignsse 3dnowprefetch osvw ibs skinit wdt tce topoext perfctr_core perfctr_nb bpext perfctr_llc mwaitx cpb cat_l3 cdp_l3 invpcid_single hw_pstate ssbd mba perfmon_v2 ibrs ibpb stibp ibrs_enhanced vmmcall fsgsbase bmi1 avx2 smep bmi2 erms invpcid cqm rdt_a avx512f avx512dq rdseed adx smap avx512ifma clflushopt clwb avx512cd sha_ni avx512bw avx512vl xsaveopt xsavec xgetbv1 xsaves cqm_llc cqm_occup_llc cqm_mbm_total cqm_mbm_local avx512_bf16 clzero irperf xsaveerptr wbnoinvd amd_ppin cppc arat npt lbrv svm_lock nrip_save tsc_scale vmcb_clean flushbyasid decodeassists pausefilter pfthreshold avic v_vmsave_vmload vgif x2avic v_spec_ctrl avx512vbmi umip pku ospke avx512_vbmi2 gfni vaes vpclmulqdq avx512_vnni avx512_bitalg avx512_vpopcntdq la57 rdpid overflow_recov succor smca fsrm flush_l1d
bugs		: sysret_ss_attrs spectre_v1 spectre_v2 spec_store_bypass srso
bogomips	: 5488.64
TLB size	: 3584 4K pages
clflush size	: 64
cache_alignment	: 64
address sizes	: 52 bits physical, 57 bits virtual
power management: ts ttp tm hwpstate cpb eff_freq_ro [13] [14]

processor	: 52
vendor_id	: AuthenticAMD
cpu family	: 25
model		: 17
model name	: AMD EPYC 9454 48-Core Processor
stepping	: 1
microcode	: 0xa10113b
cpu MHz		: 2750.000
cache size	: 1024 KB
physical id	: 1
siblings	: 48
core id		: 4
cpu cores	: 48
apicid		: 132
initial apicid	: 132
fpu		: yes
fpu_exception	: yes
cpuid level	: 16
wp		: yes
flags		: fpu vme de pse tsc msr pae mce cx8 apic sep mtrr pge mca cmov pat pse36 clflush mmx fxsr sse sse2 ht syscall nx mmxext fxsr_opt pdpe1gb rdtscp lm constant_tsc rep_good amd_lbr_v2 nopl nonstop_tsc cpuid extd_apicid aperfmperf pni pclmulqdq monitor ssse3 fma cx16 pcid sse4_1 sse4_2 x2apic movbe popcnt aes xsave avx f16c rdrand lahf_lm cmp_legacy svm extapic cr8_legacy abm sse4a misalignsse 3dnowprefetch osvw ibs skinit wdt tce topoext perfctr_core perfctr_nb bpext perfctr_llc mwaitx cpb cat_l3 cdp_l3 invpcid_single hw_pstate ssbd mba perfmon_v2 ibrs ibpb stibp ibrs_enhanced vmmcall fsgsbase bmi1 avx2 smep bmi2 erms invpcid cqm rdt_a avx512f avx512dq rdseed adx smap avx512ifma clflushopt clwb avx512cd sha_ni avx512bw avx512vl xsaveopt xsavec xgetbv1 xsaves cqm_llc cqm_occup_llc cqm_mbm_total cqm_mbm_local avx512_bf16 clzero irperf xsaveerptr wbnoinvd amd_ppin cppc arat npt lbrv svm_lock nrip_save tsc_scale vmcb_clean flushbyasid decodeassists pausefilter pfthreshold avic v_vmsave_vmload vgif x2avic v_spec_ctrl avx512vbmi umip pku ospke avx512_vbmi2 gfni vaes vpclmulqdq avx512_vnni avx512_bitalg avx512_vpopcntdq la57 rdpid overflow_recov succor smca fsrm flush_l1d
bugs		: sysret_ss_attrs spectre_v1 spectre_v2 spec_store_bypass srso
bogomips	: 5488.64
TLB size	: 3584 4K pages
clflush size	: 64
cache_alignment	: 64
address sizes	: 52 bits physical, 57 bits virtual
power management: ts ttp tm hwpstate cpb eff_freq_ro [13] [14]

processor	: 53
vendor_id	: AuthenticAMD
cpu family	: 25
model		: 17
model name	: AMD EPYC 9454 48-Core Processor
stepping	: 1
microcode	: 0xa10113b
cpu MHz		: 2750.000
cache size	: 1024 KB
physical id	: 1
siblings	: 48
core id		: 5
cpu cores	: 48
apicid		: 133
initial apicid	: 133
fpu		: yes
fpu_exception	: yes
cpuid level	: 16
wp		: yes
flags		: fpu vme de pse tsc msr pae mce cx8 apic sep mtrr pge mca cmov pat pse36 clflush mmx fxsr sse sse2 ht syscall nx mmxext fxsr_opt pdpe1gb rdtscp lm constant_tsc rep_good amd_lbr_v2 nopl nonstop_tsc cpuid extd_apicid aperfmperf pni pclmulqdq monitor ssse3 fma cx16 pcid sse4_1 sse4_2 x2apic movbe popcnt aes xsave avx f16c rdrand lahf_lm cmp_legacy svm extapic cr8_legacy abm sse4a misalignsse 3dnowprefetch osvw ibs skinit wdt tce topoext perfctr_core perfctr_nb bpext perfctr_llc mwaitx cpb cat_l3 cdp_l3 invpcid_single hw_pstate ssbd mba perfmon_v2 ibrs ibpb stibp ibrs_enhanced vmmcall fsgsbase bmi1 avx2 smep bmi2 erms invpcid cqm rdt_a avx512f avx512dq rdseed adx smap avx512ifma clflushopt clwb avx512cd sha_ni avx512bw avx512vl xsaveopt xsavec xgetbv1 xsaves cqm_llc cqm_occup_llc cqm_mbm_total cqm_mbm_local avx512_bf16 clzero irperf xsaveerptr wbnoinvd amd_ppin cppc arat npt lbrv svm_lock nrip_save tsc_scale vmcb_clean flushbyasid decodeassists pausefilter pfthreshold avic v_vmsave_vmload vgif x2avic v_spec_ctrl avx512vbmi umip pku ospke avx512_vbmi2 gfni vaes vpclmulqdq avx512_vnni avx512_bitalg avx512_vpopcntdq la57 rdpid overflow_recov succor smca fsrm flush_l1d
bugs		: sysret_ss_attrs spectre_v1 spectre_v2 spec_store_bypass srso
bogomips	: 5488.64
TLB size	: 3584 4K pages
clflush size	: 64
cache_alignment	: 64
address sizes	: 52 bits physical, 57 bits virtual
power management: ts ttp tm hwpstate cpb eff_freq_ro [13] [14]

processor	: 54
vendor_id	: AuthenticAMD
cpu family	: 25
model		: 17
model name	: AMD EPYC 9454 48-Core Processor
stepping	: 1
microcode	: 0xa10113b
cpu MHz		: 2750.000
cache size	: 1024 KB
physical id	: 1
siblings	: 48
core id		: 64
cpu cores	: 48
apicid		: 192
initial apicid	: 192
fpu		: yes
fpu_exception	: yes
cpuid level	: 16
wp		: yes
flags		: fpu vme de pse tsc msr pae mce cx8 apic sep mtrr pge mca cmov pat pse36 clflush mmx fxsr sse sse2 ht syscall nx mmxext fxsr_opt pdpe1gb rdtscp lm constant_tsc rep_good amd_lbr_v2 nopl nonstop_tsc cpuid extd_apicid aperfmperf pni pclmulqdq monitor ssse3 fma cx16 pcid sse4_1 sse4_2 x2apic movbe popcnt aes xsave avx f16c rdrand lahf_lm cmp_legacy svm extapic cr8_legacy abm sse4a misalignsse 3dnowprefetch osvw ibs skinit wdt tce topoext perfctr_core perfctr_nb bpext perfctr_llc mwaitx cpb cat_l3 cdp_l3 invpcid_single hw_pstate ssbd mba perfmon_v2 ibrs ibpb stibp ibrs_enhanced vmmcall fsgsbase bmi1 avx2 smep bmi2 erms invpcid cqm rdt_a avx512f avx512dq rdseed adx smap avx512ifma clflushopt clwb avx512cd sha_ni avx512bw avx512vl xsaveopt xsavec xgetbv1 xsaves cqm_llc cqm_occup_llc cqm_mbm_total cqm_mbm_local avx512_bf16 clzero irperf xsaveerptr wbnoinvd amd_ppin cppc arat npt lbrv svm_lock nrip_save tsc_scale vmcb_clean flushbyasid decodeassists pausefilter pfthreshold avic v_vmsave_vmload vgif x2avic v_spec_ctrl avx512vbmi umip pku ospke avx512_vbmi2 gfni vaes vpclmulqdq avx512_vnni avx512_bitalg avx512_vpopcntdq la57 rdpid overflow_recov succor smca fsrm flush_l1d
bugs		: sysret_ss_attrs spectre_v1 spectre_v2 spec_store_bypass srso
bogomips	: 5488.64
TLB size	: 3584 4K pages
clflush size	: 64
cache_alignment	: 64
address sizes	: 52 bits physical, 57 bits virtual
power management: ts ttp tm hwpstate cpb eff_freq_ro [13] [14]

processor	: 55
vendor_id	: AuthenticAMD
cpu family	: 25
model		: 17
model name	: AMD EPYC 9454 48-Core Processor
stepping	: 1
microcode	: 0xa10113b
cpu MHz		: 2750.000
cache size	: 1024 KB
physical id	: 1
siblings	: 48
core id		: 65
cpu cores	: 48
apicid		: 193
initial apicid	: 193
fpu		: yes
fpu_exception	: yes
cpuid level	: 16
wp		: yes
flags		: fpu vme de pse tsc msr pae mce cx8 apic sep mtrr pge mca cmov pat pse36 clflush mmx fxsr sse sse2 ht syscall nx mmxext fxsr_opt pdpe1gb rdtscp lm constant_tsc rep_good amd_lbr_v2 nopl nonstop_tsc cpuid extd_apicid aperfmperf pni pclmulqdq monitor ssse3 fma cx16 pcid sse4_1 sse4_2 x2apic movbe popcnt aes xsave avx f16c rdrand lahf_lm cmp_legacy svm extapic cr8_legacy abm sse4a misalignsse 3dnowprefetch osvw ibs skinit wdt tce topoext perfctr_core perfctr_nb bpext perfctr_llc mwaitx cpb cat_l3 cdp_l3 invpcid_single hw_pstate ssbd mba perfmon_v2 ibrs ibpb stibp ibrs_enhanced vmmcall fsgsbase bmi1 avx2 smep bmi2 erms invpcid cqm rdt_a avx512f avx512dq rdseed adx smap avx512ifma clflushopt clwb avx512cd sha_ni avx512bw avx512vl xsaveopt xsavec xgetbv1 xsaves cqm_llc cqm_occup_llc cqm_mbm_total cqm_mbm_local avx512_bf16 clzero irperf xsaveerptr wbnoinvd amd_ppin cppc arat npt lbrv svm_lock nrip_save tsc_scale vmcb_clean flushbyasid decodeassists pausefilter pfthreshold avic v_vmsave_vmload vgif x2avic v_spec_ctrl avx512vbmi umip pku ospke avx512_vbmi2 gfni vaes vpclmulqdq avx512_vnni avx512_bitalg avx512_vpopcntdq la57 rdpid overflow_recov succor smca fsrm flush_l1d
bugs		: sysret_ss_attrs spectre_v1 spectre_v2 spec_store_bypass srso
bogomips	: 5488.64
TLB size	: 3584 4K pages
clflush size	: 64
cache_alignment	: 64
address sizes	: 52 bits physical, 57 bits virtual
power management: ts ttp tm hwpstate cpb eff_freq_ro [13] [14]

processor	: 56
vendor_id	: AuthenticAMD
cpu family	: 25
model		: 17
model name	: AMD EPYC 9454 48-Core Processor
stepping	: 1
microcode	: 0xa10113b
cpu MHz		: 2750.000
cache size	: 1024 KB
physical id	: 1
siblings	: 48
core id		: 66
cpu cores	: 48
apicid		: 194
initial apicid	: 194
fpu		: yes
fpu_exception	: yes
cpuid level	: 16
wp		: yes
flags		: fpu vme de pse tsc msr pae mce cx8 apic sep mtrr pge mca cmov pat pse36 clflush mmx fxsr sse sse2 ht syscall nx mmxext fxsr_opt pdpe1gb rdtscp lm constant_tsc rep_good amd_lbr_v2 nopl nonstop_tsc cpuid extd_apicid aperfmperf pni pclmulqdq monitor ssse3 fma cx16 pcid sse4_1 sse4_2 x2apic movbe popcnt aes xsave avx f16c rdrand lahf_lm cmp_legacy svm extapic cr8_legacy abm sse4a misalignsse 3dnowprefetch osvw ibs skinit wdt tce topoext perfctr_core perfctr_nb bpext perfctr_llc mwaitx cpb cat_l3 cdp_l3 invpcid_single hw_pstate ssbd mba perfmon_v2 ibrs ibpb stibp ibrs_enhanced vmmcall fsgsbase bmi1 avx2 smep bmi2 erms invpcid cqm rdt_a avx512f avx512dq rdseed adx smap avx512ifma clflushopt clwb avx512cd sha_ni avx512bw avx512vl xsaveopt xsavec xgetbv1 xsaves cqm_llc cqm_occup_llc cqm_mbm_total cqm_mbm_local avx512_bf16 clzero irperf xsaveerptr wbnoinvd amd_ppin cppc arat npt lbrv svm_lock nrip_save tsc_scale vmcb_clean flushbyasid decodeassists pausefilter pfthreshold avic v_vmsave_vmload vgif x2avic v_spec_ctrl avx512vbmi umip pku ospke avx512_vbmi2 gfni vaes vpclmulqdq avx512_vnni avx512_bitalg avx512_vpopcntdq la57 rdpid overflow_recov succor smca fsrm flush_l1d
bugs		: sysret_ss_attrs spectre_v1 spectre_v2 spec_store_bypass srso
bogomips	: 5488.64
TLB size	: 3584 4K pages
clflush size	: 64
cache_alignment	: 64
address sizes	: 52 bits physical, 57 bits virtual
power management: ts ttp tm hwpstate cpb eff_freq_ro [13] [14]

processor	: 57
vendor_id	: AuthenticAMD
cpu family	: 25
model		: 17
model name	: AMD EPYC 9454 48-Core Processor
stepping	: 1
microcode	: 0xa10113b
cpu MHz		: 2750.000
cache size	: 1024 KB
physical id	: 1
siblings	: 48
core id		: 67
cpu cores	: 48
apicid		: 195
initial apicid	: 195
fpu		: yes
fpu_exception	: yes
cpuid level	: 16
wp		: yes
flags		: fpu vme de pse tsc msr pae mce cx8 apic sep mtrr pge mca cmov pat pse36 clflush mmx fxsr sse sse2 ht syscall nx mmxext fxsr_opt pdpe1gb rdtscp lm constant_tsc rep_good amd_lbr_v2 nopl nonstop_tsc cpuid extd_apicid aperfmperf pni pclmulqdq monitor ssse3 fma cx16 pcid sse4_1 sse4_2 x2apic movbe popcnt aes xsave avx f16c rdrand lahf_lm cmp_legacy svm extapic cr8_legacy abm sse4a misalignsse 3dnowprefetch osvw ibs skinit wdt tce topoext perfctr_core perfctr_nb bpext perfctr_llc mwaitx cpb cat_l3 cdp_l3 invpcid_single hw_pstate ssbd mba perfmon_v2 ibrs ibpb stibp ibrs_enhanced vmmcall fsgsbase bmi1 avx2 smep bmi2 erms invpcid cqm rdt_a avx512f avx512dq rdseed adx smap avx512ifma clflushopt clwb avx512cd sha_ni avx512bw avx512vl xsaveopt xsavec xgetbv1 xsaves cqm_llc cqm_occup_llc cqm_mbm_total cqm_mbm_local avx512_bf16 clzero irperf xsaveerptr wbnoinvd amd_ppin cppc arat npt lbrv svm_lock nrip_save tsc_scale vmcb_clean flushbyasid decodeassists pausefilter pfthreshold avic v_vmsave_vmload vgif x2avic v_spec_ctrl avx512vbmi umip pku ospke avx512_vbmi2 gfni vaes vpclmulqdq avx512_vnni avx512_bitalg avx512_vpopcntdq la57 rdpid overflow_recov succor smca fsrm flush_l1d
bugs		: sysret_ss_attrs spectre_v1 spectre_v2 spec_store_bypass srso
bogomips	: 5488.64
TLB size	: 3584 4K pages
clflush size	: 64
cache_alignment	: 64
address sizes	: 52 bits physical, 57 bits virtual
power management: ts ttp tm hwpstate cpb eff_freq_ro [13] [14]

processor	: 58
vendor_id	: AuthenticAMD
cpu family	: 25
model		: 17
model name	: AMD EPYC 9454 48-Core Processor
stepping	: 1
microcode	: 0xa10113b
cpu MHz		: 2750.000
cache size	: 1024 KB
physical id	: 1
siblings	: 48
core id		: 68
cpu cores	: 48
apicid		: 196
initial apicid	: 196
fpu		: yes
fpu_exception	: yes
cpuid level	: 16
wp		: yes
flags		: fpu vme de pse tsc msr pae mce cx8 apic sep mtrr pge mca cmov pat pse36 clflush mmx fxsr sse sse2 ht syscall nx mmxext fxsr_opt pdpe1gb rdtscp lm constant_tsc rep_good amd_lbr_v2 nopl nonstop_tsc cpuid extd_apicid aperfmperf pni pclmulqdq monitor ssse3 fma cx16 pcid sse4_1 sse4_2 x2apic movbe popcnt aes xsave avx f16c rdrand lahf_lm cmp_legacy svm extapic cr8_legacy abm sse4a misalignsse 3dnowprefetch osvw ibs skinit wdt tce topoext perfctr_core perfctr_nb bpext perfctr_llc mwaitx cpb cat_l3 cdp_l3 invpcid_single hw_pstate ssbd mba perfmon_v2 ibrs ibpb stibp ibrs_enhanced vmmcall fsgsbase bmi1 avx2 smep bmi2 erms invpcid cqm rdt_a avx512f avx512dq rdseed adx smap avx512ifma clflushopt clwb avx512cd sha_ni avx512bw avx512vl xsaveopt xsavec xgetbv1 xsaves cqm_llc cqm_occup_llc cqm_mbm_total cqm_mbm_local avx512_bf16 clzero irperf xsaveerptr wbnoinvd amd_ppin cppc arat npt lbrv svm_lock nrip_save tsc_scale vmcb_clean flushbyasid decodeassists pausefilter pfthreshold avic v_vmsave_vmload vgif x2avic v_spec_ctrl avx512vbmi umip pku ospke avx512_vbmi2 gfni vaes vpclmulqdq avx512_vnni avx512_bitalg avx512_vpopcntdq la57 rdpid overflow_recov succor smca fsrm flush_l1d
bugs		: sysret_ss_attrs spectre_v1 spectre_v2 spec_store_bypass srso
bogomips	: 5488.64
TLB size	: 3584 4K pages
clflush size	: 64
cache_alignment	: 64
address sizes	: 52 bits physical, 57 bits virtual
power management: ts ttp tm hwpstate cpb eff_freq_ro [13] [14]

processor	: 59
vendor_id	: AuthenticAMD
cpu family	: 25
model		: 17
model name	: AMD EPYC 9454 48-Core Processor
stepping	: 1
microcode	: 0xa10113b
cpu MHz		: 2750.000
cache size	: 1024 KB
physical id	: 1
siblings	: 48
core id		: 69
cpu cores	: 48
apicid		: 197
initial apicid	: 197
fpu		: yes
fpu_exception	: yes
cpuid level	: 16
wp		: yes
flags		: fpu vme de pse tsc msr pae mce cx8 apic sep mtrr pge mca cmov pat pse36 clflush mmx fxsr sse sse2 ht syscall nx mmxext fxsr_opt pdpe1gb rdtscp lm constant_tsc rep_good amd_lbr_v2 nopl nonstop_tsc cpuid extd_apicid aperfmperf pni pclmulqdq monitor ssse3 fma cx16 pcid sse4_1 sse4_2 x2apic movbe popcnt aes xsave avx f16c rdrand lahf_lm cmp_legacy svm extapic cr8_legacy abm sse4a misalignsse 3dnowprefetch osvw ibs skinit wdt tce topoext perfctr_core perfctr_nb bpext perfctr_llc mwaitx cpb cat_l3 cdp_l3 invpcid_single hw_pstate ssbd mba perfmon_v2 ibrs ibpb stibp ibrs_enhanced vmmcall fsgsbase bmi1 avx2 smep bmi2 erms invpcid cqm rdt_a avx512f avx512dq rdseed adx smap avx512ifma clflushopt clwb avx512cd sha_ni avx512bw avx512vl xsaveopt xsavec xgetbv1 xsaves cqm_llc cqm_occup_llc cqm_mbm_total cqm_mbm_local avx512_bf16 clzero irperf xsaveerptr wbnoinvd amd_ppin cppc arat npt lbrv svm_lock nrip_save tsc_scale vmcb_clean flushbyasid decodeassists pausefilter pfthreshold avic v_vmsave_vmload vgif x2avic v_spec_ctrl avx512vbmi umip pku ospke avx512_vbmi2 gfni vaes vpclmulqdq avx512_vnni avx512_bitalg avx512_vpopcntdq la57 rdpid overflow_recov succor smca fsrm flush_l1d
bugs		: sysret_ss_attrs spectre_v1 spectre_v2 spec_store_bypass srso
bogomips	: 5488.64
TLB size	: 3584 4K pages
clflush size	: 64
cache_alignment	: 64
address sizes	: 52 bits physical, 57 bits virtual
power management: ts ttp tm hwpstate cpb eff_freq_ro [13] [14]

processor	: 60
vendor_id	: AuthenticAMD
cpu family	: 25
model		: 17
model name	: AMD EPYC 9454 48-Core Processor
stepping	: 1
microcode	: 0xa10113b
cpu MHz		: 2750.000
cache size	: 1024 KB
physical id	: 1
siblings	: 48
core id		: 32
cpu cores	: 48
apicid		: 160
initial apicid	: 160
fpu		: yes
fpu_exception	: yes
cpuid level	: 16
wp		: yes
flags		: fpu vme de pse tsc msr pae mce cx8 apic sep mtrr pge mca cmov pat pse36 clflush mmx fxsr sse sse2 ht syscall nx mmxext fxsr_opt pdpe1gb rdtscp lm constant_tsc rep_good amd_lbr_v2 nopl nonstop_tsc cpuid extd_apicid aperfmperf pni pclmulqdq monitor ssse3 fma cx16 pcid sse4_1 sse4_2 x2apic movbe popcnt aes xsave avx f16c rdrand lahf_lm cmp_legacy svm extapic cr8_legacy abm sse4a misalignsse 3dnowprefetch osvw ibs skinit wdt tce topoext perfctr_core perfctr_nb bpext perfctr_llc mwaitx cpb cat_l3 cdp_l3 invpcid_single hw_pstate ssbd mba perfmon_v2 ibrs ibpb stibp ibrs_enhanced vmmcall fsgsbase bmi1 avx2 smep bmi2 erms invpcid cqm rdt_a avx512f avx512dq rdseed adx smap avx512ifma clflushopt clwb avx512cd sha_ni avx512bw avx512vl xsaveopt xsavec xgetbv1 xsaves cqm_llc cqm_occup_llc cqm_mbm_total cqm_mbm_local avx512_bf16 clzero irperf xsaveerptr wbnoinvd amd_ppin cppc arat npt lbrv svm_lock nrip_save tsc_scale vmcb_clean flushbyasid decodeassists pausefilter pfthreshold avic v_vmsave_vmload vgif x2avic v_spec_ctrl avx512vbmi umip pku ospke avx512_vbmi2 gfni vaes vpclmulqdq avx512_vnni avx512_bitalg avx512_vpopcntdq la57 rdpid overflow_recov succor smca fsrm flush_l1d
bugs		: sysret_ss_attrs spectre_v1 spectre_v2 spec_store_bypass srso
bogomips	: 5488.64
TLB size	: 3584 4K pages
clflush size	: 64
cache_alignment	: 64
address sizes	: 52 bits physical, 57 bits virtual
power management: ts ttp tm hwpstate cpb eff_freq_ro [13] [14]

processor	: 61
vendor_id	: AuthenticAMD
cpu family	: 25
model		: 17
model name	: AMD EPYC 9454 48-Core Processor
stepping	: 1
microcode	: 0xa10113b
cpu MHz		: 2750.000
cache size	: 1024 KB
physical id	: 1
siblings	: 48
core id		: 33
cpu cores	: 48
apicid		: 161
initial apicid	: 161
fpu		: yes
fpu_exception	: yes
cpuid level	: 16
wp		: yes
flags		: fpu vme de pse tsc msr pae mce cx8 apic sep mtrr pge mca cmov pat pse36 clflush mmx fxsr sse sse2 ht syscall nx mmxext fxsr_opt pdpe1gb rdtscp lm constant_tsc rep_good amd_lbr_v2 nopl nonstop_tsc cpuid extd_apicid aperfmperf pni pclmulqdq monitor ssse3 fma cx16 pcid sse4_1 sse4_2 x2apic movbe popcnt aes xsave avx f16c rdrand lahf_lm cmp_legacy svm extapic cr8_legacy abm sse4a misalignsse 3dnowprefetch osvw ibs skinit wdt tce topoext perfctr_core perfctr_nb bpext perfctr_llc mwaitx cpb cat_l3 cdp_l3 invpcid_single hw_pstate ssbd mba perfmon_v2 ibrs ibpb stibp ibrs_enhanced vmmcall fsgsbase bmi1 avx2 smep bmi2 erms invpcid cqm rdt_a avx512f avx512dq rdseed adx smap avx512ifma clflushopt clwb avx512cd sha_ni avx512bw avx512vl xsaveopt xsavec xgetbv1 xsaves cqm_llc cqm_occup_llc cqm_mbm_total cqm_mbm_local avx512_bf16 clzero irperf xsaveerptr wbnoinvd amd_ppin cppc arat npt lbrv svm_lock nrip_save tsc_scale vmcb_clean flushbyasid decodeassists pausefilter pfthreshold avic v_vmsave_vmload vgif x2avic v_spec_ctrl avx512vbmi umip pku ospke avx512_vbmi2 gfni vaes vpclmulqdq avx512_vnni avx512_bitalg avx512_vpopcntdq la57 rdpid overflow_recov succor smca fsrm flush_l1d
bugs		: sysret_ss_attrs spectre_v1 spectre_v2 spec_store_bypass srso
bogomips	: 5488.64
TLB size	: 3584 4K pages
clflush size	: 64
cache_alignment	: 64
address sizes	: 52 bits physical, 57 bits virtual
power management: ts ttp tm hwpstate cpb eff_freq_ro [13] [14]

processor	: 62
vendor_id	: AuthenticAMD
cpu family	: 25
model		: 17
model name	: AMD EPYC 9454 48-Core Processor
stepping	: 1
microcode	: 0xa10113b
cpu MHz		: 2750.000
cache size	: 1024 KB
physical id	: 1
siblings	: 48
core id		: 34
cpu cores	: 48
apicid		: 162
initial apicid	: 162
fpu		: yes
fpu_exception	: yes
cpuid level	: 16
wp		: yes
flags		: fpu vme de pse tsc msr pae mce cx8 apic sep mtrr pge mca cmov pat pse36 clflush mmx fxsr sse sse2 ht syscall nx mmxext fxsr_opt pdpe1gb rdtscp lm constant_tsc rep_good amd_lbr_v2 nopl nonstop_tsc cpuid extd_apicid aperfmperf pni pclmulqdq monitor ssse3 fma cx16 pcid sse4_1 sse4_2 x2apic movbe popcnt aes xsave avx f16c rdrand lahf_lm cmp_legacy svm extapic cr8_legacy abm sse4a misalignsse 3dnowprefetch osvw ibs skinit wdt tce topoext perfctr_core perfctr_nb bpext perfctr_llc mwaitx cpb cat_l3 cdp_l3 invpcid_single hw_pstate ssbd mba perfmon_v2 ibrs ibpb stibp ibrs_enhanced vmmcall fsgsbase bmi1 avx2 smep bmi2 erms invpcid cqm rdt_a avx512f avx512dq rdseed adx smap avx512ifma clflushopt clwb avx512cd sha_ni avx512bw avx512vl xsaveopt xsavec xgetbv1 xsaves cqm_llc cqm_occup_llc cqm_mbm_total cqm_mbm_local avx512_bf16 clzero irperf xsaveerptr wbnoinvd amd_ppin cppc arat npt lbrv svm_lock nrip_save tsc_scale vmcb_clean flushbyasid decodeassists pausefilter pfthreshold avic v_vmsave_vmload vgif x2avic v_spec_ctrl avx512vbmi umip pku ospke avx512_vbmi2 gfni vaes vpclmulqdq avx512_vnni avx512_bitalg avx512_vpopcntdq la57 rdpid overflow_recov succor smca fsrm flush_l1d
bugs		: sysret_ss_attrs spectre_v1 spectre_v2 spec_store_bypass srso
bogomips	: 5488.64
TLB size	: 3584 4K pages
clflush size	: 64
cache_alignment	: 64
address sizes	: 52 bits physical, 57 bits virtual
power management: ts ttp tm hwpstate cpb eff_freq_ro [13] [14]

processor	: 63
vendor_id	: AuthenticAMD
cpu family	: 25
model		: 17
model name	: AMD EPYC 9454 48-Core Processor
stepping	: 1
microcode	: 0xa10113b
cpu MHz		: 2750.000
cache size	: 1024 KB
physical id	: 1
siblings	: 48
core id		: 35
cpu cores	: 48
apicid		: 163
initial apicid	: 163
fpu		: yes
fpu_exception	: yes
cpuid level	: 16
wp		: yes
flags		: fpu vme de pse tsc msr pae mce cx8 apic sep mtrr pge mca cmov pat pse36 clflush mmx fxsr sse sse2 ht syscall nx mmxext fxsr_opt pdpe1gb rdtscp lm constant_tsc rep_good amd_lbr_v2 nopl nonstop_tsc cpuid extd_apicid aperfmperf pni pclmulqdq monitor ssse3 fma cx16 pcid sse4_1 sse4_2 x2apic movbe popcnt aes xsave avx f16c rdrand lahf_lm cmp_legacy svm extapic cr8_legacy abm sse4a misalignsse 3dnowprefetch osvw ibs skinit wdt tce topoext perfctr_core perfctr_nb bpext perfctr_llc mwaitx cpb cat_l3 cdp_l3 invpcid_single hw_pstate ssbd mba perfmon_v2 ibrs ibpb stibp ibrs_enhanced vmmcall fsgsbase bmi1 avx2 smep bmi2 erms invpcid cqm rdt_a avx512f avx512dq rdseed adx smap avx512ifma clflushopt clwb avx512cd sha_ni avx512bw avx512vl xsaveopt xsavec xgetbv1 xsaves cqm_llc cqm_occup_llc cqm_mbm_total cqm_mbm_local avx512_bf16 clzero irperf xsaveerptr wbnoinvd amd_ppin cppc arat npt lbrv svm_lock nrip_save tsc_scale vmcb_clean flushbyasid decodeassists pausefilter pfthreshold avic v_vmsave_vmload vgif x2avic v_spec_ctrl avx512vbmi umip pku ospke avx512_vbmi2 gfni vaes vpclmulqdq avx512_vnni avx512_bitalg avx512_vpopcntdq la57 rdpid overflow_recov succor smca fsrm flush_l1d
bugs		: sysret_ss_attrs spectre_v1 spectre_v2 spec_store_bypass srso
bogomips	: 5488.64
TLB size	: 3584 4K pages
clflush size	: 64
cache_alignment	: 64
address sizes	: 52 bits physical, 57 bits virtual
power management: ts ttp tm hwpstate cpb eff_freq_ro [13] [14]

processor	: 64
vendor_id	: AuthenticAMD
cpu family	: 25
model		: 17
model name	: AMD EPYC 9454 48-Core Processor
stepping	: 1
microcode	: 0xa10113b
cpu MHz		: 2750.000
cache size	: 1024 KB
physical id	: 1
siblings	: 48
core id		: 36
cpu cores	: 48
apicid		: 164
initial apicid	: 164
fpu		: yes
fpu_exception	: yes
cpuid level	: 16
wp		: yes
flags		: fpu vme de pse tsc msr pae mce cx8 apic sep mtrr pge mca cmov pat pse36 clflush mmx fxsr sse sse2 ht syscall nx mmxext fxsr_opt pdpe1gb rdtscp lm constant_tsc rep_good amd_lbr_v2 nopl nonstop_tsc cpuid extd_apicid aperfmperf pni pclmulqdq monitor ssse3 fma cx16 pcid sse4_1 sse4_2 x2apic movbe popcnt aes xsave avx f16c rdrand lahf_lm cmp_legacy svm extapic cr8_legacy abm sse4a misalignsse 3dnowprefetch osvw ibs skinit wdt tce topoext perfctr_core perfctr_nb bpext perfctr_llc mwaitx cpb cat_l3 cdp_l3 invpcid_single hw_pstate ssbd mba perfmon_v2 ibrs ibpb stibp ibrs_enhanced vmmcall fsgsbase bmi1 avx2 smep bmi2 erms invpcid cqm rdt_a avx512f avx512dq rdseed adx smap avx512ifma clflushopt clwb avx512cd sha_ni avx512bw avx512vl xsaveopt xsavec xgetbv1 xsaves cqm_llc cqm_occup_llc cqm_mbm_total cqm_mbm_local avx512_bf16 clzero irperf xsaveerptr wbnoinvd amd_ppin cppc arat npt lbrv svm_lock nrip_save tsc_scale vmcb_clean flushbyasid decodeassists pausefilter pfthreshold avic v_vmsave_vmload vgif x2avic v_spec_ctrl avx512vbmi umip pku ospke avx512_vbmi2 gfni vaes vpclmulqdq avx512_vnni avx512_bitalg avx512_vpopcntdq la57 rdpid overflow_recov succor smca fsrm flush_l1d
bugs		: sysret_ss_attrs spectre_v1 spectre_v2 spec_store_bypass srso
bogomips	: 5488.64
TLB size	: 3584 4K pages
clflush size	: 64
cache_alignment	: 64
address sizes	: 52 bits physical, 57 bits virtual
power management: ts ttp tm hwpstate cpb eff_freq_ro [13] [14]

processor	: 65
vendor_id	: AuthenticAMD
cpu family	: 25
model		: 17
model name	: AMD EPYC 9454 48-Core Processor
stepping	: 1
microcode	: 0xa10113b
cpu MHz		: 2750.000
cache size	: 1024 KB
physical id	: 1
siblings	: 48
core id		: 37
cpu cores	: 48
apicid		: 165
initial apicid	: 165
fpu		: yes
fpu_exception	: yes
cpuid level	: 16
wp		: yes
flags		: fpu vme de pse tsc msr pae mce cx8 apic sep mtrr pge mca cmov pat pse36 clflush mmx fxsr sse sse2 ht syscall nx mmxext fxsr_opt pdpe1gb rdtscp lm constant_tsc rep_good amd_lbr_v2 nopl nonstop_tsc cpuid extd_apicid aperfmperf pni pclmulqdq monitor ssse3 fma cx16 pcid sse4_1 sse4_2 x2apic movbe popcnt aes xsave avx f16c rdrand lahf_lm cmp_legacy svm extapic cr8_legacy abm sse4a misalignsse 3dnowprefetch osvw ibs skinit wdt tce topoext perfctr_core perfctr_nb bpext perfctr_llc mwaitx cpb cat_l3 cdp_l3 invpcid_single hw_pstate ssbd mba perfmon_v2 ibrs ibpb stibp ibrs_enhanced vmmcall fsgsbase bmi1 avx2 smep bmi2 erms invpcid cqm rdt_a avx512f avx512dq rdseed adx smap avx512ifma clflushopt clwb avx512cd sha_ni avx512bw avx512vl xsaveopt xsavec xgetbv1 xsaves cqm_llc cqm_occup_llc cqm_mbm_total cqm_mbm_local avx512_bf16 clzero irperf xsaveerptr wbnoinvd amd_ppin cppc arat npt lbrv svm_lock nrip_save tsc_scale vmcb_clean flushbyasid decodeassists pausefilter pfthreshold avic v_vmsave_vmload vgif x2avic v_spec_ctrl avx512vbmi umip pku ospke avx512_vbmi2 gfni vaes vpclmulqdq avx512_vnni avx512_bitalg avx512_vpopcntdq la57 rdpid overflow_recov succor smca fsrm flush_l1d
bugs		: sysret_ss_attrs spectre_v1 spectre_v2 spec_store_bypass srso
bogomips	: 5488.64
TLB size	: 3584 4K pages
clflush size	: 64
cache_alignment	: 64
address sizes	: 52 bits physical, 57 bits virtual
power management: ts ttp tm hwpstate cpb eff_freq_ro [13] [14]

processor	: 66
vendor_id	: AuthenticAMD
cpu family	: 25
model		: 17
model name	: AMD EPYC 9454 48-Core Processor
stepping	: 1
microcode	: 0xa10113b
cpu MHz		: 2750.000
cache size	: 1024 KB
physical id	: 1
siblings	: 48
core id		: 96
cpu cores	: 48
apicid		: 224
initial apicid	: 224
fpu		: yes
fpu_exception	: yes
cpuid level	: 16
wp		: yes
flags		: fpu vme de pse tsc msr pae mce cx8 apic sep mtrr pge mca cmov pat pse36 clflush mmx fxsr sse sse2 ht syscall nx mmxext fxsr_opt pdpe1gb rdtscp lm constant_tsc rep_good amd_lbr_v2 nopl nonstop_tsc cpuid extd_apicid aperfmperf pni pclmulqdq monitor ssse3 fma cx16 pcid sse4_1 sse4_2 x2apic movbe popcnt aes xsave avx f16c rdrand lahf_lm cmp_legacy svm extapic cr8_legacy abm sse4a misalignsse 3dnowprefetch osvw ibs skinit wdt tce topoext perfctr_core perfctr_nb bpext perfctr_llc mwaitx cpb cat_l3 cdp_l3 invpcid_single hw_pstate ssbd mba perfmon_v2 ibrs ibpb stibp ibrs_enhanced vmmcall fsgsbase bmi1 avx2 smep bmi2 erms invpcid cqm rdt_a avx512f avx512dq rdseed adx smap avx512ifma clflushopt clwb avx512cd sha_ni avx512bw avx512vl xsaveopt xsavec xgetbv1 xsaves cqm_llc cqm_occup_llc cqm_mbm_total cqm_mbm_local avx512_bf16 clzero irperf xsaveerptr wbnoinvd amd_ppin cppc arat npt lbrv svm_lock nrip_save tsc_scale vmcb_clean flushbyasid decodeassists pausefilter pfthreshold avic v_vmsave_vmload vgif x2avic v_spec_ctrl avx512vbmi umip pku ospke avx512_vbmi2 gfni vaes vpclmulqdq avx512_vnni avx512_bitalg avx512_vpopcntdq la57 rdpid overflow_recov succor smca fsrm flush_l1d
bugs		: sysret_ss_attrs spectre_v1 spectre_v2 spec_store_bypass srso
bogomips	: 5488.64
TLB size	: 3584 4K pages
clflush size	: 64
cache_alignment	: 64
address sizes	: 52 bits physical, 57 bits virtual
power management: ts ttp tm hwpstate cpb eff_freq_ro [13] [14]

processor	: 67
vendor_id	: AuthenticAMD
cpu family	: 25
model		: 17
model name	: AMD EPYC 9454 48-Core Processor
stepping	: 1
microcode	: 0xa10113b
cpu MHz		: 2750.000
cache size	: 1024 KB
physical id	: 1
siblings	: 48
core id		: 97
cpu cores	: 48
apicid		: 225
initial apicid	: 225
fpu		: yes
fpu_exception	: yes
cpuid level	: 16
wp		: yes
flags		: fpu vme de pse tsc msr pae mce cx8 apic sep mtrr pge mca cmov pat pse36 clflush mmx fxsr sse sse2 ht syscall nx mmxext fxsr_opt pdpe1gb rdtscp lm constant_tsc rep_good amd_lbr_v2 nopl nonstop_tsc cpuid extd_apicid aperfmperf pni pclmulqdq monitor ssse3 fma cx16 pcid sse4_1 sse4_2 x2apic movbe popcnt aes xsave avx f16c rdrand lahf_lm cmp_legacy svm extapic cr8_legacy abm sse4a misalignsse 3dnowprefetch osvw ibs skinit wdt tce topoext perfctr_core perfctr_nb bpext perfctr_llc mwaitx cpb cat_l3 cdp_l3 invpcid_single hw_pstate ssbd mba perfmon_v2 ibrs ibpb stibp ibrs_enhanced vmmcall fsgsbase bmi1 avx2 smep bmi2 erms invpcid cqm rdt_a avx512f avx512dq rdseed adx smap avx512ifma clflushopt clwb avx512cd sha_ni avx512bw avx512vl xsaveopt xsavec xgetbv1 xsaves cqm_llc cqm_occup_llc cqm_mbm_total cqm_mbm_local avx512_bf16 clzero irperf xsaveerptr wbnoinvd amd_ppin cppc arat npt lbrv svm_lock nrip_save tsc_scale vmcb_clean flushbyasid decodeassists pausefilter pfthreshold avic v_vmsave_vmload vgif x2avic v_spec_ctrl avx512vbmi umip pku ospke avx512_vbmi2 gfni vaes vpclmulqdq avx512_vnni avx512_bitalg avx512_vpopcntdq la57 rdpid overflow_recov succor smca fsrm flush_l1d
bugs		: sysret_ss_attrs spectre_v1 spectre_v2 spec_store_bypass srso
bogomips	: 5488.64
TLB size	: 3584 4K pages
clflush size	: 64
cache_alignment	: 64
address sizes	: 52 bits physical, 57 bits virtual
power management: ts ttp tm hwpstate cpb eff_freq_ro [13] [14]

processor	: 68
vendor_id	: AuthenticAMD
cpu family	: 25
model		: 17
model name	: AMD EPYC 9454 48-Core Processor
stepping	: 1
microcode	: 0xa10113b
cpu MHz		: 2750.000
cache size	: 1024 KB
physical id	: 1
siblings	: 48
core id		: 98
cpu cores	: 48
apicid		: 226
initial apicid	: 226
fpu		: yes
fpu_exception	: yes
cpuid level	: 16
wp		: yes
flags		: fpu vme de pse tsc msr pae mce cx8 apic sep mtrr pge mca cmov pat pse36 clflush mmx fxsr sse sse2 ht syscall nx mmxext fxsr_opt pdpe1gb rdtscp lm constant_tsc rep_good amd_lbr_v2 nopl nonstop_tsc cpuid extd_apicid aperfmperf pni pclmulqdq monitor ssse3 fma cx16 pcid sse4_1 sse4_2 x2apic movbe popcnt aes xsave avx f16c rdrand lahf_lm cmp_legacy svm extapic cr8_legacy abm sse4a misalignsse 3dnowprefetch osvw ibs skinit wdt tce topoext perfctr_core perfctr_nb bpext perfctr_llc mwaitx cpb cat_l3 cdp_l3 invpcid_single hw_pstate ssbd mba perfmon_v2 ibrs ibpb stibp ibrs_enhanced vmmcall fsgsbase bmi1 avx2 smep bmi2 erms invpcid cqm rdt_a avx512f avx512dq rdseed adx smap avx512ifma clflushopt clwb avx512cd sha_ni avx512bw avx512vl xsaveopt xsavec xgetbv1 xsaves cqm_llc cqm_occup_llc cqm_mbm_total cqm_mbm_local avx512_bf16 clzero irperf xsaveerptr wbnoinvd amd_ppin cppc arat npt lbrv svm_lock nrip_save tsc_scale vmcb_clean flushbyasid decodeassists pausefilter pfthreshold avic v_vmsave_vmload vgif x2avic v_spec_ctrl avx512vbmi umip pku ospke avx512_vbmi2 gfni vaes vpclmulqdq avx512_vnni avx512_bitalg avx512_vpopcntdq la57 rdpid overflow_recov succor smca fsrm flush_l1d
bugs		: sysret_ss_attrs spectre_v1 spectre_v2 spec_store_bypass srso
bogomips	: 5488.64
TLB size	: 3584 4K pages
clflush size	: 64
cache_alignment	: 64
address sizes	: 52 bits physical, 57 bits virtual
power management: ts ttp tm hwpstate cpb eff_freq_ro [13] [14]

processor	: 69
vendor_id	: AuthenticAMD
cpu family	: 25
model		: 17
model name	: AMD EPYC 9454 48-Core Processor
stepping	: 1
microcode	: 0xa10113b
cpu MHz		: 2750.000
cache size	: 1024 KB
physical id	: 1
siblings	: 48
core id		: 99
cpu cores	: 48
apicid		: 227
initial apicid	: 227
fpu		: yes
fpu_exception	: yes
cpuid level	: 16
wp		: yes
flags		: fpu vme de pse tsc msr pae mce cx8 apic sep mtrr pge mca cmov pat pse36 clflush mmx fxsr sse sse2 ht syscall nx mmxext fxsr_opt pdpe1gb rdtscp lm constant_tsc rep_good amd_lbr_v2 nopl nonstop_tsc cpuid extd_apicid aperfmperf pni pclmulqdq monitor ssse3 fma cx16 pcid sse4_1 sse4_2 x2apic movbe popcnt aes xsave avx f16c rdrand lahf_lm cmp_legacy svm extapic cr8_legacy abm sse4a misalignsse 3dnowprefetch osvw ibs skinit wdt tce topoext perfctr_core perfctr_nb bpext perfctr_llc mwaitx cpb cat_l3 cdp_l3 invpcid_single hw_pstate ssbd mba perfmon_v2 ibrs ibpb stibp ibrs_enhanced vmmcall fsgsbase bmi1 avx2 smep bmi2 erms invpcid cqm rdt_a avx512f avx512dq rdseed adx smap avx512ifma clflushopt clwb avx512cd sha_ni avx512bw avx512vl xsaveopt xsavec xgetbv1 xsaves cqm_llc cqm_occup_llc cqm_mbm_total cqm_mbm_local avx512_bf16 clzero irperf xsaveerptr wbnoinvd amd_ppin cppc arat npt lbrv svm_lock nrip_save tsc_scale vmcb_clean flushbyasid decodeassists pausefilter pfthreshold avic v_vmsave_vmload vgif x2avic v_spec_ctrl avx512vbmi umip pku ospke avx512_vbmi2 gfni vaes vpclmulqdq avx512_vnni avx512_bitalg avx512_vpopcntdq la57 rdpid overflow_recov succor smca fsrm flush_l1d
bugs		: sysret_ss_attrs spectre_v1 spectre_v2 spec_store_bypass srso
bogomips	: 5488.64
TLB size	: 3584 4K pages
clflush size	: 64
cache_alignment	: 64
address sizes	: 52 bits physical, 57 bits virtual
power management: ts ttp tm hwpstate cpb eff_freq_ro [13] [14]

processor	: 70
vendor_id	: AuthenticAMD
cpu family	: 25
model		: 17
model name	: AMD EPYC 9454 48-Core Processor
stepping	: 1
microcode	: 0xa10113b
cpu MHz		: 2750.000
cache size	: 1024 KB
physical id	: 1
siblings	: 48
core id		: 100
cpu cores	: 48
apicid		: 228
initial apicid	: 228
fpu		: yes
fpu_exception	: yes
cpuid level	: 16
wp		: yes
flags		: fpu vme de pse tsc msr pae mce cx8 apic sep mtrr pge mca cmov pat pse36 clflush mmx fxsr sse sse2 ht syscall nx mmxext fxsr_opt pdpe1gb rdtscp lm constant_tsc rep_good amd_lbr_v2 nopl nonstop_tsc cpuid extd_apicid aperfmperf pni pclmulqdq monitor ssse3 fma cx16 pcid sse4_1 sse4_2 x2apic movbe popcnt aes xsave avx f16c rdrand lahf_lm cmp_legacy svm extapic cr8_legacy abm sse4a misalignsse 3dnowprefetch osvw ibs skinit wdt tce topoext perfctr_core perfctr_nb bpext perfctr_llc mwaitx cpb cat_l3 cdp_l3 invpcid_single hw_pstate ssbd mba perfmon_v2 ibrs ibpb stibp ibrs_enhanced vmmcall fsgsbase bmi1 avx2 smep bmi2 erms invpcid cqm rdt_a avx512f avx512dq rdseed adx smap avx512ifma clflushopt clwb avx512cd sha_ni avx512bw avx512vl xsaveopt xsavec xgetbv1 xsaves cqm_llc cqm_occup_llc cqm_mbm_total cqm_mbm_local avx512_bf16 clzero irperf xsaveerptr wbnoinvd amd_ppin cppc arat npt lbrv svm_lock nrip_save tsc_scale vmcb_clean flushbyasid decodeassists pausefilter pfthreshold avic v_vmsave_vmload vgif x2avic v_spec_ctrl avx512vbmi umip pku ospke avx512_vbmi2 gfni vaes vpclmulqdq avx512_vnni avx512_bitalg avx512_vpopcntdq la57 rdpid overflow_recov succor smca fsrm flush_l1d
bugs		: sysret_ss_attrs spectre_v1 spectre_v2 spec_store_bypass srso
bogomips	: 5488.64
TLB size	: 3584 4K pages
clflush size	: 64
cache_alignment	: 64
address sizes	: 52 bits physical, 57 bits virtual
power management: ts ttp tm hwpstate cpb eff_freq_ro [13] [14]

processor	: 71
vendor_id	: AuthenticAMD
cpu family	: 25
model		: 17
model name	: AMD EPYC 9454 48-Core Processor
stepping	: 1
microcode	: 0xa10113b
cpu MHz		: 2750.000
cache size	: 1024 KB
physical id	: 1
siblings	: 48
core id		: 101
cpu cores	: 48
apicid		: 229
initial apicid	: 229
fpu		: yes
fpu_exception	: yes
cpuid level	: 16
wp		: yes
flags		: fpu vme de pse tsc msr pae mce cx8 apic sep mtrr pge mca cmov pat pse36 clflush mmx fxsr sse sse2 ht syscall nx mmxext fxsr_opt pdpe1gb rdtscp lm constant_tsc rep_good amd_lbr_v2 nopl nonstop_tsc cpuid extd_apicid aperfmperf pni pclmulqdq monitor ssse3 fma cx16 pcid sse4_1 sse4_2 x2apic movbe popcnt aes xsave avx f16c rdrand lahf_lm cmp_legacy svm extapic cr8_legacy abm sse4a misalignsse 3dnowprefetch osvw ibs skinit wdt tce topoext perfctr_core perfctr_nb bpext perfctr_llc mwaitx cpb cat_l3 cdp_l3 invpcid_single hw_pstate ssbd mba perfmon_v2 ibrs ibpb stibp ibrs_enhanced vmmcall fsgsbase bmi1 avx2 smep bmi2 erms invpcid cqm rdt_a avx512f avx512dq rdseed adx smap avx512ifma clflushopt clwb avx512cd sha_ni avx512bw avx512vl xsaveopt xsavec xgetbv1 xsaves cqm_llc cqm_occup_llc cqm_mbm_total cqm_mbm_local avx512_bf16 clzero irperf xsaveerptr wbnoinvd amd_ppin cppc arat npt lbrv svm_lock nrip_save tsc_scale vmcb_clean flushbyasid decodeassists pausefilter pfthreshold avic v_vmsave_vmload vgif x2avic v_spec_ctrl avx512vbmi umip pku ospke avx512_vbmi2 gfni vaes vpclmulqdq avx512_vnni avx512_bitalg avx512_vpopcntdq la57 rdpid overflow_recov succor smca fsrm flush_l1d
bugs		: sysret_ss_attrs spectre_v1 spectre_v2 spec_store_bypass srso
bogomips	: 5488.64
TLB size	: 3584 4K pages
clflush size	: 64
cache_alignment	: 64
address sizes	: 52 bits physical, 57 bits virtual
power management: ts ttp tm hwpstate cpb eff_freq_ro [13] [14]

processor	: 72
vendor_id	: AuthenticAMD
cpu family	: 25
model		: 17
model name	: AMD EPYC 9454 48-Core Processor
stepping	: 1
microcode	: 0xa10113b
cpu MHz		: 2750.000
cache size	: 1024 KB
physical id	: 1
siblings	: 48
core id		: 48
cpu cores	: 48
apicid		: 176
initial apicid	: 176
fpu		: yes
fpu_exception	: yes
cpuid level	: 16
wp		: yes
flags		: fpu vme de pse tsc msr pae mce cx8 apic sep mtrr pge mca cmov pat pse36 clflush mmx fxsr sse sse2 ht syscall nx mmxext fxsr_opt pdpe1gb rdtscp lm constant_tsc rep_good amd_lbr_v2 nopl nonstop_tsc cpuid extd_apicid aperfmperf pni pclmulqdq monitor ssse3 fma cx16 pcid sse4_1 sse4_2 x2apic movbe popcnt aes xsave avx f16c rdrand lahf_lm cmp_legacy svm extapic cr8_legacy abm sse4a misalignsse 3dnowprefetch osvw ibs skinit wdt tce topoext perfctr_core perfctr_nb bpext perfctr_llc mwaitx cpb cat_l3 cdp_l3 invpcid_single hw_pstate ssbd mba perfmon_v2 ibrs ibpb stibp ibrs_enhanced vmmcall fsgsbase bmi1 avx2 smep bmi2 erms invpcid cqm rdt_a avx512f avx512dq rdseed adx smap avx512ifma clflushopt clwb avx512cd sha_ni avx512bw avx512vl xsaveopt xsavec xgetbv1 xsaves cqm_llc cqm_occup_llc cqm_mbm_total cqm_mbm_local avx512_bf16 clzero irperf xsaveerptr wbnoinvd amd_ppin cppc arat npt lbrv svm_lock nrip_save tsc_scale vmcb_clean flushbyasid decodeassists pausefilter pfthreshold avic v_vmsave_vmload vgif x2avic v_spec_ctrl avx512vbmi umip pku ospke avx512_vbmi2 gfni vaes vpclmulqdq avx512_vnni avx512_bitalg avx512_vpopcntdq la57 rdpid overflow_recov succor smca fsrm flush_l1d
bugs		: sysret_ss_attrs spectre_v1 spectre_v2 spec_store_bypass srso
bogomips	: 5488.64
TLB size	: 3584 4K pages
clflush size	: 64
cache_alignment	: 64
address sizes	: 52 bits physical, 57 bits virtual
power management: ts ttp tm hwpstate cpb eff_freq_ro [13] [14]

processor	: 73
vendor_id	: AuthenticAMD
cpu family	: 25
model		: 17
model name	: AMD EPYC 9454 48-Core Processor
stepping	: 1
microcode	: 0xa10113b
cpu MHz		: 2750.000
cache size	: 1024 KB
physical id	: 1
siblings	: 48
core id		: 49
cpu cores	: 48
apicid		: 177
initial apicid	: 177
fpu		: yes
fpu_exception	: yes
cpuid level	: 16
wp		: yes
flags		: fpu vme de pse tsc msr pae mce cx8 apic sep mtrr pge mca cmov pat pse36 clflush mmx fxsr sse sse2 ht syscall nx mmxext fxsr_opt pdpe1gb rdtscp lm constant_tsc rep_good amd_lbr_v2 nopl nonstop_tsc cpuid extd_apicid aperfmperf pni pclmulqdq monitor ssse3 fma cx16 pcid sse4_1 sse4_2 x2apic movbe popcnt aes xsave avx f16c rdrand lahf_lm cmp_legacy svm extapic cr8_legacy abm sse4a misalignsse 3dnowprefetch osvw ibs skinit wdt tce topoext perfctr_core perfctr_nb bpext perfctr_llc mwaitx cpb cat_l3 cdp_l3 invpcid_single hw_pstate ssbd mba perfmon_v2 ibrs ibpb stibp ibrs_enhanced vmmcall fsgsbase bmi1 avx2 smep bmi2 erms invpcid cqm rdt_a avx512f avx512dq rdseed adx smap avx512ifma clflushopt clwb avx512cd sha_ni avx512bw avx512vl xsaveopt xsavec xgetbv1 xsaves cqm_llc cqm_occup_llc cqm_mbm_total cqm_mbm_local avx512_bf16 clzero irperf xsaveerptr wbnoinvd amd_ppin cppc arat npt lbrv svm_lock nrip_save tsc_scale vmcb_clean flushbyasid decodeassists pausefilter pfthreshold avic v_vmsave_vmload vgif x2avic v_spec_ctrl avx512vbmi umip pku ospke avx512_vbmi2 gfni vaes vpclmulqdq avx512_vnni avx512_bitalg avx512_vpopcntdq la57 rdpid overflow_recov succor smca fsrm flush_l1d
bugs		: sysret_ss_attrs spectre_v1 spectre_v2 spec_store_bypass srso
bogomips	: 5488.64
TLB size	: 3584 4K pages
clflush size	: 64
cache_alignment	: 64
address sizes	: 52 bits physical, 57 bits virtual
power management: ts ttp tm hwpstate cpb eff_freq_ro [13] [14]

processor	: 74
vendor_id	: AuthenticAMD
cpu family	: 25
model		: 17
model name	: AMD EPYC 9454 48-Core Processor
stepping	: 1
microcode	: 0xa10113b
cpu MHz		: 2750.000
cache size	: 1024 KB
physical id	: 1
siblings	: 48
core id		: 50
cpu cores	: 48
apicid		: 178
initial apicid	: 178
fpu		: yes
fpu_exception	: yes
cpuid level	: 16
wp		: yes
flags		: fpu vme de pse tsc msr pae mce cx8 apic sep mtrr pge mca cmov pat pse36 clflush mmx fxsr sse sse2 ht syscall nx mmxext fxsr_opt pdpe1gb rdtscp lm constant_tsc rep_good amd_lbr_v2 nopl nonstop_tsc cpuid extd_apicid aperfmperf pni pclmulqdq monitor ssse3 fma cx16 pcid sse4_1 sse4_2 x2apic movbe popcnt aes xsave avx f16c rdrand lahf_lm cmp_legacy svm extapic cr8_legacy abm sse4a misalignsse 3dnowprefetch osvw ibs skinit wdt tce topoext perfctr_core perfctr_nb bpext perfctr_llc mwaitx cpb cat_l3 cdp_l3 invpcid_single hw_pstate ssbd mba perfmon_v2 ibrs ibpb stibp ibrs_enhanced vmmcall fsgsbase bmi1 avx2 smep bmi2 erms invpcid cqm rdt_a avx512f avx512dq rdseed adx smap avx512ifma clflushopt clwb avx512cd sha_ni avx512bw avx512vl xsaveopt xsavec xgetbv1 xsaves cqm_llc cqm_occup_llc cqm_mbm_total cqm_mbm_local avx512_bf16 clzero irperf xsaveerptr wbnoinvd amd_ppin cppc arat npt lbrv svm_lock nrip_save tsc_scale vmcb_clean flushbyasid decodeassists pausefilter pfthreshold avic v_vmsave_vmload vgif x2avic v_spec_ctrl avx512vbmi umip pku ospke avx512_vbmi2 gfni vaes vpclmulqdq avx512_vnni avx512_bitalg avx512_vpopcntdq la57 rdpid overflow_recov succor smca fsrm flush_l1d
bugs		: sysret_ss_attrs spectre_v1 spectre_v2 spec_store_bypass srso
bogomips	: 5488.64
TLB size	: 3584 4K pages
clflush size	: 64
cache_alignment	: 64
address sizes	: 52 bits physical, 57 bits virtual
power management: ts ttp tm hwpstate cpb eff_freq_ro [13] [14]

processor	: 75
vendor_id	: AuthenticAMD
cpu family	: 25
model		: 17
model name	: AMD EPYC 9454 48-Core Processor
stepping	: 1
microcode	: 0xa10113b
cpu MHz		: 2750.000
cache size	: 1024 KB
physical id	: 1
siblings	: 48
core id		: 51
cpu cores	: 48
apicid		: 179
initial apicid	: 179
fpu		: yes
fpu_exception	: yes
cpuid level	: 16
wp		: yes
flags		: fpu vme de pse tsc msr pae mce cx8 apic sep mtrr pge mca cmov pat pse36 clflush mmx fxsr sse sse2 ht syscall nx mmxext fxsr_opt pdpe1gb rdtscp lm constant_tsc rep_good amd_lbr_v2 nopl nonstop_tsc cpuid extd_apicid aperfmperf pni pclmulqdq monitor ssse3 fma cx16 pcid sse4_1 sse4_2 x2apic movbe popcnt aes xsave avx f16c rdrand lahf_lm cmp_legacy svm extapic cr8_legacy abm sse4a misalignsse 3dnowprefetch osvw ibs skinit wdt tce topoext perfctr_core perfctr_nb bpext perfctr_llc mwaitx cpb cat_l3 cdp_l3 invpcid_single hw_pstate ssbd mba perfmon_v2 ibrs ibpb stibp ibrs_enhanced vmmcall fsgsbase bmi1 avx2 smep bmi2 erms invpcid cqm rdt_a avx512f avx512dq rdseed adx smap avx512ifma clflushopt clwb avx512cd sha_ni avx512bw avx512vl xsaveopt xsavec xgetbv1 xsaves cqm_llc cqm_occup_llc cqm_mbm_total cqm_mbm_local avx512_bf16 clzero irperf xsaveerptr wbnoinvd amd_ppin cppc arat npt lbrv svm_lock nrip_save tsc_scale vmcb_clean flushbyasid decodeassists pausefilter pfthreshold avic v_vmsave_vmload vgif x2avic v_spec_ctrl avx512vbmi umip pku ospke avx512_vbmi2 gfni vaes vpclmulqdq avx512_vnni avx512_bitalg avx512_vpopcntdq la57 rdpid overflow_recov succor smca fsrm flush_l1d
bugs		: sysret_ss_attrs spectre_v1 spectre_v2 spec_store_bypass srso
bogomips	: 5488.64
TLB size	: 3584 4K pages
clflush size	: 64
cache_alignment	: 64
address sizes	: 52 bits physical, 57 bits virtual
power management: ts ttp tm hwpstate cpb eff_freq_ro [13] [14]

processor	: 76
vendor_id	: AuthenticAMD
cpu family	: 25
model		: 17
model name	: AMD EPYC 9454 48-Core Processor
stepping	: 1
microcode	: 0xa10113b
cpu MHz		: 2750.000
cache size	: 1024 KB
physical id	: 1
siblings	: 48
core id		: 52
cpu cores	: 48
apicid		: 180
initial apicid	: 180
fpu		: yes
fpu_exception	: yes
cpuid level	: 16
wp		: yes
flags		: fpu vme de pse tsc msr pae mce cx8 apic sep mtrr pge mca cmov pat pse36 clflush mmx fxsr sse sse2 ht syscall nx mmxext fxsr_opt pdpe1gb rdtscp lm constant_tsc rep_good amd_lbr_v2 nopl nonstop_tsc cpuid extd_apicid aperfmperf pni pclmulqdq monitor ssse3 fma cx16 pcid sse4_1 sse4_2 x2apic movbe popcnt aes xsave avx f16c rdrand lahf_lm cmp_legacy svm extapic cr8_legacy abm sse4a misalignsse 3dnowprefetch osvw ibs skinit wdt tce topoext perfctr_core perfctr_nb bpext perfctr_llc mwaitx cpb cat_l3 cdp_l3 invpcid_single hw_pstate ssbd mba perfmon_v2 ibrs ibpb stibp ibrs_enhanced vmmcall fsgsbase bmi1 avx2 smep bmi2 erms invpcid cqm rdt_a avx512f avx512dq rdseed adx smap avx512ifma clflushopt clwb avx512cd sha_ni avx512bw avx512vl xsaveopt xsavec xgetbv1 xsaves cqm_llc cqm_occup_llc cqm_mbm_total cqm_mbm_local avx512_bf16 clzero irperf xsaveerptr wbnoinvd amd_ppin cppc arat npt lbrv svm_lock nrip_save tsc_scale vmcb_clean flushbyasid decodeassists pausefilter pfthreshold avic v_vmsave_vmload vgif x2avic v_spec_ctrl avx512vbmi umip pku ospke avx512_vbmi2 gfni vaes vpclmulqdq avx512_vnni avx512_bitalg avx512_vpopcntdq la57 rdpid overflow_recov succor smca fsrm flush_l1d
bugs		: sysret_ss_attrs spectre_v1 spectre_v2 spec_store_bypass srso
bogomips	: 5488.64
TLB size	: 3584 4K pages
clflush size	: 64
cache_alignment	: 64
address sizes	: 52 bits physical, 57 bits virtual
power management: ts ttp tm hwpstate cpb eff_freq_ro [13] [14]

processor	: 77
vendor_id	: AuthenticAMD
cpu family	: 25
model		: 17
model name	: AMD EPYC 9454 48-Core Processor
stepping	: 1
microcode	: 0xa10113b
cpu MHz		: 2750.000
cache size	: 1024 KB
physical id	: 1
siblings	: 48
core id		: 53
cpu cores	: 48
apicid		: 181
initial apicid	: 181
fpu		: yes
fpu_exception	: yes
cpuid level	: 16
wp		: yes
flags		: fpu vme de pse tsc msr pae mce cx8 apic sep mtrr pge mca cmov pat pse36 clflush mmx fxsr sse sse2 ht syscall nx mmxext fxsr_opt pdpe1gb rdtscp lm constant_tsc rep_good amd_lbr_v2 nopl nonstop_tsc cpuid extd_apicid aperfmperf pni pclmulqdq monitor ssse3 fma cx16 pcid sse4_1 sse4_2 x2apic movbe popcnt aes xsave avx f16c rdrand lahf_lm cmp_legacy svm extapic cr8_legacy abm sse4a misalignsse 3dnowprefetch osvw ibs skinit wdt tce topoext perfctr_core perfctr_nb bpext perfctr_llc mwaitx cpb cat_l3 cdp_l3 invpcid_single hw_pstate ssbd mba perfmon_v2 ibrs ibpb stibp ibrs_enhanced vmmcall fsgsbase bmi1 avx2 smep bmi2 erms invpcid cqm rdt_a avx512f avx512dq rdseed adx smap avx512ifma clflushopt clwb avx512cd sha_ni avx512bw avx512vl xsaveopt xsavec xgetbv1 xsaves cqm_llc cqm_occup_llc cqm_mbm_total cqm_mbm_local avx512_bf16 clzero irperf xsaveerptr wbnoinvd amd_ppin cppc arat npt lbrv svm_lock nrip_save tsc_scale vmcb_clean flushbyasid decodeassists pausefilter pfthreshold avic v_vmsave_vmload vgif x2avic v_spec_ctrl avx512vbmi umip pku ospke avx512_vbmi2 gfni vaes vpclmulqdq avx512_vnni avx512_bitalg avx512_vpopcntdq la57 rdpid overflow_recov succor smca fsrm flush_l1d
bugs		: sysret_ss_attrs spectre_v1 spectre_v2 spec_store_bypass srso
bogomips	: 5488.64
TLB size	: 3584 4K pages
clflush size	: 64
cache_alignment	: 64
address sizes	: 52 bits physical, 57 bits virtual
power management: ts ttp tm hwpstate cpb eff_freq_ro [13] [14]

processor	: 78
vendor_id	: AuthenticAMD
cpu family	: 25
model		: 17
model name	: AMD EPYC 9454 48-Core Processor
stepping	: 1
microcode	: 0xa10113b
cpu MHz		: 2750.000
cache size	: 1024 KB
physical id	: 1
siblings	: 48
core id		: 112
cpu cores	: 48
apicid		: 240
initial apicid	: 240
fpu		: yes
fpu_exception	: yes
cpuid level	: 16
wp		: yes
flags		: fpu vme de pse tsc msr pae mce cx8 apic sep mtrr pge mca cmov pat pse36 clflush mmx fxsr sse sse2 ht syscall nx mmxext fxsr_opt pdpe1gb rdtscp lm constant_tsc rep_good amd_lbr_v2 nopl nonstop_tsc cpuid extd_apicid aperfmperf pni pclmulqdq monitor ssse3 fma cx16 pcid sse4_1 sse4_2 x2apic movbe popcnt aes xsave avx f16c rdrand lahf_lm cmp_legacy svm extapic cr8_legacy abm sse4a misalignsse 3dnowprefetch osvw ibs skinit wdt tce topoext perfctr_core perfctr_nb bpext perfctr_llc mwaitx cpb cat_l3 cdp_l3 invpcid_single hw_pstate ssbd mba perfmon_v2 ibrs ibpb stibp ibrs_enhanced vmmcall fsgsbase bmi1 avx2 smep bmi2 erms invpcid cqm rdt_a avx512f avx512dq rdseed adx smap avx512ifma clflushopt clwb avx512cd sha_ni avx512bw avx512vl xsaveopt xsavec xgetbv1 xsaves cqm_llc cqm_occup_llc cqm_mbm_total cqm_mbm_local avx512_bf16 clzero irperf xsaveerptr wbnoinvd amd_ppin cppc arat npt lbrv svm_lock nrip_save tsc_scale vmcb_clean flushbyasid decodeassists pausefilter pfthreshold avic v_vmsave_vmload vgif x2avic v_spec_ctrl avx512vbmi umip pku ospke avx512_vbmi2 gfni vaes vpclmulqdq avx512_vnni avx512_bitalg avx512_vpopcntdq la57 rdpid overflow_recov succor smca fsrm flush_l1d
bugs		: sysret_ss_attrs spectre_v1 spectre_v2 spec_store_bypass srso
bogomips	: 5488.64
TLB size	: 3584 4K pages
clflush size	: 64
cache_alignment	: 64
address sizes	: 52 bits physical, 57 bits virtual
power management: ts ttp tm hwpstate cpb eff_freq_ro [13] [14]

processor	: 79
vendor_id	: AuthenticAMD
cpu family	: 25
model		: 17
model name	: AMD EPYC 9454 48-Core Processor
stepping	: 1
microcode	: 0xa10113b
cpu MHz		: 2750.000
cache size	: 1024 KB
physical id	: 1
siblings	: 48
core id		: 113
cpu cores	: 48
apicid		: 241
initial apicid	: 241
fpu		: yes
fpu_exception	: yes
cpuid level	: 16
wp		: yes
flags		: fpu vme de pse tsc msr pae mce cx8 apic sep mtrr pge mca cmov pat pse36 clflush mmx fxsr sse sse2 ht syscall nx mmxext fxsr_opt pdpe1gb rdtscp lm constant_tsc rep_good amd_lbr_v2 nopl nonstop_tsc cpuid extd_apicid aperfmperf pni pclmulqdq monitor ssse3 fma cx16 pcid sse4_1 sse4_2 x2apic movbe popcnt aes xsave avx f16c rdrand lahf_lm cmp_legacy svm extapic cr8_legacy abm sse4a misalignsse 3dnowprefetch osvw ibs skinit wdt tce topoext perfctr_core perfctr_nb bpext perfctr_llc mwaitx cpb cat_l3 cdp_l3 invpcid_single hw_pstate ssbd mba perfmon_v2 ibrs ibpb stibp ibrs_enhanced vmmcall fsgsbase bmi1 avx2 smep bmi2 erms invpcid cqm rdt_a avx512f avx512dq rdseed adx smap avx512ifma clflushopt clwb avx512cd sha_ni avx512bw avx512vl xsaveopt xsavec xgetbv1 xsaves cqm_llc cqm_occup_llc cqm_mbm_total cqm_mbm_local avx512_bf16 clzero irperf xsaveerptr wbnoinvd amd_ppin cppc arat npt lbrv svm_lock nrip_save tsc_scale vmcb_clean flushbyasid decodeassists pausefilter pfthreshold avic v_vmsave_vmload vgif x2avic v_spec_ctrl avx512vbmi umip pku ospke avx512_vbmi2 gfni vaes vpclmulqdq avx512_vnni avx512_bitalg avx512_vpopcntdq la57 rdpid overflow_recov succor smca fsrm flush_l1d
bugs		: sysret_ss_attrs spectre_v1 spectre_v2 spec_store_bypass srso
bogomips	: 5488.64
TLB size	: 3584 4K pages
clflush size	: 64
cache_alignment	: 64
address sizes	: 52 bits physical, 57 bits virtual
power management: ts ttp tm hwpstate cpb eff_freq_ro [13] [14]

processor	: 80
vendor_id	: AuthenticAMD
cpu family	: 25
model		: 17
model name	: AMD EPYC 9454 48-Core Processor
stepping	: 1
microcode	: 0xa10113b
cpu MHz		: 2750.000
cache size	: 1024 KB
physical id	: 1
siblings	: 48
core id		: 114
cpu cores	: 48
apicid		: 242
initial apicid	: 242
fpu		: yes
fpu_exception	: yes
cpuid level	: 16
wp		: yes
flags		: fpu vme de pse tsc msr pae mce cx8 apic sep mtrr pge mca cmov pat pse36 clflush mmx fxsr sse sse2 ht syscall nx mmxext fxsr_opt pdpe1gb rdtscp lm constant_tsc rep_good amd_lbr_v2 nopl nonstop_tsc cpuid extd_apicid aperfmperf pni pclmulqdq monitor ssse3 fma cx16 pcid sse4_1 sse4_2 x2apic movbe popcnt aes xsave avx f16c rdrand lahf_lm cmp_legacy svm extapic cr8_legacy abm sse4a misalignsse 3dnowprefetch osvw ibs skinit wdt tce topoext perfctr_core perfctr_nb bpext perfctr_llc mwaitx cpb cat_l3 cdp_l3 invpcid_single hw_pstate ssbd mba perfmon_v2 ibrs ibpb stibp ibrs_enhanced vmmcall fsgsbase bmi1 avx2 smep bmi2 erms invpcid cqm rdt_a avx512f avx512dq rdseed adx smap avx512ifma clflushopt clwb avx512cd sha_ni avx512bw avx512vl xsaveopt xsavec xgetbv1 xsaves cqm_llc cqm_occup_llc cqm_mbm_total cqm_mbm_local avx512_bf16 clzero irperf xsaveerptr wbnoinvd amd_ppin cppc arat npt lbrv svm_lock nrip_save tsc_scale vmcb_clean flushbyasid decodeassists pausefilter pfthreshold avic v_vmsave_vmload vgif x2avic v_spec_ctrl avx512vbmi umip pku ospke avx512_vbmi2 gfni vaes vpclmulqdq avx512_vnni avx512_bitalg avx512_vpopcntdq la57 rdpid overflow_recov succor smca fsrm flush_l1d
bugs		: sysret_ss_attrs spectre_v1 spectre_v2 spec_store_bypass srso
bogomips	: 5488.64
TLB size	: 3584 4K pages
clflush size	: 64
cache_alignment	: 64
address sizes	: 52 bits physical, 57 bits virtual
power management: ts ttp tm hwpstate cpb eff_freq_ro [13] [14]

processor	: 81
vendor_id	: AuthenticAMD
cpu family	: 25
model		: 17
model name	: AMD EPYC 9454 48-Core Processor
stepping	: 1
microcode	: 0xa10113b
cpu MHz		: 2750.000
cache size	: 1024 KB
physical id	: 1
siblings	: 48
core id		: 115
cpu cores	: 48
apicid		: 243
initial apicid	: 243
fpu		: yes
fpu_exception	: yes
cpuid level	: 16
wp		: yes
flags		: fpu vme de pse tsc msr pae mce cx8 apic sep mtrr pge mca cmov pat pse36 clflush mmx fxsr sse sse2 ht syscall nx mmxext fxsr_opt pdpe1gb rdtscp lm constant_tsc rep_good amd_lbr_v2 nopl nonstop_tsc cpuid extd_apicid aperfmperf pni pclmulqdq monitor ssse3 fma cx16 pcid sse4_1 sse4_2 x2apic movbe popcnt aes xsave avx f16c rdrand lahf_lm cmp_legacy svm extapic cr8_legacy abm sse4a misalignsse 3dnowprefetch osvw ibs skinit wdt tce topoext perfctr_core perfctr_nb bpext perfctr_llc mwaitx cpb cat_l3 cdp_l3 invpcid_single hw_pstate ssbd mba perfmon_v2 ibrs ibpb stibp ibrs_enhanced vmmcall fsgsbase bmi1 avx2 smep bmi2 erms invpcid cqm rdt_a avx512f avx512dq rdseed adx smap avx512ifma clflushopt clwb avx512cd sha_ni avx512bw avx512vl xsaveopt xsavec xgetbv1 xsaves cqm_llc cqm_occup_llc cqm_mbm_total cqm_mbm_local avx512_bf16 clzero irperf xsaveerptr wbnoinvd amd_ppin cppc arat npt lbrv svm_lock nrip_save tsc_scale vmcb_clean flushbyasid decodeassists pausefilter pfthreshold avic v_vmsave_vmload vgif x2avic v_spec_ctrl avx512vbmi umip pku ospke avx512_vbmi2 gfni vaes vpclmulqdq avx512_vnni avx512_bitalg avx512_vpopcntdq la57 rdpid overflow_recov succor smca fsrm flush_l1d
bugs		: sysret_ss_attrs spectre_v1 spectre_v2 spec_store_bypass srso
bogomips	: 5488.64
TLB size	: 3584 4K pages
clflush size	: 64
cache_alignment	: 64
address sizes	: 52 bits physical, 57 bits virtual
power management: ts ttp tm hwpstate cpb eff_freq_ro [13] [14]

processor	: 82
vendor_id	: AuthenticAMD
cpu family	: 25
model		: 17
model name	: AMD EPYC 9454 48-Core Processor
stepping	: 1
microcode	: 0xa10113b
cpu MHz		: 2750.000
cache size	: 1024 KB
physical id	: 1
siblings	: 48
core id		: 116
cpu cores	: 48
apicid		: 244
initial apicid	: 244
fpu		: yes
fpu_exception	: yes
cpuid level	: 16
wp		: yes
flags		: fpu vme de pse tsc msr pae mce cx8 apic sep mtrr pge mca cmov pat pse36 clflush mmx fxsr sse sse2 ht syscall nx mmxext fxsr_opt pdpe1gb rdtscp lm constant_tsc rep_good amd_lbr_v2 nopl nonstop_tsc cpuid extd_apicid aperfmperf pni pclmulqdq monitor ssse3 fma cx16 pcid sse4_1 sse4_2 x2apic movbe popcnt aes xsave avx f16c rdrand lahf_lm cmp_legacy svm extapic cr8_legacy abm sse4a misalignsse 3dnowprefetch osvw ibs skinit wdt tce topoext perfctr_core perfctr_nb bpext perfctr_llc mwaitx cpb cat_l3 cdp_l3 invpcid_single hw_pstate ssbd mba perfmon_v2 ibrs ibpb stibp ibrs_enhanced vmmcall fsgsbase bmi1 avx2 smep bmi2 erms invpcid cqm rdt_a avx512f avx512dq rdseed adx smap avx512ifma clflushopt clwb avx512cd sha_ni avx512bw avx512vl xsaveopt xsavec xgetbv1 xsaves cqm_llc cqm_occup_llc cqm_mbm_total cqm_mbm_local avx512_bf16 clzero irperf xsaveerptr wbnoinvd amd_ppin cppc arat npt lbrv svm_lock nrip_save tsc_scale vmcb_clean flushbyasid decodeassists pausefilter pfthreshold avic v_vmsave_vmload vgif x2avic v_spec_ctrl avx512vbmi umip pku ospke avx512_vbmi2 gfni vaes vpclmulqdq avx512_vnni avx512_bitalg avx512_vpopcntdq la57 rdpid overflow_recov succor smca fsrm flush_l1d
bugs		: sysret_ss_attrs spectre_v1 spectre_v2 spec_store_bypass srso
bogomips	: 5488.64
TLB size	: 3584 4K pages
clflush size	: 64
cache_alignment	: 64
address sizes	: 52 bits physical, 57 bits virtual
power management: ts ttp tm hwpstate cpb eff_freq_ro [13] [14]

processor	: 83
vendor_id	: AuthenticAMD
cpu family	: 25
model		: 17
model name	: AMD EPYC 9454 48-Core Processor
stepping	: 1
microcode	: 0xa10113b
cpu MHz		: 2750.000
cache size	: 1024 KB
physical id	: 1
siblings	: 48
core id		: 117
cpu cores	: 48
apicid		: 245
initial apicid	: 245
fpu		: yes
fpu_exception	: yes
cpuid level	: 16
wp		: yes
flags		: fpu vme de pse tsc msr pae mce cx8 apic sep mtrr pge mca cmov pat pse36 clflush mmx fxsr sse sse2 ht syscall nx mmxext fxsr_opt pdpe1gb rdtscp lm constant_tsc rep_good amd_lbr_v2 nopl nonstop_tsc cpuid extd_apicid aperfmperf pni pclmulqdq monitor ssse3 fma cx16 pcid sse4_1 sse4_2 x2apic movbe popcnt aes xsave avx f16c rdrand lahf_lm cmp_legacy svm extapic cr8_legacy abm sse4a misalignsse 3dnowprefetch osvw ibs skinit wdt tce topoext perfctr_core perfctr_nb bpext perfctr_llc mwaitx cpb cat_l3 cdp_l3 invpcid_single hw_pstate ssbd mba perfmon_v2 ibrs ibpb stibp ibrs_enhanced vmmcall fsgsbase bmi1 avx2 smep bmi2 erms invpcid cqm rdt_a avx512f avx512dq rdseed adx smap avx512ifma clflushopt clwb avx512cd sha_ni avx512bw avx512vl xsaveopt xsavec xgetbv1 xsaves cqm_llc cqm_occup_llc cqm_mbm_total cqm_mbm_local avx512_bf16 clzero irperf xsaveerptr wbnoinvd amd_ppin cppc arat npt lbrv svm_lock nrip_save tsc_scale vmcb_clean flushbyasid decodeassists pausefilter pfthreshold avic v_vmsave_vmload vgif x2avic v_spec_ctrl avx512vbmi umip pku ospke avx512_vbmi2 gfni vaes vpclmulqdq avx512_vnni avx512_bitalg avx512_vpopcntdq la57 rdpid overflow_recov succor smca fsrm flush_l1d
bugs		: sysret_ss_attrs spectre_v1 spectre_v2 spec_store_bypass srso
bogomips	: 5488.64
TLB size	: 3584 4K pages
clflush size	: 64
cache_alignment	: 64
address sizes	: 52 bits physical, 57 bits virtual
power management: ts ttp tm hwpstate cpb eff_freq_ro [13] [14]

processor	: 84
vendor_id	: AuthenticAMD
cpu family	: 25
model		: 17
model name	: AMD EPYC 9454 48-Core Processor
stepping	: 1
microcode	: 0xa10113b
cpu MHz		: 2750.000
cache size	: 1024 KB
physical id	: 1
siblings	: 48
core id		: 16
cpu cores	: 48
apicid		: 144
initial apicid	: 144
fpu		: yes
fpu_exception	: yes
cpuid level	: 16
wp		: yes
flags		: fpu vme de pse tsc msr pae mce cx8 apic sep mtrr pge mca cmov pat pse36 clflush mmx fxsr sse sse2 ht syscall nx mmxext fxsr_opt pdpe1gb rdtscp lm constant_tsc rep_good amd_lbr_v2 nopl nonstop_tsc cpuid extd_apicid aperfmperf pni pclmulqdq monitor ssse3 fma cx16 pcid sse4_1 sse4_2 x2apic movbe popcnt aes xsave avx f16c rdrand lahf_lm cmp_legacy svm extapic cr8_legacy abm sse4a misalignsse 3dnowprefetch osvw ibs skinit wdt tce topoext perfctr_core perfctr_nb bpext perfctr_llc mwaitx cpb cat_l3 cdp_l3 invpcid_single hw_pstate ssbd mba perfmon_v2 ibrs ibpb stibp ibrs_enhanced vmmcall fsgsbase bmi1 avx2 smep bmi2 erms invpcid cqm rdt_a avx512f avx512dq rdseed adx smap avx512ifma clflushopt clwb avx512cd sha_ni avx512bw avx512vl xsaveopt xsavec xgetbv1 xsaves cqm_llc cqm_occup_llc cqm_mbm_total cqm_mbm_local avx512_bf16 clzero irperf xsaveerptr wbnoinvd amd_ppin cppc arat npt lbrv svm_lock nrip_save tsc_scale vmcb_clean flushbyasid decodeassists pausefilter pfthreshold avic v_vmsave_vmload vgif x2avic v_spec_ctrl avx512vbmi umip pku ospke avx512_vbmi2 gfni vaes vpclmulqdq avx512_vnni avx512_bitalg avx512_vpopcntdq la57 rdpid overflow_recov succor smca fsrm flush_l1d
bugs		: sysret_ss_attrs spectre_v1 spectre_v2 spec_store_bypass srso
bogomips	: 5488.64
TLB size	: 3584 4K pages
clflush size	: 64
cache_alignment	: 64
address sizes	: 52 bits physical, 57 bits virtual
power management: ts ttp tm hwpstate cpb eff_freq_ro [13] [14]

processor	: 85
vendor_id	: AuthenticAMD
cpu family	: 25
model		: 17
model name	: AMD EPYC 9454 48-Core Processor
stepping	: 1
microcode	: 0xa10113b
cpu MHz		: 2750.000
cache size	: 1024 KB
physical id	: 1
siblings	: 48
core id		: 17
cpu cores	: 48
apicid		: 145
initial apicid	: 145
fpu		: yes
fpu_exception	: yes
cpuid level	: 16
wp		: yes
flags		: fpu vme de pse tsc msr pae mce cx8 apic sep mtrr pge mca cmov pat pse36 clflush mmx fxsr sse sse2 ht syscall nx mmxext fxsr_opt pdpe1gb rdtscp lm constant_tsc rep_good amd_lbr_v2 nopl nonstop_tsc cpuid extd_apicid aperfmperf pni pclmulqdq monitor ssse3 fma cx16 pcid sse4_1 sse4_2 x2apic movbe popcnt aes xsave avx f16c rdrand lahf_lm cmp_legacy svm extapic cr8_legacy abm sse4a misalignsse 3dnowprefetch osvw ibs skinit wdt tce topoext perfctr_core perfctr_nb bpext perfctr_llc mwaitx cpb cat_l3 cdp_l3 invpcid_single hw_pstate ssbd mba perfmon_v2 ibrs ibpb stibp ibrs_enhanced vmmcall fsgsbase bmi1 avx2 smep bmi2 erms invpcid cqm rdt_a avx512f avx512dq rdseed adx smap avx512ifma clflushopt clwb avx512cd sha_ni avx512bw avx512vl xsaveopt xsavec xgetbv1 xsaves cqm_llc cqm_occup_llc cqm_mbm_total cqm_mbm_local avx512_bf16 clzero irperf xsaveerptr wbnoinvd amd_ppin cppc arat npt lbrv svm_lock nrip_save tsc_scale vmcb_clean flushbyasid decodeassists pausefilter pfthreshold avic v_vmsave_vmload vgif x2avic v_spec_ctrl avx512vbmi umip pku ospke avx512_vbmi2 gfni vaes vpclmulqdq avx512_vnni avx512_bitalg avx512_vpopcntdq la57 rdpid overflow_recov succor smca fsrm flush_l1d
bugs		: sysret_ss_attrs spectre_v1 spectre_v2 spec_store_bypass srso
bogomips	: 5488.64
TLB size	: 3584 4K pages
clflush size	: 64
cache_alignment	: 64
address sizes	: 52 bits physical, 57 bits virtual
power management: ts ttp tm hwpstate cpb eff_freq_ro [13] [14]

processor	: 86
vendor_id	: AuthenticAMD
cpu family	: 25
model		: 17
model name	: AMD EPYC 9454 48-Core Processor
stepping	: 1
microcode	: 0xa10113b
cpu MHz		: 2750.000
cache size	: 1024 KB
physical id	: 1
siblings	: 48
core id		: 18
cpu cores	: 48
apicid		: 146
initial apicid	: 146
fpu		: yes
fpu_exception	: yes
cpuid level	: 16
wp		: yes
flags		: fpu vme de pse tsc msr pae mce cx8 apic sep mtrr pge mca cmov pat pse36 clflush mmx fxsr sse sse2 ht syscall nx mmxext fxsr_opt pdpe1gb rdtscp lm constant_tsc rep_good amd_lbr_v2 nopl nonstop_tsc cpuid extd_apicid aperfmperf pni pclmulqdq monitor ssse3 fma cx16 pcid sse4_1 sse4_2 x2apic movbe popcnt aes xsave avx f16c rdrand lahf_lm cmp_legacy svm extapic cr8_legacy abm sse4a misalignsse 3dnowprefetch osvw ibs skinit wdt tce topoext perfctr_core perfctr_nb bpext perfctr_llc mwaitx cpb cat_l3 cdp_l3 invpcid_single hw_pstate ssbd mba perfmon_v2 ibrs ibpb stibp ibrs_enhanced vmmcall fsgsbase bmi1 avx2 smep bmi2 erms invpcid cqm rdt_a avx512f avx512dq rdseed adx smap avx512ifma clflushopt clwb avx512cd sha_ni avx512bw avx512vl xsaveopt xsavec xgetbv1 xsaves cqm_llc cqm_occup_llc cqm_mbm_total cqm_mbm_local avx512_bf16 clzero irperf xsaveerptr wbnoinvd amd_ppin cppc arat npt lbrv svm_lock nrip_save tsc_scale vmcb_clean flushbyasid decodeassists pausefilter pfthreshold avic v_vmsave_vmload vgif x2avic v_spec_ctrl avx512vbmi umip pku ospke avx512_vbmi2 gfni vaes vpclmulqdq avx512_vnni avx512_bitalg avx512_vpopcntdq la57 rdpid overflow_recov succor smca fsrm flush_l1d
bugs		: sysret_ss_attrs spectre_v1 spectre_v2 spec_store_bypass srso
bogomips	: 5488.64
TLB size	: 3584 4K pages
clflush size	: 64
cache_alignment	: 64
address sizes	: 52 bits physical, 57 bits virtual
power management: ts ttp tm hwpstate cpb eff_freq_ro [13] [14]

processor	: 87
vendor_id	: AuthenticAMD
cpu family	: 25
model		: 17
model name	: AMD EPYC 9454 48-Core Processor
stepping	: 1
microcode	: 0xa10113b
cpu MHz		: 2750.000
cache size	: 1024 KB
physical id	: 1
siblings	: 48
core id		: 19
cpu cores	: 48
apicid		: 147
initial apicid	: 147
fpu		: yes
fpu_exception	: yes
cpuid level	: 16
wp		: yes
flags		: fpu vme de pse tsc msr pae mce cx8 apic sep mtrr pge mca cmov pat pse36 clflush mmx fxsr sse sse2 ht syscall nx mmxext fxsr_opt pdpe1gb rdtscp lm constant_tsc rep_good amd_lbr_v2 nopl nonstop_tsc cpuid extd_apicid aperfmperf pni pclmulqdq monitor ssse3 fma cx16 pcid sse4_1 sse4_2 x2apic movbe popcnt aes xsave avx f16c rdrand lahf_lm cmp_legacy svm extapic cr8_legacy abm sse4a misalignsse 3dnowprefetch osvw ibs skinit wdt tce topoext perfctr_core perfctr_nb bpext perfctr_llc mwaitx cpb cat_l3 cdp_l3 invpcid_single hw_pstate ssbd mba perfmon_v2 ibrs ibpb stibp ibrs_enhanced vmmcall fsgsbase bmi1 avx2 smep bmi2 erms invpcid cqm rdt_a avx512f avx512dq rdseed adx smap avx512ifma clflushopt clwb avx512cd sha_ni avx512bw avx512vl xsaveopt xsavec xgetbv1 xsaves cqm_llc cqm_occup_llc cqm_mbm_total cqm_mbm_local avx512_bf16 clzero irperf xsaveerptr wbnoinvd amd_ppin cppc arat npt lbrv svm_lock nrip_save tsc_scale vmcb_clean flushbyasid decodeassists pausefilter pfthreshold avic v_vmsave_vmload vgif x2avic v_spec_ctrl avx512vbmi umip pku ospke avx512_vbmi2 gfni vaes vpclmulqdq avx512_vnni avx512_bitalg avx512_vpopcntdq la57 rdpid overflow_recov succor smca fsrm flush_l1d
bugs		: sysret_ss_attrs spectre_v1 spectre_v2 spec_store_bypass srso
bogomips	: 5488.64
TLB size	: 3584 4K pages
clflush size	: 64
cache_alignment	: 64
address sizes	: 52 bits physical, 57 bits virtual
power management: ts ttp tm hwpstate cpb eff_freq_ro [13] [14]

processor	: 88
vendor_id	: AuthenticAMD
cpu family	: 25
model		: 17
model name	: AMD EPYC 9454 48-Core Processor
stepping	: 1
microcode	: 0xa10113b
cpu MHz		: 2750.000
cache size	: 1024 KB
physical id	: 1
siblings	: 48
core id		: 20
cpu cores	: 48
apicid		: 148
initial apicid	: 148
fpu		: yes
fpu_exception	: yes
cpuid level	: 16
wp		: yes
flags		: fpu vme de pse tsc msr pae mce cx8 apic sep mtrr pge mca cmov pat pse36 clflush mmx fxsr sse sse2 ht syscall nx mmxext fxsr_opt pdpe1gb rdtscp lm constant_tsc rep_good amd_lbr_v2 nopl nonstop_tsc cpuid extd_apicid aperfmperf pni pclmulqdq monitor ssse3 fma cx16 pcid sse4_1 sse4_2 x2apic movbe popcnt aes xsave avx f16c rdrand lahf_lm cmp_legacy svm extapic cr8_legacy abm sse4a misalignsse 3dnowprefetch osvw ibs skinit wdt tce topoext perfctr_core perfctr_nb bpext perfctr_llc mwaitx cpb cat_l3 cdp_l3 invpcid_single hw_pstate ssbd mba perfmon_v2 ibrs ibpb stibp ibrs_enhanced vmmcall fsgsbase bmi1 avx2 smep bmi2 erms invpcid cqm rdt_a avx512f avx512dq rdseed adx smap avx512ifma clflushopt clwb avx512cd sha_ni avx512bw avx512vl xsaveopt xsavec xgetbv1 xsaves cqm_llc cqm_occup_llc cqm_mbm_total cqm_mbm_local avx512_bf16 clzero irperf xsaveerptr wbnoinvd amd_ppin cppc arat npt lbrv svm_lock nrip_save tsc_scale vmcb_clean flushbyasid decodeassists pausefilter pfthreshold avic v_vmsave_vmload vgif x2avic v_spec_ctrl avx512vbmi umip pku ospke avx512_vbmi2 gfni vaes vpclmulqdq avx512_vnni avx512_bitalg avx512_vpopcntdq la57 rdpid overflow_recov succor smca fsrm flush_l1d
bugs		: sysret_ss_attrs spectre_v1 spectre_v2 spec_store_bypass srso
bogomips	: 5488.64
TLB size	: 3584 4K pages
clflush size	: 64
cache_alignment	: 64
address sizes	: 52 bits physical, 57 bits virtual
power management: ts ttp tm hwpstate cpb eff_freq_ro [13] [14]

processor	: 89
vendor_id	: AuthenticAMD
cpu family	: 25
model		: 17
model name	: AMD EPYC 9454 48-Core Processor
stepping	: 1
microcode	: 0xa10113b
cpu MHz		: 2750.000
cache size	: 1024 KB
physical id	: 1
siblings	: 48
core id		: 21
cpu cores	: 48
apicid		: 149
initial apicid	: 149
fpu		: yes
fpu_exception	: yes
cpuid level	: 16
wp		: yes
flags		: fpu vme de pse tsc msr pae mce cx8 apic sep mtrr pge mca cmov pat pse36 clflush mmx fxsr sse sse2 ht syscall nx mmxext fxsr_opt pdpe1gb rdtscp lm constant_tsc rep_good amd_lbr_v2 nopl nonstop_tsc cpuid extd_apicid aperfmperf pni pclmulqdq monitor ssse3 fma cx16 pcid sse4_1 sse4_2 x2apic movbe popcnt aes xsave avx f16c rdrand lahf_lm cmp_legacy svm extapic cr8_legacy abm sse4a misalignsse 3dnowprefetch osvw ibs skinit wdt tce topoext perfctr_core perfctr_nb bpext perfctr_llc mwaitx cpb cat_l3 cdp_l3 invpcid_single hw_pstate ssbd mba perfmon_v2 ibrs ibpb stibp ibrs_enhanced vmmcall fsgsbase bmi1 avx2 smep bmi2 erms invpcid cqm rdt_a avx512f avx512dq rdseed adx smap avx512ifma clflushopt clwb avx512cd sha_ni avx512bw avx512vl xsaveopt xsavec xgetbv1 xsaves cqm_llc cqm_occup_llc cqm_mbm_total cqm_mbm_local avx512_bf16 clzero irperf xsaveerptr wbnoinvd amd_ppin cppc arat npt lbrv svm_lock nrip_save tsc_scale vmcb_clean flushbyasid decodeassists pausefilter pfthreshold avic v_vmsave_vmload vgif x2avic v_spec_ctrl avx512vbmi umip pku ospke avx512_vbmi2 gfni vaes vpclmulqdq avx512_vnni avx512_bitalg avx512_vpopcntdq la57 rdpid overflow_recov succor smca fsrm flush_l1d
bugs		: sysret_ss_attrs spectre_v1 spectre_v2 spec_store_bypass srso
bogomips	: 5488.64
TLB size	: 3584 4K pages
clflush size	: 64
cache_alignment	: 64
address sizes	: 52 bits physical, 57 bits virtual
power management: ts ttp tm hwpstate cpb eff_freq_ro [13] [14]

processor	: 90
vendor_id	: AuthenticAMD
cpu family	: 25
model		: 17
model name	: AMD EPYC 9454 48-Core Processor
stepping	: 1
microcode	: 0xa10113b
cpu MHz		: 2750.000
cache size	: 1024 KB
physical id	: 1
siblings	: 48
core id		: 80
cpu cores	: 48
apicid		: 208
initial apicid	: 208
fpu		: yes
fpu_exception	: yes
cpuid level	: 16
wp		: yes
flags		: fpu vme de pse tsc msr pae mce cx8 apic sep mtrr pge mca cmov pat pse36 clflush mmx fxsr sse sse2 ht syscall nx mmxext fxsr_opt pdpe1gb rdtscp lm constant_tsc rep_good amd_lbr_v2 nopl nonstop_tsc cpuid extd_apicid aperfmperf pni pclmulqdq monitor ssse3 fma cx16 pcid sse4_1 sse4_2 x2apic movbe popcnt aes xsave avx f16c rdrand lahf_lm cmp_legacy svm extapic cr8_legacy abm sse4a misalignsse 3dnowprefetch osvw ibs skinit wdt tce topoext perfctr_core perfctr_nb bpext perfctr_llc mwaitx cpb cat_l3 cdp_l3 invpcid_single hw_pstate ssbd mba perfmon_v2 ibrs ibpb stibp ibrs_enhanced vmmcall fsgsbase bmi1 avx2 smep bmi2 erms invpcid cqm rdt_a avx512f avx512dq rdseed adx smap avx512ifma clflushopt clwb avx512cd sha_ni avx512bw avx512vl xsaveopt xsavec xgetbv1 xsaves cqm_llc cqm_occup_llc cqm_mbm_total cqm_mbm_local avx512_bf16 clzero irperf xsaveerptr wbnoinvd amd_ppin cppc arat npt lbrv svm_lock nrip_save tsc_scale vmcb_clean flushbyasid decodeassists pausefilter pfthreshold avic v_vmsave_vmload vgif x2avic v_spec_ctrl avx512vbmi umip pku ospke avx512_vbmi2 gfni vaes vpclmulqdq avx512_vnni avx512_bitalg avx512_vpopcntdq la57 rdpid overflow_recov succor smca fsrm flush_l1d
bugs		: sysret_ss_attrs spectre_v1 spectre_v2 spec_store_bypass srso
bogomips	: 5488.64
TLB size	: 3584 4K pages
clflush size	: 64
cache_alignment	: 64
address sizes	: 52 bits physical, 57 bits virtual
power management: ts ttp tm hwpstate cpb eff_freq_ro [13] [14]

processor	: 91
vendor_id	: AuthenticAMD
cpu family	: 25
model		: 17
model name	: AMD EPYC 9454 48-Core Processor
stepping	: 1
microcode	: 0xa10113b
cpu MHz		: 2750.000
cache size	: 1024 KB
physical id	: 1
siblings	: 48
core id		: 81
cpu cores	: 48
apicid		: 209
initial apicid	: 209
fpu		: yes
fpu_exception	: yes
cpuid level	: 16
wp		: yes
flags		: fpu vme de pse tsc msr pae mce cx8 apic sep mtrr pge mca cmov pat pse36 clflush mmx fxsr sse sse2 ht syscall nx mmxext fxsr_opt pdpe1gb rdtscp lm constant_tsc rep_good amd_lbr_v2 nopl nonstop_tsc cpuid extd_apicid aperfmperf pni pclmulqdq monitor ssse3 fma cx16 pcid sse4_1 sse4_2 x2apic movbe popcnt aes xsave avx f16c rdrand lahf_lm cmp_legacy svm extapic cr8_legacy abm sse4a misalignsse 3dnowprefetch osvw ibs skinit wdt tce topoext perfctr_core perfctr_nb bpext perfctr_llc mwaitx cpb cat_l3 cdp_l3 invpcid_single hw_pstate ssbd mba perfmon_v2 ibrs ibpb stibp ibrs_enhanced vmmcall fsgsbase bmi1 avx2 smep bmi2 erms invpcid cqm rdt_a avx512f avx512dq rdseed adx smap avx512ifma clflushopt clwb avx512cd sha_ni avx512bw avx512vl xsaveopt xsavec xgetbv1 xsaves cqm_llc cqm_occup_llc cqm_mbm_total cqm_mbm_local avx512_bf16 clzero irperf xsaveerptr wbnoinvd amd_ppin cppc arat npt lbrv svm_lock nrip_save tsc_scale vmcb_clean flushbyasid decodeassists pausefilter pfthreshold avic v_vmsave_vmload vgif x2avic v_spec_ctrl avx512vbmi umip pku ospke avx512_vbmi2 gfni vaes vpclmulqdq avx512_vnni avx512_bitalg avx512_vpopcntdq la57 rdpid overflow_recov succor smca fsrm flush_l1d
bugs		: sysret_ss_attrs spectre_v1 spectre_v2 spec_store_bypass srso
bogomips	: 5488.64
TLB size	: 3584 4K pages
clflush size	: 64
cache_alignment	: 64
address sizes	: 52 bits physical, 57 bits virtual
power management: ts ttp tm hwpstate cpb eff_freq_ro [13] [14]

processor	: 92
vendor_id	: AuthenticAMD
cpu family	: 25
model		: 17
model name	: AMD EPYC 9454 48-Core Processor
stepping	: 1
microcode	: 0xa10113b
cpu MHz		: 2750.000
cache size	: 1024 KB
physical id	: 1
siblings	: 48
core id		: 82
cpu cores	: 48
apicid		: 210
initial apicid	: 210
fpu		: yes
fpu_exception	: yes
cpuid level	: 16
wp		: yes
flags		: fpu vme de pse tsc msr pae mce cx8 apic sep mtrr pge mca cmov pat pse36 clflush mmx fxsr sse sse2 ht syscall nx mmxext fxsr_opt pdpe1gb rdtscp lm constant_tsc rep_good amd_lbr_v2 nopl nonstop_tsc cpuid extd_apicid aperfmperf pni pclmulqdq monitor ssse3 fma cx16 pcid sse4_1 sse4_2 x2apic movbe popcnt aes xsave avx f16c rdrand lahf_lm cmp_legacy svm extapic cr8_legacy abm sse4a misalignsse 3dnowprefetch osvw ibs skinit wdt tce topoext perfctr_core perfctr_nb bpext perfctr_llc mwaitx cpb cat_l3 cdp_l3 invpcid_single hw_pstate ssbd mba perfmon_v2 ibrs ibpb stibp ibrs_enhanced vmmcall fsgsbase bmi1 avx2 smep bmi2 erms invpcid cqm rdt_a avx512f avx512dq rdseed adx smap avx512ifma clflushopt clwb avx512cd sha_ni avx512bw avx512vl xsaveopt xsavec xgetbv1 xsaves cqm_llc cqm_occup_llc cqm_mbm_total cqm_mbm_local avx512_bf16 clzero irperf xsaveerptr wbnoinvd amd_ppin cppc arat npt lbrv svm_lock nrip_save tsc_scale vmcb_clean flushbyasid decodeassists pausefilter pfthreshold avic v_vmsave_vmload vgif x2avic v_spec_ctrl avx512vbmi umip pku ospke avx512_vbmi2 gfni vaes vpclmulqdq avx512_vnni avx512_bitalg avx512_vpopcntdq la57 rdpid overflow_recov succor smca fsrm flush_l1d
bugs		: sysret_ss_attrs spectre_v1 spectre_v2 spec_store_bypass srso
bogomips	: 5488.64
TLB size	: 3584 4K pages
clflush size	: 64
cache_alignment	: 64
address sizes	: 52 bits physical, 57 bits virtual
power management: ts ttp tm hwpstate cpb eff_freq_ro [13] [14]

processor	: 93
vendor_id	: AuthenticAMD
cpu family	: 25
model		: 17
model name	: AMD EPYC 9454 48-Core Processor
stepping	: 1
microcode	: 0xa10113b
cpu MHz		: 2750.000
cache size	: 1024 KB
physical id	: 1
siblings	: 48
core id		: 83
cpu cores	: 48
apicid		: 211
initial apicid	: 211
fpu		: yes
fpu_exception	: yes
cpuid level	: 16
wp		: yes
flags		: fpu vme de pse tsc msr pae mce cx8 apic sep mtrr pge mca cmov pat pse36 clflush mmx fxsr sse sse2 ht syscall nx mmxext fxsr_opt pdpe1gb rdtscp lm constant_tsc rep_good amd_lbr_v2 nopl nonstop_tsc cpuid extd_apicid aperfmperf pni pclmulqdq monitor ssse3 fma cx16 pcid sse4_1 sse4_2 x2apic movbe popcnt aes xsave avx f16c rdrand lahf_lm cmp_legacy svm extapic cr8_legacy abm sse4a misalignsse 3dnowprefetch osvw ibs skinit wdt tce topoext perfctr_core perfctr_nb bpext perfctr_llc mwaitx cpb cat_l3 cdp_l3 invpcid_single hw_pstate ssbd mba perfmon_v2 ibrs ibpb stibp ibrs_enhanced vmmcall fsgsbase bmi1 avx2 smep bmi2 erms invpcid cqm rdt_a avx512f avx512dq rdseed adx smap avx512ifma clflushopt clwb avx512cd sha_ni avx512bw avx512vl xsaveopt xsavec xgetbv1 xsaves cqm_llc cqm_occup_llc cqm_mbm_total cqm_mbm_local avx512_bf16 clzero irperf xsaveerptr wbnoinvd amd_ppin cppc arat npt lbrv svm_lock nrip_save tsc_scale vmcb_clean flushbyasid decodeassists pausefilter pfthreshold avic v_vmsave_vmload vgif x2avic v_spec_ctrl avx512vbmi umip pku ospke avx512_vbmi2 gfni vaes vpclmulqdq avx512_vnni avx512_bitalg avx512_vpopcntdq la57 rdpid overflow_recov succor smca fsrm flush_l1d
bugs		: sysret_ss_attrs spectre_v1 spectre_v2 spec_store_bypass srso
bogomips	: 5488.64
TLB size	: 3584 4K pages
clflush size	: 64
cache_alignment	: 64
address sizes	: 52 bits physical, 57 bits virtual
power management: ts ttp tm hwpstate cpb eff_freq_ro [13] [14]

processor	: 94
vendor_id	: AuthenticAMD
cpu family	: 25
model		: 17
model name	: AMD EPYC 9454 48-Core Processor
stepping	: 1
microcode	: 0xa10113b
cpu MHz		: 2750.000
cache size	: 1024 KB
physical id	: 1
siblings	: 48
core id		: 84
cpu cores	: 48
apicid		: 212
initial apicid	: 212
fpu		: yes
fpu_exception	: yes
cpuid level	: 16
wp		: yes
flags		: fpu vme de pse tsc msr pae mce cx8 apic sep mtrr pge mca cmov pat pse36 clflush mmx fxsr sse sse2 ht syscall nx mmxext fxsr_opt pdpe1gb rdtscp lm constant_tsc rep_good amd_lbr_v2 nopl nonstop_tsc cpuid extd_apicid aperfmperf pni pclmulqdq monitor ssse3 fma cx16 pcid sse4_1 sse4_2 x2apic movbe popcnt aes xsave avx f16c rdrand lahf_lm cmp_legacy svm extapic cr8_legacy abm sse4a misalignsse 3dnowprefetch osvw ibs skinit wdt tce topoext perfctr_core perfctr_nb bpext perfctr_llc mwaitx cpb cat_l3 cdp_l3 invpcid_single hw_pstate ssbd mba perfmon_v2 ibrs ibpb stibp ibrs_enhanced vmmcall fsgsbase bmi1 avx2 smep bmi2 erms invpcid cqm rdt_a avx512f avx512dq rdseed adx smap avx512ifma clflushopt clwb avx512cd sha_ni avx512bw avx512vl xsaveopt xsavec xgetbv1 xsaves cqm_llc cqm_occup_llc cqm_mbm_total cqm_mbm_local avx512_bf16 clzero irperf xsaveerptr wbnoinvd amd_ppin cppc arat npt lbrv svm_lock nrip_save tsc_scale vmcb_clean flushbyasid decodeassists pausefilter pfthreshold avic v_vmsave_vmload vgif x2avic v_spec_ctrl avx512vbmi umip pku ospke avx512_vbmi2 gfni vaes vpclmulqdq avx512_vnni avx512_bitalg avx512_vpopcntdq la57 rdpid overflow_recov succor smca fsrm flush_l1d
bugs		: sysret_ss_attrs spectre_v1 spectre_v2 spec_store_bypass srso
bogomips	: 5488.64
TLB size	: 3584 4K pages
clflush size	: 64
cache_alignment	: 64
address sizes	: 52 bits physical, 57 bits virtual
power management: ts ttp tm hwpstate cpb eff_freq_ro [13] [14]

processor	: 95
vendor_id	: AuthenticAMD
cpu family	: 25
model		: 17
model name	: AMD EPYC 9454 48-Core Processor
stepping	: 1
microcode	: 0xa10113b
cpu MHz		: 2750.000
cache size	: 1024 KB
physical id	: 1
siblings	: 48
core id		: 85
cpu cores	: 48
apicid		: 213
initial apicid	: 213
fpu		: yes
fpu_exception	: yes
cpuid level	: 16
wp		: yes
flags		: fpu vme de pse tsc msr pae mce cx8 apic sep mtrr pge mca cmov pat pse36 clflush mmx fxsr sse sse2 ht syscall nx mmxext fxsr_opt pdpe1gb rdtscp lm constant_tsc rep_good amd_lbr_v2 nopl nonstop_tsc cpuid extd_apicid aperfmperf pni pclmulqdq monitor ssse3 fma cx16 pcid sse4_1 sse4_2 x2apic movbe popcnt aes xsave avx f16c rdrand lahf_lm cmp_legacy svm extapic cr8_legacy abm sse4a misalignsse 3dnowprefetch osvw ibs skinit wdt tce topoext perfctr_core perfctr_nb bpext perfctr_llc mwaitx cpb cat_l3 cdp_l3 invpcid_single hw_pstate ssbd mba perfmon_v2 ibrs ibpb stibp ibrs_enhanced vmmcall fsgsbase bmi1 avx2 smep bmi2 erms invpcid cqm rdt_a avx512f avx512dq rdseed adx smap avx512ifma clflushopt clwb avx512cd sha_ni avx512bw avx512vl xsaveopt xsavec xgetbv1 xsaves cqm_llc cqm_occup_llc cqm_mbm_total cqm_mbm_local avx512_bf16 clzero irperf xsaveerptr wbnoinvd amd_ppin cppc arat npt lbrv svm_lock nrip_save tsc_scale vmcb_clean flushbyasid decodeassists pausefilter pfthreshold avic v_vmsave_vmload vgif x2avic v_spec_ctrl avx512vbmi umip pku ospke avx512_vbmi2 gfni vaes vpclmulqdq avx512_vnni avx512_bitalg avx512_vpopcntdq la57 rdpid overflow_recov succor smca fsrm flush_l1d
bugs		: sysret_ss_attrs spectre_v1 spectre_v2 spec_store_bypass srso
bogomips	: 5488.64
TLB size	: 3584 4K pages
clflush size	: 64
cache_alignment	: 64
address sizes	: 52 bits physical, 57 bits virtual
power management: ts ttp tm hwpstate cpb eff_freq_ro [13] [14]



Memory: 4k page, physical 792160756k(204911732k free), swap 0k(0k free)

vm_info: Java HotSpot(TM) 64-Bit Server VM (25.171-b11) for linux-amd64 JRE (1.8.0_171-b11), built on Mar 28 2018 17:07:08 by "java_re" with gcc 4.3.0 20080428 (Red Hat 4.3.0-8)

time: Fri Jan  9 15:42:10 2026
elapsed time: 51 seconds (0d 0h 0m 51s)

