id,project,test_class,test_name,test_file_path,focal_file_path,focal_class,focal_package,oracle_type,junit_version
dbut_1_1,commons-dbutils-1.7,GenerousBeanProcessorTest,testMapColumnsToPropertiesWithOutUnderscores_1_oe,src/test/java/org/apache/commons/dbutils/GenerousBeanProcessorTest.java,,,,assert,unknown
dbut_1_2,commons-dbutils-1.7,GenerousBeanProcessorTest,testMapColumnsToPropertiesWithOutUnderscores_2_oe,src/test/java/org/apache/commons/dbutils/GenerousBeanProcessorTest.java,,,,assert,unknown
dbut_1_3,commons-dbutils-1.7,GenerousBeanProcessorTest,testMapColumnsToPropertiesWithOutUnderscores_3_oe,src/test/java/org/apache/commons/dbutils/GenerousBeanProcessorTest.java,,,,assert,unknown
dbut_1_4,commons-dbutils-1.7,GenerousBeanProcessorTest,testMapColumnsToPropertiesWithOutUnderscores_4_oe,src/test/java/org/apache/commons/dbutils/GenerousBeanProcessorTest.java,,,,assert,unknown
dbut_1_5,commons-dbutils-1.7,GenerousBeanProcessorTest,testMapColumnsToPropertiesWithOutUnderscores_5_oe,src/test/java/org/apache/commons/dbutils/GenerousBeanProcessorTest.java,,,,assert,unknown
dbut_1_6,commons-dbutils-1.7,GenerousBeanProcessorTest,testMapColumnsToPropertiesWithOutUnderscores_6_oe,src/test/java/org/apache/commons/dbutils/GenerousBeanProcessorTest.java,,,,assert,unknown
dbut_2_1,commons-dbutils-1.7,GenerousBeanProcessorTest,testMapColumnsToPropertiesMixedCase_1_oe,src/test/java/org/apache/commons/dbutils/GenerousBeanProcessorTest.java,,,,assert,unknown
dbut_2_2,commons-dbutils-1.7,GenerousBeanProcessorTest,testMapColumnsToPropertiesMixedCase_2_oe,src/test/java/org/apache/commons/dbutils/GenerousBeanProcessorTest.java,,,,assert,unknown
dbut_2_3,commons-dbutils-1.7,GenerousBeanProcessorTest,testMapColumnsToPropertiesMixedCase_3_oe,src/test/java/org/apache/commons/dbutils/GenerousBeanProcessorTest.java,,,,assert,unknown
dbut_2_4,commons-dbutils-1.7,GenerousBeanProcessorTest,testMapColumnsToPropertiesMixedCase_4_oe,src/test/java/org/apache/commons/dbutils/GenerousBeanProcessorTest.java,,,,assert,unknown
dbut_2_5,commons-dbutils-1.7,GenerousBeanProcessorTest,testMapColumnsToPropertiesMixedCase_5_oe,src/test/java/org/apache/commons/dbutils/GenerousBeanProcessorTest.java,,,,assert,unknown
dbut_2_6,commons-dbutils-1.7,GenerousBeanProcessorTest,testMapColumnsToPropertiesMixedCase_6_oe,src/test/java/org/apache/commons/dbutils/GenerousBeanProcessorTest.java,,,,assert,unknown
dbut_3_1,commons-dbutils-1.7,GenerousBeanProcessorTest,testMapColumnsToPropertiesWithUnderscores_1_oe,src/test/java/org/apache/commons/dbutils/GenerousBeanProcessorTest.java,,,,assert,unknown
dbut_3_2,commons-dbutils-1.7,GenerousBeanProcessorTest,testMapColumnsToPropertiesWithUnderscores_2_oe,src/test/java/org/apache/commons/dbutils/GenerousBeanProcessorTest.java,,,,assert,unknown
dbut_3_3,commons-dbutils-1.7,GenerousBeanProcessorTest,testMapColumnsToPropertiesWithUnderscores_3_oe,src/test/java/org/apache/commons/dbutils/GenerousBeanProcessorTest.java,,,,assert,unknown
dbut_3_4,commons-dbutils-1.7,GenerousBeanProcessorTest,testMapColumnsToPropertiesWithUnderscores_4_oe,src/test/java/org/apache/commons/dbutils/GenerousBeanProcessorTest.java,,,,assert,unknown
dbut_3_5,commons-dbutils-1.7,GenerousBeanProcessorTest,testMapColumnsToPropertiesWithUnderscores_5_oe,src/test/java/org/apache/commons/dbutils/GenerousBeanProcessorTest.java,,,,assert,unknown
dbut_3_6,commons-dbutils-1.7,GenerousBeanProcessorTest,testMapColumnsToPropertiesWithUnderscores_6_oe,src/test/java/org/apache/commons/dbutils/GenerousBeanProcessorTest.java,,,,assert,unknown
dbut_4_1,commons-dbutils-1.7,GenerousBeanProcessorTest,testMapColumnsToPropertiesColumnLabelIsNull_1_oe,src/test/java/org/apache/commons/dbutils/GenerousBeanProcessorTest.java,,,,assert,unknown
dbut_4_2,commons-dbutils-1.7,GenerousBeanProcessorTest,testMapColumnsToPropertiesColumnLabelIsNull_2_oe,src/test/java/org/apache/commons/dbutils/GenerousBeanProcessorTest.java,,,,assert,unknown
dbut_4_3,commons-dbutils-1.7,GenerousBeanProcessorTest,testMapColumnsToPropertiesColumnLabelIsNull_3_oe,src/test/java/org/apache/commons/dbutils/GenerousBeanProcessorTest.java,,,,assert,unknown
dbut_4_4,commons-dbutils-1.7,GenerousBeanProcessorTest,testMapColumnsToPropertiesColumnLabelIsNull_4_oe,src/test/java/org/apache/commons/dbutils/GenerousBeanProcessorTest.java,,,,assert,unknown
dbut_4_5,commons-dbutils-1.7,GenerousBeanProcessorTest,testMapColumnsToPropertiesColumnLabelIsNull_5_oe,src/test/java/org/apache/commons/dbutils/GenerousBeanProcessorTest.java,,,,assert,unknown
dbut_4_6,commons-dbutils-1.7,GenerousBeanProcessorTest,testMapColumnsToPropertiesColumnLabelIsNull_6_oe,src/test/java/org/apache/commons/dbutils/GenerousBeanProcessorTest.java,,,,assert,unknown
dbut_5_1,commons-dbutils-1.7,QueryLoaderTest,testLoad_1_oe,src/test/java/org/apache/commons/dbutils/QueryLoaderTest.java,,,,assert,unknown
dbut_5_2,commons-dbutils-1.7,QueryLoaderTest,testLoad_2_oe,src/test/java/org/apache/commons/dbutils/QueryLoaderTest.java,,,,assert,unknown
dbut_5_3,commons-dbutils-1.7,QueryLoaderTest,testLoad_3_oe,src/test/java/org/apache/commons/dbutils/QueryLoaderTest.java,,,,assert,unknown
dbut_6_1,commons-dbutils-1.7,QueryLoaderTest,testLoadThrowsIllegalArgumentException_1_oe,src/test/java/org/apache/commons/dbutils/QueryLoaderTest.java,,,,assert,unknown
dbut_6_2,commons-dbutils-1.7,QueryLoaderTest,testLoadThrowsIllegalArgumentException_2_oe,src/test/java/org/apache/commons/dbutils/QueryLoaderTest.java,,,,assert,unknown
dbut_6_3,commons-dbutils-1.7,QueryLoaderTest,testLoadThrowsIllegalArgumentException_3_oe,src/test/java/org/apache/commons/dbutils/QueryLoaderTest.java,,,,assert,unknown
dbut_7_1,commons-dbutils-1.7,BaseResultSetHandlerTest,handleWithoutExplicitResultSetInvocation_1_oe,src/test/java/org/apache/commons/dbutils/BaseResultSetHandlerTest.java,,,,assert,unknown
dbut_7_2,commons-dbutils-1.7,BaseResultSetHandlerTest,handleWithoutExplicitResultSetInvocation_2_oe,src/test/java/org/apache/commons/dbutils/BaseResultSetHandlerTest.java,,,,assert,unknown
dbut_7_3,commons-dbutils-1.7,BaseResultSetHandlerTest,handleWithoutExplicitResultSetInvocation_3_oe,src/test/java/org/apache/commons/dbutils/BaseResultSetHandlerTest.java,,,,assert,unknown
dbut_7_4,commons-dbutils-1.7,BaseResultSetHandlerTest,handleWithoutExplicitResultSetInvocation_4_oe,src/test/java/org/apache/commons/dbutils/BaseResultSetHandlerTest.java,,,,assert,unknown
dbut_7_5,commons-dbutils-1.7,BaseResultSetHandlerTest,handleWithoutExplicitResultSetInvocation_5_oe,src/test/java/org/apache/commons/dbutils/BaseResultSetHandlerTest.java,,,,assert,unknown
dbut_7_6,commons-dbutils-1.7,BaseResultSetHandlerTest,handleWithoutExplicitResultSetInvocation_6_oe,src/test/java/org/apache/commons/dbutils/BaseResultSetHandlerTest.java,,,,assert,unknown
dbut_7_7,commons-dbutils-1.7,BaseResultSetHandlerTest,handleWithoutExplicitResultSetInvocation_7_oe,src/test/java/org/apache/commons/dbutils/BaseResultSetHandlerTest.java,,,,assert,unknown
dbut_7_8,commons-dbutils-1.7,BaseResultSetHandlerTest,handleWithoutExplicitResultSetInvocation_8_oe,src/test/java/org/apache/commons/dbutils/BaseResultSetHandlerTest.java,,,,assert,unknown
dbut_7_9,commons-dbutils-1.7,BaseResultSetHandlerTest,handleWithoutExplicitResultSetInvocation_9_oe,src/test/java/org/apache/commons/dbutils/BaseResultSetHandlerTest.java,,,,assert,unknown
dbut_7_10,commons-dbutils-1.7,BaseResultSetHandlerTest,handleWithoutExplicitResultSetInvocation_10_oe,src/test/java/org/apache/commons/dbutils/BaseResultSetHandlerTest.java,,,,assert,unknown
dbut_7_11,commons-dbutils-1.7,BaseResultSetHandlerTest,handleWithoutExplicitResultSetInvocation_11_oe,src/test/java/org/apache/commons/dbutils/BaseResultSetHandlerTest.java,,,,assert,unknown
dbut_8_1,commons-dbutils-1.7,ResultSetIteratorTest,testNext_1_oe,src/test/java/org/apache/commons/dbutils/ResultSetIteratorTest.java,,,,assert,unknown
dbut_8_2,commons-dbutils-1.7,ResultSetIteratorTest,testNext_2_oe,src/test/java/org/apache/commons/dbutils/ResultSetIteratorTest.java,,,,assert,unknown
dbut_8_3,commons-dbutils-1.7,ResultSetIteratorTest,testNext_3_oe,src/test/java/org/apache/commons/dbutils/ResultSetIteratorTest.java,,,,assert,unknown
dbut_8_4,commons-dbutils-1.7,ResultSetIteratorTest,testNext_4_oe,src/test/java/org/apache/commons/dbutils/ResultSetIteratorTest.java,,,,assert,unknown
dbut_8_5,commons-dbutils-1.7,ResultSetIteratorTest,testNext_5_oe,src/test/java/org/apache/commons/dbutils/ResultSetIteratorTest.java,,,,assert,unknown
dbut_8_6,commons-dbutils-1.7,ResultSetIteratorTest,testNext_6_oe,src/test/java/org/apache/commons/dbutils/ResultSetIteratorTest.java,,,,assert,unknown
dbut_8_7,commons-dbutils-1.7,ResultSetIteratorTest,testNext_7_oe,src/test/java/org/apache/commons/dbutils/ResultSetIteratorTest.java,,,,assert,unknown
dbut_8_8,commons-dbutils-1.7,ResultSetIteratorTest,testNext_8_oe,src/test/java/org/apache/commons/dbutils/ResultSetIteratorTest.java,,,,assert,unknown
dbut_8_9,commons-dbutils-1.7,ResultSetIteratorTest,testNext_9_oe,src/test/java/org/apache/commons/dbutils/ResultSetIteratorTest.java,,,,assert,unknown
dbut_8_10,commons-dbutils-1.7,ResultSetIteratorTest,testNext_10_oe,src/test/java/org/apache/commons/dbutils/ResultSetIteratorTest.java,,,,assert,unknown
dbut_8_11,commons-dbutils-1.7,ResultSetIteratorTest,testNext_11_oe,src/test/java/org/apache/commons/dbutils/ResultSetIteratorTest.java,,,,assert,unknown
dbut_9_1,commons-dbutils-1.7,ResultSetIteratorTest,testRethrowThrowsRuntimeException_1_oe,src/test/java/org/apache/commons/dbutils/ResultSetIteratorTest.java,,,,assert,unknown
dbut_9_2,commons-dbutils-1.7,ResultSetIteratorTest,testRethrowThrowsRuntimeException_2_oe,src/test/java/org/apache/commons/dbutils/ResultSetIteratorTest.java,,,,assert,unknown
dbut_10_1,commons-dbutils-1.7,QueryRunnerTest,testGoodInsert_1_oe,src/test/java/org/apache/commons/dbutils/QueryRunnerTest.java,,,,assert,unknown
dbut_11_1,commons-dbutils-1.7,QueryRunnerTest,testGoodBatchInsert_1_oe,src/test/java/org/apache/commons/dbutils/QueryRunnerTest.java,,,,assert,unknown
dbut_12_1,commons-dbutils-1.7,QueryRunnerTest,testExecuteWithMultipleResultSets_1_oe,src/test/java/org/apache/commons/dbutils/QueryRunnerTest.java,,,,assert,unknown
dbut_13_1,commons-dbutils-1.7,BeanProcessorTest,testProcessWithToBean_1_oe,src/test/java/org/apache/commons/dbutils/BeanProcessorTest.java,,,,assert,unknown
dbut_13_2,commons-dbutils-1.7,BeanProcessorTest,testProcessWithToBean_2_oe,src/test/java/org/apache/commons/dbutils/BeanProcessorTest.java,,,,assert,unknown
dbut_13_3,commons-dbutils-1.7,BeanProcessorTest,testProcessWithToBean_3_oe,src/test/java/org/apache/commons/dbutils/BeanProcessorTest.java,,,,assert,unknown
dbut_13_4,commons-dbutils-1.7,BeanProcessorTest,testProcessWithToBean_4_oe,src/test/java/org/apache/commons/dbutils/BeanProcessorTest.java,,,,assert,unknown
dbut_13_5,commons-dbutils-1.7,BeanProcessorTest,testProcessWithToBean_5_oe,src/test/java/org/apache/commons/dbutils/BeanProcessorTest.java,,,,assert,unknown
dbut_13_6,commons-dbutils-1.7,BeanProcessorTest,testProcessWithToBean_6_oe,src/test/java/org/apache/commons/dbutils/BeanProcessorTest.java,,,,assert,unknown
dbut_13_7,commons-dbutils-1.7,BeanProcessorTest,testProcessWithToBean_7_oe,src/test/java/org/apache/commons/dbutils/BeanProcessorTest.java,,,,assert,unknown
dbut_14_1,commons-dbutils-1.7,BeanProcessorTest,testProcessWithPopulateBean_1_oe,src/test/java/org/apache/commons/dbutils/BeanProcessorTest.java,,,,assert,unknown
dbut_14_2,commons-dbutils-1.7,BeanProcessorTest,testProcessWithPopulateBean_2_oe,src/test/java/org/apache/commons/dbutils/BeanProcessorTest.java,,,,assert,unknown
dbut_14_3,commons-dbutils-1.7,BeanProcessorTest,testProcessWithPopulateBean_3_oe,src/test/java/org/apache/commons/dbutils/BeanProcessorTest.java,,,,assert,unknown
dbut_14_4,commons-dbutils-1.7,BeanProcessorTest,testProcessWithPopulateBean_4_oe,src/test/java/org/apache/commons/dbutils/BeanProcessorTest.java,,,,assert,unknown
dbut_14_5,commons-dbutils-1.7,BeanProcessorTest,testProcessWithPopulateBean_5_oe,src/test/java/org/apache/commons/dbutils/BeanProcessorTest.java,,,,assert,unknown
dbut_14_6,commons-dbutils-1.7,BeanProcessorTest,testProcessWithPopulateBean_6_oe,src/test/java/org/apache/commons/dbutils/BeanProcessorTest.java,,,,assert,unknown
dbut_14_7,commons-dbutils-1.7,BeanProcessorTest,testProcessWithPopulateBean_7_oe,src/test/java/org/apache/commons/dbutils/BeanProcessorTest.java,,,,assert,unknown
dbut_15_1,commons-dbutils-1.7,BeanProcessorTest,testMapColumnToProperties_1_oe,src/test/java/org/apache/commons/dbutils/BeanProcessorTest.java,,,,assert,unknown
dbut_16_1,commons-dbutils-1.7,BeanProcessorTest,testMapColumnToPropertiesWithOverrides_1_oe,src/test/java/org/apache/commons/dbutils/BeanProcessorTest.java,,,,assert,unknown
dbut_17_1,commons-dbutils-1.7,ProxyFactoryTest,testCreateConnection_1_oe,src/test/java/org/apache/commons/dbutils/ProxyFactoryTest.java,,,,assert,unknown
dbut_18_1,commons-dbutils-1.7,ProxyFactoryTest,testCreateDriver_1_oe,src/test/java/org/apache/commons/dbutils/ProxyFactoryTest.java,,,,assert,unknown
dbut_19_1,commons-dbutils-1.7,ProxyFactoryTest,testCreatePreparedStatement_1_oe,src/test/java/org/apache/commons/dbutils/ProxyFactoryTest.java,,,,assert,unknown
dbut_20_1,commons-dbutils-1.7,ProxyFactoryTest,testCreateResultSet_1_oe,src/test/java/org/apache/commons/dbutils/ProxyFactoryTest.java,,,,assert,unknown
dbut_21_1,commons-dbutils-1.7,ProxyFactoryTest,testCreateResultSetMetaData_1_oe,src/test/java/org/apache/commons/dbutils/ProxyFactoryTest.java,,,,assert,unknown
dbut_22_1,commons-dbutils-1.7,ProxyFactoryTest,testCreateStatement_1_oe,src/test/java/org/apache/commons/dbutils/ProxyFactoryTest.java,,,,assert,unknown
dbut_23_1,commons-dbutils-1.7,ProxyFactoryTest,testCreateCallableStatement_1_oe,src/test/java/org/apache/commons/dbutils/ProxyFactoryTest.java,,,,assert,unknown
dbut_24_1,commons-dbutils-1.7,DbUtilsTest,commitAndCloseWithException_1_oe,src/test/java/org/apache/commons/dbutils/DbUtilsTest.java,,,,assert,unknown
dbut_25_1,commons-dbutils-1.7,DbUtilsTest,rollbackAndCloseWithException_1_oe,src/test/java/org/apache/commons/dbutils/DbUtilsTest.java,,,,assert,unknown
dbut_26_1,commons-dbutils-1.7,DbUtilsTest,testLoadDriverReturnsFalse_1_oe,src/test/java/org/apache/commons/dbutils/DbUtilsTest.java,,,,assert,unknown
dbut_27_1,commons-dbutils-1.7,OutParameterTest,testSetValue_1_oe,src/test/java/org/apache/commons/dbutils/OutParameterTest.java,,,,assert,unknown
dbut_28_1,commons-dbutils-1.7,BaseTestCase,testCheckDataSizes_1_oe,src/test/java/org/apache/commons/dbutils/BaseTestCase.java,,,,assert,unknown
dbut_28_2,commons-dbutils-1.7,BaseTestCase,testCheckDataSizes_2_oe,src/test/java/org/apache/commons/dbutils/BaseTestCase.java,,,,assert,unknown
dbut_29_1,commons-dbutils-1.7,BaseTestCase,testResultSets_1_oe,src/test/java/org/apache/commons/dbutils/BaseTestCase.java,,,,assert,unknown
dbut_30_1,commons-dbutils-1.7,ServiceLoaderTest,testFindsLocalColumnHandler_1_oe,src/test/java/org/apache/commons/dbutils/ServiceLoaderTest.java,,,,assert,unknown
dbut_31_1,commons-dbutils-1.7,ServiceLoaderTest,testFindsLocalPropertyHandler_1_oe,src/test/java/org/apache/commons/dbutils/ServiceLoaderTest.java,,,,assert,unknown
dbut_32_1,commons-dbutils-1.7,ServiceLoaderTest,testFindMoreThanLocalColumns_1_oe,src/test/java/org/apache/commons/dbutils/ServiceLoaderTest.java,,,,assert,unknown
dbut_33_1,commons-dbutils-1.7,ServiceLoaderTest,testFindMoreThanLocalProperties_1_oe,src/test/java/org/apache/commons/dbutils/ServiceLoaderTest.java,,,,assert,unknown
dbut_34_1,commons-dbutils-1.7,StatementConfigurationTest,testEmptyBuilder_1_oe,src/test/java/org/apache/commons/dbutils/StatementConfigurationTest.java,,,,assert,unknown
dbut_34_2,commons-dbutils-1.7,StatementConfigurationTest,testEmptyBuilder_2_oe,src/test/java/org/apache/commons/dbutils/StatementConfigurationTest.java,,,,assert,unknown
dbut_34_3,commons-dbutils-1.7,StatementConfigurationTest,testEmptyBuilder_3_oe,src/test/java/org/apache/commons/dbutils/StatementConfigurationTest.java,,,,assert,unknown
dbut_34_4,commons-dbutils-1.7,StatementConfigurationTest,testEmptyBuilder_4_oe,src/test/java/org/apache/commons/dbutils/StatementConfigurationTest.java,,,,assert,unknown
dbut_34_5,commons-dbutils-1.7,StatementConfigurationTest,testEmptyBuilder_5_oe,src/test/java/org/apache/commons/dbutils/StatementConfigurationTest.java,,,,assert,unknown
dbut_35_1,commons-dbutils-1.7,StatementConfigurationTest,testBuilder_1_oe,src/test/java/org/apache/commons/dbutils/StatementConfigurationTest.java,,,,assert,unknown
dbut_35_2,commons-dbutils-1.7,StatementConfigurationTest,testBuilder_2_oe,src/test/java/org/apache/commons/dbutils/StatementConfigurationTest.java,,,,assert,unknown
dbut_35_3,commons-dbutils-1.7,StatementConfigurationTest,testBuilder_3_oe,src/test/java/org/apache/commons/dbutils/StatementConfigurationTest.java,,,,assert,unknown
dbut_35_4,commons-dbutils-1.7,StatementConfigurationTest,testBuilder_4_oe,src/test/java/org/apache/commons/dbutils/StatementConfigurationTest.java,,,,assert,unknown
dbut_35_5,commons-dbutils-1.7,StatementConfigurationTest,testBuilder_5_oe,src/test/java/org/apache/commons/dbutils/StatementConfigurationTest.java,,,,assert,unknown
dbut_35_6,commons-dbutils-1.7,StatementConfigurationTest,testBuilder_6_oe,src/test/java/org/apache/commons/dbutils/StatementConfigurationTest.java,,,,assert,unknown
dbut_35_7,commons-dbutils-1.7,StatementConfigurationTest,testBuilder_7_oe,src/test/java/org/apache/commons/dbutils/StatementConfigurationTest.java,,,,assert,unknown
dbut_35_8,commons-dbutils-1.7,StatementConfigurationTest,testBuilder_8_oe,src/test/java/org/apache/commons/dbutils/StatementConfigurationTest.java,,,,assert,unknown
dbut_35_9,commons-dbutils-1.7,StatementConfigurationTest,testBuilder_9_oe,src/test/java/org/apache/commons/dbutils/StatementConfigurationTest.java,,,,assert,unknown
dbut_35_10,commons-dbutils-1.7,StatementConfigurationTest,testBuilder_10_oe,src/test/java/org/apache/commons/dbutils/StatementConfigurationTest.java,,,,assert,unknown
dbut_36_1,commons-dbutils-1.7,StatementConfigurationTest,testConstructor_1_oe,src/test/java/org/apache/commons/dbutils/StatementConfigurationTest.java,,,,assert,unknown
dbut_36_2,commons-dbutils-1.7,StatementConfigurationTest,testConstructor_2_oe,src/test/java/org/apache/commons/dbutils/StatementConfigurationTest.java,,,,assert,unknown
dbut_36_3,commons-dbutils-1.7,StatementConfigurationTest,testConstructor_3_oe,src/test/java/org/apache/commons/dbutils/StatementConfigurationTest.java,,,,assert,unknown
dbut_36_4,commons-dbutils-1.7,StatementConfigurationTest,testConstructor_4_oe,src/test/java/org/apache/commons/dbutils/StatementConfigurationTest.java,,,,assert,unknown
dbut_36_5,commons-dbutils-1.7,StatementConfigurationTest,testConstructor_5_oe,src/test/java/org/apache/commons/dbutils/StatementConfigurationTest.java,,,,assert,unknown
dbut_37_1,commons-dbutils-1.7,BasicRowProcessorTest,testToArray_1_oe,src/test/java/org/apache/commons/dbutils/BasicRowProcessorTest.java,,,,assert,unknown
dbut_37_2,commons-dbutils-1.7,BasicRowProcessorTest,testToArray_2_oe,src/test/java/org/apache/commons/dbutils/BasicRowProcessorTest.java,,,,assert,unknown
dbut_37_3,commons-dbutils-1.7,BasicRowProcessorTest,testToArray_3_oe,src/test/java/org/apache/commons/dbutils/BasicRowProcessorTest.java,,,,assert,unknown
dbut_37_4,commons-dbutils-1.7,BasicRowProcessorTest,testToArray_4_oe,src/test/java/org/apache/commons/dbutils/BasicRowProcessorTest.java,,,,assert,unknown
dbut_37_5,commons-dbutils-1.7,BasicRowProcessorTest,testToArray_5_oe,src/test/java/org/apache/commons/dbutils/BasicRowProcessorTest.java,,,,assert,unknown
dbut_37_6,commons-dbutils-1.7,BasicRowProcessorTest,testToArray_6_oe,src/test/java/org/apache/commons/dbutils/BasicRowProcessorTest.java,,,,assert,unknown
dbut_37_7,commons-dbutils-1.7,BasicRowProcessorTest,testToArray_7_oe,src/test/java/org/apache/commons/dbutils/BasicRowProcessorTest.java,,,,assert,unknown
dbut_37_8,commons-dbutils-1.7,BasicRowProcessorTest,testToArray_8_oe,src/test/java/org/apache/commons/dbutils/BasicRowProcessorTest.java,,,,assert,unknown
dbut_37_9,commons-dbutils-1.7,BasicRowProcessorTest,testToArray_9_oe,src/test/java/org/apache/commons/dbutils/BasicRowProcessorTest.java,,,,assert,unknown
dbut_37_10,commons-dbutils-1.7,BasicRowProcessorTest,testToArray_10_oe,src/test/java/org/apache/commons/dbutils/BasicRowProcessorTest.java,,,,assert,unknown
dbut_37_11,commons-dbutils-1.7,BasicRowProcessorTest,testToArray_11_oe,src/test/java/org/apache/commons/dbutils/BasicRowProcessorTest.java,,,,assert,unknown
dbut_38_1,commons-dbutils-1.7,BasicRowProcessorTest,testToBean_1_oe,src/test/java/org/apache/commons/dbutils/BasicRowProcessorTest.java,,,,assert,unknown
dbut_38_2,commons-dbutils-1.7,BasicRowProcessorTest,testToBean_2_oe,src/test/java/org/apache/commons/dbutils/BasicRowProcessorTest.java,,,,assert,unknown
dbut_38_3,commons-dbutils-1.7,BasicRowProcessorTest,testToBean_3_oe,src/test/java/org/apache/commons/dbutils/BasicRowProcessorTest.java,,,,assert,unknown
dbut_38_4,commons-dbutils-1.7,BasicRowProcessorTest,testToBean_4_oe,src/test/java/org/apache/commons/dbutils/BasicRowProcessorTest.java,,,,assert,unknown
dbut_38_5,commons-dbutils-1.7,BasicRowProcessorTest,testToBean_5_oe,src/test/java/org/apache/commons/dbutils/BasicRowProcessorTest.java,,,,assert,unknown
dbut_38_6,commons-dbutils-1.7,BasicRowProcessorTest,testToBean_6_oe,src/test/java/org/apache/commons/dbutils/BasicRowProcessorTest.java,,,,assert,unknown
dbut_38_7,commons-dbutils-1.7,BasicRowProcessorTest,testToBean_7_oe,src/test/java/org/apache/commons/dbutils/BasicRowProcessorTest.java,,,,assert,unknown
dbut_38_8,commons-dbutils-1.7,BasicRowProcessorTest,testToBean_8_oe,src/test/java/org/apache/commons/dbutils/BasicRowProcessorTest.java,,,,assert,unknown
dbut_38_9,commons-dbutils-1.7,BasicRowProcessorTest,testToBean_9_oe,src/test/java/org/apache/commons/dbutils/BasicRowProcessorTest.java,,,,assert,unknown
dbut_38_10,commons-dbutils-1.7,BasicRowProcessorTest,testToBean_10_oe,src/test/java/org/apache/commons/dbutils/BasicRowProcessorTest.java,,,,assert,unknown
dbut_38_11,commons-dbutils-1.7,BasicRowProcessorTest,testToBean_11_oe,src/test/java/org/apache/commons/dbutils/BasicRowProcessorTest.java,,,,assert,unknown
dbut_38_12,commons-dbutils-1.7,BasicRowProcessorTest,testToBean_12_oe,src/test/java/org/apache/commons/dbutils/BasicRowProcessorTest.java,,,,assert,unknown
dbut_38_13,commons-dbutils-1.7,BasicRowProcessorTest,testToBean_13_oe,src/test/java/org/apache/commons/dbutils/BasicRowProcessorTest.java,,,,assert,unknown
dbut_38_14,commons-dbutils-1.7,BasicRowProcessorTest,testToBean_14_oe,src/test/java/org/apache/commons/dbutils/BasicRowProcessorTest.java,,,,assert,unknown
dbut_38_15,commons-dbutils-1.7,BasicRowProcessorTest,testToBean_15_oe,src/test/java/org/apache/commons/dbutils/BasicRowProcessorTest.java,,,,assert,unknown
dbut_38_16,commons-dbutils-1.7,BasicRowProcessorTest,testToBean_16_oe,src/test/java/org/apache/commons/dbutils/BasicRowProcessorTest.java,,,,assert,unknown
dbut_38_17,commons-dbutils-1.7,BasicRowProcessorTest,testToBean_17_oe,src/test/java/org/apache/commons/dbutils/BasicRowProcessorTest.java,,,,assert,unknown
dbut_38_18,commons-dbutils-1.7,BasicRowProcessorTest,testToBean_18_oe,src/test/java/org/apache/commons/dbutils/BasicRowProcessorTest.java,,,,assert,unknown
dbut_39_1,commons-dbutils-1.7,BasicRowProcessorTest,testToBeanList_1_oe,src/test/java/org/apache/commons/dbutils/BasicRowProcessorTest.java,,,,assert,unknown
dbut_39_2,commons-dbutils-1.7,BasicRowProcessorTest,testToBeanList_2_oe,src/test/java/org/apache/commons/dbutils/BasicRowProcessorTest.java,,,,assert,unknown
dbut_39_3,commons-dbutils-1.7,BasicRowProcessorTest,testToBeanList_3_oe,src/test/java/org/apache/commons/dbutils/BasicRowProcessorTest.java,,,,assert,unknown
dbut_39_4,commons-dbutils-1.7,BasicRowProcessorTest,testToBeanList_4_oe,src/test/java/org/apache/commons/dbutils/BasicRowProcessorTest.java,,,,assert,unknown
dbut_39_5,commons-dbutils-1.7,BasicRowProcessorTest,testToBeanList_5_oe,src/test/java/org/apache/commons/dbutils/BasicRowProcessorTest.java,,,,assert,unknown
dbut_39_6,commons-dbutils-1.7,BasicRowProcessorTest,testToBeanList_6_oe,src/test/java/org/apache/commons/dbutils/BasicRowProcessorTest.java,,,,assert,unknown
dbut_39_7,commons-dbutils-1.7,BasicRowProcessorTest,testToBeanList_7_oe,src/test/java/org/apache/commons/dbutils/BasicRowProcessorTest.java,,,,assert,unknown
dbut_39_8,commons-dbutils-1.7,BasicRowProcessorTest,testToBeanList_8_oe,src/test/java/org/apache/commons/dbutils/BasicRowProcessorTest.java,,,,assert,unknown
dbut_39_9,commons-dbutils-1.7,BasicRowProcessorTest,testToBeanList_9_oe,src/test/java/org/apache/commons/dbutils/BasicRowProcessorTest.java,,,,assert,unknown
dbut_39_10,commons-dbutils-1.7,BasicRowProcessorTest,testToBeanList_10_oe,src/test/java/org/apache/commons/dbutils/BasicRowProcessorTest.java,,,,assert,unknown
dbut_39_11,commons-dbutils-1.7,BasicRowProcessorTest,testToBeanList_11_oe,src/test/java/org/apache/commons/dbutils/BasicRowProcessorTest.java,,,,assert,unknown
dbut_39_12,commons-dbutils-1.7,BasicRowProcessorTest,testToBeanList_12_oe,src/test/java/org/apache/commons/dbutils/BasicRowProcessorTest.java,,,,assert,unknown
dbut_39_13,commons-dbutils-1.7,BasicRowProcessorTest,testToBeanList_13_oe,src/test/java/org/apache/commons/dbutils/BasicRowProcessorTest.java,,,,assert,unknown
dbut_39_14,commons-dbutils-1.7,BasicRowProcessorTest,testToBeanList_14_oe,src/test/java/org/apache/commons/dbutils/BasicRowProcessorTest.java,,,,assert,unknown
dbut_39_15,commons-dbutils-1.7,BasicRowProcessorTest,testToBeanList_15_oe,src/test/java/org/apache/commons/dbutils/BasicRowProcessorTest.java,,,,assert,unknown
dbut_39_16,commons-dbutils-1.7,BasicRowProcessorTest,testToBeanList_16_oe,src/test/java/org/apache/commons/dbutils/BasicRowProcessorTest.java,,,,assert,unknown
dbut_39_17,commons-dbutils-1.7,BasicRowProcessorTest,testToBeanList_17_oe,src/test/java/org/apache/commons/dbutils/BasicRowProcessorTest.java,,,,assert,unknown
dbut_40_1,commons-dbutils-1.7,BasicRowProcessorTest,testToMap_1_oe,src/test/java/org/apache/commons/dbutils/BasicRowProcessorTest.java,,,,assert,unknown
dbut_40_2,commons-dbutils-1.7,BasicRowProcessorTest,testToMap_2_oe,src/test/java/org/apache/commons/dbutils/BasicRowProcessorTest.java,,,,assert,unknown
dbut_40_3,commons-dbutils-1.7,BasicRowProcessorTest,testToMap_3_oe,src/test/java/org/apache/commons/dbutils/BasicRowProcessorTest.java,,,,assert,unknown
dbut_40_4,commons-dbutils-1.7,BasicRowProcessorTest,testToMap_4_oe,src/test/java/org/apache/commons/dbutils/BasicRowProcessorTest.java,,,,assert,unknown
dbut_40_5,commons-dbutils-1.7,BasicRowProcessorTest,testToMap_5_oe,src/test/java/org/apache/commons/dbutils/BasicRowProcessorTest.java,,,,assert,unknown
dbut_40_6,commons-dbutils-1.7,BasicRowProcessorTest,testToMap_6_oe,src/test/java/org/apache/commons/dbutils/BasicRowProcessorTest.java,,,,assert,unknown
dbut_40_7,commons-dbutils-1.7,BasicRowProcessorTest,testToMap_7_oe,src/test/java/org/apache/commons/dbutils/BasicRowProcessorTest.java,,,,assert,unknown
dbut_40_8,commons-dbutils-1.7,BasicRowProcessorTest,testToMap_8_oe,src/test/java/org/apache/commons/dbutils/BasicRowProcessorTest.java,,,,assert,unknown
dbut_40_9,commons-dbutils-1.7,BasicRowProcessorTest,testToMap_9_oe,src/test/java/org/apache/commons/dbutils/BasicRowProcessorTest.java,,,,assert,unknown
dbut_40_10,commons-dbutils-1.7,BasicRowProcessorTest,testToMap_10_oe,src/test/java/org/apache/commons/dbutils/BasicRowProcessorTest.java,,,,assert,unknown
dbut_40_11,commons-dbutils-1.7,BasicRowProcessorTest,testToMap_11_oe,src/test/java/org/apache/commons/dbutils/BasicRowProcessorTest.java,,,,assert,unknown
dbut_41_1,commons-dbutils-1.7,BasicRowProcessorTest,testToMapOrdering_1_oe,src/test/java/org/apache/commons/dbutils/BasicRowProcessorTest.java,,,,assert,unknown
dbut_41_2,commons-dbutils-1.7,BasicRowProcessorTest,testToMapOrdering_2_oe,src/test/java/org/apache/commons/dbutils/BasicRowProcessorTest.java,,,,assert,unknown
dbut_41_3,commons-dbutils-1.7,BasicRowProcessorTest,testToMapOrdering_3_oe,src/test/java/org/apache/commons/dbutils/BasicRowProcessorTest.java,,,,assert,unknown
dbut_41_4,commons-dbutils-1.7,BasicRowProcessorTest,testToMapOrdering_4_oe,src/test/java/org/apache/commons/dbutils/BasicRowProcessorTest.java,,,,assert,unknown
dbut_41_5,commons-dbutils-1.7,BasicRowProcessorTest,testToMapOrdering_5_oe,src/test/java/org/apache/commons/dbutils/BasicRowProcessorTest.java,,,,assert,unknown
dbut_41_6,commons-dbutils-1.7,BasicRowProcessorTest,testToMapOrdering_6_oe,src/test/java/org/apache/commons/dbutils/BasicRowProcessorTest.java,,,,assert,unknown
dbut_41_7,commons-dbutils-1.7,BasicRowProcessorTest,testToMapOrdering_7_oe,src/test/java/org/apache/commons/dbutils/BasicRowProcessorTest.java,,,,assert,unknown
dbut_41_8,commons-dbutils-1.7,BasicRowProcessorTest,testToMapOrdering_8_oe,src/test/java/org/apache/commons/dbutils/BasicRowProcessorTest.java,,,,assert,unknown
dbut_41_9,commons-dbutils-1.7,BasicRowProcessorTest,testToMapOrdering_9_oe,src/test/java/org/apache/commons/dbutils/BasicRowProcessorTest.java,,,,assert,unknown
dbut_41_10,commons-dbutils-1.7,BasicRowProcessorTest,testToMapOrdering_10_oe,src/test/java/org/apache/commons/dbutils/BasicRowProcessorTest.java,,,,assert,unknown
dbut_41_11,commons-dbutils-1.7,BasicRowProcessorTest,testToMapOrdering_11_oe,src/test/java/org/apache/commons/dbutils/BasicRowProcessorTest.java,,,,assert,unknown
dbut_41_12,commons-dbutils-1.7,BasicRowProcessorTest,testToMapOrdering_12_oe,src/test/java/org/apache/commons/dbutils/BasicRowProcessorTest.java,,,,assert,unknown
dbut_42_1,commons-dbutils-1.7,ArrayListHandlerTest,testHandle_1_oe,src/test/java/org/apache/commons/dbutils/handlers/ArrayListHandlerTest.java,,,,assert,unknown
dbut_42_2,commons-dbutils-1.7,ArrayListHandlerTest,testHandle_2_oe,src/test/java/org/apache/commons/dbutils/handlers/ArrayListHandlerTest.java,,,,assert,unknown
dbut_42_3,commons-dbutils-1.7,ArrayListHandlerTest,testHandle_3_oe,src/test/java/org/apache/commons/dbutils/handlers/ArrayListHandlerTest.java,,,,assert,unknown
dbut_42_4,commons-dbutils-1.7,ArrayListHandlerTest,testHandle_4_oe,src/test/java/org/apache/commons/dbutils/handlers/ArrayListHandlerTest.java,,,,assert,unknown
dbut_42_5,commons-dbutils-1.7,ArrayListHandlerTest,testHandle_5_oe,src/test/java/org/apache/commons/dbutils/handlers/ArrayListHandlerTest.java,,,,assert,unknown
dbut_42_6,commons-dbutils-1.7,ArrayListHandlerTest,testHandle_6_oe,src/test/java/org/apache/commons/dbutils/handlers/ArrayListHandlerTest.java,,,,assert,unknown
dbut_42_7,commons-dbutils-1.7,ArrayListHandlerTest,testHandle_7_oe,src/test/java/org/apache/commons/dbutils/handlers/ArrayListHandlerTest.java,,,,assert,unknown
dbut_42_8,commons-dbutils-1.7,ArrayListHandlerTest,testHandle_8_oe,src/test/java/org/apache/commons/dbutils/handlers/ArrayListHandlerTest.java,,,,assert,unknown
dbut_42_9,commons-dbutils-1.7,ArrayListHandlerTest,testHandle_9_oe,src/test/java/org/apache/commons/dbutils/handlers/ArrayListHandlerTest.java,,,,assert,unknown
dbut_42_10,commons-dbutils-1.7,ArrayListHandlerTest,testHandle_10_oe,src/test/java/org/apache/commons/dbutils/handlers/ArrayListHandlerTest.java,,,,assert,unknown
dbut_42_11,commons-dbutils-1.7,ArrayListHandlerTest,testHandle_11_oe,src/test/java/org/apache/commons/dbutils/handlers/ArrayListHandlerTest.java,,,,assert,unknown
dbut_42_12,commons-dbutils-1.7,ArrayListHandlerTest,testHandle_12_oe,src/test/java/org/apache/commons/dbutils/handlers/ArrayListHandlerTest.java,,,,assert,unknown
dbut_42_13,commons-dbutils-1.7,ArrayListHandlerTest,testHandle_13_oe,src/test/java/org/apache/commons/dbutils/handlers/ArrayListHandlerTest.java,,,,assert,unknown
dbut_43_1,commons-dbutils-1.7,ArrayListHandlerTest,testEmptyResultSetHandle_1_oe,src/test/java/org/apache/commons/dbutils/handlers/ArrayListHandlerTest.java,,,,assert,unknown
dbut_43_2,commons-dbutils-1.7,ArrayListHandlerTest,testEmptyResultSetHandle_2_oe,src/test/java/org/apache/commons/dbutils/handlers/ArrayListHandlerTest.java,,,,assert,unknown
dbut_44_1,commons-dbutils-1.7,ColumnListHandlerTest,testHandle_1_oe,src/test/java/org/apache/commons/dbutils/handlers/ColumnListHandlerTest.java,,,,assert,unknown
dbut_44_2,commons-dbutils-1.7,ColumnListHandlerTest,testHandle_2_oe,src/test/java/org/apache/commons/dbutils/handlers/ColumnListHandlerTest.java,,,,assert,unknown
dbut_44_3,commons-dbutils-1.7,ColumnListHandlerTest,testHandle_3_oe,src/test/java/org/apache/commons/dbutils/handlers/ColumnListHandlerTest.java,,,,assert,unknown
dbut_44_4,commons-dbutils-1.7,ColumnListHandlerTest,testHandle_4_oe,src/test/java/org/apache/commons/dbutils/handlers/ColumnListHandlerTest.java,,,,assert,unknown
dbut_45_1,commons-dbutils-1.7,ColumnListHandlerTest,testColumnIndexHandle_1_oe,src/test/java/org/apache/commons/dbutils/handlers/ColumnListHandlerTest.java,,,,assert,unknown
dbut_45_2,commons-dbutils-1.7,ColumnListHandlerTest,testColumnIndexHandle_2_oe,src/test/java/org/apache/commons/dbutils/handlers/ColumnListHandlerTest.java,,,,assert,unknown
dbut_45_3,commons-dbutils-1.7,ColumnListHandlerTest,testColumnIndexHandle_3_oe,src/test/java/org/apache/commons/dbutils/handlers/ColumnListHandlerTest.java,,,,assert,unknown
dbut_45_4,commons-dbutils-1.7,ColumnListHandlerTest,testColumnIndexHandle_4_oe,src/test/java/org/apache/commons/dbutils/handlers/ColumnListHandlerTest.java,,,,assert,unknown
dbut_46_1,commons-dbutils-1.7,ColumnListHandlerTest,testColumnNameHandle_1_oe,src/test/java/org/apache/commons/dbutils/handlers/ColumnListHandlerTest.java,,,,assert,unknown
dbut_46_2,commons-dbutils-1.7,ColumnListHandlerTest,testColumnNameHandle_2_oe,src/test/java/org/apache/commons/dbutils/handlers/ColumnListHandlerTest.java,,,,assert,unknown
dbut_46_3,commons-dbutils-1.7,ColumnListHandlerTest,testColumnNameHandle_3_oe,src/test/java/org/apache/commons/dbutils/handlers/ColumnListHandlerTest.java,,,,assert,unknown
dbut_46_4,commons-dbutils-1.7,ColumnListHandlerTest,testColumnNameHandle_4_oe,src/test/java/org/apache/commons/dbutils/handlers/ColumnListHandlerTest.java,,,,assert,unknown
dbut_47_1,commons-dbutils-1.7,ColumnListHandlerTest,testEmptyResultSetHandle_1_oe,src/test/java/org/apache/commons/dbutils/handlers/ColumnListHandlerTest.java,,,,assert,unknown
dbut_47_2,commons-dbutils-1.7,ColumnListHandlerTest,testEmptyResultSetHandle_2_oe,src/test/java/org/apache/commons/dbutils/handlers/ColumnListHandlerTest.java,,,,assert,unknown
dbut_48_1,commons-dbutils-1.7,BeanHandlerTest,testHandle_1_oe,src/test/java/org/apache/commons/dbutils/handlers/BeanHandlerTest.java,,,,assert,unknown
dbut_48_2,commons-dbutils-1.7,BeanHandlerTest,testHandle_2_oe,src/test/java/org/apache/commons/dbutils/handlers/BeanHandlerTest.java,,,,assert,unknown
dbut_48_3,commons-dbutils-1.7,BeanHandlerTest,testHandle_3_oe,src/test/java/org/apache/commons/dbutils/handlers/BeanHandlerTest.java,,,,assert,unknown
dbut_48_4,commons-dbutils-1.7,BeanHandlerTest,testHandle_4_oe,src/test/java/org/apache/commons/dbutils/handlers/BeanHandlerTest.java,,,,assert,unknown
dbut_48_5,commons-dbutils-1.7,BeanHandlerTest,testHandle_5_oe,src/test/java/org/apache/commons/dbutils/handlers/BeanHandlerTest.java,,,,assert,unknown
dbut_49_1,commons-dbutils-1.7,BeanHandlerTest,testEmptyResultSetHandle_1_oe,src/test/java/org/apache/commons/dbutils/handlers/BeanHandlerTest.java,,,,assert,unknown
dbut_50_1,commons-dbutils-1.7,BeanHandlerTest,testHandleToSuperClass_1_oe,src/test/java/org/apache/commons/dbutils/handlers/BeanHandlerTest.java,,,,assert,unknown
dbut_50_2,commons-dbutils-1.7,BeanHandlerTest,testHandleToSuperClass_2_oe,src/test/java/org/apache/commons/dbutils/handlers/BeanHandlerTest.java,,,,assert,unknown
dbut_50_3,commons-dbutils-1.7,BeanHandlerTest,testHandleToSuperClass_3_oe,src/test/java/org/apache/commons/dbutils/handlers/BeanHandlerTest.java,,,,assert,unknown
dbut_50_4,commons-dbutils-1.7,BeanHandlerTest,testHandleToSuperClass_4_oe,src/test/java/org/apache/commons/dbutils/handlers/BeanHandlerTest.java,,,,assert,unknown
dbut_50_5,commons-dbutils-1.7,BeanHandlerTest,testHandleToSuperClass_5_oe,src/test/java/org/apache/commons/dbutils/handlers/BeanHandlerTest.java,,,,assert,unknown
dbut_51_1,commons-dbutils-1.7,BeanHandlerTest,testHandleToInterface_1_oe,src/test/java/org/apache/commons/dbutils/handlers/BeanHandlerTest.java,,,,assert,unknown
dbut_51_2,commons-dbutils-1.7,BeanHandlerTest,testHandleToInterface_2_oe,src/test/java/org/apache/commons/dbutils/handlers/BeanHandlerTest.java,,,,assert,unknown
dbut_51_3,commons-dbutils-1.7,BeanHandlerTest,testHandleToInterface_3_oe,src/test/java/org/apache/commons/dbutils/handlers/BeanHandlerTest.java,,,,assert,unknown
dbut_51_4,commons-dbutils-1.7,BeanHandlerTest,testHandleToInterface_4_oe,src/test/java/org/apache/commons/dbutils/handlers/BeanHandlerTest.java,,,,assert,unknown
dbut_51_5,commons-dbutils-1.7,BeanHandlerTest,testHandleToInterface_5_oe,src/test/java/org/apache/commons/dbutils/handlers/BeanHandlerTest.java,,,,assert,unknown
dbut_52_1,commons-dbutils-1.7,KeyedHandlerTest,testHandle_1_oe,src/test/java/org/apache/commons/dbutils/handlers/KeyedHandlerTest.java,,,,assert,unknown
dbut_52_2,commons-dbutils-1.7,KeyedHandlerTest,testHandle_2_oe,src/test/java/org/apache/commons/dbutils/handlers/KeyedHandlerTest.java,,,,assert,unknown
dbut_52_3,commons-dbutils-1.7,KeyedHandlerTest,testHandle_3_oe,src/test/java/org/apache/commons/dbutils/handlers/KeyedHandlerTest.java,,,,assert,unknown
dbut_52_4,commons-dbutils-1.7,KeyedHandlerTest,testHandle_4_oe,src/test/java/org/apache/commons/dbutils/handlers/KeyedHandlerTest.java,,,,assert,unknown
dbut_52_5,commons-dbutils-1.7,KeyedHandlerTest,testHandle_5_oe,src/test/java/org/apache/commons/dbutils/handlers/KeyedHandlerTest.java,,,,assert,unknown
dbut_52_6,commons-dbutils-1.7,KeyedHandlerTest,testHandle_6_oe,src/test/java/org/apache/commons/dbutils/handlers/KeyedHandlerTest.java,,,,assert,unknown
dbut_52_7,commons-dbutils-1.7,KeyedHandlerTest,testHandle_7_oe,src/test/java/org/apache/commons/dbutils/handlers/KeyedHandlerTest.java,,,,assert,unknown
dbut_52_8,commons-dbutils-1.7,KeyedHandlerTest,testHandle_8_oe,src/test/java/org/apache/commons/dbutils/handlers/KeyedHandlerTest.java,,,,assert,unknown
dbut_53_1,commons-dbutils-1.7,KeyedHandlerTest,testColumnIndexHandle_1_oe,src/test/java/org/apache/commons/dbutils/handlers/KeyedHandlerTest.java,,,,assert,unknown
dbut_53_2,commons-dbutils-1.7,KeyedHandlerTest,testColumnIndexHandle_2_oe,src/test/java/org/apache/commons/dbutils/handlers/KeyedHandlerTest.java,,,,assert,unknown
dbut_53_3,commons-dbutils-1.7,KeyedHandlerTest,testColumnIndexHandle_3_oe,src/test/java/org/apache/commons/dbutils/handlers/KeyedHandlerTest.java,,,,assert,unknown
dbut_53_4,commons-dbutils-1.7,KeyedHandlerTest,testColumnIndexHandle_4_oe,src/test/java/org/apache/commons/dbutils/handlers/KeyedHandlerTest.java,,,,assert,unknown
dbut_53_5,commons-dbutils-1.7,KeyedHandlerTest,testColumnIndexHandle_5_oe,src/test/java/org/apache/commons/dbutils/handlers/KeyedHandlerTest.java,,,,assert,unknown
dbut_53_6,commons-dbutils-1.7,KeyedHandlerTest,testColumnIndexHandle_6_oe,src/test/java/org/apache/commons/dbutils/handlers/KeyedHandlerTest.java,,,,assert,unknown
dbut_53_7,commons-dbutils-1.7,KeyedHandlerTest,testColumnIndexHandle_7_oe,src/test/java/org/apache/commons/dbutils/handlers/KeyedHandlerTest.java,,,,assert,unknown
dbut_53_8,commons-dbutils-1.7,KeyedHandlerTest,testColumnIndexHandle_8_oe,src/test/java/org/apache/commons/dbutils/handlers/KeyedHandlerTest.java,,,,assert,unknown
dbut_54_1,commons-dbutils-1.7,KeyedHandlerTest,testColumnNameHandle_1_oe,src/test/java/org/apache/commons/dbutils/handlers/KeyedHandlerTest.java,,,,assert,unknown
dbut_54_2,commons-dbutils-1.7,KeyedHandlerTest,testColumnNameHandle_2_oe,src/test/java/org/apache/commons/dbutils/handlers/KeyedHandlerTest.java,,,,assert,unknown
dbut_54_3,commons-dbutils-1.7,KeyedHandlerTest,testColumnNameHandle_3_oe,src/test/java/org/apache/commons/dbutils/handlers/KeyedHandlerTest.java,,,,assert,unknown
dbut_54_4,commons-dbutils-1.7,KeyedHandlerTest,testColumnNameHandle_4_oe,src/test/java/org/apache/commons/dbutils/handlers/KeyedHandlerTest.java,,,,assert,unknown
dbut_54_5,commons-dbutils-1.7,KeyedHandlerTest,testColumnNameHandle_5_oe,src/test/java/org/apache/commons/dbutils/handlers/KeyedHandlerTest.java,,,,assert,unknown
dbut_54_6,commons-dbutils-1.7,KeyedHandlerTest,testColumnNameHandle_6_oe,src/test/java/org/apache/commons/dbutils/handlers/KeyedHandlerTest.java,,,,assert,unknown
dbut_54_7,commons-dbutils-1.7,KeyedHandlerTest,testColumnNameHandle_7_oe,src/test/java/org/apache/commons/dbutils/handlers/KeyedHandlerTest.java,,,,assert,unknown
dbut_54_8,commons-dbutils-1.7,KeyedHandlerTest,testColumnNameHandle_8_oe,src/test/java/org/apache/commons/dbutils/handlers/KeyedHandlerTest.java,,,,assert,unknown
dbut_55_1,commons-dbutils-1.7,KeyedHandlerTest,testEmptyResultSetHandle_1_oe,src/test/java/org/apache/commons/dbutils/handlers/KeyedHandlerTest.java,,,,assert,unknown
dbut_55_2,commons-dbutils-1.7,KeyedHandlerTest,testEmptyResultSetHandle_2_oe,src/test/java/org/apache/commons/dbutils/handlers/KeyedHandlerTest.java,,,,assert,unknown
dbut_56_1,commons-dbutils-1.7,ArrayHandlerTest,testHandle_1_oe,src/test/java/org/apache/commons/dbutils/handlers/ArrayHandlerTest.java,,,,assert,unknown
dbut_56_2,commons-dbutils-1.7,ArrayHandlerTest,testHandle_2_oe,src/test/java/org/apache/commons/dbutils/handlers/ArrayHandlerTest.java,,,,assert,unknown
dbut_56_3,commons-dbutils-1.7,ArrayHandlerTest,testHandle_3_oe,src/test/java/org/apache/commons/dbutils/handlers/ArrayHandlerTest.java,,,,assert,unknown
dbut_56_4,commons-dbutils-1.7,ArrayHandlerTest,testHandle_4_oe,src/test/java/org/apache/commons/dbutils/handlers/ArrayHandlerTest.java,,,,assert,unknown
dbut_56_5,commons-dbutils-1.7,ArrayHandlerTest,testHandle_5_oe,src/test/java/org/apache/commons/dbutils/handlers/ArrayHandlerTest.java,,,,assert,unknown
dbut_57_1,commons-dbutils-1.7,ArrayHandlerTest,testEmptyResultSetHandle_1_oe,src/test/java/org/apache/commons/dbutils/handlers/ArrayHandlerTest.java,,,,assert,unknown
dbut_58_1,commons-dbutils-1.7,MapListHandlerTest,testHandle_1_oe,src/test/java/org/apache/commons/dbutils/handlers/MapListHandlerTest.java,,,,assert,unknown
dbut_58_2,commons-dbutils-1.7,MapListHandlerTest,testHandle_2_oe,src/test/java/org/apache/commons/dbutils/handlers/MapListHandlerTest.java,,,,assert,unknown
dbut_58_3,commons-dbutils-1.7,MapListHandlerTest,testHandle_3_oe,src/test/java/org/apache/commons/dbutils/handlers/MapListHandlerTest.java,,,,assert,unknown
dbut_58_4,commons-dbutils-1.7,MapListHandlerTest,testHandle_4_oe,src/test/java/org/apache/commons/dbutils/handlers/MapListHandlerTest.java,,,,assert,unknown
dbut_58_5,commons-dbutils-1.7,MapListHandlerTest,testHandle_5_oe,src/test/java/org/apache/commons/dbutils/handlers/MapListHandlerTest.java,,,,assert,unknown
dbut_58_6,commons-dbutils-1.7,MapListHandlerTest,testHandle_6_oe,src/test/java/org/apache/commons/dbutils/handlers/MapListHandlerTest.java,,,,assert,unknown
dbut_58_7,commons-dbutils-1.7,MapListHandlerTest,testHandle_7_oe,src/test/java/org/apache/commons/dbutils/handlers/MapListHandlerTest.java,,,,assert,unknown
dbut_58_8,commons-dbutils-1.7,MapListHandlerTest,testHandle_8_oe,src/test/java/org/apache/commons/dbutils/handlers/MapListHandlerTest.java,,,,assert,unknown
dbut_58_9,commons-dbutils-1.7,MapListHandlerTest,testHandle_9_oe,src/test/java/org/apache/commons/dbutils/handlers/MapListHandlerTest.java,,,,assert,unknown
dbut_58_10,commons-dbutils-1.7,MapListHandlerTest,testHandle_10_oe,src/test/java/org/apache/commons/dbutils/handlers/MapListHandlerTest.java,,,,assert,unknown
dbut_58_11,commons-dbutils-1.7,MapListHandlerTest,testHandle_11_oe,src/test/java/org/apache/commons/dbutils/handlers/MapListHandlerTest.java,,,,assert,unknown
dbut_58_12,commons-dbutils-1.7,MapListHandlerTest,testHandle_12_oe,src/test/java/org/apache/commons/dbutils/handlers/MapListHandlerTest.java,,,,assert,unknown
dbut_58_13,commons-dbutils-1.7,MapListHandlerTest,testHandle_13_oe,src/test/java/org/apache/commons/dbutils/handlers/MapListHandlerTest.java,,,,assert,unknown
dbut_59_1,commons-dbutils-1.7,MapListHandlerTest,testEmptyResultSetHandle_1_oe,src/test/java/org/apache/commons/dbutils/handlers/MapListHandlerTest.java,,,,assert,unknown
dbut_59_2,commons-dbutils-1.7,MapListHandlerTest,testEmptyResultSetHandle_2_oe,src/test/java/org/apache/commons/dbutils/handlers/MapListHandlerTest.java,,,,assert,unknown
dbut_60_1,commons-dbutils-1.7,BeanMapHandlerTest,testEmptyResultSet_1_oe,src/test/java/org/apache/commons/dbutils/handlers/BeanMapHandlerTest.java,,,,assert,unknown
dbut_61_1,commons-dbutils-1.7,BeanListHandlerTest,testHandle_1_oe,src/test/java/org/apache/commons/dbutils/handlers/BeanListHandlerTest.java,,,,assert,unknown
dbut_61_2,commons-dbutils-1.7,BeanListHandlerTest,testHandle_2_oe,src/test/java/org/apache/commons/dbutils/handlers/BeanListHandlerTest.java,,,,assert,unknown
dbut_61_3,commons-dbutils-1.7,BeanListHandlerTest,testHandle_3_oe,src/test/java/org/apache/commons/dbutils/handlers/BeanListHandlerTest.java,,,,assert,unknown
dbut_61_4,commons-dbutils-1.7,BeanListHandlerTest,testHandle_4_oe,src/test/java/org/apache/commons/dbutils/handlers/BeanListHandlerTest.java,,,,assert,unknown
dbut_61_5,commons-dbutils-1.7,BeanListHandlerTest,testHandle_5_oe,src/test/java/org/apache/commons/dbutils/handlers/BeanListHandlerTest.java,,,,assert,unknown
dbut_61_6,commons-dbutils-1.7,BeanListHandlerTest,testHandle_6_oe,src/test/java/org/apache/commons/dbutils/handlers/BeanListHandlerTest.java,,,,assert,unknown
dbut_61_7,commons-dbutils-1.7,BeanListHandlerTest,testHandle_7_oe,src/test/java/org/apache/commons/dbutils/handlers/BeanListHandlerTest.java,,,,assert,unknown
dbut_61_8,commons-dbutils-1.7,BeanListHandlerTest,testHandle_8_oe,src/test/java/org/apache/commons/dbutils/handlers/BeanListHandlerTest.java,,,,assert,unknown
dbut_61_9,commons-dbutils-1.7,BeanListHandlerTest,testHandle_9_oe,src/test/java/org/apache/commons/dbutils/handlers/BeanListHandlerTest.java,,,,assert,unknown
dbut_61_10,commons-dbutils-1.7,BeanListHandlerTest,testHandle_10_oe,src/test/java/org/apache/commons/dbutils/handlers/BeanListHandlerTest.java,,,,assert,unknown
dbut_61_11,commons-dbutils-1.7,BeanListHandlerTest,testHandle_11_oe,src/test/java/org/apache/commons/dbutils/handlers/BeanListHandlerTest.java,,,,assert,unknown
dbut_61_12,commons-dbutils-1.7,BeanListHandlerTest,testHandle_12_oe,src/test/java/org/apache/commons/dbutils/handlers/BeanListHandlerTest.java,,,,assert,unknown
dbut_61_13,commons-dbutils-1.7,BeanListHandlerTest,testHandle_13_oe,src/test/java/org/apache/commons/dbutils/handlers/BeanListHandlerTest.java,,,,assert,unknown
dbut_62_1,commons-dbutils-1.7,BeanListHandlerTest,testEmptyResultSetHandle_1_oe,src/test/java/org/apache/commons/dbutils/handlers/BeanListHandlerTest.java,,,,assert,unknown
dbut_62_2,commons-dbutils-1.7,BeanListHandlerTest,testEmptyResultSetHandle_2_oe,src/test/java/org/apache/commons/dbutils/handlers/BeanListHandlerTest.java,,,,assert,unknown
dbut_63_1,commons-dbutils-1.7,BeanListHandlerTest,testHandleToSuperClass_1_oe,src/test/java/org/apache/commons/dbutils/handlers/BeanListHandlerTest.java,,,,assert,unknown
dbut_63_2,commons-dbutils-1.7,BeanListHandlerTest,testHandleToSuperClass_2_oe,src/test/java/org/apache/commons/dbutils/handlers/BeanListHandlerTest.java,,,,assert,unknown
dbut_63_3,commons-dbutils-1.7,BeanListHandlerTest,testHandleToSuperClass_3_oe,src/test/java/org/apache/commons/dbutils/handlers/BeanListHandlerTest.java,,,,assert,unknown
dbut_63_4,commons-dbutils-1.7,BeanListHandlerTest,testHandleToSuperClass_4_oe,src/test/java/org/apache/commons/dbutils/handlers/BeanListHandlerTest.java,,,,assert,unknown
dbut_63_5,commons-dbutils-1.7,BeanListHandlerTest,testHandleToSuperClass_5_oe,src/test/java/org/apache/commons/dbutils/handlers/BeanListHandlerTest.java,,,,assert,unknown
dbut_63_6,commons-dbutils-1.7,BeanListHandlerTest,testHandleToSuperClass_6_oe,src/test/java/org/apache/commons/dbutils/handlers/BeanListHandlerTest.java,,,,assert,unknown
dbut_63_7,commons-dbutils-1.7,BeanListHandlerTest,testHandleToSuperClass_7_oe,src/test/java/org/apache/commons/dbutils/handlers/BeanListHandlerTest.java,,,,assert,unknown
dbut_63_8,commons-dbutils-1.7,BeanListHandlerTest,testHandleToSuperClass_8_oe,src/test/java/org/apache/commons/dbutils/handlers/BeanListHandlerTest.java,,,,assert,unknown
dbut_63_9,commons-dbutils-1.7,BeanListHandlerTest,testHandleToSuperClass_9_oe,src/test/java/org/apache/commons/dbutils/handlers/BeanListHandlerTest.java,,,,assert,unknown
dbut_63_10,commons-dbutils-1.7,BeanListHandlerTest,testHandleToSuperClass_10_oe,src/test/java/org/apache/commons/dbutils/handlers/BeanListHandlerTest.java,,,,assert,unknown
dbut_63_11,commons-dbutils-1.7,BeanListHandlerTest,testHandleToSuperClass_11_oe,src/test/java/org/apache/commons/dbutils/handlers/BeanListHandlerTest.java,,,,assert,unknown
dbut_63_12,commons-dbutils-1.7,BeanListHandlerTest,testHandleToSuperClass_12_oe,src/test/java/org/apache/commons/dbutils/handlers/BeanListHandlerTest.java,,,,assert,unknown
dbut_63_13,commons-dbutils-1.7,BeanListHandlerTest,testHandleToSuperClass_13_oe,src/test/java/org/apache/commons/dbutils/handlers/BeanListHandlerTest.java,,,,assert,unknown
dbut_63_14,commons-dbutils-1.7,BeanListHandlerTest,testHandleToSuperClass_14_oe,src/test/java/org/apache/commons/dbutils/handlers/BeanListHandlerTest.java,,,,assert,unknown
dbut_63_15,commons-dbutils-1.7,BeanListHandlerTest,testHandleToSuperClass_15_oe,src/test/java/org/apache/commons/dbutils/handlers/BeanListHandlerTest.java,,,,assert,unknown
dbut_64_1,commons-dbutils-1.7,BeanListHandlerTest,testHandleToInterface_1_oe,src/test/java/org/apache/commons/dbutils/handlers/BeanListHandlerTest.java,,,,assert,unknown
dbut_64_2,commons-dbutils-1.7,BeanListHandlerTest,testHandleToInterface_2_oe,src/test/java/org/apache/commons/dbutils/handlers/BeanListHandlerTest.java,,,,assert,unknown
dbut_64_3,commons-dbutils-1.7,BeanListHandlerTest,testHandleToInterface_3_oe,src/test/java/org/apache/commons/dbutils/handlers/BeanListHandlerTest.java,,,,assert,unknown
dbut_64_4,commons-dbutils-1.7,BeanListHandlerTest,testHandleToInterface_4_oe,src/test/java/org/apache/commons/dbutils/handlers/BeanListHandlerTest.java,,,,assert,unknown
dbut_64_5,commons-dbutils-1.7,BeanListHandlerTest,testHandleToInterface_5_oe,src/test/java/org/apache/commons/dbutils/handlers/BeanListHandlerTest.java,,,,assert,unknown
dbut_64_6,commons-dbutils-1.7,BeanListHandlerTest,testHandleToInterface_6_oe,src/test/java/org/apache/commons/dbutils/handlers/BeanListHandlerTest.java,,,,assert,unknown
dbut_64_7,commons-dbutils-1.7,BeanListHandlerTest,testHandleToInterface_7_oe,src/test/java/org/apache/commons/dbutils/handlers/BeanListHandlerTest.java,,,,assert,unknown
dbut_64_8,commons-dbutils-1.7,BeanListHandlerTest,testHandleToInterface_8_oe,src/test/java/org/apache/commons/dbutils/handlers/BeanListHandlerTest.java,,,,assert,unknown
dbut_64_9,commons-dbutils-1.7,BeanListHandlerTest,testHandleToInterface_9_oe,src/test/java/org/apache/commons/dbutils/handlers/BeanListHandlerTest.java,,,,assert,unknown
dbut_64_10,commons-dbutils-1.7,BeanListHandlerTest,testHandleToInterface_10_oe,src/test/java/org/apache/commons/dbutils/handlers/BeanListHandlerTest.java,,,,assert,unknown
dbut_64_11,commons-dbutils-1.7,BeanListHandlerTest,testHandleToInterface_11_oe,src/test/java/org/apache/commons/dbutils/handlers/BeanListHandlerTest.java,,,,assert,unknown
dbut_64_12,commons-dbutils-1.7,BeanListHandlerTest,testHandleToInterface_12_oe,src/test/java/org/apache/commons/dbutils/handlers/BeanListHandlerTest.java,,,,assert,unknown
dbut_64_13,commons-dbutils-1.7,BeanListHandlerTest,testHandleToInterface_13_oe,src/test/java/org/apache/commons/dbutils/handlers/BeanListHandlerTest.java,,,,assert,unknown
dbut_64_14,commons-dbutils-1.7,BeanListHandlerTest,testHandleToInterface_14_oe,src/test/java/org/apache/commons/dbutils/handlers/BeanListHandlerTest.java,,,,assert,unknown
dbut_64_15,commons-dbutils-1.7,BeanListHandlerTest,testHandleToInterface_15_oe,src/test/java/org/apache/commons/dbutils/handlers/BeanListHandlerTest.java,,,,assert,unknown
dbut_65_1,commons-dbutils-1.7,MapHandlerTest,testHandle_1_oe,src/test/java/org/apache/commons/dbutils/handlers/MapHandlerTest.java,,,,assert,unknown
dbut_65_2,commons-dbutils-1.7,MapHandlerTest,testHandle_2_oe,src/test/java/org/apache/commons/dbutils/handlers/MapHandlerTest.java,,,,assert,unknown
dbut_65_3,commons-dbutils-1.7,MapHandlerTest,testHandle_3_oe,src/test/java/org/apache/commons/dbutils/handlers/MapHandlerTest.java,,,,assert,unknown
dbut_65_4,commons-dbutils-1.7,MapHandlerTest,testHandle_4_oe,src/test/java/org/apache/commons/dbutils/handlers/MapHandlerTest.java,,,,assert,unknown
dbut_65_5,commons-dbutils-1.7,MapHandlerTest,testHandle_5_oe,src/test/java/org/apache/commons/dbutils/handlers/MapHandlerTest.java,,,,assert,unknown
dbut_66_1,commons-dbutils-1.7,MapHandlerTest,testEmptyResultSetHandle_1_oe,src/test/java/org/apache/commons/dbutils/handlers/MapHandlerTest.java,,,,assert,unknown
dbut_67_1,commons-dbutils-1.7,ScalarHandlerTest,testHandle_1_oe,src/test/java/org/apache/commons/dbutils/handlers/ScalarHandlerTest.java,,,,assert,unknown
dbut_67_2,commons-dbutils-1.7,ScalarHandlerTest,testHandle_2_oe,src/test/java/org/apache/commons/dbutils/handlers/ScalarHandlerTest.java,,,,assert,unknown
dbut_68_1,commons-dbutils-1.7,ScalarHandlerTest,testColumnIndexHandle_1_oe,src/test/java/org/apache/commons/dbutils/handlers/ScalarHandlerTest.java,,,,assert,unknown
dbut_68_2,commons-dbutils-1.7,ScalarHandlerTest,testColumnIndexHandle_2_oe,src/test/java/org/apache/commons/dbutils/handlers/ScalarHandlerTest.java,,,,assert,unknown
dbut_69_1,commons-dbutils-1.7,ScalarHandlerTest,testColumnNameHandle_1_oe,src/test/java/org/apache/commons/dbutils/handlers/ScalarHandlerTest.java,,,,assert,unknown
dbut_69_2,commons-dbutils-1.7,ScalarHandlerTest,testColumnNameHandle_2_oe,src/test/java/org/apache/commons/dbutils/handlers/ScalarHandlerTest.java,,,,assert,unknown
dbut_70_1,commons-dbutils-1.7,ScalarHandlerTest,testEmptyResultSetHandle_1_oe,src/test/java/org/apache/commons/dbutils/handlers/ScalarHandlerTest.java,,,,assert,unknown
dbut_71_1,commons-dbutils-1.7,StringEnumPropertyHandlerTest,testMatch_1_oe,src/test/java/org/apache/commons/dbutils/handlers/properties/StringEnumPropertyHandlerTest.java,,,,assert,unknown
dbut_72_1,commons-dbutils-1.7,StringEnumPropertyHandlerTest,testMatchNegative_1_oe,src/test/java/org/apache/commons/dbutils/handlers/properties/StringEnumPropertyHandlerTest.java,,,,assert,unknown
dbut_72_2,commons-dbutils-1.7,StringEnumPropertyHandlerTest,testMatchNegative_2_oe,src/test/java/org/apache/commons/dbutils/handlers/properties/StringEnumPropertyHandlerTest.java,,,,assert,unknown
dbut_73_1,commons-dbutils-1.7,PropertyHandlerTest,testServiceLoaderFindsMultipleRegistries_1_oe,src/test/java/org/apache/commons/dbutils/handlers/properties/PropertyHandlerTest.java,,,,assert,unknown
dbut_74_1,commons-dbutils-1.7,PropertyHandlerTest,testFoundMoreThanLocal_1_oe,src/test/java/org/apache/commons/dbutils/handlers/properties/PropertyHandlerTest.java,,,,assert,unknown
dbut_75_1,commons-dbutils-1.7,DatePropertyHandlerTest,testMatch_1_oe,src/test/java/org/apache/commons/dbutils/handlers/properties/DatePropertyHandlerTest.java,,,,assert,unknown
dbut_75_2,commons-dbutils-1.7,DatePropertyHandlerTest,testMatch_2_oe,src/test/java/org/apache/commons/dbutils/handlers/properties/DatePropertyHandlerTest.java,,,,assert,unknown
dbut_75_3,commons-dbutils-1.7,DatePropertyHandlerTest,testMatch_3_oe,src/test/java/org/apache/commons/dbutils/handlers/properties/DatePropertyHandlerTest.java,,,,assert,unknown
dbut_76_1,commons-dbutils-1.7,DatePropertyHandlerTest,testMatchNegative_1_oe,src/test/java/org/apache/commons/dbutils/handlers/properties/DatePropertyHandlerTest.java,,,,assert,unknown
dbut_76_2,commons-dbutils-1.7,DatePropertyHandlerTest,testMatchNegative_2_oe,src/test/java/org/apache/commons/dbutils/handlers/properties/DatePropertyHandlerTest.java,,,,assert,unknown
dbut_77_1,commons-dbutils-1.7,DatePropertyHandlerTest,testApplyTypeOfDate_1_oe,src/test/java/org/apache/commons/dbutils/handlers/properties/DatePropertyHandlerTest.java,,,,assert,unknown
dbut_78_1,commons-dbutils-1.7,DatePropertyHandlerTest,testApplyTypeOfTime_1_oe,src/test/java/org/apache/commons/dbutils/handlers/properties/DatePropertyHandlerTest.java,,,,assert,unknown
dbut_79_1,commons-dbutils-1.7,DatePropertyHandlerTest,testApplyTypeOfTimestamp_1_oe,src/test/java/org/apache/commons/dbutils/handlers/properties/DatePropertyHandlerTest.java,,,,assert,unknown
dbut_80_1,commons-dbutils-1.7,ColumnHandlerTestBase,testMatch_1_oe,src/test/java/org/apache/commons/dbutils/handlers/columns/ColumnHandlerTestBase.java,,,,assert,unknown
dbut_81_1,commons-dbutils-1.7,ColumnHandlerTestBase,testMatchNegative_1_oe,src/test/java/org/apache/commons/dbutils/handlers/columns/ColumnHandlerTestBase.java,,,,assert,unknown
dbut_82_1,commons-dbutils-1.7,DoubleColumnHandlerTest,testApplyType_1_oe,src/test/java/org/apache/commons/dbutils/handlers/columns/DoubleColumnHandlerTest.java,,,,assert,unknown
dbut_83_1,commons-dbutils-1.7,BooleanColumnHandlerTest,testApplyType_1_oe,src/test/java/org/apache/commons/dbutils/handlers/columns/BooleanColumnHandlerTest.java,,,,assert,unknown
dbut_84_1,commons-dbutils-1.7,SQLXMLColumnHandlerTest,testApplyType_1_oe,src/test/java/org/apache/commons/dbutils/handlers/columns/SQLXMLColumnHandlerTest.java,,,,assert,unknown
dbut_85_1,commons-dbutils-1.7,LongColumnHandlerTest,testApplyType_1_oe,src/test/java/org/apache/commons/dbutils/handlers/columns/LongColumnHandlerTest.java,,,,assert,unknown
dbut_86_1,commons-dbutils-1.7,TimestampColumnHandlerTest,testApplyType_1_oe,src/test/java/org/apache/commons/dbutils/handlers/columns/TimestampColumnHandlerTest.java,,,,assert,unknown
dbut_87_1,commons-dbutils-1.7,IntegerColumnHandlerTest,testMatchNegative_1_oe,src/test/java/org/apache/commons/dbutils/handlers/columns/IntegerColumnHandlerTest.java,,,,assert,unknown
dbut_88_1,commons-dbutils-1.7,IntegerColumnHandlerTest,testApplyType_1_oe,src/test/java/org/apache/commons/dbutils/handlers/columns/IntegerColumnHandlerTest.java,,,,assert,unknown
dbut_89_1,commons-dbutils-1.7,FloatColumnHandlerTest,testApplyType_1_oe,src/test/java/org/apache/commons/dbutils/handlers/columns/FloatColumnHandlerTest.java,,,,assert,unknown
dbut_90_1,commons-dbutils-1.7,ByteColumnHandlerTest,testApplyType_1_oe,src/test/java/org/apache/commons/dbutils/handlers/columns/ByteColumnHandlerTest.java,,,,assert,unknown
dbut_91_1,commons-dbutils-1.7,StringColumnHandlerTest,testApplyType_1_oe,src/test/java/org/apache/commons/dbutils/handlers/columns/StringColumnHandlerTest.java,,,,assert,unknown
dbut_92_1,commons-dbutils-1.7,ShortColumnHandlerTest,testApplyType_1_oe,src/test/java/org/apache/commons/dbutils/handlers/columns/ShortColumnHandlerTest.java,,,,assert,unknown
dbut_93_1,commons-dbutils-1.7,StringTrimmedResultSetTest,testGetString_1_oe,src/test/java/org/apache/commons/dbutils/wrappers/StringTrimmedResultSetTest.java,,,,assert,unknown
dbut_94_1,commons-dbutils-1.7,StringTrimmedResultSetTest,testGetObject_1_oe,src/test/java/org/apache/commons/dbutils/wrappers/StringTrimmedResultSetTest.java,,,,assert,unknown
dbut_95_1,commons-dbutils-1.7,StringTrimmedResultSetTest,testMultipleWrappers_1_oe,src/test/java/org/apache/commons/dbutils/wrappers/StringTrimmedResultSetTest.java,,,,assert,unknown
dbut_96_1,commons-dbutils-1.7,SqlNullCheckedResultSetTest,testGetAsciiStream_1_oe,src/test/java/org/apache/commons/dbutils/wrappers/SqlNullCheckedResultSetTest.java,,,,assert,unknown
dbut_96_2,commons-dbutils-1.7,SqlNullCheckedResultSetTest,testGetAsciiStream_2_oe,src/test/java/org/apache/commons/dbutils/wrappers/SqlNullCheckedResultSetTest.java,,,,assert,unknown
dbut_96_3,commons-dbutils-1.7,SqlNullCheckedResultSetTest,testGetAsciiStream_3_oe,src/test/java/org/apache/commons/dbutils/wrappers/SqlNullCheckedResultSetTest.java,,,,assert,unknown
dbut_96_4,commons-dbutils-1.7,SqlNullCheckedResultSetTest,testGetAsciiStream_4_oe,src/test/java/org/apache/commons/dbutils/wrappers/SqlNullCheckedResultSetTest.java,,,,assert,unknown
dbut_96_5,commons-dbutils-1.7,SqlNullCheckedResultSetTest,testGetAsciiStream_5_oe,src/test/java/org/apache/commons/dbutils/wrappers/SqlNullCheckedResultSetTest.java,,,,assert,unknown
dbut_96_6,commons-dbutils-1.7,SqlNullCheckedResultSetTest,testGetAsciiStream_6_oe,src/test/java/org/apache/commons/dbutils/wrappers/SqlNullCheckedResultSetTest.java,,,,assert,unknown
dbut_96_7,commons-dbutils-1.7,SqlNullCheckedResultSetTest,testGetAsciiStream_7_oe,src/test/java/org/apache/commons/dbutils/wrappers/SqlNullCheckedResultSetTest.java,,,,assert,unknown
dbut_96_8,commons-dbutils-1.7,SqlNullCheckedResultSetTest,testGetAsciiStream_8_oe,src/test/java/org/apache/commons/dbutils/wrappers/SqlNullCheckedResultSetTest.java,,,,assert,unknown
dbut_97_1,commons-dbutils-1.7,SqlNullCheckedResultSetTest,testGetBigDecimal_1_oe,src/test/java/org/apache/commons/dbutils/wrappers/SqlNullCheckedResultSetTest.java,,,,assert,unknown
dbut_97_2,commons-dbutils-1.7,SqlNullCheckedResultSetTest,testGetBigDecimal_2_oe,src/test/java/org/apache/commons/dbutils/wrappers/SqlNullCheckedResultSetTest.java,,,,assert,unknown
dbut_97_3,commons-dbutils-1.7,SqlNullCheckedResultSetTest,testGetBigDecimal_3_oe,src/test/java/org/apache/commons/dbutils/wrappers/SqlNullCheckedResultSetTest.java,,,,assert,unknown
dbut_97_4,commons-dbutils-1.7,SqlNullCheckedResultSetTest,testGetBigDecimal_4_oe,src/test/java/org/apache/commons/dbutils/wrappers/SqlNullCheckedResultSetTest.java,,,,assert,unknown
dbut_97_5,commons-dbutils-1.7,SqlNullCheckedResultSetTest,testGetBigDecimal_5_oe,src/test/java/org/apache/commons/dbutils/wrappers/SqlNullCheckedResultSetTest.java,,,,assert,unknown
dbut_97_6,commons-dbutils-1.7,SqlNullCheckedResultSetTest,testGetBigDecimal_6_oe,src/test/java/org/apache/commons/dbutils/wrappers/SqlNullCheckedResultSetTest.java,,,,assert,unknown
dbut_97_7,commons-dbutils-1.7,SqlNullCheckedResultSetTest,testGetBigDecimal_7_oe,src/test/java/org/apache/commons/dbutils/wrappers/SqlNullCheckedResultSetTest.java,,,,assert,unknown
dbut_97_8,commons-dbutils-1.7,SqlNullCheckedResultSetTest,testGetBigDecimal_8_oe,src/test/java/org/apache/commons/dbutils/wrappers/SqlNullCheckedResultSetTest.java,,,,assert,unknown
dbut_98_1,commons-dbutils-1.7,SqlNullCheckedResultSetTest,testGetBinaryStream_1_oe,src/test/java/org/apache/commons/dbutils/wrappers/SqlNullCheckedResultSetTest.java,,,,assert,unknown
dbut_98_2,commons-dbutils-1.7,SqlNullCheckedResultSetTest,testGetBinaryStream_2_oe,src/test/java/org/apache/commons/dbutils/wrappers/SqlNullCheckedResultSetTest.java,,,,assert,unknown
dbut_98_3,commons-dbutils-1.7,SqlNullCheckedResultSetTest,testGetBinaryStream_3_oe,src/test/java/org/apache/commons/dbutils/wrappers/SqlNullCheckedResultSetTest.java,,,,assert,unknown
dbut_98_4,commons-dbutils-1.7,SqlNullCheckedResultSetTest,testGetBinaryStream_4_oe,src/test/java/org/apache/commons/dbutils/wrappers/SqlNullCheckedResultSetTest.java,,,,assert,unknown
dbut_98_5,commons-dbutils-1.7,SqlNullCheckedResultSetTest,testGetBinaryStream_5_oe,src/test/java/org/apache/commons/dbutils/wrappers/SqlNullCheckedResultSetTest.java,,,,assert,unknown
dbut_98_6,commons-dbutils-1.7,SqlNullCheckedResultSetTest,testGetBinaryStream_6_oe,src/test/java/org/apache/commons/dbutils/wrappers/SqlNullCheckedResultSetTest.java,,,,assert,unknown
dbut_98_7,commons-dbutils-1.7,SqlNullCheckedResultSetTest,testGetBinaryStream_7_oe,src/test/java/org/apache/commons/dbutils/wrappers/SqlNullCheckedResultSetTest.java,,,,assert,unknown
dbut_98_8,commons-dbutils-1.7,SqlNullCheckedResultSetTest,testGetBinaryStream_8_oe,src/test/java/org/apache/commons/dbutils/wrappers/SqlNullCheckedResultSetTest.java,,,,assert,unknown
dbut_99_1,commons-dbutils-1.7,SqlNullCheckedResultSetTest,testGetBlob_1_oe,src/test/java/org/apache/commons/dbutils/wrappers/SqlNullCheckedResultSetTest.java,,,,assert,unknown
dbut_99_2,commons-dbutils-1.7,SqlNullCheckedResultSetTest,testGetBlob_2_oe,src/test/java/org/apache/commons/dbutils/wrappers/SqlNullCheckedResultSetTest.java,,,,assert,unknown
dbut_99_3,commons-dbutils-1.7,SqlNullCheckedResultSetTest,testGetBlob_3_oe,src/test/java/org/apache/commons/dbutils/wrappers/SqlNullCheckedResultSetTest.java,,,,assert,unknown
dbut_99_4,commons-dbutils-1.7,SqlNullCheckedResultSetTest,testGetBlob_4_oe,src/test/java/org/apache/commons/dbutils/wrappers/SqlNullCheckedResultSetTest.java,,,,assert,unknown
dbut_99_5,commons-dbutils-1.7,SqlNullCheckedResultSetTest,testGetBlob_5_oe,src/test/java/org/apache/commons/dbutils/wrappers/SqlNullCheckedResultSetTest.java,,,,assert,unknown
dbut_99_6,commons-dbutils-1.7,SqlNullCheckedResultSetTest,testGetBlob_6_oe,src/test/java/org/apache/commons/dbutils/wrappers/SqlNullCheckedResultSetTest.java,,,,assert,unknown
dbut_99_7,commons-dbutils-1.7,SqlNullCheckedResultSetTest,testGetBlob_7_oe,src/test/java/org/apache/commons/dbutils/wrappers/SqlNullCheckedResultSetTest.java,,,,assert,unknown
dbut_99_8,commons-dbutils-1.7,SqlNullCheckedResultSetTest,testGetBlob_8_oe,src/test/java/org/apache/commons/dbutils/wrappers/SqlNullCheckedResultSetTest.java,,,,assert,unknown
dbut_100_1,commons-dbutils-1.7,SqlNullCheckedResultSetTest,testGetBoolean_1_oe,src/test/java/org/apache/commons/dbutils/wrappers/SqlNullCheckedResultSetTest.java,,,,assert,unknown
dbut_100_2,commons-dbutils-1.7,SqlNullCheckedResultSetTest,testGetBoolean_2_oe,src/test/java/org/apache/commons/dbutils/wrappers/SqlNullCheckedResultSetTest.java,,,,assert,unknown
dbut_100_3,commons-dbutils-1.7,SqlNullCheckedResultSetTest,testGetBoolean_3_oe,src/test/java/org/apache/commons/dbutils/wrappers/SqlNullCheckedResultSetTest.java,,,,assert,unknown
dbut_100_4,commons-dbutils-1.7,SqlNullCheckedResultSetTest,testGetBoolean_4_oe,src/test/java/org/apache/commons/dbutils/wrappers/SqlNullCheckedResultSetTest.java,,,,assert,unknown
dbut_100_5,commons-dbutils-1.7,SqlNullCheckedResultSetTest,testGetBoolean_5_oe,src/test/java/org/apache/commons/dbutils/wrappers/SqlNullCheckedResultSetTest.java,,,,assert,unknown
dbut_100_6,commons-dbutils-1.7,SqlNullCheckedResultSetTest,testGetBoolean_6_oe,src/test/java/org/apache/commons/dbutils/wrappers/SqlNullCheckedResultSetTest.java,,,,assert,unknown
dbut_101_1,commons-dbutils-1.7,SqlNullCheckedResultSetTest,testGetByte_1_oe,src/test/java/org/apache/commons/dbutils/wrappers/SqlNullCheckedResultSetTest.java,,,,assert,unknown
dbut_101_2,commons-dbutils-1.7,SqlNullCheckedResultSetTest,testGetByte_2_oe,src/test/java/org/apache/commons/dbutils/wrappers/SqlNullCheckedResultSetTest.java,,,,assert,unknown
dbut_101_3,commons-dbutils-1.7,SqlNullCheckedResultSetTest,testGetByte_3_oe,src/test/java/org/apache/commons/dbutils/wrappers/SqlNullCheckedResultSetTest.java,,,,assert,unknown
dbut_101_4,commons-dbutils-1.7,SqlNullCheckedResultSetTest,testGetByte_4_oe,src/test/java/org/apache/commons/dbutils/wrappers/SqlNullCheckedResultSetTest.java,,,,assert,unknown
dbut_101_5,commons-dbutils-1.7,SqlNullCheckedResultSetTest,testGetByte_5_oe,src/test/java/org/apache/commons/dbutils/wrappers/SqlNullCheckedResultSetTest.java,,,,assert,unknown
dbut_101_6,commons-dbutils-1.7,SqlNullCheckedResultSetTest,testGetByte_6_oe,src/test/java/org/apache/commons/dbutils/wrappers/SqlNullCheckedResultSetTest.java,,,,assert,unknown
dbut_102_1,commons-dbutils-1.7,SqlNullCheckedResultSetTest,testGetBytes_1_oe,src/test/java/org/apache/commons/dbutils/wrappers/SqlNullCheckedResultSetTest.java,,,,assert,unknown
dbut_102_2,commons-dbutils-1.7,SqlNullCheckedResultSetTest,testGetBytes_2_oe,src/test/java/org/apache/commons/dbutils/wrappers/SqlNullCheckedResultSetTest.java,,,,assert,unknown
dbut_102_3,commons-dbutils-1.7,SqlNullCheckedResultSetTest,testGetBytes_3_oe,src/test/java/org/apache/commons/dbutils/wrappers/SqlNullCheckedResultSetTest.java,,,,assert,unknown
dbut_102_4,commons-dbutils-1.7,SqlNullCheckedResultSetTest,testGetBytes_4_oe,src/test/java/org/apache/commons/dbutils/wrappers/SqlNullCheckedResultSetTest.java,,,,assert,unknown
dbut_102_5,commons-dbutils-1.7,SqlNullCheckedResultSetTest,testGetBytes_5_oe,src/test/java/org/apache/commons/dbutils/wrappers/SqlNullCheckedResultSetTest.java,,,,assert,unknown
dbut_102_6,commons-dbutils-1.7,SqlNullCheckedResultSetTest,testGetBytes_6_oe,src/test/java/org/apache/commons/dbutils/wrappers/SqlNullCheckedResultSetTest.java,,,,assert,unknown
dbut_102_7,commons-dbutils-1.7,SqlNullCheckedResultSetTest,testGetBytes_7_oe,src/test/java/org/apache/commons/dbutils/wrappers/SqlNullCheckedResultSetTest.java,,,,assert,unknown
dbut_102_8,commons-dbutils-1.7,SqlNullCheckedResultSetTest,testGetBytes_8_oe,src/test/java/org/apache/commons/dbutils/wrappers/SqlNullCheckedResultSetTest.java,,,,assert,unknown
dbut_103_1,commons-dbutils-1.7,SqlNullCheckedResultSetTest,testGetCharacterStream_1_oe,src/test/java/org/apache/commons/dbutils/wrappers/SqlNullCheckedResultSetTest.java,,,,assert,unknown
dbut_103_2,commons-dbutils-1.7,SqlNullCheckedResultSetTest,testGetCharacterStream_2_oe,src/test/java/org/apache/commons/dbutils/wrappers/SqlNullCheckedResultSetTest.java,,,,assert,unknown
dbut_103_3,commons-dbutils-1.7,SqlNullCheckedResultSetTest,testGetCharacterStream_3_oe,src/test/java/org/apache/commons/dbutils/wrappers/SqlNullCheckedResultSetTest.java,,,,assert,unknown
dbut_103_4,commons-dbutils-1.7,SqlNullCheckedResultSetTest,testGetCharacterStream_4_oe,src/test/java/org/apache/commons/dbutils/wrappers/SqlNullCheckedResultSetTest.java,,,,assert,unknown
dbut_103_5,commons-dbutils-1.7,SqlNullCheckedResultSetTest,testGetCharacterStream_5_oe,src/test/java/org/apache/commons/dbutils/wrappers/SqlNullCheckedResultSetTest.java,,,,assert,unknown
dbut_103_6,commons-dbutils-1.7,SqlNullCheckedResultSetTest,testGetCharacterStream_6_oe,src/test/java/org/apache/commons/dbutils/wrappers/SqlNullCheckedResultSetTest.java,,,,assert,unknown
dbut_103_7,commons-dbutils-1.7,SqlNullCheckedResultSetTest,testGetCharacterStream_7_oe,src/test/java/org/apache/commons/dbutils/wrappers/SqlNullCheckedResultSetTest.java,,,,assert,unknown
dbut_103_8,commons-dbutils-1.7,SqlNullCheckedResultSetTest,testGetCharacterStream_8_oe,src/test/java/org/apache/commons/dbutils/wrappers/SqlNullCheckedResultSetTest.java,,,,assert,unknown
dbut_104_1,commons-dbutils-1.7,SqlNullCheckedResultSetTest,testGetClob_1_oe,src/test/java/org/apache/commons/dbutils/wrappers/SqlNullCheckedResultSetTest.java,,,,assert,unknown
dbut_104_2,commons-dbutils-1.7,SqlNullCheckedResultSetTest,testGetClob_2_oe,src/test/java/org/apache/commons/dbutils/wrappers/SqlNullCheckedResultSetTest.java,,,,assert,unknown
dbut_104_3,commons-dbutils-1.7,SqlNullCheckedResultSetTest,testGetClob_3_oe,src/test/java/org/apache/commons/dbutils/wrappers/SqlNullCheckedResultSetTest.java,,,,assert,unknown
dbut_104_4,commons-dbutils-1.7,SqlNullCheckedResultSetTest,testGetClob_4_oe,src/test/java/org/apache/commons/dbutils/wrappers/SqlNullCheckedResultSetTest.java,,,,assert,unknown
dbut_104_5,commons-dbutils-1.7,SqlNullCheckedResultSetTest,testGetClob_5_oe,src/test/java/org/apache/commons/dbutils/wrappers/SqlNullCheckedResultSetTest.java,,,,assert,unknown
dbut_104_6,commons-dbutils-1.7,SqlNullCheckedResultSetTest,testGetClob_6_oe,src/test/java/org/apache/commons/dbutils/wrappers/SqlNullCheckedResultSetTest.java,,,,assert,unknown
dbut_104_7,commons-dbutils-1.7,SqlNullCheckedResultSetTest,testGetClob_7_oe,src/test/java/org/apache/commons/dbutils/wrappers/SqlNullCheckedResultSetTest.java,,,,assert,unknown
dbut_104_8,commons-dbutils-1.7,SqlNullCheckedResultSetTest,testGetClob_8_oe,src/test/java/org/apache/commons/dbutils/wrappers/SqlNullCheckedResultSetTest.java,,,,assert,unknown
dbut_105_1,commons-dbutils-1.7,SqlNullCheckedResultSetTest,testGetDate_1_oe,src/test/java/org/apache/commons/dbutils/wrappers/SqlNullCheckedResultSetTest.java,,,,assert,unknown
dbut_105_2,commons-dbutils-1.7,SqlNullCheckedResultSetTest,testGetDate_2_oe,src/test/java/org/apache/commons/dbutils/wrappers/SqlNullCheckedResultSetTest.java,,,,assert,unknown
dbut_105_3,commons-dbutils-1.7,SqlNullCheckedResultSetTest,testGetDate_3_oe,src/test/java/org/apache/commons/dbutils/wrappers/SqlNullCheckedResultSetTest.java,,,,assert,unknown
dbut_105_4,commons-dbutils-1.7,SqlNullCheckedResultSetTest,testGetDate_4_oe,src/test/java/org/apache/commons/dbutils/wrappers/SqlNullCheckedResultSetTest.java,,,,assert,unknown
dbut_105_5,commons-dbutils-1.7,SqlNullCheckedResultSetTest,testGetDate_5_oe,src/test/java/org/apache/commons/dbutils/wrappers/SqlNullCheckedResultSetTest.java,,,,assert,unknown
dbut_105_6,commons-dbutils-1.7,SqlNullCheckedResultSetTest,testGetDate_6_oe,src/test/java/org/apache/commons/dbutils/wrappers/SqlNullCheckedResultSetTest.java,,,,assert,unknown
dbut_105_7,commons-dbutils-1.7,SqlNullCheckedResultSetTest,testGetDate_7_oe,src/test/java/org/apache/commons/dbutils/wrappers/SqlNullCheckedResultSetTest.java,,,,assert,unknown
dbut_105_8,commons-dbutils-1.7,SqlNullCheckedResultSetTest,testGetDate_8_oe,src/test/java/org/apache/commons/dbutils/wrappers/SqlNullCheckedResultSetTest.java,,,,assert,unknown
dbut_105_9,commons-dbutils-1.7,SqlNullCheckedResultSetTest,testGetDate_9_oe,src/test/java/org/apache/commons/dbutils/wrappers/SqlNullCheckedResultSetTest.java,,,,assert,unknown
dbut_105_10,commons-dbutils-1.7,SqlNullCheckedResultSetTest,testGetDate_10_oe,src/test/java/org/apache/commons/dbutils/wrappers/SqlNullCheckedResultSetTest.java,,,,assert,unknown
dbut_105_11,commons-dbutils-1.7,SqlNullCheckedResultSetTest,testGetDate_11_oe,src/test/java/org/apache/commons/dbutils/wrappers/SqlNullCheckedResultSetTest.java,,,,assert,unknown
dbut_105_12,commons-dbutils-1.7,SqlNullCheckedResultSetTest,testGetDate_12_oe,src/test/java/org/apache/commons/dbutils/wrappers/SqlNullCheckedResultSetTest.java,,,,assert,unknown
dbut_105_13,commons-dbutils-1.7,SqlNullCheckedResultSetTest,testGetDate_13_oe,src/test/java/org/apache/commons/dbutils/wrappers/SqlNullCheckedResultSetTest.java,,,,assert,unknown
dbut_105_14,commons-dbutils-1.7,SqlNullCheckedResultSetTest,testGetDate_14_oe,src/test/java/org/apache/commons/dbutils/wrappers/SqlNullCheckedResultSetTest.java,,,,assert,unknown
dbut_105_15,commons-dbutils-1.7,SqlNullCheckedResultSetTest,testGetDate_15_oe,src/test/java/org/apache/commons/dbutils/wrappers/SqlNullCheckedResultSetTest.java,,,,assert,unknown
dbut_105_16,commons-dbutils-1.7,SqlNullCheckedResultSetTest,testGetDate_16_oe,src/test/java/org/apache/commons/dbutils/wrappers/SqlNullCheckedResultSetTest.java,,,,assert,unknown
dbut_106_1,commons-dbutils-1.7,SqlNullCheckedResultSetTest,testGetDouble_1_oe,src/test/java/org/apache/commons/dbutils/wrappers/SqlNullCheckedResultSetTest.java,,,,assert,unknown
dbut_106_2,commons-dbutils-1.7,SqlNullCheckedResultSetTest,testGetDouble_2_oe,src/test/java/org/apache/commons/dbutils/wrappers/SqlNullCheckedResultSetTest.java,,,,assert,unknown
dbut_106_3,commons-dbutils-1.7,SqlNullCheckedResultSetTest,testGetDouble_3_oe,src/test/java/org/apache/commons/dbutils/wrappers/SqlNullCheckedResultSetTest.java,,,,assert,unknown
dbut_106_4,commons-dbutils-1.7,SqlNullCheckedResultSetTest,testGetDouble_4_oe,src/test/java/org/apache/commons/dbutils/wrappers/SqlNullCheckedResultSetTest.java,,,,assert,unknown
dbut_106_5,commons-dbutils-1.7,SqlNullCheckedResultSetTest,testGetDouble_5_oe,src/test/java/org/apache/commons/dbutils/wrappers/SqlNullCheckedResultSetTest.java,,,,assert,unknown
dbut_106_6,commons-dbutils-1.7,SqlNullCheckedResultSetTest,testGetDouble_6_oe,src/test/java/org/apache/commons/dbutils/wrappers/SqlNullCheckedResultSetTest.java,,,,assert,unknown
dbut_107_1,commons-dbutils-1.7,SqlNullCheckedResultSetTest,testGetFloat_1_oe,src/test/java/org/apache/commons/dbutils/wrappers/SqlNullCheckedResultSetTest.java,,,,assert,unknown
dbut_107_2,commons-dbutils-1.7,SqlNullCheckedResultSetTest,testGetFloat_2_oe,src/test/java/org/apache/commons/dbutils/wrappers/SqlNullCheckedResultSetTest.java,,,,assert,unknown
dbut_107_3,commons-dbutils-1.7,SqlNullCheckedResultSetTest,testGetFloat_3_oe,src/test/java/org/apache/commons/dbutils/wrappers/SqlNullCheckedResultSetTest.java,,,,assert,unknown
dbut_107_4,commons-dbutils-1.7,SqlNullCheckedResultSetTest,testGetFloat_4_oe,src/test/java/org/apache/commons/dbutils/wrappers/SqlNullCheckedResultSetTest.java,,,,assert,unknown
dbut_107_5,commons-dbutils-1.7,SqlNullCheckedResultSetTest,testGetFloat_5_oe,src/test/java/org/apache/commons/dbutils/wrappers/SqlNullCheckedResultSetTest.java,,,,assert,unknown
dbut_107_6,commons-dbutils-1.7,SqlNullCheckedResultSetTest,testGetFloat_6_oe,src/test/java/org/apache/commons/dbutils/wrappers/SqlNullCheckedResultSetTest.java,,,,assert,unknown
dbut_108_1,commons-dbutils-1.7,SqlNullCheckedResultSetTest,testGetInt_1_oe,src/test/java/org/apache/commons/dbutils/wrappers/SqlNullCheckedResultSetTest.java,,,,assert,unknown
dbut_108_2,commons-dbutils-1.7,SqlNullCheckedResultSetTest,testGetInt_2_oe,src/test/java/org/apache/commons/dbutils/wrappers/SqlNullCheckedResultSetTest.java,,,,assert,unknown
dbut_108_3,commons-dbutils-1.7,SqlNullCheckedResultSetTest,testGetInt_3_oe,src/test/java/org/apache/commons/dbutils/wrappers/SqlNullCheckedResultSetTest.java,,,,assert,unknown
dbut_108_4,commons-dbutils-1.7,SqlNullCheckedResultSetTest,testGetInt_4_oe,src/test/java/org/apache/commons/dbutils/wrappers/SqlNullCheckedResultSetTest.java,,,,assert,unknown
dbut_108_5,commons-dbutils-1.7,SqlNullCheckedResultSetTest,testGetInt_5_oe,src/test/java/org/apache/commons/dbutils/wrappers/SqlNullCheckedResultSetTest.java,,,,assert,unknown
dbut_108_6,commons-dbutils-1.7,SqlNullCheckedResultSetTest,testGetInt_6_oe,src/test/java/org/apache/commons/dbutils/wrappers/SqlNullCheckedResultSetTest.java,,,,assert,unknown
dbut_109_1,commons-dbutils-1.7,SqlNullCheckedResultSetTest,testGetLong_1_oe,src/test/java/org/apache/commons/dbutils/wrappers/SqlNullCheckedResultSetTest.java,,,,assert,unknown
dbut_109_2,commons-dbutils-1.7,SqlNullCheckedResultSetTest,testGetLong_2_oe,src/test/java/org/apache/commons/dbutils/wrappers/SqlNullCheckedResultSetTest.java,,,,assert,unknown
dbut_109_3,commons-dbutils-1.7,SqlNullCheckedResultSetTest,testGetLong_3_oe,src/test/java/org/apache/commons/dbutils/wrappers/SqlNullCheckedResultSetTest.java,,,,assert,unknown
dbut_109_4,commons-dbutils-1.7,SqlNullCheckedResultSetTest,testGetLong_4_oe,src/test/java/org/apache/commons/dbutils/wrappers/SqlNullCheckedResultSetTest.java,,,,assert,unknown
dbut_109_5,commons-dbutils-1.7,SqlNullCheckedResultSetTest,testGetLong_5_oe,src/test/java/org/apache/commons/dbutils/wrappers/SqlNullCheckedResultSetTest.java,,,,assert,unknown
dbut_109_6,commons-dbutils-1.7,SqlNullCheckedResultSetTest,testGetLong_6_oe,src/test/java/org/apache/commons/dbutils/wrappers/SqlNullCheckedResultSetTest.java,,,,assert,unknown
dbut_110_1,commons-dbutils-1.7,SqlNullCheckedResultSetTest,testGetObject_1_oe,src/test/java/org/apache/commons/dbutils/wrappers/SqlNullCheckedResultSetTest.java,,,,assert,unknown
dbut_110_2,commons-dbutils-1.7,SqlNullCheckedResultSetTest,testGetObject_2_oe,src/test/java/org/apache/commons/dbutils/wrappers/SqlNullCheckedResultSetTest.java,,,,assert,unknown
dbut_110_3,commons-dbutils-1.7,SqlNullCheckedResultSetTest,testGetObject_3_oe,src/test/java/org/apache/commons/dbutils/wrappers/SqlNullCheckedResultSetTest.java,,,,assert,unknown
dbut_110_4,commons-dbutils-1.7,SqlNullCheckedResultSetTest,testGetObject_4_oe,src/test/java/org/apache/commons/dbutils/wrappers/SqlNullCheckedResultSetTest.java,,,,assert,unknown
dbut_110_5,commons-dbutils-1.7,SqlNullCheckedResultSetTest,testGetObject_5_oe,src/test/java/org/apache/commons/dbutils/wrappers/SqlNullCheckedResultSetTest.java,,,,assert,unknown
dbut_110_6,commons-dbutils-1.7,SqlNullCheckedResultSetTest,testGetObject_6_oe,src/test/java/org/apache/commons/dbutils/wrappers/SqlNullCheckedResultSetTest.java,,,,assert,unknown
dbut_110_7,commons-dbutils-1.7,SqlNullCheckedResultSetTest,testGetObject_7_oe,src/test/java/org/apache/commons/dbutils/wrappers/SqlNullCheckedResultSetTest.java,,,,assert,unknown
dbut_110_8,commons-dbutils-1.7,SqlNullCheckedResultSetTest,testGetObject_8_oe,src/test/java/org/apache/commons/dbutils/wrappers/SqlNullCheckedResultSetTest.java,,,,assert,unknown
dbut_110_9,commons-dbutils-1.7,SqlNullCheckedResultSetTest,testGetObject_9_oe,src/test/java/org/apache/commons/dbutils/wrappers/SqlNullCheckedResultSetTest.java,,,,assert,unknown
dbut_110_10,commons-dbutils-1.7,SqlNullCheckedResultSetTest,testGetObject_10_oe,src/test/java/org/apache/commons/dbutils/wrappers/SqlNullCheckedResultSetTest.java,,,,assert,unknown
dbut_110_11,commons-dbutils-1.7,SqlNullCheckedResultSetTest,testGetObject_11_oe,src/test/java/org/apache/commons/dbutils/wrappers/SqlNullCheckedResultSetTest.java,,,,assert,unknown
dbut_110_12,commons-dbutils-1.7,SqlNullCheckedResultSetTest,testGetObject_12_oe,src/test/java/org/apache/commons/dbutils/wrappers/SqlNullCheckedResultSetTest.java,,,,assert,unknown
dbut_110_13,commons-dbutils-1.7,SqlNullCheckedResultSetTest,testGetObject_13_oe,src/test/java/org/apache/commons/dbutils/wrappers/SqlNullCheckedResultSetTest.java,,,,assert,unknown
dbut_110_14,commons-dbutils-1.7,SqlNullCheckedResultSetTest,testGetObject_14_oe,src/test/java/org/apache/commons/dbutils/wrappers/SqlNullCheckedResultSetTest.java,,,,assert,unknown
dbut_110_15,commons-dbutils-1.7,SqlNullCheckedResultSetTest,testGetObject_15_oe,src/test/java/org/apache/commons/dbutils/wrappers/SqlNullCheckedResultSetTest.java,,,,assert,unknown
dbut_110_16,commons-dbutils-1.7,SqlNullCheckedResultSetTest,testGetObject_16_oe,src/test/java/org/apache/commons/dbutils/wrappers/SqlNullCheckedResultSetTest.java,,,,assert,unknown
dbut_111_1,commons-dbutils-1.7,SqlNullCheckedResultSetTest,testGetRef_1_oe,src/test/java/org/apache/commons/dbutils/wrappers/SqlNullCheckedResultSetTest.java,,,,assert,unknown
dbut_111_2,commons-dbutils-1.7,SqlNullCheckedResultSetTest,testGetRef_2_oe,src/test/java/org/apache/commons/dbutils/wrappers/SqlNullCheckedResultSetTest.java,,,,assert,unknown
dbut_111_3,commons-dbutils-1.7,SqlNullCheckedResultSetTest,testGetRef_3_oe,src/test/java/org/apache/commons/dbutils/wrappers/SqlNullCheckedResultSetTest.java,,,,assert,unknown
dbut_111_4,commons-dbutils-1.7,SqlNullCheckedResultSetTest,testGetRef_4_oe,src/test/java/org/apache/commons/dbutils/wrappers/SqlNullCheckedResultSetTest.java,,,,assert,unknown
dbut_111_5,commons-dbutils-1.7,SqlNullCheckedResultSetTest,testGetRef_5_oe,src/test/java/org/apache/commons/dbutils/wrappers/SqlNullCheckedResultSetTest.java,,,,assert,unknown
dbut_111_6,commons-dbutils-1.7,SqlNullCheckedResultSetTest,testGetRef_6_oe,src/test/java/org/apache/commons/dbutils/wrappers/SqlNullCheckedResultSetTest.java,,,,assert,unknown
dbut_111_7,commons-dbutils-1.7,SqlNullCheckedResultSetTest,testGetRef_7_oe,src/test/java/org/apache/commons/dbutils/wrappers/SqlNullCheckedResultSetTest.java,,,,assert,unknown
dbut_111_8,commons-dbutils-1.7,SqlNullCheckedResultSetTest,testGetRef_8_oe,src/test/java/org/apache/commons/dbutils/wrappers/SqlNullCheckedResultSetTest.java,,,,assert,unknown
dbut_112_1,commons-dbutils-1.7,SqlNullCheckedResultSetTest,testGetShort_1_oe,src/test/java/org/apache/commons/dbutils/wrappers/SqlNullCheckedResultSetTest.java,,,,assert,unknown
dbut_112_2,commons-dbutils-1.7,SqlNullCheckedResultSetTest,testGetShort_2_oe,src/test/java/org/apache/commons/dbutils/wrappers/SqlNullCheckedResultSetTest.java,,,,assert,unknown
dbut_112_3,commons-dbutils-1.7,SqlNullCheckedResultSetTest,testGetShort_3_oe,src/test/java/org/apache/commons/dbutils/wrappers/SqlNullCheckedResultSetTest.java,,,,assert,unknown
dbut_112_4,commons-dbutils-1.7,SqlNullCheckedResultSetTest,testGetShort_4_oe,src/test/java/org/apache/commons/dbutils/wrappers/SqlNullCheckedResultSetTest.java,,,,assert,unknown
dbut_112_5,commons-dbutils-1.7,SqlNullCheckedResultSetTest,testGetShort_5_oe,src/test/java/org/apache/commons/dbutils/wrappers/SqlNullCheckedResultSetTest.java,,,,assert,unknown
dbut_112_6,commons-dbutils-1.7,SqlNullCheckedResultSetTest,testGetShort_6_oe,src/test/java/org/apache/commons/dbutils/wrappers/SqlNullCheckedResultSetTest.java,,,,assert,unknown
dbut_113_1,commons-dbutils-1.7,SqlNullCheckedResultSetTest,testGetString_1_oe,src/test/java/org/apache/commons/dbutils/wrappers/SqlNullCheckedResultSetTest.java,,,,assert,unknown
dbut_113_2,commons-dbutils-1.7,SqlNullCheckedResultSetTest,testGetString_2_oe,src/test/java/org/apache/commons/dbutils/wrappers/SqlNullCheckedResultSetTest.java,,,,assert,unknown
dbut_113_3,commons-dbutils-1.7,SqlNullCheckedResultSetTest,testGetString_3_oe,src/test/java/org/apache/commons/dbutils/wrappers/SqlNullCheckedResultSetTest.java,,,,assert,unknown
dbut_113_4,commons-dbutils-1.7,SqlNullCheckedResultSetTest,testGetString_4_oe,src/test/java/org/apache/commons/dbutils/wrappers/SqlNullCheckedResultSetTest.java,,,,assert,unknown
dbut_113_5,commons-dbutils-1.7,SqlNullCheckedResultSetTest,testGetString_5_oe,src/test/java/org/apache/commons/dbutils/wrappers/SqlNullCheckedResultSetTest.java,,,,assert,unknown
dbut_113_6,commons-dbutils-1.7,SqlNullCheckedResultSetTest,testGetString_6_oe,src/test/java/org/apache/commons/dbutils/wrappers/SqlNullCheckedResultSetTest.java,,,,assert,unknown
dbut_114_1,commons-dbutils-1.7,SqlNullCheckedResultSetTest,testGetTime_1_oe,src/test/java/org/apache/commons/dbutils/wrappers/SqlNullCheckedResultSetTest.java,,,,assert,unknown
dbut_114_2,commons-dbutils-1.7,SqlNullCheckedResultSetTest,testGetTime_2_oe,src/test/java/org/apache/commons/dbutils/wrappers/SqlNullCheckedResultSetTest.java,,,,assert,unknown
dbut_114_3,commons-dbutils-1.7,SqlNullCheckedResultSetTest,testGetTime_3_oe,src/test/java/org/apache/commons/dbutils/wrappers/SqlNullCheckedResultSetTest.java,,,,assert,unknown
dbut_114_4,commons-dbutils-1.7,SqlNullCheckedResultSetTest,testGetTime_4_oe,src/test/java/org/apache/commons/dbutils/wrappers/SqlNullCheckedResultSetTest.java,,,,assert,unknown
dbut_114_5,commons-dbutils-1.7,SqlNullCheckedResultSetTest,testGetTime_5_oe,src/test/java/org/apache/commons/dbutils/wrappers/SqlNullCheckedResultSetTest.java,,,,assert,unknown
dbut_114_6,commons-dbutils-1.7,SqlNullCheckedResultSetTest,testGetTime_6_oe,src/test/java/org/apache/commons/dbutils/wrappers/SqlNullCheckedResultSetTest.java,,,,assert,unknown
dbut_114_7,commons-dbutils-1.7,SqlNullCheckedResultSetTest,testGetTime_7_oe,src/test/java/org/apache/commons/dbutils/wrappers/SqlNullCheckedResultSetTest.java,,,,assert,unknown
dbut_114_8,commons-dbutils-1.7,SqlNullCheckedResultSetTest,testGetTime_8_oe,src/test/java/org/apache/commons/dbutils/wrappers/SqlNullCheckedResultSetTest.java,,,,assert,unknown
dbut_114_9,commons-dbutils-1.7,SqlNullCheckedResultSetTest,testGetTime_9_oe,src/test/java/org/apache/commons/dbutils/wrappers/SqlNullCheckedResultSetTest.java,,,,assert,unknown
dbut_114_10,commons-dbutils-1.7,SqlNullCheckedResultSetTest,testGetTime_10_oe,src/test/java/org/apache/commons/dbutils/wrappers/SqlNullCheckedResultSetTest.java,,,,assert,unknown
dbut_114_11,commons-dbutils-1.7,SqlNullCheckedResultSetTest,testGetTime_11_oe,src/test/java/org/apache/commons/dbutils/wrappers/SqlNullCheckedResultSetTest.java,,,,assert,unknown
dbut_114_12,commons-dbutils-1.7,SqlNullCheckedResultSetTest,testGetTime_12_oe,src/test/java/org/apache/commons/dbutils/wrappers/SqlNullCheckedResultSetTest.java,,,,assert,unknown
dbut_114_13,commons-dbutils-1.7,SqlNullCheckedResultSetTest,testGetTime_13_oe,src/test/java/org/apache/commons/dbutils/wrappers/SqlNullCheckedResultSetTest.java,,,,assert,unknown
dbut_114_14,commons-dbutils-1.7,SqlNullCheckedResultSetTest,testGetTime_14_oe,src/test/java/org/apache/commons/dbutils/wrappers/SqlNullCheckedResultSetTest.java,,,,assert,unknown
dbut_114_15,commons-dbutils-1.7,SqlNullCheckedResultSetTest,testGetTime_15_oe,src/test/java/org/apache/commons/dbutils/wrappers/SqlNullCheckedResultSetTest.java,,,,assert,unknown
dbut_114_16,commons-dbutils-1.7,SqlNullCheckedResultSetTest,testGetTime_16_oe,src/test/java/org/apache/commons/dbutils/wrappers/SqlNullCheckedResultSetTest.java,,,,assert,unknown
dbut_115_1,commons-dbutils-1.7,SqlNullCheckedResultSetTest,testGetTimestamp_1_oe,src/test/java/org/apache/commons/dbutils/wrappers/SqlNullCheckedResultSetTest.java,,,,assert,unknown
dbut_115_2,commons-dbutils-1.7,SqlNullCheckedResultSetTest,testGetTimestamp_2_oe,src/test/java/org/apache/commons/dbutils/wrappers/SqlNullCheckedResultSetTest.java,,,,assert,unknown
dbut_115_3,commons-dbutils-1.7,SqlNullCheckedResultSetTest,testGetTimestamp_3_oe,src/test/java/org/apache/commons/dbutils/wrappers/SqlNullCheckedResultSetTest.java,,,,assert,unknown
dbut_115_4,commons-dbutils-1.7,SqlNullCheckedResultSetTest,testGetTimestamp_4_oe,src/test/java/org/apache/commons/dbutils/wrappers/SqlNullCheckedResultSetTest.java,,,,assert,unknown
dbut_115_5,commons-dbutils-1.7,SqlNullCheckedResultSetTest,testGetTimestamp_5_oe,src/test/java/org/apache/commons/dbutils/wrappers/SqlNullCheckedResultSetTest.java,,,,assert,unknown
dbut_115_6,commons-dbutils-1.7,SqlNullCheckedResultSetTest,testGetTimestamp_6_oe,src/test/java/org/apache/commons/dbutils/wrappers/SqlNullCheckedResultSetTest.java,,,,assert,unknown
dbut_115_7,commons-dbutils-1.7,SqlNullCheckedResultSetTest,testGetTimestamp_7_oe,src/test/java/org/apache/commons/dbutils/wrappers/SqlNullCheckedResultSetTest.java,,,,assert,unknown
dbut_115_8,commons-dbutils-1.7,SqlNullCheckedResultSetTest,testGetTimestamp_8_oe,src/test/java/org/apache/commons/dbutils/wrappers/SqlNullCheckedResultSetTest.java,,,,assert,unknown
dbut_115_9,commons-dbutils-1.7,SqlNullCheckedResultSetTest,testGetTimestamp_9_oe,src/test/java/org/apache/commons/dbutils/wrappers/SqlNullCheckedResultSetTest.java,,,,assert,unknown
dbut_115_10,commons-dbutils-1.7,SqlNullCheckedResultSetTest,testGetTimestamp_10_oe,src/test/java/org/apache/commons/dbutils/wrappers/SqlNullCheckedResultSetTest.java,,,,assert,unknown
dbut_115_11,commons-dbutils-1.7,SqlNullCheckedResultSetTest,testGetTimestamp_11_oe,src/test/java/org/apache/commons/dbutils/wrappers/SqlNullCheckedResultSetTest.java,,,,assert,unknown
dbut_115_12,commons-dbutils-1.7,SqlNullCheckedResultSetTest,testGetTimestamp_12_oe,src/test/java/org/apache/commons/dbutils/wrappers/SqlNullCheckedResultSetTest.java,,,,assert,unknown
dbut_115_13,commons-dbutils-1.7,SqlNullCheckedResultSetTest,testGetTimestamp_13_oe,src/test/java/org/apache/commons/dbutils/wrappers/SqlNullCheckedResultSetTest.java,,,,assert,unknown
dbut_115_14,commons-dbutils-1.7,SqlNullCheckedResultSetTest,testGetTimestamp_14_oe,src/test/java/org/apache/commons/dbutils/wrappers/SqlNullCheckedResultSetTest.java,,,,assert,unknown
dbut_115_15,commons-dbutils-1.7,SqlNullCheckedResultSetTest,testGetTimestamp_15_oe,src/test/java/org/apache/commons/dbutils/wrappers/SqlNullCheckedResultSetTest.java,,,,assert,unknown
dbut_115_16,commons-dbutils-1.7,SqlNullCheckedResultSetTest,testGetTimestamp_16_oe,src/test/java/org/apache/commons/dbutils/wrappers/SqlNullCheckedResultSetTest.java,,,,assert,unknown
dbut_116_1,commons-dbutils-1.7,SqlNullCheckedResultSetTest,testURL_1_oe,src/test/java/org/apache/commons/dbutils/wrappers/SqlNullCheckedResultSetTest.java,,,,assert,unknown
dbut_116_2,commons-dbutils-1.7,SqlNullCheckedResultSetTest,testURL_2_oe,src/test/java/org/apache/commons/dbutils/wrappers/SqlNullCheckedResultSetTest.java,,,,assert,unknown
dbut_116_3,commons-dbutils-1.7,SqlNullCheckedResultSetTest,testURL_3_oe,src/test/java/org/apache/commons/dbutils/wrappers/SqlNullCheckedResultSetTest.java,,,,assert,unknown
dbut_116_4,commons-dbutils-1.7,SqlNullCheckedResultSetTest,testURL_4_oe,src/test/java/org/apache/commons/dbutils/wrappers/SqlNullCheckedResultSetTest.java,,,,assert,unknown
dbut_116_5,commons-dbutils-1.7,SqlNullCheckedResultSetTest,testURL_5_oe,src/test/java/org/apache/commons/dbutils/wrappers/SqlNullCheckedResultSetTest.java,,,,assert,unknown
dbut_116_6,commons-dbutils-1.7,SqlNullCheckedResultSetTest,testURL_6_oe,src/test/java/org/apache/commons/dbutils/wrappers/SqlNullCheckedResultSetTest.java,,,,assert,unknown
dbut_117_1,commons-dbutils-1.7,SqlNullCheckedResultSetTest,testSetNullAsciiStream_1_oe,src/test/java/org/apache/commons/dbutils/wrappers/SqlNullCheckedResultSetTest.java,,,,assert,unknown
dbut_117_2,commons-dbutils-1.7,SqlNullCheckedResultSetTest,testSetNullAsciiStream_2_oe,src/test/java/org/apache/commons/dbutils/wrappers/SqlNullCheckedResultSetTest.java,,,,assert,unknown
dbut_117_3,commons-dbutils-1.7,SqlNullCheckedResultSetTest,testSetNullAsciiStream_3_oe,src/test/java/org/apache/commons/dbutils/wrappers/SqlNullCheckedResultSetTest.java,,,,assert,unknown
dbut_117_4,commons-dbutils-1.7,SqlNullCheckedResultSetTest,testSetNullAsciiStream_4_oe,src/test/java/org/apache/commons/dbutils/wrappers/SqlNullCheckedResultSetTest.java,,,,assert,unknown
dbut_117_5,commons-dbutils-1.7,SqlNullCheckedResultSetTest,testSetNullAsciiStream_5_oe,src/test/java/org/apache/commons/dbutils/wrappers/SqlNullCheckedResultSetTest.java,,,,assert,unknown
dbut_118_1,commons-dbutils-1.7,SqlNullCheckedResultSetTest,testSetNullBigDecimal_1_oe,src/test/java/org/apache/commons/dbutils/wrappers/SqlNullCheckedResultSetTest.java,,,,assert,unknown
dbut_118_2,commons-dbutils-1.7,SqlNullCheckedResultSetTest,testSetNullBigDecimal_2_oe,src/test/java/org/apache/commons/dbutils/wrappers/SqlNullCheckedResultSetTest.java,,,,assert,unknown
dbut_118_3,commons-dbutils-1.7,SqlNullCheckedResultSetTest,testSetNullBigDecimal_3_oe,src/test/java/org/apache/commons/dbutils/wrappers/SqlNullCheckedResultSetTest.java,,,,assert,unknown
dbut_118_4,commons-dbutils-1.7,SqlNullCheckedResultSetTest,testSetNullBigDecimal_4_oe,src/test/java/org/apache/commons/dbutils/wrappers/SqlNullCheckedResultSetTest.java,,,,assert,unknown
dbut_118_5,commons-dbutils-1.7,SqlNullCheckedResultSetTest,testSetNullBigDecimal_5_oe,src/test/java/org/apache/commons/dbutils/wrappers/SqlNullCheckedResultSetTest.java,,,,assert,unknown
dbut_119_1,commons-dbutils-1.7,SqlNullCheckedResultSetTest,testSetNullBinaryStream_1_oe,src/test/java/org/apache/commons/dbutils/wrappers/SqlNullCheckedResultSetTest.java,,,,assert,unknown
dbut_119_2,commons-dbutils-1.7,SqlNullCheckedResultSetTest,testSetNullBinaryStream_2_oe,src/test/java/org/apache/commons/dbutils/wrappers/SqlNullCheckedResultSetTest.java,,,,assert,unknown
dbut_119_3,commons-dbutils-1.7,SqlNullCheckedResultSetTest,testSetNullBinaryStream_3_oe,src/test/java/org/apache/commons/dbutils/wrappers/SqlNullCheckedResultSetTest.java,,,,assert,unknown
dbut_119_4,commons-dbutils-1.7,SqlNullCheckedResultSetTest,testSetNullBinaryStream_4_oe,src/test/java/org/apache/commons/dbutils/wrappers/SqlNullCheckedResultSetTest.java,,,,assert,unknown
dbut_119_5,commons-dbutils-1.7,SqlNullCheckedResultSetTest,testSetNullBinaryStream_5_oe,src/test/java/org/apache/commons/dbutils/wrappers/SqlNullCheckedResultSetTest.java,,,,assert,unknown
dbut_120_1,commons-dbutils-1.7,SqlNullCheckedResultSetTest,testSetNullBlob_1_oe,src/test/java/org/apache/commons/dbutils/wrappers/SqlNullCheckedResultSetTest.java,,,,assert,unknown
dbut_120_2,commons-dbutils-1.7,SqlNullCheckedResultSetTest,testSetNullBlob_2_oe,src/test/java/org/apache/commons/dbutils/wrappers/SqlNullCheckedResultSetTest.java,,,,assert,unknown
dbut_120_3,commons-dbutils-1.7,SqlNullCheckedResultSetTest,testSetNullBlob_3_oe,src/test/java/org/apache/commons/dbutils/wrappers/SqlNullCheckedResultSetTest.java,,,,assert,unknown
dbut_120_4,commons-dbutils-1.7,SqlNullCheckedResultSetTest,testSetNullBlob_4_oe,src/test/java/org/apache/commons/dbutils/wrappers/SqlNullCheckedResultSetTest.java,,,,assert,unknown
dbut_120_5,commons-dbutils-1.7,SqlNullCheckedResultSetTest,testSetNullBlob_5_oe,src/test/java/org/apache/commons/dbutils/wrappers/SqlNullCheckedResultSetTest.java,,,,assert,unknown
dbut_121_1,commons-dbutils-1.7,SqlNullCheckedResultSetTest,testSetNullBoolean_1_oe,src/test/java/org/apache/commons/dbutils/wrappers/SqlNullCheckedResultSetTest.java,,,,assert,unknown
dbut_121_2,commons-dbutils-1.7,SqlNullCheckedResultSetTest,testSetNullBoolean_2_oe,src/test/java/org/apache/commons/dbutils/wrappers/SqlNullCheckedResultSetTest.java,,,,assert,unknown
dbut_121_3,commons-dbutils-1.7,SqlNullCheckedResultSetTest,testSetNullBoolean_3_oe,src/test/java/org/apache/commons/dbutils/wrappers/SqlNullCheckedResultSetTest.java,,,,assert,unknown
dbut_122_1,commons-dbutils-1.7,SqlNullCheckedResultSetTest,testSetNullByte_1_oe,src/test/java/org/apache/commons/dbutils/wrappers/SqlNullCheckedResultSetTest.java,,,,assert,unknown
dbut_122_2,commons-dbutils-1.7,SqlNullCheckedResultSetTest,testSetNullByte_2_oe,src/test/java/org/apache/commons/dbutils/wrappers/SqlNullCheckedResultSetTest.java,,,,assert,unknown
dbut_122_3,commons-dbutils-1.7,SqlNullCheckedResultSetTest,testSetNullByte_3_oe,src/test/java/org/apache/commons/dbutils/wrappers/SqlNullCheckedResultSetTest.java,,,,assert,unknown
dbut_123_1,commons-dbutils-1.7,SqlNullCheckedResultSetTest,testSetNullBytes_1_oe,src/test/java/org/apache/commons/dbutils/wrappers/SqlNullCheckedResultSetTest.java,,,,assert,unknown
dbut_123_2,commons-dbutils-1.7,SqlNullCheckedResultSetTest,testSetNullBytes_2_oe,src/test/java/org/apache/commons/dbutils/wrappers/SqlNullCheckedResultSetTest.java,,,,assert,unknown
dbut_123_3,commons-dbutils-1.7,SqlNullCheckedResultSetTest,testSetNullBytes_3_oe,src/test/java/org/apache/commons/dbutils/wrappers/SqlNullCheckedResultSetTest.java,,,,assert,unknown
dbut_123_4,commons-dbutils-1.7,SqlNullCheckedResultSetTest,testSetNullBytes_4_oe,src/test/java/org/apache/commons/dbutils/wrappers/SqlNullCheckedResultSetTest.java,,,,assert,unknown
dbut_123_5,commons-dbutils-1.7,SqlNullCheckedResultSetTest,testSetNullBytes_5_oe,src/test/java/org/apache/commons/dbutils/wrappers/SqlNullCheckedResultSetTest.java,,,,assert,unknown
dbut_124_1,commons-dbutils-1.7,SqlNullCheckedResultSetTest,testSetNullCharacterStream_1_oe,src/test/java/org/apache/commons/dbutils/wrappers/SqlNullCheckedResultSetTest.java,,,,assert,unknown
dbut_124_2,commons-dbutils-1.7,SqlNullCheckedResultSetTest,testSetNullCharacterStream_2_oe,src/test/java/org/apache/commons/dbutils/wrappers/SqlNullCheckedResultSetTest.java,,,,assert,unknown
dbut_124_3,commons-dbutils-1.7,SqlNullCheckedResultSetTest,testSetNullCharacterStream_3_oe,src/test/java/org/apache/commons/dbutils/wrappers/SqlNullCheckedResultSetTest.java,,,,assert,unknown
dbut_124_4,commons-dbutils-1.7,SqlNullCheckedResultSetTest,testSetNullCharacterStream_4_oe,src/test/java/org/apache/commons/dbutils/wrappers/SqlNullCheckedResultSetTest.java,,,,assert,unknown
dbut_124_5,commons-dbutils-1.7,SqlNullCheckedResultSetTest,testSetNullCharacterStream_5_oe,src/test/java/org/apache/commons/dbutils/wrappers/SqlNullCheckedResultSetTest.java,,,,assert,unknown
dbut_125_1,commons-dbutils-1.7,SqlNullCheckedResultSetTest,testSetNullClob_1_oe,src/test/java/org/apache/commons/dbutils/wrappers/SqlNullCheckedResultSetTest.java,,,,assert,unknown
dbut_125_2,commons-dbutils-1.7,SqlNullCheckedResultSetTest,testSetNullClob_2_oe,src/test/java/org/apache/commons/dbutils/wrappers/SqlNullCheckedResultSetTest.java,,,,assert,unknown
dbut_125_3,commons-dbutils-1.7,SqlNullCheckedResultSetTest,testSetNullClob_3_oe,src/test/java/org/apache/commons/dbutils/wrappers/SqlNullCheckedResultSetTest.java,,,,assert,unknown
dbut_125_4,commons-dbutils-1.7,SqlNullCheckedResultSetTest,testSetNullClob_4_oe,src/test/java/org/apache/commons/dbutils/wrappers/SqlNullCheckedResultSetTest.java,,,,assert,unknown
dbut_125_5,commons-dbutils-1.7,SqlNullCheckedResultSetTest,testSetNullClob_5_oe,src/test/java/org/apache/commons/dbutils/wrappers/SqlNullCheckedResultSetTest.java,,,,assert,unknown
dbut_126_1,commons-dbutils-1.7,SqlNullCheckedResultSetTest,testSetNullDate_1_oe,src/test/java/org/apache/commons/dbutils/wrappers/SqlNullCheckedResultSetTest.java,,,,assert,unknown
dbut_126_2,commons-dbutils-1.7,SqlNullCheckedResultSetTest,testSetNullDate_2_oe,src/test/java/org/apache/commons/dbutils/wrappers/SqlNullCheckedResultSetTest.java,,,,assert,unknown
dbut_126_3,commons-dbutils-1.7,SqlNullCheckedResultSetTest,testSetNullDate_3_oe,src/test/java/org/apache/commons/dbutils/wrappers/SqlNullCheckedResultSetTest.java,,,,assert,unknown
dbut_126_4,commons-dbutils-1.7,SqlNullCheckedResultSetTest,testSetNullDate_4_oe,src/test/java/org/apache/commons/dbutils/wrappers/SqlNullCheckedResultSetTest.java,,,,assert,unknown
dbut_126_5,commons-dbutils-1.7,SqlNullCheckedResultSetTest,testSetNullDate_5_oe,src/test/java/org/apache/commons/dbutils/wrappers/SqlNullCheckedResultSetTest.java,,,,assert,unknown
dbut_126_6,commons-dbutils-1.7,SqlNullCheckedResultSetTest,testSetNullDate_6_oe,src/test/java/org/apache/commons/dbutils/wrappers/SqlNullCheckedResultSetTest.java,,,,assert,unknown
dbut_126_7,commons-dbutils-1.7,SqlNullCheckedResultSetTest,testSetNullDate_7_oe,src/test/java/org/apache/commons/dbutils/wrappers/SqlNullCheckedResultSetTest.java,,,,assert,unknown
dbut_126_8,commons-dbutils-1.7,SqlNullCheckedResultSetTest,testSetNullDate_8_oe,src/test/java/org/apache/commons/dbutils/wrappers/SqlNullCheckedResultSetTest.java,,,,assert,unknown
dbut_126_9,commons-dbutils-1.7,SqlNullCheckedResultSetTest,testSetNullDate_9_oe,src/test/java/org/apache/commons/dbutils/wrappers/SqlNullCheckedResultSetTest.java,,,,assert,unknown
dbut_127_1,commons-dbutils-1.7,SqlNullCheckedResultSetTest,testSetNullDouble_1_oe,src/test/java/org/apache/commons/dbutils/wrappers/SqlNullCheckedResultSetTest.java,,,,assert,unknown
dbut_127_2,commons-dbutils-1.7,SqlNullCheckedResultSetTest,testSetNullDouble_2_oe,src/test/java/org/apache/commons/dbutils/wrappers/SqlNullCheckedResultSetTest.java,,,,assert,unknown
dbut_127_3,commons-dbutils-1.7,SqlNullCheckedResultSetTest,testSetNullDouble_3_oe,src/test/java/org/apache/commons/dbutils/wrappers/SqlNullCheckedResultSetTest.java,,,,assert,unknown
dbut_128_1,commons-dbutils-1.7,SqlNullCheckedResultSetTest,testSetNullFloat_1_oe,src/test/java/org/apache/commons/dbutils/wrappers/SqlNullCheckedResultSetTest.java,,,,assert,unknown
dbut_128_2,commons-dbutils-1.7,SqlNullCheckedResultSetTest,testSetNullFloat_2_oe,src/test/java/org/apache/commons/dbutils/wrappers/SqlNullCheckedResultSetTest.java,,,,assert,unknown
dbut_128_3,commons-dbutils-1.7,SqlNullCheckedResultSetTest,testSetNullFloat_3_oe,src/test/java/org/apache/commons/dbutils/wrappers/SqlNullCheckedResultSetTest.java,,,,assert,unknown
dbut_129_1,commons-dbutils-1.7,SqlNullCheckedResultSetTest,testSetNullInt_1_oe,src/test/java/org/apache/commons/dbutils/wrappers/SqlNullCheckedResultSetTest.java,,,,assert,unknown
dbut_129_2,commons-dbutils-1.7,SqlNullCheckedResultSetTest,testSetNullInt_2_oe,src/test/java/org/apache/commons/dbutils/wrappers/SqlNullCheckedResultSetTest.java,,,,assert,unknown
dbut_129_3,commons-dbutils-1.7,SqlNullCheckedResultSetTest,testSetNullInt_3_oe,src/test/java/org/apache/commons/dbutils/wrappers/SqlNullCheckedResultSetTest.java,,,,assert,unknown
dbut_129_4,commons-dbutils-1.7,SqlNullCheckedResultSetTest,testSetNullInt_4_oe,src/test/java/org/apache/commons/dbutils/wrappers/SqlNullCheckedResultSetTest.java,,,,assert,unknown
dbut_129_5,commons-dbutils-1.7,SqlNullCheckedResultSetTest,testSetNullInt_5_oe,src/test/java/org/apache/commons/dbutils/wrappers/SqlNullCheckedResultSetTest.java,,,,assert,unknown
dbut_129_6,commons-dbutils-1.7,SqlNullCheckedResultSetTest,testSetNullInt_6_oe,src/test/java/org/apache/commons/dbutils/wrappers/SqlNullCheckedResultSetTest.java,,,,assert,unknown
dbut_129_7,commons-dbutils-1.7,SqlNullCheckedResultSetTest,testSetNullInt_7_oe,src/test/java/org/apache/commons/dbutils/wrappers/SqlNullCheckedResultSetTest.java,,,,assert,unknown
dbut_130_1,commons-dbutils-1.7,SqlNullCheckedResultSetTest,testSetNullLong_1_oe,src/test/java/org/apache/commons/dbutils/wrappers/SqlNullCheckedResultSetTest.java,,,,assert,unknown
dbut_130_2,commons-dbutils-1.7,SqlNullCheckedResultSetTest,testSetNullLong_2_oe,src/test/java/org/apache/commons/dbutils/wrappers/SqlNullCheckedResultSetTest.java,,,,assert,unknown
dbut_130_3,commons-dbutils-1.7,SqlNullCheckedResultSetTest,testSetNullLong_3_oe,src/test/java/org/apache/commons/dbutils/wrappers/SqlNullCheckedResultSetTest.java,,,,assert,unknown
dbut_131_1,commons-dbutils-1.7,SqlNullCheckedResultSetTest,testSetNullObject_1_oe,src/test/java/org/apache/commons/dbutils/wrappers/SqlNullCheckedResultSetTest.java,,,,assert,unknown
dbut_131_2,commons-dbutils-1.7,SqlNullCheckedResultSetTest,testSetNullObject_2_oe,src/test/java/org/apache/commons/dbutils/wrappers/SqlNullCheckedResultSetTest.java,,,,assert,unknown
dbut_131_3,commons-dbutils-1.7,SqlNullCheckedResultSetTest,testSetNullObject_3_oe,src/test/java/org/apache/commons/dbutils/wrappers/SqlNullCheckedResultSetTest.java,,,,assert,unknown
dbut_131_4,commons-dbutils-1.7,SqlNullCheckedResultSetTest,testSetNullObject_4_oe,src/test/java/org/apache/commons/dbutils/wrappers/SqlNullCheckedResultSetTest.java,,,,assert,unknown
dbut_131_5,commons-dbutils-1.7,SqlNullCheckedResultSetTest,testSetNullObject_5_oe,src/test/java/org/apache/commons/dbutils/wrappers/SqlNullCheckedResultSetTest.java,,,,assert,unknown
dbut_131_6,commons-dbutils-1.7,SqlNullCheckedResultSetTest,testSetNullObject_6_oe,src/test/java/org/apache/commons/dbutils/wrappers/SqlNullCheckedResultSetTest.java,,,,assert,unknown
dbut_131_7,commons-dbutils-1.7,SqlNullCheckedResultSetTest,testSetNullObject_7_oe,src/test/java/org/apache/commons/dbutils/wrappers/SqlNullCheckedResultSetTest.java,,,,assert,unknown
dbut_131_8,commons-dbutils-1.7,SqlNullCheckedResultSetTest,testSetNullObject_8_oe,src/test/java/org/apache/commons/dbutils/wrappers/SqlNullCheckedResultSetTest.java,,,,assert,unknown
dbut_131_9,commons-dbutils-1.7,SqlNullCheckedResultSetTest,testSetNullObject_9_oe,src/test/java/org/apache/commons/dbutils/wrappers/SqlNullCheckedResultSetTest.java,,,,assert,unknown
dbut_132_1,commons-dbutils-1.7,SqlNullCheckedResultSetTest,testSetNullShort_1_oe,src/test/java/org/apache/commons/dbutils/wrappers/SqlNullCheckedResultSetTest.java,,,,assert,unknown
dbut_132_2,commons-dbutils-1.7,SqlNullCheckedResultSetTest,testSetNullShort_2_oe,src/test/java/org/apache/commons/dbutils/wrappers/SqlNullCheckedResultSetTest.java,,,,assert,unknown
dbut_132_3,commons-dbutils-1.7,SqlNullCheckedResultSetTest,testSetNullShort_3_oe,src/test/java/org/apache/commons/dbutils/wrappers/SqlNullCheckedResultSetTest.java,,,,assert,unknown
dbut_133_1,commons-dbutils-1.7,SqlNullCheckedResultSetTest,testSetNullString_1_oe,src/test/java/org/apache/commons/dbutils/wrappers/SqlNullCheckedResultSetTest.java,,,,assert,unknown
dbut_133_2,commons-dbutils-1.7,SqlNullCheckedResultSetTest,testSetNullString_2_oe,src/test/java/org/apache/commons/dbutils/wrappers/SqlNullCheckedResultSetTest.java,,,,assert,unknown
dbut_133_3,commons-dbutils-1.7,SqlNullCheckedResultSetTest,testSetNullString_3_oe,src/test/java/org/apache/commons/dbutils/wrappers/SqlNullCheckedResultSetTest.java,,,,assert,unknown
dbut_134_1,commons-dbutils-1.7,SqlNullCheckedResultSetTest,testSetNullRef_1_oe,src/test/java/org/apache/commons/dbutils/wrappers/SqlNullCheckedResultSetTest.java,,,,assert,unknown
dbut_134_2,commons-dbutils-1.7,SqlNullCheckedResultSetTest,testSetNullRef_2_oe,src/test/java/org/apache/commons/dbutils/wrappers/SqlNullCheckedResultSetTest.java,,,,assert,unknown
dbut_134_3,commons-dbutils-1.7,SqlNullCheckedResultSetTest,testSetNullRef_3_oe,src/test/java/org/apache/commons/dbutils/wrappers/SqlNullCheckedResultSetTest.java,,,,assert,unknown
dbut_134_4,commons-dbutils-1.7,SqlNullCheckedResultSetTest,testSetNullRef_4_oe,src/test/java/org/apache/commons/dbutils/wrappers/SqlNullCheckedResultSetTest.java,,,,assert,unknown
dbut_134_5,commons-dbutils-1.7,SqlNullCheckedResultSetTest,testSetNullRef_5_oe,src/test/java/org/apache/commons/dbutils/wrappers/SqlNullCheckedResultSetTest.java,,,,assert,unknown
dbut_135_1,commons-dbutils-1.7,SqlNullCheckedResultSetTest,testSetNullTime_1_oe,src/test/java/org/apache/commons/dbutils/wrappers/SqlNullCheckedResultSetTest.java,,,,assert,unknown
dbut_135_2,commons-dbutils-1.7,SqlNullCheckedResultSetTest,testSetNullTime_2_oe,src/test/java/org/apache/commons/dbutils/wrappers/SqlNullCheckedResultSetTest.java,,,,assert,unknown
dbut_135_3,commons-dbutils-1.7,SqlNullCheckedResultSetTest,testSetNullTime_3_oe,src/test/java/org/apache/commons/dbutils/wrappers/SqlNullCheckedResultSetTest.java,,,,assert,unknown
dbut_135_4,commons-dbutils-1.7,SqlNullCheckedResultSetTest,testSetNullTime_4_oe,src/test/java/org/apache/commons/dbutils/wrappers/SqlNullCheckedResultSetTest.java,,,,assert,unknown
dbut_135_5,commons-dbutils-1.7,SqlNullCheckedResultSetTest,testSetNullTime_5_oe,src/test/java/org/apache/commons/dbutils/wrappers/SqlNullCheckedResultSetTest.java,,,,assert,unknown
dbut_135_6,commons-dbutils-1.7,SqlNullCheckedResultSetTest,testSetNullTime_6_oe,src/test/java/org/apache/commons/dbutils/wrappers/SqlNullCheckedResultSetTest.java,,,,assert,unknown
dbut_135_7,commons-dbutils-1.7,SqlNullCheckedResultSetTest,testSetNullTime_7_oe,src/test/java/org/apache/commons/dbutils/wrappers/SqlNullCheckedResultSetTest.java,,,,assert,unknown
dbut_135_8,commons-dbutils-1.7,SqlNullCheckedResultSetTest,testSetNullTime_8_oe,src/test/java/org/apache/commons/dbutils/wrappers/SqlNullCheckedResultSetTest.java,,,,assert,unknown
dbut_135_9,commons-dbutils-1.7,SqlNullCheckedResultSetTest,testSetNullTime_9_oe,src/test/java/org/apache/commons/dbutils/wrappers/SqlNullCheckedResultSetTest.java,,,,assert,unknown
dbut_136_1,commons-dbutils-1.7,SqlNullCheckedResultSetTest,testSetNullTimestamp_1_oe,src/test/java/org/apache/commons/dbutils/wrappers/SqlNullCheckedResultSetTest.java,,,,assert,unknown
dbut_136_2,commons-dbutils-1.7,SqlNullCheckedResultSetTest,testSetNullTimestamp_2_oe,src/test/java/org/apache/commons/dbutils/wrappers/SqlNullCheckedResultSetTest.java,,,,assert,unknown
dbut_136_3,commons-dbutils-1.7,SqlNullCheckedResultSetTest,testSetNullTimestamp_3_oe,src/test/java/org/apache/commons/dbutils/wrappers/SqlNullCheckedResultSetTest.java,,,,assert,unknown
dbut_136_4,commons-dbutils-1.7,SqlNullCheckedResultSetTest,testSetNullTimestamp_4_oe,src/test/java/org/apache/commons/dbutils/wrappers/SqlNullCheckedResultSetTest.java,,,,assert,unknown
dbut_136_5,commons-dbutils-1.7,SqlNullCheckedResultSetTest,testSetNullTimestamp_5_oe,src/test/java/org/apache/commons/dbutils/wrappers/SqlNullCheckedResultSetTest.java,,,,assert,unknown
dbut_136_6,commons-dbutils-1.7,SqlNullCheckedResultSetTest,testSetNullTimestamp_6_oe,src/test/java/org/apache/commons/dbutils/wrappers/SqlNullCheckedResultSetTest.java,,,,assert,unknown
dbut_136_7,commons-dbutils-1.7,SqlNullCheckedResultSetTest,testSetNullTimestamp_7_oe,src/test/java/org/apache/commons/dbutils/wrappers/SqlNullCheckedResultSetTest.java,,,,assert,unknown
dbut_136_8,commons-dbutils-1.7,SqlNullCheckedResultSetTest,testSetNullTimestamp_8_oe,src/test/java/org/apache/commons/dbutils/wrappers/SqlNullCheckedResultSetTest.java,,,,assert,unknown
dbut_136_9,commons-dbutils-1.7,SqlNullCheckedResultSetTest,testSetNullTimestamp_9_oe,src/test/java/org/apache/commons/dbutils/wrappers/SqlNullCheckedResultSetTest.java,,,,assert,unknown
