id,project,test_class,test_name,test_file_path,focal_file_path,focal_class,focal_package,oracle_type,junit_version,assert_kind,assert_name
vfs_left_1_1,commons-vfs,ProviderRandomReadWriteTests,testRandomWrite_1_oe,commons-vfs2/src/test/java/org/apache/commons/vfs2/ProviderRandomReadWriteTests.java,,,,assert,unknown,standard,assertEquals
vfs_left_1_2,commons-vfs,ProviderRandomReadWriteTests,testRandomWrite_2_oe,commons-vfs2/src/test/java/org/apache/commons/vfs2/ProviderRandomReadWriteTests.java,,,,assert,unknown,standard,assertEquals
vfs_left_1_3,commons-vfs,ProviderRandomReadWriteTests,testRandomWrite_3_oe,commons-vfs2/src/test/java/org/apache/commons/vfs2/ProviderRandomReadWriteTests.java,,,,assert,unknown,standard,assertEquals
vfs_left_1_4,commons-vfs,ProviderRandomReadWriteTests,testRandomWrite_4_oe,commons-vfs2/src/test/java/org/apache/commons/vfs2/ProviderRandomReadWriteTests.java,,,,assert,unknown,standard,assertEquals
vfs_left_1_5,commons-vfs,ProviderRandomReadWriteTests,testRandomWrite_5_oe,commons-vfs2/src/test/java/org/apache/commons/vfs2/ProviderRandomReadWriteTests.java,,,,assert,unknown,standard,assertEquals
vfs_left_2_1,commons-vfs,UriTests,testAbsoluteURI_1_oe,commons-vfs2/src/test/java/org/apache/commons/vfs2/UriTests.java,,,,assert,unknown,standard,assertSame
vfs_left_2_2,commons-vfs,UriTests,testAbsoluteURI_2_oe,commons-vfs2/src/test/java/org/apache/commons/vfs2/UriTests.java,,,,assert,unknown,standard,assertSame
vfs_left_2_3,commons-vfs,UriTests,testAbsoluteURI_3_oe,commons-vfs2/src/test/java/org/apache/commons/vfs2/UriTests.java,,,,assert,unknown,standard,assertEquals
vfs_left_2_4,commons-vfs,UriTests,testAbsoluteURI_4_oe,commons-vfs2/src/test/java/org/apache/commons/vfs2/UriTests.java,,,,assert,unknown,standard,assertEquals
vfs_left_2_5,commons-vfs,UriTests,testAbsoluteURI_5_oe,commons-vfs2/src/test/java/org/apache/commons/vfs2/UriTests.java,,,,assert,unknown,standard,assertEquals
vfs_left_3_1,commons-vfs,UriTests,testGetURI_1_oe,commons-vfs2/src/test/java/org/apache/commons/vfs2/UriTests.java,,,,assert,unknown,standard,assertEquals
vfs_left_3_2,commons-vfs,UriTests,testGetURI_2_oe,commons-vfs2/src/test/java/org/apache/commons/vfs2/UriTests.java,,,,assert,unknown,standard,assertEquals
vfs_left_3_3,commons-vfs,UriTests,testGetURI_3_oe,commons-vfs2/src/test/java/org/apache/commons/vfs2/UriTests.java,,,,assert,unknown,standard,assertEquals
vfs_left_3_4,commons-vfs,UriTests,testGetURI_4_oe,commons-vfs2/src/test/java/org/apache/commons/vfs2/UriTests.java,,,,assert,unknown,standard,assertEquals
vfs_left_4_1,commons-vfs,UriTests,testReservedCharacterSpace_1_oe,commons-vfs2/src/test/java/org/apache/commons/vfs2/UriTests.java,,,,assert,unknown,standard,assertTrue
vfs_left_4_2,commons-vfs,UriTests,testReservedCharacterSpace_2_oe,commons-vfs2/src/test/java/org/apache/commons/vfs2/UriTests.java,,,,assert,unknown,standard,assertTrue
vfs_left_5_1,commons-vfs,UriTests,testURIContentProvider_1_oe,commons-vfs2/src/test/java/org/apache/commons/vfs2/UriTests.java,,,,assert,unknown,standard,assertTrue
vfs_left_5_2,commons-vfs,UriTests,testURIContentProvider_2_oe,commons-vfs2/src/test/java/org/apache/commons/vfs2/UriTests.java,,,,assert,unknown,standard,assertEquals
vfs_left_5_3,commons-vfs,UriTests,testURIContentProvider_3_oe,commons-vfs2/src/test/java/org/apache/commons/vfs2/UriTests.java,,,,assert,unknown,standard,assertSame
vfs_left_9_1,commons-vfs,ProviderWriteAppendTests,testAppendContent_1_oe,commons-vfs2/src/test/java/org/apache/commons/vfs2/ProviderWriteAppendTests.java,,,,assert,unknown,standard,assertFalse
vfs_left_9_2,commons-vfs,ProviderWriteAppendTests,testAppendContent_2_oe,commons-vfs2/src/test/java/org/apache/commons/vfs2/ProviderWriteAppendTests.java,,,,assert,unknown,custom,assertSameContent
vfs_left_9_3,commons-vfs,ProviderWriteAppendTests,testAppendContent_3_oe,commons-vfs2/src/test/java/org/apache/commons/vfs2/ProviderWriteAppendTests.java,,,,assert,unknown,custom,assertSameContent
vfs_left_9_4,commons-vfs,ProviderWriteAppendTests,testAppendContent_4_oe,commons-vfs2/src/test/java/org/apache/commons/vfs2/ProviderWriteAppendTests.java,,,,assert,unknown,standard,assertFalse
vfs_left_9_5,commons-vfs,ProviderWriteAppendTests,testAppendContent_5_oe,commons-vfs2/src/test/java/org/apache/commons/vfs2/ProviderWriteAppendTests.java,,,,assert,unknown,custom,assertSameContent
vfs_left_9_6,commons-vfs,ProviderWriteAppendTests,testAppendContent_6_oe,commons-vfs2/src/test/java/org/apache/commons/vfs2/ProviderWriteAppendTests.java,,,,assert,unknown,standard,assertTrue
vfs_left_9_7,commons-vfs,ProviderWriteAppendTests,testAppendContent_7_oe,commons-vfs2/src/test/java/org/apache/commons/vfs2/ProviderWriteAppendTests.java,,,,assert,unknown,standard,assertTrue
vfs_left_10_1,commons-vfs,UrlStructureTests,testFolderURL_1_oe,commons-vfs2/src/test/java/org/apache/commons/vfs2/UrlStructureTests.java,,,,assert,unknown,standard,assertTrue
vfs_left_10_2,commons-vfs,UrlStructureTests,testFolderURL_2_oe,commons-vfs2/src/test/java/org/apache/commons/vfs2/UrlStructureTests.java,,,,assert,unknown,standard,fail
vfs_left_10_3,commons-vfs,UrlStructureTests,testFolderURL_3_oe,commons-vfs2/src/test/java/org/apache/commons/vfs2/UrlStructureTests.java,,,,assert,unknown,custom,assertSameMessage
vfs_left_11_1,commons-vfs,ProviderRandomSetLengthTests,testRandomSetLength_1_oe,commons-vfs2/src/test/java/org/apache/commons/vfs2/ProviderRandomSetLengthTests.java,,,,assert,unknown,standard,assertEquals
vfs_left_11_2,commons-vfs,ProviderRandomSetLengthTests,testRandomSetLength_2_oe,commons-vfs2/src/test/java/org/apache/commons/vfs2/ProviderRandomSetLengthTests.java,,,,assert,unknown,standard,assertEquals
vfs_left_11_3,commons-vfs,ProviderRandomSetLengthTests,testRandomSetLength_3_oe,commons-vfs2/src/test/java/org/apache/commons/vfs2/ProviderRandomSetLengthTests.java,,,,assert,unknown,standard,assertEquals
vfs_left_11_4,commons-vfs,ProviderRandomSetLengthTests,testRandomSetLength_4_oe,commons-vfs2/src/test/java/org/apache/commons/vfs2/ProviderRandomSetLengthTests.java,,,,assert,unknown,standard,fail
vfs_left_11_5,commons-vfs,ProviderRandomSetLengthTests,testRandomSetLength_5_oe,commons-vfs2/src/test/java/org/apache/commons/vfs2/ProviderRandomSetLengthTests.java,,,,assert,unknown,standard,assertEquals
vfs_left_12_1,commons-vfs,ProviderReadTests,assertSameStructure_1_oe,commons-vfs2/src/test/java/org/apache/commons/vfs2/ProviderReadTests.java,,,,assert,unknown,custom,assertSameStructure
vfs_left_12_2,commons-vfs,ProviderReadTests,assertSameStructure_2_oe,commons-vfs2/src/test/java/org/apache/commons/vfs2/ProviderReadTests.java,,,,assert,unknown,standard,assertSame
vfs_left_12_3,commons-vfs,ProviderReadTests,assertSameStructure_3_oe,commons-vfs2/src/test/java/org/apache/commons/vfs2/ProviderReadTests.java,,,,assert,unknown,standard,assertNotNull
vfs_left_12_4,commons-vfs,ProviderReadTests,assertSameStructure_4_oe,commons-vfs2/src/test/java/org/apache/commons/vfs2/ProviderReadTests.java,,,,assert,unknown,standard,assertEquals
vfs_left_12_5,commons-vfs,ProviderReadTests,assertSameStructure_5_oe,commons-vfs2/src/test/java/org/apache/commons/vfs2/ProviderReadTests.java,,,,assert,unknown,standard,assertNotNull
vfs_left_13_1,commons-vfs,ProviderReadTests,testConcurrentReadFolder_1_oe,commons-vfs2/src/test/java/org/apache/commons/vfs2/ProviderReadTests.java,,,,assert,unknown,standard,assertTrue
vfs_left_13_2,commons-vfs,ProviderReadTests,testConcurrentReadFolder_2_oe,commons-vfs2/src/test/java/org/apache/commons/vfs2/ProviderReadTests.java,,,,assert,unknown,standard,assertTrue
vfs_left_14_1,commons-vfs,ProviderReadTests,testDotJarFolderName_1_oe,commons-vfs2/src/test/java/org/apache/commons/vfs2/ProviderReadTests.java,,,,assert,unknown,standard,assertTrue
vfs_left_14_2,commons-vfs,ProviderReadTests,testDotJarFolderName_2_oe,commons-vfs2/src/test/java/org/apache/commons/vfs2/ProviderReadTests.java,,,,assert,unknown,standard,assertTrue
vfs_left_15_1,commons-vfs,ProviderReadTests,testDotJarFolderNameLayer_1_oe,commons-vfs2/src/test/java/org/apache/commons/vfs2/ProviderReadTests.java,,,,assert,unknown,standard,assertTrue
vfs_left_15_2,commons-vfs,ProviderReadTests,testDotJarFolderNameLayer_2_oe,commons-vfs2/src/test/java/org/apache/commons/vfs2/ProviderReadTests.java,,,,assert,unknown,standard,assertFalse
vfs_left_15_3,commons-vfs,ProviderReadTests,testDotJarFolderNameLayer_3_oe,commons-vfs2/src/test/java/org/apache/commons/vfs2/ProviderReadTests.java,,,,assert,unknown,standard,fail
vfs_left_15_4,commons-vfs,ProviderReadTests,testDotJarFolderNameLayer_4_oe,commons-vfs2/src/test/java/org/apache/commons/vfs2/ProviderReadTests.java,,,,assert,unknown,standard,assertSame
vfs_left_16_1,commons-vfs,ProviderReadTests,testFindFiles_1_oe,commons-vfs2/src/test/java/org/apache/commons/vfs2/ProviderReadTests.java,,,,assert,unknown,standard,assertEquals
vfs_left_16_2,commons-vfs,ProviderReadTests,testFindFiles_2_oe,commons-vfs2/src/test/java/org/apache/commons/vfs2/ProviderReadTests.java,,,,assert,unknown,standard,assertEquals
vfs_left_17_1,commons-vfs,ProviderReadTests,testFolderContent_1_oe,commons-vfs2/src/test/java/org/apache/commons/vfs2/ProviderReadTests.java,,,,assert,unknown,standard,fail
vfs_left_17_2,commons-vfs,ProviderReadTests,testFolderContent_2_oe,commons-vfs2/src/test/java/org/apache/commons/vfs2/ProviderReadTests.java,,,,assert,unknown,custom,assertSameMessage
vfs_left_18_1,commons-vfs,ProviderReadTests,testFolderIsHidden_1_oe,commons-vfs2/src/test/java/org/apache/commons/vfs2/ProviderReadTests.java,,,,assert,unknown,standard,assertFalse
vfs_left_19_1,commons-vfs,ProviderReadTests,testFolderIsReadable_1_oe,commons-vfs2/src/test/java/org/apache/commons/vfs2/ProviderReadTests.java,,,,assert,unknown,standard,assertTrue
vfs_left_20_1,commons-vfs,ProviderReadTests,testFolderIsSymbolicLink_1_oe,commons-vfs2/src/test/java/org/apache/commons/vfs2/ProviderReadTests.java,,,,assert,unknown,standard,assertFalse
vfs_left_21_1,commons-vfs,ProviderReadTests,testGetContent_1_oe,commons-vfs2/src/test/java/org/apache/commons/vfs2/ProviderReadTests.java,,,,assert,unknown,standard,assertTrue
vfs_left_21_2,commons-vfs,ProviderReadTests,testGetContent_2_oe,commons-vfs2/src/test/java/org/apache/commons/vfs2/ProviderReadTests.java,,,,assert,unknown,standard,assertNotNull
vfs_left_22_1,commons-vfs,ProviderReadTests,testGetContentInfo_1_oe,commons-vfs2/src/test/java/org/apache/commons/vfs2/ProviderReadTests.java,,,,assert,unknown,standard,assertTrue
vfs_left_22_2,commons-vfs,ProviderReadTests,testGetContentInfo_2_oe,commons-vfs2/src/test/java/org/apache/commons/vfs2/ProviderReadTests.java,,,,assert,unknown,standard,assertNotNull
vfs_left_22_3,commons-vfs,ProviderReadTests,testGetContentInfo_3_oe,commons-vfs2/src/test/java/org/apache/commons/vfs2/ProviderReadTests.java,,,,assert,unknown,standard,assertNotNull
vfs_left_23_1,commons-vfs,ProviderReadTests,testReadEmptyMultipleEOF_1_oe,commons-vfs2/src/test/java/org/apache/commons/vfs2/ProviderReadTests.java,,,,assert,unknown,standard,assertTrue
vfs_left_23_2,commons-vfs,ProviderReadTests,testReadEmptyMultipleEOF_2_oe,commons-vfs2/src/test/java/org/apache/commons/vfs2/ProviderReadTests.java,,,,assert,unknown,standard,assertEquals
vfs_left_23_3,commons-vfs,ProviderReadTests,testReadEmptyMultipleEOF_3_oe,commons-vfs2/src/test/java/org/apache/commons/vfs2/ProviderReadTests.java,,,,assert,unknown,standard,assertEquals
vfs_left_24_1,commons-vfs,ProviderReadTests,testReadFileEOFMultiple_1_oe,commons-vfs2/src/test/java/org/apache/commons/vfs2/ProviderReadTests.java,,,,assert,unknown,standard,assertTrue
vfs_left_24_2,commons-vfs,ProviderReadTests,testReadFileEOFMultiple_2_oe,commons-vfs2/src/test/java/org/apache/commons/vfs2/ProviderReadTests.java,,,,assert,unknown,standard,assertEquals
vfs_left_24_3,commons-vfs,ProviderReadTests,testReadFileEOFMultiple_3_oe,commons-vfs2/src/test/java/org/apache/commons/vfs2/ProviderReadTests.java,,,,assert,unknown,standard,assertEquals
vfs_left_24_4,commons-vfs,ProviderReadTests,testReadFileEOFMultiple_4_oe,commons-vfs2/src/test/java/org/apache/commons/vfs2/ProviderReadTests.java,,,,assert,unknown,standard,assertEquals
vfs_left_25_1,commons-vfs,ProviderReadTests,testSort_1_oe,commons-vfs2/src/test/java/org/apache/commons/vfs2/ProviderReadTests.java,,,,assert,unknown,standard,assertTrue
vfs_left_25_2,commons-vfs,ProviderReadTests,testSort_2_oe,commons-vfs2/src/test/java/org/apache/commons/vfs2/ProviderReadTests.java,,,,assert,unknown,standard,assertEquals
vfs_left_25_3,commons-vfs,ProviderReadTests,testSort_3_oe,commons-vfs2/src/test/java/org/apache/commons/vfs2/ProviderReadTests.java,,,,assert,unknown,standard,assertEquals
vfs_left_26_1,commons-vfs,ProviderReadTests,testStructure_1_oe,commons-vfs2/src/test/java/org/apache/commons/vfs2/ProviderReadTests.java,,,,assert,unknown,custom,assertSameStructure
vfs_left_27_1,commons-vfs,ProviderReadTests,testType_1_oe,commons-vfs2/src/test/java/org/apache/commons/vfs2/ProviderReadTests.java,,,,assert,unknown,standard,assertSame
vfs_left_27_2,commons-vfs,ProviderReadTests,testType_2_oe,commons-vfs2/src/test/java/org/apache/commons/vfs2/ProviderReadTests.java,,,,assert,unknown,standard,assertTrue
vfs_left_27_3,commons-vfs,ProviderReadTests,testType_3_oe,commons-vfs2/src/test/java/org/apache/commons/vfs2/ProviderReadTests.java,,,,assert,unknown,standard,assertSame
vfs_left_27_4,commons-vfs,ProviderReadTests,testType_4_oe,commons-vfs2/src/test/java/org/apache/commons/vfs2/ProviderReadTests.java,,,,assert,unknown,standard,assertTrue
vfs_left_27_5,commons-vfs,ProviderReadTests,testType_5_oe,commons-vfs2/src/test/java/org/apache/commons/vfs2/ProviderReadTests.java,,,,assert,unknown,standard,assertSame
vfs_left_28_1,commons-vfs,PermissionsTests,createTestFile_1_oe,commons-vfs2/src/test/java/org/apache/commons/vfs2/PermissionsTests.java,,,,assert,unknown,standard,assertNotNull
vfs_left_28_2,commons-vfs,PermissionsTests,createTestFile_2_oe,commons-vfs2/src/test/java/org/apache/commons/vfs2/PermissionsTests.java,,,,assert,unknown,standard,assertFalse
vfs_left_29_1,commons-vfs,PermissionsTests,testExecutable_1_oe,commons-vfs2/src/test/java/org/apache/commons/vfs2/PermissionsTests.java,,,,assert,unknown,standard,assertTrue
vfs_left_29_2,commons-vfs,PermissionsTests,testExecutable_2_oe,commons-vfs2/src/test/java/org/apache/commons/vfs2/PermissionsTests.java,,,,assert,unknown,standard,assertTrue
vfs_left_29_3,commons-vfs,PermissionsTests,testExecutable_3_oe,commons-vfs2/src/test/java/org/apache/commons/vfs2/PermissionsTests.java,,,,assert,unknown,standard,assertTrue
vfs_left_29_4,commons-vfs,PermissionsTests,testExecutable_4_oe,commons-vfs2/src/test/java/org/apache/commons/vfs2/PermissionsTests.java,,,,assert,unknown,standard,assertTrue
vfs_left_29_5,commons-vfs,PermissionsTests,testExecutable_5_oe,commons-vfs2/src/test/java/org/apache/commons/vfs2/PermissionsTests.java,,,,assert,unknown,standard,assertTrue
vfs_left_29_6,commons-vfs,PermissionsTests,testExecutable_6_oe,commons-vfs2/src/test/java/org/apache/commons/vfs2/PermissionsTests.java,,,,assert,unknown,standard,assertTrue
vfs_left_29_7,commons-vfs,PermissionsTests,testExecutable_7_oe,commons-vfs2/src/test/java/org/apache/commons/vfs2/PermissionsTests.java,,,,assert,unknown,standard,assertFalse
vfs_left_30_1,commons-vfs,PermissionsTests,testReadable_1_oe,commons-vfs2/src/test/java/org/apache/commons/vfs2/PermissionsTests.java,,,,assert,unknown,standard,assertTrue
vfs_left_30_2,commons-vfs,PermissionsTests,testReadable_2_oe,commons-vfs2/src/test/java/org/apache/commons/vfs2/PermissionsTests.java,,,,assert,unknown,standard,assertTrue
vfs_left_30_3,commons-vfs,PermissionsTests,testReadable_3_oe,commons-vfs2/src/test/java/org/apache/commons/vfs2/PermissionsTests.java,,,,assert,unknown,standard,assertTrue
vfs_left_30_4,commons-vfs,PermissionsTests,testReadable_4_oe,commons-vfs2/src/test/java/org/apache/commons/vfs2/PermissionsTests.java,,,,assert,unknown,standard,assertTrue
vfs_left_30_5,commons-vfs,PermissionsTests,testReadable_5_oe,commons-vfs2/src/test/java/org/apache/commons/vfs2/PermissionsTests.java,,,,assert,unknown,standard,assertTrue
vfs_left_30_6,commons-vfs,PermissionsTests,testReadable_6_oe,commons-vfs2/src/test/java/org/apache/commons/vfs2/PermissionsTests.java,,,,assert,unknown,standard,assertTrue
vfs_left_30_7,commons-vfs,PermissionsTests,testReadable_7_oe,commons-vfs2/src/test/java/org/apache/commons/vfs2/PermissionsTests.java,,,,assert,unknown,standard,assertFalse
vfs_left_31_1,commons-vfs,PermissionsTests,testWriteable_1_oe,commons-vfs2/src/test/java/org/apache/commons/vfs2/PermissionsTests.java,,,,assert,unknown,standard,assertTrue
vfs_left_31_2,commons-vfs,PermissionsTests,testWriteable_2_oe,commons-vfs2/src/test/java/org/apache/commons/vfs2/PermissionsTests.java,,,,assert,unknown,standard,assertTrue
vfs_left_31_3,commons-vfs,PermissionsTests,testWriteable_3_oe,commons-vfs2/src/test/java/org/apache/commons/vfs2/PermissionsTests.java,,,,assert,unknown,standard,assertTrue
vfs_left_31_4,commons-vfs,PermissionsTests,testWriteable_4_oe,commons-vfs2/src/test/java/org/apache/commons/vfs2/PermissionsTests.java,,,,assert,unknown,standard,assertTrue
vfs_left_31_5,commons-vfs,PermissionsTests,testWriteable_5_oe,commons-vfs2/src/test/java/org/apache/commons/vfs2/PermissionsTests.java,,,,assert,unknown,standard,assertTrue
vfs_left_31_6,commons-vfs,PermissionsTests,testWriteable_6_oe,commons-vfs2/src/test/java/org/apache/commons/vfs2/PermissionsTests.java,,,,assert,unknown,standard,assertFalse
vfs_left_33_1,commons-vfs,ContentTests,assertSameContent_1_oe,commons-vfs2/src/test/java/org/apache/commons/vfs2/ContentTests.java,,,,assert,unknown,custom,assertSameContent
vfs_left_33_2,commons-vfs,ContentTests,assertSameContent_2_oe,commons-vfs2/src/test/java/org/apache/commons/vfs2/ContentTests.java,,,,assert,unknown,standard,assertTrue
vfs_left_33_3,commons-vfs,ContentTests,assertSameContent_3_oe,commons-vfs2/src/test/java/org/apache/commons/vfs2/ContentTests.java,,,,assert,unknown,custom,assertSameContent
vfs_left_33_4,commons-vfs,ContentTests,assertSameContent_4_oe,commons-vfs2/src/test/java/org/apache/commons/vfs2/ContentTests.java,,,,assert,unknown,custom,assertSameContent
vfs_left_34_1,commons-vfs,ContentTests,testAllContent_1_oe,commons-vfs2/src/test/java/org/apache/commons/vfs2/ContentTests.java,,,,assert,unknown,custom,assertSameContent
vfs_left_35_1,commons-vfs,ContentTests,test_standard_1_oe,commons-vfs2/src/test/java/org/apache/commons/vfs2/ContentTests.java,,,,assert,unknown,standard,assertTrue
vfs_left_36_1,commons-vfs,ContentTests,testByteArrayReadAll_1_oe,commons-vfs2/src/test/java/org/apache/commons/vfs2/ContentTests.java,,,,assert,unknown,standard,assertEquals
vfs_left_36_2,commons-vfs,ContentTests,testByteArrayReadAll_2_oe,commons-vfs2/src/test/java/org/apache/commons/vfs2/ContentTests.java,,,,assert,unknown,standard,assertTrue
vfs_left_36_3,commons-vfs,ContentTests,testByteArrayReadAll_3_oe,commons-vfs2/src/test/java/org/apache/commons/vfs2/ContentTests.java,,,,assert,unknown,standard,assertEquals
vfs_left_37_1,commons-vfs,ContentTests,testChildren_1_oe,commons-vfs2/src/test/java/org/apache/commons/vfs2/ContentTests.java,,,,assert,unknown,standard,assertSame
vfs_left_37_2,commons-vfs,ContentTests,testChildren_2_oe,commons-vfs2/src/test/java/org/apache/commons/vfs2/ContentTests.java,,,,assert,unknown,standard,assertTrue
vfs_left_37_3,commons-vfs,ContentTests,testChildren_3_oe,commons-vfs2/src/test/java/org/apache/commons/vfs2/ContentTests.java,,,,assert,unknown,standard,fail
vfs_left_37_4,commons-vfs,ContentTests,testChildren_4_oe,commons-vfs2/src/test/java/org/apache/commons/vfs2/ContentTests.java,,,,assert,unknown,custom,assertSameMessage
vfs_left_37_5,commons-vfs,ContentTests,testChildren_5_oe,commons-vfs2/src/test/java/org/apache/commons/vfs2/ContentTests.java,,,,assert,unknown,standard,assertNotNull
vfs_left_37_6,commons-vfs,ContentTests,testChildren_6_oe,commons-vfs2/src/test/java/org/apache/commons/vfs2/ContentTests.java,,,,assert,unknown,standard,assertFalse
vfs_left_37_7,commons-vfs,ContentTests,testChildren_7_oe,commons-vfs2/src/test/java/org/apache/commons/vfs2/ContentTests.java,,,,assert,unknown,standard,fail
vfs_left_37_8,commons-vfs,ContentTests,testChildren_8_oe,commons-vfs2/src/test/java/org/apache/commons/vfs2/ContentTests.java,,,,assert,unknown,custom,assertSameMessage
vfs_left_37_9,commons-vfs,ContentTests,testChildren_9_oe,commons-vfs2/src/test/java/org/apache/commons/vfs2/ContentTests.java,,,,assert,unknown,standard,assertNotNull
vfs_left_38_1,commons-vfs,ContentTests,testContent_1_oe,commons-vfs2/src/test/java/org/apache/commons/vfs2/ContentTests.java,,,,assert,unknown,custom,assertSameContent
vfs_left_38_2,commons-vfs,ContentTests,testContent_2_oe,commons-vfs2/src/test/java/org/apache/commons/vfs2/ContentTests.java,,,,assert,unknown,custom,assertSameContent
vfs_left_39_1,commons-vfs,ContentTests,testExists_1_oe,commons-vfs2/src/test/java/org/apache/commons/vfs2/ContentTests.java,,,,assert,unknown,standard,assertTrue
vfs_left_39_2,commons-vfs,ContentTests,testExists_2_oe,commons-vfs2/src/test/java/org/apache/commons/vfs2/ContentTests.java,,,,assert,unknown,standard,assertNotSame
vfs_left_39_3,commons-vfs,ContentTests,testExists_3_oe,commons-vfs2/src/test/java/org/apache/commons/vfs2/ContentTests.java,,,,assert,unknown,standard,assertTrue
vfs_left_39_4,commons-vfs,ContentTests,testExists_4_oe,commons-vfs2/src/test/java/org/apache/commons/vfs2/ContentTests.java,,,,assert,unknown,standard,assertNotSame
vfs_left_39_5,commons-vfs,ContentTests,testExists_5_oe,commons-vfs2/src/test/java/org/apache/commons/vfs2/ContentTests.java,,,,assert,unknown,standard,assertFalse
vfs_left_39_6,commons-vfs,ContentTests,testExists_6_oe,commons-vfs2/src/test/java/org/apache/commons/vfs2/ContentTests.java,,,,assert,unknown,standard,assertSame
vfs_left_39_7,commons-vfs,ContentTests,testExists_7_oe,commons-vfs2/src/test/java/org/apache/commons/vfs2/ContentTests.java,,,,assert,unknown,standard,assertFalse
vfs_left_39_8,commons-vfs,ContentTests,testExists_8_oe,commons-vfs2/src/test/java/org/apache/commons/vfs2/ContentTests.java,,,,assert,unknown,standard,assertSame
vfs_left_40_1,commons-vfs,ContentTests,testGetString_Charset_1_oe,commons-vfs2/src/test/java/org/apache/commons/vfs2/ContentTests.java,,,,assert,unknown,standard,assertEquals
vfs_left_40_2,commons-vfs,ContentTests,testGetString_Charset_2_oe,commons-vfs2/src/test/java/org/apache/commons/vfs2/ContentTests.java,,,,assert,unknown,standard,assertTrue
vfs_left_40_3,commons-vfs,ContentTests,testGetString_Charset_3_oe,commons-vfs2/src/test/java/org/apache/commons/vfs2/ContentTests.java,,,,assert,unknown,standard,assertEquals
vfs_left_41_1,commons-vfs,ContentTests,testGetString_String_1_oe,commons-vfs2/src/test/java/org/apache/commons/vfs2/ContentTests.java,,,,assert,unknown,standard,assertEquals
vfs_left_41_2,commons-vfs,ContentTests,testGetString_String_2_oe,commons-vfs2/src/test/java/org/apache/commons/vfs2/ContentTests.java,,,,assert,unknown,standard,assertTrue
vfs_left_41_3,commons-vfs,ContentTests,testGetString_String_3_oe,commons-vfs2/src/test/java/org/apache/commons/vfs2/ContentTests.java,,,,assert,unknown,standard,assertEquals
vfs_left_42_1,commons-vfs,ContentTests,testInputStreamMultipleCleanup_1_oe,commons-vfs2/src/test/java/org/apache/commons/vfs2/ContentTests.java,,,,assert,unknown,standard,assertEquals
vfs_left_42_2,commons-vfs,ContentTests,testInputStreamMultipleCleanup_2_oe,commons-vfs2/src/test/java/org/apache/commons/vfs2/ContentTests.java,,,,assert,unknown,standard,assertTrue
vfs_left_42_3,commons-vfs,ContentTests,testInputStreamMultipleCleanup_3_oe,commons-vfs2/src/test/java/org/apache/commons/vfs2/ContentTests.java,,,,assert,unknown,standard,assertEquals
vfs_left_42_4,commons-vfs,ContentTests,testInputStreamMultipleCleanup_4_oe,commons-vfs2/src/test/java/org/apache/commons/vfs2/ContentTests.java,,,,assert,unknown,standard,assertEquals
vfs_left_42_5,commons-vfs,ContentTests,testInputStreamMultipleCleanup_5_oe,commons-vfs2/src/test/java/org/apache/commons/vfs2/ContentTests.java,,,,assert,unknown,standard,assertEquals
vfs_left_42_6,commons-vfs,ContentTests,testInputStreamMultipleCleanup_6_oe,commons-vfs2/src/test/java/org/apache/commons/vfs2/ContentTests.java,,,,assert,unknown,standard,assertEquals
vfs_left_43_1,commons-vfs,ContentTests,testInputStreamReadAll_1_oe,commons-vfs2/src/test/java/org/apache/commons/vfs2/ContentTests.java,,,,assert,unknown,standard,assertEquals
vfs_left_43_2,commons-vfs,ContentTests,testInputStreamReadAll_2_oe,commons-vfs2/src/test/java/org/apache/commons/vfs2/ContentTests.java,,,,assert,unknown,standard,assertTrue
vfs_left_43_3,commons-vfs,ContentTests,testInputStreamReadAll_3_oe,commons-vfs2/src/test/java/org/apache/commons/vfs2/ContentTests.java,,,,assert,unknown,standard,assertEquals
vfs_left_44_1,commons-vfs,ContentTests,testInputStreamSingleCleanup_1_oe,commons-vfs2/src/test/java/org/apache/commons/vfs2/ContentTests.java,,,,assert,unknown,standard,assertEquals
vfs_left_44_2,commons-vfs,ContentTests,testInputStreamSingleCleanup_2_oe,commons-vfs2/src/test/java/org/apache/commons/vfs2/ContentTests.java,,,,assert,unknown,standard,assertTrue
vfs_left_44_3,commons-vfs,ContentTests,testInputStreamSingleCleanup_3_oe,commons-vfs2/src/test/java/org/apache/commons/vfs2/ContentTests.java,,,,assert,unknown,standard,assertEquals
vfs_left_44_4,commons-vfs,ContentTests,testInputStreamSingleCleanup_4_oe,commons-vfs2/src/test/java/org/apache/commons/vfs2/ContentTests.java,,,,assert,unknown,standard,assertEquals
vfs_left_45_1,commons-vfs,ContentTests,testParent_1_oe,commons-vfs2/src/test/java/org/apache/commons/vfs2/ContentTests.java,,,,assert,unknown,standard,assertTrue
vfs_left_45_2,commons-vfs,ContentTests,testParent_2_oe,commons-vfs2/src/test/java/org/apache/commons/vfs2/ContentTests.java,,,,assert,unknown,standard,assertTrue
vfs_left_45_3,commons-vfs,ContentTests,testParent_3_oe,commons-vfs2/src/test/java/org/apache/commons/vfs2/ContentTests.java,,,,assert,unknown,standard,assertSame
vfs_left_45_4,commons-vfs,ContentTests,testParent_4_oe,commons-vfs2/src/test/java/org/apache/commons/vfs2/ContentTests.java,,,,assert,unknown,standard,assertTrue
vfs_left_45_5,commons-vfs,ContentTests,testParent_5_oe,commons-vfs2/src/test/java/org/apache/commons/vfs2/ContentTests.java,,,,assert,unknown,standard,assertFalse
vfs_left_45_6,commons-vfs,ContentTests,testParent_6_oe,commons-vfs2/src/test/java/org/apache/commons/vfs2/ContentTests.java,,,,assert,unknown,standard,assertSame
vfs_left_45_7,commons-vfs,ContentTests,testParent_7_oe,commons-vfs2/src/test/java/org/apache/commons/vfs2/ContentTests.java,,,,assert,unknown,standard,assertFalse
vfs_left_45_8,commons-vfs,ContentTests,testParent_8_oe,commons-vfs2/src/test/java/org/apache/commons/vfs2/ContentTests.java,,,,assert,unknown,standard,assertFalse
vfs_left_45_9,commons-vfs,ContentTests,testParent_9_oe,commons-vfs2/src/test/java/org/apache/commons/vfs2/ContentTests.java,,,,assert,unknown,standard,assertSame
vfs_left_45_10,commons-vfs,ContentTests,testParent_10_oe,commons-vfs2/src/test/java/org/apache/commons/vfs2/ContentTests.java,,,,assert,unknown,standard,assertNull
vfs_left_45_11,commons-vfs,ContentTests,testParent_11_oe,commons-vfs2/src/test/java/org/apache/commons/vfs2/ContentTests.java,,,,assert,unknown,standard,assertSame
vfs_left_46_1,commons-vfs,ContentTests,testReadMultipleConcurrent_1_oe,commons-vfs2/src/test/java/org/apache/commons/vfs2/ContentTests.java,,,,assert,unknown,standard,assertTrue
vfs_left_46_2,commons-vfs,ContentTests,testReadMultipleConcurrent_2_oe,commons-vfs2/src/test/java/org/apache/commons/vfs2/ContentTests.java,,,,assert,unknown,standard,assertTrue
vfs_left_46_3,commons-vfs,ContentTests,testReadMultipleConcurrent_3_oe,commons-vfs2/src/test/java/org/apache/commons/vfs2/ContentTests.java,,,,assert,unknown,custom,assertSameContent
vfs_left_47_1,commons-vfs,ContentTests,testReadSingleConcurrent_1_oe,commons-vfs2/src/test/java/org/apache/commons/vfs2/ContentTests.java,,,,assert,unknown,standard,assertTrue
vfs_left_48_1,commons-vfs,ContentTests,testReadSingleSequencial_1_oe,commons-vfs2/src/test/java/org/apache/commons/vfs2/ContentTests.java,,,,assert,unknown,standard,assertTrue
vfs_left_49_1,commons-vfs,ContentTests,testReuse_1_oe,commons-vfs2/src/test/java/org/apache/commons/vfs2/ContentTests.java,,,,assert,unknown,standard,assertEquals
vfs_left_49_2,commons-vfs,ContentTests,testReuse_2_oe,commons-vfs2/src/test/java/org/apache/commons/vfs2/ContentTests.java,,,,assert,unknown,standard,assertTrue
vfs_left_49_3,commons-vfs,ContentTests,testReuse_3_oe,commons-vfs2/src/test/java/org/apache/commons/vfs2/ContentTests.java,,,,assert,unknown,custom,assertSameContent
vfs_left_49_4,commons-vfs,ContentTests,testReuse_4_oe,commons-vfs2/src/test/java/org/apache/commons/vfs2/ContentTests.java,,,,assert,unknown,custom,assertSameContent
vfs_left_49_5,commons-vfs,ContentTests,testReuse_5_oe,commons-vfs2/src/test/java/org/apache/commons/vfs2/ContentTests.java,,,,assert,unknown,custom,assertSameContent
vfs_left_50_1,commons-vfs,ContentTests,testRoot_1_oe,commons-vfs2/src/test/java/org/apache/commons/vfs2/ContentTests.java,,,,assert,unknown,standard,assertTrue
vfs_left_50_2,commons-vfs,ContentTests,testRoot_2_oe,commons-vfs2/src/test/java/org/apache/commons/vfs2/ContentTests.java,,,,assert,unknown,standard,assertNotSame
vfs_left_51_1,commons-vfs,ContentTests,testUnknownContent_1_oe,commons-vfs2/src/test/java/org/apache/commons/vfs2/ContentTests.java,,,,assert,unknown,standard,fail
vfs_left_51_2,commons-vfs,ContentTests,testUnknownContent_2_oe,commons-vfs2/src/test/java/org/apache/commons/vfs2/ContentTests.java,,,,assert,unknown,custom,assertSameMessage
vfs_left_51_3,commons-vfs,ContentTests,testUnknownContent_3_oe,commons-vfs2/src/test/java/org/apache/commons/vfs2/ContentTests.java,,,,assert,unknown,standard,fail
vfs_left_51_4,commons-vfs,ContentTests,testUnknownContent_4_oe,commons-vfs2/src/test/java/org/apache/commons/vfs2/ContentTests.java,,,,assert,unknown,custom,assertSameMessage
vfs_left_52_1,commons-vfs,PathTests,testAbsoluteURI_1_oe,commons-vfs2/src/test/java/org/apache/commons/vfs2/PathTests.java,,,,assert,unknown,standard,assertSame
vfs_left_52_2,commons-vfs,PathTests,testAbsoluteURI_2_oe,commons-vfs2/src/test/java/org/apache/commons/vfs2/PathTests.java,,,,assert,unknown,standard,assertSame
vfs_left_52_3,commons-vfs,PathTests,testAbsoluteURI_3_oe,commons-vfs2/src/test/java/org/apache/commons/vfs2/PathTests.java,,,,assert,unknown,standard,assertEquals
vfs_left_52_4,commons-vfs,PathTests,testAbsoluteURI_4_oe,commons-vfs2/src/test/java/org/apache/commons/vfs2/PathTests.java,,,,assert,unknown,standard,assertEquals
vfs_left_52_5,commons-vfs,PathTests,testAbsoluteURI_5_oe,commons-vfs2/src/test/java/org/apache/commons/vfs2/PathTests.java,,,,assert,unknown,standard,assertEquals
vfs_left_53_1,commons-vfs,PathTests,testGetPath_1_oe,commons-vfs2/src/test/java/org/apache/commons/vfs2/PathTests.java,,,,assert,unknown,standard,assertEquals
vfs_left_53_2,commons-vfs,PathTests,testGetPath_2_oe,commons-vfs2/src/test/java/org/apache/commons/vfs2/PathTests.java,,,,assert,unknown,standard,assertEquals
vfs_left_53_3,commons-vfs,PathTests,testGetPath_3_oe,commons-vfs2/src/test/java/org/apache/commons/vfs2/PathTests.java,,,,assert,unknown,standard,assertEquals
vfs_left_54_1,commons-vfs,PathTests,testReservedCharacterSpace_1_oe,commons-vfs2/src/test/java/org/apache/commons/vfs2/PathTests.java,,,,assert,unknown,standard,assertTrue
vfs_left_54_2,commons-vfs,PathTests,testReservedCharacterSpace_2_oe,commons-vfs2/src/test/java/org/apache/commons/vfs2/PathTests.java,,,,assert,unknown,standard,assertTrue
vfs_left_55_1,commons-vfs,PathTests,testURIContentProvider_1_oe,commons-vfs2/src/test/java/org/apache/commons/vfs2/PathTests.java,,,,assert,unknown,standard,assertTrue
vfs_left_55_2,commons-vfs,PathTests,testURIContentProvider_2_oe,commons-vfs2/src/test/java/org/apache/commons/vfs2/PathTests.java,,,,assert,unknown,standard,assertEquals
vfs_left_55_3,commons-vfs,PathTests,testURIContentProvider_3_oe,commons-vfs2/src/test/java/org/apache/commons/vfs2/PathTests.java,,,,assert,unknown,standard,assertSame
vfs_left_56_1,commons-vfs,NamingTests,assertBadName_1_oe,commons-vfs2/src/test/java/org/apache/commons/vfs2/NamingTests.java,,,,assert,unknown,custom,assertBadName
vfs_left_56_2,commons-vfs,NamingTests,assertBadName_2_oe,commons-vfs2/src/test/java/org/apache/commons/vfs2/NamingTests.java,,,,assert,unknown,standard,fail
vfs_left_57_1,commons-vfs,NamingTests,assertSameName_1_oe,commons-vfs2/src/test/java/org/apache/commons/vfs2/NamingTests.java,,,,assert,unknown,custom,assertSameName
vfs_left_58_1,commons-vfs,NamingTests,assertSameName_1_oe,commons-vfs2/src/test/java/org/apache/commons/vfs2/NamingTests.java,,,,assert,unknown,custom,assertSameName
vfs_left_58_2,commons-vfs,NamingTests,assertSameName_2_oe,commons-vfs2/src/test/java/org/apache/commons/vfs2/NamingTests.java,,,,assert,unknown,standard,assertEquals
vfs_left_58_3,commons-vfs,NamingTests,assertSameName_3_oe,commons-vfs2/src/test/java/org/apache/commons/vfs2/NamingTests.java,,,,assert,unknown,standard,assertEquals
vfs_left_58_4,commons-vfs,NamingTests,assertSameName_4_oe,commons-vfs2/src/test/java/org/apache/commons/vfs2/NamingTests.java,,,,assert,unknown,standard,assertEquals
vfs_left_59_1,commons-vfs,NamingTests,checkAbsoluteNames_1_oe,commons-vfs2/src/test/java/org/apache/commons/vfs2/NamingTests.java,,,,assert,unknown,custom,assertSameName
vfs_left_59_2,commons-vfs,NamingTests,checkAbsoluteNames_2_oe,commons-vfs2/src/test/java/org/apache/commons/vfs2/NamingTests.java,,,,assert,unknown,custom,assertSameName
vfs_left_59_3,commons-vfs,NamingTests,checkAbsoluteNames_3_oe,commons-vfs2/src/test/java/org/apache/commons/vfs2/NamingTests.java,,,,assert,unknown,custom,assertSameName
vfs_left_59_4,commons-vfs,NamingTests,checkAbsoluteNames_4_oe,commons-vfs2/src/test/java/org/apache/commons/vfs2/NamingTests.java,,,,assert,unknown,custom,assertSameName
vfs_left_59_5,commons-vfs,NamingTests,checkAbsoluteNames_5_oe,commons-vfs2/src/test/java/org/apache/commons/vfs2/NamingTests.java,,,,assert,unknown,custom,assertSameName
vfs_left_59_6,commons-vfs,NamingTests,checkAbsoluteNames_6_oe,commons-vfs2/src/test/java/org/apache/commons/vfs2/NamingTests.java,,,,assert,unknown,custom,assertSameName
vfs_left_59_7,commons-vfs,NamingTests,checkAbsoluteNames_7_oe,commons-vfs2/src/test/java/org/apache/commons/vfs2/NamingTests.java,,,,assert,unknown,custom,assertSameName
vfs_left_59_8,commons-vfs,NamingTests,checkAbsoluteNames_8_oe,commons-vfs2/src/test/java/org/apache/commons/vfs2/NamingTests.java,,,,assert,unknown,custom,assertSameName
vfs_left_59_9,commons-vfs,NamingTests,checkAbsoluteNames_9_oe,commons-vfs2/src/test/java/org/apache/commons/vfs2/NamingTests.java,,,,assert,unknown,custom,assertBadName
vfs_left_59_10,commons-vfs,NamingTests,checkAbsoluteNames_10_oe,commons-vfs2/src/test/java/org/apache/commons/vfs2/NamingTests.java,,,,assert,unknown,custom,assertBadName
vfs_left_60_1,commons-vfs,NamingTests,checkDescendentNames_1_oe,commons-vfs2/src/test/java/org/apache/commons/vfs2/NamingTests.java,,,,assert,unknown,standard,assertFalse
vfs_left_60_2,commons-vfs,NamingTests,checkDescendentNames_2_oe,commons-vfs2/src/test/java/org/apache/commons/vfs2/NamingTests.java,,,,assert,unknown,standard,assertFalse
vfs_left_60_3,commons-vfs,NamingTests,checkDescendentNames_3_oe,commons-vfs2/src/test/java/org/apache/commons/vfs2/NamingTests.java,,,,assert,unknown,standard,assertFalse
vfs_left_60_4,commons-vfs,NamingTests,checkDescendentNames_4_oe,commons-vfs2/src/test/java/org/apache/commons/vfs2/NamingTests.java,,,,assert,unknown,custom,assertSameName
vfs_left_60_5,commons-vfs,NamingTests,checkDescendentNames_5_oe,commons-vfs2/src/test/java/org/apache/commons/vfs2/NamingTests.java,,,,assert,unknown,custom,assertSameName
vfs_left_60_6,commons-vfs,NamingTests,checkDescendentNames_6_oe,commons-vfs2/src/test/java/org/apache/commons/vfs2/NamingTests.java,,,,assert,unknown,custom,assertBadName
vfs_left_60_7,commons-vfs,NamingTests,checkDescendentNames_7_oe,commons-vfs2/src/test/java/org/apache/commons/vfs2/NamingTests.java,,,,assert,unknown,custom,assertBadName
vfs_left_60_8,commons-vfs,NamingTests,checkDescendentNames_8_oe,commons-vfs2/src/test/java/org/apache/commons/vfs2/NamingTests.java,,,,assert,unknown,custom,assertBadName
vfs_left_60_9,commons-vfs,NamingTests,checkDescendentNames_9_oe,commons-vfs2/src/test/java/org/apache/commons/vfs2/NamingTests.java,,,,assert,unknown,custom,assertBadName
vfs_left_60_10,commons-vfs,NamingTests,checkDescendentNames_10_oe,commons-vfs2/src/test/java/org/apache/commons/vfs2/NamingTests.java,,,,assert,unknown,custom,assertBadName
vfs_left_60_11,commons-vfs,NamingTests,checkDescendentNames_11_oe,commons-vfs2/src/test/java/org/apache/commons/vfs2/NamingTests.java,,,,assert,unknown,custom,assertBadName
vfs_left_60_12,commons-vfs,NamingTests,checkDescendentNames_12_oe,commons-vfs2/src/test/java/org/apache/commons/vfs2/NamingTests.java,,,,assert,unknown,custom,assertBadName
vfs_left_60_13,commons-vfs,NamingTests,checkDescendentNames_13_oe,commons-vfs2/src/test/java/org/apache/commons/vfs2/NamingTests.java,,,,assert,unknown,custom,assertBadName
vfs_left_60_14,commons-vfs,NamingTests,checkDescendentNames_14_oe,commons-vfs2/src/test/java/org/apache/commons/vfs2/NamingTests.java,,,,assert,unknown,custom,assertBadName
vfs_left_60_15,commons-vfs,NamingTests,checkDescendentNames_15_oe,commons-vfs2/src/test/java/org/apache/commons/vfs2/NamingTests.java,,,,assert,unknown,custom,assertBadName
vfs_left_60_16,commons-vfs,NamingTests,checkDescendentNames_16_oe,commons-vfs2/src/test/java/org/apache/commons/vfs2/NamingTests.java,,,,assert,unknown,custom,assertBadName
vfs_left_60_17,commons-vfs,NamingTests,checkDescendentNames_17_oe,commons-vfs2/src/test/java/org/apache/commons/vfs2/NamingTests.java,,,,assert,unknown,custom,assertBadName
vfs_left_61_1,commons-vfs,NamingTests,testAbsoluteNameConvert_1_oe,commons-vfs2/src/test/java/org/apache/commons/vfs2/NamingTests.java,,,,assert,unknown,standard,assertEquals
vfs_left_61_2,commons-vfs,NamingTests,testAbsoluteNameConvert_2_oe,commons-vfs2/src/test/java/org/apache/commons/vfs2/NamingTests.java,,,,assert,unknown,standard,assertEquals
vfs_left_62_1,commons-vfs,NamingTests,testChildName_1_oe,commons-vfs2/src/test/java/org/apache/commons/vfs2/NamingTests.java,,,,assert,unknown,standard,assertTrue
vfs_left_62_2,commons-vfs,NamingTests,testChildName_2_oe,commons-vfs2/src/test/java/org/apache/commons/vfs2/NamingTests.java,,,,assert,unknown,standard,assertEquals
vfs_left_62_3,commons-vfs,NamingTests,testChildName_3_oe,commons-vfs2/src/test/java/org/apache/commons/vfs2/NamingTests.java,,,,assert,unknown,standard,assertEquals
vfs_left_62_4,commons-vfs,NamingTests,testChildName_4_oe,commons-vfs2/src/test/java/org/apache/commons/vfs2/NamingTests.java,,,,assert,unknown,standard,assertEquals
vfs_left_62_5,commons-vfs,NamingTests,testChildName_5_oe,commons-vfs2/src/test/java/org/apache/commons/vfs2/NamingTests.java,,,,assert,unknown,custom,assertBadName
vfs_left_63_1,commons-vfs,NamingTests,testDescendentName_1_oe,commons-vfs2/src/test/java/org/apache/commons/vfs2/NamingTests.java,,,,assert,unknown,custom,assertSameName
vfs_left_63_2,commons-vfs,NamingTests,testDescendentName_2_oe,commons-vfs2/src/test/java/org/apache/commons/vfs2/NamingTests.java,,,,assert,unknown,custom,assertSameName
vfs_left_63_3,commons-vfs,NamingTests,testDescendentName_3_oe,commons-vfs2/src/test/java/org/apache/commons/vfs2/NamingTests.java,,,,assert,unknown,custom,assertSameName
vfs_left_63_4,commons-vfs,NamingTests,testDescendentName_4_oe,commons-vfs2/src/test/java/org/apache/commons/vfs2/NamingTests.java,,,,assert,unknown,custom,assertSameName
vfs_left_63_5,commons-vfs,NamingTests,testDescendentName_5_oe,commons-vfs2/src/test/java/org/apache/commons/vfs2/NamingTests.java,,,,assert,unknown,custom,assertSameName
vfs_left_64_1,commons-vfs,NamingTests,testNameResolution_1_oe,commons-vfs2/src/test/java/org/apache/commons/vfs2/NamingTests.java,,,,assert,unknown,custom,assertSameName
vfs_left_64_2,commons-vfs,NamingTests,testNameResolution_2_oe,commons-vfs2/src/test/java/org/apache/commons/vfs2/NamingTests.java,,,,assert,unknown,custom,assertSameName
vfs_left_64_3,commons-vfs,NamingTests,testNameResolution_3_oe,commons-vfs2/src/test/java/org/apache/commons/vfs2/NamingTests.java,,,,assert,unknown,custom,assertSameName
vfs_left_64_4,commons-vfs,NamingTests,testNameResolution_4_oe,commons-vfs2/src/test/java/org/apache/commons/vfs2/NamingTests.java,,,,assert,unknown,custom,assertSameName
vfs_left_64_5,commons-vfs,NamingTests,testNameResolution_5_oe,commons-vfs2/src/test/java/org/apache/commons/vfs2/NamingTests.java,,,,assert,unknown,custom,assertSameName
vfs_left_64_6,commons-vfs,NamingTests,testNameResolution_6_oe,commons-vfs2/src/test/java/org/apache/commons/vfs2/NamingTests.java,,,,assert,unknown,custom,assertSameName
vfs_left_64_7,commons-vfs,NamingTests,testNameResolution_7_oe,commons-vfs2/src/test/java/org/apache/commons/vfs2/NamingTests.java,,,,assert,unknown,custom,assertSameName
vfs_left_64_8,commons-vfs,NamingTests,testNameResolution_8_oe,commons-vfs2/src/test/java/org/apache/commons/vfs2/NamingTests.java,,,,assert,unknown,custom,assertSameName
vfs_left_64_9,commons-vfs,NamingTests,testNameResolution_9_oe,commons-vfs2/src/test/java/org/apache/commons/vfs2/NamingTests.java,,,,assert,unknown,custom,assertSameName
vfs_left_64_10,commons-vfs,NamingTests,testNameResolution_10_oe,commons-vfs2/src/test/java/org/apache/commons/vfs2/NamingTests.java,,,,assert,unknown,custom,assertSameName
vfs_left_64_11,commons-vfs,NamingTests,testNameResolution_11_oe,commons-vfs2/src/test/java/org/apache/commons/vfs2/NamingTests.java,,,,assert,unknown,custom,assertSameName
vfs_left_64_12,commons-vfs,NamingTests,testNameResolution_12_oe,commons-vfs2/src/test/java/org/apache/commons/vfs2/NamingTests.java,,,,assert,unknown,custom,assertSameName
vfs_left_64_13,commons-vfs,NamingTests,testNameResolution_13_oe,commons-vfs2/src/test/java/org/apache/commons/vfs2/NamingTests.java,,,,assert,unknown,custom,assertSameName
vfs_left_64_14,commons-vfs,NamingTests,testNameResolution_14_oe,commons-vfs2/src/test/java/org/apache/commons/vfs2/NamingTests.java,,,,assert,unknown,custom,assertSameName
vfs_left_64_15,commons-vfs,NamingTests,testNameResolution_15_oe,commons-vfs2/src/test/java/org/apache/commons/vfs2/NamingTests.java,,,,assert,unknown,custom,assertSameName
vfs_left_64_16,commons-vfs,NamingTests,testNameResolution_16_oe,commons-vfs2/src/test/java/org/apache/commons/vfs2/NamingTests.java,,,,assert,unknown,custom,assertSameName
vfs_left_64_17,commons-vfs,NamingTests,testNameResolution_17_oe,commons-vfs2/src/test/java/org/apache/commons/vfs2/NamingTests.java,,,,assert,unknown,custom,assertSameName
vfs_left_64_18,commons-vfs,NamingTests,testNameResolution_18_oe,commons-vfs2/src/test/java/org/apache/commons/vfs2/NamingTests.java,,,,assert,unknown,custom,assertSameName
vfs_left_65_1,commons-vfs,NamingTests,testRelativeURI_1_oe,commons-vfs2/src/test/java/org/apache/commons/vfs2/NamingTests.java,,,,assert,unknown,standard,assertSame
vfs_left_65_2,commons-vfs,NamingTests,testRelativeURI_2_oe,commons-vfs2/src/test/java/org/apache/commons/vfs2/NamingTests.java,,,,assert,unknown,standard,assertSame
vfs_left_65_3,commons-vfs,NamingTests,testRelativeURI_3_oe,commons-vfs2/src/test/java/org/apache/commons/vfs2/NamingTests.java,,,,assert,unknown,standard,assertSame
vfs_left_65_4,commons-vfs,NamingTests,testRelativeURI_4_oe,commons-vfs2/src/test/java/org/apache/commons/vfs2/NamingTests.java,,,,assert,unknown,standard,assertSame
vfs_left_66_1,commons-vfs,NamingTests,testRelativeUriEncoding_1_oe,commons-vfs2/src/test/java/org/apache/commons/vfs2/NamingTests.java,,,,assert,unknown,standard,assertEquals
vfs_left_66_2,commons-vfs,NamingTests,testRelativeUriEncoding_2_oe,commons-vfs2/src/test/java/org/apache/commons/vfs2/NamingTests.java,,,,assert,unknown,standard,assertEquals
vfs_left_66_3,commons-vfs,NamingTests,testRelativeUriEncoding_3_oe,commons-vfs2/src/test/java/org/apache/commons/vfs2/NamingTests.java,,,,assert,unknown,standard,assertEquals
vfs_left_66_4,commons-vfs,NamingTests,testRelativeUriEncoding_4_oe,commons-vfs2/src/test/java/org/apache/commons/vfs2/NamingTests.java,,,,assert,unknown,standard,assertEquals
vfs_left_66_5,commons-vfs,NamingTests,testRelativeUriEncoding_5_oe,commons-vfs2/src/test/java/org/apache/commons/vfs2/NamingTests.java,,,,assert,unknown,standard,assertEquals
vfs_left_66_6,commons-vfs,NamingTests,testRelativeUriEncoding_6_oe,commons-vfs2/src/test/java/org/apache/commons/vfs2/NamingTests.java,,,,assert,unknown,standard,fail
vfs_left_66_7,commons-vfs,NamingTests,testRelativeUriEncoding_7_oe,commons-vfs2/src/test/java/org/apache/commons/vfs2/NamingTests.java,,,,assert,unknown,standard,fail
vfs_left_66_8,commons-vfs,NamingTests,testRelativeUriEncoding_8_oe,commons-vfs2/src/test/java/org/apache/commons/vfs2/NamingTests.java,,,,assert,unknown,standard,fail
vfs_left_67_1,commons-vfs,NamingTests,testRelName_1_oe,commons-vfs2/src/test/java/org/apache/commons/vfs2/NamingTests.java,,,,assert,unknown,standard,assertEquals
vfs_left_68_1,commons-vfs,NamingTests,testRootFileName_1_oe,commons-vfs2/src/test/java/org/apache/commons/vfs2/NamingTests.java,,,,assert,unknown,standard,assertEquals
vfs_left_68_2,commons-vfs,NamingTests,testRootFileName_2_oe,commons-vfs2/src/test/java/org/apache/commons/vfs2/NamingTests.java,,,,assert,unknown,standard,assertEquals
vfs_left_68_3,commons-vfs,NamingTests,testRootFileName_3_oe,commons-vfs2/src/test/java/org/apache/commons/vfs2/NamingTests.java,,,,assert,unknown,standard,assertNull
vfs_left_69_1,commons-vfs,FileTypeTest,assertEquals_1_oe,commons-vfs2/src/test/java/org/apache/commons/vfs2/FileTypeTest.java,,,,assert,unknown,standard,assertEquals
vfs_left_69_2,commons-vfs,FileTypeTest,assertEquals_2_oe,commons-vfs2/src/test/java/org/apache/commons/vfs2/FileTypeTest.java,,,,assert,unknown,standard,assertEquals
vfs_left_69_3,commons-vfs,FileTypeTest,assertEquals_3_oe,commons-vfs2/src/test/java/org/apache/commons/vfs2/FileTypeTest.java,,,,assert,unknown,standard,assertEquals
vfs_left_69_4,commons-vfs,FileTypeTest,assertEquals_4_oe,commons-vfs2/src/test/java/org/apache/commons/vfs2/FileTypeTest.java,,,,assert,unknown,standard,assertEquals
vfs_left_70_1,commons-vfs,FileTypeTest,test_1_oe,commons-vfs2/src/test/java/org/apache/commons/vfs2/FileTypeTest.java,,,,assert,unknown,standard,assertEquals
vfs_left_75_1,commons-vfs,TestListener,assertFinished_1_oe,,,,,assert,unknown,custom,assertFinished
vfs_left_76_1,commons-vfs,TestListener,fileChanged_1_oe,,,,,assert,unknown,standard,assertFalse
vfs_left_76_2,commons-vfs,TestListener,fileChanged_2_oe,,,,,assert,unknown,standard,assertSame
vfs_left_76_3,commons-vfs,TestListener,fileChanged_3_oe,,,,,assert,unknown,standard,assertEquals
vfs_left_76_4,commons-vfs,TestListener,fileChanged_4_oe,,,,,assert,unknown,standard,assertFalse
vfs_left_76_5,commons-vfs,TestListener,fileChanged_5_oe,,,,,assert,unknown,standard,fail
vfs_left_77_1,commons-vfs,TestListener,fileCreated_1_oe,,,,,assert,unknown,standard,assertFalse
vfs_left_77_2,commons-vfs,TestListener,fileCreated_2_oe,,,,,assert,unknown,standard,assertSame
vfs_left_77_3,commons-vfs,TestListener,fileCreated_3_oe,,,,,assert,unknown,standard,assertEquals
vfs_left_77_4,commons-vfs,TestListener,fileCreated_4_oe,,,,,assert,unknown,standard,assertTrue
vfs_left_77_5,commons-vfs,TestListener,fileCreated_5_oe,,,,,assert,unknown,standard,fail
vfs_left_78_1,commons-vfs,TestListener,fileDeleted_1_oe,,,,,assert,unknown,standard,assertFalse
vfs_left_78_2,commons-vfs,TestListener,fileDeleted_2_oe,,,,,assert,unknown,standard,assertSame
vfs_left_78_3,commons-vfs,TestListener,fileDeleted_3_oe,,,,,assert,unknown,standard,assertEquals
vfs_left_78_4,commons-vfs,TestListener,fileDeleted_4_oe,,,,,assert,unknown,standard,assertFalse
vfs_left_78_5,commons-vfs,TestListener,fileDeleted_5_oe,,,,,assert,unknown,standard,fail
vfs_left_79_1,commons-vfs,ProviderWriteTests,assertSameFileSet_1_oe,commons-vfs2/src/test/java/org/apache/commons/vfs2/ProviderWriteTests.java,,,,assert,unknown,custom,assertSameFileSet
vfs_left_79_2,commons-vfs,ProviderWriteTests,assertSameFileSet_2_oe,commons-vfs2/src/test/java/org/apache/commons/vfs2/ProviderWriteTests.java,,,,assert,unknown,standard,assertTrue
vfs_left_80_1,commons-vfs,ProviderWriteTests,testCopyFromOverwriteSameFileSystem_1_oe,commons-vfs2/src/test/java/org/apache/commons/vfs2/ProviderWriteTests.java,,,,assert,unknown,standard,assertFalse
vfs_left_80_2,commons-vfs,ProviderWriteTests,testCopyFromOverwriteSameFileSystem_2_oe,commons-vfs2/src/test/java/org/apache/commons/vfs2/ProviderWriteTests.java,,,,assert,unknown,custom,assertSameContent
vfs_left_80_3,commons-vfs,ProviderWriteTests,testCopyFromOverwriteSameFileSystem_3_oe,commons-vfs2/src/test/java/org/apache/commons/vfs2/ProviderWriteTests.java,,,,assert,unknown,standard,assertFalse
vfs_left_80_4,commons-vfs,ProviderWriteTests,testCopyFromOverwriteSameFileSystem_4_oe,commons-vfs2/src/test/java/org/apache/commons/vfs2/ProviderWriteTests.java,,,,assert,unknown,custom,assertSameContent
vfs_left_80_5,commons-vfs,ProviderWriteTests,testCopyFromOverwriteSameFileSystem_5_oe,commons-vfs2/src/test/java/org/apache/commons/vfs2/ProviderWriteTests.java,,,,assert,unknown,standard,assertTrue
vfs_left_80_6,commons-vfs,ProviderWriteTests,testCopyFromOverwriteSameFileSystem_6_oe,commons-vfs2/src/test/java/org/apache/commons/vfs2/ProviderWriteTests.java,,,,assert,unknown,custom,assertSameContent
vfs_left_81_1,commons-vfs,ProviderWriteTests,testCopySameFileSystem_1_oe,commons-vfs2/src/test/java/org/apache/commons/vfs2/ProviderWriteTests.java,,,,assert,unknown,standard,assertFalse
vfs_left_81_2,commons-vfs,ProviderWriteTests,testCopySameFileSystem_2_oe,commons-vfs2/src/test/java/org/apache/commons/vfs2/ProviderWriteTests.java,,,,assert,unknown,custom,assertSameContent
vfs_left_81_3,commons-vfs,ProviderWriteTests,testCopySameFileSystem_3_oe,commons-vfs2/src/test/java/org/apache/commons/vfs2/ProviderWriteTests.java,,,,assert,unknown,standard,assertFalse
vfs_left_81_4,commons-vfs,ProviderWriteTests,testCopySameFileSystem_4_oe,commons-vfs2/src/test/java/org/apache/commons/vfs2/ProviderWriteTests.java,,,,assert,unknown,custom,assertSameContent
vfs_left_82_1,commons-vfs,ProviderWriteTests,testCreateDeleteCreateSameFileSystem_1_oe,commons-vfs2/src/test/java/org/apache/commons/vfs2/ProviderWriteTests.java,,,,assert,unknown,standard,assertFalse
vfs_left_82_2,commons-vfs,ProviderWriteTests,testCreateDeleteCreateSameFileSystem_2_oe,commons-vfs2/src/test/java/org/apache/commons/vfs2/ProviderWriteTests.java,,,,assert,unknown,custom,assertSameContent
vfs_left_82_3,commons-vfs,ProviderWriteTests,testCreateDeleteCreateSameFileSystem_3_oe,commons-vfs2/src/test/java/org/apache/commons/vfs2/ProviderWriteTests.java,,,,assert,unknown,standard,assertFalse
vfs_left_82_4,commons-vfs,ProviderWriteTests,testCreateDeleteCreateSameFileSystem_4_oe,commons-vfs2/src/test/java/org/apache/commons/vfs2/ProviderWriteTests.java,,,,assert,unknown,custom,assertSameContent
vfs_left_82_5,commons-vfs,ProviderWriteTests,testCreateDeleteCreateSameFileSystem_5_oe,commons-vfs2/src/test/java/org/apache/commons/vfs2/ProviderWriteTests.java,,,,assert,unknown,standard,assertTrue
vfs_left_82_6,commons-vfs,ProviderWriteTests,testCreateDeleteCreateSameFileSystem_6_oe,commons-vfs2/src/test/java/org/apache/commons/vfs2/ProviderWriteTests.java,,,,assert,unknown,standard,assertTrue
vfs_left_82_7,commons-vfs,ProviderWriteTests,testCreateDeleteCreateSameFileSystem_7_oe,commons-vfs2/src/test/java/org/apache/commons/vfs2/ProviderWriteTests.java,,,,assert,unknown,standard,assertFalse
vfs_left_82_8,commons-vfs,ProviderWriteTests,testCreateDeleteCreateSameFileSystem_8_oe,commons-vfs2/src/test/java/org/apache/commons/vfs2/ProviderWriteTests.java,,,,assert,unknown,custom,assertSameContent
vfs_left_83_1,commons-vfs,ProviderWriteTests,testDelete_1_oe,commons-vfs2/src/test/java/org/apache/commons/vfs2/ProviderWriteTests.java,,,,assert,unknown,standard,assertTrue
vfs_left_83_2,commons-vfs,ProviderWriteTests,testDelete_2_oe,commons-vfs2/src/test/java/org/apache/commons/vfs2/ProviderWriteTests.java,,,,assert,unknown,standard,assertFalse
vfs_left_83_3,commons-vfs,ProviderWriteTests,testDelete_3_oe,commons-vfs2/src/test/java/org/apache/commons/vfs2/ProviderWriteTests.java,,,,assert,unknown,standard,assertTrue
vfs_left_83_4,commons-vfs,ProviderWriteTests,testDelete_4_oe,commons-vfs2/src/test/java/org/apache/commons/vfs2/ProviderWriteTests.java,,,,assert,unknown,standard,assertFalse
vfs_left_83_5,commons-vfs,ProviderWriteTests,testDelete_5_oe,commons-vfs2/src/test/java/org/apache/commons/vfs2/ProviderWriteTests.java,,,,assert,unknown,standard,assertTrue
vfs_left_83_6,commons-vfs,ProviderWriteTests,testDelete_6_oe,commons-vfs2/src/test/java/org/apache/commons/vfs2/ProviderWriteTests.java,,,,assert,unknown,standard,assertFalse
vfs_left_83_7,commons-vfs,ProviderWriteTests,testDelete_7_oe,commons-vfs2/src/test/java/org/apache/commons/vfs2/ProviderWriteTests.java,,,,assert,unknown,standard,assertTrue
vfs_left_83_8,commons-vfs,ProviderWriteTests,testDelete_8_oe,commons-vfs2/src/test/java/org/apache/commons/vfs2/ProviderWriteTests.java,,,,assert,unknown,standard,assertTrue
vfs_left_83_9,commons-vfs,ProviderWriteTests,testDelete_9_oe,commons-vfs2/src/test/java/org/apache/commons/vfs2/ProviderWriteTests.java,,,,assert,unknown,standard,assertFalse
vfs_left_83_10,commons-vfs,ProviderWriteTests,testDelete_10_oe,commons-vfs2/src/test/java/org/apache/commons/vfs2/ProviderWriteTests.java,,,,assert,unknown,standard,assertFalse
vfs_left_83_11,commons-vfs,ProviderWriteTests,testDelete_11_oe,commons-vfs2/src/test/java/org/apache/commons/vfs2/ProviderWriteTests.java,,,,assert,unknown,standard,assertFalse
vfs_left_83_12,commons-vfs,ProviderWriteTests,testDelete_12_oe,commons-vfs2/src/test/java/org/apache/commons/vfs2/ProviderWriteTests.java,,,,assert,unknown,standard,assertFalse
vfs_left_84_1,commons-vfs,ProviderWriteTests,testDeleteAllDescendents_1_oe,commons-vfs2/src/test/java/org/apache/commons/vfs2/ProviderWriteTests.java,,,,assert,unknown,standard,assertTrue
vfs_left_84_2,commons-vfs,ProviderWriteTests,testDeleteAllDescendents_2_oe,commons-vfs2/src/test/java/org/apache/commons/vfs2/ProviderWriteTests.java,,,,assert,unknown,standard,assertFalse
vfs_left_84_3,commons-vfs,ProviderWriteTests,testDeleteAllDescendents_3_oe,commons-vfs2/src/test/java/org/apache/commons/vfs2/ProviderWriteTests.java,,,,assert,unknown,standard,assertTrue
vfs_left_84_4,commons-vfs,ProviderWriteTests,testDeleteAllDescendents_4_oe,commons-vfs2/src/test/java/org/apache/commons/vfs2/ProviderWriteTests.java,,,,assert,unknown,standard,assertFalse
vfs_left_84_5,commons-vfs,ProviderWriteTests,testDeleteAllDescendents_5_oe,commons-vfs2/src/test/java/org/apache/commons/vfs2/ProviderWriteTests.java,,,,assert,unknown,standard,assertTrue
vfs_left_84_6,commons-vfs,ProviderWriteTests,testDeleteAllDescendents_6_oe,commons-vfs2/src/test/java/org/apache/commons/vfs2/ProviderWriteTests.java,,,,assert,unknown,standard,assertFalse
vfs_left_84_7,commons-vfs,ProviderWriteTests,testDeleteAllDescendents_7_oe,commons-vfs2/src/test/java/org/apache/commons/vfs2/ProviderWriteTests.java,,,,assert,unknown,standard,assertTrue
vfs_left_84_8,commons-vfs,ProviderWriteTests,testDeleteAllDescendents_8_oe,commons-vfs2/src/test/java/org/apache/commons/vfs2/ProviderWriteTests.java,,,,assert,unknown,standard,assertTrue
vfs_left_84_9,commons-vfs,ProviderWriteTests,testDeleteAllDescendents_9_oe,commons-vfs2/src/test/java/org/apache/commons/vfs2/ProviderWriteTests.java,,,,assert,unknown,standard,assertFalse
vfs_left_84_10,commons-vfs,ProviderWriteTests,testDeleteAllDescendents_10_oe,commons-vfs2/src/test/java/org/apache/commons/vfs2/ProviderWriteTests.java,,,,assert,unknown,standard,assertFalse
vfs_left_84_11,commons-vfs,ProviderWriteTests,testDeleteAllDescendents_11_oe,commons-vfs2/src/test/java/org/apache/commons/vfs2/ProviderWriteTests.java,,,,assert,unknown,standard,assertFalse
vfs_left_84_12,commons-vfs,ProviderWriteTests,testDeleteAllDescendents_12_oe,commons-vfs2/src/test/java/org/apache/commons/vfs2/ProviderWriteTests.java,,,,assert,unknown,standard,assertFalse
vfs_left_85_1,commons-vfs,ProviderWriteTests,testFileCreate_1_oe,commons-vfs2/src/test/java/org/apache/commons/vfs2/ProviderWriteTests.java,,,,assert,unknown,standard,assertFalse
vfs_left_85_2,commons-vfs,ProviderWriteTests,testFileCreate_2_oe,commons-vfs2/src/test/java/org/apache/commons/vfs2/ProviderWriteTests.java,,,,assert,unknown,standard,assertTrue
vfs_left_85_3,commons-vfs,ProviderWriteTests,testFileCreate_3_oe,commons-vfs2/src/test/java/org/apache/commons/vfs2/ProviderWriteTests.java,,,,assert,unknown,standard,assertSame
vfs_left_85_4,commons-vfs,ProviderWriteTests,testFileCreate_4_oe,commons-vfs2/src/test/java/org/apache/commons/vfs2/ProviderWriteTests.java,,,,assert,unknown,standard,assertTrue
vfs_left_85_5,commons-vfs,ProviderWriteTests,testFileCreate_5_oe,commons-vfs2/src/test/java/org/apache/commons/vfs2/ProviderWriteTests.java,,,,assert,unknown,standard,assertEquals
vfs_left_85_6,commons-vfs,ProviderWriteTests,testFileCreate_6_oe,commons-vfs2/src/test/java/org/apache/commons/vfs2/ProviderWriteTests.java,,,,assert,unknown,standard,assertTrue
vfs_left_85_7,commons-vfs,ProviderWriteTests,testFileCreate_7_oe,commons-vfs2/src/test/java/org/apache/commons/vfs2/ProviderWriteTests.java,,,,assert,unknown,standard,assertFalse
vfs_left_85_8,commons-vfs,ProviderWriteTests,testFileCreate_8_oe,commons-vfs2/src/test/java/org/apache/commons/vfs2/ProviderWriteTests.java,,,,assert,unknown,standard,assertFalse
vfs_left_85_9,commons-vfs,ProviderWriteTests,testFileCreate_9_oe,commons-vfs2/src/test/java/org/apache/commons/vfs2/ProviderWriteTests.java,,,,assert,unknown,standard,assertTrue
vfs_left_85_10,commons-vfs,ProviderWriteTests,testFileCreate_10_oe,commons-vfs2/src/test/java/org/apache/commons/vfs2/ProviderWriteTests.java,,,,assert,unknown,standard,assertTrue
vfs_left_85_11,commons-vfs,ProviderWriteTests,testFileCreate_11_oe,commons-vfs2/src/test/java/org/apache/commons/vfs2/ProviderWriteTests.java,,,,assert,unknown,standard,assertFalse
vfs_left_85_12,commons-vfs,ProviderWriteTests,testFileCreate_12_oe,commons-vfs2/src/test/java/org/apache/commons/vfs2/ProviderWriteTests.java,,,,assert,unknown,standard,assertTrue
vfs_left_85_13,commons-vfs,ProviderWriteTests,testFileCreate_13_oe,commons-vfs2/src/test/java/org/apache/commons/vfs2/ProviderWriteTests.java,,,,assert,unknown,standard,assertSame
vfs_left_85_14,commons-vfs,ProviderWriteTests,testFileCreate_14_oe,commons-vfs2/src/test/java/org/apache/commons/vfs2/ProviderWriteTests.java,,,,assert,unknown,standard,assertTrue
vfs_left_85_15,commons-vfs,ProviderWriteTests,testFileCreate_15_oe,commons-vfs2/src/test/java/org/apache/commons/vfs2/ProviderWriteTests.java,,,,assert,unknown,standard,assertEquals
vfs_left_85_16,commons-vfs,ProviderWriteTests,testFileCreate_16_oe,commons-vfs2/src/test/java/org/apache/commons/vfs2/ProviderWriteTests.java,,,,assert,unknown,standard,assertFalse
vfs_left_85_17,commons-vfs,ProviderWriteTests,testFileCreate_17_oe,commons-vfs2/src/test/java/org/apache/commons/vfs2/ProviderWriteTests.java,,,,assert,unknown,standard,assertTrue
vfs_left_85_18,commons-vfs,ProviderWriteTests,testFileCreate_18_oe,commons-vfs2/src/test/java/org/apache/commons/vfs2/ProviderWriteTests.java,,,,assert,unknown,standard,assertTrue
vfs_left_85_19,commons-vfs,ProviderWriteTests,testFileCreate_19_oe,commons-vfs2/src/test/java/org/apache/commons/vfs2/ProviderWriteTests.java,,,,assert,unknown,standard,assertFalse
vfs_left_85_20,commons-vfs,ProviderWriteTests,testFileCreate_20_oe,commons-vfs2/src/test/java/org/apache/commons/vfs2/ProviderWriteTests.java,,,,assert,unknown,standard,assertFalse
vfs_left_85_21,commons-vfs,ProviderWriteTests,testFileCreate_21_oe,commons-vfs2/src/test/java/org/apache/commons/vfs2/ProviderWriteTests.java,,,,assert,unknown,standard,assertFalse
vfs_left_85_22,commons-vfs,ProviderWriteTests,testFileCreate_22_oe,commons-vfs2/src/test/java/org/apache/commons/vfs2/ProviderWriteTests.java,,,,assert,unknown,standard,assertTrue
vfs_left_85_23,commons-vfs,ProviderWriteTests,testFileCreate_23_oe,commons-vfs2/src/test/java/org/apache/commons/vfs2/ProviderWriteTests.java,,,,assert,unknown,standard,assertSame
vfs_left_85_24,commons-vfs,ProviderWriteTests,testFileCreate_24_oe,commons-vfs2/src/test/java/org/apache/commons/vfs2/ProviderWriteTests.java,,,,assert,unknown,standard,assertTrue
vfs_left_85_25,commons-vfs,ProviderWriteTests,testFileCreate_25_oe,commons-vfs2/src/test/java/org/apache/commons/vfs2/ProviderWriteTests.java,,,,assert,unknown,standard,assertEquals
vfs_left_85_26,commons-vfs,ProviderWriteTests,testFileCreate_26_oe,commons-vfs2/src/test/java/org/apache/commons/vfs2/ProviderWriteTests.java,,,,assert,unknown,standard,assertTrue
vfs_left_85_27,commons-vfs,ProviderWriteTests,testFileCreate_27_oe,commons-vfs2/src/test/java/org/apache/commons/vfs2/ProviderWriteTests.java,,,,assert,unknown,standard,assertTrue
vfs_left_85_28,commons-vfs,ProviderWriteTests,testFileCreate_28_oe,commons-vfs2/src/test/java/org/apache/commons/vfs2/ProviderWriteTests.java,,,,assert,unknown,standard,assertFalse
vfs_left_85_29,commons-vfs,ProviderWriteTests,testFileCreate_29_oe,commons-vfs2/src/test/java/org/apache/commons/vfs2/ProviderWriteTests.java,,,,assert,unknown,standard,assertFalse
vfs_left_85_30,commons-vfs,ProviderWriteTests,testFileCreate_30_oe,commons-vfs2/src/test/java/org/apache/commons/vfs2/ProviderWriteTests.java,,,,assert,unknown,standard,assertTrue
vfs_left_85_31,commons-vfs,ProviderWriteTests,testFileCreate_31_oe,commons-vfs2/src/test/java/org/apache/commons/vfs2/ProviderWriteTests.java,,,,assert,unknown,standard,assertTrue
vfs_left_85_32,commons-vfs,ProviderWriteTests,testFileCreate_32_oe,commons-vfs2/src/test/java/org/apache/commons/vfs2/ProviderWriteTests.java,,,,assert,unknown,standard,assertTrue
vfs_left_85_33,commons-vfs,ProviderWriteTests,testFileCreate_33_oe,commons-vfs2/src/test/java/org/apache/commons/vfs2/ProviderWriteTests.java,,,,assert,unknown,standard,assertTrue
vfs_left_86_1,commons-vfs,ProviderWriteTests,testFileCreateMismatched_1_oe,commons-vfs2/src/test/java/org/apache/commons/vfs2/ProviderWriteTests.java,,,,assert,unknown,standard,assertEquals
vfs_left_86_2,commons-vfs,ProviderWriteTests,testFileCreateMismatched_2_oe,commons-vfs2/src/test/java/org/apache/commons/vfs2/ProviderWriteTests.java,,,,assert,unknown,standard,assertTrue
vfs_left_86_3,commons-vfs,ProviderWriteTests,testFileCreateMismatched_3_oe,commons-vfs2/src/test/java/org/apache/commons/vfs2/ProviderWriteTests.java,,,,assert,unknown,standard,assertEquals
vfs_left_86_4,commons-vfs,ProviderWriteTests,testFileCreateMismatched_4_oe,commons-vfs2/src/test/java/org/apache/commons/vfs2/ProviderWriteTests.java,,,,assert,unknown,standard,assertTrue
vfs_left_86_5,commons-vfs,ProviderWriteTests,testFileCreateMismatched_5_oe,commons-vfs2/src/test/java/org/apache/commons/vfs2/ProviderWriteTests.java,,,,assert,unknown,standard,fail
vfs_left_86_6,commons-vfs,ProviderWriteTests,testFileCreateMismatched_6_oe,commons-vfs2/src/test/java/org/apache/commons/vfs2/ProviderWriteTests.java,,,,assert,unknown,standard,fail
vfs_left_86_7,commons-vfs,ProviderWriteTests,testFileCreateMismatched_7_oe,commons-vfs2/src/test/java/org/apache/commons/vfs2/ProviderWriteTests.java,,,,assert,unknown,standard,fail
vfs_left_87_1,commons-vfs,ProviderWriteTests,testFolderCreate_1_oe,commons-vfs2/src/test/java/org/apache/commons/vfs2/ProviderWriteTests.java,,,,assert,unknown,standard,assertFalse
vfs_left_87_2,commons-vfs,ProviderWriteTests,testFolderCreate_2_oe,commons-vfs2/src/test/java/org/apache/commons/vfs2/ProviderWriteTests.java,,,,assert,unknown,standard,assertTrue
vfs_left_87_3,commons-vfs,ProviderWriteTests,testFolderCreate_3_oe,commons-vfs2/src/test/java/org/apache/commons/vfs2/ProviderWriteTests.java,,,,assert,unknown,standard,assertSame
vfs_left_87_4,commons-vfs,ProviderWriteTests,testFolderCreate_4_oe,commons-vfs2/src/test/java/org/apache/commons/vfs2/ProviderWriteTests.java,,,,assert,unknown,standard,assertTrue
vfs_left_87_5,commons-vfs,ProviderWriteTests,testFolderCreate_5_oe,commons-vfs2/src/test/java/org/apache/commons/vfs2/ProviderWriteTests.java,,,,assert,unknown,standard,assertEquals
vfs_left_87_6,commons-vfs,ProviderWriteTests,testFolderCreate_6_oe,commons-vfs2/src/test/java/org/apache/commons/vfs2/ProviderWriteTests.java,,,,assert,unknown,standard,assertFalse
vfs_left_87_7,commons-vfs,ProviderWriteTests,testFolderCreate_7_oe,commons-vfs2/src/test/java/org/apache/commons/vfs2/ProviderWriteTests.java,,,,assert,unknown,standard,assertFalse
vfs_left_87_8,commons-vfs,ProviderWriteTests,testFolderCreate_8_oe,commons-vfs2/src/test/java/org/apache/commons/vfs2/ProviderWriteTests.java,,,,assert,unknown,standard,assertFalse
vfs_left_87_9,commons-vfs,ProviderWriteTests,testFolderCreate_9_oe,commons-vfs2/src/test/java/org/apache/commons/vfs2/ProviderWriteTests.java,,,,assert,unknown,standard,assertTrue
vfs_left_87_10,commons-vfs,ProviderWriteTests,testFolderCreate_10_oe,commons-vfs2/src/test/java/org/apache/commons/vfs2/ProviderWriteTests.java,,,,assert,unknown,standard,assertSame
vfs_left_87_11,commons-vfs,ProviderWriteTests,testFolderCreate_11_oe,commons-vfs2/src/test/java/org/apache/commons/vfs2/ProviderWriteTests.java,,,,assert,unknown,standard,assertTrue
vfs_left_87_12,commons-vfs,ProviderWriteTests,testFolderCreate_12_oe,commons-vfs2/src/test/java/org/apache/commons/vfs2/ProviderWriteTests.java,,,,assert,unknown,standard,assertEquals
vfs_left_87_13,commons-vfs,ProviderWriteTests,testFolderCreate_13_oe,commons-vfs2/src/test/java/org/apache/commons/vfs2/ProviderWriteTests.java,,,,assert,unknown,standard,assertTrue
vfs_left_87_14,commons-vfs,ProviderWriteTests,testFolderCreate_14_oe,commons-vfs2/src/test/java/org/apache/commons/vfs2/ProviderWriteTests.java,,,,assert,unknown,standard,assertTrue
vfs_left_87_15,commons-vfs,ProviderWriteTests,testFolderCreate_15_oe,commons-vfs2/src/test/java/org/apache/commons/vfs2/ProviderWriteTests.java,,,,assert,unknown,standard,assertTrue
vfs_left_88_1,commons-vfs,ProviderWriteTests,testFolderIsHidden_1_oe,commons-vfs2/src/test/java/org/apache/commons/vfs2/ProviderWriteTests.java,,,,assert,unknown,standard,assertFalse
vfs_left_89_1,commons-vfs,ProviderWriteTests,testFolderIsReadable_1_oe,commons-vfs2/src/test/java/org/apache/commons/vfs2/ProviderWriteTests.java,,,,assert,unknown,standard,assertTrue
vfs_left_90_1,commons-vfs,ProviderWriteTests,testFolderIsWritable_1_oe,commons-vfs2/src/test/java/org/apache/commons/vfs2/ProviderWriteTests.java,,,,assert,unknown,standard,assertTrue
vfs_left_91_1,commons-vfs,ProviderWriteTests,testListChildren_1_oe,commons-vfs2/src/test/java/org/apache/commons/vfs2/ProviderWriteTests.java,,,,assert,unknown,standard,assertEquals
vfs_left_91_2,commons-vfs,ProviderWriteTests,testListChildren_2_oe,commons-vfs2/src/test/java/org/apache/commons/vfs2/ProviderWriteTests.java,,,,assert,unknown,custom,assertSameFileSet
vfs_left_91_3,commons-vfs,ProviderWriteTests,testListChildren_3_oe,commons-vfs2/src/test/java/org/apache/commons/vfs2/ProviderWriteTests.java,,,,assert,unknown,custom,assertSameFileSet
vfs_left_91_4,commons-vfs,ProviderWriteTests,testListChildren_4_oe,commons-vfs2/src/test/java/org/apache/commons/vfs2/ProviderWriteTests.java,,,,assert,unknown,custom,assertSameFileSet
vfs_left_91_5,commons-vfs,ProviderWriteTests,testListChildren_5_oe,commons-vfs2/src/test/java/org/apache/commons/vfs2/ProviderWriteTests.java,,,,assert,unknown,custom,assertSameFileSet
vfs_left_91_6,commons-vfs,ProviderWriteTests,testListChildren_6_oe,commons-vfs2/src/test/java/org/apache/commons/vfs2/ProviderWriteTests.java,,,,assert,unknown,custom,assertSameFileSet
vfs_left_91_7,commons-vfs,ProviderWriteTests,testListChildren_7_oe,commons-vfs2/src/test/java/org/apache/commons/vfs2/ProviderWriteTests.java,,,,assert,unknown,custom,assertSameFileSet
vfs_left_91_8,commons-vfs,ProviderWriteTests,testListChildren_8_oe,commons-vfs2/src/test/java/org/apache/commons/vfs2/ProviderWriteTests.java,,,,assert,unknown,standard,assertEquals
vfs_left_92_1,commons-vfs,ProviderWriteTests,testListener_1_oe,commons-vfs2/src/test/java/org/apache/commons/vfs2/ProviderWriteTests.java,,,,assert,unknown,standard,assertFalse
vfs_left_92_2,commons-vfs,ProviderWriteTests,testListener_2_oe,commons-vfs2/src/test/java/org/apache/commons/vfs2/ProviderWriteTests.java,,,,assert,unknown,custom,assertFinished
vfs_left_92_3,commons-vfs,ProviderWriteTests,testListener_3_oe,commons-vfs2/src/test/java/org/apache/commons/vfs2/ProviderWriteTests.java,,,,assert,unknown,custom,assertFinished
vfs_left_92_4,commons-vfs,ProviderWriteTests,testListener_4_oe,commons-vfs2/src/test/java/org/apache/commons/vfs2/ProviderWriteTests.java,,,,assert,unknown,custom,assertFinished
vfs_left_92_5,commons-vfs,ProviderWriteTests,testListener_5_oe,commons-vfs2/src/test/java/org/apache/commons/vfs2/ProviderWriteTests.java,,,,assert,unknown,custom,assertFinished
vfs_left_92_6,commons-vfs,ProviderWriteTests,testListener_6_oe,commons-vfs2/src/test/java/org/apache/commons/vfs2/ProviderWriteTests.java,,,,assert,unknown,custom,assertFinished
vfs_left_93_1,commons-vfs,ProviderWriteTests,testOverwriteSameFileSystem_1_oe,commons-vfs2/src/test/java/org/apache/commons/vfs2/ProviderWriteTests.java,,,,assert,unknown,standard,assertFalse
vfs_left_93_2,commons-vfs,ProviderWriteTests,testOverwriteSameFileSystem_2_oe,commons-vfs2/src/test/java/org/apache/commons/vfs2/ProviderWriteTests.java,,,,assert,unknown,custom,assertSameContent
vfs_left_93_3,commons-vfs,ProviderWriteTests,testOverwriteSameFileSystem_3_oe,commons-vfs2/src/test/java/org/apache/commons/vfs2/ProviderWriteTests.java,,,,assert,unknown,standard,assertFalse
vfs_left_93_4,commons-vfs,ProviderWriteTests,testOverwriteSameFileSystem_4_oe,commons-vfs2/src/test/java/org/apache/commons/vfs2/ProviderWriteTests.java,,,,assert,unknown,custom,assertSameContent
vfs_left_93_5,commons-vfs,ProviderWriteTests,testOverwriteSameFileSystem_5_oe,commons-vfs2/src/test/java/org/apache/commons/vfs2/ProviderWriteTests.java,,,,assert,unknown,standard,assertTrue
vfs_left_93_6,commons-vfs,ProviderWriteTests,testOverwriteSameFileSystem_6_oe,commons-vfs2/src/test/java/org/apache/commons/vfs2/ProviderWriteTests.java,,,,assert,unknown,custom,assertSameContent
vfs_left_93_7,commons-vfs,ProviderWriteTests,testOverwriteSameFileSystem_7_oe,commons-vfs2/src/test/java/org/apache/commons/vfs2/ProviderWriteTests.java,,,,assert,unknown,standard,assertTrue
vfs_left_93_8,commons-vfs,ProviderWriteTests,testOverwriteSameFileSystem_8_oe,commons-vfs2/src/test/java/org/apache/commons/vfs2/ProviderWriteTests.java,,,,assert,unknown,custom,assertSameContent
vfs_left_93_9,commons-vfs,ProviderWriteTests,testOverwriteSameFileSystem_9_oe,commons-vfs2/src/test/java/org/apache/commons/vfs2/ProviderWriteTests.java,,,,assert,unknown,standard,assertTrue
vfs_left_93_10,commons-vfs,ProviderWriteTests,testOverwriteSameFileSystem_10_oe,commons-vfs2/src/test/java/org/apache/commons/vfs2/ProviderWriteTests.java,,,,assert,unknown,custom,assertSameContent
vfs_left_93_11,commons-vfs,ProviderWriteTests,testOverwriteSameFileSystem_11_oe,commons-vfs2/src/test/java/org/apache/commons/vfs2/ProviderWriteTests.java,,,,assert,unknown,standard,assertTrue
vfs_left_93_12,commons-vfs,ProviderWriteTests,testOverwriteSameFileSystem_12_oe,commons-vfs2/src/test/java/org/apache/commons/vfs2/ProviderWriteTests.java,,,,assert,unknown,custom,assertSameContent
vfs_left_94_1,commons-vfs,ProviderWriteTests,testWriteSameFileSystem_1_oe,commons-vfs2/src/test/java/org/apache/commons/vfs2/ProviderWriteTests.java,,,,assert,unknown,standard,assertFalse
vfs_left_94_2,commons-vfs,ProviderWriteTests,testWriteSameFileSystem_2_oe,commons-vfs2/src/test/java/org/apache/commons/vfs2/ProviderWriteTests.java,,,,assert,unknown,custom,assertSameContent
vfs_left_94_3,commons-vfs,ProviderWriteTests,testWriteSameFileSystem_3_oe,commons-vfs2/src/test/java/org/apache/commons/vfs2/ProviderWriteTests.java,,,,assert,unknown,standard,assertFalse
vfs_left_94_4,commons-vfs,ProviderWriteTests,testWriteSameFileSystem_4_oe,commons-vfs2/src/test/java/org/apache/commons/vfs2/ProviderWriteTests.java,,,,assert,unknown,custom,assertSameContent
vfs_left_94_5,commons-vfs,ProviderWriteTests,testWriteSameFileSystem_5_oe,commons-vfs2/src/test/java/org/apache/commons/vfs2/ProviderWriteTests.java,,,,assert,unknown,custom,assertSameContent
vfs_left_94_6,commons-vfs,ProviderWriteTests,testWriteSameFileSystem_6_oe,commons-vfs2/src/test/java/org/apache/commons/vfs2/ProviderWriteTests.java,,,,assert,unknown,custom,assertSameContent
vfs_left_95_1,commons-vfs,UrlTests,testReservedCharacter_Space_1_oe,commons-vfs2/src/test/java/org/apache/commons/vfs2/UrlTests.java,,,,assert,unknown,standard,assertTrue
vfs_left_95_2,commons-vfs,UrlTests,testReservedCharacter_Space_2_oe,commons-vfs2/src/test/java/org/apache/commons/vfs2/UrlTests.java,,,,assert,unknown,standard,assertTrue
vfs_left_96_1,commons-vfs,UrlTests,testUnknownURL_1_oe,commons-vfs2/src/test/java/org/apache/commons/vfs2/UrlTests.java,,,,assert,unknown,standard,assertFalse
vfs_left_96_2,commons-vfs,UrlTests,testUnknownURL_2_oe,commons-vfs2/src/test/java/org/apache/commons/vfs2/UrlTests.java,,,,assert,unknown,standard,fail
vfs_left_96_3,commons-vfs,UrlTests,testUnknownURL_3_oe,commons-vfs2/src/test/java/org/apache/commons/vfs2/UrlTests.java,,,,assert,unknown,custom,assertSameMessage
vfs_left_96_4,commons-vfs,UrlTests,testUnknownURL_4_oe,commons-vfs2/src/test/java/org/apache/commons/vfs2/UrlTests.java,,,,assert,unknown,standard,assertEquals
vfs_left_97_1,commons-vfs,UrlTests,testURL_1_oe,commons-vfs2/src/test/java/org/apache/commons/vfs2/UrlTests.java,,,,assert,unknown,standard,assertEquals
vfs_left_97_2,commons-vfs,UrlTests,testURL_2_oe,commons-vfs2/src/test/java/org/apache/commons/vfs2/UrlTests.java,,,,assert,unknown,standard,assertEquals
vfs_left_97_3,commons-vfs,UrlTests,testURL_3_oe,commons-vfs2/src/test/java/org/apache/commons/vfs2/UrlTests.java,,,,assert,unknown,standard,assertEquals
vfs_left_98_1,commons-vfs,UrlTests,testURLContent_1_oe,commons-vfs2/src/test/java/org/apache/commons/vfs2/UrlTests.java,,,,assert,unknown,standard,assertTrue
vfs_left_98_2,commons-vfs,UrlTests,testURLContent_2_oe,commons-vfs2/src/test/java/org/apache/commons/vfs2/UrlTests.java,,,,assert,unknown,custom,assertSameURLContent
vfs_left_98_3,commons-vfs,UrlTests,testURLContent_3_oe,commons-vfs2/src/test/java/org/apache/commons/vfs2/UrlTests.java,,,,assert,unknown,standard,assertTrue
vfs_left_98_4,commons-vfs,UrlTests,testURLContent_4_oe,commons-vfs2/src/test/java/org/apache/commons/vfs2/UrlTests.java,,,,assert,unknown,custom,assertSameURLContent
vfs_left_99_1,commons-vfs,UrlTests,testURLContentProvider_1_oe,commons-vfs2/src/test/java/org/apache/commons/vfs2/UrlTests.java,,,,assert,unknown,standard,assertTrue
vfs_left_99_2,commons-vfs,UrlTests,testURLContentProvider_2_oe,commons-vfs2/src/test/java/org/apache/commons/vfs2/UrlTests.java,,,,assert,unknown,standard,assertEquals
vfs_left_99_3,commons-vfs,UrlTests,testURLContentProvider_3_oe,commons-vfs2/src/test/java/org/apache/commons/vfs2/UrlTests.java,,,,assert,unknown,standard,assertSame
vfs_left_100_1,commons-vfs,ProviderRenameTests,createTestFile_1_oe,commons-vfs2/src/test/java/org/apache/commons/vfs2/ProviderRenameTests.java,,,,assert,unknown,custom,assertSameContent
vfs_left_101_1,commons-vfs,ProviderRenameTests,moveFile_1_oe,commons-vfs2/src/test/java/org/apache/commons/vfs2/ProviderRenameTests.java,,,,assert,unknown,standard,assertFalse
vfs_left_101_2,commons-vfs,ProviderRenameTests,moveFile_2_oe,commons-vfs2/src/test/java/org/apache/commons/vfs2/ProviderRenameTests.java,,,,assert,unknown,standard,assertFalse
vfs_left_101_3,commons-vfs,ProviderRenameTests,moveFile_3_oe,commons-vfs2/src/test/java/org/apache/commons/vfs2/ProviderRenameTests.java,,,,assert,unknown,standard,assertTrue
vfs_left_101_4,commons-vfs,ProviderRenameTests,moveFile_4_oe,commons-vfs2/src/test/java/org/apache/commons/vfs2/ProviderRenameTests.java,,,,assert,unknown,custom,assertSameContent
vfs_left_101_5,commons-vfs,ProviderRenameTests,moveFile_5_oe,commons-vfs2/src/test/java/org/apache/commons/vfs2/ProviderRenameTests.java,,,,assert,unknown,standard,assertTrue
vfs_left_101_6,commons-vfs,ProviderRenameTests,moveFile_6_oe,commons-vfs2/src/test/java/org/apache/commons/vfs2/ProviderRenameTests.java,,,,assert,unknown,standard,assertTrue
vfs_left_102_1,commons-vfs,ProviderRenameTests,testRenameFile_1_oe,commons-vfs2/src/test/java/org/apache/commons/vfs2/ProviderRenameTests.java,,,,assert,unknown,standard,assertFalse
vfs_left_103_1,commons-vfs,ProviderRenameTests,testRenameFileAndLeaveFolderEmpty_1_oe,commons-vfs2/src/test/java/org/apache/commons/vfs2/ProviderRenameTests.java,,,,assert,unknown,standard,assertTrue
vfs_left_103_2,commons-vfs,ProviderRenameTests,testRenameFileAndLeaveFolderEmpty_2_oe,commons-vfs2/src/test/java/org/apache/commons/vfs2/ProviderRenameTests.java,,,,assert,unknown,standard,assertFalse
vfs_left_103_3,commons-vfs,ProviderRenameTests,testRenameFileAndLeaveFolderEmpty_3_oe,commons-vfs2/src/test/java/org/apache/commons/vfs2/ProviderRenameTests.java,,,,assert,unknown,standard,assertEquals
vfs_left_104_1,commons-vfs,ProviderRenameTests,testRenameFileIntoEmptyFolder_1_oe,commons-vfs2/src/test/java/org/apache/commons/vfs2/ProviderRenameTests.java,,,,assert,unknown,standard,assertFalse
vfs_left_104_2,commons-vfs,ProviderRenameTests,testRenameFileIntoEmptyFolder_2_oe,commons-vfs2/src/test/java/org/apache/commons/vfs2/ProviderRenameTests.java,,,,assert,unknown,standard,assertTrue
vfs_left_104_3,commons-vfs,ProviderRenameTests,testRenameFileIntoEmptyFolder_3_oe,commons-vfs2/src/test/java/org/apache/commons/vfs2/ProviderRenameTests.java,,,,assert,unknown,standard,assertEquals
vfs_left_105_1,commons-vfs,AbstractTestSuite,checkTempDir_1_oe,commons-vfs2/src/test/java/org/apache/commons/vfs2/AbstractTestSuite.java,,,,assert,unknown,standard,assertTrue
vfs_left_106_1,commons-vfs,AbstractTestSuite,setUp_1_oe,commons-vfs2/src/test/java/org/apache/commons/vfs2/AbstractTestSuite.java,,,,assert,unknown,standard,assertTrue
vfs_left_106_2,commons-vfs,AbstractTestSuite,setUp_2_oe,commons-vfs2/src/test/java/org/apache/commons/vfs2/AbstractTestSuite.java,,,,assert,unknown,standard,assertNotEquals
vfs_left_106_3,commons-vfs,AbstractTestSuite,setUp_3_oe,commons-vfs2/src/test/java/org/apache/commons/vfs2/AbstractTestSuite.java,,,,assert,unknown,standard,fail
vfs_left_107_1,commons-vfs,ProviderCacheStrategyTests,assertContains_1_oe,commons-vfs2/src/test/java/org/apache/commons/vfs2/ProviderCacheStrategyTests.java,,,,assert,unknown,custom,assertContains
vfs_left_107_2,commons-vfs,ProviderCacheStrategyTests,assertContains_2_oe,commons-vfs2/src/test/java/org/apache/commons/vfs2/ProviderCacheStrategyTests.java,,,,assert,unknown,standard,fail
vfs_left_108_1,commons-vfs,ProviderCacheStrategyTests,assertContainsNot_1_oe,commons-vfs2/src/test/java/org/apache/commons/vfs2/ProviderCacheStrategyTests.java,,,,assert,unknown,custom,assertContainsNot
vfs_left_109_1,commons-vfs,ProviderCacheStrategyTests,testManualCache_1_oe,commons-vfs2/src/test/java/org/apache/commons/vfs2/ProviderCacheStrategyTests.java,,,,assert,unknown,custom,assertContainsNot
vfs_left_109_2,commons-vfs,ProviderCacheStrategyTests,testManualCache_2_oe,commons-vfs2/src/test/java/org/apache/commons/vfs2/ProviderCacheStrategyTests.java,,,,assert,unknown,custom,assertContainsNot
vfs_left_109_3,commons-vfs,ProviderCacheStrategyTests,testManualCache_3_oe,commons-vfs2/src/test/java/org/apache/commons/vfs2/ProviderCacheStrategyTests.java,,,,assert,unknown,custom,assertContains
vfs_left_110_1,commons-vfs,ProviderCacheStrategyTests,testOnCallCache_1_oe,commons-vfs2/src/test/java/org/apache/commons/vfs2/ProviderCacheStrategyTests.java,,,,assert,unknown,custom,assertContainsNot
vfs_left_110_2,commons-vfs,ProviderCacheStrategyTests,testOnCallCache_2_oe,commons-vfs2/src/test/java/org/apache/commons/vfs2/ProviderCacheStrategyTests.java,,,,assert,unknown,custom,assertContains
vfs_left_111_1,commons-vfs,ProviderCacheStrategyTests,testOnResolveCache_1_oe,commons-vfs2/src/test/java/org/apache/commons/vfs2/ProviderCacheStrategyTests.java,,,,assert,unknown,custom,assertContainsNot
vfs_left_111_2,commons-vfs,ProviderCacheStrategyTests,testOnResolveCache_2_oe,commons-vfs2/src/test/java/org/apache/commons/vfs2/ProviderCacheStrategyTests.java,,,,assert,unknown,custom,assertContainsNot
vfs_left_111_3,commons-vfs,ProviderCacheStrategyTests,testOnResolveCache_3_oe,commons-vfs2/src/test/java/org/apache/commons/vfs2/ProviderCacheStrategyTests.java,,,,assert,unknown,custom,assertContains
vfs_left_112_1,commons-vfs,AbstractProviderTestCase,assertSameContent_1_oe,commons-vfs2/src/test/java/org/apache/commons/vfs2/AbstractProviderTestCase.java,,,,assert,unknown,custom,assertSameContent
vfs_left_112_2,commons-vfs,AbstractProviderTestCase,assertSameContent_2_oe,commons-vfs2/src/test/java/org/apache/commons/vfs2/AbstractProviderTestCase.java,,,,assert,unknown,standard,assertSame
vfs_left_112_3,commons-vfs,AbstractProviderTestCase,assertSameContent_3_oe,commons-vfs2/src/test/java/org/apache/commons/vfs2/AbstractProviderTestCase.java,,,,assert,unknown,standard,assertTrue
vfs_left_112_4,commons-vfs,AbstractProviderTestCase,assertSameContent_4_oe,commons-vfs2/src/test/java/org/apache/commons/vfs2/AbstractProviderTestCase.java,,,,assert,unknown,standard,assertEquals
vfs_left_112_5,commons-vfs,AbstractProviderTestCase,assertSameContent_5_oe,commons-vfs2/src/test/java/org/apache/commons/vfs2/AbstractProviderTestCase.java,,,,assert,unknown,standard,assertArrayEquals
vfs_left_113_1,commons-vfs,AbstractProviderTestCase,assertSameURLContent_1_oe,commons-vfs2/src/test/java/org/apache/commons/vfs2/AbstractProviderTestCase.java,,,,assert,unknown,custom,assertSameURLContent
vfs_left_113_2,commons-vfs,AbstractProviderTestCase,assertSameURLContent_2_oe,commons-vfs2/src/test/java/org/apache/commons/vfs2/AbstractProviderTestCase.java,,,,assert,unknown,standard,assertEquals
vfs_left_113_3,commons-vfs,AbstractProviderTestCase,assertSameURLContent_3_oe,commons-vfs2/src/test/java/org/apache/commons/vfs2/AbstractProviderTestCase.java,,,,assert,unknown,standard,assertArrayEquals
vfs_left_114_1,commons-vfs,AbstractProviderTestCase,getFileSystem_1_oe,commons-vfs2/src/test/java/org/apache/commons/vfs2/AbstractProviderTestCase.java,,,,assert,unknown,standard,assertNotNull
vfs_left_115_1,commons-vfs,AbstractProviderTestCase,setConfig_1_oe,commons-vfs2/src/test/java/org/apache/commons/vfs2/AbstractProviderTestCase.java,,,,assert,unknown,standard,assertNotNull
vfs_left_115_2,commons-vfs,AbstractProviderTestCase,setConfig_2_oe,commons-vfs2/src/test/java/org/apache/commons/vfs2/AbstractProviderTestCase.java,,,,assert,unknown,standard,assertNotNull
vfs_left_115_3,commons-vfs,AbstractProviderTestCase,setConfig_3_oe,commons-vfs2/src/test/java/org/apache/commons/vfs2/AbstractProviderTestCase.java,,,,assert,unknown,standard,assertNotNull
vfs_left_115_4,commons-vfs,AbstractProviderTestCase,setConfig_4_oe,commons-vfs2/src/test/java/org/apache/commons/vfs2/AbstractProviderTestCase.java,,,,assert,unknown,standard,assertNotNull
vfs_left_115_5,commons-vfs,AbstractProviderTestCase,setConfig_5_oe,commons-vfs2/src/test/java/org/apache/commons/vfs2/AbstractProviderTestCase.java,,,,assert,unknown,standard,assertNotNull
vfs_left_117_3,commons-vfs,FileIteratorTest,testIterator_3_oe,commons-vfs2/src/test/java/org/apache/commons/vfs2/FileIteratorTest.java,,,,assert,unknown,standard,assertEquals
vfs_left_117_4,commons-vfs,FileIteratorTest,testIterator_4_oe,commons-vfs2/src/test/java/org/apache/commons/vfs2/FileIteratorTest.java,,,,assert,unknown,standard,assertEquals
vfs_left_118_1,commons-vfs,VerifyingFileSelector,finish_1_oe,commons-vfs2/src/test/java/org/apache/commons/vfs2/VerifyingFileSelector.java,,,,assert,unknown,standard,assertEquals
vfs_left_119_1,commons-vfs,VerifyingFileSelector,getChild_1_oe,commons-vfs2/src/test/java/org/apache/commons/vfs2/VerifyingFileSelector.java,,,,assert,unknown,standard,assertEquals
vfs_left_119_2,commons-vfs,VerifyingFileSelector,getChild_2_oe,commons-vfs2/src/test/java/org/apache/commons/vfs2/VerifyingFileSelector.java,,,,assert,unknown,standard,assertNotNull
vfs_left_120_1,commons-vfs,VerifyingFileSelector,includeFile_1_oe,commons-vfs2/src/test/java/org/apache/commons/vfs2/VerifyingFileSelector.java,,,,assert,unknown,standard,assertEquals
vfs_left_120_2,commons-vfs,VerifyingFileSelector,includeFile_2_oe,commons-vfs2/src/test/java/org/apache/commons/vfs2/VerifyingFileSelector.java,,,,assert,unknown,standard,assertSame
vfs_left_120_3,commons-vfs,VerifyingFileSelector,includeFile_3_oe,commons-vfs2/src/test/java/org/apache/commons/vfs2/VerifyingFileSelector.java,,,,assert,unknown,standard,assertTrue
vfs_left_121_1,commons-vfs,VerifyingFileSelector,traverseDescendents_1_oe,commons-vfs2/src/test/java/org/apache/commons/vfs2/VerifyingFileSelector.java,,,,assert,unknown,standard,assertSame
vfs_left_121_2,commons-vfs,VerifyingFileSelector,traverseDescendents_2_oe,commons-vfs2/src/test/java/org/apache/commons/vfs2/VerifyingFileSelector.java,,,,assert,unknown,standard,assertTrue
vfs_left_121_3,commons-vfs,VerifyingFileSelector,traverseDescendents_3_oe,commons-vfs2/src/test/java/org/apache/commons/vfs2/VerifyingFileSelector.java,,,,assert,unknown,standard,assertEquals
vfs_left_121_4,commons-vfs,VerifyingFileSelector,traverseDescendents_4_oe,commons-vfs2/src/test/java/org/apache/commons/vfs2/VerifyingFileSelector.java,,,,assert,unknown,standard,assertSame
vfs_left_121_5,commons-vfs,VerifyingFileSelector,traverseDescendents_5_oe,commons-vfs2/src/test/java/org/apache/commons/vfs2/VerifyingFileSelector.java,,,,assert,unknown,standard,assertSame
vfs_left_126_1,commons-vfs,AbstractVfsTestCase,assertSameMessage_1_oe,commons-vfs2/src/test/java/org/apache/commons/vfs2/AbstractVfsTestCase.java,,,,assert,unknown,custom,assertSameMessage
vfs_left_127_1,commons-vfs,AbstractVfsTestCase,assertSameMessage_1_oe,commons-vfs2/src/test/java/org/apache/commons/vfs2/AbstractVfsTestCase.java,,,,assert,unknown,custom,assertSameMessage
vfs_left_127_2,commons-vfs,AbstractVfsTestCase,assertSameMessage_2_oe,commons-vfs2/src/test/java/org/apache/commons/vfs2/AbstractVfsTestCase.java,,,,assert,unknown,standard,assertEquals
vfs_left_127_3,commons-vfs,AbstractVfsTestCase,assertSameMessage_3_oe,commons-vfs2/src/test/java/org/apache/commons/vfs2/AbstractVfsTestCase.java,,,,assert,unknown,standard,assertEquals
vfs_left_127_4,commons-vfs,AbstractVfsTestCase,assertSameMessage_4_oe,commons-vfs2/src/test/java/org/apache/commons/vfs2/AbstractVfsTestCase.java,,,,assert,unknown,standard,assertEquals
vfs_left_127_5,commons-vfs,AbstractVfsTestCase,assertSameMessage_5_oe,commons-vfs2/src/test/java/org/apache/commons/vfs2/AbstractVfsTestCase.java,,,,assert,unknown,standard,assertEquals
vfs_left_128_1,commons-vfs,AbstractVfsTestCase,getTestDirectory_1_oe,commons-vfs2/src/test/java/org/apache/commons/vfs2/AbstractVfsTestCase.java,,,,assert,unknown,standard,assertTrue
vfs_left_129_1,commons-vfs,AbstractVfsTestCase,getTestResource_1_oe,commons-vfs2/src/test/java/org/apache/commons/vfs2/AbstractVfsTestCase.java,,,,assert,unknown,standard,assertTrue
vfs_left_129_2,commons-vfs,AbstractVfsTestCase,getTestResource_2_oe,commons-vfs2/src/test/java/org/apache/commons/vfs2/AbstractVfsTestCase.java,,,,assert,unknown,standard,assertFalse
vfs_left_140_1,commons-vfs,ProviderDeleteTests,testDeleteAllFiles_1_oe,commons-vfs2/src/test/java/org/apache/commons/vfs2/ProviderDeleteTests.java,,,,assert,unknown,standard,assertEquals
vfs_left_141_1,commons-vfs,ProviderDeleteTests,testDeleteFile_1_oe,commons-vfs2/src/test/java/org/apache/commons/vfs2/ProviderDeleteTests.java,,,,assert,unknown,standard,assertTrue
vfs_left_142_1,commons-vfs,ProviderDeleteTests,testDeleteFiles_1_oe,commons-vfs2/src/test/java/org/apache/commons/vfs2/ProviderDeleteTests.java,,,,assert,unknown,standard,assertEquals
vfs_left_143_1,commons-vfs,ProviderDeleteTests,testDeleteNonExistantFile_1_oe,commons-vfs2/src/test/java/org/apache/commons/vfs2/ProviderDeleteTests.java,,,,assert,unknown,standard,assertFalse
vfs_left_144_1,commons-vfs,ProviderDeleteTests,testDeleteOneFiles_1_oe,commons-vfs2/src/test/java/org/apache/commons/vfs2/ProviderDeleteTests.java,,,,assert,unknown,standard,assertEquals
vfs_left_147_1,commons-vfs,ProviderRandomReadTests,testRandomRead_1_oe,commons-vfs2/src/test/java/org/apache/commons/vfs2/ProviderRandomReadTests.java,,,,assert,unknown,standard,assertEquals
vfs_left_147_2,commons-vfs,ProviderRandomReadTests,testRandomRead_2_oe,commons-vfs2/src/test/java/org/apache/commons/vfs2/ProviderRandomReadTests.java,,,,assert,unknown,standard,assertEquals
vfs_left_147_3,commons-vfs,ProviderRandomReadTests,testRandomRead_3_oe,commons-vfs2/src/test/java/org/apache/commons/vfs2/ProviderRandomReadTests.java,,,,assert,unknown,standard,assertEquals
vfs_left_147_4,commons-vfs,ProviderRandomReadTests,testRandomRead_4_oe,commons-vfs2/src/test/java/org/apache/commons/vfs2/ProviderRandomReadTests.java,,,,assert,unknown,standard,assertEquals
vfs_left_147_5,commons-vfs,ProviderRandomReadTests,testRandomRead_5_oe,commons-vfs2/src/test/java/org/apache/commons/vfs2/ProviderRandomReadTests.java,,,,assert,unknown,standard,assertEquals
vfs_left_147_6,commons-vfs,ProviderRandomReadTests,testRandomRead_6_oe,commons-vfs2/src/test/java/org/apache/commons/vfs2/ProviderRandomReadTests.java,,,,assert,unknown,standard,assertEquals
vfs_left_147_7,commons-vfs,ProviderRandomReadTests,testRandomRead_7_oe,commons-vfs2/src/test/java/org/apache/commons/vfs2/ProviderRandomReadTests.java,,,,assert,unknown,standard,assertEquals
vfs_left_147_8,commons-vfs,ProviderRandomReadTests,testRandomRead_8_oe,commons-vfs2/src/test/java/org/apache/commons/vfs2/ProviderRandomReadTests.java,,,,assert,unknown,standard,assertEquals
vfs_left_147_9,commons-vfs,ProviderRandomReadTests,testRandomRead_9_oe,commons-vfs2/src/test/java/org/apache/commons/vfs2/ProviderRandomReadTests.java,,,,assert,unknown,standard,assertEquals
vfs_left_147_10,commons-vfs,ProviderRandomReadTests,testRandomRead_10_oe,commons-vfs2/src/test/java/org/apache/commons/vfs2/ProviderRandomReadTests.java,,,,assert,unknown,standard,assertEquals
vfs_left_147_11,commons-vfs,ProviderRandomReadTests,testRandomRead_11_oe,commons-vfs2/src/test/java/org/apache/commons/vfs2/ProviderRandomReadTests.java,,,,assert,unknown,standard,assertEquals
vfs_left_147_12,commons-vfs,ProviderRandomReadTests,testRandomRead_12_oe,commons-vfs2/src/test/java/org/apache/commons/vfs2/ProviderRandomReadTests.java,,,,assert,unknown,standard,assertEquals
vfs_left_147_13,commons-vfs,ProviderRandomReadTests,testRandomRead_13_oe,commons-vfs2/src/test/java/org/apache/commons/vfs2/ProviderRandomReadTests.java,,,,assert,unknown,standard,assertEquals
vfs_left_147_14,commons-vfs,ProviderRandomReadTests,testRandomRead_14_oe,commons-vfs2/src/test/java/org/apache/commons/vfs2/ProviderRandomReadTests.java,,,,assert,unknown,standard,assertEquals
vfs_left_148_1,commons-vfs,FileSystemManagerFactoryTestCase,check_1_oe,commons-vfs2/src/test/java/org/apache/commons/vfs2/FileSystemManagerFactoryTestCase.java,,,,assert,unknown,standard,assertNotNull
vfs_left_148_2,commons-vfs,FileSystemManagerFactoryTestCase,check_2_oe,commons-vfs2/src/test/java/org/apache/commons/vfs2/FileSystemManagerFactoryTestCase.java,,,,assert,unknown,standard,assertTrue
vfs_left_148_3,commons-vfs,FileSystemManagerFactoryTestCase,check_3_oe,commons-vfs2/src/test/java/org/apache/commons/vfs2/FileSystemManagerFactoryTestCase.java,,,,assert,unknown,standard,assertSame
vfs_left_148_4,commons-vfs,FileSystemManagerFactoryTestCase,check_4_oe,commons-vfs2/src/test/java/org/apache/commons/vfs2/FileSystemManagerFactoryTestCase.java,,,,assert,unknown,standard,assertTrue
vfs_left_148_5,commons-vfs,FileSystemManagerFactoryTestCase,check_5_oe,commons-vfs2/src/test/java/org/apache/commons/vfs2/FileSystemManagerFactoryTestCase.java,,,,assert,unknown,standard,assertNotNull
vfs_left_148_6,commons-vfs,FileSystemManagerFactoryTestCase,check_6_oe,commons-vfs2/src/test/java/org/apache/commons/vfs2/FileSystemManagerFactoryTestCase.java,,,,assert,unknown,standard,assertTrue
vfs_left_148_7,commons-vfs,FileSystemManagerFactoryTestCase,check_7_oe,commons-vfs2/src/test/java/org/apache/commons/vfs2/FileSystemManagerFactoryTestCase.java,,,,assert,unknown,standard,assertSame
vfs_left_148_8,commons-vfs,FileSystemManagerFactoryTestCase,check_8_oe,commons-vfs2/src/test/java/org/apache/commons/vfs2/FileSystemManagerFactoryTestCase.java,,,,assert,unknown,standard,assertTrue
vfs_left_149_1,commons-vfs,LastModifiedTests,assertDeltaMillis_1_oe,commons-vfs2/src/test/java/org/apache/commons/vfs2/LastModifiedTests.java,,,,assert,unknown,custom,assertDeltaMillis
vfs_left_149_2,commons-vfs,LastModifiedTests,assertDeltaMillis_2_oe,commons-vfs2/src/test/java/org/apache/commons/vfs2/LastModifiedTests.java,,,,assert,unknown,standard,fail
vfs_left_150_1,commons-vfs,LastModifiedTests,assertEqualMillis_1_oe,commons-vfs2/src/test/java/org/apache/commons/vfs2/LastModifiedTests.java,,,,assert,unknown,custom,assertEqualMillis
vfs_left_150_2,commons-vfs,LastModifiedTests,assertEqualMillis_2_oe,commons-vfs2/src/test/java/org/apache/commons/vfs2/LastModifiedTests.java,,,,assert,unknown,standard,fail
vfs_left_151_1,commons-vfs,LastModifiedTests,testGetAccurary_1_oe,commons-vfs2/src/test/java/org/apache/commons/vfs2/LastModifiedTests.java,,,,assert,unknown,standard,assertTrue
vfs_left_151_2,commons-vfs,LastModifiedTests,testGetAccurary_2_oe,commons-vfs2/src/test/java/org/apache/commons/vfs2/LastModifiedTests.java,,,,assert,unknown,standard,assertTrue
vfs_left_152_1,commons-vfs,LastModifiedTests,testGetLastModifiedFile_1_oe,commons-vfs2/src/test/java/org/apache/commons/vfs2/LastModifiedTests.java,,,,assert,unknown,standard,assertNotEquals
vfs_left_153_1,commons-vfs,LastModifiedTests,testGetLastModifiedFolder_1_oe,commons-vfs2/src/test/java/org/apache/commons/vfs2/LastModifiedTests.java,,,,assert,unknown,standard,assertNotEquals
vfs_left_154_1,commons-vfs,LastModifiedTests,testSetLastModifiedFile_1_oe,commons-vfs2/src/test/java/org/apache/commons/vfs2/LastModifiedTests.java,,,,assert,unknown,custom,assertDeltaMillis
vfs_left_155_1,commons-vfs,LastModifiedTests,testSetLastModifiedFolder_1_oe,commons-vfs2/src/test/java/org/apache/commons/vfs2/LastModifiedTests.java,,,,assert,unknown,custom,assertDeltaMillis
vfs_left_156_1,commons-vfs,FileObjectEscapeCharacterInPathTest,testToFile_1_oe,commons-vfs2/src/test/java/org/apache/commons/vfs2/FileObjectEscapeCharacterInPathTest.java,,,,assert,unknown,standard,assertNotNull
vfs_left_156_2,commons-vfs,FileObjectEscapeCharacterInPathTest,testToFile_2_oe,commons-vfs2/src/test/java/org/apache/commons/vfs2/FileObjectEscapeCharacterInPathTest.java,,,,assert,unknown,standard,assertEquals
vfs_left_156_3,commons-vfs,FileObjectEscapeCharacterInPathTest,testToFile_3_oe,commons-vfs2/src/test/java/org/apache/commons/vfs2/FileObjectEscapeCharacterInPathTest.java,,,,assert,unknown,standard,assertNotNull
vfs_left_156_4,commons-vfs,FileObjectEscapeCharacterInPathTest,testToFile_4_oe,commons-vfs2/src/test/java/org/apache/commons/vfs2/FileObjectEscapeCharacterInPathTest.java,,,,assert,unknown,standard,assertEquals
vfs_left_157_1,commons-vfs,MyFileOperationProviderComp,setContext_1_oe,,,,,assert,unknown,standard,assertNotNull
vfs_left_158_1,commons-vfs,MyFileOperationProviderComp,setLogger_1_oe,,,,,assert,unknown,standard,assertNotNull
vfs_left_159_1,commons-vfs,MyFileOprationProviderBase,collectOperations_1_oe,,,,,assert,unknown,standard,assertNotNull
vfs_left_159_2,commons-vfs,MyFileOprationProviderBase,collectOperations_2_oe,,,,,assert,unknown,standard,assertNotNull
vfs_left_160_1,commons-vfs,MyFileOprationProviderBase,getOperation_1_oe,,,,,assert,unknown,standard,assertNotNull
vfs_left_160_2,commons-vfs,MyFileOprationProviderBase,getOperation_2_oe,,,,,assert,unknown,standard,assertNotNull
vfs_left_164_2,commons-vfs,BasicOperationsTestCase,testNotFoundOperation_2_oe,commons-vfs2/src/test/java/org/apache/commons/vfs2/operations/BasicOperationsTestCase.java,,,,assert,unknown,standard,fail
vfs_left_175_1,commons-vfs,DefaultFileContentTest,testMarkingWhenReadingEOS_1_oe,commons-vfs2/src/test/java/org/apache/commons/vfs2/provider/DefaultFileContentTest.java,,,,assert,unknown,standard,assertEquals
vfs_left_175_2,commons-vfs,DefaultFileContentTest,testMarkingWhenReadingEOS_2_oe,commons-vfs2/src/test/java/org/apache/commons/vfs2/provider/DefaultFileContentTest.java,,,,assert,unknown,standard,assertEquals
vfs_left_176_1,commons-vfs,DefaultFileContentTest,testMarkingWorks_1_oe,commons-vfs2/src/test/java/org/apache/commons/vfs2/provider/DefaultFileContentTest.java,,,,assert,unknown,standard,assertEquals
vfs_left_177_1,commons-vfs,DefaultFileContentTest,testStreamClosedInADifferentThread_1_oe,commons-vfs2/src/test/java/org/apache/commons/vfs2/provider/DefaultFileContentTest.java,,,,assert,unknown,standard,assertTrue
vfs_left_180_1,commons-vfs,RegexFileFilterTestCase,testPatternNullArgConstruction_1_oe,commons-vfs2/src/test/java/org/apache/commons/vfs2/filter/RegexFileFilterTestCase.java,,,,assert,unknown,standard,fail
vfs_left_182_1,commons-vfs,RegexFileFilterTestCase,testStringIOCaseNullArgConstruction_1_oe,commons-vfs2/src/test/java/org/apache/commons/vfs2/filter/RegexFileFilterTestCase.java,,,,assert,unknown,standard,fail
vfs_left_183_1,commons-vfs,RegexFileFilterTestCase,testStringNullArgConstruction_1_oe,commons-vfs2/src/test/java/org/apache/commons/vfs2/filter/RegexFileFilterTestCase.java,,,,assert,unknown,standard,fail
vfs_left_184_1,commons-vfs,RegexFileFilterTestCase,testStringPatternNullArgConstruction_1_oe,commons-vfs2/src/test/java/org/apache/commons/vfs2/filter/RegexFileFilterTestCase.java,,,,assert,unknown,standard,fail
vfs_left_192_1,commons-vfs,BaseFilterTest,assertContains_1_oe,commons-vfs2/src/test/java/org/apache/commons/vfs2/filter/BaseFilterTest.java,,,,assert,unknown,custom,assertContains
vfs_left_193_1,commons-vfs,BaseFilterTest,assertContainsOnly_1_oe,commons-vfs2/src/test/java/org/apache/commons/vfs2/filter/BaseFilterTest.java,,,,assert,unknown,custom,assertContainsOnly
vfs_left_193_2,commons-vfs,BaseFilterTest,assertContainsOnly_2_oe,commons-vfs2/src/test/java/org/apache/commons/vfs2/filter/BaseFilterTest.java,,,,assert,unknown,standard,assertEquals
vfs_left_194_1,commons-vfs,BaseFilterTest,assertContains_1_oe,commons-vfs2/src/test/java/org/apache/commons/vfs2/filter/BaseFilterTest.java,,,,assert,unknown,custom,assertContains
vfs_left_259_1,commons-vfs,DefaultFileSystemManagerTest,testCreateFileSystem_1_oe,commons-vfs2/src/test/java/org/apache/commons/vfs2/impl/DefaultFileSystemManagerTest.java,,,,assert,unknown,standard,assertEquals
vfs_left_262_1,commons-vfs,MockClassloader,findClass_1_oe,,,,,assert,unknown,standard,fail
vfs_left_263_1,commons-vfs,VfsClassLoaderTests,testGetResourcesJARs_1_oe,commons-vfs2/src/test/java/org/apache/commons/vfs2/impl/VfsClassLoaderTests.java,,,,assert,unknown,standard,assertSame
vfs_left_263_2,commons-vfs,VfsClassLoaderTests,testGetResourcesJARs_2_oe,commons-vfs2/src/test/java/org/apache/commons/vfs2/impl/VfsClassLoaderTests.java,,,,assert,unknown,standard,assertSame
vfs_left_263_3,commons-vfs,VfsClassLoaderTests,testGetResourcesJARs_3_oe,commons-vfs2/src/test/java/org/apache/commons/vfs2/impl/VfsClassLoaderTests.java,,,,assert,unknown,standard,assertTrue
vfs_left_263_4,commons-vfs,VfsClassLoaderTests,testGetResourcesJARs_4_oe,commons-vfs2/src/test/java/org/apache/commons/vfs2/impl/VfsClassLoaderTests.java,,,,assert,unknown,standard,assertTrue
vfs_left_264_1,commons-vfs,VfsClassLoaderTests,testGetResourcesNoLayerLocal_1_oe,commons-vfs2/src/test/java/org/apache/commons/vfs2/impl/VfsClassLoaderTests.java,,,,assert,unknown,standard,assertSame
vfs_left_264_2,commons-vfs,VfsClassLoaderTests,testGetResourcesNoLayerLocal_2_oe,commons-vfs2/src/test/java/org/apache/commons/vfs2/impl/VfsClassLoaderTests.java,,,,assert,unknown,standard,assertFalse
vfs_left_264_3,commons-vfs,VfsClassLoaderTests,testGetResourcesNoLayerLocal_3_oe,commons-vfs2/src/test/java/org/apache/commons/vfs2/impl/VfsClassLoaderTests.java,,,,assert,unknown,standard,assertFalse
vfs_left_264_4,commons-vfs,VfsClassLoaderTests,testGetResourcesNoLayerLocal_4_oe,commons-vfs2/src/test/java/org/apache/commons/vfs2/impl/VfsClassLoaderTests.java,,,,assert,unknown,standard,assertTrue
vfs_left_265_1,commons-vfs,VfsClassLoaderTests,testLoadClass_1_oe,commons-vfs2/src/test/java/org/apache/commons/vfs2/impl/VfsClassLoaderTests.java,,,,assert,unknown,standard,assertEquals
vfs_left_265_2,commons-vfs,VfsClassLoaderTests,testLoadClass_2_oe,commons-vfs2/src/test/java/org/apache/commons/vfs2/impl/VfsClassLoaderTests.java,,,,assert,unknown,standard,assertEquals
vfs_left_266_1,commons-vfs,VfsClassLoaderTests,testLoadResource_1_oe,commons-vfs2/src/test/java/org/apache/commons/vfs2/impl/VfsClassLoaderTests.java,,,,assert,unknown,standard,assertNotNull
vfs_left_266_2,commons-vfs,VfsClassLoaderTests,testLoadResource_2_oe,commons-vfs2/src/test/java/org/apache/commons/vfs2/impl/VfsClassLoaderTests.java,,,,assert,unknown,custom,assertSameURLContent
vfs_left_267_1,commons-vfs,VfsClassLoaderTests,testSealing_1_oe,commons-vfs2/src/test/java/org/apache/commons/vfs2/impl/VfsClassLoaderTests.java,,,,assert,unknown,standard,assertEquals
vfs_left_268_1,commons-vfs,VfsClassLoaderTests,verifyPackage_1_oe,commons-vfs2/src/test/java/org/apache/commons/vfs2/impl/VfsClassLoaderTests.java,,,,assert,unknown,standard,assertEquals
vfs_left_268_2,commons-vfs,VfsClassLoaderTests,verifyPackage_2_oe,commons-vfs2/src/test/java/org/apache/commons/vfs2/impl/VfsClassLoaderTests.java,,,,assert,unknown,standard,assertEquals
vfs_left_268_3,commons-vfs,VfsClassLoaderTests,verifyPackage_3_oe,commons-vfs2/src/test/java/org/apache/commons/vfs2/impl/VfsClassLoaderTests.java,,,,assert,unknown,standard,assertEquals
vfs_left_268_4,commons-vfs,VfsClassLoaderTests,verifyPackage_4_oe,commons-vfs2/src/test/java/org/apache/commons/vfs2/impl/VfsClassLoaderTests.java,,,,assert,unknown,standard,assertEquals
vfs_left_268_5,commons-vfs,VfsClassLoaderTests,verifyPackage_5_oe,commons-vfs2/src/test/java/org/apache/commons/vfs2/impl/VfsClassLoaderTests.java,,,,assert,unknown,standard,assertEquals
vfs_left_268_6,commons-vfs,VfsClassLoaderTests,verifyPackage_6_oe,commons-vfs2/src/test/java/org/apache/commons/vfs2/impl/VfsClassLoaderTests.java,,,,assert,unknown,standard,assertEquals
vfs_left_268_7,commons-vfs,VfsClassLoaderTests,verifyPackage_7_oe,commons-vfs2/src/test/java/org/apache/commons/vfs2/impl/VfsClassLoaderTests.java,,,,assert,unknown,standard,assertEquals
vfs_left_268_8,commons-vfs,VfsClassLoaderTests,verifyPackage_8_oe,commons-vfs2/src/test/java/org/apache/commons/vfs2/impl/VfsClassLoaderTests.java,,,,assert,unknown,standard,assertNull
vfs_left_268_9,commons-vfs,VfsClassLoaderTests,verifyPackage_9_oe,commons-vfs2/src/test/java/org/apache/commons/vfs2/impl/VfsClassLoaderTests.java,,,,assert,unknown,standard,assertNull
vfs_left_268_10,commons-vfs,VfsClassLoaderTests,verifyPackage_10_oe,commons-vfs2/src/test/java/org/apache/commons/vfs2/impl/VfsClassLoaderTests.java,,,,assert,unknown,standard,assertNull
vfs_left_268_11,commons-vfs,VfsClassLoaderTests,verifyPackage_11_oe,commons-vfs2/src/test/java/org/apache/commons/vfs2/impl/VfsClassLoaderTests.java,,,,assert,unknown,standard,assertNull
vfs_left_268_12,commons-vfs,VfsClassLoaderTests,verifyPackage_12_oe,commons-vfs2/src/test/java/org/apache/commons/vfs2/impl/VfsClassLoaderTests.java,,,,assert,unknown,standard,assertNull
vfs_left_268_13,commons-vfs,VfsClassLoaderTests,verifyPackage_13_oe,commons-vfs2/src/test/java/org/apache/commons/vfs2/impl/VfsClassLoaderTests.java,,,,assert,unknown,standard,assertNull
vfs_left_268_14,commons-vfs,VfsClassLoaderTests,verifyPackage_14_oe,commons-vfs2/src/test/java/org/apache/commons/vfs2/impl/VfsClassLoaderTests.java,,,,assert,unknown,standard,assertFalse
vfs_left_269_1,commons-vfs,DefaultFileMonitorTest,deleteTestFileIfPresent_1_oe,commons-vfs2/src/test/java/org/apache/commons/vfs2/impl/DefaultFileMonitorTest.java,,,,assert,unknown,standard,assertTrue
vfs_left_270_1,commons-vfs,DefaultFileMonitorTest,ignore_testAddRemove_1_oe,commons-vfs2/src/test/java/org/apache/commons/vfs2/impl/DefaultFileMonitorTest.java,,,,assert,unknown,standard,assertEquals
vfs_left_271_1,commons-vfs,DefaultFileMonitorTest,ignore_testStartStop_1_oe,commons-vfs2/src/test/java/org/apache/commons/vfs2/impl/DefaultFileMonitorTest.java,,,,assert,unknown,standard,assertEquals
vfs_left_271_2,commons-vfs,DefaultFileMonitorTest,ignore_testStartStop_2_oe,commons-vfs2/src/test/java/org/apache/commons/vfs2/impl/DefaultFileMonitorTest.java,,,,assert,unknown,standard,assertEquals
vfs_left_272_1,commons-vfs,DefaultFileMonitorTest,testChildFileDeletedWithoutRecursiveChecking_1_oe,commons-vfs2/src/test/java/org/apache/commons/vfs2/impl/DefaultFileMonitorTest.java,,,,assert,unknown,standard,assertEquals
vfs_left_273_1,commons-vfs,DefaultFileMonitorTest,testFileModified_1_oe,commons-vfs2/src/test/java/org/apache/commons/vfs2/impl/DefaultFileMonitorTest.java,,,,assert,unknown,standard,assertTrue
vfs_left_274_1,commons-vfs,DefaultFileMonitorTest,waitFor_1_oe,commons-vfs2/src/test/java/org/apache/commons/vfs2/impl/DefaultFileMonitorTest.java,,,,assert,unknown,standard,assertTrue
vfs_left_274_2,commons-vfs,DefaultFileMonitorTest,waitFor_2_oe,commons-vfs2/src/test/java/org/apache/commons/vfs2/impl/DefaultFileMonitorTest.java,,,,assert,unknown,standard,assertEquals
vfs_left_276_1,commons-vfs,FileObjectUtilsTest,assertProperties_1_oe,commons-vfs2/src/test/java/org/apache/commons/vfs2/util/FileObjectUtilsTest.java,,,,assert,unknown,custom,assertProperties
vfs_left_276_2,commons-vfs,FileObjectUtilsTest,assertProperties_2_oe,commons-vfs2/src/test/java/org/apache/commons/vfs2/util/FileObjectUtilsTest.java,,,,assert,unknown,standard,assertEquals
vfs_left_276_3,commons-vfs,FileObjectUtilsTest,assertProperties_3_oe,commons-vfs2/src/test/java/org/apache/commons/vfs2/util/FileObjectUtilsTest.java,,,,assert,unknown,standard,assertEquals
vfs_left_288_1,commons-vfs,DelegatingFileSystemOptionsBuilderTest,testDelegatingBad_1_oe,commons-vfs2/src/test/java/org/apache/commons/vfs2/util/DelegatingFileSystemOptionsBuilderTest.java,,,,assert,unknown,standard,fail
vfs_left_288_4,commons-vfs,DelegatingFileSystemOptionsBuilderTest,testDelegatingBad_4_oe,commons-vfs2/src/test/java/org/apache/commons/vfs2/util/DelegatingFileSystemOptionsBuilderTest.java,,,,assert,unknown,standard,fail
vfs_left_290_1,commons-vfs,DefaultFilesCacheTests,testFilesCache_1_oe,commons-vfs2/src/test/java/org/apache/commons/vfs2/cache/DefaultFilesCacheTests.java,,,,assert,unknown,standard,assertSame
vfs_left_290_2,commons-vfs,DefaultFilesCacheTests,testFilesCache_2_oe,commons-vfs2/src/test/java/org/apache/commons/vfs2/cache/DefaultFilesCacheTests.java,,,,assert,unknown,standard,assertEquals
vfs_left_293_1,commons-vfs,NullFilesCacheTests,testBasicCacheOps_1_oe,commons-vfs2/src/test/java/org/apache/commons/vfs2/cache/NullFilesCacheTests.java,,,,assert,unknown,standard,assertNotNull
vfs_left_293_2,commons-vfs,NullFilesCacheTests,testBasicCacheOps_2_oe,commons-vfs2/src/test/java/org/apache/commons/vfs2/cache/NullFilesCacheTests.java,,,,assert,unknown,standard,assertNull
vfs_left_293_3,commons-vfs,NullFilesCacheTests,testBasicCacheOps_3_oe,commons-vfs2/src/test/java/org/apache/commons/vfs2/cache/NullFilesCacheTests.java,,,,assert,unknown,standard,assertNull
vfs_left_293_4,commons-vfs,NullFilesCacheTests,testBasicCacheOps_4_oe,commons-vfs2/src/test/java/org/apache/commons/vfs2/cache/NullFilesCacheTests.java,,,,assert,unknown,standard,assertFalse
vfs_left_293_5,commons-vfs,NullFilesCacheTests,testBasicCacheOps_5_oe,commons-vfs2/src/test/java/org/apache/commons/vfs2/cache/NullFilesCacheTests.java,,,,assert,unknown,standard,assertNull
vfs_left_294_1,commons-vfs,NullFilesCacheTests,testClass_1_oe,commons-vfs2/src/test/java/org/apache/commons/vfs2/cache/NullFilesCacheTests.java,,,,assert,unknown,standard,assertNotNull
vfs_left_294_2,commons-vfs,NullFilesCacheTests,testClass_2_oe,commons-vfs2/src/test/java/org/apache/commons/vfs2/cache/NullFilesCacheTests.java,,,,assert,unknown,standard,assertTrue
vfs_left_295_1,commons-vfs,NullFilesCacheTests,testFilesCache_1_oe,commons-vfs2/src/test/java/org/apache/commons/vfs2/cache/NullFilesCacheTests.java,,,,assert,unknown,standard,assertNotNull
vfs_left_295_2,commons-vfs,NullFilesCacheTests,testFilesCache_2_oe,commons-vfs2/src/test/java/org/apache/commons/vfs2/cache/NullFilesCacheTests.java,,,,assert,unknown,standard,assertNotSame
vfs_left_296_1,commons-vfs,SoftRefFilesCacheTests,testFilesCache_1_oe,commons-vfs2/src/test/java/org/apache/commons/vfs2/cache/SoftRefFilesCacheTests.java,,,,assert,unknown,standard,assertSame
vfs_left_297_1,commons-vfs,SoftRefFilesCacheTests,testFilesCacheClass_1_oe,commons-vfs2/src/test/java/org/apache/commons/vfs2/cache/SoftRefFilesCacheTests.java,,,,assert,unknown,standard,assertTrue
vfs_left_298_1,commons-vfs,LRUFilesCacheTests,testClass_1_oe,commons-vfs2/src/test/java/org/apache/commons/vfs2/cache/LRUFilesCacheTests.java,,,,assert,unknown,standard,assertNotNull
vfs_left_298_2,commons-vfs,LRUFilesCacheTests,testClass_2_oe,commons-vfs2/src/test/java/org/apache/commons/vfs2/cache/LRUFilesCacheTests.java,,,,assert,unknown,standard,assertTrue
vfs_left_299_1,commons-vfs,LRUFilesCacheTests,testFilesCache_1_oe,commons-vfs2/src/test/java/org/apache/commons/vfs2/cache/LRUFilesCacheTests.java,,,,assert,unknown,standard,assertNotNull
vfs_left_299_2,commons-vfs,LRUFilesCacheTests,testFilesCache_2_oe,commons-vfs2/src/test/java/org/apache/commons/vfs2/cache/LRUFilesCacheTests.java,,,,assert,unknown,standard,assertSame
vfs_left_299_3,commons-vfs,LRUFilesCacheTests,testFilesCache_3_oe,commons-vfs2/src/test/java/org/apache/commons/vfs2/cache/LRUFilesCacheTests.java,,,,assert,unknown,standard,assertNotSame
vfs_left_300_1,commons-vfs,WeakRefFilesCacheTests,testClass_1_oe,commons-vfs2/src/test/java/org/apache/commons/vfs2/cache/WeakRefFilesCacheTests.java,,,,assert,unknown,standard,assertTrue
vfs_left_301_1,commons-vfs,WeakRefFilesCacheTests,testFilesCache_1_oe,commons-vfs2/src/test/java/org/apache/commons/vfs2/cache/WeakRefFilesCacheTests.java,,,,assert,unknown,standard,assertSame
vfs_left_309_2,commons-vfs,CustomRamProviderTest,testReadNonEmptyFileByteByByte_2_oe,commons-vfs2/src/test/java/org/apache/commons/vfs2/provider/ram/CustomRamProviderTest.java,,,,assert,unknown,standard,assertEquals
vfs_left_309_3,commons-vfs,CustomRamProviderTest,testReadNonEmptyFileByteByByte_3_oe,commons-vfs2/src/test/java/org/apache/commons/vfs2/provider/ram/CustomRamProviderTest.java,,,,assert,unknown,standard,assertEquals
vfs_left_309_4,commons-vfs,CustomRamProviderTest,testReadNonEmptyFileByteByByte_4_oe,commons-vfs2/src/test/java/org/apache/commons/vfs2/provider/ram/CustomRamProviderTest.java,,,,assert,unknown,standard,assertEquals
vfs_left_310_2,commons-vfs,CustomRamProviderTest,testReadNonEmptyFileIntoBuffer_2_oe,commons-vfs2/src/test/java/org/apache/commons/vfs2/provider/ram/CustomRamProviderTest.java,,,,assert,unknown,standard,assertArrayEquals
vfs_left_310_3,commons-vfs,CustomRamProviderTest,testReadNonEmptyFileIntoBuffer_3_oe,commons-vfs2/src/test/java/org/apache/commons/vfs2/provider/ram/CustomRamProviderTest.java,,,,assert,unknown,standard,assertEquals
vfs_left_311_2,commons-vfs,CustomRamProviderTest,testReadNonEmptyFileIntoBufferWithOffsetAndLength_2_oe,commons-vfs2/src/test/java/org/apache/commons/vfs2/provider/ram/CustomRamProviderTest.java,,,,assert,unknown,standard,assertArrayEquals
vfs_left_311_3,commons-vfs,CustomRamProviderTest,testReadNonEmptyFileIntoBufferWithOffsetAndLength_3_oe,commons-vfs2/src/test/java/org/apache/commons/vfs2/provider/ram/CustomRamProviderTest.java,,,,assert,unknown,standard,assertEquals
vfs_left_312_2,commons-vfs,CustomRamProviderTest,testRootFolderExists_2_oe,commons-vfs2/src/test/java/org/apache/commons/vfs2/provider/ram/CustomRamProviderTest.java,,,,assert,unknown,standard,fail
vfs_left_314_2,commons-vfs,CustomRamProviderTest,testSmallFS_2_oe,commons-vfs2/src/test/java/org/apache/commons/vfs2/provider/ram/CustomRamProviderTest.java,,,,assert,unknown,standard,fail
vfs_left_316_1,commons-vfs,HdfsFileProviderTest,createTestFile_1_oe,commons-vfs2/src/test/java/org/apache/commons/vfs2/provider/hdfs/HdfsFileProviderTest.java,,,,assert,unknown,standard,assertNotNull
vfs_left_316_2,commons-vfs,HdfsFileProviderTest,createTestFile_2_oe,commons-vfs2/src/test/java/org/apache/commons/vfs2/provider/hdfs/HdfsFileProviderTest.java,,,,assert,unknown,standard,assertTrue
vfs_left_316_3,commons-vfs,HdfsFileProviderTest,createTestFile_3_oe,commons-vfs2/src/test/java/org/apache/commons/vfs2/provider/hdfs/HdfsFileProviderTest.java,,,,assert,unknown,standard,assertEquals
vfs_left_316_4,commons-vfs,HdfsFileProviderTest,createTestFile_4_oe,commons-vfs2/src/test/java/org/apache/commons/vfs2/provider/hdfs/HdfsFileProviderTest.java,,,,assert,unknown,standard,assertNotNull
vfs_left_316_5,commons-vfs,HdfsFileProviderTest,createTestFile_5_oe,commons-vfs2/src/test/java/org/apache/commons/vfs2/provider/hdfs/HdfsFileProviderTest.java,,,,assert,unknown,standard,assertTrue
vfs_left_316_6,commons-vfs,HdfsFileProviderTest,createTestFile_6_oe,commons-vfs2/src/test/java/org/apache/commons/vfs2/provider/hdfs/HdfsFileProviderTest.java,,,,assert,unknown,standard,assertEquals
vfs_left_328_1,commons-vfs,HdfsFileProviderTest,testRandomAccessContent_1_oe,commons-vfs2/src/test/java/org/apache/commons/vfs2/provider/hdfs/HdfsFileProviderTest.java,,,,assert,unknown,standard,assertNotNull
vfs_left_328_2,commons-vfs,HdfsFileProviderTest,testRandomAccessContent_2_oe,commons-vfs2/src/test/java/org/apache/commons/vfs2/provider/hdfs/HdfsFileProviderTest.java,,,,assert,unknown,standard,assertFalse
vfs_left_328_3,commons-vfs,HdfsFileProviderTest,testRandomAccessContent_3_oe,commons-vfs2/src/test/java/org/apache/commons/vfs2/provider/hdfs/HdfsFileProviderTest.java,,,,assert,unknown,standard,assertTrue
vfs_left_330_1,commons-vfs,HdfsProviderTestSuite,copyTestResources_1_oe,,,,,assert,unknown,standard,fail
vfs_left_331_1,commons-vfs,HdfsProviderTestSuite,setUp_1_oe,,,,,assert,unknown,standard,assertTrue
vfs_left_336_1,commons-vfs,HttpProviderTestCase,checkReadTestsFolder_1_oe,commons-vfs2/src/test/java/org/apache/commons/vfs2/provider/http/HttpProviderTestCase.java,,,,assert,unknown,standard,assertNotNull
vfs_left_336_2,commons-vfs,HttpProviderTestCase,checkReadTestsFolder_2_oe,commons-vfs2/src/test/java/org/apache/commons/vfs2/provider/http/HttpProviderTestCase.java,,,,assert,unknown,standard,assertTrue
vfs_left_342_1,commons-vfs,Http4ProviderTestCase,checkReadTestsFolder_1_oe,commons-vfs2/src/test/java/org/apache/commons/vfs2/provider/http4/Http4ProviderTestCase.java,,,,assert,unknown,standard,assertNotNull
vfs_left_342_2,commons-vfs,Http4ProviderTestCase,checkReadTestsFolder_2_oe,commons-vfs2/src/test/java/org/apache/commons/vfs2/provider/http4/Http4ProviderTestCase.java,,,,assert,unknown,standard,assertTrue
vfs_left_345_3,commons-vfs,ConversionTestCase,testFileNameWithCharacters_3_oe,commons-vfs2/src/test/java/org/apache/commons/vfs2/provider/local/ConversionTestCase.java,,,,assert,unknown,standard,assertTrue
vfs_left_345_4,commons-vfs,ConversionTestCase,testFileNameWithCharacters_4_oe,commons-vfs2/src/test/java/org/apache/commons/vfs2/provider/local/ConversionTestCase.java,,,,assert,unknown,standard,assertTrue
vfs_left_345_5,commons-vfs,ConversionTestCase,testFileNameWithCharacters_5_oe,commons-vfs2/src/test/java/org/apache/commons/vfs2/provider/local/ConversionTestCase.java,,,,assert,unknown,standard,assertEquals
vfs_left_348_1,commons-vfs,UrlTests,testHashFindFiles_1_oe,commons-vfs2/src/test/java/org/apache/commons/vfs2/provider/local/UrlTests.java,,,,assert,unknown,standard,assertEquals
vfs_left_348_2,commons-vfs,UrlTests,testHashFindFiles_2_oe,commons-vfs2/src/test/java/org/apache/commons/vfs2/provider/local/UrlTests.java,,,,assert,unknown,standard,fail
vfs_left_349_1,commons-vfs,UrlTests,testHashURL_1_oe,commons-vfs2/src/test/java/org/apache/commons/vfs2/provider/local/UrlTests.java,,,,assert,unknown,standard,assertEquals
vfs_left_350_1,commons-vfs,WindowsFileNameTests,testWindowsFilenameParserError_1_oe,commons-vfs2/src/test/java/org/apache/commons/vfs2/provider/local/WindowsFileNameTests.java,,,,assert,unknown,standard,assertNotNull
vfs_left_350_2,commons-vfs,WindowsFileNameTests,testWindowsFilenameParserError_2_oe,commons-vfs2/src/test/java/org/apache/commons/vfs2/provider/local/WindowsFileNameTests.java,,,,assert,unknown,standard,fail
vfs_left_350_3,commons-vfs,WindowsFileNameTests,testWindowsFilenameParserError_3_oe,commons-vfs2/src/test/java/org/apache/commons/vfs2/provider/local/WindowsFileNameTests.java,,,,assert,unknown,standard,assertEquals
vfs_left_350_4,commons-vfs,WindowsFileNameTests,testWindowsFilenameParserError_4_oe,commons-vfs2/src/test/java/org/apache/commons/vfs2/provider/local/WindowsFileNameTests.java,,,,assert,unknown,standard,assertEquals
vfs_left_351_1,commons-vfs,WindowsFileNameTests,testWindowsFilenameUNCStartError_1_oe,commons-vfs2/src/test/java/org/apache/commons/vfs2/provider/local/WindowsFileNameTests.java,,,,assert,unknown,standard,assertNotNull
vfs_left_351_2,commons-vfs,WindowsFileNameTests,testWindowsFilenameUNCStartError_2_oe,commons-vfs2/src/test/java/org/apache/commons/vfs2/provider/local/WindowsFileNameTests.java,,,,assert,unknown,standard,fail
vfs_left_351_3,commons-vfs,WindowsFileNameTests,testWindowsFilenameUNCStartError_3_oe,commons-vfs2/src/test/java/org/apache/commons/vfs2/provider/local/WindowsFileNameTests.java,,,,assert,unknown,standard,assertEquals
vfs_left_351_4,commons-vfs,WindowsFileNameTests,testWindowsFilenameUNCStartError_4_oe,commons-vfs2/src/test/java/org/apache/commons/vfs2/provider/local/WindowsFileNameTests.java,,,,assert,unknown,standard,assertEquals
vfs_left_352_1,commons-vfs,WindowsFileNameTests,testWindowsRoots_1_oe,commons-vfs2/src/test/java/org/apache/commons/vfs2/provider/local/WindowsFileNameTests.java,,,,assert,unknown,standard,assertNotNull
vfs_left_352_2,commons-vfs,WindowsFileNameTests,testWindowsRoots_2_oe,commons-vfs2/src/test/java/org/apache/commons/vfs2/provider/local/WindowsFileNameTests.java,,,,assert,unknown,standard,assertSame
vfs_left_352_3,commons-vfs,WindowsFileNameTests,testWindowsRoots_3_oe,commons-vfs2/src/test/java/org/apache/commons/vfs2/provider/local/WindowsFileNameTests.java,,,,assert,unknown,standard,assertEquals
vfs_left_352_4,commons-vfs,WindowsFileNameTests,testWindowsRoots_4_oe,commons-vfs2/src/test/java/org/apache/commons/vfs2/provider/local/WindowsFileNameTests.java,,,,assert,unknown,standard,assertEquals
vfs_left_352_5,commons-vfs,WindowsFileNameTests,testWindowsRoots_5_oe,commons-vfs2/src/test/java/org/apache/commons/vfs2/provider/local/WindowsFileNameTests.java,,,,assert,unknown,standard,assertEquals
vfs_left_352_6,commons-vfs,WindowsFileNameTests,testWindowsRoots_6_oe,commons-vfs2/src/test/java/org/apache/commons/vfs2/provider/local/WindowsFileNameTests.java,,,,assert,unknown,standard,assertEquals
vfs_left_352_7,commons-vfs,WindowsFileNameTests,testWindowsRoots_7_oe,commons-vfs2/src/test/java/org/apache/commons/vfs2/provider/local/WindowsFileNameTests.java,,,,assert,unknown,standard,assertEquals
vfs_left_352_8,commons-vfs,WindowsFileNameTests,testWindowsRoots_8_oe,commons-vfs2/src/test/java/org/apache/commons/vfs2/provider/local/WindowsFileNameTests.java,,,,assert,unknown,standard,assertEquals
vfs_left_352_9,commons-vfs,WindowsFileNameTests,testWindowsRoots_9_oe,commons-vfs2/src/test/java/org/apache/commons/vfs2/provider/local/WindowsFileNameTests.java,,,,assert,unknown,standard,assertEquals
vfs_left_352_10,commons-vfs,WindowsFileNameTests,testWindowsRoots_10_oe,commons-vfs2/src/test/java/org/apache/commons/vfs2/provider/local/WindowsFileNameTests.java,,,,assert,unknown,standard,assertEquals
vfs_left_353_1,commons-vfs,WindowsFileNameTests,testWindowsWrongRoots_1_oe,commons-vfs2/src/test/java/org/apache/commons/vfs2/provider/local/WindowsFileNameTests.java,,,,assert,unknown,standard,assertNotNull
vfs_left_353_2,commons-vfs,WindowsFileNameTests,testWindowsWrongRoots_2_oe,commons-vfs2/src/test/java/org/apache/commons/vfs2/provider/local/WindowsFileNameTests.java,,,,assert,unknown,standard,fail
vfs_left_353_3,commons-vfs,WindowsFileNameTests,testWindowsWrongRoots_3_oe,commons-vfs2/src/test/java/org/apache/commons/vfs2/provider/local/WindowsFileNameTests.java,,,,assert,unknown,standard,assertEquals
vfs_left_353_4,commons-vfs,WindowsFileNameTests,testWindowsWrongRoots_4_oe,commons-vfs2/src/test/java/org/apache/commons/vfs2/provider/local/WindowsFileNameTests.java,,,,assert,unknown,standard,assertTrue
vfs_left_354_1,commons-vfs,FileNameTests,testAbsoluteFileName_1_oe,commons-vfs2/src/test/java/org/apache/commons/vfs2/provider/local/FileNameTests.java,,,,assert,unknown,standard,assertNotNull
vfs_left_354_2,commons-vfs,FileNameTests,testAbsoluteFileName_2_oe,commons-vfs2/src/test/java/org/apache/commons/vfs2/provider/local/FileNameTests.java,,,,assert,unknown,standard,assertSame
vfs_left_355_2,commons-vfs,TempFileTests,testLocalFile_2_oe,commons-vfs2/src/test/java/org/apache/commons/vfs2/provider/local/TempFileTests.java,,,,assert,unknown,standard,assertEquals
vfs_left_356_1,commons-vfs,UrlFileNameParserTest,testJira739_1_oe,commons-vfs2/src/test/java/org/apache/commons/vfs2/provider/url/UrlFileNameParserTest.java,,,,assert,unknown,standard,assertEquals
vfs_left_356_2,commons-vfs,UrlFileNameParserTest,testJira739_2_oe,commons-vfs2/src/test/java/org/apache/commons/vfs2/provider/url/UrlFileNameParserTest.java,,,,assert,unknown,standard,assertEquals
vfs_left_357_1,commons-vfs,FtpProviderTestCase,setUpClass_1_oe,commons-vfs2/src/test/java/org/apache/commons/vfs2/provider/ftp/FtpProviderTestCase.java,,,,assert,unknown,standard,assertNotNull
vfs_left_360_1,commons-vfs,FtpMdtmOffLastModifiedTests,testGetLastModifiedFileInexactMatch_1_oe,commons-vfs2/src/test/java/org/apache/commons/vfs2/provider/ftp/FtpMdtmOffLastModifiedTests.java,,,,assert,unknown,custom,assertDeltaMillis
vfs_left_361_1,commons-vfs,FtpMdtmOnLastModifiedTests,testGetLastModifiedFileExactMatch_1_oe,commons-vfs2/src/test/java/org/apache/commons/vfs2/provider/ftp/FtpMdtmOnLastModifiedTests.java,,,,assert,unknown,custom,assertDeltaMillis
vfs_left_361_2,commons-vfs,FtpMdtmOnLastModifiedTests,testGetLastModifiedFileExactMatch_2_oe,commons-vfs2/src/test/java/org/apache/commons/vfs2/provider/ftp/FtpMdtmOnLastModifiedTests.java,,,,assert,unknown,custom,assertEqualMillis
vfs_left_362_1,commons-vfs,ZipProviderWithCharsetNullTestCase,getBaseTestFolder_1_oe,commons-vfs2/src/test/java/org/apache/commons/vfs2/provider/zip/ZipProviderWithCharsetNullTestCase.java,,,,assert,unknown,standard,assertTrue
vfs_left_362_2,commons-vfs,ZipProviderWithCharsetNullTestCase,getBaseTestFolder_2_oe,commons-vfs2/src/test/java/org/apache/commons/vfs2/provider/zip/ZipProviderWithCharsetNullTestCase.java,,,,assert,unknown,standard,assertNull
vfs_left_363_1,commons-vfs,ZipFileObjectTestCase,assertDelete_1_oe,commons-vfs2/src/test/java/org/apache/commons/vfs2/provider/zip/ZipFileObjectTestCase.java,,,,assert,unknown,custom,assertDelete
vfs_left_364_1,commons-vfs,ZipFileObjectTestCase,readAndAssert_1_oe,commons-vfs2/src/test/java/org/apache/commons/vfs2/provider/zip/ZipFileObjectTestCase.java,,,,assert,unknown,standard,assertNotNull
vfs_left_364_2,commons-vfs,ZipFileObjectTestCase,readAndAssert_2_oe,commons-vfs2/src/test/java/org/apache/commons/vfs2/provider/zip/ZipFileObjectTestCase.java,,,,assert,unknown,standard,assertEquals
vfs_left_371_1,commons-vfs,ZipFileSystemTestCase,testZipFileUseWeakRefFilesCache_1_oe,commons-vfs2/src/test/java/org/apache/commons/vfs2/provider/zip/ZipFileSystemTestCase.java,,,,assert,unknown,standard,assertTrue
vfs_left_372_1,commons-vfs,Jira733TestCase,testZipParentLayer_1_oe,commons-vfs2/src/test/java/org/apache/commons/vfs2/provider/zip/Jira733TestCase.java,,,,assert,unknown,standard,assertNotNull
vfs_left_372_2,commons-vfs,Jira733TestCase,testZipParentLayer_2_oe,commons-vfs2/src/test/java/org/apache/commons/vfs2/provider/zip/Jira733TestCase.java,,,,assert,unknown,standard,assertNotNull
vfs_left_373_1,commons-vfs,Jira733TestCase,testZipParentLayer_1_oe,commons-vfs2/src/test/java/org/apache/commons/vfs2/provider/zip/Jira733TestCase.java,,,,assert,unknown,standard,assertTrue
vfs_left_373_2,commons-vfs,Jira733TestCase,testZipParentLayer_2_oe,commons-vfs2/src/test/java/org/apache/commons/vfs2/provider/zip/Jira733TestCase.java,,,,assert,unknown,standard,assertTrue
vfs_left_373_3,commons-vfs,Jira733TestCase,testZipParentLayer_3_oe,commons-vfs2/src/test/java/org/apache/commons/vfs2/provider/zip/Jira733TestCase.java,,,,assert,unknown,standard,assertNotNull
vfs_left_373_4,commons-vfs,Jira733TestCase,testZipParentLayer_4_oe,commons-vfs2/src/test/java/org/apache/commons/vfs2/provider/zip/Jira733TestCase.java,,,,assert,unknown,standard,assertNotNull
vfs_left_374_1,commons-vfs,ZipProviderWithCharsetTestCase,getBaseTestFolder_1_oe,commons-vfs2/src/test/java/org/apache/commons/vfs2/provider/zip/ZipProviderWithCharsetTestCase.java,,,,assert,unknown,standard,assertTrue
vfs_left_374_2,commons-vfs,ZipProviderWithCharsetTestCase,getBaseTestFolder_2_oe,commons-vfs2/src/test/java/org/apache/commons/vfs2/provider/zip/ZipProviderWithCharsetTestCase.java,,,,assert,unknown,standard,assertEquals
vfs_left_375_1,commons-vfs,FileLockTestCase,assertDelete_1_oe,commons-vfs2/src/test/java/org/apache/commons/vfs2/provider/zip/FileLockTestCase.java,,,,assert,unknown,custom,assertDelete
vfs_left_376_1,commons-vfs,FileLockTestCase,readAndAssert_1_oe,commons-vfs2/src/test/java/org/apache/commons/vfs2/provider/zip/FileLockTestCase.java,,,,assert,unknown,standard,assertNotNull
vfs_left_376_2,commons-vfs,FileLockTestCase,readAndAssert_2_oe,commons-vfs2/src/test/java/org/apache/commons/vfs2/provider/zip/FileLockTestCase.java,,,,assert,unknown,standard,assertEquals
vfs_left_390_1,commons-vfs,ParseXmlInZipTestCase,testResolveAndParseXmlInZip_1_oe,commons-vfs2/src/test/java/org/apache/commons/vfs2/provider/zip/ParseXmlInZipTestCase.java,,,,assert,unknown,standard,assertNotNull
vfs_left_413_1,commons-vfs,TarFileSystemTestCase,testUseWeakRefFilesCache_1_oe,commons-vfs2/src/test/java/org/apache/commons/vfs2/provider/tar/TarFileSystemTestCase.java,,,,assert,unknown,standard,assertTrue
vfs_left_414_1,commons-vfs,LargeTarTestCase,fileCheck_1_oe,commons-vfs2/src/test/java/org/apache/commons/vfs2/provider/tar/LargeTarTestCase.java,,,,assert,unknown,standard,assertNotNull
vfs_left_414_2,commons-vfs,LargeTarTestCase,fileCheck_2_oe,commons-vfs2/src/test/java/org/apache/commons/vfs2/provider/tar/LargeTarTestCase.java,,,,assert,unknown,standard,assertNotNull
vfs_left_414_3,commons-vfs,LargeTarTestCase,fileCheck_3_oe,commons-vfs2/src/test/java/org/apache/commons/vfs2/provider/tar/LargeTarTestCase.java,,,,assert,unknown,standard,assertNotNull
vfs_left_414_4,commons-vfs,LargeTarTestCase,fileCheck_4_oe,commons-vfs2/src/test/java/org/apache/commons/vfs2/provider/tar/LargeTarTestCase.java,,,,assert,unknown,standard,assertTrue
vfs_left_416_1,commons-vfs,TarFileObjectTestCase,testReadSpecialNameFileInFile_1_oe,commons-vfs2/src/test/java/org/apache/commons/vfs2/provider/tar/TarFileObjectTestCase.java,,,,assert,unknown,standard,assertEquals
vfs_left_416_2,commons-vfs,TarFileObjectTestCase,testReadSpecialNameFileInFile_2_oe,commons-vfs2/src/test/java/org/apache/commons/vfs2/provider/tar/TarFileObjectTestCase.java,,,,assert,unknown,standard,assertNotNull
vfs_left_421_1,commons-vfs,SftpMultiThreadWriteTests,testParallelCopyFromLocalFileSystem_1_oe,commons-vfs2/src/test/java/org/apache/commons/vfs2/provider/sftp/SftpMultiThreadWriteTests.java,,,,assert,unknown,standard,assertFalse
vfs_left_421_2,commons-vfs,SftpMultiThreadWriteTests,testParallelCopyFromLocalFileSystem_2_oe,commons-vfs2/src/test/java/org/apache/commons/vfs2/provider/sftp/SftpMultiThreadWriteTests.java,,,,assert,unknown,standard,assertTrue
vfs_left_424_1,commons-vfs,GenericFileNameTestCase,testBadlyFormedUri_1_oe,commons-vfs2/src/test/java/org/apache/commons/vfs2/provider/test/GenericFileNameTestCase.java,,,,assert,unknown,standard,fail
vfs_left_424_2,commons-vfs,GenericFileNameTestCase,testBadlyFormedUri_2_oe,commons-vfs2/src/test/java/org/apache/commons/vfs2/provider/test/GenericFileNameTestCase.java,,,,assert,unknown,custom,assertSameMessage
vfs_left_426_1,commons-vfs,JunctionTests,getBaseDir_1_oe,commons-vfs2/src/test/java/org/apache/commons/vfs2/provider/test/JunctionTests.java,,,,assert,unknown,standard,assertTrue
vfs_left_427_1,commons-vfs,JunctionTests,testAncestors_1_oe,commons-vfs2/src/test/java/org/apache/commons/vfs2/provider/test/JunctionTests.java,,,,assert,unknown,standard,assertFalse
vfs_left_427_2,commons-vfs,JunctionTests,testAncestors_2_oe,commons-vfs2/src/test/java/org/apache/commons/vfs2/provider/test/JunctionTests.java,,,,assert,unknown,standard,assertFalse
vfs_left_427_3,commons-vfs,JunctionTests,testAncestors_3_oe,commons-vfs2/src/test/java/org/apache/commons/vfs2/provider/test/JunctionTests.java,,,,assert,unknown,standard,assertFalse
vfs_left_427_4,commons-vfs,JunctionTests,testAncestors_4_oe,commons-vfs2/src/test/java/org/apache/commons/vfs2/provider/test/JunctionTests.java,,,,assert,unknown,standard,assertTrue
vfs_left_427_5,commons-vfs,JunctionTests,testAncestors_5_oe,commons-vfs2/src/test/java/org/apache/commons/vfs2/provider/test/JunctionTests.java,,,,assert,unknown,standard,assertTrue
vfs_left_427_6,commons-vfs,JunctionTests,testAncestors_6_oe,commons-vfs2/src/test/java/org/apache/commons/vfs2/provider/test/JunctionTests.java,,,,assert,unknown,standard,assertTrue
vfs_left_428_1,commons-vfs,JunctionTests,testNestedJunction_1_oe,commons-vfs2/src/test/java/org/apache/commons/vfs2/provider/test/JunctionTests.java,,,,assert,unknown,standard,fail
vfs_left_428_2,commons-vfs,JunctionTests,testNestedJunction_2_oe,commons-vfs2/src/test/java/org/apache/commons/vfs2/provider/test/JunctionTests.java,,,,assert,unknown,custom,assertSameMessage
vfs_left_428_3,commons-vfs,JunctionTests,testNestedJunction_3_oe,commons-vfs2/src/test/java/org/apache/commons/vfs2/provider/test/JunctionTests.java,,,,assert,unknown,standard,fail
vfs_left_428_4,commons-vfs,JunctionTests,testNestedJunction_4_oe,commons-vfs2/src/test/java/org/apache/commons/vfs2/provider/test/JunctionTests.java,,,,assert,unknown,custom,assertSameMessage
vfs_left_434_1,commons-vfs,AbstractFtpsProviderTestCase,setUpClass_1_oe,commons-vfs2/src/test/java/org/apache/commons/vfs2/provider/ftps/AbstractFtpsProviderTestCase.java,,,,assert,unknown,standard,assertNotNull
vfs_left_434_2,commons-vfs,AbstractFtpsProviderTestCase,setUpClass_2_oe,commons-vfs2/src/test/java/org/apache/commons/vfs2/provider/ftps/AbstractFtpsProviderTestCase.java,,,,assert,unknown,standard,assertNotNull
vfs_left_434_3,commons-vfs,AbstractFtpsProviderTestCase,setUpClass_3_oe,commons-vfs2/src/test/java/org/apache/commons/vfs2/provider/ftps/AbstractFtpsProviderTestCase.java,,,,assert,unknown,standard,assertTrue
vfs_left_438_1,commons-vfs,Http5ProviderTestCase,checkReadTestsFolder_1_oe,commons-vfs2/src/test/java/org/apache/commons/vfs2/provider/http5/Http5ProviderTestCase.java,,,,assert,unknown,standard,assertNotNull
vfs_left_438_2,commons-vfs,Http5ProviderTestCase,checkReadTestsFolder_2_oe,commons-vfs2/src/test/java/org/apache/commons/vfs2/provider/http5/Http5ProviderTestCase.java,,,,assert,unknown,standard,assertTrue
vfs_left_448_1,commons-vfs,Webdav4VersioningTests,testVersioning_1_oe,commons-vfs2-jackrabbit2/src/test/java/org/apache/commons/vfs2/provider/webdav4/test/Webdav4VersioningTests.java,,,,assert,unknown,standard,assertSame
vfs_left_448_2,commons-vfs,Webdav4VersioningTests,testVersioning_2_oe,commons-vfs2-jackrabbit2/src/test/java/org/apache/commons/vfs2/provider/webdav4/test/Webdav4VersioningTests.java,,,,assert,unknown,standard,assertTrue
vfs_left_448_3,commons-vfs,Webdav4VersioningTests,testVersioning_3_oe,commons-vfs2-jackrabbit2/src/test/java/org/apache/commons/vfs2/provider/webdav4/test/Webdav4VersioningTests.java,,,,assert,unknown,standard,assertFalse
vfs_left_448_4,commons-vfs,Webdav4VersioningTests,testVersioning_4_oe,commons-vfs2-jackrabbit2/src/test/java/org/apache/commons/vfs2/provider/webdav4/test/Webdav4VersioningTests.java,,,,assert,unknown,standard,assertTrue
vfs_left_448_5,commons-vfs,Webdav4VersioningTests,testVersioning_5_oe,commons-vfs2-jackrabbit2/src/test/java/org/apache/commons/vfs2/provider/webdav4/test/Webdav4VersioningTests.java,,,,assert,unknown,standard,assertSame
vfs_left_448_6,commons-vfs,Webdav4VersioningTests,testVersioning_6_oe,commons-vfs2-jackrabbit2/src/test/java/org/apache/commons/vfs2/provider/webdav4/test/Webdav4VersioningTests.java,,,,assert,unknown,standard,assertTrue
vfs_left_448_7,commons-vfs,Webdav4VersioningTests,testVersioning_7_oe,commons-vfs2-jackrabbit2/src/test/java/org/apache/commons/vfs2/provider/webdav4/test/Webdav4VersioningTests.java,,,,assert,unknown,standard,assertEquals
vfs_left_448_8,commons-vfs,Webdav4VersioningTests,testVersioning_8_oe,commons-vfs2-jackrabbit2/src/test/java/org/apache/commons/vfs2/provider/webdav4/test/Webdav4VersioningTests.java,,,,assert,unknown,standard,assertTrue
vfs_left_448_9,commons-vfs,Webdav4VersioningTests,testVersioning_9_oe,commons-vfs2-jackrabbit2/src/test/java/org/apache/commons/vfs2/provider/webdav4/test/Webdav4VersioningTests.java,,,,assert,unknown,standard,assertFalse
vfs_left_448_10,commons-vfs,Webdav4VersioningTests,testVersioning_10_oe,commons-vfs2-jackrabbit2/src/test/java/org/apache/commons/vfs2/provider/webdav4/test/Webdav4VersioningTests.java,,,,assert,unknown,standard,assertFalse
vfs_left_448_11,commons-vfs,Webdav4VersioningTests,testVersioning_11_oe,commons-vfs2-jackrabbit2/src/test/java/org/apache/commons/vfs2/provider/webdav4/test/Webdav4VersioningTests.java,,,,assert,unknown,standard,assertTrue
vfs_left_448_12,commons-vfs,Webdav4VersioningTests,testVersioning_12_oe,commons-vfs2-jackrabbit2/src/test/java/org/apache/commons/vfs2/provider/webdav4/test/Webdav4VersioningTests.java,,,,assert,unknown,standard,assertTrue
vfs_left_448_13,commons-vfs,Webdav4VersioningTests,testVersioning_13_oe,commons-vfs2-jackrabbit2/src/test/java/org/apache/commons/vfs2/provider/webdav4/test/Webdav4VersioningTests.java,,,,assert,unknown,standard,assertTrue
vfs_left_448_14,commons-vfs,Webdav4VersioningTests,testVersioning_14_oe,commons-vfs2-jackrabbit2/src/test/java/org/apache/commons/vfs2/provider/webdav4/test/Webdav4VersioningTests.java,,,,assert,unknown,standard,assertEquals
vfs_left_448_15,commons-vfs,Webdav4VersioningTests,testVersioning_15_oe,commons-vfs2-jackrabbit2/src/test/java/org/apache/commons/vfs2/provider/webdav4/test/Webdav4VersioningTests.java,,,,assert,unknown,standard,assertTrue
vfs_left_448_16,commons-vfs,Webdav4VersioningTests,testVersioning_16_oe,commons-vfs2-jackrabbit2/src/test/java/org/apache/commons/vfs2/provider/webdav4/test/Webdav4VersioningTests.java,,,,assert,unknown,custom,assertSameContent
vfs_left_448_17,commons-vfs,Webdav4VersioningTests,testVersioning_17_oe,commons-vfs2-jackrabbit2/src/test/java/org/apache/commons/vfs2/provider/webdav4/test/Webdav4VersioningTests.java,,,,assert,unknown,standard,assertTrue
vfs_left_448_18,commons-vfs,Webdav4VersioningTests,testVersioning_18_oe,commons-vfs2-jackrabbit2/src/test/java/org/apache/commons/vfs2/provider/webdav4/test/Webdav4VersioningTests.java,,,,assert,unknown,standard,assertEquals
vfs_left_448_19,commons-vfs,Webdav4VersioningTests,testVersioning_19_oe,commons-vfs2-jackrabbit2/src/test/java/org/apache/commons/vfs2/provider/webdav4/test/Webdav4VersioningTests.java,,,,assert,unknown,standard,assertTrue
vfs_left_449_1,commons-vfs,Webdav4VersioningTests,testVersioningWithCreator_1_oe,commons-vfs2-jackrabbit2/src/test/java/org/apache/commons/vfs2/provider/webdav4/test/Webdav4VersioningTests.java,,,,assert,unknown,standard,assertSame
vfs_left_449_2,commons-vfs,Webdav4VersioningTests,testVersioningWithCreator_2_oe,commons-vfs2-jackrabbit2/src/test/java/org/apache/commons/vfs2/provider/webdav4/test/Webdav4VersioningTests.java,,,,assert,unknown,standard,assertTrue
vfs_left_449_3,commons-vfs,Webdav4VersioningTests,testVersioningWithCreator_3_oe,commons-vfs2-jackrabbit2/src/test/java/org/apache/commons/vfs2/provider/webdav4/test/Webdav4VersioningTests.java,,,,assert,unknown,standard,assertFalse
vfs_left_449_4,commons-vfs,Webdav4VersioningTests,testVersioningWithCreator_4_oe,commons-vfs2-jackrabbit2/src/test/java/org/apache/commons/vfs2/provider/webdav4/test/Webdav4VersioningTests.java,,,,assert,unknown,standard,assertTrue
vfs_left_449_5,commons-vfs,Webdav4VersioningTests,testVersioningWithCreator_5_oe,commons-vfs2-jackrabbit2/src/test/java/org/apache/commons/vfs2/provider/webdav4/test/Webdav4VersioningTests.java,,,,assert,unknown,standard,assertSame
vfs_left_449_6,commons-vfs,Webdav4VersioningTests,testVersioningWithCreator_6_oe,commons-vfs2-jackrabbit2/src/test/java/org/apache/commons/vfs2/provider/webdav4/test/Webdav4VersioningTests.java,,,,assert,unknown,standard,assertTrue
vfs_left_449_7,commons-vfs,Webdav4VersioningTests,testVersioningWithCreator_7_oe,commons-vfs2-jackrabbit2/src/test/java/org/apache/commons/vfs2/provider/webdav4/test/Webdav4VersioningTests.java,,,,assert,unknown,standard,assertEquals
vfs_left_449_8,commons-vfs,Webdav4VersioningTests,testVersioningWithCreator_8_oe,commons-vfs2-jackrabbit2/src/test/java/org/apache/commons/vfs2/provider/webdav4/test/Webdav4VersioningTests.java,,,,assert,unknown,standard,assertTrue
vfs_left_449_9,commons-vfs,Webdav4VersioningTests,testVersioningWithCreator_9_oe,commons-vfs2-jackrabbit2/src/test/java/org/apache/commons/vfs2/provider/webdav4/test/Webdav4VersioningTests.java,,,,assert,unknown,standard,assertFalse
vfs_left_449_10,commons-vfs,Webdav4VersioningTests,testVersioningWithCreator_10_oe,commons-vfs2-jackrabbit2/src/test/java/org/apache/commons/vfs2/provider/webdav4/test/Webdav4VersioningTests.java,,,,assert,unknown,standard,assertFalse
vfs_left_449_11,commons-vfs,Webdav4VersioningTests,testVersioningWithCreator_11_oe,commons-vfs2-jackrabbit2/src/test/java/org/apache/commons/vfs2/provider/webdav4/test/Webdav4VersioningTests.java,,,,assert,unknown,standard,assertTrue
vfs_left_449_12,commons-vfs,Webdav4VersioningTests,testVersioningWithCreator_12_oe,commons-vfs2-jackrabbit2/src/test/java/org/apache/commons/vfs2/provider/webdav4/test/Webdav4VersioningTests.java,,,,assert,unknown,standard,assertTrue
vfs_left_449_13,commons-vfs,Webdav4VersioningTests,testVersioningWithCreator_13_oe,commons-vfs2-jackrabbit2/src/test/java/org/apache/commons/vfs2/provider/webdav4/test/Webdav4VersioningTests.java,,,,assert,unknown,standard,assertTrue
vfs_left_449_14,commons-vfs,Webdav4VersioningTests,testVersioningWithCreator_14_oe,commons-vfs2-jackrabbit2/src/test/java/org/apache/commons/vfs2/provider/webdav4/test/Webdav4VersioningTests.java,,,,assert,unknown,standard,assertEquals
vfs_left_449_15,commons-vfs,Webdav4VersioningTests,testVersioningWithCreator_15_oe,commons-vfs2-jackrabbit2/src/test/java/org/apache/commons/vfs2/provider/webdav4/test/Webdav4VersioningTests.java,,,,assert,unknown,standard,assertTrue
vfs_left_449_16,commons-vfs,Webdav4VersioningTests,testVersioningWithCreator_16_oe,commons-vfs2-jackrabbit2/src/test/java/org/apache/commons/vfs2/provider/webdav4/test/Webdav4VersioningTests.java,,,,assert,unknown,standard,assertEquals
vfs_left_449_17,commons-vfs,Webdav4VersioningTests,testVersioningWithCreator_17_oe,commons-vfs2-jackrabbit2/src/test/java/org/apache/commons/vfs2/provider/webdav4/test/Webdav4VersioningTests.java,,,,assert,unknown,standard,assertTrue
vfs_left_449_18,commons-vfs,Webdav4VersioningTests,testVersioningWithCreator_18_oe,commons-vfs2-jackrabbit2/src/test/java/org/apache/commons/vfs2/provider/webdav4/test/Webdav4VersioningTests.java,,,,assert,unknown,custom,assertSameContent
vfs_left_449_19,commons-vfs,Webdav4VersioningTests,testVersioningWithCreator_19_oe,commons-vfs2-jackrabbit2/src/test/java/org/apache/commons/vfs2/provider/webdav4/test/Webdav4VersioningTests.java,,,,assert,unknown,standard,assertTrue
vfs_left_449_20,commons-vfs,Webdav4VersioningTests,testVersioningWithCreator_20_oe,commons-vfs2-jackrabbit2/src/test/java/org/apache/commons/vfs2/provider/webdav4/test/Webdav4VersioningTests.java,,,,assert,unknown,standard,assertEquals
vfs_left_449_21,commons-vfs,Webdav4VersioningTests,testVersioningWithCreator_21_oe,commons-vfs2-jackrabbit2/src/test/java/org/apache/commons/vfs2/provider/webdav4/test/Webdav4VersioningTests.java,,,,assert,unknown,standard,assertTrue
vfs_left_449_22,commons-vfs,Webdav4VersioningTests,testVersioningWithCreator_22_oe,commons-vfs2-jackrabbit2/src/test/java/org/apache/commons/vfs2/provider/webdav4/test/Webdav4VersioningTests.java,,,,assert,unknown,standard,assertEquals
vfs_left_449_23,commons-vfs,Webdav4VersioningTests,testVersioningWithCreator_23_oe,commons-vfs2-jackrabbit2/src/test/java/org/apache/commons/vfs2/provider/webdav4/test/Webdav4VersioningTests.java,,,,assert,unknown,standard,assertTrue
