id,test_prefix,test_name
vfs_1_1,"    @Test
    public void testRandomWrite_1_oe() throws Exception {
        try (FileObject file = createScratchFolder().resolveFile(""random_write.txt"")) {
            file.createFile();
            final RandomAccessContent ra = file.getContent().getRandomAccessContent(RandomAccessMode.READWRITE);

            // write first byte
            ra.writeByte(TEST_DATA.charAt(0));

            // start at pos 4
            ra.seek(3);
            ra.writeByte(TEST_DATA.charAt(3));
            ra.writeByte(TEST_DATA.charAt(4));

            // restart at pos 4 (but overwrite with different content)
            ra.seek(3);
            ra.writeByte(TEST_DATA.charAt(7));
            ra.writeByte(TEST_DATA.charAt(8));

            // advance to pos 11
            ra.seek(10);
            ra.writeByte(TEST_DATA.charAt(10));
            ra.writeByte(TEST_DATA.charAt(11));

            // now read
            ra.seek(0);
            assertEquals(ra.readByte(), TEST_DATA.charAt(0));
    }
    }
",ProviderRandomReadWriteTests::testRandomWrite_1_oe
vfs_1_2,"    @Test
    public void testRandomWrite_2_oe() throws Exception {
        try (FileObject file = createScratchFolder().resolveFile(""random_write.txt"")) {
            file.createFile();
            final RandomAccessContent ra = file.getContent().getRandomAccessContent(RandomAccessMode.READWRITE);

            // write first byte
            ra.writeByte(TEST_DATA.charAt(0));

            // start at pos 4
            ra.seek(3);
            ra.writeByte(TEST_DATA.charAt(3));
            ra.writeByte(TEST_DATA.charAt(4));

            // restart at pos 4 (but overwrite with different content)
            ra.seek(3);
            ra.writeByte(TEST_DATA.charAt(7));
            ra.writeByte(TEST_DATA.charAt(8));

            // advance to pos 11
            ra.seek(10);
            ra.writeByte(TEST_DATA.charAt(10));
            ra.writeByte(TEST_DATA.charAt(11));

            // now read
            ra.seek(0);
            // removed other assertion

            ra.seek(3);
            assertEquals(ra.readByte(), TEST_DATA.charAt(7));
    }
    }
",ProviderRandomReadWriteTests::testRandomWrite_2_oe
vfs_1_3,"    @Test
    public void testRandomWrite_3_oe() throws Exception {
        try (FileObject file = createScratchFolder().resolveFile(""random_write.txt"")) {
            file.createFile();
            final RandomAccessContent ra = file.getContent().getRandomAccessContent(RandomAccessMode.READWRITE);

            // write first byte
            ra.writeByte(TEST_DATA.charAt(0));

            // start at pos 4
            ra.seek(3);
            ra.writeByte(TEST_DATA.charAt(3));
            ra.writeByte(TEST_DATA.charAt(4));

            // restart at pos 4 (but overwrite with different content)
            ra.seek(3);
            ra.writeByte(TEST_DATA.charAt(7));
            ra.writeByte(TEST_DATA.charAt(8));

            // advance to pos 11
            ra.seek(10);
            ra.writeByte(TEST_DATA.charAt(10));
            ra.writeByte(TEST_DATA.charAt(11));

            // now read
            ra.seek(0);
            // removed other assertion

            ra.seek(3);
            // removed other assertion
            assertEquals(ra.readByte(), TEST_DATA.charAt(8));
    }
    }
",ProviderRandomReadWriteTests::testRandomWrite_3_oe
vfs_1_4,"    @Test
    public void testRandomWrite_4_oe() throws Exception {
        try (FileObject file = createScratchFolder().resolveFile(""random_write.txt"")) {
            file.createFile();
            final RandomAccessContent ra = file.getContent().getRandomAccessContent(RandomAccessMode.READWRITE);

            // write first byte
            ra.writeByte(TEST_DATA.charAt(0));

            // start at pos 4
            ra.seek(3);
            ra.writeByte(TEST_DATA.charAt(3));
            ra.writeByte(TEST_DATA.charAt(4));

            // restart at pos 4 (but overwrite with different content)
            ra.seek(3);
            ra.writeByte(TEST_DATA.charAt(7));
            ra.writeByte(TEST_DATA.charAt(8));

            // advance to pos 11
            ra.seek(10);
            ra.writeByte(TEST_DATA.charAt(10));
            ra.writeByte(TEST_DATA.charAt(11));

            // now read
            ra.seek(0);
            // removed other assertion

            ra.seek(3);
            // removed other assertion
            // removed other assertion

            ra.seek(10);
            assertEquals(ra.readByte(), TEST_DATA.charAt(10));
    }
    }
",ProviderRandomReadWriteTests::testRandomWrite_4_oe
vfs_1_5,"    @Test
    public void testRandomWrite_5_oe() throws Exception {
        try (FileObject file = createScratchFolder().resolveFile(""random_write.txt"")) {
            file.createFile();
            final RandomAccessContent ra = file.getContent().getRandomAccessContent(RandomAccessMode.READWRITE);

            // write first byte
            ra.writeByte(TEST_DATA.charAt(0));

            // start at pos 4
            ra.seek(3);
            ra.writeByte(TEST_DATA.charAt(3));
            ra.writeByte(TEST_DATA.charAt(4));

            // restart at pos 4 (but overwrite with different content)
            ra.seek(3);
            ra.writeByte(TEST_DATA.charAt(7));
            ra.writeByte(TEST_DATA.charAt(8));

            // advance to pos 11
            ra.seek(10);
            ra.writeByte(TEST_DATA.charAt(10));
            ra.writeByte(TEST_DATA.charAt(11));

            // now read
            ra.seek(0);
            // removed other assertion

            ra.seek(3);
            // removed other assertion
            // removed other assertion

            ra.seek(10);
            // removed other assertion
            assertEquals(ra.readByte(), TEST_DATA.charAt(11));
    }
    }
",ProviderRandomReadWriteTests::testRandomWrite_5_oe
vfs_4_1,"    @Test
    public void testReservedCharacterSpace_1_oe() throws FileSystemException {
        try (final FileObject fileObject = getReadFolder().resolveFile(""file with spaces.txt"")) {
            final URI url = fileObject.getURI();
            final String string = url.toString();
            assertTrue(string, string.contains(""file%20with%20spaces.txt""));
    }
    }
",UriTests::testReservedCharacterSpace_1_oe
vfs_4_2,"    @Test
    public void testReservedCharacterSpace_2_oe() throws FileSystemException {
        try (final FileObject fileObject = getReadFolder().resolveFile(""file with spaces.txt"")) {
            final URI url = fileObject.getURI();
            final String string = url.toString();
            // removed other assertion
        }
        try (final FileObject fileObject = getReadFolder().resolveFile(""file%20with%20spaces.txt"")) {
            final URI url = fileObject.getURI();
            final String string = url.toString();
            assertTrue(string, string.contains(""file%20with%20spaces.txt""));
    }
    }
",UriTests::testReservedCharacterSpace_2_oe
vfs_9_4,"    @Test
    public void testAppendContent_4_oe() throws Exception {
        final FileObject scratchFolder = createScratchFolder();

        // Create direct child of the test folder
        final FileObject file = scratchFolder.resolveFile(""file1.txt"");
        // removed other assertion

        // Create the source file
        final String content = ""Here is some sample content for the file.  Blah Blah Blah."";
        final String contentAppend = content + content;

        try (OutputStream os = file.getContent().getOutputStream()) {
            os.write(content.getBytes(StandardCharsets.UTF_8));
        }
        // removed other assertion

        // Append to the new file
        try (OutputStream os2 = file.getContent().getOutputStream(true)) {
            os2.write(content.getBytes(StandardCharsets.UTF_8));
        }
        // removed other assertion

        // Make sure we can copy the new file to another file on the same filesystem
        final FileObject fileCopy = scratchFolder.resolveFile(""file1copy.txt"");
        assertFalse(fileCopy.exists());
    }
",ProviderWriteAppendTests::testAppendContent_4_oe
vfs_9_6,"    @Test
    public void testAppendContent_6_oe() throws Exception {
        final FileObject scratchFolder = createScratchFolder();

        // Create direct child of the test folder
        final FileObject file = scratchFolder.resolveFile(""file1.txt"");
        // removed other assertion

        // Create the source file
        final String content = ""Here is some sample content for the file.  Blah Blah Blah."";
        final String contentAppend = content + content;

        try (OutputStream os = file.getContent().getOutputStream()) {
            os.write(content.getBytes(StandardCharsets.UTF_8));
        }
        // removed other assertion

        // Append to the new file
        try (OutputStream os2 = file.getContent().getOutputStream(true)) {
            os2.write(content.getBytes(StandardCharsets.UTF_8));
        }
        // removed other assertion

        // Make sure we can copy the new file to another file on the same filesystem
        final FileObject fileCopy = scratchFolder.resolveFile(""file1copy.txt"");
        // removed other assertion
        fileCopy.copyFrom(file, Selectors.SELECT_SELF);

        // removed other assertion

        // Delete the file.
        assertTrue(fileCopy.exists());
    }
",ProviderWriteAppendTests::testAppendContent_6_oe
vfs_9_7,"    @Test
    public void testAppendContent_7_oe() throws Exception {
        final FileObject scratchFolder = createScratchFolder();

        // Create direct child of the test folder
        final FileObject file = scratchFolder.resolveFile(""file1.txt"");
        // removed other assertion

        // Create the source file
        final String content = ""Here is some sample content for the file.  Blah Blah Blah."";
        final String contentAppend = content + content;

        try (OutputStream os = file.getContent().getOutputStream()) {
            os.write(content.getBytes(StandardCharsets.UTF_8));
        }
        // removed other assertion

        // Append to the new file
        try (OutputStream os2 = file.getContent().getOutputStream(true)) {
            os2.write(content.getBytes(StandardCharsets.UTF_8));
        }
        // removed other assertion

        // Make sure we can copy the new file to another file on the same filesystem
        final FileObject fileCopy = scratchFolder.resolveFile(""file1copy.txt"");
        // removed other assertion
        fileCopy.copyFrom(file, Selectors.SELECT_SELF);

        // removed other assertion

        // Delete the file.
        // removed other assertion
        assertTrue(fileCopy.delete());
    }
",ProviderWriteAppendTests::testAppendContent_7_oe
vfs_10_2,"    @Test
    public void testFolderURL_2_oe() throws Exception {
        final FileObject folder = getReadFolder().resolveFile(""dir1"");
        if (folder.getFileSystem().hasCapability(Capability.DIRECTORY_READ_CONTENT)) {
            // test might not fail on e.g. HttpFileSystem as there are no directories.
            // A Directory do have a content on http. e.g a generated directory listing or the index.html page.
            return;
        }

        // removed other assertion

        // Try getting the content of a folder
        try (final InputStream inputStream = folder.getURL().openConnection().getInputStream()) {
            fail();
    }
    }
",UrlStructureTests::testFolderURL_2_oe
vfs_11_1,"    @Test
    public void testRandomSetLength_1_oe() throws Exception {
        try (FileObject file = this.createScratchFolder().resolveFile(""random_write.txt"")) {
            file.createFile();
            final String fileString = file.toString();
            final RandomAccessContent ra = file.getContent().getRandomAccessContent(RandomAccessMode.READWRITE);

            // Write long string
            ra.writeBytes(TEST_DATA);
            Assert.assertEquals(fileString, TEST_DATA.length(), ra.length());
    }
    }
",ProviderRandomSetLengthTests::testRandomSetLength_1_oe
vfs_11_2,"    @Test
    public void testRandomSetLength_2_oe() throws Exception {
        try (FileObject file = this.createScratchFolder().resolveFile(""random_write.txt"")) {
            file.createFile();
            final String fileString = file.toString();
            final RandomAccessContent ra = file.getContent().getRandomAccessContent(RandomAccessMode.READWRITE);

            // Write long string
            ra.writeBytes(TEST_DATA);
            // removed other assertion

            // Shrink to length 1
            ra.setLength(1);
            Assert.assertEquals(fileString, 1, ra.length());
    }
    }
",ProviderRandomSetLengthTests::testRandomSetLength_2_oe
vfs_11_3,"    @Test
    public void testRandomSetLength_3_oe() throws Exception {
        try (FileObject file = this.createScratchFolder().resolveFile(""random_write.txt"")) {
            file.createFile();
            final String fileString = file.toString();
            final RandomAccessContent ra = file.getContent().getRandomAccessContent(RandomAccessMode.READWRITE);

            // Write long string
            ra.writeBytes(TEST_DATA);
            // removed other assertion

            // Shrink to length 1
            ra.setLength(1);
            // removed other assertion
            // now read 1
            ra.seek(0);
            Assert.assertEquals(fileString, TEST_DATA.charAt(0), ra.readByte());
    }
    }
",ProviderRandomSetLengthTests::testRandomSetLength_3_oe
vfs_11_4,"    @Test
    public void testRandomSetLength_4_oe() throws Exception {
        try (FileObject file = this.createScratchFolder().resolveFile(""random_write.txt"")) {
            file.createFile();
            final String fileString = file.toString();
            final RandomAccessContent ra = file.getContent().getRandomAccessContent(RandomAccessMode.READWRITE);

            // Write long string
            ra.writeBytes(TEST_DATA);
            // removed other assertion

            // Shrink to length 1
            ra.setLength(1);
            // removed other assertion
            // now read 1
            ra.seek(0);
            // removed other assertion

            try {
                ra.readByte();
                Assert.fail(""Expected "" + Exception.class.getName());
    }
    }
    }
",ProviderRandomSetLengthTests::testRandomSetLength_4_oe
vfs_14_3,"    @Test
    public void testDotJarFolderNameLayer_3_oe() throws Exception {
        final FileObject folder = getReadFolderDir1().resolveFile(""subdir4.jar"");
        // removed other assertion
        // removed other assertion
        try {
            final FileObject ignored = getManager().createFileSystem(folder);
            fail(""Should not be able to create a layered filesystem on a directory. "" + ignored);
    }
    }
",ProviderReadTests::testDotJarFolderNameLayer_3_oe
vfs_16_1,"    @Test
    public void testFolderContent_1_oe() throws Exception {
        if (getFileSystem().hasCapability(Capability.DIRECTORY_READ_CONTENT)) {
            // test wont fail
            return;
        }

        // Try getting the content of a folder
        final FileObject folder = getReadFolderDir1();
        try {
            folder.getContent().getInputStream();
            fail();
    }
    }
",ProviderReadTests::testFolderContent_1_oe
vfs_22_2,"    @Test
    public void testReadEmptyMultipleEOF_2_oe() throws Exception {
        final FileObject file = getReadFolder().resolveFile(""empty.txt"");
        // removed other assertion

        // Start reading from the file
        try (InputStream instr = file.getContent().getInputStream()) {
            assertEquals(""read() from empty file should return EOF"", -1, instr.read());
    }
    }
",ProviderReadTests::testReadEmptyMultipleEOF_2_oe
vfs_22_3,"    @Test
    public void testReadEmptyMultipleEOF_3_oe() throws Exception {
        final FileObject file = getReadFolder().resolveFile(""empty.txt"");
        // removed other assertion

        // Start reading from the file
        try (InputStream instr = file.getContent().getInputStream()) {
            // removed other assertion

            for (int i = 0; i < 5; i++) {
                assertEquals(""multiple read() at EOF should return EOF"", -1, instr.read());
    }
    }
    }
",ProviderReadTests::testReadEmptyMultipleEOF_3_oe
vfs_23_3,"    @Test
    public void testReadFileEOFMultiple_3_oe() throws Exception {
        final FileObject file = getReadFolder().resolveFile(""file1.txt"");
        // removed other assertion
        // removed other assertion

        // Start reading from the file
        try (InputStream instr = file.getContent().getInputStream()) {
            final byte[] buf = new byte[25];
            assertEquals(20, instr.read(buf));
    }
    }
",ProviderReadTests::testReadFileEOFMultiple_3_oe
vfs_23_4,"    @Test
    public void testReadFileEOFMultiple_4_oe() throws Exception {
        final FileObject file = getReadFolder().resolveFile(""file1.txt"");
        // removed other assertion
        // removed other assertion

        // Start reading from the file
        try (InputStream instr = file.getContent().getInputStream()) {
            final byte[] buf = new byte[25];
            // removed other assertion

            for (int i = 0; i < 5; i++) {
                assertEquals(""multiple read(byte[]) at EOF should return EOF"", -1, instr.read(buf));
    }
    }
    }
",ProviderReadTests::testReadFileEOFMultiple_4_oe
vfs_33_1,"    @Test
    public void testByteArrayReadAll_1_oe() throws Exception {
        // Get the test file
        try (final FileObject file = getReadFolder().resolveFile(""file1.txt"")) {
            assertEquals(FileType.FILE, file.getType());
    }
    }
",ContentTests::testByteArrayReadAll_1_oe
vfs_33_2,"    @Test
    public void testByteArrayReadAll_2_oe() throws Exception {
        // Get the test file
        try (final FileObject file = getReadFolder().resolveFile(""file1.txt"")) {
            // removed other assertion
            assertTrue(file.isFile());
    }
    }
",ContentTests::testByteArrayReadAll_2_oe
vfs_33_3,"    @Test
    public void testByteArrayReadAll_3_oe() throws Exception {
        // Get the test file
        try (final FileObject file = getReadFolder().resolveFile(""file1.txt"")) {
            // removed other assertion
            // removed other assertion

            assertEquals(FILE1_CONTENT, new String(file.getContent().getByteArray()));
    }
    }
",ContentTests::testByteArrayReadAll_3_oe
vfs_34_3,"    @Test
    public void testChildren_3_oe() throws FileSystemException {
        // Check for file
        FileObject file = getReadFolder().resolveFile(""file1.txt"");
        // removed other assertion
        // removed other assertion
        try {
            file.getChildren();
            fail();
    }
    }
",ContentTests::testChildren_3_oe
vfs_34_7,"    @Test
    public void testChildren_7_oe() throws FileSystemException {
        // Check for file
        FileObject file = getReadFolder().resolveFile(""file1.txt"");
        // removed other assertion
        // removed other assertion
        try {
            file.getChildren();
            // removed other assertion
        } catch (final FileSystemException e) {
            // removed other assertion
        }

        // Should be able to get child by name
        file = file.resolveFile(""some-child"");
        // removed other assertion

        // Check for unknown file
        file = getReadFolder().resolveFile(""unknown-file"");
        // removed other assertion
        try {
            file.getChildren();
            fail();
    }
    }
",ContentTests::testChildren_7_oe
vfs_37_1,"    @Test
    public void testGetString_Charset_1_oe() throws Exception {
        // Get the test file
        try (final FileObject file = getReadFolder().resolveFile(""file1.txt"")) {
            assertEquals(FileType.FILE, file.getType());
    }
    }
",ContentTests::testGetString_Charset_1_oe
vfs_37_2,"    @Test
    public void testGetString_Charset_2_oe() throws Exception {
        // Get the test file
        try (final FileObject file = getReadFolder().resolveFile(""file1.txt"")) {
            // removed other assertion
            assertTrue(file.isFile());
    }
    }
",ContentTests::testGetString_Charset_2_oe
vfs_37_3,"    @Test
    public void testGetString_Charset_3_oe() throws Exception {
        // Get the test file
        try (final FileObject file = getReadFolder().resolveFile(""file1.txt"")) {
            // removed other assertion
            // removed other assertion

            assertEquals(FILE1_CONTENT, new String(file.getContent().getString(StandardCharsets.UTF_8)));
    }
    }
",ContentTests::testGetString_Charset_3_oe
vfs_38_1,"    @Test
    public void testGetString_String_1_oe() throws Exception {
        // Get the test file
        try (final FileObject file = getReadFolder().resolveFile(""file1.txt"")) {
            assertEquals(FileType.FILE, file.getType());
    }
    }
",ContentTests::testGetString_String_1_oe
vfs_38_2,"    @Test
    public void testGetString_String_2_oe() throws Exception {
        // Get the test file
        try (final FileObject file = getReadFolder().resolveFile(""file1.txt"")) {
            // removed other assertion
            assertTrue(file.isFile());
    }
    }
",ContentTests::testGetString_String_2_oe
vfs_38_3,"    @Test
    public void testGetString_String_3_oe() throws Exception {
        // Get the test file
        try (final FileObject file = getReadFolder().resolveFile(""file1.txt"")) {
            // removed other assertion
            // removed other assertion

            assertEquals(FILE1_CONTENT, new String(file.getContent().getString(StandardCharsets.UTF_8.name())));
    }
    }
",ContentTests::testGetString_String_3_oe
vfs_40_1,"    @Test
    public void testInputStreamReadAll_1_oe() throws Exception {
        // Get the test file
        try (final FileObject file = getReadFolder().resolveFile(""file1.txt"")) {
            assertEquals(FileType.FILE, file.getType());
    }
    }
",ContentTests::testInputStreamReadAll_1_oe
vfs_40_2,"    @Test
    public void testInputStreamReadAll_2_oe() throws Exception {
        // Get the test file
        try (final FileObject file = getReadFolder().resolveFile(""file1.txt"")) {
            // removed other assertion
            assertTrue(file.isFile());
    }
    }
",ContentTests::testInputStreamReadAll_2_oe
vfs_40_3,"    @Test
    public void testInputStreamReadAll_3_oe() throws Exception {
        // Get the test file
        try (final FileObject file = getReadFolder().resolveFile(""file1.txt"")) {
            // removed other assertion
            // removed other assertion

            final ByteArrayOutputStream output = new ByteArrayOutputStream();
            file.getContent().write(output);
            assertEquals(FILE1_CONTENT, new String(output.toByteArray()));
    }
    }
",ContentTests::testInputStreamReadAll_3_oe
vfs_47_1,"    @Test
    public void testUnknownContent_1_oe() throws Exception {

        // Try getting the content of an unknown file
        final FileObject unknownFile = getReadFolder().resolveFile(""unknown-file"");
        final FileContent content = unknownFile.getContent();
        try {
            content.getInputStream();
            fail();
    }
    }
",ContentTests::testUnknownContent_1_oe
vfs_47_3,"    @Test
    public void testUnknownContent_3_oe() throws Exception {

        // Try getting the content of an unknown file
        final FileObject unknownFile = getReadFolder().resolveFile(""unknown-file"");
        final FileContent content = unknownFile.getContent();
        try {
            content.getInputStream();
            // removed other assertion
        } catch (final FileSystemException e) {
            // removed other assertion
        }
        try {
            content.getSize();
            fail();
    }
    }
",ContentTests::testUnknownContent_3_oe
vfs_48_1,"    @Test
    public void testAbsoluteURI_1_oe() throws Exception {
        final FileObject readFolder = getReadFolder();

        // Try fetching base folder again by its Path
        final String pathStr = readFolder.getPath().toString();
        try (FileObject fileObject = getManager().resolveFile(pathStr,
            readFolder.getFileSystem().getFileSystemOptions())) {
            assertSame(""file object"", readFolder, fileObject);
    }
    }
",PathTests::testAbsoluteURI_1_oe
vfs_48_2,"    @Test
    public void testAbsoluteURI_2_oe() throws Exception {
        final FileObject readFolder = getReadFolder();

        // Try fetching base folder again by its Path
        final String pathStr = readFolder.getPath().toString();
        try (FileObject fileObject = getManager().resolveFile(pathStr,
            readFolder.getFileSystem().getFileSystemOptions())) {
            // removed other assertion
        }

        // Try fetching the filesystem root by its Path
        final Path rootPath = Paths.get(readFolder.getName().getRootURI());
        try (FileObject fileObject = getManager().resolveFile(rootPath.toString(),
            readFolder.getFileSystem().getFileSystemOptions())) {
            assertSame(readFolder.getFileSystem().getRoot(), fileObject);
    }
    }
",PathTests::testAbsoluteURI_2_oe
vfs_48_3,"    @Test
    public void testAbsoluteURI_3_oe() throws Exception {
        final FileObject readFolder = getReadFolder();

        // Try fetching base folder again by its Path
        final String pathStr = readFolder.getPath().toString();
        try (FileObject fileObject = getManager().resolveFile(pathStr,
            readFolder.getFileSystem().getFileSystemOptions())) {
            // removed other assertion
        }

        // Try fetching the filesystem root by its Path
        final Path rootPath = Paths.get(readFolder.getName().getRootURI());
        try (FileObject fileObject = getManager().resolveFile(rootPath.toString(),
            readFolder.getFileSystem().getFileSystemOptions())) {
            // removed other assertion
            assertEquals(rootPath, Paths.get(fileObject.getName().getRootURI()));
    }
    }
",PathTests::testAbsoluteURI_3_oe
vfs_48_4,"    @Test
    public void testAbsoluteURI_4_oe() throws Exception {
        final FileObject readFolder = getReadFolder();

        // Try fetching base folder again by its Path
        final String pathStr = readFolder.getPath().toString();
        try (FileObject fileObject = getManager().resolveFile(pathStr,
            readFolder.getFileSystem().getFileSystemOptions())) {
            // removed other assertion
        }

        // Try fetching the filesystem root by its Path
        final Path rootPath = Paths.get(readFolder.getName().getRootURI());
        try (FileObject fileObject = getManager().resolveFile(rootPath.toString(),
            readFolder.getFileSystem().getFileSystemOptions())) {
            // removed other assertion
            // removed other assertion
            assertEquals(rootPath, fileObject.getName().getPath());
    }
    }
",PathTests::testAbsoluteURI_4_oe
vfs_48_5,"    @Test
    public void testAbsoluteURI_5_oe() throws Exception {
        final FileObject readFolder = getReadFolder();

        // Try fetching base folder again by its Path
        final String pathStr = readFolder.getPath().toString();
        try (FileObject fileObject = getManager().resolveFile(pathStr,
            readFolder.getFileSystem().getFileSystemOptions())) {
            // removed other assertion
        }

        // Try fetching the filesystem root by its Path
        final Path rootPath = Paths.get(readFolder.getName().getRootURI());
        try (FileObject fileObject = getManager().resolveFile(rootPath.toString(),
            readFolder.getFileSystem().getFileSystemOptions())) {
            // removed other assertion
            // removed other assertion
            // removed other assertion
            assertEquals(FileName.ROOT_PATH, fileObject.getName().getPath());
    }
    }
",PathTests::testAbsoluteURI_5_oe
vfs_49_1,"    @Test
    public void testGetPath_1_oe() throws Exception {
        try (final FileObject fileObject = getReadFolder().resolveFile(""some-dir/"")) {
            final Path path = fileObject.getPath();

            // FileName#getURI() returns a String, not a URI.
            assertEquals(Paths.get(fileObject.getName().getURI()).toString(), path.toString());
    }
    }
",PathTests::testGetPath_1_oe
vfs_49_2,"    @Test
    public void testGetPath_2_oe() throws Exception {
        try (final FileObject fileObject = getReadFolder().resolveFile(""some-dir/"")) {
            final Path path = fileObject.getPath();

            // FileName#getURI() returns a String, not a URI.
            // removed other assertion
            assertEquals(Paths.get(fileObject.getName().getURI()), path);
    }
    }
",PathTests::testGetPath_2_oe
vfs_49_3,"    @Test
    public void testGetPath_3_oe() throws Exception {
        try (final FileObject fileObject = getReadFolder().resolveFile(""some-dir/"")) {
            final Path path = fileObject.getPath();

            // FileName#getURI() returns a String, not a URI.
            // removed other assertion
            // removed other assertion

            assertEquals(fileObject.getPath().toString(), fileObject.getURI().toString());
    }
    }
",PathTests::testGetPath_3_oe
vfs_50_1,"    @Test
    public void testReservedCharacterSpace_1_oe() throws FileSystemException {
        try (final FileObject fileObject = getReadFolder().resolveFile(""file with spaces.txt"")) {
            final Path path = fileObject.getPath();
            final String string = path.toString();
            assertTrue(string, string.contains(""file%20with%20spaces.txt""));
    }
    }
",PathTests::testReservedCharacterSpace_1_oe
vfs_50_2,"    @Test
    public void testReservedCharacterSpace_2_oe() throws FileSystemException {
        try (final FileObject fileObject = getReadFolder().resolveFile(""file with spaces.txt"")) {
            final Path path = fileObject.getPath();
            final String string = path.toString();
            // removed other assertion
        }
        try (final FileObject fileObject = getReadFolder().resolveFile(""file%20with%20spaces.txt"")) {
            final Path path = fileObject.getPath();
            final String string = path.toString();
            assertTrue(string, string.contains(""file%20with%20spaces.txt""));
    }
    }
",PathTests::testReservedCharacterSpace_2_oe
vfs_51_1,"    @Test
    public void testURIContentProvider_1_oe() throws Exception {
        // Test non-empty file
        try (final FileObject fileObject = getReadFolder().resolveFile(""file1.txt"")) {
            assertTrue(fileObject.exists());
    }
    }
",PathTests::testURIContentProvider_1_oe
vfs_51_2,"    @Test
    public void testURIContentProvider_2_oe() throws Exception {
        // Test non-empty file
        try (final FileObject fileObject = getReadFolder().resolveFile(""file1.txt"")) {
            // removed other assertion

            final Path path = fileObject.getPath();
            final String pathStr = path.toString();
            final FileSystemOptions options = getReadFolder().getFileSystem().getFileSystemOptions();

            try (final FileObject f1 = getManager().resolveFile(pathStr, options);
                final FileObject f2 = getManager().resolveFile(pathStr, options)) {

                assertEquals(""Two files resolved by URI must be equals on "" + pathStr, f1, f2);
    }
    }
    }
",PathTests::testURIContentProvider_2_oe
vfs_51_3,"    @Test
    public void testURIContentProvider_3_oe() throws Exception {
        // Test non-empty file
        try (final FileObject fileObject = getReadFolder().resolveFile(""file1.txt"")) {
            // removed other assertion

            final Path path = fileObject.getPath();
            final String pathStr = path.toString();
            final FileSystemOptions options = getReadFolder().getFileSystem().getFileSystemOptions();

            try (final FileObject f1 = getManager().resolveFile(pathStr, options);
                final FileObject f2 = getManager().resolveFile(pathStr, options)) {

                // removed other assertion
                assertSame(""Resolving two times should not produce new filesystem on "" + pathStr,f1.getFileSystem(),f2.getFileSystem());
    }
    }
    }
",PathTests::testURIContentProvider_3_oe
vfs_57_6,"    @Test
    public void testRelativeUriEncoding_6_oe() throws Exception {
        // Build base dir
        getManager().setBaseFile(getReadFolder());
        final String path = getReadFolder().getName().getPath();

        // §1 Encode ""some file""
        FileObject file = getManager().resolveFile(""%73%6f%6d%65%20%66%69%6c%65"");
        // removed other assertion

        // §2 Encode "".""
        file = getManager().resolveFile(""%2e"");
        // 18-6-2005 imario@apache.org: no need to keep the ""current directory""
        // assertEquals(path + ""/."", file.getName().getPathDecoded());
        // removed other assertion

        // §3 Encode '%'
        file = getManager().resolveFile(""a%25"");
        // removed other assertion

        // §4 Encode /
        file = getManager().resolveFile(""dir%2fchild"");
        // removed other assertion

        // §5 Encode \
        file = getManager().resolveFile(""dir%5cchild"");
        // 18-6-2005 imario@apache.org: all file separators normalized to ""/""
        // decided to do this to get the same behavior as in §4 on windows
        // platforms
        // assertEquals(path + ""/dir\\child"", file.getName().getPathDecoded());
        // removed other assertion

        // §6 Use ""%"" literal
        try {
            getManager().resolveFile(""%"");
            fail();
    }
    }
",NamingTests::testRelativeUriEncoding_6_oe
vfs_57_7,"    @Test
    public void testRelativeUriEncoding_7_oe() throws Exception {
        // Build base dir
        getManager().setBaseFile(getReadFolder());
        final String path = getReadFolder().getName().getPath();

        // §1 Encode ""some file""
        FileObject file = getManager().resolveFile(""%73%6f%6d%65%20%66%69%6c%65"");
        // removed other assertion

        // §2 Encode "".""
        file = getManager().resolveFile(""%2e"");
        // 18-6-2005 imario@apache.org: no need to keep the ""current directory""
        // assertEquals(path + ""/."", file.getName().getPathDecoded());
        // removed other assertion

        // §3 Encode '%'
        file = getManager().resolveFile(""a%25"");
        // removed other assertion

        // §4 Encode /
        file = getManager().resolveFile(""dir%2fchild"");
        // removed other assertion

        // §5 Encode \
        file = getManager().resolveFile(""dir%5cchild"");
        // 18-6-2005 imario@apache.org: all file separators normalized to ""/""
        // decided to do this to get the same behavior as in §4 on windows
        // platforms
        // assertEquals(path + ""/dir\\child"", file.getName().getPathDecoded());
        // removed other assertion

        // §6 Use ""%"" literal
        try {
            getManager().resolveFile(""%"");
            // removed other assertion
        } catch (final FileSystemException e) {
        }

        // §7 Not enough digits in encoded char
        try {
            getManager().resolveFile(""%5"");
            fail();
    }
    }
",NamingTests::testRelativeUriEncoding_7_oe
vfs_57_8,"    @Test
    public void testRelativeUriEncoding_8_oe() throws Exception {
        // Build base dir
        getManager().setBaseFile(getReadFolder());
        final String path = getReadFolder().getName().getPath();

        // §1 Encode ""some file""
        FileObject file = getManager().resolveFile(""%73%6f%6d%65%20%66%69%6c%65"");
        // removed other assertion

        // §2 Encode "".""
        file = getManager().resolveFile(""%2e"");
        // 18-6-2005 imario@apache.org: no need to keep the ""current directory""
        // assertEquals(path + ""/."", file.getName().getPathDecoded());
        // removed other assertion

        // §3 Encode '%'
        file = getManager().resolveFile(""a%25"");
        // removed other assertion

        // §4 Encode /
        file = getManager().resolveFile(""dir%2fchild"");
        // removed other assertion

        // §5 Encode \
        file = getManager().resolveFile(""dir%5cchild"");
        // 18-6-2005 imario@apache.org: all file separators normalized to ""/""
        // decided to do this to get the same behavior as in §4 on windows
        // platforms
        // assertEquals(path + ""/dir\\child"", file.getName().getPathDecoded());
        // removed other assertion

        // §6 Use ""%"" literal
        try {
            getManager().resolveFile(""%"");
            // removed other assertion
        } catch (final FileSystemException e) {
        }

        // §7 Not enough digits in encoded char
        try {
            getManager().resolveFile(""%5"");
            // removed other assertion
        } catch (final FileSystemException e) {
        }

        // §8 Invalid digit in encoded char
        try {
            getManager().resolveFile(""%q"");
            fail();
    }
    }
",NamingTests::testRelativeUriEncoding_8_oe
vfs_63_3,"    @Test
    public void testCopyFromOverwriteSameFileSystem_3_oe() throws Exception {
        final FileObject scratchFolder = createScratchFolder();

        // Create direct child of the test folder
        final FileObject file = scratchFolder.resolveFile(""file1.txt"");
        // removed other assertion

        // Create the source file
        final String content = ""Here is some sample content for the file.  Blah Blah Blah."";
        try (OutputStream os = file.getContent().getOutputStream()) {
            os.write(content.getBytes(StandardCharsets.UTF_8));
        }

        // removed other assertion

        // Make sure we can copy the new file to another file on the same filesystem
        final FileObject fileCopy = scratchFolder.resolveFile(""file1copy.txt"");
        assertFalse(fileCopy.exists());
    }
",ProviderWriteTests::testCopyFromOverwriteSameFileSystem_3_oe
vfs_63_5,"    @Test
    public void testCopyFromOverwriteSameFileSystem_5_oe() throws Exception {
        final FileObject scratchFolder = createScratchFolder();

        // Create direct child of the test folder
        final FileObject file = scratchFolder.resolveFile(""file1.txt"");
        // removed other assertion

        // Create the source file
        final String content = ""Here is some sample content for the file.  Blah Blah Blah."";
        try (OutputStream os = file.getContent().getOutputStream()) {
            os.write(content.getBytes(StandardCharsets.UTF_8));
        }

        // removed other assertion

        // Make sure we can copy the new file to another file on the same filesystem
        final FileObject fileCopy = scratchFolder.resolveFile(""file1copy.txt"");
        // removed other assertion
        fileCopy.copyFrom(file, Selectors.SELECT_SELF);

        // removed other assertion

        // Make sure we can copy the same new file to the same target file on the same filesystem
        assertTrue(fileCopy.exists());
    }
",ProviderWriteTests::testCopyFromOverwriteSameFileSystem_5_oe
vfs_64_3,"    @Test
    public void testCopySameFileSystem_3_oe() throws Exception {
        final FileObject scratchFolder = createScratchFolder();

        // Create direct child of the test folder
        final FileObject file = scratchFolder.resolveFile(""file1.txt"");
        // removed other assertion

        // Create the source file
        final String content = ""Here is some sample content for the file.  Blah Blah Blah."";
        try (OutputStream os = file.getContent().getOutputStream()) {
            os.write(content.getBytes(StandardCharsets.UTF_8));
        }

        // removed other assertion

        // Make sure we can copy the new file to another file on the same filesystem
        final FileObject fileCopy = scratchFolder.resolveFile(""file1copy.txt"");
        assertFalse(fileCopy.exists());
    }
",ProviderWriteTests::testCopySameFileSystem_3_oe
vfs_65_3,"    @Test
    public void testCreateDeleteCreateSameFileSystem_3_oe() throws Exception {
        final FileObject scratchFolder = createScratchFolder();

        // Create direct child of the test folder
        final FileObject file = scratchFolder.resolveFile(""file1.txt"");
        // removed other assertion

        // Create the source file
        final String content = ""Here is some sample content for the file.  Blah Blah Blah."";
        try (OutputStream os = file.getContent().getOutputStream()) {
            os.write(content.getBytes(StandardCharsets.UTF_8));
        }

        // removed other assertion

        // Make sure we can copy the new file to another file on the same filesystem
        final FileObject fileCopy = scratchFolder.resolveFile(""file1copy.txt"");
        assertFalse(fileCopy.exists());
    }
",ProviderWriteTests::testCreateDeleteCreateSameFileSystem_3_oe
vfs_65_5,"    @Test
    public void testCreateDeleteCreateSameFileSystem_5_oe() throws Exception {
        final FileObject scratchFolder = createScratchFolder();

        // Create direct child of the test folder
        final FileObject file = scratchFolder.resolveFile(""file1.txt"");
        // removed other assertion

        // Create the source file
        final String content = ""Here is some sample content for the file.  Blah Blah Blah."";
        try (OutputStream os = file.getContent().getOutputStream()) {
            os.write(content.getBytes(StandardCharsets.UTF_8));
        }

        // removed other assertion

        // Make sure we can copy the new file to another file on the same filesystem
        final FileObject fileCopy = scratchFolder.resolveFile(""file1copy.txt"");
        // removed other assertion
        fileCopy.copyFrom(file, Selectors.SELECT_SELF);

        // removed other assertion

        // Delete the file.
        assertTrue(fileCopy.exists());
    }
",ProviderWriteTests::testCreateDeleteCreateSameFileSystem_5_oe
vfs_65_6,"    @Test
    public void testCreateDeleteCreateSameFileSystem_6_oe() throws Exception {
        final FileObject scratchFolder = createScratchFolder();

        // Create direct child of the test folder
        final FileObject file = scratchFolder.resolveFile(""file1.txt"");
        // removed other assertion

        // Create the source file
        final String content = ""Here is some sample content for the file.  Blah Blah Blah."";
        try (OutputStream os = file.getContent().getOutputStream()) {
            os.write(content.getBytes(StandardCharsets.UTF_8));
        }

        // removed other assertion

        // Make sure we can copy the new file to another file on the same filesystem
        final FileObject fileCopy = scratchFolder.resolveFile(""file1copy.txt"");
        // removed other assertion
        fileCopy.copyFrom(file, Selectors.SELECT_SELF);

        // removed other assertion

        // Delete the file.
        // removed other assertion
        assertTrue(fileCopy.delete());
    }
",ProviderWriteTests::testCreateDeleteCreateSameFileSystem_6_oe
vfs_65_7,"    @Test
    public void testCreateDeleteCreateSameFileSystem_7_oe() throws Exception {
        final FileObject scratchFolder = createScratchFolder();

        // Create direct child of the test folder
        final FileObject file = scratchFolder.resolveFile(""file1.txt"");
        // removed other assertion

        // Create the source file
        final String content = ""Here is some sample content for the file.  Blah Blah Blah."";
        try (OutputStream os = file.getContent().getOutputStream()) {
            os.write(content.getBytes(StandardCharsets.UTF_8));
        }

        // removed other assertion

        // Make sure we can copy the new file to another file on the same filesystem
        final FileObject fileCopy = scratchFolder.resolveFile(""file1copy.txt"");
        // removed other assertion
        fileCopy.copyFrom(file, Selectors.SELECT_SELF);

        // removed other assertion

        // Delete the file.
        // removed other assertion
        // removed other assertion

        // Make sure we can copy the same new file to the same target file on the same filesystem
        assertFalse(fileCopy.exists());
    }
",ProviderWriteTests::testCreateDeleteCreateSameFileSystem_7_oe
vfs_69_5,"    @Test
    public void testFileCreateMismatched_5_oe() throws Exception {
        final FileObject scratchFolder = createScratchFolder();

        // Create a test file and folder
        final FileObject file = scratchFolder.resolveFile(""dir1/file1.txt"");
        file.createFile();
        // removed other assertion
        // removed other assertion

        final FileObject folder = scratchFolder.resolveFile(""dir1/dir2"");
        folder.createFolder();
        // removed other assertion
        // removed other assertion

        // Attempt to create a file that already exists as a folder
        try {
            folder.createFile();
            fail();
    }
    }
",ProviderWriteTests::testFileCreateMismatched_5_oe
vfs_69_6,"    @Test
    public void testFileCreateMismatched_6_oe() throws Exception {
        final FileObject scratchFolder = createScratchFolder();

        // Create a test file and folder
        final FileObject file = scratchFolder.resolveFile(""dir1/file1.txt"");
        file.createFile();
        // removed other assertion
        // removed other assertion

        final FileObject folder = scratchFolder.resolveFile(""dir1/dir2"");
        folder.createFolder();
        // removed other assertion
        // removed other assertion

        // Attempt to create a file that already exists as a folder
        try {
            folder.createFile();
            // removed other assertion
        } catch (final FileSystemException exc) {
        }

        // Attempt to create a folder that already exists as a file
        try {
            file.createFolder();
            fail();
    }
    }
",ProviderWriteTests::testFileCreateMismatched_6_oe
vfs_69_7,"    @Test
    public void testFileCreateMismatched_7_oe() throws Exception {
        final FileObject scratchFolder = createScratchFolder();

        // Create a test file and folder
        final FileObject file = scratchFolder.resolveFile(""dir1/file1.txt"");
        file.createFile();
        // removed other assertion
        // removed other assertion

        final FileObject folder = scratchFolder.resolveFile(""dir1/dir2"");
        folder.createFolder();
        // removed other assertion
        // removed other assertion

        // Attempt to create a file that already exists as a folder
        try {
            folder.createFile();
            // removed other assertion
        } catch (final FileSystemException exc) {
        }

        // Attempt to create a folder that already exists as a file
        try {
            file.createFolder();
            // removed other assertion
        } catch (final FileSystemException exc) {
        }

        // Attempt to create a folder as a child of a file
        final FileObject folder2 = file.resolveFile(""some-child"");
        try {
            folder2.createFolder();
            fail();
    }
    }
",ProviderWriteTests::testFileCreateMismatched_7_oe
vfs_76_3,"    @Test
    public void testOverwriteSameFileSystem_3_oe() throws Exception {
        final FileObject scratchFolder = createScratchFolder();

        // Create direct child of the test folder
        final FileObject file = scratchFolder.resolveFile(""file1.txt"");
        // removed other assertion

        // Create the source file
        final String content = ""Here is some sample content for the file.  Blah Blah Blah."";
        try (OutputStream os = file.getContent().getOutputStream()) {
            os.write(content.getBytes(StandardCharsets.UTF_8));
        }

        // removed other assertion

        // Make sure we can copy the new file to another file on the same file system
        final FileObject fileCopy = scratchFolder.resolveFile(""file1copy.txt"");
        assertFalse(fileCopy.exists());
    }
",ProviderWriteTests::testOverwriteSameFileSystem_3_oe
vfs_76_5,"    @Test
    public void testOverwriteSameFileSystem_5_oe() throws Exception {
        final FileObject scratchFolder = createScratchFolder();

        // Create direct child of the test folder
        final FileObject file = scratchFolder.resolveFile(""file1.txt"");
        // removed other assertion

        // Create the source file
        final String content = ""Here is some sample content for the file.  Blah Blah Blah."";
        try (OutputStream os = file.getContent().getOutputStream()) {
            os.write(content.getBytes(StandardCharsets.UTF_8));
        }

        // removed other assertion

        // Make sure we can copy the new file to another file on the same file system
        final FileObject fileCopy = scratchFolder.resolveFile(""file1copy.txt"");
        // removed other assertion
        file.getContent().write(fileCopy);

        // removed other assertion

        // Make sure we can copy the same new file to the same target file on the same file system
        assertTrue(fileCopy.exists());
    }
",ProviderWriteTests::testOverwriteSameFileSystem_5_oe
vfs_76_7,"    @Test
    public void testOverwriteSameFileSystem_7_oe() throws Exception {
        final FileObject scratchFolder = createScratchFolder();

        // Create direct child of the test folder
        final FileObject file = scratchFolder.resolveFile(""file1.txt"");
        // removed other assertion

        // Create the source file
        final String content = ""Here is some sample content for the file.  Blah Blah Blah."";
        try (OutputStream os = file.getContent().getOutputStream()) {
            os.write(content.getBytes(StandardCharsets.UTF_8));
        }

        // removed other assertion

        // Make sure we can copy the new file to another file on the same file system
        final FileObject fileCopy = scratchFolder.resolveFile(""file1copy.txt"");
        // removed other assertion
        file.getContent().write(fileCopy);

        // removed other assertion

        // Make sure we can copy the same new file to the same target file on the same file system
        // removed other assertion
        file.getContent().write(fileCopy);

        // removed other assertion

        // Make sure we can copy the same new file to the same target file on the same file system
        assertTrue(fileCopy.exists());
    }
",ProviderWriteTests::testOverwriteSameFileSystem_7_oe
vfs_76_9,"    @Test
    public void testOverwriteSameFileSystem_9_oe() throws Exception {
        final FileObject scratchFolder = createScratchFolder();

        // Create direct child of the test folder
        final FileObject file = scratchFolder.resolveFile(""file1.txt"");
        // removed other assertion

        // Create the source file
        final String content = ""Here is some sample content for the file.  Blah Blah Blah."";
        try (OutputStream os = file.getContent().getOutputStream()) {
            os.write(content.getBytes(StandardCharsets.UTF_8));
        }

        // removed other assertion

        // Make sure we can copy the new file to another file on the same file system
        final FileObject fileCopy = scratchFolder.resolveFile(""file1copy.txt"");
        // removed other assertion
        file.getContent().write(fileCopy);

        // removed other assertion

        // Make sure we can copy the same new file to the same target file on the same file system
        // removed other assertion
        file.getContent().write(fileCopy);

        // removed other assertion

        // Make sure we can copy the same new file to the same target file on the same file system
        // removed other assertion
        file.getContent().write(fileCopy.getContent());

        // removed other assertion

        // Make sure we can copy the same new file to the same target file on the same file system
        assertTrue(fileCopy.exists());
    }
",ProviderWriteTests::testOverwriteSameFileSystem_9_oe
vfs_77_3,"    @Test
    public void testWriteSameFileSystem_3_oe() throws Exception {
        final FileObject scratchFolder = createScratchFolder();

        // Create direct child of the test folder
        final FileObject fileSource = scratchFolder.resolveFile(""file1.txt"");
        // removed other assertion

        // Create the source file
        final String expectedString = ""Here is some sample content for the file.  Blah Blah Blah."";
        try (OutputStream expectedOutputStream = fileSource.getContent().getOutputStream()) {
            expectedOutputStream.write(expectedString.getBytes(StandardCharsets.UTF_8));
        }

        // removed other assertion

        // Make sure we can copy the new file to another file on the same filesystem
        final FileObject fileTarget = scratchFolder.resolveFile(""file1copy.txt"");
        assertFalse(fileTarget.exists());
    }
",ProviderWriteTests::testWriteSameFileSystem_3_oe
vfs_78_1,"    @Test
    public void testReservedCharacter_Space_1_oe() throws FileSystemException {
        try (final FileObject fileObject = getReadFolder().resolveFile(""file with spaces.txt"")) {
            final URL url = fileObject.getURL();
            final String string = url.toString();
            assertTrue(string, string.contains(""file%20with%20spaces.txt""));
    }
    }
",UrlTests::testReservedCharacter_Space_1_oe
vfs_78_2,"    @Test
    public void testReservedCharacter_Space_2_oe() throws FileSystemException {
        try (final FileObject fileObject = getReadFolder().resolveFile(""file with spaces.txt"")) {
            final URL url = fileObject.getURL();
            final String string = url.toString();
            // removed other assertion
        }
        try (final FileObject fileObject = getReadFolder().resolveFile(""file%20with%20spaces.txt"")) {
            final URL url = fileObject.getURL();
            final String string = url.toString();
            assertTrue(string, string.contains(""file%20with%20spaces.txt""));
    }
    }
",UrlTests::testReservedCharacter_Space_2_oe
vfs_79_2,"    @Test
    public void testUnknownURL_2_oe() throws Exception {
        // Try getting the content of an unknown file
        final FileObject unknownFile = getReadFolder().resolveFile(""unknown-file"");
        // removed other assertion

        final URLConnection connection = unknownFile.getURL().openConnection();
        try {
            connection.getInputStream();
            fail();
    }
    }
",UrlTests::testUnknownURL_2_oe
vfs_111_1,"    @Test
    public void testRandomRead_1_oe() throws Exception {
        try (FileObject file = getReadFolder().resolveFile(""file1.txt"")) {
            final RandomAccessContent ra = file.getContent().getRandomAccessContent(RandomAccessMode.READ);

            // read first byte
            byte c = ra.readByte();
            assertEquals(TEST_DATA.charAt(0), c);
    }
    }
",ProviderRandomReadTests::testRandomRead_1_oe
vfs_111_2,"    @Test
    public void testRandomRead_2_oe() throws Exception {
        try (FileObject file = getReadFolder().resolveFile(""file1.txt"")) {
            final RandomAccessContent ra = file.getContent().getRandomAccessContent(RandomAccessMode.READ);

            // read first byte
            byte c = ra.readByte();
            // removed other assertion
            assertEquals(""fp"", 1, ra.getFilePointer());
    }
    }
",ProviderRandomReadTests::testRandomRead_2_oe
vfs_111_3,"    @Test
    public void testRandomRead_3_oe() throws Exception {
        try (FileObject file = getReadFolder().resolveFile(""file1.txt"")) {
            final RandomAccessContent ra = file.getContent().getRandomAccessContent(RandomAccessMode.READ);

            // read first byte
            byte c = ra.readByte();
            // removed other assertion
            // removed other assertion

            // start at pos 4
            ra.seek(3);
            c = ra.readByte();
            assertEquals(TEST_DATA.charAt(3), c);
    }
    }
",ProviderRandomReadTests::testRandomRead_3_oe
vfs_111_4,"    @Test
    public void testRandomRead_4_oe() throws Exception {
        try (FileObject file = getReadFolder().resolveFile(""file1.txt"")) {
            final RandomAccessContent ra = file.getContent().getRandomAccessContent(RandomAccessMode.READ);

            // read first byte
            byte c = ra.readByte();
            // removed other assertion
            // removed other assertion

            // start at pos 4
            ra.seek(3);
            c = ra.readByte();
            // removed other assertion
            assertEquals(""fp"", 4, ra.getFilePointer());
    }
    }
",ProviderRandomReadTests::testRandomRead_4_oe
vfs_111_5,"    @Test
    public void testRandomRead_5_oe() throws Exception {
        try (FileObject file = getReadFolder().resolveFile(""file1.txt"")) {
            final RandomAccessContent ra = file.getContent().getRandomAccessContent(RandomAccessMode.READ);

            // read first byte
            byte c = ra.readByte();
            // removed other assertion
            // removed other assertion

            // start at pos 4
            ra.seek(3);
            c = ra.readByte();
            // removed other assertion
            // removed other assertion

            c = ra.readByte();
            assertEquals(TEST_DATA.charAt(4), c);
    }
    }
",ProviderRandomReadTests::testRandomRead_5_oe
vfs_111_6,"    @Test
    public void testRandomRead_6_oe() throws Exception {
        try (FileObject file = getReadFolder().resolveFile(""file1.txt"")) {
            final RandomAccessContent ra = file.getContent().getRandomAccessContent(RandomAccessMode.READ);

            // read first byte
            byte c = ra.readByte();
            // removed other assertion
            // removed other assertion

            // start at pos 4
            ra.seek(3);
            c = ra.readByte();
            // removed other assertion
            // removed other assertion

            c = ra.readByte();
            // removed other assertion
            assertEquals(""fp"", 5, ra.getFilePointer());
    }
    }
",ProviderRandomReadTests::testRandomRead_6_oe
vfs_111_7,"    @Test
    public void testRandomRead_7_oe() throws Exception {
        try (FileObject file = getReadFolder().resolveFile(""file1.txt"")) {
            final RandomAccessContent ra = file.getContent().getRandomAccessContent(RandomAccessMode.READ);

            // read first byte
            byte c = ra.readByte();
            // removed other assertion
            // removed other assertion

            // start at pos 4
            ra.seek(3);
            c = ra.readByte();
            // removed other assertion
            // removed other assertion

            c = ra.readByte();
            // removed other assertion
            // removed other assertion

            // restart at pos 4
            ra.seek(3);
            c = ra.readByte();
            assertEquals(TEST_DATA.charAt(3), c);
    }
    }
",ProviderRandomReadTests::testRandomRead_7_oe
vfs_111_8,"    @Test
    public void testRandomRead_8_oe() throws Exception {
        try (FileObject file = getReadFolder().resolveFile(""file1.txt"")) {
            final RandomAccessContent ra = file.getContent().getRandomAccessContent(RandomAccessMode.READ);

            // read first byte
            byte c = ra.readByte();
            // removed other assertion
            // removed other assertion

            // start at pos 4
            ra.seek(3);
            c = ra.readByte();
            // removed other assertion
            // removed other assertion

            c = ra.readByte();
            // removed other assertion
            // removed other assertion

            // restart at pos 4
            ra.seek(3);
            c = ra.readByte();
            // removed other assertion
            assertEquals(""fp"", 4, ra.getFilePointer());
    }
    }
",ProviderRandomReadTests::testRandomRead_8_oe
vfs_111_9,"    @Test
    public void testRandomRead_9_oe() throws Exception {
        try (FileObject file = getReadFolder().resolveFile(""file1.txt"")) {
            final RandomAccessContent ra = file.getContent().getRandomAccessContent(RandomAccessMode.READ);

            // read first byte
            byte c = ra.readByte();
            // removed other assertion
            // removed other assertion

            // start at pos 4
            ra.seek(3);
            c = ra.readByte();
            // removed other assertion
            // removed other assertion

            c = ra.readByte();
            // removed other assertion
            // removed other assertion

            // restart at pos 4
            ra.seek(3);
            c = ra.readByte();
            // removed other assertion
            // removed other assertion

            c = ra.readByte();
            assertEquals(TEST_DATA.charAt(4), c);
    }
    }
",ProviderRandomReadTests::testRandomRead_9_oe
vfs_111_10,"    @Test
    public void testRandomRead_10_oe() throws Exception {
        try (FileObject file = getReadFolder().resolveFile(""file1.txt"")) {
            final RandomAccessContent ra = file.getContent().getRandomAccessContent(RandomAccessMode.READ);

            // read first byte
            byte c = ra.readByte();
            // removed other assertion
            // removed other assertion

            // start at pos 4
            ra.seek(3);
            c = ra.readByte();
            // removed other assertion
            // removed other assertion

            c = ra.readByte();
            // removed other assertion
            // removed other assertion

            // restart at pos 4
            ra.seek(3);
            c = ra.readByte();
            // removed other assertion
            // removed other assertion

            c = ra.readByte();
            // removed other assertion
            assertEquals(""fp"", 5, ra.getFilePointer());
    }
    }
",ProviderRandomReadTests::testRandomRead_10_oe
vfs_111_11,"    @Test
    public void testRandomRead_11_oe() throws Exception {
        try (FileObject file = getReadFolder().resolveFile(""file1.txt"")) {
            final RandomAccessContent ra = file.getContent().getRandomAccessContent(RandomAccessMode.READ);

            // read first byte
            byte c = ra.readByte();
            // removed other assertion
            // removed other assertion

            // start at pos 4
            ra.seek(3);
            c = ra.readByte();
            // removed other assertion
            // removed other assertion

            c = ra.readByte();
            // removed other assertion
            // removed other assertion

            // restart at pos 4
            ra.seek(3);
            c = ra.readByte();
            // removed other assertion
            // removed other assertion

            c = ra.readByte();
            // removed other assertion
            // removed other assertion

            // advance to pos 11
            ra.seek(10);
            c = ra.readByte();
            assertEquals(TEST_DATA.charAt(10), c);
    }
    }
",ProviderRandomReadTests::testRandomRead_11_oe
vfs_111_12,"    @Test
    public void testRandomRead_12_oe() throws Exception {
        try (FileObject file = getReadFolder().resolveFile(""file1.txt"")) {
            final RandomAccessContent ra = file.getContent().getRandomAccessContent(RandomAccessMode.READ);

            // read first byte
            byte c = ra.readByte();
            // removed other assertion
            // removed other assertion

            // start at pos 4
            ra.seek(3);
            c = ra.readByte();
            // removed other assertion
            // removed other assertion

            c = ra.readByte();
            // removed other assertion
            // removed other assertion

            // restart at pos 4
            ra.seek(3);
            c = ra.readByte();
            // removed other assertion
            // removed other assertion

            c = ra.readByte();
            // removed other assertion
            // removed other assertion

            // advance to pos 11
            ra.seek(10);
            c = ra.readByte();
            // removed other assertion
            assertEquals(""fp"", 11, ra.getFilePointer());
    }
    }
",ProviderRandomReadTests::testRandomRead_12_oe
vfs_111_13,"    @Test
    public void testRandomRead_13_oe() throws Exception {
        try (FileObject file = getReadFolder().resolveFile(""file1.txt"")) {
            final RandomAccessContent ra = file.getContent().getRandomAccessContent(RandomAccessMode.READ);

            // read first byte
            byte c = ra.readByte();
            // removed other assertion
            // removed other assertion

            // start at pos 4
            ra.seek(3);
            c = ra.readByte();
            // removed other assertion
            // removed other assertion

            c = ra.readByte();
            // removed other assertion
            // removed other assertion

            // restart at pos 4
            ra.seek(3);
            c = ra.readByte();
            // removed other assertion
            // removed other assertion

            c = ra.readByte();
            // removed other assertion
            // removed other assertion

            // advance to pos 11
            ra.seek(10);
            c = ra.readByte();
            // removed other assertion
            // removed other assertion

            c = ra.readByte();
            assertEquals(TEST_DATA.charAt(11), c);
    }
    }
",ProviderRandomReadTests::testRandomRead_13_oe
vfs_111_14,"    @Test
    public void testRandomRead_14_oe() throws Exception {
        try (FileObject file = getReadFolder().resolveFile(""file1.txt"")) {
            final RandomAccessContent ra = file.getContent().getRandomAccessContent(RandomAccessMode.READ);

            // read first byte
            byte c = ra.readByte();
            // removed other assertion
            // removed other assertion

            // start at pos 4
            ra.seek(3);
            c = ra.readByte();
            // removed other assertion
            // removed other assertion

            c = ra.readByte();
            // removed other assertion
            // removed other assertion

            // restart at pos 4
            ra.seek(3);
            c = ra.readByte();
            // removed other assertion
            // removed other assertion

            c = ra.readByte();
            // removed other assertion
            // removed other assertion

            // advance to pos 11
            ra.seek(10);
            c = ra.readByte();
            // removed other assertion
            // removed other assertion

            c = ra.readByte();
            // removed other assertion
            assertEquals(""fp"", 12, ra.getFilePointer());
    }
    }
",ProviderRandomReadTests::testRandomRead_14_oe
vfs_120_2,"    @Test
    public void testNotFoundOperation_2_oe() throws FileSystemException {
        final MyFileOprationProviderBase myop = new MyFileOperationProviderNoncomp();
        manager.addOperationProvider(""file"", myop);
        final FileObject fo = manager.toFileObject(new File("".""));

        final FileOperations ops = fo.getFileOperations();
        // removed other assertion

        try {
            final FileOperation logop = ops.getOperation(VcsLog.class);
            fail(""Must throw but returned "" + logop);
    }
    }
",BasicOperationsTestCase::testNotFoundOperation_2_oe
vfs_131_1,"    @Test
    public void testMarkingWhenReadingEOS_1_oe() throws Exception {
        final File temp = File.createTempFile(""temp-file-name"", "".tmp"");
        final FileSystemManager fileSystemManager = VFS.getManager();

        try (FileObject file = fileSystemManager.resolveFile(temp.getAbsolutePath())) {
            try (OutputStream outputStream = file.getContent().getOutputStream()) {
                outputStream.write(expected.getBytes());
                outputStream.flush();
            }
            try (InputStream stream = file.getContent().getInputStream()) {
                int readCount = 0;
                if (stream.markSupported()) {
                    for (int i = 0; i < 10; i++) {
                        stream.mark(0);
                        final byte[] data = new byte[100];
                        readCount = stream.read(data, 0, 7);
                        stream.read();
                        Assert.assertEquals(7, readCount);
    }
    }
    }
    }
    }
",DefaultFileContentTest::testMarkingWhenReadingEOS_1_oe
vfs_131_2,"    @Test
    public void testMarkingWhenReadingEOS_2_oe() throws Exception {
        final File temp = File.createTempFile(""temp-file-name"", "".tmp"");
        final FileSystemManager fileSystemManager = VFS.getManager();

        try (FileObject file = fileSystemManager.resolveFile(temp.getAbsolutePath())) {
            try (OutputStream outputStream = file.getContent().getOutputStream()) {
                outputStream.write(expected.getBytes());
                outputStream.flush();
            }
            try (InputStream stream = file.getContent().getInputStream()) {
                int readCount = 0;
                if (stream.markSupported()) {
                    for (int i = 0; i < 10; i++) {
                        stream.mark(0);
                        final byte[] data = new byte[100];
                        readCount = stream.read(data, 0, 7);
                        stream.read();
                        // removed other assertion
                        Assert.assertEquals(expected, new String(data).trim());
    }
    }
    }
    }
    }
",DefaultFileContentTest::testMarkingWhenReadingEOS_2_oe
vfs_132_1,"    @Test
    public void testMarkingWorks_1_oe() throws Exception {
        final File temp = File.createTempFile(""temp-file-name"", "".tmp"");
        final FileSystemManager fileSystemManager = VFS.getManager();

        try (FileObject file = fileSystemManager.resolveFile(temp.getAbsolutePath())) {
            try (OutputStream outputStream = file.getContent().getOutputStream()) {
                outputStream.write(expected.getBytes());
                outputStream.flush();
            }
            try (InputStream stream = file.getContent().getInputStream()) {
                if (stream.markSupported()) {
                    for (int i = 0; i < 10; i++) {
                        stream.mark(0);
                        final byte[] data = new byte[100];
                        stream.read(data, 0, 7);
                        stream.read();
                        Assert.assertEquals(expected, new String(data).trim());
    }
    }
    }
    }
    }
",DefaultFileContentTest::testMarkingWorks_1_oe
vfs_143_2,"    @Test
    public void testRootFolderExists_2_oe() throws FileSystemException {
        final FileObject root = manager.resolveFile(""ram:///"", defaultRamFso);
        // removed other assertion

        try {
            root.delete();
            fail();
    }
    }
",CustomRamProviderTest::testRootFolderExists_2_oe
vfs_145_2,"    @Test
    public void testSmallFS_2_oe() throws Exception {
        // Small FS
        final FileObject fo3 = manager.resolveFile(""ram:/fo3"", smallSizedFso);
        fo3.createFile();
        try {
            final OutputStream os = fo3.getContent().getOutputStream();
            os.write(new byte[10]);
            os.close();
        } catch (final FileSystemException e) {
            // removed other assertion
        }

        try {
            final OutputStream os = fo3.getContent().getOutputStream();
            os.write(new byte[11]);
            os.close();
            fail(""It shouldn't save such a big file"");
    }
    }
",CustomRamProviderTest::testSmallFS_2_oe
vfs_169_3,"    @Test
    @Ignore
    public void testFileNameWithCharacters_3_oe() throws URISyntaxException, IOException {
        final File file = new File(""target"", ""+# %&.txt"");
        final String fileURL = file.toURI().toURL().toExternalForm();
        // removed other assertion
        // removed other assertion
        try {
            Files.newOutputStream(file.toPath()).close();
            assertTrue(file.exists());
    }
    }
",ConversionTestCase::testFileNameWithCharacters_3_oe
vfs_169_4,"    @Test
    @Ignore
    public void testFileNameWithCharacters_4_oe() throws URISyntaxException, IOException {
        final File file = new File(""target"", ""+# %&.txt"");
        final String fileURL = file.toURI().toURL().toExternalForm();
        // removed other assertion
        // removed other assertion
        try {
            Files.newOutputStream(file.toPath()).close();
            // removed other assertion

            final FileSystemManager manager = VFS.getManager();
            final FileObject fo = manager.resolveFile(fileURL);
            assertTrue(fo.exists());
    }
    }
",ConversionTestCase::testFileNameWithCharacters_4_oe
vfs_169_5,"    @Test
    @Ignore
    public void testFileNameWithCharacters_5_oe() throws URISyntaxException, IOException {
        final File file = new File(""target"", ""+# %&.txt"");
        final String fileURL = file.toURI().toURL().toExternalForm();
        // removed other assertion
        // removed other assertion
        try {
            Files.newOutputStream(file.toPath()).close();
            // removed other assertion

            final FileSystemManager manager = VFS.getManager();
            final FileObject fo = manager.resolveFile(fileURL);
            // removed other assertion
            assertEquals(file.getAbsoluteFile(), new File(new URL(fo.getURL().toExternalForm()).toURI().getPath()));
    }
    }
",ConversionTestCase::testFileNameWithCharacters_5_oe
vfs_174_1,"    @Test
    public void testWindowsFilenameParserError_1_oe() throws Exception {
        // check VFS-338 with 2+4 slashes we want a dedicated error
        try {
            final String FILE = ""file://////"";
            final DefaultFileSystemManager manager = getManager();
            Assert.assertNotNull(""Unexpected null manager for test "" + this, manager);
    }
    }
",WindowsFileNameTests::testWindowsFilenameParserError_1_oe
vfs_174_2,"    @Test
    public void testWindowsFilenameParserError_2_oe() throws Exception {
        // check VFS-338 with 2+4 slashes we want a dedicated error
        try {
            final String FILE = ""file://////"";
            final DefaultFileSystemManager manager = getManager();
            // removed other assertion
            final FileObject fo = manager.resolveFile(FILE);
            fail(""Windows File Parser should not allow "" + FILE + "" "" + fo);
    }
    }
",WindowsFileNameTests::testWindowsFilenameParserError_2_oe
vfs_175_1,"    @Test
    public void testWindowsFilenameUNCStartError_1_oe() throws Exception {
        try {
            final String FILE = ""file://///"";
            final DefaultFileSystemManager manager = getManager();
            Assert.assertNotNull(""Unexpected null manager for test "" + this, manager);
    }
    }
",WindowsFileNameTests::testWindowsFilenameUNCStartError_1_oe
vfs_175_2,"    @Test
    public void testWindowsFilenameUNCStartError_2_oe() throws Exception {
        try {
            final String FILE = ""file://///"";
            final DefaultFileSystemManager manager = getManager();
            // removed other assertion
            final FileObject fo = manager.resolveFile(FILE);
            fail(""Windows File Parser should not allow "" + FILE + "" "" + fo);
    }
    }
",WindowsFileNameTests::testWindowsFilenameUNCStartError_2_oe
vfs_177_1,"    @Test
    public void testWindowsWrongRoots_1_oe() throws Exception {
        final String[] tests = new String[] { ""file:///C:"", ""file://C:"", ""file:/C:"", ""file:C:"" };

        for (final String name : tests) {
            try {
                final DefaultFileSystemManager manager = getManager();
                Assert.assertNotNull(""Unexpected null manager for test "" + this, manager);
    }
    }
    }
",WindowsFileNameTests::testWindowsWrongRoots_1_oe
vfs_177_2,"    @Test
    public void testWindowsWrongRoots_2_oe() throws Exception {
        final String[] tests = new String[] { ""file:///C:"", ""file://C:"", ""file:/C:"", ""file:C:"" };

        for (final String name : tests) {
            try {
                final DefaultFileSystemManager manager = getManager();
                // removed other assertion
                final FileName fn = manager.resolveFile(name).getName();
                fail(""should not accept root "" + name);
    }
    }
    }
",WindowsFileNameTests::testWindowsWrongRoots_2_oe
vfs_178_2,"    @Test
    public void testAbsoluteFileName_2_oe() throws Exception {
        // Locate file by absolute file name
        final String fileName = new File(""testdir"").getAbsolutePath();
        final DefaultFileSystemManager manager = getManager();
        // removed other assertion
        try (final FileObject absFile = manager.resolveFile(fileName)) {

            // Locate file by URI
            final String uri = ""file://"" + fileName.replace(File.separatorChar, '/');
            final FileObject uriFile = manager.resolveFile(uri);

            assertSame(""file object"", absFile, uriFile);
    }
    }
",FileNameTests::testAbsoluteFileName_2_oe
vfs_179_2,"    @Test
    public void testLocalFile_2_oe() throws Exception {
        final String prefix = ""\u0074\u0065\u0074"";
        final File file = File.createTempFile(prefix + ""-"", ""-"" + prefix);
        // removed other assertion
        final URI uri = file.toURI();
        try (final FileSystemManager manager = getManager()) {
            try (final FileObject fileObject = manager.resolveFile(uri)) {
                try (final FileContent sourceContent = fileObject.getContent()) {
                    assertEquals(sourceContent.getSize(), file.length());
    }
    }
    }
    }
",TempFileTests::testLocalFile_2_oe
vfs_190_1,"    @Test
    public void testZipFileUseWeakRefFilesCache_1_oe() throws FileSystemException {

        final File file = new File(""src/test/resources/test-data/test.zip"");
        final String fileUri = ""zip:file:"" + file.getAbsolutePath();
        FileObject fileObject = null;

        try (StandardFileSystemManager manager = new StandardFileSystemManager()) {
            // set file system's file cache use WeakReference, and init file system
            @SuppressWarnings(""resource"") // Managed by the file system, no need to close.
            final WeakRefFilesCache filesCache = new WeakRefFilesCache();
            manager.setFilesCache(filesCache);
            manager.init();

            int cnt = 0;
            while (cnt < 100_000) {
                cnt++;

                // resolve file, assert fileObject exist. clear fileObject to null and wait GC.
                try {
                    fileObject = manager.resolveFile(fileUri);
                    Assert.assertTrue(fileObject.exists());
    }
    }
    }
    }
",ZipFileSystemTestCase::testZipFileUseWeakRefFilesCache_1_oe
vfs_191_1,"    @Test
    public void testZipParentLayer_1_oe() throws Exception {
        final File file = new File(""src/test/resources/test-data/test.zip"");
        final String nestedPath = ""zip:"" + file.getAbsolutePath() + ""!/read-tests/file1.txt"";
        try (final FileObject fileObject = VFS.getManager().resolveFile(nestedPath);
                final FileObject wrappedFileObject = new OnCallRefreshFileObject(fileObject)) {
            // VFS.getManager().getFilesCache().close();
            Assert.assertNotNull(""getParentLayer() 1"", wrappedFileObject.getFileSystem().getParentLayer());
    }
    }
",Jira733TestCase::testZipParentLayer_1_oe
vfs_191_2,"    @Test
    public void testZipParentLayer_2_oe() throws Exception {
        final File file = new File(""src/test/resources/test-data/test.zip"");
        final String nestedPath = ""zip:"" + file.getAbsolutePath() + ""!/read-tests/file1.txt"";
        try (final FileObject fileObject = VFS.getManager().resolveFile(nestedPath);
                final FileObject wrappedFileObject = new OnCallRefreshFileObject(fileObject)) {
            // VFS.getManager().getFilesCache().close();
            // removed other assertion
            wrappedFileObject.exists();
            wrappedFileObject.getContent();
            Assert.assertNotNull(""getParentLayer() 2"", wrappedFileObject.getFileSystem().getParentLayer());
    }
    }
",Jira733TestCase::testZipParentLayer_2_oe
vfs_232_1,"    @Test
    public void testParallelCopyFromLocalFileSystem_1_oe() throws Exception {
        final File localFile = new File(""src/test/resources/test-data/test.zip"");

        final FileObject localFileObject = VFS.getManager().toFileObject(localFile);

        final FileObject scratchFolder = createScratchFolder();

        final List<Callable<Boolean>> tasks = new ArrayList<>();
        for (int i = 0; i < 100; i++) {
            final String fileName = ""file"" + i + ""copy.txt"";
            tasks.add(() -> {
                try {
                    final FileObject fileObjectCopy = scratchFolder.resolveFile(fileName);

                    assertFalse(fileObjectCopy.exists());
    }
    }
    }
    }
",SftpMultiThreadWriteTests::testParallelCopyFromLocalFileSystem_1_oe
vfs_232_2,"    @Test
    public void testParallelCopyFromLocalFileSystem_2_oe() throws Exception {
        final File localFile = new File(""src/test/resources/test-data/test.zip"");

        final FileObject localFileObject = VFS.getManager().toFileObject(localFile);

        final FileObject scratchFolder = createScratchFolder();

        final List<Callable<Boolean>> tasks = new ArrayList<>();
        for (int i = 0; i < 100; i++) {
            final String fileName = ""file"" + i + ""copy.txt"";
            tasks.add(() -> {
                try {
                    final FileObject fileObjectCopy = scratchFolder.resolveFile(fileName);

                    // removed other assertion
                    fileObjectCopy.copyFrom(localFileObject, Selectors.SELECT_SELF);
                } catch (final Throwable e) {
                    return false;
                }
                return true;
            });
        }

        final ExecutorService service = Executors.newFixedThreadPool(10);
        try {
            final List<Future<Boolean>> futures = service.invokeAll(tasks);
            assertTrue(futures.stream().allMatch(future -> { try { return future.get(5, TimeUnit.SECONDS); } catch (final Exception e) { return false; } }));
    }
    }
",SftpMultiThreadWriteTests::testParallelCopyFromLocalFileSystem_2_oe
vfs_237_1,"    @Test
    public void testNestedJunction_1_oe() throws Exception {
        final FileSystem fs = getManager().createVirtualFileSystem(""vfs:"").getFileSystem();
        final FileObject baseDir = getBaseDir();
        fs.addJunction(""/a"", baseDir);

        // Nested
        try {
            fs.addJunction(""/a/b"", baseDir);
            fail();
    }
    }
",JunctionTests::testNestedJunction_1_oe
vfs_237_3,"    @Test
    public void testNestedJunction_3_oe() throws Exception {
        final FileSystem fs = getManager().createVirtualFileSystem(""vfs:"").getFileSystem();
        final FileObject baseDir = getBaseDir();
        fs.addJunction(""/a"", baseDir);

        // Nested
        try {
            fs.addJunction(""/a/b"", baseDir);
            // removed other assertion
        } catch (final Exception e) {
            // removed other assertion
        }

        // At same point
        try {
            fs.addJunction(""/a"", baseDir);
            fail();
    }
    }
",JunctionTests::testNestedJunction_3_oe
vfs_252_1,"    @Test
    public void testPatternNullArgConstruction_1_oe() {
        try {
            new RegexFileFilter((Pattern) null);
            fail();
    }
    }
",RegexFileFilterTestCase::testPatternNullArgConstruction_1_oe
vfs_254_1,"    @Test
    public void testStringIOCaseNullArgConstruction_1_oe() {
        try {
            new RegexFileFilter((String) null, IOCase.INSENSITIVE);
            fail();
    }
    }
",RegexFileFilterTestCase::testStringIOCaseNullArgConstruction_1_oe
vfs_255_1,"    @Test
    public void testStringNullArgConstruction_1_oe() {
        try {
            new RegexFileFilter((String) null);
            fail();
    }
    }
",RegexFileFilterTestCase::testStringNullArgConstruction_1_oe
vfs_256_1,"    @Test
    public void testStringPatternNullArgConstruction_1_oe() {
        try {
            new RegexFileFilter((String) null, Pattern.CASE_INSENSITIVE);
            fail();
    }
    }
",RegexFileFilterTestCase::testStringPatternNullArgConstruction_1_oe
vfs_335_1,"    @Test
    public void ignore_testAddRemove_1_oe() throws Exception {
        try (final FileObject fileObject = fileSystemManager.resolveFile(testFile.toURI().toString())) {
            final CountingListener listener = new CountingListener();
            final DefaultFileMonitor monitor = new DefaultFileMonitor(listener);
            monitor.setDelay(DELAY_MILLIS);
            try {
                monitor.addFile(fileObject);
                monitor.removeFile(fileObject);
                monitor.addFile(fileObject);
                monitor.start();
                writeToFile(testFile);
                Thread.sleep(DELAY_MILLIS * 3);
                assertEquals(""Created event is only fired once"", 1, listener.created.get());
    }
    }
    }
",DefaultFileMonitorTest::ignore_testAddRemove_1_oe
vfs_336_1,"    @Test
    public void ignore_testStartStop_1_oe() throws Exception {
        try (final FileObject fileObject = fileSystemManager.resolveFile(testFile.toURI().toString())) {
            final CountingListener stoppedListener = new CountingListener();
            final DefaultFileMonitor stoppedMonitor = new DefaultFileMonitor(stoppedListener);
            stoppedMonitor.start();
            try {
                stoppedMonitor.addFile(fileObject);
            } finally {
                stoppedMonitor.stop();
            }

            // Variant 1: it becomes documented behavior to manually remove all files after stop() such that all
            // listeners
            // are removed
            // This currently does not work, see DefaultFileMonitorTests#testAddRemove above.
            // stoppedMonitor.removeFile(file);

            // Variant 2: change behavior of stop(), which then removes all handlers.
            // This would remove the possibility to pause watching files. Resuming watching for the same files via
            // start();
            // stop(); start(); would not work.

            // Variant 3: introduce new method DefaultFileMonitor#close which definitely removes all resources held by
            // DefaultFileMonitor.

            final CountingListener activeListener = new CountingListener();
            final DefaultFileMonitor activeMonitor = new DefaultFileMonitor(activeListener);
            activeMonitor.setDelay(DELAY_MILLIS);
            activeMonitor.addFile(fileObject);
            activeMonitor.start();
            try {
                writeToFile(testFile);
                Thread.sleep(DELAY_MILLIS * 10);

                assertEquals(""The listener of the active monitor received one created event"", 1, activeListener.created.get());
    }
    }
    }
",DefaultFileMonitorTest::ignore_testStartStop_1_oe
vfs_336_2,"    @Test
    public void ignore_testStartStop_2_oe() throws Exception {
        try (final FileObject fileObject = fileSystemManager.resolveFile(testFile.toURI().toString())) {
            final CountingListener stoppedListener = new CountingListener();
            final DefaultFileMonitor stoppedMonitor = new DefaultFileMonitor(stoppedListener);
            stoppedMonitor.start();
            try {
                stoppedMonitor.addFile(fileObject);
            } finally {
                stoppedMonitor.stop();
            }

            // Variant 1: it becomes documented behavior to manually remove all files after stop() such that all
            // listeners
            // are removed
            // This currently does not work, see DefaultFileMonitorTests#testAddRemove above.
            // stoppedMonitor.removeFile(file);

            // Variant 2: change behavior of stop(), which then removes all handlers.
            // This would remove the possibility to pause watching files. Resuming watching for the same files via
            // start();
            // stop(); start(); would not work.

            // Variant 3: introduce new method DefaultFileMonitor#close which definitely removes all resources held by
            // DefaultFileMonitor.

            final CountingListener activeListener = new CountingListener();
            final DefaultFileMonitor activeMonitor = new DefaultFileMonitor(activeListener);
            activeMonitor.setDelay(DELAY_MILLIS);
            activeMonitor.addFile(fileObject);
            activeMonitor.start();
            try {
                writeToFile(testFile);
                Thread.sleep(DELAY_MILLIS * 10);

                // removed other assertion
                assertEquals(""The listener of the stopped monitor received no events"", 0, stoppedListener.created.get());
    }
    }
    }
",DefaultFileMonitorTest::ignore_testStartStop_2_oe
vfs_337_1,"    @Test
    public void testChildFileDeletedWithoutRecursiveChecking_1_oe() throws Exception {
        writeToFile(testFile);
        try (final FileObject fileObject = fileSystemManager.resolveFile(testDir.toURI().toURL().toString())) {
            final DefaultFileMonitor monitor = new DefaultFileMonitor(new TestFileListener());
            monitor.setDelay(2000);
            monitor.setRecursive(false);
            monitor.addFile(fileObject);
            monitor.start();
            try {
                status = null;
                Thread.sleep(DELAY_MILLIS * 5);
                testFile.delete();
                Thread.sleep(DELAY_MILLIS * 30);
                assertEquals(""Event should not have occurred"", null, status);
    }
    }
    }
",DefaultFileMonitorTest::testChildFileDeletedWithoutRecursiveChecking_1_oe
vfs_338_1,"    @Test
    public void testFileModified_1_oe() throws Exception {
        writeToFile(testFile);
        try (final FileObject fileObject = fileSystemManager.resolveFile(testFile.toURI().toURL().toString())) {
            final DefaultFileMonitor monitor = new DefaultFileMonitor(new TestFileListener());
            // TestFileListener manipulates status
            monitor.setDelay(DELAY_MILLIS);
            monitor.addFile(fileObject);
            monitor.start();
            try {
                // Need a long delay to insure the new timestamp doesn't truncate to be the same as
                // the current timestammp. Java only guarantees the timestamp will be to 1 second.
                Thread.sleep(DELAY_MILLIS * 10);
                final long valueMillis = System.currentTimeMillis();
                final boolean rcMillis = testFile.setLastModified(valueMillis);
                assertTrue(""setLastModified succeeded"", rcMillis);
    }
    }
    }
",DefaultFileMonitorTest::testFileModified_1_oe
vfs_351_1,"    @Test
    public void testDelegatingBad_1_oe() throws Throwable {
        final FileSystemOptions opts = new FileSystemOptions();
        final DelegatingFileSystemOptionsBuilder delgate = new DelegatingFileSystemOptionsBuilder(fsm);

        try {
            delgate.setConfigString(opts, ""http"", ""proxyPort"", ""wrong_port"");
            fail();
    }
    }
",DelegatingFileSystemOptionsBuilderTest::testDelegatingBad_1_oe
vfs_351_4,"    @Test
    public void testDelegatingBad_4_oe() throws Throwable {
        final FileSystemOptions opts = new FileSystemOptions();
        final DelegatingFileSystemOptionsBuilder delgate = new DelegatingFileSystemOptionsBuilder(fsm);

        try {
            delgate.setConfigString(opts, ""http"", ""proxyPort"", ""wrong_port"");
            // removed other assertion
        } catch (final FileSystemException e) {
            // removed other assertion
            // removed other assertion
        }

        try {
            delgate.setConfigClass(opts, ""sftp"", ""userinfo"", String.class);
            fail();
    }
    }
",DelegatingFileSystemOptionsBuilderTest::testDelegatingBad_4_oe
vfs_367_1,"    @Test
    public void testWebdav4FileObjectURLs_1_oe() throws FileSystemException {
        final FileSystemManager fsm = VFS.getManager();

        try (final FileObject file = fsm.resolveFile(WEBDAV4_URL)) {
            assertEquals(WEBDAV4_URL, file.getURL().toString());
    }
    }
",Webdav4FileObjectTest::testWebdav4FileObjectURLs_1_oe
vfs_367_2,"    @Test
    public void testWebdav4FileObjectURLs_2_oe() throws FileSystemException {
        final FileSystemManager fsm = VFS.getManager();

        try (final FileObject file = fsm.resolveFile(WEBDAV4_URL)) {
            // removed other assertion
            assertTrue(file instanceof Webdav4FileObject);
    }
    }
",Webdav4FileObjectTest::testWebdav4FileObjectURLs_2_oe
vfs_367_3,"    @Test
    public void testWebdav4FileObjectURLs_3_oe() throws FileSystemException {
        final FileSystemManager fsm = VFS.getManager();

        try (final FileObject file = fsm.resolveFile(WEBDAV4_URL)) {
            // removed other assertion
            // removed other assertion

            final Webdav4FileObject webdav4File = (Webdav4FileObject) file;
            assertEquals(INTERNAL_WEBDAV4_URL, webdav4File.toUrlString((GenericURLFileName) webdav4File.getName()));
    }
    }
",Webdav4FileObjectTest::testWebdav4FileObjectURLs_3_oe
vfs_368_1,"    @Test
    public void testWebdav4sFileObjectURLs_1_oe() throws FileSystemException {
        final FileSystemManager fsm = VFS.getManager();

        try (final FileObject file = fsm.resolveFile(WEBDAV4S_URL)) {
            assertEquals(WEBDAV4S_URL, file.getURL().toString());
    }
    }
",Webdav4FileObjectTest::testWebdav4sFileObjectURLs_1_oe
vfs_368_2,"    @Test
    public void testWebdav4sFileObjectURLs_2_oe() throws FileSystemException {
        final FileSystemManager fsm = VFS.getManager();

        try (final FileObject file = fsm.resolveFile(WEBDAV4S_URL)) {
            // removed other assertion
            assertTrue(file instanceof Webdav4FileObject);
    }
    }
",Webdav4FileObjectTest::testWebdav4sFileObjectURLs_2_oe
vfs_368_3,"    @Test
    public void testWebdav4sFileObjectURLs_3_oe() throws FileSystemException {
        final FileSystemManager fsm = VFS.getManager();

        try (final FileObject file = fsm.resolveFile(WEBDAV4S_URL)) {
            // removed other assertion
            // removed other assertion

            final Webdav4FileObject webdav4File = (Webdav4FileObject) file;
            assertEquals(INTERNAL_WEBDAV4S_URL, webdav4File.toUrlString((GenericURLFileName) webdav4File.getName()));
    }
    }
",Webdav4FileObjectTest::testWebdav4sFileObjectURLs_3_oe
vfs_369_17,"    @Test
    public void testVersioning_17_oe() throws Exception {
        final FileObject scratchFolder = createScratchFolder();
        final FileSystemOptions opts = scratchFolder.getFileSystem().getFileSystemOptions();
        final Webdav4FileSystemConfigBuilder builder = (Webdav4FileSystemConfigBuilder) getManager()
                .getFileSystemConfigBuilder(""webdav"");
        builder.setVersioning(opts, true);
        final FileObject file = getManager().resolveFile(scratchFolder, ""file1.txt"", opts);
        final FileSystemOptions newOpts = file.getFileSystem().getFileSystemOptions();
        // removed other assertion
        // removed other assertion
        // removed other assertion
        file.createFile();
        // removed other assertion
        // removed other assertion
        // removed other assertion
        // removed other assertion
        // removed other assertion
        // removed other assertion
        // removed other assertion
        // removed other assertion
        // removed other assertion
        Map<?, ?> map = file.getContent().getAttributes();
        final String name = ((GenericURLFileName) file.getName()).getUserName();
        // removed other assertion
        if (name != null) {
            // removed other assertion
        }
        // removed other assertion

        // Create the source file
        final String content = ""Here is some sample content for the file.  Blah Blah Blah."";

        try (OutputStream os = file.getContent().getOutputStream()) {
            os.write(content.getBytes(StandardCharsets.UTF_8));
        }
        // removed other assertion
        map = file.getContent().getAttributes();
        assertTrue(map.containsKey(DeltaVConstants.CREATOR_DISPLAYNAME.toString()));
    }
",Webdav4VersioningTests::testVersioning_17_oe
vfs_369_18,"    @Test
    public void testVersioning_18_oe() throws Exception {
        final FileObject scratchFolder = createScratchFolder();
        final FileSystemOptions opts = scratchFolder.getFileSystem().getFileSystemOptions();
        final Webdav4FileSystemConfigBuilder builder = (Webdav4FileSystemConfigBuilder) getManager()
                .getFileSystemConfigBuilder(""webdav"");
        builder.setVersioning(opts, true);
        final FileObject file = getManager().resolveFile(scratchFolder, ""file1.txt"", opts);
        final FileSystemOptions newOpts = file.getFileSystem().getFileSystemOptions();
        // removed other assertion
        // removed other assertion
        // removed other assertion
        file.createFile();
        // removed other assertion
        // removed other assertion
        // removed other assertion
        // removed other assertion
        // removed other assertion
        // removed other assertion
        // removed other assertion
        // removed other assertion
        // removed other assertion
        Map<?, ?> map = file.getContent().getAttributes();
        final String name = ((GenericURLFileName) file.getName()).getUserName();
        // removed other assertion
        if (name != null) {
            // removed other assertion
        }
        // removed other assertion

        // Create the source file
        final String content = ""Here is some sample content for the file.  Blah Blah Blah."";

        try (OutputStream os = file.getContent().getOutputStream()) {
            os.write(content.getBytes(StandardCharsets.UTF_8));
        }
        // removed other assertion
        map = file.getContent().getAttributes();
        // removed other assertion
        if (name != null) {
            assertEquals(name, map.get(DeltaVConstants.CREATOR_DISPLAYNAME.toString()));
    }
    }
",Webdav4VersioningTests::testVersioning_18_oe
vfs_369_19,"    @Test
    public void testVersioning_19_oe() throws Exception {
        final FileObject scratchFolder = createScratchFolder();
        final FileSystemOptions opts = scratchFolder.getFileSystem().getFileSystemOptions();
        final Webdav4FileSystemConfigBuilder builder = (Webdav4FileSystemConfigBuilder) getManager()
                .getFileSystemConfigBuilder(""webdav"");
        builder.setVersioning(opts, true);
        final FileObject file = getManager().resolveFile(scratchFolder, ""file1.txt"", opts);
        final FileSystemOptions newOpts = file.getFileSystem().getFileSystemOptions();
        // removed other assertion
        // removed other assertion
        // removed other assertion
        file.createFile();
        // removed other assertion
        // removed other assertion
        // removed other assertion
        // removed other assertion
        // removed other assertion
        // removed other assertion
        // removed other assertion
        // removed other assertion
        // removed other assertion
        Map<?, ?> map = file.getContent().getAttributes();
        final String name = ((GenericURLFileName) file.getName()).getUserName();
        // removed other assertion
        if (name != null) {
            // removed other assertion
        }
        // removed other assertion

        // Create the source file
        final String content = ""Here is some sample content for the file.  Blah Blah Blah."";

        try (OutputStream os = file.getContent().getOutputStream()) {
            os.write(content.getBytes(StandardCharsets.UTF_8));
        }
        // removed other assertion
        map = file.getContent().getAttributes();
        // removed other assertion
        if (name != null) {
            // removed other assertion
        }
        assertTrue(map.containsKey(VersionControlledResource.CHECKED_IN.toString()));
    }
",Webdav4VersioningTests::testVersioning_19_oe
vfs_370_19,"    @Test
    public void testVersioningWithCreator_19_oe() throws Exception {
        final FileObject scratchFolder = createScratchFolder();
        final FileSystemOptions opts = scratchFolder.getFileSystem().getFileSystemOptions();
        final Webdav4FileSystemConfigBuilder builder = (Webdav4FileSystemConfigBuilder) getManager()
                .getFileSystemConfigBuilder(""webdav"");
        builder.setVersioning(opts, true);
        builder.setCreatorName(opts, ""testUser"");
        final FileObject file = getManager().resolveFile(scratchFolder, ""file1.txt"", opts);
        final FileSystemOptions newOpts = file.getFileSystem().getFileSystemOptions();
        // removed other assertion
        // removed other assertion
        // removed other assertion
        file.createFile();
        // removed other assertion
        // removed other assertion
        // removed other assertion
        // removed other assertion
        // removed other assertion
        // removed other assertion
        // removed other assertion
        // removed other assertion
        // removed other assertion
        Map<?, ?> map = file.getContent().getAttributes();
        final String name = ((GenericURLFileName) file.getName()).getUserName();
        // removed other assertion
        // removed other assertion
        if (name != null) {
            // removed other assertion
            // removed other assertion
        }
        // removed other assertion

        // Create the source file
        final String content = ""Here is some sample content for the file.  Blah Blah Blah."";

        try (OutputStream os = file.getContent().getOutputStream()) {
            os.write(content.getBytes(StandardCharsets.UTF_8));
        }
        // removed other assertion
        map = file.getContent().getAttributes();
        assertTrue(map.containsKey(DeltaVConstants.CREATOR_DISPLAYNAME.toString()));
    }
",Webdav4VersioningTests::testVersioningWithCreator_19_oe
vfs_370_20,"    @Test
    public void testVersioningWithCreator_20_oe() throws Exception {
        final FileObject scratchFolder = createScratchFolder();
        final FileSystemOptions opts = scratchFolder.getFileSystem().getFileSystemOptions();
        final Webdav4FileSystemConfigBuilder builder = (Webdav4FileSystemConfigBuilder) getManager()
                .getFileSystemConfigBuilder(""webdav"");
        builder.setVersioning(opts, true);
        builder.setCreatorName(opts, ""testUser"");
        final FileObject file = getManager().resolveFile(scratchFolder, ""file1.txt"", opts);
        final FileSystemOptions newOpts = file.getFileSystem().getFileSystemOptions();
        // removed other assertion
        // removed other assertion
        // removed other assertion
        file.createFile();
        // removed other assertion
        // removed other assertion
        // removed other assertion
        // removed other assertion
        // removed other assertion
        // removed other assertion
        // removed other assertion
        // removed other assertion
        // removed other assertion
        Map<?, ?> map = file.getContent().getAttributes();
        final String name = ((GenericURLFileName) file.getName()).getUserName();
        // removed other assertion
        // removed other assertion
        if (name != null) {
            // removed other assertion
            // removed other assertion
        }
        // removed other assertion

        // Create the source file
        final String content = ""Here is some sample content for the file.  Blah Blah Blah."";

        try (OutputStream os = file.getContent().getOutputStream()) {
            os.write(content.getBytes(StandardCharsets.UTF_8));
        }
        // removed other assertion
        map = file.getContent().getAttributes();
        // removed other assertion
        assertEquals(""testUser"", map.get(DeltaVConstants.CREATOR_DISPLAYNAME.toString()));
    }
",Webdav4VersioningTests::testVersioningWithCreator_20_oe
vfs_370_21,"    @Test
    public void testVersioningWithCreator_21_oe() throws Exception {
        final FileObject scratchFolder = createScratchFolder();
        final FileSystemOptions opts = scratchFolder.getFileSystem().getFileSystemOptions();
        final Webdav4FileSystemConfigBuilder builder = (Webdav4FileSystemConfigBuilder) getManager()
                .getFileSystemConfigBuilder(""webdav"");
        builder.setVersioning(opts, true);
        builder.setCreatorName(opts, ""testUser"");
        final FileObject file = getManager().resolveFile(scratchFolder, ""file1.txt"", opts);
        final FileSystemOptions newOpts = file.getFileSystem().getFileSystemOptions();
        // removed other assertion
        // removed other assertion
        // removed other assertion
        file.createFile();
        // removed other assertion
        // removed other assertion
        // removed other assertion
        // removed other assertion
        // removed other assertion
        // removed other assertion
        // removed other assertion
        // removed other assertion
        // removed other assertion
        Map<?, ?> map = file.getContent().getAttributes();
        final String name = ((GenericURLFileName) file.getName()).getUserName();
        // removed other assertion
        // removed other assertion
        if (name != null) {
            // removed other assertion
            // removed other assertion
        }
        // removed other assertion

        // Create the source file
        final String content = ""Here is some sample content for the file.  Blah Blah Blah."";

        try (OutputStream os = file.getContent().getOutputStream()) {
            os.write(content.getBytes(StandardCharsets.UTF_8));
        }
        // removed other assertion
        map = file.getContent().getAttributes();
        // removed other assertion
        // removed other assertion
        if (name != null) {
            assertTrue(map.containsKey(DeltaVConstants.COMMENT.toString()));
    }
    }
",Webdav4VersioningTests::testVersioningWithCreator_21_oe
vfs_370_22,"    @Test
    public void testVersioningWithCreator_22_oe() throws Exception {
        final FileObject scratchFolder = createScratchFolder();
        final FileSystemOptions opts = scratchFolder.getFileSystem().getFileSystemOptions();
        final Webdav4FileSystemConfigBuilder builder = (Webdav4FileSystemConfigBuilder) getManager()
                .getFileSystemConfigBuilder(""webdav"");
        builder.setVersioning(opts, true);
        builder.setCreatorName(opts, ""testUser"");
        final FileObject file = getManager().resolveFile(scratchFolder, ""file1.txt"", opts);
        final FileSystemOptions newOpts = file.getFileSystem().getFileSystemOptions();
        // removed other assertion
        // removed other assertion
        // removed other assertion
        file.createFile();
        // removed other assertion
        // removed other assertion
        // removed other assertion
        // removed other assertion
        // removed other assertion
        // removed other assertion
        // removed other assertion
        // removed other assertion
        // removed other assertion
        Map<?, ?> map = file.getContent().getAttributes();
        final String name = ((GenericURLFileName) file.getName()).getUserName();
        // removed other assertion
        // removed other assertion
        if (name != null) {
            // removed other assertion
            // removed other assertion
        }
        // removed other assertion

        // Create the source file
        final String content = ""Here is some sample content for the file.  Blah Blah Blah."";

        try (OutputStream os = file.getContent().getOutputStream()) {
            os.write(content.getBytes(StandardCharsets.UTF_8));
        }
        // removed other assertion
        map = file.getContent().getAttributes();
        // removed other assertion
        // removed other assertion
        if (name != null) {
            // removed other assertion
            assertEquals(""Modified by user "" + name, map.get(DeltaVConstants.COMMENT.toString()));
    }
    }
",Webdav4VersioningTests::testVersioningWithCreator_22_oe
vfs_370_23,"    @Test
    public void testVersioningWithCreator_23_oe() throws Exception {
        final FileObject scratchFolder = createScratchFolder();
        final FileSystemOptions opts = scratchFolder.getFileSystem().getFileSystemOptions();
        final Webdav4FileSystemConfigBuilder builder = (Webdav4FileSystemConfigBuilder) getManager()
                .getFileSystemConfigBuilder(""webdav"");
        builder.setVersioning(opts, true);
        builder.setCreatorName(opts, ""testUser"");
        final FileObject file = getManager().resolveFile(scratchFolder, ""file1.txt"", opts);
        final FileSystemOptions newOpts = file.getFileSystem().getFileSystemOptions();
        // removed other assertion
        // removed other assertion
        // removed other assertion
        file.createFile();
        // removed other assertion
        // removed other assertion
        // removed other assertion
        // removed other assertion
        // removed other assertion
        // removed other assertion
        // removed other assertion
        // removed other assertion
        // removed other assertion
        Map<?, ?> map = file.getContent().getAttributes();
        final String name = ((GenericURLFileName) file.getName()).getUserName();
        // removed other assertion
        // removed other assertion
        if (name != null) {
            // removed other assertion
            // removed other assertion
        }
        // removed other assertion

        // Create the source file
        final String content = ""Here is some sample content for the file.  Blah Blah Blah."";

        try (OutputStream os = file.getContent().getOutputStream()) {
            os.write(content.getBytes(StandardCharsets.UTF_8));
        }
        // removed other assertion
        map = file.getContent().getAttributes();
        // removed other assertion
        // removed other assertion
        if (name != null) {
            // removed other assertion
            // removed other assertion
        }
        assertTrue(map.containsKey(VersionControlledResource.CHECKED_IN.toString()));
    }
",Webdav4VersioningTests::testVersioningWithCreator_23_oe
vfs_9_2_1,"    @Test
    public void testAppendContent_2_oe_1_oe() throws Exception {
        final FileObject scratchFolder = createScratchFolder();

        // Create direct child of the test folder
        final FileObject file = scratchFolder.resolveFile(""file1.txt"");
        // removed other assertion

        // Create the source file
        final String content = ""Here is some sample content for the file.  Blah Blah Blah."";
        final String contentAppend = content + content;

        try (OutputStream os = file.getContent().getOutputStream()) {
            os.write(content.getBytes(StandardCharsets.UTF_8));
        }
                final FileInfo expected0 = content;
        final FileObject folder0 = file;
        for (final FileInfo fileInfo0 : expected0.children.values()) {
                    final FileObject child0 = folder0.resolveFile(fileInfo0.baseName, NameScope.CHILD);
        
                    assertTrue(child0.getName().toString(), child0.exists());
    }
    }
",ProviderWriteAppendTests::testAppendContent_2_oe_1_oe
vfs_9_2_2,"    @Test
    public void testAppendContent_2_oe_2_oe() throws Exception {
        final FileObject scratchFolder = createScratchFolder();

        // Create direct child of the test folder
        final FileObject file = scratchFolder.resolveFile(""file1.txt"");
        // removed other assertion

        // Create the source file
        final String content = ""Here is some sample content for the file.  Blah Blah Blah."";
        final String contentAppend = content + content;

        try (OutputStream os = file.getContent().getOutputStream()) {
            os.write(content.getBytes(StandardCharsets.UTF_8));
        }
                final FileInfo expected0 = content;
        final FileObject folder0 = file;
        for (final FileInfo fileInfo0 : expected0.children.values()) {
                    final FileObject child0 = folder0.resolveFile(fileInfo0.baseName, NameScope.CHILD);
        
                    // removed other assertion
                    if (fileInfo0.type == FileType.FILE) {
                        assertSameContent(fileInfo0.content, child0);
    }
    }
    }
",ProviderWriteAppendTests::testAppendContent_2_oe_2_oe
vfs_9_2_3,"    @Test
    public void testAppendContent_2_oe_3_oe() throws Exception {
        final FileObject scratchFolder = createScratchFolder();

        // Create direct child of the test folder
        final FileObject file = scratchFolder.resolveFile(""file1.txt"");
        // removed other assertion

        // Create the source file
        final String content = ""Here is some sample content for the file.  Blah Blah Blah."";
        final String contentAppend = content + content;

        try (OutputStream os = file.getContent().getOutputStream()) {
            os.write(content.getBytes(StandardCharsets.UTF_8));
        }
                final FileInfo expected0 = content;
        final FileObject folder0 = file;
        for (final FileInfo fileInfo0 : expected0.children.values()) {
                    final FileObject child0 = folder0.resolveFile(fileInfo0.baseName, NameScope.CHILD);
        
                    // removed other assertion
                    if (fileInfo0.type == FileType.FILE) {
                        // removed other assertion
                    } else {
                        assertSameContent(fileInfo0, child0);
    }
    }
    }
",ProviderWriteAppendTests::testAppendContent_2_oe_3_oe
vfs_9_3_1,"    @Test
    public void testAppendContent_3_oe_1_oe() throws Exception {
        final FileObject scratchFolder = createScratchFolder();

        // Create direct child of the test folder
        final FileObject file = scratchFolder.resolveFile(""file1.txt"");
        // removed other assertion

        // Create the source file
        final String content = ""Here is some sample content for the file.  Blah Blah Blah."";
        final String contentAppend = content + content;

        try (OutputStream os = file.getContent().getOutputStream()) {
            os.write(content.getBytes(StandardCharsets.UTF_8));
        }
        // removed other assertion

        // Append to the new file
        try (OutputStream os2 = file.getContent().getOutputStream(true)) {
            os2.write(content.getBytes(StandardCharsets.UTF_8));
        }
                final FileInfo expected0 = contentAppend;
        final FileObject folder0 = file;
        for (final FileInfo fileInfo0 : expected0.children.values()) {
                    final FileObject child0 = folder0.resolveFile(fileInfo0.baseName, NameScope.CHILD);
        
                    assertTrue(child0.getName().toString(), child0.exists());
    }
    }
",ProviderWriteAppendTests::testAppendContent_3_oe_1_oe
vfs_9_3_2,"    @Test
    public void testAppendContent_3_oe_2_oe() throws Exception {
        final FileObject scratchFolder = createScratchFolder();

        // Create direct child of the test folder
        final FileObject file = scratchFolder.resolveFile(""file1.txt"");
        // removed other assertion

        // Create the source file
        final String content = ""Here is some sample content for the file.  Blah Blah Blah."";
        final String contentAppend = content + content;

        try (OutputStream os = file.getContent().getOutputStream()) {
            os.write(content.getBytes(StandardCharsets.UTF_8));
        }
        // removed other assertion

        // Append to the new file
        try (OutputStream os2 = file.getContent().getOutputStream(true)) {
            os2.write(content.getBytes(StandardCharsets.UTF_8));
        }
                final FileInfo expected0 = contentAppend;
        final FileObject folder0 = file;
        for (final FileInfo fileInfo0 : expected0.children.values()) {
                    final FileObject child0 = folder0.resolveFile(fileInfo0.baseName, NameScope.CHILD);
        
                    // removed other assertion
                    if (fileInfo0.type == FileType.FILE) {
                        assertSameContent(fileInfo0.content, child0);
    }
    }
    }
",ProviderWriteAppendTests::testAppendContent_3_oe_2_oe
vfs_9_3_3,"    @Test
    public void testAppendContent_3_oe_3_oe() throws Exception {
        final FileObject scratchFolder = createScratchFolder();

        // Create direct child of the test folder
        final FileObject file = scratchFolder.resolveFile(""file1.txt"");
        // removed other assertion

        // Create the source file
        final String content = ""Here is some sample content for the file.  Blah Blah Blah."";
        final String contentAppend = content + content;

        try (OutputStream os = file.getContent().getOutputStream()) {
            os.write(content.getBytes(StandardCharsets.UTF_8));
        }
        // removed other assertion

        // Append to the new file
        try (OutputStream os2 = file.getContent().getOutputStream(true)) {
            os2.write(content.getBytes(StandardCharsets.UTF_8));
        }
                final FileInfo expected0 = contentAppend;
        final FileObject folder0 = file;
        for (final FileInfo fileInfo0 : expected0.children.values()) {
                    final FileObject child0 = folder0.resolveFile(fileInfo0.baseName, NameScope.CHILD);
        
                    // removed other assertion
                    if (fileInfo0.type == FileType.FILE) {
                        // removed other assertion
                    } else {
                        assertSameContent(fileInfo0, child0);
    }
    }
    }
",ProviderWriteAppendTests::testAppendContent_3_oe_3_oe
vfs_9_5_1,"    @Test
    public void testAppendContent_5_oe_1_oe() throws Exception {
        final FileObject scratchFolder = createScratchFolder();

        // Create direct child of the test folder
        final FileObject file = scratchFolder.resolveFile(""file1.txt"");
        // removed other assertion

        // Create the source file
        final String content = ""Here is some sample content for the file.  Blah Blah Blah."";
        final String contentAppend = content + content;

        try (OutputStream os = file.getContent().getOutputStream()) {
            os.write(content.getBytes(StandardCharsets.UTF_8));
        }
        // removed other assertion

        // Append to the new file
        try (OutputStream os2 = file.getContent().getOutputStream(true)) {
            os2.write(content.getBytes(StandardCharsets.UTF_8));
        }
        // removed other assertion

        // Make sure we can copy the new file to another file on the same filesystem
        final FileObject fileCopy = scratchFolder.resolveFile(""file1copy.txt"");
        // removed other assertion
        fileCopy.copyFrom(file, Selectors.SELECT_SELF);

                final FileInfo expected0 = contentAppend;
        final FileObject folder0 = fileCopy;
        for (final FileInfo fileInfo0 : expected0.children.values()) {
                    final FileObject child0 = folder0.resolveFile(fileInfo0.baseName, NameScope.CHILD);
        
                    assertTrue(child0.getName().toString(), child0.exists());
    }
    }
",ProviderWriteAppendTests::testAppendContent_5_oe_1_oe
vfs_9_5_2,"    @Test
    public void testAppendContent_5_oe_2_oe() throws Exception {
        final FileObject scratchFolder = createScratchFolder();

        // Create direct child of the test folder
        final FileObject file = scratchFolder.resolveFile(""file1.txt"");
        // removed other assertion

        // Create the source file
        final String content = ""Here is some sample content for the file.  Blah Blah Blah."";
        final String contentAppend = content + content;

        try (OutputStream os = file.getContent().getOutputStream()) {
            os.write(content.getBytes(StandardCharsets.UTF_8));
        }
        // removed other assertion

        // Append to the new file
        try (OutputStream os2 = file.getContent().getOutputStream(true)) {
            os2.write(content.getBytes(StandardCharsets.UTF_8));
        }
        // removed other assertion

        // Make sure we can copy the new file to another file on the same filesystem
        final FileObject fileCopy = scratchFolder.resolveFile(""file1copy.txt"");
        // removed other assertion
        fileCopy.copyFrom(file, Selectors.SELECT_SELF);

                final FileInfo expected0 = contentAppend;
        final FileObject folder0 = fileCopy;
        for (final FileInfo fileInfo0 : expected0.children.values()) {
                    final FileObject child0 = folder0.resolveFile(fileInfo0.baseName, NameScope.CHILD);
        
                    // removed other assertion
                    if (fileInfo0.type == FileType.FILE) {
                        assertSameContent(fileInfo0.content, child0);
    }
    }
    }
",ProviderWriteAppendTests::testAppendContent_5_oe_2_oe
vfs_9_5_3,"    @Test
    public void testAppendContent_5_oe_3_oe() throws Exception {
        final FileObject scratchFolder = createScratchFolder();

        // Create direct child of the test folder
        final FileObject file = scratchFolder.resolveFile(""file1.txt"");
        // removed other assertion

        // Create the source file
        final String content = ""Here is some sample content for the file.  Blah Blah Blah."";
        final String contentAppend = content + content;

        try (OutputStream os = file.getContent().getOutputStream()) {
            os.write(content.getBytes(StandardCharsets.UTF_8));
        }
        // removed other assertion

        // Append to the new file
        try (OutputStream os2 = file.getContent().getOutputStream(true)) {
            os2.write(content.getBytes(StandardCharsets.UTF_8));
        }
        // removed other assertion

        // Make sure we can copy the new file to another file on the same filesystem
        final FileObject fileCopy = scratchFolder.resolveFile(""file1copy.txt"");
        // removed other assertion
        fileCopy.copyFrom(file, Selectors.SELECT_SELF);

                final FileInfo expected0 = contentAppend;
        final FileObject folder0 = fileCopy;
        for (final FileInfo fileInfo0 : expected0.children.values()) {
                    final FileObject child0 = folder0.resolveFile(fileInfo0.baseName, NameScope.CHILD);
        
                    // removed other assertion
                    if (fileInfo0.type == FileType.FILE) {
                        // removed other assertion
                    } else {
                        assertSameContent(fileInfo0, child0);
    }
    }
    }
",ProviderWriteAppendTests::testAppendContent_5_oe_3_oe
vfs_43_3_1,"    @Test
    public void testReadMultipleConcurrent_3_oe_1_oe() throws Exception {
        final FileObject file = getReadFolder().resolveFile(""file1.txt"");
        // removed other assertion
        final FileObject emptyFile = getReadFolder().resolveFile(""empty.txt"");
        // removed other assertion

        // Start reading from the file
        try (InputStream instr = file.getContent().getInputStream()) {
            // Try to read from other file
                        final FileInfo expected0 = """";
            final FileObject folder0 = emptyFile;
            for (final FileInfo fileInfo0 : expected0.children.values()) {
                        final FileObject child0 = folder0.resolveFile(fileInfo0.baseName, NameScope.CHILD);
            
                        assertTrue(child0.getName().toString(), child0.exists());
    }
    }
    }
",ContentTests::testReadMultipleConcurrent_3_oe_1_oe
vfs_43_3_2,"    @Test
    public void testReadMultipleConcurrent_3_oe_2_oe() throws Exception {
        final FileObject file = getReadFolder().resolveFile(""file1.txt"");
        // removed other assertion
        final FileObject emptyFile = getReadFolder().resolveFile(""empty.txt"");
        // removed other assertion

        // Start reading from the file
        try (InputStream instr = file.getContent().getInputStream()) {
            // Try to read from other file
                        final FileInfo expected0 = """";
            final FileObject folder0 = emptyFile;
            for (final FileInfo fileInfo0 : expected0.children.values()) {
                        final FileObject child0 = folder0.resolveFile(fileInfo0.baseName, NameScope.CHILD);
            
                        // removed other assertion
                        if (fileInfo0.type == FileType.FILE) {
                            assertSameContent(fileInfo0.content, child0);
    }
    }
    }
    }
",ContentTests::testReadMultipleConcurrent_3_oe_2_oe
vfs_43_3_3,"    @Test
    public void testReadMultipleConcurrent_3_oe_3_oe() throws Exception {
        final FileObject file = getReadFolder().resolveFile(""file1.txt"");
        // removed other assertion
        final FileObject emptyFile = getReadFolder().resolveFile(""empty.txt"");
        // removed other assertion

        // Start reading from the file
        try (InputStream instr = file.getContent().getInputStream()) {
            // Try to read from other file
                        final FileInfo expected0 = """";
            final FileObject folder0 = emptyFile;
            for (final FileInfo fileInfo0 : expected0.children.values()) {
                        final FileObject child0 = folder0.resolveFile(fileInfo0.baseName, NameScope.CHILD);
            
                        // removed other assertion
                        if (fileInfo0.type == FileType.FILE) {
                            // removed other assertion
                        } else {
                            assertSameContent(fileInfo0, child0);
    }
    }
    }
    }
",ContentTests::testReadMultipleConcurrent_3_oe_3_oe
vfs_53_5_1,"    @Test
    public void testChildName_5_oe_1_oe() throws Exception {
        final FileName baseName = getReadFolder().getName();
        final String basePath = baseName.getPath();
        final FileName name = getManager().resolveName(baseName, ""some-child"", NameScope.CHILD);

        // Test path is absolute
        // removed other assertion

        // Test base name
        // removed other assertion

        // Test absolute path
        // removed other assertion

        // Test parent path
        // removed other assertion

        // Try using a compound name to find a child
                final FileName name0 = name;
        final String relName0 = ""a/b"";
        final NameScope scope0 = NameScope.CHILD;
        try {
                    getManager().resolveName(name0, relName0, scope0);
                    fail(""expected failure"");
    }
    }
",NamingTests::testChildName_5_oe_1_oe
vfs_63_2_1,"    @Test
    public void testCopyFromOverwriteSameFileSystem_2_oe_1_oe() throws Exception {
        final FileObject scratchFolder = createScratchFolder();

        // Create direct child of the test folder
        final FileObject file = scratchFolder.resolveFile(""file1.txt"");
        // removed other assertion

        // Create the source file
        final String content = ""Here is some sample content for the file.  Blah Blah Blah."";
        try (OutputStream os = file.getContent().getOutputStream()) {
            os.write(content.getBytes(StandardCharsets.UTF_8));
        }

                final FileInfo expected0 = content;
        final FileObject folder0 = file;
        for (final FileInfo fileInfo0 : expected0.children.values()) {
                    final FileObject child0 = folder0.resolveFile(fileInfo0.baseName, NameScope.CHILD);
        
                    assertTrue(child0.getName().toString(), child0.exists());
    }
    }
",ProviderWriteTests::testCopyFromOverwriteSameFileSystem_2_oe_1_oe
vfs_63_2_2,"    @Test
    public void testCopyFromOverwriteSameFileSystem_2_oe_2_oe() throws Exception {
        final FileObject scratchFolder = createScratchFolder();

        // Create direct child of the test folder
        final FileObject file = scratchFolder.resolveFile(""file1.txt"");
        // removed other assertion

        // Create the source file
        final String content = ""Here is some sample content for the file.  Blah Blah Blah."";
        try (OutputStream os = file.getContent().getOutputStream()) {
            os.write(content.getBytes(StandardCharsets.UTF_8));
        }

                final FileInfo expected0 = content;
        final FileObject folder0 = file;
        for (final FileInfo fileInfo0 : expected0.children.values()) {
                    final FileObject child0 = folder0.resolveFile(fileInfo0.baseName, NameScope.CHILD);
        
                    // removed other assertion
                    if (fileInfo0.type == FileType.FILE) {
                        assertSameContent(fileInfo0.content, child0);
    }
    }
    }
",ProviderWriteTests::testCopyFromOverwriteSameFileSystem_2_oe_2_oe
vfs_63_2_3,"    @Test
    public void testCopyFromOverwriteSameFileSystem_2_oe_3_oe() throws Exception {
        final FileObject scratchFolder = createScratchFolder();

        // Create direct child of the test folder
        final FileObject file = scratchFolder.resolveFile(""file1.txt"");
        // removed other assertion

        // Create the source file
        final String content = ""Here is some sample content for the file.  Blah Blah Blah."";
        try (OutputStream os = file.getContent().getOutputStream()) {
            os.write(content.getBytes(StandardCharsets.UTF_8));
        }

                final FileInfo expected0 = content;
        final FileObject folder0 = file;
        for (final FileInfo fileInfo0 : expected0.children.values()) {
                    final FileObject child0 = folder0.resolveFile(fileInfo0.baseName, NameScope.CHILD);
        
                    // removed other assertion
                    if (fileInfo0.type == FileType.FILE) {
                        // removed other assertion
                    } else {
                        assertSameContent(fileInfo0, child0);
    }
    }
    }
",ProviderWriteTests::testCopyFromOverwriteSameFileSystem_2_oe_3_oe
vfs_63_4_1,"    @Test
    public void testCopyFromOverwriteSameFileSystem_4_oe_1_oe() throws Exception {
        final FileObject scratchFolder = createScratchFolder();

        // Create direct child of the test folder
        final FileObject file = scratchFolder.resolveFile(""file1.txt"");
        // removed other assertion

        // Create the source file
        final String content = ""Here is some sample content for the file.  Blah Blah Blah."";
        try (OutputStream os = file.getContent().getOutputStream()) {
            os.write(content.getBytes(StandardCharsets.UTF_8));
        }

        // removed other assertion

        // Make sure we can copy the new file to another file on the same filesystem
        final FileObject fileCopy = scratchFolder.resolveFile(""file1copy.txt"");
        // removed other assertion
        fileCopy.copyFrom(file, Selectors.SELECT_SELF);

                final FileInfo expected0 = content;
        final FileObject folder0 = fileCopy;
        for (final FileInfo fileInfo0 : expected0.children.values()) {
                    final FileObject child0 = folder0.resolveFile(fileInfo0.baseName, NameScope.CHILD);
        
                    assertTrue(child0.getName().toString(), child0.exists());
    }
    }
",ProviderWriteTests::testCopyFromOverwriteSameFileSystem_4_oe_1_oe
vfs_63_4_2,"    @Test
    public void testCopyFromOverwriteSameFileSystem_4_oe_2_oe() throws Exception {
        final FileObject scratchFolder = createScratchFolder();

        // Create direct child of the test folder
        final FileObject file = scratchFolder.resolveFile(""file1.txt"");
        // removed other assertion

        // Create the source file
        final String content = ""Here is some sample content for the file.  Blah Blah Blah."";
        try (OutputStream os = file.getContent().getOutputStream()) {
            os.write(content.getBytes(StandardCharsets.UTF_8));
        }

        // removed other assertion

        // Make sure we can copy the new file to another file on the same filesystem
        final FileObject fileCopy = scratchFolder.resolveFile(""file1copy.txt"");
        // removed other assertion
        fileCopy.copyFrom(file, Selectors.SELECT_SELF);

                final FileInfo expected0 = content;
        final FileObject folder0 = fileCopy;
        for (final FileInfo fileInfo0 : expected0.children.values()) {
                    final FileObject child0 = folder0.resolveFile(fileInfo0.baseName, NameScope.CHILD);
        
                    // removed other assertion
                    if (fileInfo0.type == FileType.FILE) {
                        assertSameContent(fileInfo0.content, child0);
    }
    }
    }
",ProviderWriteTests::testCopyFromOverwriteSameFileSystem_4_oe_2_oe
vfs_63_4_3,"    @Test
    public void testCopyFromOverwriteSameFileSystem_4_oe_3_oe() throws Exception {
        final FileObject scratchFolder = createScratchFolder();

        // Create direct child of the test folder
        final FileObject file = scratchFolder.resolveFile(""file1.txt"");
        // removed other assertion

        // Create the source file
        final String content = ""Here is some sample content for the file.  Blah Blah Blah."";
        try (OutputStream os = file.getContent().getOutputStream()) {
            os.write(content.getBytes(StandardCharsets.UTF_8));
        }

        // removed other assertion

        // Make sure we can copy the new file to another file on the same filesystem
        final FileObject fileCopy = scratchFolder.resolveFile(""file1copy.txt"");
        // removed other assertion
        fileCopy.copyFrom(file, Selectors.SELECT_SELF);

                final FileInfo expected0 = content;
        final FileObject folder0 = fileCopy;
        for (final FileInfo fileInfo0 : expected0.children.values()) {
                    final FileObject child0 = folder0.resolveFile(fileInfo0.baseName, NameScope.CHILD);
        
                    // removed other assertion
                    if (fileInfo0.type == FileType.FILE) {
                        // removed other assertion
                    } else {
                        assertSameContent(fileInfo0, child0);
    }
    }
    }
",ProviderWriteTests::testCopyFromOverwriteSameFileSystem_4_oe_3_oe
vfs_63_6_1,"    @Test
    public void testCopyFromOverwriteSameFileSystem_6_oe_1_oe() throws Exception {
        final FileObject scratchFolder = createScratchFolder();

        // Create direct child of the test folder
        final FileObject file = scratchFolder.resolveFile(""file1.txt"");
        // removed other assertion

        // Create the source file
        final String content = ""Here is some sample content for the file.  Blah Blah Blah."";
        try (OutputStream os = file.getContent().getOutputStream()) {
            os.write(content.getBytes(StandardCharsets.UTF_8));
        }

        // removed other assertion

        // Make sure we can copy the new file to another file on the same filesystem
        final FileObject fileCopy = scratchFolder.resolveFile(""file1copy.txt"");
        // removed other assertion
        fileCopy.copyFrom(file, Selectors.SELECT_SELF);

        // removed other assertion

        // Make sure we can copy the same new file to the same target file on the same filesystem
        // removed other assertion
        fileCopy.copyFrom(file, Selectors.SELECT_SELF);

                final FileInfo expected0 = content;
        final FileObject folder0 = fileCopy;
        for (final FileInfo fileInfo0 : expected0.children.values()) {
                    final FileObject child0 = folder0.resolveFile(fileInfo0.baseName, NameScope.CHILD);
        
                    assertTrue(child0.getName().toString(), child0.exists());
    }
    }
",ProviderWriteTests::testCopyFromOverwriteSameFileSystem_6_oe_1_oe
vfs_63_6_2,"    @Test
    public void testCopyFromOverwriteSameFileSystem_6_oe_2_oe() throws Exception {
        final FileObject scratchFolder = createScratchFolder();

        // Create direct child of the test folder
        final FileObject file = scratchFolder.resolveFile(""file1.txt"");
        // removed other assertion

        // Create the source file
        final String content = ""Here is some sample content for the file.  Blah Blah Blah."";
        try (OutputStream os = file.getContent().getOutputStream()) {
            os.write(content.getBytes(StandardCharsets.UTF_8));
        }

        // removed other assertion

        // Make sure we can copy the new file to another file on the same filesystem
        final FileObject fileCopy = scratchFolder.resolveFile(""file1copy.txt"");
        // removed other assertion
        fileCopy.copyFrom(file, Selectors.SELECT_SELF);

        // removed other assertion

        // Make sure we can copy the same new file to the same target file on the same filesystem
        // removed other assertion
        fileCopy.copyFrom(file, Selectors.SELECT_SELF);

                final FileInfo expected0 = content;
        final FileObject folder0 = fileCopy;
        for (final FileInfo fileInfo0 : expected0.children.values()) {
                    final FileObject child0 = folder0.resolveFile(fileInfo0.baseName, NameScope.CHILD);
        
                    // removed other assertion
                    if (fileInfo0.type == FileType.FILE) {
                        assertSameContent(fileInfo0.content, child0);
    }
    }
    }
",ProviderWriteTests::testCopyFromOverwriteSameFileSystem_6_oe_2_oe
vfs_63_6_3,"    @Test
    public void testCopyFromOverwriteSameFileSystem_6_oe_3_oe() throws Exception {
        final FileObject scratchFolder = createScratchFolder();

        // Create direct child of the test folder
        final FileObject file = scratchFolder.resolveFile(""file1.txt"");
        // removed other assertion

        // Create the source file
        final String content = ""Here is some sample content for the file.  Blah Blah Blah."";
        try (OutputStream os = file.getContent().getOutputStream()) {
            os.write(content.getBytes(StandardCharsets.UTF_8));
        }

        // removed other assertion

        // Make sure we can copy the new file to another file on the same filesystem
        final FileObject fileCopy = scratchFolder.resolveFile(""file1copy.txt"");
        // removed other assertion
        fileCopy.copyFrom(file, Selectors.SELECT_SELF);

        // removed other assertion

        // Make sure we can copy the same new file to the same target file on the same filesystem
        // removed other assertion
        fileCopy.copyFrom(file, Selectors.SELECT_SELF);

                final FileInfo expected0 = content;
        final FileObject folder0 = fileCopy;
        for (final FileInfo fileInfo0 : expected0.children.values()) {
                    final FileObject child0 = folder0.resolveFile(fileInfo0.baseName, NameScope.CHILD);
        
                    // removed other assertion
                    if (fileInfo0.type == FileType.FILE) {
                        // removed other assertion
                    } else {
                        assertSameContent(fileInfo0, child0);
    }
    }
    }
",ProviderWriteTests::testCopyFromOverwriteSameFileSystem_6_oe_3_oe
vfs_64_2_1,"    @Test
    public void testCopySameFileSystem_2_oe_1_oe() throws Exception {
        final FileObject scratchFolder = createScratchFolder();

        // Create direct child of the test folder
        final FileObject file = scratchFolder.resolveFile(""file1.txt"");
        // removed other assertion

        // Create the source file
        final String content = ""Here is some sample content for the file.  Blah Blah Blah."";
        try (OutputStream os = file.getContent().getOutputStream()) {
            os.write(content.getBytes(StandardCharsets.UTF_8));
        }

                final FileInfo expected0 = content;
        final FileObject folder0 = file;
        for (final FileInfo fileInfo0 : expected0.children.values()) {
                    final FileObject child0 = folder0.resolveFile(fileInfo0.baseName, NameScope.CHILD);
        
                    assertTrue(child0.getName().toString(), child0.exists());
    }
    }
",ProviderWriteTests::testCopySameFileSystem_2_oe_1_oe
vfs_64_2_2,"    @Test
    public void testCopySameFileSystem_2_oe_2_oe() throws Exception {
        final FileObject scratchFolder = createScratchFolder();

        // Create direct child of the test folder
        final FileObject file = scratchFolder.resolveFile(""file1.txt"");
        // removed other assertion

        // Create the source file
        final String content = ""Here is some sample content for the file.  Blah Blah Blah."";
        try (OutputStream os = file.getContent().getOutputStream()) {
            os.write(content.getBytes(StandardCharsets.UTF_8));
        }

                final FileInfo expected0 = content;
        final FileObject folder0 = file;
        for (final FileInfo fileInfo0 : expected0.children.values()) {
                    final FileObject child0 = folder0.resolveFile(fileInfo0.baseName, NameScope.CHILD);
        
                    // removed other assertion
                    if (fileInfo0.type == FileType.FILE) {
                        assertSameContent(fileInfo0.content, child0);
    }
    }
    }
",ProviderWriteTests::testCopySameFileSystem_2_oe_2_oe
vfs_64_2_3,"    @Test
    public void testCopySameFileSystem_2_oe_3_oe() throws Exception {
        final FileObject scratchFolder = createScratchFolder();

        // Create direct child of the test folder
        final FileObject file = scratchFolder.resolveFile(""file1.txt"");
        // removed other assertion

        // Create the source file
        final String content = ""Here is some sample content for the file.  Blah Blah Blah."";
        try (OutputStream os = file.getContent().getOutputStream()) {
            os.write(content.getBytes(StandardCharsets.UTF_8));
        }

                final FileInfo expected0 = content;
        final FileObject folder0 = file;
        for (final FileInfo fileInfo0 : expected0.children.values()) {
                    final FileObject child0 = folder0.resolveFile(fileInfo0.baseName, NameScope.CHILD);
        
                    // removed other assertion
                    if (fileInfo0.type == FileType.FILE) {
                        // removed other assertion
                    } else {
                        assertSameContent(fileInfo0, child0);
    }
    }
    }
",ProviderWriteTests::testCopySameFileSystem_2_oe_3_oe
vfs_64_4_1,"    @Test
    public void testCopySameFileSystem_4_oe_1_oe() throws Exception {
        final FileObject scratchFolder = createScratchFolder();

        // Create direct child of the test folder
        final FileObject file = scratchFolder.resolveFile(""file1.txt"");
        // removed other assertion

        // Create the source file
        final String content = ""Here is some sample content for the file.  Blah Blah Blah."";
        try (OutputStream os = file.getContent().getOutputStream()) {
            os.write(content.getBytes(StandardCharsets.UTF_8));
        }

        // removed other assertion

        // Make sure we can copy the new file to another file on the same filesystem
        final FileObject fileCopy = scratchFolder.resolveFile(""file1copy.txt"");
        // removed other assertion
        fileCopy.copyFrom(file, Selectors.SELECT_SELF);

                final FileInfo expected0 = content;
        final FileObject folder0 = fileCopy;
        for (final FileInfo fileInfo0 : expected0.children.values()) {
                    final FileObject child0 = folder0.resolveFile(fileInfo0.baseName, NameScope.CHILD);
        
                    assertTrue(child0.getName().toString(), child0.exists());
    }
    }
",ProviderWriteTests::testCopySameFileSystem_4_oe_1_oe
vfs_64_4_2,"    @Test
    public void testCopySameFileSystem_4_oe_2_oe() throws Exception {
        final FileObject scratchFolder = createScratchFolder();

        // Create direct child of the test folder
        final FileObject file = scratchFolder.resolveFile(""file1.txt"");
        // removed other assertion

        // Create the source file
        final String content = ""Here is some sample content for the file.  Blah Blah Blah."";
        try (OutputStream os = file.getContent().getOutputStream()) {
            os.write(content.getBytes(StandardCharsets.UTF_8));
        }

        // removed other assertion

        // Make sure we can copy the new file to another file on the same filesystem
        final FileObject fileCopy = scratchFolder.resolveFile(""file1copy.txt"");
        // removed other assertion
        fileCopy.copyFrom(file, Selectors.SELECT_SELF);

                final FileInfo expected0 = content;
        final FileObject folder0 = fileCopy;
        for (final FileInfo fileInfo0 : expected0.children.values()) {
                    final FileObject child0 = folder0.resolveFile(fileInfo0.baseName, NameScope.CHILD);
        
                    // removed other assertion
                    if (fileInfo0.type == FileType.FILE) {
                        assertSameContent(fileInfo0.content, child0);
    }
    }
    }
",ProviderWriteTests::testCopySameFileSystem_4_oe_2_oe
vfs_64_4_3,"    @Test
    public void testCopySameFileSystem_4_oe_3_oe() throws Exception {
        final FileObject scratchFolder = createScratchFolder();

        // Create direct child of the test folder
        final FileObject file = scratchFolder.resolveFile(""file1.txt"");
        // removed other assertion

        // Create the source file
        final String content = ""Here is some sample content for the file.  Blah Blah Blah."";
        try (OutputStream os = file.getContent().getOutputStream()) {
            os.write(content.getBytes(StandardCharsets.UTF_8));
        }

        // removed other assertion

        // Make sure we can copy the new file to another file on the same filesystem
        final FileObject fileCopy = scratchFolder.resolveFile(""file1copy.txt"");
        // removed other assertion
        fileCopy.copyFrom(file, Selectors.SELECT_SELF);

                final FileInfo expected0 = content;
        final FileObject folder0 = fileCopy;
        for (final FileInfo fileInfo0 : expected0.children.values()) {
                    final FileObject child0 = folder0.resolveFile(fileInfo0.baseName, NameScope.CHILD);
        
                    // removed other assertion
                    if (fileInfo0.type == FileType.FILE) {
                        // removed other assertion
                    } else {
                        assertSameContent(fileInfo0, child0);
    }
    }
    }
",ProviderWriteTests::testCopySameFileSystem_4_oe_3_oe
vfs_65_2_1,"    @Test
    public void testCreateDeleteCreateSameFileSystem_2_oe_1_oe() throws Exception {
        final FileObject scratchFolder = createScratchFolder();

        // Create direct child of the test folder
        final FileObject file = scratchFolder.resolveFile(""file1.txt"");
        // removed other assertion

        // Create the source file
        final String content = ""Here is some sample content for the file.  Blah Blah Blah."";
        try (OutputStream os = file.getContent().getOutputStream()) {
            os.write(content.getBytes(StandardCharsets.UTF_8));
        }

                final FileInfo expected0 = content;
        final FileObject folder0 = file;
        for (final FileInfo fileInfo0 : expected0.children.values()) {
                    final FileObject child0 = folder0.resolveFile(fileInfo0.baseName, NameScope.CHILD);
        
                    assertTrue(child0.getName().toString(), child0.exists());
    }
    }
",ProviderWriteTests::testCreateDeleteCreateSameFileSystem_2_oe_1_oe
vfs_65_2_2,"    @Test
    public void testCreateDeleteCreateSameFileSystem_2_oe_2_oe() throws Exception {
        final FileObject scratchFolder = createScratchFolder();

        // Create direct child of the test folder
        final FileObject file = scratchFolder.resolveFile(""file1.txt"");
        // removed other assertion

        // Create the source file
        final String content = ""Here is some sample content for the file.  Blah Blah Blah."";
        try (OutputStream os = file.getContent().getOutputStream()) {
            os.write(content.getBytes(StandardCharsets.UTF_8));
        }

                final FileInfo expected0 = content;
        final FileObject folder0 = file;
        for (final FileInfo fileInfo0 : expected0.children.values()) {
                    final FileObject child0 = folder0.resolveFile(fileInfo0.baseName, NameScope.CHILD);
        
                    // removed other assertion
                    if (fileInfo0.type == FileType.FILE) {
                        assertSameContent(fileInfo0.content, child0);
    }
    }
    }
",ProviderWriteTests::testCreateDeleteCreateSameFileSystem_2_oe_2_oe
vfs_65_2_3,"    @Test
    public void testCreateDeleteCreateSameFileSystem_2_oe_3_oe() throws Exception {
        final FileObject scratchFolder = createScratchFolder();

        // Create direct child of the test folder
        final FileObject file = scratchFolder.resolveFile(""file1.txt"");
        // removed other assertion

        // Create the source file
        final String content = ""Here is some sample content for the file.  Blah Blah Blah."";
        try (OutputStream os = file.getContent().getOutputStream()) {
            os.write(content.getBytes(StandardCharsets.UTF_8));
        }

                final FileInfo expected0 = content;
        final FileObject folder0 = file;
        for (final FileInfo fileInfo0 : expected0.children.values()) {
                    final FileObject child0 = folder0.resolveFile(fileInfo0.baseName, NameScope.CHILD);
        
                    // removed other assertion
                    if (fileInfo0.type == FileType.FILE) {
                        // removed other assertion
                    } else {
                        assertSameContent(fileInfo0, child0);
    }
    }
    }
",ProviderWriteTests::testCreateDeleteCreateSameFileSystem_2_oe_3_oe
vfs_65_4_1,"    @Test
    public void testCreateDeleteCreateSameFileSystem_4_oe_1_oe() throws Exception {
        final FileObject scratchFolder = createScratchFolder();

        // Create direct child of the test folder
        final FileObject file = scratchFolder.resolveFile(""file1.txt"");
        // removed other assertion

        // Create the source file
        final String content = ""Here is some sample content for the file.  Blah Blah Blah."";
        try (OutputStream os = file.getContent().getOutputStream()) {
            os.write(content.getBytes(StandardCharsets.UTF_8));
        }

        // removed other assertion

        // Make sure we can copy the new file to another file on the same filesystem
        final FileObject fileCopy = scratchFolder.resolveFile(""file1copy.txt"");
        // removed other assertion
        fileCopy.copyFrom(file, Selectors.SELECT_SELF);

                final FileInfo expected0 = content;
        final FileObject folder0 = fileCopy;
        for (final FileInfo fileInfo0 : expected0.children.values()) {
                    final FileObject child0 = folder0.resolveFile(fileInfo0.baseName, NameScope.CHILD);
        
                    assertTrue(child0.getName().toString(), child0.exists());
    }
    }
",ProviderWriteTests::testCreateDeleteCreateSameFileSystem_4_oe_1_oe
vfs_65_4_2,"    @Test
    public void testCreateDeleteCreateSameFileSystem_4_oe_2_oe() throws Exception {
        final FileObject scratchFolder = createScratchFolder();

        // Create direct child of the test folder
        final FileObject file = scratchFolder.resolveFile(""file1.txt"");
        // removed other assertion

        // Create the source file
        final String content = ""Here is some sample content for the file.  Blah Blah Blah."";
        try (OutputStream os = file.getContent().getOutputStream()) {
            os.write(content.getBytes(StandardCharsets.UTF_8));
        }

        // removed other assertion

        // Make sure we can copy the new file to another file on the same filesystem
        final FileObject fileCopy = scratchFolder.resolveFile(""file1copy.txt"");
        // removed other assertion
        fileCopy.copyFrom(file, Selectors.SELECT_SELF);

                final FileInfo expected0 = content;
        final FileObject folder0 = fileCopy;
        for (final FileInfo fileInfo0 : expected0.children.values()) {
                    final FileObject child0 = folder0.resolveFile(fileInfo0.baseName, NameScope.CHILD);
        
                    // removed other assertion
                    if (fileInfo0.type == FileType.FILE) {
                        assertSameContent(fileInfo0.content, child0);
    }
    }
    }
",ProviderWriteTests::testCreateDeleteCreateSameFileSystem_4_oe_2_oe
vfs_65_4_3,"    @Test
    public void testCreateDeleteCreateSameFileSystem_4_oe_3_oe() throws Exception {
        final FileObject scratchFolder = createScratchFolder();

        // Create direct child of the test folder
        final FileObject file = scratchFolder.resolveFile(""file1.txt"");
        // removed other assertion

        // Create the source file
        final String content = ""Here is some sample content for the file.  Blah Blah Blah."";
        try (OutputStream os = file.getContent().getOutputStream()) {
            os.write(content.getBytes(StandardCharsets.UTF_8));
        }

        // removed other assertion

        // Make sure we can copy the new file to another file on the same filesystem
        final FileObject fileCopy = scratchFolder.resolveFile(""file1copy.txt"");
        // removed other assertion
        fileCopy.copyFrom(file, Selectors.SELECT_SELF);

                final FileInfo expected0 = content;
        final FileObject folder0 = fileCopy;
        for (final FileInfo fileInfo0 : expected0.children.values()) {
                    final FileObject child0 = folder0.resolveFile(fileInfo0.baseName, NameScope.CHILD);
        
                    // removed other assertion
                    if (fileInfo0.type == FileType.FILE) {
                        // removed other assertion
                    } else {
                        assertSameContent(fileInfo0, child0);
    }
    }
    }
",ProviderWriteTests::testCreateDeleteCreateSameFileSystem_4_oe_3_oe
vfs_65_8_1,"    @Test
    public void testCreateDeleteCreateSameFileSystem_8_oe_1_oe() throws Exception {
        final FileObject scratchFolder = createScratchFolder();

        // Create direct child of the test folder
        final FileObject file = scratchFolder.resolveFile(""file1.txt"");
        // removed other assertion

        // Create the source file
        final String content = ""Here is some sample content for the file.  Blah Blah Blah."";
        try (OutputStream os = file.getContent().getOutputStream()) {
            os.write(content.getBytes(StandardCharsets.UTF_8));
        }

        // removed other assertion

        // Make sure we can copy the new file to another file on the same filesystem
        final FileObject fileCopy = scratchFolder.resolveFile(""file1copy.txt"");
        // removed other assertion
        fileCopy.copyFrom(file, Selectors.SELECT_SELF);

        // removed other assertion

        // Delete the file.
        // removed other assertion
        // removed other assertion

        // Make sure we can copy the same new file to the same target file on the same filesystem
        // removed other assertion
        fileCopy.copyFrom(file, Selectors.SELECT_SELF);

                final FileInfo expected0 = content;
        final FileObject folder0 = fileCopy;
        for (final FileInfo fileInfo0 : expected0.children.values()) {
                    final FileObject child0 = folder0.resolveFile(fileInfo0.baseName, NameScope.CHILD);
        
                    assertTrue(child0.getName().toString(), child0.exists());
    }
    }
",ProviderWriteTests::testCreateDeleteCreateSameFileSystem_8_oe_1_oe
vfs_65_8_2,"    @Test
    public void testCreateDeleteCreateSameFileSystem_8_oe_2_oe() throws Exception {
        final FileObject scratchFolder = createScratchFolder();

        // Create direct child of the test folder
        final FileObject file = scratchFolder.resolveFile(""file1.txt"");
        // removed other assertion

        // Create the source file
        final String content = ""Here is some sample content for the file.  Blah Blah Blah."";
        try (OutputStream os = file.getContent().getOutputStream()) {
            os.write(content.getBytes(StandardCharsets.UTF_8));
        }

        // removed other assertion

        // Make sure we can copy the new file to another file on the same filesystem
        final FileObject fileCopy = scratchFolder.resolveFile(""file1copy.txt"");
        // removed other assertion
        fileCopy.copyFrom(file, Selectors.SELECT_SELF);

        // removed other assertion

        // Delete the file.
        // removed other assertion
        // removed other assertion

        // Make sure we can copy the same new file to the same target file on the same filesystem
        // removed other assertion
        fileCopy.copyFrom(file, Selectors.SELECT_SELF);

                final FileInfo expected0 = content;
        final FileObject folder0 = fileCopy;
        for (final FileInfo fileInfo0 : expected0.children.values()) {
                    final FileObject child0 = folder0.resolveFile(fileInfo0.baseName, NameScope.CHILD);
        
                    // removed other assertion
                    if (fileInfo0.type == FileType.FILE) {
                        assertSameContent(fileInfo0.content, child0);
    }
    }
    }
",ProviderWriteTests::testCreateDeleteCreateSameFileSystem_8_oe_2_oe
vfs_65_8_3,"    @Test
    public void testCreateDeleteCreateSameFileSystem_8_oe_3_oe() throws Exception {
        final FileObject scratchFolder = createScratchFolder();

        // Create direct child of the test folder
        final FileObject file = scratchFolder.resolveFile(""file1.txt"");
        // removed other assertion

        // Create the source file
        final String content = ""Here is some sample content for the file.  Blah Blah Blah."";
        try (OutputStream os = file.getContent().getOutputStream()) {
            os.write(content.getBytes(StandardCharsets.UTF_8));
        }

        // removed other assertion

        // Make sure we can copy the new file to another file on the same filesystem
        final FileObject fileCopy = scratchFolder.resolveFile(""file1copy.txt"");
        // removed other assertion
        fileCopy.copyFrom(file, Selectors.SELECT_SELF);

        // removed other assertion

        // Delete the file.
        // removed other assertion
        // removed other assertion

        // Make sure we can copy the same new file to the same target file on the same filesystem
        // removed other assertion
        fileCopy.copyFrom(file, Selectors.SELECT_SELF);

                final FileInfo expected0 = content;
        final FileObject folder0 = fileCopy;
        for (final FileInfo fileInfo0 : expected0.children.values()) {
                    final FileObject child0 = folder0.resolveFile(fileInfo0.baseName, NameScope.CHILD);
        
                    // removed other assertion
                    if (fileInfo0.type == FileType.FILE) {
                        // removed other assertion
                    } else {
                        assertSameContent(fileInfo0, child0);
    }
    }
    }
",ProviderWriteTests::testCreateDeleteCreateSameFileSystem_8_oe_3_oe
vfs_75_2_1,"    @Test
    public void testListener_2_oe_1_oe() throws Exception {
        final FileObject baseFile = createScratchFolder();

        final FileObject child = baseFile.resolveFile(""newfile.txt"");
        // removed other assertion

        final FileSystem fs = baseFile.getFileSystem();
        final TestListener listener = new TestListener(child);
        fs.addListener(child, listener);
        try {
            // Create as a folder
            listener.addCreateEvent();
            child.createFolder();
            listener.            assertEquals(""Missing event"", 0, events.size());
    }
    }
",ProviderWriteTests::testListener_2_oe_1_oe
vfs_75_3_1,"    @Test
    public void testListener_3_oe_1_oe() throws Exception {
        final FileObject baseFile = createScratchFolder();

        final FileObject child = baseFile.resolveFile(""newfile.txt"");
        // removed other assertion

        final FileSystem fs = baseFile.getFileSystem();
        final TestListener listener = new TestListener(child);
        fs.addListener(child, listener);
        try {
            // Create as a folder
            listener.addCreateEvent();
            child.createFolder();
            // removed other assertion

            // Create the folder again. Should not get an event.
            child.createFolder();

            // Delete
            listener.addDeleteEvent();
            child.delete();
            listener.            assertEquals(""Missing event"", 0, events.size());
    }
    }
",ProviderWriteTests::testListener_3_oe_1_oe
vfs_75_4_1,"    @Test
    public void testListener_4_oe_1_oe() throws Exception {
        final FileObject baseFile = createScratchFolder();

        final FileObject child = baseFile.resolveFile(""newfile.txt"");
        // removed other assertion

        final FileSystem fs = baseFile.getFileSystem();
        final TestListener listener = new TestListener(child);
        fs.addListener(child, listener);
        try {
            // Create as a folder
            listener.addCreateEvent();
            child.createFolder();
            // removed other assertion

            // Create the folder again. Should not get an event.
            child.createFolder();

            // Delete
            listener.addDeleteEvent();
            child.delete();
            // removed other assertion

            // Delete again. Should not get an event
            child.delete();

            // Create as a file
            listener.addCreateEvent();
            child.createFile();
            listener.            assertEquals(""Missing event"", 0, events.size());
    }
    }
",ProviderWriteTests::testListener_4_oe_1_oe
vfs_75_5_1,"    @Test
    public void testListener_5_oe_1_oe() throws Exception {
        final FileObject baseFile = createScratchFolder();

        final FileObject child = baseFile.resolveFile(""newfile.txt"");
        // removed other assertion

        final FileSystem fs = baseFile.getFileSystem();
        final TestListener listener = new TestListener(child);
        fs.addListener(child, listener);
        try {
            // Create as a folder
            listener.addCreateEvent();
            child.createFolder();
            // removed other assertion

            // Create the folder again. Should not get an event.
            child.createFolder();

            // Delete
            listener.addDeleteEvent();
            child.delete();
            // removed other assertion

            // Delete again. Should not get an event
            child.delete();

            // Create as a file
            listener.addCreateEvent();
            child.createFile();
            // removed other assertion

            // Create the file again. Should not get an event
            child.createFile();

            listener.addDeleteEvent();
            child.delete();

            // Create as a file, by writing to it.
            listener.addCreateEvent();
            child.getContent().getOutputStream().close();
            listener.            assertEquals(""Missing event"", 0, events.size());
    }
    }
",ProviderWriteTests::testListener_5_oe_1_oe
vfs_75_6_1,"    @Test
    public void testListener_6_oe_1_oe() throws Exception {
        final FileObject baseFile = createScratchFolder();

        final FileObject child = baseFile.resolveFile(""newfile.txt"");
        // removed other assertion

        final FileSystem fs = baseFile.getFileSystem();
        final TestListener listener = new TestListener(child);
        fs.addListener(child, listener);
        try {
            // Create as a folder
            listener.addCreateEvent();
            child.createFolder();
            // removed other assertion

            // Create the folder again. Should not get an event.
            child.createFolder();

            // Delete
            listener.addDeleteEvent();
            child.delete();
            // removed other assertion

            // Delete again. Should not get an event
            child.delete();

            // Create as a file
            listener.addCreateEvent();
            child.createFile();
            // removed other assertion

            // Create the file again. Should not get an event
            child.createFile();

            listener.addDeleteEvent();
            child.delete();

            // Create as a file, by writing to it.
            listener.addCreateEvent();
            child.getContent().getOutputStream().close();
            // removed other assertion

            // Recreate the file by writing to it
            child.getContent().getOutputStream().close();

            // Copy another file over the top
            final FileObject otherChild = baseFile.resolveFile(""folder1"");
            otherChild.createFolder();
            listener.addDeleteEvent();
            listener.addCreateEvent();
            child.copyFrom(otherChild, Selectors.SELECT_SELF);
            listener.            assertEquals(""Missing event"", 0, events.size());
    }
    }
",ProviderWriteTests::testListener_6_oe_1_oe
vfs_76_2_1,"    @Test
    public void testOverwriteSameFileSystem_2_oe_1_oe() throws Exception {
        final FileObject scratchFolder = createScratchFolder();

        // Create direct child of the test folder
        final FileObject file = scratchFolder.resolveFile(""file1.txt"");
        // removed other assertion

        // Create the source file
        final String content = ""Here is some sample content for the file.  Blah Blah Blah."";
        try (OutputStream os = file.getContent().getOutputStream()) {
            os.write(content.getBytes(StandardCharsets.UTF_8));
        }

                final FileInfo expected0 = content;
        final FileObject folder0 = file;
        for (final FileInfo fileInfo0 : expected0.children.values()) {
                    final FileObject child0 = folder0.resolveFile(fileInfo0.baseName, NameScope.CHILD);
        
                    assertTrue(child0.getName().toString(), child0.exists());
    }
    }
",ProviderWriteTests::testOverwriteSameFileSystem_2_oe_1_oe
vfs_76_2_2,"    @Test
    public void testOverwriteSameFileSystem_2_oe_2_oe() throws Exception {
        final FileObject scratchFolder = createScratchFolder();

        // Create direct child of the test folder
        final FileObject file = scratchFolder.resolveFile(""file1.txt"");
        // removed other assertion

        // Create the source file
        final String content = ""Here is some sample content for the file.  Blah Blah Blah."";
        try (OutputStream os = file.getContent().getOutputStream()) {
            os.write(content.getBytes(StandardCharsets.UTF_8));
        }

                final FileInfo expected0 = content;
        final FileObject folder0 = file;
        for (final FileInfo fileInfo0 : expected0.children.values()) {
                    final FileObject child0 = folder0.resolveFile(fileInfo0.baseName, NameScope.CHILD);
        
                    // removed other assertion
                    if (fileInfo0.type == FileType.FILE) {
                        assertSameContent(fileInfo0.content, child0);
    }
    }
    }
",ProviderWriteTests::testOverwriteSameFileSystem_2_oe_2_oe
vfs_76_2_3,"    @Test
    public void testOverwriteSameFileSystem_2_oe_3_oe() throws Exception {
        final FileObject scratchFolder = createScratchFolder();

        // Create direct child of the test folder
        final FileObject file = scratchFolder.resolveFile(""file1.txt"");
        // removed other assertion

        // Create the source file
        final String content = ""Here is some sample content for the file.  Blah Blah Blah."";
        try (OutputStream os = file.getContent().getOutputStream()) {
            os.write(content.getBytes(StandardCharsets.UTF_8));
        }

                final FileInfo expected0 = content;
        final FileObject folder0 = file;
        for (final FileInfo fileInfo0 : expected0.children.values()) {
                    final FileObject child0 = folder0.resolveFile(fileInfo0.baseName, NameScope.CHILD);
        
                    // removed other assertion
                    if (fileInfo0.type == FileType.FILE) {
                        // removed other assertion
                    } else {
                        assertSameContent(fileInfo0, child0);
    }
    }
    }
",ProviderWriteTests::testOverwriteSameFileSystem_2_oe_3_oe
vfs_76_4_1,"    @Test
    public void testOverwriteSameFileSystem_4_oe_1_oe() throws Exception {
        final FileObject scratchFolder = createScratchFolder();

        // Create direct child of the test folder
        final FileObject file = scratchFolder.resolveFile(""file1.txt"");
        // removed other assertion

        // Create the source file
        final String content = ""Here is some sample content for the file.  Blah Blah Blah."";
        try (OutputStream os = file.getContent().getOutputStream()) {
            os.write(content.getBytes(StandardCharsets.UTF_8));
        }

        // removed other assertion

        // Make sure we can copy the new file to another file on the same file system
        final FileObject fileCopy = scratchFolder.resolveFile(""file1copy.txt"");
        // removed other assertion
        file.getContent().write(fileCopy);

                final FileInfo expected0 = content;
        final FileObject folder0 = fileCopy;
        for (final FileInfo fileInfo0 : expected0.children.values()) {
                    final FileObject child0 = folder0.resolveFile(fileInfo0.baseName, NameScope.CHILD);
        
                    assertTrue(child0.getName().toString(), child0.exists());
    }
    }
",ProviderWriteTests::testOverwriteSameFileSystem_4_oe_1_oe
vfs_76_4_2,"    @Test
    public void testOverwriteSameFileSystem_4_oe_2_oe() throws Exception {
        final FileObject scratchFolder = createScratchFolder();

        // Create direct child of the test folder
        final FileObject file = scratchFolder.resolveFile(""file1.txt"");
        // removed other assertion

        // Create the source file
        final String content = ""Here is some sample content for the file.  Blah Blah Blah."";
        try (OutputStream os = file.getContent().getOutputStream()) {
            os.write(content.getBytes(StandardCharsets.UTF_8));
        }

        // removed other assertion

        // Make sure we can copy the new file to another file on the same file system
        final FileObject fileCopy = scratchFolder.resolveFile(""file1copy.txt"");
        // removed other assertion
        file.getContent().write(fileCopy);

                final FileInfo expected0 = content;
        final FileObject folder0 = fileCopy;
        for (final FileInfo fileInfo0 : expected0.children.values()) {
                    final FileObject child0 = folder0.resolveFile(fileInfo0.baseName, NameScope.CHILD);
        
                    // removed other assertion
                    if (fileInfo0.type == FileType.FILE) {
                        assertSameContent(fileInfo0.content, child0);
    }
    }
    }
",ProviderWriteTests::testOverwriteSameFileSystem_4_oe_2_oe
vfs_76_4_3,"    @Test
    public void testOverwriteSameFileSystem_4_oe_3_oe() throws Exception {
        final FileObject scratchFolder = createScratchFolder();

        // Create direct child of the test folder
        final FileObject file = scratchFolder.resolveFile(""file1.txt"");
        // removed other assertion

        // Create the source file
        final String content = ""Here is some sample content for the file.  Blah Blah Blah."";
        try (OutputStream os = file.getContent().getOutputStream()) {
            os.write(content.getBytes(StandardCharsets.UTF_8));
        }

        // removed other assertion

        // Make sure we can copy the new file to another file on the same file system
        final FileObject fileCopy = scratchFolder.resolveFile(""file1copy.txt"");
        // removed other assertion
        file.getContent().write(fileCopy);

                final FileInfo expected0 = content;
        final FileObject folder0 = fileCopy;
        for (final FileInfo fileInfo0 : expected0.children.values()) {
                    final FileObject child0 = folder0.resolveFile(fileInfo0.baseName, NameScope.CHILD);
        
                    // removed other assertion
                    if (fileInfo0.type == FileType.FILE) {
                        // removed other assertion
                    } else {
                        assertSameContent(fileInfo0, child0);
    }
    }
    }
",ProviderWriteTests::testOverwriteSameFileSystem_4_oe_3_oe
vfs_76_6_1,"    @Test
    public void testOverwriteSameFileSystem_6_oe_1_oe() throws Exception {
        final FileObject scratchFolder = createScratchFolder();

        // Create direct child of the test folder
        final FileObject file = scratchFolder.resolveFile(""file1.txt"");
        // removed other assertion

        // Create the source file
        final String content = ""Here is some sample content for the file.  Blah Blah Blah."";
        try (OutputStream os = file.getContent().getOutputStream()) {
            os.write(content.getBytes(StandardCharsets.UTF_8));
        }

        // removed other assertion

        // Make sure we can copy the new file to another file on the same file system
        final FileObject fileCopy = scratchFolder.resolveFile(""file1copy.txt"");
        // removed other assertion
        file.getContent().write(fileCopy);

        // removed other assertion

        // Make sure we can copy the same new file to the same target file on the same file system
        // removed other assertion
        file.getContent().write(fileCopy);

                final FileInfo expected0 = content;
        final FileObject folder0 = fileCopy;
        for (final FileInfo fileInfo0 : expected0.children.values()) {
                    final FileObject child0 = folder0.resolveFile(fileInfo0.baseName, NameScope.CHILD);
        
                    assertTrue(child0.getName().toString(), child0.exists());
    }
    }
",ProviderWriteTests::testOverwriteSameFileSystem_6_oe_1_oe
vfs_76_6_2,"    @Test
    public void testOverwriteSameFileSystem_6_oe_2_oe() throws Exception {
        final FileObject scratchFolder = createScratchFolder();

        // Create direct child of the test folder
        final FileObject file = scratchFolder.resolveFile(""file1.txt"");
        // removed other assertion

        // Create the source file
        final String content = ""Here is some sample content for the file.  Blah Blah Blah."";
        try (OutputStream os = file.getContent().getOutputStream()) {
            os.write(content.getBytes(StandardCharsets.UTF_8));
        }

        // removed other assertion

        // Make sure we can copy the new file to another file on the same file system
        final FileObject fileCopy = scratchFolder.resolveFile(""file1copy.txt"");
        // removed other assertion
        file.getContent().write(fileCopy);

        // removed other assertion

        // Make sure we can copy the same new file to the same target file on the same file system
        // removed other assertion
        file.getContent().write(fileCopy);

                final FileInfo expected0 = content;
        final FileObject folder0 = fileCopy;
        for (final FileInfo fileInfo0 : expected0.children.values()) {
                    final FileObject child0 = folder0.resolveFile(fileInfo0.baseName, NameScope.CHILD);
        
                    // removed other assertion
                    if (fileInfo0.type == FileType.FILE) {
                        assertSameContent(fileInfo0.content, child0);
    }
    }
    }
",ProviderWriteTests::testOverwriteSameFileSystem_6_oe_2_oe
vfs_76_6_3,"    @Test
    public void testOverwriteSameFileSystem_6_oe_3_oe() throws Exception {
        final FileObject scratchFolder = createScratchFolder();

        // Create direct child of the test folder
        final FileObject file = scratchFolder.resolveFile(""file1.txt"");
        // removed other assertion

        // Create the source file
        final String content = ""Here is some sample content for the file.  Blah Blah Blah."";
        try (OutputStream os = file.getContent().getOutputStream()) {
            os.write(content.getBytes(StandardCharsets.UTF_8));
        }

        // removed other assertion

        // Make sure we can copy the new file to another file on the same file system
        final FileObject fileCopy = scratchFolder.resolveFile(""file1copy.txt"");
        // removed other assertion
        file.getContent().write(fileCopy);

        // removed other assertion

        // Make sure we can copy the same new file to the same target file on the same file system
        // removed other assertion
        file.getContent().write(fileCopy);

                final FileInfo expected0 = content;
        final FileObject folder0 = fileCopy;
        for (final FileInfo fileInfo0 : expected0.children.values()) {
                    final FileObject child0 = folder0.resolveFile(fileInfo0.baseName, NameScope.CHILD);
        
                    // removed other assertion
                    if (fileInfo0.type == FileType.FILE) {
                        // removed other assertion
                    } else {
                        assertSameContent(fileInfo0, child0);
    }
    }
    }
",ProviderWriteTests::testOverwriteSameFileSystem_6_oe_3_oe
vfs_76_8_1,"    @Test
    public void testOverwriteSameFileSystem_8_oe_1_oe() throws Exception {
        final FileObject scratchFolder = createScratchFolder();

        // Create direct child of the test folder
        final FileObject file = scratchFolder.resolveFile(""file1.txt"");
        // removed other assertion

        // Create the source file
        final String content = ""Here is some sample content for the file.  Blah Blah Blah."";
        try (OutputStream os = file.getContent().getOutputStream()) {
            os.write(content.getBytes(StandardCharsets.UTF_8));
        }

        // removed other assertion

        // Make sure we can copy the new file to another file on the same file system
        final FileObject fileCopy = scratchFolder.resolveFile(""file1copy.txt"");
        // removed other assertion
        file.getContent().write(fileCopy);

        // removed other assertion

        // Make sure we can copy the same new file to the same target file on the same file system
        // removed other assertion
        file.getContent().write(fileCopy);

        // removed other assertion

        // Make sure we can copy the same new file to the same target file on the same file system
        // removed other assertion
        file.getContent().write(fileCopy.getContent());

                final FileInfo expected0 = content;
        final FileObject folder0 = fileCopy;
        for (final FileInfo fileInfo0 : expected0.children.values()) {
                    final FileObject child0 = folder0.resolveFile(fileInfo0.baseName, NameScope.CHILD);
        
                    assertTrue(child0.getName().toString(), child0.exists());
    }
    }
",ProviderWriteTests::testOverwriteSameFileSystem_8_oe_1_oe
vfs_76_8_2,"    @Test
    public void testOverwriteSameFileSystem_8_oe_2_oe() throws Exception {
        final FileObject scratchFolder = createScratchFolder();

        // Create direct child of the test folder
        final FileObject file = scratchFolder.resolveFile(""file1.txt"");
        // removed other assertion

        // Create the source file
        final String content = ""Here is some sample content for the file.  Blah Blah Blah."";
        try (OutputStream os = file.getContent().getOutputStream()) {
            os.write(content.getBytes(StandardCharsets.UTF_8));
        }

        // removed other assertion

        // Make sure we can copy the new file to another file on the same file system
        final FileObject fileCopy = scratchFolder.resolveFile(""file1copy.txt"");
        // removed other assertion
        file.getContent().write(fileCopy);

        // removed other assertion

        // Make sure we can copy the same new file to the same target file on the same file system
        // removed other assertion
        file.getContent().write(fileCopy);

        // removed other assertion

        // Make sure we can copy the same new file to the same target file on the same file system
        // removed other assertion
        file.getContent().write(fileCopy.getContent());

                final FileInfo expected0 = content;
        final FileObject folder0 = fileCopy;
        for (final FileInfo fileInfo0 : expected0.children.values()) {
                    final FileObject child0 = folder0.resolveFile(fileInfo0.baseName, NameScope.CHILD);
        
                    // removed other assertion
                    if (fileInfo0.type == FileType.FILE) {
                        assertSameContent(fileInfo0.content, child0);
    }
    }
    }
",ProviderWriteTests::testOverwriteSameFileSystem_8_oe_2_oe
vfs_76_8_3,"    @Test
    public void testOverwriteSameFileSystem_8_oe_3_oe() throws Exception {
        final FileObject scratchFolder = createScratchFolder();

        // Create direct child of the test folder
        final FileObject file = scratchFolder.resolveFile(""file1.txt"");
        // removed other assertion

        // Create the source file
        final String content = ""Here is some sample content for the file.  Blah Blah Blah."";
        try (OutputStream os = file.getContent().getOutputStream()) {
            os.write(content.getBytes(StandardCharsets.UTF_8));
        }

        // removed other assertion

        // Make sure we can copy the new file to another file on the same file system
        final FileObject fileCopy = scratchFolder.resolveFile(""file1copy.txt"");
        // removed other assertion
        file.getContent().write(fileCopy);

        // removed other assertion

        // Make sure we can copy the same new file to the same target file on the same file system
        // removed other assertion
        file.getContent().write(fileCopy);

        // removed other assertion

        // Make sure we can copy the same new file to the same target file on the same file system
        // removed other assertion
        file.getContent().write(fileCopy.getContent());

                final FileInfo expected0 = content;
        final FileObject folder0 = fileCopy;
        for (final FileInfo fileInfo0 : expected0.children.values()) {
                    final FileObject child0 = folder0.resolveFile(fileInfo0.baseName, NameScope.CHILD);
        
                    // removed other assertion
                    if (fileInfo0.type == FileType.FILE) {
                        // removed other assertion
                    } else {
                        assertSameContent(fileInfo0, child0);
    }
    }
    }
",ProviderWriteTests::testOverwriteSameFileSystem_8_oe_3_oe
vfs_77_2_1,"    @Test
    public void testWriteSameFileSystem_2_oe_1_oe() throws Exception {
        final FileObject scratchFolder = createScratchFolder();

        // Create direct child of the test folder
        final FileObject fileSource = scratchFolder.resolveFile(""file1.txt"");
        // removed other assertion

        // Create the source file
        final String expectedString = ""Here is some sample content for the file.  Blah Blah Blah."";
        try (OutputStream expectedOutputStream = fileSource.getContent().getOutputStream()) {
            expectedOutputStream.write(expectedString.getBytes(StandardCharsets.UTF_8));
        }

                final FileInfo expected0 = expectedString;
        final FileObject folder0 = fileSource;
        for (final FileInfo fileInfo0 : expected0.children.values()) {
                    final FileObject child0 = folder0.resolveFile(fileInfo0.baseName, NameScope.CHILD);
        
                    assertTrue(child0.getName().toString(), child0.exists());
    }
    }
",ProviderWriteTests::testWriteSameFileSystem_2_oe_1_oe
vfs_77_2_2,"    @Test
    public void testWriteSameFileSystem_2_oe_2_oe() throws Exception {
        final FileObject scratchFolder = createScratchFolder();

        // Create direct child of the test folder
        final FileObject fileSource = scratchFolder.resolveFile(""file1.txt"");
        // removed other assertion

        // Create the source file
        final String expectedString = ""Here is some sample content for the file.  Blah Blah Blah."";
        try (OutputStream expectedOutputStream = fileSource.getContent().getOutputStream()) {
            expectedOutputStream.write(expectedString.getBytes(StandardCharsets.UTF_8));
        }

                final FileInfo expected0 = expectedString;
        final FileObject folder0 = fileSource;
        for (final FileInfo fileInfo0 : expected0.children.values()) {
                    final FileObject child0 = folder0.resolveFile(fileInfo0.baseName, NameScope.CHILD);
        
                    // removed other assertion
                    if (fileInfo0.type == FileType.FILE) {
                        assertSameContent(fileInfo0.content, child0);
    }
    }
    }
",ProviderWriteTests::testWriteSameFileSystem_2_oe_2_oe
vfs_77_2_3,"    @Test
    public void testWriteSameFileSystem_2_oe_3_oe() throws Exception {
        final FileObject scratchFolder = createScratchFolder();

        // Create direct child of the test folder
        final FileObject fileSource = scratchFolder.resolveFile(""file1.txt"");
        // removed other assertion

        // Create the source file
        final String expectedString = ""Here is some sample content for the file.  Blah Blah Blah."";
        try (OutputStream expectedOutputStream = fileSource.getContent().getOutputStream()) {
            expectedOutputStream.write(expectedString.getBytes(StandardCharsets.UTF_8));
        }

                final FileInfo expected0 = expectedString;
        final FileObject folder0 = fileSource;
        for (final FileInfo fileInfo0 : expected0.children.values()) {
                    final FileObject child0 = folder0.resolveFile(fileInfo0.baseName, NameScope.CHILD);
        
                    // removed other assertion
                    if (fileInfo0.type == FileType.FILE) {
                        // removed other assertion
                    } else {
                        assertSameContent(fileInfo0, child0);
    }
    }
    }
",ProviderWriteTests::testWriteSameFileSystem_2_oe_3_oe
vfs_77_4_1,"    @Test
    public void testWriteSameFileSystem_4_oe_1_oe() throws Exception {
        final FileObject scratchFolder = createScratchFolder();

        // Create direct child of the test folder
        final FileObject fileSource = scratchFolder.resolveFile(""file1.txt"");
        // removed other assertion

        // Create the source file
        final String expectedString = ""Here is some sample content for the file.  Blah Blah Blah."";
        try (OutputStream expectedOutputStream = fileSource.getContent().getOutputStream()) {
            expectedOutputStream.write(expectedString.getBytes(StandardCharsets.UTF_8));
        }

        // removed other assertion

        // Make sure we can copy the new file to another file on the same filesystem
        final FileObject fileTarget = scratchFolder.resolveFile(""file1copy.txt"");
        // removed other assertion

        final FileContent contentSource = fileSource.getContent();
        //
        // Tests FileContent#write(FileContent)
        contentSource.write(fileTarget.getContent());
                final FileInfo expected0 = expectedString;
        final FileObject folder0 = fileTarget;
        for (final FileInfo fileInfo0 : expected0.children.values()) {
                    final FileObject child0 = folder0.resolveFile(fileInfo0.baseName, NameScope.CHILD);
        
                    assertTrue(child0.getName().toString(), child0.exists());
    }
    }
",ProviderWriteTests::testWriteSameFileSystem_4_oe_1_oe
vfs_77_4_2,"    @Test
    public void testWriteSameFileSystem_4_oe_2_oe() throws Exception {
        final FileObject scratchFolder = createScratchFolder();

        // Create direct child of the test folder
        final FileObject fileSource = scratchFolder.resolveFile(""file1.txt"");
        // removed other assertion

        // Create the source file
        final String expectedString = ""Here is some sample content for the file.  Blah Blah Blah."";
        try (OutputStream expectedOutputStream = fileSource.getContent().getOutputStream()) {
            expectedOutputStream.write(expectedString.getBytes(StandardCharsets.UTF_8));
        }

        // removed other assertion

        // Make sure we can copy the new file to another file on the same filesystem
        final FileObject fileTarget = scratchFolder.resolveFile(""file1copy.txt"");
        // removed other assertion

        final FileContent contentSource = fileSource.getContent();
        //
        // Tests FileContent#write(FileContent)
        contentSource.write(fileTarget.getContent());
                final FileInfo expected0 = expectedString;
        final FileObject folder0 = fileTarget;
        for (final FileInfo fileInfo0 : expected0.children.values()) {
                    final FileObject child0 = folder0.resolveFile(fileInfo0.baseName, NameScope.CHILD);
        
                    // removed other assertion
                    if (fileInfo0.type == FileType.FILE) {
                        assertSameContent(fileInfo0.content, child0);
    }
    }
    }
",ProviderWriteTests::testWriteSameFileSystem_4_oe_2_oe
vfs_77_4_3,"    @Test
    public void testWriteSameFileSystem_4_oe_3_oe() throws Exception {
        final FileObject scratchFolder = createScratchFolder();

        // Create direct child of the test folder
        final FileObject fileSource = scratchFolder.resolveFile(""file1.txt"");
        // removed other assertion

        // Create the source file
        final String expectedString = ""Here is some sample content for the file.  Blah Blah Blah."";
        try (OutputStream expectedOutputStream = fileSource.getContent().getOutputStream()) {
            expectedOutputStream.write(expectedString.getBytes(StandardCharsets.UTF_8));
        }

        // removed other assertion

        // Make sure we can copy the new file to another file on the same filesystem
        final FileObject fileTarget = scratchFolder.resolveFile(""file1copy.txt"");
        // removed other assertion

        final FileContent contentSource = fileSource.getContent();
        //
        // Tests FileContent#write(FileContent)
        contentSource.write(fileTarget.getContent());
                final FileInfo expected0 = expectedString;
        final FileObject folder0 = fileTarget;
        for (final FileInfo fileInfo0 : expected0.children.values()) {
                    final FileObject child0 = folder0.resolveFile(fileInfo0.baseName, NameScope.CHILD);
        
                    // removed other assertion
                    if (fileInfo0.type == FileType.FILE) {
                        // removed other assertion
                    } else {
                        assertSameContent(fileInfo0, child0);
    }
    }
    }
",ProviderWriteTests::testWriteSameFileSystem_4_oe_3_oe
vfs_365_16_1,"    @Test
    public void testVersioning_16_oe_1_oe() throws Exception {
        final FileObject scratchFolder = createScratchFolder();
        final FileSystemOptions opts = scratchFolder.getFileSystem().getFileSystemOptions();
        final WebdavFileSystemConfigBuilder builder = (WebdavFileSystemConfigBuilder) getManager()
                .getFileSystemConfigBuilder(""webdav"");
        builder.setVersioning(opts, true);
        final FileObject file = getManager().resolveFile(scratchFolder, ""file1.txt"", opts);
        final FileSystemOptions newOpts = file.getFileSystem().getFileSystemOptions();
        // removed other assertion
        // removed other assertion
        // removed other assertion
        file.createFile();
        // removed other assertion
        // removed other assertion
        // removed other assertion
        // removed other assertion
        // removed other assertion
        // removed other assertion
        // removed other assertion
        // removed other assertion
        // removed other assertion
        Map<?, ?> map = file.getContent().getAttributes();
        final String name = ((URLFileName) file.getName()).getUserName();
        // removed other assertion
        if (name != null) {
            // removed other assertion
        }
        // removed other assertion

        // Create the source file
        final String content = ""Here is some sample content for the file.  Blah Blah Blah."";

        try (OutputStream os = file.getContent().getOutputStream()) {
            os.write(content.getBytes(StandardCharsets.UTF_8));
        }
                final FileInfo expected0 = content;
        final FileObject folder0 = file;
        for (final FileInfo fileInfo0 : expected0.children.values()) {
                    final FileObject child0 = folder0.resolveFile(fileInfo0.baseName, NameScope.CHILD);
        
                    assertTrue(child0.getName().toString(), child0.exists());
    }
    }
",WebdavVersioningTests::testVersioning_16_oe_1_oe
vfs_365_16_2,"    @Test
    public void testVersioning_16_oe_2_oe() throws Exception {
        final FileObject scratchFolder = createScratchFolder();
        final FileSystemOptions opts = scratchFolder.getFileSystem().getFileSystemOptions();
        final WebdavFileSystemConfigBuilder builder = (WebdavFileSystemConfigBuilder) getManager()
                .getFileSystemConfigBuilder(""webdav"");
        builder.setVersioning(opts, true);
        final FileObject file = getManager().resolveFile(scratchFolder, ""file1.txt"", opts);
        final FileSystemOptions newOpts = file.getFileSystem().getFileSystemOptions();
        // removed other assertion
        // removed other assertion
        // removed other assertion
        file.createFile();
        // removed other assertion
        // removed other assertion
        // removed other assertion
        // removed other assertion
        // removed other assertion
        // removed other assertion
        // removed other assertion
        // removed other assertion
        // removed other assertion
        Map<?, ?> map = file.getContent().getAttributes();
        final String name = ((URLFileName) file.getName()).getUserName();
        // removed other assertion
        if (name != null) {
            // removed other assertion
        }
        // removed other assertion

        // Create the source file
        final String content = ""Here is some sample content for the file.  Blah Blah Blah."";

        try (OutputStream os = file.getContent().getOutputStream()) {
            os.write(content.getBytes(StandardCharsets.UTF_8));
        }
                final FileInfo expected0 = content;
        final FileObject folder0 = file;
        for (final FileInfo fileInfo0 : expected0.children.values()) {
                    final FileObject child0 = folder0.resolveFile(fileInfo0.baseName, NameScope.CHILD);
        
                    // removed other assertion
                    if (fileInfo0.type == FileType.FILE) {
                        assertSameContent(fileInfo0.content, child0);
    }
    }
    }
",WebdavVersioningTests::testVersioning_16_oe_2_oe
vfs_365_16_3,"    @Test
    public void testVersioning_16_oe_3_oe() throws Exception {
        final FileObject scratchFolder = createScratchFolder();
        final FileSystemOptions opts = scratchFolder.getFileSystem().getFileSystemOptions();
        final WebdavFileSystemConfigBuilder builder = (WebdavFileSystemConfigBuilder) getManager()
                .getFileSystemConfigBuilder(""webdav"");
        builder.setVersioning(opts, true);
        final FileObject file = getManager().resolveFile(scratchFolder, ""file1.txt"", opts);
        final FileSystemOptions newOpts = file.getFileSystem().getFileSystemOptions();
        // removed other assertion
        // removed other assertion
        // removed other assertion
        file.createFile();
        // removed other assertion
        // removed other assertion
        // removed other assertion
        // removed other assertion
        // removed other assertion
        // removed other assertion
        // removed other assertion
        // removed other assertion
        // removed other assertion
        Map<?, ?> map = file.getContent().getAttributes();
        final String name = ((URLFileName) file.getName()).getUserName();
        // removed other assertion
        if (name != null) {
            // removed other assertion
        }
        // removed other assertion

        // Create the source file
        final String content = ""Here is some sample content for the file.  Blah Blah Blah."";

        try (OutputStream os = file.getContent().getOutputStream()) {
            os.write(content.getBytes(StandardCharsets.UTF_8));
        }
                final FileInfo expected0 = content;
        final FileObject folder0 = file;
        for (final FileInfo fileInfo0 : expected0.children.values()) {
                    final FileObject child0 = folder0.resolveFile(fileInfo0.baseName, NameScope.CHILD);
        
                    // removed other assertion
                    if (fileInfo0.type == FileType.FILE) {
                        // removed other assertion
                    } else {
                        assertSameContent(fileInfo0, child0);
    }
    }
    }
",WebdavVersioningTests::testVersioning_16_oe_3_oe
vfs_366_18_1,"    @Test
    public void testVersioningWithCreator_18_oe_1_oe() throws Exception {
        final FileObject scratchFolder = createScratchFolder();
        final FileSystemOptions opts = scratchFolder.getFileSystem().getFileSystemOptions();
        final WebdavFileSystemConfigBuilder builder = (WebdavFileSystemConfigBuilder) getManager()
                .getFileSystemConfigBuilder(""webdav"");
        builder.setVersioning(opts, true);
        builder.setCreatorName(opts, ""testUser"");
        final FileObject file = getManager().resolveFile(scratchFolder, ""file1.txt"", opts);
        final FileSystemOptions newOpts = file.getFileSystem().getFileSystemOptions();
        // removed other assertion
        // removed other assertion
        // removed other assertion
        file.createFile();
        // removed other assertion
        // removed other assertion
        // removed other assertion
        // removed other assertion
        // removed other assertion
        // removed other assertion
        // removed other assertion
        // removed other assertion
        // removed other assertion
        Map<?, ?> map = file.getContent().getAttributes();
        final String name = ((URLFileName) file.getName()).getUserName();
        // removed other assertion
        // removed other assertion
        if (name != null) {
            // removed other assertion
            // removed other assertion
        }
        // removed other assertion

        // Create the source file
        final String content = ""Here is some sample content for the file.  Blah Blah Blah."";

        try (OutputStream os = file.getContent().getOutputStream()) {
            os.write(content.getBytes(StandardCharsets.UTF_8));
        }
                final FileInfo expected0 = content;
        final FileObject folder0 = file;
        for (final FileInfo fileInfo0 : expected0.children.values()) {
                    final FileObject child0 = folder0.resolveFile(fileInfo0.baseName, NameScope.CHILD);
        
                    assertTrue(child0.getName().toString(), child0.exists());
    }
    }
",WebdavVersioningTests::testVersioningWithCreator_18_oe_1_oe
vfs_366_18_2,"    @Test
    public void testVersioningWithCreator_18_oe_2_oe() throws Exception {
        final FileObject scratchFolder = createScratchFolder();
        final FileSystemOptions opts = scratchFolder.getFileSystem().getFileSystemOptions();
        final WebdavFileSystemConfigBuilder builder = (WebdavFileSystemConfigBuilder) getManager()
                .getFileSystemConfigBuilder(""webdav"");
        builder.setVersioning(opts, true);
        builder.setCreatorName(opts, ""testUser"");
        final FileObject file = getManager().resolveFile(scratchFolder, ""file1.txt"", opts);
        final FileSystemOptions newOpts = file.getFileSystem().getFileSystemOptions();
        // removed other assertion
        // removed other assertion
        // removed other assertion
        file.createFile();
        // removed other assertion
        // removed other assertion
        // removed other assertion
        // removed other assertion
        // removed other assertion
        // removed other assertion
        // removed other assertion
        // removed other assertion
        // removed other assertion
        Map<?, ?> map = file.getContent().getAttributes();
        final String name = ((URLFileName) file.getName()).getUserName();
        // removed other assertion
        // removed other assertion
        if (name != null) {
            // removed other assertion
            // removed other assertion
        }
        // removed other assertion

        // Create the source file
        final String content = ""Here is some sample content for the file.  Blah Blah Blah."";

        try (OutputStream os = file.getContent().getOutputStream()) {
            os.write(content.getBytes(StandardCharsets.UTF_8));
        }
                final FileInfo expected0 = content;
        final FileObject folder0 = file;
        for (final FileInfo fileInfo0 : expected0.children.values()) {
                    final FileObject child0 = folder0.resolveFile(fileInfo0.baseName, NameScope.CHILD);
        
                    // removed other assertion
                    if (fileInfo0.type == FileType.FILE) {
                        assertSameContent(fileInfo0.content, child0);
    }
    }
    }
",WebdavVersioningTests::testVersioningWithCreator_18_oe_2_oe
vfs_366_18_3,"    @Test
    public void testVersioningWithCreator_18_oe_3_oe() throws Exception {
        final FileObject scratchFolder = createScratchFolder();
        final FileSystemOptions opts = scratchFolder.getFileSystem().getFileSystemOptions();
        final WebdavFileSystemConfigBuilder builder = (WebdavFileSystemConfigBuilder) getManager()
                .getFileSystemConfigBuilder(""webdav"");
        builder.setVersioning(opts, true);
        builder.setCreatorName(opts, ""testUser"");
        final FileObject file = getManager().resolveFile(scratchFolder, ""file1.txt"", opts);
        final FileSystemOptions newOpts = file.getFileSystem().getFileSystemOptions();
        // removed other assertion
        // removed other assertion
        // removed other assertion
        file.createFile();
        // removed other assertion
        // removed other assertion
        // removed other assertion
        // removed other assertion
        // removed other assertion
        // removed other assertion
        // removed other assertion
        // removed other assertion
        // removed other assertion
        Map<?, ?> map = file.getContent().getAttributes();
        final String name = ((URLFileName) file.getName()).getUserName();
        // removed other assertion
        // removed other assertion
        if (name != null) {
            // removed other assertion
            // removed other assertion
        }
        // removed other assertion

        // Create the source file
        final String content = ""Here is some sample content for the file.  Blah Blah Blah."";

        try (OutputStream os = file.getContent().getOutputStream()) {
            os.write(content.getBytes(StandardCharsets.UTF_8));
        }
                final FileInfo expected0 = content;
        final FileObject folder0 = file;
        for (final FileInfo fileInfo0 : expected0.children.values()) {
                    final FileObject child0 = folder0.resolveFile(fileInfo0.baseName, NameScope.CHILD);
        
                    // removed other assertion
                    if (fileInfo0.type == FileType.FILE) {
                        // removed other assertion
                    } else {
                        assertSameContent(fileInfo0, child0);
    }
    }
    }
",WebdavVersioningTests::testVersioningWithCreator_18_oe_3_oe
vfs_369_16_1,"    @Test
    public void testVersioning_16_oe_1_oe() throws Exception {
        final FileObject scratchFolder = createScratchFolder();
        final FileSystemOptions opts = scratchFolder.getFileSystem().getFileSystemOptions();
        final Webdav4FileSystemConfigBuilder builder = (Webdav4FileSystemConfigBuilder) getManager()
                .getFileSystemConfigBuilder(""webdav"");
        builder.setVersioning(opts, true);
        final FileObject file = getManager().resolveFile(scratchFolder, ""file1.txt"", opts);
        final FileSystemOptions newOpts = file.getFileSystem().getFileSystemOptions();
        // removed other assertion
        // removed other assertion
        // removed other assertion
        file.createFile();
        // removed other assertion
        // removed other assertion
        // removed other assertion
        // removed other assertion
        // removed other assertion
        // removed other assertion
        // removed other assertion
        // removed other assertion
        // removed other assertion
        Map<?, ?> map = file.getContent().getAttributes();
        final String name = ((GenericURLFileName) file.getName()).getUserName();
        // removed other assertion
        if (name != null) {
            // removed other assertion
        }
        // removed other assertion

        // Create the source file
        final String content = ""Here is some sample content for the file.  Blah Blah Blah."";

        try (OutputStream os = file.getContent().getOutputStream()) {
            os.write(content.getBytes(StandardCharsets.UTF_8));
        }
                final FileInfo expected0 = content;
        final FileObject folder0 = file;
        for (final FileInfo fileInfo0 : expected0.children.values()) {
                    final FileObject child0 = folder0.resolveFile(fileInfo0.baseName, NameScope.CHILD);
        
                    assertTrue(child0.getName().toString(), child0.exists());
    }
    }
",Webdav4VersioningTests::testVersioning_16_oe_1_oe
vfs_369_16_2,"    @Test
    public void testVersioning_16_oe_2_oe() throws Exception {
        final FileObject scratchFolder = createScratchFolder();
        final FileSystemOptions opts = scratchFolder.getFileSystem().getFileSystemOptions();
        final Webdav4FileSystemConfigBuilder builder = (Webdav4FileSystemConfigBuilder) getManager()
                .getFileSystemConfigBuilder(""webdav"");
        builder.setVersioning(opts, true);
        final FileObject file = getManager().resolveFile(scratchFolder, ""file1.txt"", opts);
        final FileSystemOptions newOpts = file.getFileSystem().getFileSystemOptions();
        // removed other assertion
        // removed other assertion
        // removed other assertion
        file.createFile();
        // removed other assertion
        // removed other assertion
        // removed other assertion
        // removed other assertion
        // removed other assertion
        // removed other assertion
        // removed other assertion
        // removed other assertion
        // removed other assertion
        Map<?, ?> map = file.getContent().getAttributes();
        final String name = ((GenericURLFileName) file.getName()).getUserName();
        // removed other assertion
        if (name != null) {
            // removed other assertion
        }
        // removed other assertion

        // Create the source file
        final String content = ""Here is some sample content for the file.  Blah Blah Blah."";

        try (OutputStream os = file.getContent().getOutputStream()) {
            os.write(content.getBytes(StandardCharsets.UTF_8));
        }
                final FileInfo expected0 = content;
        final FileObject folder0 = file;
        for (final FileInfo fileInfo0 : expected0.children.values()) {
                    final FileObject child0 = folder0.resolveFile(fileInfo0.baseName, NameScope.CHILD);
        
                    // removed other assertion
                    if (fileInfo0.type == FileType.FILE) {
                        assertSameContent(fileInfo0.content, child0);
    }
    }
    }
",Webdav4VersioningTests::testVersioning_16_oe_2_oe
vfs_369_16_3,"    @Test
    public void testVersioning_16_oe_3_oe() throws Exception {
        final FileObject scratchFolder = createScratchFolder();
        final FileSystemOptions opts = scratchFolder.getFileSystem().getFileSystemOptions();
        final Webdav4FileSystemConfigBuilder builder = (Webdav4FileSystemConfigBuilder) getManager()
                .getFileSystemConfigBuilder(""webdav"");
        builder.setVersioning(opts, true);
        final FileObject file = getManager().resolveFile(scratchFolder, ""file1.txt"", opts);
        final FileSystemOptions newOpts = file.getFileSystem().getFileSystemOptions();
        // removed other assertion
        // removed other assertion
        // removed other assertion
        file.createFile();
        // removed other assertion
        // removed other assertion
        // removed other assertion
        // removed other assertion
        // removed other assertion
        // removed other assertion
        // removed other assertion
        // removed other assertion
        // removed other assertion
        Map<?, ?> map = file.getContent().getAttributes();
        final String name = ((GenericURLFileName) file.getName()).getUserName();
        // removed other assertion
        if (name != null) {
            // removed other assertion
        }
        // removed other assertion

        // Create the source file
        final String content = ""Here is some sample content for the file.  Blah Blah Blah."";

        try (OutputStream os = file.getContent().getOutputStream()) {
            os.write(content.getBytes(StandardCharsets.UTF_8));
        }
                final FileInfo expected0 = content;
        final FileObject folder0 = file;
        for (final FileInfo fileInfo0 : expected0.children.values()) {
                    final FileObject child0 = folder0.resolveFile(fileInfo0.baseName, NameScope.CHILD);
        
                    // removed other assertion
                    if (fileInfo0.type == FileType.FILE) {
                        // removed other assertion
                    } else {
                        assertSameContent(fileInfo0, child0);
    }
    }
    }
",Webdav4VersioningTests::testVersioning_16_oe_3_oe
vfs_370_18_1,"    @Test
    public void testVersioningWithCreator_18_oe_1_oe() throws Exception {
        final FileObject scratchFolder = createScratchFolder();
        final FileSystemOptions opts = scratchFolder.getFileSystem().getFileSystemOptions();
        final Webdav4FileSystemConfigBuilder builder = (Webdav4FileSystemConfigBuilder) getManager()
                .getFileSystemConfigBuilder(""webdav"");
        builder.setVersioning(opts, true);
        builder.setCreatorName(opts, ""testUser"");
        final FileObject file = getManager().resolveFile(scratchFolder, ""file1.txt"", opts);
        final FileSystemOptions newOpts = file.getFileSystem().getFileSystemOptions();
        // removed other assertion
        // removed other assertion
        // removed other assertion
        file.createFile();
        // removed other assertion
        // removed other assertion
        // removed other assertion
        // removed other assertion
        // removed other assertion
        // removed other assertion
        // removed other assertion
        // removed other assertion
        // removed other assertion
        Map<?, ?> map = file.getContent().getAttributes();
        final String name = ((GenericURLFileName) file.getName()).getUserName();
        // removed other assertion
        // removed other assertion
        if (name != null) {
            // removed other assertion
            // removed other assertion
        }
        // removed other assertion

        // Create the source file
        final String content = ""Here is some sample content for the file.  Blah Blah Blah."";

        try (OutputStream os = file.getContent().getOutputStream()) {
            os.write(content.getBytes(StandardCharsets.UTF_8));
        }
                final FileInfo expected0 = content;
        final FileObject folder0 = file;
        for (final FileInfo fileInfo0 : expected0.children.values()) {
                    final FileObject child0 = folder0.resolveFile(fileInfo0.baseName, NameScope.CHILD);
        
                    assertTrue(child0.getName().toString(), child0.exists());
    }
    }
",Webdav4VersioningTests::testVersioningWithCreator_18_oe_1_oe
vfs_370_18_2,"    @Test
    public void testVersioningWithCreator_18_oe_2_oe() throws Exception {
        final FileObject scratchFolder = createScratchFolder();
        final FileSystemOptions opts = scratchFolder.getFileSystem().getFileSystemOptions();
        final Webdav4FileSystemConfigBuilder builder = (Webdav4FileSystemConfigBuilder) getManager()
                .getFileSystemConfigBuilder(""webdav"");
        builder.setVersioning(opts, true);
        builder.setCreatorName(opts, ""testUser"");
        final FileObject file = getManager().resolveFile(scratchFolder, ""file1.txt"", opts);
        final FileSystemOptions newOpts = file.getFileSystem().getFileSystemOptions();
        // removed other assertion
        // removed other assertion
        // removed other assertion
        file.createFile();
        // removed other assertion
        // removed other assertion
        // removed other assertion
        // removed other assertion
        // removed other assertion
        // removed other assertion
        // removed other assertion
        // removed other assertion
        // removed other assertion
        Map<?, ?> map = file.getContent().getAttributes();
        final String name = ((GenericURLFileName) file.getName()).getUserName();
        // removed other assertion
        // removed other assertion
        if (name != null) {
            // removed other assertion
            // removed other assertion
        }
        // removed other assertion

        // Create the source file
        final String content = ""Here is some sample content for the file.  Blah Blah Blah."";

        try (OutputStream os = file.getContent().getOutputStream()) {
            os.write(content.getBytes(StandardCharsets.UTF_8));
        }
                final FileInfo expected0 = content;
        final FileObject folder0 = file;
        for (final FileInfo fileInfo0 : expected0.children.values()) {
                    final FileObject child0 = folder0.resolveFile(fileInfo0.baseName, NameScope.CHILD);
        
                    // removed other assertion
                    if (fileInfo0.type == FileType.FILE) {
                        assertSameContent(fileInfo0.content, child0);
    }
    }
    }
",Webdav4VersioningTests::testVersioningWithCreator_18_oe_2_oe
vfs_370_18_3,"    @Test
    public void testVersioningWithCreator_18_oe_3_oe() throws Exception {
        final FileObject scratchFolder = createScratchFolder();
        final FileSystemOptions opts = scratchFolder.getFileSystem().getFileSystemOptions();
        final Webdav4FileSystemConfigBuilder builder = (Webdav4FileSystemConfigBuilder) getManager()
                .getFileSystemConfigBuilder(""webdav"");
        builder.setVersioning(opts, true);
        builder.setCreatorName(opts, ""testUser"");
        final FileObject file = getManager().resolveFile(scratchFolder, ""file1.txt"", opts);
        final FileSystemOptions newOpts = file.getFileSystem().getFileSystemOptions();
        // removed other assertion
        // removed other assertion
        // removed other assertion
        file.createFile();
        // removed other assertion
        // removed other assertion
        // removed other assertion
        // removed other assertion
        // removed other assertion
        // removed other assertion
        // removed other assertion
        // removed other assertion
        // removed other assertion
        Map<?, ?> map = file.getContent().getAttributes();
        final String name = ((GenericURLFileName) file.getName()).getUserName();
        // removed other assertion
        // removed other assertion
        if (name != null) {
            // removed other assertion
            // removed other assertion
        }
        // removed other assertion

        // Create the source file
        final String content = ""Here is some sample content for the file.  Blah Blah Blah."";

        try (OutputStream os = file.getContent().getOutputStream()) {
            os.write(content.getBytes(StandardCharsets.UTF_8));
        }
                final FileInfo expected0 = content;
        final FileObject folder0 = file;
        for (final FileInfo fileInfo0 : expected0.children.values()) {
                    final FileObject child0 = folder0.resolveFile(fileInfo0.baseName, NameScope.CHILD);
        
                    // removed other assertion
                    if (fileInfo0.type == FileType.FILE) {
                        // removed other assertion
                    } else {
                        assertSameContent(fileInfo0, child0);
    }
    }
    }
",Webdav4VersioningTests::testVersioningWithCreator_18_oe_3_oe
vfs_11_5,"    @Test
    public void testRandomSetLength_5_oe() throws Exception {
        try (FileObject file = this.createScratchFolder().resolveFile(""random_write.txt"")) {
            file.createFile();
            final String fileString = file.toString();
            final RandomAccessContent ra = file.getContent().getRandomAccessContent(RandomAccessMode.READWRITE);

            // Write long string
            ra.writeBytes(TEST_DATA);
            // removed other assertion

            // Shrink to length 1
            ra.setLength(1);
            // removed other assertion
            // now read 1
            ra.seek(0);
            // removed other assertion

            try {
                ra.readByte();
                // removed other assertion
            } catch (final IOException e) {
                // Expected
            }

            // Grow to length 2
            ra.setLength(2);
            Assert.assertEquals(fileString, 2, ra.length());
    }
    }
",ProviderRandomSetLengthTests::testRandomSetLength_5_oe
vfs_76_11,"    @Test
    public void testOverwriteSameFileSystem_11_oe() throws Exception {
        final FileObject scratchFolder = createScratchFolder();

        // Create direct child of the test folder
        final FileObject file = scratchFolder.resolveFile(""file1.txt"");
        // removed other assertion

        // Create the source file
        final String content = ""Here is some sample content for the file.  Blah Blah Blah."";
        try (OutputStream os = file.getContent().getOutputStream()) {
            os.write(content.getBytes(StandardCharsets.UTF_8));
        }

        // removed other assertion

        // Make sure we can copy the new file to another file on the same file system
        final FileObject fileCopy = scratchFolder.resolveFile(""file1copy.txt"");
        // removed other assertion
        file.getContent().write(fileCopy);

        // removed other assertion

        // Make sure we can copy the same new file to the same target file on the same file system
        // removed other assertion
        file.getContent().write(fileCopy);

        // removed other assertion

        // Make sure we can copy the same new file to the same target file on the same file system
        // removed other assertion
        file.getContent().write(fileCopy.getContent());

        // removed other assertion

        // Make sure we can copy the same new file to the same target file on the same file system
        // removed other assertion
        OutputStream outputStream = fileCopy.getContent().getOutputStream();
        try {
            file.getContent().write(outputStream);
        } finally {
            outputStream.close();
        }
        // removed other assertion

        // Make sure we can copy the same new file to the same target file on the same file system
        assertTrue(fileCopy.exists());
    }
",ProviderWriteTests::testOverwriteSameFileSystem_11_oe
vfs_76_10_1,"    @Test
    public void testOverwriteSameFileSystem_10_oe_1_oe() throws Exception {
        final FileObject scratchFolder = createScratchFolder();

        // Create direct child of the test folder
        final FileObject file = scratchFolder.resolveFile(""file1.txt"");
        // removed other assertion

        // Create the source file
        final String content = ""Here is some sample content for the file.  Blah Blah Blah."";
        try (OutputStream os = file.getContent().getOutputStream()) {
            os.write(content.getBytes(StandardCharsets.UTF_8));
        }

        // removed other assertion

        // Make sure we can copy the new file to another file on the same file system
        final FileObject fileCopy = scratchFolder.resolveFile(""file1copy.txt"");
        // removed other assertion
        file.getContent().write(fileCopy);

        // removed other assertion

        // Make sure we can copy the same new file to the same target file on the same file system
        // removed other assertion
        file.getContent().write(fileCopy);

        // removed other assertion

        // Make sure we can copy the same new file to the same target file on the same file system
        // removed other assertion
        file.getContent().write(fileCopy.getContent());

        // removed other assertion

        // Make sure we can copy the same new file to the same target file on the same file system
        // removed other assertion
        OutputStream outputStream = fileCopy.getContent().getOutputStream();
        try {
            file.getContent().write(outputStream);
        } finally {
            outputStream.close();
        }
                final FileInfo expected0 = content;
        final FileObject folder0 = fileCopy;
        for (final FileInfo fileInfo0 : expected0.children.values()) {
                    final FileObject child0 = folder0.resolveFile(fileInfo0.baseName, NameScope.CHILD);
        
                    assertTrue(child0.getName().toString(), child0.exists());
    }
    }
",ProviderWriteTests::testOverwriteSameFileSystem_10_oe_1_oe
vfs_76_10_2,"    @Test
    public void testOverwriteSameFileSystem_10_oe_2_oe() throws Exception {
        final FileObject scratchFolder = createScratchFolder();

        // Create direct child of the test folder
        final FileObject file = scratchFolder.resolveFile(""file1.txt"");
        // removed other assertion

        // Create the source file
        final String content = ""Here is some sample content for the file.  Blah Blah Blah."";
        try (OutputStream os = file.getContent().getOutputStream()) {
            os.write(content.getBytes(StandardCharsets.UTF_8));
        }

        // removed other assertion

        // Make sure we can copy the new file to another file on the same file system
        final FileObject fileCopy = scratchFolder.resolveFile(""file1copy.txt"");
        // removed other assertion
        file.getContent().write(fileCopy);

        // removed other assertion

        // Make sure we can copy the same new file to the same target file on the same file system
        // removed other assertion
        file.getContent().write(fileCopy);

        // removed other assertion

        // Make sure we can copy the same new file to the same target file on the same file system
        // removed other assertion
        file.getContent().write(fileCopy.getContent());

        // removed other assertion

        // Make sure we can copy the same new file to the same target file on the same file system
        // removed other assertion
        OutputStream outputStream = fileCopy.getContent().getOutputStream();
        try {
            file.getContent().write(outputStream);
        } finally {
            outputStream.close();
        }
                final FileInfo expected0 = content;
        final FileObject folder0 = fileCopy;
        for (final FileInfo fileInfo0 : expected0.children.values()) {
                    final FileObject child0 = folder0.resolveFile(fileInfo0.baseName, NameScope.CHILD);
        
                    // removed other assertion
                    if (fileInfo0.type == FileType.FILE) {
                        assertSameContent(fileInfo0.content, child0);
    }
    }
    }
",ProviderWriteTests::testOverwriteSameFileSystem_10_oe_2_oe
vfs_76_10_3,"    @Test
    public void testOverwriteSameFileSystem_10_oe_3_oe() throws Exception {
        final FileObject scratchFolder = createScratchFolder();

        // Create direct child of the test folder
        final FileObject file = scratchFolder.resolveFile(""file1.txt"");
        // removed other assertion

        // Create the source file
        final String content = ""Here is some sample content for the file.  Blah Blah Blah."";
        try (OutputStream os = file.getContent().getOutputStream()) {
            os.write(content.getBytes(StandardCharsets.UTF_8));
        }

        // removed other assertion

        // Make sure we can copy the new file to another file on the same file system
        final FileObject fileCopy = scratchFolder.resolveFile(""file1copy.txt"");
        // removed other assertion
        file.getContent().write(fileCopy);

        // removed other assertion

        // Make sure we can copy the same new file to the same target file on the same file system
        // removed other assertion
        file.getContent().write(fileCopy);

        // removed other assertion

        // Make sure we can copy the same new file to the same target file on the same file system
        // removed other assertion
        file.getContent().write(fileCopy.getContent());

        // removed other assertion

        // Make sure we can copy the same new file to the same target file on the same file system
        // removed other assertion
        OutputStream outputStream = fileCopy.getContent().getOutputStream();
        try {
            file.getContent().write(outputStream);
        } finally {
            outputStream.close();
        }
                final FileInfo expected0 = content;
        final FileObject folder0 = fileCopy;
        for (final FileInfo fileInfo0 : expected0.children.values()) {
                    final FileObject child0 = folder0.resolveFile(fileInfo0.baseName, NameScope.CHILD);
        
                    // removed other assertion
                    if (fileInfo0.type == FileType.FILE) {
                        // removed other assertion
                    } else {
                        assertSameContent(fileInfo0, child0);
    }
    }
    }
",ProviderWriteTests::testOverwriteSameFileSystem_10_oe_3_oe
vfs_76_12_1,"    @Test
    public void testOverwriteSameFileSystem_12_oe_1_oe() throws Exception {
        final FileObject scratchFolder = createScratchFolder();

        // Create direct child of the test folder
        final FileObject file = scratchFolder.resolveFile(""file1.txt"");
        // removed other assertion

        // Create the source file
        final String content = ""Here is some sample content for the file.  Blah Blah Blah."";
        try (OutputStream os = file.getContent().getOutputStream()) {
            os.write(content.getBytes(StandardCharsets.UTF_8));
        }

        // removed other assertion

        // Make sure we can copy the new file to another file on the same file system
        final FileObject fileCopy = scratchFolder.resolveFile(""file1copy.txt"");
        // removed other assertion
        file.getContent().write(fileCopy);

        // removed other assertion

        // Make sure we can copy the same new file to the same target file on the same file system
        // removed other assertion
        file.getContent().write(fileCopy);

        // removed other assertion

        // Make sure we can copy the same new file to the same target file on the same file system
        // removed other assertion
        file.getContent().write(fileCopy.getContent());

        // removed other assertion

        // Make sure we can copy the same new file to the same target file on the same file system
        // removed other assertion
        OutputStream outputStream = fileCopy.getContent().getOutputStream();
        try {
            file.getContent().write(outputStream);
        } finally {
            outputStream.close();
        }
        // removed other assertion

        // Make sure we can copy the same new file to the same target file on the same file system
        // removed other assertion
        outputStream = fileCopy.getContent().getOutputStream();
        try {
            file.getContent().write(outputStream, 1234);
        } finally {
            outputStream.close();
        }
                final FileInfo expected0 = content;
        final FileObject folder0 = fileCopy;
        for (final FileInfo fileInfo0 : expected0.children.values()) {
                    final FileObject child0 = folder0.resolveFile(fileInfo0.baseName, NameScope.CHILD);
        
                    assertTrue(child0.getName().toString(), child0.exists());
    }
    }
",ProviderWriteTests::testOverwriteSameFileSystem_12_oe_1_oe
vfs_76_12_2,"    @Test
    public void testOverwriteSameFileSystem_12_oe_2_oe() throws Exception {
        final FileObject scratchFolder = createScratchFolder();

        // Create direct child of the test folder
        final FileObject file = scratchFolder.resolveFile(""file1.txt"");
        // removed other assertion

        // Create the source file
        final String content = ""Here is some sample content for the file.  Blah Blah Blah."";
        try (OutputStream os = file.getContent().getOutputStream()) {
            os.write(content.getBytes(StandardCharsets.UTF_8));
        }

        // removed other assertion

        // Make sure we can copy the new file to another file on the same file system
        final FileObject fileCopy = scratchFolder.resolveFile(""file1copy.txt"");
        // removed other assertion
        file.getContent().write(fileCopy);

        // removed other assertion

        // Make sure we can copy the same new file to the same target file on the same file system
        // removed other assertion
        file.getContent().write(fileCopy);

        // removed other assertion

        // Make sure we can copy the same new file to the same target file on the same file system
        // removed other assertion
        file.getContent().write(fileCopy.getContent());

        // removed other assertion

        // Make sure we can copy the same new file to the same target file on the same file system
        // removed other assertion
        OutputStream outputStream = fileCopy.getContent().getOutputStream();
        try {
            file.getContent().write(outputStream);
        } finally {
            outputStream.close();
        }
        // removed other assertion

        // Make sure we can copy the same new file to the same target file on the same file system
        // removed other assertion
        outputStream = fileCopy.getContent().getOutputStream();
        try {
            file.getContent().write(outputStream, 1234);
        } finally {
            outputStream.close();
        }
                final FileInfo expected0 = content;
        final FileObject folder0 = fileCopy;
        for (final FileInfo fileInfo0 : expected0.children.values()) {
                    final FileObject child0 = folder0.resolveFile(fileInfo0.baseName, NameScope.CHILD);
        
                    // removed other assertion
                    if (fileInfo0.type == FileType.FILE) {
                        assertSameContent(fileInfo0.content, child0);
    }
    }
    }
",ProviderWriteTests::testOverwriteSameFileSystem_12_oe_2_oe
vfs_76_12_3,"    @Test
    public void testOverwriteSameFileSystem_12_oe_3_oe() throws Exception {
        final FileObject scratchFolder = createScratchFolder();

        // Create direct child of the test folder
        final FileObject file = scratchFolder.resolveFile(""file1.txt"");
        // removed other assertion

        // Create the source file
        final String content = ""Here is some sample content for the file.  Blah Blah Blah."";
        try (OutputStream os = file.getContent().getOutputStream()) {
            os.write(content.getBytes(StandardCharsets.UTF_8));
        }

        // removed other assertion

        // Make sure we can copy the new file to another file on the same file system
        final FileObject fileCopy = scratchFolder.resolveFile(""file1copy.txt"");
        // removed other assertion
        file.getContent().write(fileCopy);

        // removed other assertion

        // Make sure we can copy the same new file to the same target file on the same file system
        // removed other assertion
        file.getContent().write(fileCopy);

        // removed other assertion

        // Make sure we can copy the same new file to the same target file on the same file system
        // removed other assertion
        file.getContent().write(fileCopy.getContent());

        // removed other assertion

        // Make sure we can copy the same new file to the same target file on the same file system
        // removed other assertion
        OutputStream outputStream = fileCopy.getContent().getOutputStream();
        try {
            file.getContent().write(outputStream);
        } finally {
            outputStream.close();
        }
        // removed other assertion

        // Make sure we can copy the same new file to the same target file on the same file system
        // removed other assertion
        outputStream = fileCopy.getContent().getOutputStream();
        try {
            file.getContent().write(outputStream, 1234);
        } finally {
            outputStream.close();
        }
                final FileInfo expected0 = content;
        final FileObject folder0 = fileCopy;
        for (final FileInfo fileInfo0 : expected0.children.values()) {
                    final FileObject child0 = folder0.resolveFile(fileInfo0.baseName, NameScope.CHILD);
        
                    // removed other assertion
                    if (fileInfo0.type == FileType.FILE) {
                        // removed other assertion
                    } else {
                        assertSameContent(fileInfo0, child0);
    }
    }
    }
",ProviderWriteTests::testOverwriteSameFileSystem_12_oe_3_oe
vfs_77_5_1,"    @Test
    public void testWriteSameFileSystem_5_oe_1_oe() throws Exception {
        final FileObject scratchFolder = createScratchFolder();

        // Create direct child of the test folder
        final FileObject fileSource = scratchFolder.resolveFile(""file1.txt"");
        // removed other assertion

        // Create the source file
        final String expectedString = ""Here is some sample content for the file.  Blah Blah Blah."";
        try (OutputStream expectedOutputStream = fileSource.getContent().getOutputStream()) {
            expectedOutputStream.write(expectedString.getBytes(StandardCharsets.UTF_8));
        }

        // removed other assertion

        // Make sure we can copy the new file to another file on the same filesystem
        final FileObject fileTarget = scratchFolder.resolveFile(""file1copy.txt"");
        // removed other assertion

        final FileContent contentSource = fileSource.getContent();
        //
        // Tests FileContent#write(FileContent)
        contentSource.write(fileTarget.getContent());
        // removed other assertion
        //
        // Tests FileContent#write(OutputStream)
        OutputStream outputStream = fileTarget.getContent().getOutputStream();
        try {
            contentSource.write(outputStream);
        } finally {
            outputStream.close();
        }
                final FileInfo expected0 = expectedString;
        final FileObject folder0 = fileTarget;
        for (final FileInfo fileInfo0 : expected0.children.values()) {
                    final FileObject child0 = folder0.resolveFile(fileInfo0.baseName, NameScope.CHILD);
        
                    assertTrue(child0.getName().toString(), child0.exists());
    }
    }
",ProviderWriteTests::testWriteSameFileSystem_5_oe_1_oe
vfs_77_5_2,"    @Test
    public void testWriteSameFileSystem_5_oe_2_oe() throws Exception {
        final FileObject scratchFolder = createScratchFolder();

        // Create direct child of the test folder
        final FileObject fileSource = scratchFolder.resolveFile(""file1.txt"");
        // removed other assertion

        // Create the source file
        final String expectedString = ""Here is some sample content for the file.  Blah Blah Blah."";
        try (OutputStream expectedOutputStream = fileSource.getContent().getOutputStream()) {
            expectedOutputStream.write(expectedString.getBytes(StandardCharsets.UTF_8));
        }

        // removed other assertion

        // Make sure we can copy the new file to another file on the same filesystem
        final FileObject fileTarget = scratchFolder.resolveFile(""file1copy.txt"");
        // removed other assertion

        final FileContent contentSource = fileSource.getContent();
        //
        // Tests FileContent#write(FileContent)
        contentSource.write(fileTarget.getContent());
        // removed other assertion
        //
        // Tests FileContent#write(OutputStream)
        OutputStream outputStream = fileTarget.getContent().getOutputStream();
        try {
            contentSource.write(outputStream);
        } finally {
            outputStream.close();
        }
                final FileInfo expected0 = expectedString;
        final FileObject folder0 = fileTarget;
        for (final FileInfo fileInfo0 : expected0.children.values()) {
                    final FileObject child0 = folder0.resolveFile(fileInfo0.baseName, NameScope.CHILD);
        
                    // removed other assertion
                    if (fileInfo0.type == FileType.FILE) {
                        assertSameContent(fileInfo0.content, child0);
    }
    }
    }
",ProviderWriteTests::testWriteSameFileSystem_5_oe_2_oe
vfs_77_5_3,"    @Test
    public void testWriteSameFileSystem_5_oe_3_oe() throws Exception {
        final FileObject scratchFolder = createScratchFolder();

        // Create direct child of the test folder
        final FileObject fileSource = scratchFolder.resolveFile(""file1.txt"");
        // removed other assertion

        // Create the source file
        final String expectedString = ""Here is some sample content for the file.  Blah Blah Blah."";
        try (OutputStream expectedOutputStream = fileSource.getContent().getOutputStream()) {
            expectedOutputStream.write(expectedString.getBytes(StandardCharsets.UTF_8));
        }

        // removed other assertion

        // Make sure we can copy the new file to another file on the same filesystem
        final FileObject fileTarget = scratchFolder.resolveFile(""file1copy.txt"");
        // removed other assertion

        final FileContent contentSource = fileSource.getContent();
        //
        // Tests FileContent#write(FileContent)
        contentSource.write(fileTarget.getContent());
        // removed other assertion
        //
        // Tests FileContent#write(OutputStream)
        OutputStream outputStream = fileTarget.getContent().getOutputStream();
        try {
            contentSource.write(outputStream);
        } finally {
            outputStream.close();
        }
                final FileInfo expected0 = expectedString;
        final FileObject folder0 = fileTarget;
        for (final FileInfo fileInfo0 : expected0.children.values()) {
                    final FileObject child0 = folder0.resolveFile(fileInfo0.baseName, NameScope.CHILD);
        
                    // removed other assertion
                    if (fileInfo0.type == FileType.FILE) {
                        // removed other assertion
                    } else {
                        assertSameContent(fileInfo0, child0);
    }
    }
    }
",ProviderWriteTests::testWriteSameFileSystem_5_oe_3_oe
vfs_77_6_1,"    @Test
    public void testWriteSameFileSystem_6_oe_1_oe() throws Exception {
        final FileObject scratchFolder = createScratchFolder();

        // Create direct child of the test folder
        final FileObject fileSource = scratchFolder.resolveFile(""file1.txt"");
        // removed other assertion

        // Create the source file
        final String expectedString = ""Here is some sample content for the file.  Blah Blah Blah."";
        try (OutputStream expectedOutputStream = fileSource.getContent().getOutputStream()) {
            expectedOutputStream.write(expectedString.getBytes(StandardCharsets.UTF_8));
        }

        // removed other assertion

        // Make sure we can copy the new file to another file on the same filesystem
        final FileObject fileTarget = scratchFolder.resolveFile(""file1copy.txt"");
        // removed other assertion

        final FileContent contentSource = fileSource.getContent();
        //
        // Tests FileContent#write(FileContent)
        contentSource.write(fileTarget.getContent());
        // removed other assertion
        //
        // Tests FileContent#write(OutputStream)
        OutputStream outputStream = fileTarget.getContent().getOutputStream();
        try {
            contentSource.write(outputStream);
        } finally {
            outputStream.close();
        }
        // removed other assertion
        //
        // Tests FileContent#write(OutputStream, int)
        outputStream = fileTarget.getContent().getOutputStream();
        try {
            contentSource.write(outputStream, 1234);
        } finally {
            outputStream.close();
        }
                final FileInfo expected0 = expectedString;
        final FileObject folder0 = fileTarget;
        for (final FileInfo fileInfo0 : expected0.children.values()) {
                    final FileObject child0 = folder0.resolveFile(fileInfo0.baseName, NameScope.CHILD);
        
                    assertTrue(child0.getName().toString(), child0.exists());
    }
    }
",ProviderWriteTests::testWriteSameFileSystem_6_oe_1_oe
vfs_77_6_2,"    @Test
    public void testWriteSameFileSystem_6_oe_2_oe() throws Exception {
        final FileObject scratchFolder = createScratchFolder();

        // Create direct child of the test folder
        final FileObject fileSource = scratchFolder.resolveFile(""file1.txt"");
        // removed other assertion

        // Create the source file
        final String expectedString = ""Here is some sample content for the file.  Blah Blah Blah."";
        try (OutputStream expectedOutputStream = fileSource.getContent().getOutputStream()) {
            expectedOutputStream.write(expectedString.getBytes(StandardCharsets.UTF_8));
        }

        // removed other assertion

        // Make sure we can copy the new file to another file on the same filesystem
        final FileObject fileTarget = scratchFolder.resolveFile(""file1copy.txt"");
        // removed other assertion

        final FileContent contentSource = fileSource.getContent();
        //
        // Tests FileContent#write(FileContent)
        contentSource.write(fileTarget.getContent());
        // removed other assertion
        //
        // Tests FileContent#write(OutputStream)
        OutputStream outputStream = fileTarget.getContent().getOutputStream();
        try {
            contentSource.write(outputStream);
        } finally {
            outputStream.close();
        }
        // removed other assertion
        //
        // Tests FileContent#write(OutputStream, int)
        outputStream = fileTarget.getContent().getOutputStream();
        try {
            contentSource.write(outputStream, 1234);
        } finally {
            outputStream.close();
        }
                final FileInfo expected0 = expectedString;
        final FileObject folder0 = fileTarget;
        for (final FileInfo fileInfo0 : expected0.children.values()) {
                    final FileObject child0 = folder0.resolveFile(fileInfo0.baseName, NameScope.CHILD);
        
                    // removed other assertion
                    if (fileInfo0.type == FileType.FILE) {
                        assertSameContent(fileInfo0.content, child0);
    }
    }
    }
",ProviderWriteTests::testWriteSameFileSystem_6_oe_2_oe
vfs_77_6_3,"    @Test
    public void testWriteSameFileSystem_6_oe_3_oe() throws Exception {
        final FileObject scratchFolder = createScratchFolder();

        // Create direct child of the test folder
        final FileObject fileSource = scratchFolder.resolveFile(""file1.txt"");
        // removed other assertion

        // Create the source file
        final String expectedString = ""Here is some sample content for the file.  Blah Blah Blah."";
        try (OutputStream expectedOutputStream = fileSource.getContent().getOutputStream()) {
            expectedOutputStream.write(expectedString.getBytes(StandardCharsets.UTF_8));
        }

        // removed other assertion

        // Make sure we can copy the new file to another file on the same filesystem
        final FileObject fileTarget = scratchFolder.resolveFile(""file1copy.txt"");
        // removed other assertion

        final FileContent contentSource = fileSource.getContent();
        //
        // Tests FileContent#write(FileContent)
        contentSource.write(fileTarget.getContent());
        // removed other assertion
        //
        // Tests FileContent#write(OutputStream)
        OutputStream outputStream = fileTarget.getContent().getOutputStream();
        try {
            contentSource.write(outputStream);
        } finally {
            outputStream.close();
        }
        // removed other assertion
        //
        // Tests FileContent#write(OutputStream, int)
        outputStream = fileTarget.getContent().getOutputStream();
        try {
            contentSource.write(outputStream, 1234);
        } finally {
            outputStream.close();
        }
                final FileInfo expected0 = expectedString;
        final FileObject folder0 = fileTarget;
        for (final FileInfo fileInfo0 : expected0.children.values()) {
                    final FileObject child0 = folder0.resolveFile(fileInfo0.baseName, NameScope.CHILD);
        
                    // removed other assertion
                    if (fileInfo0.type == FileType.FILE) {
                        // removed other assertion
                    } else {
                        assertSameContent(fileInfo0, child0);
    }
    }
    }
",ProviderWriteTests::testWriteSameFileSystem_6_oe_3_oe
