began at: 2026-01-12 00:40:16
Picked up _JAVA_OPTIONS: -Djava.io.tmpdir=/sfs/weka/scratch/wxw9rr/tmp
[INFO] Scanning for projects...
[WARNING] 
[WARNING] Some problems were encountered while building the effective model for org.apache.commons:commons-vfs2:jar:2.9.0
[WARNING] 'build.plugins.plugin.(groupId:artifactId)' must be unique but found duplicate declaration of plugin org.apache.maven.plugins:maven-surefire-plugin @ org.apache.commons:commons-vfs2-project:2.9.0, /sfs/weka/scratch/wxw9rr/artifact/RQ3/OE25-DEV/commons-vfs-2.9.0/pom.xml, line 338, column 15
[WARNING] 
[WARNING] It is highly recommended to fix these problems because they threaten the stability of your build.
[WARNING] 
[WARNING] For this reason, future Maven versions might no longer support building such malformed projects.
[WARNING] 
[INFO] 
[INFO] ------------------< org.apache.commons:commons-vfs2 >-------------------
[INFO] Building Apache Commons VFS 2.9.0
[INFO]   from pom.xml
[INFO] --------------------------------[ jar ]---------------------------------
[INFO] 
[INFO] --- clean:3.1.0:clean (default-clean) @ commons-vfs2 ---
[INFO] 
[INFO] --- enforcer:3.0.0-M3:enforce (enforce-maven-version) @ commons-vfs2 ---
[INFO] 
[INFO] --- enforcer:3.0.0-M3:enforce (enforce-maven-3) @ commons-vfs2 ---
[INFO] 
[INFO] --- apache-rat:0.13:check (rat-check) @ commons-vfs2 ---
[INFO] RAT will not execute since it is configured to be skipped via system property 'rat.skip'.
[INFO] 
[INFO] --- build-helper:3.2.0:parse-version (parse-version) @ commons-vfs2 ---
[INFO] 
[INFO] --- antrun:1.8:run (javadoc.resources) @ commons-vfs2 ---
[INFO] Executing tasks

main:
     [copy] Copying 2 files to /sfs/weka/scratch/wxw9rr/artifact/RQ3/OE25-DEV/commons-vfs-2.9.0/commons-vfs2/target/apidocs/META-INF
[INFO] Executed tasks
[INFO] 
[INFO] --- antrun:1.8:run (vfs-jar-manifest) @ commons-vfs2 ---
[INFO] Executing tasks

main:
    [mkdir] Created dir: /sfs/weka/scratch/wxw9rr/artifact/RQ3/OE25-DEV/commons-vfs-2.9.0/commons-vfs2/target/osgi
    [touch] Creating /sfs/weka/scratch/wxw9rr/artifact/RQ3/OE25-DEV/commons-vfs-2.9.0/commons-vfs2/target/osgi/MANIFEST.MF
[INFO] Executed tasks
[INFO] 
[INFO] --- remote-resources:1.7.0:process (process-resource-bundles) @ commons-vfs2 ---
[INFO] Skipping remote resources execution.
[INFO] 
[INFO] --- buildnumber:1.4:create (default) @ commons-vfs2 ---
[INFO] Executing: /bin/sh -c cd '/sfs/weka/scratch/wxw9rr/artifact/RQ3/OE25-DEV/commons-vfs-2.9.0/commons-vfs2' && 'git' 'rev-parse' '--verify' 'HEAD'
[INFO] Working directory: /sfs/weka/scratch/wxw9rr/artifact/RQ3/OE25-DEV/commons-vfs-2.9.0/commons-vfs2
[INFO] Storing buildNumber: 77d944d491f2532ea8dc274ce81490a072a96fd9 at timestamp: 1768196421139
[INFO] Storing buildScmBranch: main
[INFO] 
[INFO] --- resources:3.1.0:resources (default-resources) @ commons-vfs2 ---
[INFO] Using 'UTF-8' encoding to copy filtered resources.
[INFO] Copying 4 resources
[INFO] Copying 2 resources to META-INF
[INFO] 
[INFO] --- compiler:3.8.1:compile (default-compile) @ commons-vfs2 ---
[INFO] Changes detected - recompiling the module!
[INFO] Compiling 293 source files to /sfs/weka/scratch/wxw9rr/artifact/RQ3/OE25-DEV/commons-vfs-2.9.0/commons-vfs2/target/classes
[INFO] /sfs/weka/scratch/wxw9rr/artifact/RQ3/OE25-DEV/commons-vfs-2.9.0/commons-vfs2/src/main/java/org/apache/commons/vfs2/provider/http/HttpFileObject.java: Some input files use or override a deprecated API.
[INFO] /sfs/weka/scratch/wxw9rr/artifact/RQ3/OE25-DEV/commons-vfs-2.9.0/commons-vfs2/src/main/java/org/apache/commons/vfs2/provider/http/HttpFileObject.java: Recompile with -Xlint:deprecation for details.
[INFO] /sfs/weka/scratch/wxw9rr/artifact/RQ3/OE25-DEV/commons-vfs-2.9.0/commons-vfs2/src/main/java/org/apache/commons/vfs2/provider/AbstractFileObject.java: Some input files use or override a deprecated API that is marked for removal.
[INFO] /sfs/weka/scratch/wxw9rr/artifact/RQ3/OE25-DEV/commons-vfs-2.9.0/commons-vfs2/src/main/java/org/apache/commons/vfs2/provider/AbstractFileObject.java: Recompile with -Xlint:removal for details.
[INFO] /sfs/weka/scratch/wxw9rr/artifact/RQ3/OE25-DEV/commons-vfs-2.9.0/commons-vfs2/src/main/java/org/apache/commons/vfs2/FileSystemOptions.java: Some input files use unchecked or unsafe operations.
[INFO] /sfs/weka/scratch/wxw9rr/artifact/RQ3/OE25-DEV/commons-vfs-2.9.0/commons-vfs2/src/main/java/org/apache/commons/vfs2/FileSystemOptions.java: Recompile with -Xlint:unchecked for details.
[INFO] 
[INFO] --- bundle:5.1.2:manifest (bundle-manifest) @ commons-vfs2 ---
[WARNING] Manifest org.apache.commons:commons-vfs2:jar:2.9.0 : Unused Import-Package instructions: [org.apache.jackrabbit.*] 
[INFO] 
[INFO] --- resources:3.1.0:testResources (default-testResources) @ commons-vfs2 ---
[INFO] Using 'UTF-8' encoding to copy filtered resources.
[INFO] Copying 64 resources
[INFO] Copying 2 resources to META-INF
[INFO] 
[INFO] --- compiler:3.8.1:testCompile (default-testCompile) @ commons-vfs2 ---
[INFO] Changes detected - recompiling the module!
[INFO] Compiling 168 source files to /sfs/weka/scratch/wxw9rr/artifact/RQ3/OE25-DEV/commons-vfs-2.9.0/commons-vfs2/target/test-classes
[INFO] /sfs/weka/scratch/wxw9rr/artifact/RQ3/OE25-DEV/commons-vfs-2.9.0/commons-vfs2/src/test/java/org/apache/commons/vfs2/util/NHttpFileServer.java: Some input files use or override a deprecated API.
[INFO] /sfs/weka/scratch/wxw9rr/artifact/RQ3/OE25-DEV/commons-vfs-2.9.0/commons-vfs2/src/test/java/org/apache/commons/vfs2/util/NHttpFileServer.java: Recompile with -Xlint:deprecation for details.
[INFO] /sfs/weka/scratch/wxw9rr/artifact/RQ3/OE25-DEV/commons-vfs-2.9.0/commons-vfs2/src/test/java/org/apache/commons/vfs2/provider/ftp/FtpProviderTestCase.java: Some input files use unchecked or unsafe operations.
[INFO] /sfs/weka/scratch/wxw9rr/artifact/RQ3/OE25-DEV/commons-vfs-2.9.0/commons-vfs2/src/test/java/org/apache/commons/vfs2/provider/ftp/FtpProviderTestCase.java: Recompile with -Xlint:unchecked for details.
[INFO] 
[INFO] --- antrun:1.8:run (default) @ commons-vfs2 ---
[INFO] Executing tasks

main:
     [move] Moving 2 files to /sfs/weka/scratch/wxw9rr/artifact/RQ3/OE25-DEV/commons-vfs-2.9.0/commons-vfs2/target/test-classes/test-data/code
[INFO] Executed tasks
[INFO] 
[INFO] --- animal-sniffer:1.19:check (checkAPIcompatibility) @ commons-vfs2 ---
[INFO] Checking unresolved references to org.codehaus.mojo.signature:java18:1.0
[INFO] 
[INFO] --- surefire:2.22.0:test (default-test) @ commons-vfs2 ---
[INFO] 
[INFO] -------------------------------------------------------
[INFO]  T E S T S
[INFO] -------------------------------------------------------
[INFO] Running org.apache.commons.vfs2.PermissionsTests
[ERROR] Tests run: 3, Failures: 3, Errors: 0, Skipped: 0, Time elapsed: 0.016 s <<< FAILURE! - in org.apache.commons.vfs2.PermissionsTests
[ERROR] testWriteable(org.apache.commons.vfs2.PermissionsTests)  Time elapsed: 0.005 s  <<< FAILURE!
java.lang.AssertionError: This test's read folder should not be null
	at org.junit.Assert.fail(Assert.java:89)
	at org.junit.Assert.assertTrue(Assert.java:42)
	at org.junit.Assert.assertNotNull(Assert.java:713)
	at org.apache.commons.vfs2.AbstractProviderTestCase.getFileSystem(AbstractProviderTestCase.java:230)
	at org.apache.commons.vfs2.AbstractProviderTestCase.runTest(AbstractProviderTestCase.java:289)
	at junit.framework.TestCase.runBare(TestCase.java:142)
	at junit.framework.TestResult$1.protect(TestResult.java:122)
	at junit.framework.TestResult.runProtected(TestResult.java:142)
	at junit.framework.TestResult.run(TestResult.java:125)
	at junit.framework.TestCase.run(TestCase.java:130)
	at junit.framework.TestSuite.runTest(TestSuite.java:241)
	at junit.framework.TestSuite.run(TestSuite.java:236)
	at org.junit.internal.runners.JUnit38ClassRunner.run(JUnit38ClassRunner.java:90)
	at org.apache.maven.surefire.junit4.JUnit4Provider.execute(JUnit4Provider.java:365)
	at org.apache.maven.surefire.junit4.JUnit4Provider.executeWithRerun(JUnit4Provider.java:273)
	at org.apache.maven.surefire.junit4.JUnit4Provider.executeTestSet(JUnit4Provider.java:238)
	at org.apache.maven.surefire.junit4.JUnit4Provider.invoke(JUnit4Provider.java:159)
	at org.apache.maven.surefire.booter.ForkedBooter.invokeProviderInSameClassLoader(ForkedBooter.java:383)
	at org.apache.maven.surefire.booter.ForkedBooter.runSuitesInProcess(ForkedBooter.java:344)
	at org.apache.maven.surefire.booter.ForkedBooter.execute(ForkedBooter.java:125)
	at org.apache.maven.surefire.booter.ForkedBooter.main(ForkedBooter.java:417)

[ERROR] testExecutable(org.apache.commons.vfs2.PermissionsTests)  Time elapsed: 0 s  <<< FAILURE!
java.lang.AssertionError: This test's read folder should not be null
	at org.junit.Assert.fail(Assert.java:89)
	at org.junit.Assert.assertTrue(Assert.java:42)
	at org.junit.Assert.assertNotNull(Assert.java:713)
	at org.apache.commons.vfs2.AbstractProviderTestCase.getFileSystem(AbstractProviderTestCase.java:230)
	at org.apache.commons.vfs2.AbstractProviderTestCase.runTest(AbstractProviderTestCase.java:289)
	at junit.framework.TestCase.runBare(TestCase.java:142)
	at junit.framework.TestResult$1.protect(TestResult.java:122)
	at junit.framework.TestResult.runProtected(TestResult.java:142)
	at junit.framework.TestResult.run(TestResult.java:125)
	at junit.framework.TestCase.run(TestCase.java:130)
	at junit.framework.TestSuite.runTest(TestSuite.java:241)
	at junit.framework.TestSuite.run(TestSuite.java:236)
	at org.junit.internal.runners.JUnit38ClassRunner.run(JUnit38ClassRunner.java:90)
	at org.apache.maven.surefire.junit4.JUnit4Provider.execute(JUnit4Provider.java:365)
	at org.apache.maven.surefire.junit4.JUnit4Provider.executeWithRerun(JUnit4Provider.java:273)
	at org.apache.maven.surefire.junit4.JUnit4Provider.executeTestSet(JUnit4Provider.java:238)
	at org.apache.maven.surefire.junit4.JUnit4Provider.invoke(JUnit4Provider.java:159)
	at org.apache.maven.surefire.booter.ForkedBooter.invokeProviderInSameClassLoader(ForkedBooter.java:383)
	at org.apache.maven.surefire.booter.ForkedBooter.runSuitesInProcess(ForkedBooter.java:344)
	at org.apache.maven.surefire.booter.ForkedBooter.execute(ForkedBooter.java:125)
	at org.apache.maven.surefire.booter.ForkedBooter.main(ForkedBooter.java:417)

[ERROR] testReadable(org.apache.commons.vfs2.PermissionsTests)  Time elapsed: 0 s  <<< FAILURE!
java.lang.AssertionError: This test's read folder should not be null
	at org.junit.Assert.fail(Assert.java:89)
	at org.junit.Assert.assertTrue(Assert.java:42)
	at org.junit.Assert.assertNotNull(Assert.java:713)
	at org.apache.commons.vfs2.AbstractProviderTestCase.getFileSystem(AbstractProviderTestCase.java:230)
	at org.apache.commons.vfs2.AbstractProviderTestCase.runTest(AbstractProviderTestCase.java:289)
	at junit.framework.TestCase.runBare(TestCase.java:142)
	at junit.framework.TestResult$1.protect(TestResult.java:122)
	at junit.framework.TestResult.runProtected(TestResult.java:142)
	at junit.framework.TestResult.run(TestResult.java:125)
	at junit.framework.TestCase.run(TestCase.java:130)
	at junit.framework.TestSuite.runTest(TestSuite.java:241)
	at junit.framework.TestSuite.run(TestSuite.java:236)
	at org.junit.internal.runners.JUnit38ClassRunner.run(JUnit38ClassRunner.java:90)
	at org.apache.maven.surefire.junit4.JUnit4Provider.execute(JUnit4Provider.java:365)
	at org.apache.maven.surefire.junit4.JUnit4Provider.executeWithRerun(JUnit4Provider.java:273)
	at org.apache.maven.surefire.junit4.JUnit4Provider.executeTestSet(JUnit4Provider.java:238)
	at org.apache.maven.surefire.junit4.JUnit4Provider.invoke(JUnit4Provider.java:159)
	at org.apache.maven.surefire.booter.ForkedBooter.invokeProviderInSameClassLoader(ForkedBooter.java:383)
	at org.apache.maven.surefire.booter.ForkedBooter.runSuitesInProcess(ForkedBooter.java:344)
	at org.apache.maven.surefire.booter.ForkedBooter.execute(ForkedBooter.java:125)
	at org.apache.maven.surefire.booter.ForkedBooter.main(ForkedBooter.java:417)

[INFO] Running org.apache.commons.vfs2.FileTypeSelectorTest
[INFO] Tests run: 3, Failures: 0, Errors: 0, Skipped: 0, Time elapsed: 0.128 s - in org.apache.commons.vfs2.FileTypeSelectorTest
[INFO] Running org.apache.commons.vfs2.auth.StaticUserAuthenticatorTestCase
[INFO] Tests run: 2, Failures: 0, Errors: 0, Skipped: 0, Time elapsed: 0 s - in org.apache.commons.vfs2.auth.StaticUserAuthenticatorTestCase
[INFO] Running org.apache.commons.vfs2.ProviderRandomSetLengthTests
[ERROR] Tests run: 1, Failures: 1, Errors: 0, Skipped: 0, Time elapsed: 0 s <<< FAILURE! - in org.apache.commons.vfs2.ProviderRandomSetLengthTests
[ERROR] testRandomSetLength(org.apache.commons.vfs2.ProviderRandomSetLengthTests)  Time elapsed: 0 s  <<< FAILURE!
java.lang.AssertionError: This test's read folder should not be null
	at org.junit.Assert.fail(Assert.java:89)
	at org.junit.Assert.assertTrue(Assert.java:42)
	at org.junit.Assert.assertNotNull(Assert.java:713)
	at org.apache.commons.vfs2.AbstractProviderTestCase.getFileSystem(AbstractProviderTestCase.java:230)
	at org.apache.commons.vfs2.AbstractProviderTestCase.runTest(AbstractProviderTestCase.java:289)
	at junit.framework.TestCase.runBare(TestCase.java:142)
	at junit.framework.TestResult$1.protect(TestResult.java:122)
	at junit.framework.TestResult.runProtected(TestResult.java:142)
	at junit.framework.TestResult.run(TestResult.java:125)
	at junit.framework.TestCase.run(TestCase.java:130)
	at junit.framework.TestSuite.runTest(TestSuite.java:241)
	at junit.framework.TestSuite.run(TestSuite.java:236)
	at org.junit.internal.runners.JUnit38ClassRunner.run(JUnit38ClassRunner.java:90)
	at org.apache.maven.surefire.junit4.JUnit4Provider.execute(JUnit4Provider.java:365)
	at org.apache.maven.surefire.junit4.JUnit4Provider.executeWithRerun(JUnit4Provider.java:273)
	at org.apache.maven.surefire.junit4.JUnit4Provider.executeTestSet(JUnit4Provider.java:238)
	at org.apache.maven.surefire.junit4.JUnit4Provider.invoke(JUnit4Provider.java:159)
	at org.apache.maven.surefire.booter.ForkedBooter.invokeProviderInSameClassLoader(ForkedBooter.java:383)
	at org.apache.maven.surefire.booter.ForkedBooter.runSuitesInProcess(ForkedBooter.java:344)
	at org.apache.maven.surefire.booter.ForkedBooter.execute(ForkedBooter.java:125)
	at org.apache.maven.surefire.booter.ForkedBooter.main(ForkedBooter.java:417)

[INFO] Running org.apache.commons.vfs2.impl.VfsClassLoaderTests
[ERROR] Tests run: 5, Failures: 5, Errors: 0, Skipped: 0, Time elapsed: 0 s <<< FAILURE! - in org.apache.commons.vfs2.impl.VfsClassLoaderTests
[ERROR] testGetResourcesJARs(org.apache.commons.vfs2.impl.VfsClassLoaderTests)  Time elapsed: 0 s  <<< FAILURE!
java.lang.AssertionError: This test's read folder should not be null
	at org.junit.Assert.fail(Assert.java:89)
	at org.junit.Assert.assertTrue(Assert.java:42)
	at org.junit.Assert.assertNotNull(Assert.java:713)
	at org.apache.commons.vfs2.AbstractProviderTestCase.getFileSystem(AbstractProviderTestCase.java:230)
	at org.apache.commons.vfs2.AbstractProviderTestCase.runTest(AbstractProviderTestCase.java:289)
	at junit.framework.TestCase.runBare(TestCase.java:142)
	at junit.framework.TestResult$1.protect(TestResult.java:122)
	at junit.framework.TestResult.runProtected(TestResult.java:142)
	at junit.framework.TestResult.run(TestResult.java:125)
	at junit.framework.TestCase.run(TestCase.java:130)
	at junit.framework.TestSuite.runTest(TestSuite.java:241)
	at junit.framework.TestSuite.run(TestSuite.java:236)
	at org.junit.internal.runners.JUnit38ClassRunner.run(JUnit38ClassRunner.java:90)
	at org.apache.maven.surefire.junit4.JUnit4Provider.execute(JUnit4Provider.java:365)
	at org.apache.maven.surefire.junit4.JUnit4Provider.executeWithRerun(JUnit4Provider.java:273)
	at org.apache.maven.surefire.junit4.JUnit4Provider.executeTestSet(JUnit4Provider.java:238)
	at org.apache.maven.surefire.junit4.JUnit4Provider.invoke(JUnit4Provider.java:159)
	at org.apache.maven.surefire.booter.ForkedBooter.invokeProviderInSameClassLoader(ForkedBooter.java:383)
	at org.apache.maven.surefire.booter.ForkedBooter.runSuitesInProcess(ForkedBooter.java:344)
	at org.apache.maven.surefire.booter.ForkedBooter.execute(ForkedBooter.java:125)
	at org.apache.maven.surefire.booter.ForkedBooter.main(ForkedBooter.java:417)

[ERROR] testGetResourcesNoLayerLocal(org.apache.commons.vfs2.impl.VfsClassLoaderTests)  Time elapsed: 0 s  <<< FAILURE!
java.lang.AssertionError: This test's read folder should not be null
	at org.junit.Assert.fail(Assert.java:89)
	at org.junit.Assert.assertTrue(Assert.java:42)
	at org.junit.Assert.assertNotNull(Assert.java:713)
	at org.apache.commons.vfs2.AbstractProviderTestCase.getFileSystem(AbstractProviderTestCase.java:230)
	at org.apache.commons.vfs2.AbstractProviderTestCase.runTest(AbstractProviderTestCase.java:289)
	at junit.framework.TestCase.runBare(TestCase.java:142)
	at junit.framework.TestResult$1.protect(TestResult.java:122)
	at junit.framework.TestResult.runProtected(TestResult.java:142)
	at junit.framework.TestResult.run(TestResult.java:125)
	at junit.framework.TestCase.run(TestCase.java:130)
	at junit.framework.TestSuite.runTest(TestSuite.java:241)
	at junit.framework.TestSuite.run(TestSuite.java:236)
	at org.junit.internal.runners.JUnit38ClassRunner.run(JUnit38ClassRunner.java:90)
	at org.apache.maven.surefire.junit4.JUnit4Provider.execute(JUnit4Provider.java:365)
	at org.apache.maven.surefire.junit4.JUnit4Provider.executeWithRerun(JUnit4Provider.java:273)
	at org.apache.maven.surefire.junit4.JUnit4Provider.executeTestSet(JUnit4Provider.java:238)
	at org.apache.maven.surefire.junit4.JUnit4Provider.invoke(JUnit4Provider.java:159)
	at org.apache.maven.surefire.booter.ForkedBooter.invokeProviderInSameClassLoader(ForkedBooter.java:383)
	at org.apache.maven.surefire.booter.ForkedBooter.runSuitesInProcess(ForkedBooter.java:344)
	at org.apache.maven.surefire.booter.ForkedBooter.execute(ForkedBooter.java:125)
	at org.apache.maven.surefire.booter.ForkedBooter.main(ForkedBooter.java:417)

[ERROR] testSealing(org.apache.commons.vfs2.impl.VfsClassLoaderTests)  Time elapsed: 0 s  <<< FAILURE!
java.lang.AssertionError: This test's read folder should not be null
	at org.junit.Assert.fail(Assert.java:89)
	at org.junit.Assert.assertTrue(Assert.java:42)
	at org.junit.Assert.assertNotNull(Assert.java:713)
	at org.apache.commons.vfs2.AbstractProviderTestCase.getFileSystem(AbstractProviderTestCase.java:230)
	at org.apache.commons.vfs2.AbstractProviderTestCase.runTest(AbstractProviderTestCase.java:289)
	at junit.framework.TestCase.runBare(TestCase.java:142)
	at junit.framework.TestResult$1.protect(TestResult.java:122)
	at junit.framework.TestResult.runProtected(TestResult.java:142)
	at junit.framework.TestResult.run(TestResult.java:125)
	at junit.framework.TestCase.run(TestCase.java:130)
	at junit.framework.TestSuite.runTest(TestSuite.java:241)
	at junit.framework.TestSuite.run(TestSuite.java:236)
	at org.junit.internal.runners.JUnit38ClassRunner.run(JUnit38ClassRunner.java:90)
	at org.apache.maven.surefire.junit4.JUnit4Provider.execute(JUnit4Provider.java:365)
	at org.apache.maven.surefire.junit4.JUnit4Provider.executeWithRerun(JUnit4Provider.java:273)
	at org.apache.maven.surefire.junit4.JUnit4Provider.executeTestSet(JUnit4Provider.java:238)
	at org.apache.maven.surefire.junit4.JUnit4Provider.invoke(JUnit4Provider.java:159)
	at org.apache.maven.surefire.booter.ForkedBooter.invokeProviderInSameClassLoader(ForkedBooter.java:383)
	at org.apache.maven.surefire.booter.ForkedBooter.runSuitesInProcess(ForkedBooter.java:344)
	at org.apache.maven.surefire.booter.ForkedBooter.execute(ForkedBooter.java:125)
	at org.apache.maven.surefire.booter.ForkedBooter.main(ForkedBooter.java:417)

[ERROR] testLoadResource(org.apache.commons.vfs2.impl.VfsClassLoaderTests)  Time elapsed: 0 s  <<< FAILURE!
java.lang.AssertionError: This test's read folder should not be null
	at org.junit.Assert.fail(Assert.java:89)
	at org.junit.Assert.assertTrue(Assert.java:42)
	at org.junit.Assert.assertNotNull(Assert.java:713)
	at org.apache.commons.vfs2.AbstractProviderTestCase.getFileSystem(AbstractProviderTestCase.java:230)
	at org.apache.commons.vfs2.AbstractProviderTestCase.runTest(AbstractProviderTestCase.java:289)
	at junit.framework.TestCase.runBare(TestCase.java:142)
	at junit.framework.TestResult$1.protect(TestResult.java:122)
	at junit.framework.TestResult.runProtected(TestResult.java:142)
	at junit.framework.TestResult.run(TestResult.java:125)
	at junit.framework.TestCase.run(TestCase.java:130)
	at junit.framework.TestSuite.runTest(TestSuite.java:241)
	at junit.framework.TestSuite.run(TestSuite.java:236)
	at org.junit.internal.runners.JUnit38ClassRunner.run(JUnit38ClassRunner.java:90)
	at org.apache.maven.surefire.junit4.JUnit4Provider.execute(JUnit4Provider.java:365)
	at org.apache.maven.surefire.junit4.JUnit4Provider.executeWithRerun(JUnit4Provider.java:273)
	at org.apache.maven.surefire.junit4.JUnit4Provider.executeTestSet(JUnit4Provider.java:238)
	at org.apache.maven.surefire.junit4.JUnit4Provider.invoke(JUnit4Provider.java:159)
	at org.apache.maven.surefire.booter.ForkedBooter.invokeProviderInSameClassLoader(ForkedBooter.java:383)
	at org.apache.maven.surefire.booter.ForkedBooter.runSuitesInProcess(ForkedBooter.java:344)
	at org.apache.maven.surefire.booter.ForkedBooter.execute(ForkedBooter.java:125)
	at org.apache.maven.surefire.booter.ForkedBooter.main(ForkedBooter.java:417)

[ERROR] testLoadClass(org.apache.commons.vfs2.impl.VfsClassLoaderTests)  Time elapsed: 0 s  <<< FAILURE!
java.lang.AssertionError: This test's read folder should not be null
	at org.junit.Assert.fail(Assert.java:89)
	at org.junit.Assert.assertTrue(Assert.java:42)
	at org.junit.Assert.assertNotNull(Assert.java:713)
	at org.apache.commons.vfs2.AbstractProviderTestCase.getFileSystem(AbstractProviderTestCase.java:230)
	at org.apache.commons.vfs2.AbstractProviderTestCase.runTest(AbstractProviderTestCase.java:289)
	at junit.framework.TestCase.runBare(TestCase.java:142)
	at junit.framework.TestResult$1.protect(TestResult.java:122)
	at junit.framework.TestResult.runProtected(TestResult.java:142)
	at junit.framework.TestResult.run(TestResult.java:125)
	at junit.framework.TestCase.run(TestCase.java:130)
	at junit.framework.TestSuite.runTest(TestSuite.java:241)
	at junit.framework.TestSuite.run(TestSuite.java:236)
	at org.junit.internal.runners.JUnit38ClassRunner.run(JUnit38ClassRunner.java:90)
	at org.apache.maven.surefire.junit4.JUnit4Provider.execute(JUnit4Provider.java:365)
	at org.apache.maven.surefire.junit4.JUnit4Provider.executeWithRerun(JUnit4Provider.java:273)
	at org.apache.maven.surefire.junit4.JUnit4Provider.executeTestSet(JUnit4Provider.java:238)
	at org.apache.maven.surefire.junit4.JUnit4Provider.invoke(JUnit4Provider.java:159)
	at org.apache.maven.surefire.booter.ForkedBooter.invokeProviderInSameClassLoader(ForkedBooter.java:383)
	at org.apache.maven.surefire.booter.ForkedBooter.runSuitesInProcess(ForkedBooter.java:344)
	at org.apache.maven.surefire.booter.ForkedBooter.execute(ForkedBooter.java:125)
	at org.apache.maven.surefire.booter.ForkedBooter.main(ForkedBooter.java:417)

[INFO] Running org.apache.commons.vfs2.impl.StandardFileSystemManagerTest
[INFO] Tests run: 1, Failures: 0, Errors: 0, Skipped: 0, Time elapsed: 0 s - in org.apache.commons.vfs2.impl.StandardFileSystemManagerTest
[INFO] Running org.apache.commons.vfs2.impl.DefaultFileSystemManagerTest
[ERROR] Tests run: 13, Failures: 0, Errors: 2, Skipped: 1, Time elapsed: 0.341 s <<< FAILURE! - in org.apache.commons.vfs2.impl.DefaultFileSystemManagerTest
[ERROR] testCreateJarFileSystem(org.apache.commons.vfs2.impl.DefaultFileSystemManagerTest)  Time elapsed: 0.001 s  <<< ERROR!
org.apache.commons.vfs2.FileSystemException: Could not find a file provider that can handle file "file:///sfs/weka/scratch/wxw9rr/artifact/RQ3/OE25-DEV/commons-vfs-2.9.0/commons-vfs2/src/test/resources/test-data/nested.jar".
	at org.apache.commons.vfs2.FileSystemException.requireNonNull(FileSystemException.java:88)
	at org.apache.commons.vfs2.impl.DefaultFileSystemManager.createFileSystem(DefaultFileSystemManager.java:435)
	at org.apache.commons.vfs2.impl.DefaultFileSystemManagerTest.testCreateFileSystem(DefaultFileSystemManagerTest.java:94)
	at org.apache.commons.vfs2.impl.DefaultFileSystemManagerTest.testCreateJarFileSystem(DefaultFileSystemManagerTest.java:107)
	at java.base/jdk.internal.reflect.NativeMethodAccessorImpl.invoke0(Native Method)
	at java.base/jdk.internal.reflect.NativeMethodAccessorImpl.invoke(NativeMethodAccessorImpl.java:77)
	at java.base/jdk.internal.reflect.DelegatingMethodAccessorImpl.invoke(DelegatingMethodAccessorImpl.java:43)
	at java.base/java.lang.reflect.Method.invoke(Method.java:569)
	at org.junit.runners.model.FrameworkMethod$1.runReflectiveCall(FrameworkMethod.java:59)
	at org.junit.internal.runners.model.ReflectiveCallable.run(ReflectiveCallable.java:12)
	at org.junit.runners.model.FrameworkMethod.invokeExplosively(FrameworkMethod.java:56)
	at org.junit.internal.runners.statements.InvokeMethod.evaluate(InvokeMethod.java:17)
	at org.junit.runners.ParentRunner$3.evaluate(ParentRunner.java:306)
	at org.junit.runners.BlockJUnit4ClassRunner$1.evaluate(BlockJUnit4ClassRunner.java:100)
	at org.junit.runners.ParentRunner.runLeaf(ParentRunner.java:366)
	at org.junit.runners.BlockJUnit4ClassRunner.runChild(BlockJUnit4ClassRunner.java:103)
	at org.junit.runners.BlockJUnit4ClassRunner.runChild(BlockJUnit4ClassRunner.java:63)
	at org.junit.runners.ParentRunner$4.run(ParentRunner.java:331)
	at org.junit.runners.ParentRunner$1.schedule(ParentRunner.java:79)
	at org.junit.runners.ParentRunner.runChildren(ParentRunner.java:329)
	at org.junit.runners.ParentRunner.access$100(ParentRunner.java:66)
	at org.junit.runners.ParentRunner$2.evaluate(ParentRunner.java:293)
	at org.junit.runners.ParentRunner$3.evaluate(ParentRunner.java:306)
	at org.junit.runners.ParentRunner.run(ParentRunner.java:413)
	at org.apache.maven.surefire.junit4.JUnit4Provider.execute(JUnit4Provider.java:365)
	at org.apache.maven.surefire.junit4.JUnit4Provider.executeWithRerun(JUnit4Provider.java:273)
	at org.apache.maven.surefire.junit4.JUnit4Provider.executeTestSet(JUnit4Provider.java:238)
	at org.apache.maven.surefire.junit4.JUnit4Provider.invoke(JUnit4Provider.java:159)
	at org.apache.maven.surefire.booter.ForkedBooter.invokeProviderInSameClassLoader(ForkedBooter.java:383)
	at org.apache.maven.surefire.booter.ForkedBooter.runSuitesInProcess(ForkedBooter.java:344)
	at org.apache.maven.surefire.booter.ForkedBooter.execute(ForkedBooter.java:125)
	at org.apache.maven.surefire.booter.ForkedBooter.main(ForkedBooter.java:417)

[ERROR] testCreateBz2FileSystem(org.apache.commons.vfs2.impl.DefaultFileSystemManagerTest)  Time elapsed: 0.001 s  <<< ERROR!
org.apache.commons.vfs2.FileSystemException: Could not find a file provider that can handle file "file:///sfs/weka/scratch/wxw9rr/artifact/RQ3/OE25-DEV/commons-vfs-2.9.0/commons-vfs2/src/test/resources/test-data/bla.txt.bz2".
	at org.apache.commons.vfs2.FileSystemException.requireNonNull(FileSystemException.java:88)
	at org.apache.commons.vfs2.impl.DefaultFileSystemManager.createFileSystem(DefaultFileSystemManager.java:435)
	at org.apache.commons.vfs2.impl.DefaultFileSystemManagerTest.testCreateFileSystem(DefaultFileSystemManagerTest.java:94)
	at org.apache.commons.vfs2.impl.DefaultFileSystemManagerTest.testCreateBz2FileSystem(DefaultFileSystemManagerTest.java:88)
	at java.base/jdk.internal.reflect.NativeMethodAccessorImpl.invoke0(Native Method)
	at java.base/jdk.internal.reflect.NativeMethodAccessorImpl.invoke(NativeMethodAccessorImpl.java:77)
	at java.base/jdk.internal.reflect.DelegatingMethodAccessorImpl.invoke(DelegatingMethodAccessorImpl.java:43)
	at java.base/java.lang.reflect.Method.invoke(Method.java:569)
	at org.junit.runners.model.FrameworkMethod$1.runReflectiveCall(FrameworkMethod.java:59)
	at org.junit.internal.runners.model.ReflectiveCallable.run(ReflectiveCallable.java:12)
	at org.junit.runners.model.FrameworkMethod.invokeExplosively(FrameworkMethod.java:56)
	at org.junit.internal.runners.statements.InvokeMethod.evaluate(InvokeMethod.java:17)
	at org.junit.runners.ParentRunner$3.evaluate(ParentRunner.java:306)
	at org.junit.runners.BlockJUnit4ClassRunner$1.evaluate(BlockJUnit4ClassRunner.java:100)
	at org.junit.runners.ParentRunner.runLeaf(ParentRunner.java:366)
	at org.junit.runners.BlockJUnit4ClassRunner.runChild(BlockJUnit4ClassRunner.java:103)
	at org.junit.runners.BlockJUnit4ClassRunner.runChild(BlockJUnit4ClassRunner.java:63)
	at org.junit.runners.ParentRunner$4.run(ParentRunner.java:331)
	at org.junit.runners.ParentRunner$1.schedule(ParentRunner.java:79)
	at org.junit.runners.ParentRunner.runChildren(ParentRunner.java:329)
	at org.junit.runners.ParentRunner.access$100(ParentRunner.java:66)
	at org.junit.runners.ParentRunner$2.evaluate(ParentRunner.java:293)
	at org.junit.runners.ParentRunner$3.evaluate(ParentRunner.java:306)
	at org.junit.runners.ParentRunner.run(ParentRunner.java:413)
	at org.apache.maven.surefire.junit4.JUnit4Provider.execute(JUnit4Provider.java:365)
	at org.apache.maven.surefire.junit4.JUnit4Provider.executeWithRerun(JUnit4Provider.java:273)
	at org.apache.maven.surefire.junit4.JUnit4Provider.executeTestSet(JUnit4Provider.java:238)
	at org.apache.maven.surefire.junit4.JUnit4Provider.invoke(JUnit4Provider.java:159)
	at org.apache.maven.surefire.booter.ForkedBooter.invokeProviderInSameClassLoader(ForkedBooter.java:383)
	at org.apache.maven.surefire.booter.ForkedBooter.runSuitesInProcess(ForkedBooter.java:344)
	at org.apache.maven.surefire.booter.ForkedBooter.execute(ForkedBooter.java:125)
	at org.apache.maven.surefire.booter.ForkedBooter.main(ForkedBooter.java:417)

[INFO] Running org.apache.commons.vfs2.impl.DefaultFileMonitorTest
[WARNING] Tests run: 9, Failures: 0, Errors: 0, Skipped: 2, Time elapsed: 10.584 s - in org.apache.commons.vfs2.impl.DefaultFileMonitorTest
[INFO] Running org.apache.commons.vfs2.FileSystemExceptionTest
[INFO] Tests run: 3, Failures: 0, Errors: 0, Skipped: 0, Time elapsed: 0 s - in org.apache.commons.vfs2.FileSystemExceptionTest
[INFO] Running org.apache.commons.vfs2.FileSystemOptionsTest
[INFO] Tests run: 1, Failures: 0, Errors: 0, Skipped: 0, Time elapsed: 0.001 s - in org.apache.commons.vfs2.FileSystemOptionsTest
[INFO] Running org.apache.commons.vfs2.InvertIncludeFileSelectorTest
[INFO] Tests run: 2, Failures: 0, Errors: 0, Skipped: 0, Time elapsed: 0 s - in org.apache.commons.vfs2.InvertIncludeFileSelectorTest
[INFO] Running org.apache.commons.vfs2.ProviderReadTests
[ERROR] Tests run: 16, Failures: 16, Errors: 0, Skipped: 0, Time elapsed: 0.001 s <<< FAILURE! - in org.apache.commons.vfs2.ProviderReadTests
[ERROR] testReadFileEOFMultiple(org.apache.commons.vfs2.ProviderReadTests)  Time elapsed: 0 s  <<< FAILURE!
java.lang.AssertionError: This test's read folder should not be null
	at org.junit.Assert.fail(Assert.java:89)
	at org.junit.Assert.assertTrue(Assert.java:42)
	at org.junit.Assert.assertNotNull(Assert.java:713)
	at org.apache.commons.vfs2.AbstractProviderTestCase.getFileSystem(AbstractProviderTestCase.java:230)
	at org.apache.commons.vfs2.AbstractProviderTestCase.runTest(AbstractProviderTestCase.java:289)
	at junit.framework.TestCase.runBare(TestCase.java:142)
	at junit.framework.TestResult$1.protect(TestResult.java:122)
	at junit.framework.TestResult.runProtected(TestResult.java:142)
	at junit.framework.TestResult.run(TestResult.java:125)
	at junit.framework.TestCase.run(TestCase.java:130)
	at junit.framework.TestSuite.runTest(TestSuite.java:241)
	at junit.framework.TestSuite.run(TestSuite.java:236)
	at org.junit.internal.runners.JUnit38ClassRunner.run(JUnit38ClassRunner.java:90)
	at org.apache.maven.surefire.junit4.JUnit4Provider.execute(JUnit4Provider.java:365)
	at org.apache.maven.surefire.junit4.JUnit4Provider.executeWithRerun(JUnit4Provider.java:273)
	at org.apache.maven.surefire.junit4.JUnit4Provider.executeTestSet(JUnit4Provider.java:238)
	at org.apache.maven.surefire.junit4.JUnit4Provider.invoke(JUnit4Provider.java:159)
	at org.apache.maven.surefire.booter.ForkedBooter.invokeProviderInSameClassLoader(ForkedBooter.java:383)
	at org.apache.maven.surefire.booter.ForkedBooter.runSuitesInProcess(ForkedBooter.java:344)
	at org.apache.maven.surefire.booter.ForkedBooter.execute(ForkedBooter.java:125)
	at org.apache.maven.surefire.booter.ForkedBooter.main(ForkedBooter.java:417)

[ERROR] testDotJarFolderName(org.apache.commons.vfs2.ProviderReadTests)  Time elapsed: 0 s  <<< FAILURE!
java.lang.AssertionError: This test's read folder should not be null
	at org.junit.Assert.fail(Assert.java:89)
	at org.junit.Assert.assertTrue(Assert.java:42)
	at org.junit.Assert.assertNotNull(Assert.java:713)
	at org.apache.commons.vfs2.AbstractProviderTestCase.getFileSystem(AbstractProviderTestCase.java:230)
	at org.apache.commons.vfs2.AbstractProviderTestCase.runTest(AbstractProviderTestCase.java:289)
	at junit.framework.TestCase.runBare(TestCase.java:142)
	at junit.framework.TestResult$1.protect(TestResult.java:122)
	at junit.framework.TestResult.runProtected(TestResult.java:142)
	at junit.framework.TestResult.run(TestResult.java:125)
	at junit.framework.TestCase.run(TestCase.java:130)
	at junit.framework.TestSuite.runTest(TestSuite.java:241)
	at junit.framework.TestSuite.run(TestSuite.java:236)
	at org.junit.internal.runners.JUnit38ClassRunner.run(JUnit38ClassRunner.java:90)
	at org.apache.maven.surefire.junit4.JUnit4Provider.execute(JUnit4Provider.java:365)
	at org.apache.maven.surefire.junit4.JUnit4Provider.executeWithRerun(JUnit4Provider.java:273)
	at org.apache.maven.surefire.junit4.JUnit4Provider.executeTestSet(JUnit4Provider.java:238)
	at org.apache.maven.surefire.junit4.JUnit4Provider.invoke(JUnit4Provider.java:159)
	at org.apache.maven.surefire.booter.ForkedBooter.invokeProviderInSameClassLoader(ForkedBooter.java:383)
	at org.apache.maven.surefire.booter.ForkedBooter.runSuitesInProcess(ForkedBooter.java:344)
	at org.apache.maven.surefire.booter.ForkedBooter.execute(ForkedBooter.java:125)
	at org.apache.maven.surefire.booter.ForkedBooter.main(ForkedBooter.java:417)

[ERROR] testRoot(org.apache.commons.vfs2.ProviderReadTests)  Time elapsed: 0 s  <<< FAILURE!
java.lang.AssertionError: This test's read folder should not be null
	at org.junit.Assert.fail(Assert.java:89)
	at org.junit.Assert.assertTrue(Assert.java:42)
	at org.junit.Assert.assertNotNull(Assert.java:713)
	at org.apache.commons.vfs2.AbstractProviderTestCase.getFileSystem(AbstractProviderTestCase.java:230)
	at org.apache.commons.vfs2.AbstractProviderTestCase.runTest(AbstractProviderTestCase.java:289)
	at junit.framework.TestCase.runBare(TestCase.java:142)
	at junit.framework.TestResult$1.protect(TestResult.java:122)
	at junit.framework.TestResult.runProtected(TestResult.java:142)
	at junit.framework.TestResult.run(TestResult.java:125)
	at junit.framework.TestCase.run(TestCase.java:130)
	at junit.framework.TestSuite.runTest(TestSuite.java:241)
	at junit.framework.TestSuite.run(TestSuite.java:236)
	at org.junit.internal.runners.JUnit38ClassRunner.run(JUnit38ClassRunner.java:90)
	at org.apache.maven.surefire.junit4.JUnit4Provider.execute(JUnit4Provider.java:365)
	at org.apache.maven.surefire.junit4.JUnit4Provider.executeWithRerun(JUnit4Provider.java:273)
	at org.apache.maven.surefire.junit4.JUnit4Provider.executeTestSet(JUnit4Provider.java:238)
	at org.apache.maven.surefire.junit4.JUnit4Provider.invoke(JUnit4Provider.java:159)
	at org.apache.maven.surefire.booter.ForkedBooter.invokeProviderInSameClassLoader(ForkedBooter.java:383)
	at org.apache.maven.surefire.booter.ForkedBooter.runSuitesInProcess(ForkedBooter.java:344)
	at org.apache.maven.surefire.booter.ForkedBooter.execute(ForkedBooter.java:125)
	at org.apache.maven.surefire.booter.ForkedBooter.main(ForkedBooter.java:417)

[ERROR] testSort(org.apache.commons.vfs2.ProviderReadTests)  Time elapsed: 0 s  <<< FAILURE!
java.lang.AssertionError: This test's read folder should not be null
	at org.junit.Assert.fail(Assert.java:89)
	at org.junit.Assert.assertTrue(Assert.java:42)
	at org.junit.Assert.assertNotNull(Assert.java:713)
	at org.apache.commons.vfs2.AbstractProviderTestCase.getFileSystem(AbstractProviderTestCase.java:230)
	at org.apache.commons.vfs2.AbstractProviderTestCase.runTest(AbstractProviderTestCase.java:289)
	at junit.framework.TestCase.runBare(TestCase.java:142)
	at junit.framework.TestResult$1.protect(TestResult.java:122)
	at junit.framework.TestResult.runProtected(TestResult.java:142)
	at junit.framework.TestResult.run(TestResult.java:125)
	at junit.framework.TestCase.run(TestCase.java:130)
	at junit.framework.TestSuite.runTest(TestSuite.java:241)
	at junit.framework.TestSuite.run(TestSuite.java:236)
	at org.junit.internal.runners.JUnit38ClassRunner.run(JUnit38ClassRunner.java:90)
	at org.apache.maven.surefire.junit4.JUnit4Provider.execute(JUnit4Provider.java:365)
	at org.apache.maven.surefire.junit4.JUnit4Provider.executeWithRerun(JUnit4Provider.java:273)
	at org.apache.maven.surefire.junit4.JUnit4Provider.executeTestSet(JUnit4Provider.java:238)
	at org.apache.maven.surefire.junit4.JUnit4Provider.invoke(JUnit4Provider.java:159)
	at org.apache.maven.surefire.booter.ForkedBooter.invokeProviderInSameClassLoader(ForkedBooter.java:383)
	at org.apache.maven.surefire.booter.ForkedBooter.runSuitesInProcess(ForkedBooter.java:344)
	at org.apache.maven.surefire.booter.ForkedBooter.execute(ForkedBooter.java:125)
	at org.apache.maven.surefire.booter.ForkedBooter.main(ForkedBooter.java:417)

[ERROR] testType(org.apache.commons.vfs2.ProviderReadTests)  Time elapsed: 0 s  <<< FAILURE!
java.lang.AssertionError: This test's read folder should not be null
	at org.junit.Assert.fail(Assert.java:89)
	at org.junit.Assert.assertTrue(Assert.java:42)
	at org.junit.Assert.assertNotNull(Assert.java:713)
	at org.apache.commons.vfs2.AbstractProviderTestCase.getFileSystem(AbstractProviderTestCase.java:230)
	at org.apache.commons.vfs2.AbstractProviderTestCase.runTest(AbstractProviderTestCase.java:289)
	at junit.framework.TestCase.runBare(TestCase.java:142)
	at junit.framework.TestResult$1.protect(TestResult.java:122)
	at junit.framework.TestResult.runProtected(TestResult.java:142)
	at junit.framework.TestResult.run(TestResult.java:125)
	at junit.framework.TestCase.run(TestCase.java:130)
	at junit.framework.TestSuite.runTest(TestSuite.java:241)
	at junit.framework.TestSuite.run(TestSuite.java:236)
	at org.junit.internal.runners.JUnit38ClassRunner.run(JUnit38ClassRunner.java:90)
	at org.apache.maven.surefire.junit4.JUnit4Provider.execute(JUnit4Provider.java:365)
	at org.apache.maven.surefire.junit4.JUnit4Provider.executeWithRerun(JUnit4Provider.java:273)
	at org.apache.maven.surefire.junit4.JUnit4Provider.executeTestSet(JUnit4Provider.java:238)
	at org.apache.maven.surefire.junit4.JUnit4Provider.invoke(JUnit4Provider.java:159)
	at org.apache.maven.surefire.booter.ForkedBooter.invokeProviderInSameClassLoader(ForkedBooter.java:383)
	at org.apache.maven.surefire.booter.ForkedBooter.runSuitesInProcess(ForkedBooter.java:344)
	at org.apache.maven.surefire.booter.ForkedBooter.execute(ForkedBooter.java:125)
	at org.apache.maven.surefire.booter.ForkedBooter.main(ForkedBooter.java:417)

[ERROR] testFolderIsHidden(org.apache.commons.vfs2.ProviderReadTests)  Time elapsed: 0 s  <<< FAILURE!
java.lang.AssertionError: This test's read folder should not be null
	at org.junit.Assert.fail(Assert.java:89)
	at org.junit.Assert.assertTrue(Assert.java:42)
	at org.junit.Assert.assertNotNull(Assert.java:713)
	at org.apache.commons.vfs2.AbstractProviderTestCase.getFileSystem(AbstractProviderTestCase.java:230)
	at org.apache.commons.vfs2.AbstractProviderTestCase.runTest(AbstractProviderTestCase.java:289)
	at junit.framework.TestCase.runBare(TestCase.java:142)
	at junit.framework.TestResult$1.protect(TestResult.java:122)
	at junit.framework.TestResult.runProtected(TestResult.java:142)
	at junit.framework.TestResult.run(TestResult.java:125)
	at junit.framework.TestCase.run(TestCase.java:130)
	at junit.framework.TestSuite.runTest(TestSuite.java:241)
	at junit.framework.TestSuite.run(TestSuite.java:236)
	at org.junit.internal.runners.JUnit38ClassRunner.run(JUnit38ClassRunner.java:90)
	at org.apache.maven.surefire.junit4.JUnit4Provider.execute(JUnit4Provider.java:365)
	at org.apache.maven.surefire.junit4.JUnit4Provider.executeWithRerun(JUnit4Provider.java:273)
	at org.apache.maven.surefire.junit4.JUnit4Provider.executeTestSet(JUnit4Provider.java:238)
	at org.apache.maven.surefire.junit4.JUnit4Provider.invoke(JUnit4Provider.java:159)
	at org.apache.maven.surefire.booter.ForkedBooter.invokeProviderInSameClassLoader(ForkedBooter.java:383)
	at org.apache.maven.surefire.booter.ForkedBooter.runSuitesInProcess(ForkedBooter.java:344)
	at org.apache.maven.surefire.booter.ForkedBooter.execute(ForkedBooter.java:125)
	at org.apache.maven.surefire.booter.ForkedBooter.main(ForkedBooter.java:417)

[ERROR] testDotJarFolderNameLayer(org.apache.commons.vfs2.ProviderReadTests)  Time elapsed: 0 s  <<< FAILURE!
java.lang.AssertionError: This test's read folder should not be null
	at org.junit.Assert.fail(Assert.java:89)
	at org.junit.Assert.assertTrue(Assert.java:42)
	at org.junit.Assert.assertNotNull(Assert.java:713)
	at org.apache.commons.vfs2.AbstractProviderTestCase.getFileSystem(AbstractProviderTestCase.java:230)
	at org.apache.commons.vfs2.AbstractProviderTestCase.runTest(AbstractProviderTestCase.java:289)
	at junit.framework.TestCase.runBare(TestCase.java:142)
	at junit.framework.TestResult$1.protect(TestResult.java:122)
	at junit.framework.TestResult.runProtected(TestResult.java:142)
	at junit.framework.TestResult.run(TestResult.java:125)
	at junit.framework.TestCase.run(TestCase.java:130)
	at junit.framework.TestSuite.runTest(TestSuite.java:241)
	at junit.framework.TestSuite.run(TestSuite.java:236)
	at org.junit.internal.runners.JUnit38ClassRunner.run(JUnit38ClassRunner.java:90)
	at org.apache.maven.surefire.junit4.JUnit4Provider.execute(JUnit4Provider.java:365)
	at org.apache.maven.surefire.junit4.JUnit4Provider.executeWithRerun(JUnit4Provider.java:273)
	at org.apache.maven.surefire.junit4.JUnit4Provider.executeTestSet(JUnit4Provider.java:238)
	at org.apache.maven.surefire.junit4.JUnit4Provider.invoke(JUnit4Provider.java:159)
	at org.apache.maven.surefire.booter.ForkedBooter.invokeProviderInSameClassLoader(ForkedBooter.java:383)
	at org.apache.maven.surefire.booter.ForkedBooter.runSuitesInProcess(ForkedBooter.java:344)
	at org.apache.maven.surefire.booter.ForkedBooter.execute(ForkedBooter.java:125)
	at org.apache.maven.surefire.booter.ForkedBooter.main(ForkedBooter.java:417)

[ERROR] testFolderIsSymbolicLink(org.apache.commons.vfs2.ProviderReadTests)  Time elapsed: 0 s  <<< FAILURE!
java.lang.AssertionError: This test's read folder should not be null
	at org.junit.Assert.fail(Assert.java:89)
	at org.junit.Assert.assertTrue(Assert.java:42)
	at org.junit.Assert.assertNotNull(Assert.java:713)
	at org.apache.commons.vfs2.AbstractProviderTestCase.getFileSystem(AbstractProviderTestCase.java:230)
	at org.apache.commons.vfs2.AbstractProviderTestCase.runTest(AbstractProviderTestCase.java:289)
	at junit.framework.TestCase.runBare(TestCase.java:142)
	at junit.framework.TestResult$1.protect(TestResult.java:122)
	at junit.framework.TestResult.runProtected(TestResult.java:142)
	at junit.framework.TestResult.run(TestResult.java:125)
	at junit.framework.TestCase.run(TestCase.java:130)
	at junit.framework.TestSuite.runTest(TestSuite.java:241)
	at junit.framework.TestSuite.run(TestSuite.java:236)
	at org.junit.internal.runners.JUnit38ClassRunner.run(JUnit38ClassRunner.java:90)
	at org.apache.maven.surefire.junit4.JUnit4Provider.execute(JUnit4Provider.java:365)
	at org.apache.maven.surefire.junit4.JUnit4Provider.executeWithRerun(JUnit4Provider.java:273)
	at org.apache.maven.surefire.junit4.JUnit4Provider.executeTestSet(JUnit4Provider.java:238)
	at org.apache.maven.surefire.junit4.JUnit4Provider.invoke(JUnit4Provider.java:159)
	at org.apache.maven.surefire.booter.ForkedBooter.invokeProviderInSameClassLoader(ForkedBooter.java:383)
	at org.apache.maven.surefire.booter.ForkedBooter.runSuitesInProcess(ForkedBooter.java:344)
	at org.apache.maven.surefire.booter.ForkedBooter.execute(ForkedBooter.java:125)
	at org.apache.maven.surefire.booter.ForkedBooter.main(ForkedBooter.java:417)

[ERROR] testConcurrentReadFolder(org.apache.commons.vfs2.ProviderReadTests)  Time elapsed: 0 s  <<< FAILURE!
java.lang.AssertionError: This test's read folder should not be null
	at org.junit.Assert.fail(Assert.java:89)
	at org.junit.Assert.assertTrue(Assert.java:42)
	at org.junit.Assert.assertNotNull(Assert.java:713)
	at org.apache.commons.vfs2.AbstractProviderTestCase.getFileSystem(AbstractProviderTestCase.java:230)
	at org.apache.commons.vfs2.AbstractProviderTestCase.runTest(AbstractProviderTestCase.java:289)
	at junit.framework.TestCase.runBare(TestCase.java:142)
	at junit.framework.TestResult$1.protect(TestResult.java:122)
	at junit.framework.TestResult.runProtected(TestResult.java:142)
	at junit.framework.TestResult.run(TestResult.java:125)
	at junit.framework.TestCase.run(TestCase.java:130)
	at junit.framework.TestSuite.runTest(TestSuite.java:241)
	at junit.framework.TestSuite.run(TestSuite.java:236)
	at org.junit.internal.runners.JUnit38ClassRunner.run(JUnit38ClassRunner.java:90)
	at org.apache.maven.surefire.junit4.JUnit4Provider.execute(JUnit4Provider.java:365)
	at org.apache.maven.surefire.junit4.JUnit4Provider.executeWithRerun(JUnit4Provider.java:273)
	at org.apache.maven.surefire.junit4.JUnit4Provider.executeTestSet(JUnit4Provider.java:238)
	at org.apache.maven.surefire.junit4.JUnit4Provider.invoke(JUnit4Provider.java:159)
	at org.apache.maven.surefire.booter.ForkedBooter.invokeProviderInSameClassLoader(ForkedBooter.java:383)
	at org.apache.maven.surefire.booter.ForkedBooter.runSuitesInProcess(ForkedBooter.java:344)
	at org.apache.maven.surefire.booter.ForkedBooter.execute(ForkedBooter.java:125)
	at org.apache.maven.surefire.booter.ForkedBooter.main(ForkedBooter.java:417)

[ERROR] testReadEmptyMultipleEOF(org.apache.commons.vfs2.ProviderReadTests)  Time elapsed: 0 s  <<< FAILURE!
java.lang.AssertionError: This test's read folder should not be null
	at org.junit.Assert.fail(Assert.java:89)
	at org.junit.Assert.assertTrue(Assert.java:42)
	at org.junit.Assert.assertNotNull(Assert.java:713)
	at org.apache.commons.vfs2.AbstractProviderTestCase.getFileSystem(AbstractProviderTestCase.java:230)
	at org.apache.commons.vfs2.AbstractProviderTestCase.runTest(AbstractProviderTestCase.java:289)
	at junit.framework.TestCase.runBare(TestCase.java:142)
	at junit.framework.TestResult$1.protect(TestResult.java:122)
	at junit.framework.TestResult.runProtected(TestResult.java:142)
	at junit.framework.TestResult.run(TestResult.java:125)
	at junit.framework.TestCase.run(TestCase.java:130)
	at junit.framework.TestSuite.runTest(TestSuite.java:241)
	at junit.framework.TestSuite.run(TestSuite.java:236)
	at org.junit.internal.runners.JUnit38ClassRunner.run(JUnit38ClassRunner.java:90)
	at org.apache.maven.surefire.junit4.JUnit4Provider.execute(JUnit4Provider.java:365)
	at org.apache.maven.surefire.junit4.JUnit4Provider.executeWithRerun(JUnit4Provider.java:273)
	at org.apache.maven.surefire.junit4.JUnit4Provider.executeTestSet(JUnit4Provider.java:238)
	at org.apache.maven.surefire.junit4.JUnit4Provider.invoke(JUnit4Provider.java:159)
	at org.apache.maven.surefire.booter.ForkedBooter.invokeProviderInSameClassLoader(ForkedBooter.java:383)
	at org.apache.maven.surefire.booter.ForkedBooter.runSuitesInProcess(ForkedBooter.java:344)
	at org.apache.maven.surefire.booter.ForkedBooter.execute(ForkedBooter.java:125)
	at org.apache.maven.surefire.booter.ForkedBooter.main(ForkedBooter.java:417)

[ERROR] testStructure(org.apache.commons.vfs2.ProviderReadTests)  Time elapsed: 0 s  <<< FAILURE!
java.lang.AssertionError: This test's read folder should not be null
	at org.junit.Assert.fail(Assert.java:89)
	at org.junit.Assert.assertTrue(Assert.java:42)
	at org.junit.Assert.assertNotNull(Assert.java:713)
	at org.apache.commons.vfs2.AbstractProviderTestCase.getFileSystem(AbstractProviderTestCase.java:230)
	at org.apache.commons.vfs2.AbstractProviderTestCase.runTest(AbstractProviderTestCase.java:289)
	at junit.framework.TestCase.runBare(TestCase.java:142)
	at junit.framework.TestResult$1.protect(TestResult.java:122)
	at junit.framework.TestResult.runProtected(TestResult.java:142)
	at junit.framework.TestResult.run(TestResult.java:125)
	at junit.framework.TestCase.run(TestCase.java:130)
	at junit.framework.TestSuite.runTest(TestSuite.java:241)
	at junit.framework.TestSuite.run(TestSuite.java:236)
	at org.junit.internal.runners.JUnit38ClassRunner.run(JUnit38ClassRunner.java:90)
	at org.apache.maven.surefire.junit4.JUnit4Provider.execute(JUnit4Provider.java:365)
	at org.apache.maven.surefire.junit4.JUnit4Provider.executeWithRerun(JUnit4Provider.java:273)
	at org.apache.maven.surefire.junit4.JUnit4Provider.executeTestSet(JUnit4Provider.java:238)
	at org.apache.maven.surefire.junit4.JUnit4Provider.invoke(JUnit4Provider.java:159)
	at org.apache.maven.surefire.booter.ForkedBooter.invokeProviderInSameClassLoader(ForkedBooter.java:383)
	at org.apache.maven.surefire.booter.ForkedBooter.runSuitesInProcess(ForkedBooter.java:344)
	at org.apache.maven.surefire.booter.ForkedBooter.execute(ForkedBooter.java:125)
	at org.apache.maven.surefire.booter.ForkedBooter.main(ForkedBooter.java:417)

[ERROR] testFindFiles(org.apache.commons.vfs2.ProviderReadTests)  Time elapsed: 0 s  <<< FAILURE!
java.lang.AssertionError: This test's read folder should not be null
	at org.junit.Assert.fail(Assert.java:89)
	at org.junit.Assert.assertTrue(Assert.java:42)
	at org.junit.Assert.assertNotNull(Assert.java:713)
	at org.apache.commons.vfs2.AbstractProviderTestCase.getFileSystem(AbstractProviderTestCase.java:230)
	at org.apache.commons.vfs2.AbstractProviderTestCase.runTest(AbstractProviderTestCase.java:289)
	at junit.framework.TestCase.runBare(TestCase.java:142)
	at junit.framework.TestResult$1.protect(TestResult.java:122)
	at junit.framework.TestResult.runProtected(TestResult.java:142)
	at junit.framework.TestResult.run(TestResult.java:125)
	at junit.framework.TestCase.run(TestCase.java:130)
	at junit.framework.TestSuite.runTest(TestSuite.java:241)
	at junit.framework.TestSuite.run(TestSuite.java:236)
	at org.junit.internal.runners.JUnit38ClassRunner.run(JUnit38ClassRunner.java:90)
	at org.apache.maven.surefire.junit4.JUnit4Provider.execute(JUnit4Provider.java:365)
	at org.apache.maven.surefire.junit4.JUnit4Provider.executeWithRerun(JUnit4Provider.java:273)
	at org.apache.maven.surefire.junit4.JUnit4Provider.executeTestSet(JUnit4Provider.java:238)
	at org.apache.maven.surefire.junit4.JUnit4Provider.invoke(JUnit4Provider.java:159)
	at org.apache.maven.surefire.booter.ForkedBooter.invokeProviderInSameClassLoader(ForkedBooter.java:383)
	at org.apache.maven.surefire.booter.ForkedBooter.runSuitesInProcess(ForkedBooter.java:344)
	at org.apache.maven.surefire.booter.ForkedBooter.execute(ForkedBooter.java:125)
	at org.apache.maven.surefire.booter.ForkedBooter.main(ForkedBooter.java:417)

[ERROR] testGetContent(org.apache.commons.vfs2.ProviderReadTests)  Time elapsed: 0 s  <<< FAILURE!
java.lang.AssertionError: This test's read folder should not be null
	at org.junit.Assert.fail(Assert.java:89)
	at org.junit.Assert.assertTrue(Assert.java:42)
	at org.junit.Assert.assertNotNull(Assert.java:713)
	at org.apache.commons.vfs2.AbstractProviderTestCase.getFileSystem(AbstractProviderTestCase.java:230)
	at org.apache.commons.vfs2.AbstractProviderTestCase.runTest(AbstractProviderTestCase.java:289)
	at junit.framework.TestCase.runBare(TestCase.java:142)
	at junit.framework.TestResult$1.protect(TestResult.java:122)
	at junit.framework.TestResult.runProtected(TestResult.java:142)
	at junit.framework.TestResult.run(TestResult.java:125)
	at junit.framework.TestCase.run(TestCase.java:130)
	at junit.framework.TestSuite.runTest(TestSuite.java:241)
	at junit.framework.TestSuite.run(TestSuite.java:236)
	at org.junit.internal.runners.JUnit38ClassRunner.run(JUnit38ClassRunner.java:90)
	at org.apache.maven.surefire.junit4.JUnit4Provider.execute(JUnit4Provider.java:365)
	at org.apache.maven.surefire.junit4.JUnit4Provider.executeWithRerun(JUnit4Provider.java:273)
	at org.apache.maven.surefire.junit4.JUnit4Provider.executeTestSet(JUnit4Provider.java:238)
	at org.apache.maven.surefire.junit4.JUnit4Provider.invoke(JUnit4Provider.java:159)
	at org.apache.maven.surefire.booter.ForkedBooter.invokeProviderInSameClassLoader(ForkedBooter.java:383)
	at org.apache.maven.surefire.booter.ForkedBooter.runSuitesInProcess(ForkedBooter.java:344)
	at org.apache.maven.surefire.booter.ForkedBooter.execute(ForkedBooter.java:125)
	at org.apache.maven.surefire.booter.ForkedBooter.main(ForkedBooter.java:417)

[ERROR] testFolderContent(org.apache.commons.vfs2.ProviderReadTests)  Time elapsed: 0 s  <<< FAILURE!
java.lang.AssertionError: This test's read folder should not be null
	at org.junit.Assert.fail(Assert.java:89)
	at org.junit.Assert.assertTrue(Assert.java:42)
	at org.junit.Assert.assertNotNull(Assert.java:713)
	at org.apache.commons.vfs2.AbstractProviderTestCase.getFileSystem(AbstractProviderTestCase.java:230)
	at org.apache.commons.vfs2.AbstractProviderTestCase.runTest(AbstractProviderTestCase.java:289)
	at junit.framework.TestCase.runBare(TestCase.java:142)
	at junit.framework.TestResult$1.protect(TestResult.java:122)
	at junit.framework.TestResult.runProtected(TestResult.java:142)
	at junit.framework.TestResult.run(TestResult.java:125)
	at junit.framework.TestCase.run(TestCase.java:130)
	at junit.framework.TestSuite.runTest(TestSuite.java:241)
	at junit.framework.TestSuite.run(TestSuite.java:236)
	at org.junit.internal.runners.JUnit38ClassRunner.run(JUnit38ClassRunner.java:90)
	at org.apache.maven.surefire.junit4.JUnit4Provider.execute(JUnit4Provider.java:365)
	at org.apache.maven.surefire.junit4.JUnit4Provider.executeWithRerun(JUnit4Provider.java:273)
	at org.apache.maven.surefire.junit4.JUnit4Provider.executeTestSet(JUnit4Provider.java:238)
	at org.apache.maven.surefire.junit4.JUnit4Provider.invoke(JUnit4Provider.java:159)
	at org.apache.maven.surefire.booter.ForkedBooter.invokeProviderInSameClassLoader(ForkedBooter.java:383)
	at org.apache.maven.surefire.booter.ForkedBooter.runSuitesInProcess(ForkedBooter.java:344)
	at org.apache.maven.surefire.booter.ForkedBooter.execute(ForkedBooter.java:125)
	at org.apache.maven.surefire.booter.ForkedBooter.main(ForkedBooter.java:417)

[ERROR] testFolderIsReadable(org.apache.commons.vfs2.ProviderReadTests)  Time elapsed: 0 s  <<< FAILURE!
java.lang.AssertionError: This test's read folder should not be null
	at org.junit.Assert.fail(Assert.java:89)
	at org.junit.Assert.assertTrue(Assert.java:42)
	at org.junit.Assert.assertNotNull(Assert.java:713)
	at org.apache.commons.vfs2.AbstractProviderTestCase.getFileSystem(AbstractProviderTestCase.java:230)
	at org.apache.commons.vfs2.AbstractProviderTestCase.runTest(AbstractProviderTestCase.java:289)
	at junit.framework.TestCase.runBare(TestCase.java:142)
	at junit.framework.TestResult$1.protect(TestResult.java:122)
	at junit.framework.TestResult.runProtected(TestResult.java:142)
	at junit.framework.TestResult.run(TestResult.java:125)
	at junit.framework.TestCase.run(TestCase.java:130)
	at junit.framework.TestSuite.runTest(TestSuite.java:241)
	at junit.framework.TestSuite.run(TestSuite.java:236)
	at org.junit.internal.runners.JUnit38ClassRunner.run(JUnit38ClassRunner.java:90)
	at org.apache.maven.surefire.junit4.JUnit4Provider.execute(JUnit4Provider.java:365)
	at org.apache.maven.surefire.junit4.JUnit4Provider.executeWithRerun(JUnit4Provider.java:273)
	at org.apache.maven.surefire.junit4.JUnit4Provider.executeTestSet(JUnit4Provider.java:238)
	at org.apache.maven.surefire.junit4.JUnit4Provider.invoke(JUnit4Provider.java:159)
	at org.apache.maven.surefire.booter.ForkedBooter.invokeProviderInSameClassLoader(ForkedBooter.java:383)
	at org.apache.maven.surefire.booter.ForkedBooter.runSuitesInProcess(ForkedBooter.java:344)
	at org.apache.maven.surefire.booter.ForkedBooter.execute(ForkedBooter.java:125)
	at org.apache.maven.surefire.booter.ForkedBooter.main(ForkedBooter.java:417)

[ERROR] testGetContentInfo(org.apache.commons.vfs2.ProviderReadTests)  Time elapsed: 0 s  <<< FAILURE!
java.lang.AssertionError: This test's read folder should not be null
	at org.junit.Assert.fail(Assert.java:89)
	at org.junit.Assert.assertTrue(Assert.java:42)
	at org.junit.Assert.assertNotNull(Assert.java:713)
	at org.apache.commons.vfs2.AbstractProviderTestCase.getFileSystem(AbstractProviderTestCase.java:230)
	at org.apache.commons.vfs2.AbstractProviderTestCase.runTest(AbstractProviderTestCase.java:289)
	at junit.framework.TestCase.runBare(TestCase.java:142)
	at junit.framework.TestResult$1.protect(TestResult.java:122)
	at junit.framework.TestResult.runProtected(TestResult.java:142)
	at junit.framework.TestResult.run(TestResult.java:125)
	at junit.framework.TestCase.run(TestCase.java:130)
	at junit.framework.TestSuite.runTest(TestSuite.java:241)
	at junit.framework.TestSuite.run(TestSuite.java:236)
	at org.junit.internal.runners.JUnit38ClassRunner.run(JUnit38ClassRunner.java:90)
	at org.apache.maven.surefire.junit4.JUnit4Provider.execute(JUnit4Provider.java:365)
	at org.apache.maven.surefire.junit4.JUnit4Provider.executeWithRerun(JUnit4Provider.java:273)
	at org.apache.maven.surefire.junit4.JUnit4Provider.executeTestSet(JUnit4Provider.java:238)
	at org.apache.maven.surefire.junit4.JUnit4Provider.invoke(JUnit4Provider.java:159)
	at org.apache.maven.surefire.booter.ForkedBooter.invokeProviderInSameClassLoader(ForkedBooter.java:383)
	at org.apache.maven.surefire.booter.ForkedBooter.runSuitesInProcess(ForkedBooter.java:344)
	at org.apache.maven.surefire.booter.ForkedBooter.execute(ForkedBooter.java:125)
	at org.apache.maven.surefire.booter.ForkedBooter.main(ForkedBooter.java:417)

[INFO] Running org.apache.commons.vfs2.LastModifiedTests
[ERROR] Tests run: 5, Failures: 5, Errors: 0, Skipped: 0, Time elapsed: 0 s <<< FAILURE! - in org.apache.commons.vfs2.LastModifiedTests
[ERROR] testSetLastModifiedFile(org.apache.commons.vfs2.LastModifiedTests)  Time elapsed: 0 s  <<< FAILURE!
java.lang.AssertionError: This test's read folder should not be null
	at org.junit.Assert.fail(Assert.java:89)
	at org.junit.Assert.assertTrue(Assert.java:42)
	at org.junit.Assert.assertNotNull(Assert.java:713)
	at org.apache.commons.vfs2.AbstractProviderTestCase.getFileSystem(AbstractProviderTestCase.java:230)
	at org.apache.commons.vfs2.AbstractProviderTestCase.runTest(AbstractProviderTestCase.java:289)
	at junit.framework.TestCase.runBare(TestCase.java:142)
	at junit.framework.TestResult$1.protect(TestResult.java:122)
	at junit.framework.TestResult.runProtected(TestResult.java:142)
	at junit.framework.TestResult.run(TestResult.java:125)
	at junit.framework.TestCase.run(TestCase.java:130)
	at junit.framework.TestSuite.runTest(TestSuite.java:241)
	at junit.framework.TestSuite.run(TestSuite.java:236)
	at org.junit.internal.runners.JUnit38ClassRunner.run(JUnit38ClassRunner.java:90)
	at org.apache.maven.surefire.junit4.JUnit4Provider.execute(JUnit4Provider.java:365)
	at org.apache.maven.surefire.junit4.JUnit4Provider.executeWithRerun(JUnit4Provider.java:273)
	at org.apache.maven.surefire.junit4.JUnit4Provider.executeTestSet(JUnit4Provider.java:238)
	at org.apache.maven.surefire.junit4.JUnit4Provider.invoke(JUnit4Provider.java:159)
	at org.apache.maven.surefire.booter.ForkedBooter.invokeProviderInSameClassLoader(ForkedBooter.java:383)
	at org.apache.maven.surefire.booter.ForkedBooter.runSuitesInProcess(ForkedBooter.java:344)
	at org.apache.maven.surefire.booter.ForkedBooter.execute(ForkedBooter.java:125)
	at org.apache.maven.surefire.booter.ForkedBooter.main(ForkedBooter.java:417)

[ERROR] testGetAccurary(org.apache.commons.vfs2.LastModifiedTests)  Time elapsed: 0 s  <<< FAILURE!
java.lang.AssertionError: This test's read folder should not be null
	at org.junit.Assert.fail(Assert.java:89)
	at org.junit.Assert.assertTrue(Assert.java:42)
	at org.junit.Assert.assertNotNull(Assert.java:713)
	at org.apache.commons.vfs2.AbstractProviderTestCase.getFileSystem(AbstractProviderTestCase.java:230)
	at org.apache.commons.vfs2.AbstractProviderTestCase.runTest(AbstractProviderTestCase.java:289)
	at junit.framework.TestCase.runBare(TestCase.java:142)
	at junit.framework.TestResult$1.protect(TestResult.java:122)
	at junit.framework.TestResult.runProtected(TestResult.java:142)
	at junit.framework.TestResult.run(TestResult.java:125)
	at junit.framework.TestCase.run(TestCase.java:130)
	at junit.framework.TestSuite.runTest(TestSuite.java:241)
	at junit.framework.TestSuite.run(TestSuite.java:236)
	at org.junit.internal.runners.JUnit38ClassRunner.run(JUnit38ClassRunner.java:90)
	at org.apache.maven.surefire.junit4.JUnit4Provider.execute(JUnit4Provider.java:365)
	at org.apache.maven.surefire.junit4.JUnit4Provider.executeWithRerun(JUnit4Provider.java:273)
	at org.apache.maven.surefire.junit4.JUnit4Provider.executeTestSet(JUnit4Provider.java:238)
	at org.apache.maven.surefire.junit4.JUnit4Provider.invoke(JUnit4Provider.java:159)
	at org.apache.maven.surefire.booter.ForkedBooter.invokeProviderInSameClassLoader(ForkedBooter.java:383)
	at org.apache.maven.surefire.booter.ForkedBooter.runSuitesInProcess(ForkedBooter.java:344)
	at org.apache.maven.surefire.booter.ForkedBooter.execute(ForkedBooter.java:125)
	at org.apache.maven.surefire.booter.ForkedBooter.main(ForkedBooter.java:417)

[ERROR] testGetLastModifiedFile(org.apache.commons.vfs2.LastModifiedTests)  Time elapsed: 0 s  <<< FAILURE!
java.lang.AssertionError: This test's read folder should not be null
	at org.junit.Assert.fail(Assert.java:89)
	at org.junit.Assert.assertTrue(Assert.java:42)
	at org.junit.Assert.assertNotNull(Assert.java:713)
	at org.apache.commons.vfs2.AbstractProviderTestCase.getFileSystem(AbstractProviderTestCase.java:230)
	at org.apache.commons.vfs2.AbstractProviderTestCase.runTest(AbstractProviderTestCase.java:289)
	at junit.framework.TestCase.runBare(TestCase.java:142)
	at junit.framework.TestResult$1.protect(TestResult.java:122)
	at junit.framework.TestResult.runProtected(TestResult.java:142)
	at junit.framework.TestResult.run(TestResult.java:125)
	at junit.framework.TestCase.run(TestCase.java:130)
	at junit.framework.TestSuite.runTest(TestSuite.java:241)
	at junit.framework.TestSuite.run(TestSuite.java:236)
	at org.junit.internal.runners.JUnit38ClassRunner.run(JUnit38ClassRunner.java:90)
	at org.apache.maven.surefire.junit4.JUnit4Provider.execute(JUnit4Provider.java:365)
	at org.apache.maven.surefire.junit4.JUnit4Provider.executeWithRerun(JUnit4Provider.java:273)
	at org.apache.maven.surefire.junit4.JUnit4Provider.executeTestSet(JUnit4Provider.java:238)
	at org.apache.maven.surefire.junit4.JUnit4Provider.invoke(JUnit4Provider.java:159)
	at org.apache.maven.surefire.booter.ForkedBooter.invokeProviderInSameClassLoader(ForkedBooter.java:383)
	at org.apache.maven.surefire.booter.ForkedBooter.runSuitesInProcess(ForkedBooter.java:344)
	at org.apache.maven.surefire.booter.ForkedBooter.execute(ForkedBooter.java:125)
	at org.apache.maven.surefire.booter.ForkedBooter.main(ForkedBooter.java:417)

[ERROR] testSetLastModifiedFolder(org.apache.commons.vfs2.LastModifiedTests)  Time elapsed: 0 s  <<< FAILURE!
java.lang.AssertionError: This test's read folder should not be null
	at org.junit.Assert.fail(Assert.java:89)
	at org.junit.Assert.assertTrue(Assert.java:42)
	at org.junit.Assert.assertNotNull(Assert.java:713)
	at org.apache.commons.vfs2.AbstractProviderTestCase.getFileSystem(AbstractProviderTestCase.java:230)
	at org.apache.commons.vfs2.AbstractProviderTestCase.runTest(AbstractProviderTestCase.java:289)
	at junit.framework.TestCase.runBare(TestCase.java:142)
	at junit.framework.TestResult$1.protect(TestResult.java:122)
	at junit.framework.TestResult.runProtected(TestResult.java:142)
	at junit.framework.TestResult.run(TestResult.java:125)
	at junit.framework.TestCase.run(TestCase.java:130)
	at junit.framework.TestSuite.runTest(TestSuite.java:241)
	at junit.framework.TestSuite.run(TestSuite.java:236)
	at org.junit.internal.runners.JUnit38ClassRunner.run(JUnit38ClassRunner.java:90)
	at org.apache.maven.surefire.junit4.JUnit4Provider.execute(JUnit4Provider.java:365)
	at org.apache.maven.surefire.junit4.JUnit4Provider.executeWithRerun(JUnit4Provider.java:273)
	at org.apache.maven.surefire.junit4.JUnit4Provider.executeTestSet(JUnit4Provider.java:238)
	at org.apache.maven.surefire.junit4.JUnit4Provider.invoke(JUnit4Provider.java:159)
	at org.apache.maven.surefire.booter.ForkedBooter.invokeProviderInSameClassLoader(ForkedBooter.java:383)
	at org.apache.maven.surefire.booter.ForkedBooter.runSuitesInProcess(ForkedBooter.java:344)
	at org.apache.maven.surefire.booter.ForkedBooter.execute(ForkedBooter.java:125)
	at org.apache.maven.surefire.booter.ForkedBooter.main(ForkedBooter.java:417)

[ERROR] testGetLastModifiedFolder(org.apache.commons.vfs2.LastModifiedTests)  Time elapsed: 0 s  <<< FAILURE!
java.lang.AssertionError: This test's read folder should not be null
	at org.junit.Assert.fail(Assert.java:89)
	at org.junit.Assert.assertTrue(Assert.java:42)
	at org.junit.Assert.assertNotNull(Assert.java:713)
	at org.apache.commons.vfs2.AbstractProviderTestCase.getFileSystem(AbstractProviderTestCase.java:230)
	at org.apache.commons.vfs2.AbstractProviderTestCase.runTest(AbstractProviderTestCase.java:289)
	at junit.framework.TestCase.runBare(TestCase.java:142)
	at junit.framework.TestResult$1.protect(TestResult.java:122)
	at junit.framework.TestResult.runProtected(TestResult.java:142)
	at junit.framework.TestResult.run(TestResult.java:125)
	at junit.framework.TestCase.run(TestCase.java:130)
	at junit.framework.TestSuite.runTest(TestSuite.java:241)
	at junit.framework.TestSuite.run(TestSuite.java:236)
	at org.junit.internal.runners.JUnit38ClassRunner.run(JUnit38ClassRunner.java:90)
	at org.apache.maven.surefire.junit4.JUnit4Provider.execute(JUnit4Provider.java:365)
	at org.apache.maven.surefire.junit4.JUnit4Provider.executeWithRerun(JUnit4Provider.java:273)
	at org.apache.maven.surefire.junit4.JUnit4Provider.executeTestSet(JUnit4Provider.java:238)
	at org.apache.maven.surefire.junit4.JUnit4Provider.invoke(JUnit4Provider.java:159)
	at org.apache.maven.surefire.booter.ForkedBooter.invokeProviderInSameClassLoader(ForkedBooter.java:383)
	at org.apache.maven.surefire.booter.ForkedBooter.runSuitesInProcess(ForkedBooter.java:344)
	at org.apache.maven.surefire.booter.ForkedBooter.execute(ForkedBooter.java:125)
	at org.apache.maven.surefire.booter.ForkedBooter.main(ForkedBooter.java:417)

[INFO] Running org.apache.commons.vfs2.UrlTests
[ERROR] Tests run: 5, Failures: 5, Errors: 0, Skipped: 0, Time elapsed: 0 s <<< FAILURE! - in org.apache.commons.vfs2.UrlTests
[ERROR] testReservedCharacter_Space(org.apache.commons.vfs2.UrlTests)  Time elapsed: 0 s  <<< FAILURE!
java.lang.AssertionError: This test's read folder should not be null
	at org.junit.Assert.fail(Assert.java:89)
	at org.junit.Assert.assertTrue(Assert.java:42)
	at org.junit.Assert.assertNotNull(Assert.java:713)
	at org.apache.commons.vfs2.AbstractProviderTestCase.getFileSystem(AbstractProviderTestCase.java:230)
	at org.apache.commons.vfs2.AbstractProviderTestCase.runTest(AbstractProviderTestCase.java:289)
	at junit.framework.TestCase.runBare(TestCase.java:142)
	at junit.framework.TestResult$1.protect(TestResult.java:122)
	at junit.framework.TestResult.runProtected(TestResult.java:142)
	at junit.framework.TestResult.run(TestResult.java:125)
	at junit.framework.TestCase.run(TestCase.java:130)
	at junit.framework.TestSuite.runTest(TestSuite.java:241)
	at junit.framework.TestSuite.run(TestSuite.java:236)
	at org.junit.internal.runners.JUnit38ClassRunner.run(JUnit38ClassRunner.java:90)
	at org.apache.maven.surefire.junit4.JUnit4Provider.execute(JUnit4Provider.java:365)
	at org.apache.maven.surefire.junit4.JUnit4Provider.executeWithRerun(JUnit4Provider.java:273)
	at org.apache.maven.surefire.junit4.JUnit4Provider.executeTestSet(JUnit4Provider.java:238)
	at org.apache.maven.surefire.junit4.JUnit4Provider.invoke(JUnit4Provider.java:159)
	at org.apache.maven.surefire.booter.ForkedBooter.invokeProviderInSameClassLoader(ForkedBooter.java:383)
	at org.apache.maven.surefire.booter.ForkedBooter.runSuitesInProcess(ForkedBooter.java:344)
	at org.apache.maven.surefire.booter.ForkedBooter.execute(ForkedBooter.java:125)
	at org.apache.maven.surefire.booter.ForkedBooter.main(ForkedBooter.java:417)

[ERROR] testURL(org.apache.commons.vfs2.UrlTests)  Time elapsed: 0 s  <<< FAILURE!
java.lang.AssertionError: This test's read folder should not be null
	at org.junit.Assert.fail(Assert.java:89)
	at org.junit.Assert.assertTrue(Assert.java:42)
	at org.junit.Assert.assertNotNull(Assert.java:713)
	at org.apache.commons.vfs2.AbstractProviderTestCase.getFileSystem(AbstractProviderTestCase.java:230)
	at org.apache.commons.vfs2.AbstractProviderTestCase.runTest(AbstractProviderTestCase.java:289)
	at junit.framework.TestCase.runBare(TestCase.java:142)
	at junit.framework.TestResult$1.protect(TestResult.java:122)
	at junit.framework.TestResult.runProtected(TestResult.java:142)
	at junit.framework.TestResult.run(TestResult.java:125)
	at junit.framework.TestCase.run(TestCase.java:130)
	at junit.framework.TestSuite.runTest(TestSuite.java:241)
	at junit.framework.TestSuite.run(TestSuite.java:236)
	at org.junit.internal.runners.JUnit38ClassRunner.run(JUnit38ClassRunner.java:90)
	at org.apache.maven.surefire.junit4.JUnit4Provider.execute(JUnit4Provider.java:365)
	at org.apache.maven.surefire.junit4.JUnit4Provider.executeWithRerun(JUnit4Provider.java:273)
	at org.apache.maven.surefire.junit4.JUnit4Provider.executeTestSet(JUnit4Provider.java:238)
	at org.apache.maven.surefire.junit4.JUnit4Provider.invoke(JUnit4Provider.java:159)
	at org.apache.maven.surefire.booter.ForkedBooter.invokeProviderInSameClassLoader(ForkedBooter.java:383)
	at org.apache.maven.surefire.booter.ForkedBooter.runSuitesInProcess(ForkedBooter.java:344)
	at org.apache.maven.surefire.booter.ForkedBooter.execute(ForkedBooter.java:125)
	at org.apache.maven.surefire.booter.ForkedBooter.main(ForkedBooter.java:417)

[ERROR] testUnknownURL(org.apache.commons.vfs2.UrlTests)  Time elapsed: 0 s  <<< FAILURE!
java.lang.AssertionError: This test's read folder should not be null
	at org.junit.Assert.fail(Assert.java:89)
	at org.junit.Assert.assertTrue(Assert.java:42)
	at org.junit.Assert.assertNotNull(Assert.java:713)
	at org.apache.commons.vfs2.AbstractProviderTestCase.getFileSystem(AbstractProviderTestCase.java:230)
	at org.apache.commons.vfs2.AbstractProviderTestCase.runTest(AbstractProviderTestCase.java:289)
	at junit.framework.TestCase.runBare(TestCase.java:142)
	at junit.framework.TestResult$1.protect(TestResult.java:122)
	at junit.framework.TestResult.runProtected(TestResult.java:142)
	at junit.framework.TestResult.run(TestResult.java:125)
	at junit.framework.TestCase.run(TestCase.java:130)
	at junit.framework.TestSuite.runTest(TestSuite.java:241)
	at junit.framework.TestSuite.run(TestSuite.java:236)
	at org.junit.internal.runners.JUnit38ClassRunner.run(JUnit38ClassRunner.java:90)
	at org.apache.maven.surefire.junit4.JUnit4Provider.execute(JUnit4Provider.java:365)
	at org.apache.maven.surefire.junit4.JUnit4Provider.executeWithRerun(JUnit4Provider.java:273)
	at org.apache.maven.surefire.junit4.JUnit4Provider.executeTestSet(JUnit4Provider.java:238)
	at org.apache.maven.surefire.junit4.JUnit4Provider.invoke(JUnit4Provider.java:159)
	at org.apache.maven.surefire.booter.ForkedBooter.invokeProviderInSameClassLoader(ForkedBooter.java:383)
	at org.apache.maven.surefire.booter.ForkedBooter.runSuitesInProcess(ForkedBooter.java:344)
	at org.apache.maven.surefire.booter.ForkedBooter.execute(ForkedBooter.java:125)
	at org.apache.maven.surefire.booter.ForkedBooter.main(ForkedBooter.java:417)

[ERROR] testURLContentProvider(org.apache.commons.vfs2.UrlTests)  Time elapsed: 0 s  <<< FAILURE!
java.lang.AssertionError: This test's read folder should not be null
	at org.junit.Assert.fail(Assert.java:89)
	at org.junit.Assert.assertTrue(Assert.java:42)
	at org.junit.Assert.assertNotNull(Assert.java:713)
	at org.apache.commons.vfs2.AbstractProviderTestCase.getFileSystem(AbstractProviderTestCase.java:230)
	at org.apache.commons.vfs2.AbstractProviderTestCase.runTest(AbstractProviderTestCase.java:289)
	at junit.framework.TestCase.runBare(TestCase.java:142)
	at junit.framework.TestResult$1.protect(TestResult.java:122)
	at junit.framework.TestResult.runProtected(TestResult.java:142)
	at junit.framework.TestResult.run(TestResult.java:125)
	at junit.framework.TestCase.run(TestCase.java:130)
	at junit.framework.TestSuite.runTest(TestSuite.java:241)
	at junit.framework.TestSuite.run(TestSuite.java:236)
	at org.junit.internal.runners.JUnit38ClassRunner.run(JUnit38ClassRunner.java:90)
	at org.apache.maven.surefire.junit4.JUnit4Provider.execute(JUnit4Provider.java:365)
	at org.apache.maven.surefire.junit4.JUnit4Provider.executeWithRerun(JUnit4Provider.java:273)
	at org.apache.maven.surefire.junit4.JUnit4Provider.executeTestSet(JUnit4Provider.java:238)
	at org.apache.maven.surefire.junit4.JUnit4Provider.invoke(JUnit4Provider.java:159)
	at org.apache.maven.surefire.booter.ForkedBooter.invokeProviderInSameClassLoader(ForkedBooter.java:383)
	at org.apache.maven.surefire.booter.ForkedBooter.runSuitesInProcess(ForkedBooter.java:344)
	at org.apache.maven.surefire.booter.ForkedBooter.execute(ForkedBooter.java:125)
	at org.apache.maven.surefire.booter.ForkedBooter.main(ForkedBooter.java:417)

[ERROR] testURLContent(org.apache.commons.vfs2.UrlTests)  Time elapsed: 0 s  <<< FAILURE!
java.lang.AssertionError: This test's read folder should not be null
	at org.junit.Assert.fail(Assert.java:89)
	at org.junit.Assert.assertTrue(Assert.java:42)
	at org.junit.Assert.assertNotNull(Assert.java:713)
	at org.apache.commons.vfs2.AbstractProviderTestCase.getFileSystem(AbstractProviderTestCase.java:230)
	at org.apache.commons.vfs2.AbstractProviderTestCase.runTest(AbstractProviderTestCase.java:289)
	at junit.framework.TestCase.runBare(TestCase.java:142)
	at junit.framework.TestResult$1.protect(TestResult.java:122)
	at junit.framework.TestResult.runProtected(TestResult.java:142)
	at junit.framework.TestResult.run(TestResult.java:125)
	at junit.framework.TestCase.run(TestCase.java:130)
	at junit.framework.TestSuite.runTest(TestSuite.java:241)
	at junit.framework.TestSuite.run(TestSuite.java:236)
	at org.junit.internal.runners.JUnit38ClassRunner.run(JUnit38ClassRunner.java:90)
	at org.apache.maven.surefire.junit4.JUnit4Provider.execute(JUnit4Provider.java:365)
	at org.apache.maven.surefire.junit4.JUnit4Provider.executeWithRerun(JUnit4Provider.java:273)
	at org.apache.maven.surefire.junit4.JUnit4Provider.executeTestSet(JUnit4Provider.java:238)
	at org.apache.maven.surefire.junit4.JUnit4Provider.invoke(JUnit4Provider.java:159)
	at org.apache.maven.surefire.booter.ForkedBooter.invokeProviderInSameClassLoader(ForkedBooter.java:383)
	at org.apache.maven.surefire.booter.ForkedBooter.runSuitesInProcess(ForkedBooter.java:344)
	at org.apache.maven.surefire.booter.ForkedBooter.execute(ForkedBooter.java:125)
	at org.apache.maven.surefire.booter.ForkedBooter.main(ForkedBooter.java:417)

[INFO] Running org.apache.commons.vfs2.FileTypeTest
[INFO] Tests run: 5, Failures: 0, Errors: 0, Skipped: 0, Time elapsed: 0 s - in org.apache.commons.vfs2.FileTypeTest
[INFO] Running org.apache.commons.vfs2.ProviderWriteAppendTests
[ERROR] Tests run: 1, Failures: 1, Errors: 0, Skipped: 0, Time elapsed: 0 s <<< FAILURE! - in org.apache.commons.vfs2.ProviderWriteAppendTests
[ERROR] testAppendContent(org.apache.commons.vfs2.ProviderWriteAppendTests)  Time elapsed: 0 s  <<< FAILURE!
java.lang.AssertionError: This test's read folder should not be null
	at org.junit.Assert.fail(Assert.java:89)
	at org.junit.Assert.assertTrue(Assert.java:42)
	at org.junit.Assert.assertNotNull(Assert.java:713)
	at org.apache.commons.vfs2.AbstractProviderTestCase.getFileSystem(AbstractProviderTestCase.java:230)
	at org.apache.commons.vfs2.AbstractProviderTestCase.runTest(AbstractProviderTestCase.java:289)
	at junit.framework.TestCase.runBare(TestCase.java:142)
	at junit.framework.TestResult$1.protect(TestResult.java:122)
	at junit.framework.TestResult.runProtected(TestResult.java:142)
	at junit.framework.TestResult.run(TestResult.java:125)
	at junit.framework.TestCase.run(TestCase.java:130)
	at junit.framework.TestSuite.runTest(TestSuite.java:241)
	at junit.framework.TestSuite.run(TestSuite.java:236)
	at org.junit.internal.runners.JUnit38ClassRunner.run(JUnit38ClassRunner.java:90)
	at org.apache.maven.surefire.junit4.JUnit4Provider.execute(JUnit4Provider.java:365)
	at org.apache.maven.surefire.junit4.JUnit4Provider.executeWithRerun(JUnit4Provider.java:273)
	at org.apache.maven.surefire.junit4.JUnit4Provider.executeTestSet(JUnit4Provider.java:238)
	at org.apache.maven.surefire.junit4.JUnit4Provider.invoke(JUnit4Provider.java:159)
	at org.apache.maven.surefire.booter.ForkedBooter.invokeProviderInSameClassLoader(ForkedBooter.java:383)
	at org.apache.maven.surefire.booter.ForkedBooter.runSuitesInProcess(ForkedBooter.java:344)
	at org.apache.maven.surefire.booter.ForkedBooter.execute(ForkedBooter.java:125)
	at org.apache.maven.surefire.booter.ForkedBooter.main(ForkedBooter.java:417)

[INFO] Running org.apache.commons.vfs2.FileSystemManagerFactoryTestCase
[ERROR] Tests run: 1, Failures: 0, Errors: 1, Skipped: 0, Time elapsed: 0 s <<< FAILURE! - in org.apache.commons.vfs2.FileSystemManagerFactoryTestCase
[ERROR] testDefaultInstance(org.apache.commons.vfs2.FileSystemManagerFactoryTestCase)  Time elapsed: 0 s  <<< ERROR!
org.apache.commons.vfs2.FileSystemException: Could not find a file provider that can handle file "file:///sfs/weka/scratch/wxw9rr/artifact/RQ3/OE25-DEV/commons-vfs-2.9.0/commons-vfs2/target/test-classes/test-data/test.jar".
	at org.apache.commons.vfs2.FileSystemException.requireNonNull(FileSystemException.java:88)
	at org.apache.commons.vfs2.impl.DefaultFileSystemManager.createFileSystem(DefaultFileSystemManager.java:435)
	at org.apache.commons.vfs2.FileSystemManagerFactoryTestCase.check(FileSystemManagerFactoryTestCase.java:35)
	at org.apache.commons.vfs2.FileSystemManagerFactoryTestCase.testDefaultInstance(FileSystemManagerFactoryTestCase.java:54)
	at java.base/jdk.internal.reflect.NativeMethodAccessorImpl.invoke0(Native Method)
	at java.base/jdk.internal.reflect.NativeMethodAccessorImpl.invoke(NativeMethodAccessorImpl.java:77)
	at java.base/jdk.internal.reflect.DelegatingMethodAccessorImpl.invoke(DelegatingMethodAccessorImpl.java:43)
	at java.base/java.lang.reflect.Method.invoke(Method.java:569)
	at junit.framework.TestCase.runTest(TestCase.java:177)
	at junit.framework.TestCase.runBare(TestCase.java:142)
	at junit.framework.TestResult$1.protect(TestResult.java:122)
	at junit.framework.TestResult.runProtected(TestResult.java:142)
	at junit.framework.TestResult.run(TestResult.java:125)
	at junit.framework.TestCase.run(TestCase.java:130)
	at junit.framework.TestSuite.runTest(TestSuite.java:241)
	at junit.framework.TestSuite.run(TestSuite.java:236)
	at org.junit.internal.runners.JUnit38ClassRunner.run(JUnit38ClassRunner.java:90)
	at org.apache.maven.surefire.junit4.JUnit4Provider.execute(JUnit4Provider.java:365)
	at org.apache.maven.surefire.junit4.JUnit4Provider.executeWithRerun(JUnit4Provider.java:273)
	at org.apache.maven.surefire.junit4.JUnit4Provider.executeTestSet(JUnit4Provider.java:238)
	at org.apache.maven.surefire.junit4.JUnit4Provider.invoke(JUnit4Provider.java:159)
	at org.apache.maven.surefire.booter.ForkedBooter.invokeProviderInSameClassLoader(ForkedBooter.java:383)
	at org.apache.maven.surefire.booter.ForkedBooter.runSuitesInProcess(ForkedBooter.java:344)
	at org.apache.maven.surefire.booter.ForkedBooter.execute(ForkedBooter.java:125)
	at org.apache.maven.surefire.booter.ForkedBooter.main(ForkedBooter.java:417)

[INFO] Running org.apache.commons.vfs2.ContentTests
[ERROR] Tests run: 19, Failures: 0, Errors: 19, Skipped: 0, Time elapsed: 0.001 s <<< FAILURE! - in org.apache.commons.vfs2.ContentTests
[ERROR] testInputStreamSingleCleanup(org.apache.commons.vfs2.ContentTests)  Time elapsed: 0 s  <<< ERROR!
java.lang.NullPointerException: Cannot invoke "org.apache.commons.vfs2.FileObject.resolveFile(String)" because the return value of "org.apache.commons.vfs2.ContentTests.getReadFolder()" is null
	at org.apache.commons.vfs2.ContentTests.testInputStreamSingleCleanup(ContentTests.java:222)
	at java.base/jdk.internal.reflect.NativeMethodAccessorImpl.invoke0(Native Method)
	at java.base/jdk.internal.reflect.NativeMethodAccessorImpl.invoke(NativeMethodAccessorImpl.java:77)
	at java.base/jdk.internal.reflect.DelegatingMethodAccessorImpl.invoke(DelegatingMethodAccessorImpl.java:43)
	at java.base/java.lang.reflect.Method.invoke(Method.java:569)
	at junit.framework.TestCase.runTest(TestCase.java:177)
	at org.apache.commons.vfs2.AbstractProviderTestCase.runTest(AbstractProviderTestCase.java:309)
	at junit.framework.TestCase.runBare(TestCase.java:142)
	at junit.framework.TestResult$1.protect(TestResult.java:122)
	at junit.framework.TestResult.runProtected(TestResult.java:142)
	at junit.framework.TestResult.run(TestResult.java:125)
	at junit.framework.TestCase.run(TestCase.java:130)
	at junit.framework.TestSuite.runTest(TestSuite.java:241)
	at junit.framework.TestSuite.run(TestSuite.java:236)
	at org.junit.internal.runners.JUnit38ClassRunner.run(JUnit38ClassRunner.java:90)
	at org.apache.maven.surefire.junit4.JUnit4Provider.execute(JUnit4Provider.java:365)
	at org.apache.maven.surefire.junit4.JUnit4Provider.executeWithRerun(JUnit4Provider.java:273)
	at org.apache.maven.surefire.junit4.JUnit4Provider.executeTestSet(JUnit4Provider.java:238)
	at org.apache.maven.surefire.junit4.JUnit4Provider.invoke(JUnit4Provider.java:159)
	at org.apache.maven.surefire.booter.ForkedBooter.invokeProviderInSameClassLoader(ForkedBooter.java:383)
	at org.apache.maven.surefire.booter.ForkedBooter.runSuitesInProcess(ForkedBooter.java:344)
	at org.apache.maven.surefire.booter.ForkedBooter.execute(ForkedBooter.java:125)
	at org.apache.maven.surefire.booter.ForkedBooter.main(ForkedBooter.java:417)

[ERROR] testInputStreamReadAll(org.apache.commons.vfs2.ContentTests)  Time elapsed: 0 s  <<< ERROR!
java.lang.NullPointerException: Cannot invoke "org.apache.commons.vfs2.FileObject.resolveFile(String)" because the return value of "org.apache.commons.vfs2.ContentTests.getReadFolder()" is null
	at org.apache.commons.vfs2.ContentTests.testInputStreamReadAll(ContentTests.java:206)
	at java.base/jdk.internal.reflect.NativeMethodAccessorImpl.invoke0(Native Method)
	at java.base/jdk.internal.reflect.NativeMethodAccessorImpl.invoke(NativeMethodAccessorImpl.java:77)
	at java.base/jdk.internal.reflect.DelegatingMethodAccessorImpl.invoke(DelegatingMethodAccessorImpl.java:43)
	at java.base/java.lang.reflect.Method.invoke(Method.java:569)
	at junit.framework.TestCase.runTest(TestCase.java:177)
	at org.apache.commons.vfs2.AbstractProviderTestCase.runTest(AbstractProviderTestCase.java:309)
	at junit.framework.TestCase.runBare(TestCase.java:142)
	at junit.framework.TestResult$1.protect(TestResult.java:122)
	at junit.framework.TestResult.runProtected(TestResult.java:142)
	at junit.framework.TestResult.run(TestResult.java:125)
	at junit.framework.TestCase.run(TestCase.java:130)
	at junit.framework.TestSuite.runTest(TestSuite.java:241)
	at junit.framework.TestSuite.run(TestSuite.java:236)
	at org.junit.internal.runners.JUnit38ClassRunner.run(JUnit38ClassRunner.java:90)
	at org.apache.maven.surefire.junit4.JUnit4Provider.execute(JUnit4Provider.java:365)
	at org.apache.maven.surefire.junit4.JUnit4Provider.executeWithRerun(JUnit4Provider.java:273)
	at org.apache.maven.surefire.junit4.JUnit4Provider.executeTestSet(JUnit4Provider.java:238)
	at org.apache.maven.surefire.junit4.JUnit4Provider.invoke(JUnit4Provider.java:159)
	at org.apache.maven.surefire.booter.ForkedBooter.invokeProviderInSameClassLoader(ForkedBooter.java:383)
	at org.apache.maven.surefire.booter.ForkedBooter.runSuitesInProcess(ForkedBooter.java:344)
	at org.apache.maven.surefire.booter.ForkedBooter.execute(ForkedBooter.java:125)
	at org.apache.maven.surefire.booter.ForkedBooter.main(ForkedBooter.java:417)

[ERROR] testChildren(org.apache.commons.vfs2.ContentTests)  Time elapsed: 0 s  <<< ERROR!
java.lang.NullPointerException: Cannot invoke "org.apache.commons.vfs2.FileObject.resolveFile(String)" because the return value of "org.apache.commons.vfs2.ContentTests.getReadFolder()" is null
	at org.apache.commons.vfs2.ContentTests.testChildren(ContentTests.java:85)
	at java.base/jdk.internal.reflect.NativeMethodAccessorImpl.invoke0(Native Method)
	at java.base/jdk.internal.reflect.NativeMethodAccessorImpl.invoke(NativeMethodAccessorImpl.java:77)
	at java.base/jdk.internal.reflect.DelegatingMethodAccessorImpl.invoke(DelegatingMethodAccessorImpl.java:43)
	at java.base/java.lang.reflect.Method.invoke(Method.java:569)
	at junit.framework.TestCase.runTest(TestCase.java:177)
	at org.apache.commons.vfs2.AbstractProviderTestCase.runTest(AbstractProviderTestCase.java:309)
	at junit.framework.TestCase.runBare(TestCase.java:142)
	at junit.framework.TestResult$1.protect(TestResult.java:122)
	at junit.framework.TestResult.runProtected(TestResult.java:142)
	at junit.framework.TestResult.run(TestResult.java:125)
	at junit.framework.TestCase.run(TestCase.java:130)
	at junit.framework.TestSuite.runTest(TestSuite.java:241)
	at junit.framework.TestSuite.run(TestSuite.java:236)
	at org.junit.internal.runners.JUnit38ClassRunner.run(JUnit38ClassRunner.java:90)
	at org.apache.maven.surefire.junit4.JUnit4Provider.execute(JUnit4Provider.java:365)
	at org.apache.maven.surefire.junit4.JUnit4Provider.executeWithRerun(JUnit4Provider.java:273)
	at org.apache.maven.surefire.junit4.JUnit4Provider.executeTestSet(JUnit4Provider.java:238)
	at org.apache.maven.surefire.junit4.JUnit4Provider.invoke(JUnit4Provider.java:159)
	at org.apache.maven.surefire.booter.ForkedBooter.invokeProviderInSameClassLoader(ForkedBooter.java:383)
	at org.apache.maven.surefire.booter.ForkedBooter.runSuitesInProcess(ForkedBooter.java:344)
	at org.apache.maven.surefire.booter.ForkedBooter.execute(ForkedBooter.java:125)
	at org.apache.maven.surefire.booter.ForkedBooter.main(ForkedBooter.java:417)

[ERROR] testUnknownContent(org.apache.commons.vfs2.ContentTests)  Time elapsed: 0 s  <<< ERROR!
java.lang.NullPointerException: Cannot invoke "org.apache.commons.vfs2.FileObject.resolveFile(String)" because the return value of "org.apache.commons.vfs2.ContentTests.getReadFolder()" is null
	at org.apache.commons.vfs2.ContentTests.testUnknownContent(ContentTests.java:379)
	at java.base/jdk.internal.reflect.NativeMethodAccessorImpl.invoke0(Native Method)
	at java.base/jdk.internal.reflect.NativeMethodAccessorImpl.invoke(NativeMethodAccessorImpl.java:77)
	at java.base/jdk.internal.reflect.DelegatingMethodAccessorImpl.invoke(DelegatingMethodAccessorImpl.java:43)
	at java.base/java.lang.reflect.Method.invoke(Method.java:569)
	at junit.framework.TestCase.runTest(TestCase.java:177)
	at org.apache.commons.vfs2.AbstractProviderTestCase.runTest(AbstractProviderTestCase.java:309)
	at junit.framework.TestCase.runBare(TestCase.java:142)
	at junit.framework.TestResult$1.protect(TestResult.java:122)
	at junit.framework.TestResult.runProtected(TestResult.java:142)
	at junit.framework.TestResult.run(TestResult.java:125)
	at junit.framework.TestCase.run(TestCase.java:130)
	at junit.framework.TestSuite.runTest(TestSuite.java:241)
	at junit.framework.TestSuite.run(TestSuite.java:236)
	at org.junit.internal.runners.JUnit38ClassRunner.run(JUnit38ClassRunner.java:90)
	at org.apache.maven.surefire.junit4.JUnit4Provider.execute(JUnit4Provider.java:365)
	at org.apache.maven.surefire.junit4.JUnit4Provider.executeWithRerun(JUnit4Provider.java:273)
	at org.apache.maven.surefire.junit4.JUnit4Provider.executeTestSet(JUnit4Provider.java:238)
	at org.apache.maven.surefire.junit4.JUnit4Provider.invoke(JUnit4Provider.java:159)
	at org.apache.maven.surefire.booter.ForkedBooter.invokeProviderInSameClassLoader(ForkedBooter.java:383)
	at org.apache.maven.surefire.booter.ForkedBooter.runSuitesInProcess(ForkedBooter.java:344)
	at org.apache.maven.surefire.booter.ForkedBooter.execute(ForkedBooter.java:125)
	at org.apache.maven.surefire.booter.ForkedBooter.main(ForkedBooter.java:417)

[ERROR] testReuse(org.apache.commons.vfs2.ContentTests)  Time elapsed: 0 s  <<< ERROR!
java.lang.NullPointerException: Cannot invoke "org.apache.commons.vfs2.FileObject.resolveFile(String)" because the return value of "org.apache.commons.vfs2.ContentTests.getReadFolder()" is null
	at org.apache.commons.vfs2.ContentTests.testReuse(ContentTests.java:325)
	at java.base/jdk.internal.reflect.NativeMethodAccessorImpl.invoke0(Native Method)
	at java.base/jdk.internal.reflect.NativeMethodAccessorImpl.invoke(NativeMethodAccessorImpl.java:77)
	at java.base/jdk.internal.reflect.DelegatingMethodAccessorImpl.invoke(DelegatingMethodAccessorImpl.java:43)
	at java.base/java.lang.reflect.Method.invoke(Method.java:569)
	at junit.framework.TestCase.runTest(TestCase.java:177)
	at org.apache.commons.vfs2.AbstractProviderTestCase.runTest(AbstractProviderTestCase.java:309)
	at junit.framework.TestCase.runBare(TestCase.java:142)
	at junit.framework.TestResult$1.protect(TestResult.java:122)
	at junit.framework.TestResult.runProtected(TestResult.java:142)
	at junit.framework.TestResult.run(TestResult.java:125)
	at junit.framework.TestCase.run(TestCase.java:130)
	at junit.framework.TestSuite.runTest(TestSuite.java:241)
	at junit.framework.TestSuite.run(TestSuite.java:236)
	at org.junit.internal.runners.JUnit38ClassRunner.run(JUnit38ClassRunner.java:90)
	at org.apache.maven.surefire.junit4.JUnit4Provider.execute(JUnit4Provider.java:365)
	at org.apache.maven.surefire.junit4.JUnit4Provider.executeWithRerun(JUnit4Provider.java:273)
	at org.apache.maven.surefire.junit4.JUnit4Provider.executeTestSet(JUnit4Provider.java:238)
	at org.apache.maven.surefire.junit4.JUnit4Provider.invoke(JUnit4Provider.java:159)
	at org.apache.maven.surefire.booter.ForkedBooter.invokeProviderInSameClassLoader(ForkedBooter.java:383)
	at org.apache.maven.surefire.booter.ForkedBooter.runSuitesInProcess(ForkedBooter.java:344)
	at org.apache.maven.surefire.booter.ForkedBooter.execute(ForkedBooter.java:125)
	at org.apache.maven.surefire.booter.ForkedBooter.main(ForkedBooter.java:417)

[ERROR] testAttributes(org.apache.commons.vfs2.ContentTests)  Time elapsed: 0 s  <<< ERROR!
java.lang.NullPointerException: Cannot invoke "org.apache.commons.vfs2.FileObject.getContent()" because the return value of "org.apache.commons.vfs2.ContentTests.getReadFolder()" is null
	at org.apache.commons.vfs2.ContentTests.testAttributes(ContentTests.java:62)
	at java.base/jdk.internal.reflect.NativeMethodAccessorImpl.invoke0(Native Method)
	at java.base/jdk.internal.reflect.NativeMethodAccessorImpl.invoke(NativeMethodAccessorImpl.java:77)
	at java.base/jdk.internal.reflect.DelegatingMethodAccessorImpl.invoke(DelegatingMethodAccessorImpl.java:43)
	at java.base/java.lang.reflect.Method.invoke(Method.java:569)
	at junit.framework.TestCase.runTest(TestCase.java:177)
	at org.apache.commons.vfs2.AbstractProviderTestCase.runTest(AbstractProviderTestCase.java:309)
	at junit.framework.TestCase.runBare(TestCase.java:142)
	at junit.framework.TestResult$1.protect(TestResult.java:122)
	at junit.framework.TestResult.runProtected(TestResult.java:142)
	at junit.framework.TestResult.run(TestResult.java:125)
	at junit.framework.TestCase.run(TestCase.java:130)
	at junit.framework.TestSuite.runTest(TestSuite.java:241)
	at junit.framework.TestSuite.run(TestSuite.java:236)
	at org.junit.internal.runners.JUnit38ClassRunner.run(JUnit38ClassRunner.java:90)
	at org.apache.maven.surefire.junit4.JUnit4Provider.execute(JUnit4Provider.java:365)
	at org.apache.maven.surefire.junit4.JUnit4Provider.executeWithRerun(JUnit4Provider.java:273)
	at org.apache.maven.surefire.junit4.JUnit4Provider.executeTestSet(JUnit4Provider.java:238)
	at org.apache.maven.surefire.junit4.JUnit4Provider.invoke(JUnit4Provider.java:159)
	at org.apache.maven.surefire.booter.ForkedBooter.invokeProviderInSameClassLoader(ForkedBooter.java:383)
	at org.apache.maven.surefire.booter.ForkedBooter.runSuitesInProcess(ForkedBooter.java:344)
	at org.apache.maven.surefire.booter.ForkedBooter.execute(ForkedBooter.java:125)
	at org.apache.maven.surefire.booter.ForkedBooter.main(ForkedBooter.java:417)

[ERROR] testReadMultipleConcurrent(org.apache.commons.vfs2.ContentTests)  Time elapsed: 0 s  <<< ERROR!
java.lang.NullPointerException: Cannot invoke "org.apache.commons.vfs2.FileObject.resolveFile(String)" because the return value of "org.apache.commons.vfs2.ContentTests.getReadFolder()" is null
	at org.apache.commons.vfs2.ContentTests.testReadMultipleConcurrent(ContentTests.java:280)
	at java.base/jdk.internal.reflect.NativeMethodAccessorImpl.invoke0(Native Method)
	at java.base/jdk.internal.reflect.NativeMethodAccessorImpl.invoke(NativeMethodAccessorImpl.java:77)
	at java.base/jdk.internal.reflect.DelegatingMethodAccessorImpl.invoke(DelegatingMethodAccessorImpl.java:43)
	at java.base/java.lang.reflect.Method.invoke(Method.java:569)
	at junit.framework.TestCase.runTest(TestCase.java:177)
	at org.apache.commons.vfs2.AbstractProviderTestCase.runTest(AbstractProviderTestCase.java:309)
	at junit.framework.TestCase.runBare(TestCase.java:142)
	at junit.framework.TestResult$1.protect(TestResult.java:122)
	at junit.framework.TestResult.runProtected(TestResult.java:142)
	at junit.framework.TestResult.run(TestResult.java:125)
	at junit.framework.TestCase.run(TestCase.java:130)
	at junit.framework.TestSuite.runTest(TestSuite.java:241)
	at junit.framework.TestSuite.run(TestSuite.java:236)
	at org.junit.internal.runners.JUnit38ClassRunner.run(JUnit38ClassRunner.java:90)
	at org.apache.maven.surefire.junit4.JUnit4Provider.execute(JUnit4Provider.java:365)
	at org.apache.maven.surefire.junit4.JUnit4Provider.executeWithRerun(JUnit4Provider.java:273)
	at org.apache.maven.surefire.junit4.JUnit4Provider.executeTestSet(JUnit4Provider.java:238)
	at org.apache.maven.surefire.junit4.JUnit4Provider.invoke(JUnit4Provider.java:159)
	at org.apache.maven.surefire.booter.ForkedBooter.invokeProviderInSameClassLoader(ForkedBooter.java:383)
	at org.apache.maven.surefire.booter.ForkedBooter.runSuitesInProcess(ForkedBooter.java:344)
	at org.apache.maven.surefire.booter.ForkedBooter.execute(ForkedBooter.java:125)
	at org.apache.maven.surefire.booter.ForkedBooter.main(ForkedBooter.java:417)

[ERROR] testByteArrayReadAll(org.apache.commons.vfs2.ContentTests)  Time elapsed: 0 s  <<< ERROR!
java.lang.NullPointerException: Cannot invoke "org.apache.commons.vfs2.FileObject.resolveFile(String)" because the return value of "org.apache.commons.vfs2.ContentTests.getReadFolder()" is null
	at org.apache.commons.vfs2.ContentTests.testByteArrayReadAll(ContentTests.java:71)
	at java.base/jdk.internal.reflect.NativeMethodAccessorImpl.invoke0(Native Method)
	at java.base/jdk.internal.reflect.NativeMethodAccessorImpl.invoke(NativeMethodAccessorImpl.java:77)
	at java.base/jdk.internal.reflect.DelegatingMethodAccessorImpl.invoke(DelegatingMethodAccessorImpl.java:43)
	at java.base/java.lang.reflect.Method.invoke(Method.java:569)
	at junit.framework.TestCase.runTest(TestCase.java:177)
	at org.apache.commons.vfs2.AbstractProviderTestCase.runTest(AbstractProviderTestCase.java:309)
	at junit.framework.TestCase.runBare(TestCase.java:142)
	at junit.framework.TestResult$1.protect(TestResult.java:122)
	at junit.framework.TestResult.runProtected(TestResult.java:142)
	at junit.framework.TestResult.run(TestResult.java:125)
	at junit.framework.TestCase.run(TestCase.java:130)
	at junit.framework.TestSuite.runTest(TestSuite.java:241)
	at junit.framework.TestSuite.run(TestSuite.java:236)
	at org.junit.internal.runners.JUnit38ClassRunner.run(JUnit38ClassRunner.java:90)
	at org.apache.maven.surefire.junit4.JUnit4Provider.execute(JUnit4Provider.java:365)
	at org.apache.maven.surefire.junit4.JUnit4Provider.executeWithRerun(JUnit4Provider.java:273)
	at org.apache.maven.surefire.junit4.JUnit4Provider.executeTestSet(JUnit4Provider.java:238)
	at org.apache.maven.surefire.junit4.JUnit4Provider.invoke(JUnit4Provider.java:159)
	at org.apache.maven.surefire.booter.ForkedBooter.invokeProviderInSameClassLoader(ForkedBooter.java:383)
	at org.apache.maven.surefire.booter.ForkedBooter.runSuitesInProcess(ForkedBooter.java:344)
	at org.apache.maven.surefire.booter.ForkedBooter.execute(ForkedBooter.java:125)
	at org.apache.maven.surefire.booter.ForkedBooter.main(ForkedBooter.java:417)

[ERROR] testReadSingleConcurrent(org.apache.commons.vfs2.ContentTests)  Time elapsed: 0 s  <<< ERROR!
java.lang.NullPointerException: Cannot invoke "org.apache.commons.vfs2.FileObject.resolveFile(String)" because the return value of "org.apache.commons.vfs2.ContentTests.getReadFolder()" is null
	at org.apache.commons.vfs2.ContentTests.testReadSingleConcurrent(ContentTests.java:297)
	at java.base/jdk.internal.reflect.NativeMethodAccessorImpl.invoke0(Native Method)
	at java.base/jdk.internal.reflect.NativeMethodAccessorImpl.invoke(NativeMethodAccessorImpl.java:77)
	at java.base/jdk.internal.reflect.DelegatingMethodAccessorImpl.invoke(DelegatingMethodAccessorImpl.java:43)
	at java.base/java.lang.reflect.Method.invoke(Method.java:569)
	at junit.framework.TestCase.runTest(TestCase.java:177)
	at org.apache.commons.vfs2.AbstractProviderTestCase.runTest(AbstractProviderTestCase.java:309)
	at junit.framework.TestCase.runBare(TestCase.java:142)
	at junit.framework.TestResult$1.protect(TestResult.java:122)
	at junit.framework.TestResult.runProtected(TestResult.java:142)
	at junit.framework.TestResult.run(TestResult.java:125)
	at junit.framework.TestCase.run(TestCase.java:130)
	at junit.framework.TestSuite.runTest(TestSuite.java:241)
	at junit.framework.TestSuite.run(TestSuite.java:236)
	at org.junit.internal.runners.JUnit38ClassRunner.run(JUnit38ClassRunner.java:90)
	at org.apache.maven.surefire.junit4.JUnit4Provider.execute(JUnit4Provider.java:365)
	at org.apache.maven.surefire.junit4.JUnit4Provider.executeWithRerun(JUnit4Provider.java:273)
	at org.apache.maven.surefire.junit4.JUnit4Provider.executeTestSet(JUnit4Provider.java:238)
	at org.apache.maven.surefire.junit4.JUnit4Provider.invoke(JUnit4Provider.java:159)
	at org.apache.maven.surefire.booter.ForkedBooter.invokeProviderInSameClassLoader(ForkedBooter.java:383)
	at org.apache.maven.surefire.booter.ForkedBooter.runSuitesInProcess(ForkedBooter.java:344)
	at org.apache.maven.surefire.booter.ForkedBooter.execute(ForkedBooter.java:125)
	at org.apache.maven.surefire.booter.ForkedBooter.main(ForkedBooter.java:417)

[ERROR] testContent(org.apache.commons.vfs2.ContentTests)  Time elapsed: 0 s  <<< ERROR!
java.lang.NullPointerException: Cannot invoke "org.apache.commons.vfs2.FileObject.resolveFile(String)" because the return value of "org.apache.commons.vfs2.ContentTests.getReadFolder()" is null
	at org.apache.commons.vfs2.ContentTests.testContent(ContentTests.java:120)
	at java.base/jdk.internal.reflect.NativeMethodAccessorImpl.invoke0(Native Method)
	at java.base/jdk.internal.reflect.NativeMethodAccessorImpl.invoke(NativeMethodAccessorImpl.java:77)
	at java.base/jdk.internal.reflect.DelegatingMethodAccessorImpl.invoke(DelegatingMethodAccessorImpl.java:43)
	at java.base/java.lang.reflect.Method.invoke(Method.java:569)
	at junit.framework.TestCase.runTest(TestCase.java:177)
	at org.apache.commons.vfs2.AbstractProviderTestCase.runTest(AbstractProviderTestCase.java:309)
	at junit.framework.TestCase.runBare(TestCase.java:142)
	at junit.framework.TestResult$1.protect(TestResult.java:122)
	at junit.framework.TestResult.runProtected(TestResult.java:142)
	at junit.framework.TestResult.run(TestResult.java:125)
	at junit.framework.TestCase.run(TestCase.java:130)
	at junit.framework.TestSuite.runTest(TestSuite.java:241)
	at junit.framework.TestSuite.run(TestSuite.java:236)
	at org.junit.internal.runners.JUnit38ClassRunner.run(JUnit38ClassRunner.java:90)
	at org.apache.maven.surefire.junit4.JUnit4Provider.execute(JUnit4Provider.java:365)
	at org.apache.maven.surefire.junit4.JUnit4Provider.executeWithRerun(JUnit4Provider.java:273)
	at org.apache.maven.surefire.junit4.JUnit4Provider.executeTestSet(JUnit4Provider.java:238)
	at org.apache.maven.surefire.junit4.JUnit4Provider.invoke(JUnit4Provider.java:159)
	at org.apache.maven.surefire.booter.ForkedBooter.invokeProviderInSameClassLoader(ForkedBooter.java:383)
	at org.apache.maven.surefire.booter.ForkedBooter.runSuitesInProcess(ForkedBooter.java:344)
	at org.apache.maven.surefire.booter.ForkedBooter.execute(ForkedBooter.java:125)
	at org.apache.maven.surefire.booter.ForkedBooter.main(ForkedBooter.java:417)

[ERROR] testGetString_Charset(org.apache.commons.vfs2.ContentTests)  Time elapsed: 0 s  <<< ERROR!
java.lang.NullPointerException: Cannot invoke "org.apache.commons.vfs2.FileObject.resolveFile(String)" because the return value of "org.apache.commons.vfs2.ContentTests.getReadFolder()" is null
	at org.apache.commons.vfs2.ContentTests.testGetString_Charset(ContentTests.java:157)
	at java.base/jdk.internal.reflect.NativeMethodAccessorImpl.invoke0(Native Method)
	at java.base/jdk.internal.reflect.NativeMethodAccessorImpl.invoke(NativeMethodAccessorImpl.java:77)
	at java.base/jdk.internal.reflect.DelegatingMethodAccessorImpl.invoke(DelegatingMethodAccessorImpl.java:43)
	at java.base/java.lang.reflect.Method.invoke(Method.java:569)
	at junit.framework.TestCase.runTest(TestCase.java:177)
	at org.apache.commons.vfs2.AbstractProviderTestCase.runTest(AbstractProviderTestCase.java:309)
	at junit.framework.TestCase.runBare(TestCase.java:142)
	at junit.framework.TestResult$1.protect(TestResult.java:122)
	at junit.framework.TestResult.runProtected(TestResult.java:142)
	at junit.framework.TestResult.run(TestResult.java:125)
	at junit.framework.TestCase.run(TestCase.java:130)
	at junit.framework.TestSuite.runTest(TestSuite.java:241)
	at junit.framework.TestSuite.run(TestSuite.java:236)
	at org.junit.internal.runners.JUnit38ClassRunner.run(JUnit38ClassRunner.java:90)
	at org.apache.maven.surefire.junit4.JUnit4Provider.execute(JUnit4Provider.java:365)
	at org.apache.maven.surefire.junit4.JUnit4Provider.executeWithRerun(JUnit4Provider.java:273)
	at org.apache.maven.surefire.junit4.JUnit4Provider.executeTestSet(JUnit4Provider.java:238)
	at org.apache.maven.surefire.junit4.JUnit4Provider.invoke(JUnit4Provider.java:159)
	at org.apache.maven.surefire.booter.ForkedBooter.invokeProviderInSameClassLoader(ForkedBooter.java:383)
	at org.apache.maven.surefire.booter.ForkedBooter.runSuitesInProcess(ForkedBooter.java:344)
	at org.apache.maven.surefire.booter.ForkedBooter.execute(ForkedBooter.java:125)
	at org.apache.maven.surefire.booter.ForkedBooter.main(ForkedBooter.java:417)

[ERROR] testRootAPI(org.apache.commons.vfs2.ContentTests)  Time elapsed: 0 s  <<< ERROR!
java.lang.NullPointerException: Cannot invoke "org.apache.commons.vfs2.ProviderTestConfig.isFileSystemRootAccessible()" because the return value of "org.apache.commons.vfs2.ContentTests.getProviderConfig()" is null
	at org.apache.commons.vfs2.ContentTests.testRootAPI(ContentTests.java:353)
	at java.base/jdk.internal.reflect.NativeMethodAccessorImpl.invoke0(Native Method)
	at java.base/jdk.internal.reflect.NativeMethodAccessorImpl.invoke(NativeMethodAccessorImpl.java:77)
	at java.base/jdk.internal.reflect.DelegatingMethodAccessorImpl.invoke(DelegatingMethodAccessorImpl.java:43)
	at java.base/java.lang.reflect.Method.invoke(Method.java:569)
	at junit.framework.TestCase.runTest(TestCase.java:177)
	at org.apache.commons.vfs2.AbstractProviderTestCase.runTest(AbstractProviderTestCase.java:309)
	at junit.framework.TestCase.runBare(TestCase.java:142)
	at junit.framework.TestResult$1.protect(TestResult.java:122)
	at junit.framework.TestResult.runProtected(TestResult.java:142)
	at junit.framework.TestResult.run(TestResult.java:125)
	at junit.framework.TestCase.run(TestCase.java:130)
	at junit.framework.TestSuite.runTest(TestSuite.java:241)
	at junit.framework.TestSuite.run(TestSuite.java:236)
	at org.junit.internal.runners.JUnit38ClassRunner.run(JUnit38ClassRunner.java:90)
	at org.apache.maven.surefire.junit4.JUnit4Provider.execute(JUnit4Provider.java:365)
	at org.apache.maven.surefire.junit4.JUnit4Provider.executeWithRerun(JUnit4Provider.java:273)
	at org.apache.maven.surefire.junit4.JUnit4Provider.executeTestSet(JUnit4Provider.java:238)
	at org.apache.maven.surefire.junit4.JUnit4Provider.invoke(JUnit4Provider.java:159)
	at org.apache.maven.surefire.booter.ForkedBooter.invokeProviderInSameClassLoader(ForkedBooter.java:383)
	at org.apache.maven.surefire.booter.ForkedBooter.runSuitesInProcess(ForkedBooter.java:344)
	at org.apache.maven.surefire.booter.ForkedBooter.execute(ForkedBooter.java:125)
	at org.apache.maven.surefire.booter.ForkedBooter.main(ForkedBooter.java:417)

[ERROR] testRootURI(org.apache.commons.vfs2.ContentTests)  Time elapsed: 0 s  <<< ERROR!
java.lang.NullPointerException: Cannot invoke "org.apache.commons.vfs2.ProviderTestConfig.isFileSystemRootAccessible()" because the return value of "org.apache.commons.vfs2.ContentTests.getProviderConfig()" is null
	at org.apache.commons.vfs2.ContentTests.testRootURI(ContentTests.java:364)
	at java.base/jdk.internal.reflect.NativeMethodAccessorImpl.invoke0(Native Method)
	at java.base/jdk.internal.reflect.NativeMethodAccessorImpl.invoke(NativeMethodAccessorImpl.java:77)
	at java.base/jdk.internal.reflect.DelegatingMethodAccessorImpl.invoke(DelegatingMethodAccessorImpl.java:43)
	at java.base/java.lang.reflect.Method.invoke(Method.java:569)
	at junit.framework.TestCase.runTest(TestCase.java:177)
	at org.apache.commons.vfs2.AbstractProviderTestCase.runTest(AbstractProviderTestCase.java:309)
	at junit.framework.TestCase.runBare(TestCase.java:142)
	at junit.framework.TestResult$1.protect(TestResult.java:122)
	at junit.framework.TestResult.runProtected(TestResult.java:142)
	at junit.framework.TestResult.run(TestResult.java:125)
	at junit.framework.TestCase.run(TestCase.java:130)
	at junit.framework.TestSuite.runTest(TestSuite.java:241)
	at junit.framework.TestSuite.run(TestSuite.java:236)
	at org.junit.internal.runners.JUnit38ClassRunner.run(JUnit38ClassRunner.java:90)
	at org.apache.maven.surefire.junit4.JUnit4Provider.execute(JUnit4Provider.java:365)
	at org.apache.maven.surefire.junit4.JUnit4Provider.executeWithRerun(JUnit4Provider.java:273)
	at org.apache.maven.surefire.junit4.JUnit4Provider.executeTestSet(JUnit4Provider.java:238)
	at org.apache.maven.surefire.junit4.JUnit4Provider.invoke(JUnit4Provider.java:159)
	at org.apache.maven.surefire.booter.ForkedBooter.invokeProviderInSameClassLoader(ForkedBooter.java:383)
	at org.apache.maven.surefire.booter.ForkedBooter.runSuitesInProcess(ForkedBooter.java:344)
	at org.apache.maven.surefire.booter.ForkedBooter.execute(ForkedBooter.java:125)
	at org.apache.maven.surefire.booter.ForkedBooter.main(ForkedBooter.java:417)

[ERROR] testExists(org.apache.commons.vfs2.ContentTests)  Time elapsed: 0 s  <<< ERROR!
java.lang.NullPointerException: Cannot invoke "org.apache.commons.vfs2.FileObject.resolveFile(String)" because the return value of "org.apache.commons.vfs2.ContentTests.getReadFolder()" is null
	at org.apache.commons.vfs2.ContentTests.testExists(ContentTests.java:134)
	at java.base/jdk.internal.reflect.NativeMethodAccessorImpl.invoke0(Native Method)
	at java.base/jdk.internal.reflect.NativeMethodAccessorImpl.invoke(NativeMethodAccessorImpl.java:77)
	at java.base/jdk.internal.reflect.DelegatingMethodAccessorImpl.invoke(DelegatingMethodAccessorImpl.java:43)
	at java.base/java.lang.reflect.Method.invoke(Method.java:569)
	at junit.framework.TestCase.runTest(TestCase.java:177)
	at org.apache.commons.vfs2.AbstractProviderTestCase.runTest(AbstractProviderTestCase.java:309)
	at junit.framework.TestCase.runBare(TestCase.java:142)
	at junit.framework.TestResult$1.protect(TestResult.java:122)
	at junit.framework.TestResult.runProtected(TestResult.java:142)
	at junit.framework.TestResult.run(TestResult.java:125)
	at junit.framework.TestCase.run(TestCase.java:130)
	at junit.framework.TestSuite.runTest(TestSuite.java:241)
	at junit.framework.TestSuite.run(TestSuite.java:236)
	at org.junit.internal.runners.JUnit38ClassRunner.run(JUnit38ClassRunner.java:90)
	at org.apache.maven.surefire.junit4.JUnit4Provider.execute(JUnit4Provider.java:365)
	at org.apache.maven.surefire.junit4.JUnit4Provider.executeWithRerun(JUnit4Provider.java:273)
	at org.apache.maven.surefire.junit4.JUnit4Provider.executeTestSet(JUnit4Provider.java:238)
	at org.apache.maven.surefire.junit4.JUnit4Provider.invoke(JUnit4Provider.java:159)
	at org.apache.maven.surefire.booter.ForkedBooter.invokeProviderInSameClassLoader(ForkedBooter.java:383)
	at org.apache.maven.surefire.booter.ForkedBooter.runSuitesInProcess(ForkedBooter.java:344)
	at org.apache.maven.surefire.booter.ForkedBooter.execute(ForkedBooter.java:125)
	at org.apache.maven.surefire.booter.ForkedBooter.main(ForkedBooter.java:417)

[ERROR] testGetString_String(org.apache.commons.vfs2.ContentTests)  Time elapsed: 0 s  <<< ERROR!
java.lang.NullPointerException: Cannot invoke "org.apache.commons.vfs2.FileObject.resolveFile(String)" because the return value of "org.apache.commons.vfs2.ContentTests.getReadFolder()" is null
	at org.apache.commons.vfs2.ContentTests.testGetString_String(ContentTests.java:168)
	at java.base/jdk.internal.reflect.NativeMethodAccessorImpl.invoke0(Native Method)
	at java.base/jdk.internal.reflect.NativeMethodAccessorImpl.invoke(NativeMethodAccessorImpl.java:77)
	at java.base/jdk.internal.reflect.DelegatingMethodAccessorImpl.invoke(DelegatingMethodAccessorImpl.java:43)
	at java.base/java.lang.reflect.Method.invoke(Method.java:569)
	at junit.framework.TestCase.runTest(TestCase.java:177)
	at org.apache.commons.vfs2.AbstractProviderTestCase.runTest(AbstractProviderTestCase.java:309)
	at junit.framework.TestCase.runBare(TestCase.java:142)
	at junit.framework.TestResult$1.protect(TestResult.java:122)
	at junit.framework.TestResult.runProtected(TestResult.java:142)
	at junit.framework.TestResult.run(TestResult.java:125)
	at junit.framework.TestCase.run(TestCase.java:130)
	at junit.framework.TestSuite.runTest(TestSuite.java:241)
	at junit.framework.TestSuite.run(TestSuite.java:236)
	at org.junit.internal.runners.JUnit38ClassRunner.run(JUnit38ClassRunner.java:90)
	at org.apache.maven.surefire.junit4.JUnit4Provider.execute(JUnit4Provider.java:365)
	at org.apache.maven.surefire.junit4.JUnit4Provider.executeWithRerun(JUnit4Provider.java:273)
	at org.apache.maven.surefire.junit4.JUnit4Provider.executeTestSet(JUnit4Provider.java:238)
	at org.apache.maven.surefire.junit4.JUnit4Provider.invoke(JUnit4Provider.java:159)
	at org.apache.maven.surefire.booter.ForkedBooter.invokeProviderInSameClassLoader(ForkedBooter.java:383)
	at org.apache.maven.surefire.booter.ForkedBooter.runSuitesInProcess(ForkedBooter.java:344)
	at org.apache.maven.surefire.booter.ForkedBooter.execute(ForkedBooter.java:125)
	at org.apache.maven.surefire.booter.ForkedBooter.main(ForkedBooter.java:417)

[ERROR] testReadSingleSequencial(org.apache.commons.vfs2.ContentTests)  Time elapsed: 0 s  <<< ERROR!
java.lang.NullPointerException: Cannot invoke "org.apache.commons.vfs2.FileObject.resolveFile(String)" because the return value of "org.apache.commons.vfs2.ContentTests.getReadFolder()" is null
	at org.apache.commons.vfs2.ContentTests.testReadSingleSequencial(ContentTests.java:312)
	at java.base/jdk.internal.reflect.NativeMethodAccessorImpl.invoke0(Native Method)
	at java.base/jdk.internal.reflect.NativeMethodAccessorImpl.invoke(NativeMethodAccessorImpl.java:77)
	at java.base/jdk.internal.reflect.DelegatingMethodAccessorImpl.invoke(DelegatingMethodAccessorImpl.java:43)
	at java.base/java.lang.reflect.Method.invoke(Method.java:569)
	at junit.framework.TestCase.runTest(TestCase.java:177)
	at org.apache.commons.vfs2.AbstractProviderTestCase.runTest(AbstractProviderTestCase.java:309)
	at junit.framework.TestCase.runBare(TestCase.java:142)
	at junit.framework.TestResult$1.protect(TestResult.java:122)
	at junit.framework.TestResult.runProtected(TestResult.java:142)
	at junit.framework.TestResult.run(TestResult.java:125)
	at junit.framework.TestCase.run(TestCase.java:130)
	at junit.framework.TestSuite.runTest(TestSuite.java:241)
	at junit.framework.TestSuite.run(TestSuite.java:236)
	at org.junit.internal.runners.JUnit38ClassRunner.run(JUnit38ClassRunner.java:90)
	at org.apache.maven.surefire.junit4.JUnit4Provider.execute(JUnit4Provider.java:365)
	at org.apache.maven.surefire.junit4.JUnit4Provider.executeWithRerun(JUnit4Provider.java:273)
	at org.apache.maven.surefire.junit4.JUnit4Provider.executeTestSet(JUnit4Provider.java:238)
	at org.apache.maven.surefire.junit4.JUnit4Provider.invoke(JUnit4Provider.java:159)
	at org.apache.maven.surefire.booter.ForkedBooter.invokeProviderInSameClassLoader(ForkedBooter.java:383)
	at org.apache.maven.surefire.booter.ForkedBooter.runSuitesInProcess(ForkedBooter.java:344)
	at org.apache.maven.surefire.booter.ForkedBooter.execute(ForkedBooter.java:125)
	at org.apache.maven.surefire.booter.ForkedBooter.main(ForkedBooter.java:417)

[ERROR] testParent(org.apache.commons.vfs2.ContentTests)  Time elapsed: 0 s  <<< ERROR!
java.lang.NullPointerException: Cannot invoke "org.apache.commons.vfs2.FileObject.resolveFile(String)" because the return value of "org.apache.commons.vfs2.ContentTests.getReadFolder()" is null
	at org.apache.commons.vfs2.ContentTests.testParent(ContentTests.java:243)
	at java.base/jdk.internal.reflect.NativeMethodAccessorImpl.invoke0(Native Method)
	at java.base/jdk.internal.reflect.NativeMethodAccessorImpl.invoke(NativeMethodAccessorImpl.java:77)
	at java.base/jdk.internal.reflect.DelegatingMethodAccessorImpl.invoke(DelegatingMethodAccessorImpl.java:43)
	at java.base/java.lang.reflect.Method.invoke(Method.java:569)
	at junit.framework.TestCase.runTest(TestCase.java:177)
	at org.apache.commons.vfs2.AbstractProviderTestCase.runTest(AbstractProviderTestCase.java:309)
	at junit.framework.TestCase.runBare(TestCase.java:142)
	at junit.framework.TestResult$1.protect(TestResult.java:122)
	at junit.framework.TestResult.runProtected(TestResult.java:142)
	at junit.framework.TestResult.run(TestResult.java:125)
	at junit.framework.TestCase.run(TestCase.java:130)
	at junit.framework.TestSuite.runTest(TestSuite.java:241)
	at junit.framework.TestSuite.run(TestSuite.java:236)
	at org.junit.internal.runners.JUnit38ClassRunner.run(JUnit38ClassRunner.java:90)
	at org.apache.maven.surefire.junit4.JUnit4Provider.execute(JUnit4Provider.java:365)
	at org.apache.maven.surefire.junit4.JUnit4Provider.executeWithRerun(JUnit4Provider.java:273)
	at org.apache.maven.surefire.junit4.JUnit4Provider.executeTestSet(JUnit4Provider.java:238)
	at org.apache.maven.surefire.junit4.JUnit4Provider.invoke(JUnit4Provider.java:159)
	at org.apache.maven.surefire.booter.ForkedBooter.invokeProviderInSameClassLoader(ForkedBooter.java:383)
	at org.apache.maven.surefire.booter.ForkedBooter.runSuitesInProcess(ForkedBooter.java:344)
	at org.apache.maven.surefire.booter.ForkedBooter.execute(ForkedBooter.java:125)
	at org.apache.maven.surefire.booter.ForkedBooter.main(ForkedBooter.java:417)

[ERROR] testAllContent(org.apache.commons.vfs2.ContentTests)  Time elapsed: 0 s  <<< ERROR!
java.lang.NullPointerException: Cannot invoke "org.apache.commons.vfs2.FileObject.getName()" because the return value of "org.apache.commons.vfs2.AbstractProviderTestCase.getReadFolder()" is null
	at org.apache.commons.vfs2.AbstractProviderTestCase.buildExpectedStructure(AbstractProviderTestCase.java:148)
	at org.apache.commons.vfs2.ContentTests.testAllContent(ContentTests.java:51)
	at java.base/jdk.internal.reflect.NativeMethodAccessorImpl.invoke0(Native Method)
	at java.base/jdk.internal.reflect.NativeMethodAccessorImpl.invoke(NativeMethodAccessorImpl.java:77)
	at java.base/jdk.internal.reflect.DelegatingMethodAccessorImpl.invoke(DelegatingMethodAccessorImpl.java:43)
	at java.base/java.lang.reflect.Method.invoke(Method.java:569)
	at junit.framework.TestCase.runTest(TestCase.java:177)
	at org.apache.commons.vfs2.AbstractProviderTestCase.runTest(AbstractProviderTestCase.java:309)
	at junit.framework.TestCase.runBare(TestCase.java:142)
	at junit.framework.TestResult$1.protect(TestResult.java:122)
	at junit.framework.TestResult.runProtected(TestResult.java:142)
	at junit.framework.TestResult.run(TestResult.java:125)
	at junit.framework.TestCase.run(TestCase.java:130)
	at junit.framework.TestSuite.runTest(TestSuite.java:241)
	at junit.framework.TestSuite.run(TestSuite.java:236)
	at org.junit.internal.runners.JUnit38ClassRunner.run(JUnit38ClassRunner.java:90)
	at org.apache.maven.surefire.junit4.JUnit4Provider.execute(JUnit4Provider.java:365)
	at org.apache.maven.surefire.junit4.JUnit4Provider.executeWithRerun(JUnit4Provider.java:273)
	at org.apache.maven.surefire.junit4.JUnit4Provider.executeTestSet(JUnit4Provider.java:238)
	at org.apache.maven.surefire.junit4.JUnit4Provider.invoke(JUnit4Provider.java:159)
	at org.apache.maven.surefire.booter.ForkedBooter.invokeProviderInSameClassLoader(ForkedBooter.java:383)
	at org.apache.maven.surefire.booter.ForkedBooter.runSuitesInProcess(ForkedBooter.java:344)
	at org.apache.maven.surefire.booter.ForkedBooter.execute(ForkedBooter.java:125)
	at org.apache.maven.surefire.booter.ForkedBooter.main(ForkedBooter.java:417)

[ERROR] testInputStreamMultipleCleanup(org.apache.commons.vfs2.ContentTests)  Time elapsed: 0.001 s  <<< ERROR!
java.lang.NullPointerException: Cannot invoke "org.apache.commons.vfs2.FileObject.resolveFile(String)" because the return value of "org.apache.commons.vfs2.ContentTests.getReadFolder()" is null
	at org.apache.commons.vfs2.ContentTests.testInputStreamMultipleCleanup(ContentTests.java:182)
	at java.base/jdk.internal.reflect.NativeMethodAccessorImpl.invoke0(Native Method)
	at java.base/jdk.internal.reflect.NativeMethodAccessorImpl.invoke(NativeMethodAccessorImpl.java:77)
	at java.base/jdk.internal.reflect.DelegatingMethodAccessorImpl.invoke(DelegatingMethodAccessorImpl.java:43)
	at java.base/java.lang.reflect.Method.invoke(Method.java:569)
	at junit.framework.TestCase.runTest(TestCase.java:177)
	at org.apache.commons.vfs2.AbstractProviderTestCase.runTest(AbstractProviderTestCase.java:309)
	at junit.framework.TestCase.runBare(TestCase.java:142)
	at junit.framework.TestResult$1.protect(TestResult.java:122)
	at junit.framework.TestResult.runProtected(TestResult.java:142)
	at junit.framework.TestResult.run(TestResult.java:125)
	at junit.framework.TestCase.run(TestCase.java:130)
	at junit.framework.TestSuite.runTest(TestSuite.java:241)
	at junit.framework.TestSuite.run(TestSuite.java:236)
	at org.junit.internal.runners.JUnit38ClassRunner.run(JUnit38ClassRunner.java:90)
	at org.apache.maven.surefire.junit4.JUnit4Provider.execute(JUnit4Provider.java:365)
	at org.apache.maven.surefire.junit4.JUnit4Provider.executeWithRerun(JUnit4Provider.java:273)
	at org.apache.maven.surefire.junit4.JUnit4Provider.executeTestSet(JUnit4Provider.java:238)
	at org.apache.maven.surefire.junit4.JUnit4Provider.invoke(JUnit4Provider.java:159)
	at org.apache.maven.surefire.booter.ForkedBooter.invokeProviderInSameClassLoader(ForkedBooter.java:383)
	at org.apache.maven.surefire.booter.ForkedBooter.runSuitesInProcess(ForkedBooter.java:344)
	at org.apache.maven.surefire.booter.ForkedBooter.execute(ForkedBooter.java:125)
	at org.apache.maven.surefire.booter.ForkedBooter.main(ForkedBooter.java:417)

[INFO] Running org.apache.commons.vfs2.UriTests
[ERROR] Tests run: 4, Failures: 4, Errors: 0, Skipped: 0, Time elapsed: 0 s <<< FAILURE! - in org.apache.commons.vfs2.UriTests
[ERROR] testAbsoluteURI(org.apache.commons.vfs2.UriTests)  Time elapsed: 0 s  <<< FAILURE!
java.lang.AssertionError: This test's read folder should not be null
	at org.junit.Assert.fail(Assert.java:89)
	at org.junit.Assert.assertTrue(Assert.java:42)
	at org.junit.Assert.assertNotNull(Assert.java:713)
	at org.apache.commons.vfs2.AbstractProviderTestCase.getFileSystem(AbstractProviderTestCase.java:230)
	at org.apache.commons.vfs2.AbstractProviderTestCase.runTest(AbstractProviderTestCase.java:289)
	at junit.framework.TestCase.runBare(TestCase.java:142)
	at junit.framework.TestResult$1.protect(TestResult.java:122)
	at junit.framework.TestResult.runProtected(TestResult.java:142)
	at junit.framework.TestResult.run(TestResult.java:125)
	at junit.framework.TestCase.run(TestCase.java:130)
	at junit.framework.TestSuite.runTest(TestSuite.java:241)
	at junit.framework.TestSuite.run(TestSuite.java:236)
	at org.junit.internal.runners.JUnit38ClassRunner.run(JUnit38ClassRunner.java:90)
	at org.apache.maven.surefire.junit4.JUnit4Provider.execute(JUnit4Provider.java:365)
	at org.apache.maven.surefire.junit4.JUnit4Provider.executeWithRerun(JUnit4Provider.java:273)
	at org.apache.maven.surefire.junit4.JUnit4Provider.executeTestSet(JUnit4Provider.java:238)
	at org.apache.maven.surefire.junit4.JUnit4Provider.invoke(JUnit4Provider.java:159)
	at org.apache.maven.surefire.booter.ForkedBooter.invokeProviderInSameClassLoader(ForkedBooter.java:383)
	at org.apache.maven.surefire.booter.ForkedBooter.runSuitesInProcess(ForkedBooter.java:344)
	at org.apache.maven.surefire.booter.ForkedBooter.execute(ForkedBooter.java:125)
	at org.apache.maven.surefire.booter.ForkedBooter.main(ForkedBooter.java:417)

[ERROR] testURIContentProvider(org.apache.commons.vfs2.UriTests)  Time elapsed: 0 s  <<< FAILURE!
java.lang.AssertionError: This test's read folder should not be null
	at org.junit.Assert.fail(Assert.java:89)
	at org.junit.Assert.assertTrue(Assert.java:42)
	at org.junit.Assert.assertNotNull(Assert.java:713)
	at org.apache.commons.vfs2.AbstractProviderTestCase.getFileSystem(AbstractProviderTestCase.java:230)
	at org.apache.commons.vfs2.AbstractProviderTestCase.runTest(AbstractProviderTestCase.java:289)
	at junit.framework.TestCase.runBare(TestCase.java:142)
	at junit.framework.TestResult$1.protect(TestResult.java:122)
	at junit.framework.TestResult.runProtected(TestResult.java:142)
	at junit.framework.TestResult.run(TestResult.java:125)
	at junit.framework.TestCase.run(TestCase.java:130)
	at junit.framework.TestSuite.runTest(TestSuite.java:241)
	at junit.framework.TestSuite.run(TestSuite.java:236)
	at org.junit.internal.runners.JUnit38ClassRunner.run(JUnit38ClassRunner.java:90)
	at org.apache.maven.surefire.junit4.JUnit4Provider.execute(JUnit4Provider.java:365)
	at org.apache.maven.surefire.junit4.JUnit4Provider.executeWithRerun(JUnit4Provider.java:273)
	at org.apache.maven.surefire.junit4.JUnit4Provider.executeTestSet(JUnit4Provider.java:238)
	at org.apache.maven.surefire.junit4.JUnit4Provider.invoke(JUnit4Provider.java:159)
	at org.apache.maven.surefire.booter.ForkedBooter.invokeProviderInSameClassLoader(ForkedBooter.java:383)
	at org.apache.maven.surefire.booter.ForkedBooter.runSuitesInProcess(ForkedBooter.java:344)
	at org.apache.maven.surefire.booter.ForkedBooter.execute(ForkedBooter.java:125)
	at org.apache.maven.surefire.booter.ForkedBooter.main(ForkedBooter.java:417)

[ERROR] testReservedCharacterSpace(org.apache.commons.vfs2.UriTests)  Time elapsed: 0 s  <<< FAILURE!
java.lang.AssertionError: This test's read folder should not be null
	at org.junit.Assert.fail(Assert.java:89)
	at org.junit.Assert.assertTrue(Assert.java:42)
	at org.junit.Assert.assertNotNull(Assert.java:713)
	at org.apache.commons.vfs2.AbstractProviderTestCase.getFileSystem(AbstractProviderTestCase.java:230)
	at org.apache.commons.vfs2.AbstractProviderTestCase.runTest(AbstractProviderTestCase.java:289)
	at junit.framework.TestCase.runBare(TestCase.java:142)
	at junit.framework.TestResult$1.protect(TestResult.java:122)
	at junit.framework.TestResult.runProtected(TestResult.java:142)
	at junit.framework.TestResult.run(TestResult.java:125)
	at junit.framework.TestCase.run(TestCase.java:130)
	at junit.framework.TestSuite.runTest(TestSuite.java:241)
	at junit.framework.TestSuite.run(TestSuite.java:236)
	at org.junit.internal.runners.JUnit38ClassRunner.run(JUnit38ClassRunner.java:90)
	at org.apache.maven.surefire.junit4.JUnit4Provider.execute(JUnit4Provider.java:365)
	at org.apache.maven.surefire.junit4.JUnit4Provider.executeWithRerun(JUnit4Provider.java:273)
	at org.apache.maven.surefire.junit4.JUnit4Provider.executeTestSet(JUnit4Provider.java:238)
	at org.apache.maven.surefire.junit4.JUnit4Provider.invoke(JUnit4Provider.java:159)
	at org.apache.maven.surefire.booter.ForkedBooter.invokeProviderInSameClassLoader(ForkedBooter.java:383)
	at org.apache.maven.surefire.booter.ForkedBooter.runSuitesInProcess(ForkedBooter.java:344)
	at org.apache.maven.surefire.booter.ForkedBooter.execute(ForkedBooter.java:125)
	at org.apache.maven.surefire.booter.ForkedBooter.main(ForkedBooter.java:417)

[ERROR] testGetURI(org.apache.commons.vfs2.UriTests)  Time elapsed: 0 s  <<< FAILURE!
java.lang.AssertionError: This test's read folder should not be null
	at org.junit.Assert.fail(Assert.java:89)
	at org.junit.Assert.assertTrue(Assert.java:42)
	at org.junit.Assert.assertNotNull(Assert.java:713)
	at org.apache.commons.vfs2.AbstractProviderTestCase.getFileSystem(AbstractProviderTestCase.java:230)
	at org.apache.commons.vfs2.AbstractProviderTestCase.runTest(AbstractProviderTestCase.java:289)
	at junit.framework.TestCase.runBare(TestCase.java:142)
	at junit.framework.TestResult$1.protect(TestResult.java:122)
	at junit.framework.TestResult.runProtected(TestResult.java:142)
	at junit.framework.TestResult.run(TestResult.java:125)
	at junit.framework.TestCase.run(TestCase.java:130)
	at junit.framework.TestSuite.runTest(TestSuite.java:241)
	at junit.framework.TestSuite.run(TestSuite.java:236)
	at org.junit.internal.runners.JUnit38ClassRunner.run(JUnit38ClassRunner.java:90)
	at org.apache.maven.surefire.junit4.JUnit4Provider.execute(JUnit4Provider.java:365)
	at org.apache.maven.surefire.junit4.JUnit4Provider.executeWithRerun(JUnit4Provider.java:273)
	at org.apache.maven.surefire.junit4.JUnit4Provider.executeTestSet(JUnit4Provider.java:238)
	at org.apache.maven.surefire.junit4.JUnit4Provider.invoke(JUnit4Provider.java:159)
	at org.apache.maven.surefire.booter.ForkedBooter.invokeProviderInSameClassLoader(ForkedBooter.java:383)
	at org.apache.maven.surefire.booter.ForkedBooter.runSuitesInProcess(ForkedBooter.java:344)
	at org.apache.maven.surefire.booter.ForkedBooter.execute(ForkedBooter.java:125)
	at org.apache.maven.surefire.booter.ForkedBooter.main(ForkedBooter.java:417)

[INFO] Running org.apache.commons.vfs2.ProviderDeleteTests
[ERROR] Tests run: 5, Failures: 5, Errors: 0, Skipped: 0, Time elapsed: 0 s <<< FAILURE! - in org.apache.commons.vfs2.ProviderDeleteTests
[ERROR] testDeleteNonExistantFile(org.apache.commons.vfs2.ProviderDeleteTests)  Time elapsed: 0 s  <<< FAILURE!
java.lang.AssertionError: This test's read folder should not be null
	at org.junit.Assert.fail(Assert.java:89)
	at org.junit.Assert.assertTrue(Assert.java:42)
	at org.junit.Assert.assertNotNull(Assert.java:713)
	at org.apache.commons.vfs2.AbstractProviderTestCase.getFileSystem(AbstractProviderTestCase.java:230)
	at org.apache.commons.vfs2.AbstractProviderTestCase.runTest(AbstractProviderTestCase.java:289)
	at junit.framework.TestCase.runBare(TestCase.java:142)
	at junit.framework.TestResult$1.protect(TestResult.java:122)
	at junit.framework.TestResult.runProtected(TestResult.java:142)
	at junit.framework.TestResult.run(TestResult.java:125)
	at junit.framework.TestCase.run(TestCase.java:130)
	at junit.framework.TestSuite.runTest(TestSuite.java:241)
	at junit.framework.TestSuite.run(TestSuite.java:236)
	at org.junit.internal.runners.JUnit38ClassRunner.run(JUnit38ClassRunner.java:90)
	at org.apache.maven.surefire.junit4.JUnit4Provider.execute(JUnit4Provider.java:365)
	at org.apache.maven.surefire.junit4.JUnit4Provider.executeWithRerun(JUnit4Provider.java:273)
	at org.apache.maven.surefire.junit4.JUnit4Provider.executeTestSet(JUnit4Provider.java:238)
	at org.apache.maven.surefire.junit4.JUnit4Provider.invoke(JUnit4Provider.java:159)
	at org.apache.maven.surefire.booter.ForkedBooter.invokeProviderInSameClassLoader(ForkedBooter.java:383)
	at org.apache.maven.surefire.booter.ForkedBooter.runSuitesInProcess(ForkedBooter.java:344)
	at org.apache.maven.surefire.booter.ForkedBooter.execute(ForkedBooter.java:125)
	at org.apache.maven.surefire.booter.ForkedBooter.main(ForkedBooter.java:417)

[ERROR] testDeleteFiles(org.apache.commons.vfs2.ProviderDeleteTests)  Time elapsed: 0 s  <<< FAILURE!
java.lang.AssertionError: This test's read folder should not be null
	at org.junit.Assert.fail(Assert.java:89)
	at org.junit.Assert.assertTrue(Assert.java:42)
	at org.junit.Assert.assertNotNull(Assert.java:713)
	at org.apache.commons.vfs2.AbstractProviderTestCase.getFileSystem(AbstractProviderTestCase.java:230)
	at org.apache.commons.vfs2.AbstractProviderTestCase.runTest(AbstractProviderTestCase.java:289)
	at junit.framework.TestCase.runBare(TestCase.java:142)
	at junit.framework.TestResult$1.protect(TestResult.java:122)
	at junit.framework.TestResult.runProtected(TestResult.java:142)
	at junit.framework.TestResult.run(TestResult.java:125)
	at junit.framework.TestCase.run(TestCase.java:130)
	at junit.framework.TestSuite.runTest(TestSuite.java:241)
	at junit.framework.TestSuite.run(TestSuite.java:236)
	at org.junit.internal.runners.JUnit38ClassRunner.run(JUnit38ClassRunner.java:90)
	at org.apache.maven.surefire.junit4.JUnit4Provider.execute(JUnit4Provider.java:365)
	at org.apache.maven.surefire.junit4.JUnit4Provider.executeWithRerun(JUnit4Provider.java:273)
	at org.apache.maven.surefire.junit4.JUnit4Provider.executeTestSet(JUnit4Provider.java:238)
	at org.apache.maven.surefire.junit4.JUnit4Provider.invoke(JUnit4Provider.java:159)
	at org.apache.maven.surefire.booter.ForkedBooter.invokeProviderInSameClassLoader(ForkedBooter.java:383)
	at org.apache.maven.surefire.booter.ForkedBooter.runSuitesInProcess(ForkedBooter.java:344)
	at org.apache.maven.surefire.booter.ForkedBooter.execute(ForkedBooter.java:125)
	at org.apache.maven.surefire.booter.ForkedBooter.main(ForkedBooter.java:417)

[ERROR] testDeleteAllFiles(org.apache.commons.vfs2.ProviderDeleteTests)  Time elapsed: 0 s  <<< FAILURE!
java.lang.AssertionError: This test's read folder should not be null
	at org.junit.Assert.fail(Assert.java:89)
	at org.junit.Assert.assertTrue(Assert.java:42)
	at org.junit.Assert.assertNotNull(Assert.java:713)
	at org.apache.commons.vfs2.AbstractProviderTestCase.getFileSystem(AbstractProviderTestCase.java:230)
	at org.apache.commons.vfs2.AbstractProviderTestCase.runTest(AbstractProviderTestCase.java:289)
	at junit.framework.TestCase.runBare(TestCase.java:142)
	at junit.framework.TestResult$1.protect(TestResult.java:122)
	at junit.framework.TestResult.runProtected(TestResult.java:142)
	at junit.framework.TestResult.run(TestResult.java:125)
	at junit.framework.TestCase.run(TestCase.java:130)
	at junit.framework.TestSuite.runTest(TestSuite.java:241)
	at junit.framework.TestSuite.run(TestSuite.java:236)
	at org.junit.internal.runners.JUnit38ClassRunner.run(JUnit38ClassRunner.java:90)
	at org.apache.maven.surefire.junit4.JUnit4Provider.execute(JUnit4Provider.java:365)
	at org.apache.maven.surefire.junit4.JUnit4Provider.executeWithRerun(JUnit4Provider.java:273)
	at org.apache.maven.surefire.junit4.JUnit4Provider.executeTestSet(JUnit4Provider.java:238)
	at org.apache.maven.surefire.junit4.JUnit4Provider.invoke(JUnit4Provider.java:159)
	at org.apache.maven.surefire.booter.ForkedBooter.invokeProviderInSameClassLoader(ForkedBooter.java:383)
	at org.apache.maven.surefire.booter.ForkedBooter.runSuitesInProcess(ForkedBooter.java:344)
	at org.apache.maven.surefire.booter.ForkedBooter.execute(ForkedBooter.java:125)
	at org.apache.maven.surefire.booter.ForkedBooter.main(ForkedBooter.java:417)

[ERROR] testDeleteOneFiles(org.apache.commons.vfs2.ProviderDeleteTests)  Time elapsed: 0 s  <<< FAILURE!
java.lang.AssertionError: This test's read folder should not be null
	at org.junit.Assert.fail(Assert.java:89)
	at org.junit.Assert.assertTrue(Assert.java:42)
	at org.junit.Assert.assertNotNull(Assert.java:713)
	at org.apache.commons.vfs2.AbstractProviderTestCase.getFileSystem(AbstractProviderTestCase.java:230)
	at org.apache.commons.vfs2.AbstractProviderTestCase.runTest(AbstractProviderTestCase.java:289)
	at junit.framework.TestCase.runBare(TestCase.java:142)
	at junit.framework.TestResult$1.protect(TestResult.java:122)
	at junit.framework.TestResult.runProtected(TestResult.java:142)
	at junit.framework.TestResult.run(TestResult.java:125)
	at junit.framework.TestCase.run(TestCase.java:130)
	at junit.framework.TestSuite.runTest(TestSuite.java:241)
	at junit.framework.TestSuite.run(TestSuite.java:236)
	at org.junit.internal.runners.JUnit38ClassRunner.run(JUnit38ClassRunner.java:90)
	at org.apache.maven.surefire.junit4.JUnit4Provider.execute(JUnit4Provider.java:365)
	at org.apache.maven.surefire.junit4.JUnit4Provider.executeWithRerun(JUnit4Provider.java:273)
	at org.apache.maven.surefire.junit4.JUnit4Provider.executeTestSet(JUnit4Provider.java:238)
	at org.apache.maven.surefire.junit4.JUnit4Provider.invoke(JUnit4Provider.java:159)
	at org.apache.maven.surefire.booter.ForkedBooter.invokeProviderInSameClassLoader(ForkedBooter.java:383)
	at org.apache.maven.surefire.booter.ForkedBooter.runSuitesInProcess(ForkedBooter.java:344)
	at org.apache.maven.surefire.booter.ForkedBooter.execute(ForkedBooter.java:125)
	at org.apache.maven.surefire.booter.ForkedBooter.main(ForkedBooter.java:417)

[ERROR] testDeleteFile(org.apache.commons.vfs2.ProviderDeleteTests)  Time elapsed: 0 s  <<< FAILURE!
java.lang.AssertionError: This test's read folder should not be null
	at org.junit.Assert.fail(Assert.java:89)
	at org.junit.Assert.assertTrue(Assert.java:42)
	at org.junit.Assert.assertNotNull(Assert.java:713)
	at org.apache.commons.vfs2.AbstractProviderTestCase.getFileSystem(AbstractProviderTestCase.java:230)
	at org.apache.commons.vfs2.AbstractProviderTestCase.runTest(AbstractProviderTestCase.java:289)
	at junit.framework.TestCase.runBare(TestCase.java:142)
	at junit.framework.TestResult$1.protect(TestResult.java:122)
	at junit.framework.TestResult.runProtected(TestResult.java:142)
	at junit.framework.TestResult.run(TestResult.java:125)
	at junit.framework.TestCase.run(TestCase.java:130)
	at junit.framework.TestSuite.runTest(TestSuite.java:241)
	at junit.framework.TestSuite.run(TestSuite.java:236)
	at org.junit.internal.runners.JUnit38ClassRunner.run(JUnit38ClassRunner.java:90)
	at org.apache.maven.surefire.junit4.JUnit4Provider.execute(JUnit4Provider.java:365)
	at org.apache.maven.surefire.junit4.JUnit4Provider.executeWithRerun(JUnit4Provider.java:273)
	at org.apache.maven.surefire.junit4.JUnit4Provider.executeTestSet(JUnit4Provider.java:238)
	at org.apache.maven.surefire.junit4.JUnit4Provider.invoke(JUnit4Provider.java:159)
	at org.apache.maven.surefire.booter.ForkedBooter.invokeProviderInSameClassLoader(ForkedBooter.java:383)
	at org.apache.maven.surefire.booter.ForkedBooter.runSuitesInProcess(ForkedBooter.java:344)
	at org.apache.maven.surefire.booter.ForkedBooter.execute(ForkedBooter.java:125)
	at org.apache.maven.surefire.booter.ForkedBooter.main(ForkedBooter.java:417)

[INFO] Running org.apache.commons.vfs2.operations.BasicOperationsTestCase
[INFO] Tests run: 4, Failures: 0, Errors: 0, Skipped: 0, Time elapsed: 0 s - in org.apache.commons.vfs2.operations.BasicOperationsTestCase
[INFO] Running org.apache.commons.vfs2.ProviderCacheStrategyTests
[ERROR] Tests run: 3, Failures: 3, Errors: 0, Skipped: 0, Time elapsed: 0 s <<< FAILURE! - in org.apache.commons.vfs2.ProviderCacheStrategyTests
[ERROR] testOnCallCache(org.apache.commons.vfs2.ProviderCacheStrategyTests)  Time elapsed: 0 s  <<< FAILURE!
java.lang.AssertionError: This test's read folder should not be null
	at org.junit.Assert.fail(Assert.java:89)
	at org.junit.Assert.assertTrue(Assert.java:42)
	at org.junit.Assert.assertNotNull(Assert.java:713)
	at org.apache.commons.vfs2.AbstractProviderTestCase.getFileSystem(AbstractProviderTestCase.java:230)
	at org.apache.commons.vfs2.AbstractProviderTestCase.runTest(AbstractProviderTestCase.java:289)
	at junit.framework.TestCase.runBare(TestCase.java:142)
	at junit.framework.TestResult$1.protect(TestResult.java:122)
	at junit.framework.TestResult.runProtected(TestResult.java:142)
	at junit.framework.TestResult.run(TestResult.java:125)
	at junit.framework.TestCase.run(TestCase.java:130)
	at junit.framework.TestSuite.runTest(TestSuite.java:241)
	at junit.framework.TestSuite.run(TestSuite.java:236)
	at org.junit.internal.runners.JUnit38ClassRunner.run(JUnit38ClassRunner.java:90)
	at org.apache.maven.surefire.junit4.JUnit4Provider.execute(JUnit4Provider.java:365)
	at org.apache.maven.surefire.junit4.JUnit4Provider.executeWithRerun(JUnit4Provider.java:273)
	at org.apache.maven.surefire.junit4.JUnit4Provider.executeTestSet(JUnit4Provider.java:238)
	at org.apache.maven.surefire.junit4.JUnit4Provider.invoke(JUnit4Provider.java:159)
	at org.apache.maven.surefire.booter.ForkedBooter.invokeProviderInSameClassLoader(ForkedBooter.java:383)
	at org.apache.maven.surefire.booter.ForkedBooter.runSuitesInProcess(ForkedBooter.java:344)
	at org.apache.maven.surefire.booter.ForkedBooter.execute(ForkedBooter.java:125)
	at org.apache.maven.surefire.booter.ForkedBooter.main(ForkedBooter.java:417)

[ERROR] testManualCache(org.apache.commons.vfs2.ProviderCacheStrategyTests)  Time elapsed: 0 s  <<< FAILURE!
java.lang.AssertionError: This test's read folder should not be null
	at org.junit.Assert.fail(Assert.java:89)
	at org.junit.Assert.assertTrue(Assert.java:42)
	at org.junit.Assert.assertNotNull(Assert.java:713)
	at org.apache.commons.vfs2.AbstractProviderTestCase.getFileSystem(AbstractProviderTestCase.java:230)
	at org.apache.commons.vfs2.AbstractProviderTestCase.runTest(AbstractProviderTestCase.java:289)
	at junit.framework.TestCase.runBare(TestCase.java:142)
	at junit.framework.TestResult$1.protect(TestResult.java:122)
	at junit.framework.TestResult.runProtected(TestResult.java:142)
	at junit.framework.TestResult.run(TestResult.java:125)
	at junit.framework.TestCase.run(TestCase.java:130)
	at junit.framework.TestSuite.runTest(TestSuite.java:241)
	at junit.framework.TestSuite.run(TestSuite.java:236)
	at org.junit.internal.runners.JUnit38ClassRunner.run(JUnit38ClassRunner.java:90)
	at org.apache.maven.surefire.junit4.JUnit4Provider.execute(JUnit4Provider.java:365)
	at org.apache.maven.surefire.junit4.JUnit4Provider.executeWithRerun(JUnit4Provider.java:273)
	at org.apache.maven.surefire.junit4.JUnit4Provider.executeTestSet(JUnit4Provider.java:238)
	at org.apache.maven.surefire.junit4.JUnit4Provider.invoke(JUnit4Provider.java:159)
	at org.apache.maven.surefire.booter.ForkedBooter.invokeProviderInSameClassLoader(ForkedBooter.java:383)
	at org.apache.maven.surefire.booter.ForkedBooter.runSuitesInProcess(ForkedBooter.java:344)
	at org.apache.maven.surefire.booter.ForkedBooter.execute(ForkedBooter.java:125)
	at org.apache.maven.surefire.booter.ForkedBooter.main(ForkedBooter.java:417)

[ERROR] testOnResolveCache(org.apache.commons.vfs2.ProviderCacheStrategyTests)  Time elapsed: 0 s  <<< FAILURE!
java.lang.AssertionError: This test's read folder should not be null
	at org.junit.Assert.fail(Assert.java:89)
	at org.junit.Assert.assertTrue(Assert.java:42)
	at org.junit.Assert.assertNotNull(Assert.java:713)
	at org.apache.commons.vfs2.AbstractProviderTestCase.getFileSystem(AbstractProviderTestCase.java:230)
	at org.apache.commons.vfs2.AbstractProviderTestCase.runTest(AbstractProviderTestCase.java:289)
	at junit.framework.TestCase.runBare(TestCase.java:142)
	at junit.framework.TestResult$1.protect(TestResult.java:122)
	at junit.framework.TestResult.runProtected(TestResult.java:142)
	at junit.framework.TestResult.run(TestResult.java:125)
	at junit.framework.TestCase.run(TestCase.java:130)
	at junit.framework.TestSuite.runTest(TestSuite.java:241)
	at junit.framework.TestSuite.run(TestSuite.java:236)
	at org.junit.internal.runners.JUnit38ClassRunner.run(JUnit38ClassRunner.java:90)
	at org.apache.maven.surefire.junit4.JUnit4Provider.execute(JUnit4Provider.java:365)
	at org.apache.maven.surefire.junit4.JUnit4Provider.executeWithRerun(JUnit4Provider.java:273)
	at org.apache.maven.surefire.junit4.JUnit4Provider.executeTestSet(JUnit4Provider.java:238)
	at org.apache.maven.surefire.junit4.JUnit4Provider.invoke(JUnit4Provider.java:159)
	at org.apache.maven.surefire.booter.ForkedBooter.invokeProviderInSameClassLoader(ForkedBooter.java:383)
	at org.apache.maven.surefire.booter.ForkedBooter.runSuitesInProcess(ForkedBooter.java:344)
	at org.apache.maven.surefire.booter.ForkedBooter.execute(ForkedBooter.java:125)
	at org.apache.maven.surefire.booter.ForkedBooter.main(ForkedBooter.java:417)

[INFO] Running org.apache.commons.vfs2.ProviderRandomReadTests
[ERROR] Tests run: 1, Failures: 1, Errors: 0, Skipped: 0, Time elapsed: 0 s <<< FAILURE! - in org.apache.commons.vfs2.ProviderRandomReadTests
[ERROR] testRandomRead(org.apache.commons.vfs2.ProviderRandomReadTests)  Time elapsed: 0 s  <<< FAILURE!
java.lang.AssertionError: This test's read folder should not be null
	at org.junit.Assert.fail(Assert.java:89)
	at org.junit.Assert.assertTrue(Assert.java:42)
	at org.junit.Assert.assertNotNull(Assert.java:713)
	at org.apache.commons.vfs2.AbstractProviderTestCase.getFileSystem(AbstractProviderTestCase.java:230)
	at org.apache.commons.vfs2.AbstractProviderTestCase.runTest(AbstractProviderTestCase.java:289)
	at junit.framework.TestCase.runBare(TestCase.java:142)
	at junit.framework.TestResult$1.protect(TestResult.java:122)
	at junit.framework.TestResult.runProtected(TestResult.java:142)
	at junit.framework.TestResult.run(TestResult.java:125)
	at junit.framework.TestCase.run(TestCase.java:130)
	at junit.framework.TestSuite.runTest(TestSuite.java:241)
	at junit.framework.TestSuite.run(TestSuite.java:236)
	at org.junit.internal.runners.JUnit38ClassRunner.run(JUnit38ClassRunner.java:90)
	at org.apache.maven.surefire.junit4.JUnit4Provider.execute(JUnit4Provider.java:365)
	at org.apache.maven.surefire.junit4.JUnit4Provider.executeWithRerun(JUnit4Provider.java:273)
	at org.apache.maven.surefire.junit4.JUnit4Provider.executeTestSet(JUnit4Provider.java:238)
	at org.apache.maven.surefire.junit4.JUnit4Provider.invoke(JUnit4Provider.java:159)
	at org.apache.maven.surefire.booter.ForkedBooter.invokeProviderInSameClassLoader(ForkedBooter.java:383)
	at org.apache.maven.surefire.booter.ForkedBooter.runSuitesInProcess(ForkedBooter.java:344)
	at org.apache.maven.surefire.booter.ForkedBooter.execute(ForkedBooter.java:125)
	at org.apache.maven.surefire.booter.ForkedBooter.main(ForkedBooter.java:417)

[INFO] Running org.apache.commons.vfs2.ProviderRenameTests
[ERROR] Tests run: 3, Failures: 3, Errors: 0, Skipped: 0, Time elapsed: 0 s <<< FAILURE! - in org.apache.commons.vfs2.ProviderRenameTests
[ERROR] testRenameFile(org.apache.commons.vfs2.ProviderRenameTests)  Time elapsed: 0 s  <<< FAILURE!
java.lang.AssertionError: This test's read folder should not be null
	at org.junit.Assert.fail(Assert.java:89)
	at org.junit.Assert.assertTrue(Assert.java:42)
	at org.junit.Assert.assertNotNull(Assert.java:713)
	at org.apache.commons.vfs2.AbstractProviderTestCase.getFileSystem(AbstractProviderTestCase.java:230)
	at org.apache.commons.vfs2.AbstractProviderTestCase.runTest(AbstractProviderTestCase.java:289)
	at junit.framework.TestCase.runBare(TestCase.java:142)
	at junit.framework.TestResult$1.protect(TestResult.java:122)
	at junit.framework.TestResult.runProtected(TestResult.java:142)
	at junit.framework.TestResult.run(TestResult.java:125)
	at junit.framework.TestCase.run(TestCase.java:130)
	at junit.framework.TestSuite.runTest(TestSuite.java:241)
	at junit.framework.TestSuite.run(TestSuite.java:236)
	at org.junit.internal.runners.JUnit38ClassRunner.run(JUnit38ClassRunner.java:90)
	at org.apache.maven.surefire.junit4.JUnit4Provider.execute(JUnit4Provider.java:365)
	at org.apache.maven.surefire.junit4.JUnit4Provider.executeWithRerun(JUnit4Provider.java:273)
	at org.apache.maven.surefire.junit4.JUnit4Provider.executeTestSet(JUnit4Provider.java:238)
	at org.apache.maven.surefire.junit4.JUnit4Provider.invoke(JUnit4Provider.java:159)
	at org.apache.maven.surefire.booter.ForkedBooter.invokeProviderInSameClassLoader(ForkedBooter.java:383)
	at org.apache.maven.surefire.booter.ForkedBooter.runSuitesInProcess(ForkedBooter.java:344)
	at org.apache.maven.surefire.booter.ForkedBooter.execute(ForkedBooter.java:125)
	at org.apache.maven.surefire.booter.ForkedBooter.main(ForkedBooter.java:417)

[ERROR] testRenameFileIntoEmptyFolder(org.apache.commons.vfs2.ProviderRenameTests)  Time elapsed: 0 s  <<< FAILURE!
java.lang.AssertionError: This test's read folder should not be null
	at org.junit.Assert.fail(Assert.java:89)
	at org.junit.Assert.assertTrue(Assert.java:42)
	at org.junit.Assert.assertNotNull(Assert.java:713)
	at org.apache.commons.vfs2.AbstractProviderTestCase.getFileSystem(AbstractProviderTestCase.java:230)
	at org.apache.commons.vfs2.AbstractProviderTestCase.runTest(AbstractProviderTestCase.java:289)
	at junit.framework.TestCase.runBare(TestCase.java:142)
	at junit.framework.TestResult$1.protect(TestResult.java:122)
	at junit.framework.TestResult.runProtected(TestResult.java:142)
	at junit.framework.TestResult.run(TestResult.java:125)
	at junit.framework.TestCase.run(TestCase.java:130)
	at junit.framework.TestSuite.runTest(TestSuite.java:241)
	at junit.framework.TestSuite.run(TestSuite.java:236)
	at org.junit.internal.runners.JUnit38ClassRunner.run(JUnit38ClassRunner.java:90)
	at org.apache.maven.surefire.junit4.JUnit4Provider.execute(JUnit4Provider.java:365)
	at org.apache.maven.surefire.junit4.JUnit4Provider.executeWithRerun(JUnit4Provider.java:273)
	at org.apache.maven.surefire.junit4.JUnit4Provider.executeTestSet(JUnit4Provider.java:238)
	at org.apache.maven.surefire.junit4.JUnit4Provider.invoke(JUnit4Provider.java:159)
	at org.apache.maven.surefire.booter.ForkedBooter.invokeProviderInSameClassLoader(ForkedBooter.java:383)
	at org.apache.maven.surefire.booter.ForkedBooter.runSuitesInProcess(ForkedBooter.java:344)
	at org.apache.maven.surefire.booter.ForkedBooter.execute(ForkedBooter.java:125)
	at org.apache.maven.surefire.booter.ForkedBooter.main(ForkedBooter.java:417)

[ERROR] testRenameFileAndLeaveFolderEmpty(org.apache.commons.vfs2.ProviderRenameTests)  Time elapsed: 0 s  <<< FAILURE!
java.lang.AssertionError: This test's read folder should not be null
	at org.junit.Assert.fail(Assert.java:89)
	at org.junit.Assert.assertTrue(Assert.java:42)
	at org.junit.Assert.assertNotNull(Assert.java:713)
	at org.apache.commons.vfs2.AbstractProviderTestCase.getFileSystem(AbstractProviderTestCase.java:230)
	at org.apache.commons.vfs2.AbstractProviderTestCase.runTest(AbstractProviderTestCase.java:289)
	at junit.framework.TestCase.runBare(TestCase.java:142)
	at junit.framework.TestResult$1.protect(TestResult.java:122)
	at junit.framework.TestResult.runProtected(TestResult.java:142)
	at junit.framework.TestResult.run(TestResult.java:125)
	at junit.framework.TestCase.run(TestCase.java:130)
	at junit.framework.TestSuite.runTest(TestSuite.java:241)
	at junit.framework.TestSuite.run(TestSuite.java:236)
	at org.junit.internal.runners.JUnit38ClassRunner.run(JUnit38ClassRunner.java:90)
	at org.apache.maven.surefire.junit4.JUnit4Provider.execute(JUnit4Provider.java:365)
	at org.apache.maven.surefire.junit4.JUnit4Provider.executeWithRerun(JUnit4Provider.java:273)
	at org.apache.maven.surefire.junit4.JUnit4Provider.executeTestSet(JUnit4Provider.java:238)
	at org.apache.maven.surefire.junit4.JUnit4Provider.invoke(JUnit4Provider.java:159)
	at org.apache.maven.surefire.booter.ForkedBooter.invokeProviderInSameClassLoader(ForkedBooter.java:383)
	at org.apache.maven.surefire.booter.ForkedBooter.runSuitesInProcess(ForkedBooter.java:344)
	at org.apache.maven.surefire.booter.ForkedBooter.execute(ForkedBooter.java:125)
	at org.apache.maven.surefire.booter.ForkedBooter.main(ForkedBooter.java:417)

[INFO] Running org.apache.commons.vfs2.filter.CanReadFileFilterTest
[INFO] Tests run: 4, Failures: 0, Errors: 0, Skipped: 0, Time elapsed: 0.002 s - in org.apache.commons.vfs2.filter.CanReadFileFilterTest
[INFO] Running org.apache.commons.vfs2.filter.SizeFileFilterTest
[INFO] Tests run: 4, Failures: 0, Errors: 0, Skipped: 0, Time elapsed: 0.018 s - in org.apache.commons.vfs2.filter.SizeFileFilterTest
[INFO] Running org.apache.commons.vfs2.filter.OrFileFilterTest
[INFO] Tests run: 6, Failures: 0, Errors: 0, Skipped: 0, Time elapsed: 0 s - in org.apache.commons.vfs2.filter.OrFileFilterTest
[INFO] Running org.apache.commons.vfs2.filter.NameFileFilterTest
[INFO] Tests run: 6, Failures: 0, Errors: 0, Skipped: 0, Time elapsed: 0 s - in org.apache.commons.vfs2.filter.NameFileFilterTest
[INFO] Running org.apache.commons.vfs2.filter.CanWriteFileFilterTest
[INFO] Tests run: 3, Failures: 0, Errors: 0, Skipped: 0, Time elapsed: 0.004 s - in org.apache.commons.vfs2.filter.CanWriteFileFilterTest
[INFO] Running org.apache.commons.vfs2.filter.PrefixFileFilterTest
[INFO] Tests run: 6, Failures: 0, Errors: 0, Skipped: 0, Time elapsed: 0 s - in org.apache.commons.vfs2.filter.PrefixFileFilterTest
[INFO] Running org.apache.commons.vfs2.filter.SuffixFileFilterTest
[INFO] Tests run: 6, Failures: 0, Errors: 0, Skipped: 0, Time elapsed: 0 s - in org.apache.commons.vfs2.filter.SuffixFileFilterTest
[INFO] Running org.apache.commons.vfs2.filter.AgeFileFilterTest
[INFO] Tests run: 6, Failures: 0, Errors: 0, Skipped: 0, Time elapsed: 0.011 s - in org.apache.commons.vfs2.filter.AgeFileFilterTest
[INFO] Running org.apache.commons.vfs2.filter.CanExecuteFileFilterTest
[WARNING] Tests run: 1, Failures: 0, Errors: 0, Skipped: 1, Time elapsed: 0 s - in org.apache.commons.vfs2.filter.CanExecuteFileFilterTest
[INFO] Running org.apache.commons.vfs2.filter.WildcardFileFilterTest
[INFO] Tests run: 6, Failures: 0, Errors: 0, Skipped: 0, Time elapsed: 0 s - in org.apache.commons.vfs2.filter.WildcardFileFilterTest
[INFO] Running org.apache.commons.vfs2.filter.DirectoryAndFileFilterTest
[INFO] Tests run: 3, Failures: 0, Errors: 0, Skipped: 0, Time elapsed: 0.009 s - in org.apache.commons.vfs2.filter.DirectoryAndFileFilterTest
[INFO] Running org.apache.commons.vfs2.filter.HiddenFileFilterTest
[INFO] Tests run: 3, Failures: 0, Errors: 0, Skipped: 0, Time elapsed: 0.02 s - in org.apache.commons.vfs2.filter.HiddenFileFilterTest
[INFO] Running org.apache.commons.vfs2.filter.EmptyFileFilterTest
[INFO] Tests run: 3, Failures: 0, Errors: 0, Skipped: 0, Time elapsed: 0.017 s - in org.apache.commons.vfs2.filter.EmptyFileFilterTest
[INFO] Running org.apache.commons.vfs2.filter.NotFileFilterTest
[INFO] Tests run: 1, Failures: 0, Errors: 0, Skipped: 0, Time elapsed: 0 s - in org.apache.commons.vfs2.filter.NotFileFilterTest
[INFO] Running org.apache.commons.vfs2.filter.SymbolicLinkFileFilterTest
[WARNING] Tests run: 1, Failures: 0, Errors: 0, Skipped: 1, Time elapsed: 0 s - in org.apache.commons.vfs2.filter.SymbolicLinkFileFilterTest
[INFO] Running org.apache.commons.vfs2.filter.RegexFileFilterTestCase
[INFO] Tests run: 5, Failures: 0, Errors: 0, Skipped: 0, Time elapsed: 0 s - in org.apache.commons.vfs2.filter.RegexFileFilterTestCase
[INFO] Running org.apache.commons.vfs2.filter.AndFileFilterTest
[INFO] Tests run: 7, Failures: 0, Errors: 0, Skipped: 0, Time elapsed: 0 s - in org.apache.commons.vfs2.filter.AndFileFilterTest
[INFO] Running org.apache.commons.vfs2.NamingTests
[ERROR] Tests run: 8, Failures: 0, Errors: 8, Skipped: 0, Time elapsed: 0 s <<< FAILURE! - in org.apache.commons.vfs2.NamingTests
[ERROR] testAbsoluteNameConvert(org.apache.commons.vfs2.NamingTests)  Time elapsed: 0 s  <<< ERROR!
java.lang.NullPointerException: Cannot invoke "org.apache.commons.vfs2.FileObject.getName()" because the return value of "org.apache.commons.vfs2.NamingTests.getReadFolder()" is null
	at org.apache.commons.vfs2.NamingTests.testAbsoluteNameConvert(NamingTests.java:131)
	at java.base/jdk.internal.reflect.NativeMethodAccessorImpl.invoke0(Native Method)
	at java.base/jdk.internal.reflect.NativeMethodAccessorImpl.invoke(NativeMethodAccessorImpl.java:77)
	at java.base/jdk.internal.reflect.DelegatingMethodAccessorImpl.invoke(DelegatingMethodAccessorImpl.java:43)
	at java.base/java.lang.reflect.Method.invoke(Method.java:569)
	at junit.framework.TestCase.runTest(TestCase.java:177)
	at org.apache.commons.vfs2.AbstractProviderTestCase.runTest(AbstractProviderTestCase.java:309)
	at junit.framework.TestCase.runBare(TestCase.java:142)
	at junit.framework.TestResult$1.protect(TestResult.java:122)
	at junit.framework.TestResult.runProtected(TestResult.java:142)
	at junit.framework.TestResult.run(TestResult.java:125)
	at junit.framework.TestCase.run(TestCase.java:130)
	at junit.framework.TestSuite.runTest(TestSuite.java:241)
	at junit.framework.TestSuite.run(TestSuite.java:236)
	at org.junit.internal.runners.JUnit38ClassRunner.run(JUnit38ClassRunner.java:90)
	at org.apache.maven.surefire.junit4.JUnit4Provider.execute(JUnit4Provider.java:365)
	at org.apache.maven.surefire.junit4.JUnit4Provider.executeWithRerun(JUnit4Provider.java:273)
	at org.apache.maven.surefire.junit4.JUnit4Provider.executeTestSet(JUnit4Provider.java:238)
	at org.apache.maven.surefire.junit4.JUnit4Provider.invoke(JUnit4Provider.java:159)
	at org.apache.maven.surefire.booter.ForkedBooter.invokeProviderInSameClassLoader(ForkedBooter.java:383)
	at org.apache.maven.surefire.booter.ForkedBooter.runSuitesInProcess(ForkedBooter.java:344)
	at org.apache.maven.surefire.booter.ForkedBooter.execute(ForkedBooter.java:125)
	at org.apache.maven.surefire.booter.ForkedBooter.main(ForkedBooter.java:417)

[ERROR] testRelativeUriEncoding(org.apache.commons.vfs2.NamingTests)  Time elapsed: 0 s  <<< ERROR!
java.lang.NullPointerException: Cannot invoke "org.apache.commons.vfs2.impl.DefaultFileSystemManager.setBaseFile(org.apache.commons.vfs2.FileObject)" because the return value of "org.apache.commons.vfs2.NamingTests.getManager()" is null
	at org.apache.commons.vfs2.NamingTests.testRelativeUriEncoding(NamingTests.java:341)
	at java.base/jdk.internal.reflect.NativeMethodAccessorImpl.invoke0(Native Method)
	at java.base/jdk.internal.reflect.NativeMethodAccessorImpl.invoke(NativeMethodAccessorImpl.java:77)
	at java.base/jdk.internal.reflect.DelegatingMethodAccessorImpl.invoke(DelegatingMethodAccessorImpl.java:43)
	at java.base/java.lang.reflect.Method.invoke(Method.java:569)
	at junit.framework.TestCase.runTest(TestCase.java:177)
	at org.apache.commons.vfs2.AbstractProviderTestCase.runTest(AbstractProviderTestCase.java:309)
	at junit.framework.TestCase.runBare(TestCase.java:142)
	at junit.framework.TestResult$1.protect(TestResult.java:122)
	at junit.framework.TestResult.runProtected(TestResult.java:142)
	at junit.framework.TestResult.run(TestResult.java:125)
	at junit.framework.TestCase.run(TestCase.java:130)
	at junit.framework.TestSuite.runTest(TestSuite.java:241)
	at junit.framework.TestSuite.run(TestSuite.java:236)
	at org.junit.internal.runners.JUnit38ClassRunner.run(JUnit38ClassRunner.java:90)
	at org.apache.maven.surefire.junit4.JUnit4Provider.execute(JUnit4Provider.java:365)
	at org.apache.maven.surefire.junit4.JUnit4Provider.executeWithRerun(JUnit4Provider.java:273)
	at org.apache.maven.surefire.junit4.JUnit4Provider.executeTestSet(JUnit4Provider.java:238)
	at org.apache.maven.surefire.junit4.JUnit4Provider.invoke(JUnit4Provider.java:159)
	at org.apache.maven.surefire.booter.ForkedBooter.invokeProviderInSameClassLoader(ForkedBooter.java:383)
	at org.apache.maven.surefire.booter.ForkedBooter.runSuitesInProcess(ForkedBooter.java:344)
	at org.apache.maven.surefire.booter.ForkedBooter.execute(ForkedBooter.java:125)
	at org.apache.maven.surefire.booter.ForkedBooter.main(ForkedBooter.java:417)

[ERROR] testChildName(org.apache.commons.vfs2.NamingTests)  Time elapsed: 0 s  <<< ERROR!
java.lang.NullPointerException: Cannot invoke "org.apache.commons.vfs2.FileObject.getName()" because the return value of "org.apache.commons.vfs2.NamingTests.getReadFolder()" is null
	at org.apache.commons.vfs2.NamingTests.testChildName(NamingTests.java:199)
	at java.base/jdk.internal.reflect.NativeMethodAccessorImpl.invoke0(Native Method)
	at java.base/jdk.internal.reflect.NativeMethodAccessorImpl.invoke(NativeMethodAccessorImpl.java:77)
	at java.base/jdk.internal.reflect.DelegatingMethodAccessorImpl.invoke(DelegatingMethodAccessorImpl.java:43)
	at java.base/java.lang.reflect.Method.invoke(Method.java:569)
	at junit.framework.TestCase.runTest(TestCase.java:177)
	at org.apache.commons.vfs2.AbstractProviderTestCase.runTest(AbstractProviderTestCase.java:309)
	at junit.framework.TestCase.runBare(TestCase.java:142)
	at junit.framework.TestResult$1.protect(TestResult.java:122)
	at junit.framework.TestResult.runProtected(TestResult.java:142)
	at junit.framework.TestResult.run(TestResult.java:125)
	at junit.framework.TestCase.run(TestCase.java:130)
	at junit.framework.TestSuite.runTest(TestSuite.java:241)
	at junit.framework.TestSuite.run(TestSuite.java:236)
	at org.junit.internal.runners.JUnit38ClassRunner.run(JUnit38ClassRunner.java:90)
	at org.apache.maven.surefire.junit4.JUnit4Provider.execute(JUnit4Provider.java:365)
	at org.apache.maven.surefire.junit4.JUnit4Provider.executeWithRerun(JUnit4Provider.java:273)
	at org.apache.maven.surefire.junit4.JUnit4Provider.executeTestSet(JUnit4Provider.java:238)
	at org.apache.maven.surefire.junit4.JUnit4Provider.invoke(JUnit4Provider.java:159)
	at org.apache.maven.surefire.booter.ForkedBooter.invokeProviderInSameClassLoader(ForkedBooter.java:383)
	at org.apache.maven.surefire.booter.ForkedBooter.runSuitesInProcess(ForkedBooter.java:344)
	at org.apache.maven.surefire.booter.ForkedBooter.execute(ForkedBooter.java:125)
	at org.apache.maven.surefire.booter.ForkedBooter.main(ForkedBooter.java:417)

[ERROR] testRelativeURI(org.apache.commons.vfs2.NamingTests)  Time elapsed: 0 s  <<< ERROR!
java.lang.NullPointerException: Cannot invoke "org.apache.commons.vfs2.impl.DefaultFileSystemManager.setBaseFile(org.apache.commons.vfs2.FileObject)" because the return value of "org.apache.commons.vfs2.NamingTests.getManager()" is null
	at org.apache.commons.vfs2.NamingTests.testRelativeURI(NamingTests.java:313)
	at java.base/jdk.internal.reflect.NativeMethodAccessorImpl.invoke0(Native Method)
	at java.base/jdk.internal.reflect.NativeMethodAccessorImpl.invoke(NativeMethodAccessorImpl.java:77)
	at java.base/jdk.internal.reflect.DelegatingMethodAccessorImpl.invoke(DelegatingMethodAccessorImpl.java:43)
	at java.base/java.lang.reflect.Method.invoke(Method.java:569)
	at junit.framework.TestCase.runTest(TestCase.java:177)
	at org.apache.commons.vfs2.AbstractProviderTestCase.runTest(AbstractProviderTestCase.java:309)
	at junit.framework.TestCase.runBare(TestCase.java:142)
	at junit.framework.TestResult$1.protect(TestResult.java:122)
	at junit.framework.TestResult.runProtected(TestResult.java:142)
	at junit.framework.TestResult.run(TestResult.java:125)
	at junit.framework.TestCase.run(TestCase.java:130)
	at junit.framework.TestSuite.runTest(TestSuite.java:241)
	at junit.framework.TestSuite.run(TestSuite.java:236)
	at org.junit.internal.runners.JUnit38ClassRunner.run(JUnit38ClassRunner.java:90)
	at org.apache.maven.surefire.junit4.JUnit4Provider.execute(JUnit4Provider.java:365)
	at org.apache.maven.surefire.junit4.JUnit4Provider.executeWithRerun(JUnit4Provider.java:273)
	at org.apache.maven.surefire.junit4.JUnit4Provider.executeTestSet(JUnit4Provider.java:238)
	at org.apache.maven.surefire.junit4.JUnit4Provider.invoke(JUnit4Provider.java:159)
	at org.apache.maven.surefire.booter.ForkedBooter.invokeProviderInSameClassLoader(ForkedBooter.java:383)
	at org.apache.maven.surefire.booter.ForkedBooter.runSuitesInProcess(ForkedBooter.java:344)
	at org.apache.maven.surefire.booter.ForkedBooter.execute(ForkedBooter.java:125)
	at org.apache.maven.surefire.booter.ForkedBooter.main(ForkedBooter.java:417)

ended at: 2026-01-12 00:54:25
