id,project,test_class,test_name,test_file_path,focal_file_path,focal_class,focal_package,oracle_type,junit_version
rng-_1_1,commons-rng-1.4-src,CollectionSamplerTest,testSampleTrivial_1_oe,commons-rng-sampling/src/test/java/org/apache/commons/rng/sampling/CollectionSamplerTest.java,,,,assert,unknown
rng-_2_1,commons-rng-1.4-src,CollectionSamplerTest,testSamplePrecondition_1_oe,commons-rng-sampling/src/test/java/org/apache/commons/rng/sampling/CollectionSamplerTest.java,,,,assert,unknown
rng-_3_1,commons-rng-1.4-src,CompositeSamplersTest,testDiscreteProbabilitySampler_1_oe,commons-rng-sampling/src/test/java/org/apache/commons/rng/sampling/CompositeSamplersTest.java,,,,assert,unknown
rng-_4_1,commons-rng-1.4-src,CompositeSamplersTest,testEmptyBuilderThrows_1_oe,commons-rng-sampling/src/test/java/org/apache/commons/rng/sampling/CompositeSamplersTest.java,,,,assert,unknown
rng-_4_2,commons-rng-1.4-src,CompositeSamplersTest,testEmptyBuilderThrows_2_oe,commons-rng-sampling/src/test/java/org/apache/commons/rng/sampling/CompositeSamplersTest.java,,,,assert,unknown
rng-_5_1,commons-rng-1.4-src,CompositeSamplersTest,testNullSharedStateObjectSamplerThrows_1_oe,commons-rng-sampling/src/test/java/org/apache/commons/rng/sampling/CompositeSamplersTest.java,,,,assert,unknown
rng-_6_1,commons-rng-1.4-src,CompositeSamplersTest,testInvalidWeights_1_oe,commons-rng-sampling/src/test/java/org/apache/commons/rng/sampling/CompositeSamplersTest.java,,,,assert,unknown
rng-_6_2,commons-rng-1.4-src,CompositeSamplersTest,testInvalidWeights_2_oe,commons-rng-sampling/src/test/java/org/apache/commons/rng/sampling/CompositeSamplersTest.java,,,,assert,unknown
rng-_6_3,commons-rng-1.4-src,CompositeSamplersTest,testInvalidWeights_3_oe,commons-rng-sampling/src/test/java/org/apache/commons/rng/sampling/CompositeSamplersTest.java,,,,assert,unknown
rng-_7_1,commons-rng-1.4-src,CompositeSamplersTest,testSingleSharedStateObjectSampler_1_oe,commons-rng-sampling/src/test/java/org/apache/commons/rng/sampling/CompositeSamplersTest.java,,,,assert,unknown
rng-_7_2,commons-rng-1.4-src,CompositeSamplersTest,testSingleSharedStateObjectSampler_2_oe,commons-rng-sampling/src/test/java/org/apache/commons/rng/sampling/CompositeSamplersTest.java,,,,assert,unknown
rng-_8_1,commons-rng-1.4-src,CompositeSamplersTest,testSharedStateObjectSamplerSamplesWithCustomSharedStateDiscreteSamplerFactory_1_oe,commons-rng-sampling/src/test/java/org/apache/commons/rng/sampling/CompositeSamplersTest.java,,,,assert,unknown
rng-_9_1,commons-rng-1.4-src,CompositeSamplersTest,testSharedStateObjectSamplerSamplesWithCustomDiscreteSamplerFactory_1_oe,commons-rng-sampling/src/test/java/org/apache/commons/rng/sampling/CompositeSamplersTest.java,,,,assert,unknown
rng-_10_1,commons-rng-1.4-src,CompositeSamplersTest,testObjectSamplerSamplesWithVeryLargeWeights_1_oe,commons-rng-sampling/src/test/java/org/apache/commons/rng/sampling/CompositeSamplersTest.java,,,,assert,unknown
rng-_11_1,commons-rng-1.4-src,CompositeSamplersTest,testObjectSamplerSamplesWithSubNormalWeights_1_oe,commons-rng-sampling/src/test/java/org/apache/commons/rng/sampling/CompositeSamplersTest.java,,,,assert,unknown
rng-_11_2,commons-rng-1.4-src,CompositeSamplersTest,testObjectSamplerSamplesWithSubNormalWeights_2_oe,commons-rng-sampling/src/test/java/org/apache/commons/rng/sampling/CompositeSamplersTest.java,,,,assert,unknown
rng-_11_3,commons-rng-1.4-src,CompositeSamplersTest,testObjectSamplerSamplesWithSubNormalWeights_3_oe,commons-rng-sampling/src/test/java/org/apache/commons/rng/sampling/CompositeSamplersTest.java,,,,assert,unknown
rng-_11_4,commons-rng-1.4-src,CompositeSamplersTest,testObjectSamplerSamplesWithSubNormalWeights_4_oe,commons-rng-sampling/src/test/java/org/apache/commons/rng/sampling/CompositeSamplersTest.java,,,,assert,unknown
rng-_12_1,commons-rng-1.4-src,CombinationSamplerTest,testSampleWhenNequalsKIsNotShuffled_1_oe,commons-rng-sampling/src/test/java/org/apache/commons/rng/sampling/CombinationSamplerTest.java,,,,assert,unknown
rng-_12_2,commons-rng-1.4-src,CombinationSamplerTest,testSampleWhenNequalsKIsNotShuffled_2_oe,commons-rng-sampling/src/test/java/org/apache/commons/rng/sampling/CombinationSamplerTest.java,,,,assert,unknown
rng-_13_1,commons-rng-1.4-src,CombinationSamplerTest,testKgreaterThanNThrows_1_oe,commons-rng-sampling/src/test/java/org/apache/commons/rng/sampling/CombinationSamplerTest.java,,,,assert,unknown
rng-_14_1,commons-rng-1.4-src,CombinationSamplerTest,testNequalsZeroThrows_1_oe,commons-rng-sampling/src/test/java/org/apache/commons/rng/sampling/CombinationSamplerTest.java,,,,assert,unknown
rng-_15_1,commons-rng-1.4-src,CombinationSamplerTest,testKequalsZeroThrows_1_oe,commons-rng-sampling/src/test/java/org/apache/commons/rng/sampling/CombinationSamplerTest.java,,,,assert,unknown
rng-_16_1,commons-rng-1.4-src,CombinationSamplerTest,testNisNegativeThrows_1_oe,commons-rng-sampling/src/test/java/org/apache/commons/rng/sampling/CombinationSamplerTest.java,,,,assert,unknown
rng-_17_1,commons-rng-1.4-src,CombinationSamplerTest,testKisNegativeThrows_1_oe,commons-rng-sampling/src/test/java/org/apache/commons/rng/sampling/CombinationSamplerTest.java,,,,assert,unknown
rng-_18_1,commons-rng-1.4-src,DiscreteProbabilityCollectionSamplerTest,testPrecondition1_1_oe,commons-rng-sampling/src/test/java/org/apache/commons/rng/sampling/DiscreteProbabilityCollectionSamplerTest.java,,,,assert,unknown
rng-_19_1,commons-rng-1.4-src,DiscreteProbabilityCollectionSamplerTest,testPrecondition2_1_oe,commons-rng-sampling/src/test/java/org/apache/commons/rng/sampling/DiscreteProbabilityCollectionSamplerTest.java,,,,assert,unknown
rng-_20_1,commons-rng-1.4-src,DiscreteProbabilityCollectionSamplerTest,testPrecondition3_1_oe,commons-rng-sampling/src/test/java/org/apache/commons/rng/sampling/DiscreteProbabilityCollectionSamplerTest.java,,,,assert,unknown
rng-_21_1,commons-rng-1.4-src,DiscreteProbabilityCollectionSamplerTest,testPrecondition4_1_oe,commons-rng-sampling/src/test/java/org/apache/commons/rng/sampling/DiscreteProbabilityCollectionSamplerTest.java,,,,assert,unknown
rng-_22_1,commons-rng-1.4-src,DiscreteProbabilityCollectionSamplerTest,testPrecondition5_1_oe,commons-rng-sampling/src/test/java/org/apache/commons/rng/sampling/DiscreteProbabilityCollectionSamplerTest.java,,,,assert,unknown
rng-_23_1,commons-rng-1.4-src,DiscreteProbabilityCollectionSamplerTest,testPrecondition6_1_oe,commons-rng-sampling/src/test/java/org/apache/commons/rng/sampling/DiscreteProbabilityCollectionSamplerTest.java,,,,assert,unknown
rng-_24_1,commons-rng-1.4-src,DiscreteProbabilityCollectionSamplerTest,testPrecondition7_1_oe,commons-rng-sampling/src/test/java/org/apache/commons/rng/sampling/DiscreteProbabilityCollectionSamplerTest.java,,,,assert,unknown
rng-_25_1,commons-rng-1.4-src,DiscreteProbabilityCollectionSamplerTest,testSample_1_oe,commons-rng-sampling/src/test/java/org/apache/commons/rng/sampling/DiscreteProbabilityCollectionSamplerTest.java,,,,assert,unknown
rng-_25_2,commons-rng-1.4-src,DiscreteProbabilityCollectionSamplerTest,testSample_2_oe,commons-rng-sampling/src/test/java/org/apache/commons/rng/sampling/DiscreteProbabilityCollectionSamplerTest.java,,,,assert,unknown
rng-_26_1,commons-rng-1.4-src,DiscreteProbabilityCollectionSamplerTest,testSampleUsingMap_1_oe,commons-rng-sampling/src/test/java/org/apache/commons/rng/sampling/DiscreteProbabilityCollectionSamplerTest.java,,,,assert,unknown
rng-_27_1,commons-rng-1.4-src,DiscreteProbabilityCollectionSamplerTest,testSampleWithProbabilityAtLastItem_1_oe,commons-rng-sampling/src/test/java/org/apache/commons/rng/sampling/DiscreteProbabilityCollectionSamplerTest.java,,,,assert,unknown
rng-_27_2,commons-rng-1.4-src,DiscreteProbabilityCollectionSamplerTest,testSampleWithProbabilityAtLastItem_2_oe,commons-rng-sampling/src/test/java/org/apache/commons/rng/sampling/DiscreteProbabilityCollectionSamplerTest.java,,,,assert,unknown
rng-_27_3,commons-rng-1.4-src,DiscreteProbabilityCollectionSamplerTest,testSampleWithProbabilityAtLastItem_3_oe,commons-rng-sampling/src/test/java/org/apache/commons/rng/sampling/DiscreteProbabilityCollectionSamplerTest.java,,,,assert,unknown
rng-_28_1,commons-rng-1.4-src,UnitSphereSamplerTest,testInvalidDimensionThrows_1_oe,commons-rng-sampling/src/test/java/org/apache/commons/rng/sampling/UnitSphereSamplerTest.java,,,,assert,unknown
rng-_29_1,commons-rng-1.4-src,UnitSphereSamplerTest,testInvalidDimensionThrowsWithFactoryConstructor_1_oe,commons-rng-sampling/src/test/java/org/apache/commons/rng/sampling/UnitSphereSamplerTest.java,,,,assert,unknown
rng-_30_1,commons-rng-1.4-src,UnitSphereSamplerTest,testBadProvider2D_1_oe,commons-rng-sampling/src/test/java/org/apache/commons/rng/sampling/UnitSphereSamplerTest.java,,,,assert,unknown
rng-_31_1,commons-rng-1.4-src,UnitSphereSamplerTest,testBadProvider3D_1_oe,commons-rng-sampling/src/test/java/org/apache/commons/rng/sampling/UnitSphereSamplerTest.java,,,,assert,unknown
rng-_32_1,commons-rng-1.4-src,UnitSphereSamplerTest,testBadProvider4D_1_oe,commons-rng-sampling/src/test/java/org/apache/commons/rng/sampling/UnitSphereSamplerTest.java,,,,assert,unknown
rng-_33_1,commons-rng-1.4-src,UnitSphereSamplerTest,testNextNormSquaredAfterZeroIsValid_1_oe,commons-rng-sampling/src/test/java/org/apache/commons/rng/sampling/UnitSphereSamplerTest.java,,,,assert,unknown
rng-_34_1,commons-rng-1.4-src,PermutationSamplerTest,testSampleTrivial_1_oe,commons-rng-sampling/src/test/java/org/apache/commons/rng/sampling/PermutationSamplerTest.java,,,,assert,unknown
rng-_35_1,commons-rng-1.4-src,PermutationSamplerTest,testSampleBoundaryCase_1_oe,commons-rng-sampling/src/test/java/org/apache/commons/rng/sampling/PermutationSamplerTest.java,,,,assert,unknown
rng-_35_2,commons-rng-1.4-src,PermutationSamplerTest,testSampleBoundaryCase_2_oe,commons-rng-sampling/src/test/java/org/apache/commons/rng/sampling/PermutationSamplerTest.java,,,,assert,unknown
rng-_36_1,commons-rng-1.4-src,PermutationSamplerTest,testSamplePrecondition1_1_oe,commons-rng-sampling/src/test/java/org/apache/commons/rng/sampling/PermutationSamplerTest.java,,,,assert,unknown
rng-_37_1,commons-rng-1.4-src,PermutationSamplerTest,testSamplePrecondition2_1_oe,commons-rng-sampling/src/test/java/org/apache/commons/rng/sampling/PermutationSamplerTest.java,,,,assert,unknown
rng-_38_1,commons-rng-1.4-src,PermutationSamplerTest,testSamplePrecondition3_1_oe,commons-rng-sampling/src/test/java/org/apache/commons/rng/sampling/PermutationSamplerTest.java,,,,assert,unknown
rng-_39_1,commons-rng-1.4-src,PermutationSamplerTest,testSamplePrecondition4_1_oe,commons-rng-sampling/src/test/java/org/apache/commons/rng/sampling/PermutationSamplerTest.java,,,,assert,unknown
rng-_40_1,commons-rng-1.4-src,PermutationSamplerTest,testNatural_1_oe,commons-rng-sampling/src/test/java/org/apache/commons/rng/sampling/PermutationSamplerTest.java,,,,assert,unknown
rng-_41_1,commons-rng-1.4-src,PermutationSamplerTest,testNaturalZero_1_oe,commons-rng-sampling/src/test/java/org/apache/commons/rng/sampling/PermutationSamplerTest.java,,,,assert,unknown
rng-_42_1,commons-rng-1.4-src,PermutationSamplerTest,testShuffleNoDuplicates_1_oe,commons-rng-sampling/src/test/java/org/apache/commons/rng/sampling/PermutationSamplerTest.java,,,,assert,unknown
rng-_43_1,commons-rng-1.4-src,PermutationSamplerTest,testShuffleTail_1_oe,commons-rng-sampling/src/test/java/org/apache/commons/rng/sampling/PermutationSamplerTest.java,,,,assert,unknown
rng-_43_2,commons-rng-1.4-src,PermutationSamplerTest,testShuffleTail_2_oe,commons-rng-sampling/src/test/java/org/apache/commons/rng/sampling/PermutationSamplerTest.java,,,,assert,unknown
rng-_44_1,commons-rng-1.4-src,PermutationSamplerTest,testShuffleHead_1_oe,commons-rng-sampling/src/test/java/org/apache/commons/rng/sampling/PermutationSamplerTest.java,,,,assert,unknown
rng-_44_2,commons-rng-1.4-src,PermutationSamplerTest,testShuffleHead_2_oe,commons-rng-sampling/src/test/java/org/apache/commons/rng/sampling/PermutationSamplerTest.java,,,,assert,unknown
rng-_45_1,commons-rng-1.4-src,ListSamplerTest,testSample_1_oe,commons-rng-sampling/src/test/java/org/apache/commons/rng/sampling/ListSamplerTest.java,,,,assert,unknown
rng-_46_1,commons-rng-1.4-src,ListSamplerTest,testSampleWhole_1_oe,commons-rng-sampling/src/test/java/org/apache/commons/rng/sampling/ListSamplerTest.java,,,,assert,unknown
rng-_46_2,commons-rng-1.4-src,ListSamplerTest,testSampleWhole_2_oe,commons-rng-sampling/src/test/java/org/apache/commons/rng/sampling/ListSamplerTest.java,,,,assert,unknown
rng-_47_1,commons-rng-1.4-src,ListSamplerTest,testSamplePrecondition1_1_oe,commons-rng-sampling/src/test/java/org/apache/commons/rng/sampling/ListSamplerTest.java,,,,assert,unknown
rng-_48_1,commons-rng-1.4-src,ListSamplerTest,testSamplePrecondition2_1_oe,commons-rng-sampling/src/test/java/org/apache/commons/rng/sampling/ListSamplerTest.java,,,,assert,unknown
rng-_49_1,commons-rng-1.4-src,ListSamplerTest,testShuffle_1_oe,commons-rng-sampling/src/test/java/org/apache/commons/rng/sampling/ListSamplerTest.java,,,,assert,unknown
rng-_49_2,commons-rng-1.4-src,ListSamplerTest,testShuffle_2_oe,commons-rng-sampling/src/test/java/org/apache/commons/rng/sampling/ListSamplerTest.java,,,,assert,unknown
rng-_50_1,commons-rng-1.4-src,ListSamplerTest,testShuffleTail_1_oe,commons-rng-sampling/src/test/java/org/apache/commons/rng/sampling/ListSamplerTest.java,,,,assert,unknown
rng-_50_2,commons-rng-1.4-src,ListSamplerTest,testShuffleTail_2_oe,commons-rng-sampling/src/test/java/org/apache/commons/rng/sampling/ListSamplerTest.java,,,,assert,unknown
rng-_51_1,commons-rng-1.4-src,ListSamplerTest,testShuffleHead_1_oe,commons-rng-sampling/src/test/java/org/apache/commons/rng/sampling/ListSamplerTest.java,,,,assert,unknown
rng-_51_2,commons-rng-1.4-src,ListSamplerTest,testShuffleHead_2_oe,commons-rng-sampling/src/test/java/org/apache/commons/rng/sampling/ListSamplerTest.java,,,,assert,unknown
rng-_52_1,commons-rng-1.4-src,TriangleSamplerTest,testSamplingAssumptions_1_oe,commons-rng-sampling/src/test/java/org/apache/commons/rng/sampling/shape/TriangleSamplerTest.java,,,,assert,unknown
rng-_52_2,commons-rng-1.4-src,TriangleSamplerTest,testSamplingAssumptions_2_oe,commons-rng-sampling/src/test/java/org/apache/commons/rng/sampling/shape/TriangleSamplerTest.java,,,,assert,unknown
rng-_52_3,commons-rng-1.4-src,TriangleSamplerTest,testSamplingAssumptions_3_oe,commons-rng-sampling/src/test/java/org/apache/commons/rng/sampling/shape/TriangleSamplerTest.java,,,,assert,unknown
rng-_52_4,commons-rng-1.4-src,TriangleSamplerTest,testSamplingAssumptions_4_oe,commons-rng-sampling/src/test/java/org/apache/commons/rng/sampling/shape/TriangleSamplerTest.java,,,,assert,unknown
rng-_53_1,commons-rng-1.4-src,TriangleSamplerTest,testInvalidDimensionThrows_1_oe,commons-rng-sampling/src/test/java/org/apache/commons/rng/sampling/shape/TriangleSamplerTest.java,,,,assert,unknown
rng-_54_1,commons-rng-1.4-src,TriangleSamplerTest,testDimensionMismatchThrows_1_oe,commons-rng-sampling/src/test/java/org/apache/commons/rng/sampling/shape/TriangleSamplerTest.java,,,,assert,unknown
rng-_55_1,commons-rng-1.4-src,TriangleSamplerTest,testNonFiniteVertexCoordinates_1_oe,commons-rng-sampling/src/test/java/org/apache/commons/rng/sampling/shape/TriangleSamplerTest.java,,,,assert,unknown
rng-_55_2,commons-rng-1.4-src,TriangleSamplerTest,testNonFiniteVertexCoordinates_2_oe,commons-rng-sampling/src/test/java/org/apache/commons/rng/sampling/shape/TriangleSamplerTest.java,,,,assert,unknown
rng-_56_1,commons-rng-1.4-src,TriangleSamplerTest,testRotations3D_1_oe,commons-rng-sampling/src/test/java/org/apache/commons/rng/sampling/shape/TriangleSamplerTest.java,,,,assert,unknown
rng-_56_2,commons-rng-1.4-src,TriangleSamplerTest,testRotations3D_2_oe,commons-rng-sampling/src/test/java/org/apache/commons/rng/sampling/shape/TriangleSamplerTest.java,,,,assert,unknown
rng-_56_3,commons-rng-1.4-src,TriangleSamplerTest,testRotations3D_3_oe,commons-rng-sampling/src/test/java/org/apache/commons/rng/sampling/shape/TriangleSamplerTest.java,,,,assert,unknown
rng-_57_1,commons-rng-1.4-src,TriangleSamplerTest,testRotations4D_1_oe,commons-rng-sampling/src/test/java/org/apache/commons/rng/sampling/shape/TriangleSamplerTest.java,,,,assert,unknown
rng-_57_2,commons-rng-1.4-src,TriangleSamplerTest,testRotations4D_2_oe,commons-rng-sampling/src/test/java/org/apache/commons/rng/sampling/shape/TriangleSamplerTest.java,,,,assert,unknown
rng-_57_3,commons-rng-1.4-src,TriangleSamplerTest,testRotations4D_3_oe,commons-rng-sampling/src/test/java/org/apache/commons/rng/sampling/shape/TriangleSamplerTest.java,,,,assert,unknown
rng-_58_1,commons-rng-1.4-src,TriangleSamplerTest,testTriangleContains_1_oe,commons-rng-sampling/src/test/java/org/apache/commons/rng/sampling/shape/TriangleSamplerTest.java,,,,assert,unknown
rng-_58_2,commons-rng-1.4-src,TriangleSamplerTest,testTriangleContains_2_oe,commons-rng-sampling/src/test/java/org/apache/commons/rng/sampling/shape/TriangleSamplerTest.java,,,,assert,unknown
rng-_58_3,commons-rng-1.4-src,TriangleSamplerTest,testTriangleContains_3_oe,commons-rng-sampling/src/test/java/org/apache/commons/rng/sampling/shape/TriangleSamplerTest.java,,,,assert,unknown
rng-_58_4,commons-rng-1.4-src,TriangleSamplerTest,testTriangleContains_4_oe,commons-rng-sampling/src/test/java/org/apache/commons/rng/sampling/shape/TriangleSamplerTest.java,,,,assert,unknown
rng-_58_5,commons-rng-1.4-src,TriangleSamplerTest,testTriangleContains_5_oe,commons-rng-sampling/src/test/java/org/apache/commons/rng/sampling/shape/TriangleSamplerTest.java,,,,assert,unknown
rng-_58_6,commons-rng-1.4-src,TriangleSamplerTest,testTriangleContains_6_oe,commons-rng-sampling/src/test/java/org/apache/commons/rng/sampling/shape/TriangleSamplerTest.java,,,,assert,unknown
rng-_58_7,commons-rng-1.4-src,TriangleSamplerTest,testTriangleContains_7_oe,commons-rng-sampling/src/test/java/org/apache/commons/rng/sampling/shape/TriangleSamplerTest.java,,,,assert,unknown
rng-_58_8,commons-rng-1.4-src,TriangleSamplerTest,testTriangleContains_8_oe,commons-rng-sampling/src/test/java/org/apache/commons/rng/sampling/shape/TriangleSamplerTest.java,,,,assert,unknown
rng-_58_9,commons-rng-1.4-src,TriangleSamplerTest,testTriangleContains_9_oe,commons-rng-sampling/src/test/java/org/apache/commons/rng/sampling/shape/TriangleSamplerTest.java,,,,assert,unknown
rng-_58_10,commons-rng-1.4-src,TriangleSamplerTest,testTriangleContains_10_oe,commons-rng-sampling/src/test/java/org/apache/commons/rng/sampling/shape/TriangleSamplerTest.java,,,,assert,unknown
rng-_58_11,commons-rng-1.4-src,TriangleSamplerTest,testTriangleContains_11_oe,commons-rng-sampling/src/test/java/org/apache/commons/rng/sampling/shape/TriangleSamplerTest.java,,,,assert,unknown
rng-_59_1,commons-rng-1.4-src,CoordinatesTest,testRequireFiniteWithMessageThrows_1_oe,commons-rng-sampling/src/test/java/org/apache/commons/rng/sampling/shape/CoordinatesTest.java,,,,assert,unknown
rng-_59_2,commons-rng-1.4-src,CoordinatesTest,testRequireFiniteWithMessageThrows_2_oe,commons-rng-sampling/src/test/java/org/apache/commons/rng/sampling/shape/CoordinatesTest.java,,,,assert,unknown
rng-_59_3,commons-rng-1.4-src,CoordinatesTest,testRequireFiniteWithMessageThrows_3_oe,commons-rng-sampling/src/test/java/org/apache/commons/rng/sampling/shape/CoordinatesTest.java,,,,assert,unknown
rng-_60_1,commons-rng-1.4-src,CoordinatesTest,testRequireLengthWithMessageThrows_1_oe,commons-rng-sampling/src/test/java/org/apache/commons/rng/sampling/shape/CoordinatesTest.java,,,,assert,unknown
rng-_60_2,commons-rng-1.4-src,CoordinatesTest,testRequireLengthWithMessageThrows_2_oe,commons-rng-sampling/src/test/java/org/apache/commons/rng/sampling/shape/CoordinatesTest.java,,,,assert,unknown
rng-_60_3,commons-rng-1.4-src,CoordinatesTest,testRequireLengthWithMessageThrows_3_oe,commons-rng-sampling/src/test/java/org/apache/commons/rng/sampling/shape/CoordinatesTest.java,,,,assert,unknown
rng-_60_4,commons-rng-1.4-src,CoordinatesTest,testRequireLengthWithMessageThrows_4_oe,commons-rng-sampling/src/test/java/org/apache/commons/rng/sampling/shape/CoordinatesTest.java,,,,assert,unknown
rng-_60_5,commons-rng-1.4-src,CoordinatesTest,testRequireLengthWithMessageThrows_5_oe,commons-rng-sampling/src/test/java/org/apache/commons/rng/sampling/shape/CoordinatesTest.java,,,,assert,unknown
rng-_61_1,commons-rng-1.4-src,UnitBallSamplerTest,testInvalidDimensionThrows_1_oe,commons-rng-sampling/src/test/java/org/apache/commons/rng/sampling/shape/UnitBallSamplerTest.java,,,,assert,unknown
rng-_62_1,commons-rng-1.4-src,UnitBallSamplerTest,checkVolumeFunctions_1_oe,commons-rng-sampling/src/test/java/org/apache/commons/rng/sampling/shape/UnitBallSamplerTest.java,,,,assert,unknown
rng-_63_1,commons-rng-1.4-src,TetrahedronSamplerTest,testInvalidDimensionThrows_1_oe,commons-rng-sampling/src/test/java/org/apache/commons/rng/sampling/shape/TetrahedronSamplerTest.java,,,,assert,unknown
rng-_64_1,commons-rng-1.4-src,TetrahedronSamplerTest,testNonFiniteVertexCoordinates_1_oe,commons-rng-sampling/src/test/java/org/apache/commons/rng/sampling/shape/TetrahedronSamplerTest.java,,,,assert,unknown
rng-_64_2,commons-rng-1.4-src,TetrahedronSamplerTest,testNonFiniteVertexCoordinates_2_oe,commons-rng-sampling/src/test/java/org/apache/commons/rng/sampling/shape/TetrahedronSamplerTest.java,,,,assert,unknown
rng-_65_1,commons-rng-1.4-src,TetrahedronSamplerTest,testExtremeValueCoordinates_1_oe,commons-rng-sampling/src/test/java/org/apache/commons/rng/sampling/shape/TetrahedronSamplerTest.java,,,,assert,unknown
rng-_65_2,commons-rng-1.4-src,TetrahedronSamplerTest,testExtremeValueCoordinates_2_oe,commons-rng-sampling/src/test/java/org/apache/commons/rng/sampling/shape/TetrahedronSamplerTest.java,,,,assert,unknown
rng-_65_3,commons-rng-1.4-src,TetrahedronSamplerTest,testExtremeValueCoordinates_3_oe,commons-rng-sampling/src/test/java/org/apache/commons/rng/sampling/shape/TetrahedronSamplerTest.java,,,,assert,unknown
rng-_65_4,commons-rng-1.4-src,TetrahedronSamplerTest,testExtremeValueCoordinates_4_oe,commons-rng-sampling/src/test/java/org/apache/commons/rng/sampling/shape/TetrahedronSamplerTest.java,,,,assert,unknown
rng-_66_1,commons-rng-1.4-src,TetrahedronSamplerTest,testDistribution_1_oe,commons-rng-sampling/src/test/java/org/apache/commons/rng/sampling/shape/TetrahedronSamplerTest.java,,,,assert,unknown
rng-_67_1,commons-rng-1.4-src,TetrahedronSamplerTest,testChangedInputCoordinates_1_oe,commons-rng-sampling/src/test/java/org/apache/commons/rng/sampling/shape/TetrahedronSamplerTest.java,,,,assert,unknown
rng-_67_2,commons-rng-1.4-src,TetrahedronSamplerTest,testChangedInputCoordinates_2_oe,commons-rng-sampling/src/test/java/org/apache/commons/rng/sampling/shape/TetrahedronSamplerTest.java,,,,assert,unknown
rng-_67_3,commons-rng-1.4-src,TetrahedronSamplerTest,testChangedInputCoordinates_3_oe,commons-rng-sampling/src/test/java/org/apache/commons/rng/sampling/shape/TetrahedronSamplerTest.java,,,,assert,unknown
rng-_68_1,commons-rng-1.4-src,TetrahedronSamplerTest,testTetrahedronContains_1_oe,commons-rng-sampling/src/test/java/org/apache/commons/rng/sampling/shape/TetrahedronSamplerTest.java,,,,assert,unknown
rng-_68_2,commons-rng-1.4-src,TetrahedronSamplerTest,testTetrahedronContains_2_oe,commons-rng-sampling/src/test/java/org/apache/commons/rng/sampling/shape/TetrahedronSamplerTest.java,,,,assert,unknown
rng-_68_3,commons-rng-1.4-src,TetrahedronSamplerTest,testTetrahedronContains_3_oe,commons-rng-sampling/src/test/java/org/apache/commons/rng/sampling/shape/TetrahedronSamplerTest.java,,,,assert,unknown
rng-_68_4,commons-rng-1.4-src,TetrahedronSamplerTest,testTetrahedronContains_4_oe,commons-rng-sampling/src/test/java/org/apache/commons/rng/sampling/shape/TetrahedronSamplerTest.java,,,,assert,unknown
rng-_68_5,commons-rng-1.4-src,TetrahedronSamplerTest,testTetrahedronContains_5_oe,commons-rng-sampling/src/test/java/org/apache/commons/rng/sampling/shape/TetrahedronSamplerTest.java,,,,assert,unknown
rng-_68_6,commons-rng-1.4-src,TetrahedronSamplerTest,testTetrahedronContains_6_oe,commons-rng-sampling/src/test/java/org/apache/commons/rng/sampling/shape/TetrahedronSamplerTest.java,,,,assert,unknown
rng-_68_7,commons-rng-1.4-src,TetrahedronSamplerTest,testTetrahedronContains_7_oe,commons-rng-sampling/src/test/java/org/apache/commons/rng/sampling/shape/TetrahedronSamplerTest.java,,,,assert,unknown
rng-_68_8,commons-rng-1.4-src,TetrahedronSamplerTest,testTetrahedronContains_8_oe,commons-rng-sampling/src/test/java/org/apache/commons/rng/sampling/shape/TetrahedronSamplerTest.java,,,,assert,unknown
rng-_68_9,commons-rng-1.4-src,TetrahedronSamplerTest,testTetrahedronContains_9_oe,commons-rng-sampling/src/test/java/org/apache/commons/rng/sampling/shape/TetrahedronSamplerTest.java,,,,assert,unknown
rng-_68_10,commons-rng-1.4-src,TetrahedronSamplerTest,testTetrahedronContains_10_oe,commons-rng-sampling/src/test/java/org/apache/commons/rng/sampling/shape/TetrahedronSamplerTest.java,,,,assert,unknown
rng-_68_11,commons-rng-1.4-src,TetrahedronSamplerTest,testTetrahedronContains_11_oe,commons-rng-sampling/src/test/java/org/apache/commons/rng/sampling/shape/TetrahedronSamplerTest.java,,,,assert,unknown
rng-_68_12,commons-rng-1.4-src,TetrahedronSamplerTest,testTetrahedronContains_12_oe,commons-rng-sampling/src/test/java/org/apache/commons/rng/sampling/shape/TetrahedronSamplerTest.java,,,,assert,unknown
rng-_68_13,commons-rng-1.4-src,TetrahedronSamplerTest,testTetrahedronContains_13_oe,commons-rng-sampling/src/test/java/org/apache/commons/rng/sampling/shape/TetrahedronSamplerTest.java,,,,assert,unknown
rng-_68_14,commons-rng-1.4-src,TetrahedronSamplerTest,testTetrahedronContains_14_oe,commons-rng-sampling/src/test/java/org/apache/commons/rng/sampling/shape/TetrahedronSamplerTest.java,,,,assert,unknown
rng-_68_15,commons-rng-1.4-src,TetrahedronSamplerTest,testTetrahedronContains_15_oe,commons-rng-sampling/src/test/java/org/apache/commons/rng/sampling/shape/TetrahedronSamplerTest.java,,,,assert,unknown
rng-_68_16,commons-rng-1.4-src,TetrahedronSamplerTest,testTetrahedronContains_16_oe,commons-rng-sampling/src/test/java/org/apache/commons/rng/sampling/shape/TetrahedronSamplerTest.java,,,,assert,unknown
rng-_68_17,commons-rng-1.4-src,TetrahedronSamplerTest,testTetrahedronContains_17_oe,commons-rng-sampling/src/test/java/org/apache/commons/rng/sampling/shape/TetrahedronSamplerTest.java,,,,assert,unknown
rng-_68_18,commons-rng-1.4-src,TetrahedronSamplerTest,testTetrahedronContains_18_oe,commons-rng-sampling/src/test/java/org/apache/commons/rng/sampling/shape/TetrahedronSamplerTest.java,,,,assert,unknown
rng-_68_19,commons-rng-1.4-src,TetrahedronSamplerTest,testTetrahedronContains_19_oe,commons-rng-sampling/src/test/java/org/apache/commons/rng/sampling/shape/TetrahedronSamplerTest.java,,,,assert,unknown
rng-_68_20,commons-rng-1.4-src,TetrahedronSamplerTest,testTetrahedronContains_20_oe,commons-rng-sampling/src/test/java/org/apache/commons/rng/sampling/shape/TetrahedronSamplerTest.java,,,,assert,unknown
rng-_69_1,commons-rng-1.4-src,BoxSamplerTest,testInvalidDimensionThrows_1_oe,commons-rng-sampling/src/test/java/org/apache/commons/rng/sampling/shape/BoxSamplerTest.java,,,,assert,unknown
rng-_70_1,commons-rng-1.4-src,BoxSamplerTest,testDimensionMismatchThrows_1_oe,commons-rng-sampling/src/test/java/org/apache/commons/rng/sampling/shape/BoxSamplerTest.java,,,,assert,unknown
rng-_71_1,commons-rng-1.4-src,BoxSamplerTest,testNonFiniteVertexCoordinates_1_oe,commons-rng-sampling/src/test/java/org/apache/commons/rng/sampling/shape/BoxSamplerTest.java,,,,assert,unknown
rng-_71_2,commons-rng-1.4-src,BoxSamplerTest,testNonFiniteVertexCoordinates_2_oe,commons-rng-sampling/src/test/java/org/apache/commons/rng/sampling/shape/BoxSamplerTest.java,,,,assert,unknown
rng-_72_1,commons-rng-1.4-src,LineSamplerTest,testInvalidDimensionThrows_1_oe,commons-rng-sampling/src/test/java/org/apache/commons/rng/sampling/shape/LineSamplerTest.java,,,,assert,unknown
rng-_73_1,commons-rng-1.4-src,LineSamplerTest,testDimensionMismatchThrows_1_oe,commons-rng-sampling/src/test/java/org/apache/commons/rng/sampling/shape/LineSamplerTest.java,,,,assert,unknown
rng-_74_1,commons-rng-1.4-src,LineSamplerTest,testNonFiniteVertexCoordinates_1_oe,commons-rng-sampling/src/test/java/org/apache/commons/rng/sampling/shape/LineSamplerTest.java,,,,assert,unknown
rng-_74_2,commons-rng-1.4-src,LineSamplerTest,testNonFiniteVertexCoordinates_2_oe,commons-rng-sampling/src/test/java/org/apache/commons/rng/sampling/shape/LineSamplerTest.java,,,,assert,unknown
rng-_75_1,commons-rng-1.4-src,GeometricSamplerTest,testProbabilityOfSuccessIsOneGeneratesZeroForSamples_1_oe,commons-rng-sampling/src/test/java/org/apache/commons/rng/sampling/distribution/GeometricSamplerTest.java,,,,assert,unknown
rng-_76_1,commons-rng-1.4-src,GeometricSamplerTest,testProbabilityOfSuccessUnderOneIsValid_1_oe,commons-rng-sampling/src/test/java/org/apache/commons/rng/sampling/distribution/GeometricSamplerTest.java,,,,assert,unknown
rng-_77_1,commons-rng-1.4-src,GeometricSamplerTest,testProbabilityOfSuccessIsOneSamplerToString_1_oe,commons-rng-sampling/src/test/java/org/apache/commons/rng/sampling/distribution/GeometricSamplerTest.java,,,,assert,unknown
rng-_78_1,commons-rng-1.4-src,GeometricSamplerTest,testProbabilityOfSuccessIsAlmostZeroGeneratesMaxValueForSamples_1_oe,commons-rng-sampling/src/test/java/org/apache/commons/rng/sampling/distribution/GeometricSamplerTest.java,,,,assert,unknown
rng-_79_1,commons-rng-1.4-src,GeometricSamplerTest,testProbabilityOfSuccessAboveOneThrows_1_oe,commons-rng-sampling/src/test/java/org/apache/commons/rng/sampling/distribution/GeometricSamplerTest.java,,,,assert,unknown
rng-_80_1,commons-rng-1.4-src,GeometricSamplerTest,testProbabilityOfSuccessIsZeroThrows_1_oe,commons-rng-sampling/src/test/java/org/apache/commons/rng/sampling/distribution/GeometricSamplerTest.java,,,,assert,unknown
rng-_81_1,commons-rng-1.4-src,AhrensDieterExponentialSamplerTest,testConstructorThrowsWithZeroMean_1_oe,commons-rng-sampling/src/test/java/org/apache/commons/rng/sampling/distribution/AhrensDieterExponentialSamplerTest.java,,,,assert,unknown
rng-_82_1,commons-rng-1.4-src,AhrensDieterExponentialSamplerTest,testSamplerWithZeroFromRandomGenerator_1_oe,commons-rng-sampling/src/test/java/org/apache/commons/rng/sampling/distribution/AhrensDieterExponentialSamplerTest.java,,,,assert,unknown
rng-_82_2,commons-rng-1.4-src,AhrensDieterExponentialSamplerTest,testSamplerWithZeroFromRandomGenerator_2_oe,commons-rng-sampling/src/test/java/org/apache/commons/rng/sampling/distribution/AhrensDieterExponentialSamplerTest.java,,,,assert,unknown
rng-_83_1,commons-rng-1.4-src,AhrensDieterExponentialSamplerTest,testSamplerWithOneFromRandomGenerator_1_oe,commons-rng-sampling/src/test/java/org/apache/commons/rng/sampling/distribution/AhrensDieterExponentialSamplerTest.java,,,,assert,unknown
rng-_84_1,commons-rng-1.4-src,DiscreteUniformSamplerTest,testConstructorThrowsWithLowerAboveUpper_1_oe,commons-rng-sampling/src/test/java/org/apache/commons/rng/sampling/distribution/DiscreteUniformSamplerTest.java,,,,assert,unknown
rng-_85_1,commons-rng-1.4-src,DiscreteUniformSamplerTest,testSamplesWithRangeOf1_1_oe,commons-rng-sampling/src/test/java/org/apache/commons/rng/sampling/distribution/DiscreteUniformSamplerTest.java,,,,assert,unknown
rng-_86_1,commons-rng-1.4-src,DiscreteUniformSamplerTest,testSamplesWithFullRange_1_oe,commons-rng-sampling/src/test/java/org/apache/commons/rng/sampling/distribution/DiscreteUniformSamplerTest.java,,,,assert,unknown
rng-_87_1,commons-rng-1.4-src,DiscreteUniformSamplerTest,testSamplesWithSmallNonPowerOf2Range_1_oe,commons-rng-sampling/src/test/java/org/apache/commons/rng/sampling/distribution/DiscreteUniformSamplerTest.java,,,,assert,unknown
rng-_88_1,commons-rng-1.4-src,DiscreteUniformSamplerTest,testSamplesWithPowerOf2Range_1_oe,commons-rng-sampling/src/test/java/org/apache/commons/rng/sampling/distribution/DiscreteUniformSamplerTest.java,,,,assert,unknown
rng-_88_2,commons-rng-1.4-src,DiscreteUniformSamplerTest,testSamplesWithPowerOf2Range_2_oe,commons-rng-sampling/src/test/java/org/apache/commons/rng/sampling/distribution/DiscreteUniformSamplerTest.java,,,,assert,unknown
rng-_89_1,commons-rng-1.4-src,DiscreteUniformSamplerTest,testSamplesWithPowerOf2RangeIsBitShift_1_oe,commons-rng-sampling/src/test/java/org/apache/commons/rng/sampling/distribution/DiscreteUniformSamplerTest.java,,,,assert,unknown
rng-_90_1,commons-rng-1.4-src,DiscreteUniformSamplerTest,testSamplesWithLargeNonPowerOf2RangeIsRejectionMethod_1_oe,commons-rng-sampling/src/test/java/org/apache/commons/rng/sampling/distribution/DiscreteUniformSamplerTest.java,,,,assert,unknown
rng-_91_1,commons-rng-1.4-src,DiscreteUniformSamplerTest,testSampleUniformityWithNonPowerOf2Range_1_oe,commons-rng-sampling/src/test/java/org/apache/commons/rng/sampling/distribution/DiscreteUniformSamplerTest.java,,,,assert,unknown
rng-_92_1,commons-rng-1.4-src,DiscreteUniformSamplerTest,testSampleUniformityWithPowerOf2Range_1_oe,commons-rng-sampling/src/test/java/org/apache/commons/rng/sampling/distribution/DiscreteUniformSamplerTest.java,,,,assert,unknown
rng-_93_1,commons-rng-1.4-src,DiscreteUniformSamplerTest,testSampleRejectionWithNonPowerOf2Range_1_oe,commons-rng-sampling/src/test/java/org/apache/commons/rng/sampling/distribution/DiscreteUniformSamplerTest.java,,,,assert,unknown
rng-_93_2,commons-rng-1.4-src,DiscreteUniformSamplerTest,testSampleRejectionWithNonPowerOf2Range_2_oe,commons-rng-sampling/src/test/java/org/apache/commons/rng/sampling/distribution/DiscreteUniformSamplerTest.java,,,,assert,unknown
rng-_94_1,commons-rng-1.4-src,LogNormalSamplerTest,testConstructorThrowsWithNegativeScale_1_oe,commons-rng-sampling/src/test/java/org/apache/commons/rng/sampling/distribution/LogNormalSamplerTest.java,,,,assert,unknown
rng-_95_1,commons-rng-1.4-src,LogNormalSamplerTest,testConstructorThrowsWithZeroShape_1_oe,commons-rng-sampling/src/test/java/org/apache/commons/rng/sampling/distribution/LogNormalSamplerTest.java,,,,assert,unknown
rng-_96_1,commons-rng-1.4-src,LogNormalSamplerTest,testSharedStateSamplerThrowsIfUnderlyingSamplerDoesNotShareState_1_oe,commons-rng-sampling/src/test/java/org/apache/commons/rng/sampling/distribution/LogNormalSamplerTest.java,,,,assert,unknown
rng-_97_1,commons-rng-1.4-src,LogNormalSamplerTest,testSharedStateSamplerThrowsIfUnderlyingSamplerReturnsWrongSharedState_1_oe,commons-rng-sampling/src/test/java/org/apache/commons/rng/sampling/distribution/LogNormalSamplerTest.java,,,,assert,unknown
rng-_98_1,commons-rng-1.4-src,ChengBetaSamplerTest,testConstructorThrowsWithZeroAlpha_1_oe,commons-rng-sampling/src/test/java/org/apache/commons/rng/sampling/distribution/ChengBetaSamplerTest.java,,,,assert,unknown
rng-_99_1,commons-rng-1.4-src,ChengBetaSamplerTest,testConstructorThrowsWithZeroBeta_1_oe,commons-rng-sampling/src/test/java/org/apache/commons/rng/sampling/distribution/ChengBetaSamplerTest.java,,,,assert,unknown
rng-_100_1,commons-rng-1.4-src,ChengBetaSamplerTest,testToString_1_oe,commons-rng-sampling/src/test/java/org/apache/commons/rng/sampling/distribution/ChengBetaSamplerTest.java,,,,assert,unknown
rng-_101_1,commons-rng-1.4-src,InverseTransformParetoSamplerTest,testConstructorThrowsWithZeroScale_1_oe,commons-rng-sampling/src/test/java/org/apache/commons/rng/sampling/distribution/InverseTransformParetoSamplerTest.java,,,,assert,unknown
rng-_102_1,commons-rng-1.4-src,InverseTransformParetoSamplerTest,testConstructorThrowsWithZeroShape_1_oe,commons-rng-sampling/src/test/java/org/apache/commons/rng/sampling/distribution/InverseTransformParetoSamplerTest.java,,,,assert,unknown
rng-_103_1,commons-rng-1.4-src,ZigguratSamplerTest,testExponentialConstructorThrowsWithZeroMean_1_oe,commons-rng-sampling/src/test/java/org/apache/commons/rng/sampling/distribution/ZigguratSamplerTest.java,,,,assert,unknown
rng-_104_1,commons-rng-1.4-src,ZigguratSamplerTest,testExponentialRecursion_1_oe,commons-rng-sampling/src/test/java/org/apache/commons/rng/sampling/distribution/ZigguratSamplerTest.java,,,,assert,unknown
rng-_104_2,commons-rng-1.4-src,ZigguratSamplerTest,testExponentialRecursion_2_oe,commons-rng-sampling/src/test/java/org/apache/commons/rng/sampling/distribution/ZigguratSamplerTest.java,,,,assert,unknown
rng-_104_3,commons-rng-1.4-src,ZigguratSamplerTest,testExponentialRecursion_3_oe,commons-rng-sampling/src/test/java/org/apache/commons/rng/sampling/distribution/ZigguratSamplerTest.java,,,,assert,unknown
rng-_104_4,commons-rng-1.4-src,ZigguratSamplerTest,testExponentialRecursion_4_oe,commons-rng-sampling/src/test/java/org/apache/commons/rng/sampling/distribution/ZigguratSamplerTest.java,,,,assert,unknown
rng-_104_5,commons-rng-1.4-src,ZigguratSamplerTest,testExponentialRecursion_5_oe,commons-rng-sampling/src/test/java/org/apache/commons/rng/sampling/distribution/ZigguratSamplerTest.java,,,,assert,unknown
rng-_104_6,commons-rng-1.4-src,ZigguratSamplerTest,testExponentialRecursion_6_oe,commons-rng-sampling/src/test/java/org/apache/commons/rng/sampling/distribution/ZigguratSamplerTest.java,,,,assert,unknown
rng-_105_1,commons-rng-1.4-src,ZigguratNormalizedGaussianSamplerTest,testInfiniteLoop_1_oe,commons-rng-sampling/src/test/java/org/apache/commons/rng/sampling/distribution/ZigguratNormalizedGaussianSamplerTest.java,,,,assert,unknown
rng-_106_1,commons-rng-1.4-src,GaussianSamplerTest,testConstructorThrowsWithZeroStandardDeviation_1_oe,commons-rng-sampling/src/test/java/org/apache/commons/rng/sampling/distribution/GaussianSamplerTest.java,,,,assert,unknown
rng-_107_1,commons-rng-1.4-src,GaussianSamplerTest,testConstructorThrowsWithInfiniteStandardDeviation_1_oe,commons-rng-sampling/src/test/java/org/apache/commons/rng/sampling/distribution/GaussianSamplerTest.java,,,,assert,unknown
rng-_108_1,commons-rng-1.4-src,GaussianSamplerTest,testConstructorThrowsWithNaNStandardDeviation_1_oe,commons-rng-sampling/src/test/java/org/apache/commons/rng/sampling/distribution/GaussianSamplerTest.java,,,,assert,unknown
rng-_109_1,commons-rng-1.4-src,GaussianSamplerTest,testConstructorThrowsWithInfiniteMean_1_oe,commons-rng-sampling/src/test/java/org/apache/commons/rng/sampling/distribution/GaussianSamplerTest.java,,,,assert,unknown
rng-_110_1,commons-rng-1.4-src,GaussianSamplerTest,testConstructorThrowsWithNaNMean_1_oe,commons-rng-sampling/src/test/java/org/apache/commons/rng/sampling/distribution/GaussianSamplerTest.java,,,,assert,unknown
rng-_111_1,commons-rng-1.4-src,GaussianSamplerTest,testSharedStateSamplerThrowsIfUnderlyingSamplerDoesNotShareState_1_oe,commons-rng-sampling/src/test/java/org/apache/commons/rng/sampling/distribution/GaussianSamplerTest.java,,,,assert,unknown
rng-_112_1,commons-rng-1.4-src,GaussianSamplerTest,testSharedStateSamplerThrowsIfUnderlyingSamplerReturnsWrongSharedState_1_oe,commons-rng-sampling/src/test/java/org/apache/commons/rng/sampling/distribution/GaussianSamplerTest.java,,,,assert,unknown
rng-_113_1,commons-rng-1.4-src,StableSamplerTest,testAlphaTooCloseToZeroThrows_1_oe,commons-rng-sampling/src/test/java/org/apache/commons/rng/sampling/distribution/StableSamplerTest.java,,,,assert,unknown
rng-_113_2,commons-rng-1.4-src,StableSamplerTest,testAlphaTooCloseToZeroThrows_2_oe,commons-rng-sampling/src/test/java/org/apache/commons/rng/sampling/distribution/StableSamplerTest.java,,,,assert,unknown
rng-_113_3,commons-rng-1.4-src,StableSamplerTest,testAlphaTooCloseToZeroThrows_3_oe,commons-rng-sampling/src/test/java/org/apache/commons/rng/sampling/distribution/StableSamplerTest.java,,,,assert,unknown
rng-_114_1,commons-rng-1.4-src,StableSamplerTest,testTauLimits_1_oe,commons-rng-sampling/src/test/java/org/apache/commons/rng/sampling/distribution/StableSamplerTest.java,,,,assert,unknown
rng-_114_2,commons-rng-1.4-src,StableSamplerTest,testTauLimits_2_oe,commons-rng-sampling/src/test/java/org/apache/commons/rng/sampling/distribution/StableSamplerTest.java,,,,assert,unknown
rng-_114_3,commons-rng-1.4-src,StableSamplerTest,testTauLimits_3_oe,commons-rng-sampling/src/test/java/org/apache/commons/rng/sampling/distribution/StableSamplerTest.java,,,,assert,unknown
rng-_114_4,commons-rng-1.4-src,StableSamplerTest,testTauLimits_4_oe,commons-rng-sampling/src/test/java/org/apache/commons/rng/sampling/distribution/StableSamplerTest.java,,,,assert,unknown
rng-_114_5,commons-rng-1.4-src,StableSamplerTest,testTauLimits_5_oe,commons-rng-sampling/src/test/java/org/apache/commons/rng/sampling/distribution/StableSamplerTest.java,,,,assert,unknown
rng-_114_6,commons-rng-1.4-src,StableSamplerTest,testTauLimits_6_oe,commons-rng-sampling/src/test/java/org/apache/commons/rng/sampling/distribution/StableSamplerTest.java,,,,assert,unknown
rng-_114_7,commons-rng-1.4-src,StableSamplerTest,testTauLimits_7_oe,commons-rng-sampling/src/test/java/org/apache/commons/rng/sampling/distribution/StableSamplerTest.java,,,,assert,unknown
rng-_114_8,commons-rng-1.4-src,StableSamplerTest,testTauLimits_8_oe,commons-rng-sampling/src/test/java/org/apache/commons/rng/sampling/distribution/StableSamplerTest.java,,,,assert,unknown
rng-_114_9,commons-rng-1.4-src,StableSamplerTest,testTauLimits_9_oe,commons-rng-sampling/src/test/java/org/apache/commons/rng/sampling/distribution/StableSamplerTest.java,,,,assert,unknown
rng-_114_10,commons-rng-1.4-src,StableSamplerTest,testTauLimits_10_oe,commons-rng-sampling/src/test/java/org/apache/commons/rng/sampling/distribution/StableSamplerTest.java,,,,assert,unknown
rng-_114_11,commons-rng-1.4-src,StableSamplerTest,testTauLimits_11_oe,commons-rng-sampling/src/test/java/org/apache/commons/rng/sampling/distribution/StableSamplerTest.java,,,,assert,unknown
rng-_114_12,commons-rng-1.4-src,StableSamplerTest,testTauLimits_12_oe,commons-rng-sampling/src/test/java/org/apache/commons/rng/sampling/distribution/StableSamplerTest.java,,,,assert,unknown
rng-_114_13,commons-rng-1.4-src,StableSamplerTest,testTauLimits_13_oe,commons-rng-sampling/src/test/java/org/apache/commons/rng/sampling/distribution/StableSamplerTest.java,,,,assert,unknown
rng-_114_14,commons-rng-1.4-src,StableSamplerTest,testTauLimits_14_oe,commons-rng-sampling/src/test/java/org/apache/commons/rng/sampling/distribution/StableSamplerTest.java,,,,assert,unknown
rng-_114_15,commons-rng-1.4-src,StableSamplerTest,testTauLimits_15_oe,commons-rng-sampling/src/test/java/org/apache/commons/rng/sampling/distribution/StableSamplerTest.java,,,,assert,unknown
rng-_114_16,commons-rng-1.4-src,StableSamplerTest,testTauLimits_16_oe,commons-rng-sampling/src/test/java/org/apache/commons/rng/sampling/distribution/StableSamplerTest.java,,,,assert,unknown
rng-_114_17,commons-rng-1.4-src,StableSamplerTest,testTauLimits_17_oe,commons-rng-sampling/src/test/java/org/apache/commons/rng/sampling/distribution/StableSamplerTest.java,,,,assert,unknown
rng-_114_18,commons-rng-1.4-src,StableSamplerTest,testTauLimits_18_oe,commons-rng-sampling/src/test/java/org/apache/commons/rng/sampling/distribution/StableSamplerTest.java,,,,assert,unknown
rng-_114_19,commons-rng-1.4-src,StableSamplerTest,testTauLimits_19_oe,commons-rng-sampling/src/test/java/org/apache/commons/rng/sampling/distribution/StableSamplerTest.java,,,,assert,unknown
rng-_115_1,commons-rng-1.4-src,StableSamplerTest,testA2IsNotZero_1_oe,commons-rng-sampling/src/test/java/org/apache/commons/rng/sampling/distribution/StableSamplerTest.java,,,,assert,unknown
rng-_115_2,commons-rng-1.4-src,StableSamplerTest,testA2IsNotZero_2_oe,commons-rng-sampling/src/test/java/org/apache/commons/rng/sampling/distribution/StableSamplerTest.java,,,,assert,unknown
rng-_115_3,commons-rng-1.4-src,StableSamplerTest,testA2IsNotZero_3_oe,commons-rng-sampling/src/test/java/org/apache/commons/rng/sampling/distribution/StableSamplerTest.java,,,,assert,unknown
rng-_115_4,commons-rng-1.4-src,StableSamplerTest,testA2IsNotZero_4_oe,commons-rng-sampling/src/test/java/org/apache/commons/rng/sampling/distribution/StableSamplerTest.java,,,,assert,unknown
rng-_115_5,commons-rng-1.4-src,StableSamplerTest,testA2IsNotZero_5_oe,commons-rng-sampling/src/test/java/org/apache/commons/rng/sampling/distribution/StableSamplerTest.java,,,,assert,unknown
rng-_115_6,commons-rng-1.4-src,StableSamplerTest,testA2IsNotZero_6_oe,commons-rng-sampling/src/test/java/org/apache/commons/rng/sampling/distribution/StableSamplerTest.java,,,,assert,unknown
rng-_115_7,commons-rng-1.4-src,StableSamplerTest,testA2IsNotZero_7_oe,commons-rng-sampling/src/test/java/org/apache/commons/rng/sampling/distribution/StableSamplerTest.java,,,,assert,unknown
rng-_115_8,commons-rng-1.4-src,StableSamplerTest,testA2IsNotZero_8_oe,commons-rng-sampling/src/test/java/org/apache/commons/rng/sampling/distribution/StableSamplerTest.java,,,,assert,unknown
rng-_116_1,commons-rng-1.4-src,StableSamplerTest,testZIsNotAlwaysAboveZero_1_oe,commons-rng-sampling/src/test/java/org/apache/commons/rng/sampling/distribution/StableSamplerTest.java,,,,assert,unknown
rng-_116_2,commons-rng-1.4-src,StableSamplerTest,testZIsNotAlwaysAboveZero_2_oe,commons-rng-sampling/src/test/java/org/apache/commons/rng/sampling/distribution/StableSamplerTest.java,,,,assert,unknown
rng-_116_3,commons-rng-1.4-src,StableSamplerTest,testZIsNotAlwaysAboveZero_3_oe,commons-rng-sampling/src/test/java/org/apache/commons/rng/sampling/distribution/StableSamplerTest.java,,,,assert,unknown
rng-_116_4,commons-rng-1.4-src,StableSamplerTest,testZIsNotAlwaysAboveZero_4_oe,commons-rng-sampling/src/test/java/org/apache/commons/rng/sampling/distribution/StableSamplerTest.java,,,,assert,unknown
rng-_116_5,commons-rng-1.4-src,StableSamplerTest,testZIsNotAlwaysAboveZero_5_oe,commons-rng-sampling/src/test/java/org/apache/commons/rng/sampling/distribution/StableSamplerTest.java,,,,assert,unknown
rng-_116_6,commons-rng-1.4-src,StableSamplerTest,testZIsNotAlwaysAboveZero_6_oe,commons-rng-sampling/src/test/java/org/apache/commons/rng/sampling/distribution/StableSamplerTest.java,,,,assert,unknown
rng-_116_7,commons-rng-1.4-src,StableSamplerTest,testZIsNotAlwaysAboveZero_7_oe,commons-rng-sampling/src/test/java/org/apache/commons/rng/sampling/distribution/StableSamplerTest.java,,,,assert,unknown
rng-_116_8,commons-rng-1.4-src,StableSamplerTest,testZIsNotAlwaysAboveZero_8_oe,commons-rng-sampling/src/test/java/org/apache/commons/rng/sampling/distribution/StableSamplerTest.java,,,,assert,unknown
rng-_116_9,commons-rng-1.4-src,StableSamplerTest,testZIsNotAlwaysAboveZero_9_oe,commons-rng-sampling/src/test/java/org/apache/commons/rng/sampling/distribution/StableSamplerTest.java,,,,assert,unknown
rng-_116_10,commons-rng-1.4-src,StableSamplerTest,testZIsNotAlwaysAboveZero_10_oe,commons-rng-sampling/src/test/java/org/apache/commons/rng/sampling/distribution/StableSamplerTest.java,,,,assert,unknown
rng-_116_11,commons-rng-1.4-src,StableSamplerTest,testZIsNotAlwaysAboveZero_11_oe,commons-rng-sampling/src/test/java/org/apache/commons/rng/sampling/distribution/StableSamplerTest.java,,,,assert,unknown
rng-_116_12,commons-rng-1.4-src,StableSamplerTest,testZIsNotAlwaysAboveZero_12_oe,commons-rng-sampling/src/test/java/org/apache/commons/rng/sampling/distribution/StableSamplerTest.java,,,,assert,unknown
rng-_116_13,commons-rng-1.4-src,StableSamplerTest,testZIsNotAlwaysAboveZero_13_oe,commons-rng-sampling/src/test/java/org/apache/commons/rng/sampling/distribution/StableSamplerTest.java,,,,assert,unknown
rng-_116_14,commons-rng-1.4-src,StableSamplerTest,testZIsNotAlwaysAboveZero_14_oe,commons-rng-sampling/src/test/java/org/apache/commons/rng/sampling/distribution/StableSamplerTest.java,,,,assert,unknown
rng-_116_15,commons-rng-1.4-src,StableSamplerTest,testZIsNotAlwaysAboveZero_15_oe,commons-rng-sampling/src/test/java/org/apache/commons/rng/sampling/distribution/StableSamplerTest.java,,,,assert,unknown
rng-_116_16,commons-rng-1.4-src,StableSamplerTest,testZIsNotAlwaysAboveZero_16_oe,commons-rng-sampling/src/test/java/org/apache/commons/rng/sampling/distribution/StableSamplerTest.java,,,,assert,unknown
rng-_116_17,commons-rng-1.4-src,StableSamplerTest,testZIsNotAlwaysAboveZero_17_oe,commons-rng-sampling/src/test/java/org/apache/commons/rng/sampling/distribution/StableSamplerTest.java,,,,assert,unknown
rng-_116_18,commons-rng-1.4-src,StableSamplerTest,testZIsNotAlwaysAboveZero_18_oe,commons-rng-sampling/src/test/java/org/apache/commons/rng/sampling/distribution/StableSamplerTest.java,,,,assert,unknown
rng-_116_19,commons-rng-1.4-src,StableSamplerTest,testZIsNotAlwaysAboveZero_19_oe,commons-rng-sampling/src/test/java/org/apache/commons/rng/sampling/distribution/StableSamplerTest.java,,,,assert,unknown
rng-_116_20,commons-rng-1.4-src,StableSamplerTest,testZIsNotAlwaysAboveZero_20_oe,commons-rng-sampling/src/test/java/org/apache/commons/rng/sampling/distribution/StableSamplerTest.java,,,,assert,unknown
rng-_116_21,commons-rng-1.4-src,StableSamplerTest,testZIsNotAlwaysAboveZero_21_oe,commons-rng-sampling/src/test/java/org/apache/commons/rng/sampling/distribution/StableSamplerTest.java,,,,assert,unknown
rng-_116_22,commons-rng-1.4-src,StableSamplerTest,testZIsNotAlwaysAboveZero_22_oe,commons-rng-sampling/src/test/java/org/apache/commons/rng/sampling/distribution/StableSamplerTest.java,,,,assert,unknown
rng-_116_23,commons-rng-1.4-src,StableSamplerTest,testZIsNotAlwaysAboveZero_23_oe,commons-rng-sampling/src/test/java/org/apache/commons/rng/sampling/distribution/StableSamplerTest.java,,,,assert,unknown
rng-_117_1,commons-rng-1.4-src,StableSamplerTest,testComputeDWhenZIsFiniteNonZero_1_oe,commons-rng-sampling/src/test/java/org/apache/commons/rng/sampling/distribution/StableSamplerTest.java,,,,assert,unknown
rng-_117_2,commons-rng-1.4-src,StableSamplerTest,testComputeDWhenZIsFiniteNonZero_2_oe,commons-rng-sampling/src/test/java/org/apache/commons/rng/sampling/distribution/StableSamplerTest.java,,,,assert,unknown
rng-_117_3,commons-rng-1.4-src,StableSamplerTest,testComputeDWhenZIsFiniteNonZero_3_oe,commons-rng-sampling/src/test/java/org/apache/commons/rng/sampling/distribution/StableSamplerTest.java,,,,assert,unknown
rng-_117_4,commons-rng-1.4-src,StableSamplerTest,testComputeDWhenZIsFiniteNonZero_4_oe,commons-rng-sampling/src/test/java/org/apache/commons/rng/sampling/distribution/StableSamplerTest.java,,,,assert,unknown
rng-_117_5,commons-rng-1.4-src,StableSamplerTest,testComputeDWhenZIsFiniteNonZero_5_oe,commons-rng-sampling/src/test/java/org/apache/commons/rng/sampling/distribution/StableSamplerTest.java,,,,assert,unknown
rng-_117_6,commons-rng-1.4-src,StableSamplerTest,testComputeDWhenZIsFiniteNonZero_6_oe,commons-rng-sampling/src/test/java/org/apache/commons/rng/sampling/distribution/StableSamplerTest.java,,,,assert,unknown
rng-_117_7,commons-rng-1.4-src,StableSamplerTest,testComputeDWhenZIsFiniteNonZero_7_oe,commons-rng-sampling/src/test/java/org/apache/commons/rng/sampling/distribution/StableSamplerTest.java,,,,assert,unknown
rng-_118_1,commons-rng-1.4-src,StableSamplerTest,testSinAlphaPhiMinusAtanZeta_1_oe,commons-rng-sampling/src/test/java/org/apache/commons/rng/sampling/distribution/StableSamplerTest.java,,,,assert,unknown
rng-_119_1,commons-rng-1.4-src,StableSamplerTest,testCosPhiMinusAlphaPhiXi_1_oe,commons-rng-sampling/src/test/java/org/apache/commons/rng/sampling/distribution/StableSamplerTest.java,,,,assert,unknown
rng-_119_2,commons-rng-1.4-src,StableSamplerTest,testCosPhiMinusAlphaPhiXi_2_oe,commons-rng-sampling/src/test/java/org/apache/commons/rng/sampling/distribution/StableSamplerTest.java,,,,assert,unknown
rng-_120_1,commons-rng-1.4-src,StableSamplerTest,testSinAlphaPhi_1_oe,commons-rng-sampling/src/test/java/org/apache/commons/rng/sampling/distribution/StableSamplerTest.java,,,,assert,unknown
rng-_120_2,commons-rng-1.4-src,StableSamplerTest,testSinAlphaPhi_2_oe,commons-rng-sampling/src/test/java/org/apache/commons/rng/sampling/distribution/StableSamplerTest.java,,,,assert,unknown
rng-_121_1,commons-rng-1.4-src,StableSamplerTest,testExpM1_1_oe,commons-rng-sampling/src/test/java/org/apache/commons/rng/sampling/distribution/StableSamplerTest.java,,,,assert,unknown
rng-_121_2,commons-rng-1.4-src,StableSamplerTest,testExpM1_2_oe,commons-rng-sampling/src/test/java/org/apache/commons/rng/sampling/distribution/StableSamplerTest.java,,,,assert,unknown
rng-_121_3,commons-rng-1.4-src,StableSamplerTest,testExpM1_3_oe,commons-rng-sampling/src/test/java/org/apache/commons/rng/sampling/distribution/StableSamplerTest.java,,,,assert,unknown
rng-_121_4,commons-rng-1.4-src,StableSamplerTest,testExpM1_4_oe,commons-rng-sampling/src/test/java/org/apache/commons/rng/sampling/distribution/StableSamplerTest.java,,,,assert,unknown
rng-_121_5,commons-rng-1.4-src,StableSamplerTest,testExpM1_5_oe,commons-rng-sampling/src/test/java/org/apache/commons/rng/sampling/distribution/StableSamplerTest.java,,,,assert,unknown
rng-_122_1,commons-rng-1.4-src,StableSamplerTest,testD2_1_oe,commons-rng-sampling/src/test/java/org/apache/commons/rng/sampling/distribution/StableSamplerTest.java,,,,assert,unknown
rng-_122_2,commons-rng-1.4-src,StableSamplerTest,testD2_2_oe,commons-rng-sampling/src/test/java/org/apache/commons/rng/sampling/distribution/StableSamplerTest.java,,,,assert,unknown
rng-_122_3,commons-rng-1.4-src,StableSamplerTest,testD2_3_oe,commons-rng-sampling/src/test/java/org/apache/commons/rng/sampling/distribution/StableSamplerTest.java,,,,assert,unknown
rng-_122_4,commons-rng-1.4-src,StableSamplerTest,testD2_4_oe,commons-rng-sampling/src/test/java/org/apache/commons/rng/sampling/distribution/StableSamplerTest.java,,,,assert,unknown
rng-_122_5,commons-rng-1.4-src,StableSamplerTest,testD2_5_oe,commons-rng-sampling/src/test/java/org/apache/commons/rng/sampling/distribution/StableSamplerTest.java,,,,assert,unknown
rng-_122_6,commons-rng-1.4-src,StableSamplerTest,testD2_6_oe,commons-rng-sampling/src/test/java/org/apache/commons/rng/sampling/distribution/StableSamplerTest.java,,,,assert,unknown
rng-_122_7,commons-rng-1.4-src,StableSamplerTest,testD2_7_oe,commons-rng-sampling/src/test/java/org/apache/commons/rng/sampling/distribution/StableSamplerTest.java,,,,assert,unknown
rng-_122_8,commons-rng-1.4-src,StableSamplerTest,testD2_8_oe,commons-rng-sampling/src/test/java/org/apache/commons/rng/sampling/distribution/StableSamplerTest.java,,,,assert,unknown
rng-_122_9,commons-rng-1.4-src,StableSamplerTest,testD2_9_oe,commons-rng-sampling/src/test/java/org/apache/commons/rng/sampling/distribution/StableSamplerTest.java,,,,assert,unknown
rng-_123_1,commons-rng-1.4-src,StableSamplerTest,testTan2_1_oe,commons-rng-sampling/src/test/java/org/apache/commons/rng/sampling/distribution/StableSamplerTest.java,,,,assert,unknown
rng-_123_2,commons-rng-1.4-src,StableSamplerTest,testTan2_2_oe,commons-rng-sampling/src/test/java/org/apache/commons/rng/sampling/distribution/StableSamplerTest.java,,,,assert,unknown
rng-_123_3,commons-rng-1.4-src,StableSamplerTest,testTan2_3_oe,commons-rng-sampling/src/test/java/org/apache/commons/rng/sampling/distribution/StableSamplerTest.java,,,,assert,unknown
rng-_123_4,commons-rng-1.4-src,StableSamplerTest,testTan2_4_oe,commons-rng-sampling/src/test/java/org/apache/commons/rng/sampling/distribution/StableSamplerTest.java,,,,assert,unknown
rng-_123_5,commons-rng-1.4-src,StableSamplerTest,testTan2_5_oe,commons-rng-sampling/src/test/java/org/apache/commons/rng/sampling/distribution/StableSamplerTest.java,,,,assert,unknown
rng-_123_6,commons-rng-1.4-src,StableSamplerTest,testTan2_6_oe,commons-rng-sampling/src/test/java/org/apache/commons/rng/sampling/distribution/StableSamplerTest.java,,,,assert,unknown
rng-_123_7,commons-rng-1.4-src,StableSamplerTest,testTan2_7_oe,commons-rng-sampling/src/test/java/org/apache/commons/rng/sampling/distribution/StableSamplerTest.java,,,,assert,unknown
rng-_123_8,commons-rng-1.4-src,StableSamplerTest,testTan2_8_oe,commons-rng-sampling/src/test/java/org/apache/commons/rng/sampling/distribution/StableSamplerTest.java,,,,assert,unknown
rng-_123_9,commons-rng-1.4-src,StableSamplerTest,testTan2_9_oe,commons-rng-sampling/src/test/java/org/apache/commons/rng/sampling/distribution/StableSamplerTest.java,,,,assert,unknown
rng-_123_10,commons-rng-1.4-src,StableSamplerTest,testTan2_10_oe,commons-rng-sampling/src/test/java/org/apache/commons/rng/sampling/distribution/StableSamplerTest.java,,,,assert,unknown
rng-_123_11,commons-rng-1.4-src,StableSamplerTest,testTan2_11_oe,commons-rng-sampling/src/test/java/org/apache/commons/rng/sampling/distribution/StableSamplerTest.java,,,,assert,unknown
rng-_123_12,commons-rng-1.4-src,StableSamplerTest,testTan2_12_oe,commons-rng-sampling/src/test/java/org/apache/commons/rng/sampling/distribution/StableSamplerTest.java,,,,assert,unknown
rng-_123_13,commons-rng-1.4-src,StableSamplerTest,testTan2_13_oe,commons-rng-sampling/src/test/java/org/apache/commons/rng/sampling/distribution/StableSamplerTest.java,,,,assert,unknown
rng-_123_14,commons-rng-1.4-src,StableSamplerTest,testTan2_14_oe,commons-rng-sampling/src/test/java/org/apache/commons/rng/sampling/distribution/StableSamplerTest.java,,,,assert,unknown
rng-_124_1,commons-rng-1.4-src,StableSamplerTest,testSamplesWithAlphaNot1_1_oe,commons-rng-sampling/src/test/java/org/apache/commons/rng/sampling/distribution/StableSamplerTest.java,,,,assert,unknown
rng-_124_2,commons-rng-1.4-src,StableSamplerTest,testSamplesWithAlphaNot1_2_oe,commons-rng-sampling/src/test/java/org/apache/commons/rng/sampling/distribution/StableSamplerTest.java,,,,assert,unknown
rng-_125_1,commons-rng-1.4-src,StableSamplerTest,testSamplesWithAlpha1_1_oe,commons-rng-sampling/src/test/java/org/apache/commons/rng/sampling/distribution/StableSamplerTest.java,,,,assert,unknown
rng-_125_2,commons-rng-1.4-src,StableSamplerTest,testSamplesWithAlpha1_2_oe,commons-rng-sampling/src/test/java/org/apache/commons/rng/sampling/distribution/StableSamplerTest.java,,,,assert,unknown
rng-_126_1,commons-rng-1.4-src,StableSamplerTest,testConvergenceWithAlphaCloseTo1_1_oe,commons-rng-sampling/src/test/java/org/apache/commons/rng/sampling/distribution/StableSamplerTest.java,,,,assert,unknown
rng-_126_2,commons-rng-1.4-src,StableSamplerTest,testConvergenceWithAlphaCloseTo1_2_oe,commons-rng-sampling/src/test/java/org/apache/commons/rng/sampling/distribution/StableSamplerTest.java,,,,assert,unknown
rng-_126_3,commons-rng-1.4-src,StableSamplerTest,testConvergenceWithAlphaCloseTo1_3_oe,commons-rng-sampling/src/test/java/org/apache/commons/rng/sampling/distribution/StableSamplerTest.java,,,,assert,unknown
rng-_126_4,commons-rng-1.4-src,StableSamplerTest,testConvergenceWithAlphaCloseTo1_4_oe,commons-rng-sampling/src/test/java/org/apache/commons/rng/sampling/distribution/StableSamplerTest.java,,,,assert,unknown
rng-_127_1,commons-rng-1.4-src,StableSamplerTest,testExtremeInputsToSample_1_oe,commons-rng-sampling/src/test/java/org/apache/commons/rng/sampling/distribution/StableSamplerTest.java,,,,assert,unknown
rng-_127_2,commons-rng-1.4-src,StableSamplerTest,testExtremeInputsToSample_2_oe,commons-rng-sampling/src/test/java/org/apache/commons/rng/sampling/distribution/StableSamplerTest.java,,,,assert,unknown
rng-_127_3,commons-rng-1.4-src,StableSamplerTest,testExtremeInputsToSample_3_oe,commons-rng-sampling/src/test/java/org/apache/commons/rng/sampling/distribution/StableSamplerTest.java,,,,assert,unknown
rng-_127_4,commons-rng-1.4-src,StableSamplerTest,testExtremeInputsToSample_4_oe,commons-rng-sampling/src/test/java/org/apache/commons/rng/sampling/distribution/StableSamplerTest.java,,,,assert,unknown
rng-_127_5,commons-rng-1.4-src,StableSamplerTest,testExtremeInputsToSample_5_oe,commons-rng-sampling/src/test/java/org/apache/commons/rng/sampling/distribution/StableSamplerTest.java,,,,assert,unknown
rng-_127_6,commons-rng-1.4-src,StableSamplerTest,testExtremeInputsToSample_6_oe,commons-rng-sampling/src/test/java/org/apache/commons/rng/sampling/distribution/StableSamplerTest.java,,,,assert,unknown
rng-_127_7,commons-rng-1.4-src,StableSamplerTest,testExtremeInputsToSample_7_oe,commons-rng-sampling/src/test/java/org/apache/commons/rng/sampling/distribution/StableSamplerTest.java,,,,assert,unknown
rng-_127_8,commons-rng-1.4-src,StableSamplerTest,testExtremeInputsToSample_8_oe,commons-rng-sampling/src/test/java/org/apache/commons/rng/sampling/distribution/StableSamplerTest.java,,,,assert,unknown
rng-_127_9,commons-rng-1.4-src,StableSamplerTest,testExtremeInputsToSample_9_oe,commons-rng-sampling/src/test/java/org/apache/commons/rng/sampling/distribution/StableSamplerTest.java,,,,assert,unknown
rng-_127_10,commons-rng-1.4-src,StableSamplerTest,testExtremeInputsToSample_10_oe,commons-rng-sampling/src/test/java/org/apache/commons/rng/sampling/distribution/StableSamplerTest.java,,,,assert,unknown
rng-_127_11,commons-rng-1.4-src,StableSamplerTest,testExtremeInputsToSample_11_oe,commons-rng-sampling/src/test/java/org/apache/commons/rng/sampling/distribution/StableSamplerTest.java,,,,assert,unknown
rng-_127_12,commons-rng-1.4-src,StableSamplerTest,testExtremeInputsToSample_12_oe,commons-rng-sampling/src/test/java/org/apache/commons/rng/sampling/distribution/StableSamplerTest.java,,,,assert,unknown
rng-_128_1,commons-rng-1.4-src,StableSamplerTest,testSamplesWithZBelow0_1_oe,commons-rng-sampling/src/test/java/org/apache/commons/rng/sampling/distribution/StableSamplerTest.java,,,,assert,unknown
rng-_128_2,commons-rng-1.4-src,StableSamplerTest,testSamplesWithZBelow0_2_oe,commons-rng-sampling/src/test/java/org/apache/commons/rng/sampling/distribution/StableSamplerTest.java,,,,assert,unknown
rng-_128_3,commons-rng-1.4-src,StableSamplerTest,testSamplesWithZBelow0_3_oe,commons-rng-sampling/src/test/java/org/apache/commons/rng/sampling/distribution/StableSamplerTest.java,,,,assert,unknown
rng-_129_1,commons-rng-1.4-src,StableSamplerTest,testSamplesWithZInfinite_1_oe,commons-rng-sampling/src/test/java/org/apache/commons/rng/sampling/distribution/StableSamplerTest.java,,,,assert,unknown
rng-_129_2,commons-rng-1.4-src,StableSamplerTest,testSamplesWithZInfinite_2_oe,commons-rng-sampling/src/test/java/org/apache/commons/rng/sampling/distribution/StableSamplerTest.java,,,,assert,unknown
rng-_129_3,commons-rng-1.4-src,StableSamplerTest,testSamplesWithZInfinite_3_oe,commons-rng-sampling/src/test/java/org/apache/commons/rng/sampling/distribution/StableSamplerTest.java,,,,assert,unknown
rng-_130_1,commons-rng-1.4-src,StableSamplerTest,testAlpha1SamplesWithExtremePhi_1_oe,commons-rng-sampling/src/test/java/org/apache/commons/rng/sampling/distribution/StableSamplerTest.java,,,,assert,unknown
rng-_130_2,commons-rng-1.4-src,StableSamplerTest,testAlpha1SamplesWithExtremePhi_2_oe,commons-rng-sampling/src/test/java/org/apache/commons/rng/sampling/distribution/StableSamplerTest.java,,,,assert,unknown
rng-_130_3,commons-rng-1.4-src,StableSamplerTest,testAlpha1SamplesWithExtremePhi_3_oe,commons-rng-sampling/src/test/java/org/apache/commons/rng/sampling/distribution/StableSamplerTest.java,,,,assert,unknown
rng-_131_1,commons-rng-1.4-src,StableSamplerTest,testRandomDeviatesUandW_1_oe,commons-rng-sampling/src/test/java/org/apache/commons/rng/sampling/distribution/StableSamplerTest.java,,,,assert,unknown
rng-_131_2,commons-rng-1.4-src,StableSamplerTest,testRandomDeviatesUandW_2_oe,commons-rng-sampling/src/test/java/org/apache/commons/rng/sampling/distribution/StableSamplerTest.java,,,,assert,unknown
rng-_131_3,commons-rng-1.4-src,StableSamplerTest,testRandomDeviatesUandW_3_oe,commons-rng-sampling/src/test/java/org/apache/commons/rng/sampling/distribution/StableSamplerTest.java,,,,assert,unknown
rng-_131_4,commons-rng-1.4-src,StableSamplerTest,testRandomDeviatesUandW_4_oe,commons-rng-sampling/src/test/java/org/apache/commons/rng/sampling/distribution/StableSamplerTest.java,,,,assert,unknown
rng-_131_5,commons-rng-1.4-src,StableSamplerTest,testRandomDeviatesUandW_5_oe,commons-rng-sampling/src/test/java/org/apache/commons/rng/sampling/distribution/StableSamplerTest.java,,,,assert,unknown
rng-_131_6,commons-rng-1.4-src,StableSamplerTest,testRandomDeviatesUandW_6_oe,commons-rng-sampling/src/test/java/org/apache/commons/rng/sampling/distribution/StableSamplerTest.java,,,,assert,unknown
rng-_131_7,commons-rng-1.4-src,StableSamplerTest,testRandomDeviatesUandW_7_oe,commons-rng-sampling/src/test/java/org/apache/commons/rng/sampling/distribution/StableSamplerTest.java,,,,assert,unknown
rng-_131_8,commons-rng-1.4-src,StableSamplerTest,testRandomDeviatesUandW_8_oe,commons-rng-sampling/src/test/java/org/apache/commons/rng/sampling/distribution/StableSamplerTest.java,,,,assert,unknown
rng-_131_9,commons-rng-1.4-src,StableSamplerTest,testRandomDeviatesUandW_9_oe,commons-rng-sampling/src/test/java/org/apache/commons/rng/sampling/distribution/StableSamplerTest.java,,,,assert,unknown
rng-_131_10,commons-rng-1.4-src,StableSamplerTest,testRandomDeviatesUandW_10_oe,commons-rng-sampling/src/test/java/org/apache/commons/rng/sampling/distribution/StableSamplerTest.java,,,,assert,unknown
rng-_131_11,commons-rng-1.4-src,StableSamplerTest,testRandomDeviatesUandW_11_oe,commons-rng-sampling/src/test/java/org/apache/commons/rng/sampling/distribution/StableSamplerTest.java,,,,assert,unknown
rng-_131_12,commons-rng-1.4-src,StableSamplerTest,testRandomDeviatesUandW_12_oe,commons-rng-sampling/src/test/java/org/apache/commons/rng/sampling/distribution/StableSamplerTest.java,,,,assert,unknown
rng-_131_13,commons-rng-1.4-src,StableSamplerTest,testRandomDeviatesUandW_13_oe,commons-rng-sampling/src/test/java/org/apache/commons/rng/sampling/distribution/StableSamplerTest.java,,,,assert,unknown
rng-_131_14,commons-rng-1.4-src,StableSamplerTest,testRandomDeviatesUandW_14_oe,commons-rng-sampling/src/test/java/org/apache/commons/rng/sampling/distribution/StableSamplerTest.java,,,,assert,unknown
rng-_131_15,commons-rng-1.4-src,StableSamplerTest,testRandomDeviatesUandW_15_oe,commons-rng-sampling/src/test/java/org/apache/commons/rng/sampling/distribution/StableSamplerTest.java,,,,assert,unknown
rng-_131_16,commons-rng-1.4-src,StableSamplerTest,testRandomDeviatesUandW_16_oe,commons-rng-sampling/src/test/java/org/apache/commons/rng/sampling/distribution/StableSamplerTest.java,,,,assert,unknown
rng-_132_1,commons-rng-1.4-src,StableSamplerTest,testSymmetry_1_oe,commons-rng-sampling/src/test/java/org/apache/commons/rng/sampling/distribution/StableSamplerTest.java,,,,assert,unknown
rng-_133_1,commons-rng-1.4-src,StableSamplerTest,testSymmetryLevy_1_oe,commons-rng-sampling/src/test/java/org/apache/commons/rng/sampling/distribution/StableSamplerTest.java,,,,assert,unknown
rng-_134_1,commons-rng-1.4-src,StableSamplerTest,testToString_1_oe,commons-rng-sampling/src/test/java/org/apache/commons/rng/sampling/distribution/StableSamplerTest.java,,,,assert,unknown
rng-_135_1,commons-rng-1.4-src,StableSamplerTest,testImplementationsMatch_1_oe,commons-rng-sampling/src/test/java/org/apache/commons/rng/sampling/distribution/StableSamplerTest.java,,,,assert,unknown
rng-_135_2,commons-rng-1.4-src,StableSamplerTest,testImplementationsMatch_2_oe,commons-rng-sampling/src/test/java/org/apache/commons/rng/sampling/distribution/StableSamplerTest.java,,,,assert,unknown
rng-_135_3,commons-rng-1.4-src,StableSamplerTest,testImplementationsMatch_3_oe,commons-rng-sampling/src/test/java/org/apache/commons/rng/sampling/distribution/StableSamplerTest.java,,,,assert,unknown
rng-_135_4,commons-rng-1.4-src,StableSamplerTest,testImplementationsMatch_4_oe,commons-rng-sampling/src/test/java/org/apache/commons/rng/sampling/distribution/StableSamplerTest.java,,,,assert,unknown
rng-_135_5,commons-rng-1.4-src,StableSamplerTest,testImplementationsMatch_5_oe,commons-rng-sampling/src/test/java/org/apache/commons/rng/sampling/distribution/StableSamplerTest.java,,,,assert,unknown
rng-_135_6,commons-rng-1.4-src,StableSamplerTest,testImplementationsMatch_6_oe,commons-rng-sampling/src/test/java/org/apache/commons/rng/sampling/distribution/StableSamplerTest.java,,,,assert,unknown
rng-_136_1,commons-rng-1.4-src,StableSamplerTest,testWeronImplementationEdgeCase_1_oe,commons-rng-sampling/src/test/java/org/apache/commons/rng/sampling/distribution/StableSamplerTest.java,,,,assert,unknown
rng-_136_2,commons-rng-1.4-src,StableSamplerTest,testWeronImplementationEdgeCase_2_oe,commons-rng-sampling/src/test/java/org/apache/commons/rng/sampling/distribution/StableSamplerTest.java,,,,assert,unknown
rng-_136_3,commons-rng-1.4-src,StableSamplerTest,testWeronImplementationEdgeCase_3_oe,commons-rng-sampling/src/test/java/org/apache/commons/rng/sampling/distribution/StableSamplerTest.java,,,,assert,unknown
rng-_136_4,commons-rng-1.4-src,StableSamplerTest,testWeronImplementationEdgeCase_4_oe,commons-rng-sampling/src/test/java/org/apache/commons/rng/sampling/distribution/StableSamplerTest.java,,,,assert,unknown
rng-_137_1,commons-rng-1.4-src,DirichletSamplerTest,testDistributionThrowsWithInvalidNumberOfCategories_1_oe,commons-rng-sampling/src/test/java/org/apache/commons/rng/sampling/distribution/DirichletSamplerTest.java,,,,assert,unknown
rng-_138_1,commons-rng-1.4-src,DirichletSamplerTest,testDistributionThrowsWithZeroConcentration_1_oe,commons-rng-sampling/src/test/java/org/apache/commons/rng/sampling/distribution/DirichletSamplerTest.java,,,,assert,unknown
rng-_139_1,commons-rng-1.4-src,DirichletSamplerTest,testDistributionThrowsWithNaNConcentration_1_oe,commons-rng-sampling/src/test/java/org/apache/commons/rng/sampling/distribution/DirichletSamplerTest.java,,,,assert,unknown
rng-_140_1,commons-rng-1.4-src,DirichletSamplerTest,testDistributionThrowsWithInfiniteConcentration_1_oe,commons-rng-sampling/src/test/java/org/apache/commons/rng/sampling/distribution/DirichletSamplerTest.java,,,,assert,unknown
rng-_141_1,commons-rng-1.4-src,DirichletSamplerTest,testSymmetricDistributionThrowsWithInvalidNumberOfCategories_1_oe,commons-rng-sampling/src/test/java/org/apache/commons/rng/sampling/distribution/DirichletSamplerTest.java,,,,assert,unknown
rng-_142_1,commons-rng-1.4-src,DirichletSamplerTest,testSymmetricDistributionThrowsWithZeroConcentration_1_oe,commons-rng-sampling/src/test/java/org/apache/commons/rng/sampling/distribution/DirichletSamplerTest.java,,,,assert,unknown
rng-_143_1,commons-rng-1.4-src,DirichletSamplerTest,testSymmetricDistributionThrowsWithNaNConcentration_1_oe,commons-rng-sampling/src/test/java/org/apache/commons/rng/sampling/distribution/DirichletSamplerTest.java,,,,assert,unknown
rng-_144_1,commons-rng-1.4-src,DirichletSamplerTest,testSymmetricDistributionThrowsWithInfiniteConcentration_1_oe,commons-rng-sampling/src/test/java/org/apache/commons/rng/sampling/distribution/DirichletSamplerTest.java,,,,assert,unknown
rng-_145_1,commons-rng-1.4-src,DirichletSamplerTest,testToString_1_oe,commons-rng-sampling/src/test/java/org/apache/commons/rng/sampling/distribution/DirichletSamplerTest.java,,,,assert,unknown
rng-_145_2,commons-rng-1.4-src,DirichletSamplerTest,testToString_2_oe,commons-rng-sampling/src/test/java/org/apache/commons/rng/sampling/distribution/DirichletSamplerTest.java,,,,assert,unknown
rng-_146_1,commons-rng-1.4-src,InternalUtilsTest,testFactorial_1_oe,commons-rng-sampling/src/test/java/org/apache/commons/rng/sampling/distribution/InternalUtilsTest.java,,,,assert,unknown
rng-_146_2,commons-rng-1.4-src,InternalUtilsTest,testFactorial_2_oe,commons-rng-sampling/src/test/java/org/apache/commons/rng/sampling/distribution/InternalUtilsTest.java,,,,assert,unknown
rng-_147_1,commons-rng-1.4-src,InternalUtilsTest,testFactorialThrowsWhenNegative_1_oe,commons-rng-sampling/src/test/java/org/apache/commons/rng/sampling/distribution/InternalUtilsTest.java,,,,assert,unknown
rng-_148_1,commons-rng-1.4-src,InternalUtilsTest,testFactorialThrowsWhenNotRepresentableAsLong_1_oe,commons-rng-sampling/src/test/java/org/apache/commons/rng/sampling/distribution/InternalUtilsTest.java,,,,assert,unknown
rng-_149_1,commons-rng-1.4-src,InternalUtilsTest,testFactorialLog_1_oe,commons-rng-sampling/src/test/java/org/apache/commons/rng/sampling/distribution/InternalUtilsTest.java,,,,assert,unknown
rng-_149_2,commons-rng-1.4-src,InternalUtilsTest,testFactorialLog_2_oe,commons-rng-sampling/src/test/java/org/apache/commons/rng/sampling/distribution/InternalUtilsTest.java,,,,assert,unknown
rng-_150_1,commons-rng-1.4-src,InternalUtilsTest,testFactorialLogCacheSizeAboveRepresentableFactorials_1_oe,commons-rng-sampling/src/test/java/org/apache/commons/rng/sampling/distribution/InternalUtilsTest.java,,,,assert,unknown
rng-_151_1,commons-rng-1.4-src,InternalUtilsTest,testFactorialLogCacheExpansion_1_oe,commons-rng-sampling/src/test/java/org/apache/commons/rng/sampling/distribution/InternalUtilsTest.java,,,,assert,unknown
rng-_152_1,commons-rng-1.4-src,InternalUtilsTest,testLogFactorialThrowsWhenNegative_1_oe,commons-rng-sampling/src/test/java/org/apache/commons/rng/sampling/distribution/InternalUtilsTest.java,,,,assert,unknown
rng-_153_1,commons-rng-1.4-src,InternalUtilsTest,testLogFactorialWithCacheThrowsWhenNegative_1_oe,commons-rng-sampling/src/test/java/org/apache/commons/rng/sampling/distribution/InternalUtilsTest.java,,,,assert,unknown
rng-_154_1,commons-rng-1.4-src,AhrensDieterMarsagliaTsangGammaSamplerTest,testConstructorThrowsWithZeroAlpha_1_oe,commons-rng-sampling/src/test/java/org/apache/commons/rng/sampling/distribution/AhrensDieterMarsagliaTsangGammaSamplerTest.java,,,,assert,unknown
rng-_155_1,commons-rng-1.4-src,AhrensDieterMarsagliaTsangGammaSamplerTest,testConstructorThrowsWithZeroTheta_1_oe,commons-rng-sampling/src/test/java/org/apache/commons/rng/sampling/distribution/AhrensDieterMarsagliaTsangGammaSamplerTest.java,,,,assert,unknown
rng-_156_1,commons-rng-1.4-src,AhrensDieterMarsagliaTsangGammaSamplerTest,testToString_1_oe,commons-rng-sampling/src/test/java/org/apache/commons/rng/sampling/distribution/AhrensDieterMarsagliaTsangGammaSamplerTest.java,,,,assert,unknown
rng-_157_1,commons-rng-1.4-src,SamplerBaseTest,testNextMethods_1_oe,commons-rng-sampling/src/test/java/org/apache/commons/rng/sampling/distribution/SamplerBaseTest.java,,,,assert,unknown
rng-_157_2,commons-rng-1.4-src,SamplerBaseTest,testNextMethods_2_oe,commons-rng-sampling/src/test/java/org/apache/commons/rng/sampling/distribution/SamplerBaseTest.java,,,,assert,unknown
rng-_157_3,commons-rng-1.4-src,SamplerBaseTest,testNextMethods_3_oe,commons-rng-sampling/src/test/java/org/apache/commons/rng/sampling/distribution/SamplerBaseTest.java,,,,assert,unknown
rng-_157_4,commons-rng-1.4-src,SamplerBaseTest,testNextMethods_4_oe,commons-rng-sampling/src/test/java/org/apache/commons/rng/sampling/distribution/SamplerBaseTest.java,,,,assert,unknown
rng-_158_1,commons-rng-1.4-src,SamplerBaseTest,testToString_1_oe,commons-rng-sampling/src/test/java/org/apache/commons/rng/sampling/distribution/SamplerBaseTest.java,,,,assert,unknown
rng-_159_1,commons-rng-1.4-src,BoxMullerLogNormalSamplerTest,testConstructorThrowsWithNegativeScale_1_oe,commons-rng-sampling/src/test/java/org/apache/commons/rng/sampling/distribution/BoxMullerLogNormalSamplerTest.java,,,,assert,unknown
rng-_160_1,commons-rng-1.4-src,BoxMullerLogNormalSamplerTest,testConstructorThrowsWithZeroShape_1_oe,commons-rng-sampling/src/test/java/org/apache/commons/rng/sampling/distribution/BoxMullerLogNormalSamplerTest.java,,,,assert,unknown
rng-_161_1,commons-rng-1.4-src,RejectionInversionZipfSamplerTest,testConstructorThrowsWithZeroNumberOfElements_1_oe,commons-rng-sampling/src/test/java/org/apache/commons/rng/sampling/distribution/RejectionInversionZipfSamplerTest.java,,,,assert,unknown
rng-_162_1,commons-rng-1.4-src,RejectionInversionZipfSamplerTest,testConstructorThrowsWithZeroExponent_1_oe,commons-rng-sampling/src/test/java/org/apache/commons/rng/sampling/distribution/RejectionInversionZipfSamplerTest.java,,,,assert,unknown
rng-_163_1,commons-rng-1.4-src,SmallMeanPoissonSamplerTest,testConstructorThrowsWithMeanThatSetsProbabilityP0ToZero_1_oe,commons-rng-sampling/src/test/java/org/apache/commons/rng/sampling/distribution/SmallMeanPoissonSamplerTest.java,,,,assert,unknown
rng-_164_1,commons-rng-1.4-src,SmallMeanPoissonSamplerTest,testConstructorThrowsWithZeroMean_1_oe,commons-rng-sampling/src/test/java/org/apache/commons/rng/sampling/distribution/SmallMeanPoissonSamplerTest.java,,,,assert,unknown
rng-_165_1,commons-rng-1.4-src,SmallMeanPoissonSamplerTest,testSampleUpperBounds_1_oe,commons-rng-sampling/src/test/java/org/apache/commons/rng/sampling/distribution/SmallMeanPoissonSamplerTest.java,,,,assert,unknown
rng-_166_1,commons-rng-1.4-src,LargeMeanPoissonSamplerTest,testConstructorThrowsWithMeanLargerThanUpperBound_1_oe,commons-rng-sampling/src/test/java/org/apache/commons/rng/sampling/distribution/LargeMeanPoissonSamplerTest.java,,,,assert,unknown
rng-_167_1,commons-rng-1.4-src,LargeMeanPoissonSamplerTest,testConstructorThrowsWithMeanBelow1_1_oe,commons-rng-sampling/src/test/java/org/apache/commons/rng/sampling/distribution/LargeMeanPoissonSamplerTest.java,,,,assert,unknown
rng-_168_1,commons-rng-1.4-src,LargeMeanPoissonSamplerTest,testConstructorThrowsWithStateAndNegativeFractionalMean_1_oe,commons-rng-sampling/src/test/java/org/apache/commons/rng/sampling/distribution/LargeMeanPoissonSamplerTest.java,,,,assert,unknown
rng-_169_1,commons-rng-1.4-src,LargeMeanPoissonSamplerTest,testConstructorThrowsWithStateAndNonFractionalMean_1_oe,commons-rng-sampling/src/test/java/org/apache/commons/rng/sampling/distribution/LargeMeanPoissonSamplerTest.java,,,,assert,unknown
rng-_170_1,commons-rng-1.4-src,LargeMeanPoissonSamplerTest,testConstructorThrowsWithStateAndFractionalMeanOne_1_oe,commons-rng-sampling/src/test/java/org/apache/commons/rng/sampling/distribution/LargeMeanPoissonSamplerTest.java,,,,assert,unknown
rng-_171_1,commons-rng-1.4-src,LevySamplerTest,testConstructorThrowsWithNegativeScale_1_oe,commons-rng-sampling/src/test/java/org/apache/commons/rng/sampling/distribution/LevySamplerTest.java,,,,assert,unknown
rng-_172_1,commons-rng-1.4-src,LevySamplerTest,testConstructorThrowsWithZeroScale_1_oe,commons-rng-sampling/src/test/java/org/apache/commons/rng/sampling/distribution/LevySamplerTest.java,,,,assert,unknown
rng-_173_1,commons-rng-1.4-src,LevySamplerTest,testSupport_1_oe,commons-rng-sampling/src/test/java/org/apache/commons/rng/sampling/distribution/LevySamplerTest.java,,,,assert,unknown
rng-_173_2,commons-rng-1.4-src,LevySamplerTest,testSupport_2_oe,commons-rng-sampling/src/test/java/org/apache/commons/rng/sampling/distribution/LevySamplerTest.java,,,,assert,unknown
rng-_174_1,commons-rng-1.4-src,PoissonSamplerCacheTest,testMinimumCachedMean_1_oe,commons-rng-sampling/src/test/java/org/apache/commons/rng/sampling/distribution/PoissonSamplerCacheTest.java,,,,assert,unknown
rng-_175_1,commons-rng-1.4-src,PoissonSamplerCacheTest,testConstructorWithNoCache_1_oe,commons-rng-sampling/src/test/java/org/apache/commons/rng/sampling/distribution/PoissonSamplerCacheTest.java,,,,assert,unknown
rng-_175_2,commons-rng-1.4-src,PoissonSamplerCacheTest,testConstructorWithNoCache_2_oe,commons-rng-sampling/src/test/java/org/apache/commons/rng/sampling/distribution/PoissonSamplerCacheTest.java,,,,assert,unknown
rng-_175_3,commons-rng-1.4-src,PoissonSamplerCacheTest,testConstructorWithNoCache_3_oe,commons-rng-sampling/src/test/java/org/apache/commons/rng/sampling/distribution/PoissonSamplerCacheTest.java,,,,assert,unknown
rng-_176_1,commons-rng-1.4-src,PoissonSamplerCacheTest,testConstructorWhenMaxEqualsMin_1_oe,commons-rng-sampling/src/test/java/org/apache/commons/rng/sampling/distribution/PoissonSamplerCacheTest.java,,,,assert,unknown
rng-_176_2,commons-rng-1.4-src,PoissonSamplerCacheTest,testConstructorWhenMaxEqualsMin_2_oe,commons-rng-sampling/src/test/java/org/apache/commons/rng/sampling/distribution/PoissonSamplerCacheTest.java,,,,assert,unknown
rng-_176_3,commons-rng-1.4-src,PoissonSamplerCacheTest,testConstructorWhenMaxEqualsMin_3_oe,commons-rng-sampling/src/test/java/org/apache/commons/rng/sampling/distribution/PoissonSamplerCacheTest.java,,,,assert,unknown
rng-_177_1,commons-rng-1.4-src,PoissonSamplerCacheTest,testConstructorWhenMaxAboveMin_1_oe,commons-rng-sampling/src/test/java/org/apache/commons/rng/sampling/distribution/PoissonSamplerCacheTest.java,,,,assert,unknown
rng-_177_2,commons-rng-1.4-src,PoissonSamplerCacheTest,testConstructorWhenMaxAboveMin_2_oe,commons-rng-sampling/src/test/java/org/apache/commons/rng/sampling/distribution/PoissonSamplerCacheTest.java,,,,assert,unknown
rng-_177_3,commons-rng-1.4-src,PoissonSamplerCacheTest,testConstructorWhenMaxAboveMin_3_oe,commons-rng-sampling/src/test/java/org/apache/commons/rng/sampling/distribution/PoissonSamplerCacheTest.java,,,,assert,unknown
rng-_178_1,commons-rng-1.4-src,PoissonSamplerCacheTest,testConstructorThrowsWhenMaxIsLessThanMin_1_oe,commons-rng-sampling/src/test/java/org/apache/commons/rng/sampling/distribution/PoissonSamplerCacheTest.java,,,,assert,unknown
rng-_179_1,commons-rng-1.4-src,PoissonSamplerCacheTest,testConstructorWhenMinBelow0_1_oe,commons-rng-sampling/src/test/java/org/apache/commons/rng/sampling/distribution/PoissonSamplerCacheTest.java,,,,assert,unknown
rng-_179_2,commons-rng-1.4-src,PoissonSamplerCacheTest,testConstructorWhenMinBelow0_2_oe,commons-rng-sampling/src/test/java/org/apache/commons/rng/sampling/distribution/PoissonSamplerCacheTest.java,,,,assert,unknown
rng-_179_3,commons-rng-1.4-src,PoissonSamplerCacheTest,testConstructorWhenMinBelow0_3_oe,commons-rng-sampling/src/test/java/org/apache/commons/rng/sampling/distribution/PoissonSamplerCacheTest.java,,,,assert,unknown
rng-_180_1,commons-rng-1.4-src,PoissonSamplerCacheTest,testConstructorWhenMaxBelow0_1_oe,commons-rng-sampling/src/test/java/org/apache/commons/rng/sampling/distribution/PoissonSamplerCacheTest.java,,,,assert,unknown
rng-_180_2,commons-rng-1.4-src,PoissonSamplerCacheTest,testConstructorWhenMaxBelow0_2_oe,commons-rng-sampling/src/test/java/org/apache/commons/rng/sampling/distribution/PoissonSamplerCacheTest.java,,,,assert,unknown
rng-_180_3,commons-rng-1.4-src,PoissonSamplerCacheTest,testConstructorWhenMaxBelow0_3_oe,commons-rng-sampling/src/test/java/org/apache/commons/rng/sampling/distribution/PoissonSamplerCacheTest.java,,,,assert,unknown
rng-_181_1,commons-rng-1.4-src,PoissonSamplerCacheTest,testWithRangeConstructorWithNoCache_1_oe,commons-rng-sampling/src/test/java/org/apache/commons/rng/sampling/distribution/PoissonSamplerCacheTest.java,,,,assert,unknown
rng-_181_2,commons-rng-1.4-src,PoissonSamplerCacheTest,testWithRangeConstructorWithNoCache_2_oe,commons-rng-sampling/src/test/java/org/apache/commons/rng/sampling/distribution/PoissonSamplerCacheTest.java,,,,assert,unknown
rng-_181_3,commons-rng-1.4-src,PoissonSamplerCacheTest,testWithRangeConstructorWithNoCache_3_oe,commons-rng-sampling/src/test/java/org/apache/commons/rng/sampling/distribution/PoissonSamplerCacheTest.java,,,,assert,unknown
rng-_182_1,commons-rng-1.4-src,PoissonSamplerCacheTest,testWithRangeConstructorWhenMaxEqualsMin_1_oe,commons-rng-sampling/src/test/java/org/apache/commons/rng/sampling/distribution/PoissonSamplerCacheTest.java,,,,assert,unknown
rng-_182_2,commons-rng-1.4-src,PoissonSamplerCacheTest,testWithRangeConstructorWhenMaxEqualsMin_2_oe,commons-rng-sampling/src/test/java/org/apache/commons/rng/sampling/distribution/PoissonSamplerCacheTest.java,,,,assert,unknown
rng-_182_3,commons-rng-1.4-src,PoissonSamplerCacheTest,testWithRangeConstructorWhenMaxEqualsMin_3_oe,commons-rng-sampling/src/test/java/org/apache/commons/rng/sampling/distribution/PoissonSamplerCacheTest.java,,,,assert,unknown
rng-_183_1,commons-rng-1.4-src,PoissonSamplerCacheTest,testWithRangeConstructorWhenMaxAboveMin_1_oe,commons-rng-sampling/src/test/java/org/apache/commons/rng/sampling/distribution/PoissonSamplerCacheTest.java,,,,assert,unknown
rng-_183_2,commons-rng-1.4-src,PoissonSamplerCacheTest,testWithRangeConstructorWhenMaxAboveMin_2_oe,commons-rng-sampling/src/test/java/org/apache/commons/rng/sampling/distribution/PoissonSamplerCacheTest.java,,,,assert,unknown
rng-_183_3,commons-rng-1.4-src,PoissonSamplerCacheTest,testWithRangeConstructorWhenMaxAboveMin_3_oe,commons-rng-sampling/src/test/java/org/apache/commons/rng/sampling/distribution/PoissonSamplerCacheTest.java,,,,assert,unknown
rng-_184_1,commons-rng-1.4-src,PoissonSamplerCacheTest,testWithRangeConstructorThrowsWhenMaxIsLessThanMin_1_oe,commons-rng-sampling/src/test/java/org/apache/commons/rng/sampling/distribution/PoissonSamplerCacheTest.java,,,,assert,unknown
rng-_185_1,commons-rng-1.4-src,PoissonSamplerCacheTest,testWithRangeConstructorWhenMinBelow0_1_oe,commons-rng-sampling/src/test/java/org/apache/commons/rng/sampling/distribution/PoissonSamplerCacheTest.java,,,,assert,unknown
rng-_185_2,commons-rng-1.4-src,PoissonSamplerCacheTest,testWithRangeConstructorWhenMinBelow0_2_oe,commons-rng-sampling/src/test/java/org/apache/commons/rng/sampling/distribution/PoissonSamplerCacheTest.java,,,,assert,unknown
rng-_185_3,commons-rng-1.4-src,PoissonSamplerCacheTest,testWithRangeConstructorWhenMinBelow0_3_oe,commons-rng-sampling/src/test/java/org/apache/commons/rng/sampling/distribution/PoissonSamplerCacheTest.java,,,,assert,unknown
rng-_186_1,commons-rng-1.4-src,PoissonSamplerCacheTest,testWithRangeConstructorWhenCacheHasNoCapcity_1_oe,commons-rng-sampling/src/test/java/org/apache/commons/rng/sampling/distribution/PoissonSamplerCacheTest.java,,,,assert,unknown
rng-_186_2,commons-rng-1.4-src,PoissonSamplerCacheTest,testWithRangeConstructorWhenCacheHasNoCapcity_2_oe,commons-rng-sampling/src/test/java/org/apache/commons/rng/sampling/distribution/PoissonSamplerCacheTest.java,,,,assert,unknown
rng-_186_3,commons-rng-1.4-src,PoissonSamplerCacheTest,testWithRangeConstructorWhenCacheHasNoCapcity_3_oe,commons-rng-sampling/src/test/java/org/apache/commons/rng/sampling/distribution/PoissonSamplerCacheTest.java,,,,assert,unknown
rng-_187_1,commons-rng-1.4-src,PoissonSamplerCacheTest,testWithinRange_1_oe,commons-rng-sampling/src/test/java/org/apache/commons/rng/sampling/distribution/PoissonSamplerCacheTest.java,,,,assert,unknown
rng-_187_2,commons-rng-1.4-src,PoissonSamplerCacheTest,testWithinRange_2_oe,commons-rng-sampling/src/test/java/org/apache/commons/rng/sampling/distribution/PoissonSamplerCacheTest.java,,,,assert,unknown
rng-_187_3,commons-rng-1.4-src,PoissonSamplerCacheTest,testWithinRange_3_oe,commons-rng-sampling/src/test/java/org/apache/commons/rng/sampling/distribution/PoissonSamplerCacheTest.java,,,,assert,unknown
rng-_187_4,commons-rng-1.4-src,PoissonSamplerCacheTest,testWithinRange_4_oe,commons-rng-sampling/src/test/java/org/apache/commons/rng/sampling/distribution/PoissonSamplerCacheTest.java,,,,assert,unknown
rng-_187_5,commons-rng-1.4-src,PoissonSamplerCacheTest,testWithinRange_5_oe,commons-rng-sampling/src/test/java/org/apache/commons/rng/sampling/distribution/PoissonSamplerCacheTest.java,,,,assert,unknown
rng-_188_1,commons-rng-1.4-src,PoissonSamplerCacheTest,testCreateSharedStateSamplerThrowsWithZeroMean_1_oe,commons-rng-sampling/src/test/java/org/apache/commons/rng/sampling/distribution/PoissonSamplerCacheTest.java,,,,assert,unknown
rng-_189_1,commons-rng-1.4-src,PoissonSamplerCacheTest,testCreateSharedStateSamplerThrowsWithNonIntegerMean_1_oe,commons-rng-sampling/src/test/java/org/apache/commons/rng/sampling/distribution/PoissonSamplerCacheTest.java,,,,assert,unknown
rng-_190_1,commons-rng-1.4-src,PoissonSamplerCacheTest,testCreatePoissonSampler_1_oe,commons-rng-sampling/src/test/java/org/apache/commons/rng/sampling/distribution/PoissonSamplerCacheTest.java,,,,assert,unknown
rng-_191_1,commons-rng-1.4-src,ContinuousUniformSamplerTest,testExcludeBounds_1_oe,commons-rng-sampling/src/test/java/org/apache/commons/rng/sampling/distribution/ContinuousUniformSamplerTest.java,,,,assert,unknown
rng-_192_1,commons-rng-1.4-src,ContinuousUniformSamplerTest,testInvalidOpenIntervalThrows_1_oe,commons-rng-sampling/src/test/java/org/apache/commons/rng/sampling/distribution/ContinuousUniformSamplerTest.java,,,,assert,unknown
rng-_192_2,commons-rng-1.4-src,ContinuousUniformSamplerTest,testInvalidOpenIntervalThrows_2_oe,commons-rng-sampling/src/test/java/org/apache/commons/rng/sampling/distribution/ContinuousUniformSamplerTest.java,,,,assert,unknown
rng-_193_1,commons-rng-1.4-src,ContinuousUniformSamplerTest,testTinyOpenIntervalSample_1_oe,commons-rng-sampling/src/test/java/org/apache/commons/rng/sampling/distribution/ContinuousUniformSamplerTest.java,,,,assert,unknown
rng-_193_2,commons-rng-1.4-src,ContinuousUniformSamplerTest,testTinyOpenIntervalSample_2_oe,commons-rng-sampling/src/test/java/org/apache/commons/rng/sampling/distribution/ContinuousUniformSamplerTest.java,,,,assert,unknown
rng-_193_3,commons-rng-1.4-src,ContinuousUniformSamplerTest,testTinyOpenIntervalSample_3_oe,commons-rng-sampling/src/test/java/org/apache/commons/rng/sampling/distribution/ContinuousUniformSamplerTest.java,,,,assert,unknown
rng-_193_4,commons-rng-1.4-src,ContinuousUniformSamplerTest,testTinyOpenIntervalSample_4_oe,commons-rng-sampling/src/test/java/org/apache/commons/rng/sampling/distribution/ContinuousUniformSamplerTest.java,,,,assert,unknown
rng-_193_5,commons-rng-1.4-src,ContinuousUniformSamplerTest,testTinyOpenIntervalSample_5_oe,commons-rng-sampling/src/test/java/org/apache/commons/rng/sampling/distribution/ContinuousUniformSamplerTest.java,,,,assert,unknown
rng-_193_6,commons-rng-1.4-src,ContinuousUniformSamplerTest,testTinyOpenIntervalSample_6_oe,commons-rng-sampling/src/test/java/org/apache/commons/rng/sampling/distribution/ContinuousUniformSamplerTest.java,,,,assert,unknown
rng-_194_1,commons-rng-1.4-src,KempSmallMeanPoissonSamplerTest,testConstructorThrowsWithMeanLargerThanUpperBound_1_oe,commons-rng-sampling/src/test/java/org/apache/commons/rng/sampling/distribution/KempSmallMeanPoissonSamplerTest.java,,,,assert,unknown
rng-_195_1,commons-rng-1.4-src,KempSmallMeanPoissonSamplerTest,testConstructorThrowsWithZeroMean_1_oe,commons-rng-sampling/src/test/java/org/apache/commons/rng/sampling/distribution/KempSmallMeanPoissonSamplerTest.java,,,,assert,unknown
rng-_196_1,commons-rng-1.4-src,KempSmallMeanPoissonSamplerTest,testConstructorThrowsWithNegativeMean_1_oe,commons-rng-sampling/src/test/java/org/apache/commons/rng/sampling/distribution/KempSmallMeanPoissonSamplerTest.java,,,,assert,unknown
rng-_197_1,commons-rng-1.4-src,KempSmallMeanPoissonSamplerTest,testConstructorWithNaNMean_1_oe,commons-rng-sampling/src/test/java/org/apache/commons/rng/sampling/distribution/KempSmallMeanPoissonSamplerTest.java,,,,assert,unknown
rng-_198_1,commons-rng-1.4-src,KempSmallMeanPoissonSamplerTest,testSummationFrom1AtUpperBound_1_oe,commons-rng-sampling/src/test/java/org/apache/commons/rng/sampling/distribution/KempSmallMeanPoissonSamplerTest.java,,,,assert,unknown
rng-_198_2,commons-rng-1.4-src,KempSmallMeanPoissonSamplerTest,testSummationFrom1AtUpperBound_2_oe,commons-rng-sampling/src/test/java/org/apache/commons/rng/sampling/distribution/KempSmallMeanPoissonSamplerTest.java,,,,assert,unknown
rng-_199_1,commons-rng-1.4-src,KempSmallMeanPoissonSamplerTest,testSummationTo1AtUpperBound_1_oe,commons-rng-sampling/src/test/java/org/apache/commons/rng/sampling/distribution/KempSmallMeanPoissonSamplerTest.java,,,,assert,unknown
rng-_199_2,commons-rng-1.4-src,KempSmallMeanPoissonSamplerTest,testSummationTo1AtUpperBound_2_oe,commons-rng-sampling/src/test/java/org/apache/commons/rng/sampling/distribution/KempSmallMeanPoissonSamplerTest.java,,,,assert,unknown
rng-_200_1,commons-rng-1.4-src,MarsagliaTsangWangDiscreteSamplerTest,testToString_1_oe,commons-rng-sampling/src/test/java/org/apache/commons/rng/sampling/distribution/MarsagliaTsangWangDiscreteSamplerTest.java,,,,assert,unknown
rng-_201_1,commons-rng-1.4-src,MarsagliaTsangWangDiscreteSamplerTest,testOffsetSamples_1_oe,commons-rng-sampling/src/test/java/org/apache/commons/rng/sampling/distribution/MarsagliaTsangWangDiscreteSamplerTest.java,,,,assert,unknown
rng-_201_2,commons-rng-1.4-src,MarsagliaTsangWangDiscreteSamplerTest,testOffsetSamples_2_oe,commons-rng-sampling/src/test/java/org/apache/commons/rng/sampling/distribution/MarsagliaTsangWangDiscreteSamplerTest.java,,,,assert,unknown
rng-_202_1,commons-rng-1.4-src,MarsagliaTsangWangDiscreteSamplerTest,testRealProbabilityDistributionSamples_1_oe,commons-rng-sampling/src/test/java/org/apache/commons/rng/sampling/distribution/MarsagliaTsangWangDiscreteSamplerTest.java,,,,assert,unknown
rng-_203_1,commons-rng-1.4-src,MarsagliaTsangWangDiscreteSamplerTest,testCreatePoissonDistributionThrowsWithMeanLargerThanUpperBound_1_oe,commons-rng-sampling/src/test/java/org/apache/commons/rng/sampling/distribution/MarsagliaTsangWangDiscreteSamplerTest.java,,,,assert,unknown
rng-_204_1,commons-rng-1.4-src,MarsagliaTsangWangDiscreteSamplerTest,testCreatePoissonDistributionThrowsWithZeroMean_1_oe,commons-rng-sampling/src/test/java/org/apache/commons/rng/sampling/distribution/MarsagliaTsangWangDiscreteSamplerTest.java,,,,assert,unknown
rng-_205_1,commons-rng-1.4-src,MarsagliaTsangWangDiscreteSamplerTest,testCreateBinomialDistributionThrowsWithTrialsBelow0_1_oe,commons-rng-sampling/src/test/java/org/apache/commons/rng/sampling/distribution/MarsagliaTsangWangDiscreteSamplerTest.java,,,,assert,unknown
rng-_206_1,commons-rng-1.4-src,MarsagliaTsangWangDiscreteSamplerTest,testCreateBinomialDistributionThrowsWithTrialsAboveMax_1_oe,commons-rng-sampling/src/test/java/org/apache/commons/rng/sampling/distribution/MarsagliaTsangWangDiscreteSamplerTest.java,,,,assert,unknown
rng-_207_1,commons-rng-1.4-src,MarsagliaTsangWangDiscreteSamplerTest,testCreateBinomialDistributionThrowsWithProbabilityBelow0_1_oe,commons-rng-sampling/src/test/java/org/apache/commons/rng/sampling/distribution/MarsagliaTsangWangDiscreteSamplerTest.java,,,,assert,unknown
rng-_208_1,commons-rng-1.4-src,MarsagliaTsangWangDiscreteSamplerTest,testCreateBinomialDistributionThrowsWithProbabilityAbove1_1_oe,commons-rng-sampling/src/test/java/org/apache/commons/rng/sampling/distribution/MarsagliaTsangWangDiscreteSamplerTest.java,,,,assert,unknown
rng-_209_1,commons-rng-1.4-src,MarsagliaTsangWangDiscreteSamplerTest,testCreateBinomialDistributionWithSmallestP0ValueAndHighestProbabilityOfSuccess_1_oe,commons-rng-sampling/src/test/java/org/apache/commons/rng/sampling/distribution/MarsagliaTsangWangDiscreteSamplerTest.java,,,,assert,unknown
rng-_209_2,commons-rng-1.4-src,MarsagliaTsangWangDiscreteSamplerTest,testCreateBinomialDistributionWithSmallestP0ValueAndHighestProbabilityOfSuccess_2_oe,commons-rng-sampling/src/test/java/org/apache/commons/rng/sampling/distribution/MarsagliaTsangWangDiscreteSamplerTest.java,,,,assert,unknown
rng-_210_1,commons-rng-1.4-src,MarsagliaTsangWangDiscreteSamplerTest,testCreateBinomialDistributionThrowsWhenP0IsZero_1_oe,commons-rng-sampling/src/test/java/org/apache/commons/rng/sampling/distribution/MarsagliaTsangWangDiscreteSamplerTest.java,,,,assert,unknown
rng-_210_2,commons-rng-1.4-src,MarsagliaTsangWangDiscreteSamplerTest,testCreateBinomialDistributionThrowsWhenP0IsZero_2_oe,commons-rng-sampling/src/test/java/org/apache/commons/rng/sampling/distribution/MarsagliaTsangWangDiscreteSamplerTest.java,,,,assert,unknown
rng-_211_1,commons-rng-1.4-src,MarsagliaTsangWangDiscreteSamplerTest,testCreateBinomialDistributionWithLargestTrialsAndSmallestProbabilityOfSuccess_1_oe,commons-rng-sampling/src/test/java/org/apache/commons/rng/sampling/distribution/MarsagliaTsangWangDiscreteSamplerTest.java,,,,assert,unknown
rng-_211_2,commons-rng-1.4-src,MarsagliaTsangWangDiscreteSamplerTest,testCreateBinomialDistributionWithLargestTrialsAndSmallestProbabilityOfSuccess_2_oe,commons-rng-sampling/src/test/java/org/apache/commons/rng/sampling/distribution/MarsagliaTsangWangDiscreteSamplerTest.java,,,,assert,unknown
rng-_211_3,commons-rng-1.4-src,MarsagliaTsangWangDiscreteSamplerTest,testCreateBinomialDistributionWithLargestTrialsAndSmallestProbabilityOfSuccess_3_oe,commons-rng-sampling/src/test/java/org/apache/commons/rng/sampling/distribution/MarsagliaTsangWangDiscreteSamplerTest.java,,,,assert,unknown
rng-_211_4,commons-rng-1.4-src,MarsagliaTsangWangDiscreteSamplerTest,testCreateBinomialDistributionWithLargestTrialsAndSmallestProbabilityOfSuccess_4_oe,commons-rng-sampling/src/test/java/org/apache/commons/rng/sampling/distribution/MarsagliaTsangWangDiscreteSamplerTest.java,,,,assert,unknown
rng-_212_1,commons-rng-1.4-src,MarsagliaTsangWangDiscreteSamplerTest,testCreateBinomialDistributionWithProbability0_1_oe,commons-rng-sampling/src/test/java/org/apache/commons/rng/sampling/distribution/MarsagliaTsangWangDiscreteSamplerTest.java,,,,assert,unknown
rng-_212_2,commons-rng-1.4-src,MarsagliaTsangWangDiscreteSamplerTest,testCreateBinomialDistributionWithProbability0_2_oe,commons-rng-sampling/src/test/java/org/apache/commons/rng/sampling/distribution/MarsagliaTsangWangDiscreteSamplerTest.java,,,,assert,unknown
rng-_213_1,commons-rng-1.4-src,MarsagliaTsangWangDiscreteSamplerTest,testCreateBinomialDistributionWithProbability1_1_oe,commons-rng-sampling/src/test/java/org/apache/commons/rng/sampling/distribution/MarsagliaTsangWangDiscreteSamplerTest.java,,,,assert,unknown
rng-_213_2,commons-rng-1.4-src,MarsagliaTsangWangDiscreteSamplerTest,testCreateBinomialDistributionWithProbability1_2_oe,commons-rng-sampling/src/test/java/org/apache/commons/rng/sampling/distribution/MarsagliaTsangWangDiscreteSamplerTest.java,,,,assert,unknown
rng-_214_1,commons-rng-1.4-src,MarsagliaTsangWangDiscreteSamplerTest,testBinomialSamplerToString_1_oe,commons-rng-sampling/src/test/java/org/apache/commons/rng/sampling/distribution/MarsagliaTsangWangDiscreteSamplerTest.java,,,,assert,unknown
rng-_215_1,commons-rng-1.4-src,BoxMullerGaussianSamplerTest,testConstructorThrowsWithZeroStandardDeviation_1_oe,commons-rng-sampling/src/test/java/org/apache/commons/rng/sampling/distribution/BoxMullerGaussianSamplerTest.java,,,,assert,unknown
rng-_216_1,commons-rng-1.4-src,GuideTableDiscreteSamplerTest,testToString_1_oe,commons-rng-sampling/src/test/java/org/apache/commons/rng/sampling/distribution/GuideTableDiscreteSamplerTest.java,,,,assert,unknown
rng-_217_1,commons-rng-1.4-src,UniformLongSamplerTest,testConstructorThrowsWithLowerAboveUpper_1_oe,commons-rng-sampling/src/test/java/org/apache/commons/rng/sampling/distribution/UniformLongSamplerTest.java,,,,assert,unknown
rng-_218_1,commons-rng-1.4-src,UniformLongSamplerTest,testSamplesWithRangeOf1_1_oe,commons-rng-sampling/src/test/java/org/apache/commons/rng/sampling/distribution/UniformLongSamplerTest.java,,,,assert,unknown
rng-_219_1,commons-rng-1.4-src,UniformLongSamplerTest,testSamplesWithFullRange_1_oe,commons-rng-sampling/src/test/java/org/apache/commons/rng/sampling/distribution/UniformLongSamplerTest.java,,,,assert,unknown
rng-_220_1,commons-rng-1.4-src,UniformLongSamplerTest,testSamplesWithSmallNonPowerOf2Range_1_oe,commons-rng-sampling/src/test/java/org/apache/commons/rng/sampling/distribution/UniformLongSamplerTest.java,,,,assert,unknown
rng-_221_1,commons-rng-1.4-src,UniformLongSamplerTest,testSamplesWithPowerOf2Range_1_oe,commons-rng-sampling/src/test/java/org/apache/commons/rng/sampling/distribution/UniformLongSamplerTest.java,,,,assert,unknown
rng-_221_2,commons-rng-1.4-src,UniformLongSamplerTest,testSamplesWithPowerOf2Range_2_oe,commons-rng-sampling/src/test/java/org/apache/commons/rng/sampling/distribution/UniformLongSamplerTest.java,,,,assert,unknown
rng-_222_1,commons-rng-1.4-src,UniformLongSamplerTest,testSamplesWithPowerOf2RangeIsBitShift_1_oe,commons-rng-sampling/src/test/java/org/apache/commons/rng/sampling/distribution/UniformLongSamplerTest.java,,,,assert,unknown
rng-_223_1,commons-rng-1.4-src,UniformLongSamplerTest,testSamplesWithLargeNonPowerOf2RangeIsRejectionMethod_1_oe,commons-rng-sampling/src/test/java/org/apache/commons/rng/sampling/distribution/UniformLongSamplerTest.java,,,,assert,unknown
rng-_224_1,commons-rng-1.4-src,UniformLongSamplerTest,testSampleUniformityWithPowerOf2Range_1_oe,commons-rng-sampling/src/test/java/org/apache/commons/rng/sampling/distribution/UniformLongSamplerTest.java,,,,assert,unknown
rng-_225_1,commons-rng-1.4-src,MarsagliaNormalisedGaussianSamplerTest,testSamplePairIsRejected_1_oe,commons-rng-sampling/src/test/java/org/apache/commons/rng/sampling/distribution/MarsagliaNormalisedGaussianSamplerTest.java,,,,assert,unknown
rng-_226_1,commons-rng-1.4-src,PoissonSamplerTest,testToString_1_oe,commons-rng-sampling/src/test/java/org/apache/commons/rng/sampling/distribution/PoissonSamplerTest.java,,,,assert,unknown
rng-_227_1,commons-rng-1.4-src,AliasMethodDiscreteSamplerTest,testConstructorThrowsWithNullProbabilites_1_oe,commons-rng-sampling/src/test/java/org/apache/commons/rng/sampling/distribution/AliasMethodDiscreteSamplerTest.java,,,,assert,unknown
rng-_228_1,commons-rng-1.4-src,AliasMethodDiscreteSamplerTest,testConstructorThrowsWithZeroLengthProbabilites_1_oe,commons-rng-sampling/src/test/java/org/apache/commons/rng/sampling/distribution/AliasMethodDiscreteSamplerTest.java,,,,assert,unknown
rng-_229_1,commons-rng-1.4-src,AliasMethodDiscreteSamplerTest,testConstructorThrowsWithNegativeProbabilites_1_oe,commons-rng-sampling/src/test/java/org/apache/commons/rng/sampling/distribution/AliasMethodDiscreteSamplerTest.java,,,,assert,unknown
rng-_230_1,commons-rng-1.4-src,AliasMethodDiscreteSamplerTest,testConstructorThrowsWithNaNProbabilites_1_oe,commons-rng-sampling/src/test/java/org/apache/commons/rng/sampling/distribution/AliasMethodDiscreteSamplerTest.java,,,,assert,unknown
rng-_231_1,commons-rng-1.4-src,AliasMethodDiscreteSamplerTest,testConstructorThrowsWithInfiniteProbabilites_1_oe,commons-rng-sampling/src/test/java/org/apache/commons/rng/sampling/distribution/AliasMethodDiscreteSamplerTest.java,,,,assert,unknown
rng-_232_1,commons-rng-1.4-src,AliasMethodDiscreteSamplerTest,testConstructorThrowsWithInfiniteSumProbabilites_1_oe,commons-rng-sampling/src/test/java/org/apache/commons/rng/sampling/distribution/AliasMethodDiscreteSamplerTest.java,,,,assert,unknown
rng-_233_1,commons-rng-1.4-src,AliasMethodDiscreteSamplerTest,testConstructorThrowsWithZeroSumProbabilites_1_oe,commons-rng-sampling/src/test/java/org/apache/commons/rng/sampling/distribution/AliasMethodDiscreteSamplerTest.java,,,,assert,unknown
rng-_234_1,commons-rng-1.4-src,AliasMethodDiscreteSamplerTest,testToString_1_oe,commons-rng-sampling/src/test/java/org/apache/commons/rng/sampling/distribution/AliasMethodDiscreteSamplerTest.java,,,,assert,unknown
rng-_235_1,commons-rng-1.4-src,RandomProviderDefaultStateTest,testConsistency_1_oe,commons-rng-core/src/test/java/org/apache/commons/rng/core/RandomProviderDefaultStateTest.java,,,,assert,unknown
rng-_236_1,commons-rng-1.4-src,ProvidersCommonParametricTest,testPreconditionNextInt_1_oe,commons-rng-core/src/test/java/org/apache/commons/rng/core/ProvidersCommonParametricTest.java,,,,assert,unknown
rng-_236_2,commons-rng-1.4-src,ProvidersCommonParametricTest,testPreconditionNextInt_2_oe,commons-rng-core/src/test/java/org/apache/commons/rng/core/ProvidersCommonParametricTest.java,,,,assert,unknown
rng-_237_1,commons-rng-1.4-src,ProvidersCommonParametricTest,testPreconditionNextLong_1_oe,commons-rng-core/src/test/java/org/apache/commons/rng/core/ProvidersCommonParametricTest.java,,,,assert,unknown
rng-_237_2,commons-rng-1.4-src,ProvidersCommonParametricTest,testPreconditionNextLong_2_oe,commons-rng-core/src/test/java/org/apache/commons/rng/core/ProvidersCommonParametricTest.java,,,,assert,unknown
rng-_238_1,commons-rng-1.4-src,ProvidersCommonParametricTest,testPreconditionNextBytes_1_oe,commons-rng-core/src/test/java/org/apache/commons/rng/core/ProvidersCommonParametricTest.java,,,,assert,unknown
rng-_238_2,commons-rng-1.4-src,ProvidersCommonParametricTest,testPreconditionNextBytes_2_oe,commons-rng-core/src/test/java/org/apache/commons/rng/core/ProvidersCommonParametricTest.java,,,,assert,unknown
rng-_238_3,commons-rng-1.4-src,ProvidersCommonParametricTest,testPreconditionNextBytes_3_oe,commons-rng-core/src/test/java/org/apache/commons/rng/core/ProvidersCommonParametricTest.java,,,,assert,unknown
rng-_238_4,commons-rng-1.4-src,ProvidersCommonParametricTest,testPreconditionNextBytes_4_oe,commons-rng-core/src/test/java/org/apache/commons/rng/core/ProvidersCommonParametricTest.java,,,,assert,unknown
rng-_239_1,commons-rng-1.4-src,ProvidersCommonParametricTest,testUniformNextBytesFullBuffer_1_oe,commons-rng-core/src/test/java/org/apache/commons/rng/core/ProvidersCommonParametricTest.java,,,,assert,unknown
rng-_240_1,commons-rng-1.4-src,ProvidersCommonParametricTest,testUniformNextBytesPartialBuffer_1_oe,commons-rng-core/src/test/java/org/apache/commons/rng/core/ProvidersCommonParametricTest.java,,,,assert,unknown
rng-_240_2,commons-rng-1.4-src,ProvidersCommonParametricTest,testUniformNextBytesPartialBuffer_2_oe,commons-rng-core/src/test/java/org/apache/commons/rng/core/ProvidersCommonParametricTest.java,,,,assert,unknown
rng-_240_3,commons-rng-1.4-src,ProvidersCommonParametricTest,testUniformNextBytesPartialBuffer_3_oe,commons-rng-core/src/test/java/org/apache/commons/rng/core/ProvidersCommonParametricTest.java,,,,assert,unknown
rng-_241_1,commons-rng-1.4-src,ProvidersCommonParametricTest,testStateSettable_1_oe,commons-rng-core/src/test/java/org/apache/commons/rng/core/ProvidersCommonParametricTest.java,,,,assert,unknown
rng-_241_2,commons-rng-1.4-src,ProvidersCommonParametricTest,testStateSettable_2_oe,commons-rng-core/src/test/java/org/apache/commons/rng/core/ProvidersCommonParametricTest.java,,,,assert,unknown
rng-_241_3,commons-rng-1.4-src,ProvidersCommonParametricTest,testStateSettable_3_oe,commons-rng-core/src/test/java/org/apache/commons/rng/core/ProvidersCommonParametricTest.java,,,,assert,unknown
rng-_241_4,commons-rng-1.4-src,ProvidersCommonParametricTest,testStateSettable_4_oe,commons-rng-core/src/test/java/org/apache/commons/rng/core/ProvidersCommonParametricTest.java,,,,assert,unknown
rng-_242_1,commons-rng-1.4-src,ProvidersCommonParametricTest,testStateWrongSize_1_oe,commons-rng-core/src/test/java/org/apache/commons/rng/core/ProvidersCommonParametricTest.java,,,,assert,unknown
rng-_243_1,commons-rng-1.4-src,ProvidersCommonParametricTest,testRestoreForeignState_1_oe,commons-rng-core/src/test/java/org/apache/commons/rng/core/ProvidersCommonParametricTest.java,,,,assert,unknown
rng-_244_1,commons-rng-1.4-src,BaseProviderTest,testStateSizeTooSmall_1_oe,commons-rng-core/src/test/java/org/apache/commons/rng/core/BaseProviderTest.java,,,,assert,unknown
rng-_245_1,commons-rng-1.4-src,BaseProviderTest,testStateSizeTooLarge_1_oe,commons-rng-core/src/test/java/org/apache/commons/rng/core/BaseProviderTest.java,,,,assert,unknown
rng-_246_1,commons-rng-1.4-src,BaseProviderTest,testFillStateInt_1_oe,commons-rng-core/src/test/java/org/apache/commons/rng/core/BaseProviderTest.java,,,,assert,unknown
rng-_246_2,commons-rng-1.4-src,BaseProviderTest,testFillStateInt_2_oe,commons-rng-core/src/test/java/org/apache/commons/rng/core/BaseProviderTest.java,,,,assert,unknown
rng-_246_3,commons-rng-1.4-src,BaseProviderTest,testFillStateInt_3_oe,commons-rng-core/src/test/java/org/apache/commons/rng/core/BaseProviderTest.java,,,,assert,unknown
rng-_247_1,commons-rng-1.4-src,BaseProviderTest,testFillStateLong_1_oe,commons-rng-core/src/test/java/org/apache/commons/rng/core/BaseProviderTest.java,,,,assert,unknown
rng-_247_2,commons-rng-1.4-src,BaseProviderTest,testFillStateLong_2_oe,commons-rng-core/src/test/java/org/apache/commons/rng/core/BaseProviderTest.java,,,,assert,unknown
rng-_247_3,commons-rng-1.4-src,BaseProviderTest,testFillStateLong_3_oe,commons-rng-core/src/test/java/org/apache/commons/rng/core/BaseProviderTest.java,,,,assert,unknown
rng-_248_1,commons-rng-1.4-src,NumberFactoryTest,testMakeBooleanFromInt_1_oe,commons-rng-core/src/test/java/org/apache/commons/rng/core/util/NumberFactoryTest.java,,,,assert,unknown
rng-_249_1,commons-rng-1.4-src,NumberFactoryTest,testMakeBooleanFromLong_1_oe,commons-rng-core/src/test/java/org/apache/commons/rng/core/util/NumberFactoryTest.java,,,,assert,unknown
rng-_250_1,commons-rng-1.4-src,NumberFactoryTest,testMakeIntFromLong_1_oe,commons-rng-core/src/test/java/org/apache/commons/rng/core/util/NumberFactoryTest.java,,,,assert,unknown
rng-_250_2,commons-rng-1.4-src,NumberFactoryTest,testMakeIntFromLong_2_oe,commons-rng-core/src/test/java/org/apache/commons/rng/core/util/NumberFactoryTest.java,,,,assert,unknown
rng-_250_3,commons-rng-1.4-src,NumberFactoryTest,testMakeIntFromLong_3_oe,commons-rng-core/src/test/java/org/apache/commons/rng/core/util/NumberFactoryTest.java,,,,assert,unknown
rng-_250_4,commons-rng-1.4-src,NumberFactoryTest,testMakeIntFromLong_4_oe,commons-rng-core/src/test/java/org/apache/commons/rng/core/util/NumberFactoryTest.java,,,,assert,unknown
rng-_250_5,commons-rng-1.4-src,NumberFactoryTest,testMakeIntFromLong_5_oe,commons-rng-core/src/test/java/org/apache/commons/rng/core/util/NumberFactoryTest.java,,,,assert,unknown
rng-_250_6,commons-rng-1.4-src,NumberFactoryTest,testMakeIntFromLong_6_oe,commons-rng-core/src/test/java/org/apache/commons/rng/core/util/NumberFactoryTest.java,,,,assert,unknown
rng-_250_7,commons-rng-1.4-src,NumberFactoryTest,testMakeIntFromLong_7_oe,commons-rng-core/src/test/java/org/apache/commons/rng/core/util/NumberFactoryTest.java,,,,assert,unknown
rng-_250_8,commons-rng-1.4-src,NumberFactoryTest,testMakeIntFromLong_8_oe,commons-rng-core/src/test/java/org/apache/commons/rng/core/util/NumberFactoryTest.java,,,,assert,unknown
rng-_251_1,commons-rng-1.4-src,NumberFactoryTest,testExtractLoExtractHi_1_oe,commons-rng-core/src/test/java/org/apache/commons/rng/core/util/NumberFactoryTest.java,,,,assert,unknown
rng-_252_1,commons-rng-1.4-src,NumberFactoryTest,testLong2Long_1_oe,commons-rng-core/src/test/java/org/apache/commons/rng/core/util/NumberFactoryTest.java,,,,assert,unknown
rng-_253_1,commons-rng-1.4-src,NumberFactoryTest,testLongToByteArraySignificanceOrder_1_oe,commons-rng-core/src/test/java/org/apache/commons/rng/core/util/NumberFactoryTest.java,,,,assert,unknown
rng-_254_1,commons-rng-1.4-src,NumberFactoryTest,testLongFromByteArray2Long_1_oe,commons-rng-core/src/test/java/org/apache/commons/rng/core/util/NumberFactoryTest.java,,,,assert,unknown
rng-_255_1,commons-rng-1.4-src,NumberFactoryTest,testLongArrayFromByteArray2LongArray_1_oe,commons-rng-core/src/test/java/org/apache/commons/rng/core/util/NumberFactoryTest.java,,,,assert,unknown
rng-_256_1,commons-rng-1.4-src,NumberFactoryTest,testLongArrayToByteArrayMatchesLongToByteArray_1_oe,commons-rng-core/src/test/java/org/apache/commons/rng/core/util/NumberFactoryTest.java,,,,assert,unknown
rng-_257_1,commons-rng-1.4-src,NumberFactoryTest,testIntToByteArraySignificanceOrder_1_oe,commons-rng-core/src/test/java/org/apache/commons/rng/core/util/NumberFactoryTest.java,,,,assert,unknown
rng-_258_1,commons-rng-1.4-src,NumberFactoryTest,testIntFromByteArray2Int_1_oe,commons-rng-core/src/test/java/org/apache/commons/rng/core/util/NumberFactoryTest.java,,,,assert,unknown
rng-_259_1,commons-rng-1.4-src,NumberFactoryTest,testIntArrayFromByteArray2IntArray_1_oe,commons-rng-core/src/test/java/org/apache/commons/rng/core/util/NumberFactoryTest.java,,,,assert,unknown
rng-_260_1,commons-rng-1.4-src,NumberFactoryTest,testIntArrayToByteArrayMatchesIntToByteArray_1_oe,commons-rng-core/src/test/java/org/apache/commons/rng/core/util/NumberFactoryTest.java,,,,assert,unknown
rng-_261_1,commons-rng-1.4-src,NumberFactoryTest,testMakeIntPrecondition1_1_oe,commons-rng-core/src/test/java/org/apache/commons/rng/core/util/NumberFactoryTest.java,,,,assert,unknown
rng-_261_2,commons-rng-1.4-src,NumberFactoryTest,testMakeIntPrecondition1_2_oe,commons-rng-core/src/test/java/org/apache/commons/rng/core/util/NumberFactoryTest.java,,,,assert,unknown
rng-_262_1,commons-rng-1.4-src,NumberFactoryTest,testMakeIntArrayPrecondition1_1_oe,commons-rng-core/src/test/java/org/apache/commons/rng/core/util/NumberFactoryTest.java,,,,assert,unknown
rng-_262_2,commons-rng-1.4-src,NumberFactoryTest,testMakeIntArrayPrecondition1_2_oe,commons-rng-core/src/test/java/org/apache/commons/rng/core/util/NumberFactoryTest.java,,,,assert,unknown
rng-_263_1,commons-rng-1.4-src,NumberFactoryTest,testMakeLongPrecondition1_1_oe,commons-rng-core/src/test/java/org/apache/commons/rng/core/util/NumberFactoryTest.java,,,,assert,unknown
rng-_263_2,commons-rng-1.4-src,NumberFactoryTest,testMakeLongPrecondition1_2_oe,commons-rng-core/src/test/java/org/apache/commons/rng/core/util/NumberFactoryTest.java,,,,assert,unknown
rng-_264_1,commons-rng-1.4-src,NumberFactoryTest,testMakeLongArrayPrecondition1_1_oe,commons-rng-core/src/test/java/org/apache/commons/rng/core/util/NumberFactoryTest.java,,,,assert,unknown
rng-_264_2,commons-rng-1.4-src,NumberFactoryTest,testMakeLongArrayPrecondition1_2_oe,commons-rng-core/src/test/java/org/apache/commons/rng/core/util/NumberFactoryTest.java,,,,assert,unknown
rng-_265_1,commons-rng-1.4-src,NumberFactoryTest,testFloatGenerationMethods_1_oe,commons-rng-core/src/test/java/org/apache/commons/rng/core/util/NumberFactoryTest.java,,,,assert,unknown
rng-_265_2,commons-rng-1.4-src,NumberFactoryTest,testFloatGenerationMethods_2_oe,commons-rng-core/src/test/java/org/apache/commons/rng/core/util/NumberFactoryTest.java,,,,assert,unknown
rng-_265_3,commons-rng-1.4-src,NumberFactoryTest,testFloatGenerationMethods_3_oe,commons-rng-core/src/test/java/org/apache/commons/rng/core/util/NumberFactoryTest.java,,,,assert,unknown
rng-_266_1,commons-rng-1.4-src,NumberFactoryTest,testDoubleGenerationMethods_1_oe,commons-rng-core/src/test/java/org/apache/commons/rng/core/util/NumberFactoryTest.java,,,,assert,unknown
rng-_266_2,commons-rng-1.4-src,NumberFactoryTest,testDoubleGenerationMethods_2_oe,commons-rng-core/src/test/java/org/apache/commons/rng/core/util/NumberFactoryTest.java,,,,assert,unknown
rng-_266_3,commons-rng-1.4-src,NumberFactoryTest,testDoubleGenerationMethods_3_oe,commons-rng-core/src/test/java/org/apache/commons/rng/core/util/NumberFactoryTest.java,,,,assert,unknown
rng-_267_1,commons-rng-1.4-src,NumberFactoryTest,testMakeDoubleFromLong_1_oe,commons-rng-core/src/test/java/org/apache/commons/rng/core/util/NumberFactoryTest.java,,,,assert,unknown
rng-_268_1,commons-rng-1.4-src,NumberFactoryTest,testMakeDoubleFromIntInt_1_oe,commons-rng-core/src/test/java/org/apache/commons/rng/core/util/NumberFactoryTest.java,,,,assert,unknown
rng-_269_1,commons-rng-1.4-src,NumberFactoryTest,testMakeFloatFromInt_1_oe,commons-rng-core/src/test/java/org/apache/commons/rng/core/util/NumberFactoryTest.java,,,,assert,unknown
rng-_270_1,commons-rng-1.4-src,Well19937cTest,testReferenceCode_1_oe,commons-rng-core/src/test/java/org/apache/commons/rng/core/source32/Well19937cTest.java,,,,assert,unknown
rng-_271_1,commons-rng-1.4-src,PcgMcgXshRr32Test,testReferenceCode_1_oe,commons-rng-core/src/test/java/org/apache/commons/rng/core/source32/PcgMcgXshRr32Test.java,,,,assert,unknown
rng-_272_1,commons-rng-1.4-src,Well19937aTest,testReferenceCode_1_oe,commons-rng-core/src/test/java/org/apache/commons/rng/core/source32/Well19937aTest.java,,,,assert,unknown
rng-_273_1,commons-rng-1.4-src,MiddleSquareWeylSequenceTest,testReferenceCode_1_oe,commons-rng-core/src/test/java/org/apache/commons/rng/core/source32/MiddleSquareWeylSequenceTest.java,,,,assert,unknown
rng-_274_1,commons-rng-1.4-src,MiddleSquareWeylSequenceTest,testNextLong_1_oe,commons-rng-core/src/test/java/org/apache/commons/rng/core/source32/MiddleSquareWeylSequenceTest.java,,,,assert,unknown
rng-_275_1,commons-rng-1.4-src,PcgXshRr32Test,testReferenceCode_1_oe,commons-rng-core/src/test/java/org/apache/commons/rng/core/source32/PcgXshRr32Test.java,,,,assert,unknown
rng-_276_1,commons-rng-1.4-src,PcgXshRr32Test,testReferenceCodeFixedIncrement_1_oe,commons-rng-core/src/test/java/org/apache/commons/rng/core/source32/PcgXshRr32Test.java,,,,assert,unknown
rng-_277_1,commons-rng-1.4-src,Well1024aTest,testReferenceCode_1_oe,commons-rng-core/src/test/java/org/apache/commons/rng/core/source32/Well1024aTest.java,,,,assert,unknown
rng-_278_1,commons-rng-1.4-src,Well44497aTest,testReferenceCode_1_oe,commons-rng-core/src/test/java/org/apache/commons/rng/core/source32/Well44497aTest.java,,,,assert,unknown
rng-_279_1,commons-rng-1.4-src,JDKRandomTest,testReferenceCode_1_oe,commons-rng-core/src/test/java/org/apache/commons/rng/core/source32/JDKRandomTest.java,,,,assert,unknown
rng-_280_1,commons-rng-1.4-src,JDKRandomTest,testRestoreToNewInstance_1_oe,commons-rng-core/src/test/java/org/apache/commons/rng/core/source32/JDKRandomTest.java,,,,assert,unknown
rng-_281_1,commons-rng-1.4-src,JDKRandomTest,testRestoreWithInvalidClass_1_oe,commons-rng-core/src/test/java/org/apache/commons/rng/core/source32/JDKRandomTest.java,,,,assert,unknown
rng-_282_1,commons-rng-1.4-src,ISAACRandomTest,testReference1_1_oe,commons-rng-core/src/test/java/org/apache/commons/rng/core/source32/ISAACRandomTest.java,,,,assert,unknown
rng-_283_1,commons-rng-1.4-src,ISAACRandomTest,testReference2_1_oe,commons-rng-core/src/test/java/org/apache/commons/rng/core/source32/ISAACRandomTest.java,,,,assert,unknown
rng-_284_1,commons-rng-1.4-src,Well44497bTest,testReferenceCode_1_oe,commons-rng-core/src/test/java/org/apache/commons/rng/core/source32/Well44497bTest.java,,,,assert,unknown
rng-_285_1,commons-rng-1.4-src,XoRoShiRo64StarTest,testReferenceCode_1_oe,commons-rng-core/src/test/java/org/apache/commons/rng/core/source32/XoRoShiRo64StarTest.java,,,,assert,unknown
rng-_286_1,commons-rng-1.4-src,PcgXshRs32Test,testReferenceCode_1_oe,commons-rng-core/src/test/java/org/apache/commons/rng/core/source32/PcgXshRs32Test.java,,,,assert,unknown
rng-_287_1,commons-rng-1.4-src,PcgXshRs32Test,testReferenceCodeFixedIncrement_1_oe,commons-rng-core/src/test/java/org/apache/commons/rng/core/source32/PcgXshRs32Test.java,,,,assert,unknown
rng-_288_1,commons-rng-1.4-src,Well512aTest,testReferenceCode_1_oe,commons-rng-core/src/test/java/org/apache/commons/rng/core/source32/Well512aTest.java,,,,assert,unknown
rng-_289_1,commons-rng-1.4-src,XoShiRo128PlusPlusTest,testReferenceCode_1_oe,commons-rng-core/src/test/java/org/apache/commons/rng/core/source32/XoShiRo128PlusPlusTest.java,,,,assert,unknown
rng-_290_1,commons-rng-1.4-src,KISSRandomTest,testMarsaglia_1_oe,commons-rng-core/src/test/java/org/apache/commons/rng/core/source32/KISSRandomTest.java,,,,assert,unknown
rng-_291_1,commons-rng-1.4-src,PcgMcgXshRs32Test,testReferenceCode_1_oe,commons-rng-core/src/test/java/org/apache/commons/rng/core/source32/PcgMcgXshRs32Test.java,,,,assert,unknown
rng-_292_1,commons-rng-1.4-src,IntProviderTest,testNextBoolean_1_oe,commons-rng-core/src/test/java/org/apache/commons/rng/core/source32/IntProviderTest.java,,,,assert,unknown
rng-_292_2,commons-rng-1.4-src,IntProviderTest,testNextBoolean_2_oe,commons-rng-core/src/test/java/org/apache/commons/rng/core/source32/IntProviderTest.java,,,,assert,unknown
rng-_293_1,commons-rng-1.4-src,DotyHumphreySmallFastCounting32Test,testReferenceCode_1_oe,commons-rng-core/src/test/java/org/apache/commons/rng/core/source32/DotyHumphreySmallFastCounting32Test.java,,,,assert,unknown
rng-_294_1,commons-rng-1.4-src,XoShiRo128PlusTest,testReferenceCode_1_oe,commons-rng-core/src/test/java/org/apache/commons/rng/core/source32/XoShiRo128PlusTest.java,,,,assert,unknown
rng-_295_1,commons-rng-1.4-src,MersenneTwisterTest,testMakotoNishimura_1_oe,commons-rng-core/src/test/java/org/apache/commons/rng/core/source32/MersenneTwisterTest.java,,,,assert,unknown
rng-_296_1,commons-rng-1.4-src,MersenneTwisterTest,testConstructorWithEmptySeed_1_oe,commons-rng-core/src/test/java/org/apache/commons/rng/core/source32/MersenneTwisterTest.java,,,,assert,unknown
rng-_297_1,commons-rng-1.4-src,MultiplyWithCarry256Test,testMarsaglia_1_oe,commons-rng-core/src/test/java/org/apache/commons/rng/core/source32/MultiplyWithCarry256Test.java,,,,assert,unknown
rng-_298_1,commons-rng-1.4-src,JenkinsSmallFast32Test,testReferenceCode_1_oe,commons-rng-core/src/test/java/org/apache/commons/rng/core/source32/JenkinsSmallFast32Test.java,,,,assert,unknown
rng-_299_1,commons-rng-1.4-src,XoShiRo128StarStarTest,testReferenceCode_1_oe,commons-rng-core/src/test/java/org/apache/commons/rng/core/source32/XoShiRo128StarStarTest.java,,,,assert,unknown
rng-_300_1,commons-rng-1.4-src,XoRoShiRo64StarStarTest,testReferenceCode_1_oe,commons-rng-core/src/test/java/org/apache/commons/rng/core/source32/XoRoShiRo64StarStarTest.java,,,,assert,unknown
rng-_301_1,commons-rng-1.4-src,XoRoShiRo128StarStarTest,testReferenceCode_1_oe,commons-rng-core/src/test/java/org/apache/commons/rng/core/source64/XoRoShiRo128StarStarTest.java,,,,assert,unknown
rng-_302_1,commons-rng-1.4-src,SplitMix64Test,testReferenceCode_1_oe,commons-rng-core/src/test/java/org/apache/commons/rng/core/source64/SplitMix64Test.java,,,,assert,unknown
rng-_302_2,commons-rng-1.4-src,SplitMix64Test,testReferenceCode_2_oe,commons-rng-core/src/test/java/org/apache/commons/rng/core/source64/SplitMix64Test.java,,,,assert,unknown
rng-_303_1,commons-rng-1.4-src,XoRoShiRo128PlusPlusTest,testReferenceCode_1_oe,commons-rng-core/src/test/java/org/apache/commons/rng/core/source64/XoRoShiRo128PlusPlusTest.java,,,,assert,unknown
rng-_304_1,commons-rng-1.4-src,XoRoShiRo128PlusPlusTest,testNextOutputThrows_1_oe,commons-rng-core/src/test/java/org/apache/commons/rng/core/source64/XoRoShiRo128PlusPlusTest.java,,,,assert,unknown
rng-_305_1,commons-rng-1.4-src,XoRoShiRo1024StarTest,testReferenceCode_1_oe,commons-rng-core/src/test/java/org/apache/commons/rng/core/source64/XoRoShiRo1024StarTest.java,,,,assert,unknown
rng-_306_1,commons-rng-1.4-src,XoShiRo256PlusTest,testReferenceCode_1_oe,commons-rng-core/src/test/java/org/apache/commons/rng/core/source64/XoShiRo256PlusTest.java,,,,assert,unknown
rng-_307_1,commons-rng-1.4-src,XoRoShiRo1024StarStarTest,testReferenceCode_1_oe,commons-rng-core/src/test/java/org/apache/commons/rng/core/source64/XoRoShiRo1024StarStarTest.java,,,,assert,unknown
rng-_308_1,commons-rng-1.4-src,XoShiRo512StarStarTest,testReferenceCode_1_oe,commons-rng-core/src/test/java/org/apache/commons/rng/core/source64/XoShiRo512StarStarTest.java,,,,assert,unknown
rng-_309_1,commons-rng-1.4-src,XorShift1024StarTest,testReferenceCode_1_oe,commons-rng-core/src/test/java/org/apache/commons/rng/core/source64/XorShift1024StarTest.java,,,,assert,unknown
rng-_310_1,commons-rng-1.4-src,LongProviderTest,testNextInt_1_oe,commons-rng-core/src/test/java/org/apache/commons/rng/core/source64/LongProviderTest.java,,,,assert,unknown
rng-_310_2,commons-rng-1.4-src,LongProviderTest,testNextInt_2_oe,commons-rng-core/src/test/java/org/apache/commons/rng/core/source64/LongProviderTest.java,,,,assert,unknown
rng-_310_3,commons-rng-1.4-src,LongProviderTest,testNextInt_3_oe,commons-rng-core/src/test/java/org/apache/commons/rng/core/source64/LongProviderTest.java,,,,assert,unknown
rng-_310_4,commons-rng-1.4-src,LongProviderTest,testNextInt_4_oe,commons-rng-core/src/test/java/org/apache/commons/rng/core/source64/LongProviderTest.java,,,,assert,unknown
rng-_311_1,commons-rng-1.4-src,LongProviderTest,testNextBoolean_1_oe,commons-rng-core/src/test/java/org/apache/commons/rng/core/source64/LongProviderTest.java,,,,assert,unknown
rng-_311_2,commons-rng-1.4-src,LongProviderTest,testNextBoolean_2_oe,commons-rng-core/src/test/java/org/apache/commons/rng/core/source64/LongProviderTest.java,,,,assert,unknown
rng-_312_1,commons-rng-1.4-src,XoShiRo512PlusTest,testReferenceCode_1_oe,commons-rng-core/src/test/java/org/apache/commons/rng/core/source64/XoShiRo512PlusTest.java,,,,assert,unknown
rng-_313_1,commons-rng-1.4-src,XoRoShiRo1024PlusPlusTest,testReferenceCode_1_oe,commons-rng-core/src/test/java/org/apache/commons/rng/core/source64/XoRoShiRo1024PlusPlusTest.java,,,,assert,unknown
rng-_314_1,commons-rng-1.4-src,JenkinsSmallFast64Test,testReferenceCode_1_oe,commons-rng-core/src/test/java/org/apache/commons/rng/core/source64/JenkinsSmallFast64Test.java,,,,assert,unknown
rng-_315_1,commons-rng-1.4-src,XorShift1024StarPhiTest,testReferenceCode_1_oe,commons-rng-core/src/test/java/org/apache/commons/rng/core/source64/XorShift1024StarPhiTest.java,,,,assert,unknown
rng-_316_1,commons-rng-1.4-src,XoShiRo256StarStarTest,testReferenceCode_1_oe,commons-rng-core/src/test/java/org/apache/commons/rng/core/source64/XoShiRo256StarStarTest.java,,,,assert,unknown
rng-_317_1,commons-rng-1.4-src,TwoCmresTest,testAsymmetric_1_oe,commons-rng-core/src/test/java/org/apache/commons/rng/core/source64/TwoCmresTest.java,,,,assert,unknown
rng-_318_1,commons-rng-1.4-src,TwoCmresTest,testSeedingWithASingleBitProducesDifferentOutputFromZeroSeed_1_oe,commons-rng-core/src/test/java/org/apache/commons/rng/core/source64/TwoCmresTest.java,,,,assert,unknown
rng-_319_1,commons-rng-1.4-src,TwoCmresTest,testSubcycleGeneratorsMustBeDifferent_1_oe,commons-rng-core/src/test/java/org/apache/commons/rng/core/source64/TwoCmresTest.java,,,,assert,unknown
rng-_320_1,commons-rng-1.4-src,TwoCmresTest,testSubcycleGeneratorsIndex_1_oe,commons-rng-core/src/test/java/org/apache/commons/rng/core/source64/TwoCmresTest.java,,,,assert,unknown
rng-_320_2,commons-rng-1.4-src,TwoCmresTest,testSubcycleGeneratorsIndex_2_oe,commons-rng-core/src/test/java/org/apache/commons/rng/core/source64/TwoCmresTest.java,,,,assert,unknown
rng-_321_1,commons-rng-1.4-src,TwoCmresTest,testCmresFactoryThrowsWithDuplicateMultiplier_1_oe,commons-rng-core/src/test/java/org/apache/commons/rng/core/source64/TwoCmresTest.java,,,,assert,unknown
rng-_321_2,commons-rng-1.4-src,TwoCmresTest,testCmresFactoryThrowsWithDuplicateMultiplier_2_oe,commons-rng-core/src/test/java/org/apache/commons/rng/core/source64/TwoCmresTest.java,,,,assert,unknown
rng-_322_1,commons-rng-1.4-src,XoShiRo512PlusPlusTest,testReferenceCode_1_oe,commons-rng-core/src/test/java/org/apache/commons/rng/core/source64/XoShiRo512PlusPlusTest.java,,,,assert,unknown
rng-_323_1,commons-rng-1.4-src,MersenneTwister64Test,testMakotoNishimura_1_oe,commons-rng-core/src/test/java/org/apache/commons/rng/core/source64/MersenneTwister64Test.java,,,,assert,unknown
rng-_324_1,commons-rng-1.4-src,MersenneTwister64Test,testConstructorWithEmptySeed_1_oe,commons-rng-core/src/test/java/org/apache/commons/rng/core/source64/MersenneTwister64Test.java,,,,assert,unknown
rng-_325_1,commons-rng-1.4-src,PcgRxsMXs64Test,testReferenceCode_1_oe,commons-rng-core/src/test/java/org/apache/commons/rng/core/source64/PcgRxsMXs64Test.java,,,,assert,unknown
rng-_326_1,commons-rng-1.4-src,PcgRxsMXs64Test,testReferenceCodeFixedIncrement_1_oe,commons-rng-core/src/test/java/org/apache/commons/rng/core/source64/PcgRxsMXs64Test.java,,,,assert,unknown
rng-_327_1,commons-rng-1.4-src,XoShiRo256PlusPlusTest,testReferenceCode_1_oe,commons-rng-core/src/test/java/org/apache/commons/rng/core/source64/XoShiRo256PlusPlusTest.java,,,,assert,unknown
rng-_328_1,commons-rng-1.4-src,DotyHumphreySmallFastCounting64Test,testReferenceCode_1_oe,commons-rng-core/src/test/java/org/apache/commons/rng/core/source64/DotyHumphreySmallFastCounting64Test.java,,,,assert,unknown
rng-_329_1,commons-rng-1.4-src,XoRoShiRo128PlusTest,testReferenceCode_1_oe,commons-rng-core/src/test/java/org/apache/commons/rng/core/source64/XoRoShiRo128PlusTest.java,,,,assert,unknown
rng-_330_1,commons-rng-1.4-src,ThreadLocalRandomSourceTest,testCurrentThrowsForNullRandomSource_1_oe,commons-rng-simple/src/test/java/org/apache/commons/rng/simple/ThreadLocalRandomSourceTest.java,,,,assert,unknown
rng-_331_1,commons-rng-1.4-src,ThreadLocalRandomSourceTest,testCurrentThrowsForRandomSourceWithDataArguments_1_oe,commons-rng-simple/src/test/java/org/apache/commons/rng/simple/ThreadLocalRandomSourceTest.java,,,,assert,unknown
rng-_332_1,commons-rng-1.4-src,ThreadLocalRandomSourceTest,testCurrentForAllRandomSources_1_oe,commons-rng-simple/src/test/java/org/apache/commons/rng/simple/ThreadLocalRandomSourceTest.java,,,,assert,unknown
rng-_332_2,commons-rng-1.4-src,ThreadLocalRandomSourceTest,testCurrentForAllRandomSources_2_oe,commons-rng-simple/src/test/java/org/apache/commons/rng/simple/ThreadLocalRandomSourceTest.java,,,,assert,unknown
rng-_332_3,commons-rng-1.4-src,ThreadLocalRandomSourceTest,testCurrentForAllRandomSources_3_oe,commons-rng-simple/src/test/java/org/apache/commons/rng/simple/ThreadLocalRandomSourceTest.java,,,,assert,unknown
rng-_333_1,commons-rng-1.4-src,JDKRandomWrapperTest,testNextLongInRange_1_oe,commons-rng-simple/src/test/java/org/apache/commons/rng/simple/JDKRandomWrapperTest.java,,,,assert,unknown
rng-_334_1,commons-rng-1.4-src,JDKRandomWrapperTest,testNextLongInRangeThrows_1_oe,commons-rng-simple/src/test/java/org/apache/commons/rng/simple/JDKRandomWrapperTest.java,,,,assert,unknown
rng-_335_1,commons-rng-1.4-src,ProvidersCommonParametricTest,testUnsupportedSeedType_1_oe,commons-rng-simple/src/test/java/org/apache/commons/rng/simple/ProvidersCommonParametricTest.java,,,,assert,unknown
rng-_336_1,commons-rng-1.4-src,ProvidersCommonParametricTest,testFactoryCreateMethod_1_oe,commons-rng-simple/src/test/java/org/apache/commons/rng/simple/ProvidersCommonParametricTest.java,,,,assert,unknown
rng-_337_1,commons-rng-1.4-src,ProvidersCommonParametricTest,testFactoryCreateMethodWithSeed_1_oe,commons-rng-simple/src/test/java/org/apache/commons/rng/simple/ProvidersCommonParametricTest.java,,,,assert,unknown
rng-_337_2,commons-rng-1.4-src,ProvidersCommonParametricTest,testFactoryCreateMethodWithSeed_2_oe,commons-rng-simple/src/test/java/org/apache/commons/rng/simple/ProvidersCommonParametricTest.java,,,,assert,unknown
rng-_338_1,commons-rng-1.4-src,ProvidersCommonParametricTest,testCreateMethodThrowsWithIncorrectArguments_1_oe,commons-rng-simple/src/test/java/org/apache/commons/rng/simple/ProvidersCommonParametricTest.java,,,,assert,unknown
rng-_338_2,commons-rng-1.4-src,ProvidersCommonParametricTest,testCreateMethodThrowsWithIncorrectArguments_2_oe,commons-rng-simple/src/test/java/org/apache/commons/rng/simple/ProvidersCommonParametricTest.java,,,,assert,unknown
rng-_339_1,commons-rng-1.4-src,ProvidersCommonParametricTest,testAllSeedTypes_1_oe,commons-rng-simple/src/test/java/org/apache/commons/rng/simple/ProvidersCommonParametricTest.java,,,,assert,unknown
rng-_339_2,commons-rng-1.4-src,ProvidersCommonParametricTest,testAllSeedTypes_2_oe,commons-rng-simple/src/test/java/org/apache/commons/rng/simple/ProvidersCommonParametricTest.java,,,,assert,unknown
rng-_339_3,commons-rng-1.4-src,ProvidersCommonParametricTest,testAllSeedTypes_3_oe,commons-rng-simple/src/test/java/org/apache/commons/rng/simple/ProvidersCommonParametricTest.java,,,,assert,unknown
rng-_339_4,commons-rng-1.4-src,ProvidersCommonParametricTest,testAllSeedTypes_4_oe,commons-rng-simple/src/test/java/org/apache/commons/rng/simple/ProvidersCommonParametricTest.java,,,,assert,unknown
rng-_340_1,commons-rng-1.4-src,ProvidersCommonParametricTest,testUnrestorable_1_oe,commons-rng-simple/src/test/java/org/apache/commons/rng/simple/ProvidersCommonParametricTest.java,,,,assert,unknown
rng-_341_1,commons-rng-1.4-src,ProvidersCommonParametricTest,testSerializingState_1_oe,commons-rng-simple/src/test/java/org/apache/commons/rng/simple/ProvidersCommonParametricTest.java,,,,assert,unknown
rng-_341_2,commons-rng-1.4-src,ProvidersCommonParametricTest,testSerializingState_2_oe,commons-rng-simple/src/test/java/org/apache/commons/rng/simple/ProvidersCommonParametricTest.java,,,,assert,unknown
rng-_341_3,commons-rng-1.4-src,ProvidersCommonParametricTest,testSerializingState_3_oe,commons-rng-simple/src/test/java/org/apache/commons/rng/simple/ProvidersCommonParametricTest.java,,,,assert,unknown
rng-_341_4,commons-rng-1.4-src,ProvidersCommonParametricTest,testSerializingState_4_oe,commons-rng-simple/src/test/java/org/apache/commons/rng/simple/ProvidersCommonParametricTest.java,,,,assert,unknown
rng-_341_5,commons-rng-1.4-src,ProvidersCommonParametricTest,testSerializingState_5_oe,commons-rng-simple/src/test/java/org/apache/commons/rng/simple/ProvidersCommonParametricTest.java,,,,assert,unknown
rng-_342_1,commons-rng-1.4-src,ProvidersCommonParametricTest,testUnrestorableToString_1_oe,commons-rng-simple/src/test/java/org/apache/commons/rng/simple/ProvidersCommonParametricTest.java,,,,assert,unknown
rng-_343_1,commons-rng-1.4-src,ProvidersCommonParametricTest,testSupportedInterfaces_1_oe,commons-rng-simple/src/test/java/org/apache/commons/rng/simple/ProvidersCommonParametricTest.java,,,,assert,unknown
rng-_343_2,commons-rng-1.4-src,ProvidersCommonParametricTest,testSupportedInterfaces_2_oe,commons-rng-simple/src/test/java/org/apache/commons/rng/simple/ProvidersCommonParametricTest.java,,,,assert,unknown
rng-_344_1,commons-rng-1.4-src,RandomSourceTest,testCreateInt_1_oe,commons-rng-simple/src/test/java/org/apache/commons/rng/simple/RandomSourceTest.java,,,,assert,unknown
rng-_345_1,commons-rng-1.4-src,RandomSourceTest,testCreateLong_1_oe,commons-rng-simple/src/test/java/org/apache/commons/rng/simple/RandomSourceTest.java,,,,assert,unknown
rng-_346_1,commons-rng-1.4-src,RandomSourceTest,testCreateIntArray_1_oe,commons-rng-simple/src/test/java/org/apache/commons/rng/simple/RandomSourceTest.java,,,,assert,unknown
rng-_346_2,commons-rng-1.4-src,RandomSourceTest,testCreateIntArray_2_oe,commons-rng-simple/src/test/java/org/apache/commons/rng/simple/RandomSourceTest.java,,,,assert,unknown
rng-_347_1,commons-rng-1.4-src,RandomSourceTest,testCreateLongArray_1_oe,commons-rng-simple/src/test/java/org/apache/commons/rng/simple/RandomSourceTest.java,,,,assert,unknown
rng-_347_2,commons-rng-1.4-src,RandomSourceTest,testCreateLongArray_2_oe,commons-rng-simple/src/test/java/org/apache/commons/rng/simple/RandomSourceTest.java,,,,assert,unknown
rng-_348_1,commons-rng-1.4-src,RandomSourceTest,testIsJumpable_1_oe,commons-rng-simple/src/test/java/org/apache/commons/rng/simple/RandomSourceTest.java,,,,assert,unknown
rng-_348_2,commons-rng-1.4-src,RandomSourceTest,testIsJumpable_2_oe,commons-rng-simple/src/test/java/org/apache/commons/rng/simple/RandomSourceTest.java,,,,assert,unknown
rng-_348_3,commons-rng-1.4-src,RandomSourceTest,testIsJumpable_3_oe,commons-rng-simple/src/test/java/org/apache/commons/rng/simple/RandomSourceTest.java,,,,assert,unknown
rng-_349_1,commons-rng-1.4-src,RandomSourceTest,testIsLongJumpable_1_oe,commons-rng-simple/src/test/java/org/apache/commons/rng/simple/RandomSourceTest.java,,,,assert,unknown
rng-_349_2,commons-rng-1.4-src,RandomSourceTest,testIsLongJumpable_2_oe,commons-rng-simple/src/test/java/org/apache/commons/rng/simple/RandomSourceTest.java,,,,assert,unknown
rng-_349_3,commons-rng-1.4-src,RandomSourceTest,testIsLongJumpable_3_oe,commons-rng-simple/src/test/java/org/apache/commons/rng/simple/RandomSourceTest.java,,,,assert,unknown
rng-_350_1,commons-rng-1.4-src,JDKRandomBridgeTest,testJDKRandomEquivalence_1_oe,commons-rng-simple/src/test/java/org/apache/commons/rng/simple/JDKRandomBridgeTest.java,,,,assert,unknown
rng-_351_1,commons-rng-1.4-src,NativeSeedTypeParametricTest,testNativeSeedTypeEnum_1_oe,commons-rng-simple/src/test/java/org/apache/commons/rng/simple/internal/NativeSeedTypeParametricTest.java,,,,assert,unknown
rng-_351_2,commons-rng-1.4-src,NativeSeedTypeParametricTest,testNativeSeedTypeEnum_2_oe,commons-rng-simple/src/test/java/org/apache/commons/rng/simple/internal/NativeSeedTypeParametricTest.java,,,,assert,unknown
rng-_351_3,commons-rng-1.4-src,NativeSeedTypeParametricTest,testNativeSeedTypeEnum_3_oe,commons-rng-simple/src/test/java/org/apache/commons/rng/simple/internal/NativeSeedTypeParametricTest.java,,,,assert,unknown
rng-_352_1,commons-rng-1.4-src,NativeSeedTypeParametricTest,testCreateSeed_1_oe,commons-rng-simple/src/test/java/org/apache/commons/rng/simple/internal/NativeSeedTypeParametricTest.java,,,,assert,unknown
rng-_352_2,commons-rng-1.4-src,NativeSeedTypeParametricTest,testCreateSeed_2_oe,commons-rng-simple/src/test/java/org/apache/commons/rng/simple/internal/NativeSeedTypeParametricTest.java,,,,assert,unknown
rng-_352_3,commons-rng-1.4-src,NativeSeedTypeParametricTest,testCreateSeed_3_oe,commons-rng-simple/src/test/java/org/apache/commons/rng/simple/internal/NativeSeedTypeParametricTest.java,,,,assert,unknown
rng-_353_1,commons-rng-1.4-src,NativeSeedTypeParametricTest,testConvertSeedToBytes_1_oe,commons-rng-simple/src/test/java/org/apache/commons/rng/simple/internal/NativeSeedTypeParametricTest.java,,,,assert,unknown
rng-_353_2,commons-rng-1.4-src,NativeSeedTypeParametricTest,testConvertSeedToBytes_2_oe,commons-rng-simple/src/test/java/org/apache/commons/rng/simple/internal/NativeSeedTypeParametricTest.java,,,,assert,unknown
rng-_353_3,commons-rng-1.4-src,NativeSeedTypeParametricTest,testConvertSeedToBytes_3_oe,commons-rng-simple/src/test/java/org/apache/commons/rng/simple/internal/NativeSeedTypeParametricTest.java,,,,assert,unknown
rng-_353_4,commons-rng-1.4-src,NativeSeedTypeParametricTest,testConvertSeedToBytes_4_oe,commons-rng-simple/src/test/java/org/apache/commons/rng/simple/internal/NativeSeedTypeParametricTest.java,,,,assert,unknown
rng-_354_1,commons-rng-1.4-src,NativeSeedTypeParametricTest,testConvertSupportedSeed_1_oe,commons-rng-simple/src/test/java/org/apache/commons/rng/simple/internal/NativeSeedTypeParametricTest.java,,,,assert,unknown
rng-_354_2,commons-rng-1.4-src,NativeSeedTypeParametricTest,testConvertSupportedSeed_2_oe,commons-rng-simple/src/test/java/org/apache/commons/rng/simple/internal/NativeSeedTypeParametricTest.java,,,,assert,unknown
rng-_355_1,commons-rng-1.4-src,NativeSeedTypeParametricTest,testCannotConvertUnsupportedSeed_1_oe,commons-rng-simple/src/test/java/org/apache/commons/rng/simple/internal/NativeSeedTypeParametricTest.java,,,,assert,unknown
rng-_356_1,commons-rng-1.4-src,NoOpConverterTest,testNoOpIntegerCoversion_1_oe,commons-rng-simple/src/test/java/org/apache/commons/rng/simple/internal/NoOpConverterTest.java,,,,assert,unknown
rng-_357_1,commons-rng-1.4-src,NoOpConverterTest,testNoOpLongArrayCoversion_1_oe,commons-rng-simple/src/test/java/org/apache/commons/rng/simple/internal/NoOpConverterTest.java,,,,assert,unknown
rng-_358_1,commons-rng-1.4-src,SeedFactoryTest,testCreateLongArray_1_oe,commons-rng-simple/src/test/java/org/apache/commons/rng/simple/internal/SeedFactoryTest.java,,,,assert,unknown
rng-_359_1,commons-rng-1.4-src,SeedFactoryTest,testCreateByteArrayWithAllZeroBytesUpdatesPosition0_1_oe,commons-rng-simple/src/test/java/org/apache/commons/rng/simple/internal/SeedFactoryTest.java,,,,assert,unknown
rng-_359_2,commons-rng-1.4-src,SeedFactoryTest,testCreateByteArrayWithAllZeroBytesUpdatesPosition0_2_oe,commons-rng-simple/src/test/java/org/apache/commons/rng/simple/internal/SeedFactoryTest.java,,,,assert,unknown
rng-_360_1,commons-rng-1.4-src,SeedFactoryTest,testEnsureNonZeroIntArrayIgnoresNonZeroPosition0_1_oe,commons-rng-simple/src/test/java/org/apache/commons/rng/simple/internal/SeedFactoryTest.java,,,,assert,unknown
rng-_360_2,commons-rng-1.4-src,SeedFactoryTest,testEnsureNonZeroIntArrayIgnoresNonZeroPosition0_2_oe,commons-rng-simple/src/test/java/org/apache/commons/rng/simple/internal/SeedFactoryTest.java,,,,assert,unknown
rng-_361_1,commons-rng-1.4-src,SeedFactoryTest,testEnsureNonZeroIntArrayUpdatesZeroPosition0_1_oe,commons-rng-simple/src/test/java/org/apache/commons/rng/simple/internal/SeedFactoryTest.java,,,,assert,unknown
rng-_361_2,commons-rng-1.4-src,SeedFactoryTest,testEnsureNonZeroIntArrayUpdatesZeroPosition0_2_oe,commons-rng-simple/src/test/java/org/apache/commons/rng/simple/internal/SeedFactoryTest.java,,,,assert,unknown
rng-_362_1,commons-rng-1.4-src,SeedFactoryTest,testEnsureNonZeroLongArrayIgnoresNonZeroPosition0_1_oe,commons-rng-simple/src/test/java/org/apache/commons/rng/simple/internal/SeedFactoryTest.java,,,,assert,unknown
rng-_362_2,commons-rng-1.4-src,SeedFactoryTest,testEnsureNonZeroLongArrayIgnoresNonZeroPosition0_2_oe,commons-rng-simple/src/test/java/org/apache/commons/rng/simple/internal/SeedFactoryTest.java,,,,assert,unknown
rng-_363_1,commons-rng-1.4-src,SeedFactoryTest,testEnsureNonZeroLongArrayUpdatesZeroPosition0_1_oe,commons-rng-simple/src/test/java/org/apache/commons/rng/simple/internal/SeedFactoryTest.java,,,,assert,unknown
rng-_363_2,commons-rng-1.4-src,SeedFactoryTest,testEnsureNonZeroLongArrayUpdatesZeroPosition0_2_oe,commons-rng-simple/src/test/java/org/apache/commons/rng/simple/internal/SeedFactoryTest.java,,,,assert,unknown
rng-_364_1,commons-rng-1.4-src,SeedFactoryTest,testEnsureNonZeroValue_1_oe,commons-rng-simple/src/test/java/org/apache/commons/rng/simple/internal/SeedFactoryTest.java,,,,assert,unknown
rng-_364_2,commons-rng-1.4-src,SeedFactoryTest,testEnsureNonZeroValue_2_oe,commons-rng-simple/src/test/java/org/apache/commons/rng/simple/internal/SeedFactoryTest.java,,,,assert,unknown
rng-_365_1,commons-rng-1.4-src,Long2LongArrayTest,testFixedLengthConversion_1_oe,commons-rng-simple/src/test/java/org/apache/commons/rng/simple/internal/Long2LongArrayTest.java,,,,assert,unknown
rng-_366_1,commons-rng-1.4-src,ByteArray2LongArrayTest,testSeedSizeIsMultipleOfLongSize_1_oe,commons-rng-simple/src/test/java/org/apache/commons/rng/simple/internal/ByteArray2LongArrayTest.java,,,,assert,unknown
rng-_367_1,commons-rng-1.4-src,ByteArray2LongArrayTest,testSeedSizeIsNotMultipleOfLongSize_1_oe,commons-rng-simple/src/test/java/org/apache/commons/rng/simple/internal/ByteArray2LongArrayTest.java,,,,assert,unknown
rng-_368_1,commons-rng-1.4-src,SeedUtilsTest,testCreateIntHexPermutation_1_oe,commons-rng-simple/src/test/java/org/apache/commons/rng/simple/internal/SeedUtilsTest.java,,,,assert,unknown
rng-_368_2,commons-rng-1.4-src,SeedUtilsTest,testCreateIntHexPermutation_2_oe,commons-rng-simple/src/test/java/org/apache/commons/rng/simple/internal/SeedUtilsTest.java,,,,assert,unknown
rng-_369_1,commons-rng-1.4-src,SeedUtilsTest,testCreateLongHexPermutation_1_oe,commons-rng-simple/src/test/java/org/apache/commons/rng/simple/internal/SeedUtilsTest.java,,,,assert,unknown
rng-_369_2,commons-rng-1.4-src,SeedUtilsTest,testCreateLongHexPermutation_2_oe,commons-rng-simple/src/test/java/org/apache/commons/rng/simple/internal/SeedUtilsTest.java,,,,assert,unknown
rng-_369_3,commons-rng-1.4-src,SeedUtilsTest,testCreateLongHexPermutation_3_oe,commons-rng-simple/src/test/java/org/apache/commons/rng/simple/internal/SeedUtilsTest.java,,,,assert,unknown
rng-_370_1,commons-rng-1.4-src,SeedConverterComposerTest,testComposedCoversion_1_oe,commons-rng-simple/src/test/java/org/apache/commons/rng/simple/internal/SeedConverterComposerTest.java,,,,assert,unknown
rng-_370_2,commons-rng-1.4-src,SeedConverterComposerTest,testComposedCoversion_2_oe,commons-rng-simple/src/test/java/org/apache/commons/rng/simple/internal/SeedConverterComposerTest.java,,,,assert,unknown
rng-_371_1,commons-rng-1.4-src,ByteArray2IntArrayTest,testSeedSizeIsMultipleOfIntSize_1_oe,commons-rng-simple/src/test/java/org/apache/commons/rng/simple/internal/ByteArray2IntArrayTest.java,,,,assert,unknown
rng-_372_1,commons-rng-1.4-src,ByteArray2IntArrayTest,testSeedSizeIsNotMultipleOfIntSize_1_oe,commons-rng-simple/src/test/java/org/apache/commons/rng/simple/internal/ByteArray2IntArrayTest.java,,,,assert,unknown
rng-_373_1,commons-rng-1.4-src,NativeSeedTypeTest,testConvertSeedToBytesUsingNullThrows_1_oe,commons-rng-simple/src/test/java/org/apache/commons/rng/simple/internal/NativeSeedTypeTest.java,,,,assert,unknown
rng-_374_1,commons-rng-1.4-src,NativeSeedTypeTest,testConvertSeedToBytesUsingByteArray_1_oe,commons-rng-simple/src/test/java/org/apache/commons/rng/simple/internal/NativeSeedTypeTest.java,,,,assert,unknown
rng-_375_1,commons-rng-1.4-src,IntArray2LongArrayTest,testSeedSizeIsMultipleOfLongSize_1_oe,commons-rng-simple/src/test/java/org/apache/commons/rng/simple/internal/IntArray2LongArrayTest.java,,,,assert,unknown
rng-_376_1,commons-rng-1.4-src,IntArray2LongArrayTest,testSeedSizeIsNotMultipleOfLongSize_1_oe,commons-rng-simple/src/test/java/org/apache/commons/rng/simple/internal/IntArray2LongArrayTest.java,,,,assert,unknown
rng-_377_1,commons-rng-1.4-src,RandomSourceInternalParametricTest,testCreateSeed_1_oe,commons-rng-simple/src/test/java/org/apache/commons/rng/simple/internal/RandomSourceInternalParametricTest.java,,,,assert,unknown
rng-_377_2,commons-rng-1.4-src,RandomSourceInternalParametricTest,testCreateSeed_2_oe,commons-rng-simple/src/test/java/org/apache/commons/rng/simple/internal/RandomSourceInternalParametricTest.java,,,,assert,unknown
rng-_377_3,commons-rng-1.4-src,RandomSourceInternalParametricTest,testCreateSeed_3_oe,commons-rng-simple/src/test/java/org/apache/commons/rng/simple/internal/RandomSourceInternalParametricTest.java,,,,assert,unknown
rng-_378_1,commons-rng-1.4-src,RandomSourceInternalParametricTest,testConvertSupportedSeed_1_oe,commons-rng-simple/src/test/java/org/apache/commons/rng/simple/internal/RandomSourceInternalParametricTest.java,,,,assert,unknown
rng-_378_2,commons-rng-1.4-src,RandomSourceInternalParametricTest,testConvertSupportedSeed_2_oe,commons-rng-simple/src/test/java/org/apache/commons/rng/simple/internal/RandomSourceInternalParametricTest.java,,,,assert,unknown
rng-_378_3,commons-rng-1.4-src,RandomSourceInternalParametricTest,testConvertSupportedSeed_3_oe,commons-rng-simple/src/test/java/org/apache/commons/rng/simple/internal/RandomSourceInternalParametricTest.java,,,,assert,unknown
rng-_379_1,commons-rng-1.4-src,RandomSourceInternalParametricTest,testCannotConvertUnsupportedSeed_1_oe,commons-rng-simple/src/test/java/org/apache/commons/rng/simple/internal/RandomSourceInternalParametricTest.java,,,,assert,unknown
rng-_380_1,commons-rng-1.4-src,RandomSourceInternalParametricTest,testCreateSeedBytesSizeIsPositiveAndMultipleOf4Or8_1_oe,commons-rng-simple/src/test/java/org/apache/commons/rng/simple/internal/RandomSourceInternalParametricTest.java,,,,assert,unknown
rng-_380_2,commons-rng-1.4-src,RandomSourceInternalParametricTest,testCreateSeedBytesSizeIsPositiveAndMultipleOf4Or8_2_oe,commons-rng-simple/src/test/java/org/apache/commons/rng/simple/internal/RandomSourceInternalParametricTest.java,,,,assert,unknown
rng-_380_3,commons-rng-1.4-src,RandomSourceInternalParametricTest,testCreateSeedBytesSizeIsPositiveAndMultipleOf4Or8_3_oe,commons-rng-simple/src/test/java/org/apache/commons/rng/simple/internal/RandomSourceInternalParametricTest.java,,,,assert,unknown
rng-_380_4,commons-rng-1.4-src,RandomSourceInternalParametricTest,testCreateSeedBytesSizeIsPositiveAndMultipleOf4Or8_4_oe,commons-rng-simple/src/test/java/org/apache/commons/rng/simple/internal/RandomSourceInternalParametricTest.java,,,,assert,unknown
rng-_380_5,commons-rng-1.4-src,RandomSourceInternalParametricTest,testCreateSeedBytesSizeIsPositiveAndMultipleOf4Or8_5_oe,commons-rng-simple/src/test/java/org/apache/commons/rng/simple/internal/RandomSourceInternalParametricTest.java,,,,assert,unknown
rng-_380_6,commons-rng-1.4-src,RandomSourceInternalParametricTest,testCreateSeedBytesSizeIsPositiveAndMultipleOf4Or8_6_oe,commons-rng-simple/src/test/java/org/apache/commons/rng/simple/internal/RandomSourceInternalParametricTest.java,,,,assert,unknown
rng-_381_1,commons-rng-1.4-src,RandomSourceInternalParametricTest,testCreateSeedBytes_1_oe,commons-rng-simple/src/test/java/org/apache/commons/rng/simple/internal/RandomSourceInternalParametricTest.java,,,,assert,unknown
rng-_381_2,commons-rng-1.4-src,RandomSourceInternalParametricTest,testCreateSeedBytes_2_oe,commons-rng-simple/src/test/java/org/apache/commons/rng/simple/internal/RandomSourceInternalParametricTest.java,,,,assert,unknown
rng-_382_1,commons-rng-1.4-src,HexTest,testHexThrowsWithOddNumberOfCharacters_1_oe,commons-rng-examples/examples-stress/src/test/java/org/apache/commons/rng/examples/stress/HexTest.java,,,,assert,unknown
rng-_383_1,commons-rng-1.4-src,HexTest,testHexThrowsWithIllegalHexCharacters_1_oe,commons-rng-examples/examples-stress/src/test/java/org/apache/commons/rng/examples/stress/HexTest.java,,,,assert,unknown
