id,project,test_class,test_name,test_file_path,focal_file_path,focal_class,focal_package,oracle_type,junit_version,assert_kind,assert_name
rng_11_1_1,commons-rng,ProvidersCommonParametricTest,testUnrestorable_1_oe_1_oe,commons-rng-simple/src/test/java/org/apache/commons/rng/simple/ProvidersCommonParametricTest.java,,,,assert,unknown,standard,assertEquals
rng_11_1_2,commons-rng,ProvidersCommonParametricTest,testUnrestorable_1_oe_2_oe,commons-rng-simple/src/test/java/org/apache/commons/rng/simple/ProvidersCommonParametricTest.java,,,,assert,unknown,standard,assertEquals
rng_11_1_3,commons-rng,ProvidersCommonParametricTest,testUnrestorable_1_oe_3_oe,commons-rng-simple/src/test/java/org/apache/commons/rng/simple/ProvidersCommonParametricTest.java,,,,assert,unknown,standard,assertEquals
rng_11_1_4,commons-rng,ProvidersCommonParametricTest,testUnrestorable_1_oe_4_oe,commons-rng-simple/src/test/java/org/apache/commons/rng/simple/ProvidersCommonParametricTest.java,,,,assert,unknown,standard,assertEquals
rng_11_1_5,commons-rng,ProvidersCommonParametricTest,testUnrestorable_1_oe_5_oe,commons-rng-simple/src/test/java/org/apache/commons/rng/simple/ProvidersCommonParametricTest.java,,,,assert,unknown,standard,assertEquals
rng_11_1_6,commons-rng,ProvidersCommonParametricTest,testUnrestorable_1_oe_6_oe,commons-rng-simple/src/test/java/org/apache/commons/rng/simple/ProvidersCommonParametricTest.java,,,,assert,unknown,standard,assertEquals
rng_11_1_7,commons-rng,ProvidersCommonParametricTest,testUnrestorable_1_oe_7_oe,commons-rng-simple/src/test/java/org/apache/commons/rng/simple/ProvidersCommonParametricTest.java,,,,assert,unknown,standard,assertEquals
rng_11_1_8,commons-rng,ProvidersCommonParametricTest,testUnrestorable_1_oe_8_oe,commons-rng-simple/src/test/java/org/apache/commons/rng/simple/ProvidersCommonParametricTest.java,,,,assert,unknown,standard,assertArrayEquals
rng_11_1_9,commons-rng,ProvidersCommonParametricTest,testUnrestorable_1_oe_9_oe,commons-rng-simple/src/test/java/org/apache/commons/rng/simple/ProvidersCommonParametricTest.java,,,,assert,unknown,standard,assertArrayEquals
rng_46_1_1,commons-rng,SeedFactoryTest,testCreateLong_1_oe_1_oe,commons-rng-simple/src/test/java/org/apache/commons/rng/simple/internal/SeedFactoryTest.java,,,,assert,unknown,standard,fail
rng_47_2_1,commons-rng,SeedFactoryTest,testCreateLongArray_2_oe_1_oe,commons-rng-simple/src/test/java/org/apache/commons/rng/simple/internal/SeedFactoryTest.java,,,,assert,unknown,standard,fail
rng_48_1_1,commons-rng,SeedFactoryTest,testCreateIntArray_1_oe_1_oe,commons-rng-simple/src/test/java/org/apache/commons/rng/simple/internal/SeedFactoryTest.java,,,,assert,unknown,standard,fail
rng_53_1_1,commons-rng,SeedFactoryTest,testCreateByteArrayWithSizeZero_1_oe_1_oe,commons-rng-simple/src/test/java/org/apache/commons/rng/simple/internal/SeedFactoryTest.java,,,,assert,unknown,standard,fail
rng_54_1_1,commons-rng,SeedFactoryTest,testCreateByteArrayIgnoresNonZeroPositions_1_oe_1_oe,commons-rng-simple/src/test/java/org/apache/commons/rng/simple/internal/SeedFactoryTest.java,,,,assert,unknown,standard,fail
rng_81_1_1,commons-rng,Well1024aTest,testConstructorWithZeroSeedIsNonFunctional_1_oe_1_oe,commons-rng-core/src/test/java/org/apache/commons/rng/core/source32/Well1024aTest.java,,,,assert,unknown,standard,assertEquals
rng_82_1_1,commons-rng,Well1024aTest,testConstructorWithSingleBitSeedIsFunctional_1_oe_1_oe,commons-rng-core/src/test/java/org/apache/commons/rng/core/source32/Well1024aTest.java,,,,assert,unknown,standard,assertIntArrayConstructorWithSingleBitInPoolIsFunctional
rng_84_1_1,commons-rng,XoRoShiRo64StarStarTest,testConstructorWithZeroSeedIsNonFunctional_1_oe_1_oe,commons-rng-core/src/test/java/org/apache/commons/rng/core/source32/XoRoShiRo64StarStarTest.java,,,,assert,unknown,standard,assertEquals
rng_85_1_1,commons-rng,XoRoShiRo64StarStarTest,testConstructorWithSingleBitSeedIsFunctional_1_oe_1_oe,commons-rng-core/src/test/java/org/apache/commons/rng/core/source32/XoRoShiRo64StarStarTest.java,,,,assert,unknown,standard,assertIntArrayConstructorWithSingleBitInPoolIsFunctional
rng_87_1_1,commons-rng,XoRoShiRo64StarStarTest,testElementConstructor_1_oe_1_oe,commons-rng-core/src/test/java/org/apache/commons/rng/core/source32/XoRoShiRo64StarStarTest.java,,,,assert,unknown,standard,assertEquals
rng_89_1_1,commons-rng,XoShiRo128StarStarTest,testConstructorWithZeroSeedIsNonFunctional_1_oe_1_oe,commons-rng-core/src/test/java/org/apache/commons/rng/core/source32/XoShiRo128StarStarTest.java,,,,assert,unknown,standard,assertEquals
rng_90_1_1,commons-rng,XoShiRo128StarStarTest,testConstructorWithSingleBitSeedIsFunctional_1_oe_1_oe,commons-rng-core/src/test/java/org/apache/commons/rng/core/source32/XoShiRo128StarStarTest.java,,,,assert,unknown,standard,assertIntArrayConstructorWithSingleBitInPoolIsFunctional
rng_92_1_1,commons-rng,XoShiRo128StarStarTest,testElementConstructor_1_oe_1_oe,commons-rng-core/src/test/java/org/apache/commons/rng/core/source32/XoShiRo128StarStarTest.java,,,,assert,unknown,standard,assertEquals
rng_93_1_1,commons-rng,XoShiRo128StarStarTest,testJump_1_oe_1_oe,commons-rng-core/src/test/java/org/apache/commons/rng/core/source32/XoShiRo128StarStarTest.java,,,,assert,unknown,standard,assertNotSame
rng_93_1_2,commons-rng,XoShiRo128StarStarTest,testJump_1_oe_2_oe,commons-rng-core/src/test/java/org/apache/commons/rng/core/source32/XoShiRo128StarStarTest.java,,,,assert,unknown,standard,assertEquals
rng_93_1_3,commons-rng,XoShiRo128StarStarTest,testJump_1_oe_3_oe,commons-rng-core/src/test/java/org/apache/commons/rng/core/source32/XoShiRo128StarStarTest.java,,,,assert,unknown,standard,assertEquals
rng_93_1_4,commons-rng,XoShiRo128StarStarTest,testJump_1_oe_4_oe,commons-rng-core/src/test/java/org/apache/commons/rng/core/source32/XoShiRo128StarStarTest.java,,,,assert,unknown,standard,assertEquals
rng_94_1_1,commons-rng,XoShiRo128StarStarTest,testLongJump_1_oe_1_oe,commons-rng-core/src/test/java/org/apache/commons/rng/core/source32/XoShiRo128StarStarTest.java,,,,assert,unknown,standard,assertNotSame
rng_94_1_2,commons-rng,XoShiRo128StarStarTest,testLongJump_1_oe_2_oe,commons-rng-core/src/test/java/org/apache/commons/rng/core/source32/XoShiRo128StarStarTest.java,,,,assert,unknown,standard,assertEquals
rng_94_1_3,commons-rng,XoShiRo128StarStarTest,testLongJump_1_oe_3_oe,commons-rng-core/src/test/java/org/apache/commons/rng/core/source32/XoShiRo128StarStarTest.java,,,,assert,unknown,standard,assertEquals
rng_94_1_4,commons-rng,XoShiRo128StarStarTest,testLongJump_1_oe_4_oe,commons-rng-core/src/test/java/org/apache/commons/rng/core/source32/XoShiRo128StarStarTest.java,,,,assert,unknown,standard,assertEquals
rng_96_1_1,commons-rng,XoShiRo128PlusTest,testConstructorWithZeroSeedIsNonFunctional_1_oe_1_oe,commons-rng-core/src/test/java/org/apache/commons/rng/core/source32/XoShiRo128PlusTest.java,,,,assert,unknown,standard,assertEquals
rng_97_1_1,commons-rng,XoShiRo128PlusTest,testConstructorWithSingleBitSeedIsFunctional_1_oe_1_oe,commons-rng-core/src/test/java/org/apache/commons/rng/core/source32/XoShiRo128PlusTest.java,,,,assert,unknown,standard,assertIntArrayConstructorWithSingleBitInPoolIsFunctional
rng_99_1_1,commons-rng,XoShiRo128PlusTest,testElementConstructor_1_oe_1_oe,commons-rng-core/src/test/java/org/apache/commons/rng/core/source32/XoShiRo128PlusTest.java,,,,assert,unknown,standard,assertEquals
rng_100_1_1,commons-rng,XoShiRo128PlusTest,testJump_1_oe_1_oe,commons-rng-core/src/test/java/org/apache/commons/rng/core/source32/XoShiRo128PlusTest.java,,,,assert,unknown,standard,assertNotSame
rng_100_1_2,commons-rng,XoShiRo128PlusTest,testJump_1_oe_2_oe,commons-rng-core/src/test/java/org/apache/commons/rng/core/source32/XoShiRo128PlusTest.java,,,,assert,unknown,standard,assertEquals
rng_100_1_3,commons-rng,XoShiRo128PlusTest,testJump_1_oe_3_oe,commons-rng-core/src/test/java/org/apache/commons/rng/core/source32/XoShiRo128PlusTest.java,,,,assert,unknown,standard,assertEquals
rng_100_1_4,commons-rng,XoShiRo128PlusTest,testJump_1_oe_4_oe,commons-rng-core/src/test/java/org/apache/commons/rng/core/source32/XoShiRo128PlusTest.java,,,,assert,unknown,standard,assertEquals
rng_101_1_1,commons-rng,XoShiRo128PlusTest,testLongJump_1_oe_1_oe,commons-rng-core/src/test/java/org/apache/commons/rng/core/source32/XoShiRo128PlusTest.java,,,,assert,unknown,standard,assertNotSame
rng_101_1_2,commons-rng,XoShiRo128PlusTest,testLongJump_1_oe_2_oe,commons-rng-core/src/test/java/org/apache/commons/rng/core/source32/XoShiRo128PlusTest.java,,,,assert,unknown,standard,assertEquals
rng_101_1_3,commons-rng,XoShiRo128PlusTest,testLongJump_1_oe_3_oe,commons-rng-core/src/test/java/org/apache/commons/rng/core/source32/XoShiRo128PlusTest.java,,,,assert,unknown,standard,assertEquals
rng_101_1_4,commons-rng,XoShiRo128PlusTest,testLongJump_1_oe_4_oe,commons-rng-core/src/test/java/org/apache/commons/rng/core/source32/XoShiRo128PlusTest.java,,,,assert,unknown,standard,assertEquals
rng_105_1_1,commons-rng,XoRoShiRo64StarTest,testConstructorWithZeroSeedIsNonFunctional_1_oe_1_oe,commons-rng-core/src/test/java/org/apache/commons/rng/core/source32/XoRoShiRo64StarTest.java,,,,assert,unknown,standard,assertEquals
rng_106_1_1,commons-rng,XoRoShiRo64StarTest,testConstructorWithSingleBitSeedIsFunctional_1_oe_1_oe,commons-rng-core/src/test/java/org/apache/commons/rng/core/source32/XoRoShiRo64StarTest.java,,,,assert,unknown,standard,assertIntArrayConstructorWithSingleBitInPoolIsFunctional
rng_108_1_1,commons-rng,XoRoShiRo64StarTest,testElementConstructor_1_oe_1_oe,commons-rng-core/src/test/java/org/apache/commons/rng/core/source32/XoRoShiRo64StarTest.java,,,,assert,unknown,standard,assertEquals
rng_113_1_1,commons-rng,Well44497bTest,testConstructorWithZeroSeedIsNonFunctional_1_oe_1_oe,commons-rng-core/src/test/java/org/apache/commons/rng/core/source32/Well44497bTest.java,,,,assert,unknown,standard,assertEquals
rng_114_1_1,commons-rng,Well44497bTest,testConstructorWithSingleBitSeedIsFunctional_1_oe_1_oe,commons-rng-core/src/test/java/org/apache/commons/rng/core/source32/Well44497bTest.java,,,,assert,unknown,standard,assertNextLongNonZeroOutputFromSingleBitSeed
rng_114_1_2,commons-rng,Well44497bTest,testConstructorWithSingleBitSeedIsFunctional_1_oe_2_oe,commons-rng-core/src/test/java/org/apache/commons/rng/core/source32/Well44497bTest.java,,,,assert,unknown,standard,assertEquals
rng_114_1_3,commons-rng,Well44497bTest,testConstructorWithSingleBitSeedIsFunctional_1_oe_3_oe,commons-rng-core/src/test/java/org/apache/commons/rng/core/source32/Well44497bTest.java,,,,assert,unknown,standard,fail
rng_117_1_1,commons-rng,Well19937aTest,testConstructorWithZeroSeedIsNonFunctional_1_oe_1_oe,commons-rng-core/src/test/java/org/apache/commons/rng/core/source32/Well19937aTest.java,,,,assert,unknown,standard,assertEquals
rng_118_1_1,commons-rng,Well19937aTest,testConstructorWithSingleBitSeedIsFunctional_1_oe_1_oe,commons-rng-core/src/test/java/org/apache/commons/rng/core/source32/Well19937aTest.java,,,,assert,unknown,standard,assertNextLongNonZeroOutputFromSingleBitSeed
rng_118_1_2,commons-rng,Well19937aTest,testConstructorWithSingleBitSeedIsFunctional_1_oe_2_oe,commons-rng-core/src/test/java/org/apache/commons/rng/core/source32/Well19937aTest.java,,,,assert,unknown,standard,assertEquals
rng_118_1_3,commons-rng,Well19937aTest,testConstructorWithSingleBitSeedIsFunctional_1_oe_3_oe,commons-rng-core/src/test/java/org/apache/commons/rng/core/source32/Well19937aTest.java,,,,assert,unknown,standard,fail
rng_120_1_1,commons-rng,Well512aTest,testConstructorWithZeroSeedIsNonFunctional_1_oe_1_oe,commons-rng-core/src/test/java/org/apache/commons/rng/core/source32/Well512aTest.java,,,,assert,unknown,standard,assertEquals
rng_121_1_1,commons-rng,Well512aTest,testConstructorWithSingleBitSeedIsFunctional_1_oe_1_oe,commons-rng-core/src/test/java/org/apache/commons/rng/core/source32/Well512aTest.java,,,,assert,unknown,standard,assertIntArrayConstructorWithSingleBitInPoolIsFunctional
rng_123_1_1,commons-rng,XoShiRo128PlusPlusTest,testConstructorWithZeroSeedIsNonFunctional_1_oe_1_oe,commons-rng-core/src/test/java/org/apache/commons/rng/core/source32/XoShiRo128PlusPlusTest.java,,,,assert,unknown,standard,assertEquals
rng_124_1_1,commons-rng,XoShiRo128PlusPlusTest,testConstructorWithSingleBitSeedIsFunctional_1_oe_1_oe,commons-rng-core/src/test/java/org/apache/commons/rng/core/source32/XoShiRo128PlusPlusTest.java,,,,assert,unknown,standard,assertIntArrayConstructorWithSingleBitInPoolIsFunctional
rng_126_1_1,commons-rng,XoShiRo128PlusPlusTest,testElementConstructor_1_oe_1_oe,commons-rng-core/src/test/java/org/apache/commons/rng/core/source32/XoShiRo128PlusPlusTest.java,,,,assert,unknown,standard,assertEquals
rng_127_1_1,commons-rng,XoShiRo128PlusPlusTest,testJump_1_oe_1_oe,commons-rng-core/src/test/java/org/apache/commons/rng/core/source32/XoShiRo128PlusPlusTest.java,,,,assert,unknown,standard,assertNotSame
rng_127_1_2,commons-rng,XoShiRo128PlusPlusTest,testJump_1_oe_2_oe,commons-rng-core/src/test/java/org/apache/commons/rng/core/source32/XoShiRo128PlusPlusTest.java,,,,assert,unknown,standard,assertEquals
rng_127_1_3,commons-rng,XoShiRo128PlusPlusTest,testJump_1_oe_3_oe,commons-rng-core/src/test/java/org/apache/commons/rng/core/source32/XoShiRo128PlusPlusTest.java,,,,assert,unknown,standard,assertEquals
rng_127_1_4,commons-rng,XoShiRo128PlusPlusTest,testJump_1_oe_4_oe,commons-rng-core/src/test/java/org/apache/commons/rng/core/source32/XoShiRo128PlusPlusTest.java,,,,assert,unknown,standard,assertEquals
rng_128_1_1,commons-rng,XoShiRo128PlusPlusTest,testLongJump_1_oe_1_oe,commons-rng-core/src/test/java/org/apache/commons/rng/core/source32/XoShiRo128PlusPlusTest.java,,,,assert,unknown,standard,assertNotSame
rng_128_1_2,commons-rng,XoShiRo128PlusPlusTest,testLongJump_1_oe_2_oe,commons-rng-core/src/test/java/org/apache/commons/rng/core/source32/XoShiRo128PlusPlusTest.java,,,,assert,unknown,standard,assertEquals
rng_128_1_3,commons-rng,XoShiRo128PlusPlusTest,testLongJump_1_oe_3_oe,commons-rng-core/src/test/java/org/apache/commons/rng/core/source32/XoShiRo128PlusPlusTest.java,,,,assert,unknown,standard,assertEquals
rng_128_1_4,commons-rng,XoShiRo128PlusPlusTest,testLongJump_1_oe_4_oe,commons-rng-core/src/test/java/org/apache/commons/rng/core/source32/XoShiRo128PlusPlusTest.java,,,,assert,unknown,standard,assertEquals
rng_130_1_1,commons-rng,MiddleSquareWeylSequenceTest,testSelfSeeding_1_oe_1_oe,commons-rng-core/src/test/java/org/apache/commons/rng/core/source32/MiddleSquareWeylSequenceTest.java,,,,assert,unknown,standard,fail
rng_136_1_1,commons-rng,Well44497aTest,testConstructorWithZeroSeedIsNonFunctional_1_oe_1_oe,commons-rng-core/src/test/java/org/apache/commons/rng/core/source32/Well44497aTest.java,,,,assert,unknown,standard,assertEquals
rng_137_1_1,commons-rng,Well44497aTest,testConstructorWithSingleBitSeedIsFunctional_1_oe_1_oe,commons-rng-core/src/test/java/org/apache/commons/rng/core/source32/Well44497aTest.java,,,,assert,unknown,standard,assertNextLongNonZeroOutputFromSingleBitSeed
rng_137_1_2,commons-rng,Well44497aTest,testConstructorWithSingleBitSeedIsFunctional_1_oe_2_oe,commons-rng-core/src/test/java/org/apache/commons/rng/core/source32/Well44497aTest.java,,,,assert,unknown,standard,assertEquals
rng_137_1_3,commons-rng,Well44497aTest,testConstructorWithSingleBitSeedIsFunctional_1_oe_3_oe,commons-rng-core/src/test/java/org/apache/commons/rng/core/source32/Well44497aTest.java,,,,assert,unknown,standard,fail
rng_140_2_1,commons-rng,JDKRandomTest,testRestoreToNewInstance_2_oe_1_oe,commons-rng-core/src/test/java/org/apache/commons/rng/core/source32/JDKRandomTest.java,,,,assert,unknown,standard,assertEquals
rng_143_1_1,commons-rng,MultiplyWithCarry256Test,testConstructorWithZeroSeedIsNonFunctional_1_oe_1_oe,commons-rng-core/src/test/java/org/apache/commons/rng/core/source32/MultiplyWithCarry256Test.java,,,,assert,unknown,standard,assertEquals
rng_144_1_1,commons-rng,MultiplyWithCarry256Test,testConstructorWithSingleBitSeedIsFunctional_1_oe_1_oe,commons-rng-core/src/test/java/org/apache/commons/rng/core/source32/MultiplyWithCarry256Test.java,,,,assert,unknown,standard,assertIntArrayConstructorWithSingleBitInPoolIsFunctional
rng_149_1_1,commons-rng,Well19937cTest,testConstructorWithZeroSeedIsNonFunctional_1_oe_1_oe,commons-rng-core/src/test/java/org/apache/commons/rng/core/source32/Well19937cTest.java,,,,assert,unknown,standard,assertEquals
rng_150_1_1,commons-rng,Well19937cTest,testConstructorWithSingleBitSeedIsFunctional_1_oe_1_oe,commons-rng-core/src/test/java/org/apache/commons/rng/core/source32/Well19937cTest.java,,,,assert,unknown,standard,assertNextLongNonZeroOutputFromSingleBitSeed
rng_150_1_2,commons-rng,Well19937cTest,testConstructorWithSingleBitSeedIsFunctional_1_oe_2_oe,commons-rng-core/src/test/java/org/apache/commons/rng/core/source32/Well19937cTest.java,,,,assert,unknown,standard,assertEquals
rng_150_1_3,commons-rng,Well19937cTest,testConstructorWithSingleBitSeedIsFunctional_1_oe_3_oe,commons-rng-core/src/test/java/org/apache/commons/rng/core/source32/Well19937cTest.java,,,,assert,unknown,standard,fail
rng_153_1_1,commons-rng,XoRoShiRo128StarStarTest,testConstructorWithZeroSeedIsNonFunctional_1_oe_1_oe,commons-rng-core/src/test/java/org/apache/commons/rng/core/source64/XoRoShiRo128StarStarTest.java,,,,assert,unknown,standard,assertEquals
rng_154_1_1,commons-rng,XoRoShiRo128StarStarTest,testConstructorWithSingleBitSeedIsFunctional_1_oe_1_oe,commons-rng-core/src/test/java/org/apache/commons/rng/core/source64/XoRoShiRo128StarStarTest.java,,,,assert,unknown,standard,assertNextLongNonZeroOutputFromSingleBitSeed
rng_154_1_2,commons-rng,XoRoShiRo128StarStarTest,testConstructorWithSingleBitSeedIsFunctional_1_oe_2_oe,commons-rng-core/src/test/java/org/apache/commons/rng/core/source64/XoRoShiRo128StarStarTest.java,,,,assert,unknown,standard,assertEquals
rng_154_1_3,commons-rng,XoRoShiRo128StarStarTest,testConstructorWithSingleBitSeedIsFunctional_1_oe_3_oe,commons-rng-core/src/test/java/org/apache/commons/rng/core/source64/XoRoShiRo128StarStarTest.java,,,,assert,unknown,standard,fail
rng_156_1_1,commons-rng,XoRoShiRo128StarStarTest,testElementConstructor_1_oe_1_oe,commons-rng-core/src/test/java/org/apache/commons/rng/core/source64/XoRoShiRo128StarStarTest.java,,,,assert,unknown,standard,assertEquals
rng_157_1_1,commons-rng,XoRoShiRo128StarStarTest,testJump_1_oe_1_oe,commons-rng-core/src/test/java/org/apache/commons/rng/core/source64/XoRoShiRo128StarStarTest.java,,,,assert,unknown,standard,assertNotSame
rng_157_1_2,commons-rng,XoRoShiRo128StarStarTest,testJump_1_oe_2_oe,commons-rng-core/src/test/java/org/apache/commons/rng/core/source64/XoRoShiRo128StarStarTest.java,,,,assert,unknown,standard,assertEquals
rng_157_1_3,commons-rng,XoRoShiRo128StarStarTest,testJump_1_oe_3_oe,commons-rng-core/src/test/java/org/apache/commons/rng/core/source64/XoRoShiRo128StarStarTest.java,,,,assert,unknown,standard,assertEquals
rng_157_1_4,commons-rng,XoRoShiRo128StarStarTest,testJump_1_oe_4_oe,commons-rng-core/src/test/java/org/apache/commons/rng/core/source64/XoRoShiRo128StarStarTest.java,,,,assert,unknown,standard,assertEquals
rng_158_1_1,commons-rng,XoRoShiRo128StarStarTest,testLongJump_1_oe_1_oe,commons-rng-core/src/test/java/org/apache/commons/rng/core/source64/XoRoShiRo128StarStarTest.java,,,,assert,unknown,standard,assertNotSame
rng_158_1_2,commons-rng,XoRoShiRo128StarStarTest,testLongJump_1_oe_2_oe,commons-rng-core/src/test/java/org/apache/commons/rng/core/source64/XoRoShiRo128StarStarTest.java,,,,assert,unknown,standard,assertEquals
rng_158_1_3,commons-rng,XoRoShiRo128StarStarTest,testLongJump_1_oe_3_oe,commons-rng-core/src/test/java/org/apache/commons/rng/core/source64/XoRoShiRo128StarStarTest.java,,,,assert,unknown,standard,assertEquals
rng_158_1_4,commons-rng,XoRoShiRo128StarStarTest,testLongJump_1_oe_4_oe,commons-rng-core/src/test/java/org/apache/commons/rng/core/source64/XoRoShiRo128StarStarTest.java,,,,assert,unknown,standard,assertEquals
rng_160_1_1,commons-rng,XoRoShiRo128PlusPlusTest,testConstructorWithZeroSeedIsNonFunctional_1_oe_1_oe,commons-rng-core/src/test/java/org/apache/commons/rng/core/source64/XoRoShiRo128PlusPlusTest.java,,,,assert,unknown,standard,assertEquals
rng_161_1_1,commons-rng,XoRoShiRo128PlusPlusTest,testConstructorWithSingleBitSeedIsFunctional_1_oe_1_oe,commons-rng-core/src/test/java/org/apache/commons/rng/core/source64/XoRoShiRo128PlusPlusTest.java,,,,assert,unknown,standard,assertNextLongNonZeroOutputFromSingleBitSeed
rng_161_1_2,commons-rng,XoRoShiRo128PlusPlusTest,testConstructorWithSingleBitSeedIsFunctional_1_oe_2_oe,commons-rng-core/src/test/java/org/apache/commons/rng/core/source64/XoRoShiRo128PlusPlusTest.java,,,,assert,unknown,standard,assertEquals
rng_161_1_3,commons-rng,XoRoShiRo128PlusPlusTest,testConstructorWithSingleBitSeedIsFunctional_1_oe_3_oe,commons-rng-core/src/test/java/org/apache/commons/rng/core/source64/XoRoShiRo128PlusPlusTest.java,,,,assert,unknown,standard,fail
rng_163_1_1,commons-rng,XoRoShiRo128PlusPlusTest,testElementConstructor_1_oe_1_oe,commons-rng-core/src/test/java/org/apache/commons/rng/core/source64/XoRoShiRo128PlusPlusTest.java,,,,assert,unknown,standard,assertEquals
rng_164_1_1,commons-rng,XoRoShiRo128PlusPlusTest,testJump_1_oe_1_oe,commons-rng-core/src/test/java/org/apache/commons/rng/core/source64/XoRoShiRo128PlusPlusTest.java,,,,assert,unknown,standard,assertNotSame
rng_164_1_2,commons-rng,XoRoShiRo128PlusPlusTest,testJump_1_oe_2_oe,commons-rng-core/src/test/java/org/apache/commons/rng/core/source64/XoRoShiRo128PlusPlusTest.java,,,,assert,unknown,standard,assertEquals
rng_164_1_3,commons-rng,XoRoShiRo128PlusPlusTest,testJump_1_oe_3_oe,commons-rng-core/src/test/java/org/apache/commons/rng/core/source64/XoRoShiRo128PlusPlusTest.java,,,,assert,unknown,standard,assertEquals
rng_164_1_4,commons-rng,XoRoShiRo128PlusPlusTest,testJump_1_oe_4_oe,commons-rng-core/src/test/java/org/apache/commons/rng/core/source64/XoRoShiRo128PlusPlusTest.java,,,,assert,unknown,standard,assertEquals
rng_165_1_1,commons-rng,XoRoShiRo128PlusPlusTest,testLongJump_1_oe_1_oe,commons-rng-core/src/test/java/org/apache/commons/rng/core/source64/XoRoShiRo128PlusPlusTest.java,,,,assert,unknown,standard,assertNotSame
rng_165_1_2,commons-rng,XoRoShiRo128PlusPlusTest,testLongJump_1_oe_2_oe,commons-rng-core/src/test/java/org/apache/commons/rng/core/source64/XoRoShiRo128PlusPlusTest.java,,,,assert,unknown,standard,assertEquals
rng_165_1_3,commons-rng,XoRoShiRo128PlusPlusTest,testLongJump_1_oe_3_oe,commons-rng-core/src/test/java/org/apache/commons/rng/core/source64/XoRoShiRo128PlusPlusTest.java,,,,assert,unknown,standard,assertEquals
rng_165_1_4,commons-rng,XoRoShiRo128PlusPlusTest,testLongJump_1_oe_4_oe,commons-rng-core/src/test/java/org/apache/commons/rng/core/source64/XoRoShiRo128PlusPlusTest.java,,,,assert,unknown,standard,assertEquals
rng_168_1_1,commons-rng,XoShiRo256PlusPlusTest,testConstructorWithZeroSeedIsNonFunctional_1_oe_1_oe,commons-rng-core/src/test/java/org/apache/commons/rng/core/source64/XoShiRo256PlusPlusTest.java,,,,assert,unknown,standard,assertEquals
rng_169_1_1,commons-rng,XoShiRo256PlusPlusTest,testConstructorWithSingleBitSeedIsFunctional_1_oe_1_oe,commons-rng-core/src/test/java/org/apache/commons/rng/core/source64/XoShiRo256PlusPlusTest.java,,,,assert,unknown,standard,assertNextLongNonZeroOutputFromSingleBitSeed
rng_169_1_2,commons-rng,XoShiRo256PlusPlusTest,testConstructorWithSingleBitSeedIsFunctional_1_oe_2_oe,commons-rng-core/src/test/java/org/apache/commons/rng/core/source64/XoShiRo256PlusPlusTest.java,,,,assert,unknown,standard,assertEquals
rng_169_1_3,commons-rng,XoShiRo256PlusPlusTest,testConstructorWithSingleBitSeedIsFunctional_1_oe_3_oe,commons-rng-core/src/test/java/org/apache/commons/rng/core/source64/XoShiRo256PlusPlusTest.java,,,,assert,unknown,standard,fail
rng_171_1_1,commons-rng,XoShiRo256PlusPlusTest,testElementConstructor_1_oe_1_oe,commons-rng-core/src/test/java/org/apache/commons/rng/core/source64/XoShiRo256PlusPlusTest.java,,,,assert,unknown,standard,assertEquals
rng_172_1_1,commons-rng,XoShiRo256PlusPlusTest,testJump_1_oe_1_oe,commons-rng-core/src/test/java/org/apache/commons/rng/core/source64/XoShiRo256PlusPlusTest.java,,,,assert,unknown,standard,assertNotSame
rng_172_1_2,commons-rng,XoShiRo256PlusPlusTest,testJump_1_oe_2_oe,commons-rng-core/src/test/java/org/apache/commons/rng/core/source64/XoShiRo256PlusPlusTest.java,,,,assert,unknown,standard,assertEquals
rng_172_1_3,commons-rng,XoShiRo256PlusPlusTest,testJump_1_oe_3_oe,commons-rng-core/src/test/java/org/apache/commons/rng/core/source64/XoShiRo256PlusPlusTest.java,,,,assert,unknown,standard,assertEquals
rng_172_1_4,commons-rng,XoShiRo256PlusPlusTest,testJump_1_oe_4_oe,commons-rng-core/src/test/java/org/apache/commons/rng/core/source64/XoShiRo256PlusPlusTest.java,,,,assert,unknown,standard,assertEquals
rng_173_1_1,commons-rng,XoShiRo256PlusPlusTest,testLongJump_1_oe_1_oe,commons-rng-core/src/test/java/org/apache/commons/rng/core/source64/XoShiRo256PlusPlusTest.java,,,,assert,unknown,standard,assertNotSame
rng_173_1_2,commons-rng,XoShiRo256PlusPlusTest,testLongJump_1_oe_2_oe,commons-rng-core/src/test/java/org/apache/commons/rng/core/source64/XoShiRo256PlusPlusTest.java,,,,assert,unknown,standard,assertEquals
rng_173_1_3,commons-rng,XoShiRo256PlusPlusTest,testLongJump_1_oe_3_oe,commons-rng-core/src/test/java/org/apache/commons/rng/core/source64/XoShiRo256PlusPlusTest.java,,,,assert,unknown,standard,assertEquals
rng_173_1_4,commons-rng,XoShiRo256PlusPlusTest,testLongJump_1_oe_4_oe,commons-rng-core/src/test/java/org/apache/commons/rng/core/source64/XoShiRo256PlusPlusTest.java,,,,assert,unknown,standard,assertEquals
rng_175_1_1,commons-rng,XoShiRo512PlusPlusTest,testConstructorWithZeroSeedIsNonFunctional_1_oe_1_oe,commons-rng-core/src/test/java/org/apache/commons/rng/core/source64/XoShiRo512PlusPlusTest.java,,,,assert,unknown,standard,assertEquals
rng_176_1_1,commons-rng,XoShiRo512PlusPlusTest,testConstructorWithSingleBitSeedIsFunctional_1_oe_1_oe,commons-rng-core/src/test/java/org/apache/commons/rng/core/source64/XoShiRo512PlusPlusTest.java,,,,assert,unknown,standard,assertNextLongNonZeroOutputFromSingleBitSeed
rng_176_1_2,commons-rng,XoShiRo512PlusPlusTest,testConstructorWithSingleBitSeedIsFunctional_1_oe_2_oe,commons-rng-core/src/test/java/org/apache/commons/rng/core/source64/XoShiRo512PlusPlusTest.java,,,,assert,unknown,standard,assertEquals
rng_176_1_3,commons-rng,XoShiRo512PlusPlusTest,testConstructorWithSingleBitSeedIsFunctional_1_oe_3_oe,commons-rng-core/src/test/java/org/apache/commons/rng/core/source64/XoShiRo512PlusPlusTest.java,,,,assert,unknown,standard,fail
rng_178_1_1,commons-rng,XoShiRo512PlusPlusTest,testElementConstructor_1_oe_1_oe,commons-rng-core/src/test/java/org/apache/commons/rng/core/source64/XoShiRo512PlusPlusTest.java,,,,assert,unknown,standard,assertEquals
rng_179_1_1,commons-rng,XoShiRo512PlusPlusTest,testJump_1_oe_1_oe,commons-rng-core/src/test/java/org/apache/commons/rng/core/source64/XoShiRo512PlusPlusTest.java,,,,assert,unknown,standard,assertNotSame
rng_179_1_2,commons-rng,XoShiRo512PlusPlusTest,testJump_1_oe_2_oe,commons-rng-core/src/test/java/org/apache/commons/rng/core/source64/XoShiRo512PlusPlusTest.java,,,,assert,unknown,standard,assertEquals
rng_179_1_3,commons-rng,XoShiRo512PlusPlusTest,testJump_1_oe_3_oe,commons-rng-core/src/test/java/org/apache/commons/rng/core/source64/XoShiRo512PlusPlusTest.java,,,,assert,unknown,standard,assertEquals
rng_179_1_4,commons-rng,XoShiRo512PlusPlusTest,testJump_1_oe_4_oe,commons-rng-core/src/test/java/org/apache/commons/rng/core/source64/XoShiRo512PlusPlusTest.java,,,,assert,unknown,standard,assertEquals
rng_180_1_1,commons-rng,XoShiRo512PlusPlusTest,testLongJump_1_oe_1_oe,commons-rng-core/src/test/java/org/apache/commons/rng/core/source64/XoShiRo512PlusPlusTest.java,,,,assert,unknown,standard,assertNotSame
rng_180_1_2,commons-rng,XoShiRo512PlusPlusTest,testLongJump_1_oe_2_oe,commons-rng-core/src/test/java/org/apache/commons/rng/core/source64/XoShiRo512PlusPlusTest.java,,,,assert,unknown,standard,assertEquals
rng_180_1_3,commons-rng,XoShiRo512PlusPlusTest,testLongJump_1_oe_3_oe,commons-rng-core/src/test/java/org/apache/commons/rng/core/source64/XoShiRo512PlusPlusTest.java,,,,assert,unknown,standard,assertEquals
rng_180_1_4,commons-rng,XoShiRo512PlusPlusTest,testLongJump_1_oe_4_oe,commons-rng-core/src/test/java/org/apache/commons/rng/core/source64/XoShiRo512PlusPlusTest.java,,,,assert,unknown,standard,assertEquals
rng_182_1_1,commons-rng,XoShiRo512PlusTest,testConstructorWithZeroSeedIsNonFunctional_1_oe_1_oe,commons-rng-core/src/test/java/org/apache/commons/rng/core/source64/XoShiRo512PlusTest.java,,,,assert,unknown,standard,assertEquals
rng_183_1_1,commons-rng,XoShiRo512PlusTest,testConstructorWithSingleBitSeedIsFunctional_1_oe_1_oe,commons-rng-core/src/test/java/org/apache/commons/rng/core/source64/XoShiRo512PlusTest.java,,,,assert,unknown,standard,assertNextLongNonZeroOutputFromSingleBitSeed
rng_183_1_2,commons-rng,XoShiRo512PlusTest,testConstructorWithSingleBitSeedIsFunctional_1_oe_2_oe,commons-rng-core/src/test/java/org/apache/commons/rng/core/source64/XoShiRo512PlusTest.java,,,,assert,unknown,standard,assertEquals
rng_183_1_3,commons-rng,XoShiRo512PlusTest,testConstructorWithSingleBitSeedIsFunctional_1_oe_3_oe,commons-rng-core/src/test/java/org/apache/commons/rng/core/source64/XoShiRo512PlusTest.java,,,,assert,unknown,standard,fail
rng_185_1_1,commons-rng,XoShiRo512PlusTest,testElementConstructor_1_oe_1_oe,commons-rng-core/src/test/java/org/apache/commons/rng/core/source64/XoShiRo512PlusTest.java,,,,assert,unknown,standard,assertEquals
rng_186_1_1,commons-rng,XoShiRo512PlusTest,testJump_1_oe_1_oe,commons-rng-core/src/test/java/org/apache/commons/rng/core/source64/XoShiRo512PlusTest.java,,,,assert,unknown,standard,assertNotSame
rng_186_1_2,commons-rng,XoShiRo512PlusTest,testJump_1_oe_2_oe,commons-rng-core/src/test/java/org/apache/commons/rng/core/source64/XoShiRo512PlusTest.java,,,,assert,unknown,standard,assertEquals
rng_186_1_3,commons-rng,XoShiRo512PlusTest,testJump_1_oe_3_oe,commons-rng-core/src/test/java/org/apache/commons/rng/core/source64/XoShiRo512PlusTest.java,,,,assert,unknown,standard,assertEquals
rng_186_1_4,commons-rng,XoShiRo512PlusTest,testJump_1_oe_4_oe,commons-rng-core/src/test/java/org/apache/commons/rng/core/source64/XoShiRo512PlusTest.java,,,,assert,unknown,standard,assertEquals
rng_187_1_1,commons-rng,XoShiRo512PlusTest,testLongJump_1_oe_1_oe,commons-rng-core/src/test/java/org/apache/commons/rng/core/source64/XoShiRo512PlusTest.java,,,,assert,unknown,standard,assertNotSame
rng_187_1_2,commons-rng,XoShiRo512PlusTest,testLongJump_1_oe_2_oe,commons-rng-core/src/test/java/org/apache/commons/rng/core/source64/XoShiRo512PlusTest.java,,,,assert,unknown,standard,assertEquals
rng_187_1_3,commons-rng,XoShiRo512PlusTest,testLongJump_1_oe_3_oe,commons-rng-core/src/test/java/org/apache/commons/rng/core/source64/XoShiRo512PlusTest.java,,,,assert,unknown,standard,assertEquals
rng_187_1_4,commons-rng,XoShiRo512PlusTest,testLongJump_1_oe_4_oe,commons-rng-core/src/test/java/org/apache/commons/rng/core/source64/XoShiRo512PlusTest.java,,,,assert,unknown,standard,assertEquals
rng_189_1_1,commons-rng,XoShiRo256StarStarTest,testConstructorWithZeroSeedIsNonFunctional_1_oe_1_oe,commons-rng-core/src/test/java/org/apache/commons/rng/core/source64/XoShiRo256StarStarTest.java,,,,assert,unknown,standard,assertEquals
rng_190_1_1,commons-rng,XoShiRo256StarStarTest,testConstructorWithSingleBitSeedIsFunctional_1_oe_1_oe,commons-rng-core/src/test/java/org/apache/commons/rng/core/source64/XoShiRo256StarStarTest.java,,,,assert,unknown,standard,assertNextLongNonZeroOutputFromSingleBitSeed
rng_190_1_2,commons-rng,XoShiRo256StarStarTest,testConstructorWithSingleBitSeedIsFunctional_1_oe_2_oe,commons-rng-core/src/test/java/org/apache/commons/rng/core/source64/XoShiRo256StarStarTest.java,,,,assert,unknown,standard,assertEquals
rng_190_1_3,commons-rng,XoShiRo256StarStarTest,testConstructorWithSingleBitSeedIsFunctional_1_oe_3_oe,commons-rng-core/src/test/java/org/apache/commons/rng/core/source64/XoShiRo256StarStarTest.java,,,,assert,unknown,standard,fail
rng_192_1_1,commons-rng,XoShiRo256StarStarTest,testElementConstructor_1_oe_1_oe,commons-rng-core/src/test/java/org/apache/commons/rng/core/source64/XoShiRo256StarStarTest.java,,,,assert,unknown,standard,assertEquals
rng_193_1_1,commons-rng,XoShiRo256StarStarTest,testJump_1_oe_1_oe,commons-rng-core/src/test/java/org/apache/commons/rng/core/source64/XoShiRo256StarStarTest.java,,,,assert,unknown,standard,assertNotSame
rng_193_1_2,commons-rng,XoShiRo256StarStarTest,testJump_1_oe_2_oe,commons-rng-core/src/test/java/org/apache/commons/rng/core/source64/XoShiRo256StarStarTest.java,,,,assert,unknown,standard,assertEquals
rng_193_1_3,commons-rng,XoShiRo256StarStarTest,testJump_1_oe_3_oe,commons-rng-core/src/test/java/org/apache/commons/rng/core/source64/XoShiRo256StarStarTest.java,,,,assert,unknown,standard,assertEquals
rng_193_1_4,commons-rng,XoShiRo256StarStarTest,testJump_1_oe_4_oe,commons-rng-core/src/test/java/org/apache/commons/rng/core/source64/XoShiRo256StarStarTest.java,,,,assert,unknown,standard,assertEquals
rng_194_1_1,commons-rng,XoShiRo256StarStarTest,testLongJump_1_oe_1_oe,commons-rng-core/src/test/java/org/apache/commons/rng/core/source64/XoShiRo256StarStarTest.java,,,,assert,unknown,standard,assertNotSame
rng_194_1_2,commons-rng,XoShiRo256StarStarTest,testLongJump_1_oe_2_oe,commons-rng-core/src/test/java/org/apache/commons/rng/core/source64/XoShiRo256StarStarTest.java,,,,assert,unknown,standard,assertEquals
rng_194_1_3,commons-rng,XoShiRo256StarStarTest,testLongJump_1_oe_3_oe,commons-rng-core/src/test/java/org/apache/commons/rng/core/source64/XoShiRo256StarStarTest.java,,,,assert,unknown,standard,assertEquals
rng_194_1_4,commons-rng,XoShiRo256StarStarTest,testLongJump_1_oe_4_oe,commons-rng-core/src/test/java/org/apache/commons/rng/core/source64/XoShiRo256StarStarTest.java,,,,assert,unknown,standard,assertEquals
rng_196_1_1,commons-rng,XoShiRo256PlusTest,testConstructorWithZeroSeedIsNonFunctional_1_oe_1_oe,commons-rng-core/src/test/java/org/apache/commons/rng/core/source64/XoShiRo256PlusTest.java,,,,assert,unknown,standard,assertEquals
rng_197_1_1,commons-rng,XoShiRo256PlusTest,testConstructorWithSingleBitSeedIsFunctional_1_oe_1_oe,commons-rng-core/src/test/java/org/apache/commons/rng/core/source64/XoShiRo256PlusTest.java,,,,assert,unknown,standard,assertNextLongNonZeroOutputFromSingleBitSeed
rng_197_1_2,commons-rng,XoShiRo256PlusTest,testConstructorWithSingleBitSeedIsFunctional_1_oe_2_oe,commons-rng-core/src/test/java/org/apache/commons/rng/core/source64/XoShiRo256PlusTest.java,,,,assert,unknown,standard,assertEquals
rng_197_1_3,commons-rng,XoShiRo256PlusTest,testConstructorWithSingleBitSeedIsFunctional_1_oe_3_oe,commons-rng-core/src/test/java/org/apache/commons/rng/core/source64/XoShiRo256PlusTest.java,,,,assert,unknown,standard,fail
rng_199_1_1,commons-rng,XoShiRo256PlusTest,testElementConstructor_1_oe_1_oe,commons-rng-core/src/test/java/org/apache/commons/rng/core/source64/XoShiRo256PlusTest.java,,,,assert,unknown,standard,assertEquals
rng_200_1_1,commons-rng,XoShiRo256PlusTest,testJump_1_oe_1_oe,commons-rng-core/src/test/java/org/apache/commons/rng/core/source64/XoShiRo256PlusTest.java,,,,assert,unknown,standard,assertNotSame
rng_200_1_2,commons-rng,XoShiRo256PlusTest,testJump_1_oe_2_oe,commons-rng-core/src/test/java/org/apache/commons/rng/core/source64/XoShiRo256PlusTest.java,,,,assert,unknown,standard,assertEquals
rng_200_1_3,commons-rng,XoShiRo256PlusTest,testJump_1_oe_3_oe,commons-rng-core/src/test/java/org/apache/commons/rng/core/source64/XoShiRo256PlusTest.java,,,,assert,unknown,standard,assertEquals
rng_200_1_4,commons-rng,XoShiRo256PlusTest,testJump_1_oe_4_oe,commons-rng-core/src/test/java/org/apache/commons/rng/core/source64/XoShiRo256PlusTest.java,,,,assert,unknown,standard,assertEquals
rng_201_1_1,commons-rng,XoShiRo256PlusTest,testLongJump_1_oe_1_oe,commons-rng-core/src/test/java/org/apache/commons/rng/core/source64/XoShiRo256PlusTest.java,,,,assert,unknown,standard,assertNotSame
rng_201_1_2,commons-rng,XoShiRo256PlusTest,testLongJump_1_oe_2_oe,commons-rng-core/src/test/java/org/apache/commons/rng/core/source64/XoShiRo256PlusTest.java,,,,assert,unknown,standard,assertEquals
rng_201_1_3,commons-rng,XoShiRo256PlusTest,testLongJump_1_oe_3_oe,commons-rng-core/src/test/java/org/apache/commons/rng/core/source64/XoShiRo256PlusTest.java,,,,assert,unknown,standard,assertEquals
rng_201_1_4,commons-rng,XoShiRo256PlusTest,testLongJump_1_oe_4_oe,commons-rng-core/src/test/java/org/apache/commons/rng/core/source64/XoShiRo256PlusTest.java,,,,assert,unknown,standard,assertEquals
rng_205_1_1,commons-rng,XorShift1024StarTest,testConstructorWithZeroSeedIsNonFunctional_1_oe_1_oe,commons-rng-core/src/test/java/org/apache/commons/rng/core/source64/XorShift1024StarTest.java,,,,assert,unknown,standard,assertEquals
rng_206_1_1,commons-rng,XorShift1024StarTest,testConstructorWithSingleBitSeedIsFunctional_1_oe_1_oe,commons-rng-core/src/test/java/org/apache/commons/rng/core/source64/XorShift1024StarTest.java,,,,assert,unknown,standard,assertNextLongNonZeroOutputFromSingleBitSeed
rng_206_1_2,commons-rng,XorShift1024StarTest,testConstructorWithSingleBitSeedIsFunctional_1_oe_2_oe,commons-rng-core/src/test/java/org/apache/commons/rng/core/source64/XorShift1024StarTest.java,,,,assert,unknown,standard,assertEquals
rng_206_1_3,commons-rng,XorShift1024StarTest,testConstructorWithSingleBitSeedIsFunctional_1_oe_3_oe,commons-rng-core/src/test/java/org/apache/commons/rng/core/source64/XorShift1024StarTest.java,,,,assert,unknown,standard,fail
rng_207_1_1,commons-rng,XorShift1024StarTest,testJump_1_oe_1_oe,commons-rng-core/src/test/java/org/apache/commons/rng/core/source64/XorShift1024StarTest.java,,,,assert,unknown,standard,assertNotSame
rng_207_1_2,commons-rng,XorShift1024StarTest,testJump_1_oe_2_oe,commons-rng-core/src/test/java/org/apache/commons/rng/core/source64/XorShift1024StarTest.java,,,,assert,unknown,standard,assertEquals
rng_207_1_3,commons-rng,XorShift1024StarTest,testJump_1_oe_3_oe,commons-rng-core/src/test/java/org/apache/commons/rng/core/source64/XorShift1024StarTest.java,,,,assert,unknown,standard,assertEquals
rng_207_1_4,commons-rng,XorShift1024StarTest,testJump_1_oe_4_oe,commons-rng-core/src/test/java/org/apache/commons/rng/core/source64/XorShift1024StarTest.java,,,,assert,unknown,standard,assertEquals
rng_209_1_1,commons-rng,XorShift1024StarPhiTest,testConstructorWithZeroSeedIsNonFunctional_1_oe_1_oe,commons-rng-core/src/test/java/org/apache/commons/rng/core/source64/XorShift1024StarPhiTest.java,,,,assert,unknown,standard,assertEquals
rng_210_1_1,commons-rng,XorShift1024StarPhiTest,testConstructorWithSingleBitSeedIsFunctional_1_oe_1_oe,commons-rng-core/src/test/java/org/apache/commons/rng/core/source64/XorShift1024StarPhiTest.java,,,,assert,unknown,standard,assertNextLongNonZeroOutputFromSingleBitSeed
rng_210_1_2,commons-rng,XorShift1024StarPhiTest,testConstructorWithSingleBitSeedIsFunctional_1_oe_2_oe,commons-rng-core/src/test/java/org/apache/commons/rng/core/source64/XorShift1024StarPhiTest.java,,,,assert,unknown,standard,assertEquals
rng_210_1_3,commons-rng,XorShift1024StarPhiTest,testConstructorWithSingleBitSeedIsFunctional_1_oe_3_oe,commons-rng-core/src/test/java/org/apache/commons/rng/core/source64/XorShift1024StarPhiTest.java,,,,assert,unknown,standard,fail
rng_211_1_1,commons-rng,XorShift1024StarPhiTest,testJump_1_oe_1_oe,commons-rng-core/src/test/java/org/apache/commons/rng/core/source64/XorShift1024StarPhiTest.java,,,,assert,unknown,standard,assertNotSame
rng_211_1_2,commons-rng,XorShift1024StarPhiTest,testJump_1_oe_2_oe,commons-rng-core/src/test/java/org/apache/commons/rng/core/source64/XorShift1024StarPhiTest.java,,,,assert,unknown,standard,assertEquals
rng_211_1_3,commons-rng,XorShift1024StarPhiTest,testJump_1_oe_3_oe,commons-rng-core/src/test/java/org/apache/commons/rng/core/source64/XorShift1024StarPhiTest.java,,,,assert,unknown,standard,assertEquals
rng_211_1_4,commons-rng,XorShift1024StarPhiTest,testJump_1_oe_4_oe,commons-rng-core/src/test/java/org/apache/commons/rng/core/source64/XorShift1024StarPhiTest.java,,,,assert,unknown,standard,assertEquals
rng_213_1_1,commons-rng,XoShiRo512StarStarTest,testConstructorWithZeroSeedIsNonFunctional_1_oe_1_oe,commons-rng-core/src/test/java/org/apache/commons/rng/core/source64/XoShiRo512StarStarTest.java,,,,assert,unknown,standard,assertEquals
rng_214_1_1,commons-rng,XoShiRo512StarStarTest,testConstructorWithSingleBitSeedIsFunctional_1_oe_1_oe,commons-rng-core/src/test/java/org/apache/commons/rng/core/source64/XoShiRo512StarStarTest.java,,,,assert,unknown,standard,assertNextLongNonZeroOutputFromSingleBitSeed
rng_214_1_2,commons-rng,XoShiRo512StarStarTest,testConstructorWithSingleBitSeedIsFunctional_1_oe_2_oe,commons-rng-core/src/test/java/org/apache/commons/rng/core/source64/XoShiRo512StarStarTest.java,,,,assert,unknown,standard,assertEquals
rng_214_1_3,commons-rng,XoShiRo512StarStarTest,testConstructorWithSingleBitSeedIsFunctional_1_oe_3_oe,commons-rng-core/src/test/java/org/apache/commons/rng/core/source64/XoShiRo512StarStarTest.java,,,,assert,unknown,standard,fail
rng_216_1_1,commons-rng,XoShiRo512StarStarTest,testElementConstructor_1_oe_1_oe,commons-rng-core/src/test/java/org/apache/commons/rng/core/source64/XoShiRo512StarStarTest.java,,,,assert,unknown,standard,assertEquals
rng_217_1_1,commons-rng,XoShiRo512StarStarTest,testJump_1_oe_1_oe,commons-rng-core/src/test/java/org/apache/commons/rng/core/source64/XoShiRo512StarStarTest.java,,,,assert,unknown,standard,assertNotSame
rng_217_1_2,commons-rng,XoShiRo512StarStarTest,testJump_1_oe_2_oe,commons-rng-core/src/test/java/org/apache/commons/rng/core/source64/XoShiRo512StarStarTest.java,,,,assert,unknown,standard,assertEquals
rng_217_1_3,commons-rng,XoShiRo512StarStarTest,testJump_1_oe_3_oe,commons-rng-core/src/test/java/org/apache/commons/rng/core/source64/XoShiRo512StarStarTest.java,,,,assert,unknown,standard,assertEquals
rng_217_1_4,commons-rng,XoShiRo512StarStarTest,testJump_1_oe_4_oe,commons-rng-core/src/test/java/org/apache/commons/rng/core/source64/XoShiRo512StarStarTest.java,,,,assert,unknown,standard,assertEquals
rng_218_1_1,commons-rng,XoShiRo512StarStarTest,testLongJump_1_oe_1_oe,commons-rng-core/src/test/java/org/apache/commons/rng/core/source64/XoShiRo512StarStarTest.java,,,,assert,unknown,standard,assertNotSame
rng_218_1_2,commons-rng,XoShiRo512StarStarTest,testLongJump_1_oe_2_oe,commons-rng-core/src/test/java/org/apache/commons/rng/core/source64/XoShiRo512StarStarTest.java,,,,assert,unknown,standard,assertEquals
rng_218_1_3,commons-rng,XoShiRo512StarStarTest,testLongJump_1_oe_3_oe,commons-rng-core/src/test/java/org/apache/commons/rng/core/source64/XoShiRo512StarStarTest.java,,,,assert,unknown,standard,assertEquals
rng_218_1_4,commons-rng,XoShiRo512StarStarTest,testLongJump_1_oe_4_oe,commons-rng-core/src/test/java/org/apache/commons/rng/core/source64/XoShiRo512StarStarTest.java,,,,assert,unknown,standard,assertEquals
rng_221_1_1,commons-rng,XoRoShiRo1024StarTest,testConstructorWithZeroSeedIsNonFunctional_1_oe_1_oe,commons-rng-core/src/test/java/org/apache/commons/rng/core/source64/XoRoShiRo1024StarTest.java,,,,assert,unknown,standard,assertEquals
rng_222_1_1,commons-rng,XoRoShiRo1024StarTest,testConstructorWithSingleBitSeedIsFunctional_1_oe_1_oe,commons-rng-core/src/test/java/org/apache/commons/rng/core/source64/XoRoShiRo1024StarTest.java,,,,assert,unknown,standard,assertNextLongNonZeroOutputFromSingleBitSeed
rng_222_1_2,commons-rng,XoRoShiRo1024StarTest,testConstructorWithSingleBitSeedIsFunctional_1_oe_2_oe,commons-rng-core/src/test/java/org/apache/commons/rng/core/source64/XoRoShiRo1024StarTest.java,,,,assert,unknown,standard,assertEquals
rng_222_1_3,commons-rng,XoRoShiRo1024StarTest,testConstructorWithSingleBitSeedIsFunctional_1_oe_3_oe,commons-rng-core/src/test/java/org/apache/commons/rng/core/source64/XoRoShiRo1024StarTest.java,,,,assert,unknown,standard,fail
rng_224_1_1,commons-rng,XoRoShiRo1024StarTest,testJump_1_oe_1_oe,commons-rng-core/src/test/java/org/apache/commons/rng/core/source64/XoRoShiRo1024StarTest.java,,,,assert,unknown,standard,assertNotSame
rng_224_1_2,commons-rng,XoRoShiRo1024StarTest,testJump_1_oe_2_oe,commons-rng-core/src/test/java/org/apache/commons/rng/core/source64/XoRoShiRo1024StarTest.java,,,,assert,unknown,standard,assertEquals
rng_224_1_3,commons-rng,XoRoShiRo1024StarTest,testJump_1_oe_3_oe,commons-rng-core/src/test/java/org/apache/commons/rng/core/source64/XoRoShiRo1024StarTest.java,,,,assert,unknown,standard,assertEquals
rng_224_1_4,commons-rng,XoRoShiRo1024StarTest,testJump_1_oe_4_oe,commons-rng-core/src/test/java/org/apache/commons/rng/core/source64/XoRoShiRo1024StarTest.java,,,,assert,unknown,standard,assertEquals
rng_225_1_1,commons-rng,XoRoShiRo1024StarTest,testLongJump_1_oe_1_oe,commons-rng-core/src/test/java/org/apache/commons/rng/core/source64/XoRoShiRo1024StarTest.java,,,,assert,unknown,standard,assertNotSame
rng_225_1_2,commons-rng,XoRoShiRo1024StarTest,testLongJump_1_oe_2_oe,commons-rng-core/src/test/java/org/apache/commons/rng/core/source64/XoRoShiRo1024StarTest.java,,,,assert,unknown,standard,assertEquals
rng_225_1_3,commons-rng,XoRoShiRo1024StarTest,testLongJump_1_oe_3_oe,commons-rng-core/src/test/java/org/apache/commons/rng/core/source64/XoRoShiRo1024StarTest.java,,,,assert,unknown,standard,assertEquals
rng_225_1_4,commons-rng,XoRoShiRo1024StarTest,testLongJump_1_oe_4_oe,commons-rng-core/src/test/java/org/apache/commons/rng/core/source64/XoRoShiRo1024StarTest.java,,,,assert,unknown,standard,assertEquals
rng_232_1_1,commons-rng,XoRoShiRo1024PlusPlusTest,testConstructorWithZeroSeedIsNonFunctional_1_oe_1_oe,commons-rng-core/src/test/java/org/apache/commons/rng/core/source64/XoRoShiRo1024PlusPlusTest.java,,,,assert,unknown,standard,assertEquals
rng_233_1_1,commons-rng,XoRoShiRo1024PlusPlusTest,testConstructorWithSingleBitSeedIsFunctional_1_oe_1_oe,commons-rng-core/src/test/java/org/apache/commons/rng/core/source64/XoRoShiRo1024PlusPlusTest.java,,,,assert,unknown,standard,assertNextLongNonZeroOutputFromSingleBitSeed
rng_233_1_2,commons-rng,XoRoShiRo1024PlusPlusTest,testConstructorWithSingleBitSeedIsFunctional_1_oe_2_oe,commons-rng-core/src/test/java/org/apache/commons/rng/core/source64/XoRoShiRo1024PlusPlusTest.java,,,,assert,unknown,standard,assertEquals
rng_233_1_3,commons-rng,XoRoShiRo1024PlusPlusTest,testConstructorWithSingleBitSeedIsFunctional_1_oe_3_oe,commons-rng-core/src/test/java/org/apache/commons/rng/core/source64/XoRoShiRo1024PlusPlusTest.java,,,,assert,unknown,standard,fail
rng_235_1_1,commons-rng,XoRoShiRo1024PlusPlusTest,testJump_1_oe_1_oe,commons-rng-core/src/test/java/org/apache/commons/rng/core/source64/XoRoShiRo1024PlusPlusTest.java,,,,assert,unknown,standard,assertNotSame
rng_235_1_2,commons-rng,XoRoShiRo1024PlusPlusTest,testJump_1_oe_2_oe,commons-rng-core/src/test/java/org/apache/commons/rng/core/source64/XoRoShiRo1024PlusPlusTest.java,,,,assert,unknown,standard,assertEquals
rng_235_1_3,commons-rng,XoRoShiRo1024PlusPlusTest,testJump_1_oe_3_oe,commons-rng-core/src/test/java/org/apache/commons/rng/core/source64/XoRoShiRo1024PlusPlusTest.java,,,,assert,unknown,standard,assertEquals
rng_235_1_4,commons-rng,XoRoShiRo1024PlusPlusTest,testJump_1_oe_4_oe,commons-rng-core/src/test/java/org/apache/commons/rng/core/source64/XoRoShiRo1024PlusPlusTest.java,,,,assert,unknown,standard,assertEquals
rng_236_1_1,commons-rng,XoRoShiRo1024PlusPlusTest,testLongJump_1_oe_1_oe,commons-rng-core/src/test/java/org/apache/commons/rng/core/source64/XoRoShiRo1024PlusPlusTest.java,,,,assert,unknown,standard,assertNotSame
rng_236_1_2,commons-rng,XoRoShiRo1024PlusPlusTest,testLongJump_1_oe_2_oe,commons-rng-core/src/test/java/org/apache/commons/rng/core/source64/XoRoShiRo1024PlusPlusTest.java,,,,assert,unknown,standard,assertEquals
rng_236_1_3,commons-rng,XoRoShiRo1024PlusPlusTest,testLongJump_1_oe_3_oe,commons-rng-core/src/test/java/org/apache/commons/rng/core/source64/XoRoShiRo1024PlusPlusTest.java,,,,assert,unknown,standard,assertEquals
rng_236_1_4,commons-rng,XoRoShiRo1024PlusPlusTest,testLongJump_1_oe_4_oe,commons-rng-core/src/test/java/org/apache/commons/rng/core/source64/XoRoShiRo1024PlusPlusTest.java,,,,assert,unknown,standard,assertEquals
rng_240_1_1,commons-rng,XoRoShiRo128PlusTest,testConstructorWithZeroSeedIsNonFunctional_1_oe_1_oe,commons-rng-core/src/test/java/org/apache/commons/rng/core/source64/XoRoShiRo128PlusTest.java,,,,assert,unknown,standard,assertEquals
rng_241_1_1,commons-rng,XoRoShiRo128PlusTest,testConstructorWithSingleBitSeedIsFunctional_1_oe_1_oe,commons-rng-core/src/test/java/org/apache/commons/rng/core/source64/XoRoShiRo128PlusTest.java,,,,assert,unknown,standard,assertNextLongNonZeroOutputFromSingleBitSeed
rng_241_1_2,commons-rng,XoRoShiRo128PlusTest,testConstructorWithSingleBitSeedIsFunctional_1_oe_2_oe,commons-rng-core/src/test/java/org/apache/commons/rng/core/source64/XoRoShiRo128PlusTest.java,,,,assert,unknown,standard,assertEquals
rng_241_1_3,commons-rng,XoRoShiRo128PlusTest,testConstructorWithSingleBitSeedIsFunctional_1_oe_3_oe,commons-rng-core/src/test/java/org/apache/commons/rng/core/source64/XoRoShiRo128PlusTest.java,,,,assert,unknown,standard,fail
rng_243_1_1,commons-rng,XoRoShiRo128PlusTest,testElementConstructor_1_oe_1_oe,commons-rng-core/src/test/java/org/apache/commons/rng/core/source64/XoRoShiRo128PlusTest.java,,,,assert,unknown,standard,assertEquals
rng_244_1_1,commons-rng,XoRoShiRo128PlusTest,testJump_1_oe_1_oe,commons-rng-core/src/test/java/org/apache/commons/rng/core/source64/XoRoShiRo128PlusTest.java,,,,assert,unknown,standard,assertNotSame
rng_244_1_2,commons-rng,XoRoShiRo128PlusTest,testJump_1_oe_2_oe,commons-rng-core/src/test/java/org/apache/commons/rng/core/source64/XoRoShiRo128PlusTest.java,,,,assert,unknown,standard,assertEquals
rng_244_1_3,commons-rng,XoRoShiRo128PlusTest,testJump_1_oe_3_oe,commons-rng-core/src/test/java/org/apache/commons/rng/core/source64/XoRoShiRo128PlusTest.java,,,,assert,unknown,standard,assertEquals
rng_244_1_4,commons-rng,XoRoShiRo128PlusTest,testJump_1_oe_4_oe,commons-rng-core/src/test/java/org/apache/commons/rng/core/source64/XoRoShiRo128PlusTest.java,,,,assert,unknown,standard,assertEquals
rng_245_1_1,commons-rng,XoRoShiRo128PlusTest,testLongJump_1_oe_1_oe,commons-rng-core/src/test/java/org/apache/commons/rng/core/source64/XoRoShiRo128PlusTest.java,,,,assert,unknown,standard,assertNotSame
rng_245_1_2,commons-rng,XoRoShiRo128PlusTest,testLongJump_1_oe_2_oe,commons-rng-core/src/test/java/org/apache/commons/rng/core/source64/XoRoShiRo128PlusTest.java,,,,assert,unknown,standard,assertEquals
rng_245_1_3,commons-rng,XoRoShiRo128PlusTest,testLongJump_1_oe_3_oe,commons-rng-core/src/test/java/org/apache/commons/rng/core/source64/XoRoShiRo128PlusTest.java,,,,assert,unknown,standard,assertEquals
rng_245_1_4,commons-rng,XoRoShiRo128PlusTest,testLongJump_1_oe_4_oe,commons-rng-core/src/test/java/org/apache/commons/rng/core/source64/XoRoShiRo128PlusTest.java,,,,assert,unknown,standard,assertEquals
rng_247_1_1,commons-rng,XoRoShiRo1024StarStarTest,testConstructorWithZeroSeedIsNonFunctional_1_oe_1_oe,commons-rng-core/src/test/java/org/apache/commons/rng/core/source64/XoRoShiRo1024StarStarTest.java,,,,assert,unknown,standard,assertEquals
rng_248_1_1,commons-rng,XoRoShiRo1024StarStarTest,testConstructorWithSingleBitSeedIsFunctional_1_oe_1_oe,commons-rng-core/src/test/java/org/apache/commons/rng/core/source64/XoRoShiRo1024StarStarTest.java,,,,assert,unknown,standard,assertNextLongNonZeroOutputFromSingleBitSeed
rng_248_1_2,commons-rng,XoRoShiRo1024StarStarTest,testConstructorWithSingleBitSeedIsFunctional_1_oe_2_oe,commons-rng-core/src/test/java/org/apache/commons/rng/core/source64/XoRoShiRo1024StarStarTest.java,,,,assert,unknown,standard,assertEquals
rng_248_1_3,commons-rng,XoRoShiRo1024StarStarTest,testConstructorWithSingleBitSeedIsFunctional_1_oe_3_oe,commons-rng-core/src/test/java/org/apache/commons/rng/core/source64/XoRoShiRo1024StarStarTest.java,,,,assert,unknown,standard,fail
rng_250_1_1,commons-rng,XoRoShiRo1024StarStarTest,testJump_1_oe_1_oe,commons-rng-core/src/test/java/org/apache/commons/rng/core/source64/XoRoShiRo1024StarStarTest.java,,,,assert,unknown,standard,assertNotSame
rng_250_1_2,commons-rng,XoRoShiRo1024StarStarTest,testJump_1_oe_2_oe,commons-rng-core/src/test/java/org/apache/commons/rng/core/source64/XoRoShiRo1024StarStarTest.java,,,,assert,unknown,standard,assertEquals
rng_250_1_3,commons-rng,XoRoShiRo1024StarStarTest,testJump_1_oe_3_oe,commons-rng-core/src/test/java/org/apache/commons/rng/core/source64/XoRoShiRo1024StarStarTest.java,,,,assert,unknown,standard,assertEquals
rng_250_1_4,commons-rng,XoRoShiRo1024StarStarTest,testJump_1_oe_4_oe,commons-rng-core/src/test/java/org/apache/commons/rng/core/source64/XoRoShiRo1024StarStarTest.java,,,,assert,unknown,standard,assertEquals
rng_251_1_1,commons-rng,XoRoShiRo1024StarStarTest,testLongJump_1_oe_1_oe,commons-rng-core/src/test/java/org/apache/commons/rng/core/source64/XoRoShiRo1024StarStarTest.java,,,,assert,unknown,standard,assertNotSame
rng_251_1_2,commons-rng,XoRoShiRo1024StarStarTest,testLongJump_1_oe_2_oe,commons-rng-core/src/test/java/org/apache/commons/rng/core/source64/XoRoShiRo1024StarStarTest.java,,,,assert,unknown,standard,assertEquals
rng_251_1_3,commons-rng,XoRoShiRo1024StarStarTest,testLongJump_1_oe_3_oe,commons-rng-core/src/test/java/org/apache/commons/rng/core/source64/XoRoShiRo1024StarStarTest.java,,,,assert,unknown,standard,assertEquals
rng_251_1_4,commons-rng,XoRoShiRo1024StarStarTest,testLongJump_1_oe_4_oe,commons-rng-core/src/test/java/org/apache/commons/rng/core/source64/XoRoShiRo1024StarStarTest.java,,,,assert,unknown,standard,assertEquals
rng_299_1_1,commons-rng,PermutationSamplerTest,testSharedStateSampler_1_oe_1_oe,commons-rng-sampling/src/test/java/org/apache/commons/rng/sampling/PermutationSamplerTest.java,,,,assert,unknown,standard,assertEquals
rng_299_1_2,commons-rng,PermutationSamplerTest,testSharedStateSampler_1_oe_2_oe,commons-rng-sampling/src/test/java/org/apache/commons/rng/sampling/PermutationSamplerTest.java,,,,assert,unknown,standard,assertEquals
rng_299_1_3,commons-rng,PermutationSamplerTest,testSharedStateSampler_1_oe_3_oe,commons-rng-sampling/src/test/java/org/apache/commons/rng/sampling/PermutationSamplerTest.java,,,,assert,unknown,standard,assertEquals
rng_299_1_4,commons-rng,PermutationSamplerTest,testSharedStateSampler_1_oe_4_oe,commons-rng-sampling/src/test/java/org/apache/commons/rng/sampling/PermutationSamplerTest.java,,,,assert,unknown,standard,assertEquals
rng_299_1_5,commons-rng,PermutationSamplerTest,testSharedStateSampler_1_oe_5_oe,commons-rng-sampling/src/test/java/org/apache/commons/rng/sampling/PermutationSamplerTest.java,,,,assert,unknown,standard,assertEquals
rng_299_1_6,commons-rng,PermutationSamplerTest,testSharedStateSampler_1_oe_6_oe,commons-rng-sampling/src/test/java/org/apache/commons/rng/sampling/PermutationSamplerTest.java,,,,assert,unknown,standard,assertEquals
rng_299_1_7,commons-rng,PermutationSamplerTest,testSharedStateSampler_1_oe_7_oe,commons-rng-sampling/src/test/java/org/apache/commons/rng/sampling/PermutationSamplerTest.java,,,,assert,unknown,standard,assertEquals
rng_299_1_8,commons-rng,PermutationSamplerTest,testSharedStateSampler_1_oe_8_oe,commons-rng-sampling/src/test/java/org/apache/commons/rng/sampling/PermutationSamplerTest.java,,,,assert,unknown,standard,assertArrayEquals
rng_299_1_9,commons-rng,PermutationSamplerTest,testSharedStateSampler_1_oe_9_oe,commons-rng-sampling/src/test/java/org/apache/commons/rng/sampling/PermutationSamplerTest.java,,,,assert,unknown,standard,assertArrayEquals
rng_310_1_1,commons-rng,DiscreteProbabilityCollectionSamplerTest,testSharedStateSampler_1_oe_1_oe,commons-rng-sampling/src/test/java/org/apache/commons/rng/sampling/DiscreteProbabilityCollectionSamplerTest.java,,,,assert,unknown,standard,assertEquals
rng_310_1_2,commons-rng,DiscreteProbabilityCollectionSamplerTest,testSharedStateSampler_1_oe_2_oe,commons-rng-sampling/src/test/java/org/apache/commons/rng/sampling/DiscreteProbabilityCollectionSamplerTest.java,,,,assert,unknown,standard,assertEquals
rng_310_1_3,commons-rng,DiscreteProbabilityCollectionSamplerTest,testSharedStateSampler_1_oe_3_oe,commons-rng-sampling/src/test/java/org/apache/commons/rng/sampling/DiscreteProbabilityCollectionSamplerTest.java,,,,assert,unknown,standard,assertEquals
rng_310_1_4,commons-rng,DiscreteProbabilityCollectionSamplerTest,testSharedStateSampler_1_oe_4_oe,commons-rng-sampling/src/test/java/org/apache/commons/rng/sampling/DiscreteProbabilityCollectionSamplerTest.java,,,,assert,unknown,standard,assertEquals
rng_310_1_5,commons-rng,DiscreteProbabilityCollectionSamplerTest,testSharedStateSampler_1_oe_5_oe,commons-rng-sampling/src/test/java/org/apache/commons/rng/sampling/DiscreteProbabilityCollectionSamplerTest.java,,,,assert,unknown,standard,assertEquals
rng_310_1_6,commons-rng,DiscreteProbabilityCollectionSamplerTest,testSharedStateSampler_1_oe_6_oe,commons-rng-sampling/src/test/java/org/apache/commons/rng/sampling/DiscreteProbabilityCollectionSamplerTest.java,,,,assert,unknown,standard,assertEquals
rng_310_1_7,commons-rng,DiscreteProbabilityCollectionSamplerTest,testSharedStateSampler_1_oe_7_oe,commons-rng-sampling/src/test/java/org/apache/commons/rng/sampling/DiscreteProbabilityCollectionSamplerTest.java,,,,assert,unknown,standard,assertEquals
rng_310_1_8,commons-rng,DiscreteProbabilityCollectionSamplerTest,testSharedStateSampler_1_oe_8_oe,commons-rng-sampling/src/test/java/org/apache/commons/rng/sampling/DiscreteProbabilityCollectionSamplerTest.java,,,,assert,unknown,standard,assertArrayEquals
rng_310_1_9,commons-rng,DiscreteProbabilityCollectionSamplerTest,testSharedStateSampler_1_oe_9_oe,commons-rng-sampling/src/test/java/org/apache/commons/rng/sampling/DiscreteProbabilityCollectionSamplerTest.java,,,,assert,unknown,standard,assertArrayEquals
rng_320_1_1,commons-rng,CombinationSamplerTest,testSharedStateSampler_1_oe_1_oe,commons-rng-sampling/src/test/java/org/apache/commons/rng/sampling/CombinationSamplerTest.java,,,,assert,unknown,standard,assertEquals
rng_320_1_2,commons-rng,CombinationSamplerTest,testSharedStateSampler_1_oe_2_oe,commons-rng-sampling/src/test/java/org/apache/commons/rng/sampling/CombinationSamplerTest.java,,,,assert,unknown,standard,assertEquals
rng_320_1_3,commons-rng,CombinationSamplerTest,testSharedStateSampler_1_oe_3_oe,commons-rng-sampling/src/test/java/org/apache/commons/rng/sampling/CombinationSamplerTest.java,,,,assert,unknown,standard,assertEquals
rng_320_1_4,commons-rng,CombinationSamplerTest,testSharedStateSampler_1_oe_4_oe,commons-rng-sampling/src/test/java/org/apache/commons/rng/sampling/CombinationSamplerTest.java,,,,assert,unknown,standard,assertEquals
rng_320_1_5,commons-rng,CombinationSamplerTest,testSharedStateSampler_1_oe_5_oe,commons-rng-sampling/src/test/java/org/apache/commons/rng/sampling/CombinationSamplerTest.java,,,,assert,unknown,standard,assertEquals
rng_320_1_6,commons-rng,CombinationSamplerTest,testSharedStateSampler_1_oe_6_oe,commons-rng-sampling/src/test/java/org/apache/commons/rng/sampling/CombinationSamplerTest.java,,,,assert,unknown,standard,assertEquals
rng_320_1_7,commons-rng,CombinationSamplerTest,testSharedStateSampler_1_oe_7_oe,commons-rng-sampling/src/test/java/org/apache/commons/rng/sampling/CombinationSamplerTest.java,,,,assert,unknown,standard,assertEquals
rng_320_1_8,commons-rng,CombinationSamplerTest,testSharedStateSampler_1_oe_8_oe,commons-rng-sampling/src/test/java/org/apache/commons/rng/sampling/CombinationSamplerTest.java,,,,assert,unknown,standard,assertArrayEquals
rng_320_1_9,commons-rng,CombinationSamplerTest,testSharedStateSampler_1_oe_9_oe,commons-rng-sampling/src/test/java/org/apache/commons/rng/sampling/CombinationSamplerTest.java,,,,assert,unknown,standard,assertArrayEquals
rng_329_1_1,commons-rng,CollectionSamplerTest,testSharedStateSampler_1_oe_1_oe,commons-rng-sampling/src/test/java/org/apache/commons/rng/sampling/CollectionSamplerTest.java,,,,assert,unknown,standard,assertEquals
rng_329_1_2,commons-rng,CollectionSamplerTest,testSharedStateSampler_1_oe_2_oe,commons-rng-sampling/src/test/java/org/apache/commons/rng/sampling/CollectionSamplerTest.java,,,,assert,unknown,standard,assertEquals
rng_329_1_3,commons-rng,CollectionSamplerTest,testSharedStateSampler_1_oe_3_oe,commons-rng-sampling/src/test/java/org/apache/commons/rng/sampling/CollectionSamplerTest.java,,,,assert,unknown,standard,assertEquals
rng_329_1_4,commons-rng,CollectionSamplerTest,testSharedStateSampler_1_oe_4_oe,commons-rng-sampling/src/test/java/org/apache/commons/rng/sampling/CollectionSamplerTest.java,,,,assert,unknown,standard,assertEquals
rng_329_1_5,commons-rng,CollectionSamplerTest,testSharedStateSampler_1_oe_5_oe,commons-rng-sampling/src/test/java/org/apache/commons/rng/sampling/CollectionSamplerTest.java,,,,assert,unknown,standard,assertEquals
rng_329_1_6,commons-rng,CollectionSamplerTest,testSharedStateSampler_1_oe_6_oe,commons-rng-sampling/src/test/java/org/apache/commons/rng/sampling/CollectionSamplerTest.java,,,,assert,unknown,standard,assertEquals
rng_329_1_7,commons-rng,CollectionSamplerTest,testSharedStateSampler_1_oe_7_oe,commons-rng-sampling/src/test/java/org/apache/commons/rng/sampling/CollectionSamplerTest.java,,,,assert,unknown,standard,assertEquals
rng_329_1_8,commons-rng,CollectionSamplerTest,testSharedStateSampler_1_oe_8_oe,commons-rng-sampling/src/test/java/org/apache/commons/rng/sampling/CollectionSamplerTest.java,,,,assert,unknown,standard,assertArrayEquals
rng_329_1_9,commons-rng,CollectionSamplerTest,testSharedStateSampler_1_oe_9_oe,commons-rng-sampling/src/test/java/org/apache/commons/rng/sampling/CollectionSamplerTest.java,,,,assert,unknown,standard,assertArrayEquals
rng_368_1_1,commons-rng,GuideTableDiscreteSamplerTest,testSharedStateSampler_1_oe_1_oe,commons-rng-sampling/src/test/java/org/apache/commons/rng/sampling/distribution/GuideTableDiscreteSamplerTest.java,,,,assert,unknown,standard,assertEquals
rng_368_1_2,commons-rng,GuideTableDiscreteSamplerTest,testSharedStateSampler_1_oe_2_oe,commons-rng-sampling/src/test/java/org/apache/commons/rng/sampling/distribution/GuideTableDiscreteSamplerTest.java,,,,assert,unknown,standard,assertEquals
rng_368_1_3,commons-rng,GuideTableDiscreteSamplerTest,testSharedStateSampler_1_oe_3_oe,commons-rng-sampling/src/test/java/org/apache/commons/rng/sampling/distribution/GuideTableDiscreteSamplerTest.java,,,,assert,unknown,standard,assertEquals
rng_368_1_4,commons-rng,GuideTableDiscreteSamplerTest,testSharedStateSampler_1_oe_4_oe,commons-rng-sampling/src/test/java/org/apache/commons/rng/sampling/distribution/GuideTableDiscreteSamplerTest.java,,,,assert,unknown,standard,assertEquals
rng_368_1_5,commons-rng,GuideTableDiscreteSamplerTest,testSharedStateSampler_1_oe_5_oe,commons-rng-sampling/src/test/java/org/apache/commons/rng/sampling/distribution/GuideTableDiscreteSamplerTest.java,,,,assert,unknown,standard,assertEquals
rng_368_1_6,commons-rng,GuideTableDiscreteSamplerTest,testSharedStateSampler_1_oe_6_oe,commons-rng-sampling/src/test/java/org/apache/commons/rng/sampling/distribution/GuideTableDiscreteSamplerTest.java,,,,assert,unknown,standard,assertEquals
rng_368_1_7,commons-rng,GuideTableDiscreteSamplerTest,testSharedStateSampler_1_oe_7_oe,commons-rng-sampling/src/test/java/org/apache/commons/rng/sampling/distribution/GuideTableDiscreteSamplerTest.java,,,,assert,unknown,standard,assertEquals
rng_368_1_8,commons-rng,GuideTableDiscreteSamplerTest,testSharedStateSampler_1_oe_8_oe,commons-rng-sampling/src/test/java/org/apache/commons/rng/sampling/distribution/GuideTableDiscreteSamplerTest.java,,,,assert,unknown,standard,assertArrayEquals
rng_368_1_9,commons-rng,GuideTableDiscreteSamplerTest,testSharedStateSampler_1_oe_9_oe,commons-rng-sampling/src/test/java/org/apache/commons/rng/sampling/distribution/GuideTableDiscreteSamplerTest.java,,,,assert,unknown,standard,assertArrayEquals
rng_379_1_1,commons-rng,DirichletSamplerTest,testSharedStateSampler_1_oe_1_oe,commons-rng-sampling/src/test/java/org/apache/commons/rng/sampling/distribution/DirichletSamplerTest.java,,,,assert,unknown,standard,assertEquals
rng_379_1_2,commons-rng,DirichletSamplerTest,testSharedStateSampler_1_oe_2_oe,commons-rng-sampling/src/test/java/org/apache/commons/rng/sampling/distribution/DirichletSamplerTest.java,,,,assert,unknown,standard,assertEquals
rng_379_1_3,commons-rng,DirichletSamplerTest,testSharedStateSampler_1_oe_3_oe,commons-rng-sampling/src/test/java/org/apache/commons/rng/sampling/distribution/DirichletSamplerTest.java,,,,assert,unknown,standard,assertEquals
rng_379_1_4,commons-rng,DirichletSamplerTest,testSharedStateSampler_1_oe_4_oe,commons-rng-sampling/src/test/java/org/apache/commons/rng/sampling/distribution/DirichletSamplerTest.java,,,,assert,unknown,standard,assertEquals
rng_379_1_5,commons-rng,DirichletSamplerTest,testSharedStateSampler_1_oe_5_oe,commons-rng-sampling/src/test/java/org/apache/commons/rng/sampling/distribution/DirichletSamplerTest.java,,,,assert,unknown,standard,assertEquals
rng_379_1_6,commons-rng,DirichletSamplerTest,testSharedStateSampler_1_oe_6_oe,commons-rng-sampling/src/test/java/org/apache/commons/rng/sampling/distribution/DirichletSamplerTest.java,,,,assert,unknown,standard,assertEquals
rng_379_1_7,commons-rng,DirichletSamplerTest,testSharedStateSampler_1_oe_7_oe,commons-rng-sampling/src/test/java/org/apache/commons/rng/sampling/distribution/DirichletSamplerTest.java,,,,assert,unknown,standard,assertEquals
rng_379_1_8,commons-rng,DirichletSamplerTest,testSharedStateSampler_1_oe_8_oe,commons-rng-sampling/src/test/java/org/apache/commons/rng/sampling/distribution/DirichletSamplerTest.java,,,,assert,unknown,standard,assertArrayEquals
rng_379_1_9,commons-rng,DirichletSamplerTest,testSharedStateSampler_1_oe_9_oe,commons-rng-sampling/src/test/java/org/apache/commons/rng/sampling/distribution/DirichletSamplerTest.java,,,,assert,unknown,standard,assertArrayEquals
rng_380_1_1,commons-rng,DirichletSamplerTest,testSharedStateSamplerForSymmetricCase_1_oe_1_oe,commons-rng-sampling/src/test/java/org/apache/commons/rng/sampling/distribution/DirichletSamplerTest.java,,,,assert,unknown,standard,assertEquals
rng_380_1_2,commons-rng,DirichletSamplerTest,testSharedStateSamplerForSymmetricCase_1_oe_2_oe,commons-rng-sampling/src/test/java/org/apache/commons/rng/sampling/distribution/DirichletSamplerTest.java,,,,assert,unknown,standard,assertEquals
rng_380_1_3,commons-rng,DirichletSamplerTest,testSharedStateSamplerForSymmetricCase_1_oe_3_oe,commons-rng-sampling/src/test/java/org/apache/commons/rng/sampling/distribution/DirichletSamplerTest.java,,,,assert,unknown,standard,assertEquals
rng_380_1_4,commons-rng,DirichletSamplerTest,testSharedStateSamplerForSymmetricCase_1_oe_4_oe,commons-rng-sampling/src/test/java/org/apache/commons/rng/sampling/distribution/DirichletSamplerTest.java,,,,assert,unknown,standard,assertEquals
rng_380_1_5,commons-rng,DirichletSamplerTest,testSharedStateSamplerForSymmetricCase_1_oe_5_oe,commons-rng-sampling/src/test/java/org/apache/commons/rng/sampling/distribution/DirichletSamplerTest.java,,,,assert,unknown,standard,assertEquals
rng_380_1_6,commons-rng,DirichletSamplerTest,testSharedStateSamplerForSymmetricCase_1_oe_6_oe,commons-rng-sampling/src/test/java/org/apache/commons/rng/sampling/distribution/DirichletSamplerTest.java,,,,assert,unknown,standard,assertEquals
rng_380_1_7,commons-rng,DirichletSamplerTest,testSharedStateSamplerForSymmetricCase_1_oe_7_oe,commons-rng-sampling/src/test/java/org/apache/commons/rng/sampling/distribution/DirichletSamplerTest.java,,,,assert,unknown,standard,assertEquals
rng_380_1_8,commons-rng,DirichletSamplerTest,testSharedStateSamplerForSymmetricCase_1_oe_8_oe,commons-rng-sampling/src/test/java/org/apache/commons/rng/sampling/distribution/DirichletSamplerTest.java,,,,assert,unknown,standard,assertArrayEquals
rng_380_1_9,commons-rng,DirichletSamplerTest,testSharedStateSamplerForSymmetricCase_1_oe_9_oe,commons-rng-sampling/src/test/java/org/apache/commons/rng/sampling/distribution/DirichletSamplerTest.java,,,,assert,unknown,standard,assertArrayEquals
rng_381_1_1,commons-rng,DirichletSamplerTest,testSymmetricCaseMatchesGeneralCase_1_oe_1_oe,commons-rng-sampling/src/test/java/org/apache/commons/rng/sampling/distribution/DirichletSamplerTest.java,,,,assert,unknown,standard,assertEquals
rng_381_1_2,commons-rng,DirichletSamplerTest,testSymmetricCaseMatchesGeneralCase_1_oe_2_oe,commons-rng-sampling/src/test/java/org/apache/commons/rng/sampling/distribution/DirichletSamplerTest.java,,,,assert,unknown,standard,assertEquals
rng_381_1_3,commons-rng,DirichletSamplerTest,testSymmetricCaseMatchesGeneralCase_1_oe_3_oe,commons-rng-sampling/src/test/java/org/apache/commons/rng/sampling/distribution/DirichletSamplerTest.java,,,,assert,unknown,standard,assertEquals
rng_381_1_4,commons-rng,DirichletSamplerTest,testSymmetricCaseMatchesGeneralCase_1_oe_4_oe,commons-rng-sampling/src/test/java/org/apache/commons/rng/sampling/distribution/DirichletSamplerTest.java,,,,assert,unknown,standard,assertEquals
rng_381_1_5,commons-rng,DirichletSamplerTest,testSymmetricCaseMatchesGeneralCase_1_oe_5_oe,commons-rng-sampling/src/test/java/org/apache/commons/rng/sampling/distribution/DirichletSamplerTest.java,,,,assert,unknown,standard,assertEquals
rng_381_1_6,commons-rng,DirichletSamplerTest,testSymmetricCaseMatchesGeneralCase_1_oe_6_oe,commons-rng-sampling/src/test/java/org/apache/commons/rng/sampling/distribution/DirichletSamplerTest.java,,,,assert,unknown,standard,assertEquals
rng_381_1_7,commons-rng,DirichletSamplerTest,testSymmetricCaseMatchesGeneralCase_1_oe_7_oe,commons-rng-sampling/src/test/java/org/apache/commons/rng/sampling/distribution/DirichletSamplerTest.java,,,,assert,unknown,standard,assertEquals
rng_381_1_8,commons-rng,DirichletSamplerTest,testSymmetricCaseMatchesGeneralCase_1_oe_8_oe,commons-rng-sampling/src/test/java/org/apache/commons/rng/sampling/distribution/DirichletSamplerTest.java,,,,assert,unknown,standard,assertArrayEquals
rng_381_1_9,commons-rng,DirichletSamplerTest,testSymmetricCaseMatchesGeneralCase_1_oe_9_oe,commons-rng-sampling/src/test/java/org/apache/commons/rng/sampling/distribution/DirichletSamplerTest.java,,,,assert,unknown,standard,assertArrayEquals
rng_399_1_1,commons-rng,SmallMeanPoissonSamplerTest,testSharedStateSampler_1_oe_1_oe,commons-rng-sampling/src/test/java/org/apache/commons/rng/sampling/distribution/SmallMeanPoissonSamplerTest.java,,,,assert,unknown,standard,assertEquals
rng_399_1_2,commons-rng,SmallMeanPoissonSamplerTest,testSharedStateSampler_1_oe_2_oe,commons-rng-sampling/src/test/java/org/apache/commons/rng/sampling/distribution/SmallMeanPoissonSamplerTest.java,,,,assert,unknown,standard,assertEquals
rng_399_1_3,commons-rng,SmallMeanPoissonSamplerTest,testSharedStateSampler_1_oe_3_oe,commons-rng-sampling/src/test/java/org/apache/commons/rng/sampling/distribution/SmallMeanPoissonSamplerTest.java,,,,assert,unknown,standard,assertEquals
rng_399_1_4,commons-rng,SmallMeanPoissonSamplerTest,testSharedStateSampler_1_oe_4_oe,commons-rng-sampling/src/test/java/org/apache/commons/rng/sampling/distribution/SmallMeanPoissonSamplerTest.java,,,,assert,unknown,standard,assertEquals
rng_399_1_5,commons-rng,SmallMeanPoissonSamplerTest,testSharedStateSampler_1_oe_5_oe,commons-rng-sampling/src/test/java/org/apache/commons/rng/sampling/distribution/SmallMeanPoissonSamplerTest.java,,,,assert,unknown,standard,assertEquals
rng_399_1_6,commons-rng,SmallMeanPoissonSamplerTest,testSharedStateSampler_1_oe_6_oe,commons-rng-sampling/src/test/java/org/apache/commons/rng/sampling/distribution/SmallMeanPoissonSamplerTest.java,,,,assert,unknown,standard,assertEquals
rng_399_1_7,commons-rng,SmallMeanPoissonSamplerTest,testSharedStateSampler_1_oe_7_oe,commons-rng-sampling/src/test/java/org/apache/commons/rng/sampling/distribution/SmallMeanPoissonSamplerTest.java,,,,assert,unknown,standard,assertEquals
rng_399_1_8,commons-rng,SmallMeanPoissonSamplerTest,testSharedStateSampler_1_oe_8_oe,commons-rng-sampling/src/test/java/org/apache/commons/rng/sampling/distribution/SmallMeanPoissonSamplerTest.java,,,,assert,unknown,standard,assertArrayEquals
rng_399_1_9,commons-rng,SmallMeanPoissonSamplerTest,testSharedStateSampler_1_oe_9_oe,commons-rng-sampling/src/test/java/org/apache/commons/rng/sampling/distribution/SmallMeanPoissonSamplerTest.java,,,,assert,unknown,standard,assertArrayEquals
rng_423_1_1,commons-rng,KempSmallMeanPoissonSamplerTest,testSharedStateSampler_1_oe_1_oe,commons-rng-sampling/src/test/java/org/apache/commons/rng/sampling/distribution/KempSmallMeanPoissonSamplerTest.java,,,,assert,unknown,standard,assertEquals
rng_423_1_2,commons-rng,KempSmallMeanPoissonSamplerTest,testSharedStateSampler_1_oe_2_oe,commons-rng-sampling/src/test/java/org/apache/commons/rng/sampling/distribution/KempSmallMeanPoissonSamplerTest.java,,,,assert,unknown,standard,assertEquals
rng_423_1_3,commons-rng,KempSmallMeanPoissonSamplerTest,testSharedStateSampler_1_oe_3_oe,commons-rng-sampling/src/test/java/org/apache/commons/rng/sampling/distribution/KempSmallMeanPoissonSamplerTest.java,,,,assert,unknown,standard,assertEquals
rng_423_1_4,commons-rng,KempSmallMeanPoissonSamplerTest,testSharedStateSampler_1_oe_4_oe,commons-rng-sampling/src/test/java/org/apache/commons/rng/sampling/distribution/KempSmallMeanPoissonSamplerTest.java,,,,assert,unknown,standard,assertEquals
rng_423_1_5,commons-rng,KempSmallMeanPoissonSamplerTest,testSharedStateSampler_1_oe_5_oe,commons-rng-sampling/src/test/java/org/apache/commons/rng/sampling/distribution/KempSmallMeanPoissonSamplerTest.java,,,,assert,unknown,standard,assertEquals
rng_423_1_6,commons-rng,KempSmallMeanPoissonSamplerTest,testSharedStateSampler_1_oe_6_oe,commons-rng-sampling/src/test/java/org/apache/commons/rng/sampling/distribution/KempSmallMeanPoissonSamplerTest.java,,,,assert,unknown,standard,assertEquals
rng_423_1_7,commons-rng,KempSmallMeanPoissonSamplerTest,testSharedStateSampler_1_oe_7_oe,commons-rng-sampling/src/test/java/org/apache/commons/rng/sampling/distribution/KempSmallMeanPoissonSamplerTest.java,,,,assert,unknown,standard,assertEquals
rng_423_1_8,commons-rng,KempSmallMeanPoissonSamplerTest,testSharedStateSampler_1_oe_8_oe,commons-rng-sampling/src/test/java/org/apache/commons/rng/sampling/distribution/KempSmallMeanPoissonSamplerTest.java,,,,assert,unknown,standard,assertArrayEquals
rng_423_1_9,commons-rng,KempSmallMeanPoissonSamplerTest,testSharedStateSampler_1_oe_9_oe,commons-rng-sampling/src/test/java/org/apache/commons/rng/sampling/distribution/KempSmallMeanPoissonSamplerTest.java,,,,assert,unknown,standard,assertArrayEquals
rng_425_1_1,commons-rng,ZigguratNormalizedGaussianSamplerTest,testSharedStateSampler_1_oe_1_oe,commons-rng-sampling/src/test/java/org/apache/commons/rng/sampling/distribution/ZigguratNormalizedGaussianSamplerTest.java,,,,assert,unknown,standard,assertEquals
rng_425_1_2,commons-rng,ZigguratNormalizedGaussianSamplerTest,testSharedStateSampler_1_oe_2_oe,commons-rng-sampling/src/test/java/org/apache/commons/rng/sampling/distribution/ZigguratNormalizedGaussianSamplerTest.java,,,,assert,unknown,standard,assertEquals
rng_425_1_3,commons-rng,ZigguratNormalizedGaussianSamplerTest,testSharedStateSampler_1_oe_3_oe,commons-rng-sampling/src/test/java/org/apache/commons/rng/sampling/distribution/ZigguratNormalizedGaussianSamplerTest.java,,,,assert,unknown,standard,assertEquals
rng_425_1_4,commons-rng,ZigguratNormalizedGaussianSamplerTest,testSharedStateSampler_1_oe_4_oe,commons-rng-sampling/src/test/java/org/apache/commons/rng/sampling/distribution/ZigguratNormalizedGaussianSamplerTest.java,,,,assert,unknown,standard,assertEquals
rng_425_1_5,commons-rng,ZigguratNormalizedGaussianSamplerTest,testSharedStateSampler_1_oe_5_oe,commons-rng-sampling/src/test/java/org/apache/commons/rng/sampling/distribution/ZigguratNormalizedGaussianSamplerTest.java,,,,assert,unknown,standard,assertEquals
rng_425_1_6,commons-rng,ZigguratNormalizedGaussianSamplerTest,testSharedStateSampler_1_oe_6_oe,commons-rng-sampling/src/test/java/org/apache/commons/rng/sampling/distribution/ZigguratNormalizedGaussianSamplerTest.java,,,,assert,unknown,standard,assertEquals
rng_425_1_7,commons-rng,ZigguratNormalizedGaussianSamplerTest,testSharedStateSampler_1_oe_7_oe,commons-rng-sampling/src/test/java/org/apache/commons/rng/sampling/distribution/ZigguratNormalizedGaussianSamplerTest.java,,,,assert,unknown,standard,assertEquals
rng_425_1_8,commons-rng,ZigguratNormalizedGaussianSamplerTest,testSharedStateSampler_1_oe_8_oe,commons-rng-sampling/src/test/java/org/apache/commons/rng/sampling/distribution/ZigguratNormalizedGaussianSamplerTest.java,,,,assert,unknown,standard,assertArrayEquals
rng_425_1_9,commons-rng,ZigguratNormalizedGaussianSamplerTest,testSharedStateSampler_1_oe_9_oe,commons-rng-sampling/src/test/java/org/apache/commons/rng/sampling/distribution/ZigguratNormalizedGaussianSamplerTest.java,,,,assert,unknown,standard,assertArrayEquals
rng_426_1_1,commons-rng,InverseTransformDiscreteSamplerTest,testSharedStateSampler_1_oe_1_oe,commons-rng-sampling/src/test/java/org/apache/commons/rng/sampling/distribution/InverseTransformDiscreteSamplerTest.java,,,,assert,unknown,standard,assertEquals
rng_426_1_2,commons-rng,InverseTransformDiscreteSamplerTest,testSharedStateSampler_1_oe_2_oe,commons-rng-sampling/src/test/java/org/apache/commons/rng/sampling/distribution/InverseTransformDiscreteSamplerTest.java,,,,assert,unknown,standard,assertEquals
rng_426_1_3,commons-rng,InverseTransformDiscreteSamplerTest,testSharedStateSampler_1_oe_3_oe,commons-rng-sampling/src/test/java/org/apache/commons/rng/sampling/distribution/InverseTransformDiscreteSamplerTest.java,,,,assert,unknown,standard,assertEquals
rng_426_1_4,commons-rng,InverseTransformDiscreteSamplerTest,testSharedStateSampler_1_oe_4_oe,commons-rng-sampling/src/test/java/org/apache/commons/rng/sampling/distribution/InverseTransformDiscreteSamplerTest.java,,,,assert,unknown,standard,assertEquals
rng_426_1_5,commons-rng,InverseTransformDiscreteSamplerTest,testSharedStateSampler_1_oe_5_oe,commons-rng-sampling/src/test/java/org/apache/commons/rng/sampling/distribution/InverseTransformDiscreteSamplerTest.java,,,,assert,unknown,standard,assertEquals
rng_426_1_6,commons-rng,InverseTransformDiscreteSamplerTest,testSharedStateSampler_1_oe_6_oe,commons-rng-sampling/src/test/java/org/apache/commons/rng/sampling/distribution/InverseTransformDiscreteSamplerTest.java,,,,assert,unknown,standard,assertEquals
rng_426_1_7,commons-rng,InverseTransformDiscreteSamplerTest,testSharedStateSampler_1_oe_7_oe,commons-rng-sampling/src/test/java/org/apache/commons/rng/sampling/distribution/InverseTransformDiscreteSamplerTest.java,,,,assert,unknown,standard,assertEquals
rng_426_1_8,commons-rng,InverseTransformDiscreteSamplerTest,testSharedStateSampler_1_oe_8_oe,commons-rng-sampling/src/test/java/org/apache/commons/rng/sampling/distribution/InverseTransformDiscreteSamplerTest.java,,,,assert,unknown,standard,assertArrayEquals
rng_426_1_9,commons-rng,InverseTransformDiscreteSamplerTest,testSharedStateSampler_1_oe_9_oe,commons-rng-sampling/src/test/java/org/apache/commons/rng/sampling/distribution/InverseTransformDiscreteSamplerTest.java,,,,assert,unknown,standard,assertArrayEquals
rng_429_1_1,commons-rng,LevySamplerTest,testSharedStateSampler_1_oe_1_oe,commons-rng-sampling/src/test/java/org/apache/commons/rng/sampling/distribution/LevySamplerTest.java,,,,assert,unknown,standard,assertEquals
rng_429_1_2,commons-rng,LevySamplerTest,testSharedStateSampler_1_oe_2_oe,commons-rng-sampling/src/test/java/org/apache/commons/rng/sampling/distribution/LevySamplerTest.java,,,,assert,unknown,standard,assertEquals
rng_429_1_3,commons-rng,LevySamplerTest,testSharedStateSampler_1_oe_3_oe,commons-rng-sampling/src/test/java/org/apache/commons/rng/sampling/distribution/LevySamplerTest.java,,,,assert,unknown,standard,assertEquals
rng_429_1_4,commons-rng,LevySamplerTest,testSharedStateSampler_1_oe_4_oe,commons-rng-sampling/src/test/java/org/apache/commons/rng/sampling/distribution/LevySamplerTest.java,,,,assert,unknown,standard,assertEquals
rng_429_1_5,commons-rng,LevySamplerTest,testSharedStateSampler_1_oe_5_oe,commons-rng-sampling/src/test/java/org/apache/commons/rng/sampling/distribution/LevySamplerTest.java,,,,assert,unknown,standard,assertEquals
rng_429_1_6,commons-rng,LevySamplerTest,testSharedStateSampler_1_oe_6_oe,commons-rng-sampling/src/test/java/org/apache/commons/rng/sampling/distribution/LevySamplerTest.java,,,,assert,unknown,standard,assertEquals
rng_429_1_7,commons-rng,LevySamplerTest,testSharedStateSampler_1_oe_7_oe,commons-rng-sampling/src/test/java/org/apache/commons/rng/sampling/distribution/LevySamplerTest.java,,,,assert,unknown,standard,assertEquals
rng_429_1_8,commons-rng,LevySamplerTest,testSharedStateSampler_1_oe_8_oe,commons-rng-sampling/src/test/java/org/apache/commons/rng/sampling/distribution/LevySamplerTest.java,,,,assert,unknown,standard,assertArrayEquals
rng_429_1_9,commons-rng,LevySamplerTest,testSharedStateSampler_1_oe_9_oe,commons-rng-sampling/src/test/java/org/apache/commons/rng/sampling/distribution/LevySamplerTest.java,,,,assert,unknown,standard,assertArrayEquals
rng_500_1_1,commons-rng,InverseTransformParetoSamplerTest,testSharedStateSampler_1_oe_1_oe,commons-rng-sampling/src/test/java/org/apache/commons/rng/sampling/distribution/InverseTransformParetoSamplerTest.java,,,,assert,unknown,standard,assertEquals
rng_500_1_2,commons-rng,InverseTransformParetoSamplerTest,testSharedStateSampler_1_oe_2_oe,commons-rng-sampling/src/test/java/org/apache/commons/rng/sampling/distribution/InverseTransformParetoSamplerTest.java,,,,assert,unknown,standard,assertEquals
rng_500_1_3,commons-rng,InverseTransformParetoSamplerTest,testSharedStateSampler_1_oe_3_oe,commons-rng-sampling/src/test/java/org/apache/commons/rng/sampling/distribution/InverseTransformParetoSamplerTest.java,,,,assert,unknown,standard,assertEquals
rng_500_1_4,commons-rng,InverseTransformParetoSamplerTest,testSharedStateSampler_1_oe_4_oe,commons-rng-sampling/src/test/java/org/apache/commons/rng/sampling/distribution/InverseTransformParetoSamplerTest.java,,,,assert,unknown,standard,assertEquals
rng_500_1_5,commons-rng,InverseTransformParetoSamplerTest,testSharedStateSampler_1_oe_5_oe,commons-rng-sampling/src/test/java/org/apache/commons/rng/sampling/distribution/InverseTransformParetoSamplerTest.java,,,,assert,unknown,standard,assertEquals
rng_500_1_6,commons-rng,InverseTransformParetoSamplerTest,testSharedStateSampler_1_oe_6_oe,commons-rng-sampling/src/test/java/org/apache/commons/rng/sampling/distribution/InverseTransformParetoSamplerTest.java,,,,assert,unknown,standard,assertEquals
rng_500_1_7,commons-rng,InverseTransformParetoSamplerTest,testSharedStateSampler_1_oe_7_oe,commons-rng-sampling/src/test/java/org/apache/commons/rng/sampling/distribution/InverseTransformParetoSamplerTest.java,,,,assert,unknown,standard,assertEquals
rng_500_1_8,commons-rng,InverseTransformParetoSamplerTest,testSharedStateSampler_1_oe_8_oe,commons-rng-sampling/src/test/java/org/apache/commons/rng/sampling/distribution/InverseTransformParetoSamplerTest.java,,,,assert,unknown,standard,assertArrayEquals
rng_500_1_9,commons-rng,InverseTransformParetoSamplerTest,testSharedStateSampler_1_oe_9_oe,commons-rng-sampling/src/test/java/org/apache/commons/rng/sampling/distribution/InverseTransformParetoSamplerTest.java,,,,assert,unknown,standard,assertArrayEquals
rng_501_1_1,commons-rng,MarsagliaNormalisedGaussianSamplerTest,testSharedStateSampler_1_oe_1_oe,commons-rng-sampling/src/test/java/org/apache/commons/rng/sampling/distribution/MarsagliaNormalisedGaussianSamplerTest.java,,,,assert,unknown,standard,assertEquals
rng_501_1_2,commons-rng,MarsagliaNormalisedGaussianSamplerTest,testSharedStateSampler_1_oe_2_oe,commons-rng-sampling/src/test/java/org/apache/commons/rng/sampling/distribution/MarsagliaNormalisedGaussianSamplerTest.java,,,,assert,unknown,standard,assertEquals
rng_501_1_3,commons-rng,MarsagliaNormalisedGaussianSamplerTest,testSharedStateSampler_1_oe_3_oe,commons-rng-sampling/src/test/java/org/apache/commons/rng/sampling/distribution/MarsagliaNormalisedGaussianSamplerTest.java,,,,assert,unknown,standard,assertEquals
rng_501_1_4,commons-rng,MarsagliaNormalisedGaussianSamplerTest,testSharedStateSampler_1_oe_4_oe,commons-rng-sampling/src/test/java/org/apache/commons/rng/sampling/distribution/MarsagliaNormalisedGaussianSamplerTest.java,,,,assert,unknown,standard,assertEquals
rng_501_1_5,commons-rng,MarsagliaNormalisedGaussianSamplerTest,testSharedStateSampler_1_oe_5_oe,commons-rng-sampling/src/test/java/org/apache/commons/rng/sampling/distribution/MarsagliaNormalisedGaussianSamplerTest.java,,,,assert,unknown,standard,assertEquals
rng_501_1_6,commons-rng,MarsagliaNormalisedGaussianSamplerTest,testSharedStateSampler_1_oe_6_oe,commons-rng-sampling/src/test/java/org/apache/commons/rng/sampling/distribution/MarsagliaNormalisedGaussianSamplerTest.java,,,,assert,unknown,standard,assertEquals
rng_501_1_7,commons-rng,MarsagliaNormalisedGaussianSamplerTest,testSharedStateSampler_1_oe_7_oe,commons-rng-sampling/src/test/java/org/apache/commons/rng/sampling/distribution/MarsagliaNormalisedGaussianSamplerTest.java,,,,assert,unknown,standard,assertEquals
rng_501_1_8,commons-rng,MarsagliaNormalisedGaussianSamplerTest,testSharedStateSampler_1_oe_8_oe,commons-rng-sampling/src/test/java/org/apache/commons/rng/sampling/distribution/MarsagliaNormalisedGaussianSamplerTest.java,,,,assert,unknown,standard,assertArrayEquals
rng_501_1_9,commons-rng,MarsagliaNormalisedGaussianSamplerTest,testSharedStateSampler_1_oe_9_oe,commons-rng-sampling/src/test/java/org/apache/commons/rng/sampling/distribution/MarsagliaNormalisedGaussianSamplerTest.java,,,,assert,unknown,standard,assertArrayEquals
rng_539_1_1,commons-rng,StableSamplerTest,testSpecializedBeta0CMSImplementation_1_oe_1_oe,commons-rng-sampling/src/test/java/org/apache/commons/rng/sampling/distribution/StableSamplerTest.java,,,,assert,unknown,standard,assertEquals
rng_539_1_2,commons-rng,StableSamplerTest,testSpecializedBeta0CMSImplementation_1_oe_2_oe,commons-rng-sampling/src/test/java/org/apache/commons/rng/sampling/distribution/StableSamplerTest.java,,,,assert,unknown,standard,assertEquals
rng_539_1_3,commons-rng,StableSamplerTest,testSpecializedBeta0CMSImplementation_1_oe_3_oe,commons-rng-sampling/src/test/java/org/apache/commons/rng/sampling/distribution/StableSamplerTest.java,,,,assert,unknown,standard,assertEquals
rng_539_1_4,commons-rng,StableSamplerTest,testSpecializedBeta0CMSImplementation_1_oe_4_oe,commons-rng-sampling/src/test/java/org/apache/commons/rng/sampling/distribution/StableSamplerTest.java,,,,assert,unknown,standard,assertEquals
rng_539_1_5,commons-rng,StableSamplerTest,testSpecializedBeta0CMSImplementation_1_oe_5_oe,commons-rng-sampling/src/test/java/org/apache/commons/rng/sampling/distribution/StableSamplerTest.java,,,,assert,unknown,standard,assertEquals
rng_539_1_6,commons-rng,StableSamplerTest,testSpecializedBeta0CMSImplementation_1_oe_6_oe,commons-rng-sampling/src/test/java/org/apache/commons/rng/sampling/distribution/StableSamplerTest.java,,,,assert,unknown,standard,assertEquals
rng_539_1_7,commons-rng,StableSamplerTest,testSpecializedBeta0CMSImplementation_1_oe_7_oe,commons-rng-sampling/src/test/java/org/apache/commons/rng/sampling/distribution/StableSamplerTest.java,,,,assert,unknown,standard,assertEquals
rng_539_1_8,commons-rng,StableSamplerTest,testSpecializedBeta0CMSImplementation_1_oe_8_oe,commons-rng-sampling/src/test/java/org/apache/commons/rng/sampling/distribution/StableSamplerTest.java,,,,assert,unknown,standard,assertArrayEquals
rng_539_1_9,commons-rng,StableSamplerTest,testSpecializedBeta0CMSImplementation_1_oe_9_oe,commons-rng-sampling/src/test/java/org/apache/commons/rng/sampling/distribution/StableSamplerTest.java,,,,assert,unknown,standard,assertArrayEquals
rng_540_1_1,commons-rng,StableSamplerTest,testSpecializedBeta0WeronImplementation_1_oe_1_oe,commons-rng-sampling/src/test/java/org/apache/commons/rng/sampling/distribution/StableSamplerTest.java,,,,assert,unknown,standard,assertEquals
rng_540_1_2,commons-rng,StableSamplerTest,testSpecializedBeta0WeronImplementation_1_oe_2_oe,commons-rng-sampling/src/test/java/org/apache/commons/rng/sampling/distribution/StableSamplerTest.java,,,,assert,unknown,standard,assertEquals
rng_540_1_3,commons-rng,StableSamplerTest,testSpecializedBeta0WeronImplementation_1_oe_3_oe,commons-rng-sampling/src/test/java/org/apache/commons/rng/sampling/distribution/StableSamplerTest.java,,,,assert,unknown,standard,assertEquals
rng_540_1_4,commons-rng,StableSamplerTest,testSpecializedBeta0WeronImplementation_1_oe_4_oe,commons-rng-sampling/src/test/java/org/apache/commons/rng/sampling/distribution/StableSamplerTest.java,,,,assert,unknown,standard,assertEquals
rng_540_1_5,commons-rng,StableSamplerTest,testSpecializedBeta0WeronImplementation_1_oe_5_oe,commons-rng-sampling/src/test/java/org/apache/commons/rng/sampling/distribution/StableSamplerTest.java,,,,assert,unknown,standard,assertEquals
rng_540_1_6,commons-rng,StableSamplerTest,testSpecializedBeta0WeronImplementation_1_oe_6_oe,commons-rng-sampling/src/test/java/org/apache/commons/rng/sampling/distribution/StableSamplerTest.java,,,,assert,unknown,standard,assertEquals
rng_540_1_7,commons-rng,StableSamplerTest,testSpecializedBeta0WeronImplementation_1_oe_7_oe,commons-rng-sampling/src/test/java/org/apache/commons/rng/sampling/distribution/StableSamplerTest.java,,,,assert,unknown,standard,assertEquals
rng_540_1_8,commons-rng,StableSamplerTest,testSpecializedBeta0WeronImplementation_1_oe_8_oe,commons-rng-sampling/src/test/java/org/apache/commons/rng/sampling/distribution/StableSamplerTest.java,,,,assert,unknown,standard,assertArrayEquals
rng_540_1_9,commons-rng,StableSamplerTest,testSpecializedBeta0WeronImplementation_1_oe_9_oe,commons-rng-sampling/src/test/java/org/apache/commons/rng/sampling/distribution/StableSamplerTest.java,,,,assert,unknown,standard,assertArrayEquals
rng_552_1_1,commons-rng,LogNormalSamplerTest,testSharedStateSampler_1_oe_1_oe,commons-rng-sampling/src/test/java/org/apache/commons/rng/sampling/distribution/LogNormalSamplerTest.java,,,,assert,unknown,standard,assertEquals
rng_552_1_2,commons-rng,LogNormalSamplerTest,testSharedStateSampler_1_oe_2_oe,commons-rng-sampling/src/test/java/org/apache/commons/rng/sampling/distribution/LogNormalSamplerTest.java,,,,assert,unknown,standard,assertEquals
rng_552_1_3,commons-rng,LogNormalSamplerTest,testSharedStateSampler_1_oe_3_oe,commons-rng-sampling/src/test/java/org/apache/commons/rng/sampling/distribution/LogNormalSamplerTest.java,,,,assert,unknown,standard,assertEquals
rng_552_1_4,commons-rng,LogNormalSamplerTest,testSharedStateSampler_1_oe_4_oe,commons-rng-sampling/src/test/java/org/apache/commons/rng/sampling/distribution/LogNormalSamplerTest.java,,,,assert,unknown,standard,assertEquals
rng_552_1_5,commons-rng,LogNormalSamplerTest,testSharedStateSampler_1_oe_5_oe,commons-rng-sampling/src/test/java/org/apache/commons/rng/sampling/distribution/LogNormalSamplerTest.java,,,,assert,unknown,standard,assertEquals
rng_552_1_6,commons-rng,LogNormalSamplerTest,testSharedStateSampler_1_oe_6_oe,commons-rng-sampling/src/test/java/org/apache/commons/rng/sampling/distribution/LogNormalSamplerTest.java,,,,assert,unknown,standard,assertEquals
rng_552_1_7,commons-rng,LogNormalSamplerTest,testSharedStateSampler_1_oe_7_oe,commons-rng-sampling/src/test/java/org/apache/commons/rng/sampling/distribution/LogNormalSamplerTest.java,,,,assert,unknown,standard,assertEquals
rng_552_1_8,commons-rng,LogNormalSamplerTest,testSharedStateSampler_1_oe_8_oe,commons-rng-sampling/src/test/java/org/apache/commons/rng/sampling/distribution/LogNormalSamplerTest.java,,,,assert,unknown,standard,assertArrayEquals
rng_552_1_9,commons-rng,LogNormalSamplerTest,testSharedStateSampler_1_oe_9_oe,commons-rng-sampling/src/test/java/org/apache/commons/rng/sampling/distribution/LogNormalSamplerTest.java,,,,assert,unknown,standard,assertArrayEquals
rng_556_1_1,commons-rng,InverseTransformContinuousSamplerTest,testSharedStateSampler_1_oe_1_oe,commons-rng-sampling/src/test/java/org/apache/commons/rng/sampling/distribution/InverseTransformContinuousSamplerTest.java,,,,assert,unknown,standard,assertEquals
rng_556_1_2,commons-rng,InverseTransformContinuousSamplerTest,testSharedStateSampler_1_oe_2_oe,commons-rng-sampling/src/test/java/org/apache/commons/rng/sampling/distribution/InverseTransformContinuousSamplerTest.java,,,,assert,unknown,standard,assertEquals
rng_556_1_3,commons-rng,InverseTransformContinuousSamplerTest,testSharedStateSampler_1_oe_3_oe,commons-rng-sampling/src/test/java/org/apache/commons/rng/sampling/distribution/InverseTransformContinuousSamplerTest.java,,,,assert,unknown,standard,assertEquals
rng_556_1_4,commons-rng,InverseTransformContinuousSamplerTest,testSharedStateSampler_1_oe_4_oe,commons-rng-sampling/src/test/java/org/apache/commons/rng/sampling/distribution/InverseTransformContinuousSamplerTest.java,,,,assert,unknown,standard,assertEquals
rng_556_1_5,commons-rng,InverseTransformContinuousSamplerTest,testSharedStateSampler_1_oe_5_oe,commons-rng-sampling/src/test/java/org/apache/commons/rng/sampling/distribution/InverseTransformContinuousSamplerTest.java,,,,assert,unknown,standard,assertEquals
rng_556_1_6,commons-rng,InverseTransformContinuousSamplerTest,testSharedStateSampler_1_oe_6_oe,commons-rng-sampling/src/test/java/org/apache/commons/rng/sampling/distribution/InverseTransformContinuousSamplerTest.java,,,,assert,unknown,standard,assertEquals
rng_556_1_7,commons-rng,InverseTransformContinuousSamplerTest,testSharedStateSampler_1_oe_7_oe,commons-rng-sampling/src/test/java/org/apache/commons/rng/sampling/distribution/InverseTransformContinuousSamplerTest.java,,,,assert,unknown,standard,assertEquals
rng_556_1_8,commons-rng,InverseTransformContinuousSamplerTest,testSharedStateSampler_1_oe_8_oe,commons-rng-sampling/src/test/java/org/apache/commons/rng/sampling/distribution/InverseTransformContinuousSamplerTest.java,,,,assert,unknown,standard,assertArrayEquals
rng_556_1_9,commons-rng,InverseTransformContinuousSamplerTest,testSharedStateSampler_1_oe_9_oe,commons-rng-sampling/src/test/java/org/apache/commons/rng/sampling/distribution/InverseTransformContinuousSamplerTest.java,,,,assert,unknown,standard,assertArrayEquals
rng_566_1_1,commons-rng,BoxMullerNormalisedGaussianSamplerTest,testSharedStateSampler_1_oe_1_oe,commons-rng-sampling/src/test/java/org/apache/commons/rng/sampling/distribution/BoxMullerNormalisedGaussianSamplerTest.java,,,,assert,unknown,standard,assertEquals
rng_566_1_2,commons-rng,BoxMullerNormalisedGaussianSamplerTest,testSharedStateSampler_1_oe_2_oe,commons-rng-sampling/src/test/java/org/apache/commons/rng/sampling/distribution/BoxMullerNormalisedGaussianSamplerTest.java,,,,assert,unknown,standard,assertEquals
rng_566_1_3,commons-rng,BoxMullerNormalisedGaussianSamplerTest,testSharedStateSampler_1_oe_3_oe,commons-rng-sampling/src/test/java/org/apache/commons/rng/sampling/distribution/BoxMullerNormalisedGaussianSamplerTest.java,,,,assert,unknown,standard,assertEquals
rng_566_1_4,commons-rng,BoxMullerNormalisedGaussianSamplerTest,testSharedStateSampler_1_oe_4_oe,commons-rng-sampling/src/test/java/org/apache/commons/rng/sampling/distribution/BoxMullerNormalisedGaussianSamplerTest.java,,,,assert,unknown,standard,assertEquals
rng_566_1_5,commons-rng,BoxMullerNormalisedGaussianSamplerTest,testSharedStateSampler_1_oe_5_oe,commons-rng-sampling/src/test/java/org/apache/commons/rng/sampling/distribution/BoxMullerNormalisedGaussianSamplerTest.java,,,,assert,unknown,standard,assertEquals
rng_566_1_6,commons-rng,BoxMullerNormalisedGaussianSamplerTest,testSharedStateSampler_1_oe_6_oe,commons-rng-sampling/src/test/java/org/apache/commons/rng/sampling/distribution/BoxMullerNormalisedGaussianSamplerTest.java,,,,assert,unknown,standard,assertEquals
rng_566_1_7,commons-rng,BoxMullerNormalisedGaussianSamplerTest,testSharedStateSampler_1_oe_7_oe,commons-rng-sampling/src/test/java/org/apache/commons/rng/sampling/distribution/BoxMullerNormalisedGaussianSamplerTest.java,,,,assert,unknown,standard,assertEquals
rng_566_1_8,commons-rng,BoxMullerNormalisedGaussianSamplerTest,testSharedStateSampler_1_oe_8_oe,commons-rng-sampling/src/test/java/org/apache/commons/rng/sampling/distribution/BoxMullerNormalisedGaussianSamplerTest.java,,,,assert,unknown,standard,assertArrayEquals
rng_566_1_9,commons-rng,BoxMullerNormalisedGaussianSamplerTest,testSharedStateSampler_1_oe_9_oe,commons-rng-sampling/src/test/java/org/apache/commons/rng/sampling/distribution/BoxMullerNormalisedGaussianSamplerTest.java,,,,assert,unknown,standard,assertArrayEquals
rng_569_1_1,commons-rng,RejectionInversionZipfSamplerTest,testSharedStateSampler_1_oe_1_oe,commons-rng-sampling/src/test/java/org/apache/commons/rng/sampling/distribution/RejectionInversionZipfSamplerTest.java,,,,assert,unknown,standard,assertEquals
rng_569_1_2,commons-rng,RejectionInversionZipfSamplerTest,testSharedStateSampler_1_oe_2_oe,commons-rng-sampling/src/test/java/org/apache/commons/rng/sampling/distribution/RejectionInversionZipfSamplerTest.java,,,,assert,unknown,standard,assertEquals
rng_569_1_3,commons-rng,RejectionInversionZipfSamplerTest,testSharedStateSampler_1_oe_3_oe,commons-rng-sampling/src/test/java/org/apache/commons/rng/sampling/distribution/RejectionInversionZipfSamplerTest.java,,,,assert,unknown,standard,assertEquals
rng_569_1_4,commons-rng,RejectionInversionZipfSamplerTest,testSharedStateSampler_1_oe_4_oe,commons-rng-sampling/src/test/java/org/apache/commons/rng/sampling/distribution/RejectionInversionZipfSamplerTest.java,,,,assert,unknown,standard,assertEquals
rng_569_1_5,commons-rng,RejectionInversionZipfSamplerTest,testSharedStateSampler_1_oe_5_oe,commons-rng-sampling/src/test/java/org/apache/commons/rng/sampling/distribution/RejectionInversionZipfSamplerTest.java,,,,assert,unknown,standard,assertEquals
rng_569_1_6,commons-rng,RejectionInversionZipfSamplerTest,testSharedStateSampler_1_oe_6_oe,commons-rng-sampling/src/test/java/org/apache/commons/rng/sampling/distribution/RejectionInversionZipfSamplerTest.java,,,,assert,unknown,standard,assertEquals
rng_569_1_7,commons-rng,RejectionInversionZipfSamplerTest,testSharedStateSampler_1_oe_7_oe,commons-rng-sampling/src/test/java/org/apache/commons/rng/sampling/distribution/RejectionInversionZipfSamplerTest.java,,,,assert,unknown,standard,assertEquals
rng_569_1_8,commons-rng,RejectionInversionZipfSamplerTest,testSharedStateSampler_1_oe_8_oe,commons-rng-sampling/src/test/java/org/apache/commons/rng/sampling/distribution/RejectionInversionZipfSamplerTest.java,,,,assert,unknown,standard,assertArrayEquals
rng_569_1_9,commons-rng,RejectionInversionZipfSamplerTest,testSharedStateSampler_1_oe_9_oe,commons-rng-sampling/src/test/java/org/apache/commons/rng/sampling/distribution/RejectionInversionZipfSamplerTest.java,,,,assert,unknown,standard,assertArrayEquals
rng_574_1_1,commons-rng,ZigguratSamplerTest,testExponentialSharedStateSampler_1_oe_1_oe,commons-rng-sampling/src/test/java/org/apache/commons/rng/sampling/distribution/ZigguratSamplerTest.java,,,,assert,unknown,standard,assertEquals
rng_574_1_2,commons-rng,ZigguratSamplerTest,testExponentialSharedStateSampler_1_oe_2_oe,commons-rng-sampling/src/test/java/org/apache/commons/rng/sampling/distribution/ZigguratSamplerTest.java,,,,assert,unknown,standard,assertEquals
rng_574_1_3,commons-rng,ZigguratSamplerTest,testExponentialSharedStateSampler_1_oe_3_oe,commons-rng-sampling/src/test/java/org/apache/commons/rng/sampling/distribution/ZigguratSamplerTest.java,,,,assert,unknown,standard,assertEquals
rng_574_1_4,commons-rng,ZigguratSamplerTest,testExponentialSharedStateSampler_1_oe_4_oe,commons-rng-sampling/src/test/java/org/apache/commons/rng/sampling/distribution/ZigguratSamplerTest.java,,,,assert,unknown,standard,assertEquals
rng_574_1_5,commons-rng,ZigguratSamplerTest,testExponentialSharedStateSampler_1_oe_5_oe,commons-rng-sampling/src/test/java/org/apache/commons/rng/sampling/distribution/ZigguratSamplerTest.java,,,,assert,unknown,standard,assertEquals
rng_574_1_6,commons-rng,ZigguratSamplerTest,testExponentialSharedStateSampler_1_oe_6_oe,commons-rng-sampling/src/test/java/org/apache/commons/rng/sampling/distribution/ZigguratSamplerTest.java,,,,assert,unknown,standard,assertEquals
rng_574_1_7,commons-rng,ZigguratSamplerTest,testExponentialSharedStateSampler_1_oe_7_oe,commons-rng-sampling/src/test/java/org/apache/commons/rng/sampling/distribution/ZigguratSamplerTest.java,,,,assert,unknown,standard,assertEquals
rng_574_1_8,commons-rng,ZigguratSamplerTest,testExponentialSharedStateSampler_1_oe_8_oe,commons-rng-sampling/src/test/java/org/apache/commons/rng/sampling/distribution/ZigguratSamplerTest.java,,,,assert,unknown,standard,assertArrayEquals
rng_574_1_9,commons-rng,ZigguratSamplerTest,testExponentialSharedStateSampler_1_oe_9_oe,commons-rng-sampling/src/test/java/org/apache/commons/rng/sampling/distribution/ZigguratSamplerTest.java,,,,assert,unknown,standard,assertArrayEquals
rng_575_1_1,commons-rng,ZigguratSamplerTest,testExponentialSharedStateSamplerWithMean_1_oe_1_oe,commons-rng-sampling/src/test/java/org/apache/commons/rng/sampling/distribution/ZigguratSamplerTest.java,,,,assert,unknown,standard,assertEquals
rng_575_1_2,commons-rng,ZigguratSamplerTest,testExponentialSharedStateSamplerWithMean_1_oe_2_oe,commons-rng-sampling/src/test/java/org/apache/commons/rng/sampling/distribution/ZigguratSamplerTest.java,,,,assert,unknown,standard,assertEquals
rng_575_1_3,commons-rng,ZigguratSamplerTest,testExponentialSharedStateSamplerWithMean_1_oe_3_oe,commons-rng-sampling/src/test/java/org/apache/commons/rng/sampling/distribution/ZigguratSamplerTest.java,,,,assert,unknown,standard,assertEquals
rng_575_1_4,commons-rng,ZigguratSamplerTest,testExponentialSharedStateSamplerWithMean_1_oe_4_oe,commons-rng-sampling/src/test/java/org/apache/commons/rng/sampling/distribution/ZigguratSamplerTest.java,,,,assert,unknown,standard,assertEquals
rng_575_1_5,commons-rng,ZigguratSamplerTest,testExponentialSharedStateSamplerWithMean_1_oe_5_oe,commons-rng-sampling/src/test/java/org/apache/commons/rng/sampling/distribution/ZigguratSamplerTest.java,,,,assert,unknown,standard,assertEquals
rng_575_1_6,commons-rng,ZigguratSamplerTest,testExponentialSharedStateSamplerWithMean_1_oe_6_oe,commons-rng-sampling/src/test/java/org/apache/commons/rng/sampling/distribution/ZigguratSamplerTest.java,,,,assert,unknown,standard,assertEquals
rng_575_1_7,commons-rng,ZigguratSamplerTest,testExponentialSharedStateSamplerWithMean_1_oe_7_oe,commons-rng-sampling/src/test/java/org/apache/commons/rng/sampling/distribution/ZigguratSamplerTest.java,,,,assert,unknown,standard,assertEquals
rng_575_1_8,commons-rng,ZigguratSamplerTest,testExponentialSharedStateSamplerWithMean_1_oe_8_oe,commons-rng-sampling/src/test/java/org/apache/commons/rng/sampling/distribution/ZigguratSamplerTest.java,,,,assert,unknown,standard,assertArrayEquals
rng_575_1_9,commons-rng,ZigguratSamplerTest,testExponentialSharedStateSamplerWithMean_1_oe_9_oe,commons-rng-sampling/src/test/java/org/apache/commons/rng/sampling/distribution/ZigguratSamplerTest.java,,,,assert,unknown,standard,assertArrayEquals
rng_576_1_1,commons-rng,ZigguratSamplerTest,testGaussianSharedStateSampler_1_oe_1_oe,commons-rng-sampling/src/test/java/org/apache/commons/rng/sampling/distribution/ZigguratSamplerTest.java,,,,assert,unknown,standard,assertEquals
rng_576_1_2,commons-rng,ZigguratSamplerTest,testGaussianSharedStateSampler_1_oe_2_oe,commons-rng-sampling/src/test/java/org/apache/commons/rng/sampling/distribution/ZigguratSamplerTest.java,,,,assert,unknown,standard,assertEquals
rng_576_1_3,commons-rng,ZigguratSamplerTest,testGaussianSharedStateSampler_1_oe_3_oe,commons-rng-sampling/src/test/java/org/apache/commons/rng/sampling/distribution/ZigguratSamplerTest.java,,,,assert,unknown,standard,assertEquals
rng_576_1_4,commons-rng,ZigguratSamplerTest,testGaussianSharedStateSampler_1_oe_4_oe,commons-rng-sampling/src/test/java/org/apache/commons/rng/sampling/distribution/ZigguratSamplerTest.java,,,,assert,unknown,standard,assertEquals
rng_576_1_5,commons-rng,ZigguratSamplerTest,testGaussianSharedStateSampler_1_oe_5_oe,commons-rng-sampling/src/test/java/org/apache/commons/rng/sampling/distribution/ZigguratSamplerTest.java,,,,assert,unknown,standard,assertEquals
rng_576_1_6,commons-rng,ZigguratSamplerTest,testGaussianSharedStateSampler_1_oe_6_oe,commons-rng-sampling/src/test/java/org/apache/commons/rng/sampling/distribution/ZigguratSamplerTest.java,,,,assert,unknown,standard,assertEquals
rng_576_1_7,commons-rng,ZigguratSamplerTest,testGaussianSharedStateSampler_1_oe_7_oe,commons-rng-sampling/src/test/java/org/apache/commons/rng/sampling/distribution/ZigguratSamplerTest.java,,,,assert,unknown,standard,assertEquals
rng_576_1_8,commons-rng,ZigguratSamplerTest,testGaussianSharedStateSampler_1_oe_8_oe,commons-rng-sampling/src/test/java/org/apache/commons/rng/sampling/distribution/ZigguratSamplerTest.java,,,,assert,unknown,standard,assertArrayEquals
rng_576_1_9,commons-rng,ZigguratSamplerTest,testGaussianSharedStateSampler_1_oe_9_oe,commons-rng-sampling/src/test/java/org/apache/commons/rng/sampling/distribution/ZigguratSamplerTest.java,,,,assert,unknown,standard,assertArrayEquals
rng_579_1_1,commons-rng,AhrensDieterExponentialSamplerTest,testSharedStateSampler_1_oe_1_oe,commons-rng-sampling/src/test/java/org/apache/commons/rng/sampling/distribution/AhrensDieterExponentialSamplerTest.java,,,,assert,unknown,standard,assertEquals
rng_579_1_2,commons-rng,AhrensDieterExponentialSamplerTest,testSharedStateSampler_1_oe_2_oe,commons-rng-sampling/src/test/java/org/apache/commons/rng/sampling/distribution/AhrensDieterExponentialSamplerTest.java,,,,assert,unknown,standard,assertEquals
rng_579_1_3,commons-rng,AhrensDieterExponentialSamplerTest,testSharedStateSampler_1_oe_3_oe,commons-rng-sampling/src/test/java/org/apache/commons/rng/sampling/distribution/AhrensDieterExponentialSamplerTest.java,,,,assert,unknown,standard,assertEquals
rng_579_1_4,commons-rng,AhrensDieterExponentialSamplerTest,testSharedStateSampler_1_oe_4_oe,commons-rng-sampling/src/test/java/org/apache/commons/rng/sampling/distribution/AhrensDieterExponentialSamplerTest.java,,,,assert,unknown,standard,assertEquals
rng_579_1_5,commons-rng,AhrensDieterExponentialSamplerTest,testSharedStateSampler_1_oe_5_oe,commons-rng-sampling/src/test/java/org/apache/commons/rng/sampling/distribution/AhrensDieterExponentialSamplerTest.java,,,,assert,unknown,standard,assertEquals
rng_579_1_6,commons-rng,AhrensDieterExponentialSamplerTest,testSharedStateSampler_1_oe_6_oe,commons-rng-sampling/src/test/java/org/apache/commons/rng/sampling/distribution/AhrensDieterExponentialSamplerTest.java,,,,assert,unknown,standard,assertEquals
rng_579_1_7,commons-rng,AhrensDieterExponentialSamplerTest,testSharedStateSampler_1_oe_7_oe,commons-rng-sampling/src/test/java/org/apache/commons/rng/sampling/distribution/AhrensDieterExponentialSamplerTest.java,,,,assert,unknown,standard,assertEquals
rng_579_1_8,commons-rng,AhrensDieterExponentialSamplerTest,testSharedStateSampler_1_oe_8_oe,commons-rng-sampling/src/test/java/org/apache/commons/rng/sampling/distribution/AhrensDieterExponentialSamplerTest.java,,,,assert,unknown,standard,assertArrayEquals
rng_579_1_9,commons-rng,AhrensDieterExponentialSamplerTest,testSharedStateSampler_1_oe_9_oe,commons-rng-sampling/src/test/java/org/apache/commons/rng/sampling/distribution/AhrensDieterExponentialSamplerTest.java,,,,assert,unknown,standard,assertArrayEquals
rng_585_1_1,commons-rng,ContinuousUniformSamplerTest,testSamplerWithBoundsExcluded_1_oe_1_oe,commons-rng-sampling/src/test/java/org/apache/commons/rng/sampling/distribution/ContinuousUniformSamplerTest.java,,,,assert,unknown,standard,assertEquals
rng_585_1_2,commons-rng,ContinuousUniformSamplerTest,testSamplerWithBoundsExcluded_1_oe_2_oe,commons-rng-sampling/src/test/java/org/apache/commons/rng/sampling/distribution/ContinuousUniformSamplerTest.java,,,,assert,unknown,standard,assertEquals
rng_585_1_3,commons-rng,ContinuousUniformSamplerTest,testSamplerWithBoundsExcluded_1_oe_3_oe,commons-rng-sampling/src/test/java/org/apache/commons/rng/sampling/distribution/ContinuousUniformSamplerTest.java,,,,assert,unknown,standard,assertEquals
rng_585_1_4,commons-rng,ContinuousUniformSamplerTest,testSamplerWithBoundsExcluded_1_oe_4_oe,commons-rng-sampling/src/test/java/org/apache/commons/rng/sampling/distribution/ContinuousUniformSamplerTest.java,,,,assert,unknown,standard,assertEquals
rng_585_1_5,commons-rng,ContinuousUniformSamplerTest,testSamplerWithBoundsExcluded_1_oe_5_oe,commons-rng-sampling/src/test/java/org/apache/commons/rng/sampling/distribution/ContinuousUniformSamplerTest.java,,,,assert,unknown,standard,assertEquals
rng_585_1_6,commons-rng,ContinuousUniformSamplerTest,testSamplerWithBoundsExcluded_1_oe_6_oe,commons-rng-sampling/src/test/java/org/apache/commons/rng/sampling/distribution/ContinuousUniformSamplerTest.java,,,,assert,unknown,standard,assertEquals
rng_585_1_7,commons-rng,ContinuousUniformSamplerTest,testSamplerWithBoundsExcluded_1_oe_7_oe,commons-rng-sampling/src/test/java/org/apache/commons/rng/sampling/distribution/ContinuousUniformSamplerTest.java,,,,assert,unknown,standard,assertEquals
rng_585_1_8,commons-rng,ContinuousUniformSamplerTest,testSamplerWithBoundsExcluded_1_oe_8_oe,commons-rng-sampling/src/test/java/org/apache/commons/rng/sampling/distribution/ContinuousUniformSamplerTest.java,,,,assert,unknown,standard,assertArrayEquals
rng_585_1_9,commons-rng,ContinuousUniformSamplerTest,testSamplerWithBoundsExcluded_1_oe_9_oe,commons-rng-sampling/src/test/java/org/apache/commons/rng/sampling/distribution/ContinuousUniformSamplerTest.java,,,,assert,unknown,standard,assertArrayEquals
rng_591_1_1,commons-rng,GaussianSamplerTest,testSharedStateSampler_1_oe_1_oe,commons-rng-sampling/src/test/java/org/apache/commons/rng/sampling/distribution/GaussianSamplerTest.java,,,,assert,unknown,standard,assertEquals
rng_591_1_2,commons-rng,GaussianSamplerTest,testSharedStateSampler_1_oe_2_oe,commons-rng-sampling/src/test/java/org/apache/commons/rng/sampling/distribution/GaussianSamplerTest.java,,,,assert,unknown,standard,assertEquals
rng_591_1_3,commons-rng,GaussianSamplerTest,testSharedStateSampler_1_oe_3_oe,commons-rng-sampling/src/test/java/org/apache/commons/rng/sampling/distribution/GaussianSamplerTest.java,,,,assert,unknown,standard,assertEquals
rng_591_1_4,commons-rng,GaussianSamplerTest,testSharedStateSampler_1_oe_4_oe,commons-rng-sampling/src/test/java/org/apache/commons/rng/sampling/distribution/GaussianSamplerTest.java,,,,assert,unknown,standard,assertEquals
rng_591_1_5,commons-rng,GaussianSamplerTest,testSharedStateSampler_1_oe_5_oe,commons-rng-sampling/src/test/java/org/apache/commons/rng/sampling/distribution/GaussianSamplerTest.java,,,,assert,unknown,standard,assertEquals
rng_591_1_6,commons-rng,GaussianSamplerTest,testSharedStateSampler_1_oe_6_oe,commons-rng-sampling/src/test/java/org/apache/commons/rng/sampling/distribution/GaussianSamplerTest.java,,,,assert,unknown,standard,assertEquals
rng_591_1_7,commons-rng,GaussianSamplerTest,testSharedStateSampler_1_oe_7_oe,commons-rng-sampling/src/test/java/org/apache/commons/rng/sampling/distribution/GaussianSamplerTest.java,,,,assert,unknown,standard,assertEquals
rng_591_1_8,commons-rng,GaussianSamplerTest,testSharedStateSampler_1_oe_8_oe,commons-rng-sampling/src/test/java/org/apache/commons/rng/sampling/distribution/GaussianSamplerTest.java,,,,assert,unknown,standard,assertArrayEquals
rng_591_1_9,commons-rng,GaussianSamplerTest,testSharedStateSampler_1_oe_9_oe,commons-rng-sampling/src/test/java/org/apache/commons/rng/sampling/distribution/GaussianSamplerTest.java,,,,assert,unknown,standard,assertArrayEquals
rng_615_1_1,commons-rng,TetrahedronSamplerTest,testSharedStateSampler_1_oe_1_oe,commons-rng-sampling/src/test/java/org/apache/commons/rng/sampling/shape/TetrahedronSamplerTest.java,,,,assert,unknown,standard,assertEquals
rng_615_1_2,commons-rng,TetrahedronSamplerTest,testSharedStateSampler_1_oe_2_oe,commons-rng-sampling/src/test/java/org/apache/commons/rng/sampling/shape/TetrahedronSamplerTest.java,,,,assert,unknown,standard,assertEquals
rng_615_1_3,commons-rng,TetrahedronSamplerTest,testSharedStateSampler_1_oe_3_oe,commons-rng-sampling/src/test/java/org/apache/commons/rng/sampling/shape/TetrahedronSamplerTest.java,,,,assert,unknown,standard,assertEquals
rng_615_1_4,commons-rng,TetrahedronSamplerTest,testSharedStateSampler_1_oe_4_oe,commons-rng-sampling/src/test/java/org/apache/commons/rng/sampling/shape/TetrahedronSamplerTest.java,,,,assert,unknown,standard,assertEquals
rng_615_1_5,commons-rng,TetrahedronSamplerTest,testSharedStateSampler_1_oe_5_oe,commons-rng-sampling/src/test/java/org/apache/commons/rng/sampling/shape/TetrahedronSamplerTest.java,,,,assert,unknown,standard,assertEquals
rng_615_1_6,commons-rng,TetrahedronSamplerTest,testSharedStateSampler_1_oe_6_oe,commons-rng-sampling/src/test/java/org/apache/commons/rng/sampling/shape/TetrahedronSamplerTest.java,,,,assert,unknown,standard,assertEquals
rng_615_1_7,commons-rng,TetrahedronSamplerTest,testSharedStateSampler_1_oe_7_oe,commons-rng-sampling/src/test/java/org/apache/commons/rng/sampling/shape/TetrahedronSamplerTest.java,,,,assert,unknown,standard,assertEquals
rng_615_1_8,commons-rng,TetrahedronSamplerTest,testSharedStateSampler_1_oe_8_oe,commons-rng-sampling/src/test/java/org/apache/commons/rng/sampling/shape/TetrahedronSamplerTest.java,,,,assert,unknown,standard,assertArrayEquals
rng_615_1_9,commons-rng,TetrahedronSamplerTest,testSharedStateSampler_1_oe_9_oe,commons-rng-sampling/src/test/java/org/apache/commons/rng/sampling/shape/TetrahedronSamplerTest.java,,,,assert,unknown,standard,assertArrayEquals
