#
# There is insufficient memory for the Java Runtime Environment to continue.
# Native memory allocation (mmap) failed to map 65536 bytes. Error detail: committing reserved memory.
# Possible reasons:
#   The system is out of physical RAM or swap space
#   This process is running with CompressedOops enabled, and the Java Heap may be blocking the growth of the native heap
# Possible solutions:
#   Reduce memory load on the system
#   Increase physical memory or swap space
#   Check if swap backing store is full
#   Decrease Java heap size (-Xmx/-Xms)
#   Decrease number of Java threads
#   Decrease Java thread stack sizes (-Xss)
#   Set larger code cache with -XX:ReservedCodeCacheSize=
#   JVM is running with Zero Based Compressed Oops mode in which the Java heap is
#     placed in the first 32GB address space. The Java Heap base address is the
#     maximum limit for the native heap growth. Please use -XX:HeapBaseMinAddress
#     to set the Java Heap base and to place the Java Heap above 32GB virtual address.
# This output file may be truncated or incomplete.
#
#  Out of Memory Error (os_linux.cpp:2832), pid=628330, tid=628344
#
# JRE version: OpenJDK Runtime Environment Temurin-17.0.15+6 (17.0.15+6) (build 17.0.15+6)
# Java VM: OpenJDK 64-Bit Server VM Temurin-17.0.15+6 (17.0.15+6, mixed mode, sharing, tiered, compressed oops, compressed class ptrs, g1 gc, linux-amd64)
# Core dump will be written. Default location: Core dumps may be processed with "/usr/lib/systemd/systemd-coredump %P %u %g %s %t %c %h %e" (or dumping to /sfs/weka/scratch/wxw9rr/artifact/RQ3/OE25-DEV/commons-beanutils-1.9.4/core.628330)
#

---------------  S U M M A R Y ------------

Command Line: -Dclassworlds.conf=/apps/software/standard/core/maven/3.9.0/bin/m2.conf -Dmaven.home=/apps/software/standard/core/maven/3.9.0 -Dlibrary.jansi.path=/apps/software/standard/core/maven/3.9.0/lib/jansi-native -Dmaven.multiModuleProjectDirectory=/scratch/wxw9rr/artifact/RQ3/OE25-DEV/commons-beanutils-1.9.4 -Djava.io.tmpdir=/sfs/weka/scratch/wxw9rr/tmp -javaagent:/sfs/weka/scratch/wxw9rr/tmp/pitest-agent4297895672587801351.jar -ea -Djava.awt.headless=true -XX:+UseG1GC -Djava.io.tmpdir=/sfs/weka/scratch/wxw9rr/tmp org.pitest.mutationtest.execute.MutationTestMinion 45715

Host: AMD EPYC 9454 48-Core Processor, 96 cores, 512G, Rocky Linux release 8.10 (Green Obsidian)
Time: Mon Jan 12 02:00:17 2026 EST elapsed time: 4.010395 seconds (0d 0h 0m 4s)

---------------  T H R E A D  ---------------

Current thread (0x00007fdf50032990):  JavaThread "main" [_thread_in_vm, id=628344, stack(0x00007fdf58cec000,0x00007fdf58ded000)]

Stack: [0x00007fdf58cec000,0x00007fdf58ded000],  sp=0x00007fdf58de5810,  free space=998k
Native frames: (J=compiled Java code, j=interpreted, Vv=VM code, C=native code)
V  [libjvm.so+0xee9791]  VMError::report_and_die(int, char const*, char const*, __va_list_tag*, Thread*, unsigned char*, void*, void*, char const*, int, unsigned long)+0x1a1
V  [libjvm.so+0xeea37d]  VMError::report_and_die(Thread*, char const*, int, unsigned long, VMErrorType, char const*, __va_list_tag*)+0x2d
V  [libjvm.so+0x60921c]  report_vm_out_of_memory(char const*, int, unsigned long, VMErrorType, char const*, ...)+0xdc
V  [libjvm.so+0xc265e8]  os::pd_commit_memory(char*, unsigned long, bool)+0xd8
V  [libjvm.so+0xc2040f]  os::commit_memory(char*, unsigned long, bool)+0x1f
V  [libjvm.so+0xee0afe]  metaspace::VirtualSpaceNode::commit_range(MetaWordImpl**, unsigned long)+0x12e
V  [libjvm.so+0xb9eea7]  metaspace::Metachunk::ensure_committed(unsigned long)+0xf7
V  [libjvm.so+0xba2309]  metaspace::MetaspaceArena::allocate(unsigned long)+0x159
V  [libjvm.so+0xba1664]  Metaspace::allocate(ClassLoaderData*, unsigned long, MetaspaceObj::Type, JavaThread*)+0x44
V  [libjvm.so+0x5f7d17]  ConstMethod::allocate(ClassLoaderData*, int, InlineTableSizes*, ConstMethod::MethodType, JavaThread*)+0xb7
V  [libjvm.so+0xbaf4fb]  Method::allocate(ClassLoaderData*, int, AccessFlags, InlineTableSizes*, ConstMethod::MethodType, JavaThread*)+0x2b
V  [libjvm.so+0x57c4b6]  ClassFileParser::parse_method(ClassFileStream const*, bool, ConstantPool const*, AccessFlags*, JavaThread*)+0x1696
V  [libjvm.so+0x57d117]  ClassFileParser::parse_methods(ClassFileStream const*, bool, AccessFlags*, bool*, bool*, JavaThread*)+0x1e7
V  [libjvm.so+0x57f9fa]  ClassFileParser::parse_stream(ClassFileStream const*, JavaThread*) [clone .part.0]+0x6ba
V  [libjvm.so+0x5806de]  ClassFileParser::ClassFileParser(ClassFileStream*, Symbol*, ClassLoaderData*, ClassLoadInfo const*, ClassFileParser::Publicity, JavaThread*)+0x24e
V  [libjvm.so+0xa60f80]  KlassFactory::create_from_stream(ClassFileStream*, Symbol*, ClassLoaderData*, ClassLoadInfo const&, JavaThread*)+0x290
V  [libjvm.so+0x588c33]  ClassLoader::load_class(Symbol*, bool, JavaThread*)+0x1a3
V  [libjvm.so+0xe201d3]  SystemDictionary::load_instance_class_impl(Symbol*, Handle, JavaThread*)+0x2d3
V  [libjvm.so+0xe1e718]  SystemDictionary::load_instance_class(unsigned int, Symbol*, Handle, JavaThread*)+0x28
V  [libjvm.so+0xe1f2aa]  SystemDictionary::resolve_instance_class_or_null(Symbol*, Handle, Handle, JavaThread*)+0xa6a
V  [libjvm.so+0x90636d]  JVM_FindClassFromBootLoader+0x9d
C  [libjava.so+0xfcab]  Java_java_lang_ClassLoader_findBootstrapClass+0xab
J 518  java.lang.ClassLoader.findBootstrapClass(Ljava/lang/String;)Ljava/lang/Class; java.base@17.0.15 (0 bytes) @ 0x00007fdf40fc500a [0x00007fdf40fc4f40+0x00000000000000ca]
J 862 c1 jdk.internal.loader.ClassLoaders$BootClassLoader.loadClassOrNull(Ljava/lang/String;Z)Ljava/lang/Class; java.base@17.0.15 (10 bytes) @ 0x00007fdf39579d4c [0x00007fdf39579be0+0x000000000000016c]
J 722 c1 jdk.internal.loader.BuiltinClassLoader.loadClassOrNull(Ljava/lang/String;Z)Ljava/lang/Class; java.base@17.0.15 (143 bytes) @ 0x00007fdf3953b014 [0x00007fdf3953a5c0+0x0000000000000a54]
J 864 c1 jdk.internal.loader.ClassLoaders$AppClassLoader.loadClass(Ljava/lang/String;Z)Ljava/lang/Class; java.base@17.0.15 (40 bytes) @ 0x00007fdf3957b0fc [0x00007fdf3957aae0+0x000000000000061c]
J 860 c1 java.lang.ClassLoader.loadClass(Ljava/lang/String;)Ljava/lang/Class; java.base@17.0.15 (7 bytes) @ 0x00007fdf395792c4 [0x00007fdf395791c0+0x0000000000000104]
v  ~StubRoutines::call_stub
V  [libjvm.so+0x82b4e5]  JavaCalls::call_helper(JavaValue*, methodHandle const&, JavaCallArguments*, JavaThread*)+0x315
V  [libjvm.so+0x82cef3]  JavaCalls::call_virtual(JavaValue*, Handle, Klass*, Symbol*, Symbol*, Handle, JavaThread*)+0x1e3
V  [libjvm.so+0xe200a2]  SystemDictionary::load_instance_class_impl(Symbol*, Handle, JavaThread*)+0x1a2
V  [libjvm.so+0xe1e718]  SystemDictionary::load_instance_class(unsigned int, Symbol*, Handle, JavaThread*)+0x28
V  [libjvm.so+0xe1f2aa]  SystemDictionary::resolve_instance_class_or_null(Symbol*, Handle, Handle, JavaThread*)+0xa6a
V  [libjvm.so+0xe20aa6]  SystemDictionary::resolve_or_fail(Symbol*, Handle, Handle, bool, JavaThread*)+0x66
V  [libjvm.so+0xebf5f6]  VerificationType::resolve_and_check_assignability(InstanceKlass*, Symbol*, Symbol*, bool, bool, bool, JavaThread*)+0x356
V  [libjvm.so+0xebfc68]  VerificationType::is_reference_assignable_from(VerificationType const&, ClassVerifier*, bool, JavaThread*) const+0xf8
V  [libjvm.so+0xecdb67]  ClassVerifier::verify_invoke_instructions(RawBytecodeStream*, unsigned int, StackMapFrame*, bool, bool*, VerificationType, constantPoolHandle const&, StackMapTable*, JavaThread*)+0x1977
V  [libjvm.so+0xecf067]  ClassVerifier::verify_method(methodHandle const&, JavaThread*)+0x14a7
V  [libjvm.so+0xed3132]  ClassVerifier::verify_class(JavaThread*)+0xf2
V  [libjvm.so+0xed354c]  Verifier::verify(InstanceKlass*, bool, JavaThread*)+0x32c
V  [libjvm.so+0x808b4b]  InstanceKlass::link_class_impl(JavaThread*)+0x47b
V  [libjvm.so+0x90d59c]  get_class_declared_methods_helper(JNIEnv_*, _jclass*, unsigned char, bool, Klass*, JavaThread*) [clone .constprop.0]+0xcc
V  [libjvm.so+0x90dbca]  JVM_GetClassDeclaredMethods+0x9a
J 1311  java.lang.Class.getDeclaredMethods0(Z)[Ljava/lang/reflect/Method; java.base@17.0.15 (0 bytes) @ 0x00007fdf40ffa573 [0x00007fdf40ffa4c0+0x00000000000000b3]
J 740 c1 java.lang.Class.privateGetDeclaredMethods(Z)[Ljava/lang/reflect/Method; java.base@17.0.15 (64 bytes) @ 0x00007fdf39543344 [0x00007fdf395431c0+0x0000000000000184]
J 999 c1 java.lang.Class.getMethodsRecursive(Ljava/lang/String;[Ljava/lang/Class;Z)Ljava/lang/PublicMethods$MethodList; java.base@17.0.15 (99 bytes) @ 0x00007fdf395a87d4 [0x00007fdf395a8740+0x0000000000000094]
J 1143 c1 java.lang.Class.getMethod0(Ljava/lang/String;[Ljava/lang/Class;)Ljava/lang/reflect/Method; java.base@17.0.15 (31 bytes) @ 0x00007fdf395fdfa4 [0x00007fdf395fdee0+0x00000000000000c4]
J 1142 c1 java.lang.Class.getMethod(Ljava/lang/String;[Ljava/lang/Class;)Ljava/lang/reflect/Method; java.base@17.0.15 (59 bytes) @ 0x00007fdf395fce44 [0x00007fdf395fcbe0+0x0000000000000264]
j  org.junit.internal.builders.SuiteMethodBuilder.hasSuiteMethod(Ljava/lang/Class;)Z+7
j  org.junit.internal.builders.SuiteMethodBuilder.runnerForClass(Ljava/lang/Class;)Lorg/junit/runner/Runner;+2
j  org.junit.runners.model.RunnerBuilder.safeRunnerForClass(Ljava/lang/Class;)Lorg/junit/runner/Runner;+2
j  org.junit.internal.builders.AllDefaultPossibilitiesBuilder.runnerForClass(Ljava/lang/Class;)Lorg/junit/runner/Runner;+73
j  org.pitest.junit.adapter.AdaptedJUnitTestUnit.createRunner(Ljava/lang/Class;)Lorg/junit/runner/Runner;+6
j  org.pitest.junit.RunnerSuiteFinder.apply(Ljava/lang/Class;)Ljava/util/List;+1
j  org.pitest.junit.RunnerSuiteFinder.apply(Ljava/lang/Object;)Ljava/lang/Object;+5
j  org.pitest.extension.common.CompoundTestSuiteFinder.apply(Ljava/lang/Class;)Ljava/util/List;+31
j  org.pitest.extension.common.CompoundTestSuiteFinder.apply(Ljava/lang/Object;)Ljava/lang/Object;+5
j  org.pitest.mutationtest.config.PrioritisingTestSuiteFinder.apply(Ljava/lang/Class;)Ljava/util/List;+31
j  org.pitest.mutationtest.config.PrioritisingTestSuiteFinder.apply(Ljava/lang/Object;)Ljava/lang/Object;+5
j  org.pitest.testapi.execute.FindTestUnits.lambda$findTestUnitsForAllSuppliedClasses$0(Ljava/lang/Class;)Ljava/util/stream/Stream;+14
j  org.pitest.testapi.execute.FindTestUnits$$Lambda$96+0x00007fde94037af0.apply(Ljava/lang/Object;)Ljava/lang/Object;+8
J 1423 c1 java.util.stream.ReferencePipeline$7$1.accept(Ljava/lang/Object;)V java.base@17.0.15 (127 bytes) @ 0x00007fdf39686c3c [0x00007fdf39686b20+0x000000000000011c]
j  java.util.ArrayList$ArrayListSpliterator.forEachRemaining(Ljava/util/function/Consumer;)V+95 java.base@17.0.15
j  java.util.stream.AbstractPipeline.copyInto(Ljava/util/stream/Sink;Ljava/util/Spliterator;)V+32 java.base@17.0.15
j  java.util.stream.AbstractPipeline.wrapAndCopyInto(Ljava/util/stream/Sink;Ljava/util/Spliterator;)Ljava/util/stream/Sink;+13 java.base@17.0.15
j  java.util.stream.ReduceOps$ReduceOp.evaluateSequential(Ljava/util/stream/PipelineHelper;Ljava/util/Spliterator;)Ljava/lang/Object;+6 java.base@17.0.15
j  java.util.stream.AbstractPipeline.evaluate(Ljava/util/stream/TerminalOp;)Ljava/lang/Object;+88 java.base@17.0.15
j  java.util.stream.ReferencePipeline.collect(Ljava/util/stream/Collector;)Ljava/lang/Object;+86 java.base@17.0.15
j  org.pitest.testapi.execute.FindTestUnits.findTestUnitsForAllSuppliedClasses(Ljava/lang/Iterable;)Ljava/util/List;+40
j  org.pitest.mutationtest.execute.MutationTestMinion.findTestsForTestClasses(Ljava/lang/ClassLoader;Ljava/util/Collection;Lorg/pitest/testapi/Configuration;)Ljava/util/List;+40
j  org.pitest.mutationtest.execute.MutationTestMinion.run()V+111
j  org.pitest.mutationtest.execute.MutationTestMinion.main([Ljava/lang/String;)V+113
v  ~StubRoutines::call_stub
V  [libjvm.so+0x82b4e5]  JavaCalls::call_helper(JavaValue*, methodHandle const&, JavaCallArguments*, JavaThread*)+0x315
V  [libjvm.so+0x8c2afb]  jni_invoke_static(JNIEnv_*, JavaValue*, _jobject*, JNICallType, _jmethodID*, JNI_ArgumentPusher*, JavaThread*) [clone .constprop.1]+0x38b
V  [libjvm.so+0x8c5545]  jni_CallStaticVoidMethod+0x175
C  [libjli.so+0xa8de]  JavaMain+0xcfe
C  [libjli.so+0xdf99]  ThreadJavaMain+0x9

Java frames: (J=compiled Java code, j=interpreted, Vv=VM code)
J 518  java.lang.ClassLoader.findBootstrapClass(Ljava/lang/String;)Ljava/lang/Class; java.base@17.0.15 (0 bytes) @ 0x00007fdf40fc4f97 [0x00007fdf40fc4f40+0x0000000000000057]
J 862 c1 jdk.internal.loader.ClassLoaders$BootClassLoader.loadClassOrNull(Ljava/lang/String;Z)Ljava/lang/Class; java.base@17.0.15 (10 bytes) @ 0x00007fdf39579d4c [0x00007fdf39579be0+0x000000000000016c]
J 722 c1 jdk.internal.loader.BuiltinClassLoader.loadClassOrNull(Ljava/lang/String;Z)Ljava/lang/Class; java.base@17.0.15 (143 bytes) @ 0x00007fdf3953b014 [0x00007fdf3953a5c0+0x0000000000000a54]
J 864 c1 jdk.internal.loader.ClassLoaders$AppClassLoader.loadClass(Ljava/lang/String;Z)Ljava/lang/Class; java.base@17.0.15 (40 bytes) @ 0x00007fdf3957b0fc [0x00007fdf3957aae0+0x000000000000061c]
J 860 c1 java.lang.ClassLoader.loadClass(Ljava/lang/String;)Ljava/lang/Class; java.base@17.0.15 (7 bytes) @ 0x00007fdf395792c4 [0x00007fdf395791c0+0x0000000000000104]
v  ~StubRoutines::call_stub
J 1311  java.lang.Class.getDeclaredMethods0(Z)[Ljava/lang/reflect/Method; java.base@17.0.15 (0 bytes) @ 0x00007fdf40ffa500 [0x00007fdf40ffa4c0+0x0000000000000040]
J 740 c1 java.lang.Class.privateGetDeclaredMethods(Z)[Ljava/lang/reflect/Method; java.base@17.0.15 (64 bytes) @ 0x00007fdf39543344 [0x00007fdf395431c0+0x0000000000000184]
J 999 c1 java.lang.Class.getMethodsRecursive(Ljava/lang/String;[Ljava/lang/Class;Z)Ljava/lang/PublicMethods$MethodList; java.base@17.0.15 (99 bytes) @ 0x00007fdf395a87d4 [0x00007fdf395a8740+0x0000000000000094]
J 1143 c1 java.lang.Class.getMethod0(Ljava/lang/String;[Ljava/lang/Class;)Ljava/lang/reflect/Method; java.base@17.0.15 (31 bytes) @ 0x00007fdf395fdfa4 [0x00007fdf395fdee0+0x00000000000000c4]
J 1142 c1 java.lang.Class.getMethod(Ljava/lang/String;[Ljava/lang/Class;)Ljava/lang/reflect/Method; java.base@17.0.15 (59 bytes) @ 0x00007fdf395fce44 [0x00007fdf395fcbe0+0x0000000000000264]
j  org.junit.internal.builders.SuiteMethodBuilder.hasSuiteMethod(Ljava/lang/Class;)Z+7
j  org.junit.internal.builders.SuiteMethodBuilder.runnerForClass(Ljava/lang/Class;)Lorg/junit/runner/Runner;+2
j  org.junit.runners.model.RunnerBuilder.safeRunnerForClass(Ljava/lang/Class;)Lorg/junit/runner/Runner;+2
j  org.junit.internal.builders.AllDefaultPossibilitiesBuilder.runnerForClass(Ljava/lang/Class;)Lorg/junit/runner/Runner;+73
j  org.pitest.junit.adapter.AdaptedJUnitTestUnit.createRunner(Ljava/lang/Class;)Lorg/junit/runner/Runner;+6
j  org.pitest.junit.RunnerSuiteFinder.apply(Ljava/lang/Class;)Ljava/util/List;+1
j  org.pitest.junit.RunnerSuiteFinder.apply(Ljava/lang/Object;)Ljava/lang/Object;+5
j  org.pitest.extension.common.CompoundTestSuiteFinder.apply(Ljava/lang/Class;)Ljava/util/List;+31
j  org.pitest.extension.common.CompoundTestSuiteFinder.apply(Ljava/lang/Object;)Ljava/lang/Object;+5
j  org.pitest.mutationtest.config.PrioritisingTestSuiteFinder.apply(Ljava/lang/Class;)Ljava/util/List;+31
j  org.pitest.mutationtest.config.PrioritisingTestSuiteFinder.apply(Ljava/lang/Object;)Ljava/lang/Object;+5
j  org.pitest.testapi.execute.FindTestUnits.lambda$findTestUnitsForAllSuppliedClasses$0(Ljava/lang/Class;)Ljava/util/stream/Stream;+14
j  org.pitest.testapi.execute.FindTestUnits$$Lambda$96+0x00007fde94037af0.apply(Ljava/lang/Object;)Ljava/lang/Object;+8
J 1423 c1 java.util.stream.ReferencePipeline$7$1.accept(Ljava/lang/Object;)V java.base@17.0.15 (127 bytes) @ 0x00007fdf39686c3c [0x00007fdf39686b20+0x000000000000011c]
j  java.util.ArrayList$ArrayListSpliterator.forEachRemaining(Ljava/util/function/Consumer;)V+95 java.base@17.0.15
j  java.util.stream.AbstractPipeline.copyInto(Ljava/util/stream/Sink;Ljava/util/Spliterator;)V+32 java.base@17.0.15
j  java.util.stream.AbstractPipeline.wrapAndCopyInto(Ljava/util/stream/Sink;Ljava/util/Spliterator;)Ljava/util/stream/Sink;+13 java.base@17.0.15
j  java.util.stream.ReduceOps$ReduceOp.evaluateSequential(Ljava/util/stream/PipelineHelper;Ljava/util/Spliterator;)Ljava/lang/Object;+6 java.base@17.0.15
j  java.util.stream.AbstractPipeline.evaluate(Ljava/util/stream/TerminalOp;)Ljava/lang/Object;+88 java.base@17.0.15
j  java.util.stream.ReferencePipeline.collect(Ljava/util/stream/Collector;)Ljava/lang/Object;+86 java.base@17.0.15
j  org.pitest.testapi.execute.FindTestUnits.findTestUnitsForAllSuppliedClasses(Ljava/lang/Iterable;)Ljava/util/List;+40
j  org.pitest.mutationtest.execute.MutationTestMinion.findTestsForTestClasses(Ljava/lang/ClassLoader;Ljava/util/Collection;Lorg/pitest/testapi/Configuration;)Ljava/util/List;+40
j  org.pitest.mutationtest.execute.MutationTestMinion.run()V+111
j  org.pitest.mutationtest.execute.MutationTestMinion.main([Ljava/lang/String;)V+113
v  ~StubRoutines::call_stub

Compiled method (n/a)    4128  518     n 0       java.lang.ClassLoader::findBootstrapClass (native)
 total in heap  [0x00007fdf40fc4d90,0x00007fdf40fc51b0] = 1056
 relocation     [0x00007fdf40fc4ef0,0x00007fdf40fc4f28] = 56
 main code      [0x00007fdf40fc4f40,0x00007fdf40fc51b0] = 624

[Constant Pool (empty)]

[MachCode]
[Entry Point]
  # {method} {0x00007fde93011328} 'findBootstrapClass' '(Ljava/lang/String;)Ljava/lang/Class;' in 'java/lang/ClassLoader'
  # parm0:    rsi:rsi   = 'java/lang/String'
  #           [sp+0x50]  (sp of caller)
  0x00007fdf40fc4f40: 448b 5608 | 49bb 0000 | 0093 de7f | 0000 4d03 | d349 3bc2 | 0f84 0600 

  0x00007fdf40fc4f58: ;   {runtime_call ic_miss_stub}
  0x00007fdf40fc4f58: 0000 e921 | 928e ff90 
[Verified Entry Point]
  0x00007fdf40fc4f60: 8984 2400 | c0fe ff55 | 488b ec48 | 83ec 4048 | 8934 2448 | 83fe 0048 | 8d14 2448 | 0f44 1424 
  0x00007fdf40fc4f80: ;   {oop(a 'java/lang/Class'{0x00000007fef01218} = 'java/lang/ClassLoader')}
  0x00007fdf40fc4f80: 49be 1812 | f0fe 0700 | 0000 4c89 | 7424 304c | 8d74 2430 | 498b f6c5 

  0x00007fdf40fc4f98: ;   {internal_word}
  0x00007fdf40fc4f98: f877 49ba | 974f fc40 | df7f 0000 | 4d89 9798 | 0200 0049 | 89a7 9002 

  0x00007fdf40fc4fb0: ;   {external_word}
  0x00007fdf40fc4fb0: 0000 803d | 8cf1 3e17 | 000f 8434 | 0000 0056 

  0x00007fdf40fc4fc0: ;   {metadata({method} {0x00007fde93011328} 'findBootstrapClass' '(Ljava/lang/String;)Ljava/lang/Class;' in 'java/lang/ClassLoader')}
  0x00007fdf40fc4fc0: 5248 be28 | 1301 93de | 7f00 0049 | 8bff f7c4 | 0f00 0000 | 0f84 1200 | 0000 4883 

  0x00007fdf40fc4fdc: ;   {runtime_call SharedRuntime::dtrace_method_entry(JavaThread*, Method*)}
  0x00007fdf40fc4fdc: ec08 e8ed | 36dc 1648 | 83c4 08e9 | 0500 0000 

  0x00007fdf40fc4fec: ;   {runtime_call SharedRuntime::dtrace_method_entry(JavaThread*, Method*)}
  0x00007fdf40fc4fec: e8df 36dc | 165a 5e49 | 8dbf b002 | 0000 41c7 | 8738 0300 | 0004 0000 

  0x00007fdf40fc5004: ;   {runtime_call Java_java_lang_ClassLoader_findBootstrapClass}
  0x00007fdf40fc5004: 00e8 f6cb | ce17 c5f8 | 7741 c787 | 3803 0000 | 0500 0000 | f083 4424 | c000 493b | af40 0300 
  0x00007fdf40fc5024: 000f 8711 | 0000 0041 | 81bf 2803 | 0000 0000 | 0000 0f84 | 2400 0000 | c5f8 7748 | 8945 f849 
  0x00007fdf40fc5044: 8bff 4c8b | e448 83ec | 0048 83e4 

  0x00007fdf40fc5050: ;   {runtime_call JavaThread::check_special_condition_for_native_trans(JavaThread*)}
  0x00007fdf40fc5050: f0e8 5af9 | f416 498b | e44d 33e4 | 488b 45f8 | 41c7 8738 | 0300 0008 | 0000 0041 | 81bf a803 
  0x00007fdf40fc5070: 0000 0200 | 0000 0f84 | 0801 0000 

  0x00007fdf40fc507c: ;   {external_word}
  0x00007fdf40fc507c: 803d c2f0 | 3e17 000f | 8438 0000 | 0048 8945 

  0x00007fdf40fc508c: ;   {metadata({method} {0x00007fde93011328} 'findBootstrapClass' '(Ljava/lang/String;)Ljava/lang/Class;' in 'java/lang/ClassLoader')}
  0x00007fdf40fc508c: f848 be28 | 1301 93de | 7f00 0049 | 8bff f7c4 | 0f00 0000 | 0f84 1200 | 0000 4883 

  0x00007fdf40fc50a8: ;   {runtime_call SharedRuntime::dtrace_method_exit(JavaThread*, Method*)}
  0x00007fdf40fc50a8: ec08 e8d1 | 36dc 1648 | 83c4 08e9 | 0500 0000 

  0x00007fdf40fc50b8: ;   {runtime_call SharedRuntime::dtrace_method_exit(JavaThread*, Method*)}
  0x00007fdf40fc50b8: e8c3 36dc | 1648 8b45 | f849 c787 | 9002 0000 | 0000 0000 | 49c7 8798 | 0200 0000 | 0000 00c5 
  0x00007fdf40fc50d8: f877 4885 | c00f 847b | 0000 0048 | f7c0 0100 | 0000 0f84 | 6b00 0000 | 488b 40ff | 4180 7f38 
  0x00007fdf40fc50f8: 000f 8457 | 0000 0048 | 83f8 000f | 844d 0000 | 0049 8b4f | 2048 83f9 | 000f 8414 | 0000 0048 
  0x00007fdf40fc5118: 83e9 0849 | 894f 2049 | 034f 3048 | 8901 e92b | 0000 0050 | 498b f748 | 8bf8 f7c4 | 0f00 0000 
  0x00007fdf40fc5138: 0f84 1200 | 0000 4883 

  0x00007fdf40fc5140: ;   {runtime_call G1BarrierSetRuntime::write_ref_field_pre_entry(oopDesc*, JavaThread*)}
  0x00007fdf40fc5140: ec08 e8d9 | a27b 1648 | 83c4 08e9 | 0500 0000 

  0x00007fdf40fc5150: ;   {runtime_call G1BarrierSetRuntime::write_ref_field_pre_entry(oopDesc*, JavaThread*)}
  0x00007fdf40fc5150: e8cb a27b | 1658 e903 | 0000 0048 | 8b00 498b | 8fd8 0000 | 00c7 8100 | 0100 0000 | 0000 00c9 
  0x00007fdf40fc5170: 4981 7f08 | 0000 0000 | 0f85 0100 

  0x00007fdf40fc517c: ;   {runtime_call StubRoutines (1)}
  0x00007fdf40fc517c: 0000 c3e9 | 7c8a 89ff | c5f8 7748 | 8945 f84c | 8be4 4883 | ec00 4883 

  0x00007fdf40fc5194: ;   {runtime_call SharedRuntime::reguard_yellow_pages()}
  0x00007fdf40fc5194: e4f0 e855 | 44dc 1649 | 8be4 4d33 | e448 8b45 | f8e9 d2fe | ffff f4f4 | f4f4 f4f4 
[/MachCode]


Compiled method (c1)    4144  862       3       jdk.internal.loader.ClassLoaders$BootClassLoader::loadClassOrNull (10 bytes)
 total in heap  [0x00007fdf39579a10,0x00007fdf39579f60] = 1360
 relocation     [0x00007fdf39579b70,0x00007fdf39579bd0] = 96
 main code      [0x00007fdf39579be0,0x00007fdf39579e20] = 576
 stub code      [0x00007fdf39579e20,0x00007fdf39579e70] = 80
 metadata       [0x00007fdf39579e70,0x00007fdf39579e90] = 32
 scopes data    [0x00007fdf39579e90,0x00007fdf39579ee0] = 80
 scopes pcs     [0x00007fdf39579ee0,0x00007fdf39579f50] = 112
 dependencies   [0x00007fdf39579f50,0x00007fdf39579f60] = 16

[Constant Pool (empty)]

[MachCode]
[Entry Point]
  # {method} {0x00007fde93198980} 'loadClassOrNull' '(Ljava/lang/String;Z)Ljava/lang/Class;' in 'jdk/internal/loader/ClassLoaders$BootClassLoader'
  # this:     rsi:rsi   = 'jdk/internal/loader/ClassLoaders$BootClassLoader'
  # parm0:    rdx:rdx   = 'java/lang/String'
  # parm1:    rcx       = boolean
  #           [sp+0x60]  (sp of caller)
  0x00007fdf39579be0: 448b 5608 | 49bb 0000 | 0093 de7f | 0000 4d03 | d34c 3bd0 

  0x00007fdf39579bf4: ;   {runtime_call ic_miss_stub}
  0x00007fdf39579bf4: 0f85 8645 | 3307 660f | 1f44 0000 
[Verified Entry Point]
  0x00007fdf39579c00: 8984 2400 | c0fe ff55 | 4883 ec50 

  0x00007fdf39579c0c: ;   {metadata(method data for {method} {0x00007fde93198980} 'loadClassOrNull' '(Ljava/lang/String;Z)Ljava/lang/Class;' in 'jdk/internal/loader/ClassLoaders$BootClassLoader')}
  0x00007fdf39579c0c: 48bf a054 | 22d8 de7f | 0000 8b9f | f400 0000 | 83c3 0289 | 9ff4 0000 | 0081 e3fe | 0700 0083 
  0x00007fdf39579c2c: fb00 0f84 | 3101 0000 

  0x00007fdf39579c34: ;   {oop(a 'java/lang/System$2'{0x0000000101003130})}
  0x00007fdf39579c34: 48be 3031 | 0001 0100 

  0x00007fdf39579c3c: ;   {metadata(method data for {method} {0x00007fde93198980} 'loadClassOrNull' '(Ljava/lang/String;Z)Ljava/lang/Class;' in 'jdk/internal/loader/ClassLoaders$BootClassLoader')}
  0x00007fdf39579c3c: 0000 48bf | a054 22d8 | de7f 0000 

  0x00007fdf39579c48: ;   {metadata('java/lang/System$2')}
  0x00007fdf39579c48: 49ba 2861 | 0193 de7f | 0000 4c89 | 9748 0100 | 0048 8387 | 5001 0000 

  0x00007fdf39579c60: ;   {metadata(method data for {method} {0x00007fde9340bc68} 'findBootstrapClassOrNull' '(Ljava/lang/String;)Ljava/lang/Class;' in 'java/lang/System$2')}
  0x00007fdf39579c60: 0148 be38 | c021 d8de | 7f00 008b | bef4 0000 | 0083 c702 | 89be f400 | 0000 81e7 | feff 1f00 
  0x00007fdf39579c80: 83ff 000f | 84fd 0000 

  0x00007fdf39579c88: ;   {metadata(method data for {method} {0x00007fde9340bc68} 'findBootstrapClassOrNull' '(Ljava/lang/String;)Ljava/lang/Class;' in 'java/lang/System$2')}
  0x00007fdf39579c88: 0048 be38 | c021 d8de | 7f00 0048 | 8386 3801 

  0x00007fdf39579c98: ;   {metadata(method data for {method} {0x00007fde93010d88} 'findBootstrapClassOrNull' '(Ljava/lang/String;)Ljava/lang/Class;' in 'java/lang/ClassLoader')}
  0x00007fdf39579c98: 0000 0148 | bec8 c121 | d8de 7f00 | 008b bef4 | 0000 0083 | c702 89be | f400 0000 | 81e7 feff 
  0x00007fdf39579cb8: 1f00 83ff | 000f 84e4 

  0x00007fdf39579cc0: ;   {metadata(method data for {method} {0x00007fde93010d88} 'findBootstrapClassOrNull' '(Ljava/lang/String;)Ljava/lang/Class;' in 'java/lang/ClassLoader')}
  0x00007fdf39579cc0: 0000 0048 | bec8 c121 | d8de 7f00 | 0048 8386 | 3801 0000 | 0148 8bf2 | 4889 5424 

  0x00007fdf39579cdc: ;   {static_call}
  0x00007fdf39579cdc: 3866 90e8 

  0x00007fdf39579ce0: ; ImmutableOopMap {[56]=Oop }
                      ;*invokestatic checkName {reexecute=0 rethrow=0 return_oop=0}
                      ; - java.lang.ClassLoader::findBootstrapClassOrNull@1 (line 1265)
                      ; - java.lang.System$2::findBootstrapClassOrNull@1 (line 2327)
                      ; - jdk.internal.loader.ClassLoaders$BootClassLoader::loadClassOrNull@4 (line 140)
  0x00007fdf39579ce0: 9c39 f2ff 

  0x00007fdf39579ce4: ;   {metadata(method data for {method} {0x00007fde93010d88} 'findBootstrapClassOrNull' '(Ljava/lang/String;)Ljava/lang/Class;' in 'java/lang/ClassLoader')}
  0x00007fdf39579ce4: 83f8 0048 | bec8 c121 | d8de 7f00 | 0048 c7c7 | 4801 0000 | 0f85 0700 | 0000 48c7 | c758 0100 
  0x00007fdf39579d04: 0048 8b1c | 3e48 8d5b | 0148 891c | 3e0f 850f 

  0x00007fdf39579d14: ;   {oop(NULL)}
  0x00007fdf39579d14: 0000 0048 | be00 0000 | 0000 0000 | 00e9 2900 | 0000 488b 

  0x00007fdf39579d28: ;   {metadata(method data for {method} {0x00007fde93010d88} 'findBootstrapClassOrNull' '(Ljava/lang/String;)Ljava/lang/Class;' in 'java/lang/ClassLoader')}
  0x00007fdf39579d28: 5424 3848 | bec8 c121 | d8de 7f00 | 0048 8386 | 6801 0000 | 0148 8bf2 | 0f1f 8000 

  0x00007fdf39579d44: ;   {static_call}
  0x00007fdf39579d44: 0000 00e8 

  0x00007fdf39579d48: ; ImmutableOopMap {}
                      ;*invokestatic findBootstrapClass {reexecute=0 rethrow=0 return_oop=0}
                      ; - java.lang.ClassLoader::findBootstrapClassOrNull@10 (line 1267)
                      ; - java.lang.System$2::findBootstrapClassOrNull@1 (line 2327)
                      ; - jdk.internal.loader.ClassLoaders$BootClassLoader::loadClassOrNull@4 (line 140)
  0x00007fdf39579d48: 14b2 a407 | 488b f048 | 8bc6 4883 

  0x00007fdf39579d54: ;   {poll_return}
  0x00007fdf39579d54: c450 5d49 | 3ba7 4003 | 0000 0f87 | 6400 0000 

  0x00007fdf39579d64: ;   {metadata({method} {0x00007fde93198980} 'loadClassOrNull' '(Ljava/lang/String;Z)Ljava/lang/Class;' in 'jdk/internal/loader/ClassLoaders$BootClassLoader')}
  0x00007fdf39579d64: c349 ba80 | 8919 93de | 7f00 004c | 8954 2408 | 48c7 0424 | ffff ffff 

  0x00007fdf39579d7c: ;   {runtime_call counter_overflow Runtime1 stub}
  0x00007fdf39579d7c: e8ff f83d 

  0x00007fdf39579d80: ; ImmutableOopMap {rsi=Oop rdx=Oop }
                      ;*synchronization entry
                      ; - jdk.internal.loader.ClassLoaders$BootClassLoader::loadClassOrNull@-1 (line 140)
  0x00007fdf39579d80: 07e9 aefe 

  0x00007fdf39579d84: ;   {metadata({method} {0x00007fde9340bc68} 'findBootstrapClassOrNull' '(Ljava/lang/String;)Ljava/lang/Class;' in 'java/lang/System$2')}
  0x00007fdf39579d84: ffff 49ba | 68bc 4093 | de7f 0000 | 4c89 5424 | 0848 c704 | 24ff ffff 

  0x00007fdf39579d9c: ;   {runtime_call counter_overflow Runtime1 stub}
  0x00007fdf39579d9c: ffe8 def8 

  0x00007fdf39579da0: ; ImmutableOopMap {rdx=Oop }
                      ;*synchronization entry
                      ; - java.lang.System$2::findBootstrapClassOrNull@-1 (line 2327)
                      ; - jdk.internal.loader.ClassLoaders$BootClassLoader::loadClassOrNull@4 (line 140)
  0x00007fdf39579da0: 3d07 e9e2 

  0x00007fdf39579da4: ;   {metadata({method} {0x00007fde93010d88} 'findBootstrapClassOrNull' '(Ljava/lang/String;)Ljava/lang/Class;' in 'java/lang/ClassLoader')}
  0x00007fdf39579da4: feff ff49 | ba88 0d01 | 93de 7f00 | 004c 8954 | 2408 48c7 | 0424 ffff 

  0x00007fdf39579dbc: ;   {runtime_call counter_overflow Runtime1 stub}
  0x00007fdf39579dbc: ffff e8bd 

  0x00007fdf39579dc0: ; ImmutableOopMap {rdx=Oop }
                      ;*synchronization entry
                      ; - java.lang.ClassLoader::findBootstrapClassOrNull@-1 (line 1265)
                      ; - java.lang.System$2::findBootstrapClassOrNull@1 (line 2327)
                      ; - jdk.internal.loader.ClassLoaders$BootClassLoader::loadClassOrNull@4 (line 140)
  0x00007fdf39579dc0: f83d 07e9 | fbfe ffff 

  0x00007fdf39579dc8: ;   {internal_word}
  0x00007fdf39579dc8: 49ba 579d | 5739 df7f | 0000 4d89 | 9758 0300 

  0x00007fdf39579dd8: ;   {runtime_call SafepointBlob}
  0x00007fdf39579dd8: 00e9 22bb | 3307 9090 | 498b 87d0 | 0300 0049 | c787 d003 | 0000 0000 | 0000 49c7 | 87d8 0300 
  0x00007fdf39579df8: 0000 0000 | 0048 83c4 

  0x00007fdf39579e00: ;   {runtime_call unwind_exception Runtime1 stub}
  0x00007fdf39579e00: 505d e9f9 | c634 07f4 | f4f4 f4f4 | f4f4 f4f4 | f4f4 f4f4 | f4f4 f4f4 | f4f4 f4f4 | f4f4 f4f4 
[Stub Code]
  0x00007fdf39579e20: ;   {no_reloc}
  0x00007fdf39579e20: 0f1f 4400 

  0x00007fdf39579e24: ;   {static_stub}
  0x00007fdf39579e24: 0048 bb00 | 0000 0000 

  0x00007fdf39579e2c: ;   {runtime_call}
  0x00007fdf39579e2c: 0000 00e9 | fbff ffff 

  0x00007fdf39579e34: ;   {static_stub}
  0x00007fdf39579e34: 9048 bb00 | 0000 0000 

  0x00007fdf39579e3c: ;   {runtime_call}
  0x00007fdf39579e3c: 0000 00e9 | fbff ffff 
[Exception Handler]
  0x00007fdf39579e44: ;   {runtime_call handle_exception_from_callee Runtime1 stub}
  0x00007fdf39579e44: e8b7 bb3d 

  0x00007fdf39579e48: ;   {external_word}
  0x00007fdf39579e48: 0748 bf52 | c703 58df | 7f00 0048 

  0x00007fdf39579e54: ;   {runtime_call MacroAssembler::debug64(char*, long, long*)}
  0x00007fdf39579e54: 83e4 f0e8 | a46e 631e 

  0x00007fdf39579e5c: ;   {section_word}
  0x00007fdf39579e5c: f449 ba5d | 9e57 39df | 7f00 0041 

  0x00007fdf39579e68: ;   {runtime_call DeoptimizationBlob}
  0x00007fdf39579e68: 52e9 32cf | 3307 f4f4 
[/MachCode]


Compiled method (c1)    4151  722   !   3       jdk.internal.loader.BuiltinClassLoader::loadClassOrNull (143 bytes)
 total in heap  [0x00007fdf3953a290,0x00007fdf3953c290] = 8192
 relocation     [0x00007fdf3953a3f0,0x00007fdf3953a5b8] = 456
 main code      [0x00007fdf3953a5c0,0x00007fdf3953b960] = 5024
 stub code      [0x00007fdf3953b960,0x00007fdf3953ba50] = 240
 metadata       [0x00007fdf3953ba50,0x00007fdf3953bad8] = 136
 scopes data    [0x00007fdf3953bad8,0x00007fdf3953bdb8] = 736
 scopes pcs     [0x00007fdf3953bdb8,0x00007fdf3953c058] = 672
 dependencies   [0x00007fdf3953c058,0x00007fdf3953c080] = 40
 handler table  [0x00007fdf3953c080,0x00007fdf3953c260] = 480
 nul chk table  [0x00007fdf3953c260,0x00007fdf3953c290] = 48

[Constant Pool (empty)]

[MachCode]
[Entry Point]
  # {method} {0x00007fde9307b970} 'loadClassOrNull' '(Ljava/lang/String;Z)Ljava/lang/Class;' in 'jdk/internal/loader/BuiltinClassLoader'
  # this:     rsi:rsi   = 'jdk/internal/loader/BuiltinClassLoader'
  # parm0:    rdx:rdx   = 'java/lang/String'
  # parm1:    rcx       = boolean
  #           [sp+0xf0]  (sp of caller)
  0x00007fdf3953a5c0: 448b 5608 | 49bb 0000 | 0093 de7f | 0000 4d03 | d34c 3bd0 

  0x00007fdf3953a5d4: ;   {runtime_call ic_miss_stub}
  0x00007fdf3953a5d4: 0f85 a63b | 3707 660f | 1f44 0000 
[Verified Entry Point]
  0x00007fdf3953a5e0: 8984 2400 | c0fe ff55 | 4881 ece0 | 0000 0048 | 89b4 2480 

  0x00007fdf3953a5f4: ;   {metadata(method data for {method} {0x00007fde9307b970} 'loadClassOrNull' '(Ljava/lang/String;Z)Ljava/lang/Class;' in 'jdk/internal/loader/BuiltinClassLoader')}
  0x00007fdf3953a5f4: 0000 0048 | bf98 3f20 | d8de 7f00 | 008b 9ff4 | 0000 0083 | c302 899f | f400 0000 | 81e3 fe07 
  0x00007fdf3953a614: 0000 83fb | 000f 8426 | 1000 0089 | 8c24 9000 | 0000 488b 

  0x00007fdf3953a628: ;   {metadata(method data for {method} {0x00007fde9307b970} 'loadClassOrNull' '(Ljava/lang/String;Z)Ljava/lang/Class;' in 'jdk/internal/loader/BuiltinClassLoader')}
  0x00007fdf3953a628: fe48 bb98 | 3f20 d8de | 7f00 008b | 7f08 49ba | 0000 0093 | de7f 0000 | 4903 fa48 | 3bbb 4801 
  0x00007fdf3953a648: 0000 750d | 4883 8350 | 0100 0001 | e966 0000 | 0048 3bbb | 5801 0000 | 750d 4883 | 8360 0100 
  0x00007fdf3953a668: 0001 e950 | 0000 0048 | 81bb 4801 | 0000 0000 | 0000 7517 | 4889 bb48 | 0100 0048 | c783 5001 
  0x00007fdf3953a688: 0000 0100 | 0000 e92c | 0000 0048 | 81bb 5801 | 0000 0000 | 0000 7517 | 4889 bb58 | 0100 0048 
  0x00007fdf3953a6a8: c783 6001 | 0000 0100 | 0000 e908 | 0000 0048 | 8383 3801 | 0000 0148 | 8bfa 488b | d748 8bde 
  0x00007fdf3953a6c8: 488b f348 | 89bc 2488 | 0000 000f 

  0x00007fdf3953a6d4: ;   {optimized virtual_call}
  0x00007fdf3953a6d4: 1f40 00e8 

  0x00007fdf3953a6d8: ; ImmutableOopMap {[128]=Oop [136]=Oop }
                      ;*invokevirtual getClassLoadingLock {reexecute=0 rethrow=0 return_oop=0}
                      ; - jdk.internal.loader.BuiltinClassLoader::loadClassOrNull@2 (line 651)
  0x00007fdf3953a6d8: a4e7 ffff | 4889 8424 | 9800 0000 | 488d b424 | c800 0000 | 488b f848 | 897e 0848 | 8b07 4883 
  0x00007fdf3953a6f8: c801 4889 | 06f0 480f | b137 0f84 | 1300 0000 | 482b c448 | 81e0 07f0 | ffff 4889 | 060f 8550 
  0x00007fdf3953a718: 0f00 0048 | 8bb4 2480 

  0x00007fdf3953a720: ;   {metadata(method data for {method} {0x00007fde9307b970} 'loadClassOrNull' '(Ljava/lang/String;Z)Ljava/lang/Class;' in 'jdk/internal/loader/BuiltinClassLoader')}
  0x00007fdf3953a720: 0000 0048 | bf98 3f20 | d8de 7f00 | 0048 8387 | 7001 0000 

  0x00007fdf3953a734: ;   {metadata(method data for {method} {0x00007fde93010d30} 'findLoadedClass' '(Ljava/lang/String;)Ljava/lang/Class;' in 'java/lang/ClassLoader')}
  0x00007fdf3953a734: 0148 be30 | 3b20 d8de | 7f00 008b | bef4 0000 | 0083 c702 | 89be f400 | 0000 81e7 | feff 1f00 
  0x00007fdf3953a754: 83ff 000f | 8421 0f00 

  0x00007fdf3953a75c: ;   {metadata(method data for {method} {0x00007fde93010d30} 'findLoadedClass' '(Ljava/lang/String;)Ljava/lang/Class;' in 'java/lang/ClassLoader')}
  0x00007fdf3953a75c: 0048 be30 | 3b20 d8de | 7f00 0048 | 8386 3801 | 0000 0148 | 8bb4 2488 

  0x00007fdf3953a774: ;   {static_call}
  0x00007fdf3953a774: 0000 00e8 

  0x00007fdf3953a778: ; ImmutableOopMap {[128]=Oop [136]=Oop [152]=Oop [208]=Oop }
                      ;*invokestatic checkName {reexecute=0 rethrow=0 return_oop=0}
                      ; - java.lang.ClassLoader::findLoadedClass@1 (line 1288)
                      ; - jdk.internal.loader.BuiltinClassLoader::loadClassOrNull@10 (line 653)
  0x00007fdf3953a778: 042f f6ff 

  0x00007fdf3953a77c: ;   {metadata(method data for {method} {0x00007fde93010d30} 'findLoadedClass' '(Ljava/lang/String;)Ljava/lang/Class;' in 'java/lang/ClassLoader')}
  0x00007fdf3953a77c: 83f8 0048 | ba30 3b20 | d8de 7f00 | 0048 c7c6 | 4801 0000 | 0f85 0700 | 0000 48c7 | c658 0100 
  0x00007fdf3953a79c: 0048 8b3c | 3248 8d7f | 0148 893c | 320f 850f 

  0x00007fdf3953a7ac: ;   {oop(NULL)}
  0x00007fdf3953a7ac: 0000 0048 | bf00 0000 | 0000 0000 | 00e9 3900 | 0000 488b | b424 8000 

  0x00007fdf3953a7c4: ;   {metadata(method data for {method} {0x00007fde93010d30} 'findLoadedClass' '(Ljava/lang/String;)Ljava/lang/Class;' in 'java/lang/ClassLoader')}
  0x00007fdf3953a7c4: 0000 48ba | 303b 20d8 | de7f 0000 | 4883 8268 | 0100 0001 | 488b 9424 | 8800 0000 | 488b b424 
  0x00007fdf3953a7e4: 8000 0000 | 0f1f 8000 

  0x00007fdf3953a7ec: ;   {optimized virtual_call}
  0x00007fdf3953a7ec: 0000 00e8 

  0x00007fdf3953a7f0: ; ImmutableOopMap {[128]=Oop [136]=Oop [152]=Oop [208]=Oop }
                      ;*invokevirtual findLoadedClass0 {reexecute=0 rethrow=0 return_oop=0}
                      ; - java.lang.ClassLoader::findLoadedClass@11 (line 1290)
                      ; - jdk.internal.loader.BuiltinClassLoader::loadClassOrNull@10 (line 653)
  0x00007fdf3953a7f0: 6c21 a807 | 488b f848 

  0x00007fdf3953a7f8: ;   {metadata(method data for {method} {0x00007fde9307b970} 'loadClassOrNull' '(Ljava/lang/String;Z)Ljava/lang/Class;' in 'jdk/internal/loader/BuiltinClassLoader')}
  0x00007fdf3953a7f8: 83ff 0048 | ba98 3f20 | d8de 7f00 | 0048 c7c6 | a801 0000 | 0f85 0700 | 0000 48c7 | c6b8 0100 
  0x00007fdf3953a818: 0048 8b1c | 3248 8d5b | 0148 891c | 320f 850c | 0c00 0048 | 89bc 24a0 | 0000 0048 | 8bb4 2480 
  0x00007fdf3953a838: ;   {metadata(method data for {method} {0x00007fde9307b970} 'loadClassOrNull' '(Ljava/lang/String;Z)Ljava/lang/Class;' in 'jdk/internal/loader/BuiltinClassLoader')}
  0x00007fdf3953a838: 0000 0048 | ba98 3f20 | d8de 7f00 | 0048 8382 | c801 0000 | 0148 8b94 | 2488 0000 | 0048 8bb4 
  0x00007fdf3953a858: 2480 0000 

  0x00007fdf3953a85c: ;   {optimized virtual_call}
  0x00007fdf3953a85c: 0066 90e8 

  0x00007fdf3953a860: ; ImmutableOopMap {[128]=Oop [152]=Oop [136]=Oop [160]=Oop [208]=Oop }
                      ;*invokevirtual findLoadedModule {reexecute=0 rethrow=0 return_oop=0}
                      ; - jdk.internal.loader.BuiltinClassLoader::loadClassOrNull@22 (line 658)
  0x00007fdf3953a860: 7cf1 ffff | 4883 f800 

  0x00007fdf3953a868: ;   {metadata(method data for {method} {0x00007fde9307b970} 'loadClassOrNull' '(Ljava/lang/String;Z)Ljava/lang/Class;' in 'jdk/internal/loader/BuiltinClassLoader')}
  0x00007fdf3953a868: 48ba 983f | 20d8 de7f | 0000 48c7 | c100 0200 | 000f 8407 | 0000 0048 | c7c1 1002 | 0000 488b 
  0x00007fdf3953a888: 340a 488d | 7601 4889 | 340a 488b | b424 8000 | 0000 0f84 | 8c07 0000 

  0x00007fdf3953a8a0: ; implicit exception: dispatches to 0x00007fdf3953b69f
  0x00007fdf3953a8a0: 483b 0048 

  0x00007fdf3953a8a4: ;   {metadata(method data for {method} {0x00007fde9307b970} 'loadClassOrNull' '(Ljava/lang/String;Z)Ljava/lang/Class;' in 'jdk/internal/loader/BuiltinClassLoader')}
  0x00007fdf3953a8a4: 8bd0 48b9 | 983f 20d8 | de7f 0000 

  0x00007fdf3953a8b0: ;   {metadata('jdk/internal/loader/BuiltinClassLoader$LoadedModule')}
  0x00007fdf3953a8b0: 49ba 380a | 1693 de7f | 0000 4c89 | 9130 0200 | 0048 8381 | 3802 0000 | 018b 780c | 48c1 e703 
  0x00007fdf3953a8d0: ;   {metadata(method data for {method} {0x00007fde9307b970} 'loadClassOrNull' '(Ljava/lang/String;Z)Ljava/lang/Class;' in 'jdk/internal/loader/BuiltinClassLoader')}
  0x00007fdf3953a8d0: 483b fe48 | ba98 3f20 | d8de 7f00 | 0048 c7c1 | 5802 0000 | 0f85 0700 | 0000 48c7 | c168 0200 
  0x00007fdf3953a8f0: 0048 8b1c | 0a48 8d5b | 0148 891c | 0a0f 8519 

  0x00007fdf3953a900: ;   {metadata(method data for {method} {0x00007fde9307b970} 'loadClassOrNull' '(Ljava/lang/String;Z)Ljava/lang/Class;' in 'jdk/internal/loader/BuiltinClassLoader')}
  0x00007fdf3953a900: 0600 0048 | ba98 3f20 | d8de 7f00 | 0048 8382 | 7802 0000 

  0x00007fdf3953a914: ;   {metadata(method data for {method} {0x00007fde9341fa38} 'isModuleSystemInited' '()Z' in 'jdk/internal/misc/VM')}
  0x00007fdf3953a914: 0148 ba28 | d814 d8de | 7f00 008b | 8af4 0000 | 0083 c102 | 898a f400 | 0000 81e1 | feff 1f00 
  0x00007fdf3953a934: 83f9 000f | 8467 0d00 

  0x00007fdf3953a93c: ;   {metadata(method data for {method} {0x00007fde9341fa38} 'isModuleSystemInited' '()Z' in 'jdk/internal/misc/VM')}
  0x00007fdf3953a93c: 0048 ba28 | d814 d8de | 7f00 0048 | 8382 3801 

  0x00007fdf3953a94c: ;   {metadata(method data for {method} {0x00007fde9341f828} 'initLevel' '()I' in 'jdk/internal/misc/VM')}
  0x00007fdf3953a94c: 0000 0148 | bae0 d914 | d8de 7f00 | 008b 8af4 | 0000 0083 | c102 898a | f400 0000 | 81e1 feff 
  0x00007fdf3953a96c: 1f00 83f9 | 000f 844e 

  0x00007fdf3953a974: ;   {oop(a 'java/lang/Class'{0x00000007fef0b218} = 'jdk/internal/misc/VM')}
  0x00007fdf3953a974: 0d00 0048 | ba18 b2f0 | fe07 0000 | 008b 9294 | 0000 0083 

  0x00007fdf3953a988: ;   {metadata(method data for {method} {0x00007fde9341fa38} 'isModuleSystemInited' '()Z' in 'jdk/internal/misc/VM')}
  0x00007fdf3953a988: fa02 48ba | 28d8 14d8 | de7f 0000 | 48c7 c148 | 0100 000f | 8c07 0000 | 0048 c7c1 | 5801 0000 
  0x00007fdf3953a9a8: 488b 3c0a | 488d 7f01 | 4889 3c0a | 0f8c 1a00 

  0x00007fdf3953a9b8: ;   {metadata(method data for {method} {0x00007fde9341fa38} 'isModuleSystemInited' '()Z' in 'jdk/internal/misc/VM')}
  0x00007fdf3953a9b8: 0000 48ba | 28d8 14d8 | de7f 0000 | ff82 6801 | 0000 ba01 | 0000 00e9 | 0500 0000 | ba00 0000 
  0x00007fdf3953a9d8: 0083 e201 

  0x00007fdf3953a9dc: ;   {metadata(method data for {method} {0x00007fde9307b970} 'loadClassOrNull' '(Ljava/lang/String;Z)Ljava/lang/Class;' in 'jdk/internal/loader/BuiltinClassLoader')}
  0x00007fdf3953a9dc: 83fa 0048 | ba98 3f20 | d8de 7f00 | 0048 c7c1 | 9802 0000 | 0f85 0700 | 0000 48c7 | c188 0200 
  0x00007fdf3953a9fc: 0048 8b3c | 0a48 8d7f | 0148 893c | 0a0f 850d | 0000 0048 | 8bbc 24a0 | 0000 00e9 | fb05 0000 
  0x00007fdf3953aa1c: ;   {metadata(method data for {method} {0x00007fde9307b970} 'loadClassOrNull' '(Ljava/lang/String;Z)Ljava/lang/Class;' in 'jdk/internal/loader/BuiltinClassLoader')}
  0x00007fdf3953aa1c: 488b d648 | b998 3f20 | d8de 7f00 | 0048 8381 | a802 0000 

  0x00007fdf3953aa30: ;   {metadata(method data for {method} {0x00007fde9343aa08} 'findClassInModuleOrNull' '(Ljdk/internal/loader/BuiltinClassLoader$LoadedModule;Ljava/lang/String;)Ljava/lang/Class;' in 'jdk/internal/loader/BuiltinClassLoader')}
  0x00007fdf3953aa30: 0148 bae0 | 4420 d8de | 7f00 008b | 8af4 0000 | 0083 c102 | 898a f400 | 0000 81e1 | feff 1f00 
  0x00007fdf3953aa50: 83f9 000f | 848d 0c00 

  0x00007fdf3953aa58: ;   {metadata(method data for {method} {0x00007fde9343aa08} 'findClassInModuleOrNull' '(Ljdk/internal/loader/BuiltinClassLoader$LoadedModule;Ljava/lang/String;)Ljava/lang/Class;' in 'jdk/internal/loader/BuiltinClassLoader')}
  0x00007fdf3953aa58: 0048 bae0 | 4420 d8de | 7f00 0048 | 8382 3801 

  0x00007fdf3953aa68: ;   {metadata(method data for {method} {0x00007fde9301e5b8} 'getSecurityManager' '()Ljava/lang/SecurityManager;' in 'java/lang/System')}
  0x00007fdf3953aa68: 0000 0148 | ba98 8604 | d8de 7f00 | 008b 8af4 | 0000 0083 | c102 898a | f400 0000 | 81e1 feff 
  0x00007fdf3953aa88: 1f00 83f9 | 000f 8474 

  0x00007fdf3953aa90: ;   {metadata(method data for {method} {0x00007fde9301e5b8} 'getSecurityManager' '()Ljava/lang/SecurityManager;' in 'java/lang/System')}
  0x00007fdf3953aa90: 0c00 0048 | ba98 8604 | d8de 7f00 | 0048 8382 | 3801 0000 

  0x00007fdf3953aaa4: ;   {metadata(method data for {method} {0x00007fde9301e6d0} 'allowSecurityManager' '()Z' in 'java/lang/System')}
  0x00007fdf3953aaa4: 0148 ba38 | 8804 d8de | 7f00 008b | 8af4 0000 | 0083 c102 | 898a f400 | 0000 81e1 | feff 1f00 
  0x00007fdf3953aac4: 83f9 000f | 845b 0c00 

  0x00007fdf3953aacc: ;   {metadata(method data for {method} {0x00007fde9301e6d0} 'allowSecurityManager' '()Z' in 'java/lang/System')}
  0x00007fdf3953aacc: 0048 ba38 | 8804 d8de | 7f00 00ff | 8248 0100 

  0x00007fdf3953aadc: ;   {metadata(method data for {method} {0x00007fde9301e6d0} 'allowSecurityManager' '()Z' in 'java/lang/System')}
  0x00007fdf3953aadc: 0048 ba38 | 8804 d8de | 7f00 00ff | 8258 0100 

  0x00007fdf3953aaec: ;   {metadata(method data for {method} {0x00007fde9301e5b8} 'getSecurityManager' '()Ljava/lang/SecurityManager;' in 'java/lang/System')}
  0x00007fdf3953aaec: 0048 ba98 | 8604 d8de | 7f00 00ff | 8258 0100 

  0x00007fdf3953aafc: ;   {oop(a 'java/lang/Class'{0x00000007fef00770} = 'java/lang/System')}
  0x00007fdf3953aafc: 0048 ba70 | 07f0 fe07 | 0000 008b | 527c 48c1 | e203 4883 

  0x00007fdf3953ab10: ;   {metadata(method data for {method} {0x00007fde9343aa08} 'findClassInModuleOrNull' '(Ljdk/internal/loader/BuiltinClassLoader$LoadedModule;Ljava/lang/String;)Ljava/lang/Class;' in 'jdk/internal/loader/BuiltinClassLoader')}
  0x00007fdf3953ab10: fa00 48ba | e044 20d8 | de7f 0000 | 48c7 c148 | 0100 000f | 8507 0000 | 0048 c7c1 | 5801 0000 
  0x00007fdf3953ab30: 488b 3c0a | 488d 7f01 | 4889 3c0a | 0f85 3700 | 0000 488b 

  0x00007fdf3953ab44: ;   {metadata(method data for {method} {0x00007fde9343aa08} 'findClassInModuleOrNull' '(Ljdk/internal/loader/BuiltinClassLoader$LoadedModule;Ljava/lang/String;)Ljava/lang/Class;' in 'jdk/internal/loader/BuiltinClassLoader')}
  0x00007fdf3953ab44: d648 b9e0 | 4420 d8de | 7f00 0048 | 8381 6801 | 0000 0148 | 8b94 2488 | 0000 0048 | 8bc8 488b 
  0x00007fdf3953ab64: fe48 8bf7 | 0f1f 8000 

  0x00007fdf3953ab6c: ;   {optimized virtual_call}
  0x00007fdf3953ab6c: 0000 00e8 

  0x00007fdf3953ab70: ; ImmutableOopMap {[152]=Oop [128]=Oop [208]=Oop }
                      ;*invokevirtual defineClass {reexecute=0 rethrow=0 return_oop=0}
                      ; - jdk.internal.loader.BuiltinClassLoader::findClassInModuleOrNull@9 (line 741)
                      ; - jdk.internal.loader.BuiltinClassLoader::loadClassOrNull@55 (line 665)
  0x00007fdf3953ab70: 310e 0000 | e98b 0300 | 000f 1f80 | 0000 0000 

  0x00007fdf3953ab80: ;   {no_reloc}
  0x00007fdf3953ab80: e9d3 0b00 | 0090 9090 | 9090 488b | b424 8000 | 0000 488b | 9424 8800 | 0000 488b 

  0x00007fdf3953ab9c: ;   {static_call}
  0x00007fdf3953ab9c: c866 90e8 

  0x00007fdf3953aba0: ; ImmutableOopMap {[152]=Oop [128]=Oop [208]=Oop }
                      ;*invokedynamic {reexecute=0 rethrow=0 return_oop=0}
                      ; - jdk.internal.loader.BuiltinClassLoader::findClassInModuleOrNull@16 (line 743)
                      ; - jdk.internal.loader.BuiltinClassLoader::loadClassOrNull@55 (line 665)
  0x00007fdf3953aba0: dc44 3707 

  0x00007fdf3953aba4: ;   {metadata(method data for {method} {0x00007fde9343aa08} 'findClassInModuleOrNull' '(Ljdk/internal/loader/BuiltinClassLoader$LoadedModule;Ljava/lang/String;)Ljava/lang/Class;' in 'jdk/internal/loader/BuiltinClassLoader')}
  0x00007fdf3953aba4: 48be e044 | 20d8 de7f | 0000 488d | b6d0 0100 | 0048 85c0 | 7510 48f7 | 0601 0000 | 0075 50f0 
  0x00007fdf3953abc4: 4883 0e01 | eb49 8b78 | 0849 ba00 | 0000 93de | 7f00 0049 | 03fa 4c8b | d748 333e | 48f7 c7fc 
  0x00007fdf3953abe4: ffff ff74 | 2a48 f7c7 | 0200 0000 | 7521 48f7 | 06fe ffff | ff74 1549 | 8bfa 4833 | 3e48 f7c7 
  0x00007fdf3953ac04: fcff ffff | 7409 4883 | 0e02 eb03 

  0x00007fdf3953ac10: ;   {metadata(method data for {method} {0x00007fde9343aa08} 'findClassInModuleOrNull' '(Ljdk/internal/loader/BuiltinClassLoader$LoadedModule;Ljava/lang/String;)Ljava/lang/Class;' in 'jdk/internal/loader/BuiltinClassLoader')}
  0x00007fdf3953ac10: 4889 3e48 | bee0 4420 | d8de 7f00 | 0048 8386 | e001 0000 

  0x00007fdf3953ac24: ;   {metadata(method data for {method} {0x00007fde93439cb8} 'doPrivileged' '(Ljava/security/PrivilegedAction;)Ljava/lang/Object;' in 'java/security/AccessController')}
  0x00007fdf3953ac24: 0148 bed0 | ef0b d8de | 7f00 008b | bef4 0000 | 0083 c702 | 89be f400 | 0000 81e7 | feff 1f00 
  0x00007fdf3953ac44: 83ff 000f | 8415 0b00 

  0x00007fdf3953ac4c: ;   {metadata(method data for {method} {0x00007fde93439cb8} 'doPrivileged' '(Ljava/security/PrivilegedAction;)Ljava/lang/Object;' in 'java/security/AccessController')}
  0x00007fdf3953ac4c: 0048 bed0 | ef0b d8de | 7f00 0048 | 8386 3801 | 0000 0148 | 8984 24a8 

  0x00007fdf3953ac64: ;   {static_call}
  0x00007fdf3953ac64: 0000 00e8 

  0x00007fdf3953ac68: ; ImmutableOopMap {[152]=Oop [128]=Oop [168]=Oop [208]=Oop }
                      ;*invokestatic getCallerClass {reexecute=0 rethrow=0 return_oop=0}
                      ; - java.security.AccessController::doPrivileged@2 (line 318)
                      ; - jdk.internal.loader.BuiltinClassLoader::findClassInModuleOrNull@23 (line 744)
                      ; - jdk.internal.loader.BuiltinClassLoader::loadClassOrNull@55 (line 665)
  0x00007fdf3953ac68: 1444 3707 

  0x00007fdf3953ac6c: ;   {metadata(method data for {method} {0x00007fde93439cb8} 'doPrivileged' '(Ljava/security/PrivilegedAction;)Ljava/lang/Object;' in 'java/security/AccessController')}
  0x00007fdf3953ac6c: 48be d0ef | 0bd8 de7f | 0000 4883 | 8648 0100 

  0x00007fdf3953ac7c: ;   {metadata(method data for {method} {0x00007fde93439280} 'executePrivileged' '(Ljava/security/PrivilegedAction;Ljava/security/AccessControlContext;Ljava/lang/Class;)Ljava/lang/Object;' in 'java/security/AccessController')}
  0x00007fdf3953ac7c: 0001 48be | 68f1 0bd8 | de7f 0000 | 8bbe f400 | 0000 83c7 | 0289 bef4 | 0000 0081 | e7fe ff1f 
  0x00007fdf3953ac9c: 0083 ff00 | 0f84 dd0a 

  0x00007fdf3953aca4: ;   {metadata(method data for {method} {0x00007fde93439280} 'executePrivileged' '(Ljava/security/PrivilegedAction;Ljava/security/AccessControlContext;Ljava/lang/Class;)Ljava/lang/Object;' in 'java/security/AccessController')}
  0x00007fdf3953aca4: 0000 48be | 68f1 0bd8 | de7f 0000 | ff86 3801 

  0x00007fdf3953acb4: ;   {metadata(method data for {method} {0x00007fde93439280} 'executePrivileged' '(Ljava/security/PrivilegedAction;Ljava/security/AccessControlContext;Ljava/lang/Class;)Ljava/lang/Object;' in 'java/security/AccessController')}
  0x00007fdf3953acb4: 0000 48be | 68f1 0bd8 | de7f 0000 | ff86 6801 | 0000 4889 | 8424 b000 | 0000 488b | 8424 a800 
  0x00007fdf3953acd4: 0000 483b | 0048 8bf0 

  0x00007fdf3953acdc: ;   {metadata(method data for {method} {0x00007fde93439280} 'executePrivileged' '(Ljava/security/PrivilegedAction;Ljava/security/AccessControlContext;Ljava/lang/Class;)Ljava/lang/Object;' in 'java/security/AccessController')}
  0x00007fdf3953acdc: 48bb 68f1 | 0bd8 de7f | 0000 8b76 | 0849 ba00 | 0000 93de | 7f00 0049 | 03f2 483b | b3d8 0100 
  0x00007fdf3953acfc: 0075 0d48 | 8383 e001 | 0000 01e9 | 6600 0000 | 483b b3e8 | 0100 0075 | 0d48 8383 | f001 0000 
  0x00007fdf3953ad1c: 01e9 5000 | 0000 4881 | bbd8 0100 | 0000 0000 | 0075 1748 | 89b3 d801 | 0000 48c7 | 83e0 0100 
  0x00007fdf3953ad3c: 0001 0000 | 00e9 2c00 | 0000 4881 | bbe8 0100 | 0000 0000 | 0075 1748 | 89b3 e801 | 0000 48c7 
  0x00007fdf3953ad5c: 83f0 0100 | 0001 0000 | 00e9 0800 | 0000 4883 | 83c8 0100 | 0001 488b | f048 b8ff | ffff ffff 
  0x00007fdf3953ad7c: ;   {virtual_call}
  0x00007fdf3953ad7c: ffff ffe8 

  0x00007fdf3953ad80: ; ImmutableOopMap {[152]=Oop [128]=Oop [176]=Oop [208]=Oop }
                      ;*invokeinterface run {reexecute=0 rethrow=0 return_oop=0}
                      ; - java.security.AccessController::executePrivileged@29 (line 776)
                      ; - java.security.AccessController::doPrivileged@5 (line 318)
                      ; - jdk.internal.loader.BuiltinClassLoader::findClassInModuleOrNull@23 (line 744)
                      ; - jdk.internal.loader.BuiltinClassLoader::loadClassOrNull@55 (line 665)
  0x00007fdf3953ad80: fc3d 3707 

  0x00007fdf3953ad84: ;   {metadata(method data for {method} {0x00007fde93439280} 'executePrivileged' '(Ljava/security/PrivilegedAction;Ljava/security/AccessControlContext;Ljava/lang/Class;)Ljava/lang/Object;' in 'java/security/AccessController')}
  0x00007fdf3953ad84: 48ba 68f1 | 0bd8 de7f | 0000 ff82 | 0002 0000 | 488b 9424 | b000 0000 

  0x00007fdf3953ad9c: ;   {metadata(method data for {method} {0x00007fde93439280} 'executePrivileged' '(Ljava/security/PrivilegedAction;Ljava/security/AccessControlContext;Ljava/lang/Class;)Ljava/lang/Object;' in 'java/security/AccessController')}
  0x00007fdf3953ad9c: 48b9 68f1 | 0bd8 de7f | 0000 4883 | 8160 0200 

  0x00007fdf3953adac: ;   {metadata(method data for {method} {0x00007fde9304f960} 'reachabilityFence' '(Ljava/lang/Object;)V' in 'java/lang/ref/Reference')}
  0x00007fdf3953adac: 0001 48b9 | 506a 05d8 | de7f 0000 | 8bb1 f400 | 0000 83c6 | 0289 b1f4 | 0000 0081 | e6fe ff1f 
  0x00007fdf3953adcc: 0083 fe00 | 0f84 d309 

  0x00007fdf3953add4: ;   {metadata(method data for {method} {0x00007fde93439280} 'executePrivileged' '(Ljava/security/PrivilegedAction;Ljava/security/AccessControlContext;Ljava/lang/Class;)Ljava/lang/Object;' in 'java/security/AccessController')}
  0x00007fdf3953add4: 0000 48ba | 68f1 0bd8 | de7f 0000 | 4883 8270 | 0200 0001 

  0x00007fdf3953ade8: ;   {metadata(method data for {method} {0x00007fde9304f960} 'reachabilityFence' '(Ljava/lang/Object;)V' in 'java/lang/ref/Reference')}
  0x00007fdf3953ade8: 48ba 506a | 05d8 de7f | 0000 8b8a | f400 0000 | 83c1 0289 | 8af4 0000 | 0081 e1fe | ff1f 0083 
  0x00007fdf3953ae08: f900 0f84 | ba09 0000 | 4883 f800 

  0x00007fdf3953ae14: ;   {metadata(method data for {method} {0x00007fde9343aa08} 'findClassInModuleOrNull' '(Ljdk/internal/loader/BuiltinClassLoader$LoadedModule;Ljava/lang/String;)Ljava/lang/Class;' in 'jdk/internal/loader/BuiltinClassLoader')}
  0x00007fdf3953ae14: 7516 48be | e044 20d8 | de7f 0000 | 808e e901 | 0000 01e9 | d200 0000 

  0x00007fdf3953ae2c: ;   {metadata('java/lang/Class')}
  0x00007fdf3953ae2c: 48bf 5817 | 0093 de7f | 0000 8b48 | 0849 ba00 | 0000 93de | 7f00 0049 | 03ca 483b | f90f 8593 
  0x00007fdf3953ae4c: ;   {metadata(method data for {method} {0x00007fde9343aa08} 'findClassInModuleOrNull' '(Ljdk/internal/loader/BuiltinClassLoader$LoadedModule;Ljava/lang/String;)Ljava/lang/Class;' in 'jdk/internal/loader/BuiltinClassLoader')}
  0x00007fdf3953ae4c: 0000 0048 | bee0 4420 | d8de 7f00 | 008b 7808 | 49ba 0000 | 0093 de7f | 0000 4903 | fa48 3bbe 
  0x00007fdf3953ae6c: 0002 0000 | 750d 4883 | 8608 0200 | 0001 e97f | 0000 0048 | 3bbe 1002 | 0000 750d | 4883 8618 
  0x00007fdf3953ae8c: 0200 0001 | e969 0000 | 0048 81be | 0002 0000 | 0000 0000 | 7517 4889 | be00 0200 | 0048 c786 
  0x00007fdf3953aeac: 0802 0000 | 0100 0000 | e945 0000 | 0048 81be | 1002 0000 | 0000 0000 | 7517 4889 | be10 0200 
  0x00007fdf3953aecc: 0048 c786 | 1802 0000 | 0100 0000 | e921 0000 | 00e9 1c00 

  0x00007fdf3953aee0: ;   {metadata(method data for {method} {0x00007fde9343aa08} 'findClassInModuleOrNull' '(Ljdk/internal/loader/BuiltinClassLoader$LoadedModule;Ljava/lang/String;)Ljava/lang/Class;' in 'jdk/internal/loader/BuiltinClassLoader')}
  0x00007fdf3953aee0: 0000 48be | e044 20d8 | de7f 0000 | 4883 aef0 | 0100 0001 | e9f2 0800 | 00e9 0000 | 0000 488b 
  0x00007fdf3953af00: d048 8bc2 

  0x00007fdf3953af04: ;   {metadata(method data for {method} {0x00007fde9307b970} 'loadClassOrNull' '(Ljava/lang/String;Z)Ljava/lang/Class;' in 'jdk/internal/loader/BuiltinClassLoader')}
  0x00007fdf3953af04: 48ba 983f | 20d8 de7f | 0000 ff82 | e002 0000 | 488b f8e9 | fb00 0000 

  0x00007fdf3953af1c: ; implicit exception: dispatches to 0x00007fdf3953b7f4
  0x00007fdf3953af1c: 483b 0748 

  0x00007fdf3953af20: ;   {metadata(method data for {method} {0x00007fde9307b970} 'loadClassOrNull' '(Ljava/lang/String;Z)Ljava/lang/Class;' in 'jdk/internal/loader/BuiltinClassLoader')}
  0x00007fdf3953af20: 8bd7 48b9 | 983f 20d8 | de7f 0000 | 4883 81f8 | 0200 0001 

  0x00007fdf3953af34: ;   {metadata(method data for {method} {0x00007fde9343aab8} 'loadClassOrNull' '(Ljava/lang/String;)Ljava/lang/Class;' in 'jdk/internal/loader/BuiltinClassLoader')}
  0x00007fdf3953af34: 48ba 204d | 20d8 de7f | 0000 8b8a | f400 0000 | 83c1 0289 | 8af4 0000 | 0081 e1fe | ff1f 0083 
  0x00007fdf3953af54: f900 0f84 | 9d08 0000 

  0x00007fdf3953af5c: ;   {metadata(method data for {method} {0x00007fde9343aab8} 'loadClassOrNull' '(Ljava/lang/String;)Ljava/lang/Class;' in 'jdk/internal/loader/BuiltinClassLoader')}
  0x00007fdf3953af5c: 488b d748 | b920 4d20 | d8de 7f00 | 008b 5208 | 49ba 0000 | 0093 de7f | 0000 4903 | d248 3b91 
  0x00007fdf3953af7c: 4801 0000 | 750d 4883 | 8150 0100 | 0001 e966 | 0000 0048 | 3b91 5801 | 0000 750d | 4883 8160 
  0x00007fdf3953af9c: 0100 0001 | e950 0000 | 0048 81b9 | 4801 0000 | 0000 0000 | 7517 4889 | 9148 0100 | 0048 c781 
  0x00007fdf3953afbc: 5001 0000 | 0100 0000 | e92c 0000 | 0048 81b9 | 5801 0000 | 0000 0000 | 7517 4889 | 9158 0100 
  0x00007fdf3953afdc: 0048 c781 | 6001 0000 | 0100 0000 | e908 0000 | 0048 8381 | 3801 0000 | 0148 8b94 | 2488 0000 
  0x00007fdf3953affc: 00b9 0000 | 0000 488b | f748 b840 | 8619 93de 

  0x00007fdf3953b00c: ;   {virtual_call}
  0x00007fdf3953b00c: 7f00 00e8 

  0x00007fdf3953b010: ; ImmutableOopMap {[152]=Oop [128]=Oop [208]=Oop }
                      ;*invokevirtual loadClassOrNull {reexecute=0 rethrow=0 return_oop=0}
                      ; - jdk.internal.loader.BuiltinClassLoader::loadClassOrNull@3 (line 700)
                      ; - jdk.internal.loader.BuiltinClassLoader::loadClassOrNull@66 (line 669)
  0x00007fdf3953b010: 4cfb 3607 

  0x00007fdf3953b014: ;   {metadata(method data for {method} {0x00007fde9307b970} 'loadClassOrNull' '(Ljava/lang/String;Z)Ljava/lang/Class;' in 'jdk/internal/loader/BuiltinClassLoader')}
  0x00007fdf3953b014: 488b f848 | ba98 3f20 | d8de 7f00 | 00ff 8230 | 0300 00e9 | 0b04 0000 | 8b7e 5448 | c1e7 0348 
  0x00007fdf3953b034: ;   {metadata(method data for {method} {0x00007fde9307b970} 'loadClassOrNull' '(Ljava/lang/String;Z)Ljava/lang/Class;' in 'jdk/internal/loader/BuiltinClassLoader')}
  0x00007fdf3953b034: 83ff 0048 | ba98 3f20 | d8de 7f00 | 0048 c7c1 | 5803 0000 | 0f85 0700 | 0000 48c7 | c148 0300 
  0x00007fdf3953b054: 0048 8b1c | 0a48 8d5b | 0148 891c | 0a0f 850d | 0000 0048 | 8bbc 24a0 | 0000 00e9 | fb00 0000 
  0x00007fdf3953b074: ; implicit exception: dispatches to 0x00007fdf3953b81a
  0x00007fdf3953b074: 483b 0748 

  0x00007fdf3953b078: ;   {metadata(method data for {method} {0x00007fde9307b970} 'loadClassOrNull' '(Ljava/lang/String;Z)Ljava/lang/Class;' in 'jdk/internal/loader/BuiltinClassLoader')}
  0x00007fdf3953b078: 8bd7 48b9 | 983f 20d8 | de7f 0000 | 4883 8168 | 0300 0001 

  0x00007fdf3953b08c: ;   {metadata(method data for {method} {0x00007fde9343aab8} 'loadClassOrNull' '(Ljava/lang/String;)Ljava/lang/Class;' in 'jdk/internal/loader/BuiltinClassLoader')}
  0x00007fdf3953b08c: 48ba 204d | 20d8 de7f | 0000 8b8a | f400 0000 | 83c1 0289 | 8af4 0000 | 0081 e1fe | ff1f 0083 
  0x00007fdf3953b0ac: f900 0f84 | 6b07 0000 

  0x00007fdf3953b0b4: ;   {metadata(method data for {method} {0x00007fde9343aab8} 'loadClassOrNull' '(Ljava/lang/String;)Ljava/lang/Class;' in 'jdk/internal/loader/BuiltinClassLoader')}
  0x00007fdf3953b0b4: 488b d748 | b920 4d20 | d8de 7f00 | 008b 5208 | 49ba 0000 | 0093 de7f | 0000 4903 | d248 3b91 
  0x00007fdf3953b0d4: 4801 0000 | 750d 4883 | 8150 0100 | 0001 e966 | 0000 0048 | 3b91 5801 | 0000 750d | 4883 8160 
  0x00007fdf3953b0f4: 0100 0001 | e950 0000 | 0048 81b9 | 4801 0000 | 0000 0000 | 7517 4889 | 9148 0100 | 0048 c781 
  0x00007fdf3953b114: 5001 0000 | 0100 0000 | e92c 0000 | 0048 81b9 | 5801 0000 | 0000 0000 | 7517 4889 | 9158 0100 
  0x00007fdf3953b134: 0048 c781 | 6001 0000 | 0100 0000 | e908 0000 | 0048 8381 | 3801 0000 | 0148 8b94 | 2488 0000 
  0x00007fdf3953b154: 00b9 0000 | 0000 488b | f748 b8ff | ffff ffff 

  0x00007fdf3953b164: ;   {virtual_call}
  0x00007fdf3953b164: ffff ffe8 

  0x00007fdf3953b168: ; ImmutableOopMap {[152]=Oop [136]=Oop [128]=Oop [208]=Oop }
                      ;*invokevirtual loadClassOrNull {reexecute=0 rethrow=0 return_oop=0}
                      ; - jdk.internal.loader.BuiltinClassLoader::loadClassOrNull@3 (line 700)
                      ; - jdk.internal.loader.BuiltinClassLoader::loadClassOrNull@86 (line 676)
  0x00007fdf3953b168: bca5 4b07 | 488b f848 

  0x00007fdf3953b170: ;   {metadata(method data for {method} {0x00007fde9307b970} 'loadClassOrNull' '(Ljava/lang/String;Z)Ljava/lang/Class;' in 'jdk/internal/loader/BuiltinClassLoader')}
  0x00007fdf3953b170: 83ff 0048 | ba98 3f20 | d8de 7f00 | 0048 c7c6 | a003 0000 | 0f85 0700 | 0000 48c7 | c6b0 0300 
  0x00007fdf3953b190: 0048 8b1c | 3248 8d5b | 0148 891c | 320f 8594 | 0200 0048 | 8bb4 2480 | 0000 0048 

  0x00007fdf3953b1ac: ;   {metadata(method data for {method} {0x00007fde9307b970} 'loadClassOrNull' '(Ljava/lang/String;Z)Ljava/lang/Class;' in 'jdk/internal/loader/BuiltinClassLoader')}
  0x00007fdf3953b1ac: 8bd6 48bb | 983f 20d8 | de7f 0000 | 8b52 0849 | ba00 0000 | 93de 7f00 | 0049 03d2 | 483b 93d0 
  0x00007fdf3953b1cc: 0300 0075 | 0d48 8383 | d803 0000 | 01e9 6600 | 0000 483b | 93e0 0300 | 0075 0d48 | 8383 e803 
  0x00007fdf3953b1ec: 0000 01e9 | 5000 0000 | 4881 bbd0 | 0300 0000 | 0000 0075 | 1748 8993 | d003 0000 | 48c7 83d8 
  0x00007fdf3953b20c: 0300 0001 | 0000 00e9 | 2c00 0000 | 4881 bbe0 | 0300 0000 | 0000 0075 | 1748 8993 | e003 0000 
  0x00007fdf3953b22c: 48c7 83e8 | 0300 0001 | 0000 00e9 | 0800 0000 | 4883 83c0 | 0300 0001 

  0x00007fdf3953b244: ;   {metadata(method data for {method} {0x00007fde9307b918} 'hasClassPath' '()Z' in 'jdk/internal/loader/BuiltinClassLoader')}
  0x00007fdf3953b244: 48ba d84e | 20d8 de7f | 0000 8b9a | f400 0000 | 83c3 0289 | 9af4 0000 | 0081 e3fe | ff1f 0083 
  0x00007fdf3953b264: fb00 0f84 | d405 0000 | 8b56 5848 | c1e2 0348 

  0x00007fdf3953b274: ;   {metadata(method data for {method} {0x00007fde9307b918} 'hasClassPath' '()Z' in 'jdk/internal/loader/BuiltinClassLoader')}
  0x00007fdf3953b274: 83fa 0048 | bad8 4e20 | d8de 7f00 | 0048 c7c3 | 3801 0000 | 0f84 0700 | 0000 48c7 | c348 0100 
  0x00007fdf3953b294: 0048 8b04 | 1a48 8d40 | 0148 8904 | 1a0f 841a 

  0x00007fdf3953b2a4: ;   {metadata(method data for {method} {0x00007fde9307b918} 'hasClassPath' '()Z' in 'jdk/internal/loader/BuiltinClassLoader')}
  0x00007fdf3953b2a4: 0000 0048 | bad8 4e20 | d8de 7f00 | 00ff 8258 | 0100 00ba | 0100 0000 | e905 0000 | 00ba 0000 
  0x00007fdf3953b2c4: 0000 83e2 | 0183 fa00 

  0x00007fdf3953b2cc: ;   {metadata(method data for {method} {0x00007fde9307b970} 'loadClassOrNull' '(Ljava/lang/String;Z)Ljava/lang/Class;' in 'jdk/internal/loader/BuiltinClassLoader')}
  0x00007fdf3953b2cc: 48ba 983f | 20d8 de7f | 0000 48c7 | c3f8 0300 | 000f 8407 | 0000 0048 | c7c3 0804 | 0000 488b 
  0x00007fdf3953b2ec: 041a 488d | 4001 4889 | 041a 0f84 | 3b01 0000 

  0x00007fdf3953b2fc: ;   {metadata(method data for {method} {0x00007fde9307b970} 'loadClassOrNull' '(Ljava/lang/String;Z)Ljava/lang/Class;' in 'jdk/internal/loader/BuiltinClassLoader')}
  0x00007fdf3953b2fc: 48ba 983f | 20d8 de7f | 0000 4883 | 8218 0400 

  0x00007fdf3953b30c: ;   {metadata(method data for {method} {0x00007fde9341fa38} 'isModuleSystemInited' '()Z' in 'jdk/internal/misc/VM')}
  0x00007fdf3953b30c: 0001 48ba | 28d8 14d8 | de7f 0000 | 8b9a f400 | 0000 83c3 | 0289 9af4 | 0000 0081 | e3fe ff1f 
  0x00007fdf3953b32c: 0083 fb00 | 0f84 2b05 

  0x00007fdf3953b334: ;   {metadata(method data for {method} {0x00007fde9341fa38} 'isModuleSystemInited' '()Z' in 'jdk/internal/misc/VM')}
  0x00007fdf3953b334: 0000 48ba | 28d8 14d8 | de7f 0000 | 4883 8238 | 0100 0001 

  0x00007fdf3953b348: ;   {metadata(method data for {method} {0x00007fde9341f828} 'initLevel' '()I' in 'jdk/internal/misc/VM')}
  0x00007fdf3953b348: 48ba e0d9 | 14d8 de7f | 0000 8b9a | f400 0000 | 83c3 0289 | 9af4 0000 | 0081 e3fe | ff1f 0083 
  0x00007fdf3953b368: fb00 0f84 | 1205 0000 

  0x00007fdf3953b370: ;   {oop(a 'java/lang/Class'{0x00000007fef0b218} = 'jdk/internal/misc/VM')}
  0x00007fdf3953b370: 48ba 18b2 | f0fe 0700 | 0000 8b92 | 9400 0000 

  0x00007fdf3953b380: ;   {metadata(method data for {method} {0x00007fde9341fa38} 'isModuleSystemInited' '()Z' in 'jdk/internal/misc/VM')}
  0x00007fdf3953b380: 83fa 0248 | ba28 d814 | d8de 7f00 | 0048 c7c3 | 4801 0000 | 0f8c 0700 | 0000 48c7 | c358 0100 
  0x00007fdf3953b3a0: 0048 8b04 | 1a48 8d40 | 0148 8904 | 1a0f 8c1a 

  0x00007fdf3953b3b0: ;   {metadata(method data for {method} {0x00007fde9341fa38} 'isModuleSystemInited' '()Z' in 'jdk/internal/misc/VM')}
  0x00007fdf3953b3b0: 0000 0048 | ba28 d814 | d8de 7f00 | 00ff 8268 | 0100 00ba | 0100 0000 | e905 0000 | 00ba 0000 
  0x00007fdf3953b3d0: 0000 83e2 | 0183 fa00 

  0x00007fdf3953b3d8: ;   {metadata(method data for {method} {0x00007fde9307b970} 'loadClassOrNull' '(Ljava/lang/String;Z)Ljava/lang/Class;' in 'jdk/internal/loader/BuiltinClassLoader')}
  0x00007fdf3953b3d8: 48ba 983f | 20d8 de7f | 0000 48c7 | c328 0400 | 000f 8407 | 0000 0048 | c7c3 3804 | 0000 488b 
  0x00007fdf3953b3f8: 041a 488d | 4001 4889 | 041a 0f84 | 2f00 0000 | 488b 9424 | 8800 0000 

  0x00007fdf3953b410: ;   {metadata(method data for {method} {0x00007fde9307b970} 'loadClassOrNull' '(Ljava/lang/String;Z)Ljava/lang/Class;' in 'jdk/internal/loader/BuiltinClassLoader')}
  0x00007fdf3953b410: 488b fe48 | bb98 3f20 | d8de 7f00 | 0048 8383 | 4804 0000 | 0148 8bfe | 488b f70f 

  0x00007fdf3953b42c: ;   {optimized virtual_call}
  0x00007fdf3953b42c: 1f40 00e8 

  0x00007fdf3953b430: ; ImmutableOopMap {[152]=Oop [128]=Oop [208]=Oop }
                      ;*invokevirtual findClassOnClassPathOrNull {reexecute=0 rethrow=0 return_oop=0}
                      ; - jdk.internal.loader.BuiltinClassLoader::loadClassOrNull@111 (line 681)
  0x00007fdf3953b430: 6c93 0400 | 488b f88b | 8c24 9000 | 0000 83f9 

  0x00007fdf3953b440: ;   {metadata(method data for {method} {0x00007fde9307b970} 'loadClassOrNull' '(Ljava/lang/String;Z)Ljava/lang/Class;' in 'jdk/internal/loader/BuiltinClassLoader')}
  0x00007fdf3953b440: 0048 b898 | 3f20 d8de | 7f00 0048 | c7c2 8004 | 0000 0f84 | 0700 0000 | 48c7 c290 | 0400 0048 
  0x00007fdf3953b460: 8b34 1048 | 8d76 0148 | 8934 100f | 84aa 0000 | 0048 83ff 

  0x00007fdf3953b474: ;   {metadata(method data for {method} {0x00007fde9307b970} 'loadClassOrNull' '(Ljava/lang/String;Z)Ljava/lang/Class;' in 'jdk/internal/loader/BuiltinClassLoader')}
  0x00007fdf3953b474: 0048 b898 | 3f20 d8de | 7f00 0048 | c7c2 a004 | 0000 0f84 | 0700 0000 | 48c7 c2b0 | 0400 0048 
  0x00007fdf3953b494: 8b34 1048 | 8d76 0148 | 8934 100f | 8476 0000 | 0048 8bb4 | 2480 0000 

  0x00007fdf3953b4ac: ;   {metadata(method data for {method} {0x00007fde9307b970} 'loadClassOrNull' '(Ljava/lang/String;Z)Ljava/lang/Class;' in 'jdk/internal/loader/BuiltinClassLoader')}
  0x00007fdf3953b4ac: 0048 b898 | 3f20 d8de | 7f00 0048 | 8380 c004 

  0x00007fdf3953b4bc: ;   {metadata(method data for {method} {0x00007fde93010de0} 'resolveClass' '(Ljava/lang/Class;)V' in 'java/lang/ClassLoader')}
  0x00007fdf3953b4bc: 0000 0148 | b890 5320 | d8de 7f00 | 008b 90f4 | 0000 0083 | c202 8990 | f400 0000 | 81e2 feff 
  0x00007fdf3953b4dc: 1f00 83fa | 000f 84bc | 0300 0048 

  0x00007fdf3953b4e8: ;   {metadata(method data for {method} {0x00007fde93010de0} 'resolveClass' '(Ljava/lang/Class;)V' in 'java/lang/ClassLoader')}
  0x00007fdf3953b4e8: 83ff 0048 | b890 5320 | d8de 7f00 | 0048 c7c2 | 4801 0000 | 0f84 0700 | 0000 48c7 | c238 0100 
  0x00007fdf3953b508: 0048 8b34 | 1048 8d76 | 0148 8934 | 100f 843c | 0000 0048 | 8d84 24c8 | 0000 0048 | 8b10 4885 
  0x00007fdf3953b528: d20f 840f | 0000 0048 | 8b70 08f0 | 480f b116 | 0f85 8603 | 0000 488b | c748 81c4 | e000 0000 
  0x00007fdf3953b548: ;   {poll_return}
  0x00007fdf3953b548: 5d49 3ba7 | 4003 0000 | 0f87 8403 | 0000 c348 | 89bc 24c0 | 0000 0090 

  0x00007fdf3953b560: ;   {no_reloc}
  0x00007fdf3953b560: e99a 0300 | 0000 0000 | 0000 498b | 8708 0100 | 0048 8d78 | 3049 3bbf | 1801 0000 | 0f87 8703 
  0x00007fdf3953b580: 0000 4989 | bf08 0100 | 0048 c700 | 0100 0000 | 488b ca49 | ba00 0000 | 93de 7f00 | 0049 2bca 
  0x00007fdf3953b5a0: 8948 0848 | 33c9 8948 | 0c48 33c9 | 4889 4810 | 4889 4818 | 4889 4820 | 4889 4828 

  0x00007fdf3953b5bc: ;   {metadata(method data for {method} {0x00007fde93010de0} 'resolveClass' '(Ljava/lang/Class;)V' in 'java/lang/ClassLoader')}
  0x00007fdf3953b5bc: 488b f048 | bf90 5320 | d8de 7f00 | 0048 8387 | 5801 0000 | 0148 8bf0 | 4889 8424 | b800 0000 
  0x00007fdf3953b5dc: ;   {optimized virtual_call}
  0x00007fdf3953b5dc: 6666 90e8 

  0x00007fdf3953b5e0: ; ImmutableOopMap {[184]=Oop [192]=Oop [152]=Oop [208]=Oop }
                      ;*invokespecial <init> {reexecute=0 rethrow=0 return_oop=0}
                      ; - java.lang.ClassLoader::resolveClass@8 (line 1228)
                      ; - jdk.internal.loader.BuiltinClassLoader::loadClassOrNull@128 (line 688)
  0x00007fdf3953b5e0: 9c30 3707 | 488b 8424 

  0x00007fdf3953b5e8: ; ImmutableOopMap {[192]=Oop [152]=Oop [208]=Oop rax=Oop }
                      ;*athrow {reexecute=1 rethrow=0 return_oop=0}
                      ; - (reexecute) java.lang.ClassLoader::resolveClass@11 (line 1228)
                      ; - jdk.internal.loader.BuiltinClassLoader::loadClassOrNull@128 (line 688)
  0x00007fdf3953b5e8: b800 0000 

  0x00007fdf3953b5ec: ;   {section_word}
  0x00007fdf3953b5ec: 48ba ecb5 | 5339 df7f 

  0x00007fdf3953b5f4: ;   {runtime_call handle_exception_nofpu Runtime1 stub}
  0x00007fdf3953b5f4: 0000 e885 | 8438 0790 | 498b 87d0 | 0300 004d | 33d2 4d89 | 97d0 0300 | 004d 33d2 | 4d89 97d8 
  0x00007fdf3953b614: 0300 0048 | 8bf0 488d | 8424 c800 | 0000 488b | 3848 85ff | 0f84 0f00 | 0000 488b | 5808 f048 
  0x00007fdf3953b634: 0fb1 3b0f | 85d9 0200 | 0048 8bc6 | e906 0300 

  0x00007fdf3953b644: ;   {metadata({method} {0x00007fde9307b970} 'loadClassOrNull' '(Ljava/lang/String;Z)Ljava/lang/Class;' in 'jdk/internal/loader/BuiltinClassLoader')}
  0x00007fdf3953b644: 0049 ba70 | b907 93de | 7f00 004c | 8954 2408 | 48c7 0424 | ffff ffff 

  0x00007fdf3953b65c: ;   {runtime_call counter_overflow Runtime1 stub}
  0x00007fdf3953b65c: e81f e041 

  0x00007fdf3953b660: ; ImmutableOopMap {rsi=Oop [128]=Oop rdx=Oop }
                      ;*synchronization entry
                      ; - jdk.internal.loader.BuiltinClassLoader::loadClassOrNull@-1 (line 651)
  0x00007fdf3953b660: 07e9 b9ef 

  0x00007fdf3953b664: ;   {runtime_call throw_null_pointer_exception Runtime1 stub}
  0x00007fdf3953b664: ffff e8b5 

  0x00007fdf3953b668: ; ImmutableOopMap {[128]=Oop [136]=Oop rdi=Oop [152]=Oop }
                      ;*monitorenter {reexecute=0 rethrow=0 return_oop=0}
                      ; - jdk.internal.loader.BuiltinClassLoader::loadClassOrNull@7 (line 651)
  0x00007fdf3953b668: 9f38 0748 | 897c 2408 | 4889 3424 

  0x00007fdf3953b674: ;   {runtime_call monitorenter_nofpu Runtime1 stub}
  0x00007fdf3953b674: e807 b641 

  0x00007fdf3953b678: ; ImmutableOopMap {[128]=Oop [136]=Oop rdi=Oop [152]=Oop [208]=Oop }
                      ;*monitorenter {reexecute=0 rethrow=0 return_oop=0}
                      ; - jdk.internal.loader.BuiltinClassLoader::loadClassOrNull@7 (line 651)
  0x00007fdf3953b678: 07e9 9df0 

  0x00007fdf3953b67c: ;   {metadata({method} {0x00007fde93010d30} 'findLoadedClass' '(Ljava/lang/String;)Ljava/lang/Class;' in 'java/lang/ClassLoader')}
  0x00007fdf3953b67c: ffff 49ba | 300d 0193 | de7f 0000 | 4c89 5424 | 0848 c704 | 24ff ffff 

  0x00007fdf3953b694: ;   {runtime_call counter_overflow Runtime1 stub}
  0x00007fdf3953b694: ffe8 e6df 

  0x00007fdf3953b698: ; ImmutableOopMap {[128]=Oop [136]=Oop [152]=Oop [208]=Oop }
                      ;*synchronization entry
                      ; - java.lang.ClassLoader::findLoadedClass@-1 (line 1288)
                      ; - jdk.internal.loader.BuiltinClassLoader::loadClassOrNull@10 (line 653)
  0x00007fdf3953b698: 4107 e9be 

  0x00007fdf3953b69c: ;   {runtime_call throw_null_pointer_exception Runtime1 stub}
  0x00007fdf3953b69c: f0ff ffe8 

  0x00007fdf3953b6a0: ; ImmutableOopMap {[152]=Oop [136]=Oop [160]=Oop rax=Oop rsi=Oop [128]=Oop [208]=Oop }
                      ;*invokevirtual loader {reexecute=0 rethrow=0 return_oop=0}
                      ; - jdk.internal.loader.BuiltinClassLoader::loadClassOrNull@34 (line 662)
  0x00007fdf3953b6a0: 7c9f 3807 

  0x00007fdf3953b6a4: ;   {metadata({method} {0x00007fde9341fa38} 'isModuleSystemInited' '()Z' in 'jdk/internal/misc/VM')}
  0x00007fdf3953b6a4: 49ba 38fa | 4193 de7f | 0000 4c89 | 5424 0848 | c704 24ff 

  0x00007fdf3953b6b8: ;   {runtime_call counter_overflow Runtime1 stub}
  0x00007fdf3953b6b8: ffff ffe8 

  0x00007fdf3953b6bc: ; ImmutableOopMap {[152]=Oop [136]=Oop [160]=Oop rax=Oop rsi=Oop [128]=Oop [208]=Oop }
                      ;*synchronization entry
                      ; - jdk.internal.misc.VM::isModuleSystemInited@-1 (line 94)
                      ; - jdk.internal.loader.BuiltinClassLoader::loadClassOrNull@45 (line 664)
  0x00007fdf3953b6bc: c0df 4107 | e978 f2ff 

  0x00007fdf3953b6c4: ;   {metadata({method} {0x00007fde9341f828} 'initLevel' '()I' in 'jdk/internal/misc/VM')}
  0x00007fdf3953b6c4: ff49 ba28 | f841 93de | 7f00 004c | 8954 2408 | 48c7 0424 | ffff ffff 

  0x00007fdf3953b6dc: ;   {runtime_call counter_overflow Runtime1 stub}
  0x00007fdf3953b6dc: e89f df41 

  0x00007fdf3953b6e0: ; ImmutableOopMap {[152]=Oop [136]=Oop [160]=Oop rax=Oop rsi=Oop [128]=Oop [208]=Oop }
                      ;*synchronization entry
                      ; - jdk.internal.misc.VM::initLevel@-1 (line 73)
                      ; - jdk.internal.misc.VM::isModuleSystemInited@0 (line 94)
                      ; - jdk.internal.loader.BuiltinClassLoader::loadClassOrNull@45 (line 664)
  0x00007fdf3953b6e0: 07e9 91f2 

  0x00007fdf3953b6e4: ;   {metadata({method} {0x00007fde9343aa08} 'findClassInModuleOrNull' '(Ljdk/internal/loader/BuiltinClassLoader$LoadedModule;Ljava/lang/String;)Ljava/lang/Class;' in 'jdk/internal/loader/BuiltinClassLoader')}
  0x00007fdf3953b6e4: ffff 49ba | 08aa 4393 | de7f 0000 | 4c89 5424 | 0848 c704 | 24ff ffff 

  0x00007fdf3953b6fc: ;   {runtime_call counter_overflow Runtime1 stub}
  0x00007fdf3953b6fc: ffe8 7edf 

  0x00007fdf3953b700: ; ImmutableOopMap {[152]=Oop rsi=Oop [128]=Oop [136]=Oop rax=Oop [208]=Oop }
                      ;*synchronization entry
                      ; - jdk.internal.loader.BuiltinClassLoader::findClassInModuleOrNull@-1 (line 740)
                      ; - jdk.internal.loader.BuiltinClassLoader::loadClassOrNull@55 (line 665)
  0x00007fdf3953b700: 4107 e952 

  0x00007fdf3953b704: ;   {metadata({method} {0x00007fde9301e5b8} 'getSecurityManager' '()Ljava/lang/SecurityManager;' in 'java/lang/System')}
  0x00007fdf3953b704: f3ff ff49 | bab8 e501 | 93de 7f00 | 004c 8954 | 2408 48c7 | 0424 ffff 

  0x00007fdf3953b71c: ;   {runtime_call counter_overflow Runtime1 stub}
  0x00007fdf3953b71c: ffff e85d 

  0x00007fdf3953b720: ; ImmutableOopMap {[152]=Oop rsi=Oop [128]=Oop [136]=Oop rax=Oop [208]=Oop }
                      ;*synchronization entry
                      ; - java.lang.System::getSecurityManager@-1 (line 484)
                      ; - jdk.internal.loader.BuiltinClassLoader::findClassInModuleOrNull@0 (line 740)
                      ; - jdk.internal.loader.BuiltinClassLoader::loadClassOrNull@55 (line 665)
  0x00007fdf3953b720: df41 07e9 | 6bf3 ffff 

  0x00007fdf3953b728: ;   {metadata({method} {0x00007fde9301e6d0} 'allowSecurityManager' '()Z' in 'java/lang/System')}
  0x00007fdf3953b728: 49ba d0e6 | 0193 de7f | 0000 4c89 | 5424 0848 | c704 24ff 

  0x00007fdf3953b73c: ;   {runtime_call counter_overflow Runtime1 stub}
  0x00007fdf3953b73c: ffff ffe8 

  0x00007fdf3953b740: ; ImmutableOopMap {[152]=Oop rsi=Oop [128]=Oop [136]=Oop rax=Oop [208]=Oop }
                      ;*synchronization entry
                      ; - java.lang.System::allowSecurityManager@-1 (line 194)
                      ; - java.lang.System::getSecurityManager@0 (line 484)
                      ; - jdk.internal.loader.BuiltinClassLoader::findClassInModuleOrNull@0 (line 740)
                      ; - jdk.internal.loader.BuiltinClassLoader::loadClassOrNull@55 (line 665)
  0x00007fdf3953b740: 3cdf 4107 | e984 f3ff | ff49 b800 | 0000 0000 | 0000 00b8 | 000f 050a 

  0x00007fdf3953b758: ;   {runtime_call load_appendix_patching Runtime1 stub}
  0x00007fdf3953b758: e8a3 d541 

  0x00007fdf3953b75c: ; ImmutableOopMap {[152]=Oop [128]=Oop [136]=Oop rax=Oop [208]=Oop }
                      ;*invokedynamic {reexecute=1 rethrow=0 return_oop=0}
                      ; - (reexecute) jdk.internal.loader.BuiltinClassLoader::findClassInModuleOrNull@16 (line 743)
                      ; - jdk.internal.loader.BuiltinClassLoader::loadClassOrNull@55 (line 665)
  0x00007fdf3953b75c: 07e9 1ef4 

  0x00007fdf3953b760: ;   {metadata({method} {0x00007fde93439cb8} 'doPrivileged' '(Ljava/security/PrivilegedAction;)Ljava/lang/Object;' in 'java/security/AccessController')}
  0x00007fdf3953b760: ffff 49ba | b89c 4393 | de7f 0000 | 4c89 5424 | 0848 c704 | 24ff ffff 

  0x00007fdf3953b778: ;   {runtime_call counter_overflow Runtime1 stub}
  0x00007fdf3953b778: ffe8 02df 

  0x00007fdf3953b77c: ; ImmutableOopMap {[152]=Oop [128]=Oop rax=Oop [208]=Oop }
                      ;*synchronization entry
                      ; - java.security.AccessController::doPrivileged@-1 (line 318)
                      ; - jdk.internal.loader.BuiltinClassLoader::findClassInModuleOrNull@23 (line 744)
                      ; - jdk.internal.loader.BuiltinClassLoader::loadClassOrNull@55 (line 665)
  0x00007fdf3953b77c: 4107 e9ca 

  0x00007fdf3953b780: ;   {metadata({method} {0x00007fde93439280} 'executePrivileged' '(Ljava/security/PrivilegedAction;Ljava/security/AccessControlContext;Ljava/lang/Class;)Ljava/lang/Object;' in 'java/security/AccessController')}
  0x00007fdf3953b780: f4ff ff49 | ba80 9243 | 93de 7f00 | 004c 8954 | 2408 48c7 | 0424 ffff 

  0x00007fdf3953b798: ;   {runtime_call counter_overflow Runtime1 stub}
  0x00007fdf3953b798: ffff e8e1 

  0x00007fdf3953b79c: ; ImmutableOopMap {[152]=Oop [128]=Oop [168]=Oop rax=Oop [208]=Oop }
                      ;*synchronization entry
                      ; - java.security.AccessController::executePrivileged@-1 (line 771)
                      ; - java.security.AccessController::doPrivileged@5 (line 318)
                      ; - jdk.internal.loader.BuiltinClassLoader::findClassInModuleOrNull@23 (line 744)
                      ; - jdk.internal.loader.BuiltinClassLoader::loadClassOrNull@55 (line 665)
  0x00007fdf3953b79c: de41 07e9 | 02f5 ffff 

  0x00007fdf3953b7a4: ;   {runtime_call throw_null_pointer_exception Runtime1 stub}
  0x00007fdf3953b7a4: e877 9e38 

  0x00007fdf3953b7a8: ; ImmutableOopMap {[152]=Oop [128]=Oop [176]=Oop rax=Oop [208]=Oop }
                      ;*invokeinterface run {reexecute=0 rethrow=0 return_oop=0}
                      ; - java.security.AccessController::executePrivileged@29 (line 776)
                      ; - java.security.AccessController::doPrivileged@5 (line 318)
                      ; - jdk.internal.loader.BuiltinClassLoader::findClassInModuleOrNull@23 (line 744)
                      ; - jdk.internal.loader.BuiltinClassLoader::loadClassOrNull@55 (line 665)
                      ;   {metadata({method} {0x00007fde9304f960} 'reachabilityFence' '(Ljava/lang/Object;)V' in 'java/lang/ref/Reference')}
  0x00007fdf3953b7a8: 0749 ba60 | f904 93de | 7f00 004c | 8954 2408 | 48c7 0424 | ffff ffff 

  0x00007fdf3953b7c0: ;   {runtime_call counter_overflow Runtime1 stub}
  0x00007fdf3953b7c0: e8bb de41 

  0x00007fdf3953b7c4: ; ImmutableOopMap {[152]=Oop [128]=Oop rax=Oop rdx=Oop [208]=Oop }
                      ;*synchronization entry
                      ; - java.lang.ref.Reference::reachabilityFence@-1 (line 621)
                      ; - java.security.AccessController::executePrivileged@56 (line 781)
                      ; - java.security.AccessController::doPrivileged@5 (line 318)
                      ; - jdk.internal.loader.BuiltinClassLoader::findClassInModuleOrNull@23 (line 744)
                      ; - jdk.internal.loader.BuiltinClassLoader::loadClassOrNull@55 (line 665)
  0x00007fdf3953b7c4: 07e9 0cf6 

  0x00007fdf3953b7c8: ;   {metadata({method} {0x00007fde9304f960} 'reachabilityFence' '(Ljava/lang/Object;)V' in 'java/lang/ref/Reference')}
  0x00007fdf3953b7c8: ffff 49ba | 60f9 0493 | de7f 0000 | 4c89 5424 | 0848 c704 | 24ff ffff 

  0x00007fdf3953b7e0: ;   {runtime_call counter_overflow Runtime1 stub}
  0x00007fdf3953b7e0: ffe8 9ade 

  0x00007fdf3953b7e4: ; ImmutableOopMap {[152]=Oop [128]=Oop rax=Oop [208]=Oop }
                      ;*synchronization entry
                      ; - java.lang.ref.Reference::reachabilityFence@-1 (line 621)
                      ; - java.security.AccessController::executePrivileged@60 (line 782)
                      ; - java.security.AccessController::doPrivileged@5 (line 318)
                      ; - jdk.internal.loader.BuiltinClassLoader::findClassInModuleOrNull@23 (line 744)
                      ; - jdk.internal.loader.BuiltinClassLoader::loadClassOrNull@55 (line 665)
  0x00007fdf3953b7e4: 4107 e925 | f6ff ff48 

  0x00007fdf3953b7ec: ;   {runtime_call throw_class_cast_exception Runtime1 stub}
  0x00007fdf3953b7ec: 8904 24e8 

  0x00007fdf3953b7f0: ; ImmutableOopMap {[152]=Oop [128]=Oop [208]=Oop }
                      ;*checkcast {reexecute=0 rethrow=0 return_oop=0}
                      ; - jdk.internal.loader.BuiltinClassLoader::findClassInModuleOrNull@26 (line 744)
                      ; - jdk.internal.loader.BuiltinClassLoader::loadClassOrNull@55 (line 665)
  0x00007fdf3953b7f0: 2ca8 4107 

  0x00007fdf3953b7f4: ;   {runtime_call throw_null_pointer_exception Runtime1 stub}
  0x00007fdf3953b7f4: e827 9e38 

  0x00007fdf3953b7f8: ; ImmutableOopMap {[152]=Oop [128]=Oop rdi=Oop [136]=Oop [208]=Oop }
                      ;*invokevirtual loadClassOrNull {reexecute=0 rethrow=0 return_oop=0}
                      ; - jdk.internal.loader.BuiltinClassLoader::loadClassOrNull@66 (line 669)
                      ;   {metadata({method} {0x00007fde9343aab8} 'loadClassOrNull' '(Ljava/lang/String;)Ljava/lang/Class;' in 'jdk/internal/loader/BuiltinClassLoader')}
  0x00007fdf3953b7f8: 0749 bab8 | aa43 93de | 7f00 004c | 8954 2408 | 48c7 0424 | ffff ffff 

  0x00007fdf3953b810: ;   {runtime_call counter_overflow Runtime1 stub}
  0x00007fdf3953b810: e86b de41 

  0x00007fdf3953b814: ; ImmutableOopMap {[152]=Oop [128]=Oop rdi=Oop [136]=Oop [208]=Oop }
                      ;*synchronization entry
                      ; - jdk.internal.loader.BuiltinClassLoader::loadClassOrNull@-1 (line 700)
                      ; - jdk.internal.loader.BuiltinClassLoader::loadClassOrNull@66 (line 669)
  0x00007fdf3953b814: 07e9 42f7 

  0x00007fdf3953b818: ;   {runtime_call throw_null_pointer_exception Runtime1 stub}
  0x00007fdf3953b818: ffff e801 

  0x00007fdf3953b81c: ; ImmutableOopMap {[152]=Oop [136]=Oop [128]=Oop rdi=Oop [208]=Oop }
                      ;*invokevirtual loadClassOrNull {reexecute=0 rethrow=0 return_oop=0}
                      ; - jdk.internal.loader.BuiltinClassLoader::loadClassOrNull@86 (line 676)
                      ;   {metadata({method} {0x00007fde9343aab8} 'loadClassOrNull' '(Ljava/lang/String;)Ljava/lang/Class;' in 'jdk/internal/loader/BuiltinClassLoader')}
  0x00007fdf3953b81c: 9e38 0749 | bab8 aa43 | 93de 7f00 | 004c 8954 | 2408 48c7 | 0424 ffff 

  0x00007fdf3953b834: ;   {runtime_call counter_overflow Runtime1 stub}
  0x00007fdf3953b834: ffff e845 

  0x00007fdf3953b838: ; ImmutableOopMap {[152]=Oop [136]=Oop [128]=Oop rdi=Oop [208]=Oop }
                      ;*synchronization entry
                      ; - jdk.internal.loader.BuiltinClassLoader::loadClassOrNull@-1 (line 700)
                      ; - jdk.internal.loader.BuiltinClassLoader::loadClassOrNull@86 (line 676)
  0x00007fdf3953b838: de41 07e9 | 74f8 ffff 

  0x00007fdf3953b840: ;   {metadata({method} {0x00007fde9307b918} 'hasClassPath' '()Z' in 'jdk/internal/loader/BuiltinClassLoader')}
  0x00007fdf3953b840: 49ba 18b9 | 0793 de7f | 0000 4c89 | 5424 0848 | c704 24ff 

  0x00007fdf3953b854: ;   {runtime_call counter_overflow Runtime1 stub}
  0x00007fdf3953b854: ffff ffe8 

  0x00007fdf3953b858: ; ImmutableOopMap {[152]=Oop rsi=Oop [128]=Oop rdi=Oop [136]=Oop [208]=Oop }
                      ;*synchronization entry
                      ; - jdk.internal.loader.BuiltinClassLoader::hasClassPath@-1 (line 223)
                      ; - jdk.internal.loader.BuiltinClassLoader::loadClassOrNull@97 (line 680)
  0x00007fdf3953b858: 24de 4107 | e90b faff 

  0x00007fdf3953b860: ;   {metadata({method} {0x00007fde9341fa38} 'isModuleSystemInited' '()Z' in 'jdk/internal/misc/VM')}
  0x00007fdf3953b860: ff49 ba38 | fa41 93de | 7f00 004c | 8954 2408 | 48c7 0424 | ffff ffff 

  0x00007fdf3953b878: ;   {runtime_call counter_overflow Runtime1 stub}
  0x00007fdf3953b878: e803 de41 

  0x00007fdf3953b87c: ; ImmutableOopMap {[152]=Oop rsi=Oop [128]=Oop [136]=Oop rdi=Oop [208]=Oop }
                      ;*synchronization entry
                      ; - jdk.internal.misc.VM::isModuleSystemInited@-1 (line 94)
                      ; - jdk.internal.loader.BuiltinClassLoader::loadClassOrNull@103 (line 680)
  0x00007fdf3953b87c: 07e9 b4fa 

  0x00007fdf3953b880: ;   {metadata({method} {0x00007fde9341f828} 'initLevel' '()I' in 'jdk/internal/misc/VM')}
  0x00007fdf3953b880: ffff 49ba | 28f8 4193 | de7f 0000 | 4c89 5424 | 0848 c704 | 24ff ffff 

  0x00007fdf3953b898: ;   {runtime_call counter_overflow Runtime1 stub}
  0x00007fdf3953b898: ffe8 e2dd 

  0x00007fdf3953b89c: ; ImmutableOopMap {[152]=Oop rsi=Oop [128]=Oop [136]=Oop rdi=Oop [208]=Oop }
                      ;*synchronization entry
                      ; - jdk.internal.misc.VM::initLevel@-1 (line 73)
                      ; - jdk.internal.misc.VM::isModuleSystemInited@0 (line 94)
                      ; - jdk.internal.loader.BuiltinClassLoader::loadClassOrNull@103 (line 680)
  0x00007fdf3953b89c: 4107 e9cd 

  0x00007fdf3953b8a0: ;   {metadata({method} {0x00007fde93010de0} 'resolveClass' '(Ljava/lang/Class;)V' in 'java/lang/ClassLoader')}
  0x00007fdf3953b8a0: faff ff49 | bae0 0d01 | 93de 7f00 | 004c 8954 | 2408 48c7 | 0424 ffff 

  0x00007fdf3953b8b8: ;   {runtime_call counter_overflow Runtime1 stub}
  0x00007fdf3953b8b8: ffff e8c1 

  0x00007fdf3953b8bc: ; ImmutableOopMap {rdi=Oop [152]=Oop [208]=Oop }
                      ;*synchronization entry
                      ; - java.lang.ClassLoader::resolveClass@-1 (line 1227)
                      ; - jdk.internal.loader.BuiltinClassLoader::loadClassOrNull@128 (line 688)
  0x00007fdf3953b8bc: dd41 07e9 | 23fc ffff | 488d 8424 | c800 0000 | 4889 0424 

  0x00007fdf3953b8d0: ;   {runtime_call monitorexit_nofpu Runtime1 stub}
  0x00007fdf3953b8d0: e82b ba41 | 07e9 64fc 

  0x00007fdf3953b8d8: ;   {internal_word}
  0x00007fdf3953b8d8: ffff 49ba | 49b5 5339 | df7f 0000 | 4d89 9758 

  0x00007fdf3953b8e8: ;   {runtime_call SafepointBlob}
  0x00007fdf3953b8e8: 0300 00e9 | 10a0 3707 

  0x00007fdf3953b8f0: ;   {metadata(NULL)}
  0x00007fdf3953b8f0: 48ba 0000 | 0000 0000 | 0000 b800 

  0x00007fdf3953b8fc: ;   {runtime_call load_klass_patching Runtime1 stub}
  0x00007fdf3953b8fc: 0f05 0ae8 

  0x00007fdf3953b900: ; ImmutableOopMap {[192]=Oop [152]=Oop [208]=Oop }
                      ;*new {reexecute=1 rethrow=0 return_oop=0}
                      ; - (reexecute) java.lang.ClassLoader::resolveClass@4 (line 1228)
                      ; - jdk.internal.loader.BuiltinClassLoader::loadClassOrNull@128 (line 688)
  0x00007fdf3953b900: fcc6 4107 | e957 fcff | ff48 8bd2 

  0x00007fdf3953b90c: ;   {runtime_call fast_new_instance Runtime1 stub}
  0x00007fdf3953b90c: e86f 9238 

  0x00007fdf3953b910: ; ImmutableOopMap {[152]=Oop [192]=Oop [208]=Oop }
                      ;*new {reexecute=0 rethrow=0 return_oop=0}
                      ; - java.lang.ClassLoader::resolveClass@4 (line 1228)
                      ; - jdk.internal.loader.BuiltinClassLoader::loadClassOrNull@128 (line 688)
  0x00007fdf3953b910: 07e9 a6fc | ffff 488d | 8424 c800 | 0000 4889 

  0x00007fdf3953b920: ;   {runtime_call monitorexit_nofpu Runtime1 stub}
  0x00007fdf3953b920: 0424 e8d9 | b941 07e9 | 11fd ffff | 9090 498b | 87d0 0300 | 0049 c787 | d003 0000 | 0000 0000 
  0x00007fdf3953b940: 49c7 87d8 | 0300 0000 | 0000 0048 | 81c4 e000 

  0x00007fdf3953b950: ;   {runtime_call unwind_exception Runtime1 stub}
  0x00007fdf3953b950: 0000 5de9 | a8ab 3807 | f4f4 f4f4 | f4f4 f4f4 
[Stub Code]
  0x00007fdf3953b960: ;   {no_reloc}
  0x00007fdf3953b960: 0f1f 4400 

  0x00007fdf3953b964: ;   {static_stub}
  0x00007fdf3953b964: 0048 bb00 | 0000 0000 

  0x00007fdf3953b96c: ;   {runtime_call}
  0x00007fdf3953b96c: 0000 00e9 | fbff ffff 

  0x00007fdf3953b974: ;   {static_stub}
  0x00007fdf3953b974: 9048 bb00 | 0000 0000 

  0x00007fdf3953b97c: ;   {runtime_call}
  0x00007fdf3953b97c: 0000 00e9 | fbff ffff 

  0x00007fdf3953b984: ;   {static_stub}
  0x00007fdf3953b984: 9048 bb00 | 0000 0000 

  0x00007fdf3953b98c: ;   {runtime_call}
  0x00007fdf3953b98c: 0000 00e9 | fbff ffff 

  0x00007fdf3953b994: ;   {static_stub}
  0x00007fdf3953b994: 9048 bb00 | 0000 0000 

  0x00007fdf3953b99c: ;   {runtime_call}
  0x00007fdf3953b99c: 0000 00e9 | fbff ffff 

  0x00007fdf3953b9a4: ;   {static_stub}
  0x00007fdf3953b9a4: 9048 bb98 | a643 93de 

  0x00007fdf3953b9ac: ;   {runtime_call I2C/C2I adapters}
  0x00007fdf3953b9ac: 7f00 00e9 | 2dae 3707 

  0x00007fdf3953b9b4: ;   {static_stub}
  0x00007fdf3953b9b4: 9048 bb00 | 0000 0000 

  0x00007fdf3953b9bc: ;   {runtime_call}
  0x00007fdf3953b9bc: 0000 00e9 | fbff ffff 

  0x00007fdf3953b9c4: ;   {static_stub}
  0x00007fdf3953b9c4: 9048 bb00 | 0000 0000 

  0x00007fdf3953b9cc: ;   {runtime_call}
  0x00007fdf3953b9cc: 0000 00e9 | fbff ffff 

  0x00007fdf3953b9d4: ;   {static_stub}
  0x00007fdf3953b9d4: 9048 bb00 | 0000 0000 

  0x00007fdf3953b9dc: ;   {runtime_call}
  0x00007fdf3953b9dc: 0000 00e9 | fbff ffff 

  0x00007fdf3953b9e4: ;   {static_stub}
  0x00007fdf3953b9e4: 9048 bb00 | 0000 0000 

  0x00007fdf3953b9ec: ;   {runtime_call}
  0x00007fdf3953b9ec: 0000 00e9 | fbff ffff 

  0x00007fdf3953b9f4: ;   {static_stub}
  0x00007fdf3953b9f4: 9048 bb00 | 0000 0000 

  0x00007fdf3953b9fc: ;   {runtime_call}
  0x00007fdf3953b9fc: 0000 00e9 | fbff ffff 

  0x00007fdf3953ba04: ;   {static_stub}
  0x00007fdf3953ba04: 9048 bb60 | aa43 93de 

  0x00007fdf3953ba0c: ;   {runtime_call I2C/C2I adapters}
  0x00007fdf3953ba0c: 7f00 00e9 | 4985 3707 

  0x00007fdf3953ba14: ;   {static_stub}
  0x00007fdf3953ba14: 9048 bb00 | 0000 0000 

  0x00007fdf3953ba1c: ;   {runtime_call}
  0x00007fdf3953ba1c: 0000 00e9 | fbff ffff 
[Exception Handler]
  0x00007fdf3953ba24: ;   {runtime_call handle_exception_from_callee Runtime1 stub}
  0x00007fdf3953ba24: e8d7 9f41 

  0x00007fdf3953ba28: ;   {external_word}
  0x00007fdf3953ba28: 0748 bf52 | c703 58df | 7f00 0048 

  0x00007fdf3953ba34: ;   {runtime_call MacroAssembler::debug64(char*, long, long*)}
  0x00007fdf3953ba34: 83e4 f0e8 | c452 671e 

  0x00007fdf3953ba3c: ;   {section_word}
  0x00007fdf3953ba3c: f449 ba3d | ba53 39df | 7f00 0041 

  0x00007fdf3953ba48: ;   {runtime_call DeoptimizationBlob}
  0x00007fdf3953ba48: 52e9 52b3 | 3707 f4f4 
[/MachCode]


---------------  P R O C E S S  ---------------

Threads class SMR info:
_java_thread_list=0x00007fde78110de0, length=18, elements={
0x00007fdf50032990, 0x00007fdf50212cf0, 0x00007fdf502140d0, 0x00007fdf50218680,
0x00007fdf50219a30, 0x00007fdf5021ae40, 0x00007fdf5021c870, 0x00007fdf5021dda0,
0x00007fdf5021f210, 0x00007fdf5022b980, 0x00007fde7806dec0, 0x00007fdf50264880,
0x00007fde6c003f80, 0x00007fde640babb0, 0x00007fde582a9480, 0x00007fde4c002eb0,
0x00007fde78093210, 0x00007fde78110420
}

Java Threads: ( => current thread )
=>0x00007fdf50032990 JavaThread "main" [_thread_in_vm, id=628344, stack(0x00007fdf58cec000,0x00007fdf58ded000)]
  0x00007fdf50212cf0 JavaThread "Reference Handler" daemon [_thread_blocked, id=628358, stack(0x00007fdee33d2000,0x00007fdee34d2000)]
  0x00007fdf502140d0 JavaThread "Finalizer" daemon [_thread_blocked, id=628381, stack(0x00007fdee32d1000,0x00007fdee33d1000)]
  0x00007fdf50218680 JavaThread "Signal Dispatcher" daemon [_thread_blocked, id=628382, stack(0x00007fdee31d0000,0x00007fdee32d0000)]
  0x00007fdf50219a30 JavaThread "Service Thread" daemon [_thread_blocked, id=628383, stack(0x00007fdee30cf000,0x00007fdee31cf000)]
  0x00007fdf5021ae40 JavaThread "Monitor Deflation Thread" daemon [_thread_blocked, id=628384, stack(0x00007fdee2fce000,0x00007fdee30ce000)]
  0x00007fdf5021c870 JavaThread "C2 CompilerThread0" daemon [_thread_in_native, id=628385, stack(0x00007fdee2ecd000,0x00007fdee2fcd000)]
  0x00007fdf5021dda0 JavaThread "C1 CompilerThread0" daemon [_thread_blocked, id=628386, stack(0x00007fdee2dcc000,0x00007fdee2ecc000)]
  0x00007fdf5021f210 JavaThread "Sweeper thread" daemon [_thread_blocked, id=628401, stack(0x00007fdee2ccb000,0x00007fdee2dcb000)]
  0x00007fdf5022b980 JavaThread "Common-Cleaner" daemon [_thread_blocked, id=628407, stack(0x00007fdee2ac9000,0x00007fdee2bc9000)]
  0x00007fde7806dec0 JavaThread "C1 CompilerThread1" daemon [_thread_in_vm, id=628406, stack(0x00007fdee2bca000,0x00007fdee2cca000)]
  0x00007fdf50264880 JavaThread "Notification Thread" daemon [_thread_blocked, id=628419, stack(0x00007fdee28c7000,0x00007fdee29c7000)]
  0x00007fde6c003f80 JavaThread "C1 CompilerThread2" daemon [_thread_blocked, id=628417, stack(0x00007fdee29c8000,0x00007fdee2ac8000)]
  0x00007fde640babb0 JavaThread "C1 CompilerThread3" daemon [_thread_blocked, id=629010, stack(0x00007fdee26c5000,0x00007fdee27c5000)]
  0x00007fde582a9480 JavaThread "C2 CompilerThread1" daemon [_thread_blocked, id=629212, stack(0x00007fdee25c4000,0x00007fdee26c4000)]
  0x00007fde4c002eb0 JavaThread "C2 CompilerThread2" daemon [_thread_in_native, id=629219, stack(0x00007fdee24c3000,0x00007fdee25c3000)]
  0x00007fde78093210 JavaThread "C2 CompilerThread3" daemon [_thread_in_native, id=629225, stack(0x00007fdee23c2000,0x00007fdee24c2000)]
  0x00007fde78110420 JavaThread "C2 CompilerThread4" daemon [_thread_in_native, id=629226, stack(0x00007fdee22c1000,0x00007fdee23c1000)]

Other Threads:
  0x00007fdf5020ec30 VMThread "VM Thread" [stack: 0x00007fdee34d3000,0x00007fdee35d3000] [id=628357] _threads_hazard_ptr=0x00007fde78110de0
  0x00007fdf50266150 WatcherThread [stack: 0x00007fdee27c6000,0x00007fdee28c6000] [id=628424]
  0x00007fdf500680c0 GCTaskThread "GC Thread#0" [stack: 0x00007fdf54d28000,0x00007fdf54e28000] [id=628345]
  0x00007fdf500786e0 ConcurrentGCThread "G1 Main Marker" [stack: 0x00007fdf54c27000,0x00007fdf54d27000] [id=628346]
  0x00007fdf50079660 ConcurrentGCThread "G1 Conc#0" [stack: 0x00007fdf54b26000,0x00007fdf54c26000] [id=628347]
  0x00007fdf501dc910 ConcurrentGCThread "G1 Refine#0" [stack: 0x00007fdee38fa000,0x00007fdee39fa000] [id=628348]
  0x00007fdf501dd810 ConcurrentGCThread "G1 Service" [stack: 0x00007fdee37f9000,0x00007fdee38f9000] [id=628349]

Threads with active compile tasks:
C2 CompilerThread0     4191 1391       4       org.junit.internal.MethodSorter$1::compare (46 bytes)
C1 CompilerThread1     4191 1493  s    3       java.util.Hashtable::get (69 bytes)
C1 CompilerThread2     4191 1479       3       java.util.stream.Stream::of (13 bytes)
C2 CompilerThread1     4191 1390       4       org.junit.internal.MethodSorter$1::compare (13 bytes)
C2 CompilerThread2     4191 1451   !   4       java.lang.reflect.Executable::sharedToString (138 bytes)
C2 CompilerThread3     4191 1452       4       java.lang.reflect.Method::specificToStringHeader (44 bytes)
C2 CompilerThread4     4191 1457       4       java.util.HashMap$TreeNode::find (172 bytes)

VM state: synchronizing (normal execution)

VM Mutex/Monitor currently owned by a thread:  ([mutex/lock_event])
[0x00007fdf5002d170] Metaspace_lock - owner thread: 0x00007fdf50032990
[0x00007fdf5002e1c0] Threads_lock - owner thread: 0x00007fdf5020ec30
[0x00007fdf5002f1c0] MethodData_lock - owner thread: 0x00007fde7806dec0

Heap address: 0x0000000082000000, size: 30688 MB, Compressed Oops mode: Zero based, Oop shift amount: 3

CDS archive(s) mapped at: [0x00007fde93000000-0x00007fde93bc9000-0x00007fde93bc9000), size 12357632, SharedBaseAddress: 0x00007fde93000000, ArchiveRelocationMode: 1.
Compressed class space mapped at: 0x00007fde94000000-0x00007fded4000000, reserved size: 1073741824
Narrow klass base: 0x00007fde93000000, Narrow klass shift: 0, Narrow klass range: 0x100000000

GC Precious Log:
 CPUs: 96 total, 24 available
 Memory: 512G
 Large Page Support: Disabled
 NUMA Support: Disabled
 Compressed Oops: Enabled (Zero based)
 Heap Region Size: 16M
 Heap Min Capacity: 16M
 Heap Initial Capacity: 2G
 Heap Max Capacity: 30688M
 Pre-touch: Disabled
 Parallel Workers: 18
 Concurrent Workers: 5
 Concurrent Refinement Workers: 18
 Periodic GC: Disabled

Heap:
 garbage-first heap   total 2129920K, used 49076K [0x0000000082000000, 0x0000000800000000)
  region size 16384K, 3 young (49152K), 0 survivors (0K)
 Metaspace       used 5713K, committed 5824K, reserved 1114112K
  class space    used 643K, committed 704K, reserved 1048576K

Heap Regions: E=young(eden), S=young(survivor), O=old, HS=humongous(starts), HC=humongous(continues), CS=collection set, F=free, OA=open archive, CA=closed archive, TAMS=top-at-mark-start (previous, next)
|   0|0x0000000082000000, 0x0000000082000000, 0x0000000083000000|  0%| F|  |TAMS 0x0000000082000000, 0x0000000082000000| Untracked 
|   1|0x0000000083000000, 0x0000000083000000, 0x0000000084000000|  0%| F|  |TAMS 0x0000000083000000, 0x0000000083000000| Untracked 
|   2|0x0000000084000000, 0x0000000084000000, 0x0000000085000000|  0%| F|  |TAMS 0x0000000084000000, 0x0000000084000000| Untracked 
|   3|0x0000000085000000, 0x0000000085000000, 0x0000000086000000|  0%| F|  |TAMS 0x0000000085000000, 0x0000000085000000| Untracked 
|   4|0x0000000086000000, 0x0000000086000000, 0x0000000087000000|  0%| F|  |TAMS 0x0000000086000000, 0x0000000086000000| Untracked 
|   5|0x0000000087000000, 0x0000000087000000, 0x0000000088000000|  0%| F|  |TAMS 0x0000000087000000, 0x0000000087000000| Untracked 
|   6|0x0000000088000000, 0x0000000088000000, 0x0000000089000000|  0%| F|  |TAMS 0x0000000088000000, 0x0000000088000000| Untracked 
|   7|0x0000000089000000, 0x0000000089000000, 0x000000008a000000|  0%| F|  |TAMS 0x0000000089000000, 0x0000000089000000| Untracked 
|   8|0x000000008a000000, 0x000000008a000000, 0x000000008b000000|  0%| F|  |TAMS 0x000000008a000000, 0x000000008a000000| Untracked 
|   9|0x000000008b000000, 0x000000008b000000, 0x000000008c000000|  0%| F|  |TAMS 0x000000008b000000, 0x000000008b000000| Untracked 
|  10|0x000000008c000000, 0x000000008c000000, 0x000000008d000000|  0%| F|  |TAMS 0x000000008c000000, 0x000000008c000000| Untracked 
|  11|0x000000008d000000, 0x000000008d000000, 0x000000008e000000|  0%| F|  |TAMS 0x000000008d000000, 0x000000008d000000| Untracked 
|  12|0x000000008e000000, 0x000000008e000000, 0x000000008f000000|  0%| F|  |TAMS 0x000000008e000000, 0x000000008e000000| Untracked 
|  13|0x000000008f000000, 0x000000008f000000, 0x0000000090000000|  0%| F|  |TAMS 0x000000008f000000, 0x000000008f000000| Untracked 
|  14|0x0000000090000000, 0x0000000090000000, 0x0000000091000000|  0%| F|  |TAMS 0x0000000090000000, 0x0000000090000000| Untracked 
|  15|0x0000000091000000, 0x0000000091000000, 0x0000000092000000|  0%| F|  |TAMS 0x0000000091000000, 0x0000000091000000| Untracked 
|  16|0x0000000092000000, 0x0000000092000000, 0x0000000093000000|  0%| F|  |TAMS 0x0000000092000000, 0x0000000092000000| Untracked 
|  17|0x0000000093000000, 0x0000000093000000, 0x0000000094000000|  0%| F|  |TAMS 0x0000000093000000, 0x0000000093000000| Untracked 
|  18|0x0000000094000000, 0x0000000094000000, 0x0000000095000000|  0%| F|  |TAMS 0x0000000094000000, 0x0000000094000000| Untracked 
|  19|0x0000000095000000, 0x0000000095000000, 0x0000000096000000|  0%| F|  |TAMS 0x0000000095000000, 0x0000000095000000| Untracked 
|  20|0x0000000096000000, 0x0000000096000000, 0x0000000097000000|  0%| F|  |TAMS 0x0000000096000000, 0x0000000096000000| Untracked 
|  21|0x0000000097000000, 0x0000000097000000, 0x0000000098000000|  0%| F|  |TAMS 0x0000000097000000, 0x0000000097000000| Untracked 
|  22|0x0000000098000000, 0x0000000098000000, 0x0000000099000000|  0%| F|  |TAMS 0x0000000098000000, 0x0000000098000000| Untracked 
|  23|0x0000000099000000, 0x0000000099000000, 0x000000009a000000|  0%| F|  |TAMS 0x0000000099000000, 0x0000000099000000| Untracked 
|  24|0x000000009a000000, 0x000000009a000000, 0x000000009b000000|  0%| F|  |TAMS 0x000000009a000000, 0x000000009a000000| Untracked 
|  25|0x000000009b000000, 0x000000009b000000, 0x000000009c000000|  0%| F|  |TAMS 0x000000009b000000, 0x000000009b000000| Untracked 
|  26|0x000000009c000000, 0x000000009c000000, 0x000000009d000000|  0%| F|  |TAMS 0x000000009c000000, 0x000000009c000000| Untracked 
|  27|0x000000009d000000, 0x000000009d000000, 0x000000009e000000|  0%| F|  |TAMS 0x000000009d000000, 0x000000009d000000| Untracked 
|  28|0x000000009e000000, 0x000000009e000000, 0x000000009f000000|  0%| F|  |TAMS 0x000000009e000000, 0x000000009e000000| Untracked 
|  29|0x000000009f000000, 0x000000009f000000, 0x00000000a0000000|  0%| F|  |TAMS 0x000000009f000000, 0x000000009f000000| Untracked 
|  30|0x00000000a0000000, 0x00000000a0000000, 0x00000000a1000000|  0%| F|  |TAMS 0x00000000a0000000, 0x00000000a0000000| Untracked 
|  31|0x00000000a1000000, 0x00000000a1000000, 0x00000000a2000000|  0%| F|  |TAMS 0x00000000a1000000, 0x00000000a1000000| Untracked 
|  32|0x00000000a2000000, 0x00000000a2000000, 0x00000000a3000000|  0%| F|  |TAMS 0x00000000a2000000, 0x00000000a2000000| Untracked 
|  33|0x00000000a3000000, 0x00000000a3000000, 0x00000000a4000000|  0%| F|  |TAMS 0x00000000a3000000, 0x00000000a3000000| Untracked 
|  34|0x00000000a4000000, 0x00000000a4000000, 0x00000000a5000000|  0%| F|  |TAMS 0x00000000a4000000, 0x00000000a4000000| Untracked 
|  35|0x00000000a5000000, 0x00000000a5000000, 0x00000000a6000000|  0%| F|  |TAMS 0x00000000a5000000, 0x00000000a5000000| Untracked 
|  36|0x00000000a6000000, 0x00000000a6000000, 0x00000000a7000000|  0%| F|  |TAMS 0x00000000a6000000, 0x00000000a6000000| Untracked 
|  37|0x00000000a7000000, 0x00000000a7000000, 0x00000000a8000000|  0%| F|  |TAMS 0x00000000a7000000, 0x00000000a7000000| Untracked 
|  38|0x00000000a8000000, 0x00000000a8000000, 0x00000000a9000000|  0%| F|  |TAMS 0x00000000a8000000, 0x00000000a8000000| Untracked 
|  39|0x00000000a9000000, 0x00000000a9000000, 0x00000000aa000000|  0%| F|  |TAMS 0x00000000a9000000, 0x00000000a9000000| Untracked 
|  40|0x00000000aa000000, 0x00000000aa000000, 0x00000000ab000000|  0%| F|  |TAMS 0x00000000aa000000, 0x00000000aa000000| Untracked 
|  41|0x00000000ab000000, 0x00000000ab000000, 0x00000000ac000000|  0%| F|  |TAMS 0x00000000ab000000, 0x00000000ab000000| Untracked 
|  42|0x00000000ac000000, 0x00000000ac000000, 0x00000000ad000000|  0%| F|  |TAMS 0x00000000ac000000, 0x00000000ac000000| Untracked 
|  43|0x00000000ad000000, 0x00000000ad000000, 0x00000000ae000000|  0%| F|  |TAMS 0x00000000ad000000, 0x00000000ad000000| Untracked 
|  44|0x00000000ae000000, 0x00000000ae000000, 0x00000000af000000|  0%| F|  |TAMS 0x00000000ae000000, 0x00000000ae000000| Untracked 
|  45|0x00000000af000000, 0x00000000af000000, 0x00000000b0000000|  0%| F|  |TAMS 0x00000000af000000, 0x00000000af000000| Untracked 
|  46|0x00000000b0000000, 0x00000000b0000000, 0x00000000b1000000|  0%| F|  |TAMS 0x00000000b0000000, 0x00000000b0000000| Untracked 
|  47|0x00000000b1000000, 0x00000000b1000000, 0x00000000b2000000|  0%| F|  |TAMS 0x00000000b1000000, 0x00000000b1000000| Untracked 
|  48|0x00000000b2000000, 0x00000000b2000000, 0x00000000b3000000|  0%| F|  |TAMS 0x00000000b2000000, 0x00000000b2000000| Untracked 
|  49|0x00000000b3000000, 0x00000000b3000000, 0x00000000b4000000|  0%| F|  |TAMS 0x00000000b3000000, 0x00000000b3000000| Untracked 
|  50|0x00000000b4000000, 0x00000000b4000000, 0x00000000b5000000|  0%| F|  |TAMS 0x00000000b4000000, 0x00000000b4000000| Untracked 
|  51|0x00000000b5000000, 0x00000000b5000000, 0x00000000b6000000|  0%| F|  |TAMS 0x00000000b5000000, 0x00000000b5000000| Untracked 
|  52|0x00000000b6000000, 0x00000000b6000000, 0x00000000b7000000|  0%| F|  |TAMS 0x00000000b6000000, 0x00000000b6000000| Untracked 
|  53|0x00000000b7000000, 0x00000000b7000000, 0x00000000b8000000|  0%| F|  |TAMS 0x00000000b7000000, 0x00000000b7000000| Untracked 
|  54|0x00000000b8000000, 0x00000000b8000000, 0x00000000b9000000|  0%| F|  |TAMS 0x00000000b8000000, 0x00000000b8000000| Untracked 
|  55|0x00000000b9000000, 0x00000000b9000000, 0x00000000ba000000|  0%| F|  |TAMS 0x00000000b9000000, 0x00000000b9000000| Untracked 
|  56|0x00000000ba000000, 0x00000000ba000000, 0x00000000bb000000|  0%| F|  |TAMS 0x00000000ba000000, 0x00000000ba000000| Untracked 
|  57|0x00000000bb000000, 0x00000000bb000000, 0x00000000bc000000|  0%| F|  |TAMS 0x00000000bb000000, 0x00000000bb000000| Untracked 
|  58|0x00000000bc000000, 0x00000000bc000000, 0x00000000bd000000|  0%| F|  |TAMS 0x00000000bc000000, 0x00000000bc000000| Untracked 
|  59|0x00000000bd000000, 0x00000000bd000000, 0x00000000be000000|  0%| F|  |TAMS 0x00000000bd000000, 0x00000000bd000000| Untracked 
|  60|0x00000000be000000, 0x00000000be000000, 0x00000000bf000000|  0%| F|  |TAMS 0x00000000be000000, 0x00000000be000000| Untracked 
|  61|0x00000000bf000000, 0x00000000bf000000, 0x00000000c0000000|  0%| F|  |TAMS 0x00000000bf000000, 0x00000000bf000000| Untracked 
|  62|0x00000000c0000000, 0x00000000c0000000, 0x00000000c1000000|  0%| F|  |TAMS 0x00000000c0000000, 0x00000000c0000000| Untracked 
|  63|0x00000000c1000000, 0x00000000c1000000, 0x00000000c2000000|  0%| F|  |TAMS 0x00000000c1000000, 0x00000000c1000000| Untracked 
|  64|0x00000000c2000000, 0x00000000c2000000, 0x00000000c3000000|  0%| F|  |TAMS 0x00000000c2000000, 0x00000000c2000000| Untracked 
|  65|0x00000000c3000000, 0x00000000c3000000, 0x00000000c4000000|  0%| F|  |TAMS 0x00000000c3000000, 0x00000000c3000000| Untracked 
|  66|0x00000000c4000000, 0x00000000c4000000, 0x00000000c5000000|  0%| F|  |TAMS 0x00000000c4000000, 0x00000000c4000000| Untracked 
|  67|0x00000000c5000000, 0x00000000c5000000, 0x00000000c6000000|  0%| F|  |TAMS 0x00000000c5000000, 0x00000000c5000000| Untracked 
|  68|0x00000000c6000000, 0x00000000c6000000, 0x00000000c7000000|  0%| F|  |TAMS 0x00000000c6000000, 0x00000000c6000000| Untracked 
|  69|0x00000000c7000000, 0x00000000c7000000, 0x00000000c8000000|  0%| F|  |TAMS 0x00000000c7000000, 0x00000000c7000000| Untracked 
|  70|0x00000000c8000000, 0x00000000c8000000, 0x00000000c9000000|  0%| F|  |TAMS 0x00000000c8000000, 0x00000000c8000000| Untracked 
|  71|0x00000000c9000000, 0x00000000c9000000, 0x00000000ca000000|  0%| F|  |TAMS 0x00000000c9000000, 0x00000000c9000000| Untracked 
|  72|0x00000000ca000000, 0x00000000ca000000, 0x00000000cb000000|  0%| F|  |TAMS 0x00000000ca000000, 0x00000000ca000000| Untracked 
|  73|0x00000000cb000000, 0x00000000cb000000, 0x00000000cc000000|  0%| F|  |TAMS 0x00000000cb000000, 0x00000000cb000000| Untracked 
|  74|0x00000000cc000000, 0x00000000cc000000, 0x00000000cd000000|  0%| F|  |TAMS 0x00000000cc000000, 0x00000000cc000000| Untracked 
|  75|0x00000000cd000000, 0x00000000cd000000, 0x00000000ce000000|  0%| F|  |TAMS 0x00000000cd000000, 0x00000000cd000000| Untracked 
|  76|0x00000000ce000000, 0x00000000ce000000, 0x00000000cf000000|  0%| F|  |TAMS 0x00000000ce000000, 0x00000000ce000000| Untracked 
|  77|0x00000000cf000000, 0x00000000cf000000, 0x00000000d0000000|  0%| F|  |TAMS 0x00000000cf000000, 0x00000000cf000000| Untracked 
|  78|0x00000000d0000000, 0x00000000d0000000, 0x00000000d1000000|  0%| F|  |TAMS 0x00000000d0000000, 0x00000000d0000000| Untracked 
|  79|0x00000000d1000000, 0x00000000d1000000, 0x00000000d2000000|  0%| F|  |TAMS 0x00000000d1000000, 0x00000000d1000000| Untracked 
|  80|0x00000000d2000000, 0x00000000d2000000, 0x00000000d3000000|  0%| F|  |TAMS 0x00000000d2000000, 0x00000000d2000000| Untracked 
|  81|0x00000000d3000000, 0x00000000d3000000, 0x00000000d4000000|  0%| F|  |TAMS 0x00000000d3000000, 0x00000000d3000000| Untracked 
|  82|0x00000000d4000000, 0x00000000d4000000, 0x00000000d5000000|  0%| F|  |TAMS 0x00000000d4000000, 0x00000000d4000000| Untracked 
|  83|0x00000000d5000000, 0x00000000d5000000, 0x00000000d6000000|  0%| F|  |TAMS 0x00000000d5000000, 0x00000000d5000000| Untracked 
|  84|0x00000000d6000000, 0x00000000d6000000, 0x00000000d7000000|  0%| F|  |TAMS 0x00000000d6000000, 0x00000000d6000000| Untracked 
|  85|0x00000000d7000000, 0x00000000d7000000, 0x00000000d8000000|  0%| F|  |TAMS 0x00000000d7000000, 0x00000000d7000000| Untracked 
|  86|0x00000000d8000000, 0x00000000d8000000, 0x00000000d9000000|  0%| F|  |TAMS 0x00000000d8000000, 0x00000000d8000000| Untracked 
|  87|0x00000000d9000000, 0x00000000d9000000, 0x00000000da000000|  0%| F|  |TAMS 0x00000000d9000000, 0x00000000d9000000| Untracked 
|  88|0x00000000da000000, 0x00000000da000000, 0x00000000db000000|  0%| F|  |TAMS 0x00000000da000000, 0x00000000da000000| Untracked 
|  89|0x00000000db000000, 0x00000000db000000, 0x00000000dc000000|  0%| F|  |TAMS 0x00000000db000000, 0x00000000db000000| Untracked 
|  90|0x00000000dc000000, 0x00000000dc000000, 0x00000000dd000000|  0%| F|  |TAMS 0x00000000dc000000, 0x00000000dc000000| Untracked 
|  91|0x00000000dd000000, 0x00000000dd000000, 0x00000000de000000|  0%| F|  |TAMS 0x00000000dd000000, 0x00000000dd000000| Untracked 
|  92|0x00000000de000000, 0x00000000de000000, 0x00000000df000000|  0%| F|  |TAMS 0x00000000de000000, 0x00000000de000000| Untracked 
|  93|0x00000000df000000, 0x00000000df000000, 0x00000000e0000000|  0%| F|  |TAMS 0x00000000df000000, 0x00000000df000000| Untracked 
|  94|0x00000000e0000000, 0x00000000e0000000, 0x00000000e1000000|  0%| F|  |TAMS 0x00000000e0000000, 0x00000000e0000000| Untracked 
|  95|0x00000000e1000000, 0x00000000e1000000, 0x00000000e2000000|  0%| F|  |TAMS 0x00000000e1000000, 0x00000000e1000000| Untracked 
|  96|0x00000000e2000000, 0x00000000e2000000, 0x00000000e3000000|  0%| F|  |TAMS 0x00000000e2000000, 0x00000000e2000000| Untracked 
|  97|0x00000000e3000000, 0x00000000e3000000, 0x00000000e4000000|  0%| F|  |TAMS 0x00000000e3000000, 0x00000000e3000000| Untracked 
|  98|0x00000000e4000000, 0x00000000e4000000, 0x00000000e5000000|  0%| F|  |TAMS 0x00000000e4000000, 0x00000000e4000000| Untracked 
|  99|0x00000000e5000000, 0x00000000e5000000, 0x00000000e6000000|  0%| F|  |TAMS 0x00000000e5000000, 0x00000000e5000000| Untracked 
| 100|0x00000000e6000000, 0x00000000e6000000, 0x00000000e7000000|  0%| F|  |TAMS 0x00000000e6000000, 0x00000000e6000000| Untracked 
| 101|0x00000000e7000000, 0x00000000e7000000, 0x00000000e8000000|  0%| F|  |TAMS 0x00000000e7000000, 0x00000000e7000000| Untracked 
| 102|0x00000000e8000000, 0x00000000e8000000, 0x00000000e9000000|  0%| F|  |TAMS 0x00000000e8000000, 0x00000000e8000000| Untracked 
| 103|0x00000000e9000000, 0x00000000e9000000, 0x00000000ea000000|  0%| F|  |TAMS 0x00000000e9000000, 0x00000000e9000000| Untracked 
| 104|0x00000000ea000000, 0x00000000ea000000, 0x00000000eb000000|  0%| F|  |TAMS 0x00000000ea000000, 0x00000000ea000000| Untracked 
| 105|0x00000000eb000000, 0x00000000eb000000, 0x00000000ec000000|  0%| F|  |TAMS 0x00000000eb000000, 0x00000000eb000000| Untracked 
| 106|0x00000000ec000000, 0x00000000ec000000, 0x00000000ed000000|  0%| F|  |TAMS 0x00000000ec000000, 0x00000000ec000000| Untracked 
| 107|0x00000000ed000000, 0x00000000ed000000, 0x00000000ee000000|  0%| F|  |TAMS 0x00000000ed000000, 0x00000000ed000000| Untracked 
| 108|0x00000000ee000000, 0x00000000ee000000, 0x00000000ef000000|  0%| F|  |TAMS 0x00000000ee000000, 0x00000000ee000000| Untracked 
| 109|0x00000000ef000000, 0x00000000ef000000, 0x00000000f0000000|  0%| F|  |TAMS 0x00000000ef000000, 0x00000000ef000000| Untracked 
| 110|0x00000000f0000000, 0x00000000f0000000, 0x00000000f1000000|  0%| F|  |TAMS 0x00000000f0000000, 0x00000000f0000000| Untracked 
| 111|0x00000000f1000000, 0x00000000f1000000, 0x00000000f2000000|  0%| F|  |TAMS 0x00000000f1000000, 0x00000000f1000000| Untracked 
| 112|0x00000000f2000000, 0x00000000f2000000, 0x00000000f3000000|  0%| F|  |TAMS 0x00000000f2000000, 0x00000000f2000000| Untracked 
| 113|0x00000000f3000000, 0x00000000f3000000, 0x00000000f4000000|  0%| F|  |TAMS 0x00000000f3000000, 0x00000000f3000000| Untracked 
| 114|0x00000000f4000000, 0x00000000f4000000, 0x00000000f5000000|  0%| F|  |TAMS 0x00000000f4000000, 0x00000000f4000000| Untracked 
| 115|0x00000000f5000000, 0x00000000f5000000, 0x00000000f6000000|  0%| F|  |TAMS 0x00000000f5000000, 0x00000000f5000000| Untracked 
| 116|0x00000000f6000000, 0x00000000f6000000, 0x00000000f7000000|  0%| F|  |TAMS 0x00000000f6000000, 0x00000000f6000000| Untracked 
| 117|0x00000000f7000000, 0x00000000f7000000, 0x00000000f8000000|  0%| F|  |TAMS 0x00000000f7000000, 0x00000000f7000000| Untracked 
| 118|0x00000000f8000000, 0x00000000f8000000, 0x00000000f9000000|  0%| F|  |TAMS 0x00000000f8000000, 0x00000000f8000000| Untracked 
| 119|0x00000000f9000000, 0x00000000f9000000, 0x00000000fa000000|  0%| F|  |TAMS 0x00000000f9000000, 0x00000000f9000000| Untracked 
| 120|0x00000000fa000000, 0x00000000fa000000, 0x00000000fb000000|  0%| F|  |TAMS 0x00000000fa000000, 0x00000000fa000000| Untracked 
| 121|0x00000000fb000000, 0x00000000fb000000, 0x00000000fc000000|  0%| F|  |TAMS 0x00000000fb000000, 0x00000000fb000000| Untracked 
| 122|0x00000000fc000000, 0x00000000fc000000, 0x00000000fd000000|  0%| F|  |TAMS 0x00000000fc000000, 0x00000000fc000000| Untracked 
| 123|0x00000000fd000000, 0x00000000fd000000, 0x00000000fe000000|  0%| F|  |TAMS 0x00000000fd000000, 0x00000000fd000000| Untracked 
| 124|0x00000000fe000000, 0x00000000fe000000, 0x00000000ff000000|  0%| F|  |TAMS 0x00000000fe000000, 0x00000000fe000000| Untracked 
| 125|0x00000000ff000000, 0x00000000ff999ab8, 0x0000000100000000| 60%| E|  |TAMS 0x00000000ff000000, 0x00000000ff000000| Complete 
| 126|0x0000000100000000, 0x0000000101000000, 0x0000000101000000|100%| E|CS|TAMS 0x0000000100000000, 0x0000000100000000| Complete 
| 127|0x0000000101000000, 0x0000000102000000, 0x0000000102000000|100%| E|CS|TAMS 0x0000000101000000, 0x0000000101000000| Complete 
|1916|0x00000007fe000000, 0x00000007fef75000, 0x00000007ff000000| 96%|OA|  |TAMS 0x00000007fe000000, 0x00000007fe000000| Untracked 
|1917|0x00000007ff000000, 0x00000007ff078000, 0x0000000800000000|  2%|CA|  |TAMS 0x00000007ff000000, 0x00000007ff000000| Untracked 

Card table byte_map: [0x00007fdf31c1e000,0x00007fdf3580e000] _byte_map_base: 0x00007fdf3180e000

Marking Bits (Prev, Next): (CMBitMap*) 0x00007fdf50068b50, (CMBitMap*) 0x00007fdf50068b90
 Prev Bits: [0x00007fdf100ae000, 0x00007fdf2e02e000)
 Next Bits: [0x00007fdef212e000, 0x00007fdf100ae000)

Polling page: 0x00007fdf58e01000

Metaspace:

Usage:
  Non-class:      4.95 MB used.
      Class:    643.62 KB used.
       Both:      5.58 MB used.

Virtual space:
  Non-class space:       64.00 MB reserved,       5.00 MB (  8%) committed,  1 nodes.
      Class space:        1.00 GB reserved,     704.00 KB ( <1%) committed,  1 nodes.
             Both:        1.06 GB reserved,       5.69 MB ( <1%) committed. 

Chunk freelists:
   Non-Class:  10.07 MB
       Class:  15.14 MB
        Both:  25.21 MB

MaxMetaspaceSize: unlimited
CompressedClassSpaceSize: 1.00 GB
Initial GC threshold: 21.00 MB
Current GC threshold: 21.00 MB
CDS: on
MetaspaceReclaimPolicy: balanced
 - commit_granule_bytes: 65536.
 - commit_granule_words: 8192.
 - virtual_space_node_default_size: 8388608.
 - enlarge_chunks_in_place: 1.
 - new_chunks_are_fully_committed: 0.
 - uncommit_free_chunks: 1.
 - use_allocation_guard: 0.
 - handle_deallocations: 1.


Internal statistics:

num_allocs_failed_limit: 0.
num_arena_births: 144.
num_arena_deaths: 0.
num_vsnodes_births: 2.
num_vsnodes_deaths: 0.
num_space_committed: 91.
num_space_uncommitted: 0.
num_chunks_returned_to_freelist: 0.
num_chunks_taken_from_freelist: 312.
num_chunk_merges: 0.
num_chunk_splits: 177.
num_chunks_enlarged: 87.
num_inconsistent_stats: 0.

CodeHeap 'non-profiled nmethods': size=119168Kb used=451Kb max_used=451Kb free=118717Kb
 bounds [0x00007fdf40f9e000, 0x00007fdf4120e000, 0x00007fdf483fe000]
CodeHeap 'profiled nmethods': size=119164Kb used=2674Kb max_used=2674Kb free=116489Kb
 bounds [0x00007fdf393fe000, 0x00007fdf3969e000, 0x00007fdf4085d000]
CodeHeap 'non-nmethods': size=7428Kb used=2858Kb max_used=2875Kb free=4569Kb
 bounds [0x00007fdf4085d000, 0x00007fdf40b2d000, 0x00007fdf40f9e000]
 total_blobs=1918 nmethods=1460 adapters=369
 compilation: enabled
              stopped_count=0, restarted_count=0
 full_count=0

Compilation events (20 events):
Event: 3.838 Thread 0x00007fde6c003f80 1463       3       java.util.HashMap$TreeNode::split (218 bytes)
Event: 3.839 Thread 0x00007fde6c003f80 nmethod 1463 0x00007fdf39697210 code [0x00007fdf396974a0, 0x00007fdf39698470]
Event: 3.839 Thread 0x00007fde6c003f80 1456       3       java.lang.Integer::numberOfLeadingZeros (79 bytes)
Event: 3.839 Thread 0x00007fde6c003f80 nmethod 1456 0x00007fdf39698910 code [0x00007fdf39698ac0, 0x00007fdf39698d70]
Event: 3.839 Thread 0x00007fde78093210 1453   !   4       java.lang.Class::getTypeName (59 bytes)
Event: 3.841 Thread 0x00007fde78110420 nmethod 1454 0x00007fdf4100af10 code [0x00007fdf4100b0c0, 0x00007fdf4100b7b8]
Event: 3.841 Thread 0x00007fde78110420 1457       4       java.util.HashMap$TreeNode::find (172 bytes)
Event: 3.842 Thread 0x00007fde78093210 nmethod 1453 0x00007fdf4100bd10 code [0x00007fdf4100bf00, 0x00007fdf4100c2d0]
Event: 3.842 Thread 0x00007fde78093210 1458       4       org.pitest.reflection.IsAnnotatedWith::test (9 bytes)
Event: 3.842 Thread 0x00007fde78093210 nmethod 1458 0x00007fdf4100c610 code [0x00007fdf4100c7a0, 0x00007fdf4100c888]
Event: 3.842 Thread 0x00007fde78093210 1459       4       java.util.stream.StreamOpFlag::fromCharacteristics (37 bytes)
Event: 3.843 Thread 0x00007fde78093210 nmethod 1459 0x00007fdf4100ca10 code [0x00007fdf4100cba0, 0x00007fdf4100cc58]
Event: 3.843 Thread 0x00007fde78093210 1460       4       java.util.stream.AbstractPipeline::<init> (55 bytes)
Event: 3.844 Thread 0x00007fde78093210 nmethod 1460 0x00007fdf4100cd90 code [0x00007fdf4100cf00, 0x00007fdf4100d178]
Event: 3.844 Thread 0x00007fde78093210 1461       4       java.util.stream.StreamSupport::stream (19 bytes)
Event: 3.845 Thread 0x00007fde78093210 nmethod 1461 0x00007fdf4100d210 code [0x00007fdf4100d3a0, 0x00007fdf4100d718]
Event: 3.845 Thread 0x00007fde78093210 1462       4       java.lang.reflect.Modifier::toString (185 bytes)
Event: 3.847 Thread 0x00007fde4c002eb0 1451   !   4       java.lang.reflect.Executable::sharedToString (138 bytes)
Event: 3.871 Thread 0x00007fde78093210 nmethod 1462 0x00007fdf4100d910 code [0x00007fdf4100db20, 0x00007fdf4100e588]
Event: 3.871 Thread 0x00007fde78093210 1452       4       java.lang.reflect.Method::specificToStringHeader (44 bytes)

GC Heap History (0 events):
No events

Dll operation events (12 events):
Event: 0.005 Loaded shared library /sfs/gpfs/tardis/applications/202512/software/standard/core/java/17/lib/libjava.so
Event: 0.006 Loaded shared library /sfs/gpfs/tardis/applications/202512/software/standard/core/java/17/lib/libzip.so
Event: 0.029 Loaded shared library /sfs/gpfs/tardis/applications/202512/software/standard/core/java/17/lib/libjsvml.so
Event: 0.324 Loaded shared library /sfs/gpfs/tardis/applications/202512/software/standard/core/java/17/lib/libinstrument.so
Event: 0.358 Loaded shared library /sfs/gpfs/tardis/applications/202512/software/standard/core/java/17/lib/libnio.so
Event: 0.361 Loaded shared library /sfs/gpfs/tardis/applications/202512/software/standard/core/java/17/lib/libzip.so
Event: 0.382 Loaded shared library /sfs/gpfs/tardis/applications/202512/software/standard/core/java/17/lib/libjimage.so
Event: 0.910 Loaded shared library /sfs/gpfs/tardis/applications/202512/software/standard/core/java/17/lib/libverify.so
Event: 0.964 Loaded shared library /sfs/gpfs/tardis/applications/202512/software/standard/core/java/17/lib/libnet.so
Event: 0.996 Loaded shared library /sfs/gpfs/tardis/applications/202512/software/standard/core/java/17/lib/libextnet.so
Event: 1.039 Loaded shared library /sfs/gpfs/tardis/applications/202512/software/standard/core/java/17/lib/libmanagement.so
Event: 1.040 Loaded shared library /sfs/gpfs/tardis/applications/202512/software/standard/core/java/17/lib/libmanagement_ext.so

Deoptimization events (20 events):
Event: 3.757 Thread 0x00007fdf50032990 Uncommon trap: trap_request=0xffffffbe fr.pc=0x00007fdf41001bd0 relative=0x0000000000000510
Event: 3.757 Thread 0x00007fdf50032990 Uncommon trap: reason=profile_predicate action=maybe_recompile pc=0x00007fdf41001bd0 method=java.lang.PublicMethods$MethodList.filter([Ljava/lang/reflect/Method;Ljava/lang/String;[Ljava/lang/Class;Z)Ljava/lang/PublicMethods$MethodList; @ 21 c2
Event: 3.757 Thread 0x00007fdf50032990 DEOPT PACKING pc=0x00007fdf41001bd0 sp=0x00007fdf58deabc0
Event: 3.757 Thread 0x00007fdf50032990 DEOPT UNPACKING pc=0x00007fdf408b6b19 sp=0x00007fdf58deab78 mode 2
Event: 3.757 Thread 0x00007fdf50032990 Uncommon trap: trap_request=0xffffffbe fr.pc=0x00007fdf41001bd0 relative=0x0000000000000510
Event: 3.757 Thread 0x00007fdf50032990 Uncommon trap: reason=profile_predicate action=maybe_recompile pc=0x00007fdf41001bd0 method=java.lang.PublicMethods$MethodList.filter([Ljava/lang/reflect/Method;Ljava/lang/String;[Ljava/lang/Class;Z)Ljava/lang/PublicMethods$MethodList; @ 21 c2
Event: 3.757 Thread 0x00007fdf50032990 DEOPT PACKING pc=0x00007fdf41001bd0 sp=0x00007fdf58deabc0
Event: 3.757 Thread 0x00007fdf50032990 DEOPT UNPACKING pc=0x00007fdf408b6b19 sp=0x00007fdf58deab78 mode 2
Event: 3.833 Thread 0x00007fdf50032990 Uncommon trap: trap_request=0xffffffbe fr.pc=0x00007fdf41007034 relative=0x0000000000000654
Event: 3.833 Thread 0x00007fdf50032990 Uncommon trap: reason=profile_predicate action=maybe_recompile pc=0x00007fdf41007034 method=java.lang.PublicMethods$MethodList.filter([Ljava/lang/reflect/Method;Ljava/lang/String;[Ljava/lang/Class;Z)Ljava/lang/PublicMethods$MethodList; @ 17 c2
Event: 3.833 Thread 0x00007fdf50032990 DEOPT PACKING pc=0x00007fdf41007034 sp=0x00007fdf58dea9f0
Event: 3.833 Thread 0x00007fdf50032990 DEOPT UNPACKING pc=0x00007fdf408b6b19 sp=0x00007fdf58dea9b8 mode 2
Event: 3.903 Thread 0x00007fdf50032990 Uncommon trap: trap_request=0xffffffde fr.pc=0x00007fdf4100c82c relative=0x000000000000008c
Event: 3.903 Thread 0x00007fdf50032990 Uncommon trap: reason=class_check action=maybe_recompile pc=0x00007fdf4100c82c method=org.pitest.reflection.IsAnnotatedWith.test(Ljava/lang/Object;)Z @ 2 c2
Event: 3.903 Thread 0x00007fdf50032990 DEOPT PACKING pc=0x00007fdf4100c82c sp=0x00007fdf58deacc0
Event: 3.903 Thread 0x00007fdf50032990 DEOPT UNPACKING pc=0x00007fdf408b6b19 sp=0x00007fdf58deac78 mode 2
Event: 3.906 Thread 0x00007fdf50032990 Uncommon trap: trap_request=0xffffff45 fr.pc=0x00007fdf410028e4 relative=0x0000000000000244
Event: 3.906 Thread 0x00007fdf50032990 Uncommon trap: reason=unstable_if action=reinterpret pc=0x00007fdf410028e4 method=java.util.ArrayList.indexOfRange(Ljava/lang/Object;II)I @ 57 c2
Event: 3.906 Thread 0x00007fdf50032990 DEOPT PACKING pc=0x00007fdf410028e4 sp=0x00007fdf58dea440
Event: 3.906 Thread 0x00007fdf50032990 DEOPT UNPACKING pc=0x00007fdf408b6b19 sp=0x00007fdf58dea3f0 mode 2

Classes loaded (20 events):
Event: 3.624 Loading class java/util/Hashtable$EntrySet done
Event: 3.625 Loading class org/apache/commons/beanutils/MethodUtils
Event: 3.625 Loading class org/apache/commons/beanutils/MethodUtils done
Event: 3.637 Loading class org/apache/commons/beanutils/MethodUtils$MethodDescriptor
Event: 3.637 Loading class org/apache/commons/beanutils/MethodUtils$MethodDescriptor done
Event: 3.676 Loading class org/apache/commons/beanutils/BeanIntrospectionData
Event: 3.676 Loading class org/apache/commons/beanutils/BeanIntrospectionData done
Event: 3.764 Loading class org/apache/commons/beanutils/FluentIntrospectionTestBean
Event: 3.764 Loading class org/apache/commons/beanutils/FluentIntrospectionTestBean done
Event: 3.823 Loading class org/apache/commons/beanutils/AlphaBean
Event: 3.823 Loading class org/apache/commons/beanutils/AlphaBean done
Event: 3.827 Loading class org/apache/commons/beanutils/Child
Event: 3.827 Loading class org/apache/commons/beanutils/Child done
Event: 3.832 Loading class org/apache/commons/beanutils/AbstractParent
Event: 3.832 Loading class org/apache/commons/beanutils/AbstractParent done
Event: 3.836 Loading class org/apache/commons/beanutils/BeanificationTestCase$1
Event: 3.836 Loading class org/apache/commons/beanutils/BeanificationTestCase$1 done
Event: 3.865 Loading class org/apache/commons/beanutils/BeanificationTestCase$TestClassLoader
Event: 3.865 Loading class org/apache/commons/beanutils/BeanificationTestCase$TestClassLoader done
Event: 3.912 Loading class java/net/URLClassLoader

Classes unloaded (0 events):
No events

Classes redefined (0 events):
No events

Internal exceptions (19 events):
Event: 0.990 Thread 0x00007fdf50032990 Exception <a 'java/lang/NoSuchMethodError'{0x000000010173ed70}: 'java.lang.Object java.lang.invoke.DirectMethodHandle$Holder.invokeStaticInit(java.lang.Object)'> (0x000000010173ed70) 
thrown [src/hotspot/share/interpreter/linkResolver.cpp, line 758]
Event: 0.996 Thread 0x00007fdf50032990 Exception <a 'java/lang/NoSuchMethodError'{0x0000000101769138}: 'void java.lang.invoke.DirectMethodHandle$Holder.invokeStatic(java.lang.Object, java.lang.Object)'> (0x0000000101769138) 
thrown [src/hotspot/share/interpreter/linkResolver.cpp, line 758]
Event: 1.031 Thread 0x00007fdf50032990 Exception <a 'java/lang/NoSuchMethodError'{0x000000010178c3f0}: 'void java.lang.invoke.DirectMethodHandle$Holder.invokeStatic(java.lang.Object, java.lang.Object, java.lang.Object, java.lang.Object)'> (0x000000010178c3f0) 
thrown [src/hotspot/share/interpreter/linkResolver.cpp, line 758]
Event: 1.044 Thread 0x00007fdf50032990 Exception <a 'java/lang/NoSuchMethodError'{0x00000001017d93f0}: 'int java.lang.invoke.DirectMethodHandle$Holder.invokeSpecial(java.lang.Object, java.lang.Object, java.lang.Object)'> (0x00000001017d93f0) 
thrown [src/hotspot/share/interpreter/linkResolver.cpp, line 758]
Event: 1.834 Thread 0x00007fdf50032990 Exception <a 'java/lang/NoSuchMethodError'{0x000000010004e188}: 'java.lang.Object java.lang.invoke.DirectMethodHandle$Holder.invokeInterface(java.lang.Object, java.lang.Object)'> (0x000000010004e188) 
thrown [src/hotspot/share/interpreter/linkResolver.cpp, line 758]
Event: 1.837 Thread 0x00007fdf50032990 Exception <a 'java/lang/NoSuchMethodError'{0x0000000100065cc0}: 'void java.lang.invoke.DirectMethodHandle$Holder.invokeStaticInit(java.lang.Object, java.lang.Object)'> (0x0000000100065cc0) 
thrown [src/hotspot/share/interpreter/linkResolver.cpp, line 758]
Event: 1.853 Thread 0x00007fdf50032990 Exception <a 'java/lang/NoSuchMethodError'{0x0000000100095000}: 'java.lang.Object java.lang.invoke.Invokers$Holder.invokeExact_MT(java.lang.Object, java.lang.Object, java.lang.Object, java.lang.Object, java.lang.Object, java.lang.Object)'> (0x0000000100095000) 
thrown [src/hotspot/share/interpreter/linkResolver.cpp, line 758]
Event: 1.865 Thread 0x00007fdf50032990 Exception <a 'java/lang/NoSuchMethodError'{0x00000001000d9800}: 'int java.lang.invoke.DirectMethodHandle$Holder.invokeSpecialIFC(java.lang.Object, java.lang.Object, java.lang.Object)'> (0x00000001000d9800) 
thrown [src/hotspot/share/interpreter/linkResolver.cpp, line 758]
Event: 1.958 Thread 0x00007fdf50032990 Exception <a 'java/lang/NoSuchMethodError'{0x000000010013b748}: 'void java.lang.invoke.DirectMethodHandle$Holder.invokeInterface(java.lang.Object, java.lang.Object, java.lang.Object)'> (0x000000010013b748) 
thrown [src/hotspot/share/interpreter/linkResolver.cpp, line 758]
Event: 2.023 Thread 0x00007fdf50032990 Exception <a 'java/lang/NoSuchMethodError'{0x000000010018e1d0}: 'int java.lang.invoke.DirectMethodHandle$Holder.invokeInterface(java.lang.Object, java.lang.Object)'> (0x000000010018e1d0) 
thrown [src/hotspot/share/interpreter/linkResolver.cpp, line 758]
Event: 2.024 Thread 0x00007fdf50032990 Exception <a 'java/lang/IncompatibleClassChangeError'{0x00000001001916b8}: Found class java.lang.Object, but interface was expected> (0x00000001001916b8) 
thrown [src/hotspot/share/interpreter/linkResolver.cpp, line 826]
Event: 2.667 Thread 0x00007fdf50032990 Exception <a 'java/lang/IncompatibleClassChangeError'{0x0000000100480070}: Found class java.lang.Object, but interface was expected> (0x0000000100480070) 
thrown [src/hotspot/share/interpreter/linkResolver.cpp, line 826]
Event: 2.675 Thread 0x00007fdf50032990 Exception <a 'java/lang/NoSuchMethodError'{0x00000001004ea3d0}: 'int java.lang.invoke.DirectMethodHandle$Holder.invokeVirtual(java.lang.Object, java.lang.Object)'> (0x00000001004ea3d0) 
thrown [src/hotspot/share/interpreter/linkResolver.cpp, line 758]
Event: 2.826 Thread 0x00007fdf50032990 Exception <a 'java/lang/NoClassDefFoundError'{0x000000010067b728}: org/apache/log4j/Priority> (0x000000010067b728) 
thrown [src/hotspot/share/classfile/systemDictionary.cpp, line 245]
Event: 2.949 Thread 0x00007fdf50032990 Exception <a 'java/lang/NoSuchMethodError'{0x0000000100ade780}: 'java.lang.Object java.lang.invoke.DirectMethodHandle$Holder.newInvokeSpecial(java.lang.Object, java.lang.Object, java.lang.Object, java.lang.Object, java.lang.Object)'> (0x0000000100ade780) 
thrown [src/hotspot/share/interpreter/linkResolver.cpp, line 758]
Event: 3.609 Thread 0x00007fdf50032990 Exception <a 'java/lang/ClassNotFoundException'{0x0000000100fc7228}: org/apache/commons/beanutils/TestBeanBeanInfo> (0x0000000100fc7228) 
thrown [src/hotspot/share/classfile/systemDictionary.cpp, line 256]
Event: 3.609 Thread 0x00007fdf50032990 Exception <a 'java/lang/ClassNotFoundException'{0x0000000100fc8210}: java/lang/ObjectBeanInfo> (0x0000000100fc8210) 
thrown [src/hotspot/share/classfile/systemDictionary.cpp, line 256]
Event: 3.610 Thread 0x00007fdf50032990 Exception <a 'java/lang/ClassNotFoundException'{0x0000000100fca228}: java/lang/ObjectCustomizer> (0x0000000100fca228) 
thrown [src/hotspot/share/classfile/systemDictionary.cpp, line 256]
Event: 3.615 Thread 0x00007fdf50032990 Exception <a 'java/lang/ClassNotFoundException'{0x0000000100ffdf48}: org/apache/commons/beanutils/TestBeanCustomizer> (0x0000000100ffdf48) 
thrown [src/hotspot/share/classfile/systemDictionary.cpp, line 256]

VM Operations (14 events):
Event: 0.964 Executing VM operation: HandshakeAllThreads
Event: 0.965 Executing VM operation: HandshakeAllThreads done
Event: 1.377 Executing VM operation: HandshakeAllThreads
Event: 1.377 Executing VM operation: HandshakeAllThreads done
Event: 1.377 Executing VM operation: Cleanup
Event: 1.377 Executing VM operation: Cleanup done
Event: 2.039 Executing VM operation: HandshakeAllThreads
Event: 2.039 Executing VM operation: HandshakeAllThreads done
Event: 2.996 Executing VM operation: HandshakeAllThreads
Event: 3.001 Executing VM operation: HandshakeAllThreads done
Event: 3.001 Executing VM operation: Cleanup
Event: 3.001 Executing VM operation: Cleanup done
Event: 3.077 Executing VM operation: HandshakeAllThreads
Event: 3.077 Executing VM operation: HandshakeAllThreads done

Memory protections (20 events):
Event: 0.096 Protecting memory [0x00007fdee2fce000,0x00007fdee2fd2000] with protection modes 0
Event: 0.096 Protecting memory [0x00007fdee2ecd000,0x00007fdee2ed1000] with protection modes 0
Event: 0.104 Protecting memory [0x00007fdee33d2000,0x00007fdee33d6000] with protection modes 0
Event: 0.186 Protecting memory [0x00007fdee2dcc000,0x00007fdee2dd0000] with protection modes 0
Event: 0.253 Protecting memory [0x00007fdee2ccb000,0x00007fdee2ccf000] with protection modes 0
Event: 0.279 Protecting memory [0x00007fdee2bca000,0x00007fdee2bce000] with protection modes 0
Event: 0.282 Protecting memory [0x00007fdee2ac9000,0x00007fdee2acd000] with protection modes 0
Event: 0.353 Protecting memory [0x00007fdee28c7000,0x00007fdee28cb000] with protection modes 0
Event: 0.473 Protecting memory [0x00007fdee29c8000,0x00007fdee29cc000] with protection modes 0
Event: 0.475 Protecting memory [0x00007fdee26c5000,0x00007fdee26c9000] with protection modes 0
Event: 1.348 Protecting memory [0x00007fdee25c4000,0x00007fdee25c8000] with protection modes 0
Event: 2.572 Protecting memory [0x00007fdee26c5000,0x00007fdee26c9000] with protection modes 0
Event: 2.727 Protecting memory [0x00007fdee25c4000,0x00007fdee25c8000] with protection modes 0
Event: 2.847 Protecting memory [0x00007fdee24c3000,0x00007fdee24c7000] with protection modes 0
Event: 2.983 Protecting memory [0x00007fdee23c2000,0x00007fdee23c6000] with protection modes 0
Event: 3.000 Protecting memory [0x00007fdee22c1000,0x00007fdee22c5000] with protection modes 0
Event: 3.730 Protecting memory [0x00007fdee25c4000,0x00007fdee25c8000] with protection modes 0
Event: 3.766 Protecting memory [0x00007fdee24c3000,0x00007fdee24c7000] with protection modes 0
Event: 3.782 Protecting memory [0x00007fdee23c2000,0x00007fdee23c6000] with protection modes 0
Event: 3.792 Protecting memory [0x00007fdee22c1000,0x00007fdee22c5000] with protection modes 0

Nmethod flushes (0 events):
No events

Events (20 events):
Event: 0.279 Thread 0x00007fdf5021c870 Thread added: 0x00007fde7806dec0
Event: 0.353 Thread 0x00007fdf50032990 Thread added: 0x00007fdf50264880
Event: 0.473 Thread 0x00007fdf5021dda0 Thread added: 0x00007fde6c003f80
Event: 0.475 Thread 0x00007fdf5021dda0 Thread added: 0x00007fde6c005110
Event: 1.346 Thread 0x00007fde6c005110 Thread added: 0x00007fde5802d6d0
Event: 1.476 Thread 0x00007fde5802d6d0 Thread exited: 0x00007fde5802d6d0
Event: 2.558 Thread 0x00007fde6c005110 Thread exited: 0x00007fde6c005110
Event: 2.572 Thread 0x00007fde7806dec0 Thread added: 0x00007fde640babb0
Event: 2.727 Thread 0x00007fde640babb0 Thread added: 0x00007fde582a9530
Event: 2.847 Thread 0x00007fdf5021dda0 Thread added: 0x00007fde6c013900
Event: 2.983 Thread 0x00007fde640babb0 Thread added: 0x00007fde580e1800
Event: 3.000 Thread 0x00007fde640babb0 Thread added: 0x00007fde580e2970
Event: 3.125 Thread 0x00007fde580e2970 Thread exited: 0x00007fde580e2970
Event: 3.236 Thread 0x00007fde580e1800 Thread exited: 0x00007fde580e1800
Event: 3.237 Thread 0x00007fde6c013900 Thread exited: 0x00007fde6c013900
Event: 3.237 Thread 0x00007fde582a9530 Thread exited: 0x00007fde582a9530
Event: 3.729 Thread 0x00007fde640babb0 Thread added: 0x00007fde582a9480
Event: 3.766 Thread 0x00007fde582a9480 Thread added: 0x00007fde4c002eb0
Event: 3.782 Thread 0x00007fdf5021c870 Thread added: 0x00007fde78093210
Event: 3.792 Thread 0x00007fdf5021c870 Thread added: 0x00007fde78110420


Dynamic libraries:
82000000-102000000 rw-p 00000000 00:00 0 
102000000-7fe000000 ---p 00000000 00:00 0 
7fe000000-7fef00000 rw-p 00000000 00:00 0 
7fef00000-7fef75000 rw-p 00c79000 00:33 8596472648                       /sfs/gpfs/tardis/applications/202512/software/standard/core/java/17/lib/server/classes.jsa
7fef75000-7ff000000 rw-p 00000000 00:00 0 
7ff000000-7ff078000 rw-p 00c01000 00:33 8596472648                       /sfs/gpfs/tardis/applications/202512/software/standard/core/java/17/lib/server/classes.jsa
7ff078000-800000000 rw-p 00000000 00:00 0 
55b11f181000-55b11f182000 r--p 00000000 00:33 8596472430                 /sfs/gpfs/tardis/applications/202512/software/standard/core/java/17/bin/java
55b11f182000-55b11f183000 r-xp 00001000 00:33 8596472430                 /sfs/gpfs/tardis/applications/202512/software/standard/core/java/17/bin/java
55b11f183000-55b11f184000 r--p 00002000 00:33 8596472430                 /sfs/gpfs/tardis/applications/202512/software/standard/core/java/17/bin/java
55b11f184000-55b11f185000 r--p 00002000 00:33 8596472430                 /sfs/gpfs/tardis/applications/202512/software/standard/core/java/17/bin/java
55b11f185000-55b11f186000 rw-p 00003000 00:33 8596472430                 /sfs/gpfs/tardis/applications/202512/software/standard/core/java/17/bin/java
55b1207d3000-55b12081b000 rw-p 00000000 00:00 0                          [heap]
7fde44000000-7fde44342000 rw-p 00000000 00:00 0 
7fde44342000-7fde48000000 ---p 00000000 00:00 0 
7fde48000000-7fde480fe000 rw-p 00000000 00:00 0 
7fde480fe000-7fde4c000000 ---p 00000000 00:00 0 
7fde4c000000-7fde4c6c1000 rw-p 00000000 00:00 0 
7fde4c6c1000-7fde50000000 ---p 00000000 00:00 0 
7fde50000000-7fde50532000 rw-p 00000000 00:00 0 
7fde50532000-7fde54000000 ---p 00000000 00:00 0 
7fde54000000-7fde5402b000 rw-p 00000000 00:00 0 
7fde5402b000-7fde58000000 ---p 00000000 00:00 0 
7fde58000000-7fde582b7000 rw-p 00000000 00:00 0 
7fde582b7000-7fde5c000000 ---p 00000000 00:00 0 
7fde5c000000-7fde5c021000 rw-p 00000000 00:00 0 
7fde5c021000-7fde60000000 ---p 00000000 00:00 0 
7fde60000000-7fde60021000 rw-p 00000000 00:00 0 
7fde60021000-7fde64000000 ---p 00000000 00:00 0 
7fde64000000-7fde640c5000 rw-p 00000000 00:00 0 
7fde640c5000-7fde68000000 ---p 00000000 00:00 0 
7fde68000000-7fde68021000 rw-p 00000000 00:00 0 
7fde68021000-7fde6c000000 ---p 00000000 00:00 0 
7fde6c000000-7fde6c021000 rw-p 00000000 00:00 0 
7fde6c021000-7fde70000000 ---p 00000000 00:00 0 
7fde70000000-7fde70021000 rw-p 00000000 00:00 0 
7fde70021000-7fde74000000 ---p 00000000 00:00 0 
7fde74000000-7fde74021000 rw-p 00000000 00:00 0 
7fde74021000-7fde78000000 ---p 00000000 00:00 0 
7fde78000000-7fde787fd000 rw-p 00000000 00:00 0 
7fde787fd000-7fde7c000000 ---p 00000000 00:00 0 
7fde7c000000-7fde7c021000 rw-p 00000000 00:00 0 
7fde7c021000-7fde80000000 ---p 00000000 00:00 0 
7fde80000000-7fde80021000 rw-p 00000000 00:00 0 
7fde80021000-7fde84000000 ---p 00000000 00:00 0 
7fde84000000-7fde84021000 rw-p 00000000 00:00 0 
7fde84021000-7fde88000000 ---p 00000000 00:00 0 
7fde88000000-7fde88021000 rw-p 00000000 00:00 0 
7fde88021000-7fde8c000000 ---p 00000000 00:00 0 
7fde8c000000-7fde8c021000 rw-p 00000000 00:00 0 
7fde8c021000-7fde90000000 ---p 00000000 00:00 0 
7fde93000000-7fde93455000 rw-p 00001000 00:33 8596472648                 /sfs/gpfs/tardis/applications/202512/software/standard/core/java/17/lib/server/classes.jsa
7fde93455000-7fde93bc9000 rw-p 00456000 00:33 8596472648                 /sfs/gpfs/tardis/applications/202512/software/standard/core/java/17/lib/server/classes.jsa
7fde93bc9000-7fde94000000 ---p 00000000 00:00 0 
7fde94000000-7fde94040000 rw-p 00000000 00:00 0 
7fde94040000-7fde940a0000 rw-p 00000000 00:00 0 
7fde940a0000-7fde940c0000 ---p 00000000 00:00 0 
7fde940c0000-7fde940d0000 rw-p 00000000 00:00 0 
7fde940d0000-7fded4000000 ---p 00000000 00:00 0 
7fded4000000-7fded4021000 rw-p 00000000 00:00 0 
7fded4021000-7fded8000000 ---p 00000000 00:00 0 
7fded8000000-7fded8310000 rw-p 00000000 00:00 0 
7fded8320000-7fded8400000 ---p 00000000 00:00 0 
7fded8400000-7fded85f0000 rw-p 00000000 00:00 0 
7fded85f0000-7fdedc000000 ---p 00000000 00:00 0 
7fdedc000000-7fdedc021000 rw-p 00000000 00:00 0 
7fdedc021000-7fdee0000000 ---p 00000000 00:00 0 
7fdee22c0000-7fdee22c1000 ---p 00000000 00:00 0 
7fdee22c1000-7fdee22c5000 ---p 00000000 00:00 0 
7fdee22c5000-7fdee23c1000 rw-p 00000000 00:00 0 
7fdee23c1000-7fdee23c2000 ---p 00000000 00:00 0 
7fdee23c2000-7fdee23c6000 ---p 00000000 00:00 0 
7fdee23c6000-7fdee24c2000 rw-p 00000000 00:00 0 
7fdee24c2000-7fdee24c3000 ---p 00000000 00:00 0 
7fdee24c3000-7fdee24c7000 ---p 00000000 00:00 0 
7fdee24c7000-7fdee25c3000 rw-p 00000000 00:00 0 
7fdee25c3000-7fdee25c4000 ---p 00000000 00:00 0 
7fdee25c4000-7fdee25c8000 ---p 00000000 00:00 0 
7fdee25c8000-7fdee26c4000 rw-p 00000000 00:00 0 
7fdee26c4000-7fdee26c5000 ---p 00000000 00:00 0 
7fdee26c5000-7fdee26c9000 ---p 00000000 00:00 0 
7fdee26c9000-7fdee27c5000 rw-p 00000000 00:00 0 
7fdee27c5000-7fdee27c6000 ---p 00000000 00:00 0 
7fdee27c6000-7fdee28c6000 rw-p 00000000 00:00 0 
7fdee28c6000-7fdee28c7000 ---p 00000000 00:00 0 
7fdee28c7000-7fdee28cb000 ---p 00000000 00:00 0 
7fdee28cb000-7fdee29c7000 rw-p 00000000 00:00 0 
7fdee29c7000-7fdee29c8000 ---p 00000000 00:00 0 
7fdee29c8000-7fdee29cc000 ---p 00000000 00:00 0 
7fdee29cc000-7fdee2ac8000 rw-p 00000000 00:00 0 
7fdee2ac8000-7fdee2ac9000 ---p 00000000 00:00 0 
7fdee2ac9000-7fdee2acd000 ---p 00000000 00:00 0 
7fdee2acd000-7fdee2bc9000 rw-p 00000000 00:00 0 
7fdee2bc9000-7fdee2bca000 ---p 00000000 00:00 0 
7fdee2bca000-7fdee2bce000 ---p 00000000 00:00 0 
7fdee2bce000-7fdee2cca000 rw-p 00000000 00:00 0 
7fdee2cca000-7fdee2ccb000 ---p 00000000 00:00 0 
7fdee2ccb000-7fdee2ccf000 ---p 00000000 00:00 0 
7fdee2ccf000-7fdee2dcb000 rw-p 00000000 00:00 0 
7fdee2dcb000-7fdee2dcc000 ---p 00000000 00:00 0 
7fdee2dcc000-7fdee2dd0000 ---p 00000000 00:00 0 
7fdee2dd0000-7fdee2ecc000 rw-p 00000000 00:00 0 
7fdee2ecc000-7fdee2ecd000 ---p 00000000 00:00 0 
7fdee2ecd000-7fdee2ed1000 ---p 00000000 00:00 0 
7fdee2ed1000-7fdee2fcd000 rw-p 00000000 00:00 0 
7fdee2fcd000-7fdee2fce000 ---p 00000000 00:00 0 
7fdee2fce000-7fdee2fd2000 ---p 00000000 00:00 0 
7fdee2fd2000-7fdee30ce000 rw-p 00000000 00:00 0 
7fdee30ce000-7fdee30cf000 ---p 00000000 00:00 0 
7fdee30cf000-7fdee30d3000 ---p 00000000 00:00 0 
7fdee30d3000-7fdee31cf000 rw-p 00000000 00:00 0 
7fdee31cf000-7fdee31d0000 ---p 00000000 00:00 0 
7fdee31d0000-7fdee31d4000 ---p 00000000 00:00 0 
7fdee31d4000-7fdee32d0000 rw-p 00000000 00:00 0 
7fdee32d0000-7fdee32d1000 ---p 00000000 00:00 0 
7fdee32d1000-7fdee32d5000 ---p 00000000 00:00 0 
7fdee32d5000-7fdee33d1000 rw-p 00000000 00:00 0 
7fdee33d1000-7fdee33d2000 ---p 00000000 00:00 0 
7fdee33d2000-7fdee33d6000 ---p 00000000 00:00 0 
7fdee33d6000-7fdee34d2000 rw-p 00000000 00:00 0 
7fdee34d2000-7fdee34d3000 ---p 00000000 00:00 0 
7fdee34d3000-7fdee35d3000 rw-p 00000000 00:00 0 
7fdee35d3000-7fdee35d8000 r--p 00000000 00:33 8596472621                 /sfs/gpfs/tardis/applications/202512/software/standard/core/java/17/lib/libjsvml.so
7fdee35d8000-7fdee3619000 r-xp 00005000 00:33 8596472621                 /sfs/gpfs/tardis/applications/202512/software/standard/core/java/17/lib/libjsvml.so
7fdee3619000-7fdee36a2000 r--p 00046000 00:33 8596472621                 /sfs/gpfs/tardis/applications/202512/software/standard/core/java/17/lib/libjsvml.so
7fdee36a2000-7fdee36a3000 r--p 000ce000 00:33 8596472621                 /sfs/gpfs/tardis/applications/202512/software/standard/core/java/17/lib/libjsvml.so
7fdee36a3000-7fdee36a4000 rw-p 000cf000 00:33 8596472621                 /sfs/gpfs/tardis/applications/202512/software/standard/core/java/17/lib/libjsvml.so
7fdee36a4000-7fdee37c1000 rw-p 00000000 00:00 0 
7fdee37e8000-7fdee37ea000 r--p 00000000 00:33 8596472625                 /sfs/gpfs/tardis/applications/202512/software/standard/core/java/17/lib/libmanagement_ext.so
7fdee37ea000-7fdee37ed000 r-xp 00002000 00:33 8596472625                 /sfs/gpfs/tardis/applications/202512/software/standard/core/java/17/lib/libmanagement_ext.so
7fdee37ed000-7fdee37ee000 r--p 00005000 00:33 8596472625                 /sfs/gpfs/tardis/applications/202512/software/standard/core/java/17/lib/libmanagement_ext.so
7fdee37ee000-7fdee37ef000 ---p 00006000 00:33 8596472625                 /sfs/gpfs/tardis/applications/202512/software/standard/core/java/17/lib/libmanagement_ext.so
7fdee37ef000-7fdee37f0000 r--p 00006000 00:33 8596472625                 /sfs/gpfs/tardis/applications/202512/software/standard/core/java/17/lib/libmanagement_ext.so
7fdee37f0000-7fdee37f1000 rw-p 00007000 00:33 8596472625                 /sfs/gpfs/tardis/applications/202512/software/standard/core/java/17/lib/libmanagement_ext.so
7fdee37f1000-7fdee37f4000 r--p 00000000 00:33 8596472623                 /sfs/gpfs/tardis/applications/202512/software/standard/core/java/17/lib/libmanagement.so
7fdee37f4000-7fdee37f5000 r-xp 00003000 00:33 8596472623                 /sfs/gpfs/tardis/applications/202512/software/standard/core/java/17/lib/libmanagement.so
7fdee37f5000-7fdee37f6000 r--p 00004000 00:33 8596472623                 /sfs/gpfs/tardis/applications/202512/software/standard/core/java/17/lib/libmanagement.so
7fdee37f6000-7fdee37f7000 r--p 00004000 00:33 8596472623                 /sfs/gpfs/tardis/applications/202512/software/standard/core/java/17/lib/libmanagement.so
7fdee37f7000-7fdee37f8000 rw-p 00005000 00:33 8596472623                 /sfs/gpfs/tardis/applications/202512/software/standard/core/java/17/lib/libmanagement.so
7fdee37f8000-7fdee37f9000 ---p 00000000 00:00 0 
7fdee37f9000-7fdee38f9000 rw-p 00000000 00:00 0 
7fdee38f9000-7fdee38fa000 ---p 00000000 00:00 0 
7fdee38fa000-7fdee4021000 rw-p 00000000 00:00 0 
7fdee4021000-7fdee8000000 ---p 00000000 00:00 0 
7fdee8000000-7fdee8021000 rw-p 00000000 00:00 0 
7fdee8021000-7fdeec000000 ---p 00000000 00:00 0 
7fdeec000000-7fdeec021000 rw-p 00000000 00:00 0 
7fdeec021000-7fdef0000000 ---p 00000000 00:00 0 
7fdef0005000-7fdef0009000 r--p 00000000 00:33 8596472635                 /sfs/gpfs/tardis/applications/202512/software/standard/core/java/17/lib/libverify.so
7fdef0009000-7fdef0010000 r-xp 00004000 00:33 8596472635                 /sfs/gpfs/tardis/applications/202512/software/standard/core/java/17/lib/libverify.so
7fdef0010000-7fdef0012000 r--p 0000b000 00:33 8596472635                 /sfs/gpfs/tardis/applications/202512/software/standard/core/java/17/lib/libverify.so
7fdef0012000-7fdef0014000 r--p 0000c000 00:33 8596472635                 /sfs/gpfs/tardis/applications/202512/software/standard/core/java/17/lib/libverify.so
7fdef0014000-7fdef0015000 rw-p 0000e000 00:33 8596472635                 /sfs/gpfs/tardis/applications/202512/software/standard/core/java/17/lib/libverify.so
7fdef0015000-7fdef0019000 r--p 00000000 00:33 8596472627                 /sfs/gpfs/tardis/applications/202512/software/standard/core/java/17/lib/libnet.so
7fdef0019000-7fdef0027000 r-xp 00004000 00:33 8596472627                 /sfs/gpfs/tardis/applications/202512/software/standard/core/java/17/lib/libnet.so
7fdef0027000-7fdef002b000 r--p 00012000 00:33 8596472627                 /sfs/gpfs/tardis/applications/202512/software/standard/core/java/17/lib/libnet.so
7fdef002b000-7fdef002c000 r--p 00015000 00:33 8596472627                 /sfs/gpfs/tardis/applications/202512/software/standard/core/java/17/lib/libnet.so
7fdef002c000-7fdef002d000 rw-p 00016000 00:33 8596472627                 /sfs/gpfs/tardis/applications/202512/software/standard/core/java/17/lib/libnet.so
7fdef002d000-7fdef412e000 rw-p 00000000 00:00 0 
7fdef412e000-7fdf1002e000 ---p 00000000 00:00 0 
7fdf1002e000-7fdf120ae000 rw-p 00000000 00:00 0 
7fdf120ae000-7fdf2dfae000 ---p 00000000 00:00 0 
7fdf2dfae000-7fdf2e42e000 rw-p 00000000 00:00 0 
7fdf2e42e000-7fdf31c0e000 ---p 00000000 00:00 0 
7fdf31c0e000-7fdf3201e000 rw-p 00000000 00:00 0 
7fdf3201e000-7fdf357fe000 ---p 00000000 00:00 0 
7fdf357fe000-7fdf35c0e000 rw-p 00000000 00:00 0 
7fdf35c0e000-7fdf393ee000 ---p 00000000 00:00 0 
7fdf393ee000-7fdf393fe000 rw-p 00000000 00:00 0 
7fdf393fe000-7fdf3969e000 rwxp 00000000 00:00 0 
7fdf3969e000-7fdf4085d000 ---p 00000000 00:00 0 
7fdf4085d000-7fdf40b2d000 rwxp 00000000 00:00 0 
7fdf40b2d000-7fdf40f9e000 ---p 00000000 00:00 0 
7fdf40f9e000-7fdf4120e000 rwxp 00000000 00:00 0 
7fdf4120e000-7fdf483fe000 ---p 00000000 00:00 0 
7fdf483fe000-7fdf50000000 r--s 00000000 00:33 8596472637                 /sfs/gpfs/tardis/applications/202512/software/standard/core/java/17/lib/modules
7fdf50000000-7fdf504b3000 rw-p 00000000 00:00 0 
7fdf504b3000-7fdf54000000 ---p 00000000 00:00 0 
7fdf54003000-7fdf5400a000 r--p 00000000 00:33 8596472628                 /sfs/gpfs/tardis/applications/202512/software/standard/core/java/17/lib/libnio.so
7fdf5400a000-7fdf54013000 r-xp 00007000 00:33 8596472628                 /sfs/gpfs/tardis/applications/202512/software/standard/core/java/17/lib/libnio.so
7fdf54013000-7fdf54017000 r--p 00010000 00:33 8596472628                 /sfs/gpfs/tardis/applications/202512/software/standard/core/java/17/lib/libnio.so
7fdf54017000-7fdf54018000 ---p 00014000 00:33 8596472628                 /sfs/gpfs/tardis/applications/202512/software/standard/core/java/17/lib/libnio.so
7fdf54018000-7fdf54019000 r--p 00014000 00:33 8596472628                 /sfs/gpfs/tardis/applications/202512/software/standard/core/java/17/lib/libnio.so
7fdf54019000-7fdf5401a000 rw-p 00015000 00:33 8596472628                 /sfs/gpfs/tardis/applications/202512/software/standard/core/java/17/lib/libnio.so
7fdf5401a000-7fdf54b25000 rw-p 00000000 00:00 0 
7fdf54b25000-7fdf54b26000 ---p 00000000 00:00 0 
7fdf54b26000-7fdf54c26000 rw-p 00000000 00:00 0 
7fdf54c26000-7fdf54c27000 ---p 00000000 00:00 0 
7fdf54c27000-7fdf54d27000 rw-p 00000000 00:00 0 
7fdf54d27000-7fdf54d28000 ---p 00000000 00:00 0 
7fdf54d28000-7fdf5629b000 rw-p 00000000 00:00 0 
7fdf5629b000-7fdf5637f000 ---p 00000000 00:00 0 
7fdf5637f000-7fdf56385000 rw-p 00000000 00:00 0 
7fdf56385000-7fdf56468000 ---p 00000000 00:00 0 
7fdf56468000-7fdf5646a000 r--p 00000000 00:33 8596472636                 /sfs/gpfs/tardis/applications/202512/software/standard/core/java/17/lib/libzip.so
7fdf5646a000-7fdf5647c000 r-xp 00002000 00:33 8596472636                 /sfs/gpfs/tardis/applications/202512/software/standard/core/java/17/lib/libzip.so
7fdf5647c000-7fdf56484000 r--p 00014000 00:33 8596472636                 /sfs/gpfs/tardis/applications/202512/software/standard/core/java/17/lib/libzip.so
7fdf56484000-7fdf56485000 r--p 0001b000 00:33 8596472636                 /sfs/gpfs/tardis/applications/202512/software/standard/core/java/17/lib/libzip.so
7fdf56485000-7fdf56486000 rw-p 0001c000 00:33 8596472636                 /sfs/gpfs/tardis/applications/202512/software/standard/core/java/17/lib/libzip.so
7fdf56486000-7fdf56491000 r-xp 00000000 00:29 41352995                   /usr/lib64/libnss_files-2.28.so
7fdf56491000-7fdf56691000 ---p 0000b000 00:29 41352995                   /usr/lib64/libnss_files-2.28.so
7fdf56691000-7fdf56692000 r--p 0000b000 00:29 41352995                   /usr/lib64/libnss_files-2.28.so
7fdf56692000-7fdf56693000 rw-p 0000c000 00:29 41352995                   /usr/lib64/libnss_files-2.28.so
7fdf56693000-7fdf56699000 rw-p 00000000 00:00 0 
7fdf56699000-7fdf566a0000 r-xp 00000000 00:29 41352993                   /usr/lib64/libnss_db-2.28.so
7fdf566a0000-7fdf5689f000 ---p 00007000 00:29 41352993                   /usr/lib64/libnss_db-2.28.so
7fdf5689f000-7fdf568a0000 r--p 00006000 00:29 41352993                   /usr/lib64/libnss_db-2.28.so
7fdf568a0000-7fdf568a1000 rw-p 00007000 00:29 41352993                   /usr/lib64/libnss_db-2.28.so
7fdf568a1000-7fdf568a4000 rw-p 00000000 00:00 0 
7fdf568a4000-7fdf56b1c000 r--p 00000000 00:29 42290259                   /usr/lib/locale/en_US.utf8/LC_COLLATE
7fdf56b1c000-7fdf56c9d000 r-xp 00000000 00:29 41352876                   /usr/lib64/libm-2.28.so
7fdf56c9d000-7fdf56e9c000 ---p 00181000 00:29 41352876                   /usr/lib64/libm-2.28.so
7fdf56e9c000-7fdf56e9d000 r--p 00180000 00:29 41352876                   /usr/lib64/libm-2.28.so
7fdf56e9d000-7fdf56e9e000 rw-p 00181000 00:29 41352876                   /usr/lib64/libm-2.28.so
7fdf56e9e000-7fdf56ea5000 r-xp 00000000 00:29 41353205                   /usr/lib64/librt-2.28.so
7fdf56ea5000-7fdf570a4000 ---p 00007000 00:29 41353205                   /usr/lib64/librt-2.28.so
7fdf570a4000-7fdf570a5000 r--p 00006000 00:29 41353205                   /usr/lib64/librt-2.28.so
7fdf570a5000-7fdf570a6000 rw-p 00007000 00:29 41353205                   /usr/lib64/librt-2.28.so
7fdf570a6000-7fdf572f9000 r--p 00000000 00:33 8596472651                 /sfs/gpfs/tardis/applications/202512/software/standard/core/java/17/lib/server/libjvm.so
7fdf572f9000-7fdf58022000 r-xp 00253000 00:33 8596472651                 /sfs/gpfs/tardis/applications/202512/software/standard/core/java/17/lib/server/libjvm.so
7fdf58022000-7fdf582af000 r--p 00f7c000 00:33 8596472651                 /sfs/gpfs/tardis/applications/202512/software/standard/core/java/17/lib/server/libjvm.so
7fdf582af000-7fdf582b0000 ---p 01209000 00:33 8596472651                 /sfs/gpfs/tardis/applications/202512/software/standard/core/java/17/lib/server/libjvm.so
7fdf582b0000-7fdf58369000 r--p 01209000 00:33 8596472651                 /sfs/gpfs/tardis/applications/202512/software/standard/core/java/17/lib/server/libjvm.so
7fdf58369000-7fdf5839e000 rw-p 012c2000 00:33 8596472651                 /sfs/gpfs/tardis/applications/202512/software/standard/core/java/17/lib/server/libjvm.so
7fdf5839e000-7fdf583f9000 rw-p 00000000 00:00 0 
7fdf583f9000-7fdf585c6000 r-xp 00000000 00:29 41352421                   /usr/lib64/libc-2.28.so
7fdf585c6000-7fdf587c5000 ---p 001cd000 00:29 41352421                   /usr/lib64/libc-2.28.so
7fdf587c5000-7fdf587c9000 r--p 001cc000 00:29 41352421                   /usr/lib64/libc-2.28.so
7fdf587c9000-7fdf587cb000 rw-p 001d0000 00:29 41352421                   /usr/lib64/libc-2.28.so
7fdf587cb000-7fdf587cf000 rw-p 00000000 00:00 0 
7fdf587cf000-7fdf587d2000 r-xp 00000000 00:29 41352530                   /usr/lib64/libdl-2.28.so
7fdf587d2000-7fdf589d1000 ---p 00003000 00:29 41352530                   /usr/lib64/libdl-2.28.so
7fdf589d1000-7fdf589d2000 r--p 00002000 00:29 41352530                   /usr/lib64/libdl-2.28.so
7fdf589d2000-7fdf589d3000 rw-p 00003000 00:29 41352530                   /usr/lib64/libdl-2.28.so
7fdf589d3000-7fdf589ee000 r-xp 00000000 00:29 41353149                   /usr/lib64/libpthread-2.28.so
7fdf589ee000-7fdf58bed000 ---p 0001b000 00:29 41353149                   /usr/lib64/libpthread-2.28.so
7fdf58bed000-7fdf58bee000 r--p 0001a000 00:29 41353149                   /usr/lib64/libpthread-2.28.so
7fdf58bee000-7fdf58bef000 rw-p 0001b000 00:29 41353149                   /usr/lib64/libpthread-2.28.so
7fdf58bef000-7fdf58bf3000 rw-p 00000000 00:00 0 
7fdf58bf3000-7fdf58c22000 r-xp 00000000 00:29 41352045                   /usr/lib64/ld-2.28.so
7fdf58c26000-7fdf58c27000 r--p 00000000 00:33 8596472606                 /sfs/gpfs/tardis/applications/202512/software/standard/core/java/17/lib/libextnet.so
7fdf58c27000-7fdf58c28000 r-xp 00001000 00:33 8596472606                 /sfs/gpfs/tardis/applications/202512/software/standard/core/java/17/lib/libextnet.so
7fdf58c28000-7fdf58c29000 r--p 00002000 00:33 8596472606                 /sfs/gpfs/tardis/applications/202512/software/standard/core/java/17/lib/libextnet.so
7fdf58c29000-7fdf58c2a000 r--p 00002000 00:33 8596472606                 /sfs/gpfs/tardis/applications/202512/software/standard/core/java/17/lib/libextnet.so
7fdf58c2a000-7fdf58c2b000 rw-p 00003000 00:33 8596472606                 /sfs/gpfs/tardis/applications/202512/software/standard/core/java/17/lib/libextnet.so
7fdf58c2b000-7fdf58c31000 rw-p 00000000 00:00 0 
7fdf58c31000-7fdf58c3a000 ---p 00000000 00:00 0 
7fdf58c3a000-7fdf58c3b000 r--s 00000000 203:97233 4334508089525993473    /sfs/weka/scratch/wxw9rr/tmp/pitest-agent4297895672587801351.jar
7fdf58c3b000-7fdf58c43000 rw-s 00000000 00:2d 86341631                   /tmp/hsperfdata_wxw9rr/628330
7fdf58c43000-7fdf58c96000 r--p 00000000 00:29 42289927                   /usr/lib/locale/C.utf8/LC_CTYPE
7fdf58c96000-7fdf58c97000 r--p 00000000 00:29 42290264                   /usr/lib/locale/en_US.utf8/LC_NUMERIC
7fdf58c97000-7fdf58c98000 r--p 00000000 00:29 42290267                   /usr/lib/locale/en_US.utf8/LC_TIME
7fdf58c98000-7fdf58c99000 r--p 00000000 00:29 42290262                   /usr/lib/locale/en_US.utf8/LC_MONETARY
7fdf58c99000-7fdf58c9a000 r--p 00000000 00:29 42290268                   /usr/lib/locale/en_US.utf8/LC_MESSAGES/SYS_LC_MESSAGES
7fdf58c9a000-7fdf58c9b000 r--p 00000000 00:29 42290265                   /usr/lib/locale/en_US.utf8/LC_PAPER
7fdf58c9b000-7fdf58ca2000 r--s 00000000 00:29 41660342                   /usr/lib64/gconv/gconv-modules.cache
7fdf58ca2000-7fdf58cb0000 r--p 00000000 00:33 8596472613                 /sfs/gpfs/tardis/applications/202512/software/standard/core/java/17/lib/libjava.so
7fdf58cb0000-7fdf58cc2000 r-xp 0000e000 00:33 8596472613                 /sfs/gpfs/tardis/applications/202512/software/standard/core/java/17/lib/libjava.so
7fdf58cc2000-7fdf58cc8000 r--p 00020000 00:33 8596472613                 /sfs/gpfs/tardis/applications/202512/software/standard/core/java/17/lib/libjava.so
7fdf58cc8000-7fdf58cc9000 ---p 00026000 00:33 8596472613                 /sfs/gpfs/tardis/applications/202512/software/standard/core/java/17/lib/libjava.so
7fdf58cc9000-7fdf58cca000 r--p 00026000 00:33 8596472613                 /sfs/gpfs/tardis/applications/202512/software/standard/core/java/17/lib/libjava.so
7fdf58cca000-7fdf58ccb000 rw-p 00027000 00:33 8596472613                 /sfs/gpfs/tardis/applications/202512/software/standard/core/java/17/lib/libjava.so
7fdf58ccb000-7fdf58ccc000 rw-p 00000000 00:00 0 
7fdf58ccc000-7fdf58cd0000 r--p 00000000 00:33 8596472617                 /sfs/gpfs/tardis/applications/202512/software/standard/core/java/17/lib/libjimage.so
7fdf58cd0000-7fdf58ce3000 r-xp 00004000 00:33 8596472617                 /sfs/gpfs/tardis/applications/202512/software/standard/core/java/17/lib/libjimage.so
7fdf58ce3000-7fdf58ce9000 r--p 00017000 00:33 8596472617                 /sfs/gpfs/tardis/applications/202512/software/standard/core/java/17/lib/libjimage.so
7fdf58ce9000-7fdf58ceb000 r--p 0001c000 00:33 8596472617                 /sfs/gpfs/tardis/applications/202512/software/standard/core/java/17/lib/libjimage.so
7fdf58ceb000-7fdf58cec000 rw-p 0001e000 00:33 8596472617                 /sfs/gpfs/tardis/applications/202512/software/standard/core/java/17/lib/libjimage.so
7fdf58cec000-7fdf58cf0000 ---p 00000000 00:00 0 
7fdf58cf0000-7fdf58def000 rw-p 00000000 00:00 0 
7fdf58def000-7fdf58df0000 r--p 00000000 00:29 42290263                   /usr/lib/locale/en_US.utf8/LC_NAME
7fdf58df0000-7fdf58df1000 r--p 00000000 00:29 42290258                   /usr/lib/locale/en_US.utf8/LC_ADDRESS
7fdf58df1000-7fdf58df2000 r--p 00000000 00:29 42290266                   /usr/lib/locale/en_US.utf8/LC_TELEPHONE
7fdf58df2000-7fdf58df3000 r--p 00000000 00:29 42290261                   /usr/lib/locale/en_US.utf8/LC_MEASUREMENT
7fdf58df3000-7fdf58df4000 r--p 00000000 00:29 42290260                   /usr/lib/locale/en_US.utf8/LC_IDENTIFICATION
7fdf58df4000-7fdf58df6000 r--p 00000000 00:33 8596472608                 /sfs/gpfs/tardis/applications/202512/software/standard/core/java/17/lib/libinstrument.so
7fdf58df6000-7fdf58dfc000 r-xp 00002000 00:33 8596472608                 /sfs/gpfs/tardis/applications/202512/software/standard/core/java/17/lib/libinstrument.so
7fdf58dfc000-7fdf58dff000 r--p 00008000 00:33 8596472608                 /sfs/gpfs/tardis/applications/202512/software/standard/core/java/17/lib/libinstrument.so
7fdf58dff000-7fdf58e00000 r--p 0000a000 00:33 8596472608                 /sfs/gpfs/tardis/applications/202512/software/standard/core/java/17/lib/libinstrument.so
7fdf58e00000-7fdf58e01000 rw-p 0000b000 00:33 8596472608                 /sfs/gpfs/tardis/applications/202512/software/standard/core/java/17/lib/libinstrument.so
7fdf58e01000-7fdf58e02000 ---p 00000000 00:00 0 
7fdf58e02000-7fdf58e03000 r--p 00000000 00:00 0 
7fdf58e03000-7fdf58e04000 ---p 00000000 00:00 0 
7fdf58e04000-7fdf58e07000 r--p 00000000 00:33 8596472618                 /sfs/gpfs/tardis/applications/202512/software/standard/core/java/17/lib/libjli.so
7fdf58e07000-7fdf58e17000 r-xp 00003000 00:33 8596472618                 /sfs/gpfs/tardis/applications/202512/software/standard/core/java/17/lib/libjli.so
7fdf58e17000-7fdf58e1e000 r--p 00013000 00:33 8596472618                 /sfs/gpfs/tardis/applications/202512/software/standard/core/java/17/lib/libjli.so
7fdf58e1e000-7fdf58e1f000 r--p 00019000 00:33 8596472618                 /sfs/gpfs/tardis/applications/202512/software/standard/core/java/17/lib/libjli.so
7fdf58e1f000-7fdf58e20000 rw-p 0001a000 00:33 8596472618                 /sfs/gpfs/tardis/applications/202512/software/standard/core/java/17/lib/libjli.so
7fdf58e20000-7fdf58e22000 rw-p 00000000 00:00 0 
7fdf58e22000-7fdf58e23000 r--p 0002f000 00:29 41352045                   /usr/lib64/ld-2.28.so
7fdf58e23000-7fdf58e25000 rw-p 00030000 00:29 41352045                   /usr/lib64/ld-2.28.so
7ffef5e65000-7ffef5e8a000 rw-p 00000000 00:00 0                          [stack]
7ffef5ef3000-7ffef5ef7000 r--p 00000000 00:00 0                          [vvar]
7ffef5ef7000-7ffef5ef9000 r-xp 00000000 00:00 0                          [vdso]
ffffffffff600000-ffffffffff601000 r-xp 00000000 00:00 0                  [vsyscall]


VM Arguments:
jvm_args: -Dclassworlds.conf=/apps/software/standard/core/maven/3.9.0/bin/m2.conf -Dmaven.home=/apps/software/standard/core/maven/3.9.0 -Dlibrary.jansi.path=/apps/software/standard/core/maven/3.9.0/lib/jansi-native -Dmaven.multiModuleProjectDirectory=/scratch/wxw9rr/artifact/RQ3/OE25-DEV/commons-beanutils-1.9.4 -Djava.io.tmpdir=/sfs/weka/scratch/wxw9rr/tmp -javaagent:/sfs/weka/scratch/wxw9rr/tmp/pitest-agent4297895672587801351.jar -ea -Djava.awt.headless=true -XX:+UseG1GC -Djava.io.tmpdir=/sfs/weka/scratch/wxw9rr/tmp 
java_command: org.pitest.mutationtest.execute.MutationTestMinion 45715
java_class_path (initial): /sfs/weka/scratch/wxw9rr/artifact/RQ3/OE25-DEV/commons-beanutils-1.9.4/target/test-classes:/sfs/weka/scratch/wxw9rr/artifact/RQ3/OE25-DEV/commons-beanutils-1.9.4/target/classes:/home/wxw9rr/.m2/repository/commons-logging/commons-logging/1.2/commons-logging-1.2.jar:/home/wxw9rr/.m2/repository/commons-collections/commons-collections/3.2.2/commons-collections-3.2.2.jar:/home/wxw9rr/.m2/repository/commons-collections/commons-collections-testframework/3.2.1/commons-collections-testframework-3.2.1.jar:/home/wxw9rr/.m2/repository/junit/junit/4.12/junit-4.12.jar:/home/wxw9rr/.m2/repository/org/hamcrest/hamcrest-core/1.3/hamcrest-core-1.3.jar:/home/wxw9rr/.m2/repository/org/pitest/pitest/1.22.0/pitest-1.22.0.jar
Launcher Type: SUN_STANDARD

[Global flags]
     intx CICompilerCount                          = 12                                        {product} {ergonomic}
     uint ConcGCThreads                            = 5                                         {product} {ergonomic}
     uint G1ConcRefinementThreads                  = 18                                        {product} {ergonomic}
   size_t G1HeapRegionSize                         = 16777216                                  {product} {ergonomic}
    uintx GCDrainStackTargetSize                   = 64                                        {product} {ergonomic}
   size_t InitialHeapSize                          = 2147483648                                {product} {ergonomic}
   size_t MarkStackSize                            = 4194304                                   {product} {ergonomic}
   size_t MaxHeapSize                              = 32178700288                               {product} {ergonomic}
   size_t MaxNewSize                               = 19293798400                               {product} {ergonomic}
   size_t MinHeapDeltaBytes                        = 16777216                                  {product} {ergonomic}
   size_t MinHeapSize                              = 16777216                                  {product} {ergonomic}
    uintx NonNMethodCodeHeapSize                   = 7602480                                {pd product} {ergonomic}
    uintx NonProfiledCodeHeapSize                  = 122027880                              {pd product} {ergonomic}
    uintx ProfiledCodeHeapSize                     = 122027880                              {pd product} {ergonomic}
    uintx ReservedCodeCacheSize                    = 251658240                              {pd product} {ergonomic}
     bool SegmentedCodeCache                       = true                                      {product} {ergonomic}
   size_t SoftMaxHeapSize                          = 32178700288                            {manageable} {ergonomic}
     bool UseCompressedClassPointers               = true                           {product lp64_product} {ergonomic}
     bool UseCompressedOops                        = true                           {product lp64_product} {ergonomic}
     bool UseG1GC                                  = true                                      {product} {command line}

Logging:
Log output configuration:
 #0: stdout all=warning uptime,level,tags
 #1: stderr all=off uptime,level,tags

Environment Variables:
JAVA_HOME=/apps/software/standard/core/java/17
_JAVA_OPTIONS=-Djava.io.tmpdir=/sfs/weka/scratch/wxw9rr/tmp
PATH=/apps/software/standard/core/java/17:/apps/software/standard/core/java/17/bin:/apps/software/standard/core/maven/3.9.0:/apps/software/standard/core/maven/3.9.0/bin:/home/wxw9rr/.local/bin:/opt/mam/9.1.2/bin:/sfs/gpfs/tardis/applications/202512/software/standard/core/code-server/4.99.1/lib/vscode/bin/remote-cli:/apps/software/standard/core/code-server/4.99.1/bin:/apps/software/standard/core/miniforge/24.3.0-py3.11:/apps/software/standard/core/miniforge/24.3.0-py3.11/sbin:/apps/software/standard/core/miniforge/24.3.0-py3.11/bin:/sfs/gpfs/tardis/home/wxw9rr/miniforge3/bin:/sfs/gpfs/tardis/home/wxw9rr/miniforge3/condabin:/usr/local/bin:/usr/bin:/usr/local/sbin:/usr/sbin:/opt/slurm/current/bin:/opt/rci/bin:/share/resources/HPCtools:/opt/mam/current/bin:/opt/apptainer/current/bin:/sfs/gpfs/tardis/home/wxw9rr/.local/bin
LD_LIBRARY_PATH=/apps/software/standard/core/java/17/lib:/apps/software/standard/core/maven/3.9.0/lib:/opt/slurm/current/lib
SHELL=/bin/bash
LANG=en_US.UTF-8
TERM=xterm-256color
TMPDIR=/sfs/weka/scratch/wxw9rr/tmp
TMP=/sfs/weka/scratch/wxw9rr/tmp
TEMP=/sfs/weka/scratch/wxw9rr/tmp

Active Locale:
LC_ALL=en_US.UTF-8
LC_COLLATE=en_US.UTF-8
LC_CTYPE=en_US.UTF-8
LC_MESSAGES=en_US.UTF-8
LC_MONETARY=en_US.UTF-8
LC_NUMERIC=en_US.UTF-8
LC_TIME=en_US.UTF-8

Signal Handlers:
   SIGSEGV: crash_handler in libjvm.so, mask=11100100010111111101111111111110, flags=SA_RESTART|SA_SIGINFO, unblocked
    SIGBUS: crash_handler in libjvm.so, mask=11100100010111111101111111111110, flags=SA_RESTART|SA_SIGINFO, unblocked
    SIGFPE: crash_handler in libjvm.so, mask=11100100010111111101111111111110, flags=SA_RESTART|SA_SIGINFO, unblocked
   SIGPIPE: javaSignalHandler in libjvm.so, mask=11100100010111111101111111111110, flags=SA_RESTART|SA_SIGINFO, unblocked
   SIGXFSZ: javaSignalHandler in libjvm.so, mask=11100100010111111101111111111110, flags=SA_RESTART|SA_SIGINFO, unblocked
    SIGILL: crash_handler in libjvm.so, mask=11100100010111111101111111111110, flags=SA_RESTART|SA_SIGINFO, unblocked
   SIGUSR2: SR_handler in libjvm.so, mask=00100000000000000000000000000000, flags=SA_RESTART|SA_SIGINFO, unblocked
    SIGHUP: UserHandler in libjvm.so, mask=11100100010111111101111111111110, flags=SA_RESTART|SA_SIGINFO, unblocked
    SIGINT: UserHandler in libjvm.so, mask=11100100010111111101111111111110, flags=SA_RESTART|SA_SIGINFO, unblocked
   SIGTERM: UserHandler in libjvm.so, mask=11100100010111111101111111111110, flags=SA_RESTART|SA_SIGINFO, unblocked
   SIGQUIT: UserHandler in libjvm.so, mask=11100100010111111101111111111110, flags=SA_RESTART|SA_SIGINFO, blocked
   SIGTRAP: crash_handler in libjvm.so, mask=11100100010111111101111111111110, flags=SA_RESTART|SA_SIGINFO, unblocked


Periodic native trim disabled


---------------  S Y S T E M  ---------------

OS:
Rocky Linux release 8.10 (Green Obsidian)
uname: Linux 4.18.0-553.47.1.el8_10.x86_64 #1 SMP Thu Apr 3 14:27:08 UTC 2025 x86_64
OS uptime: 88 days 17:13 hours
libc: glibc 2.28 NPTL 2.28 
rlimit (soft/hard): STACK 8192k/infinity , CORE infinity/infinity , NPROC 3094208/3094208 , NOFILE 65536/65536 , AS infinity/infinity , CPU infinity/infinity , DATA infinity/infinity , FSIZE infinity/infinity , MEMLOCK infinity/infinity
load average: 107.72 68.92 51.21

/proc/meminfo:
MemTotal:       792160700 kB
MemFree:        78579532 kB
MemAvailable:   315436820 kB
Buffers:           28000 kB
Cached:         257955304 kB
SwapCached:            0 kB
Active:         92673448 kB
Inactive:       579892012 kB
Active(anon):    9145900 kB
Inactive(anon): 425563280 kB
Active(file):   83527548 kB
Inactive(file): 154328732 kB
Unevictable:    16958460 kB
Mlocked:        16958460 kB
SwapTotal:             0 kB
SwapFree:              0 kB
Dirty:                88 kB
Writeback:             0 kB
AnonPages:      431392848 kB
Mapped:          3396108 kB
Shmem:          19762004 kB
KReclaimable:    4104324 kB
Slab:            6625140 kB
SReclaimable:    4104324 kB
SUnreclaim:      2520816 kB
KernelStack:      107072 kB
PageTables:      1071904 kB
NFS_Unstable:          0 kB
Bounce:                0 kB
WritebackTmp:          0 kB
CommitLimit:    772820100 kB
Committed_AS:   759081844 kB
VmallocTotal:   13743895347199 kB
VmallocUsed:     2467048 kB
VmallocChunk:          0 kB
Percpu:           909312 kB
HardwareCorrupted:     0 kB
AnonHugePages:  131377152 kB
ShmemHugePages:        0 kB
ShmemPmdMapped:        0 kB
FileHugePages:         0 kB
FilePmdMapped:         0 kB
HugePages_Total:    5632
HugePages_Free:        0
HugePages_Rsvd:        0
HugePages_Surp:        0
Hugepagesize:       2048 kB
Hugetlb:        11534336 kB
DirectMap4k:     1240012 kB
DirectMap2M:    201951232 kB
DirectMap1G:    602931200 kB

/sys/kernel/mm/transparent_hugepage/enabled: [always] madvise never
/sys/kernel/mm/transparent_hugepage/hpage_pmd_size: 2097152
/sys/kernel/mm/transparent_hugepage/defrag (defrag/compaction efforts parameter): always defer defer+madvise [madvise] never

Process Memory:
Virtual Size: 35876456K (peak: 36138600K)
Resident Set Size: 110128K (peak: 110128K) (anon: 92756K, file: 17340K, shmem: 32K)
Swapped out: 0K
C-Heap outstanding allocations: 71611K, retained: 3716K
glibc malloc tunables: (default)

/proc/sys/kernel/threads-max (system-wide limit on the number of threads): 6188417
/proc/sys/vm/max_map_count (maximum number of memory map areas a process may have): 65530
/proc/sys/vm/swappiness (control to define how aggressively the kernel swaps out anonymous memory): 10
/proc/sys/kernel/pid_max (system-wide limit on number of process identifiers): 999999

container (cgroup) information:
container_type: cgroupv1
cpu_cpuset_cpus: 0-23
cpu_memory_nodes: 0-1
active_processor_count: 24
cpu_quota: no quota
cpu_period: 100000
cpu_shares: no shares
memory_limit_in_bytes: 536870912 k
memory_and_swap_limit_in_bytes: 536870912 k
memory_soft_limit_in_bytes: unlimited
memory_usage_in_bytes: 411904264 k
memory_max_usage_in_bytes: 441547720 k
kernel_memory_limit_in_bytes: unlimited
kernel_memory_usage_in_bytes: 2693288 k
kernel_memory_max_usage_in_bytes: 2715224 k
maximum number of tasks: unlimited
current number of tasks: 3654

Steal ticks since vm start: 0
Steal ticks percentage since vm start:  0.000

CPU: total 96 (initial active 24) (48 cores per cpu, 1 threads per core) family 25 model 17 stepping 1 microcode 0xa10113b, cx8, cmov, fxsr, mmx, 3dnowpref, sse, sse2, sse3, ssse3, sse4a, sse4.1, sse4.2, popcnt, lzcnt, tsc, tscinvbit, avx, avx2, aes, erms, clmul, bmi1, bmi2, adx, avx512f, avx512dq, avx512cd, avx512bw, avx512vl, sha, fma, vzeroupper, avx512_vpopcntdq, avx512_vpclmulqdq, avx512_vaes, avx512_vnni, clflush, clflushopt, avx512_vbmi2, avx512_vbmi
CPU Model and flags from /proc/cpuinfo:
model name	: AMD EPYC 9454 48-Core Processor
flags		: fpu vme de pse tsc msr pae mce cx8 apic sep mtrr pge mca cmov pat pse36 clflush mmx fxsr sse sse2 ht syscall nx mmxext fxsr_opt pdpe1gb rdtscp lm constant_tsc rep_good amd_lbr_v2 nopl nonstop_tsc cpuid extd_apicid aperfmperf pni pclmulqdq monitor ssse3 fma cx16 pcid sse4_1 sse4_2 x2apic movbe popcnt aes xsave avx f16c rdrand lahf_lm cmp_legacy svm extapic cr8_legacy abm sse4a misalignsse 3dnowprefetch osvw ibs skinit wdt tce topoext perfctr_core perfctr_nb bpext perfctr_llc mwaitx cpb cat_l3 cdp_l3 invpcid_single hw_pstate ssbd mba perfmon_v2 ibrs ibpb stibp ibrs_enhanced vmmcall fsgsbase bmi1 avx2 smep bmi2 erms invpcid cqm rdt_a avx512f avx512dq rdseed adx smap avx512ifma clflushopt clwb avx512cd sha_ni avx512bw avx512vl xsaveopt xsavec xgetbv1 xsaves cqm_llc cqm_occup_llc cqm_mbm_total cqm_mbm_local avx512_bf16 clzero irperf xsaveerptr wbnoinvd amd_ppin cppc arat npt lbrv svm_lock nrip_save tsc_scale vmcb_clean flushbyasid decodeassists pausefilter pfthreshold avic v_vmsave_vmload vgif x2avic v_spec_ctrl avx512vbmi umip pku ospke avx512_vbmi2 gfni vaes vpclmulqdq avx512_vnni avx512_bitalg avx512_vpopcntdq la57 rdpid overflow_recov succor smca fsrm flush_l1d

Online cpus: 0-95
Offline cpus: 96-511
BIOS frequency limitation: 2750000
Frequency switch latency (ns): 0
Available cpu frequencies: 2750000 2100000 1500000 
Current governor: performance
Core performance/turbo boost: 1

Memory: 4k page, physical 536870912k(124998016k free), swap 0k(0k free)
Page Sizes: 4k

vm_info: OpenJDK 64-Bit Server VM (17.0.15+6) for linux-amd64 JRE (17.0.15+6), built on Apr 15 2025 00:00:00 by "admin" with gcc 10.3.0

END.
