#
# There is insufficient memory for the Java Runtime Environment to continue.
# Native memory allocation (mmap) failed to map 10267656192 bytes. Error detail: committing reserved memory.
# Possible reasons:
#   The system is out of physical RAM or swap space
#   This process is running with CompressedOops enabled, and the Java Heap may be blocking the growth of the native heap
# Possible solutions:
#   Reduce memory load on the system
#   Increase physical memory or swap space
#   Check if swap backing store is full
#   Decrease Java heap size (-Xmx/-Xms)
#   Decrease number of Java threads
#   Decrease Java thread stack sizes (-Xss)
#   Set larger code cache with -XX:ReservedCodeCacheSize=
#   JVM is running with Zero Based Compressed Oops mode in which the Java heap is
#     placed in the first 32GB address space. The Java Heap base address is the
#     maximum limit for the native heap growth. Please use -XX:HeapBaseMinAddress
#     to set the Java Heap base and to place the Java Heap above 32GB virtual address.
# This output file may be truncated or incomplete.
#
#  Out of Memory Error (os_linux.cpp:2832), pid=641349, tid=641367
#
# JRE version: OpenJDK Runtime Environment Temurin-17.0.15+6 (17.0.15+6) (build 17.0.15+6)
# Java VM: OpenJDK 64-Bit Server VM Temurin-17.0.15+6 (17.0.15+6, mixed mode, sharing, tiered, compressed oops, compressed class ptrs, g1 gc, linux-amd64)
# Core dump will be written. Default location: Core dumps may be processed with "/usr/lib/systemd/systemd-coredump %P %u %g %s %t %c %h %e" (or dumping to /sfs/weka/scratch/wxw9rr/artifact/RQ3/OE25-DEV/commons-beanutils-1.9.4/core.641349)
#

---------------  S U M M A R Y ------------

Command Line: -Dclassworlds.conf=/apps/software/standard/core/maven/3.9.0/bin/m2.conf -Dmaven.home=/apps/software/standard/core/maven/3.9.0 -Dlibrary.jansi.path=/apps/software/standard/core/maven/3.9.0/lib/jansi-native -Dmaven.multiModuleProjectDirectory=/scratch/wxw9rr/artifact/RQ3/OE25-DEV/commons-beanutils-1.9.4 -Djava.io.tmpdir=/sfs/weka/scratch/wxw9rr/tmp -javaagent:/sfs/weka/scratch/wxw9rr/tmp/pitest-agent4297895672587801351.jar -ea -Djava.awt.headless=true -XX:+UseG1GC -Djava.io.tmpdir=/sfs/weka/scratch/wxw9rr/tmp org.pitest.mutationtest.execute.MutationTestMinion 36991

Host: AMD EPYC 9454 48-Core Processor, 96 cores, 512G, Rocky Linux release 8.10 (Green Obsidian)
Time: Mon Jan 12 02:01:06 2026 EST elapsed time: 4.422277 seconds (0d 0h 0m 4s)

---------------  T H R E A D  ---------------

Current thread (0x00007f3a5c20ec30):  VMThread "VM Thread" [stack: 0x00007f39eebca000,0x00007f39eecca000] [id=641367]

Stack: [0x00007f39eebca000,0x00007f39eecca000],  sp=0x00007f39eecc7d70,  free space=1015k
Native frames: (J=compiled Java code, j=interpreted, Vv=VM code, C=native code)
V  [libjvm.so+0xee9791]  VMError::report_and_die(int, char const*, char const*, __va_list_tag*, Thread*, unsigned char*, void*, void*, char const*, int, unsigned long)+0x1a1
V  [libjvm.so+0xeea37d]  VMError::report_and_die(Thread*, char const*, int, unsigned long, VMErrorType, char const*, __va_list_tag*)+0x2d
V  [libjvm.so+0x60921c]  report_vm_out_of_memory(char const*, int, unsigned long, VMErrorType, char const*, ...)+0xdc
V  [libjvm.so+0xc26ba8]  os::pd_commit_memory_or_exit(char*, unsigned long, unsigned long, bool, char const*)+0xd8
V  [libjvm.so+0xc205ad]  os::commit_memory_or_exit(char*, unsigned long, unsigned long, bool, char const*)+0x1d
V  [libjvm.so+0x73769e]  G1PageBasedVirtualSpace::commit(unsigned long, unsigned long)+0x18e
V  [libjvm.so+0x74bf61]  G1RegionsLargerThanCommitSizeMapper::commit_regions(unsigned int, unsigned long, WorkGang*)+0x1a1
V  [libjvm.so+0x7de418]  HeapRegionManager::commit_regions(unsigned int, unsigned long, WorkGang*)+0x58
V  [libjvm.so+0x7e0262]  HeapRegionManager::expand(unsigned int, unsigned int, WorkGang*)+0x32
V  [libjvm.so+0x7e048e]  HeapRegionManager::expand_by(unsigned int, WorkGang*)+0x7e
V  [libjvm.so+0x6f0fbf]  G1CollectedHeap::expand(unsigned long, WorkGang*, double*)+0xef
V  [libjvm.so+0x6f5291]  G1CollectedHeap::do_collection_pause_at_safepoint_helper(double)+0x9a1
V  [libjvm.so+0x6f53e1]  G1CollectedHeap::do_collection_pause_at_safepoint(double)+0x31
V  [libjvm.so+0x770487]  VM_G1CollectForAllocation::doit()+0x47
V  [libjvm.so+0xeeecbe]  VM_Operation::evaluate()+0xee
V  [libjvm.so+0xef0674]  VMThread::evaluate_operation(VM_Operation*)+0xf4
V  [libjvm.so+0xef0bd4]  VMThread::inner_execute(VM_Operation*)+0x1d4
V  [libjvm.so+0xef0ebf]  VMThread::run()+0xbf
V  [libjvm.so+0xe6c2ca]  Thread::call_run()+0xaa
V  [libjvm.so+0xc29413]  thread_native_entry(Thread*)+0xe3

VM_Operation (0x00007f39edcb7720): G1CollectForAllocation, mode: safepoint, requested by thread 0x00007f3a5c3f5aa0


---------------  P R O C E S S  ---------------

Threads class SMR info:
_java_thread_list=0x00007f396c011f70, length=16, elements={
0x00007f3a5c032990, 0x00007f3a5c212cf0, 0x00007f3a5c2140d0, 0x00007f3a5c218680,
0x00007f3a5c219a30, 0x00007f3a5c21ae40, 0x00007f3a5c21c870, 0x00007f3a5c21dda0,
0x00007f3a5c21ee20, 0x00007f3a5c22b830, 0x00007f397803bbf0, 0x00007f3a5c25e6e0,
0x00007f397803cd30, 0x00007f397803e280, 0x00007f3a5c3f5aa0, 0x00007f396c0114f0
}

Java Threads: ( => current thread )
  0x00007f3a5c032990 JavaThread "main" [_thread_blocked, id=641355, stack(0x00007f3a643de000,0x00007f3a644df000)]
  0x00007f3a5c212cf0 JavaThread "Reference Handler" daemon [_thread_blocked, id=641371, stack(0x00007f39eeac9000,0x00007f39eebc9000)]
  0x00007f3a5c2140d0 JavaThread "Finalizer" daemon [_thread_blocked, id=641374, stack(0x00007f39ee9c8000,0x00007f39eeac8000)]
  0x00007f3a5c218680 JavaThread "Signal Dispatcher" daemon [_thread_blocked, id=641379, stack(0x00007f39ee8c7000,0x00007f39ee9c7000)]
  0x00007f3a5c219a30 JavaThread "Service Thread" daemon [_thread_blocked, id=641381, stack(0x00007f39ee7c6000,0x00007f39ee8c6000)]
  0x00007f3a5c21ae40 JavaThread "Monitor Deflation Thread" daemon [_thread_blocked, id=641382, stack(0x00007f39ee6c5000,0x00007f39ee7c5000)]
  0x00007f3a5c21c870 JavaThread "C2 CompilerThread0" daemon [_thread_blocked, id=641384, stack(0x00007f39ee5c4000,0x00007f39ee6c4000)]
  0x00007f3a5c21dda0 JavaThread "C1 CompilerThread0" daemon [_thread_blocked, id=641386, stack(0x00007f39ee4c3000,0x00007f39ee5c3000)]
  0x00007f3a5c21ee20 JavaThread "Sweeper thread" daemon [_thread_blocked, id=641387, stack(0x00007f39ee3c2000,0x00007f39ee4c2000)]
  0x00007f3a5c22b830 JavaThread "Common-Cleaner" daemon [_thread_blocked, id=641388, stack(0x00007f39ee2c1000,0x00007f39ee3c1000)]
  0x00007f397803bbf0 JavaThread "C1 CompilerThread1" daemon [_thread_blocked, id=641399, stack(0x00007f39ee1c0000,0x00007f39ee2c0000)]
  0x00007f3a5c25e6e0 JavaThread "Notification Thread" daemon [_thread_blocked, id=641400, stack(0x00007f39ee0bf000,0x00007f39ee1bf000)]
  0x00007f397803cd30 JavaThread "C1 CompilerThread2" daemon [_thread_blocked, id=641407, stack(0x00007f39edebd000,0x00007f39edfbd000)]
  0x00007f397803e280 JavaThread "C1 CompilerThread3" daemon [_thread_blocked, id=641411, stack(0x00007f39eddbc000,0x00007f39edebc000)]
  0x00007f3a5c3f5aa0 JavaThread "mutationTestThread" daemon [_thread_blocked, id=641812, stack(0x00007f39edbba000,0x00007f39edcba000)]
  0x00007f396c0114f0 JavaThread "C2 CompilerThread1" daemon [_thread_blocked, id=641820, stack(0x00007f39edcbb000,0x00007f39eddbb000)]

Other Threads:
=>0x00007f3a5c20ec30 VMThread "VM Thread" [stack: 0x00007f39eebca000,0x00007f39eecca000] [id=641367]
  0x00007f3a5c25ffb0 WatcherThread [stack: 0x00007f39edfbe000,0x00007f39ee0be000] [id=641406]
  0x00007f3a5c0680c0 GCTaskThread "GC Thread#0" [stack: 0x00007f3a6041a000,0x00007f3a6051a000] [id=641362]
  0x00007f399800b900 GCTaskThread "GC Thread#1" [stack: 0x00007f39edab9000,0x00007f39edbb9000] [id=641831]
  0x00007f399800bed0 GCTaskThread "GC Thread#2" [stack: 0x00007f39ed9b8000,0x00007f39edab8000] [id=641833]
  0x00007f399800c4a0 GCTaskThread "GC Thread#3" [stack: 0x00007f39ed8b7000,0x00007f39ed9b7000] [id=641834]
  0x00007f399800ccf0 GCTaskThread "GC Thread#4" [stack: 0x00007f39ed7b6000,0x00007f39ed8b6000] [id=641836]
  0x00007f399800d540 GCTaskThread "GC Thread#5" [stack: 0x00007f39ed6b5000,0x00007f39ed7b5000] [id=641837]
  0x00007f399800df80 GCTaskThread "GC Thread#6" [stack: 0x00007f39ed5b4000,0x00007f39ed6b4000] [id=641838]
  0x00007f399800e9c0 GCTaskThread "GC Thread#7" [stack: 0x00007f39ed4b3000,0x00007f39ed5b3000] [id=641839]
  0x00007f399800f420 GCTaskThread "GC Thread#8" [stack: 0x00007f39ed3b2000,0x00007f39ed4b2000] [id=641840]
  0x00007f399800fea0 GCTaskThread "GC Thread#9" [stack: 0x00007f39ed2b1000,0x00007f39ed3b1000] [id=641841]
  0x00007f3998010920 GCTaskThread "GC Thread#10" [stack: 0x00007f39ed1b0000,0x00007f39ed2b0000] [id=641842]
  0x00007f39980113a0 GCTaskThread "GC Thread#11" [stack: 0x00007f39ed0af000,0x00007f39ed1af000] [id=641843]
  0x00007f3998012210 GCTaskThread "GC Thread#12" [stack: 0x00007f39ecfae000,0x00007f39ed0ae000] [id=641844]
  0x00007f3998013080 GCTaskThread "GC Thread#13" [stack: 0x00007f39ecead000,0x00007f39ecfad000] [id=641845]
  0x00007f3998013ef0 GCTaskThread "GC Thread#14" [stack: 0x00007f39ecdac000,0x00007f39eceac000] [id=641846]
  0x00007f3998014d60 GCTaskThread "GC Thread#15" [stack: 0x00007f39eccab000,0x00007f39ecdab000] [id=641847]
  0x00007f3998015bd0 GCTaskThread "GC Thread#16" [stack: 0x00007f39ecbaa000,0x00007f39eccaa000] [id=641848]
  0x00007f3998016a40 GCTaskThread "GC Thread#17" [stack: 0x00007f39ecaa9000,0x00007f39ecba9000] [id=641849]
  0x00007f3a5c0786e0 ConcurrentGCThread "G1 Main Marker" [stack: 0x00007f3a60319000,0x00007f3a60419000] [id=641363]
  0x00007f3a5c079660 ConcurrentGCThread "G1 Conc#0" [stack: 0x00007f3a60218000,0x00007f3a60318000] [id=641364]
  0x00007f3a5c1dc910 ConcurrentGCThread "G1 Refine#0" [stack: 0x00007f39eeff1000,0x00007f39ef0f1000] [id=641365]
  0x00007f39e8000da0 ConcurrentGCThread "G1 Refine#1" [stack: 0x00007f39ec9a8000,0x00007f39ecaa8000] [id=642100]
  0x00007f3914000da0 ConcurrentGCThread "G1 Refine#2" [stack: 0x00007f39ec8a7000,0x00007f39ec9a7000] [id=642108]
  0x00007f3a5c1dd810 ConcurrentGCThread "G1 Service" [stack: 0x00007f39eeef0000,0x00007f39eeff0000] [id=641366]

Threads with active compile tasks:

VM state: at safepoint (normal execution)

VM Mutex/Monitor currently owned by a thread:  ([mutex/lock_event])
[0x00007f3a5c02e1c0] Threads_lock - owner thread: 0x00007f3a5c20ec30
[0x00007f3a5c02e970] Heap_lock - owner thread: 0x00007f3a5c3f5aa0

Heap address: 0x0000000082000000, size: 30688 MB, Compressed Oops mode: Zero based, Oop shift amount: 3

CDS archive(s) mapped at: [0x00007f399f000000-0x00007f399fbc9000-0x00007f399fbc9000), size 12357632, SharedBaseAddress: 0x00007f399f000000, ArchiveRelocationMode: 1.
Compressed class space mapped at: 0x00007f39a0000000-0x00007f39e0000000, reserved size: 1073741824
Narrow klass base: 0x00007f399f000000, Narrow klass shift: 0, Narrow klass range: 0x100000000

GC Precious Log:
 CPUs: 96 total, 24 available
 Memory: 512G
 Large Page Support: Disabled
 NUMA Support: Disabled
 Compressed Oops: Enabled (Zero based)
 Heap Region Size: 16M
 Heap Min Capacity: 16M
 Heap Initial Capacity: 2G
 Heap Max Capacity: 30688M
 Pre-touch: Disabled
 Parallel Workers: 18
 Concurrent Workers: 5
 Concurrent Refinement Workers: 18
 Periodic GC: Disabled

Heap:
 garbage-first heap   total 6389760K, used 445891K [0x0000000082000000, 0x0000000800000000)
  region size 16384K, 3 young (49152K), 3 survivors (49152K)
 Metaspace       used 5707K, committed 5888K, reserved 1114112K
  class space    used 684K, committed 768K, reserved 1048576K

Heap Regions: E=young(eden), S=young(survivor), O=old, HS=humongous(starts), HC=humongous(continues), CS=collection set, F=free, OA=open archive, CA=closed archive, TAMS=top-at-mark-start (previous, next)
|   0|0x0000000082000000, 0x0000000083000000, 0x0000000083000000|100%| O|  |TAMS 0x0000000082000000, 0x0000000082000000| Untracked 
|   1|0x0000000083000000, 0x0000000084000000, 0x0000000084000000|100%| O|  |TAMS 0x0000000083000000, 0x0000000083000000| Untracked 
|   2|0x0000000084000000, 0x0000000085000000, 0x0000000085000000|100%| O|  |TAMS 0x0000000084000000, 0x0000000084000000| Untracked 
|   3|0x0000000085000000, 0x0000000086000000, 0x0000000086000000|100%| O|  |TAMS 0x0000000085000000, 0x0000000085000000| Untracked 
|   4|0x0000000086000000, 0x0000000087000000, 0x0000000087000000|100%| O|  |TAMS 0x0000000086000000, 0x0000000086000000| Untracked 
|   5|0x0000000087000000, 0x0000000088000000, 0x0000000088000000|100%| O|  |TAMS 0x0000000087000000, 0x0000000087000000| Untracked 
|   6|0x0000000088000000, 0x0000000089000000, 0x0000000089000000|100%| O|  |TAMS 0x0000000088000000, 0x0000000088000000| Untracked 
|   7|0x0000000089000000, 0x000000008a000000, 0x000000008a000000|100%| O|  |TAMS 0x0000000089000000, 0x0000000089000000| Untracked 
|   8|0x000000008a000000, 0x000000008b000000, 0x000000008b000000|100%| O|  |TAMS 0x000000008a000000, 0x000000008a000000| Untracked 
|   9|0x000000008b000000, 0x000000008c000000, 0x000000008c000000|100%| O|  |TAMS 0x000000008b000000, 0x000000008b000000| Untracked 
|  10|0x000000008c000000, 0x000000008d000000, 0x000000008d000000|100%| O|  |TAMS 0x000000008c000000, 0x000000008c000000| Untracked 
|  11|0x000000008d000000, 0x000000008e000000, 0x000000008e000000|100%| O|  |TAMS 0x000000008d000000, 0x000000008d000000| Untracked 
|  12|0x000000008e000000, 0x000000008f000000, 0x000000008f000000|100%| O|  |TAMS 0x000000008e000000, 0x000000008e000000| Untracked 
|  13|0x000000008f000000, 0x0000000090000000, 0x0000000090000000|100%| O|  |TAMS 0x000000008f000000, 0x000000008f000000| Untracked 
|  14|0x0000000090000000, 0x0000000091000000, 0x0000000091000000|100%| O|  |TAMS 0x0000000090000000, 0x0000000090000000| Untracked 
|  15|0x0000000091000000, 0x0000000092000000, 0x0000000092000000|100%| O|  |TAMS 0x0000000091000000, 0x0000000091000000| Untracked 
|  16|0x0000000092000000, 0x0000000093000000, 0x0000000093000000|100%| O|  |TAMS 0x0000000092000000, 0x0000000092000000| Untracked 
|  17|0x0000000093000000, 0x0000000094000000, 0x0000000094000000|100%| O|  |TAMS 0x0000000093000000, 0x0000000093000000| Untracked 
|  18|0x0000000094000000, 0x0000000095000000, 0x0000000095000000|100%|HS|  |TAMS 0x0000000094000000, 0x0000000094000000| Complete 
|  19|0x0000000095000000, 0x0000000096000000, 0x0000000096000000|100%| O|  |TAMS 0x0000000095000000, 0x0000000095000000| Untracked 
|  20|0x0000000096000000, 0x0000000097000000, 0x0000000097000000|100%| O|  |TAMS 0x0000000096000000, 0x0000000096000000| Untracked 
|  21|0x0000000097000000, 0x0000000098000000, 0x0000000098000000|100%| O|  |TAMS 0x0000000097000000, 0x0000000097000000| Untracked 
|  22|0x0000000098000000, 0x0000000099000000, 0x0000000099000000|100%| O|  |TAMS 0x0000000098000000, 0x0000000098000000| Untracked 
|  23|0x0000000099000000, 0x0000000099383c00, 0x000000009a000000| 21%| O|  |TAMS 0x0000000099000000, 0x0000000099000000| Untracked 
|  24|0x000000009a000000, 0x000000009a000000, 0x000000009b000000|  0%| F|  |TAMS 0x000000009a000000, 0x000000009a000000| Untracked 
|  25|0x000000009b000000, 0x000000009b000000, 0x000000009c000000|  0%| F|  |TAMS 0x000000009b000000, 0x000000009b000000| Untracked 
|  26|0x000000009c000000, 0x000000009c000000, 0x000000009d000000|  0%| F|  |TAMS 0x000000009c000000, 0x000000009c000000| Untracked 
|  27|0x000000009d000000, 0x000000009d000000, 0x000000009e000000|  0%| F|  |TAMS 0x000000009d000000, 0x000000009d000000| Untracked 
|  28|0x000000009e000000, 0x000000009e000000, 0x000000009f000000|  0%| F|  |TAMS 0x000000009e000000, 0x000000009e000000| Untracked 
|  29|0x000000009f000000, 0x000000009f000000, 0x00000000a0000000|  0%| F|  |TAMS 0x000000009f000000, 0x000000009f000000| Untracked 
|  30|0x00000000a0000000, 0x00000000a0000000, 0x00000000a1000000|  0%| F|  |TAMS 0x00000000a0000000, 0x00000000a0000000| Untracked 
|  31|0x00000000a1000000, 0x00000000a1000000, 0x00000000a2000000|  0%| F|  |TAMS 0x00000000a1000000, 0x00000000a1000000| Untracked 
|  32|0x00000000a2000000, 0x00000000a2000000, 0x00000000a3000000|  0%| F|  |TAMS 0x00000000a2000000, 0x00000000a2000000| Untracked 
|  33|0x00000000a3000000, 0x00000000a3000000, 0x00000000a4000000|  0%| F|  |TAMS 0x00000000a3000000, 0x00000000a3000000| Untracked 
|  34|0x00000000a4000000, 0x00000000a4000000, 0x00000000a5000000|  0%| F|  |TAMS 0x00000000a4000000, 0x00000000a4000000| Untracked 
|  35|0x00000000a5000000, 0x00000000a5000000, 0x00000000a6000000|  0%| F|  |TAMS 0x00000000a5000000, 0x00000000a5000000| Untracked 
|  36|0x00000000a6000000, 0x00000000a6000000, 0x00000000a7000000|  0%| F|  |TAMS 0x00000000a6000000, 0x00000000a6000000| Untracked 
|  37|0x00000000a7000000, 0x00000000a7000000, 0x00000000a8000000|  0%| F|  |TAMS 0x00000000a7000000, 0x00000000a7000000| Untracked 
|  38|0x00000000a8000000, 0x00000000a8000000, 0x00000000a9000000|  0%| F|  |TAMS 0x00000000a8000000, 0x00000000a8000000| Untracked 
|  39|0x00000000a9000000, 0x00000000a9000000, 0x00000000aa000000|  0%| F|  |TAMS 0x00000000a9000000, 0x00000000a9000000| Untracked 
|  40|0x00000000aa000000, 0x00000000aa000000, 0x00000000ab000000|  0%| F|  |TAMS 0x00000000aa000000, 0x00000000aa000000| Untracked 
|  41|0x00000000ab000000, 0x00000000ab000000, 0x00000000ac000000|  0%| F|  |TAMS 0x00000000ab000000, 0x00000000ab000000| Untracked 
|  42|0x00000000ac000000, 0x00000000ac000000, 0x00000000ad000000|  0%| F|  |TAMS 0x00000000ac000000, 0x00000000ac000000| Untracked 
|  43|0x00000000ad000000, 0x00000000ad000000, 0x00000000ae000000|  0%| F|  |TAMS 0x00000000ad000000, 0x00000000ad000000| Untracked 
|  44|0x00000000ae000000, 0x00000000ae000000, 0x00000000af000000|  0%| F|  |TAMS 0x00000000ae000000, 0x00000000ae000000| Untracked 
|  45|0x00000000af000000, 0x00000000af000000, 0x00000000b0000000|  0%| F|  |TAMS 0x00000000af000000, 0x00000000af000000| Untracked 
|  46|0x00000000b0000000, 0x00000000b0000000, 0x00000000b1000000|  0%| F|  |TAMS 0x00000000b0000000, 0x00000000b0000000| Untracked 
|  47|0x00000000b1000000, 0x00000000b1000000, 0x00000000b2000000|  0%| F|  |TAMS 0x00000000b1000000, 0x00000000b1000000| Untracked 
|  48|0x00000000b2000000, 0x00000000b2000000, 0x00000000b3000000|  0%| F|  |TAMS 0x00000000b2000000, 0x00000000b2000000| Untracked 
|  49|0x00000000b3000000, 0x00000000b3000000, 0x00000000b4000000|  0%| F|  |TAMS 0x00000000b3000000, 0x00000000b3000000| Untracked 
|  50|0x00000000b4000000, 0x00000000b4000000, 0x00000000b5000000|  0%| F|  |TAMS 0x00000000b4000000, 0x00000000b4000000| Untracked 
|  51|0x00000000b5000000, 0x00000000b5000000, 0x00000000b6000000|  0%| F|  |TAMS 0x00000000b5000000, 0x00000000b5000000| Untracked 
|  52|0x00000000b6000000, 0x00000000b6000000, 0x00000000b7000000|  0%| F|  |TAMS 0x00000000b6000000, 0x00000000b6000000| Untracked 
|  53|0x00000000b7000000, 0x00000000b7000000, 0x00000000b8000000|  0%| F|  |TAMS 0x00000000b7000000, 0x00000000b7000000| Untracked 
|  54|0x00000000b8000000, 0x00000000b8000000, 0x00000000b9000000|  0%| F|  |TAMS 0x00000000b8000000, 0x00000000b8000000| Untracked 
|  55|0x00000000b9000000, 0x00000000b9000000, 0x00000000ba000000|  0%| F|  |TAMS 0x00000000b9000000, 0x00000000b9000000| Untracked 
|  56|0x00000000ba000000, 0x00000000ba000000, 0x00000000bb000000|  0%| F|  |TAMS 0x00000000ba000000, 0x00000000ba000000| Untracked 
|  57|0x00000000bb000000, 0x00000000bb000000, 0x00000000bc000000|  0%| F|  |TAMS 0x00000000bb000000, 0x00000000bb000000| Untracked 
|  58|0x00000000bc000000, 0x00000000bc000000, 0x00000000bd000000|  0%| F|  |TAMS 0x00000000bc000000, 0x00000000bc000000| Untracked 
|  59|0x00000000bd000000, 0x00000000bd000000, 0x00000000be000000|  0%| F|  |TAMS 0x00000000bd000000, 0x00000000bd000000| Untracked 
|  60|0x00000000be000000, 0x00000000be000000, 0x00000000bf000000|  0%| F|  |TAMS 0x00000000be000000, 0x00000000be000000| Untracked 
|  61|0x00000000bf000000, 0x00000000bf000000, 0x00000000c0000000|  0%| F|  |TAMS 0x00000000bf000000, 0x00000000bf000000| Untracked 
|  62|0x00000000c0000000, 0x00000000c0000000, 0x00000000c1000000|  0%| F|  |TAMS 0x00000000c0000000, 0x00000000c0000000| Untracked 
|  63|0x00000000c1000000, 0x00000000c1000000, 0x00000000c2000000|  0%| F|  |TAMS 0x00000000c1000000, 0x00000000c1000000| Untracked 
|  64|0x00000000c2000000, 0x00000000c2000000, 0x00000000c3000000|  0%| F|  |TAMS 0x00000000c2000000, 0x00000000c2000000| Untracked 
|  65|0x00000000c3000000, 0x00000000c3000000, 0x00000000c4000000|  0%| F|  |TAMS 0x00000000c3000000, 0x00000000c3000000| Untracked 
|  66|0x00000000c4000000, 0x00000000c4000000, 0x00000000c5000000|  0%| F|  |TAMS 0x00000000c4000000, 0x00000000c4000000| Untracked 
|  67|0x00000000c5000000, 0x00000000c5000000, 0x00000000c6000000|  0%| F|  |TAMS 0x00000000c5000000, 0x00000000c5000000| Untracked 
|  68|0x00000000c6000000, 0x00000000c6000000, 0x00000000c7000000|  0%| F|  |TAMS 0x00000000c6000000, 0x00000000c6000000| Untracked 
|  69|0x00000000c7000000, 0x00000000c7000000, 0x00000000c8000000|  0%| F|  |TAMS 0x00000000c7000000, 0x00000000c7000000| Untracked 
|  70|0x00000000c8000000, 0x00000000c8000000, 0x00000000c9000000|  0%| F|  |TAMS 0x00000000c8000000, 0x00000000c8000000| Untracked 
|  71|0x00000000c9000000, 0x00000000c9000000, 0x00000000ca000000|  0%| F|  |TAMS 0x00000000c9000000, 0x00000000c9000000| Untracked 
|  72|0x00000000ca000000, 0x00000000ca000000, 0x00000000cb000000|  0%| F|  |TAMS 0x00000000ca000000, 0x00000000ca000000| Untracked 
|  73|0x00000000cb000000, 0x00000000cb000000, 0x00000000cc000000|  0%| F|  |TAMS 0x00000000cb000000, 0x00000000cb000000| Untracked 
|  74|0x00000000cc000000, 0x00000000cc000000, 0x00000000cd000000|  0%| F|  |TAMS 0x00000000cc000000, 0x00000000cc000000| Untracked 
|  75|0x00000000cd000000, 0x00000000cd000000, 0x00000000ce000000|  0%| F|  |TAMS 0x00000000cd000000, 0x00000000cd000000| Untracked 
|  76|0x00000000ce000000, 0x00000000ce000000, 0x00000000cf000000|  0%| F|  |TAMS 0x00000000ce000000, 0x00000000ce000000| Untracked 
|  77|0x00000000cf000000, 0x00000000cf000000, 0x00000000d0000000|  0%| F|  |TAMS 0x00000000cf000000, 0x00000000cf000000| Untracked 
|  78|0x00000000d0000000, 0x00000000d0000000, 0x00000000d1000000|  0%| F|  |TAMS 0x00000000d0000000, 0x00000000d0000000| Untracked 
|  79|0x00000000d1000000, 0x00000000d1000000, 0x00000000d2000000|  0%| F|  |TAMS 0x00000000d1000000, 0x00000000d1000000| Untracked 
|  80|0x00000000d2000000, 0x00000000d2000000, 0x00000000d3000000|  0%| F|  |TAMS 0x00000000d2000000, 0x00000000d2000000| Untracked 
|  81|0x00000000d3000000, 0x00000000d3000000, 0x00000000d4000000|  0%| F|  |TAMS 0x00000000d3000000, 0x00000000d3000000| Untracked 
|  82|0x00000000d4000000, 0x00000000d4000000, 0x00000000d5000000|  0%| F|  |TAMS 0x00000000d4000000, 0x00000000d4000000| Untracked 
|  83|0x00000000d5000000, 0x00000000d5000000, 0x00000000d6000000|  0%| F|  |TAMS 0x00000000d5000000, 0x00000000d5000000| Untracked 
|  84|0x00000000d6000000, 0x00000000d6000000, 0x00000000d7000000|  0%| F|  |TAMS 0x00000000d6000000, 0x00000000d6000000| Untracked 
|  85|0x00000000d7000000, 0x00000000d7000000, 0x00000000d8000000|  0%| F|  |TAMS 0x00000000d7000000, 0x00000000d7000000| Untracked 
|  86|0x00000000d8000000, 0x00000000d8000000, 0x00000000d9000000|  0%| F|  |TAMS 0x00000000d8000000, 0x00000000d8000000| Untracked 
|  87|0x00000000d9000000, 0x00000000d9000000, 0x00000000da000000|  0%| F|  |TAMS 0x00000000d9000000, 0x00000000d9000000| Untracked 
|  88|0x00000000da000000, 0x00000000da000000, 0x00000000db000000|  0%| F|  |TAMS 0x00000000da000000, 0x00000000da000000| Untracked 
|  89|0x00000000db000000, 0x00000000db000000, 0x00000000dc000000|  0%| F|  |TAMS 0x00000000db000000, 0x00000000db000000| Untracked 
|  90|0x00000000dc000000, 0x00000000dc000000, 0x00000000dd000000|  0%| F|  |TAMS 0x00000000dc000000, 0x00000000dc000000| Untracked 
|  91|0x00000000dd000000, 0x00000000dd000000, 0x00000000de000000|  0%| F|  |TAMS 0x00000000dd000000, 0x00000000dd000000| Untracked 
|  92|0x00000000de000000, 0x00000000de000000, 0x00000000df000000|  0%| F|  |TAMS 0x00000000de000000, 0x00000000de000000| Untracked 
|  93|0x00000000df000000, 0x00000000df000000, 0x00000000e0000000|  0%| F|  |TAMS 0x00000000df000000, 0x00000000df000000| Untracked 
|  94|0x00000000e0000000, 0x00000000e0000000, 0x00000000e1000000|  0%| F|  |TAMS 0x00000000e0000000, 0x00000000e0000000| Untracked 
|  95|0x00000000e1000000, 0x00000000e1000000, 0x00000000e2000000|  0%| F|  |TAMS 0x00000000e1000000, 0x00000000e1000000| Untracked 
|  96|0x00000000e2000000, 0x00000000e2000000, 0x00000000e3000000|  0%| F|  |TAMS 0x00000000e2000000, 0x00000000e2000000| Untracked 
|  97|0x00000000e3000000, 0x00000000e3000000, 0x00000000e4000000|  0%| F|  |TAMS 0x00000000e3000000, 0x00000000e3000000| Untracked 
|  98|0x00000000e4000000, 0x00000000e4000000, 0x00000000e5000000|  0%| F|  |TAMS 0x00000000e4000000, 0x00000000e4000000| Untracked 
|  99|0x00000000e5000000, 0x00000000e5000000, 0x00000000e6000000|  0%| F|  |TAMS 0x00000000e5000000, 0x00000000e5000000| Untracked 
| 100|0x00000000e6000000, 0x00000000e6000000, 0x00000000e7000000|  0%| F|  |TAMS 0x00000000e6000000, 0x00000000e6000000| Untracked 
| 101|0x00000000e7000000, 0x00000000e7000000, 0x00000000e8000000|  0%| F|  |TAMS 0x00000000e7000000, 0x00000000e7000000| Untracked 
| 102|0x00000000e8000000, 0x00000000e8000000, 0x00000000e9000000|  0%| F|  |TAMS 0x00000000e8000000, 0x00000000e8000000| Untracked 
| 103|0x00000000e9000000, 0x00000000e9000000, 0x00000000ea000000|  0%| F|  |TAMS 0x00000000e9000000, 0x00000000e9000000| Untracked 
| 104|0x00000000ea000000, 0x00000000ea000000, 0x00000000eb000000|  0%| F|  |TAMS 0x00000000ea000000, 0x00000000ea000000| Untracked 
| 105|0x00000000eb000000, 0x00000000eb000000, 0x00000000ec000000|  0%| F|  |TAMS 0x00000000eb000000, 0x00000000eb000000| Untracked 
| 106|0x00000000ec000000, 0x00000000ec000000, 0x00000000ed000000|  0%| F|  |TAMS 0x00000000ec000000, 0x00000000ec000000| Untracked 
| 107|0x00000000ed000000, 0x00000000ed000000, 0x00000000ee000000|  0%| F|  |TAMS 0x00000000ed000000, 0x00000000ed000000| Untracked 
| 108|0x00000000ee000000, 0x00000000ee000000, 0x00000000ef000000|  0%| F|  |TAMS 0x00000000ee000000, 0x00000000ee000000| Untracked 
| 109|0x00000000ef000000, 0x00000000ef000000, 0x00000000f0000000|  0%| F|  |TAMS 0x00000000ef000000, 0x00000000ef000000| Untracked 
| 110|0x00000000f0000000, 0x00000000f0000000, 0x00000000f1000000|  0%| F|  |TAMS 0x00000000f0000000, 0x00000000f0000000| Untracked 
| 111|0x00000000f1000000, 0x00000000f1000000, 0x00000000f2000000|  0%| F|  |TAMS 0x00000000f1000000, 0x00000000f1000000| Untracked 
| 112|0x00000000f2000000, 0x00000000f2000000, 0x00000000f3000000|  0%| F|  |TAMS 0x00000000f2000000, 0x00000000f2000000| Untracked 
| 113|0x00000000f3000000, 0x00000000f3000000, 0x00000000f4000000|  0%| F|  |TAMS 0x00000000f3000000, 0x00000000f3000000| Untracked 
| 114|0x00000000f4000000, 0x00000000f4000000, 0x00000000f5000000|  0%| F|  |TAMS 0x00000000f4000000, 0x00000000f4000000| Untracked 
| 115|0x00000000f5000000, 0x00000000f5000000, 0x00000000f6000000|  0%| F|  |TAMS 0x00000000f5000000, 0x00000000f5000000| Untracked 
| 116|0x00000000f6000000, 0x00000000f6000000, 0x00000000f7000000|  0%| F|  |TAMS 0x00000000f6000000, 0x00000000f6000000| Untracked 
| 117|0x00000000f7000000, 0x00000000f7000000, 0x00000000f8000000|  0%| F|  |TAMS 0x00000000f7000000, 0x00000000f7000000| Untracked 
| 118|0x00000000f8000000, 0x00000000f8000000, 0x00000000f9000000|  0%| F|  |TAMS 0x00000000f8000000, 0x00000000f8000000| Untracked 
| 119|0x00000000f9000000, 0x00000000f9000000, 0x00000000fa000000|  0%| F|  |TAMS 0x00000000f9000000, 0x00000000f9000000| Untracked 
| 120|0x00000000fa000000, 0x00000000fa000000, 0x00000000fb000000|  0%| F|  |TAMS 0x00000000fa000000, 0x00000000fa000000| Untracked 
| 121|0x00000000fb000000, 0x00000000fb000000, 0x00000000fc000000|  0%| F|  |TAMS 0x00000000fb000000, 0x00000000fb000000| Untracked 
| 122|0x00000000fc000000, 0x00000000fc000000, 0x00000000fd000000|  0%| F|  |TAMS 0x00000000fc000000, 0x00000000fc000000| Untracked 
| 123|0x00000000fd000000, 0x00000000fd000000, 0x00000000fe000000|  0%| F|  |TAMS 0x00000000fd000000, 0x00000000fd000000| Untracked 
| 124|0x00000000fe000000, 0x00000000fe000000, 0x00000000ff000000|  0%| F|  |TAMS 0x00000000fe000000, 0x00000000fe000000| Untracked 
| 125|0x00000000ff000000, 0x00000000ff000000, 0x0000000100000000|  0%| F|  |TAMS 0x00000000ff000000, 0x00000000ff000000| Untracked 
| 126|0x0000000100000000, 0x0000000100000000, 0x0000000101000000|  0%| F|  |TAMS 0x0000000100000000, 0x0000000100000000| Untracked 
| 127|0x0000000101000000, 0x0000000101000000, 0x0000000102000000|  0%| F|  |TAMS 0x0000000101000000, 0x0000000101000000| Untracked 
| 128|0x0000000102000000, 0x0000000102000000, 0x0000000103000000|  0%| F|  |TAMS 0x0000000102000000, 0x0000000102000000| Untracked 
| 129|0x0000000103000000, 0x0000000103000000, 0x0000000104000000|  0%| F|  |TAMS 0x0000000103000000, 0x0000000103000000| Untracked 
| 130|0x0000000104000000, 0x0000000104000000, 0x0000000105000000|  0%| F|  |TAMS 0x0000000104000000, 0x0000000104000000| Untracked 
| 131|0x0000000105000000, 0x0000000105000000, 0x0000000106000000|  0%| F|  |TAMS 0x0000000105000000, 0x0000000105000000| Untracked 
| 132|0x0000000106000000, 0x0000000106000000, 0x0000000107000000|  0%| F|  |TAMS 0x0000000106000000, 0x0000000106000000| Untracked 
| 133|0x0000000107000000, 0x0000000107000000, 0x0000000108000000|  0%| F|  |TAMS 0x0000000107000000, 0x0000000107000000| Untracked 
| 134|0x0000000108000000, 0x0000000108000000, 0x0000000109000000|  0%| F|  |TAMS 0x0000000108000000, 0x0000000108000000| Untracked 
| 135|0x0000000109000000, 0x0000000109000000, 0x000000010a000000|  0%| F|  |TAMS 0x0000000109000000, 0x0000000109000000| Untracked 
| 136|0x000000010a000000, 0x000000010a000000, 0x000000010b000000|  0%| F|  |TAMS 0x000000010a000000, 0x000000010a000000| Untracked 
| 137|0x000000010b000000, 0x000000010b000000, 0x000000010c000000|  0%| F|  |TAMS 0x000000010b000000, 0x000000010b000000| Untracked 
| 138|0x000000010c000000, 0x000000010c000000, 0x000000010d000000|  0%| F|  |TAMS 0x000000010c000000, 0x000000010c000000| Untracked 
| 139|0x000000010d000000, 0x000000010d000000, 0x000000010e000000|  0%| F|  |TAMS 0x000000010d000000, 0x000000010d000000| Untracked 
| 140|0x000000010e000000, 0x000000010e000000, 0x000000010f000000|  0%| F|  |TAMS 0x000000010e000000, 0x000000010e000000| Untracked 
| 141|0x000000010f000000, 0x000000010f000000, 0x0000000110000000|  0%| F|  |TAMS 0x000000010f000000, 0x000000010f000000| Untracked 
| 142|0x0000000110000000, 0x0000000110000000, 0x0000000111000000|  0%| F|  |TAMS 0x0000000110000000, 0x0000000110000000| Untracked 
| 143|0x0000000111000000, 0x0000000111000000, 0x0000000112000000|  0%| F|  |TAMS 0x0000000111000000, 0x0000000111000000| Untracked 
| 144|0x0000000112000000, 0x0000000112000000, 0x0000000113000000|  0%| F|  |TAMS 0x0000000112000000, 0x0000000112000000| Untracked 
| 145|0x0000000113000000, 0x0000000113000000, 0x0000000114000000|  0%| F|  |TAMS 0x0000000113000000, 0x0000000113000000| Untracked 
| 146|0x0000000114000000, 0x0000000114000000, 0x0000000115000000|  0%| F|  |TAMS 0x0000000114000000, 0x0000000114000000| Untracked 
| 147|0x0000000115000000, 0x0000000115000000, 0x0000000116000000|  0%| F|  |TAMS 0x0000000115000000, 0x0000000115000000| Untracked 
| 148|0x0000000116000000, 0x0000000116000000, 0x0000000117000000|  0%| F|  |TAMS 0x0000000116000000, 0x0000000116000000| Untracked 
| 149|0x0000000117000000, 0x0000000117000000, 0x0000000118000000|  0%| F|  |TAMS 0x0000000117000000, 0x0000000117000000| Untracked 
| 150|0x0000000118000000, 0x0000000118000000, 0x0000000119000000|  0%| F|  |TAMS 0x0000000118000000, 0x0000000118000000| Untracked 
| 151|0x0000000119000000, 0x0000000119000000, 0x000000011a000000|  0%| F|  |TAMS 0x0000000119000000, 0x0000000119000000| Untracked 
| 152|0x000000011a000000, 0x000000011a000000, 0x000000011b000000|  0%| F|  |TAMS 0x000000011a000000, 0x000000011a000000| Untracked 
| 153|0x000000011b000000, 0x000000011b000000, 0x000000011c000000|  0%| F|  |TAMS 0x000000011b000000, 0x000000011b000000| Untracked 
| 154|0x000000011c000000, 0x000000011c000000, 0x000000011d000000|  0%| F|  |TAMS 0x000000011c000000, 0x000000011c000000| Untracked 
| 155|0x000000011d000000, 0x000000011d000000, 0x000000011e000000|  0%| F|  |TAMS 0x000000011d000000, 0x000000011d000000| Untracked 
| 156|0x000000011e000000, 0x000000011e000000, 0x000000011f000000|  0%| F|  |TAMS 0x000000011e000000, 0x000000011e000000| Untracked 
| 157|0x000000011f000000, 0x000000011f000000, 0x0000000120000000|  0%| F|  |TAMS 0x000000011f000000, 0x000000011f000000| Untracked 
| 158|0x0000000120000000, 0x0000000120000000, 0x0000000121000000|  0%| F|  |TAMS 0x0000000120000000, 0x0000000120000000| Untracked 
| 159|0x0000000121000000, 0x0000000121000000, 0x0000000122000000|  0%| F|  |TAMS 0x0000000121000000, 0x0000000121000000| Untracked 
| 160|0x0000000122000000, 0x0000000122000000, 0x0000000123000000|  0%| F|  |TAMS 0x0000000122000000, 0x0000000122000000| Untracked 
| 161|0x0000000123000000, 0x0000000123000000, 0x0000000124000000|  0%| F|  |TAMS 0x0000000123000000, 0x0000000123000000| Untracked 
| 162|0x0000000124000000, 0x0000000124000000, 0x0000000125000000|  0%| F|  |TAMS 0x0000000124000000, 0x0000000124000000| Untracked 
| 163|0x0000000125000000, 0x0000000125000000, 0x0000000126000000|  0%| F|  |TAMS 0x0000000125000000, 0x0000000125000000| Untracked 
| 164|0x0000000126000000, 0x0000000126000000, 0x0000000127000000|  0%| F|  |TAMS 0x0000000126000000, 0x0000000126000000| Untracked 
| 165|0x0000000127000000, 0x0000000127000000, 0x0000000128000000|  0%| F|  |TAMS 0x0000000127000000, 0x0000000127000000| Untracked 
| 166|0x0000000128000000, 0x0000000128000000, 0x0000000129000000|  0%| F|  |TAMS 0x0000000128000000, 0x0000000128000000| Untracked 
| 167|0x0000000129000000, 0x0000000129000000, 0x000000012a000000|  0%| F|  |TAMS 0x0000000129000000, 0x0000000129000000| Untracked 
| 168|0x000000012a000000, 0x000000012a000000, 0x000000012b000000|  0%| F|  |TAMS 0x000000012a000000, 0x000000012a000000| Untracked 
| 169|0x000000012b000000, 0x000000012b000000, 0x000000012c000000|  0%| F|  |TAMS 0x000000012b000000, 0x000000012b000000| Untracked 
| 170|0x000000012c000000, 0x000000012c000000, 0x000000012d000000|  0%| F|  |TAMS 0x000000012c000000, 0x000000012c000000| Untracked 
| 171|0x000000012d000000, 0x000000012d000000, 0x000000012e000000|  0%| F|  |TAMS 0x000000012d000000, 0x000000012d000000| Untracked 
| 172|0x000000012e000000, 0x000000012e000000, 0x000000012f000000|  0%| F|  |TAMS 0x000000012e000000, 0x000000012e000000| Untracked 
| 173|0x000000012f000000, 0x000000012f000000, 0x0000000130000000|  0%| F|  |TAMS 0x000000012f000000, 0x000000012f000000| Untracked 
| 174|0x0000000130000000, 0x0000000130000000, 0x0000000131000000|  0%| F|  |TAMS 0x0000000130000000, 0x0000000130000000| Untracked 
| 175|0x0000000131000000, 0x0000000131000000, 0x0000000132000000|  0%| F|  |TAMS 0x0000000131000000, 0x0000000131000000| Untracked 
| 176|0x0000000132000000, 0x0000000132000000, 0x0000000133000000|  0%| F|  |TAMS 0x0000000132000000, 0x0000000132000000| Untracked 
| 177|0x0000000133000000, 0x0000000133000000, 0x0000000134000000|  0%| F|  |TAMS 0x0000000133000000, 0x0000000133000000| Untracked 
| 178|0x0000000134000000, 0x0000000134000000, 0x0000000135000000|  0%| F|  |TAMS 0x0000000134000000, 0x0000000134000000| Untracked 
| 179|0x0000000135000000, 0x0000000135000000, 0x0000000136000000|  0%| F|  |TAMS 0x0000000135000000, 0x0000000135000000| Untracked 
| 180|0x0000000136000000, 0x0000000136000000, 0x0000000137000000|  0%| F|  |TAMS 0x0000000136000000, 0x0000000136000000| Untracked 
| 181|0x0000000137000000, 0x0000000137000000, 0x0000000138000000|  0%| F|  |TAMS 0x0000000137000000, 0x0000000137000000| Untracked 
| 182|0x0000000138000000, 0x0000000138000000, 0x0000000139000000|  0%| F|  |TAMS 0x0000000138000000, 0x0000000138000000| Untracked 
| 183|0x0000000139000000, 0x0000000139000000, 0x000000013a000000|  0%| F|  |TAMS 0x0000000139000000, 0x0000000139000000| Untracked 
| 184|0x000000013a000000, 0x000000013a000000, 0x000000013b000000|  0%| F|  |TAMS 0x000000013a000000, 0x000000013a000000| Untracked 
| 185|0x000000013b000000, 0x000000013b000000, 0x000000013c000000|  0%| F|  |TAMS 0x000000013b000000, 0x000000013b000000| Untracked 
| 186|0x000000013c000000, 0x000000013c000000, 0x000000013d000000|  0%| F|  |TAMS 0x000000013c000000, 0x000000013c000000| Untracked 
| 187|0x000000013d000000, 0x000000013d000000, 0x000000013e000000|  0%| F|  |TAMS 0x000000013d000000, 0x000000013d000000| Untracked 
| 188|0x000000013e000000, 0x000000013e000000, 0x000000013f000000|  0%| F|  |TAMS 0x000000013e000000, 0x000000013e000000| Untracked 
| 189|0x000000013f000000, 0x000000013f000000, 0x0000000140000000|  0%| F|  |TAMS 0x000000013f000000, 0x000000013f000000| Untracked 
| 190|0x0000000140000000, 0x0000000140000000, 0x0000000141000000|  0%| F|  |TAMS 0x0000000140000000, 0x0000000140000000| Untracked 
| 191|0x0000000141000000, 0x0000000141000000, 0x0000000142000000|  0%| F|  |TAMS 0x0000000141000000, 0x0000000141000000| Untracked 
| 192|0x0000000142000000, 0x0000000142000000, 0x0000000143000000|  0%| F|  |TAMS 0x0000000142000000, 0x0000000142000000| Untracked 
| 193|0x0000000143000000, 0x0000000143000000, 0x0000000144000000|  0%| F|  |TAMS 0x0000000143000000, 0x0000000143000000| Untracked 
| 194|0x0000000144000000, 0x0000000144000000, 0x0000000145000000|  0%| F|  |TAMS 0x0000000144000000, 0x0000000144000000| Untracked 
| 195|0x0000000145000000, 0x0000000145000000, 0x0000000146000000|  0%| F|  |TAMS 0x0000000145000000, 0x0000000145000000| Untracked 
| 196|0x0000000146000000, 0x0000000146000000, 0x0000000147000000|  0%| F|  |TAMS 0x0000000146000000, 0x0000000146000000| Untracked 
| 197|0x0000000147000000, 0x0000000147000000, 0x0000000148000000|  0%| F|  |TAMS 0x0000000147000000, 0x0000000147000000| Untracked 
| 198|0x0000000148000000, 0x0000000148000000, 0x0000000149000000|  0%| F|  |TAMS 0x0000000148000000, 0x0000000148000000| Untracked 
| 199|0x0000000149000000, 0x0000000149000000, 0x000000014a000000|  0%| F|  |TAMS 0x0000000149000000, 0x0000000149000000| Untracked 
| 200|0x000000014a000000, 0x000000014a000000, 0x000000014b000000|  0%| F|  |TAMS 0x000000014a000000, 0x000000014a000000| Untracked 
| 201|0x000000014b000000, 0x000000014b000000, 0x000000014c000000|  0%| F|  |TAMS 0x000000014b000000, 0x000000014b000000| Untracked 
| 202|0x000000014c000000, 0x000000014c000000, 0x000000014d000000|  0%| F|  |TAMS 0x000000014c000000, 0x000000014c000000| Untracked 
| 203|0x000000014d000000, 0x000000014d000000, 0x000000014e000000|  0%| F|  |TAMS 0x000000014d000000, 0x000000014d000000| Untracked 
| 204|0x000000014e000000, 0x000000014e000000, 0x000000014f000000|  0%| F|  |TAMS 0x000000014e000000, 0x000000014e000000| Untracked 
| 205|0x000000014f000000, 0x000000014f000000, 0x0000000150000000|  0%| F|  |TAMS 0x000000014f000000, 0x000000014f000000| Untracked 
| 206|0x0000000150000000, 0x0000000150000000, 0x0000000151000000|  0%| F|  |TAMS 0x0000000150000000, 0x0000000150000000| Untracked 
| 207|0x0000000151000000, 0x0000000151000000, 0x0000000152000000|  0%| F|  |TAMS 0x0000000151000000, 0x0000000151000000| Untracked 
| 208|0x0000000152000000, 0x0000000152000000, 0x0000000153000000|  0%| F|  |TAMS 0x0000000152000000, 0x0000000152000000| Untracked 
| 209|0x0000000153000000, 0x0000000153000000, 0x0000000154000000|  0%| F|  |TAMS 0x0000000153000000, 0x0000000153000000| Untracked 
| 210|0x0000000154000000, 0x0000000154000000, 0x0000000155000000|  0%| F|  |TAMS 0x0000000154000000, 0x0000000154000000| Untracked 
| 211|0x0000000155000000, 0x0000000155000000, 0x0000000156000000|  0%| F|  |TAMS 0x0000000155000000, 0x0000000155000000| Untracked 
| 212|0x0000000156000000, 0x0000000156000000, 0x0000000157000000|  0%| F|  |TAMS 0x0000000156000000, 0x0000000156000000| Untracked 
| 213|0x0000000157000000, 0x0000000157000000, 0x0000000158000000|  0%| F|  |TAMS 0x0000000157000000, 0x0000000157000000| Untracked 
| 214|0x0000000158000000, 0x0000000158000000, 0x0000000159000000|  0%| F|  |TAMS 0x0000000158000000, 0x0000000158000000| Untracked 
| 215|0x0000000159000000, 0x0000000159000000, 0x000000015a000000|  0%| F|  |TAMS 0x0000000159000000, 0x0000000159000000| Untracked 
| 216|0x000000015a000000, 0x000000015a000000, 0x000000015b000000|  0%| F|  |TAMS 0x000000015a000000, 0x000000015a000000| Untracked 
| 217|0x000000015b000000, 0x000000015b000000, 0x000000015c000000|  0%| F|  |TAMS 0x000000015b000000, 0x000000015b000000| Untracked 
| 218|0x000000015c000000, 0x000000015c000000, 0x000000015d000000|  0%| F|  |TAMS 0x000000015c000000, 0x000000015c000000| Untracked 
| 219|0x000000015d000000, 0x000000015d000000, 0x000000015e000000|  0%| F|  |TAMS 0x000000015d000000, 0x000000015d000000| Untracked 
| 220|0x000000015e000000, 0x000000015e000000, 0x000000015f000000|  0%| F|  |TAMS 0x000000015e000000, 0x000000015e000000| Untracked 
| 221|0x000000015f000000, 0x000000015f000000, 0x0000000160000000|  0%| F|  |TAMS 0x000000015f000000, 0x000000015f000000| Untracked 
| 222|0x0000000160000000, 0x0000000160000000, 0x0000000161000000|  0%| F|  |TAMS 0x0000000160000000, 0x0000000160000000| Untracked 
| 223|0x0000000161000000, 0x0000000161000000, 0x0000000162000000|  0%| F|  |TAMS 0x0000000161000000, 0x0000000161000000| Untracked 
| 224|0x0000000162000000, 0x0000000162000000, 0x0000000163000000|  0%| F|  |TAMS 0x0000000162000000, 0x0000000162000000| Untracked 
| 225|0x0000000163000000, 0x0000000163000000, 0x0000000164000000|  0%| F|  |TAMS 0x0000000163000000, 0x0000000163000000| Untracked 
| 226|0x0000000164000000, 0x0000000164000000, 0x0000000165000000|  0%| F|  |TAMS 0x0000000164000000, 0x0000000164000000| Untracked 
| 227|0x0000000165000000, 0x0000000165000000, 0x0000000166000000|  0%| F|  |TAMS 0x0000000165000000, 0x0000000165000000| Untracked 
| 228|0x0000000166000000, 0x0000000166000000, 0x0000000167000000|  0%| F|  |TAMS 0x0000000166000000, 0x0000000166000000| Untracked 
| 229|0x0000000167000000, 0x0000000167000000, 0x0000000168000000|  0%| F|  |TAMS 0x0000000167000000, 0x0000000167000000| Untracked 
| 230|0x0000000168000000, 0x0000000168000000, 0x0000000169000000|  0%| F|  |TAMS 0x0000000168000000, 0x0000000168000000| Untracked 
| 231|0x0000000169000000, 0x0000000169000000, 0x000000016a000000|  0%| F|  |TAMS 0x0000000169000000, 0x0000000169000000| Untracked 
| 232|0x000000016a000000, 0x000000016a000000, 0x000000016b000000|  0%| F|  |TAMS 0x000000016a000000, 0x000000016a000000| Untracked 
| 233|0x000000016b000000, 0x000000016b000000, 0x000000016c000000|  0%| F|  |TAMS 0x000000016b000000, 0x000000016b000000| Untracked 
| 234|0x000000016c000000, 0x000000016c000000, 0x000000016d000000|  0%| F|  |TAMS 0x000000016c000000, 0x000000016c000000| Untracked 
| 235|0x000000016d000000, 0x000000016d000000, 0x000000016e000000|  0%| F|  |TAMS 0x000000016d000000, 0x000000016d000000| Untracked 
| 236|0x000000016e000000, 0x000000016e000000, 0x000000016f000000|  0%| F|  |TAMS 0x000000016e000000, 0x000000016e000000| Untracked 
| 237|0x000000016f000000, 0x000000016f000000, 0x0000000170000000|  0%| F|  |TAMS 0x000000016f000000, 0x000000016f000000| Untracked 
| 238|0x0000000170000000, 0x0000000170000000, 0x0000000171000000|  0%| F|  |TAMS 0x0000000170000000, 0x0000000170000000| Untracked 
| 239|0x0000000171000000, 0x0000000171000000, 0x0000000172000000|  0%| F|  |TAMS 0x0000000171000000, 0x0000000171000000| Untracked 
| 240|0x0000000172000000, 0x0000000172000000, 0x0000000173000000|  0%| F|  |TAMS 0x0000000172000000, 0x0000000172000000| Untracked 
| 241|0x0000000173000000, 0x0000000173000000, 0x0000000174000000|  0%| F|  |TAMS 0x0000000173000000, 0x0000000173000000| Untracked 
| 242|0x0000000174000000, 0x0000000174000000, 0x0000000175000000|  0%| F|  |TAMS 0x0000000174000000, 0x0000000174000000| Untracked 
| 243|0x0000000175000000, 0x0000000175000000, 0x0000000176000000|  0%| F|  |TAMS 0x0000000175000000, 0x0000000175000000| Untracked 
| 244|0x0000000176000000, 0x0000000176000000, 0x0000000177000000|  0%| F|  |TAMS 0x0000000176000000, 0x0000000176000000| Untracked 
| 245|0x0000000177000000, 0x0000000177000000, 0x0000000178000000|  0%| F|  |TAMS 0x0000000177000000, 0x0000000177000000| Untracked 
| 246|0x0000000178000000, 0x0000000178000000, 0x0000000179000000|  0%| F|  |TAMS 0x0000000178000000, 0x0000000178000000| Untracked 
| 247|0x0000000179000000, 0x0000000179000000, 0x000000017a000000|  0%| F|  |TAMS 0x0000000179000000, 0x0000000179000000| Untracked 
| 248|0x000000017a000000, 0x000000017a000000, 0x000000017b000000|  0%| F|  |TAMS 0x000000017a000000, 0x000000017a000000| Untracked 
| 249|0x000000017b000000, 0x000000017b000000, 0x000000017c000000|  0%| F|  |TAMS 0x000000017b000000, 0x000000017b000000| Untracked 
| 250|0x000000017c000000, 0x000000017c000000, 0x000000017d000000|  0%| F|  |TAMS 0x000000017c000000, 0x000000017c000000| Untracked 
| 251|0x000000017d000000, 0x000000017d000000, 0x000000017e000000|  0%| F|  |TAMS 0x000000017d000000, 0x000000017d000000| Untracked 
| 252|0x000000017e000000, 0x000000017e000000, 0x000000017f000000|  0%| F|  |TAMS 0x000000017e000000, 0x000000017e000000| Untracked 
| 253|0x000000017f000000, 0x000000017f000000, 0x0000000180000000|  0%| F|  |TAMS 0x000000017f000000, 0x000000017f000000| Untracked 
| 254|0x0000000180000000, 0x0000000180000000, 0x0000000181000000|  0%| F|  |TAMS 0x0000000180000000, 0x0000000180000000| Untracked 
| 255|0x0000000181000000, 0x0000000181000000, 0x0000000182000000|  0%| F|  |TAMS 0x0000000181000000, 0x0000000181000000| Untracked 
| 256|0x0000000182000000, 0x0000000182000000, 0x0000000183000000|  0%| F|  |TAMS 0x0000000182000000, 0x0000000182000000| Untracked 
| 257|0x0000000183000000, 0x0000000183000000, 0x0000000184000000|  0%| F|  |TAMS 0x0000000183000000, 0x0000000183000000| Untracked 
| 258|0x0000000184000000, 0x0000000184000000, 0x0000000185000000|  0%| F|  |TAMS 0x0000000184000000, 0x0000000184000000| Untracked 
| 259|0x0000000185000000, 0x0000000185000000, 0x0000000186000000|  0%| F|  |TAMS 0x0000000185000000, 0x0000000185000000| Untracked 
| 260|0x0000000186000000, 0x0000000186000000, 0x0000000187000000|  0%| F|  |TAMS 0x0000000186000000, 0x0000000186000000| Untracked 
| 261|0x0000000187000000, 0x0000000187000000, 0x0000000188000000|  0%| F|  |TAMS 0x0000000187000000, 0x0000000187000000| Untracked 
| 262|0x0000000188000000, 0x0000000188000000, 0x0000000189000000|  0%| F|  |TAMS 0x0000000188000000, 0x0000000188000000| Untracked 
| 263|0x0000000189000000, 0x0000000189000000, 0x000000018a000000|  0%| F|  |TAMS 0x0000000189000000, 0x0000000189000000| Untracked 
| 264|0x000000018a000000, 0x000000018a000000, 0x000000018b000000|  0%| F|  |TAMS 0x000000018a000000, 0x000000018a000000| Untracked 
| 265|0x000000018b000000, 0x000000018b000000, 0x000000018c000000|  0%| F|  |TAMS 0x000000018b000000, 0x000000018b000000| Untracked 
| 266|0x000000018c000000, 0x000000018c000000, 0x000000018d000000|  0%| F|  |TAMS 0x000000018c000000, 0x000000018c000000| Untracked 
| 267|0x000000018d000000, 0x000000018d000000, 0x000000018e000000|  0%| F|  |TAMS 0x000000018d000000, 0x000000018d000000| Untracked 
| 268|0x000000018e000000, 0x000000018e000000, 0x000000018f000000|  0%| F|  |TAMS 0x000000018e000000, 0x000000018e000000| Untracked 
| 269|0x000000018f000000, 0x000000018f000000, 0x0000000190000000|  0%| F|  |TAMS 0x000000018f000000, 0x000000018f000000| Untracked 
| 270|0x0000000190000000, 0x0000000190000000, 0x0000000191000000|  0%| F|  |TAMS 0x0000000190000000, 0x0000000190000000| Untracked 
| 271|0x0000000191000000, 0x0000000191000000, 0x0000000192000000|  0%| F|  |TAMS 0x0000000191000000, 0x0000000191000000| Untracked 
| 272|0x0000000192000000, 0x0000000192000000, 0x0000000193000000|  0%| F|  |TAMS 0x0000000192000000, 0x0000000192000000| Untracked 
| 273|0x0000000193000000, 0x0000000193000000, 0x0000000194000000|  0%| F|  |TAMS 0x0000000193000000, 0x0000000193000000| Untracked 
| 274|0x0000000194000000, 0x0000000194000000, 0x0000000195000000|  0%| F|  |TAMS 0x0000000194000000, 0x0000000194000000| Untracked 
| 275|0x0000000195000000, 0x0000000195000000, 0x0000000196000000|  0%| F|  |TAMS 0x0000000195000000, 0x0000000195000000| Untracked 
| 276|0x0000000196000000, 0x0000000196000000, 0x0000000197000000|  0%| F|  |TAMS 0x0000000196000000, 0x0000000196000000| Untracked 
| 277|0x0000000197000000, 0x0000000197000000, 0x0000000198000000|  0%| F|  |TAMS 0x0000000197000000, 0x0000000197000000| Untracked 
| 278|0x0000000198000000, 0x0000000198000000, 0x0000000199000000|  0%| F|  |TAMS 0x0000000198000000, 0x0000000198000000| Untracked 
| 279|0x0000000199000000, 0x0000000199000000, 0x000000019a000000|  0%| F|  |TAMS 0x0000000199000000, 0x0000000199000000| Untracked 
| 280|0x000000019a000000, 0x000000019a000000, 0x000000019b000000|  0%| F|  |TAMS 0x000000019a000000, 0x000000019a000000| Untracked 
| 281|0x000000019b000000, 0x000000019b000000, 0x000000019c000000|  0%| F|  |TAMS 0x000000019b000000, 0x000000019b000000| Untracked 
| 282|0x000000019c000000, 0x000000019c000000, 0x000000019d000000|  0%| F|  |TAMS 0x000000019c000000, 0x000000019c000000| Untracked 
| 283|0x000000019d000000, 0x000000019d000000, 0x000000019e000000|  0%| F|  |TAMS 0x000000019d000000, 0x000000019d000000| Untracked 
| 284|0x000000019e000000, 0x000000019e000000, 0x000000019f000000|  0%| F|  |TAMS 0x000000019e000000, 0x000000019e000000| Untracked 
| 285|0x000000019f000000, 0x000000019f000000, 0x00000001a0000000|  0%| F|  |TAMS 0x000000019f000000, 0x000000019f000000| Untracked 
| 286|0x00000001a0000000, 0x00000001a0000000, 0x00000001a1000000|  0%| F|  |TAMS 0x00000001a0000000, 0x00000001a0000000| Untracked 
| 287|0x00000001a1000000, 0x00000001a1000000, 0x00000001a2000000|  0%| F|  |TAMS 0x00000001a1000000, 0x00000001a1000000| Untracked 
| 288|0x00000001a2000000, 0x00000001a2000000, 0x00000001a3000000|  0%| F|  |TAMS 0x00000001a2000000, 0x00000001a2000000| Untracked 
| 289|0x00000001a3000000, 0x00000001a3000000, 0x00000001a4000000|  0%| F|  |TAMS 0x00000001a3000000, 0x00000001a3000000| Untracked 
| 290|0x00000001a4000000, 0x00000001a4000000, 0x00000001a5000000|  0%| F|  |TAMS 0x00000001a4000000, 0x00000001a4000000| Untracked 
| 291|0x00000001a5000000, 0x00000001a5000000, 0x00000001a6000000|  0%| F|  |TAMS 0x00000001a5000000, 0x00000001a5000000| Untracked 
| 292|0x00000001a6000000, 0x00000001a6000000, 0x00000001a7000000|  0%| F|  |TAMS 0x00000001a6000000, 0x00000001a6000000| Untracked 
| 293|0x00000001a7000000, 0x00000001a7000000, 0x00000001a8000000|  0%| F|  |TAMS 0x00000001a7000000, 0x00000001a7000000| Untracked 
| 294|0x00000001a8000000, 0x00000001a8000000, 0x00000001a9000000|  0%| F|  |TAMS 0x00000001a8000000, 0x00000001a8000000| Untracked 
| 295|0x00000001a9000000, 0x00000001a9000000, 0x00000001aa000000|  0%| F|  |TAMS 0x00000001a9000000, 0x00000001a9000000| Untracked 
| 296|0x00000001aa000000, 0x00000001aa000000, 0x00000001ab000000|  0%| F|  |TAMS 0x00000001aa000000, 0x00000001aa000000| Untracked 
| 297|0x00000001ab000000, 0x00000001ab000000, 0x00000001ac000000|  0%| F|  |TAMS 0x00000001ab000000, 0x00000001ab000000| Untracked 
| 298|0x00000001ac000000, 0x00000001ac000000, 0x00000001ad000000|  0%| F|  |TAMS 0x00000001ac000000, 0x00000001ac000000| Untracked 
| 299|0x00000001ad000000, 0x00000001ad000000, 0x00000001ae000000|  0%| F|  |TAMS 0x00000001ad000000, 0x00000001ad000000| Untracked 
| 300|0x00000001ae000000, 0x00000001ae000000, 0x00000001af000000|  0%| F|  |TAMS 0x00000001ae000000, 0x00000001ae000000| Untracked 
| 301|0x00000001af000000, 0x00000001af000000, 0x00000001b0000000|  0%| F|  |TAMS 0x00000001af000000, 0x00000001af000000| Untracked 
| 302|0x00000001b0000000, 0x00000001b0000000, 0x00000001b1000000|  0%| F|  |TAMS 0x00000001b0000000, 0x00000001b0000000| Untracked 
| 303|0x00000001b1000000, 0x00000001b1000000, 0x00000001b2000000|  0%| F|  |TAMS 0x00000001b1000000, 0x00000001b1000000| Untracked 
| 304|0x00000001b2000000, 0x00000001b2000000, 0x00000001b3000000|  0%| F|  |TAMS 0x00000001b2000000, 0x00000001b2000000| Untracked 
| 305|0x00000001b3000000, 0x00000001b3000000, 0x00000001b4000000|  0%| F|  |TAMS 0x00000001b3000000, 0x00000001b3000000| Untracked 
| 306|0x00000001b4000000, 0x00000001b4000000, 0x00000001b5000000|  0%| F|  |TAMS 0x00000001b4000000, 0x00000001b4000000| Untracked 
| 307|0x00000001b5000000, 0x00000001b5000000, 0x00000001b6000000|  0%| F|  |TAMS 0x00000001b5000000, 0x00000001b5000000| Untracked 
| 308|0x00000001b6000000, 0x00000001b6000000, 0x00000001b7000000|  0%| F|  |TAMS 0x00000001b6000000, 0x00000001b6000000| Untracked 
| 309|0x00000001b7000000, 0x00000001b7000000, 0x00000001b8000000|  0%| F|  |TAMS 0x00000001b7000000, 0x00000001b7000000| Untracked 
| 310|0x00000001b8000000, 0x00000001b8000000, 0x00000001b9000000|  0%| F|  |TAMS 0x00000001b8000000, 0x00000001b8000000| Untracked 
| 311|0x00000001b9000000, 0x00000001b9000000, 0x00000001ba000000|  0%| F|  |TAMS 0x00000001b9000000, 0x00000001b9000000| Untracked 
| 312|0x00000001ba000000, 0x00000001ba000000, 0x00000001bb000000|  0%| F|  |TAMS 0x00000001ba000000, 0x00000001ba000000| Untracked 
| 313|0x00000001bb000000, 0x00000001bb000000, 0x00000001bc000000|  0%| F|  |TAMS 0x00000001bb000000, 0x00000001bb000000| Untracked 
| 314|0x00000001bc000000, 0x00000001bc000000, 0x00000001bd000000|  0%| F|  |TAMS 0x00000001bc000000, 0x00000001bc000000| Untracked 
| 315|0x00000001bd000000, 0x00000001bd000000, 0x00000001be000000|  0%| F|  |TAMS 0x00000001bd000000, 0x00000001bd000000| Untracked 
| 316|0x00000001be000000, 0x00000001be000000, 0x00000001bf000000|  0%| F|  |TAMS 0x00000001be000000, 0x00000001be000000| Untracked 
| 317|0x00000001bf000000, 0x00000001bf000000, 0x00000001c0000000|  0%| F|  |TAMS 0x00000001bf000000, 0x00000001bf000000| Untracked 
| 318|0x00000001c0000000, 0x00000001c0000000, 0x00000001c1000000|  0%| F|  |TAMS 0x00000001c0000000, 0x00000001c0000000| Untracked 
| 319|0x00000001c1000000, 0x00000001c1000000, 0x00000001c2000000|  0%| F|  |TAMS 0x00000001c1000000, 0x00000001c1000000| Untracked 
| 320|0x00000001c2000000, 0x00000001c2000000, 0x00000001c3000000|  0%| F|  |TAMS 0x00000001c2000000, 0x00000001c2000000| Untracked 
| 321|0x00000001c3000000, 0x00000001c3000000, 0x00000001c4000000|  0%| F|  |TAMS 0x00000001c3000000, 0x00000001c3000000| Untracked 
| 322|0x00000001c4000000, 0x00000001c4000000, 0x00000001c5000000|  0%| F|  |TAMS 0x00000001c4000000, 0x00000001c4000000| Untracked 
| 323|0x00000001c5000000, 0x00000001c5000000, 0x00000001c6000000|  0%| F|  |TAMS 0x00000001c5000000, 0x00000001c5000000| Untracked 
| 324|0x00000001c6000000, 0x00000001c6000000, 0x00000001c7000000|  0%| F|  |TAMS 0x00000001c6000000, 0x00000001c6000000| Untracked 
| 325|0x00000001c7000000, 0x00000001c7000000, 0x00000001c8000000|  0%| F|  |TAMS 0x00000001c7000000, 0x00000001c7000000| Untracked 
| 326|0x00000001c8000000, 0x00000001c8000000, 0x00000001c9000000|  0%| F|  |TAMS 0x00000001c8000000, 0x00000001c8000000| Untracked 
| 327|0x00000001c9000000, 0x00000001c9000000, 0x00000001ca000000|  0%| F|  |TAMS 0x00000001c9000000, 0x00000001c9000000| Untracked 
| 328|0x00000001ca000000, 0x00000001ca000000, 0x00000001cb000000|  0%| F|  |TAMS 0x00000001ca000000, 0x00000001ca000000| Untracked 
| 329|0x00000001cb000000, 0x00000001cb000000, 0x00000001cc000000|  0%| F|  |TAMS 0x00000001cb000000, 0x00000001cb000000| Untracked 
| 330|0x00000001cc000000, 0x00000001cc000000, 0x00000001cd000000|  0%| F|  |TAMS 0x00000001cc000000, 0x00000001cc000000| Untracked 
| 331|0x00000001cd000000, 0x00000001cd000000, 0x00000001ce000000|  0%| F|  |TAMS 0x00000001cd000000, 0x00000001cd000000| Untracked 
| 332|0x00000001ce000000, 0x00000001ce000000, 0x00000001cf000000|  0%| F|  |TAMS 0x00000001ce000000, 0x00000001ce000000| Untracked 
| 333|0x00000001cf000000, 0x00000001cf000000, 0x00000001d0000000|  0%| F|  |TAMS 0x00000001cf000000, 0x00000001cf000000| Untracked 
| 334|0x00000001d0000000, 0x00000001d0000000, 0x00000001d1000000|  0%| F|  |TAMS 0x00000001d0000000, 0x00000001d0000000| Untracked 
| 335|0x00000001d1000000, 0x00000001d1000000, 0x00000001d2000000|  0%| F|  |TAMS 0x00000001d1000000, 0x00000001d1000000| Untracked 
| 336|0x00000001d2000000, 0x00000001d2000000, 0x00000001d3000000|  0%| F|  |TAMS 0x00000001d2000000, 0x00000001d2000000| Untracked 
| 337|0x00000001d3000000, 0x00000001d3000000, 0x00000001d4000000|  0%| F|  |TAMS 0x00000001d3000000, 0x00000001d3000000| Untracked 
| 338|0x00000001d4000000, 0x00000001d4000000, 0x00000001d5000000|  0%| F|  |TAMS 0x00000001d4000000, 0x00000001d4000000| Untracked 
| 339|0x00000001d5000000, 0x00000001d5000000, 0x00000001d6000000|  0%| F|  |TAMS 0x00000001d5000000, 0x00000001d5000000| Untracked 
| 340|0x00000001d6000000, 0x00000001d6000000, 0x00000001d7000000|  0%| F|  |TAMS 0x00000001d6000000, 0x00000001d6000000| Untracked 
| 341|0x00000001d7000000, 0x00000001d7000000, 0x00000001d8000000|  0%| F|  |TAMS 0x00000001d7000000, 0x00000001d7000000| Untracked 
| 342|0x00000001d8000000, 0x00000001d8000000, 0x00000001d9000000|  0%| F|  |TAMS 0x00000001d8000000, 0x00000001d8000000| Untracked 
| 343|0x00000001d9000000, 0x00000001d9000000, 0x00000001da000000|  0%| F|  |TAMS 0x00000001d9000000, 0x00000001d9000000| Untracked 
| 344|0x00000001da000000, 0x00000001da000000, 0x00000001db000000|  0%| F|  |TAMS 0x00000001da000000, 0x00000001da000000| Untracked 
| 345|0x00000001db000000, 0x00000001db000000, 0x00000001dc000000|  0%| F|  |TAMS 0x00000001db000000, 0x00000001db000000| Untracked 
| 346|0x00000001dc000000, 0x00000001dc000000, 0x00000001dd000000|  0%| F|  |TAMS 0x00000001dc000000, 0x00000001dc000000| Untracked 
| 347|0x00000001dd000000, 0x00000001dd000000, 0x00000001de000000|  0%| F|  |TAMS 0x00000001dd000000, 0x00000001dd000000| Untracked 
| 348|0x00000001de000000, 0x00000001de000000, 0x00000001df000000|  0%| F|  |TAMS 0x00000001de000000, 0x00000001de000000| Untracked 
| 349|0x00000001df000000, 0x00000001df000000, 0x00000001e0000000|  0%| F|  |TAMS 0x00000001df000000, 0x00000001df000000| Untracked 
| 350|0x00000001e0000000, 0x00000001e0000000, 0x00000001e1000000|  0%| F|  |TAMS 0x00000001e0000000, 0x00000001e0000000| Untracked 
| 351|0x00000001e1000000, 0x00000001e1000000, 0x00000001e2000000|  0%| F|  |TAMS 0x00000001e1000000, 0x00000001e1000000| Untracked 
| 352|0x00000001e2000000, 0x00000001e2000000, 0x00000001e3000000|  0%| F|  |TAMS 0x00000001e2000000, 0x00000001e2000000| Untracked 
| 353|0x00000001e3000000, 0x00000001e3000000, 0x00000001e4000000|  0%| F|  |TAMS 0x00000001e3000000, 0x00000001e3000000| Untracked 
| 354|0x00000001e4000000, 0x00000001e4000000, 0x00000001e5000000|  0%| F|  |TAMS 0x00000001e4000000, 0x00000001e4000000| Untracked 
| 355|0x00000001e5000000, 0x00000001e5000000, 0x00000001e6000000|  0%| F|  |TAMS 0x00000001e5000000, 0x00000001e5000000| Untracked 
| 356|0x00000001e6000000, 0x00000001e6000000, 0x00000001e7000000|  0%| F|  |TAMS 0x00000001e6000000, 0x00000001e6000000| Untracked 
| 357|0x00000001e7000000, 0x00000001e7000000, 0x00000001e8000000|  0%| F|  |TAMS 0x00000001e7000000, 0x00000001e7000000| Untracked 
| 358|0x00000001e8000000, 0x00000001e8000000, 0x00000001e9000000|  0%| F|  |TAMS 0x00000001e8000000, 0x00000001e8000000| Untracked 
| 359|0x00000001e9000000, 0x00000001e9000000, 0x00000001ea000000|  0%| F|  |TAMS 0x00000001e9000000, 0x00000001e9000000| Untracked 
| 360|0x00000001ea000000, 0x00000001ea000000, 0x00000001eb000000|  0%| F|  |TAMS 0x00000001ea000000, 0x00000001ea000000| Untracked 
| 361|0x00000001eb000000, 0x00000001eb000000, 0x00000001ec000000|  0%| F|  |TAMS 0x00000001eb000000, 0x00000001eb000000| Untracked 
| 362|0x00000001ec000000, 0x00000001ec000000, 0x00000001ed000000|  0%| F|  |TAMS 0x00000001ec000000, 0x00000001ec000000| Untracked 
| 363|0x00000001ed000000, 0x00000001ed000000, 0x00000001ee000000|  0%| F|  |TAMS 0x00000001ed000000, 0x00000001ed000000| Untracked 
| 364|0x00000001ee000000, 0x00000001ee000000, 0x00000001ef000000|  0%| F|  |TAMS 0x00000001ee000000, 0x00000001ee000000| Untracked 
| 365|0x00000001ef000000, 0x00000001ef000000, 0x00000001f0000000|  0%| F|  |TAMS 0x00000001ef000000, 0x00000001ef000000| Untracked 
| 366|0x00000001f0000000, 0x00000001f1000000, 0x00000001f1000000|100%| S|CS|TAMS 0x00000001f0000000, 0x00000001f0000000| Complete 
| 367|0x00000001f1000000, 0x00000001f1000000, 0x00000001f2000000|  0%| F|  |TAMS 0x00000001f1000000, 0x00000001f1000000| Untracked 
| 368|0x00000001f2000000, 0x00000001f2000000, 0x00000001f3000000|  0%| F|  |TAMS 0x00000001f2000000, 0x00000001f2000000| Untracked 
| 369|0x00000001f3000000, 0x00000001f3000000, 0x00000001f4000000|  0%| F|  |TAMS 0x00000001f3000000, 0x00000001f3000000| Untracked 
| 370|0x00000001f4000000, 0x00000001f5000000, 0x00000001f5000000|100%| S|CS|TAMS 0x00000001f4000000, 0x00000001f4000000| Complete 
| 371|0x00000001f5000000, 0x00000001f6000000, 0x00000001f6000000|100%| S|CS|TAMS 0x00000001f5000000, 0x00000001f5000000| Complete 
| 372|0x00000001f6000000, 0x00000001f6000000, 0x00000001f7000000|  0%| F|  |TAMS 0x00000001f6000000, 0x00000001f6000000| Untracked 
| 373|0x00000001f7000000, 0x00000001f7000000, 0x00000001f8000000|  0%| F|  |TAMS 0x00000001f7000000, 0x00000001f7000000| Untracked 
| 374|0x00000001f8000000, 0x00000001f8000000, 0x00000001f9000000|  0%| F|  |TAMS 0x00000001f8000000, 0x00000001f8000000| Untracked 
| 375|0x00000001f9000000, 0x00000001f9000000, 0x00000001fa000000|  0%| F|  |TAMS 0x00000001f9000000, 0x00000001f9000000| Untracked 
| 376|0x00000001fa000000, 0x00000001fa000000, 0x00000001fb000000|  0%| F|  |TAMS 0x00000001fa000000, 0x00000001fa000000| Untracked 
| 377|0x00000001fb000000, 0x00000001fb000000, 0x00000001fc000000|  0%| F|  |TAMS 0x00000001fb000000, 0x00000001fb000000| Untracked 
| 378|0x00000001fc000000, 0x00000001fc000000, 0x00000001fd000000|  0%| F|  |TAMS 0x00000001fc000000, 0x00000001fc000000| Untracked 
| 379|0x00000001fd000000, 0x00000001fd000000, 0x00000001fe000000|  0%| F|  |TAMS 0x00000001fd000000, 0x00000001fd000000| Untracked 
| 380|0x00000001fe000000, 0x00000001fe000000, 0x00000001ff000000|  0%| F|  |TAMS 0x00000001fe000000, 0x00000001fe000000| Untracked 
| 381|0x00000001ff000000, 0x00000001ff000000, 0x0000000200000000|  0%| F|  |TAMS 0x00000001ff000000, 0x00000001ff000000| Untracked 
| 382|0x0000000200000000, 0x0000000200000000, 0x0000000201000000|  0%| F|  |TAMS 0x0000000200000000, 0x0000000200000000| Untracked 
| 383|0x0000000201000000, 0x0000000201000000, 0x0000000202000000|  0%| F|  |TAMS 0x0000000201000000, 0x0000000201000000| Untracked 
| 384|0x0000000202000000, 0x0000000202000000, 0x0000000203000000|  0%| F|  |TAMS 0x0000000202000000, 0x0000000202000000| Untracked 
| 385|0x0000000203000000, 0x0000000203000000, 0x0000000204000000|  0%| F|  |TAMS 0x0000000203000000, 0x0000000203000000| Untracked 
| 386|0x0000000204000000, 0x0000000204000000, 0x0000000205000000|  0%| F|  |TAMS 0x0000000204000000, 0x0000000204000000| Untracked 
| 387|0x0000000205000000, 0x0000000205000000, 0x0000000206000000|  0%| F|  |TAMS 0x0000000205000000, 0x0000000205000000| Untracked 
|1916|0x00000007fe000000, 0x00000007fef75000, 0x00000007ff000000| 96%|OA|  |TAMS 0x00000007fe000000, 0x00000007fe000000| Untracked 
|1917|0x00000007ff000000, 0x00000007ff078000, 0x0000000800000000|  2%|CA|  |TAMS 0x00000007ff000000, 0x00000007ff000000| Untracked 

Card table byte_map: [0x00007f3a3dc1e000,0x00007f3a4180e000] _byte_map_base: 0x00007f3a3d80e000

Marking Bits (Prev, Next): (CMBitMap*) 0x00007f3a5c068b50, (CMBitMap*) 0x00007f3a5c068b90
 Prev Bits: [0x00007f3a1c0ae000, 0x00007f3a3a02e000)
 Next Bits: [0x00007f39fe12e000, 0x00007f3a1c0ae000)

Polling page: 0x00007f3a644f3000

Metaspace:

Usage:
  Non-class:      4.91 MB used.
      Class:    684.88 KB used.
       Both:      5.57 MB used.

Virtual space:
  Non-class space:       64.00 MB reserved,       5.00 MB (  8%) committed,  1 nodes.
      Class space:        1.00 GB reserved,     768.00 KB ( <1%) committed,  1 nodes.
             Both:        1.06 GB reserved,       5.75 MB ( <1%) committed. 

Chunk freelists:
   Non-Class:  9.94 MB
       Class:  15.09 MB
        Both:  25.03 MB

MaxMetaspaceSize: unlimited
CompressedClassSpaceSize: 1.00 GB
Initial GC threshold: 21.00 MB
Current GC threshold: 21.00 MB
CDS: on
MetaspaceReclaimPolicy: balanced
 - commit_granule_bytes: 65536.
 - commit_granule_words: 8192.
 - virtual_space_node_default_size: 8388608.
 - enlarge_chunks_in_place: 1.
 - new_chunks_are_fully_committed: 0.
 - uncommit_free_chunks: 1.
 - use_allocation_guard: 0.
 - handle_deallocations: 1.


Internal statistics:

num_allocs_failed_limit: 0.
num_arena_births: 152.
num_arena_deaths: 0.
num_vsnodes_births: 2.
num_vsnodes_deaths: 0.
num_space_committed: 92.
num_space_uncommitted: 0.
num_chunks_returned_to_freelist: 0.
num_chunks_taken_from_freelist: 321.
num_chunk_merges: 0.
num_chunk_splits: 183.
num_chunks_enlarged: 93.
num_inconsistent_stats: 0.

CodeHeap 'non-profiled nmethods': size=119168Kb used=374Kb max_used=374Kb free=118793Kb
 bounds [0x00007f3a4cf9e000, 0x00007f3a4d20e000, 0x00007f3a543fe000]
CodeHeap 'profiled nmethods': size=119164Kb used=2341Kb max_used=2341Kb free=116822Kb
 bounds [0x00007f3a453fe000, 0x00007f3a4566e000, 0x00007f3a4c85d000]
CodeHeap 'non-nmethods': size=7428Kb used=2861Kb max_used=2881Kb free=4567Kb
 bounds [0x00007f3a4c85d000, 0x00007f3a4cb3d000, 0x00007f3a4cf9e000]
 total_blobs=1793 nmethods=1330 adapters=374
 compilation: enabled
              stopped_count=0, restarted_count=0
 full_count=0

Compilation events (20 events):
Event: 2.785 Thread 0x00007f397803e280 nmethod 1322 0x00007f3a4563d590 code [0x00007f3a4563d780, 0x00007f3a4563dbf0]
Event: 2.792 Thread 0x00007f3a5c21c870 nmethod 1336 0x00007f3a4cff7210 code [0x00007f3a4cff73c0, 0x00007f3a4cff7e58]
Event: 2.792 Thread 0x00007f3a5c21c870 1337       4       java.lang.AbstractStringBuilder::append (60 bytes)
Event: 2.797 Thread 0x00007f3a5c21dda0 1339 % !   3       org.apache.commons.beanutils.memoryleaktests.MemoryLeakTestCase::forceGarbageCollection @ 43 (249 bytes)
Event: 2.798 Thread 0x00007f3a5c21dda0 nmethod 1339% 0x00007f3a4563de10 code [0x00007f3a4563e3e0, 0x00007f3a45640d30]
Event: 2.799 Thread 0x00007f397803cd30 1340   !   3       org.apache.commons.beanutils.memoryleaktests.MemoryLeakTestCase::forceGarbageCollection (249 bytes)
Event: 2.800 Thread 0x00007f397803cd30 nmethod 1340 0x00007f3a45641f90 code [0x00007f3a45642560, 0x00007f3a45644d10]
Event: 2.882 Thread 0x00007f397803cd30 1341       3       java.lang.ref.SoftReference::get (29 bytes)
Event: 2.882 Thread 0x00007f3a5c21dda0 1343       3       java.lang.ref.Reference::enqueueFromPending (19 bytes)
Event: 2.882 Thread 0x00007f397803cd30 nmethod 1341 0x00007f3a45645e90 code [0x00007f3a45646040, 0x00007f3a45646210]
Event: 2.883 Thread 0x00007f397803cd30 1345       3       jdk.internal.ref.CleanerImpl$PhantomCleanableRef::performCleanup (10 bytes)
Event: 2.883 Thread 0x00007f397803cd30 nmethod 1345 0x00007f3a45646290 code [0x00007f3a45646440, 0x00007f3a45646620]
Event: 2.883 Thread 0x00007f397803cd30 1344   !   3       java.lang.ref.ReferenceQueue::enqueue (119 bytes)
Event: 2.883 Thread 0x00007f397803cd30 nmethod 1344 0x00007f3a45646710 code [0x00007f3a45646900, 0x00007f3a45646fe0]
Event: 2.883 Thread 0x00007f3a5c21dda0 nmethod 1343 0x00007f3a45647190 code [0x00007f3a45647340, 0x00007f3a45647560]
Event: 2.884 Thread 0x00007f396c0114f0 1347       4       java.lang.ref.SoftReference::get (29 bytes)
Event: 2.884 Thread 0x00007f396c0114f0 nmethod 1347 0x00007f3a4cff8a90 code [0x00007f3a4cff8c20, 0x00007f3a4cff8d18]
Event: 2.887 Thread 0x00007f396c0114f0 1348 % !   4       org.apache.commons.beanutils.memoryleaktests.MemoryLeakTestCase::forceGarbageCollection @ 43 (249 bytes)
Event: 2.890 Thread 0x00007f3a5c21c870 nmethod 1337 0x00007f3a4cff8d90 code [0x00007f3a4cff8f40, 0x00007f3a4cff9a18]
Event: 3.010 Thread 0x00007f396c0114f0 nmethod 1348% 0x00007f3a4cff9f90 code [0x00007f3a4cffa1c0, 0x00007f3a4cffb398]

GC Heap History (17 events):
Event: 2.813 GC heap before
{Heap before GC invocations=0 (full 0):
 garbage-first heap   total 2129920K, used 114612K [0x0000000082000000, 0x0000000800000000)
  region size 16384K, 6 young (98304K), 0 survivors (0K)
 Metaspace       used 5705K, committed 5888K, reserved 1114112K
  class space    used 684K, committed 768K, reserved 1048576K
}
Event: 2.882 GC heap after
{Heap after GC invocations=1 (full 0):
 garbage-first heap   total 2129920K, used 33564K [0x0000000082000000, 0x0000000800000000)
  region size 16384K, 1 young (16384K), 1 survivors (16384K)
 Metaspace       used 5705K, committed 5888K, reserved 1114112K
  class space    used 684K, committed 768K, reserved 1048576K
}
Event: 2.907 GC heap before
{Heap before GC invocations=1 (full 0):
 garbage-first heap   total 2129920K, used 115484K [0x0000000082000000, 0x0000000800000000)
  region size 16384K, 6 young (98304K), 1 survivors (16384K)
 Metaspace       used 5707K, committed 5888K, reserved 1114112K
  class space    used 684K, committed 768K, reserved 1048576K
}
Event: 3.001 GC heap after
{Heap after GC invocations=2 (full 0):
 garbage-first heap   total 2129920K, used 56018K [0x0000000082000000, 0x0000000800000000)
  region size 16384K, 1 young (16384K), 1 survivors (16384K)
 Metaspace       used 5707K, committed 5888K, reserved 1114112K
  class space    used 684K, committed 768K, reserved 1048576K
}
Event: 3.011 GC heap before
{Heap before GC invocations=2 (full 0):
 garbage-first heap   total 2129920K, used 137938K [0x0000000082000000, 0x0000000800000000)
  region size 16384K, 6 young (98304K), 1 survivors (16384K)
 Metaspace       used 5707K, committed 5888K, reserved 1114112K
  class space    used 684K, committed 768K, reserved 1048576K
}
Event: 3.059 GC heap after
{Heap after GC invocations=3 (full 0):
 garbage-first heap   total 2129920K, used 77868K [0x0000000082000000, 0x0000000800000000)
  region size 16384K, 1 young (16384K), 1 survivors (16384K)
 Metaspace       used 5707K, committed 5888K, reserved 1114112K
  class space    used 684K, committed 768K, reserved 1048576K
}
Event: 3.066 GC heap before
{Heap before GC invocations=3 (full 0):
 garbage-first heap   total 2129920K, used 159788K [0x0000000082000000, 0x0000000800000000)
  region size 16384K, 6 young (98304K), 1 survivors (16384K)
 Metaspace       used 5707K, committed 5888K, reserved 1114112K
  class space    used 684K, committed 768K, reserved 1048576K
}
Event: 3.111 GC heap after
{Heap after GC invocations=4 (full 0):
 garbage-first heap   total 2129920K, used 100244K [0x0000000082000000, 0x0000000800000000)
  region size 16384K, 1 young (16384K), 1 survivors (16384K)
 Metaspace       used 5707K, committed 5888K, reserved 1114112K
  class space    used 684K, committed 768K, reserved 1048576K
}
Event: 3.117 GC heap before
{Heap before GC invocations=4 (full 0):
 garbage-first heap   total 2129920K, used 182164K [0x0000000082000000, 0x0000000800000000)
  region size 16384K, 6 young (98304K), 1 survivors (16384K)
 Metaspace       used 5707K, committed 5888K, reserved 1114112K
  class space    used 684K, committed 768K, reserved 1048576K
}
Event: 3.199 GC heap after
{Heap after GC invocations=5 (full 0):
 garbage-first heap   total 6389760K, used 122716K [0x0000000082000000, 0x0000000800000000)
  region size 16384K, 1 young (16384K), 1 survivors (16384K)
 Metaspace       used 5707K, committed 5888K, reserved 1114112K
  class space    used 684K, committed 768K, reserved 1048576K
}
Event: 3.775 GC heap before
{Heap before GC invocations=5 (full 0):
 garbage-first heap   total 6389760K, used 417628K [0x0000000082000000, 0x0000000800000000)
  region size 16384K, 19 young (311296K), 1 survivors (16384K)
 Metaspace       used 5707K, committed 5888K, reserved 1114112K
  class space    used 684K, committed 768K, reserved 1048576K
}
Event: 3.886 GC heap after
{Heap after GC invocations=6 (full 0):
 garbage-first heap   total 6389760K, used 202614K [0x0000000082000000, 0x0000000800000000)
  region size 16384K, 3 young (49152K), 3 survivors (49152K)
 Metaspace       used 5707K, committed 5888K, reserved 1114112K
  class space    used 684K, committed 768K, reserved 1048576K
}
Event: 3.920 GC heap before
{Heap before GC invocations=6 (full 0):
 garbage-first heap   total 6389760K, used 448374K [0x0000000082000000, 0x0000000800000000)
  region size 16384K, 19 young (311296K), 3 survivors (49152K)
 Metaspace       used 5707K, committed 5888K, reserved 1114112K
  class space    used 684K, committed 768K, reserved 1048576K
}
Event: 4.079 GC heap after
{Heap after GC invocations=7 (full 0):
 garbage-first heap   total 6389760K, used 278056K [0x0000000082000000, 0x0000000800000000)
  region size 16384K, 3 young (49152K), 3 survivors (49152K)
 Metaspace       used 5707K, committed 5888K, reserved 1114112K
  class space    used 684K, committed 768K, reserved 1048576K
}
Event: 4.099 GC heap before
{Heap before GC invocations=7 (full 0):
 garbage-first heap   total 6389760K, used 540200K [0x0000000082000000, 0x0000000800000000)
  region size 16384K, 19 young (311296K), 3 survivors (49152K)
 Metaspace       used 5707K, committed 5888K, reserved 1114112K
  class space    used 684K, committed 768K, reserved 1048576K
}
Event: 4.215 GC heap after
{Heap after GC invocations=8 (full 0):
 garbage-first heap   total 6389760K, used 354743K [0x0000000082000000, 0x0000000800000000)
  region size 16384K, 3 young (49152K), 3 survivors (49152K)
 Metaspace       used 5707K, committed 5888K, reserved 1114112K
  class space    used 684K, committed 768K, reserved 1048576K
}
Event: 4.301 GC heap before
{Heap before GC invocations=8 (full 0):
 garbage-first heap   total 6389760K, used 633271K [0x0000000082000000, 0x0000000800000000)
  region size 16384K, 19 young (311296K), 3 survivors (49152K)
 Metaspace       used 5707K, committed 5888K, reserved 1114112K
  class space    used 684K, committed 768K, reserved 1048576K
}

Dll operation events (12 events):
Event: 0.086 Loaded shared library /sfs/gpfs/tardis/applications/202512/software/standard/core/java/17/lib/libjava.so
Event: 0.087 Loaded shared library /sfs/gpfs/tardis/applications/202512/software/standard/core/java/17/lib/libzip.so
Event: 0.212 Loaded shared library /sfs/gpfs/tardis/applications/202512/software/standard/core/java/17/lib/libjsvml.so
Event: 0.448 Loaded shared library /sfs/gpfs/tardis/applications/202512/software/standard/core/java/17/lib/libinstrument.so
Event: 0.632 Loaded shared library /sfs/gpfs/tardis/applications/202512/software/standard/core/java/17/lib/libnio.so
Event: 0.635 Loaded shared library /sfs/gpfs/tardis/applications/202512/software/standard/core/java/17/lib/libzip.so
Event: 0.701 Loaded shared library /sfs/gpfs/tardis/applications/202512/software/standard/core/java/17/lib/libjimage.so
Event: 1.032 Loaded shared library /sfs/gpfs/tardis/applications/202512/software/standard/core/java/17/lib/libverify.so
Event: 1.080 Loaded shared library /sfs/gpfs/tardis/applications/202512/software/standard/core/java/17/lib/libnet.so
Event: 1.096 Loaded shared library /sfs/gpfs/tardis/applications/202512/software/standard/core/java/17/lib/libextnet.so
Event: 1.167 Loaded shared library /sfs/gpfs/tardis/applications/202512/software/standard/core/java/17/lib/libmanagement.so
Event: 1.168 Loaded shared library /sfs/gpfs/tardis/applications/202512/software/standard/core/java/17/lib/libmanagement_ext.so

Deoptimization events (20 events):
Event: 1.821 Thread 0x00007f3a5c032990 DEOPT PACKING pc=0x00007f3a4cfb61b4 sp=0x00007f3a644dcd90
Event: 1.821 Thread 0x00007f3a5c032990 DEOPT UNPACKING pc=0x00007f3a4c8b6b19 sp=0x00007f3a644dccc0 mode 2
Event: 1.950 Thread 0x00007f3a5c032990 Uncommon trap: trap_request=0xffffff45 fr.pc=0x00007f3a4cfda324 relative=0x0000000000000464
Event: 1.950 Thread 0x00007f3a5c032990 Uncommon trap: reason=unstable_if action=reinterpret pc=0x00007f3a4cfda324 method=java.lang.StringLatin1.replace([BCC)Ljava/lang/String; @ 19 c2
Event: 1.950 Thread 0x00007f3a5c032990 DEOPT PACKING pc=0x00007f3a4cfda324 sp=0x00007f3a644dd260
Event: 1.950 Thread 0x00007f3a5c032990 DEOPT UNPACKING pc=0x00007f3a4c8b6b19 sp=0x00007f3a644dd1f0 mode 2
Event: 2.534 Thread 0x00007f3a5c3edf10 Uncommon trap: trap_request=0xffffff6e fr.pc=0x00007f3a4cfcd120 relative=0x0000000000000180
Event: 2.534 Thread 0x00007f3a5c3edf10 Uncommon trap: reason=loop_limit_check action=maybe_recompile pc=0x00007f3a4cfcd120 method=java.lang.StringLatin1.lastIndexOf([BII)I @ 19 c2
Event: 2.534 Thread 0x00007f3a5c3edf10 DEOPT PACKING pc=0x00007f3a4cfcd120 sp=0x00007f39edcb74c0
Event: 2.534 Thread 0x00007f3a5c3edf10 DEOPT UNPACKING pc=0x00007f3a4c8b6b19 sp=0x00007f39edcb7460 mode 2
Event: 2.617 Thread 0x00007f3a5c3edf10 Uncommon trap: trap_request=0xffffff45 fr.pc=0x00007f3a4cfe7768 relative=0x0000000000000048
Event: 2.617 Thread 0x00007f3a5c3edf10 Uncommon trap: reason=unstable_if action=reinterpret pc=0x00007f3a4cfe7768 method=java.lang.CharacterData.of(I)Ljava/lang/CharacterData; @ 4 c2
Event: 2.617 Thread 0x00007f3a5c3edf10 DEOPT PACKING pc=0x00007f3a4cfe7768 sp=0x00007f39edcb6de0
Event: 2.617 Thread 0x00007f3a5c3edf10 DEOPT UNPACKING pc=0x00007f3a4c8b6b19 sp=0x00007f39edcb6da0 mode 2
Event: 2.882 Thread 0x00007f3a5c3f5aa0 Uncommon trap: trap_request=0xffffff45 fr.pc=0x00007f3a4cff6c04 relative=0x00000000000000e4
Event: 2.882 Thread 0x00007f3a5c3f5aa0 Uncommon trap: reason=unstable_if action=reinterpret pc=0x00007f3a4cff6c04 method=java.lang.ref.SoftReference.get()Ljava/lang/Object; @ 17 c2
Event: 2.882 Thread 0x00007f3a5c3f5aa0 DEOPT PACKING pc=0x00007f3a4cff6c04 sp=0x00007f39edcb78f0
Event: 2.882 Thread 0x00007f3a5c3f5aa0 DEOPT UNPACKING pc=0x00007f3a4c8b6b19 sp=0x00007f39edcb78a0 mode 2
Event: 3.060 Thread 0x00007f3a5c3f5aa0 DEOPT PACKING pc=0x00007f3a4564052d sp=0x00007f39edcb7920
Event: 3.060 Thread 0x00007f3a5c3f5aa0 DEOPT UNPACKING pc=0x00007f3a4c8b764f sp=0x00007f39edcb6ef0 mode 0

Classes loaded (20 events):
Event: 2.693 Loading class org/junit/internal/runners/JUnit38ClassRunner$OldTestClassAdaptingListener
Event: 2.693 Loading class org/junit/internal/runners/JUnit38ClassRunner$OldTestClassAdaptingListener done
Event: 2.694 Loading class java/util/Vector$Itr
Event: 2.694 Loading class java/util/Vector$Itr done
Event: 2.694 Loading class junit/framework/TestResult$1
Event: 2.694 Loading class junit/framework/TestResult$1 done
Event: 2.694 Loading class org/pitest/testapi/TestResult
Event: 2.694 Loading class org/pitest/testapi/TestResult done
Event: 2.695 Loading class org/pitest/testapi/TestResult
Event: 2.695 Loading class org/pitest/testapi/TestResult done
Event: 2.696 Loading class java/text/ParseException
Event: 2.696 Loading class java/text/ParseException done
Event: 2.698 Loading class org/apache/commons/beanutils/memoryleaktests/pojotests/CustomInteger
Event: 2.698 Loading class org/apache/commons/beanutils/memoryleaktests/pojotests/CustomInteger done
Event: 2.760 Loading class junit/framework/TestFailure
Event: 2.760 Loading class junit/framework/TestFailure done
Event: 2.762 Loading class org/apache/commons/beanutils/memoryleaktests/pojotests/SomePojo
Event: 2.762 Loading class org/apache/commons/beanutils/memoryleaktests/pojotests/SomePojo done
Event: 2.763 Loading class org/apache/commons/beanutils/MethodUtils$MethodDescriptor
Event: 2.763 Loading class org/apache/commons/beanutils/MethodUtils$MethodDescriptor done

Classes unloaded (0 events):
No events

Classes redefined (7 events):
Event: 2.031 Thread 0x00007f3a5c20ec30 redefined class name=org.apache.commons.beanutils.locale.BaseLocaleConverter, count=1
Event: 2.653 Thread 0x00007f3a5c20ec30 redefined class name=org.apache.commons.beanutils.locale.BaseLocaleConverter, count=2
Event: 2.675 Thread 0x00007f3a5c20ec30 redefined class name=org.apache.commons.beanutils.locale.BaseLocaleConverter, count=3
Event: 2.704 Thread 0x00007f3a5c20ec30 redefined class name=org.apache.commons.beanutils.locale.BaseLocaleConverter, count=4
Event: 2.725 Thread 0x00007f3a5c20ec30 redefined class name=org.apache.commons.beanutils.locale.BaseLocaleConverter, count=5
Event: 2.735 Thread 0x00007f3a5c20ec30 redefined class name=org.apache.commons.beanutils.locale.BaseLocaleConverter, count=6
Event: 2.743 Thread 0x00007f3a5c20ec30 redefined class name=org.apache.commons.beanutils.locale.BaseLocaleConverter, count=7

Internal exceptions (20 events):
Event: 1.091 Thread 0x00007f3a5c032990 Exception <a 'java/lang/NoSuchMethodError'{0x000000010173ed70}: 'java.lang.Object java.lang.invoke.DirectMethodHandle$Holder.invokeStaticInit(java.lang.Object)'> (0x000000010173ed70) 
thrown [src/hotspot/share/interpreter/linkResolver.cpp, line 758]
Event: 1.096 Thread 0x00007f3a5c032990 Exception <a 'java/lang/NoSuchMethodError'{0x0000000101769138}: 'void java.lang.invoke.DirectMethodHandle$Holder.invokeStatic(java.lang.Object, java.lang.Object)'> (0x0000000101769138) 
thrown [src/hotspot/share/interpreter/linkResolver.cpp, line 758]
Event: 1.149 Thread 0x00007f3a5c032990 Exception <a 'java/lang/NoSuchMethodError'{0x000000010178c3f0}: 'void java.lang.invoke.DirectMethodHandle$Holder.invokeStatic(java.lang.Object, java.lang.Object, java.lang.Object, java.lang.Object)'> (0x000000010178c3f0) 
thrown [src/hotspot/share/interpreter/linkResolver.cpp, line 758]
Event: 1.172 Thread 0x00007f3a5c032990 Exception <a 'java/lang/NoSuchMethodError'{0x00000001017d7e38}: 'int java.lang.invoke.DirectMethodHandle$Holder.invokeSpecial(java.lang.Object, java.lang.Object, java.lang.Object)'> (0x00000001017d7e38) 
thrown [src/hotspot/share/interpreter/linkResolver.cpp, line 758]
Event: 1.599 Thread 0x00007f3a5c032990 Exception <a 'java/lang/NoSuchMethodError'{0x0000000101ef77c0}: 'java.lang.Object java.lang.invoke.DirectMethodHandle$Holder.invokeInterface(java.lang.Object, java.lang.Object)'> (0x0000000101ef77c0) 
thrown [src/hotspot/share/interpreter/linkResolver.cpp, line 758]
Event: 1.601 Thread 0x00007f3a5c032990 Exception <a 'java/lang/NoSuchMethodError'{0x0000000101f0f2f8}: 'void java.lang.invoke.DirectMethodHandle$Holder.invokeStaticInit(java.lang.Object, java.lang.Object)'> (0x0000000101f0f2f8) 
thrown [src/hotspot/share/interpreter/linkResolver.cpp, line 758]
Event: 1.605 Thread 0x00007f3a5c032990 Exception <a 'java/lang/NoSuchMethodError'{0x0000000101f3e638}: 'java.lang.Object java.lang.invoke.Invokers$Holder.invokeExact_MT(java.lang.Object, java.lang.Object, java.lang.Object, java.lang.Object, java.lang.Object, java.lang.Object)'> (0x0000000101f3e638) 
thrown [src/hotspot/share/interpreter/linkResolver.cpp, line 758]
Event: 1.627 Thread 0x00007f3a5c032990 Exception <a 'java/lang/NoSuchMethodError'{0x0000000101f83078}: 'int java.lang.invoke.DirectMethodHandle$Holder.invokeSpecialIFC(java.lang.Object, java.lang.Object, java.lang.Object)'> (0x0000000101f83078) 
thrown [src/hotspot/share/interpreter/linkResolver.cpp, line 758]
Event: 1.742 Thread 0x00007f3a5c032990 Exception <a 'java/lang/NoSuchMethodError'{0x0000000101fe4fc0}: 'void java.lang.invoke.DirectMethodHandle$Holder.invokeInterface(java.lang.Object, java.lang.Object, java.lang.Object)'> (0x0000000101fe4fc0) 
thrown [src/hotspot/share/interpreter/linkResolver.cpp, line 758]
Event: 1.751 Thread 0x00007f3a5c032990 Exception <a 'java/lang/NoSuchMethodError'{0x0000000100037ca0}: 'int java.lang.invoke.DirectMethodHandle$Holder.invokeInterface(java.lang.Object, java.lang.Object)'> (0x0000000100037ca0) 
thrown [src/hotspot/share/interpreter/linkResolver.cpp, line 758]
Event: 1.751 Thread 0x00007f3a5c032990 Exception <a 'java/lang/IncompatibleClassChangeError'{0x000000010003b188}: Found class java.lang.Object, but interface was expected> (0x000000010003b188) 
thrown [src/hotspot/share/interpreter/linkResolver.cpp, line 826]
Event: 1.804 Thread 0x00007f3a5c032990 Exception <a 'java/lang/IncompatibleClassChangeError'{0x000000010021c5b0}: Found class java.lang.Object, but interface was expected> (0x000000010021c5b0) 
thrown [src/hotspot/share/interpreter/linkResolver.cpp, line 826]
Event: 1.811 Thread 0x00007f3a5c032990 Exception <a 'java/lang/NoSuchMethodError'{0x00000001002791c8}: 'java.lang.Object java.lang.invoke.DirectMethodHandle$Holder.newInvokeSpecial(java.lang.Object, java.lang.Object, java.lang.Object, java.lang.Object, java.lang.Object)'> (0x00000001002791c8) 
thrown [src/hotspot/share/interpreter/linkResolver.cpp, line 758]
Event: 1.817 Thread 0x00007f3a5c032990 Exception <a 'java/lang/NoSuchMethodError'{0x00000001002dd548}: 'int java.lang.invoke.DirectMethodHandle$Holder.invokeVirtual(java.lang.Object, java.lang.Object)'> (0x00000001002dd548) 
thrown [src/hotspot/share/interpreter/linkResolver.cpp, line 758]
Event: 2.037 Thread 0x00007f3a5c032990 Exception <a 'java/lang/NoSuchMethodError'{0x0000000100618ac8}: 'void java.lang.invoke.DirectMethodHandle$Holder.invokeSpecial(java.lang.Object, java.lang.Object, java.lang.Object)'> (0x0000000100618ac8) 
thrown [src/hotspot/share/interpreter/linkResolver.cpp, line 758]
Event: 2.295 Thread 0x00007f3a5c3edf10 Exception <a 'java/lang/NoClassDefFoundError'{0x000000010088d160}: org/apache/log4j/Priority> (0x000000010088d160) 
thrown [src/hotspot/share/classfile/systemDictionary.cpp, line 245]
Event: 2.617 Thread 0x00007f3a5c3edf10 Exception <a 'java/lang/reflect/InvocationTargetException'{0x0000000100a0d118}> (0x0000000100a0d118) 
thrown [src/hotspot/share/runtime/reflection.cpp, line 1126]
Event: 2.641 Thread 0x00007f3a5c032990 Exception <a 'java/lang/NoSuchMethodError'{0x0000000100637948}: 'void java.lang.invoke.DirectMethodHandle$Holder.invokeStatic(java.lang.Object, java.lang.Object, java.lang.Object)'> (0x0000000100637948) 
thrown [src/hotspot/share/interpreter/linkResolver.cpp, line 758]
Event: 2.699 Thread 0x00007f3a5c3f4980 Exception <a 'java/lang/reflect/InvocationTargetException'{0x0000000100f75ea0}> (0x0000000100f75ea0) 
thrown [src/hotspot/share/runtime/reflection.cpp, line 1126]
Event: 2.760 Thread 0x00007f3a5c3f5aa0 Exception <a 'java/lang/reflect/InvocationTargetException'{0x00000000ff5f01b0}> (0x00000000ff5f01b0) 
thrown [src/hotspot/share/runtime/reflection.cpp, line 1126]

VM Operations (20 events):
Event: 2.737 Executing VM operation: RedefineClasses done
Event: 2.741 Executing VM operation: RedefineClasses
Event: 2.745 Executing VM operation: RedefineClasses done
Event: 2.806 Executing VM operation: G1CollectForAllocation
Event: 2.882 Executing VM operation: G1CollectForAllocation done
Event: 2.907 Executing VM operation: G1CollectForAllocation
Event: 3.001 Executing VM operation: G1CollectForAllocation done
Event: 3.011 Executing VM operation: G1CollectForAllocation
Event: 3.059 Executing VM operation: G1CollectForAllocation done
Event: 3.066 Executing VM operation: G1CollectForAllocation
Event: 3.111 Executing VM operation: G1CollectForAllocation done
Event: 3.117 Executing VM operation: G1CollectForAllocation
Event: 3.199 Executing VM operation: G1CollectForAllocation done
Event: 3.775 Executing VM operation: G1CollectForAllocation
Event: 3.886 Executing VM operation: G1CollectForAllocation done
Event: 3.920 Executing VM operation: G1CollectForAllocation
Event: 4.079 Executing VM operation: G1CollectForAllocation done
Event: 4.098 Executing VM operation: G1CollectForAllocation
Event: 4.215 Executing VM operation: G1CollectForAllocation done
Event: 4.276 Executing VM operation: G1CollectForAllocation

Memory protections (20 events):
Event: 0.484 Protecting memory [0x00007f39ee1c0000,0x00007f39ee1c4000] with protection modes 0
Event: 0.501 Protecting memory [0x00007f39ee0bf000,0x00007f39ee0c3000] with protection modes 0
Event: 0.527 Protecting memory [0x00007f39edebd000,0x00007f39edec1000] with protection modes 0
Event: 0.544 Protecting memory [0x00007f39eddbc000,0x00007f39eddc0000] with protection modes 0
Event: 0.811 Protecting memory [0x00007f39edcbb000,0x00007f39edcbf000] with protection modes 0
Event: 0.835 Protecting memory [0x00007f39edbba000,0x00007f39edbbe000] with protection modes 0
Event: 0.857 Protecting memory [0x00007f39edab9000,0x00007f39edabd000] with protection modes 0
Event: 0.858 Protecting memory [0x00007f39ed9b8000,0x00007f39ed9bc000] with protection modes 0
Event: 1.624 Protecting memory [0x00007f39edcbb000,0x00007f39edcbf000] with protection modes 0
Event: 1.982 Protecting memory [0x00007f39edcbb000,0x00007f39edcbf000] with protection modes 0
Event: 2.058 Protecting memory [0x00007f39edbba000,0x00007f39edbbe000] with protection modes 0
Event: 2.684 Protecting memory [0x00007f39edbba000,0x00007f39edbbe000] with protection modes 0
Event: 2.695 Protecting memory [0x00007f39edbba000,0x00007f39edbbe000] with protection modes 0
Event: 2.697 Protecting memory [0x00007f39edbba000,0x00007f39edbbe000] with protection modes 0
Event: 2.727 Protecting memory [0x00007f39edbba000,0x00007f39edbbe000] with protection modes 0
Event: 2.728 Protecting memory [0x00007f39edcbb000,0x00007f39edcbf000] with protection modes 0
Event: 2.758 Protecting memory [0x00007f39edcbb000,0x00007f39edcbf000] with protection modes 0
Event: 2.759 Protecting memory [0x00007f39edcbb000,0x00007f39edcbf000] with protection modes 0
Event: 2.761 Protecting memory [0x00007f39edbba000,0x00007f39edbbe000] with protection modes 0
Event: 2.791 Protecting memory [0x00007f39edcbb000,0x00007f39edcbf000] with protection modes 0

Nmethod flushes (0 events):
No events

Events (20 events):
Event: 1.976 Thread 0x00007f397803e280 Thread added: 0x00007f3960009550
Event: 2.046 Thread 0x00007f3a5c032990 Thread added: 0x00007f3a5c3edf10
Event: 2.145 Thread 0x00007f3960009550 Thread exited: 0x00007f3960009550
Event: 2.619 Thread 0x00007f3a5c3edf10 Thread exited: 0x00007f3a5c3edf10
Event: 2.684 Thread 0x00007f3a5c032990 Thread added: 0x00007f3a5c3f4980
Event: 2.694 Thread 0x00007f3a5c3f4980 Thread exited: 0x00007f3a5c3f4980
Event: 2.695 Thread 0x00007f3a5c032990 Thread added: 0x00007f3a5c3f4980
Event: 2.697 Thread 0x00007f3a5c3f4980 Thread exited: 0x00007f3a5c3f4980
Event: 2.697 Thread 0x00007f3a5c032990 Thread added: 0x00007f3a5c3f4980
Event: 2.699 Thread 0x00007f3a5c3f4980 Thread exited: 0x00007f3a5c3f4980
Event: 2.727 Thread 0x00007f3a5c032990 Thread added: 0x00007f3a5c3f4980
Event: 2.728 Thread 0x00007f3a5c3f4980 Thread exited: 0x00007f3a5c3f4980
Event: 2.728 Thread 0x00007f3a5c032990 Thread added: 0x00007f3a5c3f4980
Event: 2.729 Thread 0x00007f3a5c3f4980 Thread exited: 0x00007f3a5c3f4980
Event: 2.758 Thread 0x00007f3a5c032990 Thread added: 0x00007f3a5c3f5aa0
Event: 2.759 Thread 0x00007f3a5c3f5aa0 Thread exited: 0x00007f3a5c3f5aa0
Event: 2.759 Thread 0x00007f3a5c032990 Thread added: 0x00007f3a5c3f5aa0
Event: 2.761 Thread 0x00007f3a5c3f5aa0 Thread exited: 0x00007f3a5c3f5aa0
Event: 2.761 Thread 0x00007f3a5c032990 Thread added: 0x00007f3a5c3f5aa0
Event: 2.791 Thread 0x00007f397803cd30 Thread added: 0x00007f396c0114f0


Dynamic libraries:
82000000-206000000 rw-p 00000000 00:00 0 
46a000000-7fe000000 ---p 00000000 00:00 0 
7fe000000-7fef00000 rw-p 00000000 00:00 0 
7fef00000-7fef75000 rw-p 00c79000 00:33 8596472648                       /sfs/gpfs/tardis/applications/202512/software/standard/core/java/17/lib/server/classes.jsa
7fef75000-7ff000000 rw-p 00000000 00:00 0 
7ff000000-7ff078000 rw-p 00c01000 00:33 8596472648                       /sfs/gpfs/tardis/applications/202512/software/standard/core/java/17/lib/server/classes.jsa
7ff078000-800000000 rw-p 00000000 00:00 0 
55c60108c000-55c60108d000 r--p 00000000 00:33 8596472430                 /sfs/gpfs/tardis/applications/202512/software/standard/core/java/17/bin/java
55c60108d000-55c60108e000 r-xp 00001000 00:33 8596472430                 /sfs/gpfs/tardis/applications/202512/software/standard/core/java/17/bin/java
55c60108e000-55c60108f000 r--p 00002000 00:33 8596472430                 /sfs/gpfs/tardis/applications/202512/software/standard/core/java/17/bin/java
55c60108f000-55c601090000 r--p 00002000 00:33 8596472430                 /sfs/gpfs/tardis/applications/202512/software/standard/core/java/17/bin/java
55c601090000-55c601091000 rw-p 00003000 00:33 8596472430                 /sfs/gpfs/tardis/applications/202512/software/standard/core/java/17/bin/java
55c602497000-55c6024df000 rw-p 00000000 00:00 0                          [heap]
7f3908000000-7f3908021000 rw-p 00000000 00:00 0 
7f3908021000-7f390c000000 ---p 00000000 00:00 0 
7f3910000000-7f3910021000 rw-p 00000000 00:00 0 
7f3910021000-7f3914000000 ---p 00000000 00:00 0 
7f3914000000-7f3914021000 rw-p 00000000 00:00 0 
7f3914021000-7f3918000000 ---p 00000000 00:00 0 
7f3918000000-7f3918021000 rw-p 00000000 00:00 0 
7f3918021000-7f391c000000 ---p 00000000 00:00 0 
7f391c000000-7f391c021000 rw-p 00000000 00:00 0 
7f391c021000-7f3920000000 ---p 00000000 00:00 0 
7f3920000000-7f3920021000 rw-p 00000000 00:00 0 
7f3920021000-7f3924000000 ---p 00000000 00:00 0 
7f3924000000-7f3924021000 rw-p 00000000 00:00 0 
7f3924021000-7f3928000000 ---p 00000000 00:00 0 
7f3928000000-7f3928021000 rw-p 00000000 00:00 0 
7f3928021000-7f392c000000 ---p 00000000 00:00 0 
7f392c000000-7f392c021000 rw-p 00000000 00:00 0 
7f392c021000-7f3930000000 ---p 00000000 00:00 0 
7f3930000000-7f3930021000 rw-p 00000000 00:00 0 
7f3930021000-7f3934000000 ---p 00000000 00:00 0 
7f3934000000-7f3934021000 rw-p 00000000 00:00 0 
7f3934021000-7f3938000000 ---p 00000000 00:00 0 
7f3938000000-7f3938021000 rw-p 00000000 00:00 0 
7f3938021000-7f393c000000 ---p 00000000 00:00 0 
7f393c000000-7f393c021000 rw-p 00000000 00:00 0 
7f393c021000-7f3940000000 ---p 00000000 00:00 0 
7f3940000000-7f3940021000 rw-p 00000000 00:00 0 
7f3940021000-7f3944000000 ---p 00000000 00:00 0 
7f3944000000-7f3944021000 rw-p 00000000 00:00 0 
7f3944021000-7f3948000000 ---p 00000000 00:00 0 
7f3948000000-7f3948021000 rw-p 00000000 00:00 0 
7f3948021000-7f394c000000 ---p 00000000 00:00 0 
7f394c000000-7f394c021000 rw-p 00000000 00:00 0 
7f394c021000-7f3950000000 ---p 00000000 00:00 0 
7f3950000000-7f3950021000 rw-p 00000000 00:00 0 
7f3950021000-7f3954000000 ---p 00000000 00:00 0 
7f3954000000-7f3954021000 rw-p 00000000 00:00 0 
7f3954021000-7f3958000000 ---p 00000000 00:00 0 
7f3958000000-7f3958040000 rw-p 00000000 00:00 0 
7f3958040000-7f395c000000 ---p 00000000 00:00 0 
7f395c000000-7f395c05f000 rw-p 00000000 00:00 0 
7f395c05f000-7f3960000000 ---p 00000000 00:00 0 
7f3960000000-7f3960021000 rw-p 00000000 00:00 0 
7f3960021000-7f3964000000 ---p 00000000 00:00 0 
7f3964000000-7f3964021000 rw-p 00000000 00:00 0 
7f3964021000-7f3968000000 ---p 00000000 00:00 0 
7f3968000000-7f3968070000 rw-p 00000000 00:00 0 
7f3968070000-7f396c000000 ---p 00000000 00:00 0 
7f396c000000-7f396c021000 rw-p 00000000 00:00 0 
7f396c021000-7f3970000000 ---p 00000000 00:00 0 
7f3970000000-7f3970021000 rw-p 00000000 00:00 0 
7f3970021000-7f3974000000 ---p 00000000 00:00 0 
7f3974000000-7f3974021000 rw-p 00000000 00:00 0 
7f3974021000-7f3978000000 ---p 00000000 00:00 0 
7f3978000000-7f39783fc000 rw-p 00000000 00:00 0 
7f39783fc000-7f397c000000 ---p 00000000 00:00 0 
7f397c000000-7f397c021000 rw-p 00000000 00:00 0 
7f397c021000-7f3980000000 ---p 00000000 00:00 0 
7f3980000000-7f3980021000 rw-p 00000000 00:00 0 
7f3980021000-7f3984000000 ---p 00000000 00:00 0 
7f3984000000-7f3984185000 rw-p 00000000 00:00 0 
7f3984185000-7f3988000000 ---p 00000000 00:00 0 
7f3988000000-7f3988021000 rw-p 00000000 00:00 0 
7f3988021000-7f398c000000 ---p 00000000 00:00 0 
7f398c000000-7f398c021000 rw-p 00000000 00:00 0 
7f398c021000-7f3990000000 ---p 00000000 00:00 0 
7f3990000000-7f3990021000 rw-p 00000000 00:00 0 
7f3990021000-7f3994000000 ---p 00000000 00:00 0 
7f3994000000-7f3994021000 rw-p 00000000 00:00 0 
7f3994021000-7f3998000000 ---p 00000000 00:00 0 
7f3998000000-7f3998255000 rw-p 00000000 00:00 0 
7f3998255000-7f399c000000 ---p 00000000 00:00 0 
7f399f000000-7f399f455000 rw-p 00001000 00:33 8596472648                 /sfs/gpfs/tardis/applications/202512/software/standard/core/java/17/lib/server/classes.jsa
7f399f455000-7f399fbc9000 rw-p 00456000 00:33 8596472648                 /sfs/gpfs/tardis/applications/202512/software/standard/core/java/17/lib/server/classes.jsa
7f399fbc9000-7f39a0000000 ---p 00000000 00:00 0 
7f39a0000000-7f39a0040000 rw-p 00000000 00:00 0 
7f39a0040000-7f39a00b0000 rw-p 00000000 00:00 0 
7f39a00b0000-7f39a00c0000 ---p 00000000 00:00 0 
7f39a00c0000-7f39a00d0000 rw-p 00000000 00:00 0 
7f39a00d0000-7f39e0000000 ---p 00000000 00:00 0 
7f39e0000000-7f39e0021000 rw-p 00000000 00:00 0 
7f39e0021000-7f39e4000000 ---p 00000000 00:00 0 
7f39e4000000-7f39e42f0000 rw-p 00000000 00:00 0 
7f39e42f0000-7f39e4400000 ---p 00000000 00:00 0 
7f39e4400000-7f39e4610000 rw-p 00000000 00:00 0 
7f39e4610000-7f39e8000000 ---p 00000000 00:00 0 
7f39e8000000-7f39e8021000 rw-p 00000000 00:00 0 
7f39e8021000-7f39ec000000 ---p 00000000 00:00 0 
7f39ec4be000-7f39ec8a6000 rw-p 00000000 00:00 0 
7f39ec8a6000-7f39ec8a7000 ---p 00000000 00:00 0 
7f39ec8a7000-7f39ec9a7000 rw-p 00000000 00:00 0 
7f39ec9a7000-7f39ec9a8000 ---p 00000000 00:00 0 
7f39ec9a8000-7f39ecaa8000 rw-p 00000000 00:00 0 
7f39ecaa8000-7f39ecaa9000 ---p 00000000 00:00 0 
7f39ecaa9000-7f39ecba9000 rw-p 00000000 00:00 0 
7f39ecba9000-7f39ecbaa000 ---p 00000000 00:00 0 
7f39ecbaa000-7f39eccaa000 rw-p 00000000 00:00 0 
7f39eccaa000-7f39eccab000 ---p 00000000 00:00 0 
7f39eccab000-7f39ecdab000 rw-p 00000000 00:00 0 
7f39ecdab000-7f39ecdac000 ---p 00000000 00:00 0 
7f39ecdac000-7f39eceac000 rw-p 00000000 00:00 0 
7f39eceac000-7f39ecead000 ---p 00000000 00:00 0 
7f39ecead000-7f39ecfad000 rw-p 00000000 00:00 0 
7f39ecfad000-7f39ecfae000 ---p 00000000 00:00 0 
7f39ecfae000-7f39ed0ae000 rw-p 00000000 00:00 0 
7f39ed0ae000-7f39ed0af000 ---p 00000000 00:00 0 
7f39ed0af000-7f39ed1af000 rw-p 00000000 00:00 0 
7f39ed1af000-7f39ed1b0000 ---p 00000000 00:00 0 
7f39ed1b0000-7f39ed2b0000 rw-p 00000000 00:00 0 
7f39ed2b0000-7f39ed2b1000 ---p 00000000 00:00 0 
7f39ed2b1000-7f39ed3b1000 rw-p 00000000 00:00 0 
7f39ed3b1000-7f39ed3b2000 ---p 00000000 00:00 0 
7f39ed3b2000-7f39ed4b2000 rw-p 00000000 00:00 0 
7f39ed4b2000-7f39ed4b3000 ---p 00000000 00:00 0 
7f39ed4b3000-7f39ed5b3000 rw-p 00000000 00:00 0 
7f39ed5b3000-7f39ed5b4000 ---p 00000000 00:00 0 
7f39ed5b4000-7f39ed6b4000 rw-p 00000000 00:00 0 
7f39ed6b4000-7f39ed6b5000 ---p 00000000 00:00 0 
7f39ed6b5000-7f39ed7b5000 rw-p 00000000 00:00 0 
7f39ed7b5000-7f39ed7b6000 ---p 00000000 00:00 0 
7f39ed7b6000-7f39ed8b6000 rw-p 00000000 00:00 0 
7f39ed8b6000-7f39ed8b7000 ---p 00000000 00:00 0 
7f39ed8b7000-7f39ed9b7000 rw-p 00000000 00:00 0 
7f39ed9b7000-7f39ed9bc000 ---p 00000000 00:00 0 
7f39ed9bc000-7f39edab8000 rw-p 00000000 00:00 0 
7f39edab8000-7f39edabd000 ---p 00000000 00:00 0 
7f39edabd000-7f39edbb9000 rw-p 00000000 00:00 0 
7f39edbb9000-7f39edbba000 ---p 00000000 00:00 0 
7f39edbba000-7f39edbbe000 ---p 00000000 00:00 0 
7f39edbbe000-7f39edcba000 rw-p 00000000 00:00 0 
7f39edcba000-7f39edcbb000 ---p 00000000 00:00 0 
7f39edcbb000-7f39edcbf000 ---p 00000000 00:00 0 
7f39edcbf000-7f39eddbb000 rw-p 00000000 00:00 0 
7f39eddbb000-7f39eddbc000 ---p 00000000 00:00 0 
7f39eddbc000-7f39eddc0000 ---p 00000000 00:00 0 
7f39eddc0000-7f39edebc000 rw-p 00000000 00:00 0 
7f39edebc000-7f39edebd000 ---p 00000000 00:00 0 
7f39edebd000-7f39edec1000 ---p 00000000 00:00 0 
7f39edec1000-7f39edfbd000 rw-p 00000000 00:00 0 
7f39edfbd000-7f39edfbe000 ---p 00000000 00:00 0 
7f39edfbe000-7f39ee0be000 rw-p 00000000 00:00 0 
7f39ee0be000-7f39ee0bf000 ---p 00000000 00:00 0 
7f39ee0bf000-7f39ee0c3000 ---p 00000000 00:00 0 
7f39ee0c3000-7f39ee1bf000 rw-p 00000000 00:00 0 
7f39ee1bf000-7f39ee1c0000 ---p 00000000 00:00 0 
7f39ee1c0000-7f39ee1c4000 ---p 00000000 00:00 0 
7f39ee1c4000-7f39ee2c0000 rw-p 00000000 00:00 0 
7f39ee2c0000-7f39ee2c1000 ---p 00000000 00:00 0 
7f39ee2c1000-7f39ee2c5000 ---p 00000000 00:00 0 
7f39ee2c5000-7f39ee3c1000 rw-p 00000000 00:00 0 
7f39ee3c1000-7f39ee3c2000 ---p 00000000 00:00 0 
7f39ee3c2000-7f39ee3c6000 ---p 00000000 00:00 0 
7f39ee3c6000-7f39ee4c2000 rw-p 00000000 00:00 0 
7f39ee4c2000-7f39ee4c3000 ---p 00000000 00:00 0 
7f39ee4c3000-7f39ee4c7000 ---p 00000000 00:00 0 
7f39ee4c7000-7f39ee5c3000 rw-p 00000000 00:00 0 
7f39ee5c3000-7f39ee5c4000 ---p 00000000 00:00 0 
7f39ee5c4000-7f39ee5c8000 ---p 00000000 00:00 0 
7f39ee5c8000-7f39ee6c4000 rw-p 00000000 00:00 0 
7f39ee6c4000-7f39ee6c5000 ---p 00000000 00:00 0 
7f39ee6c5000-7f39ee6c9000 ---p 00000000 00:00 0 
7f39ee6c9000-7f39ee7c5000 rw-p 00000000 00:00 0 
7f39ee7c5000-7f39ee7c6000 ---p 00000000 00:00 0 
7f39ee7c6000-7f39ee7ca000 ---p 00000000 00:00 0 
7f39ee7ca000-7f39ee8c6000 rw-p 00000000 00:00 0 
7f39ee8c6000-7f39ee8c7000 ---p 00000000 00:00 0 
7f39ee8c7000-7f39ee8cb000 ---p 00000000 00:00 0 
7f39ee8cb000-7f39ee9c7000 rw-p 00000000 00:00 0 
7f39ee9c7000-7f39ee9c8000 ---p 00000000 00:00 0 
7f39ee9c8000-7f39ee9cc000 ---p 00000000 00:00 0 
7f39ee9cc000-7f39eeac8000 rw-p 00000000 00:00 0 
7f39eeac8000-7f39eeac9000 ---p 00000000 00:00 0 
7f39eeac9000-7f39eeacd000 ---p 00000000 00:00 0 
7f39eeacd000-7f39eebc9000 rw-p 00000000 00:00 0 
7f39eebc9000-7f39eebca000 ---p 00000000 00:00 0 
7f39eebca000-7f39eecca000 rw-p 00000000 00:00 0 
7f39eecca000-7f39eeccf000 r--p 00000000 00:33 8596472621                 /sfs/gpfs/tardis/applications/202512/software/standard/core/java/17/lib/libjsvml.so
7f39eeccf000-7f39eed10000 r-xp 00005000 00:33 8596472621                 /sfs/gpfs/tardis/applications/202512/software/standard/core/java/17/lib/libjsvml.so
7f39eed10000-7f39eed99000 r--p 00046000 00:33 8596472621                 /sfs/gpfs/tardis/applications/202512/software/standard/core/java/17/lib/libjsvml.so
7f39eed99000-7f39eed9a000 r--p 000ce000 00:33 8596472621                 /sfs/gpfs/tardis/applications/202512/software/standard/core/java/17/lib/libjsvml.so
7f39eed9a000-7f39eed9b000 rw-p 000cf000 00:33 8596472621                 /sfs/gpfs/tardis/applications/202512/software/standard/core/java/17/lib/libjsvml.so
7f39eed9b000-7f39eeeb8000 rw-p 00000000 00:00 0 
7f39eeed7000-7f39eeedb000 r--p 00000000 00:33 8596472627                 /sfs/gpfs/tardis/applications/202512/software/standard/core/java/17/lib/libnet.so
7f39eeedb000-7f39eeee9000 r-xp 00004000 00:33 8596472627                 /sfs/gpfs/tardis/applications/202512/software/standard/core/java/17/lib/libnet.so
7f39eeee9000-7f39eeeed000 r--p 00012000 00:33 8596472627                 /sfs/gpfs/tardis/applications/202512/software/standard/core/java/17/lib/libnet.so
7f39eeeed000-7f39eeeee000 r--p 00015000 00:33 8596472627                 /sfs/gpfs/tardis/applications/202512/software/standard/core/java/17/lib/libnet.so
7f39eeeee000-7f39eeeef000 rw-p 00016000 00:33 8596472627                 /sfs/gpfs/tardis/applications/202512/software/standard/core/java/17/lib/libnet.so
7f39eeeef000-7f39eeef0000 ---p 00000000 00:00 0 
7f39eeef0000-7f39eeff0000 rw-p 00000000 00:00 0 
7f39eeff0000-7f39eeff1000 ---p 00000000 00:00 0 
7f39eeff1000-7f39f0021000 rw-p 00000000 00:00 0 
7f39f0021000-7f39f4000000 ---p 00000000 00:00 0 
7f39f4000000-7f39f4021000 rw-p 00000000 00:00 0 
7f39f4021000-7f39f8000000 ---p 00000000 00:00 0 
7f39f8000000-7f39f8021000 rw-p 00000000 00:00 0 
7f39f8021000-7f39fc000000 ---p 00000000 00:00 0 
7f39fc006000-7f39fc008000 r--p 00000000 00:33 8596472625                 /sfs/gpfs/tardis/applications/202512/software/standard/core/java/17/lib/libmanagement_ext.so
7f39fc008000-7f39fc00b000 r-xp 00002000 00:33 8596472625                 /sfs/gpfs/tardis/applications/202512/software/standard/core/java/17/lib/libmanagement_ext.so
7f39fc00b000-7f39fc00c000 r--p 00005000 00:33 8596472625                 /sfs/gpfs/tardis/applications/202512/software/standard/core/java/17/lib/libmanagement_ext.so
7f39fc00c000-7f39fc00d000 ---p 00006000 00:33 8596472625                 /sfs/gpfs/tardis/applications/202512/software/standard/core/java/17/lib/libmanagement_ext.so
7f39fc00d000-7f39fc00e000 r--p 00006000 00:33 8596472625                 /sfs/gpfs/tardis/applications/202512/software/standard/core/java/17/lib/libmanagement_ext.so
7f39fc00e000-7f39fc00f000 rw-p 00007000 00:33 8596472625                 /sfs/gpfs/tardis/applications/202512/software/standard/core/java/17/lib/libmanagement_ext.so
7f39fc00f000-7f39fc012000 r--p 00000000 00:33 8596472623                 /sfs/gpfs/tardis/applications/202512/software/standard/core/java/17/lib/libmanagement.so
7f39fc012000-7f39fc013000 r-xp 00003000 00:33 8596472623                 /sfs/gpfs/tardis/applications/202512/software/standard/core/java/17/lib/libmanagement.so
7f39fc013000-7f39fc014000 r--p 00004000 00:33 8596472623                 /sfs/gpfs/tardis/applications/202512/software/standard/core/java/17/lib/libmanagement.so
7f39fc014000-7f39fc015000 r--p 00004000 00:33 8596472623                 /sfs/gpfs/tardis/applications/202512/software/standard/core/java/17/lib/libmanagement.so
7f39fc015000-7f39fc016000 rw-p 00005000 00:33 8596472623                 /sfs/gpfs/tardis/applications/202512/software/standard/core/java/17/lib/libmanagement.so
7f39fc016000-7f39fc01d000 r--p 00000000 00:33 8596472628                 /sfs/gpfs/tardis/applications/202512/software/standard/core/java/17/lib/libnio.so
7f39fc01d000-7f39fc026000 r-xp 00007000 00:33 8596472628                 /sfs/gpfs/tardis/applications/202512/software/standard/core/java/17/lib/libnio.so
7f39fc026000-7f39fc02a000 r--p 00010000 00:33 8596472628                 /sfs/gpfs/tardis/applications/202512/software/standard/core/java/17/lib/libnio.so
7f39fc02a000-7f39fc02b000 ---p 00014000 00:33 8596472628                 /sfs/gpfs/tardis/applications/202512/software/standard/core/java/17/lib/libnio.so
7f39fc02b000-7f39fc02c000 r--p 00014000 00:33 8596472628                 /sfs/gpfs/tardis/applications/202512/software/standard/core/java/17/lib/libnio.so
7f39fc02c000-7f39fc02d000 rw-p 00015000 00:33 8596472628                 /sfs/gpfs/tardis/applications/202512/software/standard/core/java/17/lib/libnio.so
7f39fc02d000-7f3a0422e000 rw-p 00000000 00:00 0 
7f3a0422e000-7f3a1c02e000 ---p 00000000 00:00 0 
7f3a1c02e000-7f3a221ae000 rw-p 00000000 00:00 0 
7f3a221ae000-7f3a39fae000 ---p 00000000 00:00 0 
7f3a39fae000-7f3a3ac4e000 rw-p 00000000 00:00 0 
7f3a3ac4e000-7f3a3dc0e000 ---p 00000000 00:00 0 
7f3a3dc0e000-7f3a3e83e000 rw-p 00000000 00:00 0 
7f3a3e83e000-7f3a417fe000 ---p 00000000 00:00 0 
7f3a417fe000-7f3a4242e000 rw-p 00000000 00:00 0 
7f3a4242e000-7f3a453ee000 ---p 00000000 00:00 0 
7f3a453ee000-7f3a453fe000 rw-p 00000000 00:00 0 
7f3a453fe000-7f3a4566e000 rwxp 00000000 00:00 0 
7f3a4566e000-7f3a4c85d000 ---p 00000000 00:00 0 
7f3a4c85d000-7f3a4cb3d000 rwxp 00000000 00:00 0 
7f3a4cb3d000-7f3a4cf9e000 ---p 00000000 00:00 0 
7f3a4cf9e000-7f3a4d20e000 rwxp 00000000 00:00 0 
7f3a4d20e000-7f3a543fe000 ---p 00000000 00:00 0 
7f3a543fe000-7f3a5c000000 r--s 00000000 00:33 8596472637                 /sfs/gpfs/tardis/applications/202512/software/standard/core/java/17/lib/modules
7f3a5c000000-7f3a5c458000 rw-p 00000000 00:00 0 
7f3a5c458000-7f3a60000000 ---p 00000000 00:00 0 
7f3a60005000-7f3a60009000 r--p 00000000 00:33 8596472635                 /sfs/gpfs/tardis/applications/202512/software/standard/core/java/17/lib/libverify.so
7f3a60009000-7f3a60010000 r-xp 00004000 00:33 8596472635                 /sfs/gpfs/tardis/applications/202512/software/standard/core/java/17/lib/libverify.so
7f3a60010000-7f3a60012000 r--p 0000b000 00:33 8596472635                 /sfs/gpfs/tardis/applications/202512/software/standard/core/java/17/lib/libverify.so
7f3a60012000-7f3a60014000 r--p 0000c000 00:33 8596472635                 /sfs/gpfs/tardis/applications/202512/software/standard/core/java/17/lib/libverify.so
7f3a60014000-7f3a60015000 rw-p 0000e000 00:33 8596472635                 /sfs/gpfs/tardis/applications/202512/software/standard/core/java/17/lib/libverify.so
7f3a60015000-7f3a60217000 rw-p 00000000 00:00 0 
7f3a60217000-7f3a60218000 ---p 00000000 00:00 0 
7f3a60218000-7f3a60318000 rw-p 00000000 00:00 0 
7f3a60318000-7f3a60319000 ---p 00000000 00:00 0 
7f3a60319000-7f3a60419000 rw-p 00000000 00:00 0 
7f3a60419000-7f3a6041a000 ---p 00000000 00:00 0 
7f3a6041a000-7f3a6198d000 rw-p 00000000 00:00 0 
7f3a6198d000-7f3a61a71000 ---p 00000000 00:00 0 
7f3a61a71000-7f3a61a76000 rw-p 00000000 00:00 0 
7f3a61a76000-7f3a61b5a000 ---p 00000000 00:00 0 
7f3a61b5a000-7f3a61b5c000 r--p 00000000 00:33 8596472636                 /sfs/gpfs/tardis/applications/202512/software/standard/core/java/17/lib/libzip.so
7f3a61b5c000-7f3a61b6e000 r-xp 00002000 00:33 8596472636                 /sfs/gpfs/tardis/applications/202512/software/standard/core/java/17/lib/libzip.so
7f3a61b6e000-7f3a61b76000 r--p 00014000 00:33 8596472636                 /sfs/gpfs/tardis/applications/202512/software/standard/core/java/17/lib/libzip.so
7f3a61b76000-7f3a61b77000 r--p 0001b000 00:33 8596472636                 /sfs/gpfs/tardis/applications/202512/software/standard/core/java/17/lib/libzip.so
7f3a61b77000-7f3a61b78000 rw-p 0001c000 00:33 8596472636                 /sfs/gpfs/tardis/applications/202512/software/standard/core/java/17/lib/libzip.so
7f3a61b78000-7f3a61b83000 r-xp 00000000 00:29 41352995                   /usr/lib64/libnss_files-2.28.so
7f3a61b83000-7f3a61d83000 ---p 0000b000 00:29 41352995                   /usr/lib64/libnss_files-2.28.so
7f3a61d83000-7f3a61d84000 r--p 0000b000 00:29 41352995                   /usr/lib64/libnss_files-2.28.so
7f3a61d84000-7f3a61d85000 rw-p 0000c000 00:29 41352995                   /usr/lib64/libnss_files-2.28.so
7f3a61d85000-7f3a61d8b000 rw-p 00000000 00:00 0 
7f3a61d8b000-7f3a61d92000 r-xp 00000000 00:29 41352993                   /usr/lib64/libnss_db-2.28.so
7f3a61d92000-7f3a61f91000 ---p 00007000 00:29 41352993                   /usr/lib64/libnss_db-2.28.so
7f3a61f91000-7f3a61f92000 r--p 00006000 00:29 41352993                   /usr/lib64/libnss_db-2.28.so
7f3a61f92000-7f3a61f93000 rw-p 00007000 00:29 41352993                   /usr/lib64/libnss_db-2.28.so
7f3a61f93000-7f3a61f96000 rw-p 00000000 00:00 0 
7f3a61f96000-7f3a6220e000 r--p 00000000 00:29 42290259                   /usr/lib/locale/en_US.utf8/LC_COLLATE
7f3a6220e000-7f3a6238f000 r-xp 00000000 00:29 41352876                   /usr/lib64/libm-2.28.so
7f3a6238f000-7f3a6258e000 ---p 00181000 00:29 41352876                   /usr/lib64/libm-2.28.so
7f3a6258e000-7f3a6258f000 r--p 00180000 00:29 41352876                   /usr/lib64/libm-2.28.so
7f3a6258f000-7f3a62590000 rw-p 00181000 00:29 41352876                   /usr/lib64/libm-2.28.so
7f3a62590000-7f3a62597000 r-xp 00000000 00:29 41353205                   /usr/lib64/librt-2.28.so
7f3a62597000-7f3a62796000 ---p 00007000 00:29 41353205                   /usr/lib64/librt-2.28.so
7f3a62796000-7f3a62797000 r--p 00006000 00:29 41353205                   /usr/lib64/librt-2.28.so
7f3a62797000-7f3a62798000 rw-p 00007000 00:29 41353205                   /usr/lib64/librt-2.28.so
7f3a62798000-7f3a629eb000 r--p 00000000 00:33 8596472651                 /sfs/gpfs/tardis/applications/202512/software/standard/core/java/17/lib/server/libjvm.so
7f3a629eb000-7f3a63714000 r-xp 00253000 00:33 8596472651                 /sfs/gpfs/tardis/applications/202512/software/standard/core/java/17/lib/server/libjvm.so
7f3a63714000-7f3a639a1000 r--p 00f7c000 00:33 8596472651                 /sfs/gpfs/tardis/applications/202512/software/standard/core/java/17/lib/server/libjvm.so
7f3a639a1000-7f3a639a2000 ---p 01209000 00:33 8596472651                 /sfs/gpfs/tardis/applications/202512/software/standard/core/java/17/lib/server/libjvm.so
7f3a639a2000-7f3a63a5b000 r--p 01209000 00:33 8596472651                 /sfs/gpfs/tardis/applications/202512/software/standard/core/java/17/lib/server/libjvm.so
7f3a63a5b000-7f3a63a90000 rw-p 012c2000 00:33 8596472651                 /sfs/gpfs/tardis/applications/202512/software/standard/core/java/17/lib/server/libjvm.so
7f3a63a90000-7f3a63aeb000 rw-p 00000000 00:00 0 
7f3a63aeb000-7f3a63cb8000 r-xp 00000000 00:29 41352421                   /usr/lib64/libc-2.28.so
7f3a63cb8000-7f3a63eb7000 ---p 001cd000 00:29 41352421                   /usr/lib64/libc-2.28.so
7f3a63eb7000-7f3a63ebb000 r--p 001cc000 00:29 41352421                   /usr/lib64/libc-2.28.so
7f3a63ebb000-7f3a63ebd000 rw-p 001d0000 00:29 41352421                   /usr/lib64/libc-2.28.so
7f3a63ebd000-7f3a63ec1000 rw-p 00000000 00:00 0 
7f3a63ec1000-7f3a63ec4000 r-xp 00000000 00:29 41352530                   /usr/lib64/libdl-2.28.so
7f3a63ec4000-7f3a640c3000 ---p 00003000 00:29 41352530                   /usr/lib64/libdl-2.28.so
7f3a640c3000-7f3a640c4000 r--p 00002000 00:29 41352530                   /usr/lib64/libdl-2.28.so
7f3a640c4000-7f3a640c5000 rw-p 00003000 00:29 41352530                   /usr/lib64/libdl-2.28.so
7f3a640c5000-7f3a640e0000 r-xp 00000000 00:29 41353149                   /usr/lib64/libpthread-2.28.so
7f3a640e0000-7f3a642df000 ---p 0001b000 00:29 41353149                   /usr/lib64/libpthread-2.28.so
7f3a642df000-7f3a642e0000 r--p 0001a000 00:29 41353149                   /usr/lib64/libpthread-2.28.so
7f3a642e0000-7f3a642e1000 rw-p 0001b000 00:29 41353149                   /usr/lib64/libpthread-2.28.so
7f3a642e1000-7f3a642e5000 rw-p 00000000 00:00 0 
7f3a642e5000-7f3a64314000 r-xp 00000000 00:29 41352045                   /usr/lib64/ld-2.28.so
7f3a64318000-7f3a64319000 r--p 00000000 00:33 8596472606                 /sfs/gpfs/tardis/applications/202512/software/standard/core/java/17/lib/libextnet.so
7f3a64319000-7f3a6431a000 r-xp 00001000 00:33 8596472606                 /sfs/gpfs/tardis/applications/202512/software/standard/core/java/17/lib/libextnet.so
7f3a6431a000-7f3a6431b000 r--p 00002000 00:33 8596472606                 /sfs/gpfs/tardis/applications/202512/software/standard/core/java/17/lib/libextnet.so
7f3a6431b000-7f3a6431c000 r--p 00002000 00:33 8596472606                 /sfs/gpfs/tardis/applications/202512/software/standard/core/java/17/lib/libextnet.so
7f3a6431c000-7f3a6431d000 rw-p 00003000 00:33 8596472606                 /sfs/gpfs/tardis/applications/202512/software/standard/core/java/17/lib/libextnet.so
7f3a6431d000-7f3a64323000 rw-p 00000000 00:00 0 
7f3a64323000-7f3a6432c000 ---p 00000000 00:00 0 
7f3a6432c000-7f3a6432d000 r--s 00000000 203:97233 4334508089525993473    /sfs/weka/scratch/wxw9rr/tmp/pitest-agent4297895672587801351.jar
7f3a6432d000-7f3a64335000 rw-s 00000000 00:2d 86339307                   /tmp/hsperfdata_wxw9rr/641349
7f3a64335000-7f3a64388000 r--p 00000000 00:29 42289927                   /usr/lib/locale/C.utf8/LC_CTYPE
7f3a64388000-7f3a64389000 r--p 00000000 00:29 42290264                   /usr/lib/locale/en_US.utf8/LC_NUMERIC
7f3a64389000-7f3a6438a000 r--p 00000000 00:29 42290267                   /usr/lib/locale/en_US.utf8/LC_TIME
7f3a6438a000-7f3a6438b000 r--p 00000000 00:29 42290262                   /usr/lib/locale/en_US.utf8/LC_MONETARY
7f3a6438b000-7f3a6438c000 r--p 00000000 00:29 42290268                   /usr/lib/locale/en_US.utf8/LC_MESSAGES/SYS_LC_MESSAGES
7f3a6438c000-7f3a6438d000 r--p 00000000 00:29 42290265                   /usr/lib/locale/en_US.utf8/LC_PAPER
7f3a6438d000-7f3a64394000 r--s 00000000 00:29 41660342                   /usr/lib64/gconv/gconv-modules.cache
7f3a64394000-7f3a643a2000 r--p 00000000 00:33 8596472613                 /sfs/gpfs/tardis/applications/202512/software/standard/core/java/17/lib/libjava.so
7f3a643a2000-7f3a643b4000 r-xp 0000e000 00:33 8596472613                 /sfs/gpfs/tardis/applications/202512/software/standard/core/java/17/lib/libjava.so
7f3a643b4000-7f3a643ba000 r--p 00020000 00:33 8596472613                 /sfs/gpfs/tardis/applications/202512/software/standard/core/java/17/lib/libjava.so
7f3a643ba000-7f3a643bb000 ---p 00026000 00:33 8596472613                 /sfs/gpfs/tardis/applications/202512/software/standard/core/java/17/lib/libjava.so
7f3a643bb000-7f3a643bc000 r--p 00026000 00:33 8596472613                 /sfs/gpfs/tardis/applications/202512/software/standard/core/java/17/lib/libjava.so
7f3a643bc000-7f3a643bd000 rw-p 00027000 00:33 8596472613                 /sfs/gpfs/tardis/applications/202512/software/standard/core/java/17/lib/libjava.so
7f3a643bd000-7f3a643be000 rw-p 00000000 00:00 0 
7f3a643be000-7f3a643c2000 r--p 00000000 00:33 8596472617                 /sfs/gpfs/tardis/applications/202512/software/standard/core/java/17/lib/libjimage.so
7f3a643c2000-7f3a643d5000 r-xp 00004000 00:33 8596472617                 /sfs/gpfs/tardis/applications/202512/software/standard/core/java/17/lib/libjimage.so
7f3a643d5000-7f3a643db000 r--p 00017000 00:33 8596472617                 /sfs/gpfs/tardis/applications/202512/software/standard/core/java/17/lib/libjimage.so
7f3a643db000-7f3a643dd000 r--p 0001c000 00:33 8596472617                 /sfs/gpfs/tardis/applications/202512/software/standard/core/java/17/lib/libjimage.so
7f3a643dd000-7f3a643de000 rw-p 0001e000 00:33 8596472617                 /sfs/gpfs/tardis/applications/202512/software/standard/core/java/17/lib/libjimage.so
7f3a643de000-7f3a643e2000 ---p 00000000 00:00 0 
7f3a643e2000-7f3a644e1000 rw-p 00000000 00:00 0 
7f3a644e1000-7f3a644e2000 r--p 00000000 00:29 42290263                   /usr/lib/locale/en_US.utf8/LC_NAME
7f3a644e2000-7f3a644e3000 r--p 00000000 00:29 42290258                   /usr/lib/locale/en_US.utf8/LC_ADDRESS
7f3a644e3000-7f3a644e4000 r--p 00000000 00:29 42290266                   /usr/lib/locale/en_US.utf8/LC_TELEPHONE
7f3a644e4000-7f3a644e5000 r--p 00000000 00:29 42290261                   /usr/lib/locale/en_US.utf8/LC_MEASUREMENT
7f3a644e5000-7f3a644e6000 r--p 00000000 00:29 42290260                   /usr/lib/locale/en_US.utf8/LC_IDENTIFICATION
7f3a644e6000-7f3a644e8000 r--p 00000000 00:33 8596472608                 /sfs/gpfs/tardis/applications/202512/software/standard/core/java/17/lib/libinstrument.so
7f3a644e8000-7f3a644ee000 r-xp 00002000 00:33 8596472608                 /sfs/gpfs/tardis/applications/202512/software/standard/core/java/17/lib/libinstrument.so
7f3a644ee000-7f3a644f1000 r--p 00008000 00:33 8596472608                 /sfs/gpfs/tardis/applications/202512/software/standard/core/java/17/lib/libinstrument.so
7f3a644f1000-7f3a644f2000 r--p 0000a000 00:33 8596472608                 /sfs/gpfs/tardis/applications/202512/software/standard/core/java/17/lib/libinstrument.so
7f3a644f2000-7f3a644f3000 rw-p 0000b000 00:33 8596472608                 /sfs/gpfs/tardis/applications/202512/software/standard/core/java/17/lib/libinstrument.so
7f3a644f3000-7f3a644f4000 ---p 00000000 00:00 0 
7f3a644f4000-7f3a644f5000 r--p 00000000 00:00 0 
7f3a644f5000-7f3a644f6000 ---p 00000000 00:00 0 
7f3a644f6000-7f3a644f9000 r--p 00000000 00:33 8596472618                 /sfs/gpfs/tardis/applications/202512/software/standard/core/java/17/lib/libjli.so
7f3a644f9000-7f3a64509000 r-xp 00003000 00:33 8596472618                 /sfs/gpfs/tardis/applications/202512/software/standard/core/java/17/lib/libjli.so
7f3a64509000-7f3a64510000 r--p 00013000 00:33 8596472618                 /sfs/gpfs/tardis/applications/202512/software/standard/core/java/17/lib/libjli.so
7f3a64510000-7f3a64511000 r--p 00019000 00:33 8596472618                 /sfs/gpfs/tardis/applications/202512/software/standard/core/java/17/lib/libjli.so
7f3a64511000-7f3a64512000 rw-p 0001a000 00:33 8596472618                 /sfs/gpfs/tardis/applications/202512/software/standard/core/java/17/lib/libjli.so
7f3a64512000-7f3a64514000 rw-p 00000000 00:00 0 
7f3a64514000-7f3a64515000 r--p 0002f000 00:29 41352045                   /usr/lib64/ld-2.28.so
7f3a64515000-7f3a64517000 rw-p 00030000 00:29 41352045                   /usr/lib64/ld-2.28.so
7ffcc815b000-7ffcc8180000 rw-p 00000000 00:00 0                          [stack]
7ffcc81d8000-7ffcc81dc000 r--p 00000000 00:00 0                          [vvar]
7ffcc81dc000-7ffcc81de000 r-xp 00000000 00:00 0                          [vdso]
ffffffffff600000-ffffffffff601000 r-xp 00000000 00:00 0                  [vsyscall]


VM Arguments:
jvm_args: -Dclassworlds.conf=/apps/software/standard/core/maven/3.9.0/bin/m2.conf -Dmaven.home=/apps/software/standard/core/maven/3.9.0 -Dlibrary.jansi.path=/apps/software/standard/core/maven/3.9.0/lib/jansi-native -Dmaven.multiModuleProjectDirectory=/scratch/wxw9rr/artifact/RQ3/OE25-DEV/commons-beanutils-1.9.4 -Djava.io.tmpdir=/sfs/weka/scratch/wxw9rr/tmp -javaagent:/sfs/weka/scratch/wxw9rr/tmp/pitest-agent4297895672587801351.jar -ea -Djava.awt.headless=true -XX:+UseG1GC -Djava.io.tmpdir=/sfs/weka/scratch/wxw9rr/tmp 
java_command: org.pitest.mutationtest.execute.MutationTestMinion 36991
java_class_path (initial): /sfs/weka/scratch/wxw9rr/artifact/RQ3/OE25-DEV/commons-beanutils-1.9.4/target/test-classes:/sfs/weka/scratch/wxw9rr/artifact/RQ3/OE25-DEV/commons-beanutils-1.9.4/target/classes:/home/wxw9rr/.m2/repository/commons-logging/commons-logging/1.2/commons-logging-1.2.jar:/home/wxw9rr/.m2/repository/commons-collections/commons-collections/3.2.2/commons-collections-3.2.2.jar:/home/wxw9rr/.m2/repository/commons-collections/commons-collections-testframework/3.2.1/commons-collections-testframework-3.2.1.jar:/home/wxw9rr/.m2/repository/junit/junit/4.12/junit-4.12.jar:/home/wxw9rr/.m2/repository/org/hamcrest/hamcrest-core/1.3/hamcrest-core-1.3.jar:/home/wxw9rr/.m2/repository/org/pitest/pitest/1.22.0/pitest-1.22.0.jar
Launcher Type: SUN_STANDARD

[Global flags]
     intx CICompilerCount                          = 12                                        {product} {ergonomic}
     uint ConcGCThreads                            = 5                                         {product} {ergonomic}
     uint G1ConcRefinementThreads                  = 18                                        {product} {ergonomic}
   size_t G1HeapRegionSize                         = 16777216                                  {product} {ergonomic}
    uintx GCDrainStackTargetSize                   = 64                                        {product} {ergonomic}
   size_t InitialHeapSize                          = 2147483648                                {product} {ergonomic}
   size_t MarkStackSize                            = 4194304                                   {product} {ergonomic}
   size_t MaxHeapSize                              = 32178700288                               {product} {ergonomic}
   size_t MaxNewSize                               = 19293798400                               {product} {ergonomic}
   size_t MinHeapDeltaBytes                        = 16777216                                  {product} {ergonomic}
   size_t MinHeapSize                              = 16777216                                  {product} {ergonomic}
    uintx NonNMethodCodeHeapSize                   = 7602480                                {pd product} {ergonomic}
    uintx NonProfiledCodeHeapSize                  = 122027880                              {pd product} {ergonomic}
    uintx ProfiledCodeHeapSize                     = 122027880                              {pd product} {ergonomic}
    uintx ReservedCodeCacheSize                    = 251658240                              {pd product} {ergonomic}
     bool SegmentedCodeCache                       = true                                      {product} {ergonomic}
   size_t SoftMaxHeapSize                          = 32178700288                            {manageable} {ergonomic}
     bool UseCompressedClassPointers               = true                           {product lp64_product} {ergonomic}
     bool UseCompressedOops                        = true                           {product lp64_product} {ergonomic}
     bool UseG1GC                                  = true                                      {product} {command line}

Logging:
Log output configuration:
 #0: stdout all=warning uptime,level,tags
 #1: stderr all=off uptime,level,tags

Environment Variables:
JAVA_HOME=/apps/software/standard/core/java/17
_JAVA_OPTIONS=-Djava.io.tmpdir=/sfs/weka/scratch/wxw9rr/tmp
PATH=/apps/software/standard/core/java/17:/apps/software/standard/core/java/17/bin:/apps/software/standard/core/maven/3.9.0:/apps/software/standard/core/maven/3.9.0/bin:/home/wxw9rr/.local/bin:/opt/mam/9.1.2/bin:/sfs/gpfs/tardis/applications/202512/software/standard/core/code-server/4.99.1/lib/vscode/bin/remote-cli:/apps/software/standard/core/code-server/4.99.1/bin:/apps/software/standard/core/miniforge/24.3.0-py3.11:/apps/software/standard/core/miniforge/24.3.0-py3.11/sbin:/apps/software/standard/core/miniforge/24.3.0-py3.11/bin:/sfs/gpfs/tardis/home/wxw9rr/miniforge3/bin:/sfs/gpfs/tardis/home/wxw9rr/miniforge3/condabin:/usr/local/bin:/usr/bin:/usr/local/sbin:/usr/sbin:/opt/slurm/current/bin:/opt/rci/bin:/share/resources/HPCtools:/opt/mam/current/bin:/opt/apptainer/current/bin:/sfs/gpfs/tardis/home/wxw9rr/.local/bin
LD_LIBRARY_PATH=/apps/software/standard/core/java/17/lib:/apps/software/standard/core/maven/3.9.0/lib:/opt/slurm/current/lib
SHELL=/bin/bash
LANG=en_US.UTF-8
TERM=xterm-256color
TMPDIR=/sfs/weka/scratch/wxw9rr/tmp
TMP=/sfs/weka/scratch/wxw9rr/tmp
TEMP=/sfs/weka/scratch/wxw9rr/tmp

Active Locale:
LC_ALL=en_US.UTF-8
LC_COLLATE=en_US.UTF-8
LC_CTYPE=en_US.UTF-8
LC_MESSAGES=en_US.UTF-8
LC_MONETARY=en_US.UTF-8
LC_NUMERIC=en_US.UTF-8
LC_TIME=en_US.UTF-8

Signal Handlers:
   SIGSEGV: crash_handler in libjvm.so, mask=11100100010111111101111111111110, flags=SA_RESTART|SA_SIGINFO, unblocked
    SIGBUS: crash_handler in libjvm.so, mask=11100100010111111101111111111110, flags=SA_RESTART|SA_SIGINFO, unblocked
    SIGFPE: crash_handler in libjvm.so, mask=11100100010111111101111111111110, flags=SA_RESTART|SA_SIGINFO, unblocked
   SIGPIPE: javaSignalHandler in libjvm.so, mask=11100100010111111101111111111110, flags=SA_RESTART|SA_SIGINFO, unblocked
   SIGXFSZ: javaSignalHandler in libjvm.so, mask=11100100010111111101111111111110, flags=SA_RESTART|SA_SIGINFO, unblocked
    SIGILL: crash_handler in libjvm.so, mask=11100100010111111101111111111110, flags=SA_RESTART|SA_SIGINFO, unblocked
   SIGUSR2: SR_handler in libjvm.so, mask=00100000000000000000000000000000, flags=SA_RESTART|SA_SIGINFO, unblocked
    SIGHUP: UserHandler in libjvm.so, mask=11100100010111111101111111111110, flags=SA_RESTART|SA_SIGINFO, unblocked
    SIGINT: UserHandler in libjvm.so, mask=11100100010111111101111111111110, flags=SA_RESTART|SA_SIGINFO, unblocked
   SIGTERM: UserHandler in libjvm.so, mask=11100100010111111101111111111110, flags=SA_RESTART|SA_SIGINFO, unblocked
   SIGQUIT: UserHandler in libjvm.so, mask=11100100010111111101111111111110, flags=SA_RESTART|SA_SIGINFO, unblocked
   SIGTRAP: crash_handler in libjvm.so, mask=11100100010111111101111111111110, flags=SA_RESTART|SA_SIGINFO, unblocked


Periodic native trim disabled


---------------  S Y S T E M  ---------------

OS:
Rocky Linux release 8.10 (Green Obsidian)
uname: Linux 4.18.0-553.47.1.el8_10.x86_64 #1 SMP Thu Apr 3 14:27:08 UTC 2025 x86_64
OS uptime: 88 days 17:14 hours
libc: glibc 2.28 NPTL 2.28 
rlimit (soft/hard): STACK 8192k/infinity , CORE infinity/infinity , NPROC 3094208/3094208 , NOFILE 65536/65536 , AS infinity/infinity , CPU infinity/infinity , DATA infinity/infinity , FSIZE infinity/infinity , MEMLOCK infinity/infinity
load average: 116.09 77.03 54.90

/proc/meminfo:
MemTotal:       792160700 kB
MemFree:        58019064 kB
MemAvailable:   294867276 kB
Buffers:           28000 kB
Cached:         257947804 kB
SwapCached:            0 kB
Active:         92669760 kB
Inactive:       600488180 kB
Active(anon):    9145368 kB
Inactive(anon): 446164248 kB
Active(file):   83524392 kB
Inactive(file): 154323932 kB
Unevictable:    16958460 kB
Mlocked:        16958460 kB
SwapTotal:             0 kB
SwapFree:              0 kB
Dirty:                16 kB
Writeback:             0 kB
AnonPages:      452058276 kB
Mapped:          3395808 kB
Shmem:          19762460 kB
KReclaimable:    4103204 kB
Slab:            6625512 kB
SReclaimable:    4103204 kB
SUnreclaim:      2522308 kB
KernelStack:      110528 kB
PageTables:      1030908 kB
NFS_Unstable:          0 kB
Bounce:                0 kB
WritebackTmp:          0 kB
CommitLimit:    772820100 kB
Committed_AS:   766072136 kB
VmallocTotal:   13743895347199 kB
VmallocUsed:     2471704 kB
VmallocChunk:          0 kB
Percpu:           909312 kB
HardwareCorrupted:     0 kB
AnonHugePages:  131368960 kB
ShmemHugePages:        0 kB
ShmemPmdMapped:        0 kB
FileHugePages:         0 kB
FilePmdMapped:         0 kB
HugePages_Total:    5632
HugePages_Free:        0
HugePages_Rsvd:        0
HugePages_Surp:        0
Hugepagesize:       2048 kB
Hugetlb:        11534336 kB
DirectMap4k:     1240012 kB
DirectMap2M:    201951232 kB
DirectMap1G:    602931200 kB

/sys/kernel/mm/transparent_hugepage/enabled: [always] madvise never
/sys/kernel/mm/transparent_hugepage/hpage_pmd_size: 2097152
/sys/kernel/mm/transparent_hugepage/defrag (defrag/compaction efforts parameter): always defer defer+madvise [madvise] never

Process Memory:
Virtual Size: 26985100K (peak: 37073644K)
Resident Set Size: 909640K (peak: 909640K) (anon: 892056K, file: 17552K, shmem: 32K)
Swapped out: 0K
C-Heap outstanding allocations: 56468K, retained: 5603K
glibc malloc tunables: (default)

/proc/sys/kernel/threads-max (system-wide limit on the number of threads): 6188417
/proc/sys/vm/max_map_count (maximum number of memory map areas a process may have): 65530
/proc/sys/vm/swappiness (control to define how aggressively the kernel swaps out anonymous memory): 10
/proc/sys/kernel/pid_max (system-wide limit on number of process identifiers): 999999

container (cgroup) information:
container_type: cgroupv1
cpu_cpuset_cpus: 0-23
cpu_memory_nodes: 0-1
active_processor_count: 24
cpu_quota: no quota
cpu_period: 100000
cpu_shares: no shares
memory_limit_in_bytes: 536870912 k
memory_and_swap_limit_in_bytes: 536870912 k
memory_soft_limit_in_bytes: unlimited
memory_usage_in_bytes: 432516492 k
memory_max_usage_in_bytes: 441547720 k
kernel_memory_limit_in_bytes: unlimited
kernel_memory_usage_in_bytes: 2667536 k
kernel_memory_max_usage_in_bytes: 2715224 k
maximum number of tasks: unlimited
current number of tasks: 3950

Steal ticks since vm start: 0
Steal ticks percentage since vm start:  0.000

CPU: total 96 (initial active 24) (48 cores per cpu, 1 threads per core) family 25 model 17 stepping 1 microcode 0xa10113b, cx8, cmov, fxsr, mmx, 3dnowpref, sse, sse2, sse3, ssse3, sse4a, sse4.1, sse4.2, popcnt, lzcnt, tsc, tscinvbit, avx, avx2, aes, erms, clmul, bmi1, bmi2, adx, avx512f, avx512dq, avx512cd, avx512bw, avx512vl, sha, fma, vzeroupper, avx512_vpopcntdq, avx512_vpclmulqdq, avx512_vaes, avx512_vnni, clflush, clflushopt, avx512_vbmi2, avx512_vbmi
CPU Model and flags from /proc/cpuinfo:
model name	: AMD EPYC 9454 48-Core Processor
flags		: fpu vme de pse tsc msr pae mce cx8 apic sep mtrr pge mca cmov pat pse36 clflush mmx fxsr sse sse2 ht syscall nx mmxext fxsr_opt pdpe1gb rdtscp lm constant_tsc rep_good amd_lbr_v2 nopl nonstop_tsc cpuid extd_apicid aperfmperf pni pclmulqdq monitor ssse3 fma cx16 pcid sse4_1 sse4_2 x2apic movbe popcnt aes xsave avx f16c rdrand lahf_lm cmp_legacy svm extapic cr8_legacy abm sse4a misalignsse 3dnowprefetch osvw ibs skinit wdt tce topoext perfctr_core perfctr_nb bpext perfctr_llc mwaitx cpb cat_l3 cdp_l3 invpcid_single hw_pstate ssbd mba perfmon_v2 ibrs ibpb stibp ibrs_enhanced vmmcall fsgsbase bmi1 avx2 smep bmi2 erms invpcid cqm rdt_a avx512f avx512dq rdseed adx smap avx512ifma clflushopt clwb avx512cd sha_ni avx512bw avx512vl xsaveopt xsavec xgetbv1 xsaves cqm_llc cqm_occup_llc cqm_mbm_total cqm_mbm_local avx512_bf16 clzero irperf xsaveerptr wbnoinvd amd_ppin cppc arat npt lbrv svm_lock nrip_save tsc_scale vmcb_clean flushbyasid decodeassists pausefilter pfthreshold avic v_vmsave_vmload vgif x2avic v_spec_ctrl avx512vbmi umip pku ospke avx512_vbmi2 gfni vaes vpclmulqdq avx512_vnni avx512_bitalg avx512_vpopcntdq la57 rdpid overflow_recov succor smca fsrm flush_l1d

Online cpus: 0-95
Offline cpus: 96-511
BIOS frequency limitation: 2750000
Frequency switch latency (ns): 0
Available cpu frequencies: 2750000 2100000 1500000 
Current governor: performance
Core performance/turbo boost: 1

Memory: 4k page, physical 536870912k(104350324k free), swap 0k(0k free)
Page Sizes: 4k

vm_info: OpenJDK 64-Bit Server VM (17.0.15+6) for linux-amd64 JRE (17.0.15+6), built on Apr 15 2025 00:00:00 by "admin" with gcc 10.3.0

END.
