#
# There is insufficient memory for the Java Runtime Environment to continue.
# Native memory allocation (mmap) failed to map 16777216 bytes. Error detail: committing reserved memory.
# Possible reasons:
#   The system is out of physical RAM or swap space
#   This process is running with CompressedOops enabled, and the Java Heap may be blocking the growth of the native heap
# Possible solutions:
#   Reduce memory load on the system
#   Increase physical memory or swap space
#   Check if swap backing store is full
#   Decrease Java heap size (-Xmx/-Xms)
#   Decrease number of Java threads
#   Decrease Java thread stack sizes (-Xss)
#   Set larger code cache with -XX:ReservedCodeCacheSize=
#   JVM is running with Zero Based Compressed Oops mode in which the Java heap is
#     placed in the first 32GB address space. The Java Heap base address is the
#     maximum limit for the native heap growth. Please use -XX:HeapBaseMinAddress
#     to set the Java Heap base and to place the Java Heap above 32GB virtual address.
# This output file may be truncated or incomplete.
#
#  Out of Memory Error (os_linux.cpp:2832), pid=529753, tid=537117
#
# JRE version: OpenJDK Runtime Environment Temurin-17.0.15+6 (17.0.15+6) (build 17.0.15+6)
# Java VM: OpenJDK 64-Bit Server VM Temurin-17.0.15+6 (17.0.15+6, mixed mode, sharing, tiered, compressed oops, compressed class ptrs, g1 gc, linux-amd64)
# Core dump will be written. Default location: Core dumps may be processed with "/usr/lib/systemd/systemd-coredump %P %u %g %s %t %c %h %e" (or dumping to /sfs/weka/scratch/wxw9rr/artifact/RQ3/OE25-DEV/commons-beanutils-1.9.4/core.529753)
#

---------------  S U M M A R Y ------------

Command Line: -Dclassworlds.conf=/apps/software/standard/core/maven/3.9.0/bin/m2.conf -Dmaven.home=/apps/software/standard/core/maven/3.9.0 -Dlibrary.jansi.path=/apps/software/standard/core/maven/3.9.0/lib/jansi-native -Dmaven.multiModuleProjectDirectory=/scratch/wxw9rr/artifact/RQ3/OE25-DEV/commons-beanutils-1.9.4 -Djava.io.tmpdir=/sfs/weka/scratch/wxw9rr/tmp -javaagent:/sfs/weka/scratch/wxw9rr/tmp/pitest-agent4979172990101562858.jar -ea -Djava.awt.headless=true -XX:+UseG1GC -Djava.io.tmpdir=/sfs/weka/scratch/wxw9rr/tmp org.pitest.mutationtest.execute.MutationTestMinion 36011

Host: AMD EPYC 9454 48-Core Processor, 96 cores, 512G, Rocky Linux release 8.10 (Green Obsidian)
Time: Mon Jan 12 01:34:01 2026 EST elapsed time: 37.320172 seconds (0d 0h 0m 37s)

---------------  T H R E A D  ---------------

Current thread (0x00007ffb1046fdb0):  JavaThread "mutationTestThread" daemon [_thread_in_vm, id=537117, stack(0x00007ffaa1bfd000,0x00007ffaa1cfd000)]

Stack: [0x00007ffaa1bfd000,0x00007ffaa1cfd000],  sp=0x00007ffaa1cfa450,  free space=1013k
Native frames: (J=compiled Java code, j=interpreted, Vv=VM code, C=native code)
V  [libjvm.so+0xee9791]  VMError::report_and_die(int, char const*, char const*, __va_list_tag*, Thread*, unsigned char*, void*, void*, char const*, int, unsigned long)+0x1a1
V  [libjvm.so+0xeea37d]  VMError::report_and_die(Thread*, char const*, int, unsigned long, VMErrorType, char const*, __va_list_tag*)+0x2d
V  [libjvm.so+0x60921c]  report_vm_out_of_memory(char const*, int, unsigned long, VMErrorType, char const*, ...)+0xdc
V  [libjvm.so+0xc26ba8]  os::pd_commit_memory_or_exit(char*, unsigned long, unsigned long, bool, char const*)+0xd8
V  [libjvm.so+0xc205ad]  os::commit_memory_or_exit(char*, unsigned long, unsigned long, bool, char const*)+0x1d
V  [libjvm.so+0x73769e]  G1PageBasedVirtualSpace::commit(unsigned long, unsigned long)+0x18e
V  [libjvm.so+0x74bf61]  G1RegionsLargerThanCommitSizeMapper::commit_regions(unsigned int, unsigned long, WorkGang*)+0x1a1
V  [libjvm.so+0x7de418]  HeapRegionManager::commit_regions(unsigned int, unsigned long, WorkGang*)+0x58
V  [libjvm.so+0x7df677]  HeapRegionManager::expand_exact(unsigned int, unsigned int, WorkGang*)+0xe7
V  [libjvm.so+0x7dfce3]  HeapRegionManager::expand_and_allocate_humongous(unsigned int)+0xb3
V  [libjvm.so+0x6f0a82]  G1CollectedHeap::humongous_obj_allocate(unsigned long)+0x92
V  [libjvm.so+0x6f288b]  G1CollectedHeap::attempt_allocation_humongous(unsigned long)+0x45b
V  [libjvm.so+0xb8054e]  MemAllocator::allocate() const+0x7e
V  [libjvm.so+0xe8e287]  TypeArrayKlass::allocate_common(int, bool, JavaThread*)+0xb7
V  [libjvm.so+0x81fea2]  InterpreterRuntime::newarray(JavaThread*, BasicType, int)+0x22
j  org.apache.commons.beanutils.BeanificationTestCase.testMemoryLeak2()V+175
v  ~StubRoutines::call_stub
V  [libjvm.so+0x82b4e5]  JavaCalls::call_helper(JavaValue*, methodHandle const&, JavaCallArguments*, JavaThread*)+0x315
V  [libjvm.so+0xcb6e31]  invoke(InstanceKlass*, methodHandle const&, Handle, bool, objArrayHandle, BasicType, objArrayHandle, bool, JavaThread*) [clone .constprop.0]+0x521
V  [libjvm.so+0xcb7dc7]  Reflection::invoke_method(oopDesc*, Handle, objArrayHandle, JavaThread*)+0x157
V  [libjvm.so+0x903b97]  JVM_InvokeMethod+0x147
J 1777  jdk.internal.reflect.NativeMethodAccessorImpl.invoke0(Ljava/lang/reflect/Method;Ljava/lang/Object;[Ljava/lang/Object;)Ljava/lang/Object; java.base@17.0.15 (0 bytes) @ 0x00007ffb01071eb8 [0x00007ffb01071dc0+0x00000000000000f8]
J 1944 c1 jdk.internal.reflect.NativeMethodAccessorImpl.invoke(Ljava/lang/Object;[Ljava/lang/Object;)Ljava/lang/Object; java.base@17.0.15 (137 bytes) @ 0x00007ffaf97830ec [0x00007ffaf9782700+0x00000000000009ec]
J 3162 c2 jdk.internal.reflect.DelegatingMethodAccessorImpl.invoke(Ljava/lang/Object;[Ljava/lang/Object;)Ljava/lang/Object; java.base@17.0.15 (10 bytes) @ 0x00007ffb0118c368 [0x00007ffb0118c320+0x0000000000000048]
J 2923 c1 junit.framework.TestCase.runTest()V (134 bytes) @ 0x00007ffaf99e634c [0x00007ffaf99e5840+0x0000000000000b0c]
J 2922 c1 junit.framework.TestCase.runBare()V (73 bytes) @ 0x00007ffaf99e4d34 [0x00007ffaf99e4b80+0x00000000000001b4]
J 2674 c1 junit.framework.TestResult.run(Ljunit/framework/TestCase;)V (27 bytes) @ 0x00007ffaf994cfac [0x00007ffaf994cca0+0x000000000000030c]
J 2919 c1 junit.framework.TestCase.run(Ljunit/framework/TestResult;)V (6 bytes) @ 0x00007ffaf99e324c [0x00007ffaf99e31c0+0x000000000000008c]
J 2913 c1 junit.framework.TestSuite.run(Ljunit/framework/TestResult;)V (47 bytes) @ 0x00007ffaf99df03c [0x00007ffaf99dea40+0x00000000000005fc]
J 2668 c1 org.junit.internal.runners.JUnit38ClassRunner.run(Lorg/junit/runner/notification/RunNotifier;)V (28 bytes) @ 0x00007ffaf994a2cc [0x00007ffaf9949da0+0x000000000000052c]
J 2896 c1 org.pitest.junit.adapter.CustomRunnerExecutor.run()V (38 bytes) @ 0x00007ffaf99d4a1c [0x00007ffaf99d3f20+0x0000000000000afc]
J 2664 c1 org.pitest.junit.adapter.AdaptedJUnitTestUnit.execute(Lorg/pitest/testapi/ResultCollector;)V (76 bytes) @ 0x00007ffaf99440fc [0x00007ffaf99438e0+0x000000000000081c]
J 2662 c1 org.pitest.mutationtest.execute.MutationTimeoutDecorator$$Lambda$127+0x00007ffa540a6da8.run()V (12 bytes) @ 0x00007ffaf99427fc [0x00007ffaf9942600+0x00000000000001fc]
J 2660 c1 java.util.concurrent.FutureTask.run()V java.base@17.0.15 (123 bytes) @ 0x00007ffaf9945fe4 [0x00007ffaf9945780+0x0000000000000864]
J 2650 c1 java.lang.Thread.run()V java.base@17.0.15 (17 bytes) @ 0x00007ffaf993a87c [0x00007ffaf993a740+0x000000000000013c]
v  ~StubRoutines::call_stub
V  [libjvm.so+0x82b4e5]  JavaCalls::call_helper(JavaValue*, methodHandle const&, JavaCallArguments*, JavaThread*)+0x315
V  [libjvm.so+0x82ccdb]  JavaCalls::call_virtual(JavaValue*, Handle, Klass*, Symbol*, Symbol*, JavaThread*)+0x1cb
V  [libjvm.so+0x8f86c3]  thread_entry(JavaThread*, JavaThread*)+0xa3
V  [libjvm.so+0xe689f6]  JavaThread::thread_main_inner()+0x196
V  [libjvm.so+0xe6c2ca]  Thread::call_run()+0xaa
V  [libjvm.so+0xc29413]  thread_native_entry(Thread*)+0xe3

Java frames: (J=compiled Java code, j=interpreted, Vv=VM code)
j  org.apache.commons.beanutils.BeanificationTestCase.testMemoryLeak2()V+175
v  ~StubRoutines::call_stub
J 1777  jdk.internal.reflect.NativeMethodAccessorImpl.invoke0(Ljava/lang/reflect/Method;Ljava/lang/Object;[Ljava/lang/Object;)Ljava/lang/Object; java.base@17.0.15 (0 bytes) @ 0x00007ffb01071e3f [0x00007ffb01071dc0+0x000000000000007f]
J 1944 c1 jdk.internal.reflect.NativeMethodAccessorImpl.invoke(Ljava/lang/Object;[Ljava/lang/Object;)Ljava/lang/Object; java.base@17.0.15 (137 bytes) @ 0x00007ffaf97830ec [0x00007ffaf9782700+0x00000000000009ec]
J 3162 c2 jdk.internal.reflect.DelegatingMethodAccessorImpl.invoke(Ljava/lang/Object;[Ljava/lang/Object;)Ljava/lang/Object; java.base@17.0.15 (10 bytes) @ 0x00007ffb0118c368 [0x00007ffb0118c320+0x0000000000000048]
J 2923 c1 junit.framework.TestCase.runTest()V (134 bytes) @ 0x00007ffaf99e634c [0x00007ffaf99e5840+0x0000000000000b0c]
J 2922 c1 junit.framework.TestCase.runBare()V (73 bytes) @ 0x00007ffaf99e4d34 [0x00007ffaf99e4b80+0x00000000000001b4]
J 2674 c1 junit.framework.TestResult.run(Ljunit/framework/TestCase;)V (27 bytes) @ 0x00007ffaf994cfac [0x00007ffaf994cca0+0x000000000000030c]
J 2919 c1 junit.framework.TestCase.run(Ljunit/framework/TestResult;)V (6 bytes) @ 0x00007ffaf99e324c [0x00007ffaf99e31c0+0x000000000000008c]
J 2913 c1 junit.framework.TestSuite.run(Ljunit/framework/TestResult;)V (47 bytes) @ 0x00007ffaf99df03c [0x00007ffaf99dea40+0x00000000000005fc]
J 2668 c1 org.junit.internal.runners.JUnit38ClassRunner.run(Lorg/junit/runner/notification/RunNotifier;)V (28 bytes) @ 0x00007ffaf994a2cc [0x00007ffaf9949da0+0x000000000000052c]
J 2896 c1 org.pitest.junit.adapter.CustomRunnerExecutor.run()V (38 bytes) @ 0x00007ffaf99d4a1c [0x00007ffaf99d3f20+0x0000000000000afc]
J 2664 c1 org.pitest.junit.adapter.AdaptedJUnitTestUnit.execute(Lorg/pitest/testapi/ResultCollector;)V (76 bytes) @ 0x00007ffaf99440fc [0x00007ffaf99438e0+0x000000000000081c]
J 2662 c1 org.pitest.mutationtest.execute.MutationTimeoutDecorator$$Lambda$127+0x00007ffa540a6da8.run()V (12 bytes) @ 0x00007ffaf99427fc [0x00007ffaf9942600+0x00000000000001fc]
J 2660 c1 java.util.concurrent.FutureTask.run()V java.base@17.0.15 (123 bytes) @ 0x00007ffaf9945fe4 [0x00007ffaf9945780+0x0000000000000864]
J 2650 c1 java.lang.Thread.run()V java.base@17.0.15 (17 bytes) @ 0x00007ffaf993a87c [0x00007ffaf993a740+0x000000000000013c]
v  ~StubRoutines::call_stub

Compiled method (n/a)   37416 1777     n 0       jdk.internal.reflect.NativeMethodAccessorImpl::invoke0 (native)
 total in heap  [0x00007ffb01071c10,0x00007ffb01072058] = 1096
 relocation     [0x00007ffb01071d70,0x00007ffb01071da8] = 56
 main code      [0x00007ffb01071dc0,0x00007ffb01072058] = 664

[Constant Pool (empty)]

[MachCode]
[Entry Point]
  # {method} {0x00007ffa531c66a0} 'invoke0' '(Ljava/lang/reflect/Method;Ljava/lang/Object;[Ljava/lang/Object;)Ljava/lang/Object;' in 'jdk/internal/reflect/NativeMethodAccessorImpl'
  # parm0:    rsi:rsi   = 'java/lang/reflect/Method'
  # parm1:    rdx:rdx   = 'java/lang/Object'
  # parm2:    rcx:rcx   = '[Ljava/lang/Object;'
  #           [sp+0x50]  (sp of caller)
  0x00007ffb01071dc0: 448b 5608 | 49bb 0000 | 0053 fa7f | 0000 4d03 | d349 3bc2 | 0f84 0600 

  0x00007ffb01071dd8: ;   {runtime_call ic_miss_stub}
  0x00007ffb01071dd8: 0000 e9a1 | c383 ff90 
[Verified Entry Point]
  0x00007ffb01071de0: 8984 2400 | c0fe ff55 | 488b ec48 | 83ec 4048 | 894c 2410 | 4883 f900 | 4c8d 4424 | 104c 0f44 
  0x00007ffb01071e00: 4424 1048 | 8954 2408 | 4883 fa00 | 488d 4c24 | 0848 0f44 | 4c24 0848 | 8934 2448 | 83fe 0048 
  0x00007ffb01071e20: 8d14 2448 | 0f44 1424 

  0x00007ffb01071e28: ;   {oop(a 'java/lang/Class'{0x00000007fef16ec8} = 'jdk/internal/reflect/NativeMethodAccessorImpl')}
  0x00007ffb01071e28: 49be c86e | f1fe 0700 | 0000 4c89 | 7424 304c | 8d74 2430 | 498b f6c5 

  0x00007ffb01071e40: ;   {internal_word}
  0x00007ffb01071e40: f877 49ba | 3f1e 0701 | fb7f 0000 | 4d89 9798 | 0200 0049 | 89a7 9002 

  0x00007ffb01071e58: ;   {external_word}
  0x00007ffb01071e58: 0000 803d | e4e2 4b16 | 000f 843a | 0000 0056 | 5251 4150 

  0x00007ffb01071e6c: ;   {metadata({method} {0x00007ffa531c66a0} 'invoke0' '(Ljava/lang/reflect/Method;Ljava/lang/Object;[Ljava/lang/Object;)Ljava/lang/Object;' in 'jdk/internal/reflect/NativeMethodAccessorImpl')}
  0x00007ffb01071e6c: 48be a066 | 1c53 fa7f | 0000 498b | fff7 c40f | 0000 000f | 8412 0000 | 0048 83ec 

  0x00007ffb01071e88: ;   {runtime_call SharedRuntime::dtrace_method_entry(JavaThread*, Method*)}
  0x00007ffb01071e88: 08e8 4228 | e915 4883 | c408 e905 

  0x00007ffb01071e94: ;   {runtime_call SharedRuntime::dtrace_method_entry(JavaThread*, Method*)}
  0x00007ffb01071e94: 0000 00e8 | 3428 e915 | 4158 595a | 5e49 8dbf | b002 0000 | 41c7 8738 | 0300 0004 

  0x00007ffb01071eb0: ;   {runtime_call Java_jdk_internal_reflect_NativeMethodAccessorImpl_invoke0}
  0x00007ffb01071eb0: 0000 00e8 | 58c6 db16 | c5f8 7741 | c787 3803 | 0000 0500 | 0000 f083 | 4424 c000 | 493b af40 
  0x00007ffb01071ed0: 0300 000f | 8711 0000 | 0041 81bf | 2803 0000 | 0000 0000 | 0f84 2400 | 0000 c5f8 | 7748 8945 
  0x00007ffb01071ef0: f849 8bff | 4c8b e448 | 83ec 0048 

  0x00007ffb01071efc: ;   {runtime_call JavaThread::check_special_condition_for_native_trans(JavaThread*)}
  0x00007ffb01071efc: 83e4 f0e8 | acea 0116 | 498b e44d | 33e4 488b | 45f8 41c7 | 8738 0300 | 0008 0000 | 0041 81bf 
  0x00007ffb01071f1c: a803 0000 | 0200 0000 | 0f84 0801 

  0x00007ffb01071f28: ;   {external_word}
  0x00007ffb01071f28: 0000 803d | 14e2 4b16 | 000f 8438 | 0000 0048 

  0x00007ffb01071f38: ;   {metadata({method} {0x00007ffa531c66a0} 'invoke0' '(Ljava/lang/reflect/Method;Ljava/lang/Object;[Ljava/lang/Object;)Ljava/lang/Object;' in 'jdk/internal/reflect/NativeMethodAccessorImpl')}
  0x00007ffb01071f38: 8945 f848 | bea0 661c | 53fa 7f00 | 0049 8bff | f7c4 0f00 | 0000 0f84 | 1200 0000 | 4883 ec08 
  0x00007ffb01071f58: ;   {runtime_call SharedRuntime::dtrace_method_exit(JavaThread*, Method*)}
  0x00007ffb01071f58: e823 28e9 | 1548 83c4 | 08e9 0500 

  0x00007ffb01071f64: ;   {runtime_call SharedRuntime::dtrace_method_exit(JavaThread*, Method*)}
  0x00007ffb01071f64: 0000 e815 | 28e9 1548 | 8b45 f849 | c787 9002 | 0000 0000 | 0000 49c7 | 8798 0200 | 0000 0000 
  0x00007ffb01071f84: 00c5 f877 | 4885 c00f | 847b 0000 | 0048 f7c0 | 0100 0000 | 0f84 6b00 | 0000 488b | 40ff 4180 
  0x00007ffb01071fa4: 7f38 000f | 8457 0000 | 0048 83f8 | 000f 844d | 0000 0049 | 8b4f 2048 | 83f9 000f | 8414 0000 
  0x00007ffb01071fc4: 0048 83e9 | 0849 894f | 2049 034f | 3048 8901 | e92b 0000 | 0050 498b | f748 8bf8 | f7c4 0f00 
  0x00007ffb01071fe4: 0000 0f84 | 1200 0000 | 4883 ec08 

  0x00007ffb01071ff0: ;   {runtime_call G1BarrierSetRuntime::write_ref_field_pre_entry(oopDesc*, JavaThread*)}
  0x00007ffb01071ff0: e82b 9488 | 1548 83c4 | 08e9 0500 

  0x00007ffb01071ffc: ;   {runtime_call G1BarrierSetRuntime::write_ref_field_pre_entry(oopDesc*, JavaThread*)}
  0x00007ffb01071ffc: 0000 e81d | 9488 1558 | e903 0000 | 0048 8b00 | 498b 8fd8 | 0000 00c7 | 8100 0100 | 0000 0000 
  0x00007ffb0107201c: 00c9 4981 | 7f08 0000 | 0000 0f85 | 0100 0000 

  0x00007ffb0107202c: ;   {runtime_call StubRoutines (1)}
  0x00007ffb0107202c: c3e9 cebb | 7eff c5f8 | 7748 8945 | f84c 8be4 | 4883 ec00 | 4883 e4f0 

  0x00007ffb01072044: ;   {runtime_call SharedRuntime::reguard_yellow_pages()}
  0x00007ffb01072044: e8a7 35e9 | 1549 8be4 | 4d33 e448 | 8b45 f8e9 | d2fe ffff 
[/MachCode]


Compiled method (c1)   37421 1944   !   3       jdk.internal.reflect.NativeMethodAccessorImpl::invoke (137 bytes)
 total in heap  [0x00007ffaf9782490,0x00007ffaf9783890] = 5120
 relocation     [0x00007ffaf97825f0,0x00007ffaf97826e8] = 248
 main code      [0x00007ffaf9782700,0x00007ffaf9783300] = 3072
 stub code      [0x00007ffaf9783300,0x00007ffaf9783380] = 128
 metadata       [0x00007ffaf9783380,0x00007ffaf97833f8] = 120
 scopes data    [0x00007ffaf97833f8,0x00007ffaf9783550] = 344
 scopes pcs     [0x00007ffaf9783550,0x00007ffaf97836f0] = 416
 dependencies   [0x00007ffaf97836f0,0x00007ffaf9783710] = 32
 handler table  [0x00007ffaf9783710,0x00007ffaf9783848] = 312
 nul chk table  [0x00007ffaf9783848,0x00007ffaf9783890] = 72

[Constant Pool (empty)]

[MachCode]
[Entry Point]
  # {method} {0x00007ffa531c6170} 'invoke' '(Ljava/lang/Object;[Ljava/lang/Object;)Ljava/lang/Object;' in 'jdk/internal/reflect/NativeMethodAccessorImpl'
  # this:     rsi:rsi   = 'jdk/internal/reflect/NativeMethodAccessorImpl'
  # parm0:    rdx:rdx   = 'java/lang/Object'
  # parm1:    rcx:rcx   = '[Ljava/lang/Object;'
  #           [sp+0xd0]  (sp of caller)
  0x00007ffaf9782700: 448b 5608 | 49bb 0000 | 0053 fa7f | 0000 4d03 | d34c 3bd0 

  0x00007ffaf9782714: ;   {runtime_call ic_miss_stub}
  0x00007ffaf9782714: 0f85 66ba | 1207 660f | 1f44 0000 
[Verified Entry Point]
  0x00007ffaf9782720: 8984 2400 | c0fe ff55 | 4881 ecc0 | 0000 0048 | 8974 2470 

  0x00007ffaf9782734: ;   {metadata(method data for {method} {0x00007ffa531c6170} 'invoke' '(Ljava/lang/Object;[Ljava/lang/Object;)Ljava/lang/Object;' in 'jdk/internal/reflect/NativeMethodAccessorImpl')}
  0x00007ffaf9782734: 48bf 10b6 | 3998 fa7f | 0000 8b9f | f400 0000 | 83c3 0289 | 9ff4 0000 | 0081 e3fe | 0700 0083 
  0x00007ffaf9782754: fb00 0f84 | d909 0000 | 8b7e 0cff | c789 7e0c 

  0x00007ffaf9782764: ;   {metadata(method data for {method} {0x00007ffa531c6170} 'invoke' '(Ljava/lang/Object;[Ljava/lang/Object;)Ljava/lang/Object;' in 'jdk/internal/reflect/NativeMethodAccessorImpl')}
  0x00007ffaf9782764: 48bb 10b6 | 3998 fa7f | 0000 4883 | 8338 0100 

  0x00007ffaf9782774: ;   {metadata(method data for {method} {0x00007ffa533d7fb0} 'inflationThreshold' '()I' in 'jdk/internal/reflect/ReflectionFactory')}
  0x00007ffaf9782774: 0001 48bb | 10d0 2b98 | fa7f 0000 | 8b83 f400 | 0000 83c0 | 0289 83f4 | 0000 0081 | e0fe ff1f 
  0x00007ffaf9782794: 0083 f800 | 0f84 b809 

  0x00007ffaf978279c: ;   {oop(a 'java/lang/Class'{0x00000007fef099d8} = 'jdk/internal/reflect/ReflectionFactory')}
  0x00007ffaf978279c: 0000 48bb | d899 f0fe | 0700 0000 | 8b5b 783b 

  0x00007ffaf97827ac: ;   {metadata(method data for {method} {0x00007ffa531c6170} 'invoke' '(Ljava/lang/Object;[Ljava/lang/Object;)Ljava/lang/Object;' in 'jdk/internal/reflect/NativeMethodAccessorImpl')}
  0x00007ffaf97827ac: fb48 bf10 | b639 98fa | 7f00 0048 | c7c3 5801 | 0000 0f8f | 0700 0000 | 48c7 c348 | 0100 0048 
  0x00007ffaf97827cc: 8b04 1f48 | 8d40 0148 | 8904 1f0f | 8f08 0000 | 0048 8bfe | e9e8 0800 | 0048 898c | 2480 0000 
  0x00007ffaf97827ec: 0048 8954 | 2478 8b7e | 1448 c1e7 | 0348 3b07 

  0x00007ffaf97827fc: ;   {metadata(method data for {method} {0x00007ffa531c6170} 'invoke' '(Ljava/lang/Object;[Ljava/lang/Object;)Ljava/lang/Object;' in 'jdk/internal/reflect/NativeMethodAccessorImpl')}
  0x00007ffaf97827fc: 488b df48 | b810 b639 | 98fa 7f00 | 0048 8380 | 6801 0000 | 018b 7f24 | 48c1 e703 

  0x00007ffaf9782818: ; implicit exception: dispatches to 0x00007ffaf978317c
  0x00007ffaf9782818: 483b 0748 

  0x00007ffaf978281c: ;   {metadata(method data for {method} {0x00007ffa531c6170} 'invoke' '(Ljava/lang/Object;[Ljava/lang/Object;)Ljava/lang/Object;' in 'jdk/internal/reflect/NativeMethodAccessorImpl')}
  0x00007ffaf978281c: 8bdf 48b8 | 10b6 3998 | fa7f 0000 | 4883 80a0 | 0100 0001 | 488b f70f 

  0x00007ffaf9782834: ;   {optimized virtual_call}
  0x00007ffaf9782834: 1f40 00e8 

  0x00007ffaf9782838: ; ImmutableOopMap {[112]=Oop [128]=Oop [120]=Oop }
                      ;*invokevirtual isHidden {reexecute=0 rethrow=0 return_oop=0}
                      ; - jdk.internal.reflect.NativeMethodAccessorImpl::invoke@24 (line 57)
  0x00007ffaf9782838: 04ca 8307 

  0x00007ffaf978283c: ;   {metadata(method data for {method} {0x00007ffa531c6170} 'invoke' '(Ljava/lang/Object;[Ljava/lang/Object;)Ljava/lang/Object;' in 'jdk/internal/reflect/NativeMethodAccessorImpl')}
  0x00007ffaf978283c: 83f8 0048 | b810 b639 | 98fa 7f00 | 0048 c7c2 | e801 0000 | 0f84 0700 | 0000 48c7 | c2d8 0100 
  0x00007ffaf978285c: 0048 8b34 | 1048 8d76 | 0148 8934 | 100f 8417 | 0000 0048 | 8b8c 2480 | 0000 0048 | 8b54 2478 
  0x00007ffaf978287c: 488b 7c24 | 70e9 4708 | 0000 488b | 7424 708b | 4610 83f8 

  0x00007ffaf9782890: ;   {metadata(method data for {method} {0x00007ffa531c6170} 'invoke' '(Ljava/lang/Object;[Ljava/lang/Object;)Ljava/lang/Object;' in 'jdk/internal/reflect/NativeMethodAccessorImpl')}
  0x00007ffaf9782890: 0048 b810 | b639 98fa | 7f00 0048 | c7c2 0802 | 0000 0f84 | 0700 0000 | 48c7 c2f8 | 0100 0048 
  0x00007ffaf97828b0: 8b3c 1048 | 8d7f 0148 | 893c 100f | 8415 0000 | 0048 8b8c | 2480 0000 | 0048 8b54 | 2478 488b 
  0x00007ffaf97828d0: fee9 f707 | 0000 488d | 5610 b800 | 0000 00bf | 0100 0000 | f00f b13a | ba01 0000 | 000f 8405 
  0x00007ffaf97828f0: 0000 00ba | 0000 0000 

  0x00007ffaf97828f8: ;   {metadata(method data for {method} {0x00007ffa531c6170} 'invoke' '(Ljava/lang/Object;[Ljava/lang/Object;)Ljava/lang/Object;' in 'jdk/internal/reflect/NativeMethodAccessorImpl')}
  0x00007ffaf97828f8: 83fa 0048 | ba10 b639 | 98fa 7f00 | 0048 c7c7 | 6002 0000 | 0f85 0700 | 0000 48c7 | c750 0200 
  0x00007ffaf9782918: 0048 8b04 | 3a48 8d40 | 0148 8904 | 3a0f 8515 | 0000 0048 | 8b8c 2480 | 0000 0048 | 8b54 2478 
  0x00007ffaf9782938: 488b fee9 | 8d07 0000 

  0x00007ffaf9782940: ;   {metadata('jdk/internal/reflect/MethodAccessorGenerator')}
  0x00007ffaf9782940: 48ba b8c3 | 0654 fa7f | 0000 488b | de49 8b87 | 0801 0000 | 488d b890 | 0000 0049 | 3bbf 1801 
  0x00007ffaf9782960: 0000 0f87 | 1908 0000 | 4989 bf08 | 0100 0048 | c700 0100 | 0000 488b | ca49 ba00 | 0000 53fa 
  0x00007ffaf9782980: 7f00 0049 | 2bca 8948 | 0848 33c9 | 8948 0c48 | 33c9 48bf | 1000 0000 | 0000 0000 | 4889 4cf8 
  0x00007ffaf97829a0: 0848 ffcf | 75f6 488b 

  0x00007ffaf97829a8: ;   {metadata(method data for {method} {0x00007ffa531c6170} 'invoke' '(Ljava/lang/Object;[Ljava/lang/Object;)Ljava/lang/Object;' in 'jdk/internal/reflect/NativeMethodAccessorImpl')}
  0x00007ffaf97829a8: f048 bf10 | b639 98fa | 7f00 0048 | 8387 7002 

  0x00007ffaf97829b8: ;   {metadata(method data for {method} {0x00007ffa981b1c80} '<init>' '()V' in 'jdk/internal/reflect/MethodAccessorGenerator')}
  0x00007ffaf97829b8: 0000 0148 | be60 d12b | 98fa 7f00 | 008b bef4 | 0000 0083 | c702 89be | f400 0000 | 81e7 feff 
  0x00007ffaf97829d8: 1f00 83ff | 000f 84ab | 0700 0048 

  0x00007ffaf97829e4: ;   {metadata(method data for {method} {0x00007ffa981b1c80} '<init>' '()V' in 'jdk/internal/reflect/MethodAccessorGenerator')}
  0x00007ffaf97829e4: 8bf0 48bf | 60d1 2b98 | fa7f 0000 | 4883 8738 | 0100 0001 

  0x00007ffaf97829f8: ;   {metadata(method data for {method} {0x00007ffa981b50e8} '<init>' '()V' in 'jdk/internal/reflect/AccessorGenerator')}
  0x00007ffaf97829f8: 48be c8d2 | 2b98 fa7f | 0000 8bbe | f400 0000 | 83c7 0289 | bef4 0000 | 0081 e7fe | ff1f 0083 
  0x00007ffaf9782a18: ff00 0f84 | 8f07 0000 

  0x00007ffaf9782a20: ;   {metadata(method data for {method} {0x00007ffa981b50e8} '<init>' '()V' in 'jdk/internal/reflect/AccessorGenerator')}
  0x00007ffaf9782a20: 488b f048 | bfc8 d22b | 98fa 7f00 | 0048 8387 | 3801 0000 

  0x00007ffaf9782a34: ;   {metadata(method data for {method} {0x00007ffa53445468} '<init>' '()V' in 'java/lang/Object')}
  0x00007ffaf9782a34: 0148 bec0 | c600 98fa | 7f00 008b | bef4 0000 | 0083 c702 | 89be f400 | 0000 81e7 | feff 1f00 
  0x00007ffaf9782a54: 83ff 000f | 8473 0700 | 00be 1e00 | 0000 6689 | 706a be49 | 0000 0066 | 8970 6c8b | 7314 48c1 
  0x00007ffaf9782a74: e603 483b | 0648 8bfe 

  0x00007ffaf9782a7c: ;   {metadata(method data for {method} {0x00007ffa531c6170} 'invoke' '(Ljava/lang/Object;[Ljava/lang/Object;)Ljava/lang/Object;' in 'jdk/internal/reflect/NativeMethodAccessorImpl')}
  0x00007ffaf9782a7c: 48ba 10b6 | 3998 fa7f | 0000 4883 | 8280 0200 | 0001 8b7e | 2448 c1e7 | 0348 8bd6 

  0x00007ffaf9782a98: ;   {metadata(method data for {method} {0x00007ffa531c6170} 'invoke' '(Ljava/lang/Object;[Ljava/lang/Object;)Ljava/lang/Object;' in 'jdk/internal/reflect/NativeMethodAccessorImpl')}
  0x00007ffaf9782a98: 48b9 10b6 | 3998 fa7f | 0000 4883 | 81b8 0200 | 0001 8b56 | 2848 c1e2 | 0348 8bce 

  0x00007ffaf9782ab4: ;   {metadata(method data for {method} {0x00007ffa531c6170} 'invoke' '(Ljava/lang/Object;[Ljava/lang/Object;)Ljava/lang/Object;' in 'jdk/internal/reflect/NativeMethodAccessorImpl')}
  0x00007ffaf9782ab4: 49b8 10b6 | 3998 fa7f | 0000 4983 | 80f0 0200 

  0x00007ffaf9782ac4: ;   {metadata(method data for {method} {0x00007ffa530517f8} 'getParameterTypes' '()[Ljava/lang/Class;' in 'java/lang/reflect/Method')}
  0x00007ffaf9782ac4: 0001 48b9 | a0d6 2898 | fa7f 0000 | 448b 81f4 | 0000 0041 | 83c0 0244 | 8981 f400 | 0000 4181 
  0x00007ffaf9782ae4: e0fe ff1f | 0041 83f8 | 000f 8403 | 0700 008b | 7630 48c1 | e603 483b | 0648 8bce 

  0x00007ffaf9782b00: ;   {metadata(method data for {method} {0x00007ffa530517f8} 'getParameterTypes' '()[Ljava/lang/Class;' in 'java/lang/reflect/Method')}
  0x00007ffaf9782b00: 49b8 a0d6 | 2898 fa7f | 0000 8b49 | 0849 ba00 | 0000 53fa | 7f00 0049 | 03ca 493b | 8848 0100 
  0x00007ffaf9782b20: 0075 0d49 | 8380 5001 | 0000 01e9 | 6600 0000 | 493b 8858 | 0100 0075 | 0d49 8380 | 6001 0000 
  0x00007ffaf9782b40: 01e9 5000 | 0000 4981 | b848 0100 | 0000 0000 | 0075 1749 | 8988 4801 | 0000 49c7 | 8050 0100 
  0x00007ffaf9782b60: 0001 0000 | 00e9 2c00 | 0000 4981 | b858 0100 | 0000 0000 | 0075 1749 | 8988 5801 | 0000 49c7 
  0x00007ffaf9782b80: 8060 0100 | 0001 0000 | 00e9 0800 | 0000 4983 | 8038 0100 | 0001 4889 | 9424 9800 | 0000 4889 
  0x00007ffaf9782ba0: bc24 9000 | 0000 4889 | 8424 8800 | 0000 0f1f | 8000 0000 | 0048 b8b8 | 1c00 53fa 

  0x00007ffaf9782bbc: ;   {virtual_call}
  0x00007ffaf9782bbc: 7f00 00e8 

  0x00007ffaf9782bc0: ; ImmutableOopMap {[128]=Oop [120]=Oop [152]=Oop [144]=Oop [136]=Oop [112]=Oop }
                      ;*invokevirtual clone {reexecute=0 rethrow=0 return_oop=0}
                      ; - java.lang.reflect.Method::getParameterTypes@4 (line 315)
                      ; - jdk.internal.reflect.NativeMethodAccessorImpl::invoke@77 (line 65)
  0x00007ffaf9782bc0: fcf3 8107 | 4883 f800 

  0x00007ffaf9782bc8: ;   {metadata(method data for {method} {0x00007ffa530517f8} 'getParameterTypes' '()[Ljava/lang/Class;' in 'java/lang/reflect/Method')}
  0x00007ffaf9782bc8: 7516 48bb | a0d6 2898 | fa7f 0000 | 808b 6901 | 0000 01e9 | d300 0000 

  0x00007ffaf9782be0: ;   {metadata('java/lang/Class'[])}
  0x00007ffaf9782be0: 48bf b81c | 0053 fa7f | 0000 8b58 | 0849 ba00 | 0000 53fa | 7f00 0049 | 03da 483b | 7b40 0f85 
  0x00007ffaf9782c00: 9300 0000 

  0x00007ffaf9782c04: ;   {metadata(method data for {method} {0x00007ffa530517f8} 'getParameterTypes' '()[Ljava/lang/Class;' in 'java/lang/reflect/Method')}
  0x00007ffaf9782c04: 48bb a0d6 | 2898 fa7f | 0000 8b78 | 0849 ba00 | 0000 53fa | 7f00 0049 | 03fa 483b | bb80 0100 
  0x00007ffaf9782c24: 0075 0d48 | 8383 8801 | 0000 01e9 | 7f00 0000 | 483b bb90 | 0100 0075 | 0d48 8383 | 9801 0000 
  0x00007ffaf9782c44: 01e9 6900 | 0000 4881 | bb80 0100 | 0000 0000 | 0075 1748 | 89bb 8001 | 0000 48c7 | 8388 0100 
  0x00007ffaf9782c64: 0001 0000 | 00e9 4500 | 0000 4881 | bb90 0100 | 0000 0000 | 0075 1748 | 89bb 9001 | 0000 48c7 
  0x00007ffaf9782c84: 8398 0100 | 0001 0000 | 00e9 2100 | 0000 e91c 

  0x00007ffaf9782c94: ;   {metadata(method data for {method} {0x00007ffa530517f8} 'getParameterTypes' '()[Ljava/lang/Class;' in 'java/lang/reflect/Method')}
  0x00007ffaf9782c94: 0000 0048 | bba0 d628 | 98fa 7f00 | 0048 83ab | 7001 0000 | 01e9 6e05 | 0000 e900 | 0000 0048 
  0x00007ffaf9782cb4: 8bf8 488b | 7424 708b | 5e14 48c1 | e303 483b | 0348 8bc3 

  0x00007ffaf9782cc8: ;   {metadata(method data for {method} {0x00007ffa531c6170} 'invoke' '(Ljava/lang/Object;[Ljava/lang/Object;)Ljava/lang/Object;' in 'jdk/internal/reflect/NativeMethodAccessorImpl')}
  0x00007ffaf9782cc8: 48ba 10b6 | 3998 fa7f | 0000 4883 | 8228 0300 | 0001 8b43 | 2c48 c1e0 | 0348 8bd3 

  0x00007ffaf9782ce4: ;   {metadata(method data for {method} {0x00007ffa531c6170} 'invoke' '(Ljava/lang/Object;[Ljava/lang/Object;)Ljava/lang/Object;' in 'jdk/internal/reflect/NativeMethodAccessorImpl')}
  0x00007ffaf9782ce4: 48b9 10b6 | 3998 fa7f | 0000 4883 | 8160 0300 

  0x00007ffaf9782cf4: ;   {metadata(method data for {method} {0x00007ffa53051f98} 'getExceptionTypes' '()[Ljava/lang/Class;' in 'java/lang/reflect/Method')}
  0x00007ffaf9782cf4: 0001 48ba | 18bb 3998 | fa7f 0000 | 8b8a f400 | 0000 83c1 | 0289 8af4 | 0000 0081 | e1fe ff1f 
  0x00007ffaf9782d14: 0083 f900 | 0f84 0c05 | 0000 8b5b | 3448 c1e3 | 0348 3b03 

  0x00007ffaf9782d28: ;   {metadata(method data for {method} {0x00007ffa53051f98} 'getExceptionTypes' '()[Ljava/lang/Class;' in 'java/lang/reflect/Method')}
  0x00007ffaf9782d28: 488b d348 | b918 bb39 | 98fa 7f00 | 008b 5208 | 49ba 0000 | 0053 fa7f | 0000 4903 | d248 3b91 
  0x00007ffaf9782d48: 4801 0000 | 750d 4883 | 8150 0100 | 0001 e966 | 0000 0048 | 3b91 5801 | 0000 750d | 4883 8160 
  0x00007ffaf9782d68: 0100 0001 | e950 0000 | 0048 81b9 | 4801 0000 | 0000 0000 | 7517 4889 | 9148 0100 | 0048 c781 
  0x00007ffaf9782d88: 5001 0000 | 0100 0000 | e92c 0000 | 0048 81b9 | 5801 0000 | 0000 0000 | 7517 4889 | 9158 0100 
  0x00007ffaf9782da8: 0048 c781 | 6001 0000 | 0100 0000 | e908 0000 | 0048 8381 | 3801 0000 | 0148 8bf3 | 4889 8424 
  0x00007ffaf9782dc8: a800 0000 | 4889 bc24 | a000 0000 | 9048 b8b8 | 1c00 53fa 

  0x00007ffaf9782ddc: ;   {virtual_call}
  0x00007ffaf9782ddc: 7f00 00e8 

  0x00007ffaf9782de0: ; ImmutableOopMap {[128]=Oop [120]=Oop [152]=Oop [144]=Oop [136]=Oop [112]=Oop [168]=Oop [160]=Oop }
                      ;*invokevirtual clone {reexecute=0 rethrow=0 return_oop=0}
                      ; - java.lang.reflect.Method::getExceptionTypes@4 (line 342)
                      ; - jdk.internal.reflect.NativeMethodAccessorImpl::invoke@91 (line 67)
  0x00007ffaf9782de0: dcf1 8107 | 4883 f800 

  0x00007ffaf9782de8: ;   {metadata(method data for {method} {0x00007ffa53051f98} 'getExceptionTypes' '()[Ljava/lang/Class;' in 'java/lang/reflect/Method')}
  0x00007ffaf9782de8: 7516 48b9 | 18bb 3998 | fa7f 0000 | 8089 6901 | 0000 01e9 | d400 0000 

  0x00007ffaf9782e00: ;   {metadata('java/lang/Class'[])}
  0x00007ffaf9782e00: 49b8 b81c | 0053 fa7f | 0000 8b48 | 0849 ba00 | 0000 53fa | 7f00 0049 | 03ca 4c3b | 4140 0f85 
  0x00007ffaf9782e20: 9400 0000 

  0x00007ffaf9782e24: ;   {metadata(method data for {method} {0x00007ffa53051f98} 'getExceptionTypes' '()[Ljava/lang/Class;' in 'java/lang/reflect/Method')}
  0x00007ffaf9782e24: 48b9 18bb | 3998 fa7f | 0000 448b | 4008 49ba | 0000 0053 | fa7f 0000 | 4d03 c24c | 3b81 8001 
  0x00007ffaf9782e44: 0000 750d | 4883 8188 | 0100 0001 | e97f 0000 | 004c 3b81 | 9001 0000 | 750d 4883 | 8198 0100 
  0x00007ffaf9782e64: 0001 e969 | 0000 0048 | 81b9 8001 | 0000 0000 | 0000 7517 | 4c89 8180 | 0100 0048 | c781 8801 
  0x00007ffaf9782e84: 0000 0100 | 0000 e945 | 0000 0048 | 81b9 9001 | 0000 0000 | 0000 7517 | 4c89 8190 | 0100 0048 
  0x00007ffaf9782ea4: c781 9801 | 0000 0100 | 0000 e921 | 0000 00e9 | 1c00 0000 

  0x00007ffaf9782eb8: ;   {metadata(method data for {method} {0x00007ffa53051f98} 'getExceptionTypes' '()[Ljava/lang/Class;' in 'java/lang/reflect/Method')}
  0x00007ffaf9782eb8: 48b9 18bb | 3998 fa7f | 0000 4883 | a970 0100 | 0001 e981 | 0300 00e9 | 0000 0000 | 488b f848 
  0x00007ffaf9782ed8: 8b74 2470 | 8b56 1448 | c1e2 0348 | 3b02 488b 

  0x00007ffaf9782ee8: ;   {metadata(method data for {method} {0x00007ffa531c6170} 'invoke' '(Ljava/lang/Object;[Ljava/lang/Object;)Ljava/lang/Object;' in 'jdk/internal/reflect/NativeMethodAccessorImpl')}
  0x00007ffaf9782ee8: ca49 b810 | b639 98fa | 7f00 0049 | 8380 9803 | 0000 018b | 5a20 488b | 8424 8800 

  0x00007ffaf9782f04: ;   {metadata(method data for {method} {0x00007ffa531c6170} 'invoke' '(Ljava/lang/Object;[Ljava/lang/Object;)Ljava/lang/Object;' in 'jdk/internal/reflect/NativeMethodAccessorImpl')}
  0x00007ffaf9782f04: 0000 48ba | 10b6 3998 | fa7f 0000 

  0x00007ffaf9782f10: ;   {metadata('jdk/internal/reflect/MethodAccessorGenerator')}
  0x00007ffaf9782f10: 49ba b8c3 | 0654 fa7f | 0000 4c89 | 92e0 0300 | 0048 8382 | e803 0000 | 0148 8b94 | 2490 0000 
  0x00007ffaf9782f30: 0048 8b8c | 2498 0000 | 004c 8b84 | 24a0 0000 | 004c 8b8c | 24a8 0000 | 0089 1c24 | 488b b424 
  0x00007ffaf9782f50: 8800 0000 

  0x00007ffaf9782f54: ;   {optimized virtual_call}
  0x00007ffaf9782f54: 6666 90e8 

  0x00007ffaf9782f58: ; ImmutableOopMap {[128]=Oop [120]=Oop [112]=Oop }
                      ;*invokevirtual generateMethod {reexecute=0 rethrow=0 return_oop=0}
                      ; - jdk.internal.reflect.NativeMethodAccessorImpl::invoke@101 (line 63)
  0x00007ffaf9782f58: d903 0000 | 4883 f800 

  0x00007ffaf9782f60: ;   {metadata(method data for {method} {0x00007ffa531c6170} 'invoke' '(Ljava/lang/Object;[Ljava/lang/Object;)Ljava/lang/Object;' in 'jdk/internal/reflect/NativeMethodAccessorImpl')}
  0x00007ffaf9782f60: 7516 48b9 | 10b6 3998 | fa7f 0000 | 8089 0104 | 0000 01e9 | d300 0000 

  0x00007ffaf9782f78: ;   {metadata('jdk/internal/reflect/MethodAccessorImpl')}
  0x00007ffaf9782f78: 48bf 30b1 | 0053 fa7f | 0000 8b48 | 0849 ba00 | 0000 53fa | 7f00 0049 | 03ca 483b | 7940 0f85 
  0x00007ffaf9782f98: 9300 0000 

  0x00007ffaf9782f9c: ;   {metadata(method data for {method} {0x00007ffa531c6170} 'invoke' '(Ljava/lang/Object;[Ljava/lang/Object;)Ljava/lang/Object;' in 'jdk/internal/reflect/NativeMethodAccessorImpl')}
  0x00007ffaf9782f9c: 48b9 10b6 | 3998 fa7f | 0000 8b78 | 0849 ba00 | 0000 53fa | 7f00 0049 | 03fa 483b | b918 0400 
  0x00007ffaf9782fbc: 0075 0d48 | 8381 2004 | 0000 01e9 | 7f00 0000 | 483b b928 | 0400 0075 | 0d48 8381 | 3004 0000 
  0x00007ffaf9782fdc: 01e9 6900 | 0000 4881 | b918 0400 | 0000 0000 | 0075 1748 | 89b9 1804 | 0000 48c7 | 8120 0400 
  0x00007ffaf9782ffc: 0001 0000 | 00e9 4500 | 0000 4881 | b928 0400 | 0000 0000 | 0075 1748 | 89b9 2804 | 0000 48c7 
  0x00007ffaf978301c: 8130 0400 | 0001 0000 | 00e9 2100 | 0000 e91c 

  0x00007ffaf978302c: ;   {metadata(method data for {method} {0x00007ffa531c6170} 'invoke' '(Ljava/lang/Object;[Ljava/lang/Object;)Ljava/lang/Object;' in 'jdk/internal/reflect/NativeMethodAccessorImpl')}
  0x00007ffaf978302c: 0000 0048 | b910 b639 | 98fa 7f00 | 0048 83a9 | 0804 0000 | 01e9 1802 | 0000 e900 | 0000 0048 
  0x00007ffaf978304c: 8bf0 488b | 7c24 708b | 5718 48c1 | e203 483b | 0248 8bca 

  0x00007ffaf9783060: ;   {metadata(method data for {method} {0x00007ffa531c6170} 'invoke' '(Ljava/lang/Object;[Ljava/lang/Object;)Ljava/lang/Object;' in 'jdk/internal/reflect/NativeMethodAccessorImpl')}
  0x00007ffaf9783060: 48bb 10b6 | 3998 fa7f 

  0x00007ffaf9783068: ;   {metadata('jdk/internal/reflect/DelegatingMethodAccessorImpl')}
  0x00007ffaf9783068: 0000 49ba | 185e 1c53 | fa7f 0000 | 4c89 9350 | 0400 0048 | 8383 5804 | 0000 0141 | 0fbe 4f38 
  0x00007ffaf9783088: 83f9 000f | 85db 0100 | 004c 8bd6 | 49c1 ea03 | 4489 520c | 488b ca48 | 33ce 48c1 | e918 4883 
  0x00007ffaf97830a8: f900 0f85 | db01 0000 

  0x00007ffaf97830b0: ;   {metadata(method data for {method} {0x00007ffa531c6170} 'invoke' '(Ljava/lang/Object;[Ljava/lang/Object;)Ljava/lang/Object;' in 'jdk/internal/reflect/NativeMethodAccessorImpl')}
  0x00007ffaf97830b0: 48be 10b6 | 3998 fa7f | 0000 ff86 | 7804 0000 | 488b 8c24 | 8000 0000 | 488b 5424 | 788b 7714 
  0x00007ffaf97830d0: 48c1 e603 

  0x00007ffaf97830d4: ;   {metadata(method data for {method} {0x00007ffa531c6170} 'invoke' '(Ljava/lang/Object;[Ljava/lang/Object;)Ljava/lang/Object;' in 'jdk/internal/reflect/NativeMethodAccessorImpl')}
  0x00007ffaf97830d4: 48bf 10b6 | 3998 fa7f | 0000 4883 | 8790 0400 

  0x00007ffaf97830e4: ;   {static_call}
  0x00007ffaf97830e4: 0001 90e8 

  0x00007ffaf97830e8: ; ImmutableOopMap {}
                      ;*invokestatic invoke0 {reexecute=0 rethrow=0 return_oop=0}
                      ; - jdk.internal.reflect.NativeMethodAccessorImpl::invoke@133 (line 77)
  0x00007ffaf97830e8: f4ec 8e07 | 4881 c4c0 | 0000 005d 

  0x00007ffaf97830f4: ;   {poll_return}
  0x00007ffaf97830f4: 493b a740 | 0300 000f | 87a2 0100 | 00c3 488b | 7c24 7049 | 8b87 d003 | 0000 4d33 | d24d 8997 
  0x00007ffaf9783114: d003 0000 | 4d33 d24d | 8997 d803 | 0000 be00 | 0000 0089 | 7710 f083 | 4424 c000 | e9a3 0100 
  0x00007ffaf9783134: ;   {metadata({method} {0x00007ffa531c6170} 'invoke' '(Ljava/lang/Object;[Ljava/lang/Object;)Ljava/lang/Object;' in 'jdk/internal/reflect/NativeMethodAccessorImpl')}
  0x00007ffaf9783134: 0049 ba70 | 611c 53fa | 7f00 004c | 8954 2408 | 48c7 0424 | ffff ffff 

  0x00007ffaf978314c: ;   {runtime_call counter_overflow Runtime1 stub}
  0x00007ffaf978314c: e82f 651d 

  0x00007ffaf9783150: ; ImmutableOopMap {rsi=Oop [112]=Oop rdx=Oop rcx=Oop }
                      ;*synchronization entry
                      ; - jdk.internal.reflect.NativeMethodAccessorImpl::invoke@-1 (line 56)
  0x00007ffaf9783150: 07e9 06f6 

  0x00007ffaf9783154: ;   {metadata({method} {0x00007ffa533d7fb0} 'inflationThreshold' '()I' in 'jdk/internal/reflect/ReflectionFactory')}
  0x00007ffaf9783154: ffff 49ba | b07f 3d53 | fa7f 0000 | 4c89 5424 | 0848 c704 | 24ff ffff 

  0x00007ffaf978316c: ;   {runtime_call counter_overflow Runtime1 stub}
  0x00007ffaf978316c: ffe8 0e65 

  0x00007ffaf9783170: ; ImmutableOopMap {rsi=Oop [112]=Oop rdx=Oop rcx=Oop }
                      ;*synchronization entry
                      ; - jdk.internal.reflect.ReflectionFactory::inflationThreshold@-1 (line 632)
                      ; - jdk.internal.reflect.NativeMethodAccessorImpl::invoke@11 (line 56)
  0x00007ffaf9783170: 1d07 e927 

  0x00007ffaf9783174: ;   {runtime_call throw_null_pointer_exception Runtime1 stub}
  0x00007ffaf9783174: f6ff ffe8 

  0x00007ffaf9783178: ; ImmutableOopMap {rsi=Oop [112]=Oop [128]=Oop [120]=Oop rdi=Oop }
                      ;*invokevirtual getDeclaringClass {reexecute=0 rethrow=0 return_oop=0}
                      ; - jdk.internal.reflect.NativeMethodAccessorImpl::invoke@21 (line 57)
  0x00007ffaf9783178: a424 1407 

  0x00007ffaf978317c: ;   {runtime_call throw_null_pointer_exception Runtime1 stub}
  0x00007ffaf978317c: e89f 2414 

  0x00007ffaf9783180: ; ImmutableOopMap {rsi=Oop [112]=Oop [128]=Oop [120]=Oop rdi=Oop }
                      ;*invokevirtual isHidden {reexecute=0 rethrow=0 return_oop=0}
                      ; - jdk.internal.reflect.NativeMethodAccessorImpl::invoke@24 (line 57)
  0x00007ffaf9783180: 0748 8bd2 

  0x00007ffaf9783184: ;   {runtime_call fast_new_instance Runtime1 stub}
  0x00007ffaf9783184: e8f7 1914 

  0x00007ffaf9783188: ; ImmutableOopMap {[128]=Oop [120]=Oop rbx=Oop [112]=Oop }
                      ;*new {reexecute=0 rethrow=0 return_oop=0}
                      ; - jdk.internal.reflect.NativeMethodAccessorImpl::invoke@52 (line 61)
  0x00007ffaf9783188: 07e9 18f8 

  0x00007ffaf978318c: ;   {metadata({method} {0x00007ffa981b1c80} '<init>' '()V' in 'jdk/internal/reflect/MethodAccessorGenerator')}
  0x00007ffaf978318c: ffff 49ba | 801c 1b98 | fa7f 0000 | 4c89 5424 | 0848 c704 | 24ff ffff 

  0x00007ffaf97831a4: ;   {runtime_call counter_overflow Runtime1 stub}
  0x00007ffaf97831a4: ffe8 d664 

  0x00007ffaf97831a8: ; ImmutableOopMap {[128]=Oop [120]=Oop rbx=Oop [112]=Oop rax=Oop }
                      ;*synchronization entry
                      ; - jdk.internal.reflect.MethodAccessorGenerator::<init>@-1 (line 64)
                      ; - jdk.internal.reflect.NativeMethodAccessorImpl::invoke@56 (line 61)
  0x00007ffaf97831a8: 1d07 e934 

  0x00007ffaf97831ac: ;   {metadata({method} {0x00007ffa981b50e8} '<init>' '()V' in 'jdk/internal/reflect/AccessorGenerator')}
  0x00007ffaf97831ac: f8ff ff49 | bae8 501b | 98fa 7f00 | 004c 8954 | 2408 48c7 | 0424 ffff 

  0x00007ffaf97831c4: ;   {runtime_call counter_overflow Runtime1 stub}
  0x00007ffaf97831c4: ffff e8b5 

  0x00007ffaf97831c8: ; ImmutableOopMap {[128]=Oop [120]=Oop rbx=Oop [112]=Oop rax=Oop }
                      ;*synchronization entry
                      ; - jdk.internal.reflect.AccessorGenerator::<init>@-1 (line 33)
                      ; - jdk.internal.reflect.MethodAccessorGenerator::<init>@1 (line 64)
                      ; - jdk.internal.reflect.NativeMethodAccessorImpl::invoke@56 (line 61)
  0x00007ffaf97831c8: 641d 07e9 | 50f8 ffff 

  0x00007ffaf97831d0: ;   {metadata({method} {0x00007ffa53445468} '<init>' '()V' in 'java/lang/Object')}
  0x00007ffaf97831d0: 49ba 6854 | 4453 fa7f | 0000 4c89 | 5424 0848 | c704 24ff 

  0x00007ffaf97831e4: ;   {runtime_call counter_overflow Runtime1 stub}
  0x00007ffaf97831e4: ffff ffe8 

  0x00007ffaf97831e8: ; ImmutableOopMap {[128]=Oop [120]=Oop rbx=Oop [112]=Oop rax=Oop }
                      ;*synchronization entry
                      ; - java.lang.Object::<init>@-1 (line 44)
                      ; - jdk.internal.reflect.AccessorGenerator::<init>@1 (line 33)
                      ; - jdk.internal.reflect.MethodAccessorGenerator::<init>@1 (line 64)
                      ; - jdk.internal.reflect.NativeMethodAccessorImpl::invoke@56 (line 61)
  0x00007ffaf97831e8: 9464 1d07 | e96c f8ff 

  0x00007ffaf97831f0: ;   {runtime_call throw_null_pointer_exception Runtime1 stub}
  0x00007ffaf97831f0: ffe8 2a24 

  0x00007ffaf97831f4: ; ImmutableOopMap {[128]=Oop [120]=Oop rbx=Oop [112]=Oop rax=Oop rsi=Oop }
                      ;*invokevirtual getDeclaringClass {reexecute=0 rethrow=0 return_oop=0}
                      ; - jdk.internal.reflect.NativeMethodAccessorImpl::invoke@63 (line 63)
                      ;   {metadata({method} {0x00007ffa530517f8} 'getParameterTypes' '()[Ljava/lang/Class;' in 'java/lang/reflect/Method')}
  0x00007ffaf97831f4: 1407 49ba | f817 0553 | fa7f 0000 | 4c89 5424 | 0848 c704 | 24ff ffff 

  0x00007ffaf978320c: ;   {runtime_call counter_overflow Runtime1 stub}
  0x00007ffaf978320c: ffe8 6e64 

  0x00007ffaf9783210: ; ImmutableOopMap {[128]=Oop [120]=Oop rbx=Oop [112]=Oop rax=Oop rsi=Oop rdi=Oop rdx=Oop }
                      ;*synchronization entry
                      ; - java.lang.reflect.Method::getParameterTypes@-1 (line 315)
                      ; - jdk.internal.reflect.NativeMethodAccessorImpl::invoke@77 (line 65)
  0x00007ffaf9783210: 1d07 e9dc 

  0x00007ffaf9783214: ;   {runtime_call throw_null_pointer_exception Runtime1 stub}
  0x00007ffaf9783214: f8ff ffe8 

  0x00007ffaf9783218: ; ImmutableOopMap {[128]=Oop [120]=Oop rbx=Oop [112]=Oop rax=Oop rdi=Oop rdx=Oop rsi=Oop }
                      ;*invokevirtual clone {reexecute=0 rethrow=0 return_oop=0}
                      ; - java.lang.reflect.Method::getParameterTypes@4 (line 315)
                      ; - jdk.internal.reflect.NativeMethodAccessorImpl::invoke@77 (line 65)
  0x00007ffaf9783218: 0424 1407 | 4889 0424 

  0x00007ffaf9783220: ;   {runtime_call throw_class_cast_exception Runtime1 stub}
  0x00007ffaf9783220: e8fb 2d1d 

  0x00007ffaf9783224: ; ImmutableOopMap {[128]=Oop [120]=Oop [152]=Oop [144]=Oop [136]=Oop [112]=Oop }
                      ;*checkcast {reexecute=0 rethrow=0 return_oop=0}
                      ; - java.lang.reflect.Method::getParameterTypes@7 (line 315)
                      ; - jdk.internal.reflect.NativeMethodAccessorImpl::invoke@77 (line 65)
                      ;   {runtime_call throw_null_pointer_exception Runtime1 stub}
  0x00007ffaf9783224: 07e8 f623 

  0x00007ffaf9783228: ; ImmutableOopMap {[128]=Oop [120]=Oop [152]=Oop [144]=Oop [136]=Oop rdi=Oop rsi=Oop [112]=Oop rbx=Oop }
                      ;*invokevirtual getReturnType {reexecute=0 rethrow=0 return_oop=0}
                      ; - jdk.internal.reflect.NativeMethodAccessorImpl::invoke@84 (line 66)
                      ;   {metadata({method} {0x00007ffa53051f98} 'getExceptionTypes' '()[Ljava/lang/Class;' in 'java/lang/reflect/Method')}
  0x00007ffaf9783228: 1407 49ba | 981f 0553 | fa7f 0000 | 4c89 5424 | 0848 c704 | 24ff ffff 

  0x00007ffaf9783240: ;   {runtime_call counter_overflow Runtime1 stub}
  0x00007ffaf9783240: ffe8 3a64 

  0x00007ffaf9783244: ; ImmutableOopMap {[128]=Oop [120]=Oop [152]=Oop [144]=Oop [136]=Oop rdi=Oop rsi=Oop [112]=Oop rbx=Oop rax=Oop }
                      ;*synchronization entry
                      ; - java.lang.reflect.Method::getExceptionTypes@-1 (line 342)
                      ; - jdk.internal.reflect.NativeMethodAccessorImpl::invoke@91 (line 67)
  0x00007ffaf9783244: 1d07 e9d3 

  0x00007ffaf9783248: ;   {runtime_call throw_null_pointer_exception Runtime1 stub}
  0x00007ffaf9783248: faff ffe8 

  0x00007ffaf978324c: ; ImmutableOopMap {[128]=Oop [120]=Oop [152]=Oop [144]=Oop [136]=Oop rdi=Oop rsi=Oop [112]=Oop rax=Oop rbx=Oop }
                      ;*invokevirtual clone {reexecute=0 rethrow=0 return_oop=0}
                      ; - java.lang.reflect.Method::getExceptionTypes@4 (line 342)
                      ; - jdk.internal.reflect.NativeMethodAccessorImpl::invoke@91 (line 67)
  0x00007ffaf978324c: d023 1407 | 4889 0424 

  0x00007ffaf9783254: ;   {runtime_call throw_class_cast_exception Runtime1 stub}
  0x00007ffaf9783254: e8c7 2d1d 

  0x00007ffaf9783258: ; ImmutableOopMap {[128]=Oop [120]=Oop [152]=Oop [144]=Oop [136]=Oop [112]=Oop [168]=Oop [160]=Oop }
                      ;*checkcast {reexecute=0 rethrow=0 return_oop=0}
                      ; - java.lang.reflect.Method::getExceptionTypes@7 (line 342)
                      ; - jdk.internal.reflect.NativeMethodAccessorImpl::invoke@91 (line 67)
                      ;   {runtime_call throw_null_pointer_exception Runtime1 stub}
  0x00007ffaf9783258: 07e8 c223 

  0x00007ffaf978325c: ; ImmutableOopMap {[128]=Oop [120]=Oop [152]=Oop [144]=Oop [136]=Oop [168]=Oop [160]=Oop rdi=Oop rsi=Oop [112]=Oop rdx=Oop }
                      ;*invokevirtual getModifiers {reexecute=0 rethrow=0 return_oop=0}
                      ; - jdk.internal.reflect.NativeMethodAccessorImpl::invoke@98 (line 68)
  0x00007ffaf978325c: 1407 4889 

  0x00007ffaf9783260: ;   {runtime_call throw_class_cast_exception Runtime1 stub}
  0x00007ffaf9783260: 0424 e8b9 

  0x00007ffaf9783264: ; ImmutableOopMap {[128]=Oop [120]=Oop [112]=Oop }
                      ;*checkcast {reexecute=0 rethrow=0 return_oop=0}
                      ; - jdk.internal.reflect.NativeMethodAccessorImpl::invoke@104 (line 63)
                      ;   {runtime_call throw_null_pointer_exception Runtime1 stub}
  0x00007ffaf9783264: 2d1d 07e8 

  0x00007ffaf9783268: ; ImmutableOopMap {[128]=Oop [120]=Oop rsi=Oop rdi=Oop [112]=Oop rdx=Oop }
                      ;*invokevirtual setDelegate {reexecute=0 rethrow=0 return_oop=0}
                      ; - jdk.internal.reflect.NativeMethodAccessorImpl::invoke@113 (line 69)
  0x00007ffaf9783268: b423 1407 | 8b4a 0c48 | c1e1 0348 | 83f9 000f | 8414 feff | ff48 890c 

  0x00007ffaf9783280: ;   {runtime_call g1_pre_barrier_slow}
  0x00007ffaf9783280: 24e8 fa6a | 1d07 e906 | feff ff48 | 83fe 000f | 841b feff | ff48 8914 

  0x00007ffaf9783298: ;   {runtime_call g1_post_barrier_slow}
  0x00007ffaf9783298: 24e8 626e | 1d07 e90d 

  0x00007ffaf97832a0: ;   {internal_word}
  0x00007ffaf97832a0: feff ff49 | baf4 3078 | f9fa 7f00 | 004d 8997 | 5803 0000 

  0x00007ffaf97832b4: ;   {runtime_call SafepointBlob}
  0x00007ffaf97832b4: e947 2613 | 0790 9049 | 8b87 d003 | 0000 49c7 | 87d0 0300 | 0000 0000 | 0049 c787 | d803 0000 
  0x00007ffaf97832d4: 0000 0000 | 4881 c4c0 | 0000 005d 

  0x00007ffaf97832e0: ;   {runtime_call unwind_exception Runtime1 stub}
  0x00007ffaf97832e0: e91b 3214 | 07f4 f4f4 | f4f4 f4f4 | f4f4 f4f4 | f4f4 f4f4 | f4f4 f4f4 | f4f4 f4f4 | f4f4 f4f4 
[Stub Code]
  0x00007ffaf9783300: ;   {no_reloc}
  0x00007ffaf9783300: 0f1f 4400 

  0x00007ffaf9783304: ;   {static_stub}
  0x00007ffaf9783304: 0048 bb00 | 0000 0000 

  0x00007ffaf978330c: ;   {runtime_call}
  0x00007ffaf978330c: 0000 00e9 | fbff ffff 

  0x00007ffaf9783314: ;   {static_stub}
  0x00007ffaf9783314: 9048 bb00 | 0000 0000 

  0x00007ffaf978331c: ;   {runtime_call}
  0x00007ffaf978331c: 0000 00e9 | fbff ffff 

  0x00007ffaf9783324: ;   {static_stub}
  0x00007ffaf9783324: 9048 bb00 | 0000 0000 

  0x00007ffaf978332c: ;   {runtime_call}
  0x00007ffaf978332c: 0000 00e9 | fbff ffff 

  0x00007ffaf9783334: ;   {static_stub}
  0x00007ffaf9783334: 9048 bb78 | 1d1b 98fa 

  0x00007ffaf978333c: ;   {runtime_call I2C/C2I adapters}
  0x00007ffaf978333c: 7f00 00e9 | 363d 1e07 

  0x00007ffaf9783344: ;   {static_stub}
  0x00007ffaf9783344: 9048 bb00 | 0000 0000 

  0x00007ffaf978334c: ;   {runtime_call}
  0x00007ffaf978334c: 0000 00e9 | fbff ffff 
[Exception Handler]
  0x00007ffaf9783354: ;   {runtime_call handle_exception_from_callee Runtime1 stub}
  0x00007ffaf9783354: e8a7 261d 

  0x00007ffaf9783358: ;   {external_word}
  0x00007ffaf9783358: 0748 bf52 | 871b 17fb | 7f00 0048 

  0x00007ffaf9783364: ;   {runtime_call MacroAssembler::debug64(char*, long, long*)}
  0x00007ffaf9783364: 83e4 f0e8 | 9499 5a1d 

  0x00007ffaf978336c: ;   {section_word}
  0x00007ffaf978336c: f449 ba6d | 3378 f9fa | 7f00 0041 

  0x00007ffaf9783378: ;   {runtime_call DeoptimizationBlob}
  0x00007ffaf9783378: 52e9 223a | 1307 f4f4 
[/MachCode]


Compiled method (c2)   37553 3162       4       jdk.internal.reflect.DelegatingMethodAccessorImpl::invoke (10 bytes)
 total in heap  [0x00007ffb0118c190,0x00007ffb0118c420] = 656
 relocation     [0x00007ffb0118c2f0,0x00007ffb0118c308] = 24
 main code      [0x00007ffb0118c320,0x00007ffb0118c3a0] = 128
 stub code      [0x00007ffb0118c3a0,0x00007ffb0118c3b8] = 24
 metadata       [0x00007ffb0118c3b8,0x00007ffb0118c3c0] = 8
 scopes data    [0x00007ffb0118c3c0,0x00007ffb0118c3d0] = 16
 scopes pcs     [0x00007ffb0118c3d0,0x00007ffb0118c400] = 48
 dependencies   [0x00007ffb0118c400,0x00007ffb0118c408] = 8
 handler table  [0x00007ffb0118c408,0x00007ffb0118c420] = 24

[Constant Pool (empty)]

[MachCode]
[Entry Point]
  # {method} {0x00007ffa531c6050} 'invoke' '(Ljava/lang/Object;[Ljava/lang/Object;)Ljava/lang/Object;' in 'jdk/internal/reflect/DelegatingMethodAccessorImpl'
  # this:     rsi:rsi   = 'jdk/internal/reflect/DelegatingMethodAccessorImpl'
  # parm0:    rdx:rdx   = 'java/lang/Object'
  # parm1:    rcx:rcx   = '[Ljava/lang/Object;'
  #           [sp+0x20]  (sp of caller)
  0x00007ffb0118c320: 448b 5608 | 49bb 0000 | 0053 fa7f | 0000 4d03 | d349 3bc2 

  0x00007ffb0118c334: ;   {runtime_call ic_miss_stub}
  0x00007ffb0118c334: 0f85 461e | 72ff 6690 | 0f1f 4000 
[Verified Entry Point]
  0x00007ffb0118c340: 8984 2400 | c0fe ff55 | 4883 ec10 | 448b 5e0c | 498b f348 | c1e6 0366 | 9048 b8ff | ffff ffff 
  0x00007ffb0118c360: ;   {virtual_call}
  0x00007ffb0118c360: ffff ffe8 

  0x00007ffb0118c364: ; ImmutableOopMap {}
                      ;*invokevirtual invoke {reexecute=0 rethrow=0 return_oop=1}
                      ; - jdk.internal.reflect.DelegatingMethodAccessorImpl::invoke@6 (line 43)
  0x00007ffb0118c364: b828 7dff | 4883 c410 

  0x00007ffb0118c36c: ;   {poll_return}
  0x00007ffb0118c36c: 5d49 3ba7 | 4003 0000 | 0f87 0e00 | 0000 c348 | 8bf0 4883 

  0x00007ffb0118c380: ;   {runtime_call _rethrow_Java}
  0x00007ffb0118c380: c410 5de9 | f8bf 73ff 

  0x00007ffb0118c388: ;   {internal_word}
  0x00007ffb0118c388: 49ba 6dc3 | 1801 fb7f | 0000 4d89 | 9758 0300 

  0x00007ffb0118c398: ;   {runtime_call SafepointBlob}
  0x00007ffb0118c398: 00e9 6295 | 72ff f4f4 
[Exception Handler]
  0x00007ffb0118c3a0: ;   {no_reloc}
  0x00007ffb0118c3a0: e95b 6e73 | ffe8 0000 | 0000 4883 

  0x00007ffb0118c3ac: ;   {runtime_call DeoptimizationBlob}
  0x00007ffb0118c3ac: 2c24 05e9 | eca9 72ff | f4f4 f4f4 
[/MachCode]


---------------  P R O C E S S  ---------------

Threads class SMR info:
_java_thread_list=0x00007ffb1030caf0, length=12, elements={
0x00007ffb10032990, 0x00007ffb10212cf0, 0x00007ffb102140d0, 0x00007ffb10218680,
0x00007ffb10219a30, 0x00007ffb1021ae40, 0x00007ffb1021c870, 0x00007ffb1021dda0,
0x00007ffb1021ee20, 0x00007ffb1022b890, 0x00007ffb1025a8b0, 0x00007ffb1046fdb0
}

Java Threads: ( => current thread )
  0x00007ffb10032990 JavaThread "main" [_thread_blocked, id=529761, stack(0x00007ffb17e68000,0x00007ffb17f69000)]
  0x00007ffb10212cf0 JavaThread "Reference Handler" daemon [_thread_blocked, id=529818, stack(0x00007ffab0579000,0x00007ffab0679000)]
  0x00007ffb102140d0 JavaThread "Finalizer" daemon [_thread_blocked, id=529819, stack(0x00007ffab0478000,0x00007ffab0578000)]
  0x00007ffb10218680 JavaThread "Signal Dispatcher" daemon [_thread_blocked, id=529822, stack(0x00007ffab0377000,0x00007ffab0477000)]
  0x00007ffb10219a30 JavaThread "Service Thread" daemon [_thread_blocked, id=529823, stack(0x00007ffab0276000,0x00007ffab0376000)]
  0x00007ffb1021ae40 JavaThread "Monitor Deflation Thread" daemon [_thread_blocked, id=529844, stack(0x00007ffab0175000,0x00007ffab0275000)]
  0x00007ffb1021c870 JavaThread "C2 CompilerThread0" daemon [_thread_blocked, id=529846, stack(0x00007ffab0074000,0x00007ffab0174000)]
  0x00007ffb1021dda0 JavaThread "C1 CompilerThread0" daemon [_thread_blocked, id=529881, stack(0x00007ffaa1f00000,0x00007ffaa2000000)]
  0x00007ffb1021ee20 JavaThread "Sweeper thread" daemon [_thread_blocked, id=529897, stack(0x00007ffaa1dff000,0x00007ffaa1eff000)]
  0x00007ffb1022b890 JavaThread "Common-Cleaner" daemon [_thread_blocked, id=529908, stack(0x00007ffaa1afc000,0x00007ffaa1bfc000)]
  0x00007ffb1025a8b0 JavaThread "Notification Thread" daemon [_thread_blocked, id=529933, stack(0x00007ffaa17f9000,0x00007ffaa18f9000)]
=>0x00007ffb1046fdb0 JavaThread "mutationTestThread" daemon [_thread_in_vm, id=537117, stack(0x00007ffaa1bfd000,0x00007ffaa1cfd000)]

Other Threads:
  0x00007ffb1020ec30 VMThread "VM Thread" [stack: 0x00007ffab067a000,0x00007ffab077a000] [id=529814]
  0x00007ffb1025c110 WatcherThread [stack: 0x00007ffaa16f8000,0x00007ffaa17f8000] [id=529934]
  0x00007ffb100680c0 GCTaskThread "GC Thread#0" [stack: 0x00007ffab1fb6000,0x00007ffab20b6000] [id=529774]
  0x00007ffa4c00c5e0 GCTaskThread "GC Thread#1" [stack: 0x00007ffaa14f6000,0x00007ffaa15f6000] [id=531018]
  0x00007ffa4c00cb30 GCTaskThread "GC Thread#2" [stack: 0x00007ffaa13f5000,0x00007ffaa14f5000] [id=531019]
  0x00007ffa4c00d100 GCTaskThread "GC Thread#3" [stack: 0x00007ffaa12f4000,0x00007ffaa13f4000] [id=531025]
  0x00007ffa4c00d720 GCTaskThread "GC Thread#4" [stack: 0x00007ffaa11f3000,0x00007ffaa12f3000] [id=531026]
  0x00007ffa4c00dd40 GCTaskThread "GC Thread#5" [stack: 0x00007ffaa100b000,0x00007ffaa110b000] [id=531027]
  0x00007ffa4c00e480 GCTaskThread "GC Thread#6" [stack: 0x00007ffaa0f0a000,0x00007ffaa100a000] [id=531038]
  0x00007ffa4c00ed00 GCTaskThread "GC Thread#7" [stack: 0x00007ffaa0e09000,0x00007ffaa0f09000] [id=531040]
  0x00007ffa4c00f580 GCTaskThread "GC Thread#8" [stack: 0x00007ffaa0d08000,0x00007ffaa0e08000] [id=531041]
  0x00007ffa4c00fe20 GCTaskThread "GC Thread#9" [stack: 0x00007ffaa0c07000,0x00007ffaa0d07000] [id=531042]
  0x00007ffa4c0106e0 GCTaskThread "GC Thread#10" [stack: 0x00007ffaa0b06000,0x00007ffaa0c06000] [id=531044]
  0x00007ffa4c010fa0 GCTaskThread "GC Thread#11" [stack: 0x00007ffaa0a05000,0x00007ffaa0b05000] [id=531045]
  0x00007ffa4c011a20 GCTaskThread "GC Thread#12" [stack: 0x00007ffaa0904000,0x00007ffaa0a04000] [id=531046]
  0x00007ffa4c0124a0 GCTaskThread "GC Thread#13" [stack: 0x00007ffaa0803000,0x00007ffaa0903000] [id=531047]
  0x00007ffa4c013310 GCTaskThread "GC Thread#14" [stack: 0x00007ffaa0702000,0x00007ffaa0802000] [id=531048]
  0x00007ffa4c014180 GCTaskThread "GC Thread#15" [stack: 0x00007ffaa0601000,0x00007ffaa0701000] [id=531049]
  0x00007ffa4c014ff0 GCTaskThread "GC Thread#16" [stack: 0x00007ffaa0500000,0x00007ffaa0600000] [id=531050]
  0x00007ffa4c015e60 GCTaskThread "GC Thread#17" [stack: 0x00007ffaa03ff000,0x00007ffaa04ff000] [id=531051]
  0x00007ffb100786e0 ConcurrentGCThread "G1 Main Marker" [stack: 0x00007ffab1eb5000,0x00007ffab1fb5000] [id=529784]
  0x00007ffb10079660 ConcurrentGCThread "G1 Conc#0" [stack: 0x00007ffab1db4000,0x00007ffab1eb4000] [id=529786]
  0x00007ffb101dc910 ConcurrentGCThread "G1 Refine#0" [stack: 0x00007ffab0aa1000,0x00007ffab0ba1000] [id=529792]
  0x00007ffb101dd810 ConcurrentGCThread "G1 Service" [stack: 0x00007ffab09a0000,0x00007ffab0aa0000] [id=529794]

Threads with active compile tasks:

VM state: not at safepoint (normal execution)

VM Mutex/Monitor currently owned by a thread:  ([mutex/lock_event])
[0x00007ffb1002e970] Heap_lock - owner thread: 0x00007ffb1046fdb0

Heap address: 0x0000000082000000, size: 30688 MB, Compressed Oops mode: Zero based, Oop shift amount: 3

CDS archive(s) mapped at: [0x00007ffa53000000-0x00007ffa53bc9000-0x00007ffa53bc9000), size 12357632, SharedBaseAddress: 0x00007ffa53000000, ArchiveRelocationMode: 1.
Compressed class space mapped at: 0x00007ffa54000000-0x00007ffa94000000, reserved size: 1073741824
Narrow klass base: 0x00007ffa53000000, Narrow klass shift: 0, Narrow klass range: 0x100000000

GC Precious Log:
 CPUs: 96 total, 24 available
 Memory: 512G
 Large Page Support: Disabled
 NUMA Support: Disabled
 Compressed Oops: Enabled (Zero based)
 Heap Region Size: 16M
 Heap Min Capacity: 16M
 Heap Initial Capacity: 2G
 Heap Max Capacity: 30688M
 Pre-touch: Disabled
 Parallel Workers: 18
 Concurrent Workers: 5
 Concurrent Refinement Workers: 18
 Periodic GC: Disabled

Heap:
 garbage-first heap   total 229376K, used 20248K [0x0000000082000000, 0x0000000800000000)
  region size 16384K, 0 young (0K), 0 survivors (0K)
 Metaspace       used 9447K, committed 9856K, reserved 1114112K
  class space    used 940K, committed 1152K, reserved 1048576K

Heap Regions: E=young(eden), S=young(survivor), O=old, HS=humongous(starts), HC=humongous(continues), CS=collection set, F=free, OA=open archive, CA=closed archive, TAMS=top-at-mark-start (previous, next)
|   0|0x0000000082000000, 0x00000000823d9170, 0x0000000083000000| 24%| O|  |TAMS 0x0000000082000000, 0x00000000823d9170| Untracked 
|   1|0x0000000083000000, 0x0000000083000000, 0x0000000084000000|  0%| F|  |TAMS 0x0000000083000000, 0x0000000083000000| Untracked 
|   2|0x0000000084000000, 0x0000000084000000, 0x0000000085000000|  0%| F|  |TAMS 0x0000000084000000, 0x0000000084000000| Untracked 
|   3|0x0000000085000000, 0x0000000085000000, 0x0000000086000000|  0%| F|  |TAMS 0x0000000085000000, 0x0000000085000000| Untracked 
|   4|0x0000000086000000, 0x0000000086000000, 0x0000000087000000|  0%| F|  |TAMS 0x0000000086000000, 0x0000000086000000| Untracked 
|   5|0x0000000087000000, 0x0000000087000000, 0x0000000088000000|  0%| F|  |TAMS 0x0000000087000000, 0x0000000087000000| Untracked 
|   6|0x0000000088000000, 0x0000000088000000, 0x0000000089000000|  0%| F|  |TAMS 0x0000000088000000, 0x0000000088000000| Untracked 
|   7|0x0000000089000000, 0x0000000089000000, 0x000000008a000000|  0%| F|  |TAMS 0x0000000089000000, 0x0000000089000000| Untracked 
|   8|0x000000008a000000, 0x000000008a000000, 0x000000008b000000|  0%| F|  |TAMS 0x000000008a000000, 0x000000008a000000| Untracked 
|   9|0x000000008b000000, 0x000000008b000000, 0x000000008c000000|  0%| F|  |TAMS 0x000000008b000000, 0x000000008b000000| Untracked 
|  10|0x000000008c000000, 0x000000008c000000, 0x000000008d000000|  0%| F|  |TAMS 0x000000008c000000, 0x000000008c000000| Untracked 
|  11|0x000000008d000000, 0x000000008d000000, 0x000000008e000000|  0%| F|  |TAMS 0x000000008d000000, 0x000000008d000000| Untracked 
|1916|0x00000007fe000000, 0x00000007fef75000, 0x00000007ff000000| 96%|OA|  |TAMS 0x00000007fef75000, 0x00000007fef75000| Untracked 
|1917|0x00000007ff000000, 0x00000007ff078000, 0x0000000800000000|  2%|CA|  |TAMS 0x00000007ff000000, 0x00000007ff078000| Untracked 

Card table byte_map: [0x00007ffaf1c1e000,0x00007ffaf580e000] _byte_map_base: 0x00007ffaf180e000

Marking Bits (Prev, Next): (CMBitMap*) 0x00007ffb10068b50, (CMBitMap*) 0x00007ffb10068b90
 Prev Bits: [0x00007ffad00ae000, 0x00007ffaee02e000)
 Next Bits: [0x00007ffab212e000, 0x00007ffad00ae000)

Polling page: 0x00007ffb17f7d000

Metaspace:

Usage:
  Non-class:      8.31 MB used.
      Class:    940.58 KB used.
       Both:      9.23 MB used.

Virtual space:
  Non-class space:       64.00 MB reserved,       8.50 MB ( 13%) committed,  1 nodes.
      Class space:        1.00 GB reserved,       1.12 MB ( <1%) committed,  1 nodes.
             Both:        1.06 GB reserved,       9.62 MB ( <1%) committed. 

Chunk freelists:
   Non-Class:  6.75 MB
       Class:  14.87 MB
        Both:  21.62 MB

MaxMetaspaceSize: unlimited
CompressedClassSpaceSize: 1.00 GB
Initial GC threshold: 21.00 MB
Current GC threshold: 21.00 MB
CDS: on
MetaspaceReclaimPolicy: balanced
 - commit_granule_bytes: 65536.
 - commit_granule_words: 8192.
 - virtual_space_node_default_size: 8388608.
 - enlarge_chunks_in_place: 1.
 - new_chunks_are_fully_committed: 0.
 - uncommit_free_chunks: 1.
 - use_allocation_guard: 0.
 - handle_deallocations: 1.


Internal statistics:

num_allocs_failed_limit: 0.
num_arena_births: 424.
num_arena_deaths: 2.
num_vsnodes_births: 2.
num_vsnodes_deaths: 0.
num_space_committed: 154.
num_space_uncommitted: 0.
num_chunks_returned_to_freelist: 2.
num_chunks_taken_from_freelist: 856.
num_chunk_merges: 0.
num_chunk_splits: 434.
num_chunks_enlarged: 141.
num_inconsistent_stats: 0.

CodeHeap 'non-profiled nmethods': size=119168Kb used=2949Kb max_used=2949Kb free=116218Kb
 bounds [0x00007ffb00f9e000, 0x00007ffb0128e000, 0x00007ffb083fe000]
CodeHeap 'profiled nmethods': size=119164Kb used=8382Kb max_used=8382Kb free=110782Kb
 bounds [0x00007ffaf93fe000, 0x00007ffaf9c2e000, 0x00007ffb0085d000]
CodeHeap 'non-nmethods': size=7428Kb used=1188Kb max_used=2996Kb free=6239Kb
 bounds [0x00007ffb0085d000, 0x00007ffb00b4d000, 0x00007ffb00f9e000]
 total_blobs=4239 nmethods=3760 adapters=392
 compilation: enabled
              stopped_count=0, restarted_count=0
 full_count=0

Compilation events (20 events):
Event: 35.340 Thread 0x00007ffb1021dda0 nmethod 3786 0x00007ffaf9c28b90 code [0x00007ffaf9c28d80, 0x00007ffaf9c29280]
Event: 35.352 Thread 0x00007ffb1021dda0 3788       3       java.beans.PropertyDescriptor::setPropertyType (9 bytes)
Event: 35.352 Thread 0x00007ffb1021dda0 nmethod 3788 0x00007ffaf9c29590 code [0x00007ffaf9c29760, 0x00007ffaf9c29b00]
Event: 35.354 Thread 0x00007ffb1021c870 nmethod 3785 0x00007ffb01270a10 code [0x00007ffb01270ca0, 0x00007ffb012728d0]
Event: 35.354 Thread 0x00007ffb1021c870 3787       4       java.lang.reflect.Method::getParameterCount (6 bytes)
Event: 35.354 Thread 0x00007ffb1021c870 nmethod 3787 0x00007ffb01273890 code [0x00007ffb01273a20, 0x00007ffb01273ab8]
Event: 35.369 Thread 0x00007ffb1021dda0 3789       1       org.apache.commons.beanutils.TestBean::setIntProperty (6 bytes)
Event: 35.369 Thread 0x00007ffb1021dda0 nmethod 3789 0x00007ffb01273b90 code [0x00007ffb01273d20, 0x00007ffb01273df0]
Event: 35.416 Thread 0x00007ffb1021dda0 3790       3       org.apache.commons.beanutils.PropertyUtilsBean::getNestedProperty (299 bytes)
Event: 35.418 Thread 0x00007ffb1021dda0 nmethod 3790 0x00007ffaf9c29c90 code [0x00007ffaf9c2a1c0, 0x00007ffaf9c2c470]
Event: 35.604 Thread 0x00007ffb1021c870 3791       4       java.lang.Integer::valueOf (32 bytes)
Event: 35.605 Thread 0x00007ffb1021c870 nmethod 3791 0x00007ffb01273e90 code [0x00007ffb01274020, 0x00007ffb012740f8]
Event: 35.659 Thread 0x00007ffb1021dda0 3793       3       org.apache.commons.beanutils.TestBean::getNested (23 bytes)
Event: 35.660 Thread 0x00007ffb1021dda0 nmethod 3793 0x00007ffaf9c2d010 code [0x00007ffaf9c2d1c0, 0x00007ffaf9c2d420]
Event: 35.660 Thread 0x00007ffb1021dda0 3792       1       org.apache.commons.beanutils.TestBean::getShortProperty (5 bytes)
Event: 35.660 Thread 0x00007ffb1021dda0 nmethod 3792 0x00007ffb01274210 code [0x00007ffb012743a0, 0x00007ffb01274470]
Event: 35.712 Thread 0x00007ffb1021c870 3794   !   4       org.apache.commons.beanutils.DefaultBeanIntrospector::handleIndexedPropertyDescriptors (349 bytes)
Event: 35.806 Thread 0x00007ffb1021dda0 3795       3       jdk.internal.reflect.ClassFileAssembler::decStack (11 bytes)
Event: 35.806 Thread 0x00007ffb1021dda0 nmethod 3795 0x00007ffaf9c2d510 code [0x00007ffaf9c2d6a0, 0x00007ffaf9c2d7b0]
Event: 36.144 Thread 0x00007ffb1021c870 nmethod 3794 0x00007ffb01274510 code [0x00007ffb01274a00, 0x00007ffb0127bab8]

GC Heap History (20 events):
Event: 36.972 GC heap before
{Heap before GC invocations=60 (full 49):
 garbage-first heap   total 163840K, used 20248K [0x0000000082000000, 0x0000000800000000)
  region size 16384K, 1 young (16384K), 0 survivors (0K)
 Metaspace       used 9447K, committed 9856K, reserved 1114112K
  class space    used 940K, committed 1152K, reserved 1048576K
}
Event: 37.003 GC heap after
{Heap after GC invocations=61 (full 50):
 garbage-first heap   total 163840K, used 20248K [0x0000000082000000, 0x0000000800000000)
  region size 16384K, 0 young (0K), 0 survivors (0K)
 Metaspace       used 9447K, committed 9856K, reserved 1114112K
  class space    used 940K, committed 1152K, reserved 1048576K
}
Event: 37.006 GC heap before
{Heap before GC invocations=61 (full 50):
 garbage-first heap   total 163840K, used 20248K [0x0000000082000000, 0x0000000800000000)
  region size 16384K, 1 young (16384K), 0 survivors (0K)
 Metaspace       used 9447K, committed 9856K, reserved 1114112K
  class space    used 940K, committed 1152K, reserved 1048576K
}
Event: 37.045 GC heap after
{Heap after GC invocations=62 (full 51):
 garbage-first heap   total 163840K, used 20248K [0x0000000082000000, 0x0000000800000000)
  region size 16384K, 0 young (0K), 0 survivors (0K)
 Metaspace       used 9447K, committed 9856K, reserved 1114112K
  class space    used 940K, committed 1152K, reserved 1048576K
}
Event: 37.046 GC heap before
{Heap before GC invocations=62 (full 51):
 garbage-first heap   total 163840K, used 36632K [0x0000000082000000, 0x0000000800000000)
  region size 16384K, 0 young (0K), 0 survivors (0K)
 Metaspace       used 9447K, committed 9856K, reserved 1114112K
  class space    used 940K, committed 1152K, reserved 1048576K
}
Event: 37.087 GC heap after
{Heap after GC invocations=63 (full 52):
 garbage-first heap   total 163840K, used 20248K [0x0000000082000000, 0x0000000800000000)
  region size 16384K, 0 young (0K), 0 survivors (0K)
 Metaspace       used 9447K, committed 9856K, reserved 1114112K
  class space    used 940K, committed 1152K, reserved 1048576K
}
Event: 37.098 GC heap before
{Heap before GC invocations=63 (full 52):
 garbage-first heap   total 163840K, used 53016K [0x0000000082000000, 0x0000000800000000)
  region size 16384K, 0 young (0K), 0 survivors (0K)
 Metaspace       used 9447K, committed 9856K, reserved 1114112K
  class space    used 940K, committed 1152K, reserved 1048576K
}
Event: 37.166 GC heap after
{Heap after GC invocations=64 (full 53):
 garbage-first heap   total 163840K, used 20248K [0x0000000082000000, 0x0000000800000000)
  region size 16384K, 0 young (0K), 0 survivors (0K)
 Metaspace       used 9447K, committed 9856K, reserved 1114112K
  class space    used 940K, committed 1152K, reserved 1048576K
}
Event: 37.166 GC heap before
{Heap before GC invocations=64 (full 53):
 garbage-first heap   total 163840K, used 20248K [0x0000000082000000, 0x0000000800000000)
  region size 16384K, 0 young (0K), 0 survivors (0K)
 Metaspace       used 9447K, committed 9856K, reserved 1114112K
  class space    used 940K, committed 1152K, reserved 1048576K
}
Event: 37.189 GC heap after
{Heap after GC invocations=65 (full 53):
 garbage-first heap   total 163840K, used 20248K [0x0000000082000000, 0x0000000800000000)
  region size 16384K, 0 young (0K), 0 survivors (0K)
 Metaspace       used 9447K, committed 9856K, reserved 1114112K
  class space    used 940K, committed 1152K, reserved 1048576K
}
Event: 37.191 GC heap before
{Heap before GC invocations=65 (full 53):
 garbage-first heap   total 163840K, used 69400K [0x0000000082000000, 0x0000000800000000)
  region size 16384K, 0 young (0K), 0 survivors (0K)
 Metaspace       used 9447K, committed 9856K, reserved 1114112K
  class space    used 940K, committed 1152K, reserved 1048576K
}
Event: 37.225 GC heap after
{Heap after GC invocations=66 (full 54):
 garbage-first heap   total 163840K, used 20248K [0x0000000082000000, 0x0000000800000000)
  region size 16384K, 0 young (0K), 0 survivors (0K)
 Metaspace       used 9447K, committed 9856K, reserved 1114112K
  class space    used 940K, committed 1152K, reserved 1048576K
}
Event: 37.226 GC heap before
{Heap before GC invocations=66 (full 54):
 garbage-first heap   total 163840K, used 102168K [0x0000000082000000, 0x0000000800000000)
  region size 16384K, 0 young (0K), 0 survivors (0K)
 Metaspace       used 9447K, committed 9856K, reserved 1114112K
  class space    used 940K, committed 1152K, reserved 1048576K
}
Event: 37.248 GC heap after
{Heap after GC invocations=67 (full 55):
 garbage-first heap   total 163840K, used 20248K [0x0000000082000000, 0x0000000800000000)
  region size 16384K, 0 young (0K), 0 survivors (0K)
 Metaspace       used 9447K, committed 9856K, reserved 1114112K
  class space    used 940K, committed 1152K, reserved 1048576K
}
Event: 37.248 GC heap before
{Heap before GC invocations=67 (full 55):
 garbage-first heap   total 163840K, used 20248K [0x0000000082000000, 0x0000000800000000)
  region size 16384K, 0 young (0K), 0 survivors (0K)
 Metaspace       used 9447K, committed 9856K, reserved 1114112K
  class space    used 940K, committed 1152K, reserved 1048576K
}
Event: 37.249 GC heap after
{Heap after GC invocations=68 (full 55):
 garbage-first heap   total 163840K, used 20248K [0x0000000082000000, 0x0000000800000000)
  region size 16384K, 0 young (0K), 0 survivors (0K)
 Metaspace       used 9447K, committed 9856K, reserved 1114112K
  class space    used 940K, committed 1152K, reserved 1048576K
}
Event: 37.268 GC heap before
{Heap before GC invocations=68 (full 55):
 garbage-first heap   total 196608K, used 167704K [0x0000000082000000, 0x0000000800000000)
  region size 16384K, 0 young (0K), 0 survivors (0K)
 Metaspace       used 9447K, committed 9856K, reserved 1114112K
  class space    used 940K, committed 1152K, reserved 1048576K
}
Event: 37.292 GC heap after
{Heap after GC invocations=69 (full 56):
 garbage-first heap   total 163840K, used 20248K [0x0000000082000000, 0x0000000800000000)
  region size 16384K, 0 young (0K), 0 survivors (0K)
 Metaspace       used 9447K, committed 9856K, reserved 1114112K
  class space    used 940K, committed 1152K, reserved 1048576K
}
Event: 37.305 GC heap before
{Heap before GC invocations=69 (full 56):
 garbage-first heap   total 163840K, used 20248K [0x0000000082000000, 0x0000000800000000)
  region size 16384K, 0 young (0K), 0 survivors (0K)
 Metaspace       used 9447K, committed 9856K, reserved 1114112K
  class space    used 940K, committed 1152K, reserved 1048576K
}
Event: 37.318 GC heap after
{Heap after GC invocations=70 (full 56):
 garbage-first heap   total 163840K, used 20248K [0x0000000082000000, 0x0000000800000000)
  region size 16384K, 0 young (0K), 0 survivors (0K)
 Metaspace       used 9447K, committed 9856K, reserved 1114112K
  class space    used 940K, committed 1152K, reserved 1048576K
}

Dll operation events (12 events):
Event: 0.055 Loaded shared library /sfs/gpfs/tardis/applications/202512/software/standard/core/java/17/lib/libjava.so
Event: 0.056 Loaded shared library /sfs/gpfs/tardis/applications/202512/software/standard/core/java/17/lib/libzip.so
Event: 0.249 Loaded shared library /sfs/gpfs/tardis/applications/202512/software/standard/core/java/17/lib/libjsvml.so
Event: 0.566 Loaded shared library /sfs/gpfs/tardis/applications/202512/software/standard/core/java/17/lib/libinstrument.so
Event: 0.571 Loaded shared library /sfs/gpfs/tardis/applications/202512/software/standard/core/java/17/lib/libnio.so
Event: 0.573 Loaded shared library /sfs/gpfs/tardis/applications/202512/software/standard/core/java/17/lib/libzip.so
Event: 0.592 Loaded shared library /sfs/gpfs/tardis/applications/202512/software/standard/core/java/17/lib/libjimage.so
Event: 0.724 Loaded shared library /sfs/gpfs/tardis/applications/202512/software/standard/core/java/17/lib/libverify.so
Event: 0.731 Loaded shared library /sfs/gpfs/tardis/applications/202512/software/standard/core/java/17/lib/libnet.so
Event: 0.808 Loaded shared library /sfs/gpfs/tardis/applications/202512/software/standard/core/java/17/lib/libextnet.so
Event: 0.818 Loaded shared library /sfs/gpfs/tardis/applications/202512/software/standard/core/java/17/lib/libmanagement.so
Event: 0.820 Loaded shared library /sfs/gpfs/tardis/applications/202512/software/standard/core/java/17/lib/libmanagement_ext.so

Deoptimization events (20 events):
Event: 32.140 Thread 0x00007ffb1046fdb0 DEOPT PACKING pc=0x00007ffb01021a44 sp=0x00007ffaa19f6fa0
Event: 32.140 Thread 0x00007ffb1046fdb0 DEOPT UNPACKING pc=0x00007ffb008b6b19 sp=0x00007ffaa19f6f00 mode 2
Event: 32.140 Thread 0x00007ffb1046fdb0 Uncommon trap: trap_request=0xffffff45 fr.pc=0x00007ffb01026918 relative=0x0000000000000c38
Event: 32.140 Thread 0x00007ffb1046fdb0 Uncommon trap: reason=unstable_if action=reinterpret pc=0x00007ffb01026918 method=java.lang.reflect.Modifier.toString(I)Ljava/lang/String; @ 125 c2
Event: 32.140 Thread 0x00007ffb1046fdb0 DEOPT PACKING pc=0x00007ffb01026918 sp=0x00007ffaa19f6f10
Event: 32.140 Thread 0x00007ffb1046fdb0 DEOPT UNPACKING pc=0x00007ffb008b6b19 sp=0x00007ffaa19f6ee8 mode 2
Event: 32.822 Thread 0x00007ffb1046f1e0 Uncommon trap: trap_request=0xffffff45 fr.pc=0x00007ffb011e1d1c relative=0x00000000000024fc
Event: 32.822 Thread 0x00007ffb1046f1e0 Uncommon trap: reason=unstable_if action=reinterpret pc=0x00007ffb011e1d1c method=org.apache.commons.beanutils.BeanUtilsBean.copyProperty(Ljava/lang/Object;Ljava/lang/String;Ljava/lang/Object;)V @ 631 c2
Event: 32.822 Thread 0x00007ffb1046f1e0 DEOPT PACKING pc=0x00007ffb011e1d1c sp=0x00007ffaa03fbb90
Event: 32.822 Thread 0x00007ffb1046f1e0 DEOPT UNPACKING pc=0x00007ffb008b6b19 sp=0x00007ffaa03fbb50 mode 2
Event: 33.251 Thread 0x00007ffb1046fdb0 Uncommon trap: trap_request=0xffffffde fr.pc=0x00007ffb01186ecc relative=0x0000000000000cec
Event: 33.251 Thread 0x00007ffb1046fdb0 Uncommon trap: reason=class_check action=maybe_recompile pc=0x00007ffb01186ecc method=org.apache.commons.beanutils.BeanUtilsBean.convert(Ljava/lang/Object;Ljava/lang/Class;)Ljava/lang/Object; @ 45 c2
Event: 33.251 Thread 0x00007ffb1046fdb0 DEOPT PACKING pc=0x00007ffb01186ecc sp=0x00007ffaa19f7a90
Event: 33.251 Thread 0x00007ffb1046fdb0 DEOPT UNPACKING pc=0x00007ffb008b6b19 sp=0x00007ffaa19f7a70 mode 2
Event: 35.045 Thread 0x00007ffb1046fdb0 Uncommon trap: trap_request=0xffffffde fr.pc=0x00007ffb01186ecc relative=0x0000000000000cec
Event: 35.045 Thread 0x00007ffb1046fdb0 Uncommon trap: reason=class_check action=maybe_recompile pc=0x00007ffb01186ecc method=org.apache.commons.beanutils.BeanUtilsBean.convert(Ljava/lang/Object;Ljava/lang/Class;)Ljava/lang/Object; @ 45 c2
Event: 35.045 Thread 0x00007ffb1046fdb0 DEOPT PACKING pc=0x00007ffb01186ecc sp=0x00007ffaa19f7a20
Event: 35.045 Thread 0x00007ffb1046fdb0 DEOPT UNPACKING pc=0x00007ffb008b6b19 sp=0x00007ffaa19f7a00 mode 2
Event: 35.711 Thread 0x00007ffb1046fdb0 DEOPT PACKING pc=0x00007ffaf9917d3b sp=0x00007ffaa03fb6e0
Event: 35.711 Thread 0x00007ffb1046fdb0 DEOPT UNPACKING pc=0x00007ffb008b764f sp=0x00007ffaa03fac68 mode 0

Classes loaded (20 events):
Event: 35.351 Loading class org/apache/commons/beanutils/PrimitiveBeanCustomizer
Event: 35.351 Loading class org/apache/commons/beanutils/PrimitiveBeanCustomizer done
Event: 35.352 Loading class org/apache/commons/beanutils/PrimitiveBeanCustomizer
Event: 35.352 Loading class org/apache/commons/beanutils/PrimitiveBeanCustomizer done
Event: 35.352 Loading class org/apache/commons/beanutils/PrimitiveBeanCustomizer
Event: 35.352 Loading class org/apache/commons/beanutils/PrimitiveBeanCustomizer done
Event: 35.361 Loading class org/apache/log4j/Priority
Event: 35.361 Loading class org/apache/log4j/Priority done
Event: 35.373 Loading class org/apache/commons/beanutils/MappedPropertyTestBeanBeanInfo
Event: 35.373 Loading class org/apache/commons/beanutils/MappedPropertyTestBeanBeanInfo done
Event: 35.375 Loading class org/apache/commons/beanutils/MappedPropertyTestBeanBeanInfo
Event: 35.375 Loading class org/apache/commons/beanutils/MappedPropertyTestBeanBeanInfo done
Event: 35.375 Loading class org/apache/commons/beanutils/MappedPropertyTestBeanBeanInfo
Event: 35.375 Loading class org/apache/commons/beanutils/MappedPropertyTestBeanBeanInfo done
Event: 35.375 Loading class org/apache/commons/beanutils/MappedPropertyTestBeanCustomizer
Event: 35.375 Loading class org/apache/commons/beanutils/MappedPropertyTestBeanCustomizer done
Event: 35.375 Loading class org/apache/commons/beanutils/MappedPropertyTestBeanCustomizer
Event: 35.375 Loading class org/apache/commons/beanutils/MappedPropertyTestBeanCustomizer done
Event: 35.375 Loading class org/apache/commons/beanutils/MappedPropertyTestBeanCustomizer
Event: 35.375 Loading class org/apache/commons/beanutils/MappedPropertyTestBeanCustomizer done

Classes unloaded (1 events):
Event: 30.702 Thread 0x00007ffb1020ec30 Unloading class 0x00007ffa540b6400 'org/apache/commons/beanutils/memoryleaktests/pojotests/CustomInteger'

Classes redefined (20 events):
Event: 9.085 Thread 0x00007ffb1020ec30 redefined class name=org.apache.commons.beanutils.ConvertUtils, count=20
Event: 9.101 Thread 0x00007ffb1020ec30 redefined class name=org.apache.commons.beanutils.ConvertUtils, count=21
Event: 10.913 Thread 0x00007ffb1020ec30 redefined class name=org.apache.commons.beanutils.ConvertUtils, count=22
Event: 10.937 Thread 0x00007ffb1020ec30 redefined class name=org.apache.commons.beanutils.ConvertUtils, count=23
Event: 11.270 Thread 0x00007ffb1020ec30 redefined class name=org.apache.commons.beanutils.ConvertUtils, count=24
Event: 11.283 Thread 0x00007ffb1020ec30 redefined class name=org.apache.commons.beanutils.ConvertUtils, count=25
Event: 11.356 Thread 0x00007ffb1020ec30 redefined class name=org.apache.commons.beanutils.ConvertUtils, count=26
Event: 11.449 Thread 0x00007ffb1020ec30 redefined class name=org.apache.commons.beanutils.ConvertUtils, count=27
Event: 11.495 Thread 0x00007ffb1020ec30 redefined class name=org.apache.commons.beanutils.ConvertUtils, count=28
Event: 11.548 Thread 0x00007ffb1020ec30 redefined class name=org.apache.commons.beanutils.ConvertUtils, count=29
Event: 23.660 Thread 0x00007ffb1020ec30 redefined class name=org.apache.commons.beanutils.ConvertUtils, count=30
Event: 23.703 Thread 0x00007ffb1020ec30 redefined class name=org.apache.commons.beanutils.ConvertUtils, count=31
Event: 25.295 Thread 0x00007ffb1020ec30 redefined class name=org.apache.commons.beanutils.ConvertUtils, count=32
Event: 25.333 Thread 0x00007ffb1020ec30 redefined class name=org.apache.commons.beanutils.ConvertUtils, count=33
Event: 25.433 Thread 0x00007ffb1020ec30 redefined class name=org.apache.commons.beanutils.ConvertUtils, count=34
Event: 25.499 Thread 0x00007ffb1020ec30 redefined class name=org.apache.commons.beanutils.ConvertUtils, count=35
Event: 25.951 Thread 0x00007ffb1020ec30 redefined class name=org.apache.commons.beanutils.ConvertUtils, count=36
Event: 25.959 Thread 0x00007ffb1020ec30 redefined class name=org.apache.commons.beanutils.ConvertUtils, count=37
Event: 26.466 Thread 0x00007ffb1020ec30 redefined class name=org.apache.commons.beanutils.ConvertUtils, count=38
Event: 26.478 Thread 0x00007ffb1020ec30 redefined class name=org.apache.commons.beanutils.ConvertUtils, count=39

Internal exceptions (20 events):
Event: 31.835 Thread 0x00007ffb1046fdb0 Exception <a 'java/lang/ClassNotFoundException'{0x0000000089273af0}: org/apache/commons/beanutils/bugs/Jira157TestCase$2Customizer> (0x0000000089273af0) 
thrown [src/hotspot/share/classfile/systemDictionary.cpp, line 256]
Event: 31.953 Thread 0x00007ffb1046fdb0 Exception <a 'java/lang/ClassNotFoundException'{0x00000000893a9ca0}: org/apache/commons/beanutils/TestBeanBeanInfo> (0x00000000893a9ca0) 
thrown [src/hotspot/share/classfile/systemDictionary.cpp, line 256]
Event: 31.961 Thread 0x00007ffb1046fdb0 Exception <a 'java/lang/ClassNotFoundException'{0x00000000893acfa0}: org/apache/commons/beanutils/TestBeanCustomizer> (0x00000000893acfa0) 
thrown [src/hotspot/share/classfile/systemDictionary.cpp, line 256]
Event: 32.140 Thread 0x00007ffb1046fdb0 Exception <a 'java/lang/ClassNotFoundException'{0x00000000894d22c8}: java/lang/ExceptionBeanInfo> (0x00000000894d22c8) 
thrown [src/hotspot/share/classfile/systemDictionary.cpp, line 256]
Event: 32.140 Thread 0x00007ffb1046fdb0 Exception <a 'java/lang/ClassNotFoundException'{0x00000000894d2ff0}: java/lang/ThrowableBeanInfo> (0x00000000894d2ff0) 
thrown [src/hotspot/share/classfile/systemDictionary.cpp, line 256]
Event: 32.140 Thread 0x00007ffb1046fdb0 Exception <a 'java/lang/ClassNotFoundException'{0x00000000894d3ce8}: java/lang/ThrowableCustomizer> (0x00000000894d3ce8) 
thrown [src/hotspot/share/classfile/systemDictionary.cpp, line 256]
Event: 32.140 Thread 0x00007ffb1046fdb0 Exception <a 'java/lang/ClassNotFoundException'{0x00000000894dd0a8}: java/lang/ExceptionCustomizer> (0x00000000894dd0a8) 
thrown [src/hotspot/share/classfile/systemDictionary.cpp, line 256]
Event: 32.229 Thread 0x00007ffb1046fdb0 Exception <a 'java/lang/ClassNotFoundException'{0x00000000895c9f70}: org/apache/commons/beanutils/AlphaBeanBeanInfo> (0x00000000895c9f70) 
thrown [src/hotspot/share/classfile/systemDictionary.cpp, line 256]
Event: 32.252 Thread 0x00007ffb1046fdb0 Exception <a 'java/lang/ClassNotFoundException'{0x00000000895cd318}: org/apache/commons/beanutils/AbstractParentBeanInfo> (0x00000000895cd318) 
thrown [src/hotspot/share/classfile/systemDictionary.cpp, line 256]
Event: 32.275 Thread 0x00007ffb1046fdb0 Exception <a 'java/lang/ClassNotFoundException'{0x00000000895d06b0}: org/apache/commons/beanutils/AbstractParentCustomizer> (0x00000000895d06b0) 
thrown [src/hotspot/share/classfile/systemDictionary.cpp, line 256]
Event: 32.283 Thread 0x00007ffb1046fdb0 Exception <a 'java/lang/ClassNotFoundException'{0x00000000895d73f8}: org/apache/commons/beanutils/AlphaBeanCustomizer> (0x00000000895d73f8) 
thrown [src/hotspot/share/classfile/systemDictionary.cpp, line 256]
Event: 32.848 Thread 0x00007ffb1046fdb0 Exception <a 'java/lang/ClassNotFoundException'{0x0000000087ff3848}: org/apache/commons/beanutils/bugs/Jira359TestCase$SimplePojoDataBeanInfo> (0x0000000087ff3848) 
thrown [src/hotspot/share/classfile/systemDictionary.cpp, line 256]
Event: 32.849 Thread 0x00007ffb1046fdb0 Exception <a 'java/lang/ClassNotFoundException'{0x0000000087ff6d90}: org/apache/commons/beanutils/bugs/Jira359TestCase$SimplePojoDataCustomizer> (0x0000000087ff6d90) 
thrown [src/hotspot/share/classfile/systemDictionary.cpp, line 256]
Event: 33.421 Thread 0x00007ff9c85b4850 Exception <a 'java/lang/NoClassDefFoundError'{0x000000008cac7e60}: org/apache/log4j/Priority> (0x000000008cac7e60) 
thrown [src/hotspot/share/classfile/systemDictionary.cpp, line 245]
Event: 34.908 Thread 0x00007ffb1046fdb0 Exception <a 'java/lang/NoClassDefFoundError'{0x000000008910d4c0}: org/apache/log4j/Priority> (0x000000008910d4c0) 
thrown [src/hotspot/share/classfile/systemDictionary.cpp, line 245]
Event: 35.351 Thread 0x00007ffb1046f1e0 Exception <a 'java/lang/ClassNotFoundException'{0x000000008584ed28}: org/apache/commons/beanutils/PrimitiveBeanBeanInfo> (0x000000008584ed28) 
thrown [src/hotspot/share/classfile/systemDictionary.cpp, line 256]
Event: 35.352 Thread 0x00007ffb1046f1e0 Exception <a 'java/lang/ClassNotFoundException'{0x00000000858520a0}: org/apache/commons/beanutils/PrimitiveBeanCustomizer> (0x00000000858520a0) 
thrown [src/hotspot/share/classfile/systemDictionary.cpp, line 256]
Event: 35.361 Thread 0x00007ff9bc47cc60 Exception <a 'java/lang/NoClassDefFoundError'{0x00000000859a73d8}: org/apache/log4j/Priority> (0x00000000859a73d8) 
thrown [src/hotspot/share/classfile/systemDictionary.cpp, line 245]
Event: 35.375 Thread 0x00007ffb1046fdb0 Exception <a 'java/lang/ClassNotFoundException'{0x00000000c1059538}: org/apache/commons/beanutils/MappedPropertyTestBeanBeanInfo> (0x00000000c1059538) 
thrown [src/hotspot/share/classfile/systemDictionary.cpp, line 256]
Event: 35.375 Thread 0x00007ffb1046fdb0 Exception <a 'java/lang/ClassNotFoundException'{0x00000000c105c968}: org/apache/commons/beanutils/MappedPropertyTestBeanCustomizer> (0x00000000c105c968) 
thrown [src/hotspot/share/classfile/systemDictionary.cpp, line 256]

VM Operations (20 events):
Event: 36.972 Executing VM operation: G1CollectFull
Event: 37.003 Executing VM operation: G1CollectFull done
Event: 37.006 Executing VM operation: G1CollectFull
Event: 37.045 Executing VM operation: G1CollectFull done
Event: 37.046 Executing VM operation: G1CollectFull
Event: 37.087 Executing VM operation: G1CollectFull done
Event: 37.098 Executing VM operation: G1CollectFull
Event: 37.166 Executing VM operation: G1CollectFull done
Event: 37.166 Executing VM operation: G1TryInitiateConcMark
Event: 37.189 Executing VM operation: G1TryInitiateConcMark done
Event: 37.191 Executing VM operation: G1CollectFull
Event: 37.225 Executing VM operation: G1CollectFull done
Event: 37.226 Executing VM operation: G1CollectFull
Event: 37.248 Executing VM operation: G1CollectFull done
Event: 37.248 Executing VM operation: G1TryInitiateConcMark
Event: 37.249 Executing VM operation: G1TryInitiateConcMark done
Event: 37.268 Executing VM operation: G1CollectFull
Event: 37.292 Executing VM operation: G1CollectFull done
Event: 37.304 Executing VM operation: G1TryInitiateConcMark
Event: 37.318 Executing VM operation: G1TryInitiateConcMark done

Memory protections (20 events):
Event: 35.400 Protecting memory [0x00007ffaa02fe000,0x00007ffaa0302000] with protection modes 0
Event: 35.413 Protecting memory [0x00007ffaa02fe000,0x00007ffaa0302000] with protection modes 0
Event: 35.439 Protecting memory [0x00007ffaa02fe000,0x00007ffaa0302000] with protection modes 0
Event: 35.526 Protecting memory [0x00007ffaa02fe000,0x00007ffaa0302000] with protection modes 0
Event: 35.527 Protecting memory [0x00007ffaa02fe000,0x00007ffaa0302000] with protection modes 0
Event: 35.550 Protecting memory [0x00007ffaa02fe000,0x00007ffaa0302000] with protection modes 0
Event: 35.563 Protecting memory [0x00007ffaa02fe000,0x00007ffaa0302000] with protection modes 0
Event: 35.596 Protecting memory [0x00007ffaa02fe000,0x00007ffaa0302000] with protection modes 0
Event: 35.652 Protecting memory [0x00007ffaa02fe000,0x00007ffaa0302000] with protection modes 0
Event: 35.654 Protecting memory [0x00007ffaa02fe000,0x00007ffaa0302000] with protection modes 0
Event: 35.677 Protecting memory [0x00007ffaa02fe000,0x00007ffaa0302000] with protection modes 0
Event: 35.711 Protecting memory [0x00007ffaa02fe000,0x00007ffaa0302000] with protection modes 0
Event: 35.763 Protecting memory [0x00007ffaa02fe000,0x00007ffaa0302000] with protection modes 0
Event: 35.775 Protecting memory [0x00007ffaa02fe000,0x00007ffaa0302000] with protection modes 0
Event: 35.804 Protecting memory [0x00007ffaa02fe000,0x00007ffaa0302000] with protection modes 0
Event: 35.830 Protecting memory [0x00007ffaa02fe000,0x00007ffaa0302000] with protection modes 0
Event: 35.831 Protecting memory [0x00007ffaa02fe000,0x00007ffaa0302000] with protection modes 0
Event: 35.888 Protecting memory [0x00007ffaa1bfd000,0x00007ffaa1c01000] with protection modes 0
Event: 35.907 Protecting memory [0x00007ffaa1bfd000,0x00007ffaa1c01000] with protection modes 0
Event: 35.940 Protecting memory [0x00007ffaa1bfd000,0x00007ffaa1c01000] with protection modes 0

Nmethod flushes (0 events):
No events

Events (20 events):
Event: 35.655 Thread 0x00007ffb1046fdb0 Thread exited: 0x00007ffb1046fdb0
Event: 35.676 Thread 0x00007ffb10032990 Thread added: 0x00007ffb1046fdb0
Event: 35.677 Thread 0x00007ffb1046fdb0 Thread exited: 0x00007ffb1046fdb0
Event: 35.710 Thread 0x00007ffb10032990 Thread added: 0x00007ffb1046fdb0
Event: 35.711 Thread 0x00007ffb1046fdb0 Thread exited: 0x00007ffb1046fdb0
Event: 35.763 Thread 0x00007ffb10032990 Thread added: 0x00007ffb1046fdb0
Event: 35.764 Thread 0x00007ffb1046fdb0 Thread exited: 0x00007ffb1046fdb0
Event: 35.774 Thread 0x00007ffb10032990 Thread added: 0x00007ffb1046fdb0
Event: 35.776 Thread 0x00007ffb1046fdb0 Thread exited: 0x00007ffb1046fdb0
Event: 35.804 Thread 0x00007ffb10032990 Thread added: 0x00007ffb1046fdb0
Event: 35.806 Thread 0x00007ffb1046fdb0 Thread exited: 0x00007ffb1046fdb0
Event: 35.823 Thread 0x00007ffb10032990 Thread added: 0x00007ffb1046fdb0
Event: 35.831 Thread 0x00007ffb1046fdb0 Thread exited: 0x00007ffb1046fdb0
Event: 35.831 Thread 0x00007ffb10032990 Thread added: 0x00007ffb1046fdb0
Event: 35.832 Thread 0x00007ffb1046fdb0 Thread exited: 0x00007ffb1046fdb0
Event: 35.887 Thread 0x00007ffb10032990 Thread added: 0x00007ffb1046f1e0
Event: 35.888 Thread 0x00007ffb1046f1e0 Thread exited: 0x00007ffb1046f1e0
Event: 35.907 Thread 0x00007ffb10032990 Thread added: 0x00007ffb1046fdb0
Event: 35.908 Thread 0x00007ffb1046fdb0 Thread exited: 0x00007ffb1046fdb0
Event: 35.933 Thread 0x00007ffb10032990 Thread added: 0x00007ffb1046fdb0


Dynamic libraries:
82000000-8e000000 rw-p 00000000 00:00 0 
8f000000-7fe000000 ---p 00000000 00:00 0 
7fe000000-7fef00000 rw-p 00000000 00:00 0 
7fef00000-7fef75000 rw-p 00c79000 00:33 8596472648                       /sfs/gpfs/tardis/applications/202512/software/standard/core/java/17/lib/server/classes.jsa
7fef75000-7ff000000 rw-p 00000000 00:00 0 
7ff000000-7ff078000 rw-p 00c01000 00:33 8596472648                       /sfs/gpfs/tardis/applications/202512/software/standard/core/java/17/lib/server/classes.jsa
7ff078000-800000000 rw-p 00000000 00:00 0 
55fb3ab2f000-55fb3ab30000 r--p 00000000 00:33 8596472430                 /sfs/gpfs/tardis/applications/202512/software/standard/core/java/17/bin/java
55fb3ab30000-55fb3ab31000 r-xp 00001000 00:33 8596472430                 /sfs/gpfs/tardis/applications/202512/software/standard/core/java/17/bin/java
55fb3ab31000-55fb3ab32000 r--p 00002000 00:33 8596472430                 /sfs/gpfs/tardis/applications/202512/software/standard/core/java/17/bin/java
55fb3ab32000-55fb3ab33000 r--p 00002000 00:33 8596472430                 /sfs/gpfs/tardis/applications/202512/software/standard/core/java/17/bin/java
55fb3ab33000-55fb3ab34000 rw-p 00003000 00:33 8596472430                 /sfs/gpfs/tardis/applications/202512/software/standard/core/java/17/bin/java
55fb3c27e000-55fb3c2c6000 rw-p 00000000 00:00 0                          [heap]
7ff9b4000000-7ff9b462f000 rw-p 00000000 00:00 0 
7ff9b462f000-7ff9b8000000 ---p 00000000 00:00 0 
7ff9bc000000-7ff9bccc9000 rw-p 00000000 00:00 0 
7ff9bccc9000-7ff9c0000000 ---p 00000000 00:00 0 
7ff9c0000000-7ff9c01b3000 rw-p 00000000 00:00 0 
7ff9c01b3000-7ff9c4000000 ---p 00000000 00:00 0 
7ff9c4000000-7ff9c4021000 rw-p 00000000 00:00 0 
7ff9c4021000-7ff9c8000000 ---p 00000000 00:00 0 
7ff9c8000000-7ff9c9db6000 rw-p 00000000 00:00 0 
7ff9c9db6000-7ff9cc000000 ---p 00000000 00:00 0 
7ff9cc000000-7ff9cc021000 rw-p 00000000 00:00 0 
7ff9cc021000-7ff9d0000000 ---p 00000000 00:00 0 
7ff9d0000000-7ff9d0021000 rw-p 00000000 00:00 0 
7ff9d0021000-7ff9d4000000 ---p 00000000 00:00 0 
7ff9d4000000-7ff9d4021000 rw-p 00000000 00:00 0 
7ff9d4021000-7ff9d8000000 ---p 00000000 00:00 0 
7ff9d8000000-7ff9d8021000 rw-p 00000000 00:00 0 
7ff9d8021000-7ff9dc000000 ---p 00000000 00:00 0 
7ff9dc000000-7ff9dc021000 rw-p 00000000 00:00 0 
7ff9dc021000-7ff9e0000000 ---p 00000000 00:00 0 
7ff9e0000000-7ff9e0021000 rw-p 00000000 00:00 0 
7ff9e0021000-7ff9e4000000 ---p 00000000 00:00 0 
7ff9e4000000-7ff9e4021000 rw-p 00000000 00:00 0 
7ff9e4021000-7ff9e8000000 ---p 00000000 00:00 0 
7ff9e8000000-7ff9e8021000 rw-p 00000000 00:00 0 
7ff9e8021000-7ff9ec000000 ---p 00000000 00:00 0 
7ff9ec000000-7ff9ec021000 rw-p 00000000 00:00 0 
7ff9ec021000-7ff9f0000000 ---p 00000000 00:00 0 
7ff9f0000000-7ff9f0021000 rw-p 00000000 00:00 0 
7ff9f0021000-7ff9f4000000 ---p 00000000 00:00 0 
7ff9f4000000-7ff9f4069000 rw-p 00000000 00:00 0 
7ff9f4069000-7ff9f8000000 ---p 00000000 00:00 0 
7ff9f8000000-7ff9f8021000 rw-p 00000000 00:00 0 
7ff9f8021000-7ff9fc000000 ---p 00000000 00:00 0 
7ff9fc000000-7ff9fc192000 rw-p 00000000 00:00 0 
7ff9fc192000-7ffa00000000 ---p 00000000 00:00 0 
7ffa00000000-7ffa00021000 rw-p 00000000 00:00 0 
7ffa00021000-7ffa04000000 ---p 00000000 00:00 0 
7ffa04000000-7ffa046b9000 rw-p 00000000 00:00 0 
7ffa046b9000-7ffa08000000 ---p 00000000 00:00 0 
7ffa08000000-7ffa084e5000 rw-p 00000000 00:00 0 
7ffa084e5000-7ffa0c000000 ---p 00000000 00:00 0 
7ffa0c000000-7ffa0c021000 rw-p 00000000 00:00 0 
7ffa0c021000-7ffa10000000 ---p 00000000 00:00 0 
7ffa10000000-7ffa10c7e000 rw-p 00000000 00:00 0 
7ffa10c7e000-7ffa14000000 ---p 00000000 00:00 0 
7ffa14000000-7ffa1513b000 rw-p 00000000 00:00 0 
7ffa1513b000-7ffa18000000 ---p 00000000 00:00 0 
7ffa18000000-7ffa18021000 rw-p 00000000 00:00 0 
7ffa18021000-7ffa1c000000 ---p 00000000 00:00 0 
7ffa1c000000-7ffa1c368000 rw-p 00000000 00:00 0 
7ffa1c368000-7ffa20000000 ---p 00000000 00:00 0 
7ffa20000000-7ffa20021000 rw-p 00000000 00:00 0 
7ffa20021000-7ffa24000000 ---p 00000000 00:00 0 
7ffa24000000-7ffa24206000 rw-p 00000000 00:00 0 
7ffa24206000-7ffa28000000 ---p 00000000 00:00 0 
7ffa28000000-7ffa28164000 rw-p 00000000 00:00 0 
7ffa28164000-7ffa2c000000 ---p 00000000 00:00 0 
7ffa2c000000-7ffa2c381000 rw-p 00000000 00:00 0 
7ffa2c381000-7ffa30000000 ---p 00000000 00:00 0 
7ffa30000000-7ffa30021000 rw-p 00000000 00:00 0 
7ffa30021000-7ffa34000000 ---p 00000000 00:00 0 
7ffa34000000-7ffa34021000 rw-p 00000000 00:00 0 
7ffa34021000-7ffa38000000 ---p 00000000 00:00 0 
7ffa38000000-7ffa39598000 rw-p 00000000 00:00 0 
7ffa39598000-7ffa3c000000 ---p 00000000 00:00 0 
7ffa3c000000-7ffa3c021000 rw-p 00000000 00:00 0 
7ffa3c021000-7ffa40000000 ---p 00000000 00:00 0 
7ffa40000000-7ffa40021000 rw-p 00000000 00:00 0 
7ffa40021000-7ffa44000000 ---p 00000000 00:00 0 
7ffa44000000-7ffa44021000 rw-p 00000000 00:00 0 
7ffa44021000-7ffa48000000 ---p 00000000 00:00 0 
7ffa48000000-7ffa48021000 rw-p 00000000 00:00 0 
7ffa48021000-7ffa4c000000 ---p 00000000 00:00 0 
7ffa4c000000-7ffa4f0d7000 rw-p 00000000 00:00 0 
7ffa4f0d7000-7ffa50000000 ---p 00000000 00:00 0 
7ffa51ab8000-7ffa51b3b000 r-xp 00000000 00:29 41353112                   /usr/lib64/libpcre2-8.so.0.7.1
7ffa51b3b000-7ffa51d3a000 ---p 00083000 00:29 41353112                   /usr/lib64/libpcre2-8.so.0.7.1
7ffa51d3a000-7ffa51d3b000 r--p 00082000 00:29 41353112                   /usr/lib64/libpcre2-8.so.0.7.1
7ffa51d3b000-7ffa51d3c000 rw-p 00083000 00:29 41353112                   /usr/lib64/libpcre2-8.so.0.7.1
7ffa51d3c000-7ffa51d63000 r-xp 00000000 00:29 15589389                   /usr/lib64/libselinux.so.1
7ffa51d63000-7ffa51f63000 ---p 00027000 00:29 15589389                   /usr/lib64/libselinux.so.1
7ffa51f63000-7ffa51f64000 r--p 00027000 00:29 15589389                   /usr/lib64/libselinux.so.1
7ffa51f64000-7ffa51f65000 rw-p 00028000 00:29 15589389                   /usr/lib64/libselinux.so.1
7ffa51f65000-7ffa51f67000 rw-p 00000000 00:00 0 
7ffa51f67000-7ffa51f6e000 r-xp 00000000 00:29 15589624                   /usr/lib64/libuuid.so.1.3.0
7ffa51f6e000-7ffa5216d000 ---p 00007000 00:29 15589624                   /usr/lib64/libuuid.so.1.3.0
7ffa5216d000-7ffa5216e000 r--p 00006000 00:29 15589624                   /usr/lib64/libuuid.so.1.3.0
7ffa5216e000-7ffa5216f000 rw-p 00000000 00:00 0 
7ffa5216f000-7ffa521bc000 r-xp 00000000 00:29 41352403                   /usr/lib64/libblkid.so.1.1.0
7ffa521bc000-7ffa523bb000 ---p 0004d000 00:29 41352403                   /usr/lib64/libblkid.so.1.1.0
7ffa523bb000-7ffa523c0000 r--p 0004c000 00:29 41352403                   /usr/lib64/libblkid.so.1.1.0
7ffa523c0000-7ffa523c1000 rw-p 00051000 00:29 41352403                   /usr/lib64/libblkid.so.1.1.0
7ffa523c1000-7ffa523c2000 rw-p 00000000 00:00 0 
7ffa523c2000-7ffa523d9000 r-xp 00000000 00:29 41352625                   /usr/lib64/libgcc_s-8-20210514.so.1
7ffa523d9000-7ffa525d8000 ---p 00017000 00:29 41352625                   /usr/lib64/libgcc_s-8-20210514.so.1
7ffa525d8000-7ffa525d9000 r--p 00016000 00:29 41352625                   /usr/lib64/libgcc_s-8-20210514.so.1
7ffa525d9000-7ffa525da000 rw-p 00017000 00:29 41352625                   /usr/lib64/libgcc_s-8-20210514.so.1
7ffa525da000-7ffa52630000 r-xp 00000000 00:29 41352921                   /usr/lib64/libmount.so.1.1.0
7ffa52630000-7ffa5282f000 ---p 00056000 00:29 41352921                   /usr/lib64/libmount.so.1.1.0
7ffa5282f000-7ffa52832000 r--p 00055000 00:29 41352921                   /usr/lib64/libmount.so.1.1.0
7ffa52832000-7ffa52833000 rw-p 00058000 00:29 41352921                   /usr/lib64/libmount.so.1.1.0
7ffa52833000-7ffa52834000 rw-p 00000000 00:00 0 
7ffa52834000-7ffa528d8000 r-xp 00000000 00:29 41353002                   /usr/lib64/libnss_myhostname.so.2
7ffa528d8000-7ffa52ad8000 ---p 000a4000 00:29 41353002                   /usr/lib64/libnss_myhostname.so.2
7ffa52ad8000-7ffa52adf000 r--p 000a4000 00:29 41353002                   /usr/lib64/libnss_myhostname.so.2
7ffa52adf000-7ffa52ae0000 rw-p 000ab000 00:29 41353002                   /usr/lib64/libnss_myhostname.so.2
7ffa52ae0000-7ffa52af4000 r-xp 00000000 00:29 41353187                   /usr/lib64/libresolv-2.28.so
7ffa52af4000-7ffa52cf4000 ---p 00014000 00:29 41353187                   /usr/lib64/libresolv-2.28.so
7ffa52cf4000-7ffa52cf5000 r--p 00014000 00:29 41353187                   /usr/lib64/libresolv-2.28.so
7ffa52cf5000-7ffa52cf6000 rw-p 00015000 00:29 41353187                   /usr/lib64/libresolv-2.28.so
7ffa52cf6000-7ffa52cf8000 rw-p 00000000 00:00 0 
7ffa52cf8000-7ffa52cfd000 r-xp 00000000 00:29 41352994                   /usr/lib64/libnss_dns-2.28.so
7ffa52cfd000-7ffa52efd000 ---p 00005000 00:29 41352994                   /usr/lib64/libnss_dns-2.28.so
7ffa52efd000-7ffa52efe000 r--p 00005000 00:29 41352994                   /usr/lib64/libnss_dns-2.28.so
7ffa52efe000-7ffa52eff000 rw-p 00006000 00:29 41352994                   /usr/lib64/libnss_dns-2.28.so
7ffa52eff000-7ffa52f04000 ---p 00000000 00:00 0 
7ffa52f04000-7ffa53000000 rw-p 00000000 00:00 0 
7ffa53000000-7ffa53455000 rw-p 00001000 00:33 8596472648                 /sfs/gpfs/tardis/applications/202512/software/standard/core/java/17/lib/server/classes.jsa
7ffa53455000-7ffa53bc9000 rw-p 00456000 00:33 8596472648                 /sfs/gpfs/tardis/applications/202512/software/standard/core/java/17/lib/server/classes.jsa
7ffa53bc9000-7ffa54000000 ---p 00000000 00:00 0 
7ffa54000000-7ffa54040000 rw-p 00000000 00:00 0 
7ffa54040000-7ffa540c0000 rw-p 00000000 00:00 0 
7ffa540c0000-7ffa540f0000 rw-p 00000000 00:00 0 
7ffa540f0000-7ffa54100000 ---p 00000000 00:00 0 
7ffa54100000-7ffa54130000 rw-p 00000000 00:00 0 
7ffa54130000-7ffa94000000 ---p 00000000 00:00 0 
7ffa94000000-7ffa94021000 rw-p 00000000 00:00 0 
7ffa94021000-7ffa98000000 ---p 00000000 00:00 0 
7ffa98000000-7ffa98400000 rw-p 00000000 00:00 0 
7ffa98400000-7ffa98780000 rw-p 00000000 00:00 0 
7ffa98780000-7ffa98800000 rw-p 00000000 00:00 0 
7ffa98800000-7ffa98850000 rw-p 00000000 00:00 0 
7ffa98850000-7ffa98900000 ---p 00000000 00:00 0 
7ffa98900000-7ffa98930000 rw-p 00000000 00:00 0 
7ffa98930000-7ffa9c000000 ---p 00000000 00:00 0 
7ffa9c000000-7ffa9c021000 rw-p 00000000 00:00 0 
7ffa9c021000-7ffaa0000000 ---p 00000000 00:00 0 
7ffaa00fb000-7ffaa0100000 ---p 00000000 00:00 0 
7ffaa0100000-7ffaa01fc000 rw-p 00000000 00:00 0 
7ffaa01fc000-7ffaa0201000 ---p 00000000 00:00 0 
7ffaa0201000-7ffaa02fd000 rw-p 00000000 00:00 0 
7ffaa02fd000-7ffaa0302000 ---p 00000000 00:00 0 
7ffaa0302000-7ffaa03fe000 rw-p 00000000 00:00 0 
7ffaa03fe000-7ffaa03ff000 ---p 00000000 00:00 0 
7ffaa03ff000-7ffaa04ff000 rw-p 00000000 00:00 0 
7ffaa04ff000-7ffaa0500000 ---p 00000000 00:00 0 
7ffaa0500000-7ffaa0600000 rw-p 00000000 00:00 0 
7ffaa0600000-7ffaa0601000 ---p 00000000 00:00 0 
7ffaa0601000-7ffaa0701000 rw-p 00000000 00:00 0 
7ffaa0701000-7ffaa0702000 ---p 00000000 00:00 0 
7ffaa0702000-7ffaa0802000 rw-p 00000000 00:00 0 
7ffaa0802000-7ffaa0803000 ---p 00000000 00:00 0 
7ffaa0803000-7ffaa0903000 rw-p 00000000 00:00 0 
7ffaa0903000-7ffaa0904000 ---p 00000000 00:00 0 
7ffaa0904000-7ffaa0a04000 rw-p 00000000 00:00 0 
7ffaa0a04000-7ffaa0a05000 ---p 00000000 00:00 0 
7ffaa0a05000-7ffaa0b05000 rw-p 00000000 00:00 0 
7ffaa0b05000-7ffaa0b06000 ---p 00000000 00:00 0 
7ffaa0b06000-7ffaa0c06000 rw-p 00000000 00:00 0 
7ffaa0c06000-7ffaa0c07000 ---p 00000000 00:00 0 
7ffaa0c07000-7ffaa0d07000 rw-p 00000000 00:00 0 
7ffaa0d07000-7ffaa0d08000 ---p 00000000 00:00 0 
7ffaa0d08000-7ffaa0e08000 rw-p 00000000 00:00 0 
7ffaa0e08000-7ffaa0e09000 ---p 00000000 00:00 0 
7ffaa0e09000-7ffaa0f09000 rw-p 00000000 00:00 0 
7ffaa0f09000-7ffaa0f0a000 ---p 00000000 00:00 0 
7ffaa0f0a000-7ffaa100a000 rw-p 00000000 00:00 0 
7ffaa100a000-7ffaa100f000 ---p 00000000 00:00 0 
7ffaa100f000-7ffaa110b000 rw-p 00000000 00:00 0 
7ffaa11f2000-7ffaa11f7000 ---p 00000000 00:00 0 
7ffaa11f7000-7ffaa12f3000 rw-p 00000000 00:00 0 
7ffaa12f3000-7ffaa12f8000 ---p 00000000 00:00 0 
7ffaa12f8000-7ffaa13f4000 rw-p 00000000 00:00 0 
7ffaa13f4000-7ffaa13f9000 ---p 00000000 00:00 0 
7ffaa13f9000-7ffaa14f5000 rw-p 00000000 00:00 0 
7ffaa14f5000-7ffaa14fa000 ---p 00000000 00:00 0 
7ffaa14fa000-7ffaa15f6000 rw-p 00000000 00:00 0 
7ffaa15f6000-7ffaa15fb000 ---p 00000000 00:00 0 
7ffaa15fb000-7ffaa16f7000 rw-p 00000000 00:00 0 
7ffaa16f7000-7ffaa16f8000 ---p 00000000 00:00 0 
7ffaa16f8000-7ffaa17f8000 rw-p 00000000 00:00 0 
7ffaa17f8000-7ffaa17f9000 ---p 00000000 00:00 0 
7ffaa17f9000-7ffaa17fd000 ---p 00000000 00:00 0 
7ffaa17fd000-7ffaa18f9000 rw-p 00000000 00:00 0 
7ffaa18f9000-7ffaa18fe000 ---p 00000000 00:00 0 
7ffaa18fe000-7ffaa19fa000 rw-p 00000000 00:00 0 
7ffaa19fa000-7ffaa19ff000 ---p 00000000 00:00 0 
7ffaa19ff000-7ffaa1afb000 rw-p 00000000 00:00 0 
7ffaa1afb000-7ffaa1afc000 ---p 00000000 00:00 0 
7ffaa1afc000-7ffaa1b00000 ---p 00000000 00:00 0 
7ffaa1b00000-7ffaa1bfc000 rw-p 00000000 00:00 0 
7ffaa1bfc000-7ffaa1bfd000 ---p 00000000 00:00 0 
7ffaa1bfd000-7ffaa1c01000 ---p 00000000 00:00 0 
7ffaa1c01000-7ffaa1cfd000 rw-p 00000000 00:00 0 
7ffaa1cfd000-7ffaa1d02000 ---p 00000000 00:00 0 
7ffaa1d02000-7ffaa1dfe000 rw-p 00000000 00:00 0 
7ffaa1dfe000-7ffaa1dff000 ---p 00000000 00:00 0 
7ffaa1dff000-7ffaa1e03000 ---p 00000000 00:00 0 
7ffaa1e03000-7ffaa1eff000 rw-p 00000000 00:00 0 
7ffaa1eff000-7ffaa1f00000 ---p 00000000 00:00 0 
7ffaa1f00000-7ffaa1f04000 ---p 00000000 00:00 0 
7ffaa1f04000-7ffaa4021000 rw-p 00000000 00:00 0 
7ffaa4021000-7ffaa8000000 ---p 00000000 00:00 0 
7ffaa8000000-7ffaa8021000 rw-p 00000000 00:00 0 
7ffaa8021000-7ffaac000000 ---p 00000000 00:00 0 
7ffaac000000-7ffaac021000 rw-p 00000000 00:00 0 
7ffaac021000-7ffab0000000 ---p 00000000 00:00 0 
7ffab006a000-7ffab006c000 r--p 00000000 00:33 8596472625                 /sfs/gpfs/tardis/applications/202512/software/standard/core/java/17/lib/libmanagement_ext.so
7ffab006c000-7ffab006f000 r-xp 00002000 00:33 8596472625                 /sfs/gpfs/tardis/applications/202512/software/standard/core/java/17/lib/libmanagement_ext.so
7ffab006f000-7ffab0070000 r--p 00005000 00:33 8596472625                 /sfs/gpfs/tardis/applications/202512/software/standard/core/java/17/lib/libmanagement_ext.so
7ffab0070000-7ffab0071000 ---p 00006000 00:33 8596472625                 /sfs/gpfs/tardis/applications/202512/software/standard/core/java/17/lib/libmanagement_ext.so
7ffab0071000-7ffab0072000 r--p 00006000 00:33 8596472625                 /sfs/gpfs/tardis/applications/202512/software/standard/core/java/17/lib/libmanagement_ext.so
7ffab0072000-7ffab0073000 rw-p 00007000 00:33 8596472625                 /sfs/gpfs/tardis/applications/202512/software/standard/core/java/17/lib/libmanagement_ext.so
7ffab0073000-7ffab0074000 ---p 00000000 00:00 0 
7ffab0074000-7ffab0078000 ---p 00000000 00:00 0 
7ffab0078000-7ffab0174000 rw-p 00000000 00:00 0 
7ffab0174000-7ffab0175000 ---p 00000000 00:00 0 
7ffab0175000-7ffab0179000 ---p 00000000 00:00 0 
7ffab0179000-7ffab0275000 rw-p 00000000 00:00 0 
7ffab0275000-7ffab0276000 ---p 00000000 00:00 0 
7ffab0276000-7ffab027a000 ---p 00000000 00:00 0 
7ffab027a000-7ffab0376000 rw-p 00000000 00:00 0 
7ffab0376000-7ffab0377000 ---p 00000000 00:00 0 
7ffab0377000-7ffab037b000 ---p 00000000 00:00 0 
7ffab037b000-7ffab0477000 rw-p 00000000 00:00 0 
7ffab0477000-7ffab0478000 ---p 00000000 00:00 0 
7ffab0478000-7ffab047c000 ---p 00000000 00:00 0 
7ffab047c000-7ffab0578000 rw-p 00000000 00:00 0 
7ffab0578000-7ffab0579000 ---p 00000000 00:00 0 
7ffab0579000-7ffab057d000 ---p 00000000 00:00 0 
7ffab057d000-7ffab0679000 rw-p 00000000 00:00 0 
7ffab0679000-7ffab067a000 ---p 00000000 00:00 0 
7ffab067a000-7ffab077a000 rw-p 00000000 00:00 0 
7ffab077a000-7ffab077f000 r--p 00000000 00:33 8596472621                 /sfs/gpfs/tardis/applications/202512/software/standard/core/java/17/lib/libjsvml.so
7ffab077f000-7ffab07c0000 r-xp 00005000 00:33 8596472621                 /sfs/gpfs/tardis/applications/202512/software/standard/core/java/17/lib/libjsvml.so
7ffab07c0000-7ffab0849000 r--p 00046000 00:33 8596472621                 /sfs/gpfs/tardis/applications/202512/software/standard/core/java/17/lib/libjsvml.so
7ffab0849000-7ffab084a000 r--p 000ce000 00:33 8596472621                 /sfs/gpfs/tardis/applications/202512/software/standard/core/java/17/lib/libjsvml.so
7ffab084a000-7ffab084b000 rw-p 000cf000 00:33 8596472621                 /sfs/gpfs/tardis/applications/202512/software/standard/core/java/17/lib/libjsvml.so
7ffab084b000-7ffab0968000 rw-p 00000000 00:00 0 
7ffab0970000-7ffab0973000 r--p 00000000 00:33 8596472623                 /sfs/gpfs/tardis/applications/202512/software/standard/core/java/17/lib/libmanagement.so
7ffab0973000-7ffab0974000 r-xp 00003000 00:33 8596472623                 /sfs/gpfs/tardis/applications/202512/software/standard/core/java/17/lib/libmanagement.so
7ffab0974000-7ffab0975000 r--p 00004000 00:33 8596472623                 /sfs/gpfs/tardis/applications/202512/software/standard/core/java/17/lib/libmanagement.so
7ffab0975000-7ffab0976000 r--p 00004000 00:33 8596472623                 /sfs/gpfs/tardis/applications/202512/software/standard/core/java/17/lib/libmanagement.so
7ffab0976000-7ffab0977000 rw-p 00005000 00:33 8596472623                 /sfs/gpfs/tardis/applications/202512/software/standard/core/java/17/lib/libmanagement.so
7ffab0977000-7ffab097b000 r--p 00000000 00:33 8596472635                 /sfs/gpfs/tardis/applications/202512/software/standard/core/java/17/lib/libverify.so
7ffab097b000-7ffab0982000 r-xp 00004000 00:33 8596472635                 /sfs/gpfs/tardis/applications/202512/software/standard/core/java/17/lib/libverify.so
7ffab0982000-7ffab0984000 r--p 0000b000 00:33 8596472635                 /sfs/gpfs/tardis/applications/202512/software/standard/core/java/17/lib/libverify.so
7ffab0984000-7ffab0986000 r--p 0000c000 00:33 8596472635                 /sfs/gpfs/tardis/applications/202512/software/standard/core/java/17/lib/libverify.so
7ffab0986000-7ffab0987000 rw-p 0000e000 00:33 8596472635                 /sfs/gpfs/tardis/applications/202512/software/standard/core/java/17/lib/libverify.so
7ffab0987000-7ffab098b000 r--p 00000000 00:33 8596472627                 /sfs/gpfs/tardis/applications/202512/software/standard/core/java/17/lib/libnet.so
7ffab098b000-7ffab0999000 r-xp 00004000 00:33 8596472627                 /sfs/gpfs/tardis/applications/202512/software/standard/core/java/17/lib/libnet.so
7ffab0999000-7ffab099d000 r--p 00012000 00:33 8596472627                 /sfs/gpfs/tardis/applications/202512/software/standard/core/java/17/lib/libnet.so
7ffab099d000-7ffab099e000 r--p 00015000 00:33 8596472627                 /sfs/gpfs/tardis/applications/202512/software/standard/core/java/17/lib/libnet.so
7ffab099e000-7ffab099f000 rw-p 00016000 00:33 8596472627                 /sfs/gpfs/tardis/applications/202512/software/standard/core/java/17/lib/libnet.so
7ffab099f000-7ffab09a0000 ---p 00000000 00:00 0 
7ffab09a0000-7ffab0aa0000 rw-p 00000000 00:00 0 
7ffab0aa0000-7ffab0aa1000 ---p 00000000 00:00 0 
7ffab0aa1000-7ffab1db3000 rw-p 00000000 00:00 0 
7ffab1db3000-7ffab1db4000 ---p 00000000 00:00 0 
7ffab1db4000-7ffab1eb4000 rw-p 00000000 00:00 0 
7ffab1eb4000-7ffab1eb5000 ---p 00000000 00:00 0 
7ffab1eb5000-7ffab1fb5000 rw-p 00000000 00:00 0 
7ffab1fb5000-7ffab1fb6000 ---p 00000000 00:00 0 
7ffab1fb6000-7ffab242e000 rw-p 00000000 00:00 0 
7ffab242e000-7ffad002e000 ---p 00000000 00:00 0 
7ffad002e000-7ffad03ae000 rw-p 00000000 00:00 0 
7ffad03ae000-7ffaedfae000 ---p 00000000 00:00 0 
7ffaedfae000-7ffaee08e000 rw-p 00000000 00:00 0 
7ffaee08e000-7ffaf1c0e000 ---p 00000000 00:00 0 
7ffaf1c0e000-7ffaf1c7e000 rw-p 00000000 00:00 0 
7ffaf1c7e000-7ffaf57fe000 ---p 00000000 00:00 0 
7ffaf57fe000-7ffaf586e000 rw-p 00000000 00:00 0 
7ffaf586e000-7ffaf93ee000 ---p 00000000 00:00 0 
7ffaf93ee000-7ffaf93fe000 rw-p 00000000 00:00 0 
7ffaf93fe000-7ffaf9c2e000 rwxp 00000000 00:00 0 
7ffaf9c2e000-7ffb0085d000 ---p 00000000 00:00 0 
7ffb0085d000-7ffb00b4d000 rwxp 00000000 00:00 0 
7ffb00b4d000-7ffb00f9e000 ---p 00000000 00:00 0 
7ffb00f9e000-7ffb0128e000 rwxp 00000000 00:00 0 
7ffb0128e000-7ffb083fe000 ---p 00000000 00:00 0 
7ffb083fe000-7ffb10000000 r--s 00000000 00:33 8596472637                 /sfs/gpfs/tardis/applications/202512/software/standard/core/java/17/lib/modules
7ffb10000000-7ffb1052b000 rw-p 00000000 00:00 0 
7ffb1052b000-7ffb14000000 ---p 00000000 00:00 0 
7ffb14005000-7ffb1400c000 r--p 00000000 00:33 8596472628                 /sfs/gpfs/tardis/applications/202512/software/standard/core/java/17/lib/libnio.so
7ffb1400c000-7ffb14015000 r-xp 00007000 00:33 8596472628                 /sfs/gpfs/tardis/applications/202512/software/standard/core/java/17/lib/libnio.so
7ffb14015000-7ffb14019000 r--p 00010000 00:33 8596472628                 /sfs/gpfs/tardis/applications/202512/software/standard/core/java/17/lib/libnio.so
7ffb14019000-7ffb1401a000 ---p 00014000 00:33 8596472628                 /sfs/gpfs/tardis/applications/202512/software/standard/core/java/17/lib/libnio.so
7ffb1401a000-7ffb1401b000 r--p 00014000 00:33 8596472628                 /sfs/gpfs/tardis/applications/202512/software/standard/core/java/17/lib/libnio.so
7ffb1401b000-7ffb1401c000 rw-p 00015000 00:33 8596472628                 /sfs/gpfs/tardis/applications/202512/software/standard/core/java/17/lib/libnio.so
7ffb1401c000-7ffb15418000 rw-p 00000000 00:00 0 
7ffb15418000-7ffb154fb000 ---p 00000000 00:00 0 
7ffb154fb000-7ffb1550c000 rw-p 00000000 00:00 0 
7ffb1550c000-7ffb155e4000 ---p 00000000 00:00 0 
7ffb155e4000-7ffb155e6000 r--p 00000000 00:33 8596472636                 /sfs/gpfs/tardis/applications/202512/software/standard/core/java/17/lib/libzip.so
7ffb155e6000-7ffb155f8000 r-xp 00002000 00:33 8596472636                 /sfs/gpfs/tardis/applications/202512/software/standard/core/java/17/lib/libzip.so
7ffb155f8000-7ffb15600000 r--p 00014000 00:33 8596472636                 /sfs/gpfs/tardis/applications/202512/software/standard/core/java/17/lib/libzip.so
7ffb15600000-7ffb15601000 r--p 0001b000 00:33 8596472636                 /sfs/gpfs/tardis/applications/202512/software/standard/core/java/17/lib/libzip.so
7ffb15601000-7ffb15602000 rw-p 0001c000 00:33 8596472636                 /sfs/gpfs/tardis/applications/202512/software/standard/core/java/17/lib/libzip.so
7ffb15602000-7ffb1560d000 r-xp 00000000 00:29 41352995                   /usr/lib64/libnss_files-2.28.so
7ffb1560d000-7ffb1580d000 ---p 0000b000 00:29 41352995                   /usr/lib64/libnss_files-2.28.so
7ffb1580d000-7ffb1580e000 r--p 0000b000 00:29 41352995                   /usr/lib64/libnss_files-2.28.so
7ffb1580e000-7ffb1580f000 rw-p 0000c000 00:29 41352995                   /usr/lib64/libnss_files-2.28.so
7ffb1580f000-7ffb15815000 rw-p 00000000 00:00 0 
7ffb15815000-7ffb1581c000 r-xp 00000000 00:29 41352993                   /usr/lib64/libnss_db-2.28.so
7ffb1581c000-7ffb15a1b000 ---p 00007000 00:29 41352993                   /usr/lib64/libnss_db-2.28.so
7ffb15a1b000-7ffb15a1c000 r--p 00006000 00:29 41352993                   /usr/lib64/libnss_db-2.28.so
7ffb15a1c000-7ffb15a1d000 rw-p 00007000 00:29 41352993                   /usr/lib64/libnss_db-2.28.so
7ffb15a1d000-7ffb15a20000 rw-p 00000000 00:00 0 
7ffb15a20000-7ffb15c98000 r--p 00000000 00:29 42290259                   /usr/lib/locale/en_US.utf8/LC_COLLATE
7ffb15c98000-7ffb15e19000 r-xp 00000000 00:29 41352876                   /usr/lib64/libm-2.28.so
7ffb15e19000-7ffb16018000 ---p 00181000 00:29 41352876                   /usr/lib64/libm-2.28.so
7ffb16018000-7ffb16019000 r--p 00180000 00:29 41352876                   /usr/lib64/libm-2.28.so
7ffb16019000-7ffb1601a000 rw-p 00181000 00:29 41352876                   /usr/lib64/libm-2.28.so
7ffb1601a000-7ffb16021000 r-xp 00000000 00:29 41353205                   /usr/lib64/librt-2.28.so
7ffb16021000-7ffb16220000 ---p 00007000 00:29 41353205                   /usr/lib64/librt-2.28.so
7ffb16220000-7ffb16221000 r--p 00006000 00:29 41353205                   /usr/lib64/librt-2.28.so
7ffb16221000-7ffb16222000 rw-p 00007000 00:29 41353205                   /usr/lib64/librt-2.28.so
7ffb16222000-7ffb16475000 r--p 00000000 00:33 8596472651                 /sfs/gpfs/tardis/applications/202512/software/standard/core/java/17/lib/server/libjvm.so
7ffb16475000-7ffb1719e000 r-xp 00253000 00:33 8596472651                 /sfs/gpfs/tardis/applications/202512/software/standard/core/java/17/lib/server/libjvm.so
7ffb1719e000-7ffb1742b000 r--p 00f7c000 00:33 8596472651                 /sfs/gpfs/tardis/applications/202512/software/standard/core/java/17/lib/server/libjvm.so
7ffb1742b000-7ffb1742c000 ---p 01209000 00:33 8596472651                 /sfs/gpfs/tardis/applications/202512/software/standard/core/java/17/lib/server/libjvm.so
7ffb1742c000-7ffb174e5000 r--p 01209000 00:33 8596472651                 /sfs/gpfs/tardis/applications/202512/software/standard/core/java/17/lib/server/libjvm.so
7ffb174e5000-7ffb1751a000 rw-p 012c2000 00:33 8596472651                 /sfs/gpfs/tardis/applications/202512/software/standard/core/java/17/lib/server/libjvm.so
7ffb1751a000-7ffb17575000 rw-p 00000000 00:00 0 
7ffb17575000-7ffb17742000 r-xp 00000000 00:29 41352421                   /usr/lib64/libc-2.28.so
7ffb17742000-7ffb17941000 ---p 001cd000 00:29 41352421                   /usr/lib64/libc-2.28.so
7ffb17941000-7ffb17945000 r--p 001cc000 00:29 41352421                   /usr/lib64/libc-2.28.so
7ffb17945000-7ffb17947000 rw-p 001d0000 00:29 41352421                   /usr/lib64/libc-2.28.so
7ffb17947000-7ffb1794b000 rw-p 00000000 00:00 0 
7ffb1794b000-7ffb1794e000 r-xp 00000000 00:29 41352530                   /usr/lib64/libdl-2.28.so
7ffb1794e000-7ffb17b4d000 ---p 00003000 00:29 41352530                   /usr/lib64/libdl-2.28.so
7ffb17b4d000-7ffb17b4e000 r--p 00002000 00:29 41352530                   /usr/lib64/libdl-2.28.so
7ffb17b4e000-7ffb17b4f000 rw-p 00003000 00:29 41352530                   /usr/lib64/libdl-2.28.so
7ffb17b4f000-7ffb17b6a000 r-xp 00000000 00:29 41353149                   /usr/lib64/libpthread-2.28.so
7ffb17b6a000-7ffb17d69000 ---p 0001b000 00:29 41353149                   /usr/lib64/libpthread-2.28.so
7ffb17d69000-7ffb17d6a000 r--p 0001a000 00:29 41353149                   /usr/lib64/libpthread-2.28.so
7ffb17d6a000-7ffb17d6b000 rw-p 0001b000 00:29 41353149                   /usr/lib64/libpthread-2.28.so
7ffb17d6b000-7ffb17d6f000 rw-p 00000000 00:00 0 
7ffb17d6f000-7ffb17d9e000 r-xp 00000000 00:29 41352045                   /usr/lib64/ld-2.28.so
7ffb17da2000-7ffb17da3000 r--p 00000000 00:33 8596472606                 /sfs/gpfs/tardis/applications/202512/software/standard/core/java/17/lib/libextnet.so
7ffb17da3000-7ffb17da4000 r-xp 00001000 00:33 8596472606                 /sfs/gpfs/tardis/applications/202512/software/standard/core/java/17/lib/libextnet.so
7ffb17da4000-7ffb17da5000 r--p 00002000 00:33 8596472606                 /sfs/gpfs/tardis/applications/202512/software/standard/core/java/17/lib/libextnet.so
7ffb17da5000-7ffb17da6000 r--p 00002000 00:33 8596472606                 /sfs/gpfs/tardis/applications/202512/software/standard/core/java/17/lib/libextnet.so
7ffb17da6000-7ffb17da7000 rw-p 00003000 00:33 8596472606                 /sfs/gpfs/tardis/applications/202512/software/standard/core/java/17/lib/libextnet.so
7ffb17da7000-7ffb17dad000 rw-p 00000000 00:00 0 
7ffb17dad000-7ffb17db6000 ---p 00000000 00:00 0 
7ffb17db6000-7ffb17db7000 r--s 00000000 203:97233 14537680636769927169   /sfs/weka/scratch/wxw9rr/tmp/pitest-agent4979172990101562858.jar
7ffb17db7000-7ffb17dbf000 rw-s 00000000 00:2d 86213028                   /tmp/hsperfdata_wxw9rr/529753
7ffb17dbf000-7ffb17e12000 r--p 00000000 00:29 42289927                   /usr/lib/locale/C.utf8/LC_CTYPE
7ffb17e12000-7ffb17e13000 r--p 00000000 00:29 42290264                   /usr/lib/locale/en_US.utf8/LC_NUMERIC
7ffb17e13000-7ffb17e14000 r--p 00000000 00:29 42290267                   /usr/lib/locale/en_US.utf8/LC_TIME
7ffb17e14000-7ffb17e15000 r--p 00000000 00:29 42290262                   /usr/lib/locale/en_US.utf8/LC_MONETARY
7ffb17e15000-7ffb17e16000 r--p 00000000 00:29 42290268                   /usr/lib/locale/en_US.utf8/LC_MESSAGES/SYS_LC_MESSAGES
7ffb17e16000-7ffb17e17000 r--p 00000000 00:29 42290265                   /usr/lib/locale/en_US.utf8/LC_PAPER
7ffb17e17000-7ffb17e1e000 r--s 00000000 00:29 41660342                   /usr/lib64/gconv/gconv-modules.cache
7ffb17e1e000-7ffb17e2c000 r--p 00000000 00:33 8596472613                 /sfs/gpfs/tardis/applications/202512/software/standard/core/java/17/lib/libjava.so
7ffb17e2c000-7ffb17e3e000 r-xp 0000e000 00:33 8596472613                 /sfs/gpfs/tardis/applications/202512/software/standard/core/java/17/lib/libjava.so
7ffb17e3e000-7ffb17e44000 r--p 00020000 00:33 8596472613                 /sfs/gpfs/tardis/applications/202512/software/standard/core/java/17/lib/libjava.so
7ffb17e44000-7ffb17e45000 ---p 00026000 00:33 8596472613                 /sfs/gpfs/tardis/applications/202512/software/standard/core/java/17/lib/libjava.so
7ffb17e45000-7ffb17e46000 r--p 00026000 00:33 8596472613                 /sfs/gpfs/tardis/applications/202512/software/standard/core/java/17/lib/libjava.so
7ffb17e46000-7ffb17e47000 rw-p 00027000 00:33 8596472613                 /sfs/gpfs/tardis/applications/202512/software/standard/core/java/17/lib/libjava.so
7ffb17e47000-7ffb17e48000 rw-p 00000000 00:00 0 
7ffb17e48000-7ffb17e4c000 r--p 00000000 00:33 8596472617                 /sfs/gpfs/tardis/applications/202512/software/standard/core/java/17/lib/libjimage.so
7ffb17e4c000-7ffb17e5f000 r-xp 00004000 00:33 8596472617                 /sfs/gpfs/tardis/applications/202512/software/standard/core/java/17/lib/libjimage.so
7ffb17e5f000-7ffb17e65000 r--p 00017000 00:33 8596472617                 /sfs/gpfs/tardis/applications/202512/software/standard/core/java/17/lib/libjimage.so
7ffb17e65000-7ffb17e67000 r--p 0001c000 00:33 8596472617                 /sfs/gpfs/tardis/applications/202512/software/standard/core/java/17/lib/libjimage.so
7ffb17e67000-7ffb17e68000 rw-p 0001e000 00:33 8596472617                 /sfs/gpfs/tardis/applications/202512/software/standard/core/java/17/lib/libjimage.so
7ffb17e68000-7ffb17e6c000 ---p 00000000 00:00 0 
7ffb17e6c000-7ffb17f6b000 rw-p 00000000 00:00 0 
7ffb17f6b000-7ffb17f6c000 r--p 00000000 00:29 42290263                   /usr/lib/locale/en_US.utf8/LC_NAME
7ffb17f6c000-7ffb17f6d000 r--p 00000000 00:29 42290258                   /usr/lib/locale/en_US.utf8/LC_ADDRESS
7ffb17f6d000-7ffb17f6e000 r--p 00000000 00:29 42290266                   /usr/lib/locale/en_US.utf8/LC_TELEPHONE
7ffb17f6e000-7ffb17f6f000 r--p 00000000 00:29 42290261                   /usr/lib/locale/en_US.utf8/LC_MEASUREMENT
7ffb17f6f000-7ffb17f70000 r--p 00000000 00:29 42290260                   /usr/lib/locale/en_US.utf8/LC_IDENTIFICATION
7ffb17f70000-7ffb17f72000 r--p 00000000 00:33 8596472608                 /sfs/gpfs/tardis/applications/202512/software/standard/core/java/17/lib/libinstrument.so
7ffb17f72000-7ffb17f78000 r-xp 00002000 00:33 8596472608                 /sfs/gpfs/tardis/applications/202512/software/standard/core/java/17/lib/libinstrument.so
7ffb17f78000-7ffb17f7b000 r--p 00008000 00:33 8596472608                 /sfs/gpfs/tardis/applications/202512/software/standard/core/java/17/lib/libinstrument.so
7ffb17f7b000-7ffb17f7c000 r--p 0000a000 00:33 8596472608                 /sfs/gpfs/tardis/applications/202512/software/standard/core/java/17/lib/libinstrument.so
7ffb17f7c000-7ffb17f7d000 rw-p 0000b000 00:33 8596472608                 /sfs/gpfs/tardis/applications/202512/software/standard/core/java/17/lib/libinstrument.so
7ffb17f7d000-7ffb17f7e000 ---p 00000000 00:00 0 
7ffb17f7e000-7ffb17f7f000 r--p 00000000 00:00 0 
7ffb17f7f000-7ffb17f80000 ---p 00000000 00:00 0 
7ffb17f80000-7ffb17f83000 r--p 00000000 00:33 8596472618                 /sfs/gpfs/tardis/applications/202512/software/standard/core/java/17/lib/libjli.so
7ffb17f83000-7ffb17f93000 r-xp 00003000 00:33 8596472618                 /sfs/gpfs/tardis/applications/202512/software/standard/core/java/17/lib/libjli.so
7ffb17f93000-7ffb17f9a000 r--p 00013000 00:33 8596472618                 /sfs/gpfs/tardis/applications/202512/software/standard/core/java/17/lib/libjli.so
7ffb17f9a000-7ffb17f9b000 r--p 00019000 00:33 8596472618                 /sfs/gpfs/tardis/applications/202512/software/standard/core/java/17/lib/libjli.so
7ffb17f9b000-7ffb17f9c000 rw-p 0001a000 00:33 8596472618                 /sfs/gpfs/tardis/applications/202512/software/standard/core/java/17/lib/libjli.so
7ffb17f9c000-7ffb17f9e000 rw-p 00000000 00:00 0 
7ffb17f9e000-7ffb17f9f000 r--p 0002f000 00:29 41352045                   /usr/lib64/ld-2.28.so
7ffb17f9f000-7ffb17fa1000 rw-p 00030000 00:29 41352045                   /usr/lib64/ld-2.28.so
7fff327b7000-7fff327dc000 rw-p 00000000 00:00 0                          [stack]
7fff327e1000-7fff327e5000 r--p 00000000 00:00 0                          [vvar]
7fff327e5000-7fff327e7000 r-xp 00000000 00:00 0                          [vdso]
ffffffffff600000-ffffffffff601000 r-xp 00000000 00:00 0                  [vsyscall]


VM Arguments:
jvm_args: -Dclassworlds.conf=/apps/software/standard/core/maven/3.9.0/bin/m2.conf -Dmaven.home=/apps/software/standard/core/maven/3.9.0 -Dlibrary.jansi.path=/apps/software/standard/core/maven/3.9.0/lib/jansi-native -Dmaven.multiModuleProjectDirectory=/scratch/wxw9rr/artifact/RQ3/OE25-DEV/commons-beanutils-1.9.4 -Djava.io.tmpdir=/sfs/weka/scratch/wxw9rr/tmp -javaagent:/sfs/weka/scratch/wxw9rr/tmp/pitest-agent4979172990101562858.jar -ea -Djava.awt.headless=true -XX:+UseG1GC -Djava.io.tmpdir=/sfs/weka/scratch/wxw9rr/tmp 
java_command: org.pitest.mutationtest.execute.MutationTestMinion 36011
java_class_path (initial): /sfs/weka/scratch/wxw9rr/artifact/RQ3/OE25-DEV/commons-beanutils-1.9.4/target/test-classes:/sfs/weka/scratch/wxw9rr/artifact/RQ3/OE25-DEV/commons-beanutils-1.9.4/target/classes:/home/wxw9rr/.m2/repository/commons-logging/commons-logging/1.2/commons-logging-1.2.jar:/home/wxw9rr/.m2/repository/commons-collections/commons-collections/3.2.2/commons-collections-3.2.2.jar:/home/wxw9rr/.m2/repository/commons-collections/commons-collections-testframework/3.2.1/commons-collections-testframework-3.2.1.jar:/home/wxw9rr/.m2/repository/junit/junit/4.12/junit-4.12.jar:/home/wxw9rr/.m2/repository/org/hamcrest/hamcrest-core/1.3/hamcrest-core-1.3.jar:/home/wxw9rr/.m2/repository/org/pitest/pitest/1.22.0/pitest-1.22.0.jar
Launcher Type: SUN_STANDARD

[Global flags]
     intx CICompilerCount                          = 12                                        {product} {ergonomic}
     uint ConcGCThreads                            = 5                                         {product} {ergonomic}
     uint G1ConcRefinementThreads                  = 18                                        {product} {ergonomic}
   size_t G1HeapRegionSize                         = 16777216                                  {product} {ergonomic}
    uintx GCDrainStackTargetSize                   = 64                                        {product} {ergonomic}
   size_t InitialHeapSize                          = 2147483648                                {product} {ergonomic}
   size_t MarkStackSize                            = 4194304                                   {product} {ergonomic}
   size_t MaxHeapSize                              = 32178700288                               {product} {ergonomic}
   size_t MaxNewSize                               = 19293798400                               {product} {ergonomic}
   size_t MinHeapDeltaBytes                        = 16777216                                  {product} {ergonomic}
   size_t MinHeapSize                              = 16777216                                  {product} {ergonomic}
    uintx NonNMethodCodeHeapSize                   = 7602480                                {pd product} {ergonomic}
    uintx NonProfiledCodeHeapSize                  = 122027880                              {pd product} {ergonomic}
    uintx ProfiledCodeHeapSize                     = 122027880                              {pd product} {ergonomic}
    uintx ReservedCodeCacheSize                    = 251658240                              {pd product} {ergonomic}
     bool SegmentedCodeCache                       = true                                      {product} {ergonomic}
   size_t SoftMaxHeapSize                          = 32178700288                            {manageable} {ergonomic}
     bool UseCompressedClassPointers               = true                           {product lp64_product} {ergonomic}
     bool UseCompressedOops                        = true                           {product lp64_product} {ergonomic}
     bool UseG1GC                                  = true                                      {product} {command line}

Logging:
Log output configuration:
 #0: stdout all=warning uptime,level,tags
 #1: stderr all=off uptime,level,tags

Environment Variables:
JAVA_HOME=/apps/software/standard/core/java/17
_JAVA_OPTIONS=-Djava.io.tmpdir=/sfs/weka/scratch/wxw9rr/tmp
PATH=/apps/software/standard/core/java/17:/apps/software/standard/core/java/17/bin:/apps/software/standard/core/maven/3.9.0:/apps/software/standard/core/maven/3.9.0/bin:/home/wxw9rr/.local/bin:/opt/mam/9.1.2/bin:/sfs/gpfs/tardis/applications/202512/software/standard/core/code-server/4.99.1/lib/vscode/bin/remote-cli:/apps/software/standard/core/code-server/4.99.1/bin:/apps/software/standard/core/miniforge/24.3.0-py3.11:/apps/software/standard/core/miniforge/24.3.0-py3.11/sbin:/apps/software/standard/core/miniforge/24.3.0-py3.11/bin:/sfs/gpfs/tardis/home/wxw9rr/miniforge3/bin:/sfs/gpfs/tardis/home/wxw9rr/miniforge3/condabin:/usr/local/bin:/usr/bin:/usr/local/sbin:/usr/sbin:/opt/slurm/current/bin:/opt/rci/bin:/share/resources/HPCtools:/opt/mam/current/bin:/opt/apptainer/current/bin:/sfs/gpfs/tardis/home/wxw9rr/.local/bin
LD_LIBRARY_PATH=/apps/software/standard/core/java/17/lib:/apps/software/standard/core/maven/3.9.0/lib:/opt/slurm/current/lib
SHELL=/bin/bash
LANG=en_US.UTF-8
TERM=xterm-256color
TMPDIR=/sfs/weka/scratch/wxw9rr/tmp
TMP=/sfs/weka/scratch/wxw9rr/tmp
TEMP=/sfs/weka/scratch/wxw9rr/tmp

Active Locale:
LC_ALL=en_US.UTF-8
LC_COLLATE=en_US.UTF-8
LC_CTYPE=en_US.UTF-8
LC_MESSAGES=en_US.UTF-8
LC_MONETARY=en_US.UTF-8
LC_NUMERIC=en_US.UTF-8
LC_TIME=en_US.UTF-8

Signal Handlers:
   SIGSEGV: crash_handler in libjvm.so, mask=11100100010111111101111111111110, flags=SA_RESTART|SA_SIGINFO, unblocked
    SIGBUS: crash_handler in libjvm.so, mask=11100100010111111101111111111110, flags=SA_RESTART|SA_SIGINFO, unblocked
    SIGFPE: crash_handler in libjvm.so, mask=11100100010111111101111111111110, flags=SA_RESTART|SA_SIGINFO, unblocked
   SIGPIPE: javaSignalHandler in libjvm.so, mask=11100100010111111101111111111110, flags=SA_RESTART|SA_SIGINFO, unblocked
   SIGXFSZ: javaSignalHandler in libjvm.so, mask=11100100010111111101111111111110, flags=SA_RESTART|SA_SIGINFO, unblocked
    SIGILL: crash_handler in libjvm.so, mask=11100100010111111101111111111110, flags=SA_RESTART|SA_SIGINFO, unblocked
   SIGUSR2: SR_handler in libjvm.so, mask=00100000000000000000000000000000, flags=SA_RESTART|SA_SIGINFO, unblocked
    SIGHUP: UserHandler in libjvm.so, mask=11100100010111111101111111111110, flags=SA_RESTART|SA_SIGINFO, unblocked
    SIGINT: UserHandler in libjvm.so, mask=11100100010111111101111111111110, flags=SA_RESTART|SA_SIGINFO, unblocked
   SIGTERM: UserHandler in libjvm.so, mask=11100100010111111101111111111110, flags=SA_RESTART|SA_SIGINFO, unblocked
   SIGQUIT: UserHandler in libjvm.so, mask=11100100010111111101111111111110, flags=SA_RESTART|SA_SIGINFO, blocked
   SIGTRAP: crash_handler in libjvm.so, mask=11100100010111111101111111111110, flags=SA_RESTART|SA_SIGINFO, unblocked


Periodic native trim disabled


---------------  S Y S T E M  ---------------

OS:
Rocky Linux release 8.10 (Green Obsidian)
uname: Linux 4.18.0-553.47.1.el8_10.x86_64 #1 SMP Thu Apr 3 14:27:08 UTC 2025 x86_64
OS uptime: 88 days 16:47 hours
libc: glibc 2.28 NPTL 2.28 
rlimit (soft/hard): STACK 8192k/infinity , CORE infinity/infinity , NPROC 3094208/3094208 , NOFILE 65536/65536 , AS infinity/infinity , CPU infinity/infinity , DATA infinity/infinity , FSIZE infinity/infinity , MEMLOCK infinity/infinity
load average: 119.47 81.88 50.51

/proc/meminfo:
MemTotal:       792160700 kB
MemFree:        27804200 kB
MemAvailable:   274613788 kB
Buffers:           28800 kB
Cached:         267848144 kB
SwapCached:            0 kB
Active:         94234716 kB
Inactive:       629071160 kB
Active(anon):    9669344 kB
Inactive(anon): 465889488 kB
Active(file):   84565372 kB
Inactive(file): 163181672 kB
Unevictable:    16958460 kB
Mlocked:        16958460 kB
SwapTotal:             0 kB
SwapFree:              0 kB
Dirty:                16 kB
Writeback:             0 kB
AnonPages:      472286856 kB
Mapped:          3437428 kB
Shmem:          19764880 kB
KReclaimable:    4133092 kB
Slab:            6656400 kB
SReclaimable:    4133092 kB
SUnreclaim:      2523308 kB
KernelStack:      110928 kB
PageTables:      1071308 kB
NFS_Unstable:          0 kB
Bounce:                0 kB
WritebackTmp:          0 kB
CommitLimit:    772820100 kB
Committed_AS:   772612228 kB
VmallocTotal:   13743895347199 kB
VmallocUsed:     2471320 kB
VmallocChunk:          0 kB
Percpu:           909312 kB
HardwareCorrupted:     0 kB
AnonHugePages:  170606592 kB
ShmemHugePages:        0 kB
ShmemPmdMapped:        0 kB
FileHugePages:         0 kB
FilePmdMapped:         0 kB
HugePages_Total:    5632
HugePages_Free:        0
HugePages_Rsvd:        0
HugePages_Surp:        0
Hugepagesize:       2048 kB
Hugetlb:        11534336 kB
DirectMap4k:     1240012 kB
DirectMap2M:    201951232 kB
DirectMap1G:    602931200 kB

/sys/kernel/mm/transparent_hugepage/enabled: [always] madvise never
/sys/kernel/mm/transparent_hugepage/hpage_pmd_size: 2097152
/sys/kernel/mm/transparent_hugepage/defrag (defrag/compaction efforts parameter): always defer defer+madvise [madvise] never

Process Memory:
Virtual Size: 37145616K (peak: 37206772K)
Resident Set Size: 334276K (peak: 640448K) (anon: 314900K, file: 19344K, shmem: 32K)
Swapped out: 0K
C-Heap outstanding allocations: 63284K, retained: 164091K
glibc malloc tunables: (default)

/proc/sys/kernel/threads-max (system-wide limit on the number of threads): 6188417
/proc/sys/vm/max_map_count (maximum number of memory map areas a process may have): 65530
/proc/sys/vm/swappiness (control to define how aggressively the kernel swaps out anonymous memory): 10
/proc/sys/kernel/pid_max (system-wide limit on number of process identifiers): 999999

container (cgroup) information:
container_type: cgroupv1
cpu_cpuset_cpus: 0-23
cpu_memory_nodes: 0-1
active_processor_count: 24
cpu_quota: no quota
cpu_period: 100000
cpu_shares: no shares
memory_limit_in_bytes: 536870912 k
memory_and_swap_limit_in_bytes: 536870912 k
memory_soft_limit_in_bytes: unlimited
memory_usage_in_bytes: 409000204 k
memory_max_usage_in_bytes: 421492784 k
kernel_memory_limit_in_bytes: unlimited
kernel_memory_usage_in_bytes: 2435964 k
kernel_memory_max_usage_in_bytes: 2502452 k
maximum number of tasks: unlimited
current number of tasks: 3932

Steal ticks since vm start: 0
Steal ticks percentage since vm start:  0.000

CPU: total 96 (initial active 24) (48 cores per cpu, 1 threads per core) family 25 model 17 stepping 1 microcode 0xa10113b, cx8, cmov, fxsr, mmx, 3dnowpref, sse, sse2, sse3, ssse3, sse4a, sse4.1, sse4.2, popcnt, lzcnt, tsc, tscinvbit, avx, avx2, aes, erms, clmul, bmi1, bmi2, adx, avx512f, avx512dq, avx512cd, avx512bw, avx512vl, sha, fma, vzeroupper, avx512_vpopcntdq, avx512_vpclmulqdq, avx512_vaes, avx512_vnni, clflush, clflushopt, avx512_vbmi2, avx512_vbmi
CPU Model and flags from /proc/cpuinfo:
model name	: AMD EPYC 9454 48-Core Processor
flags		: fpu vme de pse tsc msr pae mce cx8 apic sep mtrr pge mca cmov pat pse36 clflush mmx fxsr sse sse2 ht syscall nx mmxext fxsr_opt pdpe1gb rdtscp lm constant_tsc rep_good amd_lbr_v2 nopl nonstop_tsc cpuid extd_apicid aperfmperf pni pclmulqdq monitor ssse3 fma cx16 pcid sse4_1 sse4_2 x2apic movbe popcnt aes xsave avx f16c rdrand lahf_lm cmp_legacy svm extapic cr8_legacy abm sse4a misalignsse 3dnowprefetch osvw ibs skinit wdt tce topoext perfctr_core perfctr_nb bpext perfctr_llc mwaitx cpb cat_l3 cdp_l3 invpcid_single hw_pstate ssbd mba perfmon_v2 ibrs ibpb stibp ibrs_enhanced vmmcall fsgsbase bmi1 avx2 smep bmi2 erms invpcid cqm rdt_a avx512f avx512dq rdseed adx smap avx512ifma clflushopt clwb avx512cd sha_ni avx512bw avx512vl xsaveopt xsavec xgetbv1 xsaves cqm_llc cqm_occup_llc cqm_mbm_total cqm_mbm_local avx512_bf16 clzero irperf xsaveerptr wbnoinvd amd_ppin cppc arat npt lbrv svm_lock nrip_save tsc_scale vmcb_clean flushbyasid decodeassists pausefilter pfthreshold avic v_vmsave_vmload vgif x2avic v_spec_ctrl avx512vbmi umip pku ospke avx512_vbmi2 gfni vaes vpclmulqdq avx512_vnni avx512_bitalg avx512_vpopcntdq la57 rdpid overflow_recov succor smca fsrm flush_l1d

Online cpus: 0-95
Offline cpus: 96-511
BIOS frequency limitation: 2750000
Frequency switch latency (ns): 0
Available cpu frequencies: 2750000 2100000 1500000 
Current governor: performance
Core performance/turbo boost: 1

Memory: 4k page, physical 536870912k(127873748k free), swap 0k(0k free)
Page Sizes: 4k

vm_info: OpenJDK 64-Bit Server VM (17.0.15+6) for linux-amd64 JRE (17.0.15+6), built on Apr 15 2025 00:00:00 by "admin" with gcc 10.3.0

END.
