#
# There is insufficient memory for the Java Runtime Environment to continue.
# Native memory allocation (mmap) failed to map 989855744 bytes. Error detail: committing reserved memory.
# Possible reasons:
#   The system is out of physical RAM or swap space
#   This process is running with CompressedOops enabled, and the Java Heap may be blocking the growth of the native heap
# Possible solutions:
#   Reduce memory load on the system
#   Increase physical memory or swap space
#   Check if swap backing store is full
#   Decrease Java heap size (-Xmx/-Xms)
#   Decrease number of Java threads
#   Decrease Java thread stack sizes (-Xss)
#   Set larger code cache with -XX:ReservedCodeCacheSize=
#   JVM is running with Zero Based Compressed Oops mode in which the Java heap is
#     placed in the first 32GB address space. The Java Heap base address is the
#     maximum limit for the native heap growth. Please use -XX:HeapBaseMinAddress
#     to set the Java Heap base and to place the Java Heap above 32GB virtual address.
# This output file may be truncated or incomplete.
#
#  Out of Memory Error (os_linux.cpp:2832), pid=616678, tid=616742
#
# JRE version: OpenJDK Runtime Environment Temurin-17.0.15+6 (17.0.15+6) (build 17.0.15+6)
# Java VM: OpenJDK 64-Bit Server VM Temurin-17.0.15+6 (17.0.15+6, mixed mode, sharing, tiered, compressed oops, compressed class ptrs, g1 gc, linux-amd64)
# Core dump will be written. Default location: Core dumps may be processed with "/usr/lib/systemd/systemd-coredump %P %u %g %s %t %c %h %e" (or dumping to /sfs/weka/scratch/wxw9rr/artifact/RQ3/OE25-DEV/commons-beanutils-1.9.4/core.616678)
#

---------------  S U M M A R Y ------------

Command Line: -Dclassworlds.conf=/apps/software/standard/core/maven/3.9.0/bin/m2.conf -Dmaven.home=/apps/software/standard/core/maven/3.9.0 -Dlibrary.jansi.path=/apps/software/standard/core/maven/3.9.0/lib/jansi-native -Dmaven.multiModuleProjectDirectory=/scratch/wxw9rr/artifact/RQ3/OE25-DEV/commons-beanutils-1.9.4 -Djava.io.tmpdir=/sfs/weka/scratch/wxw9rr/tmp -javaagent:/sfs/weka/scratch/wxw9rr/tmp/pitest-agent4297895672587801351.jar -ea -Djava.awt.headless=true -XX:+UseG1GC -Djava.io.tmpdir=/sfs/weka/scratch/wxw9rr/tmp org.pitest.mutationtest.execute.MutationTestMinion 39343

Host: AMD EPYC 9454 48-Core Processor, 96 cores, 512G, Rocky Linux release 8.10 (Green Obsidian)
Time: Mon Jan 12 02:00:16 2026 EST elapsed time: 60.068991 seconds (0d 0h 1m 0s)

---------------  T H R E A D  ---------------

Current thread (0x00007f7cc020ec30):  VMThread "VM Thread" [stack: 0x00007f7cc462e000,0x00007f7cc472e000] [id=616742]

Stack: [0x00007f7cc462e000,0x00007f7cc472e000],  sp=0x00007f7cc472bfb0,  free space=1015k
Native frames: (J=compiled Java code, j=interpreted, Vv=VM code, C=native code)
V  [libjvm.so+0xee9791]  VMError::report_and_die(int, char const*, char const*, __va_list_tag*, Thread*, unsigned char*, void*, void*, char const*, int, unsigned long)+0x1a1
V  [libjvm.so+0xeea37d]  VMError::report_and_die(Thread*, char const*, int, unsigned long, VMErrorType, char const*, __va_list_tag*)+0x2d
V  [libjvm.so+0x60921c]  report_vm_out_of_memory(char const*, int, unsigned long, VMErrorType, char const*, ...)+0xdc
V  [libjvm.so+0xc26ba8]  os::pd_commit_memory_or_exit(char*, unsigned long, unsigned long, bool, char const*)+0xd8
V  [libjvm.so+0xc205ad]  os::commit_memory_or_exit(char*, unsigned long, unsigned long, bool, char const*)+0x1d
V  [libjvm.so+0x73769e]  G1PageBasedVirtualSpace::commit(unsigned long, unsigned long)+0x18e
V  [libjvm.so+0x74bf61]  G1RegionsLargerThanCommitSizeMapper::commit_regions(unsigned int, unsigned long, WorkGang*)+0x1a1
V  [libjvm.so+0x7de418]  HeapRegionManager::commit_regions(unsigned int, unsigned long, WorkGang*)+0x58
V  [libjvm.so+0x7e0262]  HeapRegionManager::expand(unsigned int, unsigned int, WorkGang*)+0x32
V  [libjvm.so+0x7e048e]  HeapRegionManager::expand_by(unsigned int, WorkGang*)+0x7e
V  [libjvm.so+0x6f0fbf]  G1CollectedHeap::expand(unsigned long, WorkGang*, double*)+0xef
V  [libjvm.so+0x6f3f01]  G1CollectedHeap::resize_heap_if_necessary()+0x41
V  [libjvm.so+0x7019ac]  G1ConcurrentMark::remark()+0x3cc
V  [libjvm.so+0x7702f1]  VM_G1PauseConcurrent::doit()+0x191
V  [libjvm.so+0xeeecbe]  VM_Operation::evaluate()+0xee
V  [libjvm.so+0xef0674]  VMThread::evaluate_operation(VM_Operation*)+0xf4
V  [libjvm.so+0xef0bd4]  VMThread::inner_execute(VM_Operation*)+0x1d4
V  [libjvm.so+0xef0ebf]  VMThread::run()+0xbf
V  [libjvm.so+0xe6c2ca]  Thread::call_run()+0xaa
V  [libjvm.so+0xc29413]  thread_native_entry(Thread*)+0xe3

VM_Operation (0x00007f7cc5f67c10): G1PauseRemark, mode: safepoint, requested by thread 0x00007f7cc00786e0


---------------  P R O C E S S  ---------------

Threads class SMR info:
_java_thread_list=0x00007f7cc0455d00, length=12, elements={
0x00007f7cc0032990, 0x00007f7cc0212cf0, 0x00007f7cc02140d0, 0x00007f7cc02187d0,
0x00007f7cc0219b80, 0x00007f7cc021af90, 0x00007f7cc021c9c0, 0x00007f7cc021def0,
0x00007f7cc021f360, 0x00007f7cc022c160, 0x00007f7cc025f070, 0x00007f7cc0460ab0
}

Java Threads: ( => current thread )
  0x00007f7cc0032990 JavaThread "main" [_thread_blocked, id=616712, stack(0x00007f7cc9f2e000,0x00007f7cca02f000)]
  0x00007f7cc0212cf0 JavaThread "Reference Handler" daemon [_thread_blocked, id=616743, stack(0x00007f7cc452d000,0x00007f7cc462d000)]
  0x00007f7cc02140d0 JavaThread "Finalizer" daemon [_thread_blocked, id=616745, stack(0x00007f7cc442c000,0x00007f7cc452c000)]
  0x00007f7cc02187d0 JavaThread "Signal Dispatcher" daemon [_thread_blocked, id=616748, stack(0x00007f7cc432b000,0x00007f7cc442b000)]
  0x00007f7cc0219b80 JavaThread "Service Thread" daemon [_thread_blocked, id=616750, stack(0x00007f7cc422a000,0x00007f7cc432a000)]
  0x00007f7cc021af90 JavaThread "Monitor Deflation Thread" daemon [_thread_blocked, id=616751, stack(0x00007f7cc4129000,0x00007f7cc4229000)]
  0x00007f7cc021c9c0 JavaThread "C2 CompilerThread0" daemon [_thread_blocked, id=616752, stack(0x00007f7cc4028000,0x00007f7cc4128000)]
  0x00007f7cc021def0 JavaThread "C1 CompilerThread0" daemon [_thread_blocked, id=616753, stack(0x00007f7c6002e000,0x00007f7c6012e000)]
  0x00007f7cc021f360 JavaThread "Sweeper thread" daemon [_thread_blocked, id=616754, stack(0x00007f7c06f00000,0x00007f7c07000000)]
  0x00007f7cc022c160 JavaThread "Common-Cleaner" daemon [_thread_blocked, id=616760, stack(0x00007f7c06dff000,0x00007f7c06eff000)]
  0x00007f7cc025f070 JavaThread "Notification Thread" daemon [_thread_blocked, id=616768, stack(0x00007f7c06afc000,0x00007f7c06bfc000)]
  0x00007f7cc0460ab0 JavaThread "mutationTestThread" daemon [_thread_blocked, id=624698, stack(0x00007f7c067f9000,0x00007f7c068f9000)]

Other Threads:
=>0x00007f7cc020ec30 VMThread "VM Thread" [stack: 0x00007f7cc462e000,0x00007f7cc472e000] [id=616742]
  0x00007f7cc02608d0 WatcherThread [stack: 0x00007f7c068fa000,0x00007f7c069fa000] [id=616771]
  0x00007f7cc00680c0 GCTaskThread "GC Thread#0" [stack: 0x00007f7cc5f6a000,0x00007f7cc606a000] [id=616715]
  0x00007f7c00014730 GCTaskThread "GC Thread#1" [stack: 0x00007f7c060f2000,0x00007f7c061f2000] [id=618073]
  0x00007f7c00014c80 GCTaskThread "GC Thread#2" [stack: 0x00007f7c05ef0000,0x00007f7c05ff0000] [id=618078]
  0x00007f7c00015480 GCTaskThread "GC Thread#3" [stack: 0x00007f7c05def000,0x00007f7c05eef000] [id=618079]
  0x00007f7c00015ed0 GCTaskThread "GC Thread#4" [stack: 0x00007f7c05cee000,0x00007f7c05dee000] [id=618080]
  0x00007f7c00016920 GCTaskThread "GC Thread#5" [stack: 0x00007f7c05bed000,0x00007f7c05ced000] [id=618081]
  0x00007f7c000173a0 GCTaskThread "GC Thread#6" [stack: 0x00007f7c05aec000,0x00007f7c05bec000] [id=618082]
  0x00007f7c00017e20 GCTaskThread "GC Thread#7" [stack: 0x00007f7c059eb000,0x00007f7c05aeb000] [id=618083]
  0x00007f7c00018c90 GCTaskThread "GC Thread#8" [stack: 0x00007f7c058ea000,0x00007f7c059ea000] [id=618084]
  0x00007f7c00019b00 GCTaskThread "GC Thread#9" [stack: 0x00007f7c057e9000,0x00007f7c058e9000] [id=618085]
  0x00007f7c0001a970 GCTaskThread "GC Thread#10" [stack: 0x00007f7c056e8000,0x00007f7c057e8000] [id=618086]
  0x00007f7c0001b7e0 GCTaskThread "GC Thread#11" [stack: 0x00007f7c055e7000,0x00007f7c056e7000] [id=618087]
  0x00007f7c0001c650 GCTaskThread "GC Thread#12" [stack: 0x00007f7c054e6000,0x00007f7c055e6000] [id=618088]
  0x00007f7c0001d4c0 GCTaskThread "GC Thread#13" [stack: 0x00007f7c053e5000,0x00007f7c054e5000] [id=618089]
  0x00007f7c0001e330 GCTaskThread "GC Thread#14" [stack: 0x00007f7c052e4000,0x00007f7c053e4000] [id=618090]
  0x00007f7c0001f1a0 GCTaskThread "GC Thread#15" [stack: 0x00007f7c051e3000,0x00007f7c052e3000] [id=618091]
  0x00007f7c00020010 GCTaskThread "GC Thread#16" [stack: 0x00007f7c050e2000,0x00007f7c051e2000] [id=618092]
  0x00007f7c00020e80 GCTaskThread "GC Thread#17" [stack: 0x00007f7c04fe1000,0x00007f7c050e1000] [id=618093]
  0x00007f7cc00786e0 ConcurrentGCThread "G1 Main Marker" [stack: 0x00007f7cc5e69000,0x00007f7cc5f69000] [id=616716]
  0x00007f7cc0079660 ConcurrentGCThread "G1 Conc#0" [stack: 0x00007f7cc5d68000,0x00007f7cc5e68000] [id=616718]
  0x00007f7c54000da0 ConcurrentGCThread "G1 Conc#1" [stack: 0x00007f7c069fb000,0x00007f7c06afb000] [id=627015]
  0x00007f7c540018c0 ConcurrentGCThread "G1 Conc#2" [stack: 0x00007f7c061f3000,0x00007f7c062f3000] [id=627016]
  0x00007f7c540023e0 ConcurrentGCThread "G1 Conc#3" [stack: 0x00007f7c05ff1000,0x00007f7c060f1000] [id=627025]
  0x00007f7c54002f50 ConcurrentGCThread "G1 Conc#4" [stack: 0x00007f7c04ddf000,0x00007f7c04edf000] [id=627039]
  0x00007f7cc01dc910 ConcurrentGCThread "G1 Refine#0" [stack: 0x00007f7cc4a55000,0x00007f7cc4b55000] [id=616719]
  0x00007f7c4c000da0 ConcurrentGCThread "G1 Refine#1" [stack: 0x00007f7c066f8000,0x00007f7c067f8000] [id=624740]
  0x00007f7bdc0699b0 ConcurrentGCThread "G1 Refine#2" [stack: 0x00007f7c064f6000,0x00007f7c065f6000] [id=624745]
  0x00007f7bb0011c40 ConcurrentGCThread "G1 Refine#3" [stack: 0x00007f7c062f4000,0x00007f7c063f4000] [id=624746]
  0x00007f7bb4006b30 ConcurrentGCThread "G1 Refine#4" [stack: 0x00007f7c06bfd000,0x00007f7c06cfd000] [id=624747]
  0x00007f7bb800d290 ConcurrentGCThread "G1 Refine#5" [stack: 0x00007f7c06cfe000,0x00007f7c06dfe000] [id=624748]
  0x00007f7bc00ed120 ConcurrentGCThread "G1 Refine#6" [stack: 0x00007f7c063f5000,0x00007f7c064f5000] [id=624749]
  0x00007f7bd4013fa0 ConcurrentGCThread "G1 Refine#7" [stack: 0x00007f7c065f7000,0x00007f7c066f7000] [id=624757]
  0x00007f7bc47138d0 ConcurrentGCThread "G1 Refine#8" [stack: 0x00007f7c04ee0000,0x00007f7c04fe0000] [id=625015]
  0x00007f7b64002730 ConcurrentGCThread "G1 Refine#9" [stack: 0x00007f7c04cde000,0x00007f7c04dde000] [id=627286]
  0x00007f7b5c000c60 ConcurrentGCThread "G1 Refine#10" [stack: 0x00007f7c04bdd000,0x00007f7c04cdd000] [id=627317]
  0x00007f7b50000c60 ConcurrentGCThread "G1 Refine#11" [stack: 0x00007f7c04adc000,0x00007f7c04bdc000] [id=627337]
  0x00007f7cc01dd810 ConcurrentGCThread "G1 Service" [stack: 0x00007f7cc4954000,0x00007f7cc4a54000] [id=616720]

Threads with active compile tasks:

VM state: at safepoint (normal execution)

VM Mutex/Monitor currently owned by a thread:  ([mutex/lock_event])
[0x00007f7cc002e1c0] Threads_lock - owner thread: 0x00007f7cc020ec30
[0x00007f7cc002e970] Heap_lock - owner thread: 0x00007f7cc00786e0

Heap address: 0x0000000082000000, size: 30688 MB, Compressed Oops mode: Zero based, Oop shift amount: 3

CDS archive(s) mapped at: [0x00007f7c0b000000-0x00007f7c0bbc9000-0x00007f7c0bbc9000), size 12357632, SharedBaseAddress: 0x00007f7c0b000000, ArchiveRelocationMode: 1.
Compressed class space mapped at: 0x00007f7c0c000000-0x00007f7c4c000000, reserved size: 1073741824
Narrow klass base: 0x00007f7c0b000000, Narrow klass shift: 0, Narrow klass range: 0x100000000

GC Precious Log:
 CPUs: 96 total, 24 available
 Memory: 512G
 Large Page Support: Disabled
 NUMA Support: Disabled
 Compressed Oops: Enabled (Zero based)
 Heap Region Size: 16M
 Heap Min Capacity: 16M
 Heap Initial Capacity: 2G
 Heap Max Capacity: 30688M
 Pre-touch: Disabled
 Parallel Workers: 18
 Concurrent Workers: 5
 Concurrent Refinement Workers: 18
 Periodic GC: Disabled

Heap:
 garbage-first heap   total 30457856K, used 19298132K [0x0000000082000000, 0x0000000800000000)
  region size 16384K, 86 young (1409024K), 17 survivors (278528K)
 Metaspace       used 8910K, committed 9152K, reserved 1114112K
  class space    used 952K, committed 1088K, reserved 1048576K

Heap Regions: E=young(eden), S=young(survivor), O=old, HS=humongous(starts), HC=humongous(continues), CS=collection set, F=free, OA=open archive, CA=closed archive, TAMS=top-at-mark-start (previous, next)
|   0|0x0000000082000000, 0x0000000083000000, 0x0000000083000000|100%| O|  |TAMS 0x0000000083000000, 0x0000000082000000| Untracked 
|   1|0x0000000083000000, 0x0000000084000000, 0x0000000084000000|100%| O|  |TAMS 0x0000000084000000, 0x0000000083000000| Untracked 
|   2|0x0000000084000000, 0x0000000085000000, 0x0000000085000000|100%| O|  |TAMS 0x0000000085000000, 0x0000000084000000| Untracked 
|   3|0x0000000085000000, 0x0000000086000000, 0x0000000086000000|100%| O|  |TAMS 0x0000000086000000, 0x0000000085000000| Untracked 
|   4|0x0000000086000000, 0x0000000087000000, 0x0000000087000000|100%| O|  |TAMS 0x0000000087000000, 0x0000000086000000| Untracked 
|   5|0x0000000087000000, 0x0000000088000000, 0x0000000088000000|100%| O|  |TAMS 0x0000000088000000, 0x0000000087000000| Untracked 
|   6|0x0000000088000000, 0x0000000089000000, 0x0000000089000000|100%| O|  |TAMS 0x0000000089000000, 0x0000000088000000| Untracked 
|   7|0x0000000089000000, 0x000000008a000000, 0x000000008a000000|100%| O|  |TAMS 0x000000008a000000, 0x0000000089000000| Untracked 
|   8|0x000000008a000000, 0x000000008b000000, 0x000000008b000000|100%| O|  |TAMS 0x000000008b000000, 0x000000008a000000| Untracked 
|   9|0x000000008b000000, 0x000000008c000000, 0x000000008c000000|100%| O|  |TAMS 0x000000008c000000, 0x000000008b000000| Untracked 
|  10|0x000000008c000000, 0x000000008d000000, 0x000000008d000000|100%| O|  |TAMS 0x000000008d000000, 0x000000008c000000| Untracked 
|  11|0x000000008d000000, 0x000000008e000000, 0x000000008e000000|100%| O|  |TAMS 0x000000008e000000, 0x000000008d000000| Untracked 
|  12|0x000000008e000000, 0x000000008f000000, 0x000000008f000000|100%| O|  |TAMS 0x000000008f000000, 0x000000008e000000| Untracked 
|  13|0x000000008f000000, 0x0000000090000000, 0x0000000090000000|100%| O|  |TAMS 0x0000000090000000, 0x000000008f000000| Untracked 
|  14|0x0000000090000000, 0x0000000091000000, 0x0000000091000000|100%| O|  |TAMS 0x0000000091000000, 0x0000000090000000| Untracked 
|  15|0x0000000091000000, 0x0000000092000000, 0x0000000092000000|100%| O|  |TAMS 0x0000000092000000, 0x0000000091000000| Untracked 
|  16|0x0000000092000000, 0x0000000093000000, 0x0000000093000000|100%| O|  |TAMS 0x0000000093000000, 0x0000000092000000| Untracked 
|  17|0x0000000093000000, 0x0000000094000000, 0x0000000094000000|100%| O|  |TAMS 0x0000000094000000, 0x0000000093000000| Untracked 
|  18|0x0000000094000000, 0x0000000095000000, 0x0000000095000000|100%| O|  |TAMS 0x0000000095000000, 0x0000000094000000| Untracked 
|  19|0x0000000095000000, 0x0000000096000000, 0x0000000096000000|100%| O|  |TAMS 0x0000000096000000, 0x0000000095000000| Untracked 
|  20|0x0000000096000000, 0x0000000097000000, 0x0000000097000000|100%| O|  |TAMS 0x0000000097000000, 0x0000000096000000| Untracked 
|  21|0x0000000097000000, 0x0000000098000000, 0x0000000098000000|100%| O|  |TAMS 0x0000000098000000, 0x0000000097000000| Untracked 
|  22|0x0000000098000000, 0x0000000099000000, 0x0000000099000000|100%| O|  |TAMS 0x0000000099000000, 0x0000000098000000| Untracked 
|  23|0x0000000099000000, 0x000000009a000000, 0x000000009a000000|100%| O|  |TAMS 0x000000009a000000, 0x0000000099000000| Untracked 
|  24|0x000000009a000000, 0x000000009b000000, 0x000000009b000000|100%| O|  |TAMS 0x000000009b000000, 0x000000009a000000| Untracked 
|  25|0x000000009b000000, 0x000000009c000000, 0x000000009c000000|100%| O|  |TAMS 0x000000009c000000, 0x000000009b000000| Untracked 
|  26|0x000000009c000000, 0x000000009d000000, 0x000000009d000000|100%| O|  |TAMS 0x000000009d000000, 0x000000009c000000| Untracked 
|  27|0x000000009d000000, 0x000000009e000000, 0x000000009e000000|100%| O|  |TAMS 0x000000009e000000, 0x000000009d000000| Untracked 
|  28|0x000000009e000000, 0x000000009f000000, 0x000000009f000000|100%| O|  |TAMS 0x000000009f000000, 0x000000009e000000| Untracked 
|  29|0x000000009f000000, 0x00000000a0000000, 0x00000000a0000000|100%| O|  |TAMS 0x00000000a0000000, 0x000000009f000000| Untracked 
|  30|0x00000000a0000000, 0x00000000a1000000, 0x00000000a1000000|100%| O|  |TAMS 0x00000000a1000000, 0x00000000a0000000| Untracked 
|  31|0x00000000a1000000, 0x00000000a2000000, 0x00000000a2000000|100%| O|  |TAMS 0x00000000a2000000, 0x00000000a1000000| Untracked 
|  32|0x00000000a2000000, 0x00000000a3000000, 0x00000000a3000000|100%| O|  |TAMS 0x00000000a3000000, 0x00000000a2000000| Untracked 
|  33|0x00000000a3000000, 0x00000000a4000000, 0x00000000a4000000|100%| O|  |TAMS 0x00000000a4000000, 0x00000000a3000000| Untracked 
|  34|0x00000000a4000000, 0x00000000a5000000, 0x00000000a5000000|100%| O|  |TAMS 0x00000000a5000000, 0x00000000a4000000| Untracked 
|  35|0x00000000a5000000, 0x00000000a6000000, 0x00000000a6000000|100%| O|  |TAMS 0x00000000a6000000, 0x00000000a5000000| Untracked 
|  36|0x00000000a6000000, 0x00000000a7000000, 0x00000000a7000000|100%| O|  |TAMS 0x00000000a7000000, 0x00000000a6000000| Untracked 
|  37|0x00000000a7000000, 0x00000000a8000000, 0x00000000a8000000|100%| O|  |TAMS 0x00000000a8000000, 0x00000000a7000000| Untracked 
|  38|0x00000000a8000000, 0x00000000a9000000, 0x00000000a9000000|100%| O|  |TAMS 0x00000000a9000000, 0x00000000a8000000| Untracked 
|  39|0x00000000a9000000, 0x00000000aa000000, 0x00000000aa000000|100%| O|  |TAMS 0x00000000aa000000, 0x00000000a9000000| Untracked 
|  40|0x00000000aa000000, 0x00000000ab000000, 0x00000000ab000000|100%| O|  |TAMS 0x00000000ab000000, 0x00000000aa000000| Untracked 
|  41|0x00000000ab000000, 0x00000000ac000000, 0x00000000ac000000|100%| O|  |TAMS 0x00000000ac000000, 0x00000000ab000000| Updating 
|  42|0x00000000ac000000, 0x00000000ad000000, 0x00000000ad000000|100%| O|  |TAMS 0x00000000ad000000, 0x00000000ac000000| Untracked 
|  43|0x00000000ad000000, 0x00000000ae000000, 0x00000000ae000000|100%| O|  |TAMS 0x00000000ae000000, 0x00000000ad000000| Untracked 
|  44|0x00000000ae000000, 0x00000000af000000, 0x00000000af000000|100%| O|  |TAMS 0x00000000af000000, 0x00000000ae000000| Untracked 
|  45|0x00000000af000000, 0x00000000b0000000, 0x00000000b0000000|100%| O|  |TAMS 0x00000000b0000000, 0x00000000af000000| Untracked 
|  46|0x00000000b0000000, 0x00000000b1000000, 0x00000000b1000000|100%| O|  |TAMS 0x00000000b1000000, 0x00000000b0000000| Untracked 
|  47|0x00000000b1000000, 0x00000000b2000000, 0x00000000b2000000|100%| O|  |TAMS 0x00000000b2000000, 0x00000000b1000000| Untracked 
|  48|0x00000000b2000000, 0x00000000b3000000, 0x00000000b3000000|100%| O|  |TAMS 0x00000000b3000000, 0x00000000b2000000| Untracked 
|  49|0x00000000b3000000, 0x00000000b4000000, 0x00000000b4000000|100%| O|  |TAMS 0x00000000b4000000, 0x00000000b3000000| Untracked 
|  50|0x00000000b4000000, 0x00000000b5000000, 0x00000000b5000000|100%| O|  |TAMS 0x00000000b5000000, 0x00000000b4000000| Untracked 
|  51|0x00000000b5000000, 0x00000000b6000000, 0x00000000b6000000|100%| O|  |TAMS 0x00000000b6000000, 0x00000000b5000000| Untracked 
|  52|0x00000000b6000000, 0x00000000b7000000, 0x00000000b7000000|100%| O|  |TAMS 0x00000000b7000000, 0x00000000b6000000| Untracked 
|  53|0x00000000b7000000, 0x00000000b8000000, 0x00000000b8000000|100%| O|  |TAMS 0x00000000b8000000, 0x00000000b7000000| Untracked 
|  54|0x00000000b8000000, 0x00000000b9000000, 0x00000000b9000000|100%| O|  |TAMS 0x00000000b9000000, 0x00000000b8000000| Untracked 
|  55|0x00000000b9000000, 0x00000000ba000000, 0x00000000ba000000|100%| O|  |TAMS 0x00000000ba000000, 0x00000000b9000000| Untracked 
|  56|0x00000000ba000000, 0x00000000bb000000, 0x00000000bb000000|100%| O|  |TAMS 0x00000000bb000000, 0x00000000ba000000| Untracked 
|  57|0x00000000bb000000, 0x00000000bc000000, 0x00000000bc000000|100%| O|  |TAMS 0x00000000bc000000, 0x00000000bb000000| Untracked 
|  58|0x00000000bc000000, 0x00000000bd000000, 0x00000000bd000000|100%| O|  |TAMS 0x00000000bd000000, 0x00000000bc000000| Updating 
|  59|0x00000000bd000000, 0x00000000be000000, 0x00000000be000000|100%| O|  |TAMS 0x00000000be000000, 0x00000000bd000000| Updating 
|  60|0x00000000be000000, 0x00000000bf000000, 0x00000000bf000000|100%| O|  |TAMS 0x00000000be000000, 0x00000000be000000| Untracked 
|  61|0x00000000bf000000, 0x00000000c0000000, 0x00000000c0000000|100%| O|  |TAMS 0x00000000c0000000, 0x00000000bf000000| Updating 
|  62|0x00000000c0000000, 0x00000000c1000000, 0x00000000c1000000|100%| O|  |TAMS 0x00000000c1000000, 0x00000000c0000000| Untracked 
|  63|0x00000000c1000000, 0x00000000c2000000, 0x00000000c2000000|100%| O|  |TAMS 0x00000000c2000000, 0x00000000c1000000| Untracked 
|  64|0x00000000c2000000, 0x00000000c3000000, 0x00000000c3000000|100%| O|  |TAMS 0x00000000c3000000, 0x00000000c2000000| Untracked 
|  65|0x00000000c3000000, 0x00000000c4000000, 0x00000000c4000000|100%| O|  |TAMS 0x00000000c4000000, 0x00000000c3000000| Untracked 
|  66|0x00000000c4000000, 0x00000000c5000000, 0x00000000c5000000|100%| O|  |TAMS 0x00000000c5000000, 0x00000000c4000000| Untracked 
|  67|0x00000000c5000000, 0x00000000c6000000, 0x00000000c6000000|100%| O|  |TAMS 0x00000000c6000000, 0x00000000c5000000| Untracked 
|  68|0x00000000c6000000, 0x00000000c7000000, 0x00000000c7000000|100%| O|  |TAMS 0x00000000c7000000, 0x00000000c6000000| Untracked 
|  69|0x00000000c7000000, 0x00000000c8000000, 0x00000000c8000000|100%| O|  |TAMS 0x00000000c8000000, 0x00000000c7000000| Untracked 
|  70|0x00000000c8000000, 0x00000000c9000000, 0x00000000c9000000|100%| O|  |TAMS 0x00000000c9000000, 0x00000000c8000000| Updating 
|  71|0x00000000c9000000, 0x00000000ca000000, 0x00000000ca000000|100%| O|  |TAMS 0x00000000ca000000, 0x00000000c9000000| Untracked 
|  72|0x00000000ca000000, 0x00000000cb000000, 0x00000000cb000000|100%| O|  |TAMS 0x00000000cb000000, 0x00000000ca000000| Untracked 
|  73|0x00000000cb000000, 0x00000000cc000000, 0x00000000cc000000|100%| O|  |TAMS 0x00000000cc000000, 0x00000000cb000000| Untracked 
|  74|0x00000000cc000000, 0x00000000cd000000, 0x00000000cd000000|100%| O|  |TAMS 0x00000000cd000000, 0x00000000cc000000| Untracked 
|  75|0x00000000cd000000, 0x00000000ce000000, 0x00000000ce000000|100%| O|  |TAMS 0x00000000ce000000, 0x00000000cd000000| Untracked 
|  76|0x00000000ce000000, 0x00000000cf000000, 0x00000000cf000000|100%| O|  |TAMS 0x00000000cf000000, 0x00000000ce000000| Untracked 
|  77|0x00000000cf000000, 0x00000000d0000000, 0x00000000d0000000|100%| O|  |TAMS 0x00000000d0000000, 0x00000000cf000000| Untracked 
|  78|0x00000000d0000000, 0x00000000d1000000, 0x00000000d1000000|100%| O|  |TAMS 0x00000000d1000000, 0x00000000d0000000| Untracked 
|  79|0x00000000d1000000, 0x00000000d2000000, 0x00000000d2000000|100%| O|  |TAMS 0x00000000d2000000, 0x00000000d1000000| Untracked 
|  80|0x00000000d2000000, 0x00000000d3000000, 0x00000000d3000000|100%| O|  |TAMS 0x00000000d3000000, 0x00000000d2000000| Updating 
|  81|0x00000000d3000000, 0x00000000d4000000, 0x00000000d4000000|100%| O|  |TAMS 0x00000000d4000000, 0x00000000d3000000| Updating 
|  82|0x00000000d4000000, 0x00000000d5000000, 0x00000000d5000000|100%| O|  |TAMS 0x00000000d5000000, 0x00000000d4000000| Untracked 
|  83|0x00000000d5000000, 0x00000000d6000000, 0x00000000d6000000|100%| O|  |TAMS 0x00000000d6000000, 0x00000000d5000000| Untracked 
|  84|0x00000000d6000000, 0x00000000d7000000, 0x00000000d7000000|100%| O|  |TAMS 0x00000000d7000000, 0x00000000d6000000| Untracked 
|  85|0x00000000d7000000, 0x00000000d8000000, 0x00000000d8000000|100%| O|  |TAMS 0x00000000d8000000, 0x00000000d7000000| Untracked 
|  86|0x00000000d8000000, 0x00000000d9000000, 0x00000000d9000000|100%| O|  |TAMS 0x00000000d9000000, 0x00000000d8000000| Untracked 
|  87|0x00000000d9000000, 0x00000000da000000, 0x00000000da000000|100%| O|  |TAMS 0x00000000da000000, 0x00000000d9000000| Untracked 
|  88|0x00000000da000000, 0x00000000db000000, 0x00000000db000000|100%| O|  |TAMS 0x00000000db000000, 0x00000000da000000| Untracked 
|  89|0x00000000db000000, 0x00000000dc000000, 0x00000000dc000000|100%| O|  |TAMS 0x00000000dc000000, 0x00000000db000000| Untracked 
|  90|0x00000000dc000000, 0x00000000dd000000, 0x00000000dd000000|100%| O|  |TAMS 0x00000000dd000000, 0x00000000dc000000| Untracked 
|  91|0x00000000dd000000, 0x00000000de000000, 0x00000000de000000|100%| O|  |TAMS 0x00000000de000000, 0x00000000dd000000| Updating 
|  92|0x00000000de000000, 0x00000000df000000, 0x00000000df000000|100%| O|  |TAMS 0x00000000df000000, 0x00000000de000000| Updating 
|  93|0x00000000df000000, 0x00000000e0000000, 0x00000000e0000000|100%| O|  |TAMS 0x00000000e0000000, 0x00000000df000000| Untracked 
|  94|0x00000000e0000000, 0x00000000e1000000, 0x00000000e1000000|100%| O|  |TAMS 0x00000000e1000000, 0x00000000e0000000| Untracked 
|  95|0x00000000e1000000, 0x00000000e2000000, 0x00000000e2000000|100%| O|  |TAMS 0x00000000e2000000, 0x00000000e1000000| Updating 
|  96|0x00000000e2000000, 0x00000000e3000000, 0x00000000e3000000|100%| O|  |TAMS 0x00000000e3000000, 0x00000000e2000000| Untracked 
|  97|0x00000000e3000000, 0x00000000e4000000, 0x00000000e4000000|100%| O|  |TAMS 0x00000000e4000000, 0x00000000e3000000| Untracked 
|  98|0x00000000e4000000, 0x00000000e5000000, 0x00000000e5000000|100%| O|  |TAMS 0x00000000e5000000, 0x00000000e4000000| Untracked 
|  99|0x00000000e5000000, 0x00000000e6000000, 0x00000000e6000000|100%| O|  |TAMS 0x00000000e6000000, 0x00000000e5000000| Untracked 
| 100|0x00000000e6000000, 0x00000000e7000000, 0x00000000e7000000|100%| O|  |TAMS 0x00000000e6000000, 0x00000000e6000000| Untracked 
| 101|0x00000000e7000000, 0x00000000e8000000, 0x00000000e8000000|100%| O|  |TAMS 0x00000000e8000000, 0x00000000e7000000| Untracked 
| 102|0x00000000e8000000, 0x00000000e9000000, 0x00000000e9000000|100%| O|  |TAMS 0x00000000e9000000, 0x00000000e8000000| Untracked 
| 103|0x00000000e9000000, 0x00000000ea000000, 0x00000000ea000000|100%| O|  |TAMS 0x00000000ea000000, 0x00000000e9000000| Untracked 
| 104|0x00000000ea000000, 0x00000000eb000000, 0x00000000eb000000|100%| O|  |TAMS 0x00000000eb000000, 0x00000000ea000000| Untracked 
| 105|0x00000000eb000000, 0x00000000ec000000, 0x00000000ec000000|100%| O|  |TAMS 0x00000000ec000000, 0x00000000eb000000| Untracked 
| 106|0x00000000ec000000, 0x00000000ed000000, 0x00000000ed000000|100%| O|  |TAMS 0x00000000ed000000, 0x00000000ec000000| Untracked 
| 107|0x00000000ed000000, 0x00000000ee000000, 0x00000000ee000000|100%| O|  |TAMS 0x00000000ee000000, 0x00000000ed000000| Untracked 
| 108|0x00000000ee000000, 0x00000000ef000000, 0x00000000ef000000|100%| O|  |TAMS 0x00000000ef000000, 0x00000000ee000000| Untracked 
| 109|0x00000000ef000000, 0x00000000f0000000, 0x00000000f0000000|100%| O|  |TAMS 0x00000000f0000000, 0x00000000ef000000| Untracked 
| 110|0x00000000f0000000, 0x00000000f1000000, 0x00000000f1000000|100%| O|  |TAMS 0x00000000f1000000, 0x00000000f0000000| Untracked 
| 111|0x00000000f1000000, 0x00000000f2000000, 0x00000000f2000000|100%| O|  |TAMS 0x00000000f2000000, 0x00000000f1000000| Untracked 
| 112|0x00000000f2000000, 0x00000000f3000000, 0x00000000f3000000|100%| O|  |TAMS 0x00000000f3000000, 0x00000000f2000000| Untracked 
| 113|0x00000000f3000000, 0x00000000f4000000, 0x00000000f4000000|100%| O|  |TAMS 0x00000000f4000000, 0x00000000f3000000| Untracked 
| 114|0x00000000f4000000, 0x00000000f5000000, 0x00000000f5000000|100%| O|  |TAMS 0x00000000f5000000, 0x00000000f4000000| Updating 
| 115|0x00000000f5000000, 0x00000000f6000000, 0x00000000f6000000|100%| O|  |TAMS 0x00000000f6000000, 0x00000000f5000000| Untracked 
| 116|0x00000000f6000000, 0x00000000f7000000, 0x00000000f7000000|100%| O|  |TAMS 0x00000000f7000000, 0x00000000f6000000| Untracked 
| 117|0x00000000f7000000, 0x00000000f8000000, 0x00000000f8000000|100%| O|  |TAMS 0x00000000f8000000, 0x00000000f7000000| Updating 
| 118|0x00000000f8000000, 0x00000000f9000000, 0x00000000f9000000|100%| O|  |TAMS 0x00000000f9000000, 0x00000000f8000000| Untracked 
| 119|0x00000000f9000000, 0x00000000fa000000, 0x00000000fa000000|100%| O|  |TAMS 0x00000000fa000000, 0x00000000f9000000| Untracked 
| 120|0x00000000fa000000, 0x00000000fb000000, 0x00000000fb000000|100%| O|  |TAMS 0x00000000fb000000, 0x00000000fa000000| Untracked 
| 121|0x00000000fb000000, 0x00000000fc000000, 0x00000000fc000000|100%| O|  |TAMS 0x00000000fc000000, 0x00000000fb000000| Untracked 
| 122|0x00000000fc000000, 0x00000000fd000000, 0x00000000fd000000|100%| O|  |TAMS 0x00000000fd000000, 0x00000000fc000000| Untracked 
| 123|0x00000000fd000000, 0x00000000fe000000, 0x00000000fe000000|100%| O|  |TAMS 0x00000000fe000000, 0x00000000fd000000| Untracked 
| 124|0x00000000fe000000, 0x00000000ff000000, 0x00000000ff000000|100%| O|  |TAMS 0x00000000ff000000, 0x00000000fe000000| Untracked 
| 125|0x00000000ff000000, 0x0000000100000000, 0x0000000100000000|100%| O|  |TAMS 0x0000000100000000, 0x00000000ff000000| Untracked 
| 126|0x0000000100000000, 0x0000000101000000, 0x0000000101000000|100%| O|  |TAMS 0x0000000101000000, 0x0000000100000000| Updating 
| 127|0x0000000101000000, 0x0000000102000000, 0x0000000102000000|100%| O|  |TAMS 0x0000000102000000, 0x0000000101000000| Updating 
| 128|0x0000000102000000, 0x0000000103000000, 0x0000000103000000|100%| O|  |TAMS 0x0000000103000000, 0x0000000102000000| Untracked 
| 129|0x0000000103000000, 0x0000000104000000, 0x0000000104000000|100%| O|  |TAMS 0x0000000104000000, 0x0000000103000000| Untracked 
| 130|0x0000000104000000, 0x0000000105000000, 0x0000000105000000|100%| O|  |TAMS 0x0000000105000000, 0x0000000104000000| Untracked 
| 131|0x0000000105000000, 0x0000000106000000, 0x0000000106000000|100%| O|  |TAMS 0x0000000106000000, 0x0000000105000000| Untracked 
| 132|0x0000000106000000, 0x0000000107000000, 0x0000000107000000|100%| O|  |TAMS 0x0000000107000000, 0x0000000106000000| Untracked 
| 133|0x0000000107000000, 0x0000000108000000, 0x0000000108000000|100%| O|  |TAMS 0x0000000108000000, 0x0000000107000000| Untracked 
| 134|0x0000000108000000, 0x0000000109000000, 0x0000000109000000|100%| O|  |TAMS 0x0000000109000000, 0x0000000108000000| Untracked 
| 135|0x0000000109000000, 0x000000010a000000, 0x000000010a000000|100%| O|  |TAMS 0x000000010a000000, 0x0000000109000000| Untracked 
| 136|0x000000010a000000, 0x000000010b000000, 0x000000010b000000|100%| O|  |TAMS 0x000000010b000000, 0x000000010a000000| Untracked 
| 137|0x000000010b000000, 0x000000010c000000, 0x000000010c000000|100%| O|  |TAMS 0x000000010c000000, 0x000000010b000000| Untracked 
| 138|0x000000010c000000, 0x000000010d000000, 0x000000010d000000|100%| O|  |TAMS 0x000000010d000000, 0x000000010c000000| Untracked 
| 139|0x000000010d000000, 0x000000010e000000, 0x000000010e000000|100%| O|  |TAMS 0x000000010e000000, 0x000000010d000000| Untracked 
| 140|0x000000010e000000, 0x000000010f000000, 0x000000010f000000|100%| O|  |TAMS 0x000000010f000000, 0x000000010e000000| Untracked 
| 141|0x000000010f000000, 0x0000000110000000, 0x0000000110000000|100%| O|  |TAMS 0x0000000110000000, 0x000000010f000000| Untracked 
| 142|0x0000000110000000, 0x0000000111000000, 0x0000000111000000|100%| O|  |TAMS 0x0000000111000000, 0x0000000110000000| Untracked 
| 143|0x0000000111000000, 0x0000000112000000, 0x0000000112000000|100%| O|  |TAMS 0x0000000112000000, 0x0000000111000000| Untracked 
| 144|0x0000000112000000, 0x0000000113000000, 0x0000000113000000|100%| O|  |TAMS 0x0000000113000000, 0x0000000112000000| Untracked 
| 145|0x0000000113000000, 0x0000000114000000, 0x0000000114000000|100%| O|  |TAMS 0x0000000114000000, 0x0000000113000000| Untracked 
| 146|0x0000000114000000, 0x0000000115000000, 0x0000000115000000|100%| O|  |TAMS 0x0000000115000000, 0x0000000114000000| Untracked 
| 147|0x0000000115000000, 0x0000000116000000, 0x0000000116000000|100%| O|  |TAMS 0x0000000116000000, 0x0000000115000000| Untracked 
| 148|0x0000000116000000, 0x0000000117000000, 0x0000000117000000|100%| O|  |TAMS 0x0000000117000000, 0x0000000116000000| Untracked 
| 149|0x0000000117000000, 0x0000000118000000, 0x0000000118000000|100%| O|  |TAMS 0x0000000118000000, 0x0000000117000000| Untracked 
| 150|0x0000000118000000, 0x0000000119000000, 0x0000000119000000|100%| O|  |TAMS 0x0000000119000000, 0x0000000118000000| Untracked 
| 151|0x0000000119000000, 0x000000011a000000, 0x000000011a000000|100%| O|  |TAMS 0x000000011a000000, 0x0000000119000000| Untracked 
| 152|0x000000011a000000, 0x000000011b000000, 0x000000011b000000|100%| O|  |TAMS 0x000000011b000000, 0x000000011a000000| Untracked 
| 153|0x000000011b000000, 0x000000011c000000, 0x000000011c000000|100%| O|  |TAMS 0x000000011c000000, 0x000000011b000000| Updating 
| 154|0x000000011c000000, 0x000000011d000000, 0x000000011d000000|100%| O|  |TAMS 0x000000011c000000, 0x000000011c000000| Untracked 
| 155|0x000000011d000000, 0x000000011e000000, 0x000000011e000000|100%| O|  |TAMS 0x000000011e000000, 0x000000011d000000| Untracked 
| 156|0x000000011e000000, 0x000000011f000000, 0x000000011f000000|100%| O|  |TAMS 0x000000011f000000, 0x000000011e000000| Untracked 
| 157|0x000000011f000000, 0x0000000120000000, 0x0000000120000000|100%| O|  |TAMS 0x0000000120000000, 0x000000011f000000| Untracked 
| 158|0x0000000120000000, 0x0000000121000000, 0x0000000121000000|100%| O|  |TAMS 0x0000000121000000, 0x0000000120000000| Untracked 
| 159|0x0000000121000000, 0x0000000122000000, 0x0000000122000000|100%| O|  |TAMS 0x0000000122000000, 0x0000000121000000| Untracked 
| 160|0x0000000122000000, 0x0000000123000000, 0x0000000123000000|100%| O|  |TAMS 0x0000000123000000, 0x0000000122000000| Untracked 
| 161|0x0000000123000000, 0x0000000124000000, 0x0000000124000000|100%| O|  |TAMS 0x0000000124000000, 0x0000000123000000| Untracked 
| 162|0x0000000124000000, 0x0000000125000000, 0x0000000125000000|100%| O|  |TAMS 0x0000000125000000, 0x0000000124000000| Untracked 
| 163|0x0000000125000000, 0x0000000126000000, 0x0000000126000000|100%| O|  |TAMS 0x0000000126000000, 0x0000000125000000| Untracked 
| 164|0x0000000126000000, 0x0000000127000000, 0x0000000127000000|100%| O|  |TAMS 0x0000000127000000, 0x0000000126000000| Untracked 
| 165|0x0000000127000000, 0x0000000128000000, 0x0000000128000000|100%| O|  |TAMS 0x0000000128000000, 0x0000000127000000| Untracked 
| 166|0x0000000128000000, 0x0000000129000000, 0x0000000129000000|100%| O|  |TAMS 0x0000000129000000, 0x0000000128000000| Untracked 
| 167|0x0000000129000000, 0x000000012a000000, 0x000000012a000000|100%| O|  |TAMS 0x000000012a000000, 0x0000000129000000| Untracked 
| 168|0x000000012a000000, 0x000000012b000000, 0x000000012b000000|100%| O|  |TAMS 0x000000012b000000, 0x000000012a000000| Untracked 
| 169|0x000000012b000000, 0x000000012c000000, 0x000000012c000000|100%| O|  |TAMS 0x000000012c000000, 0x000000012b000000| Untracked 
| 170|0x000000012c000000, 0x000000012d000000, 0x000000012d000000|100%| O|  |TAMS 0x000000012d000000, 0x000000012c000000| Untracked 
| 171|0x000000012d000000, 0x000000012e000000, 0x000000012e000000|100%| O|  |TAMS 0x000000012e000000, 0x000000012d000000| Untracked 
| 172|0x000000012e000000, 0x000000012f000000, 0x000000012f000000|100%| O|  |TAMS 0x000000012f000000, 0x000000012e000000| Untracked 
| 173|0x000000012f000000, 0x0000000130000000, 0x0000000130000000|100%| O|  |TAMS 0x0000000130000000, 0x000000012f000000| Untracked 
| 174|0x0000000130000000, 0x0000000131000000, 0x0000000131000000|100%| O|  |TAMS 0x0000000131000000, 0x0000000130000000| Updating 
| 175|0x0000000131000000, 0x0000000132000000, 0x0000000132000000|100%| O|  |TAMS 0x0000000132000000, 0x0000000131000000| Untracked 
| 176|0x0000000132000000, 0x0000000133000000, 0x0000000133000000|100%| O|  |TAMS 0x0000000133000000, 0x0000000132000000| Untracked 
| 177|0x0000000133000000, 0x0000000134000000, 0x0000000134000000|100%| O|  |TAMS 0x0000000134000000, 0x0000000133000000| Updating 
| 178|0x0000000134000000, 0x0000000135000000, 0x0000000135000000|100%| O|  |TAMS 0x0000000135000000, 0x0000000134000000| Untracked 
| 179|0x0000000135000000, 0x0000000136000000, 0x0000000136000000|100%| O|  |TAMS 0x0000000136000000, 0x0000000135000000| Untracked 
| 180|0x0000000136000000, 0x0000000137000000, 0x0000000137000000|100%| O|  |TAMS 0x0000000137000000, 0x0000000136000000| Untracked 
| 181|0x0000000137000000, 0x0000000138000000, 0x0000000138000000|100%| O|  |TAMS 0x0000000138000000, 0x0000000137000000| Untracked 
| 182|0x0000000138000000, 0x0000000139000000, 0x0000000139000000|100%| O|  |TAMS 0x0000000139000000, 0x0000000138000000| Updating 
| 183|0x0000000139000000, 0x000000013a000000, 0x000000013a000000|100%| O|  |TAMS 0x000000013a000000, 0x0000000139000000| Untracked 
| 184|0x000000013a000000, 0x000000013b000000, 0x000000013b000000|100%| O|  |TAMS 0x000000013b000000, 0x000000013a000000| Untracked 
| 185|0x000000013b000000, 0x000000013c000000, 0x000000013c000000|100%| O|  |TAMS 0x000000013c000000, 0x000000013b000000| Untracked 
| 186|0x000000013c000000, 0x000000013d000000, 0x000000013d000000|100%| O|  |TAMS 0x000000013d000000, 0x000000013c000000| Updating 
| 187|0x000000013d000000, 0x000000013e000000, 0x000000013e000000|100%| O|  |TAMS 0x000000013e000000, 0x000000013d000000| Untracked 
| 188|0x000000013e000000, 0x000000013f000000, 0x000000013f000000|100%| O|  |TAMS 0x000000013f000000, 0x000000013e000000| Updating 
| 189|0x000000013f000000, 0x0000000140000000, 0x0000000140000000|100%| O|  |TAMS 0x000000013f000000, 0x000000013f000000| Untracked 
| 190|0x0000000140000000, 0x0000000141000000, 0x0000000141000000|100%| O|  |TAMS 0x0000000141000000, 0x0000000140000000| Untracked 
| 191|0x0000000141000000, 0x0000000142000000, 0x0000000142000000|100%| O|  |TAMS 0x0000000142000000, 0x0000000141000000| Untracked 
| 192|0x0000000142000000, 0x0000000143000000, 0x0000000143000000|100%| O|  |TAMS 0x0000000143000000, 0x0000000142000000| Untracked 
| 193|0x0000000143000000, 0x0000000144000000, 0x0000000144000000|100%| O|  |TAMS 0x0000000144000000, 0x0000000143000000| Untracked 
| 194|0x0000000144000000, 0x0000000145000000, 0x0000000145000000|100%| O|  |TAMS 0x0000000145000000, 0x0000000144000000| Untracked 
| 195|0x0000000145000000, 0x0000000146000000, 0x0000000146000000|100%| O|  |TAMS 0x0000000146000000, 0x0000000145000000| Untracked 
| 196|0x0000000146000000, 0x0000000147000000, 0x0000000147000000|100%| O|  |TAMS 0x0000000147000000, 0x0000000146000000| Untracked 
| 197|0x0000000147000000, 0x0000000148000000, 0x0000000148000000|100%| O|  |TAMS 0x0000000148000000, 0x0000000147000000| Untracked 
| 198|0x0000000148000000, 0x0000000149000000, 0x0000000149000000|100%| O|  |TAMS 0x0000000149000000, 0x0000000148000000| Untracked 
| 199|0x0000000149000000, 0x000000014a000000, 0x000000014a000000|100%| O|  |TAMS 0x000000014a000000, 0x0000000149000000| Untracked 
| 200|0x000000014a000000, 0x000000014b000000, 0x000000014b000000|100%| O|  |TAMS 0x000000014b000000, 0x000000014a000000| Untracked 
| 201|0x000000014b000000, 0x000000014c000000, 0x000000014c000000|100%| O|  |TAMS 0x000000014c000000, 0x000000014b000000| Untracked 
| 202|0x000000014c000000, 0x000000014d000000, 0x000000014d000000|100%| O|  |TAMS 0x000000014d000000, 0x000000014c000000| Untracked 
| 203|0x000000014d000000, 0x000000014e000000, 0x000000014e000000|100%| O|  |TAMS 0x000000014e000000, 0x000000014d000000| Untracked 
| 204|0x000000014e000000, 0x000000014f000000, 0x000000014f000000|100%| O|  |TAMS 0x000000014f000000, 0x000000014e000000| Untracked 
| 205|0x000000014f000000, 0x0000000150000000, 0x0000000150000000|100%| O|  |TAMS 0x0000000150000000, 0x000000014f000000| Untracked 
| 206|0x0000000150000000, 0x0000000151000000, 0x0000000151000000|100%| O|  |TAMS 0x0000000151000000, 0x0000000150000000| Untracked 
| 207|0x0000000151000000, 0x0000000152000000, 0x0000000152000000|100%| O|  |TAMS 0x0000000152000000, 0x0000000151000000| Untracked 
| 208|0x0000000152000000, 0x0000000153000000, 0x0000000153000000|100%| O|  |TAMS 0x0000000153000000, 0x0000000152000000| Untracked 
| 209|0x0000000153000000, 0x0000000154000000, 0x0000000154000000|100%| O|  |TAMS 0x0000000154000000, 0x0000000153000000| Untracked 
| 210|0x0000000154000000, 0x0000000155000000, 0x0000000155000000|100%| O|  |TAMS 0x0000000155000000, 0x0000000154000000| Untracked 
| 211|0x0000000155000000, 0x0000000156000000, 0x0000000156000000|100%| O|  |TAMS 0x0000000156000000, 0x0000000155000000| Untracked 
| 212|0x0000000156000000, 0x0000000157000000, 0x0000000157000000|100%| O|  |TAMS 0x0000000157000000, 0x0000000156000000| Updating 
| 213|0x0000000157000000, 0x0000000158000000, 0x0000000158000000|100%| O|  |TAMS 0x0000000158000000, 0x0000000157000000| Updating 
| 214|0x0000000158000000, 0x0000000159000000, 0x0000000159000000|100%| O|  |TAMS 0x0000000159000000, 0x0000000158000000| Untracked 
| 215|0x0000000159000000, 0x000000015a000000, 0x000000015a000000|100%| O|  |TAMS 0x000000015a000000, 0x0000000159000000| Untracked 
| 216|0x000000015a000000, 0x000000015b000000, 0x000000015b000000|100%| O|  |TAMS 0x000000015b000000, 0x000000015a000000| Untracked 
| 217|0x000000015b000000, 0x000000015c000000, 0x000000015c000000|100%| O|  |TAMS 0x000000015c000000, 0x000000015b000000| Untracked 
| 218|0x000000015c000000, 0x000000015d000000, 0x000000015d000000|100%| O|  |TAMS 0x000000015d000000, 0x000000015c000000| Untracked 
| 219|0x000000015d000000, 0x000000015e000000, 0x000000015e000000|100%| O|  |TAMS 0x000000015e000000, 0x000000015d000000| Updating 
| 220|0x000000015e000000, 0x000000015f000000, 0x000000015f000000|100%| O|  |TAMS 0x000000015f000000, 0x000000015e000000| Updating 
| 221|0x000000015f000000, 0x0000000160000000, 0x0000000160000000|100%| O|  |TAMS 0x0000000160000000, 0x000000015f000000| Updating 
| 222|0x0000000160000000, 0x0000000161000000, 0x0000000161000000|100%| O|  |TAMS 0x0000000161000000, 0x0000000160000000| Untracked 
| 223|0x0000000161000000, 0x0000000162000000, 0x0000000162000000|100%| O|  |TAMS 0x0000000162000000, 0x0000000161000000| Untracked 
| 224|0x0000000162000000, 0x0000000163000000, 0x0000000163000000|100%| O|  |TAMS 0x0000000163000000, 0x0000000162000000| Untracked 
| 225|0x0000000163000000, 0x0000000164000000, 0x0000000164000000|100%| O|  |TAMS 0x0000000164000000, 0x0000000163000000| Untracked 
| 226|0x0000000164000000, 0x0000000165000000, 0x0000000165000000|100%| O|  |TAMS 0x0000000165000000, 0x0000000164000000| Untracked 
| 227|0x0000000165000000, 0x0000000166000000, 0x0000000166000000|100%| O|  |TAMS 0x0000000166000000, 0x0000000165000000| Untracked 
| 228|0x0000000166000000, 0x0000000167000000, 0x0000000167000000|100%| O|  |TAMS 0x0000000167000000, 0x0000000166000000| Untracked 
| 229|0x0000000167000000, 0x0000000168000000, 0x0000000168000000|100%| O|  |TAMS 0x0000000168000000, 0x0000000167000000| Untracked 
| 230|0x0000000168000000, 0x0000000169000000, 0x0000000169000000|100%| O|  |TAMS 0x0000000169000000, 0x0000000168000000| Untracked 
| 231|0x0000000169000000, 0x000000016a000000, 0x000000016a000000|100%| O|  |TAMS 0x000000016a000000, 0x0000000169000000| Untracked 
| 232|0x000000016a000000, 0x000000016b000000, 0x000000016b000000|100%| O|  |TAMS 0x000000016b000000, 0x000000016a000000| Untracked 
| 233|0x000000016b000000, 0x000000016c000000, 0x000000016c000000|100%| O|  |TAMS 0x000000016c000000, 0x000000016b000000| Untracked 
| 234|0x000000016c000000, 0x000000016d000000, 0x000000016d000000|100%| O|  |TAMS 0x000000016d000000, 0x000000016c000000| Untracked 
| 235|0x000000016d000000, 0x000000016e000000, 0x000000016e000000|100%| O|  |TAMS 0x000000016e000000, 0x000000016d000000| Untracked 
| 236|0x000000016e000000, 0x000000016f000000, 0x000000016f000000|100%| O|  |TAMS 0x000000016f000000, 0x000000016e000000| Untracked 
| 237|0x000000016f000000, 0x0000000170000000, 0x0000000170000000|100%| O|  |TAMS 0x0000000170000000, 0x000000016f000000| Untracked 
| 238|0x0000000170000000, 0x0000000171000000, 0x0000000171000000|100%| O|  |TAMS 0x0000000171000000, 0x0000000170000000| Untracked 
| 239|0x0000000171000000, 0x0000000172000000, 0x0000000172000000|100%| O|  |TAMS 0x0000000172000000, 0x0000000171000000| Untracked 
| 240|0x0000000172000000, 0x0000000173000000, 0x0000000173000000|100%| O|  |TAMS 0x0000000173000000, 0x0000000172000000| Untracked 
| 241|0x0000000173000000, 0x0000000174000000, 0x0000000174000000|100%| O|  |TAMS 0x0000000174000000, 0x0000000173000000| Untracked 
| 242|0x0000000174000000, 0x0000000175000000, 0x0000000175000000|100%| O|  |TAMS 0x0000000175000000, 0x0000000174000000| Untracked 
| 243|0x0000000175000000, 0x0000000176000000, 0x0000000176000000|100%| O|  |TAMS 0x0000000176000000, 0x0000000175000000| Updating 
| 244|0x0000000176000000, 0x0000000177000000, 0x0000000177000000|100%| O|  |TAMS 0x0000000177000000, 0x0000000176000000| Untracked 
| 245|0x0000000177000000, 0x0000000178000000, 0x0000000178000000|100%| O|  |TAMS 0x0000000178000000, 0x0000000177000000| Untracked 
| 246|0x0000000178000000, 0x0000000179000000, 0x0000000179000000|100%| O|  |TAMS 0x0000000179000000, 0x0000000178000000| Untracked 
| 247|0x0000000179000000, 0x000000017a000000, 0x000000017a000000|100%| O|  |TAMS 0x000000017a000000, 0x0000000179000000| Untracked 
| 248|0x000000017a000000, 0x000000017b000000, 0x000000017b000000|100%| O|  |TAMS 0x000000017b000000, 0x000000017a000000| Untracked 
| 249|0x000000017b000000, 0x000000017c000000, 0x000000017c000000|100%| O|  |TAMS 0x000000017c000000, 0x000000017b000000| Untracked 
| 250|0x000000017c000000, 0x000000017d000000, 0x000000017d000000|100%| O|  |TAMS 0x000000017d000000, 0x000000017c000000| Untracked 
| 251|0x000000017d000000, 0x000000017e000000, 0x000000017e000000|100%| O|  |TAMS 0x000000017e000000, 0x000000017d000000| Untracked 
| 252|0x000000017e000000, 0x000000017f000000, 0x000000017f000000|100%| O|  |TAMS 0x000000017f000000, 0x000000017e000000| Untracked 
| 253|0x000000017f000000, 0x0000000180000000, 0x0000000180000000|100%| O|  |TAMS 0x0000000180000000, 0x000000017f000000| Untracked 
| 254|0x0000000180000000, 0x0000000181000000, 0x0000000181000000|100%| O|  |TAMS 0x0000000181000000, 0x0000000180000000| Untracked 
| 255|0x0000000181000000, 0x0000000182000000, 0x0000000182000000|100%| O|  |TAMS 0x0000000182000000, 0x0000000181000000| Untracked 
| 256|0x0000000182000000, 0x0000000183000000, 0x0000000183000000|100%| O|  |TAMS 0x0000000183000000, 0x0000000182000000| Updating 
| 257|0x0000000183000000, 0x0000000184000000, 0x0000000184000000|100%| O|  |TAMS 0x0000000184000000, 0x0000000183000000| Untracked 
| 258|0x0000000184000000, 0x0000000185000000, 0x0000000185000000|100%| O|  |TAMS 0x0000000185000000, 0x0000000184000000| Untracked 
| 259|0x0000000185000000, 0x0000000186000000, 0x0000000186000000|100%| O|  |TAMS 0x0000000186000000, 0x0000000185000000| Updating 
| 260|0x0000000186000000, 0x0000000187000000, 0x0000000187000000|100%| O|  |TAMS 0x0000000187000000, 0x0000000186000000| Updating 
| 261|0x0000000187000000, 0x0000000188000000, 0x0000000188000000|100%| O|  |TAMS 0x0000000188000000, 0x0000000187000000| Updating 
| 262|0x0000000188000000, 0x0000000189000000, 0x0000000189000000|100%| O|  |TAMS 0x0000000189000000, 0x0000000188000000| Untracked 
| 263|0x0000000189000000, 0x000000018a000000, 0x000000018a000000|100%| O|  |TAMS 0x000000018a000000, 0x0000000189000000| Updating 
| 264|0x000000018a000000, 0x000000018b000000, 0x000000018b000000|100%| O|  |TAMS 0x000000018a000000, 0x000000018a000000| Untracked 
| 265|0x000000018b000000, 0x000000018c000000, 0x000000018c000000|100%| O|  |TAMS 0x000000018c000000, 0x000000018b000000| Updating 
| 266|0x000000018c000000, 0x000000018d000000, 0x000000018d000000|100%| O|  |TAMS 0x000000018d000000, 0x000000018c000000| Untracked 
| 267|0x000000018d000000, 0x000000018e000000, 0x000000018e000000|100%| O|  |TAMS 0x000000018e000000, 0x000000018d000000| Untracked 
| 268|0x000000018e000000, 0x000000018f000000, 0x000000018f000000|100%| O|  |TAMS 0x000000018f000000, 0x000000018e000000| Untracked 
| 269|0x000000018f000000, 0x0000000190000000, 0x0000000190000000|100%| O|  |TAMS 0x0000000190000000, 0x000000018f000000| Untracked 
| 270|0x0000000190000000, 0x0000000191000000, 0x0000000191000000|100%| O|  |TAMS 0x0000000191000000, 0x0000000190000000| Untracked 
| 271|0x0000000191000000, 0x0000000192000000, 0x0000000192000000|100%| O|  |TAMS 0x0000000192000000, 0x0000000191000000| Untracked 
| 272|0x0000000192000000, 0x0000000193000000, 0x0000000193000000|100%| O|  |TAMS 0x0000000193000000, 0x0000000192000000| Untracked 
| 273|0x0000000193000000, 0x0000000194000000, 0x0000000194000000|100%| O|  |TAMS 0x0000000194000000, 0x0000000193000000| Untracked 
| 274|0x0000000194000000, 0x0000000195000000, 0x0000000195000000|100%| O|  |TAMS 0x0000000195000000, 0x0000000194000000| Untracked 
| 275|0x0000000195000000, 0x0000000196000000, 0x0000000196000000|100%| O|  |TAMS 0x0000000196000000, 0x0000000195000000| Untracked 
| 276|0x0000000196000000, 0x0000000197000000, 0x0000000197000000|100%| O|  |TAMS 0x0000000197000000, 0x0000000196000000| Untracked 
| 277|0x0000000197000000, 0x0000000198000000, 0x0000000198000000|100%| O|  |TAMS 0x0000000198000000, 0x0000000197000000| Untracked 
| 278|0x0000000198000000, 0x0000000199000000, 0x0000000199000000|100%| O|  |TAMS 0x0000000199000000, 0x0000000198000000| Untracked 
| 279|0x0000000199000000, 0x000000019a000000, 0x000000019a000000|100%| O|  |TAMS 0x000000019a000000, 0x0000000199000000| Untracked 
| 280|0x000000019a000000, 0x000000019b000000, 0x000000019b000000|100%| O|  |TAMS 0x000000019b000000, 0x000000019a000000| Untracked 
| 281|0x000000019b000000, 0x000000019c000000, 0x000000019c000000|100%| O|  |TAMS 0x000000019c000000, 0x000000019b000000| Untracked 
| 282|0x000000019c000000, 0x000000019d000000, 0x000000019d000000|100%| O|  |TAMS 0x000000019d000000, 0x000000019c000000| Untracked 
| 283|0x000000019d000000, 0x000000019e000000, 0x000000019e000000|100%| O|  |TAMS 0x000000019e000000, 0x000000019d000000| Untracked 
| 284|0x000000019e000000, 0x000000019f000000, 0x000000019f000000|100%| O|  |TAMS 0x000000019f000000, 0x000000019e000000| Untracked 
| 285|0x000000019f000000, 0x00000001a0000000, 0x00000001a0000000|100%| O|  |TAMS 0x00000001a0000000, 0x000000019f000000| Updating 
| 286|0x00000001a0000000, 0x00000001a1000000, 0x00000001a1000000|100%| O|  |TAMS 0x00000001a1000000, 0x00000001a0000000| Updating 
| 287|0x00000001a1000000, 0x00000001a2000000, 0x00000001a2000000|100%| O|  |TAMS 0x00000001a2000000, 0x00000001a1000000| Untracked 
| 288|0x00000001a2000000, 0x00000001a3000000, 0x00000001a3000000|100%| O|  |TAMS 0x00000001a3000000, 0x00000001a2000000| Untracked 
| 289|0x00000001a3000000, 0x00000001a4000000, 0x00000001a4000000|100%| O|  |TAMS 0x00000001a4000000, 0x00000001a3000000| Untracked 
| 290|0x00000001a4000000, 0x00000001a5000000, 0x00000001a5000000|100%| O|  |TAMS 0x00000001a5000000, 0x00000001a4000000| Updating 
| 291|0x00000001a5000000, 0x00000001a6000000, 0x00000001a6000000|100%| O|  |TAMS 0x00000001a6000000, 0x00000001a5000000| Untracked 
| 292|0x00000001a6000000, 0x00000001a7000000, 0x00000001a7000000|100%| O|  |TAMS 0x00000001a7000000, 0x00000001a6000000| Updating 
| 293|0x00000001a7000000, 0x00000001a8000000, 0x00000001a8000000|100%| O|  |TAMS 0x00000001a8000000, 0x00000001a7000000| Untracked 
| 294|0x00000001a8000000, 0x00000001a9000000, 0x00000001a9000000|100%| O|  |TAMS 0x00000001a9000000, 0x00000001a8000000| Untracked 
| 295|0x00000001a9000000, 0x00000001aa000000, 0x00000001aa000000|100%| O|  |TAMS 0x00000001aa000000, 0x00000001a9000000| Untracked 
| 296|0x00000001aa000000, 0x00000001ab000000, 0x00000001ab000000|100%| O|  |TAMS 0x00000001ab000000, 0x00000001aa000000| Updating 
| 297|0x00000001ab000000, 0x00000001ac000000, 0x00000001ac000000|100%| O|  |TAMS 0x00000001ac000000, 0x00000001ab000000| Updating 
| 298|0x00000001ac000000, 0x00000001ad000000, 0x00000001ad000000|100%| O|  |TAMS 0x00000001ad000000, 0x00000001ac000000| Untracked 
| 299|0x00000001ad000000, 0x00000001ae000000, 0x00000001ae000000|100%| O|  |TAMS 0x00000001ae000000, 0x00000001ad000000| Updating 
| 300|0x00000001ae000000, 0x00000001af000000, 0x00000001af000000|100%| O|  |TAMS 0x00000001ae000000, 0x00000001ae000000| Untracked 
| 301|0x00000001af000000, 0x00000001b0000000, 0x00000001b0000000|100%| O|  |TAMS 0x00000001b0000000, 0x00000001af000000| Untracked 
| 302|0x00000001b0000000, 0x00000001b1000000, 0x00000001b1000000|100%| O|  |TAMS 0x00000001b1000000, 0x00000001b0000000| Untracked 
| 303|0x00000001b1000000, 0x00000001b2000000, 0x00000001b2000000|100%| O|  |TAMS 0x00000001b2000000, 0x00000001b1000000| Untracked 
| 304|0x00000001b2000000, 0x00000001b3000000, 0x00000001b3000000|100%| O|  |TAMS 0x00000001b3000000, 0x00000001b2000000| Untracked 
| 305|0x00000001b3000000, 0x00000001b4000000, 0x00000001b4000000|100%| O|  |TAMS 0x00000001b4000000, 0x00000001b3000000| Untracked 
| 306|0x00000001b4000000, 0x00000001b5000000, 0x00000001b5000000|100%| O|  |TAMS 0x00000001b5000000, 0x00000001b4000000| Untracked 
| 307|0x00000001b5000000, 0x00000001b6000000, 0x00000001b6000000|100%| O|  |TAMS 0x00000001b6000000, 0x00000001b5000000| Untracked 
| 308|0x00000001b6000000, 0x00000001b7000000, 0x00000001b7000000|100%| O|  |TAMS 0x00000001b7000000, 0x00000001b6000000| Untracked 
| 309|0x00000001b7000000, 0x00000001b8000000, 0x00000001b8000000|100%| O|  |TAMS 0x00000001b8000000, 0x00000001b7000000| Untracked 
| 310|0x00000001b8000000, 0x00000001b9000000, 0x00000001b9000000|100%| O|  |TAMS 0x00000001b9000000, 0x00000001b8000000| Untracked 
| 311|0x00000001b9000000, 0x00000001ba000000, 0x00000001ba000000|100%| O|  |TAMS 0x00000001ba000000, 0x00000001b9000000| Untracked 
| 312|0x00000001ba000000, 0x00000001bb000000, 0x00000001bb000000|100%| O|  |TAMS 0x00000001bb000000, 0x00000001ba000000| Untracked 
| 313|0x00000001bb000000, 0x00000001bc000000, 0x00000001bc000000|100%| O|  |TAMS 0x00000001bc000000, 0x00000001bb000000| Untracked 
| 314|0x00000001bc000000, 0x00000001bd000000, 0x00000001bd000000|100%| O|  |TAMS 0x00000001bd000000, 0x00000001bc000000| Untracked 
| 315|0x00000001bd000000, 0x00000001be000000, 0x00000001be000000|100%| O|  |TAMS 0x00000001be000000, 0x00000001bd000000| Untracked 
| 316|0x00000001be000000, 0x00000001bf000000, 0x00000001bf000000|100%| O|  |TAMS 0x00000001bf000000, 0x00000001be000000| Untracked 
| 317|0x00000001bf000000, 0x00000001c0000000, 0x00000001c0000000|100%| O|  |TAMS 0x00000001c0000000, 0x00000001bf000000| Untracked 
| 318|0x00000001c0000000, 0x00000001c1000000, 0x00000001c1000000|100%| O|  |TAMS 0x00000001c1000000, 0x00000001c0000000| Untracked 
| 319|0x00000001c1000000, 0x00000001c2000000, 0x00000001c2000000|100%| O|  |TAMS 0x00000001c2000000, 0x00000001c1000000| Untracked 
| 320|0x00000001c2000000, 0x00000001c3000000, 0x00000001c3000000|100%| O|  |TAMS 0x00000001c3000000, 0x00000001c2000000| Untracked 
| 321|0x00000001c3000000, 0x00000001c4000000, 0x00000001c4000000|100%| O|  |TAMS 0x00000001c4000000, 0x00000001c3000000| Untracked 
| 322|0x00000001c4000000, 0x00000001c5000000, 0x00000001c5000000|100%| O|  |TAMS 0x00000001c5000000, 0x00000001c4000000| Untracked 
| 323|0x00000001c5000000, 0x00000001c6000000, 0x00000001c6000000|100%| O|  |TAMS 0x00000001c6000000, 0x00000001c5000000| Untracked 
| 324|0x00000001c6000000, 0x00000001c7000000, 0x00000001c7000000|100%| O|  |TAMS 0x00000001c7000000, 0x00000001c6000000| Untracked 
| 325|0x00000001c7000000, 0x00000001c8000000, 0x00000001c8000000|100%| O|  |TAMS 0x00000001c8000000, 0x00000001c7000000| Untracked 
| 326|0x00000001c8000000, 0x00000001c9000000, 0x00000001c9000000|100%| O|  |TAMS 0x00000001c9000000, 0x00000001c8000000| Updating 
| 327|0x00000001c9000000, 0x00000001ca000000, 0x00000001ca000000|100%| O|  |TAMS 0x00000001ca000000, 0x00000001c9000000| Updating 
| 328|0x00000001ca000000, 0x00000001cb000000, 0x00000001cb000000|100%| O|  |TAMS 0x00000001cb000000, 0x00000001ca000000| Untracked 
| 329|0x00000001cb000000, 0x00000001cc000000, 0x00000001cc000000|100%| O|  |TAMS 0x00000001cc000000, 0x00000001cb000000| Untracked 
| 330|0x00000001cc000000, 0x00000001cd000000, 0x00000001cd000000|100%| O|  |TAMS 0x00000001cd000000, 0x00000001cc000000| Updating 
| 331|0x00000001cd000000, 0x00000001ce000000, 0x00000001ce000000|100%| O|  |TAMS 0x00000001ce000000, 0x00000001cd000000| Untracked 
| 332|0x00000001ce000000, 0x00000001cf000000, 0x00000001cf000000|100%| O|  |TAMS 0x00000001cf000000, 0x00000001ce000000| Updating 
| 333|0x00000001cf000000, 0x00000001d0000000, 0x00000001d0000000|100%| O|  |TAMS 0x00000001d0000000, 0x00000001cf000000| Updating 
| 334|0x00000001d0000000, 0x00000001d1000000, 0x00000001d1000000|100%| O|  |TAMS 0x00000001d1000000, 0x00000001d0000000| Updating 
| 335|0x00000001d1000000, 0x00000001d2000000, 0x00000001d2000000|100%| O|  |TAMS 0x00000001d2000000, 0x00000001d1000000| Updating 
| 336|0x00000001d2000000, 0x00000001d3000000, 0x00000001d3000000|100%| O|  |TAMS 0x00000001d3000000, 0x00000001d2000000| Updating 
| 337|0x00000001d3000000, 0x00000001d4000000, 0x00000001d4000000|100%| O|  |TAMS 0x00000001d4000000, 0x00000001d3000000| Untracked 
| 338|0x00000001d4000000, 0x00000001d5000000, 0x00000001d5000000|100%| O|  |TAMS 0x00000001d5000000, 0x00000001d4000000| Untracked 
| 339|0x00000001d5000000, 0x00000001d6000000, 0x00000001d6000000|100%| O|  |TAMS 0x00000001d6000000, 0x00000001d5000000| Untracked 
| 340|0x00000001d6000000, 0x00000001d7000000, 0x00000001d7000000|100%| O|  |TAMS 0x00000001d7000000, 0x00000001d6000000| Untracked 
| 341|0x00000001d7000000, 0x00000001d8000000, 0x00000001d8000000|100%| O|  |TAMS 0x00000001d8000000, 0x00000001d7000000| Untracked 
| 342|0x00000001d8000000, 0x00000001d9000000, 0x00000001d9000000|100%| O|  |TAMS 0x00000001d9000000, 0x00000001d8000000| Untracked 
| 343|0x00000001d9000000, 0x00000001da000000, 0x00000001da000000|100%| O|  |TAMS 0x00000001da000000, 0x00000001d9000000| Untracked 
| 344|0x00000001da000000, 0x00000001db000000, 0x00000001db000000|100%| O|  |TAMS 0x00000001db000000, 0x00000001da000000| Untracked 
| 345|0x00000001db000000, 0x00000001dc000000, 0x00000001dc000000|100%| O|  |TAMS 0x00000001dc000000, 0x00000001db000000| Untracked 
| 346|0x00000001dc000000, 0x00000001dd000000, 0x00000001dd000000|100%| O|  |TAMS 0x00000001dd000000, 0x00000001dc000000| Untracked 
| 347|0x00000001dd000000, 0x00000001de000000, 0x00000001de000000|100%| O|  |TAMS 0x00000001de000000, 0x00000001dd000000| Untracked 
| 348|0x00000001de000000, 0x00000001df000000, 0x00000001df000000|100%| O|  |TAMS 0x00000001df000000, 0x00000001de000000| Untracked 
| 349|0x00000001df000000, 0x00000001e0000000, 0x00000001e0000000|100%| O|  |TAMS 0x00000001e0000000, 0x00000001df000000| Untracked 
| 350|0x00000001e0000000, 0x00000001e1000000, 0x00000001e1000000|100%| O|  |TAMS 0x00000001e1000000, 0x00000001e0000000| Untracked 
| 351|0x00000001e1000000, 0x00000001e2000000, 0x00000001e2000000|100%| O|  |TAMS 0x00000001e2000000, 0x00000001e1000000| Untracked 
| 352|0x00000001e2000000, 0x00000001e3000000, 0x00000001e3000000|100%| O|  |TAMS 0x00000001e3000000, 0x00000001e2000000| Untracked 
| 353|0x00000001e3000000, 0x00000001e4000000, 0x00000001e4000000|100%| O|  |TAMS 0x00000001e4000000, 0x00000001e3000000| Untracked 
| 354|0x00000001e4000000, 0x00000001e5000000, 0x00000001e5000000|100%| O|  |TAMS 0x00000001e5000000, 0x00000001e4000000| Untracked 
| 355|0x00000001e5000000, 0x00000001e6000000, 0x00000001e6000000|100%| O|  |TAMS 0x00000001e6000000, 0x00000001e5000000| Untracked 
| 356|0x00000001e6000000, 0x00000001e7000000, 0x00000001e7000000|100%| O|  |TAMS 0x00000001e7000000, 0x00000001e6000000| Untracked 
| 357|0x00000001e7000000, 0x00000001e8000000, 0x00000001e8000000|100%| O|  |TAMS 0x00000001e8000000, 0x00000001e7000000| Untracked 
| 358|0x00000001e8000000, 0x00000001e9000000, 0x00000001e9000000|100%| O|  |TAMS 0x00000001e9000000, 0x00000001e8000000| Untracked 
| 359|0x00000001e9000000, 0x00000001ea000000, 0x00000001ea000000|100%| O|  |TAMS 0x00000001ea000000, 0x00000001e9000000| Updating 
| 360|0x00000001ea000000, 0x00000001eb000000, 0x00000001eb000000|100%| O|  |TAMS 0x00000001eb000000, 0x00000001ea000000| Untracked 
| 361|0x00000001eb000000, 0x00000001ec000000, 0x00000001ec000000|100%| O|  |TAMS 0x00000001ec000000, 0x00000001eb000000| Untracked 
| 362|0x00000001ec000000, 0x00000001ed000000, 0x00000001ed000000|100%| O|  |TAMS 0x00000001ed000000, 0x00000001ec000000| Untracked 
| 363|0x00000001ed000000, 0x00000001ee000000, 0x00000001ee000000|100%| O|  |TAMS 0x00000001ee000000, 0x00000001ed000000| Untracked 
| 364|0x00000001ee000000, 0x00000001ef000000, 0x00000001ef000000|100%| O|  |TAMS 0x00000001ef000000, 0x00000001ee000000| Untracked 
| 365|0x00000001ef000000, 0x00000001f0000000, 0x00000001f0000000|100%| O|  |TAMS 0x00000001f0000000, 0x00000001ef000000| Updating 
| 366|0x00000001f0000000, 0x00000001f1000000, 0x00000001f1000000|100%| O|  |TAMS 0x00000001f1000000, 0x00000001f0000000| Updating 
| 367|0x00000001f1000000, 0x00000001f2000000, 0x00000001f2000000|100%| O|  |TAMS 0x00000001f2000000, 0x00000001f1000000| Untracked 
| 368|0x00000001f2000000, 0x00000001f3000000, 0x00000001f3000000|100%| O|  |TAMS 0x00000001f3000000, 0x00000001f2000000| Updating 
| 369|0x00000001f3000000, 0x00000001f4000000, 0x00000001f4000000|100%| O|  |TAMS 0x00000001f3000000, 0x00000001f3000000| Untracked 
| 370|0x00000001f4000000, 0x00000001f5000000, 0x00000001f5000000|100%| O|  |TAMS 0x00000001f5000000, 0x00000001f4000000| Untracked 
| 371|0x00000001f5000000, 0x00000001f6000000, 0x00000001f6000000|100%| O|  |TAMS 0x00000001f6000000, 0x00000001f5000000| Untracked 
| 372|0x00000001f6000000, 0x00000001f7000000, 0x00000001f7000000|100%| O|  |TAMS 0x00000001f7000000, 0x00000001f6000000| Untracked 
| 373|0x00000001f7000000, 0x00000001f8000000, 0x00000001f8000000|100%| O|  |TAMS 0x00000001f8000000, 0x00000001f7000000| Untracked 
| 374|0x00000001f8000000, 0x00000001f9000000, 0x00000001f9000000|100%| O|  |TAMS 0x00000001f9000000, 0x00000001f8000000| Untracked 
| 375|0x00000001f9000000, 0x00000001fa000000, 0x00000001fa000000|100%| O|  |TAMS 0x00000001fa000000, 0x00000001f9000000| Untracked 
| 376|0x00000001fa000000, 0x00000001fb000000, 0x00000001fb000000|100%| O|  |TAMS 0x00000001fb000000, 0x00000001fa000000| Untracked 
| 377|0x00000001fb000000, 0x00000001fc000000, 0x00000001fc000000|100%| O|  |TAMS 0x00000001fc000000, 0x00000001fb000000| Updating 
| 378|0x00000001fc000000, 0x00000001fd000000, 0x00000001fd000000|100%| O|  |TAMS 0x00000001fd000000, 0x00000001fc000000| Untracked 
| 379|0x00000001fd000000, 0x00000001fe000000, 0x00000001fe000000|100%| O|  |TAMS 0x00000001fe000000, 0x00000001fd000000| Updating 
| 380|0x00000001fe000000, 0x00000001ff000000, 0x00000001ff000000|100%| O|  |TAMS 0x00000001ff000000, 0x00000001fe000000| Updating 
| 381|0x00000001ff000000, 0x0000000200000000, 0x0000000200000000|100%| O|  |TAMS 0x0000000200000000, 0x00000001ff000000| Untracked 
| 382|0x0000000200000000, 0x0000000201000000, 0x0000000201000000|100%| O|  |TAMS 0x0000000201000000, 0x0000000200000000| Untracked 
| 383|0x0000000201000000, 0x0000000202000000, 0x0000000202000000|100%| O|  |TAMS 0x0000000202000000, 0x0000000201000000| Untracked 
| 384|0x0000000202000000, 0x0000000203000000, 0x0000000203000000|100%| O|  |TAMS 0x0000000203000000, 0x0000000202000000| Untracked 
| 385|0x0000000203000000, 0x0000000204000000, 0x0000000204000000|100%| O|  |TAMS 0x0000000204000000, 0x0000000203000000| Untracked 
| 386|0x0000000204000000, 0x0000000205000000, 0x0000000205000000|100%| O|  |TAMS 0x0000000205000000, 0x0000000204000000| Untracked 
| 387|0x0000000205000000, 0x0000000206000000, 0x0000000206000000|100%| O|  |TAMS 0x0000000206000000, 0x0000000205000000| Untracked 
| 388|0x0000000206000000, 0x0000000207000000, 0x0000000207000000|100%| O|  |TAMS 0x0000000207000000, 0x0000000206000000| Untracked 
| 389|0x0000000207000000, 0x0000000208000000, 0x0000000208000000|100%| O|  |TAMS 0x0000000208000000, 0x0000000207000000| Untracked 
| 390|0x0000000208000000, 0x0000000209000000, 0x0000000209000000|100%| O|  |TAMS 0x0000000209000000, 0x0000000208000000| Untracked 
| 391|0x0000000209000000, 0x000000020a000000, 0x000000020a000000|100%| O|  |TAMS 0x000000020a000000, 0x0000000209000000| Untracked 
| 392|0x000000020a000000, 0x000000020b000000, 0x000000020b000000|100%| O|  |TAMS 0x000000020b000000, 0x000000020a000000| Untracked 
| 393|0x000000020b000000, 0x000000020c000000, 0x000000020c000000|100%| O|  |TAMS 0x000000020c000000, 0x000000020b000000| Untracked 
| 394|0x000000020c000000, 0x000000020d000000, 0x000000020d000000|100%| O|  |TAMS 0x000000020d000000, 0x000000020c000000| Untracked 
| 395|0x000000020d000000, 0x000000020e000000, 0x000000020e000000|100%| O|  |TAMS 0x000000020e000000, 0x000000020d000000| Untracked 
| 396|0x000000020e000000, 0x000000020f000000, 0x000000020f000000|100%| O|  |TAMS 0x000000020f000000, 0x000000020e000000| Untracked 
| 397|0x000000020f000000, 0x0000000210000000, 0x0000000210000000|100%| O|  |TAMS 0x0000000210000000, 0x000000020f000000| Untracked 
| 398|0x0000000210000000, 0x0000000211000000, 0x0000000211000000|100%| O|  |TAMS 0x0000000211000000, 0x0000000210000000| Untracked 
| 399|0x0000000211000000, 0x0000000212000000, 0x0000000212000000|100%| O|  |TAMS 0x0000000212000000, 0x0000000211000000| Untracked 
| 400|0x0000000212000000, 0x0000000213000000, 0x0000000213000000|100%| O|  |TAMS 0x0000000213000000, 0x0000000212000000| Untracked 
| 401|0x0000000213000000, 0x0000000214000000, 0x0000000214000000|100%| O|  |TAMS 0x0000000214000000, 0x0000000213000000| Untracked 
| 402|0x0000000214000000, 0x0000000215000000, 0x0000000215000000|100%| O|  |TAMS 0x0000000215000000, 0x0000000214000000| Untracked 
| 403|0x0000000215000000, 0x0000000216000000, 0x0000000216000000|100%| O|  |TAMS 0x0000000216000000, 0x0000000215000000| Untracked 
| 404|0x0000000216000000, 0x0000000217000000, 0x0000000217000000|100%| O|  |TAMS 0x0000000217000000, 0x0000000216000000| Updating 
| 405|0x0000000217000000, 0x0000000218000000, 0x0000000218000000|100%| O|  |TAMS 0x0000000218000000, 0x0000000217000000| Untracked 
| 406|0x0000000218000000, 0x0000000219000000, 0x0000000219000000|100%| O|  |TAMS 0x0000000219000000, 0x0000000218000000| Untracked 
| 407|0x0000000219000000, 0x000000021a000000, 0x000000021a000000|100%| O|  |TAMS 0x000000021a000000, 0x0000000219000000| Untracked 
| 408|0x000000021a000000, 0x000000021b000000, 0x000000021b000000|100%| O|  |TAMS 0x000000021b000000, 0x000000021a000000| Updating 
| 409|0x000000021b000000, 0x000000021c000000, 0x000000021c000000|100%| O|  |TAMS 0x000000021c000000, 0x000000021b000000| Untracked 
| 410|0x000000021c000000, 0x000000021d000000, 0x000000021d000000|100%| O|  |TAMS 0x000000021d000000, 0x000000021c000000| Updating 
| 411|0x000000021d000000, 0x000000021e000000, 0x000000021e000000|100%| O|  |TAMS 0x000000021e000000, 0x000000021d000000| Updating 
| 412|0x000000021e000000, 0x000000021f000000, 0x000000021f000000|100%| O|  |TAMS 0x000000021f000000, 0x000000021e000000| Untracked 
| 413|0x000000021f000000, 0x0000000220000000, 0x0000000220000000|100%| O|  |TAMS 0x0000000220000000, 0x000000021f000000| Untracked 
| 414|0x0000000220000000, 0x0000000221000000, 0x0000000221000000|100%| O|  |TAMS 0x0000000221000000, 0x0000000220000000| Updating 
| 415|0x0000000221000000, 0x0000000222000000, 0x0000000222000000|100%| O|  |TAMS 0x0000000222000000, 0x0000000221000000| Updating 
| 416|0x0000000222000000, 0x0000000223000000, 0x0000000223000000|100%| O|  |TAMS 0x0000000223000000, 0x0000000222000000| Updating 
| 417|0x0000000223000000, 0x0000000224000000, 0x0000000224000000|100%| O|  |TAMS 0x0000000223000000, 0x0000000223000000| Untracked 
| 418|0x0000000224000000, 0x0000000225000000, 0x0000000225000000|100%| O|  |TAMS 0x0000000225000000, 0x0000000224000000| Untracked 
| 419|0x0000000225000000, 0x0000000226000000, 0x0000000226000000|100%| O|  |TAMS 0x0000000226000000, 0x0000000225000000| Untracked 
| 420|0x0000000226000000, 0x0000000227000000, 0x0000000227000000|100%| O|  |TAMS 0x0000000227000000, 0x0000000226000000| Untracked 
| 421|0x0000000227000000, 0x0000000228000000, 0x0000000228000000|100%| O|  |TAMS 0x0000000228000000, 0x0000000227000000| Untracked 
| 422|0x0000000228000000, 0x0000000229000000, 0x0000000229000000|100%| O|  |TAMS 0x0000000229000000, 0x0000000228000000| Untracked 
| 423|0x0000000229000000, 0x000000022a000000, 0x000000022a000000|100%| O|  |TAMS 0x000000022a000000, 0x0000000229000000| Untracked 
| 424|0x000000022a000000, 0x000000022b000000, 0x000000022b000000|100%| O|  |TAMS 0x000000022b000000, 0x000000022a000000| Untracked 
| 425|0x000000022b000000, 0x000000022c000000, 0x000000022c000000|100%| O|  |TAMS 0x000000022c000000, 0x000000022b000000| Untracked 
| 426|0x000000022c000000, 0x000000022d000000, 0x000000022d000000|100%| O|  |TAMS 0x000000022d000000, 0x000000022c000000| Untracked 
| 427|0x000000022d000000, 0x000000022e000000, 0x000000022e000000|100%| O|  |TAMS 0x000000022e000000, 0x000000022d000000| Untracked 
| 428|0x000000022e000000, 0x000000022f000000, 0x000000022f000000|100%| O|  |TAMS 0x000000022f000000, 0x000000022e000000| Untracked 
| 429|0x000000022f000000, 0x0000000230000000, 0x0000000230000000|100%| O|  |TAMS 0x0000000230000000, 0x000000022f000000| Untracked 
| 430|0x0000000230000000, 0x0000000231000000, 0x0000000231000000|100%| O|  |TAMS 0x0000000231000000, 0x0000000230000000| Untracked 
| 431|0x0000000231000000, 0x0000000232000000, 0x0000000232000000|100%| O|  |TAMS 0x0000000232000000, 0x0000000231000000| Untracked 
| 432|0x0000000232000000, 0x0000000233000000, 0x0000000233000000|100%| O|  |TAMS 0x0000000233000000, 0x0000000232000000| Untracked 
| 433|0x0000000233000000, 0x0000000234000000, 0x0000000234000000|100%| O|  |TAMS 0x0000000234000000, 0x0000000233000000| Untracked 
| 434|0x0000000234000000, 0x0000000235000000, 0x0000000235000000|100%| O|  |TAMS 0x0000000235000000, 0x0000000234000000| Untracked 
| 435|0x0000000235000000, 0x0000000236000000, 0x0000000236000000|100%| O|  |TAMS 0x0000000236000000, 0x0000000235000000| Untracked 
| 436|0x0000000236000000, 0x0000000237000000, 0x0000000237000000|100%| O|  |TAMS 0x0000000237000000, 0x0000000236000000| Untracked 
| 437|0x0000000237000000, 0x0000000238000000, 0x0000000238000000|100%| O|  |TAMS 0x0000000238000000, 0x0000000237000000| Updating 
| 438|0x0000000238000000, 0x0000000239000000, 0x0000000239000000|100%| O|  |TAMS 0x0000000239000000, 0x0000000238000000| Untracked 
| 439|0x0000000239000000, 0x000000023a000000, 0x000000023a000000|100%| O|  |TAMS 0x000000023a000000, 0x0000000239000000| Untracked 
| 440|0x000000023a000000, 0x000000023b000000, 0x000000023b000000|100%| O|  |TAMS 0x000000023b000000, 0x000000023a000000| Updating 
| 441|0x000000023b000000, 0x000000023c000000, 0x000000023c000000|100%| O|  |TAMS 0x000000023c000000, 0x000000023b000000| Untracked 
| 442|0x000000023c000000, 0x000000023d000000, 0x000000023d000000|100%| O|  |TAMS 0x000000023d000000, 0x000000023c000000| Untracked 
| 443|0x000000023d000000, 0x000000023e000000, 0x000000023e000000|100%| O|  |TAMS 0x000000023e000000, 0x000000023d000000| Updating 
| 444|0x000000023e000000, 0x000000023f000000, 0x000000023f000000|100%| O|  |TAMS 0x000000023f000000, 0x000000023e000000| Updating 
| 445|0x000000023f000000, 0x0000000240000000, 0x0000000240000000|100%| O|  |TAMS 0x0000000240000000, 0x000000023f000000| Untracked 
| 446|0x0000000240000000, 0x0000000241000000, 0x0000000241000000|100%| O|  |TAMS 0x0000000241000000, 0x0000000240000000| Updating 
| 447|0x0000000241000000, 0x0000000242000000, 0x0000000242000000|100%| O|  |TAMS 0x0000000242000000, 0x0000000241000000| Updating 
| 448|0x0000000242000000, 0x0000000243000000, 0x0000000243000000|100%| O|  |TAMS 0x0000000243000000, 0x0000000242000000| Untracked 
| 449|0x0000000243000000, 0x0000000244000000, 0x0000000244000000|100%| O|  |TAMS 0x0000000244000000, 0x0000000243000000| Untracked 
| 450|0x0000000244000000, 0x0000000245000000, 0x0000000245000000|100%| O|  |TAMS 0x0000000245000000, 0x0000000244000000| Untracked 
| 451|0x0000000245000000, 0x0000000246000000, 0x0000000246000000|100%| O|  |TAMS 0x0000000246000000, 0x0000000245000000| Untracked 
| 452|0x0000000246000000, 0x0000000247000000, 0x0000000247000000|100%| O|  |TAMS 0x0000000247000000, 0x0000000246000000| Updating 
| 453|0x0000000247000000, 0x0000000248000000, 0x0000000248000000|100%| O|  |TAMS 0x0000000248000000, 0x0000000247000000| Updating 
| 454|0x0000000248000000, 0x0000000249000000, 0x0000000249000000|100%| O|  |TAMS 0x0000000249000000, 0x0000000248000000| Untracked 
| 455|0x0000000249000000, 0x000000024a000000, 0x000000024a000000|100%| O|  |TAMS 0x000000024a000000, 0x0000000249000000| Untracked 
| 456|0x000000024a000000, 0x000000024b000000, 0x000000024b000000|100%| O|  |TAMS 0x000000024b000000, 0x000000024a000000| Untracked 
| 457|0x000000024b000000, 0x000000024c000000, 0x000000024c000000|100%| O|  |TAMS 0x000000024c000000, 0x000000024b000000| Untracked 
| 458|0x000000024c000000, 0x000000024d000000, 0x000000024d000000|100%| O|  |TAMS 0x000000024d000000, 0x000000024c000000| Untracked 
| 459|0x000000024d000000, 0x000000024e000000, 0x000000024e000000|100%| O|  |TAMS 0x000000024e000000, 0x000000024d000000| Untracked 
| 460|0x000000024e000000, 0x000000024f000000, 0x000000024f000000|100%| O|  |TAMS 0x000000024f000000, 0x000000024e000000| Untracked 
| 461|0x000000024f000000, 0x0000000250000000, 0x0000000250000000|100%| O|  |TAMS 0x0000000250000000, 0x000000024f000000| Untracked 
| 462|0x0000000250000000, 0x0000000251000000, 0x0000000251000000|100%| O|  |TAMS 0x0000000251000000, 0x0000000250000000| Untracked 
| 463|0x0000000251000000, 0x0000000252000000, 0x0000000252000000|100%| O|  |TAMS 0x0000000252000000, 0x0000000251000000| Untracked 
| 464|0x0000000252000000, 0x0000000253000000, 0x0000000253000000|100%| O|  |TAMS 0x0000000253000000, 0x0000000252000000| Untracked 
| 465|0x0000000253000000, 0x0000000254000000, 0x0000000254000000|100%| O|  |TAMS 0x0000000254000000, 0x0000000253000000| Untracked 
| 466|0x0000000254000000, 0x0000000255000000, 0x0000000255000000|100%| O|  |TAMS 0x0000000255000000, 0x0000000254000000| Untracked 
| 467|0x0000000255000000, 0x0000000256000000, 0x0000000256000000|100%| O|  |TAMS 0x0000000256000000, 0x0000000255000000| Untracked 
| 468|0x0000000256000000, 0x0000000257000000, 0x0000000257000000|100%| O|  |TAMS 0x0000000257000000, 0x0000000256000000| Untracked 
| 469|0x0000000257000000, 0x0000000258000000, 0x0000000258000000|100%| O|  |TAMS 0x0000000258000000, 0x0000000257000000| Untracked 
| 470|0x0000000258000000, 0x0000000259000000, 0x0000000259000000|100%| O|  |TAMS 0x0000000259000000, 0x0000000258000000| Untracked 
| 471|0x0000000259000000, 0x000000025a000000, 0x000000025a000000|100%| O|  |TAMS 0x000000025a000000, 0x0000000259000000| Untracked 
| 472|0x000000025a000000, 0x000000025b000000, 0x000000025b000000|100%| O|  |TAMS 0x000000025b000000, 0x000000025a000000| Untracked 
| 473|0x000000025b000000, 0x000000025c000000, 0x000000025c000000|100%| O|  |TAMS 0x000000025c000000, 0x000000025b000000| Updating 
| 474|0x000000025c000000, 0x000000025d000000, 0x000000025d000000|100%| O|  |TAMS 0x000000025d000000, 0x000000025c000000| Untracked 
| 475|0x000000025d000000, 0x000000025e000000, 0x000000025e000000|100%| O|  |TAMS 0x000000025e000000, 0x000000025d000000| Updating 
| 476|0x000000025e000000, 0x000000025f000000, 0x000000025f000000|100%| O|  |TAMS 0x000000025f000000, 0x000000025e000000| Untracked 
| 477|0x000000025f000000, 0x0000000260000000, 0x0000000260000000|100%| O|  |TAMS 0x0000000260000000, 0x000000025f000000| Untracked 
| 478|0x0000000260000000, 0x0000000261000000, 0x0000000261000000|100%| O|  |TAMS 0x0000000261000000, 0x0000000260000000| Untracked 
| 479|0x0000000261000000, 0x0000000262000000, 0x0000000262000000|100%| O|  |TAMS 0x0000000262000000, 0x0000000261000000| Updating 
| 480|0x0000000262000000, 0x0000000263000000, 0x0000000263000000|100%| O|  |TAMS 0x0000000263000000, 0x0000000262000000| Updating 
| 481|0x0000000263000000, 0x0000000264000000, 0x0000000264000000|100%| O|  |TAMS 0x0000000264000000, 0x0000000263000000| Updating 
| 482|0x0000000264000000, 0x0000000265000000, 0x0000000265000000|100%| O|  |TAMS 0x0000000265000000, 0x0000000264000000| Untracked 
| 483|0x0000000265000000, 0x0000000266000000, 0x0000000266000000|100%| O|  |TAMS 0x0000000266000000, 0x0000000265000000| Untracked 
| 484|0x0000000266000000, 0x0000000267000000, 0x0000000267000000|100%| O|  |TAMS 0x0000000267000000, 0x0000000266000000| Untracked 
| 485|0x0000000267000000, 0x0000000268000000, 0x0000000268000000|100%| O|  |TAMS 0x0000000268000000, 0x0000000267000000| Updating 
| 486|0x0000000268000000, 0x0000000269000000, 0x0000000269000000|100%| O|  |TAMS 0x0000000269000000, 0x0000000268000000| Untracked 
| 487|0x0000000269000000, 0x000000026a000000, 0x000000026a000000|100%| O|  |TAMS 0x000000026a000000, 0x0000000269000000| Updating 
| 488|0x000000026a000000, 0x000000026b000000, 0x000000026b000000|100%| O|  |TAMS 0x000000026b000000, 0x000000026a000000| Updating 
| 489|0x000000026b000000, 0x000000026c000000, 0x000000026c000000|100%| O|  |TAMS 0x000000026c000000, 0x000000026b000000| Updating 
| 490|0x000000026c000000, 0x000000026d000000, 0x000000026d000000|100%| O|  |TAMS 0x000000026c000000, 0x000000026c000000| Untracked 
| 491|0x000000026d000000, 0x000000026e000000, 0x000000026e000000|100%| O|  |TAMS 0x000000026e000000, 0x000000026d000000| Untracked 
| 492|0x000000026e000000, 0x000000026f000000, 0x000000026f000000|100%| O|  |TAMS 0x000000026f000000, 0x000000026e000000| Untracked 
| 493|0x000000026f000000, 0x0000000270000000, 0x0000000270000000|100%| O|  |TAMS 0x0000000270000000, 0x000000026f000000| Untracked 
| 494|0x0000000270000000, 0x0000000271000000, 0x0000000271000000|100%| O|  |TAMS 0x0000000271000000, 0x0000000270000000| Untracked 
| 495|0x0000000271000000, 0x0000000272000000, 0x0000000272000000|100%| O|  |TAMS 0x0000000272000000, 0x0000000271000000| Untracked 
| 496|0x0000000272000000, 0x0000000273000000, 0x0000000273000000|100%| O|  |TAMS 0x0000000273000000, 0x0000000272000000| Untracked 
| 497|0x0000000273000000, 0x0000000274000000, 0x0000000274000000|100%| O|  |TAMS 0x0000000274000000, 0x0000000273000000| Untracked 
| 498|0x0000000274000000, 0x0000000275000000, 0x0000000275000000|100%| O|  |TAMS 0x0000000275000000, 0x0000000274000000| Untracked 
| 499|0x0000000275000000, 0x0000000276000000, 0x0000000276000000|100%| O|  |TAMS 0x0000000276000000, 0x0000000275000000| Untracked 
| 500|0x0000000276000000, 0x0000000277000000, 0x0000000277000000|100%| O|  |TAMS 0x0000000277000000, 0x0000000276000000| Untracked 
| 501|0x0000000277000000, 0x0000000278000000, 0x0000000278000000|100%| O|  |TAMS 0x0000000278000000, 0x0000000277000000| Untracked 
| 502|0x0000000278000000, 0x0000000279000000, 0x0000000279000000|100%| O|  |TAMS 0x0000000279000000, 0x0000000278000000| Untracked 
| 503|0x0000000279000000, 0x000000027a000000, 0x000000027a000000|100%| O|  |TAMS 0x000000027a000000, 0x0000000279000000| Updating 
| 504|0x000000027a000000, 0x000000027b000000, 0x000000027b000000|100%| O|  |TAMS 0x000000027b000000, 0x000000027a000000| Untracked 
| 505|0x000000027b000000, 0x000000027c000000, 0x000000027c000000|100%| O|  |TAMS 0x000000027c000000, 0x000000027b000000| Untracked 
| 506|0x000000027c000000, 0x000000027d000000, 0x000000027d000000|100%| O|  |TAMS 0x000000027d000000, 0x000000027c000000| Untracked 
| 507|0x000000027d000000, 0x000000027e000000, 0x000000027e000000|100%| O|  |TAMS 0x000000027e000000, 0x000000027d000000| Untracked 
| 508|0x000000027e000000, 0x000000027f000000, 0x000000027f000000|100%| O|  |TAMS 0x000000027f000000, 0x000000027e000000| Untracked 
| 509|0x000000027f000000, 0x0000000280000000, 0x0000000280000000|100%| O|  |TAMS 0x0000000280000000, 0x000000027f000000| Untracked 
| 510|0x0000000280000000, 0x0000000281000000, 0x0000000281000000|100%| O|  |TAMS 0x0000000280000000, 0x0000000280000000| Untracked 
| 511|0x0000000281000000, 0x0000000282000000, 0x0000000282000000|100%| O|  |TAMS 0x0000000282000000, 0x0000000281000000| Untracked 
| 512|0x0000000282000000, 0x0000000283000000, 0x0000000283000000|100%| O|  |TAMS 0x0000000283000000, 0x0000000282000000| Untracked 
| 513|0x0000000283000000, 0x0000000284000000, 0x0000000284000000|100%| O|  |TAMS 0x0000000284000000, 0x0000000283000000| Untracked 
| 514|0x0000000284000000, 0x0000000285000000, 0x0000000285000000|100%| O|  |TAMS 0x0000000285000000, 0x0000000284000000| Untracked 
| 515|0x0000000285000000, 0x0000000286000000, 0x0000000286000000|100%| O|  |TAMS 0x0000000286000000, 0x0000000285000000| Untracked 
| 516|0x0000000286000000, 0x0000000287000000, 0x0000000287000000|100%| O|  |TAMS 0x0000000287000000, 0x0000000286000000| Updating 
| 517|0x0000000287000000, 0x0000000288000000, 0x0000000288000000|100%| O|  |TAMS 0x0000000288000000, 0x0000000287000000| Updating 
| 518|0x0000000288000000, 0x0000000289000000, 0x0000000289000000|100%| O|  |TAMS 0x0000000289000000, 0x0000000288000000| Untracked 
| 519|0x0000000289000000, 0x000000028a000000, 0x000000028a000000|100%| O|  |TAMS 0x000000028a000000, 0x0000000289000000| Untracked 
| 520|0x000000028a000000, 0x000000028b000000, 0x000000028b000000|100%| O|  |TAMS 0x000000028b000000, 0x000000028a000000| Untracked 
| 521|0x000000028b000000, 0x000000028c000000, 0x000000028c000000|100%| O|  |TAMS 0x000000028c000000, 0x000000028b000000| Updating 
| 522|0x000000028c000000, 0x000000028d000000, 0x000000028d000000|100%| O|  |TAMS 0x000000028d000000, 0x000000028c000000| Untracked 
| 523|0x000000028d000000, 0x000000028e000000, 0x000000028e000000|100%| O|  |TAMS 0x000000028e000000, 0x000000028d000000| Untracked 
| 524|0x000000028e000000, 0x000000028f000000, 0x000000028f000000|100%| O|  |TAMS 0x000000028f000000, 0x000000028e000000| Updating 
| 525|0x000000028f000000, 0x0000000290000000, 0x0000000290000000|100%| O|  |TAMS 0x0000000290000000, 0x000000028f000000| Updating 
| 526|0x0000000290000000, 0x0000000291000000, 0x0000000291000000|100%| O|  |TAMS 0x0000000290000000, 0x0000000290000000| Untracked 
| 527|0x0000000291000000, 0x0000000292000000, 0x0000000292000000|100%| O|  |TAMS 0x0000000292000000, 0x0000000291000000| Untracked 
| 528|0x0000000292000000, 0x0000000293000000, 0x0000000293000000|100%| O|  |TAMS 0x0000000293000000, 0x0000000292000000| Untracked 
| 529|0x0000000293000000, 0x0000000294000000, 0x0000000294000000|100%| O|  |TAMS 0x0000000294000000, 0x0000000293000000| Untracked 
| 530|0x0000000294000000, 0x0000000295000000, 0x0000000295000000|100%| O|  |TAMS 0x0000000295000000, 0x0000000294000000| Untracked 
| 531|0x0000000295000000, 0x0000000296000000, 0x0000000296000000|100%| O|  |TAMS 0x0000000296000000, 0x0000000295000000| Untracked 
| 532|0x0000000296000000, 0x0000000297000000, 0x0000000297000000|100%| O|  |TAMS 0x0000000297000000, 0x0000000296000000| Untracked 
| 533|0x0000000297000000, 0x0000000298000000, 0x0000000298000000|100%| O|  |TAMS 0x0000000298000000, 0x0000000297000000| Untracked 
| 534|0x0000000298000000, 0x0000000299000000, 0x0000000299000000|100%| O|  |TAMS 0x0000000299000000, 0x0000000298000000| Untracked 
| 535|0x0000000299000000, 0x000000029a000000, 0x000000029a000000|100%| O|  |TAMS 0x000000029a000000, 0x0000000299000000| Untracked 
| 536|0x000000029a000000, 0x000000029b000000, 0x000000029b000000|100%| O|  |TAMS 0x000000029b000000, 0x000000029a000000| Untracked 
| 537|0x000000029b000000, 0x000000029c000000, 0x000000029c000000|100%| O|  |TAMS 0x000000029c000000, 0x000000029b000000| Untracked 
| 538|0x000000029c000000, 0x000000029d000000, 0x000000029d000000|100%| O|  |TAMS 0x000000029d000000, 0x000000029c000000| Untracked 
| 539|0x000000029d000000, 0x000000029e000000, 0x000000029e000000|100%| O|  |TAMS 0x000000029e000000, 0x000000029d000000| Untracked 
| 540|0x000000029e000000, 0x000000029f000000, 0x000000029f000000|100%| O|  |TAMS 0x000000029f000000, 0x000000029e000000| Untracked 
| 541|0x000000029f000000, 0x00000002a0000000, 0x00000002a0000000|100%| O|  |TAMS 0x00000002a0000000, 0x000000029f000000| Untracked 
| 542|0x00000002a0000000, 0x00000002a1000000, 0x00000002a1000000|100%| O|  |TAMS 0x00000002a1000000, 0x00000002a0000000| Untracked 
| 543|0x00000002a1000000, 0x00000002a2000000, 0x00000002a2000000|100%| O|  |TAMS 0x00000002a2000000, 0x00000002a1000000| Updating 
| 544|0x00000002a2000000, 0x00000002a3000000, 0x00000002a3000000|100%| O|  |TAMS 0x00000002a3000000, 0x00000002a2000000| Updating 
| 545|0x00000002a3000000, 0x00000002a4000000, 0x00000002a4000000|100%| O|  |TAMS 0x00000002a4000000, 0x00000002a3000000| Untracked 
| 546|0x00000002a4000000, 0x00000002a5000000, 0x00000002a5000000|100%| O|  |TAMS 0x00000002a5000000, 0x00000002a4000000| Updating 
| 547|0x00000002a5000000, 0x00000002a6000000, 0x00000002a6000000|100%| O|  |TAMS 0x00000002a6000000, 0x00000002a5000000| Untracked 
| 548|0x00000002a6000000, 0x00000002a7000000, 0x00000002a7000000|100%| O|  |TAMS 0x00000002a7000000, 0x00000002a6000000| Untracked 
| 549|0x00000002a7000000, 0x00000002a8000000, 0x00000002a8000000|100%| O|  |TAMS 0x00000002a8000000, 0x00000002a7000000| Untracked 
| 550|0x00000002a8000000, 0x00000002a9000000, 0x00000002a9000000|100%| O|  |TAMS 0x00000002a9000000, 0x00000002a8000000| Untracked 
| 551|0x00000002a9000000, 0x00000002aa000000, 0x00000002aa000000|100%| O|  |TAMS 0x00000002aa000000, 0x00000002a9000000| Untracked 
| 552|0x00000002aa000000, 0x00000002ab000000, 0x00000002ab000000|100%| O|  |TAMS 0x00000002ab000000, 0x00000002aa000000| Untracked 
| 553|0x00000002ab000000, 0x00000002ac000000, 0x00000002ac000000|100%| O|  |TAMS 0x00000002ac000000, 0x00000002ab000000| Untracked 
| 554|0x00000002ac000000, 0x00000002ad000000, 0x00000002ad000000|100%| O|  |TAMS 0x00000002ad000000, 0x00000002ac000000| Untracked 
| 555|0x00000002ad000000, 0x00000002ae000000, 0x00000002ae000000|100%| O|  |TAMS 0x00000002ae000000, 0x00000002ad000000| Untracked 
| 556|0x00000002ae000000, 0x00000002af000000, 0x00000002af000000|100%| O|  |TAMS 0x00000002af000000, 0x00000002ae000000| Untracked 
| 557|0x00000002af000000, 0x00000002b0000000, 0x00000002b0000000|100%| O|  |TAMS 0x00000002b0000000, 0x00000002af000000| Untracked 
| 558|0x00000002b0000000, 0x00000002b1000000, 0x00000002b1000000|100%| O|  |TAMS 0x00000002b1000000, 0x00000002b0000000| Untracked 
| 559|0x00000002b1000000, 0x00000002b2000000, 0x00000002b2000000|100%| O|  |TAMS 0x00000002b2000000, 0x00000002b1000000| Updating 
| 560|0x00000002b2000000, 0x00000002b3000000, 0x00000002b3000000|100%| O|  |TAMS 0x00000002b3000000, 0x00000002b2000000| Untracked 
| 561|0x00000002b3000000, 0x00000002b4000000, 0x00000002b4000000|100%| O|  |TAMS 0x00000002b4000000, 0x00000002b3000000| Updating 
| 562|0x00000002b4000000, 0x00000002b5000000, 0x00000002b5000000|100%| O|  |TAMS 0x00000002b5000000, 0x00000002b4000000| Updating 
| 563|0x00000002b5000000, 0x00000002b5000000, 0x00000002b6000000|  0%| F|  |TAMS 0x00000002b5000000, 0x00000002b5000000| Untracked 
| 564|0x00000002b6000000, 0x00000002b6000000, 0x00000002b7000000|  0%| F|  |TAMS 0x00000002b6000000, 0x00000002b6000000| Untracked 
| 565|0x00000002b7000000, 0x00000002b7000000, 0x00000002b8000000|  0%| F|  |TAMS 0x00000002b7000000, 0x00000002b7000000| Untracked 
| 566|0x00000002b8000000, 0x00000002b8000000, 0x00000002b9000000|  0%| F|  |TAMS 0x00000002b8000000, 0x00000002b8000000| Untracked 
| 567|0x00000002b9000000, 0x00000002b9000000, 0x00000002ba000000|  0%| F|  |TAMS 0x00000002b9000000, 0x00000002b9000000| Untracked 
| 568|0x00000002ba000000, 0x00000002ba000000, 0x00000002bb000000|  0%| F|  |TAMS 0x00000002ba000000, 0x00000002ba000000| Untracked 
| 569|0x00000002bb000000, 0x00000002bb000000, 0x00000002bc000000|  0%| F|  |TAMS 0x00000002bb000000, 0x00000002bb000000| Untracked 
| 570|0x00000002bc000000, 0x00000002bc000000, 0x00000002bd000000|  0%| F|  |TAMS 0x00000002bc000000, 0x00000002bc000000| Untracked 
| 571|0x00000002bd000000, 0x00000002bd000000, 0x00000002be000000|  0%| F|  |TAMS 0x00000002bd000000, 0x00000002bd000000| Untracked 
| 572|0x00000002be000000, 0x00000002be000000, 0x00000002bf000000|  0%| F|  |TAMS 0x00000002be000000, 0x00000002be000000| Untracked 
| 573|0x00000002bf000000, 0x00000002bf000000, 0x00000002c0000000|  0%| F|  |TAMS 0x00000002bf000000, 0x00000002bf000000| Untracked 
| 574|0x00000002c0000000, 0x00000002c0000000, 0x00000002c1000000|  0%| F|  |TAMS 0x00000002c0000000, 0x00000002c0000000| Untracked 
| 575|0x00000002c1000000, 0x00000002c1000000, 0x00000002c2000000|  0%| F|  |TAMS 0x00000002c1000000, 0x00000002c1000000| Untracked 
| 576|0x00000002c2000000, 0x00000002c2000000, 0x00000002c3000000|  0%| F|  |TAMS 0x00000002c2000000, 0x00000002c2000000| Untracked 
| 577|0x00000002c3000000, 0x00000002c3000000, 0x00000002c4000000|  0%| F|  |TAMS 0x00000002c3000000, 0x00000002c3000000| Untracked 
| 578|0x00000002c4000000, 0x00000002c4000000, 0x00000002c5000000|  0%| F|  |TAMS 0x00000002c4000000, 0x00000002c4000000| Untracked 
| 579|0x00000002c5000000, 0x00000002c5000000, 0x00000002c6000000|  0%| F|  |TAMS 0x00000002c5000000, 0x00000002c5000000| Untracked 
| 580|0x00000002c6000000, 0x00000002c7000000, 0x00000002c7000000|100%| O|  |TAMS 0x00000002c7000000, 0x00000002c6000000| Untracked 
| 581|0x00000002c7000000, 0x00000002c8000000, 0x00000002c8000000|100%| O|  |TAMS 0x00000002c8000000, 0x00000002c7000000| Untracked 
| 582|0x00000002c8000000, 0x00000002c9000000, 0x00000002c9000000|100%| O|  |TAMS 0x00000002c9000000, 0x00000002c8000000| Untracked 
| 583|0x00000002c9000000, 0x00000002ca000000, 0x00000002ca000000|100%| O|  |TAMS 0x00000002ca000000, 0x00000002c9000000| Untracked 
| 584|0x00000002ca000000, 0x00000002cb000000, 0x00000002cb000000|100%| O|  |TAMS 0x00000002cb000000, 0x00000002ca000000| Untracked 
| 585|0x00000002cb000000, 0x00000002cc000000, 0x00000002cc000000|100%| O|  |TAMS 0x00000002cc000000, 0x00000002cb000000| Untracked 
| 586|0x00000002cc000000, 0x00000002cd000000, 0x00000002cd000000|100%| O|  |TAMS 0x00000002cd000000, 0x00000002cc000000| Untracked 
| 587|0x00000002cd000000, 0x00000002ce000000, 0x00000002ce000000|100%| O|  |TAMS 0x00000002ce000000, 0x00000002cd000000| Untracked 
| 588|0x00000002ce000000, 0x00000002cf000000, 0x00000002cf000000|100%| O|  |TAMS 0x00000002cf000000, 0x00000002ce000000| Untracked 
| 589|0x00000002cf000000, 0x00000002d0000000, 0x00000002d0000000|100%| O|  |TAMS 0x00000002d0000000, 0x00000002cf000000| Untracked 
| 590|0x00000002d0000000, 0x00000002d1000000, 0x00000002d1000000|100%| O|  |TAMS 0x00000002d1000000, 0x00000002d0000000| Updating 
| 591|0x00000002d1000000, 0x00000002d2000000, 0x00000002d2000000|100%| O|  |TAMS 0x00000002d2000000, 0x00000002d1000000| Untracked 
| 592|0x00000002d2000000, 0x00000002d3000000, 0x00000002d3000000|100%| O|  |TAMS 0x00000002d3000000, 0x00000002d2000000| Untracked 
| 593|0x00000002d3000000, 0x00000002d4000000, 0x00000002d4000000|100%| O|  |TAMS 0x00000002d4000000, 0x00000002d3000000| Untracked 
| 594|0x00000002d4000000, 0x00000002d5000000, 0x00000002d5000000|100%| O|  |TAMS 0x00000002d5000000, 0x00000002d4000000| Updating 
| 595|0x00000002d5000000, 0x00000002d6000000, 0x00000002d6000000|100%| O|  |TAMS 0x00000002d6000000, 0x00000002d5000000| Untracked 
| 596|0x00000002d6000000, 0x00000002d7000000, 0x00000002d7000000|100%| O|  |TAMS 0x00000002d7000000, 0x00000002d6000000| Untracked 
| 597|0x00000002d7000000, 0x00000002d8000000, 0x00000002d8000000|100%| O|  |TAMS 0x00000002d8000000, 0x00000002d7000000| Untracked 
| 598|0x00000002d8000000, 0x00000002d9000000, 0x00000002d9000000|100%| O|  |TAMS 0x00000002d9000000, 0x00000002d8000000| Untracked 
| 599|0x00000002d9000000, 0x00000002da000000, 0x00000002da000000|100%| O|  |TAMS 0x00000002da000000, 0x00000002d9000000| Untracked 
| 600|0x00000002da000000, 0x00000002db000000, 0x00000002db000000|100%| O|  |TAMS 0x00000002db000000, 0x00000002da000000| Untracked 
| 601|0x00000002db000000, 0x00000002dc000000, 0x00000002dc000000|100%| O|  |TAMS 0x00000002dc000000, 0x00000002db000000| Updating 
| 602|0x00000002dc000000, 0x00000002dd000000, 0x00000002dd000000|100%| O|  |TAMS 0x00000002dd000000, 0x00000002dc000000| Untracked 
| 603|0x00000002dd000000, 0x00000002de000000, 0x00000002de000000|100%| O|  |TAMS 0x00000002de000000, 0x00000002dd000000| Untracked 
| 604|0x00000002de000000, 0x00000002df000000, 0x00000002df000000|100%| O|  |TAMS 0x00000002df000000, 0x00000002de000000| Untracked 
| 605|0x00000002df000000, 0x00000002e0000000, 0x00000002e0000000|100%| O|  |TAMS 0x00000002e0000000, 0x00000002df000000| Untracked 
| 606|0x00000002e0000000, 0x00000002e1000000, 0x00000002e1000000|100%| O|  |TAMS 0x00000002e1000000, 0x00000002e0000000| Untracked 
| 607|0x00000002e1000000, 0x00000002e2000000, 0x00000002e2000000|100%| O|  |TAMS 0x00000002e2000000, 0x00000002e1000000| Untracked 
| 608|0x00000002e2000000, 0x00000002e3000000, 0x00000002e3000000|100%| O|  |TAMS 0x00000002e3000000, 0x00000002e2000000| Untracked 
| 609|0x00000002e3000000, 0x00000002e4000000, 0x00000002e4000000|100%| O|  |TAMS 0x00000002e4000000, 0x00000002e3000000| Untracked 
| 610|0x00000002e4000000, 0x00000002e5000000, 0x00000002e5000000|100%| O|  |TAMS 0x00000002e5000000, 0x00000002e4000000| Untracked 
| 611|0x00000002e5000000, 0x00000002e6000000, 0x00000002e6000000|100%| O|  |TAMS 0x00000002e6000000, 0x00000002e5000000| Untracked 
| 612|0x00000002e6000000, 0x00000002e7000000, 0x00000002e7000000|100%| O|  |TAMS 0x00000002e7000000, 0x00000002e6000000| Untracked 
| 613|0x00000002e7000000, 0x00000002e8000000, 0x00000002e8000000|100%| O|  |TAMS 0x00000002e8000000, 0x00000002e7000000| Updating 
| 614|0x00000002e8000000, 0x00000002e9000000, 0x00000002e9000000|100%| O|  |TAMS 0x00000002e9000000, 0x00000002e8000000| Untracked 
| 615|0x00000002e9000000, 0x00000002ea000000, 0x00000002ea000000|100%| O|  |TAMS 0x00000002ea000000, 0x00000002e9000000| Untracked 
| 616|0x00000002ea000000, 0x00000002eb000000, 0x00000002eb000000|100%| O|  |TAMS 0x00000002eb000000, 0x00000002ea000000| Updating 
| 617|0x00000002eb000000, 0x00000002ec000000, 0x00000002ec000000|100%| O|  |TAMS 0x00000002ec000000, 0x00000002eb000000| Updating 
| 618|0x00000002ec000000, 0x00000002ed000000, 0x00000002ed000000|100%| O|  |TAMS 0x00000002ed000000, 0x00000002ec000000| Untracked 
| 619|0x00000002ed000000, 0x00000002ee000000, 0x00000002ee000000|100%| O|  |TAMS 0x00000002ee000000, 0x00000002ed000000| Untracked 
| 620|0x00000002ee000000, 0x00000002ef000000, 0x00000002ef000000|100%| O|  |TAMS 0x00000002ef000000, 0x00000002ee000000| Untracked 
| 621|0x00000002ef000000, 0x00000002f0000000, 0x00000002f0000000|100%| O|  |TAMS 0x00000002f0000000, 0x00000002ef000000| Untracked 
| 622|0x00000002f0000000, 0x00000002f1000000, 0x00000002f1000000|100%| O|  |TAMS 0x00000002f1000000, 0x00000002f0000000| Untracked 
| 623|0x00000002f1000000, 0x00000002f2000000, 0x00000002f2000000|100%| O|  |TAMS 0x00000002f2000000, 0x00000002f1000000| Untracked 
| 624|0x00000002f2000000, 0x00000002f3000000, 0x00000002f3000000|100%| O|  |TAMS 0x00000002f3000000, 0x00000002f2000000| Untracked 
| 625|0x00000002f3000000, 0x00000002f4000000, 0x00000002f4000000|100%| O|  |TAMS 0x00000002f4000000, 0x00000002f3000000| Untracked 
| 626|0x00000002f4000000, 0x00000002f5000000, 0x00000002f5000000|100%| O|  |TAMS 0x00000002f5000000, 0x00000002f4000000| Untracked 
| 627|0x00000002f5000000, 0x00000002f6000000, 0x00000002f6000000|100%| O|  |TAMS 0x00000002f6000000, 0x00000002f5000000| Untracked 
| 628|0x00000002f6000000, 0x00000002f7000000, 0x00000002f7000000|100%| O|  |TAMS 0x00000002f7000000, 0x00000002f6000000| Untracked 
| 629|0x00000002f7000000, 0x00000002f8000000, 0x00000002f8000000|100%| O|  |TAMS 0x00000002f8000000, 0x00000002f7000000| Untracked 
| 630|0x00000002f8000000, 0x00000002f9000000, 0x00000002f9000000|100%| O|  |TAMS 0x00000002f9000000, 0x00000002f8000000| Untracked 
| 631|0x00000002f9000000, 0x00000002fa000000, 0x00000002fa000000|100%| O|  |TAMS 0x00000002fa000000, 0x00000002f9000000| Untracked 
| 632|0x00000002fa000000, 0x00000002fb000000, 0x00000002fb000000|100%| O|  |TAMS 0x00000002fb000000, 0x00000002fa000000| Untracked 
| 633|0x00000002fb000000, 0x00000002fc000000, 0x00000002fc000000|100%| O|  |TAMS 0x00000002fc000000, 0x00000002fb000000| Untracked 
| 634|0x00000002fc000000, 0x00000002fd000000, 0x00000002fd000000|100%| O|  |TAMS 0x00000002fd000000, 0x00000002fc000000| Untracked 
| 635|0x00000002fd000000, 0x00000002fe000000, 0x00000002fe000000|100%| O|  |TAMS 0x00000002fe000000, 0x00000002fd000000| Untracked 
| 636|0x00000002fe000000, 0x00000002ff000000, 0x00000002ff000000|100%| O|  |TAMS 0x00000002ff000000, 0x00000002fe000000| Untracked 
| 637|0x00000002ff000000, 0x0000000300000000, 0x0000000300000000|100%| O|  |TAMS 0x0000000300000000, 0x00000002ff000000| Untracked 
| 638|0x0000000300000000, 0x0000000301000000, 0x0000000301000000|100%| O|  |TAMS 0x0000000301000000, 0x0000000300000000| Untracked 
| 639|0x0000000301000000, 0x0000000302000000, 0x0000000302000000|100%| O|  |TAMS 0x0000000302000000, 0x0000000301000000| Untracked 
| 640|0x0000000302000000, 0x0000000303000000, 0x0000000303000000|100%| O|  |TAMS 0x0000000303000000, 0x0000000302000000| Untracked 
| 641|0x0000000303000000, 0x0000000304000000, 0x0000000304000000|100%| O|  |TAMS 0x0000000304000000, 0x0000000303000000| Untracked 
| 642|0x0000000304000000, 0x0000000305000000, 0x0000000305000000|100%| O|  |TAMS 0x0000000305000000, 0x0000000304000000| Untracked 
| 643|0x0000000305000000, 0x0000000306000000, 0x0000000306000000|100%| O|  |TAMS 0x0000000306000000, 0x0000000305000000| Untracked 
| 644|0x0000000306000000, 0x0000000307000000, 0x0000000307000000|100%| O|  |TAMS 0x0000000307000000, 0x0000000306000000| Updating 
| 645|0x0000000307000000, 0x0000000308000000, 0x0000000308000000|100%| O|  |TAMS 0x0000000308000000, 0x0000000307000000| Untracked 
| 646|0x0000000308000000, 0x0000000309000000, 0x0000000309000000|100%| O|  |TAMS 0x0000000309000000, 0x0000000308000000| Untracked 
| 647|0x0000000309000000, 0x000000030a000000, 0x000000030a000000|100%| O|  |TAMS 0x000000030a000000, 0x0000000309000000| Updating 
| 648|0x000000030a000000, 0x000000030b000000, 0x000000030b000000|100%| O|  |TAMS 0x000000030b000000, 0x000000030a000000| Untracked 
| 649|0x000000030b000000, 0x000000030c000000, 0x000000030c000000|100%| O|  |TAMS 0x000000030c000000, 0x000000030b000000| Untracked 
| 650|0x000000030c000000, 0x000000030d000000, 0x000000030d000000|100%| O|  |TAMS 0x000000030d000000, 0x000000030c000000| Updating 
| 651|0x000000030d000000, 0x000000030e000000, 0x000000030e000000|100%| O|  |TAMS 0x000000030e000000, 0x000000030d000000| Updating 
| 652|0x000000030e000000, 0x000000030f000000, 0x000000030f000000|100%| O|  |TAMS 0x000000030f000000, 0x000000030e000000| Untracked 
| 653|0x000000030f000000, 0x0000000310000000, 0x0000000310000000|100%| O|  |TAMS 0x0000000310000000, 0x000000030f000000| Updating 
| 654|0x0000000310000000, 0x0000000311000000, 0x0000000311000000|100%| O|  |TAMS 0x0000000310000000, 0x0000000310000000| Untracked 
| 655|0x0000000311000000, 0x0000000312000000, 0x0000000312000000|100%| O|  |TAMS 0x0000000312000000, 0x0000000311000000| Updating 
| 656|0x0000000312000000, 0x0000000313000000, 0x0000000313000000|100%| O|  |TAMS 0x0000000313000000, 0x0000000312000000| Untracked 
| 657|0x0000000313000000, 0x0000000314000000, 0x0000000314000000|100%| O|  |TAMS 0x0000000314000000, 0x0000000313000000| Untracked 
| 658|0x0000000314000000, 0x0000000315000000, 0x0000000315000000|100%| O|  |TAMS 0x0000000315000000, 0x0000000314000000| Untracked 
| 659|0x0000000315000000, 0x0000000316000000, 0x0000000316000000|100%| O|  |TAMS 0x0000000316000000, 0x0000000315000000| Untracked 
| 660|0x0000000316000000, 0x0000000317000000, 0x0000000317000000|100%| O|  |TAMS 0x0000000317000000, 0x0000000316000000| Untracked 
| 661|0x0000000317000000, 0x0000000318000000, 0x0000000318000000|100%| O|  |TAMS 0x0000000318000000, 0x0000000317000000| Untracked 
| 662|0x0000000318000000, 0x0000000319000000, 0x0000000319000000|100%| O|  |TAMS 0x0000000319000000, 0x0000000318000000| Untracked 
| 663|0x0000000319000000, 0x000000031a000000, 0x000000031a000000|100%| O|  |TAMS 0x000000031a000000, 0x0000000319000000| Untracked 
| 664|0x000000031a000000, 0x000000031b000000, 0x000000031b000000|100%| O|  |TAMS 0x000000031b000000, 0x000000031a000000| Untracked 
| 665|0x000000031b000000, 0x000000031c000000, 0x000000031c000000|100%| O|  |TAMS 0x000000031c000000, 0x000000031b000000| Untracked 
| 666|0x000000031c000000, 0x000000031d000000, 0x000000031d000000|100%| O|  |TAMS 0x000000031d000000, 0x000000031c000000| Untracked 
| 667|0x000000031d000000, 0x000000031e000000, 0x000000031e000000|100%| O|  |TAMS 0x000000031e000000, 0x000000031d000000| Untracked 
| 668|0x000000031e000000, 0x000000031f000000, 0x000000031f000000|100%| O|  |TAMS 0x000000031f000000, 0x000000031e000000| Untracked 
| 669|0x000000031f000000, 0x0000000320000000, 0x0000000320000000|100%| O|  |TAMS 0x0000000320000000, 0x000000031f000000| Untracked 
| 670|0x0000000320000000, 0x0000000321000000, 0x0000000321000000|100%| O|  |TAMS 0x0000000321000000, 0x0000000320000000| Untracked 
| 671|0x0000000321000000, 0x0000000322000000, 0x0000000322000000|100%| O|  |TAMS 0x0000000322000000, 0x0000000321000000| Untracked 
| 672|0x0000000322000000, 0x0000000323000000, 0x0000000323000000|100%| O|  |TAMS 0x0000000323000000, 0x0000000322000000| Untracked 
| 673|0x0000000323000000, 0x0000000324000000, 0x0000000324000000|100%| O|  |TAMS 0x0000000324000000, 0x0000000323000000| Untracked 
| 674|0x0000000324000000, 0x0000000325000000, 0x0000000325000000|100%| O|  |TAMS 0x0000000325000000, 0x0000000324000000| Untracked 
| 675|0x0000000325000000, 0x0000000326000000, 0x0000000326000000|100%| O|  |TAMS 0x0000000326000000, 0x0000000325000000| Untracked 
| 676|0x0000000326000000, 0x0000000327000000, 0x0000000327000000|100%| O|  |TAMS 0x0000000327000000, 0x0000000326000000| Untracked 
| 677|0x0000000327000000, 0x0000000328000000, 0x0000000328000000|100%| O|  |TAMS 0x0000000328000000, 0x0000000327000000| Untracked 
| 678|0x0000000328000000, 0x0000000329000000, 0x0000000329000000|100%| O|  |TAMS 0x0000000329000000, 0x0000000328000000| Untracked 
| 679|0x0000000329000000, 0x000000032a000000, 0x000000032a000000|100%| O|  |TAMS 0x000000032a000000, 0x0000000329000000| Untracked 
| 680|0x000000032a000000, 0x000000032b000000, 0x000000032b000000|100%| O|  |TAMS 0x000000032b000000, 0x000000032a000000| Untracked 
| 681|0x000000032b000000, 0x000000032c000000, 0x000000032c000000|100%| O|  |TAMS 0x000000032c000000, 0x000000032b000000| Untracked 
| 682|0x000000032c000000, 0x000000032d000000, 0x000000032d000000|100%| O|  |TAMS 0x000000032d000000, 0x000000032c000000| Untracked 
| 683|0x000000032d000000, 0x000000032e000000, 0x000000032e000000|100%| O|  |TAMS 0x000000032e000000, 0x000000032d000000| Untracked 
| 684|0x000000032e000000, 0x000000032f000000, 0x000000032f000000|100%| O|  |TAMS 0x000000032f000000, 0x000000032e000000| Updating 
| 685|0x000000032f000000, 0x0000000330000000, 0x0000000330000000|100%| O|  |TAMS 0x0000000330000000, 0x000000032f000000| Untracked 
| 686|0x0000000330000000, 0x0000000331000000, 0x0000000331000000|100%| O|  |TAMS 0x0000000331000000, 0x0000000330000000| Untracked 
| 687|0x0000000331000000, 0x0000000332000000, 0x0000000332000000|100%| O|  |TAMS 0x0000000332000000, 0x0000000331000000| Untracked 
| 688|0x0000000332000000, 0x0000000333000000, 0x0000000333000000|100%| O|  |TAMS 0x0000000333000000, 0x0000000332000000| Untracked 
| 689|0x0000000333000000, 0x0000000334000000, 0x0000000334000000|100%| O|  |TAMS 0x0000000334000000, 0x0000000333000000| Untracked 
| 690|0x0000000334000000, 0x0000000335000000, 0x0000000335000000|100%| O|  |TAMS 0x0000000335000000, 0x0000000334000000| Untracked 
| 691|0x0000000335000000, 0x0000000336000000, 0x0000000336000000|100%| O|  |TAMS 0x0000000336000000, 0x0000000335000000| Updating 
| 692|0x0000000336000000, 0x0000000337000000, 0x0000000337000000|100%| O|  |TAMS 0x0000000337000000, 0x0000000336000000| Updating 
| 693|0x0000000337000000, 0x0000000338000000, 0x0000000338000000|100%| O|  |TAMS 0x0000000337000000, 0x0000000337000000| Untracked 
| 694|0x0000000338000000, 0x0000000339000000, 0x0000000339000000|100%| O|  |TAMS 0x0000000338000000, 0x0000000338000000| Untracked 
| 695|0x0000000339000000, 0x000000033a000000, 0x000000033a000000|100%| O|  |TAMS 0x000000033a000000, 0x0000000339000000| Untracked 
| 696|0x000000033a000000, 0x000000033b000000, 0x000000033b000000|100%| O|  |TAMS 0x000000033b000000, 0x000000033a000000| Untracked 
| 697|0x000000033b000000, 0x000000033c000000, 0x000000033c000000|100%| O|  |TAMS 0x000000033c000000, 0x000000033b000000| Untracked 
| 698|0x000000033c000000, 0x000000033d000000, 0x000000033d000000|100%| O|  |TAMS 0x000000033d000000, 0x000000033c000000| Untracked 
| 699|0x000000033d000000, 0x000000033e000000, 0x000000033e000000|100%| O|  |TAMS 0x000000033e000000, 0x000000033d000000| Untracked 
| 700|0x000000033e000000, 0x000000033f000000, 0x000000033f000000|100%| O|  |TAMS 0x000000033f000000, 0x000000033e000000| Untracked 
| 701|0x000000033f000000, 0x0000000340000000, 0x0000000340000000|100%| O|  |TAMS 0x0000000340000000, 0x000000033f000000| Untracked 
| 702|0x0000000340000000, 0x0000000341000000, 0x0000000341000000|100%| O|  |TAMS 0x0000000341000000, 0x0000000340000000| Untracked 
| 703|0x0000000341000000, 0x0000000342000000, 0x0000000342000000|100%| O|  |TAMS 0x0000000342000000, 0x0000000341000000| Untracked 
| 704|0x0000000342000000, 0x0000000343000000, 0x0000000343000000|100%| O|  |TAMS 0x0000000343000000, 0x0000000342000000| Untracked 
| 705|0x0000000343000000, 0x0000000344000000, 0x0000000344000000|100%| O|  |TAMS 0x0000000344000000, 0x0000000343000000| Untracked 
| 706|0x0000000344000000, 0x0000000345000000, 0x0000000345000000|100%| O|  |TAMS 0x0000000345000000, 0x0000000344000000| Untracked 
| 707|0x0000000345000000, 0x0000000346000000, 0x0000000346000000|100%| O|  |TAMS 0x0000000346000000, 0x0000000345000000| Untracked 
| 708|0x0000000346000000, 0x0000000347000000, 0x0000000347000000|100%| O|  |TAMS 0x0000000347000000, 0x0000000346000000| Untracked 
| 709|0x0000000347000000, 0x0000000348000000, 0x0000000348000000|100%| O|  |TAMS 0x0000000348000000, 0x0000000347000000| Untracked 
| 710|0x0000000348000000, 0x0000000349000000, 0x0000000349000000|100%| O|  |TAMS 0x0000000349000000, 0x0000000348000000| Untracked 
| 711|0x0000000349000000, 0x000000034a000000, 0x000000034a000000|100%| O|  |TAMS 0x000000034a000000, 0x0000000349000000| Untracked 
| 712|0x000000034a000000, 0x000000034b000000, 0x000000034b000000|100%| O|  |TAMS 0x000000034b000000, 0x000000034a000000| Untracked 
| 713|0x000000034b000000, 0x000000034c000000, 0x000000034c000000|100%| O|  |TAMS 0x000000034c000000, 0x000000034b000000| Untracked 
| 714|0x000000034c000000, 0x000000034d000000, 0x000000034d000000|100%| O|  |TAMS 0x000000034d000000, 0x000000034c000000| Untracked 
| 715|0x000000034d000000, 0x000000034e000000, 0x000000034e000000|100%| O|  |TAMS 0x000000034e000000, 0x000000034d000000| Untracked 
| 716|0x000000034e000000, 0x000000034f000000, 0x000000034f000000|100%| O|  |TAMS 0x000000034f000000, 0x000000034e000000| Untracked 
| 717|0x000000034f000000, 0x0000000350000000, 0x0000000350000000|100%| O|  |TAMS 0x0000000350000000, 0x000000034f000000| Untracked 
| 718|0x0000000350000000, 0x0000000351000000, 0x0000000351000000|100%| O|  |TAMS 0x0000000351000000, 0x0000000350000000| Untracked 
| 719|0x0000000351000000, 0x0000000352000000, 0x0000000352000000|100%| O|  |TAMS 0x0000000352000000, 0x0000000351000000| Updating 
| 720|0x0000000352000000, 0x0000000353000000, 0x0000000353000000|100%| O|  |TAMS 0x0000000353000000, 0x0000000352000000| Updating 
| 721|0x0000000353000000, 0x0000000354000000, 0x0000000354000000|100%| O|  |TAMS 0x0000000354000000, 0x0000000353000000| Untracked 
| 722|0x0000000354000000, 0x0000000355000000, 0x0000000355000000|100%| O|  |TAMS 0x0000000355000000, 0x0000000354000000| Untracked 
| 723|0x0000000355000000, 0x0000000356000000, 0x0000000356000000|100%| O|  |TAMS 0x0000000356000000, 0x0000000355000000| Untracked 
| 724|0x0000000356000000, 0x0000000357000000, 0x0000000357000000|100%| O|  |TAMS 0x0000000357000000, 0x0000000356000000| Untracked 
| 725|0x0000000357000000, 0x0000000358000000, 0x0000000358000000|100%| O|  |TAMS 0x0000000358000000, 0x0000000357000000| Updating 
| 726|0x0000000358000000, 0x0000000359000000, 0x0000000359000000|100%| O|  |TAMS 0x0000000359000000, 0x0000000358000000| Updating 
| 727|0x0000000359000000, 0x000000035a000000, 0x000000035a000000|100%| O|  |TAMS 0x000000035a000000, 0x0000000359000000| Updating 
| 728|0x000000035a000000, 0x000000035b000000, 0x000000035b000000|100%| O|  |TAMS 0x000000035b000000, 0x000000035a000000| Untracked 
| 729|0x000000035b000000, 0x000000035c000000, 0x000000035c000000|100%| O|  |TAMS 0x000000035c000000, 0x000000035b000000| Updating 
| 730|0x000000035c000000, 0x000000035d000000, 0x000000035d000000|100%| O|  |TAMS 0x000000035d000000, 0x000000035c000000| Untracked 
| 731|0x000000035d000000, 0x000000035e000000, 0x000000035e000000|100%| O|  |TAMS 0x000000035e000000, 0x000000035d000000| Untracked 
| 732|0x000000035e000000, 0x000000035f000000, 0x000000035f000000|100%| O|  |TAMS 0x000000035f000000, 0x000000035e000000| Updating 
| 733|0x000000035f000000, 0x0000000360000000, 0x0000000360000000|100%| O|  |TAMS 0x0000000360000000, 0x000000035f000000| Untracked 
| 734|0x0000000360000000, 0x0000000361000000, 0x0000000361000000|100%| O|  |TAMS 0x0000000361000000, 0x0000000360000000| Updating 
| 735|0x0000000361000000, 0x0000000362000000, 0x0000000362000000|100%| O|  |TAMS 0x0000000361000000, 0x0000000361000000| Untracked 
| 736|0x0000000362000000, 0x0000000363000000, 0x0000000363000000|100%| O|  |TAMS 0x0000000363000000, 0x0000000362000000| Untracked 
| 737|0x0000000363000000, 0x0000000364000000, 0x0000000364000000|100%| O|  |TAMS 0x0000000364000000, 0x0000000363000000| Untracked 
| 738|0x0000000364000000, 0x0000000365000000, 0x0000000365000000|100%| O|  |TAMS 0x0000000365000000, 0x0000000364000000| Untracked 
| 739|0x0000000365000000, 0x0000000366000000, 0x0000000366000000|100%| O|  |TAMS 0x0000000366000000, 0x0000000365000000| Untracked 
| 740|0x0000000366000000, 0x0000000367000000, 0x0000000367000000|100%| O|  |TAMS 0x0000000367000000, 0x0000000366000000| Untracked 
| 741|0x0000000367000000, 0x0000000368000000, 0x0000000368000000|100%| O|  |TAMS 0x0000000368000000, 0x0000000367000000| Untracked 
| 742|0x0000000368000000, 0x0000000369000000, 0x0000000369000000|100%| O|  |TAMS 0x0000000369000000, 0x0000000368000000| Updating 
| 743|0x0000000369000000, 0x000000036a000000, 0x000000036a000000|100%| O|  |TAMS 0x000000036a000000, 0x0000000369000000| Untracked 
| 744|0x000000036a000000, 0x000000036b000000, 0x000000036b000000|100%| O|  |TAMS 0x000000036b000000, 0x000000036a000000| Untracked 
| 745|0x000000036b000000, 0x000000036c000000, 0x000000036c000000|100%| O|  |TAMS 0x000000036c000000, 0x000000036b000000| Untracked 
| 746|0x000000036c000000, 0x000000036d000000, 0x000000036d000000|100%| O|  |TAMS 0x000000036d000000, 0x000000036c000000| Updating 
| 747|0x000000036d000000, 0x000000036e000000, 0x000000036e000000|100%| O|  |TAMS 0x000000036e000000, 0x000000036d000000| Untracked 
| 748|0x000000036e000000, 0x000000036f000000, 0x000000036f000000|100%| O|  |TAMS 0x000000036f000000, 0x000000036e000000| Untracked 
| 749|0x000000036f000000, 0x0000000370000000, 0x0000000370000000|100%| O|  |TAMS 0x0000000370000000, 0x000000036f000000| Untracked 
| 750|0x0000000370000000, 0x0000000371000000, 0x0000000371000000|100%| O|  |TAMS 0x0000000371000000, 0x0000000370000000| Untracked 
| 751|0x0000000371000000, 0x0000000372000000, 0x0000000372000000|100%| O|  |TAMS 0x0000000372000000, 0x0000000371000000| Untracked 
| 752|0x0000000372000000, 0x0000000373000000, 0x0000000373000000|100%| O|  |TAMS 0x0000000373000000, 0x0000000372000000| Untracked 
| 753|0x0000000373000000, 0x0000000374000000, 0x0000000374000000|100%| O|  |TAMS 0x0000000374000000, 0x0000000373000000| Untracked 
| 754|0x0000000374000000, 0x0000000375000000, 0x0000000375000000|100%| O|  |TAMS 0x0000000375000000, 0x0000000374000000| Untracked 
| 755|0x0000000375000000, 0x0000000376000000, 0x0000000376000000|100%| O|  |TAMS 0x0000000376000000, 0x0000000375000000| Untracked 
| 756|0x0000000376000000, 0x0000000377000000, 0x0000000377000000|100%| O|  |TAMS 0x0000000377000000, 0x0000000376000000| Updating 
| 757|0x0000000377000000, 0x0000000378000000, 0x0000000378000000|100%| O|  |TAMS 0x0000000378000000, 0x0000000377000000| Updating 
| 758|0x0000000378000000, 0x0000000379000000, 0x0000000379000000|100%| O|  |TAMS 0x0000000379000000, 0x0000000378000000| Untracked 
| 759|0x0000000379000000, 0x000000037a000000, 0x000000037a000000|100%| O|  |TAMS 0x000000037a000000, 0x0000000379000000| Updating 
| 760|0x000000037a000000, 0x000000037b000000, 0x000000037b000000|100%| O|  |TAMS 0x000000037b000000, 0x000000037a000000| Updating 
| 761|0x000000037b000000, 0x000000037c000000, 0x000000037c000000|100%| O|  |TAMS 0x000000037c000000, 0x000000037b000000| Untracked 
| 762|0x000000037c000000, 0x000000037d000000, 0x000000037d000000|100%| O|  |TAMS 0x000000037d000000, 0x000000037c000000| Untracked 
| 763|0x000000037d000000, 0x000000037e000000, 0x000000037e000000|100%| O|  |TAMS 0x000000037e000000, 0x000000037d000000| Untracked 
| 764|0x000000037e000000, 0x000000037f000000, 0x000000037f000000|100%| O|  |TAMS 0x000000037f000000, 0x000000037e000000| Untracked 
| 765|0x000000037f000000, 0x0000000380000000, 0x0000000380000000|100%| O|  |TAMS 0x0000000380000000, 0x000000037f000000| Updating 
| 766|0x0000000380000000, 0x0000000381000000, 0x0000000381000000|100%| O|  |TAMS 0x0000000381000000, 0x0000000380000000| Untracked 
| 767|0x0000000381000000, 0x0000000382000000, 0x0000000382000000|100%| O|  |TAMS 0x0000000382000000, 0x0000000381000000| Untracked 
| 768|0x0000000382000000, 0x0000000383000000, 0x0000000383000000|100%| O|  |TAMS 0x0000000383000000, 0x0000000382000000| Untracked 
| 769|0x0000000383000000, 0x0000000384000000, 0x0000000384000000|100%| O|  |TAMS 0x0000000384000000, 0x0000000383000000| Untracked 
| 770|0x0000000384000000, 0x0000000385000000, 0x0000000385000000|100%| O|  |TAMS 0x0000000385000000, 0x0000000384000000| Updating 
| 771|0x0000000385000000, 0x0000000386000000, 0x0000000386000000|100%| O|  |TAMS 0x0000000386000000, 0x0000000385000000| Untracked 
| 772|0x0000000386000000, 0x0000000387000000, 0x0000000387000000|100%| O|  |TAMS 0x0000000387000000, 0x0000000386000000| Untracked 
| 773|0x0000000387000000, 0x0000000388000000, 0x0000000388000000|100%| O|  |TAMS 0x0000000388000000, 0x0000000387000000| Updating 
| 774|0x0000000388000000, 0x0000000389000000, 0x0000000389000000|100%| O|  |TAMS 0x0000000389000000, 0x0000000388000000| Untracked 
| 775|0x0000000389000000, 0x000000038a000000, 0x000000038a000000|100%| O|  |TAMS 0x000000038a000000, 0x0000000389000000| Updating 
| 776|0x000000038a000000, 0x000000038b000000, 0x000000038b000000|100%| O|  |TAMS 0x000000038a000000, 0x000000038a000000| Untracked 
| 777|0x000000038b000000, 0x000000038c000000, 0x000000038c000000|100%| O|  |TAMS 0x000000038c000000, 0x000000038b000000| Untracked 
| 778|0x000000038c000000, 0x000000038d000000, 0x000000038d000000|100%| O|  |TAMS 0x000000038d000000, 0x000000038c000000| Untracked 
| 779|0x000000038d000000, 0x000000038e000000, 0x000000038e000000|100%| O|  |TAMS 0x000000038e000000, 0x000000038d000000| Untracked 
| 780|0x000000038e000000, 0x000000038f000000, 0x000000038f000000|100%| O|  |TAMS 0x000000038f000000, 0x000000038e000000| Untracked 
| 781|0x000000038f000000, 0x0000000390000000, 0x0000000390000000|100%| O|  |TAMS 0x0000000390000000, 0x000000038f000000| Untracked 
| 782|0x0000000390000000, 0x0000000391000000, 0x0000000391000000|100%| O|  |TAMS 0x0000000391000000, 0x0000000390000000| Untracked 
| 783|0x0000000391000000, 0x0000000392000000, 0x0000000392000000|100%| O|  |TAMS 0x0000000392000000, 0x0000000391000000| Untracked 
| 784|0x0000000392000000, 0x0000000393000000, 0x0000000393000000|100%| O|  |TAMS 0x0000000393000000, 0x0000000392000000| Untracked 
| 785|0x0000000393000000, 0x0000000394000000, 0x0000000394000000|100%| O|  |TAMS 0x0000000394000000, 0x0000000393000000| Untracked 
| 786|0x0000000394000000, 0x0000000395000000, 0x0000000395000000|100%| O|  |TAMS 0x0000000395000000, 0x0000000394000000| Untracked 
| 787|0x0000000395000000, 0x0000000396000000, 0x0000000396000000|100%| O|  |TAMS 0x0000000396000000, 0x0000000395000000| Untracked 
| 788|0x0000000396000000, 0x0000000397000000, 0x0000000397000000|100%| O|  |TAMS 0x0000000397000000, 0x0000000396000000| Untracked 
| 789|0x0000000397000000, 0x0000000398000000, 0x0000000398000000|100%| O|  |TAMS 0x0000000398000000, 0x0000000397000000| Untracked 
| 790|0x0000000398000000, 0x0000000399000000, 0x0000000399000000|100%| O|  |TAMS 0x0000000399000000, 0x0000000398000000| Untracked 
| 791|0x0000000399000000, 0x000000039a000000, 0x000000039a000000|100%| O|  |TAMS 0x000000039a000000, 0x0000000399000000| Untracked 
| 792|0x000000039a000000, 0x000000039b000000, 0x000000039b000000|100%| O|  |TAMS 0x000000039b000000, 0x000000039a000000| Untracked 
| 793|0x000000039b000000, 0x000000039c000000, 0x000000039c000000|100%| O|  |TAMS 0x000000039c000000, 0x000000039b000000| Untracked 
| 794|0x000000039c000000, 0x000000039d000000, 0x000000039d000000|100%| O|  |TAMS 0x000000039d000000, 0x000000039c000000| Untracked 
| 795|0x000000039d000000, 0x000000039e000000, 0x000000039e000000|100%| O|  |TAMS 0x000000039e000000, 0x000000039d000000| Untracked 
| 796|0x000000039e000000, 0x000000039f000000, 0x000000039f000000|100%| O|  |TAMS 0x000000039f000000, 0x000000039e000000| Untracked 
| 797|0x000000039f000000, 0x00000003a0000000, 0x00000003a0000000|100%| O|  |TAMS 0x00000003a0000000, 0x000000039f000000| Untracked 
| 798|0x00000003a0000000, 0x00000003a1000000, 0x00000003a1000000|100%| O|  |TAMS 0x00000003a1000000, 0x00000003a0000000| Untracked 
| 799|0x00000003a1000000, 0x00000003a2000000, 0x00000003a2000000|100%| O|  |TAMS 0x00000003a2000000, 0x00000003a1000000| Updating 
| 800|0x00000003a2000000, 0x00000003a3000000, 0x00000003a3000000|100%| O|  |TAMS 0x00000003a3000000, 0x00000003a2000000| Untracked 
| 801|0x00000003a3000000, 0x00000003a4000000, 0x00000003a4000000|100%| O|  |TAMS 0x00000003a4000000, 0x00000003a3000000| Untracked 
| 802|0x00000003a4000000, 0x00000003a5000000, 0x00000003a5000000|100%| O|  |TAMS 0x00000003a5000000, 0x00000003a4000000| Untracked 
| 803|0x00000003a5000000, 0x00000003a6000000, 0x00000003a6000000|100%| O|  |TAMS 0x00000003a6000000, 0x00000003a5000000| Updating 
| 804|0x00000003a6000000, 0x00000003a7000000, 0x00000003a7000000|100%| O|  |TAMS 0x00000003a7000000, 0x00000003a6000000| Untracked 
| 805|0x00000003a7000000, 0x00000003a8000000, 0x00000003a8000000|100%| O|  |TAMS 0x00000003a8000000, 0x00000003a7000000| Untracked 
| 806|0x00000003a8000000, 0x00000003a9000000, 0x00000003a9000000|100%| O|  |TAMS 0x00000003a9000000, 0x00000003a8000000| Untracked 
| 807|0x00000003a9000000, 0x00000003aa000000, 0x00000003aa000000|100%| O|  |TAMS 0x00000003aa000000, 0x00000003a9000000| Untracked 
| 808|0x00000003aa000000, 0x00000003ab000000, 0x00000003ab000000|100%| O|  |TAMS 0x00000003ab000000, 0x00000003aa000000| Untracked 
| 809|0x00000003ab000000, 0x00000003ac000000, 0x00000003ac000000|100%| O|  |TAMS 0x00000003ac000000, 0x00000003ab000000| Untracked 
| 810|0x00000003ac000000, 0x00000003ad000000, 0x00000003ad000000|100%| O|  |TAMS 0x00000003ad000000, 0x00000003ac000000| Untracked 
| 811|0x00000003ad000000, 0x00000003ae000000, 0x00000003ae000000|100%| O|  |TAMS 0x00000003ae000000, 0x00000003ad000000| Untracked 
| 812|0x00000003ae000000, 0x00000003af000000, 0x00000003af000000|100%| O|  |TAMS 0x00000003af000000, 0x00000003ae000000| Untracked 
| 813|0x00000003af000000, 0x00000003b0000000, 0x00000003b0000000|100%| O|  |TAMS 0x00000003b0000000, 0x00000003af000000| Untracked 
| 814|0x00000003b0000000, 0x00000003b1000000, 0x00000003b1000000|100%| O|  |TAMS 0x00000003b1000000, 0x00000003b0000000| Untracked 
| 815|0x00000003b1000000, 0x00000003b2000000, 0x00000003b2000000|100%| O|  |TAMS 0x00000003b2000000, 0x00000003b1000000| Updating 
| 816|0x00000003b2000000, 0x00000003b3000000, 0x00000003b3000000|100%| O|  |TAMS 0x00000003b2000000, 0x00000003b2000000| Untracked 
| 817|0x00000003b3000000, 0x00000003b4000000, 0x00000003b4000000|100%| O|  |TAMS 0x00000003b4000000, 0x00000003b3000000| Untracked 
| 818|0x00000003b4000000, 0x00000003b5000000, 0x00000003b5000000|100%| O|  |TAMS 0x00000003b5000000, 0x00000003b4000000| Untracked 
| 819|0x00000003b5000000, 0x00000003b6000000, 0x00000003b6000000|100%| O|  |TAMS 0x00000003b6000000, 0x00000003b5000000| Untracked 
| 820|0x00000003b6000000, 0x00000003b7000000, 0x00000003b7000000|100%| O|  |TAMS 0x00000003b7000000, 0x00000003b6000000| Untracked 
| 821|0x00000003b7000000, 0x00000003b8000000, 0x00000003b8000000|100%| O|  |TAMS 0x00000003b8000000, 0x00000003b7000000| Untracked 
| 822|0x00000003b8000000, 0x00000003b9000000, 0x00000003b9000000|100%| O|  |TAMS 0x00000003b9000000, 0x00000003b8000000| Untracked 
| 823|0x00000003b9000000, 0x00000003ba000000, 0x00000003ba000000|100%| O|  |TAMS 0x00000003ba000000, 0x00000003b9000000| Untracked 
| 824|0x00000003ba000000, 0x00000003bb000000, 0x00000003bb000000|100%| O|  |TAMS 0x00000003bb000000, 0x00000003ba000000| Untracked 
| 825|0x00000003bb000000, 0x00000003bc000000, 0x00000003bc000000|100%| O|  |TAMS 0x00000003bc000000, 0x00000003bb000000| Untracked 
| 826|0x00000003bc000000, 0x00000003bd000000, 0x00000003bd000000|100%| O|  |TAMS 0x00000003bd000000, 0x00000003bc000000| Untracked 
| 827|0x00000003bd000000, 0x00000003be000000, 0x00000003be000000|100%| O|  |TAMS 0x00000003be000000, 0x00000003bd000000| Untracked 
| 828|0x00000003be000000, 0x00000003bf000000, 0x00000003bf000000|100%| O|  |TAMS 0x00000003bf000000, 0x00000003be000000| Untracked 
| 829|0x00000003bf000000, 0x00000003c0000000, 0x00000003c0000000|100%| O|  |TAMS 0x00000003c0000000, 0x00000003bf000000| Untracked 
| 830|0x00000003c0000000, 0x00000003c1000000, 0x00000003c1000000|100%| O|  |TAMS 0x00000003c1000000, 0x00000003c0000000| Untracked 
| 831|0x00000003c1000000, 0x00000003c2000000, 0x00000003c2000000|100%| O|  |TAMS 0x00000003c2000000, 0x00000003c1000000| Updating 
| 832|0x00000003c2000000, 0x00000003c3000000, 0x00000003c3000000|100%| O|  |TAMS 0x00000003c3000000, 0x00000003c2000000| Untracked 
| 833|0x00000003c3000000, 0x00000003c4000000, 0x00000003c4000000|100%| O|  |TAMS 0x00000003c4000000, 0x00000003c3000000| Untracked 
| 834|0x00000003c4000000, 0x00000003c5000000, 0x00000003c5000000|100%| O|  |TAMS 0x00000003c5000000, 0x00000003c4000000| Untracked 
| 835|0x00000003c5000000, 0x00000003c6000000, 0x00000003c6000000|100%| O|  |TAMS 0x00000003c6000000, 0x00000003c5000000| Untracked 
| 836|0x00000003c6000000, 0x00000003c7000000, 0x00000003c7000000|100%| O|  |TAMS 0x00000003c7000000, 0x00000003c6000000| Untracked 
| 837|0x00000003c7000000, 0x00000003c8000000, 0x00000003c8000000|100%| O|  |TAMS 0x00000003c8000000, 0x00000003c7000000| Untracked 
| 838|0x00000003c8000000, 0x00000003c9000000, 0x00000003c9000000|100%| O|  |TAMS 0x00000003c9000000, 0x00000003c8000000| Untracked 
| 839|0x00000003c9000000, 0x00000003ca000000, 0x00000003ca000000|100%| O|  |TAMS 0x00000003ca000000, 0x00000003c9000000| Updating 
| 840|0x00000003ca000000, 0x00000003cb000000, 0x00000003cb000000|100%| O|  |TAMS 0x00000003cb000000, 0x00000003ca000000| Untracked 
| 841|0x00000003cb000000, 0x00000003cc000000, 0x00000003cc000000|100%| O|  |TAMS 0x00000003cc000000, 0x00000003cb000000| Untracked 
| 842|0x00000003cc000000, 0x00000003cd000000, 0x00000003cd000000|100%| O|  |TAMS 0x00000003cd000000, 0x00000003cc000000| Untracked 
| 843|0x00000003cd000000, 0x00000003ce000000, 0x00000003ce000000|100%| O|  |TAMS 0x00000003ce000000, 0x00000003cd000000| Untracked 
| 844|0x00000003ce000000, 0x00000003cf000000, 0x00000003cf000000|100%| O|  |TAMS 0x00000003cf000000, 0x00000003ce000000| Untracked 
| 845|0x00000003cf000000, 0x00000003d0000000, 0x00000003d0000000|100%| O|  |TAMS 0x00000003d0000000, 0x00000003cf000000| Untracked 
| 846|0x00000003d0000000, 0x00000003d1000000, 0x00000003d1000000|100%| O|  |TAMS 0x00000003d1000000, 0x00000003d0000000| Updating 
| 847|0x00000003d1000000, 0x00000003d2000000, 0x00000003d2000000|100%| O|  |TAMS 0x00000003d2000000, 0x00000003d1000000| Untracked 
| 848|0x00000003d2000000, 0x00000003d3000000, 0x00000003d3000000|100%| O|  |TAMS 0x00000003d3000000, 0x00000003d2000000| Updating 
| 849|0x00000003d3000000, 0x00000003d4000000, 0x00000003d4000000|100%| O|  |TAMS 0x00000003d4000000, 0x00000003d3000000| Untracked 
| 850|0x00000003d4000000, 0x00000003d5000000, 0x00000003d5000000|100%| O|  |TAMS 0x00000003d5000000, 0x00000003d4000000| Untracked 
| 851|0x00000003d5000000, 0x00000003d6000000, 0x00000003d6000000|100%| O|  |TAMS 0x00000003d6000000, 0x00000003d5000000| Updating 
| 852|0x00000003d6000000, 0x00000003d7000000, 0x00000003d7000000|100%| O|  |TAMS 0x00000003d7000000, 0x00000003d6000000| Untracked 
| 853|0x00000003d7000000, 0x00000003d8000000, 0x00000003d8000000|100%| O|  |TAMS 0x00000003d8000000, 0x00000003d7000000| Untracked 
| 854|0x00000003d8000000, 0x00000003d9000000, 0x00000003d9000000|100%| O|  |TAMS 0x00000003d9000000, 0x00000003d8000000| Untracked 
| 855|0x00000003d9000000, 0x00000003da000000, 0x00000003da000000|100%| O|  |TAMS 0x00000003da000000, 0x00000003d9000000| Untracked 
| 856|0x00000003da000000, 0x00000003db000000, 0x00000003db000000|100%| O|  |TAMS 0x00000003db000000, 0x00000003da000000| Updating 
| 857|0x00000003db000000, 0x00000003dc000000, 0x00000003dc000000|100%| O|  |TAMS 0x00000003dc000000, 0x00000003db000000| Updating 
| 858|0x00000003dc000000, 0x00000003dd000000, 0x00000003dd000000|100%|HS|  |TAMS 0x00000003dd000000, 0x00000003dc000000| Complete 
| 859|0x00000003dd000000, 0x00000003de000000, 0x00000003de000000|100%|HC|  |TAMS 0x00000003de000000, 0x00000003dd000000| Complete 
| 860|0x00000003de000000, 0x00000003df000000, 0x00000003df000000|100%|HC|  |TAMS 0x00000003df000000, 0x00000003de000000| Complete 
| 861|0x00000003df000000, 0x00000003e0000000, 0x00000003e0000000|100%|HC|  |TAMS 0x00000003e0000000, 0x00000003df000000| Complete 
| 862|0x00000003e0000000, 0x00000003e1000000, 0x00000003e1000000|100%|HC|  |TAMS 0x00000003e1000000, 0x00000003e0000000| Complete 
| 863|0x00000003e1000000, 0x00000003e2000000, 0x00000003e2000000|100%|HC|  |TAMS 0x00000003e2000000, 0x00000003e1000000| Complete 
| 864|0x00000003e2000000, 0x00000003e3000000, 0x00000003e3000000|100%|HC|  |TAMS 0x00000003e3000000, 0x00000003e2000000| Complete 
| 865|0x00000003e3000000, 0x00000003e4000000, 0x00000003e4000000|100%|HC|  |TAMS 0x00000003e4000000, 0x00000003e3000000| Complete 
| 866|0x00000003e4000000, 0x00000003e5000000, 0x00000003e5000000|100%|HC|  |TAMS 0x00000003e5000000, 0x00000003e4000000| Complete 
| 867|0x00000003e5000000, 0x00000003e6000000, 0x00000003e6000000|100%|HC|  |TAMS 0x00000003e6000000, 0x00000003e5000000| Complete 
| 868|0x00000003e6000000, 0x00000003e7000000, 0x00000003e7000000|100%|HC|  |TAMS 0x00000003e7000000, 0x00000003e6000000| Complete 
| 869|0x00000003e7000000, 0x00000003e8000000, 0x00000003e8000000|100%|HC|  |TAMS 0x00000003e8000000, 0x00000003e7000000| Complete 
| 870|0x00000003e8000000, 0x00000003e9000000, 0x00000003e9000000|100%|HC|  |TAMS 0x00000003e9000000, 0x00000003e8000000| Complete 
| 871|0x00000003e9000000, 0x00000003ea000000, 0x00000003ea000000|100%|HC|  |TAMS 0x00000003ea000000, 0x00000003e9000000| Complete 
| 872|0x00000003ea000000, 0x00000003eb000000, 0x00000003eb000000|100%|HC|  |TAMS 0x00000003eb000000, 0x00000003ea000000| Complete 
| 873|0x00000003eb000000, 0x00000003ec000000, 0x00000003ec000000|100%|HC|  |TAMS 0x00000003ec000000, 0x00000003eb000000| Complete 
| 874|0x00000003ec000000, 0x00000003ed000000, 0x00000003ed000000|100%|HC|  |TAMS 0x00000003ed000000, 0x00000003ec000000| Complete 
| 875|0x00000003ed000000, 0x00000003ee000000, 0x00000003ee000000|100%|HC|  |TAMS 0x00000003ee000000, 0x00000003ed000000| Complete 
| 876|0x00000003ee000000, 0x00000003ef000000, 0x00000003ef000000|100%|HC|  |TAMS 0x00000003ef000000, 0x00000003ee000000| Complete 
| 877|0x00000003ef000000, 0x00000003f0000000, 0x00000003f0000000|100%|HC|  |TAMS 0x00000003f0000000, 0x00000003ef000000| Complete 
| 878|0x00000003f0000000, 0x00000003f1000000, 0x00000003f1000000|100%|HC|  |TAMS 0x00000003f1000000, 0x00000003f0000000| Complete 
| 879|0x00000003f1000000, 0x00000003f2000000, 0x00000003f2000000|100%|HC|  |TAMS 0x00000003f2000000, 0x00000003f1000000| Complete 
| 880|0x00000003f2000000, 0x00000003f3000000, 0x00000003f3000000|100%|HC|  |TAMS 0x00000003f3000000, 0x00000003f2000000| Complete 
| 881|0x00000003f3000000, 0x00000003f4000000, 0x00000003f4000000|100%|HC|  |TAMS 0x00000003f4000000, 0x00000003f3000000| Complete 
| 882|0x00000003f4000000, 0x00000003f5000000, 0x00000003f5000000|100%|HC|  |TAMS 0x00000003f5000000, 0x00000003f4000000| Complete 
| 883|0x00000003f5000000, 0x00000003f6000000, 0x00000003f6000000|100%|HC|  |TAMS 0x00000003f6000000, 0x00000003f5000000| Complete 
| 884|0x00000003f6000000, 0x00000003f7000000, 0x00000003f7000000|100%| O|  |TAMS 0x00000003f7000000, 0x00000003f6000000| Updating 
| 885|0x00000003f7000000, 0x00000003f8000000, 0x00000003f8000000|100%| O|  |TAMS 0x00000003f8000000, 0x00000003f7000000| Updating 
| 886|0x00000003f8000000, 0x00000003f9000000, 0x00000003f9000000|100%| O|  |TAMS 0x00000003f9000000, 0x00000003f8000000| Updating 
| 887|0x00000003f9000000, 0x00000003fa000000, 0x00000003fa000000|100%| O|  |TAMS 0x00000003fa000000, 0x00000003f9000000| Updating 
| 888|0x00000003fa000000, 0x00000003fb000000, 0x00000003fb000000|100%| O|  |TAMS 0x00000003fb000000, 0x00000003fa000000| Updating 
| 889|0x00000003fb000000, 0x00000003fc000000, 0x00000003fc000000|100%| O|  |TAMS 0x00000003fc000000, 0x00000003fb000000| Updating 
| 890|0x00000003fc000000, 0x00000003fd000000, 0x00000003fd000000|100%| O|  |TAMS 0x00000003fd000000, 0x00000003fc000000| Untracked 
| 891|0x00000003fd000000, 0x00000003fe000000, 0x00000003fe000000|100%| O|  |TAMS 0x00000003fe000000, 0x00000003fd000000| Untracked 
| 892|0x00000003fe000000, 0x00000003ff000000, 0x00000003ff000000|100%| O|  |TAMS 0x00000003ff000000, 0x00000003fe000000| Untracked 
| 893|0x00000003ff000000, 0x0000000400000000, 0x0000000400000000|100%| O|  |TAMS 0x0000000400000000, 0x00000003ff000000| Untracked 
| 894|0x0000000400000000, 0x0000000401000000, 0x0000000401000000|100%| O|  |TAMS 0x0000000401000000, 0x0000000400000000| Untracked 
| 895|0x0000000401000000, 0x0000000402000000, 0x0000000402000000|100%| O|  |TAMS 0x0000000402000000, 0x0000000401000000| Untracked 
| 896|0x0000000402000000, 0x0000000403000000, 0x0000000403000000|100%| O|  |TAMS 0x0000000403000000, 0x0000000402000000| Untracked 
| 897|0x0000000403000000, 0x0000000404000000, 0x0000000404000000|100%| O|  |TAMS 0x0000000404000000, 0x0000000403000000| Untracked 
| 898|0x0000000404000000, 0x0000000405000000, 0x0000000405000000|100%| O|  |TAMS 0x0000000405000000, 0x0000000404000000| Untracked 
| 899|0x0000000405000000, 0x0000000406000000, 0x0000000406000000|100%| O|  |TAMS 0x0000000406000000, 0x0000000405000000| Untracked 
| 900|0x0000000406000000, 0x0000000407000000, 0x0000000407000000|100%| O|  |TAMS 0x0000000407000000, 0x0000000406000000| Untracked 
| 901|0x0000000407000000, 0x0000000408000000, 0x0000000408000000|100%| O|  |TAMS 0x0000000408000000, 0x0000000407000000| Untracked 
| 902|0x0000000408000000, 0x0000000409000000, 0x0000000409000000|100%| O|  |TAMS 0x0000000409000000, 0x0000000408000000| Untracked 
| 903|0x0000000409000000, 0x000000040a000000, 0x000000040a000000|100%| O|  |TAMS 0x000000040a000000, 0x0000000409000000| Untracked 
| 904|0x000000040a000000, 0x000000040b000000, 0x000000040b000000|100%| O|  |TAMS 0x000000040b000000, 0x000000040a000000| Untracked 
| 905|0x000000040b000000, 0x000000040c000000, 0x000000040c000000|100%| O|  |TAMS 0x000000040c000000, 0x000000040b000000| Untracked 
| 906|0x000000040c000000, 0x000000040d000000, 0x000000040d000000|100%| O|  |TAMS 0x000000040d000000, 0x000000040c000000| Untracked 
| 907|0x000000040d000000, 0x000000040e000000, 0x000000040e000000|100%| O|  |TAMS 0x000000040e000000, 0x000000040d000000| Untracked 
| 908|0x000000040e000000, 0x000000040f000000, 0x000000040f000000|100%| O|  |TAMS 0x000000040f000000, 0x000000040e000000| Untracked 
| 909|0x000000040f000000, 0x0000000410000000, 0x0000000410000000|100%| O|  |TAMS 0x0000000410000000, 0x000000040f000000| Untracked 
| 910|0x0000000410000000, 0x0000000411000000, 0x0000000411000000|100%| O|  |TAMS 0x0000000411000000, 0x0000000410000000| Untracked 
| 911|0x0000000411000000, 0x0000000412000000, 0x0000000412000000|100%| O|  |TAMS 0x0000000412000000, 0x0000000411000000| Untracked 
| 912|0x0000000412000000, 0x0000000413000000, 0x0000000413000000|100%| O|  |TAMS 0x0000000413000000, 0x0000000412000000| Untracked 
| 913|0x0000000413000000, 0x0000000414000000, 0x0000000414000000|100%| O|  |TAMS 0x0000000414000000, 0x0000000413000000| Untracked 
| 914|0x0000000414000000, 0x0000000415000000, 0x0000000415000000|100%| O|  |TAMS 0x0000000415000000, 0x0000000414000000| Untracked 
| 915|0x0000000415000000, 0x0000000416000000, 0x0000000416000000|100%| O|  |TAMS 0x0000000416000000, 0x0000000415000000| Untracked 
| 916|0x0000000416000000, 0x0000000417000000, 0x0000000417000000|100%| O|  |TAMS 0x0000000417000000, 0x0000000416000000| Untracked 
| 917|0x0000000417000000, 0x0000000418000000, 0x0000000418000000|100%| O|  |TAMS 0x0000000418000000, 0x0000000417000000| Untracked 
| 918|0x0000000418000000, 0x0000000419000000, 0x0000000419000000|100%| O|  |TAMS 0x0000000419000000, 0x0000000418000000| Untracked 
| 919|0x0000000419000000, 0x000000041a000000, 0x000000041a000000|100%| O|  |TAMS 0x000000041a000000, 0x0000000419000000| Updating 
| 920|0x000000041a000000, 0x000000041b000000, 0x000000041b000000|100%| O|  |TAMS 0x000000041b000000, 0x000000041a000000| Untracked 
| 921|0x000000041b000000, 0x000000041c000000, 0x000000041c000000|100%| O|  |TAMS 0x000000041c000000, 0x000000041b000000| Updating 
| 922|0x000000041c000000, 0x000000041d000000, 0x000000041d000000|100%| O|  |TAMS 0x000000041d000000, 0x000000041c000000| Updating 
| 923|0x000000041d000000, 0x000000041e000000, 0x000000041e000000|100%| O|  |TAMS 0x000000041e000000, 0x000000041d000000| Updating 
| 924|0x000000041e000000, 0x000000041f000000, 0x000000041f000000|100%| O|  |TAMS 0x000000041f000000, 0x000000041e000000| Untracked 
| 925|0x000000041f000000, 0x0000000420000000, 0x0000000420000000|100%| O|  |TAMS 0x0000000420000000, 0x000000041f000000| Updating 
| 926|0x0000000420000000, 0x0000000421000000, 0x0000000421000000|100%| O|  |TAMS 0x0000000421000000, 0x0000000420000000| Untracked 
| 927|0x0000000421000000, 0x0000000422000000, 0x0000000422000000|100%| O|  |TAMS 0x0000000422000000, 0x0000000421000000| Updating 
| 928|0x0000000422000000, 0x0000000423000000, 0x0000000423000000|100%| O|  |TAMS 0x0000000423000000, 0x0000000422000000| Updating 
| 929|0x0000000423000000, 0x0000000424000000, 0x0000000424000000|100%| O|  |TAMS 0x0000000424000000, 0x0000000423000000| Updating 
| 930|0x0000000424000000, 0x0000000425000000, 0x0000000425000000|100%| O|  |TAMS 0x0000000425000000, 0x0000000424000000| Untracked 
| 931|0x0000000425000000, 0x0000000426000000, 0x0000000426000000|100%| O|  |TAMS 0x0000000426000000, 0x0000000425000000| Untracked 
| 932|0x0000000426000000, 0x0000000427000000, 0x0000000427000000|100%| O|  |TAMS 0x0000000427000000, 0x0000000426000000| Untracked 
| 933|0x0000000427000000, 0x0000000428000000, 0x0000000428000000|100%| O|  |TAMS 0x0000000428000000, 0x0000000427000000| Untracked 
| 934|0x0000000428000000, 0x0000000429000000, 0x0000000429000000|100%| O|  |TAMS 0x0000000429000000, 0x0000000428000000| Untracked 
| 935|0x0000000429000000, 0x000000042a000000, 0x000000042a000000|100%| O|  |TAMS 0x000000042a000000, 0x0000000429000000| Untracked 
| 936|0x000000042a000000, 0x000000042b000000, 0x000000042b000000|100%| O|  |TAMS 0x000000042b000000, 0x000000042a000000| Untracked 
| 937|0x000000042b000000, 0x000000042c000000, 0x000000042c000000|100%| O|  |TAMS 0x000000042c000000, 0x000000042b000000| Untracked 
| 938|0x000000042c000000, 0x000000042d000000, 0x000000042d000000|100%| O|  |TAMS 0x000000042d000000, 0x000000042c000000| Untracked 
| 939|0x000000042d000000, 0x000000042e000000, 0x000000042e000000|100%| O|  |TAMS 0x000000042e000000, 0x000000042d000000| Untracked 
| 940|0x000000042e000000, 0x000000042f000000, 0x000000042f000000|100%| O|  |TAMS 0x000000042f000000, 0x000000042e000000| Untracked 
| 941|0x000000042f000000, 0x0000000430000000, 0x0000000430000000|100%| O|  |TAMS 0x0000000430000000, 0x000000042f000000| Untracked 
| 942|0x0000000430000000, 0x0000000431000000, 0x0000000431000000|100%| O|  |TAMS 0x0000000431000000, 0x0000000430000000| Untracked 
| 943|0x0000000431000000, 0x0000000432000000, 0x0000000432000000|100%| O|  |TAMS 0x0000000432000000, 0x0000000431000000| Untracked 
| 944|0x0000000432000000, 0x0000000433000000, 0x0000000433000000|100%| O|  |TAMS 0x0000000433000000, 0x0000000432000000| Untracked 
| 945|0x0000000433000000, 0x0000000434000000, 0x0000000434000000|100%| O|  |TAMS 0x0000000434000000, 0x0000000433000000| Untracked 
| 946|0x0000000434000000, 0x0000000435000000, 0x0000000435000000|100%| O|  |TAMS 0x0000000435000000, 0x0000000434000000| Untracked 
| 947|0x0000000435000000, 0x0000000436000000, 0x0000000436000000|100%| O|  |TAMS 0x0000000436000000, 0x0000000435000000| Untracked 
| 948|0x0000000436000000, 0x0000000437000000, 0x0000000437000000|100%| O|  |TAMS 0x0000000437000000, 0x0000000436000000| Untracked 
| 949|0x0000000437000000, 0x0000000438000000, 0x0000000438000000|100%| O|  |TAMS 0x0000000438000000, 0x0000000437000000| Untracked 
| 950|0x0000000438000000, 0x0000000439000000, 0x0000000439000000|100%| O|  |TAMS 0x0000000439000000, 0x0000000438000000| Untracked 
| 951|0x0000000439000000, 0x000000043a000000, 0x000000043a000000|100%| O|  |TAMS 0x000000043a000000, 0x0000000439000000| Untracked 
| 952|0x000000043a000000, 0x000000043b000000, 0x000000043b000000|100%| O|  |TAMS 0x000000043b000000, 0x000000043a000000| Untracked 
| 953|0x000000043b000000, 0x000000043c000000, 0x000000043c000000|100%| O|  |TAMS 0x000000043c000000, 0x000000043b000000| Untracked 
| 954|0x000000043c000000, 0x000000043d000000, 0x000000043d000000|100%| O|  |TAMS 0x000000043d000000, 0x000000043c000000| Untracked 
| 955|0x000000043d000000, 0x000000043e000000, 0x000000043e000000|100%| O|  |TAMS 0x000000043e000000, 0x000000043d000000| Untracked 
| 956|0x000000043e000000, 0x000000043f000000, 0x000000043f000000|100%| O|  |TAMS 0x000000043f000000, 0x000000043e000000| Untracked 
| 957|0x000000043f000000, 0x0000000440000000, 0x0000000440000000|100%| O|  |TAMS 0x0000000440000000, 0x000000043f000000| Untracked 
| 958|0x0000000440000000, 0x0000000441000000, 0x0000000441000000|100%| O|  |TAMS 0x0000000441000000, 0x0000000440000000| Updating 
| 959|0x0000000441000000, 0x0000000442000000, 0x0000000442000000|100%| O|  |TAMS 0x0000000442000000, 0x0000000441000000| Updating 
| 960|0x0000000442000000, 0x0000000443000000, 0x0000000443000000|100%| O|  |TAMS 0x0000000443000000, 0x0000000442000000| Untracked 
| 961|0x0000000443000000, 0x0000000444000000, 0x0000000444000000|100%| O|  |TAMS 0x0000000444000000, 0x0000000443000000| Untracked 
| 962|0x0000000444000000, 0x0000000445000000, 0x0000000445000000|100%| O|  |TAMS 0x0000000445000000, 0x0000000444000000| Updating 
| 963|0x0000000445000000, 0x0000000446000000, 0x0000000446000000|100%| O|  |TAMS 0x0000000446000000, 0x0000000445000000| Updating 
| 964|0x0000000446000000, 0x0000000447000000, 0x0000000447000000|100%| O|  |TAMS 0x0000000447000000, 0x0000000446000000| Updating 
| 965|0x0000000447000000, 0x0000000448000000, 0x0000000448000000|100%| O|  |TAMS 0x0000000448000000, 0x0000000447000000| Updating 
| 966|0x0000000448000000, 0x0000000449000000, 0x0000000449000000|100%| O|  |TAMS 0x0000000449000000, 0x0000000448000000| Updating 
| 967|0x0000000449000000, 0x000000044a000000, 0x000000044a000000|100%| O|  |TAMS 0x000000044a000000, 0x0000000449000000| Updating 
| 968|0x000000044a000000, 0x000000044b000000, 0x000000044b000000|100%| O|  |TAMS 0x000000044b000000, 0x000000044a000000| Updating 
| 969|0x000000044b000000, 0x000000044c000000, 0x000000044c000000|100%| O|  |TAMS 0x000000044c000000, 0x000000044b000000| Untracked 
| 970|0x000000044c000000, 0x000000044d000000, 0x000000044d000000|100%| O|  |TAMS 0x000000044d000000, 0x000000044c000000| Untracked 
| 971|0x000000044d000000, 0x000000044e000000, 0x000000044e000000|100%| O|  |TAMS 0x000000044e000000, 0x000000044d000000| Untracked 
| 972|0x000000044e000000, 0x000000044f000000, 0x000000044f000000|100%| O|  |TAMS 0x000000044f000000, 0x000000044e000000| Untracked 
| 973|0x000000044f000000, 0x0000000450000000, 0x0000000450000000|100%| O|  |TAMS 0x0000000450000000, 0x000000044f000000| Untracked 
| 974|0x0000000450000000, 0x0000000451000000, 0x0000000451000000|100%| O|  |TAMS 0x0000000451000000, 0x0000000450000000| Untracked 
| 975|0x0000000451000000, 0x0000000452000000, 0x0000000452000000|100%| O|  |TAMS 0x0000000452000000, 0x0000000451000000| Untracked 
| 976|0x0000000452000000, 0x0000000453000000, 0x0000000453000000|100%| O|  |TAMS 0x0000000453000000, 0x0000000452000000| Untracked 
| 977|0x0000000453000000, 0x0000000454000000, 0x0000000454000000|100%| O|  |TAMS 0x0000000454000000, 0x0000000453000000| Untracked 
| 978|0x0000000454000000, 0x0000000455000000, 0x0000000455000000|100%| O|  |TAMS 0x0000000455000000, 0x0000000454000000| Updating 
| 979|0x0000000455000000, 0x0000000456000000, 0x0000000456000000|100%| O|  |TAMS 0x0000000456000000, 0x0000000455000000| Untracked 
| 980|0x0000000456000000, 0x0000000457000000, 0x0000000457000000|100%| O|  |TAMS 0x0000000457000000, 0x0000000456000000| Untracked 
| 981|0x0000000457000000, 0x0000000458000000, 0x0000000458000000|100%| O|  |TAMS 0x0000000458000000, 0x0000000457000000| Untracked 
| 982|0x0000000458000000, 0x0000000459000000, 0x0000000459000000|100%| O|  |TAMS 0x0000000459000000, 0x0000000458000000| Untracked 
| 983|0x0000000459000000, 0x000000045a000000, 0x000000045a000000|100%| O|  |TAMS 0x000000045a000000, 0x0000000459000000| Untracked 
| 984|0x000000045a000000, 0x000000045b000000, 0x000000045b000000|100%| O|  |TAMS 0x000000045b000000, 0x000000045a000000| Untracked 
| 985|0x000000045b000000, 0x000000045c000000, 0x000000045c000000|100%| O|  |TAMS 0x000000045c000000, 0x000000045b000000| Untracked 
| 986|0x000000045c000000, 0x000000045d000000, 0x000000045d000000|100%| O|  |TAMS 0x000000045d000000, 0x000000045c000000| Untracked 
| 987|0x000000045d000000, 0x000000045e000000, 0x000000045e000000|100%| O|  |TAMS 0x000000045e000000, 0x000000045d000000| Untracked 
| 988|0x000000045e000000, 0x000000045f000000, 0x000000045f000000|100%| O|  |TAMS 0x000000045f000000, 0x000000045e000000| Updating 
| 989|0x000000045f000000, 0x0000000460000000, 0x0000000460000000|100%| O|  |TAMS 0x0000000460000000, 0x000000045f000000| Untracked 
| 990|0x0000000460000000, 0x0000000461000000, 0x0000000461000000|100%| O|  |TAMS 0x0000000461000000, 0x0000000460000000| Untracked 
| 991|0x0000000461000000, 0x0000000462000000, 0x0000000462000000|100%| O|  |TAMS 0x0000000462000000, 0x0000000461000000| Untracked 
| 992|0x0000000462000000, 0x0000000463000000, 0x0000000463000000|100%| O|  |TAMS 0x0000000463000000, 0x0000000462000000| Untracked 
| 993|0x0000000463000000, 0x0000000464000000, 0x0000000464000000|100%| O|  |TAMS 0x0000000464000000, 0x0000000463000000| Untracked 
| 994|0x0000000464000000, 0x0000000465000000, 0x0000000465000000|100%| O|  |TAMS 0x0000000465000000, 0x0000000464000000| Untracked 
| 995|0x0000000465000000, 0x0000000466000000, 0x0000000466000000|100%| O|  |TAMS 0x0000000466000000, 0x0000000465000000| Updating 
| 996|0x0000000466000000, 0x0000000467000000, 0x0000000467000000|100%| O|  |TAMS 0x0000000467000000, 0x0000000466000000| Untracked 
| 997|0x0000000467000000, 0x0000000468000000, 0x0000000468000000|100%| O|  |TAMS 0x0000000468000000, 0x0000000467000000| Updating 
| 998|0x0000000468000000, 0x0000000469000000, 0x0000000469000000|100%| O|  |TAMS 0x0000000469000000, 0x0000000468000000| Updating 
| 999|0x0000000469000000, 0x000000046a000000, 0x000000046a000000|100%| O|  |TAMS 0x000000046a000000, 0x0000000469000000| Untracked 
|1000|0x000000046a000000, 0x000000046b000000, 0x000000046b000000|100%| O|  |TAMS 0x000000046b000000, 0x000000046a000000| Updating 
|1001|0x000000046b000000, 0x000000046c000000, 0x000000046c000000|100%| O|  |TAMS 0x000000046c000000, 0x000000046b000000| Updating 
|1002|0x000000046c000000, 0x000000046d000000, 0x000000046d000000|100%| O|  |TAMS 0x000000046d000000, 0x000000046c000000| Updating 
|1003|0x000000046d000000, 0x000000046e000000, 0x000000046e000000|100%| O|  |TAMS 0x000000046dce3c00, 0x000000046d000000| Updating 
|1004|0x000000046e000000, 0x000000046f000000, 0x000000046f000000|100%| O|  |TAMS 0x000000046e000000, 0x000000046e000000| Untracked 
|1005|0x000000046f000000, 0x0000000470000000, 0x0000000470000000|100%| O|  |TAMS 0x000000046f000000, 0x000000046f000000| Untracked 
|1006|0x0000000470000000, 0x0000000471000000, 0x0000000471000000|100%| O|  |TAMS 0x0000000470000000, 0x0000000470000000| Untracked 
|1007|0x0000000471000000, 0x0000000472000000, 0x0000000472000000|100%| O|  |TAMS 0x0000000471000000, 0x0000000471000000| Untracked 
|1008|0x0000000472000000, 0x0000000473000000, 0x0000000473000000|100%| O|  |TAMS 0x0000000472000000, 0x0000000472000000| Untracked 
|1009|0x0000000473000000, 0x0000000474000000, 0x0000000474000000|100%| O|  |TAMS 0x0000000473000000, 0x0000000473000000| Untracked 
|1010|0x0000000474000000, 0x0000000475000000, 0x0000000475000000|100%| O|  |TAMS 0x0000000474000000, 0x0000000474000000| Untracked 
|1011|0x0000000475000000, 0x0000000476000000, 0x0000000476000000|100%| O|  |TAMS 0x0000000475000000, 0x0000000475000000| Untracked 
|1012|0x0000000476000000, 0x0000000477000000, 0x0000000477000000|100%| O|  |TAMS 0x0000000476000000, 0x0000000476000000| Untracked 
|1013|0x0000000477000000, 0x0000000478000000, 0x0000000478000000|100%| O|  |TAMS 0x0000000477000000, 0x0000000477000000| Untracked 
|1014|0x0000000478000000, 0x0000000479000000, 0x0000000479000000|100%| O|  |TAMS 0x0000000478000000, 0x0000000478000000| Untracked 
|1015|0x0000000479000000, 0x000000047a000000, 0x000000047a000000|100%| O|  |TAMS 0x0000000479000000, 0x0000000479000000| Untracked 
|1016|0x000000047a000000, 0x000000047b000000, 0x000000047b000000|100%| O|  |TAMS 0x000000047a000000, 0x000000047a000000| Untracked 
|1017|0x000000047b000000, 0x000000047c000000, 0x000000047c000000|100%| O|  |TAMS 0x000000047b000000, 0x000000047b000000| Untracked 
|1018|0x000000047c000000, 0x000000047d000000, 0x000000047d000000|100%| O|  |TAMS 0x000000047c000000, 0x000000047c000000| Untracked 
|1019|0x000000047d000000, 0x000000047e000000, 0x000000047e000000|100%| O|  |TAMS 0x000000047d000000, 0x000000047d000000| Untracked 
|1020|0x000000047e000000, 0x000000047f000000, 0x000000047f000000|100%| O|  |TAMS 0x000000047e000000, 0x000000047e000000| Untracked 
|1021|0x000000047f000000, 0x0000000480000000, 0x0000000480000000|100%| O|  |TAMS 0x000000047f000000, 0x000000047f000000| Untracked 
|1022|0x0000000480000000, 0x0000000481000000, 0x0000000481000000|100%| O|  |TAMS 0x0000000480000000, 0x0000000480000000| Untracked 
|1023|0x0000000481000000, 0x0000000482000000, 0x0000000482000000|100%| O|  |TAMS 0x0000000481000000, 0x0000000481000000| Untracked 
|1024|0x0000000482000000, 0x0000000483000000, 0x0000000483000000|100%| O|  |TAMS 0x0000000482000000, 0x0000000482000000| Untracked 
|1025|0x0000000483000000, 0x0000000484000000, 0x0000000484000000|100%| O|  |TAMS 0x0000000483000000, 0x0000000483000000| Untracked 
|1026|0x0000000484000000, 0x0000000485000000, 0x0000000485000000|100%| O|  |TAMS 0x0000000484000000, 0x0000000484000000| Untracked 
|1027|0x0000000485000000, 0x0000000486000000, 0x0000000486000000|100%| O|  |TAMS 0x0000000485000000, 0x0000000485000000| Untracked 
|1028|0x0000000486000000, 0x0000000487000000, 0x0000000487000000|100%| O|  |TAMS 0x0000000486000000, 0x0000000486000000| Untracked 
|1029|0x0000000487000000, 0x0000000488000000, 0x0000000488000000|100%| O|  |TAMS 0x0000000487000000, 0x0000000487000000| Untracked 
|1030|0x0000000488000000, 0x0000000489000000, 0x0000000489000000|100%| O|  |TAMS 0x0000000488000000, 0x0000000488000000| Untracked 
|1031|0x0000000489000000, 0x000000048a000000, 0x000000048a000000|100%| O|  |TAMS 0x0000000489000000, 0x0000000489000000| Untracked 
|1032|0x000000048a000000, 0x000000048b000000, 0x000000048b000000|100%| O|  |TAMS 0x000000048a000000, 0x000000048a000000| Untracked 
|1033|0x000000048b000000, 0x000000048c000000, 0x000000048c000000|100%| O|  |TAMS 0x000000048b000000, 0x000000048b000000| Untracked 
|1034|0x000000048c000000, 0x000000048d000000, 0x000000048d000000|100%| O|  |TAMS 0x000000048c000000, 0x000000048c000000| Untracked 
|1035|0x000000048d000000, 0x000000048e000000, 0x000000048e000000|100%| O|  |TAMS 0x000000048d000000, 0x000000048d000000| Untracked 
|1036|0x000000048e000000, 0x000000048f000000, 0x000000048f000000|100%| O|  |TAMS 0x000000048e000000, 0x000000048e000000| Untracked 
|1037|0x000000048f000000, 0x0000000490000000, 0x0000000490000000|100%| O|  |TAMS 0x000000048f000000, 0x000000048f000000| Untracked 
|1038|0x0000000490000000, 0x0000000491000000, 0x0000000491000000|100%| O|  |TAMS 0x0000000490000000, 0x0000000490000000| Untracked 
|1039|0x0000000491000000, 0x0000000492000000, 0x0000000492000000|100%| O|  |TAMS 0x0000000491000000, 0x0000000491000000| Untracked 
|1040|0x0000000492000000, 0x0000000493000000, 0x0000000493000000|100%| O|  |TAMS 0x0000000492000000, 0x0000000492000000| Untracked 
|1041|0x0000000493000000, 0x0000000494000000, 0x0000000494000000|100%| O|  |TAMS 0x0000000493000000, 0x0000000493000000| Untracked 
|1042|0x0000000494000000, 0x0000000495000000, 0x0000000495000000|100%| O|  |TAMS 0x0000000494000000, 0x0000000494000000| Untracked 
|1043|0x0000000495000000, 0x0000000496000000, 0x0000000496000000|100%| O|  |TAMS 0x0000000495000000, 0x0000000495000000| Untracked 
|1044|0x0000000496000000, 0x0000000497000000, 0x0000000497000000|100%| O|  |TAMS 0x0000000496000000, 0x0000000496000000| Untracked 
|1045|0x0000000497000000, 0x0000000498000000, 0x0000000498000000|100%| O|  |TAMS 0x0000000497000000, 0x0000000497000000| Untracked 
|1046|0x0000000498000000, 0x0000000499000000, 0x0000000499000000|100%| O|  |TAMS 0x0000000498000000, 0x0000000498000000| Untracked 
|1047|0x0000000499000000, 0x000000049a000000, 0x000000049a000000|100%| O|  |TAMS 0x0000000499000000, 0x0000000499000000| Untracked 
|1048|0x000000049a000000, 0x000000049b000000, 0x000000049b000000|100%| O|  |TAMS 0x000000049a000000, 0x000000049a000000| Untracked 
|1049|0x000000049b000000, 0x000000049c000000, 0x000000049c000000|100%| O|  |TAMS 0x000000049b000000, 0x000000049b000000| Untracked 
|1050|0x000000049c000000, 0x000000049d000000, 0x000000049d000000|100%| O|  |TAMS 0x000000049c000000, 0x000000049c000000| Untracked 
|1051|0x000000049d000000, 0x000000049e000000, 0x000000049e000000|100%| O|  |TAMS 0x000000049d000000, 0x000000049d000000| Untracked 
|1052|0x000000049e000000, 0x000000049f000000, 0x000000049f000000|100%| O|  |TAMS 0x000000049e000000, 0x000000049e000000| Untracked 
|1053|0x000000049f000000, 0x00000004a0000000, 0x00000004a0000000|100%| O|  |TAMS 0x000000049f000000, 0x000000049f000000| Untracked 
|1054|0x00000004a0000000, 0x00000004a1000000, 0x00000004a1000000|100%| O|  |TAMS 0x00000004a0000000, 0x00000004a0000000| Untracked 
|1055|0x00000004a1000000, 0x00000004a2000000, 0x00000004a2000000|100%| O|  |TAMS 0x00000004a1000000, 0x00000004a1000000| Untracked 
|1056|0x00000004a2000000, 0x00000004a3000000, 0x00000004a3000000|100%| O|  |TAMS 0x00000004a2000000, 0x00000004a2000000| Untracked 
|1057|0x00000004a3000000, 0x00000004a4000000, 0x00000004a4000000|100%| O|  |TAMS 0x00000004a3000000, 0x00000004a3000000| Untracked 
|1058|0x00000004a4000000, 0x00000004a5000000, 0x00000004a5000000|100%| O|  |TAMS 0x00000004a4000000, 0x00000004a4000000| Untracked 
|1059|0x00000004a5000000, 0x00000004a6000000, 0x00000004a6000000|100%| O|  |TAMS 0x00000004a5000000, 0x00000004a5000000| Untracked 
|1060|0x00000004a6000000, 0x00000004a7000000, 0x00000004a7000000|100%| O|  |TAMS 0x00000004a6000000, 0x00000004a6000000| Untracked 
|1061|0x00000004a7000000, 0x00000004a8000000, 0x00000004a8000000|100%| O|  |TAMS 0x00000004a7000000, 0x00000004a7000000| Untracked 
|1062|0x00000004a8000000, 0x00000004a9000000, 0x00000004a9000000|100%| O|  |TAMS 0x00000004a8000000, 0x00000004a8000000| Untracked 
|1063|0x00000004a9000000, 0x00000004aa000000, 0x00000004aa000000|100%| O|  |TAMS 0x00000004a9000000, 0x00000004a9000000| Untracked 
|1064|0x00000004aa000000, 0x00000004ab000000, 0x00000004ab000000|100%| O|  |TAMS 0x00000004aa000000, 0x00000004aa000000| Untracked 
|1065|0x00000004ab000000, 0x00000004ac000000, 0x00000004ac000000|100%| O|  |TAMS 0x00000004ab000000, 0x00000004ab000000| Untracked 
|1066|0x00000004ac000000, 0x00000004ad000000, 0x00000004ad000000|100%| O|  |TAMS 0x00000004ac000000, 0x00000004ac000000| Untracked 
|1067|0x00000004ad000000, 0x00000004ae000000, 0x00000004ae000000|100%| O|  |TAMS 0x00000004ad000000, 0x00000004ad000000| Untracked 
|1068|0x00000004ae000000, 0x00000004af000000, 0x00000004af000000|100%| O|  |TAMS 0x00000004ae000000, 0x00000004ae000000| Untracked 
|1069|0x00000004af000000, 0x00000004b0000000, 0x00000004b0000000|100%| O|  |TAMS 0x00000004af000000, 0x00000004af000000| Untracked 
|1070|0x00000004b0000000, 0x00000004b1000000, 0x00000004b1000000|100%| O|  |TAMS 0x00000004b0000000, 0x00000004b0000000| Untracked 
|1071|0x00000004b1000000, 0x00000004b2000000, 0x00000004b2000000|100%| O|  |TAMS 0x00000004b1000000, 0x00000004b1000000| Untracked 
|1072|0x00000004b2000000, 0x00000004b3000000, 0x00000004b3000000|100%| O|  |TAMS 0x00000004b2000000, 0x00000004b2000000| Untracked 
|1073|0x00000004b3000000, 0x00000004b4000000, 0x00000004b4000000|100%| O|  |TAMS 0x00000004b3000000, 0x00000004b3000000| Untracked 
|1074|0x00000004b4000000, 0x00000004b5000000, 0x00000004b5000000|100%| O|  |TAMS 0x00000004b4000000, 0x00000004b4000000| Untracked 
|1075|0x00000004b5000000, 0x00000004b6000000, 0x00000004b6000000|100%| O|  |TAMS 0x00000004b5000000, 0x00000004b5000000| Untracked 
|1076|0x00000004b6000000, 0x00000004b7000000, 0x00000004b7000000|100%| O|  |TAMS 0x00000004b6000000, 0x00000004b6000000| Untracked 
|1077|0x00000004b7000000, 0x00000004b8000000, 0x00000004b8000000|100%| O|  |TAMS 0x00000004b7000000, 0x00000004b7000000| Untracked 
|1078|0x00000004b8000000, 0x00000004b9000000, 0x00000004b9000000|100%| O|  |TAMS 0x00000004b8000000, 0x00000004b8000000| Untracked 
|1079|0x00000004b9000000, 0x00000004ba000000, 0x00000004ba000000|100%| O|  |TAMS 0x00000004b9000000, 0x00000004b9000000| Untracked 
|1080|0x00000004ba000000, 0x00000004bb000000, 0x00000004bb000000|100%| O|  |TAMS 0x00000004ba000000, 0x00000004ba000000| Untracked 
|1081|0x00000004bb000000, 0x00000004bc000000, 0x00000004bc000000|100%| O|  |TAMS 0x00000004bb000000, 0x00000004bb000000| Untracked 
|1082|0x00000004bc000000, 0x00000004bd000000, 0x00000004bd000000|100%| O|  |TAMS 0x00000004bc000000, 0x00000004bc000000| Untracked 
|1083|0x00000004bd000000, 0x00000004be000000, 0x00000004be000000|100%| O|  |TAMS 0x00000004bd000000, 0x00000004bd000000| Untracked 
|1084|0x00000004be000000, 0x00000004bf000000, 0x00000004bf000000|100%| O|  |TAMS 0x00000004be000000, 0x00000004be000000| Untracked 
|1085|0x00000004bf000000, 0x00000004c0000000, 0x00000004c0000000|100%| O|  |TAMS 0x00000004bf000000, 0x00000004bf000000| Untracked 
|1086|0x00000004c0000000, 0x00000004c1000000, 0x00000004c1000000|100%| O|  |TAMS 0x00000004c0000000, 0x00000004c0000000| Untracked 
|1087|0x00000004c1000000, 0x00000004c2000000, 0x00000004c2000000|100%| O|  |TAMS 0x00000004c1000000, 0x00000004c1000000| Untracked 
|1088|0x00000004c2000000, 0x00000004c3000000, 0x00000004c3000000|100%| O|  |TAMS 0x00000004c2000000, 0x00000004c2000000| Untracked 
|1089|0x00000004c3000000, 0x00000004c4000000, 0x00000004c4000000|100%| O|  |TAMS 0x00000004c3000000, 0x00000004c3000000| Untracked 
|1090|0x00000004c4000000, 0x00000004c5000000, 0x00000004c5000000|100%| O|  |TAMS 0x00000004c4000000, 0x00000004c4000000| Untracked 
|1091|0x00000004c5000000, 0x00000004c6000000, 0x00000004c6000000|100%| O|  |TAMS 0x00000004c5000000, 0x00000004c5000000| Untracked 
|1092|0x00000004c6000000, 0x00000004c7000000, 0x00000004c7000000|100%| O|  |TAMS 0x00000004c6000000, 0x00000004c6000000| Untracked 
|1093|0x00000004c7000000, 0x00000004c8000000, 0x00000004c8000000|100%| O|  |TAMS 0x00000004c7000000, 0x00000004c7000000| Untracked 
|1094|0x00000004c8000000, 0x00000004c9000000, 0x00000004c9000000|100%| O|  |TAMS 0x00000004c8000000, 0x00000004c8000000| Untracked 
|1095|0x00000004c9000000, 0x00000004ca000000, 0x00000004ca000000|100%| O|  |TAMS 0x00000004c9000000, 0x00000004c9000000| Untracked 
|1096|0x00000004ca000000, 0x00000004cb000000, 0x00000004cb000000|100%| O|  |TAMS 0x00000004ca000000, 0x00000004ca000000| Untracked 
|1097|0x00000004cb000000, 0x00000004cc000000, 0x00000004cc000000|100%| O|  |TAMS 0x00000004cb000000, 0x00000004cb000000| Untracked 
|1098|0x00000004cc000000, 0x00000004cd000000, 0x00000004cd000000|100%| O|  |TAMS 0x00000004cc000000, 0x00000004cc000000| Untracked 
|1099|0x00000004cd000000, 0x00000004ce000000, 0x00000004ce000000|100%| O|  |TAMS 0x00000004cd000000, 0x00000004cd000000| Untracked 
|1100|0x00000004ce000000, 0x00000004cf000000, 0x00000004cf000000|100%| O|  |TAMS 0x00000004ce000000, 0x00000004ce000000| Untracked 
|1101|0x00000004cf000000, 0x00000004d0000000, 0x00000004d0000000|100%| O|  |TAMS 0x00000004cf000000, 0x00000004cf000000| Untracked 
|1102|0x00000004d0000000, 0x00000004d1000000, 0x00000004d1000000|100%| O|  |TAMS 0x00000004d0000000, 0x00000004d0000000| Untracked 
|1103|0x00000004d1000000, 0x00000004d2000000, 0x00000004d2000000|100%| O|  |TAMS 0x00000004d1000000, 0x00000004d1000000| Untracked 
|1104|0x00000004d2000000, 0x00000004d3000000, 0x00000004d3000000|100%| O|  |TAMS 0x00000004d2000000, 0x00000004d2000000| Untracked 
|1105|0x00000004d3000000, 0x00000004d4000000, 0x00000004d4000000|100%| O|  |TAMS 0x00000004d3000000, 0x00000004d3000000| Untracked 
|1106|0x00000004d4000000, 0x00000004d5000000, 0x00000004d5000000|100%| O|  |TAMS 0x00000004d4000000, 0x00000004d4000000| Untracked 
|1107|0x00000004d5000000, 0x00000004d6000000, 0x00000004d6000000|100%| O|  |TAMS 0x00000004d5000000, 0x00000004d5000000| Untracked 
|1108|0x00000004d6000000, 0x00000004d6de8200, 0x00000004d7000000| 86%| O|  |TAMS 0x00000004d6000000, 0x00000004d6000000| Untracked 
|1109|0x00000004d7000000, 0x00000004d7000000, 0x00000004d8000000|  0%| F|  |TAMS 0x00000004d7000000, 0x00000004d7000000| Untracked 
|1110|0x00000004d8000000, 0x00000004d8000000, 0x00000004d9000000|  0%| F|  |TAMS 0x00000004d8000000, 0x00000004d8000000| Untracked 
|1111|0x00000004d9000000, 0x00000004d9000000, 0x00000004da000000|  0%| F|  |TAMS 0x00000004d9000000, 0x00000004d9000000| Untracked 
|1112|0x00000004da000000, 0x00000004da000000, 0x00000004db000000|  0%| F|  |TAMS 0x00000004da000000, 0x00000004da000000| Untracked 
|1113|0x00000004db000000, 0x00000004db000000, 0x00000004dc000000|  0%| F|  |TAMS 0x00000004db000000, 0x00000004db000000| Untracked 
|1114|0x00000004dc000000, 0x00000004dc000000, 0x00000004dd000000|  0%| F|  |TAMS 0x00000004dc000000, 0x00000004dc000000| Untracked 
|1115|0x00000004dd000000, 0x00000004dd000000, 0x00000004de000000|  0%| F|  |TAMS 0x00000004dd000000, 0x00000004dd000000| Untracked 
|1116|0x00000004de000000, 0x00000004de000000, 0x00000004df000000|  0%| F|  |TAMS 0x00000004de000000, 0x00000004de000000| Untracked 
|1117|0x00000004df000000, 0x00000004df000000, 0x00000004e0000000|  0%| F|  |TAMS 0x00000004df000000, 0x00000004df000000| Untracked 
|1118|0x00000004e0000000, 0x00000004e0000000, 0x00000004e1000000|  0%| F|  |TAMS 0x00000004e0000000, 0x00000004e0000000| Untracked 
|1119|0x00000004e1000000, 0x00000004e1000000, 0x00000004e2000000|  0%| F|  |TAMS 0x00000004e1000000, 0x00000004e1000000| Untracked 
|1120|0x00000004e2000000, 0x00000004e2000000, 0x00000004e3000000|  0%| F|  |TAMS 0x00000004e2000000, 0x00000004e2000000| Untracked 
|1121|0x00000004e3000000, 0x00000004e3000000, 0x00000004e4000000|  0%| F|  |TAMS 0x00000004e3000000, 0x00000004e3000000| Untracked 
|1122|0x00000004e4000000, 0x00000004e4000000, 0x00000004e5000000|  0%| F|  |TAMS 0x00000004e4000000, 0x00000004e4000000| Untracked 
|1123|0x00000004e5000000, 0x00000004e5000000, 0x00000004e6000000|  0%| F|  |TAMS 0x00000004e5000000, 0x00000004e5000000| Untracked 
|1124|0x00000004e6000000, 0x00000004e6000000, 0x00000004e7000000|  0%| F|  |TAMS 0x00000004e6000000, 0x00000004e6000000| Untracked 
|1125|0x00000004e7000000, 0x00000004e7000000, 0x00000004e8000000|  0%| F|  |TAMS 0x00000004e7000000, 0x00000004e7000000| Untracked 
|1126|0x00000004e8000000, 0x00000004e8000000, 0x00000004e9000000|  0%| F|  |TAMS 0x00000004e8000000, 0x00000004e8000000| Untracked 
|1127|0x00000004e9000000, 0x00000004e9000000, 0x00000004ea000000|  0%| F|  |TAMS 0x00000004e9000000, 0x00000004e9000000| Untracked 
|1128|0x00000004ea000000, 0x00000004ea000000, 0x00000004eb000000|  0%| F|  |TAMS 0x00000004ea000000, 0x00000004ea000000| Untracked 
|1129|0x00000004eb000000, 0x00000004eb000000, 0x00000004ec000000|  0%| F|  |TAMS 0x00000004eb000000, 0x00000004eb000000| Untracked 
|1130|0x00000004ec000000, 0x00000004ec000000, 0x00000004ed000000|  0%| F|  |TAMS 0x00000004ec000000, 0x00000004ec000000| Untracked 
|1131|0x00000004ed000000, 0x00000004ed000000, 0x00000004ee000000|  0%| F|  |TAMS 0x00000004ed000000, 0x00000004ed000000| Untracked 
|1132|0x00000004ee000000, 0x00000004ee000000, 0x00000004ef000000|  0%| F|  |TAMS 0x00000004ee000000, 0x00000004ee000000| Untracked 
|1133|0x00000004ef000000, 0x00000004ef000000, 0x00000004f0000000|  0%| F|  |TAMS 0x00000004ef000000, 0x00000004ef000000| Untracked 
|1134|0x00000004f0000000, 0x00000004f0000000, 0x00000004f1000000|  0%| F|  |TAMS 0x00000004f0000000, 0x00000004f0000000| Untracked 
|1135|0x00000004f1000000, 0x00000004f1000000, 0x00000004f2000000|  0%| F|  |TAMS 0x00000004f1000000, 0x00000004f1000000| Untracked 
|1136|0x00000004f2000000, 0x00000004f2000000, 0x00000004f3000000|  0%| F|  |TAMS 0x00000004f2000000, 0x00000004f2000000| Untracked 
|1137|0x00000004f3000000, 0x00000004f3000000, 0x00000004f4000000|  0%| F|  |TAMS 0x00000004f3000000, 0x00000004f3000000| Untracked 
|1138|0x00000004f4000000, 0x00000004f4000000, 0x00000004f5000000|  0%| F|  |TAMS 0x00000004f4000000, 0x00000004f4000000| Untracked 
|1139|0x00000004f5000000, 0x00000004f5000000, 0x00000004f6000000|  0%| F|  |TAMS 0x00000004f5000000, 0x00000004f5000000| Untracked 
|1140|0x00000004f6000000, 0x00000004f6000000, 0x00000004f7000000|  0%| F|  |TAMS 0x00000004f6000000, 0x00000004f6000000| Untracked 
|1141|0x00000004f7000000, 0x00000004f7000000, 0x00000004f8000000|  0%| F|  |TAMS 0x00000004f7000000, 0x00000004f7000000| Untracked 
|1142|0x00000004f8000000, 0x00000004f8000000, 0x00000004f9000000|  0%| F|  |TAMS 0x00000004f8000000, 0x00000004f8000000| Untracked 
|1143|0x00000004f9000000, 0x00000004f9000000, 0x00000004fa000000|  0%| F|  |TAMS 0x00000004f9000000, 0x00000004f9000000| Untracked 
|1144|0x00000004fa000000, 0x00000004fa000000, 0x00000004fb000000|  0%| F|  |TAMS 0x00000004fa000000, 0x00000004fa000000| Untracked 
|1145|0x00000004fb000000, 0x00000004fb000000, 0x00000004fc000000|  0%| F|  |TAMS 0x00000004fb000000, 0x00000004fb000000| Untracked 
|1146|0x00000004fc000000, 0x00000004fc000000, 0x00000004fd000000|  0%| F|  |TAMS 0x00000004fc000000, 0x00000004fc000000| Untracked 
|1147|0x00000004fd000000, 0x00000004fd000000, 0x00000004fe000000|  0%| F|  |TAMS 0x00000004fd000000, 0x00000004fd000000| Untracked 
|1148|0x00000004fe000000, 0x00000004fe000000, 0x00000004ff000000|  0%| F|  |TAMS 0x00000004fe000000, 0x00000004fe000000| Untracked 
|1149|0x00000004ff000000, 0x00000004ff000000, 0x0000000500000000|  0%| F|  |TAMS 0x00000004ff000000, 0x00000004ff000000| Untracked 
|1150|0x0000000500000000, 0x0000000500000000, 0x0000000501000000|  0%| F|  |TAMS 0x0000000500000000, 0x0000000500000000| Untracked 
|1151|0x0000000501000000, 0x0000000501000000, 0x0000000502000000|  0%| F|  |TAMS 0x0000000501000000, 0x0000000501000000| Untracked 
|1152|0x0000000502000000, 0x0000000502000000, 0x0000000503000000|  0%| F|  |TAMS 0x0000000502000000, 0x0000000502000000| Untracked 
|1153|0x0000000503000000, 0x0000000503000000, 0x0000000504000000|  0%| F|  |TAMS 0x0000000503000000, 0x0000000503000000| Untracked 
|1154|0x0000000504000000, 0x0000000504000000, 0x0000000505000000|  0%| F|  |TAMS 0x0000000504000000, 0x0000000504000000| Untracked 
|1155|0x0000000505000000, 0x0000000505000000, 0x0000000506000000|  0%| F|  |TAMS 0x0000000505000000, 0x0000000505000000| Untracked 
|1156|0x0000000506000000, 0x0000000506000000, 0x0000000507000000|  0%| F|  |TAMS 0x0000000506000000, 0x0000000506000000| Untracked 
|1157|0x0000000507000000, 0x0000000507000000, 0x0000000508000000|  0%| F|  |TAMS 0x0000000507000000, 0x0000000507000000| Untracked 
|1158|0x0000000508000000, 0x0000000508000000, 0x0000000509000000|  0%| F|  |TAMS 0x0000000508000000, 0x0000000508000000| Untracked 
|1159|0x0000000509000000, 0x0000000509000000, 0x000000050a000000|  0%| F|  |TAMS 0x0000000509000000, 0x0000000509000000| Untracked 
|1160|0x000000050a000000, 0x000000050a000000, 0x000000050b000000|  0%| F|  |TAMS 0x000000050a000000, 0x000000050a000000| Untracked 
|1161|0x000000050b000000, 0x000000050b000000, 0x000000050c000000|  0%| F|  |TAMS 0x000000050b000000, 0x000000050b000000| Untracked 
|1162|0x000000050c000000, 0x000000050c000000, 0x000000050d000000|  0%| F|  |TAMS 0x000000050c000000, 0x000000050c000000| Untracked 
|1163|0x000000050d000000, 0x000000050d000000, 0x000000050e000000|  0%| F|  |TAMS 0x000000050d000000, 0x000000050d000000| Untracked 
|1164|0x000000050e000000, 0x000000050e000000, 0x000000050f000000|  0%| F|  |TAMS 0x000000050e000000, 0x000000050e000000| Untracked 
|1165|0x000000050f000000, 0x000000050f000000, 0x0000000510000000|  0%| F|  |TAMS 0x000000050f000000, 0x000000050f000000| Untracked 
|1166|0x0000000510000000, 0x0000000510000000, 0x0000000511000000|  0%| F|  |TAMS 0x0000000510000000, 0x0000000510000000| Untracked 
|1167|0x0000000511000000, 0x0000000511000000, 0x0000000512000000|  0%| F|  |TAMS 0x0000000511000000, 0x0000000511000000| Untracked 
|1168|0x0000000512000000, 0x0000000512000000, 0x0000000513000000|  0%| F|  |TAMS 0x0000000512000000, 0x0000000512000000| Untracked 
|1169|0x0000000513000000, 0x0000000513000000, 0x0000000514000000|  0%| F|  |TAMS 0x0000000513000000, 0x0000000513000000| Untracked 
|1170|0x0000000514000000, 0x0000000514000000, 0x0000000515000000|  0%| F|  |TAMS 0x0000000514000000, 0x0000000514000000| Untracked 
|1171|0x0000000515000000, 0x0000000515000000, 0x0000000516000000|  0%| F|  |TAMS 0x0000000515000000, 0x0000000515000000| Untracked 
|1172|0x0000000516000000, 0x0000000516000000, 0x0000000517000000|  0%| F|  |TAMS 0x0000000516000000, 0x0000000516000000| Untracked 
|1173|0x0000000517000000, 0x0000000517000000, 0x0000000518000000|  0%| F|  |TAMS 0x0000000517000000, 0x0000000517000000| Untracked 
|1174|0x0000000518000000, 0x0000000518000000, 0x0000000519000000|  0%| F|  |TAMS 0x0000000518000000, 0x0000000518000000| Untracked 
|1175|0x0000000519000000, 0x0000000519000000, 0x000000051a000000|  0%| F|  |TAMS 0x0000000519000000, 0x0000000519000000| Untracked 
|1176|0x000000051a000000, 0x000000051a000000, 0x000000051b000000|  0%| F|  |TAMS 0x000000051a000000, 0x000000051a000000| Untracked 
|1177|0x000000051b000000, 0x000000051b000000, 0x000000051c000000|  0%| F|  |TAMS 0x000000051b000000, 0x000000051b000000| Untracked 
|1178|0x000000051c000000, 0x000000051c000000, 0x000000051d000000|  0%| F|  |TAMS 0x000000051c000000, 0x000000051c000000| Untracked 
|1179|0x000000051d000000, 0x000000051d000000, 0x000000051e000000|  0%| F|  |TAMS 0x000000051d000000, 0x000000051d000000| Untracked 
|1180|0x000000051e000000, 0x000000051e000000, 0x000000051f000000|  0%| F|  |TAMS 0x000000051e000000, 0x000000051e000000| Untracked 
|1181|0x000000051f000000, 0x000000051f000000, 0x0000000520000000|  0%| F|  |TAMS 0x000000051f000000, 0x000000051f000000| Untracked 
|1182|0x0000000520000000, 0x0000000520000000, 0x0000000521000000|  0%| F|  |TAMS 0x0000000520000000, 0x0000000520000000| Untracked 
|1183|0x0000000521000000, 0x0000000521000000, 0x0000000522000000|  0%| F|  |TAMS 0x0000000521000000, 0x0000000521000000| Untracked 
|1184|0x0000000522000000, 0x0000000522000000, 0x0000000523000000|  0%| F|  |TAMS 0x0000000522000000, 0x0000000522000000| Untracked 
|1185|0x0000000523000000, 0x0000000523000000, 0x0000000524000000|  0%| F|  |TAMS 0x0000000523000000, 0x0000000523000000| Untracked 
|1186|0x0000000524000000, 0x0000000524000000, 0x0000000525000000|  0%| F|  |TAMS 0x0000000524000000, 0x0000000524000000| Untracked 
|1187|0x0000000525000000, 0x0000000525000000, 0x0000000526000000|  0%| F|  |TAMS 0x0000000525000000, 0x0000000525000000| Untracked 
|1188|0x0000000526000000, 0x0000000526000000, 0x0000000527000000|  0%| F|  |TAMS 0x0000000526000000, 0x0000000526000000| Untracked 
|1189|0x0000000527000000, 0x0000000527000000, 0x0000000528000000|  0%| F|  |TAMS 0x0000000527000000, 0x0000000527000000| Untracked 
|1190|0x0000000528000000, 0x0000000528000000, 0x0000000529000000|  0%| F|  |TAMS 0x0000000528000000, 0x0000000528000000| Untracked 
|1191|0x0000000529000000, 0x0000000529000000, 0x000000052a000000|  0%| F|  |TAMS 0x0000000529000000, 0x0000000529000000| Untracked 
|1192|0x000000052a000000, 0x000000052a000000, 0x000000052b000000|  0%| F|  |TAMS 0x000000052a000000, 0x000000052a000000| Untracked 
|1193|0x000000052b000000, 0x000000052b000000, 0x000000052c000000|  0%| F|  |TAMS 0x000000052b000000, 0x000000052b000000| Untracked 
|1194|0x000000052c000000, 0x000000052c000000, 0x000000052d000000|  0%| F|  |TAMS 0x000000052c000000, 0x000000052c000000| Untracked 
|1195|0x000000052d000000, 0x000000052d000000, 0x000000052e000000|  0%| F|  |TAMS 0x000000052d000000, 0x000000052d000000| Untracked 
|1196|0x000000052e000000, 0x000000052e000000, 0x000000052f000000|  0%| F|  |TAMS 0x000000052e000000, 0x000000052e000000| Untracked 
|1197|0x000000052f000000, 0x000000052f000000, 0x0000000530000000|  0%| F|  |TAMS 0x000000052f000000, 0x000000052f000000| Untracked 
|1198|0x0000000530000000, 0x0000000530000000, 0x0000000531000000|  0%| F|  |TAMS 0x0000000530000000, 0x0000000530000000| Untracked 
|1199|0x0000000531000000, 0x0000000531000000, 0x0000000532000000|  0%| F|  |TAMS 0x0000000531000000, 0x0000000531000000| Untracked 
|1200|0x0000000532000000, 0x0000000532000000, 0x0000000533000000|  0%| F|  |TAMS 0x0000000532000000, 0x0000000532000000| Untracked 
|1201|0x0000000533000000, 0x0000000533000000, 0x0000000534000000|  0%| F|  |TAMS 0x0000000533000000, 0x0000000533000000| Untracked 
|1202|0x0000000534000000, 0x0000000534000000, 0x0000000535000000|  0%| F|  |TAMS 0x0000000534000000, 0x0000000534000000| Untracked 
|1203|0x0000000535000000, 0x0000000535000000, 0x0000000536000000|  0%| F|  |TAMS 0x0000000535000000, 0x0000000535000000| Untracked 
|1204|0x0000000536000000, 0x0000000536000000, 0x0000000537000000|  0%| F|  |TAMS 0x0000000536000000, 0x0000000536000000| Untracked 
|1205|0x0000000537000000, 0x0000000537000000, 0x0000000538000000|  0%| F|  |TAMS 0x0000000537000000, 0x0000000537000000| Untracked 
|1206|0x0000000538000000, 0x0000000538000000, 0x0000000539000000|  0%| F|  |TAMS 0x0000000538000000, 0x0000000538000000| Untracked 
|1207|0x0000000539000000, 0x0000000539000000, 0x000000053a000000|  0%| F|  |TAMS 0x0000000539000000, 0x0000000539000000| Untracked 
|1208|0x000000053a000000, 0x000000053a000000, 0x000000053b000000|  0%| F|  |TAMS 0x000000053a000000, 0x000000053a000000| Untracked 
|1209|0x000000053b000000, 0x000000053b000000, 0x000000053c000000|  0%| F|  |TAMS 0x000000053b000000, 0x000000053b000000| Untracked 
|1210|0x000000053c000000, 0x000000053c000000, 0x000000053d000000|  0%| F|  |TAMS 0x000000053c000000, 0x000000053c000000| Untracked 
|1211|0x000000053d000000, 0x000000053d000000, 0x000000053e000000|  0%| F|  |TAMS 0x000000053d000000, 0x000000053d000000| Untracked 
|1212|0x000000053e000000, 0x000000053e000000, 0x000000053f000000|  0%| F|  |TAMS 0x000000053e000000, 0x000000053e000000| Untracked 
|1213|0x000000053f000000, 0x000000053f000000, 0x0000000540000000|  0%| F|  |TAMS 0x000000053f000000, 0x000000053f000000| Untracked 
|1214|0x0000000540000000, 0x0000000540000000, 0x0000000541000000|  0%| F|  |TAMS 0x0000000540000000, 0x0000000540000000| Untracked 
|1215|0x0000000541000000, 0x0000000541000000, 0x0000000542000000|  0%| F|  |TAMS 0x0000000541000000, 0x0000000541000000| Untracked 
|1216|0x0000000542000000, 0x0000000542000000, 0x0000000543000000|  0%| F|  |TAMS 0x0000000542000000, 0x0000000542000000| Untracked 
|1217|0x0000000543000000, 0x0000000543000000, 0x0000000544000000|  0%| F|  |TAMS 0x0000000543000000, 0x0000000543000000| Untracked 
|1218|0x0000000544000000, 0x0000000544000000, 0x0000000545000000|  0%| F|  |TAMS 0x0000000544000000, 0x0000000544000000| Untracked 
|1219|0x0000000545000000, 0x0000000545000000, 0x0000000546000000|  0%| F|  |TAMS 0x0000000545000000, 0x0000000545000000| Untracked 
|1220|0x0000000546000000, 0x0000000546000000, 0x0000000547000000|  0%| F|  |TAMS 0x0000000546000000, 0x0000000546000000| Untracked 
|1221|0x0000000547000000, 0x0000000547000000, 0x0000000548000000|  0%| F|  |TAMS 0x0000000547000000, 0x0000000547000000| Untracked 
|1222|0x0000000548000000, 0x0000000548000000, 0x0000000549000000|  0%| F|  |TAMS 0x0000000548000000, 0x0000000548000000| Untracked 
|1223|0x0000000549000000, 0x0000000549000000, 0x000000054a000000|  0%| F|  |TAMS 0x0000000549000000, 0x0000000549000000| Untracked 
|1224|0x000000054a000000, 0x000000054a000000, 0x000000054b000000|  0%| F|  |TAMS 0x000000054a000000, 0x000000054a000000| Untracked 
|1225|0x000000054b000000, 0x000000054b000000, 0x000000054c000000|  0%| F|  |TAMS 0x000000054b000000, 0x000000054b000000| Untracked 
|1226|0x000000054c000000, 0x000000054c000000, 0x000000054d000000|  0%| F|  |TAMS 0x000000054c000000, 0x000000054c000000| Untracked 
|1227|0x000000054d000000, 0x000000054d000000, 0x000000054e000000|  0%| F|  |TAMS 0x000000054d000000, 0x000000054d000000| Untracked 
|1228|0x000000054e000000, 0x000000054e000000, 0x000000054f000000|  0%| F|  |TAMS 0x000000054e000000, 0x000000054e000000| Untracked 
|1229|0x000000054f000000, 0x000000054f000000, 0x0000000550000000|  0%| F|  |TAMS 0x000000054f000000, 0x000000054f000000| Untracked 
|1230|0x0000000550000000, 0x0000000550000000, 0x0000000551000000|  0%| F|  |TAMS 0x0000000550000000, 0x0000000550000000| Untracked 
|1231|0x0000000551000000, 0x0000000551000000, 0x0000000552000000|  0%| F|  |TAMS 0x0000000551000000, 0x0000000551000000| Untracked 
|1232|0x0000000552000000, 0x0000000552000000, 0x0000000553000000|  0%| F|  |TAMS 0x0000000552000000, 0x0000000552000000| Untracked 
|1233|0x0000000553000000, 0x0000000553000000, 0x0000000554000000|  0%| F|  |TAMS 0x0000000553000000, 0x0000000553000000| Untracked 
|1234|0x0000000554000000, 0x0000000554000000, 0x0000000555000000|  0%| F|  |TAMS 0x0000000554000000, 0x0000000554000000| Untracked 
|1235|0x0000000555000000, 0x0000000555000000, 0x0000000556000000|  0%| F|  |TAMS 0x0000000555000000, 0x0000000555000000| Untracked 
|1236|0x0000000556000000, 0x0000000556000000, 0x0000000557000000|  0%| F|  |TAMS 0x0000000556000000, 0x0000000556000000| Untracked 
|1237|0x0000000557000000, 0x0000000557000000, 0x0000000558000000|  0%| F|  |TAMS 0x0000000557000000, 0x0000000557000000| Untracked 
|1238|0x0000000558000000, 0x0000000558000000, 0x0000000559000000|  0%| F|  |TAMS 0x0000000558000000, 0x0000000558000000| Untracked 
|1239|0x0000000559000000, 0x0000000559000000, 0x000000055a000000|  0%| F|  |TAMS 0x0000000559000000, 0x0000000559000000| Untracked 
|1240|0x000000055a000000, 0x000000055a000000, 0x000000055b000000|  0%| F|  |TAMS 0x000000055a000000, 0x000000055a000000| Untracked 
|1241|0x000000055b000000, 0x000000055b000000, 0x000000055c000000|  0%| F|  |TAMS 0x000000055b000000, 0x000000055b000000| Untracked 
|1242|0x000000055c000000, 0x000000055c000000, 0x000000055d000000|  0%| F|  |TAMS 0x000000055c000000, 0x000000055c000000| Untracked 
|1243|0x000000055d000000, 0x000000055d000000, 0x000000055e000000|  0%| F|  |TAMS 0x000000055d000000, 0x000000055d000000| Untracked 
|1244|0x000000055e000000, 0x000000055e000000, 0x000000055f000000|  0%| F|  |TAMS 0x000000055e000000, 0x000000055e000000| Untracked 
|1245|0x000000055f000000, 0x000000055f000000, 0x0000000560000000|  0%| F|  |TAMS 0x000000055f000000, 0x000000055f000000| Untracked 
|1246|0x0000000560000000, 0x0000000560000000, 0x0000000561000000|  0%| F|  |TAMS 0x0000000560000000, 0x0000000560000000| Untracked 
|1247|0x0000000561000000, 0x0000000561000000, 0x0000000562000000|  0%| F|  |TAMS 0x0000000561000000, 0x0000000561000000| Untracked 
|1248|0x0000000562000000, 0x0000000562000000, 0x0000000563000000|  0%| F|  |TAMS 0x0000000562000000, 0x0000000562000000| Untracked 
|1249|0x0000000563000000, 0x0000000563000000, 0x0000000564000000|  0%| F|  |TAMS 0x0000000563000000, 0x0000000563000000| Untracked 
|1250|0x0000000564000000, 0x0000000564000000, 0x0000000565000000|  0%| F|  |TAMS 0x0000000564000000, 0x0000000564000000| Untracked 
|1251|0x0000000565000000, 0x0000000565000000, 0x0000000566000000|  0%| F|  |TAMS 0x0000000565000000, 0x0000000565000000| Untracked 
|1252|0x0000000566000000, 0x0000000566000000, 0x0000000567000000|  0%| F|  |TAMS 0x0000000566000000, 0x0000000566000000| Untracked 
|1253|0x0000000567000000, 0x0000000567000000, 0x0000000568000000|  0%| F|  |TAMS 0x0000000567000000, 0x0000000567000000| Untracked 
|1254|0x0000000568000000, 0x0000000568000000, 0x0000000569000000|  0%| F|  |TAMS 0x0000000568000000, 0x0000000568000000| Untracked 
|1255|0x0000000569000000, 0x0000000569000000, 0x000000056a000000|  0%| F|  |TAMS 0x0000000569000000, 0x0000000569000000| Untracked 
|1256|0x000000056a000000, 0x000000056a000000, 0x000000056b000000|  0%| F|  |TAMS 0x000000056a000000, 0x000000056a000000| Untracked 
|1257|0x000000056b000000, 0x000000056b000000, 0x000000056c000000|  0%| F|  |TAMS 0x000000056b000000, 0x000000056b000000| Untracked 
|1258|0x000000056c000000, 0x000000056c000000, 0x000000056d000000|  0%| F|  |TAMS 0x000000056c000000, 0x000000056c000000| Untracked 
|1259|0x000000056d000000, 0x000000056d000000, 0x000000056e000000|  0%| F|  |TAMS 0x000000056d000000, 0x000000056d000000| Untracked 
|1260|0x000000056e000000, 0x000000056e000000, 0x000000056f000000|  0%| F|  |TAMS 0x000000056e000000, 0x000000056e000000| Untracked 
|1261|0x000000056f000000, 0x000000056f000000, 0x0000000570000000|  0%| F|  |TAMS 0x000000056f000000, 0x000000056f000000| Untracked 
|1262|0x0000000570000000, 0x0000000570000000, 0x0000000571000000|  0%| F|  |TAMS 0x0000000570000000, 0x0000000570000000| Untracked 
|1263|0x0000000571000000, 0x0000000571000000, 0x0000000572000000|  0%| F|  |TAMS 0x0000000571000000, 0x0000000571000000| Untracked 
|1264|0x0000000572000000, 0x0000000572000000, 0x0000000573000000|  0%| F|  |TAMS 0x0000000572000000, 0x0000000572000000| Untracked 
|1265|0x0000000573000000, 0x0000000573000000, 0x0000000574000000|  0%| F|  |TAMS 0x0000000573000000, 0x0000000573000000| Untracked 
|1266|0x0000000574000000, 0x0000000574000000, 0x0000000575000000|  0%| F|  |TAMS 0x0000000574000000, 0x0000000574000000| Untracked 
|1267|0x0000000575000000, 0x0000000575000000, 0x0000000576000000|  0%| F|  |TAMS 0x0000000575000000, 0x0000000575000000| Untracked 
|1268|0x0000000576000000, 0x0000000576000000, 0x0000000577000000|  0%| F|  |TAMS 0x0000000576000000, 0x0000000576000000| Untracked 
|1269|0x0000000577000000, 0x0000000577000000, 0x0000000578000000|  0%| F|  |TAMS 0x0000000577000000, 0x0000000577000000| Untracked 
|1270|0x0000000578000000, 0x0000000578000000, 0x0000000579000000|  0%| F|  |TAMS 0x0000000578000000, 0x0000000578000000| Untracked 
|1271|0x0000000579000000, 0x0000000579000000, 0x000000057a000000|  0%| F|  |TAMS 0x0000000579000000, 0x0000000579000000| Untracked 
|1272|0x000000057a000000, 0x000000057a000000, 0x000000057b000000|  0%| F|  |TAMS 0x000000057a000000, 0x000000057a000000| Untracked 
|1273|0x000000057b000000, 0x000000057b000000, 0x000000057c000000|  0%| F|  |TAMS 0x000000057b000000, 0x000000057b000000| Untracked 
|1274|0x000000057c000000, 0x000000057c000000, 0x000000057d000000|  0%| F|  |TAMS 0x000000057c000000, 0x000000057c000000| Untracked 
|1275|0x000000057d000000, 0x000000057d000000, 0x000000057e000000|  0%| F|  |TAMS 0x000000057d000000, 0x000000057d000000| Untracked 
|1276|0x000000057e000000, 0x000000057e000000, 0x000000057f000000|  0%| F|  |TAMS 0x000000057e000000, 0x000000057e000000| Untracked 
|1277|0x000000057f000000, 0x000000057f000000, 0x0000000580000000|  0%| F|  |TAMS 0x000000057f000000, 0x000000057f000000| Untracked 
|1278|0x0000000580000000, 0x0000000580000000, 0x0000000581000000|  0%| F|  |TAMS 0x0000000580000000, 0x0000000580000000| Untracked 
|1279|0x0000000581000000, 0x0000000581000000, 0x0000000582000000|  0%| F|  |TAMS 0x0000000581000000, 0x0000000581000000| Untracked 
|1280|0x0000000582000000, 0x0000000582000000, 0x0000000583000000|  0%| F|  |TAMS 0x0000000582000000, 0x0000000582000000| Untracked 
|1281|0x0000000583000000, 0x0000000583000000, 0x0000000584000000|  0%| F|  |TAMS 0x0000000583000000, 0x0000000583000000| Untracked 
|1282|0x0000000584000000, 0x0000000584000000, 0x0000000585000000|  0%| F|  |TAMS 0x0000000584000000, 0x0000000584000000| Untracked 
|1283|0x0000000585000000, 0x0000000585000000, 0x0000000586000000|  0%| F|  |TAMS 0x0000000585000000, 0x0000000585000000| Untracked 
|1284|0x0000000586000000, 0x0000000586000000, 0x0000000587000000|  0%| F|  |TAMS 0x0000000586000000, 0x0000000586000000| Untracked 
|1285|0x0000000587000000, 0x0000000587000000, 0x0000000588000000|  0%| F|  |TAMS 0x0000000587000000, 0x0000000587000000| Untracked 
|1286|0x0000000588000000, 0x0000000588000000, 0x0000000589000000|  0%| F|  |TAMS 0x0000000588000000, 0x0000000588000000| Untracked 
|1287|0x0000000589000000, 0x0000000589000000, 0x000000058a000000|  0%| F|  |TAMS 0x0000000589000000, 0x0000000589000000| Untracked 
|1288|0x000000058a000000, 0x000000058a000000, 0x000000058b000000|  0%| F|  |TAMS 0x000000058a000000, 0x000000058a000000| Untracked 
|1289|0x000000058b000000, 0x000000058b000000, 0x000000058c000000|  0%| F|  |TAMS 0x000000058b000000, 0x000000058b000000| Untracked 
|1290|0x000000058c000000, 0x000000058c000000, 0x000000058d000000|  0%| F|  |TAMS 0x000000058c000000, 0x000000058c000000| Untracked 
|1291|0x000000058d000000, 0x000000058d000000, 0x000000058e000000|  0%| F|  |TAMS 0x000000058d000000, 0x000000058d000000| Untracked 
|1292|0x000000058e000000, 0x000000058e000000, 0x000000058f000000|  0%| F|  |TAMS 0x000000058e000000, 0x000000058e000000| Untracked 
|1293|0x000000058f000000, 0x000000058f000000, 0x0000000590000000|  0%| F|  |TAMS 0x000000058f000000, 0x000000058f000000| Untracked 
|1294|0x0000000590000000, 0x0000000590000000, 0x0000000591000000|  0%| F|  |TAMS 0x0000000590000000, 0x0000000590000000| Untracked 
|1295|0x0000000591000000, 0x0000000591000000, 0x0000000592000000|  0%| F|  |TAMS 0x0000000591000000, 0x0000000591000000| Untracked 
|1296|0x0000000592000000, 0x0000000592000000, 0x0000000593000000|  0%| F|  |TAMS 0x0000000592000000, 0x0000000592000000| Untracked 
|1297|0x0000000593000000, 0x0000000593000000, 0x0000000594000000|  0%| F|  |TAMS 0x0000000593000000, 0x0000000593000000| Untracked 
|1298|0x0000000594000000, 0x0000000594000000, 0x0000000595000000|  0%| F|  |TAMS 0x0000000594000000, 0x0000000594000000| Untracked 
|1299|0x0000000595000000, 0x0000000595000000, 0x0000000596000000|  0%| F|  |TAMS 0x0000000595000000, 0x0000000595000000| Untracked 
|1300|0x0000000596000000, 0x0000000596000000, 0x0000000597000000|  0%| F|  |TAMS 0x0000000596000000, 0x0000000596000000| Untracked 
|1301|0x0000000597000000, 0x0000000597000000, 0x0000000598000000|  0%| F|  |TAMS 0x0000000597000000, 0x0000000597000000| Untracked 
|1302|0x0000000598000000, 0x0000000598000000, 0x0000000599000000|  0%| F|  |TAMS 0x0000000598000000, 0x0000000598000000| Untracked 
|1303|0x0000000599000000, 0x0000000599000000, 0x000000059a000000|  0%| F|  |TAMS 0x0000000599000000, 0x0000000599000000| Untracked 
|1304|0x000000059a000000, 0x000000059a000000, 0x000000059b000000|  0%| F|  |TAMS 0x000000059a000000, 0x000000059a000000| Untracked 
|1305|0x000000059b000000, 0x000000059b000000, 0x000000059c000000|  0%| F|  |TAMS 0x000000059b000000, 0x000000059b000000| Untracked 
|1306|0x000000059c000000, 0x000000059c000000, 0x000000059d000000|  0%| F|  |TAMS 0x000000059c000000, 0x000000059c000000| Untracked 
|1307|0x000000059d000000, 0x000000059d000000, 0x000000059e000000|  0%| F|  |TAMS 0x000000059d000000, 0x000000059d000000| Untracked 
|1308|0x000000059e000000, 0x000000059e000000, 0x000000059f000000|  0%| F|  |TAMS 0x000000059e000000, 0x000000059e000000| Untracked 
|1309|0x000000059f000000, 0x000000059f000000, 0x00000005a0000000|  0%| F|  |TAMS 0x000000059f000000, 0x000000059f000000| Untracked 
|1310|0x00000005a0000000, 0x00000005a0000000, 0x00000005a1000000|  0%| F|  |TAMS 0x00000005a0000000, 0x00000005a0000000| Untracked 
|1311|0x00000005a1000000, 0x00000005a1000000, 0x00000005a2000000|  0%| F|  |TAMS 0x00000005a1000000, 0x00000005a1000000| Untracked 
|1312|0x00000005a2000000, 0x00000005a2000000, 0x00000005a3000000|  0%| F|  |TAMS 0x00000005a2000000, 0x00000005a2000000| Untracked 
|1313|0x00000005a3000000, 0x00000005a3000000, 0x00000005a4000000|  0%| F|  |TAMS 0x00000005a3000000, 0x00000005a3000000| Untracked 
|1314|0x00000005a4000000, 0x00000005a4000000, 0x00000005a5000000|  0%| F|  |TAMS 0x00000005a4000000, 0x00000005a4000000| Untracked 
|1315|0x00000005a5000000, 0x00000005a5000000, 0x00000005a6000000|  0%| F|  |TAMS 0x00000005a5000000, 0x00000005a5000000| Untracked 
|1316|0x00000005a6000000, 0x00000005a6000000, 0x00000005a7000000|  0%| F|  |TAMS 0x00000005a6000000, 0x00000005a6000000| Untracked 
|1317|0x00000005a7000000, 0x00000005a7000000, 0x00000005a8000000|  0%| F|  |TAMS 0x00000005a7000000, 0x00000005a7000000| Untracked 
|1318|0x00000005a8000000, 0x00000005a8000000, 0x00000005a9000000|  0%| F|  |TAMS 0x00000005a8000000, 0x00000005a8000000| Untracked 
|1319|0x00000005a9000000, 0x00000005a9000000, 0x00000005aa000000|  0%| F|  |TAMS 0x00000005a9000000, 0x00000005a9000000| Untracked 
|1320|0x00000005aa000000, 0x00000005aa000000, 0x00000005ab000000|  0%| F|  |TAMS 0x00000005aa000000, 0x00000005aa000000| Untracked 
|1321|0x00000005ab000000, 0x00000005ab000000, 0x00000005ac000000|  0%| F|  |TAMS 0x00000005ab000000, 0x00000005ab000000| Untracked 
|1322|0x00000005ac000000, 0x00000005ac000000, 0x00000005ad000000|  0%| F|  |TAMS 0x00000005ac000000, 0x00000005ac000000| Untracked 
|1323|0x00000005ad000000, 0x00000005ad000000, 0x00000005ae000000|  0%| F|  |TAMS 0x00000005ad000000, 0x00000005ad000000| Untracked 
|1324|0x00000005ae000000, 0x00000005ae000000, 0x00000005af000000|  0%| F|  |TAMS 0x00000005ae000000, 0x00000005ae000000| Untracked 
|1325|0x00000005af000000, 0x00000005af000000, 0x00000005b0000000|  0%| F|  |TAMS 0x00000005af000000, 0x00000005af000000| Untracked 
|1326|0x00000005b0000000, 0x00000005b0000000, 0x00000005b1000000|  0%| F|  |TAMS 0x00000005b0000000, 0x00000005b0000000| Untracked 
|1327|0x00000005b1000000, 0x00000005b1000000, 0x00000005b2000000|  0%| F|  |TAMS 0x00000005b1000000, 0x00000005b1000000| Untracked 
|1328|0x00000005b2000000, 0x00000005b2000000, 0x00000005b3000000|  0%| F|  |TAMS 0x00000005b2000000, 0x00000005b2000000| Untracked 
|1329|0x00000005b3000000, 0x00000005b3000000, 0x00000005b4000000|  0%| F|  |TAMS 0x00000005b3000000, 0x00000005b3000000| Untracked 
|1330|0x00000005b4000000, 0x00000005b4000000, 0x00000005b5000000|  0%| F|  |TAMS 0x00000005b4000000, 0x00000005b4000000| Untracked 
|1331|0x00000005b5000000, 0x00000005b5000000, 0x00000005b6000000|  0%| F|  |TAMS 0x00000005b5000000, 0x00000005b5000000| Untracked 
|1332|0x00000005b6000000, 0x00000005b6000000, 0x00000005b7000000|  0%| F|  |TAMS 0x00000005b6000000, 0x00000005b6000000| Untracked 
|1333|0x00000005b7000000, 0x00000005b7000000, 0x00000005b8000000|  0%| F|  |TAMS 0x00000005b7000000, 0x00000005b7000000| Untracked 
|1334|0x00000005b8000000, 0x00000005b8000000, 0x00000005b9000000|  0%| F|  |TAMS 0x00000005b8000000, 0x00000005b8000000| Untracked 
|1335|0x00000005b9000000, 0x00000005b9000000, 0x00000005ba000000|  0%| F|  |TAMS 0x00000005b9000000, 0x00000005b9000000| Untracked 
|1336|0x00000005ba000000, 0x00000005ba000000, 0x00000005bb000000|  0%| F|  |TAMS 0x00000005ba000000, 0x00000005ba000000| Untracked 
|1337|0x00000005bb000000, 0x00000005bb000000, 0x00000005bc000000|  0%| F|  |TAMS 0x00000005bb000000, 0x00000005bb000000| Untracked 
|1338|0x00000005bc000000, 0x00000005bc000000, 0x00000005bd000000|  0%| F|  |TAMS 0x00000005bc000000, 0x00000005bc000000| Untracked 
|1339|0x00000005bd000000, 0x00000005bd000000, 0x00000005be000000|  0%| F|  |TAMS 0x00000005bd000000, 0x00000005bd000000| Untracked 
|1340|0x00000005be000000, 0x00000005be000000, 0x00000005bf000000|  0%| F|  |TAMS 0x00000005be000000, 0x00000005be000000| Untracked 
|1341|0x00000005bf000000, 0x00000005bf000000, 0x00000005c0000000|  0%| F|  |TAMS 0x00000005bf000000, 0x00000005bf000000| Untracked 
|1342|0x00000005c0000000, 0x00000005c0000000, 0x00000005c1000000|  0%| F|  |TAMS 0x00000005c0000000, 0x00000005c0000000| Untracked 
|1343|0x00000005c1000000, 0x00000005c1000000, 0x00000005c2000000|  0%| F|  |TAMS 0x00000005c1000000, 0x00000005c1000000| Untracked 
|1344|0x00000005c2000000, 0x00000005c2000000, 0x00000005c3000000|  0%| F|  |TAMS 0x00000005c2000000, 0x00000005c2000000| Untracked 
|1345|0x00000005c3000000, 0x00000005c3000000, 0x00000005c4000000|  0%| F|  |TAMS 0x00000005c3000000, 0x00000005c3000000| Untracked 
|1346|0x00000005c4000000, 0x00000005c4000000, 0x00000005c5000000|  0%| F|  |TAMS 0x00000005c4000000, 0x00000005c4000000| Untracked 
|1347|0x00000005c5000000, 0x00000005c5000000, 0x00000005c6000000|  0%| F|  |TAMS 0x00000005c5000000, 0x00000005c5000000| Untracked 
|1348|0x00000005c6000000, 0x00000005c6000000, 0x00000005c7000000|  0%| F|  |TAMS 0x00000005c6000000, 0x00000005c6000000| Untracked 
|1349|0x00000005c7000000, 0x00000005c7000000, 0x00000005c8000000|  0%| F|  |TAMS 0x00000005c7000000, 0x00000005c7000000| Untracked 
|1350|0x00000005c8000000, 0x00000005c8000000, 0x00000005c9000000|  0%| F|  |TAMS 0x00000005c8000000, 0x00000005c8000000| Untracked 
|1351|0x00000005c9000000, 0x00000005c9000000, 0x00000005ca000000|  0%| F|  |TAMS 0x00000005c9000000, 0x00000005c9000000| Untracked 
|1352|0x00000005ca000000, 0x00000005ca000000, 0x00000005cb000000|  0%| F|  |TAMS 0x00000005ca000000, 0x00000005ca000000| Untracked 
|1353|0x00000005cb000000, 0x00000005cb000000, 0x00000005cc000000|  0%| F|  |TAMS 0x00000005cb000000, 0x00000005cb000000| Untracked 
|1354|0x00000005cc000000, 0x00000005cc000000, 0x00000005cd000000|  0%| F|  |TAMS 0x00000005cc000000, 0x00000005cc000000| Untracked 
|1355|0x00000005cd000000, 0x00000005cd000000, 0x00000005ce000000|  0%| F|  |TAMS 0x00000005cd000000, 0x00000005cd000000| Untracked 
|1356|0x00000005ce000000, 0x00000005ce000000, 0x00000005cf000000|  0%| F|  |TAMS 0x00000005ce000000, 0x00000005ce000000| Untracked 
|1357|0x00000005cf000000, 0x00000005cf000000, 0x00000005d0000000|  0%| F|  |TAMS 0x00000005cf000000, 0x00000005cf000000| Untracked 
|1358|0x00000005d0000000, 0x00000005d0000000, 0x00000005d1000000|  0%| F|  |TAMS 0x00000005d0000000, 0x00000005d0000000| Untracked 
|1359|0x00000005d1000000, 0x00000005d1000000, 0x00000005d2000000|  0%| F|  |TAMS 0x00000005d1000000, 0x00000005d1000000| Untracked 
|1360|0x00000005d2000000, 0x00000005d2000000, 0x00000005d3000000|  0%| F|  |TAMS 0x00000005d2000000, 0x00000005d2000000| Untracked 
|1361|0x00000005d3000000, 0x00000005d3000000, 0x00000005d4000000|  0%| F|  |TAMS 0x00000005d3000000, 0x00000005d3000000| Untracked 
|1362|0x00000005d4000000, 0x00000005d4000000, 0x00000005d5000000|  0%| F|  |TAMS 0x00000005d4000000, 0x00000005d4000000| Untracked 
|1363|0x00000005d5000000, 0x00000005d5000000, 0x00000005d6000000|  0%| F|  |TAMS 0x00000005d5000000, 0x00000005d5000000| Untracked 
|1364|0x00000005d6000000, 0x00000005d6000000, 0x00000005d7000000|  0%| F|  |TAMS 0x00000005d6000000, 0x00000005d6000000| Untracked 
|1365|0x00000005d7000000, 0x00000005d7000000, 0x00000005d8000000|  0%| F|  |TAMS 0x00000005d7000000, 0x00000005d7000000| Untracked 
|1366|0x00000005d8000000, 0x00000005d8000000, 0x00000005d9000000|  0%| F|  |TAMS 0x00000005d8000000, 0x00000005d8000000| Untracked 
|1367|0x00000005d9000000, 0x00000005d9000000, 0x00000005da000000|  0%| F|  |TAMS 0x00000005d9000000, 0x00000005d9000000| Untracked 
|1368|0x00000005da000000, 0x00000005da000000, 0x00000005db000000|  0%| F|  |TAMS 0x00000005da000000, 0x00000005da000000| Untracked 
|1369|0x00000005db000000, 0x00000005db000000, 0x00000005dc000000|  0%| F|  |TAMS 0x00000005db000000, 0x00000005db000000| Untracked 
|1370|0x00000005dc000000, 0x00000005dc000000, 0x00000005dd000000|  0%| F|  |TAMS 0x00000005dc000000, 0x00000005dc000000| Untracked 
|1371|0x00000005dd000000, 0x00000005dd000000, 0x00000005de000000|  0%| F|  |TAMS 0x00000005dd000000, 0x00000005dd000000| Untracked 
|1372|0x00000005de000000, 0x00000005de000000, 0x00000005df000000|  0%| F|  |TAMS 0x00000005de000000, 0x00000005de000000| Untracked 
|1373|0x00000005df000000, 0x00000005df000000, 0x00000005e0000000|  0%| F|  |TAMS 0x00000005df000000, 0x00000005df000000| Untracked 
|1374|0x00000005e0000000, 0x00000005e0000000, 0x00000005e1000000|  0%| F|  |TAMS 0x00000005e0000000, 0x00000005e0000000| Untracked 
|1375|0x00000005e1000000, 0x00000005e1000000, 0x00000005e2000000|  0%| F|  |TAMS 0x00000005e1000000, 0x00000005e1000000| Untracked 
|1376|0x00000005e2000000, 0x00000005e2000000, 0x00000005e3000000|  0%| F|  |TAMS 0x00000005e2000000, 0x00000005e2000000| Untracked 
|1377|0x00000005e3000000, 0x00000005e3000000, 0x00000005e4000000|  0%| F|  |TAMS 0x00000005e3000000, 0x00000005e3000000| Untracked 
|1378|0x00000005e4000000, 0x00000005e4000000, 0x00000005e5000000|  0%| F|  |TAMS 0x00000005e4000000, 0x00000005e4000000| Untracked 
|1379|0x00000005e5000000, 0x00000005e5000000, 0x00000005e6000000|  0%| F|  |TAMS 0x00000005e5000000, 0x00000005e5000000| Untracked 
|1380|0x00000005e6000000, 0x00000005e6000000, 0x00000005e7000000|  0%| F|  |TAMS 0x00000005e6000000, 0x00000005e6000000| Untracked 
|1381|0x00000005e7000000, 0x00000005e7000000, 0x00000005e8000000|  0%| F|  |TAMS 0x00000005e7000000, 0x00000005e7000000| Untracked 
|1382|0x00000005e8000000, 0x00000005e8000000, 0x00000005e9000000|  0%| F|  |TAMS 0x00000005e8000000, 0x00000005e8000000| Untracked 
|1383|0x00000005e9000000, 0x00000005e9000000, 0x00000005ea000000|  0%| F|  |TAMS 0x00000005e9000000, 0x00000005e9000000| Untracked 
|1384|0x00000005ea000000, 0x00000005ea000000, 0x00000005eb000000|  0%| F|  |TAMS 0x00000005ea000000, 0x00000005ea000000| Untracked 
|1385|0x00000005eb000000, 0x00000005eb000000, 0x00000005ec000000|  0%| F|  |TAMS 0x00000005eb000000, 0x00000005eb000000| Untracked 
|1386|0x00000005ec000000, 0x00000005ec000000, 0x00000005ed000000|  0%| F|  |TAMS 0x00000005ec000000, 0x00000005ec000000| Untracked 
|1387|0x00000005ed000000, 0x00000005ed000000, 0x00000005ee000000|  0%| F|  |TAMS 0x00000005ed000000, 0x00000005ed000000| Untracked 
|1388|0x00000005ee000000, 0x00000005ee000000, 0x00000005ef000000|  0%| F|  |TAMS 0x00000005ee000000, 0x00000005ee000000| Untracked 
|1389|0x00000005ef000000, 0x00000005ef000000, 0x00000005f0000000|  0%| F|  |TAMS 0x00000005ef000000, 0x00000005ef000000| Untracked 
|1390|0x00000005f0000000, 0x00000005f0000000, 0x00000005f1000000|  0%| F|  |TAMS 0x00000005f0000000, 0x00000005f0000000| Untracked 
|1391|0x00000005f1000000, 0x00000005f1000000, 0x00000005f2000000|  0%| F|  |TAMS 0x00000005f1000000, 0x00000005f1000000| Untracked 
|1392|0x00000005f2000000, 0x00000005f2000000, 0x00000005f3000000|  0%| F|  |TAMS 0x00000005f2000000, 0x00000005f2000000| Untracked 
|1393|0x00000005f3000000, 0x00000005f3000000, 0x00000005f4000000|  0%| F|  |TAMS 0x00000005f3000000, 0x00000005f3000000| Untracked 
|1394|0x00000005f4000000, 0x00000005f4000000, 0x00000005f5000000|  0%| F|  |TAMS 0x00000005f4000000, 0x00000005f4000000| Untracked 
|1395|0x00000005f5000000, 0x00000005f5000000, 0x00000005f6000000|  0%| F|  |TAMS 0x00000005f5000000, 0x00000005f5000000| Untracked 
|1396|0x00000005f6000000, 0x00000005f6000000, 0x00000005f7000000|  0%| F|  |TAMS 0x00000005f6000000, 0x00000005f6000000| Untracked 
|1397|0x00000005f7000000, 0x00000005f7000000, 0x00000005f8000000|  0%| F|  |TAMS 0x00000005f7000000, 0x00000005f7000000| Untracked 
|1398|0x00000005f8000000, 0x00000005f8000000, 0x00000005f9000000|  0%| F|  |TAMS 0x00000005f8000000, 0x00000005f8000000| Untracked 
|1399|0x00000005f9000000, 0x00000005f9000000, 0x00000005fa000000|  0%| F|  |TAMS 0x00000005f9000000, 0x00000005f9000000| Untracked 
|1400|0x00000005fa000000, 0x00000005fa000000, 0x00000005fb000000|  0%| F|  |TAMS 0x00000005fa000000, 0x00000005fa000000| Untracked 
|1401|0x00000005fb000000, 0x00000005fb000000, 0x00000005fc000000|  0%| F|  |TAMS 0x00000005fb000000, 0x00000005fb000000| Untracked 
|1402|0x00000005fc000000, 0x00000005fc000000, 0x00000005fd000000|  0%| F|  |TAMS 0x00000005fc000000, 0x00000005fc000000| Untracked 
|1403|0x00000005fd000000, 0x00000005fd000000, 0x00000005fe000000|  0%| F|  |TAMS 0x00000005fd000000, 0x00000005fd000000| Untracked 
|1404|0x00000005fe000000, 0x00000005fe000000, 0x00000005ff000000|  0%| F|  |TAMS 0x00000005fe000000, 0x00000005fe000000| Untracked 
|1405|0x00000005ff000000, 0x00000005ff000000, 0x0000000600000000|  0%| F|  |TAMS 0x00000005ff000000, 0x00000005ff000000| Untracked 
|1406|0x0000000600000000, 0x0000000600000000, 0x0000000601000000|  0%| F|  |TAMS 0x0000000600000000, 0x0000000600000000| Untracked 
|1407|0x0000000601000000, 0x0000000601000000, 0x0000000602000000|  0%| F|  |TAMS 0x0000000601000000, 0x0000000601000000| Untracked 
|1408|0x0000000602000000, 0x0000000602000000, 0x0000000603000000|  0%| F|  |TAMS 0x0000000602000000, 0x0000000602000000| Untracked 
|1409|0x0000000603000000, 0x0000000603000000, 0x0000000604000000|  0%| F|  |TAMS 0x0000000603000000, 0x0000000603000000| Untracked 
|1410|0x0000000604000000, 0x0000000604000000, 0x0000000605000000|  0%| F|  |TAMS 0x0000000604000000, 0x0000000604000000| Untracked 
|1411|0x0000000605000000, 0x0000000605000000, 0x0000000606000000|  0%| F|  |TAMS 0x0000000605000000, 0x0000000605000000| Untracked 
|1412|0x0000000606000000, 0x0000000606000000, 0x0000000607000000|  0%| F|  |TAMS 0x0000000606000000, 0x0000000606000000| Untracked 
|1413|0x0000000607000000, 0x0000000607000000, 0x0000000608000000|  0%| F|  |TAMS 0x0000000607000000, 0x0000000607000000| Untracked 
|1414|0x0000000608000000, 0x0000000608000000, 0x0000000609000000|  0%| F|  |TAMS 0x0000000608000000, 0x0000000608000000| Untracked 
|1415|0x0000000609000000, 0x0000000609000000, 0x000000060a000000|  0%| F|  |TAMS 0x0000000609000000, 0x0000000609000000| Untracked 
|1416|0x000000060a000000, 0x000000060a000000, 0x000000060b000000|  0%| F|  |TAMS 0x000000060a000000, 0x000000060a000000| Untracked 
|1417|0x000000060b000000, 0x000000060b000000, 0x000000060c000000|  0%| F|  |TAMS 0x000000060b000000, 0x000000060b000000| Untracked 
|1418|0x000000060c000000, 0x000000060c000000, 0x000000060d000000|  0%| F|  |TAMS 0x000000060c000000, 0x000000060c000000| Untracked 
|1419|0x000000060d000000, 0x000000060d000000, 0x000000060e000000|  0%| F|  |TAMS 0x000000060d000000, 0x000000060d000000| Untracked 
|1420|0x000000060e000000, 0x000000060e000000, 0x000000060f000000|  0%| F|  |TAMS 0x000000060e000000, 0x000000060e000000| Untracked 
|1421|0x000000060f000000, 0x000000060f000000, 0x0000000610000000|  0%| F|  |TAMS 0x000000060f000000, 0x000000060f000000| Untracked 
|1422|0x0000000610000000, 0x0000000610000000, 0x0000000611000000|  0%| F|  |TAMS 0x0000000610000000, 0x0000000610000000| Untracked 
|1423|0x0000000611000000, 0x0000000611000000, 0x0000000612000000|  0%| F|  |TAMS 0x0000000611000000, 0x0000000611000000| Untracked 
|1424|0x0000000612000000, 0x0000000612000000, 0x0000000613000000|  0%| F|  |TAMS 0x0000000612000000, 0x0000000612000000| Untracked 
|1425|0x0000000613000000, 0x0000000613000000, 0x0000000614000000|  0%| F|  |TAMS 0x0000000613000000, 0x0000000613000000| Untracked 
|1426|0x0000000614000000, 0x0000000614000000, 0x0000000615000000|  0%| F|  |TAMS 0x0000000614000000, 0x0000000614000000| Untracked 
|1427|0x0000000615000000, 0x0000000615000000, 0x0000000616000000|  0%| F|  |TAMS 0x0000000615000000, 0x0000000615000000| Untracked 
|1428|0x0000000616000000, 0x0000000616000000, 0x0000000617000000|  0%| F|  |TAMS 0x0000000616000000, 0x0000000616000000| Untracked 
|1429|0x0000000617000000, 0x0000000617000000, 0x0000000618000000|  0%| F|  |TAMS 0x0000000617000000, 0x0000000617000000| Untracked 
|1430|0x0000000618000000, 0x0000000618000000, 0x0000000619000000|  0%| F|  |TAMS 0x0000000618000000, 0x0000000618000000| Untracked 
|1431|0x0000000619000000, 0x0000000619000000, 0x000000061a000000|  0%| F|  |TAMS 0x0000000619000000, 0x0000000619000000| Untracked 
|1432|0x000000061a000000, 0x000000061a000000, 0x000000061b000000|  0%| F|  |TAMS 0x000000061a000000, 0x000000061a000000| Untracked 
|1433|0x000000061b000000, 0x000000061b000000, 0x000000061c000000|  0%| F|  |TAMS 0x000000061b000000, 0x000000061b000000| Untracked 
|1434|0x000000061c000000, 0x000000061c000000, 0x000000061d000000|  0%| F|  |TAMS 0x000000061c000000, 0x000000061c000000| Untracked 
|1435|0x000000061d000000, 0x000000061d000000, 0x000000061e000000|  0%| F|  |TAMS 0x000000061d000000, 0x000000061d000000| Untracked 
|1436|0x000000061e000000, 0x000000061e000000, 0x000000061f000000|  0%| F|  |TAMS 0x000000061e000000, 0x000000061e000000| Untracked 
|1437|0x000000061f000000, 0x000000061f000000, 0x0000000620000000|  0%| F|  |TAMS 0x000000061f000000, 0x000000061f000000| Untracked 
|1438|0x0000000620000000, 0x0000000620000000, 0x0000000621000000|  0%| F|  |TAMS 0x0000000620000000, 0x0000000620000000| Untracked 
|1439|0x0000000621000000, 0x0000000621000000, 0x0000000622000000|  0%| F|  |TAMS 0x0000000621000000, 0x0000000621000000| Untracked 
|1440|0x0000000622000000, 0x0000000622000000, 0x0000000623000000|  0%| F|  |TAMS 0x0000000622000000, 0x0000000622000000| Untracked 
|1441|0x0000000623000000, 0x0000000623000000, 0x0000000624000000|  0%| F|  |TAMS 0x0000000623000000, 0x0000000623000000| Untracked 
|1442|0x0000000624000000, 0x0000000624000000, 0x0000000625000000|  0%| F|  |TAMS 0x0000000624000000, 0x0000000624000000| Untracked 
|1443|0x0000000625000000, 0x0000000625000000, 0x0000000626000000|  0%| F|  |TAMS 0x0000000625000000, 0x0000000625000000| Untracked 
|1444|0x0000000626000000, 0x0000000626000000, 0x0000000627000000|  0%| F|  |TAMS 0x0000000626000000, 0x0000000626000000| Untracked 
|1445|0x0000000627000000, 0x0000000627000000, 0x0000000628000000|  0%| F|  |TAMS 0x0000000627000000, 0x0000000627000000| Untracked 
|1446|0x0000000628000000, 0x0000000628000000, 0x0000000629000000|  0%| F|  |TAMS 0x0000000628000000, 0x0000000628000000| Untracked 
|1447|0x0000000629000000, 0x0000000629000000, 0x000000062a000000|  0%| F|  |TAMS 0x0000000629000000, 0x0000000629000000| Untracked 
|1448|0x000000062a000000, 0x000000062a000000, 0x000000062b000000|  0%| F|  |TAMS 0x000000062a000000, 0x000000062a000000| Untracked 
|1449|0x000000062b000000, 0x000000062b000000, 0x000000062c000000|  0%| F|  |TAMS 0x000000062b000000, 0x000000062b000000| Untracked 
|1450|0x000000062c000000, 0x000000062c000000, 0x000000062d000000|  0%| F|  |TAMS 0x000000062c000000, 0x000000062c000000| Untracked 
|1451|0x000000062d000000, 0x000000062d000000, 0x000000062e000000|  0%| F|  |TAMS 0x000000062d000000, 0x000000062d000000| Untracked 
|1452|0x000000062e000000, 0x000000062e000000, 0x000000062f000000|  0%| F|  |TAMS 0x000000062e000000, 0x000000062e000000| Untracked 
|1453|0x000000062f000000, 0x000000062f000000, 0x0000000630000000|  0%| F|  |TAMS 0x000000062f000000, 0x000000062f000000| Untracked 
|1454|0x0000000630000000, 0x0000000630000000, 0x0000000631000000|  0%| F|  |TAMS 0x0000000630000000, 0x0000000630000000| Untracked 
|1455|0x0000000631000000, 0x0000000631000000, 0x0000000632000000|  0%| F|  |TAMS 0x0000000631000000, 0x0000000631000000| Untracked 
|1456|0x0000000632000000, 0x0000000632000000, 0x0000000633000000|  0%| F|  |TAMS 0x0000000632000000, 0x0000000632000000| Untracked 
|1457|0x0000000633000000, 0x0000000633000000, 0x0000000634000000|  0%| F|  |TAMS 0x0000000633000000, 0x0000000633000000| Untracked 
|1458|0x0000000634000000, 0x0000000634000000, 0x0000000635000000|  0%| F|  |TAMS 0x0000000634000000, 0x0000000634000000| Untracked 
|1459|0x0000000635000000, 0x0000000635000000, 0x0000000636000000|  0%| F|  |TAMS 0x0000000635000000, 0x0000000635000000| Untracked 
|1460|0x0000000636000000, 0x0000000636000000, 0x0000000637000000|  0%| F|  |TAMS 0x0000000636000000, 0x0000000636000000| Untracked 
|1461|0x0000000637000000, 0x0000000637000000, 0x0000000638000000|  0%| F|  |TAMS 0x0000000637000000, 0x0000000637000000| Untracked 
|1462|0x0000000638000000, 0x0000000638000000, 0x0000000639000000|  0%| F|  |TAMS 0x0000000638000000, 0x0000000638000000| Untracked 
|1463|0x0000000639000000, 0x0000000639000000, 0x000000063a000000|  0%| F|  |TAMS 0x0000000639000000, 0x0000000639000000| Untracked 
|1464|0x000000063a000000, 0x000000063a000000, 0x000000063b000000|  0%| F|  |TAMS 0x000000063a000000, 0x000000063a000000| Untracked 
|1465|0x000000063b000000, 0x000000063b000000, 0x000000063c000000|  0%| F|  |TAMS 0x000000063b000000, 0x000000063b000000| Untracked 
|1466|0x000000063c000000, 0x000000063c000000, 0x000000063d000000|  0%| F|  |TAMS 0x000000063c000000, 0x000000063c000000| Untracked 
|1467|0x000000063d000000, 0x000000063d000000, 0x000000063e000000|  0%| F|  |TAMS 0x000000063d000000, 0x000000063d000000| Untracked 
|1468|0x000000063e000000, 0x000000063e000000, 0x000000063f000000|  0%| F|  |TAMS 0x000000063e000000, 0x000000063e000000| Untracked 
|1469|0x000000063f000000, 0x000000063f000000, 0x0000000640000000|  0%| F|  |TAMS 0x000000063f000000, 0x000000063f000000| Untracked 
|1470|0x0000000640000000, 0x0000000640000000, 0x0000000641000000|  0%| F|  |TAMS 0x0000000640000000, 0x0000000640000000| Untracked 
|1471|0x0000000641000000, 0x0000000641000000, 0x0000000642000000|  0%| F|  |TAMS 0x0000000641000000, 0x0000000641000000| Untracked 
|1472|0x0000000642000000, 0x0000000642000000, 0x0000000643000000|  0%| F|  |TAMS 0x0000000642000000, 0x0000000642000000| Untracked 
|1473|0x0000000643000000, 0x0000000643000000, 0x0000000644000000|  0%| F|  |TAMS 0x0000000643000000, 0x0000000643000000| Untracked 
|1474|0x0000000644000000, 0x0000000644000000, 0x0000000645000000|  0%| F|  |TAMS 0x0000000644000000, 0x0000000644000000| Untracked 
|1475|0x0000000645000000, 0x0000000645000000, 0x0000000646000000|  0%| F|  |TAMS 0x0000000645000000, 0x0000000645000000| Untracked 
|1476|0x0000000646000000, 0x0000000646000000, 0x0000000647000000|  0%| F|  |TAMS 0x0000000646000000, 0x0000000646000000| Untracked 
|1477|0x0000000647000000, 0x0000000647000000, 0x0000000648000000|  0%| F|  |TAMS 0x0000000647000000, 0x0000000647000000| Untracked 
|1478|0x0000000648000000, 0x0000000648000000, 0x0000000649000000|  0%| F|  |TAMS 0x0000000648000000, 0x0000000648000000| Untracked 
|1479|0x0000000649000000, 0x0000000649000000, 0x000000064a000000|  0%| F|  |TAMS 0x0000000649000000, 0x0000000649000000| Untracked 
|1480|0x000000064a000000, 0x000000064a000000, 0x000000064b000000|  0%| F|  |TAMS 0x000000064a000000, 0x000000064a000000| Untracked 
|1481|0x000000064b000000, 0x000000064b000000, 0x000000064c000000|  0%| F|  |TAMS 0x000000064b000000, 0x000000064b000000| Untracked 
|1482|0x000000064c000000, 0x000000064c000000, 0x000000064d000000|  0%| F|  |TAMS 0x000000064c000000, 0x000000064c000000| Untracked 
|1483|0x000000064d000000, 0x000000064d000000, 0x000000064e000000|  0%| F|  |TAMS 0x000000064d000000, 0x000000064d000000| Untracked 
|1484|0x000000064e000000, 0x000000064e000000, 0x000000064f000000|  0%| F|  |TAMS 0x000000064e000000, 0x000000064e000000| Untracked 
|1485|0x000000064f000000, 0x000000064f000000, 0x0000000650000000|  0%| F|  |TAMS 0x000000064f000000, 0x000000064f000000| Untracked 
|1486|0x0000000650000000, 0x0000000650000000, 0x0000000651000000|  0%| F|  |TAMS 0x0000000650000000, 0x0000000650000000| Untracked 
|1487|0x0000000651000000, 0x0000000651000000, 0x0000000652000000|  0%| F|  |TAMS 0x0000000651000000, 0x0000000651000000| Untracked 
|1488|0x0000000652000000, 0x0000000652000000, 0x0000000653000000|  0%| F|  |TAMS 0x0000000652000000, 0x0000000652000000| Untracked 
|1489|0x0000000653000000, 0x0000000653000000, 0x0000000654000000|  0%| F|  |TAMS 0x0000000653000000, 0x0000000653000000| Untracked 
|1490|0x0000000654000000, 0x0000000654000000, 0x0000000655000000|  0%| F|  |TAMS 0x0000000654000000, 0x0000000654000000| Untracked 
|1491|0x0000000655000000, 0x0000000655000000, 0x0000000656000000|  0%| F|  |TAMS 0x0000000655000000, 0x0000000655000000| Untracked 
|1492|0x0000000656000000, 0x0000000656000000, 0x0000000657000000|  0%| F|  |TAMS 0x0000000656000000, 0x0000000656000000| Untracked 
|1493|0x0000000657000000, 0x0000000657000000, 0x0000000658000000|  0%| F|  |TAMS 0x0000000657000000, 0x0000000657000000| Untracked 
|1494|0x0000000658000000, 0x0000000658000000, 0x0000000659000000|  0%| F|  |TAMS 0x0000000658000000, 0x0000000658000000| Untracked 
|1495|0x0000000659000000, 0x0000000659000000, 0x000000065a000000|  0%| F|  |TAMS 0x0000000659000000, 0x0000000659000000| Untracked 
|1496|0x000000065a000000, 0x000000065a000000, 0x000000065b000000|  0%| F|  |TAMS 0x000000065a000000, 0x000000065a000000| Untracked 
|1497|0x000000065b000000, 0x000000065b000000, 0x000000065c000000|  0%| F|  |TAMS 0x000000065b000000, 0x000000065b000000| Untracked 
|1498|0x000000065c000000, 0x000000065c000000, 0x000000065d000000|  0%| F|  |TAMS 0x000000065c000000, 0x000000065c000000| Untracked 
|1499|0x000000065d000000, 0x000000065d000000, 0x000000065e000000|  0%| F|  |TAMS 0x000000065d000000, 0x000000065d000000| Untracked 
|1500|0x000000065e000000, 0x000000065e000000, 0x000000065f000000|  0%| F|  |TAMS 0x000000065e000000, 0x000000065e000000| Untracked 
|1501|0x000000065f000000, 0x000000065f000000, 0x0000000660000000|  0%| F|  |TAMS 0x000000065f000000, 0x000000065f000000| Untracked 
|1502|0x0000000660000000, 0x0000000660000000, 0x0000000661000000|  0%| F|  |TAMS 0x0000000660000000, 0x0000000660000000| Untracked 
|1503|0x0000000661000000, 0x0000000661000000, 0x0000000662000000|  0%| F|  |TAMS 0x0000000661000000, 0x0000000661000000| Untracked 
|1504|0x0000000662000000, 0x0000000662000000, 0x0000000663000000|  0%| F|  |TAMS 0x0000000662000000, 0x0000000662000000| Untracked 
|1505|0x0000000663000000, 0x0000000663000000, 0x0000000664000000|  0%| F|  |TAMS 0x0000000663000000, 0x0000000663000000| Untracked 
|1506|0x0000000664000000, 0x0000000664000000, 0x0000000665000000|  0%| F|  |TAMS 0x0000000664000000, 0x0000000664000000| Untracked 
|1507|0x0000000665000000, 0x0000000665000000, 0x0000000666000000|  0%| F|  |TAMS 0x0000000665000000, 0x0000000665000000| Untracked 
|1508|0x0000000666000000, 0x0000000666000000, 0x0000000667000000|  0%| F|  |TAMS 0x0000000666000000, 0x0000000666000000| Untracked 
|1509|0x0000000667000000, 0x0000000667000000, 0x0000000668000000|  0%| F|  |TAMS 0x0000000667000000, 0x0000000667000000| Untracked 
|1510|0x0000000668000000, 0x0000000668000000, 0x0000000669000000|  0%| F|  |TAMS 0x0000000668000000, 0x0000000668000000| Untracked 
|1511|0x0000000669000000, 0x0000000669000000, 0x000000066a000000|  0%| F|  |TAMS 0x0000000669000000, 0x0000000669000000| Untracked 
|1512|0x000000066a000000, 0x000000066a000000, 0x000000066b000000|  0%| F|  |TAMS 0x000000066a000000, 0x000000066a000000| Untracked 
|1513|0x000000066b000000, 0x000000066b000000, 0x000000066c000000|  0%| F|  |TAMS 0x000000066b000000, 0x000000066b000000| Untracked 
|1514|0x000000066c000000, 0x000000066c000000, 0x000000066d000000|  0%| F|  |TAMS 0x000000066c000000, 0x000000066c000000| Untracked 
|1515|0x000000066d000000, 0x000000066d000000, 0x000000066e000000|  0%| F|  |TAMS 0x000000066d000000, 0x000000066d000000| Untracked 
|1516|0x000000066e000000, 0x000000066e000000, 0x000000066f000000|  0%| F|  |TAMS 0x000000066e000000, 0x000000066e000000| Untracked 
|1517|0x000000066f000000, 0x000000066f000000, 0x0000000670000000|  0%| F|  |TAMS 0x000000066f000000, 0x000000066f000000| Untracked 
|1518|0x0000000670000000, 0x0000000670000000, 0x0000000671000000|  0%| F|  |TAMS 0x0000000670000000, 0x0000000670000000| Untracked 
|1519|0x0000000671000000, 0x0000000671000000, 0x0000000672000000|  0%| F|  |TAMS 0x0000000671000000, 0x0000000671000000| Untracked 
|1520|0x0000000672000000, 0x0000000672000000, 0x0000000673000000|  0%| F|  |TAMS 0x0000000672000000, 0x0000000672000000| Untracked 
|1521|0x0000000673000000, 0x0000000673000000, 0x0000000674000000|  0%| F|  |TAMS 0x0000000673000000, 0x0000000673000000| Untracked 
|1522|0x0000000674000000, 0x0000000674000000, 0x0000000675000000|  0%| F|  |TAMS 0x0000000674000000, 0x0000000674000000| Untracked 
|1523|0x0000000675000000, 0x0000000675000000, 0x0000000676000000|  0%| F|  |TAMS 0x0000000675000000, 0x0000000675000000| Untracked 
|1524|0x0000000676000000, 0x0000000676000000, 0x0000000677000000|  0%| F|  |TAMS 0x0000000676000000, 0x0000000676000000| Untracked 
|1525|0x0000000677000000, 0x0000000677000000, 0x0000000678000000|  0%| F|  |TAMS 0x0000000677000000, 0x0000000677000000| Untracked 
|1526|0x0000000678000000, 0x0000000678000000, 0x0000000679000000|  0%| F|  |TAMS 0x0000000678000000, 0x0000000678000000| Untracked 
|1527|0x0000000679000000, 0x0000000679000000, 0x000000067a000000|  0%| F|  |TAMS 0x0000000679000000, 0x0000000679000000| Untracked 
|1528|0x000000067a000000, 0x000000067a000000, 0x000000067b000000|  0%| F|  |TAMS 0x000000067a000000, 0x000000067a000000| Untracked 
|1529|0x000000067b000000, 0x000000067b000000, 0x000000067c000000|  0%| F|  |TAMS 0x000000067b000000, 0x000000067b000000| Untracked 
|1530|0x000000067c000000, 0x000000067c000000, 0x000000067d000000|  0%| F|  |TAMS 0x000000067c000000, 0x000000067c000000| Untracked 
|1531|0x000000067d000000, 0x000000067d000000, 0x000000067e000000|  0%| F|  |TAMS 0x000000067d000000, 0x000000067d000000| Untracked 
|1532|0x000000067e000000, 0x000000067e000000, 0x000000067f000000|  0%| F|  |TAMS 0x000000067e000000, 0x000000067e000000| Untracked 
|1533|0x000000067f000000, 0x000000067f000000, 0x0000000680000000|  0%| F|  |TAMS 0x000000067f000000, 0x000000067f000000| Untracked 
|1534|0x0000000680000000, 0x0000000680000000, 0x0000000681000000|  0%| F|  |TAMS 0x0000000680000000, 0x0000000680000000| Untracked 
|1535|0x0000000681000000, 0x0000000681000000, 0x0000000682000000|  0%| F|  |TAMS 0x0000000681000000, 0x0000000681000000| Untracked 
|1536|0x0000000682000000, 0x0000000682000000, 0x0000000683000000|  0%| F|  |TAMS 0x0000000682000000, 0x0000000682000000| Untracked 
|1537|0x0000000683000000, 0x0000000683000000, 0x0000000684000000|  0%| F|  |TAMS 0x0000000683000000, 0x0000000683000000| Untracked 
|1538|0x0000000684000000, 0x0000000684000000, 0x0000000685000000|  0%| F|  |TAMS 0x0000000684000000, 0x0000000684000000| Untracked 
|1539|0x0000000685000000, 0x0000000685000000, 0x0000000686000000|  0%| F|  |TAMS 0x0000000685000000, 0x0000000685000000| Untracked 
|1540|0x0000000686000000, 0x0000000686000000, 0x0000000687000000|  0%| F|  |TAMS 0x0000000686000000, 0x0000000686000000| Untracked 
|1541|0x0000000687000000, 0x0000000687000000, 0x0000000688000000|  0%| F|  |TAMS 0x0000000687000000, 0x0000000687000000| Untracked 
|1542|0x0000000688000000, 0x0000000688000000, 0x0000000689000000|  0%| F|  |TAMS 0x0000000688000000, 0x0000000688000000| Untracked 
|1543|0x0000000689000000, 0x0000000689000000, 0x000000068a000000|  0%| F|  |TAMS 0x0000000689000000, 0x0000000689000000| Untracked 
|1544|0x000000068a000000, 0x000000068a000000, 0x000000068b000000|  0%| F|  |TAMS 0x000000068a000000, 0x000000068a000000| Untracked 
|1545|0x000000068b000000, 0x000000068b000000, 0x000000068c000000|  0%| F|  |TAMS 0x000000068b000000, 0x000000068b000000| Untracked 
|1546|0x000000068c000000, 0x000000068c000000, 0x000000068d000000|  0%| F|  |TAMS 0x000000068c000000, 0x000000068c000000| Untracked 
|1547|0x000000068d000000, 0x000000068d000000, 0x000000068e000000|  0%| F|  |TAMS 0x000000068d000000, 0x000000068d000000| Untracked 
|1548|0x000000068e000000, 0x000000068e000000, 0x000000068f000000|  0%| F|  |TAMS 0x000000068e000000, 0x000000068e000000| Untracked 
|1549|0x000000068f000000, 0x000000068f000000, 0x0000000690000000|  0%| F|  |TAMS 0x000000068f000000, 0x000000068f000000| Untracked 
|1550|0x0000000690000000, 0x0000000690000000, 0x0000000691000000|  0%| F|  |TAMS 0x0000000690000000, 0x0000000690000000| Untracked 
|1551|0x0000000691000000, 0x0000000691000000, 0x0000000692000000|  0%| F|  |TAMS 0x0000000691000000, 0x0000000691000000| Untracked 
|1552|0x0000000692000000, 0x0000000692000000, 0x0000000693000000|  0%| F|  |TAMS 0x0000000692000000, 0x0000000692000000| Untracked 
|1553|0x0000000693000000, 0x0000000693000000, 0x0000000694000000|  0%| F|  |TAMS 0x0000000693000000, 0x0000000693000000| Untracked 
|1554|0x0000000694000000, 0x0000000694000000, 0x0000000695000000|  0%| F|  |TAMS 0x0000000694000000, 0x0000000694000000| Untracked 
|1555|0x0000000695000000, 0x0000000695000000, 0x0000000696000000|  0%| F|  |TAMS 0x0000000695000000, 0x0000000695000000| Untracked 
|1556|0x0000000696000000, 0x0000000696000000, 0x0000000697000000|  0%| F|  |TAMS 0x0000000696000000, 0x0000000696000000| Untracked 
|1557|0x0000000697000000, 0x0000000697000000, 0x0000000698000000|  0%| F|  |TAMS 0x0000000697000000, 0x0000000697000000| Untracked 
|1558|0x0000000698000000, 0x0000000698000000, 0x0000000699000000|  0%| F|  |TAMS 0x0000000698000000, 0x0000000698000000| Untracked 
|1559|0x0000000699000000, 0x0000000699000000, 0x000000069a000000|  0%| F|  |TAMS 0x0000000699000000, 0x0000000699000000| Untracked 
|1560|0x000000069a000000, 0x000000069a000000, 0x000000069b000000|  0%| F|  |TAMS 0x000000069a000000, 0x000000069a000000| Untracked 
|1561|0x000000069b000000, 0x000000069b000000, 0x000000069c000000|  0%| F|  |TAMS 0x000000069b000000, 0x000000069b000000| Untracked 
|1562|0x000000069c000000, 0x000000069c000000, 0x000000069d000000|  0%| F|  |TAMS 0x000000069c000000, 0x000000069c000000| Untracked 
|1563|0x000000069d000000, 0x000000069d000000, 0x000000069e000000|  0%| F|  |TAMS 0x000000069d000000, 0x000000069d000000| Untracked 
|1564|0x000000069e000000, 0x000000069e000000, 0x000000069f000000|  0%| F|  |TAMS 0x000000069e000000, 0x000000069e000000| Untracked 
|1565|0x000000069f000000, 0x000000069f000000, 0x00000006a0000000|  0%| F|  |TAMS 0x000000069f000000, 0x000000069f000000| Untracked 
|1566|0x00000006a0000000, 0x00000006a0000000, 0x00000006a1000000|  0%| F|  |TAMS 0x00000006a0000000, 0x00000006a0000000| Untracked 
|1567|0x00000006a1000000, 0x00000006a1000000, 0x00000006a2000000|  0%| F|  |TAMS 0x00000006a1000000, 0x00000006a1000000| Untracked 
|1568|0x00000006a2000000, 0x00000006a2000000, 0x00000006a3000000|  0%| F|  |TAMS 0x00000006a2000000, 0x00000006a2000000| Untracked 
|1569|0x00000006a3000000, 0x00000006a3000000, 0x00000006a4000000|  0%| F|  |TAMS 0x00000006a3000000, 0x00000006a3000000| Untracked 
|1570|0x00000006a4000000, 0x00000006a4000000, 0x00000006a5000000|  0%| F|  |TAMS 0x00000006a4000000, 0x00000006a4000000| Untracked 
|1571|0x00000006a5000000, 0x00000006a5000000, 0x00000006a6000000|  0%| F|  |TAMS 0x00000006a5000000, 0x00000006a5000000| Untracked 
|1572|0x00000006a6000000, 0x00000006a6000000, 0x00000006a7000000|  0%| F|  |TAMS 0x00000006a6000000, 0x00000006a6000000| Untracked 
|1573|0x00000006a7000000, 0x00000006a7000000, 0x00000006a8000000|  0%| F|  |TAMS 0x00000006a7000000, 0x00000006a7000000| Untracked 
|1574|0x00000006a8000000, 0x00000006a8000000, 0x00000006a9000000|  0%| F|  |TAMS 0x00000006a8000000, 0x00000006a8000000| Untracked 
|1575|0x00000006a9000000, 0x00000006a9000000, 0x00000006aa000000|  0%| F|  |TAMS 0x00000006a9000000, 0x00000006a9000000| Untracked 
|1576|0x00000006aa000000, 0x00000006aa000000, 0x00000006ab000000|  0%| F|  |TAMS 0x00000006aa000000, 0x00000006aa000000| Untracked 
|1577|0x00000006ab000000, 0x00000006ab000000, 0x00000006ac000000|  0%| F|  |TAMS 0x00000006ab000000, 0x00000006ab000000| Untracked 
|1578|0x00000006ac000000, 0x00000006ac000000, 0x00000006ad000000|  0%| F|  |TAMS 0x00000006ac000000, 0x00000006ac000000| Untracked 
|1579|0x00000006ad000000, 0x00000006ad000000, 0x00000006ae000000|  0%| F|  |TAMS 0x00000006ad000000, 0x00000006ad000000| Untracked 
|1580|0x00000006ae000000, 0x00000006ae000000, 0x00000006af000000|  0%| F|  |TAMS 0x00000006ae000000, 0x00000006ae000000| Untracked 
|1581|0x00000006af000000, 0x00000006af000000, 0x00000006b0000000|  0%| F|  |TAMS 0x00000006af000000, 0x00000006af000000| Untracked 
|1582|0x00000006b0000000, 0x00000006b0000000, 0x00000006b1000000|  0%| F|  |TAMS 0x00000006b0000000, 0x00000006b0000000| Untracked 
|1583|0x00000006b1000000, 0x00000006b1000000, 0x00000006b2000000|  0%| F|  |TAMS 0x00000006b1000000, 0x00000006b1000000| Untracked 
|1584|0x00000006b2000000, 0x00000006b2000000, 0x00000006b3000000|  0%| F|  |TAMS 0x00000006b2000000, 0x00000006b2000000| Untracked 
|1585|0x00000006b3000000, 0x00000006b3000000, 0x00000006b4000000|  0%| F|  |TAMS 0x00000006b3000000, 0x00000006b3000000| Untracked 
|1586|0x00000006b4000000, 0x00000006b4000000, 0x00000006b5000000|  0%| F|  |TAMS 0x00000006b4000000, 0x00000006b4000000| Untracked 
|1587|0x00000006b5000000, 0x00000006b5000000, 0x00000006b6000000|  0%| F|  |TAMS 0x00000006b5000000, 0x00000006b5000000| Untracked 
|1588|0x00000006b6000000, 0x00000006b6000000, 0x00000006b7000000|  0%| F|  |TAMS 0x00000006b6000000, 0x00000006b6000000| Untracked 
|1589|0x00000006b7000000, 0x00000006b7000000, 0x00000006b8000000|  0%| F|  |TAMS 0x00000006b7000000, 0x00000006b7000000| Untracked 
|1590|0x00000006b8000000, 0x00000006b8000000, 0x00000006b9000000|  0%| F|  |TAMS 0x00000006b8000000, 0x00000006b8000000| Untracked 
|1591|0x00000006b9000000, 0x00000006b9000000, 0x00000006ba000000|  0%| F|  |TAMS 0x00000006b9000000, 0x00000006b9000000| Untracked 
|1592|0x00000006ba000000, 0x00000006ba000000, 0x00000006bb000000|  0%| F|  |TAMS 0x00000006ba000000, 0x00000006ba000000| Untracked 
|1593|0x00000006bb000000, 0x00000006bb000000, 0x00000006bc000000|  0%| F|  |TAMS 0x00000006bb000000, 0x00000006bb000000| Untracked 
|1594|0x00000006bc000000, 0x00000006bc000000, 0x00000006bd000000|  0%| F|  |TAMS 0x00000006bc000000, 0x00000006bc000000| Untracked 
|1595|0x00000006bd000000, 0x00000006bd000000, 0x00000006be000000|  0%| F|  |TAMS 0x00000006bd000000, 0x00000006bd000000| Untracked 
|1596|0x00000006be000000, 0x00000006be000000, 0x00000006bf000000|  0%| F|  |TAMS 0x00000006be000000, 0x00000006be000000| Untracked 
|1597|0x00000006bf000000, 0x00000006bf000000, 0x00000006c0000000|  0%| F|  |TAMS 0x00000006bf000000, 0x00000006bf000000| Untracked 
|1598|0x00000006c0000000, 0x00000006c0000000, 0x00000006c1000000|  0%| F|  |TAMS 0x00000006c0000000, 0x00000006c0000000| Untracked 
|1599|0x00000006c1000000, 0x00000006c1000000, 0x00000006c2000000|  0%| F|  |TAMS 0x00000006c1000000, 0x00000006c1000000| Untracked 
|1600|0x00000006c2000000, 0x00000006c2000000, 0x00000006c3000000|  0%| F|  |TAMS 0x00000006c2000000, 0x00000006c2000000| Untracked 
|1601|0x00000006c3000000, 0x00000006c3000000, 0x00000006c4000000|  0%| F|  |TAMS 0x00000006c3000000, 0x00000006c3000000| Untracked 
|1602|0x00000006c4000000, 0x00000006c4000000, 0x00000006c5000000|  0%| F|  |TAMS 0x00000006c4000000, 0x00000006c4000000| Untracked 
|1603|0x00000006c5000000, 0x00000006c5000000, 0x00000006c6000000|  0%| F|  |TAMS 0x00000006c5000000, 0x00000006c5000000| Untracked 
|1604|0x00000006c6000000, 0x00000006c6000000, 0x00000006c7000000|  0%| F|  |TAMS 0x00000006c6000000, 0x00000006c6000000| Untracked 
|1605|0x00000006c7000000, 0x00000006c7000000, 0x00000006c8000000|  0%| F|  |TAMS 0x00000006c7000000, 0x00000006c7000000| Untracked 
|1606|0x00000006c8000000, 0x00000006c8000000, 0x00000006c9000000|  0%| F|  |TAMS 0x00000006c8000000, 0x00000006c8000000| Untracked 
|1607|0x00000006c9000000, 0x00000006c9000000, 0x00000006ca000000|  0%| F|  |TAMS 0x00000006c9000000, 0x00000006c9000000| Untracked 
|1608|0x00000006ca000000, 0x00000006ca000000, 0x00000006cb000000|  0%| F|  |TAMS 0x00000006ca000000, 0x00000006ca000000| Untracked 
|1609|0x00000006cb000000, 0x00000006cb000000, 0x00000006cc000000|  0%| F|  |TAMS 0x00000006cb000000, 0x00000006cb000000| Untracked 
|1610|0x00000006cc000000, 0x00000006cc000000, 0x00000006cd000000|  0%| F|  |TAMS 0x00000006cc000000, 0x00000006cc000000| Untracked 
|1611|0x00000006cd000000, 0x00000006cd000000, 0x00000006ce000000|  0%| F|  |TAMS 0x00000006cd000000, 0x00000006cd000000| Untracked 
|1612|0x00000006ce000000, 0x00000006ce000000, 0x00000006cf000000|  0%| F|  |TAMS 0x00000006ce000000, 0x00000006ce000000| Untracked 
|1613|0x00000006cf000000, 0x00000006cf000000, 0x00000006d0000000|  0%| F|  |TAMS 0x00000006cf000000, 0x00000006cf000000| Untracked 
|1614|0x00000006d0000000, 0x00000006d0000000, 0x00000006d1000000|  0%| F|  |TAMS 0x00000006d0000000, 0x00000006d0000000| Untracked 
|1615|0x00000006d1000000, 0x00000006d1000000, 0x00000006d2000000|  0%| F|  |TAMS 0x00000006d1000000, 0x00000006d1000000| Untracked 
|1616|0x00000006d2000000, 0x00000006d2000000, 0x00000006d3000000|  0%| F|  |TAMS 0x00000006d2000000, 0x00000006d2000000| Untracked 
|1617|0x00000006d3000000, 0x00000006d3000000, 0x00000006d4000000|  0%| F|  |TAMS 0x00000006d3000000, 0x00000006d3000000| Untracked 
|1618|0x00000006d4000000, 0x00000006d4000000, 0x00000006d5000000|  0%| F|  |TAMS 0x00000006d4000000, 0x00000006d4000000| Untracked 
|1619|0x00000006d5000000, 0x00000006d5000000, 0x00000006d6000000|  0%| F|  |TAMS 0x00000006d5000000, 0x00000006d5000000| Untracked 
|1620|0x00000006d6000000, 0x00000006d6000000, 0x00000006d7000000|  0%| F|  |TAMS 0x00000006d6000000, 0x00000006d6000000| Untracked 
|1621|0x00000006d7000000, 0x00000006d7000000, 0x00000006d8000000|  0%| F|  |TAMS 0x00000006d7000000, 0x00000006d7000000| Untracked 
|1622|0x00000006d8000000, 0x00000006d8000000, 0x00000006d9000000|  0%| F|  |TAMS 0x00000006d8000000, 0x00000006d8000000| Untracked 
|1623|0x00000006d9000000, 0x00000006d9000000, 0x00000006da000000|  0%| F|  |TAMS 0x00000006d9000000, 0x00000006d9000000| Untracked 
|1624|0x00000006da000000, 0x00000006da000000, 0x00000006db000000|  0%| F|  |TAMS 0x00000006da000000, 0x00000006da000000| Untracked 
|1625|0x00000006db000000, 0x00000006db000000, 0x00000006dc000000|  0%| F|  |TAMS 0x00000006db000000, 0x00000006db000000| Untracked 
|1626|0x00000006dc000000, 0x00000006dc000000, 0x00000006dd000000|  0%| F|  |TAMS 0x00000006dc000000, 0x00000006dc000000| Untracked 
|1627|0x00000006dd000000, 0x00000006dd000000, 0x00000006de000000|  0%| F|  |TAMS 0x00000006dd000000, 0x00000006dd000000| Untracked 
|1628|0x00000006de000000, 0x00000006de000000, 0x00000006df000000|  0%| F|  |TAMS 0x00000006de000000, 0x00000006de000000| Untracked 
|1629|0x00000006df000000, 0x00000006df000000, 0x00000006e0000000|  0%| F|  |TAMS 0x00000006df000000, 0x00000006df000000| Untracked 
|1630|0x00000006e0000000, 0x00000006e0000000, 0x00000006e1000000|  0%| F|  |TAMS 0x00000006e0000000, 0x00000006e0000000| Untracked 
|1631|0x00000006e1000000, 0x00000006e1000000, 0x00000006e2000000|  0%| F|  |TAMS 0x00000006e1000000, 0x00000006e1000000| Untracked 
|1632|0x00000006e2000000, 0x00000006e2000000, 0x00000006e3000000|  0%| F|  |TAMS 0x00000006e2000000, 0x00000006e2000000| Untracked 
|1633|0x00000006e3000000, 0x00000006e3000000, 0x00000006e4000000|  0%| F|  |TAMS 0x00000006e3000000, 0x00000006e3000000| Untracked 
|1634|0x00000006e4000000, 0x00000006e4000000, 0x00000006e5000000|  0%| F|  |TAMS 0x00000006e4000000, 0x00000006e4000000| Untracked 
|1635|0x00000006e5000000, 0x00000006e5000000, 0x00000006e6000000|  0%| F|  |TAMS 0x00000006e5000000, 0x00000006e5000000| Untracked 
|1636|0x00000006e6000000, 0x00000006e6000000, 0x00000006e7000000|  0%| F|  |TAMS 0x00000006e6000000, 0x00000006e6000000| Untracked 
|1637|0x00000006e7000000, 0x00000006e7000000, 0x00000006e8000000|  0%| F|  |TAMS 0x00000006e7000000, 0x00000006e7000000| Untracked 
|1638|0x00000006e8000000, 0x00000006e8000000, 0x00000006e9000000|  0%| F|  |TAMS 0x00000006e8000000, 0x00000006e8000000| Untracked 
|1639|0x00000006e9000000, 0x00000006e9000000, 0x00000006ea000000|  0%| F|  |TAMS 0x00000006e9000000, 0x00000006e9000000| Untracked 
|1640|0x00000006ea000000, 0x00000006ea000000, 0x00000006eb000000|  0%| F|  |TAMS 0x00000006ea000000, 0x00000006ea000000| Untracked 
|1641|0x00000006eb000000, 0x00000006eb000000, 0x00000006ec000000|  0%| F|  |TAMS 0x00000006eb000000, 0x00000006eb000000| Untracked 
|1642|0x00000006ec000000, 0x00000006ec000000, 0x00000006ed000000|  0%| F|  |TAMS 0x00000006ec000000, 0x00000006ec000000| Untracked 
|1643|0x00000006ed000000, 0x00000006ed000000, 0x00000006ee000000|  0%| F|  |TAMS 0x00000006ed000000, 0x00000006ed000000| Untracked 
|1644|0x00000006ee000000, 0x00000006ee000000, 0x00000006ef000000|  0%| F|  |TAMS 0x00000006ee000000, 0x00000006ee000000| Untracked 
|1645|0x00000006ef000000, 0x00000006ef000000, 0x00000006f0000000|  0%| F|  |TAMS 0x00000006ef000000, 0x00000006ef000000| Untracked 
|1646|0x00000006f0000000, 0x00000006f0000000, 0x00000006f1000000|  0%| F|  |TAMS 0x00000006f0000000, 0x00000006f0000000| Untracked 
|1647|0x00000006f1000000, 0x00000006f1000000, 0x00000006f2000000|  0%| F|  |TAMS 0x00000006f1000000, 0x00000006f1000000| Untracked 
|1648|0x00000006f2000000, 0x00000006f2000000, 0x00000006f3000000|  0%| F|  |TAMS 0x00000006f2000000, 0x00000006f2000000| Untracked 
|1649|0x00000006f3000000, 0x00000006f3000000, 0x00000006f4000000|  0%| F|  |TAMS 0x00000006f3000000, 0x00000006f3000000| Untracked 
|1650|0x00000006f4000000, 0x00000006f4000000, 0x00000006f5000000|  0%| F|  |TAMS 0x00000006f4000000, 0x00000006f4000000| Untracked 
|1651|0x00000006f5000000, 0x00000006f5000000, 0x00000006f6000000|  0%| F|  |TAMS 0x00000006f5000000, 0x00000006f5000000| Untracked 
|1652|0x00000006f6000000, 0x00000006f6000000, 0x00000006f7000000|  0%| F|  |TAMS 0x00000006f6000000, 0x00000006f6000000| Untracked 
|1653|0x00000006f7000000, 0x00000006f7000000, 0x00000006f8000000|  0%| F|  |TAMS 0x00000006f7000000, 0x00000006f7000000| Untracked 
|1654|0x00000006f8000000, 0x00000006f8000000, 0x00000006f9000000|  0%| F|  |TAMS 0x00000006f8000000, 0x00000006f8000000| Untracked 
|1655|0x00000006f9000000, 0x00000006f9000000, 0x00000006fa000000|  0%| F|  |TAMS 0x00000006f9000000, 0x00000006f9000000| Untracked 
|1656|0x00000006fa000000, 0x00000006fa000000, 0x00000006fb000000|  0%| F|  |TAMS 0x00000006fa000000, 0x00000006fa000000| Untracked 
|1657|0x00000006fb000000, 0x00000006fb000000, 0x00000006fc000000|  0%| F|  |TAMS 0x00000006fb000000, 0x00000006fb000000| Untracked 
|1658|0x00000006fc000000, 0x00000006fc000000, 0x00000006fd000000|  0%| F|  |TAMS 0x00000006fc000000, 0x00000006fc000000| Untracked 
|1659|0x00000006fd000000, 0x00000006fd000000, 0x00000006fe000000|  0%| F|  |TAMS 0x00000006fd000000, 0x00000006fd000000| Untracked 
|1660|0x00000006fe000000, 0x00000006fe000000, 0x00000006ff000000|  0%| F|  |TAMS 0x00000006fe000000, 0x00000006fe000000| Untracked 
|1661|0x00000006ff000000, 0x00000006ff000000, 0x0000000700000000|  0%| F|  |TAMS 0x00000006ff000000, 0x00000006ff000000| Untracked 
|1662|0x0000000700000000, 0x0000000700000000, 0x0000000701000000|  0%| F|  |TAMS 0x0000000700000000, 0x0000000700000000| Untracked 
|1663|0x0000000701000000, 0x0000000701000000, 0x0000000702000000|  0%| F|  |TAMS 0x0000000701000000, 0x0000000701000000| Untracked 
|1664|0x0000000702000000, 0x0000000702000000, 0x0000000703000000|  0%| F|  |TAMS 0x0000000702000000, 0x0000000702000000| Untracked 
|1665|0x0000000703000000, 0x0000000703000000, 0x0000000704000000|  0%| F|  |TAMS 0x0000000703000000, 0x0000000703000000| Untracked 
|1666|0x0000000704000000, 0x0000000704000000, 0x0000000705000000|  0%| F|  |TAMS 0x0000000704000000, 0x0000000704000000| Untracked 
|1667|0x0000000705000000, 0x0000000705000000, 0x0000000706000000|  0%| F|  |TAMS 0x0000000705000000, 0x0000000705000000| Untracked 
|1668|0x0000000706000000, 0x0000000706000000, 0x0000000707000000|  0%| F|  |TAMS 0x0000000706000000, 0x0000000706000000| Untracked 
|1669|0x0000000707000000, 0x0000000707000000, 0x0000000708000000|  0%| F|  |TAMS 0x0000000707000000, 0x0000000707000000| Untracked 
|1670|0x0000000708000000, 0x0000000708000000, 0x0000000709000000|  0%| F|  |TAMS 0x0000000708000000, 0x0000000708000000| Untracked 
|1671|0x0000000709000000, 0x0000000709000000, 0x000000070a000000|  0%| F|  |TAMS 0x0000000709000000, 0x0000000709000000| Untracked 
|1672|0x000000070a000000, 0x000000070a000000, 0x000000070b000000|  0%| F|  |TAMS 0x000000070a000000, 0x000000070a000000| Untracked 
|1673|0x000000070b000000, 0x000000070b000000, 0x000000070c000000|  0%| F|  |TAMS 0x000000070b000000, 0x000000070b000000| Untracked 
|1674|0x000000070c000000, 0x000000070c000000, 0x000000070d000000|  0%| F|  |TAMS 0x000000070c000000, 0x000000070c000000| Untracked 
|1675|0x000000070d000000, 0x000000070d000000, 0x000000070e000000|  0%| F|  |TAMS 0x000000070d000000, 0x000000070d000000| Untracked 
|1676|0x000000070e000000, 0x000000070e000000, 0x000000070f000000|  0%| F|  |TAMS 0x000000070e000000, 0x000000070e000000| Untracked 
|1677|0x000000070f000000, 0x000000070f000000, 0x0000000710000000|  0%| F|  |TAMS 0x000000070f000000, 0x000000070f000000| Untracked 
|1678|0x0000000710000000, 0x0000000710000000, 0x0000000711000000|  0%| F|  |TAMS 0x0000000710000000, 0x0000000710000000| Untracked 
|1679|0x0000000711000000, 0x0000000711000000, 0x0000000712000000|  0%| F|  |TAMS 0x0000000711000000, 0x0000000711000000| Untracked 
|1680|0x0000000712000000, 0x0000000712000000, 0x0000000713000000|  0%| F|  |TAMS 0x0000000712000000, 0x0000000712000000| Untracked 
|1681|0x0000000713000000, 0x0000000713000000, 0x0000000714000000|  0%| F|  |TAMS 0x0000000713000000, 0x0000000713000000| Untracked 
|1682|0x0000000714000000, 0x0000000714000000, 0x0000000715000000|  0%| F|  |TAMS 0x0000000714000000, 0x0000000714000000| Untracked 
|1683|0x0000000715000000, 0x0000000715000000, 0x0000000716000000|  0%| F|  |TAMS 0x0000000715000000, 0x0000000715000000| Untracked 
|1684|0x0000000716000000, 0x0000000716000000, 0x0000000717000000|  0%| F|  |TAMS 0x0000000716000000, 0x0000000716000000| Untracked 
|1685|0x0000000717000000, 0x0000000717000000, 0x0000000718000000|  0%| F|  |TAMS 0x0000000717000000, 0x0000000717000000| Untracked 
|1686|0x0000000718000000, 0x0000000718000000, 0x0000000719000000|  0%| F|  |TAMS 0x0000000718000000, 0x0000000718000000| Untracked 
|1687|0x0000000719000000, 0x0000000719000000, 0x000000071a000000|  0%| F|  |TAMS 0x0000000719000000, 0x0000000719000000| Untracked 
|1688|0x000000071a000000, 0x000000071a000000, 0x000000071b000000|  0%| F|  |TAMS 0x000000071a000000, 0x000000071a000000| Untracked 
|1689|0x000000071b000000, 0x000000071b000000, 0x000000071c000000|  0%| F|  |TAMS 0x000000071b000000, 0x000000071b000000| Untracked 
|1690|0x000000071c000000, 0x000000071c000000, 0x000000071d000000|  0%| F|  |TAMS 0x000000071c000000, 0x000000071c000000| Untracked 
|1691|0x000000071d000000, 0x000000071d000000, 0x000000071e000000|  0%| F|  |TAMS 0x000000071d000000, 0x000000071d000000| Untracked 
|1692|0x000000071e000000, 0x000000071e000000, 0x000000071f000000|  0%| F|  |TAMS 0x000000071e000000, 0x000000071e000000| Untracked 
|1693|0x000000071f000000, 0x000000071f000000, 0x0000000720000000|  0%| F|  |TAMS 0x000000071f000000, 0x000000071f000000| Untracked 
|1694|0x0000000720000000, 0x0000000720000000, 0x0000000721000000|  0%| F|  |TAMS 0x0000000720000000, 0x0000000720000000| Untracked 
|1695|0x0000000721000000, 0x0000000721000000, 0x0000000722000000|  0%| F|  |TAMS 0x0000000721000000, 0x0000000721000000| Untracked 
|1696|0x0000000722000000, 0x0000000722000000, 0x0000000723000000|  0%| F|  |TAMS 0x0000000722000000, 0x0000000722000000| Untracked 
|1697|0x0000000723000000, 0x0000000723000000, 0x0000000724000000|  0%| F|  |TAMS 0x0000000723000000, 0x0000000723000000| Untracked 
|1698|0x0000000724000000, 0x0000000724000000, 0x0000000725000000|  0%| F|  |TAMS 0x0000000724000000, 0x0000000724000000| Untracked 
|1699|0x0000000725000000, 0x0000000725000000, 0x0000000726000000|  0%| F|  |TAMS 0x0000000725000000, 0x0000000725000000| Untracked 
|1700|0x0000000726000000, 0x0000000726000000, 0x0000000727000000|  0%| F|  |TAMS 0x0000000726000000, 0x0000000726000000| Untracked 
|1701|0x0000000727000000, 0x0000000727000000, 0x0000000728000000|  0%| F|  |TAMS 0x0000000727000000, 0x0000000727000000| Untracked 
|1702|0x0000000728000000, 0x0000000728000000, 0x0000000729000000|  0%| F|  |TAMS 0x0000000728000000, 0x0000000728000000| Untracked 
|1703|0x0000000729000000, 0x0000000729000000, 0x000000072a000000|  0%| F|  |TAMS 0x0000000729000000, 0x0000000729000000| Untracked 
|1704|0x000000072a000000, 0x000000072a000000, 0x000000072b000000|  0%| F|  |TAMS 0x000000072a000000, 0x000000072a000000| Untracked 
|1705|0x000000072b000000, 0x000000072c000000, 0x000000072c000000|100%| S|CS|TAMS 0x000000072b000000, 0x000000072b000000| Complete 
|1706|0x000000072c000000, 0x000000072d000000, 0x000000072d000000|100%| S|CS|TAMS 0x000000072c000000, 0x000000072c000000| Complete 
|1707|0x000000072d000000, 0x000000072e000000, 0x000000072e000000|100%| S|CS|TAMS 0x000000072d000000, 0x000000072d000000| Complete 
|1708|0x000000072e000000, 0x000000072f000000, 0x000000072f000000|100%| S|CS|TAMS 0x000000072e000000, 0x000000072e000000| Complete 
|1709|0x000000072f000000, 0x0000000730000000, 0x0000000730000000|100%| S|CS|TAMS 0x000000072f000000, 0x000000072f000000| Complete 
|1710|0x0000000730000000, 0x0000000731000000, 0x0000000731000000|100%| S|CS|TAMS 0x0000000730000000, 0x0000000730000000| Complete 
|1711|0x0000000731000000, 0x0000000732000000, 0x0000000732000000|100%| S|CS|TAMS 0x0000000731000000, 0x0000000731000000| Complete 
|1712|0x0000000732000000, 0x0000000733000000, 0x0000000733000000|100%| S|CS|TAMS 0x0000000732000000, 0x0000000732000000| Complete 
|1713|0x0000000733000000, 0x0000000734000000, 0x0000000734000000|100%| S|CS|TAMS 0x0000000733000000, 0x0000000733000000| Complete 
|1714|0x0000000734000000, 0x0000000735000000, 0x0000000735000000|100%| S|CS|TAMS 0x0000000734000000, 0x0000000734000000| Complete 
|1715|0x0000000735000000, 0x0000000736000000, 0x0000000736000000|100%| S|CS|TAMS 0x0000000735000000, 0x0000000735000000| Complete 
|1716|0x0000000736000000, 0x0000000737000000, 0x0000000737000000|100%| S|CS|TAMS 0x0000000736000000, 0x0000000736000000| Complete 
|1717|0x0000000737000000, 0x0000000738000000, 0x0000000738000000|100%| S|CS|TAMS 0x0000000737000000, 0x0000000737000000| Complete 
|1718|0x0000000738000000, 0x0000000739000000, 0x0000000739000000|100%| S|CS|TAMS 0x0000000738000000, 0x0000000738000000| Complete 
|1719|0x0000000739000000, 0x000000073a000000, 0x000000073a000000|100%| S|CS|TAMS 0x0000000739000000, 0x0000000739000000| Complete 
|1720|0x000000073a000000, 0x000000073b000000, 0x000000073b000000|100%| S|CS|TAMS 0x000000073a000000, 0x000000073a000000| Complete 
|1721|0x000000073b000000, 0x000000073c000000, 0x000000073c000000|100%| S|CS|TAMS 0x000000073b000000, 0x000000073b000000| Complete 
|1722|0x000000073c000000, 0x000000073c000000, 0x000000073d000000|  0%| F|  |TAMS 0x000000073c000000, 0x000000073c000000| Untracked 
|1723|0x000000073d000000, 0x000000073d000000, 0x000000073e000000|  0%| F|  |TAMS 0x000000073d000000, 0x000000073d000000| Untracked 
|1724|0x000000073e000000, 0x000000073e000000, 0x000000073f000000|  0%| F|  |TAMS 0x000000073e000000, 0x000000073e000000| Untracked 
|1725|0x000000073f000000, 0x000000073f000000, 0x0000000740000000|  0%| F|  |TAMS 0x000000073f000000, 0x000000073f000000| Untracked 
|1726|0x0000000740000000, 0x0000000740000000, 0x0000000741000000|  0%| F|  |TAMS 0x0000000740000000, 0x0000000740000000| Untracked 
|1727|0x0000000741000000, 0x0000000741000000, 0x0000000742000000|  0%| F|  |TAMS 0x0000000741000000, 0x0000000741000000| Untracked 
|1728|0x0000000742000000, 0x0000000742000000, 0x0000000743000000|  0%| F|  |TAMS 0x0000000742000000, 0x0000000742000000| Untracked 
|1729|0x0000000743000000, 0x0000000743000000, 0x0000000744000000|  0%| F|  |TAMS 0x0000000743000000, 0x0000000743000000| Untracked 
|1730|0x0000000744000000, 0x0000000744000000, 0x0000000745000000|  0%| F|  |TAMS 0x0000000744000000, 0x0000000744000000| Untracked 
|1731|0x0000000745000000, 0x0000000745000000, 0x0000000746000000|  0%| F|  |TAMS 0x0000000745000000, 0x0000000745000000| Untracked 
|1732|0x0000000746000000, 0x0000000746000000, 0x0000000747000000|  0%| F|  |TAMS 0x0000000746000000, 0x0000000746000000| Untracked 
|1733|0x0000000747000000, 0x0000000747000000, 0x0000000748000000|  0%| F|  |TAMS 0x0000000747000000, 0x0000000747000000| Untracked 
|1734|0x0000000748000000, 0x0000000748000000, 0x0000000749000000|  0%| F|  |TAMS 0x0000000748000000, 0x0000000748000000| Untracked 
|1735|0x0000000749000000, 0x0000000749000000, 0x000000074a000000|  0%| F|  |TAMS 0x0000000749000000, 0x0000000749000000| Untracked 
|1736|0x000000074a000000, 0x000000074a000000, 0x000000074b000000|  0%| F|  |TAMS 0x000000074a000000, 0x000000074a000000| Untracked 
|1737|0x000000074b000000, 0x000000074b000000, 0x000000074c000000|  0%| F|  |TAMS 0x000000074b000000, 0x000000074b000000| Untracked 
|1738|0x000000074c000000, 0x000000074c000000, 0x000000074d000000|  0%| F|  |TAMS 0x000000074c000000, 0x000000074c000000| Untracked 
|1739|0x000000074d000000, 0x000000074d000000, 0x000000074e000000|  0%| F|  |TAMS 0x000000074d000000, 0x000000074d000000| Untracked 
|1740|0x000000074e000000, 0x000000074e000000, 0x000000074f000000|  0%| F|  |TAMS 0x000000074e000000, 0x000000074e000000| Untracked 
|1741|0x000000074f000000, 0x000000074f000000, 0x0000000750000000|  0%| F|  |TAMS 0x000000074f000000, 0x000000074f000000| Untracked 
|1742|0x0000000750000000, 0x0000000750000000, 0x0000000751000000|  0%| F|  |TAMS 0x0000000750000000, 0x0000000750000000| Untracked 
|1743|0x0000000751000000, 0x0000000751000000, 0x0000000752000000|  0%| F|  |TAMS 0x0000000751000000, 0x0000000751000000| Untracked 
|1744|0x0000000752000000, 0x0000000752000000, 0x0000000753000000|  0%| F|  |TAMS 0x0000000752000000, 0x0000000752000000| Untracked 
|1745|0x0000000753000000, 0x0000000753000000, 0x0000000754000000|  0%| F|  |TAMS 0x0000000753000000, 0x0000000753000000| Untracked 
|1746|0x0000000754000000, 0x0000000754000000, 0x0000000755000000|  0%| F|  |TAMS 0x0000000754000000, 0x0000000754000000| Untracked 
|1747|0x0000000755000000, 0x0000000755000000, 0x0000000756000000|  0%| F|  |TAMS 0x0000000755000000, 0x0000000755000000| Untracked 
|1748|0x0000000756000000, 0x0000000756000000, 0x0000000757000000|  0%| F|  |TAMS 0x0000000756000000, 0x0000000756000000| Untracked 
|1749|0x0000000757000000, 0x0000000757000000, 0x0000000758000000|  0%| F|  |TAMS 0x0000000757000000, 0x0000000757000000| Untracked 
|1750|0x0000000758000000, 0x0000000758000000, 0x0000000759000000|  0%| F|  |TAMS 0x0000000758000000, 0x0000000758000000| Untracked 
|1751|0x0000000759000000, 0x0000000759000000, 0x000000075a000000|  0%| F|  |TAMS 0x0000000759000000, 0x0000000759000000| Untracked 
|1752|0x000000075a000000, 0x000000075a000000, 0x000000075b000000|  0%| F|  |TAMS 0x000000075a000000, 0x000000075a000000| Untracked 
|1753|0x000000075b000000, 0x000000075b000000, 0x000000075c000000|  0%| F|  |TAMS 0x000000075b000000, 0x000000075b000000| Untracked 
|1754|0x000000075c000000, 0x000000075c000000, 0x000000075d000000|  0%| F|  |TAMS 0x000000075c000000, 0x000000075c000000| Untracked 
|1755|0x000000075d000000, 0x000000075d000000, 0x000000075e000000|  0%| F|  |TAMS 0x000000075d000000, 0x000000075d000000| Untracked 
|1756|0x000000075e000000, 0x000000075e000000, 0x000000075f000000|  0%| F|  |TAMS 0x000000075e000000, 0x000000075e000000| Untracked 
|1757|0x000000075f000000, 0x000000075f000000, 0x0000000760000000|  0%| F|  |TAMS 0x000000075f000000, 0x000000075f000000| Untracked 
|1758|0x0000000760000000, 0x0000000760000000, 0x0000000761000000|  0%| F|  |TAMS 0x0000000760000000, 0x0000000760000000| Untracked 
|1759|0x0000000761000000, 0x0000000761000000, 0x0000000762000000|  0%| F|  |TAMS 0x0000000761000000, 0x0000000761000000| Untracked 
|1760|0x0000000762000000, 0x0000000762000000, 0x0000000763000000|  0%| F|  |TAMS 0x0000000762000000, 0x0000000762000000| Untracked 
|1761|0x0000000763000000, 0x0000000763000000, 0x0000000764000000|  0%| F|  |TAMS 0x0000000763000000, 0x0000000763000000| Untracked 
|1762|0x0000000764000000, 0x0000000764000000, 0x0000000765000000|  0%| F|  |TAMS 0x0000000764000000, 0x0000000764000000| Untracked 
|1763|0x0000000765000000, 0x0000000765000000, 0x0000000766000000|  0%| F|  |TAMS 0x0000000765000000, 0x0000000765000000| Untracked 
|1764|0x0000000766000000, 0x0000000766000000, 0x0000000767000000|  0%| F|  |TAMS 0x0000000766000000, 0x0000000766000000| Untracked 
|1765|0x0000000767000000, 0x0000000767000000, 0x0000000768000000|  0%| F|  |TAMS 0x0000000767000000, 0x0000000767000000| Untracked 
|1766|0x0000000768000000, 0x0000000768000000, 0x0000000769000000|  0%| F|  |TAMS 0x0000000768000000, 0x0000000768000000| Untracked 
|1767|0x0000000769000000, 0x0000000769000000, 0x000000076a000000|  0%| F|  |TAMS 0x0000000769000000, 0x0000000769000000| Untracked 
|1768|0x000000076a000000, 0x000000076a000000, 0x000000076b000000|  0%| F|  |TAMS 0x000000076a000000, 0x000000076a000000| Untracked 
|1769|0x000000076b000000, 0x000000076b000000, 0x000000076c000000|  0%| F|  |TAMS 0x000000076b000000, 0x000000076b000000| Untracked 
|1770|0x000000076c000000, 0x000000076c000000, 0x000000076d000000|  0%| F|  |TAMS 0x000000076c000000, 0x000000076c000000| Untracked 
|1771|0x000000076d000000, 0x000000076d000000, 0x000000076e000000|  0%| F|  |TAMS 0x000000076d000000, 0x000000076d000000| Untracked 
|1772|0x000000076e000000, 0x000000076e000000, 0x000000076f000000|  0%| F|  |TAMS 0x000000076e000000, 0x000000076e000000| Untracked 
|1773|0x000000076f000000, 0x000000076f000000, 0x0000000770000000|  0%| F|  |TAMS 0x000000076f000000, 0x000000076f000000| Untracked 
|1774|0x0000000770000000, 0x0000000770000000, 0x0000000771000000|  0%| F|  |TAMS 0x0000000770000000, 0x0000000770000000| Untracked 
|1775|0x0000000771000000, 0x0000000771000000, 0x0000000772000000|  0%| F|  |TAMS 0x0000000771000000, 0x0000000771000000| Untracked 
|1776|0x0000000772000000, 0x0000000772000000, 0x0000000773000000|  0%| F|  |TAMS 0x0000000772000000, 0x0000000772000000| Untracked 
|1777|0x0000000773000000, 0x0000000773000000, 0x0000000774000000|  0%| F|  |TAMS 0x0000000773000000, 0x0000000773000000| Untracked 
|1778|0x0000000774000000, 0x0000000774000000, 0x0000000775000000|  0%| F|  |TAMS 0x0000000774000000, 0x0000000774000000| Untracked 
|1779|0x0000000775000000, 0x0000000775000000, 0x0000000776000000|  0%| F|  |TAMS 0x0000000775000000, 0x0000000775000000| Untracked 
|1780|0x0000000776000000, 0x0000000776000000, 0x0000000777000000|  0%| F|  |TAMS 0x0000000776000000, 0x0000000776000000| Untracked 
|1781|0x0000000777000000, 0x0000000777000000, 0x0000000778000000|  0%| F|  |TAMS 0x0000000777000000, 0x0000000777000000| Untracked 
|1782|0x0000000778000000, 0x0000000778000000, 0x0000000779000000|  0%| F|  |TAMS 0x0000000778000000, 0x0000000778000000| Untracked 
|1783|0x0000000779000000, 0x0000000779000000, 0x000000077a000000|  0%| F|  |TAMS 0x0000000779000000, 0x0000000779000000| Untracked 
|1784|0x000000077a000000, 0x000000077a000000, 0x000000077b000000|  0%| F|  |TAMS 0x000000077a000000, 0x000000077a000000| Untracked 
|1785|0x000000077b000000, 0x000000077b000000, 0x000000077c000000|  0%| F|  |TAMS 0x000000077b000000, 0x000000077b000000| Untracked 
|1786|0x000000077c000000, 0x000000077c000000, 0x000000077d000000|  0%| F|  |TAMS 0x000000077c000000, 0x000000077c000000| Untracked 
|1787|0x000000077d000000, 0x000000077d000000, 0x000000077e000000|  0%| F|  |TAMS 0x000000077d000000, 0x000000077d000000| Untracked 
|1788|0x000000077e000000, 0x000000077f000000, 0x000000077f000000|100%| E|  |TAMS 0x000000077e000000, 0x000000077e000000| Complete 
|1789|0x000000077f000000, 0x0000000780000000, 0x0000000780000000|100%| E|CS|TAMS 0x000000077f000000, 0x000000077f000000| Complete 
|1790|0x0000000780000000, 0x0000000781000000, 0x0000000781000000|100%| E|CS|TAMS 0x0000000780000000, 0x0000000780000000| Complete 
|1791|0x0000000781000000, 0x0000000782000000, 0x0000000782000000|100%| E|CS|TAMS 0x0000000781000000, 0x0000000781000000| Complete 
|1792|0x0000000782000000, 0x0000000783000000, 0x0000000783000000|100%| E|CS|TAMS 0x0000000782000000, 0x0000000782000000| Complete 
|1793|0x0000000783000000, 0x0000000784000000, 0x0000000784000000|100%| E|CS|TAMS 0x0000000783000000, 0x0000000783000000| Complete 
|1794|0x0000000784000000, 0x0000000785000000, 0x0000000785000000|100%| E|CS|TAMS 0x0000000784000000, 0x0000000784000000| Complete 
|1795|0x0000000785000000, 0x0000000786000000, 0x0000000786000000|100%| E|CS|TAMS 0x0000000785000000, 0x0000000785000000| Complete 
|1796|0x0000000786000000, 0x0000000787000000, 0x0000000787000000|100%| E|CS|TAMS 0x0000000786000000, 0x0000000786000000| Complete 
|1797|0x0000000787000000, 0x0000000788000000, 0x0000000788000000|100%| E|CS|TAMS 0x0000000787000000, 0x0000000787000000| Complete 
|1798|0x0000000788000000, 0x0000000789000000, 0x0000000789000000|100%| E|CS|TAMS 0x0000000788000000, 0x0000000788000000| Complete 
|1799|0x0000000789000000, 0x000000078a000000, 0x000000078a000000|100%| E|CS|TAMS 0x0000000789000000, 0x0000000789000000| Complete 
|1800|0x000000078a000000, 0x000000078b000000, 0x000000078b000000|100%| E|CS|TAMS 0x000000078a000000, 0x000000078a000000| Complete 
|1801|0x000000078b000000, 0x000000078c000000, 0x000000078c000000|100%| E|CS|TAMS 0x000000078b000000, 0x000000078b000000| Complete 
|1802|0x000000078c000000, 0x000000078d000000, 0x000000078d000000|100%| E|CS|TAMS 0x000000078c000000, 0x000000078c000000| Complete 
|1803|0x000000078d000000, 0x000000078e000000, 0x000000078e000000|100%| E|CS|TAMS 0x000000078d000000, 0x000000078d000000| Complete 
|1804|0x000000078e000000, 0x000000078f000000, 0x000000078f000000|100%| E|CS|TAMS 0x000000078e000000, 0x000000078e000000| Complete 
|1805|0x000000078f000000, 0x0000000790000000, 0x0000000790000000|100%| E|CS|TAMS 0x000000078f000000, 0x000000078f000000| Complete 
|1806|0x0000000790000000, 0x0000000791000000, 0x0000000791000000|100%| E|CS|TAMS 0x0000000790000000, 0x0000000790000000| Complete 
|1807|0x0000000791000000, 0x0000000792000000, 0x0000000792000000|100%| E|CS|TAMS 0x0000000791000000, 0x0000000791000000| Complete 
|1808|0x0000000792000000, 0x0000000793000000, 0x0000000793000000|100%| E|CS|TAMS 0x0000000792000000, 0x0000000792000000| Complete 
|1809|0x0000000793000000, 0x0000000794000000, 0x0000000794000000|100%| E|CS|TAMS 0x0000000793000000, 0x0000000793000000| Complete 
|1810|0x0000000794000000, 0x0000000795000000, 0x0000000795000000|100%| E|CS|TAMS 0x0000000794000000, 0x0000000794000000| Complete 
|1811|0x0000000795000000, 0x0000000796000000, 0x0000000796000000|100%| E|CS|TAMS 0x0000000795000000, 0x0000000795000000| Complete 
|1812|0x0000000796000000, 0x0000000797000000, 0x0000000797000000|100%| E|CS|TAMS 0x0000000796000000, 0x0000000796000000| Complete 
|1813|0x0000000797000000, 0x0000000798000000, 0x0000000798000000|100%| E|CS|TAMS 0x0000000797000000, 0x0000000797000000| Complete 
|1814|0x0000000798000000, 0x0000000799000000, 0x0000000799000000|100%| E|CS|TAMS 0x0000000798000000, 0x0000000798000000| Complete 
|1815|0x0000000799000000, 0x000000079a000000, 0x000000079a000000|100%| E|CS|TAMS 0x0000000799000000, 0x0000000799000000| Complete 
|1816|0x000000079a000000, 0x000000079b000000, 0x000000079b000000|100%| E|CS|TAMS 0x000000079a000000, 0x000000079a000000| Complete 
|1817|0x000000079b000000, 0x000000079c000000, 0x000000079c000000|100%| E|CS|TAMS 0x000000079b000000, 0x000000079b000000| Complete 
|1818|0x000000079c000000, 0x000000079d000000, 0x000000079d000000|100%| E|CS|TAMS 0x000000079c000000, 0x000000079c000000| Complete 
|1819|0x000000079d000000, 0x000000079e000000, 0x000000079e000000|100%| E|CS|TAMS 0x000000079d000000, 0x000000079d000000| Complete 
|1820|0x000000079e000000, 0x000000079f000000, 0x000000079f000000|100%| E|CS|TAMS 0x000000079e000000, 0x000000079e000000| Complete 
|1821|0x000000079f000000, 0x00000007a0000000, 0x00000007a0000000|100%| E|CS|TAMS 0x000000079f000000, 0x000000079f000000| Complete 
|1822|0x00000007a0000000, 0x00000007a1000000, 0x00000007a1000000|100%| E|CS|TAMS 0x00000007a0000000, 0x00000007a0000000| Complete 
|1823|0x00000007a1000000, 0x00000007a2000000, 0x00000007a2000000|100%| E|CS|TAMS 0x00000007a1000000, 0x00000007a1000000| Complete 
|1824|0x00000007a2000000, 0x00000007a3000000, 0x00000007a3000000|100%| E|CS|TAMS 0x00000007a2000000, 0x00000007a2000000| Complete 
|1825|0x00000007a3000000, 0x00000007a4000000, 0x00000007a4000000|100%| E|CS|TAMS 0x00000007a3000000, 0x00000007a3000000| Complete 
|1826|0x00000007a4000000, 0x00000007a5000000, 0x00000007a5000000|100%| E|CS|TAMS 0x00000007a4000000, 0x00000007a4000000| Complete 
|1827|0x00000007a5000000, 0x00000007a6000000, 0x00000007a6000000|100%| E|CS|TAMS 0x00000007a5000000, 0x00000007a5000000| Complete 
|1828|0x00000007a6000000, 0x00000007a7000000, 0x00000007a7000000|100%| E|CS|TAMS 0x00000007a6000000, 0x00000007a6000000| Complete 
|1829|0x00000007a7000000, 0x00000007a8000000, 0x00000007a8000000|100%| E|CS|TAMS 0x00000007a7000000, 0x00000007a7000000| Complete 
|1830|0x00000007a8000000, 0x00000007a9000000, 0x00000007a9000000|100%| E|CS|TAMS 0x00000007a8000000, 0x00000007a8000000| Complete 
|1831|0x00000007a9000000, 0x00000007aa000000, 0x00000007aa000000|100%| E|CS|TAMS 0x00000007a9000000, 0x00000007a9000000| Complete 
|1832|0x00000007aa000000, 0x00000007ab000000, 0x00000007ab000000|100%| E|CS|TAMS 0x00000007aa000000, 0x00000007aa000000| Complete 
|1833|0x00000007ab000000, 0x00000007ac000000, 0x00000007ac000000|100%| E|CS|TAMS 0x00000007ab000000, 0x00000007ab000000| Complete 
|1834|0x00000007ac000000, 0x00000007ad000000, 0x00000007ad000000|100%| E|CS|TAMS 0x00000007ac000000, 0x00000007ac000000| Complete 
|1835|0x00000007ad000000, 0x00000007ae000000, 0x00000007ae000000|100%| E|CS|TAMS 0x00000007ad000000, 0x00000007ad000000| Complete 
|1836|0x00000007ae000000, 0x00000007af000000, 0x00000007af000000|100%| E|CS|TAMS 0x00000007ae000000, 0x00000007ae000000| Complete 
|1837|0x00000007af000000, 0x00000007b0000000, 0x00000007b0000000|100%| E|CS|TAMS 0x00000007af000000, 0x00000007af000000| Complete 
|1838|0x00000007b0000000, 0x00000007b1000000, 0x00000007b1000000|100%| E|CS|TAMS 0x00000007b0000000, 0x00000007b0000000| Complete 
|1839|0x00000007b1000000, 0x00000007b2000000, 0x00000007b2000000|100%| E|CS|TAMS 0x00000007b1000000, 0x00000007b1000000| Complete 
|1840|0x00000007b2000000, 0x00000007b3000000, 0x00000007b3000000|100%| E|CS|TAMS 0x00000007b2000000, 0x00000007b2000000| Complete 
|1841|0x00000007b3000000, 0x00000007b4000000, 0x00000007b4000000|100%| E|CS|TAMS 0x00000007b3000000, 0x00000007b3000000| Complete 
|1842|0x00000007b4000000, 0x00000007b5000000, 0x00000007b5000000|100%| E|CS|TAMS 0x00000007b4000000, 0x00000007b4000000| Complete 
|1843|0x00000007b5000000, 0x00000007b6000000, 0x00000007b6000000|100%| E|CS|TAMS 0x00000007b5000000, 0x00000007b5000000| Complete 
|1844|0x00000007b6000000, 0x00000007b7000000, 0x00000007b7000000|100%| E|CS|TAMS 0x00000007b6000000, 0x00000007b6000000| Complete 
|1845|0x00000007b7000000, 0x00000007b8000000, 0x00000007b8000000|100%| E|CS|TAMS 0x00000007b7000000, 0x00000007b7000000| Complete 
|1846|0x00000007b8000000, 0x00000007b9000000, 0x00000007b9000000|100%| E|CS|TAMS 0x00000007b8000000, 0x00000007b8000000| Complete 
|1847|0x00000007b9000000, 0x00000007ba000000, 0x00000007ba000000|100%| E|CS|TAMS 0x00000007b9000000, 0x00000007b9000000| Complete 
|1848|0x00000007ba000000, 0x00000007bb000000, 0x00000007bb000000|100%| E|CS|TAMS 0x00000007ba000000, 0x00000007ba000000| Complete 
|1849|0x00000007bb000000, 0x00000007bc000000, 0x00000007bc000000|100%| E|CS|TAMS 0x00000007bb000000, 0x00000007bb000000| Complete 
|1850|0x00000007bc000000, 0x00000007bd000000, 0x00000007bd000000|100%| E|CS|TAMS 0x00000007bc000000, 0x00000007bc000000| Complete 
|1851|0x00000007bd000000, 0x00000007be000000, 0x00000007be000000|100%| E|CS|TAMS 0x00000007bd000000, 0x00000007bd000000| Complete 
|1852|0x00000007be000000, 0x00000007bf000000, 0x00000007bf000000|100%| E|CS|TAMS 0x00000007be000000, 0x00000007be000000| Complete 
|1853|0x00000007bf000000, 0x00000007c0000000, 0x00000007c0000000|100%| E|CS|TAMS 0x00000007bf000000, 0x00000007bf000000| Complete 
|1854|0x00000007c0000000, 0x00000007c1000000, 0x00000007c1000000|100%| E|CS|TAMS 0x00000007c0000000, 0x00000007c0000000| Complete 
|1855|0x00000007c1000000, 0x00000007c2000000, 0x00000007c2000000|100%| E|CS|TAMS 0x00000007c1000000, 0x00000007c1000000| Complete 
|1856|0x00000007c2000000, 0x00000007c3000000, 0x00000007c3000000|100%| E|CS|TAMS 0x00000007c2000000, 0x00000007c2000000| Complete 
|1916|0x00000007fe000000, 0x00000007fef75000, 0x00000007ff000000| 96%|OA|  |TAMS 0x00000007fef75000, 0x00000007fe000000| Untracked 
|1917|0x00000007ff000000, 0x00000007ff078000, 0x0000000800000000|  2%|CA|  |TAMS 0x00000007ff078000, 0x00000007ff000000| Untracked 

Card table byte_map: [0x00007f7ca1c1e000,0x00007f7ca580e000] _byte_map_base: 0x00007f7ca180e000

Marking Bits (Prev, Next): (CMBitMap*) 0x00007f7cc0068b50, (CMBitMap*) 0x00007f7cc0068b90
 Prev Bits: [0x00007f7c800ae000, 0x00007f7c9e02e000)
 Next Bits: [0x00007f7c6212e000, 0x00007f7c800ae000)

Polling page: 0x00007f7cca043000

Metaspace:

Usage:
  Non-class:      7.77 MB used.
      Class:    952.59 KB used.
       Both:      8.70 MB used.

Virtual space:
  Non-class space:       64.00 MB reserved,       7.88 MB ( 12%) committed,  1 nodes.
      Class space:        1.00 GB reserved,       1.06 MB ( <1%) committed,  1 nodes.
             Both:        1.06 GB reserved,       8.94 MB ( <1%) committed. 

Chunk freelists:
   Non-Class:  7.71 MB
       Class:  14.94 MB
        Both:  22.65 MB

MaxMetaspaceSize: unlimited
CompressedClassSpaceSize: 1.00 GB
Initial GC threshold: 21.00 MB
Current GC threshold: 21.00 MB
CDS: on
MetaspaceReclaimPolicy: balanced
 - commit_granule_bytes: 65536.
 - commit_granule_words: 8192.
 - virtual_space_node_default_size: 8388608.
 - enlarge_chunks_in_place: 1.
 - new_chunks_are_fully_committed: 0.
 - uncommit_free_chunks: 1.
 - use_allocation_guard: 0.
 - handle_deallocations: 1.


Internal statistics:

num_allocs_failed_limit: 0.
num_arena_births: 294.
num_arena_deaths: 0.
num_vsnodes_births: 2.
num_vsnodes_deaths: 0.
num_space_committed: 143.
num_space_uncommitted: 0.
num_chunks_returned_to_freelist: 0.
num_chunks_taken_from_freelist: 638.
num_chunk_merges: 0.
num_chunk_splits: 334.
num_chunks_enlarged: 124.
num_inconsistent_stats: 0.

CodeHeap 'non-profiled nmethods': size=119168Kb used=2165Kb max_used=2870Kb free=117002Kb
 bounds [0x00007f7cb0f9e000, 0x00007f7cb126e000, 0x00007f7cb83fe000]
CodeHeap 'profiled nmethods': size=119164Kb used=4559Kb max_used=6698Kb free=114604Kb
 bounds [0x00007f7ca93fe000, 0x00007f7ca9a8e000, 0x00007f7cb085d000]
CodeHeap 'non-nmethods': size=7428Kb used=1182Kb max_used=3042Kb free=6246Kb
 bounds [0x00007f7cb085d000, 0x00007f7cb0b5d000, 0x00007f7cb0f9e000]
 total_blobs=3006 nmethods=2532 adapters=387
 compilation: enabled
              stopped_count=0, restarted_count=0
 full_count=0

Compilation events (20 events):
Event: 34.195 Thread 0x00007f7cc021def0 3106       3       java.lang.Long::getChars (208 bytes)
Event: 34.195 Thread 0x00007f7cc021def0 nmethod 3106 0x00007f7ca94b7790 code [0x00007f7ca94b7980, 0x00007f7ca94b7f30]
Event: 34.195 Thread 0x00007f7cc021def0 3107       3       java.lang.StringBuilder::append (8 bytes)
Event: 34.195 Thread 0x00007f7cc021def0 nmethod 3107 0x00007f7ca940f290 code [0x00007f7ca940f440, 0x00007f7ca940f580]
Event: 34.195 Thread 0x00007f7cc021def0 3108       3       java.lang.AbstractStringBuilder::append (60 bytes)
Event: 34.195 Thread 0x00007f7cc021def0 nmethod 3108 0x00007f7ca9689390 code [0x00007f7ca9689580, 0x00007f7ca96898b0]
Event: 34.195 Thread 0x00007f7cc021c9c0 3109       4       java.lang.Long::stringSize (55 bytes)
Event: 34.197 Thread 0x00007f7cc021c9c0 nmethod 3109 0x00007f7cb0fe0c90 code [0x00007f7cb0fe0e20, 0x00007f7cb0fe0ff8]
Event: 34.197 Thread 0x00007f7cc021c9c0 3112       4       java.lang.Long::getChars (208 bytes)
Event: 34.199 Thread 0x00007f7cc021c9c0 nmethod 3112 0x00007f7cb11daf10 code [0x00007f7cb11db0a0, 0x00007f7cb11db398]
Event: 34.199 Thread 0x00007f7cc021c9c0 3110       4       java.lang.StringBuilder::append (8 bytes)
Event: 34.205 Thread 0x00007f7cc021def0 3113 % !   3       org.apache.commons.beanutils.memoryleaktests.MemoryLeakTestCase::forceGarbageCollection @ 43 (249 bytes)
Event: 34.205 Thread 0x00007f7cc021c9c0 nmethod 3110 0x00007f7cb1023e10 code [0x00007f7cb1023fc0, 0x00007f7cb1024ad8]
Event: 34.205 Thread 0x00007f7cc021c9c0 3111       4       java.lang.AbstractStringBuilder::append (60 bytes)
Event: 34.206 Thread 0x00007f7cc021def0 nmethod 3113% 0x00007f7ca94d0310 code [0x00007f7ca94d08c0, 0x00007f7ca94d3010]
Event: 34.206 Thread 0x00007f7cc021def0 3114   !   3       org.apache.commons.beanutils.memoryleaktests.MemoryLeakTestCase::forceGarbageCollection (249 bytes)
Event: 34.207 Thread 0x00007f7cc021def0 nmethod 3114 0x00007f7ca9401390 code [0x00007f7ca9401940, 0x00007f7ca9403f30]
Event: 34.211 Thread 0x00007f7cc021c9c0 nmethod 3111 0x00007f7cb0fb7490 code [0x00007f7cb0fb7640, 0x00007f7cb0fb80f8]
Event: 34.211 Thread 0x00007f7cc021c9c0 3115 % !   4       org.apache.commons.beanutils.memoryleaktests.MemoryLeakTestCase::forceGarbageCollection @ 43 (249 bytes)
Event: 34.229 Thread 0x00007f7cc021c9c0 nmethod 3115% 0x00007f7cb1264310 code [0x00007f7cb1264680, 0x00007f7cb1266650]

GC Heap History (20 events):
Event: 49.567 GC heap before
{Heap before GC invocations=38 (full 0):
 garbage-first heap   total 28704768K, used 15430888K [0x0000000082000000, 0x0000000800000000)
  region size 16384K, 164 young (2686976K), 19 survivors (311296K)
 Metaspace       used 8910K, committed 9152K, reserved 1114112K
  class space    used 952K, committed 1088K, reserved 1048576K
}
Event: 49.777 GC heap after
{Heap after GC invocations=39 (full 0):
 garbage-first heap   total 28704768K, used 13746100K [0x0000000082000000, 0x0000000800000000)
  region size 16384K, 21 young (344064K), 21 survivors (344064K)
 Metaspace       used 8910K, committed 9152K, reserved 1114112K
  class space    used 952K, committed 1088K, reserved 1048576K
}
Event: 50.168 GC heap before
{Heap before GC invocations=39 (full 0):
 garbage-first heap   total 28704768K, used 16105396K [0x0000000082000000, 0x0000000800000000)
  region size 16384K, 166 young (2719744K), 21 survivors (344064K)
 Metaspace       used 8910K, committed 9152K, reserved 1114112K
  class space    used 952K, committed 1088K, reserved 1048576K
}
Event: 50.510 GC heap after
{Heap after GC invocations=40 (full 0):
 garbage-first heap   total 29802496K, used 14434228K [0x0000000082000000, 0x0000000800000000)
  region size 16384K, 22 young (360448K), 22 survivors (360448K)
 Metaspace       used 8910K, committed 9152K, reserved 1114112K
  class space    used 952K, committed 1088K, reserved 1048576K
}
Event: 53.509 GC heap before
{Heap before GC invocations=40 (full 0):
 garbage-first heap   total 29802496K, used 16416692K [0x0000000082000000, 0x0000000800000000)
  region size 16384K, 153 young (2506752K), 22 survivors (360448K)
 Metaspace       used 8910K, committed 9152K, reserved 1114112K
  class space    used 952K, committed 1088K, reserved 1048576K
}
Event: 53.950 GC heap after
{Heap after GC invocations=41 (full 0):
 garbage-first heap   total 29802496K, used 14923176K [0x0000000082000000, 0x0000000800000000)
  region size 16384K, 20 young (327680K), 20 survivors (327680K)
 Metaspace       used 8910K, committed 9152K, reserved 1114112K
  class space    used 952K, committed 1088K, reserved 1048576K
}
Event: 54.850 GC heap before
{Heap before GC invocations=41 (full 0):
 garbage-first heap   total 29802496K, used 17069480K [0x0000000082000000, 0x0000000800000000)
  region size 16384K, 151 young (2473984K), 20 survivors (327680K)
 Metaspace       used 8910K, committed 9152K, reserved 1114112K
  class space    used 952K, committed 1088K, reserved 1048576K
}
Event: 55.221 GC heap after
{Heap after GC invocations=42 (full 0):
 garbage-first heap   total 29802496K, used 15564724K [0x0000000082000000, 0x0000000800000000)
  region size 16384K, 19 young (311296K), 19 survivors (311296K)
 Metaspace       used 8910K, committed 9152K, reserved 1114112K
  class space    used 952K, committed 1088K, reserved 1048576K
}
Event: 55.868 GC heap before
{Heap before GC invocations=43 (full 0):
 garbage-first heap   total 29802496K, used 17776564K [0x0000000082000000, 0x0000000800000000)
  region size 16384K, 154 young (2523136K), 19 survivors (311296K)
 Metaspace       used 8910K, committed 9152K, reserved 1114112K
  class space    used 952K, committed 1088K, reserved 1048576K
}
Event: 56.301 GC heap after
{Heap after GC invocations=44 (full 0):
 garbage-first heap   total 29802496K, used 16217215K [0x0000000082000000, 0x0000000800000000)
  region size 16384K, 20 young (327680K), 20 survivors (327680K)
 Metaspace       used 8910K, committed 9152K, reserved 1114112K
  class space    used 952K, committed 1088K, reserved 1048576K
}
Event: 56.560 GC heap before
{Heap before GC invocations=44 (full 0):
 garbage-first heap   total 29802496K, used 17364095K [0x0000000082000000, 0x0000000800000000)
  region size 16384K, 90 young (1474560K), 20 survivors (327680K)
 Metaspace       used 8910K, committed 9152K, reserved 1114112K
  class space    used 952K, committed 1088K, reserved 1048576K
}
Event: 56.971 GC heap after
{Heap after GC invocations=45 (full 0):
 garbage-first heap   total 29802496K, used 16380739K [0x0000000082000000, 0x0000000800000000)
  region size 16384K, 12 young (196608K), 12 survivors (196608K)
 Metaspace       used 8910K, committed 9152K, reserved 1114112K
  class space    used 952K, committed 1088K, reserved 1048576K
}
Event: 57.294 GC heap before
{Heap before GC invocations=45 (full 0):
 garbage-first heap   total 29802496K, used 18330435K [0x0000000082000000, 0x0000000800000000)
  region size 16384K, 131 young (2146304K), 12 survivors (196608K)
 Metaspace       used 8910K, committed 9152K, reserved 1114112K
  class space    used 952K, committed 1088K, reserved 1048576K
}
Event: 57.500 GC heap after
{Heap after GC invocations=46 (full 0):
 garbage-first heap   total 29802496K, used 16957364K [0x0000000082000000, 0x0000000800000000)
  region size 16384K, 17 young (278528K), 17 survivors (278528K)
 Metaspace       used 8910K, committed 9152K, reserved 1114112K
  class space    used 952K, committed 1088K, reserved 1048576K
}
Event: 57.915 GC heap before
{Heap before GC invocations=46 (full 0):
 garbage-first heap   total 29802496K, used 18497460K [0x0000000082000000, 0x0000000800000000)
  region size 16384K, 111 young (1818624K), 17 survivors (278528K)
 Metaspace       used 8910K, committed 9152K, reserved 1114112K
  class space    used 952K, committed 1088K, reserved 1048576K
}
Event: 58.101 GC heap after
{Heap after GC invocations=47 (full 0):
 garbage-first heap   total 30457856K, used 17415364K [0x0000000082000000, 0x0000000800000000)
  region size 16384K, 14 young (229376K), 14 survivors (229376K)
 Metaspace       used 8910K, committed 9152K, reserved 1114112K
  class space    used 952K, committed 1088K, reserved 1048576K
}
Event: 58.860 GC heap before
{Heap before GC invocations=47 (full 0):
 garbage-first heap   total 30457856K, used 18922692K [0x0000000082000000, 0x0000000800000000)
  region size 16384K, 106 young (1736704K), 14 survivors (229376K)
 Metaspace       used 8910K, committed 9152K, reserved 1114112K
  class space    used 952K, committed 1088K, reserved 1048576K
}
Event: 59.099 GC heap after
{Heap after GC invocations=48 (full 0):
 garbage-first heap   total 30457856K, used 17868987K [0x0000000082000000, 0x0000000800000000)
  region size 16384K, 14 young (229376K), 14 survivors (229376K)
 Metaspace       used 8910K, committed 9152K, reserved 1114112K
  class space    used 952K, committed 1088K, reserved 1048576K
}
Event: 59.485 GC heap before
{Heap before GC invocations=48 (full 0):
 garbage-first heap   total 30457856K, used 19851451K [0x0000000082000000, 0x0000000800000000)
  region size 16384K, 135 young (2211840K), 14 survivors (229376K)
 Metaspace       used 8910K, committed 9152K, reserved 1114112K
  class space    used 952K, committed 1088K, reserved 1048576K
}
Event: 59.781 GC heap after
{Heap after GC invocations=49 (full 0):
 garbage-first heap   total 30457856K, used 18462548K [0x0000000082000000, 0x0000000800000000)
  region size 16384K, 17 young (278528K), 17 survivors (278528K)
 Metaspace       used 8910K, committed 9152K, reserved 1114112K
  class space    used 952K, committed 1088K, reserved 1048576K
}

Dll operation events (12 events):
Event: 0.005 Loaded shared library /sfs/gpfs/tardis/applications/202512/software/standard/core/java/17/lib/libjava.so
Event: 0.005 Loaded shared library /sfs/gpfs/tardis/applications/202512/software/standard/core/java/17/lib/libzip.so
Event: 0.083 Loaded shared library /sfs/gpfs/tardis/applications/202512/software/standard/core/java/17/lib/libjsvml.so
Event: 0.121 Loaded shared library /sfs/gpfs/tardis/applications/202512/software/standard/core/java/17/lib/libinstrument.so
Event: 0.143 Loaded shared library /sfs/gpfs/tardis/applications/202512/software/standard/core/java/17/lib/libnio.so
Event: 0.146 Loaded shared library /sfs/gpfs/tardis/applications/202512/software/standard/core/java/17/lib/libzip.so
Event: 0.168 Loaded shared library /sfs/gpfs/tardis/applications/202512/software/standard/core/java/17/lib/libjimage.so
Event: 0.445 Loaded shared library /sfs/gpfs/tardis/applications/202512/software/standard/core/java/17/lib/libverify.so
Event: 0.473 Loaded shared library /sfs/gpfs/tardis/applications/202512/software/standard/core/java/17/lib/libnet.so
Event: 0.516 Loaded shared library /sfs/gpfs/tardis/applications/202512/software/standard/core/java/17/lib/libextnet.so
Event: 0.742 Loaded shared library /sfs/gpfs/tardis/applications/202512/software/standard/core/java/17/lib/libmanagement.so
Event: 0.744 Loaded shared library /sfs/gpfs/tardis/applications/202512/software/standard/core/java/17/lib/libmanagement_ext.so

Deoptimization events (20 events):
Event: 33.357 Thread 0x00007f7cc0460ab0 Uncommon trap: trap_request=0xffffff45 fr.pc=0x00007f7cb126b7f8 relative=0x00000000000000d8
Event: 33.357 Thread 0x00007f7cc0460ab0 Uncommon trap: reason=unstable_if action=reinterpret pc=0x00007f7cb126b7f8 method=org.apache.commons.beanutils.BeanUtilsBenchCase.testCopyPropertiesBean()V @ 131 c2
Event: 33.357 Thread 0x00007f7cc0460ab0 DEOPT PACKING pc=0x00007f7cb126b7f8 sp=0x00007f7c067f5ce0
Event: 33.357 Thread 0x00007f7cc0460ab0 DEOPT UNPACKING pc=0x00007f7cb08b6b19 sp=0x00007f7c067f5c70 mode 2
Event: 33.742 Thread 0x00007f7cc0460ab0 DEOPT PACKING pc=0x00007f7ca972ae44 sp=0x00007f7c067f5c00
Event: 33.742 Thread 0x00007f7cc0460ab0 DEOPT UNPACKING pc=0x00007f7cb08b764f sp=0x00007f7c067f5168 mode 0
Event: 33.913 Thread 0x00007f7cc0460ab0 Uncommon trap: trap_request=0xffffff45 fr.pc=0x00007f7cb0fd1688 relative=0x00000000000000e8
Event: 33.913 Thread 0x00007f7cc0460ab0 Uncommon trap: reason=unstable_if action=reinterpret pc=0x00007f7cb0fd1688 method=org.apache.commons.beanutils.BeanUtilsBenchCase.testCopyPropertiesBean()V @ 172 c2
Event: 33.913 Thread 0x00007f7cc0460ab0 DEOPT PACKING pc=0x00007f7cb0fd1688 sp=0x00007f7c067f5cd0
Event: 33.913 Thread 0x00007f7cc0460ab0 DEOPT UNPACKING pc=0x00007f7cb08b6b19 sp=0x00007f7c067f5c70 mode 2
Event: 34.141 Thread 0x00007f7cc0460ab0 Uncommon trap: trap_request=0xffffff45 fr.pc=0x00007f7cb1186584 relative=0x0000000000000244
Event: 34.141 Thread 0x00007f7cc0460ab0 Uncommon trap: reason=unstable_if action=reinterpret pc=0x00007f7cb1186584 method=org.apache.commons.beanutils.WeakFastHashMap.get(Ljava/lang/Object;)Ljava/lang/Object; @ 4 c2
Event: 34.141 Thread 0x00007f7cc0460ab0 DEOPT PACKING pc=0x00007f7cb1186584 sp=0x00007f7c068f64e0
Event: 34.141 Thread 0x00007f7cc0460ab0 DEOPT UNPACKING pc=0x00007f7cb08b6b19 sp=0x00007f7c068f64a0 mode 2
Event: 34.193 Thread 0x00007f7cc0460ab0 Uncommon trap: trap_request=0xffffff54 fr.pc=0x00007f7cb11049bc relative=0x00000000000002fc
Event: 34.193 Thread 0x00007f7cc0460ab0 Uncommon trap: reason=speculate_null_assert action=make_not_entrant pc=0x00007f7cb11049bc method=jdk.internal.loader.URLClassPath.getLoader(I)Ljdk/internal/loader/URLClassPath$Loader; @ 41 c2
Event: 34.193 Thread 0x00007f7cc0460ab0 DEOPT PACKING pc=0x00007f7cb11049bc sp=0x00007f7c068f6510
Event: 34.193 Thread 0x00007f7cc0460ab0 DEOPT UNPACKING pc=0x00007f7cb08b6b19 sp=0x00007f7c068f64b0 mode 2
Event: 34.230 Thread 0x00007f7cc0460ab0 DEOPT PACKING pc=0x00007f7ca94d2941 sp=0x00007f7c068f6850
Event: 34.230 Thread 0x00007f7cc0460ab0 DEOPT UNPACKING pc=0x00007f7cb08b764f sp=0x00007f7c068f5e10 mode 0

Classes loaded (20 events):
Event: 34.193 Loading class org/apache/commons/beanutils/memoryleaktests/pojotests/SomePojoBeanInfo
Event: 34.193 Loading class org/apache/commons/beanutils/memoryleaktests/pojotests/SomePojoBeanInfo done
Event: 34.193 Loading class org/apache/commons/beanutils/memoryleaktests/pojotests/SomePojoBeanInfo
Event: 34.193 Loading class org/apache/commons/beanutils/memoryleaktests/pojotests/SomePojoBeanInfo done
Event: 34.194 Loading class org/apache/commons/beanutils/memoryleaktests/pojotests/SomePojoBeanInfo
Event: 34.194 Loading class org/apache/commons/beanutils/memoryleaktests/pojotests/SomePojoBeanInfo done
Event: 34.194 Loading class java/lang/ObjectBeanInfo
Event: 34.194 Loading class java/lang/ObjectBeanInfo done
Event: 34.194 Loading class java/lang/ObjectBeanInfo
Event: 34.194 Loading class java/lang/ObjectBeanInfo done
Event: 34.194 Loading class java/lang/ObjectCustomizer
Event: 34.194 Loading class java/lang/ObjectCustomizer done
Event: 34.194 Loading class java/lang/ObjectCustomizer
Event: 34.194 Loading class java/lang/ObjectCustomizer done
Event: 34.194 Loading class org/apache/commons/beanutils/memoryleaktests/pojotests/SomePojoCustomizer
Event: 34.194 Loading class org/apache/commons/beanutils/memoryleaktests/pojotests/SomePojoCustomizer done
Event: 34.194 Loading class org/apache/commons/beanutils/memoryleaktests/pojotests/SomePojoCustomizer
Event: 34.194 Loading class org/apache/commons/beanutils/memoryleaktests/pojotests/SomePojoCustomizer done
Event: 34.194 Loading class org/apache/commons/beanutils/memoryleaktests/pojotests/SomePojoCustomizer
Event: 34.194 Loading class org/apache/commons/beanutils/memoryleaktests/pojotests/SomePojoCustomizer done

Classes unloaded (0 events):
No events

Classes redefined (1 events):
Event: 3.898 Thread 0x00007f7cc020ec30 redefined class name=org.apache.commons.beanutils.expression.DefaultResolver, count=1

Internal exceptions (20 events):
Event: 13.915 Thread 0x00007f7cc049b4f0 Exception <a 'java/lang/ClassNotFoundException'{0x00000000fbc00448}: org/apache/commons/beanutils/bugs/other/Jira492IndexedListsSupport$IndexedBeanBeanInfo> (0x00000000fbc00448) 
thrown [src/hotspot/share/classfile/systemDictionary.cpp, line 256]
Event: 13.957 Thread 0x00007f7cc049b4f0 Exception <a 'java/lang/ClassNotFoundException'{0x00000000fbc04078}: org/apache/commons/beanutils/bugs/other/Jira492IndexedListsSupport$IndexedBeanCustomizer> (0x00000000fbc04078) 
thrown [src/hotspot/share/classfile/systemDictionary.cpp, line 256]
Event: 14.364 Thread 0x00007f7cc049b4f0 Exception <a 'java/lang/ClassNotFoundException'{0x00000000f84ae208}: org/apache/commons/beanutils/bugs/Jira359TestCase$SimplePojoDataBeanInfo> (0x00000000f84ae208) 
thrown [src/hotspot/share/classfile/systemDictionary.cpp, line 256]
Event: 14.387 Thread 0x00007f7cc049b4f0 Exception <a 'java/lang/ClassNotFoundException'{0x00000000f84b1750}: org/apache/commons/beanutils/bugs/Jira359TestCase$SimplePojoDataCustomizer> (0x00000000f84b1750) 
thrown [src/hotspot/share/classfile/systemDictionary.cpp, line 256]
Event: 14.570 Thread 0x00007f7cc04c49f0 Exception <a 'java/lang/ClassNotFoundException'{0x00000000f7642250}: org/apache/commons/beanutils/PrimitiveBeanBeanInfo> (0x00000000f7642250) 
thrown [src/hotspot/share/classfile/systemDictionary.cpp, line 256]
Event: 14.574 Thread 0x00007f7cc04c49f0 Exception <a 'java/lang/ClassNotFoundException'{0x00000000f7645608}: org/apache/commons/beanutils/PrimitiveBeanCustomizer> (0x00000000f7645608) 
thrown [src/hotspot/share/classfile/systemDictionary.cpp, line 256]
Event: 14.730 Thread 0x00007f7bd415bdd0 Exception <a 'java/lang/NoClassDefFoundError'{0x00000000f7780160}: org/apache/log4j/Priority> (0x00000000f7780160) 
thrown [src/hotspot/share/classfile/systemDictionary.cpp, line 245]
Event: 15.469 Thread 0x00007f7cc049b4f0 Exception <a 'java/lang/ClassNotFoundException'{0x00000000f905b840}: org/apache/commons/beanutils/MappedPropertyTestBeanBeanInfo> (0x00000000f905b840) 
thrown [src/hotspot/share/classfile/systemDictionary.cpp, line 256]
Event: 15.474 Thread 0x00007f7cc049b4f0 Exception <a 'java/lang/ClassNotFoundException'{0x00000000f905ec70}: org/apache/commons/beanutils/MappedPropertyTestBeanCustomizer> (0x00000000f905ec70) 
thrown [src/hotspot/share/classfile/systemDictionary.cpp, line 256]
Event: 15.518 Thread 0x00007f7cc049b4f0 Exception <a 'java/lang/ClassNotFoundException'{0x00000000eeb7d798}: org/apache/commons/beanutils/BenchBeanBeanInfo> (0x00000000eeb7d798) 
thrown [src/hotspot/share/classfile/systemDictionary.cpp, line 256]
Event: 15.518 Thread 0x00007f7cc049b4f0 Exception <a 'java/lang/ClassNotFoundException'{0x00000000eeb80b00}: org/apache/commons/beanutils/BenchBeanCustomizer> (0x00000000eeb80b00) 
thrown [src/hotspot/share/classfile/systemDictionary.cpp, line 256]
Event: 16.132 Thread 0x00007f7cc049b4f0 Implicit null exception at 0x00007f7cb11db0f7 to 0x00007f7cb11db324
Event: 16.154 Thread 0x00007f7cc049b4f0 Implicit null exception at 0x00007f7cb11de777 to 0x00007f7cb11defa0
Event: 16.189 Thread 0x00007f7cc049b4f0 Implicit null exception at 0x00007f7cb11e1955 to 0x00007f7cb11e3e4c
Event: 16.279 Thread 0x00007f7cc049b4f0 Implicit null exception at 0x00007f7cb1197e77 to 0x00007f7cb1197fb4
Event: 18.861 Thread 0x00007f7cc049b4f0 Implicit null exception at 0x00007f7cb1213ca3 to 0x00007f7cb1216050
Event: 34.194 Thread 0x00007f7cc0460ab0 Exception <a 'java/lang/ClassNotFoundException'{0x000000012915e6d0}: org/apache/commons/beanutils/memoryleaktests/pojotests/SomePojoBeanInfo> (0x000000012915e6d0) 
thrown [src/hotspot/share/classfile/systemDictionary.cpp, line 256]
Event: 34.194 Thread 0x00007f7cc0460ab0 Exception <a 'java/lang/ClassNotFoundException'{0x000000012915f3b0}: java/lang/ObjectBeanInfo> (0x000000012915f3b0) 
thrown [src/hotspot/share/classfile/systemDictionary.cpp, line 256]
Event: 34.194 Thread 0x00007f7cc0460ab0 Exception <a 'java/lang/ClassNotFoundException'{0x0000000129160080}: java/lang/ObjectCustomizer> (0x0000000129160080) 
thrown [src/hotspot/share/classfile/systemDictionary.cpp, line 256]
Event: 34.194 Thread 0x00007f7cc0460ab0 Exception <a 'java/lang/ClassNotFoundException'{0x00000001291671e0}: org/apache/commons/beanutils/memoryleaktests/pojotests/SomePojoCustomizer> (0x00000001291671e0) 
thrown [src/hotspot/share/classfile/systemDictionary.cpp, line 256]

VM Operations (20 events):
Event: 52.496 Executing VM operation: G1PauseRemark done
Event: 53.449 Executing VM operation: G1CollectForAllocation
Event: 53.950 Executing VM operation: G1CollectForAllocation done
Event: 54.807 Executing VM operation: G1CollectForAllocation
Event: 55.221 Executing VM operation: G1CollectForAllocation done
Event: 55.329 Executing VM operation: G1PauseCleanup
Event: 55.365 Executing VM operation: G1PauseCleanup done
Event: 55.868 Executing VM operation: G1CollectForAllocation
Event: 56.301 Executing VM operation: G1CollectForAllocation done
Event: 56.560 Executing VM operation: G1CollectForAllocation
Event: 56.971 Executing VM operation: G1CollectForAllocation done
Event: 57.294 Executing VM operation: G1CollectForAllocation
Event: 57.500 Executing VM operation: G1CollectForAllocation done
Event: 57.897 Executing VM operation: G1CollectForAllocation
Event: 58.101 Executing VM operation: G1CollectForAllocation done
Event: 58.836 Executing VM operation: G1CollectForAllocation
Event: 59.099 Executing VM operation: G1CollectForAllocation done
Event: 59.485 Executing VM operation: G1CollectForAllocation
Event: 59.781 Executing VM operation: G1CollectForAllocation done
Event: 60.043 Executing VM operation: G1PauseRemark

Memory protections (20 events):
Event: 21.965 Protecting memory [0x00007f7c06bfd000,0x00007f7c06c01000] with protection modes 0
Event: 21.987 Protecting memory [0x00007f7c06cfe000,0x00007f7c06d02000] with protection modes 0
Event: 21.991 Protecting memory [0x00007f7c063f5000,0x00007f7c063f9000] with protection modes 0
Event: 21.997 Protecting memory [0x00007f7c066f8000,0x00007f7c066fc000] with protection modes 0
Event: 22.027 Protecting memory [0x00007f7c064f6000,0x00007f7c064fa000] with protection modes 0
Event: 24.229 Protecting memory [0x00007f7c06bfd000,0x00007f7c06c01000] with protection modes 0
Event: 25.087 Protecting memory [0x00007f7c067f9000,0x00007f7c067fd000] with protection modes 0
Event: 25.114 Protecting memory [0x00007f7c06bfd000,0x00007f7c06c01000] with protection modes 0
Event: 25.124 Protecting memory [0x00007f7c06cfe000,0x00007f7c06d02000] with protection modes 0
Event: 25.130 Protecting memory [0x00007f7c063f5000,0x00007f7c063f9000] with protection modes 0
Event: 25.141 Protecting memory [0x00007f7c066f8000,0x00007f7c066fc000] with protection modes 0
Event: 25.158 Protecting memory [0x00007f7c064f6000,0x00007f7c064fa000] with protection modes 0
Event: 25.169 Protecting memory [0x00007f7c062f4000,0x00007f7c062f8000] with protection modes 0
Event: 25.218 Protecting memory [0x00007f7c065f7000,0x00007f7c065fb000] with protection modes 0
Event: 25.228 Protecting memory [0x00007f7c04ee0000,0x00007f7c04ee4000] with protection modes 0
Event: 25.247 Protecting memory [0x00007f7c061f3000,0x00007f7c061f7000] with protection modes 0
Event: 25.256 Protecting memory [0x00007f7c069fb000,0x00007f7c069ff000] with protection modes 0
Event: 27.173 Protecting memory [0x00007f7c067f9000,0x00007f7c067fd000] with protection modes 0
Event: 29.286 Protecting memory [0x00007f7c066f8000,0x00007f7c066fc000] with protection modes 0
Event: 34.089 Protecting memory [0x00007f7c067f9000,0x00007f7c067fd000] with protection modes 0

Nmethod flushes (20 events):
Event: 33.727 Thread 0x00007f7cc021f360 flushing osr nmethod 0x00007f7ca9a57210
Event: 33.727 Thread 0x00007f7cc021f360 flushing osr nmethod 0x00007f7ca9a5d110
Event: 33.727 Thread 0x00007f7cc021f360 flushing osr nmethod 0x00007f7ca9a5f110
Event: 33.727 Thread 0x00007f7cc021f360 flushing  nmethod 0x00007f7ca9a61110
Event: 33.727 Thread 0x00007f7cc021f360 flushing  nmethod 0x00007f7ca9a61790
Event: 33.727 Thread 0x00007f7cc021f360 flushing  nmethod 0x00007f7ca9a62390
Event: 33.727 Thread 0x00007f7cc021f360 flushing  nmethod 0x00007f7ca9a62f90
Event: 33.727 Thread 0x00007f7cc021f360 flushing  nmethod 0x00007f7ca9a63a10
Event: 33.727 Thread 0x00007f7cc021f360 flushing  nmethod 0x00007f7ca9a64390
Event: 33.727 Thread 0x00007f7cc021f360 flushing  nmethod 0x00007f7ca9a64d90
Event: 33.727 Thread 0x00007f7cc021f360 flushing  nmethod 0x00007f7ca9a65790
Event: 33.727 Thread 0x00007f7cc021f360 flushing  nmethod 0x00007f7ca9a66110
Event: 33.727 Thread 0x00007f7cc021f360 flushing  nmethod 0x00007f7ca9a66a90
Event: 33.727 Thread 0x00007f7cc021f360 flushing  nmethod 0x00007f7ca9a67490
Event: 33.727 Thread 0x00007f7cc021f360 flushing  nmethod 0x00007f7ca9a6bd10
Event: 33.727 Thread 0x00007f7cc021f360 flushing osr nmethod 0x00007f7ca9a72610
Event: 33.727 Thread 0x00007f7cc021f360 flushing osr nmethod 0x00007f7ca9a74610
Event: 33.727 Thread 0x00007f7cc021f360 flushing  nmethod 0x00007f7ca9a76610
Event: 33.727 Thread 0x00007f7cc021f360 flushing osr nmethod 0x00007f7ca9a7ea10
Event: 33.727 Thread 0x00007f7cc021f360 flushing osr nmethod 0x00007f7ca9a80a10

Events (20 events):
Event: 25.216 Thread 0x00007f7be02733b0 Thread added: 0x00007f7bc07e28e0
Event: 25.227 Thread 0x00007f7be02733b0 Thread added: 0x00007f7bc00ed5e0
Event: 25.239 Thread 0x00007f7be02733b0 Thread added: 0x00007f7bc00ede10
Event: 25.247 Thread 0x00007f7be02733b0 Thread added: 0x00007f7bc00d1170
Event: 25.576 Thread 0x00007f7bc00d1170 Thread exited: 0x00007f7bc00d1170
Event: 25.581 Thread 0x00007f7bc00ede10 Thread exited: 0x00007f7bc00ede10
Event: 25.992 Thread 0x00007f7bc00ed5e0 Thread exited: 0x00007f7bc00ed5e0
Event: 25.992 Thread 0x00007f7bc07e28e0 Thread exited: 0x00007f7bc07e28e0
Event: 26.493 Thread 0x00007f7be0273e60 Thread exited: 0x00007f7be0273e60
Event: 26.496 Thread 0x00007f7be02733b0 Thread exited: 0x00007f7be02733b0
Event: 26.496 Thread 0x00007f7be02728d0 Thread exited: 0x00007f7be02728d0
Event: 26.498 Thread 0x00007f7be0276080 Thread exited: 0x00007f7be0276080
Event: 26.498 Thread 0x00007f7be0275550 Thread exited: 0x00007f7be0275550
Event: 27.142 Thread 0x00007f7cc049b4f0 Thread exited: 0x00007f7cc049b4f0
Event: 27.173 Thread 0x00007f7cc0032990 Thread added: 0x00007f7cc049b4f0
Event: 28.592 Thread 0x00007f7be0274990 Thread exited: 0x00007f7be0274990
Event: 29.286 Thread 0x00007f7cc0032990 Thread added: 0x00007f7cc0460ab0
Event: 29.286 Thread 0x00007f7cc049b4f0 Thread exited: 0x00007f7cc049b4f0
Event: 33.913 Thread 0x00007f7cc0460ab0 Thread exited: 0x00007f7cc0460ab0
Event: 34.089 Thread 0x00007f7cc0032990 Thread added: 0x00007f7cc0460ab0


Dynamic libraries:
82000000-7c3000000 rw-p 00000000 00:00 0 
7fe000000-7fef00000 rw-p 00000000 00:00 0 
7fef00000-7fef75000 rw-p 00c79000 00:33 8596472648                       /sfs/gpfs/tardis/applications/202512/software/standard/core/java/17/lib/server/classes.jsa
7fef75000-7ff000000 rw-p 00000000 00:00 0 
7ff000000-7ff078000 rw-p 00c01000 00:33 8596472648                       /sfs/gpfs/tardis/applications/202512/software/standard/core/java/17/lib/server/classes.jsa
7ff078000-800000000 rw-p 00000000 00:00 0 
562810364000-562810365000 r--p 00000000 00:33 8596472430                 /sfs/gpfs/tardis/applications/202512/software/standard/core/java/17/bin/java
562810365000-562810366000 r-xp 00001000 00:33 8596472430                 /sfs/gpfs/tardis/applications/202512/software/standard/core/java/17/bin/java
562810366000-562810367000 r--p 00002000 00:33 8596472430                 /sfs/gpfs/tardis/applications/202512/software/standard/core/java/17/bin/java
562810367000-562810368000 r--p 00002000 00:33 8596472430                 /sfs/gpfs/tardis/applications/202512/software/standard/core/java/17/bin/java
562810368000-562810369000 rw-p 00003000 00:33 8596472430                 /sfs/gpfs/tardis/applications/202512/software/standard/core/java/17/bin/java
562810c5f000-562810ca7000 rw-p 00000000 00:00 0                          [heap]
7f7b50000000-7f7b50021000 rw-p 00000000 00:00 0 
7f7b50021000-7f7b54000000 ---p 00000000 00:00 0 
7f7b54000000-7f7b54021000 rw-p 00000000 00:00 0 
7f7b54021000-7f7b58000000 ---p 00000000 00:00 0 
7f7b58000000-7f7b58021000 rw-p 00000000 00:00 0 
7f7b58021000-7f7b5c000000 ---p 00000000 00:00 0 
7f7b5c000000-7f7b5c021000 rw-p 00000000 00:00 0 
7f7b5c021000-7f7b60000000 ---p 00000000 00:00 0 
7f7b60000000-7f7b60021000 rw-p 00000000 00:00 0 
7f7b60021000-7f7b64000000 ---p 00000000 00:00 0 
7f7b64000000-7f7b64510000 rw-p 00000000 00:00 0 
7f7b64510000-7f7b68000000 ---p 00000000 00:00 0 
7f7b68000000-7f7b68021000 rw-p 00000000 00:00 0 
7f7b68021000-7f7b6c000000 ---p 00000000 00:00 0 
7f7b6c000000-7f7b6c021000 rw-p 00000000 00:00 0 
7f7b6c021000-7f7b70000000 ---p 00000000 00:00 0 
7f7b70000000-7f7b70021000 rw-p 00000000 00:00 0 
7f7b70021000-7f7b74000000 ---p 00000000 00:00 0 
7f7b74000000-7f7b74021000 rw-p 00000000 00:00 0 
7f7b74021000-7f7b78000000 ---p 00000000 00:00 0 
7f7b78000000-7f7b78021000 rw-p 00000000 00:00 0 
7f7b78021000-7f7b7c000000 ---p 00000000 00:00 0 
7f7b7c000000-7f7b7c021000 rw-p 00000000 00:00 0 
7f7b7c021000-7f7b80000000 ---p 00000000 00:00 0 
7f7b80000000-7f7b80021000 rw-p 00000000 00:00 0 
7f7b80021000-7f7b84000000 ---p 00000000 00:00 0 
7f7b84000000-7f7b84021000 rw-p 00000000 00:00 0 
7f7b84021000-7f7b88000000 ---p 00000000 00:00 0 
7f7b88000000-7f7b88021000 rw-p 00000000 00:00 0 
7f7b88021000-7f7b8c000000 ---p 00000000 00:00 0 
7f7b8c000000-7f7b8c021000 rw-p 00000000 00:00 0 
7f7b8c021000-7f7b90000000 ---p 00000000 00:00 0 
7f7b90000000-7f7b90021000 rw-p 00000000 00:00 0 
7f7b90021000-7f7b94000000 ---p 00000000 00:00 0 
7f7b94000000-7f7b94021000 rw-p 00000000 00:00 0 
7f7b94021000-7f7b98000000 ---p 00000000 00:00 0 
7f7b98000000-7f7b98021000 rw-p 00000000 00:00 0 
7f7b98021000-7f7b9c000000 ---p 00000000 00:00 0 
7f7b9c000000-7f7b9c021000 rw-p 00000000 00:00 0 
7f7b9c021000-7f7ba0000000 ---p 00000000 00:00 0 
7f7ba0000000-7f7ba0021000 rw-p 00000000 00:00 0 
7f7ba0021000-7f7ba4000000 ---p 00000000 00:00 0 
7f7ba4000000-7f7ba4021000 rw-p 00000000 00:00 0 
7f7ba4021000-7f7ba8000000 ---p 00000000 00:00 0 
7f7ba8000000-7f7ba8252000 rw-p 00000000 00:00 0 
7f7ba8252000-7f7bac000000 ---p 00000000 00:00 0 
7f7bac000000-7f7bac021000 rw-p 00000000 00:00 0 
7f7bac021000-7f7bb0000000 ---p 00000000 00:00 0 
7f7bb0000000-7f7bb0cd7000 rw-p 00000000 00:00 0 
7f7bb0cd7000-7f7bb4000000 ---p 00000000 00:00 0 
7f7bb4000000-7f7bb48aa000 rw-p 00000000 00:00 0 
7f7bb48aa000-7f7bb8000000 ---p 00000000 00:00 0 
7f7bb8000000-7f7bb8684000 rw-p 00000000 00:00 0 
7f7bb8684000-7f7bbc000000 ---p 00000000 00:00 0 
7f7bbc000000-7f7bbc96c000 rw-p 00000000 00:00 0 
7f7bbc96c000-7f7bc0000000 ---p 00000000 00:00 0 
7f7bc0000000-7f7bc0c29000 rw-p 00000000 00:00 0 
7f7bc0c29000-7f7bc4000000 ---p 00000000 00:00 0 
7f7bc4000000-7f7bc4f70000 rw-p 00000000 00:00 0 
7f7bc4f70000-7f7bc8000000 ---p 00000000 00:00 0 
7f7bc8000000-7f7bc8021000 rw-p 00000000 00:00 0 
7f7bc8021000-7f7bcc000000 ---p 00000000 00:00 0 
7f7bcc000000-7f7bcc021000 rw-p 00000000 00:00 0 
7f7bcc021000-7f7bd0000000 ---p 00000000 00:00 0 
7f7bd0000000-7f7bd0510000 rw-p 00000000 00:00 0 
7f7bd0510000-7f7bd4000000 ---p 00000000 00:00 0 
7f7bd4000000-7f7bd4dac000 rw-p 00000000 00:00 0 
7f7bd4dac000-7f7bd8000000 ---p 00000000 00:00 0 
7f7bd8000000-7f7bd8021000 rw-p 00000000 00:00 0 
7f7bd8021000-7f7bdc000000 ---p 00000000 00:00 0 
7f7bdc000000-7f7bdc0fb000 rw-p 00000000 00:00 0 
7f7bdc0fb000-7f7be0000000 ---p 00000000 00:00 0 
7f7be0000000-7f7be027b000 rw-p 00000000 00:00 0 
7f7be027b000-7f7be4000000 ---p 00000000 00:00 0 
7f7be4000000-7f7be40c1000 rw-p 00000000 00:00 0 
7f7be40c1000-7f7be8000000 ---p 00000000 00:00 0 
7f7be8000000-7f7be8021000 rw-p 00000000 00:00 0 
7f7be8021000-7f7bec000000 ---p 00000000 00:00 0 
7f7bec000000-7f7bed1b1000 rw-p 00000000 00:00 0 
7f7bed1b1000-7f7bf0000000 ---p 00000000 00:00 0 
7f7bf0000000-7f7bf0021000 rw-p 00000000 00:00 0 
7f7bf0021000-7f7bf4000000 ---p 00000000 00:00 0 
7f7bf4000000-7f7bf4021000 rw-p 00000000 00:00 0 
7f7bf4021000-7f7bf8000000 ---p 00000000 00:00 0 
7f7bf8000000-7f7bf8021000 rw-p 00000000 00:00 0 
7f7bf8021000-7f7bfc000000 ---p 00000000 00:00 0 
7f7bfc000000-7f7bfc021000 rw-p 00000000 00:00 0 
7f7bfc021000-7f7c00000000 ---p 00000000 00:00 0 
7f7c00000000-7f7c012b2000 rw-p 00000000 00:00 0 
7f7c012b2000-7f7c04000000 ---p 00000000 00:00 0 
7f7c04adb000-7f7c04adc000 ---p 00000000 00:00 0 
7f7c04adc000-7f7c04bdc000 rw-p 00000000 00:00 0 
7f7c04bdc000-7f7c04bdd000 ---p 00000000 00:00 0 
7f7c04bdd000-7f7c04cdd000 rw-p 00000000 00:00 0 
7f7c04cdd000-7f7c04cde000 ---p 00000000 00:00 0 
7f7c04cde000-7f7c04dde000 rw-p 00000000 00:00 0 
7f7c04dde000-7f7c04ddf000 ---p 00000000 00:00 0 
7f7c04ddf000-7f7c04edf000 rw-p 00000000 00:00 0 
7f7c04edf000-7f7c04ee4000 ---p 00000000 00:00 0 
7f7c04ee4000-7f7c04fe0000 rw-p 00000000 00:00 0 
7f7c04fe0000-7f7c04fe1000 ---p 00000000 00:00 0 
7f7c04fe1000-7f7c050e1000 rw-p 00000000 00:00 0 
7f7c050e1000-7f7c050e2000 ---p 00000000 00:00 0 
7f7c050e2000-7f7c051e2000 rw-p 00000000 00:00 0 
7f7c051e2000-7f7c051e3000 ---p 00000000 00:00 0 
7f7c051e3000-7f7c052e3000 rw-p 00000000 00:00 0 
7f7c052e3000-7f7c052e4000 ---p 00000000 00:00 0 
7f7c052e4000-7f7c053e4000 rw-p 00000000 00:00 0 
7f7c053e4000-7f7c053e5000 ---p 00000000 00:00 0 
7f7c053e5000-7f7c054e5000 rw-p 00000000 00:00 0 
7f7c054e5000-7f7c054e6000 ---p 00000000 00:00 0 
7f7c054e6000-7f7c055e6000 rw-p 00000000 00:00 0 
7f7c055e6000-7f7c055e7000 ---p 00000000 00:00 0 
7f7c055e7000-7f7c056e7000 rw-p 00000000 00:00 0 
7f7c056e7000-7f7c056e8000 ---p 00000000 00:00 0 
7f7c056e8000-7f7c057e8000 rw-p 00000000 00:00 0 
7f7c057e8000-7f7c057e9000 ---p 00000000 00:00 0 
7f7c057e9000-7f7c058e9000 rw-p 00000000 00:00 0 
7f7c058e9000-7f7c058ea000 ---p 00000000 00:00 0 
7f7c058ea000-7f7c059ea000 rw-p 00000000 00:00 0 
7f7c059ea000-7f7c059eb000 ---p 00000000 00:00 0 
7f7c059eb000-7f7c05aeb000 rw-p 00000000 00:00 0 
7f7c05aeb000-7f7c05aec000 ---p 00000000 00:00 0 
7f7c05aec000-7f7c05bec000 rw-p 00000000 00:00 0 
7f7c05bec000-7f7c05bed000 ---p 00000000 00:00 0 
7f7c05bed000-7f7c05ced000 rw-p 00000000 00:00 0 
7f7c05ced000-7f7c05cee000 ---p 00000000 00:00 0 
7f7c05cee000-7f7c05dee000 rw-p 00000000 00:00 0 
7f7c05dee000-7f7c05def000 ---p 00000000 00:00 0 
7f7c05def000-7f7c05eef000 rw-p 00000000 00:00 0 
7f7c05eef000-7f7c05ef0000 ---p 00000000 00:00 0 
7f7c05ef0000-7f7c05ff0000 rw-p 00000000 00:00 0 
7f7c05ff0000-7f7c05ff5000 ---p 00000000 00:00 0 
7f7c05ff5000-7f7c060f1000 rw-p 00000000 00:00 0 
7f7c060f1000-7f7c060f6000 ---p 00000000 00:00 0 
7f7c060f6000-7f7c061f2000 rw-p 00000000 00:00 0 
7f7c061f2000-7f7c061f7000 ---p 00000000 00:00 0 
7f7c061f7000-7f7c062f3000 rw-p 00000000 00:00 0 
7f7c062f3000-7f7c062f8000 ---p 00000000 00:00 0 
7f7c062f8000-7f7c063f4000 rw-p 00000000 00:00 0 
7f7c063f4000-7f7c063f9000 ---p 00000000 00:00 0 
7f7c063f9000-7f7c064f5000 rw-p 00000000 00:00 0 
7f7c064f5000-7f7c064fa000 ---p 00000000 00:00 0 
7f7c064fa000-7f7c065f6000 rw-p 00000000 00:00 0 
7f7c065f6000-7f7c065fb000 ---p 00000000 00:00 0 
7f7c065fb000-7f7c066f7000 rw-p 00000000 00:00 0 
7f7c066f7000-7f7c066fc000 ---p 00000000 00:00 0 
7f7c066fc000-7f7c067f8000 rw-p 00000000 00:00 0 
7f7c067f8000-7f7c067f9000 ---p 00000000 00:00 0 
7f7c067f9000-7f7c067fd000 ---p 00000000 00:00 0 
7f7c067fd000-7f7c068f9000 rw-p 00000000 00:00 0 
7f7c068f9000-7f7c068fa000 ---p 00000000 00:00 0 
7f7c068fa000-7f7c069fa000 rw-p 00000000 00:00 0 
7f7c069fa000-7f7c069ff000 ---p 00000000 00:00 0 
7f7c069ff000-7f7c06afb000 rw-p 00000000 00:00 0 
7f7c06afb000-7f7c06afc000 ---p 00000000 00:00 0 
7f7c06afc000-7f7c06b00000 ---p 00000000 00:00 0 
7f7c06b00000-7f7c06bfc000 rw-p 00000000 00:00 0 
7f7c06bfc000-7f7c06c01000 ---p 00000000 00:00 0 
7f7c06c01000-7f7c06cfd000 rw-p 00000000 00:00 0 
7f7c06cfd000-7f7c06d02000 ---p 00000000 00:00 0 
7f7c06d02000-7f7c06dfe000 rw-p 00000000 00:00 0 
7f7c06dfe000-7f7c06dff000 ---p 00000000 00:00 0 
7f7c06dff000-7f7c06e03000 ---p 00000000 00:00 0 
7f7c06e03000-7f7c06eff000 rw-p 00000000 00:00 0 
7f7c06eff000-7f7c06f00000 ---p 00000000 00:00 0 
7f7c06f00000-7f7c06f04000 ---p 00000000 00:00 0 
7f7c06f04000-7f7c07400000 rw-p 00000000 00:00 0 
7f7c07400000-7f7c07700000 rw-p 00000000 00:00 0 
7f7c07700000-7f7c07790000 rw-p 00000000 00:00 0 
7f7c07790000-7f7c07800000 ---p 00000000 00:00 0 
7f7c07800000-7f7c07850000 rw-p 00000000 00:00 0 
7f7c07850000-7f7c0b000000 ---p 00000000 00:00 0 
7f7c0b000000-7f7c0b455000 rw-p 00001000 00:33 8596472648                 /sfs/gpfs/tardis/applications/202512/software/standard/core/java/17/lib/server/classes.jsa
7f7c0b455000-7f7c0bbc9000 rw-p 00456000 00:33 8596472648                 /sfs/gpfs/tardis/applications/202512/software/standard/core/java/17/lib/server/classes.jsa
7f7c0bbc9000-7f7c0c000000 ---p 00000000 00:00 0 
7f7c0c000000-7f7c0c040000 rw-p 00000000 00:00 0 
7f7c0c040000-7f7c0c0c0000 rw-p 00000000 00:00 0 
7f7c0c0c0000-7f7c0c0f0000 rw-p 00000000 00:00 0 
7f7c0c0f0000-7f7c0c100000 ---p 00000000 00:00 0 
7f7c0c100000-7f7c0c120000 rw-p 00000000 00:00 0 
7f7c0c120000-7f7c4c000000 ---p 00000000 00:00 0 
7f7c4c000000-7f7c4c10a000 rw-p 00000000 00:00 0 
7f7c4c10a000-7f7c50000000 ---p 00000000 00:00 0 
7f7c50000000-7f7c50021000 rw-p 00000000 00:00 0 
7f7c50021000-7f7c54000000 ---p 00000000 00:00 0 
7f7c54000000-7f7c54021000 rw-p 00000000 00:00 0 
7f7c54021000-7f7c58000000 ---p 00000000 00:00 0 
7f7c58000000-7f7c58021000 rw-p 00000000 00:00 0 
7f7c58021000-7f7c5c000000 ---p 00000000 00:00 0 
7f7c5c000000-7f7c5c021000 rw-p 00000000 00:00 0 
7f7c5c021000-7f7c60000000 ---p 00000000 00:00 0 
7f7c6002d000-7f7c6002e000 ---p 00000000 00:00 0 
7f7c6002e000-7f7c60032000 ---p 00000000 00:00 0 
7f7c60032000-7f7c7f16e000 rw-p 00000000 00:00 0 
7f7c7f16e000-7f7c8002e000 ---p 00000000 00:00 0 
7f7c8002e000-7f7c9d0ee000 rw-p 00000000 00:00 0 
7f7c9d0ee000-7f7c9dfae000 ---p 00000000 00:00 0 
7f7c9dfae000-7f7ca1a36000 rw-p 00000000 00:00 0 
7f7ca1a36000-7f7ca1c0e000 ---p 00000000 00:00 0 
7f7ca1c0e000-7f7ca5626000 rw-p 00000000 00:00 0 
7f7ca5626000-7f7ca57fe000 ---p 00000000 00:00 0 
7f7ca57fe000-7f7ca9216000 rw-p 00000000 00:00 0 
7f7ca9216000-7f7ca93ee000 ---p 00000000 00:00 0 
7f7ca93ee000-7f7ca93fe000 rw-p 00000000 00:00 0 
7f7ca93fe000-7f7ca9a8e000 rwxp 00000000 00:00 0 
7f7ca9a8e000-7f7cb085d000 ---p 00000000 00:00 0 
7f7cb085d000-7f7cb0b5d000 rwxp 00000000 00:00 0 
7f7cb0b5d000-7f7cb0f9e000 ---p 00000000 00:00 0 
7f7cb0f9e000-7f7cb126e000 rwxp 00000000 00:00 0 
7f7cb126e000-7f7cb83fe000 ---p 00000000 00:00 0 
7f7cb83fe000-7f7cc0000000 r--s 00000000 00:33 8596472637                 /sfs/gpfs/tardis/applications/202512/software/standard/core/java/17/lib/modules
7f7cc0000000-7f7cc0522000 rw-p 00000000 00:00 0 
7f7cc0522000-7f7cc4000000 ---p 00000000 00:00 0 
7f7cc400e000-7f7cc4010000 r--p 00000000 00:33 8596472625                 /sfs/gpfs/tardis/applications/202512/software/standard/core/java/17/lib/libmanagement_ext.so
7f7cc4010000-7f7cc4013000 r-xp 00002000 00:33 8596472625                 /sfs/gpfs/tardis/applications/202512/software/standard/core/java/17/lib/libmanagement_ext.so
7f7cc4013000-7f7cc4014000 r--p 00005000 00:33 8596472625                 /sfs/gpfs/tardis/applications/202512/software/standard/core/java/17/lib/libmanagement_ext.so
7f7cc4014000-7f7cc4015000 ---p 00006000 00:33 8596472625                 /sfs/gpfs/tardis/applications/202512/software/standard/core/java/17/lib/libmanagement_ext.so
7f7cc4015000-7f7cc4016000 r--p 00006000 00:33 8596472625                 /sfs/gpfs/tardis/applications/202512/software/standard/core/java/17/lib/libmanagement_ext.so
7f7cc4016000-7f7cc4017000 rw-p 00007000 00:33 8596472625                 /sfs/gpfs/tardis/applications/202512/software/standard/core/java/17/lib/libmanagement_ext.so
7f7cc4017000-7f7cc401b000 r--p 00000000 00:33 8596472635                 /sfs/gpfs/tardis/applications/202512/software/standard/core/java/17/lib/libverify.so
7f7cc401b000-7f7cc4022000 r-xp 00004000 00:33 8596472635                 /sfs/gpfs/tardis/applications/202512/software/standard/core/java/17/lib/libverify.so
7f7cc4022000-7f7cc4024000 r--p 0000b000 00:33 8596472635                 /sfs/gpfs/tardis/applications/202512/software/standard/core/java/17/lib/libverify.so
7f7cc4024000-7f7cc4026000 r--p 0000c000 00:33 8596472635                 /sfs/gpfs/tardis/applications/202512/software/standard/core/java/17/lib/libverify.so
7f7cc4026000-7f7cc4027000 rw-p 0000e000 00:33 8596472635                 /sfs/gpfs/tardis/applications/202512/software/standard/core/java/17/lib/libverify.so
7f7cc4027000-7f7cc4028000 ---p 00000000 00:00 0 
7f7cc4028000-7f7cc402c000 ---p 00000000 00:00 0 
7f7cc402c000-7f7cc4128000 rw-p 00000000 00:00 0 
7f7cc4128000-7f7cc4129000 ---p 00000000 00:00 0 
7f7cc4129000-7f7cc412d000 ---p 00000000 00:00 0 
7f7cc412d000-7f7cc4229000 rw-p 00000000 00:00 0 
7f7cc4229000-7f7cc422a000 ---p 00000000 00:00 0 
7f7cc422a000-7f7cc422e000 ---p 00000000 00:00 0 
7f7cc422e000-7f7cc432a000 rw-p 00000000 00:00 0 
7f7cc432a000-7f7cc432b000 ---p 00000000 00:00 0 
7f7cc432b000-7f7cc432f000 ---p 00000000 00:00 0 
7f7cc432f000-7f7cc442b000 rw-p 00000000 00:00 0 
7f7cc442b000-7f7cc442c000 ---p 00000000 00:00 0 
7f7cc442c000-7f7cc4430000 ---p 00000000 00:00 0 
7f7cc4430000-7f7cc452c000 rw-p 00000000 00:00 0 
7f7cc452c000-7f7cc452d000 ---p 00000000 00:00 0 
7f7cc452d000-7f7cc4531000 ---p 00000000 00:00 0 
7f7cc4531000-7f7cc462d000 rw-p 00000000 00:00 0 
7f7cc462d000-7f7cc462e000 ---p 00000000 00:00 0 
7f7cc462e000-7f7cc472e000 rw-p 00000000 00:00 0 
7f7cc472e000-7f7cc4733000 r--p 00000000 00:33 8596472621                 /sfs/gpfs/tardis/applications/202512/software/standard/core/java/17/lib/libjsvml.so
7f7cc4733000-7f7cc4774000 r-xp 00005000 00:33 8596472621                 /sfs/gpfs/tardis/applications/202512/software/standard/core/java/17/lib/libjsvml.so
7f7cc4774000-7f7cc47fd000 r--p 00046000 00:33 8596472621                 /sfs/gpfs/tardis/applications/202512/software/standard/core/java/17/lib/libjsvml.so
7f7cc47fd000-7f7cc47fe000 r--p 000ce000 00:33 8596472621                 /sfs/gpfs/tardis/applications/202512/software/standard/core/java/17/lib/libjsvml.so
7f7cc47fe000-7f7cc47ff000 rw-p 000cf000 00:33 8596472621                 /sfs/gpfs/tardis/applications/202512/software/standard/core/java/17/lib/libjsvml.so
7f7cc47ff000-7f7cc491c000 rw-p 00000000 00:00 0 
7f7cc491d000-7f7cc4920000 r--p 00000000 00:33 8596472623                 /sfs/gpfs/tardis/applications/202512/software/standard/core/java/17/lib/libmanagement.so
7f7cc4920000-7f7cc4921000 r-xp 00003000 00:33 8596472623                 /sfs/gpfs/tardis/applications/202512/software/standard/core/java/17/lib/libmanagement.so
7f7cc4921000-7f7cc4922000 r--p 00004000 00:33 8596472623                 /sfs/gpfs/tardis/applications/202512/software/standard/core/java/17/lib/libmanagement.so
7f7cc4922000-7f7cc4923000 r--p 00004000 00:33 8596472623                 /sfs/gpfs/tardis/applications/202512/software/standard/core/java/17/lib/libmanagement.so
7f7cc4923000-7f7cc4924000 rw-p 00005000 00:33 8596472623                 /sfs/gpfs/tardis/applications/202512/software/standard/core/java/17/lib/libmanagement.so
7f7cc4924000-7f7cc4928000 r--p 00000000 00:33 8596472627                 /sfs/gpfs/tardis/applications/202512/software/standard/core/java/17/lib/libnet.so
7f7cc4928000-7f7cc4936000 r-xp 00004000 00:33 8596472627                 /sfs/gpfs/tardis/applications/202512/software/standard/core/java/17/lib/libnet.so
7f7cc4936000-7f7cc493a000 r--p 00012000 00:33 8596472627                 /sfs/gpfs/tardis/applications/202512/software/standard/core/java/17/lib/libnet.so
7f7cc493a000-7f7cc493b000 r--p 00015000 00:33 8596472627                 /sfs/gpfs/tardis/applications/202512/software/standard/core/java/17/lib/libnet.so
7f7cc493b000-7f7cc493c000 rw-p 00016000 00:33 8596472627                 /sfs/gpfs/tardis/applications/202512/software/standard/core/java/17/lib/libnet.so
7f7cc493c000-7f7cc4943000 r--p 00000000 00:33 8596472628                 /sfs/gpfs/tardis/applications/202512/software/standard/core/java/17/lib/libnio.so
7f7cc4943000-7f7cc494c000 r-xp 00007000 00:33 8596472628                 /sfs/gpfs/tardis/applications/202512/software/standard/core/java/17/lib/libnio.so
7f7cc494c000-7f7cc4950000 r--p 00010000 00:33 8596472628                 /sfs/gpfs/tardis/applications/202512/software/standard/core/java/17/lib/libnio.so
7f7cc4950000-7f7cc4951000 ---p 00014000 00:33 8596472628                 /sfs/gpfs/tardis/applications/202512/software/standard/core/java/17/lib/libnio.so
7f7cc4951000-7f7cc4952000 r--p 00014000 00:33 8596472628                 /sfs/gpfs/tardis/applications/202512/software/standard/core/java/17/lib/libnio.so
7f7cc4952000-7f7cc4953000 rw-p 00015000 00:33 8596472628                 /sfs/gpfs/tardis/applications/202512/software/standard/core/java/17/lib/libnio.so
7f7cc4953000-7f7cc4954000 ---p 00000000 00:00 0 
7f7cc4954000-7f7cc4a54000 rw-p 00000000 00:00 0 
7f7cc4a54000-7f7cc4a55000 ---p 00000000 00:00 0 
7f7cc4a55000-7f7cc5d67000 rw-p 00000000 00:00 0 
7f7cc5d67000-7f7cc5d68000 ---p 00000000 00:00 0 
7f7cc5d68000-7f7cc5e68000 rw-p 00000000 00:00 0 
7f7cc5e68000-7f7cc5e69000 ---p 00000000 00:00 0 
7f7cc5e69000-7f7cc5f69000 rw-p 00000000 00:00 0 
7f7cc5f69000-7f7cc5f6a000 ---p 00000000 00:00 0 
7f7cc5f6a000-7f7cc74de000 rw-p 00000000 00:00 0 
7f7cc74de000-7f7cc75c1000 ---p 00000000 00:00 0 
7f7cc75c1000-7f7cc75cf000 rw-p 00000000 00:00 0 
7f7cc75cf000-7f7cc76aa000 ---p 00000000 00:00 0 
7f7cc76aa000-7f7cc76ac000 r--p 00000000 00:33 8596472636                 /sfs/gpfs/tardis/applications/202512/software/standard/core/java/17/lib/libzip.so
7f7cc76ac000-7f7cc76be000 r-xp 00002000 00:33 8596472636                 /sfs/gpfs/tardis/applications/202512/software/standard/core/java/17/lib/libzip.so
7f7cc76be000-7f7cc76c6000 r--p 00014000 00:33 8596472636                 /sfs/gpfs/tardis/applications/202512/software/standard/core/java/17/lib/libzip.so
7f7cc76c6000-7f7cc76c7000 r--p 0001b000 00:33 8596472636                 /sfs/gpfs/tardis/applications/202512/software/standard/core/java/17/lib/libzip.so
7f7cc76c7000-7f7cc76c8000 rw-p 0001c000 00:33 8596472636                 /sfs/gpfs/tardis/applications/202512/software/standard/core/java/17/lib/libzip.so
7f7cc76c8000-7f7cc76d3000 r-xp 00000000 00:29 41352995                   /usr/lib64/libnss_files-2.28.so
7f7cc76d3000-7f7cc78d3000 ---p 0000b000 00:29 41352995                   /usr/lib64/libnss_files-2.28.so
7f7cc78d3000-7f7cc78d4000 r--p 0000b000 00:29 41352995                   /usr/lib64/libnss_files-2.28.so
7f7cc78d4000-7f7cc78d5000 rw-p 0000c000 00:29 41352995                   /usr/lib64/libnss_files-2.28.so
7f7cc78d5000-7f7cc78db000 rw-p 00000000 00:00 0 
7f7cc78db000-7f7cc78e2000 r-xp 00000000 00:29 41352993                   /usr/lib64/libnss_db-2.28.so
7f7cc78e2000-7f7cc7ae1000 ---p 00007000 00:29 41352993                   /usr/lib64/libnss_db-2.28.so
7f7cc7ae1000-7f7cc7ae2000 r--p 00006000 00:29 41352993                   /usr/lib64/libnss_db-2.28.so
7f7cc7ae2000-7f7cc7ae3000 rw-p 00007000 00:29 41352993                   /usr/lib64/libnss_db-2.28.so
7f7cc7ae3000-7f7cc7ae6000 rw-p 00000000 00:00 0 
7f7cc7ae6000-7f7cc7d5e000 r--p 00000000 00:29 42290259                   /usr/lib/locale/en_US.utf8/LC_COLLATE
7f7cc7d5e000-7f7cc7edf000 r-xp 00000000 00:29 41352876                   /usr/lib64/libm-2.28.so
7f7cc7edf000-7f7cc80de000 ---p 00181000 00:29 41352876                   /usr/lib64/libm-2.28.so
7f7cc80de000-7f7cc80df000 r--p 00180000 00:29 41352876                   /usr/lib64/libm-2.28.so
7f7cc80df000-7f7cc80e0000 rw-p 00181000 00:29 41352876                   /usr/lib64/libm-2.28.so
7f7cc80e0000-7f7cc80e7000 r-xp 00000000 00:29 41353205                   /usr/lib64/librt-2.28.so
7f7cc80e7000-7f7cc82e6000 ---p 00007000 00:29 41353205                   /usr/lib64/librt-2.28.so
7f7cc82e6000-7f7cc82e7000 r--p 00006000 00:29 41353205                   /usr/lib64/librt-2.28.so
7f7cc82e7000-7f7cc82e8000 rw-p 00007000 00:29 41353205                   /usr/lib64/librt-2.28.so
7f7cc82e8000-7f7cc853b000 r--p 00000000 00:33 8596472651                 /sfs/gpfs/tardis/applications/202512/software/standard/core/java/17/lib/server/libjvm.so
7f7cc853b000-7f7cc9264000 r-xp 00253000 00:33 8596472651                 /sfs/gpfs/tardis/applications/202512/software/standard/core/java/17/lib/server/libjvm.so
7f7cc9264000-7f7cc94f1000 r--p 00f7c000 00:33 8596472651                 /sfs/gpfs/tardis/applications/202512/software/standard/core/java/17/lib/server/libjvm.so
7f7cc94f1000-7f7cc94f2000 ---p 01209000 00:33 8596472651                 /sfs/gpfs/tardis/applications/202512/software/standard/core/java/17/lib/server/libjvm.so
7f7cc94f2000-7f7cc95ab000 r--p 01209000 00:33 8596472651                 /sfs/gpfs/tardis/applications/202512/software/standard/core/java/17/lib/server/libjvm.so
7f7cc95ab000-7f7cc95e0000 rw-p 012c2000 00:33 8596472651                 /sfs/gpfs/tardis/applications/202512/software/standard/core/java/17/lib/server/libjvm.so
7f7cc95e0000-7f7cc963b000 rw-p 00000000 00:00 0 
7f7cc963b000-7f7cc9808000 r-xp 00000000 00:29 41352421                   /usr/lib64/libc-2.28.so
7f7cc9808000-7f7cc9a07000 ---p 001cd000 00:29 41352421                   /usr/lib64/libc-2.28.so
7f7cc9a07000-7f7cc9a0b000 r--p 001cc000 00:29 41352421                   /usr/lib64/libc-2.28.so
7f7cc9a0b000-7f7cc9a0d000 rw-p 001d0000 00:29 41352421                   /usr/lib64/libc-2.28.so
7f7cc9a0d000-7f7cc9a11000 rw-p 00000000 00:00 0 
7f7cc9a11000-7f7cc9a14000 r-xp 00000000 00:29 41352530                   /usr/lib64/libdl-2.28.so
7f7cc9a14000-7f7cc9c13000 ---p 00003000 00:29 41352530                   /usr/lib64/libdl-2.28.so
7f7cc9c13000-7f7cc9c14000 r--p 00002000 00:29 41352530                   /usr/lib64/libdl-2.28.so
7f7cc9c14000-7f7cc9c15000 rw-p 00003000 00:29 41352530                   /usr/lib64/libdl-2.28.so
7f7cc9c15000-7f7cc9c30000 r-xp 00000000 00:29 41353149                   /usr/lib64/libpthread-2.28.so
7f7cc9c30000-7f7cc9e2f000 ---p 0001b000 00:29 41353149                   /usr/lib64/libpthread-2.28.so
7f7cc9e2f000-7f7cc9e30000 r--p 0001a000 00:29 41353149                   /usr/lib64/libpthread-2.28.so
7f7cc9e30000-7f7cc9e31000 rw-p 0001b000 00:29 41353149                   /usr/lib64/libpthread-2.28.so
7f7cc9e31000-7f7cc9e35000 rw-p 00000000 00:00 0 
7f7cc9e35000-7f7cc9e64000 r-xp 00000000 00:29 41352045                   /usr/lib64/ld-2.28.so
7f7cc9e68000-7f7cc9e69000 r--p 00000000 00:33 8596472606                 /sfs/gpfs/tardis/applications/202512/software/standard/core/java/17/lib/libextnet.so
7f7cc9e69000-7f7cc9e6a000 r-xp 00001000 00:33 8596472606                 /sfs/gpfs/tardis/applications/202512/software/standard/core/java/17/lib/libextnet.so
7f7cc9e6a000-7f7cc9e6b000 r--p 00002000 00:33 8596472606                 /sfs/gpfs/tardis/applications/202512/software/standard/core/java/17/lib/libextnet.so
7f7cc9e6b000-7f7cc9e6c000 r--p 00002000 00:33 8596472606                 /sfs/gpfs/tardis/applications/202512/software/standard/core/java/17/lib/libextnet.so
7f7cc9e6c000-7f7cc9e6d000 rw-p 00003000 00:33 8596472606                 /sfs/gpfs/tardis/applications/202512/software/standard/core/java/17/lib/libextnet.so
7f7cc9e6d000-7f7cc9e73000 rw-p 00000000 00:00 0 
7f7cc9e73000-7f7cc9e7c000 ---p 00000000 00:00 0 
7f7cc9e7c000-7f7cc9e7d000 r--s 00000000 203:97233 4334508089525993473    /sfs/weka/scratch/wxw9rr/tmp/pitest-agent4297895672587801351.jar
7f7cc9e7d000-7f7cc9e85000 rw-s 00000000 00:2d 86328968                   /tmp/hsperfdata_wxw9rr/616678
7f7cc9e85000-7f7cc9ed8000 r--p 00000000 00:29 42289927                   /usr/lib/locale/C.utf8/LC_CTYPE
7f7cc9ed8000-7f7cc9ed9000 r--p 00000000 00:29 42290264                   /usr/lib/locale/en_US.utf8/LC_NUMERIC
7f7cc9ed9000-7f7cc9eda000 r--p 00000000 00:29 42290267                   /usr/lib/locale/en_US.utf8/LC_TIME
7f7cc9eda000-7f7cc9edb000 r--p 00000000 00:29 42290262                   /usr/lib/locale/en_US.utf8/LC_MONETARY
7f7cc9edb000-7f7cc9edc000 r--p 00000000 00:29 42290268                   /usr/lib/locale/en_US.utf8/LC_MESSAGES/SYS_LC_MESSAGES
7f7cc9edc000-7f7cc9edd000 r--p 00000000 00:29 42290265                   /usr/lib/locale/en_US.utf8/LC_PAPER
7f7cc9edd000-7f7cc9ee4000 r--s 00000000 00:29 41660342                   /usr/lib64/gconv/gconv-modules.cache
7f7cc9ee4000-7f7cc9ef2000 r--p 00000000 00:33 8596472613                 /sfs/gpfs/tardis/applications/202512/software/standard/core/java/17/lib/libjava.so
7f7cc9ef2000-7f7cc9f04000 r-xp 0000e000 00:33 8596472613                 /sfs/gpfs/tardis/applications/202512/software/standard/core/java/17/lib/libjava.so
7f7cc9f04000-7f7cc9f0a000 r--p 00020000 00:33 8596472613                 /sfs/gpfs/tardis/applications/202512/software/standard/core/java/17/lib/libjava.so
7f7cc9f0a000-7f7cc9f0b000 ---p 00026000 00:33 8596472613                 /sfs/gpfs/tardis/applications/202512/software/standard/core/java/17/lib/libjava.so
7f7cc9f0b000-7f7cc9f0c000 r--p 00026000 00:33 8596472613                 /sfs/gpfs/tardis/applications/202512/software/standard/core/java/17/lib/libjava.so
7f7cc9f0c000-7f7cc9f0d000 rw-p 00027000 00:33 8596472613                 /sfs/gpfs/tardis/applications/202512/software/standard/core/java/17/lib/libjava.so
7f7cc9f0d000-7f7cc9f0e000 rw-p 00000000 00:00 0 
7f7cc9f0e000-7f7cc9f12000 r--p 00000000 00:33 8596472617                 /sfs/gpfs/tardis/applications/202512/software/standard/core/java/17/lib/libjimage.so
7f7cc9f12000-7f7cc9f25000 r-xp 00004000 00:33 8596472617                 /sfs/gpfs/tardis/applications/202512/software/standard/core/java/17/lib/libjimage.so
7f7cc9f25000-7f7cc9f2b000 r--p 00017000 00:33 8596472617                 /sfs/gpfs/tardis/applications/202512/software/standard/core/java/17/lib/libjimage.so
7f7cc9f2b000-7f7cc9f2d000 r--p 0001c000 00:33 8596472617                 /sfs/gpfs/tardis/applications/202512/software/standard/core/java/17/lib/libjimage.so
7f7cc9f2d000-7f7cc9f2e000 rw-p 0001e000 00:33 8596472617                 /sfs/gpfs/tardis/applications/202512/software/standard/core/java/17/lib/libjimage.so
7f7cc9f2e000-7f7cc9f32000 ---p 00000000 00:00 0 
7f7cc9f32000-7f7cca031000 rw-p 00000000 00:00 0 
7f7cca031000-7f7cca032000 r--p 00000000 00:29 42290263                   /usr/lib/locale/en_US.utf8/LC_NAME
7f7cca032000-7f7cca033000 r--p 00000000 00:29 42290258                   /usr/lib/locale/en_US.utf8/LC_ADDRESS
7f7cca033000-7f7cca034000 r--p 00000000 00:29 42290266                   /usr/lib/locale/en_US.utf8/LC_TELEPHONE
7f7cca034000-7f7cca035000 r--p 00000000 00:29 42290261                   /usr/lib/locale/en_US.utf8/LC_MEASUREMENT
7f7cca035000-7f7cca036000 r--p 00000000 00:29 42290260                   /usr/lib/locale/en_US.utf8/LC_IDENTIFICATION
7f7cca036000-7f7cca038000 r--p 00000000 00:33 8596472608                 /sfs/gpfs/tardis/applications/202512/software/standard/core/java/17/lib/libinstrument.so
7f7cca038000-7f7cca03e000 r-xp 00002000 00:33 8596472608                 /sfs/gpfs/tardis/applications/202512/software/standard/core/java/17/lib/libinstrument.so
7f7cca03e000-7f7cca041000 r--p 00008000 00:33 8596472608                 /sfs/gpfs/tardis/applications/202512/software/standard/core/java/17/lib/libinstrument.so
7f7cca041000-7f7cca042000 r--p 0000a000 00:33 8596472608                 /sfs/gpfs/tardis/applications/202512/software/standard/core/java/17/lib/libinstrument.so
7f7cca042000-7f7cca043000 rw-p 0000b000 00:33 8596472608                 /sfs/gpfs/tardis/applications/202512/software/standard/core/java/17/lib/libinstrument.so
7f7cca043000-7f7cca044000 ---p 00000000 00:00 0 
7f7cca044000-7f7cca045000 r--p 00000000 00:00 0 
7f7cca045000-7f7cca046000 ---p 00000000 00:00 0 
7f7cca046000-7f7cca049000 r--p 00000000 00:33 8596472618                 /sfs/gpfs/tardis/applications/202512/software/standard/core/java/17/lib/libjli.so
7f7cca049000-7f7cca059000 r-xp 00003000 00:33 8596472618                 /sfs/gpfs/tardis/applications/202512/software/standard/core/java/17/lib/libjli.so
7f7cca059000-7f7cca060000 r--p 00013000 00:33 8596472618                 /sfs/gpfs/tardis/applications/202512/software/standard/core/java/17/lib/libjli.so
7f7cca060000-7f7cca061000 r--p 00019000 00:33 8596472618                 /sfs/gpfs/tardis/applications/202512/software/standard/core/java/17/lib/libjli.so
7f7cca061000-7f7cca062000 rw-p 0001a000 00:33 8596472618                 /sfs/gpfs/tardis/applications/202512/software/standard/core/java/17/lib/libjli.so
7f7cca062000-7f7cca064000 rw-p 00000000 00:00 0 
7f7cca064000-7f7cca065000 r--p 0002f000 00:29 41352045                   /usr/lib64/ld-2.28.so
7f7cca065000-7f7cca067000 rw-p 00030000 00:29 41352045                   /usr/lib64/ld-2.28.so
7fffb57a3000-7fffb57c8000 rw-p 00000000 00:00 0                          [stack]
7fffb57e2000-7fffb57e6000 r--p 00000000 00:00 0                          [vvar]
7fffb57e6000-7fffb57e8000 r-xp 00000000 00:00 0                          [vdso]
ffffffffff600000-ffffffffff601000 r-xp 00000000 00:00 0                  [vsyscall]


VM Arguments:
jvm_args: -Dclassworlds.conf=/apps/software/standard/core/maven/3.9.0/bin/m2.conf -Dmaven.home=/apps/software/standard/core/maven/3.9.0 -Dlibrary.jansi.path=/apps/software/standard/core/maven/3.9.0/lib/jansi-native -Dmaven.multiModuleProjectDirectory=/scratch/wxw9rr/artifact/RQ3/OE25-DEV/commons-beanutils-1.9.4 -Djava.io.tmpdir=/sfs/weka/scratch/wxw9rr/tmp -javaagent:/sfs/weka/scratch/wxw9rr/tmp/pitest-agent4297895672587801351.jar -ea -Djava.awt.headless=true -XX:+UseG1GC -Djava.io.tmpdir=/sfs/weka/scratch/wxw9rr/tmp 
java_command: org.pitest.mutationtest.execute.MutationTestMinion 39343
java_class_path (initial): /sfs/weka/scratch/wxw9rr/artifact/RQ3/OE25-DEV/commons-beanutils-1.9.4/target/test-classes:/sfs/weka/scratch/wxw9rr/artifact/RQ3/OE25-DEV/commons-beanutils-1.9.4/target/classes:/home/wxw9rr/.m2/repository/commons-logging/commons-logging/1.2/commons-logging-1.2.jar:/home/wxw9rr/.m2/repository/commons-collections/commons-collections/3.2.2/commons-collections-3.2.2.jar:/home/wxw9rr/.m2/repository/commons-collections/commons-collections-testframework/3.2.1/commons-collections-testframework-3.2.1.jar:/home/wxw9rr/.m2/repository/junit/junit/4.12/junit-4.12.jar:/home/wxw9rr/.m2/repository/org/hamcrest/hamcrest-core/1.3/hamcrest-core-1.3.jar:/home/wxw9rr/.m2/repository/org/pitest/pitest/1.22.0/pitest-1.22.0.jar
Launcher Type: SUN_STANDARD

[Global flags]
     intx CICompilerCount                          = 12                                        {product} {ergonomic}
     uint ConcGCThreads                            = 5                                         {product} {ergonomic}
     uint G1ConcRefinementThreads                  = 18                                        {product} {ergonomic}
   size_t G1HeapRegionSize                         = 16777216                                  {product} {ergonomic}
    uintx GCDrainStackTargetSize                   = 64                                        {product} {ergonomic}
   size_t InitialHeapSize                          = 2147483648                                {product} {ergonomic}
   size_t MarkStackSize                            = 4194304                                   {product} {ergonomic}
   size_t MaxHeapSize                              = 32178700288                               {product} {ergonomic}
   size_t MaxNewSize                               = 19293798400                               {product} {ergonomic}
   size_t MinHeapDeltaBytes                        = 16777216                                  {product} {ergonomic}
   size_t MinHeapSize                              = 16777216                                  {product} {ergonomic}
    uintx NonNMethodCodeHeapSize                   = 7602480                                {pd product} {ergonomic}
    uintx NonProfiledCodeHeapSize                  = 122027880                              {pd product} {ergonomic}
    uintx ProfiledCodeHeapSize                     = 122027880                              {pd product} {ergonomic}
    uintx ReservedCodeCacheSize                    = 251658240                              {pd product} {ergonomic}
     bool SegmentedCodeCache                       = true                                      {product} {ergonomic}
   size_t SoftMaxHeapSize                          = 32178700288                            {manageable} {ergonomic}
     bool UseCompressedClassPointers               = true                           {product lp64_product} {ergonomic}
     bool UseCompressedOops                        = true                           {product lp64_product} {ergonomic}
     bool UseG1GC                                  = true                                      {product} {command line}

Logging:
Log output configuration:
 #0: stdout all=warning uptime,level,tags
 #1: stderr all=off uptime,level,tags

Environment Variables:
JAVA_HOME=/apps/software/standard/core/java/17
_JAVA_OPTIONS=-Djava.io.tmpdir=/sfs/weka/scratch/wxw9rr/tmp
PATH=/apps/software/standard/core/java/17:/apps/software/standard/core/java/17/bin:/apps/software/standard/core/maven/3.9.0:/apps/software/standard/core/maven/3.9.0/bin:/home/wxw9rr/.local/bin:/opt/mam/9.1.2/bin:/sfs/gpfs/tardis/applications/202512/software/standard/core/code-server/4.99.1/lib/vscode/bin/remote-cli:/apps/software/standard/core/code-server/4.99.1/bin:/apps/software/standard/core/miniforge/24.3.0-py3.11:/apps/software/standard/core/miniforge/24.3.0-py3.11/sbin:/apps/software/standard/core/miniforge/24.3.0-py3.11/bin:/sfs/gpfs/tardis/home/wxw9rr/miniforge3/bin:/sfs/gpfs/tardis/home/wxw9rr/miniforge3/condabin:/usr/local/bin:/usr/bin:/usr/local/sbin:/usr/sbin:/opt/slurm/current/bin:/opt/rci/bin:/share/resources/HPCtools:/opt/mam/current/bin:/opt/apptainer/current/bin:/sfs/gpfs/tardis/home/wxw9rr/.local/bin
LD_LIBRARY_PATH=/apps/software/standard/core/java/17/lib:/apps/software/standard/core/maven/3.9.0/lib:/opt/slurm/current/lib
SHELL=/bin/bash
LANG=en_US.UTF-8
TERM=xterm-256color
TMPDIR=/sfs/weka/scratch/wxw9rr/tmp
TMP=/sfs/weka/scratch/wxw9rr/tmp
TEMP=/sfs/weka/scratch/wxw9rr/tmp

Active Locale:
LC_ALL=en_US.UTF-8
LC_COLLATE=en_US.UTF-8
LC_CTYPE=en_US.UTF-8
LC_MESSAGES=en_US.UTF-8
LC_MONETARY=en_US.UTF-8
LC_NUMERIC=en_US.UTF-8
LC_TIME=en_US.UTF-8

Signal Handlers:
   SIGSEGV: crash_handler in libjvm.so, mask=11100100010111111101111111111110, flags=SA_RESTART|SA_SIGINFO, unblocked
    SIGBUS: crash_handler in libjvm.so, mask=11100100010111111101111111111110, flags=SA_RESTART|SA_SIGINFO, unblocked
    SIGFPE: crash_handler in libjvm.so, mask=11100100010111111101111111111110, flags=SA_RESTART|SA_SIGINFO, unblocked
   SIGPIPE: javaSignalHandler in libjvm.so, mask=11100100010111111101111111111110, flags=SA_RESTART|SA_SIGINFO, unblocked
   SIGXFSZ: javaSignalHandler in libjvm.so, mask=11100100010111111101111111111110, flags=SA_RESTART|SA_SIGINFO, unblocked
    SIGILL: crash_handler in libjvm.so, mask=11100100010111111101111111111110, flags=SA_RESTART|SA_SIGINFO, unblocked
   SIGUSR2: SR_handler in libjvm.so, mask=00100000000000000000000000000000, flags=SA_RESTART|SA_SIGINFO, unblocked
    SIGHUP: UserHandler in libjvm.so, mask=11100100010111111101111111111110, flags=SA_RESTART|SA_SIGINFO, unblocked
    SIGINT: UserHandler in libjvm.so, mask=11100100010111111101111111111110, flags=SA_RESTART|SA_SIGINFO, unblocked
   SIGTERM: UserHandler in libjvm.so, mask=11100100010111111101111111111110, flags=SA_RESTART|SA_SIGINFO, unblocked
   SIGQUIT: UserHandler in libjvm.so, mask=11100100010111111101111111111110, flags=SA_RESTART|SA_SIGINFO, unblocked
   SIGTRAP: crash_handler in libjvm.so, mask=11100100010111111101111111111110, flags=SA_RESTART|SA_SIGINFO, unblocked


Periodic native trim disabled


---------------  S Y S T E M  ---------------

OS:
Rocky Linux release 8.10 (Green Obsidian)
uname: Linux 4.18.0-553.47.1.el8_10.x86_64 #1 SMP Thu Apr 3 14:27:08 UTC 2025 x86_64
OS uptime: 88 days 17:13 hours
libc: glibc 2.28 NPTL 2.28 
rlimit (soft/hard): STACK 8192k/infinity , CORE infinity/infinity , NPROC 3094208/3094208 , NOFILE 65536/65536 , AS infinity/infinity , CPU infinity/infinity , DATA infinity/infinity , FSIZE infinity/infinity , MEMLOCK infinity/infinity
load average: 107.72 68.92 51.21

/proc/meminfo:
MemTotal:       792160700 kB
MemFree:        73366760 kB
MemAvailable:   310217496 kB
Buffers:           28000 kB
Cached:         257948752 kB
SwapCached:            0 kB
Active:         92673448 kB
Inactive:       585097856 kB
Active(anon):    9145900 kB
Inactive(anon): 430775676 kB
Active(file):   83527548 kB
Inactive(file): 154322180 kB
Unevictable:    16958460 kB
Mlocked:        16958460 kB
SwapTotal:             0 kB
SwapFree:              0 kB
Dirty:                88 kB
Writeback:             0 kB
AnonPages:      436653536 kB
Mapped:          3395584 kB
Shmem:          19762004 kB
KReclaimable:    4104324 kB
Slab:            6625380 kB
SReclaimable:    4104324 kB
SUnreclaim:      2521056 kB
KernelStack:      109824 kB
PageTables:      1071092 kB
NFS_Unstable:          0 kB
Bounce:                0 kB
WritebackTmp:          0 kB
CommitLimit:    772820100 kB
Committed_AS:   772613812 kB
VmallocTotal:   13743895347199 kB
VmallocUsed:     2471176 kB
VmallocChunk:          0 kB
Percpu:           909312 kB
HardwareCorrupted:     0 kB
AnonHugePages:  131377152 kB
ShmemHugePages:        0 kB
ShmemPmdMapped:        0 kB
FileHugePages:         0 kB
FilePmdMapped:         0 kB
HugePages_Total:    5632
HugePages_Free:        0
HugePages_Rsvd:        0
HugePages_Surp:        0
Hugepagesize:       2048 kB
Hugetlb:        11534336 kB
DirectMap4k:     1240012 kB
DirectMap2M:    201951232 kB
DirectMap1G:    602931200 kB

/sys/kernel/mm/transparent_hugepage/enabled: [always] madvise never
/sys/kernel/mm/transparent_hugepage/hpage_pmd_size: 2097152
/sys/kernel/mm/transparent_hugepage/defrag (defrag/compaction efforts parameter): always defer defer+madvise [madvise] never

Process Memory:
Virtual Size: 36640528K (peak: 37607184K)
Resident Set Size: 28207956K (peak: 28207956K) (anon: 28189648K, file: 18276K, shmem: 32K)
Swapped out: 0K
C-Heap outstanding allocations: 75761K, retained: 109862K (may have wrapped)
glibc malloc tunables: (default)

/proc/sys/kernel/threads-max (system-wide limit on the number of threads): 6188417
/proc/sys/vm/max_map_count (maximum number of memory map areas a process may have): 65530
/proc/sys/vm/swappiness (control to define how aggressively the kernel swaps out anonymous memory): 10
/proc/sys/kernel/pid_max (system-wide limit on number of process identifiers): 999999

container (cgroup) information:
container_type: cgroupv1
cpu_cpuset_cpus: 0-23
cpu_memory_nodes: 0-1
active_processor_count: 24
cpu_quota: no quota
cpu_period: 100000
cpu_shares: no shares
memory_limit_in_bytes: 536870912 k
memory_and_swap_limit_in_bytes: 536870912 k
memory_soft_limit_in_bytes: unlimited
memory_usage_in_bytes: 417154176 k
memory_max_usage_in_bytes: 441547720 k
kernel_memory_limit_in_bytes: unlimited
kernel_memory_usage_in_bytes: 2702336 k
kernel_memory_max_usage_in_bytes: 2715224 k
maximum number of tasks: unlimited
current number of tasks: 3823

Steal ticks since vm start: 0
Steal ticks percentage since vm start:  0.000

CPU: total 96 (initial active 24) (48 cores per cpu, 1 threads per core) family 25 model 17 stepping 1 microcode 0xa10113b, cx8, cmov, fxsr, mmx, 3dnowpref, sse, sse2, sse3, ssse3, sse4a, sse4.1, sse4.2, popcnt, lzcnt, tsc, tscinvbit, avx, avx2, aes, erms, clmul, bmi1, bmi2, adx, avx512f, avx512dq, avx512cd, avx512bw, avx512vl, sha, fma, vzeroupper, avx512_vpopcntdq, avx512_vpclmulqdq, avx512_vaes, avx512_vnni, clflush, clflushopt, avx512_vbmi2, avx512_vbmi
CPU Model and flags from /proc/cpuinfo:
model name	: AMD EPYC 9454 48-Core Processor
flags		: fpu vme de pse tsc msr pae mce cx8 apic sep mtrr pge mca cmov pat pse36 clflush mmx fxsr sse sse2 ht syscall nx mmxext fxsr_opt pdpe1gb rdtscp lm constant_tsc rep_good amd_lbr_v2 nopl nonstop_tsc cpuid extd_apicid aperfmperf pni pclmulqdq monitor ssse3 fma cx16 pcid sse4_1 sse4_2 x2apic movbe popcnt aes xsave avx f16c rdrand lahf_lm cmp_legacy svm extapic cr8_legacy abm sse4a misalignsse 3dnowprefetch osvw ibs skinit wdt tce topoext perfctr_core perfctr_nb bpext perfctr_llc mwaitx cpb cat_l3 cdp_l3 invpcid_single hw_pstate ssbd mba perfmon_v2 ibrs ibpb stibp ibrs_enhanced vmmcall fsgsbase bmi1 avx2 smep bmi2 erms invpcid cqm rdt_a avx512f avx512dq rdseed adx smap avx512ifma clflushopt clwb avx512cd sha_ni avx512bw avx512vl xsaveopt xsavec xgetbv1 xsaves cqm_llc cqm_occup_llc cqm_mbm_total cqm_mbm_local avx512_bf16 clzero irperf xsaveerptr wbnoinvd amd_ppin cppc arat npt lbrv svm_lock nrip_save tsc_scale vmcb_clean flushbyasid decodeassists pausefilter pfthreshold avic v_vmsave_vmload vgif x2avic v_spec_ctrl avx512vbmi umip pku ospke avx512_vbmi2 gfni vaes vpclmulqdq avx512_vnni avx512_bitalg avx512_vpopcntdq la57 rdpid overflow_recov succor smca fsrm flush_l1d

Online cpus: 0-95
Offline cpus: 96-511
BIOS frequency limitation: 2750000
Frequency switch latency (ns): 0
Available cpu frequencies: 2750000 2100000 1500000 
Current governor: performance
Core performance/turbo boost: 1

Memory: 4k page, physical 536870912k(120224572k free), swap 0k(0k free)
Page Sizes: 4k

vm_info: OpenJDK 64-Bit Server VM (17.0.15+6) for linux-amd64 JRE (17.0.15+6), built on Apr 15 2025 00:00:00 by "admin" with gcc 10.3.0

END.
