id,project,test_class,test_name,test_file_path,focal_file_path,focal_class,focal_package,oracle_type,junit_version
bean_12_2,commons-beanutils-1.9.4,BeanToPropertyValueTransformerTestCase,testTransformWithIndexedProperty_2_oe,src/test/java/org/apache/commons/beanutils/BeanToPropertyValueTransformerTestCase.java,,,,assert,unknown
bean_14_1,commons-beanutils-1.9.4,BeanToPropertyValueTransformerTestCase,testTransformWithNullInPath_1_oe,src/test/java/org/apache/commons/beanutils/BeanToPropertyValueTransformerTestCase.java,,,,assert,unknown
bean_16_1,commons-beanutils-1.9.4,FluentPropertyBeanIntrospectorTestCase,testInitNoPrefix_1_oe,src/test/java/org/apache/commons/beanutils/FluentPropertyBeanIntrospectorTestCase.java,,,,assert,unknown
bean_19_6,commons-beanutils-1.9.4,LazyDynaBeanTestCase,testSimpleProperty_6_oe,src/test/java/org/apache/commons/beanutils/LazyDynaBeanTestCase.java,,,,assert,unknown
bean_21_4,commons-beanutils-1.9.4,LazyDynaBeanTestCase,testSimplePropertyRestricted_4_oe,src/test/java/org/apache/commons/beanutils/LazyDynaBeanTestCase.java,,,,assert,unknown
bean_25_4,commons-beanutils-1.9.4,LazyDynaBeanTestCase,testMappedPropertyRestricted_4_oe,src/test/java/org/apache/commons/beanutils/LazyDynaBeanTestCase.java,,,,assert,unknown
bean_26_2,commons-beanutils-1.9.4,LazyDynaBeanTestCase,testMappedInvalidType_2_oe,src/test/java/org/apache/commons/beanutils/LazyDynaBeanTestCase.java,,,,assert,unknown
bean_33_4,commons-beanutils-1.9.4,LazyDynaBeanTestCase,testIndexedPropertyRestricted_4_oe,src/test/java/org/apache/commons/beanutils/LazyDynaBeanTestCase.java,,,,assert,unknown
bean_34_2,commons-beanutils-1.9.4,LazyDynaBeanTestCase,testIndexedInvalidType_2_oe,src/test/java/org/apache/commons/beanutils/LazyDynaBeanTestCase.java,,,,assert,unknown
bean_47_4,commons-beanutils-1.9.4,ConstructorUtilsTestCase,testInvokeExactConstructor_4_oe,src/test/java/org/apache/commons/beanutils/ConstructorUtilsTestCase.java,,,,assert,unknown
bean_49_1,commons-beanutils-1.9.4,ConstructorUtilsTestCase,testInvokeExactConstructorWithArgArray_1_oe,src/test/java/org/apache/commons/beanutils/ConstructorUtilsTestCase.java,,,,assert,unknown
bean_50_13,commons-beanutils-1.9.4,ConstructorUtilsTestCase,testInvokeExactConstructorWithTypeArray_13_oe,src/test/java/org/apache/commons/beanutils/ConstructorUtilsTestCase.java,,,,assert,unknown
bean_62_1,commons-beanutils-1.9.4,BasicDynaBeanTestCase,testGetDescriptorArguments_1_oe,src/test/java/org/apache/commons/beanutils/BasicDynaBeanTestCase.java,,,,assert,unknown
bean_62_3,commons-beanutils-1.9.4,BasicDynaBeanTestCase,testGetDescriptorArguments_3_oe,src/test/java/org/apache/commons/beanutils/BasicDynaBeanTestCase.java,,,,assert,unknown
bean_64_1,commons-beanutils-1.9.4,BasicDynaBeanTestCase,testGetIndexedArguments_1_oe,src/test/java/org/apache/commons/beanutils/BasicDynaBeanTestCase.java,,,,assert,unknown
bean_65_1,commons-beanutils-1.9.4,BasicDynaBeanTestCase,testGetIndexedValues_1_oe,src/test/java/org/apache/commons/beanutils/BasicDynaBeanTestCase.java,,,,assert,unknown
bean_65_2,commons-beanutils-1.9.4,BasicDynaBeanTestCase,testGetIndexedValues_2_oe,src/test/java/org/apache/commons/beanutils/BasicDynaBeanTestCase.java,,,,assert,unknown
bean_65_3,commons-beanutils-1.9.4,BasicDynaBeanTestCase,testGetIndexedValues_3_oe,src/test/java/org/apache/commons/beanutils/BasicDynaBeanTestCase.java,,,,assert,unknown
bean_65_5,commons-beanutils-1.9.4,BasicDynaBeanTestCase,testGetIndexedValues_5_oe,src/test/java/org/apache/commons/beanutils/BasicDynaBeanTestCase.java,,,,assert,unknown
bean_65_6,commons-beanutils-1.9.4,BasicDynaBeanTestCase,testGetIndexedValues_6_oe,src/test/java/org/apache/commons/beanutils/BasicDynaBeanTestCase.java,,,,assert,unknown
bean_65_7,commons-beanutils-1.9.4,BasicDynaBeanTestCase,testGetIndexedValues_7_oe,src/test/java/org/apache/commons/beanutils/BasicDynaBeanTestCase.java,,,,assert,unknown
bean_65_9,commons-beanutils-1.9.4,BasicDynaBeanTestCase,testGetIndexedValues_9_oe,src/test/java/org/apache/commons/beanutils/BasicDynaBeanTestCase.java,,,,assert,unknown
bean_65_10,commons-beanutils-1.9.4,BasicDynaBeanTestCase,testGetIndexedValues_10_oe,src/test/java/org/apache/commons/beanutils/BasicDynaBeanTestCase.java,,,,assert,unknown
bean_65_11,commons-beanutils-1.9.4,BasicDynaBeanTestCase,testGetIndexedValues_11_oe,src/test/java/org/apache/commons/beanutils/BasicDynaBeanTestCase.java,,,,assert,unknown
bean_65_13,commons-beanutils-1.9.4,BasicDynaBeanTestCase,testGetIndexedValues_13_oe,src/test/java/org/apache/commons/beanutils/BasicDynaBeanTestCase.java,,,,assert,unknown
bean_65_14,commons-beanutils-1.9.4,BasicDynaBeanTestCase,testGetIndexedValues_14_oe,src/test/java/org/apache/commons/beanutils/BasicDynaBeanTestCase.java,,,,assert,unknown
bean_65_15,commons-beanutils-1.9.4,BasicDynaBeanTestCase,testGetIndexedValues_15_oe,src/test/java/org/apache/commons/beanutils/BasicDynaBeanTestCase.java,,,,assert,unknown
bean_65_17,commons-beanutils-1.9.4,BasicDynaBeanTestCase,testGetIndexedValues_17_oe,src/test/java/org/apache/commons/beanutils/BasicDynaBeanTestCase.java,,,,assert,unknown
bean_65_18,commons-beanutils-1.9.4,BasicDynaBeanTestCase,testGetIndexedValues_18_oe,src/test/java/org/apache/commons/beanutils/BasicDynaBeanTestCase.java,,,,assert,unknown
bean_65_19,commons-beanutils-1.9.4,BasicDynaBeanTestCase,testGetIndexedValues_19_oe,src/test/java/org/apache/commons/beanutils/BasicDynaBeanTestCase.java,,,,assert,unknown
bean_66_1,commons-beanutils-1.9.4,BasicDynaBeanTestCase,testGetMappedArguments_1_oe,src/test/java/org/apache/commons/beanutils/BasicDynaBeanTestCase.java,,,,assert,unknown
bean_67_1,commons-beanutils-1.9.4,BasicDynaBeanTestCase,testGetMappedValues_1_oe,src/test/java/org/apache/commons/beanutils/BasicDynaBeanTestCase.java,,,,assert,unknown
bean_67_3,commons-beanutils-1.9.4,BasicDynaBeanTestCase,testGetMappedValues_3_oe,src/test/java/org/apache/commons/beanutils/BasicDynaBeanTestCase.java,,,,assert,unknown
bean_67_5,commons-beanutils-1.9.4,BasicDynaBeanTestCase,testGetMappedValues_5_oe,src/test/java/org/apache/commons/beanutils/BasicDynaBeanTestCase.java,,,,assert,unknown
bean_68_1,commons-beanutils-1.9.4,BasicDynaBeanTestCase,testGetSimpleArguments_1_oe,src/test/java/org/apache/commons/beanutils/BasicDynaBeanTestCase.java,,,,assert,unknown
bean_69_1,commons-beanutils-1.9.4,BasicDynaBeanTestCase,testGetSimpleBoolean_1_oe,src/test/java/org/apache/commons/beanutils/BasicDynaBeanTestCase.java,,,,assert,unknown
bean_69_2,commons-beanutils-1.9.4,BasicDynaBeanTestCase,testGetSimpleBoolean_2_oe,src/test/java/org/apache/commons/beanutils/BasicDynaBeanTestCase.java,,,,assert,unknown
bean_69_3,commons-beanutils-1.9.4,BasicDynaBeanTestCase,testGetSimpleBoolean_3_oe,src/test/java/org/apache/commons/beanutils/BasicDynaBeanTestCase.java,,,,assert,unknown
bean_70_1,commons-beanutils-1.9.4,BasicDynaBeanTestCase,testGetSimpleDouble_1_oe,src/test/java/org/apache/commons/beanutils/BasicDynaBeanTestCase.java,,,,assert,unknown
bean_70_2,commons-beanutils-1.9.4,BasicDynaBeanTestCase,testGetSimpleDouble_2_oe,src/test/java/org/apache/commons/beanutils/BasicDynaBeanTestCase.java,,,,assert,unknown
bean_70_3,commons-beanutils-1.9.4,BasicDynaBeanTestCase,testGetSimpleDouble_3_oe,src/test/java/org/apache/commons/beanutils/BasicDynaBeanTestCase.java,,,,assert,unknown
bean_71_1,commons-beanutils-1.9.4,BasicDynaBeanTestCase,testGetSimpleFloat_1_oe,src/test/java/org/apache/commons/beanutils/BasicDynaBeanTestCase.java,,,,assert,unknown
bean_71_2,commons-beanutils-1.9.4,BasicDynaBeanTestCase,testGetSimpleFloat_2_oe,src/test/java/org/apache/commons/beanutils/BasicDynaBeanTestCase.java,,,,assert,unknown
bean_71_3,commons-beanutils-1.9.4,BasicDynaBeanTestCase,testGetSimpleFloat_3_oe,src/test/java/org/apache/commons/beanutils/BasicDynaBeanTestCase.java,,,,assert,unknown
bean_72_1,commons-beanutils-1.9.4,BasicDynaBeanTestCase,testGetSimpleInt_1_oe,src/test/java/org/apache/commons/beanutils/BasicDynaBeanTestCase.java,,,,assert,unknown
bean_72_2,commons-beanutils-1.9.4,BasicDynaBeanTestCase,testGetSimpleInt_2_oe,src/test/java/org/apache/commons/beanutils/BasicDynaBeanTestCase.java,,,,assert,unknown
bean_72_3,commons-beanutils-1.9.4,BasicDynaBeanTestCase,testGetSimpleInt_3_oe,src/test/java/org/apache/commons/beanutils/BasicDynaBeanTestCase.java,,,,assert,unknown
bean_73_1,commons-beanutils-1.9.4,BasicDynaBeanTestCase,testGetSimpleLong_1_oe,src/test/java/org/apache/commons/beanutils/BasicDynaBeanTestCase.java,,,,assert,unknown
bean_73_2,commons-beanutils-1.9.4,BasicDynaBeanTestCase,testGetSimpleLong_2_oe,src/test/java/org/apache/commons/beanutils/BasicDynaBeanTestCase.java,,,,assert,unknown
bean_73_3,commons-beanutils-1.9.4,BasicDynaBeanTestCase,testGetSimpleLong_3_oe,src/test/java/org/apache/commons/beanutils/BasicDynaBeanTestCase.java,,,,assert,unknown
bean_74_1,commons-beanutils-1.9.4,BasicDynaBeanTestCase,testGetSimpleShort_1_oe,src/test/java/org/apache/commons/beanutils/BasicDynaBeanTestCase.java,,,,assert,unknown
bean_74_2,commons-beanutils-1.9.4,BasicDynaBeanTestCase,testGetSimpleShort_2_oe,src/test/java/org/apache/commons/beanutils/BasicDynaBeanTestCase.java,,,,assert,unknown
bean_74_3,commons-beanutils-1.9.4,BasicDynaBeanTestCase,testGetSimpleShort_3_oe,src/test/java/org/apache/commons/beanutils/BasicDynaBeanTestCase.java,,,,assert,unknown
bean_75_1,commons-beanutils-1.9.4,BasicDynaBeanTestCase,testGetSimpleString_1_oe,src/test/java/org/apache/commons/beanutils/BasicDynaBeanTestCase.java,,,,assert,unknown
bean_75_2,commons-beanutils-1.9.4,BasicDynaBeanTestCase,testGetSimpleString_2_oe,src/test/java/org/apache/commons/beanutils/BasicDynaBeanTestCase.java,,,,assert,unknown
bean_75_3,commons-beanutils-1.9.4,BasicDynaBeanTestCase,testGetSimpleString_3_oe,src/test/java/org/apache/commons/beanutils/BasicDynaBeanTestCase.java,,,,assert,unknown
bean_76_1,commons-beanutils-1.9.4,BasicDynaBeanTestCase,testMappedContains_1_oe,src/test/java/org/apache/commons/beanutils/BasicDynaBeanTestCase.java,,,,assert,unknown
bean_76_3,commons-beanutils-1.9.4,BasicDynaBeanTestCase,testMappedContains_3_oe,src/test/java/org/apache/commons/beanutils/BasicDynaBeanTestCase.java,,,,assert,unknown
bean_77_1,commons-beanutils-1.9.4,BasicDynaBeanTestCase,testMappedRemove_1_oe,src/test/java/org/apache/commons/beanutils/BasicDynaBeanTestCase.java,,,,assert,unknown
bean_77_2,commons-beanutils-1.9.4,BasicDynaBeanTestCase,testMappedRemove_2_oe,src/test/java/org/apache/commons/beanutils/BasicDynaBeanTestCase.java,,,,assert,unknown
bean_77_4,commons-beanutils-1.9.4,BasicDynaBeanTestCase,testMappedRemove_4_oe,src/test/java/org/apache/commons/beanutils/BasicDynaBeanTestCase.java,,,,assert,unknown
bean_77_5,commons-beanutils-1.9.4,BasicDynaBeanTestCase,testMappedRemove_5_oe,src/test/java/org/apache/commons/beanutils/BasicDynaBeanTestCase.java,,,,assert,unknown
bean_79_1,commons-beanutils-1.9.4,BasicDynaBeanTestCase,testSetIndexedArguments_1_oe,src/test/java/org/apache/commons/beanutils/BasicDynaBeanTestCase.java,,,,assert,unknown
bean_80_1,commons-beanutils-1.9.4,BasicDynaBeanTestCase,testSetIndexedValues_1_oe,src/test/java/org/apache/commons/beanutils/BasicDynaBeanTestCase.java,,,,assert,unknown
bean_80_2,commons-beanutils-1.9.4,BasicDynaBeanTestCase,testSetIndexedValues_2_oe,src/test/java/org/apache/commons/beanutils/BasicDynaBeanTestCase.java,,,,assert,unknown
bean_80_3,commons-beanutils-1.9.4,BasicDynaBeanTestCase,testSetIndexedValues_3_oe,src/test/java/org/apache/commons/beanutils/BasicDynaBeanTestCase.java,,,,assert,unknown
bean_80_5,commons-beanutils-1.9.4,BasicDynaBeanTestCase,testSetIndexedValues_5_oe,src/test/java/org/apache/commons/beanutils/BasicDynaBeanTestCase.java,,,,assert,unknown
bean_80_6,commons-beanutils-1.9.4,BasicDynaBeanTestCase,testSetIndexedValues_6_oe,src/test/java/org/apache/commons/beanutils/BasicDynaBeanTestCase.java,,,,assert,unknown
bean_80_7,commons-beanutils-1.9.4,BasicDynaBeanTestCase,testSetIndexedValues_7_oe,src/test/java/org/apache/commons/beanutils/BasicDynaBeanTestCase.java,,,,assert,unknown
bean_80_9,commons-beanutils-1.9.4,BasicDynaBeanTestCase,testSetIndexedValues_9_oe,src/test/java/org/apache/commons/beanutils/BasicDynaBeanTestCase.java,,,,assert,unknown
bean_80_10,commons-beanutils-1.9.4,BasicDynaBeanTestCase,testSetIndexedValues_10_oe,src/test/java/org/apache/commons/beanutils/BasicDynaBeanTestCase.java,,,,assert,unknown
bean_80_11,commons-beanutils-1.9.4,BasicDynaBeanTestCase,testSetIndexedValues_11_oe,src/test/java/org/apache/commons/beanutils/BasicDynaBeanTestCase.java,,,,assert,unknown
bean_80_13,commons-beanutils-1.9.4,BasicDynaBeanTestCase,testSetIndexedValues_13_oe,src/test/java/org/apache/commons/beanutils/BasicDynaBeanTestCase.java,,,,assert,unknown
bean_80_14,commons-beanutils-1.9.4,BasicDynaBeanTestCase,testSetIndexedValues_14_oe,src/test/java/org/apache/commons/beanutils/BasicDynaBeanTestCase.java,,,,assert,unknown
bean_80_15,commons-beanutils-1.9.4,BasicDynaBeanTestCase,testSetIndexedValues_15_oe,src/test/java/org/apache/commons/beanutils/BasicDynaBeanTestCase.java,,,,assert,unknown
bean_80_17,commons-beanutils-1.9.4,BasicDynaBeanTestCase,testSetIndexedValues_17_oe,src/test/java/org/apache/commons/beanutils/BasicDynaBeanTestCase.java,,,,assert,unknown
bean_80_18,commons-beanutils-1.9.4,BasicDynaBeanTestCase,testSetIndexedValues_18_oe,src/test/java/org/apache/commons/beanutils/BasicDynaBeanTestCase.java,,,,assert,unknown
bean_80_19,commons-beanutils-1.9.4,BasicDynaBeanTestCase,testSetIndexedValues_19_oe,src/test/java/org/apache/commons/beanutils/BasicDynaBeanTestCase.java,,,,assert,unknown
bean_81_1,commons-beanutils-1.9.4,BasicDynaBeanTestCase,testSetMappedValues_1_oe,src/test/java/org/apache/commons/beanutils/BasicDynaBeanTestCase.java,,,,assert,unknown
bean_81_3,commons-beanutils-1.9.4,BasicDynaBeanTestCase,testSetMappedValues_3_oe,src/test/java/org/apache/commons/beanutils/BasicDynaBeanTestCase.java,,,,assert,unknown
bean_82_1,commons-beanutils-1.9.4,BasicDynaBeanTestCase,testSetSimpleBoolean_1_oe,src/test/java/org/apache/commons/beanutils/BasicDynaBeanTestCase.java,,,,assert,unknown
bean_83_1,commons-beanutils-1.9.4,BasicDynaBeanTestCase,testSetSimpleDouble_1_oe,src/test/java/org/apache/commons/beanutils/BasicDynaBeanTestCase.java,,,,assert,unknown
bean_84_1,commons-beanutils-1.9.4,BasicDynaBeanTestCase,testSetSimpleFloat_1_oe,src/test/java/org/apache/commons/beanutils/BasicDynaBeanTestCase.java,,,,assert,unknown
bean_85_1,commons-beanutils-1.9.4,BasicDynaBeanTestCase,testSetSimpleInt_1_oe,src/test/java/org/apache/commons/beanutils/BasicDynaBeanTestCase.java,,,,assert,unknown
bean_86_1,commons-beanutils-1.9.4,BasicDynaBeanTestCase,testSetSimpleLong_1_oe,src/test/java/org/apache/commons/beanutils/BasicDynaBeanTestCase.java,,,,assert,unknown
bean_87_1,commons-beanutils-1.9.4,BasicDynaBeanTestCase,testSetSimpleShort_1_oe,src/test/java/org/apache/commons/beanutils/BasicDynaBeanTestCase.java,,,,assert,unknown
bean_88_1,commons-beanutils-1.9.4,BasicDynaBeanTestCase,testSetSimpleString_1_oe,src/test/java/org/apache/commons/beanutils/BasicDynaBeanTestCase.java,,,,assert,unknown
bean_98_1,commons-beanutils-1.9.4,MethodUtilsTestCase,testInvokeMethodUnknown_1_oe,src/test/java/org/apache/commons/beanutils/MethodUtilsTestCase.java,,,,assert,unknown
bean_110_1,commons-beanutils-1.9.4,MethodUtilsTestCase,testSimpleStatic1_1_oe,src/test/java/org/apache/commons/beanutils/MethodUtilsTestCase.java,,,,assert,unknown
bean_110_2,commons-beanutils-1.9.4,MethodUtilsTestCase,testSimpleStatic1_2_oe,src/test/java/org/apache/commons/beanutils/MethodUtilsTestCase.java,,,,assert,unknown
bean_110_3,commons-beanutils-1.9.4,MethodUtilsTestCase,testSimpleStatic1_3_oe,src/test/java/org/apache/commons/beanutils/MethodUtilsTestCase.java,,,,assert,unknown
bean_110_4,commons-beanutils-1.9.4,MethodUtilsTestCase,testSimpleStatic1_4_oe,src/test/java/org/apache/commons/beanutils/MethodUtilsTestCase.java,,,,assert,unknown
bean_110_5,commons-beanutils-1.9.4,MethodUtilsTestCase,testSimpleStatic1_5_oe,src/test/java/org/apache/commons/beanutils/MethodUtilsTestCase.java,,,,assert,unknown
bean_110_6,commons-beanutils-1.9.4,MethodUtilsTestCase,testSimpleStatic1_6_oe,src/test/java/org/apache/commons/beanutils/MethodUtilsTestCase.java,,,,assert,unknown
bean_110_7,commons-beanutils-1.9.4,MethodUtilsTestCase,testSimpleStatic1_7_oe,src/test/java/org/apache/commons/beanutils/MethodUtilsTestCase.java,,,,assert,unknown
bean_110_8,commons-beanutils-1.9.4,MethodUtilsTestCase,testSimpleStatic1_8_oe,src/test/java/org/apache/commons/beanutils/MethodUtilsTestCase.java,,,,assert,unknown
bean_110_9,commons-beanutils-1.9.4,MethodUtilsTestCase,testSimpleStatic1_9_oe,src/test/java/org/apache/commons/beanutils/MethodUtilsTestCase.java,,,,assert,unknown
bean_111_1,commons-beanutils-1.9.4,MethodUtilsTestCase,testSimpleStatic2_1_oe,src/test/java/org/apache/commons/beanutils/MethodUtilsTestCase.java,,,,assert,unknown
bean_111_2,commons-beanutils-1.9.4,MethodUtilsTestCase,testSimpleStatic2_2_oe,src/test/java/org/apache/commons/beanutils/MethodUtilsTestCase.java,,,,assert,unknown
bean_111_3,commons-beanutils-1.9.4,MethodUtilsTestCase,testSimpleStatic2_3_oe,src/test/java/org/apache/commons/beanutils/MethodUtilsTestCase.java,,,,assert,unknown
bean_111_4,commons-beanutils-1.9.4,MethodUtilsTestCase,testSimpleStatic2_4_oe,src/test/java/org/apache/commons/beanutils/MethodUtilsTestCase.java,,,,assert,unknown
bean_111_5,commons-beanutils-1.9.4,MethodUtilsTestCase,testSimpleStatic2_5_oe,src/test/java/org/apache/commons/beanutils/MethodUtilsTestCase.java,,,,assert,unknown
bean_111_6,commons-beanutils-1.9.4,MethodUtilsTestCase,testSimpleStatic2_6_oe,src/test/java/org/apache/commons/beanutils/MethodUtilsTestCase.java,,,,assert,unknown
bean_111_7,commons-beanutils-1.9.4,MethodUtilsTestCase,testSimpleStatic2_7_oe,src/test/java/org/apache/commons/beanutils/MethodUtilsTestCase.java,,,,assert,unknown
bean_111_8,commons-beanutils-1.9.4,MethodUtilsTestCase,testSimpleStatic2_8_oe,src/test/java/org/apache/commons/beanutils/MethodUtilsTestCase.java,,,,assert,unknown
bean_111_9,commons-beanutils-1.9.4,MethodUtilsTestCase,testSimpleStatic2_9_oe,src/test/java/org/apache/commons/beanutils/MethodUtilsTestCase.java,,,,assert,unknown
bean_112_1,commons-beanutils-1.9.4,MethodUtilsTestCase,testSimpleStatic3_1_oe,src/test/java/org/apache/commons/beanutils/MethodUtilsTestCase.java,,,,assert,unknown
bean_112_2,commons-beanutils-1.9.4,MethodUtilsTestCase,testSimpleStatic3_2_oe,src/test/java/org/apache/commons/beanutils/MethodUtilsTestCase.java,,,,assert,unknown
bean_112_3,commons-beanutils-1.9.4,MethodUtilsTestCase,testSimpleStatic3_3_oe,src/test/java/org/apache/commons/beanutils/MethodUtilsTestCase.java,,,,assert,unknown
bean_112_4,commons-beanutils-1.9.4,MethodUtilsTestCase,testSimpleStatic3_4_oe,src/test/java/org/apache/commons/beanutils/MethodUtilsTestCase.java,,,,assert,unknown
bean_112_5,commons-beanutils-1.9.4,MethodUtilsTestCase,testSimpleStatic3_5_oe,src/test/java/org/apache/commons/beanutils/MethodUtilsTestCase.java,,,,assert,unknown
bean_112_6,commons-beanutils-1.9.4,MethodUtilsTestCase,testSimpleStatic3_6_oe,src/test/java/org/apache/commons/beanutils/MethodUtilsTestCase.java,,,,assert,unknown
bean_112_7,commons-beanutils-1.9.4,MethodUtilsTestCase,testSimpleStatic3_7_oe,src/test/java/org/apache/commons/beanutils/MethodUtilsTestCase.java,,,,assert,unknown
bean_112_8,commons-beanutils-1.9.4,MethodUtilsTestCase,testSimpleStatic3_8_oe,src/test/java/org/apache/commons/beanutils/MethodUtilsTestCase.java,,,,assert,unknown
bean_112_9,commons-beanutils-1.9.4,MethodUtilsTestCase,testSimpleStatic3_9_oe,src/test/java/org/apache/commons/beanutils/MethodUtilsTestCase.java,,,,assert,unknown
bean_112_10,commons-beanutils-1.9.4,MethodUtilsTestCase,testSimpleStatic3_10_oe,src/test/java/org/apache/commons/beanutils/MethodUtilsTestCase.java,,,,assert,unknown
bean_112_11,commons-beanutils-1.9.4,MethodUtilsTestCase,testSimpleStatic3_11_oe,src/test/java/org/apache/commons/beanutils/MethodUtilsTestCase.java,,,,assert,unknown
bean_112_12,commons-beanutils-1.9.4,MethodUtilsTestCase,testSimpleStatic3_12_oe,src/test/java/org/apache/commons/beanutils/MethodUtilsTestCase.java,,,,assert,unknown
bean_112_13,commons-beanutils-1.9.4,MethodUtilsTestCase,testSimpleStatic3_13_oe,src/test/java/org/apache/commons/beanutils/MethodUtilsTestCase.java,,,,assert,unknown
bean_112_14,commons-beanutils-1.9.4,MethodUtilsTestCase,testSimpleStatic3_14_oe,src/test/java/org/apache/commons/beanutils/MethodUtilsTestCase.java,,,,assert,unknown
bean_112_15,commons-beanutils-1.9.4,MethodUtilsTestCase,testSimpleStatic3_15_oe,src/test/java/org/apache/commons/beanutils/MethodUtilsTestCase.java,,,,assert,unknown
bean_112_16,commons-beanutils-1.9.4,MethodUtilsTestCase,testSimpleStatic3_16_oe,src/test/java/org/apache/commons/beanutils/MethodUtilsTestCase.java,,,,assert,unknown
bean_112_17,commons-beanutils-1.9.4,MethodUtilsTestCase,testSimpleStatic3_17_oe,src/test/java/org/apache/commons/beanutils/MethodUtilsTestCase.java,,,,assert,unknown
bean_112_18,commons-beanutils-1.9.4,MethodUtilsTestCase,testSimpleStatic3_18_oe,src/test/java/org/apache/commons/beanutils/MethodUtilsTestCase.java,,,,assert,unknown
bean_112_19,commons-beanutils-1.9.4,MethodUtilsTestCase,testSimpleStatic3_19_oe,src/test/java/org/apache/commons/beanutils/MethodUtilsTestCase.java,,,,assert,unknown
bean_112_20,commons-beanutils-1.9.4,MethodUtilsTestCase,testSimpleStatic3_20_oe,src/test/java/org/apache/commons/beanutils/MethodUtilsTestCase.java,,,,assert,unknown
bean_112_21,commons-beanutils-1.9.4,MethodUtilsTestCase,testSimpleStatic3_21_oe,src/test/java/org/apache/commons/beanutils/MethodUtilsTestCase.java,,,,assert,unknown
bean_112_22,commons-beanutils-1.9.4,MethodUtilsTestCase,testSimpleStatic3_22_oe,src/test/java/org/apache/commons/beanutils/MethodUtilsTestCase.java,,,,assert,unknown
bean_112_23,commons-beanutils-1.9.4,MethodUtilsTestCase,testSimpleStatic3_23_oe,src/test/java/org/apache/commons/beanutils/MethodUtilsTestCase.java,,,,assert,unknown
bean_112_24,commons-beanutils-1.9.4,MethodUtilsTestCase,testSimpleStatic3_24_oe,src/test/java/org/apache/commons/beanutils/MethodUtilsTestCase.java,,,,assert,unknown
bean_119_1,commons-beanutils-1.9.4,DynaResultSetTestCase,testGetDynaProperty_1_oe,src/test/java/org/apache/commons/beanutils/DynaResultSetTestCase.java,,,,assert,unknown
bean_121_1,commons-beanutils-1.9.4,DynaResultSetTestCase,testNewInstance_1_oe,src/test/java/org/apache/commons/beanutils/DynaResultSetTestCase.java,,,,assert,unknown
bean_123_1,commons-beanutils-1.9.4,DynaResultSetTestCase,testIteratorResults_1_oe,src/test/java/org/apache/commons/beanutils/DynaResultSetTestCase.java,,,,assert,unknown
bean_124_2,commons-beanutils-1.9.4,DynaResultSetTestCase,testIteratorResultsNormalCase_2_oe,src/test/java/org/apache/commons/beanutils/DynaResultSetTestCase.java,,,,assert,unknown
bean_141_1,commons-beanutils-1.9.4,DynaBeanUtilsTestCase,testPopulateArrayProperties_1_oe,src/test/java/org/apache/commons/beanutils/DynaBeanUtilsTestCase.java,,,,assert,unknown
bean_141_2,commons-beanutils-1.9.4,DynaBeanUtilsTestCase,testPopulateArrayProperties_2_oe,src/test/java/org/apache/commons/beanutils/DynaBeanUtilsTestCase.java,,,,assert,unknown
bean_141_3,commons-beanutils-1.9.4,DynaBeanUtilsTestCase,testPopulateArrayProperties_3_oe,src/test/java/org/apache/commons/beanutils/DynaBeanUtilsTestCase.java,,,,assert,unknown
bean_141_4,commons-beanutils-1.9.4,DynaBeanUtilsTestCase,testPopulateArrayProperties_4_oe,src/test/java/org/apache/commons/beanutils/DynaBeanUtilsTestCase.java,,,,assert,unknown
bean_141_5,commons-beanutils-1.9.4,DynaBeanUtilsTestCase,testPopulateArrayProperties_5_oe,src/test/java/org/apache/commons/beanutils/DynaBeanUtilsTestCase.java,,,,assert,unknown
bean_141_6,commons-beanutils-1.9.4,DynaBeanUtilsTestCase,testPopulateArrayProperties_6_oe,src/test/java/org/apache/commons/beanutils/DynaBeanUtilsTestCase.java,,,,assert,unknown
bean_141_7,commons-beanutils-1.9.4,DynaBeanUtilsTestCase,testPopulateArrayProperties_7_oe,src/test/java/org/apache/commons/beanutils/DynaBeanUtilsTestCase.java,,,,assert,unknown
bean_141_8,commons-beanutils-1.9.4,DynaBeanUtilsTestCase,testPopulateArrayProperties_8_oe,src/test/java/org/apache/commons/beanutils/DynaBeanUtilsTestCase.java,,,,assert,unknown
bean_141_9,commons-beanutils-1.9.4,DynaBeanUtilsTestCase,testPopulateArrayProperties_9_oe,src/test/java/org/apache/commons/beanutils/DynaBeanUtilsTestCase.java,,,,assert,unknown
bean_142_1,commons-beanutils-1.9.4,DynaBeanUtilsTestCase,testGetArrayProperty_1_oe,src/test/java/org/apache/commons/beanutils/DynaBeanUtilsTestCase.java,,,,assert,unknown
bean_142_2,commons-beanutils-1.9.4,DynaBeanUtilsTestCase,testGetArrayProperty_2_oe,src/test/java/org/apache/commons/beanutils/DynaBeanUtilsTestCase.java,,,,assert,unknown
bean_143_1,commons-beanutils-1.9.4,DynaBeanUtilsTestCase,testGetIndexedProperty1_1_oe,src/test/java/org/apache/commons/beanutils/DynaBeanUtilsTestCase.java,,,,assert,unknown
bean_143_2,commons-beanutils-1.9.4,DynaBeanUtilsTestCase,testGetIndexedProperty1_2_oe,src/test/java/org/apache/commons/beanutils/DynaBeanUtilsTestCase.java,,,,assert,unknown
bean_144_1,commons-beanutils-1.9.4,DynaBeanUtilsTestCase,testGetIndexedProperty2_1_oe,src/test/java/org/apache/commons/beanutils/DynaBeanUtilsTestCase.java,,,,assert,unknown
bean_144_2,commons-beanutils-1.9.4,DynaBeanUtilsTestCase,testGetIndexedProperty2_2_oe,src/test/java/org/apache/commons/beanutils/DynaBeanUtilsTestCase.java,,,,assert,unknown
bean_145_1,commons-beanutils-1.9.4,DynaBeanUtilsTestCase,testGetNestedProperty_1_oe,src/test/java/org/apache/commons/beanutils/DynaBeanUtilsTestCase.java,,,,assert,unknown
bean_146_1,commons-beanutils-1.9.4,DynaBeanUtilsTestCase,testGetGeneralProperty_1_oe,src/test/java/org/apache/commons/beanutils/DynaBeanUtilsTestCase.java,,,,assert,unknown
bean_147_1,commons-beanutils-1.9.4,DynaBeanUtilsTestCase,testGetSimpleProperty_1_oe,src/test/java/org/apache/commons/beanutils/DynaBeanUtilsTestCase.java,,,,assert,unknown
bean_148_1,commons-beanutils-1.9.4,DynaBeanUtilsTestCase,testPopulateArrayElements_1_oe,src/test/java/org/apache/commons/beanutils/DynaBeanUtilsTestCase.java,,,,assert,unknown
bean_148_2,commons-beanutils-1.9.4,DynaBeanUtilsTestCase,testPopulateArrayElements_2_oe,src/test/java/org/apache/commons/beanutils/DynaBeanUtilsTestCase.java,,,,assert,unknown
bean_148_3,commons-beanutils-1.9.4,DynaBeanUtilsTestCase,testPopulateArrayElements_3_oe,src/test/java/org/apache/commons/beanutils/DynaBeanUtilsTestCase.java,,,,assert,unknown
bean_148_4,commons-beanutils-1.9.4,DynaBeanUtilsTestCase,testPopulateArrayElements_4_oe,src/test/java/org/apache/commons/beanutils/DynaBeanUtilsTestCase.java,,,,assert,unknown
bean_148_5,commons-beanutils-1.9.4,DynaBeanUtilsTestCase,testPopulateArrayElements_5_oe,src/test/java/org/apache/commons/beanutils/DynaBeanUtilsTestCase.java,,,,assert,unknown
bean_148_6,commons-beanutils-1.9.4,DynaBeanUtilsTestCase,testPopulateArrayElements_6_oe,src/test/java/org/apache/commons/beanutils/DynaBeanUtilsTestCase.java,,,,assert,unknown
bean_148_7,commons-beanutils-1.9.4,DynaBeanUtilsTestCase,testPopulateArrayElements_7_oe,src/test/java/org/apache/commons/beanutils/DynaBeanUtilsTestCase.java,,,,assert,unknown
bean_148_8,commons-beanutils-1.9.4,DynaBeanUtilsTestCase,testPopulateArrayElements_8_oe,src/test/java/org/apache/commons/beanutils/DynaBeanUtilsTestCase.java,,,,assert,unknown
bean_148_9,commons-beanutils-1.9.4,DynaBeanUtilsTestCase,testPopulateArrayElements_9_oe,src/test/java/org/apache/commons/beanutils/DynaBeanUtilsTestCase.java,,,,assert,unknown
bean_148_10,commons-beanutils-1.9.4,DynaBeanUtilsTestCase,testPopulateArrayElements_10_oe,src/test/java/org/apache/commons/beanutils/DynaBeanUtilsTestCase.java,,,,assert,unknown
bean_149_1,commons-beanutils-1.9.4,DynaBeanUtilsTestCase,testPopulateMapped_1_oe,src/test/java/org/apache/commons/beanutils/DynaBeanUtilsTestCase.java,,,,assert,unknown
bean_149_2,commons-beanutils-1.9.4,DynaBeanUtilsTestCase,testPopulateMapped_2_oe,src/test/java/org/apache/commons/beanutils/DynaBeanUtilsTestCase.java,,,,assert,unknown
bean_149_3,commons-beanutils-1.9.4,DynaBeanUtilsTestCase,testPopulateMapped_3_oe,src/test/java/org/apache/commons/beanutils/DynaBeanUtilsTestCase.java,,,,assert,unknown
bean_149_4,commons-beanutils-1.9.4,DynaBeanUtilsTestCase,testPopulateMapped_4_oe,src/test/java/org/apache/commons/beanutils/DynaBeanUtilsTestCase.java,,,,assert,unknown
bean_150_1,commons-beanutils-1.9.4,DynaBeanUtilsTestCase,testPopulateNested_1_oe,src/test/java/org/apache/commons/beanutils/DynaBeanUtilsTestCase.java,,,,assert,unknown
bean_150_2,commons-beanutils-1.9.4,DynaBeanUtilsTestCase,testPopulateNested_2_oe,src/test/java/org/apache/commons/beanutils/DynaBeanUtilsTestCase.java,,,,assert,unknown
bean_150_3,commons-beanutils-1.9.4,DynaBeanUtilsTestCase,testPopulateNested_3_oe,src/test/java/org/apache/commons/beanutils/DynaBeanUtilsTestCase.java,,,,assert,unknown
bean_150_4,commons-beanutils-1.9.4,DynaBeanUtilsTestCase,testPopulateNested_4_oe,src/test/java/org/apache/commons/beanutils/DynaBeanUtilsTestCase.java,,,,assert,unknown
bean_150_5,commons-beanutils-1.9.4,DynaBeanUtilsTestCase,testPopulateNested_5_oe,src/test/java/org/apache/commons/beanutils/DynaBeanUtilsTestCase.java,,,,assert,unknown
bean_150_6,commons-beanutils-1.9.4,DynaBeanUtilsTestCase,testPopulateNested_6_oe,src/test/java/org/apache/commons/beanutils/DynaBeanUtilsTestCase.java,,,,assert,unknown
bean_150_7,commons-beanutils-1.9.4,DynaBeanUtilsTestCase,testPopulateNested_7_oe,src/test/java/org/apache/commons/beanutils/DynaBeanUtilsTestCase.java,,,,assert,unknown
bean_150_8,commons-beanutils-1.9.4,DynaBeanUtilsTestCase,testPopulateNested_8_oe,src/test/java/org/apache/commons/beanutils/DynaBeanUtilsTestCase.java,,,,assert,unknown
bean_151_1,commons-beanutils-1.9.4,DynaBeanUtilsTestCase,testPopulateScalar_1_oe,src/test/java/org/apache/commons/beanutils/DynaBeanUtilsTestCase.java,,,,assert,unknown
bean_151_2,commons-beanutils-1.9.4,DynaBeanUtilsTestCase,testPopulateScalar_2_oe,src/test/java/org/apache/commons/beanutils/DynaBeanUtilsTestCase.java,,,,assert,unknown
bean_151_3,commons-beanutils-1.9.4,DynaBeanUtilsTestCase,testPopulateScalar_3_oe,src/test/java/org/apache/commons/beanutils/DynaBeanUtilsTestCase.java,,,,assert,unknown
bean_151_4,commons-beanutils-1.9.4,DynaBeanUtilsTestCase,testPopulateScalar_4_oe,src/test/java/org/apache/commons/beanutils/DynaBeanUtilsTestCase.java,,,,assert,unknown
bean_151_5,commons-beanutils-1.9.4,DynaBeanUtilsTestCase,testPopulateScalar_5_oe,src/test/java/org/apache/commons/beanutils/DynaBeanUtilsTestCase.java,,,,assert,unknown
bean_151_6,commons-beanutils-1.9.4,DynaBeanUtilsTestCase,testPopulateScalar_6_oe,src/test/java/org/apache/commons/beanutils/DynaBeanUtilsTestCase.java,,,,assert,unknown
bean_151_7,commons-beanutils-1.9.4,DynaBeanUtilsTestCase,testPopulateScalar_7_oe,src/test/java/org/apache/commons/beanutils/DynaBeanUtilsTestCase.java,,,,assert,unknown
bean_151_8,commons-beanutils-1.9.4,DynaBeanUtilsTestCase,testPopulateScalar_8_oe,src/test/java/org/apache/commons/beanutils/DynaBeanUtilsTestCase.java,,,,assert,unknown
bean_151_9,commons-beanutils-1.9.4,DynaBeanUtilsTestCase,testPopulateScalar_9_oe,src/test/java/org/apache/commons/beanutils/DynaBeanUtilsTestCase.java,,,,assert,unknown
bean_165_4,commons-beanutils-1.9.4,LazyDynaMapTestCase,testSimplePropertyRestricted_4_oe,src/test/java/org/apache/commons/beanutils/LazyDynaMapTestCase.java,,,,assert,unknown
bean_169_4,commons-beanutils-1.9.4,LazyDynaMapTestCase,testMappedPropertyRestricted_4_oe,src/test/java/org/apache/commons/beanutils/LazyDynaMapTestCase.java,,,,assert,unknown
bean_170_2,commons-beanutils-1.9.4,LazyDynaMapTestCase,testMappedInvalidType_2_oe,src/test/java/org/apache/commons/beanutils/LazyDynaMapTestCase.java,,,,assert,unknown
bean_177_4,commons-beanutils-1.9.4,LazyDynaMapTestCase,testIndexedPropertyRestricted_4_oe,src/test/java/org/apache/commons/beanutils/LazyDynaMapTestCase.java,,,,assert,unknown
bean_178_2,commons-beanutils-1.9.4,LazyDynaMapTestCase,testIndexedInvalidType_2_oe,src/test/java/org/apache/commons/beanutils/LazyDynaMapTestCase.java,,,,assert,unknown
bean_182_1,commons-beanutils-1.9.4,PropertyUtilsTestCase,testGetDescriptorArguments_1_oe,src/test/java/org/apache/commons/beanutils/PropertyUtilsTestCase.java,,,,assert,unknown
bean_182_3,commons-beanutils-1.9.4,PropertyUtilsTestCase,testGetDescriptorArguments_3_oe,src/test/java/org/apache/commons/beanutils/PropertyUtilsTestCase.java,,,,assert,unknown
bean_184_2,commons-beanutils-1.9.4,PropertyUtilsTestCase,testGetDescriptorMappedPeriods_2_oe,src/test/java/org/apache/commons/beanutils/PropertyUtilsTestCase.java,,,,assert,unknown
bean_184_5,commons-beanutils-1.9.4,PropertyUtilsTestCase,testGetDescriptorMappedPeriods_5_oe,src/test/java/org/apache/commons/beanutils/PropertyUtilsTestCase.java,,,,assert,unknown
bean_186_1,commons-beanutils-1.9.4,PropertyUtilsTestCase,testGetDescriptorsArguments_1_oe,src/test/java/org/apache/commons/beanutils/PropertyUtilsTestCase.java,,,,assert,unknown
bean_187_1,commons-beanutils-1.9.4,PropertyUtilsTestCase,testGetIndexedArguments_1_oe,src/test/java/org/apache/commons/beanutils/PropertyUtilsTestCase.java,,,,assert,unknown
bean_187_3,commons-beanutils-1.9.4,PropertyUtilsTestCase,testGetIndexedArguments_3_oe,src/test/java/org/apache/commons/beanutils/PropertyUtilsTestCase.java,,,,assert,unknown
bean_187_5,commons-beanutils-1.9.4,PropertyUtilsTestCase,testGetIndexedArguments_5_oe,src/test/java/org/apache/commons/beanutils/PropertyUtilsTestCase.java,,,,assert,unknown
bean_187_7,commons-beanutils-1.9.4,PropertyUtilsTestCase,testGetIndexedArguments_7_oe,src/test/java/org/apache/commons/beanutils/PropertyUtilsTestCase.java,,,,assert,unknown
bean_187_9,commons-beanutils-1.9.4,PropertyUtilsTestCase,testGetIndexedArguments_9_oe,src/test/java/org/apache/commons/beanutils/PropertyUtilsTestCase.java,,,,assert,unknown
bean_187_11,commons-beanutils-1.9.4,PropertyUtilsTestCase,testGetIndexedArguments_11_oe,src/test/java/org/apache/commons/beanutils/PropertyUtilsTestCase.java,,,,assert,unknown
bean_187_13,commons-beanutils-1.9.4,PropertyUtilsTestCase,testGetIndexedArguments_13_oe,src/test/java/org/apache/commons/beanutils/PropertyUtilsTestCase.java,,,,assert,unknown
bean_187_15,commons-beanutils-1.9.4,PropertyUtilsTestCase,testGetIndexedArguments_15_oe,src/test/java/org/apache/commons/beanutils/PropertyUtilsTestCase.java,,,,assert,unknown
bean_187_17,commons-beanutils-1.9.4,PropertyUtilsTestCase,testGetIndexedArguments_17_oe,src/test/java/org/apache/commons/beanutils/PropertyUtilsTestCase.java,,,,assert,unknown
bean_187_19,commons-beanutils-1.9.4,PropertyUtilsTestCase,testGetIndexedArguments_19_oe,src/test/java/org/apache/commons/beanutils/PropertyUtilsTestCase.java,,,,assert,unknown
bean_188_1,commons-beanutils-1.9.4,PropertyUtilsTestCase,testGetIndexedValues_1_oe,src/test/java/org/apache/commons/beanutils/PropertyUtilsTestCase.java,,,,assert,unknown
bean_188_2,commons-beanutils-1.9.4,PropertyUtilsTestCase,testGetIndexedValues_2_oe,src/test/java/org/apache/commons/beanutils/PropertyUtilsTestCase.java,,,,assert,unknown
bean_188_3,commons-beanutils-1.9.4,PropertyUtilsTestCase,testGetIndexedValues_3_oe,src/test/java/org/apache/commons/beanutils/PropertyUtilsTestCase.java,,,,assert,unknown
bean_188_5,commons-beanutils-1.9.4,PropertyUtilsTestCase,testGetIndexedValues_5_oe,src/test/java/org/apache/commons/beanutils/PropertyUtilsTestCase.java,,,,assert,unknown
bean_188_6,commons-beanutils-1.9.4,PropertyUtilsTestCase,testGetIndexedValues_6_oe,src/test/java/org/apache/commons/beanutils/PropertyUtilsTestCase.java,,,,assert,unknown
bean_188_7,commons-beanutils-1.9.4,PropertyUtilsTestCase,testGetIndexedValues_7_oe,src/test/java/org/apache/commons/beanutils/PropertyUtilsTestCase.java,,,,assert,unknown
bean_188_9,commons-beanutils-1.9.4,PropertyUtilsTestCase,testGetIndexedValues_9_oe,src/test/java/org/apache/commons/beanutils/PropertyUtilsTestCase.java,,,,assert,unknown
bean_188_10,commons-beanutils-1.9.4,PropertyUtilsTestCase,testGetIndexedValues_10_oe,src/test/java/org/apache/commons/beanutils/PropertyUtilsTestCase.java,,,,assert,unknown
bean_188_11,commons-beanutils-1.9.4,PropertyUtilsTestCase,testGetIndexedValues_11_oe,src/test/java/org/apache/commons/beanutils/PropertyUtilsTestCase.java,,,,assert,unknown
bean_188_13,commons-beanutils-1.9.4,PropertyUtilsTestCase,testGetIndexedValues_13_oe,src/test/java/org/apache/commons/beanutils/PropertyUtilsTestCase.java,,,,assert,unknown
bean_188_14,commons-beanutils-1.9.4,PropertyUtilsTestCase,testGetIndexedValues_14_oe,src/test/java/org/apache/commons/beanutils/PropertyUtilsTestCase.java,,,,assert,unknown
bean_188_15,commons-beanutils-1.9.4,PropertyUtilsTestCase,testGetIndexedValues_15_oe,src/test/java/org/apache/commons/beanutils/PropertyUtilsTestCase.java,,,,assert,unknown
bean_188_17,commons-beanutils-1.9.4,PropertyUtilsTestCase,testGetIndexedValues_17_oe,src/test/java/org/apache/commons/beanutils/PropertyUtilsTestCase.java,,,,assert,unknown
bean_188_18,commons-beanutils-1.9.4,PropertyUtilsTestCase,testGetIndexedValues_18_oe,src/test/java/org/apache/commons/beanutils/PropertyUtilsTestCase.java,,,,assert,unknown
bean_188_19,commons-beanutils-1.9.4,PropertyUtilsTestCase,testGetIndexedValues_19_oe,src/test/java/org/apache/commons/beanutils/PropertyUtilsTestCase.java,,,,assert,unknown
bean_188_21,commons-beanutils-1.9.4,PropertyUtilsTestCase,testGetIndexedValues_21_oe,src/test/java/org/apache/commons/beanutils/PropertyUtilsTestCase.java,,,,assert,unknown
bean_188_22,commons-beanutils-1.9.4,PropertyUtilsTestCase,testGetIndexedValues_22_oe,src/test/java/org/apache/commons/beanutils/PropertyUtilsTestCase.java,,,,assert,unknown
bean_188_23,commons-beanutils-1.9.4,PropertyUtilsTestCase,testGetIndexedValues_23_oe,src/test/java/org/apache/commons/beanutils/PropertyUtilsTestCase.java,,,,assert,unknown
bean_188_25,commons-beanutils-1.9.4,PropertyUtilsTestCase,testGetIndexedValues_25_oe,src/test/java/org/apache/commons/beanutils/PropertyUtilsTestCase.java,,,,assert,unknown
bean_188_26,commons-beanutils-1.9.4,PropertyUtilsTestCase,testGetIndexedValues_26_oe,src/test/java/org/apache/commons/beanutils/PropertyUtilsTestCase.java,,,,assert,unknown
bean_188_27,commons-beanutils-1.9.4,PropertyUtilsTestCase,testGetIndexedValues_27_oe,src/test/java/org/apache/commons/beanutils/PropertyUtilsTestCase.java,,,,assert,unknown
bean_188_29,commons-beanutils-1.9.4,PropertyUtilsTestCase,testGetIndexedValues_29_oe,src/test/java/org/apache/commons/beanutils/PropertyUtilsTestCase.java,,,,assert,unknown
bean_188_30,commons-beanutils-1.9.4,PropertyUtilsTestCase,testGetIndexedValues_30_oe,src/test/java/org/apache/commons/beanutils/PropertyUtilsTestCase.java,,,,assert,unknown
bean_188_31,commons-beanutils-1.9.4,PropertyUtilsTestCase,testGetIndexedValues_31_oe,src/test/java/org/apache/commons/beanutils/PropertyUtilsTestCase.java,,,,assert,unknown
bean_188_33,commons-beanutils-1.9.4,PropertyUtilsTestCase,testGetIndexedValues_33_oe,src/test/java/org/apache/commons/beanutils/PropertyUtilsTestCase.java,,,,assert,unknown
bean_188_34,commons-beanutils-1.9.4,PropertyUtilsTestCase,testGetIndexedValues_34_oe,src/test/java/org/apache/commons/beanutils/PropertyUtilsTestCase.java,,,,assert,unknown
bean_188_35,commons-beanutils-1.9.4,PropertyUtilsTestCase,testGetIndexedValues_35_oe,src/test/java/org/apache/commons/beanutils/PropertyUtilsTestCase.java,,,,assert,unknown
bean_188_37,commons-beanutils-1.9.4,PropertyUtilsTestCase,testGetIndexedValues_37_oe,src/test/java/org/apache/commons/beanutils/PropertyUtilsTestCase.java,,,,assert,unknown
bean_188_38,commons-beanutils-1.9.4,PropertyUtilsTestCase,testGetIndexedValues_38_oe,src/test/java/org/apache/commons/beanutils/PropertyUtilsTestCase.java,,,,assert,unknown
bean_188_39,commons-beanutils-1.9.4,PropertyUtilsTestCase,testGetIndexedValues_39_oe,src/test/java/org/apache/commons/beanutils/PropertyUtilsTestCase.java,,,,assert,unknown
bean_188_41,commons-beanutils-1.9.4,PropertyUtilsTestCase,testGetIndexedValues_41_oe,src/test/java/org/apache/commons/beanutils/PropertyUtilsTestCase.java,,,,assert,unknown
bean_188_42,commons-beanutils-1.9.4,PropertyUtilsTestCase,testGetIndexedValues_42_oe,src/test/java/org/apache/commons/beanutils/PropertyUtilsTestCase.java,,,,assert,unknown
bean_188_43,commons-beanutils-1.9.4,PropertyUtilsTestCase,testGetIndexedValues_43_oe,src/test/java/org/apache/commons/beanutils/PropertyUtilsTestCase.java,,,,assert,unknown
bean_188_45,commons-beanutils-1.9.4,PropertyUtilsTestCase,testGetIndexedValues_45_oe,src/test/java/org/apache/commons/beanutils/PropertyUtilsTestCase.java,,,,assert,unknown
bean_188_46,commons-beanutils-1.9.4,PropertyUtilsTestCase,testGetIndexedValues_46_oe,src/test/java/org/apache/commons/beanutils/PropertyUtilsTestCase.java,,,,assert,unknown
bean_188_47,commons-beanutils-1.9.4,PropertyUtilsTestCase,testGetIndexedValues_47_oe,src/test/java/org/apache/commons/beanutils/PropertyUtilsTestCase.java,,,,assert,unknown
bean_188_49,commons-beanutils-1.9.4,PropertyUtilsTestCase,testGetIndexedValues_49_oe,src/test/java/org/apache/commons/beanutils/PropertyUtilsTestCase.java,,,,assert,unknown
bean_188_51,commons-beanutils-1.9.4,PropertyUtilsTestCase,testGetIndexedValues_51_oe,src/test/java/org/apache/commons/beanutils/PropertyUtilsTestCase.java,,,,assert,unknown
bean_188_53,commons-beanutils-1.9.4,PropertyUtilsTestCase,testGetIndexedValues_53_oe,src/test/java/org/apache/commons/beanutils/PropertyUtilsTestCase.java,,,,assert,unknown
bean_188_55,commons-beanutils-1.9.4,PropertyUtilsTestCase,testGetIndexedValues_55_oe,src/test/java/org/apache/commons/beanutils/PropertyUtilsTestCase.java,,,,assert,unknown
bean_188_57,commons-beanutils-1.9.4,PropertyUtilsTestCase,testGetIndexedValues_57_oe,src/test/java/org/apache/commons/beanutils/PropertyUtilsTestCase.java,,,,assert,unknown
bean_188_59,commons-beanutils-1.9.4,PropertyUtilsTestCase,testGetIndexedValues_59_oe,src/test/java/org/apache/commons/beanutils/PropertyUtilsTestCase.java,,,,assert,unknown
bean_188_61,commons-beanutils-1.9.4,PropertyUtilsTestCase,testGetIndexedValues_61_oe,src/test/java/org/apache/commons/beanutils/PropertyUtilsTestCase.java,,,,assert,unknown
bean_188_63,commons-beanutils-1.9.4,PropertyUtilsTestCase,testGetIndexedValues_63_oe,src/test/java/org/apache/commons/beanutils/PropertyUtilsTestCase.java,,,,assert,unknown
bean_188_65,commons-beanutils-1.9.4,PropertyUtilsTestCase,testGetIndexedValues_65_oe,src/test/java/org/apache/commons/beanutils/PropertyUtilsTestCase.java,,,,assert,unknown
bean_188_67,commons-beanutils-1.9.4,PropertyUtilsTestCase,testGetIndexedValues_67_oe,src/test/java/org/apache/commons/beanutils/PropertyUtilsTestCase.java,,,,assert,unknown
bean_188_69,commons-beanutils-1.9.4,PropertyUtilsTestCase,testGetIndexedValues_69_oe,src/test/java/org/apache/commons/beanutils/PropertyUtilsTestCase.java,,,,assert,unknown
bean_188_71,commons-beanutils-1.9.4,PropertyUtilsTestCase,testGetIndexedValues_71_oe,src/test/java/org/apache/commons/beanutils/PropertyUtilsTestCase.java,,,,assert,unknown
bean_189_1,commons-beanutils-1.9.4,PropertyUtilsTestCase,testGetIndexedArray_1_oe,src/test/java/org/apache/commons/beanutils/PropertyUtilsTestCase.java,,,,assert,unknown
bean_189_2,commons-beanutils-1.9.4,PropertyUtilsTestCase,testGetIndexedArray_2_oe,src/test/java/org/apache/commons/beanutils/PropertyUtilsTestCase.java,,,,assert,unknown
bean_189_3,commons-beanutils-1.9.4,PropertyUtilsTestCase,testGetIndexedArray_3_oe,src/test/java/org/apache/commons/beanutils/PropertyUtilsTestCase.java,,,,assert,unknown
bean_189_4,commons-beanutils-1.9.4,PropertyUtilsTestCase,testGetIndexedArray_4_oe,src/test/java/org/apache/commons/beanutils/PropertyUtilsTestCase.java,,,,assert,unknown
bean_189_5,commons-beanutils-1.9.4,PropertyUtilsTestCase,testGetIndexedArray_5_oe,src/test/java/org/apache/commons/beanutils/PropertyUtilsTestCase.java,,,,assert,unknown
bean_189_6,commons-beanutils-1.9.4,PropertyUtilsTestCase,testGetIndexedArray_6_oe,src/test/java/org/apache/commons/beanutils/PropertyUtilsTestCase.java,,,,assert,unknown
bean_189_7,commons-beanutils-1.9.4,PropertyUtilsTestCase,testGetIndexedArray_7_oe,src/test/java/org/apache/commons/beanutils/PropertyUtilsTestCase.java,,,,assert,unknown
bean_190_1,commons-beanutils-1.9.4,PropertyUtilsTestCase,testGetIndexedList_1_oe,src/test/java/org/apache/commons/beanutils/PropertyUtilsTestCase.java,,,,assert,unknown
bean_190_2,commons-beanutils-1.9.4,PropertyUtilsTestCase,testGetIndexedList_2_oe,src/test/java/org/apache/commons/beanutils/PropertyUtilsTestCase.java,,,,assert,unknown
bean_190_3,commons-beanutils-1.9.4,PropertyUtilsTestCase,testGetIndexedList_3_oe,src/test/java/org/apache/commons/beanutils/PropertyUtilsTestCase.java,,,,assert,unknown
bean_190_4,commons-beanutils-1.9.4,PropertyUtilsTestCase,testGetIndexedList_4_oe,src/test/java/org/apache/commons/beanutils/PropertyUtilsTestCase.java,,,,assert,unknown
bean_190_5,commons-beanutils-1.9.4,PropertyUtilsTestCase,testGetIndexedList_5_oe,src/test/java/org/apache/commons/beanutils/PropertyUtilsTestCase.java,,,,assert,unknown
bean_190_6,commons-beanutils-1.9.4,PropertyUtilsTestCase,testGetIndexedList_6_oe,src/test/java/org/apache/commons/beanutils/PropertyUtilsTestCase.java,,,,assert,unknown
bean_190_7,commons-beanutils-1.9.4,PropertyUtilsTestCase,testGetIndexedList_7_oe,src/test/java/org/apache/commons/beanutils/PropertyUtilsTestCase.java,,,,assert,unknown
bean_191_1,commons-beanutils-1.9.4,PropertyUtilsTestCase,testGetIndexedMap_1_oe,src/test/java/org/apache/commons/beanutils/PropertyUtilsTestCase.java,,,,assert,unknown
bean_191_2,commons-beanutils-1.9.4,PropertyUtilsTestCase,testGetIndexedMap_2_oe,src/test/java/org/apache/commons/beanutils/PropertyUtilsTestCase.java,,,,assert,unknown
bean_191_3,commons-beanutils-1.9.4,PropertyUtilsTestCase,testGetIndexedMap_3_oe,src/test/java/org/apache/commons/beanutils/PropertyUtilsTestCase.java,,,,assert,unknown
bean_191_4,commons-beanutils-1.9.4,PropertyUtilsTestCase,testGetIndexedMap_4_oe,src/test/java/org/apache/commons/beanutils/PropertyUtilsTestCase.java,,,,assert,unknown
bean_192_1,commons-beanutils-1.9.4,PropertyUtilsTestCase,testGetMappedArguments_1_oe,src/test/java/org/apache/commons/beanutils/PropertyUtilsTestCase.java,,,,assert,unknown
bean_192_3,commons-beanutils-1.9.4,PropertyUtilsTestCase,testGetMappedArguments_3_oe,src/test/java/org/apache/commons/beanutils/PropertyUtilsTestCase.java,,,,assert,unknown
bean_192_5,commons-beanutils-1.9.4,PropertyUtilsTestCase,testGetMappedArguments_5_oe,src/test/java/org/apache/commons/beanutils/PropertyUtilsTestCase.java,,,,assert,unknown
bean_192_7,commons-beanutils-1.9.4,PropertyUtilsTestCase,testGetMappedArguments_7_oe,src/test/java/org/apache/commons/beanutils/PropertyUtilsTestCase.java,,,,assert,unknown
bean_192_9,commons-beanutils-1.9.4,PropertyUtilsTestCase,testGetMappedArguments_9_oe,src/test/java/org/apache/commons/beanutils/PropertyUtilsTestCase.java,,,,assert,unknown
bean_192_11,commons-beanutils-1.9.4,PropertyUtilsTestCase,testGetMappedArguments_11_oe,src/test/java/org/apache/commons/beanutils/PropertyUtilsTestCase.java,,,,assert,unknown
bean_193_1,commons-beanutils-1.9.4,PropertyUtilsTestCase,testGetMappedArray_1_oe,src/test/java/org/apache/commons/beanutils/PropertyUtilsTestCase.java,,,,assert,unknown
bean_193_2,commons-beanutils-1.9.4,PropertyUtilsTestCase,testGetMappedArray_2_oe,src/test/java/org/apache/commons/beanutils/PropertyUtilsTestCase.java,,,,assert,unknown
bean_193_3,commons-beanutils-1.9.4,PropertyUtilsTestCase,testGetMappedArray_3_oe,src/test/java/org/apache/commons/beanutils/PropertyUtilsTestCase.java,,,,assert,unknown
bean_194_1,commons-beanutils-1.9.4,PropertyUtilsTestCase,testGetMappedList_1_oe,src/test/java/org/apache/commons/beanutils/PropertyUtilsTestCase.java,,,,assert,unknown
bean_194_2,commons-beanutils-1.9.4,PropertyUtilsTestCase,testGetMappedList_2_oe,src/test/java/org/apache/commons/beanutils/PropertyUtilsTestCase.java,,,,assert,unknown
bean_194_3,commons-beanutils-1.9.4,PropertyUtilsTestCase,testGetMappedList_3_oe,src/test/java/org/apache/commons/beanutils/PropertyUtilsTestCase.java,,,,assert,unknown
bean_195_1,commons-beanutils-1.9.4,PropertyUtilsTestCase,testGetMappedMap_1_oe,src/test/java/org/apache/commons/beanutils/PropertyUtilsTestCase.java,,,,assert,unknown
bean_195_2,commons-beanutils-1.9.4,PropertyUtilsTestCase,testGetMappedMap_2_oe,src/test/java/org/apache/commons/beanutils/PropertyUtilsTestCase.java,,,,assert,unknown
bean_195_3,commons-beanutils-1.9.4,PropertyUtilsTestCase,testGetMappedMap_3_oe,src/test/java/org/apache/commons/beanutils/PropertyUtilsTestCase.java,,,,assert,unknown
bean_196_2,commons-beanutils-1.9.4,PropertyUtilsTestCase,testGetMappedPeriods_2_oe,src/test/java/org/apache/commons/beanutils/PropertyUtilsTestCase.java,,,,assert,unknown
bean_196_4,commons-beanutils-1.9.4,PropertyUtilsTestCase,testGetMappedPeriods_4_oe,src/test/java/org/apache/commons/beanutils/PropertyUtilsTestCase.java,,,,assert,unknown
bean_196_7,commons-beanutils-1.9.4,PropertyUtilsTestCase,testGetMappedPeriods_7_oe,src/test/java/org/apache/commons/beanutils/PropertyUtilsTestCase.java,,,,assert,unknown
bean_196_9,commons-beanutils-1.9.4,PropertyUtilsTestCase,testGetMappedPeriods_9_oe,src/test/java/org/apache/commons/beanutils/PropertyUtilsTestCase.java,,,,assert,unknown
bean_197_2,commons-beanutils-1.9.4,PropertyUtilsTestCase,testGetMappedSlashes_2_oe,src/test/java/org/apache/commons/beanutils/PropertyUtilsTestCase.java,,,,assert,unknown
bean_197_4,commons-beanutils-1.9.4,PropertyUtilsTestCase,testGetMappedSlashes_4_oe,src/test/java/org/apache/commons/beanutils/PropertyUtilsTestCase.java,,,,assert,unknown
bean_197_7,commons-beanutils-1.9.4,PropertyUtilsTestCase,testGetMappedSlashes_7_oe,src/test/java/org/apache/commons/beanutils/PropertyUtilsTestCase.java,,,,assert,unknown
bean_198_1,commons-beanutils-1.9.4,PropertyUtilsTestCase,testGetMappedValues_1_oe,src/test/java/org/apache/commons/beanutils/PropertyUtilsTestCase.java,,,,assert,unknown
bean_198_3,commons-beanutils-1.9.4,PropertyUtilsTestCase,testGetMappedValues_3_oe,src/test/java/org/apache/commons/beanutils/PropertyUtilsTestCase.java,,,,assert,unknown
bean_198_5,commons-beanutils-1.9.4,PropertyUtilsTestCase,testGetMappedValues_5_oe,src/test/java/org/apache/commons/beanutils/PropertyUtilsTestCase.java,,,,assert,unknown
bean_198_7,commons-beanutils-1.9.4,PropertyUtilsTestCase,testGetMappedValues_7_oe,src/test/java/org/apache/commons/beanutils/PropertyUtilsTestCase.java,,,,assert,unknown
bean_198_9,commons-beanutils-1.9.4,PropertyUtilsTestCase,testGetMappedValues_9_oe,src/test/java/org/apache/commons/beanutils/PropertyUtilsTestCase.java,,,,assert,unknown
bean_198_11,commons-beanutils-1.9.4,PropertyUtilsTestCase,testGetMappedValues_11_oe,src/test/java/org/apache/commons/beanutils/PropertyUtilsTestCase.java,,,,assert,unknown
bean_198_13,commons-beanutils-1.9.4,PropertyUtilsTestCase,testGetMappedValues_13_oe,src/test/java/org/apache/commons/beanutils/PropertyUtilsTestCase.java,,,,assert,unknown
bean_198_15,commons-beanutils-1.9.4,PropertyUtilsTestCase,testGetMappedValues_15_oe,src/test/java/org/apache/commons/beanutils/PropertyUtilsTestCase.java,,,,assert,unknown
bean_198_17,commons-beanutils-1.9.4,PropertyUtilsTestCase,testGetMappedValues_17_oe,src/test/java/org/apache/commons/beanutils/PropertyUtilsTestCase.java,,,,assert,unknown
bean_199_1,commons-beanutils-1.9.4,PropertyUtilsTestCase,testGetNestedArguments_1_oe,src/test/java/org/apache/commons/beanutils/PropertyUtilsTestCase.java,,,,assert,unknown
bean_199_3,commons-beanutils-1.9.4,PropertyUtilsTestCase,testGetNestedArguments_3_oe,src/test/java/org/apache/commons/beanutils/PropertyUtilsTestCase.java,,,,assert,unknown
bean_200_1,commons-beanutils-1.9.4,PropertyUtilsTestCase,testGetNestedBoolean_1_oe,src/test/java/org/apache/commons/beanutils/PropertyUtilsTestCase.java,,,,assert,unknown
bean_200_2,commons-beanutils-1.9.4,PropertyUtilsTestCase,testGetNestedBoolean_2_oe,src/test/java/org/apache/commons/beanutils/PropertyUtilsTestCase.java,,,,assert,unknown
bean_200_3,commons-beanutils-1.9.4,PropertyUtilsTestCase,testGetNestedBoolean_3_oe,src/test/java/org/apache/commons/beanutils/PropertyUtilsTestCase.java,,,,assert,unknown
bean_201_1,commons-beanutils-1.9.4,PropertyUtilsTestCase,testGetNestedDouble_1_oe,src/test/java/org/apache/commons/beanutils/PropertyUtilsTestCase.java,,,,assert,unknown
bean_201_2,commons-beanutils-1.9.4,PropertyUtilsTestCase,testGetNestedDouble_2_oe,src/test/java/org/apache/commons/beanutils/PropertyUtilsTestCase.java,,,,assert,unknown
bean_201_3,commons-beanutils-1.9.4,PropertyUtilsTestCase,testGetNestedDouble_3_oe,src/test/java/org/apache/commons/beanutils/PropertyUtilsTestCase.java,,,,assert,unknown
bean_202_1,commons-beanutils-1.9.4,PropertyUtilsTestCase,testGetNestedFloat_1_oe,src/test/java/org/apache/commons/beanutils/PropertyUtilsTestCase.java,,,,assert,unknown
bean_202_2,commons-beanutils-1.9.4,PropertyUtilsTestCase,testGetNestedFloat_2_oe,src/test/java/org/apache/commons/beanutils/PropertyUtilsTestCase.java,,,,assert,unknown
bean_202_3,commons-beanutils-1.9.4,PropertyUtilsTestCase,testGetNestedFloat_3_oe,src/test/java/org/apache/commons/beanutils/PropertyUtilsTestCase.java,,,,assert,unknown
bean_203_1,commons-beanutils-1.9.4,PropertyUtilsTestCase,testGetNestedInt_1_oe,src/test/java/org/apache/commons/beanutils/PropertyUtilsTestCase.java,,,,assert,unknown
bean_203_2,commons-beanutils-1.9.4,PropertyUtilsTestCase,testGetNestedInt_2_oe,src/test/java/org/apache/commons/beanutils/PropertyUtilsTestCase.java,,,,assert,unknown
bean_203_3,commons-beanutils-1.9.4,PropertyUtilsTestCase,testGetNestedInt_3_oe,src/test/java/org/apache/commons/beanutils/PropertyUtilsTestCase.java,,,,assert,unknown
bean_204_1,commons-beanutils-1.9.4,PropertyUtilsTestCase,testGetNestedLong_1_oe,src/test/java/org/apache/commons/beanutils/PropertyUtilsTestCase.java,,,,assert,unknown
bean_204_2,commons-beanutils-1.9.4,PropertyUtilsTestCase,testGetNestedLong_2_oe,src/test/java/org/apache/commons/beanutils/PropertyUtilsTestCase.java,,,,assert,unknown
bean_204_3,commons-beanutils-1.9.4,PropertyUtilsTestCase,testGetNestedLong_3_oe,src/test/java/org/apache/commons/beanutils/PropertyUtilsTestCase.java,,,,assert,unknown
bean_205_1,commons-beanutils-1.9.4,PropertyUtilsTestCase,testGetNestedReadOnly_1_oe,src/test/java/org/apache/commons/beanutils/PropertyUtilsTestCase.java,,,,assert,unknown
bean_205_2,commons-beanutils-1.9.4,PropertyUtilsTestCase,testGetNestedReadOnly_2_oe,src/test/java/org/apache/commons/beanutils/PropertyUtilsTestCase.java,,,,assert,unknown
bean_205_3,commons-beanutils-1.9.4,PropertyUtilsTestCase,testGetNestedReadOnly_3_oe,src/test/java/org/apache/commons/beanutils/PropertyUtilsTestCase.java,,,,assert,unknown
bean_206_1,commons-beanutils-1.9.4,PropertyUtilsTestCase,testGetNestedShort_1_oe,src/test/java/org/apache/commons/beanutils/PropertyUtilsTestCase.java,,,,assert,unknown
bean_206_2,commons-beanutils-1.9.4,PropertyUtilsTestCase,testGetNestedShort_2_oe,src/test/java/org/apache/commons/beanutils/PropertyUtilsTestCase.java,,,,assert,unknown
bean_206_3,commons-beanutils-1.9.4,PropertyUtilsTestCase,testGetNestedShort_3_oe,src/test/java/org/apache/commons/beanutils/PropertyUtilsTestCase.java,,,,assert,unknown
bean_207_1,commons-beanutils-1.9.4,PropertyUtilsTestCase,testGetNestedString_1_oe,src/test/java/org/apache/commons/beanutils/PropertyUtilsTestCase.java,,,,assert,unknown
bean_207_2,commons-beanutils-1.9.4,PropertyUtilsTestCase,testGetNestedString_2_oe,src/test/java/org/apache/commons/beanutils/PropertyUtilsTestCase.java,,,,assert,unknown
bean_207_3,commons-beanutils-1.9.4,PropertyUtilsTestCase,testGetNestedString_3_oe,src/test/java/org/apache/commons/beanutils/PropertyUtilsTestCase.java,,,,assert,unknown
bean_208_1,commons-beanutils-1.9.4,PropertyUtilsTestCase,testGetNestedUnknown_1_oe,src/test/java/org/apache/commons/beanutils/PropertyUtilsTestCase.java,,,,assert,unknown
bean_209_1,commons-beanutils-1.9.4,PropertyUtilsTestCase,testThrowNestedNull_1_oe,src/test/java/org/apache/commons/beanutils/PropertyUtilsTestCase.java,,,,assert,unknown
bean_210_1,commons-beanutils-1.9.4,PropertyUtilsTestCase,testGetNestedWriteOnly_1_oe,src/test/java/org/apache/commons/beanutils/PropertyUtilsTestCase.java,,,,assert,unknown
bean_211_1,commons-beanutils-1.9.4,PropertyUtilsTestCase,testGetPropertyType_1_oe,src/test/java/org/apache/commons/beanutils/PropertyUtilsTestCase.java,,,,assert,unknown
bean_211_2,commons-beanutils-1.9.4,PropertyUtilsTestCase,testGetPropertyType_2_oe,src/test/java/org/apache/commons/beanutils/PropertyUtilsTestCase.java,,,,assert,unknown
bean_211_3,commons-beanutils-1.9.4,PropertyUtilsTestCase,testGetPropertyType_3_oe,src/test/java/org/apache/commons/beanutils/PropertyUtilsTestCase.java,,,,assert,unknown
bean_211_4,commons-beanutils-1.9.4,PropertyUtilsTestCase,testGetPropertyType_4_oe,src/test/java/org/apache/commons/beanutils/PropertyUtilsTestCase.java,,,,assert,unknown
bean_211_5,commons-beanutils-1.9.4,PropertyUtilsTestCase,testGetPropertyType_5_oe,src/test/java/org/apache/commons/beanutils/PropertyUtilsTestCase.java,,,,assert,unknown
bean_211_6,commons-beanutils-1.9.4,PropertyUtilsTestCase,testGetPropertyType_6_oe,src/test/java/org/apache/commons/beanutils/PropertyUtilsTestCase.java,,,,assert,unknown
bean_211_7,commons-beanutils-1.9.4,PropertyUtilsTestCase,testGetPropertyType_7_oe,src/test/java/org/apache/commons/beanutils/PropertyUtilsTestCase.java,,,,assert,unknown
bean_211_8,commons-beanutils-1.9.4,PropertyUtilsTestCase,testGetPropertyType_8_oe,src/test/java/org/apache/commons/beanutils/PropertyUtilsTestCase.java,,,,assert,unknown
bean_211_9,commons-beanutils-1.9.4,PropertyUtilsTestCase,testGetPropertyType_9_oe,src/test/java/org/apache/commons/beanutils/PropertyUtilsTestCase.java,,,,assert,unknown
bean_211_10,commons-beanutils-1.9.4,PropertyUtilsTestCase,testGetPropertyType_10_oe,src/test/java/org/apache/commons/beanutils/PropertyUtilsTestCase.java,,,,assert,unknown
bean_211_11,commons-beanutils-1.9.4,PropertyUtilsTestCase,testGetPropertyType_11_oe,src/test/java/org/apache/commons/beanutils/PropertyUtilsTestCase.java,,,,assert,unknown
bean_211_12,commons-beanutils-1.9.4,PropertyUtilsTestCase,testGetPropertyType_12_oe,src/test/java/org/apache/commons/beanutils/PropertyUtilsTestCase.java,,,,assert,unknown
bean_211_13,commons-beanutils-1.9.4,PropertyUtilsTestCase,testGetPropertyType_13_oe,src/test/java/org/apache/commons/beanutils/PropertyUtilsTestCase.java,,,,assert,unknown
bean_211_14,commons-beanutils-1.9.4,PropertyUtilsTestCase,testGetPropertyType_14_oe,src/test/java/org/apache/commons/beanutils/PropertyUtilsTestCase.java,,,,assert,unknown
bean_211_15,commons-beanutils-1.9.4,PropertyUtilsTestCase,testGetPropertyType_15_oe,src/test/java/org/apache/commons/beanutils/PropertyUtilsTestCase.java,,,,assert,unknown
bean_211_16,commons-beanutils-1.9.4,PropertyUtilsTestCase,testGetPropertyType_16_oe,src/test/java/org/apache/commons/beanutils/PropertyUtilsTestCase.java,,,,assert,unknown
bean_211_17,commons-beanutils-1.9.4,PropertyUtilsTestCase,testGetPropertyType_17_oe,src/test/java/org/apache/commons/beanutils/PropertyUtilsTestCase.java,,,,assert,unknown
bean_211_18,commons-beanutils-1.9.4,PropertyUtilsTestCase,testGetPropertyType_18_oe,src/test/java/org/apache/commons/beanutils/PropertyUtilsTestCase.java,,,,assert,unknown
bean_211_19,commons-beanutils-1.9.4,PropertyUtilsTestCase,testGetPropertyType_19_oe,src/test/java/org/apache/commons/beanutils/PropertyUtilsTestCase.java,,,,assert,unknown
bean_211_20,commons-beanutils-1.9.4,PropertyUtilsTestCase,testGetPropertyType_20_oe,src/test/java/org/apache/commons/beanutils/PropertyUtilsTestCase.java,,,,assert,unknown
bean_211_21,commons-beanutils-1.9.4,PropertyUtilsTestCase,testGetPropertyType_21_oe,src/test/java/org/apache/commons/beanutils/PropertyUtilsTestCase.java,,,,assert,unknown
bean_211_22,commons-beanutils-1.9.4,PropertyUtilsTestCase,testGetPropertyType_22_oe,src/test/java/org/apache/commons/beanutils/PropertyUtilsTestCase.java,,,,assert,unknown
bean_211_23,commons-beanutils-1.9.4,PropertyUtilsTestCase,testGetPropertyType_23_oe,src/test/java/org/apache/commons/beanutils/PropertyUtilsTestCase.java,,,,assert,unknown
bean_211_24,commons-beanutils-1.9.4,PropertyUtilsTestCase,testGetPropertyType_24_oe,src/test/java/org/apache/commons/beanutils/PropertyUtilsTestCase.java,,,,assert,unknown
bean_211_25,commons-beanutils-1.9.4,PropertyUtilsTestCase,testGetPropertyType_25_oe,src/test/java/org/apache/commons/beanutils/PropertyUtilsTestCase.java,,,,assert,unknown
bean_211_26,commons-beanutils-1.9.4,PropertyUtilsTestCase,testGetPropertyType_26_oe,src/test/java/org/apache/commons/beanutils/PropertyUtilsTestCase.java,,,,assert,unknown
bean_211_27,commons-beanutils-1.9.4,PropertyUtilsTestCase,testGetPropertyType_27_oe,src/test/java/org/apache/commons/beanutils/PropertyUtilsTestCase.java,,,,assert,unknown
bean_211_28,commons-beanutils-1.9.4,PropertyUtilsTestCase,testGetPropertyType_28_oe,src/test/java/org/apache/commons/beanutils/PropertyUtilsTestCase.java,,,,assert,unknown
bean_211_29,commons-beanutils-1.9.4,PropertyUtilsTestCase,testGetPropertyType_29_oe,src/test/java/org/apache/commons/beanutils/PropertyUtilsTestCase.java,,,,assert,unknown
bean_211_30,commons-beanutils-1.9.4,PropertyUtilsTestCase,testGetPropertyType_30_oe,src/test/java/org/apache/commons/beanutils/PropertyUtilsTestCase.java,,,,assert,unknown
bean_211_31,commons-beanutils-1.9.4,PropertyUtilsTestCase,testGetPropertyType_31_oe,src/test/java/org/apache/commons/beanutils/PropertyUtilsTestCase.java,,,,assert,unknown
bean_211_32,commons-beanutils-1.9.4,PropertyUtilsTestCase,testGetPropertyType_32_oe,src/test/java/org/apache/commons/beanutils/PropertyUtilsTestCase.java,,,,assert,unknown
bean_211_33,commons-beanutils-1.9.4,PropertyUtilsTestCase,testGetPropertyType_33_oe,src/test/java/org/apache/commons/beanutils/PropertyUtilsTestCase.java,,,,assert,unknown
bean_211_34,commons-beanutils-1.9.4,PropertyUtilsTestCase,testGetPropertyType_34_oe,src/test/java/org/apache/commons/beanutils/PropertyUtilsTestCase.java,,,,assert,unknown
bean_211_35,commons-beanutils-1.9.4,PropertyUtilsTestCase,testGetPropertyType_35_oe,src/test/java/org/apache/commons/beanutils/PropertyUtilsTestCase.java,,,,assert,unknown
bean_211_36,commons-beanutils-1.9.4,PropertyUtilsTestCase,testGetPropertyType_36_oe,src/test/java/org/apache/commons/beanutils/PropertyUtilsTestCase.java,,,,assert,unknown
bean_211_37,commons-beanutils-1.9.4,PropertyUtilsTestCase,testGetPropertyType_37_oe,src/test/java/org/apache/commons/beanutils/PropertyUtilsTestCase.java,,,,assert,unknown
bean_211_38,commons-beanutils-1.9.4,PropertyUtilsTestCase,testGetPropertyType_38_oe,src/test/java/org/apache/commons/beanutils/PropertyUtilsTestCase.java,,,,assert,unknown
bean_211_39,commons-beanutils-1.9.4,PropertyUtilsTestCase,testGetPropertyType_39_oe,src/test/java/org/apache/commons/beanutils/PropertyUtilsTestCase.java,,,,assert,unknown
bean_211_40,commons-beanutils-1.9.4,PropertyUtilsTestCase,testGetPropertyType_40_oe,src/test/java/org/apache/commons/beanutils/PropertyUtilsTestCase.java,,,,assert,unknown
bean_211_41,commons-beanutils-1.9.4,PropertyUtilsTestCase,testGetPropertyType_41_oe,src/test/java/org/apache/commons/beanutils/PropertyUtilsTestCase.java,,,,assert,unknown
bean_211_42,commons-beanutils-1.9.4,PropertyUtilsTestCase,testGetPropertyType_42_oe,src/test/java/org/apache/commons/beanutils/PropertyUtilsTestCase.java,,,,assert,unknown
bean_211_43,commons-beanutils-1.9.4,PropertyUtilsTestCase,testGetPropertyType_43_oe,src/test/java/org/apache/commons/beanutils/PropertyUtilsTestCase.java,,,,assert,unknown
bean_213_3,commons-beanutils-1.9.4,PropertyUtilsTestCase,testGetReadMethodPublicInterface_3_oe,src/test/java/org/apache/commons/beanutils/PropertyUtilsTestCase.java,,,,assert,unknown
bean_214_1,commons-beanutils-1.9.4,PropertyUtilsTestCase,testGetSimpleArguments_1_oe,src/test/java/org/apache/commons/beanutils/PropertyUtilsTestCase.java,,,,assert,unknown
bean_214_3,commons-beanutils-1.9.4,PropertyUtilsTestCase,testGetSimpleArguments_3_oe,src/test/java/org/apache/commons/beanutils/PropertyUtilsTestCase.java,,,,assert,unknown
bean_215_1,commons-beanutils-1.9.4,PropertyUtilsTestCase,testGetSimpleBoolean_1_oe,src/test/java/org/apache/commons/beanutils/PropertyUtilsTestCase.java,,,,assert,unknown
bean_215_2,commons-beanutils-1.9.4,PropertyUtilsTestCase,testGetSimpleBoolean_2_oe,src/test/java/org/apache/commons/beanutils/PropertyUtilsTestCase.java,,,,assert,unknown
bean_215_3,commons-beanutils-1.9.4,PropertyUtilsTestCase,testGetSimpleBoolean_3_oe,src/test/java/org/apache/commons/beanutils/PropertyUtilsTestCase.java,,,,assert,unknown
bean_216_1,commons-beanutils-1.9.4,PropertyUtilsTestCase,testGetSimpleDouble_1_oe,src/test/java/org/apache/commons/beanutils/PropertyUtilsTestCase.java,,,,assert,unknown
bean_216_2,commons-beanutils-1.9.4,PropertyUtilsTestCase,testGetSimpleDouble_2_oe,src/test/java/org/apache/commons/beanutils/PropertyUtilsTestCase.java,,,,assert,unknown
bean_216_3,commons-beanutils-1.9.4,PropertyUtilsTestCase,testGetSimpleDouble_3_oe,src/test/java/org/apache/commons/beanutils/PropertyUtilsTestCase.java,,,,assert,unknown
bean_217_1,commons-beanutils-1.9.4,PropertyUtilsTestCase,testGetSimpleFloat_1_oe,src/test/java/org/apache/commons/beanutils/PropertyUtilsTestCase.java,,,,assert,unknown
bean_217_2,commons-beanutils-1.9.4,PropertyUtilsTestCase,testGetSimpleFloat_2_oe,src/test/java/org/apache/commons/beanutils/PropertyUtilsTestCase.java,,,,assert,unknown
bean_217_3,commons-beanutils-1.9.4,PropertyUtilsTestCase,testGetSimpleFloat_3_oe,src/test/java/org/apache/commons/beanutils/PropertyUtilsTestCase.java,,,,assert,unknown
bean_218_1,commons-beanutils-1.9.4,PropertyUtilsTestCase,testGetSimpleIndexed_1_oe,src/test/java/org/apache/commons/beanutils/PropertyUtilsTestCase.java,,,,assert,unknown
bean_219_1,commons-beanutils-1.9.4,PropertyUtilsTestCase,testGetSimpleInt_1_oe,src/test/java/org/apache/commons/beanutils/PropertyUtilsTestCase.java,,,,assert,unknown
bean_219_2,commons-beanutils-1.9.4,PropertyUtilsTestCase,testGetSimpleInt_2_oe,src/test/java/org/apache/commons/beanutils/PropertyUtilsTestCase.java,,,,assert,unknown
bean_219_3,commons-beanutils-1.9.4,PropertyUtilsTestCase,testGetSimpleInt_3_oe,src/test/java/org/apache/commons/beanutils/PropertyUtilsTestCase.java,,,,assert,unknown
bean_220_1,commons-beanutils-1.9.4,PropertyUtilsTestCase,testGetSimpleLong_1_oe,src/test/java/org/apache/commons/beanutils/PropertyUtilsTestCase.java,,,,assert,unknown
bean_220_2,commons-beanutils-1.9.4,PropertyUtilsTestCase,testGetSimpleLong_2_oe,src/test/java/org/apache/commons/beanutils/PropertyUtilsTestCase.java,,,,assert,unknown
bean_220_3,commons-beanutils-1.9.4,PropertyUtilsTestCase,testGetSimpleLong_3_oe,src/test/java/org/apache/commons/beanutils/PropertyUtilsTestCase.java,,,,assert,unknown
bean_221_1,commons-beanutils-1.9.4,PropertyUtilsTestCase,testGetSimpleNested_1_oe,src/test/java/org/apache/commons/beanutils/PropertyUtilsTestCase.java,,,,assert,unknown
bean_222_1,commons-beanutils-1.9.4,PropertyUtilsTestCase,testGetSimpleReadOnly_1_oe,src/test/java/org/apache/commons/beanutils/PropertyUtilsTestCase.java,,,,assert,unknown
bean_222_2,commons-beanutils-1.9.4,PropertyUtilsTestCase,testGetSimpleReadOnly_2_oe,src/test/java/org/apache/commons/beanutils/PropertyUtilsTestCase.java,,,,assert,unknown
bean_222_3,commons-beanutils-1.9.4,PropertyUtilsTestCase,testGetSimpleReadOnly_3_oe,src/test/java/org/apache/commons/beanutils/PropertyUtilsTestCase.java,,,,assert,unknown
bean_223_1,commons-beanutils-1.9.4,PropertyUtilsTestCase,testGetSimpleShort_1_oe,src/test/java/org/apache/commons/beanutils/PropertyUtilsTestCase.java,,,,assert,unknown
bean_223_2,commons-beanutils-1.9.4,PropertyUtilsTestCase,testGetSimpleShort_2_oe,src/test/java/org/apache/commons/beanutils/PropertyUtilsTestCase.java,,,,assert,unknown
bean_223_3,commons-beanutils-1.9.4,PropertyUtilsTestCase,testGetSimpleShort_3_oe,src/test/java/org/apache/commons/beanutils/PropertyUtilsTestCase.java,,,,assert,unknown
bean_224_1,commons-beanutils-1.9.4,PropertyUtilsTestCase,testGetSimpleString_1_oe,src/test/java/org/apache/commons/beanutils/PropertyUtilsTestCase.java,,,,assert,unknown
bean_224_2,commons-beanutils-1.9.4,PropertyUtilsTestCase,testGetSimpleString_2_oe,src/test/java/org/apache/commons/beanutils/PropertyUtilsTestCase.java,,,,assert,unknown
bean_224_3,commons-beanutils-1.9.4,PropertyUtilsTestCase,testGetSimpleString_3_oe,src/test/java/org/apache/commons/beanutils/PropertyUtilsTestCase.java,,,,assert,unknown
bean_225_1,commons-beanutils-1.9.4,PropertyUtilsTestCase,testGetSimpleUnknown_1_oe,src/test/java/org/apache/commons/beanutils/PropertyUtilsTestCase.java,,,,assert,unknown
bean_226_1,commons-beanutils-1.9.4,PropertyUtilsTestCase,testGetSimpleWriteOnly_1_oe,src/test/java/org/apache/commons/beanutils/PropertyUtilsTestCase.java,,,,assert,unknown
bean_227_1,commons-beanutils-1.9.4,PropertyUtilsTestCase,testIsReadable_1_oe,src/test/java/org/apache/commons/beanutils/PropertyUtilsTestCase.java,,,,assert,unknown
bean_227_3,commons-beanutils-1.9.4,PropertyUtilsTestCase,testIsReadable_3_oe,src/test/java/org/apache/commons/beanutils/PropertyUtilsTestCase.java,,,,assert,unknown
bean_227_5,commons-beanutils-1.9.4,PropertyUtilsTestCase,testIsReadable_5_oe,src/test/java/org/apache/commons/beanutils/PropertyUtilsTestCase.java,,,,assert,unknown
bean_227_7,commons-beanutils-1.9.4,PropertyUtilsTestCase,testIsReadable_7_oe,src/test/java/org/apache/commons/beanutils/PropertyUtilsTestCase.java,,,,assert,unknown
bean_227_9,commons-beanutils-1.9.4,PropertyUtilsTestCase,testIsReadable_9_oe,src/test/java/org/apache/commons/beanutils/PropertyUtilsTestCase.java,,,,assert,unknown
bean_227_11,commons-beanutils-1.9.4,PropertyUtilsTestCase,testIsReadable_11_oe,src/test/java/org/apache/commons/beanutils/PropertyUtilsTestCase.java,,,,assert,unknown
bean_227_13,commons-beanutils-1.9.4,PropertyUtilsTestCase,testIsReadable_13_oe,src/test/java/org/apache/commons/beanutils/PropertyUtilsTestCase.java,,,,assert,unknown
bean_227_15,commons-beanutils-1.9.4,PropertyUtilsTestCase,testIsReadable_15_oe,src/test/java/org/apache/commons/beanutils/PropertyUtilsTestCase.java,,,,assert,unknown
bean_227_17,commons-beanutils-1.9.4,PropertyUtilsTestCase,testIsReadable_17_oe,src/test/java/org/apache/commons/beanutils/PropertyUtilsTestCase.java,,,,assert,unknown
bean_227_19,commons-beanutils-1.9.4,PropertyUtilsTestCase,testIsReadable_19_oe,src/test/java/org/apache/commons/beanutils/PropertyUtilsTestCase.java,,,,assert,unknown
bean_227_20,commons-beanutils-1.9.4,PropertyUtilsTestCase,testIsReadable_20_oe,src/test/java/org/apache/commons/beanutils/PropertyUtilsTestCase.java,,,,assert,unknown
bean_228_1,commons-beanutils-1.9.4,PropertyUtilsTestCase,testIsWriteable_1_oe,src/test/java/org/apache/commons/beanutils/PropertyUtilsTestCase.java,,,,assert,unknown
bean_228_3,commons-beanutils-1.9.4,PropertyUtilsTestCase,testIsWriteable_3_oe,src/test/java/org/apache/commons/beanutils/PropertyUtilsTestCase.java,,,,assert,unknown
bean_228_5,commons-beanutils-1.9.4,PropertyUtilsTestCase,testIsWriteable_5_oe,src/test/java/org/apache/commons/beanutils/PropertyUtilsTestCase.java,,,,assert,unknown
bean_228_7,commons-beanutils-1.9.4,PropertyUtilsTestCase,testIsWriteable_7_oe,src/test/java/org/apache/commons/beanutils/PropertyUtilsTestCase.java,,,,assert,unknown
bean_228_9,commons-beanutils-1.9.4,PropertyUtilsTestCase,testIsWriteable_9_oe,src/test/java/org/apache/commons/beanutils/PropertyUtilsTestCase.java,,,,assert,unknown
bean_228_11,commons-beanutils-1.9.4,PropertyUtilsTestCase,testIsWriteable_11_oe,src/test/java/org/apache/commons/beanutils/PropertyUtilsTestCase.java,,,,assert,unknown
bean_228_13,commons-beanutils-1.9.4,PropertyUtilsTestCase,testIsWriteable_13_oe,src/test/java/org/apache/commons/beanutils/PropertyUtilsTestCase.java,,,,assert,unknown
bean_228_15,commons-beanutils-1.9.4,PropertyUtilsTestCase,testIsWriteable_15_oe,src/test/java/org/apache/commons/beanutils/PropertyUtilsTestCase.java,,,,assert,unknown
bean_228_17,commons-beanutils-1.9.4,PropertyUtilsTestCase,testIsWriteable_17_oe,src/test/java/org/apache/commons/beanutils/PropertyUtilsTestCase.java,,,,assert,unknown
bean_228_19,commons-beanutils-1.9.4,PropertyUtilsTestCase,testIsWriteable_19_oe,src/test/java/org/apache/commons/beanutils/PropertyUtilsTestCase.java,,,,assert,unknown
bean_228_20,commons-beanutils-1.9.4,PropertyUtilsTestCase,testIsWriteable_20_oe,src/test/java/org/apache/commons/beanutils/PropertyUtilsTestCase.java,,,,assert,unknown
bean_230_1,commons-beanutils-1.9.4,PropertyUtilsTestCase,testSetIndexedArguments_1_oe,src/test/java/org/apache/commons/beanutils/PropertyUtilsTestCase.java,,,,assert,unknown
bean_230_3,commons-beanutils-1.9.4,PropertyUtilsTestCase,testSetIndexedArguments_3_oe,src/test/java/org/apache/commons/beanutils/PropertyUtilsTestCase.java,,,,assert,unknown
bean_230_5,commons-beanutils-1.9.4,PropertyUtilsTestCase,testSetIndexedArguments_5_oe,src/test/java/org/apache/commons/beanutils/PropertyUtilsTestCase.java,,,,assert,unknown
bean_230_7,commons-beanutils-1.9.4,PropertyUtilsTestCase,testSetIndexedArguments_7_oe,src/test/java/org/apache/commons/beanutils/PropertyUtilsTestCase.java,,,,assert,unknown
bean_230_9,commons-beanutils-1.9.4,PropertyUtilsTestCase,testSetIndexedArguments_9_oe,src/test/java/org/apache/commons/beanutils/PropertyUtilsTestCase.java,,,,assert,unknown
bean_230_11,commons-beanutils-1.9.4,PropertyUtilsTestCase,testSetIndexedArguments_11_oe,src/test/java/org/apache/commons/beanutils/PropertyUtilsTestCase.java,,,,assert,unknown
bean_230_13,commons-beanutils-1.9.4,PropertyUtilsTestCase,testSetIndexedArguments_13_oe,src/test/java/org/apache/commons/beanutils/PropertyUtilsTestCase.java,,,,assert,unknown
bean_230_15,commons-beanutils-1.9.4,PropertyUtilsTestCase,testSetIndexedArguments_15_oe,src/test/java/org/apache/commons/beanutils/PropertyUtilsTestCase.java,,,,assert,unknown
bean_230_17,commons-beanutils-1.9.4,PropertyUtilsTestCase,testSetIndexedArguments_17_oe,src/test/java/org/apache/commons/beanutils/PropertyUtilsTestCase.java,,,,assert,unknown
bean_230_19,commons-beanutils-1.9.4,PropertyUtilsTestCase,testSetIndexedArguments_19_oe,src/test/java/org/apache/commons/beanutils/PropertyUtilsTestCase.java,,,,assert,unknown
bean_234_1,commons-beanutils-1.9.4,PropertyUtilsTestCase,testSetIndexedValues_1_oe,src/test/java/org/apache/commons/beanutils/PropertyUtilsTestCase.java,,,,assert,unknown
bean_234_2,commons-beanutils-1.9.4,PropertyUtilsTestCase,testSetIndexedValues_2_oe,src/test/java/org/apache/commons/beanutils/PropertyUtilsTestCase.java,,,,assert,unknown
bean_234_3,commons-beanutils-1.9.4,PropertyUtilsTestCase,testSetIndexedValues_3_oe,src/test/java/org/apache/commons/beanutils/PropertyUtilsTestCase.java,,,,assert,unknown
bean_234_5,commons-beanutils-1.9.4,PropertyUtilsTestCase,testSetIndexedValues_5_oe,src/test/java/org/apache/commons/beanutils/PropertyUtilsTestCase.java,,,,assert,unknown
bean_234_6,commons-beanutils-1.9.4,PropertyUtilsTestCase,testSetIndexedValues_6_oe,src/test/java/org/apache/commons/beanutils/PropertyUtilsTestCase.java,,,,assert,unknown
bean_234_7,commons-beanutils-1.9.4,PropertyUtilsTestCase,testSetIndexedValues_7_oe,src/test/java/org/apache/commons/beanutils/PropertyUtilsTestCase.java,,,,assert,unknown
bean_234_9,commons-beanutils-1.9.4,PropertyUtilsTestCase,testSetIndexedValues_9_oe,src/test/java/org/apache/commons/beanutils/PropertyUtilsTestCase.java,,,,assert,unknown
bean_234_10,commons-beanutils-1.9.4,PropertyUtilsTestCase,testSetIndexedValues_10_oe,src/test/java/org/apache/commons/beanutils/PropertyUtilsTestCase.java,,,,assert,unknown
bean_234_11,commons-beanutils-1.9.4,PropertyUtilsTestCase,testSetIndexedValues_11_oe,src/test/java/org/apache/commons/beanutils/PropertyUtilsTestCase.java,,,,assert,unknown
bean_234_13,commons-beanutils-1.9.4,PropertyUtilsTestCase,testSetIndexedValues_13_oe,src/test/java/org/apache/commons/beanutils/PropertyUtilsTestCase.java,,,,assert,unknown
bean_234_14,commons-beanutils-1.9.4,PropertyUtilsTestCase,testSetIndexedValues_14_oe,src/test/java/org/apache/commons/beanutils/PropertyUtilsTestCase.java,,,,assert,unknown
bean_234_15,commons-beanutils-1.9.4,PropertyUtilsTestCase,testSetIndexedValues_15_oe,src/test/java/org/apache/commons/beanutils/PropertyUtilsTestCase.java,,,,assert,unknown
bean_234_17,commons-beanutils-1.9.4,PropertyUtilsTestCase,testSetIndexedValues_17_oe,src/test/java/org/apache/commons/beanutils/PropertyUtilsTestCase.java,,,,assert,unknown
bean_234_18,commons-beanutils-1.9.4,PropertyUtilsTestCase,testSetIndexedValues_18_oe,src/test/java/org/apache/commons/beanutils/PropertyUtilsTestCase.java,,,,assert,unknown
bean_234_19,commons-beanutils-1.9.4,PropertyUtilsTestCase,testSetIndexedValues_19_oe,src/test/java/org/apache/commons/beanutils/PropertyUtilsTestCase.java,,,,assert,unknown
bean_234_21,commons-beanutils-1.9.4,PropertyUtilsTestCase,testSetIndexedValues_21_oe,src/test/java/org/apache/commons/beanutils/PropertyUtilsTestCase.java,,,,assert,unknown
bean_234_22,commons-beanutils-1.9.4,PropertyUtilsTestCase,testSetIndexedValues_22_oe,src/test/java/org/apache/commons/beanutils/PropertyUtilsTestCase.java,,,,assert,unknown
bean_234_23,commons-beanutils-1.9.4,PropertyUtilsTestCase,testSetIndexedValues_23_oe,src/test/java/org/apache/commons/beanutils/PropertyUtilsTestCase.java,,,,assert,unknown
bean_234_25,commons-beanutils-1.9.4,PropertyUtilsTestCase,testSetIndexedValues_25_oe,src/test/java/org/apache/commons/beanutils/PropertyUtilsTestCase.java,,,,assert,unknown
bean_234_26,commons-beanutils-1.9.4,PropertyUtilsTestCase,testSetIndexedValues_26_oe,src/test/java/org/apache/commons/beanutils/PropertyUtilsTestCase.java,,,,assert,unknown
bean_234_27,commons-beanutils-1.9.4,PropertyUtilsTestCase,testSetIndexedValues_27_oe,src/test/java/org/apache/commons/beanutils/PropertyUtilsTestCase.java,,,,assert,unknown
bean_234_29,commons-beanutils-1.9.4,PropertyUtilsTestCase,testSetIndexedValues_29_oe,src/test/java/org/apache/commons/beanutils/PropertyUtilsTestCase.java,,,,assert,unknown
bean_234_30,commons-beanutils-1.9.4,PropertyUtilsTestCase,testSetIndexedValues_30_oe,src/test/java/org/apache/commons/beanutils/PropertyUtilsTestCase.java,,,,assert,unknown
bean_234_31,commons-beanutils-1.9.4,PropertyUtilsTestCase,testSetIndexedValues_31_oe,src/test/java/org/apache/commons/beanutils/PropertyUtilsTestCase.java,,,,assert,unknown
bean_234_33,commons-beanutils-1.9.4,PropertyUtilsTestCase,testSetIndexedValues_33_oe,src/test/java/org/apache/commons/beanutils/PropertyUtilsTestCase.java,,,,assert,unknown
bean_234_34,commons-beanutils-1.9.4,PropertyUtilsTestCase,testSetIndexedValues_34_oe,src/test/java/org/apache/commons/beanutils/PropertyUtilsTestCase.java,,,,assert,unknown
bean_234_35,commons-beanutils-1.9.4,PropertyUtilsTestCase,testSetIndexedValues_35_oe,src/test/java/org/apache/commons/beanutils/PropertyUtilsTestCase.java,,,,assert,unknown
bean_234_37,commons-beanutils-1.9.4,PropertyUtilsTestCase,testSetIndexedValues_37_oe,src/test/java/org/apache/commons/beanutils/PropertyUtilsTestCase.java,,,,assert,unknown
bean_234_38,commons-beanutils-1.9.4,PropertyUtilsTestCase,testSetIndexedValues_38_oe,src/test/java/org/apache/commons/beanutils/PropertyUtilsTestCase.java,,,,assert,unknown
bean_234_39,commons-beanutils-1.9.4,PropertyUtilsTestCase,testSetIndexedValues_39_oe,src/test/java/org/apache/commons/beanutils/PropertyUtilsTestCase.java,,,,assert,unknown
bean_234_41,commons-beanutils-1.9.4,PropertyUtilsTestCase,testSetIndexedValues_41_oe,src/test/java/org/apache/commons/beanutils/PropertyUtilsTestCase.java,,,,assert,unknown
bean_234_42,commons-beanutils-1.9.4,PropertyUtilsTestCase,testSetIndexedValues_42_oe,src/test/java/org/apache/commons/beanutils/PropertyUtilsTestCase.java,,,,assert,unknown
bean_234_43,commons-beanutils-1.9.4,PropertyUtilsTestCase,testSetIndexedValues_43_oe,src/test/java/org/apache/commons/beanutils/PropertyUtilsTestCase.java,,,,assert,unknown
bean_234_45,commons-beanutils-1.9.4,PropertyUtilsTestCase,testSetIndexedValues_45_oe,src/test/java/org/apache/commons/beanutils/PropertyUtilsTestCase.java,,,,assert,unknown
bean_234_46,commons-beanutils-1.9.4,PropertyUtilsTestCase,testSetIndexedValues_46_oe,src/test/java/org/apache/commons/beanutils/PropertyUtilsTestCase.java,,,,assert,unknown
bean_234_47,commons-beanutils-1.9.4,PropertyUtilsTestCase,testSetIndexedValues_47_oe,src/test/java/org/apache/commons/beanutils/PropertyUtilsTestCase.java,,,,assert,unknown
bean_234_49,commons-beanutils-1.9.4,PropertyUtilsTestCase,testSetIndexedValues_49_oe,src/test/java/org/apache/commons/beanutils/PropertyUtilsTestCase.java,,,,assert,unknown
bean_234_51,commons-beanutils-1.9.4,PropertyUtilsTestCase,testSetIndexedValues_51_oe,src/test/java/org/apache/commons/beanutils/PropertyUtilsTestCase.java,,,,assert,unknown
bean_234_53,commons-beanutils-1.9.4,PropertyUtilsTestCase,testSetIndexedValues_53_oe,src/test/java/org/apache/commons/beanutils/PropertyUtilsTestCase.java,,,,assert,unknown
bean_234_55,commons-beanutils-1.9.4,PropertyUtilsTestCase,testSetIndexedValues_55_oe,src/test/java/org/apache/commons/beanutils/PropertyUtilsTestCase.java,,,,assert,unknown
bean_234_57,commons-beanutils-1.9.4,PropertyUtilsTestCase,testSetIndexedValues_57_oe,src/test/java/org/apache/commons/beanutils/PropertyUtilsTestCase.java,,,,assert,unknown
bean_234_59,commons-beanutils-1.9.4,PropertyUtilsTestCase,testSetIndexedValues_59_oe,src/test/java/org/apache/commons/beanutils/PropertyUtilsTestCase.java,,,,assert,unknown
bean_234_61,commons-beanutils-1.9.4,PropertyUtilsTestCase,testSetIndexedValues_61_oe,src/test/java/org/apache/commons/beanutils/PropertyUtilsTestCase.java,,,,assert,unknown
bean_234_63,commons-beanutils-1.9.4,PropertyUtilsTestCase,testSetIndexedValues_63_oe,src/test/java/org/apache/commons/beanutils/PropertyUtilsTestCase.java,,,,assert,unknown
bean_234_65,commons-beanutils-1.9.4,PropertyUtilsTestCase,testSetIndexedValues_65_oe,src/test/java/org/apache/commons/beanutils/PropertyUtilsTestCase.java,,,,assert,unknown
bean_234_67,commons-beanutils-1.9.4,PropertyUtilsTestCase,testSetIndexedValues_67_oe,src/test/java/org/apache/commons/beanutils/PropertyUtilsTestCase.java,,,,assert,unknown
bean_234_69,commons-beanutils-1.9.4,PropertyUtilsTestCase,testSetIndexedValues_69_oe,src/test/java/org/apache/commons/beanutils/PropertyUtilsTestCase.java,,,,assert,unknown
bean_234_71,commons-beanutils-1.9.4,PropertyUtilsTestCase,testSetIndexedValues_71_oe,src/test/java/org/apache/commons/beanutils/PropertyUtilsTestCase.java,,,,assert,unknown
bean_235_1,commons-beanutils-1.9.4,PropertyUtilsTestCase,testSetMappedArguments_1_oe,src/test/java/org/apache/commons/beanutils/PropertyUtilsTestCase.java,,,,assert,unknown
bean_235_3,commons-beanutils-1.9.4,PropertyUtilsTestCase,testSetMappedArguments_3_oe,src/test/java/org/apache/commons/beanutils/PropertyUtilsTestCase.java,,,,assert,unknown
bean_235_5,commons-beanutils-1.9.4,PropertyUtilsTestCase,testSetMappedArguments_5_oe,src/test/java/org/apache/commons/beanutils/PropertyUtilsTestCase.java,,,,assert,unknown
bean_235_7,commons-beanutils-1.9.4,PropertyUtilsTestCase,testSetMappedArguments_7_oe,src/test/java/org/apache/commons/beanutils/PropertyUtilsTestCase.java,,,,assert,unknown
bean_235_9,commons-beanutils-1.9.4,PropertyUtilsTestCase,testSetMappedArguments_9_oe,src/test/java/org/apache/commons/beanutils/PropertyUtilsTestCase.java,,,,assert,unknown
bean_235_11,commons-beanutils-1.9.4,PropertyUtilsTestCase,testSetMappedArguments_11_oe,src/test/java/org/apache/commons/beanutils/PropertyUtilsTestCase.java,,,,assert,unknown
bean_239_1,commons-beanutils-1.9.4,PropertyUtilsTestCase,testSetMappedValues_1_oe,src/test/java/org/apache/commons/beanutils/PropertyUtilsTestCase.java,,,,assert,unknown
bean_239_4,commons-beanutils-1.9.4,PropertyUtilsTestCase,testSetMappedValues_4_oe,src/test/java/org/apache/commons/beanutils/PropertyUtilsTestCase.java,,,,assert,unknown
bean_239_6,commons-beanutils-1.9.4,PropertyUtilsTestCase,testSetMappedValues_6_oe,src/test/java/org/apache/commons/beanutils/PropertyUtilsTestCase.java,,,,assert,unknown
bean_239_9,commons-beanutils-1.9.4,PropertyUtilsTestCase,testSetMappedValues_9_oe,src/test/java/org/apache/commons/beanutils/PropertyUtilsTestCase.java,,,,assert,unknown
bean_239_11,commons-beanutils-1.9.4,PropertyUtilsTestCase,testSetMappedValues_11_oe,src/test/java/org/apache/commons/beanutils/PropertyUtilsTestCase.java,,,,assert,unknown
bean_239_14,commons-beanutils-1.9.4,PropertyUtilsTestCase,testSetMappedValues_14_oe,src/test/java/org/apache/commons/beanutils/PropertyUtilsTestCase.java,,,,assert,unknown
bean_240_2,commons-beanutils-1.9.4,PropertyUtilsTestCase,testSetMappedPeriods_2_oe,src/test/java/org/apache/commons/beanutils/PropertyUtilsTestCase.java,,,,assert,unknown
bean_240_5,commons-beanutils-1.9.4,PropertyUtilsTestCase,testSetMappedPeriods_5_oe,src/test/java/org/apache/commons/beanutils/PropertyUtilsTestCase.java,,,,assert,unknown
bean_240_8,commons-beanutils-1.9.4,PropertyUtilsTestCase,testSetMappedPeriods_8_oe,src/test/java/org/apache/commons/beanutils/PropertyUtilsTestCase.java,,,,assert,unknown
bean_240_10,commons-beanutils-1.9.4,PropertyUtilsTestCase,testSetMappedPeriods_10_oe,src/test/java/org/apache/commons/beanutils/PropertyUtilsTestCase.java,,,,assert,unknown
bean_240_11,commons-beanutils-1.9.4,PropertyUtilsTestCase,testSetMappedPeriods_11_oe,src/test/java/org/apache/commons/beanutils/PropertyUtilsTestCase.java,,,,assert,unknown
bean_241_1,commons-beanutils-1.9.4,PropertyUtilsTestCase,testSetNestedArguments_1_oe,src/test/java/org/apache/commons/beanutils/PropertyUtilsTestCase.java,,,,assert,unknown
bean_241_3,commons-beanutils-1.9.4,PropertyUtilsTestCase,testSetNestedArguments_3_oe,src/test/java/org/apache/commons/beanutils/PropertyUtilsTestCase.java,,,,assert,unknown
bean_242_1,commons-beanutils-1.9.4,PropertyUtilsTestCase,testSetNestedBoolean_1_oe,src/test/java/org/apache/commons/beanutils/PropertyUtilsTestCase.java,,,,assert,unknown
bean_243_1,commons-beanutils-1.9.4,PropertyUtilsTestCase,testSetNestedDouble_1_oe,src/test/java/org/apache/commons/beanutils/PropertyUtilsTestCase.java,,,,assert,unknown
bean_244_1,commons-beanutils-1.9.4,PropertyUtilsTestCase,testSetNestedFloat_1_oe,src/test/java/org/apache/commons/beanutils/PropertyUtilsTestCase.java,,,,assert,unknown
bean_245_1,commons-beanutils-1.9.4,PropertyUtilsTestCase,testSetNestedInt_1_oe,src/test/java/org/apache/commons/beanutils/PropertyUtilsTestCase.java,,,,assert,unknown
bean_246_1,commons-beanutils-1.9.4,PropertyUtilsTestCase,testSetNestedLong_1_oe,src/test/java/org/apache/commons/beanutils/PropertyUtilsTestCase.java,,,,assert,unknown
bean_247_1,commons-beanutils-1.9.4,PropertyUtilsTestCase,testSetNestedReadOnly_1_oe,src/test/java/org/apache/commons/beanutils/PropertyUtilsTestCase.java,,,,assert,unknown
bean_248_1,commons-beanutils-1.9.4,PropertyUtilsTestCase,testSetNestedShort_1_oe,src/test/java/org/apache/commons/beanutils/PropertyUtilsTestCase.java,,,,assert,unknown
bean_249_1,commons-beanutils-1.9.4,PropertyUtilsTestCase,testSetNestedString_1_oe,src/test/java/org/apache/commons/beanutils/PropertyUtilsTestCase.java,,,,assert,unknown
bean_250_1,commons-beanutils-1.9.4,PropertyUtilsTestCase,testSetNestedUnknown_1_oe,src/test/java/org/apache/commons/beanutils/PropertyUtilsTestCase.java,,,,assert,unknown
bean_251_1,commons-beanutils-1.9.4,PropertyUtilsTestCase,testSetNestedWriteOnly_1_oe,src/test/java/org/apache/commons/beanutils/PropertyUtilsTestCase.java,,,,assert,unknown
bean_252_1,commons-beanutils-1.9.4,PropertyUtilsTestCase,testSetSimpleArguments_1_oe,src/test/java/org/apache/commons/beanutils/PropertyUtilsTestCase.java,,,,assert,unknown
bean_252_3,commons-beanutils-1.9.4,PropertyUtilsTestCase,testSetSimpleArguments_3_oe,src/test/java/org/apache/commons/beanutils/PropertyUtilsTestCase.java,,,,assert,unknown
bean_253_1,commons-beanutils-1.9.4,PropertyUtilsTestCase,testSetSimpleBoolean_1_oe,src/test/java/org/apache/commons/beanutils/PropertyUtilsTestCase.java,,,,assert,unknown
bean_254_1,commons-beanutils-1.9.4,PropertyUtilsTestCase,testSetSimpleDouble_1_oe,src/test/java/org/apache/commons/beanutils/PropertyUtilsTestCase.java,,,,assert,unknown
bean_255_1,commons-beanutils-1.9.4,PropertyUtilsTestCase,testSetSimpleFloat_1_oe,src/test/java/org/apache/commons/beanutils/PropertyUtilsTestCase.java,,,,assert,unknown
bean_256_1,commons-beanutils-1.9.4,PropertyUtilsTestCase,testSetSimpleIndexed_1_oe,src/test/java/org/apache/commons/beanutils/PropertyUtilsTestCase.java,,,,assert,unknown
bean_257_1,commons-beanutils-1.9.4,PropertyUtilsTestCase,testSetSimpleInt_1_oe,src/test/java/org/apache/commons/beanutils/PropertyUtilsTestCase.java,,,,assert,unknown
bean_258_1,commons-beanutils-1.9.4,PropertyUtilsTestCase,testSetSimpleLong_1_oe,src/test/java/org/apache/commons/beanutils/PropertyUtilsTestCase.java,,,,assert,unknown
bean_259_1,commons-beanutils-1.9.4,PropertyUtilsTestCase,testSetSimpleNested_1_oe,src/test/java/org/apache/commons/beanutils/PropertyUtilsTestCase.java,,,,assert,unknown
bean_260_1,commons-beanutils-1.9.4,PropertyUtilsTestCase,testSetSimpleReadOnly_1_oe,src/test/java/org/apache/commons/beanutils/PropertyUtilsTestCase.java,,,,assert,unknown
bean_261_1,commons-beanutils-1.9.4,PropertyUtilsTestCase,testSetSimpleShort_1_oe,src/test/java/org/apache/commons/beanutils/PropertyUtilsTestCase.java,,,,assert,unknown
bean_262_1,commons-beanutils-1.9.4,PropertyUtilsTestCase,testSetSimpleString_1_oe,src/test/java/org/apache/commons/beanutils/PropertyUtilsTestCase.java,,,,assert,unknown
bean_263_1,commons-beanutils-1.9.4,PropertyUtilsTestCase,testSetSimpleUnknown_1_oe,src/test/java/org/apache/commons/beanutils/PropertyUtilsTestCase.java,,,,assert,unknown
bean_264_1,commons-beanutils-1.9.4,PropertyUtilsTestCase,testSetSimpleWriteOnly_1_oe,src/test/java/org/apache/commons/beanutils/PropertyUtilsTestCase.java,,,,assert,unknown
bean_270_3,commons-beanutils-1.9.4,PropertyUtilsTestCase,testNestedPropertyKeyOrIndexOnBeanImplementingMap_3_oe,src/test/java/org/apache/commons/beanutils/PropertyUtilsTestCase.java,,,,assert,unknown
bean_270_5,commons-beanutils-1.9.4,PropertyUtilsTestCase,testNestedPropertyKeyOrIndexOnBeanImplementingMap_5_oe,src/test/java/org/apache/commons/beanutils/PropertyUtilsTestCase.java,,,,assert,unknown
bean_277_1,commons-beanutils-1.9.4,PropertyUtilsTestCase,testAddBeanIntrospectorNull_1_oe,src/test/java/org/apache/commons/beanutils/PropertyUtilsTestCase.java,,,,assert,unknown
bean_279_1,commons-beanutils-1.9.4,WrapDynaBeanTestCase,testIndexedProperties_1_oe,src/test/java/org/apache/commons/beanutils/WrapDynaBeanTestCase.java,,,,assert,unknown
bean_279_2,commons-beanutils-1.9.4,WrapDynaBeanTestCase,testIndexedProperties_2_oe,src/test/java/org/apache/commons/beanutils/WrapDynaBeanTestCase.java,,,,assert,unknown
bean_279_4,commons-beanutils-1.9.4,WrapDynaBeanTestCase,testIndexedProperties_4_oe,src/test/java/org/apache/commons/beanutils/WrapDynaBeanTestCase.java,,,,assert,unknown
bean_279_5,commons-beanutils-1.9.4,WrapDynaBeanTestCase,testIndexedProperties_5_oe,src/test/java/org/apache/commons/beanutils/WrapDynaBeanTestCase.java,,,,assert,unknown
bean_280_1,commons-beanutils-1.9.4,WrapDynaBeanTestCase,testMappedContains_1_oe,src/test/java/org/apache/commons/beanutils/WrapDynaBeanTestCase.java,,,,assert,unknown
bean_280_2,commons-beanutils-1.9.4,WrapDynaBeanTestCase,testMappedContains_2_oe,src/test/java/org/apache/commons/beanutils/WrapDynaBeanTestCase.java,,,,assert,unknown
bean_280_4,commons-beanutils-1.9.4,WrapDynaBeanTestCase,testMappedContains_4_oe,src/test/java/org/apache/commons/beanutils/WrapDynaBeanTestCase.java,,,,assert,unknown
bean_280_5,commons-beanutils-1.9.4,WrapDynaBeanTestCase,testMappedContains_5_oe,src/test/java/org/apache/commons/beanutils/WrapDynaBeanTestCase.java,,,,assert,unknown
bean_281_1,commons-beanutils-1.9.4,WrapDynaBeanTestCase,testMappedRemove_1_oe,src/test/java/org/apache/commons/beanutils/WrapDynaBeanTestCase.java,,,,assert,unknown
bean_281_2,commons-beanutils-1.9.4,WrapDynaBeanTestCase,testMappedRemove_2_oe,src/test/java/org/apache/commons/beanutils/WrapDynaBeanTestCase.java,,,,assert,unknown
bean_281_4,commons-beanutils-1.9.4,WrapDynaBeanTestCase,testMappedRemove_4_oe,src/test/java/org/apache/commons/beanutils/WrapDynaBeanTestCase.java,,,,assert,unknown
bean_281_5,commons-beanutils-1.9.4,WrapDynaBeanTestCase,testMappedRemove_5_oe,src/test/java/org/apache/commons/beanutils/WrapDynaBeanTestCase.java,,,,assert,unknown
bean_291_1,commons-beanutils-1.9.4,DefaultIntrospectionContextTestCase,testAddPropertyDescriptorNull_1_oe,src/test/java/org/apache/commons/beanutils/DefaultIntrospectionContextTestCase.java,,,,assert,unknown
bean_293_1,commons-beanutils-1.9.4,DefaultIntrospectionContextTestCase,testAddPropertyDescriptorsNull_1_oe,src/test/java/org/apache/commons/beanutils/DefaultIntrospectionContextTestCase.java,,,,assert,unknown
bean_296_1,commons-beanutils-1.9.4,DefaultIntrospectionContextTestCase,testPropertyNamesModify_1_oe,src/test/java/org/apache/commons/beanutils/DefaultIntrospectionContextTestCase.java,,,,assert,unknown
bean_299_1,commons-beanutils-1.9.4,DynaRowSetTestCase,testGetDynaProperty_1_oe,src/test/java/org/apache/commons/beanutils/DynaRowSetTestCase.java,,,,assert,unknown
bean_301_1,commons-beanutils-1.9.4,DynaRowSetTestCase,testNewInstance_1_oe,src/test/java/org/apache/commons/beanutils/DynaRowSetTestCase.java,,,,assert,unknown
bean_303_1,commons-beanutils-1.9.4,DynaRowSetTestCase,testListResults_1_oe,src/test/java/org/apache/commons/beanutils/DynaRowSetTestCase.java,,,,assert,unknown
bean_304_2,commons-beanutils-1.9.4,DynaRowSetTestCase,testListResultsNormalCase_2_oe,src/test/java/org/apache/commons/beanutils/DynaRowSetTestCase.java,,,,assert,unknown
bean_307_1,commons-beanutils-1.9.4,BeanMapTestCase,testBeanMapClone_1_oe,src/test/java/org/apache/commons/beanutils/BeanMapTestCase.java,,,,assert,unknown
bean_313_10,commons-beanutils-1.9.4,BeanMapTestCase,testDefaultTransformersMap_10_oe,src/test/java/org/apache/commons/beanutils/BeanMapTestCase.java,,,,assert,unknown
bean_313_11,commons-beanutils-1.9.4,BeanMapTestCase,testDefaultTransformersMap_11_oe,src/test/java/org/apache/commons/beanutils/BeanMapTestCase.java,,,,assert,unknown
bean_313_12,commons-beanutils-1.9.4,BeanMapTestCase,testDefaultTransformersMap_12_oe,src/test/java/org/apache/commons/beanutils/BeanMapTestCase.java,,,,assert,unknown
bean_313_13,commons-beanutils-1.9.4,BeanMapTestCase,testDefaultTransformersMap_13_oe,src/test/java/org/apache/commons/beanutils/BeanMapTestCase.java,,,,assert,unknown
bean_314_1,commons-beanutils-1.9.4,BeanMapTestCase,testExceptionThrowFromClone_1_oe,src/test/java/org/apache/commons/beanutils/BeanMapTestCase.java,,,,assert,unknown
bean_314_5,commons-beanutils-1.9.4,BeanMapTestCase,testExceptionThrowFromClone_5_oe,src/test/java/org/apache/commons/beanutils/BeanMapTestCase.java,,,,assert,unknown
bean_315_1,commons-beanutils-1.9.4,BeanMapTestCase,testExceptionThrowFromClear_1_oe,src/test/java/org/apache/commons/beanutils/BeanMapTestCase.java,,,,assert,unknown
bean_316_1,commons-beanutils-1.9.4,BeanMapTestCase,testExceptionThrowFromPut_1_oe,src/test/java/org/apache/commons/beanutils/BeanMapTestCase.java,,,,assert,unknown
bean_319_1,commons-beanutils-1.9.4,DynaPropertyUtilsTestCase,testGetIndexedArguments_1_oe,src/test/java/org/apache/commons/beanutils/DynaPropertyUtilsTestCase.java,,,,assert,unknown
bean_319_3,commons-beanutils-1.9.4,DynaPropertyUtilsTestCase,testGetIndexedArguments_3_oe,src/test/java/org/apache/commons/beanutils/DynaPropertyUtilsTestCase.java,,,,assert,unknown
bean_319_5,commons-beanutils-1.9.4,DynaPropertyUtilsTestCase,testGetIndexedArguments_5_oe,src/test/java/org/apache/commons/beanutils/DynaPropertyUtilsTestCase.java,,,,assert,unknown
bean_319_7,commons-beanutils-1.9.4,DynaPropertyUtilsTestCase,testGetIndexedArguments_7_oe,src/test/java/org/apache/commons/beanutils/DynaPropertyUtilsTestCase.java,,,,assert,unknown
bean_319_9,commons-beanutils-1.9.4,DynaPropertyUtilsTestCase,testGetIndexedArguments_9_oe,src/test/java/org/apache/commons/beanutils/DynaPropertyUtilsTestCase.java,,,,assert,unknown
bean_319_11,commons-beanutils-1.9.4,DynaPropertyUtilsTestCase,testGetIndexedArguments_11_oe,src/test/java/org/apache/commons/beanutils/DynaPropertyUtilsTestCase.java,,,,assert,unknown
bean_319_13,commons-beanutils-1.9.4,DynaPropertyUtilsTestCase,testGetIndexedArguments_13_oe,src/test/java/org/apache/commons/beanutils/DynaPropertyUtilsTestCase.java,,,,assert,unknown
bean_319_15,commons-beanutils-1.9.4,DynaPropertyUtilsTestCase,testGetIndexedArguments_15_oe,src/test/java/org/apache/commons/beanutils/DynaPropertyUtilsTestCase.java,,,,assert,unknown
bean_319_17,commons-beanutils-1.9.4,DynaPropertyUtilsTestCase,testGetIndexedArguments_17_oe,src/test/java/org/apache/commons/beanutils/DynaPropertyUtilsTestCase.java,,,,assert,unknown
bean_319_19,commons-beanutils-1.9.4,DynaPropertyUtilsTestCase,testGetIndexedArguments_19_oe,src/test/java/org/apache/commons/beanutils/DynaPropertyUtilsTestCase.java,,,,assert,unknown
bean_320_1,commons-beanutils-1.9.4,DynaPropertyUtilsTestCase,testGetIndexedValues_1_oe,src/test/java/org/apache/commons/beanutils/DynaPropertyUtilsTestCase.java,,,,assert,unknown
bean_320_2,commons-beanutils-1.9.4,DynaPropertyUtilsTestCase,testGetIndexedValues_2_oe,src/test/java/org/apache/commons/beanutils/DynaPropertyUtilsTestCase.java,,,,assert,unknown
bean_320_3,commons-beanutils-1.9.4,DynaPropertyUtilsTestCase,testGetIndexedValues_3_oe,src/test/java/org/apache/commons/beanutils/DynaPropertyUtilsTestCase.java,,,,assert,unknown
bean_320_5,commons-beanutils-1.9.4,DynaPropertyUtilsTestCase,testGetIndexedValues_5_oe,src/test/java/org/apache/commons/beanutils/DynaPropertyUtilsTestCase.java,,,,assert,unknown
bean_320_6,commons-beanutils-1.9.4,DynaPropertyUtilsTestCase,testGetIndexedValues_6_oe,src/test/java/org/apache/commons/beanutils/DynaPropertyUtilsTestCase.java,,,,assert,unknown
bean_320_7,commons-beanutils-1.9.4,DynaPropertyUtilsTestCase,testGetIndexedValues_7_oe,src/test/java/org/apache/commons/beanutils/DynaPropertyUtilsTestCase.java,,,,assert,unknown
bean_320_9,commons-beanutils-1.9.4,DynaPropertyUtilsTestCase,testGetIndexedValues_9_oe,src/test/java/org/apache/commons/beanutils/DynaPropertyUtilsTestCase.java,,,,assert,unknown
bean_320_10,commons-beanutils-1.9.4,DynaPropertyUtilsTestCase,testGetIndexedValues_10_oe,src/test/java/org/apache/commons/beanutils/DynaPropertyUtilsTestCase.java,,,,assert,unknown
bean_320_11,commons-beanutils-1.9.4,DynaPropertyUtilsTestCase,testGetIndexedValues_11_oe,src/test/java/org/apache/commons/beanutils/DynaPropertyUtilsTestCase.java,,,,assert,unknown
bean_320_13,commons-beanutils-1.9.4,DynaPropertyUtilsTestCase,testGetIndexedValues_13_oe,src/test/java/org/apache/commons/beanutils/DynaPropertyUtilsTestCase.java,,,,assert,unknown
bean_320_14,commons-beanutils-1.9.4,DynaPropertyUtilsTestCase,testGetIndexedValues_14_oe,src/test/java/org/apache/commons/beanutils/DynaPropertyUtilsTestCase.java,,,,assert,unknown
bean_320_15,commons-beanutils-1.9.4,DynaPropertyUtilsTestCase,testGetIndexedValues_15_oe,src/test/java/org/apache/commons/beanutils/DynaPropertyUtilsTestCase.java,,,,assert,unknown
bean_320_17,commons-beanutils-1.9.4,DynaPropertyUtilsTestCase,testGetIndexedValues_17_oe,src/test/java/org/apache/commons/beanutils/DynaPropertyUtilsTestCase.java,,,,assert,unknown
bean_320_18,commons-beanutils-1.9.4,DynaPropertyUtilsTestCase,testGetIndexedValues_18_oe,src/test/java/org/apache/commons/beanutils/DynaPropertyUtilsTestCase.java,,,,assert,unknown
bean_320_19,commons-beanutils-1.9.4,DynaPropertyUtilsTestCase,testGetIndexedValues_19_oe,src/test/java/org/apache/commons/beanutils/DynaPropertyUtilsTestCase.java,,,,assert,unknown
bean_320_21,commons-beanutils-1.9.4,DynaPropertyUtilsTestCase,testGetIndexedValues_21_oe,src/test/java/org/apache/commons/beanutils/DynaPropertyUtilsTestCase.java,,,,assert,unknown
bean_320_22,commons-beanutils-1.9.4,DynaPropertyUtilsTestCase,testGetIndexedValues_22_oe,src/test/java/org/apache/commons/beanutils/DynaPropertyUtilsTestCase.java,,,,assert,unknown
bean_320_23,commons-beanutils-1.9.4,DynaPropertyUtilsTestCase,testGetIndexedValues_23_oe,src/test/java/org/apache/commons/beanutils/DynaPropertyUtilsTestCase.java,,,,assert,unknown
bean_320_25,commons-beanutils-1.9.4,DynaPropertyUtilsTestCase,testGetIndexedValues_25_oe,src/test/java/org/apache/commons/beanutils/DynaPropertyUtilsTestCase.java,,,,assert,unknown
bean_320_26,commons-beanutils-1.9.4,DynaPropertyUtilsTestCase,testGetIndexedValues_26_oe,src/test/java/org/apache/commons/beanutils/DynaPropertyUtilsTestCase.java,,,,assert,unknown
bean_320_27,commons-beanutils-1.9.4,DynaPropertyUtilsTestCase,testGetIndexedValues_27_oe,src/test/java/org/apache/commons/beanutils/DynaPropertyUtilsTestCase.java,,,,assert,unknown
bean_320_29,commons-beanutils-1.9.4,DynaPropertyUtilsTestCase,testGetIndexedValues_29_oe,src/test/java/org/apache/commons/beanutils/DynaPropertyUtilsTestCase.java,,,,assert,unknown
bean_320_30,commons-beanutils-1.9.4,DynaPropertyUtilsTestCase,testGetIndexedValues_30_oe,src/test/java/org/apache/commons/beanutils/DynaPropertyUtilsTestCase.java,,,,assert,unknown
bean_320_31,commons-beanutils-1.9.4,DynaPropertyUtilsTestCase,testGetIndexedValues_31_oe,src/test/java/org/apache/commons/beanutils/DynaPropertyUtilsTestCase.java,,,,assert,unknown
bean_320_33,commons-beanutils-1.9.4,DynaPropertyUtilsTestCase,testGetIndexedValues_33_oe,src/test/java/org/apache/commons/beanutils/DynaPropertyUtilsTestCase.java,,,,assert,unknown
bean_320_34,commons-beanutils-1.9.4,DynaPropertyUtilsTestCase,testGetIndexedValues_34_oe,src/test/java/org/apache/commons/beanutils/DynaPropertyUtilsTestCase.java,,,,assert,unknown
bean_320_35,commons-beanutils-1.9.4,DynaPropertyUtilsTestCase,testGetIndexedValues_35_oe,src/test/java/org/apache/commons/beanutils/DynaPropertyUtilsTestCase.java,,,,assert,unknown
bean_320_37,commons-beanutils-1.9.4,DynaPropertyUtilsTestCase,testGetIndexedValues_37_oe,src/test/java/org/apache/commons/beanutils/DynaPropertyUtilsTestCase.java,,,,assert,unknown
bean_320_38,commons-beanutils-1.9.4,DynaPropertyUtilsTestCase,testGetIndexedValues_38_oe,src/test/java/org/apache/commons/beanutils/DynaPropertyUtilsTestCase.java,,,,assert,unknown
bean_320_39,commons-beanutils-1.9.4,DynaPropertyUtilsTestCase,testGetIndexedValues_39_oe,src/test/java/org/apache/commons/beanutils/DynaPropertyUtilsTestCase.java,,,,assert,unknown
bean_320_41,commons-beanutils-1.9.4,DynaPropertyUtilsTestCase,testGetIndexedValues_41_oe,src/test/java/org/apache/commons/beanutils/DynaPropertyUtilsTestCase.java,,,,assert,unknown
bean_320_43,commons-beanutils-1.9.4,DynaPropertyUtilsTestCase,testGetIndexedValues_43_oe,src/test/java/org/apache/commons/beanutils/DynaPropertyUtilsTestCase.java,,,,assert,unknown
bean_320_45,commons-beanutils-1.9.4,DynaPropertyUtilsTestCase,testGetIndexedValues_45_oe,src/test/java/org/apache/commons/beanutils/DynaPropertyUtilsTestCase.java,,,,assert,unknown
bean_320_47,commons-beanutils-1.9.4,DynaPropertyUtilsTestCase,testGetIndexedValues_47_oe,src/test/java/org/apache/commons/beanutils/DynaPropertyUtilsTestCase.java,,,,assert,unknown
bean_320_49,commons-beanutils-1.9.4,DynaPropertyUtilsTestCase,testGetIndexedValues_49_oe,src/test/java/org/apache/commons/beanutils/DynaPropertyUtilsTestCase.java,,,,assert,unknown
bean_320_51,commons-beanutils-1.9.4,DynaPropertyUtilsTestCase,testGetIndexedValues_51_oe,src/test/java/org/apache/commons/beanutils/DynaPropertyUtilsTestCase.java,,,,assert,unknown
bean_320_53,commons-beanutils-1.9.4,DynaPropertyUtilsTestCase,testGetIndexedValues_53_oe,src/test/java/org/apache/commons/beanutils/DynaPropertyUtilsTestCase.java,,,,assert,unknown
bean_320_55,commons-beanutils-1.9.4,DynaPropertyUtilsTestCase,testGetIndexedValues_55_oe,src/test/java/org/apache/commons/beanutils/DynaPropertyUtilsTestCase.java,,,,assert,unknown
bean_320_57,commons-beanutils-1.9.4,DynaPropertyUtilsTestCase,testGetIndexedValues_57_oe,src/test/java/org/apache/commons/beanutils/DynaPropertyUtilsTestCase.java,,,,assert,unknown
bean_320_59,commons-beanutils-1.9.4,DynaPropertyUtilsTestCase,testGetIndexedValues_59_oe,src/test/java/org/apache/commons/beanutils/DynaPropertyUtilsTestCase.java,,,,assert,unknown
bean_321_1,commons-beanutils-1.9.4,DynaPropertyUtilsTestCase,testGetMappedArguments_1_oe,src/test/java/org/apache/commons/beanutils/DynaPropertyUtilsTestCase.java,,,,assert,unknown
bean_321_3,commons-beanutils-1.9.4,DynaPropertyUtilsTestCase,testGetMappedArguments_3_oe,src/test/java/org/apache/commons/beanutils/DynaPropertyUtilsTestCase.java,,,,assert,unknown
bean_321_5,commons-beanutils-1.9.4,DynaPropertyUtilsTestCase,testGetMappedArguments_5_oe,src/test/java/org/apache/commons/beanutils/DynaPropertyUtilsTestCase.java,,,,assert,unknown
bean_321_7,commons-beanutils-1.9.4,DynaPropertyUtilsTestCase,testGetMappedArguments_7_oe,src/test/java/org/apache/commons/beanutils/DynaPropertyUtilsTestCase.java,,,,assert,unknown
bean_321_9,commons-beanutils-1.9.4,DynaPropertyUtilsTestCase,testGetMappedArguments_9_oe,src/test/java/org/apache/commons/beanutils/DynaPropertyUtilsTestCase.java,,,,assert,unknown
bean_321_11,commons-beanutils-1.9.4,DynaPropertyUtilsTestCase,testGetMappedArguments_11_oe,src/test/java/org/apache/commons/beanutils/DynaPropertyUtilsTestCase.java,,,,assert,unknown
bean_322_2,commons-beanutils-1.9.4,DynaPropertyUtilsTestCase,testGetMappedPeriods_2_oe,src/test/java/org/apache/commons/beanutils/DynaPropertyUtilsTestCase.java,,,,assert,unknown
bean_322_4,commons-beanutils-1.9.4,DynaPropertyUtilsTestCase,testGetMappedPeriods_4_oe,src/test/java/org/apache/commons/beanutils/DynaPropertyUtilsTestCase.java,,,,assert,unknown
bean_322_7,commons-beanutils-1.9.4,DynaPropertyUtilsTestCase,testGetMappedPeriods_7_oe,src/test/java/org/apache/commons/beanutils/DynaPropertyUtilsTestCase.java,,,,assert,unknown
bean_323_2,commons-beanutils-1.9.4,DynaPropertyUtilsTestCase,testGetMappedSlashes_2_oe,src/test/java/org/apache/commons/beanutils/DynaPropertyUtilsTestCase.java,,,,assert,unknown
bean_323_4,commons-beanutils-1.9.4,DynaPropertyUtilsTestCase,testGetMappedSlashes_4_oe,src/test/java/org/apache/commons/beanutils/DynaPropertyUtilsTestCase.java,,,,assert,unknown
bean_323_7,commons-beanutils-1.9.4,DynaPropertyUtilsTestCase,testGetMappedSlashes_7_oe,src/test/java/org/apache/commons/beanutils/DynaPropertyUtilsTestCase.java,,,,assert,unknown
bean_324_1,commons-beanutils-1.9.4,DynaPropertyUtilsTestCase,testGetMappedValues_1_oe,src/test/java/org/apache/commons/beanutils/DynaPropertyUtilsTestCase.java,,,,assert,unknown
bean_324_3,commons-beanutils-1.9.4,DynaPropertyUtilsTestCase,testGetMappedValues_3_oe,src/test/java/org/apache/commons/beanutils/DynaPropertyUtilsTestCase.java,,,,assert,unknown
bean_324_5,commons-beanutils-1.9.4,DynaPropertyUtilsTestCase,testGetMappedValues_5_oe,src/test/java/org/apache/commons/beanutils/DynaPropertyUtilsTestCase.java,,,,assert,unknown
bean_324_7,commons-beanutils-1.9.4,DynaPropertyUtilsTestCase,testGetMappedValues_7_oe,src/test/java/org/apache/commons/beanutils/DynaPropertyUtilsTestCase.java,,,,assert,unknown
bean_324_9,commons-beanutils-1.9.4,DynaPropertyUtilsTestCase,testGetMappedValues_9_oe,src/test/java/org/apache/commons/beanutils/DynaPropertyUtilsTestCase.java,,,,assert,unknown
bean_324_11,commons-beanutils-1.9.4,DynaPropertyUtilsTestCase,testGetMappedValues_11_oe,src/test/java/org/apache/commons/beanutils/DynaPropertyUtilsTestCase.java,,,,assert,unknown
bean_324_13,commons-beanutils-1.9.4,DynaPropertyUtilsTestCase,testGetMappedValues_13_oe,src/test/java/org/apache/commons/beanutils/DynaPropertyUtilsTestCase.java,,,,assert,unknown
bean_324_15,commons-beanutils-1.9.4,DynaPropertyUtilsTestCase,testGetMappedValues_15_oe,src/test/java/org/apache/commons/beanutils/DynaPropertyUtilsTestCase.java,,,,assert,unknown
bean_324_17,commons-beanutils-1.9.4,DynaPropertyUtilsTestCase,testGetMappedValues_17_oe,src/test/java/org/apache/commons/beanutils/DynaPropertyUtilsTestCase.java,,,,assert,unknown
bean_325_1,commons-beanutils-1.9.4,DynaPropertyUtilsTestCase,testGetNestedArguments_1_oe,src/test/java/org/apache/commons/beanutils/DynaPropertyUtilsTestCase.java,,,,assert,unknown
bean_325_3,commons-beanutils-1.9.4,DynaPropertyUtilsTestCase,testGetNestedArguments_3_oe,src/test/java/org/apache/commons/beanutils/DynaPropertyUtilsTestCase.java,,,,assert,unknown
bean_326_1,commons-beanutils-1.9.4,DynaPropertyUtilsTestCase,testGetNestedBoolean_1_oe,src/test/java/org/apache/commons/beanutils/DynaPropertyUtilsTestCase.java,,,,assert,unknown
bean_326_2,commons-beanutils-1.9.4,DynaPropertyUtilsTestCase,testGetNestedBoolean_2_oe,src/test/java/org/apache/commons/beanutils/DynaPropertyUtilsTestCase.java,,,,assert,unknown
bean_326_3,commons-beanutils-1.9.4,DynaPropertyUtilsTestCase,testGetNestedBoolean_3_oe,src/test/java/org/apache/commons/beanutils/DynaPropertyUtilsTestCase.java,,,,assert,unknown
bean_327_1,commons-beanutils-1.9.4,DynaPropertyUtilsTestCase,testGetNestedDouble_1_oe,src/test/java/org/apache/commons/beanutils/DynaPropertyUtilsTestCase.java,,,,assert,unknown
bean_327_2,commons-beanutils-1.9.4,DynaPropertyUtilsTestCase,testGetNestedDouble_2_oe,src/test/java/org/apache/commons/beanutils/DynaPropertyUtilsTestCase.java,,,,assert,unknown
bean_327_3,commons-beanutils-1.9.4,DynaPropertyUtilsTestCase,testGetNestedDouble_3_oe,src/test/java/org/apache/commons/beanutils/DynaPropertyUtilsTestCase.java,,,,assert,unknown
bean_328_1,commons-beanutils-1.9.4,DynaPropertyUtilsTestCase,testGetNestedFloat_1_oe,src/test/java/org/apache/commons/beanutils/DynaPropertyUtilsTestCase.java,,,,assert,unknown
bean_328_2,commons-beanutils-1.9.4,DynaPropertyUtilsTestCase,testGetNestedFloat_2_oe,src/test/java/org/apache/commons/beanutils/DynaPropertyUtilsTestCase.java,,,,assert,unknown
bean_328_3,commons-beanutils-1.9.4,DynaPropertyUtilsTestCase,testGetNestedFloat_3_oe,src/test/java/org/apache/commons/beanutils/DynaPropertyUtilsTestCase.java,,,,assert,unknown
bean_329_1,commons-beanutils-1.9.4,DynaPropertyUtilsTestCase,testGetNestedInt_1_oe,src/test/java/org/apache/commons/beanutils/DynaPropertyUtilsTestCase.java,,,,assert,unknown
bean_329_2,commons-beanutils-1.9.4,DynaPropertyUtilsTestCase,testGetNestedInt_2_oe,src/test/java/org/apache/commons/beanutils/DynaPropertyUtilsTestCase.java,,,,assert,unknown
bean_329_3,commons-beanutils-1.9.4,DynaPropertyUtilsTestCase,testGetNestedInt_3_oe,src/test/java/org/apache/commons/beanutils/DynaPropertyUtilsTestCase.java,,,,assert,unknown
bean_330_1,commons-beanutils-1.9.4,DynaPropertyUtilsTestCase,testGetNestedLong_1_oe,src/test/java/org/apache/commons/beanutils/DynaPropertyUtilsTestCase.java,,,,assert,unknown
bean_330_2,commons-beanutils-1.9.4,DynaPropertyUtilsTestCase,testGetNestedLong_2_oe,src/test/java/org/apache/commons/beanutils/DynaPropertyUtilsTestCase.java,,,,assert,unknown
bean_330_3,commons-beanutils-1.9.4,DynaPropertyUtilsTestCase,testGetNestedLong_3_oe,src/test/java/org/apache/commons/beanutils/DynaPropertyUtilsTestCase.java,,,,assert,unknown
bean_331_1,commons-beanutils-1.9.4,DynaPropertyUtilsTestCase,testGetNestedReadOnly_1_oe,src/test/java/org/apache/commons/beanutils/DynaPropertyUtilsTestCase.java,,,,assert,unknown
bean_331_2,commons-beanutils-1.9.4,DynaPropertyUtilsTestCase,testGetNestedReadOnly_2_oe,src/test/java/org/apache/commons/beanutils/DynaPropertyUtilsTestCase.java,,,,assert,unknown
bean_331_3,commons-beanutils-1.9.4,DynaPropertyUtilsTestCase,testGetNestedReadOnly_3_oe,src/test/java/org/apache/commons/beanutils/DynaPropertyUtilsTestCase.java,,,,assert,unknown
bean_332_1,commons-beanutils-1.9.4,DynaPropertyUtilsTestCase,testGetNestedShort_1_oe,src/test/java/org/apache/commons/beanutils/DynaPropertyUtilsTestCase.java,,,,assert,unknown
bean_332_2,commons-beanutils-1.9.4,DynaPropertyUtilsTestCase,testGetNestedShort_2_oe,src/test/java/org/apache/commons/beanutils/DynaPropertyUtilsTestCase.java,,,,assert,unknown
bean_332_3,commons-beanutils-1.9.4,DynaPropertyUtilsTestCase,testGetNestedShort_3_oe,src/test/java/org/apache/commons/beanutils/DynaPropertyUtilsTestCase.java,,,,assert,unknown
bean_333_1,commons-beanutils-1.9.4,DynaPropertyUtilsTestCase,testGetNestedString_1_oe,src/test/java/org/apache/commons/beanutils/DynaPropertyUtilsTestCase.java,,,,assert,unknown
bean_333_2,commons-beanutils-1.9.4,DynaPropertyUtilsTestCase,testGetNestedString_2_oe,src/test/java/org/apache/commons/beanutils/DynaPropertyUtilsTestCase.java,,,,assert,unknown
bean_333_3,commons-beanutils-1.9.4,DynaPropertyUtilsTestCase,testGetNestedString_3_oe,src/test/java/org/apache/commons/beanutils/DynaPropertyUtilsTestCase.java,,,,assert,unknown
bean_334_1,commons-beanutils-1.9.4,DynaPropertyUtilsTestCase,testGetNestedUnknown_1_oe,src/test/java/org/apache/commons/beanutils/DynaPropertyUtilsTestCase.java,,,,assert,unknown
bean_335_1,commons-beanutils-1.9.4,DynaPropertyUtilsTestCase,testGetSimpleArguments_1_oe,src/test/java/org/apache/commons/beanutils/DynaPropertyUtilsTestCase.java,,,,assert,unknown
bean_335_3,commons-beanutils-1.9.4,DynaPropertyUtilsTestCase,testGetSimpleArguments_3_oe,src/test/java/org/apache/commons/beanutils/DynaPropertyUtilsTestCase.java,,,,assert,unknown
bean_336_1,commons-beanutils-1.9.4,DynaPropertyUtilsTestCase,testGetSimpleBoolean_1_oe,src/test/java/org/apache/commons/beanutils/DynaPropertyUtilsTestCase.java,,,,assert,unknown
bean_336_2,commons-beanutils-1.9.4,DynaPropertyUtilsTestCase,testGetSimpleBoolean_2_oe,src/test/java/org/apache/commons/beanutils/DynaPropertyUtilsTestCase.java,,,,assert,unknown
bean_336_3,commons-beanutils-1.9.4,DynaPropertyUtilsTestCase,testGetSimpleBoolean_3_oe,src/test/java/org/apache/commons/beanutils/DynaPropertyUtilsTestCase.java,,,,assert,unknown
bean_337_1,commons-beanutils-1.9.4,DynaPropertyUtilsTestCase,testGetSimpleDouble_1_oe,src/test/java/org/apache/commons/beanutils/DynaPropertyUtilsTestCase.java,,,,assert,unknown
bean_337_2,commons-beanutils-1.9.4,DynaPropertyUtilsTestCase,testGetSimpleDouble_2_oe,src/test/java/org/apache/commons/beanutils/DynaPropertyUtilsTestCase.java,,,,assert,unknown
bean_337_3,commons-beanutils-1.9.4,DynaPropertyUtilsTestCase,testGetSimpleDouble_3_oe,src/test/java/org/apache/commons/beanutils/DynaPropertyUtilsTestCase.java,,,,assert,unknown
bean_338_1,commons-beanutils-1.9.4,DynaPropertyUtilsTestCase,testGetSimpleFloat_1_oe,src/test/java/org/apache/commons/beanutils/DynaPropertyUtilsTestCase.java,,,,assert,unknown
bean_338_2,commons-beanutils-1.9.4,DynaPropertyUtilsTestCase,testGetSimpleFloat_2_oe,src/test/java/org/apache/commons/beanutils/DynaPropertyUtilsTestCase.java,,,,assert,unknown
bean_338_3,commons-beanutils-1.9.4,DynaPropertyUtilsTestCase,testGetSimpleFloat_3_oe,src/test/java/org/apache/commons/beanutils/DynaPropertyUtilsTestCase.java,,,,assert,unknown
bean_339_1,commons-beanutils-1.9.4,DynaPropertyUtilsTestCase,testGetSimpleIndexed_1_oe,src/test/java/org/apache/commons/beanutils/DynaPropertyUtilsTestCase.java,,,,assert,unknown
bean_340_1,commons-beanutils-1.9.4,DynaPropertyUtilsTestCase,testGetSimpleInt_1_oe,src/test/java/org/apache/commons/beanutils/DynaPropertyUtilsTestCase.java,,,,assert,unknown
bean_340_2,commons-beanutils-1.9.4,DynaPropertyUtilsTestCase,testGetSimpleInt_2_oe,src/test/java/org/apache/commons/beanutils/DynaPropertyUtilsTestCase.java,,,,assert,unknown
bean_340_3,commons-beanutils-1.9.4,DynaPropertyUtilsTestCase,testGetSimpleInt_3_oe,src/test/java/org/apache/commons/beanutils/DynaPropertyUtilsTestCase.java,,,,assert,unknown
bean_341_1,commons-beanutils-1.9.4,DynaPropertyUtilsTestCase,testGetSimpleLong_1_oe,src/test/java/org/apache/commons/beanutils/DynaPropertyUtilsTestCase.java,,,,assert,unknown
bean_341_2,commons-beanutils-1.9.4,DynaPropertyUtilsTestCase,testGetSimpleLong_2_oe,src/test/java/org/apache/commons/beanutils/DynaPropertyUtilsTestCase.java,,,,assert,unknown
bean_341_3,commons-beanutils-1.9.4,DynaPropertyUtilsTestCase,testGetSimpleLong_3_oe,src/test/java/org/apache/commons/beanutils/DynaPropertyUtilsTestCase.java,,,,assert,unknown
bean_342_1,commons-beanutils-1.9.4,DynaPropertyUtilsTestCase,testGetSimpleNested_1_oe,src/test/java/org/apache/commons/beanutils/DynaPropertyUtilsTestCase.java,,,,assert,unknown
bean_343_1,commons-beanutils-1.9.4,DynaPropertyUtilsTestCase,testGetSimpleShort_1_oe,src/test/java/org/apache/commons/beanutils/DynaPropertyUtilsTestCase.java,,,,assert,unknown
bean_343_2,commons-beanutils-1.9.4,DynaPropertyUtilsTestCase,testGetSimpleShort_2_oe,src/test/java/org/apache/commons/beanutils/DynaPropertyUtilsTestCase.java,,,,assert,unknown
bean_343_3,commons-beanutils-1.9.4,DynaPropertyUtilsTestCase,testGetSimpleShort_3_oe,src/test/java/org/apache/commons/beanutils/DynaPropertyUtilsTestCase.java,,,,assert,unknown
bean_344_1,commons-beanutils-1.9.4,DynaPropertyUtilsTestCase,testGetSimpleString_1_oe,src/test/java/org/apache/commons/beanutils/DynaPropertyUtilsTestCase.java,,,,assert,unknown
bean_344_2,commons-beanutils-1.9.4,DynaPropertyUtilsTestCase,testGetSimpleString_2_oe,src/test/java/org/apache/commons/beanutils/DynaPropertyUtilsTestCase.java,,,,assert,unknown
bean_344_3,commons-beanutils-1.9.4,DynaPropertyUtilsTestCase,testGetSimpleString_3_oe,src/test/java/org/apache/commons/beanutils/DynaPropertyUtilsTestCase.java,,,,assert,unknown
bean_345_1,commons-beanutils-1.9.4,DynaPropertyUtilsTestCase,testGetSimpleUnknown_1_oe,src/test/java/org/apache/commons/beanutils/DynaPropertyUtilsTestCase.java,,,,assert,unknown
bean_346_1,commons-beanutils-1.9.4,DynaPropertyUtilsTestCase,testSetIndexedArguments_1_oe,src/test/java/org/apache/commons/beanutils/DynaPropertyUtilsTestCase.java,,,,assert,unknown
bean_346_3,commons-beanutils-1.9.4,DynaPropertyUtilsTestCase,testSetIndexedArguments_3_oe,src/test/java/org/apache/commons/beanutils/DynaPropertyUtilsTestCase.java,,,,assert,unknown
bean_346_5,commons-beanutils-1.9.4,DynaPropertyUtilsTestCase,testSetIndexedArguments_5_oe,src/test/java/org/apache/commons/beanutils/DynaPropertyUtilsTestCase.java,,,,assert,unknown
bean_346_7,commons-beanutils-1.9.4,DynaPropertyUtilsTestCase,testSetIndexedArguments_7_oe,src/test/java/org/apache/commons/beanutils/DynaPropertyUtilsTestCase.java,,,,assert,unknown
bean_346_9,commons-beanutils-1.9.4,DynaPropertyUtilsTestCase,testSetIndexedArguments_9_oe,src/test/java/org/apache/commons/beanutils/DynaPropertyUtilsTestCase.java,,,,assert,unknown
bean_346_11,commons-beanutils-1.9.4,DynaPropertyUtilsTestCase,testSetIndexedArguments_11_oe,src/test/java/org/apache/commons/beanutils/DynaPropertyUtilsTestCase.java,,,,assert,unknown
bean_346_13,commons-beanutils-1.9.4,DynaPropertyUtilsTestCase,testSetIndexedArguments_13_oe,src/test/java/org/apache/commons/beanutils/DynaPropertyUtilsTestCase.java,,,,assert,unknown
bean_346_15,commons-beanutils-1.9.4,DynaPropertyUtilsTestCase,testSetIndexedArguments_15_oe,src/test/java/org/apache/commons/beanutils/DynaPropertyUtilsTestCase.java,,,,assert,unknown
bean_346_17,commons-beanutils-1.9.4,DynaPropertyUtilsTestCase,testSetIndexedArguments_17_oe,src/test/java/org/apache/commons/beanutils/DynaPropertyUtilsTestCase.java,,,,assert,unknown
bean_346_19,commons-beanutils-1.9.4,DynaPropertyUtilsTestCase,testSetIndexedArguments_19_oe,src/test/java/org/apache/commons/beanutils/DynaPropertyUtilsTestCase.java,,,,assert,unknown
bean_347_1,commons-beanutils-1.9.4,DynaPropertyUtilsTestCase,testSetIndexedValues_1_oe,src/test/java/org/apache/commons/beanutils/DynaPropertyUtilsTestCase.java,,,,assert,unknown
bean_347_2,commons-beanutils-1.9.4,DynaPropertyUtilsTestCase,testSetIndexedValues_2_oe,src/test/java/org/apache/commons/beanutils/DynaPropertyUtilsTestCase.java,,,,assert,unknown
bean_347_3,commons-beanutils-1.9.4,DynaPropertyUtilsTestCase,testSetIndexedValues_3_oe,src/test/java/org/apache/commons/beanutils/DynaPropertyUtilsTestCase.java,,,,assert,unknown
bean_347_5,commons-beanutils-1.9.4,DynaPropertyUtilsTestCase,testSetIndexedValues_5_oe,src/test/java/org/apache/commons/beanutils/DynaPropertyUtilsTestCase.java,,,,assert,unknown
bean_347_6,commons-beanutils-1.9.4,DynaPropertyUtilsTestCase,testSetIndexedValues_6_oe,src/test/java/org/apache/commons/beanutils/DynaPropertyUtilsTestCase.java,,,,assert,unknown
bean_347_7,commons-beanutils-1.9.4,DynaPropertyUtilsTestCase,testSetIndexedValues_7_oe,src/test/java/org/apache/commons/beanutils/DynaPropertyUtilsTestCase.java,,,,assert,unknown
bean_347_9,commons-beanutils-1.9.4,DynaPropertyUtilsTestCase,testSetIndexedValues_9_oe,src/test/java/org/apache/commons/beanutils/DynaPropertyUtilsTestCase.java,,,,assert,unknown
bean_347_10,commons-beanutils-1.9.4,DynaPropertyUtilsTestCase,testSetIndexedValues_10_oe,src/test/java/org/apache/commons/beanutils/DynaPropertyUtilsTestCase.java,,,,assert,unknown
bean_347_11,commons-beanutils-1.9.4,DynaPropertyUtilsTestCase,testSetIndexedValues_11_oe,src/test/java/org/apache/commons/beanutils/DynaPropertyUtilsTestCase.java,,,,assert,unknown
bean_347_13,commons-beanutils-1.9.4,DynaPropertyUtilsTestCase,testSetIndexedValues_13_oe,src/test/java/org/apache/commons/beanutils/DynaPropertyUtilsTestCase.java,,,,assert,unknown
bean_347_14,commons-beanutils-1.9.4,DynaPropertyUtilsTestCase,testSetIndexedValues_14_oe,src/test/java/org/apache/commons/beanutils/DynaPropertyUtilsTestCase.java,,,,assert,unknown
bean_347_15,commons-beanutils-1.9.4,DynaPropertyUtilsTestCase,testSetIndexedValues_15_oe,src/test/java/org/apache/commons/beanutils/DynaPropertyUtilsTestCase.java,,,,assert,unknown
bean_347_17,commons-beanutils-1.9.4,DynaPropertyUtilsTestCase,testSetIndexedValues_17_oe,src/test/java/org/apache/commons/beanutils/DynaPropertyUtilsTestCase.java,,,,assert,unknown
bean_347_18,commons-beanutils-1.9.4,DynaPropertyUtilsTestCase,testSetIndexedValues_18_oe,src/test/java/org/apache/commons/beanutils/DynaPropertyUtilsTestCase.java,,,,assert,unknown
bean_347_19,commons-beanutils-1.9.4,DynaPropertyUtilsTestCase,testSetIndexedValues_19_oe,src/test/java/org/apache/commons/beanutils/DynaPropertyUtilsTestCase.java,,,,assert,unknown
bean_347_21,commons-beanutils-1.9.4,DynaPropertyUtilsTestCase,testSetIndexedValues_21_oe,src/test/java/org/apache/commons/beanutils/DynaPropertyUtilsTestCase.java,,,,assert,unknown
bean_347_22,commons-beanutils-1.9.4,DynaPropertyUtilsTestCase,testSetIndexedValues_22_oe,src/test/java/org/apache/commons/beanutils/DynaPropertyUtilsTestCase.java,,,,assert,unknown
bean_347_23,commons-beanutils-1.9.4,DynaPropertyUtilsTestCase,testSetIndexedValues_23_oe,src/test/java/org/apache/commons/beanutils/DynaPropertyUtilsTestCase.java,,,,assert,unknown
bean_347_25,commons-beanutils-1.9.4,DynaPropertyUtilsTestCase,testSetIndexedValues_25_oe,src/test/java/org/apache/commons/beanutils/DynaPropertyUtilsTestCase.java,,,,assert,unknown
bean_347_26,commons-beanutils-1.9.4,DynaPropertyUtilsTestCase,testSetIndexedValues_26_oe,src/test/java/org/apache/commons/beanutils/DynaPropertyUtilsTestCase.java,,,,assert,unknown
bean_347_27,commons-beanutils-1.9.4,DynaPropertyUtilsTestCase,testSetIndexedValues_27_oe,src/test/java/org/apache/commons/beanutils/DynaPropertyUtilsTestCase.java,,,,assert,unknown
bean_347_29,commons-beanutils-1.9.4,DynaPropertyUtilsTestCase,testSetIndexedValues_29_oe,src/test/java/org/apache/commons/beanutils/DynaPropertyUtilsTestCase.java,,,,assert,unknown
bean_347_30,commons-beanutils-1.9.4,DynaPropertyUtilsTestCase,testSetIndexedValues_30_oe,src/test/java/org/apache/commons/beanutils/DynaPropertyUtilsTestCase.java,,,,assert,unknown
bean_347_31,commons-beanutils-1.9.4,DynaPropertyUtilsTestCase,testSetIndexedValues_31_oe,src/test/java/org/apache/commons/beanutils/DynaPropertyUtilsTestCase.java,,,,assert,unknown
bean_347_33,commons-beanutils-1.9.4,DynaPropertyUtilsTestCase,testSetIndexedValues_33_oe,src/test/java/org/apache/commons/beanutils/DynaPropertyUtilsTestCase.java,,,,assert,unknown
bean_347_34,commons-beanutils-1.9.4,DynaPropertyUtilsTestCase,testSetIndexedValues_34_oe,src/test/java/org/apache/commons/beanutils/DynaPropertyUtilsTestCase.java,,,,assert,unknown
bean_347_35,commons-beanutils-1.9.4,DynaPropertyUtilsTestCase,testSetIndexedValues_35_oe,src/test/java/org/apache/commons/beanutils/DynaPropertyUtilsTestCase.java,,,,assert,unknown
bean_347_37,commons-beanutils-1.9.4,DynaPropertyUtilsTestCase,testSetIndexedValues_37_oe,src/test/java/org/apache/commons/beanutils/DynaPropertyUtilsTestCase.java,,,,assert,unknown
bean_347_38,commons-beanutils-1.9.4,DynaPropertyUtilsTestCase,testSetIndexedValues_38_oe,src/test/java/org/apache/commons/beanutils/DynaPropertyUtilsTestCase.java,,,,assert,unknown
bean_347_39,commons-beanutils-1.9.4,DynaPropertyUtilsTestCase,testSetIndexedValues_39_oe,src/test/java/org/apache/commons/beanutils/DynaPropertyUtilsTestCase.java,,,,assert,unknown
bean_347_41,commons-beanutils-1.9.4,DynaPropertyUtilsTestCase,testSetIndexedValues_41_oe,src/test/java/org/apache/commons/beanutils/DynaPropertyUtilsTestCase.java,,,,assert,unknown
bean_347_43,commons-beanutils-1.9.4,DynaPropertyUtilsTestCase,testSetIndexedValues_43_oe,src/test/java/org/apache/commons/beanutils/DynaPropertyUtilsTestCase.java,,,,assert,unknown
bean_347_45,commons-beanutils-1.9.4,DynaPropertyUtilsTestCase,testSetIndexedValues_45_oe,src/test/java/org/apache/commons/beanutils/DynaPropertyUtilsTestCase.java,,,,assert,unknown
bean_347_47,commons-beanutils-1.9.4,DynaPropertyUtilsTestCase,testSetIndexedValues_47_oe,src/test/java/org/apache/commons/beanutils/DynaPropertyUtilsTestCase.java,,,,assert,unknown
bean_347_49,commons-beanutils-1.9.4,DynaPropertyUtilsTestCase,testSetIndexedValues_49_oe,src/test/java/org/apache/commons/beanutils/DynaPropertyUtilsTestCase.java,,,,assert,unknown
bean_347_51,commons-beanutils-1.9.4,DynaPropertyUtilsTestCase,testSetIndexedValues_51_oe,src/test/java/org/apache/commons/beanutils/DynaPropertyUtilsTestCase.java,,,,assert,unknown
bean_347_53,commons-beanutils-1.9.4,DynaPropertyUtilsTestCase,testSetIndexedValues_53_oe,src/test/java/org/apache/commons/beanutils/DynaPropertyUtilsTestCase.java,,,,assert,unknown
bean_347_55,commons-beanutils-1.9.4,DynaPropertyUtilsTestCase,testSetIndexedValues_55_oe,src/test/java/org/apache/commons/beanutils/DynaPropertyUtilsTestCase.java,,,,assert,unknown
bean_347_57,commons-beanutils-1.9.4,DynaPropertyUtilsTestCase,testSetIndexedValues_57_oe,src/test/java/org/apache/commons/beanutils/DynaPropertyUtilsTestCase.java,,,,assert,unknown
bean_347_59,commons-beanutils-1.9.4,DynaPropertyUtilsTestCase,testSetIndexedValues_59_oe,src/test/java/org/apache/commons/beanutils/DynaPropertyUtilsTestCase.java,,,,assert,unknown
bean_348_1,commons-beanutils-1.9.4,DynaPropertyUtilsTestCase,testSetMappedArguments_1_oe,src/test/java/org/apache/commons/beanutils/DynaPropertyUtilsTestCase.java,,,,assert,unknown
bean_348_3,commons-beanutils-1.9.4,DynaPropertyUtilsTestCase,testSetMappedArguments_3_oe,src/test/java/org/apache/commons/beanutils/DynaPropertyUtilsTestCase.java,,,,assert,unknown
bean_348_5,commons-beanutils-1.9.4,DynaPropertyUtilsTestCase,testSetMappedArguments_5_oe,src/test/java/org/apache/commons/beanutils/DynaPropertyUtilsTestCase.java,,,,assert,unknown
bean_348_7,commons-beanutils-1.9.4,DynaPropertyUtilsTestCase,testSetMappedArguments_7_oe,src/test/java/org/apache/commons/beanutils/DynaPropertyUtilsTestCase.java,,,,assert,unknown
bean_348_9,commons-beanutils-1.9.4,DynaPropertyUtilsTestCase,testSetMappedArguments_9_oe,src/test/java/org/apache/commons/beanutils/DynaPropertyUtilsTestCase.java,,,,assert,unknown
bean_348_11,commons-beanutils-1.9.4,DynaPropertyUtilsTestCase,testSetMappedArguments_11_oe,src/test/java/org/apache/commons/beanutils/DynaPropertyUtilsTestCase.java,,,,assert,unknown
bean_349_1,commons-beanutils-1.9.4,DynaPropertyUtilsTestCase,testSetMappedValues_1_oe,src/test/java/org/apache/commons/beanutils/DynaPropertyUtilsTestCase.java,,,,assert,unknown
bean_349_4,commons-beanutils-1.9.4,DynaPropertyUtilsTestCase,testSetMappedValues_4_oe,src/test/java/org/apache/commons/beanutils/DynaPropertyUtilsTestCase.java,,,,assert,unknown
bean_349_6,commons-beanutils-1.9.4,DynaPropertyUtilsTestCase,testSetMappedValues_6_oe,src/test/java/org/apache/commons/beanutils/DynaPropertyUtilsTestCase.java,,,,assert,unknown
bean_349_9,commons-beanutils-1.9.4,DynaPropertyUtilsTestCase,testSetMappedValues_9_oe,src/test/java/org/apache/commons/beanutils/DynaPropertyUtilsTestCase.java,,,,assert,unknown
bean_349_11,commons-beanutils-1.9.4,DynaPropertyUtilsTestCase,testSetMappedValues_11_oe,src/test/java/org/apache/commons/beanutils/DynaPropertyUtilsTestCase.java,,,,assert,unknown
bean_349_14,commons-beanutils-1.9.4,DynaPropertyUtilsTestCase,testSetMappedValues_14_oe,src/test/java/org/apache/commons/beanutils/DynaPropertyUtilsTestCase.java,,,,assert,unknown
bean_350_1,commons-beanutils-1.9.4,DynaPropertyUtilsTestCase,testSetNestedArguments_1_oe,src/test/java/org/apache/commons/beanutils/DynaPropertyUtilsTestCase.java,,,,assert,unknown
bean_350_3,commons-beanutils-1.9.4,DynaPropertyUtilsTestCase,testSetNestedArguments_3_oe,src/test/java/org/apache/commons/beanutils/DynaPropertyUtilsTestCase.java,,,,assert,unknown
bean_351_1,commons-beanutils-1.9.4,DynaPropertyUtilsTestCase,testSetNestedBoolean_1_oe,src/test/java/org/apache/commons/beanutils/DynaPropertyUtilsTestCase.java,,,,assert,unknown
bean_352_1,commons-beanutils-1.9.4,DynaPropertyUtilsTestCase,testSetNestedDouble_1_oe,src/test/java/org/apache/commons/beanutils/DynaPropertyUtilsTestCase.java,,,,assert,unknown
bean_353_1,commons-beanutils-1.9.4,DynaPropertyUtilsTestCase,testSetNestedFloat_1_oe,src/test/java/org/apache/commons/beanutils/DynaPropertyUtilsTestCase.java,,,,assert,unknown
bean_354_1,commons-beanutils-1.9.4,DynaPropertyUtilsTestCase,testSetNestedInt_1_oe,src/test/java/org/apache/commons/beanutils/DynaPropertyUtilsTestCase.java,,,,assert,unknown
bean_355_1,commons-beanutils-1.9.4,DynaPropertyUtilsTestCase,testSetNestedLong_1_oe,src/test/java/org/apache/commons/beanutils/DynaPropertyUtilsTestCase.java,,,,assert,unknown
bean_356_1,commons-beanutils-1.9.4,DynaPropertyUtilsTestCase,testSetNestedReadOnly_1_oe,src/test/java/org/apache/commons/beanutils/DynaPropertyUtilsTestCase.java,,,,assert,unknown
bean_357_1,commons-beanutils-1.9.4,DynaPropertyUtilsTestCase,testSetNestedShort_1_oe,src/test/java/org/apache/commons/beanutils/DynaPropertyUtilsTestCase.java,,,,assert,unknown
bean_358_1,commons-beanutils-1.9.4,DynaPropertyUtilsTestCase,testSetNestedString_1_oe,src/test/java/org/apache/commons/beanutils/DynaPropertyUtilsTestCase.java,,,,assert,unknown
bean_359_1,commons-beanutils-1.9.4,DynaPropertyUtilsTestCase,testSetNestedUnknown_1_oe,src/test/java/org/apache/commons/beanutils/DynaPropertyUtilsTestCase.java,,,,assert,unknown
bean_360_1,commons-beanutils-1.9.4,DynaPropertyUtilsTestCase,testSetNestedWriteOnly_1_oe,src/test/java/org/apache/commons/beanutils/DynaPropertyUtilsTestCase.java,,,,assert,unknown
bean_361_1,commons-beanutils-1.9.4,DynaPropertyUtilsTestCase,testSetSimpleArguments_1_oe,src/test/java/org/apache/commons/beanutils/DynaPropertyUtilsTestCase.java,,,,assert,unknown
bean_361_3,commons-beanutils-1.9.4,DynaPropertyUtilsTestCase,testSetSimpleArguments_3_oe,src/test/java/org/apache/commons/beanutils/DynaPropertyUtilsTestCase.java,,,,assert,unknown
bean_362_1,commons-beanutils-1.9.4,DynaPropertyUtilsTestCase,testSetSimpleBoolean_1_oe,src/test/java/org/apache/commons/beanutils/DynaPropertyUtilsTestCase.java,,,,assert,unknown
bean_363_1,commons-beanutils-1.9.4,DynaPropertyUtilsTestCase,testSetSimpleDouble_1_oe,src/test/java/org/apache/commons/beanutils/DynaPropertyUtilsTestCase.java,,,,assert,unknown
bean_364_1,commons-beanutils-1.9.4,DynaPropertyUtilsTestCase,testSetSimpleFloat_1_oe,src/test/java/org/apache/commons/beanutils/DynaPropertyUtilsTestCase.java,,,,assert,unknown
bean_365_1,commons-beanutils-1.9.4,DynaPropertyUtilsTestCase,testSetSimpleIndexed_1_oe,src/test/java/org/apache/commons/beanutils/DynaPropertyUtilsTestCase.java,,,,assert,unknown
bean_366_1,commons-beanutils-1.9.4,DynaPropertyUtilsTestCase,testSetSimpleInt_1_oe,src/test/java/org/apache/commons/beanutils/DynaPropertyUtilsTestCase.java,,,,assert,unknown
bean_367_1,commons-beanutils-1.9.4,DynaPropertyUtilsTestCase,testSetSimpleLong_1_oe,src/test/java/org/apache/commons/beanutils/DynaPropertyUtilsTestCase.java,,,,assert,unknown
bean_368_1,commons-beanutils-1.9.4,DynaPropertyUtilsTestCase,testSetSimpleNested_1_oe,src/test/java/org/apache/commons/beanutils/DynaPropertyUtilsTestCase.java,,,,assert,unknown
bean_369_1,commons-beanutils-1.9.4,DynaPropertyUtilsTestCase,testSetSimpleShort_1_oe,src/test/java/org/apache/commons/beanutils/DynaPropertyUtilsTestCase.java,,,,assert,unknown
bean_370_1,commons-beanutils-1.9.4,DynaPropertyUtilsTestCase,testSetSimpleString_1_oe,src/test/java/org/apache/commons/beanutils/DynaPropertyUtilsTestCase.java,,,,assert,unknown
bean_371_1,commons-beanutils-1.9.4,DynaPropertyUtilsTestCase,testSetSimpleUnknown_1_oe,src/test/java/org/apache/commons/beanutils/DynaPropertyUtilsTestCase.java,,,,assert,unknown
bean_402_1,commons-beanutils-1.9.4,BeanPropertyValueChangeClosureTestCase,testExecuteWithSimpleFloatPropertyAndStringValue_1_oe,src/test/java/org/apache/commons/beanutils/BeanPropertyValueChangeClosureTestCase.java,,,,assert,unknown
bean_403_1,commons-beanutils-1.9.4,BeanPropertyValueChangeClosureTestCase,testExecuteWithSimpleFloatPropertyAndDoubleValue_1_oe,src/test/java/org/apache/commons/beanutils/BeanPropertyValueChangeClosureTestCase.java,,,,assert,unknown
bean_406_1,commons-beanutils-1.9.4,BeanPropertyValueChangeClosureTestCase,testExecuteWithSimpleDoublePropertyAndStringValue_1_oe,src/test/java/org/apache/commons/beanutils/BeanPropertyValueChangeClosureTestCase.java,,,,assert,unknown
bean_409_1,commons-beanutils-1.9.4,BeanPropertyValueChangeClosureTestCase,testExecuteWithSimpleIntPropertyAndDoubleValue_1_oe,src/test/java/org/apache/commons/beanutils/BeanPropertyValueChangeClosureTestCase.java,,,,assert,unknown
bean_410_1,commons-beanutils-1.9.4,BeanPropertyValueChangeClosureTestCase,testExecuteWithSimpleIntPropertyAndStringValue_1_oe,src/test/java/org/apache/commons/beanutils/BeanPropertyValueChangeClosureTestCase.java,,,,assert,unknown
bean_411_1,commons-beanutils-1.9.4,BeanPropertyValueChangeClosureTestCase,testExecuteWithSimpleIntPropertyAndFloatValue_1_oe,src/test/java/org/apache/commons/beanutils/BeanPropertyValueChangeClosureTestCase.java,,,,assert,unknown
bean_414_1,commons-beanutils-1.9.4,BeanPropertyValueChangeClosureTestCase,testExecuteWithSimpleBooleanPropertyAndStringValue_1_oe,src/test/java/org/apache/commons/beanutils/BeanPropertyValueChangeClosureTestCase.java,,,,assert,unknown
bean_416_1,commons-beanutils-1.9.4,BeanPropertyValueChangeClosureTestCase,testExecuteWithSimpleBytePropertyAndStringValue_1_oe,src/test/java/org/apache/commons/beanutils/BeanPropertyValueChangeClosureTestCase.java,,,,assert,unknown
bean_417_1,commons-beanutils-1.9.4,BeanPropertyValueChangeClosureTestCase,testExecuteWithSimplePrimitivePropertyAndNullValue_1_oe,src/test/java/org/apache/commons/beanutils/BeanPropertyValueChangeClosureTestCase.java,,,,assert,unknown
bean_418_1,commons-beanutils-1.9.4,BeanPropertyValueChangeClosureTestCase,testExecuteWithReadOnlyProperty_1_oe,src/test/java/org/apache/commons/beanutils/BeanPropertyValueChangeClosureTestCase.java,,,,assert,unknown
bean_421_1,commons-beanutils-1.9.4,BeanPropertyValueChangeClosureTestCase,testExecuteWithNullInPropertyPath_1_oe,src/test/java/org/apache/commons/beanutils/BeanPropertyValueChangeClosureTestCase.java,,,,assert,unknown
bean_426_1,commons-beanutils-1.9.4,BeanPropertyValueChangeClosureTestCase,testExecuteWithInvalidPropertyName_1_oe,src/test/java/org/apache/commons/beanutils/BeanPropertyValueChangeClosureTestCase.java,,,,assert,unknown
bean_438_1,commons-beanutils-1.9.4,LazyDynaClassTestCase,testAddProperty3_1_oe,src/test/java/org/apache/commons/beanutils/LazyDynaClassTestCase.java,,,,assert,unknown
bean_439_1,commons-beanutils-1.9.4,LazyDynaClassTestCase,testAddPropertyNullName1_1_oe,src/test/java/org/apache/commons/beanutils/LazyDynaClassTestCase.java,,,,assert,unknown
bean_440_1,commons-beanutils-1.9.4,LazyDynaClassTestCase,testAddPropertyNullName2_1_oe,src/test/java/org/apache/commons/beanutils/LazyDynaClassTestCase.java,,,,assert,unknown
bean_441_1,commons-beanutils-1.9.4,LazyDynaClassTestCase,testAddPropertyNullName3_1_oe,src/test/java/org/apache/commons/beanutils/LazyDynaClassTestCase.java,,,,assert,unknown
bean_442_2,commons-beanutils-1.9.4,LazyDynaClassTestCase,testAddPropertyRestricted1_2_oe,src/test/java/org/apache/commons/beanutils/LazyDynaClassTestCase.java,,,,assert,unknown
bean_443_2,commons-beanutils-1.9.4,LazyDynaClassTestCase,testAddPropertyRestricted2_2_oe,src/test/java/org/apache/commons/beanutils/LazyDynaClassTestCase.java,,,,assert,unknown
bean_444_2,commons-beanutils-1.9.4,LazyDynaClassTestCase,testAddPropertyRestricted3_2_oe,src/test/java/org/apache/commons/beanutils/LazyDynaClassTestCase.java,,,,assert,unknown
bean_448_1,commons-beanutils-1.9.4,LazyDynaClassTestCase,testRemovePropertyNullName_1_oe,src/test/java/org/apache/commons/beanutils/LazyDynaClassTestCase.java,,,,assert,unknown
bean_449_3,commons-beanutils-1.9.4,LazyDynaClassTestCase,testRemovePropertyRestricted_3_oe,src/test/java/org/apache/commons/beanutils/LazyDynaClassTestCase.java,,,,assert,unknown
bean_451_1,commons-beanutils-1.9.4,MappedPropertyTestCase,testFound_1_oe,src/test/java/org/apache/commons/beanutils/MappedPropertyTestCase.java,,,,assert,unknown
bean_451_2,commons-beanutils-1.9.4,MappedPropertyTestCase,testFound_2_oe,src/test/java/org/apache/commons/beanutils/MappedPropertyTestCase.java,,,,assert,unknown
bean_452_1,commons-beanutils-1.9.4,MappedPropertyTestCase,testBooleanMapped_1_oe,src/test/java/org/apache/commons/beanutils/MappedPropertyTestCase.java,,,,assert,unknown
bean_452_2,commons-beanutils-1.9.4,MappedPropertyTestCase,testBooleanMapped_2_oe,src/test/java/org/apache/commons/beanutils/MappedPropertyTestCase.java,,,,assert,unknown
bean_453_1,commons-beanutils-1.9.4,MappedPropertyTestCase,testNotFound_1_oe,src/test/java/org/apache/commons/beanutils/MappedPropertyTestCase.java,,,,assert,unknown
bean_454_1,commons-beanutils-1.9.4,MappedPropertyTestCase,testMappedGetterOnly_1_oe,src/test/java/org/apache/commons/beanutils/MappedPropertyTestCase.java,,,,assert,unknown
bean_454_2,commons-beanutils-1.9.4,MappedPropertyTestCase,testMappedGetterOnly_2_oe,src/test/java/org/apache/commons/beanutils/MappedPropertyTestCase.java,,,,assert,unknown
bean_455_1,commons-beanutils-1.9.4,MappedPropertyTestCase,testMappedSetterOnly_1_oe,src/test/java/org/apache/commons/beanutils/MappedPropertyTestCase.java,,,,assert,unknown
bean_455_2,commons-beanutils-1.9.4,MappedPropertyTestCase,testMappedSetterOnly_2_oe,src/test/java/org/apache/commons/beanutils/MappedPropertyTestCase.java,,,,assert,unknown
bean_456_1,commons-beanutils-1.9.4,MappedPropertyTestCase,testInvalidSetter_1_oe,src/test/java/org/apache/commons/beanutils/MappedPropertyTestCase.java,,,,assert,unknown
bean_456_2,commons-beanutils-1.9.4,MappedPropertyTestCase,testInvalidSetter_2_oe,src/test/java/org/apache/commons/beanutils/MappedPropertyTestCase.java,,,,assert,unknown
bean_457_1,commons-beanutils-1.9.4,MappedPropertyTestCase,testInvalidGetter_1_oe,src/test/java/org/apache/commons/beanutils/MappedPropertyTestCase.java,,,,assert,unknown
bean_457_2,commons-beanutils-1.9.4,MappedPropertyTestCase,testInvalidGetter_2_oe,src/test/java/org/apache/commons/beanutils/MappedPropertyTestCase.java,,,,assert,unknown
bean_458_1,commons-beanutils-1.9.4,MappedPropertyTestCase,testDifferentTypes_1_oe,src/test/java/org/apache/commons/beanutils/MappedPropertyTestCase.java,,,,assert,unknown
bean_458_2,commons-beanutils-1.9.4,MappedPropertyTestCase,testDifferentTypes_2_oe,src/test/java/org/apache/commons/beanutils/MappedPropertyTestCase.java,,,,assert,unknown
bean_459_1,commons-beanutils-1.9.4,MappedPropertyTestCase,testMapGetter_1_oe,src/test/java/org/apache/commons/beanutils/MappedPropertyTestCase.java,,,,assert,unknown
bean_460_1,commons-beanutils-1.9.4,MappedPropertyTestCase,testAnyArgsProperty_1_oe,src/test/java/org/apache/commons/beanutils/MappedPropertyTestCase.java,,,,assert,unknown
bean_460_2,commons-beanutils-1.9.4,MappedPropertyTestCase,testAnyArgsProperty_2_oe,src/test/java/org/apache/commons/beanutils/MappedPropertyTestCase.java,,,,assert,unknown
bean_461_1,commons-beanutils-1.9.4,MappedPropertyTestCase,testPrimitiveArgsProperty_1_oe,src/test/java/org/apache/commons/beanutils/MappedPropertyTestCase.java,,,,assert,unknown
bean_461_2,commons-beanutils-1.9.4,MappedPropertyTestCase,testPrimitiveArgsProperty_2_oe,src/test/java/org/apache/commons/beanutils/MappedPropertyTestCase.java,,,,assert,unknown
bean_462_1,commons-beanutils-1.9.4,MappedPropertyTestCase,testProtected_1_oe,src/test/java/org/apache/commons/beanutils/MappedPropertyTestCase.java,,,,assert,unknown
bean_463_1,commons-beanutils-1.9.4,MappedPropertyTestCase,testPublicParentMethod_1_oe,src/test/java/org/apache/commons/beanutils/MappedPropertyTestCase.java,,,,assert,unknown
bean_463_2,commons-beanutils-1.9.4,MappedPropertyTestCase,testPublicParentMethod_2_oe,src/test/java/org/apache/commons/beanutils/MappedPropertyTestCase.java,,,,assert,unknown
bean_464_1,commons-beanutils-1.9.4,MappedPropertyTestCase,testProtectedParentMethod_1_oe,src/test/java/org/apache/commons/beanutils/MappedPropertyTestCase.java,,,,assert,unknown
bean_465_1,commons-beanutils-1.9.4,MappedPropertyTestCase,testInterfaceMapped_1_oe,src/test/java/org/apache/commons/beanutils/MappedPropertyTestCase.java,,,,assert,unknown
bean_465_2,commons-beanutils-1.9.4,MappedPropertyTestCase,testInterfaceMapped_2_oe,src/test/java/org/apache/commons/beanutils/MappedPropertyTestCase.java,,,,assert,unknown
bean_466_1,commons-beanutils-1.9.4,MappedPropertyTestCase,testInterfaceNotFound_1_oe,src/test/java/org/apache/commons/beanutils/MappedPropertyTestCase.java,,,,assert,unknown
bean_467_1,commons-beanutils-1.9.4,MappedPropertyTestCase,testChildInterfaceMapped_1_oe,src/test/java/org/apache/commons/beanutils/MappedPropertyTestCase.java,,,,assert,unknown
bean_467_2,commons-beanutils-1.9.4,MappedPropertyTestCase,testChildInterfaceMapped_2_oe,src/test/java/org/apache/commons/beanutils/MappedPropertyTestCase.java,,,,assert,unknown
bean_472_1,commons-beanutils-1.9.4,BeanComparatorTestCase,testCompareWithNulls_1_oe,src/test/java/org/apache/commons/beanutils/BeanComparatorTestCase.java,,,,assert,unknown
bean_473_1,commons-beanutils-1.9.4,BeanComparatorTestCase,testCompareOnMissingProperty_1_oe,src/test/java/org/apache/commons/beanutils/BeanComparatorTestCase.java,,,,assert,unknown
bean_476_1,commons-beanutils-1.9.4,DynaBeanMapDecoratorTestCase,testClear_1_oe,src/test/java/org/apache/commons/beanutils/DynaBeanMapDecoratorTestCase.java,,,,assert,unknown
bean_476_2,commons-beanutils-1.9.4,DynaBeanMapDecoratorTestCase,testClear_2_oe,src/test/java/org/apache/commons/beanutils/DynaBeanMapDecoratorTestCase.java,,,,assert,unknown
bean_480_2,commons-beanutils-1.9.4,DynaBeanMapDecoratorTestCase,testGet_2_oe,src/test/java/org/apache/commons/beanutils/DynaBeanMapDecoratorTestCase.java,,,,assert,unknown
bean_483_1,commons-beanutils-1.9.4,DynaBeanMapDecoratorTestCase,testPut_1_oe,src/test/java/org/apache/commons/beanutils/DynaBeanMapDecoratorTestCase.java,,,,assert,unknown
bean_484_1,commons-beanutils-1.9.4,DynaBeanMapDecoratorTestCase,testPutAll_1_oe,src/test/java/org/apache/commons/beanutils/DynaBeanMapDecoratorTestCase.java,,,,assert,unknown
bean_485_1,commons-beanutils-1.9.4,DynaBeanMapDecoratorTestCase,testRemove_1_oe,src/test/java/org/apache/commons/beanutils/DynaBeanMapDecoratorTestCase.java,,,,assert,unknown
bean_485_2,commons-beanutils-1.9.4,DynaBeanMapDecoratorTestCase,testRemove_2_oe,src/test/java/org/apache/commons/beanutils/DynaBeanMapDecoratorTestCase.java,,,,assert,unknown
bean_491_1,commons-beanutils-1.9.4,BeanPropertyValueEqualsPredicateTestCase,testEvaluateWithNullInPath_1_oe,src/test/java/org/apache/commons/beanutils/BeanPropertyValueEqualsPredicateTestCase.java,,,,assert,unknown
bean_492_1,commons-beanutils-1.9.4,BeanPropertyValueEqualsPredicateTestCase,testEvaluateWithNullInPathAndIgnoreTrue_1_oe,src/test/java/org/apache/commons/beanutils/BeanPropertyValueEqualsPredicateTestCase.java,,,,assert,unknown
bean_499_3,commons-beanutils-1.9.4,BeanPropertyValueEqualsPredicateTestCase,testEvaluateWithIndexedProperty_3_oe,src/test/java/org/apache/commons/beanutils/BeanPropertyValueEqualsPredicateTestCase.java,,,,assert,unknown
bean_507_1,commons-beanutils-1.9.4,BeanUtilsTestCase,testGetArrayProperty_1_oe,src/test/java/org/apache/commons/beanutils/BeanUtilsTestCase.java,,,,assert,unknown
bean_507_2,commons-beanutils-1.9.4,BeanUtilsTestCase,testGetArrayProperty_2_oe,src/test/java/org/apache/commons/beanutils/BeanUtilsTestCase.java,,,,assert,unknown
bean_507_3,commons-beanutils-1.9.4,BeanUtilsTestCase,testGetArrayProperty_3_oe,src/test/java/org/apache/commons/beanutils/BeanUtilsTestCase.java,,,,assert,unknown
bean_507_4,commons-beanutils-1.9.4,BeanUtilsTestCase,testGetArrayProperty_4_oe,src/test/java/org/apache/commons/beanutils/BeanUtilsTestCase.java,,,,assert,unknown
bean_507_5,commons-beanutils-1.9.4,BeanUtilsTestCase,testGetArrayProperty_5_oe,src/test/java/org/apache/commons/beanutils/BeanUtilsTestCase.java,,,,assert,unknown
bean_507_6,commons-beanutils-1.9.4,BeanUtilsTestCase,testGetArrayProperty_6_oe,src/test/java/org/apache/commons/beanutils/BeanUtilsTestCase.java,,,,assert,unknown
bean_509_1,commons-beanutils-1.9.4,BeanUtilsTestCase,testGetIndexedProperty1_1_oe,src/test/java/org/apache/commons/beanutils/BeanUtilsTestCase.java,,,,assert,unknown
bean_509_2,commons-beanutils-1.9.4,BeanUtilsTestCase,testGetIndexedProperty1_2_oe,src/test/java/org/apache/commons/beanutils/BeanUtilsTestCase.java,,,,assert,unknown
bean_511_1,commons-beanutils-1.9.4,BeanUtilsTestCase,testGetIndexedProperty2_1_oe,src/test/java/org/apache/commons/beanutils/BeanUtilsTestCase.java,,,,assert,unknown
bean_511_2,commons-beanutils-1.9.4,BeanUtilsTestCase,testGetIndexedProperty2_2_oe,src/test/java/org/apache/commons/beanutils/BeanUtilsTestCase.java,,,,assert,unknown
bean_512_1,commons-beanutils-1.9.4,BeanUtilsTestCase,testGetNestedProperty_1_oe,src/test/java/org/apache/commons/beanutils/BeanUtilsTestCase.java,,,,assert,unknown
bean_513_1,commons-beanutils-1.9.4,BeanUtilsTestCase,testGetGeneralProperty_1_oe,src/test/java/org/apache/commons/beanutils/BeanUtilsTestCase.java,,,,assert,unknown
bean_514_1,commons-beanutils-1.9.4,BeanUtilsTestCase,testGetSimpleProperty_1_oe,src/test/java/org/apache/commons/beanutils/BeanUtilsTestCase.java,,,,assert,unknown
bean_516_1,commons-beanutils-1.9.4,BeanUtilsTestCase,testPopulateArrayElements_1_oe,src/test/java/org/apache/commons/beanutils/BeanUtilsTestCase.java,,,,assert,unknown
bean_516_2,commons-beanutils-1.9.4,BeanUtilsTestCase,testPopulateArrayElements_2_oe,src/test/java/org/apache/commons/beanutils/BeanUtilsTestCase.java,,,,assert,unknown
bean_516_3,commons-beanutils-1.9.4,BeanUtilsTestCase,testPopulateArrayElements_3_oe,src/test/java/org/apache/commons/beanutils/BeanUtilsTestCase.java,,,,assert,unknown
bean_516_4,commons-beanutils-1.9.4,BeanUtilsTestCase,testPopulateArrayElements_4_oe,src/test/java/org/apache/commons/beanutils/BeanUtilsTestCase.java,,,,assert,unknown
bean_516_5,commons-beanutils-1.9.4,BeanUtilsTestCase,testPopulateArrayElements_5_oe,src/test/java/org/apache/commons/beanutils/BeanUtilsTestCase.java,,,,assert,unknown
bean_516_6,commons-beanutils-1.9.4,BeanUtilsTestCase,testPopulateArrayElements_6_oe,src/test/java/org/apache/commons/beanutils/BeanUtilsTestCase.java,,,,assert,unknown
bean_516_7,commons-beanutils-1.9.4,BeanUtilsTestCase,testPopulateArrayElements_7_oe,src/test/java/org/apache/commons/beanutils/BeanUtilsTestCase.java,,,,assert,unknown
bean_516_8,commons-beanutils-1.9.4,BeanUtilsTestCase,testPopulateArrayElements_8_oe,src/test/java/org/apache/commons/beanutils/BeanUtilsTestCase.java,,,,assert,unknown
bean_516_9,commons-beanutils-1.9.4,BeanUtilsTestCase,testPopulateArrayElements_9_oe,src/test/java/org/apache/commons/beanutils/BeanUtilsTestCase.java,,,,assert,unknown
bean_516_10,commons-beanutils-1.9.4,BeanUtilsTestCase,testPopulateArrayElements_10_oe,src/test/java/org/apache/commons/beanutils/BeanUtilsTestCase.java,,,,assert,unknown
bean_517_1,commons-beanutils-1.9.4,BeanUtilsTestCase,testPopulateArrayProperties_1_oe,src/test/java/org/apache/commons/beanutils/BeanUtilsTestCase.java,,,,assert,unknown
bean_517_2,commons-beanutils-1.9.4,BeanUtilsTestCase,testPopulateArrayProperties_2_oe,src/test/java/org/apache/commons/beanutils/BeanUtilsTestCase.java,,,,assert,unknown
bean_517_3,commons-beanutils-1.9.4,BeanUtilsTestCase,testPopulateArrayProperties_3_oe,src/test/java/org/apache/commons/beanutils/BeanUtilsTestCase.java,,,,assert,unknown
bean_517_4,commons-beanutils-1.9.4,BeanUtilsTestCase,testPopulateArrayProperties_4_oe,src/test/java/org/apache/commons/beanutils/BeanUtilsTestCase.java,,,,assert,unknown
bean_517_5,commons-beanutils-1.9.4,BeanUtilsTestCase,testPopulateArrayProperties_5_oe,src/test/java/org/apache/commons/beanutils/BeanUtilsTestCase.java,,,,assert,unknown
bean_517_6,commons-beanutils-1.9.4,BeanUtilsTestCase,testPopulateArrayProperties_6_oe,src/test/java/org/apache/commons/beanutils/BeanUtilsTestCase.java,,,,assert,unknown
bean_517_7,commons-beanutils-1.9.4,BeanUtilsTestCase,testPopulateArrayProperties_7_oe,src/test/java/org/apache/commons/beanutils/BeanUtilsTestCase.java,,,,assert,unknown
bean_517_8,commons-beanutils-1.9.4,BeanUtilsTestCase,testPopulateArrayProperties_8_oe,src/test/java/org/apache/commons/beanutils/BeanUtilsTestCase.java,,,,assert,unknown
bean_517_9,commons-beanutils-1.9.4,BeanUtilsTestCase,testPopulateArrayProperties_9_oe,src/test/java/org/apache/commons/beanutils/BeanUtilsTestCase.java,,,,assert,unknown
bean_518_1,commons-beanutils-1.9.4,BeanUtilsTestCase,testPopulateMapped_1_oe,src/test/java/org/apache/commons/beanutils/BeanUtilsTestCase.java,,,,assert,unknown
bean_518_2,commons-beanutils-1.9.4,BeanUtilsTestCase,testPopulateMapped_2_oe,src/test/java/org/apache/commons/beanutils/BeanUtilsTestCase.java,,,,assert,unknown
bean_518_3,commons-beanutils-1.9.4,BeanUtilsTestCase,testPopulateMapped_3_oe,src/test/java/org/apache/commons/beanutils/BeanUtilsTestCase.java,,,,assert,unknown
bean_518_4,commons-beanutils-1.9.4,BeanUtilsTestCase,testPopulateMapped_4_oe,src/test/java/org/apache/commons/beanutils/BeanUtilsTestCase.java,,,,assert,unknown
bean_519_1,commons-beanutils-1.9.4,BeanUtilsTestCase,testPopulateNested_1_oe,src/test/java/org/apache/commons/beanutils/BeanUtilsTestCase.java,,,,assert,unknown
bean_519_2,commons-beanutils-1.9.4,BeanUtilsTestCase,testPopulateNested_2_oe,src/test/java/org/apache/commons/beanutils/BeanUtilsTestCase.java,,,,assert,unknown
bean_519_3,commons-beanutils-1.9.4,BeanUtilsTestCase,testPopulateNested_3_oe,src/test/java/org/apache/commons/beanutils/BeanUtilsTestCase.java,,,,assert,unknown
bean_519_4,commons-beanutils-1.9.4,BeanUtilsTestCase,testPopulateNested_4_oe,src/test/java/org/apache/commons/beanutils/BeanUtilsTestCase.java,,,,assert,unknown
bean_519_5,commons-beanutils-1.9.4,BeanUtilsTestCase,testPopulateNested_5_oe,src/test/java/org/apache/commons/beanutils/BeanUtilsTestCase.java,,,,assert,unknown
bean_519_6,commons-beanutils-1.9.4,BeanUtilsTestCase,testPopulateNested_6_oe,src/test/java/org/apache/commons/beanutils/BeanUtilsTestCase.java,,,,assert,unknown
bean_519_7,commons-beanutils-1.9.4,BeanUtilsTestCase,testPopulateNested_7_oe,src/test/java/org/apache/commons/beanutils/BeanUtilsTestCase.java,,,,assert,unknown
bean_519_8,commons-beanutils-1.9.4,BeanUtilsTestCase,testPopulateNested_8_oe,src/test/java/org/apache/commons/beanutils/BeanUtilsTestCase.java,,,,assert,unknown
bean_519_9,commons-beanutils-1.9.4,BeanUtilsTestCase,testPopulateNested_9_oe,src/test/java/org/apache/commons/beanutils/BeanUtilsTestCase.java,,,,assert,unknown
bean_520_1,commons-beanutils-1.9.4,BeanUtilsTestCase,testPopulateScalar_1_oe,src/test/java/org/apache/commons/beanutils/BeanUtilsTestCase.java,,,,assert,unknown
bean_520_2,commons-beanutils-1.9.4,BeanUtilsTestCase,testPopulateScalar_2_oe,src/test/java/org/apache/commons/beanutils/BeanUtilsTestCase.java,,,,assert,unknown
bean_520_3,commons-beanutils-1.9.4,BeanUtilsTestCase,testPopulateScalar_3_oe,src/test/java/org/apache/commons/beanutils/BeanUtilsTestCase.java,,,,assert,unknown
bean_520_4,commons-beanutils-1.9.4,BeanUtilsTestCase,testPopulateScalar_4_oe,src/test/java/org/apache/commons/beanutils/BeanUtilsTestCase.java,,,,assert,unknown
bean_520_5,commons-beanutils-1.9.4,BeanUtilsTestCase,testPopulateScalar_5_oe,src/test/java/org/apache/commons/beanutils/BeanUtilsTestCase.java,,,,assert,unknown
bean_520_6,commons-beanutils-1.9.4,BeanUtilsTestCase,testPopulateScalar_6_oe,src/test/java/org/apache/commons/beanutils/BeanUtilsTestCase.java,,,,assert,unknown
bean_520_7,commons-beanutils-1.9.4,BeanUtilsTestCase,testPopulateScalar_7_oe,src/test/java/org/apache/commons/beanutils/BeanUtilsTestCase.java,,,,assert,unknown
bean_520_8,commons-beanutils-1.9.4,BeanUtilsTestCase,testPopulateScalar_8_oe,src/test/java/org/apache/commons/beanutils/BeanUtilsTestCase.java,,,,assert,unknown
bean_520_9,commons-beanutils-1.9.4,BeanUtilsTestCase,testPopulateScalar_9_oe,src/test/java/org/apache/commons/beanutils/BeanUtilsTestCase.java,,,,assert,unknown
bean_520_10,commons-beanutils-1.9.4,BeanUtilsTestCase,testPopulateScalar_10_oe,src/test/java/org/apache/commons/beanutils/BeanUtilsTestCase.java,,,,assert,unknown
bean_520_11,commons-beanutils-1.9.4,BeanUtilsTestCase,testPopulateScalar_11_oe,src/test/java/org/apache/commons/beanutils/BeanUtilsTestCase.java,,,,assert,unknown
bean_520_12,commons-beanutils-1.9.4,BeanUtilsTestCase,testPopulateScalar_12_oe,src/test/java/org/apache/commons/beanutils/BeanUtilsTestCase.java,,,,assert,unknown
bean_552_3,commons-beanutils-1.9.4,BeanUtilsTestCase,testSeparateInstances_3_oe,src/test/java/org/apache/commons/beanutils/BeanUtilsTestCase.java,,,,assert,unknown
bean_552_4,commons-beanutils-1.9.4,BeanUtilsTestCase,testSeparateInstances_4_oe,src/test/java/org/apache/commons/beanutils/BeanUtilsTestCase.java,,,,assert,unknown
bean_555_2,commons-beanutils-1.9.4,BeanUtilsTestCase,testInitCause_2_oe,src/test/java/org/apache/commons/beanutils/BeanUtilsTestCase.java,,,,assert,unknown
bean_555_3,commons-beanutils-1.9.4,BeanUtilsTestCase,testInitCause_3_oe,src/test/java/org/apache/commons/beanutils/BeanUtilsTestCase.java,,,,assert,unknown
bean_555_4,commons-beanutils-1.9.4,BeanUtilsTestCase,testInitCause_4_oe,src/test/java/org/apache/commons/beanutils/BeanUtilsTestCase.java,,,,assert,unknown
bean_556_1,commons-beanutils-1.9.4,SuppressPropertiesBeanIntrospectorTestCase,testInitNoPropertyNames_1_oe,src/test/java/org/apache/commons/beanutils/SuppressPropertiesBeanIntrospectorTestCase.java,,,,assert,unknown
bean_559_1,commons-beanutils-1.9.4,SuppressPropertiesBeanIntrospectorTestCase,testGetSuppressedPropertiesModify_1_oe,src/test/java/org/apache/commons/beanutils/SuppressPropertiesBeanIntrospectorTestCase.java,,,,assert,unknown
bean_560_9,commons-beanutils-1.9.4,ConvertUtilsTestCase,testNegativeScalar_9_oe,src/test/java/org/apache/commons/beanutils/ConvertUtilsTestCase.java,,,,assert,unknown
bean_565_5,commons-beanutils-1.9.4,ConvertUtilsTestCase,testSeparateConvertInstances_5_oe,src/test/java/org/apache/commons/beanutils/ConvertUtilsTestCase.java,,,,assert,unknown
bean_565_6,commons-beanutils-1.9.4,ConvertUtilsTestCase,testSeparateConvertInstances_6_oe,src/test/java/org/apache/commons/beanutils/ConvertUtilsTestCase.java,,,,assert,unknown
bean_565_7,commons-beanutils-1.9.4,ConvertUtilsTestCase,testSeparateConvertInstances_7_oe,src/test/java/org/apache/commons/beanutils/ConvertUtilsTestCase.java,,,,assert,unknown
bean_569_1,commons-beanutils-1.9.4,LocaleConvertUtilsTestCase,testNegativeScalar_1_oe,src/test/java/org/apache/commons/beanutils/locale/LocaleConvertUtilsTestCase.java,,,,assert,unknown
bean_569_2,commons-beanutils-1.9.4,LocaleConvertUtilsTestCase,testNegativeScalar_2_oe,src/test/java/org/apache/commons/beanutils/locale/LocaleConvertUtilsTestCase.java,,,,assert,unknown
bean_569_3,commons-beanutils-1.9.4,LocaleConvertUtilsTestCase,testNegativeScalar_3_oe,src/test/java/org/apache/commons/beanutils/locale/LocaleConvertUtilsTestCase.java,,,,assert,unknown
bean_569_4,commons-beanutils-1.9.4,LocaleConvertUtilsTestCase,testNegativeScalar_4_oe,src/test/java/org/apache/commons/beanutils/locale/LocaleConvertUtilsTestCase.java,,,,assert,unknown
bean_569_5,commons-beanutils-1.9.4,LocaleConvertUtilsTestCase,testNegativeScalar_5_oe,src/test/java/org/apache/commons/beanutils/locale/LocaleConvertUtilsTestCase.java,,,,assert,unknown
bean_569_6,commons-beanutils-1.9.4,LocaleConvertUtilsTestCase,testNegativeScalar_6_oe,src/test/java/org/apache/commons/beanutils/locale/LocaleConvertUtilsTestCase.java,,,,assert,unknown
bean_569_7,commons-beanutils-1.9.4,LocaleConvertUtilsTestCase,testNegativeScalar_7_oe,src/test/java/org/apache/commons/beanutils/locale/LocaleConvertUtilsTestCase.java,,,,assert,unknown
bean_569_8,commons-beanutils-1.9.4,LocaleConvertUtilsTestCase,testNegativeScalar_8_oe,src/test/java/org/apache/commons/beanutils/locale/LocaleConvertUtilsTestCase.java,,,,assert,unknown
bean_569_9,commons-beanutils-1.9.4,LocaleConvertUtilsTestCase,testNegativeScalar_9_oe,src/test/java/org/apache/commons/beanutils/locale/LocaleConvertUtilsTestCase.java,,,,assert,unknown
bean_569_10,commons-beanutils-1.9.4,LocaleConvertUtilsTestCase,testNegativeScalar_10_oe,src/test/java/org/apache/commons/beanutils/locale/LocaleConvertUtilsTestCase.java,,,,assert,unknown
bean_569_11,commons-beanutils-1.9.4,LocaleConvertUtilsTestCase,testNegativeScalar_11_oe,src/test/java/org/apache/commons/beanutils/locale/LocaleConvertUtilsTestCase.java,,,,assert,unknown
bean_569_12,commons-beanutils-1.9.4,LocaleConvertUtilsTestCase,testNegativeScalar_12_oe,src/test/java/org/apache/commons/beanutils/locale/LocaleConvertUtilsTestCase.java,,,,assert,unknown
bean_582_1,commons-beanutils-1.9.4,LocaleBeanificationTestCase,testLocaleAwareConverterInConvertUtils_1_oe,src/test/java/org/apache/commons/beanutils/locale/LocaleBeanificationTestCase.java,,,,assert,unknown
bean_582_2,commons-beanutils-1.9.4,LocaleBeanificationTestCase,testLocaleAwareConverterInConvertUtils_2_oe,src/test/java/org/apache/commons/beanutils/locale/LocaleBeanificationTestCase.java,,,,assert,unknown
bean_582_3,commons-beanutils-1.9.4,LocaleBeanificationTestCase,testLocaleAwareConverterInConvertUtils_3_oe,src/test/java/org/apache/commons/beanutils/locale/LocaleBeanificationTestCase.java,,,,assert,unknown
bean_582_4,commons-beanutils-1.9.4,LocaleBeanificationTestCase,testLocaleAwareConverterInConvertUtils_4_oe,src/test/java/org/apache/commons/beanutils/locale/LocaleBeanificationTestCase.java,,,,assert,unknown
bean_582_5,commons-beanutils-1.9.4,LocaleBeanificationTestCase,testLocaleAwareConverterInConvertUtils_5_oe,src/test/java/org/apache/commons/beanutils/locale/LocaleBeanificationTestCase.java,,,,assert,unknown
bean_582_6,commons-beanutils-1.9.4,LocaleBeanificationTestCase,testLocaleAwareConverterInConvertUtils_6_oe,src/test/java/org/apache/commons/beanutils/locale/LocaleBeanificationTestCase.java,,,,assert,unknown
bean_585_1,commons-beanutils-1.9.4,BigIntegerLocaleConverterTestCase,testUnsupportedType_1_oe,src/test/java/org/apache/commons/beanutils/locale/converters/BigIntegerLocaleConverterTestCase.java,,,,assert,unknown
bean_588_6,commons-beanutils-1.9.4,FloatLocaleConverterTestCase,testFloatLimits_6_oe,src/test/java/org/apache/commons/beanutils/locale/converters/FloatLocaleConverterTestCase.java,,,,assert,unknown
bean_588_7,commons-beanutils-1.9.4,FloatLocaleConverterTestCase,testFloatLimits_7_oe,src/test/java/org/apache/commons/beanutils/locale/converters/FloatLocaleConverterTestCase.java,,,,assert,unknown
bean_588_8,commons-beanutils-1.9.4,FloatLocaleConverterTestCase,testFloatLimits_8_oe,src/test/java/org/apache/commons/beanutils/locale/converters/FloatLocaleConverterTestCase.java,,,,assert,unknown
bean_588_9,commons-beanutils-1.9.4,FloatLocaleConverterTestCase,testFloatLimits_9_oe,src/test/java/org/apache/commons/beanutils/locale/converters/FloatLocaleConverterTestCase.java,,,,assert,unknown
bean_589_1,commons-beanutils-1.9.4,FloatLocaleConverterTestCase,testParseZero_1_oe,src/test/java/org/apache/commons/beanutils/locale/converters/FloatLocaleConverterTestCase.java,,,,assert,unknown
bean_590_2,commons-beanutils-1.9.4,DateLocaleConverterTestCase,testSetLenient_2_oe,src/test/java/org/apache/commons/beanutils/locale/converters/DateLocaleConverterTestCase.java,,,,assert,unknown
bean_590_7,commons-beanutils-1.9.4,DateLocaleConverterTestCase,testSetLenient_7_oe,src/test/java/org/apache/commons/beanutils/locale/converters/DateLocaleConverterTestCase.java,,,,assert,unknown
bean_590_8,commons-beanutils-1.9.4,DateLocaleConverterTestCase,testSetLenient_8_oe,src/test/java/org/apache/commons/beanutils/locale/converters/DateLocaleConverterTestCase.java,,,,assert,unknown
bean_596_6,commons-beanutils-1.9.4,BooleanArrayConverterTestCase,testAdditionalStrings_6_oe,src/test/java/org/apache/commons/beanutils/converters/BooleanArrayConverterTestCase.java,,,,assert,unknown
bean_597_1,commons-beanutils-1.9.4,BooleanArrayConverterTestCase,testInvalidStringWithoutDefault_1_oe,src/test/java/org/apache/commons/beanutils/converters/BooleanArrayConverterTestCase.java,,,,assert,unknown
bean_599_1,commons-beanutils-1.9.4,BooleanArrayConverterTestCase,testInvalidElementWithoutDefault_1_oe,src/test/java/org/apache/commons/beanutils/converters/BooleanArrayConverterTestCase.java,,,,assert,unknown
bean_604_1,commons-beanutils-1.9.4,NumberConverterTestBase,testConvertNull_1_oe,src/test/java/org/apache/commons/beanutils/converters/NumberConverterTestBase.java,,,,assert,unknown
bean_610_5,commons-beanutils-1.9.4,NumberConverterTestBase,testStringToNumberPattern_5_oe,src/test/java/org/apache/commons/beanutils/converters/NumberConverterTestBase.java,,,,assert,unknown
bean_610_6,commons-beanutils-1.9.4,NumberConverterTestBase,testStringToNumberPattern_6_oe,src/test/java/org/apache/commons/beanutils/converters/NumberConverterTestBase.java,,,,assert,unknown
bean_611_3,commons-beanutils-1.9.4,NumberConverterTestBase,testStringToNumberLocale_3_oe,src/test/java/org/apache/commons/beanutils/converters/NumberConverterTestBase.java,,,,assert,unknown
bean_611_6,commons-beanutils-1.9.4,NumberConverterTestBase,testStringToNumberLocale_6_oe,src/test/java/org/apache/commons/beanutils/converters/NumberConverterTestBase.java,,,,assert,unknown
bean_612_2,commons-beanutils-1.9.4,NumberConverterTestBase,testStringToNumberDefault_2_oe,src/test/java/org/apache/commons/beanutils/converters/NumberConverterTestBase.java,,,,assert,unknown
bean_615_2,commons-beanutils-1.9.4,NumberConverterTestBase,testDateToNumber_2_oe,src/test/java/org/apache/commons/beanutils/converters/NumberConverterTestBase.java,,,,assert,unknown
bean_616_2,commons-beanutils-1.9.4,NumberConverterTestBase,testCalendarToNumber_2_oe,src/test/java/org/apache/commons/beanutils/converters/NumberConverterTestBase.java,,,,assert,unknown
bean_619_1,commons-beanutils-1.9.4,NumberConverterTestBase,testInvalidException_1_oe,src/test/java/org/apache/commons/beanutils/converters/NumberConverterTestBase.java,,,,assert,unknown
bean_619_2,commons-beanutils-1.9.4,NumberConverterTestBase,testInvalidException_2_oe,src/test/java/org/apache/commons/beanutils/converters/NumberConverterTestBase.java,,,,assert,unknown
bean_620_1,commons-beanutils-1.9.4,NumberConverterTestBase,testInvalidType_1_oe,src/test/java/org/apache/commons/beanutils/converters/NumberConverterTestBase.java,,,,assert,unknown
bean_621_1,commons-beanutils-1.9.4,NumberConverterTestBase,testInvalidTypeWithDefault_1_oe,src/test/java/org/apache/commons/beanutils/converters/NumberConverterTestBase.java,,,,assert,unknown
bean_625_1,commons-beanutils-1.9.4,CharacterConverterTestCase,testConvertToCharacterNullNoDefault_1_oe,src/test/java/org/apache/commons/beanutils/converters/CharacterConverterTestCase.java,,,,assert,unknown
bean_627_1,commons-beanutils-1.9.4,CharacterConverterTestCase,testConvertToUnsupportedType_1_oe,src/test/java/org/apache/commons/beanutils/converters/CharacterConverterTestCase.java,,,,assert,unknown
bean_628_8,commons-beanutils-1.9.4,ArrayConverterTestCase,testComponentIntegerConverter_8_oe,src/test/java/org/apache/commons/beanutils/converters/ArrayConverterTestCase.java,,,,assert,unknown
bean_628_10,commons-beanutils-1.9.4,ArrayConverterTestCase,testComponentIntegerConverter_10_oe,src/test/java/org/apache/commons/beanutils/converters/ArrayConverterTestCase.java,,,,assert,unknown
bean_628_12,commons-beanutils-1.9.4,ArrayConverterTestCase,testComponentIntegerConverter_12_oe,src/test/java/org/apache/commons/beanutils/converters/ArrayConverterTestCase.java,,,,assert,unknown
bean_628_14,commons-beanutils-1.9.4,ArrayConverterTestCase,testComponentIntegerConverter_14_oe,src/test/java/org/apache/commons/beanutils/converters/ArrayConverterTestCase.java,,,,assert,unknown
bean_630_1,commons-beanutils-1.9.4,ArrayConverterTestCase,testTheMatrix_1_oe,src/test/java/org/apache/commons/beanutils/converters/ArrayConverterTestCase.java,,,,assert,unknown
bean_630_2,commons-beanutils-1.9.4,ArrayConverterTestCase,testTheMatrix_2_oe,src/test/java/org/apache/commons/beanutils/converters/ArrayConverterTestCase.java,,,,assert,unknown
bean_630_3,commons-beanutils-1.9.4,ArrayConverterTestCase,testTheMatrix_3_oe,src/test/java/org/apache/commons/beanutils/converters/ArrayConverterTestCase.java,,,,assert,unknown
bean_630_4,commons-beanutils-1.9.4,ArrayConverterTestCase,testTheMatrix_4_oe,src/test/java/org/apache/commons/beanutils/converters/ArrayConverterTestCase.java,,,,assert,unknown
bean_633_1,commons-beanutils-1.9.4,ArrayConverterTestCase,testErrors_1_oe,src/test/java/org/apache/commons/beanutils/converters/ArrayConverterTestCase.java,,,,assert,unknown
bean_633_2,commons-beanutils-1.9.4,ArrayConverterTestCase,testErrors_2_oe,src/test/java/org/apache/commons/beanutils/converters/ArrayConverterTestCase.java,,,,assert,unknown
bean_633_3,commons-beanutils-1.9.4,ArrayConverterTestCase,testErrors_3_oe,src/test/java/org/apache/commons/beanutils/converters/ArrayConverterTestCase.java,,,,assert,unknown
bean_635_1,commons-beanutils-1.9.4,MemoryTestCase,testWeakReference_1_oe,src/test/java/org/apache/commons/beanutils/converters/MemoryTestCase.java,,,,assert,unknown
bean_636_1,commons-beanutils-1.9.4,MemoryTestCase,testComponentRegistersStandardConverter_1_oe,src/test/java/org/apache/commons/beanutils/converters/MemoryTestCase.java,,,,assert,unknown
bean_636_2,commons-beanutils-1.9.4,MemoryTestCase,testComponentRegistersStandardConverter_2_oe,src/test/java/org/apache/commons/beanutils/converters/MemoryTestCase.java,,,,assert,unknown
bean_636_3,commons-beanutils-1.9.4,MemoryTestCase,testComponentRegistersStandardConverter_3_oe,src/test/java/org/apache/commons/beanutils/converters/MemoryTestCase.java,,,,assert,unknown
bean_636_4,commons-beanutils-1.9.4,MemoryTestCase,testComponentRegistersStandardConverter_4_oe,src/test/java/org/apache/commons/beanutils/converters/MemoryTestCase.java,,,,assert,unknown
bean_636_5,commons-beanutils-1.9.4,MemoryTestCase,testComponentRegistersStandardConverter_5_oe,src/test/java/org/apache/commons/beanutils/converters/MemoryTestCase.java,,,,assert,unknown
bean_636_6,commons-beanutils-1.9.4,MemoryTestCase,testComponentRegistersStandardConverter_6_oe,src/test/java/org/apache/commons/beanutils/converters/MemoryTestCase.java,,,,assert,unknown
bean_636_7,commons-beanutils-1.9.4,MemoryTestCase,testComponentRegistersStandardConverter_7_oe,src/test/java/org/apache/commons/beanutils/converters/MemoryTestCase.java,,,,assert,unknown
bean_637_1,commons-beanutils-1.9.4,MemoryTestCase,testComponentRegistersCustomConverter_1_oe,src/test/java/org/apache/commons/beanutils/converters/MemoryTestCase.java,,,,assert,unknown
bean_637_2,commons-beanutils-1.9.4,MemoryTestCase,testComponentRegistersCustomConverter_2_oe,src/test/java/org/apache/commons/beanutils/converters/MemoryTestCase.java,,,,assert,unknown
bean_637_3,commons-beanutils-1.9.4,MemoryTestCase,testComponentRegistersCustomConverter_3_oe,src/test/java/org/apache/commons/beanutils/converters/MemoryTestCase.java,,,,assert,unknown
bean_637_4,commons-beanutils-1.9.4,MemoryTestCase,testComponentRegistersCustomConverter_4_oe,src/test/java/org/apache/commons/beanutils/converters/MemoryTestCase.java,,,,assert,unknown
bean_637_5,commons-beanutils-1.9.4,MemoryTestCase,testComponentRegistersCustomConverter_5_oe,src/test/java/org/apache/commons/beanutils/converters/MemoryTestCase.java,,,,assert,unknown
bean_637_6,commons-beanutils-1.9.4,MemoryTestCase,testComponentRegistersCustomConverter_6_oe,src/test/java/org/apache/commons/beanutils/converters/MemoryTestCase.java,,,,assert,unknown
bean_637_7,commons-beanutils-1.9.4,MemoryTestCase,testComponentRegistersCustomConverter_7_oe,src/test/java/org/apache/commons/beanutils/converters/MemoryTestCase.java,,,,assert,unknown
bean_640_3,commons-beanutils-1.9.4,ShortConverterTestCase,testInvalidAmount_3_oe,src/test/java/org/apache/commons/beanutils/converters/ShortConverterTestCase.java,,,,assert,unknown
bean_640_4,commons-beanutils-1.9.4,ShortConverterTestCase,testInvalidAmount_4_oe,src/test/java/org/apache/commons/beanutils/converters/ShortConverterTestCase.java,,,,assert,unknown
bean_640_5,commons-beanutils-1.9.4,ShortConverterTestCase,testInvalidAmount_5_oe,src/test/java/org/apache/commons/beanutils/converters/ShortConverterTestCase.java,,,,assert,unknown
bean_640_6,commons-beanutils-1.9.4,ShortConverterTestCase,testInvalidAmount_6_oe,src/test/java/org/apache/commons/beanutils/converters/ShortConverterTestCase.java,,,,assert,unknown
bean_642_1,commons-beanutils-1.9.4,URLConverterTestCase,testUnsupportedType_1_oe,src/test/java/org/apache/commons/beanutils/converters/URLConverterTestCase.java,,,,assert,unknown
bean_645_1,commons-beanutils-1.9.4,StringConverterTestCase,testConvertToUnsupportedType_1_oe,src/test/java/org/apache/commons/beanutils/converters/StringConverterTestCase.java,,,,assert,unknown
bean_647_2,commons-beanutils-1.9.4,FloatConverterTestCase,testInvalidAmount_2_oe,src/test/java/org/apache/commons/beanutils/converters/FloatConverterTestCase.java,,,,assert,unknown
bean_647_3,commons-beanutils-1.9.4,FloatConverterTestCase,testInvalidAmount_3_oe,src/test/java/org/apache/commons/beanutils/converters/FloatConverterTestCase.java,,,,assert,unknown
bean_649_3,commons-beanutils-1.9.4,IntegerConverterTestCase,testInvalidAmount_3_oe,src/test/java/org/apache/commons/beanutils/converters/IntegerConverterTestCase.java,,,,assert,unknown
bean_649_4,commons-beanutils-1.9.4,IntegerConverterTestCase,testInvalidAmount_4_oe,src/test/java/org/apache/commons/beanutils/converters/IntegerConverterTestCase.java,,,,assert,unknown
bean_649_5,commons-beanutils-1.9.4,IntegerConverterTestCase,testInvalidAmount_5_oe,src/test/java/org/apache/commons/beanutils/converters/IntegerConverterTestCase.java,,,,assert,unknown
bean_649_6,commons-beanutils-1.9.4,IntegerConverterTestCase,testInvalidAmount_6_oe,src/test/java/org/apache/commons/beanutils/converters/IntegerConverterTestCase.java,,,,assert,unknown
bean_650_1,commons-beanutils-1.9.4,IntegerConverterTestCase,testInvalidDefaultObject_1_oe,src/test/java/org/apache/commons/beanutils/converters/IntegerConverterTestCase.java,,,,assert,unknown
bean_652_1,commons-beanutils-1.9.4,BooleanConverterTestCase,testInvalidString_1_oe,src/test/java/org/apache/commons/beanutils/converters/BooleanConverterTestCase.java,,,,assert,unknown
bean_654_1,commons-beanutils-1.9.4,BooleanConverterTestCase,testAdditionalStrings_1_oe,src/test/java/org/apache/commons/beanutils/converters/BooleanConverterTestCase.java,,,,assert,unknown
bean_654_2,commons-beanutils-1.9.4,BooleanConverterTestCase,testAdditionalStrings_2_oe,src/test/java/org/apache/commons/beanutils/converters/BooleanConverterTestCase.java,,,,assert,unknown
bean_655_1,commons-beanutils-1.9.4,BooleanConverterTestCase,testConversionToOtherType_1_oe,src/test/java/org/apache/commons/beanutils/converters/BooleanConverterTestCase.java,,,,assert,unknown
bean_659_3,commons-beanutils-1.9.4,ByteConverterTestCase,testInvalidAmount_3_oe,src/test/java/org/apache/commons/beanutils/converters/ByteConverterTestCase.java,,,,assert,unknown
bean_659_4,commons-beanutils-1.9.4,ByteConverterTestCase,testInvalidAmount_4_oe,src/test/java/org/apache/commons/beanutils/converters/ByteConverterTestCase.java,,,,assert,unknown
bean_659_5,commons-beanutils-1.9.4,ByteConverterTestCase,testInvalidAmount_5_oe,src/test/java/org/apache/commons/beanutils/converters/ByteConverterTestCase.java,,,,assert,unknown
bean_659_6,commons-beanutils-1.9.4,ByteConverterTestCase,testInvalidAmount_6_oe,src/test/java/org/apache/commons/beanutils/converters/ByteConverterTestCase.java,,,,assert,unknown
bean_662_1,commons-beanutils-1.9.4,DateConverterTestBase,testConvertNull_1_oe,src/test/java/org/apache/commons/beanutils/converters/DateConverterTestBase.java,,,,assert,unknown
bean_665_1,commons-beanutils-1.9.4,DateConverterTestBase,testDefaultStringToTypeConvert_1_oe,src/test/java/org/apache/commons/beanutils/converters/DateConverterTestBase.java,,,,assert,unknown
bean_667_1,commons-beanutils-1.9.4,DateConverterTestBase,testInvalidType_1_oe,src/test/java/org/apache/commons/beanutils/converters/DateConverterTestBase.java,,,,assert,unknown
bean_669_4,commons-beanutils-1.9.4,ClassConverterTestCase,testConvertToClass_4_oe,src/test/java/org/apache/commons/beanutils/converters/ClassConverterTestCase.java,,,,assert,unknown
bean_669_5,commons-beanutils-1.9.4,ClassConverterTestCase,testConvertToClass_5_oe,src/test/java/org/apache/commons/beanutils/converters/ClassConverterTestCase.java,,,,assert,unknown
bean_673_1,commons-beanutils-1.9.4,ClassConverterTestCase,testInvalid_1_oe,src/test/java/org/apache/commons/beanutils/converters/ClassConverterTestCase.java,,,,assert,unknown
bean_674_1,commons-beanutils-1.9.4,ClassConverterTestCase,testUnsupportedTargetType_1_oe,src/test/java/org/apache/commons/beanutils/converters/ClassConverterTestCase.java,,,,assert,unknown
bean_677_1,commons-beanutils-1.9.4,FileConverterTestCase,testUnsupportedTargetType_1_oe,src/test/java/org/apache/commons/beanutils/converters/FileConverterTestCase.java,,,,assert,unknown
bean_678_1,commons-beanutils-1.9.4,Jira463TestCase,testSuppressClassProperty_1_oe,src/test/java/org/apache/commons/beanutils/bugs/Jira463TestCase.java,,,,assert,unknown
bean_679_1,commons-beanutils-1.9.4,Jira369TestCase,testBeanUtilsGetProperty_aRatedCd_1_oe,src/test/java/org/apache/commons/beanutils/bugs/Jira369TestCase.java,,,,assert,unknown
bean_679_2,commons-beanutils-1.9.4,Jira369TestCase,testBeanUtilsGetProperty_aRatedCd_2_oe,src/test/java/org/apache/commons/beanutils/bugs/Jira369TestCase.java,,,,assert,unknown
bean_680_1,commons-beanutils-1.9.4,Jira369TestCase,testBeanUtilsGetProperty_ARatedCd_1_oe,src/test/java/org/apache/commons/beanutils/bugs/Jira369TestCase.java,,,,assert,unknown
bean_681_1,commons-beanutils-1.9.4,Jira369TestCase,testBeanUtilsGetProperty_bRatedCd_1_oe,src/test/java/org/apache/commons/beanutils/bugs/Jira369TestCase.java,,,,assert,unknown
bean_707_1,commons-beanutils-1.9.4,Jira358TestCase,testPropertyUtils_getIndexedProperty_Array_1_oe,src/test/java/org/apache/commons/beanutils/bugs/Jira358TestCase.java,,,,assert,unknown
bean_708_1,commons-beanutils-1.9.4,Jira358TestCase,testPropertyUtils_getIndexedProperty_List_1_oe,src/test/java/org/apache/commons/beanutils/bugs/Jira358TestCase.java,,,,assert,unknown
bean_719_1,commons-beanutils-1.9.4,Jira520TestCase,testSuppressClassPropertyByDefault_1_oe,src/test/java/org/apache/commons/beanutils/bugs/Jira520TestCase.java,,,,assert,unknown
bean_740_1,commons-beanutils-1.9.4,Jira87TestCase,testJira87_1_oe,src/test/java/org/apache/commons/beanutils/bugs/Jira87TestCase.java,,,,assert,unknown
bean_758_5,commons-beanutils-1.9.4,Jira347TestCase,testMappedPropertyDescriptor_AnyArgsProperty_5_oe,src/test/java/org/apache/commons/beanutils/bugs/Jira347TestCase.java,,,,assert,unknown
bean_759_1,commons-beanutils-1.9.4,DefaultResolverTestCase,testGetIndex_1_oe,src/test/java/org/apache/commons/beanutils/expression/DefaultResolverTestCase.java,,,,assert,unknown
bean_759_3,commons-beanutils-1.9.4,DefaultResolverTestCase,testGetIndex_3_oe,src/test/java/org/apache/commons/beanutils/expression/DefaultResolverTestCase.java,,,,assert,unknown
bean_759_5,commons-beanutils-1.9.4,DefaultResolverTestCase,testGetIndex_5_oe,src/test/java/org/apache/commons/beanutils/expression/DefaultResolverTestCase.java,,,,assert,unknown
bean_759_7,commons-beanutils-1.9.4,DefaultResolverTestCase,testGetIndex_7_oe,src/test/java/org/apache/commons/beanutils/expression/DefaultResolverTestCase.java,,,,assert,unknown
bean_759_10,commons-beanutils-1.9.4,DefaultResolverTestCase,testGetIndex_10_oe,src/test/java/org/apache/commons/beanutils/expression/DefaultResolverTestCase.java,,,,assert,unknown
bean_759_13,commons-beanutils-1.9.4,DefaultResolverTestCase,testGetIndex_13_oe,src/test/java/org/apache/commons/beanutils/expression/DefaultResolverTestCase.java,,,,assert,unknown
bean_760_1,commons-beanutils-1.9.4,DefaultResolverTestCase,testGetMapKey_1_oe,src/test/java/org/apache/commons/beanutils/expression/DefaultResolverTestCase.java,,,,assert,unknown
bean_760_3,commons-beanutils-1.9.4,DefaultResolverTestCase,testGetMapKey_3_oe,src/test/java/org/apache/commons/beanutils/expression/DefaultResolverTestCase.java,,,,assert,unknown
bean_760_5,commons-beanutils-1.9.4,DefaultResolverTestCase,testGetMapKey_5_oe,src/test/java/org/apache/commons/beanutils/expression/DefaultResolverTestCase.java,,,,assert,unknown
bean_760_7,commons-beanutils-1.9.4,DefaultResolverTestCase,testGetMapKey_7_oe,src/test/java/org/apache/commons/beanutils/expression/DefaultResolverTestCase.java,,,,assert,unknown
bean_761_1,commons-beanutils-1.9.4,DefaultResolverTestCase,testIsIndexed_1_oe,src/test/java/org/apache/commons/beanutils/expression/DefaultResolverTestCase.java,,,,assert,unknown
bean_761_3,commons-beanutils-1.9.4,DefaultResolverTestCase,testIsIndexed_3_oe,src/test/java/org/apache/commons/beanutils/expression/DefaultResolverTestCase.java,,,,assert,unknown
bean_761_5,commons-beanutils-1.9.4,DefaultResolverTestCase,testIsIndexed_5_oe,src/test/java/org/apache/commons/beanutils/expression/DefaultResolverTestCase.java,,,,assert,unknown
bean_762_1,commons-beanutils-1.9.4,DefaultResolverTestCase,testIsMapped_1_oe,src/test/java/org/apache/commons/beanutils/expression/DefaultResolverTestCase.java,,,,assert,unknown
bean_762_3,commons-beanutils-1.9.4,DefaultResolverTestCase,testIsMapped_3_oe,src/test/java/org/apache/commons/beanutils/expression/DefaultResolverTestCase.java,,,,assert,unknown
bean_762_5,commons-beanutils-1.9.4,DefaultResolverTestCase,testIsMapped_5_oe,src/test/java/org/apache/commons/beanutils/expression/DefaultResolverTestCase.java,,,,assert,unknown
bean_763_1,commons-beanutils-1.9.4,DefaultResolverTestCase,testGetName_1_oe,src/test/java/org/apache/commons/beanutils/expression/DefaultResolverTestCase.java,,,,assert,unknown
bean_763_3,commons-beanutils-1.9.4,DefaultResolverTestCase,testGetName_3_oe,src/test/java/org/apache/commons/beanutils/expression/DefaultResolverTestCase.java,,,,assert,unknown
bean_763_5,commons-beanutils-1.9.4,DefaultResolverTestCase,testGetName_5_oe,src/test/java/org/apache/commons/beanutils/expression/DefaultResolverTestCase.java,,,,assert,unknown
bean_764_1,commons-beanutils-1.9.4,DefaultResolverTestCase,testNext_1_oe,src/test/java/org/apache/commons/beanutils/expression/DefaultResolverTestCase.java,,,,assert,unknown
bean_765_1,commons-beanutils-1.9.4,DefaultResolverTestCase,testRemove_1_oe,src/test/java/org/apache/commons/beanutils/expression/DefaultResolverTestCase.java,,,,assert,unknown
