#
# There is insufficient memory for the Java Runtime Environment to continue.
# Native memory allocation (mmap) failed to map 5234491392 bytes. Error detail: committing reserved memory.
# Possible reasons:
#   The system is out of physical RAM or swap space
#   This process is running with CompressedOops enabled, and the Java Heap may be blocking the growth of the native heap
# Possible solutions:
#   Reduce memory load on the system
#   Increase physical memory or swap space
#   Check if swap backing store is full
#   Decrease Java heap size (-Xmx/-Xms)
#   Decrease number of Java threads
#   Decrease Java thread stack sizes (-Xss)
#   Set larger code cache with -XX:ReservedCodeCacheSize=
#   JVM is running with Zero Based Compressed Oops mode in which the Java heap is
#     placed in the first 32GB address space. The Java Heap base address is the
#     maximum limit for the native heap growth. Please use -XX:HeapBaseMinAddress
#     to set the Java Heap base and to place the Java Heap above 32GB virtual address.
# This output file may be truncated or incomplete.
#
#  Out of Memory Error (os_linux.cpp:2832), pid=665990, tid=666035
#
# JRE version: OpenJDK Runtime Environment Temurin-17.0.15+6 (17.0.15+6) (build 17.0.15+6)
# Java VM: OpenJDK 64-Bit Server VM Temurin-17.0.15+6 (17.0.15+6, mixed mode, sharing, tiered, compressed oops, compressed class ptrs, g1 gc, linux-amd64)
# Core dump will be written. Default location: Core dumps may be processed with "/usr/lib/systemd/systemd-coredump %P %u %g %s %t %c %h %e" (or dumping to /sfs/weka/scratch/wxw9rr/artifact/RQ3/OE25-DEV/commons-beanutils-1.9.4/core.665990)
#

---------------  S U M M A R Y ------------

Command Line: -Dclassworlds.conf=/apps/software/standard/core/maven/3.9.0/bin/m2.conf -Dmaven.home=/apps/software/standard/core/maven/3.9.0 -Dlibrary.jansi.path=/apps/software/standard/core/maven/3.9.0/lib/jansi-native -Dmaven.multiModuleProjectDirectory=/scratch/wxw9rr/artifact/RQ3/OE25-DEV/commons-beanutils-1.9.4 -Djava.io.tmpdir=/sfs/weka/scratch/wxw9rr/tmp -javaagent:/sfs/weka/scratch/wxw9rr/tmp/pitest-agent4297895672587801351.jar -ea -Djava.awt.headless=true -XX:+UseG1GC -Djava.io.tmpdir=/sfs/weka/scratch/wxw9rr/tmp org.pitest.mutationtest.execute.MutationTestMinion 36929

Host: AMD EPYC 9454 48-Core Processor, 96 cores, 512G, Rocky Linux release 8.10 (Green Obsidian)
Time: Mon Jan 12 02:03:45 2026 EST elapsed time: 38.316817 seconds (0d 0h 0m 38s)

---------------  T H R E A D  ---------------

Current thread (0x00007f66fc20ec30):  VMThread "VM Thread" [stack: 0x00007f668f9aa000,0x00007f668faaa000] [id=666035]

Stack: [0x00007f668f9aa000,0x00007f668faaa000],  sp=0x00007f668faa7d70,  free space=1015k
Native frames: (J=compiled Java code, j=interpreted, Vv=VM code, C=native code)
V  [libjvm.so+0xee9791]  VMError::report_and_die(int, char const*, char const*, __va_list_tag*, Thread*, unsigned char*, void*, void*, char const*, int, unsigned long)+0x1a1
V  [libjvm.so+0xeea37d]  VMError::report_and_die(Thread*, char const*, int, unsigned long, VMErrorType, char const*, __va_list_tag*)+0x2d
V  [libjvm.so+0x60921c]  report_vm_out_of_memory(char const*, int, unsigned long, VMErrorType, char const*, ...)+0xdc
V  [libjvm.so+0xc26ba8]  os::pd_commit_memory_or_exit(char*, unsigned long, unsigned long, bool, char const*)+0xd8
V  [libjvm.so+0xc205ad]  os::commit_memory_or_exit(char*, unsigned long, unsigned long, bool, char const*)+0x1d
V  [libjvm.so+0x73769e]  G1PageBasedVirtualSpace::commit(unsigned long, unsigned long)+0x18e
V  [libjvm.so+0x74bf61]  G1RegionsLargerThanCommitSizeMapper::commit_regions(unsigned int, unsigned long, WorkGang*)+0x1a1
V  [libjvm.so+0x7de418]  HeapRegionManager::commit_regions(unsigned int, unsigned long, WorkGang*)+0x58
V  [libjvm.so+0x7e0262]  HeapRegionManager::expand(unsigned int, unsigned int, WorkGang*)+0x32
V  [libjvm.so+0x7e048e]  HeapRegionManager::expand_by(unsigned int, WorkGang*)+0x7e
V  [libjvm.so+0x6f0fbf]  G1CollectedHeap::expand(unsigned long, WorkGang*, double*)+0xef
V  [libjvm.so+0x6f5291]  G1CollectedHeap::do_collection_pause_at_safepoint_helper(double)+0x9a1
V  [libjvm.so+0x6f53e1]  G1CollectedHeap::do_collection_pause_at_safepoint(double)+0x31
V  [libjvm.so+0x770487]  VM_G1CollectForAllocation::doit()+0x47
V  [libjvm.so+0xeeecbe]  VM_Operation::evaluate()+0xee
V  [libjvm.so+0xef0674]  VMThread::evaluate_operation(VM_Operation*)+0xf4
V  [libjvm.so+0xef0bd4]  VMThread::inner_execute(VM_Operation*)+0x1d4
V  [libjvm.so+0xef0ebf]  VMThread::run()+0xbf
V  [libjvm.so+0xe6c2ca]  Thread::call_run()+0xaa
V  [libjvm.so+0xc29413]  thread_native_entry(Thread*)+0xe3

VM_Operation (0x00007f668e895690): G1CollectForAllocation, mode: safepoint, requested by thread 0x00007f66fc3877b0


---------------  P R O C E S S  ---------------

Threads class SMR info:
_java_thread_list=0x00007f66180b31a0, length=13, elements={
0x00007f66fc032990, 0x00007f66fc212cf0, 0x00007f66fc2140d0, 0x00007f66fc2187d0,
0x00007f66fc219b80, 0x00007f66fc21af90, 0x00007f66fc21c9c0, 0x00007f66fc21def0,
0x00007f66fc21f360, 0x00007f66fc22c160, 0x00007f66fc25f070, 0x00007f66fc3877b0,
0x00007f6618092f30
}

Java Threads: ( => current thread )
  0x00007f66fc032990 JavaThread "main" [_thread_blocked, id=666011, stack(0x00007f67051ba000,0x00007f67052bb000)]
  0x00007f66fc212cf0 JavaThread "Reference Handler" daemon [_thread_blocked, id=666037, stack(0x00007f668f8a9000,0x00007f668f9a9000)]
  0x00007f66fc2140d0 JavaThread "Finalizer" daemon [_thread_blocked, id=666039, stack(0x00007f668f7a8000,0x00007f668f8a8000)]
  0x00007f66fc2187d0 JavaThread "Signal Dispatcher" daemon [_thread_blocked, id=666042, stack(0x00007f668f6a7000,0x00007f668f7a7000)]
  0x00007f66fc219b80 JavaThread "Service Thread" daemon [_thread_blocked, id=666081, stack(0x00007f668f5a6000,0x00007f668f6a6000)]
  0x00007f66fc21af90 JavaThread "Monitor Deflation Thread" daemon [_thread_blocked, id=666092, stack(0x00007f668f4a5000,0x00007f668f5a5000)]
  0x00007f66fc21c9c0 JavaThread "C2 CompilerThread0" daemon [_thread_blocked, id=666093, stack(0x00007f668f3a4000,0x00007f668f4a4000)]
  0x00007f66fc21def0 JavaThread "C1 CompilerThread0" daemon [_thread_blocked, id=666095, stack(0x00007f668f2a3000,0x00007f668f3a3000)]
  0x00007f66fc21f360 JavaThread "Sweeper thread" daemon [_thread_blocked, id=666096, stack(0x00007f668f1a2000,0x00007f668f2a2000)]
  0x00007f66fc22c160 JavaThread "Common-Cleaner" daemon [_thread_blocked, id=666101, stack(0x00007f668f0a1000,0x00007f668f1a1000)]
  0x00007f66fc25f070 JavaThread "Notification Thread" daemon [_thread_blocked, id=666109, stack(0x00007f668ed9e000,0x00007f668ee9e000)]
  0x00007f66fc3877b0 JavaThread "mutationTestThread" daemon [_thread_blocked, id=673701, stack(0x00007f668e798000,0x00007f668e898000)]
  0x00007f6618092f30 JavaThread "C2 CompilerThread1" daemon [_thread_blocked, id=673709, stack(0x00007f668ec9d000,0x00007f668ed9d000)]

Other Threads:
=>0x00007f66fc20ec30 VMThread "VM Thread" [stack: 0x00007f668f9aa000,0x00007f668faaa000] [id=666035]
  0x00007f66fc2608d0 WatcherThread [stack: 0x00007f668eb9c000,0x00007f668ec9c000] [id=666117]
  0x00007f66fc0680c0 GCTaskThread "GC Thread#0" [stack: 0x00007f67011f6000,0x00007f67012f6000] [id=666024]
  0x00007f663800d8e0 GCTaskThread "GC Thread#1" [stack: 0x00007f668e596000,0x00007f668e696000] [id=667330]
  0x00007f663800deb0 GCTaskThread "GC Thread#2" [stack: 0x00007f668e394000,0x00007f668e494000] [id=667331]
  0x00007f663800e6b0 GCTaskThread "GC Thread#3" [stack: 0x00007f668e293000,0x00007f668e393000] [id=667349]
  0x00007f663800f0c0 GCTaskThread "GC Thread#4" [stack: 0x00007f668e192000,0x00007f668e292000] [id=667350]
  0x00007f663800fad0 GCTaskThread "GC Thread#5" [stack: 0x00007f668e091000,0x00007f668e191000] [id=667351]
  0x00007f6638010510 GCTaskThread "GC Thread#6" [stack: 0x00007f668df90000,0x00007f668e090000] [id=667352]
  0x00007f6638010f50 GCTaskThread "GC Thread#7" [stack: 0x00007f668de8f000,0x00007f668df8f000] [id=667353]
  0x00007f6638011990 GCTaskThread "GC Thread#8" [stack: 0x00007f668dd8e000,0x00007f668de8e000] [id=667354]
  0x00007f66380123d0 GCTaskThread "GC Thread#9" [stack: 0x00007f668dc8d000,0x00007f668dd8d000] [id=667355]
  0x00007f6638012e50 GCTaskThread "GC Thread#10" [stack: 0x00007f668db8c000,0x00007f668dc8c000] [id=667356]
  0x00007f66380138d0 GCTaskThread "GC Thread#11" [stack: 0x00007f668da8b000,0x00007f668db8b000] [id=667357]
  0x00007f6638014740 GCTaskThread "GC Thread#12" [stack: 0x00007f668d98a000,0x00007f668da8a000] [id=667358]
  0x00007f66380155b0 GCTaskThread "GC Thread#13" [stack: 0x00007f668d889000,0x00007f668d989000] [id=667359]
  0x00007f6638016420 GCTaskThread "GC Thread#14" [stack: 0x00007f668d788000,0x00007f668d888000] [id=667360]
  0x00007f6638017290 GCTaskThread "GC Thread#15" [stack: 0x00007f668d687000,0x00007f668d787000] [id=667361]
  0x00007f6638018100 GCTaskThread "GC Thread#16" [stack: 0x00007f668d586000,0x00007f668d686000] [id=667362]
  0x00007f6638018f70 GCTaskThread "GC Thread#17" [stack: 0x00007f668d485000,0x00007f668d585000] [id=667363]
  0x00007f66fc0786e0 ConcurrentGCThread "G1 Main Marker" [stack: 0x00007f67010f5000,0x00007f67011f5000] [id=666025]
  0x00007f66fc079660 ConcurrentGCThread "G1 Conc#0" [stack: 0x00007f6700ff4000,0x00007f67010f4000] [id=666027]
  0x00007f66fc1dc910 ConcurrentGCThread "G1 Refine#0" [stack: 0x00007f668fcfe000,0x00007f668fdfe000] [id=666028]
  0x00007f6688011c20 ConcurrentGCThread "G1 Refine#1" [stack: 0x00007f668efa0000,0x00007f668f0a0000] [id=673854]
  0x00007f65f031d340 ConcurrentGCThread "G1 Refine#2" [stack: 0x00007f668e495000,0x00007f668e595000] [id=673855]
  0x00007f66140dc470 ConcurrentGCThread "G1 Refine#3" [stack: 0x00007f668ee9f000,0x00007f668ef9f000] [id=674051]
  0x00007f66fc1dd810 ConcurrentGCThread "G1 Service" [stack: 0x00007f668fbfd000,0x00007f668fcfd000] [id=666031]

Threads with active compile tasks:

VM state: at safepoint (normal execution)

VM Mutex/Monitor currently owned by a thread:  ([mutex/lock_event])
[0x00007f66fc02e1c0] Threads_lock - owner thread: 0x00007f66fc20ec30
[0x00007f66fc02e970] Heap_lock - owner thread: 0x00007f66fc3877b0

Heap address: 0x0000000082000000, size: 30688 MB, Compressed Oops mode: Zero based, Oop shift amount: 3

CDS archive(s) mapped at: [0x00007f663f000000-0x00007f663fbc9000-0x00007f663fbc9000), size 12357632, SharedBaseAddress: 0x00007f663f000000, ArchiveRelocationMode: 1.
Compressed class space mapped at: 0x00007f6640000000-0x00007f6680000000, reserved size: 1073741824
Narrow klass base: 0x00007f663f000000, Narrow klass shift: 0, Narrow klass range: 0x100000000

GC Precious Log:
 CPUs: 96 total, 24 available
 Memory: 512G
 Large Page Support: Disabled
 NUMA Support: Disabled
 Compressed Oops: Enabled (Zero based)
 Heap Region Size: 16M
 Heap Min Capacity: 16M
 Heap Initial Capacity: 2G
 Heap Max Capacity: 30688M
 Pre-touch: Disabled
 Parallel Workers: 18
 Concurrent Workers: 5
 Concurrent Refinement Workers: 18
 Periodic GC: Disabled

Heap:
 garbage-first heap   total 2555904K, used 1076701K [0x0000000082000000, 0x0000000800000000)
  region size 16384K, 5 young (81920K), 5 survivors (81920K)
 Metaspace       used 8993K, committed 9280K, reserved 1114112K
  class space    used 891K, committed 1024K, reserved 1048576K

Heap Regions: E=young(eden), S=young(survivor), O=old, HS=humongous(starts), HC=humongous(continues), CS=collection set, F=free, OA=open archive, CA=closed archive, TAMS=top-at-mark-start (previous, next)
|   0|0x0000000082000000, 0x0000000083000000, 0x0000000083000000|100%|HS|  |TAMS 0x0000000082000000, 0x0000000082000000| Complete 
|   1|0x0000000083000000, 0x0000000084000000, 0x0000000084000000|100%| O|  |TAMS 0x0000000083000000, 0x0000000083000000| Untracked 
|   2|0x0000000084000000, 0x0000000085000000, 0x0000000085000000|100%| O|  |TAMS 0x0000000084000000, 0x0000000084000000| Untracked 
|   3|0x0000000085000000, 0x0000000086000000, 0x0000000086000000|100%| O|  |TAMS 0x0000000085000000, 0x0000000085000000| Untracked 
|   4|0x0000000086000000, 0x0000000087000000, 0x0000000087000000|100%| O|  |TAMS 0x0000000086000000, 0x0000000086000000| Untracked 
|   5|0x0000000087000000, 0x0000000088000000, 0x0000000088000000|100%| O|  |TAMS 0x0000000087000000, 0x0000000087000000| Untracked 
|   6|0x0000000088000000, 0x0000000089000000, 0x0000000089000000|100%| O|  |TAMS 0x0000000088000000, 0x0000000088000000| Untracked 
|   7|0x0000000089000000, 0x000000008a000000, 0x000000008a000000|100%| O|  |TAMS 0x0000000089000000, 0x0000000089000000| Untracked 
|   8|0x000000008a000000, 0x000000008b000000, 0x000000008b000000|100%| O|  |TAMS 0x000000008a000000, 0x000000008a000000| Untracked 
|   9|0x000000008b000000, 0x000000008c000000, 0x000000008c000000|100%| O|  |TAMS 0x000000008b000000, 0x000000008b000000| Untracked 
|  10|0x000000008c000000, 0x000000008d000000, 0x000000008d000000|100%| O|  |TAMS 0x000000008c000000, 0x000000008c000000| Untracked 
|  11|0x000000008d000000, 0x000000008e000000, 0x000000008e000000|100%| O|  |TAMS 0x000000008d000000, 0x000000008d000000| Untracked 
|  12|0x000000008e000000, 0x000000008f000000, 0x000000008f000000|100%| O|  |TAMS 0x000000008e000000, 0x000000008e000000| Untracked 
|  13|0x000000008f000000, 0x0000000090000000, 0x0000000090000000|100%| O|  |TAMS 0x000000008f000000, 0x000000008f000000| Untracked 
|  14|0x0000000090000000, 0x0000000091000000, 0x0000000091000000|100%| O|  |TAMS 0x0000000090000000, 0x0000000090000000| Untracked 
|  15|0x0000000091000000, 0x0000000092000000, 0x0000000092000000|100%| O|  |TAMS 0x0000000091000000, 0x0000000091000000| Untracked 
|  16|0x0000000092000000, 0x0000000093000000, 0x0000000093000000|100%| O|  |TAMS 0x0000000092000000, 0x0000000092000000| Untracked 
|  17|0x0000000093000000, 0x0000000094000000, 0x0000000094000000|100%| O|  |TAMS 0x0000000093000000, 0x0000000093000000| Untracked 
|  18|0x0000000094000000, 0x0000000095000000, 0x0000000095000000|100%| O|  |TAMS 0x0000000094000000, 0x0000000094000000| Untracked 
|  19|0x0000000095000000, 0x0000000096000000, 0x0000000096000000|100%|HS|  |TAMS 0x0000000095000000, 0x0000000095000000| Complete 
|  20|0x0000000096000000, 0x0000000097000000, 0x0000000097000000|100%| O|  |TAMS 0x0000000096000000, 0x0000000096000000| Untracked 
|  21|0x0000000097000000, 0x0000000098000000, 0x0000000098000000|100%| O|  |TAMS 0x0000000097000000, 0x0000000097000000| Untracked 
|  22|0x0000000098000000, 0x0000000099000000, 0x0000000099000000|100%| O|  |TAMS 0x0000000098000000, 0x0000000098000000| Untracked 
|  23|0x0000000099000000, 0x000000009a000000, 0x000000009a000000|100%| O|  |TAMS 0x0000000099000000, 0x0000000099000000| Untracked 
|  24|0x000000009a000000, 0x000000009b000000, 0x000000009b000000|100%| O|  |TAMS 0x000000009a000000, 0x000000009a000000| Untracked 
|  25|0x000000009b000000, 0x000000009c000000, 0x000000009c000000|100%| O|  |TAMS 0x000000009b000000, 0x000000009b000000| Untracked 
|  26|0x000000009c000000, 0x000000009d000000, 0x000000009d000000|100%| O|  |TAMS 0x000000009c000000, 0x000000009c000000| Untracked 
|  27|0x000000009d000000, 0x000000009e000000, 0x000000009e000000|100%| O|  |TAMS 0x000000009d000000, 0x000000009d000000| Untracked 
|  28|0x000000009e000000, 0x000000009f000000, 0x000000009f000000|100%| O|  |TAMS 0x000000009e000000, 0x000000009e000000| Untracked 
|  29|0x000000009f000000, 0x00000000a0000000, 0x00000000a0000000|100%| O|  |TAMS 0x000000009f000000, 0x000000009f000000| Untracked 
|  30|0x00000000a0000000, 0x00000000a1000000, 0x00000000a1000000|100%| O|  |TAMS 0x00000000a0000000, 0x00000000a0000000| Untracked 
|  31|0x00000000a1000000, 0x00000000a2000000, 0x00000000a2000000|100%| O|  |TAMS 0x00000000a1000000, 0x00000000a1000000| Untracked 
|  32|0x00000000a2000000, 0x00000000a3000000, 0x00000000a3000000|100%| O|  |TAMS 0x00000000a2000000, 0x00000000a2000000| Untracked 
|  33|0x00000000a3000000, 0x00000000a4000000, 0x00000000a4000000|100%| O|  |TAMS 0x00000000a3000000, 0x00000000a3000000| Untracked 
|  34|0x00000000a4000000, 0x00000000a5000000, 0x00000000a5000000|100%| O|  |TAMS 0x00000000a4000000, 0x00000000a4000000| Untracked 
|  35|0x00000000a5000000, 0x00000000a6000000, 0x00000000a6000000|100%| O|  |TAMS 0x00000000a5000000, 0x00000000a5000000| Untracked 
|  36|0x00000000a6000000, 0x00000000a7000000, 0x00000000a7000000|100%| O|  |TAMS 0x00000000a6000000, 0x00000000a6000000| Untracked 
|  37|0x00000000a7000000, 0x00000000a8000000, 0x00000000a8000000|100%|HS|  |TAMS 0x00000000a7000000, 0x00000000a7000000| Complete 
|  38|0x00000000a8000000, 0x00000000a9000000, 0x00000000a9000000|100%|HC|  |TAMS 0x00000000a8000000, 0x00000000a8000000| Complete 
|  39|0x00000000a9000000, 0x00000000aa000000, 0x00000000aa000000|100%| O|  |TAMS 0x00000000a9000000, 0x00000000a9000000| Untracked 
|  40|0x00000000aa000000, 0x00000000ab000000, 0x00000000ab000000|100%| O|  |TAMS 0x00000000aa000000, 0x00000000aa000000| Untracked 
|  41|0x00000000ab000000, 0x00000000ac000000, 0x00000000ac000000|100%| O|  |TAMS 0x00000000ab000000, 0x00000000ab000000| Untracked 
|  42|0x00000000ac000000, 0x00000000ad000000, 0x00000000ad000000|100%| O|  |TAMS 0x00000000ac000000, 0x00000000ac000000| Untracked 
|  43|0x00000000ad000000, 0x00000000ae000000, 0x00000000ae000000|100%| O|  |TAMS 0x00000000ad000000, 0x00000000ad000000| Untracked 
|  44|0x00000000ae000000, 0x00000000af000000, 0x00000000af000000|100%| O|  |TAMS 0x00000000ae000000, 0x00000000ae000000| Untracked 
|  45|0x00000000af000000, 0x00000000b0000000, 0x00000000b0000000|100%| O|  |TAMS 0x00000000af000000, 0x00000000af000000| Untracked 
|  46|0x00000000b0000000, 0x00000000b1000000, 0x00000000b1000000|100%| O|  |TAMS 0x00000000b0000000, 0x00000000b0000000| Untracked 
|  47|0x00000000b1000000, 0x00000000b2000000, 0x00000000b2000000|100%| O|  |TAMS 0x00000000b1000000, 0x00000000b1000000| Untracked 
|  48|0x00000000b2000000, 0x00000000b3000000, 0x00000000b3000000|100%| O|  |TAMS 0x00000000b2000000, 0x00000000b2000000| Untracked 
|  49|0x00000000b3000000, 0x00000000b4000000, 0x00000000b4000000|100%| O|  |TAMS 0x00000000b3000000, 0x00000000b3000000| Untracked 
|  50|0x00000000b4000000, 0x00000000b5000000, 0x00000000b5000000|100%| O|  |TAMS 0x00000000b4000000, 0x00000000b4000000| Untracked 
|  51|0x00000000b5000000, 0x00000000b6000000, 0x00000000b6000000|100%| O|  |TAMS 0x00000000b5000000, 0x00000000b5000000| Untracked 
|  52|0x00000000b6000000, 0x00000000b7000000, 0x00000000b7000000|100%| O|  |TAMS 0x00000000b6000000, 0x00000000b6000000| Untracked 
|  53|0x00000000b7000000, 0x00000000b8000000, 0x00000000b8000000|100%| O|  |TAMS 0x00000000b7000000, 0x00000000b7000000| Untracked 
|  54|0x00000000b8000000, 0x00000000b9000000, 0x00000000b9000000|100%| O|  |TAMS 0x00000000b8000000, 0x00000000b8000000| Untracked 
|  55|0x00000000b9000000, 0x00000000ba000000, 0x00000000ba000000|100%| O|  |TAMS 0x00000000b9000000, 0x00000000b9000000| Untracked 
|  56|0x00000000ba000000, 0x00000000bb000000, 0x00000000bb000000|100%| O|  |TAMS 0x00000000ba000000, 0x00000000ba000000| Untracked 
|  57|0x00000000bb000000, 0x00000000bc000000, 0x00000000bc000000|100%| O|  |TAMS 0x00000000bb000000, 0x00000000bb000000| Untracked 
|  58|0x00000000bc000000, 0x00000000bd000000, 0x00000000bd000000|100%| O|  |TAMS 0x00000000bc000000, 0x00000000bc000000| Untracked 
|  59|0x00000000bd000000, 0x00000000bdb8a400, 0x00000000be000000| 72%| O|  |TAMS 0x00000000bd000000, 0x00000000bd000000| Untracked 
|  60|0x00000000be000000, 0x00000000be000000, 0x00000000bf000000|  0%| F|  |TAMS 0x00000000be000000, 0x00000000be000000| Untracked 
|  61|0x00000000bf000000, 0x00000000bf000000, 0x00000000c0000000|  0%| F|  |TAMS 0x00000000bf000000, 0x00000000bf000000| Untracked 
|  62|0x00000000c0000000, 0x00000000c0000000, 0x00000000c1000000|  0%| F|  |TAMS 0x00000000c0000000, 0x00000000c0000000| Untracked 
|  63|0x00000000c1000000, 0x00000000c1000000, 0x00000000c2000000|  0%| F|  |TAMS 0x00000000c1000000, 0x00000000c1000000| Untracked 
|  64|0x00000000c2000000, 0x00000000c2000000, 0x00000000c3000000|  0%| F|  |TAMS 0x00000000c2000000, 0x00000000c2000000| Untracked 
|  65|0x00000000c3000000, 0x00000000c3000000, 0x00000000c4000000|  0%| F|  |TAMS 0x00000000c3000000, 0x00000000c3000000| Untracked 
|  66|0x00000000c4000000, 0x00000000c4000000, 0x00000000c5000000|  0%| F|  |TAMS 0x00000000c4000000, 0x00000000c4000000| Untracked 
|  67|0x00000000c5000000, 0x00000000c5000000, 0x00000000c6000000|  0%| F|  |TAMS 0x00000000c5000000, 0x00000000c5000000| Untracked 
|  68|0x00000000c6000000, 0x00000000c6000000, 0x00000000c7000000|  0%| F|  |TAMS 0x00000000c6000000, 0x00000000c6000000| Untracked 
|  69|0x00000000c7000000, 0x00000000c7000000, 0x00000000c8000000|  0%| F|  |TAMS 0x00000000c7000000, 0x00000000c7000000| Untracked 
|  70|0x00000000c8000000, 0x00000000c8000000, 0x00000000c9000000|  0%| F|  |TAMS 0x00000000c8000000, 0x00000000c8000000| Untracked 
|  71|0x00000000c9000000, 0x00000000c9000000, 0x00000000ca000000|  0%| F|  |TAMS 0x00000000c9000000, 0x00000000c9000000| Untracked 
|  72|0x00000000ca000000, 0x00000000ca000000, 0x00000000cb000000|  0%| F|  |TAMS 0x00000000ca000000, 0x00000000ca000000| Untracked 
|  73|0x00000000cb000000, 0x00000000cb000000, 0x00000000cc000000|  0%| F|  |TAMS 0x00000000cb000000, 0x00000000cb000000| Untracked 
|  74|0x00000000cc000000, 0x00000000cc000000, 0x00000000cd000000|  0%| F|  |TAMS 0x00000000cc000000, 0x00000000cc000000| Untracked 
|  75|0x00000000cd000000, 0x00000000cd000000, 0x00000000ce000000|  0%| F|  |TAMS 0x00000000cd000000, 0x00000000cd000000| Untracked 
|  76|0x00000000ce000000, 0x00000000ce000000, 0x00000000cf000000|  0%| F|  |TAMS 0x00000000ce000000, 0x00000000ce000000| Untracked 
|  77|0x00000000cf000000, 0x00000000cf000000, 0x00000000d0000000|  0%| F|  |TAMS 0x00000000cf000000, 0x00000000cf000000| Untracked 
|  78|0x00000000d0000000, 0x00000000d0000000, 0x00000000d1000000|  0%| F|  |TAMS 0x00000000d0000000, 0x00000000d0000000| Untracked 
|  79|0x00000000d1000000, 0x00000000d1000000, 0x00000000d2000000|  0%| F|  |TAMS 0x00000000d1000000, 0x00000000d1000000| Untracked 
|  80|0x00000000d2000000, 0x00000000d2000000, 0x00000000d3000000|  0%| F|  |TAMS 0x00000000d2000000, 0x00000000d2000000| Untracked 
|  81|0x00000000d3000000, 0x00000000d3000000, 0x00000000d4000000|  0%| F|  |TAMS 0x00000000d3000000, 0x00000000d3000000| Untracked 
|  82|0x00000000d4000000, 0x00000000d4000000, 0x00000000d5000000|  0%| F|  |TAMS 0x00000000d4000000, 0x00000000d4000000| Untracked 
|  83|0x00000000d5000000, 0x00000000d5000000, 0x00000000d6000000|  0%| F|  |TAMS 0x00000000d5000000, 0x00000000d5000000| Untracked 
|  84|0x00000000d6000000, 0x00000000d6000000, 0x00000000d7000000|  0%| F|  |TAMS 0x00000000d6000000, 0x00000000d6000000| Untracked 
|  85|0x00000000d7000000, 0x00000000d7000000, 0x00000000d8000000|  0%| F|  |TAMS 0x00000000d7000000, 0x00000000d7000000| Untracked 
|  86|0x00000000d8000000, 0x00000000d8000000, 0x00000000d9000000|  0%| F|  |TAMS 0x00000000d8000000, 0x00000000d8000000| Untracked 
|  87|0x00000000d9000000, 0x00000000d9000000, 0x00000000da000000|  0%| F|  |TAMS 0x00000000d9000000, 0x00000000d9000000| Untracked 
|  88|0x00000000da000000, 0x00000000da000000, 0x00000000db000000|  0%| F|  |TAMS 0x00000000da000000, 0x00000000da000000| Untracked 
|  89|0x00000000db000000, 0x00000000db000000, 0x00000000dc000000|  0%| F|  |TAMS 0x00000000db000000, 0x00000000db000000| Untracked 
|  90|0x00000000dc000000, 0x00000000dc000000, 0x00000000dd000000|  0%| F|  |TAMS 0x00000000dc000000, 0x00000000dc000000| Untracked 
|  91|0x00000000dd000000, 0x00000000dd000000, 0x00000000de000000|  0%| F|  |TAMS 0x00000000dd000000, 0x00000000dd000000| Untracked 
|  92|0x00000000de000000, 0x00000000de000000, 0x00000000df000000|  0%| F|  |TAMS 0x00000000de000000, 0x00000000de000000| Untracked 
|  93|0x00000000df000000, 0x00000000df000000, 0x00000000e0000000|  0%| F|  |TAMS 0x00000000df000000, 0x00000000df000000| Untracked 
|  94|0x00000000e0000000, 0x00000000e0000000, 0x00000000e1000000|  0%| F|  |TAMS 0x00000000e0000000, 0x00000000e0000000| Untracked 
|  95|0x00000000e1000000, 0x00000000e1000000, 0x00000000e2000000|  0%| F|  |TAMS 0x00000000e1000000, 0x00000000e1000000| Untracked 
|  96|0x00000000e2000000, 0x00000000e2000000, 0x00000000e3000000|  0%| F|  |TAMS 0x00000000e2000000, 0x00000000e2000000| Untracked 
|  97|0x00000000e3000000, 0x00000000e3000000, 0x00000000e4000000|  0%| F|  |TAMS 0x00000000e3000000, 0x00000000e3000000| Untracked 
|  98|0x00000000e4000000, 0x00000000e4000000, 0x00000000e5000000|  0%| F|  |TAMS 0x00000000e4000000, 0x00000000e4000000| Untracked 
|  99|0x00000000e5000000, 0x00000000e5000000, 0x00000000e6000000|  0%| F|  |TAMS 0x00000000e5000000, 0x00000000e5000000| Untracked 
| 100|0x00000000e6000000, 0x00000000e6000000, 0x00000000e7000000|  0%| F|  |TAMS 0x00000000e6000000, 0x00000000e6000000| Untracked 
| 101|0x00000000e7000000, 0x00000000e7000000, 0x00000000e8000000|  0%| F|  |TAMS 0x00000000e7000000, 0x00000000e7000000| Untracked 
| 102|0x00000000e8000000, 0x00000000e8000000, 0x00000000e9000000|  0%| F|  |TAMS 0x00000000e8000000, 0x00000000e8000000| Untracked 
| 103|0x00000000e9000000, 0x00000000e9000000, 0x00000000ea000000|  0%| F|  |TAMS 0x00000000e9000000, 0x00000000e9000000| Untracked 
| 104|0x00000000ea000000, 0x00000000ea000000, 0x00000000eb000000|  0%| F|  |TAMS 0x00000000ea000000, 0x00000000ea000000| Untracked 
| 105|0x00000000eb000000, 0x00000000eb000000, 0x00000000ec000000|  0%| F|  |TAMS 0x00000000eb000000, 0x00000000eb000000| Untracked 
| 106|0x00000000ec000000, 0x00000000ec000000, 0x00000000ed000000|  0%| F|  |TAMS 0x00000000ec000000, 0x00000000ec000000| Untracked 
| 107|0x00000000ed000000, 0x00000000ed000000, 0x00000000ee000000|  0%| F|  |TAMS 0x00000000ed000000, 0x00000000ed000000| Untracked 
| 108|0x00000000ee000000, 0x00000000ee000000, 0x00000000ef000000|  0%| F|  |TAMS 0x00000000ee000000, 0x00000000ee000000| Untracked 
| 109|0x00000000ef000000, 0x00000000f0000000, 0x00000000f0000000|100%| S|CS|TAMS 0x00000000ef000000, 0x00000000ef000000| Complete 
| 110|0x00000000f0000000, 0x00000000f0000000, 0x00000000f1000000|  0%| F|  |TAMS 0x00000000f0000000, 0x00000000f0000000| Untracked 
| 111|0x00000000f1000000, 0x00000000f1000000, 0x00000000f2000000|  0%| F|  |TAMS 0x00000000f1000000, 0x00000000f1000000| Untracked 
| 112|0x00000000f2000000, 0x00000000f2000000, 0x00000000f3000000|  0%| F|  |TAMS 0x00000000f2000000, 0x00000000f2000000| Untracked 
| 113|0x00000000f3000000, 0x00000000f3000000, 0x00000000f4000000|  0%| F|  |TAMS 0x00000000f3000000, 0x00000000f3000000| Untracked 
| 114|0x00000000f4000000, 0x00000000f4000000, 0x00000000f5000000|  0%| F|  |TAMS 0x00000000f4000000, 0x00000000f4000000| Untracked 
| 115|0x00000000f5000000, 0x00000000f6000000, 0x00000000f6000000|100%| S|CS|TAMS 0x00000000f5000000, 0x00000000f5000000| Complete 
| 116|0x00000000f6000000, 0x00000000f7000000, 0x00000000f7000000|100%| S|CS|TAMS 0x00000000f6000000, 0x00000000f6000000| Complete 
| 117|0x00000000f7000000, 0x00000000f8000000, 0x00000000f8000000|100%| S|CS|TAMS 0x00000000f7000000, 0x00000000f7000000| Complete 
| 118|0x00000000f8000000, 0x00000000f9000000, 0x00000000f9000000|100%| S|CS|TAMS 0x00000000f8000000, 0x00000000f8000000| Complete 
| 119|0x00000000f9000000, 0x00000000f9000000, 0x00000000fa000000|  0%| F|  |TAMS 0x00000000f9000000, 0x00000000f9000000| Untracked 
| 120|0x00000000fa000000, 0x00000000fa000000, 0x00000000fb000000|  0%| F|  |TAMS 0x00000000fa000000, 0x00000000fa000000| Untracked 
| 121|0x00000000fb000000, 0x00000000fb000000, 0x00000000fc000000|  0%| F|  |TAMS 0x00000000fb000000, 0x00000000fb000000| Untracked 
| 122|0x00000000fc000000, 0x00000000fc000000, 0x00000000fd000000|  0%| F|  |TAMS 0x00000000fc000000, 0x00000000fc000000| Untracked 
| 123|0x00000000fd000000, 0x00000000fd000000, 0x00000000fe000000|  0%| F|  |TAMS 0x00000000fd000000, 0x00000000fd000000| Untracked 
| 124|0x00000000fe000000, 0x00000000fe000000, 0x00000000ff000000|  0%| F|  |TAMS 0x00000000fe000000, 0x00000000fe000000| Untracked 
| 125|0x00000000ff000000, 0x00000000ff000000, 0x0000000100000000|  0%| F|  |TAMS 0x00000000ff000000, 0x00000000ff000000| Untracked 
| 126|0x0000000100000000, 0x0000000100000000, 0x0000000101000000|  0%| F|  |TAMS 0x0000000100000000, 0x0000000100000000| Untracked 
| 127|0x0000000101000000, 0x0000000101000000, 0x0000000102000000|  0%| F|  |TAMS 0x0000000101000000, 0x0000000101000000| Untracked 
| 128|0x0000000102000000, 0x0000000102000000, 0x0000000103000000|  0%| F|  |TAMS 0x0000000102000000, 0x0000000102000000| Untracked 
| 129|0x0000000103000000, 0x0000000103000000, 0x0000000104000000|  0%| F|  |TAMS 0x0000000103000000, 0x0000000103000000| Untracked 
| 130|0x0000000104000000, 0x0000000104000000, 0x0000000105000000|  0%| F|  |TAMS 0x0000000104000000, 0x0000000104000000| Untracked 
| 131|0x0000000105000000, 0x0000000105000000, 0x0000000106000000|  0%| F|  |TAMS 0x0000000105000000, 0x0000000105000000| Untracked 
| 132|0x0000000106000000, 0x0000000106000000, 0x0000000107000000|  0%| F|  |TAMS 0x0000000106000000, 0x0000000106000000| Untracked 
| 133|0x0000000107000000, 0x0000000107000000, 0x0000000108000000|  0%| F|  |TAMS 0x0000000107000000, 0x0000000107000000| Untracked 
| 134|0x0000000108000000, 0x0000000108000000, 0x0000000109000000|  0%| F|  |TAMS 0x0000000108000000, 0x0000000108000000| Untracked 
| 135|0x0000000109000000, 0x0000000109000000, 0x000000010a000000|  0%| F|  |TAMS 0x0000000109000000, 0x0000000109000000| Untracked 
| 136|0x000000010a000000, 0x000000010a000000, 0x000000010b000000|  0%| F|  |TAMS 0x000000010a000000, 0x000000010a000000| Untracked 
| 137|0x000000010b000000, 0x000000010b000000, 0x000000010c000000|  0%| F|  |TAMS 0x000000010b000000, 0x000000010b000000| Untracked 
| 138|0x000000010c000000, 0x000000010c000000, 0x000000010d000000|  0%| F|  |TAMS 0x000000010c000000, 0x000000010c000000| Untracked 
| 139|0x000000010d000000, 0x000000010d000000, 0x000000010e000000|  0%| F|  |TAMS 0x000000010d000000, 0x000000010d000000| Untracked 
| 140|0x000000010e000000, 0x000000010e000000, 0x000000010f000000|  0%| F|  |TAMS 0x000000010e000000, 0x000000010e000000| Untracked 
| 141|0x000000010f000000, 0x000000010f000000, 0x0000000110000000|  0%| F|  |TAMS 0x000000010f000000, 0x000000010f000000| Untracked 
| 142|0x0000000110000000, 0x0000000110000000, 0x0000000111000000|  0%| F|  |TAMS 0x0000000110000000, 0x0000000110000000| Untracked 
| 143|0x0000000111000000, 0x0000000111000000, 0x0000000112000000|  0%| F|  |TAMS 0x0000000111000000, 0x0000000111000000| Untracked 
| 144|0x0000000112000000, 0x0000000112000000, 0x0000000113000000|  0%| F|  |TAMS 0x0000000112000000, 0x0000000112000000| Untracked 
| 145|0x0000000113000000, 0x0000000113000000, 0x0000000114000000|  0%| F|  |TAMS 0x0000000113000000, 0x0000000113000000| Untracked 
| 146|0x0000000114000000, 0x0000000114000000, 0x0000000115000000|  0%| F|  |TAMS 0x0000000114000000, 0x0000000114000000| Untracked 
| 147|0x0000000115000000, 0x0000000115000000, 0x0000000116000000|  0%| F|  |TAMS 0x0000000115000000, 0x0000000115000000| Untracked 
| 148|0x0000000116000000, 0x0000000116000000, 0x0000000117000000|  0%| F|  |TAMS 0x0000000116000000, 0x0000000116000000| Untracked 
| 149|0x0000000117000000, 0x0000000117000000, 0x0000000118000000|  0%| F|  |TAMS 0x0000000117000000, 0x0000000117000000| Untracked 
| 150|0x0000000118000000, 0x0000000118000000, 0x0000000119000000|  0%| F|  |TAMS 0x0000000118000000, 0x0000000118000000| Untracked 
| 151|0x0000000119000000, 0x0000000119000000, 0x000000011a000000|  0%| F|  |TAMS 0x0000000119000000, 0x0000000119000000| Untracked 
| 152|0x000000011a000000, 0x000000011a000000, 0x000000011b000000|  0%| F|  |TAMS 0x000000011a000000, 0x000000011a000000| Untracked 
| 153|0x000000011b000000, 0x000000011b000000, 0x000000011c000000|  0%| F|  |TAMS 0x000000011b000000, 0x000000011b000000| Untracked 
|1916|0x00000007fe000000, 0x00000007fef75000, 0x00000007ff000000| 96%|OA|  |TAMS 0x00000007fe000000, 0x00000007fe000000| Untracked 
|1917|0x00000007ff000000, 0x00000007ff078000, 0x0000000800000000|  2%|CA|  |TAMS 0x00000007ff000000, 0x00000007ff000000| Untracked 

Card table byte_map: [0x00007f66ddc1e000,0x00007f66e180e000] _byte_map_base: 0x00007f66dd80e000

Marking Bits (Prev, Next): (CMBitMap*) 0x00007f66fc068b50, (CMBitMap*) 0x00007f66fc068b90
 Prev Bits: [0x00007f66bc0ae000, 0x00007f66da02e000)
 Next Bits: [0x00007f669e12e000, 0x00007f66bc0ae000)

Polling page: 0x00007f67052cf000

Metaspace:

Usage:
  Non-class:      7.91 MB used.
      Class:    891.22 KB used.
       Both:      8.78 MB used.

Virtual space:
  Non-class space:       64.00 MB reserved,       8.06 MB ( 13%) committed,  1 nodes.
      Class space:        1.00 GB reserved,       1.00 MB ( <1%) committed,  1 nodes.
             Both:        1.06 GB reserved,       9.06 MB ( <1%) committed. 

Chunk freelists:
   Non-Class:  7.84 MB
       Class:  14.95 MB
        Both:  22.79 MB

MaxMetaspaceSize: unlimited
CompressedClassSpaceSize: 1.00 GB
Initial GC threshold: 21.00 MB
Current GC threshold: 21.00 MB
CDS: on
MetaspaceReclaimPolicy: balanced
 - commit_granule_bytes: 65536.
 - commit_granule_words: 8192.
 - virtual_space_node_default_size: 8388608.
 - enlarge_chunks_in_place: 1.
 - new_chunks_are_fully_committed: 0.
 - uncommit_free_chunks: 1.
 - use_allocation_guard: 0.
 - handle_deallocations: 1.


Internal statistics:

num_allocs_failed_limit: 0.
num_arena_births: 266.
num_arena_deaths: 0.
num_vsnodes_births: 2.
num_vsnodes_deaths: 0.
num_space_committed: 145.
num_space_uncommitted: 0.
num_chunks_returned_to_freelist: 0.
num_chunks_taken_from_freelist: 588.
num_chunk_merges: 0.
num_chunk_splits: 332.
num_chunks_enlarged: 143.
num_inconsistent_stats: 0.

CodeHeap 'non-profiled nmethods': size=119168Kb used=2314Kb max_used=3006Kb free=116854Kb
 bounds [0x00007f66ecf9e000, 0x00007f66ed28e000, 0x00007f66f43fe000]
CodeHeap 'profiled nmethods': size=119164Kb used=5796Kb max_used=7756Kb free=113367Kb
 bounds [0x00007f66e53fe000, 0x00007f66e5b9e000, 0x00007f66ec85d000]
CodeHeap 'non-nmethods': size=7428Kb used=1185Kb max_used=2939Kb free=6242Kb
 bounds [0x00007f66ec85d000, 0x00007f66ecb4d000, 0x00007f66ecf9e000]
 total_blobs=3499 nmethods=3025 adapters=387
 compilation: enabled
              stopped_count=0, restarted_count=0
 full_count=0

Compilation events (20 events):
Event: 36.294 Thread 0x00007f66fc21def0 nmethod 3738 0x00007f66e54b3410 code [0x00007f66e54b3600, 0x00007f66e54b3bb0]
Event: 36.294 Thread 0x00007f66fc21def0 3739       3       java.lang.StringBuilder::append (8 bytes)
Event: 36.294 Thread 0x00007f66fc21def0 nmethod 3739 0x00007f66e5661f10 code [0x00007f66e56620c0, 0x00007f66e5662200]
Event: 36.294 Thread 0x00007f66fc21def0 3740       3       java.lang.AbstractStringBuilder::append (60 bytes)
Event: 36.294 Thread 0x00007f66fc21def0 nmethod 3740 0x00007f66e5542210 code [0x00007f66e5542400, 0x00007f66e5542730]
Event: 36.318 Thread 0x00007f66fc21def0 3745 % !   3       org.apache.commons.beanutils.memoryleaktests.MemoryLeakTestCase::forceGarbageCollection @ 43 (249 bytes)
Event: 36.319 Thread 0x00007f66fc21def0 nmethod 3745% 0x00007f66e5ab6610 code [0x00007f66e5ab6bc0, 0x00007f66e5ab92f0]
Event: 36.446 Thread 0x00007f66fc21def0 3746   !   3       org.apache.commons.beanutils.memoryleaktests.MemoryLeakTestCase::forceGarbageCollection (249 bytes)
Event: 36.447 Thread 0x00007f66fc21def0 nmethod 3746 0x00007f66e55bff90 code [0x00007f66e55c0540, 0x00007f66e55c2b30]
Event: 36.447 Thread 0x00007f6618092f30 3741       4       java.lang.Long::stringSize (55 bytes)
Event: 36.449 Thread 0x00007f6618092f30 nmethod 3741 0x00007f66ecffce90 code [0x00007f66ecffd020, 0x00007f66ecffd1f8]
Event: 36.449 Thread 0x00007f6618092f30 3744       4       java.lang.Long::getChars (208 bytes)
Event: 36.451 Thread 0x00007f6618092f30 nmethod 3744 0x00007f66ed1f6890 code [0x00007f66ed1f6a20, 0x00007f66ed1f6d18]
Event: 36.451 Thread 0x00007f6618092f30 3747 % !   4       org.apache.commons.beanutils.memoryleaktests.MemoryLeakTestCase::forceGarbageCollection @ 43 (249 bytes)
Event: 36.475 Thread 0x00007f6618092f30 nmethod 3747% 0x00007f66ed0b6710 code [0x00007f66ed0b69e0, 0x00007f66ed0b84c0]
Event: 36.475 Thread 0x00007f6618092f30 3742       4       java.lang.StringBuilder::append (8 bytes)
Event: 36.482 Thread 0x00007f6618092f30 nmethod 3742 0x00007f66ed099810 code [0x00007f66ed0999c0, 0x00007f66ed09a478]
Event: 36.482 Thread 0x00007f6618092f30 3743       4       java.lang.AbstractStringBuilder::append (60 bytes)
Event: 36.488 Thread 0x00007f6618092f30 nmethod 3743 0x00007f66ed148d10 code [0x00007f66ed148ec0, 0x00007f66ed1499f8]
Event: 36.596 Thread 0x00007f66fc21c9c0 nmethod 3729 0x00007f66ed250790 code [0x00007f66ed250ca0, 0x00007f66ed258078]

GC Heap History (20 events):
Event: 18.383 GC heap after
{Heap after GC invocations=4 (full 0):
 garbage-first heap   total 2129920K, used 20568K [0x0000000082000000, 0x0000000800000000)
  region size 16384K, 1 young (16384K), 1 survivors (16384K)
 Metaspace       used 8715K, committed 8960K, reserved 1114112K
  class space    used 875K, committed 1024K, reserved 1048576K
}
Event: 22.685 GC heap before
{Heap before GC invocations=4 (full 0):
 garbage-first heap   total 2129920K, used 1249368K [0x0000000082000000, 0x0000000800000000)
  region size 16384K, 76 young (1245184K), 1 survivors (16384K)
 Metaspace       used 8717K, committed 8960K, reserved 1114112K
  class space    used 875K, committed 1024K, reserved 1048576K
}
Event: 22.709 GC heap after
{Heap after GC invocations=5 (full 0):
 garbage-first heap   total 2129920K, used 20545K [0x0000000082000000, 0x0000000800000000)
  region size 16384K, 1 young (16384K), 1 survivors (16384K)
 Metaspace       used 8717K, committed 8960K, reserved 1114112K
  class space    used 875K, committed 1024K, reserved 1048576K
}
Event: 24.747 GC heap before
{Heap before GC invocations=5 (full 0):
 garbage-first heap   total 2129920K, used 1249345K [0x0000000082000000, 0x0000000800000000)
  region size 16384K, 76 young (1245184K), 1 survivors (16384K)
 Metaspace       used 8719K, committed 8960K, reserved 1114112K
  class space    used 875K, committed 1024K, reserved 1048576K
}
Event: 24.766 GC heap after
{Heap after GC invocations=6 (full 0):
 garbage-first heap   total 2129920K, used 20594K [0x0000000082000000, 0x0000000800000000)
  region size 16384K, 1 young (16384K), 1 survivors (16384K)
 Metaspace       used 8719K, committed 8960K, reserved 1114112K
  class space    used 875K, committed 1024K, reserved 1048576K
}
Event: 26.365 GC heap before
{Heap before GC invocations=6 (full 0):
 garbage-first heap   total 2129920K, used 1249394K [0x0000000082000000, 0x0000000800000000)
  region size 16384K, 76 young (1245184K), 1 survivors (16384K)
 Metaspace       used 8720K, committed 8960K, reserved 1114112K
  class space    used 875K, committed 1024K, reserved 1048576K
}
Event: 26.386 GC heap after
{Heap after GC invocations=7 (full 0):
 garbage-first heap   total 2129920K, used 20581K [0x0000000082000000, 0x0000000800000000)
  region size 16384K, 1 young (16384K), 1 survivors (16384K)
 Metaspace       used 8720K, committed 8960K, reserved 1114112K
  class space    used 875K, committed 1024K, reserved 1048576K
}
Event: 28.811 GC heap before
{Heap before GC invocations=7 (full 0):
 garbage-first heap   total 2129920K, used 1249381K [0x0000000082000000, 0x0000000800000000)
  region size 16384K, 76 young (1245184K), 1 survivors (16384K)
 Metaspace       used 8765K, committed 9024K, reserved 1114112K
  class space    used 879K, committed 1024K, reserved 1048576K
}
Event: 28.855 GC heap after
{Heap after GC invocations=8 (full 0):
 garbage-first heap   total 2129920K, used 20577K [0x0000000082000000, 0x0000000800000000)
  region size 16384K, 1 young (16384K), 1 survivors (16384K)
 Metaspace       used 8765K, committed 9024K, reserved 1114112K
  class space    used 879K, committed 1024K, reserved 1048576K
}
Event: 31.260 GC heap before
{Heap before GC invocations=8 (full 0):
 garbage-first heap   total 2129920K, used 1249377K [0x0000000082000000, 0x0000000800000000)
  region size 16384K, 76 young (1245184K), 1 survivors (16384K)
 Metaspace       used 8765K, committed 9024K, reserved 1114112K
  class space    used 879K, committed 1024K, reserved 1048576K
}
Event: 31.399 GC heap after
{Heap after GC invocations=9 (full 0):
 garbage-first heap   total 2555904K, used 20529K [0x0000000082000000, 0x0000000800000000)
  region size 16384K, 1 young (16384K), 1 survivors (16384K)
 Metaspace       used 8765K, committed 9024K, reserved 1114112K
  class space    used 879K, committed 1024K, reserved 1048576K
}
Event: 36.545 GC heap before
{Heap before GC invocations=9 (full 0):
 garbage-first heap   total 2555904K, used 1527857K [0x0000000082000000, 0x0000000800000000)
  region size 16384K, 93 young (1523712K), 1 survivors (16384K)
 Metaspace       used 8993K, committed 9280K, reserved 1114112K
  class space    used 891K, committed 1024K, reserved 1048576K
}
Event: 36.596 GC heap after
{Heap after GC invocations=10 (full 0):
 garbage-first heap   total 2555904K, used 106692K [0x0000000082000000, 0x0000000800000000)
  region size 16384K, 6 young (98304K), 6 survivors (98304K)
 Metaspace       used 8993K, committed 9280K, reserved 1114112K
  class space    used 891K, committed 1024K, reserved 1048576K
}
Event: 37.029 GC heap before
{Heap before GC invocations=10 (full 0):
 garbage-first heap   total 2555904K, used 1548484K [0x0000000082000000, 0x0000000800000000)
  region size 16384K, 93 young (1523712K), 6 survivors (98304K)
 Metaspace       used 8993K, committed 9280K, reserved 1114112K
  class space    used 891K, committed 1024K, reserved 1048576K
}
Event: 37.413 GC heap after
{Heap after GC invocations=11 (full 0):
 garbage-first heap   total 2555904K, used 524066K [0x0000000082000000, 0x0000000800000000)
  region size 16384K, 12 young (196608K), 12 survivors (196608K)
 Metaspace       used 8993K, committed 9280K, reserved 1114112K
  class space    used 891K, committed 1024K, reserved 1048576K
}
Event: 37.474 GC heap before
{Heap before GC invocations=11 (full 0):
 garbage-first heap   total 2555904K, used 999202K [0x0000000082000000, 0x0000000800000000)
  region size 16384K, 40 young (655360K), 12 survivors (196608K)
 Metaspace       used 8993K, committed 9280K, reserved 1114112K
  class space    used 891K, committed 1024K, reserved 1048576K
}
Event: 37.599 GC heap after
{Heap after GC invocations=12 (full 0):
 garbage-first heap   total 2555904K, used 695272K [0x0000000082000000, 0x0000000800000000)
  region size 16384K, 5 young (81920K), 5 survivors (81920K)
 Metaspace       used 8993K, committed 9280K, reserved 1114112K
  class space    used 891K, committed 1024K, reserved 1048576K
}
Event: 37.768 GC heap before
{Heap before GC invocations=12 (full 0):
 garbage-first heap   total 2555904K, used 1285096K [0x0000000082000000, 0x0000000800000000)
  region size 16384K, 39 young (638976K), 5 survivors (81920K)
 Metaspace       used 8993K, committed 9280K, reserved 1114112K
  class space    used 891K, committed 1024K, reserved 1048576K
}
Event: 38.062 GC heap after
{Heap after GC invocations=13 (full 0):
 garbage-first heap   total 2555904K, used 898021K [0x0000000082000000, 0x0000000800000000)
  region size 16384K, 5 young (81920K), 5 survivors (81920K)
 Metaspace       used 8993K, committed 9280K, reserved 1114112K
  class space    used 891K, committed 1024K, reserved 1048576K
}
Event: 38.132 GC heap before
{Heap before GC invocations=13 (full 0):
 garbage-first heap   total 2555904K, used 1471461K [0x0000000082000000, 0x0000000800000000)
  region size 16384K, 40 young (655360K), 5 survivors (81920K)
 Metaspace       used 8993K, committed 9280K, reserved 1114112K
  class space    used 891K, committed 1024K, reserved 1048576K
}

Dll operation events (12 events):
Event: 0.041 Loaded shared library /sfs/gpfs/tardis/applications/202512/software/standard/core/java/17/lib/libjava.so
Event: 0.041 Loaded shared library /sfs/gpfs/tardis/applications/202512/software/standard/core/java/17/lib/libzip.so
Event: 0.159 Loaded shared library /sfs/gpfs/tardis/applications/202512/software/standard/core/java/17/lib/libjsvml.so
Event: 0.473 Loaded shared library /sfs/gpfs/tardis/applications/202512/software/standard/core/java/17/lib/libinstrument.so
Event: 0.624 Loaded shared library /sfs/gpfs/tardis/applications/202512/software/standard/core/java/17/lib/libnio.so
Event: 0.626 Loaded shared library /sfs/gpfs/tardis/applications/202512/software/standard/core/java/17/lib/libzip.so
Event: 0.640 Loaded shared library /sfs/gpfs/tardis/applications/202512/software/standard/core/java/17/lib/libjimage.so
Event: 0.798 Loaded shared library /sfs/gpfs/tardis/applications/202512/software/standard/core/java/17/lib/libverify.so
Event: 0.896 Loaded shared library /sfs/gpfs/tardis/applications/202512/software/standard/core/java/17/lib/libnet.so
Event: 0.960 Loaded shared library /sfs/gpfs/tardis/applications/202512/software/standard/core/java/17/lib/libextnet.so
Event: 1.039 Loaded shared library /sfs/gpfs/tardis/applications/202512/software/standard/core/java/17/lib/libmanagement.so
Event: 1.041 Loaded shared library /sfs/gpfs/tardis/applications/202512/software/standard/core/java/17/lib/libmanagement_ext.so

Deoptimization events (20 events):
Event: 35.311 Thread 0x00007f66fc3877b0 Uncommon trap: trap_request=0xffffffd6 fr.pc=0x00007f66ed067ab4 relative=0x0000000000000494
Event: 35.311 Thread 0x00007f66fc3877b0 Uncommon trap: reason=array_check action=maybe_recompile pc=0x00007f66ed067ab4 method=java.util.HashMap.valuesToArray([Ljava/lang/Object;)[Ljava/lang/Object; @ 62 c2
Event: 35.311 Thread 0x00007f66fc3877b0 DEOPT PACKING pc=0x00007f66ed067ab4 sp=0x00007f668e895660
Event: 35.311 Thread 0x00007f66fc3877b0 DEOPT UNPACKING pc=0x00007f66ec8b6b19 sp=0x00007f668e8955f8 mode 2
Event: 35.313 Thread 0x00007f66fc3877b0 Uncommon trap: trap_request=0xffffff45 fr.pc=0x00007f66ed25c230 relative=0x0000000000000090
Event: 35.313 Thread 0x00007f66fc3877b0 Uncommon trap: reason=unstable_if action=reinterpret pc=0x00007f66ed25c230 method=java.lang.Short.valueOf(S)Ljava/lang/Short; @ 15 c2
Event: 35.313 Thread 0x00007f66fc3877b0 DEOPT PACKING pc=0x00007f66ed25c230 sp=0x00007f668e895b70
Event: 35.313 Thread 0x00007f66fc3877b0 DEOPT UNPACKING pc=0x00007f66ec8b6b19 sp=0x00007f668e895b18 mode 2
Event: 35.684 Thread 0x00007f66fc3877b0 Uncommon trap: trap_request=0xffffffbe fr.pc=0x00007f66ed27e5d0 relative=0x00000000000004b0
Event: 35.684 Thread 0x00007f66fc3877b0 Uncommon trap: reason=profile_predicate action=maybe_recompile pc=0x00007f66ed27e5d0 method=java.util.HashMap.valuesToArray([Ljava/lang/Object;)[Ljava/lang/Object; @ 46 c2
Event: 35.684 Thread 0x00007f66fc3877b0 DEOPT PACKING pc=0x00007f66ed27e5d0 sp=0x00007f668e895790
Event: 35.684 Thread 0x00007f66fc3877b0 DEOPT UNPACKING pc=0x00007f66ec8b6b19 sp=0x00007f668e895740 mode 2
Event: 35.886 Thread 0x00007f66fc3877b0 DEOPT PACKING pc=0x00007f66e59a0b3b sp=0x00007f668e8957e0
Event: 35.886 Thread 0x00007f66fc3877b0 DEOPT UNPACKING pc=0x00007f66ec8b764f sp=0x00007f668e894d68 mode 0
Event: 36.262 Thread 0x00007f66fc3877b0 Uncommon trap: trap_request=0xffffff45 fr.pc=0x00007f66ed205710 relative=0x0000000000000250
Event: 36.262 Thread 0x00007f66fc3877b0 Uncommon trap: reason=unstable_if action=reinterpret pc=0x00007f66ed205710 method=org.apache.commons.beanutils.WeakFastHashMap.get(Ljava/lang/Object;)Ljava/lang/Object; @ 4 c2
Event: 36.262 Thread 0x00007f66fc3877b0 DEOPT PACKING pc=0x00007f66ed205710 sp=0x00007f668e8956d0
Event: 36.262 Thread 0x00007f66fc3877b0 DEOPT UNPACKING pc=0x00007f66ec8b6b19 sp=0x00007f668e8956a0 mode 2
Event: 36.510 Thread 0x00007f66fc3877b0 DEOPT PACKING pc=0x00007f66e5ab8c31 sp=0x00007f668e895850
Event: 36.510 Thread 0x00007f66fc3877b0 DEOPT UNPACKING pc=0x00007f66ec8b764f sp=0x00007f668e894e10 mode 0

Classes loaded (20 events):
Event: 36.264 Loading class org/apache/commons/beanutils/memoryleaktests/pojotests/SomeMappedPojoBeanInfo
Event: 36.264 Loading class org/apache/commons/beanutils/memoryleaktests/pojotests/SomeMappedPojoBeanInfo done
Event: 36.264 Loading class org/apache/commons/beanutils/memoryleaktests/pojotests/SomeMappedPojoBeanInfo
Event: 36.264 Loading class org/apache/commons/beanutils/memoryleaktests/pojotests/SomeMappedPojoBeanInfo done
Event: 36.273 Loading class org/apache/commons/beanutils/memoryleaktests/pojotests/SomeMappedPojoBeanInfo
Event: 36.273 Loading class org/apache/commons/beanutils/memoryleaktests/pojotests/SomeMappedPojoBeanInfo done
Event: 36.273 Loading class java/lang/ObjectBeanInfo
Event: 36.273 Loading class java/lang/ObjectBeanInfo done
Event: 36.273 Loading class java/lang/ObjectBeanInfo
Event: 36.273 Loading class java/lang/ObjectBeanInfo done
Event: 36.273 Loading class java/lang/ObjectCustomizer
Event: 36.273 Loading class java/lang/ObjectCustomizer done
Event: 36.273 Loading class java/lang/ObjectCustomizer
Event: 36.273 Loading class java/lang/ObjectCustomizer done
Event: 36.273 Loading class org/apache/commons/beanutils/memoryleaktests/pojotests/SomeMappedPojoCustomizer
Event: 36.273 Loading class org/apache/commons/beanutils/memoryleaktests/pojotests/SomeMappedPojoCustomizer done
Event: 36.274 Loading class org/apache/commons/beanutils/memoryleaktests/pojotests/SomeMappedPojoCustomizer
Event: 36.274 Loading class org/apache/commons/beanutils/memoryleaktests/pojotests/SomeMappedPojoCustomizer done
Event: 36.292 Loading class org/apache/commons/beanutils/memoryleaktests/pojotests/SomeMappedPojoCustomizer
Event: 36.292 Loading class org/apache/commons/beanutils/memoryleaktests/pojotests/SomeMappedPojoCustomizer done

Classes unloaded (0 events):
No events

Classes redefined (20 events):
Event: 11.127 Thread 0x00007f66fc20ec30 redefined class name=org.apache.commons.beanutils.PropertyUtilsBean, count=18
Event: 11.152 Thread 0x00007f66fc20ec30 redefined class name=org.apache.commons.beanutils.PropertyUtilsBean, count=19
Event: 15.328 Thread 0x00007f66fc20ec30 redefined class name=org.apache.commons.beanutils.PropertyUtilsBean, count=20
Event: 15.346 Thread 0x00007f66fc20ec30 redefined class name=org.apache.commons.beanutils.PropertyUtilsBean, count=21
Event: 15.570 Thread 0x00007f66fc20ec30 redefined class name=org.apache.commons.beanutils.PropertyUtilsBean, count=22
Event: 15.595 Thread 0x00007f66fc20ec30 redefined class name=org.apache.commons.beanutils.PropertyUtilsBean, count=23
Event: 15.635 Thread 0x00007f66fc20ec30 redefined class name=org.apache.commons.beanutils.PropertyUtilsBean, count=24
Event: 15.663 Thread 0x00007f66fc20ec30 redefined class name=org.apache.commons.beanutils.PropertyUtilsBean, count=25
Event: 32.848 Thread 0x00007f66fc20ec30 redefined class name=org.apache.commons.beanutils.PropertyUtilsBean, count=26
Event: 32.906 Thread 0x00007f66fc20ec30 redefined class name=org.apache.commons.beanutils.PropertyUtilsBean, count=27
Event: 34.179 Thread 0x00007f66fc20ec30 redefined class name=org.apache.commons.beanutils.PropertyUtilsBean, count=28
Event: 34.207 Thread 0x00007f66fc20ec30 redefined class name=org.apache.commons.beanutils.PropertyUtilsBean, count=29
Event: 34.331 Thread 0x00007f66fc20ec30 redefined class name=org.apache.commons.beanutils.PropertyUtilsBean, count=30
Event: 34.356 Thread 0x00007f66fc20ec30 redefined class name=org.apache.commons.beanutils.PropertyUtilsBean, count=31
Event: 34.759 Thread 0x00007f66fc20ec30 redefined class name=org.apache.commons.beanutils.PropertyUtilsBean, count=32
Event: 34.785 Thread 0x00007f66fc20ec30 redefined class name=org.apache.commons.beanutils.PropertyUtilsBean, count=33
Event: 35.194 Thread 0x00007f66fc20ec30 redefined class name=org.apache.commons.beanutils.PropertyUtilsBean, count=34
Event: 35.221 Thread 0x00007f66fc20ec30 redefined class name=org.apache.commons.beanutils.PropertyUtilsBean, count=35
Event: 35.343 Thread 0x00007f66fc20ec30 redefined class name=org.apache.commons.beanutils.PropertyUtilsBean, count=36
Event: 35.356 Thread 0x00007f66fc20ec30 redefined class name=org.apache.commons.beanutils.PropertyUtilsBean, count=37

Internal exceptions (20 events):
Event: 35.894 Thread 0x00007f66fc3877b0 Exception <a 'java/lang/ClassNotFoundException'{0x00000000d68561e8}: java/lang/ObjectCustomizer> (0x00000000d68561e8) 
thrown [src/hotspot/share/classfile/systemDictionary.cpp, line 256]
Event: 35.895 Thread 0x00007f66fc3877b0 Exception <a 'java/lang/ClassNotFoundException'{0x00000000d685d700}: org/apache/commons/beanutils/TestBeanCustomizer> (0x00000000d685d700) 
thrown [src/hotspot/share/classfile/systemDictionary.cpp, line 256]
Event: 35.973 Thread 0x00007f66fc3877b0 Exception <a 'java/lang/ClassNotFoundException'{0x00000000d5054918}: org/apache/commons/beanutils/TestBeanBeanInfo> (0x00000000d5054918) 
thrown [src/hotspot/share/classfile/systemDictionary.cpp, line 256]
Event: 35.973 Thread 0x00007f66fc3877b0 Exception <a 'java/lang/ClassNotFoundException'{0x00000000d50555f8}: java/lang/ObjectBeanInfo> (0x00000000d50555f8) 
thrown [src/hotspot/share/classfile/systemDictionary.cpp, line 256]
Event: 35.973 Thread 0x00007f66fc3877b0 Exception <a 'java/lang/ClassNotFoundException'{0x00000000d50562c8}: java/lang/ObjectCustomizer> (0x00000000d50562c8) 
thrown [src/hotspot/share/classfile/systemDictionary.cpp, line 256]
Event: 35.979 Thread 0x00007f66fc3877b0 Exception <a 'java/lang/ClassNotFoundException'{0x00000000d505d7e0}: org/apache/commons/beanutils/TestBeanCustomizer> (0x00000000d505d7e0) 
thrown [src/hotspot/share/classfile/systemDictionary.cpp, line 256]
Event: 35.990 Thread 0x00007f66fc3877b0 Exception <a 'java/lang/ClassNotFoundException'{0x00000000d509d540}: org/apache/commons/beanutils/TestBean$MappedTestBeanBeanInfo> (0x00000000d509d540) 
thrown [src/hotspot/share/classfile/systemDictionary.cpp, line 256]
Event: 35.991 Thread 0x00007f66fc3877b0 Exception <a 'java/lang/ClassNotFoundException'{0x00000000d50a09b0}: org/apache/commons/beanutils/TestBean$MappedTestBeanCustomizer> (0x00000000d50a09b0) 
thrown [src/hotspot/share/classfile/systemDictionary.cpp, line 256]
Event: 36.055 Thread 0x00007f66fc3877b0 Exception <a 'java/lang/ClassNotFoundException'{0x00000000d5854808}: org/apache/commons/beanutils/TestBeanBeanInfo> (0x00000000d5854808) 
thrown [src/hotspot/share/classfile/systemDictionary.cpp, line 256]
Event: 36.055 Thread 0x00007f66fc3877b0 Exception <a 'java/lang/ClassNotFoundException'{0x00000000d58554e8}: java/lang/ObjectBeanInfo> (0x00000000d58554e8) 
thrown [src/hotspot/share/classfile/systemDictionary.cpp, line 256]
Event: 36.055 Thread 0x00007f66fc3877b0 Exception <a 'java/lang/ClassNotFoundException'{0x00000000d58561b8}: java/lang/ObjectCustomizer> (0x00000000d58561b8) 
thrown [src/hotspot/share/classfile/systemDictionary.cpp, line 256]
Event: 36.055 Thread 0x00007f66fc3877b0 Exception <a 'java/lang/ClassNotFoundException'{0x00000000d585d6d0}: org/apache/commons/beanutils/TestBeanCustomizer> (0x00000000d585d6d0) 
thrown [src/hotspot/share/classfile/systemDictionary.cpp, line 256]
Event: 36.169 Thread 0x00007f66fc3877b0 Exception <a 'java/lang/ClassNotFoundException'{0x00000000d40548e8}: org/apache/commons/beanutils/TestBeanBeanInfo> (0x00000000d40548e8) 
thrown [src/hotspot/share/classfile/systemDictionary.cpp, line 256]
Event: 36.169 Thread 0x00007f66fc3877b0 Exception <a 'java/lang/ClassNotFoundException'{0x00000000d40555c8}: java/lang/ObjectBeanInfo> (0x00000000d40555c8) 
thrown [src/hotspot/share/classfile/systemDictionary.cpp, line 256]
Event: 36.169 Thread 0x00007f66fc3877b0 Exception <a 'java/lang/ClassNotFoundException'{0x00000000d4056298}: java/lang/ObjectCustomizer> (0x00000000d4056298) 
thrown [src/hotspot/share/classfile/systemDictionary.cpp, line 256]
Event: 36.201 Thread 0x00007f66fc3877b0 Exception <a 'java/lang/ClassNotFoundException'{0x00000000d405d7b0}: org/apache/commons/beanutils/TestBeanCustomizer> (0x00000000d405d7b0) 
thrown [src/hotspot/share/classfile/systemDictionary.cpp, line 256]
Event: 36.273 Thread 0x00007f66fc3877b0 Exception <a 'java/lang/ClassNotFoundException'{0x00000000d3815408}: org/apache/commons/beanutils/memoryleaktests/pojotests/SomeMappedPojoBeanInfo> (0x00000000d3815408) 
thrown [src/hotspot/share/classfile/systemDictionary.cpp, line 256]
Event: 36.273 Thread 0x00007f66fc3877b0 Exception <a 'java/lang/ClassNotFoundException'{0x00000000d38160f0}: java/lang/ObjectBeanInfo> (0x00000000d38160f0) 
thrown [src/hotspot/share/classfile/systemDictionary.cpp, line 256]
Event: 36.273 Thread 0x00007f66fc3877b0 Exception <a 'java/lang/ClassNotFoundException'{0x00000000d3816dc0}: java/lang/ObjectCustomizer> (0x00000000d3816dc0) 
thrown [src/hotspot/share/classfile/systemDictionary.cpp, line 256]
Event: 36.292 Thread 0x00007f66fc3877b0 Exception <a 'java/lang/ClassNotFoundException'{0x00000000d381dd70}: org/apache/commons/beanutils/memoryleaktests/pojotests/SomeMappedPojoCustomizer> (0x00000000d381dd70) 
thrown [src/hotspot/share/classfile/systemDictionary.cpp, line 256]

VM Operations (20 events):
Event: 35.200 Executing VM operation: RedefineClasses done
Event: 35.213 Executing VM operation: HandshakeAllThreads
Event: 35.213 Executing VM operation: HandshakeAllThreads done
Event: 35.217 Executing VM operation: RedefineClasses
Event: 35.227 Executing VM operation: RedefineClasses done
Event: 35.339 Executing VM operation: RedefineClasses
Event: 35.350 Executing VM operation: RedefineClasses done
Event: 35.352 Executing VM operation: RedefineClasses
Event: 35.362 Executing VM operation: RedefineClasses done
Event: 36.370 Executing VM operation: Cleanup
Event: 36.446 Executing VM operation: Cleanup done
Event: 36.520 Executing VM operation: G1CollectForAllocation
Event: 36.596 Executing VM operation: G1CollectForAllocation done
Event: 37.029 Executing VM operation: G1CollectForAllocation
Event: 37.413 Executing VM operation: G1CollectForAllocation done
Event: 37.474 Executing VM operation: G1CollectForAllocation
Event: 37.599 Executing VM operation: G1CollectForAllocation done
Event: 37.768 Executing VM operation: G1CollectForAllocation
Event: 38.062 Executing VM operation: G1CollectForAllocation done
Event: 38.120 Executing VM operation: G1CollectForAllocation

Memory protections (20 events):
Event: 35.679 Protecting memory [0x00007f668e798000,0x00007f668e79c000] with protection modes 0
Event: 35.679 Protecting memory [0x00007f668efa0000,0x00007f668efa4000] with protection modes 0
Event: 35.680 Protecting memory [0x00007f668e798000,0x00007f668e79c000] with protection modes 0
Event: 35.682 Protecting memory [0x00007f668e798000,0x00007f668e79c000] with protection modes 0
Event: 35.684 Protecting memory [0x00007f668efa0000,0x00007f668efa4000] with protection modes 0
Event: 35.686 Protecting memory [0x00007f668e798000,0x00007f668e79c000] with protection modes 0
Event: 35.714 Protecting memory [0x00007f668e798000,0x00007f668e79c000] with protection modes 0
Event: 35.730 Protecting memory [0x00007f668e798000,0x00007f668e79c000] with protection modes 0
Event: 35.733 Protecting memory [0x00007f668e798000,0x00007f668e79c000] with protection modes 0
Event: 35.736 Protecting memory [0x00007f668e798000,0x00007f668e79c000] with protection modes 0
Event: 35.771 Protecting memory [0x00007f668e798000,0x00007f668e79c000] with protection modes 0
Event: 35.865 Protecting memory [0x00007f668e798000,0x00007f668e79c000] with protection modes 0
Event: 35.887 Protecting memory [0x00007f668e798000,0x00007f668e79c000] with protection modes 0
Event: 35.927 Protecting memory [0x00007f668e798000,0x00007f668e79c000] with protection modes 0
Event: 36.040 Protecting memory [0x00007f668e798000,0x00007f668e79c000] with protection modes 0
Event: 36.069 Protecting memory [0x00007f668e798000,0x00007f668e79c000] with protection modes 0
Event: 36.239 Protecting memory [0x00007f668e798000,0x00007f668e79c000] with protection modes 0
Event: 36.251 Protecting memory [0x00007f668e798000,0x00007f668e79c000] with protection modes 0
Event: 36.261 Protecting memory [0x00007f668e798000,0x00007f668e79c000] with protection modes 0
Event: 36.446 Protecting memory [0x00007f668ec9d000,0x00007f668eca1000] with protection modes 0

Nmethod flushes (20 events):
Event: 35.217 Thread 0x00007f66fc21f360 flushing  nmethod 0x00007f66e5b1e290
Event: 35.217 Thread 0x00007f66fc21f360 flushing  nmethod 0x00007f66e5b1e690
Event: 35.217 Thread 0x00007f66fc21f360 flushing  nmethod 0x00007f66e5b1f110
Event: 35.217 Thread 0x00007f66fc21f360 flushing  nmethod 0x00007f66e5b20010
Event: 35.217 Thread 0x00007f66fc21f360 flushing  nmethod 0x00007f66e5b20c90
Event: 35.217 Thread 0x00007f66fc21f360 flushing  nmethod 0x00007f66e5b21810
Event: 35.217 Thread 0x00007f66fc21f360 flushing  nmethod 0x00007f66e5b22390
Event: 35.217 Thread 0x00007f66fc21f360 flushing  nmethod 0x00007f66e5b23190
Event: 35.217 Thread 0x00007f66fc21f360 flushing  nmethod 0x00007f66e5b24290
Event: 35.217 Thread 0x00007f66fc21f360 flushing  nmethod 0x00007f66e5b24f10
Event: 35.217 Thread 0x00007f66fc21f360 flushing  nmethod 0x00007f66e5b25d10
Event: 35.217 Thread 0x00007f66fc21f360 flushing  nmethod 0x00007f66e5b26890
Event: 35.217 Thread 0x00007f66fc21f360 flushing  nmethod 0x00007f66e5b26c90
Event: 35.217 Thread 0x00007f66fc21f360 flushing  nmethod 0x00007f66e5b29d10
Event: 35.217 Thread 0x00007f66fc21f360 flushing osr nmethod 0x00007f66e5b2e590
Event: 35.217 Thread 0x00007f66fc21f360 flushing  nmethod 0x00007f66e5b30590
Event: 35.217 Thread 0x00007f66fc21f360 flushing osr nmethod 0x00007f66e5b32490
Event: 35.217 Thread 0x00007f66fc21f360 flushing  nmethod 0x00007f66e5b39090
Event: 35.217 Thread 0x00007f66fc21f360 flushing osr nmethod 0x00007f66e5b3fa10
Event: 35.217 Thread 0x00007f66fc21f360 flushing osr nmethod 0x00007f66e5b41a10

Events (20 events):
Event: 35.746 Thread 0x00007f66fc3877b0 Thread exited: 0x00007f66fc3877b0
Event: 35.755 Thread 0x00007f66fc032990 Thread added: 0x00007f66fc3877b0
Event: 35.853 Thread 0x00007f66fc3877b0 Thread exited: 0x00007f66fc3877b0
Event: 35.865 Thread 0x00007f66fc032990 Thread added: 0x00007f66fc3877b0
Event: 35.887 Thread 0x00007f66fc3877b0 Thread exited: 0x00007f66fc3877b0
Event: 35.887 Thread 0x00007f66fc032990 Thread added: 0x00007f66fc3877b0
Event: 35.895 Thread 0x00007f66fc3877b0 Thread exited: 0x00007f66fc3877b0
Event: 35.927 Thread 0x00007f66fc032990 Thread added: 0x00007f66fc3877b0
Event: 35.992 Thread 0x00007f66fc3877b0 Thread exited: 0x00007f66fc3877b0
Event: 36.040 Thread 0x00007f66fc032990 Thread added: 0x00007f66fc3877b0
Event: 36.056 Thread 0x00007f66fc3877b0 Thread exited: 0x00007f66fc3877b0
Event: 36.069 Thread 0x00007f66fc032990 Thread added: 0x00007f66fc3877b0
Event: 36.202 Thread 0x00007f66fc3877b0 Thread exited: 0x00007f66fc3877b0
Event: 36.239 Thread 0x00007f66fc032990 Thread added: 0x00007f66fc3877b0
Event: 36.240 Thread 0x00007f66fc3877b0 Thread exited: 0x00007f66fc3877b0
Event: 36.251 Thread 0x00007f66fc032990 Thread added: 0x00007f66fc3877b0
Event: 36.252 Thread 0x00007f66081d6eb0 Thread exited: 0x00007f66081d6eb0
Event: 36.252 Thread 0x00007f66fc3877b0 Thread exited: 0x00007f66fc3877b0
Event: 36.261 Thread 0x00007f66fc032990 Thread added: 0x00007f66fc3877b0
Event: 36.446 Thread 0x00007f66fc21def0 Thread added: 0x00007f6618092f30


Dynamic libraries:
82000000-11c000000 rw-p 00000000 00:00 0 
254000000-7fe000000 ---p 00000000 00:00 0 
7fe000000-7fef00000 rw-p 00000000 00:00 0 
7fef00000-7fef75000 rw-p 00c79000 00:33 8596472648                       /sfs/gpfs/tardis/applications/202512/software/standard/core/java/17/lib/server/classes.jsa
7fef75000-7ff000000 rw-p 00000000 00:00 0 
7ff000000-7ff078000 rw-p 00c01000 00:33 8596472648                       /sfs/gpfs/tardis/applications/202512/software/standard/core/java/17/lib/server/classes.jsa
7ff078000-800000000 rw-p 00000000 00:00 0 
5556117a8000-5556117a9000 r--p 00000000 00:33 8596472430                 /sfs/gpfs/tardis/applications/202512/software/standard/core/java/17/bin/java
5556117a9000-5556117aa000 r-xp 00001000 00:33 8596472430                 /sfs/gpfs/tardis/applications/202512/software/standard/core/java/17/bin/java
5556117aa000-5556117ab000 r--p 00002000 00:33 8596472430                 /sfs/gpfs/tardis/applications/202512/software/standard/core/java/17/bin/java
5556117ab000-5556117ac000 r--p 00002000 00:33 8596472430                 /sfs/gpfs/tardis/applications/202512/software/standard/core/java/17/bin/java
5556117ac000-5556117ad000 rw-p 00003000 00:33 8596472430                 /sfs/gpfs/tardis/applications/202512/software/standard/core/java/17/bin/java
55561277c000-5556127c4000 rw-p 00000000 00:00 0                          [heap]
7f65a0000000-7f65a0021000 rw-p 00000000 00:00 0 
7f65a0021000-7f65a4000000 ---p 00000000 00:00 0 
7f65a4000000-7f65a403f000 rw-p 00000000 00:00 0 
7f65a403f000-7f65a8000000 ---p 00000000 00:00 0 
7f65a8000000-7f65a8021000 rw-p 00000000 00:00 0 
7f65a8021000-7f65ac000000 ---p 00000000 00:00 0 
7f65ac000000-7f65ac021000 rw-p 00000000 00:00 0 
7f65ac021000-7f65b0000000 ---p 00000000 00:00 0 
7f65b0000000-7f65b0021000 rw-p 00000000 00:00 0 
7f65b0021000-7f65b4000000 ---p 00000000 00:00 0 
7f65b4000000-7f65b4021000 rw-p 00000000 00:00 0 
7f65b4021000-7f65b8000000 ---p 00000000 00:00 0 
7f65b8000000-7f65b8021000 rw-p 00000000 00:00 0 
7f65b8021000-7f65bc000000 ---p 00000000 00:00 0 
7f65bc000000-7f65bc021000 rw-p 00000000 00:00 0 
7f65bc021000-7f65c0000000 ---p 00000000 00:00 0 
7f65c0000000-7f65c0021000 rw-p 00000000 00:00 0 
7f65c0021000-7f65c4000000 ---p 00000000 00:00 0 
7f65c4000000-7f65c4021000 rw-p 00000000 00:00 0 
7f65c4021000-7f65c8000000 ---p 00000000 00:00 0 
7f65c8000000-7f65c8021000 rw-p 00000000 00:00 0 
7f65c8021000-7f65cc000000 ---p 00000000 00:00 0 
7f65cc000000-7f65cc021000 rw-p 00000000 00:00 0 
7f65cc021000-7f65d0000000 ---p 00000000 00:00 0 
7f65d0000000-7f65d0021000 rw-p 00000000 00:00 0 
7f65d0021000-7f65d4000000 ---p 00000000 00:00 0 
7f65d4000000-7f65d4021000 rw-p 00000000 00:00 0 
7f65d4021000-7f65d8000000 ---p 00000000 00:00 0 
7f65d8000000-7f65d8021000 rw-p 00000000 00:00 0 
7f65d8021000-7f65dc000000 ---p 00000000 00:00 0 
7f65dc000000-7f65dc021000 rw-p 00000000 00:00 0 
7f65dc021000-7f65e0000000 ---p 00000000 00:00 0 
7f65e0000000-7f65e0021000 rw-p 00000000 00:00 0 
7f65e0021000-7f65e4000000 ---p 00000000 00:00 0 
7f65e4000000-7f65e4021000 rw-p 00000000 00:00 0 
7f65e4021000-7f65e8000000 ---p 00000000 00:00 0 
7f65e8000000-7f65e860a000 rw-p 00000000 00:00 0 
7f65e860a000-7f65ec000000 ---p 00000000 00:00 0 
7f65ec000000-7f65ec902000 rw-p 00000000 00:00 0 
7f65ec902000-7f65f0000000 ---p 00000000 00:00 0 
7f65f0000000-7f65f1aef000 rw-p 00000000 00:00 0 
7f65f1aef000-7f65f4000000 ---p 00000000 00:00 0 
7f65f4000000-7f65f472b000 rw-p 00000000 00:00 0 
7f65f472b000-7f65f8000000 ---p 00000000 00:00 0 
7f65f8000000-7f65f8bb1000 rw-p 00000000 00:00 0 
7f65f8bb1000-7f65fc000000 ---p 00000000 00:00 0 
7f65fc000000-7f65fc95e000 rw-p 00000000 00:00 0 
7f65fc95e000-7f6600000000 ---p 00000000 00:00 0 
7f6600000000-7f6600021000 rw-p 00000000 00:00 0 
7f6600021000-7f6604000000 ---p 00000000 00:00 0 
7f6604000000-7f6604021000 rw-p 00000000 00:00 0 
7f6604021000-7f6608000000 ---p 00000000 00:00 0 
7f6608000000-7f660835d000 rw-p 00000000 00:00 0 
7f660835d000-7f660c000000 ---p 00000000 00:00 0 
7f660c000000-7f660d429000 rw-p 00000000 00:00 0 
7f660d429000-7f6610000000 ---p 00000000 00:00 0 
7f6610000000-7f6610021000 rw-p 00000000 00:00 0 
7f6610021000-7f6614000000 ---p 00000000 00:00 0 
7f6614000000-7f6614161000 rw-p 00000000 00:00 0 
7f6614161000-7f6618000000 ---p 00000000 00:00 0 
7f6618000000-7f661837f000 rw-p 00000000 00:00 0 
7f661837f000-7f661c000000 ---p 00000000 00:00 0 
7f661c000000-7f661c021000 rw-p 00000000 00:00 0 
7f661c021000-7f6620000000 ---p 00000000 00:00 0 
7f6620000000-7f6620021000 rw-p 00000000 00:00 0 
7f6620021000-7f6624000000 ---p 00000000 00:00 0 
7f6624000000-7f662517c000 rw-p 00000000 00:00 0 
7f662517c000-7f6628000000 ---p 00000000 00:00 0 
7f6628000000-7f6628021000 rw-p 00000000 00:00 0 
7f6628021000-7f662c000000 ---p 00000000 00:00 0 
7f662c000000-7f662c021000 rw-p 00000000 00:00 0 
7f662c021000-7f6630000000 ---p 00000000 00:00 0 
7f6630000000-7f6630021000 rw-p 00000000 00:00 0 
7f6630021000-7f6634000000 ---p 00000000 00:00 0 
7f6634000000-7f6634021000 rw-p 00000000 00:00 0 
7f6634021000-7f6638000000 ---p 00000000 00:00 0 
7f6638000000-7f66381b9000 rw-p 00000000 00:00 0 
7f66381b9000-7f663c000000 ---p 00000000 00:00 0 
7f663f000000-7f663f455000 rw-p 00001000 00:33 8596472648                 /sfs/gpfs/tardis/applications/202512/software/standard/core/java/17/lib/server/classes.jsa
7f663f455000-7f663fbc9000 rw-p 00456000 00:33 8596472648                 /sfs/gpfs/tardis/applications/202512/software/standard/core/java/17/lib/server/classes.jsa
7f663fbc9000-7f6640000000 ---p 00000000 00:00 0 
7f6640000000-7f6640040000 rw-p 00000000 00:00 0 
7f6640040000-7f66400c0000 rw-p 00000000 00:00 0 
7f66400c0000-7f66400f0000 rw-p 00000000 00:00 0 
7f66400f0000-7f6640100000 ---p 00000000 00:00 0 
7f6640100000-7f6640110000 rw-p 00000000 00:00 0 
7f6640110000-7f6680000000 ---p 00000000 00:00 0 
7f6680000000-7f6680021000 rw-p 00000000 00:00 0 
7f6680021000-7f6684000000 ---p 00000000 00:00 0 
7f6684000000-7f6684400000 rw-p 00000000 00:00 0 
7f6684400000-7f6684780000 rw-p 00000000 00:00 0 
7f6684780000-7f66847e0000 rw-p 00000000 00:00 0 
7f66847e0000-7f6684800000 ---p 00000000 00:00 0 
7f6684800000-7f6684830000 rw-p 00000000 00:00 0 
7f6684830000-7f6688000000 ---p 00000000 00:00 0 
7f6688000000-7f668803e000 rw-p 00000000 00:00 0 
7f668803e000-7f668c000000 ---p 00000000 00:00 0 
7f668d0f1000-7f668d383000 rw-p 00000000 00:00 0 
7f668d383000-7f668d388000 ---p 00000000 00:00 0 
7f668d388000-7f668d484000 rw-p 00000000 00:00 0 
7f668d484000-7f668d485000 ---p 00000000 00:00 0 
7f668d485000-7f668d585000 rw-p 00000000 00:00 0 
7f668d585000-7f668d586000 ---p 00000000 00:00 0 
7f668d586000-7f668d686000 rw-p 00000000 00:00 0 
7f668d686000-7f668d687000 ---p 00000000 00:00 0 
7f668d687000-7f668d787000 rw-p 00000000 00:00 0 
7f668d787000-7f668d788000 ---p 00000000 00:00 0 
7f668d788000-7f668d888000 rw-p 00000000 00:00 0 
7f668d888000-7f668d889000 ---p 00000000 00:00 0 
7f668d889000-7f668d989000 rw-p 00000000 00:00 0 
7f668d989000-7f668d98a000 ---p 00000000 00:00 0 
7f668d98a000-7f668da8a000 rw-p 00000000 00:00 0 
7f668da8a000-7f668da8b000 ---p 00000000 00:00 0 
7f668da8b000-7f668db8b000 rw-p 00000000 00:00 0 
7f668db8b000-7f668db8c000 ---p 00000000 00:00 0 
7f668db8c000-7f668dc8c000 rw-p 00000000 00:00 0 
7f668dc8c000-7f668dc8d000 ---p 00000000 00:00 0 
7f668dc8d000-7f668dd8d000 rw-p 00000000 00:00 0 
7f668dd8d000-7f668dd8e000 ---p 00000000 00:00 0 
7f668dd8e000-7f668de8e000 rw-p 00000000 00:00 0 
7f668de8e000-7f668de8f000 ---p 00000000 00:00 0 
7f668de8f000-7f668df8f000 rw-p 00000000 00:00 0 
7f668df8f000-7f668df90000 ---p 00000000 00:00 0 
7f668df90000-7f668e090000 rw-p 00000000 00:00 0 
7f668e090000-7f668e091000 ---p 00000000 00:00 0 
7f668e091000-7f668e191000 rw-p 00000000 00:00 0 
7f668e191000-7f668e192000 ---p 00000000 00:00 0 
7f668e192000-7f668e292000 rw-p 00000000 00:00 0 
7f668e292000-7f668e293000 ---p 00000000 00:00 0 
7f668e293000-7f668e393000 rw-p 00000000 00:00 0 
7f668e393000-7f668e394000 ---p 00000000 00:00 0 
7f668e394000-7f668e494000 rw-p 00000000 00:00 0 
7f668e494000-7f668e499000 ---p 00000000 00:00 0 
7f668e499000-7f668e595000 rw-p 00000000 00:00 0 
7f668e595000-7f668e59a000 ---p 00000000 00:00 0 
7f668e59a000-7f668e696000 rw-p 00000000 00:00 0 
7f668e696000-7f668e69b000 ---p 00000000 00:00 0 
7f668e69b000-7f668e797000 rw-p 00000000 00:00 0 
7f668e797000-7f668e798000 ---p 00000000 00:00 0 
7f668e798000-7f668e79c000 ---p 00000000 00:00 0 
7f668e79c000-7f668e898000 rw-p 00000000 00:00 0 
7f668e898000-7f668e89d000 ---p 00000000 00:00 0 
7f668e89d000-7f668e999000 rw-p 00000000 00:00 0 
7f668e999000-7f668e99e000 ---p 00000000 00:00 0 
7f668e99e000-7f668ea9a000 rw-p 00000000 00:00 0 
7f668ea9a000-7f668ea9f000 ---p 00000000 00:00 0 
7f668ea9f000-7f668eb9b000 rw-p 00000000 00:00 0 
7f668eb9b000-7f668eb9c000 ---p 00000000 00:00 0 
7f668eb9c000-7f668ec9c000 rw-p 00000000 00:00 0 
7f668ec9c000-7f668ec9d000 ---p 00000000 00:00 0 
7f668ec9d000-7f668eca1000 ---p 00000000 00:00 0 
7f668eca1000-7f668ed9d000 rw-p 00000000 00:00 0 
7f668ed9d000-7f668ed9e000 ---p 00000000 00:00 0 
7f668ed9e000-7f668eda2000 ---p 00000000 00:00 0 
7f668eda2000-7f668ee9e000 rw-p 00000000 00:00 0 
7f668ee9e000-7f668eea3000 ---p 00000000 00:00 0 
7f668eea3000-7f668ef9f000 rw-p 00000000 00:00 0 
7f668ef9f000-7f668efa4000 ---p 00000000 00:00 0 
7f668efa4000-7f668f0a0000 rw-p 00000000 00:00 0 
7f668f0a0000-7f668f0a1000 ---p 00000000 00:00 0 
7f668f0a1000-7f668f0a5000 ---p 00000000 00:00 0 
7f668f0a5000-7f668f1a1000 rw-p 00000000 00:00 0 
7f668f1a1000-7f668f1a2000 ---p 00000000 00:00 0 
7f668f1a2000-7f668f1a6000 ---p 00000000 00:00 0 
7f668f1a6000-7f668f2a2000 rw-p 00000000 00:00 0 
7f668f2a2000-7f668f2a3000 ---p 00000000 00:00 0 
7f668f2a3000-7f668f2a7000 ---p 00000000 00:00 0 
7f668f2a7000-7f668f3a3000 rw-p 00000000 00:00 0 
7f668f3a3000-7f668f3a4000 ---p 00000000 00:00 0 
7f668f3a4000-7f668f3a8000 ---p 00000000 00:00 0 
7f668f3a8000-7f668f4a4000 rw-p 00000000 00:00 0 
7f668f4a4000-7f668f4a5000 ---p 00000000 00:00 0 
7f668f4a5000-7f668f4a9000 ---p 00000000 00:00 0 
7f668f4a9000-7f668f5a5000 rw-p 00000000 00:00 0 
7f668f5a5000-7f668f5a6000 ---p 00000000 00:00 0 
7f668f5a6000-7f668f5aa000 ---p 00000000 00:00 0 
7f668f5aa000-7f668f6a6000 rw-p 00000000 00:00 0 
7f668f6a6000-7f668f6a7000 ---p 00000000 00:00 0 
7f668f6a7000-7f668f6ab000 ---p 00000000 00:00 0 
7f668f6ab000-7f668f7a7000 rw-p 00000000 00:00 0 
7f668f7a7000-7f668f7a8000 ---p 00000000 00:00 0 
7f668f7a8000-7f668f7ac000 ---p 00000000 00:00 0 
7f668f7ac000-7f668f8a8000 rw-p 00000000 00:00 0 
7f668f8a8000-7f668f8a9000 ---p 00000000 00:00 0 
7f668f8a9000-7f668f8ad000 ---p 00000000 00:00 0 
7f668f8ad000-7f668f9a9000 rw-p 00000000 00:00 0 
7f668f9a9000-7f668f9aa000 ---p 00000000 00:00 0 
7f668f9aa000-7f668faaa000 rw-p 00000000 00:00 0 
7f668faaa000-7f668faaf000 r--p 00000000 00:33 8596472621                 /sfs/gpfs/tardis/applications/202512/software/standard/core/java/17/lib/libjsvml.so
7f668faaf000-7f668faf0000 r-xp 00005000 00:33 8596472621                 /sfs/gpfs/tardis/applications/202512/software/standard/core/java/17/lib/libjsvml.so
7f668faf0000-7f668fb79000 r--p 00046000 00:33 8596472621                 /sfs/gpfs/tardis/applications/202512/software/standard/core/java/17/lib/libjsvml.so
7f668fb79000-7f668fb7a000 r--p 000ce000 00:33 8596472621                 /sfs/gpfs/tardis/applications/202512/software/standard/core/java/17/lib/libjsvml.so
7f668fb7a000-7f668fb7b000 rw-p 000cf000 00:33 8596472621                 /sfs/gpfs/tardis/applications/202512/software/standard/core/java/17/lib/libjsvml.so
7f668fb7b000-7f668fbfc000 rw-p 00000000 00:00 0 
7f668fbfc000-7f668fbfd000 ---p 00000000 00:00 0 
7f668fbfd000-7f668fcfd000 rw-p 00000000 00:00 0 
7f668fcfd000-7f668fcfe000 ---p 00000000 00:00 0 
7f668fcfe000-7f6690021000 rw-p 00000000 00:00 0 
7f6690021000-7f6694000000 ---p 00000000 00:00 0 
7f6694000000-7f6694021000 rw-p 00000000 00:00 0 
7f6694021000-7f6698000000 ---p 00000000 00:00 0 
7f6698000000-7f6698021000 rw-p 00000000 00:00 0 
7f6698021000-7f669c000000 ---p 00000000 00:00 0 
7f669c024000-7f669c026000 r--p 00000000 00:33 8596472625                 /sfs/gpfs/tardis/applications/202512/software/standard/core/java/17/lib/libmanagement_ext.so
7f669c026000-7f669c029000 r-xp 00002000 00:33 8596472625                 /sfs/gpfs/tardis/applications/202512/software/standard/core/java/17/lib/libmanagement_ext.so
7f669c029000-7f669c02a000 r--p 00005000 00:33 8596472625                 /sfs/gpfs/tardis/applications/202512/software/standard/core/java/17/lib/libmanagement_ext.so
7f669c02a000-7f669c02b000 ---p 00006000 00:33 8596472625                 /sfs/gpfs/tardis/applications/202512/software/standard/core/java/17/lib/libmanagement_ext.so
7f669c02b000-7f669c02c000 r--p 00006000 00:33 8596472625                 /sfs/gpfs/tardis/applications/202512/software/standard/core/java/17/lib/libmanagement_ext.so
7f669c02c000-7f669c02d000 rw-p 00007000 00:33 8596472625                 /sfs/gpfs/tardis/applications/202512/software/standard/core/java/17/lib/libmanagement_ext.so
7f669c02d000-7f66a07ae000 rw-p 00000000 00:00 0 
7f66a07ae000-7f66bc02e000 ---p 00000000 00:00 0 
7f66bc02e000-7f66be72e000 rw-p 00000000 00:00 0 
7f66be72e000-7f66d9fae000 ---p 00000000 00:00 0 
7f66d9fae000-7f66da4fe000 rw-p 00000000 00:00 0 
7f66da4fe000-7f66ddc0e000 ---p 00000000 00:00 0 
7f66ddc0e000-7f66de0ee000 rw-p 00000000 00:00 0 
7f66de0ee000-7f66e17fe000 ---p 00000000 00:00 0 
7f66e17fe000-7f66e1cde000 rw-p 00000000 00:00 0 
7f66e1cde000-7f66e53ee000 ---p 00000000 00:00 0 
7f66e53ee000-7f66e53fe000 rw-p 00000000 00:00 0 
7f66e53fe000-7f66e5b9e000 rwxp 00000000 00:00 0 
7f66e5b9e000-7f66ec85d000 ---p 00000000 00:00 0 
7f66ec85d000-7f66ecb4d000 rwxp 00000000 00:00 0 
7f66ecb4d000-7f66ecf9e000 ---p 00000000 00:00 0 
7f66ecf9e000-7f66ed28e000 rwxp 00000000 00:00 0 
7f66ed28e000-7f66f43fe000 ---p 00000000 00:00 0 
7f66f43fe000-7f66fc000000 r--s 00000000 00:33 8596472637                 /sfs/gpfs/tardis/applications/202512/software/standard/core/java/17/lib/modules
7f66fc000000-7f66fc564000 rw-p 00000000 00:00 0 
7f66fc564000-7f6700000000 ---p 00000000 00:00 0 
7f6700001000-7f6700005000 r--p 00000000 00:33 8596472635                 /sfs/gpfs/tardis/applications/202512/software/standard/core/java/17/lib/libverify.so
7f6700005000-7f670000c000 r-xp 00004000 00:33 8596472635                 /sfs/gpfs/tardis/applications/202512/software/standard/core/java/17/lib/libverify.so
7f670000c000-7f670000e000 r--p 0000b000 00:33 8596472635                 /sfs/gpfs/tardis/applications/202512/software/standard/core/java/17/lib/libverify.so
7f670000e000-7f6700010000 r--p 0000c000 00:33 8596472635                 /sfs/gpfs/tardis/applications/202512/software/standard/core/java/17/lib/libverify.so
7f6700010000-7f6700011000 rw-p 0000e000 00:33 8596472635                 /sfs/gpfs/tardis/applications/202512/software/standard/core/java/17/lib/libverify.so
7f6700011000-7f67000ad000 rw-p 00000000 00:00 0 
7f67000ae000-7f67000b1000 r--p 00000000 00:33 8596472623                 /sfs/gpfs/tardis/applications/202512/software/standard/core/java/17/lib/libmanagement.so
7f67000b1000-7f67000b2000 r-xp 00003000 00:33 8596472623                 /sfs/gpfs/tardis/applications/202512/software/standard/core/java/17/lib/libmanagement.so
7f67000b2000-7f67000b3000 r--p 00004000 00:33 8596472623                 /sfs/gpfs/tardis/applications/202512/software/standard/core/java/17/lib/libmanagement.so
7f67000b3000-7f67000b4000 r--p 00004000 00:33 8596472623                 /sfs/gpfs/tardis/applications/202512/software/standard/core/java/17/lib/libmanagement.so
7f67000b4000-7f67000b5000 rw-p 00005000 00:33 8596472623                 /sfs/gpfs/tardis/applications/202512/software/standard/core/java/17/lib/libmanagement.so
7f67000b5000-7f67000b9000 r--p 00000000 00:33 8596472627                 /sfs/gpfs/tardis/applications/202512/software/standard/core/java/17/lib/libnet.so
7f67000b9000-7f67000c7000 r-xp 00004000 00:33 8596472627                 /sfs/gpfs/tardis/applications/202512/software/standard/core/java/17/lib/libnet.so
7f67000c7000-7f67000cb000 r--p 00012000 00:33 8596472627                 /sfs/gpfs/tardis/applications/202512/software/standard/core/java/17/lib/libnet.so
7f67000cb000-7f67000cc000 r--p 00015000 00:33 8596472627                 /sfs/gpfs/tardis/applications/202512/software/standard/core/java/17/lib/libnet.so
7f67000cc000-7f67000cd000 rw-p 00016000 00:33 8596472627                 /sfs/gpfs/tardis/applications/202512/software/standard/core/java/17/lib/libnet.so
7f67000cd000-7f67000d4000 r--p 00000000 00:33 8596472628                 /sfs/gpfs/tardis/applications/202512/software/standard/core/java/17/lib/libnio.so
7f67000d4000-7f67000dd000 r-xp 00007000 00:33 8596472628                 /sfs/gpfs/tardis/applications/202512/software/standard/core/java/17/lib/libnio.so
7f67000dd000-7f67000e1000 r--p 00010000 00:33 8596472628                 /sfs/gpfs/tardis/applications/202512/software/standard/core/java/17/lib/libnio.so
7f67000e1000-7f67000e2000 ---p 00014000 00:33 8596472628                 /sfs/gpfs/tardis/applications/202512/software/standard/core/java/17/lib/libnio.so
7f67000e2000-7f67000e3000 r--p 00014000 00:33 8596472628                 /sfs/gpfs/tardis/applications/202512/software/standard/core/java/17/lib/libnio.so
7f67000e3000-7f67000e4000 rw-p 00015000 00:33 8596472628                 /sfs/gpfs/tardis/applications/202512/software/standard/core/java/17/lib/libnio.so
7f67000e4000-7f6700ff3000 rw-p 00000000 00:00 0 
7f6700ff3000-7f6700ff4000 ---p 00000000 00:00 0 
7f6700ff4000-7f67010f4000 rw-p 00000000 00:00 0 
7f67010f4000-7f67010f5000 ---p 00000000 00:00 0 
7f67010f5000-7f67011f5000 rw-p 00000000 00:00 0 
7f67011f5000-7f67011f6000 ---p 00000000 00:00 0 
7f67011f6000-7f670276a000 rw-p 00000000 00:00 0 
7f670276a000-7f670284d000 ---p 00000000 00:00 0 
7f670284d000-7f670285d000 rw-p 00000000 00:00 0 
7f670285d000-7f6702936000 ---p 00000000 00:00 0 
7f6702936000-7f6702938000 r--p 00000000 00:33 8596472636                 /sfs/gpfs/tardis/applications/202512/software/standard/core/java/17/lib/libzip.so
7f6702938000-7f670294a000 r-xp 00002000 00:33 8596472636                 /sfs/gpfs/tardis/applications/202512/software/standard/core/java/17/lib/libzip.so
7f670294a000-7f6702952000 r--p 00014000 00:33 8596472636                 /sfs/gpfs/tardis/applications/202512/software/standard/core/java/17/lib/libzip.so
7f6702952000-7f6702953000 r--p 0001b000 00:33 8596472636                 /sfs/gpfs/tardis/applications/202512/software/standard/core/java/17/lib/libzip.so
7f6702953000-7f6702954000 rw-p 0001c000 00:33 8596472636                 /sfs/gpfs/tardis/applications/202512/software/standard/core/java/17/lib/libzip.so
7f6702954000-7f670295f000 r-xp 00000000 00:29 41352995                   /usr/lib64/libnss_files-2.28.so
7f670295f000-7f6702b5f000 ---p 0000b000 00:29 41352995                   /usr/lib64/libnss_files-2.28.so
7f6702b5f000-7f6702b60000 r--p 0000b000 00:29 41352995                   /usr/lib64/libnss_files-2.28.so
7f6702b60000-7f6702b61000 rw-p 0000c000 00:29 41352995                   /usr/lib64/libnss_files-2.28.so
7f6702b61000-7f6702b67000 rw-p 00000000 00:00 0 
7f6702b67000-7f6702b6e000 r-xp 00000000 00:29 41352993                   /usr/lib64/libnss_db-2.28.so
7f6702b6e000-7f6702d6d000 ---p 00007000 00:29 41352993                   /usr/lib64/libnss_db-2.28.so
7f6702d6d000-7f6702d6e000 r--p 00006000 00:29 41352993                   /usr/lib64/libnss_db-2.28.so
7f6702d6e000-7f6702d6f000 rw-p 00007000 00:29 41352993                   /usr/lib64/libnss_db-2.28.so
7f6702d6f000-7f6702d72000 rw-p 00000000 00:00 0 
7f6702d72000-7f6702fea000 r--p 00000000 00:29 42290259                   /usr/lib/locale/en_US.utf8/LC_COLLATE
7f6702fea000-7f670316b000 r-xp 00000000 00:29 41352876                   /usr/lib64/libm-2.28.so
7f670316b000-7f670336a000 ---p 00181000 00:29 41352876                   /usr/lib64/libm-2.28.so
7f670336a000-7f670336b000 r--p 00180000 00:29 41352876                   /usr/lib64/libm-2.28.so
7f670336b000-7f670336c000 rw-p 00181000 00:29 41352876                   /usr/lib64/libm-2.28.so
7f670336c000-7f6703373000 r-xp 00000000 00:29 41353205                   /usr/lib64/librt-2.28.so
7f6703373000-7f6703572000 ---p 00007000 00:29 41353205                   /usr/lib64/librt-2.28.so
7f6703572000-7f6703573000 r--p 00006000 00:29 41353205                   /usr/lib64/librt-2.28.so
7f6703573000-7f6703574000 rw-p 00007000 00:29 41353205                   /usr/lib64/librt-2.28.so
7f6703574000-7f67037c7000 r--p 00000000 00:33 8596472651                 /sfs/gpfs/tardis/applications/202512/software/standard/core/java/17/lib/server/libjvm.so
7f67037c7000-7f67044f0000 r-xp 00253000 00:33 8596472651                 /sfs/gpfs/tardis/applications/202512/software/standard/core/java/17/lib/server/libjvm.so
7f67044f0000-7f670477d000 r--p 00f7c000 00:33 8596472651                 /sfs/gpfs/tardis/applications/202512/software/standard/core/java/17/lib/server/libjvm.so
7f670477d000-7f670477e000 ---p 01209000 00:33 8596472651                 /sfs/gpfs/tardis/applications/202512/software/standard/core/java/17/lib/server/libjvm.so
7f670477e000-7f6704837000 r--p 01209000 00:33 8596472651                 /sfs/gpfs/tardis/applications/202512/software/standard/core/java/17/lib/server/libjvm.so
7f6704837000-7f670486c000 rw-p 012c2000 00:33 8596472651                 /sfs/gpfs/tardis/applications/202512/software/standard/core/java/17/lib/server/libjvm.so
7f670486c000-7f67048c7000 rw-p 00000000 00:00 0 
7f67048c7000-7f6704a94000 r-xp 00000000 00:29 41352421                   /usr/lib64/libc-2.28.so
7f6704a94000-7f6704c93000 ---p 001cd000 00:29 41352421                   /usr/lib64/libc-2.28.so
7f6704c93000-7f6704c97000 r--p 001cc000 00:29 41352421                   /usr/lib64/libc-2.28.so
7f6704c97000-7f6704c99000 rw-p 001d0000 00:29 41352421                   /usr/lib64/libc-2.28.so
7f6704c99000-7f6704c9d000 rw-p 00000000 00:00 0 
7f6704c9d000-7f6704ca0000 r-xp 00000000 00:29 41352530                   /usr/lib64/libdl-2.28.so
7f6704ca0000-7f6704e9f000 ---p 00003000 00:29 41352530                   /usr/lib64/libdl-2.28.so
7f6704e9f000-7f6704ea0000 r--p 00002000 00:29 41352530                   /usr/lib64/libdl-2.28.so
7f6704ea0000-7f6704ea1000 rw-p 00003000 00:29 41352530                   /usr/lib64/libdl-2.28.so
7f6704ea1000-7f6704ebc000 r-xp 00000000 00:29 41353149                   /usr/lib64/libpthread-2.28.so
7f6704ebc000-7f67050bb000 ---p 0001b000 00:29 41353149                   /usr/lib64/libpthread-2.28.so
7f67050bb000-7f67050bc000 r--p 0001a000 00:29 41353149                   /usr/lib64/libpthread-2.28.so
7f67050bc000-7f67050bd000 rw-p 0001b000 00:29 41353149                   /usr/lib64/libpthread-2.28.so
7f67050bd000-7f67050c1000 rw-p 00000000 00:00 0 
7f67050c1000-7f67050f0000 r-xp 00000000 00:29 41352045                   /usr/lib64/ld-2.28.so
7f67050f4000-7f67050f5000 r--p 00000000 00:33 8596472606                 /sfs/gpfs/tardis/applications/202512/software/standard/core/java/17/lib/libextnet.so
7f67050f5000-7f67050f6000 r-xp 00001000 00:33 8596472606                 /sfs/gpfs/tardis/applications/202512/software/standard/core/java/17/lib/libextnet.so
7f67050f6000-7f67050f7000 r--p 00002000 00:33 8596472606                 /sfs/gpfs/tardis/applications/202512/software/standard/core/java/17/lib/libextnet.so
7f67050f7000-7f67050f8000 r--p 00002000 00:33 8596472606                 /sfs/gpfs/tardis/applications/202512/software/standard/core/java/17/lib/libextnet.so
7f67050f8000-7f67050f9000 rw-p 00003000 00:33 8596472606                 /sfs/gpfs/tardis/applications/202512/software/standard/core/java/17/lib/libextnet.so
7f67050f9000-7f67050ff000 rw-p 00000000 00:00 0 
7f67050ff000-7f6705108000 ---p 00000000 00:00 0 
7f6705108000-7f6705109000 r--s 00000000 203:97233 4334508089525993473    /sfs/weka/scratch/wxw9rr/tmp/pitest-agent4297895672587801351.jar
7f6705109000-7f6705111000 rw-s 00000000 00:2d 86376633                   /tmp/hsperfdata_wxw9rr/665990
7f6705111000-7f6705164000 r--p 00000000 00:29 42289927                   /usr/lib/locale/C.utf8/LC_CTYPE
7f6705164000-7f6705165000 r--p 00000000 00:29 42290264                   /usr/lib/locale/en_US.utf8/LC_NUMERIC
7f6705165000-7f6705166000 r--p 00000000 00:29 42290267                   /usr/lib/locale/en_US.utf8/LC_TIME
7f6705166000-7f6705167000 r--p 00000000 00:29 42290262                   /usr/lib/locale/en_US.utf8/LC_MONETARY
7f6705167000-7f6705168000 r--p 00000000 00:29 42290268                   /usr/lib/locale/en_US.utf8/LC_MESSAGES/SYS_LC_MESSAGES
7f6705168000-7f6705169000 r--p 00000000 00:29 42290265                   /usr/lib/locale/en_US.utf8/LC_PAPER
7f6705169000-7f6705170000 r--s 00000000 00:29 41660342                   /usr/lib64/gconv/gconv-modules.cache
7f6705170000-7f670517e000 r--p 00000000 00:33 8596472613                 /sfs/gpfs/tardis/applications/202512/software/standard/core/java/17/lib/libjava.so
7f670517e000-7f6705190000 r-xp 0000e000 00:33 8596472613                 /sfs/gpfs/tardis/applications/202512/software/standard/core/java/17/lib/libjava.so
7f6705190000-7f6705196000 r--p 00020000 00:33 8596472613                 /sfs/gpfs/tardis/applications/202512/software/standard/core/java/17/lib/libjava.so
7f6705196000-7f6705197000 ---p 00026000 00:33 8596472613                 /sfs/gpfs/tardis/applications/202512/software/standard/core/java/17/lib/libjava.so
7f6705197000-7f6705198000 r--p 00026000 00:33 8596472613                 /sfs/gpfs/tardis/applications/202512/software/standard/core/java/17/lib/libjava.so
7f6705198000-7f6705199000 rw-p 00027000 00:33 8596472613                 /sfs/gpfs/tardis/applications/202512/software/standard/core/java/17/lib/libjava.so
7f6705199000-7f670519a000 rw-p 00000000 00:00 0 
7f670519a000-7f670519e000 r--p 00000000 00:33 8596472617                 /sfs/gpfs/tardis/applications/202512/software/standard/core/java/17/lib/libjimage.so
7f670519e000-7f67051b1000 r-xp 00004000 00:33 8596472617                 /sfs/gpfs/tardis/applications/202512/software/standard/core/java/17/lib/libjimage.so
7f67051b1000-7f67051b7000 r--p 00017000 00:33 8596472617                 /sfs/gpfs/tardis/applications/202512/software/standard/core/java/17/lib/libjimage.so
7f67051b7000-7f67051b9000 r--p 0001c000 00:33 8596472617                 /sfs/gpfs/tardis/applications/202512/software/standard/core/java/17/lib/libjimage.so
7f67051b9000-7f67051ba000 rw-p 0001e000 00:33 8596472617                 /sfs/gpfs/tardis/applications/202512/software/standard/core/java/17/lib/libjimage.so
7f67051ba000-7f67051be000 ---p 00000000 00:00 0 
7f67051be000-7f67052bd000 rw-p 00000000 00:00 0 
7f67052bd000-7f67052be000 r--p 00000000 00:29 42290263                   /usr/lib/locale/en_US.utf8/LC_NAME
7f67052be000-7f67052bf000 r--p 00000000 00:29 42290258                   /usr/lib/locale/en_US.utf8/LC_ADDRESS
7f67052bf000-7f67052c0000 r--p 00000000 00:29 42290266                   /usr/lib/locale/en_US.utf8/LC_TELEPHONE
7f67052c0000-7f67052c1000 r--p 00000000 00:29 42290261                   /usr/lib/locale/en_US.utf8/LC_MEASUREMENT
7f67052c1000-7f67052c2000 r--p 00000000 00:29 42290260                   /usr/lib/locale/en_US.utf8/LC_IDENTIFICATION
7f67052c2000-7f67052c4000 r--p 00000000 00:33 8596472608                 /sfs/gpfs/tardis/applications/202512/software/standard/core/java/17/lib/libinstrument.so
7f67052c4000-7f67052ca000 r-xp 00002000 00:33 8596472608                 /sfs/gpfs/tardis/applications/202512/software/standard/core/java/17/lib/libinstrument.so
7f67052ca000-7f67052cd000 r--p 00008000 00:33 8596472608                 /sfs/gpfs/tardis/applications/202512/software/standard/core/java/17/lib/libinstrument.so
7f67052cd000-7f67052ce000 r--p 0000a000 00:33 8596472608                 /sfs/gpfs/tardis/applications/202512/software/standard/core/java/17/lib/libinstrument.so
7f67052ce000-7f67052cf000 rw-p 0000b000 00:33 8596472608                 /sfs/gpfs/tardis/applications/202512/software/standard/core/java/17/lib/libinstrument.so
7f67052cf000-7f67052d0000 ---p 00000000 00:00 0 
7f67052d0000-7f67052d1000 r--p 00000000 00:00 0 
7f67052d1000-7f67052d2000 ---p 00000000 00:00 0 
7f67052d2000-7f67052d5000 r--p 00000000 00:33 8596472618                 /sfs/gpfs/tardis/applications/202512/software/standard/core/java/17/lib/libjli.so
7f67052d5000-7f67052e5000 r-xp 00003000 00:33 8596472618                 /sfs/gpfs/tardis/applications/202512/software/standard/core/java/17/lib/libjli.so
7f67052e5000-7f67052ec000 r--p 00013000 00:33 8596472618                 /sfs/gpfs/tardis/applications/202512/software/standard/core/java/17/lib/libjli.so
7f67052ec000-7f67052ed000 r--p 00019000 00:33 8596472618                 /sfs/gpfs/tardis/applications/202512/software/standard/core/java/17/lib/libjli.so
7f67052ed000-7f67052ee000 rw-p 0001a000 00:33 8596472618                 /sfs/gpfs/tardis/applications/202512/software/standard/core/java/17/lib/libjli.so
7f67052ee000-7f67052f0000 rw-p 00000000 00:00 0 
7f67052f0000-7f67052f1000 r--p 0002f000 00:29 41352045                   /usr/lib64/ld-2.28.so
7f67052f1000-7f67052f3000 rw-p 00030000 00:29 41352045                   /usr/lib64/ld-2.28.so
7ffd3d4ce000-7ffd3d4f3000 rw-p 00000000 00:00 0                          [stack]
7ffd3d554000-7ffd3d558000 r--p 00000000 00:00 0                          [vvar]
7ffd3d558000-7ffd3d55a000 r-xp 00000000 00:00 0                          [vdso]
ffffffffff600000-ffffffffff601000 r-xp 00000000 00:00 0                  [vsyscall]


VM Arguments:
jvm_args: -Dclassworlds.conf=/apps/software/standard/core/maven/3.9.0/bin/m2.conf -Dmaven.home=/apps/software/standard/core/maven/3.9.0 -Dlibrary.jansi.path=/apps/software/standard/core/maven/3.9.0/lib/jansi-native -Dmaven.multiModuleProjectDirectory=/scratch/wxw9rr/artifact/RQ3/OE25-DEV/commons-beanutils-1.9.4 -Djava.io.tmpdir=/sfs/weka/scratch/wxw9rr/tmp -javaagent:/sfs/weka/scratch/wxw9rr/tmp/pitest-agent4297895672587801351.jar -ea -Djava.awt.headless=true -XX:+UseG1GC -Djava.io.tmpdir=/sfs/weka/scratch/wxw9rr/tmp 
java_command: org.pitest.mutationtest.execute.MutationTestMinion 36929
java_class_path (initial): /sfs/weka/scratch/wxw9rr/artifact/RQ3/OE25-DEV/commons-beanutils-1.9.4/target/test-classes:/sfs/weka/scratch/wxw9rr/artifact/RQ3/OE25-DEV/commons-beanutils-1.9.4/target/classes:/home/wxw9rr/.m2/repository/commons-logging/commons-logging/1.2/commons-logging-1.2.jar:/home/wxw9rr/.m2/repository/commons-collections/commons-collections/3.2.2/commons-collections-3.2.2.jar:/home/wxw9rr/.m2/repository/commons-collections/commons-collections-testframework/3.2.1/commons-collections-testframework-3.2.1.jar:/home/wxw9rr/.m2/repository/junit/junit/4.12/junit-4.12.jar:/home/wxw9rr/.m2/repository/org/hamcrest/hamcrest-core/1.3/hamcrest-core-1.3.jar:/home/wxw9rr/.m2/repository/org/pitest/pitest/1.22.0/pitest-1.22.0.jar
Launcher Type: SUN_STANDARD

[Global flags]
     intx CICompilerCount                          = 12                                        {product} {ergonomic}
     uint ConcGCThreads                            = 5                                         {product} {ergonomic}
     uint G1ConcRefinementThreads                  = 18                                        {product} {ergonomic}
   size_t G1HeapRegionSize                         = 16777216                                  {product} {ergonomic}
    uintx GCDrainStackTargetSize                   = 64                                        {product} {ergonomic}
   size_t InitialHeapSize                          = 2147483648                                {product} {ergonomic}
   size_t MarkStackSize                            = 4194304                                   {product} {ergonomic}
   size_t MaxHeapSize                              = 32178700288                               {product} {ergonomic}
   size_t MaxNewSize                               = 19293798400                               {product} {ergonomic}
   size_t MinHeapDeltaBytes                        = 16777216                                  {product} {ergonomic}
   size_t MinHeapSize                              = 16777216                                  {product} {ergonomic}
    uintx NonNMethodCodeHeapSize                   = 7602480                                {pd product} {ergonomic}
    uintx NonProfiledCodeHeapSize                  = 122027880                              {pd product} {ergonomic}
    uintx ProfiledCodeHeapSize                     = 122027880                              {pd product} {ergonomic}
    uintx ReservedCodeCacheSize                    = 251658240                              {pd product} {ergonomic}
     bool SegmentedCodeCache                       = true                                      {product} {ergonomic}
   size_t SoftMaxHeapSize                          = 32178700288                            {manageable} {ergonomic}
     bool UseCompressedClassPointers               = true                           {product lp64_product} {ergonomic}
     bool UseCompressedOops                        = true                           {product lp64_product} {ergonomic}
     bool UseG1GC                                  = true                                      {product} {command line}

Logging:
Log output configuration:
 #0: stdout all=warning uptime,level,tags
 #1: stderr all=off uptime,level,tags

Environment Variables:
JAVA_HOME=/apps/software/standard/core/java/17
_JAVA_OPTIONS=-Djava.io.tmpdir=/sfs/weka/scratch/wxw9rr/tmp
PATH=/apps/software/standard/core/java/17:/apps/software/standard/core/java/17/bin:/apps/software/standard/core/maven/3.9.0:/apps/software/standard/core/maven/3.9.0/bin:/home/wxw9rr/.local/bin:/opt/mam/9.1.2/bin:/sfs/gpfs/tardis/applications/202512/software/standard/core/code-server/4.99.1/lib/vscode/bin/remote-cli:/apps/software/standard/core/code-server/4.99.1/bin:/apps/software/standard/core/miniforge/24.3.0-py3.11:/apps/software/standard/core/miniforge/24.3.0-py3.11/sbin:/apps/software/standard/core/miniforge/24.3.0-py3.11/bin:/sfs/gpfs/tardis/home/wxw9rr/miniforge3/bin:/sfs/gpfs/tardis/home/wxw9rr/miniforge3/condabin:/usr/local/bin:/usr/bin:/usr/local/sbin:/usr/sbin:/opt/slurm/current/bin:/opt/rci/bin:/share/resources/HPCtools:/opt/mam/current/bin:/opt/apptainer/current/bin:/sfs/gpfs/tardis/home/wxw9rr/.local/bin
LD_LIBRARY_PATH=/apps/software/standard/core/java/17/lib:/apps/software/standard/core/maven/3.9.0/lib:/opt/slurm/current/lib
SHELL=/bin/bash
LANG=en_US.UTF-8
TERM=xterm-256color
TMPDIR=/sfs/weka/scratch/wxw9rr/tmp
TMP=/sfs/weka/scratch/wxw9rr/tmp
TEMP=/sfs/weka/scratch/wxw9rr/tmp

Active Locale:
LC_ALL=en_US.UTF-8
LC_COLLATE=en_US.UTF-8
LC_CTYPE=en_US.UTF-8
LC_MESSAGES=en_US.UTF-8
LC_MONETARY=en_US.UTF-8
LC_NUMERIC=en_US.UTF-8
LC_TIME=en_US.UTF-8

Signal Handlers:
   SIGSEGV: crash_handler in libjvm.so, mask=11100100010111111101111111111110, flags=SA_RESTART|SA_SIGINFO, unblocked
    SIGBUS: crash_handler in libjvm.so, mask=11100100010111111101111111111110, flags=SA_RESTART|SA_SIGINFO, unblocked
    SIGFPE: crash_handler in libjvm.so, mask=11100100010111111101111111111110, flags=SA_RESTART|SA_SIGINFO, unblocked
   SIGPIPE: javaSignalHandler in libjvm.so, mask=11100100010111111101111111111110, flags=SA_RESTART|SA_SIGINFO, unblocked
   SIGXFSZ: javaSignalHandler in libjvm.so, mask=11100100010111111101111111111110, flags=SA_RESTART|SA_SIGINFO, unblocked
    SIGILL: crash_handler in libjvm.so, mask=11100100010111111101111111111110, flags=SA_RESTART|SA_SIGINFO, unblocked
   SIGUSR2: SR_handler in libjvm.so, mask=00100000000000000000000000000000, flags=SA_RESTART|SA_SIGINFO, unblocked
    SIGHUP: UserHandler in libjvm.so, mask=11100100010111111101111111111110, flags=SA_RESTART|SA_SIGINFO, unblocked
    SIGINT: UserHandler in libjvm.so, mask=11100100010111111101111111111110, flags=SA_RESTART|SA_SIGINFO, unblocked
   SIGTERM: UserHandler in libjvm.so, mask=11100100010111111101111111111110, flags=SA_RESTART|SA_SIGINFO, unblocked
   SIGQUIT: UserHandler in libjvm.so, mask=11100100010111111101111111111110, flags=SA_RESTART|SA_SIGINFO, unblocked
   SIGTRAP: crash_handler in libjvm.so, mask=11100100010111111101111111111110, flags=SA_RESTART|SA_SIGINFO, unblocked


Periodic native trim disabled


---------------  S Y S T E M  ---------------

OS:
Rocky Linux release 8.10 (Green Obsidian)
uname: Linux 4.18.0-553.47.1.el8_10.x86_64 #1 SMP Thu Apr 3 14:27:08 UTC 2025 x86_64
OS uptime: 88 days 17:17 hours
libc: glibc 2.28 NPTL 2.28 
rlimit (soft/hard): STACK 8192k/infinity , CORE infinity/infinity , NPROC 3094208/3094208 , NOFILE 65536/65536 , AS infinity/infinity , CPU infinity/infinity , DATA infinity/infinity , FSIZE infinity/infinity , MEMLOCK infinity/infinity
load average: 111.18 90.79 63.54

/proc/meminfo:
MemTotal:       792160700 kB
MemFree:        102253744 kB
MemAvailable:   339102640 kB
Buffers:           28000 kB
Cached:         257953440 kB
SwapCached:            0 kB
Active:         92647808 kB
Inactive:       556277764 kB
Active(anon):    9123416 kB
Inactive(anon): 401952636 kB
Active(file):   83524392 kB
Inactive(file): 154325128 kB
Unevictable:    16958460 kB
Mlocked:        16958460 kB
SwapTotal:             0 kB
SwapFree:              0 kB
Dirty:                20 kB
Writeback:             0 kB
AnonPages:      407767784 kB
Mapped:          3396020 kB
Shmem:          19766900 kB
KReclaimable:    4102692 kB
Slab:            6624728 kB
SReclaimable:    4102692 kB
SUnreclaim:      2522036 kB
KernelStack:      110672 kB
PageTables:      1025860 kB
NFS_Unstable:          0 kB
Bounce:                0 kB
WritebackTmp:          0 kB
CommitLimit:    772820100 kB
Committed_AS:   771569392 kB
VmallocTotal:   13743895347199 kB
VmallocUsed:     2471752 kB
VmallocChunk:          0 kB
Percpu:           909312 kB
HardwareCorrupted:     0 kB
AnonHugePages:  131368960 kB
ShmemHugePages:        0 kB
ShmemPmdMapped:        0 kB
FileHugePages:         0 kB
FilePmdMapped:         0 kB
HugePages_Total:    5632
HugePages_Free:        0
HugePages_Rsvd:        0
HugePages_Surp:        0
Hugepagesize:       2048 kB
Hugetlb:        11534336 kB
DirectMap4k:     1240012 kB
DirectMap2M:    201951232 kB
DirectMap1G:    602931200 kB

/sys/kernel/mm/transparent_hugepage/enabled: [always] madvise never
/sys/kernel/mm/transparent_hugepage/hpage_pmd_size: 2097152
/sys/kernel/mm/transparent_hugepage/defrag (defrag/compaction efforts parameter): always defer defer+madvise [madvise] never

Process Memory:
Virtual Size: 32098624K (peak: 37210248K)
Resident Set Size: 2667100K (peak: 2667100K) (anon: 2648752K, file: 18316K, shmem: 32K)
Swapped out: 0K
C-Heap outstanding allocations: 66655K, retained: 106493K
glibc malloc tunables: (default)

/proc/sys/kernel/threads-max (system-wide limit on the number of threads): 6188417
/proc/sys/vm/max_map_count (maximum number of memory map areas a process may have): 65530
/proc/sys/vm/swappiness (control to define how aggressively the kernel swaps out anonymous memory): 10
/proc/sys/kernel/pid_max (system-wide limit on number of process identifiers): 999999

container (cgroup) information:
container_type: cgroupv1
cpu_cpuset_cpus: 0-23
cpu_memory_nodes: 0-1
active_processor_count: 24
cpu_quota: no quota
cpu_period: 100000
cpu_shares: no shares
memory_limit_in_bytes: 536870912 k
memory_and_swap_limit_in_bytes: 536870912 k
memory_soft_limit_in_bytes: unlimited
memory_usage_in_bytes: 388271416 k
memory_max_usage_in_bytes: 441547720 k
kernel_memory_limit_in_bytes: unlimited
kernel_memory_usage_in_bytes: 2663416 k
kernel_memory_max_usage_in_bytes: 2744848 k
maximum number of tasks: unlimited
current number of tasks: 3936

Steal ticks since vm start: 0
Steal ticks percentage since vm start:  0.000

CPU: total 96 (initial active 24) (48 cores per cpu, 1 threads per core) family 25 model 17 stepping 1 microcode 0xa10113b, cx8, cmov, fxsr, mmx, 3dnowpref, sse, sse2, sse3, ssse3, sse4a, sse4.1, sse4.2, popcnt, lzcnt, tsc, tscinvbit, avx, avx2, aes, erms, clmul, bmi1, bmi2, adx, avx512f, avx512dq, avx512cd, avx512bw, avx512vl, sha, fma, vzeroupper, avx512_vpopcntdq, avx512_vpclmulqdq, avx512_vaes, avx512_vnni, clflush, clflushopt, avx512_vbmi2, avx512_vbmi
CPU Model and flags from /proc/cpuinfo:
model name	: AMD EPYC 9454 48-Core Processor
flags		: fpu vme de pse tsc msr pae mce cx8 apic sep mtrr pge mca cmov pat pse36 clflush mmx fxsr sse sse2 ht syscall nx mmxext fxsr_opt pdpe1gb rdtscp lm constant_tsc rep_good amd_lbr_v2 nopl nonstop_tsc cpuid extd_apicid aperfmperf pni pclmulqdq monitor ssse3 fma cx16 pcid sse4_1 sse4_2 x2apic movbe popcnt aes xsave avx f16c rdrand lahf_lm cmp_legacy svm extapic cr8_legacy abm sse4a misalignsse 3dnowprefetch osvw ibs skinit wdt tce topoext perfctr_core perfctr_nb bpext perfctr_llc mwaitx cpb cat_l3 cdp_l3 invpcid_single hw_pstate ssbd mba perfmon_v2 ibrs ibpb stibp ibrs_enhanced vmmcall fsgsbase bmi1 avx2 smep bmi2 erms invpcid cqm rdt_a avx512f avx512dq rdseed adx smap avx512ifma clflushopt clwb avx512cd sha_ni avx512bw avx512vl xsaveopt xsavec xgetbv1 xsaves cqm_llc cqm_occup_llc cqm_mbm_total cqm_mbm_local avx512_bf16 clzero irperf xsaveerptr wbnoinvd amd_ppin cppc arat npt lbrv svm_lock nrip_save tsc_scale vmcb_clean flushbyasid decodeassists pausefilter pfthreshold avic v_vmsave_vmload vgif x2avic v_spec_ctrl avx512vbmi umip pku ospke avx512_vbmi2 gfni vaes vpclmulqdq avx512_vnni avx512_bitalg avx512_vpopcntdq la57 rdpid overflow_recov succor smca fsrm flush_l1d

Online cpus: 0-95
Offline cpus: 96-511
BIOS frequency limitation: 2750000
Frequency switch latency (ns): 0
Available cpu frequencies: 2750000 2100000 1500000 
Current governor: performance
Core performance/turbo boost: 1

Memory: 4k page, physical 536870912k(148597176k free), swap 0k(0k free)
Page Sizes: 4k

vm_info: OpenJDK 64-Bit Server VM (17.0.15+6) for linux-amd64 JRE (17.0.15+6), built on Apr 15 2025 00:00:00 by "admin" with gcc 10.3.0

END.
