#
# There is insufficient memory for the Java Runtime Environment to continue.
# Native memory allocation (mmap) failed to map 6157238272 bytes. Error detail: committing reserved memory.
# Possible reasons:
#   The system is out of physical RAM or swap space
#   This process is running with CompressedOops enabled, and the Java Heap may be blocking the growth of the native heap
# Possible solutions:
#   Reduce memory load on the system
#   Increase physical memory or swap space
#   Check if swap backing store is full
#   Decrease Java heap size (-Xmx/-Xms)
#   Decrease number of Java threads
#   Decrease Java thread stack sizes (-Xss)
#   Set larger code cache with -XX:ReservedCodeCacheSize=
#   JVM is running with Zero Based Compressed Oops mode in which the Java heap is
#     placed in the first 32GB address space. The Java Heap base address is the
#     maximum limit for the native heap growth. Please use -XX:HeapBaseMinAddress
#     to set the Java Heap base and to place the Java Heap above 32GB virtual address.
# This output file may be truncated or incomplete.
#
#  Out of Memory Error (os_linux.cpp:2832), pid=514018, tid=514072
#
# JRE version: OpenJDK Runtime Environment Temurin-17.0.15+6 (17.0.15+6) (build 17.0.15+6)
# Java VM: OpenJDK 64-Bit Server VM Temurin-17.0.15+6 (17.0.15+6, mixed mode, sharing, tiered, compressed oops, compressed class ptrs, g1 gc, linux-amd64)
# Core dump will be written. Default location: Core dumps may be processed with "/usr/lib/systemd/systemd-coredump %P %u %g %s %t %c %h %e" (or dumping to /sfs/weka/scratch/wxw9rr/artifact/RQ3/OE25-DEV/commons-beanutils-1.9.4/core.514018)
#

---------------  S U M M A R Y ------------

Command Line: -Dclassworlds.conf=/apps/software/standard/core/maven/3.9.0/bin/m2.conf -Dmaven.home=/apps/software/standard/core/maven/3.9.0 -Dlibrary.jansi.path=/apps/software/standard/core/maven/3.9.0/lib/jansi-native -Dmaven.multiModuleProjectDirectory=/scratch/wxw9rr/artifact/RQ3/OE25-DEV/commons-beanutils-1.9.4 -Djava.io.tmpdir=/sfs/weka/scratch/wxw9rr/tmp -javaagent:/sfs/weka/scratch/wxw9rr/tmp/pitest-agent4979172990101562858.jar -ea -Djava.awt.headless=true -XX:+UseG1GC -Djava.io.tmpdir=/sfs/weka/scratch/wxw9rr/tmp org.pitest.mutationtest.execute.MutationTestMinion 43173

Host: AMD EPYC 9454 48-Core Processor, 96 cores, 512G, Rocky Linux release 8.10 (Green Obsidian)
Time: Mon Jan 12 01:32:23 2026 EST elapsed time: 4.691977 seconds (0d 0h 0m 4s)

---------------  T H R E A D  ---------------

Current thread (0x00007fb47020ec30):  VMThread "VM Thread" [stack: 0x00007fb4038d7000,0x00007fb4039d7000] [id=514072]

Stack: [0x00007fb4038d7000,0x00007fb4039d7000],  sp=0x00007fb4039d4d70,  free space=1015k
Native frames: (J=compiled Java code, j=interpreted, Vv=VM code, C=native code)
V  [libjvm.so+0xee9791]  VMError::report_and_die(int, char const*, char const*, __va_list_tag*, Thread*, unsigned char*, void*, void*, char const*, int, unsigned long)+0x1a1
V  [libjvm.so+0xeea37d]  VMError::report_and_die(Thread*, char const*, int, unsigned long, VMErrorType, char const*, __va_list_tag*)+0x2d
V  [libjvm.so+0x60921c]  report_vm_out_of_memory(char const*, int, unsigned long, VMErrorType, char const*, ...)+0xdc
V  [libjvm.so+0xc26ba8]  os::pd_commit_memory_or_exit(char*, unsigned long, unsigned long, bool, char const*)+0xd8
V  [libjvm.so+0xc205ad]  os::commit_memory_or_exit(char*, unsigned long, unsigned long, bool, char const*)+0x1d
V  [libjvm.so+0x73769e]  G1PageBasedVirtualSpace::commit(unsigned long, unsigned long)+0x18e
V  [libjvm.so+0x74bf61]  G1RegionsLargerThanCommitSizeMapper::commit_regions(unsigned int, unsigned long, WorkGang*)+0x1a1
V  [libjvm.so+0x7de418]  HeapRegionManager::commit_regions(unsigned int, unsigned long, WorkGang*)+0x58
V  [libjvm.so+0x7e0262]  HeapRegionManager::expand(unsigned int, unsigned int, WorkGang*)+0x32
V  [libjvm.so+0x7e048e]  HeapRegionManager::expand_by(unsigned int, WorkGang*)+0x7e
V  [libjvm.so+0x6f0fbf]  G1CollectedHeap::expand(unsigned long, WorkGang*, double*)+0xef
V  [libjvm.so+0x6f5291]  G1CollectedHeap::do_collection_pause_at_safepoint_helper(double)+0x9a1
V  [libjvm.so+0x6f53e1]  G1CollectedHeap::do_collection_pause_at_safepoint(double)+0x31
V  [libjvm.so+0x770487]  VM_G1CollectForAllocation::doit()+0x47
V  [libjvm.so+0xeeecbe]  VM_Operation::evaluate()+0xee
V  [libjvm.so+0xef0674]  VMThread::evaluate_operation(VM_Operation*)+0xf4
V  [libjvm.so+0xef0bd4]  VMThread::inner_execute(VM_Operation*)+0x1d4
V  [libjvm.so+0xef0ebf]  VMThread::run()+0xbf
V  [libjvm.so+0xe6c2ca]  Thread::call_run()+0xaa
V  [libjvm.so+0xc29413]  thread_native_entry(Thread*)+0xe3

VM_Operation (0x00007fb402ac5700): G1CollectForAllocation, mode: safepoint, requested by thread 0x00007fb47044eea0


---------------  P R O C E S S  ---------------

Threads class SMR info:
_java_thread_list=0x00007fb398106da0, length=16, elements={
0x00007fb470032990, 0x00007fb470212cf0, 0x00007fb4702140d0, 0x00007fb4702187a0,
0x00007fb470219b50, 0x00007fb47021af60, 0x00007fb47021c990, 0x00007fb47021dec0,
0x00007fb47021f330, 0x00007fb47022aef0, 0x00007fb39806dec0, 0x00007fb38c0347e0,
0x00007fb38c035d50, 0x00007fb470260580, 0x00007fb47044eea0, 0x00007fb398106380
}

Java Threads: ( => current thread )
  0x00007fb470032990 JavaThread "main" [_thread_blocked, id=514051, stack(0x00007fb4790fd000,0x00007fb4791fe000)]
  0x00007fb470212cf0 JavaThread "Reference Handler" daemon [_thread_blocked, id=514073, stack(0x00007fb4037d6000,0x00007fb4038d6000)]
  0x00007fb4702140d0 JavaThread "Finalizer" daemon [_thread_blocked, id=514077, stack(0x00007fb4036d5000,0x00007fb4037d5000)]
  0x00007fb4702187a0 JavaThread "Signal Dispatcher" daemon [_thread_blocked, id=514079, stack(0x00007fb4035d4000,0x00007fb4036d4000)]
  0x00007fb470219b50 JavaThread "Service Thread" daemon [_thread_blocked, id=514080, stack(0x00007fb4034d3000,0x00007fb4035d3000)]
  0x00007fb47021af60 JavaThread "Monitor Deflation Thread" daemon [_thread_blocked, id=514081, stack(0x00007fb4033d2000,0x00007fb4034d2000)]
  0x00007fb47021c990 JavaThread "C2 CompilerThread0" daemon [_thread_blocked, id=514082, stack(0x00007fb4032d1000,0x00007fb4033d1000)]
  0x00007fb47021dec0 JavaThread "C1 CompilerThread0" daemon [_thread_blocked, id=514083, stack(0x00007fb4031d0000,0x00007fb4032d0000)]
  0x00007fb47021f330 JavaThread "Sweeper thread" daemon [_thread_blocked, id=514087, stack(0x00007fb4030cf000,0x00007fb4031cf000)]
  0x00007fb47022aef0 JavaThread "Common-Cleaner" daemon [_thread_blocked, id=514102, stack(0x00007fb402ecd000,0x00007fb402fcd000)]
  0x00007fb39806dec0 JavaThread "C1 CompilerThread1" daemon [_thread_blocked, id=514100, stack(0x00007fb402fce000,0x00007fb4030ce000)]
  0x00007fb38c0347e0 JavaThread "C1 CompilerThread2" daemon [_thread_blocked, id=514107, stack(0x00007fb402dcc000,0x00007fb402ecc000)]
  0x00007fb38c035d50 JavaThread "C1 CompilerThread3" daemon [_thread_blocked, id=514113, stack(0x00007fb402ccb000,0x00007fb402dcb000)]
  0x00007fb470260580 JavaThread "Notification Thread" daemon [_thread_blocked, id=514120, stack(0x00007fb402bca000,0x00007fb402cca000)]
  0x00007fb47044eea0 JavaThread "mutationTestThread" daemon [_thread_blocked, id=514695, stack(0x00007fb4029c8000,0x00007fb402ac8000)]
  0x00007fb398106380 JavaThread "C2 CompilerThread1" daemon [_thread_blocked, id=514708, stack(0x00007fb4028c7000,0x00007fb4029c7000)]

Other Threads:
=>0x00007fb47020ec30 VMThread "VM Thread" [stack: 0x00007fb4038d7000,0x00007fb4039d7000] [id=514072]
  0x00007fb470261de0 WatcherThread [stack: 0x00007fb402ac9000,0x00007fb402bc9000] [id=514121]
  0x00007fb4700680c0 GCTaskThread "GC Thread#0" [stack: 0x00007fb475139000,0x00007fb475239000] [id=514053]
  0x00007fb3ac00bd20 GCTaskThread "GC Thread#1" [stack: 0x00007fb4027c6000,0x00007fb4028c6000] [id=514715]
  0x00007fb3ac00c6e0 GCTaskThread "GC Thread#2" [stack: 0x00007fb4026c5000,0x00007fb4027c5000] [id=514725]
  0x00007fb3ac00d0a0 GCTaskThread "GC Thread#3" [stack: 0x00007fb4025c4000,0x00007fb4026c4000] [id=514726]
  0x00007fb3ac00dab0 GCTaskThread "GC Thread#4" [stack: 0x00007fb4024c3000,0x00007fb4025c3000] [id=514727]
  0x00007fb3ac00e4c0 GCTaskThread "GC Thread#5" [stack: 0x00007fb4023c2000,0x00007fb4024c2000] [id=514728]
  0x00007fb3ac00ef40 GCTaskThread "GC Thread#6" [stack: 0x00007fb4022c1000,0x00007fb4023c1000] [id=514729]
  0x00007fb3ac00f9c0 GCTaskThread "GC Thread#7" [stack: 0x00007fb4021c0000,0x00007fb4022c0000] [id=514730]
  0x00007fb3ac010440 GCTaskThread "GC Thread#8" [stack: 0x00007fb4020bf000,0x00007fb4021bf000] [id=514731]
  0x00007fb3ac010ec0 GCTaskThread "GC Thread#9" [stack: 0x00007fb401fbe000,0x00007fb4020be000] [id=514732]
  0x00007fb3ac011940 GCTaskThread "GC Thread#10" [stack: 0x00007fb401ebd000,0x00007fb401fbd000] [id=514733]
  0x00007fb3ac0123c0 GCTaskThread "GC Thread#11" [stack: 0x00007fb401dbc000,0x00007fb401ebc000] [id=514734]
  0x00007fb3ac012e40 GCTaskThread "GC Thread#12" [stack: 0x00007fb401cbb000,0x00007fb401dbb000] [id=514735]
  0x00007fb3ac013cb0 GCTaskThread "GC Thread#13" [stack: 0x00007fb401bba000,0x00007fb401cba000] [id=514736]
  0x00007fb3ac014b20 GCTaskThread "GC Thread#14" [stack: 0x00007fb401ab9000,0x00007fb401bb9000] [id=514737]
  0x00007fb3ac015990 GCTaskThread "GC Thread#15" [stack: 0x00007fb4019b8000,0x00007fb401ab8000] [id=514738]
  0x00007fb3ac016800 GCTaskThread "GC Thread#16" [stack: 0x00007fb4018b7000,0x00007fb4019b7000] [id=514739]
  0x00007fb3ac017670 GCTaskThread "GC Thread#17" [stack: 0x00007fb4017b6000,0x00007fb4018b6000] [id=514740]
  0x00007fb4700786e0 ConcurrentGCThread "G1 Main Marker" [stack: 0x00007fb475038000,0x00007fb475138000] [id=514065]
  0x00007fb470079660 ConcurrentGCThread "G1 Conc#0" [stack: 0x00007fb474f37000,0x00007fb475037000] [id=514066]
  0x00007fb4701dc910 ConcurrentGCThread "G1 Refine#0" [stack: 0x00007fb403cfe000,0x00007fb403dfe000] [id=514067]
  0x00007fb3fc000da0 ConcurrentGCThread "G1 Refine#1" [stack: 0x00007fb4016b5000,0x00007fb4017b5000] [id=514778]
  0x00007fb328000da0 ConcurrentGCThread "G1 Refine#2" [stack: 0x00007fb4015b4000,0x00007fb4016b4000] [id=514808]
  0x00007fb31c000da0 ConcurrentGCThread "G1 Refine#3" [stack: 0x00007fb4014b3000,0x00007fb4015b3000] [id=514809]
  0x00007fb320000da0 ConcurrentGCThread "G1 Refine#4" [stack: 0x00007fb4013b2000,0x00007fb4014b2000] [id=515005]
  0x00007fb314000da0 ConcurrentGCThread "G1 Refine#5" [stack: 0x00007fb4012b1000,0x00007fb4013b1000] [id=515006]
  0x00007fb318000da0 ConcurrentGCThread "G1 Refine#6" [stack: 0x00007fb4011b0000,0x00007fb4012b0000] [id=515007]
  0x00007fb4701dd810 ConcurrentGCThread "G1 Service" [stack: 0x00007fb403bfd000,0x00007fb403cfd000] [id=514068]

Threads with active compile tasks:

VM state: at safepoint (normal execution)

VM Mutex/Monitor currently owned by a thread:  ([mutex/lock_event])
[0x00007fb47002e1c0] Threads_lock - owner thread: 0x00007fb47020ec30
[0x00007fb47002e970] Heap_lock - owner thread: 0x00007fb47044eea0

Heap address: 0x0000000082000000, size: 30688 MB, Compressed Oops mode: Zero based, Oop shift amount: 3

CDS archive(s) mapped at: [0x00007fb3b3000000-0x00007fb3b3bc9000-0x00007fb3b3bc9000), size 12357632, SharedBaseAddress: 0x00007fb3b3000000, ArchiveRelocationMode: 1.
Compressed class space mapped at: 0x00007fb3b4000000-0x00007fb3f4000000, reserved size: 1073741824
Narrow klass base: 0x00007fb3b3000000, Narrow klass shift: 0, Narrow klass range: 0x100000000

GC Precious Log:
 CPUs: 96 total, 24 available
 Memory: 512G
 Large Page Support: Disabled
 NUMA Support: Disabled
 Compressed Oops: Enabled (Zero based)
 Heap Region Size: 16M
 Heap Min Capacity: 16M
 Heap Initial Capacity: 2G
 Heap Max Capacity: 30688M
 Pre-touch: Disabled
 Parallel Workers: 18
 Concurrent Workers: 5
 Concurrent Refinement Workers: 18
 Periodic GC: Disabled

Heap:
 garbage-first heap   total 16416768K, used 1413152K [0x0000000082000000, 0x0000000800000000)
  region size 16384K, 7 young (114688K), 7 survivors (114688K)
 Metaspace       used 6516K, committed 6656K, reserved 1114112K
  class space    used 766K, committed 832K, reserved 1048576K

Heap Regions: E=young(eden), S=young(survivor), O=old, HS=humongous(starts), HC=humongous(continues), CS=collection set, F=free, OA=open archive, CA=closed archive, TAMS=top-at-mark-start (previous, next)
|   0|0x0000000082000000, 0x0000000083000000, 0x0000000083000000|100%| O|  |TAMS 0x0000000082000000, 0x0000000082000000| Untracked 
|   1|0x0000000083000000, 0x0000000084000000, 0x0000000084000000|100%| O|  |TAMS 0x0000000083000000, 0x0000000083000000| Untracked 
|   2|0x0000000084000000, 0x0000000085000000, 0x0000000085000000|100%| O|  |TAMS 0x0000000084000000, 0x0000000084000000| Untracked 
|   3|0x0000000085000000, 0x0000000086000000, 0x0000000086000000|100%| O|  |TAMS 0x0000000085000000, 0x0000000085000000| Untracked 
|   4|0x0000000086000000, 0x0000000087000000, 0x0000000087000000|100%| O|  |TAMS 0x0000000086000000, 0x0000000086000000| Untracked 
|   5|0x0000000087000000, 0x0000000088000000, 0x0000000088000000|100%| O|  |TAMS 0x0000000087000000, 0x0000000087000000| Untracked 
|   6|0x0000000088000000, 0x0000000089000000, 0x0000000089000000|100%| O|  |TAMS 0x0000000088000000, 0x0000000088000000| Untracked 
|   7|0x0000000089000000, 0x000000008a000000, 0x000000008a000000|100%| O|  |TAMS 0x0000000089000000, 0x0000000089000000| Untracked 
|   8|0x000000008a000000, 0x000000008b000000, 0x000000008b000000|100%| O|  |TAMS 0x000000008a000000, 0x000000008a000000| Untracked 
|   9|0x000000008b000000, 0x000000008c000000, 0x000000008c000000|100%| O|  |TAMS 0x000000008b000000, 0x000000008b000000| Untracked 
|  10|0x000000008c000000, 0x000000008d000000, 0x000000008d000000|100%| O|  |TAMS 0x000000008c000000, 0x000000008c000000| Untracked 
|  11|0x000000008d000000, 0x000000008e000000, 0x000000008e000000|100%| O|  |TAMS 0x000000008d000000, 0x000000008d000000| Untracked 
|  12|0x000000008e000000, 0x000000008f000000, 0x000000008f000000|100%| O|  |TAMS 0x000000008e000000, 0x000000008e000000| Untracked 
|  13|0x000000008f000000, 0x0000000090000000, 0x0000000090000000|100%| O|  |TAMS 0x000000008f000000, 0x000000008f000000| Untracked 
|  14|0x0000000090000000, 0x0000000091000000, 0x0000000091000000|100%| O|  |TAMS 0x0000000090000000, 0x0000000090000000| Untracked 
|  15|0x0000000091000000, 0x0000000092000000, 0x0000000092000000|100%| O|  |TAMS 0x0000000091000000, 0x0000000091000000| Untracked 
|  16|0x0000000092000000, 0x0000000093000000, 0x0000000093000000|100%|HS|  |TAMS 0x0000000092000000, 0x0000000092000000| Complete 
|  17|0x0000000093000000, 0x0000000094000000, 0x0000000094000000|100%| O|  |TAMS 0x0000000093000000, 0x0000000093000000| Untracked 
|  18|0x0000000094000000, 0x0000000095000000, 0x0000000095000000|100%| O|  |TAMS 0x0000000094000000, 0x0000000094000000| Untracked 
|  19|0x0000000095000000, 0x0000000096000000, 0x0000000096000000|100%| O|  |TAMS 0x0000000095000000, 0x0000000095000000| Untracked 
|  20|0x0000000096000000, 0x0000000097000000, 0x0000000097000000|100%| O|  |TAMS 0x0000000096000000, 0x0000000096000000| Untracked 
|  21|0x0000000097000000, 0x0000000098000000, 0x0000000098000000|100%| O|  |TAMS 0x0000000097000000, 0x0000000097000000| Untracked 
|  22|0x0000000098000000, 0x0000000099000000, 0x0000000099000000|100%| O|  |TAMS 0x0000000098000000, 0x0000000098000000| Untracked 
|  23|0x0000000099000000, 0x000000009a000000, 0x000000009a000000|100%| O|  |TAMS 0x0000000099000000, 0x0000000099000000| Untracked 
|  24|0x000000009a000000, 0x000000009b000000, 0x000000009b000000|100%| O|  |TAMS 0x000000009a000000, 0x000000009a000000| Untracked 
|  25|0x000000009b000000, 0x000000009c000000, 0x000000009c000000|100%|HS|  |TAMS 0x000000009b000000, 0x000000009b000000| Complete 
|  26|0x000000009c000000, 0x000000009d000000, 0x000000009d000000|100%| O|  |TAMS 0x000000009c000000, 0x000000009c000000| Untracked 
|  27|0x000000009d000000, 0x000000009e000000, 0x000000009e000000|100%| O|  |TAMS 0x000000009d000000, 0x000000009d000000| Untracked 
|  28|0x000000009e000000, 0x000000009f000000, 0x000000009f000000|100%| O|  |TAMS 0x000000009e000000, 0x000000009e000000| Untracked 
|  29|0x000000009f000000, 0x00000000a0000000, 0x00000000a0000000|100%| O|  |TAMS 0x000000009f000000, 0x000000009f000000| Untracked 
|  30|0x00000000a0000000, 0x00000000a1000000, 0x00000000a1000000|100%| O|  |TAMS 0x00000000a0000000, 0x00000000a0000000| Untracked 
|  31|0x00000000a1000000, 0x00000000a2000000, 0x00000000a2000000|100%| O|  |TAMS 0x00000000a1000000, 0x00000000a1000000| Untracked 
|  32|0x00000000a2000000, 0x00000000a3000000, 0x00000000a3000000|100%| O|  |TAMS 0x00000000a2000000, 0x00000000a2000000| Untracked 
|  33|0x00000000a3000000, 0x00000000a4000000, 0x00000000a4000000|100%| O|  |TAMS 0x00000000a3000000, 0x00000000a3000000| Untracked 
|  34|0x00000000a4000000, 0x00000000a5000000, 0x00000000a5000000|100%| O|  |TAMS 0x00000000a4000000, 0x00000000a4000000| Untracked 
|  35|0x00000000a5000000, 0x00000000a6000000, 0x00000000a6000000|100%| O|  |TAMS 0x00000000a5000000, 0x00000000a5000000| Untracked 
|  36|0x00000000a6000000, 0x00000000a7000000, 0x00000000a7000000|100%|HS|  |TAMS 0x00000000a6000000, 0x00000000a6000000| Complete 
|  37|0x00000000a7000000, 0x00000000a8000000, 0x00000000a8000000|100%|HC|  |TAMS 0x00000000a7000000, 0x00000000a7000000| Complete 
|  38|0x00000000a8000000, 0x00000000a9000000, 0x00000000a9000000|100%| O|  |TAMS 0x00000000a8000000, 0x00000000a8000000| Untracked 
|  39|0x00000000a9000000, 0x00000000aa000000, 0x00000000aa000000|100%| O|  |TAMS 0x00000000a9000000, 0x00000000a9000000| Untracked 
|  40|0x00000000aa000000, 0x00000000ab000000, 0x00000000ab000000|100%| O|  |TAMS 0x00000000aa000000, 0x00000000aa000000| Untracked 
|  41|0x00000000ab000000, 0x00000000ac000000, 0x00000000ac000000|100%| O|  |TAMS 0x00000000ab000000, 0x00000000ab000000| Untracked 
|  42|0x00000000ac000000, 0x00000000ad000000, 0x00000000ad000000|100%| O|  |TAMS 0x00000000ac000000, 0x00000000ac000000| Untracked 
|  43|0x00000000ad000000, 0x00000000ae000000, 0x00000000ae000000|100%| O|  |TAMS 0x00000000ad000000, 0x00000000ad000000| Untracked 
|  44|0x00000000ae000000, 0x00000000af000000, 0x00000000af000000|100%| O|  |TAMS 0x00000000ae000000, 0x00000000ae000000| Untracked 
|  45|0x00000000af000000, 0x00000000b0000000, 0x00000000b0000000|100%| O|  |TAMS 0x00000000af000000, 0x00000000af000000| Untracked 
|  46|0x00000000b0000000, 0x00000000b1000000, 0x00000000b1000000|100%| O|  |TAMS 0x00000000b0000000, 0x00000000b0000000| Untracked 
|  47|0x00000000b1000000, 0x00000000b2000000, 0x00000000b2000000|100%| O|  |TAMS 0x00000000b1000000, 0x00000000b1000000| Untracked 
|  48|0x00000000b2000000, 0x00000000b3000000, 0x00000000b3000000|100%| O|  |TAMS 0x00000000b2000000, 0x00000000b2000000| Untracked 
|  49|0x00000000b3000000, 0x00000000b4000000, 0x00000000b4000000|100%| O|  |TAMS 0x00000000b3000000, 0x00000000b3000000| Untracked 
|  50|0x00000000b4000000, 0x00000000b5000000, 0x00000000b5000000|100%| O|  |TAMS 0x00000000b4000000, 0x00000000b4000000| Untracked 
|  51|0x00000000b5000000, 0x00000000b6000000, 0x00000000b6000000|100%| O|  |TAMS 0x00000000b5000000, 0x00000000b5000000| Untracked 
|  52|0x00000000b6000000, 0x00000000b7000000, 0x00000000b7000000|100%| O|  |TAMS 0x00000000b6000000, 0x00000000b6000000| Untracked 
|  53|0x00000000b7000000, 0x00000000b8000000, 0x00000000b8000000|100%| O|  |TAMS 0x00000000b7000000, 0x00000000b7000000| Untracked 
|  54|0x00000000b8000000, 0x00000000b9000000, 0x00000000b9000000|100%| O|  |TAMS 0x00000000b8000000, 0x00000000b8000000| Untracked 
|  55|0x00000000b9000000, 0x00000000ba000000, 0x00000000ba000000|100%| O|  |TAMS 0x00000000b9000000, 0x00000000b9000000| Untracked 
|  56|0x00000000ba000000, 0x00000000bb000000, 0x00000000bb000000|100%| O|  |TAMS 0x00000000ba000000, 0x00000000ba000000| Untracked 
|  57|0x00000000bb000000, 0x00000000bc000000, 0x00000000bc000000|100%| O|  |TAMS 0x00000000bb000000, 0x00000000bb000000| Untracked 
|  58|0x00000000bc000000, 0x00000000bd000000, 0x00000000bd000000|100%| O|  |TAMS 0x00000000bc000000, 0x00000000bc000000| Untracked 
|  59|0x00000000bd000000, 0x00000000be000000, 0x00000000be000000|100%| O|  |TAMS 0x00000000bd000000, 0x00000000bd000000| Untracked 
|  60|0x00000000be000000, 0x00000000bf000000, 0x00000000bf000000|100%| O|  |TAMS 0x00000000be000000, 0x00000000be000000| Untracked 
|  61|0x00000000bf000000, 0x00000000c0000000, 0x00000000c0000000|100%| O|  |TAMS 0x00000000bf000000, 0x00000000bf000000| Untracked 
|  62|0x00000000c0000000, 0x00000000c1000000, 0x00000000c1000000|100%| O|  |TAMS 0x00000000c0000000, 0x00000000c0000000| Untracked 
|  63|0x00000000c1000000, 0x00000000c2000000, 0x00000000c2000000|100%|HS|  |TAMS 0x00000000c1000000, 0x00000000c1000000| Complete 
|  64|0x00000000c2000000, 0x00000000c3000000, 0x00000000c3000000|100%|HC|  |TAMS 0x00000000c2000000, 0x00000000c2000000| Complete 
|  65|0x00000000c3000000, 0x00000000c4000000, 0x00000000c4000000|100%|HC|  |TAMS 0x00000000c3000000, 0x00000000c3000000| Complete 
|  66|0x00000000c4000000, 0x00000000c5000000, 0x00000000c5000000|100%| O|  |TAMS 0x00000000c4000000, 0x00000000c4000000| Untracked 
|  67|0x00000000c5000000, 0x00000000c6000000, 0x00000000c6000000|100%| O|  |TAMS 0x00000000c5000000, 0x00000000c5000000| Untracked 
|  68|0x00000000c6000000, 0x00000000c7000000, 0x00000000c7000000|100%| O|  |TAMS 0x00000000c6000000, 0x00000000c6000000| Untracked 
|  69|0x00000000c7000000, 0x00000000c8000000, 0x00000000c8000000|100%| O|  |TAMS 0x00000000c7000000, 0x00000000c7000000| Untracked 
|  70|0x00000000c8000000, 0x00000000c9000000, 0x00000000c9000000|100%| O|  |TAMS 0x00000000c8000000, 0x00000000c8000000| Untracked 
|  71|0x00000000c9000000, 0x00000000ca000000, 0x00000000ca000000|100%| O|  |TAMS 0x00000000c9000000, 0x00000000c9000000| Untracked 
|  72|0x00000000ca000000, 0x00000000cb000000, 0x00000000cb000000|100%| O|  |TAMS 0x00000000ca000000, 0x00000000ca000000| Untracked 
|  73|0x00000000cb000000, 0x00000000cc000000, 0x00000000cc000000|100%| O|  |TAMS 0x00000000cb000000, 0x00000000cb000000| Untracked 
|  74|0x00000000cc000000, 0x00000000cd000000, 0x00000000cd000000|100%| O|  |TAMS 0x00000000cc000000, 0x00000000cc000000| Untracked 
|  75|0x00000000cd000000, 0x00000000ce000000, 0x00000000ce000000|100%| O|  |TAMS 0x00000000cd000000, 0x00000000cd000000| Untracked 
|  76|0x00000000ce000000, 0x00000000cf000000, 0x00000000cf000000|100%| O|  |TAMS 0x00000000ce000000, 0x00000000ce000000| Untracked 
|  77|0x00000000cf000000, 0x00000000d0000000, 0x00000000d0000000|100%| O|  |TAMS 0x00000000cf000000, 0x00000000cf000000| Untracked 
|  78|0x00000000d0000000, 0x00000000d041b200, 0x00000000d1000000| 25%| O|  |TAMS 0x00000000d0000000, 0x00000000d0000000| Untracked 
|  79|0x00000000d1000000, 0x00000000d1000000, 0x00000000d2000000|  0%| F|  |TAMS 0x00000000d1000000, 0x00000000d1000000| Untracked 
|  80|0x00000000d2000000, 0x00000000d2000000, 0x00000000d3000000|  0%| F|  |TAMS 0x00000000d2000000, 0x00000000d2000000| Untracked 
|  81|0x00000000d3000000, 0x00000000d3000000, 0x00000000d4000000|  0%| F|  |TAMS 0x00000000d3000000, 0x00000000d3000000| Untracked 
|  82|0x00000000d4000000, 0x00000000d4000000, 0x00000000d5000000|  0%| F|  |TAMS 0x00000000d4000000, 0x00000000d4000000| Untracked 
|  83|0x00000000d5000000, 0x00000000d5000000, 0x00000000d6000000|  0%| F|  |TAMS 0x00000000d5000000, 0x00000000d5000000| Untracked 
|  84|0x00000000d6000000, 0x00000000d6000000, 0x00000000d7000000|  0%| F|  |TAMS 0x00000000d6000000, 0x00000000d6000000| Untracked 
|  85|0x00000000d7000000, 0x00000000d7000000, 0x00000000d8000000|  0%| F|  |TAMS 0x00000000d7000000, 0x00000000d7000000| Untracked 
|  86|0x00000000d8000000, 0x00000000d8000000, 0x00000000d9000000|  0%| F|  |TAMS 0x00000000d8000000, 0x00000000d8000000| Untracked 
|  87|0x00000000d9000000, 0x00000000d9000000, 0x00000000da000000|  0%| F|  |TAMS 0x00000000d9000000, 0x00000000d9000000| Untracked 
|  88|0x00000000da000000, 0x00000000da000000, 0x00000000db000000|  0%| F|  |TAMS 0x00000000da000000, 0x00000000da000000| Untracked 
|  89|0x00000000db000000, 0x00000000db000000, 0x00000000dc000000|  0%| F|  |TAMS 0x00000000db000000, 0x00000000db000000| Untracked 
|  90|0x00000000dc000000, 0x00000000dc000000, 0x00000000dd000000|  0%| F|  |TAMS 0x00000000dc000000, 0x00000000dc000000| Untracked 
|  91|0x00000000dd000000, 0x00000000dd000000, 0x00000000de000000|  0%| F|  |TAMS 0x00000000dd000000, 0x00000000dd000000| Untracked 
|  92|0x00000000de000000, 0x00000000de000000, 0x00000000df000000|  0%| F|  |TAMS 0x00000000de000000, 0x00000000de000000| Untracked 
|  93|0x00000000df000000, 0x00000000df000000, 0x00000000e0000000|  0%| F|  |TAMS 0x00000000df000000, 0x00000000df000000| Untracked 
|  94|0x00000000e0000000, 0x00000000e0000000, 0x00000000e1000000|  0%| F|  |TAMS 0x00000000e0000000, 0x00000000e0000000| Untracked 
|  95|0x00000000e1000000, 0x00000000e1000000, 0x00000000e2000000|  0%| F|  |TAMS 0x00000000e1000000, 0x00000000e1000000| Untracked 
|  96|0x00000000e2000000, 0x00000000e2000000, 0x00000000e3000000|  0%| F|  |TAMS 0x00000000e2000000, 0x00000000e2000000| Untracked 
|  97|0x00000000e3000000, 0x00000000e3000000, 0x00000000e4000000|  0%| F|  |TAMS 0x00000000e3000000, 0x00000000e3000000| Untracked 
|  98|0x00000000e4000000, 0x00000000e4000000, 0x00000000e5000000|  0%| F|  |TAMS 0x00000000e4000000, 0x00000000e4000000| Untracked 
|  99|0x00000000e5000000, 0x00000000e5000000, 0x00000000e6000000|  0%| F|  |TAMS 0x00000000e5000000, 0x00000000e5000000| Untracked 
| 100|0x00000000e6000000, 0x00000000e6000000, 0x00000000e7000000|  0%| F|  |TAMS 0x00000000e6000000, 0x00000000e6000000| Untracked 
| 101|0x00000000e7000000, 0x00000000e7000000, 0x00000000e8000000|  0%| F|  |TAMS 0x00000000e7000000, 0x00000000e7000000| Untracked 
| 102|0x00000000e8000000, 0x00000000e8000000, 0x00000000e9000000|  0%| F|  |TAMS 0x00000000e8000000, 0x00000000e8000000| Untracked 
| 103|0x00000000e9000000, 0x00000000e9000000, 0x00000000ea000000|  0%| F|  |TAMS 0x00000000e9000000, 0x00000000e9000000| Untracked 
| 104|0x00000000ea000000, 0x00000000ea000000, 0x00000000eb000000|  0%| F|  |TAMS 0x00000000ea000000, 0x00000000ea000000| Untracked 
| 105|0x00000000eb000000, 0x00000000eb000000, 0x00000000ec000000|  0%| F|  |TAMS 0x00000000eb000000, 0x00000000eb000000| Untracked 
| 106|0x00000000ec000000, 0x00000000ec000000, 0x00000000ed000000|  0%| F|  |TAMS 0x00000000ec000000, 0x00000000ec000000| Untracked 
| 107|0x00000000ed000000, 0x00000000ed000000, 0x00000000ee000000|  0%| F|  |TAMS 0x00000000ed000000, 0x00000000ed000000| Untracked 
| 108|0x00000000ee000000, 0x00000000ee000000, 0x00000000ef000000|  0%| F|  |TAMS 0x00000000ee000000, 0x00000000ee000000| Untracked 
| 109|0x00000000ef000000, 0x00000000ef000000, 0x00000000f0000000|  0%| F|  |TAMS 0x00000000ef000000, 0x00000000ef000000| Untracked 
| 110|0x00000000f0000000, 0x00000000f0000000, 0x00000000f1000000|  0%| F|  |TAMS 0x00000000f0000000, 0x00000000f0000000| Untracked 
| 111|0x00000000f1000000, 0x00000000f1000000, 0x00000000f2000000|  0%| F|  |TAMS 0x00000000f1000000, 0x00000000f1000000| Untracked 
| 112|0x00000000f2000000, 0x00000000f2000000, 0x00000000f3000000|  0%| F|  |TAMS 0x00000000f2000000, 0x00000000f2000000| Untracked 
| 113|0x00000000f3000000, 0x00000000f3000000, 0x00000000f4000000|  0%| F|  |TAMS 0x00000000f3000000, 0x00000000f3000000| Untracked 
| 114|0x00000000f4000000, 0x00000000f4000000, 0x00000000f5000000|  0%| F|  |TAMS 0x00000000f4000000, 0x00000000f4000000| Untracked 
| 115|0x00000000f5000000, 0x00000000f5000000, 0x00000000f6000000|  0%| F|  |TAMS 0x00000000f5000000, 0x00000000f5000000| Untracked 
| 116|0x00000000f6000000, 0x00000000f6000000, 0x00000000f7000000|  0%| F|  |TAMS 0x00000000f6000000, 0x00000000f6000000| Untracked 
| 117|0x00000000f7000000, 0x00000000f7000000, 0x00000000f8000000|  0%| F|  |TAMS 0x00000000f7000000, 0x00000000f7000000| Untracked 
| 118|0x00000000f8000000, 0x00000000f8000000, 0x00000000f9000000|  0%| F|  |TAMS 0x00000000f8000000, 0x00000000f8000000| Untracked 
| 119|0x00000000f9000000, 0x00000000f9000000, 0x00000000fa000000|  0%| F|  |TAMS 0x00000000f9000000, 0x00000000f9000000| Untracked 
| 120|0x00000000fa000000, 0x00000000fa000000, 0x00000000fb000000|  0%| F|  |TAMS 0x00000000fa000000, 0x00000000fa000000| Untracked 
| 121|0x00000000fb000000, 0x00000000fb000000, 0x00000000fc000000|  0%| F|  |TAMS 0x00000000fb000000, 0x00000000fb000000| Untracked 
| 122|0x00000000fc000000, 0x00000000fc000000, 0x00000000fd000000|  0%| F|  |TAMS 0x00000000fc000000, 0x00000000fc000000| Untracked 
| 123|0x00000000fd000000, 0x00000000fd000000, 0x00000000fe000000|  0%| F|  |TAMS 0x00000000fd000000, 0x00000000fd000000| Untracked 
| 124|0x00000000fe000000, 0x00000000fe000000, 0x00000000ff000000|  0%| F|  |TAMS 0x00000000fe000000, 0x00000000fe000000| Untracked 
| 125|0x00000000ff000000, 0x00000000ff000000, 0x0000000100000000|  0%| F|  |TAMS 0x00000000ff000000, 0x00000000ff000000| Untracked 
| 126|0x0000000100000000, 0x0000000100000000, 0x0000000101000000|  0%| F|  |TAMS 0x0000000100000000, 0x0000000100000000| Untracked 
| 127|0x0000000101000000, 0x0000000101000000, 0x0000000102000000|  0%| F|  |TAMS 0x0000000101000000, 0x0000000101000000| Untracked 
| 128|0x0000000102000000, 0x0000000102000000, 0x0000000103000000|  0%| F|  |TAMS 0x0000000102000000, 0x0000000102000000| Untracked 
| 129|0x0000000103000000, 0x0000000103000000, 0x0000000104000000|  0%| F|  |TAMS 0x0000000103000000, 0x0000000103000000| Untracked 
| 130|0x0000000104000000, 0x0000000104000000, 0x0000000105000000|  0%| F|  |TAMS 0x0000000104000000, 0x0000000104000000| Untracked 
| 131|0x0000000105000000, 0x0000000105000000, 0x0000000106000000|  0%| F|  |TAMS 0x0000000105000000, 0x0000000105000000| Untracked 
| 132|0x0000000106000000, 0x0000000106000000, 0x0000000107000000|  0%| F|  |TAMS 0x0000000106000000, 0x0000000106000000| Untracked 
| 133|0x0000000107000000, 0x0000000107000000, 0x0000000108000000|  0%| F|  |TAMS 0x0000000107000000, 0x0000000107000000| Untracked 
| 134|0x0000000108000000, 0x0000000108000000, 0x0000000109000000|  0%| F|  |TAMS 0x0000000108000000, 0x0000000108000000| Untracked 
| 135|0x0000000109000000, 0x0000000109000000, 0x000000010a000000|  0%| F|  |TAMS 0x0000000109000000, 0x0000000109000000| Untracked 
| 136|0x000000010a000000, 0x000000010a000000, 0x000000010b000000|  0%| F|  |TAMS 0x000000010a000000, 0x000000010a000000| Untracked 
| 137|0x000000010b000000, 0x000000010b000000, 0x000000010c000000|  0%| F|  |TAMS 0x000000010b000000, 0x000000010b000000| Untracked 
| 138|0x000000010c000000, 0x000000010c000000, 0x000000010d000000|  0%| F|  |TAMS 0x000000010c000000, 0x000000010c000000| Untracked 
| 139|0x000000010d000000, 0x000000010d000000, 0x000000010e000000|  0%| F|  |TAMS 0x000000010d000000, 0x000000010d000000| Untracked 
| 140|0x000000010e000000, 0x000000010e000000, 0x000000010f000000|  0%| F|  |TAMS 0x000000010e000000, 0x000000010e000000| Untracked 
| 141|0x000000010f000000, 0x000000010f000000, 0x0000000110000000|  0%| F|  |TAMS 0x000000010f000000, 0x000000010f000000| Untracked 
| 142|0x0000000110000000, 0x0000000110000000, 0x0000000111000000|  0%| F|  |TAMS 0x0000000110000000, 0x0000000110000000| Untracked 
| 143|0x0000000111000000, 0x0000000111000000, 0x0000000112000000|  0%| F|  |TAMS 0x0000000111000000, 0x0000000111000000| Untracked 
| 144|0x0000000112000000, 0x0000000112000000, 0x0000000113000000|  0%| F|  |TAMS 0x0000000112000000, 0x0000000112000000| Untracked 
| 145|0x0000000113000000, 0x0000000113000000, 0x0000000114000000|  0%| F|  |TAMS 0x0000000113000000, 0x0000000113000000| Untracked 
| 146|0x0000000114000000, 0x0000000114000000, 0x0000000115000000|  0%| F|  |TAMS 0x0000000114000000, 0x0000000114000000| Untracked 
| 147|0x0000000115000000, 0x0000000115000000, 0x0000000116000000|  0%| F|  |TAMS 0x0000000115000000, 0x0000000115000000| Untracked 
| 148|0x0000000116000000, 0x0000000116000000, 0x0000000117000000|  0%| F|  |TAMS 0x0000000116000000, 0x0000000116000000| Untracked 
| 149|0x0000000117000000, 0x0000000117000000, 0x0000000118000000|  0%| F|  |TAMS 0x0000000117000000, 0x0000000117000000| Untracked 
| 150|0x0000000118000000, 0x0000000118000000, 0x0000000119000000|  0%| F|  |TAMS 0x0000000118000000, 0x0000000118000000| Untracked 
| 151|0x0000000119000000, 0x0000000119000000, 0x000000011a000000|  0%| F|  |TAMS 0x0000000119000000, 0x0000000119000000| Untracked 
| 152|0x000000011a000000, 0x000000011a000000, 0x000000011b000000|  0%| F|  |TAMS 0x000000011a000000, 0x000000011a000000| Untracked 
| 153|0x000000011b000000, 0x000000011b000000, 0x000000011c000000|  0%| F|  |TAMS 0x000000011b000000, 0x000000011b000000| Untracked 
| 154|0x000000011c000000, 0x000000011c000000, 0x000000011d000000|  0%| F|  |TAMS 0x000000011c000000, 0x000000011c000000| Untracked 
| 155|0x000000011d000000, 0x000000011d000000, 0x000000011e000000|  0%| F|  |TAMS 0x000000011d000000, 0x000000011d000000| Untracked 
| 156|0x000000011e000000, 0x000000011e000000, 0x000000011f000000|  0%| F|  |TAMS 0x000000011e000000, 0x000000011e000000| Untracked 
| 157|0x000000011f000000, 0x000000011f000000, 0x0000000120000000|  0%| F|  |TAMS 0x000000011f000000, 0x000000011f000000| Untracked 
| 158|0x0000000120000000, 0x0000000120000000, 0x0000000121000000|  0%| F|  |TAMS 0x0000000120000000, 0x0000000120000000| Untracked 
| 159|0x0000000121000000, 0x0000000121000000, 0x0000000122000000|  0%| F|  |TAMS 0x0000000121000000, 0x0000000121000000| Untracked 
| 160|0x0000000122000000, 0x0000000122000000, 0x0000000123000000|  0%| F|  |TAMS 0x0000000122000000, 0x0000000122000000| Untracked 
| 161|0x0000000123000000, 0x0000000123000000, 0x0000000124000000|  0%| F|  |TAMS 0x0000000123000000, 0x0000000123000000| Untracked 
| 162|0x0000000124000000, 0x0000000124000000, 0x0000000125000000|  0%| F|  |TAMS 0x0000000124000000, 0x0000000124000000| Untracked 
| 163|0x0000000125000000, 0x0000000125000000, 0x0000000126000000|  0%| F|  |TAMS 0x0000000125000000, 0x0000000125000000| Untracked 
| 164|0x0000000126000000, 0x0000000126000000, 0x0000000127000000|  0%| F|  |TAMS 0x0000000126000000, 0x0000000126000000| Untracked 
| 165|0x0000000127000000, 0x0000000127000000, 0x0000000128000000|  0%| F|  |TAMS 0x0000000127000000, 0x0000000127000000| Untracked 
| 166|0x0000000128000000, 0x0000000128000000, 0x0000000129000000|  0%| F|  |TAMS 0x0000000128000000, 0x0000000128000000| Untracked 
| 167|0x0000000129000000, 0x0000000129000000, 0x000000012a000000|  0%| F|  |TAMS 0x0000000129000000, 0x0000000129000000| Untracked 
| 168|0x000000012a000000, 0x000000012a000000, 0x000000012b000000|  0%| F|  |TAMS 0x000000012a000000, 0x000000012a000000| Untracked 
| 169|0x000000012b000000, 0x000000012b000000, 0x000000012c000000|  0%| F|  |TAMS 0x000000012b000000, 0x000000012b000000| Untracked 
| 170|0x000000012c000000, 0x000000012c000000, 0x000000012d000000|  0%| F|  |TAMS 0x000000012c000000, 0x000000012c000000| Untracked 
| 171|0x000000012d000000, 0x000000012d000000, 0x000000012e000000|  0%| F|  |TAMS 0x000000012d000000, 0x000000012d000000| Untracked 
| 172|0x000000012e000000, 0x000000012e000000, 0x000000012f000000|  0%| F|  |TAMS 0x000000012e000000, 0x000000012e000000| Untracked 
| 173|0x000000012f000000, 0x000000012f000000, 0x0000000130000000|  0%| F|  |TAMS 0x000000012f000000, 0x000000012f000000| Untracked 
| 174|0x0000000130000000, 0x0000000130000000, 0x0000000131000000|  0%| F|  |TAMS 0x0000000130000000, 0x0000000130000000| Untracked 
| 175|0x0000000131000000, 0x0000000131000000, 0x0000000132000000|  0%| F|  |TAMS 0x0000000131000000, 0x0000000131000000| Untracked 
| 176|0x0000000132000000, 0x0000000132000000, 0x0000000133000000|  0%| F|  |TAMS 0x0000000132000000, 0x0000000132000000| Untracked 
| 177|0x0000000133000000, 0x0000000133000000, 0x0000000134000000|  0%| F|  |TAMS 0x0000000133000000, 0x0000000133000000| Untracked 
| 178|0x0000000134000000, 0x0000000134000000, 0x0000000135000000|  0%| F|  |TAMS 0x0000000134000000, 0x0000000134000000| Untracked 
| 179|0x0000000135000000, 0x0000000135000000, 0x0000000136000000|  0%| F|  |TAMS 0x0000000135000000, 0x0000000135000000| Untracked 
| 180|0x0000000136000000, 0x0000000136000000, 0x0000000137000000|  0%| F|  |TAMS 0x0000000136000000, 0x0000000136000000| Untracked 
| 181|0x0000000137000000, 0x0000000137000000, 0x0000000138000000|  0%| F|  |TAMS 0x0000000137000000, 0x0000000137000000| Untracked 
| 182|0x0000000138000000, 0x0000000138000000, 0x0000000139000000|  0%| F|  |TAMS 0x0000000138000000, 0x0000000138000000| Untracked 
| 183|0x0000000139000000, 0x0000000139000000, 0x000000013a000000|  0%| F|  |TAMS 0x0000000139000000, 0x0000000139000000| Untracked 
| 184|0x000000013a000000, 0x000000013a000000, 0x000000013b000000|  0%| F|  |TAMS 0x000000013a000000, 0x000000013a000000| Untracked 
| 185|0x000000013b000000, 0x000000013b000000, 0x000000013c000000|  0%| F|  |TAMS 0x000000013b000000, 0x000000013b000000| Untracked 
| 186|0x000000013c000000, 0x000000013c000000, 0x000000013d000000|  0%| F|  |TAMS 0x000000013c000000, 0x000000013c000000| Untracked 
| 187|0x000000013d000000, 0x000000013d000000, 0x000000013e000000|  0%| F|  |TAMS 0x000000013d000000, 0x000000013d000000| Untracked 
| 188|0x000000013e000000, 0x000000013e000000, 0x000000013f000000|  0%| F|  |TAMS 0x000000013e000000, 0x000000013e000000| Untracked 
| 189|0x000000013f000000, 0x000000013f000000, 0x0000000140000000|  0%| F|  |TAMS 0x000000013f000000, 0x000000013f000000| Untracked 
| 190|0x0000000140000000, 0x0000000140000000, 0x0000000141000000|  0%| F|  |TAMS 0x0000000140000000, 0x0000000140000000| Untracked 
| 191|0x0000000141000000, 0x0000000141000000, 0x0000000142000000|  0%| F|  |TAMS 0x0000000141000000, 0x0000000141000000| Untracked 
| 192|0x0000000142000000, 0x0000000142000000, 0x0000000143000000|  0%| F|  |TAMS 0x0000000142000000, 0x0000000142000000| Untracked 
| 193|0x0000000143000000, 0x0000000143000000, 0x0000000144000000|  0%| F|  |TAMS 0x0000000143000000, 0x0000000143000000| Untracked 
| 194|0x0000000144000000, 0x0000000144000000, 0x0000000145000000|  0%| F|  |TAMS 0x0000000144000000, 0x0000000144000000| Untracked 
| 195|0x0000000145000000, 0x0000000145000000, 0x0000000146000000|  0%| F|  |TAMS 0x0000000145000000, 0x0000000145000000| Untracked 
| 196|0x0000000146000000, 0x0000000146000000, 0x0000000147000000|  0%| F|  |TAMS 0x0000000146000000, 0x0000000146000000| Untracked 
| 197|0x0000000147000000, 0x0000000147000000, 0x0000000148000000|  0%| F|  |TAMS 0x0000000147000000, 0x0000000147000000| Untracked 
| 198|0x0000000148000000, 0x0000000148000000, 0x0000000149000000|  0%| F|  |TAMS 0x0000000148000000, 0x0000000148000000| Untracked 
| 199|0x0000000149000000, 0x0000000149000000, 0x000000014a000000|  0%| F|  |TAMS 0x0000000149000000, 0x0000000149000000| Untracked 
| 200|0x000000014a000000, 0x000000014a000000, 0x000000014b000000|  0%| F|  |TAMS 0x000000014a000000, 0x000000014a000000| Untracked 
| 201|0x000000014b000000, 0x000000014b000000, 0x000000014c000000|  0%| F|  |TAMS 0x000000014b000000, 0x000000014b000000| Untracked 
| 202|0x000000014c000000, 0x000000014c000000, 0x000000014d000000|  0%| F|  |TAMS 0x000000014c000000, 0x000000014c000000| Untracked 
| 203|0x000000014d000000, 0x000000014d000000, 0x000000014e000000|  0%| F|  |TAMS 0x000000014d000000, 0x000000014d000000| Untracked 
| 204|0x000000014e000000, 0x000000014e000000, 0x000000014f000000|  0%| F|  |TAMS 0x000000014e000000, 0x000000014e000000| Untracked 
| 205|0x000000014f000000, 0x000000014f000000, 0x0000000150000000|  0%| F|  |TAMS 0x000000014f000000, 0x000000014f000000| Untracked 
| 206|0x0000000150000000, 0x0000000150000000, 0x0000000151000000|  0%| F|  |TAMS 0x0000000150000000, 0x0000000150000000| Untracked 
| 207|0x0000000151000000, 0x0000000151000000, 0x0000000152000000|  0%| F|  |TAMS 0x0000000151000000, 0x0000000151000000| Untracked 
| 208|0x0000000152000000, 0x0000000152000000, 0x0000000153000000|  0%| F|  |TAMS 0x0000000152000000, 0x0000000152000000| Untracked 
| 209|0x0000000153000000, 0x0000000153000000, 0x0000000154000000|  0%| F|  |TAMS 0x0000000153000000, 0x0000000153000000| Untracked 
| 210|0x0000000154000000, 0x0000000154000000, 0x0000000155000000|  0%| F|  |TAMS 0x0000000154000000, 0x0000000154000000| Untracked 
| 211|0x0000000155000000, 0x0000000155000000, 0x0000000156000000|  0%| F|  |TAMS 0x0000000155000000, 0x0000000155000000| Untracked 
| 212|0x0000000156000000, 0x0000000156000000, 0x0000000157000000|  0%| F|  |TAMS 0x0000000156000000, 0x0000000156000000| Untracked 
| 213|0x0000000157000000, 0x0000000157000000, 0x0000000158000000|  0%| F|  |TAMS 0x0000000157000000, 0x0000000157000000| Untracked 
| 214|0x0000000158000000, 0x0000000158000000, 0x0000000159000000|  0%| F|  |TAMS 0x0000000158000000, 0x0000000158000000| Untracked 
| 215|0x0000000159000000, 0x0000000159000000, 0x000000015a000000|  0%| F|  |TAMS 0x0000000159000000, 0x0000000159000000| Untracked 
| 216|0x000000015a000000, 0x000000015a000000, 0x000000015b000000|  0%| F|  |TAMS 0x000000015a000000, 0x000000015a000000| Untracked 
| 217|0x000000015b000000, 0x000000015b000000, 0x000000015c000000|  0%| F|  |TAMS 0x000000015b000000, 0x000000015b000000| Untracked 
| 218|0x000000015c000000, 0x000000015c000000, 0x000000015d000000|  0%| F|  |TAMS 0x000000015c000000, 0x000000015c000000| Untracked 
| 219|0x000000015d000000, 0x000000015d000000, 0x000000015e000000|  0%| F|  |TAMS 0x000000015d000000, 0x000000015d000000| Untracked 
| 220|0x000000015e000000, 0x000000015e000000, 0x000000015f000000|  0%| F|  |TAMS 0x000000015e000000, 0x000000015e000000| Untracked 
| 221|0x000000015f000000, 0x000000015f000000, 0x0000000160000000|  0%| F|  |TAMS 0x000000015f000000, 0x000000015f000000| Untracked 
| 222|0x0000000160000000, 0x0000000160000000, 0x0000000161000000|  0%| F|  |TAMS 0x0000000160000000, 0x0000000160000000| Untracked 
| 223|0x0000000161000000, 0x0000000161000000, 0x0000000162000000|  0%| F|  |TAMS 0x0000000161000000, 0x0000000161000000| Untracked 
| 224|0x0000000162000000, 0x0000000162000000, 0x0000000163000000|  0%| F|  |TAMS 0x0000000162000000, 0x0000000162000000| Untracked 
| 225|0x0000000163000000, 0x0000000163000000, 0x0000000164000000|  0%| F|  |TAMS 0x0000000163000000, 0x0000000163000000| Untracked 
| 226|0x0000000164000000, 0x0000000164000000, 0x0000000165000000|  0%| F|  |TAMS 0x0000000164000000, 0x0000000164000000| Untracked 
| 227|0x0000000165000000, 0x0000000165000000, 0x0000000166000000|  0%| F|  |TAMS 0x0000000165000000, 0x0000000165000000| Untracked 
| 228|0x0000000166000000, 0x0000000166000000, 0x0000000167000000|  0%| F|  |TAMS 0x0000000166000000, 0x0000000166000000| Untracked 
| 229|0x0000000167000000, 0x0000000167000000, 0x0000000168000000|  0%| F|  |TAMS 0x0000000167000000, 0x0000000167000000| Untracked 
| 230|0x0000000168000000, 0x0000000168000000, 0x0000000169000000|  0%| F|  |TAMS 0x0000000168000000, 0x0000000168000000| Untracked 
| 231|0x0000000169000000, 0x0000000169000000, 0x000000016a000000|  0%| F|  |TAMS 0x0000000169000000, 0x0000000169000000| Untracked 
| 232|0x000000016a000000, 0x000000016a000000, 0x000000016b000000|  0%| F|  |TAMS 0x000000016a000000, 0x000000016a000000| Untracked 
| 233|0x000000016b000000, 0x000000016b000000, 0x000000016c000000|  0%| F|  |TAMS 0x000000016b000000, 0x000000016b000000| Untracked 
| 234|0x000000016c000000, 0x000000016c000000, 0x000000016d000000|  0%| F|  |TAMS 0x000000016c000000, 0x000000016c000000| Untracked 
| 235|0x000000016d000000, 0x000000016d000000, 0x000000016e000000|  0%| F|  |TAMS 0x000000016d000000, 0x000000016d000000| Untracked 
| 236|0x000000016e000000, 0x000000016e000000, 0x000000016f000000|  0%| F|  |TAMS 0x000000016e000000, 0x000000016e000000| Untracked 
| 237|0x000000016f000000, 0x000000016f000000, 0x0000000170000000|  0%| F|  |TAMS 0x000000016f000000, 0x000000016f000000| Untracked 
| 238|0x0000000170000000, 0x0000000170000000, 0x0000000171000000|  0%| F|  |TAMS 0x0000000170000000, 0x0000000170000000| Untracked 
| 239|0x0000000171000000, 0x0000000171000000, 0x0000000172000000|  0%| F|  |TAMS 0x0000000171000000, 0x0000000171000000| Untracked 
| 240|0x0000000172000000, 0x0000000172000000, 0x0000000173000000|  0%| F|  |TAMS 0x0000000172000000, 0x0000000172000000| Untracked 
| 241|0x0000000173000000, 0x0000000173000000, 0x0000000174000000|  0%| F|  |TAMS 0x0000000173000000, 0x0000000173000000| Untracked 
| 242|0x0000000174000000, 0x0000000174000000, 0x0000000175000000|  0%| F|  |TAMS 0x0000000174000000, 0x0000000174000000| Untracked 
| 243|0x0000000175000000, 0x0000000175000000, 0x0000000176000000|  0%| F|  |TAMS 0x0000000175000000, 0x0000000175000000| Untracked 
| 244|0x0000000176000000, 0x0000000176000000, 0x0000000177000000|  0%| F|  |TAMS 0x0000000176000000, 0x0000000176000000| Untracked 
| 245|0x0000000177000000, 0x0000000177000000, 0x0000000178000000|  0%| F|  |TAMS 0x0000000177000000, 0x0000000177000000| Untracked 
| 246|0x0000000178000000, 0x0000000178000000, 0x0000000179000000|  0%| F|  |TAMS 0x0000000178000000, 0x0000000178000000| Untracked 
| 247|0x0000000179000000, 0x0000000179000000, 0x000000017a000000|  0%| F|  |TAMS 0x0000000179000000, 0x0000000179000000| Untracked 
| 248|0x000000017a000000, 0x000000017a000000, 0x000000017b000000|  0%| F|  |TAMS 0x000000017a000000, 0x000000017a000000| Untracked 
| 249|0x000000017b000000, 0x000000017b000000, 0x000000017c000000|  0%| F|  |TAMS 0x000000017b000000, 0x000000017b000000| Untracked 
| 250|0x000000017c000000, 0x000000017c000000, 0x000000017d000000|  0%| F|  |TAMS 0x000000017c000000, 0x000000017c000000| Untracked 
| 251|0x000000017d000000, 0x000000017d000000, 0x000000017e000000|  0%| F|  |TAMS 0x000000017d000000, 0x000000017d000000| Untracked 
| 252|0x000000017e000000, 0x000000017e000000, 0x000000017f000000|  0%| F|  |TAMS 0x000000017e000000, 0x000000017e000000| Untracked 
| 253|0x000000017f000000, 0x000000017f000000, 0x0000000180000000|  0%| F|  |TAMS 0x000000017f000000, 0x000000017f000000| Untracked 
| 254|0x0000000180000000, 0x0000000180000000, 0x0000000181000000|  0%| F|  |TAMS 0x0000000180000000, 0x0000000180000000| Untracked 
| 255|0x0000000181000000, 0x0000000181000000, 0x0000000182000000|  0%| F|  |TAMS 0x0000000181000000, 0x0000000181000000| Untracked 
| 256|0x0000000182000000, 0x0000000182000000, 0x0000000183000000|  0%| F|  |TAMS 0x0000000182000000, 0x0000000182000000| Untracked 
| 257|0x0000000183000000, 0x0000000183000000, 0x0000000184000000|  0%| F|  |TAMS 0x0000000183000000, 0x0000000183000000| Untracked 
| 258|0x0000000184000000, 0x0000000184000000, 0x0000000185000000|  0%| F|  |TAMS 0x0000000184000000, 0x0000000184000000| Untracked 
| 259|0x0000000185000000, 0x0000000185000000, 0x0000000186000000|  0%| F|  |TAMS 0x0000000185000000, 0x0000000185000000| Untracked 
| 260|0x0000000186000000, 0x0000000186000000, 0x0000000187000000|  0%| F|  |TAMS 0x0000000186000000, 0x0000000186000000| Untracked 
| 261|0x0000000187000000, 0x0000000187000000, 0x0000000188000000|  0%| F|  |TAMS 0x0000000187000000, 0x0000000187000000| Untracked 
| 262|0x0000000188000000, 0x0000000188000000, 0x0000000189000000|  0%| F|  |TAMS 0x0000000188000000, 0x0000000188000000| Untracked 
| 263|0x0000000189000000, 0x0000000189000000, 0x000000018a000000|  0%| F|  |TAMS 0x0000000189000000, 0x0000000189000000| Untracked 
| 264|0x000000018a000000, 0x000000018a000000, 0x000000018b000000|  0%| F|  |TAMS 0x000000018a000000, 0x000000018a000000| Untracked 
| 265|0x000000018b000000, 0x000000018b000000, 0x000000018c000000|  0%| F|  |TAMS 0x000000018b000000, 0x000000018b000000| Untracked 
| 266|0x000000018c000000, 0x000000018c000000, 0x000000018d000000|  0%| F|  |TAMS 0x000000018c000000, 0x000000018c000000| Untracked 
| 267|0x000000018d000000, 0x000000018d000000, 0x000000018e000000|  0%| F|  |TAMS 0x000000018d000000, 0x000000018d000000| Untracked 
| 268|0x000000018e000000, 0x000000018e000000, 0x000000018f000000|  0%| F|  |TAMS 0x000000018e000000, 0x000000018e000000| Untracked 
| 269|0x000000018f000000, 0x000000018f000000, 0x0000000190000000|  0%| F|  |TAMS 0x000000018f000000, 0x000000018f000000| Untracked 
| 270|0x0000000190000000, 0x0000000190000000, 0x0000000191000000|  0%| F|  |TAMS 0x0000000190000000, 0x0000000190000000| Untracked 
| 271|0x0000000191000000, 0x0000000191000000, 0x0000000192000000|  0%| F|  |TAMS 0x0000000191000000, 0x0000000191000000| Untracked 
| 272|0x0000000192000000, 0x0000000192000000, 0x0000000193000000|  0%| F|  |TAMS 0x0000000192000000, 0x0000000192000000| Untracked 
| 273|0x0000000193000000, 0x0000000193000000, 0x0000000194000000|  0%| F|  |TAMS 0x0000000193000000, 0x0000000193000000| Untracked 
| 274|0x0000000194000000, 0x0000000194000000, 0x0000000195000000|  0%| F|  |TAMS 0x0000000194000000, 0x0000000194000000| Untracked 
| 275|0x0000000195000000, 0x0000000195000000, 0x0000000196000000|  0%| F|  |TAMS 0x0000000195000000, 0x0000000195000000| Untracked 
| 276|0x0000000196000000, 0x0000000196000000, 0x0000000197000000|  0%| F|  |TAMS 0x0000000196000000, 0x0000000196000000| Untracked 
| 277|0x0000000197000000, 0x0000000197000000, 0x0000000198000000|  0%| F|  |TAMS 0x0000000197000000, 0x0000000197000000| Untracked 
| 278|0x0000000198000000, 0x0000000198000000, 0x0000000199000000|  0%| F|  |TAMS 0x0000000198000000, 0x0000000198000000| Untracked 
| 279|0x0000000199000000, 0x0000000199000000, 0x000000019a000000|  0%| F|  |TAMS 0x0000000199000000, 0x0000000199000000| Untracked 
| 280|0x000000019a000000, 0x000000019a000000, 0x000000019b000000|  0%| F|  |TAMS 0x000000019a000000, 0x000000019a000000| Untracked 
| 281|0x000000019b000000, 0x000000019b000000, 0x000000019c000000|  0%| F|  |TAMS 0x000000019b000000, 0x000000019b000000| Untracked 
| 282|0x000000019c000000, 0x000000019c000000, 0x000000019d000000|  0%| F|  |TAMS 0x000000019c000000, 0x000000019c000000| Untracked 
| 283|0x000000019d000000, 0x000000019d000000, 0x000000019e000000|  0%| F|  |TAMS 0x000000019d000000, 0x000000019d000000| Untracked 
| 284|0x000000019e000000, 0x000000019e000000, 0x000000019f000000|  0%| F|  |TAMS 0x000000019e000000, 0x000000019e000000| Untracked 
| 285|0x000000019f000000, 0x000000019f000000, 0x00000001a0000000|  0%| F|  |TAMS 0x000000019f000000, 0x000000019f000000| Untracked 
| 286|0x00000001a0000000, 0x00000001a0000000, 0x00000001a1000000|  0%| F|  |TAMS 0x00000001a0000000, 0x00000001a0000000| Untracked 
| 287|0x00000001a1000000, 0x00000001a1000000, 0x00000001a2000000|  0%| F|  |TAMS 0x00000001a1000000, 0x00000001a1000000| Untracked 
| 288|0x00000001a2000000, 0x00000001a2000000, 0x00000001a3000000|  0%| F|  |TAMS 0x00000001a2000000, 0x00000001a2000000| Untracked 
| 289|0x00000001a3000000, 0x00000001a3000000, 0x00000001a4000000|  0%| F|  |TAMS 0x00000001a3000000, 0x00000001a3000000| Untracked 
| 290|0x00000001a4000000, 0x00000001a4000000, 0x00000001a5000000|  0%| F|  |TAMS 0x00000001a4000000, 0x00000001a4000000| Untracked 
| 291|0x00000001a5000000, 0x00000001a5000000, 0x00000001a6000000|  0%| F|  |TAMS 0x00000001a5000000, 0x00000001a5000000| Untracked 
| 292|0x00000001a6000000, 0x00000001a6000000, 0x00000001a7000000|  0%| F|  |TAMS 0x00000001a6000000, 0x00000001a6000000| Untracked 
| 293|0x00000001a7000000, 0x00000001a7000000, 0x00000001a8000000|  0%| F|  |TAMS 0x00000001a7000000, 0x00000001a7000000| Untracked 
| 294|0x00000001a8000000, 0x00000001a8000000, 0x00000001a9000000|  0%| F|  |TAMS 0x00000001a8000000, 0x00000001a8000000| Untracked 
| 295|0x00000001a9000000, 0x00000001a9000000, 0x00000001aa000000|  0%| F|  |TAMS 0x00000001a9000000, 0x00000001a9000000| Untracked 
| 296|0x00000001aa000000, 0x00000001aa000000, 0x00000001ab000000|  0%| F|  |TAMS 0x00000001aa000000, 0x00000001aa000000| Untracked 
| 297|0x00000001ab000000, 0x00000001ab000000, 0x00000001ac000000|  0%| F|  |TAMS 0x00000001ab000000, 0x00000001ab000000| Untracked 
| 298|0x00000001ac000000, 0x00000001ac000000, 0x00000001ad000000|  0%| F|  |TAMS 0x00000001ac000000, 0x00000001ac000000| Untracked 
| 299|0x00000001ad000000, 0x00000001ad000000, 0x00000001ae000000|  0%| F|  |TAMS 0x00000001ad000000, 0x00000001ad000000| Untracked 
| 300|0x00000001ae000000, 0x00000001ae000000, 0x00000001af000000|  0%| F|  |TAMS 0x00000001ae000000, 0x00000001ae000000| Untracked 
| 301|0x00000001af000000, 0x00000001af000000, 0x00000001b0000000|  0%| F|  |TAMS 0x00000001af000000, 0x00000001af000000| Untracked 
| 302|0x00000001b0000000, 0x00000001b0000000, 0x00000001b1000000|  0%| F|  |TAMS 0x00000001b0000000, 0x00000001b0000000| Untracked 
| 303|0x00000001b1000000, 0x00000001b1000000, 0x00000001b2000000|  0%| F|  |TAMS 0x00000001b1000000, 0x00000001b1000000| Untracked 
| 304|0x00000001b2000000, 0x00000001b2000000, 0x00000001b3000000|  0%| F|  |TAMS 0x00000001b2000000, 0x00000001b2000000| Untracked 
| 305|0x00000001b3000000, 0x00000001b3000000, 0x00000001b4000000|  0%| F|  |TAMS 0x00000001b3000000, 0x00000001b3000000| Untracked 
| 306|0x00000001b4000000, 0x00000001b4000000, 0x00000001b5000000|  0%| F|  |TAMS 0x00000001b4000000, 0x00000001b4000000| Untracked 
| 307|0x00000001b5000000, 0x00000001b5000000, 0x00000001b6000000|  0%| F|  |TAMS 0x00000001b5000000, 0x00000001b5000000| Untracked 
| 308|0x00000001b6000000, 0x00000001b6000000, 0x00000001b7000000|  0%| F|  |TAMS 0x00000001b6000000, 0x00000001b6000000| Untracked 
| 309|0x00000001b7000000, 0x00000001b7000000, 0x00000001b8000000|  0%| F|  |TAMS 0x00000001b7000000, 0x00000001b7000000| Untracked 
| 310|0x00000001b8000000, 0x00000001b8000000, 0x00000001b9000000|  0%| F|  |TAMS 0x00000001b8000000, 0x00000001b8000000| Untracked 
| 311|0x00000001b9000000, 0x00000001b9000000, 0x00000001ba000000|  0%| F|  |TAMS 0x00000001b9000000, 0x00000001b9000000| Untracked 
| 312|0x00000001ba000000, 0x00000001ba000000, 0x00000001bb000000|  0%| F|  |TAMS 0x00000001ba000000, 0x00000001ba000000| Untracked 
| 313|0x00000001bb000000, 0x00000001bb000000, 0x00000001bc000000|  0%| F|  |TAMS 0x00000001bb000000, 0x00000001bb000000| Untracked 
| 314|0x00000001bc000000, 0x00000001bc000000, 0x00000001bd000000|  0%| F|  |TAMS 0x00000001bc000000, 0x00000001bc000000| Untracked 
| 315|0x00000001bd000000, 0x00000001bd000000, 0x00000001be000000|  0%| F|  |TAMS 0x00000001bd000000, 0x00000001bd000000| Untracked 
| 316|0x00000001be000000, 0x00000001be000000, 0x00000001bf000000|  0%| F|  |TAMS 0x00000001be000000, 0x00000001be000000| Untracked 
| 317|0x00000001bf000000, 0x00000001bf000000, 0x00000001c0000000|  0%| F|  |TAMS 0x00000001bf000000, 0x00000001bf000000| Untracked 
| 318|0x00000001c0000000, 0x00000001c0000000, 0x00000001c1000000|  0%| F|  |TAMS 0x00000001c0000000, 0x00000001c0000000| Untracked 
| 319|0x00000001c1000000, 0x00000001c1000000, 0x00000001c2000000|  0%| F|  |TAMS 0x00000001c1000000, 0x00000001c1000000| Untracked 
| 320|0x00000001c2000000, 0x00000001c2000000, 0x00000001c3000000|  0%| F|  |TAMS 0x00000001c2000000, 0x00000001c2000000| Untracked 
| 321|0x00000001c3000000, 0x00000001c3000000, 0x00000001c4000000|  0%| F|  |TAMS 0x00000001c3000000, 0x00000001c3000000| Untracked 
| 322|0x00000001c4000000, 0x00000001c4000000, 0x00000001c5000000|  0%| F|  |TAMS 0x00000001c4000000, 0x00000001c4000000| Untracked 
| 323|0x00000001c5000000, 0x00000001c5000000, 0x00000001c6000000|  0%| F|  |TAMS 0x00000001c5000000, 0x00000001c5000000| Untracked 
| 324|0x00000001c6000000, 0x00000001c6000000, 0x00000001c7000000|  0%| F|  |TAMS 0x00000001c6000000, 0x00000001c6000000| Untracked 
| 325|0x00000001c7000000, 0x00000001c7000000, 0x00000001c8000000|  0%| F|  |TAMS 0x00000001c7000000, 0x00000001c7000000| Untracked 
| 326|0x00000001c8000000, 0x00000001c8000000, 0x00000001c9000000|  0%| F|  |TAMS 0x00000001c8000000, 0x00000001c8000000| Untracked 
| 327|0x00000001c9000000, 0x00000001c9000000, 0x00000001ca000000|  0%| F|  |TAMS 0x00000001c9000000, 0x00000001c9000000| Untracked 
| 328|0x00000001ca000000, 0x00000001ca000000, 0x00000001cb000000|  0%| F|  |TAMS 0x00000001ca000000, 0x00000001ca000000| Untracked 
| 329|0x00000001cb000000, 0x00000001cb000000, 0x00000001cc000000|  0%| F|  |TAMS 0x00000001cb000000, 0x00000001cb000000| Untracked 
| 330|0x00000001cc000000, 0x00000001cc000000, 0x00000001cd000000|  0%| F|  |TAMS 0x00000001cc000000, 0x00000001cc000000| Untracked 
| 331|0x00000001cd000000, 0x00000001cd000000, 0x00000001ce000000|  0%| F|  |TAMS 0x00000001cd000000, 0x00000001cd000000| Untracked 
| 332|0x00000001ce000000, 0x00000001ce000000, 0x00000001cf000000|  0%| F|  |TAMS 0x00000001ce000000, 0x00000001ce000000| Untracked 
| 333|0x00000001cf000000, 0x00000001cf000000, 0x00000001d0000000|  0%| F|  |TAMS 0x00000001cf000000, 0x00000001cf000000| Untracked 
| 334|0x00000001d0000000, 0x00000001d0000000, 0x00000001d1000000|  0%| F|  |TAMS 0x00000001d0000000, 0x00000001d0000000| Untracked 
| 335|0x00000001d1000000, 0x00000001d1000000, 0x00000001d2000000|  0%| F|  |TAMS 0x00000001d1000000, 0x00000001d1000000| Untracked 
| 336|0x00000001d2000000, 0x00000001d2000000, 0x00000001d3000000|  0%| F|  |TAMS 0x00000001d2000000, 0x00000001d2000000| Untracked 
| 337|0x00000001d3000000, 0x00000001d3000000, 0x00000001d4000000|  0%| F|  |TAMS 0x00000001d3000000, 0x00000001d3000000| Untracked 
| 338|0x00000001d4000000, 0x00000001d4000000, 0x00000001d5000000|  0%| F|  |TAMS 0x00000001d4000000, 0x00000001d4000000| Untracked 
| 339|0x00000001d5000000, 0x00000001d5000000, 0x00000001d6000000|  0%| F|  |TAMS 0x00000001d5000000, 0x00000001d5000000| Untracked 
| 340|0x00000001d6000000, 0x00000001d6000000, 0x00000001d7000000|  0%| F|  |TAMS 0x00000001d6000000, 0x00000001d6000000| Untracked 
| 341|0x00000001d7000000, 0x00000001d7000000, 0x00000001d8000000|  0%| F|  |TAMS 0x00000001d7000000, 0x00000001d7000000| Untracked 
| 342|0x00000001d8000000, 0x00000001d8000000, 0x00000001d9000000|  0%| F|  |TAMS 0x00000001d8000000, 0x00000001d8000000| Untracked 
| 343|0x00000001d9000000, 0x00000001d9000000, 0x00000001da000000|  0%| F|  |TAMS 0x00000001d9000000, 0x00000001d9000000| Untracked 
| 344|0x00000001da000000, 0x00000001da000000, 0x00000001db000000|  0%| F|  |TAMS 0x00000001da000000, 0x00000001da000000| Untracked 
| 345|0x00000001db000000, 0x00000001db000000, 0x00000001dc000000|  0%| F|  |TAMS 0x00000001db000000, 0x00000001db000000| Untracked 
| 346|0x00000001dc000000, 0x00000001dc000000, 0x00000001dd000000|  0%| F|  |TAMS 0x00000001dc000000, 0x00000001dc000000| Untracked 
| 347|0x00000001dd000000, 0x00000001dd000000, 0x00000001de000000|  0%| F|  |TAMS 0x00000001dd000000, 0x00000001dd000000| Untracked 
| 348|0x00000001de000000, 0x00000001de000000, 0x00000001df000000|  0%| F|  |TAMS 0x00000001de000000, 0x00000001de000000| Untracked 
| 349|0x00000001df000000, 0x00000001df000000, 0x00000001e0000000|  0%| F|  |TAMS 0x00000001df000000, 0x00000001df000000| Untracked 
| 350|0x00000001e0000000, 0x00000001e0000000, 0x00000001e1000000|  0%| F|  |TAMS 0x00000001e0000000, 0x00000001e0000000| Untracked 
| 351|0x00000001e1000000, 0x00000001e1000000, 0x00000001e2000000|  0%| F|  |TAMS 0x00000001e1000000, 0x00000001e1000000| Untracked 
| 352|0x00000001e2000000, 0x00000001e2000000, 0x00000001e3000000|  0%| F|  |TAMS 0x00000001e2000000, 0x00000001e2000000| Untracked 
| 353|0x00000001e3000000, 0x00000001e3000000, 0x00000001e4000000|  0%| F|  |TAMS 0x00000001e3000000, 0x00000001e3000000| Untracked 
| 354|0x00000001e4000000, 0x00000001e4000000, 0x00000001e5000000|  0%| F|  |TAMS 0x00000001e4000000, 0x00000001e4000000| Untracked 
| 355|0x00000001e5000000, 0x00000001e5000000, 0x00000001e6000000|  0%| F|  |TAMS 0x00000001e5000000, 0x00000001e5000000| Untracked 
| 356|0x00000001e6000000, 0x00000001e6000000, 0x00000001e7000000|  0%| F|  |TAMS 0x00000001e6000000, 0x00000001e6000000| Untracked 
| 357|0x00000001e7000000, 0x00000001e7000000, 0x00000001e8000000|  0%| F|  |TAMS 0x00000001e7000000, 0x00000001e7000000| Untracked 
| 358|0x00000001e8000000, 0x00000001e8000000, 0x00000001e9000000|  0%| F|  |TAMS 0x00000001e8000000, 0x00000001e8000000| Untracked 
| 359|0x00000001e9000000, 0x00000001e9000000, 0x00000001ea000000|  0%| F|  |TAMS 0x00000001e9000000, 0x00000001e9000000| Untracked 
| 360|0x00000001ea000000, 0x00000001ea000000, 0x00000001eb000000|  0%| F|  |TAMS 0x00000001ea000000, 0x00000001ea000000| Untracked 
| 361|0x00000001eb000000, 0x00000001eb000000, 0x00000001ec000000|  0%| F|  |TAMS 0x00000001eb000000, 0x00000001eb000000| Untracked 
| 362|0x00000001ec000000, 0x00000001ec000000, 0x00000001ed000000|  0%| F|  |TAMS 0x00000001ec000000, 0x00000001ec000000| Untracked 
| 363|0x00000001ed000000, 0x00000001ed000000, 0x00000001ee000000|  0%| F|  |TAMS 0x00000001ed000000, 0x00000001ed000000| Untracked 
| 364|0x00000001ee000000, 0x00000001ee000000, 0x00000001ef000000|  0%| F|  |TAMS 0x00000001ee000000, 0x00000001ee000000| Untracked 
| 365|0x00000001ef000000, 0x00000001ef000000, 0x00000001f0000000|  0%| F|  |TAMS 0x00000001ef000000, 0x00000001ef000000| Untracked 
| 366|0x00000001f0000000, 0x00000001f0000000, 0x00000001f1000000|  0%| F|  |TAMS 0x00000001f0000000, 0x00000001f0000000| Untracked 
| 367|0x00000001f1000000, 0x00000001f1000000, 0x00000001f2000000|  0%| F|  |TAMS 0x00000001f1000000, 0x00000001f1000000| Untracked 
| 368|0x00000001f2000000, 0x00000001f2000000, 0x00000001f3000000|  0%| F|  |TAMS 0x00000001f2000000, 0x00000001f2000000| Untracked 
| 369|0x00000001f3000000, 0x00000001f3000000, 0x00000001f4000000|  0%| F|  |TAMS 0x00000001f3000000, 0x00000001f3000000| Untracked 
| 370|0x00000001f4000000, 0x00000001f4000000, 0x00000001f5000000|  0%| F|  |TAMS 0x00000001f4000000, 0x00000001f4000000| Untracked 
| 371|0x00000001f5000000, 0x00000001f5000000, 0x00000001f6000000|  0%| F|  |TAMS 0x00000001f5000000, 0x00000001f5000000| Untracked 
| 372|0x00000001f6000000, 0x00000001f6000000, 0x00000001f7000000|  0%| F|  |TAMS 0x00000001f6000000, 0x00000001f6000000| Untracked 
| 373|0x00000001f7000000, 0x00000001f7000000, 0x00000001f8000000|  0%| F|  |TAMS 0x00000001f7000000, 0x00000001f7000000| Untracked 
| 374|0x00000001f8000000, 0x00000001f8000000, 0x00000001f9000000|  0%| F|  |TAMS 0x00000001f8000000, 0x00000001f8000000| Untracked 
| 375|0x00000001f9000000, 0x00000001f9000000, 0x00000001fa000000|  0%| F|  |TAMS 0x00000001f9000000, 0x00000001f9000000| Untracked 
| 376|0x00000001fa000000, 0x00000001fa000000, 0x00000001fb000000|  0%| F|  |TAMS 0x00000001fa000000, 0x00000001fa000000| Untracked 
| 377|0x00000001fb000000, 0x00000001fb000000, 0x00000001fc000000|  0%| F|  |TAMS 0x00000001fb000000, 0x00000001fb000000| Untracked 
| 378|0x00000001fc000000, 0x00000001fc000000, 0x00000001fd000000|  0%| F|  |TAMS 0x00000001fc000000, 0x00000001fc000000| Untracked 
| 379|0x00000001fd000000, 0x00000001fd000000, 0x00000001fe000000|  0%| F|  |TAMS 0x00000001fd000000, 0x00000001fd000000| Untracked 
| 380|0x00000001fe000000, 0x00000001fe000000, 0x00000001ff000000|  0%| F|  |TAMS 0x00000001fe000000, 0x00000001fe000000| Untracked 
| 381|0x00000001ff000000, 0x00000001ff000000, 0x0000000200000000|  0%| F|  |TAMS 0x00000001ff000000, 0x00000001ff000000| Untracked 
| 382|0x0000000200000000, 0x0000000200000000, 0x0000000201000000|  0%| F|  |TAMS 0x0000000200000000, 0x0000000200000000| Untracked 
| 383|0x0000000201000000, 0x0000000201000000, 0x0000000202000000|  0%| F|  |TAMS 0x0000000201000000, 0x0000000201000000| Untracked 
| 384|0x0000000202000000, 0x0000000202000000, 0x0000000203000000|  0%| F|  |TAMS 0x0000000202000000, 0x0000000202000000| Untracked 
| 385|0x0000000203000000, 0x0000000203000000, 0x0000000204000000|  0%| F|  |TAMS 0x0000000203000000, 0x0000000203000000| Untracked 
| 386|0x0000000204000000, 0x0000000204000000, 0x0000000205000000|  0%| F|  |TAMS 0x0000000204000000, 0x0000000204000000| Untracked 
| 387|0x0000000205000000, 0x0000000205000000, 0x0000000206000000|  0%| F|  |TAMS 0x0000000205000000, 0x0000000205000000| Untracked 
| 388|0x0000000206000000, 0x0000000206000000, 0x0000000207000000|  0%| F|  |TAMS 0x0000000206000000, 0x0000000206000000| Untracked 
| 389|0x0000000207000000, 0x0000000207000000, 0x0000000208000000|  0%| F|  |TAMS 0x0000000207000000, 0x0000000207000000| Untracked 
| 390|0x0000000208000000, 0x0000000208000000, 0x0000000209000000|  0%| F|  |TAMS 0x0000000208000000, 0x0000000208000000| Untracked 
| 391|0x0000000209000000, 0x0000000209000000, 0x000000020a000000|  0%| F|  |TAMS 0x0000000209000000, 0x0000000209000000| Untracked 
| 392|0x000000020a000000, 0x000000020a000000, 0x000000020b000000|  0%| F|  |TAMS 0x000000020a000000, 0x000000020a000000| Untracked 
| 393|0x000000020b000000, 0x000000020b000000, 0x000000020c000000|  0%| F|  |TAMS 0x000000020b000000, 0x000000020b000000| Untracked 
| 394|0x000000020c000000, 0x000000020c000000, 0x000000020d000000|  0%| F|  |TAMS 0x000000020c000000, 0x000000020c000000| Untracked 
| 395|0x000000020d000000, 0x000000020d000000, 0x000000020e000000|  0%| F|  |TAMS 0x000000020d000000, 0x000000020d000000| Untracked 
| 396|0x000000020e000000, 0x000000020e000000, 0x000000020f000000|  0%| F|  |TAMS 0x000000020e000000, 0x000000020e000000| Untracked 
| 397|0x000000020f000000, 0x000000020f000000, 0x0000000210000000|  0%| F|  |TAMS 0x000000020f000000, 0x000000020f000000| Untracked 
| 398|0x0000000210000000, 0x0000000210000000, 0x0000000211000000|  0%| F|  |TAMS 0x0000000210000000, 0x0000000210000000| Untracked 
| 399|0x0000000211000000, 0x0000000211000000, 0x0000000212000000|  0%| F|  |TAMS 0x0000000211000000, 0x0000000211000000| Untracked 
| 400|0x0000000212000000, 0x0000000212000000, 0x0000000213000000|  0%| F|  |TAMS 0x0000000212000000, 0x0000000212000000| Untracked 
| 401|0x0000000213000000, 0x0000000213000000, 0x0000000214000000|  0%| F|  |TAMS 0x0000000213000000, 0x0000000213000000| Untracked 
| 402|0x0000000214000000, 0x0000000214000000, 0x0000000215000000|  0%| F|  |TAMS 0x0000000214000000, 0x0000000214000000| Untracked 
| 403|0x0000000215000000, 0x0000000215000000, 0x0000000216000000|  0%| F|  |TAMS 0x0000000215000000, 0x0000000215000000| Untracked 
| 404|0x0000000216000000, 0x0000000216000000, 0x0000000217000000|  0%| F|  |TAMS 0x0000000216000000, 0x0000000216000000| Untracked 
| 405|0x0000000217000000, 0x0000000217000000, 0x0000000218000000|  0%| F|  |TAMS 0x0000000217000000, 0x0000000217000000| Untracked 
| 406|0x0000000218000000, 0x0000000218000000, 0x0000000219000000|  0%| F|  |TAMS 0x0000000218000000, 0x0000000218000000| Untracked 
| 407|0x0000000219000000, 0x0000000219000000, 0x000000021a000000|  0%| F|  |TAMS 0x0000000219000000, 0x0000000219000000| Untracked 
| 408|0x000000021a000000, 0x000000021a000000, 0x000000021b000000|  0%| F|  |TAMS 0x000000021a000000, 0x000000021a000000| Untracked 
| 409|0x000000021b000000, 0x000000021b000000, 0x000000021c000000|  0%| F|  |TAMS 0x000000021b000000, 0x000000021b000000| Untracked 
| 410|0x000000021c000000, 0x000000021c000000, 0x000000021d000000|  0%| F|  |TAMS 0x000000021c000000, 0x000000021c000000| Untracked 
| 411|0x000000021d000000, 0x000000021d000000, 0x000000021e000000|  0%| F|  |TAMS 0x000000021d000000, 0x000000021d000000| Untracked 
| 412|0x000000021e000000, 0x000000021e000000, 0x000000021f000000|  0%| F|  |TAMS 0x000000021e000000, 0x000000021e000000| Untracked 
| 413|0x000000021f000000, 0x000000021f000000, 0x0000000220000000|  0%| F|  |TAMS 0x000000021f000000, 0x000000021f000000| Untracked 
| 414|0x0000000220000000, 0x0000000220000000, 0x0000000221000000|  0%| F|  |TAMS 0x0000000220000000, 0x0000000220000000| Untracked 
| 415|0x0000000221000000, 0x0000000221000000, 0x0000000222000000|  0%| F|  |TAMS 0x0000000221000000, 0x0000000221000000| Untracked 
| 416|0x0000000222000000, 0x0000000222000000, 0x0000000223000000|  0%| F|  |TAMS 0x0000000222000000, 0x0000000222000000| Untracked 
| 417|0x0000000223000000, 0x0000000223000000, 0x0000000224000000|  0%| F|  |TAMS 0x0000000223000000, 0x0000000223000000| Untracked 
| 418|0x0000000224000000, 0x0000000224000000, 0x0000000225000000|  0%| F|  |TAMS 0x0000000224000000, 0x0000000224000000| Untracked 
| 419|0x0000000225000000, 0x0000000225000000, 0x0000000226000000|  0%| F|  |TAMS 0x0000000225000000, 0x0000000225000000| Untracked 
| 420|0x0000000226000000, 0x0000000226000000, 0x0000000227000000|  0%| F|  |TAMS 0x0000000226000000, 0x0000000226000000| Untracked 
| 421|0x0000000227000000, 0x0000000227000000, 0x0000000228000000|  0%| F|  |TAMS 0x0000000227000000, 0x0000000227000000| Untracked 
| 422|0x0000000228000000, 0x0000000228000000, 0x0000000229000000|  0%| F|  |TAMS 0x0000000228000000, 0x0000000228000000| Untracked 
| 423|0x0000000229000000, 0x0000000229000000, 0x000000022a000000|  0%| F|  |TAMS 0x0000000229000000, 0x0000000229000000| Untracked 
| 424|0x000000022a000000, 0x000000022a000000, 0x000000022b000000|  0%| F|  |TAMS 0x000000022a000000, 0x000000022a000000| Untracked 
| 425|0x000000022b000000, 0x000000022b000000, 0x000000022c000000|  0%| F|  |TAMS 0x000000022b000000, 0x000000022b000000| Untracked 
| 426|0x000000022c000000, 0x000000022c000000, 0x000000022d000000|  0%| F|  |TAMS 0x000000022c000000, 0x000000022c000000| Untracked 
| 427|0x000000022d000000, 0x000000022d000000, 0x000000022e000000|  0%| F|  |TAMS 0x000000022d000000, 0x000000022d000000| Untracked 
| 428|0x000000022e000000, 0x000000022e000000, 0x000000022f000000|  0%| F|  |TAMS 0x000000022e000000, 0x000000022e000000| Untracked 
| 429|0x000000022f000000, 0x000000022f000000, 0x0000000230000000|  0%| F|  |TAMS 0x000000022f000000, 0x000000022f000000| Untracked 
| 430|0x0000000230000000, 0x0000000230000000, 0x0000000231000000|  0%| F|  |TAMS 0x0000000230000000, 0x0000000230000000| Untracked 
| 431|0x0000000231000000, 0x0000000231000000, 0x0000000232000000|  0%| F|  |TAMS 0x0000000231000000, 0x0000000231000000| Untracked 
| 432|0x0000000232000000, 0x0000000232000000, 0x0000000233000000|  0%| F|  |TAMS 0x0000000232000000, 0x0000000232000000| Untracked 
| 433|0x0000000233000000, 0x0000000233000000, 0x0000000234000000|  0%| F|  |TAMS 0x0000000233000000, 0x0000000233000000| Untracked 
| 434|0x0000000234000000, 0x0000000234000000, 0x0000000235000000|  0%| F|  |TAMS 0x0000000234000000, 0x0000000234000000| Untracked 
| 435|0x0000000235000000, 0x0000000235000000, 0x0000000236000000|  0%| F|  |TAMS 0x0000000235000000, 0x0000000235000000| Untracked 
| 436|0x0000000236000000, 0x0000000236000000, 0x0000000237000000|  0%| F|  |TAMS 0x0000000236000000, 0x0000000236000000| Untracked 
| 437|0x0000000237000000, 0x0000000237000000, 0x0000000238000000|  0%| F|  |TAMS 0x0000000237000000, 0x0000000237000000| Untracked 
| 438|0x0000000238000000, 0x0000000238000000, 0x0000000239000000|  0%| F|  |TAMS 0x0000000238000000, 0x0000000238000000| Untracked 
| 439|0x0000000239000000, 0x0000000239000000, 0x000000023a000000|  0%| F|  |TAMS 0x0000000239000000, 0x0000000239000000| Untracked 
| 440|0x000000023a000000, 0x000000023a000000, 0x000000023b000000|  0%| F|  |TAMS 0x000000023a000000, 0x000000023a000000| Untracked 
| 441|0x000000023b000000, 0x000000023b000000, 0x000000023c000000|  0%| F|  |TAMS 0x000000023b000000, 0x000000023b000000| Untracked 
| 442|0x000000023c000000, 0x000000023c000000, 0x000000023d000000|  0%| F|  |TAMS 0x000000023c000000, 0x000000023c000000| Untracked 
| 443|0x000000023d000000, 0x000000023d000000, 0x000000023e000000|  0%| F|  |TAMS 0x000000023d000000, 0x000000023d000000| Untracked 
| 444|0x000000023e000000, 0x000000023e000000, 0x000000023f000000|  0%| F|  |TAMS 0x000000023e000000, 0x000000023e000000| Untracked 
| 445|0x000000023f000000, 0x000000023f000000, 0x0000000240000000|  0%| F|  |TAMS 0x000000023f000000, 0x000000023f000000| Untracked 
| 446|0x0000000240000000, 0x0000000240000000, 0x0000000241000000|  0%| F|  |TAMS 0x0000000240000000, 0x0000000240000000| Untracked 
| 447|0x0000000241000000, 0x0000000241000000, 0x0000000242000000|  0%| F|  |TAMS 0x0000000241000000, 0x0000000241000000| Untracked 
| 448|0x0000000242000000, 0x0000000242000000, 0x0000000243000000|  0%| F|  |TAMS 0x0000000242000000, 0x0000000242000000| Untracked 
| 449|0x0000000243000000, 0x0000000243000000, 0x0000000244000000|  0%| F|  |TAMS 0x0000000243000000, 0x0000000243000000| Untracked 
| 450|0x0000000244000000, 0x0000000244000000, 0x0000000245000000|  0%| F|  |TAMS 0x0000000244000000, 0x0000000244000000| Untracked 
| 451|0x0000000245000000, 0x0000000245000000, 0x0000000246000000|  0%| F|  |TAMS 0x0000000245000000, 0x0000000245000000| Untracked 
| 452|0x0000000246000000, 0x0000000246000000, 0x0000000247000000|  0%| F|  |TAMS 0x0000000246000000, 0x0000000246000000| Untracked 
| 453|0x0000000247000000, 0x0000000247000000, 0x0000000248000000|  0%| F|  |TAMS 0x0000000247000000, 0x0000000247000000| Untracked 
| 454|0x0000000248000000, 0x0000000248000000, 0x0000000249000000|  0%| F|  |TAMS 0x0000000248000000, 0x0000000248000000| Untracked 
| 455|0x0000000249000000, 0x0000000249000000, 0x000000024a000000|  0%| F|  |TAMS 0x0000000249000000, 0x0000000249000000| Untracked 
| 456|0x000000024a000000, 0x000000024a000000, 0x000000024b000000|  0%| F|  |TAMS 0x000000024a000000, 0x000000024a000000| Untracked 
| 457|0x000000024b000000, 0x000000024b000000, 0x000000024c000000|  0%| F|  |TAMS 0x000000024b000000, 0x000000024b000000| Untracked 
| 458|0x000000024c000000, 0x000000024c000000, 0x000000024d000000|  0%| F|  |TAMS 0x000000024c000000, 0x000000024c000000| Untracked 
| 459|0x000000024d000000, 0x000000024d000000, 0x000000024e000000|  0%| F|  |TAMS 0x000000024d000000, 0x000000024d000000| Untracked 
| 460|0x000000024e000000, 0x000000024e000000, 0x000000024f000000|  0%| F|  |TAMS 0x000000024e000000, 0x000000024e000000| Untracked 
| 461|0x000000024f000000, 0x000000024f000000, 0x0000000250000000|  0%| F|  |TAMS 0x000000024f000000, 0x000000024f000000| Untracked 
| 462|0x0000000250000000, 0x0000000250000000, 0x0000000251000000|  0%| F|  |TAMS 0x0000000250000000, 0x0000000250000000| Untracked 
| 463|0x0000000251000000, 0x0000000251000000, 0x0000000252000000|  0%| F|  |TAMS 0x0000000251000000, 0x0000000251000000| Untracked 
| 464|0x0000000252000000, 0x0000000252000000, 0x0000000253000000|  0%| F|  |TAMS 0x0000000252000000, 0x0000000252000000| Untracked 
| 465|0x0000000253000000, 0x0000000253000000, 0x0000000254000000|  0%| F|  |TAMS 0x0000000253000000, 0x0000000253000000| Untracked 
| 466|0x0000000254000000, 0x0000000254000000, 0x0000000255000000|  0%| F|  |TAMS 0x0000000254000000, 0x0000000254000000| Untracked 
| 467|0x0000000255000000, 0x0000000255000000, 0x0000000256000000|  0%| F|  |TAMS 0x0000000255000000, 0x0000000255000000| Untracked 
| 468|0x0000000256000000, 0x0000000256000000, 0x0000000257000000|  0%| F|  |TAMS 0x0000000256000000, 0x0000000256000000| Untracked 
| 469|0x0000000257000000, 0x0000000257000000, 0x0000000258000000|  0%| F|  |TAMS 0x0000000257000000, 0x0000000257000000| Untracked 
| 470|0x0000000258000000, 0x0000000258000000, 0x0000000259000000|  0%| F|  |TAMS 0x0000000258000000, 0x0000000258000000| Untracked 
| 471|0x0000000259000000, 0x0000000259000000, 0x000000025a000000|  0%| F|  |TAMS 0x0000000259000000, 0x0000000259000000| Untracked 
| 472|0x000000025a000000, 0x000000025a000000, 0x000000025b000000|  0%| F|  |TAMS 0x000000025a000000, 0x000000025a000000| Untracked 
| 473|0x000000025b000000, 0x000000025b000000, 0x000000025c000000|  0%| F|  |TAMS 0x000000025b000000, 0x000000025b000000| Untracked 
| 474|0x000000025c000000, 0x000000025c000000, 0x000000025d000000|  0%| F|  |TAMS 0x000000025c000000, 0x000000025c000000| Untracked 
| 475|0x000000025d000000, 0x000000025d000000, 0x000000025e000000|  0%| F|  |TAMS 0x000000025d000000, 0x000000025d000000| Untracked 
| 476|0x000000025e000000, 0x000000025e000000, 0x000000025f000000|  0%| F|  |TAMS 0x000000025e000000, 0x000000025e000000| Untracked 
| 477|0x000000025f000000, 0x000000025f000000, 0x0000000260000000|  0%| F|  |TAMS 0x000000025f000000, 0x000000025f000000| Untracked 
| 478|0x0000000260000000, 0x0000000260000000, 0x0000000261000000|  0%| F|  |TAMS 0x0000000260000000, 0x0000000260000000| Untracked 
| 479|0x0000000261000000, 0x0000000261000000, 0x0000000262000000|  0%| F|  |TAMS 0x0000000261000000, 0x0000000261000000| Untracked 
| 480|0x0000000262000000, 0x0000000262000000, 0x0000000263000000|  0%| F|  |TAMS 0x0000000262000000, 0x0000000262000000| Untracked 
| 481|0x0000000263000000, 0x0000000263000000, 0x0000000264000000|  0%| F|  |TAMS 0x0000000263000000, 0x0000000263000000| Untracked 
| 482|0x0000000264000000, 0x0000000264000000, 0x0000000265000000|  0%| F|  |TAMS 0x0000000264000000, 0x0000000264000000| Untracked 
| 483|0x0000000265000000, 0x0000000265000000, 0x0000000266000000|  0%| F|  |TAMS 0x0000000265000000, 0x0000000265000000| Untracked 
| 484|0x0000000266000000, 0x0000000266000000, 0x0000000267000000|  0%| F|  |TAMS 0x0000000266000000, 0x0000000266000000| Untracked 
| 485|0x0000000267000000, 0x0000000267000000, 0x0000000268000000|  0%| F|  |TAMS 0x0000000267000000, 0x0000000267000000| Untracked 
| 486|0x0000000268000000, 0x0000000268000000, 0x0000000269000000|  0%| F|  |TAMS 0x0000000268000000, 0x0000000268000000| Untracked 
| 487|0x0000000269000000, 0x0000000269000000, 0x000000026a000000|  0%| F|  |TAMS 0x0000000269000000, 0x0000000269000000| Untracked 
| 488|0x000000026a000000, 0x000000026a000000, 0x000000026b000000|  0%| F|  |TAMS 0x000000026a000000, 0x000000026a000000| Untracked 
| 489|0x000000026b000000, 0x000000026b000000, 0x000000026c000000|  0%| F|  |TAMS 0x000000026b000000, 0x000000026b000000| Untracked 
| 490|0x000000026c000000, 0x000000026c000000, 0x000000026d000000|  0%| F|  |TAMS 0x000000026c000000, 0x000000026c000000| Untracked 
| 491|0x000000026d000000, 0x000000026d000000, 0x000000026e000000|  0%| F|  |TAMS 0x000000026d000000, 0x000000026d000000| Untracked 
| 492|0x000000026e000000, 0x000000026e000000, 0x000000026f000000|  0%| F|  |TAMS 0x000000026e000000, 0x000000026e000000| Untracked 
| 493|0x000000026f000000, 0x000000026f000000, 0x0000000270000000|  0%| F|  |TAMS 0x000000026f000000, 0x000000026f000000| Untracked 
| 494|0x0000000270000000, 0x0000000270000000, 0x0000000271000000|  0%| F|  |TAMS 0x0000000270000000, 0x0000000270000000| Untracked 
| 495|0x0000000271000000, 0x0000000271000000, 0x0000000272000000|  0%| F|  |TAMS 0x0000000271000000, 0x0000000271000000| Untracked 
| 496|0x0000000272000000, 0x0000000272000000, 0x0000000273000000|  0%| F|  |TAMS 0x0000000272000000, 0x0000000272000000| Untracked 
| 497|0x0000000273000000, 0x0000000273000000, 0x0000000274000000|  0%| F|  |TAMS 0x0000000273000000, 0x0000000273000000| Untracked 
| 498|0x0000000274000000, 0x0000000274000000, 0x0000000275000000|  0%| F|  |TAMS 0x0000000274000000, 0x0000000274000000| Untracked 
| 499|0x0000000275000000, 0x0000000275000000, 0x0000000276000000|  0%| F|  |TAMS 0x0000000275000000, 0x0000000275000000| Untracked 
| 500|0x0000000276000000, 0x0000000276000000, 0x0000000277000000|  0%| F|  |TAMS 0x0000000276000000, 0x0000000276000000| Untracked 
| 501|0x0000000277000000, 0x0000000277000000, 0x0000000278000000|  0%| F|  |TAMS 0x0000000277000000, 0x0000000277000000| Untracked 
| 502|0x0000000278000000, 0x0000000278000000, 0x0000000279000000|  0%| F|  |TAMS 0x0000000278000000, 0x0000000278000000| Untracked 
| 503|0x0000000279000000, 0x0000000279000000, 0x000000027a000000|  0%| F|  |TAMS 0x0000000279000000, 0x0000000279000000| Untracked 
| 504|0x000000027a000000, 0x000000027a000000, 0x000000027b000000|  0%| F|  |TAMS 0x000000027a000000, 0x000000027a000000| Untracked 
| 505|0x000000027b000000, 0x000000027b000000, 0x000000027c000000|  0%| F|  |TAMS 0x000000027b000000, 0x000000027b000000| Untracked 
| 506|0x000000027c000000, 0x000000027c000000, 0x000000027d000000|  0%| F|  |TAMS 0x000000027c000000, 0x000000027c000000| Untracked 
| 507|0x000000027d000000, 0x000000027d000000, 0x000000027e000000|  0%| F|  |TAMS 0x000000027d000000, 0x000000027d000000| Untracked 
| 508|0x000000027e000000, 0x000000027e000000, 0x000000027f000000|  0%| F|  |TAMS 0x000000027e000000, 0x000000027e000000| Untracked 
| 509|0x000000027f000000, 0x000000027f000000, 0x0000000280000000|  0%| F|  |TAMS 0x000000027f000000, 0x000000027f000000| Untracked 
| 510|0x0000000280000000, 0x0000000280000000, 0x0000000281000000|  0%| F|  |TAMS 0x0000000280000000, 0x0000000280000000| Untracked 
| 511|0x0000000281000000, 0x0000000281000000, 0x0000000282000000|  0%| F|  |TAMS 0x0000000281000000, 0x0000000281000000| Untracked 
| 512|0x0000000282000000, 0x0000000282000000, 0x0000000283000000|  0%| F|  |TAMS 0x0000000282000000, 0x0000000282000000| Untracked 
| 513|0x0000000283000000, 0x0000000283000000, 0x0000000284000000|  0%| F|  |TAMS 0x0000000283000000, 0x0000000283000000| Untracked 
| 514|0x0000000284000000, 0x0000000284000000, 0x0000000285000000|  0%| F|  |TAMS 0x0000000284000000, 0x0000000284000000| Untracked 
| 515|0x0000000285000000, 0x0000000285000000, 0x0000000286000000|  0%| F|  |TAMS 0x0000000285000000, 0x0000000285000000| Untracked 
| 516|0x0000000286000000, 0x0000000286000000, 0x0000000287000000|  0%| F|  |TAMS 0x0000000286000000, 0x0000000286000000| Untracked 
| 517|0x0000000287000000, 0x0000000287000000, 0x0000000288000000|  0%| F|  |TAMS 0x0000000287000000, 0x0000000287000000| Untracked 
| 518|0x0000000288000000, 0x0000000288000000, 0x0000000289000000|  0%| F|  |TAMS 0x0000000288000000, 0x0000000288000000| Untracked 
| 519|0x0000000289000000, 0x0000000289000000, 0x000000028a000000|  0%| F|  |TAMS 0x0000000289000000, 0x0000000289000000| Untracked 
| 520|0x000000028a000000, 0x000000028a000000, 0x000000028b000000|  0%| F|  |TAMS 0x000000028a000000, 0x000000028a000000| Untracked 
| 521|0x000000028b000000, 0x000000028b000000, 0x000000028c000000|  0%| F|  |TAMS 0x000000028b000000, 0x000000028b000000| Untracked 
| 522|0x000000028c000000, 0x000000028c000000, 0x000000028d000000|  0%| F|  |TAMS 0x000000028c000000, 0x000000028c000000| Untracked 
| 523|0x000000028d000000, 0x000000028d000000, 0x000000028e000000|  0%| F|  |TAMS 0x000000028d000000, 0x000000028d000000| Untracked 
| 524|0x000000028e000000, 0x000000028e000000, 0x000000028f000000|  0%| F|  |TAMS 0x000000028e000000, 0x000000028e000000| Untracked 
| 525|0x000000028f000000, 0x000000028f000000, 0x0000000290000000|  0%| F|  |TAMS 0x000000028f000000, 0x000000028f000000| Untracked 
| 526|0x0000000290000000, 0x0000000290000000, 0x0000000291000000|  0%| F|  |TAMS 0x0000000290000000, 0x0000000290000000| Untracked 
| 527|0x0000000291000000, 0x0000000291000000, 0x0000000292000000|  0%| F|  |TAMS 0x0000000291000000, 0x0000000291000000| Untracked 
| 528|0x0000000292000000, 0x0000000292000000, 0x0000000293000000|  0%| F|  |TAMS 0x0000000292000000, 0x0000000292000000| Untracked 
| 529|0x0000000293000000, 0x0000000293000000, 0x0000000294000000|  0%| F|  |TAMS 0x0000000293000000, 0x0000000293000000| Untracked 
| 530|0x0000000294000000, 0x0000000294000000, 0x0000000295000000|  0%| F|  |TAMS 0x0000000294000000, 0x0000000294000000| Untracked 
| 531|0x0000000295000000, 0x0000000295000000, 0x0000000296000000|  0%| F|  |TAMS 0x0000000295000000, 0x0000000295000000| Untracked 
| 532|0x0000000296000000, 0x0000000296000000, 0x0000000297000000|  0%| F|  |TAMS 0x0000000296000000, 0x0000000296000000| Untracked 
| 533|0x0000000297000000, 0x0000000297000000, 0x0000000298000000|  0%| F|  |TAMS 0x0000000297000000, 0x0000000297000000| Untracked 
| 534|0x0000000298000000, 0x0000000298000000, 0x0000000299000000|  0%| F|  |TAMS 0x0000000298000000, 0x0000000298000000| Untracked 
| 535|0x0000000299000000, 0x0000000299000000, 0x000000029a000000|  0%| F|  |TAMS 0x0000000299000000, 0x0000000299000000| Untracked 
| 536|0x000000029a000000, 0x000000029a000000, 0x000000029b000000|  0%| F|  |TAMS 0x000000029a000000, 0x000000029a000000| Untracked 
| 537|0x000000029b000000, 0x000000029b000000, 0x000000029c000000|  0%| F|  |TAMS 0x000000029b000000, 0x000000029b000000| Untracked 
| 538|0x000000029c000000, 0x000000029c000000, 0x000000029d000000|  0%| F|  |TAMS 0x000000029c000000, 0x000000029c000000| Untracked 
| 539|0x000000029d000000, 0x000000029d000000, 0x000000029e000000|  0%| F|  |TAMS 0x000000029d000000, 0x000000029d000000| Untracked 
| 540|0x000000029e000000, 0x000000029e000000, 0x000000029f000000|  0%| F|  |TAMS 0x000000029e000000, 0x000000029e000000| Untracked 
| 541|0x000000029f000000, 0x000000029f000000, 0x00000002a0000000|  0%| F|  |TAMS 0x000000029f000000, 0x000000029f000000| Untracked 
| 542|0x00000002a0000000, 0x00000002a0000000, 0x00000002a1000000|  0%| F|  |TAMS 0x00000002a0000000, 0x00000002a0000000| Untracked 
| 543|0x00000002a1000000, 0x00000002a1000000, 0x00000002a2000000|  0%| F|  |TAMS 0x00000002a1000000, 0x00000002a1000000| Untracked 
| 544|0x00000002a2000000, 0x00000002a2000000, 0x00000002a3000000|  0%| F|  |TAMS 0x00000002a2000000, 0x00000002a2000000| Untracked 
| 545|0x00000002a3000000, 0x00000002a3000000, 0x00000002a4000000|  0%| F|  |TAMS 0x00000002a3000000, 0x00000002a3000000| Untracked 
| 546|0x00000002a4000000, 0x00000002a4000000, 0x00000002a5000000|  0%| F|  |TAMS 0x00000002a4000000, 0x00000002a4000000| Untracked 
| 547|0x00000002a5000000, 0x00000002a5000000, 0x00000002a6000000|  0%| F|  |TAMS 0x00000002a5000000, 0x00000002a5000000| Untracked 
| 548|0x00000002a6000000, 0x00000002a6000000, 0x00000002a7000000|  0%| F|  |TAMS 0x00000002a6000000, 0x00000002a6000000| Untracked 
| 549|0x00000002a7000000, 0x00000002a7000000, 0x00000002a8000000|  0%| F|  |TAMS 0x00000002a7000000, 0x00000002a7000000| Untracked 
| 550|0x00000002a8000000, 0x00000002a8000000, 0x00000002a9000000|  0%| F|  |TAMS 0x00000002a8000000, 0x00000002a8000000| Untracked 
| 551|0x00000002a9000000, 0x00000002a9000000, 0x00000002aa000000|  0%| F|  |TAMS 0x00000002a9000000, 0x00000002a9000000| Untracked 
| 552|0x00000002aa000000, 0x00000002aa000000, 0x00000002ab000000|  0%| F|  |TAMS 0x00000002aa000000, 0x00000002aa000000| Untracked 
| 553|0x00000002ab000000, 0x00000002ab000000, 0x00000002ac000000|  0%| F|  |TAMS 0x00000002ab000000, 0x00000002ab000000| Untracked 
| 554|0x00000002ac000000, 0x00000002ac000000, 0x00000002ad000000|  0%| F|  |TAMS 0x00000002ac000000, 0x00000002ac000000| Untracked 
| 555|0x00000002ad000000, 0x00000002ad000000, 0x00000002ae000000|  0%| F|  |TAMS 0x00000002ad000000, 0x00000002ad000000| Untracked 
| 556|0x00000002ae000000, 0x00000002ae000000, 0x00000002af000000|  0%| F|  |TAMS 0x00000002ae000000, 0x00000002ae000000| Untracked 
| 557|0x00000002af000000, 0x00000002af000000, 0x00000002b0000000|  0%| F|  |TAMS 0x00000002af000000, 0x00000002af000000| Untracked 
| 558|0x00000002b0000000, 0x00000002b0000000, 0x00000002b1000000|  0%| F|  |TAMS 0x00000002b0000000, 0x00000002b0000000| Untracked 
| 559|0x00000002b1000000, 0x00000002b1000000, 0x00000002b2000000|  0%| F|  |TAMS 0x00000002b1000000, 0x00000002b1000000| Untracked 
| 560|0x00000002b2000000, 0x00000002b2000000, 0x00000002b3000000|  0%| F|  |TAMS 0x00000002b2000000, 0x00000002b2000000| Untracked 
| 561|0x00000002b3000000, 0x00000002b3000000, 0x00000002b4000000|  0%| F|  |TAMS 0x00000002b3000000, 0x00000002b3000000| Untracked 
| 562|0x00000002b4000000, 0x00000002b4000000, 0x00000002b5000000|  0%| F|  |TAMS 0x00000002b4000000, 0x00000002b4000000| Untracked 
| 563|0x00000002b5000000, 0x00000002b5000000, 0x00000002b6000000|  0%| F|  |TAMS 0x00000002b5000000, 0x00000002b5000000| Untracked 
| 564|0x00000002b6000000, 0x00000002b6000000, 0x00000002b7000000|  0%| F|  |TAMS 0x00000002b6000000, 0x00000002b6000000| Untracked 
| 565|0x00000002b7000000, 0x00000002b7000000, 0x00000002b8000000|  0%| F|  |TAMS 0x00000002b7000000, 0x00000002b7000000| Untracked 
| 566|0x00000002b8000000, 0x00000002b8000000, 0x00000002b9000000|  0%| F|  |TAMS 0x00000002b8000000, 0x00000002b8000000| Untracked 
| 567|0x00000002b9000000, 0x00000002b9000000, 0x00000002ba000000|  0%| F|  |TAMS 0x00000002b9000000, 0x00000002b9000000| Untracked 
| 568|0x00000002ba000000, 0x00000002ba000000, 0x00000002bb000000|  0%| F|  |TAMS 0x00000002ba000000, 0x00000002ba000000| Untracked 
| 569|0x00000002bb000000, 0x00000002bb000000, 0x00000002bc000000|  0%| F|  |TAMS 0x00000002bb000000, 0x00000002bb000000| Untracked 
| 570|0x00000002bc000000, 0x00000002bc000000, 0x00000002bd000000|  0%| F|  |TAMS 0x00000002bc000000, 0x00000002bc000000| Untracked 
| 571|0x00000002bd000000, 0x00000002bd000000, 0x00000002be000000|  0%| F|  |TAMS 0x00000002bd000000, 0x00000002bd000000| Untracked 
| 572|0x00000002be000000, 0x00000002be000000, 0x00000002bf000000|  0%| F|  |TAMS 0x00000002be000000, 0x00000002be000000| Untracked 
| 573|0x00000002bf000000, 0x00000002bf000000, 0x00000002c0000000|  0%| F|  |TAMS 0x00000002bf000000, 0x00000002bf000000| Untracked 
| 574|0x00000002c0000000, 0x00000002c0000000, 0x00000002c1000000|  0%| F|  |TAMS 0x00000002c0000000, 0x00000002c0000000| Untracked 
| 575|0x00000002c1000000, 0x00000002c1000000, 0x00000002c2000000|  0%| F|  |TAMS 0x00000002c1000000, 0x00000002c1000000| Untracked 
| 576|0x00000002c2000000, 0x00000002c2000000, 0x00000002c3000000|  0%| F|  |TAMS 0x00000002c2000000, 0x00000002c2000000| Untracked 
| 577|0x00000002c3000000, 0x00000002c3000000, 0x00000002c4000000|  0%| F|  |TAMS 0x00000002c3000000, 0x00000002c3000000| Untracked 
| 578|0x00000002c4000000, 0x00000002c4000000, 0x00000002c5000000|  0%| F|  |TAMS 0x00000002c4000000, 0x00000002c4000000| Untracked 
| 579|0x00000002c5000000, 0x00000002c5000000, 0x00000002c6000000|  0%| F|  |TAMS 0x00000002c5000000, 0x00000002c5000000| Untracked 
| 580|0x00000002c6000000, 0x00000002c6000000, 0x00000002c7000000|  0%| F|  |TAMS 0x00000002c6000000, 0x00000002c6000000| Untracked 
| 581|0x00000002c7000000, 0x00000002c7000000, 0x00000002c8000000|  0%| F|  |TAMS 0x00000002c7000000, 0x00000002c7000000| Untracked 
| 582|0x00000002c8000000, 0x00000002c8000000, 0x00000002c9000000|  0%| F|  |TAMS 0x00000002c8000000, 0x00000002c8000000| Untracked 
| 583|0x00000002c9000000, 0x00000002c9000000, 0x00000002ca000000|  0%| F|  |TAMS 0x00000002c9000000, 0x00000002c9000000| Untracked 
| 584|0x00000002ca000000, 0x00000002ca000000, 0x00000002cb000000|  0%| F|  |TAMS 0x00000002ca000000, 0x00000002ca000000| Untracked 
| 585|0x00000002cb000000, 0x00000002cb000000, 0x00000002cc000000|  0%| F|  |TAMS 0x00000002cb000000, 0x00000002cb000000| Untracked 
| 586|0x00000002cc000000, 0x00000002cc000000, 0x00000002cd000000|  0%| F|  |TAMS 0x00000002cc000000, 0x00000002cc000000| Untracked 
| 587|0x00000002cd000000, 0x00000002cd000000, 0x00000002ce000000|  0%| F|  |TAMS 0x00000002cd000000, 0x00000002cd000000| Untracked 
| 588|0x00000002ce000000, 0x00000002ce000000, 0x00000002cf000000|  0%| F|  |TAMS 0x00000002ce000000, 0x00000002ce000000| Untracked 
| 589|0x00000002cf000000, 0x00000002cf000000, 0x00000002d0000000|  0%| F|  |TAMS 0x00000002cf000000, 0x00000002cf000000| Untracked 
| 590|0x00000002d0000000, 0x00000002d0000000, 0x00000002d1000000|  0%| F|  |TAMS 0x00000002d0000000, 0x00000002d0000000| Untracked 
| 591|0x00000002d1000000, 0x00000002d1000000, 0x00000002d2000000|  0%| F|  |TAMS 0x00000002d1000000, 0x00000002d1000000| Untracked 
| 592|0x00000002d2000000, 0x00000002d2000000, 0x00000002d3000000|  0%| F|  |TAMS 0x00000002d2000000, 0x00000002d2000000| Untracked 
| 593|0x00000002d3000000, 0x00000002d3000000, 0x00000002d4000000|  0%| F|  |TAMS 0x00000002d3000000, 0x00000002d3000000| Untracked 
| 594|0x00000002d4000000, 0x00000002d4000000, 0x00000002d5000000|  0%| F|  |TAMS 0x00000002d4000000, 0x00000002d4000000| Untracked 
| 595|0x00000002d5000000, 0x00000002d5000000, 0x00000002d6000000|  0%| F|  |TAMS 0x00000002d5000000, 0x00000002d5000000| Untracked 
| 596|0x00000002d6000000, 0x00000002d6000000, 0x00000002d7000000|  0%| F|  |TAMS 0x00000002d6000000, 0x00000002d6000000| Untracked 
| 597|0x00000002d7000000, 0x00000002d7000000, 0x00000002d8000000|  0%| F|  |TAMS 0x00000002d7000000, 0x00000002d7000000| Untracked 
| 598|0x00000002d8000000, 0x00000002d8000000, 0x00000002d9000000|  0%| F|  |TAMS 0x00000002d8000000, 0x00000002d8000000| Untracked 
| 599|0x00000002d9000000, 0x00000002d9000000, 0x00000002da000000|  0%| F|  |TAMS 0x00000002d9000000, 0x00000002d9000000| Untracked 
| 600|0x00000002da000000, 0x00000002da000000, 0x00000002db000000|  0%| F|  |TAMS 0x00000002da000000, 0x00000002da000000| Untracked 
| 601|0x00000002db000000, 0x00000002db000000, 0x00000002dc000000|  0%| F|  |TAMS 0x00000002db000000, 0x00000002db000000| Untracked 
| 602|0x00000002dc000000, 0x00000002dc000000, 0x00000002dd000000|  0%| F|  |TAMS 0x00000002dc000000, 0x00000002dc000000| Untracked 
| 603|0x00000002dd000000, 0x00000002dd000000, 0x00000002de000000|  0%| F|  |TAMS 0x00000002dd000000, 0x00000002dd000000| Untracked 
| 604|0x00000002de000000, 0x00000002de000000, 0x00000002df000000|  0%| F|  |TAMS 0x00000002de000000, 0x00000002de000000| Untracked 
| 605|0x00000002df000000, 0x00000002df000000, 0x00000002e0000000|  0%| F|  |TAMS 0x00000002df000000, 0x00000002df000000| Untracked 
| 606|0x00000002e0000000, 0x00000002e0000000, 0x00000002e1000000|  0%| F|  |TAMS 0x00000002e0000000, 0x00000002e0000000| Untracked 
| 607|0x00000002e1000000, 0x00000002e1000000, 0x00000002e2000000|  0%| F|  |TAMS 0x00000002e1000000, 0x00000002e1000000| Untracked 
| 608|0x00000002e2000000, 0x00000002e2000000, 0x00000002e3000000|  0%| F|  |TAMS 0x00000002e2000000, 0x00000002e2000000| Untracked 
| 609|0x00000002e3000000, 0x00000002e3000000, 0x00000002e4000000|  0%| F|  |TAMS 0x00000002e3000000, 0x00000002e3000000| Untracked 
| 610|0x00000002e4000000, 0x00000002e4000000, 0x00000002e5000000|  0%| F|  |TAMS 0x00000002e4000000, 0x00000002e4000000| Untracked 
| 611|0x00000002e5000000, 0x00000002e5000000, 0x00000002e6000000|  0%| F|  |TAMS 0x00000002e5000000, 0x00000002e5000000| Untracked 
| 612|0x00000002e6000000, 0x00000002e6000000, 0x00000002e7000000|  0%| F|  |TAMS 0x00000002e6000000, 0x00000002e6000000| Untracked 
| 613|0x00000002e7000000, 0x00000002e7000000, 0x00000002e8000000|  0%| F|  |TAMS 0x00000002e7000000, 0x00000002e7000000| Untracked 
| 614|0x00000002e8000000, 0x00000002e8000000, 0x00000002e9000000|  0%| F|  |TAMS 0x00000002e8000000, 0x00000002e8000000| Untracked 
| 615|0x00000002e9000000, 0x00000002e9000000, 0x00000002ea000000|  0%| F|  |TAMS 0x00000002e9000000, 0x00000002e9000000| Untracked 
| 616|0x00000002ea000000, 0x00000002ea000000, 0x00000002eb000000|  0%| F|  |TAMS 0x00000002ea000000, 0x00000002ea000000| Untracked 
| 617|0x00000002eb000000, 0x00000002eb000000, 0x00000002ec000000|  0%| F|  |TAMS 0x00000002eb000000, 0x00000002eb000000| Untracked 
| 618|0x00000002ec000000, 0x00000002ec000000, 0x00000002ed000000|  0%| F|  |TAMS 0x00000002ec000000, 0x00000002ec000000| Untracked 
| 619|0x00000002ed000000, 0x00000002ed000000, 0x00000002ee000000|  0%| F|  |TAMS 0x00000002ed000000, 0x00000002ed000000| Untracked 
| 620|0x00000002ee000000, 0x00000002ee000000, 0x00000002ef000000|  0%| F|  |TAMS 0x00000002ee000000, 0x00000002ee000000| Untracked 
| 621|0x00000002ef000000, 0x00000002ef000000, 0x00000002f0000000|  0%| F|  |TAMS 0x00000002ef000000, 0x00000002ef000000| Untracked 
| 622|0x00000002f0000000, 0x00000002f0000000, 0x00000002f1000000|  0%| F|  |TAMS 0x00000002f0000000, 0x00000002f0000000| Untracked 
| 623|0x00000002f1000000, 0x00000002f1000000, 0x00000002f2000000|  0%| F|  |TAMS 0x00000002f1000000, 0x00000002f1000000| Untracked 
| 624|0x00000002f2000000, 0x00000002f2000000, 0x00000002f3000000|  0%| F|  |TAMS 0x00000002f2000000, 0x00000002f2000000| Untracked 
| 625|0x00000002f3000000, 0x00000002f3000000, 0x00000002f4000000|  0%| F|  |TAMS 0x00000002f3000000, 0x00000002f3000000| Untracked 
| 626|0x00000002f4000000, 0x00000002f4000000, 0x00000002f5000000|  0%| F|  |TAMS 0x00000002f4000000, 0x00000002f4000000| Untracked 
| 627|0x00000002f5000000, 0x00000002f5000000, 0x00000002f6000000|  0%| F|  |TAMS 0x00000002f5000000, 0x00000002f5000000| Untracked 
| 628|0x00000002f6000000, 0x00000002f6000000, 0x00000002f7000000|  0%| F|  |TAMS 0x00000002f6000000, 0x00000002f6000000| Untracked 
| 629|0x00000002f7000000, 0x00000002f7000000, 0x00000002f8000000|  0%| F|  |TAMS 0x00000002f7000000, 0x00000002f7000000| Untracked 
| 630|0x00000002f8000000, 0x00000002f8000000, 0x00000002f9000000|  0%| F|  |TAMS 0x00000002f8000000, 0x00000002f8000000| Untracked 
| 631|0x00000002f9000000, 0x00000002f9000000, 0x00000002fa000000|  0%| F|  |TAMS 0x00000002f9000000, 0x00000002f9000000| Untracked 
| 632|0x00000002fa000000, 0x00000002fa000000, 0x00000002fb000000|  0%| F|  |TAMS 0x00000002fa000000, 0x00000002fa000000| Untracked 
| 633|0x00000002fb000000, 0x00000002fb000000, 0x00000002fc000000|  0%| F|  |TAMS 0x00000002fb000000, 0x00000002fb000000| Untracked 
| 634|0x00000002fc000000, 0x00000002fc000000, 0x00000002fd000000|  0%| F|  |TAMS 0x00000002fc000000, 0x00000002fc000000| Untracked 
| 635|0x00000002fd000000, 0x00000002fd000000, 0x00000002fe000000|  0%| F|  |TAMS 0x00000002fd000000, 0x00000002fd000000| Untracked 
| 636|0x00000002fe000000, 0x00000002fe000000, 0x00000002ff000000|  0%| F|  |TAMS 0x00000002fe000000, 0x00000002fe000000| Untracked 
| 637|0x00000002ff000000, 0x00000002ff000000, 0x0000000300000000|  0%| F|  |TAMS 0x00000002ff000000, 0x00000002ff000000| Untracked 
| 638|0x0000000300000000, 0x0000000300000000, 0x0000000301000000|  0%| F|  |TAMS 0x0000000300000000, 0x0000000300000000| Untracked 
| 639|0x0000000301000000, 0x0000000301000000, 0x0000000302000000|  0%| F|  |TAMS 0x0000000301000000, 0x0000000301000000| Untracked 
| 640|0x0000000302000000, 0x0000000302000000, 0x0000000303000000|  0%| F|  |TAMS 0x0000000302000000, 0x0000000302000000| Untracked 
| 641|0x0000000303000000, 0x0000000303000000, 0x0000000304000000|  0%| F|  |TAMS 0x0000000303000000, 0x0000000303000000| Untracked 
| 642|0x0000000304000000, 0x0000000304000000, 0x0000000305000000|  0%| F|  |TAMS 0x0000000304000000, 0x0000000304000000| Untracked 
| 643|0x0000000305000000, 0x0000000305000000, 0x0000000306000000|  0%| F|  |TAMS 0x0000000305000000, 0x0000000305000000| Untracked 
| 644|0x0000000306000000, 0x0000000306000000, 0x0000000307000000|  0%| F|  |TAMS 0x0000000306000000, 0x0000000306000000| Untracked 
| 645|0x0000000307000000, 0x0000000307000000, 0x0000000308000000|  0%| F|  |TAMS 0x0000000307000000, 0x0000000307000000| Untracked 
| 646|0x0000000308000000, 0x0000000308000000, 0x0000000309000000|  0%| F|  |TAMS 0x0000000308000000, 0x0000000308000000| Untracked 
| 647|0x0000000309000000, 0x0000000309000000, 0x000000030a000000|  0%| F|  |TAMS 0x0000000309000000, 0x0000000309000000| Untracked 
| 648|0x000000030a000000, 0x000000030a000000, 0x000000030b000000|  0%| F|  |TAMS 0x000000030a000000, 0x000000030a000000| Untracked 
| 649|0x000000030b000000, 0x000000030b000000, 0x000000030c000000|  0%| F|  |TAMS 0x000000030b000000, 0x000000030b000000| Untracked 
| 650|0x000000030c000000, 0x000000030c000000, 0x000000030d000000|  0%| F|  |TAMS 0x000000030c000000, 0x000000030c000000| Untracked 
| 651|0x000000030d000000, 0x000000030d000000, 0x000000030e000000|  0%| F|  |TAMS 0x000000030d000000, 0x000000030d000000| Untracked 
| 652|0x000000030e000000, 0x000000030e000000, 0x000000030f000000|  0%| F|  |TAMS 0x000000030e000000, 0x000000030e000000| Untracked 
| 653|0x000000030f000000, 0x000000030f000000, 0x0000000310000000|  0%| F|  |TAMS 0x000000030f000000, 0x000000030f000000| Untracked 
| 654|0x0000000310000000, 0x0000000310000000, 0x0000000311000000|  0%| F|  |TAMS 0x0000000310000000, 0x0000000310000000| Untracked 
| 655|0x0000000311000000, 0x0000000311000000, 0x0000000312000000|  0%| F|  |TAMS 0x0000000311000000, 0x0000000311000000| Untracked 
| 656|0x0000000312000000, 0x0000000312000000, 0x0000000313000000|  0%| F|  |TAMS 0x0000000312000000, 0x0000000312000000| Untracked 
| 657|0x0000000313000000, 0x0000000313000000, 0x0000000314000000|  0%| F|  |TAMS 0x0000000313000000, 0x0000000313000000| Untracked 
| 658|0x0000000314000000, 0x0000000314000000, 0x0000000315000000|  0%| F|  |TAMS 0x0000000314000000, 0x0000000314000000| Untracked 
| 659|0x0000000315000000, 0x0000000315000000, 0x0000000316000000|  0%| F|  |TAMS 0x0000000315000000, 0x0000000315000000| Untracked 
| 660|0x0000000316000000, 0x0000000316000000, 0x0000000317000000|  0%| F|  |TAMS 0x0000000316000000, 0x0000000316000000| Untracked 
| 661|0x0000000317000000, 0x0000000317000000, 0x0000000318000000|  0%| F|  |TAMS 0x0000000317000000, 0x0000000317000000| Untracked 
| 662|0x0000000318000000, 0x0000000318000000, 0x0000000319000000|  0%| F|  |TAMS 0x0000000318000000, 0x0000000318000000| Untracked 
| 663|0x0000000319000000, 0x0000000319000000, 0x000000031a000000|  0%| F|  |TAMS 0x0000000319000000, 0x0000000319000000| Untracked 
| 664|0x000000031a000000, 0x000000031a000000, 0x000000031b000000|  0%| F|  |TAMS 0x000000031a000000, 0x000000031a000000| Untracked 
| 665|0x000000031b000000, 0x000000031b000000, 0x000000031c000000|  0%| F|  |TAMS 0x000000031b000000, 0x000000031b000000| Untracked 
| 666|0x000000031c000000, 0x000000031c000000, 0x000000031d000000|  0%| F|  |TAMS 0x000000031c000000, 0x000000031c000000| Untracked 
| 667|0x000000031d000000, 0x000000031d000000, 0x000000031e000000|  0%| F|  |TAMS 0x000000031d000000, 0x000000031d000000| Untracked 
| 668|0x000000031e000000, 0x000000031e000000, 0x000000031f000000|  0%| F|  |TAMS 0x000000031e000000, 0x000000031e000000| Untracked 
| 669|0x000000031f000000, 0x000000031f000000, 0x0000000320000000|  0%| F|  |TAMS 0x000000031f000000, 0x000000031f000000| Untracked 
| 670|0x0000000320000000, 0x0000000320000000, 0x0000000321000000|  0%| F|  |TAMS 0x0000000320000000, 0x0000000320000000| Untracked 
| 671|0x0000000321000000, 0x0000000321000000, 0x0000000322000000|  0%| F|  |TAMS 0x0000000321000000, 0x0000000321000000| Untracked 
| 672|0x0000000322000000, 0x0000000322000000, 0x0000000323000000|  0%| F|  |TAMS 0x0000000322000000, 0x0000000322000000| Untracked 
| 673|0x0000000323000000, 0x0000000323000000, 0x0000000324000000|  0%| F|  |TAMS 0x0000000323000000, 0x0000000323000000| Untracked 
| 674|0x0000000324000000, 0x0000000324000000, 0x0000000325000000|  0%| F|  |TAMS 0x0000000324000000, 0x0000000324000000| Untracked 
| 675|0x0000000325000000, 0x0000000325000000, 0x0000000326000000|  0%| F|  |TAMS 0x0000000325000000, 0x0000000325000000| Untracked 
| 676|0x0000000326000000, 0x0000000326000000, 0x0000000327000000|  0%| F|  |TAMS 0x0000000326000000, 0x0000000326000000| Untracked 
| 677|0x0000000327000000, 0x0000000327000000, 0x0000000328000000|  0%| F|  |TAMS 0x0000000327000000, 0x0000000327000000| Untracked 
| 678|0x0000000328000000, 0x0000000328000000, 0x0000000329000000|  0%| F|  |TAMS 0x0000000328000000, 0x0000000328000000| Untracked 
| 679|0x0000000329000000, 0x0000000329000000, 0x000000032a000000|  0%| F|  |TAMS 0x0000000329000000, 0x0000000329000000| Untracked 
| 680|0x000000032a000000, 0x000000032a000000, 0x000000032b000000|  0%| F|  |TAMS 0x000000032a000000, 0x000000032a000000| Untracked 
| 681|0x000000032b000000, 0x000000032b000000, 0x000000032c000000|  0%| F|  |TAMS 0x000000032b000000, 0x000000032b000000| Untracked 
| 682|0x000000032c000000, 0x000000032c000000, 0x000000032d000000|  0%| F|  |TAMS 0x000000032c000000, 0x000000032c000000| Untracked 
| 683|0x000000032d000000, 0x000000032d000000, 0x000000032e000000|  0%| F|  |TAMS 0x000000032d000000, 0x000000032d000000| Untracked 
| 684|0x000000032e000000, 0x000000032e000000, 0x000000032f000000|  0%| F|  |TAMS 0x000000032e000000, 0x000000032e000000| Untracked 
| 685|0x000000032f000000, 0x000000032f000000, 0x0000000330000000|  0%| F|  |TAMS 0x000000032f000000, 0x000000032f000000| Untracked 
| 686|0x0000000330000000, 0x0000000330000000, 0x0000000331000000|  0%| F|  |TAMS 0x0000000330000000, 0x0000000330000000| Untracked 
| 687|0x0000000331000000, 0x0000000331000000, 0x0000000332000000|  0%| F|  |TAMS 0x0000000331000000, 0x0000000331000000| Untracked 
| 688|0x0000000332000000, 0x0000000332000000, 0x0000000333000000|  0%| F|  |TAMS 0x0000000332000000, 0x0000000332000000| Untracked 
| 689|0x0000000333000000, 0x0000000333000000, 0x0000000334000000|  0%| F|  |TAMS 0x0000000333000000, 0x0000000333000000| Untracked 
| 690|0x0000000334000000, 0x0000000334000000, 0x0000000335000000|  0%| F|  |TAMS 0x0000000334000000, 0x0000000334000000| Untracked 
| 691|0x0000000335000000, 0x0000000335000000, 0x0000000336000000|  0%| F|  |TAMS 0x0000000335000000, 0x0000000335000000| Untracked 
| 692|0x0000000336000000, 0x0000000336000000, 0x0000000337000000|  0%| F|  |TAMS 0x0000000336000000, 0x0000000336000000| Untracked 
| 693|0x0000000337000000, 0x0000000337000000, 0x0000000338000000|  0%| F|  |TAMS 0x0000000337000000, 0x0000000337000000| Untracked 
| 694|0x0000000338000000, 0x0000000338000000, 0x0000000339000000|  0%| F|  |TAMS 0x0000000338000000, 0x0000000338000000| Untracked 
| 695|0x0000000339000000, 0x0000000339000000, 0x000000033a000000|  0%| F|  |TAMS 0x0000000339000000, 0x0000000339000000| Untracked 
| 696|0x000000033a000000, 0x000000033a000000, 0x000000033b000000|  0%| F|  |TAMS 0x000000033a000000, 0x000000033a000000| Untracked 
| 697|0x000000033b000000, 0x000000033b000000, 0x000000033c000000|  0%| F|  |TAMS 0x000000033b000000, 0x000000033b000000| Untracked 
| 698|0x000000033c000000, 0x000000033c000000, 0x000000033d000000|  0%| F|  |TAMS 0x000000033c000000, 0x000000033c000000| Untracked 
| 699|0x000000033d000000, 0x000000033d000000, 0x000000033e000000|  0%| F|  |TAMS 0x000000033d000000, 0x000000033d000000| Untracked 
| 700|0x000000033e000000, 0x000000033e000000, 0x000000033f000000|  0%| F|  |TAMS 0x000000033e000000, 0x000000033e000000| Untracked 
| 701|0x000000033f000000, 0x000000033f000000, 0x0000000340000000|  0%| F|  |TAMS 0x000000033f000000, 0x000000033f000000| Untracked 
| 702|0x0000000340000000, 0x0000000340000000, 0x0000000341000000|  0%| F|  |TAMS 0x0000000340000000, 0x0000000340000000| Untracked 
| 703|0x0000000341000000, 0x0000000341000000, 0x0000000342000000|  0%| F|  |TAMS 0x0000000341000000, 0x0000000341000000| Untracked 
| 704|0x0000000342000000, 0x0000000342000000, 0x0000000343000000|  0%| F|  |TAMS 0x0000000342000000, 0x0000000342000000| Untracked 
| 705|0x0000000343000000, 0x0000000343000000, 0x0000000344000000|  0%| F|  |TAMS 0x0000000343000000, 0x0000000343000000| Untracked 
| 706|0x0000000344000000, 0x0000000344000000, 0x0000000345000000|  0%| F|  |TAMS 0x0000000344000000, 0x0000000344000000| Untracked 
| 707|0x0000000345000000, 0x0000000345000000, 0x0000000346000000|  0%| F|  |TAMS 0x0000000345000000, 0x0000000345000000| Untracked 
| 708|0x0000000346000000, 0x0000000346000000, 0x0000000347000000|  0%| F|  |TAMS 0x0000000346000000, 0x0000000346000000| Untracked 
| 709|0x0000000347000000, 0x0000000347000000, 0x0000000348000000|  0%| F|  |TAMS 0x0000000347000000, 0x0000000347000000| Untracked 
| 710|0x0000000348000000, 0x0000000348000000, 0x0000000349000000|  0%| F|  |TAMS 0x0000000348000000, 0x0000000348000000| Untracked 
| 711|0x0000000349000000, 0x0000000349000000, 0x000000034a000000|  0%| F|  |TAMS 0x0000000349000000, 0x0000000349000000| Untracked 
| 712|0x000000034a000000, 0x000000034a000000, 0x000000034b000000|  0%| F|  |TAMS 0x000000034a000000, 0x000000034a000000| Untracked 
| 713|0x000000034b000000, 0x000000034b000000, 0x000000034c000000|  0%| F|  |TAMS 0x000000034b000000, 0x000000034b000000| Untracked 
| 714|0x000000034c000000, 0x000000034c000000, 0x000000034d000000|  0%| F|  |TAMS 0x000000034c000000, 0x000000034c000000| Untracked 
| 715|0x000000034d000000, 0x000000034d000000, 0x000000034e000000|  0%| F|  |TAMS 0x000000034d000000, 0x000000034d000000| Untracked 
| 716|0x000000034e000000, 0x000000034e000000, 0x000000034f000000|  0%| F|  |TAMS 0x000000034e000000, 0x000000034e000000| Untracked 
| 717|0x000000034f000000, 0x000000034f000000, 0x0000000350000000|  0%| F|  |TAMS 0x000000034f000000, 0x000000034f000000| Untracked 
| 718|0x0000000350000000, 0x0000000350000000, 0x0000000351000000|  0%| F|  |TAMS 0x0000000350000000, 0x0000000350000000| Untracked 
| 719|0x0000000351000000, 0x0000000351000000, 0x0000000352000000|  0%| F|  |TAMS 0x0000000351000000, 0x0000000351000000| Untracked 
| 720|0x0000000352000000, 0x0000000352000000, 0x0000000353000000|  0%| F|  |TAMS 0x0000000352000000, 0x0000000352000000| Untracked 
| 721|0x0000000353000000, 0x0000000353000000, 0x0000000354000000|  0%| F|  |TAMS 0x0000000353000000, 0x0000000353000000| Untracked 
| 722|0x0000000354000000, 0x0000000354000000, 0x0000000355000000|  0%| F|  |TAMS 0x0000000354000000, 0x0000000354000000| Untracked 
| 723|0x0000000355000000, 0x0000000355000000, 0x0000000356000000|  0%| F|  |TAMS 0x0000000355000000, 0x0000000355000000| Untracked 
| 724|0x0000000356000000, 0x0000000356000000, 0x0000000357000000|  0%| F|  |TAMS 0x0000000356000000, 0x0000000356000000| Untracked 
| 725|0x0000000357000000, 0x0000000357000000, 0x0000000358000000|  0%| F|  |TAMS 0x0000000357000000, 0x0000000357000000| Untracked 
| 726|0x0000000358000000, 0x0000000358000000, 0x0000000359000000|  0%| F|  |TAMS 0x0000000358000000, 0x0000000358000000| Untracked 
| 727|0x0000000359000000, 0x0000000359000000, 0x000000035a000000|  0%| F|  |TAMS 0x0000000359000000, 0x0000000359000000| Untracked 
| 728|0x000000035a000000, 0x000000035a000000, 0x000000035b000000|  0%| F|  |TAMS 0x000000035a000000, 0x000000035a000000| Untracked 
| 729|0x000000035b000000, 0x000000035b000000, 0x000000035c000000|  0%| F|  |TAMS 0x000000035b000000, 0x000000035b000000| Untracked 
| 730|0x000000035c000000, 0x000000035c000000, 0x000000035d000000|  0%| F|  |TAMS 0x000000035c000000, 0x000000035c000000| Untracked 
| 731|0x000000035d000000, 0x000000035d000000, 0x000000035e000000|  0%| F|  |TAMS 0x000000035d000000, 0x000000035d000000| Untracked 
| 732|0x000000035e000000, 0x000000035e000000, 0x000000035f000000|  0%| F|  |TAMS 0x000000035e000000, 0x000000035e000000| Untracked 
| 733|0x000000035f000000, 0x000000035f000000, 0x0000000360000000|  0%| F|  |TAMS 0x000000035f000000, 0x000000035f000000| Untracked 
| 734|0x0000000360000000, 0x0000000360000000, 0x0000000361000000|  0%| F|  |TAMS 0x0000000360000000, 0x0000000360000000| Untracked 
| 735|0x0000000361000000, 0x0000000361000000, 0x0000000362000000|  0%| F|  |TAMS 0x0000000361000000, 0x0000000361000000| Untracked 
| 736|0x0000000362000000, 0x0000000362000000, 0x0000000363000000|  0%| F|  |TAMS 0x0000000362000000, 0x0000000362000000| Untracked 
| 737|0x0000000363000000, 0x0000000363000000, 0x0000000364000000|  0%| F|  |TAMS 0x0000000363000000, 0x0000000363000000| Untracked 
| 738|0x0000000364000000, 0x0000000364000000, 0x0000000365000000|  0%| F|  |TAMS 0x0000000364000000, 0x0000000364000000| Untracked 
| 739|0x0000000365000000, 0x0000000365000000, 0x0000000366000000|  0%| F|  |TAMS 0x0000000365000000, 0x0000000365000000| Untracked 
| 740|0x0000000366000000, 0x0000000366000000, 0x0000000367000000|  0%| F|  |TAMS 0x0000000366000000, 0x0000000366000000| Untracked 
| 741|0x0000000367000000, 0x0000000367000000, 0x0000000368000000|  0%| F|  |TAMS 0x0000000367000000, 0x0000000367000000| Untracked 
| 742|0x0000000368000000, 0x0000000368000000, 0x0000000369000000|  0%| F|  |TAMS 0x0000000368000000, 0x0000000368000000| Untracked 
| 743|0x0000000369000000, 0x0000000369000000, 0x000000036a000000|  0%| F|  |TAMS 0x0000000369000000, 0x0000000369000000| Untracked 
| 744|0x000000036a000000, 0x000000036a000000, 0x000000036b000000|  0%| F|  |TAMS 0x000000036a000000, 0x000000036a000000| Untracked 
| 745|0x000000036b000000, 0x000000036b000000, 0x000000036c000000|  0%| F|  |TAMS 0x000000036b000000, 0x000000036b000000| Untracked 
| 746|0x000000036c000000, 0x000000036c000000, 0x000000036d000000|  0%| F|  |TAMS 0x000000036c000000, 0x000000036c000000| Untracked 
| 747|0x000000036d000000, 0x000000036d000000, 0x000000036e000000|  0%| F|  |TAMS 0x000000036d000000, 0x000000036d000000| Untracked 
| 748|0x000000036e000000, 0x000000036e000000, 0x000000036f000000|  0%| F|  |TAMS 0x000000036e000000, 0x000000036e000000| Untracked 
| 749|0x000000036f000000, 0x000000036f000000, 0x0000000370000000|  0%| F|  |TAMS 0x000000036f000000, 0x000000036f000000| Untracked 
| 750|0x0000000370000000, 0x0000000370000000, 0x0000000371000000|  0%| F|  |TAMS 0x0000000370000000, 0x0000000370000000| Untracked 
| 751|0x0000000371000000, 0x0000000371000000, 0x0000000372000000|  0%| F|  |TAMS 0x0000000371000000, 0x0000000371000000| Untracked 
| 752|0x0000000372000000, 0x0000000372000000, 0x0000000373000000|  0%| F|  |TAMS 0x0000000372000000, 0x0000000372000000| Untracked 
| 753|0x0000000373000000, 0x0000000373000000, 0x0000000374000000|  0%| F|  |TAMS 0x0000000373000000, 0x0000000373000000| Untracked 
| 754|0x0000000374000000, 0x0000000374000000, 0x0000000375000000|  0%| F|  |TAMS 0x0000000374000000, 0x0000000374000000| Untracked 
| 755|0x0000000375000000, 0x0000000375000000, 0x0000000376000000|  0%| F|  |TAMS 0x0000000375000000, 0x0000000375000000| Untracked 
| 756|0x0000000376000000, 0x0000000376000000, 0x0000000377000000|  0%| F|  |TAMS 0x0000000376000000, 0x0000000376000000| Untracked 
| 757|0x0000000377000000, 0x0000000377000000, 0x0000000378000000|  0%| F|  |TAMS 0x0000000377000000, 0x0000000377000000| Untracked 
| 758|0x0000000378000000, 0x0000000378000000, 0x0000000379000000|  0%| F|  |TAMS 0x0000000378000000, 0x0000000378000000| Untracked 
| 759|0x0000000379000000, 0x0000000379000000, 0x000000037a000000|  0%| F|  |TAMS 0x0000000379000000, 0x0000000379000000| Untracked 
| 760|0x000000037a000000, 0x000000037a000000, 0x000000037b000000|  0%| F|  |TAMS 0x000000037a000000, 0x000000037a000000| Untracked 
| 761|0x000000037b000000, 0x000000037b000000, 0x000000037c000000|  0%| F|  |TAMS 0x000000037b000000, 0x000000037b000000| Untracked 
| 762|0x000000037c000000, 0x000000037c000000, 0x000000037d000000|  0%| F|  |TAMS 0x000000037c000000, 0x000000037c000000| Untracked 
| 763|0x000000037d000000, 0x000000037d000000, 0x000000037e000000|  0%| F|  |TAMS 0x000000037d000000, 0x000000037d000000| Untracked 
| 764|0x000000037e000000, 0x000000037e000000, 0x000000037f000000|  0%| F|  |TAMS 0x000000037e000000, 0x000000037e000000| Untracked 
| 765|0x000000037f000000, 0x000000037f000000, 0x0000000380000000|  0%| F|  |TAMS 0x000000037f000000, 0x000000037f000000| Untracked 
| 766|0x0000000380000000, 0x0000000380000000, 0x0000000381000000|  0%| F|  |TAMS 0x0000000380000000, 0x0000000380000000| Untracked 
| 767|0x0000000381000000, 0x0000000381000000, 0x0000000382000000|  0%| F|  |TAMS 0x0000000381000000, 0x0000000381000000| Untracked 
| 768|0x0000000382000000, 0x0000000382000000, 0x0000000383000000|  0%| F|  |TAMS 0x0000000382000000, 0x0000000382000000| Untracked 
| 769|0x0000000383000000, 0x0000000383000000, 0x0000000384000000|  0%| F|  |TAMS 0x0000000383000000, 0x0000000383000000| Untracked 
| 770|0x0000000384000000, 0x0000000384000000, 0x0000000385000000|  0%| F|  |TAMS 0x0000000384000000, 0x0000000384000000| Untracked 
| 771|0x0000000385000000, 0x0000000385000000, 0x0000000386000000|  0%| F|  |TAMS 0x0000000385000000, 0x0000000385000000| Untracked 
| 772|0x0000000386000000, 0x0000000386000000, 0x0000000387000000|  0%| F|  |TAMS 0x0000000386000000, 0x0000000386000000| Untracked 
| 773|0x0000000387000000, 0x0000000387000000, 0x0000000388000000|  0%| F|  |TAMS 0x0000000387000000, 0x0000000387000000| Untracked 
| 774|0x0000000388000000, 0x0000000388000000, 0x0000000389000000|  0%| F|  |TAMS 0x0000000388000000, 0x0000000388000000| Untracked 
| 775|0x0000000389000000, 0x0000000389000000, 0x000000038a000000|  0%| F|  |TAMS 0x0000000389000000, 0x0000000389000000| Untracked 
| 776|0x000000038a000000, 0x000000038a000000, 0x000000038b000000|  0%| F|  |TAMS 0x000000038a000000, 0x000000038a000000| Untracked 
| 777|0x000000038b000000, 0x000000038b000000, 0x000000038c000000|  0%| F|  |TAMS 0x000000038b000000, 0x000000038b000000| Untracked 
| 778|0x000000038c000000, 0x000000038c000000, 0x000000038d000000|  0%| F|  |TAMS 0x000000038c000000, 0x000000038c000000| Untracked 
| 779|0x000000038d000000, 0x000000038d000000, 0x000000038e000000|  0%| F|  |TAMS 0x000000038d000000, 0x000000038d000000| Untracked 
| 780|0x000000038e000000, 0x000000038e000000, 0x000000038f000000|  0%| F|  |TAMS 0x000000038e000000, 0x000000038e000000| Untracked 
| 781|0x000000038f000000, 0x000000038f000000, 0x0000000390000000|  0%| F|  |TAMS 0x000000038f000000, 0x000000038f000000| Untracked 
| 782|0x0000000390000000, 0x0000000390000000, 0x0000000391000000|  0%| F|  |TAMS 0x0000000390000000, 0x0000000390000000| Untracked 
| 783|0x0000000391000000, 0x0000000391000000, 0x0000000392000000|  0%| F|  |TAMS 0x0000000391000000, 0x0000000391000000| Untracked 
| 784|0x0000000392000000, 0x0000000392000000, 0x0000000393000000|  0%| F|  |TAMS 0x0000000392000000, 0x0000000392000000| Untracked 
| 785|0x0000000393000000, 0x0000000393000000, 0x0000000394000000|  0%| F|  |TAMS 0x0000000393000000, 0x0000000393000000| Untracked 
| 786|0x0000000394000000, 0x0000000394000000, 0x0000000395000000|  0%| F|  |TAMS 0x0000000394000000, 0x0000000394000000| Untracked 
| 787|0x0000000395000000, 0x0000000395000000, 0x0000000396000000|  0%| F|  |TAMS 0x0000000395000000, 0x0000000395000000| Untracked 
| 788|0x0000000396000000, 0x0000000396000000, 0x0000000397000000|  0%| F|  |TAMS 0x0000000396000000, 0x0000000396000000| Untracked 
| 789|0x0000000397000000, 0x0000000397000000, 0x0000000398000000|  0%| F|  |TAMS 0x0000000397000000, 0x0000000397000000| Untracked 
| 790|0x0000000398000000, 0x0000000398000000, 0x0000000399000000|  0%| F|  |TAMS 0x0000000398000000, 0x0000000398000000| Untracked 
| 791|0x0000000399000000, 0x0000000399000000, 0x000000039a000000|  0%| F|  |TAMS 0x0000000399000000, 0x0000000399000000| Untracked 
| 792|0x000000039a000000, 0x000000039a000000, 0x000000039b000000|  0%| F|  |TAMS 0x000000039a000000, 0x000000039a000000| Untracked 
| 793|0x000000039b000000, 0x000000039b000000, 0x000000039c000000|  0%| F|  |TAMS 0x000000039b000000, 0x000000039b000000| Untracked 
| 794|0x000000039c000000, 0x000000039c000000, 0x000000039d000000|  0%| F|  |TAMS 0x000000039c000000, 0x000000039c000000| Untracked 
| 795|0x000000039d000000, 0x000000039d000000, 0x000000039e000000|  0%| F|  |TAMS 0x000000039d000000, 0x000000039d000000| Untracked 
| 796|0x000000039e000000, 0x000000039e000000, 0x000000039f000000|  0%| F|  |TAMS 0x000000039e000000, 0x000000039e000000| Untracked 
| 797|0x000000039f000000, 0x000000039f000000, 0x00000003a0000000|  0%| F|  |TAMS 0x000000039f000000, 0x000000039f000000| Untracked 
| 798|0x00000003a0000000, 0x00000003a0000000, 0x00000003a1000000|  0%| F|  |TAMS 0x00000003a0000000, 0x00000003a0000000| Untracked 
| 799|0x00000003a1000000, 0x00000003a1000000, 0x00000003a2000000|  0%| F|  |TAMS 0x00000003a1000000, 0x00000003a1000000| Untracked 
| 800|0x00000003a2000000, 0x00000003a2000000, 0x00000003a3000000|  0%| F|  |TAMS 0x00000003a2000000, 0x00000003a2000000| Untracked 
| 801|0x00000003a3000000, 0x00000003a3000000, 0x00000003a4000000|  0%| F|  |TAMS 0x00000003a3000000, 0x00000003a3000000| Untracked 
| 802|0x00000003a4000000, 0x00000003a4000000, 0x00000003a5000000|  0%| F|  |TAMS 0x00000003a4000000, 0x00000003a4000000| Untracked 
| 803|0x00000003a5000000, 0x00000003a5000000, 0x00000003a6000000|  0%| F|  |TAMS 0x00000003a5000000, 0x00000003a5000000| Untracked 
| 804|0x00000003a6000000, 0x00000003a6000000, 0x00000003a7000000|  0%| F|  |TAMS 0x00000003a6000000, 0x00000003a6000000| Untracked 
| 805|0x00000003a7000000, 0x00000003a7000000, 0x00000003a8000000|  0%| F|  |TAMS 0x00000003a7000000, 0x00000003a7000000| Untracked 
| 806|0x00000003a8000000, 0x00000003a8000000, 0x00000003a9000000|  0%| F|  |TAMS 0x00000003a8000000, 0x00000003a8000000| Untracked 
| 807|0x00000003a9000000, 0x00000003a9000000, 0x00000003aa000000|  0%| F|  |TAMS 0x00000003a9000000, 0x00000003a9000000| Untracked 
| 808|0x00000003aa000000, 0x00000003aa000000, 0x00000003ab000000|  0%| F|  |TAMS 0x00000003aa000000, 0x00000003aa000000| Untracked 
| 809|0x00000003ab000000, 0x00000003ab000000, 0x00000003ac000000|  0%| F|  |TAMS 0x00000003ab000000, 0x00000003ab000000| Untracked 
| 810|0x00000003ac000000, 0x00000003ac000000, 0x00000003ad000000|  0%| F|  |TAMS 0x00000003ac000000, 0x00000003ac000000| Untracked 
| 811|0x00000003ad000000, 0x00000003ad000000, 0x00000003ae000000|  0%| F|  |TAMS 0x00000003ad000000, 0x00000003ad000000| Untracked 
| 812|0x00000003ae000000, 0x00000003ae000000, 0x00000003af000000|  0%| F|  |TAMS 0x00000003ae000000, 0x00000003ae000000| Untracked 
| 813|0x00000003af000000, 0x00000003af000000, 0x00000003b0000000|  0%| F|  |TAMS 0x00000003af000000, 0x00000003af000000| Untracked 
| 814|0x00000003b0000000, 0x00000003b0000000, 0x00000003b1000000|  0%| F|  |TAMS 0x00000003b0000000, 0x00000003b0000000| Untracked 
| 815|0x00000003b1000000, 0x00000003b1000000, 0x00000003b2000000|  0%| F|  |TAMS 0x00000003b1000000, 0x00000003b1000000| Untracked 
| 816|0x00000003b2000000, 0x00000003b2000000, 0x00000003b3000000|  0%| F|  |TAMS 0x00000003b2000000, 0x00000003b2000000| Untracked 
| 817|0x00000003b3000000, 0x00000003b3000000, 0x00000003b4000000|  0%| F|  |TAMS 0x00000003b3000000, 0x00000003b3000000| Untracked 
| 818|0x00000003b4000000, 0x00000003b4000000, 0x00000003b5000000|  0%| F|  |TAMS 0x00000003b4000000, 0x00000003b4000000| Untracked 
| 819|0x00000003b5000000, 0x00000003b5000000, 0x00000003b6000000|  0%| F|  |TAMS 0x00000003b5000000, 0x00000003b5000000| Untracked 
| 820|0x00000003b6000000, 0x00000003b6000000, 0x00000003b7000000|  0%| F|  |TAMS 0x00000003b6000000, 0x00000003b6000000| Untracked 
| 821|0x00000003b7000000, 0x00000003b7000000, 0x00000003b8000000|  0%| F|  |TAMS 0x00000003b7000000, 0x00000003b7000000| Untracked 
| 822|0x00000003b8000000, 0x00000003b8000000, 0x00000003b9000000|  0%| F|  |TAMS 0x00000003b8000000, 0x00000003b8000000| Untracked 
| 823|0x00000003b9000000, 0x00000003b9000000, 0x00000003ba000000|  0%| F|  |TAMS 0x00000003b9000000, 0x00000003b9000000| Untracked 
| 824|0x00000003ba000000, 0x00000003ba000000, 0x00000003bb000000|  0%| F|  |TAMS 0x00000003ba000000, 0x00000003ba000000| Untracked 
| 825|0x00000003bb000000, 0x00000003bb000000, 0x00000003bc000000|  0%| F|  |TAMS 0x00000003bb000000, 0x00000003bb000000| Untracked 
| 826|0x00000003bc000000, 0x00000003bc000000, 0x00000003bd000000|  0%| F|  |TAMS 0x00000003bc000000, 0x00000003bc000000| Untracked 
| 827|0x00000003bd000000, 0x00000003bd000000, 0x00000003be000000|  0%| F|  |TAMS 0x00000003bd000000, 0x00000003bd000000| Untracked 
| 828|0x00000003be000000, 0x00000003be000000, 0x00000003bf000000|  0%| F|  |TAMS 0x00000003be000000, 0x00000003be000000| Untracked 
| 829|0x00000003bf000000, 0x00000003bf000000, 0x00000003c0000000|  0%| F|  |TAMS 0x00000003bf000000, 0x00000003bf000000| Untracked 
| 830|0x00000003c0000000, 0x00000003c0000000, 0x00000003c1000000|  0%| F|  |TAMS 0x00000003c0000000, 0x00000003c0000000| Untracked 
| 831|0x00000003c1000000, 0x00000003c1000000, 0x00000003c2000000|  0%| F|  |TAMS 0x00000003c1000000, 0x00000003c1000000| Untracked 
| 832|0x00000003c2000000, 0x00000003c2000000, 0x00000003c3000000|  0%| F|  |TAMS 0x00000003c2000000, 0x00000003c2000000| Untracked 
| 833|0x00000003c3000000, 0x00000003c3000000, 0x00000003c4000000|  0%| F|  |TAMS 0x00000003c3000000, 0x00000003c3000000| Untracked 
| 834|0x00000003c4000000, 0x00000003c4000000, 0x00000003c5000000|  0%| F|  |TAMS 0x00000003c4000000, 0x00000003c4000000| Untracked 
| 835|0x00000003c5000000, 0x00000003c5000000, 0x00000003c6000000|  0%| F|  |TAMS 0x00000003c5000000, 0x00000003c5000000| Untracked 
| 836|0x00000003c6000000, 0x00000003c6000000, 0x00000003c7000000|  0%| F|  |TAMS 0x00000003c6000000, 0x00000003c6000000| Untracked 
| 837|0x00000003c7000000, 0x00000003c7000000, 0x00000003c8000000|  0%| F|  |TAMS 0x00000003c7000000, 0x00000003c7000000| Untracked 
| 838|0x00000003c8000000, 0x00000003c8000000, 0x00000003c9000000|  0%| F|  |TAMS 0x00000003c8000000, 0x00000003c8000000| Untracked 
| 839|0x00000003c9000000, 0x00000003c9000000, 0x00000003ca000000|  0%| F|  |TAMS 0x00000003c9000000, 0x00000003c9000000| Untracked 
| 840|0x00000003ca000000, 0x00000003ca000000, 0x00000003cb000000|  0%| F|  |TAMS 0x00000003ca000000, 0x00000003ca000000| Untracked 
| 841|0x00000003cb000000, 0x00000003cb000000, 0x00000003cc000000|  0%| F|  |TAMS 0x00000003cb000000, 0x00000003cb000000| Untracked 
| 842|0x00000003cc000000, 0x00000003cc000000, 0x00000003cd000000|  0%| F|  |TAMS 0x00000003cc000000, 0x00000003cc000000| Untracked 
| 843|0x00000003cd000000, 0x00000003cd000000, 0x00000003ce000000|  0%| F|  |TAMS 0x00000003cd000000, 0x00000003cd000000| Untracked 
| 844|0x00000003ce000000, 0x00000003ce000000, 0x00000003cf000000|  0%| F|  |TAMS 0x00000003ce000000, 0x00000003ce000000| Untracked 
| 845|0x00000003cf000000, 0x00000003cf000000, 0x00000003d0000000|  0%| F|  |TAMS 0x00000003cf000000, 0x00000003cf000000| Untracked 
| 846|0x00000003d0000000, 0x00000003d0000000, 0x00000003d1000000|  0%| F|  |TAMS 0x00000003d0000000, 0x00000003d0000000| Untracked 
| 847|0x00000003d1000000, 0x00000003d1000000, 0x00000003d2000000|  0%| F|  |TAMS 0x00000003d1000000, 0x00000003d1000000| Untracked 
| 848|0x00000003d2000000, 0x00000003d2000000, 0x00000003d3000000|  0%| F|  |TAMS 0x00000003d2000000, 0x00000003d2000000| Untracked 
| 849|0x00000003d3000000, 0x00000003d3000000, 0x00000003d4000000|  0%| F|  |TAMS 0x00000003d3000000, 0x00000003d3000000| Untracked 
| 850|0x00000003d4000000, 0x00000003d4000000, 0x00000003d5000000|  0%| F|  |TAMS 0x00000003d4000000, 0x00000003d4000000| Untracked 
| 851|0x00000003d5000000, 0x00000003d5000000, 0x00000003d6000000|  0%| F|  |TAMS 0x00000003d5000000, 0x00000003d5000000| Untracked 
| 852|0x00000003d6000000, 0x00000003d6000000, 0x00000003d7000000|  0%| F|  |TAMS 0x00000003d6000000, 0x00000003d6000000| Untracked 
| 853|0x00000003d7000000, 0x00000003d7000000, 0x00000003d8000000|  0%| F|  |TAMS 0x00000003d7000000, 0x00000003d7000000| Untracked 
| 854|0x00000003d8000000, 0x00000003d8000000, 0x00000003d9000000|  0%| F|  |TAMS 0x00000003d8000000, 0x00000003d8000000| Untracked 
| 855|0x00000003d9000000, 0x00000003d9000000, 0x00000003da000000|  0%| F|  |TAMS 0x00000003d9000000, 0x00000003d9000000| Untracked 
| 856|0x00000003da000000, 0x00000003da000000, 0x00000003db000000|  0%| F|  |TAMS 0x00000003da000000, 0x00000003da000000| Untracked 
| 857|0x00000003db000000, 0x00000003db000000, 0x00000003dc000000|  0%| F|  |TAMS 0x00000003db000000, 0x00000003db000000| Untracked 
| 858|0x00000003dc000000, 0x00000003dc000000, 0x00000003dd000000|  0%| F|  |TAMS 0x00000003dc000000, 0x00000003dc000000| Untracked 
| 859|0x00000003dd000000, 0x00000003dd000000, 0x00000003de000000|  0%| F|  |TAMS 0x00000003dd000000, 0x00000003dd000000| Untracked 
| 860|0x00000003de000000, 0x00000003de000000, 0x00000003df000000|  0%| F|  |TAMS 0x00000003de000000, 0x00000003de000000| Untracked 
| 861|0x00000003df000000, 0x00000003df000000, 0x00000003e0000000|  0%| F|  |TAMS 0x00000003df000000, 0x00000003df000000| Untracked 
| 862|0x00000003e0000000, 0x00000003e0000000, 0x00000003e1000000|  0%| F|  |TAMS 0x00000003e0000000, 0x00000003e0000000| Untracked 
| 863|0x00000003e1000000, 0x00000003e1000000, 0x00000003e2000000|  0%| F|  |TAMS 0x00000003e1000000, 0x00000003e1000000| Untracked 
| 864|0x00000003e2000000, 0x00000003e2000000, 0x00000003e3000000|  0%| F|  |TAMS 0x00000003e2000000, 0x00000003e2000000| Untracked 
| 865|0x00000003e3000000, 0x00000003e3000000, 0x00000003e4000000|  0%| F|  |TAMS 0x00000003e3000000, 0x00000003e3000000| Untracked 
| 866|0x00000003e4000000, 0x00000003e4000000, 0x00000003e5000000|  0%| F|  |TAMS 0x00000003e4000000, 0x00000003e4000000| Untracked 
| 867|0x00000003e5000000, 0x00000003e5000000, 0x00000003e6000000|  0%| F|  |TAMS 0x00000003e5000000, 0x00000003e5000000| Untracked 
| 868|0x00000003e6000000, 0x00000003e6000000, 0x00000003e7000000|  0%| F|  |TAMS 0x00000003e6000000, 0x00000003e6000000| Untracked 
| 869|0x00000003e7000000, 0x00000003e7000000, 0x00000003e8000000|  0%| F|  |TAMS 0x00000003e7000000, 0x00000003e7000000| Untracked 
| 870|0x00000003e8000000, 0x00000003e8000000, 0x00000003e9000000|  0%| F|  |TAMS 0x00000003e8000000, 0x00000003e8000000| Untracked 
| 871|0x00000003e9000000, 0x00000003e9000000, 0x00000003ea000000|  0%| F|  |TAMS 0x00000003e9000000, 0x00000003e9000000| Untracked 
| 872|0x00000003ea000000, 0x00000003ea000000, 0x00000003eb000000|  0%| F|  |TAMS 0x00000003ea000000, 0x00000003ea000000| Untracked 
| 873|0x00000003eb000000, 0x00000003eb000000, 0x00000003ec000000|  0%| F|  |TAMS 0x00000003eb000000, 0x00000003eb000000| Untracked 
| 874|0x00000003ec000000, 0x00000003ec000000, 0x00000003ed000000|  0%| F|  |TAMS 0x00000003ec000000, 0x00000003ec000000| Untracked 
| 875|0x00000003ed000000, 0x00000003ed000000, 0x00000003ee000000|  0%| F|  |TAMS 0x00000003ed000000, 0x00000003ed000000| Untracked 
| 876|0x00000003ee000000, 0x00000003ee000000, 0x00000003ef000000|  0%| F|  |TAMS 0x00000003ee000000, 0x00000003ee000000| Untracked 
| 877|0x00000003ef000000, 0x00000003ef000000, 0x00000003f0000000|  0%| F|  |TAMS 0x00000003ef000000, 0x00000003ef000000| Untracked 
| 878|0x00000003f0000000, 0x00000003f0000000, 0x00000003f1000000|  0%| F|  |TAMS 0x00000003f0000000, 0x00000003f0000000| Untracked 
| 879|0x00000003f1000000, 0x00000003f1000000, 0x00000003f2000000|  0%| F|  |TAMS 0x00000003f1000000, 0x00000003f1000000| Untracked 
| 880|0x00000003f2000000, 0x00000003f2000000, 0x00000003f3000000|  0%| F|  |TAMS 0x00000003f2000000, 0x00000003f2000000| Untracked 
| 881|0x00000003f3000000, 0x00000003f3000000, 0x00000003f4000000|  0%| F|  |TAMS 0x00000003f3000000, 0x00000003f3000000| Untracked 
| 882|0x00000003f4000000, 0x00000003f4000000, 0x00000003f5000000|  0%| F|  |TAMS 0x00000003f4000000, 0x00000003f4000000| Untracked 
| 883|0x00000003f5000000, 0x00000003f5000000, 0x00000003f6000000|  0%| F|  |TAMS 0x00000003f5000000, 0x00000003f5000000| Untracked 
| 884|0x00000003f6000000, 0x00000003f6000000, 0x00000003f7000000|  0%| F|  |TAMS 0x00000003f6000000, 0x00000003f6000000| Untracked 
| 885|0x00000003f7000000, 0x00000003f7000000, 0x00000003f8000000|  0%| F|  |TAMS 0x00000003f7000000, 0x00000003f7000000| Untracked 
| 886|0x00000003f8000000, 0x00000003f8000000, 0x00000003f9000000|  0%| F|  |TAMS 0x00000003f8000000, 0x00000003f8000000| Untracked 
| 887|0x00000003f9000000, 0x00000003f9000000, 0x00000003fa000000|  0%| F|  |TAMS 0x00000003f9000000, 0x00000003f9000000| Untracked 
| 888|0x00000003fa000000, 0x00000003fa000000, 0x00000003fb000000|  0%| F|  |TAMS 0x00000003fa000000, 0x00000003fa000000| Untracked 
| 889|0x00000003fb000000, 0x00000003fb000000, 0x00000003fc000000|  0%| F|  |TAMS 0x00000003fb000000, 0x00000003fb000000| Untracked 
| 890|0x00000003fc000000, 0x00000003fc000000, 0x00000003fd000000|  0%| F|  |TAMS 0x00000003fc000000, 0x00000003fc000000| Untracked 
| 891|0x00000003fd000000, 0x00000003fd000000, 0x00000003fe000000|  0%| F|  |TAMS 0x00000003fd000000, 0x00000003fd000000| Untracked 
| 892|0x00000003fe000000, 0x00000003fe000000, 0x00000003ff000000|  0%| F|  |TAMS 0x00000003fe000000, 0x00000003fe000000| Untracked 
| 893|0x00000003ff000000, 0x00000003ff000000, 0x0000000400000000|  0%| F|  |TAMS 0x00000003ff000000, 0x00000003ff000000| Untracked 
| 894|0x0000000400000000, 0x0000000400000000, 0x0000000401000000|  0%| F|  |TAMS 0x0000000400000000, 0x0000000400000000| Untracked 
| 895|0x0000000401000000, 0x0000000401000000, 0x0000000402000000|  0%| F|  |TAMS 0x0000000401000000, 0x0000000401000000| Untracked 
| 896|0x0000000402000000, 0x0000000402000000, 0x0000000403000000|  0%| F|  |TAMS 0x0000000402000000, 0x0000000402000000| Untracked 
| 897|0x0000000403000000, 0x0000000403000000, 0x0000000404000000|  0%| F|  |TAMS 0x0000000403000000, 0x0000000403000000| Untracked 
| 898|0x0000000404000000, 0x0000000404000000, 0x0000000405000000|  0%| F|  |TAMS 0x0000000404000000, 0x0000000404000000| Untracked 
| 899|0x0000000405000000, 0x0000000405000000, 0x0000000406000000|  0%| F|  |TAMS 0x0000000405000000, 0x0000000405000000| Untracked 
| 900|0x0000000406000000, 0x0000000406000000, 0x0000000407000000|  0%| F|  |TAMS 0x0000000406000000, 0x0000000406000000| Untracked 
| 901|0x0000000407000000, 0x0000000407000000, 0x0000000408000000|  0%| F|  |TAMS 0x0000000407000000, 0x0000000407000000| Untracked 
| 902|0x0000000408000000, 0x0000000408000000, 0x0000000409000000|  0%| F|  |TAMS 0x0000000408000000, 0x0000000408000000| Untracked 
| 903|0x0000000409000000, 0x0000000409000000, 0x000000040a000000|  0%| F|  |TAMS 0x0000000409000000, 0x0000000409000000| Untracked 
| 904|0x000000040a000000, 0x000000040a000000, 0x000000040b000000|  0%| F|  |TAMS 0x000000040a000000, 0x000000040a000000| Untracked 
| 905|0x000000040b000000, 0x000000040b000000, 0x000000040c000000|  0%| F|  |TAMS 0x000000040b000000, 0x000000040b000000| Untracked 
| 906|0x000000040c000000, 0x000000040c000000, 0x000000040d000000|  0%| F|  |TAMS 0x000000040c000000, 0x000000040c000000| Untracked 
| 907|0x000000040d000000, 0x000000040d000000, 0x000000040e000000|  0%| F|  |TAMS 0x000000040d000000, 0x000000040d000000| Untracked 
| 908|0x000000040e000000, 0x000000040e000000, 0x000000040f000000|  0%| F|  |TAMS 0x000000040e000000, 0x000000040e000000| Untracked 
| 909|0x000000040f000000, 0x000000040f000000, 0x0000000410000000|  0%| F|  |TAMS 0x000000040f000000, 0x000000040f000000| Untracked 
| 910|0x0000000410000000, 0x0000000410000000, 0x0000000411000000|  0%| F|  |TAMS 0x0000000410000000, 0x0000000410000000| Untracked 
| 911|0x0000000411000000, 0x0000000411000000, 0x0000000412000000|  0%| F|  |TAMS 0x0000000411000000, 0x0000000411000000| Untracked 
| 912|0x0000000412000000, 0x0000000412000000, 0x0000000413000000|  0%| F|  |TAMS 0x0000000412000000, 0x0000000412000000| Untracked 
| 913|0x0000000413000000, 0x0000000413000000, 0x0000000414000000|  0%| F|  |TAMS 0x0000000413000000, 0x0000000413000000| Untracked 
| 914|0x0000000414000000, 0x0000000414000000, 0x0000000415000000|  0%| F|  |TAMS 0x0000000414000000, 0x0000000414000000| Untracked 
| 915|0x0000000415000000, 0x0000000415000000, 0x0000000416000000|  0%| F|  |TAMS 0x0000000415000000, 0x0000000415000000| Untracked 
| 916|0x0000000416000000, 0x0000000416000000, 0x0000000417000000|  0%| F|  |TAMS 0x0000000416000000, 0x0000000416000000| Untracked 
| 917|0x0000000417000000, 0x0000000417000000, 0x0000000418000000|  0%| F|  |TAMS 0x0000000417000000, 0x0000000417000000| Untracked 
| 918|0x0000000418000000, 0x0000000418000000, 0x0000000419000000|  0%| F|  |TAMS 0x0000000418000000, 0x0000000418000000| Untracked 
| 919|0x0000000419000000, 0x0000000419000000, 0x000000041a000000|  0%| F|  |TAMS 0x0000000419000000, 0x0000000419000000| Untracked 
| 920|0x000000041a000000, 0x000000041a000000, 0x000000041b000000|  0%| F|  |TAMS 0x000000041a000000, 0x000000041a000000| Untracked 
| 921|0x000000041b000000, 0x000000041b000000, 0x000000041c000000|  0%| F|  |TAMS 0x000000041b000000, 0x000000041b000000| Untracked 
| 922|0x000000041c000000, 0x000000041c000000, 0x000000041d000000|  0%| F|  |TAMS 0x000000041c000000, 0x000000041c000000| Untracked 
| 923|0x000000041d000000, 0x000000041d000000, 0x000000041e000000|  0%| F|  |TAMS 0x000000041d000000, 0x000000041d000000| Untracked 
| 924|0x000000041e000000, 0x000000041e000000, 0x000000041f000000|  0%| F|  |TAMS 0x000000041e000000, 0x000000041e000000| Untracked 
| 925|0x000000041f000000, 0x000000041f000000, 0x0000000420000000|  0%| F|  |TAMS 0x000000041f000000, 0x000000041f000000| Untracked 
| 926|0x0000000420000000, 0x0000000420000000, 0x0000000421000000|  0%| F|  |TAMS 0x0000000420000000, 0x0000000420000000| Untracked 
| 927|0x0000000421000000, 0x0000000421000000, 0x0000000422000000|  0%| F|  |TAMS 0x0000000421000000, 0x0000000421000000| Untracked 
| 928|0x0000000422000000, 0x0000000422000000, 0x0000000423000000|  0%| F|  |TAMS 0x0000000422000000, 0x0000000422000000| Untracked 
| 929|0x0000000423000000, 0x0000000423000000, 0x0000000424000000|  0%| F|  |TAMS 0x0000000423000000, 0x0000000423000000| Untracked 
| 930|0x0000000424000000, 0x0000000424000000, 0x0000000425000000|  0%| F|  |TAMS 0x0000000424000000, 0x0000000424000000| Untracked 
| 931|0x0000000425000000, 0x0000000425000000, 0x0000000426000000|  0%| F|  |TAMS 0x0000000425000000, 0x0000000425000000| Untracked 
| 932|0x0000000426000000, 0x0000000426000000, 0x0000000427000000|  0%| F|  |TAMS 0x0000000426000000, 0x0000000426000000| Untracked 
| 933|0x0000000427000000, 0x0000000427000000, 0x0000000428000000|  0%| F|  |TAMS 0x0000000427000000, 0x0000000427000000| Untracked 
| 934|0x0000000428000000, 0x0000000428000000, 0x0000000429000000|  0%| F|  |TAMS 0x0000000428000000, 0x0000000428000000| Untracked 
| 935|0x0000000429000000, 0x0000000429000000, 0x000000042a000000|  0%| F|  |TAMS 0x0000000429000000, 0x0000000429000000| Untracked 
| 936|0x000000042a000000, 0x000000042a000000, 0x000000042b000000|  0%| F|  |TAMS 0x000000042a000000, 0x000000042a000000| Untracked 
| 937|0x000000042b000000, 0x000000042b000000, 0x000000042c000000|  0%| F|  |TAMS 0x000000042b000000, 0x000000042b000000| Untracked 
| 938|0x000000042c000000, 0x000000042c000000, 0x000000042d000000|  0%| F|  |TAMS 0x000000042c000000, 0x000000042c000000| Untracked 
| 939|0x000000042d000000, 0x000000042d000000, 0x000000042e000000|  0%| F|  |TAMS 0x000000042d000000, 0x000000042d000000| Untracked 
| 940|0x000000042e000000, 0x000000042e000000, 0x000000042f000000|  0%| F|  |TAMS 0x000000042e000000, 0x000000042e000000| Untracked 
| 941|0x000000042f000000, 0x000000042f000000, 0x0000000430000000|  0%| F|  |TAMS 0x000000042f000000, 0x000000042f000000| Untracked 
| 942|0x0000000430000000, 0x0000000430000000, 0x0000000431000000|  0%| F|  |TAMS 0x0000000430000000, 0x0000000430000000| Untracked 
| 943|0x0000000431000000, 0x0000000432000000, 0x0000000432000000|100%| S|CS|TAMS 0x0000000431000000, 0x0000000431000000| Complete 
| 944|0x0000000432000000, 0x0000000433000000, 0x0000000433000000|100%| S|CS|TAMS 0x0000000432000000, 0x0000000432000000| Complete 
| 945|0x0000000433000000, 0x0000000434000000, 0x0000000434000000|100%| S|CS|TAMS 0x0000000433000000, 0x0000000433000000| Complete 
| 946|0x0000000434000000, 0x0000000434000000, 0x0000000435000000|  0%| F|  |TAMS 0x0000000434000000, 0x0000000434000000| Untracked 
| 947|0x0000000435000000, 0x0000000435000000, 0x0000000436000000|  0%| F|  |TAMS 0x0000000435000000, 0x0000000435000000| Untracked 
| 948|0x0000000436000000, 0x0000000436000000, 0x0000000437000000|  0%| F|  |TAMS 0x0000000436000000, 0x0000000436000000| Untracked 
| 949|0x0000000437000000, 0x0000000437000000, 0x0000000438000000|  0%| F|  |TAMS 0x0000000437000000, 0x0000000437000000| Untracked 
| 950|0x0000000438000000, 0x0000000438000000, 0x0000000439000000|  0%| F|  |TAMS 0x0000000438000000, 0x0000000438000000| Untracked 
| 951|0x0000000439000000, 0x0000000439000000, 0x000000043a000000|  0%| F|  |TAMS 0x0000000439000000, 0x0000000439000000| Untracked 
| 952|0x000000043a000000, 0x000000043a000000, 0x000000043b000000|  0%| F|  |TAMS 0x000000043a000000, 0x000000043a000000| Untracked 
| 953|0x000000043b000000, 0x000000043c000000, 0x000000043c000000|100%| S|CS|TAMS 0x000000043b000000, 0x000000043b000000| Complete 
| 954|0x000000043c000000, 0x000000043d000000, 0x000000043d000000|100%| S|CS|TAMS 0x000000043c000000, 0x000000043c000000| Complete 
| 955|0x000000043d000000, 0x000000043e000000, 0x000000043e000000|100%| S|CS|TAMS 0x000000043d000000, 0x000000043d000000| Complete 
| 956|0x000000043e000000, 0x000000043f000000, 0x000000043f000000|100%| S|CS|TAMS 0x000000043e000000, 0x000000043e000000| Complete 
| 957|0x000000043f000000, 0x000000043f000000, 0x0000000440000000|  0%| F|  |TAMS 0x000000043f000000, 0x000000043f000000| Untracked 
| 958|0x0000000440000000, 0x0000000440000000, 0x0000000441000000|  0%| F|  |TAMS 0x0000000440000000, 0x0000000440000000| Untracked 
| 959|0x0000000441000000, 0x0000000441000000, 0x0000000442000000|  0%| F|  |TAMS 0x0000000441000000, 0x0000000441000000| Untracked 
| 960|0x0000000442000000, 0x0000000442000000, 0x0000000443000000|  0%| F|  |TAMS 0x0000000442000000, 0x0000000442000000| Untracked 
| 961|0x0000000443000000, 0x0000000443000000, 0x0000000444000000|  0%| F|  |TAMS 0x0000000443000000, 0x0000000443000000| Untracked 
| 962|0x0000000444000000, 0x0000000444000000, 0x0000000445000000|  0%| F|  |TAMS 0x0000000444000000, 0x0000000444000000| Untracked 
| 963|0x0000000445000000, 0x0000000445000000, 0x0000000446000000|  0%| F|  |TAMS 0x0000000445000000, 0x0000000445000000| Untracked 
| 964|0x0000000446000000, 0x0000000446000000, 0x0000000447000000|  0%| F|  |TAMS 0x0000000446000000, 0x0000000446000000| Untracked 
| 965|0x0000000447000000, 0x0000000447000000, 0x0000000448000000|  0%| F|  |TAMS 0x0000000447000000, 0x0000000447000000| Untracked 
| 966|0x0000000448000000, 0x0000000448000000, 0x0000000449000000|  0%| F|  |TAMS 0x0000000448000000, 0x0000000448000000| Untracked 
| 967|0x0000000449000000, 0x0000000449000000, 0x000000044a000000|  0%| F|  |TAMS 0x0000000449000000, 0x0000000449000000| Untracked 
| 968|0x000000044a000000, 0x000000044a000000, 0x000000044b000000|  0%| F|  |TAMS 0x000000044a000000, 0x000000044a000000| Untracked 
| 969|0x000000044b000000, 0x000000044b000000, 0x000000044c000000|  0%| F|  |TAMS 0x000000044b000000, 0x000000044b000000| Untracked 
| 970|0x000000044c000000, 0x000000044c000000, 0x000000044d000000|  0%| F|  |TAMS 0x000000044c000000, 0x000000044c000000| Untracked 
| 971|0x000000044d000000, 0x000000044d000000, 0x000000044e000000|  0%| F|  |TAMS 0x000000044d000000, 0x000000044d000000| Untracked 
| 972|0x000000044e000000, 0x000000044e000000, 0x000000044f000000|  0%| F|  |TAMS 0x000000044e000000, 0x000000044e000000| Untracked 
| 973|0x000000044f000000, 0x000000044f000000, 0x0000000450000000|  0%| F|  |TAMS 0x000000044f000000, 0x000000044f000000| Untracked 
| 974|0x0000000450000000, 0x0000000450000000, 0x0000000451000000|  0%| F|  |TAMS 0x0000000450000000, 0x0000000450000000| Untracked 
| 975|0x0000000451000000, 0x0000000451000000, 0x0000000452000000|  0%| F|  |TAMS 0x0000000451000000, 0x0000000451000000| Untracked 
| 976|0x0000000452000000, 0x0000000452000000, 0x0000000453000000|  0%| F|  |TAMS 0x0000000452000000, 0x0000000452000000| Untracked 
| 977|0x0000000453000000, 0x0000000453000000, 0x0000000454000000|  0%| F|  |TAMS 0x0000000453000000, 0x0000000453000000| Untracked 
| 978|0x0000000454000000, 0x0000000454000000, 0x0000000455000000|  0%| F|  |TAMS 0x0000000454000000, 0x0000000454000000| Untracked 
| 979|0x0000000455000000, 0x0000000455000000, 0x0000000456000000|  0%| F|  |TAMS 0x0000000455000000, 0x0000000455000000| Untracked 
| 980|0x0000000456000000, 0x0000000456000000, 0x0000000457000000|  0%| F|  |TAMS 0x0000000456000000, 0x0000000456000000| Untracked 
| 981|0x0000000457000000, 0x0000000457000000, 0x0000000458000000|  0%| F|  |TAMS 0x0000000457000000, 0x0000000457000000| Untracked 
| 982|0x0000000458000000, 0x0000000458000000, 0x0000000459000000|  0%| F|  |TAMS 0x0000000458000000, 0x0000000458000000| Untracked 
| 983|0x0000000459000000, 0x0000000459000000, 0x000000045a000000|  0%| F|  |TAMS 0x0000000459000000, 0x0000000459000000| Untracked 
| 984|0x000000045a000000, 0x000000045a000000, 0x000000045b000000|  0%| F|  |TAMS 0x000000045a000000, 0x000000045a000000| Untracked 
| 985|0x000000045b000000, 0x000000045b000000, 0x000000045c000000|  0%| F|  |TAMS 0x000000045b000000, 0x000000045b000000| Untracked 
| 986|0x000000045c000000, 0x000000045c000000, 0x000000045d000000|  0%| F|  |TAMS 0x000000045c000000, 0x000000045c000000| Untracked 
| 987|0x000000045d000000, 0x000000045d000000, 0x000000045e000000|  0%| F|  |TAMS 0x000000045d000000, 0x000000045d000000| Untracked 
| 988|0x000000045e000000, 0x000000045e000000, 0x000000045f000000|  0%| F|  |TAMS 0x000000045e000000, 0x000000045e000000| Untracked 
| 989|0x000000045f000000, 0x000000045f000000, 0x0000000460000000|  0%| F|  |TAMS 0x000000045f000000, 0x000000045f000000| Untracked 
| 990|0x0000000460000000, 0x0000000460000000, 0x0000000461000000|  0%| F|  |TAMS 0x0000000460000000, 0x0000000460000000| Untracked 
| 991|0x0000000461000000, 0x0000000461000000, 0x0000000462000000|  0%| F|  |TAMS 0x0000000461000000, 0x0000000461000000| Untracked 
| 992|0x0000000462000000, 0x0000000462000000, 0x0000000463000000|  0%| F|  |TAMS 0x0000000462000000, 0x0000000462000000| Untracked 
| 993|0x0000000463000000, 0x0000000463000000, 0x0000000464000000|  0%| F|  |TAMS 0x0000000463000000, 0x0000000463000000| Untracked 
| 994|0x0000000464000000, 0x0000000464000000, 0x0000000465000000|  0%| F|  |TAMS 0x0000000464000000, 0x0000000464000000| Untracked 
| 995|0x0000000465000000, 0x0000000465000000, 0x0000000466000000|  0%| F|  |TAMS 0x0000000465000000, 0x0000000465000000| Untracked 
| 996|0x0000000466000000, 0x0000000466000000, 0x0000000467000000|  0%| F|  |TAMS 0x0000000466000000, 0x0000000466000000| Untracked 
| 997|0x0000000467000000, 0x0000000467000000, 0x0000000468000000|  0%| F|  |TAMS 0x0000000467000000, 0x0000000467000000| Untracked 
| 998|0x0000000468000000, 0x0000000468000000, 0x0000000469000000|  0%| F|  |TAMS 0x0000000468000000, 0x0000000468000000| Untracked 
| 999|0x0000000469000000, 0x0000000469000000, 0x000000046a000000|  0%| F|  |TAMS 0x0000000469000000, 0x0000000469000000| Untracked 
|1916|0x00000007fe000000, 0x00000007fef75000, 0x00000007ff000000| 96%|OA|  |TAMS 0x00000007fe000000, 0x00000007fe000000| Untracked 
|1917|0x00000007ff000000, 0x00000007ff078000, 0x0000000800000000|  2%|CA|  |TAMS 0x00000007ff000000, 0x00000007ff000000| Untracked 

Card table byte_map: [0x00007fb451c1e000,0x00007fb45580e000] _byte_map_base: 0x00007fb45180e000

Marking Bits (Prev, Next): (CMBitMap*) 0x00007fb470068b50, (CMBitMap*) 0x00007fb470068b90
 Prev Bits: [0x00007fb4300ae000, 0x00007fb44e02e000)
 Next Bits: [0x00007fb41212e000, 0x00007fb4300ae000)

Polling page: 0x00007fb479212000

Metaspace:

Usage:
  Non-class:      5.61 MB used.
      Class:    766.99 KB used.
       Both:      6.36 MB used.

Virtual space:
  Non-class space:       64.00 MB reserved,       5.69 MB (  9%) committed,  1 nodes.
      Class space:        1.00 GB reserved,     832.00 KB ( <1%) committed,  1 nodes.
             Both:        1.06 GB reserved,       6.50 MB ( <1%) committed. 

Chunk freelists:
   Non-Class:  9.76 MB
       Class:  15.08 MB
        Both:  24.84 MB

MaxMetaspaceSize: unlimited
CompressedClassSpaceSize: 1.00 GB
Initial GC threshold: 21.00 MB
Current GC threshold: 21.00 MB
CDS: on
MetaspaceReclaimPolicy: balanced
 - commit_granule_bytes: 65536.
 - commit_granule_words: 8192.
 - virtual_space_node_default_size: 8388608.
 - enlarge_chunks_in_place: 1.
 - new_chunks_are_fully_committed: 0.
 - uncommit_free_chunks: 1.
 - use_allocation_guard: 0.
 - handle_deallocations: 1.


Internal statistics:

num_allocs_failed_limit: 0.
num_arena_births: 152.
num_arena_deaths: 0.
num_vsnodes_births: 2.
num_vsnodes_deaths: 0.
num_space_committed: 104.
num_space_uncommitted: 0.
num_chunks_returned_to_freelist: 0.
num_chunks_taken_from_freelist: 336.
num_chunk_merges: 0.
num_chunk_splits: 188.
num_chunks_enlarged: 103.
num_inconsistent_stats: 0.

CodeHeap 'non-profiled nmethods': size=119168Kb used=462Kb max_used=462Kb free=118705Kb
 bounds [0x00007fb460f9e000, 0x00007fb46120e000, 0x00007fb4683fe000]
CodeHeap 'profiled nmethods': size=119164Kb used=2859Kb max_used=2859Kb free=116305Kb
 bounds [0x00007fb4593fe000, 0x00007fb4596ce000, 0x00007fb46085d000]
CodeHeap 'non-nmethods': size=7428Kb used=2868Kb max_used=2890Kb free=4559Kb
 bounds [0x00007fb46085d000, 0x00007fb460b3d000, 0x00007fb460f9e000]
 total_blobs=2017 nmethods=1544 adapters=384
 compilation: enabled
              stopped_count=0, restarted_count=0
 full_count=0

Compilation events (20 events):
Event: 2.618 Thread 0x00007fb47021c990 nmethod 1531 0x00007fb46100b490 code [0x00007fb46100b640, 0x00007fb46100bce8]
Event: 2.618 Thread 0x00007fb47021c990 1534       4       java.lang.StringBuilder::append (8 bytes)
Event: 2.618 Thread 0x00007fb398106380 nmethod 1533 0x00007fb46100c090 code [0x00007fb46100c220, 0x00007fb46100c518]
Event: 2.618 Thread 0x00007fb398106380 1535       4       java.lang.AbstractStringBuilder::append (60 bytes)
Event: 2.624 Thread 0x00007fb398106380 nmethod 1535 0x00007fb46100c790 code [0x00007fb46100c940, 0x00007fb46100d418]
Event: 2.627 Thread 0x00007fb47021c990 nmethod 1534 0x00007fb46100d990 code [0x00007fb46100db40, 0x00007fb46100e658]
Event: 2.638 Thread 0x00007fb38c0347e0 1536 % !   3       org.apache.commons.beanutils.memoryleaktests.MemoryLeakTestCase::forceGarbageCollection @ 43 (249 bytes)
Event: 2.639 Thread 0x00007fb38c0347e0 nmethod 1536% 0x00007fb4596c0290 code [0x00007fb4596c0840, 0x00007fb4596c2ef0]
Event: 2.639 Thread 0x00007fb47021dec0 1537   !   3       org.apache.commons.beanutils.memoryleaktests.MemoryLeakTestCase::forceGarbageCollection (249 bytes)
Event: 2.640 Thread 0x00007fb47021dec0 nmethod 1537 0x00007fb4596c3f10 code [0x00007fb4596c44a0, 0x00007fb4596c6a10]
Event: 2.704 Thread 0x00007fb38c0347e0 1538       3       java.lang.ref.SoftReference::get (29 bytes)
Event: 2.704 Thread 0x00007fb38c0347e0 nmethod 1538 0x00007fb4596c7910 code [0x00007fb4596c7ac0, 0x00007fb4596c7c90]
Event: 2.705 Thread 0x00007fb47021c990 1539       4       java.lang.ref.SoftReference::get (29 bytes)
Event: 2.706 Thread 0x00007fb47021c990 nmethod 1539 0x00007fb46100ec10 code [0x00007fb46100eda0, 0x00007fb46100ee98]
Event: 2.708 Thread 0x00007fb398106380 1540 % !   4       org.apache.commons.beanutils.memoryleaktests.MemoryLeakTestCase::forceGarbageCollection @ 43 (249 bytes)
Event: 2.713 Thread 0x00007fb39806dec0 1542       3       java.lang.ref.Reference::enqueueFromPending (19 bytes)
Event: 2.713 Thread 0x00007fb39806dec0 nmethod 1542 0x00007fb4596c7d10 code [0x00007fb4596c7ec0, 0x00007fb4596c80e0]
Event: 2.713 Thread 0x00007fb39806dec0 1543   !   3       java.lang.ref.ReferenceQueue::enqueue (119 bytes)
Event: 2.713 Thread 0x00007fb39806dec0 nmethod 1543 0x00007fb4596c8190 code [0x00007fb4596c8380, 0x00007fb4596c8a60]
Event: 2.737 Thread 0x00007fb398106380 nmethod 1540% 0x00007fb46100f290 code [0x00007fb46100f4c0, 0x00007fb461010d08]

GC Heap History (20 events):
Event: 2.770 GC heap after
{Heap after GC invocations=4 (full 0):
 garbage-first heap   total 2129920K, used 102556K [0x0000000082000000, 0x0000000800000000)
  region size 16384K, 1 young (16384K), 1 survivors (16384K)
 Metaspace       used 6516K, committed 6656K, reserved 1114112K
  class space    used 766K, committed 832K, reserved 1048576K
}
Event: 2.775 GC heap before
{Heap before GC invocations=4 (full 0):
 garbage-first heap   total 2129920K, used 184476K [0x0000000082000000, 0x0000000800000000)
  region size 16384K, 6 young (98304K), 1 survivors (16384K)
 Metaspace       used 6516K, committed 6656K, reserved 1114112K
  class space    used 766K, committed 832K, reserved 1048576K
}
Event: 2.784 GC heap after
{Heap after GC invocations=5 (full 0):
 garbage-first heap   total 2129920K, used 125088K [0x0000000082000000, 0x0000000800000000)
  region size 16384K, 1 young (16384K), 1 survivors (16384K)
 Metaspace       used 6516K, committed 6656K, reserved 1114112K
  class space    used 766K, committed 832K, reserved 1048576K
}
Event: 2.808 GC heap before
{Heap before GC invocations=5 (full 0):
 garbage-first heap   total 2129920K, used 256160K [0x0000000082000000, 0x0000000800000000)
  region size 16384K, 9 young (147456K), 1 survivors (16384K)
 Metaspace       used 6516K, committed 6656K, reserved 1114112K
  class space    used 766K, committed 832K, reserved 1048576K
}
Event: 2.830 GC heap after
{Heap after GC invocations=6 (full 0):
 garbage-first heap   total 6389760K, used 161587K [0x0000000082000000, 0x0000000800000000)
  region size 16384K, 2 young (32768K), 2 survivors (32768K)
 Metaspace       used 6516K, committed 6656K, reserved 1114112K
  class space    used 766K, committed 832K, reserved 1048576K
}
Event: 2.975 GC heap before
{Heap before GC invocations=6 (full 0):
 garbage-first heap   total 6389760K, used 440115K [0x0000000082000000, 0x0000000800000000)
  region size 16384K, 19 young (311296K), 2 survivors (32768K)
 Metaspace       used 6516K, committed 6656K, reserved 1114112K
  class space    used 766K, committed 832K, reserved 1048576K
}
Event: 3.022 GC heap after
{Heap after GC invocations=7 (full 0):
 garbage-first heap   total 6389760K, used 238357K [0x0000000082000000, 0x0000000800000000)
  region size 16384K, 3 young (49152K), 3 survivors (49152K)
 Metaspace       used 6516K, committed 6656K, reserved 1114112K
  class space    used 766K, committed 832K, reserved 1048576K
}
Event: 3.042 GC heap before
{Heap before GC invocations=7 (full 0):
 garbage-first heap   total 6389760K, used 484117K [0x0000000082000000, 0x0000000800000000)
  region size 16384K, 19 young (311296K), 3 survivors (49152K)
 Metaspace       used 6516K, committed 6656K, reserved 1114112K
  class space    used 766K, committed 832K, reserved 1048576K
}
Event: 3.106 GC heap after
{Heap after GC invocations=8 (full 0):
 garbage-first heap   total 6389760K, used 315038K [0x0000000082000000, 0x0000000800000000)
  region size 16384K, 3 young (49152K), 3 survivors (49152K)
 Metaspace       used 6516K, committed 6656K, reserved 1114112K
  class space    used 766K, committed 832K, reserved 1048576K
}
Event: 3.141 GC heap before
{Heap before GC invocations=8 (full 0):
 garbage-first heap   total 6389760K, used 593566K [0x0000000082000000, 0x0000000800000000)
  region size 16384K, 19 young (311296K), 3 survivors (49152K)
 Metaspace       used 6516K, committed 6656K, reserved 1114112K
  class space    used 766K, committed 832K, reserved 1048576K
}
Event: 3.170 GC heap after
{Heap after GC invocations=9 (full 0):
 garbage-first heap   total 6389760K, used 396851K [0x0000000082000000, 0x0000000800000000)
  region size 16384K, 3 young (49152K), 3 survivors (49152K)
 Metaspace       used 6516K, committed 6656K, reserved 1114112K
  class space    used 766K, committed 832K, reserved 1048576K
}
Event: 3.190 GC heap before
{Heap before GC invocations=9 (full 0):
 garbage-first heap   total 6389760K, used 658995K [0x0000000082000000, 0x0000000800000000)
  region size 16384K, 19 young (311296K), 3 survivors (49152K)
 Metaspace       used 6516K, committed 6656K, reserved 1114112K
  class space    used 766K, committed 832K, reserved 1048576K
}
Event: 3.259 GC heap after
{Heap after GC invocations=10 (full 0):
 garbage-first heap   total 16416768K, used 472295K [0x0000000082000000, 0x0000000800000000)
  region size 16384K, 3 young (49152K), 3 survivors (49152K)
 Metaspace       used 6516K, committed 6656K, reserved 1114112K
  class space    used 766K, committed 832K, reserved 1048576K
}
Event: 3.820 GC heap before
{Heap before GC invocations=10 (full 0):
 garbage-first heap   total 16416768K, used 1258727K [0x0000000082000000, 0x0000000800000000)
  region size 16384K, 50 young (819200K), 3 survivors (49152K)
 Metaspace       used 6516K, committed 6656K, reserved 1114112K
  class space    used 766K, committed 832K, reserved 1048576K
}
Event: 3.966 GC heap after
{Heap after GC invocations=11 (full 0):
 garbage-first heap   total 16416768K, used 705999K [0x0000000082000000, 0x0000000800000000)
  region size 16384K, 7 young (114688K), 7 survivors (114688K)
 Metaspace       used 6516K, committed 6656K, reserved 1114112K
  class space    used 766K, committed 832K, reserved 1048576K
}
Event: 4.088 GC heap before
{Heap before GC invocations=11 (full 0):
 garbage-first heap   total 16416768K, used 1443279K [0x0000000082000000, 0x0000000800000000)
  region size 16384K, 50 young (819200K), 7 survivors (114688K)
 Metaspace       used 6516K, committed 6656K, reserved 1114112K
  class space    used 766K, committed 832K, reserved 1048576K
}
Event: 4.222 GC heap after
{Heap after GC invocations=12 (full 0):
 garbage-first heap   total 16416768K, used 946450K [0x0000000082000000, 0x0000000800000000)
  region size 16384K, 7 young (114688K), 7 survivors (114688K)
 Metaspace       used 6516K, committed 6656K, reserved 1114112K
  class space    used 766K, committed 832K, reserved 1048576K
}
Event: 4.291 GC heap before
{Heap before GC invocations=12 (full 0):
 garbage-first heap   total 16416768K, used 1650962K [0x0000000082000000, 0x0000000800000000)
  region size 16384K, 50 young (819200K), 7 survivors (114688K)
 Metaspace       used 6516K, committed 6656K, reserved 1114112K
  class space    used 766K, committed 832K, reserved 1048576K
}
Event: 4.416 GC heap after
{Heap after GC invocations=13 (full 0):
 garbage-first heap   total 16416768K, used 1156642K [0x0000000082000000, 0x0000000800000000)
  region size 16384K, 7 young (114688K), 7 survivors (114688K)
 Metaspace       used 6516K, committed 6656K, reserved 1114112K
  class space    used 766K, committed 832K, reserved 1048576K
}
Event: 4.562 GC heap before
{Heap before GC invocations=13 (full 0):
 garbage-first heap   total 16416768K, used 1910306K [0x0000000082000000, 0x0000000800000000)
  region size 16384K, 50 young (819200K), 7 survivors (114688K)
 Metaspace       used 6516K, committed 6656K, reserved 1114112K
  class space    used 766K, committed 832K, reserved 1048576K
}

Dll operation events (12 events):
Event: 0.006 Loaded shared library /sfs/gpfs/tardis/applications/202512/software/standard/core/java/17/lib/libjava.so
Event: 0.006 Loaded shared library /sfs/gpfs/tardis/applications/202512/software/standard/core/java/17/lib/libzip.so
Event: 0.092 Loaded shared library /sfs/gpfs/tardis/applications/202512/software/standard/core/java/17/lib/libjsvml.so
Event: 0.255 Loaded shared library /sfs/gpfs/tardis/applications/202512/software/standard/core/java/17/lib/libinstrument.so
Event: 0.293 Loaded shared library /sfs/gpfs/tardis/applications/202512/software/standard/core/java/17/lib/libnio.so
Event: 0.306 Loaded shared library /sfs/gpfs/tardis/applications/202512/software/standard/core/java/17/lib/libzip.so
Event: 0.375 Loaded shared library /sfs/gpfs/tardis/applications/202512/software/standard/core/java/17/lib/libjimage.so
Event: 0.476 Loaded shared library /sfs/gpfs/tardis/applications/202512/software/standard/core/java/17/lib/libverify.so
Event: 0.482 Loaded shared library /sfs/gpfs/tardis/applications/202512/software/standard/core/java/17/lib/libnet.so
Event: 0.497 Loaded shared library /sfs/gpfs/tardis/applications/202512/software/standard/core/java/17/lib/libextnet.so
Event: 0.509 Loaded shared library /sfs/gpfs/tardis/applications/202512/software/standard/core/java/17/lib/libmanagement.so
Event: 0.510 Loaded shared library /sfs/gpfs/tardis/applications/202512/software/standard/core/java/17/lib/libmanagement_ext.so

Deoptimization events (20 events):
Event: 2.449 Thread 0x00007fb47044eea0 DEOPT PACKING pc=0x00007fb460fddfc0 sp=0x00007fb402ac5aa0
Event: 2.449 Thread 0x00007fb47044eea0 DEOPT UNPACKING pc=0x00007fb4608b6b19 sp=0x00007fb402ac5a88 mode 2
Event: 2.476 Thread 0x00007fb47044eea0 Uncommon trap: trap_request=0xffffff45 fr.pc=0x00007fb460fe3bd4 relative=0x00000000000002b4
Event: 2.476 Thread 0x00007fb47044eea0 Uncommon trap: reason=unstable_if action=reinterpret pc=0x00007fb460fe3bd4 method=java.util.Arrays.equals([Ljava/lang/Object;[Ljava/lang/Object;)Z @ 23 c2
Event: 2.476 Thread 0x00007fb47044eea0 DEOPT PACKING pc=0x00007fb460fe3bd4 sp=0x00007fb402ac5c30
Event: 2.476 Thread 0x00007fb47044eea0 DEOPT UNPACKING pc=0x00007fb4608b6b19 sp=0x00007fb402ac5b80 mode 2
Event: 2.482 Thread 0x00007fb47044eea0 Uncommon trap: trap_request=0xffffff6e fr.pc=0x00007fb460fd0fc0 relative=0x0000000000000420
Event: 2.482 Thread 0x00007fb47044eea0 Uncommon trap: reason=loop_limit_check action=maybe_recompile pc=0x00007fb460fd0fc0 method=java.lang.StringLatin1.indexOf([BI[BII)I @ 37 c2
Event: 2.482 Thread 0x00007fb47044eea0 DEOPT PACKING pc=0x00007fb460fd0fc0 sp=0x00007fb402ac4860
Event: 2.482 Thread 0x00007fb47044eea0 DEOPT UNPACKING pc=0x00007fb4608b6b19 sp=0x00007fb402ac47e0 mode 2
Event: 2.511 Thread 0x00007fb47044eea0 Uncommon trap: trap_request=0xffffff45 fr.pc=0x00007fb4610036a0 relative=0x0000000000001000
Event: 2.511 Thread 0x00007fb47044eea0 Uncommon trap: reason=unstable_if action=reinterpret pc=0x00007fb4610036a0 method=java.util.concurrent.ConcurrentHashMap.putVal(Ljava/lang/Object;Ljava/lang/Object;Z)Ljava/lang/Object; @ 256 c2
Event: 2.511 Thread 0x00007fb47044eea0 DEOPT PACKING pc=0x00007fb4610036a0 sp=0x00007fb402ac5240
Event: 2.511 Thread 0x00007fb47044eea0 DEOPT UNPACKING pc=0x00007fb4608b6b19 sp=0x00007fb402ac51b8 mode 2
Event: 2.704 Thread 0x00007fb47044eea0 Uncommon trap: trap_request=0xffffff45 fr.pc=0x00007fb461009e84 relative=0x00000000000000e4
Event: 2.704 Thread 0x00007fb47044eea0 Uncommon trap: reason=unstable_if action=reinterpret pc=0x00007fb461009e84 method=java.lang.ref.SoftReference.get()Ljava/lang/Object; @ 17 c2
Event: 2.704 Thread 0x00007fb47044eea0 DEOPT PACKING pc=0x00007fb461009e84 sp=0x00007fb402ac58f0
Event: 2.704 Thread 0x00007fb47044eea0 DEOPT UNPACKING pc=0x00007fb4608b6b19 sp=0x00007fb402ac58a0 mode 2
Event: 2.737 Thread 0x00007fb47044eea0 DEOPT PACKING pc=0x00007fb4596c2721 sp=0x00007fb402ac5920
Event: 2.737 Thread 0x00007fb47044eea0 DEOPT UNPACKING pc=0x00007fb4608b764f sp=0x00007fb402ac4ee0 mode 0

Classes loaded (20 events):
Event: 2.601 Loading class org/apache/commons/beanutils/memoryleaktests/pojotests/SomePojoBeanInfo
Event: 2.601 Loading class org/apache/commons/beanutils/memoryleaktests/pojotests/SomePojoBeanInfo done
Event: 2.608 Loading class org/apache/commons/beanutils/memoryleaktests/pojotests/SomePojoBeanInfo
Event: 2.608 Loading class org/apache/commons/beanutils/memoryleaktests/pojotests/SomePojoBeanInfo done
Event: 2.609 Loading class org/apache/commons/beanutils/memoryleaktests/pojotests/SomePojoBeanInfo
Event: 2.609 Loading class org/apache/commons/beanutils/memoryleaktests/pojotests/SomePojoBeanInfo done
Event: 2.609 Loading class java/lang/ObjectBeanInfo
Event: 2.609 Loading class java/lang/ObjectBeanInfo done
Event: 2.609 Loading class java/lang/ObjectBeanInfo
Event: 2.609 Loading class java/lang/ObjectBeanInfo done
Event: 2.609 Loading class java/lang/ObjectCustomizer
Event: 2.609 Loading class java/lang/ObjectCustomizer done
Event: 2.609 Loading class java/lang/ObjectCustomizer
Event: 2.609 Loading class java/lang/ObjectCustomizer done
Event: 2.609 Loading class org/apache/commons/beanutils/memoryleaktests/pojotests/SomePojoCustomizer
Event: 2.609 Loading class org/apache/commons/beanutils/memoryleaktests/pojotests/SomePojoCustomizer done
Event: 2.609 Loading class org/apache/commons/beanutils/memoryleaktests/pojotests/SomePojoCustomizer
Event: 2.609 Loading class org/apache/commons/beanutils/memoryleaktests/pojotests/SomePojoCustomizer done
Event: 2.609 Loading class org/apache/commons/beanutils/memoryleaktests/pojotests/SomePojoCustomizer
Event: 2.609 Loading class org/apache/commons/beanutils/memoryleaktests/pojotests/SomePojoCustomizer done

Classes unloaded (0 events):
No events

Classes redefined (1 events):
Event: 2.098 Thread 0x00007fb47020ec30 redefined class name=org.apache.commons.beanutils.WrapDynaClass, count=1

Internal exceptions (20 events):
Event: 2.178 Thread 0x00007fb47044d7a0 Exception <a 'java/lang/ClassNotFoundException'{0x0000000100de51e0}: org/apache/commons/beanutils/AlphaBeanBeanInfo> (0x0000000100de51e0) 
thrown [src/hotspot/share/classfile/systemDictionary.cpp, line 256]
Event: 2.179 Thread 0x00007fb47044d7a0 Exception <a 'java/lang/ClassNotFoundException'{0x0000000100de85c8}: org/apache/commons/beanutils/AbstractParentBeanInfo> (0x0000000100de85c8) 
thrown [src/hotspot/share/classfile/systemDictionary.cpp, line 256]
Event: 2.179 Thread 0x00007fb47044d7a0 Exception <a 'java/lang/ClassNotFoundException'{0x0000000100deb9a0}: org/apache/commons/beanutils/AbstractParentCustomizer> (0x0000000100deb9a0) 
thrown [src/hotspot/share/classfile/systemDictionary.cpp, line 256]
Event: 2.186 Thread 0x00007fb47044d7a0 Exception <a 'java/lang/ClassNotFoundException'{0x0000000100df3100}: org/apache/commons/beanutils/AlphaBeanCustomizer> (0x0000000100df3100) 
thrown [src/hotspot/share/classfile/systemDictionary.cpp, line 256]
Event: 2.198 Thread 0x00007fb470032990 Exception <a 'java/lang/NoSuchMethodError'{0x0000000100d12730}: 'void java.lang.invoke.DirectMethodHandle$Holder.invokeStatic(java.lang.Object, java.lang.Object, java.lang.Object)'> (0x0000000100d12730) 
thrown [src/hotspot/share/interpreter/linkResolver.cpp, line 758]
Event: 2.317 Thread 0x00007fb47044eea0 Exception <a 'java/lang/ClassNotFoundException'{0x00000000ff22df18}: org/apache/commons/beanutils/FluentIntrospectionTestBeanBeanInfo> (0x00000000ff22df18) 
thrown [src/hotspot/share/classfile/systemDictionary.cpp, line 256]
Event: 2.318 Thread 0x00007fb47044eea0 Exception <a 'java/lang/ClassNotFoundException'{0x00000000ff2313f0}: org/apache/commons/beanutils/FluentIntrospectionTestBeanCustomizer> (0x00000000ff2313f0) 
thrown [src/hotspot/share/classfile/systemDictionary.cpp, line 256]
Event: 2.403 Thread 0x00007fb47044eea0 Exception <a 'java/lang/ClassNotFoundException'{0x00000000ff412fb0}: org/apache/commons/beanutils/BenchBeanBeanInfo> (0x00000000ff412fb0) 
thrown [src/hotspot/share/classfile/systemDictionary.cpp, line 256]
Event: 2.448 Thread 0x00007fb47044eea0 Exception <a 'java/lang/ClassNotFoundException'{0x00000000ff416318}: org/apache/commons/beanutils/BenchBeanCustomizer> (0x00000000ff416318) 
thrown [src/hotspot/share/classfile/systemDictionary.cpp, line 256]
Event: 2.449 Thread 0x00007fb47044eea0 Implicit null exception at 0x00007fb460fde5d4 to 0x00007fb460fdebb0
Event: 2.449 Thread 0x00007fb47044eea0 Implicit null exception at 0x00007fb460fdd9d4 to 0x00007fb460fddfa4
Event: 2.472 Thread 0x00007fb47044eea0 Exception <a 'java/lang/ClassNotFoundException'{0x00000000ff5f94f0}: org/apache/commons/beanutils/bugs/other/Jira61BeanFactory$TestBeanBeanInfo> (0x00000000ff5f94f0) 
thrown [src/hotspot/share/classfile/systemDictionary.cpp, line 256]
Event: 2.476 Thread 0x00007fb47044eea0 Exception <a 'java/lang/ClassNotFoundException'{0x00000000ff5fc290}: org/apache/commons/beanutils/bugs/other/Jira61BeanFactory$TestBeanCustomizer> (0x00000000ff5fc290) 
thrown [src/hotspot/share/classfile/systemDictionary.cpp, line 256]
Event: 2.512 Thread 0x00007fb47044eea0 Exception <a 'java/lang/NoSuchMethodError'{0x00000000ff6b7720}: 'java.lang.Object java.lang.invoke.DirectMethodHandle$Holder.invokeStatic(java.lang.Object, int, java.lang.Object)'> (0x00000000ff6b7720) 
thrown [src/hotspot/share/interpreter/linkResolver.cpp, line 758]
Event: 2.515 Thread 0x00007fb47044eea0 Exception <a 'java/lang/ClassNotFoundException'{0x00000000ff6d5108}: sun/util/logging/resources/spi/loggingProvider> (0x00000000ff6d5108) 
thrown [src/hotspot/share/classfile/systemDictionary.cpp, line 256]
Event: 2.517 Thread 0x00007fb47044eea0 Exception <a 'java/lang/reflect/InvocationTargetException'{0x00000000ff6e8b28}> (0x00000000ff6e8b28) 
thrown [src/hotspot/share/runtime/reflection.cpp, line 1126]
Event: 2.609 Thread 0x00007fb47044eea0 Exception <a 'java/lang/ClassNotFoundException'{0x00000000ffa22028}: org/apache/commons/beanutils/memoryleaktests/pojotests/SomePojoBeanInfo> (0x00000000ffa22028) 
thrown [src/hotspot/share/classfile/systemDictionary.cpp, line 256]
Event: 2.609 Thread 0x00007fb47044eea0 Exception <a 'java/lang/ClassNotFoundException'{0x00000000ffa22d08}: java/lang/ObjectBeanInfo> (0x00000000ffa22d08) 
thrown [src/hotspot/share/classfile/systemDictionary.cpp, line 256]
Event: 2.609 Thread 0x00007fb47044eea0 Exception <a 'java/lang/ClassNotFoundException'{0x00000000ffa239d8}: java/lang/ObjectCustomizer> (0x00000000ffa239d8) 
thrown [src/hotspot/share/classfile/systemDictionary.cpp, line 256]
Event: 2.609 Thread 0x00007fb47044eea0 Exception <a 'java/lang/ClassNotFoundException'{0x00000000ffa2ab38}: org/apache/commons/beanutils/memoryleaktests/pojotests/SomePojoCustomizer> (0x00000000ffa2ab38) 
thrown [src/hotspot/share/classfile/systemDictionary.cpp, line 256]

VM Operations (20 events):
Event: 2.770 Executing VM operation: G1CollectForAllocation done
Event: 2.775 Executing VM operation: G1CollectForAllocation
Event: 2.784 Executing VM operation: G1CollectForAllocation done
Event: 2.808 Executing VM operation: G1CollectForAllocation
Event: 2.830 Executing VM operation: G1CollectForAllocation done
Event: 2.975 Executing VM operation: G1CollectForAllocation
Event: 3.022 Executing VM operation: G1CollectForAllocation done
Event: 3.042 Executing VM operation: G1CollectForAllocation
Event: 3.106 Executing VM operation: G1CollectForAllocation done
Event: 3.131 Executing VM operation: G1CollectForAllocation
Event: 3.170 Executing VM operation: G1CollectForAllocation done
Event: 3.190 Executing VM operation: G1CollectForAllocation
Event: 3.259 Executing VM operation: G1CollectForAllocation done
Event: 3.820 Executing VM operation: G1CollectForAllocation
Event: 3.966 Executing VM operation: G1CollectForAllocation done
Event: 4.044 Executing VM operation: G1CollectForAllocation
Event: 4.222 Executing VM operation: G1CollectForAllocation done
Event: 4.291 Executing VM operation: G1CollectForAllocation
Event: 4.416 Executing VM operation: G1CollectForAllocation done
Event: 4.562 Executing VM operation: G1CollectForAllocation

Memory protections (20 events):
Event: 0.154 Protecting memory [0x00007fb4030cf000,0x00007fb4030d3000] with protection modes 0
Event: 0.182 Protecting memory [0x00007fb402ecd000,0x00007fb402ed1000] with protection modes 0
Event: 0.192 Protecting memory [0x00007fb402fce000,0x00007fb402fd2000] with protection modes 0
Event: 0.222 Protecting memory [0x00007fb402dcc000,0x00007fb402dd0000] with protection modes 0
Event: 0.233 Protecting memory [0x00007fb402ccb000,0x00007fb402ccf000] with protection modes 0
Event: 0.257 Protecting memory [0x00007fb402bca000,0x00007fb402bce000] with protection modes 0
Event: 0.411 Protecting memory [0x00007fb4029c8000,0x00007fb4029cc000] with protection modes 0
Event: 0.446 Protecting memory [0x00007fb4028c7000,0x00007fb4028cb000] with protection modes 0
Event: 1.539 Protecting memory [0x00007fb4029c8000,0x00007fb4029cc000] with protection modes 0
Event: 1.545 Protecting memory [0x00007fb4028c7000,0x00007fb4028cb000] with protection modes 0
Event: 1.904 Protecting memory [0x00007fb4029c8000,0x00007fb4029cc000] with protection modes 0
Event: 2.105 Protecting memory [0x00007fb4028c7000,0x00007fb4028cb000] with protection modes 0
Event: 2.261 Protecting memory [0x00007fb4028c7000,0x00007fb4028cb000] with protection modes 0
Event: 2.302 Protecting memory [0x00007fb4029c8000,0x00007fb4029cc000] with protection modes 0
Event: 2.313 Protecting memory [0x00007fb4029c8000,0x00007fb4029cc000] with protection modes 0
Event: 2.335 Protecting memory [0x00007fb4029c8000,0x00007fb4029cc000] with protection modes 0
Event: 2.462 Protecting memory [0x00007fb4029c8000,0x00007fb4029cc000] with protection modes 0
Event: 2.532 Protecting memory [0x00007fb4029c8000,0x00007fb4029cc000] with protection modes 0
Event: 2.537 Protecting memory [0x00007fb4029c8000,0x00007fb4029cc000] with protection modes 0
Event: 2.615 Protecting memory [0x00007fb4028c7000,0x00007fb4028cb000] with protection modes 0

Nmethod flushes (0 events):
No events

Events (20 events):
Event: 1.773 Thread 0x00007fb36c001850 Thread exited: 0x00007fb36c001850
Event: 1.808 Thread 0x00007fb37c2bcda0 Thread exited: 0x00007fb37c2bcda0
Event: 1.904 Thread 0x00007fb38c035d50 Thread added: 0x00007fb3800116e0
Event: 2.105 Thread 0x00007fb470032990 Thread added: 0x00007fb47044d7a0
Event: 2.195 Thread 0x00007fb47044d7a0 Thread exited: 0x00007fb47044d7a0
Event: 2.250 Thread 0x00007fb470032990 Thread added: 0x00007fb47044eea0
Event: 2.262 Thread 0x00007fb47044eea0 Thread exited: 0x00007fb47044eea0
Event: 2.262 Thread 0x00007fb3800116e0 Thread exited: 0x00007fb3800116e0
Event: 2.302 Thread 0x00007fb470032990 Thread added: 0x00007fb47044eea0
Event: 2.304 Thread 0x00007fb47044eea0 Thread exited: 0x00007fb47044eea0
Event: 2.313 Thread 0x00007fb470032990 Thread added: 0x00007fb47044eea0
Event: 2.318 Thread 0x00007fb47044eea0 Thread exited: 0x00007fb47044eea0
Event: 2.324 Thread 0x00007fb470032990 Thread added: 0x00007fb47044eea0
Event: 2.450 Thread 0x00007fb47044eea0 Thread exited: 0x00007fb47044eea0
Event: 2.462 Thread 0x00007fb470032990 Thread added: 0x00007fb47044eea0
Event: 2.531 Thread 0x00007fb47044eea0 Thread exited: 0x00007fb47044eea0
Event: 2.532 Thread 0x00007fb470032990 Thread added: 0x00007fb47044eea0
Event: 2.533 Thread 0x00007fb47044eea0 Thread exited: 0x00007fb47044eea0
Event: 2.537 Thread 0x00007fb470032990 Thread added: 0x00007fb47044eea0
Event: 2.615 Thread 0x00007fb47021c990 Thread added: 0x00007fb398106380


Dynamic libraries:
82000000-46a000000 rw-p 00000000 00:00 0 
5d9000000-7fe000000 ---p 00000000 00:00 0 
7fe000000-7fef00000 rw-p 00000000 00:00 0 
7fef00000-7fef75000 rw-p 00c79000 00:33 8596472648                       /sfs/gpfs/tardis/applications/202512/software/standard/core/java/17/lib/server/classes.jsa
7fef75000-7ff000000 rw-p 00000000 00:00 0 
7ff000000-7ff078000 rw-p 00c01000 00:33 8596472648                       /sfs/gpfs/tardis/applications/202512/software/standard/core/java/17/lib/server/classes.jsa
7ff078000-800000000 rw-p 00000000 00:00 0 
55a4f2bc5000-55a4f2bc6000 r--p 00000000 00:33 8596472430                 /sfs/gpfs/tardis/applications/202512/software/standard/core/java/17/bin/java
55a4f2bc6000-55a4f2bc7000 r-xp 00001000 00:33 8596472430                 /sfs/gpfs/tardis/applications/202512/software/standard/core/java/17/bin/java
55a4f2bc7000-55a4f2bc8000 r--p 00002000 00:33 8596472430                 /sfs/gpfs/tardis/applications/202512/software/standard/core/java/17/bin/java
55a4f2bc8000-55a4f2bc9000 r--p 00002000 00:33 8596472430                 /sfs/gpfs/tardis/applications/202512/software/standard/core/java/17/bin/java
55a4f2bc9000-55a4f2bca000 rw-p 00003000 00:33 8596472430                 /sfs/gpfs/tardis/applications/202512/software/standard/core/java/17/bin/java
55a4f3516000-55a4f355e000 rw-p 00000000 00:00 0                          [heap]
7fb30c000000-7fb30c021000 rw-p 00000000 00:00 0 
7fb30c021000-7fb310000000 ---p 00000000 00:00 0 
7fb314000000-7fb314021000 rw-p 00000000 00:00 0 
7fb314021000-7fb318000000 ---p 00000000 00:00 0 
7fb318000000-7fb318021000 rw-p 00000000 00:00 0 
7fb318021000-7fb31c000000 ---p 00000000 00:00 0 
7fb31c000000-7fb31c021000 rw-p 00000000 00:00 0 
7fb31c021000-7fb320000000 ---p 00000000 00:00 0 
7fb320000000-7fb320021000 rw-p 00000000 00:00 0 
7fb320021000-7fb324000000 ---p 00000000 00:00 0 
7fb324000000-7fb324021000 rw-p 00000000 00:00 0 
7fb324021000-7fb328000000 ---p 00000000 00:00 0 
7fb328000000-7fb328021000 rw-p 00000000 00:00 0 
7fb328021000-7fb32c000000 ---p 00000000 00:00 0 
7fb32c000000-7fb32c021000 rw-p 00000000 00:00 0 
7fb32c021000-7fb330000000 ---p 00000000 00:00 0 
7fb330000000-7fb330021000 rw-p 00000000 00:00 0 
7fb330021000-7fb334000000 ---p 00000000 00:00 0 
7fb334000000-7fb334021000 rw-p 00000000 00:00 0 
7fb334021000-7fb338000000 ---p 00000000 00:00 0 
7fb338000000-7fb338021000 rw-p 00000000 00:00 0 
7fb338021000-7fb33c000000 ---p 00000000 00:00 0 
7fb33c000000-7fb33c021000 rw-p 00000000 00:00 0 
7fb33c021000-7fb340000000 ---p 00000000 00:00 0 
7fb340000000-7fb340021000 rw-p 00000000 00:00 0 
7fb340021000-7fb344000000 ---p 00000000 00:00 0 
7fb344000000-7fb344021000 rw-p 00000000 00:00 0 
7fb344021000-7fb348000000 ---p 00000000 00:00 0 
7fb348000000-7fb348021000 rw-p 00000000 00:00 0 
7fb348021000-7fb34c000000 ---p 00000000 00:00 0 
7fb34c000000-7fb34c021000 rw-p 00000000 00:00 0 
7fb34c021000-7fb350000000 ---p 00000000 00:00 0 
7fb350000000-7fb350021000 rw-p 00000000 00:00 0 
7fb350021000-7fb354000000 ---p 00000000 00:00 0 
7fb354000000-7fb354021000 rw-p 00000000 00:00 0 
7fb354021000-7fb358000000 ---p 00000000 00:00 0 
7fb358000000-7fb358021000 rw-p 00000000 00:00 0 
7fb358021000-7fb35c000000 ---p 00000000 00:00 0 
7fb35c000000-7fb35c021000 rw-p 00000000 00:00 0 
7fb35c021000-7fb360000000 ---p 00000000 00:00 0 
7fb360000000-7fb360021000 rw-p 00000000 00:00 0 
7fb360021000-7fb364000000 ---p 00000000 00:00 0 
7fb364000000-7fb364021000 rw-p 00000000 00:00 0 
7fb364021000-7fb368000000 ---p 00000000 00:00 0 
7fb368000000-7fb368021000 rw-p 00000000 00:00 0 
7fb368021000-7fb36c000000 ---p 00000000 00:00 0 
7fb36c000000-7fb36c07a000 rw-p 00000000 00:00 0 
7fb36c07a000-7fb370000000 ---p 00000000 00:00 0 
7fb370000000-7fb37003b000 rw-p 00000000 00:00 0 
7fb37003b000-7fb374000000 ---p 00000000 00:00 0 
7fb374000000-7fb374021000 rw-p 00000000 00:00 0 
7fb374021000-7fb378000000 ---p 00000000 00:00 0 
7fb378000000-7fb378021000 rw-p 00000000 00:00 0 
7fb378021000-7fb37c000000 ---p 00000000 00:00 0 
7fb37c000000-7fb37c33d000 rw-p 00000000 00:00 0 
7fb37c33d000-7fb380000000 ---p 00000000 00:00 0 
7fb380000000-7fb380021000 rw-p 00000000 00:00 0 
7fb380021000-7fb384000000 ---p 00000000 00:00 0 
7fb384000000-7fb3840aa000 rw-p 00000000 00:00 0 
7fb3840aa000-7fb388000000 ---p 00000000 00:00 0 
7fb388000000-7fb388021000 rw-p 00000000 00:00 0 
7fb388021000-7fb38c000000 ---p 00000000 00:00 0 
7fb38c000000-7fb38c07e000 rw-p 00000000 00:00 0 
7fb38c07e000-7fb390000000 ---p 00000000 00:00 0 
7fb390000000-7fb390021000 rw-p 00000000 00:00 0 
7fb390021000-7fb394000000 ---p 00000000 00:00 0 
7fb394000000-7fb394021000 rw-p 00000000 00:00 0 
7fb394021000-7fb398000000 ---p 00000000 00:00 0 
7fb398000000-7fb3981b3000 rw-p 00000000 00:00 0 
7fb3981b3000-7fb39c000000 ---p 00000000 00:00 0 
7fb39c000000-7fb39c021000 rw-p 00000000 00:00 0 
7fb39c021000-7fb3a0000000 ---p 00000000 00:00 0 
7fb3a0000000-7fb3a0021000 rw-p 00000000 00:00 0 
7fb3a0021000-7fb3a4000000 ---p 00000000 00:00 0 
7fb3a4000000-7fb3a4021000 rw-p 00000000 00:00 0 
7fb3a4021000-7fb3a8000000 ---p 00000000 00:00 0 
7fb3a8000000-7fb3a8021000 rw-p 00000000 00:00 0 
7fb3a8021000-7fb3ac000000 ---p 00000000 00:00 0 
7fb3ac000000-7fb3ac784000 rw-p 00000000 00:00 0 
7fb3ac784000-7fb3b0000000 ---p 00000000 00:00 0 
7fb3b3000000-7fb3b3455000 rw-p 00001000 00:33 8596472648                 /sfs/gpfs/tardis/applications/202512/software/standard/core/java/17/lib/server/classes.jsa
7fb3b3455000-7fb3b3bc9000 rw-p 00456000 00:33 8596472648                 /sfs/gpfs/tardis/applications/202512/software/standard/core/java/17/lib/server/classes.jsa
7fb3b3bc9000-7fb3b4000000 ---p 00000000 00:00 0 
7fb3b4000000-7fb3b4040000 rw-p 00000000 00:00 0 
7fb3b4040000-7fb3b40b0000 rw-p 00000000 00:00 0 
7fb3b40b0000-7fb3b40c0000 ---p 00000000 00:00 0 
7fb3b40c0000-7fb3b40e0000 rw-p 00000000 00:00 0 
7fb3b40e0000-7fb3f4000000 ---p 00000000 00:00 0 
7fb3f4000000-7fb3f4021000 rw-p 00000000 00:00 0 
7fb3f4021000-7fb3f8000000 ---p 00000000 00:00 0 
7fb3f8000000-7fb3f8370000 rw-p 00000000 00:00 0 
7fb3f8370000-7fb3f8400000 ---p 00000000 00:00 0 
7fb3f8400000-7fb3f8640000 rw-p 00000000 00:00 0 
7fb3f8640000-7fb3fc000000 ---p 00000000 00:00 0 
7fb3fc000000-7fb3fc021000 rw-p 00000000 00:00 0 
7fb3fc021000-7fb400000000 ---p 00000000 00:00 0 
7fb400dc7000-7fb4011af000 rw-p 00000000 00:00 0 
7fb4011af000-7fb4011b0000 ---p 00000000 00:00 0 
7fb4011b0000-7fb4012b0000 rw-p 00000000 00:00 0 
7fb4012b0000-7fb4012b1000 ---p 00000000 00:00 0 
7fb4012b1000-7fb4013b1000 rw-p 00000000 00:00 0 
7fb4013b1000-7fb4013b2000 ---p 00000000 00:00 0 
7fb4013b2000-7fb4014b2000 rw-p 00000000 00:00 0 
7fb4014b2000-7fb4014b3000 ---p 00000000 00:00 0 
7fb4014b3000-7fb4015b3000 rw-p 00000000 00:00 0 
7fb4015b3000-7fb4015b4000 ---p 00000000 00:00 0 
7fb4015b4000-7fb4016b4000 rw-p 00000000 00:00 0 
7fb4016b4000-7fb4016b5000 ---p 00000000 00:00 0 
7fb4016b5000-7fb4017b5000 rw-p 00000000 00:00 0 
7fb4017b5000-7fb4017b6000 ---p 00000000 00:00 0 
7fb4017b6000-7fb4018b6000 rw-p 00000000 00:00 0 
7fb4018b6000-7fb4018b7000 ---p 00000000 00:00 0 
7fb4018b7000-7fb4019b7000 rw-p 00000000 00:00 0 
7fb4019b7000-7fb4019b8000 ---p 00000000 00:00 0 
7fb4019b8000-7fb401ab8000 rw-p 00000000 00:00 0 
7fb401ab8000-7fb401ab9000 ---p 00000000 00:00 0 
7fb401ab9000-7fb401bb9000 rw-p 00000000 00:00 0 
7fb401bb9000-7fb401bba000 ---p 00000000 00:00 0 
7fb401bba000-7fb401cba000 rw-p 00000000 00:00 0 
7fb401cba000-7fb401cbb000 ---p 00000000 00:00 0 
7fb401cbb000-7fb401dbb000 rw-p 00000000 00:00 0 
7fb401dbb000-7fb401dbc000 ---p 00000000 00:00 0 
7fb401dbc000-7fb401ebc000 rw-p 00000000 00:00 0 
7fb401ebc000-7fb401ebd000 ---p 00000000 00:00 0 
7fb401ebd000-7fb401fbd000 rw-p 00000000 00:00 0 
7fb401fbd000-7fb401fbe000 ---p 00000000 00:00 0 
7fb401fbe000-7fb4020be000 rw-p 00000000 00:00 0 
7fb4020be000-7fb4020bf000 ---p 00000000 00:00 0 
7fb4020bf000-7fb4021bf000 rw-p 00000000 00:00 0 
7fb4021bf000-7fb4021c0000 ---p 00000000 00:00 0 
7fb4021c0000-7fb4022c0000 rw-p 00000000 00:00 0 
7fb4022c0000-7fb4022c1000 ---p 00000000 00:00 0 
7fb4022c1000-7fb4023c1000 rw-p 00000000 00:00 0 
7fb4023c1000-7fb4023c2000 ---p 00000000 00:00 0 
7fb4023c2000-7fb4024c2000 rw-p 00000000 00:00 0 
7fb4024c2000-7fb4024c3000 ---p 00000000 00:00 0 
7fb4024c3000-7fb4025c3000 rw-p 00000000 00:00 0 
7fb4025c3000-7fb4025c4000 ---p 00000000 00:00 0 
7fb4025c4000-7fb4026c4000 rw-p 00000000 00:00 0 
7fb4026c4000-7fb4026c5000 ---p 00000000 00:00 0 
7fb4026c5000-7fb4027c5000 rw-p 00000000 00:00 0 
7fb4027c5000-7fb4027c6000 ---p 00000000 00:00 0 
7fb4027c6000-7fb4028c6000 rw-p 00000000 00:00 0 
7fb4028c6000-7fb4028c7000 ---p 00000000 00:00 0 
7fb4028c7000-7fb4028cb000 ---p 00000000 00:00 0 
7fb4028cb000-7fb4029c7000 rw-p 00000000 00:00 0 
7fb4029c7000-7fb4029c8000 ---p 00000000 00:00 0 
7fb4029c8000-7fb4029cc000 ---p 00000000 00:00 0 
7fb4029cc000-7fb402ac8000 rw-p 00000000 00:00 0 
7fb402ac8000-7fb402ac9000 ---p 00000000 00:00 0 
7fb402ac9000-7fb402bc9000 rw-p 00000000 00:00 0 
7fb402bc9000-7fb402bca000 ---p 00000000 00:00 0 
7fb402bca000-7fb402bce000 ---p 00000000 00:00 0 
7fb402bce000-7fb402cca000 rw-p 00000000 00:00 0 
7fb402cca000-7fb402ccb000 ---p 00000000 00:00 0 
7fb402ccb000-7fb402ccf000 ---p 00000000 00:00 0 
7fb402ccf000-7fb402dcb000 rw-p 00000000 00:00 0 
7fb402dcb000-7fb402dcc000 ---p 00000000 00:00 0 
7fb402dcc000-7fb402dd0000 ---p 00000000 00:00 0 
7fb402dd0000-7fb402ecc000 rw-p 00000000 00:00 0 
7fb402ecc000-7fb402ecd000 ---p 00000000 00:00 0 
7fb402ecd000-7fb402ed1000 ---p 00000000 00:00 0 
7fb402ed1000-7fb402fcd000 rw-p 00000000 00:00 0 
7fb402fcd000-7fb402fce000 ---p 00000000 00:00 0 
7fb402fce000-7fb402fd2000 ---p 00000000 00:00 0 
7fb402fd2000-7fb4030ce000 rw-p 00000000 00:00 0 
7fb4030ce000-7fb4030cf000 ---p 00000000 00:00 0 
7fb4030cf000-7fb4030d3000 ---p 00000000 00:00 0 
7fb4030d3000-7fb4031cf000 rw-p 00000000 00:00 0 
7fb4031cf000-7fb4031d0000 ---p 00000000 00:00 0 
7fb4031d0000-7fb4031d4000 ---p 00000000 00:00 0 
7fb4031d4000-7fb4032d0000 rw-p 00000000 00:00 0 
7fb4032d0000-7fb4032d1000 ---p 00000000 00:00 0 
7fb4032d1000-7fb4032d5000 ---p 00000000 00:00 0 
7fb4032d5000-7fb4033d1000 rw-p 00000000 00:00 0 
7fb4033d1000-7fb4033d2000 ---p 00000000 00:00 0 
7fb4033d2000-7fb4033d6000 ---p 00000000 00:00 0 
7fb4033d6000-7fb4034d2000 rw-p 00000000 00:00 0 
7fb4034d2000-7fb4034d3000 ---p 00000000 00:00 0 
7fb4034d3000-7fb4034d7000 ---p 00000000 00:00 0 
7fb4034d7000-7fb4035d3000 rw-p 00000000 00:00 0 
7fb4035d3000-7fb4035d4000 ---p 00000000 00:00 0 
7fb4035d4000-7fb4035d8000 ---p 00000000 00:00 0 
7fb4035d8000-7fb4036d4000 rw-p 00000000 00:00 0 
7fb4036d4000-7fb4036d5000 ---p 00000000 00:00 0 
7fb4036d5000-7fb4036d9000 ---p 00000000 00:00 0 
7fb4036d9000-7fb4037d5000 rw-p 00000000 00:00 0 
7fb4037d5000-7fb4037d6000 ---p 00000000 00:00 0 
7fb4037d6000-7fb4037da000 ---p 00000000 00:00 0 
7fb4037da000-7fb4038d6000 rw-p 00000000 00:00 0 
7fb4038d6000-7fb4038d7000 ---p 00000000 00:00 0 
7fb4038d7000-7fb4039d7000 rw-p 00000000 00:00 0 
7fb4039d7000-7fb4039dc000 r--p 00000000 00:33 8596472621                 /sfs/gpfs/tardis/applications/202512/software/standard/core/java/17/lib/libjsvml.so
7fb4039dc000-7fb403a1d000 r-xp 00005000 00:33 8596472621                 /sfs/gpfs/tardis/applications/202512/software/standard/core/java/17/lib/libjsvml.so
7fb403a1d000-7fb403aa6000 r--p 00046000 00:33 8596472621                 /sfs/gpfs/tardis/applications/202512/software/standard/core/java/17/lib/libjsvml.so
7fb403aa6000-7fb403aa7000 r--p 000ce000 00:33 8596472621                 /sfs/gpfs/tardis/applications/202512/software/standard/core/java/17/lib/libjsvml.so
7fb403aa7000-7fb403aa8000 rw-p 000cf000 00:33 8596472621                 /sfs/gpfs/tardis/applications/202512/software/standard/core/java/17/lib/libjsvml.so
7fb403aa8000-7fb403bc5000 rw-p 00000000 00:00 0 
7fb403bfc000-7fb403bfd000 ---p 00000000 00:00 0 
7fb403bfd000-7fb403cfd000 rw-p 00000000 00:00 0 
7fb403cfd000-7fb403cfe000 ---p 00000000 00:00 0 
7fb403cfe000-7fb404021000 rw-p 00000000 00:00 0 
7fb404021000-7fb408000000 ---p 00000000 00:00 0 
7fb408000000-7fb408021000 rw-p 00000000 00:00 0 
7fb408021000-7fb40c000000 ---p 00000000 00:00 0 
7fb40c000000-7fb40c021000 rw-p 00000000 00:00 0 
7fb40c021000-7fb410000000 ---p 00000000 00:00 0 
7fb410005000-7fb410007000 r--p 00000000 00:33 8596472625                 /sfs/gpfs/tardis/applications/202512/software/standard/core/java/17/lib/libmanagement_ext.so
7fb410007000-7fb41000a000 r-xp 00002000 00:33 8596472625                 /sfs/gpfs/tardis/applications/202512/software/standard/core/java/17/lib/libmanagement_ext.so
7fb41000a000-7fb41000b000 r--p 00005000 00:33 8596472625                 /sfs/gpfs/tardis/applications/202512/software/standard/core/java/17/lib/libmanagement_ext.so
7fb41000b000-7fb41000c000 ---p 00006000 00:33 8596472625                 /sfs/gpfs/tardis/applications/202512/software/standard/core/java/17/lib/libmanagement_ext.so
7fb41000c000-7fb41000d000 r--p 00006000 00:33 8596472625                 /sfs/gpfs/tardis/applications/202512/software/standard/core/java/17/lib/libmanagement_ext.so
7fb41000d000-7fb41000e000 rw-p 00007000 00:33 8596472625                 /sfs/gpfs/tardis/applications/202512/software/standard/core/java/17/lib/libmanagement_ext.so
7fb41000e000-7fb410011000 r--p 00000000 00:33 8596472623                 /sfs/gpfs/tardis/applications/202512/software/standard/core/java/17/lib/libmanagement.so
7fb410011000-7fb410012000 r-xp 00003000 00:33 8596472623                 /sfs/gpfs/tardis/applications/202512/software/standard/core/java/17/lib/libmanagement.so
7fb410012000-7fb410013000 r--p 00004000 00:33 8596472623                 /sfs/gpfs/tardis/applications/202512/software/standard/core/java/17/lib/libmanagement.so
7fb410013000-7fb410014000 r--p 00004000 00:33 8596472623                 /sfs/gpfs/tardis/applications/202512/software/standard/core/java/17/lib/libmanagement.so
7fb410014000-7fb410015000 rw-p 00005000 00:33 8596472623                 /sfs/gpfs/tardis/applications/202512/software/standard/core/java/17/lib/libmanagement.so
7fb410015000-7fb410019000 r--p 00000000 00:33 8596472627                 /sfs/gpfs/tardis/applications/202512/software/standard/core/java/17/lib/libnet.so
7fb410019000-7fb410027000 r-xp 00004000 00:33 8596472627                 /sfs/gpfs/tardis/applications/202512/software/standard/core/java/17/lib/libnet.so
7fb410027000-7fb41002b000 r--p 00012000 00:33 8596472627                 /sfs/gpfs/tardis/applications/202512/software/standard/core/java/17/lib/libnet.so
7fb41002b000-7fb41002c000 r--p 00015000 00:33 8596472627                 /sfs/gpfs/tardis/applications/202512/software/standard/core/java/17/lib/libnet.so
7fb41002c000-7fb41002d000 rw-p 00016000 00:33 8596472627                 /sfs/gpfs/tardis/applications/202512/software/standard/core/java/17/lib/libnet.so
7fb41002d000-7fb421b2e000 rw-p 00000000 00:00 0 
7fb421b2e000-7fb43002e000 ---p 00000000 00:00 0 
7fb43002e000-7fb43faae000 rw-p 00000000 00:00 0 
7fb43faae000-7fb44dfae000 ---p 00000000 00:00 0 
7fb44dfae000-7fb44ff6e000 rw-p 00000000 00:00 0 
7fb44ff6e000-7fb451c0e000 ---p 00000000 00:00 0 
7fb451c0e000-7fb453b5e000 rw-p 00000000 00:00 0 
7fb453b5e000-7fb4557fe000 ---p 00000000 00:00 0 
7fb4557fe000-7fb45774e000 rw-p 00000000 00:00 0 
7fb45774e000-7fb4593ee000 ---p 00000000 00:00 0 
7fb4593ee000-7fb4593fe000 rw-p 00000000 00:00 0 
7fb4593fe000-7fb4596ce000 rwxp 00000000 00:00 0 
7fb4596ce000-7fb46085d000 ---p 00000000 00:00 0 
7fb46085d000-7fb460b3d000 rwxp 00000000 00:00 0 
7fb460b3d000-7fb460f9e000 ---p 00000000 00:00 0 
7fb460f9e000-7fb46120e000 rwxp 00000000 00:00 0 
7fb46120e000-7fb4683fe000 ---p 00000000 00:00 0 
7fb4683fe000-7fb470000000 r--s 00000000 00:33 8596472637                 /sfs/gpfs/tardis/applications/202512/software/standard/core/java/17/lib/modules
7fb470000000-7fb47049b000 rw-p 00000000 00:00 0 
7fb47049b000-7fb474000000 ---p 00000000 00:00 0 
7fb474000000-7fb474004000 r--p 00000000 00:33 8596472635                 /sfs/gpfs/tardis/applications/202512/software/standard/core/java/17/lib/libverify.so
7fb474004000-7fb47400b000 r-xp 00004000 00:33 8596472635                 /sfs/gpfs/tardis/applications/202512/software/standard/core/java/17/lib/libverify.so
7fb47400b000-7fb47400d000 r--p 0000b000 00:33 8596472635                 /sfs/gpfs/tardis/applications/202512/software/standard/core/java/17/lib/libverify.so
7fb47400d000-7fb47400f000 r--p 0000c000 00:33 8596472635                 /sfs/gpfs/tardis/applications/202512/software/standard/core/java/17/lib/libverify.so
7fb47400f000-7fb474010000 rw-p 0000e000 00:33 8596472635                 /sfs/gpfs/tardis/applications/202512/software/standard/core/java/17/lib/libverify.so
7fb474010000-7fb474017000 r--p 00000000 00:33 8596472628                 /sfs/gpfs/tardis/applications/202512/software/standard/core/java/17/lib/libnio.so
7fb474017000-7fb474020000 r-xp 00007000 00:33 8596472628                 /sfs/gpfs/tardis/applications/202512/software/standard/core/java/17/lib/libnio.so
7fb474020000-7fb474024000 r--p 00010000 00:33 8596472628                 /sfs/gpfs/tardis/applications/202512/software/standard/core/java/17/lib/libnio.so
7fb474024000-7fb474025000 ---p 00014000 00:33 8596472628                 /sfs/gpfs/tardis/applications/202512/software/standard/core/java/17/lib/libnio.so
7fb474025000-7fb474026000 r--p 00014000 00:33 8596472628                 /sfs/gpfs/tardis/applications/202512/software/standard/core/java/17/lib/libnio.so
7fb474026000-7fb474027000 rw-p 00015000 00:33 8596472628                 /sfs/gpfs/tardis/applications/202512/software/standard/core/java/17/lib/libnio.so
7fb474027000-7fb474f36000 rw-p 00000000 00:00 0 
7fb474f36000-7fb474f37000 ---p 00000000 00:00 0 
7fb474f37000-7fb475037000 rw-p 00000000 00:00 0 
7fb475037000-7fb475038000 ---p 00000000 00:00 0 
7fb475038000-7fb475138000 rw-p 00000000 00:00 0 
7fb475138000-7fb475139000 ---p 00000000 00:00 0 
7fb475139000-7fb4766ac000 rw-p 00000000 00:00 0 
7fb4766ac000-7fb476790000 ---p 00000000 00:00 0 
7fb476790000-7fb476796000 rw-p 00000000 00:00 0 
7fb476796000-7fb476879000 ---p 00000000 00:00 0 
7fb476879000-7fb47687b000 r--p 00000000 00:33 8596472636                 /sfs/gpfs/tardis/applications/202512/software/standard/core/java/17/lib/libzip.so
7fb47687b000-7fb47688d000 r-xp 00002000 00:33 8596472636                 /sfs/gpfs/tardis/applications/202512/software/standard/core/java/17/lib/libzip.so
7fb47688d000-7fb476895000 r--p 00014000 00:33 8596472636                 /sfs/gpfs/tardis/applications/202512/software/standard/core/java/17/lib/libzip.so
7fb476895000-7fb476896000 r--p 0001b000 00:33 8596472636                 /sfs/gpfs/tardis/applications/202512/software/standard/core/java/17/lib/libzip.so
7fb476896000-7fb476897000 rw-p 0001c000 00:33 8596472636                 /sfs/gpfs/tardis/applications/202512/software/standard/core/java/17/lib/libzip.so
7fb476897000-7fb4768a2000 r-xp 00000000 00:29 41352995                   /usr/lib64/libnss_files-2.28.so
7fb4768a2000-7fb476aa2000 ---p 0000b000 00:29 41352995                   /usr/lib64/libnss_files-2.28.so
7fb476aa2000-7fb476aa3000 r--p 0000b000 00:29 41352995                   /usr/lib64/libnss_files-2.28.so
7fb476aa3000-7fb476aa4000 rw-p 0000c000 00:29 41352995                   /usr/lib64/libnss_files-2.28.so
7fb476aa4000-7fb476aaa000 rw-p 00000000 00:00 0 
7fb476aaa000-7fb476ab1000 r-xp 00000000 00:29 41352993                   /usr/lib64/libnss_db-2.28.so
7fb476ab1000-7fb476cb0000 ---p 00007000 00:29 41352993                   /usr/lib64/libnss_db-2.28.so
7fb476cb0000-7fb476cb1000 r--p 00006000 00:29 41352993                   /usr/lib64/libnss_db-2.28.so
7fb476cb1000-7fb476cb2000 rw-p 00007000 00:29 41352993                   /usr/lib64/libnss_db-2.28.so
7fb476cb2000-7fb476cb5000 rw-p 00000000 00:00 0 
7fb476cb5000-7fb476f2d000 r--p 00000000 00:29 42290259                   /usr/lib/locale/en_US.utf8/LC_COLLATE
7fb476f2d000-7fb4770ae000 r-xp 00000000 00:29 41352876                   /usr/lib64/libm-2.28.so
7fb4770ae000-7fb4772ad000 ---p 00181000 00:29 41352876                   /usr/lib64/libm-2.28.so
7fb4772ad000-7fb4772ae000 r--p 00180000 00:29 41352876                   /usr/lib64/libm-2.28.so
7fb4772ae000-7fb4772af000 rw-p 00181000 00:29 41352876                   /usr/lib64/libm-2.28.so
7fb4772af000-7fb4772b6000 r-xp 00000000 00:29 41353205                   /usr/lib64/librt-2.28.so
7fb4772b6000-7fb4774b5000 ---p 00007000 00:29 41353205                   /usr/lib64/librt-2.28.so
7fb4774b5000-7fb4774b6000 r--p 00006000 00:29 41353205                   /usr/lib64/librt-2.28.so
7fb4774b6000-7fb4774b7000 rw-p 00007000 00:29 41353205                   /usr/lib64/librt-2.28.so
7fb4774b7000-7fb47770a000 r--p 00000000 00:33 8596472651                 /sfs/gpfs/tardis/applications/202512/software/standard/core/java/17/lib/server/libjvm.so
7fb47770a000-7fb478433000 r-xp 00253000 00:33 8596472651                 /sfs/gpfs/tardis/applications/202512/software/standard/core/java/17/lib/server/libjvm.so
7fb478433000-7fb4786c0000 r--p 00f7c000 00:33 8596472651                 /sfs/gpfs/tardis/applications/202512/software/standard/core/java/17/lib/server/libjvm.so
7fb4786c0000-7fb4786c1000 ---p 01209000 00:33 8596472651                 /sfs/gpfs/tardis/applications/202512/software/standard/core/java/17/lib/server/libjvm.so
7fb4786c1000-7fb47877a000 r--p 01209000 00:33 8596472651                 /sfs/gpfs/tardis/applications/202512/software/standard/core/java/17/lib/server/libjvm.so
7fb47877a000-7fb4787af000 rw-p 012c2000 00:33 8596472651                 /sfs/gpfs/tardis/applications/202512/software/standard/core/java/17/lib/server/libjvm.so
7fb4787af000-7fb47880a000 rw-p 00000000 00:00 0 
7fb47880a000-7fb4789d7000 r-xp 00000000 00:29 41352421                   /usr/lib64/libc-2.28.so
7fb4789d7000-7fb478bd6000 ---p 001cd000 00:29 41352421                   /usr/lib64/libc-2.28.so
7fb478bd6000-7fb478bda000 r--p 001cc000 00:29 41352421                   /usr/lib64/libc-2.28.so
7fb478bda000-7fb478bdc000 rw-p 001d0000 00:29 41352421                   /usr/lib64/libc-2.28.so
7fb478bdc000-7fb478be0000 rw-p 00000000 00:00 0 
7fb478be0000-7fb478be3000 r-xp 00000000 00:29 41352530                   /usr/lib64/libdl-2.28.so
7fb478be3000-7fb478de2000 ---p 00003000 00:29 41352530                   /usr/lib64/libdl-2.28.so
7fb478de2000-7fb478de3000 r--p 00002000 00:29 41352530                   /usr/lib64/libdl-2.28.so
7fb478de3000-7fb478de4000 rw-p 00003000 00:29 41352530                   /usr/lib64/libdl-2.28.so
7fb478de4000-7fb478dff000 r-xp 00000000 00:29 41353149                   /usr/lib64/libpthread-2.28.so
7fb478dff000-7fb478ffe000 ---p 0001b000 00:29 41353149                   /usr/lib64/libpthread-2.28.so
7fb478ffe000-7fb478fff000 r--p 0001a000 00:29 41353149                   /usr/lib64/libpthread-2.28.so
7fb478fff000-7fb479000000 rw-p 0001b000 00:29 41353149                   /usr/lib64/libpthread-2.28.so
7fb479000000-7fb479004000 rw-p 00000000 00:00 0 
7fb479004000-7fb479033000 r-xp 00000000 00:29 41352045                   /usr/lib64/ld-2.28.so
7fb479037000-7fb479038000 r--p 00000000 00:33 8596472606                 /sfs/gpfs/tardis/applications/202512/software/standard/core/java/17/lib/libextnet.so
7fb479038000-7fb479039000 r-xp 00001000 00:33 8596472606                 /sfs/gpfs/tardis/applications/202512/software/standard/core/java/17/lib/libextnet.so
7fb479039000-7fb47903a000 r--p 00002000 00:33 8596472606                 /sfs/gpfs/tardis/applications/202512/software/standard/core/java/17/lib/libextnet.so
7fb47903a000-7fb47903b000 r--p 00002000 00:33 8596472606                 /sfs/gpfs/tardis/applications/202512/software/standard/core/java/17/lib/libextnet.so
7fb47903b000-7fb47903c000 rw-p 00003000 00:33 8596472606                 /sfs/gpfs/tardis/applications/202512/software/standard/core/java/17/lib/libextnet.so
7fb47903c000-7fb479042000 rw-p 00000000 00:00 0 
7fb479042000-7fb47904b000 ---p 00000000 00:00 0 
7fb47904b000-7fb47904c000 r--s 00000000 203:97233 14537680636769927169   /sfs/weka/scratch/wxw9rr/tmp/pitest-agent4979172990101562858.jar
7fb47904c000-7fb479054000 rw-s 00000000 00:2d 86213679                   /tmp/hsperfdata_wxw9rr/514018
7fb479054000-7fb4790a7000 r--p 00000000 00:29 42289927                   /usr/lib/locale/C.utf8/LC_CTYPE
7fb4790a7000-7fb4790a8000 r--p 00000000 00:29 42290264                   /usr/lib/locale/en_US.utf8/LC_NUMERIC
7fb4790a8000-7fb4790a9000 r--p 00000000 00:29 42290267                   /usr/lib/locale/en_US.utf8/LC_TIME
7fb4790a9000-7fb4790aa000 r--p 00000000 00:29 42290262                   /usr/lib/locale/en_US.utf8/LC_MONETARY
7fb4790aa000-7fb4790ab000 r--p 00000000 00:29 42290268                   /usr/lib/locale/en_US.utf8/LC_MESSAGES/SYS_LC_MESSAGES
7fb4790ab000-7fb4790ac000 r--p 00000000 00:29 42290265                   /usr/lib/locale/en_US.utf8/LC_PAPER
7fb4790ac000-7fb4790b3000 r--s 00000000 00:29 41660342                   /usr/lib64/gconv/gconv-modules.cache
7fb4790b3000-7fb4790c1000 r--p 00000000 00:33 8596472613                 /sfs/gpfs/tardis/applications/202512/software/standard/core/java/17/lib/libjava.so
7fb4790c1000-7fb4790d3000 r-xp 0000e000 00:33 8596472613                 /sfs/gpfs/tardis/applications/202512/software/standard/core/java/17/lib/libjava.so
7fb4790d3000-7fb4790d9000 r--p 00020000 00:33 8596472613                 /sfs/gpfs/tardis/applications/202512/software/standard/core/java/17/lib/libjava.so
7fb4790d9000-7fb4790da000 ---p 00026000 00:33 8596472613                 /sfs/gpfs/tardis/applications/202512/software/standard/core/java/17/lib/libjava.so
7fb4790da000-7fb4790db000 r--p 00026000 00:33 8596472613                 /sfs/gpfs/tardis/applications/202512/software/standard/core/java/17/lib/libjava.so
7fb4790db000-7fb4790dc000 rw-p 00027000 00:33 8596472613                 /sfs/gpfs/tardis/applications/202512/software/standard/core/java/17/lib/libjava.so
7fb4790dc000-7fb4790dd000 rw-p 00000000 00:00 0 
7fb4790dd000-7fb4790e1000 r--p 00000000 00:33 8596472617                 /sfs/gpfs/tardis/applications/202512/software/standard/core/java/17/lib/libjimage.so
7fb4790e1000-7fb4790f4000 r-xp 00004000 00:33 8596472617                 /sfs/gpfs/tardis/applications/202512/software/standard/core/java/17/lib/libjimage.so
7fb4790f4000-7fb4790fa000 r--p 00017000 00:33 8596472617                 /sfs/gpfs/tardis/applications/202512/software/standard/core/java/17/lib/libjimage.so
7fb4790fa000-7fb4790fc000 r--p 0001c000 00:33 8596472617                 /sfs/gpfs/tardis/applications/202512/software/standard/core/java/17/lib/libjimage.so
7fb4790fc000-7fb4790fd000 rw-p 0001e000 00:33 8596472617                 /sfs/gpfs/tardis/applications/202512/software/standard/core/java/17/lib/libjimage.so
7fb4790fd000-7fb479101000 ---p 00000000 00:00 0 
7fb479101000-7fb479200000 rw-p 00000000 00:00 0 
7fb479200000-7fb479201000 r--p 00000000 00:29 42290263                   /usr/lib/locale/en_US.utf8/LC_NAME
7fb479201000-7fb479202000 r--p 00000000 00:29 42290258                   /usr/lib/locale/en_US.utf8/LC_ADDRESS
7fb479202000-7fb479203000 r--p 00000000 00:29 42290266                   /usr/lib/locale/en_US.utf8/LC_TELEPHONE
7fb479203000-7fb479204000 r--p 00000000 00:29 42290261                   /usr/lib/locale/en_US.utf8/LC_MEASUREMENT
7fb479204000-7fb479205000 r--p 00000000 00:29 42290260                   /usr/lib/locale/en_US.utf8/LC_IDENTIFICATION
7fb479205000-7fb479207000 r--p 00000000 00:33 8596472608                 /sfs/gpfs/tardis/applications/202512/software/standard/core/java/17/lib/libinstrument.so
7fb479207000-7fb47920d000 r-xp 00002000 00:33 8596472608                 /sfs/gpfs/tardis/applications/202512/software/standard/core/java/17/lib/libinstrument.so
7fb47920d000-7fb479210000 r--p 00008000 00:33 8596472608                 /sfs/gpfs/tardis/applications/202512/software/standard/core/java/17/lib/libinstrument.so
7fb479210000-7fb479211000 r--p 0000a000 00:33 8596472608                 /sfs/gpfs/tardis/applications/202512/software/standard/core/java/17/lib/libinstrument.so
7fb479211000-7fb479212000 rw-p 0000b000 00:33 8596472608                 /sfs/gpfs/tardis/applications/202512/software/standard/core/java/17/lib/libinstrument.so
7fb479212000-7fb479213000 ---p 00000000 00:00 0 
7fb479213000-7fb479214000 r--p 00000000 00:00 0 
7fb479214000-7fb479215000 ---p 00000000 00:00 0 
7fb479215000-7fb479218000 r--p 00000000 00:33 8596472618                 /sfs/gpfs/tardis/applications/202512/software/standard/core/java/17/lib/libjli.so
7fb479218000-7fb479228000 r-xp 00003000 00:33 8596472618                 /sfs/gpfs/tardis/applications/202512/software/standard/core/java/17/lib/libjli.so
7fb479228000-7fb47922f000 r--p 00013000 00:33 8596472618                 /sfs/gpfs/tardis/applications/202512/software/standard/core/java/17/lib/libjli.so
7fb47922f000-7fb479230000 r--p 00019000 00:33 8596472618                 /sfs/gpfs/tardis/applications/202512/software/standard/core/java/17/lib/libjli.so
7fb479230000-7fb479231000 rw-p 0001a000 00:33 8596472618                 /sfs/gpfs/tardis/applications/202512/software/standard/core/java/17/lib/libjli.so
7fb479231000-7fb479233000 rw-p 00000000 00:00 0 
7fb479233000-7fb479234000 r--p 0002f000 00:29 41352045                   /usr/lib64/ld-2.28.so
7fb479234000-7fb479236000 rw-p 00030000 00:29 41352045                   /usr/lib64/ld-2.28.so
7ffc5a153000-7ffc5a178000 rw-p 00000000 00:00 0                          [stack]
7ffc5a1f6000-7ffc5a1fa000 r--p 00000000 00:00 0                          [vvar]
7ffc5a1fa000-7ffc5a1fc000 r-xp 00000000 00:00 0                          [vdso]
ffffffffff600000-ffffffffff601000 r-xp 00000000 00:00 0                  [vsyscall]


VM Arguments:
jvm_args: -Dclassworlds.conf=/apps/software/standard/core/maven/3.9.0/bin/m2.conf -Dmaven.home=/apps/software/standard/core/maven/3.9.0 -Dlibrary.jansi.path=/apps/software/standard/core/maven/3.9.0/lib/jansi-native -Dmaven.multiModuleProjectDirectory=/scratch/wxw9rr/artifact/RQ3/OE25-DEV/commons-beanutils-1.9.4 -Djava.io.tmpdir=/sfs/weka/scratch/wxw9rr/tmp -javaagent:/sfs/weka/scratch/wxw9rr/tmp/pitest-agent4979172990101562858.jar -ea -Djava.awt.headless=true -XX:+UseG1GC -Djava.io.tmpdir=/sfs/weka/scratch/wxw9rr/tmp 
java_command: org.pitest.mutationtest.execute.MutationTestMinion 43173
java_class_path (initial): /sfs/weka/scratch/wxw9rr/artifact/RQ3/OE25-DEV/commons-beanutils-1.9.4/target/test-classes:/sfs/weka/scratch/wxw9rr/artifact/RQ3/OE25-DEV/commons-beanutils-1.9.4/target/classes:/home/wxw9rr/.m2/repository/commons-logging/commons-logging/1.2/commons-logging-1.2.jar:/home/wxw9rr/.m2/repository/commons-collections/commons-collections/3.2.2/commons-collections-3.2.2.jar:/home/wxw9rr/.m2/repository/commons-collections/commons-collections-testframework/3.2.1/commons-collections-testframework-3.2.1.jar:/home/wxw9rr/.m2/repository/junit/junit/4.12/junit-4.12.jar:/home/wxw9rr/.m2/repository/org/hamcrest/hamcrest-core/1.3/hamcrest-core-1.3.jar:/home/wxw9rr/.m2/repository/org/pitest/pitest/1.22.0/pitest-1.22.0.jar
Launcher Type: SUN_STANDARD

[Global flags]
     intx CICompilerCount                          = 12                                        {product} {ergonomic}
     uint ConcGCThreads                            = 5                                         {product} {ergonomic}
     uint G1ConcRefinementThreads                  = 18                                        {product} {ergonomic}
   size_t G1HeapRegionSize                         = 16777216                                  {product} {ergonomic}
    uintx GCDrainStackTargetSize                   = 64                                        {product} {ergonomic}
   size_t InitialHeapSize                          = 2147483648                                {product} {ergonomic}
   size_t MarkStackSize                            = 4194304                                   {product} {ergonomic}
   size_t MaxHeapSize                              = 32178700288                               {product} {ergonomic}
   size_t MaxNewSize                               = 19293798400                               {product} {ergonomic}
   size_t MinHeapDeltaBytes                        = 16777216                                  {product} {ergonomic}
   size_t MinHeapSize                              = 16777216                                  {product} {ergonomic}
    uintx NonNMethodCodeHeapSize                   = 7602480                                {pd product} {ergonomic}
    uintx NonProfiledCodeHeapSize                  = 122027880                              {pd product} {ergonomic}
    uintx ProfiledCodeHeapSize                     = 122027880                              {pd product} {ergonomic}
    uintx ReservedCodeCacheSize                    = 251658240                              {pd product} {ergonomic}
     bool SegmentedCodeCache                       = true                                      {product} {ergonomic}
   size_t SoftMaxHeapSize                          = 32178700288                            {manageable} {ergonomic}
     bool UseCompressedClassPointers               = true                           {product lp64_product} {ergonomic}
     bool UseCompressedOops                        = true                           {product lp64_product} {ergonomic}
     bool UseG1GC                                  = true                                      {product} {command line}

Logging:
Log output configuration:
 #0: stdout all=warning uptime,level,tags
 #1: stderr all=off uptime,level,tags

Environment Variables:
JAVA_HOME=/apps/software/standard/core/java/17
_JAVA_OPTIONS=-Djava.io.tmpdir=/sfs/weka/scratch/wxw9rr/tmp
PATH=/apps/software/standard/core/java/17:/apps/software/standard/core/java/17/bin:/apps/software/standard/core/maven/3.9.0:/apps/software/standard/core/maven/3.9.0/bin:/home/wxw9rr/.local/bin:/opt/mam/9.1.2/bin:/sfs/gpfs/tardis/applications/202512/software/standard/core/code-server/4.99.1/lib/vscode/bin/remote-cli:/apps/software/standard/core/code-server/4.99.1/bin:/apps/software/standard/core/miniforge/24.3.0-py3.11:/apps/software/standard/core/miniforge/24.3.0-py3.11/sbin:/apps/software/standard/core/miniforge/24.3.0-py3.11/bin:/sfs/gpfs/tardis/home/wxw9rr/miniforge3/bin:/sfs/gpfs/tardis/home/wxw9rr/miniforge3/condabin:/usr/local/bin:/usr/bin:/usr/local/sbin:/usr/sbin:/opt/slurm/current/bin:/opt/rci/bin:/share/resources/HPCtools:/opt/mam/current/bin:/opt/apptainer/current/bin:/sfs/gpfs/tardis/home/wxw9rr/.local/bin
LD_LIBRARY_PATH=/apps/software/standard/core/java/17/lib:/apps/software/standard/core/maven/3.9.0/lib:/opt/slurm/current/lib
SHELL=/bin/bash
LANG=en_US.UTF-8
TERM=xterm-256color
TMPDIR=/sfs/weka/scratch/wxw9rr/tmp
TMP=/sfs/weka/scratch/wxw9rr/tmp
TEMP=/sfs/weka/scratch/wxw9rr/tmp

Active Locale:
LC_ALL=en_US.UTF-8
LC_COLLATE=en_US.UTF-8
LC_CTYPE=en_US.UTF-8
LC_MESSAGES=en_US.UTF-8
LC_MONETARY=en_US.UTF-8
LC_NUMERIC=en_US.UTF-8
LC_TIME=en_US.UTF-8

Signal Handlers:
   SIGSEGV: crash_handler in libjvm.so, mask=11100100010111111101111111111110, flags=SA_RESTART|SA_SIGINFO, unblocked
    SIGBUS: crash_handler in libjvm.so, mask=11100100010111111101111111111110, flags=SA_RESTART|SA_SIGINFO, unblocked
    SIGFPE: crash_handler in libjvm.so, mask=11100100010111111101111111111110, flags=SA_RESTART|SA_SIGINFO, unblocked
   SIGPIPE: javaSignalHandler in libjvm.so, mask=11100100010111111101111111111110, flags=SA_RESTART|SA_SIGINFO, unblocked
   SIGXFSZ: javaSignalHandler in libjvm.so, mask=11100100010111111101111111111110, flags=SA_RESTART|SA_SIGINFO, unblocked
    SIGILL: crash_handler in libjvm.so, mask=11100100010111111101111111111110, flags=SA_RESTART|SA_SIGINFO, unblocked
   SIGUSR2: SR_handler in libjvm.so, mask=00100000000000000000000000000000, flags=SA_RESTART|SA_SIGINFO, unblocked
    SIGHUP: UserHandler in libjvm.so, mask=11100100010111111101111111111110, flags=SA_RESTART|SA_SIGINFO, unblocked
    SIGINT: UserHandler in libjvm.so, mask=11100100010111111101111111111110, flags=SA_RESTART|SA_SIGINFO, unblocked
   SIGTERM: UserHandler in libjvm.so, mask=11100100010111111101111111111110, flags=SA_RESTART|SA_SIGINFO, unblocked
   SIGQUIT: UserHandler in libjvm.so, mask=11100100010111111101111111111110, flags=SA_RESTART|SA_SIGINFO, unblocked
   SIGTRAP: crash_handler in libjvm.so, mask=11100100010111111101111111111110, flags=SA_RESTART|SA_SIGINFO, unblocked


Periodic native trim disabled


---------------  S Y S T E M  ---------------

OS:
Rocky Linux release 8.10 (Green Obsidian)
uname: Linux 4.18.0-553.47.1.el8_10.x86_64 #1 SMP Thu Apr 3 14:27:08 UTC 2025 x86_64
OS uptime: 88 days 16:45 hours
libc: glibc 2.28 NPTL 2.28 
rlimit (soft/hard): STACK 8192k/infinity , CORE infinity/infinity , NPROC 3094208/3094208 , NOFILE 65536/65536 , AS infinity/infinity , CPU infinity/infinity , DATA infinity/infinity , FSIZE infinity/infinity , MEMLOCK infinity/infinity
load average: 110.97 66.50 42.55

/proc/meminfo:
MemTotal:       792160700 kB
MemFree:        67249488 kB
MemAvailable:   314058264 kB
Buffers:           28800 kB
Cached:         267845940 kB
SwapCached:            0 kB
Active:         94231380 kB
Inactive:       589636492 kB
Active(anon):    9669760 kB
Inactive(anon): 426452040 kB
Active(file):   84561620 kB
Inactive(file): 163184452 kB
Unevictable:    16958460 kB
Mlocked:        16958460 kB
SwapTotal:             0 kB
SwapFree:              0 kB
Dirty:                16 kB
Writeback:             0 kB
AnonPages:      432853304 kB
Mapped:          3437152 kB
Shmem:          19763648 kB
KReclaimable:    4133252 kB
Slab:            6657972 kB
SReclaimable:    4133252 kB
SUnreclaim:      2524720 kB
KernelStack:      111824 kB
PageTables:      1059916 kB
NFS_Unstable:          0 kB
Bounce:                0 kB
WritebackTmp:          0 kB
CommitLimit:    772820100 kB
Committed_AS:   771578236 kB
VmallocTotal:   13743895347199 kB
VmallocUsed:     2473208 kB
VmallocChunk:          0 kB
Percpu:           909312 kB
HardwareCorrupted:     0 kB
AnonHugePages:  170418176 kB
ShmemHugePages:        0 kB
ShmemPmdMapped:        0 kB
FileHugePages:         0 kB
FilePmdMapped:         0 kB
HugePages_Total:    5632
HugePages_Free:        0
HugePages_Rsvd:        0
HugePages_Surp:        0
Hugepagesize:       2048 kB
Hugetlb:        11534336 kB
DirectMap4k:     1240012 kB
DirectMap2M:    201951232 kB
DirectMap1G:    602931200 kB

/sys/kernel/mm/transparent_hugepage/enabled: [always] madvise never
/sys/kernel/mm/transparent_hugepage/hpage_pmd_size: 2097152
/sys/kernel/mm/transparent_hugepage/defrag (defrag/compaction efforts parameter): always defer defer+madvise [madvise] never

Process Memory:
Virtual Size: 31265436K (peak: 37339900K)
Resident Set Size: 2771152K (peak: 2771152K) (anon: 2753412K, file: 17708K, shmem: 32K)
Swapped out: 0K
C-Heap outstanding allocations: 62411K, retained: 5876K
glibc malloc tunables: (default)

/proc/sys/kernel/threads-max (system-wide limit on the number of threads): 6188417
/proc/sys/vm/max_map_count (maximum number of memory map areas a process may have): 65530
/proc/sys/vm/swappiness (control to define how aggressively the kernel swaps out anonymous memory): 10
/proc/sys/kernel/pid_max (system-wide limit on number of process identifiers): 999999

container (cgroup) information:
container_type: cgroupv1
cpu_cpuset_cpus: 0-23
cpu_memory_nodes: 0-1
active_processor_count: 24
cpu_quota: no quota
cpu_period: 100000
cpu_shares: no shares
memory_limit_in_bytes: 536870912 k
memory_and_swap_limit_in_bytes: 536870912 k
memory_soft_limit_in_bytes: unlimited
memory_usage_in_bytes: 369881512 k
memory_max_usage_in_bytes: 421492784 k
kernel_memory_limit_in_bytes: unlimited
kernel_memory_usage_in_bytes: 2432348 k
kernel_memory_max_usage_in_bytes: 2502452 k
maximum number of tasks: unlimited
current number of tasks: 4053

Steal ticks since vm start: 0
Steal ticks percentage since vm start:  0.000

CPU: total 96 (initial active 24) (48 cores per cpu, 1 threads per core) family 25 model 17 stepping 1 microcode 0xa10113b, cx8, cmov, fxsr, mmx, 3dnowpref, sse, sse2, sse3, ssse3, sse4a, sse4.1, sse4.2, popcnt, lzcnt, tsc, tscinvbit, avx, avx2, aes, erms, clmul, bmi1, bmi2, adx, avx512f, avx512dq, avx512cd, avx512bw, avx512vl, sha, fma, vzeroupper, avx512_vpopcntdq, avx512_vpclmulqdq, avx512_vaes, avx512_vnni, clflush, clflushopt, avx512_vbmi2, avx512_vbmi
CPU Model and flags from /proc/cpuinfo:
model name	: AMD EPYC 9454 48-Core Processor
flags		: fpu vme de pse tsc msr pae mce cx8 apic sep mtrr pge mca cmov pat pse36 clflush mmx fxsr sse sse2 ht syscall nx mmxext fxsr_opt pdpe1gb rdtscp lm constant_tsc rep_good amd_lbr_v2 nopl nonstop_tsc cpuid extd_apicid aperfmperf pni pclmulqdq monitor ssse3 fma cx16 pcid sse4_1 sse4_2 x2apic movbe popcnt aes xsave avx f16c rdrand lahf_lm cmp_legacy svm extapic cr8_legacy abm sse4a misalignsse 3dnowprefetch osvw ibs skinit wdt tce topoext perfctr_core perfctr_nb bpext perfctr_llc mwaitx cpb cat_l3 cdp_l3 invpcid_single hw_pstate ssbd mba perfmon_v2 ibrs ibpb stibp ibrs_enhanced vmmcall fsgsbase bmi1 avx2 smep bmi2 erms invpcid cqm rdt_a avx512f avx512dq rdseed adx smap avx512ifma clflushopt clwb avx512cd sha_ni avx512bw avx512vl xsaveopt xsavec xgetbv1 xsaves cqm_llc cqm_occup_llc cqm_mbm_total cqm_mbm_local avx512_bf16 clzero irperf xsaveerptr wbnoinvd amd_ppin cppc arat npt lbrv svm_lock nrip_save tsc_scale vmcb_clean flushbyasid decodeassists pausefilter pfthreshold avic v_vmsave_vmload vgif x2avic v_spec_ctrl avx512vbmi umip pku ospke avx512_vbmi2 gfni vaes vpclmulqdq avx512_vnni avx512_bitalg avx512_vpopcntdq la57 rdpid overflow_recov succor smca fsrm flush_l1d

Online cpus: 0-95
Offline cpus: 96-511
BIOS frequency limitation: 2750000
Frequency switch latency (ns): 0
Available cpu frequencies: 2750000 2100000 1500000 
Current governor: performance
Core performance/turbo boost: 1

Memory: 4k page, physical 536870912k(166996536k free), swap 0k(0k free)
Page Sizes: 4k

vm_info: OpenJDK 64-Bit Server VM (17.0.15+6) for linux-amd64 JRE (17.0.15+6), built on Apr 15 2025 00:00:00 by "admin" with gcc 10.3.0

END.
