#
# There is insufficient memory for the Java Runtime Environment to continue.
# Native memory allocation (mmap) failed to map 16384 bytes. Error detail: committing reserved memory.
# Possible reasons:
#   The system is out of physical RAM or swap space
#   This process is running with CompressedOops enabled, and the Java Heap may be blocking the growth of the native heap
# Possible solutions:
#   Reduce memory load on the system
#   Increase physical memory or swap space
#   Check if swap backing store is full
#   Decrease Java heap size (-Xmx/-Xms)
#   Decrease number of Java threads
#   Decrease Java thread stack sizes (-Xss)
#   Set larger code cache with -XX:ReservedCodeCacheSize=
#   JVM is running with Zero Based Compressed Oops mode in which the Java heap is
#     placed in the first 32GB address space. The Java Heap base address is the
#     maximum limit for the native heap growth. Please use -XX:HeapBaseMinAddress
#     to set the Java Heap base and to place the Java Heap above 32GB virtual address.
# This output file may be truncated or incomplete.
#
#  Out of Memory Error (os_linux.cpp:2832), pid=606252, tid=629273
#
# JRE version: OpenJDK Runtime Environment Temurin-17.0.15+6 (17.0.15+6) (build 17.0.15+6)
# Java VM: OpenJDK 64-Bit Server VM Temurin-17.0.15+6 (17.0.15+6, mixed mode, sharing, tiered, compressed oops, compressed class ptrs, g1 gc, linux-amd64)
# Core dump will be written. Default location: Core dumps may be processed with "/usr/lib/systemd/systemd-coredump %P %u %g %s %t %c %h %e" (or dumping to /sfs/weka/scratch/wxw9rr/artifact/RQ3/OE25-DEV/commons-beanutils-1.9.4/core.606252)
#

---------------  S U M M A R Y ------------

Command Line: -Dclassworlds.conf=/apps/software/standard/core/maven/3.9.0/bin/m2.conf -Dmaven.home=/apps/software/standard/core/maven/3.9.0 -Dlibrary.jansi.path=/apps/software/standard/core/maven/3.9.0/lib/jansi-native -Dmaven.multiModuleProjectDirectory=/scratch/wxw9rr/artifact/RQ3/OE25-DEV/commons-beanutils-1.9.4 -Djava.io.tmpdir=/sfs/weka/scratch/wxw9rr/tmp -javaagent:/sfs/weka/scratch/wxw9rr/tmp/pitest-agent4297895672587801351.jar -ea -Djava.awt.headless=true -XX:+UseG1GC -Djava.io.tmpdir=/sfs/weka/scratch/wxw9rr/tmp org.pitest.mutationtest.execute.MutationTestMinion 43151

Host: AMD EPYC 9454 48-Core Processor, 96 cores, 512G, Rocky Linux release 8.10 (Green Obsidian)
Time: Mon Jan 12 02:00:17 2026 EST elapsed time: 123.545272 seconds (0d 0h 2m 3s)

---------------  T H R E A D  ---------------

Current thread (0x00007f8fbc46ed50):  JavaThread "mutationTestThread" daemon [_thread_new, id=629273, stack(0x00007f8efe5f7000,0x00007f8efe6f7000)]

Stack: [0x00007f8efe5f7000,0x00007f8efe6f7000],  sp=0x00007f8efe6f5980,  free space=1018k
Native frames: (J=compiled Java code, j=interpreted, Vv=VM code, C=native code)
V  [libjvm.so+0xee9791]  VMError::report_and_die(int, char const*, char const*, __va_list_tag*, Thread*, unsigned char*, void*, void*, char const*, int, unsigned long)+0x1a1
V  [libjvm.so+0xeea37d]  VMError::report_and_die(Thread*, char const*, int, unsigned long, VMErrorType, char const*, __va_list_tag*)+0x2d
V  [libjvm.so+0x60921c]  report_vm_out_of_memory(char const*, int, unsigned long, VMErrorType, char const*, ...)+0xdc
V  [libjvm.so+0xc265e8]  os::pd_commit_memory(char*, unsigned long, bool)+0xd8
V  [libjvm.so+0xc2040f]  os::commit_memory(char*, unsigned long, bool)+0x1f
V  [libjvm.so+0xd9edc7]  StackOverflow::create_stack_guard_pages()+0x57
V  [libjvm.so+0xe68a41]  JavaThread::run()+0x31
V  [libjvm.so+0xe6c2ca]  Thread::call_run()+0xaa
V  [libjvm.so+0xc29413]  thread_native_entry(Thread*)+0xe3


---------------  P R O C E S S  ---------------

Threads class SMR info:
_java_thread_list=0x00007f8fbc33dab0, length=14, elements={
0x00007f8fbc032990, 0x00007f8fbc212cf0, 0x00007f8fbc2140d0, 0x00007f8fbc2187d0,
0x00007f8fbc219b80, 0x00007f8fbc21af90, 0x00007f8fbc21c9c0, 0x00007f8fbc21def0,
0x00007f8fbc21f360, 0x00007f8fbc22bd70, 0x00007f8fbc25ec80, 0x00007f8ed80cda20,
0x00007f8ed80cebe0, 0x00007f8fbc46ed50
}

Java Threads: ( => current thread )
  0x00007f8fbc032990 JavaThread "main" [_thread_blocked, id=606276, stack(0x00007f8fc31b3000,0x00007f8fc32b4000)]
  0x00007f8fbc212cf0 JavaThread "Reference Handler" daemon [_thread_blocked, id=606307, stack(0x00007f8f4d8a9000,0x00007f8f4d9a9000)]
  0x00007f8fbc2140d0 JavaThread "Finalizer" daemon [_thread_blocked, id=606310, stack(0x00007f8f4d7a8000,0x00007f8f4d8a8000)]
  0x00007f8fbc2187d0 JavaThread "Signal Dispatcher" daemon [_thread_blocked, id=606312, stack(0x00007f8f4d6a7000,0x00007f8f4d7a7000)]
  0x00007f8fbc219b80 JavaThread "Service Thread" daemon [_thread_blocked, id=606315, stack(0x00007f8f4d5a6000,0x00007f8f4d6a6000)]
  0x00007f8fbc21af90 JavaThread "Monitor Deflation Thread" daemon [_thread_blocked, id=606321, stack(0x00007f8f4d4a5000,0x00007f8f4d5a5000)]
  0x00007f8fbc21c9c0 JavaThread "C2 CompilerThread0" daemon [_thread_blocked, id=606325, stack(0x00007f8f4d3a4000,0x00007f8f4d4a4000)]
  0x00007f8fbc21def0 JavaThread "C1 CompilerThread0" daemon [_thread_blocked, id=606344, stack(0x00007f8f4d2a3000,0x00007f8f4d3a3000)]
  0x00007f8fbc21f360 JavaThread "Sweeper thread" daemon [_thread_blocked, id=606345, stack(0x00007f8f4d1a2000,0x00007f8f4d2a2000)]
  0x00007f8fbc22bd70 JavaThread "Common-Cleaner" daemon [_thread_blocked, id=606354, stack(0x00007f8f4cfa0000,0x00007f8f4d0a0000)]
  0x00007f8fbc25ec80 JavaThread "Notification Thread" daemon [_thread_blocked, id=606378, stack(0x00007f8f4cd9e000,0x00007f8f4ce9e000)]
  0x00007f8ed80cda20 JavaThread "C1 CompilerThread1" daemon [_thread_blocked, id=628082, stack(0x00007f8f4ce9f000,0x00007f8f4cf9f000)]
  0x00007f8ed80cebe0 JavaThread "C1 CompilerThread2" daemon [_thread_blocked, id=628083, stack(0x00007f8efe6f8000,0x00007f8efe7f8000)]
=>0x00007f8fbc46ed50 JavaThread "mutationTestThread" daemon [_thread_new, id=629273, stack(0x00007f8efe5f7000,0x00007f8efe6f7000)]

Other Threads:
  0x00007f8fbc20ec30 VMThread "VM Thread" [stack: 0x00007f8f4d9aa000,0x00007f8f4daaa000] [id=606302]
  0x00007f8fbc2608d0 WatcherThread [stack: 0x00007f8f4cb9c000,0x00007f8f4cc9c000] [id=606380]
  0x00007f8fbc0680c0 GCTaskThread "GC Thread#0" [stack: 0x00007f8f5d2c7000,0x00007f8f5d3c7000] [id=606286]
  0x00007f8ef800c5e0 GCTaskThread "GC Thread#1" [stack: 0x00007f8f4c99a000,0x00007f8f4ca9a000] [id=607230]
  0x00007f8ef800cbb0 GCTaskThread "GC Thread#2" [stack: 0x00007f8f4c899000,0x00007f8f4c999000] [id=607233]
  0x00007f8ef800d180 GCTaskThread "GC Thread#3" [stack: 0x00007f8f4c697000,0x00007f8f4c797000] [id=607234]
  0x00007f8ef800d7a0 GCTaskThread "GC Thread#4" [stack: 0x00007f8f4c596000,0x00007f8f4c696000] [id=607235]
  0x00007f8ef800dff0 GCTaskThread "GC Thread#5" [stack: 0x00007f8f4c495000,0x00007f8f4c595000] [id=607236]
  0x00007f8ef800e870 GCTaskThread "GC Thread#6" [stack: 0x00007f8f4c394000,0x00007f8f4c494000] [id=607237]
  0x00007f8ef800f0f0 GCTaskThread "GC Thread#7" [stack: 0x00007f8f4c293000,0x00007f8f4c393000] [id=607238]
  0x00007f8ef800fb30 GCTaskThread "GC Thread#8" [stack: 0x00007f8f4c192000,0x00007f8f4c292000] [id=607239]
  0x00007f8ef8010590 GCTaskThread "GC Thread#9" [stack: 0x00007f8f4c091000,0x00007f8f4c191000] [id=607240]
  0x00007f8ef8011010 GCTaskThread "GC Thread#10" [stack: 0x00007f8efef00000,0x00007f8eff000000] [id=607241]
  0x00007f8ef8011a90 GCTaskThread "GC Thread#11" [stack: 0x00007f8efedff000,0x00007f8efeeff000] [id=607242]
  0x00007f8ef8012510 GCTaskThread "GC Thread#12" [stack: 0x00007f8efecfe000,0x00007f8efedfe000] [id=607243]
  0x00007f8ef8012f90 GCTaskThread "GC Thread#13" [stack: 0x00007f8efebfd000,0x00007f8efecfd000] [id=607244]
  0x00007f8ef8013a10 GCTaskThread "GC Thread#14" [stack: 0x00007f8efeafc000,0x00007f8efebfc000] [id=607245]
  0x00007f8ef8014490 GCTaskThread "GC Thread#15" [stack: 0x00007f8efe9fb000,0x00007f8efeafb000] [id=607246]
  0x00007f8ef8014f10 GCTaskThread "GC Thread#16" [stack: 0x00007f8efe8fa000,0x00007f8efe9fa000] [id=607247]
  0x00007f8ef8015990 GCTaskThread "GC Thread#17" [stack: 0x00007f8efe7f9000,0x00007f8efe8f9000] [id=607248]
  0x00007f8fbc0786e0 ConcurrentGCThread "G1 Main Marker" [stack: 0x00007f8f5d1c6000,0x00007f8f5d2c6000] [id=606287]
  0x00007f8fbc079660 ConcurrentGCThread "G1 Conc#0" [stack: 0x00007f8f5d0c5000,0x00007f8f5d1c5000] [id=606288]
  0x00007f8fbc1dc910 ConcurrentGCThread "G1 Refine#0" [stack: 0x00007f8f4dcfe000,0x00007f8f4ddfe000] [id=606289]
  0x00007f8fbc1dd810 ConcurrentGCThread "G1 Service" [stack: 0x00007f8f4dbfd000,0x00007f8f4dcfd000] [id=606290]

Threads with active compile tasks:

VM state: not at safepoint (normal execution)

VM Mutex/Monitor currently owned by a thread: None

OutOfMemory and StackOverflow Exception counts:
StackOverflowErrors=384
LinkageErrors=17

Heap address: 0x0000000082000000, size: 30688 MB, Compressed Oops mode: Zero based, Oop shift amount: 3

CDS archive(s) mapped at: [0x00007f8eff000000-0x00007f8effbc9000-0x00007f8effbc9000), size 12357632, SharedBaseAddress: 0x00007f8eff000000, ArchiveRelocationMode: 1.
Compressed class space mapped at: 0x00007f8f00000000-0x00007f8f40000000, reserved size: 1073741824
Narrow klass base: 0x00007f8eff000000, Narrow klass shift: 0, Narrow klass range: 0x100000000

GC Precious Log:
 CPUs: 96 total, 24 available
 Memory: 512G
 Large Page Support: Disabled
 NUMA Support: Disabled
 Compressed Oops: Enabled (Zero based)
 Heap Region Size: 16M
 Heap Min Capacity: 16M
 Heap Initial Capacity: 2G
 Heap Max Capacity: 30688M
 Pre-touch: Disabled
 Parallel Workers: 18
 Concurrent Workers: 5
 Concurrent Refinement Workers: 18
 Periodic GC: Disabled

Heap:
 garbage-first heap   total 11436032K, used 6789678K [0x0000000082000000, 0x0000000800000000)
  region size 16384K, 397 young (6504448K), 5 survivors (81920K)
 Metaspace       used 6937K, committed 7168K, reserved 1114112K
  class space    used 744K, committed 832K, reserved 1048576K

Heap Regions: E=young(eden), S=young(survivor), O=old, HS=humongous(starts), HC=humongous(continues), CS=collection set, F=free, OA=open archive, CA=closed archive, TAMS=top-at-mark-start (previous, next)
|   0|0x0000000082000000, 0x0000000083000000, 0x0000000083000000|100%| O|  |TAMS 0x0000000082000000, 0x0000000082000000| Untracked 
|   1|0x0000000083000000, 0x0000000084000000, 0x0000000084000000|100%| O|  |TAMS 0x0000000083000000, 0x0000000083000000| Untracked 
|   2|0x0000000084000000, 0x0000000085000000, 0x0000000085000000|100%| O|  |TAMS 0x0000000084000000, 0x0000000084000000| Untracked 
|   3|0x0000000085000000, 0x0000000086000000, 0x0000000086000000|100%| O|  |TAMS 0x0000000085000000, 0x0000000085000000| Untracked 
|   4|0x0000000086000000, 0x0000000087000000, 0x0000000087000000|100%| O|  |TAMS 0x0000000086000000, 0x0000000086000000| Untracked 
|   5|0x0000000087000000, 0x0000000088000000, 0x0000000088000000|100%| O|  |TAMS 0x0000000087000000, 0x0000000087000000| Untracked 
|   6|0x0000000088000000, 0x0000000089000000, 0x0000000089000000|100%| O|  |TAMS 0x0000000088000000, 0x0000000088000000| Untracked 
|   7|0x0000000089000000, 0x000000008a000000, 0x000000008a000000|100%| O|  |TAMS 0x0000000089000000, 0x0000000089000000| Untracked 
|   8|0x000000008a000000, 0x000000008b000000, 0x000000008b000000|100%| O|  |TAMS 0x000000008a000000, 0x000000008a000000| Untracked 
|   9|0x000000008b000000, 0x000000008c000000, 0x000000008c000000|100%| O|  |TAMS 0x000000008b000000, 0x000000008b000000| Untracked 
|  10|0x000000008c000000, 0x000000008d000000, 0x000000008d000000|100%| O|  |TAMS 0x000000008c000000, 0x000000008c000000| Untracked 
|  11|0x000000008d000000, 0x000000008e000000, 0x000000008e000000|100%| O|  |TAMS 0x000000008d000000, 0x000000008d000000| Untracked 
|  12|0x000000008e000000, 0x000000008f000000, 0x000000008f000000|100%| O|  |TAMS 0x000000008e000000, 0x000000008e000000| Untracked 
|  13|0x000000008f000000, 0x0000000090000000, 0x0000000090000000|100%| O|  |TAMS 0x000000008f000000, 0x000000008f000000| Untracked 
|  14|0x0000000090000000, 0x0000000091000000, 0x0000000091000000|100%| O|  |TAMS 0x0000000090000000, 0x0000000090000000| Untracked 
|  15|0x0000000091000000, 0x0000000092000000, 0x0000000092000000|100%| O|  |TAMS 0x0000000091000000, 0x0000000091000000| Untracked 
|  16|0x0000000092000000, 0x0000000093000000, 0x0000000093000000|100%| O|  |TAMS 0x0000000092000000, 0x0000000092000000| Untracked 
|  17|0x0000000093000000, 0x0000000094000000, 0x0000000094000000|100%| O|  |TAMS 0x0000000093000000, 0x0000000093000000| Untracked 
|  18|0x0000000094000000, 0x0000000094587e00, 0x0000000095000000| 34%| O|  |TAMS 0x0000000094000000, 0x0000000094000000| Untracked 
|  19|0x0000000095000000, 0x0000000095000000, 0x0000000096000000|  0%| F|  |TAMS 0x0000000095000000, 0x0000000095000000| Untracked 
|  20|0x0000000096000000, 0x0000000096000000, 0x0000000097000000|  0%| F|  |TAMS 0x0000000096000000, 0x0000000096000000| Untracked 
|  21|0x0000000097000000, 0x0000000097000000, 0x0000000098000000|  0%| F|  |TAMS 0x0000000097000000, 0x0000000097000000| Untracked 
|  22|0x0000000098000000, 0x0000000098000000, 0x0000000099000000|  0%| F|  |TAMS 0x0000000098000000, 0x0000000098000000| Untracked 
|  23|0x0000000099000000, 0x0000000099000000, 0x000000009a000000|  0%| F|  |TAMS 0x0000000099000000, 0x0000000099000000| Untracked 
|  24|0x000000009a000000, 0x000000009a000000, 0x000000009b000000|  0%| F|  |TAMS 0x000000009a000000, 0x000000009a000000| Untracked 
|  25|0x000000009b000000, 0x000000009b000000, 0x000000009c000000|  0%| F|  |TAMS 0x000000009b000000, 0x000000009b000000| Untracked 
|  26|0x000000009c000000, 0x000000009c000000, 0x000000009d000000|  0%| F|  |TAMS 0x000000009c000000, 0x000000009c000000| Untracked 
|  27|0x000000009d000000, 0x000000009d000000, 0x000000009e000000|  0%| F|  |TAMS 0x000000009d000000, 0x000000009d000000| Untracked 
|  28|0x000000009e000000, 0x000000009e000000, 0x000000009f000000|  0%| F|  |TAMS 0x000000009e000000, 0x000000009e000000| Untracked 
|  29|0x000000009f000000, 0x000000009f000000, 0x00000000a0000000|  0%| F|  |TAMS 0x000000009f000000, 0x000000009f000000| Untracked 
|  30|0x00000000a0000000, 0x00000000a0000000, 0x00000000a1000000|  0%| F|  |TAMS 0x00000000a0000000, 0x00000000a0000000| Untracked 
|  31|0x00000000a1000000, 0x00000000a1000000, 0x00000000a2000000|  0%| F|  |TAMS 0x00000000a1000000, 0x00000000a1000000| Untracked 
|  32|0x00000000a2000000, 0x00000000a2000000, 0x00000000a3000000|  0%| F|  |TAMS 0x00000000a2000000, 0x00000000a2000000| Untracked 
|  33|0x00000000a3000000, 0x00000000a3000000, 0x00000000a4000000|  0%| F|  |TAMS 0x00000000a3000000, 0x00000000a3000000| Untracked 
|  34|0x00000000a4000000, 0x00000000a4000000, 0x00000000a5000000|  0%| F|  |TAMS 0x00000000a4000000, 0x00000000a4000000| Untracked 
|  35|0x00000000a5000000, 0x00000000a5000000, 0x00000000a6000000|  0%| F|  |TAMS 0x00000000a5000000, 0x00000000a5000000| Untracked 
|  36|0x00000000a6000000, 0x00000000a6000000, 0x00000000a7000000|  0%| F|  |TAMS 0x00000000a6000000, 0x00000000a6000000| Untracked 
|  37|0x00000000a7000000, 0x00000000a7000000, 0x00000000a8000000|  0%| F|  |TAMS 0x00000000a7000000, 0x00000000a7000000| Untracked 
|  38|0x00000000a8000000, 0x00000000a8000000, 0x00000000a9000000|  0%| F|  |TAMS 0x00000000a8000000, 0x00000000a8000000| Untracked 
|  39|0x00000000a9000000, 0x00000000a9000000, 0x00000000aa000000|  0%| F|  |TAMS 0x00000000a9000000, 0x00000000a9000000| Untracked 
|  40|0x00000000aa000000, 0x00000000aa000000, 0x00000000ab000000|  0%| F|  |TAMS 0x00000000aa000000, 0x00000000aa000000| Untracked 
|  41|0x00000000ab000000, 0x00000000ab000000, 0x00000000ac000000|  0%| F|  |TAMS 0x00000000ab000000, 0x00000000ab000000| Untracked 
|  42|0x00000000ac000000, 0x00000000ac000000, 0x00000000ad000000|  0%| F|  |TAMS 0x00000000ac000000, 0x00000000ac000000| Untracked 
|  43|0x00000000ad000000, 0x00000000ad000000, 0x00000000ae000000|  0%| F|  |TAMS 0x00000000ad000000, 0x00000000ad000000| Untracked 
|  44|0x00000000ae000000, 0x00000000ae000000, 0x00000000af000000|  0%| F|  |TAMS 0x00000000ae000000, 0x00000000ae000000| Untracked 
|  45|0x00000000af000000, 0x00000000af000000, 0x00000000b0000000|  0%| F|  |TAMS 0x00000000af000000, 0x00000000af000000| Untracked 
|  46|0x00000000b0000000, 0x00000000b0000000, 0x00000000b1000000|  0%| F|  |TAMS 0x00000000b0000000, 0x00000000b0000000| Untracked 
|  47|0x00000000b1000000, 0x00000000b1000000, 0x00000000b2000000|  0%| F|  |TAMS 0x00000000b1000000, 0x00000000b1000000| Untracked 
|  48|0x00000000b2000000, 0x00000000b2000000, 0x00000000b3000000|  0%| F|  |TAMS 0x00000000b2000000, 0x00000000b2000000| Untracked 
|  49|0x00000000b3000000, 0x00000000b3000000, 0x00000000b4000000|  0%| F|  |TAMS 0x00000000b3000000, 0x00000000b3000000| Untracked 
|  50|0x00000000b4000000, 0x00000000b4000000, 0x00000000b5000000|  0%| F|  |TAMS 0x00000000b4000000, 0x00000000b4000000| Untracked 
|  51|0x00000000b5000000, 0x00000000b5000000, 0x00000000b6000000|  0%| F|  |TAMS 0x00000000b5000000, 0x00000000b5000000| Untracked 
|  52|0x00000000b6000000, 0x00000000b6000000, 0x00000000b7000000|  0%| F|  |TAMS 0x00000000b6000000, 0x00000000b6000000| Untracked 
|  53|0x00000000b7000000, 0x00000000b7000000, 0x00000000b8000000|  0%| F|  |TAMS 0x00000000b7000000, 0x00000000b7000000| Untracked 
|  54|0x00000000b8000000, 0x00000000b8000000, 0x00000000b9000000|  0%| F|  |TAMS 0x00000000b8000000, 0x00000000b8000000| Untracked 
|  55|0x00000000b9000000, 0x00000000b9000000, 0x00000000ba000000|  0%| F|  |TAMS 0x00000000b9000000, 0x00000000b9000000| Untracked 
|  56|0x00000000ba000000, 0x00000000ba000000, 0x00000000bb000000|  0%| F|  |TAMS 0x00000000ba000000, 0x00000000ba000000| Untracked 
|  57|0x00000000bb000000, 0x00000000bb000000, 0x00000000bc000000|  0%| F|  |TAMS 0x00000000bb000000, 0x00000000bb000000| Untracked 
|  58|0x00000000bc000000, 0x00000000bc000000, 0x00000000bd000000|  0%| F|  |TAMS 0x00000000bc000000, 0x00000000bc000000| Untracked 
|  59|0x00000000bd000000, 0x00000000bd000000, 0x00000000be000000|  0%| F|  |TAMS 0x00000000bd000000, 0x00000000bd000000| Untracked 
|  60|0x00000000be000000, 0x00000000be000000, 0x00000000bf000000|  0%| F|  |TAMS 0x00000000be000000, 0x00000000be000000| Untracked 
|  61|0x00000000bf000000, 0x00000000bf000000, 0x00000000c0000000|  0%| F|  |TAMS 0x00000000bf000000, 0x00000000bf000000| Untracked 
|  62|0x00000000c0000000, 0x00000000c0000000, 0x00000000c1000000|  0%| F|  |TAMS 0x00000000c0000000, 0x00000000c0000000| Untracked 
|  63|0x00000000c1000000, 0x00000000c1000000, 0x00000000c2000000|  0%| F|  |TAMS 0x00000000c1000000, 0x00000000c1000000| Untracked 
|  64|0x00000000c2000000, 0x00000000c2000000, 0x00000000c3000000|  0%| F|  |TAMS 0x00000000c2000000, 0x00000000c2000000| Untracked 
|  65|0x00000000c3000000, 0x00000000c3000000, 0x00000000c4000000|  0%| F|  |TAMS 0x00000000c3000000, 0x00000000c3000000| Untracked 
|  66|0x00000000c4000000, 0x00000000c4000000, 0x00000000c5000000|  0%| F|  |TAMS 0x00000000c4000000, 0x00000000c4000000| Untracked 
|  67|0x00000000c5000000, 0x00000000c5000000, 0x00000000c6000000|  0%| F|  |TAMS 0x00000000c5000000, 0x00000000c5000000| Untracked 
|  68|0x00000000c6000000, 0x00000000c6000000, 0x00000000c7000000|  0%| F|  |TAMS 0x00000000c6000000, 0x00000000c6000000| Untracked 
|  69|0x00000000c7000000, 0x00000000c7000000, 0x00000000c8000000|  0%| F|  |TAMS 0x00000000c7000000, 0x00000000c7000000| Untracked 
|  70|0x00000000c8000000, 0x00000000c8000000, 0x00000000c9000000|  0%| F|  |TAMS 0x00000000c8000000, 0x00000000c8000000| Untracked 
|  71|0x00000000c9000000, 0x00000000c9000000, 0x00000000ca000000|  0%| F|  |TAMS 0x00000000c9000000, 0x00000000c9000000| Untracked 
|  72|0x00000000ca000000, 0x00000000ca000000, 0x00000000cb000000|  0%| F|  |TAMS 0x00000000ca000000, 0x00000000ca000000| Untracked 
|  73|0x00000000cb000000, 0x00000000cb000000, 0x00000000cc000000|  0%| F|  |TAMS 0x00000000cb000000, 0x00000000cb000000| Untracked 
|  74|0x00000000cc000000, 0x00000000cc000000, 0x00000000cd000000|  0%| F|  |TAMS 0x00000000cc000000, 0x00000000cc000000| Untracked 
|  75|0x00000000cd000000, 0x00000000cd000000, 0x00000000ce000000|  0%| F|  |TAMS 0x00000000cd000000, 0x00000000cd000000| Untracked 
|  76|0x00000000ce000000, 0x00000000ce000000, 0x00000000cf000000|  0%| F|  |TAMS 0x00000000ce000000, 0x00000000ce000000| Untracked 
|  77|0x00000000cf000000, 0x00000000cf000000, 0x00000000d0000000|  0%| F|  |TAMS 0x00000000cf000000, 0x00000000cf000000| Untracked 
|  78|0x00000000d0000000, 0x00000000d0000000, 0x00000000d1000000|  0%| F|  |TAMS 0x00000000d0000000, 0x00000000d0000000| Untracked 
|  79|0x00000000d1000000, 0x00000000d1000000, 0x00000000d2000000|  0%| F|  |TAMS 0x00000000d1000000, 0x00000000d1000000| Untracked 
|  80|0x00000000d2000000, 0x00000000d2000000, 0x00000000d3000000|  0%| F|  |TAMS 0x00000000d2000000, 0x00000000d2000000| Untracked 
|  81|0x00000000d3000000, 0x00000000d3000000, 0x00000000d4000000|  0%| F|  |TAMS 0x00000000d3000000, 0x00000000d3000000| Untracked 
|  82|0x00000000d4000000, 0x00000000d4000000, 0x00000000d5000000|  0%| F|  |TAMS 0x00000000d4000000, 0x00000000d4000000| Untracked 
|  83|0x00000000d5000000, 0x00000000d5000000, 0x00000000d6000000|  0%| F|  |TAMS 0x00000000d5000000, 0x00000000d5000000| Untracked 
|  84|0x00000000d6000000, 0x00000000d6000000, 0x00000000d7000000|  0%| F|  |TAMS 0x00000000d6000000, 0x00000000d6000000| Untracked 
|  85|0x00000000d7000000, 0x00000000d7000000, 0x00000000d8000000|  0%| F|  |TAMS 0x00000000d7000000, 0x00000000d7000000| Untracked 
|  86|0x00000000d8000000, 0x00000000d8000000, 0x00000000d9000000|  0%| F|  |TAMS 0x00000000d8000000, 0x00000000d8000000| Untracked 
|  87|0x00000000d9000000, 0x00000000d9000000, 0x00000000da000000|  0%| F|  |TAMS 0x00000000d9000000, 0x00000000d9000000| Untracked 
|  88|0x00000000da000000, 0x00000000da000000, 0x00000000db000000|  0%| F|  |TAMS 0x00000000da000000, 0x00000000da000000| Untracked 
|  89|0x00000000db000000, 0x00000000db000000, 0x00000000dc000000|  0%| F|  |TAMS 0x00000000db000000, 0x00000000db000000| Untracked 
|  90|0x00000000dc000000, 0x00000000dc000000, 0x00000000dd000000|  0%| F|  |TAMS 0x00000000dc000000, 0x00000000dc000000| Untracked 
|  91|0x00000000dd000000, 0x00000000dd000000, 0x00000000de000000|  0%| F|  |TAMS 0x00000000dd000000, 0x00000000dd000000| Untracked 
|  92|0x00000000de000000, 0x00000000de000000, 0x00000000df000000|  0%| F|  |TAMS 0x00000000de000000, 0x00000000de000000| Untracked 
|  93|0x00000000df000000, 0x00000000df000000, 0x00000000e0000000|  0%| F|  |TAMS 0x00000000df000000, 0x00000000df000000| Untracked 
|  94|0x00000000e0000000, 0x00000000e0000000, 0x00000000e1000000|  0%| F|  |TAMS 0x00000000e0000000, 0x00000000e0000000| Untracked 
|  95|0x00000000e1000000, 0x00000000e1000000, 0x00000000e2000000|  0%| F|  |TAMS 0x00000000e1000000, 0x00000000e1000000| Untracked 
|  96|0x00000000e2000000, 0x00000000e2000000, 0x00000000e3000000|  0%| F|  |TAMS 0x00000000e2000000, 0x00000000e2000000| Untracked 
|  97|0x00000000e3000000, 0x00000000e3000000, 0x00000000e4000000|  0%| F|  |TAMS 0x00000000e3000000, 0x00000000e3000000| Untracked 
|  98|0x00000000e4000000, 0x00000000e4000000, 0x00000000e5000000|  0%| F|  |TAMS 0x00000000e4000000, 0x00000000e4000000| Untracked 
|  99|0x00000000e5000000, 0x00000000e5000000, 0x00000000e6000000|  0%| F|  |TAMS 0x00000000e5000000, 0x00000000e5000000| Untracked 
| 100|0x00000000e6000000, 0x00000000e6000000, 0x00000000e7000000|  0%| F|  |TAMS 0x00000000e6000000, 0x00000000e6000000| Untracked 
| 101|0x00000000e7000000, 0x00000000e7000000, 0x00000000e8000000|  0%| F|  |TAMS 0x00000000e7000000, 0x00000000e7000000| Untracked 
| 102|0x00000000e8000000, 0x00000000e8000000, 0x00000000e9000000|  0%| F|  |TAMS 0x00000000e8000000, 0x00000000e8000000| Untracked 
| 103|0x00000000e9000000, 0x00000000e9000000, 0x00000000ea000000|  0%| F|  |TAMS 0x00000000e9000000, 0x00000000e9000000| Untracked 
| 104|0x00000000ea000000, 0x00000000ea000000, 0x00000000eb000000|  0%| F|  |TAMS 0x00000000ea000000, 0x00000000ea000000| Untracked 
| 105|0x00000000eb000000, 0x00000000eb000000, 0x00000000ec000000|  0%| F|  |TAMS 0x00000000eb000000, 0x00000000eb000000| Untracked 
| 106|0x00000000ec000000, 0x00000000ec000000, 0x00000000ed000000|  0%| F|  |TAMS 0x00000000ec000000, 0x00000000ec000000| Untracked 
| 107|0x00000000ed000000, 0x00000000ed000000, 0x00000000ee000000|  0%| F|  |TAMS 0x00000000ed000000, 0x00000000ed000000| Untracked 
| 108|0x00000000ee000000, 0x00000000ee000000, 0x00000000ef000000|  0%| F|  |TAMS 0x00000000ee000000, 0x00000000ee000000| Untracked 
| 109|0x00000000ef000000, 0x00000000ef000000, 0x00000000f0000000|  0%| F|  |TAMS 0x00000000ef000000, 0x00000000ef000000| Untracked 
| 110|0x00000000f0000000, 0x00000000f0000000, 0x00000000f1000000|  0%| F|  |TAMS 0x00000000f0000000, 0x00000000f0000000| Untracked 
| 111|0x00000000f1000000, 0x00000000f1000000, 0x00000000f2000000|  0%| F|  |TAMS 0x00000000f1000000, 0x00000000f1000000| Untracked 
| 112|0x00000000f2000000, 0x00000000f2000000, 0x00000000f3000000|  0%| F|  |TAMS 0x00000000f2000000, 0x00000000f2000000| Untracked 
| 113|0x00000000f3000000, 0x00000000f3000000, 0x00000000f4000000|  0%| F|  |TAMS 0x00000000f3000000, 0x00000000f3000000| Untracked 
| 114|0x00000000f4000000, 0x00000000f4000000, 0x00000000f5000000|  0%| F|  |TAMS 0x00000000f4000000, 0x00000000f4000000| Untracked 
| 115|0x00000000f5000000, 0x00000000f5000000, 0x00000000f6000000|  0%| F|  |TAMS 0x00000000f5000000, 0x00000000f5000000| Untracked 
| 116|0x00000000f6000000, 0x00000000f6000000, 0x00000000f7000000|  0%| F|  |TAMS 0x00000000f6000000, 0x00000000f6000000| Untracked 
| 117|0x00000000f7000000, 0x00000000f7000000, 0x00000000f8000000|  0%| F|  |TAMS 0x00000000f7000000, 0x00000000f7000000| Untracked 
| 118|0x00000000f8000000, 0x00000000f8000000, 0x00000000f9000000|  0%| F|  |TAMS 0x00000000f8000000, 0x00000000f8000000| Untracked 
| 119|0x00000000f9000000, 0x00000000f9000000, 0x00000000fa000000|  0%| F|  |TAMS 0x00000000f9000000, 0x00000000f9000000| Untracked 
| 120|0x00000000fa000000, 0x00000000fa000000, 0x00000000fb000000|  0%| F|  |TAMS 0x00000000fa000000, 0x00000000fa000000| Untracked 
| 121|0x00000000fb000000, 0x00000000fb000000, 0x00000000fc000000|  0%| F|  |TAMS 0x00000000fb000000, 0x00000000fb000000| Untracked 
| 122|0x00000000fc000000, 0x00000000fc000000, 0x00000000fd000000|  0%| F|  |TAMS 0x00000000fc000000, 0x00000000fc000000| Untracked 
| 123|0x00000000fd000000, 0x00000000fd000000, 0x00000000fe000000|  0%| F|  |TAMS 0x00000000fd000000, 0x00000000fd000000| Untracked 
| 124|0x00000000fe000000, 0x00000000fe000000, 0x00000000ff000000|  0%| F|  |TAMS 0x00000000fe000000, 0x00000000fe000000| Untracked 
| 125|0x00000000ff000000, 0x00000000ff000000, 0x0000000100000000|  0%| F|  |TAMS 0x00000000ff000000, 0x00000000ff000000| Untracked 
| 126|0x0000000100000000, 0x0000000100000000, 0x0000000101000000|  0%| F|  |TAMS 0x0000000100000000, 0x0000000100000000| Untracked 
| 127|0x0000000101000000, 0x0000000101000000, 0x0000000102000000|  0%| F|  |TAMS 0x0000000101000000, 0x0000000101000000| Untracked 
| 128|0x0000000102000000, 0x0000000102000000, 0x0000000103000000|  0%| F|  |TAMS 0x0000000102000000, 0x0000000102000000| Untracked 
| 129|0x0000000103000000, 0x0000000103000000, 0x0000000104000000|  0%| F|  |TAMS 0x0000000103000000, 0x0000000103000000| Untracked 
| 130|0x0000000104000000, 0x0000000104000000, 0x0000000105000000|  0%| F|  |TAMS 0x0000000104000000, 0x0000000104000000| Untracked 
| 131|0x0000000105000000, 0x0000000105000000, 0x0000000106000000|  0%| F|  |TAMS 0x0000000105000000, 0x0000000105000000| Untracked 
| 132|0x0000000106000000, 0x0000000106000000, 0x0000000107000000|  0%| F|  |TAMS 0x0000000106000000, 0x0000000106000000| Untracked 
| 133|0x0000000107000000, 0x0000000107000000, 0x0000000108000000|  0%| F|  |TAMS 0x0000000107000000, 0x0000000107000000| Untracked 
| 134|0x0000000108000000, 0x0000000108000000, 0x0000000109000000|  0%| F|  |TAMS 0x0000000108000000, 0x0000000108000000| Untracked 
| 135|0x0000000109000000, 0x0000000109000000, 0x000000010a000000|  0%| F|  |TAMS 0x0000000109000000, 0x0000000109000000| Untracked 
| 136|0x000000010a000000, 0x000000010a000000, 0x000000010b000000|  0%| F|  |TAMS 0x000000010a000000, 0x000000010a000000| Untracked 
| 137|0x000000010b000000, 0x000000010b000000, 0x000000010c000000|  0%| F|  |TAMS 0x000000010b000000, 0x000000010b000000| Untracked 
| 138|0x000000010c000000, 0x000000010c000000, 0x000000010d000000|  0%| F|  |TAMS 0x000000010c000000, 0x000000010c000000| Untracked 
| 139|0x000000010d000000, 0x000000010d000000, 0x000000010e000000|  0%| F|  |TAMS 0x000000010d000000, 0x000000010d000000| Untracked 
| 140|0x000000010e000000, 0x000000010e000000, 0x000000010f000000|  0%| F|  |TAMS 0x000000010e000000, 0x000000010e000000| Untracked 
| 141|0x000000010f000000, 0x000000010f000000, 0x0000000110000000|  0%| F|  |TAMS 0x000000010f000000, 0x000000010f000000| Untracked 
| 142|0x0000000110000000, 0x0000000110000000, 0x0000000111000000|  0%| F|  |TAMS 0x0000000110000000, 0x0000000110000000| Untracked 
| 143|0x0000000111000000, 0x0000000111000000, 0x0000000112000000|  0%| F|  |TAMS 0x0000000111000000, 0x0000000111000000| Untracked 
| 144|0x0000000112000000, 0x0000000112000000, 0x0000000113000000|  0%| F|  |TAMS 0x0000000112000000, 0x0000000112000000| Untracked 
| 145|0x0000000113000000, 0x0000000113000000, 0x0000000114000000|  0%| F|  |TAMS 0x0000000113000000, 0x0000000113000000| Untracked 
| 146|0x0000000114000000, 0x0000000114000000, 0x0000000115000000|  0%| F|  |TAMS 0x0000000114000000, 0x0000000114000000| Untracked 
| 147|0x0000000115000000, 0x0000000115000000, 0x0000000116000000|  0%| F|  |TAMS 0x0000000115000000, 0x0000000115000000| Untracked 
| 148|0x0000000116000000, 0x0000000116000000, 0x0000000117000000|  0%| F|  |TAMS 0x0000000116000000, 0x0000000116000000| Untracked 
| 149|0x0000000117000000, 0x0000000117000000, 0x0000000118000000|  0%| F|  |TAMS 0x0000000117000000, 0x0000000117000000| Untracked 
| 150|0x0000000118000000, 0x0000000118000000, 0x0000000119000000|  0%| F|  |TAMS 0x0000000118000000, 0x0000000118000000| Untracked 
| 151|0x0000000119000000, 0x0000000119000000, 0x000000011a000000|  0%| F|  |TAMS 0x0000000119000000, 0x0000000119000000| Untracked 
| 152|0x000000011a000000, 0x000000011a000000, 0x000000011b000000|  0%| F|  |TAMS 0x000000011a000000, 0x000000011a000000| Untracked 
| 153|0x000000011b000000, 0x000000011b000000, 0x000000011c000000|  0%| F|  |TAMS 0x000000011b000000, 0x000000011b000000| Untracked 
| 154|0x000000011c000000, 0x000000011c000000, 0x000000011d000000|  0%| F|  |TAMS 0x000000011c000000, 0x000000011c000000| Untracked 
| 155|0x000000011d000000, 0x000000011d000000, 0x000000011e000000|  0%| F|  |TAMS 0x000000011d000000, 0x000000011d000000| Untracked 
| 156|0x000000011e000000, 0x000000011e000000, 0x000000011f000000|  0%| F|  |TAMS 0x000000011e000000, 0x000000011e000000| Untracked 
| 157|0x000000011f000000, 0x000000011f000000, 0x0000000120000000|  0%| F|  |TAMS 0x000000011f000000, 0x000000011f000000| Untracked 
| 158|0x0000000120000000, 0x0000000120000000, 0x0000000121000000|  0%| F|  |TAMS 0x0000000120000000, 0x0000000120000000| Untracked 
| 159|0x0000000121000000, 0x0000000121000000, 0x0000000122000000|  0%| F|  |TAMS 0x0000000121000000, 0x0000000121000000| Untracked 
| 160|0x0000000122000000, 0x0000000122000000, 0x0000000123000000|  0%| F|  |TAMS 0x0000000122000000, 0x0000000122000000| Untracked 
| 161|0x0000000123000000, 0x0000000123000000, 0x0000000124000000|  0%| F|  |TAMS 0x0000000123000000, 0x0000000123000000| Untracked 
| 162|0x0000000124000000, 0x0000000124000000, 0x0000000125000000|  0%| F|  |TAMS 0x0000000124000000, 0x0000000124000000| Untracked 
| 163|0x0000000125000000, 0x0000000125000000, 0x0000000126000000|  0%| F|  |TAMS 0x0000000125000000, 0x0000000125000000| Untracked 
| 164|0x0000000126000000, 0x0000000126000000, 0x0000000127000000|  0%| F|  |TAMS 0x0000000126000000, 0x0000000126000000| Untracked 
| 165|0x0000000127000000, 0x0000000127000000, 0x0000000128000000|  0%| F|  |TAMS 0x0000000127000000, 0x0000000127000000| Untracked 
| 166|0x0000000128000000, 0x0000000128000000, 0x0000000129000000|  0%| F|  |TAMS 0x0000000128000000, 0x0000000128000000| Untracked 
| 167|0x0000000129000000, 0x0000000129000000, 0x000000012a000000|  0%| F|  |TAMS 0x0000000129000000, 0x0000000129000000| Untracked 
| 168|0x000000012a000000, 0x000000012a000000, 0x000000012b000000|  0%| F|  |TAMS 0x000000012a000000, 0x000000012a000000| Untracked 
| 169|0x000000012b000000, 0x000000012b000000, 0x000000012c000000|  0%| F|  |TAMS 0x000000012b000000, 0x000000012b000000| Untracked 
| 170|0x000000012c000000, 0x000000012c000000, 0x000000012d000000|  0%| F|  |TAMS 0x000000012c000000, 0x000000012c000000| Untracked 
| 171|0x000000012d000000, 0x000000012d000000, 0x000000012e000000|  0%| F|  |TAMS 0x000000012d000000, 0x000000012d000000| Untracked 
| 172|0x000000012e000000, 0x000000012e000000, 0x000000012f000000|  0%| F|  |TAMS 0x000000012e000000, 0x000000012e000000| Untracked 
| 173|0x000000012f000000, 0x000000012f000000, 0x0000000130000000|  0%| F|  |TAMS 0x000000012f000000, 0x000000012f000000| Untracked 
| 174|0x0000000130000000, 0x0000000130000000, 0x0000000131000000|  0%| F|  |TAMS 0x0000000130000000, 0x0000000130000000| Untracked 
| 175|0x0000000131000000, 0x0000000131000000, 0x0000000132000000|  0%| F|  |TAMS 0x0000000131000000, 0x0000000131000000| Untracked 
| 176|0x0000000132000000, 0x0000000132000000, 0x0000000133000000|  0%| F|  |TAMS 0x0000000132000000, 0x0000000132000000| Untracked 
| 177|0x0000000133000000, 0x0000000133000000, 0x0000000134000000|  0%| F|  |TAMS 0x0000000133000000, 0x0000000133000000| Untracked 
| 178|0x0000000134000000, 0x0000000134000000, 0x0000000135000000|  0%| F|  |TAMS 0x0000000134000000, 0x0000000134000000| Untracked 
| 179|0x0000000135000000, 0x0000000135000000, 0x0000000136000000|  0%| F|  |TAMS 0x0000000135000000, 0x0000000135000000| Untracked 
| 180|0x0000000136000000, 0x0000000136000000, 0x0000000137000000|  0%| F|  |TAMS 0x0000000136000000, 0x0000000136000000| Untracked 
| 181|0x0000000137000000, 0x0000000137000000, 0x0000000138000000|  0%| F|  |TAMS 0x0000000137000000, 0x0000000137000000| Untracked 
| 182|0x0000000138000000, 0x0000000138000000, 0x0000000139000000|  0%| F|  |TAMS 0x0000000138000000, 0x0000000138000000| Untracked 
| 183|0x0000000139000000, 0x0000000139000000, 0x000000013a000000|  0%| F|  |TAMS 0x0000000139000000, 0x0000000139000000| Untracked 
| 184|0x000000013a000000, 0x000000013a000000, 0x000000013b000000|  0%| F|  |TAMS 0x000000013a000000, 0x000000013a000000| Untracked 
| 185|0x000000013b000000, 0x000000013b000000, 0x000000013c000000|  0%| F|  |TAMS 0x000000013b000000, 0x000000013b000000| Untracked 
| 186|0x000000013c000000, 0x000000013c000000, 0x000000013d000000|  0%| F|  |TAMS 0x000000013c000000, 0x000000013c000000| Untracked 
| 187|0x000000013d000000, 0x000000013d000000, 0x000000013e000000|  0%| F|  |TAMS 0x000000013d000000, 0x000000013d000000| Untracked 
| 188|0x000000013e000000, 0x000000013e000000, 0x000000013f000000|  0%| F|  |TAMS 0x000000013e000000, 0x000000013e000000| Untracked 
| 189|0x000000013f000000, 0x000000013f000000, 0x0000000140000000|  0%| F|  |TAMS 0x000000013f000000, 0x000000013f000000| Untracked 
| 190|0x0000000140000000, 0x0000000140000000, 0x0000000141000000|  0%| F|  |TAMS 0x0000000140000000, 0x0000000140000000| Untracked 
| 191|0x0000000141000000, 0x0000000141000000, 0x0000000142000000|  0%| F|  |TAMS 0x0000000141000000, 0x0000000141000000| Untracked 
| 192|0x0000000142000000, 0x0000000142000000, 0x0000000143000000|  0%| F|  |TAMS 0x0000000142000000, 0x0000000142000000| Untracked 
| 193|0x0000000143000000, 0x0000000143000000, 0x0000000144000000|  0%| F|  |TAMS 0x0000000143000000, 0x0000000143000000| Untracked 
| 194|0x0000000144000000, 0x0000000144000000, 0x0000000145000000|  0%| F|  |TAMS 0x0000000144000000, 0x0000000144000000| Untracked 
| 195|0x0000000145000000, 0x0000000145000000, 0x0000000146000000|  0%| F|  |TAMS 0x0000000145000000, 0x0000000145000000| Untracked 
| 196|0x0000000146000000, 0x0000000146000000, 0x0000000147000000|  0%| F|  |TAMS 0x0000000146000000, 0x0000000146000000| Untracked 
| 197|0x0000000147000000, 0x0000000147000000, 0x0000000148000000|  0%| F|  |TAMS 0x0000000147000000, 0x0000000147000000| Untracked 
| 198|0x0000000148000000, 0x0000000148000000, 0x0000000149000000|  0%| F|  |TAMS 0x0000000148000000, 0x0000000148000000| Untracked 
| 199|0x0000000149000000, 0x0000000149000000, 0x000000014a000000|  0%| F|  |TAMS 0x0000000149000000, 0x0000000149000000| Untracked 
| 200|0x000000014a000000, 0x000000014a000000, 0x000000014b000000|  0%| F|  |TAMS 0x000000014a000000, 0x000000014a000000| Untracked 
| 201|0x000000014b000000, 0x000000014b000000, 0x000000014c000000|  0%| F|  |TAMS 0x000000014b000000, 0x000000014b000000| Untracked 
| 202|0x000000014c000000, 0x000000014c000000, 0x000000014d000000|  0%| F|  |TAMS 0x000000014c000000, 0x000000014c000000| Untracked 
| 203|0x000000014d000000, 0x000000014d000000, 0x000000014e000000|  0%| F|  |TAMS 0x000000014d000000, 0x000000014d000000| Untracked 
| 204|0x000000014e000000, 0x000000014e000000, 0x000000014f000000|  0%| F|  |TAMS 0x000000014e000000, 0x000000014e000000| Untracked 
| 205|0x000000014f000000, 0x000000014f000000, 0x0000000150000000|  0%| F|  |TAMS 0x000000014f000000, 0x000000014f000000| Untracked 
| 206|0x0000000150000000, 0x0000000150000000, 0x0000000151000000|  0%| F|  |TAMS 0x0000000150000000, 0x0000000150000000| Untracked 
| 207|0x0000000151000000, 0x0000000151000000, 0x0000000152000000|  0%| F|  |TAMS 0x0000000151000000, 0x0000000151000000| Untracked 
| 208|0x0000000152000000, 0x0000000152000000, 0x0000000153000000|  0%| F|  |TAMS 0x0000000152000000, 0x0000000152000000| Untracked 
| 209|0x0000000153000000, 0x0000000153000000, 0x0000000154000000|  0%| F|  |TAMS 0x0000000153000000, 0x0000000153000000| Untracked 
| 210|0x0000000154000000, 0x0000000154000000, 0x0000000155000000|  0%| F|  |TAMS 0x0000000154000000, 0x0000000154000000| Untracked 
| 211|0x0000000155000000, 0x0000000155000000, 0x0000000156000000|  0%| F|  |TAMS 0x0000000155000000, 0x0000000155000000| Untracked 
| 212|0x0000000156000000, 0x0000000156000000, 0x0000000157000000|  0%| F|  |TAMS 0x0000000156000000, 0x0000000156000000| Untracked 
| 213|0x0000000157000000, 0x0000000157000000, 0x0000000158000000|  0%| F|  |TAMS 0x0000000157000000, 0x0000000157000000| Untracked 
| 214|0x0000000158000000, 0x0000000158000000, 0x0000000159000000|  0%| F|  |TAMS 0x0000000158000000, 0x0000000158000000| Untracked 
| 215|0x0000000159000000, 0x0000000159000000, 0x000000015a000000|  0%| F|  |TAMS 0x0000000159000000, 0x0000000159000000| Untracked 
| 216|0x000000015a000000, 0x000000015a000000, 0x000000015b000000|  0%| F|  |TAMS 0x000000015a000000, 0x000000015a000000| Untracked 
| 217|0x000000015b000000, 0x000000015b000000, 0x000000015c000000|  0%| F|  |TAMS 0x000000015b000000, 0x000000015b000000| Untracked 
| 218|0x000000015c000000, 0x000000015c000000, 0x000000015d000000|  0%| F|  |TAMS 0x000000015c000000, 0x000000015c000000| Untracked 
| 219|0x000000015d000000, 0x000000015d000000, 0x000000015e000000|  0%| F|  |TAMS 0x000000015d000000, 0x000000015d000000| Untracked 
| 220|0x000000015e000000, 0x000000015e000000, 0x000000015f000000|  0%| F|  |TAMS 0x000000015e000000, 0x000000015e000000| Untracked 
| 221|0x000000015f000000, 0x000000015f000000, 0x0000000160000000|  0%| F|  |TAMS 0x000000015f000000, 0x000000015f000000| Untracked 
| 222|0x0000000160000000, 0x0000000160000000, 0x0000000161000000|  0%| F|  |TAMS 0x0000000160000000, 0x0000000160000000| Untracked 
| 223|0x0000000161000000, 0x0000000161000000, 0x0000000162000000|  0%| F|  |TAMS 0x0000000161000000, 0x0000000161000000| Untracked 
| 224|0x0000000162000000, 0x0000000162000000, 0x0000000163000000|  0%| F|  |TAMS 0x0000000162000000, 0x0000000162000000| Untracked 
| 225|0x0000000163000000, 0x0000000163000000, 0x0000000164000000|  0%| F|  |TAMS 0x0000000163000000, 0x0000000163000000| Untracked 
| 226|0x0000000164000000, 0x0000000164000000, 0x0000000165000000|  0%| F|  |TAMS 0x0000000164000000, 0x0000000164000000| Untracked 
| 227|0x0000000165000000, 0x0000000165000000, 0x0000000166000000|  0%| F|  |TAMS 0x0000000165000000, 0x0000000165000000| Untracked 
| 228|0x0000000166000000, 0x0000000166000000, 0x0000000167000000|  0%| F|  |TAMS 0x0000000166000000, 0x0000000166000000| Untracked 
| 229|0x0000000167000000, 0x0000000167000000, 0x0000000168000000|  0%| F|  |TAMS 0x0000000167000000, 0x0000000167000000| Untracked 
| 230|0x0000000168000000, 0x0000000168000000, 0x0000000169000000|  0%| F|  |TAMS 0x0000000168000000, 0x0000000168000000| Untracked 
| 231|0x0000000169000000, 0x0000000169000000, 0x000000016a000000|  0%| F|  |TAMS 0x0000000169000000, 0x0000000169000000| Untracked 
| 232|0x000000016a000000, 0x000000016a000000, 0x000000016b000000|  0%| F|  |TAMS 0x000000016a000000, 0x000000016a000000| Untracked 
| 233|0x000000016b000000, 0x000000016b000000, 0x000000016c000000|  0%| F|  |TAMS 0x000000016b000000, 0x000000016b000000| Untracked 
| 234|0x000000016c000000, 0x000000016c000000, 0x000000016d000000|  0%| F|  |TAMS 0x000000016c000000, 0x000000016c000000| Untracked 
| 235|0x000000016d000000, 0x000000016d000000, 0x000000016e000000|  0%| F|  |TAMS 0x000000016d000000, 0x000000016d000000| Untracked 
| 236|0x000000016e000000, 0x000000016e000000, 0x000000016f000000|  0%| F|  |TAMS 0x000000016e000000, 0x000000016e000000| Untracked 
| 237|0x000000016f000000, 0x000000016f000000, 0x0000000170000000|  0%| F|  |TAMS 0x000000016f000000, 0x000000016f000000| Untracked 
| 238|0x0000000170000000, 0x0000000170000000, 0x0000000171000000|  0%| F|  |TAMS 0x0000000170000000, 0x0000000170000000| Untracked 
| 239|0x0000000171000000, 0x0000000171000000, 0x0000000172000000|  0%| F|  |TAMS 0x0000000171000000, 0x0000000171000000| Untracked 
| 240|0x0000000172000000, 0x0000000172000000, 0x0000000173000000|  0%| F|  |TAMS 0x0000000172000000, 0x0000000172000000| Untracked 
| 241|0x0000000173000000, 0x0000000173000000, 0x0000000174000000|  0%| F|  |TAMS 0x0000000173000000, 0x0000000173000000| Untracked 
| 242|0x0000000174000000, 0x0000000174000000, 0x0000000175000000|  0%| F|  |TAMS 0x0000000174000000, 0x0000000174000000| Untracked 
| 243|0x0000000175000000, 0x0000000175000000, 0x0000000176000000|  0%| F|  |TAMS 0x0000000175000000, 0x0000000175000000| Untracked 
| 244|0x0000000176000000, 0x0000000176000000, 0x0000000177000000|  0%| F|  |TAMS 0x0000000176000000, 0x0000000176000000| Untracked 
| 245|0x0000000177000000, 0x0000000177000000, 0x0000000178000000|  0%| F|  |TAMS 0x0000000177000000, 0x0000000177000000| Untracked 
| 246|0x0000000178000000, 0x0000000178000000, 0x0000000179000000|  0%| F|  |TAMS 0x0000000178000000, 0x0000000178000000| Untracked 
| 247|0x0000000179000000, 0x0000000179000000, 0x000000017a000000|  0%| F|  |TAMS 0x0000000179000000, 0x0000000179000000| Untracked 
| 248|0x000000017a000000, 0x000000017a000000, 0x000000017b000000|  0%| F|  |TAMS 0x000000017a000000, 0x000000017a000000| Untracked 
| 249|0x000000017b000000, 0x000000017b000000, 0x000000017c000000|  0%| F|  |TAMS 0x000000017b000000, 0x000000017b000000| Untracked 
| 250|0x000000017c000000, 0x000000017c000000, 0x000000017d000000|  0%| F|  |TAMS 0x000000017c000000, 0x000000017c000000| Untracked 
| 251|0x000000017d000000, 0x000000017d000000, 0x000000017e000000|  0%| F|  |TAMS 0x000000017d000000, 0x000000017d000000| Untracked 
| 252|0x000000017e000000, 0x000000017e000000, 0x000000017f000000|  0%| F|  |TAMS 0x000000017e000000, 0x000000017e000000| Untracked 
| 253|0x000000017f000000, 0x000000017f000000, 0x0000000180000000|  0%| F|  |TAMS 0x000000017f000000, 0x000000017f000000| Untracked 
| 254|0x0000000180000000, 0x0000000180000000, 0x0000000181000000|  0%| F|  |TAMS 0x0000000180000000, 0x0000000180000000| Untracked 
| 255|0x0000000181000000, 0x0000000181000000, 0x0000000182000000|  0%| F|  |TAMS 0x0000000181000000, 0x0000000181000000| Untracked 
| 256|0x0000000182000000, 0x0000000182000000, 0x0000000183000000|  0%| F|  |TAMS 0x0000000182000000, 0x0000000182000000| Untracked 
| 257|0x0000000183000000, 0x0000000183000000, 0x0000000184000000|  0%| F|  |TAMS 0x0000000183000000, 0x0000000183000000| Untracked 
| 258|0x0000000184000000, 0x0000000184000000, 0x0000000185000000|  0%| F|  |TAMS 0x0000000184000000, 0x0000000184000000| Untracked 
| 259|0x0000000185000000, 0x0000000185000000, 0x0000000186000000|  0%| F|  |TAMS 0x0000000185000000, 0x0000000185000000| Untracked 
| 260|0x0000000186000000, 0x0000000186000000, 0x0000000187000000|  0%| F|  |TAMS 0x0000000186000000, 0x0000000186000000| Untracked 
| 261|0x0000000187000000, 0x0000000187000000, 0x0000000188000000|  0%| F|  |TAMS 0x0000000187000000, 0x0000000187000000| Untracked 
| 262|0x0000000188000000, 0x0000000188000000, 0x0000000189000000|  0%| F|  |TAMS 0x0000000188000000, 0x0000000188000000| Untracked 
| 263|0x0000000189000000, 0x0000000189000000, 0x000000018a000000|  0%| F|  |TAMS 0x0000000189000000, 0x0000000189000000| Untracked 
| 264|0x000000018a000000, 0x000000018a000000, 0x000000018b000000|  0%| F|  |TAMS 0x000000018a000000, 0x000000018a000000| Untracked 
| 265|0x000000018b000000, 0x000000018b000000, 0x000000018c000000|  0%| F|  |TAMS 0x000000018b000000, 0x000000018b000000| Untracked 
| 266|0x000000018c000000, 0x000000018c000000, 0x000000018d000000|  0%| F|  |TAMS 0x000000018c000000, 0x000000018c000000| Untracked 
| 267|0x000000018d000000, 0x000000018d000000, 0x000000018e000000|  0%| F|  |TAMS 0x000000018d000000, 0x000000018d000000| Untracked 
| 268|0x000000018e000000, 0x000000018e000000, 0x000000018f000000|  0%| F|  |TAMS 0x000000018e000000, 0x000000018e000000| Untracked 
| 269|0x000000018f000000, 0x000000018f000000, 0x0000000190000000|  0%| F|  |TAMS 0x000000018f000000, 0x000000018f000000| Untracked 
| 270|0x0000000190000000, 0x0000000190000000, 0x0000000191000000|  0%| F|  |TAMS 0x0000000190000000, 0x0000000190000000| Untracked 
| 271|0x0000000191000000, 0x0000000191000000, 0x0000000192000000|  0%| F|  |TAMS 0x0000000191000000, 0x0000000191000000| Untracked 
| 272|0x0000000192000000, 0x0000000192000000, 0x0000000193000000|  0%| F|  |TAMS 0x0000000192000000, 0x0000000192000000| Untracked 
| 273|0x0000000193000000, 0x0000000193116a70, 0x0000000194000000|  6%| S|CS|TAMS 0x0000000193000000, 0x0000000193000000| Complete 
| 274|0x0000000194000000, 0x0000000194000000, 0x0000000195000000|  0%| F|  |TAMS 0x0000000194000000, 0x0000000194000000| Untracked 
| 275|0x0000000195000000, 0x0000000196000000, 0x0000000196000000|100%| S|CS|TAMS 0x0000000195000000, 0x0000000195000000| Complete 
| 276|0x0000000196000000, 0x0000000197000000, 0x0000000197000000|100%| S|CS|TAMS 0x0000000196000000, 0x0000000196000000| Complete 
| 277|0x0000000197000000, 0x0000000197000000, 0x0000000198000000|  0%| F|  |TAMS 0x0000000197000000, 0x0000000197000000| Untracked 
| 278|0x0000000198000000, 0x0000000199000000, 0x0000000199000000|100%| S|CS|TAMS 0x0000000198000000, 0x0000000198000000| Complete 
| 279|0x0000000199000000, 0x0000000199000000, 0x000000019a000000|  0%| F|  |TAMS 0x0000000199000000, 0x0000000199000000| Untracked 
| 280|0x000000019a000000, 0x000000019a000000, 0x000000019b000000|  0%| F|  |TAMS 0x000000019a000000, 0x000000019a000000| Untracked 
| 281|0x000000019b000000, 0x000000019c000000, 0x000000019c000000|100%| S|CS|TAMS 0x000000019b000000, 0x000000019b000000| Complete 
| 282|0x000000019c000000, 0x000000019c000000, 0x000000019d000000|  0%| F|  |TAMS 0x000000019c000000, 0x000000019c000000| Untracked 
| 283|0x000000019d000000, 0x000000019d000000, 0x000000019e000000|  0%| F|  |TAMS 0x000000019d000000, 0x000000019d000000| Untracked 
| 284|0x000000019e000000, 0x000000019e000000, 0x000000019f000000|  0%| F|  |TAMS 0x000000019e000000, 0x000000019e000000| Untracked 
| 285|0x000000019f000000, 0x000000019f000000, 0x00000001a0000000|  0%| F|  |TAMS 0x000000019f000000, 0x000000019f000000| Untracked 
| 286|0x00000001a0000000, 0x00000001a0000000, 0x00000001a1000000|  0%| F|  |TAMS 0x00000001a0000000, 0x00000001a0000000| Untracked 
| 287|0x00000001a1000000, 0x00000001a1000000, 0x00000001a2000000|  0%| F|  |TAMS 0x00000001a1000000, 0x00000001a1000000| Untracked 
| 288|0x00000001a2000000, 0x00000001a2000000, 0x00000001a3000000|  0%| F|  |TAMS 0x00000001a2000000, 0x00000001a2000000| Untracked 
| 289|0x00000001a3000000, 0x00000001a3000000, 0x00000001a4000000|  0%| F|  |TAMS 0x00000001a3000000, 0x00000001a3000000| Untracked 
| 290|0x00000001a4000000, 0x00000001a4000000, 0x00000001a5000000|  0%| F|  |TAMS 0x00000001a4000000, 0x00000001a4000000| Untracked 
| 291|0x00000001a5000000, 0x00000001a5000000, 0x00000001a6000000|  0%| F|  |TAMS 0x00000001a5000000, 0x00000001a5000000| Untracked 
| 292|0x00000001a6000000, 0x00000001a6000000, 0x00000001a7000000|  0%| F|  |TAMS 0x00000001a6000000, 0x00000001a6000000| Untracked 
| 293|0x00000001a7000000, 0x00000001a7000000, 0x00000001a8000000|  0%| F|  |TAMS 0x00000001a7000000, 0x00000001a7000000| Untracked 
| 294|0x00000001a8000000, 0x00000001a8000000, 0x00000001a9000000|  0%| F|  |TAMS 0x00000001a8000000, 0x00000001a8000000| Untracked 
| 295|0x00000001a9000000, 0x00000001a9000000, 0x00000001aa000000|  0%| F|  |TAMS 0x00000001a9000000, 0x00000001a9000000| Untracked 
| 296|0x00000001aa000000, 0x00000001aa000000, 0x00000001ab000000|  0%| F|  |TAMS 0x00000001aa000000, 0x00000001aa000000| Untracked 
| 297|0x00000001ab000000, 0x00000001ab000000, 0x00000001ac000000|  0%| F|  |TAMS 0x00000001ab000000, 0x00000001ab000000| Untracked 
| 298|0x00000001ac000000, 0x00000001ac000000, 0x00000001ad000000|  0%| F|  |TAMS 0x00000001ac000000, 0x00000001ac000000| Untracked 
| 299|0x00000001ad000000, 0x00000001ad000000, 0x00000001ae000000|  0%| F|  |TAMS 0x00000001ad000000, 0x00000001ad000000| Untracked 
| 300|0x00000001ae000000, 0x00000001ae000000, 0x00000001af000000|  0%| F|  |TAMS 0x00000001ae000000, 0x00000001ae000000| Untracked 
| 301|0x00000001af000000, 0x00000001af000000, 0x00000001b0000000|  0%| F|  |TAMS 0x00000001af000000, 0x00000001af000000| Untracked 
| 302|0x00000001b0000000, 0x00000001b0000000, 0x00000001b1000000|  0%| F|  |TAMS 0x00000001b0000000, 0x00000001b0000000| Untracked 
| 303|0x00000001b1000000, 0x00000001b1000000, 0x00000001b2000000|  0%| F|  |TAMS 0x00000001b1000000, 0x00000001b1000000| Untracked 
| 304|0x00000001b2000000, 0x00000001b2800000, 0x00000001b3000000| 50%| E|  |TAMS 0x00000001b2000000, 0x00000001b2000000| Complete 
| 305|0x00000001b3000000, 0x00000001b4000000, 0x00000001b4000000|100%| E|CS|TAMS 0x00000001b3000000, 0x00000001b3000000| Complete 
| 306|0x00000001b4000000, 0x00000001b5000000, 0x00000001b5000000|100%| E|CS|TAMS 0x00000001b4000000, 0x00000001b4000000| Complete 
| 307|0x00000001b5000000, 0x00000001b6000000, 0x00000001b6000000|100%| E|CS|TAMS 0x00000001b5000000, 0x00000001b5000000| Complete 
| 308|0x00000001b6000000, 0x00000001b7000000, 0x00000001b7000000|100%| E|CS|TAMS 0x00000001b6000000, 0x00000001b6000000| Complete 
| 309|0x00000001b7000000, 0x00000001b8000000, 0x00000001b8000000|100%| E|CS|TAMS 0x00000001b7000000, 0x00000001b7000000| Complete 
| 310|0x00000001b8000000, 0x00000001b9000000, 0x00000001b9000000|100%| E|CS|TAMS 0x00000001b8000000, 0x00000001b8000000| Complete 
| 311|0x00000001b9000000, 0x00000001ba000000, 0x00000001ba000000|100%| E|CS|TAMS 0x00000001b9000000, 0x00000001b9000000| Complete 
| 312|0x00000001ba000000, 0x00000001bb000000, 0x00000001bb000000|100%| E|CS|TAMS 0x00000001ba000000, 0x00000001ba000000| Complete 
| 313|0x00000001bb000000, 0x00000001bc000000, 0x00000001bc000000|100%| E|CS|TAMS 0x00000001bb000000, 0x00000001bb000000| Complete 
| 314|0x00000001bc000000, 0x00000001bd000000, 0x00000001bd000000|100%| E|CS|TAMS 0x00000001bc000000, 0x00000001bc000000| Complete 
| 315|0x00000001bd000000, 0x00000001be000000, 0x00000001be000000|100%| E|CS|TAMS 0x00000001bd000000, 0x00000001bd000000| Complete 
| 316|0x00000001be000000, 0x00000001bf000000, 0x00000001bf000000|100%| E|CS|TAMS 0x00000001be000000, 0x00000001be000000| Complete 
| 317|0x00000001bf000000, 0x00000001c0000000, 0x00000001c0000000|100%| E|CS|TAMS 0x00000001bf000000, 0x00000001bf000000| Complete 
| 318|0x00000001c0000000, 0x00000001c1000000, 0x00000001c1000000|100%| E|CS|TAMS 0x00000001c0000000, 0x00000001c0000000| Complete 
| 319|0x00000001c1000000, 0x00000001c2000000, 0x00000001c2000000|100%| E|CS|TAMS 0x00000001c1000000, 0x00000001c1000000| Complete 
| 320|0x00000001c2000000, 0x00000001c3000000, 0x00000001c3000000|100%| E|CS|TAMS 0x00000001c2000000, 0x00000001c2000000| Complete 
| 321|0x00000001c3000000, 0x00000001c4000000, 0x00000001c4000000|100%| E|CS|TAMS 0x00000001c3000000, 0x00000001c3000000| Complete 
| 322|0x00000001c4000000, 0x00000001c5000000, 0x00000001c5000000|100%| E|CS|TAMS 0x00000001c4000000, 0x00000001c4000000| Complete 
| 323|0x00000001c5000000, 0x00000001c6000000, 0x00000001c6000000|100%| E|CS|TAMS 0x00000001c5000000, 0x00000001c5000000| Complete 
| 324|0x00000001c6000000, 0x00000001c7000000, 0x00000001c7000000|100%| E|CS|TAMS 0x00000001c6000000, 0x00000001c6000000| Complete 
| 325|0x00000001c7000000, 0x00000001c8000000, 0x00000001c8000000|100%| E|CS|TAMS 0x00000001c7000000, 0x00000001c7000000| Complete 
| 326|0x00000001c8000000, 0x00000001c9000000, 0x00000001c9000000|100%| E|CS|TAMS 0x00000001c8000000, 0x00000001c8000000| Complete 
| 327|0x00000001c9000000, 0x00000001ca000000, 0x00000001ca000000|100%| E|CS|TAMS 0x00000001c9000000, 0x00000001c9000000| Complete 
| 328|0x00000001ca000000, 0x00000001cb000000, 0x00000001cb000000|100%| E|CS|TAMS 0x00000001ca000000, 0x00000001ca000000| Complete 
| 329|0x00000001cb000000, 0x00000001cc000000, 0x00000001cc000000|100%| E|CS|TAMS 0x00000001cb000000, 0x00000001cb000000| Complete 
| 330|0x00000001cc000000, 0x00000001cd000000, 0x00000001cd000000|100%| E|CS|TAMS 0x00000001cc000000, 0x00000001cc000000| Complete 
| 331|0x00000001cd000000, 0x00000001ce000000, 0x00000001ce000000|100%| E|CS|TAMS 0x00000001cd000000, 0x00000001cd000000| Complete 
| 332|0x00000001ce000000, 0x00000001cf000000, 0x00000001cf000000|100%| E|CS|TAMS 0x00000001ce000000, 0x00000001ce000000| Complete 
| 333|0x00000001cf000000, 0x00000001d0000000, 0x00000001d0000000|100%| E|CS|TAMS 0x00000001cf000000, 0x00000001cf000000| Complete 
| 334|0x00000001d0000000, 0x00000001d1000000, 0x00000001d1000000|100%| E|CS|TAMS 0x00000001d0000000, 0x00000001d0000000| Complete 
| 335|0x00000001d1000000, 0x00000001d2000000, 0x00000001d2000000|100%| E|CS|TAMS 0x00000001d1000000, 0x00000001d1000000| Complete 
| 336|0x00000001d2000000, 0x00000001d3000000, 0x00000001d3000000|100%| E|CS|TAMS 0x00000001d2000000, 0x00000001d2000000| Complete 
| 337|0x00000001d3000000, 0x00000001d4000000, 0x00000001d4000000|100%| E|CS|TAMS 0x00000001d3000000, 0x00000001d3000000| Complete 
| 338|0x00000001d4000000, 0x00000001d5000000, 0x00000001d5000000|100%| E|CS|TAMS 0x00000001d4000000, 0x00000001d4000000| Complete 
| 339|0x00000001d5000000, 0x00000001d6000000, 0x00000001d6000000|100%| E|CS|TAMS 0x00000001d5000000, 0x00000001d5000000| Complete 
| 340|0x00000001d6000000, 0x00000001d7000000, 0x00000001d7000000|100%| E|CS|TAMS 0x00000001d6000000, 0x00000001d6000000| Complete 
| 341|0x00000001d7000000, 0x00000001d8000000, 0x00000001d8000000|100%| E|CS|TAMS 0x00000001d7000000, 0x00000001d7000000| Complete 
| 342|0x00000001d8000000, 0x00000001d9000000, 0x00000001d9000000|100%| E|CS|TAMS 0x00000001d8000000, 0x00000001d8000000| Complete 
| 343|0x00000001d9000000, 0x00000001da000000, 0x00000001da000000|100%| E|CS|TAMS 0x00000001d9000000, 0x00000001d9000000| Complete 
| 344|0x00000001da000000, 0x00000001db000000, 0x00000001db000000|100%| E|CS|TAMS 0x00000001da000000, 0x00000001da000000| Complete 
| 345|0x00000001db000000, 0x00000001dc000000, 0x00000001dc000000|100%| E|CS|TAMS 0x00000001db000000, 0x00000001db000000| Complete 
| 346|0x00000001dc000000, 0x00000001dd000000, 0x00000001dd000000|100%| E|CS|TAMS 0x00000001dc000000, 0x00000001dc000000| Complete 
| 347|0x00000001dd000000, 0x00000001de000000, 0x00000001de000000|100%| E|CS|TAMS 0x00000001dd000000, 0x00000001dd000000| Complete 
| 348|0x00000001de000000, 0x00000001df000000, 0x00000001df000000|100%| E|CS|TAMS 0x00000001de000000, 0x00000001de000000| Complete 
| 349|0x00000001df000000, 0x00000001e0000000, 0x00000001e0000000|100%| E|CS|TAMS 0x00000001df000000, 0x00000001df000000| Complete 
| 350|0x00000001e0000000, 0x00000001e1000000, 0x00000001e1000000|100%| E|CS|TAMS 0x00000001e0000000, 0x00000001e0000000| Complete 
| 351|0x00000001e1000000, 0x00000001e2000000, 0x00000001e2000000|100%| E|CS|TAMS 0x00000001e1000000, 0x00000001e1000000| Complete 
| 352|0x00000001e2000000, 0x00000001e3000000, 0x00000001e3000000|100%| E|CS|TAMS 0x00000001e2000000, 0x00000001e2000000| Complete 
| 353|0x00000001e3000000, 0x00000001e4000000, 0x00000001e4000000|100%| E|CS|TAMS 0x00000001e3000000, 0x00000001e3000000| Complete 
| 354|0x00000001e4000000, 0x00000001e5000000, 0x00000001e5000000|100%| E|CS|TAMS 0x00000001e4000000, 0x00000001e4000000| Complete 
| 355|0x00000001e5000000, 0x00000001e6000000, 0x00000001e6000000|100%| E|CS|TAMS 0x00000001e5000000, 0x00000001e5000000| Complete 
| 356|0x00000001e6000000, 0x00000001e7000000, 0x00000001e7000000|100%| E|CS|TAMS 0x00000001e6000000, 0x00000001e6000000| Complete 
| 357|0x00000001e7000000, 0x00000001e8000000, 0x00000001e8000000|100%| E|CS|TAMS 0x00000001e7000000, 0x00000001e7000000| Complete 
| 358|0x00000001e8000000, 0x00000001e9000000, 0x00000001e9000000|100%| E|CS|TAMS 0x00000001e8000000, 0x00000001e8000000| Complete 
| 359|0x00000001e9000000, 0x00000001ea000000, 0x00000001ea000000|100%| E|CS|TAMS 0x00000001e9000000, 0x00000001e9000000| Complete 
| 360|0x00000001ea000000, 0x00000001eb000000, 0x00000001eb000000|100%| E|CS|TAMS 0x00000001ea000000, 0x00000001ea000000| Complete 
| 361|0x00000001eb000000, 0x00000001ec000000, 0x00000001ec000000|100%| E|CS|TAMS 0x00000001eb000000, 0x00000001eb000000| Complete 
| 362|0x00000001ec000000, 0x00000001ed000000, 0x00000001ed000000|100%| E|CS|TAMS 0x00000001ec000000, 0x00000001ec000000| Complete 
| 363|0x00000001ed000000, 0x00000001ee000000, 0x00000001ee000000|100%| E|CS|TAMS 0x00000001ed000000, 0x00000001ed000000| Complete 
| 364|0x00000001ee000000, 0x00000001ef000000, 0x00000001ef000000|100%| E|CS|TAMS 0x00000001ee000000, 0x00000001ee000000| Complete 
| 365|0x00000001ef000000, 0x00000001f0000000, 0x00000001f0000000|100%| E|CS|TAMS 0x00000001ef000000, 0x00000001ef000000| Complete 
| 366|0x00000001f0000000, 0x00000001f1000000, 0x00000001f1000000|100%| E|CS|TAMS 0x00000001f0000000, 0x00000001f0000000| Complete 
| 367|0x00000001f1000000, 0x00000001f2000000, 0x00000001f2000000|100%| E|CS|TAMS 0x00000001f1000000, 0x00000001f1000000| Complete 
| 368|0x00000001f2000000, 0x00000001f3000000, 0x00000001f3000000|100%| E|CS|TAMS 0x00000001f2000000, 0x00000001f2000000| Complete 
| 369|0x00000001f3000000, 0x00000001f4000000, 0x00000001f4000000|100%| E|CS|TAMS 0x00000001f3000000, 0x00000001f3000000| Complete 
| 370|0x00000001f4000000, 0x00000001f5000000, 0x00000001f5000000|100%| E|CS|TAMS 0x00000001f4000000, 0x00000001f4000000| Complete 
| 371|0x00000001f5000000, 0x00000001f6000000, 0x00000001f6000000|100%| E|CS|TAMS 0x00000001f5000000, 0x00000001f5000000| Complete 
| 372|0x00000001f6000000, 0x00000001f7000000, 0x00000001f7000000|100%| E|CS|TAMS 0x00000001f6000000, 0x00000001f6000000| Complete 
| 373|0x00000001f7000000, 0x00000001f8000000, 0x00000001f8000000|100%| E|CS|TAMS 0x00000001f7000000, 0x00000001f7000000| Complete 
| 374|0x00000001f8000000, 0x00000001f9000000, 0x00000001f9000000|100%| E|CS|TAMS 0x00000001f8000000, 0x00000001f8000000| Complete 
| 375|0x00000001f9000000, 0x00000001fa000000, 0x00000001fa000000|100%| E|CS|TAMS 0x00000001f9000000, 0x00000001f9000000| Complete 
| 376|0x00000001fa000000, 0x00000001fb000000, 0x00000001fb000000|100%| E|CS|TAMS 0x00000001fa000000, 0x00000001fa000000| Complete 
| 377|0x00000001fb000000, 0x00000001fc000000, 0x00000001fc000000|100%| E|CS|TAMS 0x00000001fb000000, 0x00000001fb000000| Complete 
| 378|0x00000001fc000000, 0x00000001fd000000, 0x00000001fd000000|100%| E|CS|TAMS 0x00000001fc000000, 0x00000001fc000000| Complete 
| 379|0x00000001fd000000, 0x00000001fe000000, 0x00000001fe000000|100%| E|CS|TAMS 0x00000001fd000000, 0x00000001fd000000| Complete 
| 380|0x00000001fe000000, 0x00000001ff000000, 0x00000001ff000000|100%| E|CS|TAMS 0x00000001fe000000, 0x00000001fe000000| Complete 
| 381|0x00000001ff000000, 0x0000000200000000, 0x0000000200000000|100%| E|CS|TAMS 0x00000001ff000000, 0x00000001ff000000| Complete 
| 382|0x0000000200000000, 0x0000000201000000, 0x0000000201000000|100%| E|CS|TAMS 0x0000000200000000, 0x0000000200000000| Complete 
| 383|0x0000000201000000, 0x0000000202000000, 0x0000000202000000|100%| E|CS|TAMS 0x0000000201000000, 0x0000000201000000| Complete 
| 384|0x0000000202000000, 0x0000000203000000, 0x0000000203000000|100%| E|CS|TAMS 0x0000000202000000, 0x0000000202000000| Complete 
| 385|0x0000000203000000, 0x0000000204000000, 0x0000000204000000|100%| E|CS|TAMS 0x0000000203000000, 0x0000000203000000| Complete 
| 386|0x0000000204000000, 0x0000000205000000, 0x0000000205000000|100%| E|CS|TAMS 0x0000000204000000, 0x0000000204000000| Complete 
| 387|0x0000000205000000, 0x0000000206000000, 0x0000000206000000|100%| E|CS|TAMS 0x0000000205000000, 0x0000000205000000| Complete 
| 388|0x0000000206000000, 0x0000000207000000, 0x0000000207000000|100%| E|CS|TAMS 0x0000000206000000, 0x0000000206000000| Complete 
| 389|0x0000000207000000, 0x0000000208000000, 0x0000000208000000|100%| E|CS|TAMS 0x0000000207000000, 0x0000000207000000| Complete 
| 390|0x0000000208000000, 0x0000000209000000, 0x0000000209000000|100%| E|CS|TAMS 0x0000000208000000, 0x0000000208000000| Complete 
| 391|0x0000000209000000, 0x000000020a000000, 0x000000020a000000|100%| E|CS|TAMS 0x0000000209000000, 0x0000000209000000| Complete 
| 392|0x000000020a000000, 0x000000020b000000, 0x000000020b000000|100%| E|CS|TAMS 0x000000020a000000, 0x000000020a000000| Complete 
| 393|0x000000020b000000, 0x000000020c000000, 0x000000020c000000|100%| E|CS|TAMS 0x000000020b000000, 0x000000020b000000| Complete 
| 394|0x000000020c000000, 0x000000020d000000, 0x000000020d000000|100%| E|CS|TAMS 0x000000020c000000, 0x000000020c000000| Complete 
| 395|0x000000020d000000, 0x000000020e000000, 0x000000020e000000|100%| E|CS|TAMS 0x000000020d000000, 0x000000020d000000| Complete 
| 396|0x000000020e000000, 0x000000020f000000, 0x000000020f000000|100%| E|CS|TAMS 0x000000020e000000, 0x000000020e000000| Complete 
| 397|0x000000020f000000, 0x0000000210000000, 0x0000000210000000|100%| E|CS|TAMS 0x000000020f000000, 0x000000020f000000| Complete 
| 398|0x0000000210000000, 0x0000000211000000, 0x0000000211000000|100%| E|CS|TAMS 0x0000000210000000, 0x0000000210000000| Complete 
| 399|0x0000000211000000, 0x0000000212000000, 0x0000000212000000|100%| E|CS|TAMS 0x0000000211000000, 0x0000000211000000| Complete 
| 400|0x0000000212000000, 0x0000000213000000, 0x0000000213000000|100%| E|CS|TAMS 0x0000000212000000, 0x0000000212000000| Complete 
| 401|0x0000000213000000, 0x0000000214000000, 0x0000000214000000|100%| E|CS|TAMS 0x0000000213000000, 0x0000000213000000| Complete 
| 402|0x0000000214000000, 0x0000000215000000, 0x0000000215000000|100%| E|CS|TAMS 0x0000000214000000, 0x0000000214000000| Complete 
| 403|0x0000000215000000, 0x0000000216000000, 0x0000000216000000|100%| E|CS|TAMS 0x0000000215000000, 0x0000000215000000| Complete 
| 404|0x0000000216000000, 0x0000000217000000, 0x0000000217000000|100%| E|CS|TAMS 0x0000000216000000, 0x0000000216000000| Complete 
| 405|0x0000000217000000, 0x0000000218000000, 0x0000000218000000|100%| E|CS|TAMS 0x0000000217000000, 0x0000000217000000| Complete 
| 406|0x0000000218000000, 0x0000000219000000, 0x0000000219000000|100%| E|CS|TAMS 0x0000000218000000, 0x0000000218000000| Complete 
| 407|0x0000000219000000, 0x000000021a000000, 0x000000021a000000|100%| E|CS|TAMS 0x0000000219000000, 0x0000000219000000| Complete 
| 408|0x000000021a000000, 0x000000021b000000, 0x000000021b000000|100%| E|CS|TAMS 0x000000021a000000, 0x000000021a000000| Complete 
| 409|0x000000021b000000, 0x000000021c000000, 0x000000021c000000|100%| E|CS|TAMS 0x000000021b000000, 0x000000021b000000| Complete 
| 410|0x000000021c000000, 0x000000021d000000, 0x000000021d000000|100%| E|CS|TAMS 0x000000021c000000, 0x000000021c000000| Complete 
| 411|0x000000021d000000, 0x000000021e000000, 0x000000021e000000|100%| E|CS|TAMS 0x000000021d000000, 0x000000021d000000| Complete 
| 412|0x000000021e000000, 0x000000021f000000, 0x000000021f000000|100%| E|CS|TAMS 0x000000021e000000, 0x000000021e000000| Complete 
| 413|0x000000021f000000, 0x0000000220000000, 0x0000000220000000|100%| E|CS|TAMS 0x000000021f000000, 0x000000021f000000| Complete 
| 414|0x0000000220000000, 0x0000000221000000, 0x0000000221000000|100%| E|CS|TAMS 0x0000000220000000, 0x0000000220000000| Complete 
| 415|0x0000000221000000, 0x0000000222000000, 0x0000000222000000|100%| E|CS|TAMS 0x0000000221000000, 0x0000000221000000| Complete 
| 416|0x0000000222000000, 0x0000000223000000, 0x0000000223000000|100%| E|CS|TAMS 0x0000000222000000, 0x0000000222000000| Complete 
| 417|0x0000000223000000, 0x0000000224000000, 0x0000000224000000|100%| E|CS|TAMS 0x0000000223000000, 0x0000000223000000| Complete 
| 418|0x0000000224000000, 0x0000000225000000, 0x0000000225000000|100%| E|CS|TAMS 0x0000000224000000, 0x0000000224000000| Complete 
| 419|0x0000000225000000, 0x0000000226000000, 0x0000000226000000|100%| E|CS|TAMS 0x0000000225000000, 0x0000000225000000| Complete 
| 420|0x0000000226000000, 0x0000000227000000, 0x0000000227000000|100%| E|CS|TAMS 0x0000000226000000, 0x0000000226000000| Complete 
| 421|0x0000000227000000, 0x0000000228000000, 0x0000000228000000|100%| E|CS|TAMS 0x0000000227000000, 0x0000000227000000| Complete 
| 422|0x0000000228000000, 0x0000000229000000, 0x0000000229000000|100%| E|CS|TAMS 0x0000000228000000, 0x0000000228000000| Complete 
| 423|0x0000000229000000, 0x000000022a000000, 0x000000022a000000|100%| E|CS|TAMS 0x0000000229000000, 0x0000000229000000| Complete 
| 424|0x000000022a000000, 0x000000022b000000, 0x000000022b000000|100%| E|CS|TAMS 0x000000022a000000, 0x000000022a000000| Complete 
| 425|0x000000022b000000, 0x000000022c000000, 0x000000022c000000|100%| E|CS|TAMS 0x000000022b000000, 0x000000022b000000| Complete 
| 426|0x000000022c000000, 0x000000022d000000, 0x000000022d000000|100%| E|CS|TAMS 0x000000022c000000, 0x000000022c000000| Complete 
| 427|0x000000022d000000, 0x000000022e000000, 0x000000022e000000|100%| E|CS|TAMS 0x000000022d000000, 0x000000022d000000| Complete 
| 428|0x000000022e000000, 0x000000022f000000, 0x000000022f000000|100%| E|CS|TAMS 0x000000022e000000, 0x000000022e000000| Complete 
| 429|0x000000022f000000, 0x0000000230000000, 0x0000000230000000|100%| E|CS|TAMS 0x000000022f000000, 0x000000022f000000| Complete 
| 430|0x0000000230000000, 0x0000000231000000, 0x0000000231000000|100%| E|CS|TAMS 0x0000000230000000, 0x0000000230000000| Complete 
| 431|0x0000000231000000, 0x0000000232000000, 0x0000000232000000|100%| E|CS|TAMS 0x0000000231000000, 0x0000000231000000| Complete 
| 432|0x0000000232000000, 0x0000000233000000, 0x0000000233000000|100%| E|CS|TAMS 0x0000000232000000, 0x0000000232000000| Complete 
| 433|0x0000000233000000, 0x0000000234000000, 0x0000000234000000|100%| E|CS|TAMS 0x0000000233000000, 0x0000000233000000| Complete 
| 434|0x0000000234000000, 0x0000000235000000, 0x0000000235000000|100%| E|CS|TAMS 0x0000000234000000, 0x0000000234000000| Complete 
| 435|0x0000000235000000, 0x0000000236000000, 0x0000000236000000|100%| E|CS|TAMS 0x0000000235000000, 0x0000000235000000| Complete 
| 436|0x0000000236000000, 0x0000000237000000, 0x0000000237000000|100%| E|CS|TAMS 0x0000000236000000, 0x0000000236000000| Complete 
| 437|0x0000000237000000, 0x0000000238000000, 0x0000000238000000|100%| E|CS|TAMS 0x0000000237000000, 0x0000000237000000| Complete 
| 438|0x0000000238000000, 0x0000000239000000, 0x0000000239000000|100%| E|CS|TAMS 0x0000000238000000, 0x0000000238000000| Complete 
| 439|0x0000000239000000, 0x000000023a000000, 0x000000023a000000|100%| E|CS|TAMS 0x0000000239000000, 0x0000000239000000| Complete 
| 440|0x000000023a000000, 0x000000023b000000, 0x000000023b000000|100%| E|CS|TAMS 0x000000023a000000, 0x000000023a000000| Complete 
| 441|0x000000023b000000, 0x000000023c000000, 0x000000023c000000|100%| E|CS|TAMS 0x000000023b000000, 0x000000023b000000| Complete 
| 442|0x000000023c000000, 0x000000023d000000, 0x000000023d000000|100%| E|CS|TAMS 0x000000023c000000, 0x000000023c000000| Complete 
| 443|0x000000023d000000, 0x000000023e000000, 0x000000023e000000|100%| E|CS|TAMS 0x000000023d000000, 0x000000023d000000| Complete 
| 444|0x000000023e000000, 0x000000023f000000, 0x000000023f000000|100%| E|CS|TAMS 0x000000023e000000, 0x000000023e000000| Complete 
| 445|0x000000023f000000, 0x0000000240000000, 0x0000000240000000|100%| E|CS|TAMS 0x000000023f000000, 0x000000023f000000| Complete 
| 446|0x0000000240000000, 0x0000000241000000, 0x0000000241000000|100%| E|CS|TAMS 0x0000000240000000, 0x0000000240000000| Complete 
| 447|0x0000000241000000, 0x0000000242000000, 0x0000000242000000|100%| E|CS|TAMS 0x0000000241000000, 0x0000000241000000| Complete 
| 448|0x0000000242000000, 0x0000000243000000, 0x0000000243000000|100%| E|CS|TAMS 0x0000000242000000, 0x0000000242000000| Complete 
| 449|0x0000000243000000, 0x0000000244000000, 0x0000000244000000|100%| E|CS|TAMS 0x0000000243000000, 0x0000000243000000| Complete 
| 450|0x0000000244000000, 0x0000000245000000, 0x0000000245000000|100%| E|CS|TAMS 0x0000000244000000, 0x0000000244000000| Complete 
| 451|0x0000000245000000, 0x0000000246000000, 0x0000000246000000|100%| E|CS|TAMS 0x0000000245000000, 0x0000000245000000| Complete 
| 452|0x0000000246000000, 0x0000000247000000, 0x0000000247000000|100%| E|CS|TAMS 0x0000000246000000, 0x0000000246000000| Complete 
| 453|0x0000000247000000, 0x0000000248000000, 0x0000000248000000|100%| E|CS|TAMS 0x0000000247000000, 0x0000000247000000| Complete 
| 454|0x0000000248000000, 0x0000000249000000, 0x0000000249000000|100%| E|CS|TAMS 0x0000000248000000, 0x0000000248000000| Complete 
| 455|0x0000000249000000, 0x000000024a000000, 0x000000024a000000|100%| E|CS|TAMS 0x0000000249000000, 0x0000000249000000| Complete 
| 456|0x000000024a000000, 0x000000024b000000, 0x000000024b000000|100%| E|CS|TAMS 0x000000024a000000, 0x000000024a000000| Complete 
| 457|0x000000024b000000, 0x000000024c000000, 0x000000024c000000|100%| E|CS|TAMS 0x000000024b000000, 0x000000024b000000| Complete 
| 458|0x000000024c000000, 0x000000024d000000, 0x000000024d000000|100%| E|CS|TAMS 0x000000024c000000, 0x000000024c000000| Complete 
| 459|0x000000024d000000, 0x000000024e000000, 0x000000024e000000|100%| E|CS|TAMS 0x000000024d000000, 0x000000024d000000| Complete 
| 460|0x000000024e000000, 0x000000024f000000, 0x000000024f000000|100%| E|CS|TAMS 0x000000024e000000, 0x000000024e000000| Complete 
| 461|0x000000024f000000, 0x0000000250000000, 0x0000000250000000|100%| E|CS|TAMS 0x000000024f000000, 0x000000024f000000| Complete 
| 462|0x0000000250000000, 0x0000000251000000, 0x0000000251000000|100%| E|CS|TAMS 0x0000000250000000, 0x0000000250000000| Complete 
| 463|0x0000000251000000, 0x0000000252000000, 0x0000000252000000|100%| E|CS|TAMS 0x0000000251000000, 0x0000000251000000| Complete 
| 464|0x0000000252000000, 0x0000000253000000, 0x0000000253000000|100%| E|CS|TAMS 0x0000000252000000, 0x0000000252000000| Complete 
| 465|0x0000000253000000, 0x0000000254000000, 0x0000000254000000|100%| E|CS|TAMS 0x0000000253000000, 0x0000000253000000| Complete 
| 466|0x0000000254000000, 0x0000000255000000, 0x0000000255000000|100%| E|CS|TAMS 0x0000000254000000, 0x0000000254000000| Complete 
| 467|0x0000000255000000, 0x0000000256000000, 0x0000000256000000|100%| E|CS|TAMS 0x0000000255000000, 0x0000000255000000| Complete 
| 468|0x0000000256000000, 0x0000000257000000, 0x0000000257000000|100%| E|CS|TAMS 0x0000000256000000, 0x0000000256000000| Complete 
| 469|0x0000000257000000, 0x0000000258000000, 0x0000000258000000|100%| E|CS|TAMS 0x0000000257000000, 0x0000000257000000| Complete 
| 470|0x0000000258000000, 0x0000000259000000, 0x0000000259000000|100%| E|CS|TAMS 0x0000000258000000, 0x0000000258000000| Complete 
| 471|0x0000000259000000, 0x000000025a000000, 0x000000025a000000|100%| E|CS|TAMS 0x0000000259000000, 0x0000000259000000| Complete 
| 472|0x000000025a000000, 0x000000025b000000, 0x000000025b000000|100%| E|CS|TAMS 0x000000025a000000, 0x000000025a000000| Complete 
| 473|0x000000025b000000, 0x000000025c000000, 0x000000025c000000|100%| E|CS|TAMS 0x000000025b000000, 0x000000025b000000| Complete 
| 474|0x000000025c000000, 0x000000025d000000, 0x000000025d000000|100%| E|CS|TAMS 0x000000025c000000, 0x000000025c000000| Complete 
| 475|0x000000025d000000, 0x000000025e000000, 0x000000025e000000|100%| E|CS|TAMS 0x000000025d000000, 0x000000025d000000| Complete 
| 476|0x000000025e000000, 0x000000025f000000, 0x000000025f000000|100%| E|CS|TAMS 0x000000025e000000, 0x000000025e000000| Complete 
| 477|0x000000025f000000, 0x0000000260000000, 0x0000000260000000|100%| E|CS|TAMS 0x000000025f000000, 0x000000025f000000| Complete 
| 478|0x0000000260000000, 0x0000000261000000, 0x0000000261000000|100%| E|CS|TAMS 0x0000000260000000, 0x0000000260000000| Complete 
| 479|0x0000000261000000, 0x0000000262000000, 0x0000000262000000|100%| E|CS|TAMS 0x0000000261000000, 0x0000000261000000| Complete 
| 480|0x0000000262000000, 0x0000000263000000, 0x0000000263000000|100%| E|CS|TAMS 0x0000000262000000, 0x0000000262000000| Complete 
| 481|0x0000000263000000, 0x0000000264000000, 0x0000000264000000|100%| E|CS|TAMS 0x0000000263000000, 0x0000000263000000| Complete 
| 482|0x0000000264000000, 0x0000000265000000, 0x0000000265000000|100%| E|CS|TAMS 0x0000000264000000, 0x0000000264000000| Complete 
| 483|0x0000000265000000, 0x0000000266000000, 0x0000000266000000|100%| E|CS|TAMS 0x0000000265000000, 0x0000000265000000| Complete 
| 484|0x0000000266000000, 0x0000000267000000, 0x0000000267000000|100%| E|CS|TAMS 0x0000000266000000, 0x0000000266000000| Complete 
| 485|0x0000000267000000, 0x0000000268000000, 0x0000000268000000|100%| E|CS|TAMS 0x0000000267000000, 0x0000000267000000| Complete 
| 486|0x0000000268000000, 0x0000000269000000, 0x0000000269000000|100%| E|CS|TAMS 0x0000000268000000, 0x0000000268000000| Complete 
| 487|0x0000000269000000, 0x000000026a000000, 0x000000026a000000|100%| E|CS|TAMS 0x0000000269000000, 0x0000000269000000| Complete 
| 488|0x000000026a000000, 0x000000026b000000, 0x000000026b000000|100%| E|CS|TAMS 0x000000026a000000, 0x000000026a000000| Complete 
| 489|0x000000026b000000, 0x000000026c000000, 0x000000026c000000|100%| E|CS|TAMS 0x000000026b000000, 0x000000026b000000| Complete 
| 490|0x000000026c000000, 0x000000026d000000, 0x000000026d000000|100%| E|CS|TAMS 0x000000026c000000, 0x000000026c000000| Complete 
| 491|0x000000026d000000, 0x000000026e000000, 0x000000026e000000|100%| E|CS|TAMS 0x000000026d000000, 0x000000026d000000| Complete 
| 492|0x000000026e000000, 0x000000026f000000, 0x000000026f000000|100%| E|CS|TAMS 0x000000026e000000, 0x000000026e000000| Complete 
| 493|0x000000026f000000, 0x0000000270000000, 0x0000000270000000|100%| E|CS|TAMS 0x000000026f000000, 0x000000026f000000| Complete 
| 494|0x0000000270000000, 0x0000000271000000, 0x0000000271000000|100%| E|CS|TAMS 0x0000000270000000, 0x0000000270000000| Complete 
| 495|0x0000000271000000, 0x0000000272000000, 0x0000000272000000|100%| E|CS|TAMS 0x0000000271000000, 0x0000000271000000| Complete 
| 496|0x0000000272000000, 0x0000000273000000, 0x0000000273000000|100%| E|CS|TAMS 0x0000000272000000, 0x0000000272000000| Complete 
| 497|0x0000000273000000, 0x0000000274000000, 0x0000000274000000|100%| E|CS|TAMS 0x0000000273000000, 0x0000000273000000| Complete 
| 498|0x0000000274000000, 0x0000000275000000, 0x0000000275000000|100%| E|CS|TAMS 0x0000000274000000, 0x0000000274000000| Complete 
| 499|0x0000000275000000, 0x0000000276000000, 0x0000000276000000|100%| E|CS|TAMS 0x0000000275000000, 0x0000000275000000| Complete 
| 500|0x0000000276000000, 0x0000000277000000, 0x0000000277000000|100%| E|CS|TAMS 0x0000000276000000, 0x0000000276000000| Complete 
| 501|0x0000000277000000, 0x0000000278000000, 0x0000000278000000|100%| E|CS|TAMS 0x0000000277000000, 0x0000000277000000| Complete 
| 502|0x0000000278000000, 0x0000000279000000, 0x0000000279000000|100%| E|CS|TAMS 0x0000000278000000, 0x0000000278000000| Complete 
| 503|0x0000000279000000, 0x000000027a000000, 0x000000027a000000|100%| E|CS|TAMS 0x0000000279000000, 0x0000000279000000| Complete 
| 504|0x000000027a000000, 0x000000027b000000, 0x000000027b000000|100%| E|CS|TAMS 0x000000027a000000, 0x000000027a000000| Complete 
| 505|0x000000027b000000, 0x000000027c000000, 0x000000027c000000|100%| E|CS|TAMS 0x000000027b000000, 0x000000027b000000| Complete 
| 506|0x000000027c000000, 0x000000027d000000, 0x000000027d000000|100%| E|CS|TAMS 0x000000027c000000, 0x000000027c000000| Complete 
| 507|0x000000027d000000, 0x000000027e000000, 0x000000027e000000|100%| E|CS|TAMS 0x000000027d000000, 0x000000027d000000| Complete 
| 508|0x000000027e000000, 0x000000027f000000, 0x000000027f000000|100%| E|CS|TAMS 0x000000027e000000, 0x000000027e000000| Complete 
| 509|0x000000027f000000, 0x0000000280000000, 0x0000000280000000|100%| E|CS|TAMS 0x000000027f000000, 0x000000027f000000| Complete 
| 510|0x0000000280000000, 0x0000000281000000, 0x0000000281000000|100%| E|CS|TAMS 0x0000000280000000, 0x0000000280000000| Complete 
| 511|0x0000000281000000, 0x0000000282000000, 0x0000000282000000|100%| E|CS|TAMS 0x0000000281000000, 0x0000000281000000| Complete 
| 512|0x0000000282000000, 0x0000000283000000, 0x0000000283000000|100%| E|CS|TAMS 0x0000000282000000, 0x0000000282000000| Complete 
| 513|0x0000000283000000, 0x0000000284000000, 0x0000000284000000|100%| E|CS|TAMS 0x0000000283000000, 0x0000000283000000| Complete 
| 514|0x0000000284000000, 0x0000000285000000, 0x0000000285000000|100%| E|CS|TAMS 0x0000000284000000, 0x0000000284000000| Complete 
| 515|0x0000000285000000, 0x0000000286000000, 0x0000000286000000|100%| E|CS|TAMS 0x0000000285000000, 0x0000000285000000| Complete 
| 516|0x0000000286000000, 0x0000000287000000, 0x0000000287000000|100%| E|CS|TAMS 0x0000000286000000, 0x0000000286000000| Complete 
| 517|0x0000000287000000, 0x0000000288000000, 0x0000000288000000|100%| E|CS|TAMS 0x0000000287000000, 0x0000000287000000| Complete 
| 518|0x0000000288000000, 0x0000000289000000, 0x0000000289000000|100%| E|CS|TAMS 0x0000000288000000, 0x0000000288000000| Complete 
| 519|0x0000000289000000, 0x000000028a000000, 0x000000028a000000|100%| E|CS|TAMS 0x0000000289000000, 0x0000000289000000| Complete 
| 520|0x000000028a000000, 0x000000028b000000, 0x000000028b000000|100%| E|CS|TAMS 0x000000028a000000, 0x000000028a000000| Complete 
| 521|0x000000028b000000, 0x000000028c000000, 0x000000028c000000|100%| E|CS|TAMS 0x000000028b000000, 0x000000028b000000| Complete 
| 522|0x000000028c000000, 0x000000028d000000, 0x000000028d000000|100%| E|CS|TAMS 0x000000028c000000, 0x000000028c000000| Complete 
| 523|0x000000028d000000, 0x000000028e000000, 0x000000028e000000|100%| E|CS|TAMS 0x000000028d000000, 0x000000028d000000| Complete 
| 524|0x000000028e000000, 0x000000028f000000, 0x000000028f000000|100%| E|CS|TAMS 0x000000028e000000, 0x000000028e000000| Complete 
| 525|0x000000028f000000, 0x0000000290000000, 0x0000000290000000|100%| E|CS|TAMS 0x000000028f000000, 0x000000028f000000| Complete 
| 526|0x0000000290000000, 0x0000000291000000, 0x0000000291000000|100%| E|CS|TAMS 0x0000000290000000, 0x0000000290000000| Complete 
| 527|0x0000000291000000, 0x0000000292000000, 0x0000000292000000|100%| E|CS|TAMS 0x0000000291000000, 0x0000000291000000| Complete 
| 528|0x0000000292000000, 0x0000000293000000, 0x0000000293000000|100%| E|CS|TAMS 0x0000000292000000, 0x0000000292000000| Complete 
| 529|0x0000000293000000, 0x0000000294000000, 0x0000000294000000|100%| E|CS|TAMS 0x0000000293000000, 0x0000000293000000| Complete 
| 530|0x0000000294000000, 0x0000000295000000, 0x0000000295000000|100%| E|CS|TAMS 0x0000000294000000, 0x0000000294000000| Complete 
| 531|0x0000000295000000, 0x0000000296000000, 0x0000000296000000|100%| E|CS|TAMS 0x0000000295000000, 0x0000000295000000| Complete 
| 532|0x0000000296000000, 0x0000000297000000, 0x0000000297000000|100%| E|CS|TAMS 0x0000000296000000, 0x0000000296000000| Complete 
| 533|0x0000000297000000, 0x0000000298000000, 0x0000000298000000|100%| E|CS|TAMS 0x0000000297000000, 0x0000000297000000| Complete 
| 534|0x0000000298000000, 0x0000000299000000, 0x0000000299000000|100%| E|CS|TAMS 0x0000000298000000, 0x0000000298000000| Complete 
| 535|0x0000000299000000, 0x000000029a000000, 0x000000029a000000|100%| E|CS|TAMS 0x0000000299000000, 0x0000000299000000| Complete 
| 536|0x000000029a000000, 0x000000029b000000, 0x000000029b000000|100%| E|CS|TAMS 0x000000029a000000, 0x000000029a000000| Complete 
| 537|0x000000029b000000, 0x000000029c000000, 0x000000029c000000|100%| E|CS|TAMS 0x000000029b000000, 0x000000029b000000| Complete 
| 538|0x000000029c000000, 0x000000029d000000, 0x000000029d000000|100%| E|CS|TAMS 0x000000029c000000, 0x000000029c000000| Complete 
| 539|0x000000029d000000, 0x000000029e000000, 0x000000029e000000|100%| E|CS|TAMS 0x000000029d000000, 0x000000029d000000| Complete 
| 540|0x000000029e000000, 0x000000029f000000, 0x000000029f000000|100%| E|CS|TAMS 0x000000029e000000, 0x000000029e000000| Complete 
| 541|0x000000029f000000, 0x00000002a0000000, 0x00000002a0000000|100%| E|CS|TAMS 0x000000029f000000, 0x000000029f000000| Complete 
| 542|0x00000002a0000000, 0x00000002a1000000, 0x00000002a1000000|100%| E|CS|TAMS 0x00000002a0000000, 0x00000002a0000000| Complete 
| 543|0x00000002a1000000, 0x00000002a2000000, 0x00000002a2000000|100%| E|CS|TAMS 0x00000002a1000000, 0x00000002a1000000| Complete 
| 544|0x00000002a2000000, 0x00000002a3000000, 0x00000002a3000000|100%| E|CS|TAMS 0x00000002a2000000, 0x00000002a2000000| Complete 
| 545|0x00000002a3000000, 0x00000002a4000000, 0x00000002a4000000|100%| E|CS|TAMS 0x00000002a3000000, 0x00000002a3000000| Complete 
| 546|0x00000002a4000000, 0x00000002a5000000, 0x00000002a5000000|100%| E|CS|TAMS 0x00000002a4000000, 0x00000002a4000000| Complete 
| 547|0x00000002a5000000, 0x00000002a6000000, 0x00000002a6000000|100%| E|CS|TAMS 0x00000002a5000000, 0x00000002a5000000| Complete 
| 548|0x00000002a6000000, 0x00000002a7000000, 0x00000002a7000000|100%| E|CS|TAMS 0x00000002a6000000, 0x00000002a6000000| Complete 
| 549|0x00000002a7000000, 0x00000002a8000000, 0x00000002a8000000|100%| E|CS|TAMS 0x00000002a7000000, 0x00000002a7000000| Complete 
| 550|0x00000002a8000000, 0x00000002a9000000, 0x00000002a9000000|100%| E|CS|TAMS 0x00000002a8000000, 0x00000002a8000000| Complete 
| 551|0x00000002a9000000, 0x00000002aa000000, 0x00000002aa000000|100%| E|CS|TAMS 0x00000002a9000000, 0x00000002a9000000| Complete 
| 552|0x00000002aa000000, 0x00000002ab000000, 0x00000002ab000000|100%| E|CS|TAMS 0x00000002aa000000, 0x00000002aa000000| Complete 
| 553|0x00000002ab000000, 0x00000002ac000000, 0x00000002ac000000|100%| E|CS|TAMS 0x00000002ab000000, 0x00000002ab000000| Complete 
| 554|0x00000002ac000000, 0x00000002ad000000, 0x00000002ad000000|100%| E|CS|TAMS 0x00000002ac000000, 0x00000002ac000000| Complete 
| 555|0x00000002ad000000, 0x00000002ae000000, 0x00000002ae000000|100%| E|CS|TAMS 0x00000002ad000000, 0x00000002ad000000| Complete 
| 556|0x00000002ae000000, 0x00000002af000000, 0x00000002af000000|100%| E|CS|TAMS 0x00000002ae000000, 0x00000002ae000000| Complete 
| 557|0x00000002af000000, 0x00000002b0000000, 0x00000002b0000000|100%| E|CS|TAMS 0x00000002af000000, 0x00000002af000000| Complete 
| 558|0x00000002b0000000, 0x00000002b1000000, 0x00000002b1000000|100%| E|CS|TAMS 0x00000002b0000000, 0x00000002b0000000| Complete 
| 559|0x00000002b1000000, 0x00000002b2000000, 0x00000002b2000000|100%| E|CS|TAMS 0x00000002b1000000, 0x00000002b1000000| Complete 
| 560|0x00000002b2000000, 0x00000002b3000000, 0x00000002b3000000|100%| E|CS|TAMS 0x00000002b2000000, 0x00000002b2000000| Complete 
| 561|0x00000002b3000000, 0x00000002b4000000, 0x00000002b4000000|100%| E|CS|TAMS 0x00000002b3000000, 0x00000002b3000000| Complete 
| 562|0x00000002b4000000, 0x00000002b5000000, 0x00000002b5000000|100%| E|CS|TAMS 0x00000002b4000000, 0x00000002b4000000| Complete 
| 563|0x00000002b5000000, 0x00000002b6000000, 0x00000002b6000000|100%| E|CS|TAMS 0x00000002b5000000, 0x00000002b5000000| Complete 
| 564|0x00000002b6000000, 0x00000002b7000000, 0x00000002b7000000|100%| E|CS|TAMS 0x00000002b6000000, 0x00000002b6000000| Complete 
| 565|0x00000002b7000000, 0x00000002b8000000, 0x00000002b8000000|100%| E|CS|TAMS 0x00000002b7000000, 0x00000002b7000000| Complete 
| 566|0x00000002b8000000, 0x00000002b9000000, 0x00000002b9000000|100%| E|CS|TAMS 0x00000002b8000000, 0x00000002b8000000| Complete 
| 567|0x00000002b9000000, 0x00000002ba000000, 0x00000002ba000000|100%| E|CS|TAMS 0x00000002b9000000, 0x00000002b9000000| Complete 
| 568|0x00000002ba000000, 0x00000002bb000000, 0x00000002bb000000|100%| E|CS|TAMS 0x00000002ba000000, 0x00000002ba000000| Complete 
| 569|0x00000002bb000000, 0x00000002bc000000, 0x00000002bc000000|100%| E|CS|TAMS 0x00000002bb000000, 0x00000002bb000000| Complete 
| 570|0x00000002bc000000, 0x00000002bd000000, 0x00000002bd000000|100%| E|CS|TAMS 0x00000002bc000000, 0x00000002bc000000| Complete 
| 571|0x00000002bd000000, 0x00000002be000000, 0x00000002be000000|100%| E|CS|TAMS 0x00000002bd000000, 0x00000002bd000000| Complete 
| 572|0x00000002be000000, 0x00000002bf000000, 0x00000002bf000000|100%| E|CS|TAMS 0x00000002be000000, 0x00000002be000000| Complete 
| 573|0x00000002bf000000, 0x00000002c0000000, 0x00000002c0000000|100%| E|CS|TAMS 0x00000002bf000000, 0x00000002bf000000| Complete 
| 574|0x00000002c0000000, 0x00000002c1000000, 0x00000002c1000000|100%| E|CS|TAMS 0x00000002c0000000, 0x00000002c0000000| Complete 
| 575|0x00000002c1000000, 0x00000002c2000000, 0x00000002c2000000|100%| E|CS|TAMS 0x00000002c1000000, 0x00000002c1000000| Complete 
| 576|0x00000002c2000000, 0x00000002c3000000, 0x00000002c3000000|100%| E|CS|TAMS 0x00000002c2000000, 0x00000002c2000000| Complete 
| 577|0x00000002c3000000, 0x00000002c4000000, 0x00000002c4000000|100%| E|CS|TAMS 0x00000002c3000000, 0x00000002c3000000| Complete 
| 578|0x00000002c4000000, 0x00000002c5000000, 0x00000002c5000000|100%| E|CS|TAMS 0x00000002c4000000, 0x00000002c4000000| Complete 
| 579|0x00000002c5000000, 0x00000002c6000000, 0x00000002c6000000|100%| E|CS|TAMS 0x00000002c5000000, 0x00000002c5000000| Complete 
| 580|0x00000002c6000000, 0x00000002c7000000, 0x00000002c7000000|100%| E|CS|TAMS 0x00000002c6000000, 0x00000002c6000000| Complete 
| 581|0x00000002c7000000, 0x00000002c8000000, 0x00000002c8000000|100%| E|CS|TAMS 0x00000002c7000000, 0x00000002c7000000| Complete 
| 582|0x00000002c8000000, 0x00000002c9000000, 0x00000002c9000000|100%| E|CS|TAMS 0x00000002c8000000, 0x00000002c8000000| Complete 
| 583|0x00000002c9000000, 0x00000002ca000000, 0x00000002ca000000|100%| E|CS|TAMS 0x00000002c9000000, 0x00000002c9000000| Complete 
| 584|0x00000002ca000000, 0x00000002cb000000, 0x00000002cb000000|100%| E|CS|TAMS 0x00000002ca000000, 0x00000002ca000000| Complete 
| 585|0x00000002cb000000, 0x00000002cc000000, 0x00000002cc000000|100%| E|CS|TAMS 0x00000002cb000000, 0x00000002cb000000| Complete 
| 586|0x00000002cc000000, 0x00000002cd000000, 0x00000002cd000000|100%| E|CS|TAMS 0x00000002cc000000, 0x00000002cc000000| Complete 
| 587|0x00000002cd000000, 0x00000002ce000000, 0x00000002ce000000|100%| E|CS|TAMS 0x00000002cd000000, 0x00000002cd000000| Complete 
| 588|0x00000002ce000000, 0x00000002cf000000, 0x00000002cf000000|100%| E|CS|TAMS 0x00000002ce000000, 0x00000002ce000000| Complete 
| 589|0x00000002cf000000, 0x00000002d0000000, 0x00000002d0000000|100%| E|CS|TAMS 0x00000002cf000000, 0x00000002cf000000| Complete 
| 590|0x00000002d0000000, 0x00000002d1000000, 0x00000002d1000000|100%| E|CS|TAMS 0x00000002d0000000, 0x00000002d0000000| Complete 
| 591|0x00000002d1000000, 0x00000002d2000000, 0x00000002d2000000|100%| E|CS|TAMS 0x00000002d1000000, 0x00000002d1000000| Complete 
| 592|0x00000002d2000000, 0x00000002d3000000, 0x00000002d3000000|100%| E|CS|TAMS 0x00000002d2000000, 0x00000002d2000000| Complete 
| 593|0x00000002d3000000, 0x00000002d4000000, 0x00000002d4000000|100%| E|CS|TAMS 0x00000002d3000000, 0x00000002d3000000| Complete 
| 594|0x00000002d4000000, 0x00000002d5000000, 0x00000002d5000000|100%| E|CS|TAMS 0x00000002d4000000, 0x00000002d4000000| Complete 
| 595|0x00000002d5000000, 0x00000002d6000000, 0x00000002d6000000|100%| E|CS|TAMS 0x00000002d5000000, 0x00000002d5000000| Complete 
| 596|0x00000002d6000000, 0x00000002d7000000, 0x00000002d7000000|100%| E|CS|TAMS 0x00000002d6000000, 0x00000002d6000000| Complete 
| 597|0x00000002d7000000, 0x00000002d8000000, 0x00000002d8000000|100%| E|CS|TAMS 0x00000002d7000000, 0x00000002d7000000| Complete 
| 598|0x00000002d8000000, 0x00000002d9000000, 0x00000002d9000000|100%| E|CS|TAMS 0x00000002d8000000, 0x00000002d8000000| Complete 
| 599|0x00000002d9000000, 0x00000002da000000, 0x00000002da000000|100%| E|CS|TAMS 0x00000002d9000000, 0x00000002d9000000| Complete 
| 600|0x00000002da000000, 0x00000002db000000, 0x00000002db000000|100%| E|CS|TAMS 0x00000002da000000, 0x00000002da000000| Complete 
| 601|0x00000002db000000, 0x00000002dc000000, 0x00000002dc000000|100%| E|CS|TAMS 0x00000002db000000, 0x00000002db000000| Complete 
| 602|0x00000002dc000000, 0x00000002dd000000, 0x00000002dd000000|100%| E|CS|TAMS 0x00000002dc000000, 0x00000002dc000000| Complete 
| 603|0x00000002dd000000, 0x00000002de000000, 0x00000002de000000|100%| E|CS|TAMS 0x00000002dd000000, 0x00000002dd000000| Complete 
| 604|0x00000002de000000, 0x00000002df000000, 0x00000002df000000|100%| E|CS|TAMS 0x00000002de000000, 0x00000002de000000| Complete 
| 605|0x00000002df000000, 0x00000002e0000000, 0x00000002e0000000|100%| E|CS|TAMS 0x00000002df000000, 0x00000002df000000| Complete 
| 606|0x00000002e0000000, 0x00000002e1000000, 0x00000002e1000000|100%| E|CS|TAMS 0x00000002e0000000, 0x00000002e0000000| Complete 
| 607|0x00000002e1000000, 0x00000002e2000000, 0x00000002e2000000|100%| E|CS|TAMS 0x00000002e1000000, 0x00000002e1000000| Complete 
| 608|0x00000002e2000000, 0x00000002e3000000, 0x00000002e3000000|100%| E|CS|TAMS 0x00000002e2000000, 0x00000002e2000000| Complete 
| 609|0x00000002e3000000, 0x00000002e4000000, 0x00000002e4000000|100%| E|CS|TAMS 0x00000002e3000000, 0x00000002e3000000| Complete 
| 610|0x00000002e4000000, 0x00000002e5000000, 0x00000002e5000000|100%| E|CS|TAMS 0x00000002e4000000, 0x00000002e4000000| Complete 
| 611|0x00000002e5000000, 0x00000002e6000000, 0x00000002e6000000|100%| E|CS|TAMS 0x00000002e5000000, 0x00000002e5000000| Complete 
| 612|0x00000002e6000000, 0x00000002e7000000, 0x00000002e7000000|100%| E|CS|TAMS 0x00000002e6000000, 0x00000002e6000000| Complete 
| 613|0x00000002e7000000, 0x00000002e8000000, 0x00000002e8000000|100%| E|CS|TAMS 0x00000002e7000000, 0x00000002e7000000| Complete 
| 614|0x00000002e8000000, 0x00000002e9000000, 0x00000002e9000000|100%| E|CS|TAMS 0x00000002e8000000, 0x00000002e8000000| Complete 
| 615|0x00000002e9000000, 0x00000002ea000000, 0x00000002ea000000|100%| E|CS|TAMS 0x00000002e9000000, 0x00000002e9000000| Complete 
| 616|0x00000002ea000000, 0x00000002eb000000, 0x00000002eb000000|100%| E|CS|TAMS 0x00000002ea000000, 0x00000002ea000000| Complete 
| 617|0x00000002eb000000, 0x00000002ec000000, 0x00000002ec000000|100%| E|CS|TAMS 0x00000002eb000000, 0x00000002eb000000| Complete 
| 618|0x00000002ec000000, 0x00000002ed000000, 0x00000002ed000000|100%| E|CS|TAMS 0x00000002ec000000, 0x00000002ec000000| Complete 
| 619|0x00000002ed000000, 0x00000002ee000000, 0x00000002ee000000|100%| E|CS|TAMS 0x00000002ed000000, 0x00000002ed000000| Complete 
| 620|0x00000002ee000000, 0x00000002ef000000, 0x00000002ef000000|100%| E|CS|TAMS 0x00000002ee000000, 0x00000002ee000000| Complete 
| 621|0x00000002ef000000, 0x00000002f0000000, 0x00000002f0000000|100%| E|CS|TAMS 0x00000002ef000000, 0x00000002ef000000| Complete 
| 622|0x00000002f0000000, 0x00000002f1000000, 0x00000002f1000000|100%| E|CS|TAMS 0x00000002f0000000, 0x00000002f0000000| Complete 
| 623|0x00000002f1000000, 0x00000002f2000000, 0x00000002f2000000|100%| E|CS|TAMS 0x00000002f1000000, 0x00000002f1000000| Complete 
| 624|0x00000002f2000000, 0x00000002f3000000, 0x00000002f3000000|100%| E|CS|TAMS 0x00000002f2000000, 0x00000002f2000000| Complete 
| 625|0x00000002f3000000, 0x00000002f4000000, 0x00000002f4000000|100%| E|CS|TAMS 0x00000002f3000000, 0x00000002f3000000| Complete 
| 626|0x00000002f4000000, 0x00000002f5000000, 0x00000002f5000000|100%| E|CS|TAMS 0x00000002f4000000, 0x00000002f4000000| Complete 
| 627|0x00000002f5000000, 0x00000002f6000000, 0x00000002f6000000|100%| E|CS|TAMS 0x00000002f5000000, 0x00000002f5000000| Complete 
| 628|0x00000002f6000000, 0x00000002f7000000, 0x00000002f7000000|100%| E|CS|TAMS 0x00000002f6000000, 0x00000002f6000000| Complete 
| 629|0x00000002f7000000, 0x00000002f8000000, 0x00000002f8000000|100%| E|CS|TAMS 0x00000002f7000000, 0x00000002f7000000| Complete 
| 630|0x00000002f8000000, 0x00000002f9000000, 0x00000002f9000000|100%| E|CS|TAMS 0x00000002f8000000, 0x00000002f8000000| Complete 
| 631|0x00000002f9000000, 0x00000002fa000000, 0x00000002fa000000|100%| E|CS|TAMS 0x00000002f9000000, 0x00000002f9000000| Complete 
| 632|0x00000002fa000000, 0x00000002fb000000, 0x00000002fb000000|100%| E|CS|TAMS 0x00000002fa000000, 0x00000002fa000000| Complete 
| 633|0x00000002fb000000, 0x00000002fc000000, 0x00000002fc000000|100%| E|CS|TAMS 0x00000002fb000000, 0x00000002fb000000| Complete 
| 634|0x00000002fc000000, 0x00000002fd000000, 0x00000002fd000000|100%| E|CS|TAMS 0x00000002fc000000, 0x00000002fc000000| Complete 
| 635|0x00000002fd000000, 0x00000002fe000000, 0x00000002fe000000|100%| E|CS|TAMS 0x00000002fd000000, 0x00000002fd000000| Complete 
| 636|0x00000002fe000000, 0x00000002ff000000, 0x00000002ff000000|100%| E|CS|TAMS 0x00000002fe000000, 0x00000002fe000000| Complete 
| 637|0x00000002ff000000, 0x0000000300000000, 0x0000000300000000|100%| E|CS|TAMS 0x00000002ff000000, 0x00000002ff000000| Complete 
| 638|0x0000000300000000, 0x0000000301000000, 0x0000000301000000|100%| E|CS|TAMS 0x0000000300000000, 0x0000000300000000| Complete 
| 639|0x0000000301000000, 0x0000000302000000, 0x0000000302000000|100%| E|CS|TAMS 0x0000000301000000, 0x0000000301000000| Complete 
| 640|0x0000000302000000, 0x0000000303000000, 0x0000000303000000|100%| E|CS|TAMS 0x0000000302000000, 0x0000000302000000| Complete 
| 641|0x0000000303000000, 0x0000000304000000, 0x0000000304000000|100%| E|CS|TAMS 0x0000000303000000, 0x0000000303000000| Complete 
| 642|0x0000000304000000, 0x0000000305000000, 0x0000000305000000|100%| E|CS|TAMS 0x0000000304000000, 0x0000000304000000| Complete 
| 643|0x0000000305000000, 0x0000000306000000, 0x0000000306000000|100%| E|CS|TAMS 0x0000000305000000, 0x0000000305000000| Complete 
| 644|0x0000000306000000, 0x0000000307000000, 0x0000000307000000|100%| E|CS|TAMS 0x0000000306000000, 0x0000000306000000| Complete 
| 645|0x0000000307000000, 0x0000000308000000, 0x0000000308000000|100%| E|CS|TAMS 0x0000000307000000, 0x0000000307000000| Complete 
| 646|0x0000000308000000, 0x0000000309000000, 0x0000000309000000|100%| E|CS|TAMS 0x0000000308000000, 0x0000000308000000| Complete 
| 647|0x0000000309000000, 0x000000030a000000, 0x000000030a000000|100%| E|CS|TAMS 0x0000000309000000, 0x0000000309000000| Complete 
| 648|0x000000030a000000, 0x000000030b000000, 0x000000030b000000|100%| E|CS|TAMS 0x000000030a000000, 0x000000030a000000| Complete 
| 649|0x000000030b000000, 0x000000030c000000, 0x000000030c000000|100%| E|CS|TAMS 0x000000030b000000, 0x000000030b000000| Complete 
| 650|0x000000030c000000, 0x000000030d000000, 0x000000030d000000|100%| E|CS|TAMS 0x000000030c000000, 0x000000030c000000| Complete 
| 651|0x000000030d000000, 0x000000030e000000, 0x000000030e000000|100%| E|CS|TAMS 0x000000030d000000, 0x000000030d000000| Complete 
| 652|0x000000030e000000, 0x000000030f000000, 0x000000030f000000|100%| E|CS|TAMS 0x000000030e000000, 0x000000030e000000| Complete 
| 653|0x000000030f000000, 0x0000000310000000, 0x0000000310000000|100%| E|CS|TAMS 0x000000030f000000, 0x000000030f000000| Complete 
| 654|0x0000000310000000, 0x0000000311000000, 0x0000000311000000|100%| E|CS|TAMS 0x0000000310000000, 0x0000000310000000| Complete 
| 655|0x0000000311000000, 0x0000000312000000, 0x0000000312000000|100%| E|CS|TAMS 0x0000000311000000, 0x0000000311000000| Complete 
| 656|0x0000000312000000, 0x0000000313000000, 0x0000000313000000|100%| E|CS|TAMS 0x0000000312000000, 0x0000000312000000| Complete 
| 657|0x0000000313000000, 0x0000000314000000, 0x0000000314000000|100%| E|CS|TAMS 0x0000000313000000, 0x0000000313000000| Complete 
| 658|0x0000000314000000, 0x0000000315000000, 0x0000000315000000|100%| E|CS|TAMS 0x0000000314000000, 0x0000000314000000| Complete 
| 659|0x0000000315000000, 0x0000000316000000, 0x0000000316000000|100%| E|CS|TAMS 0x0000000315000000, 0x0000000315000000| Complete 
| 660|0x0000000316000000, 0x0000000317000000, 0x0000000317000000|100%| E|CS|TAMS 0x0000000316000000, 0x0000000316000000| Complete 
| 661|0x0000000317000000, 0x0000000318000000, 0x0000000318000000|100%| E|CS|TAMS 0x0000000317000000, 0x0000000317000000| Complete 
| 662|0x0000000318000000, 0x0000000319000000, 0x0000000319000000|100%| E|CS|TAMS 0x0000000318000000, 0x0000000318000000| Complete 
| 663|0x0000000319000000, 0x000000031a000000, 0x000000031a000000|100%| E|CS|TAMS 0x0000000319000000, 0x0000000319000000| Complete 
| 664|0x000000031a000000, 0x000000031b000000, 0x000000031b000000|100%| E|CS|TAMS 0x000000031a000000, 0x000000031a000000| Complete 
| 665|0x000000031b000000, 0x000000031c000000, 0x000000031c000000|100%| E|CS|TAMS 0x000000031b000000, 0x000000031b000000| Complete 
| 666|0x000000031c000000, 0x000000031d000000, 0x000000031d000000|100%| E|CS|TAMS 0x000000031c000000, 0x000000031c000000| Complete 
| 667|0x000000031d000000, 0x000000031e000000, 0x000000031e000000|100%| E|CS|TAMS 0x000000031d000000, 0x000000031d000000| Complete 
| 668|0x000000031e000000, 0x000000031f000000, 0x000000031f000000|100%| E|CS|TAMS 0x000000031e000000, 0x000000031e000000| Complete 
| 669|0x000000031f000000, 0x0000000320000000, 0x0000000320000000|100%| E|CS|TAMS 0x000000031f000000, 0x000000031f000000| Complete 
| 670|0x0000000320000000, 0x0000000321000000, 0x0000000321000000|100%| E|CS|TAMS 0x0000000320000000, 0x0000000320000000| Complete 
| 671|0x0000000321000000, 0x0000000322000000, 0x0000000322000000|100%| E|CS|TAMS 0x0000000321000000, 0x0000000321000000| Complete 
| 672|0x0000000322000000, 0x0000000323000000, 0x0000000323000000|100%| E|CS|TAMS 0x0000000322000000, 0x0000000322000000| Complete 
| 673|0x0000000323000000, 0x0000000324000000, 0x0000000324000000|100%| E|CS|TAMS 0x0000000323000000, 0x0000000323000000| Complete 
| 674|0x0000000324000000, 0x0000000325000000, 0x0000000325000000|100%| E|CS|TAMS 0x0000000324000000, 0x0000000324000000| Complete 
| 675|0x0000000325000000, 0x0000000326000000, 0x0000000326000000|100%| E|CS|TAMS 0x0000000325000000, 0x0000000325000000| Complete 
| 676|0x0000000326000000, 0x0000000327000000, 0x0000000327000000|100%| E|CS|TAMS 0x0000000326000000, 0x0000000326000000| Complete 
| 677|0x0000000327000000, 0x0000000328000000, 0x0000000328000000|100%| E|CS|TAMS 0x0000000327000000, 0x0000000327000000| Complete 
| 678|0x0000000328000000, 0x0000000329000000, 0x0000000329000000|100%| E|CS|TAMS 0x0000000328000000, 0x0000000328000000| Complete 
| 679|0x0000000329000000, 0x000000032a000000, 0x000000032a000000|100%| E|CS|TAMS 0x0000000329000000, 0x0000000329000000| Complete 
| 680|0x000000032a000000, 0x000000032b000000, 0x000000032b000000|100%| E|CS|TAMS 0x000000032a000000, 0x000000032a000000| Complete 
| 681|0x000000032b000000, 0x000000032c000000, 0x000000032c000000|100%| E|CS|TAMS 0x000000032b000000, 0x000000032b000000| Complete 
| 682|0x000000032c000000, 0x000000032d000000, 0x000000032d000000|100%| E|CS|TAMS 0x000000032c000000, 0x000000032c000000| Complete 
| 683|0x000000032d000000, 0x000000032e000000, 0x000000032e000000|100%| E|CS|TAMS 0x000000032d000000, 0x000000032d000000| Complete 
| 684|0x000000032e000000, 0x000000032f000000, 0x000000032f000000|100%| E|CS|TAMS 0x000000032e000000, 0x000000032e000000| Complete 
| 685|0x000000032f000000, 0x0000000330000000, 0x0000000330000000|100%| E|CS|TAMS 0x000000032f000000, 0x000000032f000000| Complete 
| 686|0x0000000330000000, 0x0000000331000000, 0x0000000331000000|100%| E|CS|TAMS 0x0000000330000000, 0x0000000330000000| Complete 
| 687|0x0000000331000000, 0x0000000332000000, 0x0000000332000000|100%| E|CS|TAMS 0x0000000331000000, 0x0000000331000000| Complete 
| 688|0x0000000332000000, 0x0000000333000000, 0x0000000333000000|100%| E|CS|TAMS 0x0000000332000000, 0x0000000332000000| Complete 
| 689|0x0000000333000000, 0x0000000334000000, 0x0000000334000000|100%| E|CS|TAMS 0x0000000333000000, 0x0000000333000000| Complete 
| 690|0x0000000334000000, 0x0000000335000000, 0x0000000335000000|100%| E|CS|TAMS 0x0000000334000000, 0x0000000334000000| Complete 
| 691|0x0000000335000000, 0x0000000336000000, 0x0000000336000000|100%| E|CS|TAMS 0x0000000335000000, 0x0000000335000000| Complete 
| 692|0x0000000336000000, 0x0000000337000000, 0x0000000337000000|100%| E|CS|TAMS 0x0000000336000000, 0x0000000336000000| Complete 
| 693|0x0000000337000000, 0x0000000338000000, 0x0000000338000000|100%| E|CS|TAMS 0x0000000337000000, 0x0000000337000000| Complete 
| 694|0x0000000338000000, 0x0000000339000000, 0x0000000339000000|100%| E|CS|TAMS 0x0000000338000000, 0x0000000338000000| Complete 
| 695|0x0000000339000000, 0x000000033a000000, 0x000000033a000000|100%| E|CS|TAMS 0x0000000339000000, 0x0000000339000000| Complete 
|1916|0x00000007fe000000, 0x00000007fef75000, 0x00000007ff000000| 96%|OA|  |TAMS 0x00000007fe000000, 0x00000007fe000000| Untracked 
|1917|0x00000007ff000000, 0x00000007ff078000, 0x0000000800000000|  2%|CA|  |TAMS 0x00000007ff000000, 0x00000007ff000000| Untracked 

Card table byte_map: [0x00007f8f9d023000,0x00007f8fa0c13000] _byte_map_base: 0x00007f8f9cc13000

Marking Bits (Prev, Next): (CMBitMap*) 0x00007f8fbc068b50, (CMBitMap*) 0x00007f8fbc068b90
 Prev Bits: [0x00007f8f7b4b3000, 0x00007f8f99433000)
 Next Bits: [0x00007f8f5d533000, 0x00007f8f7b4b3000)

Polling page: 0x00007f8fc32c8000

Metaspace:

Usage:
  Non-class:      6.05 MB used.
      Class:    744.51 KB used.
       Both:      6.78 MB used.

Virtual space:
  Non-class space:       64.00 MB reserved,       6.19 MB ( 10%) committed,  1 nodes.
      Class space:        1.00 GB reserved,     832.00 KB ( <1%) committed,  1 nodes.
             Both:        1.06 GB reserved,       7.00 MB ( <1%) committed. 

Chunk freelists:
   Non-Class:  9.35 MB
       Class:  15.03 MB
        Both:  24.38 MB

MaxMetaspaceSize: unlimited
CompressedClassSpaceSize: 1.00 GB
Initial GC threshold: 21.00 MB
Current GC threshold: 21.00 MB
CDS: on
MetaspaceReclaimPolicy: balanced
 - commit_granule_bytes: 65536.
 - commit_granule_words: 8192.
 - virtual_space_node_default_size: 8388608.
 - enlarge_chunks_in_place: 1.
 - new_chunks_are_fully_committed: 0.
 - uncommit_free_chunks: 1.
 - use_allocation_guard: 0.
 - handle_deallocations: 1.


Internal statistics:

num_allocs_failed_limit: 0.
num_arena_births: 226.
num_arena_deaths: 0.
num_vsnodes_births: 2.
num_vsnodes_deaths: 0.
num_space_committed: 112.
num_space_uncommitted: 0.
num_chunks_returned_to_freelist: 0.
num_chunks_taken_from_freelist: 464.
num_chunk_merges: 0.
num_chunk_splits: 257.
num_chunks_enlarged: 113.
num_inconsistent_stats: 0.

CodeHeap 'non-profiled nmethods': size=119168Kb used=1663Kb max_used=1663Kb free=117504Kb
 bounds [0x00007f8facf9e000, 0x00007f8fad20e000, 0x00007f8fb43fe000]
CodeHeap 'profiled nmethods': size=119164Kb used=4175Kb max_used=4175Kb free=114989Kb
 bounds [0x00007f8fa53fe000, 0x00007f8fa581e000, 0x00007f8fac85d000]
CodeHeap 'non-nmethods': size=7428Kb used=2304Kb max_used=2910Kb free=5123Kb
 bounds [0x00007f8fac85d000, 0x00007f8facb4d000, 0x00007f8facf9e000]
 total_blobs=2751 nmethods=2280 adapters=382
 compilation: enabled
              stopped_count=0, restarted_count=0
 full_count=0

Compilation events (20 events):
Event: 118.305 Thread 0x00007f8ed80cda20 2294       3       java.util.Vector$Itr::checkForComodification (23 bytes)
Event: 118.305 Thread 0x00007f8ed80cda20 nmethod 2294 0x00007f8fa580b490 code [0x00007f8fa580b640, 0x00007f8fa580b800]
Event: 118.305 Thread 0x00007f8fbc21def0 nmethod 2290 0x00007f8fa580b910 code [0x00007f8fa580bb40, 0x00007f8fa580c490]
Event: 118.305 Thread 0x00007f8ed80cda20 2295       3       junit.framework.TestSuite::runTest (8 bytes)
Event: 118.305 Thread 0x00007f8fbc21def0 2296       3       junit.framework.TestResult::run (27 bytes)
Event: 118.305 Thread 0x00007f8ed80cebe0 nmethod 2293 0x00007f8fa580c810 code [0x00007f8fa580ca00, 0x00007f8fa580ced0]
Event: 118.305 Thread 0x00007f8ed80cda20 nmethod 2295 0x00007f8fa580d290 code [0x00007f8fa580d440, 0x00007f8fa580d620]
Event: 118.305 Thread 0x00007f8ed80cebe0 2298       3       org.junit.internal.runners.JUnit38ClassRunner$OldTestClassAdaptingListener::startTest (13 bytes)
Event: 118.305 Thread 0x00007f8ed80cda20 2299       3       junit.framework.TestResult$1::<init> (15 bytes)
Event: 118.305 Thread 0x00007f8ed80cda20 nmethod 2299 0x00007f8fa580d710 code [0x00007f8fa580d8c0, 0x00007f8fa580daf0]
Event: 118.305 Thread 0x00007f8ed80cda20 2300   !   3       junit.framework.TestResult::runProtected (30 bytes)
Event: 118.305 Thread 0x00007f8fbc21def0 nmethod 2296 0x00007f8fa580db90 code [0x00007f8fa580dda0, 0x00007f8fa580e3c0]
Event: 118.305 Thread 0x00007f8ed80cda20 nmethod 2300 0x00007f8fa580e690 code [0x00007f8fa580e880, 0x00007f8fa580eca0]
Event: 118.305 Thread 0x00007f8ed80cda20 2301       3       junit.framework.TestResult$1::protect (8 bytes)
Event: 118.306 Thread 0x00007f8ed80cebe0 nmethod 2298 0x00007f8fa580ef10 code [0x00007f8fa580f180, 0x00007f8fa58100c0]
Event: 118.306 Thread 0x00007f8ed80cda20 nmethod 2301 0x00007f8fa5810490 code [0x00007f8fa5810640, 0x00007f8fa5810800]
Event: 118.306 Thread 0x00007f8fbc21def0 2302   !   3       junit.framework.TestCase::runBare (73 bytes)
Event: 118.306 Thread 0x00007f8fbc21def0 nmethod 2302 0x00007f8fa5810910 code [0x00007f8fa5810b00, 0x00007f8fa5811180]
Event: 120.755 Thread 0x00007f8ed80cebe0 2303       3       org.pitest.testapi.execute.containers.ConcreteResultCollector::notifyEnd (14 bytes)
Event: 120.756 Thread 0x00007f8ed80cebe0 nmethod 2303 0x00007f8fa5811390 code [0x00007f8fa5811560, 0x00007f8fa5811a60]

GC Heap History (20 events):
Event: 11.204 GC heap before
{Heap before GC invocations=10 (full 0):
 garbage-first heap   total 4521984K, used 770155K [0x0000000082000000, 0x0000000800000000)
  region size 16384K, 28 young (458752K), 2 survivors (32768K)
 Metaspace       used 6366K, committed 6528K, reserved 1114112K
  class space    used 693K, committed 768K, reserved 1048576K
}
Event: 11.331 GC heap after
{Heap after GC invocations=11 (full 0):
 garbage-first heap   total 11436032K, used 320596K [0x0000000082000000, 0x0000000800000000)
  region size 16384K, 1 young (16384K), 1 survivors (16384K)
 Metaspace       used 6366K, committed 6528K, reserved 1114112K
  class space    used 693K, committed 768K, reserved 1048576K
}
Event: 14.439 GC heap before
{Heap before GC invocations=11 (full 0):
 garbage-first heap   total 11436032K, used 975956K [0x0000000082000000, 0x0000000800000000)
  region size 16384K, 41 young (671744K), 1 survivors (16384K)
 Metaspace       used 6380K, committed 6528K, reserved 1114112K
  class space    used 693K, committed 768K, reserved 1048576K
}
Event: 14.462 GC heap after
{Heap after GC invocations=12 (full 0):
 garbage-first heap   total 11436032K, used 369132K [0x0000000082000000, 0x0000000800000000)
  region size 16384K, 4 young (65536K), 4 survivors (65536K)
 Metaspace       used 6380K, committed 6528K, reserved 1114112K
  class space    used 693K, committed 768K, reserved 1048576K
}
Event: 18.549 GC heap before
{Heap before GC invocations=12 (full 0):
 garbage-first heap   total 11436032K, used 1499628K [0x0000000082000000, 0x0000000800000000)
  region size 16384K, 73 young (1196032K), 4 survivors (65536K)
 Metaspace       used 6394K, committed 6528K, reserved 1114112K
  class space    used 694K, committed 768K, reserved 1048576K
}
Event: 18.572 GC heap after
{Heap after GC invocations=13 (full 0):
 garbage-first heap   total 11436032K, used 326009K [0x0000000082000000, 0x0000000800000000)
  region size 16384K, 1 young (16384K), 1 survivors (16384K)
 Metaspace       used 6394K, committed 6528K, reserved 1114112K
  class space    used 694K, committed 768K, reserved 1048576K
}
Event: 25.858 GC heap before
{Heap before GC invocations=13 (full 0):
 garbage-first heap   total 11436032K, used 2423161K [0x0000000082000000, 0x0000000800000000)
  region size 16384K, 129 young (2113536K), 1 survivors (16384K)
 Metaspace       used 6401K, committed 6592K, reserved 1114112K
  class space    used 694K, committed 768K, reserved 1048576K
}
Event: 25.904 GC heap after
{Heap after GC invocations=14 (full 0):
 garbage-first heap   total 11436032K, used 349832K [0x0000000082000000, 0x0000000800000000)
  region size 16384K, 3 young (49152K), 3 survivors (49152K)
 Metaspace       used 6401K, committed 6592K, reserved 1114112K
  class space    used 694K, committed 768K, reserved 1048576K
}
Event: 42.654 GC heap before
{Heap before GC invocations=14 (full 0):
 garbage-first heap   total 11436032K, used 7149192K [0x0000000082000000, 0x0000000800000000)
  region size 16384K, 418 young (6848512K), 3 survivors (49152K)
 Metaspace       used 6461K, committed 6720K, reserved 1114112K
  class space    used 698K, committed 832K, reserved 1048576K
}
Event: 42.710 GC heap after
{Heap after GC invocations=15 (full 0):
 garbage-first heap   total 11436032K, used 358751K [0x0000000082000000, 0x0000000800000000)
  region size 16384K, 3 young (49152K), 3 survivors (49152K)
 Metaspace       used 6461K, committed 6720K, reserved 1114112K
  class space    used 698K, committed 832K, reserved 1048576K
}
Event: 57.419 GC heap before
{Heap before GC invocations=15 (full 0):
 garbage-first heap   total 11436032K, used 7158111K [0x0000000082000000, 0x0000000800000000)
  region size 16384K, 418 young (6848512K), 3 survivors (49152K)
 Metaspace       used 6523K, committed 6784K, reserved 1114112K
  class space    used 703K, committed 832K, reserved 1048576K
}
Event: 57.597 GC heap after
{Heap after GC invocations=16 (full 0):
 garbage-first heap   total 11436032K, used 325579K [0x0000000082000000, 0x0000000800000000)
  region size 16384K, 1 young (16384K), 1 survivors (16384K)
 Metaspace       used 6523K, committed 6784K, reserved 1114112K
  class space    used 703K, committed 832K, reserved 1048576K
}
Event: 74.039 GC heap before
{Heap before GC invocations=16 (full 0):
 garbage-first heap   total 11436032K, used 7157707K [0x0000000082000000, 0x0000000800000000)
  region size 16384K, 418 young (6848512K), 1 survivors (16384K)
 Metaspace       used 6770K, committed 6976K, reserved 1114112K
  class space    used 730K, committed 832K, reserved 1048576K
}
Event: 74.054 GC heap after
{Heap after GC invocations=17 (full 0):
 garbage-first heap   total 11436032K, used 317224K [0x0000000082000000, 0x0000000800000000)
  region size 16384K, 1 young (16384K), 1 survivors (16384K)
 Metaspace       used 6770K, committed 6976K, reserved 1114112K
  class space    used 730K, committed 832K, reserved 1048576K
}
Event: 84.893 GC heap before
{Heap before GC invocations=17 (full 0):
 garbage-first heap   total 11436032K, used 7149352K [0x0000000082000000, 0x0000000800000000)
  region size 16384K, 418 young (6848512K), 1 survivors (16384K)
 Metaspace       used 6893K, committed 7104K, reserved 1114112K
  class space    used 742K, committed 832K, reserved 1048576K
}
Event: 84.918 GC heap after
{Heap after GC invocations=18 (full 0):
 garbage-first heap   total 11436032K, used 357591K [0x0000000082000000, 0x0000000800000000)
  region size 16384K, 3 young (49152K), 3 survivors (49152K)
 Metaspace       used 6893K, committed 7104K, reserved 1114112K
  class space    used 742K, committed 832K, reserved 1048576K
}
Event: 96.564 GC heap before
{Heap before GC invocations=18 (full 0):
 garbage-first heap   total 11436032K, used 7156951K [0x0000000082000000, 0x0000000800000000)
  region size 16384K, 418 young (6848512K), 3 survivors (49152K)
 Metaspace       used 6906K, committed 7168K, reserved 1114112K
  class space    used 743K, committed 832K, reserved 1048576K
}
Event: 96.655 GC heap after
{Heap after GC invocations=19 (full 0):
 garbage-first heap   total 11436032K, used 374749K [0x0000000082000000, 0x0000000800000000)
  region size 16384K, 4 young (65536K), 4 survivors (65536K)
 Metaspace       used 6906K, committed 7168K, reserved 1114112K
  class space    used 743K, committed 832K, reserved 1048576K
}
Event: 109.634 GC heap before
{Heap before GC invocations=19 (full 0):
 garbage-first heap   total 11436032K, used 7157725K [0x0000000082000000, 0x0000000800000000)
  region size 16384K, 418 young (6848512K), 4 survivors (65536K)
 Metaspace       used 6929K, committed 7168K, reserved 1114112K
  class space    used 744K, committed 832K, reserved 1048576K
}
Event: 109.726 GC heap after
{Heap after GC invocations=20 (full 0):
 garbage-first heap   total 11436032K, used 383534K [0x0000000082000000, 0x0000000800000000)
  region size 16384K, 5 young (81920K), 5 survivors (81920K)
 Metaspace       used 6929K, committed 7168K, reserved 1114112K
  class space    used 744K, committed 832K, reserved 1048576K
}

Dll operation events (12 events):
Event: 0.014 Loaded shared library /sfs/gpfs/tardis/applications/202512/software/standard/core/java/17/lib/libjava.so
Event: 0.014 Loaded shared library /sfs/gpfs/tardis/applications/202512/software/standard/core/java/17/lib/libzip.so
Event: 0.089 Loaded shared library /sfs/gpfs/tardis/applications/202512/software/standard/core/java/17/lib/libjsvml.so
Event: 0.355 Loaded shared library /sfs/gpfs/tardis/applications/202512/software/standard/core/java/17/lib/libinstrument.so
Event: 0.381 Loaded shared library /sfs/gpfs/tardis/applications/202512/software/standard/core/java/17/lib/libnio.so
Event: 0.383 Loaded shared library /sfs/gpfs/tardis/applications/202512/software/standard/core/java/17/lib/libzip.so
Event: 0.408 Loaded shared library /sfs/gpfs/tardis/applications/202512/software/standard/core/java/17/lib/libjimage.so
Event: 0.685 Loaded shared library /sfs/gpfs/tardis/applications/202512/software/standard/core/java/17/lib/libverify.so
Event: 0.688 Loaded shared library /sfs/gpfs/tardis/applications/202512/software/standard/core/java/17/lib/libnet.so
Event: 0.701 Loaded shared library /sfs/gpfs/tardis/applications/202512/software/standard/core/java/17/lib/libextnet.so
Event: 0.709 Loaded shared library /sfs/gpfs/tardis/applications/202512/software/standard/core/java/17/lib/libmanagement.so
Event: 0.710 Loaded shared library /sfs/gpfs/tardis/applications/202512/software/standard/core/java/17/lib/libmanagement_ext.so

Deoptimization events (20 events):
Event: 43.586 Thread 0x00007f8fbc46ed50 Uncommon trap: trap_request=0xffffffd6 fr.pc=0x00007f8fad124ff4 relative=0x0000000000000834
Event: 43.586 Thread 0x00007f8fbc46ed50 Uncommon trap: reason=array_check action=maybe_recompile pc=0x00007f8fad124ff4 method=java.util.TimSort.binarySort([Ljava/lang/Object;IIILjava/util/Comparator;)V @ 193 c2
Event: 43.586 Thread 0x00007f8fbc46ed50 DEOPT PACKING pc=0x00007f8fad124ff4 sp=0x00007f8f4cf9cfd0
Event: 43.586 Thread 0x00007f8fbc46ed50 DEOPT UNPACKING pc=0x00007f8fac8b6b19 sp=0x00007f8f4cf9cf88 mode 2
Event: 44.323 Thread 0x00007f8fbc46ed50 Uncommon trap: trap_request=0xffffff45 fr.pc=0x00007f8fad0a6a20 relative=0x0000000000000080
Event: 44.323 Thread 0x00007f8fbc46ed50 Uncommon trap: reason=unstable_if action=reinterpret pc=0x00007f8fad0a6a20 method=java.lang.Boolean.toString()Ljava/lang/String; @ 4 c2
Event: 44.323 Thread 0x00007f8fbc46ed50 DEOPT PACKING pc=0x00007f8fad0a6a20 sp=0x00007f8f4cf9ca10
Event: 44.323 Thread 0x00007f8fbc46ed50 DEOPT UNPACKING pc=0x00007f8fac8b6b19 sp=0x00007f8f4cf9c950 mode 2
Event: 51.320 Thread 0x00007f8fbc46ed50 Uncommon trap: trap_request=0xffffff45 fr.pc=0x00007f8fad0a4740 relative=0x0000000000000660
Event: 51.320 Thread 0x00007f8fbc46ed50 Uncommon trap: reason=unstable_if action=reinterpret pc=0x00007f8fad0a4740 method=org.apache.commons.beanutils.converters.AbstractConverter.toString(Ljava/lang/Class;)Ljava/lang/String; @ 16 c2
Event: 51.320 Thread 0x00007f8fbc46ed50 DEOPT PACKING pc=0x00007f8fad0a4740 sp=0x00007f8efe6f48e0
Event: 51.320 Thread 0x00007f8fbc46ed50 DEOPT UNPACKING pc=0x00007f8fac8b6b19 sp=0x00007f8efe6f4890 mode 2
Event: 70.268 Thread 0x00007f8fbc46ed50 Uncommon trap: trap_request=0xffffff6e fr.pc=0x00007f8fad115040 relative=0x00000000000001a0
Event: 70.268 Thread 0x00007f8fbc46ed50 Uncommon trap: reason=loop_limit_check action=maybe_recompile pc=0x00007f8fad115040 method=java.lang.StringLatin1.lastIndexOf([BII)I @ 19 c2
Event: 70.268 Thread 0x00007f8fbc46ed50 DEOPT PACKING pc=0x00007f8fad115040 sp=0x00007f8f4cf9c420
Event: 70.268 Thread 0x00007f8fbc46ed50 DEOPT UNPACKING pc=0x00007f8fac8b6b19 sp=0x00007f8f4cf9c2f8 mode 2
Event: 70.268 Thread 0x00007f8fbc46ed50 Uncommon trap: trap_request=0xffffff6e fr.pc=0x00007f8facfdf420 relative=0x0000000000000180
Event: 70.268 Thread 0x00007f8fbc46ed50 Uncommon trap: reason=loop_limit_check action=maybe_recompile pc=0x00007f8facfdf420 method=java.lang.StringLatin1.lastIndexOf([BII)I @ 19 c2
Event: 70.268 Thread 0x00007f8fbc46ed50 DEOPT PACKING pc=0x00007f8facfdf420 sp=0x00007f8f4cf9c360
Event: 70.268 Thread 0x00007f8fbc46ed50 DEOPT UNPACKING pc=0x00007f8fac8b6b19 sp=0x00007f8f4cf9c300 mode 2

Classes loaded (20 events):
Event: 82.509 Loading class org/apache/commons/beanutils/priv/PrivateBean
Event: 82.509 Loading class org/apache/commons/beanutils/priv/PrivateBean done
Event: 82.509 Loading class org/apache/commons/beanutils/priv/PrivateBeanSubclass
Event: 82.509 Loading class org/apache/commons/beanutils/priv/PrivateBeanSubclass done
Event: 82.509 Loading class org/apache/commons/beanutils/TestBeanPublicSubclass
Event: 82.509 Loading class org/apache/commons/beanutils/TestBeanPublicSubclass done
Event: 82.509 Loading class java/io/StreamCorruptedException
Event: 82.509 Loading class java/io/ObjectStreamException
Event: 82.509 Loading class java/io/ObjectStreamException done
Event: 82.509 Loading class java/io/StreamCorruptedException done
Event: 82.510 Loading class org/apache/commons/beanutils/PropertyUtils
Event: 82.510 Loading class org/apache/commons/beanutils/PropertyUtils done
Event: 82.550 Loading class org/apache/commons/beanutils/expression/Resolver
Event: 82.550 Loading class org/apache/commons/beanutils/expression/Resolver done
Event: 82.604 Loading class java/beans/IntrospectionException
Event: 82.604 Loading class java/beans/IntrospectionException done
Event: 82.604 Loading class org/apache/commons/beanutils/MappedPropertyDescriptor
Event: 82.604 Loading class org/apache/commons/beanutils/MappedPropertyDescriptor done
Event: 82.632 Loading class org/apache/commons/beanutils/IntrospectionContext
Event: 82.632 Loading class org/apache/commons/beanutils/IntrospectionContext done

Classes unloaded (0 events):
No events

Classes redefined (1 events):
Event: 3.197 Thread 0x00007f8fbc20ec30 redefined class name=org.apache.commons.beanutils.converters.AbstractConverter, count=1

Internal exceptions (20 events):
Event: 121.344 Thread 0x00007f8fbc46ed50 StackOverflowError at 0x00007f8fad07e1e0
Event: 121.344 Thread 0x00007f8fbc46ed50 Exception <a 'java/lang/StackOverflowError'{0x00000002030bd8b8}> (0x00000002030bd8b8) 
thrown [src/hotspot/share/runtime/sharedRuntime.cpp, line 631]
Event: 121.658 Thread 0x00007f8fbc46ed50 StackOverflowError at 0x00007f8fad07e1e0
Event: 121.658 Thread 0x00007f8fbc46ed50 Exception <a 'java/lang/StackOverflowError'{0x00000001fa0bd8b8}> (0x00000001fa0bd8b8) 
thrown [src/hotspot/share/runtime/sharedRuntime.cpp, line 631]
Event: 121.800 Thread 0x00007f8fbc46ffd0 StackOverflowError at 0x00007f8fad07e1e0
Event: 121.800 Thread 0x00007f8fbc46ffd0 Exception <a 'java/lang/StackOverflowError'{0x00000001f10c4fc0}> (0x00000001f10c4fc0) 
thrown [src/hotspot/share/runtime/sharedRuntime.cpp, line 631]
Event: 122.305 Thread 0x00007f8fbc46ed50 StackOverflowError at 0x00007f8fad07e1e0
Event: 122.305 Thread 0x00007f8fbc46ed50 Exception <a 'java/lang/StackOverflowError'{0x00000001e80c4fc0}> (0x00000001e80c4fc0) 
thrown [src/hotspot/share/runtime/sharedRuntime.cpp, line 631]
Event: 122.445 Thread 0x00007f8fbc46ed50 StackOverflowError at 0x00007f8fad07e1e0
Event: 122.445 Thread 0x00007f8fbc46ed50 Exception <a 'java/lang/StackOverflowError'{0x00000001df0c5940}> (0x00000001df0c5940) 
thrown [src/hotspot/share/runtime/sharedRuntime.cpp, line 631]
Event: 122.837 Thread 0x00007f8fbc46ed50 StackOverflowError at 0x00007f8fad07e1e0
Event: 122.837 Thread 0x00007f8fbc46ed50 Exception <a 'java/lang/StackOverflowError'{0x00000001d60c5698}> (0x00000001d60c5698) 
thrown [src/hotspot/share/runtime/sharedRuntime.cpp, line 631]
Event: 122.990 Thread 0x00007f8fbc46ed50 StackOverflowError at 0x00007f8fad07e1e0
Event: 122.990 Thread 0x00007f8fbc46ed50 Exception <a 'java/lang/StackOverflowError'{0x00000001cd0c4fc0}> (0x00000001cd0c4fc0) 
thrown [src/hotspot/share/runtime/sharedRuntime.cpp, line 631]
Event: 123.173 Thread 0x00007f8fbc46ed50 StackOverflowError at 0x00007f8fad07e1e0
Event: 123.173 Thread 0x00007f8fbc46ed50 Exception <a 'java/lang/StackOverflowError'{0x00000001c40c5698}> (0x00000001c40c5698) 
thrown [src/hotspot/share/runtime/sharedRuntime.cpp, line 631]
Event: 123.397 Thread 0x00007f8fbc46ed50 StackOverflowError at 0x00007f8fad07e1e0
Event: 123.397 Thread 0x00007f8fbc46ed50 Exception <a 'java/lang/StackOverflowError'{0x00000001bb0c4fc0}> (0x00000001bb0c4fc0) 
thrown [src/hotspot/share/runtime/sharedRuntime.cpp, line 631]
Event: 123.543 Thread 0x00007f8fbc46ed50 StackOverflowError at 0x00007f8fad07e1e0
Event: 123.543 Thread 0x00007f8fbc46ed50 Exception <a 'java/lang/StackOverflowError'{0x00000001b20cfa88}> (0x00000001b20cfa88) 
thrown [src/hotspot/share/runtime/sharedRuntime.cpp, line 631]

VM Operations (20 events):
Event: 84.893 Executing VM operation: G1CollectForAllocation
Event: 84.918 Executing VM operation: G1CollectForAllocation done
Event: 91.933 Executing VM operation: Cleanup
Event: 91.961 Executing VM operation: Cleanup done
Event: 92.961 Executing VM operation: Cleanup
Event: 92.994 Executing VM operation: Cleanup done
Event: 95.005 Executing VM operation: Cleanup
Event: 95.016 Executing VM operation: Cleanup done
Event: 96.564 Executing VM operation: G1CollectForAllocation
Event: 96.655 Executing VM operation: G1CollectForAllocation done
Event: 105.670 Executing VM operation: Cleanup
Event: 105.692 Executing VM operation: Cleanup done
Event: 106.692 Executing VM operation: Cleanup
Event: 106.722 Executing VM operation: Cleanup done
Event: 109.634 Executing VM operation: G1CollectForAllocation
Event: 109.726 Executing VM operation: G1CollectForAllocation done
Event: 119.767 Executing VM operation: Cleanup
Event: 119.823 Executing VM operation: Cleanup done
Event: 121.830 Executing VM operation: Cleanup
Event: 121.866 Executing VM operation: Cleanup done

Memory protections (20 events):
Event: 122.305 Protecting memory [0x00007f8f4ca9c000,0x00007f8f4ca9f000] with protection modes 3
Event: 122.305 Protecting memory [0x00007f8f4ca9c000,0x00007f8f4ca9f000] with protection modes 0
Event: 122.306 Protecting memory [0x00007f8f4ca9b000,0x00007f8f4ca9f000] with protection modes 0
Event: 122.445 Protecting memory [0x00007f8f4ca9c000,0x00007f8f4ca9f000] with protection modes 3
Event: 122.445 Protecting memory [0x00007f8f4ca9c000,0x00007f8f4ca9f000] with protection modes 0
Event: 122.552 Protecting memory [0x00007f8f4ca9b000,0x00007f8f4ca9f000] with protection modes 0
Event: 122.837 Protecting memory [0x00007f8f4ca9c000,0x00007f8f4ca9f000] with protection modes 3
Event: 122.837 Protecting memory [0x00007f8f4ca9c000,0x00007f8f4ca9f000] with protection modes 0
Event: 122.849 Protecting memory [0x00007f8f4ca9b000,0x00007f8f4ca9f000] with protection modes 0
Event: 122.990 Protecting memory [0x00007f8f4ca9c000,0x00007f8f4ca9f000] with protection modes 3
Event: 122.990 Protecting memory [0x00007f8f4ca9c000,0x00007f8f4ca9f000] with protection modes 0
Event: 122.991 Protecting memory [0x00007f8efe5f7000,0x00007f8efe5fb000] with protection modes 0
Event: 123.173 Protecting memory [0x00007f8efe5f8000,0x00007f8efe5fb000] with protection modes 3
Event: 123.173 Protecting memory [0x00007f8efe5f8000,0x00007f8efe5fb000] with protection modes 0
Event: 123.175 Protecting memory [0x00007f8efe5f7000,0x00007f8efe5fb000] with protection modes 0
Event: 123.397 Protecting memory [0x00007f8efe5f8000,0x00007f8efe5fb000] with protection modes 3
Event: 123.397 Protecting memory [0x00007f8efe5f8000,0x00007f8efe5fb000] with protection modes 0
Event: 123.398 Protecting memory [0x00007f8f4ca9b000,0x00007f8f4ca9f000] with protection modes 0
Event: 123.543 Protecting memory [0x00007f8f4ca9c000,0x00007f8f4ca9f000] with protection modes 3
Event: 123.543 Protecting memory [0x00007f8f4ca9c000,0x00007f8f4ca9f000] with protection modes 0

Nmethod flushes (0 events):
No events

Events (20 events):
Event: 121.345 Thread 0x00007f8fbc46ed50 Thread exited: 0x00007f8fbc46ed50
Event: 121.358 Thread 0x00007f8fbc032990 Thread added: 0x00007f8fbc46ed50
Event: 121.659 Thread 0x00007f8fbc032990 Thread added: 0x00007f8fbc46ffd0
Event: 121.669 Thread 0x00007f8fbc46ed50 Thread exited: 0x00007f8fbc46ed50
Event: 121.800 Thread 0x00007f8fbc46ffd0 Thread exited: 0x00007f8fbc46ffd0
Event: 121.853 Thread 0x00007f8fbc032990 Thread added: 0x00007f8fbc46ed50
Event: 122.305 Thread 0x00007f8fbc46ed50 Thread exited: 0x00007f8fbc46ed50
Event: 122.306 Thread 0x00007f8fbc032990 Thread added: 0x00007f8fbc46ed50
Event: 122.445 Thread 0x00007f8fbc46ed50 Thread exited: 0x00007f8fbc46ed50
Event: 122.552 Thread 0x00007f8fbc032990 Thread added: 0x00007f8fbc46ed50
Event: 122.837 Thread 0x00007f8fbc46ed50 Thread exited: 0x00007f8fbc46ed50
Event: 122.849 Thread 0x00007f8fbc032990 Thread added: 0x00007f8fbc46ed50
Event: 122.991 Thread 0x00007f8fbc46ed50 Thread exited: 0x00007f8fbc46ed50
Event: 122.991 Thread 0x00007f8fbc032990 Thread added: 0x00007f8fbc46ed50
Event: 123.174 Thread 0x00007f8fbc46ed50 Thread exited: 0x00007f8fbc46ed50
Event: 123.175 Thread 0x00007f8fbc032990 Thread added: 0x00007f8fbc46ed50
Event: 123.398 Thread 0x00007f8fbc46ed50 Thread exited: 0x00007f8fbc46ed50
Event: 123.398 Thread 0x00007f8fbc032990 Thread added: 0x00007f8fbc46ed50
Event: 123.544 Thread 0x00007f8fbc46ed50 Thread exited: 0x00007f8fbc46ed50
Event: 123.544 Thread 0x00007f8fbc032990 Thread added: 0x00007f8fbc46ed50


Dynamic libraries:
82000000-33a000000 rw-p 00000000 00:00 0 
33a000000-7fe000000 ---p 00000000 00:00 0 
7fe000000-7fef00000 rw-p 00000000 00:00 0 
7fef00000-7fef75000 rw-p 00c79000 00:33 8596472648                       /sfs/gpfs/tardis/applications/202512/software/standard/core/java/17/lib/server/classes.jsa
7fef75000-7ff000000 rw-p 00000000 00:00 0 
7ff000000-7ff078000 rw-p 00c01000 00:33 8596472648                       /sfs/gpfs/tardis/applications/202512/software/standard/core/java/17/lib/server/classes.jsa
7ff078000-800000000 rw-p 00000000 00:00 0 
55e138590000-55e138591000 r--p 00000000 00:33 8596472430                 /sfs/gpfs/tardis/applications/202512/software/standard/core/java/17/bin/java
55e138591000-55e138592000 r-xp 00001000 00:33 8596472430                 /sfs/gpfs/tardis/applications/202512/software/standard/core/java/17/bin/java
55e138592000-55e138593000 r--p 00002000 00:33 8596472430                 /sfs/gpfs/tardis/applications/202512/software/standard/core/java/17/bin/java
55e138593000-55e138594000 r--p 00002000 00:33 8596472430                 /sfs/gpfs/tardis/applications/202512/software/standard/core/java/17/bin/java
55e138594000-55e138595000 rw-p 00003000 00:33 8596472430                 /sfs/gpfs/tardis/applications/202512/software/standard/core/java/17/bin/java
55e1394e2000-55e13952a000 rw-p 00000000 00:00 0                          [heap]
7f8e68000000-7f8e68734000 rw-p 00000000 00:00 0 
7f8e68734000-7f8e6c000000 ---p 00000000 00:00 0 
7f8e6c000000-7f8e6ccca000 rw-p 00000000 00:00 0 
7f8e6ccca000-7f8e70000000 ---p 00000000 00:00 0 
7f8e70000000-7f8e70021000 rw-p 00000000 00:00 0 
7f8e70021000-7f8e74000000 ---p 00000000 00:00 0 
7f8e74000000-7f8e74b3d000 rw-p 00000000 00:00 0 
7f8e74b3d000-7f8e78000000 ---p 00000000 00:00 0 
7f8e78000000-7f8e78021000 rw-p 00000000 00:00 0 
7f8e78021000-7f8e7c000000 ---p 00000000 00:00 0 
7f8e7c000000-7f8e7c021000 rw-p 00000000 00:00 0 
7f8e7c021000-7f8e80000000 ---p 00000000 00:00 0 
7f8e80000000-7f8e80021000 rw-p 00000000 00:00 0 
7f8e80021000-7f8e84000000 ---p 00000000 00:00 0 
7f8e84000000-7f8e84021000 rw-p 00000000 00:00 0 
7f8e84021000-7f8e88000000 ---p 00000000 00:00 0 
7f8e88000000-7f8e88021000 rw-p 00000000 00:00 0 
7f8e88021000-7f8e8c000000 ---p 00000000 00:00 0 
7f8e8c000000-7f8e8c021000 rw-p 00000000 00:00 0 
7f8e8c021000-7f8e90000000 ---p 00000000 00:00 0 
7f8e90000000-7f8e90021000 rw-p 00000000 00:00 0 
7f8e90021000-7f8e94000000 ---p 00000000 00:00 0 
7f8e94000000-7f8e94021000 rw-p 00000000 00:00 0 
7f8e94021000-7f8e98000000 ---p 00000000 00:00 0 
7f8e98000000-7f8e98021000 rw-p 00000000 00:00 0 
7f8e98021000-7f8e9c000000 ---p 00000000 00:00 0 
7f8e9c000000-7f8e9c021000 rw-p 00000000 00:00 0 
7f8e9c021000-7f8ea0000000 ---p 00000000 00:00 0 
7f8ea0000000-7f8ea0021000 rw-p 00000000 00:00 0 
7f8ea0021000-7f8ea4000000 ---p 00000000 00:00 0 
7f8ea4000000-7f8ea4021000 rw-p 00000000 00:00 0 
7f8ea4021000-7f8ea8000000 ---p 00000000 00:00 0 
7f8ea8000000-7f8ea8210000 rw-p 00000000 00:00 0 
7f8ea8210000-7f8eac000000 ---p 00000000 00:00 0 
7f8eac000000-7f8eac021000 rw-p 00000000 00:00 0 
7f8eac021000-7f8eb0000000 ---p 00000000 00:00 0 
7f8eb0000000-7f8eb154c000 rw-p 00000000 00:00 0 
7f8eb154c000-7f8eb4000000 ---p 00000000 00:00 0 
7f8eb4000000-7f8eb4139000 rw-p 00000000 00:00 0 
7f8eb4139000-7f8eb8000000 ---p 00000000 00:00 0 
7f8eb8000000-7f8eb9a17000 rw-p 00000000 00:00 0 
7f8eb9a17000-7f8ebc000000 ---p 00000000 00:00 0 
7f8ebc000000-7f8ebc9c8000 rw-p 00000000 00:00 0 
7f8ebc9c8000-7f8ec0000000 ---p 00000000 00:00 0 
7f8ec0000000-7f8ec010c000 rw-p 00000000 00:00 0 
7f8ec010c000-7f8ec4000000 ---p 00000000 00:00 0 
7f8ec4000000-7f8ec4021000 rw-p 00000000 00:00 0 
7f8ec4021000-7f8ec8000000 ---p 00000000 00:00 0 
7f8ec8000000-7f8ec8573000 rw-p 00000000 00:00 0 
7f8ec8573000-7f8ecc000000 ---p 00000000 00:00 0 
7f8ecc000000-7f8ecc021000 rw-p 00000000 00:00 0 
7f8ecc021000-7f8ed0000000 ---p 00000000 00:00 0 
7f8ed0000000-7f8ed0021000 rw-p 00000000 00:00 0 
7f8ed0021000-7f8ed4000000 ---p 00000000 00:00 0 
7f8ed4000000-7f8ed40c3000 rw-p 00000000 00:00 0 
7f8ed40c3000-7f8ed8000000 ---p 00000000 00:00 0 
7f8ed8000000-7f8ed80d9000 rw-p 00000000 00:00 0 
7f8ed80d9000-7f8edc000000 ---p 00000000 00:00 0 
7f8edc000000-7f8edc021000 rw-p 00000000 00:00 0 
7f8edc021000-7f8ee0000000 ---p 00000000 00:00 0 
7f8ee0000000-7f8ee0021000 rw-p 00000000 00:00 0 
7f8ee0021000-7f8ee4000000 ---p 00000000 00:00 0 
7f8ee4000000-7f8ee4f90000 rw-p 00000000 00:00 0 
7f8ee4f90000-7f8ee8000000 ---p 00000000 00:00 0 
7f8ee8000000-7f8ee8021000 rw-p 00000000 00:00 0 
7f8ee8021000-7f8eec000000 ---p 00000000 00:00 0 
7f8eec000000-7f8eec021000 rw-p 00000000 00:00 0 
7f8eec021000-7f8ef0000000 ---p 00000000 00:00 0 
7f8ef0000000-7f8ef0021000 rw-p 00000000 00:00 0 
7f8ef0021000-7f8ef4000000 ---p 00000000 00:00 0 
7f8ef4000000-7f8ef4021000 rw-p 00000000 00:00 0 
7f8ef4021000-7f8ef8000000 ---p 00000000 00:00 0 
7f8ef8000000-7f8ef84ff000 rw-p 00000000 00:00 0 
7f8ef84ff000-7f8efc000000 ---p 00000000 00:00 0 
7f8efe3f4000-7f8efe3f9000 ---p 00000000 00:00 0 
7f8efe3f9000-7f8efe4f5000 rw-p 00000000 00:00 0 
7f8efe4f5000-7f8efe4fa000 ---p 00000000 00:00 0 
7f8efe4fa000-7f8efe5f6000 rw-p 00000000 00:00 0 
7f8efe5f6000-7f8efe5f7000 ---p 00000000 00:00 0 
7f8efe5fb000-7f8efe6f7000 rw-p 00000000 00:00 0 
7f8efe6f7000-7f8efe6f8000 ---p 00000000 00:00 0 
7f8efe6f8000-7f8efe6fc000 ---p 00000000 00:00 0 
7f8efe6fc000-7f8efe7f8000 rw-p 00000000 00:00 0 
7f8efe7f8000-7f8efe7f9000 ---p 00000000 00:00 0 
7f8efe7f9000-7f8efe8f9000 rw-p 00000000 00:00 0 
7f8efe8f9000-7f8efe8fa000 ---p 00000000 00:00 0 
7f8efe8fa000-7f8efe9fa000 rw-p 00000000 00:00 0 
7f8efe9fa000-7f8efe9fb000 ---p 00000000 00:00 0 
7f8efe9fb000-7f8efeafb000 rw-p 00000000 00:00 0 
7f8efeafb000-7f8efeafc000 ---p 00000000 00:00 0 
7f8efeafc000-7f8efebfc000 rw-p 00000000 00:00 0 
7f8efebfc000-7f8efebfd000 ---p 00000000 00:00 0 
7f8efebfd000-7f8efecfd000 rw-p 00000000 00:00 0 
7f8efecfd000-7f8efecfe000 ---p 00000000 00:00 0 
7f8efecfe000-7f8efedfe000 rw-p 00000000 00:00 0 
7f8efedfe000-7f8efedff000 ---p 00000000 00:00 0 
7f8efedff000-7f8efeeff000 rw-p 00000000 00:00 0 
7f8efeeff000-7f8efef00000 ---p 00000000 00:00 0 
7f8efef00000-7f8eff000000 rw-p 00000000 00:00 0 
7f8eff000000-7f8eff455000 rw-p 00001000 00:33 8596472648                 /sfs/gpfs/tardis/applications/202512/software/standard/core/java/17/lib/server/classes.jsa
7f8eff455000-7f8effbc9000 rw-p 00456000 00:33 8596472648                 /sfs/gpfs/tardis/applications/202512/software/standard/core/java/17/lib/server/classes.jsa
7f8effbc9000-7f8f00000000 ---p 00000000 00:00 0 
7f8f00000000-7f8f00040000 rw-p 00000000 00:00 0 
7f8f00040000-7f8f000c0000 rw-p 00000000 00:00 0 
7f8f000c0000-7f8f000d0000 rw-p 00000000 00:00 0 
7f8f000d0000-7f8f40000000 ---p 00000000 00:00 0 
7f8f40000000-7f8f40021000 rw-p 00000000 00:00 0 
7f8f40021000-7f8f44000000 ---p 00000000 00:00 0 
7f8f44000000-7f8f44380000 rw-p 00000000 00:00 0 
7f8f44380000-7f8f44400000 ---p 00000000 00:00 0 
7f8f44400000-7f8f446b0000 rw-p 00000000 00:00 0 
7f8f446b0000-7f8f48000000 ---p 00000000 00:00 0 
7f8f48000000-7f8f48021000 rw-p 00000000 00:00 0 
7f8f48021000-7f8f4c000000 ---p 00000000 00:00 0 
7f8f4c090000-7f8f4c091000 ---p 00000000 00:00 0 
7f8f4c091000-7f8f4c191000 rw-p 00000000 00:00 0 
7f8f4c191000-7f8f4c192000 ---p 00000000 00:00 0 
7f8f4c192000-7f8f4c292000 rw-p 00000000 00:00 0 
7f8f4c292000-7f8f4c293000 ---p 00000000 00:00 0 
7f8f4c293000-7f8f4c393000 rw-p 00000000 00:00 0 
7f8f4c393000-7f8f4c394000 ---p 00000000 00:00 0 
7f8f4c394000-7f8f4c494000 rw-p 00000000 00:00 0 
7f8f4c494000-7f8f4c495000 ---p 00000000 00:00 0 
7f8f4c495000-7f8f4c595000 rw-p 00000000 00:00 0 
7f8f4c595000-7f8f4c596000 ---p 00000000 00:00 0 
7f8f4c596000-7f8f4c696000 rw-p 00000000 00:00 0 
7f8f4c696000-7f8f4c69b000 ---p 00000000 00:00 0 
7f8f4c69b000-7f8f4c797000 rw-p 00000000 00:00 0 
7f8f4c797000-7f8f4c79c000 ---p 00000000 00:00 0 
7f8f4c79c000-7f8f4c898000 rw-p 00000000 00:00 0 
7f8f4c898000-7f8f4c89d000 ---p 00000000 00:00 0 
7f8f4c89d000-7f8f4c999000 rw-p 00000000 00:00 0 
7f8f4c999000-7f8f4c99e000 ---p 00000000 00:00 0 
7f8f4c99e000-7f8f4ca9a000 rw-p 00000000 00:00 0 
7f8f4ca9a000-7f8f4ca9f000 ---p 00000000 00:00 0 
7f8f4ca9f000-7f8f4cb9b000 rw-p 00000000 00:00 0 
7f8f4cb9b000-7f8f4cb9c000 ---p 00000000 00:00 0 
7f8f4cb9c000-7f8f4cc9c000 rw-p 00000000 00:00 0 
7f8f4cc9c000-7f8f4cca1000 ---p 00000000 00:00 0 
7f8f4cca1000-7f8f4cd9d000 rw-p 00000000 00:00 0 
7f8f4cd9d000-7f8f4cd9e000 ---p 00000000 00:00 0 
7f8f4cd9e000-7f8f4cda2000 ---p 00000000 00:00 0 
7f8f4cda2000-7f8f4ce9e000 rw-p 00000000 00:00 0 
7f8f4ce9e000-7f8f4ce9f000 ---p 00000000 00:00 0 
7f8f4ce9f000-7f8f4cea3000 ---p 00000000 00:00 0 
7f8f4cea3000-7f8f4cf9f000 rw-p 00000000 00:00 0 
7f8f4cf9f000-7f8f4cfa0000 ---p 00000000 00:00 0 
7f8f4cfa0000-7f8f4cfa4000 ---p 00000000 00:00 0 
7f8f4cfa4000-7f8f4d0a0000 rw-p 00000000 00:00 0 
7f8f4d0a0000-7f8f4d0a5000 ---p 00000000 00:00 0 
7f8f4d0a5000-7f8f4d1a1000 rw-p 00000000 00:00 0 
7f8f4d1a1000-7f8f4d1a2000 ---p 00000000 00:00 0 
7f8f4d1a2000-7f8f4d1a6000 ---p 00000000 00:00 0 
7f8f4d1a6000-7f8f4d2a2000 rw-p 00000000 00:00 0 
7f8f4d2a2000-7f8f4d2a3000 ---p 00000000 00:00 0 
7f8f4d2a3000-7f8f4d2a7000 ---p 00000000 00:00 0 
7f8f4d2a7000-7f8f4d3a3000 rw-p 00000000 00:00 0 
7f8f4d3a3000-7f8f4d3a4000 ---p 00000000 00:00 0 
7f8f4d3a4000-7f8f4d3a8000 ---p 00000000 00:00 0 
7f8f4d3a8000-7f8f4d4a4000 rw-p 00000000 00:00 0 
7f8f4d4a4000-7f8f4d4a5000 ---p 00000000 00:00 0 
7f8f4d4a5000-7f8f4d4a9000 ---p 00000000 00:00 0 
7f8f4d4a9000-7f8f4d5a5000 rw-p 00000000 00:00 0 
7f8f4d5a5000-7f8f4d5a6000 ---p 00000000 00:00 0 
7f8f4d5a6000-7f8f4d5aa000 ---p 00000000 00:00 0 
7f8f4d5aa000-7f8f4d6a6000 rw-p 00000000 00:00 0 
7f8f4d6a6000-7f8f4d6a7000 ---p 00000000 00:00 0 
7f8f4d6a7000-7f8f4d6ab000 ---p 00000000 00:00 0 
7f8f4d6ab000-7f8f4d7a7000 rw-p 00000000 00:00 0 
7f8f4d7a7000-7f8f4d7a8000 ---p 00000000 00:00 0 
7f8f4d7a8000-7f8f4d7ac000 ---p 00000000 00:00 0 
7f8f4d7ac000-7f8f4d8a8000 rw-p 00000000 00:00 0 
7f8f4d8a8000-7f8f4d8a9000 ---p 00000000 00:00 0 
7f8f4d8a9000-7f8f4d8ad000 ---p 00000000 00:00 0 
7f8f4d8ad000-7f8f4d9a9000 rw-p 00000000 00:00 0 
7f8f4d9a9000-7f8f4d9aa000 ---p 00000000 00:00 0 
7f8f4d9aa000-7f8f4daaa000 rw-p 00000000 00:00 0 
7f8f4daaa000-7f8f4daaf000 r--p 00000000 00:33 8596472621                 /sfs/gpfs/tardis/applications/202512/software/standard/core/java/17/lib/libjsvml.so
7f8f4daaf000-7f8f4daf0000 r-xp 00005000 00:33 8596472621                 /sfs/gpfs/tardis/applications/202512/software/standard/core/java/17/lib/libjsvml.so
7f8f4daf0000-7f8f4db79000 r--p 00046000 00:33 8596472621                 /sfs/gpfs/tardis/applications/202512/software/standard/core/java/17/lib/libjsvml.so
7f8f4db79000-7f8f4db7a000 r--p 000ce000 00:33 8596472621                 /sfs/gpfs/tardis/applications/202512/software/standard/core/java/17/lib/libjsvml.so
7f8f4db7a000-7f8f4db7b000 rw-p 000cf000 00:33 8596472621                 /sfs/gpfs/tardis/applications/202512/software/standard/core/java/17/lib/libjsvml.so
7f8f4db7b000-7f8f4dbfc000 rw-p 00000000 00:00 0 
7f8f4dbfc000-7f8f4dbfd000 ---p 00000000 00:00 0 
7f8f4dbfd000-7f8f4dcfd000 rw-p 00000000 00:00 0 
7f8f4dcfd000-7f8f4dcfe000 ---p 00000000 00:00 0 
7f8f4dcfe000-7f8f50021000 rw-p 00000000 00:00 0 
7f8f50021000-7f8f54000000 ---p 00000000 00:00 0 
7f8f54000000-7f8f54021000 rw-p 00000000 00:00 0 
7f8f54021000-7f8f58000000 ---p 00000000 00:00 0 
7f8f58000000-7f8f58021000 rw-p 00000000 00:00 0 
7f8f58021000-7f8f5c000000 ---p 00000000 00:00 0 
7f8f5c018000-7f8f5d0c4000 rw-p 00000000 00:00 0 
7f8f5d0c4000-7f8f5d0c5000 ---p 00000000 00:00 0 
7f8f5d0c5000-7f8f5d1c5000 rw-p 00000000 00:00 0 
7f8f5d1c5000-7f8f5d1c6000 ---p 00000000 00:00 0 
7f8f5d1c6000-7f8f5d2c6000 rw-p 00000000 00:00 0 
7f8f5d2c6000-7f8f5d2c7000 ---p 00000000 00:00 0 
7f8f5d2c7000-7f8f68333000 rw-p 00000000 00:00 0 
7f8f68333000-7f8f7b433000 ---p 00000000 00:00 0 
7f8f7b433000-7f8f862b3000 rw-p 00000000 00:00 0 
7f8f862b3000-7f8f993b3000 ---p 00000000 00:00 0 
7f8f993b3000-7f8f9a9f3000 rw-p 00000000 00:00 0 
7f8f9a9f3000-7f8f9d013000 ---p 00000000 00:00 0 
7f8f9d013000-7f8f9e5e3000 rw-p 00000000 00:00 0 
7f8f9e5e3000-7f8fa0c03000 ---p 00000000 00:00 0 
7f8fa0c03000-7f8fa21d3000 rw-p 00000000 00:00 0 
7f8fa21d3000-7f8fa47f3000 ---p 00000000 00:00 0 
7f8fa47f3000-7f8fa53fe000 rw-p 00000000 00:00 0 
7f8fa53fe000-7f8fa581e000 rwxp 00000000 00:00 0 
7f8fa581e000-7f8fac85d000 ---p 00000000 00:00 0 
7f8fac85d000-7f8facb4d000 rwxp 00000000 00:00 0 
7f8facb4d000-7f8facf9e000 ---p 00000000 00:00 0 
7f8facf9e000-7f8fad20e000 rwxp 00000000 00:00 0 
7f8fad20e000-7f8fb43fe000 ---p 00000000 00:00 0 
7f8fb43fe000-7f8fbc000000 r--s 00000000 00:33 8596472637                 /sfs/gpfs/tardis/applications/202512/software/standard/core/java/17/lib/modules
7f8fbc000000-7f8fbc52f000 rw-p 00000000 00:00 0 
7f8fbc52f000-7f8fc0000000 ---p 00000000 00:00 0 
7f8fc0007000-7f8fc0009000 r--p 00000000 00:33 8596472625                 /sfs/gpfs/tardis/applications/202512/software/standard/core/java/17/lib/libmanagement_ext.so
7f8fc0009000-7f8fc000c000 r-xp 00002000 00:33 8596472625                 /sfs/gpfs/tardis/applications/202512/software/standard/core/java/17/lib/libmanagement_ext.so
7f8fc000c000-7f8fc000d000 r--p 00005000 00:33 8596472625                 /sfs/gpfs/tardis/applications/202512/software/standard/core/java/17/lib/libmanagement_ext.so
7f8fc000d000-7f8fc000e000 ---p 00006000 00:33 8596472625                 /sfs/gpfs/tardis/applications/202512/software/standard/core/java/17/lib/libmanagement_ext.so
7f8fc000e000-7f8fc000f000 r--p 00006000 00:33 8596472625                 /sfs/gpfs/tardis/applications/202512/software/standard/core/java/17/lib/libmanagement_ext.so
7f8fc000f000-7f8fc0010000 rw-p 00007000 00:33 8596472625                 /sfs/gpfs/tardis/applications/202512/software/standard/core/java/17/lib/libmanagement_ext.so
7f8fc0010000-7f8fc0013000 r--p 00000000 00:33 8596472623                 /sfs/gpfs/tardis/applications/202512/software/standard/core/java/17/lib/libmanagement.so
7f8fc0013000-7f8fc0014000 r-xp 00003000 00:33 8596472623                 /sfs/gpfs/tardis/applications/202512/software/standard/core/java/17/lib/libmanagement.so
7f8fc0014000-7f8fc0015000 r--p 00004000 00:33 8596472623                 /sfs/gpfs/tardis/applications/202512/software/standard/core/java/17/lib/libmanagement.so
7f8fc0015000-7f8fc0016000 r--p 00004000 00:33 8596472623                 /sfs/gpfs/tardis/applications/202512/software/standard/core/java/17/lib/libmanagement.so
7f8fc0016000-7f8fc0017000 rw-p 00005000 00:33 8596472623                 /sfs/gpfs/tardis/applications/202512/software/standard/core/java/17/lib/libmanagement.so
7f8fc0017000-7f8fc001b000 r--p 00000000 00:33 8596472635                 /sfs/gpfs/tardis/applications/202512/software/standard/core/java/17/lib/libverify.so
7f8fc001b000-7f8fc0022000 r-xp 00004000 00:33 8596472635                 /sfs/gpfs/tardis/applications/202512/software/standard/core/java/17/lib/libverify.so
7f8fc0022000-7f8fc0024000 r--p 0000b000 00:33 8596472635                 /sfs/gpfs/tardis/applications/202512/software/standard/core/java/17/lib/libverify.so
7f8fc0024000-7f8fc0026000 r--p 0000c000 00:33 8596472635                 /sfs/gpfs/tardis/applications/202512/software/standard/core/java/17/lib/libverify.so
7f8fc0026000-7f8fc0027000 rw-p 0000e000 00:33 8596472635                 /sfs/gpfs/tardis/applications/202512/software/standard/core/java/17/lib/libverify.so
7f8fc0027000-7f8fc002b000 r--p 00000000 00:33 8596472627                 /sfs/gpfs/tardis/applications/202512/software/standard/core/java/17/lib/libnet.so
7f8fc002b000-7f8fc0039000 r-xp 00004000 00:33 8596472627                 /sfs/gpfs/tardis/applications/202512/software/standard/core/java/17/lib/libnet.so
7f8fc0039000-7f8fc003d000 r--p 00012000 00:33 8596472627                 /sfs/gpfs/tardis/applications/202512/software/standard/core/java/17/lib/libnet.so
7f8fc003d000-7f8fc003e000 r--p 00015000 00:33 8596472627                 /sfs/gpfs/tardis/applications/202512/software/standard/core/java/17/lib/libnet.so
7f8fc003e000-7f8fc003f000 rw-p 00016000 00:33 8596472627                 /sfs/gpfs/tardis/applications/202512/software/standard/core/java/17/lib/libnet.so
7f8fc003f000-7f8fc0046000 r--p 00000000 00:33 8596472628                 /sfs/gpfs/tardis/applications/202512/software/standard/core/java/17/lib/libnio.so
7f8fc0046000-7f8fc004f000 r-xp 00007000 00:33 8596472628                 /sfs/gpfs/tardis/applications/202512/software/standard/core/java/17/lib/libnio.so
7f8fc004f000-7f8fc0053000 r--p 00010000 00:33 8596472628                 /sfs/gpfs/tardis/applications/202512/software/standard/core/java/17/lib/libnio.so
7f8fc0053000-7f8fc0054000 ---p 00014000 00:33 8596472628                 /sfs/gpfs/tardis/applications/202512/software/standard/core/java/17/lib/libnio.so
7f8fc0054000-7f8fc0055000 r--p 00014000 00:33 8596472628                 /sfs/gpfs/tardis/applications/202512/software/standard/core/java/17/lib/libnio.so
7f8fc0055000-7f8fc0056000 rw-p 00015000 00:33 8596472628                 /sfs/gpfs/tardis/applications/202512/software/standard/core/java/17/lib/libnio.so
7f8fc0056000-7f8fc0762000 rw-p 00000000 00:00 0 
7f8fc0762000-7f8fc0846000 ---p 00000000 00:00 0 
7f8fc0846000-7f8fc084f000 rw-p 00000000 00:00 0 
7f8fc084f000-7f8fc092f000 ---p 00000000 00:00 0 
7f8fc092f000-7f8fc0931000 r--p 00000000 00:33 8596472636                 /sfs/gpfs/tardis/applications/202512/software/standard/core/java/17/lib/libzip.so
7f8fc0931000-7f8fc0943000 r-xp 00002000 00:33 8596472636                 /sfs/gpfs/tardis/applications/202512/software/standard/core/java/17/lib/libzip.so
7f8fc0943000-7f8fc094b000 r--p 00014000 00:33 8596472636                 /sfs/gpfs/tardis/applications/202512/software/standard/core/java/17/lib/libzip.so
7f8fc094b000-7f8fc094c000 r--p 0001b000 00:33 8596472636                 /sfs/gpfs/tardis/applications/202512/software/standard/core/java/17/lib/libzip.so
7f8fc094c000-7f8fc094d000 rw-p 0001c000 00:33 8596472636                 /sfs/gpfs/tardis/applications/202512/software/standard/core/java/17/lib/libzip.so
7f8fc094d000-7f8fc0958000 r-xp 00000000 00:29 41352995                   /usr/lib64/libnss_files-2.28.so
7f8fc0958000-7f8fc0b58000 ---p 0000b000 00:29 41352995                   /usr/lib64/libnss_files-2.28.so
7f8fc0b58000-7f8fc0b59000 r--p 0000b000 00:29 41352995                   /usr/lib64/libnss_files-2.28.so
7f8fc0b59000-7f8fc0b5a000 rw-p 0000c000 00:29 41352995                   /usr/lib64/libnss_files-2.28.so
7f8fc0b5a000-7f8fc0b60000 rw-p 00000000 00:00 0 
7f8fc0b60000-7f8fc0b67000 r-xp 00000000 00:29 41352993                   /usr/lib64/libnss_db-2.28.so
7f8fc0b67000-7f8fc0d66000 ---p 00007000 00:29 41352993                   /usr/lib64/libnss_db-2.28.so
7f8fc0d66000-7f8fc0d67000 r--p 00006000 00:29 41352993                   /usr/lib64/libnss_db-2.28.so
7f8fc0d67000-7f8fc0d68000 rw-p 00007000 00:29 41352993                   /usr/lib64/libnss_db-2.28.so
7f8fc0d68000-7f8fc0d6b000 rw-p 00000000 00:00 0 
7f8fc0d6b000-7f8fc0fe3000 r--p 00000000 00:29 42290259                   /usr/lib/locale/en_US.utf8/LC_COLLATE
7f8fc0fe3000-7f8fc1164000 r-xp 00000000 00:29 41352876                   /usr/lib64/libm-2.28.so
7f8fc1164000-7f8fc1363000 ---p 00181000 00:29 41352876                   /usr/lib64/libm-2.28.so
7f8fc1363000-7f8fc1364000 r--p 00180000 00:29 41352876                   /usr/lib64/libm-2.28.so
7f8fc1364000-7f8fc1365000 rw-p 00181000 00:29 41352876                   /usr/lib64/libm-2.28.so
7f8fc1365000-7f8fc136c000 r-xp 00000000 00:29 41353205                   /usr/lib64/librt-2.28.so
7f8fc136c000-7f8fc156b000 ---p 00007000 00:29 41353205                   /usr/lib64/librt-2.28.so
7f8fc156b000-7f8fc156c000 r--p 00006000 00:29 41353205                   /usr/lib64/librt-2.28.so
7f8fc156c000-7f8fc156d000 rw-p 00007000 00:29 41353205                   /usr/lib64/librt-2.28.so
7f8fc156d000-7f8fc17c0000 r--p 00000000 00:33 8596472651                 /sfs/gpfs/tardis/applications/202512/software/standard/core/java/17/lib/server/libjvm.so
7f8fc17c0000-7f8fc24e9000 r-xp 00253000 00:33 8596472651                 /sfs/gpfs/tardis/applications/202512/software/standard/core/java/17/lib/server/libjvm.so
7f8fc24e9000-7f8fc2776000 r--p 00f7c000 00:33 8596472651                 /sfs/gpfs/tardis/applications/202512/software/standard/core/java/17/lib/server/libjvm.so
7f8fc2776000-7f8fc2777000 ---p 01209000 00:33 8596472651                 /sfs/gpfs/tardis/applications/202512/software/standard/core/java/17/lib/server/libjvm.so
7f8fc2777000-7f8fc2830000 r--p 01209000 00:33 8596472651                 /sfs/gpfs/tardis/applications/202512/software/standard/core/java/17/lib/server/libjvm.so
7f8fc2830000-7f8fc2865000 rw-p 012c2000 00:33 8596472651                 /sfs/gpfs/tardis/applications/202512/software/standard/core/java/17/lib/server/libjvm.so
7f8fc2865000-7f8fc28c0000 rw-p 00000000 00:00 0 
7f8fc28c0000-7f8fc2a8d000 r-xp 00000000 00:29 41352421                   /usr/lib64/libc-2.28.so
7f8fc2a8d000-7f8fc2c8c000 ---p 001cd000 00:29 41352421                   /usr/lib64/libc-2.28.so
7f8fc2c8c000-7f8fc2c90000 r--p 001cc000 00:29 41352421                   /usr/lib64/libc-2.28.so
7f8fc2c90000-7f8fc2c92000 rw-p 001d0000 00:29 41352421                   /usr/lib64/libc-2.28.so
7f8fc2c92000-7f8fc2c96000 rw-p 00000000 00:00 0 
7f8fc2c96000-7f8fc2c99000 r-xp 00000000 00:29 41352530                   /usr/lib64/libdl-2.28.so
7f8fc2c99000-7f8fc2e98000 ---p 00003000 00:29 41352530                   /usr/lib64/libdl-2.28.so
7f8fc2e98000-7f8fc2e99000 r--p 00002000 00:29 41352530                   /usr/lib64/libdl-2.28.so
7f8fc2e99000-7f8fc2e9a000 rw-p 00003000 00:29 41352530                   /usr/lib64/libdl-2.28.so
7f8fc2e9a000-7f8fc2eb5000 r-xp 00000000 00:29 41353149                   /usr/lib64/libpthread-2.28.so
7f8fc2eb5000-7f8fc30b4000 ---p 0001b000 00:29 41353149                   /usr/lib64/libpthread-2.28.so
7f8fc30b4000-7f8fc30b5000 r--p 0001a000 00:29 41353149                   /usr/lib64/libpthread-2.28.so
7f8fc30b5000-7f8fc30b6000 rw-p 0001b000 00:29 41353149                   /usr/lib64/libpthread-2.28.so
7f8fc30b6000-7f8fc30ba000 rw-p 00000000 00:00 0 
7f8fc30ba000-7f8fc30e9000 r-xp 00000000 00:29 41352045                   /usr/lib64/ld-2.28.so
7f8fc30ed000-7f8fc30ee000 r--p 00000000 00:33 8596472606                 /sfs/gpfs/tardis/applications/202512/software/standard/core/java/17/lib/libextnet.so
7f8fc30ee000-7f8fc30ef000 r-xp 00001000 00:33 8596472606                 /sfs/gpfs/tardis/applications/202512/software/standard/core/java/17/lib/libextnet.so
7f8fc30ef000-7f8fc30f0000 r--p 00002000 00:33 8596472606                 /sfs/gpfs/tardis/applications/202512/software/standard/core/java/17/lib/libextnet.so
7f8fc30f0000-7f8fc30f1000 r--p 00002000 00:33 8596472606                 /sfs/gpfs/tardis/applications/202512/software/standard/core/java/17/lib/libextnet.so
7f8fc30f1000-7f8fc30f2000 rw-p 00003000 00:33 8596472606                 /sfs/gpfs/tardis/applications/202512/software/standard/core/java/17/lib/libextnet.so
7f8fc30f2000-7f8fc30f8000 rw-p 00000000 00:00 0 
7f8fc30f8000-7f8fc3101000 ---p 00000000 00:00 0 
7f8fc3101000-7f8fc3102000 r--s 00000000 203:97233 4334508089525993473    /sfs/weka/scratch/wxw9rr/tmp/pitest-agent4297895672587801351.jar
7f8fc3102000-7f8fc310a000 rw-s 00000000 00:2d 86313947                   /tmp/hsperfdata_wxw9rr/606252
7f8fc310a000-7f8fc315d000 r--p 00000000 00:29 42289927                   /usr/lib/locale/C.utf8/LC_CTYPE
7f8fc315d000-7f8fc315e000 r--p 00000000 00:29 42290264                   /usr/lib/locale/en_US.utf8/LC_NUMERIC
7f8fc315e000-7f8fc315f000 r--p 00000000 00:29 42290267                   /usr/lib/locale/en_US.utf8/LC_TIME
7f8fc315f000-7f8fc3160000 r--p 00000000 00:29 42290262                   /usr/lib/locale/en_US.utf8/LC_MONETARY
7f8fc3160000-7f8fc3161000 r--p 00000000 00:29 42290268                   /usr/lib/locale/en_US.utf8/LC_MESSAGES/SYS_LC_MESSAGES
7f8fc3161000-7f8fc3162000 r--p 00000000 00:29 42290265                   /usr/lib/locale/en_US.utf8/LC_PAPER
7f8fc3162000-7f8fc3169000 r--s 00000000 00:29 41660342                   /usr/lib64/gconv/gconv-modules.cache
7f8fc3169000-7f8fc3177000 r--p 00000000 00:33 8596472613                 /sfs/gpfs/tardis/applications/202512/software/standard/core/java/17/lib/libjava.so
7f8fc3177000-7f8fc3189000 r-xp 0000e000 00:33 8596472613                 /sfs/gpfs/tardis/applications/202512/software/standard/core/java/17/lib/libjava.so
7f8fc3189000-7f8fc318f000 r--p 00020000 00:33 8596472613                 /sfs/gpfs/tardis/applications/202512/software/standard/core/java/17/lib/libjava.so
7f8fc318f000-7f8fc3190000 ---p 00026000 00:33 8596472613                 /sfs/gpfs/tardis/applications/202512/software/standard/core/java/17/lib/libjava.so
7f8fc3190000-7f8fc3191000 r--p 00026000 00:33 8596472613                 /sfs/gpfs/tardis/applications/202512/software/standard/core/java/17/lib/libjava.so
7f8fc3191000-7f8fc3192000 rw-p 00027000 00:33 8596472613                 /sfs/gpfs/tardis/applications/202512/software/standard/core/java/17/lib/libjava.so
7f8fc3192000-7f8fc3193000 rw-p 00000000 00:00 0 
7f8fc3193000-7f8fc3197000 r--p 00000000 00:33 8596472617                 /sfs/gpfs/tardis/applications/202512/software/standard/core/java/17/lib/libjimage.so
7f8fc3197000-7f8fc31aa000 r-xp 00004000 00:33 8596472617                 /sfs/gpfs/tardis/applications/202512/software/standard/core/java/17/lib/libjimage.so
7f8fc31aa000-7f8fc31b0000 r--p 00017000 00:33 8596472617                 /sfs/gpfs/tardis/applications/202512/software/standard/core/java/17/lib/libjimage.so
7f8fc31b0000-7f8fc31b2000 r--p 0001c000 00:33 8596472617                 /sfs/gpfs/tardis/applications/202512/software/standard/core/java/17/lib/libjimage.so
7f8fc31b2000-7f8fc31b3000 rw-p 0001e000 00:33 8596472617                 /sfs/gpfs/tardis/applications/202512/software/standard/core/java/17/lib/libjimage.so
7f8fc31b3000-7f8fc31b7000 ---p 00000000 00:00 0 
7f8fc31b7000-7f8fc32b6000 rw-p 00000000 00:00 0 
7f8fc32b6000-7f8fc32b7000 r--p 00000000 00:29 42290263                   /usr/lib/locale/en_US.utf8/LC_NAME
7f8fc32b7000-7f8fc32b8000 r--p 00000000 00:29 42290258                   /usr/lib/locale/en_US.utf8/LC_ADDRESS
7f8fc32b8000-7f8fc32b9000 r--p 00000000 00:29 42290266                   /usr/lib/locale/en_US.utf8/LC_TELEPHONE
7f8fc32b9000-7f8fc32ba000 r--p 00000000 00:29 42290261                   /usr/lib/locale/en_US.utf8/LC_MEASUREMENT
7f8fc32ba000-7f8fc32bb000 r--p 00000000 00:29 42290260                   /usr/lib/locale/en_US.utf8/LC_IDENTIFICATION
7f8fc32bb000-7f8fc32bd000 r--p 00000000 00:33 8596472608                 /sfs/gpfs/tardis/applications/202512/software/standard/core/java/17/lib/libinstrument.so
7f8fc32bd000-7f8fc32c3000 r-xp 00002000 00:33 8596472608                 /sfs/gpfs/tardis/applications/202512/software/standard/core/java/17/lib/libinstrument.so
7f8fc32c3000-7f8fc32c6000 r--p 00008000 00:33 8596472608                 /sfs/gpfs/tardis/applications/202512/software/standard/core/java/17/lib/libinstrument.so
7f8fc32c6000-7f8fc32c7000 r--p 0000a000 00:33 8596472608                 /sfs/gpfs/tardis/applications/202512/software/standard/core/java/17/lib/libinstrument.so
7f8fc32c7000-7f8fc32c8000 rw-p 0000b000 00:33 8596472608                 /sfs/gpfs/tardis/applications/202512/software/standard/core/java/17/lib/libinstrument.so
7f8fc32c8000-7f8fc32c9000 ---p 00000000 00:00 0 
7f8fc32c9000-7f8fc32ca000 r--p 00000000 00:00 0 
7f8fc32ca000-7f8fc32cb000 ---p 00000000 00:00 0 
7f8fc32cb000-7f8fc32ce000 r--p 00000000 00:33 8596472618                 /sfs/gpfs/tardis/applications/202512/software/standard/core/java/17/lib/libjli.so
7f8fc32ce000-7f8fc32de000 r-xp 00003000 00:33 8596472618                 /sfs/gpfs/tardis/applications/202512/software/standard/core/java/17/lib/libjli.so
7f8fc32de000-7f8fc32e5000 r--p 00013000 00:33 8596472618                 /sfs/gpfs/tardis/applications/202512/software/standard/core/java/17/lib/libjli.so
7f8fc32e5000-7f8fc32e6000 r--p 00019000 00:33 8596472618                 /sfs/gpfs/tardis/applications/202512/software/standard/core/java/17/lib/libjli.so
7f8fc32e6000-7f8fc32e7000 rw-p 0001a000 00:33 8596472618                 /sfs/gpfs/tardis/applications/202512/software/standard/core/java/17/lib/libjli.so
7f8fc32e7000-7f8fc32e9000 rw-p 00000000 00:00 0 
7f8fc32e9000-7f8fc32ea000 r--p 0002f000 00:29 41352045                   /usr/lib64/ld-2.28.so
7f8fc32ea000-7f8fc32ec000 rw-p 00030000 00:29 41352045                   /usr/lib64/ld-2.28.so
7fff145f3000-7fff14618000 rw-p 00000000 00:00 0                          [stack]
7fff1479d000-7fff147a1000 r--p 00000000 00:00 0                          [vvar]
7fff147a1000-7fff147a3000 r-xp 00000000 00:00 0                          [vdso]
ffffffffff600000-ffffffffff601000 r-xp 00000000 00:00 0                  [vsyscall]


VM Arguments:
jvm_args: -Dclassworlds.conf=/apps/software/standard/core/maven/3.9.0/bin/m2.conf -Dmaven.home=/apps/software/standard/core/maven/3.9.0 -Dlibrary.jansi.path=/apps/software/standard/core/maven/3.9.0/lib/jansi-native -Dmaven.multiModuleProjectDirectory=/scratch/wxw9rr/artifact/RQ3/OE25-DEV/commons-beanutils-1.9.4 -Djava.io.tmpdir=/sfs/weka/scratch/wxw9rr/tmp -javaagent:/sfs/weka/scratch/wxw9rr/tmp/pitest-agent4297895672587801351.jar -ea -Djava.awt.headless=true -XX:+UseG1GC -Djava.io.tmpdir=/sfs/weka/scratch/wxw9rr/tmp 
java_command: org.pitest.mutationtest.execute.MutationTestMinion 43151
java_class_path (initial): /sfs/weka/scratch/wxw9rr/artifact/RQ3/OE25-DEV/commons-beanutils-1.9.4/target/test-classes:/sfs/weka/scratch/wxw9rr/artifact/RQ3/OE25-DEV/commons-beanutils-1.9.4/target/classes:/home/wxw9rr/.m2/repository/commons-logging/commons-logging/1.2/commons-logging-1.2.jar:/home/wxw9rr/.m2/repository/commons-collections/commons-collections/3.2.2/commons-collections-3.2.2.jar:/home/wxw9rr/.m2/repository/commons-collections/commons-collections-testframework/3.2.1/commons-collections-testframework-3.2.1.jar:/home/wxw9rr/.m2/repository/junit/junit/4.12/junit-4.12.jar:/home/wxw9rr/.m2/repository/org/hamcrest/hamcrest-core/1.3/hamcrest-core-1.3.jar:/home/wxw9rr/.m2/repository/org/pitest/pitest/1.22.0/pitest-1.22.0.jar
Launcher Type: SUN_STANDARD

[Global flags]
     intx CICompilerCount                          = 12                                        {product} {ergonomic}
     uint ConcGCThreads                            = 5                                         {product} {ergonomic}
     uint G1ConcRefinementThreads                  = 18                                        {product} {ergonomic}
   size_t G1HeapRegionSize                         = 16777216                                  {product} {ergonomic}
    uintx GCDrainStackTargetSize                   = 64                                        {product} {ergonomic}
   size_t InitialHeapSize                          = 2147483648                                {product} {ergonomic}
   size_t MarkStackSize                            = 4194304                                   {product} {ergonomic}
   size_t MaxHeapSize                              = 32178700288                               {product} {ergonomic}
   size_t MaxNewSize                               = 19293798400                               {product} {ergonomic}
   size_t MinHeapDeltaBytes                        = 16777216                                  {product} {ergonomic}
   size_t MinHeapSize                              = 16777216                                  {product} {ergonomic}
    uintx NonNMethodCodeHeapSize                   = 7602480                                {pd product} {ergonomic}
    uintx NonProfiledCodeHeapSize                  = 122027880                              {pd product} {ergonomic}
    uintx ProfiledCodeHeapSize                     = 122027880                              {pd product} {ergonomic}
    uintx ReservedCodeCacheSize                    = 251658240                              {pd product} {ergonomic}
     bool SegmentedCodeCache                       = true                                      {product} {ergonomic}
   size_t SoftMaxHeapSize                          = 32178700288                            {manageable} {ergonomic}
     bool UseCompressedClassPointers               = true                           {product lp64_product} {ergonomic}
     bool UseCompressedOops                        = true                           {product lp64_product} {ergonomic}
     bool UseG1GC                                  = true                                      {product} {command line}

Logging:
Log output configuration:
 #0: stdout all=warning uptime,level,tags
 #1: stderr all=off uptime,level,tags

Environment Variables:
JAVA_HOME=/apps/software/standard/core/java/17
_JAVA_OPTIONS=-Djava.io.tmpdir=/sfs/weka/scratch/wxw9rr/tmp
PATH=/apps/software/standard/core/java/17:/apps/software/standard/core/java/17/bin:/apps/software/standard/core/maven/3.9.0:/apps/software/standard/core/maven/3.9.0/bin:/home/wxw9rr/.local/bin:/opt/mam/9.1.2/bin:/sfs/gpfs/tardis/applications/202512/software/standard/core/code-server/4.99.1/lib/vscode/bin/remote-cli:/apps/software/standard/core/code-server/4.99.1/bin:/apps/software/standard/core/miniforge/24.3.0-py3.11:/apps/software/standard/core/miniforge/24.3.0-py3.11/sbin:/apps/software/standard/core/miniforge/24.3.0-py3.11/bin:/sfs/gpfs/tardis/home/wxw9rr/miniforge3/bin:/sfs/gpfs/tardis/home/wxw9rr/miniforge3/condabin:/usr/local/bin:/usr/bin:/usr/local/sbin:/usr/sbin:/opt/slurm/current/bin:/opt/rci/bin:/share/resources/HPCtools:/opt/mam/current/bin:/opt/apptainer/current/bin:/sfs/gpfs/tardis/home/wxw9rr/.local/bin
LD_LIBRARY_PATH=/apps/software/standard/core/java/17/lib:/apps/software/standard/core/maven/3.9.0/lib:/opt/slurm/current/lib
SHELL=/bin/bash
LANG=en_US.UTF-8
TERM=xterm-256color
TMPDIR=/sfs/weka/scratch/wxw9rr/tmp
TMP=/sfs/weka/scratch/wxw9rr/tmp
TEMP=/sfs/weka/scratch/wxw9rr/tmp

Active Locale:
LC_ALL=en_US.UTF-8
LC_COLLATE=en_US.UTF-8
LC_CTYPE=en_US.UTF-8
LC_MESSAGES=en_US.UTF-8
LC_MONETARY=en_US.UTF-8
LC_NUMERIC=en_US.UTF-8
LC_TIME=en_US.UTF-8

Signal Handlers:
   SIGSEGV: crash_handler in libjvm.so, mask=11100100010111111101111111111110, flags=SA_RESTART|SA_SIGINFO, unblocked
    SIGBUS: crash_handler in libjvm.so, mask=11100100010111111101111111111110, flags=SA_RESTART|SA_SIGINFO, unblocked
    SIGFPE: crash_handler in libjvm.so, mask=11100100010111111101111111111110, flags=SA_RESTART|SA_SIGINFO, unblocked
   SIGPIPE: javaSignalHandler in libjvm.so, mask=11100100010111111101111111111110, flags=SA_RESTART|SA_SIGINFO, unblocked
   SIGXFSZ: javaSignalHandler in libjvm.so, mask=11100100010111111101111111111110, flags=SA_RESTART|SA_SIGINFO, unblocked
    SIGILL: crash_handler in libjvm.so, mask=11100100010111111101111111111110, flags=SA_RESTART|SA_SIGINFO, unblocked
   SIGUSR2: SR_handler in libjvm.so, mask=00100000000000000000000000000000, flags=SA_RESTART|SA_SIGINFO, unblocked
    SIGHUP: UserHandler in libjvm.so, mask=11100100010111111101111111111110, flags=SA_RESTART|SA_SIGINFO, unblocked
    SIGINT: UserHandler in libjvm.so, mask=11100100010111111101111111111110, flags=SA_RESTART|SA_SIGINFO, unblocked
   SIGTERM: UserHandler in libjvm.so, mask=11100100010111111101111111111110, flags=SA_RESTART|SA_SIGINFO, unblocked
   SIGQUIT: UserHandler in libjvm.so, mask=11100100010111111101111111111110, flags=SA_RESTART|SA_SIGINFO, blocked
   SIGTRAP: crash_handler in libjvm.so, mask=11100100010111111101111111111110, flags=SA_RESTART|SA_SIGINFO, unblocked


Periodic native trim disabled


---------------  S Y S T E M  ---------------

OS:
Rocky Linux release 8.10 (Green Obsidian)
uname: Linux 4.18.0-553.47.1.el8_10.x86_64 #1 SMP Thu Apr 3 14:27:08 UTC 2025 x86_64
OS uptime: 88 days 17:13 hours
libc: glibc 2.28 NPTL 2.28 
rlimit (soft/hard): STACK 8192k/infinity , CORE infinity/infinity , NPROC 3094208/3094208 , NOFILE 65536/65536 , AS infinity/infinity , CPU infinity/infinity , DATA infinity/infinity , FSIZE infinity/infinity , MEMLOCK infinity/infinity
load average: 107.72 68.92 51.21

/proc/meminfo:
MemTotal:       792160700 kB
MemFree:        74242936 kB
MemAvailable:   311100224 kB
Buffers:           28000 kB
Cached:         257955304 kB
SwapCached:            0 kB
Active:         92673448 kB
Inactive:       584221528 kB
Active(anon):    9145900 kB
Inactive(anon): 429892796 kB
Active(file):   83527548 kB
Inactive(file): 154328732 kB
Unevictable:    16958460 kB
Mlocked:        16958460 kB
SwapTotal:             0 kB
SwapFree:              0 kB
Dirty:                88 kB
Writeback:             0 kB
AnonPages:      435725780 kB
Mapped:          3396088 kB
Shmem:          19762004 kB
KReclaimable:    4104324 kB
Slab:            6625380 kB
SReclaimable:    4104324 kB
SUnreclaim:      2521056 kB
KernelStack:      109536 kB
PageTables:      1072708 kB
NFS_Unstable:          0 kB
Bounce:                0 kB
WritebackTmp:          0 kB
CommitLimit:    772820100 kB
Committed_AS:   772692136 kB
VmallocTotal:   13743895347199 kB
VmallocUsed:     2471256 kB
VmallocChunk:          0 kB
Percpu:           909312 kB
HardwareCorrupted:     0 kB
AnonHugePages:  131377152 kB
ShmemHugePages:        0 kB
ShmemPmdMapped:        0 kB
FileHugePages:         0 kB
FilePmdMapped:         0 kB
HugePages_Total:    5632
HugePages_Free:        0
HugePages_Rsvd:        0
HugePages_Surp:        0
Hugepagesize:       2048 kB
Hugetlb:        11534336 kB
DirectMap4k:     1240012 kB
DirectMap2M:    201951232 kB
DirectMap1G:    602931200 kB

/sys/kernel/mm/transparent_hugepage/enabled: [always] madvise never
/sys/kernel/mm/transparent_hugepage/hpage_pmd_size: 2097152
/sys/kernel/mm/transparent_hugepage/defrag (defrag/compaction efforts parameter): always defer defer+madvise [madvise] never

Process Memory:
Virtual Size: 37075684K (peak: 37082228K)
Resident Set Size: 9107872K (peak: 9108856K) (anon: 9089880K, file: 17960K, shmem: 32K)
Swapped out: 0K
C-Heap outstanding allocations: 60378K, retained: 111737K (may have wrapped)
glibc malloc tunables: (default)

/proc/sys/kernel/threads-max (system-wide limit on the number of threads): 6188417
/proc/sys/vm/max_map_count (maximum number of memory map areas a process may have): 65530
/proc/sys/vm/swappiness (control to define how aggressively the kernel swaps out anonymous memory): 10
/proc/sys/kernel/pid_max (system-wide limit on number of process identifiers): 999999

container (cgroup) information:
container_type: cgroupv1
cpu_cpuset_cpus: 0-23
cpu_memory_nodes: 0-1
active_processor_count: 24
cpu_quota: no quota
cpu_period: 100000
cpu_shares: no shares
memory_limit_in_bytes: 536870912 k
memory_and_swap_limit_in_bytes: 536870912 k
memory_soft_limit_in_bytes: unlimited
memory_usage_in_bytes: 416293204 k
memory_max_usage_in_bytes: 441547720 k
kernel_memory_limit_in_bytes: unlimited
kernel_memory_usage_in_bytes: 2703212 k
kernel_memory_max_usage_in_bytes: 2715224 k
maximum number of tasks: unlimited
current number of tasks: 3775

Steal ticks since vm start: 0
Steal ticks percentage since vm start:  0.000

CPU: total 96 (initial active 24) (48 cores per cpu, 1 threads per core) family 25 model 17 stepping 1 microcode 0xa10113b, cx8, cmov, fxsr, mmx, 3dnowpref, sse, sse2, sse3, ssse3, sse4a, sse4.1, sse4.2, popcnt, lzcnt, tsc, tscinvbit, avx, avx2, aes, erms, clmul, bmi1, bmi2, adx, avx512f, avx512dq, avx512cd, avx512bw, avx512vl, sha, fma, vzeroupper, avx512_vpopcntdq, avx512_vpclmulqdq, avx512_vaes, avx512_vnni, clflush, clflushopt, avx512_vbmi2, avx512_vbmi
CPU Model and flags from /proc/cpuinfo:
model name	: AMD EPYC 9454 48-Core Processor
flags		: fpu vme de pse tsc msr pae mce cx8 apic sep mtrr pge mca cmov pat pse36 clflush mmx fxsr sse sse2 ht syscall nx mmxext fxsr_opt pdpe1gb rdtscp lm constant_tsc rep_good amd_lbr_v2 nopl nonstop_tsc cpuid extd_apicid aperfmperf pni pclmulqdq monitor ssse3 fma cx16 pcid sse4_1 sse4_2 x2apic movbe popcnt aes xsave avx f16c rdrand lahf_lm cmp_legacy svm extapic cr8_legacy abm sse4a misalignsse 3dnowprefetch osvw ibs skinit wdt tce topoext perfctr_core perfctr_nb bpext perfctr_llc mwaitx cpb cat_l3 cdp_l3 invpcid_single hw_pstate ssbd mba perfmon_v2 ibrs ibpb stibp ibrs_enhanced vmmcall fsgsbase bmi1 avx2 smep bmi2 erms invpcid cqm rdt_a avx512f avx512dq rdseed adx smap avx512ifma clflushopt clwb avx512cd sha_ni avx512bw avx512vl xsaveopt xsavec xgetbv1 xsaves cqm_llc cqm_occup_llc cqm_mbm_total cqm_mbm_local avx512_bf16 clzero irperf xsaveerptr wbnoinvd amd_ppin cppc arat npt lbrv svm_lock nrip_save tsc_scale vmcb_clean flushbyasid decodeassists pausefilter pfthreshold avic v_vmsave_vmload vgif x2avic v_spec_ctrl avx512vbmi umip pku ospke avx512_vbmi2 gfni vaes vpclmulqdq avx512_vnni avx512_bitalg avx512_vpopcntdq la57 rdpid overflow_recov succor smca fsrm flush_l1d

Online cpus: 0-95
Offline cpus: 96-511
BIOS frequency limitation: 2750000
Frequency switch latency (ns): 0
Available cpu frequencies: 2750000 2100000 1500000 
Current governor: performance
Core performance/turbo boost: 1

Memory: 4k page, physical 536870912k(120575376k free), swap 0k(0k free)
Page Sizes: 4k

vm_info: OpenJDK 64-Bit Server VM (17.0.15+6) for linux-amd64 JRE (17.0.15+6), built on Apr 15 2025 00:00:00 by "admin" with gcc 10.3.0

END.
