#
# There is insufficient memory for the Java Runtime Environment to continue.
# Native memory allocation (mmap) failed to map 10267656192 bytes. Error detail: committing reserved memory.
# Possible reasons:
#   The system is out of physical RAM or swap space
#   This process is running with CompressedOops enabled, and the Java Heap may be blocking the growth of the native heap
# Possible solutions:
#   Reduce memory load on the system
#   Increase physical memory or swap space
#   Check if swap backing store is full
#   Decrease Java heap size (-Xmx/-Xms)
#   Decrease number of Java threads
#   Decrease Java thread stack sizes (-Xss)
#   Set larger code cache with -XX:ReservedCodeCacheSize=
#   JVM is running with Zero Based Compressed Oops mode in which the Java heap is
#     placed in the first 32GB address space. The Java Heap base address is the
#     maximum limit for the native heap growth. Please use -XX:HeapBaseMinAddress
#     to set the Java Heap base and to place the Java Heap above 32GB virtual address.
# This output file may be truncated or incomplete.
#
#  Out of Memory Error (os_linux.cpp:2832), pid=698567, tid=698669
#
# JRE version: OpenJDK Runtime Environment Temurin-17.0.15+6 (17.0.15+6) (build 17.0.15+6)
# Java VM: OpenJDK 64-Bit Server VM Temurin-17.0.15+6 (17.0.15+6, mixed mode, sharing, tiered, compressed oops, compressed class ptrs, g1 gc, linux-amd64)
# Core dump will be written. Default location: Core dumps may be processed with "/usr/lib/systemd/systemd-coredump %P %u %g %s %t %c %h %e" (or dumping to /sfs/weka/scratch/wxw9rr/artifact/RQ3/OE25-DEV/commons-beanutils-1.9.4/core.698567)
#

---------------  S U M M A R Y ------------

Command Line: -Dclassworlds.conf=/apps/software/standard/core/maven/3.9.0/bin/m2.conf -Dmaven.home=/apps/software/standard/core/maven/3.9.0 -Dlibrary.jansi.path=/apps/software/standard/core/maven/3.9.0/lib/jansi-native -Dmaven.multiModuleProjectDirectory=/scratch/wxw9rr/artifact/RQ3/OE25-DEV/commons-beanutils-1.9.4 -Djava.io.tmpdir=/sfs/weka/scratch/wxw9rr/tmp -javaagent:/sfs/weka/scratch/wxw9rr/tmp/pitest-agent4297895672587801351.jar -ea -Djava.awt.headless=true -XX:+UseG1GC -Djava.io.tmpdir=/sfs/weka/scratch/wxw9rr/tmp org.pitest.mutationtest.execute.MutationTestMinion 39239

Host: AMD EPYC 9454 48-Core Processor, 96 cores, 512G, Rocky Linux release 8.10 (Green Obsidian)
Time: Mon Jan 12 02:05:57 2026 EST elapsed time: 5.199629 seconds (0d 0h 0m 5s)

---------------  T H R E A D  ---------------

Current thread (0x00007f57e820ec30):  VMThread "VM Thread" [stack: 0x00007f5779147000,0x00007f5779247000] [id=698669]

Stack: [0x00007f5779147000,0x00007f5779247000],  sp=0x00007f5779244d70,  free space=1015k
Native frames: (J=compiled Java code, j=interpreted, Vv=VM code, C=native code)
V  [libjvm.so+0xee9791]  VMError::report_and_die(int, char const*, char const*, __va_list_tag*, Thread*, unsigned char*, void*, void*, char const*, int, unsigned long)+0x1a1
V  [libjvm.so+0xeea37d]  VMError::report_and_die(Thread*, char const*, int, unsigned long, VMErrorType, char const*, __va_list_tag*)+0x2d
V  [libjvm.so+0x60921c]  report_vm_out_of_memory(char const*, int, unsigned long, VMErrorType, char const*, ...)+0xdc
V  [libjvm.so+0xc26ba8]  os::pd_commit_memory_or_exit(char*, unsigned long, unsigned long, bool, char const*)+0xd8
V  [libjvm.so+0xc205ad]  os::commit_memory_or_exit(char*, unsigned long, unsigned long, bool, char const*)+0x1d
V  [libjvm.so+0x73769e]  G1PageBasedVirtualSpace::commit(unsigned long, unsigned long)+0x18e
V  [libjvm.so+0x74bf61]  G1RegionsLargerThanCommitSizeMapper::commit_regions(unsigned int, unsigned long, WorkGang*)+0x1a1
V  [libjvm.so+0x7de418]  HeapRegionManager::commit_regions(unsigned int, unsigned long, WorkGang*)+0x58
V  [libjvm.so+0x7e0262]  HeapRegionManager::expand(unsigned int, unsigned int, WorkGang*)+0x32
V  [libjvm.so+0x7e048e]  HeapRegionManager::expand_by(unsigned int, WorkGang*)+0x7e
V  [libjvm.so+0x6f0fbf]  G1CollectedHeap::expand(unsigned long, WorkGang*, double*)+0xef
V  [libjvm.so+0x6f5291]  G1CollectedHeap::do_collection_pause_at_safepoint_helper(double)+0x9a1
V  [libjvm.so+0x6f53e1]  G1CollectedHeap::do_collection_pause_at_safepoint(double)+0x31
V  [libjvm.so+0x770487]  VM_G1CollectForAllocation::doit()+0x47
V  [libjvm.so+0xeeecbe]  VM_Operation::evaluate()+0xee
V  [libjvm.so+0xef0674]  VMThread::evaluate_operation(VM_Operation*)+0xf4
V  [libjvm.so+0xef0bd4]  VMThread::inner_execute(VM_Operation*)+0x1d4
V  [libjvm.so+0xef0ebf]  VMThread::run()+0xbf
V  [libjvm.so+0xe6c2ca]  Thread::call_run()+0xaa
V  [libjvm.so+0xc29413]  thread_native_entry(Thread*)+0xe3

VM_Operation (0x00007f572affd7a0): G1CollectForAllocation, mode: safepoint, requested by thread 0x00007f57e8521300


---------------  P R O C E S S  ---------------

Threads class SMR info:
_java_thread_list=0x00007f56e40af010, length=15, elements={
0x00007f57e8032990, 0x00007f57e8212cf0, 0x00007f57e82140d0, 0x00007f57e8218680,
0x00007f57e8219a30, 0x00007f57e821ae40, 0x00007f57e821c870, 0x00007f57e821dda0,
0x00007f57e821f210, 0x00007f57e822c010, 0x00007f570401be40, 0x00007f570401cfc0,
0x00007f570401e110, 0x00007f57e825ef20, 0x00007f57e8521300
}

Java Threads: ( => current thread )
  0x00007f57e8032990 JavaThread "main" [_thread_blocked, id=698633, stack(0x00007f57ee957000,0x00007f57eea58000)]
  0x00007f57e8212cf0 JavaThread "Reference Handler" daemon [_thread_blocked, id=698681, stack(0x00007f5779046000,0x00007f5779146000)]
  0x00007f57e82140d0 JavaThread "Finalizer" daemon [_thread_blocked, id=698682, stack(0x00007f5778f45000,0x00007f5779045000)]
  0x00007f57e8218680 JavaThread "Signal Dispatcher" daemon [_thread_blocked, id=698684, stack(0x00007f5778e44000,0x00007f5778f44000)]
  0x00007f57e8219a30 JavaThread "Service Thread" daemon [_thread_blocked, id=698693, stack(0x00007f5778d43000,0x00007f5778e43000)]
  0x00007f57e821ae40 JavaThread "Monitor Deflation Thread" daemon [_thread_blocked, id=698694, stack(0x00007f5778c42000,0x00007f5778d42000)]
  0x00007f57e821c870 JavaThread "C2 CompilerThread0" daemon [_thread_blocked, id=698697, stack(0x00007f5778b41000,0x00007f5778c41000)]
  0x00007f57e821dda0 JavaThread "C1 CompilerThread0" daemon [_thread_blocked, id=698699, stack(0x00007f5778a40000,0x00007f5778b40000)]
  0x00007f57e821f210 JavaThread "Sweeper thread" daemon [_thread_blocked, id=698700, stack(0x00007f577893f000,0x00007f5778a3f000)]
  0x00007f57e822c010 JavaThread "Common-Cleaner" daemon [_thread_blocked, id=698728, stack(0x00007f577883e000,0x00007f577893e000)]
  0x00007f570401be40 JavaThread "C1 CompilerThread1" daemon [_thread_blocked, id=698729, stack(0x00007f577873d000,0x00007f577883d000)]
  0x00007f570401cfc0 JavaThread "C1 CompilerThread2" daemon [_thread_blocked, id=698732, stack(0x00007f577863c000,0x00007f577873c000)]
  0x00007f570401e110 JavaThread "C1 CompilerThread3" daemon [_thread_blocked, id=698757, stack(0x00007f577843a000,0x00007f577853a000)]
  0x00007f57e825ef20 JavaThread "Notification Thread" daemon [_thread_blocked, id=698747, stack(0x00007f577853b000,0x00007f577863b000)]
  0x00007f57e8521300 JavaThread "mutationTestThread" daemon [_thread_blocked, id=700399, stack(0x00007f572af00000,0x00007f572b000000)]

Other Threads:
=>0x00007f57e820ec30 VMThread "VM Thread" [stack: 0x00007f5779147000,0x00007f5779247000] [id=698669]
  0x00007f57e8260780 WatcherThread [stack: 0x00007f5778339000,0x00007f5778439000] [id=698762]
  0x00007f57e80680c0 GCTaskThread "GC Thread#0" [stack: 0x00007f5788a66000,0x00007f5788b66000] [id=698635]
  0x00007f572400d060 GCTaskThread "GC Thread#1" [stack: 0x00007f5778238000,0x00007f5778338000] [id=700479]
  0x00007f572400d630 GCTaskThread "GC Thread#2" [stack: 0x00007f5778137000,0x00007f5778237000] [id=700480]
  0x00007f572400dc00 GCTaskThread "GC Thread#3" [stack: 0x00007f5778036000,0x00007f5778136000] [id=700483]
  0x00007f572400e220 GCTaskThread "GC Thread#4" [stack: 0x00007f572adff000,0x00007f572aeff000] [id=700484]
  0x00007f572400e840 GCTaskThread "GC Thread#5" [stack: 0x00007f572acfe000,0x00007f572adfe000] [id=700485]
  0x00007f572400f0c0 GCTaskThread "GC Thread#6" [stack: 0x00007f572abfd000,0x00007f572acfd000] [id=700486]
  0x00007f572400f940 GCTaskThread "GC Thread#7" [stack: 0x00007f572aafc000,0x00007f572abfc000] [id=700487]
  0x00007f57240101e0 GCTaskThread "GC Thread#8" [stack: 0x00007f572a9fb000,0x00007f572aafb000] [id=700488]
  0x00007f5724010aa0 GCTaskThread "GC Thread#9" [stack: 0x00007f572a8fa000,0x00007f572a9fa000] [id=700489]
  0x00007f5724011520 GCTaskThread "GC Thread#10" [stack: 0x00007f572a7f9000,0x00007f572a8f9000] [id=700490]
  0x00007f5724011fa0 GCTaskThread "GC Thread#11" [stack: 0x00007f572a6f8000,0x00007f572a7f8000] [id=700491]
  0x00007f5724012a20 GCTaskThread "GC Thread#12" [stack: 0x00007f572a5f7000,0x00007f572a6f7000] [id=700492]
  0x00007f57240134a0 GCTaskThread "GC Thread#13" [stack: 0x00007f572a4f6000,0x00007f572a5f6000] [id=700493]
  0x00007f5724013f20 GCTaskThread "GC Thread#14" [stack: 0x00007f572a3f5000,0x00007f572a4f5000] [id=700494]
  0x00007f57240149a0 GCTaskThread "GC Thread#15" [stack: 0x00007f572a2f4000,0x00007f572a3f4000] [id=700495]
  0x00007f5724015420 GCTaskThread "GC Thread#16" [stack: 0x00007f572a1f3000,0x00007f572a2f3000] [id=700496]
  0x00007f5724015ea0 GCTaskThread "GC Thread#17" [stack: 0x00007f572a0f2000,0x00007f572a1f2000] [id=700497]
  0x00007f57e80786e0 ConcurrentGCThread "G1 Main Marker" [stack: 0x00007f5788965000,0x00007f5788a65000] [id=698636]
  0x00007f57e8079660 ConcurrentGCThread "G1 Conc#0" [stack: 0x00007f5788864000,0x00007f5788964000] [id=698637]
  0x00007f57e81dc910 ConcurrentGCThread "G1 Refine#0" [stack: 0x00007f57794f6000,0x00007f57795f6000] [id=698647]
  0x00007f57e81dd810 ConcurrentGCThread "G1 Service" [stack: 0x00007f57793f5000,0x00007f57794f5000] [id=698648]

Threads with active compile tasks:

VM state: at safepoint (normal execution)

VM Mutex/Monitor currently owned by a thread:  ([mutex/lock_event])
[0x00007f57e802e1c0] Threads_lock - owner thread: 0x00007f57e820ec30
[0x00007f57e802e970] Heap_lock - owner thread: 0x00007f57e8521300

Heap address: 0x0000000082000000, size: 30688 MB, Compressed Oops mode: Zero based, Oop shift amount: 3

CDS archive(s) mapped at: [0x00007f572b000000-0x00007f572bbc9000-0x00007f572bbc9000), size 12357632, SharedBaseAddress: 0x00007f572b000000, ArchiveRelocationMode: 1.
Compressed class space mapped at: 0x00007f572c000000-0x00007f576c000000, reserved size: 1073741824
Narrow klass base: 0x00007f572b000000, Narrow klass shift: 0, Narrow klass range: 0x100000000

GC Precious Log:
 CPUs: 96 total, 24 available
 Memory: 512G
 Large Page Support: Disabled
 NUMA Support: Disabled
 Compressed Oops: Enabled (Zero based)
 Heap Region Size: 16M
 Heap Min Capacity: 16M
 Heap Initial Capacity: 2G
 Heap Max Capacity: 30688M
 Pre-touch: Disabled
 Parallel Workers: 18
 Concurrent Workers: 5
 Concurrent Refinement Workers: 18
 Periodic GC: Disabled

Heap:
 garbage-first heap   total 6389760K, used 473746K [0x0000000082000000, 0x0000000800000000)
  region size 16384K, 3 young (49152K), 3 survivors (49152K)
 Metaspace       used 7052K, committed 7296K, reserved 1114112K
  class space    used 785K, committed 896K, reserved 1048576K

Heap Regions: E=young(eden), S=young(survivor), O=old, HS=humongous(starts), HC=humongous(continues), CS=collection set, F=free, OA=open archive, CA=closed archive, TAMS=top-at-mark-start (previous, next)
|   0|0x0000000082000000, 0x0000000083000000, 0x0000000083000000|100%| O|  |TAMS 0x0000000082000000, 0x0000000082000000| Untracked 
|   1|0x0000000083000000, 0x0000000084000000, 0x0000000084000000|100%| O|  |TAMS 0x0000000083000000, 0x0000000083000000| Untracked 
|   2|0x0000000084000000, 0x0000000085000000, 0x0000000085000000|100%| O|  |TAMS 0x0000000084000000, 0x0000000084000000| Untracked 
|   3|0x0000000085000000, 0x0000000086000000, 0x0000000086000000|100%| O|  |TAMS 0x0000000085000000, 0x0000000085000000| Untracked 
|   4|0x0000000086000000, 0x0000000087000000, 0x0000000087000000|100%| O|  |TAMS 0x0000000086000000, 0x0000000086000000| Untracked 
|   5|0x0000000087000000, 0x0000000088000000, 0x0000000088000000|100%| O|  |TAMS 0x0000000087000000, 0x0000000087000000| Untracked 
|   6|0x0000000088000000, 0x0000000089000000, 0x0000000089000000|100%| O|  |TAMS 0x0000000088000000, 0x0000000088000000| Untracked 
|   7|0x0000000089000000, 0x000000008a000000, 0x000000008a000000|100%| O|  |TAMS 0x0000000089000000, 0x0000000089000000| Untracked 
|   8|0x000000008a000000, 0x000000008b000000, 0x000000008b000000|100%| O|  |TAMS 0x000000008a000000, 0x000000008a000000| Untracked 
|   9|0x000000008b000000, 0x000000008c000000, 0x000000008c000000|100%| O|  |TAMS 0x000000008b000000, 0x000000008b000000| Untracked 
|  10|0x000000008c000000, 0x000000008d000000, 0x000000008d000000|100%| O|  |TAMS 0x000000008c000000, 0x000000008c000000| Untracked 
|  11|0x000000008d000000, 0x000000008e000000, 0x000000008e000000|100%| O|  |TAMS 0x000000008d000000, 0x000000008d000000| Untracked 
|  12|0x000000008e000000, 0x000000008f000000, 0x000000008f000000|100%| O|  |TAMS 0x000000008e000000, 0x000000008e000000| Untracked 
|  13|0x000000008f000000, 0x0000000090000000, 0x0000000090000000|100%| O|  |TAMS 0x000000008f000000, 0x000000008f000000| Untracked 
|  14|0x0000000090000000, 0x0000000091000000, 0x0000000091000000|100%| O|  |TAMS 0x0000000090000000, 0x0000000090000000| Untracked 
|  15|0x0000000091000000, 0x0000000092000000, 0x0000000092000000|100%| O|  |TAMS 0x0000000091000000, 0x0000000091000000| Untracked 
|  16|0x0000000092000000, 0x0000000093000000, 0x0000000093000000|100%|HS|  |TAMS 0x0000000092000000, 0x0000000092000000| Complete 
|  17|0x0000000093000000, 0x0000000094000000, 0x0000000094000000|100%| O|  |TAMS 0x0000000093000000, 0x0000000093000000| Untracked 
|  18|0x0000000094000000, 0x0000000095000000, 0x0000000095000000|100%| O|  |TAMS 0x0000000094000000, 0x0000000094000000| Untracked 
|  19|0x0000000095000000, 0x0000000096000000, 0x0000000096000000|100%| O|  |TAMS 0x0000000095000000, 0x0000000095000000| Untracked 
|  20|0x0000000096000000, 0x0000000097000000, 0x0000000097000000|100%| O|  |TAMS 0x0000000096000000, 0x0000000096000000| Untracked 
|  21|0x0000000097000000, 0x0000000098000000, 0x0000000098000000|100%| O|  |TAMS 0x0000000097000000, 0x0000000097000000| Untracked 
|  22|0x0000000098000000, 0x0000000099000000, 0x0000000099000000|100%| O|  |TAMS 0x0000000098000000, 0x0000000098000000| Untracked 
|  23|0x0000000099000000, 0x000000009a000000, 0x000000009a000000|100%| O|  |TAMS 0x0000000099000000, 0x0000000099000000| Untracked 
|  24|0x000000009a000000, 0x000000009aeb7800, 0x000000009b000000| 91%| O|  |TAMS 0x000000009a000000, 0x000000009a000000| Untracked 
|  25|0x000000009b000000, 0x000000009b000000, 0x000000009c000000|  0%| F|  |TAMS 0x000000009b000000, 0x000000009b000000| Untracked 
|  26|0x000000009c000000, 0x000000009c000000, 0x000000009d000000|  0%| F|  |TAMS 0x000000009c000000, 0x000000009c000000| Untracked 
|  27|0x000000009d000000, 0x000000009d000000, 0x000000009e000000|  0%| F|  |TAMS 0x000000009d000000, 0x000000009d000000| Untracked 
|  28|0x000000009e000000, 0x000000009e000000, 0x000000009f000000|  0%| F|  |TAMS 0x000000009e000000, 0x000000009e000000| Untracked 
|  29|0x000000009f000000, 0x000000009f000000, 0x00000000a0000000|  0%| F|  |TAMS 0x000000009f000000, 0x000000009f000000| Untracked 
|  30|0x00000000a0000000, 0x00000000a0000000, 0x00000000a1000000|  0%| F|  |TAMS 0x00000000a0000000, 0x00000000a0000000| Untracked 
|  31|0x00000000a1000000, 0x00000000a1000000, 0x00000000a2000000|  0%| F|  |TAMS 0x00000000a1000000, 0x00000000a1000000| Untracked 
|  32|0x00000000a2000000, 0x00000000a2000000, 0x00000000a3000000|  0%| F|  |TAMS 0x00000000a2000000, 0x00000000a2000000| Untracked 
|  33|0x00000000a3000000, 0x00000000a3000000, 0x00000000a4000000|  0%| F|  |TAMS 0x00000000a3000000, 0x00000000a3000000| Untracked 
|  34|0x00000000a4000000, 0x00000000a4000000, 0x00000000a5000000|  0%| F|  |TAMS 0x00000000a4000000, 0x00000000a4000000| Untracked 
|  35|0x00000000a5000000, 0x00000000a5000000, 0x00000000a6000000|  0%| F|  |TAMS 0x00000000a5000000, 0x00000000a5000000| Untracked 
|  36|0x00000000a6000000, 0x00000000a6000000, 0x00000000a7000000|  0%| F|  |TAMS 0x00000000a6000000, 0x00000000a6000000| Untracked 
|  37|0x00000000a7000000, 0x00000000a7000000, 0x00000000a8000000|  0%| F|  |TAMS 0x00000000a7000000, 0x00000000a7000000| Untracked 
|  38|0x00000000a8000000, 0x00000000a8000000, 0x00000000a9000000|  0%| F|  |TAMS 0x00000000a8000000, 0x00000000a8000000| Untracked 
|  39|0x00000000a9000000, 0x00000000a9000000, 0x00000000aa000000|  0%| F|  |TAMS 0x00000000a9000000, 0x00000000a9000000| Untracked 
|  40|0x00000000aa000000, 0x00000000aa000000, 0x00000000ab000000|  0%| F|  |TAMS 0x00000000aa000000, 0x00000000aa000000| Untracked 
|  41|0x00000000ab000000, 0x00000000ab000000, 0x00000000ac000000|  0%| F|  |TAMS 0x00000000ab000000, 0x00000000ab000000| Untracked 
|  42|0x00000000ac000000, 0x00000000ac000000, 0x00000000ad000000|  0%| F|  |TAMS 0x00000000ac000000, 0x00000000ac000000| Untracked 
|  43|0x00000000ad000000, 0x00000000ad000000, 0x00000000ae000000|  0%| F|  |TAMS 0x00000000ad000000, 0x00000000ad000000| Untracked 
|  44|0x00000000ae000000, 0x00000000ae000000, 0x00000000af000000|  0%| F|  |TAMS 0x00000000ae000000, 0x00000000ae000000| Untracked 
|  45|0x00000000af000000, 0x00000000af000000, 0x00000000b0000000|  0%| F|  |TAMS 0x00000000af000000, 0x00000000af000000| Untracked 
|  46|0x00000000b0000000, 0x00000000b0000000, 0x00000000b1000000|  0%| F|  |TAMS 0x00000000b0000000, 0x00000000b0000000| Untracked 
|  47|0x00000000b1000000, 0x00000000b1000000, 0x00000000b2000000|  0%| F|  |TAMS 0x00000000b1000000, 0x00000000b1000000| Untracked 
|  48|0x00000000b2000000, 0x00000000b2000000, 0x00000000b3000000|  0%| F|  |TAMS 0x00000000b2000000, 0x00000000b2000000| Untracked 
|  49|0x00000000b3000000, 0x00000000b3000000, 0x00000000b4000000|  0%| F|  |TAMS 0x00000000b3000000, 0x00000000b3000000| Untracked 
|  50|0x00000000b4000000, 0x00000000b4000000, 0x00000000b5000000|  0%| F|  |TAMS 0x00000000b4000000, 0x00000000b4000000| Untracked 
|  51|0x00000000b5000000, 0x00000000b5000000, 0x00000000b6000000|  0%| F|  |TAMS 0x00000000b5000000, 0x00000000b5000000| Untracked 
|  52|0x00000000b6000000, 0x00000000b6000000, 0x00000000b7000000|  0%| F|  |TAMS 0x00000000b6000000, 0x00000000b6000000| Untracked 
|  53|0x00000000b7000000, 0x00000000b7000000, 0x00000000b8000000|  0%| F|  |TAMS 0x00000000b7000000, 0x00000000b7000000| Untracked 
|  54|0x00000000b8000000, 0x00000000b8000000, 0x00000000b9000000|  0%| F|  |TAMS 0x00000000b8000000, 0x00000000b8000000| Untracked 
|  55|0x00000000b9000000, 0x00000000b9000000, 0x00000000ba000000|  0%| F|  |TAMS 0x00000000b9000000, 0x00000000b9000000| Untracked 
|  56|0x00000000ba000000, 0x00000000ba000000, 0x00000000bb000000|  0%| F|  |TAMS 0x00000000ba000000, 0x00000000ba000000| Untracked 
|  57|0x00000000bb000000, 0x00000000bb000000, 0x00000000bc000000|  0%| F|  |TAMS 0x00000000bb000000, 0x00000000bb000000| Untracked 
|  58|0x00000000bc000000, 0x00000000bc000000, 0x00000000bd000000|  0%| F|  |TAMS 0x00000000bc000000, 0x00000000bc000000| Untracked 
|  59|0x00000000bd000000, 0x00000000bd000000, 0x00000000be000000|  0%| F|  |TAMS 0x00000000bd000000, 0x00000000bd000000| Untracked 
|  60|0x00000000be000000, 0x00000000be000000, 0x00000000bf000000|  0%| F|  |TAMS 0x00000000be000000, 0x00000000be000000| Untracked 
|  61|0x00000000bf000000, 0x00000000bf000000, 0x00000000c0000000|  0%| F|  |TAMS 0x00000000bf000000, 0x00000000bf000000| Untracked 
|  62|0x00000000c0000000, 0x00000000c0000000, 0x00000000c1000000|  0%| F|  |TAMS 0x00000000c0000000, 0x00000000c0000000| Untracked 
|  63|0x00000000c1000000, 0x00000000c1000000, 0x00000000c2000000|  0%| F|  |TAMS 0x00000000c1000000, 0x00000000c1000000| Untracked 
|  64|0x00000000c2000000, 0x00000000c2000000, 0x00000000c3000000|  0%| F|  |TAMS 0x00000000c2000000, 0x00000000c2000000| Untracked 
|  65|0x00000000c3000000, 0x00000000c3000000, 0x00000000c4000000|  0%| F|  |TAMS 0x00000000c3000000, 0x00000000c3000000| Untracked 
|  66|0x00000000c4000000, 0x00000000c4000000, 0x00000000c5000000|  0%| F|  |TAMS 0x00000000c4000000, 0x00000000c4000000| Untracked 
|  67|0x00000000c5000000, 0x00000000c5000000, 0x00000000c6000000|  0%| F|  |TAMS 0x00000000c5000000, 0x00000000c5000000| Untracked 
|  68|0x00000000c6000000, 0x00000000c6000000, 0x00000000c7000000|  0%| F|  |TAMS 0x00000000c6000000, 0x00000000c6000000| Untracked 
|  69|0x00000000c7000000, 0x00000000c7000000, 0x00000000c8000000|  0%| F|  |TAMS 0x00000000c7000000, 0x00000000c7000000| Untracked 
|  70|0x00000000c8000000, 0x00000000c8000000, 0x00000000c9000000|  0%| F|  |TAMS 0x00000000c8000000, 0x00000000c8000000| Untracked 
|  71|0x00000000c9000000, 0x00000000c9000000, 0x00000000ca000000|  0%| F|  |TAMS 0x00000000c9000000, 0x00000000c9000000| Untracked 
|  72|0x00000000ca000000, 0x00000000ca000000, 0x00000000cb000000|  0%| F|  |TAMS 0x00000000ca000000, 0x00000000ca000000| Untracked 
|  73|0x00000000cb000000, 0x00000000cb000000, 0x00000000cc000000|  0%| F|  |TAMS 0x00000000cb000000, 0x00000000cb000000| Untracked 
|  74|0x00000000cc000000, 0x00000000cc000000, 0x00000000cd000000|  0%| F|  |TAMS 0x00000000cc000000, 0x00000000cc000000| Untracked 
|  75|0x00000000cd000000, 0x00000000cd000000, 0x00000000ce000000|  0%| F|  |TAMS 0x00000000cd000000, 0x00000000cd000000| Untracked 
|  76|0x00000000ce000000, 0x00000000ce000000, 0x00000000cf000000|  0%| F|  |TAMS 0x00000000ce000000, 0x00000000ce000000| Untracked 
|  77|0x00000000cf000000, 0x00000000cf000000, 0x00000000d0000000|  0%| F|  |TAMS 0x00000000cf000000, 0x00000000cf000000| Untracked 
|  78|0x00000000d0000000, 0x00000000d0000000, 0x00000000d1000000|  0%| F|  |TAMS 0x00000000d0000000, 0x00000000d0000000| Untracked 
|  79|0x00000000d1000000, 0x00000000d1000000, 0x00000000d2000000|  0%| F|  |TAMS 0x00000000d1000000, 0x00000000d1000000| Untracked 
|  80|0x00000000d2000000, 0x00000000d2000000, 0x00000000d3000000|  0%| F|  |TAMS 0x00000000d2000000, 0x00000000d2000000| Untracked 
|  81|0x00000000d3000000, 0x00000000d3000000, 0x00000000d4000000|  0%| F|  |TAMS 0x00000000d3000000, 0x00000000d3000000| Untracked 
|  82|0x00000000d4000000, 0x00000000d4000000, 0x00000000d5000000|  0%| F|  |TAMS 0x00000000d4000000, 0x00000000d4000000| Untracked 
|  83|0x00000000d5000000, 0x00000000d5000000, 0x00000000d6000000|  0%| F|  |TAMS 0x00000000d5000000, 0x00000000d5000000| Untracked 
|  84|0x00000000d6000000, 0x00000000d6000000, 0x00000000d7000000|  0%| F|  |TAMS 0x00000000d6000000, 0x00000000d6000000| Untracked 
|  85|0x00000000d7000000, 0x00000000d7000000, 0x00000000d8000000|  0%| F|  |TAMS 0x00000000d7000000, 0x00000000d7000000| Untracked 
|  86|0x00000000d8000000, 0x00000000d8000000, 0x00000000d9000000|  0%| F|  |TAMS 0x00000000d8000000, 0x00000000d8000000| Untracked 
|  87|0x00000000d9000000, 0x00000000d9000000, 0x00000000da000000|  0%| F|  |TAMS 0x00000000d9000000, 0x00000000d9000000| Untracked 
|  88|0x00000000da000000, 0x00000000da000000, 0x00000000db000000|  0%| F|  |TAMS 0x00000000da000000, 0x00000000da000000| Untracked 
|  89|0x00000000db000000, 0x00000000db000000, 0x00000000dc000000|  0%| F|  |TAMS 0x00000000db000000, 0x00000000db000000| Untracked 
|  90|0x00000000dc000000, 0x00000000dc000000, 0x00000000dd000000|  0%| F|  |TAMS 0x00000000dc000000, 0x00000000dc000000| Untracked 
|  91|0x00000000dd000000, 0x00000000dd000000, 0x00000000de000000|  0%| F|  |TAMS 0x00000000dd000000, 0x00000000dd000000| Untracked 
|  92|0x00000000de000000, 0x00000000de000000, 0x00000000df000000|  0%| F|  |TAMS 0x00000000de000000, 0x00000000de000000| Untracked 
|  93|0x00000000df000000, 0x00000000df000000, 0x00000000e0000000|  0%| F|  |TAMS 0x00000000df000000, 0x00000000df000000| Untracked 
|  94|0x00000000e0000000, 0x00000000e0000000, 0x00000000e1000000|  0%| F|  |TAMS 0x00000000e0000000, 0x00000000e0000000| Untracked 
|  95|0x00000000e1000000, 0x00000000e1000000, 0x00000000e2000000|  0%| F|  |TAMS 0x00000000e1000000, 0x00000000e1000000| Untracked 
|  96|0x00000000e2000000, 0x00000000e2000000, 0x00000000e3000000|  0%| F|  |TAMS 0x00000000e2000000, 0x00000000e2000000| Untracked 
|  97|0x00000000e3000000, 0x00000000e3000000, 0x00000000e4000000|  0%| F|  |TAMS 0x00000000e3000000, 0x00000000e3000000| Untracked 
|  98|0x00000000e4000000, 0x00000000e4000000, 0x00000000e5000000|  0%| F|  |TAMS 0x00000000e4000000, 0x00000000e4000000| Untracked 
|  99|0x00000000e5000000, 0x00000000e5000000, 0x00000000e6000000|  0%| F|  |TAMS 0x00000000e5000000, 0x00000000e5000000| Untracked 
| 100|0x00000000e6000000, 0x00000000e6000000, 0x00000000e7000000|  0%| F|  |TAMS 0x00000000e6000000, 0x00000000e6000000| Untracked 
| 101|0x00000000e7000000, 0x00000000e7000000, 0x00000000e8000000|  0%| F|  |TAMS 0x00000000e7000000, 0x00000000e7000000| Untracked 
| 102|0x00000000e8000000, 0x00000000e8000000, 0x00000000e9000000|  0%| F|  |TAMS 0x00000000e8000000, 0x00000000e8000000| Untracked 
| 103|0x00000000e9000000, 0x00000000e9000000, 0x00000000ea000000|  0%| F|  |TAMS 0x00000000e9000000, 0x00000000e9000000| Untracked 
| 104|0x00000000ea000000, 0x00000000ea000000, 0x00000000eb000000|  0%| F|  |TAMS 0x00000000ea000000, 0x00000000ea000000| Untracked 
| 105|0x00000000eb000000, 0x00000000eb000000, 0x00000000ec000000|  0%| F|  |TAMS 0x00000000eb000000, 0x00000000eb000000| Untracked 
| 106|0x00000000ec000000, 0x00000000ec000000, 0x00000000ed000000|  0%| F|  |TAMS 0x00000000ec000000, 0x00000000ec000000| Untracked 
| 107|0x00000000ed000000, 0x00000000ed000000, 0x00000000ee000000|  0%| F|  |TAMS 0x00000000ed000000, 0x00000000ed000000| Untracked 
| 108|0x00000000ee000000, 0x00000000ee000000, 0x00000000ef000000|  0%| F|  |TAMS 0x00000000ee000000, 0x00000000ee000000| Untracked 
| 109|0x00000000ef000000, 0x00000000ef000000, 0x00000000f0000000|  0%| F|  |TAMS 0x00000000ef000000, 0x00000000ef000000| Untracked 
| 110|0x00000000f0000000, 0x00000000f0000000, 0x00000000f1000000|  0%| F|  |TAMS 0x00000000f0000000, 0x00000000f0000000| Untracked 
| 111|0x00000000f1000000, 0x00000000f1000000, 0x00000000f2000000|  0%| F|  |TAMS 0x00000000f1000000, 0x00000000f1000000| Untracked 
| 112|0x00000000f2000000, 0x00000000f2000000, 0x00000000f3000000|  0%| F|  |TAMS 0x00000000f2000000, 0x00000000f2000000| Untracked 
| 113|0x00000000f3000000, 0x00000000f3000000, 0x00000000f4000000|  0%| F|  |TAMS 0x00000000f3000000, 0x00000000f3000000| Untracked 
| 114|0x00000000f4000000, 0x00000000f4000000, 0x00000000f5000000|  0%| F|  |TAMS 0x00000000f4000000, 0x00000000f4000000| Untracked 
| 115|0x00000000f5000000, 0x00000000f5000000, 0x00000000f6000000|  0%| F|  |TAMS 0x00000000f5000000, 0x00000000f5000000| Untracked 
| 116|0x00000000f6000000, 0x00000000f6000000, 0x00000000f7000000|  0%| F|  |TAMS 0x00000000f6000000, 0x00000000f6000000| Untracked 
| 117|0x00000000f7000000, 0x00000000f7000000, 0x00000000f8000000|  0%| F|  |TAMS 0x00000000f7000000, 0x00000000f7000000| Untracked 
| 118|0x00000000f8000000, 0x00000000f8000000, 0x00000000f9000000|  0%| F|  |TAMS 0x00000000f8000000, 0x00000000f8000000| Untracked 
| 119|0x00000000f9000000, 0x00000000f9000000, 0x00000000fa000000|  0%| F|  |TAMS 0x00000000f9000000, 0x00000000f9000000| Untracked 
| 120|0x00000000fa000000, 0x00000000fa000000, 0x00000000fb000000|  0%| F|  |TAMS 0x00000000fa000000, 0x00000000fa000000| Untracked 
| 121|0x00000000fb000000, 0x00000000fb000000, 0x00000000fc000000|  0%| F|  |TAMS 0x00000000fb000000, 0x00000000fb000000| Untracked 
| 122|0x00000000fc000000, 0x00000000fc000000, 0x00000000fd000000|  0%| F|  |TAMS 0x00000000fc000000, 0x00000000fc000000| Untracked 
| 123|0x00000000fd000000, 0x00000000fd000000, 0x00000000fe000000|  0%| F|  |TAMS 0x00000000fd000000, 0x00000000fd000000| Untracked 
| 124|0x00000000fe000000, 0x00000000fe000000, 0x00000000ff000000|  0%| F|  |TAMS 0x00000000fe000000, 0x00000000fe000000| Untracked 
| 125|0x00000000ff000000, 0x00000000ff000000, 0x0000000100000000|  0%| F|  |TAMS 0x00000000ff000000, 0x00000000ff000000| Untracked 
| 126|0x0000000100000000, 0x0000000100000000, 0x0000000101000000|  0%| F|  |TAMS 0x0000000100000000, 0x0000000100000000| Untracked 
| 127|0x0000000101000000, 0x0000000101000000, 0x0000000102000000|  0%| F|  |TAMS 0x0000000101000000, 0x0000000101000000| Untracked 
| 128|0x0000000102000000, 0x0000000102000000, 0x0000000103000000|  0%| F|  |TAMS 0x0000000102000000, 0x0000000102000000| Untracked 
| 129|0x0000000103000000, 0x0000000103000000, 0x0000000104000000|  0%| F|  |TAMS 0x0000000103000000, 0x0000000103000000| Untracked 
| 130|0x0000000104000000, 0x0000000104000000, 0x0000000105000000|  0%| F|  |TAMS 0x0000000104000000, 0x0000000104000000| Untracked 
| 131|0x0000000105000000, 0x0000000105000000, 0x0000000106000000|  0%| F|  |TAMS 0x0000000105000000, 0x0000000105000000| Untracked 
| 132|0x0000000106000000, 0x0000000106000000, 0x0000000107000000|  0%| F|  |TAMS 0x0000000106000000, 0x0000000106000000| Untracked 
| 133|0x0000000107000000, 0x0000000107000000, 0x0000000108000000|  0%| F|  |TAMS 0x0000000107000000, 0x0000000107000000| Untracked 
| 134|0x0000000108000000, 0x0000000108000000, 0x0000000109000000|  0%| F|  |TAMS 0x0000000108000000, 0x0000000108000000| Untracked 
| 135|0x0000000109000000, 0x0000000109000000, 0x000000010a000000|  0%| F|  |TAMS 0x0000000109000000, 0x0000000109000000| Untracked 
| 136|0x000000010a000000, 0x000000010a000000, 0x000000010b000000|  0%| F|  |TAMS 0x000000010a000000, 0x000000010a000000| Untracked 
| 137|0x000000010b000000, 0x000000010b000000, 0x000000010c000000|  0%| F|  |TAMS 0x000000010b000000, 0x000000010b000000| Untracked 
| 138|0x000000010c000000, 0x000000010c000000, 0x000000010d000000|  0%| F|  |TAMS 0x000000010c000000, 0x000000010c000000| Untracked 
| 139|0x000000010d000000, 0x000000010d000000, 0x000000010e000000|  0%| F|  |TAMS 0x000000010d000000, 0x000000010d000000| Untracked 
| 140|0x000000010e000000, 0x000000010e000000, 0x000000010f000000|  0%| F|  |TAMS 0x000000010e000000, 0x000000010e000000| Untracked 
| 141|0x000000010f000000, 0x000000010f000000, 0x0000000110000000|  0%| F|  |TAMS 0x000000010f000000, 0x000000010f000000| Untracked 
| 142|0x0000000110000000, 0x0000000110000000, 0x0000000111000000|  0%| F|  |TAMS 0x0000000110000000, 0x0000000110000000| Untracked 
| 143|0x0000000111000000, 0x0000000111000000, 0x0000000112000000|  0%| F|  |TAMS 0x0000000111000000, 0x0000000111000000| Untracked 
| 144|0x0000000112000000, 0x0000000112000000, 0x0000000113000000|  0%| F|  |TAMS 0x0000000112000000, 0x0000000112000000| Untracked 
| 145|0x0000000113000000, 0x0000000113000000, 0x0000000114000000|  0%| F|  |TAMS 0x0000000113000000, 0x0000000113000000| Untracked 
| 146|0x0000000114000000, 0x0000000114000000, 0x0000000115000000|  0%| F|  |TAMS 0x0000000114000000, 0x0000000114000000| Untracked 
| 147|0x0000000115000000, 0x0000000115000000, 0x0000000116000000|  0%| F|  |TAMS 0x0000000115000000, 0x0000000115000000| Untracked 
| 148|0x0000000116000000, 0x0000000116000000, 0x0000000117000000|  0%| F|  |TAMS 0x0000000116000000, 0x0000000116000000| Untracked 
| 149|0x0000000117000000, 0x0000000117000000, 0x0000000118000000|  0%| F|  |TAMS 0x0000000117000000, 0x0000000117000000| Untracked 
| 150|0x0000000118000000, 0x0000000118000000, 0x0000000119000000|  0%| F|  |TAMS 0x0000000118000000, 0x0000000118000000| Untracked 
| 151|0x0000000119000000, 0x0000000119000000, 0x000000011a000000|  0%| F|  |TAMS 0x0000000119000000, 0x0000000119000000| Untracked 
| 152|0x000000011a000000, 0x000000011a000000, 0x000000011b000000|  0%| F|  |TAMS 0x000000011a000000, 0x000000011a000000| Untracked 
| 153|0x000000011b000000, 0x000000011b000000, 0x000000011c000000|  0%| F|  |TAMS 0x000000011b000000, 0x000000011b000000| Untracked 
| 154|0x000000011c000000, 0x000000011c000000, 0x000000011d000000|  0%| F|  |TAMS 0x000000011c000000, 0x000000011c000000| Untracked 
| 155|0x000000011d000000, 0x000000011d000000, 0x000000011e000000|  0%| F|  |TAMS 0x000000011d000000, 0x000000011d000000| Untracked 
| 156|0x000000011e000000, 0x000000011e000000, 0x000000011f000000|  0%| F|  |TAMS 0x000000011e000000, 0x000000011e000000| Untracked 
| 157|0x000000011f000000, 0x000000011f000000, 0x0000000120000000|  0%| F|  |TAMS 0x000000011f000000, 0x000000011f000000| Untracked 
| 158|0x0000000120000000, 0x0000000120000000, 0x0000000121000000|  0%| F|  |TAMS 0x0000000120000000, 0x0000000120000000| Untracked 
| 159|0x0000000121000000, 0x0000000121000000, 0x0000000122000000|  0%| F|  |TAMS 0x0000000121000000, 0x0000000121000000| Untracked 
| 160|0x0000000122000000, 0x0000000122000000, 0x0000000123000000|  0%| F|  |TAMS 0x0000000122000000, 0x0000000122000000| Untracked 
| 161|0x0000000123000000, 0x0000000123000000, 0x0000000124000000|  0%| F|  |TAMS 0x0000000123000000, 0x0000000123000000| Untracked 
| 162|0x0000000124000000, 0x0000000124000000, 0x0000000125000000|  0%| F|  |TAMS 0x0000000124000000, 0x0000000124000000| Untracked 
| 163|0x0000000125000000, 0x0000000125000000, 0x0000000126000000|  0%| F|  |TAMS 0x0000000125000000, 0x0000000125000000| Untracked 
| 164|0x0000000126000000, 0x0000000126000000, 0x0000000127000000|  0%| F|  |TAMS 0x0000000126000000, 0x0000000126000000| Untracked 
| 165|0x0000000127000000, 0x0000000127000000, 0x0000000128000000|  0%| F|  |TAMS 0x0000000127000000, 0x0000000127000000| Untracked 
| 166|0x0000000128000000, 0x0000000128000000, 0x0000000129000000|  0%| F|  |TAMS 0x0000000128000000, 0x0000000128000000| Untracked 
| 167|0x0000000129000000, 0x0000000129000000, 0x000000012a000000|  0%| F|  |TAMS 0x0000000129000000, 0x0000000129000000| Untracked 
| 168|0x000000012a000000, 0x000000012a000000, 0x000000012b000000|  0%| F|  |TAMS 0x000000012a000000, 0x000000012a000000| Untracked 
| 169|0x000000012b000000, 0x000000012b000000, 0x000000012c000000|  0%| F|  |TAMS 0x000000012b000000, 0x000000012b000000| Untracked 
| 170|0x000000012c000000, 0x000000012c000000, 0x000000012d000000|  0%| F|  |TAMS 0x000000012c000000, 0x000000012c000000| Untracked 
| 171|0x000000012d000000, 0x000000012d000000, 0x000000012e000000|  0%| F|  |TAMS 0x000000012d000000, 0x000000012d000000| Untracked 
| 172|0x000000012e000000, 0x000000012e000000, 0x000000012f000000|  0%| F|  |TAMS 0x000000012e000000, 0x000000012e000000| Untracked 
| 173|0x000000012f000000, 0x000000012f000000, 0x0000000130000000|  0%| F|  |TAMS 0x000000012f000000, 0x000000012f000000| Untracked 
| 174|0x0000000130000000, 0x0000000130000000, 0x0000000131000000|  0%| F|  |TAMS 0x0000000130000000, 0x0000000130000000| Untracked 
| 175|0x0000000131000000, 0x0000000131000000, 0x0000000132000000|  0%| F|  |TAMS 0x0000000131000000, 0x0000000131000000| Untracked 
| 176|0x0000000132000000, 0x0000000132000000, 0x0000000133000000|  0%| F|  |TAMS 0x0000000132000000, 0x0000000132000000| Untracked 
| 177|0x0000000133000000, 0x0000000133000000, 0x0000000134000000|  0%| F|  |TAMS 0x0000000133000000, 0x0000000133000000| Untracked 
| 178|0x0000000134000000, 0x0000000134000000, 0x0000000135000000|  0%| F|  |TAMS 0x0000000134000000, 0x0000000134000000| Untracked 
| 179|0x0000000135000000, 0x0000000135000000, 0x0000000136000000|  0%| F|  |TAMS 0x0000000135000000, 0x0000000135000000| Untracked 
| 180|0x0000000136000000, 0x0000000136000000, 0x0000000137000000|  0%| F|  |TAMS 0x0000000136000000, 0x0000000136000000| Untracked 
| 181|0x0000000137000000, 0x0000000137000000, 0x0000000138000000|  0%| F|  |TAMS 0x0000000137000000, 0x0000000137000000| Untracked 
| 182|0x0000000138000000, 0x0000000138000000, 0x0000000139000000|  0%| F|  |TAMS 0x0000000138000000, 0x0000000138000000| Untracked 
| 183|0x0000000139000000, 0x0000000139000000, 0x000000013a000000|  0%| F|  |TAMS 0x0000000139000000, 0x0000000139000000| Untracked 
| 184|0x000000013a000000, 0x000000013a000000, 0x000000013b000000|  0%| F|  |TAMS 0x000000013a000000, 0x000000013a000000| Untracked 
| 185|0x000000013b000000, 0x000000013b000000, 0x000000013c000000|  0%| F|  |TAMS 0x000000013b000000, 0x000000013b000000| Untracked 
| 186|0x000000013c000000, 0x000000013c000000, 0x000000013d000000|  0%| F|  |TAMS 0x000000013c000000, 0x000000013c000000| Untracked 
| 187|0x000000013d000000, 0x000000013d000000, 0x000000013e000000|  0%| F|  |TAMS 0x000000013d000000, 0x000000013d000000| Untracked 
| 188|0x000000013e000000, 0x000000013e000000, 0x000000013f000000|  0%| F|  |TAMS 0x000000013e000000, 0x000000013e000000| Untracked 
| 189|0x000000013f000000, 0x000000013f000000, 0x0000000140000000|  0%| F|  |TAMS 0x000000013f000000, 0x000000013f000000| Untracked 
| 190|0x0000000140000000, 0x0000000140000000, 0x0000000141000000|  0%| F|  |TAMS 0x0000000140000000, 0x0000000140000000| Untracked 
| 191|0x0000000141000000, 0x0000000141000000, 0x0000000142000000|  0%| F|  |TAMS 0x0000000141000000, 0x0000000141000000| Untracked 
| 192|0x0000000142000000, 0x0000000142000000, 0x0000000143000000|  0%| F|  |TAMS 0x0000000142000000, 0x0000000142000000| Untracked 
| 193|0x0000000143000000, 0x0000000143000000, 0x0000000144000000|  0%| F|  |TAMS 0x0000000143000000, 0x0000000143000000| Untracked 
| 194|0x0000000144000000, 0x0000000144000000, 0x0000000145000000|  0%| F|  |TAMS 0x0000000144000000, 0x0000000144000000| Untracked 
| 195|0x0000000145000000, 0x0000000145000000, 0x0000000146000000|  0%| F|  |TAMS 0x0000000145000000, 0x0000000145000000| Untracked 
| 196|0x0000000146000000, 0x0000000146000000, 0x0000000147000000|  0%| F|  |TAMS 0x0000000146000000, 0x0000000146000000| Untracked 
| 197|0x0000000147000000, 0x0000000147000000, 0x0000000148000000|  0%| F|  |TAMS 0x0000000147000000, 0x0000000147000000| Untracked 
| 198|0x0000000148000000, 0x0000000148000000, 0x0000000149000000|  0%| F|  |TAMS 0x0000000148000000, 0x0000000148000000| Untracked 
| 199|0x0000000149000000, 0x0000000149000000, 0x000000014a000000|  0%| F|  |TAMS 0x0000000149000000, 0x0000000149000000| Untracked 
| 200|0x000000014a000000, 0x000000014a000000, 0x000000014b000000|  0%| F|  |TAMS 0x000000014a000000, 0x000000014a000000| Untracked 
| 201|0x000000014b000000, 0x000000014b000000, 0x000000014c000000|  0%| F|  |TAMS 0x000000014b000000, 0x000000014b000000| Untracked 
| 202|0x000000014c000000, 0x000000014c000000, 0x000000014d000000|  0%| F|  |TAMS 0x000000014c000000, 0x000000014c000000| Untracked 
| 203|0x000000014d000000, 0x000000014d000000, 0x000000014e000000|  0%| F|  |TAMS 0x000000014d000000, 0x000000014d000000| Untracked 
| 204|0x000000014e000000, 0x000000014e000000, 0x000000014f000000|  0%| F|  |TAMS 0x000000014e000000, 0x000000014e000000| Untracked 
| 205|0x000000014f000000, 0x000000014f000000, 0x0000000150000000|  0%| F|  |TAMS 0x000000014f000000, 0x000000014f000000| Untracked 
| 206|0x0000000150000000, 0x0000000150000000, 0x0000000151000000|  0%| F|  |TAMS 0x0000000150000000, 0x0000000150000000| Untracked 
| 207|0x0000000151000000, 0x0000000151000000, 0x0000000152000000|  0%| F|  |TAMS 0x0000000151000000, 0x0000000151000000| Untracked 
| 208|0x0000000152000000, 0x0000000152000000, 0x0000000153000000|  0%| F|  |TAMS 0x0000000152000000, 0x0000000152000000| Untracked 
| 209|0x0000000153000000, 0x0000000153000000, 0x0000000154000000|  0%| F|  |TAMS 0x0000000153000000, 0x0000000153000000| Untracked 
| 210|0x0000000154000000, 0x0000000154000000, 0x0000000155000000|  0%| F|  |TAMS 0x0000000154000000, 0x0000000154000000| Untracked 
| 211|0x0000000155000000, 0x0000000155000000, 0x0000000156000000|  0%| F|  |TAMS 0x0000000155000000, 0x0000000155000000| Untracked 
| 212|0x0000000156000000, 0x0000000156000000, 0x0000000157000000|  0%| F|  |TAMS 0x0000000156000000, 0x0000000156000000| Untracked 
| 213|0x0000000157000000, 0x0000000157000000, 0x0000000158000000|  0%| F|  |TAMS 0x0000000157000000, 0x0000000157000000| Untracked 
| 214|0x0000000158000000, 0x0000000158000000, 0x0000000159000000|  0%| F|  |TAMS 0x0000000158000000, 0x0000000158000000| Untracked 
| 215|0x0000000159000000, 0x0000000159000000, 0x000000015a000000|  0%| F|  |TAMS 0x0000000159000000, 0x0000000159000000| Untracked 
| 216|0x000000015a000000, 0x000000015a000000, 0x000000015b000000|  0%| F|  |TAMS 0x000000015a000000, 0x000000015a000000| Untracked 
| 217|0x000000015b000000, 0x000000015b000000, 0x000000015c000000|  0%| F|  |TAMS 0x000000015b000000, 0x000000015b000000| Untracked 
| 218|0x000000015c000000, 0x000000015c000000, 0x000000015d000000|  0%| F|  |TAMS 0x000000015c000000, 0x000000015c000000| Untracked 
| 219|0x000000015d000000, 0x000000015d000000, 0x000000015e000000|  0%| F|  |TAMS 0x000000015d000000, 0x000000015d000000| Untracked 
| 220|0x000000015e000000, 0x000000015e000000, 0x000000015f000000|  0%| F|  |TAMS 0x000000015e000000, 0x000000015e000000| Untracked 
| 221|0x000000015f000000, 0x000000015f000000, 0x0000000160000000|  0%| F|  |TAMS 0x000000015f000000, 0x000000015f000000| Untracked 
| 222|0x0000000160000000, 0x0000000160000000, 0x0000000161000000|  0%| F|  |TAMS 0x0000000160000000, 0x0000000160000000| Untracked 
| 223|0x0000000161000000, 0x0000000161000000, 0x0000000162000000|  0%| F|  |TAMS 0x0000000161000000, 0x0000000161000000| Untracked 
| 224|0x0000000162000000, 0x0000000162000000, 0x0000000163000000|  0%| F|  |TAMS 0x0000000162000000, 0x0000000162000000| Untracked 
| 225|0x0000000163000000, 0x0000000163000000, 0x0000000164000000|  0%| F|  |TAMS 0x0000000163000000, 0x0000000163000000| Untracked 
| 226|0x0000000164000000, 0x0000000164000000, 0x0000000165000000|  0%| F|  |TAMS 0x0000000164000000, 0x0000000164000000| Untracked 
| 227|0x0000000165000000, 0x0000000165000000, 0x0000000166000000|  0%| F|  |TAMS 0x0000000165000000, 0x0000000165000000| Untracked 
| 228|0x0000000166000000, 0x0000000166000000, 0x0000000167000000|  0%| F|  |TAMS 0x0000000166000000, 0x0000000166000000| Untracked 
| 229|0x0000000167000000, 0x0000000167000000, 0x0000000168000000|  0%| F|  |TAMS 0x0000000167000000, 0x0000000167000000| Untracked 
| 230|0x0000000168000000, 0x0000000168000000, 0x0000000169000000|  0%| F|  |TAMS 0x0000000168000000, 0x0000000168000000| Untracked 
| 231|0x0000000169000000, 0x0000000169000000, 0x000000016a000000|  0%| F|  |TAMS 0x0000000169000000, 0x0000000169000000| Untracked 
| 232|0x000000016a000000, 0x000000016a000000, 0x000000016b000000|  0%| F|  |TAMS 0x000000016a000000, 0x000000016a000000| Untracked 
| 233|0x000000016b000000, 0x000000016b000000, 0x000000016c000000|  0%| F|  |TAMS 0x000000016b000000, 0x000000016b000000| Untracked 
| 234|0x000000016c000000, 0x000000016c000000, 0x000000016d000000|  0%| F|  |TAMS 0x000000016c000000, 0x000000016c000000| Untracked 
| 235|0x000000016d000000, 0x000000016d000000, 0x000000016e000000|  0%| F|  |TAMS 0x000000016d000000, 0x000000016d000000| Untracked 
| 236|0x000000016e000000, 0x000000016e000000, 0x000000016f000000|  0%| F|  |TAMS 0x000000016e000000, 0x000000016e000000| Untracked 
| 237|0x000000016f000000, 0x000000016f000000, 0x0000000170000000|  0%| F|  |TAMS 0x000000016f000000, 0x000000016f000000| Untracked 
| 238|0x0000000170000000, 0x0000000170000000, 0x0000000171000000|  0%| F|  |TAMS 0x0000000170000000, 0x0000000170000000| Untracked 
| 239|0x0000000171000000, 0x0000000171000000, 0x0000000172000000|  0%| F|  |TAMS 0x0000000171000000, 0x0000000171000000| Untracked 
| 240|0x0000000172000000, 0x0000000172000000, 0x0000000173000000|  0%| F|  |TAMS 0x0000000172000000, 0x0000000172000000| Untracked 
| 241|0x0000000173000000, 0x0000000173000000, 0x0000000174000000|  0%| F|  |TAMS 0x0000000173000000, 0x0000000173000000| Untracked 
| 242|0x0000000174000000, 0x0000000174000000, 0x0000000175000000|  0%| F|  |TAMS 0x0000000174000000, 0x0000000174000000| Untracked 
| 243|0x0000000175000000, 0x0000000175000000, 0x0000000176000000|  0%| F|  |TAMS 0x0000000175000000, 0x0000000175000000| Untracked 
| 244|0x0000000176000000, 0x0000000176000000, 0x0000000177000000|  0%| F|  |TAMS 0x0000000176000000, 0x0000000176000000| Untracked 
| 245|0x0000000177000000, 0x0000000177000000, 0x0000000178000000|  0%| F|  |TAMS 0x0000000177000000, 0x0000000177000000| Untracked 
| 246|0x0000000178000000, 0x0000000178000000, 0x0000000179000000|  0%| F|  |TAMS 0x0000000178000000, 0x0000000178000000| Untracked 
| 247|0x0000000179000000, 0x0000000179000000, 0x000000017a000000|  0%| F|  |TAMS 0x0000000179000000, 0x0000000179000000| Untracked 
| 248|0x000000017a000000, 0x000000017a000000, 0x000000017b000000|  0%| F|  |TAMS 0x000000017a000000, 0x000000017a000000| Untracked 
| 249|0x000000017b000000, 0x000000017b000000, 0x000000017c000000|  0%| F|  |TAMS 0x000000017b000000, 0x000000017b000000| Untracked 
| 250|0x000000017c000000, 0x000000017c000000, 0x000000017d000000|  0%| F|  |TAMS 0x000000017c000000, 0x000000017c000000| Untracked 
| 251|0x000000017d000000, 0x000000017d000000, 0x000000017e000000|  0%| F|  |TAMS 0x000000017d000000, 0x000000017d000000| Untracked 
| 252|0x000000017e000000, 0x000000017e000000, 0x000000017f000000|  0%| F|  |TAMS 0x000000017e000000, 0x000000017e000000| Untracked 
| 253|0x000000017f000000, 0x000000017f000000, 0x0000000180000000|  0%| F|  |TAMS 0x000000017f000000, 0x000000017f000000| Untracked 
| 254|0x0000000180000000, 0x0000000180000000, 0x0000000181000000|  0%| F|  |TAMS 0x0000000180000000, 0x0000000180000000| Untracked 
| 255|0x0000000181000000, 0x0000000181000000, 0x0000000182000000|  0%| F|  |TAMS 0x0000000181000000, 0x0000000181000000| Untracked 
| 256|0x0000000182000000, 0x0000000182000000, 0x0000000183000000|  0%| F|  |TAMS 0x0000000182000000, 0x0000000182000000| Untracked 
| 257|0x0000000183000000, 0x0000000183000000, 0x0000000184000000|  0%| F|  |TAMS 0x0000000183000000, 0x0000000183000000| Untracked 
| 258|0x0000000184000000, 0x0000000184000000, 0x0000000185000000|  0%| F|  |TAMS 0x0000000184000000, 0x0000000184000000| Untracked 
| 259|0x0000000185000000, 0x0000000185000000, 0x0000000186000000|  0%| F|  |TAMS 0x0000000185000000, 0x0000000185000000| Untracked 
| 260|0x0000000186000000, 0x0000000186000000, 0x0000000187000000|  0%| F|  |TAMS 0x0000000186000000, 0x0000000186000000| Untracked 
| 261|0x0000000187000000, 0x0000000187000000, 0x0000000188000000|  0%| F|  |TAMS 0x0000000187000000, 0x0000000187000000| Untracked 
| 262|0x0000000188000000, 0x0000000188000000, 0x0000000189000000|  0%| F|  |TAMS 0x0000000188000000, 0x0000000188000000| Untracked 
| 263|0x0000000189000000, 0x0000000189000000, 0x000000018a000000|  0%| F|  |TAMS 0x0000000189000000, 0x0000000189000000| Untracked 
| 264|0x000000018a000000, 0x000000018a000000, 0x000000018b000000|  0%| F|  |TAMS 0x000000018a000000, 0x000000018a000000| Untracked 
| 265|0x000000018b000000, 0x000000018b000000, 0x000000018c000000|  0%| F|  |TAMS 0x000000018b000000, 0x000000018b000000| Untracked 
| 266|0x000000018c000000, 0x000000018c000000, 0x000000018d000000|  0%| F|  |TAMS 0x000000018c000000, 0x000000018c000000| Untracked 
| 267|0x000000018d000000, 0x000000018d000000, 0x000000018e000000|  0%| F|  |TAMS 0x000000018d000000, 0x000000018d000000| Untracked 
| 268|0x000000018e000000, 0x000000018e000000, 0x000000018f000000|  0%| F|  |TAMS 0x000000018e000000, 0x000000018e000000| Untracked 
| 269|0x000000018f000000, 0x000000018f000000, 0x0000000190000000|  0%| F|  |TAMS 0x000000018f000000, 0x000000018f000000| Untracked 
| 270|0x0000000190000000, 0x0000000190000000, 0x0000000191000000|  0%| F|  |TAMS 0x0000000190000000, 0x0000000190000000| Untracked 
| 271|0x0000000191000000, 0x0000000191000000, 0x0000000192000000|  0%| F|  |TAMS 0x0000000191000000, 0x0000000191000000| Untracked 
| 272|0x0000000192000000, 0x0000000192000000, 0x0000000193000000|  0%| F|  |TAMS 0x0000000192000000, 0x0000000192000000| Untracked 
| 273|0x0000000193000000, 0x0000000193000000, 0x0000000194000000|  0%| F|  |TAMS 0x0000000193000000, 0x0000000193000000| Untracked 
| 274|0x0000000194000000, 0x0000000194000000, 0x0000000195000000|  0%| F|  |TAMS 0x0000000194000000, 0x0000000194000000| Untracked 
| 275|0x0000000195000000, 0x0000000195000000, 0x0000000196000000|  0%| F|  |TAMS 0x0000000195000000, 0x0000000195000000| Untracked 
| 276|0x0000000196000000, 0x0000000196000000, 0x0000000197000000|  0%| F|  |TAMS 0x0000000196000000, 0x0000000196000000| Untracked 
| 277|0x0000000197000000, 0x0000000197000000, 0x0000000198000000|  0%| F|  |TAMS 0x0000000197000000, 0x0000000197000000| Untracked 
| 278|0x0000000198000000, 0x0000000198000000, 0x0000000199000000|  0%| F|  |TAMS 0x0000000198000000, 0x0000000198000000| Untracked 
| 279|0x0000000199000000, 0x0000000199000000, 0x000000019a000000|  0%| F|  |TAMS 0x0000000199000000, 0x0000000199000000| Untracked 
| 280|0x000000019a000000, 0x000000019a000000, 0x000000019b000000|  0%| F|  |TAMS 0x000000019a000000, 0x000000019a000000| Untracked 
| 281|0x000000019b000000, 0x000000019b000000, 0x000000019c000000|  0%| F|  |TAMS 0x000000019b000000, 0x000000019b000000| Untracked 
| 282|0x000000019c000000, 0x000000019c000000, 0x000000019d000000|  0%| F|  |TAMS 0x000000019c000000, 0x000000019c000000| Untracked 
| 283|0x000000019d000000, 0x000000019d000000, 0x000000019e000000|  0%| F|  |TAMS 0x000000019d000000, 0x000000019d000000| Untracked 
| 284|0x000000019e000000, 0x000000019e000000, 0x000000019f000000|  0%| F|  |TAMS 0x000000019e000000, 0x000000019e000000| Untracked 
| 285|0x000000019f000000, 0x000000019f000000, 0x00000001a0000000|  0%| F|  |TAMS 0x000000019f000000, 0x000000019f000000| Untracked 
| 286|0x00000001a0000000, 0x00000001a0000000, 0x00000001a1000000|  0%| F|  |TAMS 0x00000001a0000000, 0x00000001a0000000| Untracked 
| 287|0x00000001a1000000, 0x00000001a1000000, 0x00000001a2000000|  0%| F|  |TAMS 0x00000001a1000000, 0x00000001a1000000| Untracked 
| 288|0x00000001a2000000, 0x00000001a2000000, 0x00000001a3000000|  0%| F|  |TAMS 0x00000001a2000000, 0x00000001a2000000| Untracked 
| 289|0x00000001a3000000, 0x00000001a3000000, 0x00000001a4000000|  0%| F|  |TAMS 0x00000001a3000000, 0x00000001a3000000| Untracked 
| 290|0x00000001a4000000, 0x00000001a4000000, 0x00000001a5000000|  0%| F|  |TAMS 0x00000001a4000000, 0x00000001a4000000| Untracked 
| 291|0x00000001a5000000, 0x00000001a5000000, 0x00000001a6000000|  0%| F|  |TAMS 0x00000001a5000000, 0x00000001a5000000| Untracked 
| 292|0x00000001a6000000, 0x00000001a6000000, 0x00000001a7000000|  0%| F|  |TAMS 0x00000001a6000000, 0x00000001a6000000| Untracked 
| 293|0x00000001a7000000, 0x00000001a7000000, 0x00000001a8000000|  0%| F|  |TAMS 0x00000001a7000000, 0x00000001a7000000| Untracked 
| 294|0x00000001a8000000, 0x00000001a8000000, 0x00000001a9000000|  0%| F|  |TAMS 0x00000001a8000000, 0x00000001a8000000| Untracked 
| 295|0x00000001a9000000, 0x00000001a9000000, 0x00000001aa000000|  0%| F|  |TAMS 0x00000001a9000000, 0x00000001a9000000| Untracked 
| 296|0x00000001aa000000, 0x00000001aa000000, 0x00000001ab000000|  0%| F|  |TAMS 0x00000001aa000000, 0x00000001aa000000| Untracked 
| 297|0x00000001ab000000, 0x00000001ab000000, 0x00000001ac000000|  0%| F|  |TAMS 0x00000001ab000000, 0x00000001ab000000| Untracked 
| 298|0x00000001ac000000, 0x00000001ac000000, 0x00000001ad000000|  0%| F|  |TAMS 0x00000001ac000000, 0x00000001ac000000| Untracked 
| 299|0x00000001ad000000, 0x00000001ad000000, 0x00000001ae000000|  0%| F|  |TAMS 0x00000001ad000000, 0x00000001ad000000| Untracked 
| 300|0x00000001ae000000, 0x00000001ae000000, 0x00000001af000000|  0%| F|  |TAMS 0x00000001ae000000, 0x00000001ae000000| Untracked 
| 301|0x00000001af000000, 0x00000001af000000, 0x00000001b0000000|  0%| F|  |TAMS 0x00000001af000000, 0x00000001af000000| Untracked 
| 302|0x00000001b0000000, 0x00000001b0000000, 0x00000001b1000000|  0%| F|  |TAMS 0x00000001b0000000, 0x00000001b0000000| Untracked 
| 303|0x00000001b1000000, 0x00000001b1000000, 0x00000001b2000000|  0%| F|  |TAMS 0x00000001b1000000, 0x00000001b1000000| Untracked 
| 304|0x00000001b2000000, 0x00000001b2000000, 0x00000001b3000000|  0%| F|  |TAMS 0x00000001b2000000, 0x00000001b2000000| Untracked 
| 305|0x00000001b3000000, 0x00000001b3000000, 0x00000001b4000000|  0%| F|  |TAMS 0x00000001b3000000, 0x00000001b3000000| Untracked 
| 306|0x00000001b4000000, 0x00000001b4000000, 0x00000001b5000000|  0%| F|  |TAMS 0x00000001b4000000, 0x00000001b4000000| Untracked 
| 307|0x00000001b5000000, 0x00000001b5000000, 0x00000001b6000000|  0%| F|  |TAMS 0x00000001b5000000, 0x00000001b5000000| Untracked 
| 308|0x00000001b6000000, 0x00000001b6000000, 0x00000001b7000000|  0%| F|  |TAMS 0x00000001b6000000, 0x00000001b6000000| Untracked 
| 309|0x00000001b7000000, 0x00000001b7000000, 0x00000001b8000000|  0%| F|  |TAMS 0x00000001b7000000, 0x00000001b7000000| Untracked 
| 310|0x00000001b8000000, 0x00000001b8000000, 0x00000001b9000000|  0%| F|  |TAMS 0x00000001b8000000, 0x00000001b8000000| Untracked 
| 311|0x00000001b9000000, 0x00000001b9000000, 0x00000001ba000000|  0%| F|  |TAMS 0x00000001b9000000, 0x00000001b9000000| Untracked 
| 312|0x00000001ba000000, 0x00000001ba000000, 0x00000001bb000000|  0%| F|  |TAMS 0x00000001ba000000, 0x00000001ba000000| Untracked 
| 313|0x00000001bb000000, 0x00000001bb000000, 0x00000001bc000000|  0%| F|  |TAMS 0x00000001bb000000, 0x00000001bb000000| Untracked 
| 314|0x00000001bc000000, 0x00000001bc000000, 0x00000001bd000000|  0%| F|  |TAMS 0x00000001bc000000, 0x00000001bc000000| Untracked 
| 315|0x00000001bd000000, 0x00000001bd000000, 0x00000001be000000|  0%| F|  |TAMS 0x00000001bd000000, 0x00000001bd000000| Untracked 
| 316|0x00000001be000000, 0x00000001be000000, 0x00000001bf000000|  0%| F|  |TAMS 0x00000001be000000, 0x00000001be000000| Untracked 
| 317|0x00000001bf000000, 0x00000001bf000000, 0x00000001c0000000|  0%| F|  |TAMS 0x00000001bf000000, 0x00000001bf000000| Untracked 
| 318|0x00000001c0000000, 0x00000001c0000000, 0x00000001c1000000|  0%| F|  |TAMS 0x00000001c0000000, 0x00000001c0000000| Untracked 
| 319|0x00000001c1000000, 0x00000001c1000000, 0x00000001c2000000|  0%| F|  |TAMS 0x00000001c1000000, 0x00000001c1000000| Untracked 
| 320|0x00000001c2000000, 0x00000001c2000000, 0x00000001c3000000|  0%| F|  |TAMS 0x00000001c2000000, 0x00000001c2000000| Untracked 
| 321|0x00000001c3000000, 0x00000001c3000000, 0x00000001c4000000|  0%| F|  |TAMS 0x00000001c3000000, 0x00000001c3000000| Untracked 
| 322|0x00000001c4000000, 0x00000001c4000000, 0x00000001c5000000|  0%| F|  |TAMS 0x00000001c4000000, 0x00000001c4000000| Untracked 
| 323|0x00000001c5000000, 0x00000001c5000000, 0x00000001c6000000|  0%| F|  |TAMS 0x00000001c5000000, 0x00000001c5000000| Untracked 
| 324|0x00000001c6000000, 0x00000001c6000000, 0x00000001c7000000|  0%| F|  |TAMS 0x00000001c6000000, 0x00000001c6000000| Untracked 
| 325|0x00000001c7000000, 0x00000001c7000000, 0x00000001c8000000|  0%| F|  |TAMS 0x00000001c7000000, 0x00000001c7000000| Untracked 
| 326|0x00000001c8000000, 0x00000001c8000000, 0x00000001c9000000|  0%| F|  |TAMS 0x00000001c8000000, 0x00000001c8000000| Untracked 
| 327|0x00000001c9000000, 0x00000001c9000000, 0x00000001ca000000|  0%| F|  |TAMS 0x00000001c9000000, 0x00000001c9000000| Untracked 
| 328|0x00000001ca000000, 0x00000001ca000000, 0x00000001cb000000|  0%| F|  |TAMS 0x00000001ca000000, 0x00000001ca000000| Untracked 
| 329|0x00000001cb000000, 0x00000001cb000000, 0x00000001cc000000|  0%| F|  |TAMS 0x00000001cb000000, 0x00000001cb000000| Untracked 
| 330|0x00000001cc000000, 0x00000001cc000000, 0x00000001cd000000|  0%| F|  |TAMS 0x00000001cc000000, 0x00000001cc000000| Untracked 
| 331|0x00000001cd000000, 0x00000001cd000000, 0x00000001ce000000|  0%| F|  |TAMS 0x00000001cd000000, 0x00000001cd000000| Untracked 
| 332|0x00000001ce000000, 0x00000001ce000000, 0x00000001cf000000|  0%| F|  |TAMS 0x00000001ce000000, 0x00000001ce000000| Untracked 
| 333|0x00000001cf000000, 0x00000001cf000000, 0x00000001d0000000|  0%| F|  |TAMS 0x00000001cf000000, 0x00000001cf000000| Untracked 
| 334|0x00000001d0000000, 0x00000001d0000000, 0x00000001d1000000|  0%| F|  |TAMS 0x00000001d0000000, 0x00000001d0000000| Untracked 
| 335|0x00000001d1000000, 0x00000001d1000000, 0x00000001d2000000|  0%| F|  |TAMS 0x00000001d1000000, 0x00000001d1000000| Untracked 
| 336|0x00000001d2000000, 0x00000001d2000000, 0x00000001d3000000|  0%| F|  |TAMS 0x00000001d2000000, 0x00000001d2000000| Untracked 
| 337|0x00000001d3000000, 0x00000001d3000000, 0x00000001d4000000|  0%| F|  |TAMS 0x00000001d3000000, 0x00000001d3000000| Untracked 
| 338|0x00000001d4000000, 0x00000001d4000000, 0x00000001d5000000|  0%| F|  |TAMS 0x00000001d4000000, 0x00000001d4000000| Untracked 
| 339|0x00000001d5000000, 0x00000001d5000000, 0x00000001d6000000|  0%| F|  |TAMS 0x00000001d5000000, 0x00000001d5000000| Untracked 
| 340|0x00000001d6000000, 0x00000001d6000000, 0x00000001d7000000|  0%| F|  |TAMS 0x00000001d6000000, 0x00000001d6000000| Untracked 
| 341|0x00000001d7000000, 0x00000001d7000000, 0x00000001d8000000|  0%| F|  |TAMS 0x00000001d7000000, 0x00000001d7000000| Untracked 
| 342|0x00000001d8000000, 0x00000001d8000000, 0x00000001d9000000|  0%| F|  |TAMS 0x00000001d8000000, 0x00000001d8000000| Untracked 
| 343|0x00000001d9000000, 0x00000001d9000000, 0x00000001da000000|  0%| F|  |TAMS 0x00000001d9000000, 0x00000001d9000000| Untracked 
| 344|0x00000001da000000, 0x00000001da000000, 0x00000001db000000|  0%| F|  |TAMS 0x00000001da000000, 0x00000001da000000| Untracked 
| 345|0x00000001db000000, 0x00000001db000000, 0x00000001dc000000|  0%| F|  |TAMS 0x00000001db000000, 0x00000001db000000| Untracked 
| 346|0x00000001dc000000, 0x00000001dc000000, 0x00000001dd000000|  0%| F|  |TAMS 0x00000001dc000000, 0x00000001dc000000| Untracked 
| 347|0x00000001dd000000, 0x00000001dd000000, 0x00000001de000000|  0%| F|  |TAMS 0x00000001dd000000, 0x00000001dd000000| Untracked 
| 348|0x00000001de000000, 0x00000001de000000, 0x00000001df000000|  0%| F|  |TAMS 0x00000001de000000, 0x00000001de000000| Untracked 
| 349|0x00000001df000000, 0x00000001df000000, 0x00000001e0000000|  0%| F|  |TAMS 0x00000001df000000, 0x00000001df000000| Untracked 
| 350|0x00000001e0000000, 0x00000001e0000000, 0x00000001e1000000|  0%| F|  |TAMS 0x00000001e0000000, 0x00000001e0000000| Untracked 
| 351|0x00000001e1000000, 0x00000001e1000000, 0x00000001e2000000|  0%| F|  |TAMS 0x00000001e1000000, 0x00000001e1000000| Untracked 
| 352|0x00000001e2000000, 0x00000001e2000000, 0x00000001e3000000|  0%| F|  |TAMS 0x00000001e2000000, 0x00000001e2000000| Untracked 
| 353|0x00000001e3000000, 0x00000001e3000000, 0x00000001e4000000|  0%| F|  |TAMS 0x00000001e3000000, 0x00000001e3000000| Untracked 
| 354|0x00000001e4000000, 0x00000001e4000000, 0x00000001e5000000|  0%| F|  |TAMS 0x00000001e4000000, 0x00000001e4000000| Untracked 
| 355|0x00000001e5000000, 0x00000001e5000000, 0x00000001e6000000|  0%| F|  |TAMS 0x00000001e5000000, 0x00000001e5000000| Untracked 
| 356|0x00000001e6000000, 0x00000001e6000000, 0x00000001e7000000|  0%| F|  |TAMS 0x00000001e6000000, 0x00000001e6000000| Untracked 
| 357|0x00000001e7000000, 0x00000001e7000000, 0x00000001e8000000|  0%| F|  |TAMS 0x00000001e7000000, 0x00000001e7000000| Untracked 
| 358|0x00000001e8000000, 0x00000001e8000000, 0x00000001e9000000|  0%| F|  |TAMS 0x00000001e8000000, 0x00000001e8000000| Untracked 
| 359|0x00000001e9000000, 0x00000001e9000000, 0x00000001ea000000|  0%| F|  |TAMS 0x00000001e9000000, 0x00000001e9000000| Untracked 
| 360|0x00000001ea000000, 0x00000001ea000000, 0x00000001eb000000|  0%| F|  |TAMS 0x00000001ea000000, 0x00000001ea000000| Untracked 
| 361|0x00000001eb000000, 0x00000001eb000000, 0x00000001ec000000|  0%| F|  |TAMS 0x00000001eb000000, 0x00000001eb000000| Untracked 
| 362|0x00000001ec000000, 0x00000001ec000000, 0x00000001ed000000|  0%| F|  |TAMS 0x00000001ec000000, 0x00000001ec000000| Untracked 
| 363|0x00000001ed000000, 0x00000001ed000000, 0x00000001ee000000|  0%| F|  |TAMS 0x00000001ed000000, 0x00000001ed000000| Untracked 
| 364|0x00000001ee000000, 0x00000001ee000000, 0x00000001ef000000|  0%| F|  |TAMS 0x00000001ee000000, 0x00000001ee000000| Untracked 
| 365|0x00000001ef000000, 0x00000001ef000000, 0x00000001f0000000|  0%| F|  |TAMS 0x00000001ef000000, 0x00000001ef000000| Untracked 
| 366|0x00000001f0000000, 0x00000001f1000000, 0x00000001f1000000|100%| S|CS|TAMS 0x00000001f0000000, 0x00000001f0000000| Complete 
| 367|0x00000001f1000000, 0x00000001f2000000, 0x00000001f2000000|100%| S|CS|TAMS 0x00000001f1000000, 0x00000001f1000000| Complete 
| 368|0x00000001f2000000, 0x00000001f2000000, 0x00000001f3000000|  0%| F|  |TAMS 0x00000001f2000000, 0x00000001f2000000| Untracked 
| 369|0x00000001f3000000, 0x00000001f3000000, 0x00000001f4000000|  0%| F|  |TAMS 0x00000001f3000000, 0x00000001f3000000| Untracked 
| 370|0x00000001f4000000, 0x00000001f4000000, 0x00000001f5000000|  0%| F|  |TAMS 0x00000001f4000000, 0x00000001f4000000| Untracked 
| 371|0x00000001f5000000, 0x00000001f6000000, 0x00000001f6000000|100%| S|CS|TAMS 0x00000001f5000000, 0x00000001f5000000| Complete 
| 372|0x00000001f6000000, 0x00000001f6000000, 0x00000001f7000000|  0%| F|  |TAMS 0x00000001f6000000, 0x00000001f6000000| Untracked 
| 373|0x00000001f7000000, 0x00000001f7000000, 0x00000001f8000000|  0%| F|  |TAMS 0x00000001f7000000, 0x00000001f7000000| Untracked 
| 374|0x00000001f8000000, 0x00000001f8000000, 0x00000001f9000000|  0%| F|  |TAMS 0x00000001f8000000, 0x00000001f8000000| Untracked 
| 375|0x00000001f9000000, 0x00000001f9000000, 0x00000001fa000000|  0%| F|  |TAMS 0x00000001f9000000, 0x00000001f9000000| Untracked 
| 376|0x00000001fa000000, 0x00000001fa000000, 0x00000001fb000000|  0%| F|  |TAMS 0x00000001fa000000, 0x00000001fa000000| Untracked 
| 377|0x00000001fb000000, 0x00000001fb000000, 0x00000001fc000000|  0%| F|  |TAMS 0x00000001fb000000, 0x00000001fb000000| Untracked 
| 378|0x00000001fc000000, 0x00000001fc000000, 0x00000001fd000000|  0%| F|  |TAMS 0x00000001fc000000, 0x00000001fc000000| Untracked 
| 379|0x00000001fd000000, 0x00000001fd000000, 0x00000001fe000000|  0%| F|  |TAMS 0x00000001fd000000, 0x00000001fd000000| Untracked 
| 380|0x00000001fe000000, 0x00000001fe000000, 0x00000001ff000000|  0%| F|  |TAMS 0x00000001fe000000, 0x00000001fe000000| Untracked 
| 381|0x00000001ff000000, 0x00000001ff000000, 0x0000000200000000|  0%| F|  |TAMS 0x00000001ff000000, 0x00000001ff000000| Untracked 
| 382|0x0000000200000000, 0x0000000200000000, 0x0000000201000000|  0%| F|  |TAMS 0x0000000200000000, 0x0000000200000000| Untracked 
| 383|0x0000000201000000, 0x0000000201000000, 0x0000000202000000|  0%| F|  |TAMS 0x0000000201000000, 0x0000000201000000| Untracked 
| 384|0x0000000202000000, 0x0000000202000000, 0x0000000203000000|  0%| F|  |TAMS 0x0000000202000000, 0x0000000202000000| Untracked 
| 385|0x0000000203000000, 0x0000000203000000, 0x0000000204000000|  0%| F|  |TAMS 0x0000000203000000, 0x0000000203000000| Untracked 
| 386|0x0000000204000000, 0x0000000204000000, 0x0000000205000000|  0%| F|  |TAMS 0x0000000204000000, 0x0000000204000000| Untracked 
| 387|0x0000000205000000, 0x0000000205000000, 0x0000000206000000|  0%| F|  |TAMS 0x0000000205000000, 0x0000000205000000| Untracked 
|1916|0x00000007fe000000, 0x00000007fef75000, 0x00000007ff000000| 96%|OA|  |TAMS 0x00000007fe000000, 0x00000007fe000000| Untracked 
|1917|0x00000007ff000000, 0x00000007ff078000, 0x0000000800000000|  2%|CA|  |TAMS 0x00000007ff000000, 0x00000007ff000000| Untracked 

Card table byte_map: [0x00007f57c874a000,0x00007f57cc33a000] _byte_map_base: 0x00007f57c833a000

Marking Bits (Prev, Next): (CMBitMap*) 0x00007f57e8068b50, (CMBitMap*) 0x00007f57e8068b90
 Prev Bits: [0x00007f57a6bda000, 0x00007f57c4b5a000)
 Next Bits: [0x00007f5788c5a000, 0x00007f57a6bda000)

Polling page: 0x00007f57eea6c000

Metaspace:

Usage:
  Non-class:      6.12 MB used.
      Class:    785.98 KB used.
       Both:      6.89 MB used.

Virtual space:
  Non-class space:       64.00 MB reserved,       6.25 MB ( 10%) committed,  1 nodes.
      Class space:        1.00 GB reserved,     896.00 KB ( <1%) committed,  1 nodes.
             Both:        1.06 GB reserved,       7.12 MB ( <1%) committed. 

Chunk freelists:
   Non-Class:  9.21 MB
       Class:  15.01 MB
        Both:  24.23 MB

MaxMetaspaceSize: unlimited
CompressedClassSpaceSize: 1.00 GB
Initial GC threshold: 21.00 MB
Current GC threshold: 21.00 MB
CDS: on
MetaspaceReclaimPolicy: balanced
 - commit_granule_bytes: 65536.
 - commit_granule_words: 8192.
 - virtual_space_node_default_size: 8388608.
 - enlarge_chunks_in_place: 1.
 - new_chunks_are_fully_committed: 0.
 - uncommit_free_chunks: 1.
 - use_allocation_guard: 0.
 - handle_deallocations: 1.


Internal statistics:

num_allocs_failed_limit: 0.
num_arena_births: 184.
num_arena_deaths: 0.
num_vsnodes_births: 2.
num_vsnodes_deaths: 0.
num_space_committed: 114.
num_space_uncommitted: 0.
num_chunks_returned_to_freelist: 0.
num_chunks_taken_from_freelist: 418.
num_chunk_merges: 0.
num_chunk_splits: 233.
num_chunks_enlarged: 119.
num_inconsistent_stats: 0.

CodeHeap 'non-profiled nmethods': size=119168Kb used=862Kb max_used=862Kb free=118305Kb
 bounds [0x00007f57d8f9e000, 0x00007f57d920e000, 0x00007f57e03fe000]
CodeHeap 'profiled nmethods': size=119164Kb used=3582Kb max_used=3582Kb free=115581Kb
 bounds [0x00007f57d13fe000, 0x00007f57d177e000, 0x00007f57d885d000]
CodeHeap 'non-nmethods': size=7428Kb used=2862Kb max_used=2924Kb free=4565Kb
 bounds [0x00007f57d885d000, 0x00007f57d8b4d000, 0x00007f57d8f9e000]
 total_blobs=2434 nmethods=1970 adapters=374
 compilation: enabled
              stopped_count=0, restarted_count=0
 full_count=0

Compilation events (20 events):
Event: 4.373 Thread 0x00007f570401e110 nmethod 1970 0x00007f57d1773a90 code [0x00007f57d1773c40, 0x00007f57d1773e10]
Event: 4.374 Thread 0x00007f570401e110 1974       3       jdk.internal.ref.PhantomCleanable::clean (16 bytes)
Event: 4.374 Thread 0x00007f570401e110 nmethod 1974 0x00007f57d1773e90 code [0x00007f57d1774060, 0x00007f57d1774320]
Event: 4.374 Thread 0x00007f570401e110 1975       3       jdk.internal.ref.CleanerImpl$PhantomCleanableRef::performCleanup (10 bytes)
Event: 4.374 Thread 0x00007f570401e110 nmethod 1975 0x00007f57d1774410 code [0x00007f57d17745c0, 0x00007f57d17747a0]
Event: 4.374 Thread 0x00007f570401e110 1972       3       java.lang.ref.Reference::enqueueFromPending (19 bytes)
Event: 4.374 Thread 0x00007f570401e110 nmethod 1972 0x00007f57d1774890 code [0x00007f57d1774a40, 0x00007f57d1774c60]
Event: 4.374 Thread 0x00007f570401e110 1973   !   3       java.lang.ref.ReferenceQueue::enqueue (119 bytes)
Event: 4.374 Thread 0x00007f570401e110 nmethod 1973 0x00007f57d1774d10 code [0x00007f57d1774f00, 0x00007f57d17755e0]
Event: 4.381 Thread 0x00007f57e821c870 nmethod 1967 0x00007f57d9070e10 code [0x00007f57d9070fc0, 0x00007f57d9071ad8]
Event: 4.381 Thread 0x00007f57e821c870 1977       4       java.lang.ref.SoftReference::get (29 bytes)
Event: 4.382 Thread 0x00007f57e821c870 nmethod 1977 0x00007f57d9072090 code [0x00007f57d9072220, 0x00007f57d9072318]
Event: 4.382 Thread 0x00007f57e821c870 1968       4       java.lang.AbstractStringBuilder::append (60 bytes)
Event: 4.384 Thread 0x00007f570401be40 1978 % !   3       org.apache.commons.beanutils.memoryleaktests.MemoryLeakTestCase::forceGarbageCollection @ 43 (249 bytes)
Event: 4.385 Thread 0x00007f570401be40 nmethod 1978% 0x00007f57d1775790 code [0x00007f57d1775d60, 0x00007f57d1778810]
Event: 4.385 Thread 0x00007f570401e110 1979   !   3       org.apache.commons.beanutils.memoryleaktests.MemoryLeakTestCase::forceGarbageCollection (249 bytes)
Event: 4.386 Thread 0x00007f570401e110 nmethod 1979 0x00007f57d1779b10 code [0x00007f57d177a0e0, 0x00007f57d177c9f0]
Event: 4.388 Thread 0x00007f57e821c870 nmethod 1968 0x00007f57d9072390 code [0x00007f57d9072540, 0x00007f57d9072ff8]
Event: 4.399 Thread 0x00007f57e821c870 1980 % !   4       org.apache.commons.beanutils.memoryleaktests.MemoryLeakTestCase::forceGarbageCollection @ 43 (249 bytes)
Event: 4.563 Thread 0x00007f57e821c870 nmethod 1980% 0x00007f57d9073590 code [0x00007f57d90737c0, 0x00007f57d9075028]

GC Heap History (19 events):
Event: 4.368 GC heap before
{Heap before GC invocations=0 (full 0):
 garbage-first heap   total 2129920K, used 114612K [0x0000000082000000, 0x0000000800000000)
  region size 16384K, 6 young (98304K), 0 survivors (0K)
 Metaspace       used 7043K, committed 7296K, reserved 1114112K
  class space    used 785K, committed 896K, reserved 1048576K
}
Event: 4.373 GC heap after
{Heap after GC invocations=1 (full 0):
 garbage-first heap   total 2129920K, used 23217K [0x0000000082000000, 0x0000000800000000)
  region size 16384K, 1 young (16384K), 1 survivors (16384K)
 Metaspace       used 7043K, committed 7296K, reserved 1114112K
  class space    used 785K, committed 896K, reserved 1048576K
}
Event: 4.404 GC heap before
{Heap before GC invocations=1 (full 0):
 garbage-first heap   total 2129920K, used 105137K [0x0000000082000000, 0x0000000800000000)
  region size 16384K, 6 young (98304K), 1 survivors (16384K)
 Metaspace       used 7052K, committed 7296K, reserved 1114112K
  class space    used 785K, committed 896K, reserved 1048576K
}
Event: 4.454 GC heap after
{Heap after GC invocations=2 (full 0):
 garbage-first heap   total 2129920K, used 45552K [0x0000000082000000, 0x0000000800000000)
  region size 16384K, 1 young (16384K), 1 survivors (16384K)
 Metaspace       used 7052K, committed 7296K, reserved 1114112K
  class space    used 785K, committed 896K, reserved 1048576K
}
Event: 4.461 GC heap before
{Heap before GC invocations=2 (full 0):
 garbage-first heap   total 2129920K, used 111088K [0x0000000082000000, 0x0000000800000000)
  region size 16384K, 6 young (98304K), 1 survivors (16384K)
 Metaspace       used 7052K, committed 7296K, reserved 1114112K
  class space    used 785K, committed 896K, reserved 1048576K
}
Event: 4.519 GC heap after
{Heap after GC invocations=3 (full 0):
 garbage-first heap   total 2129920K, used 67971K [0x0000000082000000, 0x0000000800000000)
  region size 16384K, 1 young (16384K), 1 survivors (16384K)
 Metaspace       used 7052K, committed 7296K, reserved 1114112K
  class space    used 785K, committed 896K, reserved 1048576K
}
Event: 4.530 GC heap before
{Heap before GC invocations=3 (full 0):
 garbage-first heap   total 2129920K, used 149891K [0x0000000082000000, 0x0000000800000000)
  region size 16384K, 6 young (98304K), 1 survivors (16384K)
 Metaspace       used 7052K, committed 7296K, reserved 1114112K
  class space    used 785K, committed 896K, reserved 1048576K
}
Event: 4.560 GC heap after
{Heap after GC invocations=4 (full 0):
 garbage-first heap   total 2129920K, used 90361K [0x0000000082000000, 0x0000000800000000)
  region size 16384K, 1 young (16384K), 1 survivors (16384K)
 Metaspace       used 7052K, committed 7296K, reserved 1114112K
  class space    used 785K, committed 896K, reserved 1048576K
}
Event: 4.569 GC heap before
{Heap before GC invocations=4 (full 0):
 garbage-first heap   total 2129920K, used 188665K [0x0000000082000000, 0x0000000800000000)
  region size 16384K, 7 young (114688K), 1 survivors (16384K)
 Metaspace       used 7052K, committed 7296K, reserved 1114112K
  class space    used 785K, committed 896K, reserved 1048576K
}
Event: 4.591 GC heap after
{Heap after GC invocations=5 (full 0):
 garbage-first heap   total 2129920K, used 117402K [0x0000000082000000, 0x0000000800000000)
  region size 16384K, 1 young (16384K), 1 survivors (16384K)
 Metaspace       used 7052K, committed 7296K, reserved 1114112K
  class space    used 785K, committed 896K, reserved 1048576K
}
Event: 4.617 GC heap before
{Heap before GC invocations=5 (full 0):
 garbage-first heap   total 2129920K, used 264858K [0x0000000082000000, 0x0000000800000000)
  region size 16384K, 10 young (163840K), 1 survivors (16384K)
 Metaspace       used 7052K, committed 7296K, reserved 1114112K
  class space    used 785K, committed 896K, reserved 1048576K
}
Event: 4.692 GC heap after
{Heap after GC invocations=6 (full 0):
 garbage-first heap   total 6389760K, used 160740K [0x0000000082000000, 0x0000000800000000)
  region size 16384K, 2 young (32768K), 2 survivors (32768K)
 Metaspace       used 7052K, committed 7296K, reserved 1114112K
  class space    used 785K, committed 896K, reserved 1048576K
}
Event: 4.828 GC heap before
{Heap before GC invocations=6 (full 0):
 garbage-first heap   total 6389760K, used 422884K [0x0000000082000000, 0x0000000800000000)
  region size 16384K, 19 young (311296K), 2 survivors (32768K)
 Metaspace       used 7052K, committed 7296K, reserved 1114112K
  class space    used 785K, committed 896K, reserved 1048576K
}
Event: 4.876 GC heap after
{Heap after GC invocations=7 (full 0):
 garbage-first heap   total 6389760K, used 236908K [0x0000000082000000, 0x0000000800000000)
  region size 16384K, 3 young (49152K), 3 survivors (49152K)
 Metaspace       used 7052K, committed 7296K, reserved 1114112K
  class space    used 785K, committed 896K, reserved 1048576K
}
Event: 4.898 GC heap before
{Heap before GC invocations=7 (full 0):
 garbage-first heap   total 6389760K, used 482668K [0x0000000082000000, 0x0000000800000000)
  region size 16384K, 19 young (311296K), 3 survivors (49152K)
 Metaspace       used 7052K, committed 7296K, reserved 1114112K
  class space    used 785K, committed 896K, reserved 1048576K
}
Event: 4.934 GC heap after
{Heap after GC invocations=8 (full 0):
 garbage-first heap   total 6389760K, used 313993K [0x0000000082000000, 0x0000000800000000)
  region size 16384K, 3 young (49152K), 3 survivors (49152K)
 Metaspace       used 7052K, committed 7296K, reserved 1114112K
  class space    used 785K, committed 896K, reserved 1048576K
}
Event: 4.961 GC heap before
{Heap before GC invocations=8 (full 0):
 garbage-first heap   total 6389760K, used 592521K [0x0000000082000000, 0x0000000800000000)
  region size 16384K, 19 young (311296K), 3 survivors (49152K)
 Metaspace       used 7052K, committed 7296K, reserved 1114112K
  class space    used 785K, committed 896K, reserved 1048576K
}
Event: 5.039 GC heap after
{Heap after GC invocations=9 (full 0):
 garbage-first heap   total 6389760K, used 398360K [0x0000000082000000, 0x0000000800000000)
  region size 16384K, 3 young (49152K), 3 survivors (49152K)
 Metaspace       used 7052K, committed 7296K, reserved 1114112K
  class space    used 785K, committed 896K, reserved 1048576K
}
Event: 5.060 GC heap before
{Heap before GC invocations=9 (full 0):
 garbage-first heap   total 6389760K, used 660504K [0x0000000082000000, 0x0000000800000000)
  region size 16384K, 19 young (311296K), 3 survivors (49152K)
 Metaspace       used 7052K, committed 7296K, reserved 1114112K
  class space    used 785K, committed 896K, reserved 1048576K
}

Dll operation events (12 events):
Event: 0.005 Loaded shared library /sfs/gpfs/tardis/applications/202512/software/standard/core/java/17/lib/libjava.so
Event: 0.005 Loaded shared library /sfs/gpfs/tardis/applications/202512/software/standard/core/java/17/lib/libzip.so
Event: 0.052 Loaded shared library /sfs/gpfs/tardis/applications/202512/software/standard/core/java/17/lib/libjsvml.so
Event: 0.232 Loaded shared library /sfs/gpfs/tardis/applications/202512/software/standard/core/java/17/lib/libinstrument.so
Event: 0.459 Loaded shared library /sfs/gpfs/tardis/applications/202512/software/standard/core/java/17/lib/libnio.so
Event: 0.460 Loaded shared library /sfs/gpfs/tardis/applications/202512/software/standard/core/java/17/lib/libzip.so
Event: 0.483 Loaded shared library /sfs/gpfs/tardis/applications/202512/software/standard/core/java/17/lib/libjimage.so
Event: 0.757 Loaded shared library /sfs/gpfs/tardis/applications/202512/software/standard/core/java/17/lib/libverify.so
Event: 0.763 Loaded shared library /sfs/gpfs/tardis/applications/202512/software/standard/core/java/17/lib/libnet.so
Event: 0.780 Loaded shared library /sfs/gpfs/tardis/applications/202512/software/standard/core/java/17/lib/libextnet.so
Event: 0.804 Loaded shared library /sfs/gpfs/tardis/applications/202512/software/standard/core/java/17/lib/libmanagement.so
Event: 0.805 Loaded shared library /sfs/gpfs/tardis/applications/202512/software/standard/core/java/17/lib/libmanagement_ext.so

Deoptimization events (20 events):
Event: 3.456 Thread 0x00007f57e8032990 DEOPT PACKING pc=0x00007f57d8fd1b40 sp=0x00007f57eea559d0
Event: 3.456 Thread 0x00007f57e8032990 DEOPT UNPACKING pc=0x00007f57d88b6b19 sp=0x00007f57eea55990 mode 2
Event: 3.458 Thread 0x00007f57e8032990 Uncommon trap: trap_request=0xffffff76 fr.pc=0x00007f57d9022f88 relative=0x0000000000000268
Event: 3.458 Thread 0x00007f57e8032990 Uncommon trap: reason=predicate action=maybe_recompile pc=0x00007f57d9022f88 method=java.util.ArrayList.indexOfRange(Ljava/lang/Object;II)I @ 45 c2
Event: 3.458 Thread 0x00007f57e8032990 DEOPT PACKING pc=0x00007f57d9022f88 sp=0x00007f57eea55c80
Event: 3.458 Thread 0x00007f57e8032990 DEOPT UNPACKING pc=0x00007f57d88b6b19 sp=0x00007f57eea55c28 mode 2
Event: 3.571 Thread 0x00007f57e851d4b0 Uncommon trap: trap_request=0xffffff45 fr.pc=0x00007f57d900c0c0 relative=0x0000000000000380
Event: 3.571 Thread 0x00007f57e851d4b0 Uncommon trap: reason=unstable_if action=reinterpret pc=0x00007f57d900c0c0 method=java.util.Arrays.equals([Ljava/lang/Object;[Ljava/lang/Object;)Z @ 44 c2
Event: 3.571 Thread 0x00007f57e851d4b0 DEOPT PACKING pc=0x00007f57d900c0c0 sp=0x00007f572affd770
Event: 3.571 Thread 0x00007f57e851d4b0 DEOPT UNPACKING pc=0x00007f57d88b6b19 sp=0x00007f572affd648 mode 2
Event: 3.653 Thread 0x00007f57e851f540 Uncommon trap: trap_request=0xffffff45 fr.pc=0x00007f57d900cdd4 relative=0x0000000000000234
Event: 3.653 Thread 0x00007f57e851f540 Uncommon trap: reason=unstable_if action=reinterpret pc=0x00007f57d900cdd4 method=java.util.Arrays.equals([Ljava/lang/Object;[Ljava/lang/Object;)Z @ 44 c2
Event: 3.653 Thread 0x00007f57e851f540 DEOPT PACKING pc=0x00007f57d900cdd4 sp=0x00007f572affd6e0
Event: 3.653 Thread 0x00007f57e851f540 DEOPT UNPACKING pc=0x00007f57d88b6b19 sp=0x00007f572affd638 mode 2
Event: 4.373 Thread 0x00007f57e8521300 Uncommon trap: trap_request=0xffffff45 fr.pc=0x00007f57d9027784 relative=0x00000000000000e4
Event: 4.373 Thread 0x00007f57e8521300 Uncommon trap: reason=unstable_if action=reinterpret pc=0x00007f57d9027784 method=java.lang.ref.SoftReference.get()Ljava/lang/Object; @ 17 c2
Event: 4.373 Thread 0x00007f57e8521300 DEOPT PACKING pc=0x00007f57d9027784 sp=0x00007f572affd9f0
Event: 4.373 Thread 0x00007f57e8521300 DEOPT UNPACKING pc=0x00007f57d88b6b19 sp=0x00007f572affd9a8 mode 2
Event: 4.563 Thread 0x00007f57e8521300 DEOPT PACKING pc=0x00007f57d1777fed sp=0x00007f572affd940
Event: 4.563 Thread 0x00007f57e8521300 DEOPT UNPACKING pc=0x00007f57d88b764f sp=0x00007f572affcf10 mode 0

Classes loaded (20 events):
Event: 4.339 Loading class org/apache/commons/beanutils/locale/converters/SqlDateLocaleConverter
Event: 4.339 Loading class org/apache/commons/beanutils/locale/converters/SqlDateLocaleConverter done
Event: 4.339 Loading class org/apache/commons/beanutils/locale/converters/DateLocaleConverter
Event: 4.339 Loading class org/apache/commons/beanutils/locale/converters/DateLocaleConverter done
Event: 4.339 Loading class org/apache/commons/beanutils/locale/converters/SqlTimeLocaleConverter
Event: 4.339 Loading class org/apache/commons/beanutils/locale/converters/SqlTimeLocaleConverter done
Event: 4.339 Loading class org/apache/commons/beanutils/locale/converters/SqlTimestampLocaleConverter
Event: 4.339 Loading class org/apache/commons/beanutils/locale/converters/SqlTimestampLocaleConverter done
Event: 4.340 Loading class java/net/URLClassLoader$5
Event: 4.341 Loading class java/net/URLClassLoader$5 done
Event: 4.341 Loading class java/net/FactoryURLClassLoader
Event: 4.341 Loading class java/net/FactoryURLClassLoader done
Event: 4.341 Loading class org/apache/commons/beanutils/memoryleaktests/pojotests/SomePojo
Event: 4.341 Loading class org/apache/commons/beanutils/memoryleaktests/pojotests/SomePojo done
Event: 4.341 Loading class java/net/URLClassLoader$1
Event: 4.341 Loading class java/net/URLClassLoader$1 done
Event: 4.341 Loading class java/io/FilePermissionCollection
Event: 4.341 Loading class java/io/FilePermissionCollection done
Event: 4.341 Loading class java/io/FilePermissionCollection$1
Event: 4.341 Loading class java/io/FilePermissionCollection$1 done

Classes unloaded (0 events):
No events

Classes redefined (7 events):
Event: 3.473 Thread 0x00007f57e820ec30 redefined class name=org.apache.commons.beanutils.MethodUtils, count=1
Event: 3.602 Thread 0x00007f57e820ec30 redefined class name=org.apache.commons.beanutils.MethodUtils, count=2
Event: 3.613 Thread 0x00007f57e820ec30 redefined class name=org.apache.commons.beanutils.MethodUtils, count=3
Event: 3.730 Thread 0x00007f57e820ec30 redefined class name=org.apache.commons.beanutils.MethodUtils, count=4
Event: 3.745 Thread 0x00007f57e820ec30 redefined class name=org.apache.commons.beanutils.MethodUtils, count=5
Event: 3.847 Thread 0x00007f57e820ec30 redefined class name=org.apache.commons.beanutils.MethodUtils, count=6
Event: 3.863 Thread 0x00007f57e820ec30 redefined class name=org.apache.commons.beanutils.MethodUtils, count=7

Internal exceptions (20 events):
Event: 1.850 Thread 0x00007f57e8032990 Exception <a 'java/lang/NoSuchMethodError'{0x00000001004ec5a0}: 'int java.lang.invoke.DirectMethodHandle$Holder.invokeVirtual(java.lang.Object, java.lang.Object)'> (0x00000001004ec5a0) 
thrown [src/hotspot/share/interpreter/linkResolver.cpp, line 758]
Event: 2.155 Thread 0x00007f57e8032990 Exception <a 'java/lang/NoClassDefFoundError'{0x00000001006f8190}: org/apache/log4j/Priority> (0x00000001006f8190) 
thrown [src/hotspot/share/classfile/systemDictionary.cpp, line 245]
Event: 2.197 Thread 0x00007f57e8032990 Exception <a 'java/lang/NoSuchMethodError'{0x0000000100a67d40}: 'java.lang.Object java.lang.invoke.DirectMethodHandle$Holder.newInvokeSpecial(java.lang.Object, java.lang.Object, java.lang.Object, java.lang.Object, java.lang.Object)'> (0x0000000100a67d40) 
thrown [src/hotspot/share/interpreter/linkResolver.cpp, line 758]
Event: 2.441 Thread 0x00007f57e8032990 Exception <a 'java/lang/ClassNotFoundException'{0x0000000100eeaed0}: org/apache/commons/beanutils/TestBeanBeanInfo> (0x0000000100eeaed0) 
thrown [src/hotspot/share/classfile/systemDictionary.cpp, line 256]
Event: 2.441 Thread 0x00007f57e8032990 Exception <a 'java/lang/ClassNotFoundException'{0x0000000100eebeb8}: java/lang/ObjectBeanInfo> (0x0000000100eebeb8) 
thrown [src/hotspot/share/classfile/systemDictionary.cpp, line 256]
Event: 2.441 Thread 0x00007f57e8032990 Exception <a 'java/lang/ClassNotFoundException'{0x0000000100eeded0}: java/lang/ObjectCustomizer> (0x0000000100eeded0) 
thrown [src/hotspot/share/classfile/systemDictionary.cpp, line 256]
Event: 2.456 Thread 0x00007f57e8032990 Exception <a 'java/lang/ClassNotFoundException'{0x0000000100f21bf0}: org/apache/commons/beanutils/TestBeanCustomizer> (0x0000000100f21bf0) 
thrown [src/hotspot/share/classfile/systemDictionary.cpp, line 256]
Event: 3.484 Thread 0x00007f57e8032990 Exception <a 'java/lang/NoSuchMethodError'{0x00000000fe1626b0}: 'void java.lang.invoke.DirectMethodHandle$Holder.invokeSpecial(java.lang.Object, java.lang.Object, java.lang.Object)'> (0x00000000fe1626b0) 
thrown [src/hotspot/share/interpreter/linkResolver.cpp, line 758]
Event: 3.561 Thread 0x00007f57e8032990 Exception <a 'java/lang/NoSuchMethodError'{0x00000000fe181530}: 'void java.lang.invoke.DirectMethodHandle$Holder.invokeStatic(java.lang.Object, java.lang.Object, java.lang.Object)'> (0x00000000fe181530) 
thrown [src/hotspot/share/interpreter/linkResolver.cpp, line 758]
Event: 3.654 Thread 0x00007f57e851f540 Exception <a 'java/lang/reflect/InvocationTargetException'{0x00000000febbaa98}> (0x00000000febbaa98) 
thrown [src/hotspot/share/runtime/reflection.cpp, line 1126]
Event: 3.758 Thread 0x00007f57e85202a0 Exception <a 'java/lang/IllegalArgumentException'{0x00000000fd02dfe0}: argument type mismatch> (0x00000000fd02dfe0) 
thrown [src/hotspot/share/runtime/reflection.cpp, line 1100]
Event: 3.758 Thread 0x00007f57e85202a0 Exception <a 'java/lang/reflect/InvocationTargetException'{0x00000000fd02e2b0}> (0x00000000fd02e2b0) 
thrown [src/hotspot/share/runtime/reflection.cpp, line 1126]
Event: 3.760 Thread 0x00007f57e85202a0 Exception <a 'java/lang/IllegalArgumentException'{0x00000000fd224340}: argument type mismatch> (0x00000000fd224340) 
thrown [src/hotspot/share/runtime/reflection.cpp, line 1100]
Event: 3.760 Thread 0x00007f57e85202a0 Exception <a 'java/lang/reflect/InvocationTargetException'{0x00000000fd224610}> (0x00000000fd224610) 
thrown [src/hotspot/share/runtime/reflection.cpp, line 1126]
Event: 3.760 Thread 0x00007f57e85202a0 Exception <a 'java/lang/IllegalArgumentException'{0x00000000fd4051a0}: argument type mismatch> (0x00000000fd4051a0) 
thrown [src/hotspot/share/runtime/reflection.cpp, line 1100]
Event: 3.760 Thread 0x00007f57e85202a0 Exception <a 'java/lang/reflect/InvocationTargetException'{0x00000000fd405470}> (0x00000000fd405470) 
thrown [src/hotspot/share/runtime/reflection.cpp, line 1126]
Event: 3.829 Thread 0x00007f57e85202a0 Exception <a 'java/lang/reflect/InvocationTargetException'{0x00000000fdbbfa20}> (0x00000000fdbbfa20) 
thrown [src/hotspot/share/runtime/reflection.cpp, line 1126]
Event: 3.920 Thread 0x00007f57e8521300 Exception <a 'java/lang/reflect/InvocationTargetException'{0x00000000fdda7658}> (0x00000000fdda7658) 
thrown [src/hotspot/share/runtime/reflection.cpp, line 1126]
Event: 3.930 Thread 0x00007f57e8521300 Exception <a 'java/lang/reflect/InvocationTargetException'{0x00000000fdf8fdf8}> (0x00000000fdf8fdf8) 
thrown [src/hotspot/share/runtime/reflection.cpp, line 1126]
Event: 4.011 Thread 0x00007f57e8521300 Exception <a 'java/lang/reflect/InvocationTargetException'{0x00000000fc033a48}> (0x00000000fc033a48) 
thrown [src/hotspot/share/runtime/reflection.cpp, line 1126]

VM Operations (20 events):
Event: 3.866 Executing VM operation: RedefineClasses done
Event: 4.355 Executing VM operation: G1CollectForAllocation
Event: 4.373 Executing VM operation: G1CollectForAllocation done
Event: 4.404 Executing VM operation: G1CollectForAllocation
Event: 4.454 Executing VM operation: G1CollectForAllocation done
Event: 4.461 Executing VM operation: G1CollectForAllocation
Event: 4.519 Executing VM operation: G1CollectForAllocation done
Event: 4.527 Executing VM operation: G1CollectForAllocation
Event: 4.560 Executing VM operation: G1CollectForAllocation done
Event: 4.569 Executing VM operation: G1CollectForAllocation
Event: 4.591 Executing VM operation: G1CollectForAllocation done
Event: 4.617 Executing VM operation: G1CollectForAllocation
Event: 4.692 Executing VM operation: G1CollectForAllocation done
Event: 4.828 Executing VM operation: G1CollectForAllocation
Event: 4.876 Executing VM operation: G1CollectForAllocation done
Event: 4.898 Executing VM operation: G1CollectForAllocation
Event: 4.934 Executing VM operation: G1CollectForAllocation done
Event: 4.961 Executing VM operation: G1CollectForAllocation
Event: 5.039 Executing VM operation: G1CollectForAllocation done
Event: 5.060 Executing VM operation: G1CollectForAllocation

Memory protections (20 events):
Event: 2.595 Protecting memory [0x00007f572af00000,0x00007f572af04000] with protection modes 0
Event: 2.873 Protecting memory [0x00007f572adff000,0x00007f572ae03000] with protection modes 0
Event: 3.485 Protecting memory [0x00007f572af00000,0x00007f572af04000] with protection modes 0
Event: 3.563 Protecting memory [0x00007f572af00000,0x00007f572af04000] with protection modes 0
Event: 3.624 Protecting memory [0x00007f572af00000,0x00007f572af04000] with protection modes 0
Event: 3.653 Protecting memory [0x00007f572af00000,0x00007f572af04000] with protection modes 0
Event: 3.654 Protecting memory [0x00007f572af00000,0x00007f572af04000] with protection modes 0
Event: 3.656 Protecting memory [0x00007f572af00000,0x00007f572af04000] with protection modes 0
Event: 3.668 Protecting memory [0x00007f572adff000,0x00007f572ae03000] with protection modes 0
Event: 3.758 Protecting memory [0x00007f572adff000,0x00007f572ae03000] with protection modes 0
Event: 3.759 Protecting memory [0x00007f572adff000,0x00007f572ae03000] with protection modes 0
Event: 3.760 Protecting memory [0x00007f572af00000,0x00007f572af04000] with protection modes 0
Event: 3.772 Protecting memory [0x00007f572af00000,0x00007f572af04000] with protection modes 0
Event: 3.774 Protecting memory [0x00007f572af00000,0x00007f572af04000] with protection modes 0
Event: 3.775 Protecting memory [0x00007f572af00000,0x00007f572af04000] with protection modes 0
Event: 3.796 Protecting memory [0x00007f572af00000,0x00007f572af04000] with protection modes 0
Event: 3.883 Protecting memory [0x00007f572af00000,0x00007f572af04000] with protection modes 0
Event: 3.929 Protecting memory [0x00007f572af00000,0x00007f572af04000] with protection modes 0
Event: 4.011 Protecting memory [0x00007f572af00000,0x00007f572af04000] with protection modes 0
Event: 4.091 Protecting memory [0x00007f572af00000,0x00007f572af04000] with protection modes 0

Nmethod flushes (0 events):
No events

Events (20 events):
Event: 3.760 Thread 0x00007f57e8032990 Thread added: 0x00007f57e85202a0
Event: 3.760 Thread 0x00007f57e85202a0 Thread exited: 0x00007f57e85202a0
Event: 3.772 Thread 0x00007f57e8032990 Thread added: 0x00007f57e85202a0
Event: 3.773 Thread 0x00007f57e85202a0 Thread exited: 0x00007f57e85202a0
Event: 3.774 Thread 0x00007f57e8032990 Thread added: 0x00007f57e85202a0
Event: 3.774 Thread 0x00007f57e85202a0 Thread exited: 0x00007f57e85202a0
Event: 3.775 Thread 0x00007f57e8032990 Thread added: 0x00007f57e85202a0
Event: 3.775 Thread 0x00007f57e85202a0 Thread exited: 0x00007f57e85202a0
Event: 3.779 Thread 0x00007f57e8032990 Thread added: 0x00007f57e85202a0
Event: 3.829 Thread 0x00007f57e85202a0 Thread exited: 0x00007f57e85202a0
Event: 3.883 Thread 0x00007f57e8032990 Thread added: 0x00007f57e8521300
Event: 3.920 Thread 0x00007f57e8521300 Thread exited: 0x00007f57e8521300
Event: 3.929 Thread 0x00007f57e8032990 Thread added: 0x00007f57e8521300
Event: 3.930 Thread 0x00007f57e8521300 Thread exited: 0x00007f57e8521300
Event: 3.950 Thread 0x00007f57e8032990 Thread added: 0x00007f57e8521300
Event: 4.011 Thread 0x00007f57e8521300 Thread exited: 0x00007f57e8521300
Event: 4.091 Thread 0x00007f57e8032990 Thread added: 0x00007f57e8521300
Event: 4.100 Thread 0x00007f56e40ae750 Thread exited: 0x00007f56e40ae750
Event: 4.133 Thread 0x00007f57000a0d10 Thread exited: 0x00007f57000a0d10
Event: 4.210 Thread 0x00007f56ec0bd480 Thread exited: 0x00007f56ec0bd480


Dynamic libraries:
82000000-206000000 rw-p 00000000 00:00 0 
46a000000-7fe000000 ---p 00000000 00:00 0 
7fe000000-7fef00000 rw-p 00000000 00:00 0 
7fef00000-7fef75000 rw-p 00c79000 00:33 8596472648                       /sfs/gpfs/tardis/applications/202512/software/standard/core/java/17/lib/server/classes.jsa
7fef75000-7ff000000 rw-p 00000000 00:00 0 
7ff000000-7ff078000 rw-p 00c01000 00:33 8596472648                       /sfs/gpfs/tardis/applications/202512/software/standard/core/java/17/lib/server/classes.jsa
7ff078000-800000000 rw-p 00000000 00:00 0 
563de0154000-563de0155000 r--p 00000000 00:33 8596472430                 /sfs/gpfs/tardis/applications/202512/software/standard/core/java/17/bin/java
563de0155000-563de0156000 r-xp 00001000 00:33 8596472430                 /sfs/gpfs/tardis/applications/202512/software/standard/core/java/17/bin/java
563de0156000-563de0157000 r--p 00002000 00:33 8596472430                 /sfs/gpfs/tardis/applications/202512/software/standard/core/java/17/bin/java
563de0157000-563de0158000 r--p 00002000 00:33 8596472430                 /sfs/gpfs/tardis/applications/202512/software/standard/core/java/17/bin/java
563de0158000-563de0159000 rw-p 00003000 00:33 8596472430                 /sfs/gpfs/tardis/applications/202512/software/standard/core/java/17/bin/java
563de1524000-563de156c000 rw-p 00000000 00:00 0                          [heap]
7f56a4000000-7f56a4021000 rw-p 00000000 00:00 0 
7f56a4021000-7f56a8000000 ---p 00000000 00:00 0 
7f56a8000000-7f56a8021000 rw-p 00000000 00:00 0 
7f56a8021000-7f56ac000000 ---p 00000000 00:00 0 
7f56ac000000-7f56ac021000 rw-p 00000000 00:00 0 
7f56ac021000-7f56b0000000 ---p 00000000 00:00 0 
7f56b0000000-7f56b0021000 rw-p 00000000 00:00 0 
7f56b0021000-7f56b4000000 ---p 00000000 00:00 0 
7f56b4000000-7f56b4021000 rw-p 00000000 00:00 0 
7f56b4021000-7f56b8000000 ---p 00000000 00:00 0 
7f56b8000000-7f56b8021000 rw-p 00000000 00:00 0 
7f56b8021000-7f56bc000000 ---p 00000000 00:00 0 
7f56bc000000-7f56bc021000 rw-p 00000000 00:00 0 
7f56bc021000-7f56c0000000 ---p 00000000 00:00 0 
7f56c0000000-7f56c0021000 rw-p 00000000 00:00 0 
7f56c0021000-7f56c4000000 ---p 00000000 00:00 0 
7f56c4000000-7f56c4021000 rw-p 00000000 00:00 0 
7f56c4021000-7f56c8000000 ---p 00000000 00:00 0 
7f56c8000000-7f56c8021000 rw-p 00000000 00:00 0 
7f56c8021000-7f56cc000000 ---p 00000000 00:00 0 
7f56cc000000-7f56cc021000 rw-p 00000000 00:00 0 
7f56cc021000-7f56d0000000 ---p 00000000 00:00 0 
7f56d0000000-7f56d0021000 rw-p 00000000 00:00 0 
7f56d0021000-7f56d4000000 ---p 00000000 00:00 0 
7f56d4000000-7f56d4063000 rw-p 00000000 00:00 0 
7f56d4063000-7f56d8000000 ---p 00000000 00:00 0 
7f56d8000000-7f56d8021000 rw-p 00000000 00:00 0 
7f56d8021000-7f56dc000000 ---p 00000000 00:00 0 
7f56dc000000-7f56dcf16000 rw-p 00000000 00:00 0 
7f56dcf16000-7f56e0000000 ---p 00000000 00:00 0 
7f56e0000000-7f56e0d08000 rw-p 00000000 00:00 0 
7f56e0d08000-7f56e4000000 ---p 00000000 00:00 0 
7f56e4000000-7f56e4a6a000 rw-p 00000000 00:00 0 
7f56e4a6a000-7f56e8000000 ---p 00000000 00:00 0 
7f56e8000000-7f56e8b8c000 rw-p 00000000 00:00 0 
7f56e8b8c000-7f56ec000000 ---p 00000000 00:00 0 
7f56ec000000-7f56ec0ea000 rw-p 00000000 00:00 0 
7f56ec0ea000-7f56f0000000 ---p 00000000 00:00 0 
7f56f0000000-7f56f0021000 rw-p 00000000 00:00 0 
7f56f0021000-7f56f4000000 ---p 00000000 00:00 0 
7f56f4000000-7f56f4021000 rw-p 00000000 00:00 0 
7f56f4021000-7f56f8000000 ---p 00000000 00:00 0 
7f56f8000000-7f56f80d9000 rw-p 00000000 00:00 0 
7f56f80d9000-7f56fc000000 ---p 00000000 00:00 0 
7f56fc000000-7f56fc021000 rw-p 00000000 00:00 0 
7f56fc021000-7f5700000000 ---p 00000000 00:00 0 
7f5700000000-7f5700190000 rw-p 00000000 00:00 0 
7f5700190000-7f5704000000 ---p 00000000 00:00 0 
7f5704000000-7f570408a000 rw-p 00000000 00:00 0 
7f570408a000-7f5708000000 ---p 00000000 00:00 0 
7f5708000000-7f5708021000 rw-p 00000000 00:00 0 
7f5708021000-7f570c000000 ---p 00000000 00:00 0 
7f570c000000-7f570c021000 rw-p 00000000 00:00 0 
7f570c021000-7f5710000000 ---p 00000000 00:00 0 
7f5710000000-7f5711656000 rw-p 00000000 00:00 0 
7f5711656000-7f5714000000 ---p 00000000 00:00 0 
7f5714000000-7f5714021000 rw-p 00000000 00:00 0 
7f5714021000-7f5718000000 ---p 00000000 00:00 0 
7f5718000000-7f5718021000 rw-p 00000000 00:00 0 
7f5718021000-7f571c000000 ---p 00000000 00:00 0 
7f571c000000-7f571c021000 rw-p 00000000 00:00 0 
7f571c021000-7f5720000000 ---p 00000000 00:00 0 
7f5720000000-7f5720021000 rw-p 00000000 00:00 0 
7f5720021000-7f5724000000 ---p 00000000 00:00 0 
7f5724000000-7f572463b000 rw-p 00000000 00:00 0 
7f572463b000-7f5728000000 ---p 00000000 00:00 0 
7f572a0f1000-7f572a0f2000 ---p 00000000 00:00 0 
7f572a0f2000-7f572a1f2000 rw-p 00000000 00:00 0 
7f572a1f2000-7f572a1f3000 ---p 00000000 00:00 0 
7f572a1f3000-7f572a2f3000 rw-p 00000000 00:00 0 
7f572a2f3000-7f572a2f4000 ---p 00000000 00:00 0 
7f572a2f4000-7f572a3f4000 rw-p 00000000 00:00 0 
7f572a3f4000-7f572a3f5000 ---p 00000000 00:00 0 
7f572a3f5000-7f572a4f5000 rw-p 00000000 00:00 0 
7f572a4f5000-7f572a4f6000 ---p 00000000 00:00 0 
7f572a4f6000-7f572a5f6000 rw-p 00000000 00:00 0 
7f572a5f6000-7f572a5f7000 ---p 00000000 00:00 0 
7f572a5f7000-7f572a6f7000 rw-p 00000000 00:00 0 
7f572a6f7000-7f572a6f8000 ---p 00000000 00:00 0 
7f572a6f8000-7f572a7f8000 rw-p 00000000 00:00 0 
7f572a7f8000-7f572a7f9000 ---p 00000000 00:00 0 
7f572a7f9000-7f572a8f9000 rw-p 00000000 00:00 0 
7f572a8f9000-7f572a8fa000 ---p 00000000 00:00 0 
7f572a8fa000-7f572a9fa000 rw-p 00000000 00:00 0 
7f572a9fa000-7f572a9fb000 ---p 00000000 00:00 0 
7f572a9fb000-7f572aafb000 rw-p 00000000 00:00 0 
7f572aafb000-7f572aafc000 ---p 00000000 00:00 0 
7f572aafc000-7f572abfc000 rw-p 00000000 00:00 0 
7f572abfc000-7f572abfd000 ---p 00000000 00:00 0 
7f572abfd000-7f572acfd000 rw-p 00000000 00:00 0 
7f572acfd000-7f572acfe000 ---p 00000000 00:00 0 
7f572acfe000-7f572adfe000 rw-p 00000000 00:00 0 
7f572adfe000-7f572ae03000 ---p 00000000 00:00 0 
7f572ae03000-7f572aeff000 rw-p 00000000 00:00 0 
7f572aeff000-7f572af00000 ---p 00000000 00:00 0 
7f572af00000-7f572af04000 ---p 00000000 00:00 0 
7f572af04000-7f572b000000 rw-p 00000000 00:00 0 
7f572b000000-7f572b455000 rw-p 00001000 00:33 8596472648                 /sfs/gpfs/tardis/applications/202512/software/standard/core/java/17/lib/server/classes.jsa
7f572b455000-7f572bbc9000 rw-p 00456000 00:33 8596472648                 /sfs/gpfs/tardis/applications/202512/software/standard/core/java/17/lib/server/classes.jsa
7f572bbc9000-7f572c000000 ---p 00000000 00:00 0 
7f572c000000-7f572c040000 rw-p 00000000 00:00 0 
7f572c040000-7f572c0c0000 rw-p 00000000 00:00 0 
7f572c0c0000-7f572c0e0000 rw-p 00000000 00:00 0 
7f572c0e0000-7f576c000000 ---p 00000000 00:00 0 
7f576c000000-7f576c021000 rw-p 00000000 00:00 0 
7f576c021000-7f5770000000 ---p 00000000 00:00 0 
7f5770000000-7f5770370000 rw-p 00000000 00:00 0 
7f5770370000-7f5770400000 ---p 00000000 00:00 0 
7f5770400000-7f57706d0000 rw-p 00000000 00:00 0 
7f57706d0000-7f5774000000 ---p 00000000 00:00 0 
7f5774000000-7f5774021000 rw-p 00000000 00:00 0 
7f5774021000-7f5778000000 ---p 00000000 00:00 0 
7f5778035000-7f577803a000 ---p 00000000 00:00 0 
7f577803a000-7f5778136000 rw-p 00000000 00:00 0 
7f5778136000-7f577813b000 ---p 00000000 00:00 0 
7f577813b000-7f5778237000 rw-p 00000000 00:00 0 
7f5778237000-7f577823c000 ---p 00000000 00:00 0 
7f577823c000-7f5778338000 rw-p 00000000 00:00 0 
7f5778338000-7f5778339000 ---p 00000000 00:00 0 
7f5778339000-7f5778439000 rw-p 00000000 00:00 0 
7f5778439000-7f577843a000 ---p 00000000 00:00 0 
7f577843a000-7f577843e000 ---p 00000000 00:00 0 
7f577843e000-7f577853a000 rw-p 00000000 00:00 0 
7f577853a000-7f577853b000 ---p 00000000 00:00 0 
7f577853b000-7f577853f000 ---p 00000000 00:00 0 
7f577853f000-7f577863b000 rw-p 00000000 00:00 0 
7f577863b000-7f577863c000 ---p 00000000 00:00 0 
7f577863c000-7f5778640000 ---p 00000000 00:00 0 
7f5778640000-7f577873c000 rw-p 00000000 00:00 0 
7f577873c000-7f577873d000 ---p 00000000 00:00 0 
7f577873d000-7f5778741000 ---p 00000000 00:00 0 
7f5778741000-7f577883d000 rw-p 00000000 00:00 0 
7f577883d000-7f577883e000 ---p 00000000 00:00 0 
7f577883e000-7f5778842000 ---p 00000000 00:00 0 
7f5778842000-7f577893e000 rw-p 00000000 00:00 0 
7f577893e000-7f577893f000 ---p 00000000 00:00 0 
7f577893f000-7f5778943000 ---p 00000000 00:00 0 
7f5778943000-7f5778a3f000 rw-p 00000000 00:00 0 
7f5778a3f000-7f5778a40000 ---p 00000000 00:00 0 
7f5778a40000-7f5778a44000 ---p 00000000 00:00 0 
7f5778a44000-7f5778b40000 rw-p 00000000 00:00 0 
7f5778b40000-7f5778b41000 ---p 00000000 00:00 0 
7f5778b41000-7f5778b45000 ---p 00000000 00:00 0 
7f5778b45000-7f5778c41000 rw-p 00000000 00:00 0 
7f5778c41000-7f5778c42000 ---p 00000000 00:00 0 
7f5778c42000-7f5778c46000 ---p 00000000 00:00 0 
7f5778c46000-7f5778d42000 rw-p 00000000 00:00 0 
7f5778d42000-7f5778d43000 ---p 00000000 00:00 0 
7f5778d43000-7f5778d47000 ---p 00000000 00:00 0 
7f5778d47000-7f5778e43000 rw-p 00000000 00:00 0 
7f5778e43000-7f5778e44000 ---p 00000000 00:00 0 
7f5778e44000-7f5778e48000 ---p 00000000 00:00 0 
7f5778e48000-7f5778f44000 rw-p 00000000 00:00 0 
7f5778f44000-7f5778f45000 ---p 00000000 00:00 0 
7f5778f45000-7f5778f49000 ---p 00000000 00:00 0 
7f5778f49000-7f5779045000 rw-p 00000000 00:00 0 
7f5779045000-7f5779046000 ---p 00000000 00:00 0 
7f5779046000-7f577904a000 ---p 00000000 00:00 0 
7f577904a000-7f5779146000 rw-p 00000000 00:00 0 
7f5779146000-7f5779147000 ---p 00000000 00:00 0 
7f5779147000-7f5779247000 rw-p 00000000 00:00 0 
7f5779247000-7f577924c000 r--p 00000000 00:33 8596472621                 /sfs/gpfs/tardis/applications/202512/software/standard/core/java/17/lib/libjsvml.so
7f577924c000-7f577928d000 r-xp 00005000 00:33 8596472621                 /sfs/gpfs/tardis/applications/202512/software/standard/core/java/17/lib/libjsvml.so
7f577928d000-7f5779316000 r--p 00046000 00:33 8596472621                 /sfs/gpfs/tardis/applications/202512/software/standard/core/java/17/lib/libjsvml.so
7f5779316000-7f5779317000 r--p 000ce000 00:33 8596472621                 /sfs/gpfs/tardis/applications/202512/software/standard/core/java/17/lib/libjsvml.so
7f5779317000-7f5779318000 rw-p 000cf000 00:33 8596472621                 /sfs/gpfs/tardis/applications/202512/software/standard/core/java/17/lib/libjsvml.so
7f5779318000-7f57793f4000 rw-p 00000000 00:00 0 
7f57793f4000-7f57793f5000 ---p 00000000 00:00 0 
7f57793f5000-7f57794f5000 rw-p 00000000 00:00 0 
7f57794f5000-7f57794f6000 ---p 00000000 00:00 0 
7f57794f6000-7f577c021000 rw-p 00000000 00:00 0 
7f577c021000-7f5780000000 ---p 00000000 00:00 0 
7f5780000000-7f5780021000 rw-p 00000000 00:00 0 
7f5780021000-7f5784000000 ---p 00000000 00:00 0 
7f5784000000-7f5784021000 rw-p 00000000 00:00 0 
7f5784021000-7f5788000000 ---p 00000000 00:00 0 
7f578801a000-7f5788863000 rw-p 00000000 00:00 0 
7f5788863000-7f5788864000 ---p 00000000 00:00 0 
7f5788864000-7f5788964000 rw-p 00000000 00:00 0 
7f5788964000-7f5788965000 ---p 00000000 00:00 0 
7f5788965000-7f5788a65000 rw-p 00000000 00:00 0 
7f5788a65000-7f5788a66000 ---p 00000000 00:00 0 
7f5788a66000-7f578ed5a000 rw-p 00000000 00:00 0 
7f578ed5a000-7f57a6b5a000 ---p 00000000 00:00 0 
7f57a6b5a000-7f57accda000 rw-p 00000000 00:00 0 
7f57accda000-7f57c4ada000 ---p 00000000 00:00 0 
7f57c4ada000-7f57c577a000 rw-p 00000000 00:00 0 
7f57c577a000-7f57c873a000 ---p 00000000 00:00 0 
7f57c873a000-7f57c936a000 rw-p 00000000 00:00 0 
7f57c936a000-7f57cc32a000 ---p 00000000 00:00 0 
7f57cc32a000-7f57ccf5a000 rw-p 00000000 00:00 0 
7f57ccf5a000-7f57cff1a000 ---p 00000000 00:00 0 
7f57cff1a000-7f57d1231000 rw-p 00000000 00:00 0 
7f57d1231000-7f57d1315000 ---p 00000000 00:00 0 
7f57d1315000-7f57d131c000 rw-p 00000000 00:00 0 
7f57d131c000-7f57d13fe000 ---p 00000000 00:00 0 
7f57d13fe000-7f57d177e000 rwxp 00000000 00:00 0 
7f57d177e000-7f57d885d000 ---p 00000000 00:00 0 
7f57d885d000-7f57d8b4d000 rwxp 00000000 00:00 0 
7f57d8b4d000-7f57d8f9e000 ---p 00000000 00:00 0 
7f57d8f9e000-7f57d920e000 rwxp 00000000 00:00 0 
7f57d920e000-7f57e03fe000 ---p 00000000 00:00 0 
7f57e03fe000-7f57e8000000 r--s 00000000 00:33 8596472637                 /sfs/gpfs/tardis/applications/202512/software/standard/core/java/17/lib/modules
7f57e8000000-7f57e859b000 rw-p 00000000 00:00 0 
7f57e859b000-7f57ec000000 ---p 00000000 00:00 0 
7f57ec00c000-7f57ec00e000 r--p 00000000 00:33 8596472625                 /sfs/gpfs/tardis/applications/202512/software/standard/core/java/17/lib/libmanagement_ext.so
7f57ec00e000-7f57ec011000 r-xp 00002000 00:33 8596472625                 /sfs/gpfs/tardis/applications/202512/software/standard/core/java/17/lib/libmanagement_ext.so
7f57ec011000-7f57ec012000 r--p 00005000 00:33 8596472625                 /sfs/gpfs/tardis/applications/202512/software/standard/core/java/17/lib/libmanagement_ext.so
7f57ec012000-7f57ec013000 ---p 00006000 00:33 8596472625                 /sfs/gpfs/tardis/applications/202512/software/standard/core/java/17/lib/libmanagement_ext.so
7f57ec013000-7f57ec014000 r--p 00006000 00:33 8596472625                 /sfs/gpfs/tardis/applications/202512/software/standard/core/java/17/lib/libmanagement_ext.so
7f57ec014000-7f57ec015000 rw-p 00007000 00:33 8596472625                 /sfs/gpfs/tardis/applications/202512/software/standard/core/java/17/lib/libmanagement_ext.so
7f57ec015000-7f57ec018000 r--p 00000000 00:33 8596472623                 /sfs/gpfs/tardis/applications/202512/software/standard/core/java/17/lib/libmanagement.so
7f57ec018000-7f57ec019000 r-xp 00003000 00:33 8596472623                 /sfs/gpfs/tardis/applications/202512/software/standard/core/java/17/lib/libmanagement.so
7f57ec019000-7f57ec01a000 r--p 00004000 00:33 8596472623                 /sfs/gpfs/tardis/applications/202512/software/standard/core/java/17/lib/libmanagement.so
7f57ec01a000-7f57ec01b000 r--p 00004000 00:33 8596472623                 /sfs/gpfs/tardis/applications/202512/software/standard/core/java/17/lib/libmanagement.so
7f57ec01b000-7f57ec01c000 rw-p 00005000 00:33 8596472623                 /sfs/gpfs/tardis/applications/202512/software/standard/core/java/17/lib/libmanagement.so
7f57ec01c000-7f57ec020000 r--p 00000000 00:33 8596472635                 /sfs/gpfs/tardis/applications/202512/software/standard/core/java/17/lib/libverify.so
7f57ec020000-7f57ec027000 r-xp 00004000 00:33 8596472635                 /sfs/gpfs/tardis/applications/202512/software/standard/core/java/17/lib/libverify.so
7f57ec027000-7f57ec029000 r--p 0000b000 00:33 8596472635                 /sfs/gpfs/tardis/applications/202512/software/standard/core/java/17/lib/libverify.so
7f57ec029000-7f57ec02b000 r--p 0000c000 00:33 8596472635                 /sfs/gpfs/tardis/applications/202512/software/standard/core/java/17/lib/libverify.so
7f57ec02b000-7f57ec02c000 rw-p 0000e000 00:33 8596472635                 /sfs/gpfs/tardis/applications/202512/software/standard/core/java/17/lib/libverify.so
7f57ec02c000-7f57ec030000 r--p 00000000 00:33 8596472627                 /sfs/gpfs/tardis/applications/202512/software/standard/core/java/17/lib/libnet.so
7f57ec030000-7f57ec03e000 r-xp 00004000 00:33 8596472627                 /sfs/gpfs/tardis/applications/202512/software/standard/core/java/17/lib/libnet.so
7f57ec03e000-7f57ec042000 r--p 00012000 00:33 8596472627                 /sfs/gpfs/tardis/applications/202512/software/standard/core/java/17/lib/libnet.so
7f57ec042000-7f57ec043000 r--p 00015000 00:33 8596472627                 /sfs/gpfs/tardis/applications/202512/software/standard/core/java/17/lib/libnet.so
7f57ec043000-7f57ec044000 rw-p 00016000 00:33 8596472627                 /sfs/gpfs/tardis/applications/202512/software/standard/core/java/17/lib/libnet.so
7f57ec044000-7f57ec04b000 r--p 00000000 00:33 8596472628                 /sfs/gpfs/tardis/applications/202512/software/standard/core/java/17/lib/libnio.so
7f57ec04b000-7f57ec054000 r-xp 00007000 00:33 8596472628                 /sfs/gpfs/tardis/applications/202512/software/standard/core/java/17/lib/libnio.so
7f57ec054000-7f57ec058000 r--p 00010000 00:33 8596472628                 /sfs/gpfs/tardis/applications/202512/software/standard/core/java/17/lib/libnio.so
7f57ec058000-7f57ec059000 ---p 00014000 00:33 8596472628                 /sfs/gpfs/tardis/applications/202512/software/standard/core/java/17/lib/libnio.so
7f57ec059000-7f57ec05a000 r--p 00014000 00:33 8596472628                 /sfs/gpfs/tardis/applications/202512/software/standard/core/java/17/lib/libnio.so
7f57ec05a000-7f57ec05b000 rw-p 00015000 00:33 8596472628                 /sfs/gpfs/tardis/applications/202512/software/standard/core/java/17/lib/libnio.so
7f57ec05b000-7f57ec0d3000 rw-p 00000000 00:00 0 
7f57ec0d3000-7f57ec0d5000 r--p 00000000 00:33 8596472636                 /sfs/gpfs/tardis/applications/202512/software/standard/core/java/17/lib/libzip.so
7f57ec0d5000-7f57ec0e7000 r-xp 00002000 00:33 8596472636                 /sfs/gpfs/tardis/applications/202512/software/standard/core/java/17/lib/libzip.so
7f57ec0e7000-7f57ec0ef000 r--p 00014000 00:33 8596472636                 /sfs/gpfs/tardis/applications/202512/software/standard/core/java/17/lib/libzip.so
7f57ec0ef000-7f57ec0f0000 r--p 0001b000 00:33 8596472636                 /sfs/gpfs/tardis/applications/202512/software/standard/core/java/17/lib/libzip.so
7f57ec0f0000-7f57ec0f1000 rw-p 0001c000 00:33 8596472636                 /sfs/gpfs/tardis/applications/202512/software/standard/core/java/17/lib/libzip.so
7f57ec0f1000-7f57ec0fc000 r-xp 00000000 00:29 41352995                   /usr/lib64/libnss_files-2.28.so
7f57ec0fc000-7f57ec2fc000 ---p 0000b000 00:29 41352995                   /usr/lib64/libnss_files-2.28.so
7f57ec2fc000-7f57ec2fd000 r--p 0000b000 00:29 41352995                   /usr/lib64/libnss_files-2.28.so
7f57ec2fd000-7f57ec2fe000 rw-p 0000c000 00:29 41352995                   /usr/lib64/libnss_files-2.28.so
7f57ec2fe000-7f57ec304000 rw-p 00000000 00:00 0 
7f57ec304000-7f57ec30b000 r-xp 00000000 00:29 41352993                   /usr/lib64/libnss_db-2.28.so
7f57ec30b000-7f57ec50a000 ---p 00007000 00:29 41352993                   /usr/lib64/libnss_db-2.28.so
7f57ec50a000-7f57ec50b000 r--p 00006000 00:29 41352993                   /usr/lib64/libnss_db-2.28.so
7f57ec50b000-7f57ec50c000 rw-p 00007000 00:29 41352993                   /usr/lib64/libnss_db-2.28.so
7f57ec50c000-7f57ec50f000 rw-p 00000000 00:00 0 
7f57ec50f000-7f57ec787000 r--p 00000000 00:29 42290259                   /usr/lib/locale/en_US.utf8/LC_COLLATE
7f57ec787000-7f57ec908000 r-xp 00000000 00:29 41352876                   /usr/lib64/libm-2.28.so
7f57ec908000-7f57ecb07000 ---p 00181000 00:29 41352876                   /usr/lib64/libm-2.28.so
7f57ecb07000-7f57ecb08000 r--p 00180000 00:29 41352876                   /usr/lib64/libm-2.28.so
7f57ecb08000-7f57ecb09000 rw-p 00181000 00:29 41352876                   /usr/lib64/libm-2.28.so
7f57ecb09000-7f57ecb10000 r-xp 00000000 00:29 41353205                   /usr/lib64/librt-2.28.so
7f57ecb10000-7f57ecd0f000 ---p 00007000 00:29 41353205                   /usr/lib64/librt-2.28.so
7f57ecd0f000-7f57ecd10000 r--p 00006000 00:29 41353205                   /usr/lib64/librt-2.28.so
7f57ecd10000-7f57ecd11000 rw-p 00007000 00:29 41353205                   /usr/lib64/librt-2.28.so
7f57ecd11000-7f57ecf64000 r--p 00000000 00:33 8596472651                 /sfs/gpfs/tardis/applications/202512/software/standard/core/java/17/lib/server/libjvm.so
7f57ecf64000-7f57edc8d000 r-xp 00253000 00:33 8596472651                 /sfs/gpfs/tardis/applications/202512/software/standard/core/java/17/lib/server/libjvm.so
7f57edc8d000-7f57edf1a000 r--p 00f7c000 00:33 8596472651                 /sfs/gpfs/tardis/applications/202512/software/standard/core/java/17/lib/server/libjvm.so
7f57edf1a000-7f57edf1b000 ---p 01209000 00:33 8596472651                 /sfs/gpfs/tardis/applications/202512/software/standard/core/java/17/lib/server/libjvm.so
7f57edf1b000-7f57edfd4000 r--p 01209000 00:33 8596472651                 /sfs/gpfs/tardis/applications/202512/software/standard/core/java/17/lib/server/libjvm.so
7f57edfd4000-7f57ee009000 rw-p 012c2000 00:33 8596472651                 /sfs/gpfs/tardis/applications/202512/software/standard/core/java/17/lib/server/libjvm.so
7f57ee009000-7f57ee064000 rw-p 00000000 00:00 0 
7f57ee064000-7f57ee231000 r-xp 00000000 00:29 41352421                   /usr/lib64/libc-2.28.so
7f57ee231000-7f57ee430000 ---p 001cd000 00:29 41352421                   /usr/lib64/libc-2.28.so
7f57ee430000-7f57ee434000 r--p 001cc000 00:29 41352421                   /usr/lib64/libc-2.28.so
7f57ee434000-7f57ee436000 rw-p 001d0000 00:29 41352421                   /usr/lib64/libc-2.28.so
7f57ee436000-7f57ee43a000 rw-p 00000000 00:00 0 
7f57ee43a000-7f57ee43d000 r-xp 00000000 00:29 41352530                   /usr/lib64/libdl-2.28.so
7f57ee43d000-7f57ee63c000 ---p 00003000 00:29 41352530                   /usr/lib64/libdl-2.28.so
7f57ee63c000-7f57ee63d000 r--p 00002000 00:29 41352530                   /usr/lib64/libdl-2.28.so
7f57ee63d000-7f57ee63e000 rw-p 00003000 00:29 41352530                   /usr/lib64/libdl-2.28.so
7f57ee63e000-7f57ee659000 r-xp 00000000 00:29 41353149                   /usr/lib64/libpthread-2.28.so
7f57ee659000-7f57ee858000 ---p 0001b000 00:29 41353149                   /usr/lib64/libpthread-2.28.so
7f57ee858000-7f57ee859000 r--p 0001a000 00:29 41353149                   /usr/lib64/libpthread-2.28.so
7f57ee859000-7f57ee85a000 rw-p 0001b000 00:29 41353149                   /usr/lib64/libpthread-2.28.so
7f57ee85a000-7f57ee85e000 rw-p 00000000 00:00 0 
7f57ee85e000-7f57ee88d000 r-xp 00000000 00:29 41352045                   /usr/lib64/ld-2.28.so
7f57ee891000-7f57ee892000 r--p 00000000 00:33 8596472606                 /sfs/gpfs/tardis/applications/202512/software/standard/core/java/17/lib/libextnet.so
7f57ee892000-7f57ee893000 r-xp 00001000 00:33 8596472606                 /sfs/gpfs/tardis/applications/202512/software/standard/core/java/17/lib/libextnet.so
7f57ee893000-7f57ee894000 r--p 00002000 00:33 8596472606                 /sfs/gpfs/tardis/applications/202512/software/standard/core/java/17/lib/libextnet.so
7f57ee894000-7f57ee895000 r--p 00002000 00:33 8596472606                 /sfs/gpfs/tardis/applications/202512/software/standard/core/java/17/lib/libextnet.so
7f57ee895000-7f57ee896000 rw-p 00003000 00:33 8596472606                 /sfs/gpfs/tardis/applications/202512/software/standard/core/java/17/lib/libextnet.so
7f57ee896000-7f57ee89c000 rw-p 00000000 00:00 0 
7f57ee89c000-7f57ee8a5000 ---p 00000000 00:00 0 
7f57ee8a5000-7f57ee8a6000 r--s 00000000 203:97233 4334508089525993473    /sfs/weka/scratch/wxw9rr/tmp/pitest-agent4297895672587801351.jar
7f57ee8a6000-7f57ee8ae000 rw-s 00000000 00:2d 86390239                   /tmp/hsperfdata_wxw9rr/698567
7f57ee8ae000-7f57ee901000 r--p 00000000 00:29 42289927                   /usr/lib/locale/C.utf8/LC_CTYPE
7f57ee901000-7f57ee902000 r--p 00000000 00:29 42290264                   /usr/lib/locale/en_US.utf8/LC_NUMERIC
7f57ee902000-7f57ee903000 r--p 00000000 00:29 42290267                   /usr/lib/locale/en_US.utf8/LC_TIME
7f57ee903000-7f57ee904000 r--p 00000000 00:29 42290262                   /usr/lib/locale/en_US.utf8/LC_MONETARY
7f57ee904000-7f57ee905000 r--p 00000000 00:29 42290268                   /usr/lib/locale/en_US.utf8/LC_MESSAGES/SYS_LC_MESSAGES
7f57ee905000-7f57ee906000 r--p 00000000 00:29 42290265                   /usr/lib/locale/en_US.utf8/LC_PAPER
7f57ee906000-7f57ee90d000 r--s 00000000 00:29 41660342                   /usr/lib64/gconv/gconv-modules.cache
7f57ee90d000-7f57ee91b000 r--p 00000000 00:33 8596472613                 /sfs/gpfs/tardis/applications/202512/software/standard/core/java/17/lib/libjava.so
7f57ee91b000-7f57ee92d000 r-xp 0000e000 00:33 8596472613                 /sfs/gpfs/tardis/applications/202512/software/standard/core/java/17/lib/libjava.so
7f57ee92d000-7f57ee933000 r--p 00020000 00:33 8596472613                 /sfs/gpfs/tardis/applications/202512/software/standard/core/java/17/lib/libjava.so
7f57ee933000-7f57ee934000 ---p 00026000 00:33 8596472613                 /sfs/gpfs/tardis/applications/202512/software/standard/core/java/17/lib/libjava.so
7f57ee934000-7f57ee935000 r--p 00026000 00:33 8596472613                 /sfs/gpfs/tardis/applications/202512/software/standard/core/java/17/lib/libjava.so
7f57ee935000-7f57ee936000 rw-p 00027000 00:33 8596472613                 /sfs/gpfs/tardis/applications/202512/software/standard/core/java/17/lib/libjava.so
7f57ee936000-7f57ee937000 rw-p 00000000 00:00 0 
7f57ee937000-7f57ee93b000 r--p 00000000 00:33 8596472617                 /sfs/gpfs/tardis/applications/202512/software/standard/core/java/17/lib/libjimage.so
7f57ee93b000-7f57ee94e000 r-xp 00004000 00:33 8596472617                 /sfs/gpfs/tardis/applications/202512/software/standard/core/java/17/lib/libjimage.so
7f57ee94e000-7f57ee954000 r--p 00017000 00:33 8596472617                 /sfs/gpfs/tardis/applications/202512/software/standard/core/java/17/lib/libjimage.so
7f57ee954000-7f57ee956000 r--p 0001c000 00:33 8596472617                 /sfs/gpfs/tardis/applications/202512/software/standard/core/java/17/lib/libjimage.so
7f57ee956000-7f57ee957000 rw-p 0001e000 00:33 8596472617                 /sfs/gpfs/tardis/applications/202512/software/standard/core/java/17/lib/libjimage.so
7f57ee957000-7f57ee95b000 ---p 00000000 00:00 0 
7f57ee95b000-7f57eea5a000 rw-p 00000000 00:00 0 
7f57eea5a000-7f57eea5b000 r--p 00000000 00:29 42290263                   /usr/lib/locale/en_US.utf8/LC_NAME
7f57eea5b000-7f57eea5c000 r--p 00000000 00:29 42290258                   /usr/lib/locale/en_US.utf8/LC_ADDRESS
7f57eea5c000-7f57eea5d000 r--p 00000000 00:29 42290266                   /usr/lib/locale/en_US.utf8/LC_TELEPHONE
7f57eea5d000-7f57eea5e000 r--p 00000000 00:29 42290261                   /usr/lib/locale/en_US.utf8/LC_MEASUREMENT
7f57eea5e000-7f57eea5f000 r--p 00000000 00:29 42290260                   /usr/lib/locale/en_US.utf8/LC_IDENTIFICATION
7f57eea5f000-7f57eea61000 r--p 00000000 00:33 8596472608                 /sfs/gpfs/tardis/applications/202512/software/standard/core/java/17/lib/libinstrument.so
7f57eea61000-7f57eea67000 r-xp 00002000 00:33 8596472608                 /sfs/gpfs/tardis/applications/202512/software/standard/core/java/17/lib/libinstrument.so
7f57eea67000-7f57eea6a000 r--p 00008000 00:33 8596472608                 /sfs/gpfs/tardis/applications/202512/software/standard/core/java/17/lib/libinstrument.so
7f57eea6a000-7f57eea6b000 r--p 0000a000 00:33 8596472608                 /sfs/gpfs/tardis/applications/202512/software/standard/core/java/17/lib/libinstrument.so
7f57eea6b000-7f57eea6c000 rw-p 0000b000 00:33 8596472608                 /sfs/gpfs/tardis/applications/202512/software/standard/core/java/17/lib/libinstrument.so
7f57eea6c000-7f57eea6d000 ---p 00000000 00:00 0 
7f57eea6d000-7f57eea6e000 r--p 00000000 00:00 0 
7f57eea6e000-7f57eea6f000 ---p 00000000 00:00 0 
7f57eea6f000-7f57eea72000 r--p 00000000 00:33 8596472618                 /sfs/gpfs/tardis/applications/202512/software/standard/core/java/17/lib/libjli.so
7f57eea72000-7f57eea82000 r-xp 00003000 00:33 8596472618                 /sfs/gpfs/tardis/applications/202512/software/standard/core/java/17/lib/libjli.so
7f57eea82000-7f57eea89000 r--p 00013000 00:33 8596472618                 /sfs/gpfs/tardis/applications/202512/software/standard/core/java/17/lib/libjli.so
7f57eea89000-7f57eea8a000 r--p 00019000 00:33 8596472618                 /sfs/gpfs/tardis/applications/202512/software/standard/core/java/17/lib/libjli.so
7f57eea8a000-7f57eea8b000 rw-p 0001a000 00:33 8596472618                 /sfs/gpfs/tardis/applications/202512/software/standard/core/java/17/lib/libjli.so
7f57eea8b000-7f57eea8d000 rw-p 00000000 00:00 0 
7f57eea8d000-7f57eea8e000 r--p 0002f000 00:29 41352045                   /usr/lib64/ld-2.28.so
7f57eea8e000-7f57eea90000 rw-p 00030000 00:29 41352045                   /usr/lib64/ld-2.28.so
7ffff1f0a000-7ffff1f2f000 rw-p 00000000 00:00 0                          [stack]
7ffff1f31000-7ffff1f35000 r--p 00000000 00:00 0                          [vvar]
7ffff1f35000-7ffff1f37000 r-xp 00000000 00:00 0                          [vdso]
ffffffffff600000-ffffffffff601000 r-xp 00000000 00:00 0                  [vsyscall]


VM Arguments:
jvm_args: -Dclassworlds.conf=/apps/software/standard/core/maven/3.9.0/bin/m2.conf -Dmaven.home=/apps/software/standard/core/maven/3.9.0 -Dlibrary.jansi.path=/apps/software/standard/core/maven/3.9.0/lib/jansi-native -Dmaven.multiModuleProjectDirectory=/scratch/wxw9rr/artifact/RQ3/OE25-DEV/commons-beanutils-1.9.4 -Djava.io.tmpdir=/sfs/weka/scratch/wxw9rr/tmp -javaagent:/sfs/weka/scratch/wxw9rr/tmp/pitest-agent4297895672587801351.jar -ea -Djava.awt.headless=true -XX:+UseG1GC -Djava.io.tmpdir=/sfs/weka/scratch/wxw9rr/tmp 
java_command: org.pitest.mutationtest.execute.MutationTestMinion 39239
java_class_path (initial): /sfs/weka/scratch/wxw9rr/artifact/RQ3/OE25-DEV/commons-beanutils-1.9.4/target/test-classes:/sfs/weka/scratch/wxw9rr/artifact/RQ3/OE25-DEV/commons-beanutils-1.9.4/target/classes:/home/wxw9rr/.m2/repository/commons-logging/commons-logging/1.2/commons-logging-1.2.jar:/home/wxw9rr/.m2/repository/commons-collections/commons-collections/3.2.2/commons-collections-3.2.2.jar:/home/wxw9rr/.m2/repository/commons-collections/commons-collections-testframework/3.2.1/commons-collections-testframework-3.2.1.jar:/home/wxw9rr/.m2/repository/junit/junit/4.12/junit-4.12.jar:/home/wxw9rr/.m2/repository/org/hamcrest/hamcrest-core/1.3/hamcrest-core-1.3.jar:/home/wxw9rr/.m2/repository/org/pitest/pitest/1.22.0/pitest-1.22.0.jar
Launcher Type: SUN_STANDARD

[Global flags]
     intx CICompilerCount                          = 12                                        {product} {ergonomic}
     uint ConcGCThreads                            = 5                                         {product} {ergonomic}
     uint G1ConcRefinementThreads                  = 18                                        {product} {ergonomic}
   size_t G1HeapRegionSize                         = 16777216                                  {product} {ergonomic}
    uintx GCDrainStackTargetSize                   = 64                                        {product} {ergonomic}
   size_t InitialHeapSize                          = 2147483648                                {product} {ergonomic}
   size_t MarkStackSize                            = 4194304                                   {product} {ergonomic}
   size_t MaxHeapSize                              = 32178700288                               {product} {ergonomic}
   size_t MaxNewSize                               = 19293798400                               {product} {ergonomic}
   size_t MinHeapDeltaBytes                        = 16777216                                  {product} {ergonomic}
   size_t MinHeapSize                              = 16777216                                  {product} {ergonomic}
    uintx NonNMethodCodeHeapSize                   = 7602480                                {pd product} {ergonomic}
    uintx NonProfiledCodeHeapSize                  = 122027880                              {pd product} {ergonomic}
    uintx ProfiledCodeHeapSize                     = 122027880                              {pd product} {ergonomic}
    uintx ReservedCodeCacheSize                    = 251658240                              {pd product} {ergonomic}
     bool SegmentedCodeCache                       = true                                      {product} {ergonomic}
   size_t SoftMaxHeapSize                          = 32178700288                            {manageable} {ergonomic}
     bool UseCompressedClassPointers               = true                           {product lp64_product} {ergonomic}
     bool UseCompressedOops                        = true                           {product lp64_product} {ergonomic}
     bool UseG1GC                                  = true                                      {product} {command line}

Logging:
Log output configuration:
 #0: stdout all=warning uptime,level,tags
 #1: stderr all=off uptime,level,tags

Environment Variables:
JAVA_HOME=/apps/software/standard/core/java/17
_JAVA_OPTIONS=-Djava.io.tmpdir=/sfs/weka/scratch/wxw9rr/tmp
PATH=/apps/software/standard/core/java/17:/apps/software/standard/core/java/17/bin:/apps/software/standard/core/maven/3.9.0:/apps/software/standard/core/maven/3.9.0/bin:/home/wxw9rr/.local/bin:/opt/mam/9.1.2/bin:/sfs/gpfs/tardis/applications/202512/software/standard/core/code-server/4.99.1/lib/vscode/bin/remote-cli:/apps/software/standard/core/code-server/4.99.1/bin:/apps/software/standard/core/miniforge/24.3.0-py3.11:/apps/software/standard/core/miniforge/24.3.0-py3.11/sbin:/apps/software/standard/core/miniforge/24.3.0-py3.11/bin:/sfs/gpfs/tardis/home/wxw9rr/miniforge3/bin:/sfs/gpfs/tardis/home/wxw9rr/miniforge3/condabin:/usr/local/bin:/usr/bin:/usr/local/sbin:/usr/sbin:/opt/slurm/current/bin:/opt/rci/bin:/share/resources/HPCtools:/opt/mam/current/bin:/opt/apptainer/current/bin:/sfs/gpfs/tardis/home/wxw9rr/.local/bin
LD_LIBRARY_PATH=/apps/software/standard/core/java/17/lib:/apps/software/standard/core/maven/3.9.0/lib:/opt/slurm/current/lib
SHELL=/bin/bash
LANG=en_US.UTF-8
TERM=xterm-256color
TMPDIR=/sfs/weka/scratch/wxw9rr/tmp
TMP=/sfs/weka/scratch/wxw9rr/tmp
TEMP=/sfs/weka/scratch/wxw9rr/tmp

Active Locale:
LC_ALL=en_US.UTF-8
LC_COLLATE=en_US.UTF-8
LC_CTYPE=en_US.UTF-8
LC_MESSAGES=en_US.UTF-8
LC_MONETARY=en_US.UTF-8
LC_NUMERIC=en_US.UTF-8
LC_TIME=en_US.UTF-8

Signal Handlers:
   SIGSEGV: crash_handler in libjvm.so, mask=11100100010111111101111111111110, flags=SA_RESTART|SA_SIGINFO, unblocked
    SIGBUS: crash_handler in libjvm.so, mask=11100100010111111101111111111110, flags=SA_RESTART|SA_SIGINFO, unblocked
    SIGFPE: crash_handler in libjvm.so, mask=11100100010111111101111111111110, flags=SA_RESTART|SA_SIGINFO, unblocked
   SIGPIPE: javaSignalHandler in libjvm.so, mask=11100100010111111101111111111110, flags=SA_RESTART|SA_SIGINFO, unblocked
   SIGXFSZ: javaSignalHandler in libjvm.so, mask=11100100010111111101111111111110, flags=SA_RESTART|SA_SIGINFO, unblocked
    SIGILL: crash_handler in libjvm.so, mask=11100100010111111101111111111110, flags=SA_RESTART|SA_SIGINFO, unblocked
   SIGUSR2: SR_handler in libjvm.so, mask=00100000000000000000000000000000, flags=SA_RESTART|SA_SIGINFO, unblocked
    SIGHUP: UserHandler in libjvm.so, mask=11100100010111111101111111111110, flags=SA_RESTART|SA_SIGINFO, unblocked
    SIGINT: UserHandler in libjvm.so, mask=11100100010111111101111111111110, flags=SA_RESTART|SA_SIGINFO, unblocked
   SIGTERM: UserHandler in libjvm.so, mask=11100100010111111101111111111110, flags=SA_RESTART|SA_SIGINFO, unblocked
   SIGQUIT: UserHandler in libjvm.so, mask=11100100010111111101111111111110, flags=SA_RESTART|SA_SIGINFO, unblocked
   SIGTRAP: crash_handler in libjvm.so, mask=11100100010111111101111111111110, flags=SA_RESTART|SA_SIGINFO, unblocked


Periodic native trim disabled


---------------  S Y S T E M  ---------------

OS:
Rocky Linux release 8.10 (Green Obsidian)
uname: Linux 4.18.0-553.47.1.el8_10.x86_64 #1 SMP Thu Apr 3 14:27:08 UTC 2025 x86_64
OS uptime: 88 days 17:19 hours
libc: glibc 2.28 NPTL 2.28 
rlimit (soft/hard): STACK 8192k/infinity , CORE infinity/infinity , NPROC 3094208/3094208 , NOFILE 65536/65536 , AS infinity/infinity , CPU infinity/infinity , DATA infinity/infinity , FSIZE infinity/infinity , MEMLOCK infinity/infinity
load average: 108.54 96.96 69.51

/proc/meminfo:
MemTotal:       792160700 kB
MemFree:        150946520 kB
MemAvailable:   387798512 kB
Buffers:           28000 kB
Cached:         257947296 kB
SwapCached:            0 kB
Active:         92641100 kB
Inactive:       507598744 kB
Active(anon):    9117596 kB
Inactive(anon): 353269744 kB
Active(file):   83523504 kB
Inactive(file): 154329000 kB
Unevictable:    16958460 kB
Mlocked:        16958460 kB
SwapTotal:             0 kB
SwapFree:              0 kB
Dirty:                52 kB
Writeback:             0 kB
AnonPages:      359074860 kB
Mapped:          3396320 kB
Shmem:          19757752 kB
KReclaimable:    4102804 kB
Slab:            6624084 kB
SReclaimable:    4102804 kB
SUnreclaim:      2521280 kB
KernelStack:      108384 kB
PageTables:      1023196 kB
NFS_Unstable:          0 kB
Bounce:                0 kB
WritebackTmp:          0 kB
CommitLimit:    772820100 kB
Committed_AS:   731469576 kB
VmallocTotal:   13743895347199 kB
VmallocUsed:     2469960 kB
VmallocChunk:          0 kB
Percpu:           909312 kB
HardwareCorrupted:     0 kB
AnonHugePages:  131373056 kB
ShmemHugePages:        0 kB
ShmemPmdMapped:        0 kB
FileHugePages:         0 kB
FilePmdMapped:         0 kB
HugePages_Total:    5632
HugePages_Free:        0
HugePages_Rsvd:        0
HugePages_Surp:        0
Hugepagesize:       2048 kB
Hugetlb:        11534336 kB
DirectMap4k:     1240012 kB
DirectMap2M:    201951232 kB
DirectMap1G:    602931200 kB

/sys/kernel/mm/transparent_hugepage/enabled: [always] madvise never
/sys/kernel/mm/transparent_hugepage/hpage_pmd_size: 2097152
/sys/kernel/mm/transparent_hugepage/defrag (defrag/compaction efforts parameter): always defer defer+madvise [madvise] never

Process Memory:
Virtual Size: 26781408K (peak: 36808416K)
Resident Set Size: 1092040K (peak: 1092040K) (anon: 1073796K, file: 18212K, shmem: 32K)
Swapped out: 0K
C-Heap outstanding allocations: 94912K, retained: 39171K
glibc malloc tunables: (default)

/proc/sys/kernel/threads-max (system-wide limit on the number of threads): 6188417
/proc/sys/vm/max_map_count (maximum number of memory map areas a process may have): 65530
/proc/sys/vm/swappiness (control to define how aggressively the kernel swaps out anonymous memory): 10
/proc/sys/kernel/pid_max (system-wide limit on number of process identifiers): 999999

container (cgroup) information:
container_type: cgroupv1
cpu_cpuset_cpus: 0-23
cpu_memory_nodes: 0-1
active_processor_count: 24
cpu_quota: no quota
cpu_period: 100000
cpu_shares: no shares
memory_limit_in_bytes: 536870912 k
memory_and_swap_limit_in_bytes: 536870912 k
memory_soft_limit_in_bytes: unlimited
memory_usage_in_bytes: 339580388 k
memory_max_usage_in_bytes: 441547720 k
kernel_memory_limit_in_bytes: unlimited
kernel_memory_usage_in_bytes: 2650128 k
kernel_memory_max_usage_in_bytes: 2744848 k
maximum number of tasks: unlimited
current number of tasks: 3834

Steal ticks since vm start: 0
Steal ticks percentage since vm start:  0.000

CPU: total 96 (initial active 24) (48 cores per cpu, 1 threads per core) family 25 model 17 stepping 1 microcode 0xa10113b, cx8, cmov, fxsr, mmx, 3dnowpref, sse, sse2, sse3, ssse3, sse4a, sse4.1, sse4.2, popcnt, lzcnt, tsc, tscinvbit, avx, avx2, aes, erms, clmul, bmi1, bmi2, adx, avx512f, avx512dq, avx512cd, avx512bw, avx512vl, sha, fma, vzeroupper, avx512_vpopcntdq, avx512_vpclmulqdq, avx512_vaes, avx512_vnni, clflush, clflushopt, avx512_vbmi2, avx512_vbmi
CPU Model and flags from /proc/cpuinfo:
model name	: AMD EPYC 9454 48-Core Processor
flags		: fpu vme de pse tsc msr pae mce cx8 apic sep mtrr pge mca cmov pat pse36 clflush mmx fxsr sse sse2 ht syscall nx mmxext fxsr_opt pdpe1gb rdtscp lm constant_tsc rep_good amd_lbr_v2 nopl nonstop_tsc cpuid extd_apicid aperfmperf pni pclmulqdq monitor ssse3 fma cx16 pcid sse4_1 sse4_2 x2apic movbe popcnt aes xsave avx f16c rdrand lahf_lm cmp_legacy svm extapic cr8_legacy abm sse4a misalignsse 3dnowprefetch osvw ibs skinit wdt tce topoext perfctr_core perfctr_nb bpext perfctr_llc mwaitx cpb cat_l3 cdp_l3 invpcid_single hw_pstate ssbd mba perfmon_v2 ibrs ibpb stibp ibrs_enhanced vmmcall fsgsbase bmi1 avx2 smep bmi2 erms invpcid cqm rdt_a avx512f avx512dq rdseed adx smap avx512ifma clflushopt clwb avx512cd sha_ni avx512bw avx512vl xsaveopt xsavec xgetbv1 xsaves cqm_llc cqm_occup_llc cqm_mbm_total cqm_mbm_local avx512_bf16 clzero irperf xsaveerptr wbnoinvd amd_ppin cppc arat npt lbrv svm_lock nrip_save tsc_scale vmcb_clean flushbyasid decodeassists pausefilter pfthreshold avic v_vmsave_vmload vgif x2avic v_spec_ctrl avx512vbmi umip pku ospke avx512_vbmi2 gfni vaes vpclmulqdq avx512_vnni avx512_bitalg avx512_vpopcntdq la57 rdpid overflow_recov succor smca fsrm flush_l1d

Online cpus: 0-95
Offline cpus: 96-511
BIOS frequency limitation: 2750000
Frequency switch latency (ns): 0
Available cpu frequencies: 2750000 2100000 1500000 
Current governor: performance
Core performance/turbo boost: 1

Memory: 4k page, physical 536870912k(197294300k free), swap 0k(0k free)
Page Sizes: 4k

vm_info: OpenJDK 64-Bit Server VM (17.0.15+6) for linux-amd64 JRE (17.0.15+6), built on Apr 15 2025 00:00:00 by "admin" with gcc 10.3.0

END.
