id,test_prefix,test_name
vfs_9_2,"    @Test
    public void testAppendContent_2_oe() throws Exception {
        final FileObject scratchFolder = createScratchFolder();

        // Create direct child of the test folder
        final FileObject file = scratchFolder.resolveFile(""file1.txt"");
        // removed other assertion

        // Create the source file
        final String content = ""Here is some sample content for the file.  Blah Blah Blah."";
        final String contentAppend = content + content;

        try (OutputStream os = file.getContent().getOutputStream()) {
            os.write(content.getBytes(StandardCharsets.UTF_8));
        }
        assertSameContent(content, file);
    }
",ProviderWriteAppendTests::testAppendContent_2_oe
vfs_9_3,"    @Test
    public void testAppendContent_3_oe() throws Exception {
        final FileObject scratchFolder = createScratchFolder();

        // Create direct child of the test folder
        final FileObject file = scratchFolder.resolveFile(""file1.txt"");
        // removed other assertion

        // Create the source file
        final String content = ""Here is some sample content for the file.  Blah Blah Blah."";
        final String contentAppend = content + content;

        try (OutputStream os = file.getContent().getOutputStream()) {
            os.write(content.getBytes(StandardCharsets.UTF_8));
        }
        // removed other assertion

        // Append to the new file
        try (OutputStream os2 = file.getContent().getOutputStream(true)) {
            os2.write(content.getBytes(StandardCharsets.UTF_8));
        }
        assertSameContent(contentAppend, file);
    }
",ProviderWriteAppendTests::testAppendContent_3_oe
vfs_9_5,"    @Test
    public void testAppendContent_5_oe() throws Exception {
        final FileObject scratchFolder = createScratchFolder();

        // Create direct child of the test folder
        final FileObject file = scratchFolder.resolveFile(""file1.txt"");
        // removed other assertion

        // Create the source file
        final String content = ""Here is some sample content for the file.  Blah Blah Blah."";
        final String contentAppend = content + content;

        try (OutputStream os = file.getContent().getOutputStream()) {
            os.write(content.getBytes(StandardCharsets.UTF_8));
        }
        // removed other assertion

        // Append to the new file
        try (OutputStream os2 = file.getContent().getOutputStream(true)) {
            os2.write(content.getBytes(StandardCharsets.UTF_8));
        }
        // removed other assertion

        // Make sure we can copy the new file to another file on the same filesystem
        final FileObject fileCopy = scratchFolder.resolveFile(""file1copy.txt"");
        // removed other assertion
        fileCopy.copyFrom(file, Selectors.SELECT_SELF);

        assertSameContent(contentAppend, fileCopy);
    }
",ProviderWriteAppendTests::testAppendContent_5_oe
vfs_10_3,"    @Test
    public void testFolderURL_3_oe() throws Exception {
        final FileObject folder = getReadFolder().resolveFile(""dir1"");
        if (folder.getFileSystem().hasCapability(Capability.DIRECTORY_READ_CONTENT)) {
            // test might not fail on e.g. HttpFileSystem as there are no directories.
            // A Directory do have a content on http. e.g a generated directory listing or the index.html page.
            return;
        }

        // removed other assertion

        // Try getting the content of a folder
        try (final InputStream inputStream = folder.getURL().openConnection().getInputStream()) {
            // removed other assertion
        } catch (final IOException e) {
            assertSameMessage(""vfs.provider/read-not-file.error"", folder, e);
    }
    }
",UrlStructureTests::testFolderURL_3_oe
vfs_16_2,"    @Test
    public void testFolderContent_2_oe() throws Exception {
        if (getFileSystem().hasCapability(Capability.DIRECTORY_READ_CONTENT)) {
            // test wont fail
            return;
        }

        // Try getting the content of a folder
        final FileObject folder = getReadFolderDir1();
        try {
            folder.getContent().getInputStream();
            // removed other assertion
        } catch (final FileSystemException e) {
            assertSameMessage(""vfs.provider/read-not-file.error"", folder, e);
    }
    }
",ProviderReadTests::testFolderContent_2_oe
vfs_25_1,"    @Test
    public void testStructure_1_oe() throws Exception {
        final FileInfo baseInfo = buildExpectedStructure();
        assertSameStructure(getReadFolder(), baseInfo);
    }
",ProviderReadTests::testStructure_1_oe
vfs_31_1,"    @Test
    public void testAllContent_1_oe() throws Exception {
        final FileInfo expectedFileInfo = buildExpectedStructure();
        final FileObject actualFolder = getReadFolder();

        assertSameContent(expectedFileInfo, actualFolder);
    }
",ContentTests::testAllContent_1_oe
vfs_34_4,"    @Test
    public void testChildren_4_oe() throws FileSystemException {
        // Check for file
        FileObject file = getReadFolder().resolveFile(""file1.txt"");
        // removed other assertion
        // removed other assertion
        try {
            file.getChildren();
            // removed other assertion
        } catch (final FileSystemException e) {
            assertSameMessage(""vfs.provider/list-children-not-folder.error"", file, e);
    }
    }
",ContentTests::testChildren_4_oe
vfs_34_8,"    @Test
    public void testChildren_8_oe() throws FileSystemException {
        // Check for file
        FileObject file = getReadFolder().resolveFile(""file1.txt"");
        // removed other assertion
        // removed other assertion
        try {
            file.getChildren();
            // removed other assertion
        } catch (final FileSystemException e) {
            // removed other assertion
        }

        // Should be able to get child by name
        file = file.resolveFile(""some-child"");
        // removed other assertion

        // Check for unknown file
        file = getReadFolder().resolveFile(""unknown-file"");
        // removed other assertion
        try {
            file.getChildren();
            // removed other assertion
        } catch (final FileSystemException e) {
            assertSameMessage(""vfs.provider/list-children-not-folder.error"", file, e);
    }
    }
",ContentTests::testChildren_8_oe
vfs_35_1,"    @Test
    public void testContent_1_oe() throws Exception {
        // Test non-empty file
        FileObject file = getReadFolder().resolveFile(""file1.txt"");
        assertSameContent(FILE1_CONTENT, file);
    }
",ContentTests::testContent_1_oe
vfs_35_2,"    @Test
    public void testContent_2_oe() throws Exception {
        // Test non-empty file
        FileObject file = getReadFolder().resolveFile(""file1.txt"");
        // removed other assertion

        // Test empty file
        file = getReadFolder().resolveFile(""empty.txt"");
        assertSameContent("""", file);
    }
",ContentTests::testContent_2_oe
vfs_43_3,"    @Test
    public void testReadMultipleConcurrent_3_oe() throws Exception {
        final FileObject file = getReadFolder().resolveFile(""file1.txt"");
        // removed other assertion
        final FileObject emptyFile = getReadFolder().resolveFile(""empty.txt"");
        // removed other assertion

        // Start reading from the file
        try (InputStream instr = file.getContent().getInputStream()) {
            // Try to read from other file
            assertSameContent("""", emptyFile);
    }
    }
",ContentTests::testReadMultipleConcurrent_3_oe
vfs_46_3,"    @Test
    public void testReuse_3_oe() throws Exception {
        // Get the test file
        final FileObject file = getReadFolder().resolveFile(""file1.txt"");
        // removed other assertion
        // removed other assertion

        // Get the file content
        assertSameContent(FILE1_CONTENT, file);
    }
",ContentTests::testReuse_3_oe
vfs_46_4,"    @Test
    public void testReuse_4_oe() throws Exception {
        // Get the test file
        final FileObject file = getReadFolder().resolveFile(""file1.txt"");
        // removed other assertion
        // removed other assertion

        // Get the file content
        // removed other assertion

        // Read the content again
        assertSameContent(FILE1_CONTENT, file);
    }
",ContentTests::testReuse_4_oe
vfs_46_5,"    @Test
    public void testReuse_5_oe() throws Exception {
        // Get the test file
        final FileObject file = getReadFolder().resolveFile(""file1.txt"");
        // removed other assertion
        // removed other assertion

        // Get the file content
        // removed other assertion

        // Read the content again
        // removed other assertion

        // Close the content + file
        file.getContent().close();
        file.close();

        // Read the content again
        assertSameContent(FILE1_CONTENT, file);
    }
",ContentTests::testReuse_5_oe
vfs_47_2,"    @Test
    public void testUnknownContent_2_oe() throws Exception {

        // Try getting the content of an unknown file
        final FileObject unknownFile = getReadFolder().resolveFile(""unknown-file"");
        final FileContent content = unknownFile.getContent();
        try {
            content.getInputStream();
            // removed other assertion
        } catch (final FileSystemException e) {
            assertSameMessage(""vfs.provider/read-not-file.error"", unknownFile, e);
    }
    }
",ContentTests::testUnknownContent_2_oe
vfs_47_4,"    @Test
    public void testUnknownContent_4_oe() throws Exception {

        // Try getting the content of an unknown file
        final FileObject unknownFile = getReadFolder().resolveFile(""unknown-file"");
        final FileContent content = unknownFile.getContent();
        try {
            content.getInputStream();
            // removed other assertion
        } catch (final FileSystemException e) {
            // removed other assertion
        }
        try {
            content.getSize();
            // removed other assertion
        } catch (final FileSystemException e) {
            assertSameMessage(""vfs.provider/get-size-not-file.error"", unknownFile, e);
    }
    }
",ContentTests::testUnknownContent_4_oe
vfs_53_5,"    @Test
    public void testChildName_5_oe() throws Exception {
        final FileName baseName = getReadFolder().getName();
        final String basePath = baseName.getPath();
        final FileName name = getManager().resolveName(baseName, ""some-child"", NameScope.CHILD);

        // Test path is absolute
        // removed other assertion

        // Test base name
        // removed other assertion

        // Test absolute path
        // removed other assertion

        // Test parent path
        // removed other assertion

        // Try using a compound name to find a child
        assertBadName(name, ""a/b"", NameScope.CHILD);
    }
",NamingTests::testChildName_5_oe
vfs_54_1,"    @Test
    public void testDescendentName_1_oe() throws Exception {
        final FileName baseName = getReadFolder().getName();

        // Test direct child
        String path = baseName.getPath() + ""/some-child"";
        assertSameName(path, baseName, ""some-child"", NameScope.DESCENDENT);
    }
",NamingTests::testDescendentName_1_oe
vfs_54_2,"    @Test
    public void testDescendentName_2_oe() throws Exception {
        final FileName baseName = getReadFolder().getName();

        // Test direct child
        String path = baseName.getPath() + ""/some-child"";
        // removed other assertion

        // Test compound name
        path = path + ""/grand-child"";
        assertSameName(path, baseName, ""some-child/grand-child"", NameScope.DESCENDENT);
    }
",NamingTests::testDescendentName_2_oe
vfs_54_3,"    @Test
    public void testDescendentName_3_oe() throws Exception {
        final FileName baseName = getReadFolder().getName();

        // Test direct child
        String path = baseName.getPath() + ""/some-child"";
        // removed other assertion

        // Test compound name
        path = path + ""/grand-child"";
        // removed other assertion

        // Test relative names
        assertSameName(path, baseName, ""./some-child/grand-child"", NameScope.DESCENDENT);
    }
",NamingTests::testDescendentName_3_oe
vfs_54_4,"    @Test
    public void testDescendentName_4_oe() throws Exception {
        final FileName baseName = getReadFolder().getName();

        // Test direct child
        String path = baseName.getPath() + ""/some-child"";
        // removed other assertion

        // Test compound name
        path = path + ""/grand-child"";
        // removed other assertion

        // Test relative names
        // removed other assertion
        assertSameName(path, baseName, ""./nada/../some-child/grand-child"", NameScope.DESCENDENT);
    }
",NamingTests::testDescendentName_4_oe
vfs_54_5,"    @Test
    public void testDescendentName_5_oe() throws Exception {
        final FileName baseName = getReadFolder().getName();

        // Test direct child
        String path = baseName.getPath() + ""/some-child"";
        // removed other assertion

        // Test compound name
        path = path + ""/grand-child"";
        // removed other assertion

        // Test relative names
        // removed other assertion
        // removed other assertion
        assertSameName(path, baseName, ""some-child/./grand-child"", NameScope.DESCENDENT);
    }
",NamingTests::testDescendentName_5_oe
vfs_55_1,"    @Test
    public void testNameResolution_1_oe() throws Exception {
        final FileName baseName = getReadFolder().getName();
        final String parentPath = baseName.getParent().getPath();
        final String path = baseName.getPath();
        final String childPath = path + ""/some-child"";

        // Test empty relative path
        assertSameName(path, baseName, """");
    }
",NamingTests::testNameResolution_1_oe
vfs_55_2,"    @Test
    public void testNameResolution_2_oe() throws Exception {
        final FileName baseName = getReadFolder().getName();
        final String parentPath = baseName.getParent().getPath();
        final String path = baseName.getPath();
        final String childPath = path + ""/some-child"";

        // Test empty relative path
        // removed other assertion

        // Test . relative path
        assertSameName(path, baseName, ""."");
    }
",NamingTests::testNameResolution_2_oe
vfs_55_3,"    @Test
    public void testNameResolution_3_oe() throws Exception {
        final FileName baseName = getReadFolder().getName();
        final String parentPath = baseName.getParent().getPath();
        final String path = baseName.getPath();
        final String childPath = path + ""/some-child"";

        // Test empty relative path
        // removed other assertion

        // Test . relative path
        // removed other assertion

        // Test ./ relative path
        assertSameName(path, baseName, ""./"");
    }
",NamingTests::testNameResolution_3_oe
vfs_55_4,"    @Test
    public void testNameResolution_4_oe() throws Exception {
        final FileName baseName = getReadFolder().getName();
        final String parentPath = baseName.getParent().getPath();
        final String path = baseName.getPath();
        final String childPath = path + ""/some-child"";

        // Test empty relative path
        // removed other assertion

        // Test . relative path
        // removed other assertion

        // Test ./ relative path
        // removed other assertion

        // Test .// relative path
        assertSameName(path, baseName, "".//"");
    }
",NamingTests::testNameResolution_4_oe
vfs_55_5,"    @Test
    public void testNameResolution_5_oe() throws Exception {
        final FileName baseName = getReadFolder().getName();
        final String parentPath = baseName.getParent().getPath();
        final String path = baseName.getPath();
        final String childPath = path + ""/some-child"";

        // Test empty relative path
        // removed other assertion

        // Test . relative path
        // removed other assertion

        // Test ./ relative path
        // removed other assertion

        // Test .// relative path
        // removed other assertion

        // Test .///.///. relative path
        assertSameName(path, baseName, "".///.///."");
    }
",NamingTests::testNameResolution_5_oe
vfs_55_6,"    @Test
    public void testNameResolution_6_oe() throws Exception {
        final FileName baseName = getReadFolder().getName();
        final String parentPath = baseName.getParent().getPath();
        final String path = baseName.getPath();
        final String childPath = path + ""/some-child"";

        // Test empty relative path
        // removed other assertion

        // Test . relative path
        // removed other assertion

        // Test ./ relative path
        // removed other assertion

        // Test .// relative path
        // removed other assertion

        // Test .///.///. relative path
        // removed other assertion
        assertSameName(path, baseName, ""./\\/.\\//."");
    }
",NamingTests::testNameResolution_6_oe
vfs_55_7,"    @Test
    public void testNameResolution_7_oe() throws Exception {
        final FileName baseName = getReadFolder().getName();
        final String parentPath = baseName.getParent().getPath();
        final String path = baseName.getPath();
        final String childPath = path + ""/some-child"";

        // Test empty relative path
        // removed other assertion

        // Test . relative path
        // removed other assertion

        // Test ./ relative path
        // removed other assertion

        // Test .// relative path
        // removed other assertion

        // Test .///.///. relative path
        // removed other assertion
        // removed other assertion

        // Test <elem>/.. relative path
        assertSameName(path, baseName, ""a/.."");
    }
",NamingTests::testNameResolution_7_oe
vfs_55_8,"    @Test
    public void testNameResolution_8_oe() throws Exception {
        final FileName baseName = getReadFolder().getName();
        final String parentPath = baseName.getParent().getPath();
        final String path = baseName.getPath();
        final String childPath = path + ""/some-child"";

        // Test empty relative path
        // removed other assertion

        // Test . relative path
        // removed other assertion

        // Test ./ relative path
        // removed other assertion

        // Test .// relative path
        // removed other assertion

        // Test .///.///. relative path
        // removed other assertion
        // removed other assertion

        // Test <elem>/.. relative path
        // removed other assertion

        // Test .. relative path
        assertSameName(parentPath, baseName, "".."");
    }
",NamingTests::testNameResolution_8_oe
vfs_55_9,"    @Test
    public void testNameResolution_9_oe() throws Exception {
        final FileName baseName = getReadFolder().getName();
        final String parentPath = baseName.getParent().getPath();
        final String path = baseName.getPath();
        final String childPath = path + ""/some-child"";

        // Test empty relative path
        // removed other assertion

        // Test . relative path
        // removed other assertion

        // Test ./ relative path
        // removed other assertion

        // Test .// relative path
        // removed other assertion

        // Test .///.///. relative path
        // removed other assertion
        // removed other assertion

        // Test <elem>/.. relative path
        // removed other assertion

        // Test .. relative path
        // removed other assertion

        // Test ../ relative path
        assertSameName(parentPath, baseName, ""../"");
    }
",NamingTests::testNameResolution_9_oe
vfs_55_10,"    @Test
    public void testNameResolution_10_oe() throws Exception {
        final FileName baseName = getReadFolder().getName();
        final String parentPath = baseName.getParent().getPath();
        final String path = baseName.getPath();
        final String childPath = path + ""/some-child"";

        // Test empty relative path
        // removed other assertion

        // Test . relative path
        // removed other assertion

        // Test ./ relative path
        // removed other assertion

        // Test .// relative path
        // removed other assertion

        // Test .///.///. relative path
        // removed other assertion
        // removed other assertion

        // Test <elem>/.. relative path
        // removed other assertion

        // Test .. relative path
        // removed other assertion

        // Test ../ relative path
        // removed other assertion

        // Test ..//./ relative path
        assertSameName(parentPath, baseName, ""..//./"");
    }
",NamingTests::testNameResolution_10_oe
vfs_55_11,"    @Test
    public void testNameResolution_11_oe() throws Exception {
        final FileName baseName = getReadFolder().getName();
        final String parentPath = baseName.getParent().getPath();
        final String path = baseName.getPath();
        final String childPath = path + ""/some-child"";

        // Test empty relative path
        // removed other assertion

        // Test . relative path
        // removed other assertion

        // Test ./ relative path
        // removed other assertion

        // Test .// relative path
        // removed other assertion

        // Test .///.///. relative path
        // removed other assertion
        // removed other assertion

        // Test <elem>/.. relative path
        // removed other assertion

        // Test .. relative path
        // removed other assertion

        // Test ../ relative path
        // removed other assertion

        // Test ..//./ relative path
        // removed other assertion
        assertSameName(parentPath, baseName, ""..//.\\"");
    }
",NamingTests::testNameResolution_11_oe
vfs_55_12,"    @Test
    public void testNameResolution_12_oe() throws Exception {
        final FileName baseName = getReadFolder().getName();
        final String parentPath = baseName.getParent().getPath();
        final String path = baseName.getPath();
        final String childPath = path + ""/some-child"";

        // Test empty relative path
        // removed other assertion

        // Test . relative path
        // removed other assertion

        // Test ./ relative path
        // removed other assertion

        // Test .// relative path
        // removed other assertion

        // Test .///.///. relative path
        // removed other assertion
        // removed other assertion

        // Test <elem>/.. relative path
        // removed other assertion

        // Test .. relative path
        // removed other assertion

        // Test ../ relative path
        // removed other assertion

        // Test ..//./ relative path
        // removed other assertion
        // removed other assertion

        // Test <elem>/../.. relative path
        assertSameName(parentPath, baseName, ""a/../.."");
    }
",NamingTests::testNameResolution_12_oe
vfs_55_13,"    @Test
    public void testNameResolution_13_oe() throws Exception {
        final FileName baseName = getReadFolder().getName();
        final String parentPath = baseName.getParent().getPath();
        final String path = baseName.getPath();
        final String childPath = path + ""/some-child"";

        // Test empty relative path
        // removed other assertion

        // Test . relative path
        // removed other assertion

        // Test ./ relative path
        // removed other assertion

        // Test .// relative path
        // removed other assertion

        // Test .///.///. relative path
        // removed other assertion
        // removed other assertion

        // Test <elem>/.. relative path
        // removed other assertion

        // Test .. relative path
        // removed other assertion

        // Test ../ relative path
        // removed other assertion

        // Test ..//./ relative path
        // removed other assertion
        // removed other assertion

        // Test <elem>/../.. relative path
        // removed other assertion

        // Test <elem> relative path
        assertSameName(childPath, baseName, ""some-child"");
    }
",NamingTests::testNameResolution_13_oe
vfs_55_14,"    @Test
    public void testNameResolution_14_oe() throws Exception {
        final FileName baseName = getReadFolder().getName();
        final String parentPath = baseName.getParent().getPath();
        final String path = baseName.getPath();
        final String childPath = path + ""/some-child"";

        // Test empty relative path
        // removed other assertion

        // Test . relative path
        // removed other assertion

        // Test ./ relative path
        // removed other assertion

        // Test .// relative path
        // removed other assertion

        // Test .///.///. relative path
        // removed other assertion
        // removed other assertion

        // Test <elem>/.. relative path
        // removed other assertion

        // Test .. relative path
        // removed other assertion

        // Test ../ relative path
        // removed other assertion

        // Test ..//./ relative path
        // removed other assertion
        // removed other assertion

        // Test <elem>/../.. relative path
        // removed other assertion

        // Test <elem> relative path
        // removed other assertion

        // Test ./<elem> relative path
        assertSameName(childPath, baseName, ""./some-child"");
    }
",NamingTests::testNameResolution_14_oe
vfs_55_15,"    @Test
    public void testNameResolution_15_oe() throws Exception {
        final FileName baseName = getReadFolder().getName();
        final String parentPath = baseName.getParent().getPath();
        final String path = baseName.getPath();
        final String childPath = path + ""/some-child"";

        // Test empty relative path
        // removed other assertion

        // Test . relative path
        // removed other assertion

        // Test ./ relative path
        // removed other assertion

        // Test .// relative path
        // removed other assertion

        // Test .///.///. relative path
        // removed other assertion
        // removed other assertion

        // Test <elem>/.. relative path
        // removed other assertion

        // Test .. relative path
        // removed other assertion

        // Test ../ relative path
        // removed other assertion

        // Test ..//./ relative path
        // removed other assertion
        // removed other assertion

        // Test <elem>/../.. relative path
        // removed other assertion

        // Test <elem> relative path
        // removed other assertion

        // Test ./<elem> relative path
        // removed other assertion

        // Test ./<elem>/ relative path
        assertSameName(childPath, baseName, ""./some-child/"");
    }
",NamingTests::testNameResolution_15_oe
vfs_55_16,"    @Test
    public void testNameResolution_16_oe() throws Exception {
        final FileName baseName = getReadFolder().getName();
        final String parentPath = baseName.getParent().getPath();
        final String path = baseName.getPath();
        final String childPath = path + ""/some-child"";

        // Test empty relative path
        // removed other assertion

        // Test . relative path
        // removed other assertion

        // Test ./ relative path
        // removed other assertion

        // Test .// relative path
        // removed other assertion

        // Test .///.///. relative path
        // removed other assertion
        // removed other assertion

        // Test <elem>/.. relative path
        // removed other assertion

        // Test .. relative path
        // removed other assertion

        // Test ../ relative path
        // removed other assertion

        // Test ..//./ relative path
        // removed other assertion
        // removed other assertion

        // Test <elem>/../.. relative path
        // removed other assertion

        // Test <elem> relative path
        // removed other assertion

        // Test ./<elem> relative path
        // removed other assertion

        // Test ./<elem>/ relative path
        // removed other assertion

        // Test <elem>/././././ relative path
        assertSameName(childPath, baseName, ""./some-child/././././"");
    }
",NamingTests::testNameResolution_16_oe
vfs_55_17,"    @Test
    public void testNameResolution_17_oe() throws Exception {
        final FileName baseName = getReadFolder().getName();
        final String parentPath = baseName.getParent().getPath();
        final String path = baseName.getPath();
        final String childPath = path + ""/some-child"";

        // Test empty relative path
        // removed other assertion

        // Test . relative path
        // removed other assertion

        // Test ./ relative path
        // removed other assertion

        // Test .// relative path
        // removed other assertion

        // Test .///.///. relative path
        // removed other assertion
        // removed other assertion

        // Test <elem>/.. relative path
        // removed other assertion

        // Test .. relative path
        // removed other assertion

        // Test ../ relative path
        // removed other assertion

        // Test ..//./ relative path
        // removed other assertion
        // removed other assertion

        // Test <elem>/../.. relative path
        // removed other assertion

        // Test <elem> relative path
        // removed other assertion

        // Test ./<elem> relative path
        // removed other assertion

        // Test ./<elem>/ relative path
        // removed other assertion

        // Test <elem>/././././ relative path
        // removed other assertion

        // Test <elem>/../<elem> relative path
        assertSameName(childPath, baseName, ""a/../some-child"");
    }
",NamingTests::testNameResolution_17_oe
vfs_55_18,"    @Test
    public void testNameResolution_18_oe() throws Exception {
        final FileName baseName = getReadFolder().getName();
        final String parentPath = baseName.getParent().getPath();
        final String path = baseName.getPath();
        final String childPath = path + ""/some-child"";

        // Test empty relative path
        // removed other assertion

        // Test . relative path
        // removed other assertion

        // Test ./ relative path
        // removed other assertion

        // Test .// relative path
        // removed other assertion

        // Test .///.///. relative path
        // removed other assertion
        // removed other assertion

        // Test <elem>/.. relative path
        // removed other assertion

        // Test .. relative path
        // removed other assertion

        // Test ../ relative path
        // removed other assertion

        // Test ..//./ relative path
        // removed other assertion
        // removed other assertion

        // Test <elem>/../.. relative path
        // removed other assertion

        // Test <elem> relative path
        // removed other assertion

        // Test ./<elem> relative path
        // removed other assertion

        // Test ./<elem>/ relative path
        // removed other assertion

        // Test <elem>/././././ relative path
        // removed other assertion

        // Test <elem>/../<elem> relative path
        // removed other assertion

        // Test <elem>/<elem>/../../<elem> relative path
        assertSameName(childPath, baseName, ""a/b/../../some-child"");
    }
",NamingTests::testNameResolution_18_oe
vfs_63_2,"    @Test
    public void testCopyFromOverwriteSameFileSystem_2_oe() throws Exception {
        final FileObject scratchFolder = createScratchFolder();

        // Create direct child of the test folder
        final FileObject file = scratchFolder.resolveFile(""file1.txt"");
        // removed other assertion

        // Create the source file
        final String content = ""Here is some sample content for the file.  Blah Blah Blah."";
        try (OutputStream os = file.getContent().getOutputStream()) {
            os.write(content.getBytes(StandardCharsets.UTF_8));
        }

        assertSameContent(content, file);
    }
",ProviderWriteTests::testCopyFromOverwriteSameFileSystem_2_oe
vfs_63_4,"    @Test
    public void testCopyFromOverwriteSameFileSystem_4_oe() throws Exception {
        final FileObject scratchFolder = createScratchFolder();

        // Create direct child of the test folder
        final FileObject file = scratchFolder.resolveFile(""file1.txt"");
        // removed other assertion

        // Create the source file
        final String content = ""Here is some sample content for the file.  Blah Blah Blah."";
        try (OutputStream os = file.getContent().getOutputStream()) {
            os.write(content.getBytes(StandardCharsets.UTF_8));
        }

        // removed other assertion

        // Make sure we can copy the new file to another file on the same filesystem
        final FileObject fileCopy = scratchFolder.resolveFile(""file1copy.txt"");
        // removed other assertion
        fileCopy.copyFrom(file, Selectors.SELECT_SELF);

        assertSameContent(content, fileCopy);
    }
",ProviderWriteTests::testCopyFromOverwriteSameFileSystem_4_oe
vfs_63_6,"    @Test
    public void testCopyFromOverwriteSameFileSystem_6_oe() throws Exception {
        final FileObject scratchFolder = createScratchFolder();

        // Create direct child of the test folder
        final FileObject file = scratchFolder.resolveFile(""file1.txt"");
        // removed other assertion

        // Create the source file
        final String content = ""Here is some sample content for the file.  Blah Blah Blah."";
        try (OutputStream os = file.getContent().getOutputStream()) {
            os.write(content.getBytes(StandardCharsets.UTF_8));
        }

        // removed other assertion

        // Make sure we can copy the new file to another file on the same filesystem
        final FileObject fileCopy = scratchFolder.resolveFile(""file1copy.txt"");
        // removed other assertion
        fileCopy.copyFrom(file, Selectors.SELECT_SELF);

        // removed other assertion

        // Make sure we can copy the same new file to the same target file on the same filesystem
        // removed other assertion
        fileCopy.copyFrom(file, Selectors.SELECT_SELF);

        assertSameContent(content, fileCopy);
    }
",ProviderWriteTests::testCopyFromOverwriteSameFileSystem_6_oe
vfs_64_2,"    @Test
    public void testCopySameFileSystem_2_oe() throws Exception {
        final FileObject scratchFolder = createScratchFolder();

        // Create direct child of the test folder
        final FileObject file = scratchFolder.resolveFile(""file1.txt"");
        // removed other assertion

        // Create the source file
        final String content = ""Here is some sample content for the file.  Blah Blah Blah."";
        try (OutputStream os = file.getContent().getOutputStream()) {
            os.write(content.getBytes(StandardCharsets.UTF_8));
        }

        assertSameContent(content, file);
    }
",ProviderWriteTests::testCopySameFileSystem_2_oe
vfs_64_4,"    @Test
    public void testCopySameFileSystem_4_oe() throws Exception {
        final FileObject scratchFolder = createScratchFolder();

        // Create direct child of the test folder
        final FileObject file = scratchFolder.resolveFile(""file1.txt"");
        // removed other assertion

        // Create the source file
        final String content = ""Here is some sample content for the file.  Blah Blah Blah."";
        try (OutputStream os = file.getContent().getOutputStream()) {
            os.write(content.getBytes(StandardCharsets.UTF_8));
        }

        // removed other assertion

        // Make sure we can copy the new file to another file on the same filesystem
        final FileObject fileCopy = scratchFolder.resolveFile(""file1copy.txt"");
        // removed other assertion
        fileCopy.copyFrom(file, Selectors.SELECT_SELF);

        assertSameContent(content, fileCopy);
    }
",ProviderWriteTests::testCopySameFileSystem_4_oe
vfs_65_2,"    @Test
    public void testCreateDeleteCreateSameFileSystem_2_oe() throws Exception {
        final FileObject scratchFolder = createScratchFolder();

        // Create direct child of the test folder
        final FileObject file = scratchFolder.resolveFile(""file1.txt"");
        // removed other assertion

        // Create the source file
        final String content = ""Here is some sample content for the file.  Blah Blah Blah."";
        try (OutputStream os = file.getContent().getOutputStream()) {
            os.write(content.getBytes(StandardCharsets.UTF_8));
        }

        assertSameContent(content, file);
    }
",ProviderWriteTests::testCreateDeleteCreateSameFileSystem_2_oe
vfs_65_4,"    @Test
    public void testCreateDeleteCreateSameFileSystem_4_oe() throws Exception {
        final FileObject scratchFolder = createScratchFolder();

        // Create direct child of the test folder
        final FileObject file = scratchFolder.resolveFile(""file1.txt"");
        // removed other assertion

        // Create the source file
        final String content = ""Here is some sample content for the file.  Blah Blah Blah."";
        try (OutputStream os = file.getContent().getOutputStream()) {
            os.write(content.getBytes(StandardCharsets.UTF_8));
        }

        // removed other assertion

        // Make sure we can copy the new file to another file on the same filesystem
        final FileObject fileCopy = scratchFolder.resolveFile(""file1copy.txt"");
        // removed other assertion
        fileCopy.copyFrom(file, Selectors.SELECT_SELF);

        assertSameContent(content, fileCopy);
    }
",ProviderWriteTests::testCreateDeleteCreateSameFileSystem_4_oe
vfs_65_8,"    @Test
    public void testCreateDeleteCreateSameFileSystem_8_oe() throws Exception {
        final FileObject scratchFolder = createScratchFolder();

        // Create direct child of the test folder
        final FileObject file = scratchFolder.resolveFile(""file1.txt"");
        // removed other assertion

        // Create the source file
        final String content = ""Here is some sample content for the file.  Blah Blah Blah."";
        try (OutputStream os = file.getContent().getOutputStream()) {
            os.write(content.getBytes(StandardCharsets.UTF_8));
        }

        // removed other assertion

        // Make sure we can copy the new file to another file on the same filesystem
        final FileObject fileCopy = scratchFolder.resolveFile(""file1copy.txt"");
        // removed other assertion
        fileCopy.copyFrom(file, Selectors.SELECT_SELF);

        // removed other assertion

        // Delete the file.
        // removed other assertion
        // removed other assertion

        // Make sure we can copy the same new file to the same target file on the same filesystem
        // removed other assertion
        fileCopy.copyFrom(file, Selectors.SELECT_SELF);

        assertSameContent(content, fileCopy);
    }
",ProviderWriteTests::testCreateDeleteCreateSameFileSystem_8_oe
vfs_74_2,"    @Test
    public void testListChildren_2_oe() throws Exception {
        final FileObject folder = createScratchFolder();
        final HashSet<String> names = new HashSet<>();

        // Make sure the folder is empty
        // removed other assertion

        // Create a child folder
        folder.resolveFile(""dir1"").createFolder();
        names.add(""dir1"");
        assertSameFileSet(names, folder.getChildren());
    }
",ProviderWriteTests::testListChildren_2_oe
vfs_74_3,"    @Test
    public void testListChildren_3_oe() throws Exception {
        final FileObject folder = createScratchFolder();
        final HashSet<String> names = new HashSet<>();

        // Make sure the folder is empty
        // removed other assertion

        // Create a child folder
        folder.resolveFile(""dir1"").createFolder();
        names.add(""dir1"");
        // removed other assertion

        // Create a child file
        folder.resolveFile(""file1.html"").createFile();
        names.add(""file1.html"");
        assertSameFileSet(names, folder.getChildren());
    }
",ProviderWriteTests::testListChildren_3_oe
vfs_74_4,"    @Test
    public void testListChildren_4_oe() throws Exception {
        final FileObject folder = createScratchFolder();
        final HashSet<String> names = new HashSet<>();

        // Make sure the folder is empty
        // removed other assertion

        // Create a child folder
        folder.resolveFile(""dir1"").createFolder();
        names.add(""dir1"");
        // removed other assertion

        // Create a child file
        folder.resolveFile(""file1.html"").createFile();
        names.add(""file1.html"");
        // removed other assertion

        // Create a descendent
        folder.resolveFile(""dir2/file1.txt"").createFile();
        names.add(""dir2"");
        assertSameFileSet(names, folder.getChildren());
    }
",ProviderWriteTests::testListChildren_4_oe
vfs_74_5,"    @Test
    public void testListChildren_5_oe() throws Exception {
        final FileObject folder = createScratchFolder();
        final HashSet<String> names = new HashSet<>();

        // Make sure the folder is empty
        // removed other assertion

        // Create a child folder
        folder.resolveFile(""dir1"").createFolder();
        names.add(""dir1"");
        // removed other assertion

        // Create a child file
        folder.resolveFile(""file1.html"").createFile();
        names.add(""file1.html"");
        // removed other assertion

        // Create a descendent
        folder.resolveFile(""dir2/file1.txt"").createFile();
        names.add(""dir2"");
        // removed other assertion

        // Create a child file via an output stream
        final OutputStream outstr = folder.resolveFile(""file2.txt"").getContent().getOutputStream();
        outstr.close();
        names.add(""file2.txt"");
        assertSameFileSet(names, folder.getChildren());
    }
",ProviderWriteTests::testListChildren_5_oe
vfs_74_6,"    @Test
    public void testListChildren_6_oe() throws Exception {
        final FileObject folder = createScratchFolder();
        final HashSet<String> names = new HashSet<>();

        // Make sure the folder is empty
        // removed other assertion

        // Create a child folder
        folder.resolveFile(""dir1"").createFolder();
        names.add(""dir1"");
        // removed other assertion

        // Create a child file
        folder.resolveFile(""file1.html"").createFile();
        names.add(""file1.html"");
        // removed other assertion

        // Create a descendent
        folder.resolveFile(""dir2/file1.txt"").createFile();
        names.add(""dir2"");
        // removed other assertion

        // Create a child file via an output stream
        final OutputStream outstr = folder.resolveFile(""file2.txt"").getContent().getOutputStream();
        outstr.close();
        names.add(""file2.txt"");
        // removed other assertion

        // Delete a child folder
        folder.resolveFile(""dir1"").deleteAll();
        names.remove(""dir1"");
        assertSameFileSet(names, folder.getChildren());
    }
",ProviderWriteTests::testListChildren_6_oe
vfs_74_7,"    @Test
    public void testListChildren_7_oe() throws Exception {
        final FileObject folder = createScratchFolder();
        final HashSet<String> names = new HashSet<>();

        // Make sure the folder is empty
        // removed other assertion

        // Create a child folder
        folder.resolveFile(""dir1"").createFolder();
        names.add(""dir1"");
        // removed other assertion

        // Create a child file
        folder.resolveFile(""file1.html"").createFile();
        names.add(""file1.html"");
        // removed other assertion

        // Create a descendent
        folder.resolveFile(""dir2/file1.txt"").createFile();
        names.add(""dir2"");
        // removed other assertion

        // Create a child file via an output stream
        final OutputStream outstr = folder.resolveFile(""file2.txt"").getContent().getOutputStream();
        outstr.close();
        names.add(""file2.txt"");
        // removed other assertion

        // Delete a child folder
        folder.resolveFile(""dir1"").deleteAll();
        names.remove(""dir1"");
        // removed other assertion

        // Delete a child file
        folder.resolveFile(""file1.html"").deleteAll();
        names.remove(""file1.html"");
        assertSameFileSet(names, folder.getChildren());
    }
",ProviderWriteTests::testListChildren_7_oe
vfs_75_2,"    @Test
    public void testListener_2_oe() throws Exception {
        final FileObject baseFile = createScratchFolder();

        final FileObject child = baseFile.resolveFile(""newfile.txt"");
        // removed other assertion

        final FileSystem fs = baseFile.getFileSystem();
        final TestListener listener = new TestListener(child);
        fs.addListener(child, listener);
        try {
            // Create as a folder
            listener.addCreateEvent();
            child.createFolder();
            listener.assertFinished();
    }
    }
",ProviderWriteTests::testListener_2_oe
vfs_75_3,"    @Test
    public void testListener_3_oe() throws Exception {
        final FileObject baseFile = createScratchFolder();

        final FileObject child = baseFile.resolveFile(""newfile.txt"");
        // removed other assertion

        final FileSystem fs = baseFile.getFileSystem();
        final TestListener listener = new TestListener(child);
        fs.addListener(child, listener);
        try {
            // Create as a folder
            listener.addCreateEvent();
            child.createFolder();
            // removed other assertion

            // Create the folder again. Should not get an event.
            child.createFolder();

            // Delete
            listener.addDeleteEvent();
            child.delete();
            listener.assertFinished();
    }
    }
",ProviderWriteTests::testListener_3_oe
vfs_75_4,"    @Test
    public void testListener_4_oe() throws Exception {
        final FileObject baseFile = createScratchFolder();

        final FileObject child = baseFile.resolveFile(""newfile.txt"");
        // removed other assertion

        final FileSystem fs = baseFile.getFileSystem();
        final TestListener listener = new TestListener(child);
        fs.addListener(child, listener);
        try {
            // Create as a folder
            listener.addCreateEvent();
            child.createFolder();
            // removed other assertion

            // Create the folder again. Should not get an event.
            child.createFolder();

            // Delete
            listener.addDeleteEvent();
            child.delete();
            // removed other assertion

            // Delete again. Should not get an event
            child.delete();

            // Create as a file
            listener.addCreateEvent();
            child.createFile();
            listener.assertFinished();
    }
    }
",ProviderWriteTests::testListener_4_oe
vfs_75_5,"    @Test
    public void testListener_5_oe() throws Exception {
        final FileObject baseFile = createScratchFolder();

        final FileObject child = baseFile.resolveFile(""newfile.txt"");
        // removed other assertion

        final FileSystem fs = baseFile.getFileSystem();
        final TestListener listener = new TestListener(child);
        fs.addListener(child, listener);
        try {
            // Create as a folder
            listener.addCreateEvent();
            child.createFolder();
            // removed other assertion

            // Create the folder again. Should not get an event.
            child.createFolder();

            // Delete
            listener.addDeleteEvent();
            child.delete();
            // removed other assertion

            // Delete again. Should not get an event
            child.delete();

            // Create as a file
            listener.addCreateEvent();
            child.createFile();
            // removed other assertion

            // Create the file again. Should not get an event
            child.createFile();

            listener.addDeleteEvent();
            child.delete();

            // Create as a file, by writing to it.
            listener.addCreateEvent();
            child.getContent().getOutputStream().close();
            listener.assertFinished();
    }
    }
",ProviderWriteTests::testListener_5_oe
vfs_75_6,"    @Test
    public void testListener_6_oe() throws Exception {
        final FileObject baseFile = createScratchFolder();

        final FileObject child = baseFile.resolveFile(""newfile.txt"");
        // removed other assertion

        final FileSystem fs = baseFile.getFileSystem();
        final TestListener listener = new TestListener(child);
        fs.addListener(child, listener);
        try {
            // Create as a folder
            listener.addCreateEvent();
            child.createFolder();
            // removed other assertion

            // Create the folder again. Should not get an event.
            child.createFolder();

            // Delete
            listener.addDeleteEvent();
            child.delete();
            // removed other assertion

            // Delete again. Should not get an event
            child.delete();

            // Create as a file
            listener.addCreateEvent();
            child.createFile();
            // removed other assertion

            // Create the file again. Should not get an event
            child.createFile();

            listener.addDeleteEvent();
            child.delete();

            // Create as a file, by writing to it.
            listener.addCreateEvent();
            child.getContent().getOutputStream().close();
            // removed other assertion

            // Recreate the file by writing to it
            child.getContent().getOutputStream().close();

            // Copy another file over the top
            final FileObject otherChild = baseFile.resolveFile(""folder1"");
            otherChild.createFolder();
            listener.addDeleteEvent();
            listener.addCreateEvent();
            child.copyFrom(otherChild, Selectors.SELECT_SELF);
            listener.assertFinished();
    }
    }
",ProviderWriteTests::testListener_6_oe
vfs_76_2,"    @Test
    public void testOverwriteSameFileSystem_2_oe() throws Exception {
        final FileObject scratchFolder = createScratchFolder();

        // Create direct child of the test folder
        final FileObject file = scratchFolder.resolveFile(""file1.txt"");
        // removed other assertion

        // Create the source file
        final String content = ""Here is some sample content for the file.  Blah Blah Blah."";
        try (OutputStream os = file.getContent().getOutputStream()) {
            os.write(content.getBytes(StandardCharsets.UTF_8));
        }

        assertSameContent(content, file);
    }
",ProviderWriteTests::testOverwriteSameFileSystem_2_oe
vfs_76_4,"    @Test
    public void testOverwriteSameFileSystem_4_oe() throws Exception {
        final FileObject scratchFolder = createScratchFolder();

        // Create direct child of the test folder
        final FileObject file = scratchFolder.resolveFile(""file1.txt"");
        // removed other assertion

        // Create the source file
        final String content = ""Here is some sample content for the file.  Blah Blah Blah."";
        try (OutputStream os = file.getContent().getOutputStream()) {
            os.write(content.getBytes(StandardCharsets.UTF_8));
        }

        // removed other assertion

        // Make sure we can copy the new file to another file on the same file system
        final FileObject fileCopy = scratchFolder.resolveFile(""file1copy.txt"");
        // removed other assertion
        file.getContent().write(fileCopy);

        assertSameContent(content, fileCopy);
    }
",ProviderWriteTests::testOverwriteSameFileSystem_4_oe
vfs_76_6,"    @Test
    public void testOverwriteSameFileSystem_6_oe() throws Exception {
        final FileObject scratchFolder = createScratchFolder();

        // Create direct child of the test folder
        final FileObject file = scratchFolder.resolveFile(""file1.txt"");
        // removed other assertion

        // Create the source file
        final String content = ""Here is some sample content for the file.  Blah Blah Blah."";
        try (OutputStream os = file.getContent().getOutputStream()) {
            os.write(content.getBytes(StandardCharsets.UTF_8));
        }

        // removed other assertion

        // Make sure we can copy the new file to another file on the same file system
        final FileObject fileCopy = scratchFolder.resolveFile(""file1copy.txt"");
        // removed other assertion
        file.getContent().write(fileCopy);

        // removed other assertion

        // Make sure we can copy the same new file to the same target file on the same file system
        // removed other assertion
        file.getContent().write(fileCopy);

        assertSameContent(content, fileCopy);
    }
",ProviderWriteTests::testOverwriteSameFileSystem_6_oe
vfs_76_8,"    @Test
    public void testOverwriteSameFileSystem_8_oe() throws Exception {
        final FileObject scratchFolder = createScratchFolder();

        // Create direct child of the test folder
        final FileObject file = scratchFolder.resolveFile(""file1.txt"");
        // removed other assertion

        // Create the source file
        final String content = ""Here is some sample content for the file.  Blah Blah Blah."";
        try (OutputStream os = file.getContent().getOutputStream()) {
            os.write(content.getBytes(StandardCharsets.UTF_8));
        }

        // removed other assertion

        // Make sure we can copy the new file to another file on the same file system
        final FileObject fileCopy = scratchFolder.resolveFile(""file1copy.txt"");
        // removed other assertion
        file.getContent().write(fileCopy);

        // removed other assertion

        // Make sure we can copy the same new file to the same target file on the same file system
        // removed other assertion
        file.getContent().write(fileCopy);

        // removed other assertion

        // Make sure we can copy the same new file to the same target file on the same file system
        // removed other assertion
        file.getContent().write(fileCopy.getContent());

        assertSameContent(content, fileCopy);
    }
",ProviderWriteTests::testOverwriteSameFileSystem_8_oe
vfs_76_10,"    @Test
    public void testOverwriteSameFileSystem_10_oe() throws Exception {
        final FileObject scratchFolder = createScratchFolder();

        // Create direct child of the test folder
        final FileObject file = scratchFolder.resolveFile(""file1.txt"");
        // removed other assertion

        // Create the source file
        final String content = ""Here is some sample content for the file.  Blah Blah Blah."";
        try (OutputStream os = file.getContent().getOutputStream()) {
            os.write(content.getBytes(StandardCharsets.UTF_8));
        }

        // removed other assertion

        // Make sure we can copy the new file to another file on the same file system
        final FileObject fileCopy = scratchFolder.resolveFile(""file1copy.txt"");
        // removed other assertion
        file.getContent().write(fileCopy);

        // removed other assertion

        // Make sure we can copy the same new file to the same target file on the same file system
        // removed other assertion
        file.getContent().write(fileCopy);

        // removed other assertion

        // Make sure we can copy the same new file to the same target file on the same file system
        // removed other assertion
        file.getContent().write(fileCopy.getContent());

        // removed other assertion

        // Make sure we can copy the same new file to the same target file on the same file system
        // removed other assertion
        OutputStream outputStream = fileCopy.getContent().getOutputStream();
        try {
            file.getContent().write(outputStream);
        } finally {
            outputStream.close();
        }
        assertSameContent(content, fileCopy);
    }
",ProviderWriteTests::testOverwriteSameFileSystem_10_oe
vfs_76_12,"    @Test
    public void testOverwriteSameFileSystem_12_oe() throws Exception {
        final FileObject scratchFolder = createScratchFolder();

        // Create direct child of the test folder
        final FileObject file = scratchFolder.resolveFile(""file1.txt"");
        // removed other assertion

        // Create the source file
        final String content = ""Here is some sample content for the file.  Blah Blah Blah."";
        try (OutputStream os = file.getContent().getOutputStream()) {
            os.write(content.getBytes(StandardCharsets.UTF_8));
        }

        // removed other assertion

        // Make sure we can copy the new file to another file on the same file system
        final FileObject fileCopy = scratchFolder.resolveFile(""file1copy.txt"");
        // removed other assertion
        file.getContent().write(fileCopy);

        // removed other assertion

        // Make sure we can copy the same new file to the same target file on the same file system
        // removed other assertion
        file.getContent().write(fileCopy);

        // removed other assertion

        // Make sure we can copy the same new file to the same target file on the same file system
        // removed other assertion
        file.getContent().write(fileCopy.getContent());

        // removed other assertion

        // Make sure we can copy the same new file to the same target file on the same file system
        // removed other assertion
        OutputStream outputStream = fileCopy.getContent().getOutputStream();
        try {
            file.getContent().write(outputStream);
        } finally {
            outputStream.close();
        }
        // removed other assertion

        // Make sure we can copy the same new file to the same target file on the same file system
        // removed other assertion
        outputStream = fileCopy.getContent().getOutputStream();
        try {
            file.getContent().write(outputStream, 1234);
        } finally {
            outputStream.close();
        }
        assertSameContent(content, fileCopy);
    }
",ProviderWriteTests::testOverwriteSameFileSystem_12_oe
vfs_77_2,"    @Test
    public void testWriteSameFileSystem_2_oe() throws Exception {
        final FileObject scratchFolder = createScratchFolder();

        // Create direct child of the test folder
        final FileObject fileSource = scratchFolder.resolveFile(""file1.txt"");
        // removed other assertion

        // Create the source file
        final String expectedString = ""Here is some sample content for the file.  Blah Blah Blah."";
        try (OutputStream expectedOutputStream = fileSource.getContent().getOutputStream()) {
            expectedOutputStream.write(expectedString.getBytes(StandardCharsets.UTF_8));
        }

        assertSameContent(expectedString, fileSource);
    }
",ProviderWriteTests::testWriteSameFileSystem_2_oe
vfs_77_4,"    @Test
    public void testWriteSameFileSystem_4_oe() throws Exception {
        final FileObject scratchFolder = createScratchFolder();

        // Create direct child of the test folder
        final FileObject fileSource = scratchFolder.resolveFile(""file1.txt"");
        // removed other assertion

        // Create the source file
        final String expectedString = ""Here is some sample content for the file.  Blah Blah Blah."";
        try (OutputStream expectedOutputStream = fileSource.getContent().getOutputStream()) {
            expectedOutputStream.write(expectedString.getBytes(StandardCharsets.UTF_8));
        }

        // removed other assertion

        // Make sure we can copy the new file to another file on the same filesystem
        final FileObject fileTarget = scratchFolder.resolveFile(""file1copy.txt"");
        // removed other assertion

        final FileContent contentSource = fileSource.getContent();
        //
        // Tests FileContent#write(FileContent)
        contentSource.write(fileTarget.getContent());
        assertSameContent(expectedString, fileTarget);
    }
",ProviderWriteTests::testWriteSameFileSystem_4_oe
vfs_77_5,"    @Test
    public void testWriteSameFileSystem_5_oe() throws Exception {
        final FileObject scratchFolder = createScratchFolder();

        // Create direct child of the test folder
        final FileObject fileSource = scratchFolder.resolveFile(""file1.txt"");
        // removed other assertion

        // Create the source file
        final String expectedString = ""Here is some sample content for the file.  Blah Blah Blah."";
        try (OutputStream expectedOutputStream = fileSource.getContent().getOutputStream()) {
            expectedOutputStream.write(expectedString.getBytes(StandardCharsets.UTF_8));
        }

        // removed other assertion

        // Make sure we can copy the new file to another file on the same filesystem
        final FileObject fileTarget = scratchFolder.resolveFile(""file1copy.txt"");
        // removed other assertion

        final FileContent contentSource = fileSource.getContent();
        //
        // Tests FileContent#write(FileContent)
        contentSource.write(fileTarget.getContent());
        // removed other assertion
        //
        // Tests FileContent#write(OutputStream)
        OutputStream outputStream = fileTarget.getContent().getOutputStream();
        try {
            contentSource.write(outputStream);
        } finally {
            outputStream.close();
        }
        assertSameContent(expectedString, fileTarget);
    }
",ProviderWriteTests::testWriteSameFileSystem_5_oe
vfs_77_6,"    @Test
    public void testWriteSameFileSystem_6_oe() throws Exception {
        final FileObject scratchFolder = createScratchFolder();

        // Create direct child of the test folder
        final FileObject fileSource = scratchFolder.resolveFile(""file1.txt"");
        // removed other assertion

        // Create the source file
        final String expectedString = ""Here is some sample content for the file.  Blah Blah Blah."";
        try (OutputStream expectedOutputStream = fileSource.getContent().getOutputStream()) {
            expectedOutputStream.write(expectedString.getBytes(StandardCharsets.UTF_8));
        }

        // removed other assertion

        // Make sure we can copy the new file to another file on the same filesystem
        final FileObject fileTarget = scratchFolder.resolveFile(""file1copy.txt"");
        // removed other assertion

        final FileContent contentSource = fileSource.getContent();
        //
        // Tests FileContent#write(FileContent)
        contentSource.write(fileTarget.getContent());
        // removed other assertion
        //
        // Tests FileContent#write(OutputStream)
        OutputStream outputStream = fileTarget.getContent().getOutputStream();
        try {
            contentSource.write(outputStream);
        } finally {
            outputStream.close();
        }
        // removed other assertion
        //
        // Tests FileContent#write(OutputStream, int)
        outputStream = fileTarget.getContent().getOutputStream();
        try {
            contentSource.write(outputStream, 1234);
        } finally {
            outputStream.close();
        }
        assertSameContent(expectedString, fileTarget);
    }
",ProviderWriteTests::testWriteSameFileSystem_6_oe
vfs_79_3,"    @Test
    public void testUnknownURL_3_oe() throws Exception {
        // Try getting the content of an unknown file
        final FileObject unknownFile = getReadFolder().resolveFile(""unknown-file"");
        // removed other assertion

        final URLConnection connection = unknownFile.getURL().openConnection();
        try {
            connection.getInputStream();
            // removed other assertion
        } catch (final IOException e) {
            assertSameMessage(""vfs.provider/read-not-file.error"", unknownFile, e);
    }
    }
",UrlTests::testUnknownURL_3_oe
vfs_85_1,"    @Test
    public void testManualCache_1_oe() throws Exception {
        final FileObject scratchFolder = getWriteFolder();
        if (FileObjectUtils.isInstanceOf(getBaseFolder(), RamFileObject.class)
                || scratchFolder.getFileSystem() instanceof VirtualFileSystem) {
            // cant check ram filesystem as every manager holds its own ram filesystem data
            return;
        }

        scratchFolder.delete(Selectors.EXCLUDE_SELF);

        final DefaultFileSystemManager fs = createManager();
        fs.setCacheStrategy(CacheStrategy.MANUAL);
        fs.init();
        final FileObject foBase2 = getBaseTestFolder(fs);

        final FileObject cachedFolder = foBase2.resolveFile(scratchFolder.getName().getPath());

        FileObject[] fos = cachedFolder.getChildren();
        assertContainsNot(fos, ""file1.txt"");
    }
",ProviderCacheStrategyTests::testManualCache_1_oe
vfs_85_2,"    @Test
    public void testManualCache_2_oe() throws Exception {
        final FileObject scratchFolder = getWriteFolder();
        if (FileObjectUtils.isInstanceOf(getBaseFolder(), RamFileObject.class)
                || scratchFolder.getFileSystem() instanceof VirtualFileSystem) {
            // cant check ram filesystem as every manager holds its own ram filesystem data
            return;
        }

        scratchFolder.delete(Selectors.EXCLUDE_SELF);

        final DefaultFileSystemManager fs = createManager();
        fs.setCacheStrategy(CacheStrategy.MANUAL);
        fs.init();
        final FileObject foBase2 = getBaseTestFolder(fs);

        final FileObject cachedFolder = foBase2.resolveFile(scratchFolder.getName().getPath());

        FileObject[] fos = cachedFolder.getChildren();
        // removed other assertion

        scratchFolder.resolveFile(""file1.txt"").createFile();

        fos = cachedFolder.getChildren();
        assertContainsNot(fos, ""file1.txt"");
    }
",ProviderCacheStrategyTests::testManualCache_2_oe
vfs_85_3,"    @Test
    public void testManualCache_3_oe() throws Exception {
        final FileObject scratchFolder = getWriteFolder();
        if (FileObjectUtils.isInstanceOf(getBaseFolder(), RamFileObject.class)
                || scratchFolder.getFileSystem() instanceof VirtualFileSystem) {
            // cant check ram filesystem as every manager holds its own ram filesystem data
            return;
        }

        scratchFolder.delete(Selectors.EXCLUDE_SELF);

        final DefaultFileSystemManager fs = createManager();
        fs.setCacheStrategy(CacheStrategy.MANUAL);
        fs.init();
        final FileObject foBase2 = getBaseTestFolder(fs);

        final FileObject cachedFolder = foBase2.resolveFile(scratchFolder.getName().getPath());

        FileObject[] fos = cachedFolder.getChildren();
        // removed other assertion

        scratchFolder.resolveFile(""file1.txt"").createFile();

        fos = cachedFolder.getChildren();
        // removed other assertion

        cachedFolder.refresh();
        fos = cachedFolder.getChildren();
        assertContains(fos, ""file1.txt"");
    }
",ProviderCacheStrategyTests::testManualCache_3_oe
vfs_86_1,"    @Test
    public void testOnCallCache_1_oe() throws Exception {
        final FileObject scratchFolder = getWriteFolder();
        if (FileObjectUtils.isInstanceOf(getBaseFolder(), RamFileObject.class)
                || scratchFolder.getFileSystem() instanceof VirtualFileSystem) {
            // cant check ram filesystem as every manager holds its own ram filesystem data
            return;
        }

        scratchFolder.delete(Selectors.EXCLUDE_SELF);

        final DefaultFileSystemManager fs = createManager();
        fs.setCacheStrategy(CacheStrategy.ON_CALL);
        fs.init();
        final FileObject foBase2 = getBaseTestFolder(fs);

        final FileObject cachedFolder = foBase2.resolveFile(scratchFolder.getName().getPath());

        FileObject[] fos = cachedFolder.getChildren();
        assertContainsNot(fos, ""file1.txt"");
    }
",ProviderCacheStrategyTests::testOnCallCache_1_oe
vfs_86_2,"    @Test
    public void testOnCallCache_2_oe() throws Exception {
        final FileObject scratchFolder = getWriteFolder();
        if (FileObjectUtils.isInstanceOf(getBaseFolder(), RamFileObject.class)
                || scratchFolder.getFileSystem() instanceof VirtualFileSystem) {
            // cant check ram filesystem as every manager holds its own ram filesystem data
            return;
        }

        scratchFolder.delete(Selectors.EXCLUDE_SELF);

        final DefaultFileSystemManager fs = createManager();
        fs.setCacheStrategy(CacheStrategy.ON_CALL);
        fs.init();
        final FileObject foBase2 = getBaseTestFolder(fs);

        final FileObject cachedFolder = foBase2.resolveFile(scratchFolder.getName().getPath());

        FileObject[] fos = cachedFolder.getChildren();
        // removed other assertion

        scratchFolder.resolveFile(""file1.txt"").createFile();

        fos = cachedFolder.getChildren();
        assertContains(fos, ""file1.txt"");
    }
",ProviderCacheStrategyTests::testOnCallCache_2_oe
vfs_87_1,"    @Test
    public void testOnResolveCache_1_oe() throws Exception {
        final FileObject scratchFolder = getWriteFolder();
        if (FileObjectUtils.isInstanceOf(getBaseFolder(), RamFileObject.class)
                || scratchFolder.getFileSystem() instanceof VirtualFileSystem) {
            // cant check ram filesystem as every manager holds its own ram filesystem data
            return;
        }

        scratchFolder.delete(Selectors.EXCLUDE_SELF);

        final DefaultFileSystemManager fs = createManager();
        fs.setCacheStrategy(CacheStrategy.ON_RESOLVE);
        fs.init();
        final FileObject foBase2 = getBaseTestFolder(fs);

        FileObject cachedFolder = foBase2.resolveFile(scratchFolder.getName().getPath());

        FileObject[] fos = cachedFolder.getChildren();
        assertContainsNot(fos, ""file1.txt"");
    }
",ProviderCacheStrategyTests::testOnResolveCache_1_oe
vfs_87_2,"    @Test
    public void testOnResolveCache_2_oe() throws Exception {
        final FileObject scratchFolder = getWriteFolder();
        if (FileObjectUtils.isInstanceOf(getBaseFolder(), RamFileObject.class)
                || scratchFolder.getFileSystem() instanceof VirtualFileSystem) {
            // cant check ram filesystem as every manager holds its own ram filesystem data
            return;
        }

        scratchFolder.delete(Selectors.EXCLUDE_SELF);

        final DefaultFileSystemManager fs = createManager();
        fs.setCacheStrategy(CacheStrategy.ON_RESOLVE);
        fs.init();
        final FileObject foBase2 = getBaseTestFolder(fs);

        FileObject cachedFolder = foBase2.resolveFile(scratchFolder.getName().getPath());

        FileObject[] fos = cachedFolder.getChildren();
        // removed other assertion

        scratchFolder.resolveFile(""file1.txt"").createFile();

        fos = cachedFolder.getChildren();
        assertContainsNot(fos, ""file1.txt"");
    }
",ProviderCacheStrategyTests::testOnResolveCache_2_oe
vfs_87_3,"    @Test
    public void testOnResolveCache_3_oe() throws Exception {
        final FileObject scratchFolder = getWriteFolder();
        if (FileObjectUtils.isInstanceOf(getBaseFolder(), RamFileObject.class)
                || scratchFolder.getFileSystem() instanceof VirtualFileSystem) {
            // cant check ram filesystem as every manager holds its own ram filesystem data
            return;
        }

        scratchFolder.delete(Selectors.EXCLUDE_SELF);

        final DefaultFileSystemManager fs = createManager();
        fs.setCacheStrategy(CacheStrategy.ON_RESOLVE);
        fs.init();
        final FileObject foBase2 = getBaseTestFolder(fs);

        FileObject cachedFolder = foBase2.resolveFile(scratchFolder.getName().getPath());

        FileObject[] fos = cachedFolder.getChildren();
        // removed other assertion

        scratchFolder.resolveFile(""file1.txt"").createFile();

        fos = cachedFolder.getChildren();
        // removed other assertion

        cachedFolder = foBase2.resolveFile(scratchFolder.getName().getPath());
        fos = cachedFolder.getChildren();
        assertContains(fos, ""file1.txt"");
    }
",ProviderCacheStrategyTests::testOnResolveCache_3_oe
vfs_115_1,"    @Test
    public void testSetLastModifiedFile_1_oe() throws FileSystemException {
        final long yesterdayMillis = Instant.now().minus(ONE_DAY).toEpochMilli();

        if (getReadFolder().getFileSystem().hasCapability(Capability.SET_LAST_MODIFIED_FILE)) {
            // Try a file
            final FileObject file = getReadFolder().resolveFile(""file1.txt"");
            file.getContent().setLastModifiedTime(yesterdayMillis);
            final long lastModTimeAccuracyMillis = (long) file.getFileSystem().getLastModTimeAccuracy();
            // folder.refresh(); TODO: does not work with SSH VFS-563
            final long lastModifiedTime = file.getContent().getLastModifiedTime();
            assertDeltaMillis(""set/getLastModified on File"", yesterdayMillis, lastModifiedTime, lastModTimeAccuracyMillis);
    }
    }
",LastModifiedTests::testSetLastModifiedFile_1_oe
vfs_116_1,"    @Test
    public void testSetLastModifiedFolder_1_oe() throws FileSystemException {
        final long yesterdayMillis = Instant.now().minus(ONE_DAY).toEpochMilli();

        if (getReadFolder().getFileSystem().hasCapability(Capability.SET_LAST_MODIFIED_FOLDER)) {
            // Try a folder
            final FileObject folder = getReadFolder().resolveFile(""dir1"");
            folder.getContent().setLastModifiedTime(yesterdayMillis);
            final long lastModTimeAccuracyMillis = (long) folder.getFileSystem().getLastModTimeAccuracy();
            // folder.refresh(); TODO: does not work with SSH VFS-563
            final long lastModifiedTime = folder.getContent().getLastModifiedTime();
            assertDeltaMillis(""set/getLastModified on Folder"", yesterdayMillis, lastModifiedTime, lastModTimeAccuracyMillis);
    }
    }
",LastModifiedTests::testSetLastModifiedFolder_1_oe
vfs_182_1,"    @Test
    public void testGetLastModifiedFileInexactMatch_1_oe() throws IOException {
        final String fileName = ""file1.txt"";
        getFileSystem().getFileSystemManager().getFilesCache().clear(getFileSystem());
        final FileObject readFolder = getReadFolder();
        final FileObject fileObject = readFolder.resolveFile(fileName);
        final long lastModifiedTimeMillis = fileObject.getContent().getLastModifiedTime();
        // now try to match
        final long lastModTimeAccuracyMillis = (long) readFolder.getFileSystem().getLastModTimeAccuracy();
        final FileTime lastModifiedTime = Files
            .getLastModifiedTime(Paths.get(getTestDirectory(), AbstractTestSuite.READ_TESTS_FOLDER, fileName));
        assertDeltaMillis(""getLastModified on File"", lastModifiedTime.toMillis(), lastModifiedTimeMillis, Math.max(lastModTimeAccuracyMillis, Duration.ofMinutes(1).toMillis()));
    }
",FtpMdtmOffLastModifiedTests::testGetLastModifiedFileInexactMatch_1_oe
vfs_183_1,"    @Test
    public void testGetLastModifiedFileExactMatch_1_oe() throws IOException {
        final String fileName = ""file1.txt"";
        final FileObject readFolder = getReadFolder();
        final FileObject fileObject = readFolder.resolveFile(fileName);
        final long lastModifiedTimeMillis = fileObject.getContent().getLastModifiedTime();
        // now try to match
        final FileTime lastModifiedTime = Files
            .getLastModifiedTime(Paths.get(getTestDirectory(), AbstractTestSuite.READ_TESTS_FOLDER, fileName));
        if (SystemUtils.IS_JAVA_1_8) {
            // Workaround OpenJDK 8 and 9 bug JDK-8177809
            // https://bugs.openjdk.java.net/browse/JDK-8177809
            assertDeltaMillis(fileName, lastModifiedTimeMillis, lastModifiedTimeMillis, lastModifiedTimeMillis);
    }
    }
",FtpMdtmOnLastModifiedTests::testGetLastModifiedFileExactMatch_1_oe
vfs_183_2,"    @Test
    public void testGetLastModifiedFileExactMatch_2_oe() throws IOException {
        final String fileName = ""file1.txt"";
        final FileObject readFolder = getReadFolder();
        final FileObject fileObject = readFolder.resolveFile(fileName);
        final long lastModifiedTimeMillis = fileObject.getContent().getLastModifiedTime();
        // now try to match
        final FileTime lastModifiedTime = Files
            .getLastModifiedTime(Paths.get(getTestDirectory(), AbstractTestSuite.READ_TESTS_FOLDER, fileName));
        if (SystemUtils.IS_JAVA_1_8) {
            // Workaround OpenJDK 8 and 9 bug JDK-8177809
            // https://bugs.openjdk.java.net/browse/JDK-8177809
            // removed other assertion
        } else {
            assertEqualMillis(""getLastModified on "" + fileObject, lastModifiedTime.toMillis(), lastModifiedTimeMillis);
    }
    }
",FtpMdtmOnLastModifiedTests::testGetLastModifiedFileExactMatch_2_oe
vfs_184_1,"    @Test
    @Ignore(""Shows that leaving a stream open and not closing any resource leaves the container file locked"")
    public void testLeaveNestedFileOpen_1_oe() throws IOException {
        final File newZipFile = createTempFile();
        final FileSystemManager manager = VFS.getManager();
        try (final FileObject zipFileObject = manager.resolveFile(""zip:file:"" + newZipFile.getAbsolutePath())) {
            @SuppressWarnings({ ""resource"" })
            final FileObject zipFileObject1 = zipFileObject.resolveFile(NESTED_FILE_1);
            getInputStreamAndAssert(zipFileObject1, ""1"");
        }
        assertDelete(newZipFile);
    }
",ZipFileObjectTestCase::testLeaveNestedFileOpen_1_oe
vfs_185_1,"    @Test
    public void testReadingFilesInZipFile_1_oe() throws IOException {
        final File newZipFile = createTempFile();
        final FileSystemManager manager = VFS.getManager();
        try (final FileObject zipFileObject = manager.resolveFile(""zip:file:"" + newZipFile.getAbsolutePath())) {
            try (final FileObject zipFileObject1 = zipFileObject.resolveFile(NESTED_FILE_1)) {
                try (final InputStream inputStream = zipFileObject1.getContent().getInputStream()) {
                    readAndAssert(zipFileObject1, inputStream, ""1"");
                }
            }
            resolveReadAssert(zipFileObject, NESTED_FILE_2);
        }
        assertDelete(newZipFile);
    }
",ZipFileObjectTestCase::testReadingFilesInZipFile_1_oe
vfs_186_1,"    @Test
    public void testReadingOneAfterClosingAnotherFile_1_oe() throws IOException {
        final File newZipFile = createTempFile();
        final FileSystemManager manager = VFS.getManager();
        final FileObject zipFileObject1;
        final InputStream inputStream1;
        try (final FileObject zipFileObject = manager.resolveFile(""zip:file:"" + newZipFile.getAbsolutePath())) {
            // leave resources open
            zipFileObject1 = zipFileObject.resolveFile(NESTED_FILE_1);
            inputStream1 = zipFileObject1.getContent().getInputStream();
        }
        // The zip file is ""closed"", but we read from the stream now.
        readAndAssert(zipFileObject1, inputStream1, ""1"");
        // clean up
        zipFileObject1.close();
        assertDelete(newZipFile);
    }
",ZipFileObjectTestCase::testReadingOneAfterClosingAnotherFile_1_oe
vfs_187_1,"    @Test
    public void testReadingOneAfterClosingAnotherStream_1_oe() throws IOException {
        final File newZipFile = createTempFile();
        final FileSystemManager manager = VFS.getManager();
        final FileObject zipFileObject1;
        final InputStream inputStream1;
        try (final FileObject zipFileObject = manager.resolveFile(""zip:file:"" + newZipFile.getAbsolutePath())) {
            // leave resources open (note that internal counters are updated)
            zipFileObject1 = zipFileObject.resolveFile(NESTED_FILE_1);
            inputStream1 = zipFileObject1.getContent().getInputStream();
            resolveReadAssert(zipFileObject, NESTED_FILE_2);
        }
        // The Zip file is ""closed"", but we read from the stream now, which currently fails.
        // Why aren't internal counters preventing the stream from closing?
        readAndAssert(zipFileObject1, inputStream1, ""1"");
        // clean up
        zipFileObject1.close();
        assertDelete(newZipFile);
    }
",ZipFileObjectTestCase::testReadingOneAfterClosingAnotherStream_1_oe
vfs_189_1,"    @Test
    public void testResolveNestedFileWithoutCleanup_1_oe() throws IOException {
        final File newZipFile = createTempFile();
        final FileSystemManager manager = VFS.getManager();
        try (final FileObject zipFileObject = manager.resolveFile(""zip:file:"" + newZipFile.getAbsolutePath())) {
            @SuppressWarnings({ ""unused"", ""resource"" })
            // We resolve a nested file and do nothing else.
            final FileObject zipFileObject1 = zipFileObject.resolveFile(NESTED_FILE_1);
        }
        assertDelete(newZipFile);
    }
",ZipFileObjectTestCase::testResolveNestedFileWithoutCleanup_1_oe
vfs_192_2,"    @Test
    public void testCannotDeleteWhileStreaming_2_oe() throws Exception {
        try (final FileObject zipFileObject = manager.resolveFile(zipFileUri)) {
            try (InputStream inputStream = zipFileObject.getContent().getInputStream()) {
                if (SystemUtils.IS_OS_WINDOWS) {
                    // We do not use newZipFile in the Assert message to avoid touching it before calling delete().
                    // removed other assertion
                }
            }
        }
        assertDelete();
    }
",FileLockTestCase::testCannotDeleteWhileStreaming_2_oe
vfs_194_1,"    @Test
    public void testReadClosedFileObject_1_oe() throws Exception {
        final FileObject zipFileObjectRef;
        try (final FileObject zipFileObject = manager.resolveFile(zipFileUri)) {
            zipFileObjectRef = zipFileObject;
            try (final InputStream inputStream = zipFileObject.getContent().getInputStream()) {
                readAndAssert(inputStream);
            }
        }
        try (final InputStream inputStream = zipFileObjectRef.getContent().getInputStream()) {
            readAndAssert(inputStream);
        } finally {
            zipFileObjectRef.close();
        }
        assertDelete();
    }
",FileLockTestCase::testReadClosedFileObject_1_oe
vfs_195_1,"    @Test
    public void testResolveAndOpenCloseContent_1_oe() throws Exception {
        resolveAndOpenCloseContent();
        assertDelete();
    }
",FileLockTestCase::testResolveAndOpenCloseContent_1_oe
vfs_196_1,"    @Test
    public void testResolveAndOpenCloseContent3_1_oe() throws Exception {
        resolveAndOpenCloseContent();
        resolveAndOpenCloseContent();
        resolveAndOpenCloseContent();

        assertDelete();
    }
",FileLockTestCase::testResolveAndOpenCloseContent3_1_oe
vfs_197_1,"    @Test
    public void testResolveAndOpenCloseInputStream_1_oe() throws Exception {
        resolveAndOpenCloseInputStream();
        assertDelete();
    }
",FileLockTestCase::testResolveAndOpenCloseInputStream_1_oe
vfs_198_1,"    @Test
    public void testResolveAndOpenCloseInputStream3_1_oe() throws Exception {
        resolveAndOpenCloseInputStream();
        resolveAndOpenCloseInputStream();
        resolveAndOpenCloseInputStream();

        assertDelete();
    }
",FileLockTestCase::testResolveAndOpenCloseInputStream3_1_oe
vfs_199_1,"    @Test
    public void testResolveAndOpenReadCloseInputStream_1_oe() throws Exception {
        resolveAndOpenReadCloseInputStream();
        assertDelete();
    }
",FileLockTestCase::testResolveAndOpenReadCloseInputStream_1_oe
vfs_200_1,"    @Test
    public void testResolveAndOpenReadCloseInputStream3_1_oe() throws Exception {
        resolveAndOpenReadCloseInputStream();
        resolveAndOpenReadCloseInputStream();
        resolveAndOpenReadCloseInputStream();
        assertDelete();
    }
",FileLockTestCase::testResolveAndOpenReadCloseInputStream3_1_oe
vfs_201_1,"    @Test
    public void testResolveOpenCloseNestedInputStreams_1_oe() throws Exception {
        try (final FileObject zipFileObject = manager.resolveFile(zipFileUri)) {
            try (final FileObject zipFileObject2 = manager.resolveFile(zipFileUri)) {
                zipFileObject2.getContent().getInputStream().close();
            }
            zipFileObject.getContent().getInputStream().close();
        }
        assertDelete();
    }
",FileLockTestCase::testResolveOpenCloseNestedInputStreams_1_oe
vfs_237_2,"    @Test
    public void testNestedJunction_2_oe() throws Exception {
        final FileSystem fs = getManager().createVirtualFileSystem(""vfs:"").getFileSystem();
        final FileObject baseDir = getBaseDir();
        fs.addJunction(""/a"", baseDir);

        // Nested
        try {
            fs.addJunction(""/a/b"", baseDir);
            // removed other assertion
        } catch (final Exception e) {
            assertSameMessage(""vfs.impl/nested-junction.error"", ""vfs:/a/b"", e);
    }
    }
",JunctionTests::testNestedJunction_2_oe
vfs_237_4,"    @Test
    public void testNestedJunction_4_oe() throws Exception {
        final FileSystem fs = getManager().createVirtualFileSystem(""vfs:"").getFileSystem();
        final FileObject baseDir = getBaseDir();
        fs.addJunction(""/a"", baseDir);

        // Nested
        try {
            fs.addJunction(""/a/b"", baseDir);
            // removed other assertion
        } catch (final Exception e) {
            // removed other assertion
        }

        // At same point
        try {
            fs.addJunction(""/a"", baseDir);
            // removed other assertion
        } catch (final Exception e) {
            assertSameMessage(""vfs.impl/nested-junction.error"", ""vfs:/a"", e);
    }
    }
",JunctionTests::testNestedJunction_4_oe
vfs_260_1,"    @Test
    public void testAcceptZipFile_1_oe() throws FileSystemException {

        FileObject[] files;

        // CAN_READ Filter
        files = zipFileObj.findFiles(new FileFilterSelector(CanReadFileFilter.CAN_READ));
        assertContains(files, READONLY, WRITABLE);
    }
",CanReadFileFilterTest::testAcceptZipFile_1_oe
vfs_260_4,"    @Test
    public void testAcceptZipFile_4_oe() throws FileSystemException {

        FileObject[] files;

        // CAN_READ Filter
        files = zipFileObj.findFiles(new FileFilterSelector(CanReadFileFilter.CAN_READ));
        // removed other assertion
        // removed other assertion

        // CANNOT_READ Filter
        files = zipFileObj.findFiles(new FileFilterSelector(CanReadFileFilter.CANNOT_READ));
        // removed other assertion

        // READ_ONLY Filter
        files = zipFileObj.findFiles(new FileFilterSelector(CanReadFileFilter.READ_ONLY));
        assertContains(files, READONLY, WRITABLE);
    }
",CanReadFileFilterTest::testAcceptZipFile_4_oe
vfs_263_2,"    @Test
    public void testAcceptZipFile_2_oe() throws FileSystemException {

        FileObject[] files;

        // CAN_WRITE Filter
        files = zipFileObj.findFiles(new FileFilterSelector(CanWriteFileFilter.CAN_WRITE));
        // removed other assertion

        // CANNOT_WRITE Filter
        files = zipFileObj.findFiles(new FileFilterSelector(CanWriteFileFilter.CANNOT_WRITE));
        assertContains(files, READONLY, WRITABLE);
    }
",CanWriteFileFilterTest::testAcceptZipFile_2_oe
vfs_269_7,"    @Test
    public void testAgeFileFilterLongBoolean_7_oe() throws FileSystemException {

        AgeFileFilter testee;

        testee = new AgeFileFilter(NOW_MILLIS, true);
        // removed other assertion
        // removed other assertion
        // removed other assertion

        testee = new AgeFileFilter(NOW_MILLIS, false);
        // removed other assertion
        // removed other assertion
        // removed other assertion

        // Same test with ZIP file
        FileObject[] files;

        files = zipFileObj.findFiles(new FileFilterSelector(new AgeFileFilter(NOW_MILLIS, true)));
        assertContains(files, oldFile.getName(), currentFile.getName());
    }
",AgeFileFilterTest::testAgeFileFilterLongBoolean_7_oe
vfs_269_9,"    @Test
    public void testAgeFileFilterLongBoolean_9_oe() throws FileSystemException {

        AgeFileFilter testee;

        testee = new AgeFileFilter(NOW_MILLIS, true);
        // removed other assertion
        // removed other assertion
        // removed other assertion

        testee = new AgeFileFilter(NOW_MILLIS, false);
        // removed other assertion
        // removed other assertion
        // removed other assertion

        // Same test with ZIP file
        FileObject[] files;

        files = zipFileObj.findFiles(new FileFilterSelector(new AgeFileFilter(NOW_MILLIS, true)));
        // removed other assertion
        // removed other assertion

        files = zipFileObj.findFiles(new FileFilterSelector(new AgeFileFilter(NOW_MILLIS, false)));
        assertContains(files, newFile.getName());
    }
",AgeFileFilterTest::testAgeFileFilterLongBoolean_9_oe
vfs_272_1,"    @Test
    public void testAddFileFilter_1_oe() {

        // PREPARE
        final FileFilter filter1 = new DummyFilter();
        final FileFilter filter2 = new DummyFilter();
        final FileFilter filter3 = new DummyFilter();

        // TEST
        final AndFileFilter testee = new AndFileFilter();
        testee.addFileFilter(filter1);
        testee.addFileFilter(filter2);
        testee.addFileFilter(filter3);

        // VERIFY
        assertContainsOnly(testee.getFileFilters(), filter1, filter2, filter3);
    }
",AndFileFilterTest::testAddFileFilter_1_oe
vfs_273_1,"    @Test
    public void testAndFileFilterFileFilter_1_oe() {

        // PREPARE
        final FileFilter filter1 = new DummyFilter();
        final FileFilter filter2 = new DummyFilter();
        final FileFilter filter3 = new DummyFilter();

        // TEST
        final AndFileFilter testee = new AndFileFilter(filter1, filter2, filter3);

        // VERIFY
        assertContainsOnly(testee.getFileFilters(), filter1, filter2, filter3);
    }
",AndFileFilterTest::testAndFileFilterFileFilter_1_oe
vfs_274_1,"    @Test
    public void testAndFileFilterList_1_oe() {

        // PREPARE
        final FileFilter filter1 = new DummyFilter();
        final FileFilter filter2 = new DummyFilter();
        final FileFilter filter3 = new DummyFilter();
        final List<FileFilter> list = new ArrayList<>();
        list.add(filter1);
        list.add(filter2);
        list.add(filter3);

        // TEST
        final AndFileFilter testee = new AndFileFilter(list);

        // VERIFY
        assertContainsOnly(testee.getFileFilters(), filter1, filter2, filter3);
    }
",AndFileFilterTest::testAndFileFilterList_1_oe
vfs_275_1,"    @Test
    public void testRemoveFileFilter_1_oe() {

        // PREPARE
        final FileFilter filter1 = new DummyFilter();
        final FileFilter filter2 = new DummyFilter();
        final FileFilter filter3 = new DummyFilter();
        final AndFileFilter testee = new AndFileFilter(filter1, filter2, filter3);

        // TEST
        testee.removeFileFilter(filter2);

        // VERIFY
        assertContainsOnly(testee.getFileFilters(), filter1, filter3);
    }
",AndFileFilterTest::testRemoveFileFilter_1_oe
vfs_276_1,"    @Test
    public void testSetFileFilters_1_oe() {

        // PREPARE
        final FileFilter filter1 = new DummyFilter();
        final FileFilter filter2 = new DummyFilter();
        final FileFilter filter3 = new DummyFilter();
        final List<FileFilter> list = new ArrayList<>();
        list.add(filter1);
        list.add(filter2);
        list.add(filter3);
        final AndFileFilter testee = new AndFileFilter();

        // TEST
        testee.setFileFilters(list);

        // VERIFY
        assertContainsOnly(testee.getFileFilters(), filter1, filter2, filter3);
    }
",AndFileFilterTest::testSetFileFilters_1_oe
vfs_280_1,"    @Test
    public void testSizeFileFilterZipDir_1_oe() throws FileSystemException {

        // Same test with ZIP file
        FileObject[] files;

        files = zipFileObj.findFiles(new FileFilterSelector(new SizeFileFilter(4, true)));
        assertContains(files, optFile.getName(), maxFile.getName());
    }
",SizeFileFilterTest::testSizeFileFilterZipDir_1_oe
vfs_280_3,"    @Test
    public void testSizeFileFilterZipDir_3_oe() throws FileSystemException {

        // Same test with ZIP file
        FileObject[] files;

        files = zipFileObj.findFiles(new FileFilterSelector(new SizeFileFilter(4, true)));
        // removed other assertion
        // removed other assertion

        files = zipFileObj.findFiles(new FileFilterSelector(new SizeFileFilter(4, false)));
        assertContains(files, minFile.getName());
    }
",SizeFileFilterTest::testSizeFileFilterZipDir_3_oe
vfs_280_5,"    @Test
    public void testSizeFileFilterZipDir_5_oe() throws FileSystemException {

        // Same test with ZIP file
        FileObject[] files;

        files = zipFileObj.findFiles(new FileFilterSelector(new SizeFileFilter(4, true)));
        // removed other assertion
        // removed other assertion

        files = zipFileObj.findFiles(new FileFilterSelector(new SizeFileFilter(4, false)));
        // removed other assertion
        // removed other assertion

        files = zipFileObj.findFiles(new FileFilterSelector(new SizeRangeFileFilter(2, 6)));
        assertContains(files, minFile.getName(), optFile.getName(), maxFile.getName());
    }
",SizeFileFilterTest::testSizeFileFilterZipDir_5_oe
vfs_280_7,"    @Test
    public void testSizeFileFilterZipDir_7_oe() throws FileSystemException {

        // Same test with ZIP file
        FileObject[] files;

        files = zipFileObj.findFiles(new FileFilterSelector(new SizeFileFilter(4, true)));
        // removed other assertion
        // removed other assertion

        files = zipFileObj.findFiles(new FileFilterSelector(new SizeFileFilter(4, false)));
        // removed other assertion
        // removed other assertion

        files = zipFileObj.findFiles(new FileFilterSelector(new SizeRangeFileFilter(2, 6)));
        // removed other assertion
        // removed other assertion

        files = zipFileObj.findFiles(new FileFilterSelector(new SizeRangeFileFilter(3, 6)));
        assertContains(files, optFile.getName(), maxFile.getName());
    }
",SizeFileFilterTest::testSizeFileFilterZipDir_7_oe
vfs_280_9,"    @Test
    public void testSizeFileFilterZipDir_9_oe() throws FileSystemException {

        // Same test with ZIP file
        FileObject[] files;

        files = zipFileObj.findFiles(new FileFilterSelector(new SizeFileFilter(4, true)));
        // removed other assertion
        // removed other assertion

        files = zipFileObj.findFiles(new FileFilterSelector(new SizeFileFilter(4, false)));
        // removed other assertion
        // removed other assertion

        files = zipFileObj.findFiles(new FileFilterSelector(new SizeRangeFileFilter(2, 6)));
        // removed other assertion
        // removed other assertion

        files = zipFileObj.findFiles(new FileFilterSelector(new SizeRangeFileFilter(3, 6)));
        // removed other assertion
        // removed other assertion

        files = zipFileObj.findFiles(new FileFilterSelector(new SizeRangeFileFilter(2, 5)));
        assertContains(files, minFile.getName(), optFile.getName());
    }
",SizeFileFilterTest::testSizeFileFilterZipDir_9_oe
vfs_280_11,"    @Test
    public void testSizeFileFilterZipDir_11_oe() throws FileSystemException {

        // Same test with ZIP file
        FileObject[] files;

        files = zipFileObj.findFiles(new FileFilterSelector(new SizeFileFilter(4, true)));
        // removed other assertion
        // removed other assertion

        files = zipFileObj.findFiles(new FileFilterSelector(new SizeFileFilter(4, false)));
        // removed other assertion
        // removed other assertion

        files = zipFileObj.findFiles(new FileFilterSelector(new SizeRangeFileFilter(2, 6)));
        // removed other assertion
        // removed other assertion

        files = zipFileObj.findFiles(new FileFilterSelector(new SizeRangeFileFilter(3, 6)));
        // removed other assertion
        // removed other assertion

        files = zipFileObj.findFiles(new FileFilterSelector(new SizeRangeFileFilter(2, 5)));
        // removed other assertion
        // removed other assertion

        files = zipFileObj.findFiles(new FileFilterSelector(new SizeRangeFileFilter(3, 5)));
        assertContains(files, optFile.getName());
    }
",SizeFileFilterTest::testSizeFileFilterZipDir_11_oe
vfs_280_13,"    @Test
    public void testSizeFileFilterZipDir_13_oe() throws FileSystemException {

        // Same test with ZIP file
        FileObject[] files;

        files = zipFileObj.findFiles(new FileFilterSelector(new SizeFileFilter(4, true)));
        // removed other assertion
        // removed other assertion

        files = zipFileObj.findFiles(new FileFilterSelector(new SizeFileFilter(4, false)));
        // removed other assertion
        // removed other assertion

        files = zipFileObj.findFiles(new FileFilterSelector(new SizeRangeFileFilter(2, 6)));
        // removed other assertion
        // removed other assertion

        files = zipFileObj.findFiles(new FileFilterSelector(new SizeRangeFileFilter(3, 6)));
        // removed other assertion
        // removed other assertion

        files = zipFileObj.findFiles(new FileFilterSelector(new SizeRangeFileFilter(2, 5)));
        // removed other assertion
        // removed other assertion

        files = zipFileObj.findFiles(new FileFilterSelector(new SizeRangeFileFilter(3, 5)));
        // removed other assertion
        // removed other assertion

        files = zipFileObj.findFiles(new FileFilterSelector(new SizeRangeFileFilter(4, 4)));
        assertContains(files, optFile.getName());
    }
",SizeFileFilterTest::testSizeFileFilterZipDir_13_oe
vfs_302_1,"    @Test
    public void testZipFile_1_oe() throws FileSystemException {

        // Same test with ZIP file
        FileObject[] files;

        files = zipFileObj.findFiles(new FileFilterSelector(EmptyFileFilter.EMPTY));
        assertContains(files, emptyFile.getName());
    }
",EmptyFileFilterTest::testZipFile_1_oe
vfs_302_3,"    @Test
    public void testZipFile_3_oe() throws FileSystemException {

        // Same test with ZIP file
        FileObject[] files;

        files = zipFileObj.findFiles(new FileFilterSelector(EmptyFileFilter.EMPTY));
        // removed other assertion
        // removed other assertion

        files = zipFileObj.findFiles(new FileFilterSelector(EmptyFileFilter.NOT_EMPTY));
        assertContains(files, notEmptyFile.getName(), notEmptyDir.getName());
    }
",EmptyFileFilterTest::testZipFile_3_oe
vfs_307_1,"    @Test
    public void testAddFileFilter_1_oe() {

        // PREPARE
        final FileFilter filter1 = new DummyFilter();
        final FileFilter filter2 = new DummyFilter();
        final FileFilter filter3 = new DummyFilter();

        // TEST
        final OrFileFilter testee = new OrFileFilter();
        testee.addFileFilter(filter1);
        testee.addFileFilter(filter2);
        testee.addFileFilter(filter3);

        // VERIFY
        assertContainsOnly(testee.getFileFilters(), filter1, filter2, filter3);
    }
",OrFileFilterTest::testAddFileFilter_1_oe
vfs_308_1,"    @Test
    public void testOrFileFilterFileFilter_1_oe() {

        // PREPARE
        final FileFilter filter1 = new DummyFilter();
        final FileFilter filter2 = new DummyFilter();
        final FileFilter filter3 = new DummyFilter();

        // TEST
        final OrFileFilter testee = new OrFileFilter(filter1, filter2, filter3);

        // VERIFY
        assertContainsOnly(testee.getFileFilters(), filter1, filter2, filter3);
    }
",OrFileFilterTest::testOrFileFilterFileFilter_1_oe
vfs_309_1,"    @Test
    public void testOrFileFilterList_1_oe() {

        // PREPARE
        final FileFilter filter1 = new DummyFilter();
        final FileFilter filter2 = new DummyFilter();
        final FileFilter filter3 = new DummyFilter();
        final List<FileFilter> list = new ArrayList<>();
        list.add(filter1);
        list.add(filter2);
        list.add(filter3);

        // TEST
        final OrFileFilter testee = new OrFileFilter(list);

        // VERIFY
        assertContainsOnly(testee.getFileFilters(), filter1, filter2, filter3);
    }
",OrFileFilterTest::testOrFileFilterList_1_oe
vfs_310_1,"    @Test
    public void testRemoveFileFilter_1_oe() {

        // PREPARE
        final FileFilter filter1 = new DummyFilter();
        final FileFilter filter2 = new DummyFilter();
        final FileFilter filter3 = new DummyFilter();
        final OrFileFilter testee = new OrFileFilter(filter1, filter2, filter3);

        // TEST
        testee.removeFileFilter(filter2);

        // VERIFY
        assertContainsOnly(testee.getFileFilters(), filter1, filter3);
    }
",OrFileFilterTest::testRemoveFileFilter_1_oe
vfs_311_1,"    @Test
    public void testSetFileFilters_1_oe() {

        // PREPARE
        final FileFilter filter1 = new DummyFilter();
        final FileFilter filter2 = new DummyFilter();
        final FileFilter filter3 = new DummyFilter();
        final List<FileFilter> list = new ArrayList<>();
        list.add(filter1);
        list.add(filter2);
        list.add(filter3);
        final OrFileFilter testee = new OrFileFilter();

        // TEST
        testee.setFileFilters(list);

        // VERIFY
        assertContainsOnly(testee.getFileFilters(), filter1, filter2, filter3);
    }
",OrFileFilterTest::testSetFileFilters_1_oe
vfs_316_1,"    @Test
    public void testZipFile_1_oe() throws FileSystemException {

        // Same test with ZIP file
        final FileObject[] files;

        // TODO xxx In Java 6 there is no way to hide a file
        // files = zipFileObj.findFiles(new
        // FileFilterSelector(HiddenFileFilter.HIDDEN));
        // assertContains(files, hiddenFile.getName());
        // assertThat(files).hasSize(1);

        files = zipFileObj.findFiles(new FileFilterSelector(HiddenFileFilter.VISIBLE));
        assertContains(files, visibleFile.getName());
    }
",HiddenFileFilterTest::testZipFile_1_oe
vfs_317_1,"    @Test
    public void testAcceptZipFile_1_oe() throws FileSystemException {

        FileObject[] files;

        // FILE Filter
        files = zipFileObj.findFiles(new FileSelector() {
            @Override
            public boolean includeFile(final FileSelectInfo fileInfo) throws Exception {
                return FileFileFilter.FILE.accept(fileInfo);
            }

            @Override
            public boolean traverseDescendents(final FileSelectInfo fileInfo) throws Exception {
                return true;
            }
        });
        assertContains(files, FILE);
    }
",DirectoryAndFileFilterTest::testAcceptZipFile_1_oe
vfs_317_3,"    @Test
    public void testAcceptZipFile_3_oe() throws FileSystemException {

        FileObject[] files;

        // FILE Filter
        files = zipFileObj.findFiles(new FileSelector() {
            @Override
            public boolean includeFile(final FileSelectInfo fileInfo) throws Exception {
                return FileFileFilter.FILE.accept(fileInfo);
            }

            @Override
            public boolean traverseDescendents(final FileSelectInfo fileInfo) throws Exception {
                return true;
            }
        });
        // removed other assertion
        // removed other assertion

        // DIRECTORY Filter
        files = zipFileObj.findFiles(new FileFilterSelector(DirectoryFileFilter.DIRECTORY));
        assertContains(files, DIR);
    }
",DirectoryAndFileFilterTest::testAcceptZipFile_3_oe
vfs_333_2,"    @Test
    public void testLoadResource_2_oe() throws Exception {
        final VFSClassLoader loader = createClassLoader();

        final URL resource = loader.getResource(""read-tests/file1.txt"");

        // removed other assertion
        final URLConnection urlCon = resource.openConnection();
        assertSameURLContent(FILE1_CONTENT, urlCon);
    }
",VfsClassLoaderTests::testLoadResource_2_oe
vfs_347_1,"    @Test
    public void testReadProperties_1_oe() throws FileSystemException, IOException {
        assertProperties(FileObjectUtils .readProperties(VFS.getManager().toFileObject(new File(""src/test/resources/test.properties""))));
    }
",FileObjectUtilsTest::testReadProperties_1_oe
vfs_348_1,"    @Test
    public void testReadPropertiesInto_1_oe() throws FileSystemException, IOException {
        final Properties p = new Properties();
        p.setProperty(""extraKey"", ""extraValue"");
        assertProperties(FileObjectUtils .readProperties(VFS.getManager().toFileObject(new File(""src/test/resources/test.properties"")), p));
    }
",FileObjectUtilsTest::testReadPropertiesInto_1_oe
vfs_365_16,"    @Test
    public void testVersioning_16_oe() throws Exception {
        final FileObject scratchFolder = createScratchFolder();
        final FileSystemOptions opts = scratchFolder.getFileSystem().getFileSystemOptions();
        final WebdavFileSystemConfigBuilder builder = (WebdavFileSystemConfigBuilder) getManager()
                .getFileSystemConfigBuilder(""webdav"");
        builder.setVersioning(opts, true);
        final FileObject file = getManager().resolveFile(scratchFolder, ""file1.txt"", opts);
        final FileSystemOptions newOpts = file.getFileSystem().getFileSystemOptions();
        // removed other assertion
        // removed other assertion
        // removed other assertion
        file.createFile();
        // removed other assertion
        // removed other assertion
        // removed other assertion
        // removed other assertion
        // removed other assertion
        // removed other assertion
        // removed other assertion
        // removed other assertion
        // removed other assertion
        Map<?, ?> map = file.getContent().getAttributes();
        final String name = ((URLFileName) file.getName()).getUserName();
        // removed other assertion
        if (name != null) {
            // removed other assertion
        }
        // removed other assertion

        // Create the source file
        final String content = ""Here is some sample content for the file.  Blah Blah Blah."";

        try (OutputStream os = file.getContent().getOutputStream()) {
            os.write(content.getBytes(StandardCharsets.UTF_8));
        }
        assertSameContent(content, file);
    }
",WebdavVersioningTests::testVersioning_16_oe
vfs_366_18,"    @Test
    public void testVersioningWithCreator_18_oe() throws Exception {
        final FileObject scratchFolder = createScratchFolder();
        final FileSystemOptions opts = scratchFolder.getFileSystem().getFileSystemOptions();
        final WebdavFileSystemConfigBuilder builder = (WebdavFileSystemConfigBuilder) getManager()
                .getFileSystemConfigBuilder(""webdav"");
        builder.setVersioning(opts, true);
        builder.setCreatorName(opts, ""testUser"");
        final FileObject file = getManager().resolveFile(scratchFolder, ""file1.txt"", opts);
        final FileSystemOptions newOpts = file.getFileSystem().getFileSystemOptions();
        // removed other assertion
        // removed other assertion
        // removed other assertion
        file.createFile();
        // removed other assertion
        // removed other assertion
        // removed other assertion
        // removed other assertion
        // removed other assertion
        // removed other assertion
        // removed other assertion
        // removed other assertion
        // removed other assertion
        Map<?, ?> map = file.getContent().getAttributes();
        final String name = ((URLFileName) file.getName()).getUserName();
        // removed other assertion
        // removed other assertion
        if (name != null) {
            // removed other assertion
            // removed other assertion
        }
        // removed other assertion

        // Create the source file
        final String content = ""Here is some sample content for the file.  Blah Blah Blah."";

        try (OutputStream os = file.getContent().getOutputStream()) {
            os.write(content.getBytes(StandardCharsets.UTF_8));
        }
        assertSameContent(content, file);
    }
",WebdavVersioningTests::testVersioningWithCreator_18_oe
vfs_369_16,"    @Test
    public void testVersioning_16_oe() throws Exception {
        final FileObject scratchFolder = createScratchFolder();
        final FileSystemOptions opts = scratchFolder.getFileSystem().getFileSystemOptions();
        final Webdav4FileSystemConfigBuilder builder = (Webdav4FileSystemConfigBuilder) getManager()
                .getFileSystemConfigBuilder(""webdav"");
        builder.setVersioning(opts, true);
        final FileObject file = getManager().resolveFile(scratchFolder, ""file1.txt"", opts);
        final FileSystemOptions newOpts = file.getFileSystem().getFileSystemOptions();
        // removed other assertion
        // removed other assertion
        // removed other assertion
        file.createFile();
        // removed other assertion
        // removed other assertion
        // removed other assertion
        // removed other assertion
        // removed other assertion
        // removed other assertion
        // removed other assertion
        // removed other assertion
        // removed other assertion
        Map<?, ?> map = file.getContent().getAttributes();
        final String name = ((GenericURLFileName) file.getName()).getUserName();
        // removed other assertion
        if (name != null) {
            // removed other assertion
        }
        // removed other assertion

        // Create the source file
        final String content = ""Here is some sample content for the file.  Blah Blah Blah."";

        try (OutputStream os = file.getContent().getOutputStream()) {
            os.write(content.getBytes(StandardCharsets.UTF_8));
        }
        assertSameContent(content, file);
    }
",Webdav4VersioningTests::testVersioning_16_oe
vfs_370_18,"    @Test
    public void testVersioningWithCreator_18_oe() throws Exception {
        final FileObject scratchFolder = createScratchFolder();
        final FileSystemOptions opts = scratchFolder.getFileSystem().getFileSystemOptions();
        final Webdav4FileSystemConfigBuilder builder = (Webdav4FileSystemConfigBuilder) getManager()
                .getFileSystemConfigBuilder(""webdav"");
        builder.setVersioning(opts, true);
        builder.setCreatorName(opts, ""testUser"");
        final FileObject file = getManager().resolveFile(scratchFolder, ""file1.txt"", opts);
        final FileSystemOptions newOpts = file.getFileSystem().getFileSystemOptions();
        // removed other assertion
        // removed other assertion
        // removed other assertion
        file.createFile();
        // removed other assertion
        // removed other assertion
        // removed other assertion
        // removed other assertion
        // removed other assertion
        // removed other assertion
        // removed other assertion
        // removed other assertion
        // removed other assertion
        Map<?, ?> map = file.getContent().getAttributes();
        final String name = ((GenericURLFileName) file.getName()).getUserName();
        // removed other assertion
        // removed other assertion
        if (name != null) {
            // removed other assertion
            // removed other assertion
        }
        // removed other assertion

        // Create the source file
        final String content = ""Here is some sample content for the file.  Blah Blah Blah."";

        try (OutputStream os = file.getContent().getOutputStream()) {
            os.write(content.getBytes(StandardCharsets.UTF_8));
        }
        assertSameContent(content, file);
    }
",Webdav4VersioningTests::testVersioningWithCreator_18_oe
