id,project,test_class,test_name,test_file_path,focal_file_path,focal_class,focal_package,oracle_type,junit_version,assert_kind,assert_name
rng_left_1_1,commons-rng,ThreadLocalRandomSourceTest,testCurrentThrowsForNullRandomSource_1_oe,commons-rng-simple/src/test/java/org/apache/commons/rng/simple/ThreadLocalRandomSourceTest.java,,,,assert,unknown,standard,assertThrows
rng_left_2_1,commons-rng,ThreadLocalRandomSourceTest,testCurrentThrowsForRandomSourceWithDataArguments_1_oe,commons-rng-simple/src/test/java/org/apache/commons/rng/simple/ThreadLocalRandomSourceTest.java,,,,assert,unknown,standard,assertThrows
rng_left_3_1,commons-rng,ThreadLocalRandomSourceTest,testCurrentForAllRandomSources_1_oe,commons-rng-simple/src/test/java/org/apache/commons/rng/simple/ThreadLocalRandomSourceTest.java,,,,assert,unknown,standard,assertNotNull
rng_left_3_2,commons-rng,ThreadLocalRandomSourceTest,testCurrentForAllRandomSources_2_oe,commons-rng-simple/src/test/java/org/apache/commons/rng/simple/ThreadLocalRandomSourceTest.java,,,,assert,unknown,standard,assertSame
rng_left_3_3,commons-rng,ThreadLocalRandomSourceTest,testCurrentForAllRandomSources_3_oe,commons-rng-simple/src/test/java/org/apache/commons/rng/simple/ThreadLocalRandomSourceTest.java,,,,assert,unknown,standard,assertNotSame
rng_left_4_1,commons-rng,JDKRandomWrapperTest,checkSameSequence_1_oe,,,,,assert,unknown,standard,assertEquals
rng_left_4_2,commons-rng,JDKRandomWrapperTest,checkSameSequence_2_oe,,,,,assert,unknown,standard,assertEquals
rng_left_4_3,commons-rng,JDKRandomWrapperTest,checkSameSequence_3_oe,,,,,assert,unknown,standard,assertEquals
rng_left_4_4,commons-rng,JDKRandomWrapperTest,checkSameSequence_4_oe,,,,,assert,unknown,standard,assertEquals
rng_left_4_5,commons-rng,JDKRandomWrapperTest,checkSameSequence_5_oe,,,,,assert,unknown,standard,assertEquals
rng_left_4_6,commons-rng,JDKRandomWrapperTest,checkSameSequence_6_oe,,,,,assert,unknown,standard,assertEquals
rng_left_4_7,commons-rng,JDKRandomWrapperTest,checkSameSequence_7_oe,,,,,assert,unknown,standard,assertEquals
rng_left_5_1,commons-rng,JDKRandomWrapperTest,testNextLongInRange_1_oe,commons-rng-simple/src/test/java/org/apache/commons/rng/simple/JDKRandomWrapperTest.java,,,,assert,unknown,standard,assertEquals
rng_left_6_1,commons-rng,JDKRandomWrapperTest,testNextLongInRangeThrows_1_oe,commons-rng-simple/src/test/java/org/apache/commons/rng/simple/JDKRandomWrapperTest.java,,,,assert,unknown,standard,assertThrows
rng_left_7_1,commons-rng,JDKRandomWrapperTest,checkSameBytes_1_oe,,,,,assert,unknown,standard,assertEquals
rng_left_8_1,commons-rng,ProvidersCommonParametricTest,testUnsupportedSeedType_1_oe,commons-rng-simple/src/test/java/org/apache/commons/rng/simple/ProvidersCommonParametricTest.java,,,,assert,unknown,standard,assertThrows
rng_left_9_1,commons-rng,ProvidersCommonParametricTest,testFactoryCreateMethod_1_oe,commons-rng-simple/src/test/java/org/apache/commons/rng/simple/ProvidersCommonParametricTest.java,,,,assert,unknown,standard,assertEquals
rng_left_10_1,commons-rng,ProvidersCommonParametricTest,testFactoryCreateMethodWithSeed_1_oe,commons-rng-simple/src/test/java/org/apache/commons/rng/simple/ProvidersCommonParametricTest.java,,,,assert,unknown,standard,assertEquals
rng_left_10_2,commons-rng,ProvidersCommonParametricTest,testFactoryCreateMethodWithSeed_2_oe,commons-rng-simple/src/test/java/org/apache/commons/rng/simple/ProvidersCommonParametricTest.java,,,,assert,unknown,standard,assertEquals
rng_left_11_1,commons-rng,ProvidersCommonParametricTest,testCreateMethodThrowsWithIncorrectArguments_1_oe,commons-rng-simple/src/test/java/org/apache/commons/rng/simple/ProvidersCommonParametricTest.java,,,,assert,unknown,standard,assertThrows
rng_left_11_2,commons-rng,ProvidersCommonParametricTest,testCreateMethodThrowsWithIncorrectArguments_2_oe,commons-rng-simple/src/test/java/org/apache/commons/rng/simple/ProvidersCommonParametricTest.java,,,,assert,unknown,standard,assertThrows
rng_left_12_1,commons-rng,ProvidersCommonParametricTest,testAllSeedTypes_1_oe,commons-rng-simple/src/test/java/org/apache/commons/rng/simple/ProvidersCommonParametricTest.java,,,,assert,unknown,standard,assertNotNull
rng_left_12_2,commons-rng,ProvidersCommonParametricTest,testAllSeedTypes_2_oe,commons-rng-simple/src/test/java/org/apache/commons/rng/simple/ProvidersCommonParametricTest.java,,,,assert,unknown,standard,assertEquals
rng_left_12_3,commons-rng,ProvidersCommonParametricTest,testAllSeedTypes_3_oe,commons-rng-simple/src/test/java/org/apache/commons/rng/simple/ProvidersCommonParametricTest.java,,,,assert,unknown,standard,assertEquals
rng_left_12_4,commons-rng,ProvidersCommonParametricTest,testAllSeedTypes_4_oe,commons-rng-simple/src/test/java/org/apache/commons/rng/simple/ProvidersCommonParametricTest.java,,,,assert,unknown,standard,assertEquals
rng_left_13_1,commons-rng,ProvidersCommonParametricTest,testUnrestorable_1_oe,commons-rng-simple/src/test/java/org/apache/commons/rng/simple/ProvidersCommonParametricTest.java,,,,assert,unknown,custom,assertProduceSameSequence
rng_left_13_2,commons-rng,ProvidersCommonParametricTest,testUnrestorable_2_oe,commons-rng-simple/src/test/java/org/apache/commons/rng/simple/ProvidersCommonParametricTest.java,,,,assert,unknown,standard,assertThrows
rng_left_14_1,commons-rng,ProvidersCommonParametricTest,testSerializingState_1_oe,commons-rng-simple/src/test/java/org/apache/commons/rng/simple/ProvidersCommonParametricTest.java,,,,assert,unknown,standard,assertNotEquals
rng_left_14_2,commons-rng,ProvidersCommonParametricTest,testSerializingState_2_oe,commons-rng-simple/src/test/java/org/apache/commons/rng/simple/ProvidersCommonParametricTest.java,,,,assert,unknown,standard,assertNotEquals
rng_left_14_3,commons-rng,ProvidersCommonParametricTest,testSerializingState_3_oe,commons-rng-simple/src/test/java/org/apache/commons/rng/simple/ProvidersCommonParametricTest.java,,,,assert,unknown,standard,assertNotSame
rng_left_14_4,commons-rng,ProvidersCommonParametricTest,testSerializingState_4_oe,commons-rng-simple/src/test/java/org/apache/commons/rng/simple/ProvidersCommonParametricTest.java,,,,assert,unknown,standard,assertNotSame
rng_left_14_5,commons-rng,ProvidersCommonParametricTest,testSerializingState_5_oe,commons-rng-simple/src/test/java/org/apache/commons/rng/simple/ProvidersCommonParametricTest.java,,,,assert,unknown,standard,assertEquals
rng_left_15_1,commons-rng,ProvidersCommonParametricTest,testUnrestorableToString_1_oe,commons-rng-simple/src/test/java/org/apache/commons/rng/simple/ProvidersCommonParametricTest.java,,,,assert,unknown,standard,assertEquals
rng_left_16_1,commons-rng,ProvidersCommonParametricTest,testSupportedInterfaces_1_oe,commons-rng-simple/src/test/java/org/apache/commons/rng/simple/ProvidersCommonParametricTest.java,,,,assert,unknown,standard,assertEquals
rng_left_16_2,commons-rng,ProvidersCommonParametricTest,testSupportedInterfaces_2_oe,commons-rng-simple/src/test/java/org/apache/commons/rng/simple/ProvidersCommonParametricTest.java,,,,assert,unknown,standard,assertEquals
rng_left_17_1,commons-rng,ProvidersCommonParametricTest,checkNextInRange_1_oe,,,,,assert,unknown,standard,assertTrue
rng_left_17_2,commons-rng,ProvidersCommonParametricTest,checkNextInRange_2_oe,,,,,assert,unknown,standard,fail
rng_left_18_1,commons-rng,RandomSourceTest,testCreateInt_1_oe,commons-rng-simple/src/test/java/org/apache/commons/rng/simple/RandomSourceTest.java,,,,assert,unknown,standard,assertNotEquals
rng_left_19_1,commons-rng,RandomSourceTest,testCreateLong_1_oe,commons-rng-simple/src/test/java/org/apache/commons/rng/simple/RandomSourceTest.java,,,,assert,unknown,standard,assertNotEquals
rng_left_20_1,commons-rng,RandomSourceTest,testCreateIntArray_1_oe,commons-rng-simple/src/test/java/org/apache/commons/rng/simple/RandomSourceTest.java,,,,assert,unknown,standard,assertEquals
rng_left_20_2,commons-rng,RandomSourceTest,testCreateIntArray_2_oe,commons-rng-simple/src/test/java/org/apache/commons/rng/simple/RandomSourceTest.java,,,,assert,unknown,standard,assertNotEquals
rng_left_21_1,commons-rng,RandomSourceTest,testCreateLongArray_1_oe,commons-rng-simple/src/test/java/org/apache/commons/rng/simple/RandomSourceTest.java,,,,assert,unknown,standard,assertEquals
rng_left_21_2,commons-rng,RandomSourceTest,testCreateLongArray_2_oe,commons-rng-simple/src/test/java/org/apache/commons/rng/simple/RandomSourceTest.java,,,,assert,unknown,standard,assertNotEquals
rng_left_22_1,commons-rng,RandomSourceTest,testIsJumpable_1_oe,commons-rng-simple/src/test/java/org/apache/commons/rng/simple/RandomSourceTest.java,,,,assert,unknown,standard,assertFalse
rng_left_22_2,commons-rng,RandomSourceTest,testIsJumpable_2_oe,commons-rng-simple/src/test/java/org/apache/commons/rng/simple/RandomSourceTest.java,,,,assert,unknown,standard,assertTrue
rng_left_22_3,commons-rng,RandomSourceTest,testIsJumpable_3_oe,commons-rng-simple/src/test/java/org/apache/commons/rng/simple/RandomSourceTest.java,,,,assert,unknown,standard,assertTrue
rng_left_23_1,commons-rng,RandomSourceTest,testIsLongJumpable_1_oe,commons-rng-simple/src/test/java/org/apache/commons/rng/simple/RandomSourceTest.java,,,,assert,unknown,standard,assertFalse
rng_left_23_2,commons-rng,RandomSourceTest,testIsLongJumpable_2_oe,commons-rng-simple/src/test/java/org/apache/commons/rng/simple/RandomSourceTest.java,,,,assert,unknown,standard,assertFalse
rng_left_23_3,commons-rng,RandomSourceTest,testIsLongJumpable_3_oe,commons-rng-simple/src/test/java/org/apache/commons/rng/simple/RandomSourceTest.java,,,,assert,unknown,standard,assertTrue
rng_left_24_1,commons-rng,RandomAssert,assertProduceSameSequence_1_oe,,,,,assert,unknown,custom,assertProduceSameSequence
rng_left_24_2,commons-rng,RandomAssert,assertProduceSameSequence_2_oe,,,,,assert,unknown,standard,assertEquals
rng_left_24_3,commons-rng,RandomAssert,assertProduceSameSequence_3_oe,,,,,assert,unknown,standard,assertEquals
rng_left_24_4,commons-rng,RandomAssert,assertProduceSameSequence_4_oe,,,,,assert,unknown,standard,assertEquals
rng_left_24_5,commons-rng,RandomAssert,assertProduceSameSequence_5_oe,,,,,assert,unknown,standard,assertEquals
rng_left_24_6,commons-rng,RandomAssert,assertProduceSameSequence_6_oe,,,,,assert,unknown,standard,assertEquals
rng_left_24_7,commons-rng,RandomAssert,assertProduceSameSequence_7_oe,,,,,assert,unknown,standard,assertEquals
rng_left_24_8,commons-rng,RandomAssert,assertProduceSameSequence_8_oe,,,,,assert,unknown,standard,assertEquals
rng_left_24_9,commons-rng,RandomAssert,assertProduceSameSequence_9_oe,,,,,assert,unknown,standard,assertArrayEquals
rng_left_24_10,commons-rng,RandomAssert,assertProduceSameSequence_10_oe,,,,,assert,unknown,standard,assertArrayEquals
rng_left_25_1,commons-rng,JDKRandomBridgeTest,testJDKRandomEquivalence_1_oe,commons-rng-simple/src/test/java/org/apache/commons/rng/simple/JDKRandomBridgeTest.java,,,,assert,unknown,standard,assertNotEquals
rng_left_26_1,commons-rng,JDKRandomBridgeTest,checkSameSequence_1_oe,,,,,assert,unknown,standard,assertEquals
rng_left_26_2,commons-rng,JDKRandomBridgeTest,checkSameSequence_2_oe,,,,,assert,unknown,standard,assertEquals
rng_left_26_3,commons-rng,JDKRandomBridgeTest,checkSameSequence_3_oe,,,,,assert,unknown,standard,assertEquals
rng_left_26_4,commons-rng,JDKRandomBridgeTest,checkSameSequence_4_oe,,,,,assert,unknown,standard,assertEquals
rng_left_26_5,commons-rng,JDKRandomBridgeTest,checkSameSequence_5_oe,,,,,assert,unknown,standard,assertEquals
rng_left_26_6,commons-rng,JDKRandomBridgeTest,checkSameSequence_6_oe,,,,,assert,unknown,standard,assertEquals
rng_left_26_7,commons-rng,JDKRandomBridgeTest,checkSameSequence_7_oe,,,,,assert,unknown,standard,assertEquals
rng_left_26_8,commons-rng,JDKRandomBridgeTest,checkSameSequence_8_oe,,,,,assert,unknown,standard,assertEquals
rng_left_27_1,commons-rng,SeedUtilsTest,testCreateIntHexPermutation_1_oe,commons-rng-simple/src/test/java/org/apache/commons/rng/simple/internal/SeedUtilsTest.java,,,,assert,unknown,standard,assertEquals
rng_left_27_2,commons-rng,SeedUtilsTest,testCreateIntHexPermutation_2_oe,commons-rng-simple/src/test/java/org/apache/commons/rng/simple/internal/SeedUtilsTest.java,,,,assert,unknown,standard,assertFalse
rng_left_28_1,commons-rng,SeedUtilsTest,testCreateLongHexPermutation_1_oe,commons-rng-simple/src/test/java/org/apache/commons/rng/simple/internal/SeedUtilsTest.java,,,,assert,unknown,standard,assertEquals
rng_left_28_2,commons-rng,SeedUtilsTest,testCreateLongHexPermutation_2_oe,commons-rng-simple/src/test/java/org/apache/commons/rng/simple/internal/SeedUtilsTest.java,,,,assert,unknown,standard,assertEquals
rng_left_28_3,commons-rng,SeedUtilsTest,testCreateLongHexPermutation_3_oe,commons-rng-simple/src/test/java/org/apache/commons/rng/simple/internal/SeedUtilsTest.java,,,,assert,unknown,standard,assertFalse
rng_left_29_1,commons-rng,NativeSeedTypeParametricTest,testNativeSeedTypeEnum_1_oe,commons-rng-simple/src/test/java/org/apache/commons/rng/simple/internal/NativeSeedTypeParametricTest.java,,,,assert,unknown,standard,assertEquals
rng_left_29_2,commons-rng,NativeSeedTypeParametricTest,testNativeSeedTypeEnum_2_oe,commons-rng-simple/src/test/java/org/apache/commons/rng/simple/internal/NativeSeedTypeParametricTest.java,,,,assert,unknown,standard,assertEquals
rng_left_29_3,commons-rng,NativeSeedTypeParametricTest,testNativeSeedTypeEnum_3_oe,commons-rng-simple/src/test/java/org/apache/commons/rng/simple/internal/NativeSeedTypeParametricTest.java,,,,assert,unknown,standard,assertEquals
rng_left_30_1,commons-rng,NativeSeedTypeParametricTest,testCreateSeed_1_oe,commons-rng-simple/src/test/java/org/apache/commons/rng/simple/internal/NativeSeedTypeParametricTest.java,,,,assert,unknown,standard,assertNotNull
rng_left_30_2,commons-rng,NativeSeedTypeParametricTest,testCreateSeed_2_oe,commons-rng-simple/src/test/java/org/apache/commons/rng/simple/internal/NativeSeedTypeParametricTest.java,,,,assert,unknown,standard,assertEquals
rng_left_30_3,commons-rng,NativeSeedTypeParametricTest,testCreateSeed_3_oe,commons-rng-simple/src/test/java/org/apache/commons/rng/simple/internal/NativeSeedTypeParametricTest.java,,,,assert,unknown,standard,assertEquals
rng_left_31_1,commons-rng,NativeSeedTypeParametricTest,testConvertSeedToBytes_1_oe,commons-rng-simple/src/test/java/org/apache/commons/rng/simple/internal/NativeSeedTypeParametricTest.java,,,,assert,unknown,standard,assertNotNull
rng_left_31_2,commons-rng,NativeSeedTypeParametricTest,testConvertSeedToBytes_2_oe,commons-rng-simple/src/test/java/org/apache/commons/rng/simple/internal/NativeSeedTypeParametricTest.java,,,,assert,unknown,standard,assertNotNull
rng_left_31_3,commons-rng,NativeSeedTypeParametricTest,testConvertSeedToBytes_3_oe,commons-rng-simple/src/test/java/org/apache/commons/rng/simple/internal/NativeSeedTypeParametricTest.java,,,,assert,unknown,standard,assertArrayEquals
rng_left_31_4,commons-rng,NativeSeedTypeParametricTest,testConvertSeedToBytes_4_oe,commons-rng-simple/src/test/java/org/apache/commons/rng/simple/internal/NativeSeedTypeParametricTest.java,,,,assert,unknown,standard,assertEquals
rng_left_32_1,commons-rng,NativeSeedTypeParametricTest,testConvertSupportedSeed_1_oe,commons-rng-simple/src/test/java/org/apache/commons/rng/simple/internal/NativeSeedTypeParametricTest.java,,,,assert,unknown,standard,assertNotNull
rng_left_32_2,commons-rng,NativeSeedTypeParametricTest,testConvertSupportedSeed_2_oe,commons-rng-simple/src/test/java/org/apache/commons/rng/simple/internal/NativeSeedTypeParametricTest.java,,,,assert,unknown,standard,assertEquals
rng_left_33_1,commons-rng,NativeSeedTypeParametricTest,testCannotConvertUnsupportedSeed_1_oe,commons-rng-simple/src/test/java/org/apache/commons/rng/simple/internal/NativeSeedTypeParametricTest.java,,,,assert,unknown,standard,assertThrows
rng_left_34_1,commons-rng,NativeSeedTypeTest,testConvertSeedToBytesUsingNullThrows_1_oe,commons-rng-simple/src/test/java/org/apache/commons/rng/simple/internal/NativeSeedTypeTest.java,,,,assert,unknown,standard,assertThrows
rng_left_35_1,commons-rng,NativeSeedTypeTest,testConvertSeedToBytesUsingByteArray_1_oe,commons-rng-simple/src/test/java/org/apache/commons/rng/simple/internal/NativeSeedTypeTest.java,,,,assert,unknown,standard,assertSame
rng_left_36_1,commons-rng,Long2IntArrayTest,testFixedLengthConversion_1_oe,commons-rng-simple/src/test/java/org/apache/commons/rng/simple/internal/Long2IntArrayTest.java,,,,assert,unknown,standard,assertEquals
rng_left_36_2,commons-rng,Long2IntArrayTest,testFixedLengthConversion_2_oe,commons-rng-simple/src/test/java/org/apache/commons/rng/simple/internal/Long2IntArrayTest.java,,,,assert,unknown,standard,assertNotEquals
rng_left_37_1,commons-rng,RandomSourceInternalParametricTest,testCreateSeed_1_oe,commons-rng-simple/src/test/java/org/apache/commons/rng/simple/internal/RandomSourceInternalParametricTest.java,,,,assert,unknown,standard,assertNotNull
rng_left_37_2,commons-rng,RandomSourceInternalParametricTest,testCreateSeed_2_oe,commons-rng-simple/src/test/java/org/apache/commons/rng/simple/internal/RandomSourceInternalParametricTest.java,,,,assert,unknown,standard,assertEquals
rng_left_37_3,commons-rng,RandomSourceInternalParametricTest,testCreateSeed_3_oe,commons-rng-simple/src/test/java/org/apache/commons/rng/simple/internal/RandomSourceInternalParametricTest.java,,,,assert,unknown,standard,assertTrue
rng_left_38_1,commons-rng,RandomSourceInternalParametricTest,testConvertSupportedSeed_1_oe,commons-rng-simple/src/test/java/org/apache/commons/rng/simple/internal/RandomSourceInternalParametricTest.java,,,,assert,unknown,standard,assertNotNull
rng_left_38_2,commons-rng,RandomSourceInternalParametricTest,testConvertSupportedSeed_2_oe,commons-rng-simple/src/test/java/org/apache/commons/rng/simple/internal/RandomSourceInternalParametricTest.java,,,,assert,unknown,standard,assertEquals
rng_left_38_3,commons-rng,RandomSourceInternalParametricTest,testConvertSupportedSeed_3_oe,commons-rng-simple/src/test/java/org/apache/commons/rng/simple/internal/RandomSourceInternalParametricTest.java,,,,assert,unknown,standard,assertTrue
rng_left_39_1,commons-rng,RandomSourceInternalParametricTest,testCannotConvertUnsupportedSeed_1_oe,commons-rng-simple/src/test/java/org/apache/commons/rng/simple/internal/RandomSourceInternalParametricTest.java,,,,assert,unknown,standard,assertThrows
rng_left_40_1,commons-rng,RandomSourceInternalParametricTest,testCreateSeedBytesSizeIsPositiveAndMultipleOf4Or8_1_oe,commons-rng-simple/src/test/java/org/apache/commons/rng/simple/internal/RandomSourceInternalParametricTest.java,,,,assert,unknown,standard,assertNotEquals
rng_left_40_2,commons-rng,RandomSourceInternalParametricTest,testCreateSeedBytesSizeIsPositiveAndMultipleOf4Or8_2_oe,commons-rng-simple/src/test/java/org/apache/commons/rng/simple/internal/RandomSourceInternalParametricTest.java,,,,assert,unknown,standard,assertEquals
rng_left_40_3,commons-rng,RandomSourceInternalParametricTest,testCreateSeedBytesSizeIsPositiveAndMultipleOf4Or8_3_oe,commons-rng-simple/src/test/java/org/apache/commons/rng/simple/internal/RandomSourceInternalParametricTest.java,,,,assert,unknown,standard,assertEquals
rng_left_40_4,commons-rng,RandomSourceInternalParametricTest,testCreateSeedBytesSizeIsPositiveAndMultipleOf4Or8_4_oe,commons-rng-simple/src/test/java/org/apache/commons/rng/simple/internal/RandomSourceInternalParametricTest.java,,,,assert,unknown,standard,assertEquals
rng_left_40_5,commons-rng,RandomSourceInternalParametricTest,testCreateSeedBytesSizeIsPositiveAndMultipleOf4Or8_5_oe,commons-rng-simple/src/test/java/org/apache/commons/rng/simple/internal/RandomSourceInternalParametricTest.java,,,,assert,unknown,standard,assertEquals
rng_left_40_6,commons-rng,RandomSourceInternalParametricTest,testCreateSeedBytesSizeIsPositiveAndMultipleOf4Or8_6_oe,commons-rng-simple/src/test/java/org/apache/commons/rng/simple/internal/RandomSourceInternalParametricTest.java,,,,assert,unknown,standard,fail
rng_left_41_1,commons-rng,RandomSourceInternalParametricTest,testCreateSeedBytes_1_oe,commons-rng-simple/src/test/java/org/apache/commons/rng/simple/internal/RandomSourceInternalParametricTest.java,,,,assert,unknown,standard,assertNotNull
rng_left_41_2,commons-rng,RandomSourceInternalParametricTest,testCreateSeedBytes_2_oe,commons-rng-simple/src/test/java/org/apache/commons/rng/simple/internal/RandomSourceInternalParametricTest.java,,,,assert,unknown,standard,assertEquals
rng_left_42_1,commons-rng,SeedConverterComposerTest,testComposedCoversion_1_oe,commons-rng-simple/src/test/java/org/apache/commons/rng/simple/internal/SeedConverterComposerTest.java,,,,assert,unknown,standard,assertTrue
rng_left_42_2,commons-rng,SeedConverterComposerTest,testComposedCoversion_2_oe,commons-rng-simple/src/test/java/org/apache/commons/rng/simple/internal/SeedConverterComposerTest.java,,,,assert,unknown,standard,assertEquals
rng_left_43_1,commons-rng,Long2LongArrayTest,testFixedLengthConversion_1_oe,commons-rng-simple/src/test/java/org/apache/commons/rng/simple/internal/Long2LongArrayTest.java,,,,assert,unknown,standard,assertEquals
rng_left_44_1,commons-rng,IntArray2LongArrayTest,testSeedSizeIsMultipleOfLongSize_1_oe,commons-rng-simple/src/test/java/org/apache/commons/rng/simple/internal/IntArray2LongArrayTest.java,,,,assert,unknown,standard,assertEquals
rng_left_45_1,commons-rng,IntArray2LongArrayTest,testSeedSizeIsNotMultipleOfLongSize_1_oe,commons-rng-simple/src/test/java/org/apache/commons/rng/simple/internal/IntArray2LongArrayTest.java,,,,assert,unknown,standard,assertEquals
rng_left_46_1,commons-rng,NoOpConverterTest,testNoOpIntegerCoversion_1_oe,commons-rng-simple/src/test/java/org/apache/commons/rng/simple/internal/NoOpConverterTest.java,,,,assert,unknown,standard,assertSame
rng_left_47_1,commons-rng,NoOpConverterTest,testNoOpLongArrayCoversion_1_oe,commons-rng-simple/src/test/java/org/apache/commons/rng/simple/internal/NoOpConverterTest.java,,,,assert,unknown,standard,assertSame
rng_left_48_1,commons-rng,ByteArray2LongArrayTest,testSeedSizeIsMultipleOfLongSize_1_oe,commons-rng-simple/src/test/java/org/apache/commons/rng/simple/internal/ByteArray2LongArrayTest.java,,,,assert,unknown,standard,assertEquals
rng_left_49_1,commons-rng,ByteArray2LongArrayTest,testSeedSizeIsNotMultipleOfLongSize_1_oe,commons-rng-simple/src/test/java/org/apache/commons/rng/simple/internal/ByteArray2LongArrayTest.java,,,,assert,unknown,standard,assertEquals
rng_left_50_1,commons-rng,ByteArray2IntArrayTest,testSeedSizeIsMultipleOfIntSize_1_oe,commons-rng-simple/src/test/java/org/apache/commons/rng/simple/internal/ByteArray2IntArrayTest.java,,,,assert,unknown,standard,assertEquals
rng_left_51_1,commons-rng,ByteArray2IntArrayTest,testSeedSizeIsNotMultipleOfIntSize_1_oe,commons-rng-simple/src/test/java/org/apache/commons/rng/simple/internal/ByteArray2IntArrayTest.java,,,,assert,unknown,standard,assertEquals
rng_left_52_1,commons-rng,SeedFactoryTest,testCreateLong_1_oe,commons-rng-simple/src/test/java/org/apache/commons/rng/simple/internal/SeedFactoryTest.java,,,,assert,unknown,custom,assertDifferentValues
rng_left_53_1,commons-rng,SeedFactoryTest,testCreateLongArray_1_oe,commons-rng-simple/src/test/java/org/apache/commons/rng/simple/internal/SeedFactoryTest.java,,,,assert,unknown,standard,assertEquals
rng_left_53_2,commons-rng,SeedFactoryTest,testCreateLongArray_2_oe,commons-rng-simple/src/test/java/org/apache/commons/rng/simple/internal/SeedFactoryTest.java,,,,assert,unknown,custom,assertDifferentValues
rng_left_54_1,commons-rng,SeedFactoryTest,testCreateIntArray_1_oe,commons-rng-simple/src/test/java/org/apache/commons/rng/simple/internal/SeedFactoryTest.java,,,,assert,unknown,custom,assertDifferentValues
rng_left_55_1,commons-rng,SeedFactoryTest,assertDifferentValues_1_oe,,,,,assert,unknown,custom,assertDifferentValues
rng_left_55_2,commons-rng,SeedFactoryTest,assertDifferentValues_2_oe,,,,,assert,unknown,standard,fail
rng_left_56_1,commons-rng,SeedFactoryTest,testCreateIntArrayWithCompleteBlockSize_1_oe,commons-rng-simple/src/test/java/org/apache/commons/rng/simple/internal/SeedFactoryTest.java,,,,assert,unknown,custom,assertCreateIntArray
rng_left_57_1,commons-rng,SeedFactoryTest,testCreateIntArrayWithIncompleteBlockSize_1_oe,commons-rng-simple/src/test/java/org/apache/commons/rng/simple/internal/SeedFactoryTest.java,,,,assert,unknown,custom,assertCreateIntArray
rng_left_58_1,commons-rng,SeedFactoryTest,assertCreateIntArray_1_oe,,,,,assert,unknown,custom,assertCreateIntArray
rng_left_58_2,commons-rng,SeedFactoryTest,assertCreateIntArray_2_oe,,,,,assert,unknown,standard,assertEquals
rng_left_58_3,commons-rng,SeedFactoryTest,assertCreateIntArray_3_oe,,,,,assert,unknown,custom,assertMonobit
rng_left_59_1,commons-rng,SeedFactoryTest,testCreateLongArrayWithCompleteBlockSize_1_oe,commons-rng-simple/src/test/java/org/apache/commons/rng/simple/internal/SeedFactoryTest.java,,,,assert,unknown,custom,assertCreateLongArray
rng_left_60_1,commons-rng,SeedFactoryTest,testCreateLongArrayWithIncompleteBlockSize_1_oe,commons-rng-simple/src/test/java/org/apache/commons/rng/simple/internal/SeedFactoryTest.java,,,,assert,unknown,custom,assertCreateLongArray
rng_left_61_1,commons-rng,SeedFactoryTest,assertCreateLongArray_1_oe,,,,,assert,unknown,custom,assertCreateLongArray
rng_left_61_2,commons-rng,SeedFactoryTest,assertCreateLongArray_2_oe,,,,,assert,unknown,standard,assertEquals
rng_left_61_3,commons-rng,SeedFactoryTest,assertCreateLongArray_3_oe,,,,,assert,unknown,custom,assertMonobit
rng_left_62_1,commons-rng,SeedFactoryTest,assertMonobit_1_oe,,,,,assert,unknown,custom,assertMonobit
rng_left_62_2,commons-rng,SeedFactoryTest,assertMonobit_2_oe,,,,,assert,unknown,standard,assertTrue
rng_left_63_1,commons-rng,SeedFactoryTest,testCreateByteArrayWithSizeZero_1_oe,commons-rng-simple/src/test/java/org/apache/commons/rng/simple/internal/SeedFactoryTest.java,,,,assert,unknown,custom,assertCreateByteArray
rng_left_64_1,commons-rng,SeedFactoryTest,testCreateByteArrayIgnoresNonZeroPositions_1_oe,commons-rng-simple/src/test/java/org/apache/commons/rng/simple/internal/SeedFactoryTest.java,,,,assert,unknown,custom,assertCreateByteArray
rng_left_65_1,commons-rng,SeedFactoryTest,assertCreateByteArray_1_oe,,,,,assert,unknown,custom,assertCreateByteArray
rng_left_65_2,commons-rng,SeedFactoryTest,assertCreateByteArray_2_oe,,,,,assert,unknown,standard,assertArrayEquals
rng_left_66_1,commons-rng,SeedFactoryTest,next_1_oe,,,,,assert,unknown,standard,fail
rng_left_67_1,commons-rng,SeedFactoryTest,testCreateByteArrayWithAllZeroBytesUpdatesPosition0_1_oe,commons-rng-simple/src/test/java/org/apache/commons/rng/simple/internal/SeedFactoryTest.java,,,,assert,unknown,standard,assertNotEquals
rng_left_67_2,commons-rng,SeedFactoryTest,testCreateByteArrayWithAllZeroBytesUpdatesPosition0_2_oe,commons-rng-simple/src/test/java/org/apache/commons/rng/simple/internal/SeedFactoryTest.java,,,,assert,unknown,standard,assertEquals
rng_left_68_1,commons-rng,SeedFactoryTest,testEnsureNonZeroIntArrayIgnoresNonZeroPosition0_1_oe,commons-rng-simple/src/test/java/org/apache/commons/rng/simple/internal/SeedFactoryTest.java,,,,assert,unknown,standard,assertEquals
rng_left_68_2,commons-rng,SeedFactoryTest,testEnsureNonZeroIntArrayIgnoresNonZeroPosition0_2_oe,commons-rng-simple/src/test/java/org/apache/commons/rng/simple/internal/SeedFactoryTest.java,,,,assert,unknown,standard,assertEquals
rng_left_69_1,commons-rng,SeedFactoryTest,testEnsureNonZeroIntArrayUpdatesZeroPosition0_1_oe,commons-rng-simple/src/test/java/org/apache/commons/rng/simple/internal/SeedFactoryTest.java,,,,assert,unknown,standard,assertNotEquals
rng_left_69_2,commons-rng,SeedFactoryTest,testEnsureNonZeroIntArrayUpdatesZeroPosition0_2_oe,commons-rng-simple/src/test/java/org/apache/commons/rng/simple/internal/SeedFactoryTest.java,,,,assert,unknown,standard,assertEquals
rng_left_70_1,commons-rng,SeedFactoryTest,testEnsureNonZeroLongArrayIgnoresNonZeroPosition0_1_oe,commons-rng-simple/src/test/java/org/apache/commons/rng/simple/internal/SeedFactoryTest.java,,,,assert,unknown,standard,assertEquals
rng_left_70_2,commons-rng,SeedFactoryTest,testEnsureNonZeroLongArrayIgnoresNonZeroPosition0_2_oe,commons-rng-simple/src/test/java/org/apache/commons/rng/simple/internal/SeedFactoryTest.java,,,,assert,unknown,standard,assertEquals
rng_left_71_1,commons-rng,SeedFactoryTest,testEnsureNonZeroLongArrayUpdatesZeroPosition0_1_oe,commons-rng-simple/src/test/java/org/apache/commons/rng/simple/internal/SeedFactoryTest.java,,,,assert,unknown,standard,assertNotEquals
rng_left_71_2,commons-rng,SeedFactoryTest,testEnsureNonZeroLongArrayUpdatesZeroPosition0_2_oe,commons-rng-simple/src/test/java/org/apache/commons/rng/simple/internal/SeedFactoryTest.java,,,,assert,unknown,standard,assertEquals
rng_left_72_1,commons-rng,SeedFactoryTest,testEnsureNonZeroValue_1_oe,commons-rng-simple/src/test/java/org/apache/commons/rng/simple/internal/SeedFactoryTest.java,,,,assert,unknown,standard,assertEquals
rng_left_72_2,commons-rng,SeedFactoryTest,testEnsureNonZeroValue_2_oe,commons-rng-simple/src/test/java/org/apache/commons/rng/simple/internal/SeedFactoryTest.java,,,,assert,unknown,standard,assertEquals
rng_left_73_1,commons-rng,JumpableProvidersParametricTest,testJumpReturnsACopy_1_oe,commons-rng-core/src/test/java/org/apache/commons/rng/core/JumpableProvidersParametricTest.java,,,,assert,unknown,custom,assertJumpReturnsACopy
rng_left_74_1,commons-rng,JumpableProvidersParametricTest,testLongJumpReturnsACopy_1_oe,commons-rng-core/src/test/java/org/apache/commons/rng/core/JumpableProvidersParametricTest.java,,,,assert,unknown,custom,assertJumpReturnsACopy
rng_left_75_1,commons-rng,JumpableProvidersParametricTest,assertJumpReturnsACopy_1_oe,,,,,assert,unknown,custom,assertJumpReturnsACopy
rng_left_75_2,commons-rng,JumpableProvidersParametricTest,assertJumpReturnsACopy_2_oe,,,,,assert,unknown,standard,assertNotSame
rng_left_75_3,commons-rng,JumpableProvidersParametricTest,assertJumpReturnsACopy_3_oe,,,,,assert,unknown,standard,assertEquals
rng_left_76_1,commons-rng,JumpableProvidersParametricTest,testJumpCopyMatchesPreJumpState_1_oe,commons-rng-core/src/test/java/org/apache/commons/rng/core/JumpableProvidersParametricTest.java,,,,assert,unknown,custom,assertCopyMatchesPreJumpState
rng_left_77_1,commons-rng,JumpableProvidersParametricTest,testLongJumpCopyMatchesPreJumpState_1_oe,commons-rng-core/src/test/java/org/apache/commons/rng/core/JumpableProvidersParametricTest.java,,,,assert,unknown,custom,assertCopyMatchesPreJumpState
rng_left_78_1,commons-rng,JumpableProvidersParametricTest,assertCopyMatchesPreJumpState_1_oe,,,,,assert,unknown,custom,assertCopyMatchesPreJumpState
rng_left_78_2,commons-rng,JumpableProvidersParametricTest,assertCopyMatchesPreJumpState_2_oe,,,,,assert,unknown,standard,assertArrayEquals
rng_left_79_1,commons-rng,JumpableProvidersParametricTest,testJumpResetsDefaultState_1_oe,commons-rng-core/src/test/java/org/apache/commons/rng/core/JumpableProvidersParametricTest.java,,,,assert,unknown,custom,assertJumpResetsDefaultState
rng_left_80_1,commons-rng,JumpableProvidersParametricTest,testLongJumpResetsDefaultState_1_oe,commons-rng-core/src/test/java/org/apache/commons/rng/core/JumpableProvidersParametricTest.java,,,,assert,unknown,custom,assertJumpResetsDefaultState
rng_left_81_1,commons-rng,JumpableProvidersParametricTest,assertJumpResetsDefaultState_1_oe,,,,,assert,unknown,custom,assertJumpResetsDefaultState
rng_left_81_2,commons-rng,JumpableProvidersParametricTest,assertJumpResetsDefaultState_2_oe,,,,,assert,unknown,standard,assertArrayEquals
rng_left_82_1,commons-rng,BaseProviderTest,testStateSizeTooSmall_1_oe,commons-rng-core/src/test/java/org/apache/commons/rng/core/BaseProviderTest.java,,,,assert,unknown,standard,assertThrows
rng_left_83_1,commons-rng,BaseProviderTest,testStateSizeTooLarge_1_oe,commons-rng-core/src/test/java/org/apache/commons/rng/core/BaseProviderTest.java,,,,assert,unknown,standard,assertThrows
rng_left_84_1,commons-rng,BaseProviderTest,testFillStateInt_1_oe,commons-rng-core/src/test/java/org/apache/commons/rng/core/BaseProviderTest.java,,,,assert,unknown,standard,assertEquals
rng_left_84_2,commons-rng,BaseProviderTest,testFillStateInt_2_oe,commons-rng-core/src/test/java/org/apache/commons/rng/core/BaseProviderTest.java,,,,assert,unknown,standard,assertEquals
rng_left_84_3,commons-rng,BaseProviderTest,testFillStateInt_3_oe,commons-rng-core/src/test/java/org/apache/commons/rng/core/BaseProviderTest.java,,,,assert,unknown,standard,assertNotEquals
rng_left_85_1,commons-rng,BaseProviderTest,testFillStateLong_1_oe,commons-rng-core/src/test/java/org/apache/commons/rng/core/BaseProviderTest.java,,,,assert,unknown,standard,assertEquals
rng_left_85_2,commons-rng,BaseProviderTest,testFillStateLong_2_oe,commons-rng-core/src/test/java/org/apache/commons/rng/core/BaseProviderTest.java,,,,assert,unknown,standard,assertEquals
rng_left_85_3,commons-rng,BaseProviderTest,testFillStateLong_3_oe,commons-rng-core/src/test/java/org/apache/commons/rng/core/BaseProviderTest.java,,,,assert,unknown,standard,assertNotEquals
rng_left_86_1,commons-rng,ProvidersCommonParametricTest,testPreconditionNextInt_1_oe,commons-rng-core/src/test/java/org/apache/commons/rng/core/ProvidersCommonParametricTest.java,,,,assert,unknown,standard,assertThrows
rng_left_86_2,commons-rng,ProvidersCommonParametricTest,testPreconditionNextInt_2_oe,commons-rng-core/src/test/java/org/apache/commons/rng/core/ProvidersCommonParametricTest.java,,,,assert,unknown,standard,assertThrows
rng_left_87_1,commons-rng,ProvidersCommonParametricTest,testPreconditionNextLong_1_oe,commons-rng-core/src/test/java/org/apache/commons/rng/core/ProvidersCommonParametricTest.java,,,,assert,unknown,standard,assertThrows
rng_left_87_2,commons-rng,ProvidersCommonParametricTest,testPreconditionNextLong_2_oe,commons-rng-core/src/test/java/org/apache/commons/rng/core/ProvidersCommonParametricTest.java,,,,assert,unknown,standard,assertThrows
rng_left_88_1,commons-rng,ProvidersCommonParametricTest,testPreconditionNextBytes_1_oe,commons-rng-core/src/test/java/org/apache/commons/rng/core/ProvidersCommonParametricTest.java,,,,assert,unknown,standard,assertThrows
rng_left_88_2,commons-rng,ProvidersCommonParametricTest,testPreconditionNextBytes_2_oe,commons-rng-core/src/test/java/org/apache/commons/rng/core/ProvidersCommonParametricTest.java,,,,assert,unknown,standard,assertThrows
rng_left_88_3,commons-rng,ProvidersCommonParametricTest,testPreconditionNextBytes_3_oe,commons-rng-core/src/test/java/org/apache/commons/rng/core/ProvidersCommonParametricTest.java,,,,assert,unknown,standard,assertThrows
rng_left_88_4,commons-rng,ProvidersCommonParametricTest,testPreconditionNextBytes_4_oe,commons-rng-core/src/test/java/org/apache/commons/rng/core/ProvidersCommonParametricTest.java,,,,assert,unknown,standard,assertThrows
rng_left_89_1,commons-rng,ProvidersCommonParametricTest,testUniformNextBytesFullBuffer_1_oe,commons-rng-core/src/test/java/org/apache/commons/rng/core/ProvidersCommonParametricTest.java,,,,assert,unknown,standard,assertTrue
rng_left_90_1,commons-rng,ProvidersCommonParametricTest,testUniformNextBytesPartialBuffer_1_oe,commons-rng-core/src/test/java/org/apache/commons/rng/core/ProvidersCommonParametricTest.java,,,,assert,unknown,standard,assertTrue
rng_left_90_2,commons-rng,ProvidersCommonParametricTest,testUniformNextBytesPartialBuffer_2_oe,commons-rng-core/src/test/java/org/apache/commons/rng/core/ProvidersCommonParametricTest.java,,,,assert,unknown,standard,assertFalse
rng_left_90_3,commons-rng,ProvidersCommonParametricTest,testUniformNextBytesPartialBuffer_3_oe,commons-rng-core/src/test/java/org/apache/commons/rng/core/ProvidersCommonParametricTest.java,,,,assert,unknown,standard,assertFalse
rng_left_91_1,commons-rng,ProvidersCommonParametricTest,testStateSettable_1_oe,commons-rng-core/src/test/java/org/apache/commons/rng/core/ProvidersCommonParametricTest.java,,,,assert,unknown,standard,assertNotEquals
rng_left_91_2,commons-rng,ProvidersCommonParametricTest,testStateSettable_2_oe,commons-rng-core/src/test/java/org/apache/commons/rng/core/ProvidersCommonParametricTest.java,,,,assert,unknown,standard,assertNotEquals
rng_left_91_3,commons-rng,ProvidersCommonParametricTest,testStateSettable_3_oe,commons-rng-core/src/test/java/org/apache/commons/rng/core/ProvidersCommonParametricTest.java,,,,assert,unknown,standard,assertNotSame
rng_left_91_4,commons-rng,ProvidersCommonParametricTest,testStateSettable_4_oe,commons-rng-core/src/test/java/org/apache/commons/rng/core/ProvidersCommonParametricTest.java,,,,assert,unknown,standard,assertEquals
rng_left_92_1,commons-rng,ProvidersCommonParametricTest,testStateWrongSize_1_oe,commons-rng-core/src/test/java/org/apache/commons/rng/core/ProvidersCommonParametricTest.java,,,,assert,unknown,standard,assertThrows
rng_left_93_1,commons-rng,ProvidersCommonParametricTest,testRestoreForeignState_1_oe,commons-rng-core/src/test/java/org/apache/commons/rng/core/ProvidersCommonParametricTest.java,,,,assert,unknown,standard,assertThrows
rng_left_94_1,commons-rng,ProvidersCommonParametricTest,checkRandomWalk_1_oe,,,,,assert,unknown,standard,assertTrue
rng_left_95_1,commons-rng,ProvidersCommonParametricTest,checkNextInRange_1_oe,,,,,assert,unknown,standard,assertTrue
rng_left_95_2,commons-rng,ProvidersCommonParametricTest,checkNextInRange_2_oe,,,,,assert,unknown,standard,fail
rng_left_96_1,commons-rng,ProvidersCommonParametricTest,checkNextBytesChunks_1_oe,,,,,assert,unknown,standard,assertArrayEquals
rng_left_97_1,commons-rng,RandomProviderDefaultStateTest,testConsistency_1_oe,commons-rng-core/src/test/java/org/apache/commons/rng/core/RandomProviderDefaultStateTest.java,,,,assert,unknown,standard,assertArrayEquals
rng_left_98_1,commons-rng,RandomAssert,assertEquals_1_oe,,,,,assert,unknown,standard,assertEquals
rng_left_99_1,commons-rng,RandomAssert,assertEquals_1_oe,,,,,assert,unknown,standard,assertEquals
rng_left_100_1,commons-rng,RandomAssert,assertEquals_1_oe,,,,,assert,unknown,standard,assertEquals
rng_left_100_2,commons-rng,RandomAssert,assertEquals_2_oe,,,,,assert,unknown,standard,assertEquals
rng_left_101_1,commons-rng,RandomAssert,assertEquals_1_oe,,,,,assert,unknown,standard,assertEquals
rng_left_101_2,commons-rng,RandomAssert,assertEquals_2_oe,,,,,assert,unknown,standard,assertEquals
rng_left_102_1,commons-rng,RandomAssert,assertNotEquals_1_oe,,,,,assert,unknown,standard,assertNotEquals
rng_left_102_2,commons-rng,RandomAssert,assertNotEquals_2_oe,,,,,assert,unknown,standard,fail
rng_left_103_1,commons-rng,RandomAssert,assertJumpEquals_1_oe,,,,,assert,unknown,custom,assertJumpEquals
rng_left_103_2,commons-rng,RandomAssert,assertJumpEquals_2_oe,,,,,assert,unknown,standard,assertNotSame
rng_left_103_3,commons-rng,RandomAssert,assertJumpEquals_3_oe,,,,,assert,unknown,standard,assertEquals
rng_left_103_4,commons-rng,RandomAssert,assertJumpEquals_4_oe,,,,,assert,unknown,standard,assertEquals
rng_left_103_5,commons-rng,RandomAssert,assertJumpEquals_5_oe,,,,,assert,unknown,standard,assertEquals
rng_left_104_1,commons-rng,RandomAssert,assertJumpEquals_1_oe,,,,,assert,unknown,custom,assertJumpEquals
rng_left_104_2,commons-rng,RandomAssert,assertJumpEquals_2_oe,,,,,assert,unknown,standard,assertNotSame
rng_left_104_3,commons-rng,RandomAssert,assertJumpEquals_3_oe,,,,,assert,unknown,standard,assertEquals
rng_left_104_4,commons-rng,RandomAssert,assertJumpEquals_4_oe,,,,,assert,unknown,standard,assertEquals
rng_left_104_5,commons-rng,RandomAssert,assertJumpEquals_5_oe,,,,,assert,unknown,standard,assertEquals
rng_left_105_1,commons-rng,RandomAssert,assertLongJumpEquals_1_oe,,,,,assert,unknown,custom,assertLongJumpEquals
rng_left_105_2,commons-rng,RandomAssert,assertLongJumpEquals_2_oe,,,,,assert,unknown,standard,assertNotSame
rng_left_105_3,commons-rng,RandomAssert,assertLongJumpEquals_3_oe,,,,,assert,unknown,standard,assertEquals
rng_left_105_4,commons-rng,RandomAssert,assertLongJumpEquals_4_oe,,,,,assert,unknown,standard,assertEquals
rng_left_105_5,commons-rng,RandomAssert,assertLongJumpEquals_5_oe,,,,,assert,unknown,standard,assertEquals
rng_left_106_1,commons-rng,RandomAssert,assertLongJumpEquals_1_oe,,,,,assert,unknown,custom,assertLongJumpEquals
rng_left_106_2,commons-rng,RandomAssert,assertLongJumpEquals_2_oe,,,,,assert,unknown,standard,assertNotSame
rng_left_106_3,commons-rng,RandomAssert,assertLongJumpEquals_3_oe,,,,,assert,unknown,standard,assertEquals
rng_left_106_4,commons-rng,RandomAssert,assertLongJumpEquals_4_oe,,,,,assert,unknown,standard,assertEquals
rng_left_106_5,commons-rng,RandomAssert,assertLongJumpEquals_5_oe,,,,,assert,unknown,standard,assertEquals
rng_left_107_1,commons-rng,RandomAssert,assertNextIntEquals_1_oe,,,,,assert,unknown,custom,assertNextIntEquals
rng_left_107_2,commons-rng,RandomAssert,assertNextIntEquals_2_oe,,,,,assert,unknown,standard,assertEquals
rng_left_108_1,commons-rng,RandomAssert,assertNextLongEquals_1_oe,,,,,assert,unknown,custom,assertNextLongEquals
rng_left_108_2,commons-rng,RandomAssert,assertNextLongEquals_2_oe,,,,,assert,unknown,standard,assertEquals
rng_left_109_1,commons-rng,RandomAssert,assertNextIntZeroOutput_1_oe,,,,,assert,unknown,custom,assertNextIntZeroOutput
rng_left_109_2,commons-rng,RandomAssert,assertNextIntZeroOutput_2_oe,,,,,assert,unknown,standard,assertEquals
rng_left_110_1,commons-rng,RandomAssert,assertNextLongZeroOutput_1_oe,,,,,assert,unknown,custom,assertNextLongZeroOutput
rng_left_110_2,commons-rng,RandomAssert,assertNextLongZeroOutput_2_oe,,,,,assert,unknown,standard,assertEquals
rng_left_111_1,commons-rng,RandomAssert,assertNextLongNonZeroOutput_1_oe,,,,,assert,unknown,custom,assertNextLongNonZeroOutput
rng_left_111_2,commons-rng,RandomAssert,assertNextLongNonZeroOutput_2_oe,,,,,assert,unknown,standard,fail
rng_left_112_1,commons-rng,RandomAssert,assertNextLongNonZeroOutputFromSingleBitSeed_1_oe,,,,,assert,unknown,custom,assertNextLongNonZeroOutputFromSingleBitSeed
rng_left_112_2,commons-rng,RandomAssert,assertNextLongNonZeroOutputFromSingleBitSeed_2_oe,,,,,assert,unknown,standard,fail
rng_left_113_1,commons-rng,RandomAssert,assertIntArrayConstructorWithSingleBitSeedIsFunctional_1_oe,,,,,assert,unknown,custom,assertIntArrayConstructorWithSingleBitSeedIsFunctional
rng_left_114_1,commons-rng,RandomAssert,assertIntArrayConstructorWithSingleBitInPoolIsFunctional_1_oe,,,,,assert,unknown,custom,assertIntArrayConstructorWithSingleBitInPoolIsFunctional
rng_left_114_2,commons-rng,RandomAssert,assertIntArrayConstructorWithSingleBitInPoolIsFunctional_2_oe,,,,,assert,unknown,custom,assertNextLongNonZeroOutputFromSingleBitSeed
rng_left_114_3,commons-rng,RandomAssert,assertIntArrayConstructorWithSingleBitInPoolIsFunctional_3_oe,,,,,assert,unknown,standard,assertEquals
rng_left_114_4,commons-rng,RandomAssert,assertIntArrayConstructorWithSingleBitInPoolIsFunctional_4_oe,,,,,assert,unknown,standard,fail
rng_left_115_1,commons-rng,RandomAssert,assertLongArrayConstructorWithSingleBitSeedIsFunctional_1_oe,,,,,assert,unknown,custom,assertLongArrayConstructorWithSingleBitSeedIsFunctional
rng_left_115_2,commons-rng,RandomAssert,assertLongArrayConstructorWithSingleBitSeedIsFunctional_2_oe,,,,,assert,unknown,custom,assertNextLongNonZeroOutputFromSingleBitSeed
rng_left_115_3,commons-rng,RandomAssert,assertLongArrayConstructorWithSingleBitSeedIsFunctional_3_oe,,,,,assert,unknown,standard,assertEquals
rng_left_115_4,commons-rng,RandomAssert,assertLongArrayConstructorWithSingleBitSeedIsFunctional_4_oe,,,,,assert,unknown,standard,fail
rng_left_116_1,commons-rng,Well1024aTest,testReferenceCode_1_oe,commons-rng-core/src/test/java/org/apache/commons/rng/core/source32/Well1024aTest.java,,,,assert,unknown,standard,assertEquals
rng_left_117_1,commons-rng,Well1024aTest,testConstructorWithZeroSeedIsNonFunctional_1_oe,commons-rng-core/src/test/java/org/apache/commons/rng/core/source32/Well1024aTest.java,,,,assert,unknown,custom,assertNextIntZeroOutput
rng_left_118_1,commons-rng,Well1024aTest,testConstructorWithSingleBitSeedIsFunctional_1_oe,commons-rng-core/src/test/java/org/apache/commons/rng/core/source32/Well1024aTest.java,,,,assert,unknown,custom,assertIntArrayConstructorWithSingleBitSeedIsFunctional
rng_left_119_1,commons-rng,XoRoShiRo64StarStarTest,testReferenceCode_1_oe,commons-rng-core/src/test/java/org/apache/commons/rng/core/source32/XoRoShiRo64StarStarTest.java,,,,assert,unknown,standard,assertEquals
rng_left_120_1,commons-rng,XoRoShiRo64StarStarTest,testConstructorWithZeroSeedIsNonFunctional_1_oe,commons-rng-core/src/test/java/org/apache/commons/rng/core/source32/XoRoShiRo64StarStarTest.java,,,,assert,unknown,custom,assertNextIntZeroOutput
rng_left_121_1,commons-rng,XoRoShiRo64StarStarTest,testConstructorWithSingleBitSeedIsFunctional_1_oe,commons-rng-core/src/test/java/org/apache/commons/rng/core/source32/XoRoShiRo64StarStarTest.java,,,,assert,unknown,custom,assertIntArrayConstructorWithSingleBitSeedIsFunctional
rng_left_122_1,commons-rng,XoRoShiRo64StarStarTest,testConstructorWithoutFullLengthSeed_1_oe,commons-rng-core/src/test/java/org/apache/commons/rng/core/source32/XoRoShiRo64StarStarTest.java,,,,assert,unknown,custom,assertNextLongNonZeroOutput
rng_left_123_1,commons-rng,XoRoShiRo64StarStarTest,testElementConstructor_1_oe,commons-rng-core/src/test/java/org/apache/commons/rng/core/source32/XoRoShiRo64StarStarTest.java,,,,assert,unknown,custom,assertNextIntEquals
rng_left_124_1,commons-rng,XoShiRo128StarStarTest,testReferenceCode_1_oe,commons-rng-core/src/test/java/org/apache/commons/rng/core/source32/XoShiRo128StarStarTest.java,,,,assert,unknown,standard,assertEquals
rng_left_125_1,commons-rng,XoShiRo128StarStarTest,testConstructorWithZeroSeedIsNonFunctional_1_oe,commons-rng-core/src/test/java/org/apache/commons/rng/core/source32/XoShiRo128StarStarTest.java,,,,assert,unknown,custom,assertNextIntZeroOutput
rng_left_126_1,commons-rng,XoShiRo128StarStarTest,testConstructorWithSingleBitSeedIsFunctional_1_oe,commons-rng-core/src/test/java/org/apache/commons/rng/core/source32/XoShiRo128StarStarTest.java,,,,assert,unknown,custom,assertIntArrayConstructorWithSingleBitSeedIsFunctional
rng_left_127_1,commons-rng,XoShiRo128StarStarTest,testConstructorWithoutFullLengthSeed_1_oe,commons-rng-core/src/test/java/org/apache/commons/rng/core/source32/XoShiRo128StarStarTest.java,,,,assert,unknown,custom,assertNextLongNonZeroOutput
rng_left_128_1,commons-rng,XoShiRo128StarStarTest,testElementConstructor_1_oe,commons-rng-core/src/test/java/org/apache/commons/rng/core/source32/XoShiRo128StarStarTest.java,,,,assert,unknown,custom,assertNextIntEquals
rng_left_129_1,commons-rng,XoShiRo128StarStarTest,testJump_1_oe,commons-rng-core/src/test/java/org/apache/commons/rng/core/source32/XoShiRo128StarStarTest.java,,,,assert,unknown,custom,assertJumpEquals
rng_left_130_1,commons-rng,XoShiRo128StarStarTest,testLongJump_1_oe,commons-rng-core/src/test/java/org/apache/commons/rng/core/source32/XoShiRo128StarStarTest.java,,,,assert,unknown,custom,assertLongJumpEquals
rng_left_131_1,commons-rng,XoShiRo128PlusTest,testReferenceCode_1_oe,commons-rng-core/src/test/java/org/apache/commons/rng/core/source32/XoShiRo128PlusTest.java,,,,assert,unknown,standard,assertEquals
rng_left_132_1,commons-rng,XoShiRo128PlusTest,testConstructorWithZeroSeedIsNonFunctional_1_oe,commons-rng-core/src/test/java/org/apache/commons/rng/core/source32/XoShiRo128PlusTest.java,,,,assert,unknown,custom,assertNextIntZeroOutput
rng_left_133_1,commons-rng,XoShiRo128PlusTest,testConstructorWithSingleBitSeedIsFunctional_1_oe,commons-rng-core/src/test/java/org/apache/commons/rng/core/source32/XoShiRo128PlusTest.java,,,,assert,unknown,custom,assertIntArrayConstructorWithSingleBitSeedIsFunctional
rng_left_134_1,commons-rng,XoShiRo128PlusTest,testConstructorWithoutFullLengthSeed_1_oe,commons-rng-core/src/test/java/org/apache/commons/rng/core/source32/XoShiRo128PlusTest.java,,,,assert,unknown,custom,assertNextLongNonZeroOutput
rng_left_135_1,commons-rng,XoShiRo128PlusTest,testElementConstructor_1_oe,commons-rng-core/src/test/java/org/apache/commons/rng/core/source32/XoShiRo128PlusTest.java,,,,assert,unknown,custom,assertNextIntEquals
rng_left_136_1,commons-rng,XoShiRo128PlusTest,testJump_1_oe,commons-rng-core/src/test/java/org/apache/commons/rng/core/source32/XoShiRo128PlusTest.java,,,,assert,unknown,custom,assertJumpEquals
rng_left_137_1,commons-rng,XoShiRo128PlusTest,testLongJump_1_oe,commons-rng-core/src/test/java/org/apache/commons/rng/core/source32/XoShiRo128PlusTest.java,,,,assert,unknown,custom,assertLongJumpEquals
rng_left_138_1,commons-rng,ISAACRandomTest,testReference1_1_oe,commons-rng-core/src/test/java/org/apache/commons/rng/core/source32/ISAACRandomTest.java,,,,assert,unknown,standard,assertEquals
rng_left_139_1,commons-rng,ISAACRandomTest,testReference2_1_oe,commons-rng-core/src/test/java/org/apache/commons/rng/core/source32/ISAACRandomTest.java,,,,assert,unknown,standard,assertEquals
rng_left_140_1,commons-rng,XoRoShiRo64StarTest,testReferenceCode_1_oe,commons-rng-core/src/test/java/org/apache/commons/rng/core/source32/XoRoShiRo64StarTest.java,,,,assert,unknown,standard,assertEquals
rng_left_141_1,commons-rng,XoRoShiRo64StarTest,testConstructorWithZeroSeedIsNonFunctional_1_oe,commons-rng-core/src/test/java/org/apache/commons/rng/core/source32/XoRoShiRo64StarTest.java,,,,assert,unknown,custom,assertNextIntZeroOutput
rng_left_142_1,commons-rng,XoRoShiRo64StarTest,testConstructorWithSingleBitSeedIsFunctional_1_oe,commons-rng-core/src/test/java/org/apache/commons/rng/core/source32/XoRoShiRo64StarTest.java,,,,assert,unknown,custom,assertIntArrayConstructorWithSingleBitSeedIsFunctional
rng_left_143_1,commons-rng,XoRoShiRo64StarTest,testConstructorWithoutFullLengthSeed_1_oe,commons-rng-core/src/test/java/org/apache/commons/rng/core/source32/XoRoShiRo64StarTest.java,,,,assert,unknown,custom,assertNextLongNonZeroOutput
rng_left_144_1,commons-rng,XoRoShiRo64StarTest,testElementConstructor_1_oe,commons-rng-core/src/test/java/org/apache/commons/rng/core/source32/XoRoShiRo64StarTest.java,,,,assert,unknown,custom,assertNextIntEquals
rng_left_145_1,commons-rng,DotyHumphreySmallFastCounting32Test,testReferenceCode_1_oe,commons-rng-core/src/test/java/org/apache/commons/rng/core/source32/DotyHumphreySmallFastCounting32Test.java,,,,assert,unknown,standard,assertEquals
rng_left_146_1,commons-rng,PcgXshRr32Test,testReferenceCode_1_oe,commons-rng-core/src/test/java/org/apache/commons/rng/core/source32/PcgXshRr32Test.java,,,,assert,unknown,standard,assertEquals
rng_left_147_1,commons-rng,PcgXshRr32Test,testReferenceCodeFixedIncrement_1_oe,commons-rng-core/src/test/java/org/apache/commons/rng/core/source32/PcgXshRr32Test.java,,,,assert,unknown,standard,assertEquals
rng_left_148_1,commons-rng,Well44497bTest,testReferenceCode_1_oe,commons-rng-core/src/test/java/org/apache/commons/rng/core/source32/Well44497bTest.java,,,,assert,unknown,standard,assertEquals
rng_left_149_1,commons-rng,Well44497bTest,testConstructorWithZeroSeedIsNonFunctional_1_oe,commons-rng-core/src/test/java/org/apache/commons/rng/core/source32/Well44497bTest.java,,,,assert,unknown,custom,assertNextIntZeroOutput
rng_left_150_1,commons-rng,Well44497bTest,testConstructorWithSingleBitSeedIsFunctional_1_oe,commons-rng-core/src/test/java/org/apache/commons/rng/core/source32/Well44497bTest.java,,,,assert,unknown,custom,assertIntArrayConstructorWithSingleBitInPoolIsFunctional
rng_left_151_1,commons-rng,PcgMcgXshRr32Test,testReferenceCode_1_oe,commons-rng-core/src/test/java/org/apache/commons/rng/core/source32/PcgMcgXshRr32Test.java,,,,assert,unknown,standard,assertEquals
rng_left_152_1,commons-rng,Well19937aTest,testReferenceCode_1_oe,commons-rng-core/src/test/java/org/apache/commons/rng/core/source32/Well19937aTest.java,,,,assert,unknown,standard,assertEquals
rng_left_153_1,commons-rng,Well19937aTest,testConstructorWithZeroSeedIsNonFunctional_1_oe,commons-rng-core/src/test/java/org/apache/commons/rng/core/source32/Well19937aTest.java,,,,assert,unknown,custom,assertNextIntZeroOutput
rng_left_154_1,commons-rng,Well19937aTest,testConstructorWithSingleBitSeedIsFunctional_1_oe,commons-rng-core/src/test/java/org/apache/commons/rng/core/source32/Well19937aTest.java,,,,assert,unknown,custom,assertIntArrayConstructorWithSingleBitInPoolIsFunctional
rng_left_155_1,commons-rng,Well512aTest,testReferenceCode_1_oe,commons-rng-core/src/test/java/org/apache/commons/rng/core/source32/Well512aTest.java,,,,assert,unknown,standard,assertEquals
rng_left_156_1,commons-rng,Well512aTest,testConstructorWithZeroSeedIsNonFunctional_1_oe,commons-rng-core/src/test/java/org/apache/commons/rng/core/source32/Well512aTest.java,,,,assert,unknown,custom,assertNextIntZeroOutput
rng_left_157_1,commons-rng,Well512aTest,testConstructorWithSingleBitSeedIsFunctional_1_oe,commons-rng-core/src/test/java/org/apache/commons/rng/core/source32/Well512aTest.java,,,,assert,unknown,custom,assertIntArrayConstructorWithSingleBitSeedIsFunctional
rng_left_158_1,commons-rng,XoShiRo128PlusPlusTest,testReferenceCode_1_oe,commons-rng-core/src/test/java/org/apache/commons/rng/core/source32/XoShiRo128PlusPlusTest.java,,,,assert,unknown,standard,assertEquals
rng_left_159_1,commons-rng,XoShiRo128PlusPlusTest,testConstructorWithZeroSeedIsNonFunctional_1_oe,commons-rng-core/src/test/java/org/apache/commons/rng/core/source32/XoShiRo128PlusPlusTest.java,,,,assert,unknown,custom,assertNextIntZeroOutput
rng_left_160_1,commons-rng,XoShiRo128PlusPlusTest,testConstructorWithSingleBitSeedIsFunctional_1_oe,commons-rng-core/src/test/java/org/apache/commons/rng/core/source32/XoShiRo128PlusPlusTest.java,,,,assert,unknown,custom,assertIntArrayConstructorWithSingleBitSeedIsFunctional
rng_left_161_1,commons-rng,XoShiRo128PlusPlusTest,testConstructorWithoutFullLengthSeed_1_oe,commons-rng-core/src/test/java/org/apache/commons/rng/core/source32/XoShiRo128PlusPlusTest.java,,,,assert,unknown,custom,assertNextLongNonZeroOutput
rng_left_162_1,commons-rng,XoShiRo128PlusPlusTest,testElementConstructor_1_oe,commons-rng-core/src/test/java/org/apache/commons/rng/core/source32/XoShiRo128PlusPlusTest.java,,,,assert,unknown,custom,assertNextIntEquals
rng_left_163_1,commons-rng,XoShiRo128PlusPlusTest,testJump_1_oe,commons-rng-core/src/test/java/org/apache/commons/rng/core/source32/XoShiRo128PlusPlusTest.java,,,,assert,unknown,custom,assertJumpEquals
rng_left_164_1,commons-rng,XoShiRo128PlusPlusTest,testLongJump_1_oe,commons-rng-core/src/test/java/org/apache/commons/rng/core/source32/XoShiRo128PlusPlusTest.java,,,,assert,unknown,custom,assertLongJumpEquals
rng_left_165_1,commons-rng,MiddleSquareWeylSequenceTest,testReferenceCode_1_oe,commons-rng-core/src/test/java/org/apache/commons/rng/core/source32/MiddleSquareWeylSequenceTest.java,,,,assert,unknown,standard,assertEquals
rng_left_166_1,commons-rng,MiddleSquareWeylSequenceTest,testSelfSeeding_1_oe,commons-rng-core/src/test/java/org/apache/commons/rng/core/source32/MiddleSquareWeylSequenceTest.java,,,,assert,unknown,custom,assertNextLongNonZeroOutput
rng_left_167_1,commons-rng,MiddleSquareWeylSequenceTest,testNextLong_1_oe,commons-rng-core/src/test/java/org/apache/commons/rng/core/source32/MiddleSquareWeylSequenceTest.java,,,,assert,unknown,standard,assertEquals
rng_left_168_1,commons-rng,PcgXshRs32Test,testReferenceCode_1_oe,commons-rng-core/src/test/java/org/apache/commons/rng/core/source32/PcgXshRs32Test.java,,,,assert,unknown,standard,assertEquals
rng_left_169_1,commons-rng,PcgXshRs32Test,testReferenceCodeFixedIncrement_1_oe,commons-rng-core/src/test/java/org/apache/commons/rng/core/source32/PcgXshRs32Test.java,,,,assert,unknown,standard,assertEquals
rng_left_170_1,commons-rng,IntProviderTest,testNextBoolean_1_oe,commons-rng-core/src/test/java/org/apache/commons/rng/core/source32/IntProviderTest.java,,,,assert,unknown,standard,assertEquals
rng_left_170_2,commons-rng,IntProviderTest,testNextBoolean_2_oe,commons-rng-core/src/test/java/org/apache/commons/rng/core/source32/IntProviderTest.java,,,,assert,unknown,standard,assertEquals
rng_left_171_1,commons-rng,Well44497aTest,testReferenceCode_1_oe,commons-rng-core/src/test/java/org/apache/commons/rng/core/source32/Well44497aTest.java,,,,assert,unknown,standard,assertEquals
rng_left_172_1,commons-rng,Well44497aTest,testConstructorWithZeroSeedIsNonFunctional_1_oe,commons-rng-core/src/test/java/org/apache/commons/rng/core/source32/Well44497aTest.java,,,,assert,unknown,custom,assertNextIntZeroOutput
rng_left_173_1,commons-rng,Well44497aTest,testConstructorWithSingleBitSeedIsFunctional_1_oe,commons-rng-core/src/test/java/org/apache/commons/rng/core/source32/Well44497aTest.java,,,,assert,unknown,custom,assertIntArrayConstructorWithSingleBitInPoolIsFunctional
rng_left_174_1,commons-rng,PcgMcgXshRs32Test,testReferenceCode_1_oe,commons-rng-core/src/test/java/org/apache/commons/rng/core/source32/PcgMcgXshRs32Test.java,,,,assert,unknown,standard,assertEquals
rng_left_175_1,commons-rng,SerializableTestObject,readObject_1_oe,,,,,assert,unknown,standard,fail
rng_left_176_1,commons-rng,JDKRandomTest,testReferenceCode_1_oe,commons-rng-core/src/test/java/org/apache/commons/rng/core/source32/JDKRandomTest.java,,,,assert,unknown,standard,assertEquals
rng_left_177_1,commons-rng,JDKRandomTest,testRestoreToNewInstance_1_oe,commons-rng-core/src/test/java/org/apache/commons/rng/core/source32/JDKRandomTest.java,,,,assert,unknown,standard,assertNotEquals
rng_left_177_2,commons-rng,JDKRandomTest,testRestoreToNewInstance_2_oe,commons-rng-core/src/test/java/org/apache/commons/rng/core/source32/JDKRandomTest.java,,,,assert,unknown,custom,assertNextIntEquals
rng_left_178_1,commons-rng,JDKRandomTest,testRestoreWithInvalidClass_1_oe,commons-rng-core/src/test/java/org/apache/commons/rng/core/source32/JDKRandomTest.java,,,,assert,unknown,standard,assertThrows
rng_left_179_1,commons-rng,MultiplyWithCarry256Test,testMarsaglia_1_oe,commons-rng-core/src/test/java/org/apache/commons/rng/core/source32/MultiplyWithCarry256Test.java,,,,assert,unknown,standard,assertEquals
rng_left_180_1,commons-rng,MultiplyWithCarry256Test,testConstructorWithZeroSeedIsNonFunctional_1_oe,commons-rng-core/src/test/java/org/apache/commons/rng/core/source32/MultiplyWithCarry256Test.java,,,,assert,unknown,custom,assertNextIntZeroOutput
rng_left_181_1,commons-rng,MultiplyWithCarry256Test,testConstructorWithSingleBitSeedIsFunctional_1_oe,commons-rng-core/src/test/java/org/apache/commons/rng/core/source32/MultiplyWithCarry256Test.java,,,,assert,unknown,custom,assertIntArrayConstructorWithSingleBitSeedIsFunctional
rng_left_182_1,commons-rng,MersenneTwisterTest,testMakotoNishimura_1_oe,commons-rng-core/src/test/java/org/apache/commons/rng/core/source32/MersenneTwisterTest.java,,,,assert,unknown,standard,assertEquals
rng_left_183_1,commons-rng,MersenneTwisterTest,testConstructorWithEmptySeed_1_oe,commons-rng-core/src/test/java/org/apache/commons/rng/core/source32/MersenneTwisterTest.java,,,,assert,unknown,standard,assertNotEquals
rng_left_184_1,commons-rng,KISSRandomTest,testMarsaglia_1_oe,commons-rng-core/src/test/java/org/apache/commons/rng/core/source32/KISSRandomTest.java,,,,assert,unknown,standard,assertEquals
rng_left_185_1,commons-rng,Well19937cTest,testReferenceCode_1_oe,commons-rng-core/src/test/java/org/apache/commons/rng/core/source32/Well19937cTest.java,,,,assert,unknown,standard,assertEquals
rng_left_186_1,commons-rng,Well19937cTest,testConstructorWithZeroSeedIsNonFunctional_1_oe,commons-rng-core/src/test/java/org/apache/commons/rng/core/source32/Well19937cTest.java,,,,assert,unknown,custom,assertNextIntZeroOutput
rng_left_187_1,commons-rng,Well19937cTest,testConstructorWithSingleBitSeedIsFunctional_1_oe,commons-rng-core/src/test/java/org/apache/commons/rng/core/source32/Well19937cTest.java,,,,assert,unknown,custom,assertIntArrayConstructorWithSingleBitInPoolIsFunctional
rng_left_188_1,commons-rng,JenkinsSmallFast32Test,testReferenceCode_1_oe,commons-rng-core/src/test/java/org/apache/commons/rng/core/source32/JenkinsSmallFast32Test.java,,,,assert,unknown,standard,assertEquals
rng_left_189_1,commons-rng,XoRoShiRo128StarStarTest,testReferenceCode_1_oe,commons-rng-core/src/test/java/org/apache/commons/rng/core/source64/XoRoShiRo128StarStarTest.java,,,,assert,unknown,standard,assertEquals
rng_left_190_1,commons-rng,XoRoShiRo128StarStarTest,testConstructorWithZeroSeedIsNonFunctional_1_oe,commons-rng-core/src/test/java/org/apache/commons/rng/core/source64/XoRoShiRo128StarStarTest.java,,,,assert,unknown,custom,assertNextIntZeroOutput
rng_left_191_1,commons-rng,XoRoShiRo128StarStarTest,testConstructorWithSingleBitSeedIsFunctional_1_oe,commons-rng-core/src/test/java/org/apache/commons/rng/core/source64/XoRoShiRo128StarStarTest.java,,,,assert,unknown,custom,assertLongArrayConstructorWithSingleBitSeedIsFunctional
rng_left_192_1,commons-rng,XoRoShiRo128StarStarTest,testConstructorWithoutFullLengthSeed_1_oe,commons-rng-core/src/test/java/org/apache/commons/rng/core/source64/XoRoShiRo128StarStarTest.java,,,,assert,unknown,custom,assertNextLongNonZeroOutput
rng_left_193_1,commons-rng,XoRoShiRo128StarStarTest,testElementConstructor_1_oe,commons-rng-core/src/test/java/org/apache/commons/rng/core/source64/XoRoShiRo128StarStarTest.java,,,,assert,unknown,custom,assertNextLongEquals
rng_left_194_1,commons-rng,XoRoShiRo128StarStarTest,testJump_1_oe,commons-rng-core/src/test/java/org/apache/commons/rng/core/source64/XoRoShiRo128StarStarTest.java,,,,assert,unknown,custom,assertJumpEquals
rng_left_195_1,commons-rng,XoRoShiRo128StarStarTest,testLongJump_1_oe,commons-rng-core/src/test/java/org/apache/commons/rng/core/source64/XoRoShiRo128StarStarTest.java,,,,assert,unknown,custom,assertLongJumpEquals
rng_left_196_1,commons-rng,XoRoShiRo128PlusPlusTest,testReferenceCode_1_oe,commons-rng-core/src/test/java/org/apache/commons/rng/core/source64/XoRoShiRo128PlusPlusTest.java,,,,assert,unknown,standard,assertEquals
rng_left_197_1,commons-rng,XoRoShiRo128PlusPlusTest,testConstructorWithZeroSeedIsNonFunctional_1_oe,commons-rng-core/src/test/java/org/apache/commons/rng/core/source64/XoRoShiRo128PlusPlusTest.java,,,,assert,unknown,custom,assertNextIntZeroOutput
rng_left_198_1,commons-rng,XoRoShiRo128PlusPlusTest,testConstructorWithSingleBitSeedIsFunctional_1_oe,commons-rng-core/src/test/java/org/apache/commons/rng/core/source64/XoRoShiRo128PlusPlusTest.java,,,,assert,unknown,custom,assertLongArrayConstructorWithSingleBitSeedIsFunctional
rng_left_199_1,commons-rng,XoRoShiRo128PlusPlusTest,testConstructorWithoutFullLengthSeed_1_oe,commons-rng-core/src/test/java/org/apache/commons/rng/core/source64/XoRoShiRo128PlusPlusTest.java,,,,assert,unknown,custom,assertNextLongNonZeroOutput
rng_left_200_1,commons-rng,XoRoShiRo128PlusPlusTest,testElementConstructor_1_oe,commons-rng-core/src/test/java/org/apache/commons/rng/core/source64/XoRoShiRo128PlusPlusTest.java,,,,assert,unknown,custom,assertNextLongEquals
rng_left_201_1,commons-rng,XoRoShiRo128PlusPlusTest,testJump_1_oe,commons-rng-core/src/test/java/org/apache/commons/rng/core/source64/XoRoShiRo128PlusPlusTest.java,,,,assert,unknown,custom,assertJumpEquals
rng_left_202_1,commons-rng,XoRoShiRo128PlusPlusTest,testLongJump_1_oe,commons-rng-core/src/test/java/org/apache/commons/rng/core/source64/XoRoShiRo128PlusPlusTest.java,,,,assert,unknown,custom,assertLongJumpEquals
rng_left_203_1,commons-rng,XoRoShiRo128PlusPlusTest,testNextOutputThrows_1_oe,commons-rng-core/src/test/java/org/apache/commons/rng/core/source64/XoRoShiRo128PlusPlusTest.java,,,,assert,unknown,standard,assertThrows
rng_left_204_1,commons-rng,XoShiRo256PlusPlusTest,testReferenceCode_1_oe,commons-rng-core/src/test/java/org/apache/commons/rng/core/source64/XoShiRo256PlusPlusTest.java,,,,assert,unknown,standard,assertEquals
rng_left_205_1,commons-rng,XoShiRo256PlusPlusTest,testConstructorWithZeroSeedIsNonFunctional_1_oe,commons-rng-core/src/test/java/org/apache/commons/rng/core/source64/XoShiRo256PlusPlusTest.java,,,,assert,unknown,custom,assertNextIntZeroOutput
rng_left_206_1,commons-rng,XoShiRo256PlusPlusTest,testConstructorWithSingleBitSeedIsFunctional_1_oe,commons-rng-core/src/test/java/org/apache/commons/rng/core/source64/XoShiRo256PlusPlusTest.java,,,,assert,unknown,custom,assertLongArrayConstructorWithSingleBitSeedIsFunctional
rng_left_207_1,commons-rng,XoShiRo256PlusPlusTest,testConstructorWithoutFullLengthSeed_1_oe,commons-rng-core/src/test/java/org/apache/commons/rng/core/source64/XoShiRo256PlusPlusTest.java,,,,assert,unknown,custom,assertNextLongNonZeroOutput
rng_left_208_1,commons-rng,XoShiRo256PlusPlusTest,testElementConstructor_1_oe,commons-rng-core/src/test/java/org/apache/commons/rng/core/source64/XoShiRo256PlusPlusTest.java,,,,assert,unknown,custom,assertNextLongEquals
rng_left_209_1,commons-rng,XoShiRo256PlusPlusTest,testJump_1_oe,commons-rng-core/src/test/java/org/apache/commons/rng/core/source64/XoShiRo256PlusPlusTest.java,,,,assert,unknown,custom,assertJumpEquals
rng_left_210_1,commons-rng,XoShiRo256PlusPlusTest,testLongJump_1_oe,commons-rng-core/src/test/java/org/apache/commons/rng/core/source64/XoShiRo256PlusPlusTest.java,,,,assert,unknown,custom,assertLongJumpEquals
rng_left_211_1,commons-rng,XoShiRo512PlusPlusTest,testReferenceCode_1_oe,commons-rng-core/src/test/java/org/apache/commons/rng/core/source64/XoShiRo512PlusPlusTest.java,,,,assert,unknown,standard,assertEquals
rng_left_212_1,commons-rng,XoShiRo512PlusPlusTest,testConstructorWithZeroSeedIsNonFunctional_1_oe,commons-rng-core/src/test/java/org/apache/commons/rng/core/source64/XoShiRo512PlusPlusTest.java,,,,assert,unknown,custom,assertNextIntZeroOutput
rng_left_213_1,commons-rng,XoShiRo512PlusPlusTest,testConstructorWithSingleBitSeedIsFunctional_1_oe,commons-rng-core/src/test/java/org/apache/commons/rng/core/source64/XoShiRo512PlusPlusTest.java,,,,assert,unknown,custom,assertLongArrayConstructorWithSingleBitSeedIsFunctional
rng_left_214_1,commons-rng,XoShiRo512PlusPlusTest,testConstructorWithoutFullLengthSeed_1_oe,commons-rng-core/src/test/java/org/apache/commons/rng/core/source64/XoShiRo512PlusPlusTest.java,,,,assert,unknown,custom,assertNextLongNonZeroOutput
rng_left_215_1,commons-rng,XoShiRo512PlusPlusTest,testElementConstructor_1_oe,commons-rng-core/src/test/java/org/apache/commons/rng/core/source64/XoShiRo512PlusPlusTest.java,,,,assert,unknown,custom,assertNextLongEquals
rng_left_216_1,commons-rng,XoShiRo512PlusPlusTest,testJump_1_oe,commons-rng-core/src/test/java/org/apache/commons/rng/core/source64/XoShiRo512PlusPlusTest.java,,,,assert,unknown,custom,assertJumpEquals
rng_left_217_1,commons-rng,XoShiRo512PlusPlusTest,testLongJump_1_oe,commons-rng-core/src/test/java/org/apache/commons/rng/core/source64/XoShiRo512PlusPlusTest.java,,,,assert,unknown,custom,assertLongJumpEquals
rng_left_218_1,commons-rng,XoShiRo512PlusTest,testReferenceCode_1_oe,commons-rng-core/src/test/java/org/apache/commons/rng/core/source64/XoShiRo512PlusTest.java,,,,assert,unknown,standard,assertEquals
rng_left_219_1,commons-rng,XoShiRo512PlusTest,testConstructorWithZeroSeedIsNonFunctional_1_oe,commons-rng-core/src/test/java/org/apache/commons/rng/core/source64/XoShiRo512PlusTest.java,,,,assert,unknown,custom,assertNextIntZeroOutput
rng_left_220_1,commons-rng,XoShiRo512PlusTest,testConstructorWithSingleBitSeedIsFunctional_1_oe,commons-rng-core/src/test/java/org/apache/commons/rng/core/source64/XoShiRo512PlusTest.java,,,,assert,unknown,custom,assertLongArrayConstructorWithSingleBitSeedIsFunctional
rng_left_221_1,commons-rng,XoShiRo512PlusTest,testConstructorWithoutFullLengthSeed_1_oe,commons-rng-core/src/test/java/org/apache/commons/rng/core/source64/XoShiRo512PlusTest.java,,,,assert,unknown,custom,assertNextLongNonZeroOutput
rng_left_222_1,commons-rng,XoShiRo512PlusTest,testElementConstructor_1_oe,commons-rng-core/src/test/java/org/apache/commons/rng/core/source64/XoShiRo512PlusTest.java,,,,assert,unknown,custom,assertNextLongEquals
rng_left_223_1,commons-rng,XoShiRo512PlusTest,testJump_1_oe,commons-rng-core/src/test/java/org/apache/commons/rng/core/source64/XoShiRo512PlusTest.java,,,,assert,unknown,custom,assertJumpEquals
rng_left_224_1,commons-rng,XoShiRo512PlusTest,testLongJump_1_oe,commons-rng-core/src/test/java/org/apache/commons/rng/core/source64/XoShiRo512PlusTest.java,,,,assert,unknown,custom,assertLongJumpEquals
rng_left_225_1,commons-rng,XoShiRo256StarStarTest,testReferenceCode_1_oe,commons-rng-core/src/test/java/org/apache/commons/rng/core/source64/XoShiRo256StarStarTest.java,,,,assert,unknown,standard,assertEquals
rng_left_226_1,commons-rng,XoShiRo256StarStarTest,testConstructorWithZeroSeedIsNonFunctional_1_oe,commons-rng-core/src/test/java/org/apache/commons/rng/core/source64/XoShiRo256StarStarTest.java,,,,assert,unknown,custom,assertNextIntZeroOutput
rng_left_227_1,commons-rng,XoShiRo256StarStarTest,testConstructorWithSingleBitSeedIsFunctional_1_oe,commons-rng-core/src/test/java/org/apache/commons/rng/core/source64/XoShiRo256StarStarTest.java,,,,assert,unknown,custom,assertLongArrayConstructorWithSingleBitSeedIsFunctional
rng_left_228_1,commons-rng,XoShiRo256StarStarTest,testConstructorWithoutFullLengthSeed_1_oe,commons-rng-core/src/test/java/org/apache/commons/rng/core/source64/XoShiRo256StarStarTest.java,,,,assert,unknown,custom,assertNextLongNonZeroOutput
rng_left_229_1,commons-rng,XoShiRo256StarStarTest,testElementConstructor_1_oe,commons-rng-core/src/test/java/org/apache/commons/rng/core/source64/XoShiRo256StarStarTest.java,,,,assert,unknown,custom,assertNextLongEquals
rng_left_230_1,commons-rng,XoShiRo256StarStarTest,testJump_1_oe,commons-rng-core/src/test/java/org/apache/commons/rng/core/source64/XoShiRo256StarStarTest.java,,,,assert,unknown,custom,assertJumpEquals
rng_left_231_1,commons-rng,XoShiRo256StarStarTest,testLongJump_1_oe,commons-rng-core/src/test/java/org/apache/commons/rng/core/source64/XoShiRo256StarStarTest.java,,,,assert,unknown,custom,assertLongJumpEquals
rng_left_232_1,commons-rng,XoShiRo256PlusTest,testReferenceCode_1_oe,commons-rng-core/src/test/java/org/apache/commons/rng/core/source64/XoShiRo256PlusTest.java,,,,assert,unknown,standard,assertEquals
rng_left_233_1,commons-rng,XoShiRo256PlusTest,testConstructorWithZeroSeedIsNonFunctional_1_oe,commons-rng-core/src/test/java/org/apache/commons/rng/core/source64/XoShiRo256PlusTest.java,,,,assert,unknown,custom,assertNextIntZeroOutput
rng_left_234_1,commons-rng,XoShiRo256PlusTest,testConstructorWithSingleBitSeedIsFunctional_1_oe,commons-rng-core/src/test/java/org/apache/commons/rng/core/source64/XoShiRo256PlusTest.java,,,,assert,unknown,custom,assertLongArrayConstructorWithSingleBitSeedIsFunctional
rng_left_235_1,commons-rng,XoShiRo256PlusTest,testConstructorWithoutFullLengthSeed_1_oe,commons-rng-core/src/test/java/org/apache/commons/rng/core/source64/XoShiRo256PlusTest.java,,,,assert,unknown,custom,assertNextLongNonZeroOutput
rng_left_236_1,commons-rng,XoShiRo256PlusTest,testElementConstructor_1_oe,commons-rng-core/src/test/java/org/apache/commons/rng/core/source64/XoShiRo256PlusTest.java,,,,assert,unknown,custom,assertNextLongEquals
rng_left_237_1,commons-rng,XoShiRo256PlusTest,testJump_1_oe,commons-rng-core/src/test/java/org/apache/commons/rng/core/source64/XoShiRo256PlusTest.java,,,,assert,unknown,custom,assertJumpEquals
rng_left_238_1,commons-rng,XoShiRo256PlusTest,testLongJump_1_oe,commons-rng-core/src/test/java/org/apache/commons/rng/core/source64/XoShiRo256PlusTest.java,,,,assert,unknown,custom,assertLongJumpEquals
rng_left_239_1,commons-rng,LongProviderTest,testNextInt_1_oe,commons-rng-core/src/test/java/org/apache/commons/rng/core/source64/LongProviderTest.java,,,,assert,unknown,standard,assertEquals
rng_left_239_2,commons-rng,LongProviderTest,testNextInt_2_oe,commons-rng-core/src/test/java/org/apache/commons/rng/core/source64/LongProviderTest.java,,,,assert,unknown,standard,assertEquals
rng_left_239_3,commons-rng,LongProviderTest,testNextInt_3_oe,commons-rng-core/src/test/java/org/apache/commons/rng/core/source64/LongProviderTest.java,,,,assert,unknown,standard,assertEquals
rng_left_239_4,commons-rng,LongProviderTest,testNextInt_4_oe,commons-rng-core/src/test/java/org/apache/commons/rng/core/source64/LongProviderTest.java,,,,assert,unknown,standard,assertEquals
rng_left_240_1,commons-rng,LongProviderTest,testNextBoolean_1_oe,commons-rng-core/src/test/java/org/apache/commons/rng/core/source64/LongProviderTest.java,,,,assert,unknown,standard,assertEquals
rng_left_240_2,commons-rng,LongProviderTest,testNextBoolean_2_oe,commons-rng-core/src/test/java/org/apache/commons/rng/core/source64/LongProviderTest.java,,,,assert,unknown,standard,assertEquals
rng_left_241_1,commons-rng,XorShift1024StarTest,testReferenceCode_1_oe,commons-rng-core/src/test/java/org/apache/commons/rng/core/source64/XorShift1024StarTest.java,,,,assert,unknown,standard,assertEquals
rng_left_242_1,commons-rng,XorShift1024StarTest,testConstructorWithZeroSeedIsNonFunctional_1_oe,commons-rng-core/src/test/java/org/apache/commons/rng/core/source64/XorShift1024StarTest.java,,,,assert,unknown,custom,assertNextIntZeroOutput
rng_left_243_1,commons-rng,XorShift1024StarTest,testConstructorWithSingleBitSeedIsFunctional_1_oe,commons-rng-core/src/test/java/org/apache/commons/rng/core/source64/XorShift1024StarTest.java,,,,assert,unknown,custom,assertLongArrayConstructorWithSingleBitSeedIsFunctional
rng_left_244_1,commons-rng,XorShift1024StarTest,testJump_1_oe,commons-rng-core/src/test/java/org/apache/commons/rng/core/source64/XorShift1024StarTest.java,,,,assert,unknown,custom,assertJumpEquals
rng_left_245_1,commons-rng,XorShift1024StarPhiTest,testReferenceCode_1_oe,commons-rng-core/src/test/java/org/apache/commons/rng/core/source64/XorShift1024StarPhiTest.java,,,,assert,unknown,standard,assertEquals
rng_left_246_1,commons-rng,XorShift1024StarPhiTest,testConstructorWithZeroSeedIsNonFunctional_1_oe,commons-rng-core/src/test/java/org/apache/commons/rng/core/source64/XorShift1024StarPhiTest.java,,,,assert,unknown,custom,assertNextIntZeroOutput
rng_left_247_1,commons-rng,XorShift1024StarPhiTest,testConstructorWithSingleBitSeedIsFunctional_1_oe,commons-rng-core/src/test/java/org/apache/commons/rng/core/source64/XorShift1024StarPhiTest.java,,,,assert,unknown,custom,assertLongArrayConstructorWithSingleBitSeedIsFunctional
rng_left_248_1,commons-rng,XorShift1024StarPhiTest,testJump_1_oe,commons-rng-core/src/test/java/org/apache/commons/rng/core/source64/XorShift1024StarPhiTest.java,,,,assert,unknown,custom,assertJumpEquals
rng_left_249_1,commons-rng,XoShiRo512StarStarTest,testReferenceCode_1_oe,commons-rng-core/src/test/java/org/apache/commons/rng/core/source64/XoShiRo512StarStarTest.java,,,,assert,unknown,standard,assertEquals
rng_left_250_1,commons-rng,XoShiRo512StarStarTest,testConstructorWithZeroSeedIsNonFunctional_1_oe,commons-rng-core/src/test/java/org/apache/commons/rng/core/source64/XoShiRo512StarStarTest.java,,,,assert,unknown,custom,assertNextIntZeroOutput
rng_left_251_1,commons-rng,XoShiRo512StarStarTest,testConstructorWithSingleBitSeedIsFunctional_1_oe,commons-rng-core/src/test/java/org/apache/commons/rng/core/source64/XoShiRo512StarStarTest.java,,,,assert,unknown,custom,assertLongArrayConstructorWithSingleBitSeedIsFunctional
rng_left_252_1,commons-rng,XoShiRo512StarStarTest,testConstructorWithoutFullLengthSeed_1_oe,commons-rng-core/src/test/java/org/apache/commons/rng/core/source64/XoShiRo512StarStarTest.java,,,,assert,unknown,custom,assertNextLongNonZeroOutput
rng_left_253_1,commons-rng,XoShiRo512StarStarTest,testElementConstructor_1_oe,commons-rng-core/src/test/java/org/apache/commons/rng/core/source64/XoShiRo512StarStarTest.java,,,,assert,unknown,custom,assertNextLongEquals
rng_left_254_1,commons-rng,XoShiRo512StarStarTest,testJump_1_oe,commons-rng-core/src/test/java/org/apache/commons/rng/core/source64/XoShiRo512StarStarTest.java,,,,assert,unknown,custom,assertJumpEquals
rng_left_255_1,commons-rng,XoShiRo512StarStarTest,testLongJump_1_oe,commons-rng-core/src/test/java/org/apache/commons/rng/core/source64/XoShiRo512StarStarTest.java,,,,assert,unknown,custom,assertLongJumpEquals
rng_left_256_1,commons-rng,SplitMix64Test,testReferenceCode_1_oe,commons-rng-core/src/test/java/org/apache/commons/rng/core/source64/SplitMix64Test.java,,,,assert,unknown,standard,assertEquals
rng_left_256_2,commons-rng,SplitMix64Test,testReferenceCode_2_oe,commons-rng-core/src/test/java/org/apache/commons/rng/core/source64/SplitMix64Test.java,,,,assert,unknown,standard,assertEquals
rng_left_257_1,commons-rng,XoRoShiRo1024StarTest,testReferenceCode_1_oe,commons-rng-core/src/test/java/org/apache/commons/rng/core/source64/XoRoShiRo1024StarTest.java,,,,assert,unknown,standard,assertEquals
rng_left_258_1,commons-rng,XoRoShiRo1024StarTest,testConstructorWithZeroSeedIsNonFunctional_1_oe,commons-rng-core/src/test/java/org/apache/commons/rng/core/source64/XoRoShiRo1024StarTest.java,,,,assert,unknown,custom,assertNextIntZeroOutput
rng_left_259_1,commons-rng,XoRoShiRo1024StarTest,testConstructorWithSingleBitSeedIsFunctional_1_oe,commons-rng-core/src/test/java/org/apache/commons/rng/core/source64/XoRoShiRo1024StarTest.java,,,,assert,unknown,custom,assertLongArrayConstructorWithSingleBitSeedIsFunctional
rng_left_260_1,commons-rng,XoRoShiRo1024StarTest,testConstructorWithoutFullLengthSeed_1_oe,commons-rng-core/src/test/java/org/apache/commons/rng/core/source64/XoRoShiRo1024StarTest.java,,,,assert,unknown,custom,assertNextLongNonZeroOutput
rng_left_261_1,commons-rng,XoRoShiRo1024StarTest,testJump_1_oe,commons-rng-core/src/test/java/org/apache/commons/rng/core/source64/XoRoShiRo1024StarTest.java,,,,assert,unknown,custom,assertJumpEquals
rng_left_262_1,commons-rng,XoRoShiRo1024StarTest,testLongJump_1_oe,commons-rng-core/src/test/java/org/apache/commons/rng/core/source64/XoRoShiRo1024StarTest.java,,,,assert,unknown,custom,assertLongJumpEquals
rng_left_263_1,commons-rng,TwoCmresTest,testAsymmetric_1_oe,commons-rng-core/src/test/java/org/apache/commons/rng/core/source64/TwoCmresTest.java,,,,assert,unknown,standard,assertNotEquals
rng_left_264_1,commons-rng,TwoCmresTest,testSeedingWithASingleBitProducesDifferentOutputFromZeroSeed_1_oe,commons-rng-core/src/test/java/org/apache/commons/rng/core/source64/TwoCmresTest.java,,,,assert,unknown,standard,assertNotEquals
rng_left_265_1,commons-rng,TwoCmresTest,testSubcycleGeneratorsMustBeDifferent_1_oe,commons-rng-core/src/test/java/org/apache/commons/rng/core/source64/TwoCmresTest.java,,,,assert,unknown,standard,assertThrows
rng_left_266_1,commons-rng,TwoCmresTest,testSubcycleGeneratorsIndex_1_oe,commons-rng-core/src/test/java/org/apache/commons/rng/core/source64/TwoCmresTest.java,,,,assert,unknown,standard,assertThrows
rng_left_266_2,commons-rng,TwoCmresTest,testSubcycleGeneratorsIndex_2_oe,commons-rng-core/src/test/java/org/apache/commons/rng/core/source64/TwoCmresTest.java,,,,assert,unknown,standard,assertThrows
rng_left_267_1,commons-rng,TwoCmresTest,testCmresFactoryThrowsWithDuplicateMultiplier_1_oe,commons-rng-core/src/test/java/org/apache/commons/rng/core/source64/TwoCmresTest.java,,,,assert,unknown,standard,assertDoesNotThrow
rng_left_267_2,commons-rng,TwoCmresTest,testCmresFactoryThrowsWithDuplicateMultiplier_2_oe,commons-rng-core/src/test/java/org/apache/commons/rng/core/source64/TwoCmresTest.java,,,,assert,unknown,standard,assertThrows
rng_left_268_1,commons-rng,XoRoShiRo1024PlusPlusTest,testReferenceCode_1_oe,commons-rng-core/src/test/java/org/apache/commons/rng/core/source64/XoRoShiRo1024PlusPlusTest.java,,,,assert,unknown,standard,assertEquals
rng_left_269_1,commons-rng,XoRoShiRo1024PlusPlusTest,testConstructorWithZeroSeedIsNonFunctional_1_oe,commons-rng-core/src/test/java/org/apache/commons/rng/core/source64/XoRoShiRo1024PlusPlusTest.java,,,,assert,unknown,custom,assertNextIntZeroOutput
rng_left_270_1,commons-rng,XoRoShiRo1024PlusPlusTest,testConstructorWithSingleBitSeedIsFunctional_1_oe,commons-rng-core/src/test/java/org/apache/commons/rng/core/source64/XoRoShiRo1024PlusPlusTest.java,,,,assert,unknown,custom,assertLongArrayConstructorWithSingleBitSeedIsFunctional
rng_left_271_1,commons-rng,XoRoShiRo1024PlusPlusTest,testConstructorWithoutFullLengthSeed_1_oe,commons-rng-core/src/test/java/org/apache/commons/rng/core/source64/XoRoShiRo1024PlusPlusTest.java,,,,assert,unknown,custom,assertNextLongNonZeroOutput
rng_left_272_1,commons-rng,XoRoShiRo1024PlusPlusTest,testJump_1_oe,commons-rng-core/src/test/java/org/apache/commons/rng/core/source64/XoRoShiRo1024PlusPlusTest.java,,,,assert,unknown,custom,assertJumpEquals
rng_left_273_1,commons-rng,XoRoShiRo1024PlusPlusTest,testLongJump_1_oe,commons-rng-core/src/test/java/org/apache/commons/rng/core/source64/XoRoShiRo1024PlusPlusTest.java,,,,assert,unknown,custom,assertLongJumpEquals
rng_left_274_1,commons-rng,PcgRxsMXs64Test,testReferenceCode_1_oe,commons-rng-core/src/test/java/org/apache/commons/rng/core/source64/PcgRxsMXs64Test.java,,,,assert,unknown,standard,assertEquals
rng_left_275_1,commons-rng,PcgRxsMXs64Test,testReferenceCodeFixedIncrement_1_oe,commons-rng-core/src/test/java/org/apache/commons/rng/core/source64/PcgRxsMXs64Test.java,,,,assert,unknown,standard,assertEquals
rng_left_276_1,commons-rng,XoRoShiRo128PlusTest,testReferenceCode_1_oe,commons-rng-core/src/test/java/org/apache/commons/rng/core/source64/XoRoShiRo128PlusTest.java,,,,assert,unknown,standard,assertEquals
rng_left_277_1,commons-rng,XoRoShiRo128PlusTest,testConstructorWithZeroSeedIsNonFunctional_1_oe,commons-rng-core/src/test/java/org/apache/commons/rng/core/source64/XoRoShiRo128PlusTest.java,,,,assert,unknown,custom,assertNextIntZeroOutput
rng_left_278_1,commons-rng,XoRoShiRo128PlusTest,testConstructorWithSingleBitSeedIsFunctional_1_oe,commons-rng-core/src/test/java/org/apache/commons/rng/core/source64/XoRoShiRo128PlusTest.java,,,,assert,unknown,custom,assertLongArrayConstructorWithSingleBitSeedIsFunctional
rng_left_279_1,commons-rng,XoRoShiRo128PlusTest,testConstructorWithoutFullLengthSeed_1_oe,commons-rng-core/src/test/java/org/apache/commons/rng/core/source64/XoRoShiRo128PlusTest.java,,,,assert,unknown,custom,assertNextLongNonZeroOutput
rng_left_280_1,commons-rng,XoRoShiRo128PlusTest,testElementConstructor_1_oe,commons-rng-core/src/test/java/org/apache/commons/rng/core/source64/XoRoShiRo128PlusTest.java,,,,assert,unknown,custom,assertNextLongEquals
rng_left_281_1,commons-rng,XoRoShiRo128PlusTest,testJump_1_oe,commons-rng-core/src/test/java/org/apache/commons/rng/core/source64/XoRoShiRo128PlusTest.java,,,,assert,unknown,custom,assertJumpEquals
rng_left_282_1,commons-rng,XoRoShiRo128PlusTest,testLongJump_1_oe,commons-rng-core/src/test/java/org/apache/commons/rng/core/source64/XoRoShiRo128PlusTest.java,,,,assert,unknown,custom,assertLongJumpEquals
rng_left_283_1,commons-rng,XoRoShiRo1024StarStarTest,testReferenceCode_1_oe,commons-rng-core/src/test/java/org/apache/commons/rng/core/source64/XoRoShiRo1024StarStarTest.java,,,,assert,unknown,standard,assertEquals
rng_left_284_1,commons-rng,XoRoShiRo1024StarStarTest,testConstructorWithZeroSeedIsNonFunctional_1_oe,commons-rng-core/src/test/java/org/apache/commons/rng/core/source64/XoRoShiRo1024StarStarTest.java,,,,assert,unknown,custom,assertNextIntZeroOutput
rng_left_285_1,commons-rng,XoRoShiRo1024StarStarTest,testConstructorWithSingleBitSeedIsFunctional_1_oe,commons-rng-core/src/test/java/org/apache/commons/rng/core/source64/XoRoShiRo1024StarStarTest.java,,,,assert,unknown,custom,assertLongArrayConstructorWithSingleBitSeedIsFunctional
rng_left_286_1,commons-rng,XoRoShiRo1024StarStarTest,testConstructorWithoutFullLengthSeed_1_oe,commons-rng-core/src/test/java/org/apache/commons/rng/core/source64/XoRoShiRo1024StarStarTest.java,,,,assert,unknown,custom,assertNextLongNonZeroOutput
rng_left_287_1,commons-rng,XoRoShiRo1024StarStarTest,testJump_1_oe,commons-rng-core/src/test/java/org/apache/commons/rng/core/source64/XoRoShiRo1024StarStarTest.java,,,,assert,unknown,custom,assertJumpEquals
rng_left_288_1,commons-rng,XoRoShiRo1024StarStarTest,testLongJump_1_oe,commons-rng-core/src/test/java/org/apache/commons/rng/core/source64/XoRoShiRo1024StarStarTest.java,,,,assert,unknown,custom,assertLongJumpEquals
rng_left_289_1,commons-rng,MersenneTwister64Test,testMakotoNishimura_1_oe,commons-rng-core/src/test/java/org/apache/commons/rng/core/source64/MersenneTwister64Test.java,,,,assert,unknown,standard,assertEquals
rng_left_290_1,commons-rng,MersenneTwister64Test,testConstructorWithEmptySeed_1_oe,commons-rng-core/src/test/java/org/apache/commons/rng/core/source64/MersenneTwister64Test.java,,,,assert,unknown,standard,assertNotEquals
rng_left_291_1,commons-rng,JenkinsSmallFast64Test,testReferenceCode_1_oe,commons-rng-core/src/test/java/org/apache/commons/rng/core/source64/JenkinsSmallFast64Test.java,,,,assert,unknown,standard,assertEquals
rng_left_292_1,commons-rng,DotyHumphreySmallFastCounting64Test,testReferenceCode_1_oe,commons-rng-core/src/test/java/org/apache/commons/rng/core/source64/DotyHumphreySmallFastCounting64Test.java,,,,assert,unknown,standard,assertEquals
rng_left_293_1,commons-rng,NumberFactoryTest,testMakeBooleanFromInt_1_oe,commons-rng-core/src/test/java/org/apache/commons/rng/core/util/NumberFactoryTest.java,,,,assert,unknown,standard,assertNotEquals
rng_left_294_1,commons-rng,NumberFactoryTest,testMakeBooleanFromLong_1_oe,commons-rng-core/src/test/java/org/apache/commons/rng/core/util/NumberFactoryTest.java,,,,assert,unknown,standard,assertNotEquals
rng_left_295_1,commons-rng,NumberFactoryTest,testMakeIntFromLong_1_oe,commons-rng-core/src/test/java/org/apache/commons/rng/core/util/NumberFactoryTest.java,,,,assert,unknown,standard,assertEquals
rng_left_295_2,commons-rng,NumberFactoryTest,testMakeIntFromLong_2_oe,commons-rng-core/src/test/java/org/apache/commons/rng/core/util/NumberFactoryTest.java,,,,assert,unknown,standard,assertEquals
rng_left_295_3,commons-rng,NumberFactoryTest,testMakeIntFromLong_3_oe,commons-rng-core/src/test/java/org/apache/commons/rng/core/util/NumberFactoryTest.java,,,,assert,unknown,standard,assertEquals
rng_left_295_4,commons-rng,NumberFactoryTest,testMakeIntFromLong_4_oe,commons-rng-core/src/test/java/org/apache/commons/rng/core/util/NumberFactoryTest.java,,,,assert,unknown,standard,assertEquals
rng_left_295_5,commons-rng,NumberFactoryTest,testMakeIntFromLong_5_oe,commons-rng-core/src/test/java/org/apache/commons/rng/core/util/NumberFactoryTest.java,,,,assert,unknown,standard,assertEquals
rng_left_295_6,commons-rng,NumberFactoryTest,testMakeIntFromLong_6_oe,commons-rng-core/src/test/java/org/apache/commons/rng/core/util/NumberFactoryTest.java,,,,assert,unknown,standard,assertEquals
rng_left_295_7,commons-rng,NumberFactoryTest,testMakeIntFromLong_7_oe,commons-rng-core/src/test/java/org/apache/commons/rng/core/util/NumberFactoryTest.java,,,,assert,unknown,standard,assertEquals
rng_left_295_8,commons-rng,NumberFactoryTest,testMakeIntFromLong_8_oe,commons-rng-core/src/test/java/org/apache/commons/rng/core/util/NumberFactoryTest.java,,,,assert,unknown,standard,assertEquals
rng_left_296_1,commons-rng,NumberFactoryTest,testExtractLoExtractHi_1_oe,commons-rng-core/src/test/java/org/apache/commons/rng/core/util/NumberFactoryTest.java,,,,assert,unknown,standard,assertEquals
rng_left_297_1,commons-rng,NumberFactoryTest,testLong2Long_1_oe,commons-rng-core/src/test/java/org/apache/commons/rng/core/util/NumberFactoryTest.java,,,,assert,unknown,standard,assertEquals
rng_left_298_1,commons-rng,NumberFactoryTest,testLongToByteArraySignificanceOrder_1_oe,commons-rng-core/src/test/java/org/apache/commons/rng/core/util/NumberFactoryTest.java,,,,assert,unknown,standard,assertEquals
rng_left_299_1,commons-rng,NumberFactoryTest,testLongFromByteArray2Long_1_oe,commons-rng-core/src/test/java/org/apache/commons/rng/core/util/NumberFactoryTest.java,,,,assert,unknown,standard,assertEquals
rng_left_300_1,commons-rng,NumberFactoryTest,testLongArrayFromByteArray2LongArray_1_oe,commons-rng-core/src/test/java/org/apache/commons/rng/core/util/NumberFactoryTest.java,,,,assert,unknown,standard,assertArrayEquals
rng_left_301_1,commons-rng,NumberFactoryTest,testLongArrayToByteArrayMatchesLongToByteArray_1_oe,commons-rng-core/src/test/java/org/apache/commons/rng/core/util/NumberFactoryTest.java,,,,assert,unknown,standard,assertArrayEquals
rng_left_302_1,commons-rng,NumberFactoryTest,testIntToByteArraySignificanceOrder_1_oe,commons-rng-core/src/test/java/org/apache/commons/rng/core/util/NumberFactoryTest.java,,,,assert,unknown,standard,assertEquals
rng_left_303_1,commons-rng,NumberFactoryTest,testIntFromByteArray2Int_1_oe,commons-rng-core/src/test/java/org/apache/commons/rng/core/util/NumberFactoryTest.java,,,,assert,unknown,standard,assertEquals
rng_left_304_1,commons-rng,NumberFactoryTest,testIntArrayFromByteArray2IntArray_1_oe,commons-rng-core/src/test/java/org/apache/commons/rng/core/util/NumberFactoryTest.java,,,,assert,unknown,standard,assertArrayEquals
rng_left_305_1,commons-rng,NumberFactoryTest,testIntArrayToByteArrayMatchesIntToByteArray_1_oe,commons-rng-core/src/test/java/org/apache/commons/rng/core/util/NumberFactoryTest.java,,,,assert,unknown,standard,assertArrayEquals
rng_left_306_1,commons-rng,NumberFactoryTest,testMakeIntPrecondition1_1_oe,commons-rng-core/src/test/java/org/apache/commons/rng/core/util/NumberFactoryTest.java,,,,assert,unknown,standard,assertThrows
rng_left_306_2,commons-rng,NumberFactoryTest,testMakeIntPrecondition1_2_oe,commons-rng-core/src/test/java/org/apache/commons/rng/core/util/NumberFactoryTest.java,,,,assert,unknown,standard,assertEquals
rng_left_307_1,commons-rng,NumberFactoryTest,testMakeIntArrayPrecondition1_1_oe,commons-rng-core/src/test/java/org/apache/commons/rng/core/util/NumberFactoryTest.java,,,,assert,unknown,standard,assertThrows
rng_left_307_2,commons-rng,NumberFactoryTest,testMakeIntArrayPrecondition1_2_oe,commons-rng-core/src/test/java/org/apache/commons/rng/core/util/NumberFactoryTest.java,,,,assert,unknown,standard,assertArrayEquals
rng_left_308_1,commons-rng,NumberFactoryTest,testMakeLongPrecondition1_1_oe,commons-rng-core/src/test/java/org/apache/commons/rng/core/util/NumberFactoryTest.java,,,,assert,unknown,standard,assertThrows
rng_left_308_2,commons-rng,NumberFactoryTest,testMakeLongPrecondition1_2_oe,commons-rng-core/src/test/java/org/apache/commons/rng/core/util/NumberFactoryTest.java,,,,assert,unknown,standard,assertEquals
rng_left_309_1,commons-rng,NumberFactoryTest,testMakeLongArrayPrecondition1_1_oe,commons-rng-core/src/test/java/org/apache/commons/rng/core/util/NumberFactoryTest.java,,,,assert,unknown,standard,assertThrows
rng_left_309_2,commons-rng,NumberFactoryTest,testMakeLongArrayPrecondition1_2_oe,commons-rng-core/src/test/java/org/apache/commons/rng/core/util/NumberFactoryTest.java,,,,assert,unknown,standard,assertArrayEquals
rng_left_310_1,commons-rng,NumberFactoryTest,testFloatGenerationMethods_1_oe,commons-rng-core/src/test/java/org/apache/commons/rng/core/util/NumberFactoryTest.java,,,,assert,unknown,custom,assertCloseToNotAbove1
rng_left_310_2,commons-rng,NumberFactoryTest,testFloatGenerationMethods_2_oe,commons-rng-core/src/test/java/org/apache/commons/rng/core/util/NumberFactoryTest.java,,,,assert,unknown,custom,assertCloseToNotAbove1
rng_left_310_3,commons-rng,NumberFactoryTest,testFloatGenerationMethods_3_oe,commons-rng-core/src/test/java/org/apache/commons/rng/core/util/NumberFactoryTest.java,,,,assert,unknown,custom,assertCloseToNotAbove1
rng_left_310_4,commons-rng,NumberFactoryTest,testFloatGenerationMethods_4_oe,commons-rng-core/src/test/java/org/apache/commons/rng/core/util/NumberFactoryTest.java,,,,assert,unknown,standard,assertEquals
rng_left_310_5,commons-rng,NumberFactoryTest,testFloatGenerationMethods_5_oe,commons-rng-core/src/test/java/org/apache/commons/rng/core/util/NumberFactoryTest.java,,,,assert,unknown,standard,assertEquals
rng_left_310_6,commons-rng,NumberFactoryTest,testFloatGenerationMethods_6_oe,commons-rng-core/src/test/java/org/apache/commons/rng/core/util/NumberFactoryTest.java,,,,assert,unknown,standard,assertEquals
rng_left_311_1,commons-rng,NumberFactoryTest,testDoubleGenerationMethods_1_oe,commons-rng-core/src/test/java/org/apache/commons/rng/core/util/NumberFactoryTest.java,,,,assert,unknown,custom,assertCloseToNotAbove1
rng_left_311_2,commons-rng,NumberFactoryTest,testDoubleGenerationMethods_2_oe,commons-rng-core/src/test/java/org/apache/commons/rng/core/util/NumberFactoryTest.java,,,,assert,unknown,custom,assertCloseToNotAbove1
rng_left_311_3,commons-rng,NumberFactoryTest,testDoubleGenerationMethods_3_oe,commons-rng-core/src/test/java/org/apache/commons/rng/core/util/NumberFactoryTest.java,,,,assert,unknown,custom,assertCloseToNotAbove1
rng_left_311_4,commons-rng,NumberFactoryTest,testDoubleGenerationMethods_4_oe,commons-rng-core/src/test/java/org/apache/commons/rng/core/util/NumberFactoryTest.java,,,,assert,unknown,standard,assertEquals
rng_left_311_5,commons-rng,NumberFactoryTest,testDoubleGenerationMethods_5_oe,commons-rng-core/src/test/java/org/apache/commons/rng/core/util/NumberFactoryTest.java,,,,assert,unknown,standard,assertEquals
rng_left_311_6,commons-rng,NumberFactoryTest,testDoubleGenerationMethods_6_oe,commons-rng-core/src/test/java/org/apache/commons/rng/core/util/NumberFactoryTest.java,,,,assert,unknown,standard,assertEquals
rng_left_312_1,commons-rng,NumberFactoryTest,testMakeDoubleFromLong_1_oe,commons-rng-core/src/test/java/org/apache/commons/rng/core/util/NumberFactoryTest.java,,,,assert,unknown,custom,assertCloseToNotAbove1
rng_left_312_2,commons-rng,NumberFactoryTest,testMakeDoubleFromLong_2_oe,commons-rng-core/src/test/java/org/apache/commons/rng/core/util/NumberFactoryTest.java,,,,assert,unknown,standard,assertEquals
rng_left_313_1,commons-rng,NumberFactoryTest,testMakeDoubleFromIntInt_1_oe,commons-rng-core/src/test/java/org/apache/commons/rng/core/util/NumberFactoryTest.java,,,,assert,unknown,custom,assertCloseToNotAbove1
rng_left_313_2,commons-rng,NumberFactoryTest,testMakeDoubleFromIntInt_2_oe,commons-rng-core/src/test/java/org/apache/commons/rng/core/util/NumberFactoryTest.java,,,,assert,unknown,standard,assertEquals
rng_left_314_1,commons-rng,NumberFactoryTest,testMakeFloatFromInt_1_oe,commons-rng-core/src/test/java/org/apache/commons/rng/core/util/NumberFactoryTest.java,,,,assert,unknown,custom,assertCloseToNotAbove1
rng_left_314_2,commons-rng,NumberFactoryTest,testMakeFloatFromInt_2_oe,commons-rng-core/src/test/java/org/apache/commons/rng/core/util/NumberFactoryTest.java,,,,assert,unknown,standard,assertEquals
rng_left_315_1,commons-rng,NumberFactoryTest,assertCloseToNotAbove1_1_oe,,,,,assert,unknown,custom,assertCloseToNotAbove1
rng_left_315_2,commons-rng,NumberFactoryTest,assertCloseToNotAbove1_2_oe,,,,,assert,unknown,standard,assertTrue
rng_left_316_1,commons-rng,NumberFactoryTest,assertCloseToNotAbove1_1_oe,,,,,assert,unknown,custom,assertCloseToNotAbove1
rng_left_316_2,commons-rng,NumberFactoryTest,assertCloseToNotAbove1_2_oe,,,,,assert,unknown,standard,assertTrue
rng_left_317_1,commons-rng,PermutationSamplerTest,testSampleTrivial_1_oe,commons-rng-sampling/src/test/java/org/apache/commons/rng/sampling/PermutationSamplerTest.java,,,,assert,unknown,standard,fail
rng_left_318_1,commons-rng,PermutationSamplerTest,testSampleBoundaryCase_1_oe,commons-rng-sampling/src/test/java/org/apache/commons/rng/sampling/PermutationSamplerTest.java,,,,assert,unknown,standard,assertEquals
rng_left_318_2,commons-rng,PermutationSamplerTest,testSampleBoundaryCase_2_oe,commons-rng-sampling/src/test/java/org/apache/commons/rng/sampling/PermutationSamplerTest.java,,,,assert,unknown,standard,assertEquals
rng_left_319_1,commons-rng,PermutationSamplerTest,testSamplePrecondition1_1_oe,commons-rng-sampling/src/test/java/org/apache/commons/rng/sampling/PermutationSamplerTest.java,,,,assert,unknown,standard,assertThrows
rng_left_320_1,commons-rng,PermutationSamplerTest,testSamplePrecondition2_1_oe,commons-rng-sampling/src/test/java/org/apache/commons/rng/sampling/PermutationSamplerTest.java,,,,assert,unknown,standard,assertThrows
rng_left_321_1,commons-rng,PermutationSamplerTest,testSamplePrecondition3_1_oe,commons-rng-sampling/src/test/java/org/apache/commons/rng/sampling/PermutationSamplerTest.java,,,,assert,unknown,standard,assertThrows
rng_left_322_1,commons-rng,PermutationSamplerTest,testSamplePrecondition4_1_oe,commons-rng-sampling/src/test/java/org/apache/commons/rng/sampling/PermutationSamplerTest.java,,,,assert,unknown,standard,assertThrows
rng_left_323_1,commons-rng,PermutationSamplerTest,testNatural_1_oe,commons-rng-sampling/src/test/java/org/apache/commons/rng/sampling/PermutationSamplerTest.java,,,,assert,unknown,standard,assertEquals
rng_left_324_1,commons-rng,PermutationSamplerTest,testNaturalZero_1_oe,commons-rng-sampling/src/test/java/org/apache/commons/rng/sampling/PermutationSamplerTest.java,,,,assert,unknown,standard,assertEquals
rng_left_325_1,commons-rng,PermutationSamplerTest,testShuffleNoDuplicates_1_oe,commons-rng-sampling/src/test/java/org/apache/commons/rng/sampling/PermutationSamplerTest.java,,,,assert,unknown,standard,assertEquals
rng_left_326_1,commons-rng,PermutationSamplerTest,testShuffleTail_1_oe,commons-rng-sampling/src/test/java/org/apache/commons/rng/sampling/PermutationSamplerTest.java,,,,assert,unknown,standard,assertEquals
rng_left_326_2,commons-rng,PermutationSamplerTest,testShuffleTail_2_oe,commons-rng-sampling/src/test/java/org/apache/commons/rng/sampling/PermutationSamplerTest.java,,,,assert,unknown,standard,assertTrue
rng_left_327_1,commons-rng,PermutationSamplerTest,testShuffleHead_1_oe,commons-rng-sampling/src/test/java/org/apache/commons/rng/sampling/PermutationSamplerTest.java,,,,assert,unknown,standard,assertEquals
rng_left_327_2,commons-rng,PermutationSamplerTest,testShuffleHead_2_oe,commons-rng-sampling/src/test/java/org/apache/commons/rng/sampling/PermutationSamplerTest.java,,,,assert,unknown,standard,assertTrue
rng_left_328_1,commons-rng,PermutationSamplerTest,testSharedStateSampler_1_oe,commons-rng-sampling/src/test/java/org/apache/commons/rng/sampling/PermutationSamplerTest.java,,,,assert,unknown,custom,assertProduceSameSequence
rng_left_329_1,commons-rng,PermutationSamplerTest,runSampleChiSquareTest_1_oe,,,,,assert,unknown,standard,assertFalse
rng_left_330_1,commons-rng,PermutationSamplerTest,findPerm_1_oe,,,,,assert,unknown,standard,fail
rng_left_331_1,commons-rng,DiscreteProbabilityCollectionSamplerTest,testPrecondition1_1_oe,commons-rng-sampling/src/test/java/org/apache/commons/rng/sampling/DiscreteProbabilityCollectionSamplerTest.java,,,,assert,unknown,standard,assertThrows
rng_left_332_1,commons-rng,DiscreteProbabilityCollectionSamplerTest,testPrecondition2_1_oe,commons-rng-sampling/src/test/java/org/apache/commons/rng/sampling/DiscreteProbabilityCollectionSamplerTest.java,,,,assert,unknown,standard,assertThrows
rng_left_333_1,commons-rng,DiscreteProbabilityCollectionSamplerTest,testPrecondition3_1_oe,commons-rng-sampling/src/test/java/org/apache/commons/rng/sampling/DiscreteProbabilityCollectionSamplerTest.java,,,,assert,unknown,standard,assertThrows
rng_left_334_1,commons-rng,DiscreteProbabilityCollectionSamplerTest,testPrecondition4_1_oe,commons-rng-sampling/src/test/java/org/apache/commons/rng/sampling/DiscreteProbabilityCollectionSamplerTest.java,,,,assert,unknown,standard,assertThrows
rng_left_335_1,commons-rng,DiscreteProbabilityCollectionSamplerTest,testPrecondition5_1_oe,commons-rng-sampling/src/test/java/org/apache/commons/rng/sampling/DiscreteProbabilityCollectionSamplerTest.java,,,,assert,unknown,standard,assertThrows
rng_left_336_1,commons-rng,DiscreteProbabilityCollectionSamplerTest,testPrecondition6_1_oe,commons-rng-sampling/src/test/java/org/apache/commons/rng/sampling/DiscreteProbabilityCollectionSamplerTest.java,,,,assert,unknown,standard,assertThrows
rng_left_337_1,commons-rng,DiscreteProbabilityCollectionSamplerTest,testPrecondition7_1_oe,commons-rng-sampling/src/test/java/org/apache/commons/rng/sampling/DiscreteProbabilityCollectionSamplerTest.java,,,,assert,unknown,standard,assertThrows
rng_left_338_1,commons-rng,DiscreteProbabilityCollectionSamplerTest,testSample_1_oe,commons-rng-sampling/src/test/java/org/apache/commons/rng/sampling/DiscreteProbabilityCollectionSamplerTest.java,,,,assert,unknown,standard,assertEquals
rng_left_338_2,commons-rng,DiscreteProbabilityCollectionSamplerTest,testSample_2_oe,commons-rng-sampling/src/test/java/org/apache/commons/rng/sampling/DiscreteProbabilityCollectionSamplerTest.java,,,,assert,unknown,standard,assertEquals
rng_left_339_1,commons-rng,DiscreteProbabilityCollectionSamplerTest,testSampleUsingMap_1_oe,commons-rng-sampling/src/test/java/org/apache/commons/rng/sampling/DiscreteProbabilityCollectionSamplerTest.java,,,,assert,unknown,standard,assertEquals
rng_left_340_1,commons-rng,DiscreteProbabilityCollectionSamplerTest,testSampleWithProbabilityAtLastItem_1_oe,commons-rng-sampling/src/test/java/org/apache/commons/rng/sampling/DiscreteProbabilityCollectionSamplerTest.java,,,,assert,unknown,standard,assertTrue
rng_left_340_2,commons-rng,DiscreteProbabilityCollectionSamplerTest,testSampleWithProbabilityAtLastItem_2_oe,commons-rng-sampling/src/test/java/org/apache/commons/rng/sampling/DiscreteProbabilityCollectionSamplerTest.java,,,,assert,unknown,standard,assertTrue
rng_left_340_3,commons-rng,DiscreteProbabilityCollectionSamplerTest,testSampleWithProbabilityAtLastItem_3_oe,commons-rng-sampling/src/test/java/org/apache/commons/rng/sampling/DiscreteProbabilityCollectionSamplerTest.java,,,,assert,unknown,standard,assertNotSame
rng_left_341_1,commons-rng,DiscreteProbabilityCollectionSamplerTest,testSharedStateSampler_1_oe,commons-rng-sampling/src/test/java/org/apache/commons/rng/sampling/DiscreteProbabilityCollectionSamplerTest.java,,,,assert,unknown,custom,assertProduceSameSequence
rng_left_342_1,commons-rng,CombinationSamplerTest,testSampleIsInDomain_1_oe,commons-rng-sampling/src/test/java/org/apache/commons/rng/sampling/CombinationSamplerTest.java,,,,assert,unknown,custom,assertIsInDomain
rng_left_343_1,commons-rng,CombinationSamplerTest,testUniformWithKlessThanHalfN_1_oe,commons-rng-sampling/src/test/java/org/apache/commons/rng/sampling/CombinationSamplerTest.java,,,,assert,unknown,custom,assertUniformSamples
rng_left_344_1,commons-rng,CombinationSamplerTest,testUniformWithKmoreThanHalfN_1_oe,commons-rng-sampling/src/test/java/org/apache/commons/rng/sampling/CombinationSamplerTest.java,,,,assert,unknown,custom,assertUniformSamples
rng_left_345_1,commons-rng,CombinationSamplerTest,testSampleWhenNequalsKIsNotShuffled_1_oe,commons-rng-sampling/src/test/java/org/apache/commons/rng/sampling/CombinationSamplerTest.java,,,,assert,unknown,standard,assertEquals
rng_left_345_2,commons-rng,CombinationSamplerTest,testSampleWhenNequalsKIsNotShuffled_2_oe,commons-rng-sampling/src/test/java/org/apache/commons/rng/sampling/CombinationSamplerTest.java,,,,assert,unknown,standard,assertEquals
rng_left_346_1,commons-rng,CombinationSamplerTest,testKgreaterThanNThrows_1_oe,commons-rng-sampling/src/test/java/org/apache/commons/rng/sampling/CombinationSamplerTest.java,,,,assert,unknown,standard,assertThrows
rng_left_347_1,commons-rng,CombinationSamplerTest,testNequalsZeroThrows_1_oe,commons-rng-sampling/src/test/java/org/apache/commons/rng/sampling/CombinationSamplerTest.java,,,,assert,unknown,standard,assertThrows
rng_left_348_1,commons-rng,CombinationSamplerTest,testKequalsZeroThrows_1_oe,commons-rng-sampling/src/test/java/org/apache/commons/rng/sampling/CombinationSamplerTest.java,,,,assert,unknown,standard,assertThrows
rng_left_349_1,commons-rng,CombinationSamplerTest,testNisNegativeThrows_1_oe,commons-rng-sampling/src/test/java/org/apache/commons/rng/sampling/CombinationSamplerTest.java,,,,assert,unknown,standard,assertThrows
rng_left_350_1,commons-rng,CombinationSamplerTest,testKisNegativeThrows_1_oe,commons-rng-sampling/src/test/java/org/apache/commons/rng/sampling/CombinationSamplerTest.java,,,,assert,unknown,standard,assertThrows
rng_left_351_1,commons-rng,CombinationSamplerTest,testSharedStateSampler_1_oe,commons-rng-sampling/src/test/java/org/apache/commons/rng/sampling/CombinationSamplerTest.java,,,,assert,unknown,custom,assertProduceSameSequence
rng_left_352_1,commons-rng,CombinationSamplerTest,assertIsInDomain_1_oe,,,,,assert,unknown,custom,assertIsInDomain
rng_left_353_1,commons-rng,CombinationSamplerTest,assertUniformSamples_1_oe,,,,,assert,unknown,custom,assertUniformSamples
rng_left_353_2,commons-rng,CombinationSamplerTest,assertUniformSamples_2_oe,,,,,assert,unknown,standard,assertEquals
rng_left_353_3,commons-rng,CombinationSamplerTest,assertUniformSamples_3_oe,,,,,assert,unknown,standard,assertFalse
rng_left_354_1,commons-rng,CombinationSamplerTest,findCode_1_oe,,,,,assert,unknown,standard,fail
rng_left_354_2,commons-rng,CombinationSamplerTest,findCode_2_oe,,,,,assert,unknown,standard,fail
rng_left_355_1,commons-rng,UnitSphereSamplerTest,testInvalidDimensionThrows_1_oe,commons-rng-sampling/src/test/java/org/apache/commons/rng/sampling/UnitSphereSamplerTest.java,,,,assert,unknown,standard,assertThrows
rng_left_356_1,commons-rng,UnitSphereSamplerTest,testInvalidDimensionThrowsWithFactoryConstructor_1_oe,commons-rng-sampling/src/test/java/org/apache/commons/rng/sampling/UnitSphereSamplerTest.java,,,,assert,unknown,standard,assertThrows
rng_left_357_1,commons-rng,UnitSphereSamplerTest,testDistribution1D_1_oe,commons-rng-sampling/src/test/java/org/apache/commons/rng/sampling/UnitSphereSamplerTest.java,,,,assert,unknown,standard,assertEquals
rng_left_357_2,commons-rng,UnitSphereSamplerTest,testDistribution1D_2_oe,commons-rng-sampling/src/test/java/org/apache/commons/rng/sampling/UnitSphereSamplerTest.java,,,,assert,unknown,standard,fail
rng_left_357_3,commons-rng,UnitSphereSamplerTest,testDistribution1D_3_oe,commons-rng-sampling/src/test/java/org/apache/commons/rng/sampling/UnitSphereSamplerTest.java,,,,assert,unknown,custom,assertMonobit
rng_left_358_1,commons-rng,UnitSphereSamplerTest,assertMonobit_1_oe,,,,,assert,unknown,custom,assertMonobit
rng_left_358_2,commons-rng,UnitSphereSamplerTest,assertMonobit_2_oe,,,,,assert,unknown,standard,assertTrue
rng_left_359_1,commons-rng,UnitSphereSamplerTest,testDistribution2D_1_oe,commons-rng-sampling/src/test/java/org/apache/commons/rng/sampling/UnitSphereSamplerTest.java,,,,assert,unknown,standard,assertEquals
rng_left_359_2,commons-rng,UnitSphereSamplerTest,testDistribution2D_2_oe,commons-rng-sampling/src/test/java/org/apache/commons/rng/sampling/UnitSphereSamplerTest.java,,,,assert,unknown,standard,assertEquals
rng_left_359_3,commons-rng,UnitSphereSamplerTest,testDistribution2D_3_oe,commons-rng-sampling/src/test/java/org/apache/commons/rng/sampling/UnitSphereSamplerTest.java,,,,assert,unknown,standard,assertFalse
rng_left_360_1,commons-rng,UnitSphereSamplerTest,testDistribution3D_1_oe,commons-rng-sampling/src/test/java/org/apache/commons/rng/sampling/UnitSphereSamplerTest.java,,,,assert,unknown,standard,assertEquals
rng_left_360_2,commons-rng,UnitSphereSamplerTest,testDistribution3D_2_oe,commons-rng-sampling/src/test/java/org/apache/commons/rng/sampling/UnitSphereSamplerTest.java,,,,assert,unknown,standard,assertEquals
rng_left_360_3,commons-rng,UnitSphereSamplerTest,testDistribution3D_3_oe,commons-rng-sampling/src/test/java/org/apache/commons/rng/sampling/UnitSphereSamplerTest.java,,,,assert,unknown,standard,assertFalse
rng_left_361_1,commons-rng,UnitSphereSamplerTest,testDistribution4D_1_oe,commons-rng-sampling/src/test/java/org/apache/commons/rng/sampling/UnitSphereSamplerTest.java,,,,assert,unknown,standard,assertEquals
rng_left_361_2,commons-rng,UnitSphereSamplerTest,testDistribution4D_2_oe,commons-rng-sampling/src/test/java/org/apache/commons/rng/sampling/UnitSphereSamplerTest.java,,,,assert,unknown,standard,assertEquals
rng_left_361_3,commons-rng,UnitSphereSamplerTest,testDistribution4D_3_oe,commons-rng-sampling/src/test/java/org/apache/commons/rng/sampling/UnitSphereSamplerTest.java,,,,assert,unknown,standard,assertFalse
rng_left_361_4,commons-rng,UnitSphereSamplerTest,testDistribution4D_4_oe,commons-rng-sampling/src/test/java/org/apache/commons/rng/sampling/UnitSphereSamplerTest.java,,,,assert,unknown,standard,assertFalse
rng_left_362_1,commons-rng,UnitSphereSamplerTest,testBadProvider2D_1_oe,commons-rng-sampling/src/test/java/org/apache/commons/rng/sampling/UnitSphereSamplerTest.java,,,,assert,unknown,standard,assertThrows
rng_left_363_1,commons-rng,UnitSphereSamplerTest,testBadProvider3D_1_oe,commons-rng-sampling/src/test/java/org/apache/commons/rng/sampling/UnitSphereSamplerTest.java,,,,assert,unknown,standard,assertThrows
rng_left_364_1,commons-rng,UnitSphereSamplerTest,testBadProvider4D_1_oe,commons-rng-sampling/src/test/java/org/apache/commons/rng/sampling/UnitSphereSamplerTest.java,,,,assert,unknown,standard,assertThrows
rng_left_365_1,commons-rng,UnitSphereSamplerTest,testInvalidInverseNormalisationND_1_oe,,,,,assert,unknown,standard,assertEquals
rng_left_365_2,commons-rng,UnitSphereSamplerTest,testInvalidInverseNormalisationND_2_oe,,,,,assert,unknown,standard,assertEquals
rng_left_366_1,commons-rng,UnitSphereSamplerTest,testNextNormSquaredAfterZeroIsValid_1_oe,commons-rng-sampling/src/test/java/org/apache/commons/rng/sampling/UnitSphereSamplerTest.java,,,,assert,unknown,standard,assertTrue
rng_left_367_1,commons-rng,UnitSphereSamplerTest,testSharedStateSampler_1_oe,,,,,assert,unknown,custom,assertProduceSameSequence
rng_left_368_1,commons-rng,CollectionSamplerTest,testSampleTrivial_1_oe,commons-rng-sampling/src/test/java/org/apache/commons/rng/sampling/CollectionSamplerTest.java,,,,assert,unknown,standard,fail
rng_left_369_1,commons-rng,CollectionSamplerTest,testSamplePrecondition_1_oe,commons-rng-sampling/src/test/java/org/apache/commons/rng/sampling/CollectionSamplerTest.java,,,,assert,unknown,standard,assertThrows
rng_left_370_1,commons-rng,CollectionSamplerTest,testSharedStateSampler_1_oe,commons-rng-sampling/src/test/java/org/apache/commons/rng/sampling/CollectionSamplerTest.java,,,,assert,unknown,custom,assertProduceSameSequence
rng_left_371_1,commons-rng,CompositeSamplersTest,testDiscreteProbabilitySampler_1_oe,commons-rng-sampling/src/test/java/org/apache/commons/rng/sampling/CompositeSamplersTest.java,,,,assert,unknown,standard,assertEquals
rng_left_372_1,commons-rng,CompositeSamplersTest,testEmptyBuilderThrows_1_oe,commons-rng-sampling/src/test/java/org/apache/commons/rng/sampling/CompositeSamplersTest.java,,,,assert,unknown,standard,assertEquals
rng_left_372_2,commons-rng,CompositeSamplersTest,testEmptyBuilderThrows_2_oe,commons-rng-sampling/src/test/java/org/apache/commons/rng/sampling/CompositeSamplersTest.java,,,,assert,unknown,standard,assertThrows
rng_left_373_1,commons-rng,CompositeSamplersTest,testNullSharedStateObjectSamplerThrows_1_oe,commons-rng-sampling/src/test/java/org/apache/commons/rng/sampling/CompositeSamplersTest.java,,,,assert,unknown,standard,assertThrows
rng_left_374_1,commons-rng,CompositeSamplersTest,testInvalidWeights_1_oe,commons-rng-sampling/src/test/java/org/apache/commons/rng/sampling/CompositeSamplersTest.java,,,,assert,unknown,standard,assertEquals
rng_left_374_2,commons-rng,CompositeSamplersTest,testInvalidWeights_2_oe,commons-rng-sampling/src/test/java/org/apache/commons/rng/sampling/CompositeSamplersTest.java,,,,assert,unknown,standard,assertEquals
rng_left_374_3,commons-rng,CompositeSamplersTest,testInvalidWeights_3_oe,commons-rng-sampling/src/test/java/org/apache/commons/rng/sampling/CompositeSamplersTest.java,,,,assert,unknown,standard,assertThrows
rng_left_375_1,commons-rng,CompositeSamplersTest,testSingleSharedStateObjectSampler_1_oe,commons-rng-sampling/src/test/java/org/apache/commons/rng/sampling/CompositeSamplersTest.java,,,,assert,unknown,standard,assertEquals
rng_left_375_2,commons-rng,CompositeSamplersTest,testSingleSharedStateObjectSampler_2_oe,commons-rng-sampling/src/test/java/org/apache/commons/rng/sampling/CompositeSamplersTest.java,,,,assert,unknown,standard,assertSame
rng_left_376_1,commons-rng,CompositeSamplersTest,testObjectSamplerSamples_1_oe,commons-rng-sampling/src/test/java/org/apache/commons/rng/sampling/CompositeSamplersTest.java,,,,assert,unknown,custom,assertObjectSamplerSamples
rng_left_377_1,commons-rng,CompositeSamplersTest,testSharedStateObjectSamplerSamples_1_oe,commons-rng-sampling/src/test/java/org/apache/commons/rng/sampling/CompositeSamplersTest.java,,,,assert,unknown,custom,assertObjectSamplerSamples
rng_left_378_1,commons-rng,CompositeSamplersTest,testSharedStateObjectSamplerSamplesWithCustomSharedStateDiscreteSamplerFactory_1_oe,commons-rng-sampling/src/test/java/org/apache/commons/rng/sampling/CompositeSamplersTest.java,,,,assert,unknown,custom,assertObjectSamplerSamples
rng_left_378_2,commons-rng,CompositeSamplersTest,testSharedStateObjectSamplerSamplesWithCustomSharedStateDiscreteSamplerFactory_2_oe,commons-rng-sampling/src/test/java/org/apache/commons/rng/sampling/CompositeSamplersTest.java,,,,assert,unknown,standard,assertEquals
rng_left_379_1,commons-rng,CompositeSamplersTest,testSharedStateObjectSamplerSamplesWithCustomDiscreteSamplerFactory_1_oe,commons-rng-sampling/src/test/java/org/apache/commons/rng/sampling/CompositeSamplersTest.java,,,,assert,unknown,custom,assertObjectSamplerSamples
rng_left_379_2,commons-rng,CompositeSamplersTest,testSharedStateObjectSamplerSamplesWithCustomDiscreteSamplerFactory_2_oe,commons-rng-sampling/src/test/java/org/apache/commons/rng/sampling/CompositeSamplersTest.java,,,,assert,unknown,standard,assertEquals
rng_left_380_1,commons-rng,CompositeSamplersTest,testObjectSamplerSamplesWithUniformWeights_1_oe,commons-rng-sampling/src/test/java/org/apache/commons/rng/sampling/CompositeSamplersTest.java,,,,assert,unknown,custom,assertObjectSamplerSamples
rng_left_381_1,commons-rng,CompositeSamplersTest,testObjectSamplerSamplesWithVeryLargeWeights_1_oe,commons-rng-sampling/src/test/java/org/apache/commons/rng/sampling/CompositeSamplersTest.java,,,,assert,unknown,standard,assertEquals
rng_left_381_2,commons-rng,CompositeSamplersTest,testObjectSamplerSamplesWithVeryLargeWeights_2_oe,commons-rng-sampling/src/test/java/org/apache/commons/rng/sampling/CompositeSamplersTest.java,,,,assert,unknown,custom,assertObjectSamplerSamples
rng_left_382_1,commons-rng,CompositeSamplersTest,testObjectSamplerSamplesWithSubNormalWeights_1_oe,commons-rng-sampling/src/test/java/org/apache/commons/rng/sampling/CompositeSamplersTest.java,,,,assert,unknown,standard,assertEquals
rng_left_382_2,commons-rng,CompositeSamplersTest,testObjectSamplerSamplesWithSubNormalWeights_2_oe,commons-rng-sampling/src/test/java/org/apache/commons/rng/sampling/CompositeSamplersTest.java,,,,assert,unknown,standard,assertEquals
rng_left_382_3,commons-rng,CompositeSamplersTest,testObjectSamplerSamplesWithSubNormalWeights_3_oe,commons-rng-sampling/src/test/java/org/apache/commons/rng/sampling/CompositeSamplersTest.java,,,,assert,unknown,standard,assertEquals
rng_left_382_4,commons-rng,CompositeSamplersTest,testObjectSamplerSamplesWithSubNormalWeights_4_oe,commons-rng-sampling/src/test/java/org/apache/commons/rng/sampling/CompositeSamplersTest.java,,,,assert,unknown,standard,assertEquals
rng_left_382_5,commons-rng,CompositeSamplersTest,testObjectSamplerSamplesWithSubNormalWeights_5_oe,commons-rng-sampling/src/test/java/org/apache/commons/rng/sampling/CompositeSamplersTest.java,,,,assert,unknown,custom,assertObjectSamplerSamples
rng_left_383_1,commons-rng,CompositeSamplersTest,addObjectSamplers_1_oe,,,,,assert,unknown,standard,assertEquals
rng_left_384_1,commons-rng,CompositeSamplersTest,assertObjectSamplerSamples_1_oe,,,,,assert,unknown,custom,assertObjectSamplerSamples
rng_left_384_2,commons-rng,CompositeSamplersTest,assertObjectSamplerSamples_2_oe,,,,,assert,unknown,standard,assertFalse
rng_left_385_1,commons-rng,CompositeSamplersTest,testDiscreteSamplerSamples_1_oe,commons-rng-sampling/src/test/java/org/apache/commons/rng/sampling/CompositeSamplersTest.java,,,,assert,unknown,custom,assertDiscreteSamplerSamples
rng_left_386_1,commons-rng,CompositeSamplersTest,testSharedStateDiscreteSamplerSamples_1_oe,commons-rng-sampling/src/test/java/org/apache/commons/rng/sampling/CompositeSamplersTest.java,,,,assert,unknown,custom,assertDiscreteSamplerSamples
rng_left_387_1,commons-rng,CompositeSamplersTest,addDiscreteSamplers_1_oe,,,,,assert,unknown,standard,assertEquals
rng_left_388_1,commons-rng,CompositeSamplersTest,assertDiscreteSamplerSamples_1_oe,,,,,assert,unknown,custom,assertDiscreteSamplerSamples
rng_left_388_2,commons-rng,CompositeSamplersTest,assertDiscreteSamplerSamples_2_oe,,,,,assert,unknown,standard,assertFalse
rng_left_389_1,commons-rng,CompositeSamplersTest,testContinuousSamplerSamples_1_oe,commons-rng-sampling/src/test/java/org/apache/commons/rng/sampling/CompositeSamplersTest.java,,,,assert,unknown,custom,assertContinuousSamplerSamples
rng_left_390_1,commons-rng,CompositeSamplersTest,testSharedStateContinuousSamplerSamples_1_oe,commons-rng-sampling/src/test/java/org/apache/commons/rng/sampling/CompositeSamplersTest.java,,,,assert,unknown,custom,assertContinuousSamplerSamples
rng_left_391_1,commons-rng,CompositeSamplersTest,addContinuousSamplers_1_oe,,,,,assert,unknown,standard,assertEquals
rng_left_392_1,commons-rng,CompositeSamplersTest,assertContinuousSamplerSamples_1_oe,,,,,assert,unknown,custom,assertContinuousSamplerSamples
rng_left_392_2,commons-rng,CompositeSamplersTest,assertContinuousSamplerSamples_2_oe,,,,,assert,unknown,standard,assertFalse
rng_left_393_1,commons-rng,CompositeSamplersTest,testLongSamplerSamples_1_oe,commons-rng-sampling/src/test/java/org/apache/commons/rng/sampling/CompositeSamplersTest.java,,,,assert,unknown,custom,assertLongSamplerSamples
rng_left_394_1,commons-rng,CompositeSamplersTest,testSharedStateLongSamplerSamples_1_oe,commons-rng-sampling/src/test/java/org/apache/commons/rng/sampling/CompositeSamplersTest.java,,,,assert,unknown,custom,assertLongSamplerSamples
rng_left_395_1,commons-rng,CompositeSamplersTest,addLongSamplers_1_oe,,,,,assert,unknown,standard,assertEquals
rng_left_396_1,commons-rng,CompositeSamplersTest,assertLongSamplerSamples_1_oe,,,,,assert,unknown,custom,assertLongSamplerSamples
rng_left_396_2,commons-rng,CompositeSamplersTest,assertLongSamplerSamples_2_oe,,,,,assert,unknown,standard,assertFalse
rng_left_397_1,commons-rng,CompositeSamplersTest,testSharedStateObjectSampler_1_oe,commons-rng-sampling/src/test/java/org/apache/commons/rng/sampling/CompositeSamplersTest.java,,,,assert,unknown,custom,assertProduceSameSequence
rng_left_398_1,commons-rng,CompositeSamplersTest,testSharedStateDiscreteSampler_1_oe,commons-rng-sampling/src/test/java/org/apache/commons/rng/sampling/CompositeSamplersTest.java,,,,assert,unknown,custom,assertProduceSameSequence
rng_left_399_1,commons-rng,CompositeSamplersTest,testSharedStateContinuousSampler_1_oe,commons-rng-sampling/src/test/java/org/apache/commons/rng/sampling/CompositeSamplersTest.java,,,,assert,unknown,custom,assertProduceSameSequence
rng_left_400_1,commons-rng,CompositeSamplersTest,testSharedStateLongSampler_1_oe,commons-rng-sampling/src/test/java/org/apache/commons/rng/sampling/CompositeSamplersTest.java,,,,assert,unknown,custom,assertProduceSameSequence
rng_left_401_1,commons-rng,RandomAssert,assertProduceSameSequence_1_oe,,,,,assert,unknown,custom,assertProduceSameSequence
rng_left_401_2,commons-rng,RandomAssert,assertProduceSameSequence_2_oe,,,,,assert,unknown,standard,assertEquals
rng_left_402_1,commons-rng,RandomAssert,assertProduceSameSequence_1_oe,,,,,assert,unknown,custom,assertProduceSameSequence
rng_left_402_2,commons-rng,RandomAssert,assertProduceSameSequence_2_oe,,,,,assert,unknown,standard,assertEquals
rng_left_403_1,commons-rng,RandomAssert,assertProduceSameSequence_1_oe,,,,,assert,unknown,custom,assertProduceSameSequence
rng_left_403_2,commons-rng,RandomAssert,assertProduceSameSequence_2_oe,,,,,assert,unknown,standard,assertEquals
rng_left_404_1,commons-rng,RandomAssert,assertProduceSameSequence_1_oe,,,,,assert,unknown,custom,assertProduceSameSequence
rng_left_404_2,commons-rng,RandomAssert,assertProduceSameSequence_2_oe,,,,,assert,unknown,standard,assertArrayEquals
rng_left_404_3,commons-rng,RandomAssert,assertProduceSameSequence_3_oe,,,,,assert,unknown,standard,assertEquals
rng_left_405_1,commons-rng,ListSamplerTest,testSample_1_oe,commons-rng-sampling/src/test/java/org/apache/commons/rng/sampling/ListSamplerTest.java,,,,assert,unknown,standard,assertFalse
rng_left_406_1,commons-rng,ListSamplerTest,testSampleWhole_1_oe,commons-rng-sampling/src/test/java/org/apache/commons/rng/sampling/ListSamplerTest.java,,,,assert,unknown,standard,assertEquals
rng_left_406_2,commons-rng,ListSamplerTest,testSampleWhole_2_oe,commons-rng-sampling/src/test/java/org/apache/commons/rng/sampling/ListSamplerTest.java,,,,assert,unknown,standard,assertTrue
rng_left_407_1,commons-rng,ListSamplerTest,testSamplePrecondition1_1_oe,commons-rng-sampling/src/test/java/org/apache/commons/rng/sampling/ListSamplerTest.java,,,,assert,unknown,standard,assertThrows
rng_left_408_1,commons-rng,ListSamplerTest,testSamplePrecondition2_1_oe,commons-rng-sampling/src/test/java/org/apache/commons/rng/sampling/ListSamplerTest.java,,,,assert,unknown,standard,assertThrows
rng_left_409_1,commons-rng,ListSamplerTest,testShuffle_1_oe,commons-rng-sampling/src/test/java/org/apache/commons/rng/sampling/ListSamplerTest.java,,,,assert,unknown,standard,assertTrue
rng_left_409_2,commons-rng,ListSamplerTest,testShuffle_2_oe,commons-rng-sampling/src/test/java/org/apache/commons/rng/sampling/ListSamplerTest.java,,,,assert,unknown,standard,assertTrue
rng_left_410_1,commons-rng,ListSamplerTest,testShuffleTail_1_oe,commons-rng-sampling/src/test/java/org/apache/commons/rng/sampling/ListSamplerTest.java,,,,assert,unknown,standard,assertTrue
rng_left_410_2,commons-rng,ListSamplerTest,testShuffleTail_2_oe,commons-rng-sampling/src/test/java/org/apache/commons/rng/sampling/ListSamplerTest.java,,,,assert,unknown,standard,assertTrue
rng_left_411_1,commons-rng,ListSamplerTest,testShuffleHead_1_oe,commons-rng-sampling/src/test/java/org/apache/commons/rng/sampling/ListSamplerTest.java,,,,assert,unknown,standard,assertTrue
rng_left_411_2,commons-rng,ListSamplerTest,testShuffleHead_2_oe,commons-rng-sampling/src/test/java/org/apache/commons/rng/sampling/ListSamplerTest.java,,,,assert,unknown,standard,assertTrue
rng_left_412_1,commons-rng,ListSamplerTest,testShuffleMatchesPermutationSamplerShuffle_1_oe,commons-rng-sampling/src/test/java/org/apache/commons/rng/sampling/ListSamplerTest.java,,,,assert,unknown,custom,assertShuffleMatchesPermutationSamplerShuffle
rng_left_412_2,commons-rng,ListSamplerTest,testShuffleMatchesPermutationSamplerShuffle_2_oe,commons-rng-sampling/src/test/java/org/apache/commons/rng/sampling/ListSamplerTest.java,,,,assert,unknown,custom,assertShuffleMatchesPermutationSamplerShuffle
rng_left_413_1,commons-rng,ListSamplerTest,testShuffleMatchesPermutationSamplerShuffleDirectional_1_oe,commons-rng-sampling/src/test/java/org/apache/commons/rng/sampling/ListSamplerTest.java,,,,assert,unknown,custom,assertShuffleMatchesPermutationSamplerShuffle
rng_left_413_2,commons-rng,ListSamplerTest,testShuffleMatchesPermutationSamplerShuffleDirectional_2_oe,commons-rng-sampling/src/test/java/org/apache/commons/rng/sampling/ListSamplerTest.java,,,,assert,unknown,custom,assertShuffleMatchesPermutationSamplerShuffle
rng_left_413_3,commons-rng,ListSamplerTest,testShuffleMatchesPermutationSamplerShuffleDirectional_3_oe,commons-rng-sampling/src/test/java/org/apache/commons/rng/sampling/ListSamplerTest.java,,,,assert,unknown,custom,assertShuffleMatchesPermutationSamplerShuffle
rng_left_413_4,commons-rng,ListSamplerTest,testShuffleMatchesPermutationSamplerShuffleDirectional_4_oe,commons-rng-sampling/src/test/java/org/apache/commons/rng/sampling/ListSamplerTest.java,,,,assert,unknown,custom,assertShuffleMatchesPermutationSamplerShuffle
rng_left_414_1,commons-rng,ListSamplerTest,testShuffleWithSmallLinkedList_1_oe,commons-rng-sampling/src/test/java/org/apache/commons/rng/sampling/ListSamplerTest.java,,,,assert,unknown,custom,assertShuffleMatchesPermutationSamplerShuffle
rng_left_415_1,commons-rng,ListSamplerTest,findSample_1_oe,,,,,assert,unknown,standard,fail
rng_left_416_1,commons-rng,ListSamplerTest,assertShuffleMatchesPermutationSamplerShuffle_1_oe,,,,,assert,unknown,custom,assertShuffleMatchesPermutationSamplerShuffle
rng_left_416_2,commons-rng,ListSamplerTest,assertShuffleMatchesPermutationSamplerShuffle_2_oe,,,,,assert,unknown,standard,assertEquals
rng_left_417_1,commons-rng,ListSamplerTest,assertShuffleMatchesPermutationSamplerShuffle_1_oe,,,,,assert,unknown,custom,assertShuffleMatchesPermutationSamplerShuffle
rng_left_417_2,commons-rng,ListSamplerTest,assertShuffleMatchesPermutationSamplerShuffle_2_oe,,,,,assert,unknown,standard,assertEquals
rng_left_418_1,commons-rng,GuideTableDiscreteSamplerTest,testConstructorThrowsWithNullProbabilites_1_oe,commons-rng-sampling/src/test/java/org/apache/commons/rng/sampling/distribution/GuideTableDiscreteSamplerTest.java,,,,assert,unknown,custom,assertConstructorThrows
rng_left_419_1,commons-rng,GuideTableDiscreteSamplerTest,testConstructorThrowsWithZeroLengthProbabilites_1_oe,commons-rng-sampling/src/test/java/org/apache/commons/rng/sampling/distribution/GuideTableDiscreteSamplerTest.java,,,,assert,unknown,custom,assertConstructorThrows
rng_left_420_1,commons-rng,GuideTableDiscreteSamplerTest,testConstructorThrowsWithNegativeProbabilites_1_oe,commons-rng-sampling/src/test/java/org/apache/commons/rng/sampling/distribution/GuideTableDiscreteSamplerTest.java,,,,assert,unknown,custom,assertConstructorThrows
rng_left_421_1,commons-rng,GuideTableDiscreteSamplerTest,testConstructorThrowsWithNaNProbabilites_1_oe,commons-rng-sampling/src/test/java/org/apache/commons/rng/sampling/distribution/GuideTableDiscreteSamplerTest.java,,,,assert,unknown,custom,assertConstructorThrows
rng_left_422_1,commons-rng,GuideTableDiscreteSamplerTest,testConstructorThrowsWithInfiniteProbabilites_1_oe,commons-rng-sampling/src/test/java/org/apache/commons/rng/sampling/distribution/GuideTableDiscreteSamplerTest.java,,,,assert,unknown,custom,assertConstructorThrows
rng_left_423_1,commons-rng,GuideTableDiscreteSamplerTest,testConstructorThrowsWithInfiniteSumProbabilites_1_oe,commons-rng-sampling/src/test/java/org/apache/commons/rng/sampling/distribution/GuideTableDiscreteSamplerTest.java,,,,assert,unknown,custom,assertConstructorThrows
rng_left_424_1,commons-rng,GuideTableDiscreteSamplerTest,testConstructorThrowsWithZeroSumProbabilites_1_oe,commons-rng-sampling/src/test/java/org/apache/commons/rng/sampling/distribution/GuideTableDiscreteSamplerTest.java,,,,assert,unknown,custom,assertConstructorThrows
rng_left_425_1,commons-rng,GuideTableDiscreteSamplerTest,testConstructorThrowsWithZeroAlpha_1_oe,commons-rng-sampling/src/test/java/org/apache/commons/rng/sampling/distribution/GuideTableDiscreteSamplerTest.java,,,,assert,unknown,custom,assertConstructorThrows
rng_left_426_1,commons-rng,GuideTableDiscreteSamplerTest,testConstructorThrowsWithNegativeAlpha_1_oe,commons-rng-sampling/src/test/java/org/apache/commons/rng/sampling/distribution/GuideTableDiscreteSamplerTest.java,,,,assert,unknown,custom,assertConstructorThrows
rng_left_427_1,commons-rng,GuideTableDiscreteSamplerTest,assertConstructorThrows_1_oe,,,,,assert,unknown,custom,assertConstructorThrows
rng_left_427_2,commons-rng,GuideTableDiscreteSamplerTest,assertConstructorThrows_2_oe,,,,,assert,unknown,standard,assertThrows
rng_left_428_1,commons-rng,GuideTableDiscreteSamplerTest,testToString_1_oe,commons-rng-sampling/src/test/java/org/apache/commons/rng/sampling/distribution/GuideTableDiscreteSamplerTest.java,,,,assert,unknown,standard,assertTrue
rng_left_429_1,commons-rng,GuideTableDiscreteSamplerTest,checkSamples_1_oe,,,,,assert,unknown,standard,assertEquals
rng_left_429_2,commons-rng,GuideTableDiscreteSamplerTest,checkSamples_2_oe,,,,,assert,unknown,standard,assertFalse
rng_left_430_1,commons-rng,GuideTableDiscreteSamplerTest,testSharedStateSampler_1_oe,commons-rng-sampling/src/test/java/org/apache/commons/rng/sampling/distribution/GuideTableDiscreteSamplerTest.java,,,,assert,unknown,custom,assertProduceSameSequence
rng_left_431_1,commons-rng,PoissonSamplerTest,testSharedStateSampler_1_oe,,,,,assert,unknown,custom,assertProduceSameSequence
rng_left_432_1,commons-rng,PoissonSamplerTest,testToString_1_oe,commons-rng-sampling/src/test/java/org/apache/commons/rng/sampling/distribution/PoissonSamplerTest.java,,,,assert,unknown,standard,assertTrue
rng_left_433_1,commons-rng,DirichletSamplerTest,testDistributionThrowsWithInvalidNumberOfCategories_1_oe,commons-rng-sampling/src/test/java/org/apache/commons/rng/sampling/distribution/DirichletSamplerTest.java,,,,assert,unknown,standard,assertThrows
rng_left_434_1,commons-rng,DirichletSamplerTest,testDistributionThrowsWithZeroConcentration_1_oe,commons-rng-sampling/src/test/java/org/apache/commons/rng/sampling/distribution/DirichletSamplerTest.java,,,,assert,unknown,standard,assertThrows
rng_left_435_1,commons-rng,DirichletSamplerTest,testDistributionThrowsWithNaNConcentration_1_oe,commons-rng-sampling/src/test/java/org/apache/commons/rng/sampling/distribution/DirichletSamplerTest.java,,,,assert,unknown,standard,assertThrows
rng_left_436_1,commons-rng,DirichletSamplerTest,testDistributionThrowsWithInfiniteConcentration_1_oe,commons-rng-sampling/src/test/java/org/apache/commons/rng/sampling/distribution/DirichletSamplerTest.java,,,,assert,unknown,standard,assertThrows
rng_left_437_1,commons-rng,DirichletSamplerTest,testSymmetricDistributionThrowsWithInvalidNumberOfCategories_1_oe,commons-rng-sampling/src/test/java/org/apache/commons/rng/sampling/distribution/DirichletSamplerTest.java,,,,assert,unknown,standard,assertThrows
rng_left_438_1,commons-rng,DirichletSamplerTest,testSymmetricDistributionThrowsWithZeroConcentration_1_oe,commons-rng-sampling/src/test/java/org/apache/commons/rng/sampling/distribution/DirichletSamplerTest.java,,,,assert,unknown,standard,assertThrows
rng_left_439_1,commons-rng,DirichletSamplerTest,testSymmetricDistributionThrowsWithNaNConcentration_1_oe,commons-rng-sampling/src/test/java/org/apache/commons/rng/sampling/distribution/DirichletSamplerTest.java,,,,assert,unknown,standard,assertThrows
rng_left_440_1,commons-rng,DirichletSamplerTest,testSymmetricDistributionThrowsWithInfiniteConcentration_1_oe,commons-rng-sampling/src/test/java/org/apache/commons/rng/sampling/distribution/DirichletSamplerTest.java,,,,assert,unknown,standard,assertThrows
rng_left_441_1,commons-rng,DirichletSamplerTest,testInvalidSampleIsIgnored_1_oe,commons-rng-sampling/src/test/java/org/apache/commons/rng/sampling/distribution/DirichletSamplerTest.java,,,,assert,unknown,custom,assertSample
rng_left_442_1,commons-rng,DirichletSamplerTest,testSharedStateSampler_1_oe,commons-rng-sampling/src/test/java/org/apache/commons/rng/sampling/distribution/DirichletSamplerTest.java,,,,assert,unknown,custom,assertProduceSameSequence
rng_left_443_1,commons-rng,DirichletSamplerTest,testSharedStateSamplerForSymmetricCase_1_oe,commons-rng-sampling/src/test/java/org/apache/commons/rng/sampling/distribution/DirichletSamplerTest.java,,,,assert,unknown,custom,assertProduceSameSequence
rng_left_444_1,commons-rng,DirichletSamplerTest,testSymmetricCaseMatchesGeneralCase_1_oe,commons-rng-sampling/src/test/java/org/apache/commons/rng/sampling/distribution/DirichletSamplerTest.java,,,,assert,unknown,custom,assertProduceSameSequence
rng_left_445_1,commons-rng,DirichletSamplerTest,testToString_1_oe,commons-rng-sampling/src/test/java/org/apache/commons/rng/sampling/distribution/DirichletSamplerTest.java,,,,assert,unknown,standard,assertTrue
rng_left_445_2,commons-rng,DirichletSamplerTest,testToString_2_oe,commons-rng-sampling/src/test/java/org/apache/commons/rng/sampling/distribution/DirichletSamplerTest.java,,,,assert,unknown,standard,assertTrue
rng_left_446_1,commons-rng,DirichletSamplerTest,testSampling1_1_oe,commons-rng-sampling/src/test/java/org/apache/commons/rng/sampling/distribution/DirichletSamplerTest.java,,,,assert,unknown,custom,assertSamples
rng_left_447_1,commons-rng,DirichletSamplerTest,testSampling2_1_oe,commons-rng-sampling/src/test/java/org/apache/commons/rng/sampling/distribution/DirichletSamplerTest.java,,,,assert,unknown,custom,assertSamples
rng_left_448_1,commons-rng,DirichletSamplerTest,testSampling3_1_oe,commons-rng-sampling/src/test/java/org/apache/commons/rng/sampling/distribution/DirichletSamplerTest.java,,,,assert,unknown,custom,assertSamples
rng_left_449_1,commons-rng,DirichletSamplerTest,testSampling4_1_oe,commons-rng-sampling/src/test/java/org/apache/commons/rng/sampling/distribution/DirichletSamplerTest.java,,,,assert,unknown,custom,assertSamples
rng_left_450_1,commons-rng,DirichletSamplerTest,testSampling5_1_oe,commons-rng-sampling/src/test/java/org/apache/commons/rng/sampling/distribution/DirichletSamplerTest.java,,,,assert,unknown,custom,assertSamples
rng_left_451_1,commons-rng,DirichletSamplerTest,assertSamples_1_oe,,,,,assert,unknown,custom,assertSamples
rng_left_451_2,commons-rng,DirichletSamplerTest,assertSamples_2_oe,,,,,assert,unknown,custom,assertSample
rng_left_451_3,commons-rng,DirichletSamplerTest,assertSamples_3_oe,,,,,assert,unknown,standard,assertEquals
rng_left_451_4,commons-rng,DirichletSamplerTest,assertSamples_4_oe,,,,,assert,unknown,standard,assertEquals
rng_left_451_5,commons-rng,DirichletSamplerTest,assertSamples_5_oe,,,,,assert,unknown,standard,assertEquals
rng_left_452_1,commons-rng,DirichletSamplerTest,assertSample_1_oe,,,,,assert,unknown,custom,assertSample
rng_left_452_2,commons-rng,DirichletSamplerTest,assertSample_2_oe,,,,,assert,unknown,standard,assertEquals
rng_left_453_1,commons-rng,AliasMethodDiscreteSamplerTest,testConstructorThrowsWithNullProbabilites_1_oe,commons-rng-sampling/src/test/java/org/apache/commons/rng/sampling/distribution/AliasMethodDiscreteSamplerTest.java,,,,assert,unknown,standard,assertThrows
rng_left_454_1,commons-rng,AliasMethodDiscreteSamplerTest,testConstructorThrowsWithZeroLengthProbabilites_1_oe,commons-rng-sampling/src/test/java/org/apache/commons/rng/sampling/distribution/AliasMethodDiscreteSamplerTest.java,,,,assert,unknown,standard,assertThrows
rng_left_455_1,commons-rng,AliasMethodDiscreteSamplerTest,testConstructorThrowsWithNegativeProbabilites_1_oe,commons-rng-sampling/src/test/java/org/apache/commons/rng/sampling/distribution/AliasMethodDiscreteSamplerTest.java,,,,assert,unknown,standard,assertThrows
rng_left_456_1,commons-rng,AliasMethodDiscreteSamplerTest,testConstructorThrowsWithNaNProbabilites_1_oe,commons-rng-sampling/src/test/java/org/apache/commons/rng/sampling/distribution/AliasMethodDiscreteSamplerTest.java,,,,assert,unknown,standard,assertThrows
rng_left_457_1,commons-rng,AliasMethodDiscreteSamplerTest,testConstructorThrowsWithInfiniteProbabilites_1_oe,commons-rng-sampling/src/test/java/org/apache/commons/rng/sampling/distribution/AliasMethodDiscreteSamplerTest.java,,,,assert,unknown,standard,assertThrows
rng_left_458_1,commons-rng,AliasMethodDiscreteSamplerTest,testConstructorThrowsWithInfiniteSumProbabilites_1_oe,commons-rng-sampling/src/test/java/org/apache/commons/rng/sampling/distribution/AliasMethodDiscreteSamplerTest.java,,,,assert,unknown,standard,assertThrows
rng_left_459_1,commons-rng,AliasMethodDiscreteSamplerTest,testConstructorThrowsWithZeroSumProbabilites_1_oe,commons-rng-sampling/src/test/java/org/apache/commons/rng/sampling/distribution/AliasMethodDiscreteSamplerTest.java,,,,assert,unknown,standard,assertThrows
rng_left_460_1,commons-rng,AliasMethodDiscreteSamplerTest,testToString_1_oe,commons-rng-sampling/src/test/java/org/apache/commons/rng/sampling/distribution/AliasMethodDiscreteSamplerTest.java,,,,assert,unknown,standard,assertTrue
rng_left_461_1,commons-rng,AliasMethodDiscreteSamplerTest,checkSamples_1_oe,,,,,assert,unknown,standard,assertEquals
rng_left_461_2,commons-rng,AliasMethodDiscreteSamplerTest,checkSamples_2_oe,,,,,assert,unknown,standard,assertFalse
rng_left_462_1,commons-rng,AliasMethodDiscreteSamplerTest,testSharedStateSampler_1_oe,,,,,assert,unknown,custom,assertProduceSameSequence
rng_left_463_1,commons-rng,SmallMeanPoissonSamplerTest,testConstructorThrowsWithMeanThatSetsProbabilityP0ToZero_1_oe,commons-rng-sampling/src/test/java/org/apache/commons/rng/sampling/distribution/SmallMeanPoissonSamplerTest.java,,,,assert,unknown,standard,assertThrows
rng_left_464_1,commons-rng,SmallMeanPoissonSamplerTest,testConstructorThrowsWithZeroMean_1_oe,commons-rng-sampling/src/test/java/org/apache/commons/rng/sampling/distribution/SmallMeanPoissonSamplerTest.java,,,,assert,unknown,standard,assertThrows
rng_left_465_1,commons-rng,SmallMeanPoissonSamplerTest,testSampleUpperBounds_1_oe,commons-rng-sampling/src/test/java/org/apache/commons/rng/sampling/distribution/SmallMeanPoissonSamplerTest.java,,,,assert,unknown,standard,assertEquals
rng_left_466_1,commons-rng,SmallMeanPoissonSamplerTest,testSharedStateSampler_1_oe,commons-rng-sampling/src/test/java/org/apache/commons/rng/sampling/distribution/SmallMeanPoissonSamplerTest.java,,,,assert,unknown,custom,assertProduceSameSequence
rng_left_467_1,commons-rng,DiscreteUniformSamplerTest,testConstructorThrowsWithLowerAboveUpper_1_oe,commons-rng-sampling/src/test/java/org/apache/commons/rng/sampling/distribution/DiscreteUniformSamplerTest.java,,,,assert,unknown,standard,assertThrows
rng_left_468_1,commons-rng,DiscreteUniformSamplerTest,testSamplesWithRangeOf1_1_oe,commons-rng-sampling/src/test/java/org/apache/commons/rng/sampling/distribution/DiscreteUniformSamplerTest.java,,,,assert,unknown,standard,assertEquals
rng_left_469_1,commons-rng,DiscreteUniformSamplerTest,testSamplesWithFullRange_1_oe,commons-rng-sampling/src/test/java/org/apache/commons/rng/sampling/distribution/DiscreteUniformSamplerTest.java,,,,assert,unknown,standard,assertEquals
rng_left_470_1,commons-rng,DiscreteUniformSamplerTest,testSamplesWithSmallNonPowerOf2Range_1_oe,commons-rng-sampling/src/test/java/org/apache/commons/rng/sampling/distribution/DiscreteUniformSamplerTest.java,,,,assert,unknown,standard,assertEquals
rng_left_471_1,commons-rng,DiscreteUniformSamplerTest,testSamplesWithPowerOf2Range_1_oe,commons-rng-sampling/src/test/java/org/apache/commons/rng/sampling/distribution/DiscreteUniformSamplerTest.java,,,,assert,unknown,standard,assertEquals
rng_left_471_2,commons-rng,DiscreteUniformSamplerTest,testSamplesWithPowerOf2Range_2_oe,commons-rng-sampling/src/test/java/org/apache/commons/rng/sampling/distribution/DiscreteUniformSamplerTest.java,,,,assert,unknown,standard,assertEquals
rng_left_472_1,commons-rng,DiscreteUniformSamplerTest,testSamplesWithPowerOf2RangeIsBitShift_1_oe,commons-rng-sampling/src/test/java/org/apache/commons/rng/sampling/distribution/DiscreteUniformSamplerTest.java,,,,assert,unknown,standard,assertEquals
rng_left_473_1,commons-rng,DiscreteUniformSamplerTest,testSamplesWithLargeNonPowerOf2RangeIsRejectionMethod_1_oe,commons-rng-sampling/src/test/java/org/apache/commons/rng/sampling/distribution/DiscreteUniformSamplerTest.java,,,,assert,unknown,standard,assertEquals
rng_left_474_1,commons-rng,DiscreteUniformSamplerTest,testOffsetSamplesWithNonPowerOf2Range_1_oe,commons-rng-sampling/src/test/java/org/apache/commons/rng/sampling/distribution/DiscreteUniformSamplerTest.java,,,,assert,unknown,custom,assertOffsetSamples
rng_left_475_1,commons-rng,DiscreteUniformSamplerTest,testOffsetSamplesWithPowerOf2Range_1_oe,commons-rng-sampling/src/test/java/org/apache/commons/rng/sampling/distribution/DiscreteUniformSamplerTest.java,,,,assert,unknown,custom,assertOffsetSamples
rng_left_476_1,commons-rng,DiscreteUniformSamplerTest,testOffsetSamplesWithRangeOf1_1_oe,commons-rng-sampling/src/test/java/org/apache/commons/rng/sampling/distribution/DiscreteUniformSamplerTest.java,,,,assert,unknown,custom,assertOffsetSamples
rng_left_477_1,commons-rng,DiscreteUniformSamplerTest,assertOffsetSamples_1_oe,,,,,assert,unknown,custom,assertOffsetSamples
rng_left_477_2,commons-rng,DiscreteUniformSamplerTest,assertOffsetSamples_2_oe,,,,,assert,unknown,standard,assertEquals
rng_left_477_3,commons-rng,DiscreteUniformSamplerTest,assertOffsetSamples_3_oe,,,,,assert,unknown,standard,assertEquals
rng_left_478_1,commons-rng,DiscreteUniformSamplerTest,testSampleUniformityWithNonPowerOf2Range_1_oe,commons-rng-sampling/src/test/java/org/apache/commons/rng/sampling/distribution/DiscreteUniformSamplerTest.java,,,,assert,unknown,standard,assertTrue
rng_left_479_1,commons-rng,DiscreteUniformSamplerTest,testSampleUniformityWithPowerOf2Range_1_oe,commons-rng-sampling/src/test/java/org/apache/commons/rng/sampling/distribution/DiscreteUniformSamplerTest.java,,,,assert,unknown,standard,assertEquals
rng_left_480_1,commons-rng,DiscreteUniformSamplerTest,testSampleRejectionWithNonPowerOf2Range_1_oe,commons-rng-sampling/src/test/java/org/apache/commons/rng/sampling/distribution/DiscreteUniformSamplerTest.java,,,,assert,unknown,standard,assertEquals
rng_left_480_2,commons-rng,DiscreteUniformSamplerTest,testSampleRejectionWithNonPowerOf2Range_2_oe,commons-rng-sampling/src/test/java/org/apache/commons/rng/sampling/distribution/DiscreteUniformSamplerTest.java,,,,assert,unknown,standard,assertEquals
rng_left_481_1,commons-rng,DiscreteUniformSamplerTest,testSharedStateSampler_1_oe,,,,,assert,unknown,custom,assertProduceSameSequence
rng_left_482_1,commons-rng,DiscreteUniformSamplerTest,testToStringWithSmallRange_1_oe,commons-rng-sampling/src/test/java/org/apache/commons/rng/sampling/distribution/DiscreteUniformSamplerTest.java,,,,assert,unknown,custom,assertToString
rng_left_483_1,commons-rng,DiscreteUniformSamplerTest,testToStringWithLargeRange_1_oe,commons-rng-sampling/src/test/java/org/apache/commons/rng/sampling/distribution/DiscreteUniformSamplerTest.java,,,,assert,unknown,custom,assertToString
rng_left_484_1,commons-rng,DiscreteUniformSamplerTest,testToStringWithPowerOf2Range_1_oe,commons-rng-sampling/src/test/java/org/apache/commons/rng/sampling/distribution/DiscreteUniformSamplerTest.java,,,,assert,unknown,custom,assertToString
rng_left_485_1,commons-rng,DiscreteUniformSamplerTest,testToStringWithRangeOf1_1_oe,commons-rng-sampling/src/test/java/org/apache/commons/rng/sampling/distribution/DiscreteUniformSamplerTest.java,,,,assert,unknown,custom,assertToString
rng_left_486_1,commons-rng,DiscreteUniformSamplerTest,assertToString_1_oe,,,,,assert,unknown,custom,assertToString
rng_left_486_2,commons-rng,DiscreteUniformSamplerTest,assertToString_2_oe,,,,,assert,unknown,standard,assertTrue
rng_left_487_1,commons-rng,KempSmallMeanPoissonSamplerTest,testConstructorThrowsWithMeanLargerThanUpperBound_1_oe,commons-rng-sampling/src/test/java/org/apache/commons/rng/sampling/distribution/KempSmallMeanPoissonSamplerTest.java,,,,assert,unknown,standard,assertThrows
rng_left_488_1,commons-rng,KempSmallMeanPoissonSamplerTest,testConstructorThrowsWithZeroMean_1_oe,commons-rng-sampling/src/test/java/org/apache/commons/rng/sampling/distribution/KempSmallMeanPoissonSamplerTest.java,,,,assert,unknown,standard,assertThrows
rng_left_489_1,commons-rng,KempSmallMeanPoissonSamplerTest,testConstructorThrowsWithNegativeMean_1_oe,commons-rng-sampling/src/test/java/org/apache/commons/rng/sampling/distribution/KempSmallMeanPoissonSamplerTest.java,,,,assert,unknown,standard,assertThrows
rng_left_490_1,commons-rng,KempSmallMeanPoissonSamplerTest,testConstructorWithNaNMean_1_oe,commons-rng-sampling/src/test/java/org/apache/commons/rng/sampling/distribution/KempSmallMeanPoissonSamplerTest.java,,,,assert,unknown,standard,assertThrows
rng_left_491_1,commons-rng,KempSmallMeanPoissonSamplerTest,testSummationFrom1AtUpperBound_1_oe,commons-rng-sampling/src/test/java/org/apache/commons/rng/sampling/distribution/KempSmallMeanPoissonSamplerTest.java,,,,assert,unknown,standard,assertEquals
rng_left_491_2,commons-rng,KempSmallMeanPoissonSamplerTest,testSummationFrom1AtUpperBound_2_oe,commons-rng-sampling/src/test/java/org/apache/commons/rng/sampling/distribution/KempSmallMeanPoissonSamplerTest.java,,,,assert,unknown,standard,assertTrue
rng_left_492_1,commons-rng,KempSmallMeanPoissonSamplerTest,testSummationTo1AtUpperBound_1_oe,commons-rng-sampling/src/test/java/org/apache/commons/rng/sampling/distribution/KempSmallMeanPoissonSamplerTest.java,,,,assert,unknown,standard,assertEquals
rng_left_492_2,commons-rng,KempSmallMeanPoissonSamplerTest,testSummationTo1AtUpperBound_2_oe,commons-rng-sampling/src/test/java/org/apache/commons/rng/sampling/distribution/KempSmallMeanPoissonSamplerTest.java,,,,assert,unknown,standard,assertTrue
rng_left_493_1,commons-rng,KempSmallMeanPoissonSamplerTest,testSharedStateSampler_1_oe,commons-rng-sampling/src/test/java/org/apache/commons/rng/sampling/distribution/KempSmallMeanPoissonSamplerTest.java,,,,assert,unknown,custom,assertProduceSameSequence
rng_left_494_1,commons-rng,KempSmallMeanPoissonSamplerTest,testSample_1_oe,,,,,assert,unknown,standard,assertTrue
rng_left_494_2,commons-rng,KempSmallMeanPoissonSamplerTest,testSample_2_oe,,,,,assert,unknown,standard,assertTrue
rng_left_495_1,commons-rng,ZigguratNormalizedGaussianSamplerTest,testInfiniteLoop_1_oe,commons-rng-sampling/src/test/java/org/apache/commons/rng/sampling/distribution/ZigguratNormalizedGaussianSamplerTest.java,,,,assert,unknown,standard,assertThrows
rng_left_496_1,commons-rng,ZigguratNormalizedGaussianSamplerTest,testSharedStateSampler_1_oe,commons-rng-sampling/src/test/java/org/apache/commons/rng/sampling/distribution/ZigguratNormalizedGaussianSamplerTest.java,,,,assert,unknown,custom,assertProduceSameSequence
rng_left_497_1,commons-rng,InverseTransformDiscreteSamplerTest,testSharedStateSampler_1_oe,commons-rng-sampling/src/test/java/org/apache/commons/rng/sampling/distribution/InverseTransformDiscreteSamplerTest.java,,,,assert,unknown,custom,assertProduceSameSequence
rng_left_498_1,commons-rng,LevySamplerTest,testConstructorThrowsWithNegativeScale_1_oe,commons-rng-sampling/src/test/java/org/apache/commons/rng/sampling/distribution/LevySamplerTest.java,,,,assert,unknown,standard,assertThrows
rng_left_499_1,commons-rng,LevySamplerTest,testConstructorThrowsWithZeroScale_1_oe,commons-rng-sampling/src/test/java/org/apache/commons/rng/sampling/distribution/LevySamplerTest.java,,,,assert,unknown,standard,assertThrows
rng_left_500_1,commons-rng,LevySamplerTest,testSharedStateSampler_1_oe,commons-rng-sampling/src/test/java/org/apache/commons/rng/sampling/distribution/LevySamplerTest.java,,,,assert,unknown,custom,assertProduceSameSequence
rng_left_501_1,commons-rng,LevySamplerTest,testSupport_1_oe,commons-rng-sampling/src/test/java/org/apache/commons/rng/sampling/distribution/LevySamplerTest.java,,,,assert,unknown,standard,assertEquals
rng_left_501_2,commons-rng,LevySamplerTest,testSupport_2_oe,commons-rng-sampling/src/test/java/org/apache/commons/rng/sampling/distribution/LevySamplerTest.java,,,,assert,unknown,standard,assertEquals
rng_left_502_1,commons-rng,PoissonSamplerCacheTest,testMinimumCachedMean_1_oe,commons-rng-sampling/src/test/java/org/apache/commons/rng/sampling/distribution/PoissonSamplerCacheTest.java,,,,assert,unknown,standard,assertEquals
rng_left_503_1,commons-rng,PoissonSamplerCacheTest,testConstructorWithNoCache_1_oe,commons-rng-sampling/src/test/java/org/apache/commons/rng/sampling/distribution/PoissonSamplerCacheTest.java,,,,assert,unknown,standard,assertFalse
rng_left_503_2,commons-rng,PoissonSamplerCacheTest,testConstructorWithNoCache_2_oe,commons-rng-sampling/src/test/java/org/apache/commons/rng/sampling/distribution/PoissonSamplerCacheTest.java,,,,assert,unknown,standard,assertEquals
rng_left_503_3,commons-rng,PoissonSamplerCacheTest,testConstructorWithNoCache_3_oe,commons-rng-sampling/src/test/java/org/apache/commons/rng/sampling/distribution/PoissonSamplerCacheTest.java,,,,assert,unknown,standard,assertEquals
rng_left_504_1,commons-rng,PoissonSamplerCacheTest,testConstructorWhenMaxEqualsMin_1_oe,commons-rng-sampling/src/test/java/org/apache/commons/rng/sampling/distribution/PoissonSamplerCacheTest.java,,,,assert,unknown,standard,assertTrue
rng_left_504_2,commons-rng,PoissonSamplerCacheTest,testConstructorWhenMaxEqualsMin_2_oe,commons-rng-sampling/src/test/java/org/apache/commons/rng/sampling/distribution/PoissonSamplerCacheTest.java,,,,assert,unknown,standard,assertEquals
rng_left_504_3,commons-rng,PoissonSamplerCacheTest,testConstructorWhenMaxEqualsMin_3_oe,commons-rng-sampling/src/test/java/org/apache/commons/rng/sampling/distribution/PoissonSamplerCacheTest.java,,,,assert,unknown,standard,assertEquals
rng_left_505_1,commons-rng,PoissonSamplerCacheTest,testConstructorWhenMaxAboveMin_1_oe,commons-rng-sampling/src/test/java/org/apache/commons/rng/sampling/distribution/PoissonSamplerCacheTest.java,,,,assert,unknown,standard,assertTrue
rng_left_505_2,commons-rng,PoissonSamplerCacheTest,testConstructorWhenMaxAboveMin_2_oe,commons-rng-sampling/src/test/java/org/apache/commons/rng/sampling/distribution/PoissonSamplerCacheTest.java,,,,assert,unknown,standard,assertEquals
rng_left_505_3,commons-rng,PoissonSamplerCacheTest,testConstructorWhenMaxAboveMin_3_oe,commons-rng-sampling/src/test/java/org/apache/commons/rng/sampling/distribution/PoissonSamplerCacheTest.java,,,,assert,unknown,standard,assertEquals
rng_left_506_1,commons-rng,PoissonSamplerCacheTest,testConstructorThrowsWhenMaxIsLessThanMin_1_oe,commons-rng-sampling/src/test/java/org/apache/commons/rng/sampling/distribution/PoissonSamplerCacheTest.java,,,,assert,unknown,standard,assertThrows
rng_left_507_1,commons-rng,PoissonSamplerCacheTest,testConstructorWhenMinBelow0_1_oe,commons-rng-sampling/src/test/java/org/apache/commons/rng/sampling/distribution/PoissonSamplerCacheTest.java,,,,assert,unknown,standard,assertTrue
rng_left_507_2,commons-rng,PoissonSamplerCacheTest,testConstructorWhenMinBelow0_2_oe,commons-rng-sampling/src/test/java/org/apache/commons/rng/sampling/distribution/PoissonSamplerCacheTest.java,,,,assert,unknown,standard,assertEquals
rng_left_507_3,commons-rng,PoissonSamplerCacheTest,testConstructorWhenMinBelow0_3_oe,commons-rng-sampling/src/test/java/org/apache/commons/rng/sampling/distribution/PoissonSamplerCacheTest.java,,,,assert,unknown,standard,assertEquals
rng_left_508_1,commons-rng,PoissonSamplerCacheTest,testConstructorWhenMaxBelow0_1_oe,commons-rng-sampling/src/test/java/org/apache/commons/rng/sampling/distribution/PoissonSamplerCacheTest.java,,,,assert,unknown,standard,assertFalse
rng_left_508_2,commons-rng,PoissonSamplerCacheTest,testConstructorWhenMaxBelow0_2_oe,commons-rng-sampling/src/test/java/org/apache/commons/rng/sampling/distribution/PoissonSamplerCacheTest.java,,,,assert,unknown,standard,assertEquals
rng_left_508_3,commons-rng,PoissonSamplerCacheTest,testConstructorWhenMaxBelow0_3_oe,commons-rng-sampling/src/test/java/org/apache/commons/rng/sampling/distribution/PoissonSamplerCacheTest.java,,,,assert,unknown,standard,assertEquals
rng_left_509_1,commons-rng,PoissonSamplerCacheTest,testWithRangeConstructorWithNoCache_1_oe,commons-rng-sampling/src/test/java/org/apache/commons/rng/sampling/distribution/PoissonSamplerCacheTest.java,,,,assert,unknown,standard,assertFalse
rng_left_509_2,commons-rng,PoissonSamplerCacheTest,testWithRangeConstructorWithNoCache_2_oe,commons-rng-sampling/src/test/java/org/apache/commons/rng/sampling/distribution/PoissonSamplerCacheTest.java,,,,assert,unknown,standard,assertEquals
rng_left_509_3,commons-rng,PoissonSamplerCacheTest,testWithRangeConstructorWithNoCache_3_oe,commons-rng-sampling/src/test/java/org/apache/commons/rng/sampling/distribution/PoissonSamplerCacheTest.java,,,,assert,unknown,standard,assertEquals
rng_left_510_1,commons-rng,PoissonSamplerCacheTest,testWithRangeConstructorWhenMaxEqualsMin_1_oe,commons-rng-sampling/src/test/java/org/apache/commons/rng/sampling/distribution/PoissonSamplerCacheTest.java,,,,assert,unknown,standard,assertTrue
rng_left_510_2,commons-rng,PoissonSamplerCacheTest,testWithRangeConstructorWhenMaxEqualsMin_2_oe,commons-rng-sampling/src/test/java/org/apache/commons/rng/sampling/distribution/PoissonSamplerCacheTest.java,,,,assert,unknown,standard,assertEquals
rng_left_510_3,commons-rng,PoissonSamplerCacheTest,testWithRangeConstructorWhenMaxEqualsMin_3_oe,commons-rng-sampling/src/test/java/org/apache/commons/rng/sampling/distribution/PoissonSamplerCacheTest.java,,,,assert,unknown,standard,assertEquals
rng_left_511_1,commons-rng,PoissonSamplerCacheTest,testWithRangeConstructorWhenMaxAboveMin_1_oe,commons-rng-sampling/src/test/java/org/apache/commons/rng/sampling/distribution/PoissonSamplerCacheTest.java,,,,assert,unknown,standard,assertTrue
rng_left_511_2,commons-rng,PoissonSamplerCacheTest,testWithRangeConstructorWhenMaxAboveMin_2_oe,commons-rng-sampling/src/test/java/org/apache/commons/rng/sampling/distribution/PoissonSamplerCacheTest.java,,,,assert,unknown,standard,assertEquals
rng_left_511_3,commons-rng,PoissonSamplerCacheTest,testWithRangeConstructorWhenMaxAboveMin_3_oe,commons-rng-sampling/src/test/java/org/apache/commons/rng/sampling/distribution/PoissonSamplerCacheTest.java,,,,assert,unknown,standard,assertEquals
rng_left_512_1,commons-rng,PoissonSamplerCacheTest,testWithRangeConstructorThrowsWhenMaxIsLessThanMin_1_oe,commons-rng-sampling/src/test/java/org/apache/commons/rng/sampling/distribution/PoissonSamplerCacheTest.java,,,,assert,unknown,standard,assertThrows
rng_left_513_1,commons-rng,PoissonSamplerCacheTest,testWithRangeConstructorWhenMinBelow0_1_oe,commons-rng-sampling/src/test/java/org/apache/commons/rng/sampling/distribution/PoissonSamplerCacheTest.java,,,,assert,unknown,standard,assertTrue
rng_left_513_2,commons-rng,PoissonSamplerCacheTest,testWithRangeConstructorWhenMinBelow0_2_oe,commons-rng-sampling/src/test/java/org/apache/commons/rng/sampling/distribution/PoissonSamplerCacheTest.java,,,,assert,unknown,standard,assertEquals
rng_left_513_3,commons-rng,PoissonSamplerCacheTest,testWithRangeConstructorWhenMinBelow0_3_oe,commons-rng-sampling/src/test/java/org/apache/commons/rng/sampling/distribution/PoissonSamplerCacheTest.java,,,,assert,unknown,standard,assertEquals
rng_left_514_1,commons-rng,PoissonSamplerCacheTest,testWithRangeConstructorWhenCacheHasNoCapcity_1_oe,commons-rng-sampling/src/test/java/org/apache/commons/rng/sampling/distribution/PoissonSamplerCacheTest.java,,,,assert,unknown,standard,assertTrue
rng_left_514_2,commons-rng,PoissonSamplerCacheTest,testWithRangeConstructorWhenCacheHasNoCapcity_2_oe,commons-rng-sampling/src/test/java/org/apache/commons/rng/sampling/distribution/PoissonSamplerCacheTest.java,,,,assert,unknown,standard,assertEquals
rng_left_514_3,commons-rng,PoissonSamplerCacheTest,testWithRangeConstructorWhenCacheHasNoCapcity_3_oe,commons-rng-sampling/src/test/java/org/apache/commons/rng/sampling/distribution/PoissonSamplerCacheTest.java,,,,assert,unknown,standard,assertEquals
rng_left_515_1,commons-rng,PoissonSamplerCacheTest,testWithinRange_1_oe,commons-rng-sampling/src/test/java/org/apache/commons/rng/sampling/distribution/PoissonSamplerCacheTest.java,,,,assert,unknown,standard,assertTrue
rng_left_515_2,commons-rng,PoissonSamplerCacheTest,testWithinRange_2_oe,commons-rng-sampling/src/test/java/org/apache/commons/rng/sampling/distribution/PoissonSamplerCacheTest.java,,,,assert,unknown,standard,assertFalse
rng_left_515_3,commons-rng,PoissonSamplerCacheTest,testWithinRange_3_oe,commons-rng-sampling/src/test/java/org/apache/commons/rng/sampling/distribution/PoissonSamplerCacheTest.java,,,,assert,unknown,standard,assertTrue
rng_left_515_4,commons-rng,PoissonSamplerCacheTest,testWithinRange_4_oe,commons-rng-sampling/src/test/java/org/apache/commons/rng/sampling/distribution/PoissonSamplerCacheTest.java,,,,assert,unknown,standard,assertTrue
rng_left_515_5,commons-rng,PoissonSamplerCacheTest,testWithinRange_5_oe,commons-rng-sampling/src/test/java/org/apache/commons/rng/sampling/distribution/PoissonSamplerCacheTest.java,,,,assert,unknown,standard,assertFalse
rng_left_516_1,commons-rng,PoissonSamplerCacheTest,testCreateSharedStateSamplerThrowsWithZeroMean_1_oe,commons-rng-sampling/src/test/java/org/apache/commons/rng/sampling/distribution/PoissonSamplerCacheTest.java,,,,assert,unknown,standard,assertThrows
rng_left_517_1,commons-rng,PoissonSamplerCacheTest,testCreateSharedStateSamplerThrowsWithNonIntegerMean_1_oe,commons-rng-sampling/src/test/java/org/apache/commons/rng/sampling/distribution/PoissonSamplerCacheTest.java,,,,assert,unknown,standard,assertThrows
rng_left_518_1,commons-rng,PoissonSamplerCacheTest,testPoissonSamples_1_oe,,,,,assert,unknown,standard,assertEquals
rng_left_519_1,commons-rng,PoissonSamplerCacheTest,checkComputeSameSamplesAsPoissonSamplerReusingCache_1_oe,,,,,assert,unknown,standard,assertNotSame
rng_left_520_1,commons-rng,PoissonSamplerCacheTest,testCreatePoissonSampler_1_oe,commons-rng-sampling/src/test/java/org/apache/commons/rng/sampling/distribution/PoissonSamplerCacheTest.java,,,,assert,unknown,standard,assertTrue
rng_left_521_1,commons-rng,SamplerBaseTest,testNextMethods_1_oe,commons-rng-sampling/src/test/java/org/apache/commons/rng/sampling/distribution/SamplerBaseTest.java,,,,assert,unknown,standard,assertEquals
rng_left_521_2,commons-rng,SamplerBaseTest,testNextMethods_2_oe,commons-rng-sampling/src/test/java/org/apache/commons/rng/sampling/distribution/SamplerBaseTest.java,,,,assert,unknown,standard,assertEquals
rng_left_521_3,commons-rng,SamplerBaseTest,testNextMethods_3_oe,commons-rng-sampling/src/test/java/org/apache/commons/rng/sampling/distribution/SamplerBaseTest.java,,,,assert,unknown,standard,assertEquals
rng_left_521_4,commons-rng,SamplerBaseTest,testNextMethods_4_oe,commons-rng-sampling/src/test/java/org/apache/commons/rng/sampling/distribution/SamplerBaseTest.java,,,,assert,unknown,standard,assertEquals
rng_left_522_1,commons-rng,SamplerBaseTest,testToString_1_oe,commons-rng-sampling/src/test/java/org/apache/commons/rng/sampling/distribution/SamplerBaseTest.java,,,,assert,unknown,standard,assertTrue
rng_left_523_1,commons-rng,MarsagliaTsangWangDiscreteSamplerTest,testCreateDiscreteDistributionThrowsWithNullProbabilites_1_oe,commons-rng-sampling/src/test/java/org/apache/commons/rng/sampling/distribution/MarsagliaTsangWangDiscreteSamplerTest.java,,,,assert,unknown,custom,assertEnumeratedSamplerConstructorThrows
rng_left_524_1,commons-rng,MarsagliaTsangWangDiscreteSamplerTest,testCreateDiscreteDistributionThrowsWithZeroLengthProbabilites_1_oe,commons-rng-sampling/src/test/java/org/apache/commons/rng/sampling/distribution/MarsagliaTsangWangDiscreteSamplerTest.java,,,,assert,unknown,custom,assertEnumeratedSamplerConstructorThrows
rng_left_525_1,commons-rng,MarsagliaTsangWangDiscreteSamplerTest,testCreateDiscreteDistributionThrowsWithNegativeProbabilites_1_oe,commons-rng-sampling/src/test/java/org/apache/commons/rng/sampling/distribution/MarsagliaTsangWangDiscreteSamplerTest.java,,,,assert,unknown,custom,assertEnumeratedSamplerConstructorThrows
rng_left_526_1,commons-rng,MarsagliaTsangWangDiscreteSamplerTest,testCreateDiscreteDistributionThrowsWithNaNProbabilites_1_oe,commons-rng-sampling/src/test/java/org/apache/commons/rng/sampling/distribution/MarsagliaTsangWangDiscreteSamplerTest.java,,,,assert,unknown,custom,assertEnumeratedSamplerConstructorThrows
rng_left_527_1,commons-rng,MarsagliaTsangWangDiscreteSamplerTest,testCreateDiscreteDistributionThrowsWithInfiniteProbabilites_1_oe,commons-rng-sampling/src/test/java/org/apache/commons/rng/sampling/distribution/MarsagliaTsangWangDiscreteSamplerTest.java,,,,assert,unknown,custom,assertEnumeratedSamplerConstructorThrows
rng_left_528_1,commons-rng,MarsagliaTsangWangDiscreteSamplerTest,testCreateDiscreteDistributionThrowsWithInfiniteSumProbabilites_1_oe,commons-rng-sampling/src/test/java/org/apache/commons/rng/sampling/distribution/MarsagliaTsangWangDiscreteSamplerTest.java,,,,assert,unknown,custom,assertEnumeratedSamplerConstructorThrows
rng_left_529_1,commons-rng,MarsagliaTsangWangDiscreteSamplerTest,testCreateDiscreteDistributionThrowsWithZeroSumProbabilites_1_oe,commons-rng-sampling/src/test/java/org/apache/commons/rng/sampling/distribution/MarsagliaTsangWangDiscreteSamplerTest.java,,,,assert,unknown,custom,assertEnumeratedSamplerConstructorThrows
rng_left_530_1,commons-rng,MarsagliaTsangWangDiscreteSamplerTest,assertEnumeratedSamplerConstructorThrows_1_oe,,,,,assert,unknown,custom,assertEnumeratedSamplerConstructorThrows
rng_left_530_2,commons-rng,MarsagliaTsangWangDiscreteSamplerTest,assertEnumeratedSamplerConstructorThrows_2_oe,,,,,assert,unknown,standard,assertThrows
rng_left_531_1,commons-rng,MarsagliaTsangWangDiscreteSamplerTest,testToString_1_oe,commons-rng-sampling/src/test/java/org/apache/commons/rng/sampling/distribution/MarsagliaTsangWangDiscreteSamplerTest.java,,,,assert,unknown,standard,assertTrue
rng_left_532_1,commons-rng,MarsagliaTsangWangDiscreteSamplerTest,testOffsetSamples_1_oe,commons-rng-sampling/src/test/java/org/apache/commons/rng/sampling/distribution/MarsagliaTsangWangDiscreteSamplerTest.java,,,,assert,unknown,standard,assertEquals
rng_left_532_2,commons-rng,MarsagliaTsangWangDiscreteSamplerTest,testOffsetSamples_2_oe,commons-rng-sampling/src/test/java/org/apache/commons/rng/sampling/distribution/MarsagliaTsangWangDiscreteSamplerTest.java,,,,assert,unknown,standard,assertEquals
rng_left_533_1,commons-rng,MarsagliaTsangWangDiscreteSamplerTest,testRealProbabilityDistributionSamples_1_oe,commons-rng-sampling/src/test/java/org/apache/commons/rng/sampling/distribution/MarsagliaTsangWangDiscreteSamplerTest.java,,,,assert,unknown,standard,assertFalse
rng_left_534_1,commons-rng,MarsagliaTsangWangDiscreteSamplerTest,checkStorageRequirements_1_oe,,,,,assert,unknown,standard,assertTrue
rng_left_534_2,commons-rng,MarsagliaTsangWangDiscreteSamplerTest,checkStorageRequirements_2_oe,,,,,assert,unknown,standard,assertTrue
rng_left_535_1,commons-rng,MarsagliaTsangWangDiscreteSamplerTest,testCreatePoissonDistributionThrowsWithMeanLargerThanUpperBound_1_oe,commons-rng-sampling/src/test/java/org/apache/commons/rng/sampling/distribution/MarsagliaTsangWangDiscreteSamplerTest.java,,,,assert,unknown,standard,assertThrows
rng_left_536_1,commons-rng,MarsagliaTsangWangDiscreteSamplerTest,testCreatePoissonDistributionThrowsWithZeroMean_1_oe,commons-rng-sampling/src/test/java/org/apache/commons/rng/sampling/distribution/MarsagliaTsangWangDiscreteSamplerTest.java,,,,assert,unknown,standard,assertThrows
rng_left_537_1,commons-rng,MarsagliaTsangWangDiscreteSamplerTest,testCreateBinomialDistributionThrowsWithTrialsBelow0_1_oe,commons-rng-sampling/src/test/java/org/apache/commons/rng/sampling/distribution/MarsagliaTsangWangDiscreteSamplerTest.java,,,,assert,unknown,standard,assertThrows
rng_left_538_1,commons-rng,MarsagliaTsangWangDiscreteSamplerTest,testCreateBinomialDistributionThrowsWithTrialsAboveMax_1_oe,commons-rng-sampling/src/test/java/org/apache/commons/rng/sampling/distribution/MarsagliaTsangWangDiscreteSamplerTest.java,,,,assert,unknown,standard,assertThrows
rng_left_539_1,commons-rng,MarsagliaTsangWangDiscreteSamplerTest,testCreateBinomialDistributionThrowsWithProbabilityBelow0_1_oe,commons-rng-sampling/src/test/java/org/apache/commons/rng/sampling/distribution/MarsagliaTsangWangDiscreteSamplerTest.java,,,,assert,unknown,standard,assertThrows
rng_left_540_1,commons-rng,MarsagliaTsangWangDiscreteSamplerTest,testCreateBinomialDistributionThrowsWithProbabilityAbove1_1_oe,commons-rng-sampling/src/test/java/org/apache/commons/rng/sampling/distribution/MarsagliaTsangWangDiscreteSamplerTest.java,,,,assert,unknown,standard,assertThrows
rng_left_541_1,commons-rng,MarsagliaTsangWangDiscreteSamplerTest,testCreateBinomialDistributionWithSmallestP0ValueAndHighestProbabilityOfSuccess_1_oe,commons-rng-sampling/src/test/java/org/apache/commons/rng/sampling/distribution/MarsagliaTsangWangDiscreteSamplerTest.java,,,,assert,unknown,standard,assertEquals
rng_left_541_2,commons-rng,MarsagliaTsangWangDiscreteSamplerTest,testCreateBinomialDistributionWithSmallestP0ValueAndHighestProbabilityOfSuccess_2_oe,commons-rng-sampling/src/test/java/org/apache/commons/rng/sampling/distribution/MarsagliaTsangWangDiscreteSamplerTest.java,,,,assert,unknown,standard,assertEquals
rng_left_542_1,commons-rng,MarsagliaTsangWangDiscreteSamplerTest,testCreateBinomialDistributionThrowsWhenP0IsZero_1_oe,commons-rng-sampling/src/test/java/org/apache/commons/rng/sampling/distribution/MarsagliaTsangWangDiscreteSamplerTest.java,,,,assert,unknown,standard,assertEquals
rng_left_542_2,commons-rng,MarsagliaTsangWangDiscreteSamplerTest,testCreateBinomialDistributionThrowsWhenP0IsZero_2_oe,commons-rng-sampling/src/test/java/org/apache/commons/rng/sampling/distribution/MarsagliaTsangWangDiscreteSamplerTest.java,,,,assert,unknown,standard,assertThrows
rng_left_543_1,commons-rng,MarsagliaTsangWangDiscreteSamplerTest,testCreateBinomialDistributionWithLargestTrialsAndSmallestProbabilityOfSuccess_1_oe,commons-rng-sampling/src/test/java/org/apache/commons/rng/sampling/distribution/MarsagliaTsangWangDiscreteSamplerTest.java,,,,assert,unknown,standard,assertEquals
rng_left_543_2,commons-rng,MarsagliaTsangWangDiscreteSamplerTest,testCreateBinomialDistributionWithLargestTrialsAndSmallestProbabilityOfSuccess_2_oe,commons-rng-sampling/src/test/java/org/apache/commons/rng/sampling/distribution/MarsagliaTsangWangDiscreteSamplerTest.java,,,,assert,unknown,standard,assertEquals
rng_left_543_3,commons-rng,MarsagliaTsangWangDiscreteSamplerTest,testCreateBinomialDistributionWithLargestTrialsAndSmallestProbabilityOfSuccess_3_oe,commons-rng-sampling/src/test/java/org/apache/commons/rng/sampling/distribution/MarsagliaTsangWangDiscreteSamplerTest.java,,,,assert,unknown,standard,assertEquals
rng_left_543_4,commons-rng,MarsagliaTsangWangDiscreteSamplerTest,testCreateBinomialDistributionWithLargestTrialsAndSmallestProbabilityOfSuccess_4_oe,commons-rng-sampling/src/test/java/org/apache/commons/rng/sampling/distribution/MarsagliaTsangWangDiscreteSamplerTest.java,,,,assert,unknown,standard,assertEquals
rng_left_544_1,commons-rng,MarsagliaTsangWangDiscreteSamplerTest,testCreateBinomialDistributionWithProbability0_1_oe,commons-rng-sampling/src/test/java/org/apache/commons/rng/sampling/distribution/MarsagliaTsangWangDiscreteSamplerTest.java,,,,assert,unknown,standard,assertEquals
rng_left_544_2,commons-rng,MarsagliaTsangWangDiscreteSamplerTest,testCreateBinomialDistributionWithProbability0_2_oe,commons-rng-sampling/src/test/java/org/apache/commons/rng/sampling/distribution/MarsagliaTsangWangDiscreteSamplerTest.java,,,,assert,unknown,standard,assertTrue
rng_left_545_1,commons-rng,MarsagliaTsangWangDiscreteSamplerTest,testCreateBinomialDistributionWithProbability1_1_oe,commons-rng-sampling/src/test/java/org/apache/commons/rng/sampling/distribution/MarsagliaTsangWangDiscreteSamplerTest.java,,,,assert,unknown,standard,assertEquals
rng_left_545_2,commons-rng,MarsagliaTsangWangDiscreteSamplerTest,testCreateBinomialDistributionWithProbability1_2_oe,commons-rng-sampling/src/test/java/org/apache/commons/rng/sampling/distribution/MarsagliaTsangWangDiscreteSamplerTest.java,,,,assert,unknown,standard,assertTrue
rng_left_546_1,commons-rng,MarsagliaTsangWangDiscreteSamplerTest,testBinomialSamplerToString_1_oe,commons-rng-sampling/src/test/java/org/apache/commons/rng/sampling/distribution/MarsagliaTsangWangDiscreteSamplerTest.java,,,,assert,unknown,standard,assertEquals
rng_left_547_1,commons-rng,MarsagliaTsangWangDiscreteSamplerTest,testSharedStateSampler_1_oe,,,,,assert,unknown,custom,assertProduceSameSequence
rng_left_548_1,commons-rng,MarsagliaTsangWangDiscreteSamplerTest,testSharedStateSampler_1_oe,,,,,assert,unknown,custom,assertProduceSameSequence
rng_left_549_1,commons-rng,BoxMullerLogNormalSamplerTest,testConstructorThrowsWithNegativeScale_1_oe,commons-rng-sampling/src/test/java/org/apache/commons/rng/sampling/distribution/BoxMullerLogNormalSamplerTest.java,,,,assert,unknown,standard,assertThrows
rng_left_550_1,commons-rng,BoxMullerLogNormalSamplerTest,testConstructorThrowsWithZeroShape_1_oe,commons-rng-sampling/src/test/java/org/apache/commons/rng/sampling/distribution/BoxMullerLogNormalSamplerTest.java,,,,assert,unknown,standard,assertThrows
rng_left_551_1,commons-rng,LargeMeanPoissonSamplerTest,testConstructorThrowsWithMeanLargerThanUpperBound_1_oe,commons-rng-sampling/src/test/java/org/apache/commons/rng/sampling/distribution/LargeMeanPoissonSamplerTest.java,,,,assert,unknown,standard,assertThrows
rng_left_552_1,commons-rng,LargeMeanPoissonSamplerTest,testConstructorThrowsWithMeanBelow1_1_oe,commons-rng-sampling/src/test/java/org/apache/commons/rng/sampling/distribution/LargeMeanPoissonSamplerTest.java,,,,assert,unknown,standard,assertThrows
rng_left_553_1,commons-rng,LargeMeanPoissonSamplerTest,testConstructorThrowsWithStateAndNegativeFractionalMean_1_oe,commons-rng-sampling/src/test/java/org/apache/commons/rng/sampling/distribution/LargeMeanPoissonSamplerTest.java,,,,assert,unknown,standard,assertThrows
rng_left_554_1,commons-rng,LargeMeanPoissonSamplerTest,testConstructorThrowsWithStateAndNonFractionalMean_1_oe,commons-rng-sampling/src/test/java/org/apache/commons/rng/sampling/distribution/LargeMeanPoissonSamplerTest.java,,,,assert,unknown,standard,assertThrows
rng_left_555_1,commons-rng,LargeMeanPoissonSamplerTest,testConstructorThrowsWithStateAndFractionalMeanOne_1_oe,commons-rng-sampling/src/test/java/org/apache/commons/rng/sampling/distribution/LargeMeanPoissonSamplerTest.java,,,,assert,unknown,standard,assertThrows
rng_left_556_1,commons-rng,LargeMeanPoissonSamplerTest,testPoissonSamples_1_oe,,,,,assert,unknown,standard,assertEquals
rng_left_556_2,commons-rng,LargeMeanPoissonSamplerTest,testPoissonSamples_2_oe,,,,,assert,unknown,standard,assertNotSame
rng_left_556_3,commons-rng,LargeMeanPoissonSamplerTest,testPoissonSamples_3_oe,,,,,assert,unknown,custom,assertProduceSameSequence
rng_left_557_1,commons-rng,LargeMeanPoissonSamplerTest,testSharedStateSampler_1_oe,,,,,assert,unknown,custom,assertProduceSameSequence
rng_left_558_1,commons-rng,UniformLongSamplerTest,testConstructorThrowsWithLowerAboveUpper_1_oe,commons-rng-sampling/src/test/java/org/apache/commons/rng/sampling/distribution/UniformLongSamplerTest.java,,,,assert,unknown,standard,assertThrows
rng_left_559_1,commons-rng,UniformLongSamplerTest,testSamplesWithRangeOf1_1_oe,commons-rng-sampling/src/test/java/org/apache/commons/rng/sampling/distribution/UniformLongSamplerTest.java,,,,assert,unknown,standard,assertEquals
rng_left_560_1,commons-rng,UniformLongSamplerTest,testSamplesWithFullRange_1_oe,commons-rng-sampling/src/test/java/org/apache/commons/rng/sampling/distribution/UniformLongSamplerTest.java,,,,assert,unknown,standard,assertEquals
rng_left_561_1,commons-rng,UniformLongSamplerTest,testSamplesWithSmallNonPowerOf2Range_1_oe,commons-rng-sampling/src/test/java/org/apache/commons/rng/sampling/distribution/UniformLongSamplerTest.java,,,,assert,unknown,standard,assertEquals
rng_left_562_1,commons-rng,UniformLongSamplerTest,testSamplesWithPowerOf2Range_1_oe,commons-rng-sampling/src/test/java/org/apache/commons/rng/sampling/distribution/UniformLongSamplerTest.java,,,,assert,unknown,standard,assertEquals
rng_left_562_2,commons-rng,UniformLongSamplerTest,testSamplesWithPowerOf2Range_2_oe,commons-rng-sampling/src/test/java/org/apache/commons/rng/sampling/distribution/UniformLongSamplerTest.java,,,,assert,unknown,standard,assertEquals
rng_left_563_1,commons-rng,UniformLongSamplerTest,testSamplesWithPowerOf2RangeIsBitShift_1_oe,commons-rng-sampling/src/test/java/org/apache/commons/rng/sampling/distribution/UniformLongSamplerTest.java,,,,assert,unknown,standard,assertEquals
rng_left_564_1,commons-rng,UniformLongSamplerTest,testSamplesWithLargeNonPowerOf2RangeIsRejectionMethod_1_oe,commons-rng-sampling/src/test/java/org/apache/commons/rng/sampling/distribution/UniformLongSamplerTest.java,,,,assert,unknown,standard,assertEquals
rng_left_565_1,commons-rng,UniformLongSamplerTest,testOffsetSamplesWithNonPowerOf2Range_1_oe,commons-rng-sampling/src/test/java/org/apache/commons/rng/sampling/distribution/UniformLongSamplerTest.java,,,,assert,unknown,custom,assertOffsetSamples
rng_left_566_1,commons-rng,UniformLongSamplerTest,testOffsetSamplesWithPowerOf2Range_1_oe,commons-rng-sampling/src/test/java/org/apache/commons/rng/sampling/distribution/UniformLongSamplerTest.java,,,,assert,unknown,custom,assertOffsetSamples
rng_left_567_1,commons-rng,UniformLongSamplerTest,testOffsetSamplesWithRangeOf1_1_oe,commons-rng-sampling/src/test/java/org/apache/commons/rng/sampling/distribution/UniformLongSamplerTest.java,,,,assert,unknown,custom,assertOffsetSamples
rng_left_568_1,commons-rng,UniformLongSamplerTest,assertOffsetSamples_1_oe,,,,,assert,unknown,custom,assertOffsetSamples
rng_left_568_2,commons-rng,UniformLongSamplerTest,assertOffsetSamples_2_oe,,,,,assert,unknown,standard,assertEquals
rng_left_568_3,commons-rng,UniformLongSamplerTest,assertOffsetSamples_3_oe,,,,,assert,unknown,standard,assertEquals
rng_left_569_1,commons-rng,UniformLongSamplerTest,testSampleUniformityWithPowerOf2Range_1_oe,commons-rng-sampling/src/test/java/org/apache/commons/rng/sampling/distribution/UniformLongSamplerTest.java,,,,assert,unknown,standard,assertEquals
rng_left_570_1,commons-rng,UniformLongSamplerTest,testSharedStateSamplerWithSmallRange_1_oe,commons-rng-sampling/src/test/java/org/apache/commons/rng/sampling/distribution/UniformLongSamplerTest.java,,,,assert,unknown,custom,assertSharedStateSampler
rng_left_571_1,commons-rng,UniformLongSamplerTest,testSharedStateSamplerWithLargeRange_1_oe,commons-rng-sampling/src/test/java/org/apache/commons/rng/sampling/distribution/UniformLongSamplerTest.java,,,,assert,unknown,custom,assertSharedStateSampler
rng_left_572_1,commons-rng,UniformLongSamplerTest,testSharedStateSamplerWithPowerOf2Range_1_oe,commons-rng-sampling/src/test/java/org/apache/commons/rng/sampling/distribution/UniformLongSamplerTest.java,,,,assert,unknown,custom,assertSharedStateSampler
rng_left_573_1,commons-rng,UniformLongSamplerTest,testSharedStateSamplerWithRangeOf1_1_oe,commons-rng-sampling/src/test/java/org/apache/commons/rng/sampling/distribution/UniformLongSamplerTest.java,,,,assert,unknown,custom,assertSharedStateSampler
rng_left_574_1,commons-rng,UniformLongSamplerTest,assertSharedStateSampler_1_oe,,,,,assert,unknown,custom,assertSharedStateSampler
rng_left_574_2,commons-rng,UniformLongSamplerTest,assertSharedStateSampler_2_oe,,,,,assert,unknown,custom,assertProduceSameSequence
rng_left_575_1,commons-rng,UniformLongSamplerTest,testToStringWithSmallRange_1_oe,commons-rng-sampling/src/test/java/org/apache/commons/rng/sampling/distribution/UniformLongSamplerTest.java,,,,assert,unknown,custom,assertToString
rng_left_576_1,commons-rng,UniformLongSamplerTest,testToStringWithLargeRange_1_oe,commons-rng-sampling/src/test/java/org/apache/commons/rng/sampling/distribution/UniformLongSamplerTest.java,,,,assert,unknown,custom,assertToString
rng_left_577_1,commons-rng,UniformLongSamplerTest,testToStringWithPowerOf2Range_1_oe,commons-rng-sampling/src/test/java/org/apache/commons/rng/sampling/distribution/UniformLongSamplerTest.java,,,,assert,unknown,custom,assertToString
rng_left_578_1,commons-rng,UniformLongSamplerTest,testToStringWithRangeOf1_1_oe,commons-rng-sampling/src/test/java/org/apache/commons/rng/sampling/distribution/UniformLongSamplerTest.java,,,,assert,unknown,custom,assertToString
rng_left_579_1,commons-rng,UniformLongSamplerTest,assertToString_1_oe,,,,,assert,unknown,custom,assertToString
rng_left_579_2,commons-rng,UniformLongSamplerTest,assertToString_2_oe,,,,,assert,unknown,standard,assertTrue
rng_left_580_1,commons-rng,InverseTransformParetoSamplerTest,testConstructorThrowsWithZeroScale_1_oe,commons-rng-sampling/src/test/java/org/apache/commons/rng/sampling/distribution/InverseTransformParetoSamplerTest.java,,,,assert,unknown,standard,assertThrows
rng_left_581_1,commons-rng,InverseTransformParetoSamplerTest,testConstructorThrowsWithZeroShape_1_oe,commons-rng-sampling/src/test/java/org/apache/commons/rng/sampling/distribution/InverseTransformParetoSamplerTest.java,,,,assert,unknown,standard,assertThrows
rng_left_582_1,commons-rng,InverseTransformParetoSamplerTest,testSharedStateSampler_1_oe,commons-rng-sampling/src/test/java/org/apache/commons/rng/sampling/distribution/InverseTransformParetoSamplerTest.java,,,,assert,unknown,custom,assertProduceSameSequence
rng_left_583_1,commons-rng,ContinuousSamplerParametricTest,check_1_oe,,,,,assert,unknown,standard,fail
rng_left_584_1,commons-rng,DiscreteSamplerParametricTest,check_1_oe,,,,,assert,unknown,standard,fail
rng_left_585_1,commons-rng,MarsagliaNormalisedGaussianSamplerTest,testSharedStateSampler_1_oe,commons-rng-sampling/src/test/java/org/apache/commons/rng/sampling/distribution/MarsagliaNormalisedGaussianSamplerTest.java,,,,assert,unknown,custom,assertProduceSameSequence
rng_left_586_1,commons-rng,MarsagliaNormalisedGaussianSamplerTest,testSamplePairIsRejected_1_oe,commons-rng-sampling/src/test/java/org/apache/commons/rng/sampling/distribution/MarsagliaNormalisedGaussianSamplerTest.java,,,,assert,unknown,standard,assertEquals
rng_left_587_1,commons-rng,StableSamplerTest,testAlphaZeroThrows_1_oe,commons-rng-sampling/src/test/java/org/apache/commons/rng/sampling/distribution/StableSamplerTest.java,,,,assert,unknown,custom,assertConstructorThrows
rng_left_588_1,commons-rng,StableSamplerTest,testAlphaBelowZeroThrows_1_oe,commons-rng-sampling/src/test/java/org/apache/commons/rng/sampling/distribution/StableSamplerTest.java,,,,assert,unknown,custom,assertConstructorThrows
rng_left_589_1,commons-rng,StableSamplerTest,testAlphaTooCloseToZeroThrows_1_oe,commons-rng-sampling/src/test/java/org/apache/commons/rng/sampling/distribution/StableSamplerTest.java,,,,assert,unknown,standard,assertNotNull
rng_left_589_2,commons-rng,StableSamplerTest,testAlphaTooCloseToZeroThrows_2_oe,commons-rng-sampling/src/test/java/org/apache/commons/rng/sampling/distribution/StableSamplerTest.java,,,,assert,unknown,standard,assertNotEquals
rng_left_589_3,commons-rng,StableSamplerTest,testAlphaTooCloseToZeroThrows_3_oe,commons-rng-sampling/src/test/java/org/apache/commons/rng/sampling/distribution/StableSamplerTest.java,,,,assert,unknown,standard,assertEquals
rng_left_589_4,commons-rng,StableSamplerTest,testAlphaTooCloseToZeroThrows_4_oe,commons-rng-sampling/src/test/java/org/apache/commons/rng/sampling/distribution/StableSamplerTest.java,,,,assert,unknown,custom,assertConstructorThrows
rng_left_590_1,commons-rng,StableSamplerTest,testAlphaAboveTwoThrows_1_oe,commons-rng-sampling/src/test/java/org/apache/commons/rng/sampling/distribution/StableSamplerTest.java,,,,assert,unknown,custom,assertConstructorThrows
rng_left_591_1,commons-rng,StableSamplerTest,testAlphaNaNThrows_1_oe,commons-rng-sampling/src/test/java/org/apache/commons/rng/sampling/distribution/StableSamplerTest.java,,,,assert,unknown,custom,assertConstructorThrows
rng_left_592_1,commons-rng,StableSamplerTest,testBetaBelowMinusOneThrows_1_oe,commons-rng-sampling/src/test/java/org/apache/commons/rng/sampling/distribution/StableSamplerTest.java,,,,assert,unknown,custom,assertConstructorThrows
rng_left_593_1,commons-rng,StableSamplerTest,testBetaAboveOneThrows_1_oe,commons-rng-sampling/src/test/java/org/apache/commons/rng/sampling/distribution/StableSamplerTest.java,,,,assert,unknown,custom,assertConstructorThrows
rng_left_594_1,commons-rng,StableSamplerTest,testBetaNaNThrows_1_oe,commons-rng-sampling/src/test/java/org/apache/commons/rng/sampling/distribution/StableSamplerTest.java,,,,assert,unknown,custom,assertConstructorThrows
rng_left_595_1,commons-rng,StableSamplerTest,testGammaNotStrictlyPositiveThrows_1_oe,commons-rng-sampling/src/test/java/org/apache/commons/rng/sampling/distribution/StableSamplerTest.java,,,,assert,unknown,custom,assertConstructorThrows
rng_left_596_1,commons-rng,StableSamplerTest,testGammaInfThrows_1_oe,commons-rng-sampling/src/test/java/org/apache/commons/rng/sampling/distribution/StableSamplerTest.java,,,,assert,unknown,custom,assertConstructorThrows
rng_left_597_1,commons-rng,StableSamplerTest,testGammaNaNThrows_1_oe,commons-rng-sampling/src/test/java/org/apache/commons/rng/sampling/distribution/StableSamplerTest.java,,,,assert,unknown,custom,assertConstructorThrows
rng_left_598_1,commons-rng,StableSamplerTest,testDeltaInfThrows_1_oe,commons-rng-sampling/src/test/java/org/apache/commons/rng/sampling/distribution/StableSamplerTest.java,,,,assert,unknown,custom,assertConstructorThrows
rng_left_599_1,commons-rng,StableSamplerTest,testDeltaNegInfThrows_1_oe,commons-rng-sampling/src/test/java/org/apache/commons/rng/sampling/distribution/StableSamplerTest.java,,,,assert,unknown,custom,assertConstructorThrows
rng_left_600_1,commons-rng,StableSamplerTest,testDeltaNaNThrows_1_oe,commons-rng-sampling/src/test/java/org/apache/commons/rng/sampling/distribution/StableSamplerTest.java,,,,assert,unknown,custom,assertConstructorThrows
rng_left_601_1,commons-rng,StableSamplerTest,assertConstructorThrows_1_oe,,,,,assert,unknown,custom,assertConstructorThrows
rng_left_601_2,commons-rng,StableSamplerTest,assertConstructorThrows_2_oe,,,,,assert,unknown,standard,assertThrows
rng_left_602_1,commons-rng,StableSamplerTest,testTauLimits_1_oe,commons-rng-sampling/src/test/java/org/apache/commons/rng/sampling/distribution/StableSamplerTest.java,,,,assert,unknown,standard,assertEquals
rng_left_602_2,commons-rng,StableSamplerTest,testTauLimits_2_oe,commons-rng-sampling/src/test/java/org/apache/commons/rng/sampling/distribution/StableSamplerTest.java,,,,assert,unknown,standard,assertEquals
rng_left_602_3,commons-rng,StableSamplerTest,testTauLimits_3_oe,commons-rng-sampling/src/test/java/org/apache/commons/rng/sampling/distribution/StableSamplerTest.java,,,,assert,unknown,standard,assertEquals
rng_left_602_4,commons-rng,StableSamplerTest,testTauLimits_4_oe,commons-rng-sampling/src/test/java/org/apache/commons/rng/sampling/distribution/StableSamplerTest.java,,,,assert,unknown,standard,assertEquals
rng_left_602_5,commons-rng,StableSamplerTest,testTauLimits_5_oe,commons-rng-sampling/src/test/java/org/apache/commons/rng/sampling/distribution/StableSamplerTest.java,,,,assert,unknown,standard,assertEquals
rng_left_602_6,commons-rng,StableSamplerTest,testTauLimits_6_oe,commons-rng-sampling/src/test/java/org/apache/commons/rng/sampling/distribution/StableSamplerTest.java,,,,assert,unknown,standard,assertEquals
rng_left_602_7,commons-rng,StableSamplerTest,testTauLimits_7_oe,commons-rng-sampling/src/test/java/org/apache/commons/rng/sampling/distribution/StableSamplerTest.java,,,,assert,unknown,standard,assertEquals
rng_left_602_8,commons-rng,StableSamplerTest,testTauLimits_8_oe,commons-rng-sampling/src/test/java/org/apache/commons/rng/sampling/distribution/StableSamplerTest.java,,,,assert,unknown,standard,assertEquals
rng_left_602_9,commons-rng,StableSamplerTest,testTauLimits_9_oe,commons-rng-sampling/src/test/java/org/apache/commons/rng/sampling/distribution/StableSamplerTest.java,,,,assert,unknown,standard,assertEquals
rng_left_602_10,commons-rng,StableSamplerTest,testTauLimits_10_oe,commons-rng-sampling/src/test/java/org/apache/commons/rng/sampling/distribution/StableSamplerTest.java,,,,assert,unknown,standard,assertNotEquals
rng_left_602_11,commons-rng,StableSamplerTest,testTauLimits_11_oe,commons-rng-sampling/src/test/java/org/apache/commons/rng/sampling/distribution/StableSamplerTest.java,,,,assert,unknown,standard,assertEquals
rng_left_602_12,commons-rng,StableSamplerTest,testTauLimits_12_oe,commons-rng-sampling/src/test/java/org/apache/commons/rng/sampling/distribution/StableSamplerTest.java,,,,assert,unknown,standard,assertEquals
rng_left_602_13,commons-rng,StableSamplerTest,testTauLimits_13_oe,commons-rng-sampling/src/test/java/org/apache/commons/rng/sampling/distribution/StableSamplerTest.java,,,,assert,unknown,standard,assertEquals
rng_left_602_14,commons-rng,StableSamplerTest,testTauLimits_14_oe,commons-rng-sampling/src/test/java/org/apache/commons/rng/sampling/distribution/StableSamplerTest.java,,,,assert,unknown,standard,assertEquals
rng_left_602_15,commons-rng,StableSamplerTest,testTauLimits_15_oe,commons-rng-sampling/src/test/java/org/apache/commons/rng/sampling/distribution/StableSamplerTest.java,,,,assert,unknown,standard,assertTrue
rng_left_602_16,commons-rng,StableSamplerTest,testTauLimits_16_oe,commons-rng-sampling/src/test/java/org/apache/commons/rng/sampling/distribution/StableSamplerTest.java,,,,assert,unknown,standard,assertTrue
rng_left_602_17,commons-rng,StableSamplerTest,testTauLimits_17_oe,commons-rng-sampling/src/test/java/org/apache/commons/rng/sampling/distribution/StableSamplerTest.java,,,,assert,unknown,standard,assertEquals
rng_left_602_18,commons-rng,StableSamplerTest,testTauLimits_18_oe,commons-rng-sampling/src/test/java/org/apache/commons/rng/sampling/distribution/StableSamplerTest.java,,,,assert,unknown,standard,assertEquals
rng_left_602_19,commons-rng,StableSamplerTest,testTauLimits_19_oe,commons-rng-sampling/src/test/java/org/apache/commons/rng/sampling/distribution/StableSamplerTest.java,,,,assert,unknown,standard,assertEquals
rng_left_603_1,commons-rng,StableSamplerTest,testA2IsNotZero_1_oe,commons-rng-sampling/src/test/java/org/apache/commons/rng/sampling/distribution/StableSamplerTest.java,,,,assert,unknown,standard,assertEquals
rng_left_603_2,commons-rng,StableSamplerTest,testA2IsNotZero_2_oe,commons-rng-sampling/src/test/java/org/apache/commons/rng/sampling/distribution/StableSamplerTest.java,,,,assert,unknown,standard,assertNotEquals
rng_left_603_3,commons-rng,StableSamplerTest,testA2IsNotZero_3_oe,commons-rng-sampling/src/test/java/org/apache/commons/rng/sampling/distribution/StableSamplerTest.java,,,,assert,unknown,standard,assertNotEquals
rng_left_603_4,commons-rng,StableSamplerTest,testA2IsNotZero_4_oe,commons-rng-sampling/src/test/java/org/apache/commons/rng/sampling/distribution/StableSamplerTest.java,,,,assert,unknown,standard,assertEquals
rng_left_603_5,commons-rng,StableSamplerTest,testA2IsNotZero_5_oe,commons-rng-sampling/src/test/java/org/apache/commons/rng/sampling/distribution/StableSamplerTest.java,,,,assert,unknown,standard,assertEquals
rng_left_603_6,commons-rng,StableSamplerTest,testA2IsNotZero_6_oe,commons-rng-sampling/src/test/java/org/apache/commons/rng/sampling/distribution/StableSamplerTest.java,,,,assert,unknown,standard,assertEquals
rng_left_603_7,commons-rng,StableSamplerTest,testA2IsNotZero_7_oe,commons-rng-sampling/src/test/java/org/apache/commons/rng/sampling/distribution/StableSamplerTest.java,,,,assert,unknown,standard,assertNotEquals
rng_left_603_8,commons-rng,StableSamplerTest,testA2IsNotZero_8_oe,commons-rng-sampling/src/test/java/org/apache/commons/rng/sampling/distribution/StableSamplerTest.java,,,,assert,unknown,standard,assertEquals
rng_left_604_1,commons-rng,StableSamplerTest,testZIsNotAlwaysAboveZero_1_oe,commons-rng-sampling/src/test/java/org/apache/commons/rng/sampling/distribution/StableSamplerTest.java,,,,assert,unknown,standard,assertEquals
rng_left_604_2,commons-rng,StableSamplerTest,testZIsNotAlwaysAboveZero_2_oe,commons-rng-sampling/src/test/java/org/apache/commons/rng/sampling/distribution/StableSamplerTest.java,,,,assert,unknown,standard,assertEquals
rng_left_604_3,commons-rng,StableSamplerTest,testZIsNotAlwaysAboveZero_3_oe,commons-rng-sampling/src/test/java/org/apache/commons/rng/sampling/distribution/StableSamplerTest.java,,,,assert,unknown,standard,assertEquals
rng_left_604_4,commons-rng,StableSamplerTest,testZIsNotAlwaysAboveZero_4_oe,commons-rng-sampling/src/test/java/org/apache/commons/rng/sampling/distribution/StableSamplerTest.java,,,,assert,unknown,standard,assertEquals
rng_left_604_5,commons-rng,StableSamplerTest,testZIsNotAlwaysAboveZero_5_oe,commons-rng-sampling/src/test/java/org/apache/commons/rng/sampling/distribution/StableSamplerTest.java,,,,assert,unknown,standard,assertTrue
rng_left_604_6,commons-rng,StableSamplerTest,testZIsNotAlwaysAboveZero_6_oe,commons-rng-sampling/src/test/java/org/apache/commons/rng/sampling/distribution/StableSamplerTest.java,,,,assert,unknown,standard,assertTrue
rng_left_604_7,commons-rng,StableSamplerTest,testZIsNotAlwaysAboveZero_7_oe,commons-rng-sampling/src/test/java/org/apache/commons/rng/sampling/distribution/StableSamplerTest.java,,,,assert,unknown,standard,assertTrue
rng_left_604_8,commons-rng,StableSamplerTest,testZIsNotAlwaysAboveZero_8_oe,commons-rng-sampling/src/test/java/org/apache/commons/rng/sampling/distribution/StableSamplerTest.java,,,,assert,unknown,standard,assertTrue
rng_left_604_9,commons-rng,StableSamplerTest,testZIsNotAlwaysAboveZero_9_oe,commons-rng-sampling/src/test/java/org/apache/commons/rng/sampling/distribution/StableSamplerTest.java,,,,assert,unknown,standard,assertTrue
rng_left_604_10,commons-rng,StableSamplerTest,testZIsNotAlwaysAboveZero_10_oe,commons-rng-sampling/src/test/java/org/apache/commons/rng/sampling/distribution/StableSamplerTest.java,,,,assert,unknown,standard,assertTrue
rng_left_604_11,commons-rng,StableSamplerTest,testZIsNotAlwaysAboveZero_11_oe,commons-rng-sampling/src/test/java/org/apache/commons/rng/sampling/distribution/StableSamplerTest.java,,,,assert,unknown,standard,assertTrue
rng_left_604_12,commons-rng,StableSamplerTest,testZIsNotAlwaysAboveZero_12_oe,commons-rng-sampling/src/test/java/org/apache/commons/rng/sampling/distribution/StableSamplerTest.java,,,,assert,unknown,standard,assertEquals
rng_left_604_13,commons-rng,StableSamplerTest,testZIsNotAlwaysAboveZero_13_oe,commons-rng-sampling/src/test/java/org/apache/commons/rng/sampling/distribution/StableSamplerTest.java,,,,assert,unknown,standard,assertTrue
rng_left_604_14,commons-rng,StableSamplerTest,testZIsNotAlwaysAboveZero_14_oe,commons-rng-sampling/src/test/java/org/apache/commons/rng/sampling/distribution/StableSamplerTest.java,,,,assert,unknown,standard,assertTrue
rng_left_604_15,commons-rng,StableSamplerTest,testZIsNotAlwaysAboveZero_15_oe,commons-rng-sampling/src/test/java/org/apache/commons/rng/sampling/distribution/StableSamplerTest.java,,,,assert,unknown,standard,assertEquals
rng_left_604_16,commons-rng,StableSamplerTest,testZIsNotAlwaysAboveZero_16_oe,commons-rng-sampling/src/test/java/org/apache/commons/rng/sampling/distribution/StableSamplerTest.java,,,,assert,unknown,standard,assertTrue
rng_left_604_17,commons-rng,StableSamplerTest,testZIsNotAlwaysAboveZero_17_oe,commons-rng-sampling/src/test/java/org/apache/commons/rng/sampling/distribution/StableSamplerTest.java,,,,assert,unknown,standard,assertTrue
rng_left_604_18,commons-rng,StableSamplerTest,testZIsNotAlwaysAboveZero_18_oe,commons-rng-sampling/src/test/java/org/apache/commons/rng/sampling/distribution/StableSamplerTest.java,,,,assert,unknown,standard,assertTrue
rng_left_604_19,commons-rng,StableSamplerTest,testZIsNotAlwaysAboveZero_19_oe,commons-rng-sampling/src/test/java/org/apache/commons/rng/sampling/distribution/StableSamplerTest.java,,,,assert,unknown,standard,assertTrue
rng_left_604_20,commons-rng,StableSamplerTest,testZIsNotAlwaysAboveZero_20_oe,commons-rng-sampling/src/test/java/org/apache/commons/rng/sampling/distribution/StableSamplerTest.java,,,,assert,unknown,standard,assertEquals
rng_left_604_21,commons-rng,StableSamplerTest,testZIsNotAlwaysAboveZero_21_oe,commons-rng-sampling/src/test/java/org/apache/commons/rng/sampling/distribution/StableSamplerTest.java,,,,assert,unknown,standard,assertTrue
rng_left_604_22,commons-rng,StableSamplerTest,testZIsNotAlwaysAboveZero_22_oe,commons-rng-sampling/src/test/java/org/apache/commons/rng/sampling/distribution/StableSamplerTest.java,,,,assert,unknown,standard,assertTrue
rng_left_604_23,commons-rng,StableSamplerTest,testZIsNotAlwaysAboveZero_23_oe,commons-rng-sampling/src/test/java/org/apache/commons/rng/sampling/distribution/StableSamplerTest.java,,,,assert,unknown,standard,assertTrue
rng_left_605_1,commons-rng,StableSamplerTest,testComputeDWhenZIsFiniteNonZero_1_oe,commons-rng-sampling/src/test/java/org/apache/commons/rng/sampling/distribution/StableSamplerTest.java,,,,assert,unknown,standard,assertNotEquals
rng_left_605_2,commons-rng,StableSamplerTest,testComputeDWhenZIsFiniteNonZero_2_oe,commons-rng-sampling/src/test/java/org/apache/commons/rng/sampling/distribution/StableSamplerTest.java,,,,assert,unknown,standard,assertEquals
rng_left_605_3,commons-rng,StableSamplerTest,testComputeDWhenZIsFiniteNonZero_3_oe,commons-rng-sampling/src/test/java/org/apache/commons/rng/sampling/distribution/StableSamplerTest.java,,,,assert,unknown,standard,assertEquals
rng_left_605_4,commons-rng,StableSamplerTest,testComputeDWhenZIsFiniteNonZero_4_oe,commons-rng-sampling/src/test/java/org/apache/commons/rng/sampling/distribution/StableSamplerTest.java,,,,assert,unknown,standard,assertEquals
rng_left_605_5,commons-rng,StableSamplerTest,testComputeDWhenZIsFiniteNonZero_5_oe,commons-rng-sampling/src/test/java/org/apache/commons/rng/sampling/distribution/StableSamplerTest.java,,,,assert,unknown,standard,assertEquals
rng_left_605_6,commons-rng,StableSamplerTest,testComputeDWhenZIsFiniteNonZero_6_oe,commons-rng-sampling/src/test/java/org/apache/commons/rng/sampling/distribution/StableSamplerTest.java,,,,assert,unknown,standard,assertEquals
rng_left_605_7,commons-rng,StableSamplerTest,testComputeDWhenZIsFiniteNonZero_7_oe,commons-rng-sampling/src/test/java/org/apache/commons/rng/sampling/distribution/StableSamplerTest.java,,,,assert,unknown,standard,assertEquals
rng_left_606_1,commons-rng,StableSamplerTest,testSinAlphaPhiMinusAtanZeta_1_oe,commons-rng-sampling/src/test/java/org/apache/commons/rng/sampling/distribution/StableSamplerTest.java,,,,assert,unknown,standard,assertEquals
rng_left_607_1,commons-rng,StableSamplerTest,testCosPhiMinusAlphaPhiXi_1_oe,commons-rng-sampling/src/test/java/org/apache/commons/rng/sampling/distribution/StableSamplerTest.java,,,,assert,unknown,standard,assertEquals
rng_left_607_2,commons-rng,StableSamplerTest,testCosPhiMinusAlphaPhiXi_2_oe,commons-rng-sampling/src/test/java/org/apache/commons/rng/sampling/distribution/StableSamplerTest.java,,,,assert,unknown,standard,assertTrue
rng_left_607_3,commons-rng,StableSamplerTest,testCosPhiMinusAlphaPhiXi_3_oe,commons-rng-sampling/src/test/java/org/apache/commons/rng/sampling/distribution/StableSamplerTest.java,,,,assert,unknown,custom,assertCosPhiMinusAlphaPhiXi
rng_left_607_4,commons-rng,StableSamplerTest,testCosPhiMinusAlphaPhiXi_4_oe,commons-rng-sampling/src/test/java/org/apache/commons/rng/sampling/distribution/StableSamplerTest.java,,,,assert,unknown,custom,assertCosPhiMinusAlphaPhiXi
rng_left_607_5,commons-rng,StableSamplerTest,testCosPhiMinusAlphaPhiXi_5_oe,commons-rng-sampling/src/test/java/org/apache/commons/rng/sampling/distribution/StableSamplerTest.java,,,,assert,unknown,custom,assertCosPhiMinusAlphaPhiXi
rng_left_607_6,commons-rng,StableSamplerTest,testCosPhiMinusAlphaPhiXi_6_oe,commons-rng-sampling/src/test/java/org/apache/commons/rng/sampling/distribution/StableSamplerTest.java,,,,assert,unknown,custom,assertCosPhiMinusAlphaPhiXi
rng_left_607_7,commons-rng,StableSamplerTest,testCosPhiMinusAlphaPhiXi_7_oe,commons-rng-sampling/src/test/java/org/apache/commons/rng/sampling/distribution/StableSamplerTest.java,,,,assert,unknown,custom,assertCosPhiMinusAlphaPhiXi
rng_left_607_8,commons-rng,StableSamplerTest,testCosPhiMinusAlphaPhiXi_8_oe,commons-rng-sampling/src/test/java/org/apache/commons/rng/sampling/distribution/StableSamplerTest.java,,,,assert,unknown,custom,assertCosPhiMinusAlphaPhiXi
rng_left_607_9,commons-rng,StableSamplerTest,testCosPhiMinusAlphaPhiXi_9_oe,commons-rng-sampling/src/test/java/org/apache/commons/rng/sampling/distribution/StableSamplerTest.java,,,,assert,unknown,custom,assertCosPhiMinusAlphaPhiXi
rng_left_607_10,commons-rng,StableSamplerTest,testCosPhiMinusAlphaPhiXi_10_oe,commons-rng-sampling/src/test/java/org/apache/commons/rng/sampling/distribution/StableSamplerTest.java,,,,assert,unknown,custom,assertCosPhiMinusAlphaPhiXi
rng_left_607_11,commons-rng,StableSamplerTest,testCosPhiMinusAlphaPhiXi_11_oe,commons-rng-sampling/src/test/java/org/apache/commons/rng/sampling/distribution/StableSamplerTest.java,,,,assert,unknown,custom,assertCosPhiMinusAlphaPhiXi
rng_left_607_12,commons-rng,StableSamplerTest,testCosPhiMinusAlphaPhiXi_12_oe,commons-rng-sampling/src/test/java/org/apache/commons/rng/sampling/distribution/StableSamplerTest.java,,,,assert,unknown,custom,assertCosPhiMinusAlphaPhiXi
rng_left_608_1,commons-rng,StableSamplerTest,assertCosPhiMinusAlphaPhiXi_1_oe,,,,,assert,unknown,custom,assertCosPhiMinusAlphaPhiXi
rng_left_608_2,commons-rng,StableSamplerTest,assertCosPhiMinusAlphaPhiXi_2_oe,,,,,assert,unknown,standard,assertTrue
rng_left_608_3,commons-rng,StableSamplerTest,assertCosPhiMinusAlphaPhiXi_3_oe,,,,,assert,unknown,standard,assertTrue
rng_left_608_4,commons-rng,StableSamplerTest,assertCosPhiMinusAlphaPhiXi_4_oe,,,,,assert,unknown,standard,assertTrue
rng_left_608_5,commons-rng,StableSamplerTest,assertCosPhiMinusAlphaPhiXi_5_oe,,,,,assert,unknown,standard,assertTrue
rng_left_608_6,commons-rng,StableSamplerTest,assertCosPhiMinusAlphaPhiXi_6_oe,,,,,assert,unknown,standard,assertTrue
rng_left_608_7,commons-rng,StableSamplerTest,assertCosPhiMinusAlphaPhiXi_7_oe,,,,,assert,unknown,standard,assertTrue
rng_left_608_8,commons-rng,StableSamplerTest,assertCosPhiMinusAlphaPhiXi_8_oe,,,,,assert,unknown,standard,assertTrue
rng_left_608_9,commons-rng,StableSamplerTest,assertCosPhiMinusAlphaPhiXi_9_oe,,,,,assert,unknown,standard,assertTrue
rng_left_609_1,commons-rng,StableSamplerTest,testSinAlphaPhi_1_oe,commons-rng-sampling/src/test/java/org/apache/commons/rng/sampling/distribution/StableSamplerTest.java,,,,assert,unknown,standard,assertNotEquals
rng_left_609_2,commons-rng,StableSamplerTest,testSinAlphaPhi_2_oe,commons-rng-sampling/src/test/java/org/apache/commons/rng/sampling/distribution/StableSamplerTest.java,,,,assert,unknown,standard,assertEquals
rng_left_610_1,commons-rng,StableSamplerTest,testExpM1_1_oe,commons-rng-sampling/src/test/java/org/apache/commons/rng/sampling/distribution/StableSamplerTest.java,,,,assert,unknown,standard,assertEquals
rng_left_610_2,commons-rng,StableSamplerTest,testExpM1_2_oe,commons-rng-sampling/src/test/java/org/apache/commons/rng/sampling/distribution/StableSamplerTest.java,,,,assert,unknown,standard,assertTrue
rng_left_610_3,commons-rng,StableSamplerTest,testExpM1_3_oe,commons-rng-sampling/src/test/java/org/apache/commons/rng/sampling/distribution/StableSamplerTest.java,,,,assert,unknown,standard,assertEquals
rng_left_610_4,commons-rng,StableSamplerTest,testExpM1_4_oe,commons-rng-sampling/src/test/java/org/apache/commons/rng/sampling/distribution/StableSamplerTest.java,,,,assert,unknown,standard,assertTrue
rng_left_610_5,commons-rng,StableSamplerTest,testExpM1_5_oe,commons-rng-sampling/src/test/java/org/apache/commons/rng/sampling/distribution/StableSamplerTest.java,,,,assert,unknown,standard,assertFalse
rng_left_611_1,commons-rng,StableSamplerTest,expm1ULPReport_1_oe,,,,,assert,unknown,standard,assertEquals
rng_left_611_2,commons-rng,StableSamplerTest,expm1ULPReport_2_oe,,,,,assert,unknown,standard,assertEquals
rng_left_611_3,commons-rng,StableSamplerTest,expm1ULPReport_3_oe,,,,,assert,unknown,standard,assertEquals
rng_left_612_1,commons-rng,StableSamplerTest,testD2_1_oe,commons-rng-sampling/src/test/java/org/apache/commons/rng/sampling/distribution/StableSamplerTest.java,,,,assert,unknown,standard,assertEquals
rng_left_612_2,commons-rng,StableSamplerTest,testD2_2_oe,commons-rng-sampling/src/test/java/org/apache/commons/rng/sampling/distribution/StableSamplerTest.java,,,,assert,unknown,standard,assertEquals
rng_left_612_3,commons-rng,StableSamplerTest,testD2_3_oe,commons-rng-sampling/src/test/java/org/apache/commons/rng/sampling/distribution/StableSamplerTest.java,,,,assert,unknown,standard,assertEquals
rng_left_612_4,commons-rng,StableSamplerTest,testD2_4_oe,commons-rng-sampling/src/test/java/org/apache/commons/rng/sampling/distribution/StableSamplerTest.java,,,,assert,unknown,standard,assertEquals
rng_left_612_5,commons-rng,StableSamplerTest,testD2_5_oe,commons-rng-sampling/src/test/java/org/apache/commons/rng/sampling/distribution/StableSamplerTest.java,,,,assert,unknown,standard,assertEquals
rng_left_612_6,commons-rng,StableSamplerTest,testD2_6_oe,commons-rng-sampling/src/test/java/org/apache/commons/rng/sampling/distribution/StableSamplerTest.java,,,,assert,unknown,standard,assertEquals
rng_left_612_7,commons-rng,StableSamplerTest,testD2_7_oe,commons-rng-sampling/src/test/java/org/apache/commons/rng/sampling/distribution/StableSamplerTest.java,,,,assert,unknown,standard,assertEquals
rng_left_612_8,commons-rng,StableSamplerTest,testD2_8_oe,commons-rng-sampling/src/test/java/org/apache/commons/rng/sampling/distribution/StableSamplerTest.java,,,,assert,unknown,standard,assertEquals
rng_left_612_9,commons-rng,StableSamplerTest,testD2_9_oe,commons-rng-sampling/src/test/java/org/apache/commons/rng/sampling/distribution/StableSamplerTest.java,,,,assert,unknown,standard,assertEquals
rng_left_613_1,commons-rng,StableSamplerTest,testTan2_1_oe,commons-rng-sampling/src/test/java/org/apache/commons/rng/sampling/distribution/StableSamplerTest.java,,,,assert,unknown,standard,assertEquals
rng_left_613_2,commons-rng,StableSamplerTest,testTan2_2_oe,commons-rng-sampling/src/test/java/org/apache/commons/rng/sampling/distribution/StableSamplerTest.java,,,,assert,unknown,standard,assertNotEquals
rng_left_613_3,commons-rng,StableSamplerTest,testTan2_3_oe,commons-rng-sampling/src/test/java/org/apache/commons/rng/sampling/distribution/StableSamplerTest.java,,,,assert,unknown,standard,assertTrue
rng_left_613_4,commons-rng,StableSamplerTest,testTan2_4_oe,commons-rng-sampling/src/test/java/org/apache/commons/rng/sampling/distribution/StableSamplerTest.java,,,,assert,unknown,standard,assertEquals
rng_left_613_5,commons-rng,StableSamplerTest,testTan2_5_oe,commons-rng-sampling/src/test/java/org/apache/commons/rng/sampling/distribution/StableSamplerTest.java,,,,assert,unknown,standard,assertEquals
rng_left_613_6,commons-rng,StableSamplerTest,testTan2_6_oe,commons-rng-sampling/src/test/java/org/apache/commons/rng/sampling/distribution/StableSamplerTest.java,,,,assert,unknown,standard,assertEquals
rng_left_613_7,commons-rng,StableSamplerTest,testTan2_7_oe,commons-rng-sampling/src/test/java/org/apache/commons/rng/sampling/distribution/StableSamplerTest.java,,,,assert,unknown,standard,assertTrue
rng_left_613_8,commons-rng,StableSamplerTest,testTan2_8_oe,commons-rng-sampling/src/test/java/org/apache/commons/rng/sampling/distribution/StableSamplerTest.java,,,,assert,unknown,standard,assertTrue
rng_left_613_9,commons-rng,StableSamplerTest,testTan2_9_oe,commons-rng-sampling/src/test/java/org/apache/commons/rng/sampling/distribution/StableSamplerTest.java,,,,assert,unknown,standard,assertEquals
rng_left_613_10,commons-rng,StableSamplerTest,testTan2_10_oe,commons-rng-sampling/src/test/java/org/apache/commons/rng/sampling/distribution/StableSamplerTest.java,,,,assert,unknown,standard,assertEquals
rng_left_613_11,commons-rng,StableSamplerTest,testTan2_11_oe,commons-rng-sampling/src/test/java/org/apache/commons/rng/sampling/distribution/StableSamplerTest.java,,,,assert,unknown,standard,assertEquals
rng_left_613_12,commons-rng,StableSamplerTest,testTan2_12_oe,commons-rng-sampling/src/test/java/org/apache/commons/rng/sampling/distribution/StableSamplerTest.java,,,,assert,unknown,standard,assertTrue
rng_left_613_13,commons-rng,StableSamplerTest,testTan2_13_oe,commons-rng-sampling/src/test/java/org/apache/commons/rng/sampling/distribution/StableSamplerTest.java,,,,assert,unknown,standard,assertTrue
rng_left_613_14,commons-rng,StableSamplerTest,testTan2_14_oe,commons-rng-sampling/src/test/java/org/apache/commons/rng/sampling/distribution/StableSamplerTest.java,,,,assert,unknown,standard,assertTrue
rng_left_614_1,commons-rng,StableSamplerTest,testSamplesWithAlphaNot1_1_oe,commons-rng-sampling/src/test/java/org/apache/commons/rng/sampling/distribution/StableSamplerTest.java,,,,assert,unknown,standard,assertEquals
rng_left_614_2,commons-rng,StableSamplerTest,testSamplesWithAlphaNot1_2_oe,commons-rng-sampling/src/test/java/org/apache/commons/rng/sampling/distribution/StableSamplerTest.java,,,,assert,unknown,standard,assertEquals
rng_left_615_1,commons-rng,StableSamplerTest,testSamplesWithAlpha1_1_oe,commons-rng-sampling/src/test/java/org/apache/commons/rng/sampling/distribution/StableSamplerTest.java,,,,assert,unknown,standard,assertEquals
rng_left_615_2,commons-rng,StableSamplerTest,testSamplesWithAlpha1_2_oe,commons-rng-sampling/src/test/java/org/apache/commons/rng/sampling/distribution/StableSamplerTest.java,,,,assert,unknown,standard,assertEquals
rng_left_616_1,commons-rng,StableSamplerTest,testConvergenceWithAlphaCloseTo1_1_oe,commons-rng-sampling/src/test/java/org/apache/commons/rng/sampling/distribution/StableSamplerTest.java,,,,assert,unknown,standard,assertTrue
rng_left_616_2,commons-rng,StableSamplerTest,testConvergenceWithAlphaCloseTo1_2_oe,commons-rng-sampling/src/test/java/org/apache/commons/rng/sampling/distribution/StableSamplerTest.java,,,,assert,unknown,standard,assertTrue
rng_left_616_3,commons-rng,StableSamplerTest,testConvergenceWithAlphaCloseTo1_3_oe,commons-rng-sampling/src/test/java/org/apache/commons/rng/sampling/distribution/StableSamplerTest.java,,,,assert,unknown,standard,assertEquals
rng_left_616_4,commons-rng,StableSamplerTest,testConvergenceWithAlphaCloseTo1_4_oe,commons-rng-sampling/src/test/java/org/apache/commons/rng/sampling/distribution/StableSamplerTest.java,,,,assert,unknown,standard,assertTrue
rng_left_617_1,commons-rng,StableSamplerTest,testExtremeInputsToSample_1_oe,commons-rng-sampling/src/test/java/org/apache/commons/rng/sampling/distribution/StableSamplerTest.java,,,,assert,unknown,standard,assertEquals
rng_left_617_2,commons-rng,StableSamplerTest,testExtremeInputsToSample_2_oe,commons-rng-sampling/src/test/java/org/apache/commons/rng/sampling/distribution/StableSamplerTest.java,,,,assert,unknown,standard,assertTrue
rng_left_617_3,commons-rng,StableSamplerTest,testExtremeInputsToSample_3_oe,commons-rng-sampling/src/test/java/org/apache/commons/rng/sampling/distribution/StableSamplerTest.java,,,,assert,unknown,standard,assertEquals
rng_left_617_4,commons-rng,StableSamplerTest,testExtremeInputsToSample_4_oe,commons-rng-sampling/src/test/java/org/apache/commons/rng/sampling/distribution/StableSamplerTest.java,,,,assert,unknown,standard,assertTrue
rng_left_617_5,commons-rng,StableSamplerTest,testExtremeInputsToSample_5_oe,commons-rng-sampling/src/test/java/org/apache/commons/rng/sampling/distribution/StableSamplerTest.java,,,,assert,unknown,standard,assertEquals
rng_left_617_6,commons-rng,StableSamplerTest,testExtremeInputsToSample_6_oe,commons-rng-sampling/src/test/java/org/apache/commons/rng/sampling/distribution/StableSamplerTest.java,,,,assert,unknown,standard,assertEquals
rng_left_617_7,commons-rng,StableSamplerTest,testExtremeInputsToSample_7_oe,commons-rng-sampling/src/test/java/org/apache/commons/rng/sampling/distribution/StableSamplerTest.java,,,,assert,unknown,standard,assertEquals
rng_left_617_8,commons-rng,StableSamplerTest,testExtremeInputsToSample_8_oe,commons-rng-sampling/src/test/java/org/apache/commons/rng/sampling/distribution/StableSamplerTest.java,,,,assert,unknown,standard,assertNotEquals
rng_left_617_9,commons-rng,StableSamplerTest,testExtremeInputsToSample_9_oe,commons-rng-sampling/src/test/java/org/apache/commons/rng/sampling/distribution/StableSamplerTest.java,,,,assert,unknown,standard,assertEquals
rng_left_617_10,commons-rng,StableSamplerTest,testExtremeInputsToSample_10_oe,commons-rng-sampling/src/test/java/org/apache/commons/rng/sampling/distribution/StableSamplerTest.java,,,,assert,unknown,standard,assertEquals
rng_left_617_11,commons-rng,StableSamplerTest,testExtremeInputsToSample_11_oe,commons-rng-sampling/src/test/java/org/apache/commons/rng/sampling/distribution/StableSamplerTest.java,,,,assert,unknown,standard,assertTrue
rng_left_617_12,commons-rng,StableSamplerTest,testExtremeInputsToSample_12_oe,commons-rng-sampling/src/test/java/org/apache/commons/rng/sampling/distribution/StableSamplerTest.java,,,,assert,unknown,standard,assertNotEquals
rng_left_618_1,commons-rng,StableSamplerTest,testSamplesWithZBelow0_1_oe,commons-rng-sampling/src/test/java/org/apache/commons/rng/sampling/distribution/StableSamplerTest.java,,,,assert,unknown,custom,assertUWSequence
rng_left_618_2,commons-rng,StableSamplerTest,testSamplesWithZBelow0_2_oe,commons-rng-sampling/src/test/java/org/apache/commons/rng/sampling/distribution/StableSamplerTest.java,,,,assert,unknown,standard,assertTrue
rng_left_618_3,commons-rng,StableSamplerTest,testSamplesWithZBelow0_3_oe,commons-rng-sampling/src/test/java/org/apache/commons/rng/sampling/distribution/StableSamplerTest.java,,,,assert,unknown,standard,assertTrue
rng_left_618_4,commons-rng,StableSamplerTest,testSamplesWithZBelow0_4_oe,commons-rng-sampling/src/test/java/org/apache/commons/rng/sampling/distribution/StableSamplerTest.java,,,,assert,unknown,standard,assertTrue
rng_left_619_1,commons-rng,StableSamplerTest,testSamplesWithZInfinite_1_oe,commons-rng-sampling/src/test/java/org/apache/commons/rng/sampling/distribution/StableSamplerTest.java,,,,assert,unknown,custom,assertUWSequence
rng_left_619_2,commons-rng,StableSamplerTest,testSamplesWithZInfinite_2_oe,commons-rng-sampling/src/test/java/org/apache/commons/rng/sampling/distribution/StableSamplerTest.java,,,,assert,unknown,standard,assertFalse
rng_left_619_3,commons-rng,StableSamplerTest,testSamplesWithZInfinite_3_oe,commons-rng-sampling/src/test/java/org/apache/commons/rng/sampling/distribution/StableSamplerTest.java,,,,assert,unknown,standard,assertEquals
rng_left_619_4,commons-rng,StableSamplerTest,testSamplesWithZInfinite_4_oe,commons-rng-sampling/src/test/java/org/apache/commons/rng/sampling/distribution/StableSamplerTest.java,,,,assert,unknown,standard,assertEquals
rng_left_620_1,commons-rng,StableSamplerTest,testSamplesWithDInfinite_1_oe,commons-rng-sampling/src/test/java/org/apache/commons/rng/sampling/distribution/StableSamplerTest.java,,,,assert,unknown,custom,assertUWSequence
rng_left_620_2,commons-rng,StableSamplerTest,testSamplesWithDInfinite_2_oe,commons-rng-sampling/src/test/java/org/apache/commons/rng/sampling/distribution/StableSamplerTest.java,,,,assert,unknown,standard,assertEquals
rng_left_620_3,commons-rng,StableSamplerTest,testSamplesWithDInfinite_3_oe,commons-rng-sampling/src/test/java/org/apache/commons/rng/sampling/distribution/StableSamplerTest.java,,,,assert,unknown,standard,assertEquals
rng_left_620_4,commons-rng,StableSamplerTest,testSamplesWithDInfinite_4_oe,commons-rng-sampling/src/test/java/org/apache/commons/rng/sampling/distribution/StableSamplerTest.java,,,,assert,unknown,standard,assertNotEquals
rng_left_620_5,commons-rng,StableSamplerTest,testSamplesWithDInfinite_5_oe,commons-rng-sampling/src/test/java/org/apache/commons/rng/sampling/distribution/StableSamplerTest.java,,,,assert,unknown,standard,assertEquals
rng_left_620_6,commons-rng,StableSamplerTest,testSamplesWithDInfinite_6_oe,commons-rng-sampling/src/test/java/org/apache/commons/rng/sampling/distribution/StableSamplerTest.java,,,,assert,unknown,standard,assertEquals
rng_left_621_1,commons-rng,StableSamplerTest,testAlpha1SamplesWithExtremePhi_1_oe,commons-rng-sampling/src/test/java/org/apache/commons/rng/sampling/distribution/StableSamplerTest.java,,,,assert,unknown,custom,assertUWSequence
rng_left_621_2,commons-rng,StableSamplerTest,testAlpha1SamplesWithExtremePhi_2_oe,commons-rng-sampling/src/test/java/org/apache/commons/rng/sampling/distribution/StableSamplerTest.java,,,,assert,unknown,standard,assertTrue
rng_left_621_3,commons-rng,StableSamplerTest,testAlpha1SamplesWithExtremePhi_3_oe,commons-rng-sampling/src/test/java/org/apache/commons/rng/sampling/distribution/StableSamplerTest.java,,,,assert,unknown,custom,assertUWSequence
rng_left_621_4,commons-rng,StableSamplerTest,testAlpha1SamplesWithExtremePhi_4_oe,commons-rng-sampling/src/test/java/org/apache/commons/rng/sampling/distribution/StableSamplerTest.java,,,,assert,unknown,standard,assertTrue
rng_left_621_5,commons-rng,StableSamplerTest,testAlpha1SamplesWithExtremePhi_5_oe,commons-rng-sampling/src/test/java/org/apache/commons/rng/sampling/distribution/StableSamplerTest.java,,,,assert,unknown,standard,assertEquals
rng_left_622_1,commons-rng,StableSamplerTest,testSupport_1_oe,commons-rng-sampling/src/test/java/org/apache/commons/rng/sampling/distribution/StableSamplerTest.java,,,,assert,unknown,custom,assertUWSequence
rng_left_622_2,commons-rng,StableSamplerTest,testSupport_2_oe,commons-rng-sampling/src/test/java/org/apache/commons/rng/sampling/distribution/StableSamplerTest.java,,,,assert,unknown,standard,fail
rng_left_623_1,commons-rng,StableSamplerTest,testRandomDeviatesUandW_1_oe,commons-rng-sampling/src/test/java/org/apache/commons/rng/sampling/distribution/StableSamplerTest.java,,,,assert,unknown,standard,assertNotEquals
rng_left_623_2,commons-rng,StableSamplerTest,testRandomDeviatesUandW_2_oe,commons-rng-sampling/src/test/java/org/apache/commons/rng/sampling/distribution/StableSamplerTest.java,,,,assert,unknown,standard,assertEquals
rng_left_623_3,commons-rng,StableSamplerTest,testRandomDeviatesUandW_3_oe,commons-rng-sampling/src/test/java/org/apache/commons/rng/sampling/distribution/StableSamplerTest.java,,,,assert,unknown,standard,assertEquals
rng_left_623_4,commons-rng,StableSamplerTest,testRandomDeviatesUandW_4_oe,commons-rng-sampling/src/test/java/org/apache/commons/rng/sampling/distribution/StableSamplerTest.java,,,,assert,unknown,standard,assertEquals
rng_left_623_5,commons-rng,StableSamplerTest,testRandomDeviatesUandW_5_oe,commons-rng-sampling/src/test/java/org/apache/commons/rng/sampling/distribution/StableSamplerTest.java,,,,assert,unknown,standard,assertEquals
rng_left_623_6,commons-rng,StableSamplerTest,testRandomDeviatesUandW_6_oe,commons-rng-sampling/src/test/java/org/apache/commons/rng/sampling/distribution/StableSamplerTest.java,,,,assert,unknown,standard,assertEquals
rng_left_623_7,commons-rng,StableSamplerTest,testRandomDeviatesUandW_7_oe,commons-rng-sampling/src/test/java/org/apache/commons/rng/sampling/distribution/StableSamplerTest.java,,,,assert,unknown,standard,assertEquals
rng_left_623_8,commons-rng,StableSamplerTest,testRandomDeviatesUandW_8_oe,commons-rng-sampling/src/test/java/org/apache/commons/rng/sampling/distribution/StableSamplerTest.java,,,,assert,unknown,standard,assertEquals
rng_left_623_9,commons-rng,StableSamplerTest,testRandomDeviatesUandW_9_oe,commons-rng-sampling/src/test/java/org/apache/commons/rng/sampling/distribution/StableSamplerTest.java,,,,assert,unknown,standard,assertEquals
rng_left_623_10,commons-rng,StableSamplerTest,testRandomDeviatesUandW_10_oe,commons-rng-sampling/src/test/java/org/apache/commons/rng/sampling/distribution/StableSamplerTest.java,,,,assert,unknown,standard,assertEquals
rng_left_623_11,commons-rng,StableSamplerTest,testRandomDeviatesUandW_11_oe,commons-rng-sampling/src/test/java/org/apache/commons/rng/sampling/distribution/StableSamplerTest.java,,,,assert,unknown,standard,assertEquals
rng_left_623_12,commons-rng,StableSamplerTest,testRandomDeviatesUandW_12_oe,commons-rng-sampling/src/test/java/org/apache/commons/rng/sampling/distribution/StableSamplerTest.java,,,,assert,unknown,standard,assertEquals
rng_left_623_13,commons-rng,StableSamplerTest,testRandomDeviatesUandW_13_oe,commons-rng-sampling/src/test/java/org/apache/commons/rng/sampling/distribution/StableSamplerTest.java,,,,assert,unknown,standard,assertEquals
rng_left_623_14,commons-rng,StableSamplerTest,testRandomDeviatesUandW_14_oe,commons-rng-sampling/src/test/java/org/apache/commons/rng/sampling/distribution/StableSamplerTest.java,,,,assert,unknown,standard,assertEquals
rng_left_623_15,commons-rng,StableSamplerTest,testRandomDeviatesUandW_15_oe,commons-rng-sampling/src/test/java/org/apache/commons/rng/sampling/distribution/StableSamplerTest.java,,,,assert,unknown,standard,assertEquals
rng_left_623_16,commons-rng,StableSamplerTest,testRandomDeviatesUandW_16_oe,commons-rng-sampling/src/test/java/org/apache/commons/rng/sampling/distribution/StableSamplerTest.java,,,,assert,unknown,standard,assertEquals
rng_left_624_1,commons-rng,StableSamplerTest,assertUWSequence_1_oe,,,,,assert,unknown,custom,assertUWSequence
rng_left_624_2,commons-rng,StableSamplerTest,assertUWSequence_2_oe,,,,,assert,unknown,standard,assertEquals
rng_left_624_3,commons-rng,StableSamplerTest,assertUWSequence_3_oe,,,,,assert,unknown,standard,assertEquals
rng_left_625_1,commons-rng,StableSamplerTest,testSamplerOutputIsContinuousFunction_1_oe,commons-rng-sampling/src/test/java/org/apache/commons/rng/sampling/distribution/StableSamplerTest.java,,,,assert,unknown,standard,assertEquals
rng_left_625_2,commons-rng,StableSamplerTest,testSamplerOutputIsContinuousFunction_2_oe,commons-rng-sampling/src/test/java/org/apache/commons/rng/sampling/distribution/StableSamplerTest.java,,,,assert,unknown,standard,assertEquals
rng_left_625_3,commons-rng,StableSamplerTest,testSamplerOutputIsContinuousFunction_3_oe,commons-rng-sampling/src/test/java/org/apache/commons/rng/sampling/distribution/StableSamplerTest.java,,,,assert,unknown,standard,assertEquals
rng_left_625_4,commons-rng,StableSamplerTest,testSamplerOutputIsContinuousFunction_4_oe,commons-rng-sampling/src/test/java/org/apache/commons/rng/sampling/distribution/StableSamplerTest.java,,,,assert,unknown,standard,assertEquals
rng_left_626_1,commons-rng,StableSamplerTest,testSharedStateSampler_1_oe,commons-rng-sampling/src/test/java/org/apache/commons/rng/sampling/distribution/StableSamplerTest.java,,,,assert,unknown,custom,assertProduceSameSequence
rng_left_626_2,commons-rng,StableSamplerTest,testSharedStateSampler_2_oe,commons-rng-sampling/src/test/java/org/apache/commons/rng/sampling/distribution/StableSamplerTest.java,,,,assert,unknown,custom,assertProduceSameSequence
rng_left_627_1,commons-rng,StableSamplerTest,testTransformedSampler_1_oe,commons-rng-sampling/src/test/java/org/apache/commons/rng/sampling/distribution/StableSamplerTest.java,,,,assert,unknown,custom,assertProduceSameSequence
rng_left_627_2,commons-rng,StableSamplerTest,testTransformedSampler_2_oe,commons-rng-sampling/src/test/java/org/apache/commons/rng/sampling/distribution/StableSamplerTest.java,,,,assert,unknown,standard,assertEquals
rng_left_628_1,commons-rng,StableSamplerTest,testSymmetry_1_oe,commons-rng-sampling/src/test/java/org/apache/commons/rng/sampling/distribution/StableSamplerTest.java,,,,assert,unknown,standard,assertEquals
rng_left_629_1,commons-rng,StableSamplerTest,testSymmetryLevy_1_oe,commons-rng-sampling/src/test/java/org/apache/commons/rng/sampling/distribution/StableSamplerTest.java,,,,assert,unknown,standard,assertEquals
rng_left_630_1,commons-rng,StableSamplerTest,testToString_1_oe,commons-rng-sampling/src/test/java/org/apache/commons/rng/sampling/distribution/StableSamplerTest.java,,,,assert,unknown,standard,assertTrue
rng_left_631_1,commons-rng,StableSamplerTest,testImplementationsMatch_1_oe,commons-rng-sampling/src/test/java/org/apache/commons/rng/sampling/distribution/StableSamplerTest.java,,,,assert,unknown,standard,assertEquals
rng_left_631_2,commons-rng,StableSamplerTest,testImplementationsMatch_2_oe,commons-rng-sampling/src/test/java/org/apache/commons/rng/sampling/distribution/StableSamplerTest.java,,,,assert,unknown,standard,assertEquals
rng_left_631_3,commons-rng,StableSamplerTest,testImplementationsMatch_3_oe,commons-rng-sampling/src/test/java/org/apache/commons/rng/sampling/distribution/StableSamplerTest.java,,,,assert,unknown,standard,assertEquals
rng_left_631_4,commons-rng,StableSamplerTest,testImplementationsMatch_4_oe,commons-rng-sampling/src/test/java/org/apache/commons/rng/sampling/distribution/StableSamplerTest.java,,,,assert,unknown,standard,assertNotEquals
rng_left_631_5,commons-rng,StableSamplerTest,testImplementationsMatch_5_oe,commons-rng-sampling/src/test/java/org/apache/commons/rng/sampling/distribution/StableSamplerTest.java,,,,assert,unknown,standard,assertEquals
rng_left_631_6,commons-rng,StableSamplerTest,testImplementationsMatch_6_oe,commons-rng-sampling/src/test/java/org/apache/commons/rng/sampling/distribution/StableSamplerTest.java,,,,assert,unknown,standard,assertEquals
rng_left_632_1,commons-rng,StableSamplerTest,testSpecializedBeta0CMSImplementation_1_oe,commons-rng-sampling/src/test/java/org/apache/commons/rng/sampling/distribution/StableSamplerTest.java,,,,assert,unknown,custom,assertProduceSameSequence
rng_left_633_1,commons-rng,StableSamplerTest,testSpecializedBeta0WeronImplementation_1_oe,commons-rng-sampling/src/test/java/org/apache/commons/rng/sampling/distribution/StableSamplerTest.java,,,,assert,unknown,custom,assertProduceSameSequence
rng_left_634_1,commons-rng,StableSamplerTest,testWeronImplementationEdgeCase_1_oe,commons-rng-sampling/src/test/java/org/apache/commons/rng/sampling/distribution/StableSamplerTest.java,,,,assert,unknown,custom,assertUWSequence
rng_left_634_2,commons-rng,StableSamplerTest,testWeronImplementationEdgeCase_2_oe,commons-rng-sampling/src/test/java/org/apache/commons/rng/sampling/distribution/StableSamplerTest.java,,,,assert,unknown,standard,assertEquals
rng_left_634_3,commons-rng,StableSamplerTest,testWeronImplementationEdgeCase_3_oe,commons-rng-sampling/src/test/java/org/apache/commons/rng/sampling/distribution/StableSamplerTest.java,,,,assert,unknown,standard,assertEquals
rng_left_634_4,commons-rng,StableSamplerTest,testWeronImplementationEdgeCase_4_oe,commons-rng-sampling/src/test/java/org/apache/commons/rng/sampling/distribution/StableSamplerTest.java,,,,assert,unknown,standard,assertEquals
rng_left_634_5,commons-rng,StableSamplerTest,testWeronImplementationEdgeCase_5_oe,commons-rng-sampling/src/test/java/org/apache/commons/rng/sampling/distribution/StableSamplerTest.java,,,,assert,unknown,standard,assertEquals
rng_left_635_1,commons-rng,InternalUtilsTest,testFactorial_1_oe,commons-rng-sampling/src/test/java/org/apache/commons/rng/sampling/distribution/InternalUtilsTest.java,,,,assert,unknown,standard,assertEquals
rng_left_635_2,commons-rng,InternalUtilsTest,testFactorial_2_oe,commons-rng-sampling/src/test/java/org/apache/commons/rng/sampling/distribution/InternalUtilsTest.java,,,,assert,unknown,standard,assertEquals
rng_left_636_1,commons-rng,InternalUtilsTest,testFactorialThrowsWhenNegative_1_oe,commons-rng-sampling/src/test/java/org/apache/commons/rng/sampling/distribution/InternalUtilsTest.java,,,,assert,unknown,standard,assertThrows
rng_left_637_1,commons-rng,InternalUtilsTest,testFactorialThrowsWhenNotRepresentableAsLong_1_oe,commons-rng-sampling/src/test/java/org/apache/commons/rng/sampling/distribution/InternalUtilsTest.java,,,,assert,unknown,standard,assertThrows
rng_left_638_1,commons-rng,InternalUtilsTest,testFactorialLog_1_oe,commons-rng-sampling/src/test/java/org/apache/commons/rng/sampling/distribution/InternalUtilsTest.java,,,,assert,unknown,standard,assertEquals
rng_left_638_2,commons-rng,InternalUtilsTest,testFactorialLog_2_oe,commons-rng-sampling/src/test/java/org/apache/commons/rng/sampling/distribution/InternalUtilsTest.java,,,,assert,unknown,standard,assertEquals
rng_left_639_1,commons-rng,InternalUtilsTest,testFactorialLogCacheSizeAboveRepresentableFactorials_1_oe,commons-rng-sampling/src/test/java/org/apache/commons/rng/sampling/distribution/InternalUtilsTest.java,,,,assert,unknown,standard,assertEquals
rng_left_640_1,commons-rng,InternalUtilsTest,testFactorialLogCacheExpansion_1_oe,commons-rng-sampling/src/test/java/org/apache/commons/rng/sampling/distribution/InternalUtilsTest.java,,,,assert,unknown,standard,assertEquals
rng_left_641_1,commons-rng,InternalUtilsTest,testLogFactorialThrowsWhenNegative_1_oe,commons-rng-sampling/src/test/java/org/apache/commons/rng/sampling/distribution/InternalUtilsTest.java,,,,assert,unknown,standard,assertThrows
rng_left_642_1,commons-rng,InternalUtilsTest,testLogFactorialWithCacheThrowsWhenNegative_1_oe,commons-rng-sampling/src/test/java/org/apache/commons/rng/sampling/distribution/InternalUtilsTest.java,,,,assert,unknown,standard,assertThrows
rng_left_643_1,commons-rng,LogNormalSamplerTest,testConstructorThrowsWithNegativeScale_1_oe,commons-rng-sampling/src/test/java/org/apache/commons/rng/sampling/distribution/LogNormalSamplerTest.java,,,,assert,unknown,standard,assertThrows
rng_left_644_1,commons-rng,LogNormalSamplerTest,testConstructorThrowsWithZeroShape_1_oe,commons-rng-sampling/src/test/java/org/apache/commons/rng/sampling/distribution/LogNormalSamplerTest.java,,,,assert,unknown,standard,assertThrows
rng_left_645_1,commons-rng,LogNormalSamplerTest,testSharedStateSampler_1_oe,commons-rng-sampling/src/test/java/org/apache/commons/rng/sampling/distribution/LogNormalSamplerTest.java,,,,assert,unknown,custom,assertProduceSameSequence
rng_left_646_1,commons-rng,LogNormalSamplerTest,testSharedStateSamplerThrowsIfUnderlyingSamplerDoesNotShareState_1_oe,commons-rng-sampling/src/test/java/org/apache/commons/rng/sampling/distribution/LogNormalSamplerTest.java,,,,assert,unknown,standard,assertThrows
rng_left_647_1,commons-rng,LogNormalSamplerTest,testSharedStateSamplerThrowsIfUnderlyingSamplerReturnsWrongSharedState_1_oe,commons-rng-sampling/src/test/java/org/apache/commons/rng/sampling/distribution/LogNormalSamplerTest.java,,,,assert,unknown,standard,assertThrows
rng_left_648_1,commons-rng,BoxMullerGaussianSamplerTest,testConstructorThrowsWithZeroStandardDeviation_1_oe,commons-rng-sampling/src/test/java/org/apache/commons/rng/sampling/distribution/BoxMullerGaussianSamplerTest.java,,,,assert,unknown,standard,assertThrows
rng_left_649_1,commons-rng,InverseTransformContinuousSamplerTest,testSharedStateSampler_1_oe,commons-rng-sampling/src/test/java/org/apache/commons/rng/sampling/distribution/InverseTransformContinuousSamplerTest.java,,,,assert,unknown,custom,assertProduceSameSequence
rng_left_650_1,commons-rng,AhrensDieterMarsagliaTsangGammaSamplerTest,testConstructorThrowsWithZeroAlpha_1_oe,commons-rng-sampling/src/test/java/org/apache/commons/rng/sampling/distribution/AhrensDieterMarsagliaTsangGammaSamplerTest.java,,,,assert,unknown,standard,assertThrows
rng_left_651_1,commons-rng,AhrensDieterMarsagliaTsangGammaSamplerTest,testConstructorThrowsWithZeroTheta_1_oe,commons-rng-sampling/src/test/java/org/apache/commons/rng/sampling/distribution/AhrensDieterMarsagliaTsangGammaSamplerTest.java,,,,assert,unknown,standard,assertThrows
rng_left_652_1,commons-rng,AhrensDieterMarsagliaTsangGammaSamplerTest,testSharedStateSampler_1_oe,,,,,assert,unknown,custom,assertProduceSameSequence
rng_left_653_1,commons-rng,AhrensDieterMarsagliaTsangGammaSamplerTest,testToString_1_oe,commons-rng-sampling/src/test/java/org/apache/commons/rng/sampling/distribution/AhrensDieterMarsagliaTsangGammaSamplerTest.java,,,,assert,unknown,standard,assertTrue
rng_left_654_1,commons-rng,GeometricSamplerTest,testProbabilityOfSuccessIsOneGeneratesZeroForSamples_1_oe,commons-rng-sampling/src/test/java/org/apache/commons/rng/sampling/distribution/GeometricSamplerTest.java,,,,assert,unknown,standard,assertEquals
rng_left_655_1,commons-rng,GeometricSamplerTest,testProbabilityOfSuccessUnderOneIsValid_1_oe,commons-rng-sampling/src/test/java/org/apache/commons/rng/sampling/distribution/GeometricSamplerTest.java,,,,assert,unknown,standard,assertTrue
rng_left_656_1,commons-rng,GeometricSamplerTest,testProbabilityOfSuccessIsOneSamplerToString_1_oe,commons-rng-sampling/src/test/java/org/apache/commons/rng/sampling/distribution/GeometricSamplerTest.java,,,,assert,unknown,standard,assertTrue
rng_left_657_1,commons-rng,GeometricSamplerTest,testProbabilityOfSuccessIsAlmostZeroGeneratesMaxValueForSamples_1_oe,commons-rng-sampling/src/test/java/org/apache/commons/rng/sampling/distribution/GeometricSamplerTest.java,,,,assert,unknown,standard,assertEquals
rng_left_658_1,commons-rng,GeometricSamplerTest,testProbabilityOfSuccessAboveOneThrows_1_oe,commons-rng-sampling/src/test/java/org/apache/commons/rng/sampling/distribution/GeometricSamplerTest.java,,,,assert,unknown,standard,assertThrows
rng_left_659_1,commons-rng,GeometricSamplerTest,testProbabilityOfSuccessIsZeroThrows_1_oe,commons-rng-sampling/src/test/java/org/apache/commons/rng/sampling/distribution/GeometricSamplerTest.java,,,,assert,unknown,standard,assertThrows
rng_left_660_1,commons-rng,GeometricSamplerTest,testSharedStateSampler_1_oe,commons-rng-sampling/src/test/java/org/apache/commons/rng/sampling/distribution/GeometricSamplerTest.java,,,,assert,unknown,custom,assertProduceSameSequence
rng_left_661_1,commons-rng,BoxMullerNormalisedGaussianSamplerTest,testSharedStateSampler_1_oe,commons-rng-sampling/src/test/java/org/apache/commons/rng/sampling/distribution/BoxMullerNormalisedGaussianSamplerTest.java,,,,assert,unknown,custom,assertProduceSameSequence
rng_left_662_1,commons-rng,RejectionInversionZipfSamplerTest,testConstructorThrowsWithZeroNumberOfElements_1_oe,commons-rng-sampling/src/test/java/org/apache/commons/rng/sampling/distribution/RejectionInversionZipfSamplerTest.java,,,,assert,unknown,standard,assertThrows
rng_left_663_1,commons-rng,RejectionInversionZipfSamplerTest,testConstructorThrowsWithZeroExponent_1_oe,commons-rng-sampling/src/test/java/org/apache/commons/rng/sampling/distribution/RejectionInversionZipfSamplerTest.java,,,,assert,unknown,standard,assertThrows
rng_left_664_1,commons-rng,RejectionInversionZipfSamplerTest,testSharedStateSampler_1_oe,commons-rng-sampling/src/test/java/org/apache/commons/rng/sampling/distribution/RejectionInversionZipfSamplerTest.java,,,,assert,unknown,custom,assertProduceSameSequence
rng_left_665_1,commons-rng,ChengBetaSamplerTest,testConstructorThrowsWithZeroAlpha_1_oe,commons-rng-sampling/src/test/java/org/apache/commons/rng/sampling/distribution/ChengBetaSamplerTest.java,,,,assert,unknown,standard,assertThrows
rng_left_666_1,commons-rng,ChengBetaSamplerTest,testConstructorThrowsWithZeroBeta_1_oe,commons-rng-sampling/src/test/java/org/apache/commons/rng/sampling/distribution/ChengBetaSamplerTest.java,,,,assert,unknown,standard,assertThrows
rng_left_667_1,commons-rng,ChengBetaSamplerTest,testSharedStateSampler_1_oe,,,,,assert,unknown,custom,assertProduceSameSequence
rng_left_668_1,commons-rng,ChengBetaSamplerTest,testToString_1_oe,commons-rng-sampling/src/test/java/org/apache/commons/rng/sampling/distribution/ChengBetaSamplerTest.java,,,,assert,unknown,standard,assertTrue
rng_left_669_1,commons-rng,ZigguratSamplerTest,testExponentialConstructorThrowsWithZeroMean_1_oe,commons-rng-sampling/src/test/java/org/apache/commons/rng/sampling/distribution/ZigguratSamplerTest.java,,,,assert,unknown,standard,assertThrows
rng_left_670_1,commons-rng,ZigguratSamplerTest,testExponentialSharedStateSampler_1_oe,commons-rng-sampling/src/test/java/org/apache/commons/rng/sampling/distribution/ZigguratSamplerTest.java,,,,assert,unknown,custom,assertProduceSameSequence
rng_left_671_1,commons-rng,ZigguratSamplerTest,testExponentialSharedStateSamplerWithMean_1_oe,commons-rng-sampling/src/test/java/org/apache/commons/rng/sampling/distribution/ZigguratSamplerTest.java,,,,assert,unknown,custom,assertProduceSameSequence
rng_left_672_1,commons-rng,ZigguratSamplerTest,testGaussianSharedStateSampler_1_oe,commons-rng-sampling/src/test/java/org/apache/commons/rng/sampling/distribution/ZigguratSamplerTest.java,,,,assert,unknown,custom,assertProduceSameSequence
rng_left_673_1,commons-rng,ZigguratSamplerTest,testExponentialRecursion_1_oe,commons-rng-sampling/src/test/java/org/apache/commons/rng/sampling/distribution/ZigguratSamplerTest.java,,,,assert,unknown,standard,assertEquals
rng_left_673_2,commons-rng,ZigguratSamplerTest,testExponentialRecursion_2_oe,commons-rng-sampling/src/test/java/org/apache/commons/rng/sampling/distribution/ZigguratSamplerTest.java,,,,assert,unknown,standard,assertEquals
rng_left_673_3,commons-rng,ZigguratSamplerTest,testExponentialRecursion_3_oe,commons-rng-sampling/src/test/java/org/apache/commons/rng/sampling/distribution/ZigguratSamplerTest.java,,,,assert,unknown,standard,assertEquals
rng_left_673_4,commons-rng,ZigguratSamplerTest,testExponentialRecursion_4_oe,commons-rng-sampling/src/test/java/org/apache/commons/rng/sampling/distribution/ZigguratSamplerTest.java,,,,assert,unknown,standard,assertEquals
rng_left_673_5,commons-rng,ZigguratSamplerTest,testExponentialRecursion_5_oe,commons-rng-sampling/src/test/java/org/apache/commons/rng/sampling/distribution/ZigguratSamplerTest.java,,,,assert,unknown,standard,assertEquals
rng_left_673_6,commons-rng,ZigguratSamplerTest,testExponentialRecursion_6_oe,commons-rng-sampling/src/test/java/org/apache/commons/rng/sampling/distribution/ZigguratSamplerTest.java,,,,assert,unknown,standard,assertEquals
rng_left_674_1,commons-rng,ZigguratSamplerTest,testSamples_1_oe,,,,,assert,unknown,standard,assertFalse
rng_left_674_2,commons-rng,ZigguratSamplerTest,testSamples_2_oe,,,,,assert,unknown,standard,fail
rng_left_674_3,commons-rng,ZigguratSamplerTest,testSamples_3_oe,,,,,assert,unknown,standard,assertFalse
rng_left_675_1,commons-rng,ZigguratSamplerTest,findIndex_1_oe,,,,,assert,unknown,standard,assertTrue
rng_left_675_2,commons-rng,ZigguratSamplerTest,findIndex_2_oe,,,,,assert,unknown,standard,assertTrue
rng_left_676_1,commons-rng,AhrensDieterExponentialSamplerTest,testConstructorThrowsWithZeroMean_1_oe,commons-rng-sampling/src/test/java/org/apache/commons/rng/sampling/distribution/AhrensDieterExponentialSamplerTest.java,,,,assert,unknown,standard,assertThrows
rng_left_677_1,commons-rng,AhrensDieterExponentialSamplerTest,testSharedStateSampler_1_oe,commons-rng-sampling/src/test/java/org/apache/commons/rng/sampling/distribution/AhrensDieterExponentialSamplerTest.java,,,,assert,unknown,custom,assertProduceSameSequence
rng_left_678_1,commons-rng,AhrensDieterExponentialSamplerTest,testSamplerWithZeroFromRandomGenerator_1_oe,commons-rng-sampling/src/test/java/org/apache/commons/rng/sampling/distribution/AhrensDieterExponentialSamplerTest.java,,,,assert,unknown,standard,assertTimeout
rng_left_678_2,commons-rng,AhrensDieterExponentialSamplerTest,testSamplerWithZeroFromRandomGenerator_2_oe,commons-rng-sampling/src/test/java/org/apache/commons/rng/sampling/distribution/AhrensDieterExponentialSamplerTest.java,,,,assert,unknown,standard,assertTrue
rng_left_679_1,commons-rng,AhrensDieterExponentialSamplerTest,testSamplerWithOneFromRandomGenerator_1_oe,commons-rng-sampling/src/test/java/org/apache/commons/rng/sampling/distribution/AhrensDieterExponentialSamplerTest.java,,,,assert,unknown,standard,assertTrue
rng_left_680_1,commons-rng,ContinuousUniformSamplerTest,testSampleInRange_1_oe,,,,,assert,unknown,standard,assertTrue
rng_left_681_1,commons-rng,ContinuousUniformSamplerTest,testExcludeBounds_1_oe,commons-rng-sampling/src/test/java/org/apache/commons/rng/sampling/distribution/ContinuousUniformSamplerTest.java,,,,assert,unknown,standard,assertTrue
rng_left_682_1,commons-rng,ContinuousUniformSamplerTest,testInvalidOpenIntervalThrows_1_oe,commons-rng-sampling/src/test/java/org/apache/commons/rng/sampling/distribution/ContinuousUniformSamplerTest.java,,,,assert,unknown,standard,assertThrows
rng_left_682_2,commons-rng,ContinuousUniformSamplerTest,testInvalidOpenIntervalThrows_2_oe,commons-rng-sampling/src/test/java/org/apache/commons/rng/sampling/distribution/ContinuousUniformSamplerTest.java,,,,assert,unknown,standard,assertThrows
rng_left_683_1,commons-rng,ContinuousUniformSamplerTest,testTinyOpenIntervalSample_1_oe,commons-rng-sampling/src/test/java/org/apache/commons/rng/sampling/distribution/ContinuousUniformSamplerTest.java,,,,assert,unknown,standard,assertEquals
rng_left_683_2,commons-rng,ContinuousUniformSamplerTest,testTinyOpenIntervalSample_2_oe,commons-rng-sampling/src/test/java/org/apache/commons/rng/sampling/distribution/ContinuousUniformSamplerTest.java,,,,assert,unknown,standard,assertEquals
rng_left_683_3,commons-rng,ContinuousUniformSamplerTest,testTinyOpenIntervalSample_3_oe,commons-rng-sampling/src/test/java/org/apache/commons/rng/sampling/distribution/ContinuousUniformSamplerTest.java,,,,assert,unknown,standard,assertEquals
rng_left_683_4,commons-rng,ContinuousUniformSamplerTest,testTinyOpenIntervalSample_4_oe,commons-rng-sampling/src/test/java/org/apache/commons/rng/sampling/distribution/ContinuousUniformSamplerTest.java,,,,assert,unknown,standard,assertEquals
rng_left_683_5,commons-rng,ContinuousUniformSamplerTest,testTinyOpenIntervalSample_5_oe,commons-rng-sampling/src/test/java/org/apache/commons/rng/sampling/distribution/ContinuousUniformSamplerTest.java,,,,assert,unknown,standard,assertTrue
rng_left_683_6,commons-rng,ContinuousUniformSamplerTest,testTinyOpenIntervalSample_6_oe,commons-rng-sampling/src/test/java/org/apache/commons/rng/sampling/distribution/ContinuousUniformSamplerTest.java,,,,assert,unknown,standard,assertTrue
rng_left_684_1,commons-rng,ContinuousUniformSamplerTest,testSharedStateSampler_1_oe,commons-rng-sampling/src/test/java/org/apache/commons/rng/sampling/distribution/ContinuousUniformSamplerTest.java,,,,assert,unknown,custom,assertProduceSameSequence
rng_left_685_1,commons-rng,ContinuousUniformSamplerTest,testSamplerWithBoundsExcluded_1_oe,commons-rng-sampling/src/test/java/org/apache/commons/rng/sampling/distribution/ContinuousUniformSamplerTest.java,,,,assert,unknown,custom,assertProduceSameSequence
rng_left_686_1,commons-rng,GaussianSamplerTest,testConstructorThrowsWithZeroStandardDeviation_1_oe,commons-rng-sampling/src/test/java/org/apache/commons/rng/sampling/distribution/GaussianSamplerTest.java,,,,assert,unknown,standard,assertThrows
rng_left_687_1,commons-rng,GaussianSamplerTest,testConstructorThrowsWithInfiniteStandardDeviation_1_oe,commons-rng-sampling/src/test/java/org/apache/commons/rng/sampling/distribution/GaussianSamplerTest.java,,,,assert,unknown,standard,assertThrows
rng_left_688_1,commons-rng,GaussianSamplerTest,testConstructorThrowsWithNaNStandardDeviation_1_oe,commons-rng-sampling/src/test/java/org/apache/commons/rng/sampling/distribution/GaussianSamplerTest.java,,,,assert,unknown,standard,assertThrows
rng_left_689_1,commons-rng,GaussianSamplerTest,testConstructorThrowsWithInfiniteMean_1_oe,commons-rng-sampling/src/test/java/org/apache/commons/rng/sampling/distribution/GaussianSamplerTest.java,,,,assert,unknown,standard,assertThrows
rng_left_690_1,commons-rng,GaussianSamplerTest,testConstructorThrowsWithNaNMean_1_oe,commons-rng-sampling/src/test/java/org/apache/commons/rng/sampling/distribution/GaussianSamplerTest.java,,,,assert,unknown,standard,assertThrows
rng_left_691_1,commons-rng,GaussianSamplerTest,testSharedStateSampler_1_oe,commons-rng-sampling/src/test/java/org/apache/commons/rng/sampling/distribution/GaussianSamplerTest.java,,,,assert,unknown,custom,assertProduceSameSequence
rng_left_692_1,commons-rng,GaussianSamplerTest,testSharedStateSamplerThrowsIfUnderlyingSamplerDoesNotShareState_1_oe,commons-rng-sampling/src/test/java/org/apache/commons/rng/sampling/distribution/GaussianSamplerTest.java,,,,assert,unknown,standard,assertThrows
rng_left_693_1,commons-rng,GaussianSamplerTest,testSharedStateSamplerThrowsIfUnderlyingSamplerReturnsWrongSharedState_1_oe,commons-rng-sampling/src/test/java/org/apache/commons/rng/sampling/distribution/GaussianSamplerTest.java,,,,assert,unknown,standard,assertThrows
rng_left_694_1,commons-rng,BoxSamplerTest,testInvalidDimensionThrows_1_oe,commons-rng-sampling/src/test/java/org/apache/commons/rng/sampling/shape/BoxSamplerTest.java,,,,assert,unknown,standard,assertThrows
rng_left_695_1,commons-rng,BoxSamplerTest,testDimensionMismatchThrows_1_oe,commons-rng-sampling/src/test/java/org/apache/commons/rng/sampling/shape/BoxSamplerTest.java,,,,assert,unknown,standard,assertThrows
rng_left_696_1,commons-rng,BoxSamplerTest,testNonFiniteVertexCoordinates_1_oe,commons-rng-sampling/src/test/java/org/apache/commons/rng/sampling/shape/BoxSamplerTest.java,,,,assert,unknown,standard,assertNotNull
rng_left_696_2,commons-rng,BoxSamplerTest,testNonFiniteVertexCoordinates_2_oe,commons-rng-sampling/src/test/java/org/apache/commons/rng/sampling/shape/BoxSamplerTest.java,,,,assert,unknown,standard,assertThrows
rng_left_697_1,commons-rng,BoxSamplerTest,testExtremeValueCoordinates_1_oe,,,,,assert,unknown,standard,assertEquals
rng_left_697_2,commons-rng,BoxSamplerTest,testExtremeValueCoordinates_2_oe,,,,,assert,unknown,standard,assertArrayEquals
rng_left_698_1,commons-rng,BoxSamplerTest,testDistributionND_1_oe,,,,,assert,unknown,standard,assertEquals
rng_left_698_2,commons-rng,BoxSamplerTest,testDistributionND_2_oe,,,,,assert,unknown,standard,assertTrue
rng_left_698_3,commons-rng,BoxSamplerTest,testDistributionND_3_oe,,,,,assert,unknown,standard,assertFalse
rng_left_699_1,commons-rng,BoxSamplerTest,testSharedStateSampler_1_oe,,,,,assert,unknown,custom,assertProduceSameSequence
rng_left_700_1,commons-rng,BoxSamplerTest,testChangedInputCoordinates_1_oe,,,,,assert,unknown,standard,assertEquals
rng_left_700_2,commons-rng,BoxSamplerTest,testChangedInputCoordinates_2_oe,,,,,assert,unknown,standard,assertFalse
rng_left_700_3,commons-rng,BoxSamplerTest,testChangedInputCoordinates_3_oe,,,,,assert,unknown,standard,assertEquals
rng_left_701_1,commons-rng,CoordinatesTest,testRequireFiniteWithMessageThrows_1_oe,commons-rng-sampling/src/test/java/org/apache/commons/rng/sampling/shape/CoordinatesTest.java,,,,assert,unknown,standard,assertSame
rng_left_701_2,commons-rng,CoordinatesTest,testRequireFiniteWithMessageThrows_2_oe,commons-rng-sampling/src/test/java/org/apache/commons/rng/sampling/shape/CoordinatesTest.java,,,,assert,unknown,standard,assertThrows
rng_left_701_3,commons-rng,CoordinatesTest,testRequireFiniteWithMessageThrows_3_oe,commons-rng-sampling/src/test/java/org/apache/commons/rng/sampling/shape/CoordinatesTest.java,,,,assert,unknown,standard,assertTrue
rng_left_702_1,commons-rng,CoordinatesTest,testRequireLengthWithMessageThrows_1_oe,commons-rng-sampling/src/test/java/org/apache/commons/rng/sampling/shape/CoordinatesTest.java,,,,assert,unknown,standard,assertSame
rng_left_702_2,commons-rng,CoordinatesTest,testRequireLengthWithMessageThrows_2_oe,commons-rng-sampling/src/test/java/org/apache/commons/rng/sampling/shape/CoordinatesTest.java,,,,assert,unknown,standard,assertThrows
rng_left_702_3,commons-rng,CoordinatesTest,testRequireLengthWithMessageThrows_3_oe,commons-rng-sampling/src/test/java/org/apache/commons/rng/sampling/shape/CoordinatesTest.java,,,,assert,unknown,standard,assertTrue
rng_left_702_4,commons-rng,CoordinatesTest,testRequireLengthWithMessageThrows_4_oe,commons-rng-sampling/src/test/java/org/apache/commons/rng/sampling/shape/CoordinatesTest.java,,,,assert,unknown,standard,assertThrows
rng_left_702_5,commons-rng,CoordinatesTest,testRequireLengthWithMessageThrows_5_oe,commons-rng-sampling/src/test/java/org/apache/commons/rng/sampling/shape/CoordinatesTest.java,,,,assert,unknown,standard,assertTrue
rng_left_703_1,commons-rng,LineSamplerTest,testInvalidDimensionThrows_1_oe,commons-rng-sampling/src/test/java/org/apache/commons/rng/sampling/shape/LineSamplerTest.java,,,,assert,unknown,standard,assertThrows
rng_left_704_1,commons-rng,LineSamplerTest,testDimensionMismatchThrows_1_oe,commons-rng-sampling/src/test/java/org/apache/commons/rng/sampling/shape/LineSamplerTest.java,,,,assert,unknown,standard,assertThrows
rng_left_705_1,commons-rng,LineSamplerTest,testNonFiniteVertexCoordinates_1_oe,commons-rng-sampling/src/test/java/org/apache/commons/rng/sampling/shape/LineSamplerTest.java,,,,assert,unknown,standard,assertNotNull
rng_left_705_2,commons-rng,LineSamplerTest,testNonFiniteVertexCoordinates_2_oe,commons-rng-sampling/src/test/java/org/apache/commons/rng/sampling/shape/LineSamplerTest.java,,,,assert,unknown,standard,assertThrows
rng_left_706_1,commons-rng,LineSamplerTest,testExtremeValueCoordinates_1_oe,,,,,assert,unknown,standard,assertEquals
rng_left_706_2,commons-rng,LineSamplerTest,testExtremeValueCoordinates_2_oe,,,,,assert,unknown,standard,assertArrayEquals
rng_left_707_1,commons-rng,LineSamplerTest,testDistributionND_1_oe,,,,,assert,unknown,standard,assertEquals
rng_left_707_2,commons-rng,LineSamplerTest,testDistributionND_2_oe,,,,,assert,unknown,standard,assertTrue
rng_left_707_3,commons-rng,LineSamplerTest,testDistributionND_3_oe,,,,,assert,unknown,standard,assertEquals
rng_left_707_4,commons-rng,LineSamplerTest,testDistributionND_4_oe,,,,,assert,unknown,standard,assertFalse
rng_left_708_1,commons-rng,LineSamplerTest,testSharedStateSampler_1_oe,,,,,assert,unknown,custom,assertProduceSameSequence
rng_left_709_1,commons-rng,LineSamplerTest,testChangedInputCoordinates_1_oe,,,,,assert,unknown,standard,assertEquals
rng_left_709_2,commons-rng,LineSamplerTest,testChangedInputCoordinates_2_oe,,,,,assert,unknown,standard,assertFalse
rng_left_709_3,commons-rng,LineSamplerTest,testChangedInputCoordinates_3_oe,,,,,assert,unknown,standard,assertEquals
rng_left_710_1,commons-rng,TriangleSamplerTest,testSamplingAssumptions_1_oe,commons-rng-sampling/src/test/java/org/apache/commons/rng/sampling/shape/TriangleSamplerTest.java,,,,assert,unknown,standard,assertNotEquals
rng_left_710_2,commons-rng,TriangleSamplerTest,testSamplingAssumptions_2_oe,commons-rng-sampling/src/test/java/org/apache/commons/rng/sampling/shape/TriangleSamplerTest.java,,,,assert,unknown,standard,assertNotEquals
rng_left_710_3,commons-rng,TriangleSamplerTest,testSamplingAssumptions_3_oe,commons-rng-sampling/src/test/java/org/apache/commons/rng/sampling/shape/TriangleSamplerTest.java,,,,assert,unknown,standard,assertEquals
rng_left_710_4,commons-rng,TriangleSamplerTest,testSamplingAssumptions_4_oe,commons-rng-sampling/src/test/java/org/apache/commons/rng/sampling/shape/TriangleSamplerTest.java,,,,assert,unknown,standard,assertNotEquals
rng_left_711_1,commons-rng,TriangleSamplerTest,testInvalidDimensionThrows_1_oe,commons-rng-sampling/src/test/java/org/apache/commons/rng/sampling/shape/TriangleSamplerTest.java,,,,assert,unknown,standard,assertThrows
rng_left_712_1,commons-rng,TriangleSamplerTest,testDimensionMismatchThrows_1_oe,commons-rng-sampling/src/test/java/org/apache/commons/rng/sampling/shape/TriangleSamplerTest.java,,,,assert,unknown,standard,assertThrows
rng_left_713_1,commons-rng,TriangleSamplerTest,testNonFiniteVertexCoordinates_1_oe,commons-rng-sampling/src/test/java/org/apache/commons/rng/sampling/shape/TriangleSamplerTest.java,,,,assert,unknown,standard,assertNotNull
rng_left_713_2,commons-rng,TriangleSamplerTest,testNonFiniteVertexCoordinates_2_oe,commons-rng-sampling/src/test/java/org/apache/commons/rng/sampling/shape/TriangleSamplerTest.java,,,,assert,unknown,standard,assertThrows
rng_left_714_1,commons-rng,TriangleSamplerTest,testExtremeValueCoordinates_1_oe,,,,,assert,unknown,standard,assertEquals
rng_left_714_2,commons-rng,TriangleSamplerTest,testExtremeValueCoordinates_2_oe,,,,,assert,unknown,standard,assertEquals
rng_left_714_3,commons-rng,TriangleSamplerTest,testExtremeValueCoordinates_3_oe,,,,,assert,unknown,standard,assertArrayEquals
rng_left_715_1,commons-rng,TriangleSamplerTest,testDistributionND_1_oe,,,,,assert,unknown,standard,assertFalse
rng_left_716_1,commons-rng,TriangleSamplerTest,addObservation_1_oe,,,,,assert,unknown,standard,assertTrue
rng_left_717_1,commons-rng,TriangleSamplerTest,testSharedStateSampler_1_oe,,,,,assert,unknown,custom,assertProduceSameSequence
rng_left_718_1,commons-rng,TriangleSamplerTest,testChangedInputCoordinates_1_oe,,,,,assert,unknown,standard,assertEquals
rng_left_718_2,commons-rng,TriangleSamplerTest,testChangedInputCoordinates_2_oe,,,,,assert,unknown,standard,assertFalse
rng_left_718_3,commons-rng,TriangleSamplerTest,testChangedInputCoordinates_3_oe,,,,,assert,unknown,standard,assertEquals
rng_left_719_1,commons-rng,TriangleSamplerTest,testTransformND_1_oe,,,,,assert,unknown,standard,assertEquals
rng_left_719_2,commons-rng,TriangleSamplerTest,testTransformND_2_oe,,,,,assert,unknown,standard,assertArrayEquals
rng_left_719_3,commons-rng,TriangleSamplerTest,testTransformND_3_oe,,,,,assert,unknown,standard,assertTrue
rng_left_720_1,commons-rng,TriangleSamplerTest,testRotations3D_1_oe,commons-rng-sampling/src/test/java/org/apache/commons/rng/sampling/shape/TriangleSamplerTest.java,,,,assert,unknown,standard,assertArrayEquals
rng_left_720_2,commons-rng,TriangleSamplerTest,testRotations3D_2_oe,commons-rng-sampling/src/test/java/org/apache/commons/rng/sampling/shape/TriangleSamplerTest.java,,,,assert,unknown,standard,assertEquals
rng_left_720_3,commons-rng,TriangleSamplerTest,testRotations3D_3_oe,commons-rng-sampling/src/test/java/org/apache/commons/rng/sampling/shape/TriangleSamplerTest.java,,,,assert,unknown,standard,assertArrayEquals
rng_left_721_1,commons-rng,TriangleSamplerTest,testRotations4D_1_oe,commons-rng-sampling/src/test/java/org/apache/commons/rng/sampling/shape/TriangleSamplerTest.java,,,,assert,unknown,standard,assertArrayEquals
rng_left_721_2,commons-rng,TriangleSamplerTest,testRotations4D_2_oe,commons-rng-sampling/src/test/java/org/apache/commons/rng/sampling/shape/TriangleSamplerTest.java,,,,assert,unknown,standard,assertEquals
rng_left_721_3,commons-rng,TriangleSamplerTest,testRotations4D_3_oe,commons-rng-sampling/src/test/java/org/apache/commons/rng/sampling/shape/TriangleSamplerTest.java,,,,assert,unknown,standard,assertArrayEquals
rng_left_722_1,commons-rng,TriangleSamplerTest,testTriangleContains_1_oe,commons-rng-sampling/src/test/java/org/apache/commons/rng/sampling/shape/TriangleSamplerTest.java,,,,assert,unknown,standard,assertTrue
rng_left_722_2,commons-rng,TriangleSamplerTest,testTriangleContains_2_oe,commons-rng-sampling/src/test/java/org/apache/commons/rng/sampling/shape/TriangleSamplerTest.java,,,,assert,unknown,standard,assertTrue
rng_left_722_3,commons-rng,TriangleSamplerTest,testTriangleContains_3_oe,commons-rng-sampling/src/test/java/org/apache/commons/rng/sampling/shape/TriangleSamplerTest.java,,,,assert,unknown,standard,assertTrue
rng_left_722_4,commons-rng,TriangleSamplerTest,testTriangleContains_4_oe,commons-rng-sampling/src/test/java/org/apache/commons/rng/sampling/shape/TriangleSamplerTest.java,,,,assert,unknown,standard,assertTrue
rng_left_722_5,commons-rng,TriangleSamplerTest,testTriangleContains_5_oe,commons-rng-sampling/src/test/java/org/apache/commons/rng/sampling/shape/TriangleSamplerTest.java,,,,assert,unknown,standard,assertTrue
rng_left_722_6,commons-rng,TriangleSamplerTest,testTriangleContains_6_oe,commons-rng-sampling/src/test/java/org/apache/commons/rng/sampling/shape/TriangleSamplerTest.java,,,,assert,unknown,standard,assertFalse
rng_left_722_7,commons-rng,TriangleSamplerTest,testTriangleContains_7_oe,commons-rng-sampling/src/test/java/org/apache/commons/rng/sampling/shape/TriangleSamplerTest.java,,,,assert,unknown,standard,assertFalse
rng_left_722_8,commons-rng,TriangleSamplerTest,testTriangleContains_8_oe,commons-rng-sampling/src/test/java/org/apache/commons/rng/sampling/shape/TriangleSamplerTest.java,,,,assert,unknown,standard,assertFalse
rng_left_722_9,commons-rng,TriangleSamplerTest,testTriangleContains_9_oe,commons-rng-sampling/src/test/java/org/apache/commons/rng/sampling/shape/TriangleSamplerTest.java,,,,assert,unknown,standard,assertFalse
rng_left_722_10,commons-rng,TriangleSamplerTest,testTriangleContains_10_oe,commons-rng-sampling/src/test/java/org/apache/commons/rng/sampling/shape/TriangleSamplerTest.java,,,,assert,unknown,standard,assertTrue
rng_left_722_11,commons-rng,TriangleSamplerTest,testTriangleContains_11_oe,commons-rng-sampling/src/test/java/org/apache/commons/rng/sampling/shape/TriangleSamplerTest.java,,,,assert,unknown,standard,assertTrue
rng_left_723_1,commons-rng,ReverseTransform,apply_1_oe,,,,,assert,unknown,standard,assertEquals
rng_left_723_2,commons-rng,ReverseTransform,apply_2_oe,,,,,assert,unknown,standard,assertEquals
rng_left_724_1,commons-rng,Transform2Dto2D,apply_1_oe,,,,,assert,unknown,standard,assertEquals
rng_left_725_1,commons-rng,UnitBallSamplerTest,testInvalidDimensionThrows_1_oe,commons-rng-sampling/src/test/java/org/apache/commons/rng/sampling/shape/UnitBallSamplerTest.java,,,,assert,unknown,standard,assertThrows
rng_left_726_1,commons-rng,UnitBallSamplerTest,testDistributionND_1_oe,,,,,assert,unknown,standard,fail
rng_left_726_2,commons-rng,UnitBallSamplerTest,testDistributionND_2_oe,,,,,assert,unknown,standard,assertFalse
rng_left_727_1,commons-rng,UnitBallSamplerTest,testInvalidInverseNormalisationND_1_oe,,,,,assert,unknown,standard,assertEquals
rng_left_727_2,commons-rng,UnitBallSamplerTest,testInvalidInverseNormalisationND_2_oe,,,,,assert,unknown,standard,assertNotEquals
rng_left_728_1,commons-rng,UnitBallSamplerTest,testSharedStateSampler_1_oe,,,,,assert,unknown,custom,assertProduceSameSequence
rng_left_729_1,commons-rng,UnitBallSamplerTest,checkVolumeFunctions_1_oe,commons-rng-sampling/src/test/java/org/apache/commons/rng/sampling/shape/UnitBallSamplerTest.java,,,,assert,unknown,standard,assertEquals
rng_left_730_1,commons-rng,TetrahedronSamplerTest,testInvalidDimensionThrows_1_oe,commons-rng-sampling/src/test/java/org/apache/commons/rng/sampling/shape/TetrahedronSamplerTest.java,,,,assert,unknown,standard,assertThrows
rng_left_731_1,commons-rng,TetrahedronSamplerTest,testNonFiniteVertexCoordinates_1_oe,commons-rng-sampling/src/test/java/org/apache/commons/rng/sampling/shape/TetrahedronSamplerTest.java,,,,assert,unknown,standard,assertNotNull
rng_left_731_2,commons-rng,TetrahedronSamplerTest,testNonFiniteVertexCoordinates_2_oe,commons-rng-sampling/src/test/java/org/apache/commons/rng/sampling/shape/TetrahedronSamplerTest.java,,,,assert,unknown,standard,assertThrows
rng_left_732_1,commons-rng,TetrahedronSamplerTest,testExtremeValueCoordinates_1_oe,commons-rng-sampling/src/test/java/org/apache/commons/rng/sampling/shape/TetrahedronSamplerTest.java,,,,assert,unknown,standard,assertEquals
rng_left_732_2,commons-rng,TetrahedronSamplerTest,testExtremeValueCoordinates_2_oe,commons-rng-sampling/src/test/java/org/apache/commons/rng/sampling/shape/TetrahedronSamplerTest.java,,,,assert,unknown,standard,assertEquals
rng_left_732_3,commons-rng,TetrahedronSamplerTest,testExtremeValueCoordinates_3_oe,commons-rng-sampling/src/test/java/org/apache/commons/rng/sampling/shape/TetrahedronSamplerTest.java,,,,assert,unknown,standard,assertEquals
rng_left_732_4,commons-rng,TetrahedronSamplerTest,testExtremeValueCoordinates_4_oe,commons-rng-sampling/src/test/java/org/apache/commons/rng/sampling/shape/TetrahedronSamplerTest.java,,,,assert,unknown,standard,assertArrayEquals
rng_left_733_1,commons-rng,TetrahedronSamplerTest,testDistribution_1_oe,commons-rng-sampling/src/test/java/org/apache/commons/rng/sampling/shape/TetrahedronSamplerTest.java,,,,assert,unknown,standard,assertFalse
rng_left_734_1,commons-rng,TetrahedronSamplerTest,addObservation_1_oe,,,,,assert,unknown,standard,assertEquals
rng_left_734_2,commons-rng,TetrahedronSamplerTest,addObservation_2_oe,,,,,assert,unknown,standard,assertTrue
rng_left_735_1,commons-rng,TetrahedronSamplerTest,testSharedStateSampler_1_oe,commons-rng-sampling/src/test/java/org/apache/commons/rng/sampling/shape/TetrahedronSamplerTest.java,,,,assert,unknown,custom,assertProduceSameSequence
rng_left_736_1,commons-rng,TetrahedronSamplerTest,testChangedInputCoordinates_1_oe,commons-rng-sampling/src/test/java/org/apache/commons/rng/sampling/shape/TetrahedronSamplerTest.java,,,,assert,unknown,standard,assertEquals
rng_left_736_2,commons-rng,TetrahedronSamplerTest,testChangedInputCoordinates_2_oe,commons-rng-sampling/src/test/java/org/apache/commons/rng/sampling/shape/TetrahedronSamplerTest.java,,,,assert,unknown,standard,assertEquals
rng_left_736_3,commons-rng,TetrahedronSamplerTest,testChangedInputCoordinates_3_oe,commons-rng-sampling/src/test/java/org/apache/commons/rng/sampling/shape/TetrahedronSamplerTest.java,,,,assert,unknown,standard,assertEquals
rng_left_737_1,commons-rng,TetrahedronSamplerTest,testTetrahedronContains_1_oe,commons-rng-sampling/src/test/java/org/apache/commons/rng/sampling/shape/TetrahedronSamplerTest.java,,,,assert,unknown,standard,assertTrue
rng_left_737_2,commons-rng,TetrahedronSamplerTest,testTetrahedronContains_2_oe,commons-rng-sampling/src/test/java/org/apache/commons/rng/sampling/shape/TetrahedronSamplerTest.java,,,,assert,unknown,standard,assertTrue
rng_left_737_3,commons-rng,TetrahedronSamplerTest,testTetrahedronContains_3_oe,commons-rng-sampling/src/test/java/org/apache/commons/rng/sampling/shape/TetrahedronSamplerTest.java,,,,assert,unknown,standard,assertTrue
rng_left_737_4,commons-rng,TetrahedronSamplerTest,testTetrahedronContains_4_oe,commons-rng-sampling/src/test/java/org/apache/commons/rng/sampling/shape/TetrahedronSamplerTest.java,,,,assert,unknown,standard,assertTrue
rng_left_737_5,commons-rng,TetrahedronSamplerTest,testTetrahedronContains_5_oe,commons-rng-sampling/src/test/java/org/apache/commons/rng/sampling/shape/TetrahedronSamplerTest.java,,,,assert,unknown,standard,assertTrue
rng_left_737_6,commons-rng,TetrahedronSamplerTest,testTetrahedronContains_6_oe,commons-rng-sampling/src/test/java/org/apache/commons/rng/sampling/shape/TetrahedronSamplerTest.java,,,,assert,unknown,standard,assertFalse
rng_left_737_7,commons-rng,TetrahedronSamplerTest,testTetrahedronContains_7_oe,commons-rng-sampling/src/test/java/org/apache/commons/rng/sampling/shape/TetrahedronSamplerTest.java,,,,assert,unknown,standard,assertFalse
rng_left_737_8,commons-rng,TetrahedronSamplerTest,testTetrahedronContains_8_oe,commons-rng-sampling/src/test/java/org/apache/commons/rng/sampling/shape/TetrahedronSamplerTest.java,,,,assert,unknown,standard,assertTrue
rng_left_737_9,commons-rng,TetrahedronSamplerTest,testTetrahedronContains_9_oe,commons-rng-sampling/src/test/java/org/apache/commons/rng/sampling/shape/TetrahedronSamplerTest.java,,,,assert,unknown,standard,assertTrue
rng_left_737_10,commons-rng,TetrahedronSamplerTest,testTetrahedronContains_10_oe,commons-rng-sampling/src/test/java/org/apache/commons/rng/sampling/shape/TetrahedronSamplerTest.java,,,,assert,unknown,standard,assertTrue
rng_left_737_11,commons-rng,TetrahedronSamplerTest,testTetrahedronContains_11_oe,commons-rng-sampling/src/test/java/org/apache/commons/rng/sampling/shape/TetrahedronSamplerTest.java,,,,assert,unknown,standard,assertTrue
rng_left_737_12,commons-rng,TetrahedronSamplerTest,testTetrahedronContains_12_oe,commons-rng-sampling/src/test/java/org/apache/commons/rng/sampling/shape/TetrahedronSamplerTest.java,,,,assert,unknown,standard,assertFalse
rng_left_737_13,commons-rng,TetrahedronSamplerTest,testTetrahedronContains_13_oe,commons-rng-sampling/src/test/java/org/apache/commons/rng/sampling/shape/TetrahedronSamplerTest.java,,,,assert,unknown,standard,assertFalse
rng_left_737_14,commons-rng,TetrahedronSamplerTest,testTetrahedronContains_14_oe,commons-rng-sampling/src/test/java/org/apache/commons/rng/sampling/shape/TetrahedronSamplerTest.java,,,,assert,unknown,standard,assertFalse
rng_left_737_15,commons-rng,TetrahedronSamplerTest,testTetrahedronContains_15_oe,commons-rng-sampling/src/test/java/org/apache/commons/rng/sampling/shape/TetrahedronSamplerTest.java,,,,assert,unknown,standard,assertFalse
rng_left_737_16,commons-rng,TetrahedronSamplerTest,testTetrahedronContains_16_oe,commons-rng-sampling/src/test/java/org/apache/commons/rng/sampling/shape/TetrahedronSamplerTest.java,,,,assert,unknown,standard,assertTrue
rng_left_737_17,commons-rng,TetrahedronSamplerTest,testTetrahedronContains_17_oe,commons-rng-sampling/src/test/java/org/apache/commons/rng/sampling/shape/TetrahedronSamplerTest.java,,,,assert,unknown,standard,assertTrue
rng_left_737_18,commons-rng,TetrahedronSamplerTest,testTetrahedronContains_18_oe,commons-rng-sampling/src/test/java/org/apache/commons/rng/sampling/shape/TetrahedronSamplerTest.java,,,,assert,unknown,standard,assertFalse
rng_left_737_19,commons-rng,TetrahedronSamplerTest,testTetrahedronContains_19_oe,commons-rng-sampling/src/test/java/org/apache/commons/rng/sampling/shape/TetrahedronSamplerTest.java,,,,assert,unknown,standard,assertFalse
rng_left_737_20,commons-rng,TetrahedronSamplerTest,testTetrahedronContains_20_oe,commons-rng-sampling/src/test/java/org/apache/commons/rng/sampling/shape/TetrahedronSamplerTest.java,,,,assert,unknown,standard,assertFalse
rng_left_738_1,commons-rng,HexTest,testHexEncodeAndDecode_1_oe,commons-rng-examples/examples-stress/src/test/java/org/apache/commons/rng/examples/stress/HexTest.java,,,,assert,unknown,custom,assertHexEncodeAndDecode
rng_left_738_2,commons-rng,HexTest,testHexEncodeAndDecode_2_oe,commons-rng-examples/examples-stress/src/test/java/org/apache/commons/rng/examples/stress/HexTest.java,,,,assert,unknown,custom,assertHexEncodeAndDecode
rng_left_739_1,commons-rng,HexTest,assertHexEncodeAndDecode_1_oe,,,,,assert,unknown,custom,assertHexEncodeAndDecode
rng_left_739_2,commons-rng,HexTest,assertHexEncodeAndDecode_2_oe,,,,,assert,unknown,standard,assertArrayEquals
rng_left_740_1,commons-rng,HexTest,testHexDecodeAndEncode_1_oe,commons-rng-examples/examples-stress/src/test/java/org/apache/commons/rng/examples/stress/HexTest.java,,,,assert,unknown,custom,assertHexDecodeAndEncode
rng_left_740_2,commons-rng,HexTest,testHexDecodeAndEncode_2_oe,commons-rng-examples/examples-stress/src/test/java/org/apache/commons/rng/examples/stress/HexTest.java,,,,assert,unknown,custom,assertHexDecodeAndEncode
rng_left_741_1,commons-rng,HexTest,assertHexDecodeAndEncode_1_oe,,,,,assert,unknown,custom,assertHexDecodeAndEncode
rng_left_741_2,commons-rng,HexTest,assertHexDecodeAndEncode_2_oe,,,,,assert,unknown,standard,assertArrayEquals
rng_left_742_1,commons-rng,HexTest,testHexThrowsWithOddNumberOfCharacters_1_oe,commons-rng-examples/examples-stress/src/test/java/org/apache/commons/rng/examples/stress/HexTest.java,,,,assert,unknown,standard,assertThrows
rng_left_743_1,commons-rng,HexTest,testHexThrowsWithIllegalHexCharacters_1_oe,commons-rng-examples/examples-stress/src/test/java/org/apache/commons/rng/examples/stress/HexTest.java,,,,assert,unknown,standard,assertThrows
rng_left_744_1,commons-rng,RngDataOutputTest,testIntBigEndian_1_oe,commons-rng-examples/examples-stress/src/test/java/org/apache/commons/rng/examples/stress/RngDataOutputTest.java,,,,assert,unknown,custom,assertRngOutput
rng_left_745_1,commons-rng,RngDataOutputTest,testIntLittleEndian_1_oe,commons-rng-examples/examples-stress/src/test/java/org/apache/commons/rng/examples/stress/RngDataOutputTest.java,,,,assert,unknown,custom,assertRngOutput
rng_left_746_1,commons-rng,RngDataOutputTest,testLongBigEndian_1_oe,commons-rng-examples/examples-stress/src/test/java/org/apache/commons/rng/examples/stress/RngDataOutputTest.java,,,,assert,unknown,custom,assertRngOutput
rng_left_747_1,commons-rng,RngDataOutputTest,testLongLittleEndian_1_oe,commons-rng-examples/examples-stress/src/test/java/org/apache/commons/rng/examples/stress/RngDataOutputTest.java,,,,assert,unknown,custom,assertRngOutput
rng_left_748_1,commons-rng,RngDataOutputTest,testLongAsIntBigEndian_1_oe,commons-rng-examples/examples-stress/src/test/java/org/apache/commons/rng/examples/stress/RngDataOutputTest.java,,,,assert,unknown,custom,assertRngOutput
rng_left_749_1,commons-rng,RngDataOutputTest,testLongAsIntLittleEndian_1_oe,commons-rng-examples/examples-stress/src/test/java/org/apache/commons/rng/examples/stress/RngDataOutputTest.java,,,,assert,unknown,custom,assertRngOutput
rng_left_750_1,commons-rng,RngDataOutputTest,writeInt_1_oe,,,,,assert,unknown,standard,fail
rng_left_751_1,commons-rng,RngDataOutputTest,writeLong_1_oe,,,,,assert,unknown,standard,fail
rng_left_752_1,commons-rng,RngDataOutputTest,assertRngOutput_1_oe,,,,,assert,unknown,custom,assertRngOutput
rng_left_752_2,commons-rng,RngDataOutputTest,assertRngOutput_2_oe,,,,,assert,unknown,standard,assertArrayEquals
rng_left_753_1,commons-rng,ZigguratSamplerTest,testSamples_1_oe,,,,,assert,unknown,standard,assertFalse
rng_left_753_2,commons-rng,ZigguratSamplerTest,testSamples_2_oe,,,,,assert,unknown,standard,fail
rng_left_753_3,commons-rng,ZigguratSamplerTest,testSamples_3_oe,,,,,assert,unknown,standard,assertFalse
rng_left_754_1,commons-rng,ZigguratSamplerTest,findIndex_1_oe,,,,,assert,unknown,standard,assertTrue
rng_left_754_2,commons-rng,ZigguratSamplerTest,findIndex_2_oe,,,,,assert,unknown,standard,assertTrue
