[[1;34mINFO[m] Scanning for projects...
[[1;33mWARNING[m] 
[[1;33mWARNING[m] Some problems were encountered while building the effective model for org.apache.commons:commons-configuration2:jar:2.8.0
[[1;33mWARNING[m] 'dependencies.dependency.(groupId:artifactId:type:classifier)' must be unique: junit:junit:jar -> version 4.12 vs 4.13.2 @ line 463, column 17
[[1;33mWARNING[m] 'build.plugins.plugin.(groupId:artifactId)' must be unique but found duplicate declaration of plugin org.apache.maven.plugins:maven-surefire-plugin @ line 721, column 15
[[1;33mWARNING[m] 
[[1;33mWARNING[m] It is highly recommended to fix these problems because they threaten the stability of your build.
[[1;33mWARNING[m] 
[[1;33mWARNING[m] For this reason, future Maven versions might no longer support building such malformed projects.
[[1;33mWARNING[m] 
[[1;34mINFO[m] 
[[1;34mINFO[m] [1m-------------< [0;36morg.apache.commons:commons-configuration2[0;1m >--------------[m
[[1;34mINFO[m] [1mBuilding Apache Commons Configuration 2.8.0[m
[[1;34mINFO[m] [1m--------------------------------[ jar ]---------------------------------[m
[[1;33mWARNING[m] The artifact org.slf4j:slf4j-log4j12:jar:1.7.36 has been relocated to org.slf4j:slf4j-reload4j:jar:1.7.36
[[1;34mINFO[m] 
[[1;34mINFO[m] [1m--- [0;32mmaven-clean-plugin:3.1.0:clean[m [1m(default-clean)[m @ [36mcommons-configuration2[0;1m ---[m
[[1;34mINFO[m] 
[[1;34mINFO[m] [1m--- [0;32mmaven-enforcer-plugin:3.0.0:enforce[m [1m(enforce-maven-version)[m @ [36mcommons-configuration2[0;1m ---[m
[[1;34mINFO[m] 
[[1;34mINFO[m] [1m--- [0;32mmaven-enforcer-plugin:3.0.0:enforce[m [1m(enforce-java-version)[m @ [36mcommons-configuration2[0;1m ---[m
[[1;34mINFO[m] 
[[1;34mINFO[m] [1m--- [0;32mmaven-enforcer-plugin:3.0.0:enforce[m [1m(enforce-output-timestamp-property)[m @ [36mcommons-configuration2[0;1m ---[m
[[1;34mINFO[m] 
[[1;34mINFO[m] [1m--- [0;32mmaven-enforcer-plugin:3.0.0:enforce[m [1m(enforce-maven-3)[m @ [36mcommons-configuration2[0;1m ---[m
[[1;34mINFO[m] 
[[1;34mINFO[m] [1m--- [0;32mapache-rat-plugin:0.13:check[m [1m(rat-check)[m @ [36mcommons-configuration2[0;1m ---[m
[[1;34mINFO[m] RAT will not execute since it is configured to be skipped via system property 'rat.skip'.
[[1;34mINFO[m] 
[[1;34mINFO[m] [1m--- [0;32mbuild-helper-maven-plugin:3.2.0:parse-version[m [1m(parse-version)[m @ [36mcommons-configuration2[0;1m ---[m
[[1;34mINFO[m] 
[[1;34mINFO[m] [1m--- [0;32mmaven-antrun-plugin:3.0.0:run[m [1m(javadoc.resources)[m @ [36mcommons-configuration2[0;1m ---[m
[[1;34mINFO[m] Executing tasks
[[1;34mINFO[m]      [copy] Copying 2 files to /home/tasfia/Desktop/OE25-DEV/projects_decomposed/commons-configuration2/target/apidocs/META-INF
[[1;34mINFO[m] Executed tasks
[[1;34mINFO[m] 
[[1;34mINFO[m] [1m--- [0;32mjavacc-maven-plugin:2.6:javacc[m [1m(javacc)[m @ [36mcommons-configuration2[0;1m ---[m
Java Compiler Compiler Version 5.0 (Parser Generator)
(type "javacc" with no arguments for help)
Reading from file /home/tasfia/Desktop/OE25-DEV/projects_decomposed/commons-configuration2/src/main/javacc/PropertyListParser.jj . . .
File "TokenMgrError.java" does not exist.  Will create one.
File "ParseException.java" does not exist.  Will create one.
File "Token.java" does not exist.  Will create one.
File "SimpleCharStream.java" does not exist.  Will create one.
Parser generated successfully.
[[1;34mINFO[m] Processed 1 grammar
[[1;34mINFO[m] 
[[1;34mINFO[m] [1m--- [0;32mmaven-remote-resources-plugin:1.7.0:process[m [1m(process-resource-bundles)[m @ [36mcommons-configuration2[0;1m ---[m
[[1;34mINFO[m] Skipping remote resources execution.
[[1;34mINFO[m] 
[[1;34mINFO[m] [1m--- [0;32mbuildnumber-maven-plugin:3.0.0:create[m [1m(default)[m @ [36mcommons-configuration2[0;1m ---[m
[[1;34mINFO[m] Executing: /bin/sh -c cd '/home/tasfia/Desktop/OE25-DEV/projects_decomposed/commons-configuration2' && 'git' 'rev-parse' '--verify' 'HEAD'
[[1;34mINFO[m] Working directory: /home/tasfia/Desktop/OE25-DEV/projects_decomposed/commons-configuration2
[[1;34mINFO[m] Storing buildNumber: null at timestamp: 1771876111428
[[1;34mINFO[m] Storing buildScmBranch: final-single-assertion-dataset
[[1;34mINFO[m] 
[[1;34mINFO[m] [1m--- [0;32mmaven-resources-plugin:3.2.0:resources[m [1m(default-resources)[m @ [36mcommons-configuration2[0;1m ---[m
[[1;34mINFO[m] Using 'iso-8859-1' encoding to copy filtered resources.
[[1;34mINFO[m] Using 'iso-8859-1' encoding to copy filtered properties files.
[[1;34mINFO[m] Copying 2 resources
[[1;34mINFO[m] Copying 2 resources to META-INF
[[1;34mINFO[m] 
[[1;34mINFO[m] [1m--- [0;32mmaven-compiler-plugin:3.10.1:compile[m [1m(default-compile)[m @ [36mcommons-configuration2[0;1m ---[m
[[1;34mINFO[m] Changes detected - recompiling the module!
[[1;34mINFO[m] Compiling 268 source files to /home/tasfia/Desktop/OE25-DEV/projects_decomposed/commons-configuration2/target/classes
[[1;34mINFO[m] /home/tasfia/Desktop/OE25-DEV/projects_decomposed/commons-configuration2/src/main/java/org/apache/commons/configuration2/AbstractConfiguration.java: Some input files use or override a deprecated API.
[[1;34mINFO[m] /home/tasfia/Desktop/OE25-DEV/projects_decomposed/commons-configuration2/src/main/java/org/apache/commons/configuration2/AbstractConfiguration.java: Recompile with -Xlint:deprecation for details.
[[1;34mINFO[m] /home/tasfia/Desktop/OE25-DEV/projects_decomposed/commons-configuration2/src/main/java/org/apache/commons/configuration2/web/AppletConfiguration.java: /home/tasfia/Desktop/OE25-DEV/projects_decomposed/commons-configuration2/src/main/java/org/apache/commons/configuration2/web/AppletConfiguration.java uses or overrides a deprecated API that is marked for removal.
[[1;34mINFO[m] /home/tasfia/Desktop/OE25-DEV/projects_decomposed/commons-configuration2/src/main/java/org/apache/commons/configuration2/web/AppletConfiguration.java: Recompile with -Xlint:removal for details.
[[1;34mINFO[m] /home/tasfia/Desktop/OE25-DEV/projects_decomposed/commons-configuration2/src/main/java/org/apache/commons/configuration2/AbstractYAMLBasedConfiguration.java: Some input files use unchecked or unsafe operations.
[[1;34mINFO[m] /home/tasfia/Desktop/OE25-DEV/projects_decomposed/commons-configuration2/src/main/java/org/apache/commons/configuration2/AbstractYAMLBasedConfiguration.java: Recompile with -Xlint:unchecked for details.
[[1;34mINFO[m] 
[[1;34mINFO[m] [1m--- [0;32mmaven-bundle-plugin:5.1.4:manifest[m [1m(bundle-manifest)[m @ [36mcommons-configuration2[0;1m ---[m
[[1;34mINFO[m] Writing manifest: /home/tasfia/Desktop/OE25-DEV/projects_decomposed/commons-configuration2/target/osgi/MANIFEST.MF
[[1;34mINFO[m] 
[[1;34mINFO[m] [1m--- [0;32mmaven-resources-plugin:3.2.0:testResources[m [1m(default-testResources)[m @ [36mcommons-configuration2[0;1m ---[m
[[1;34mINFO[m] Using 'iso-8859-1' encoding to copy filtered resources.
[[1;34mINFO[m] Using 'iso-8859-1' encoding to copy filtered properties files.
[[1;34mINFO[m] Copying 133 resources
[[1;34mINFO[m] Copying 2 resources
[[1;34mINFO[m] Copying 2 resources to META-INF
[[1;34mINFO[m] 
[[1;34mINFO[m] [1m--- [0;32mmaven-compiler-plugin:3.10.1:testCompile[m [1m(default-testCompile)[m @ [36mcommons-configuration2[0;1m ---[m
[[1;34mINFO[m] Changes detected - recompiling the module!
[[1;34mINFO[m] Compiling 356 source files to /home/tasfia/Desktop/OE25-DEV/projects_decomposed/commons-configuration2/target/test-classes
[[1;34mINFO[m] /home/tasfia/Desktop/OE25-DEV/projects_decomposed/commons-configuration2/src/test/java/org/apache/commons/configuration2/TestXMLListHandling.java: Some input files use or override a deprecated API.
[[1;34mINFO[m] /home/tasfia/Desktop/OE25-DEV/projects_decomposed/commons-configuration2/src/test/java/org/apache/commons/configuration2/TestXMLListHandling.java: Recompile with -Xlint:deprecation for details.
[[1;34mINFO[m] /home/tasfia/Desktop/OE25-DEV/projects_decomposed/commons-configuration2/src/test/java/org/apache/commons/configuration2/web/TestAppletConfiguration.java: /home/tasfia/Desktop/OE25-DEV/projects_decomposed/commons-configuration2/src/test/java/org/apache/commons/configuration2/web/TestAppletConfiguration.java uses or overrides a deprecated API that is marked for removal.
[[1;34mINFO[m] /home/tasfia/Desktop/OE25-DEV/projects_decomposed/commons-configuration2/src/test/java/org/apache/commons/configuration2/web/TestAppletConfiguration.java: Recompile with -Xlint:removal for details.
[[1;34mINFO[m] /home/tasfia/Desktop/OE25-DEV/projects_decomposed/commons-configuration2/src/test/java/org/apache/commons/configuration2/TestJSONConfiguration_OE25Dev.java: Some input files use unchecked or unsafe operations.
[[1;34mINFO[m] /home/tasfia/Desktop/OE25-DEV/projects_decomposed/commons-configuration2/src/test/java/org/apache/commons/configuration2/TestJSONConfiguration_OE25Dev.java: Recompile with -Xlint:unchecked for details.
[[1;34mINFO[m] 
[[1;34mINFO[m] [1m--- [0;32manimal-sniffer-maven-plugin:1.20:check[m [1m(checkAPIcompatibility)[m @ [36mcommons-configuration2[0;1m ---[m
[[1;34mINFO[m] Checking unresolved references to org.codehaus.mojo.signature:java18:1.0
[[1;34mINFO[m] /home/tasfia/Desktop/OE25-DEV/projects_decomposed/commons-configuration2/src/main/java/org/apache/commons/configuration2/io/FileUtils.java:88: Covariant return type change detected: java.nio.Buffer java.nio.ByteBuffer.flip() has been changed to java.nio.ByteBuffer java.nio.ByteBuffer.flip()
[[1;34mINFO[m] /home/tasfia/Desktop/OE25-DEV/projects_decomposed/commons-configuration2/src/main/java/org/apache/commons/configuration2/io/FileUtils.java:90: Covariant return type change detected: java.nio.Buffer java.nio.ByteBuffer.clear() has been changed to java.nio.ByteBuffer java.nio.ByteBuffer.clear()
[[1;34mINFO[m] /home/tasfia/Desktop/OE25-DEV/projects_decomposed/commons-configuration2/src/main/java/org/apache/commons/configuration2/io/FileUtils.java:88: Covariant return type change detected: java.nio.Buffer java.nio.ByteBuffer.flip() has been changed to java.nio.ByteBuffer java.nio.ByteBuffer.flip()
[[1;34mINFO[m] /home/tasfia/Desktop/OE25-DEV/projects_decomposed/commons-configuration2/src/main/java/org/apache/commons/configuration2/io/FileUtils.java:90: Covariant return type change detected: java.nio.Buffer java.nio.ByteBuffer.clear() has been changed to java.nio.ByteBuffer java.nio.ByteBuffer.clear()
[[1;34mINFO[m] /home/tasfia/Desktop/OE25-DEV/projects_decomposed/commons-configuration2/src/main/java/org/apache/commons/configuration2/io/FileUtils.java:88: Covariant return type change detected: java.nio.Buffer java.nio.ByteBuffer.flip() has been changed to java.nio.ByteBuffer java.nio.ByteBuffer.flip()
[[1;34mINFO[m] /home/tasfia/Desktop/OE25-DEV/projects_decomposed/commons-configuration2/src/main/java/org/apache/commons/configuration2/io/FileUtils.java:90: Covariant return type change detected: java.nio.Buffer java.nio.ByteBuffer.clear() has been changed to java.nio.ByteBuffer java.nio.ByteBuffer.clear()
[[1;34mINFO[m] 
[[1;34mINFO[m] [1m--- [0;32mjacoco-maven-plugin:0.8.8:prepare-agent[m [1m(prepare-agent)[m @ [36mcommons-configuration2[0;1m ---[m
[[1;34mINFO[m] argLine set to -javaagent:/home/tasfia/.m2/repository/org/jacoco/org.jacoco.agent/0.8.8/org.jacoco.agent-0.8.8-runtime.jar=destfile=/home/tasfia/Desktop/OE25-DEV/projects_decomposed/commons-configuration2/target/jacoco.exec
[[1;34mINFO[m] 
[[1;34mINFO[m] [1m--- [0;32mmaven-surefire-plugin:2.22.0:test[m [1m(default-test)[m @ [36mcommons-configuration2[0;1m ---[m
[[1;34mINFO[m] 
[[1;34mINFO[m] -------------------------------------------------------
[[1;34mINFO[m]  T E S T S
[[1;34mINFO[m] -------------------------------------------------------
[[1;34mINFO[m] Running org.apache.commons.configuration2.[1mTestJNDIEnvironmentValues_OE25Dev[m
[[1;34mINFO[m] [1;32mTests run: [0;1;32m17[m, Failures: 0, Errors: 0, Skipped: 0, Time elapsed: 0.04 s - in org.apache.commons.configuration2.[1mTestJNDIEnvironmentValues_OE25Dev[m
[[1;34mINFO[m] Running org.apache.commons.configuration2.reloading.[1mTestFileHandlerReloadingDetector[m
[[1;34mINFO[m] [1;32mTests run: [0;1;32m11[m, Failures: 0, Errors: 0, Skipped: 0, Time elapsed: 0.031 s - in org.apache.commons.configuration2.reloading.[1mTestFileHandlerReloadingDetector[m
[[1;34mINFO[m] Running org.apache.commons.configuration2.reloading.[1mTestReloadingController[m
[[1;34mINFO[m] [1;32mTests run: [0;1;32m8[m, Failures: 0, Errors: 0, Skipped: 0, Time elapsed: 0.001 s - in org.apache.commons.configuration2.reloading.[1mTestReloadingController[m
[[1;34mINFO[m] Running org.apache.commons.configuration2.reloading.[1mTestReloadingController_OE25Dev[m
[[1;34mINFO[m] [1;32mTests run: [0;1;32m10[m, Failures: 0, Errors: 0, Skipped: 0, Time elapsed: 0.001 s - in org.apache.commons.configuration2.reloading.[1mTestReloadingController_OE25Dev[m
[[1;34mINFO[m] Running org.apache.commons.configuration2.reloading.[1mTestFileHandlerReloadingDetector_OE25Dev[m
[[1;34mINFO[m] [1;32mTests run: [0;1;32m15[m, Failures: 0, Errors: 0, Skipped: 0, Time elapsed: 0.001 s - in org.apache.commons.configuration2.reloading.[1mTestFileHandlerReloadingDetector_OE25Dev[m
[[1;34mINFO[m] Running org.apache.commons.configuration2.reloading.[1mTestPeriodicReloadingTrigger_OE25Dev[m
[[1;34mINFO[m] [1;32mTests run: [0;1;32m9[m, Failures: 0, Errors: 0, Skipped: 0, Time elapsed: 0.003 s - in org.apache.commons.configuration2.reloading.[1mTestPeriodicReloadingTrigger_OE25Dev[m
[[1;34mINFO[m] Running org.apache.commons.configuration2.reloading.[1mTestVFSFileHandlerReloadingDetector[m
[[1;34mINFO[m] [1;32mTests run: [0;1;32m6[m, Failures: 0, Errors: 0, Skipped: 0, Time elapsed: 0.053 s - in org.apache.commons.configuration2.reloading.[1mTestVFSFileHandlerReloadingDetector[m
[[1;34mINFO[m] Running org.apache.commons.configuration2.reloading.[1mTestCombinedReloadingController[m
[[1;34mINFO[m] [1;32mTests run: [0;1;32m8[m, Failures: 0, Errors: 0, Skipped: 0, Time elapsed: 0.001 s - in org.apache.commons.configuration2.reloading.[1mTestCombinedReloadingController[m
[[1;34mINFO[m] Running org.apache.commons.configuration2.reloading.[1mTestPeriodicReloadingTrigger[m
[[1;34mINFO[m] [1;32mTests run: [0;1;32m9[m, Failures: 0, Errors: 0, Skipped: 0, Time elapsed: 0.001 s - in org.apache.commons.configuration2.reloading.[1mTestPeriodicReloadingTrigger[m
[[1;34mINFO[m] Running org.apache.commons.configuration2.reloading.[1mTestVFSFileHandlerReloadingDetector_OE25Dev[m
[[1;34mINFO[m] [1;32mTests run: [0;1;32m7[m, Failures: 0, Errors: 0, Skipped: 0, Time elapsed: 0 s - in org.apache.commons.configuration2.reloading.[1mTestVFSFileHandlerReloadingDetector_OE25Dev[m
[[1;34mINFO[m] Running org.apache.commons.configuration2.reloading.[1mTestCombinedReloadingController_OE25Dev[m
[[1;34mINFO[m] [1;32mTests run: [0;1;32m9[m, Failures: 0, Errors: 0, Skipped: 0, Time elapsed: 0 s - in org.apache.commons.configuration2.reloading.[1mTestCombinedReloadingController_OE25Dev[m
[[1;34mINFO[m] Running org.apache.commons.configuration2.reloading.[1mTestManagedReloadingDetector[m
[[1;34mINFO[m] [1;32mTests run: [0;1;32m3[m, Failures: 0, Errors: 0, Skipped: 0, Time elapsed: 0 s - in org.apache.commons.configuration2.reloading.[1mTestManagedReloadingDetector[m
[[1;34mINFO[m] Running org.apache.commons.configuration2.reloading.[1mTestManagedReloadingDetector_OE25Dev[m
[[1;34mINFO[m] [1;32mTests run: [0;1;32m4[m, Failures: 0, Errors: 0, Skipped: 0, Time elapsed: 0 s - in org.apache.commons.configuration2.reloading.[1mTestManagedReloadingDetector_OE25Dev[m
[[1;34mINFO[m] Running org.apache.commons.configuration2.[1mTestThreesomeConfiguration[m
[[1;34mINFO[m] [1;32mTests run: [0;1;32m3[m, Failures: 0, Errors: 0, Skipped: 0, Time elapsed: 0.007 s - in org.apache.commons.configuration2.[1mTestThreesomeConfiguration[m
[[1;34mINFO[m] Running org.apache.commons.configuration2.[1mTestCombinedConfiguration[m
[[1;34mINFO[m] [1;32mTests run: [0;1;32m58[m, Failures: 0, Errors: 0, Skipped: 0, Time elapsed: 0.184 s - in org.apache.commons.configuration2.[1mTestCombinedConfiguration[m
[[1;34mINFO[m] Running org.apache.commons.configuration2.[1mTestMapConfiguration[m
[[1;34mINFO[m] [1;32mTests run: [0;1;32m20[m, Failures: 0, Errors: 0, Skipped: 0, Time elapsed: 0.001 s - in org.apache.commons.configuration2.[1mTestMapConfiguration[m
[[1;34mINFO[m] Running org.apache.commons.configuration2.[1mTestAbstractConfigurationSynchronization_OE25Dev[m
[[1;34mINFO[m] [1;32mTests run: [0;1;32m20[m, Failures: 0, Errors: 0, Skipped: 0, Time elapsed: 0.015 s - in org.apache.commons.configuration2.[1mTestAbstractConfigurationSynchronization_OE25Dev[m
[[1;34mINFO[m] Running org.apache.commons.configuration2.[1mTestXMLPropertiesConfiguration_OE25Dev[m
[[1;34mINFO[m] [1;32mTests run: [0;1;32m20[m, Failures: 0, Errors: 0, Skipped: 0, Time elapsed: 0.042 s - in org.apache.commons.configuration2.[1mTestXMLPropertiesConfiguration_OE25Dev[m
[[1;34mINFO[m] Running org.apache.commons.configuration2.[1mTestXMLPropertiesConfiguration[m
[[1;34mINFO[m] [1;32mTests run: [0;1;32m4[m, Failures: 0, Errors: 0, Skipped: 0, Time elapsed: 0.007 s - in org.apache.commons.configuration2.[1mTestXMLPropertiesConfiguration[m
[[1;34mINFO[m] Running org.apache.commons.configuration2.[1mTestHierarchicalConfigurationXMLReader[m
[[1;34mINFO[m] [1;32mTests run: [0;1;32m1[m, Failures: 0, Errors: 0, Skipped: 0, Time elapsed: 0.019 s - in org.apache.commons.configuration2.[1mTestHierarchicalConfigurationXMLReader[m
[[1;34mINFO[m] Running org.apache.commons.configuration2.[1mTestThreesomeConfiguration_OE25Dev[m
[[1;34mINFO[m] [1;32mTests run: [0;1;32m3[m, Failures: 0, Errors: 0, Skipped: 0, Time elapsed: 0.001 s - in org.apache.commons.configuration2.[1mTestThreesomeConfiguration_OE25Dev[m
[[1;34mINFO[m] Running org.apache.commons.configuration2.[1mTestHierarchicalConfiguration[m
[[1;34mINFO[m] [1;32mTests run: [0;1;32m37[m, Failures: 0, Errors: 0, Skipped: 0, Time elapsed: 0.019 s - in org.apache.commons.configuration2.[1mTestHierarchicalConfiguration[m
[[1;34mINFO[m] Running org.apache.commons.configuration2.[1mTestXMLConfiguration_OE25Dev[m
[[1;34mINFO[m] [1;32mTests run: [0;1;32m240[m, Failures: 0, Errors: 0, Skipped: 0, Time elapsed: 0.462 s - in org.apache.commons.configuration2.[1mTestXMLConfiguration_OE25Dev[m
[[1;34mINFO[m] Running org.apache.commons.configuration2.[1mTestDatabaseConfiguration_OE25Dev[m
[[1;34mINFO[m] [1;32mTests run: [0;1;32m51[m, Failures: 0, Errors: 0, Skipped: 0, Time elapsed: 0.614 s - in org.apache.commons.configuration2.[1mTestDatabaseConfiguration_OE25Dev[m
[[1;34mINFO[m] Running org.apache.commons.configuration2.io.[1mTestProvidedURLLocationStrategy[m
[[1;34mINFO[m] [1;32mTests run: [0;1;32m2[m, Failures: 0, Errors: 0, Skipped: 0, Time elapsed: 0.002 s - in org.apache.commons.configuration2.io.[1mTestProvidedURLLocationStrategy[m
[[1;34mINFO[m] Running org.apache.commons.configuration2.io.[1mTestFileHandler_OE25Dev[m
[[1;34mINFO[m] [1;32mTests run: [0;1;32m125[m, Failures: 0, Errors: 0, Skipped: 0, Time elapsed: 0.082 s - in org.apache.commons.configuration2.io.[1mTestFileHandler_OE25Dev[m
[[1;34mINFO[m] Running org.apache.commons.configuration2.io.[1mTestFileLocator_OE25Dev[m
[[1;34mINFO[m] [1;32mTests run: [0;1;32m18[m, Failures: 0, Errors: 0, Skipped: 0, Time elapsed: 0 s - in org.apache.commons.configuration2.io.[1mTestFileLocator_OE25Dev[m
[[1;34mINFO[m] Running org.apache.commons.configuration2.io.[1mTestCombinedLocationStrategy[m
[[1;34mINFO[m] [1;32mTests run: [0;1;32m7[m, Failures: 0, Errors: 0, Skipped: 0, Time elapsed: 0 s - in org.apache.commons.configuration2.io.[1mTestCombinedLocationStrategy[m
[[1;34mINFO[m] Running org.apache.commons.configuration2.io.[1mTestFileSystemLocationStrategy[m
[[1;34mINFO[m] [1;32mTests run: [0;1;32m1[m, Failures: 0, Errors: 0, Skipped: 0, Time elapsed: 0 s - in org.apache.commons.configuration2.io.[1mTestFileSystemLocationStrategy[m
[[1;34mINFO[m] Running org.apache.commons.configuration2.io.[1mTestFileLocator[m
[[1;34mINFO[m] [1;32mTests run: [0;1;32m8[m, Failures: 0, Errors: 0, Skipped: 0, Time elapsed: 0 s - in org.apache.commons.configuration2.io.[1mTestFileLocator[m
[[1;34mINFO[m] Running org.apache.commons.configuration2.io.[1mTestBasePathLocationStrategy_OE25Dev[m
[[1;34mINFO[m] [1;32mTests run: [0;1;32m4[m, Failures: 0, Errors: 0, Skipped: 0, Time elapsed: 0 s - in org.apache.commons.configuration2.io.[1mTestBasePathLocationStrategy_OE25Dev[m
[[1;34mINFO[m] Running org.apache.commons.configuration2.io.[1mTestFileSystemLocationStrategy_OE25Dev[m
[[1;34mINFO[m] [1;32mTests run: [0;1;32m1[m, Failures: 0, Errors: 0, Skipped: 0, Time elapsed: 0 s - in org.apache.commons.configuration2.io.[1mTestFileSystemLocationStrategy_OE25Dev[m
[[1;34mINFO[m] Running org.apache.commons.configuration2.io.[1mTestAbsoluteNameLocationStrategy_OE25Dev[m
[[1;34mINFO[m] [1;32mTests run: [0;1;32m4[m, Failures: 0, Errors: 0, Skipped: 0, Time elapsed: 0 s - in org.apache.commons.configuration2.io.[1mTestAbsoluteNameLocationStrategy_OE25Dev[m
[[1;34mINFO[m] Running org.apache.commons.configuration2.io.[1mTestClasspathLocationStrategy[m
[[1;34mINFO[m] [1;32mTests run: [0;1;32m3[m, Failures: 0, Errors: 0, Skipped: 0, Time elapsed: 0.002 s - in org.apache.commons.configuration2.io.[1mTestClasspathLocationStrategy[m
[[1;34mINFO[m] Running org.apache.commons.configuration2.io.[1mTestClasspathLocationStrategy_OE25Dev[m
[[1;34mINFO[m] [1;32mTests run: [0;1;32m3[m, Failures: 0, Errors: 0, Skipped: 0, Time elapsed: 0.001 s - in org.apache.commons.configuration2.io.[1mTestClasspathLocationStrategy_OE25Dev[m
[[1;34mINFO[m] Running org.apache.commons.configuration2.io.[1mTestProvidedURLLocationStrategy_OE25Dev[m
[[1;34mINFO[m] [1;32mTests run: [0;1;32m2[m, Failures: 0, Errors: 0, Skipped: 0, Time elapsed: 0 s - in org.apache.commons.configuration2.io.[1mTestProvidedURLLocationStrategy_OE25Dev[m
[[1;34mINFO[m] Running org.apache.commons.configuration2.io.[1mTestFileLocatorUtils[m
[[1;34mINFO[m] [1;32mTests run: [0;1;32m36[m, Failures: 0, Errors: 0, Skipped: 0, Time elapsed: 0.002 s - in org.apache.commons.configuration2.io.[1mTestFileLocatorUtils[m
[[1;34mINFO[m] Running org.apache.commons.configuration2.io.[1mTestBasePathLocationStrategy[m
[[1;34mINFO[m] [1;32mTests run: [0;1;32m4[m, Failures: 0, Errors: 0, Skipped: 0, Time elapsed: 0 s - in org.apache.commons.configuration2.io.[1mTestBasePathLocationStrategy[m
[[1;34mINFO[m] Running org.apache.commons.configuration2.io.[1mTestDefaultFileSystem[m
[[1;34mINFO[m] [1;32mTests run: [0;1;32m3[m, Failures: 0, Errors: 0, Skipped: 0, Time elapsed: 0 s - in org.apache.commons.configuration2.io.[1mTestDefaultFileSystem[m
[[1;34mINFO[m] Running org.apache.commons.configuration2.io.[1mTestConfigurationLogger_OE25Dev[m
[[1;34mINFO[m] [1;32mTests run: [0;1;32m18[m, Failures: 0, Errors: 0, Skipped: 0, Time elapsed: 0 s - in org.apache.commons.configuration2.io.[1mTestConfigurationLogger_OE25Dev[m
[[1;34mINFO[m] Running org.apache.commons.configuration2.io.[1mTestHomeDirectoryLocationStrategy_OE25Dev[m
[[1;34mINFO[m] [1;32mTests run: [0;1;32m7[m, Failures: 0, Errors: 0, Skipped: 0, Time elapsed: 0 s - in org.apache.commons.configuration2.io.[1mTestHomeDirectoryLocationStrategy_OE25Dev[m
[[1;34mINFO[m] Running org.apache.commons.configuration2.io.[1mTestDefaultFileSystem_OE25Dev[m
[[1;34mINFO[m] [1;32mTests run: [0;1;32m3[m, Failures: 0, Errors: 0, Skipped: 0, Time elapsed: 0 s - in org.apache.commons.configuration2.io.[1mTestDefaultFileSystem_OE25Dev[m
[[1;34mINFO[m] Running org.apache.commons.configuration2.io.[1mTestAbsoluteNameLocationStrategy[m
[[1;34mINFO[m] [1;32mTests run: [0;1;32m4[m, Failures: 0, Errors: 0, Skipped: 0, Time elapsed: 0 s - in org.apache.commons.configuration2.io.[1mTestAbsoluteNameLocationStrategy[m
[[1;34mINFO[m] Running org.apache.commons.configuration2.io.[1mTestCombinedLocationStrategy_OE25Dev[m
[[1;34mINFO[m] [1;32mTests run: [0;1;32m7[m, Failures: 0, Errors: 0, Skipped: 0, Time elapsed: 0 s - in org.apache.commons.configuration2.io.[1mTestCombinedLocationStrategy_OE25Dev[m
[[1;34mINFO[m] Running org.apache.commons.configuration2.io.[1mTestHomeDirectoryLocationStrategy[m
[[1;34mINFO[m] [1;32mTests run: [0;1;32m6[m, Failures: 0, Errors: 0, Skipped: 0, Time elapsed: 0 s - in org.apache.commons.configuration2.io.[1mTestHomeDirectoryLocationStrategy[m
[[1;34mINFO[m] Running org.apache.commons.configuration2.io.[1mTestFileLocatorUtils_OE25Dev[m
[[1;34mINFO[m] [1;32mTests run: [0;1;32m47[m, Failures: 0, Errors: 0, Skipped: 0, Time elapsed: 0.003 s - in org.apache.commons.configuration2.io.[1mTestFileLocatorUtils_OE25Dev[m
[[1;34mINFO[m] Running org.apache.commons.configuration2.io.[1mTestConfigurationLogger[m
[[1;34mINFO[m] [1;32mTests run: [0;1;32m16[m, Failures: 0, Errors: 0, Skipped: 0, Time elapsed: 0 s - in org.apache.commons.configuration2.io.[1mTestConfigurationLogger[m
[[1;34mINFO[m] Running org.apache.commons.configuration2.io.[1mTestFileHandler[m
[[1;34mINFO[m] [1;32mTests run: [0;1;32m85[m, Failures: 0, Errors: 0, Skipped: 0, Time elapsed: 0.015 s - in org.apache.commons.configuration2.io.[1mTestFileHandler[m
[[1;34mINFO[m] Running org.apache.commons.configuration2.[1mTestDefaultImmutableConfiguration[m
[[1;34mINFO[m] [1;32mTests run: [0;1;32m3[m, Failures: 0, Errors: 0, Skipped: 0, Time elapsed: 0.001 s - in org.apache.commons.configuration2.[1mTestDefaultImmutableConfiguration[m
[[1;34mINFO[m] Running org.apache.commons.configuration2.[1mTestConfigurationUtils_OE25Dev[m
[[1;34mINFO[m] [1;32mTests run: [0;1;32m50[m, Failures: 0, Errors: 0, Skipped: 0, Time elapsed: 0.004 s - in org.apache.commons.configuration2.[1mTestConfigurationUtils_OE25Dev[m
[[1;34mINFO[m] Running org.apache.commons.configuration2.[1mTestDynamicCombinedConfiguration[m
[[1;34mINFO[m] [1;32mTests run: [0;1;32m12[m, Failures: 0, Errors: 0, Skipped: 0, Time elapsed: 4.241 s - in org.apache.commons.configuration2.[1mTestDynamicCombinedConfiguration[m
[[1;34mINFO[m] Running org.apache.commons.configuration2.[1mTestConfigurationMap[m
[[1;34mINFO[m] [1;32mTests run: [0;1;32m1[m, Failures: 0, Errors: 0, Skipped: 0, Time elapsed: 0 s - in org.apache.commons.configuration2.[1mTestConfigurationMap[m
[[1;34mINFO[m] Running org.apache.commons.configuration2.[1mTestXMLConfiguration[m
[[1;34mINFO[m] [1;32mTests run: [0;1;32m97[m, Failures: 0, Errors: 0, Skipped: 0, Time elapsed: 0.111 s - in org.apache.commons.configuration2.[1mTestXMLConfiguration[m
[[1;34mINFO[m] Running org.apache.commons.configuration2.[1mTestNullJNDIEnvironmentValues[m
[[1;34mINFO[m] [1;32mTests run: [0;1;32m12[m, Failures: 0, Errors: 0, Skipped: 0, Time elapsed: 0.001 s - in org.apache.commons.configuration2.[1mTestNullJNDIEnvironmentValues[m
[[1;34mINFO[m] Running org.apache.commons.configuration2.[1mTestJNDIConfiguration[m
[[1;34mINFO[m] [1;32mTests run: [0;1;32m27[m, Failures: 0, Errors: 0, Skipped: 0, Time elapsed: 0.006 s - in org.apache.commons.configuration2.[1mTestJNDIConfiguration[m
[[1;34mINFO[m] Running org.apache.commons.configuration2.[1mTestEqualBehavior_OE25Dev[m
[[1;34mINFO[m] [1;32mTests run: [0;1;32m25[m, Failures: 0, Errors: 0, Skipped: 0, Time elapsed: 0.018 s - in org.apache.commons.configuration2.[1mTestEqualBehavior_OE25Dev[m
[[1;34mINFO[m] Running org.apache.commons.configuration2.[1mTestXMLDocumentHelper_OE25Dev[m
[[1;34mINFO[m] [1;32mTests run: [0;1;32m16[m, Failures: 0, Errors: 0, Skipped: 0, Time elapsed: 0.01 s - in org.apache.commons.configuration2.[1mTestXMLDocumentHelper_OE25Dev[m
[[1;34mINFO[m] Running org.apache.commons.configuration2.[1mTestCatalogResolver[m
[[1;34mINFO[m] [1;32mTests run: [0;1;32m5[m, Failures: 0, Errors: 0, Skipped: 0, Time elapsed: 0.002 s - in org.apache.commons.configuration2.[1mTestCatalogResolver[m
[[1;34mINFO[m] Running org.apache.commons.configuration2.[1mTestSubnodeConfiguration_OE25Dev[m
[[1;34mINFO[m] [1;32mTests run: [0;1;32m44[m, Failures: 0, Errors: 0, Skipped: 0, Time elapsed: 0.007 s - in org.apache.commons.configuration2.[1mTestSubnodeConfiguration_OE25Dev[m
[[1;34mINFO[m] Running org.apache.commons.configuration2.event.[1mTestEventListenerList[m
[[1;34mINFO[m] [1;32mTests run: [0;1;32m31[m, Failures: 0, Errors: 0, Skipped: 0, Time elapsed: 0.001 s - in org.apache.commons.configuration2.event.[1mTestEventListenerList[m
[[1;34mINFO[m] Running org.apache.commons.configuration2.event.[1mTestConfigurationEventTypes_OE25Dev[m
[[1;34mINFO[m] [1;32mTests run: [0;1;32m24[m, Failures: 0, Errors: 0, Skipped: 0, Time elapsed: 0 s - in org.apache.commons.configuration2.event.[1mTestConfigurationEventTypes_OE25Dev[m
[[1;34mINFO[m] Running org.apache.commons.configuration2.event.[1mTestEventType[m
[[1;34mINFO[m] [1;32mTests run: [0;1;32m1[m, Failures: 0, Errors: 0, Skipped: 0, Time elapsed: 0 s - in org.apache.commons.configuration2.event.[1mTestEventType[m
[[1;34mINFO[m] Running org.apache.commons.configuration2.event.[1mTestEventType_OE25Dev[m
[[1;34mINFO[m] [1;32mTests run: [0;1;32m1[m, Failures: 0, Errors: 0, Skipped: 0, Time elapsed: 0 s - in org.apache.commons.configuration2.event.[1mTestEventType_OE25Dev[m
[[1;34mINFO[m] Running org.apache.commons.configuration2.event.[1mTestEvent[m
[[1;34mINFO[m] [1;32mTests run: [0;1;32m3[m, Failures: 0, Errors: 0, Skipped: 0, Time elapsed: 0 s - in org.apache.commons.configuration2.event.[1mTestEvent[m
[[1;34mINFO[m] Running org.apache.commons.configuration2.event.[1mTestHierarchicalConfigurationEvents[m
[[1;34mINFO[m] [1;32mTests run: [0;1;32m13[m, Failures: 0, Errors: 0, Skipped: 0, Time elapsed: 0 s - in org.apache.commons.configuration2.event.[1mTestHierarchicalConfigurationEvents[m
[[1;34mINFO[m] Running org.apache.commons.configuration2.event.[1mTestEventListenerList_OE25Dev[m
[[1;34mINFO[m] [1;32mTests run: [0;1;32m38[m, Failures: 0, Errors: 0, Skipped: 0, Time elapsed: 0.001 s - in org.apache.commons.configuration2.event.[1mTestEventListenerList_OE25Dev[m
[[1;34mINFO[m] Running org.apache.commons.configuration2.event.[1mTestEvent_OE25Dev[m
[[1;34mINFO[m] [1;32mTests run: [0;1;32m3[m, Failures: 0, Errors: 0, Skipped: 0, Time elapsed: 0 s - in org.apache.commons.configuration2.event.[1mTestEvent_OE25Dev[m
[[1;34mINFO[m] Running org.apache.commons.configuration2.event.[1mTestEventSource[m
[[1;34mINFO[m] [1;32mTests run: [0;1;32m19[m, Failures: 0, Errors: 0, Skipped: 0, Time elapsed: 0.001 s - in org.apache.commons.configuration2.event.[1mTestEventSource[m
[[1;34mINFO[m] Running org.apache.commons.configuration2.event.[1mTestSubsetConfigurationEvents[m
[[1;34mINFO[m] [1;32mTests run: [0;1;32m8[m, Failures: 0, Errors: 0, Skipped: 0, Time elapsed: 0 s - in org.apache.commons.configuration2.event.[1mTestSubsetConfigurationEvents[m
[[1;34mINFO[m] Running org.apache.commons.configuration2.event.[1mTestEventSource_OE25Dev[m
[[1;34mINFO[m] [1;32mTests run: [0;1;32m33[m, Failures: 0, Errors: 0, Skipped: 0, Time elapsed: 0 s - in org.apache.commons.configuration2.event.[1mTestEventSource_OE25Dev[m
[[1;34mINFO[m] Running org.apache.commons.configuration2.event.[1mTestDatabaseConfigurationEvents[m
[[1;34mINFO[m] [1;32mTests run: [0;1;32m8[m, Failures: 0, Errors: 0, Skipped: 0, Time elapsed: 0.06 s - in org.apache.commons.configuration2.event.[1mTestDatabaseConfigurationEvents[m
[[1;34mINFO[m] Running org.apache.commons.configuration2.event.[1mTestConfigurationEventTypes[m
[[1;34mINFO[m] [1;32mTests run: [0;1;32m19[m, Failures: 0, Errors: 0, Skipped: 0, Time elapsed: 0 s - in org.apache.commons.configuration2.event.[1mTestConfigurationEventTypes[m
[[1;34mINFO[m] Running org.apache.commons.configuration2.event.[1mTestMapConfigurationEvents[m
[[1;34mINFO[m] [1;32mTests run: [0;1;32m8[m, Failures: 0, Errors: 0, Skipped: 0, Time elapsed: 0.001 s - in org.apache.commons.configuration2.event.[1mTestMapConfigurationEvents[m
[[1;34mINFO[m] Running org.apache.commons.configuration2.event.[1mTestXMLConfigurationEvents[m
[[1;34mINFO[m] [1;32mTests run: [0;1;32m13[m, Failures: 0, Errors: 0, Skipped: 0, Time elapsed: 0 s - in org.apache.commons.configuration2.event.[1mTestXMLConfigurationEvents[m
[[1;34mINFO[m] Running org.apache.commons.configuration2.event.[1mTestPropertiesConfigurationEvents[m
[[1;34mINFO[m] [1;32mTests run: [0;1;32m8[m, Failures: 0, Errors: 0, Skipped: 0, Time elapsed: 0.001 s - in org.apache.commons.configuration2.event.[1mTestPropertiesConfigurationEvents[m
[[1;34mINFO[m] Running org.apache.commons.configuration2.[1mTestConfigurationSet[m
[[1;34mINFO[m] [1;32mTests run: [0;1;32m2[m, Failures: 0, Errors: 0, Skipped: 0, Time elapsed: 0 s - in org.apache.commons.configuration2.[1mTestConfigurationSet[m
[[1;34mINFO[m] Running org.apache.commons.configuration2.[1mTestHierarchicalConfiguration_OE25Dev[m
[[1;34mINFO[m] [1;32mTests run: [0;1;32m61[m, Failures: 0, Errors: 0, Skipped: 0, Time elapsed: 0.002 s - in org.apache.commons.configuration2.[1mTestHierarchicalConfiguration_OE25Dev[m
[[1;34mINFO[m] Running org.apache.commons.configuration2.web.[1mTestServletConfiguration[m
[[1;34mINFO[m] [1;32mTests run: [0;1;32m12[m, Failures: 0, Errors: 0, Skipped: 0, Time elapsed: 0.001 s - in org.apache.commons.configuration2.web.[1mTestServletConfiguration[m
[[1;34mINFO[m] Running org.apache.commons.configuration2.web.[1mTestServletContextConfiguration[m
[[1;34mINFO[m] [1;32mTests run: [0;1;32m12[m, Failures: 0, Errors: 0, Skipped: 0, Time elapsed: 0.001 s - in org.apache.commons.configuration2.web.[1mTestServletContextConfiguration[m
[[1;34mINFO[m] Running org.apache.commons.configuration2.web.[1mTestServletRequestConfiguration_OE25Dev[m
[[1;34mINFO[m] [1;32mTests run: [0;1;32m15[m, Failures: 0, Errors: 0, Skipped: 0, Time elapsed: 0.001 s - in org.apache.commons.configuration2.web.[1mTestServletRequestConfiguration_OE25Dev[m
[[1;34mINFO[m] Running org.apache.commons.configuration2.web.[1mTestServletRequestConfiguration[m
[[1;34mINFO[m] [1;32mTests run: [0;1;32m13[m, Failures: 0, Errors: 0, Skipped: 0, Time elapsed: 0 s - in org.apache.commons.configuration2.web.[1mTestServletRequestConfiguration[m
[[1;34mINFO[m] Running org.apache.commons.configuration2.web.[1mTestServletFilterConfiguration[m
[[1;34mINFO[m] [1;32mTests run: [0;1;32m12[m, Failures: 0, Errors: 0, Skipped: 0, Time elapsed: 0 s - in org.apache.commons.configuration2.web.[1mTestServletFilterConfiguration[m
[[1;34mINFO[m] Running org.apache.commons.configuration2.web.[1mTestAppletConfiguration[m
[[1;34mINFO[m] [1;32mTests run: [0;1;32m12[m, Failures: 0, Errors: 0, Skipped: 0, Time elapsed: 0.002 s - in org.apache.commons.configuration2.web.[1mTestAppletConfiguration[m
[[1;34mINFO[m] Running org.apache.commons.configuration2.[1mTestDataConfiguration[m
[[1;34mINFO[m] [1;32mTests run: [0;1;32m59[m, Failures: 0, Errors: 0, Skipped: 0, Time elapsed: 0.118 s - in org.apache.commons.configuration2.[1mTestDataConfiguration[m
[[1;34mINFO[m] Running org.apache.commons.configuration2.[1mTestConfigurationUtils[m
[[1;34mINFO[m] [1;32mTests run: [0;1;32m36[m, Failures: 0, Errors: 0, Skipped: 0, Time elapsed: 0.001 s - in org.apache.commons.configuration2.[1mTestConfigurationUtils[m
[[1;34mINFO[m] Running org.apache.commons.configuration2.[1mTestHierarchicalXMLConfiguration_OE25Dev[m
[[1;34mINFO[m] [1;32mTests run: [0;1;32m41[m, Failures: 0, Errors: 0, Skipped: 0, Time elapsed: 0.039 s - in org.apache.commons.configuration2.[1mTestHierarchicalXMLConfiguration_OE25Dev[m
[[1;34mINFO[m] Running org.apache.commons.configuration2.[1mTestSystemConfiguration_OE25Dev[m
[[1;34mINFO[m] [1;32mTests run: [0;1;32m5[m, Failures: 0, Errors: 0, Skipped: 0, Time elapsed: 0.001 s - in org.apache.commons.configuration2.[1mTestSystemConfiguration_OE25Dev[m
[[1;34mINFO[m] Running org.apache.commons.configuration2.convert.[1mTestDisabledListDelimiterHandler_OE25Dev[m
[[1;34mINFO[m] [1;32mTests run: [0;1;32m16[m, Failures: 0, Errors: 0, Skipped: 0, Time elapsed: 0 s - in org.apache.commons.configuration2.convert.[1mTestDisabledListDelimiterHandler_OE25Dev[m
[[1;34mINFO[m] Running org.apache.commons.configuration2.convert.[1mTestDisabledListDelimiterHandler[m
[[1;34mINFO[m] [1;32mTests run: [0;1;32m13[m, Failures: 0, Errors: 0, Skipped: 0, Time elapsed: 0 s - in org.apache.commons.configuration2.convert.[1mTestDisabledListDelimiterHandler[m
[[1;34mINFO[m] Running org.apache.commons.configuration2.convert.[1mTestDefaultListDelimiterHandler[m
[[1;34mINFO[m] [1;32mTests run: [0;1;32m14[m, Failures: 0, Errors: 0, Skipped: 0, Time elapsed: 0 s - in org.apache.commons.configuration2.convert.[1mTestDefaultListDelimiterHandler[m
[[1;34mINFO[m] Running org.apache.commons.configuration2.convert.[1mTestPropertyConverter_OE25Dev[m
[[1;33mWARNING[m] [1;33mTests [0;1mrun: [0;1m30[m, Failures: 0, Errors: 0, [1;33mSkipped: [0;1;33m1[m, Time elapsed: 0.001 s - in org.apache.commons.configuration2.convert.[1mTestPropertyConverter_OE25Dev[m
[[1;34mINFO[m] Running org.apache.commons.configuration2.convert.[1mTestDefaultConversionHandler_OE25Dev[m
[[1;34mINFO[m] [1;32mTests run: [0;1;32m36[m, Failures: 0, Errors: 0, Skipped: 0, Time elapsed: 0.001 s - in org.apache.commons.configuration2.convert.[1mTestDefaultConversionHandler_OE25Dev[m
[[1;34mINFO[m] Running org.apache.commons.configuration2.convert.[1mTestDefaultListDelimiterHandler_OE25Dev[m
[[1;34mINFO[m] [1;32mTests run: [0;1;32m14[m, Failures: 0, Errors: 0, Skipped: 0, Time elapsed: 0.001 s - in org.apache.commons.configuration2.convert.[1mTestDefaultListDelimiterHandler_OE25Dev[m
[[1;34mINFO[m] Running org.apache.commons.configuration2.convert.[1mTestDefaultConversionHandler[m
[[1;34mINFO[m] [1;32mTests run: [0;1;32m23[m, Failures: 0, Errors: 0, Skipped: 0, Time elapsed: 0 s - in org.apache.commons.configuration2.convert.[1mTestDefaultConversionHandler[m
[[1;34mINFO[m] Running org.apache.commons.configuration2.convert.[1mTestPropertyConverter[m
[[1;33mWARNING[m] [1;33mTests [0;1mrun: [0;1m28[m, Failures: 0, Errors: 0, [1;33mSkipped: [0;1;33m1[m, Time elapsed: 0 s - in org.apache.commons.configuration2.convert.[1mTestPropertyConverter[m
[[1;34mINFO[m] Running org.apache.commons.configuration2.builder.[1mTestCopyObjectDefaultHandler_OE25Dev[m
[[1;34mINFO[m] [1;32mTests run: [0;1;32m5[m, Failures: 0, Errors: 0, Skipped: 0, Time elapsed: 0.001 s - in org.apache.commons.configuration2.builder.[1mTestCopyObjectDefaultHandler_OE25Dev[m
[[1;34mINFO[m] Running org.apache.commons.configuration2.builder.[1mTestHierarchicalBuilderParametersImpl_OE25Dev[m
[[1;34mINFO[m] [1;32mTests run: [0;1;32m5[m, Failures: 0, Errors: 0, Skipped: 0, Time elapsed: 0 s - in org.apache.commons.configuration2.builder.[1mTestHierarchicalBuilderParametersImpl_OE25Dev[m
[[1;34mINFO[m] Running org.apache.commons.configuration2.builder.[1mTestDefaultParametersManager[m
[[1;34mINFO[m] [1;32mTests run: [0;1;32m9[m, Failures: 0, Errors: 0, Skipped: 0, Time elapsed: 0.003 s - in org.apache.commons.configuration2.builder.[1mTestDefaultParametersManager[m
[[1;34mINFO[m] Running org.apache.commons.configuration2.builder.[1mTestBuilderConfigurationWrapperFactory_OE25Dev[m
[[1;34mINFO[m] [1;32mTests run: [0;1;32m11[m, Failures: 0, Errors: 0, Skipped: 0, Time elapsed: 0.002 s - in org.apache.commons.configuration2.builder.[1mTestBuilderConfigurationWrapperFactory_OE25Dev[m
[[1;34mINFO[m] Running org.apache.commons.configuration2.builder.[1mTestBasicConfigurationBuilder_OE25Dev[m
[[1;31mERROR[m] [1;31mTests [0;1mrun: [0;1m43[m, [1;31mFailures: [0;1;31m1[m, Errors: 0, Skipped: 0, Time elapsed: 0.009 s[1;31m <<< FAILURE![m - in org.apache.commons.configuration2.builder.[1mTestBasicConfigurationBuilder_OE25Dev[m
[[1;31mERROR[m] testGetConfigurationConcurrently_2_oe(org.apache.commons.configuration2.builder.TestBasicConfigurationBuilder_OE25Dev)  Time elapsed: 0.003 s  <<< FAILURE!
java.lang.AssertionError: Wrong number of result objects expected:<1> but was:<2>
	at org.apache.commons.configuration2.builder.TestBasicConfigurationBuilder_OE25Dev.testGetConfigurationConcurrently_2_oe(TestBasicConfigurationBuilder_OE25Dev.java:645)

[[1;34mINFO[m] Running org.apache.commons.configuration2.builder.[1mTestPropertiesBuilderParametersImpl_OE25Dev[m
[[1;34mINFO[m] [1;32mTests run: [0;1;32m14[m, Failures: 0, Errors: 0, Skipped: 0, Time elapsed: 0.002 s - in org.apache.commons.configuration2.builder.[1mTestPropertiesBuilderParametersImpl_OE25Dev[m
[[1;34mINFO[m] Running org.apache.commons.configuration2.builder.combined.[1mTestReloadingCombinedConfigurationBuilder_OE25Dev[m
[[1;34mINFO[m] [1;32mTests run: [0;1;32m9[m, Failures: 0, Errors: 0, Skipped: 0, Time elapsed: 0.018 s - in org.apache.commons.configuration2.builder.combined.[1mTestReloadingCombinedConfigurationBuilder_OE25Dev[m
[[1;34mINFO[m] Running org.apache.commons.configuration2.builder.combined.[1mTestFileExtensionConfigurationBuilderProvider_OE25Dev[m
[[1;34mINFO[m] [1;32mTests run: [0;1;32m12[m, Failures: 0, Errors: 0, Skipped: 0, Time elapsed: 0.003 s - in org.apache.commons.configuration2.builder.combined.[1mTestFileExtensionConfigurationBuilderProvider_OE25Dev[m
[[1;34mINFO[m] Running org.apache.commons.configuration2.builder.combined.[1mTestCombinedConfigurationBuilder[m
[[1;34mINFO[m] [1;32mTests run: [0;1;32m51[m, Failures: 0, Errors: 0, Skipped: 0, Time elapsed: 5.098 s - in org.apache.commons.configuration2.builder.combined.[1mTestCombinedConfigurationBuilder[m
[[1;34mINFO[m] Running org.apache.commons.configuration2.builder.combined.[1mTestCombinedConfigurationBuilder_OE25Dev[m
[[1;31mERROR[m] [1;31mTests [0;1mrun: [0;1m94[m, [1;31mFailures: [0;1;31m2[m, [1;31mErrors: [0;1;31m1[m, Skipped: 0, Time elapsed: 5.143 s[1;31m <<< FAILURE![m - in org.apache.commons.configuration2.builder.combined.[1mTestCombinedConfigurationBuilder_OE25Dev[m
[[1;31mERROR[m] testCustomEntityResolver(org.apache.commons.configuration2.builder.combined.TestCombinedConfigurationBuilder_OE25Dev)  Time elapsed: 0.001 s  <<< ERROR!
java.lang.ClassCastException: class org.apache.commons.configuration2.builder.combined.TestCombinedConfigurationBuilder$EntityResolverWithPropertiesTestImpl cannot be cast to class org.apache.commons.configuration2.builder.combined.TestCombinedConfigurationBuilder_OE25Dev$EntityResolverWithPropertiesTestImpl (org.apache.commons.configuration2.builder.combined.TestCombinedConfigurationBuilder$EntityResolverWithPropertiesTestImpl and org.apache.commons.configuration2.builder.combined.TestCombinedConfigurationBuilder_OE25Dev$EntityResolverWithPropertiesTestImpl are in unnamed module of loader 'app')
	at org.apache.commons.configuration2.builder.combined.TestCombinedConfigurationBuilder_OE25Dev.testCustomEntityResolver(TestCombinedConfigurationBuilder_OE25Dev.java:559)

[[1;31mERROR[m] testCustomFileSystemForSubConfig(org.apache.commons.configuration2.builder.combined.TestCombinedConfigurationBuilder_OE25Dev)  Time elapsed: 0.001 s  <<< FAILURE!
java.lang.AssertionError: Wrong file system: org.apache.commons.configuration2.builder.combined.TestCombinedConfigurationBuilder$FileSystemTestImpl@1c0d0745
	at org.apache.commons.configuration2.builder.combined.TestCombinedConfigurationBuilder_OE25Dev.checkFileSystem(TestCombinedConfigurationBuilder_OE25Dev.java:367)
	at org.apache.commons.configuration2.builder.combined.TestCombinedConfigurationBuilder_OE25Dev.testCustomFileSystemForSubConfig(TestCombinedConfigurationBuilder_OE25Dev.java:576)

[[1;31mERROR[m] testCustomFileSystem(org.apache.commons.configuration2.builder.combined.TestCombinedConfigurationBuilder_OE25Dev)  Time elapsed: 0.001 s  <<< FAILURE!
java.lang.AssertionError: Wrong file system: org.apache.commons.configuration2.builder.combined.TestCombinedConfigurationBuilder$FileSystemTestImpl@4b420028
	at org.apache.commons.configuration2.builder.combined.TestCombinedConfigurationBuilder_OE25Dev.checkFileSystem(TestCombinedConfigurationBuilder_OE25Dev.java:367)
	at org.apache.commons.configuration2.builder.combined.TestCombinedConfigurationBuilder_OE25Dev.testCustomFileSystem(TestCombinedConfigurationBuilder_OE25Dev.java:568)

[[1;34mINFO[m] Running org.apache.commons.configuration2.builder.combined.[1mTestReloadingCombinedConfigurationBuilderFileBased_OE25Dev[m
[[1;34mINFO[m] [1;32mTests run: [0;1;32m9[m, Failures: 0, Errors: 0, Skipped: 0, Time elapsed: 0.023 s - in org.apache.commons.configuration2.builder.combined.[1mTestReloadingCombinedConfigurationBuilderFileBased_OE25Dev[m
[[1;34mINFO[m] Running org.apache.commons.configuration2.builder.combined.[1mTestConfigurationDeclaration_OE25Dev[m
[[1;34mINFO[m] [1;32mTests run: [0;1;32m15[m, Failures: 0, Errors: 0, Skipped: 0, Time elapsed: 0 s - in org.apache.commons.configuration2.builder.combined.[1mTestConfigurationDeclaration_OE25Dev[m
[[1;34mINFO[m] Running org.apache.commons.configuration2.builder.combined.[1mTestMultiWrapDynaBean[m
[[1;34mINFO[m] [1;32mTests run: [0;1;32m13[m, Failures: 0, Errors: 0, Skipped: 0, Time elapsed: 0.002 s - in org.apache.commons.configuration2.builder.combined.[1mTestMultiWrapDynaBean[m
[[1;34mINFO[m] Running org.apache.commons.configuration2.builder.combined.[1mTestReloadingMultiFileConfigurationBuilder[m
[[1;34mINFO[m] [1;32mTests run: [0;1;32m6[m, Failures: 0, Errors: 0, Skipped: 0, Time elapsed: 0.003 s - in org.apache.commons.configuration2.builder.combined.[1mTestReloadingMultiFileConfigurationBuilder[m
[[1;34mINFO[m] Running org.apache.commons.configuration2.builder.combined.[1mTestMultiWrapDynaBean_OE25Dev[m
[[1;34mINFO[m] [1;32mTests run: [0;1;32m15[m, Failures: 0, Errors: 0, Skipped: 0, Time elapsed: 0.001 s - in org.apache.commons.configuration2.builder.combined.[1mTestMultiWrapDynaBean_OE25Dev[m
[[1;34mINFO[m] Running org.apache.commons.configuration2.builder.combined.[1mTestCombinedBuilderParametersImpl[m
[[1;34mINFO[m] [1;32mTests run: [0;1;32m27[m, Failures: 0, Errors: 0, Skipped: 0, Time elapsed: 0.003 s - in org.apache.commons.configuration2.builder.combined.[1mTestCombinedBuilderParametersImpl[m
[[1;34mINFO[m] Running org.apache.commons.configuration2.builder.combined.[1mTestReloadingCombinedConfigurationBuilderFileBased[m
[[1;34mINFO[m] [1;32mTests run: [0;1;32m4[m, Failures: 0, Errors: 0, Skipped: 0, Time elapsed: 0.057 s - in org.apache.commons.configuration2.builder.combined.[1mTestReloadingCombinedConfigurationBuilderFileBased[m
[[1;34mINFO[m] Running org.apache.commons.configuration2.builder.combined.[1mTestMultiFileConfigurationBuilder[m
[[1;34mINFO[m] [1;32mTests run: [0;1;32m16[m, Failures: 0, Errors: 0, Skipped: 0, Time elapsed: 0.285 s - in org.apache.commons.configuration2.builder.combined.[1mTestMultiFileConfigurationBuilder[m
[[1;34mINFO[m] Running org.apache.commons.configuration2.builder.combined.[1mTestFileExtensionConfigurationBuilderProvider[m
[[1;34mINFO[m] [1;32mTests run: [0;1;32m10[m, Failures: 0, Errors: 0, Skipped: 0, Time elapsed: 0 s - in org.apache.commons.configuration2.builder.combined.[1mTestFileExtensionConfigurationBuilderProvider[m
[[1;34mINFO[m] Running org.apache.commons.configuration2.builder.combined.[1mTestCombinedConfigurationBuilderVFS[m
[[1;34mINFO[m] [1;32mTests run: [0;1;32m52[m, Failures: 0, Errors: 0, Skipped: 0, Time elapsed: 5.074 s - in org.apache.commons.configuration2.builder.combined.[1mTestCombinedConfigurationBuilderVFS[m
[[1;34mINFO[m] Running org.apache.commons.configuration2.builder.combined.[1mTestBaseConfigurationBuilderProvider_OE25Dev[m
[[1;34mINFO[m] [1;32mTests run: [0;1;32m9[m, Failures: 0, Errors: 0, Skipped: 0, Time elapsed: 0.001 s - in org.apache.commons.configuration2.builder.combined.[1mTestBaseConfigurationBuilderProvider_OE25Dev[m
[[1;34mINFO[m] Running org.apache.commons.configuration2.builder.combined.[1mTestReloadingMultiFileConfigurationBuilder_OE25Dev[m
[[1;34mINFO[m] [1;32mTests run: [0;1;32m8[m, Failures: 0, Errors: 0, Skipped: 0, Time elapsed: 0.003 s - in org.apache.commons.configuration2.builder.combined.[1mTestReloadingMultiFileConfigurationBuilder_OE25Dev[m
[[1;34mINFO[m] Running org.apache.commons.configuration2.builder.combined.[1mTestBaseConfigurationBuilderProvider[m
[[1;34mINFO[m] [1;32mTests run: [0;1;32m9[m, Failures: 0, Errors: 0, Skipped: 0, Time elapsed: 0.001 s - in org.apache.commons.configuration2.builder.combined.[1mTestBaseConfigurationBuilderProvider[m
[[1;34mINFO[m] Running org.apache.commons.configuration2.builder.combined.[1mTestMultiFileConfigurationBuilder_OE25Dev[m
[[1;34mINFO[m] [1;32mTests run: [0;1;32m27[m, Failures: 0, Errors: 0, Skipped: 0, Time elapsed: 0.02 s - in org.apache.commons.configuration2.builder.combined.[1mTestMultiFileConfigurationBuilder_OE25Dev[m
[[1;34mINFO[m] Running org.apache.commons.configuration2.builder.combined.[1mTestConfigurationDeclaration[m
[[1;34mINFO[m] [1;32mTests run: [0;1;32m5[m, Failures: 0, Errors: 0, Skipped: 0, Time elapsed: 0 s - in org.apache.commons.configuration2.builder.combined.[1mTestConfigurationDeclaration[m
[[1;34mINFO[m] Running org.apache.commons.configuration2.builder.combined.[1mTestMultiFileBuilderParametersImpl[m
[[1;34mINFO[m] [1;32mTests run: [0;1;32m7[m, Failures: 0, Errors: 0, Skipped: 0, Time elapsed: 0 s - in org.apache.commons.configuration2.builder.combined.[1mTestMultiFileBuilderParametersImpl[m
[[1;34mINFO[m] Running org.apache.commons.configuration2.builder.combined.[1mTestCombinedBuilderParametersImpl_OE25Dev[m
[[1;34mINFO[m] [1;32mTests run: [0;1;32m38[m, Failures: 0, Errors: 0, Skipped: 0, Time elapsed: 0 s - in org.apache.commons.configuration2.builder.combined.[1mTestCombinedBuilderParametersImpl_OE25Dev[m
[[1;34mINFO[m] Running org.apache.commons.configuration2.builder.combined.[1mTestMultiFileBuilderParametersImpl_OE25Dev[m
[[1;34mINFO[m] [1;32mTests run: [0;1;32m12[m, Failures: 0, Errors: 0, Skipped: 0, Time elapsed: 0 s - in org.apache.commons.configuration2.builder.combined.[1mTestMultiFileBuilderParametersImpl_OE25Dev[m
[[1;34mINFO[m] Running org.apache.commons.configuration2.builder.combined.[1mTestReloadingCombinedConfigurationBuilder[m
[[1;34mINFO[m] [1;32mTests run: [0;1;32m5[m, Failures: 0, Errors: 0, Skipped: 0, Time elapsed: 0.005 s - in org.apache.commons.configuration2.builder.combined.[1mTestReloadingCombinedConfigurationBuilder[m
[[1;34mINFO[m] Running org.apache.commons.configuration2.builder.combined.[1mTestCombinedConfigurationBuilderVFS_OE25Dev[m
[[1;34mINFO[m] [1;32mTests run: [0;1;32m52[m, Failures: 0, Errors: 0, Skipped: 0, Time elapsed: 5.07 s - in org.apache.commons.configuration2.builder.combined.[1mTestCombinedConfigurationBuilderVFS_OE25Dev[m
[[1;34mINFO[m] Running org.apache.commons.configuration2.builder.[1mTestAutoSaveListener[m
[[1;34mINFO[m] [1;32mTests run: [0;1;32m7[m, Failures: 0, Errors: 0, Skipped: 0, Time elapsed: 0.004 s - in org.apache.commons.configuration2.builder.[1mTestAutoSaveListener[m
[[1;34mINFO[m] Running org.apache.commons.configuration2.builder.[1mTestBuilderConfigurationWrapperFactory[m
[[1;34mINFO[m] [1;32mTests run: [0;1;32m8[m, Failures: 0, Errors: 0, Skipped: 0, Time elapsed: 0 s - in org.apache.commons.configuration2.builder.[1mTestBuilderConfigurationWrapperFactory[m
[[1;34mINFO[m] Running org.apache.commons.configuration2.builder.[1mTestReloadingBuilderSupportListener_OE25Dev[m
[[1;34mINFO[m] [1;32mTests run: [0;1;32m2[m, Failures: 0, Errors: 0, Skipped: 0, Time elapsed: 0 s - in org.apache.commons.configuration2.builder.[1mTestReloadingBuilderSupportListener_OE25Dev[m
[[1;34mINFO[m] Running org.apache.commons.configuration2.builder.[1mTestBasicBuilderParameters_OE25Dev[m
[[1;34mINFO[m] [1;32mTests run: [0;1;32m59[m, Failures: 0, Errors: 0, Skipped: 0, Time elapsed: 0.005 s - in org.apache.commons.configuration2.builder.[1mTestBasicBuilderParameters_OE25Dev[m
[[1;34mINFO[m] Running org.apache.commons.configuration2.builder.[1mTestReloadingBuilderSupportListener[m
[[1;34mINFO[m] [1;32mTests run: [0;1;32m2[m, Failures: 0, Errors: 0, Skipped: 0, Time elapsed: 0 s - in org.apache.commons.configuration2.builder.[1mTestReloadingBuilderSupportListener[m
[[1;34mINFO[m] Running org.apache.commons.configuration2.builder.[1mTestDatabaseBuilderParametersImpl[m
[[1;34mINFO[m] [1;32mTests run: [0;1;32m8[m, Failures: 0, Errors: 0, Skipped: 0, Time elapsed: 0 s - in org.apache.commons.configuration2.builder.[1mTestDatabaseBuilderParametersImpl[m
[[1;34mINFO[m] Running org.apache.commons.configuration2.builder.[1mTestBasicConfigurationBuilderEvents[m
[[1;34mINFO[m] [1;32mTests run: [0;1;32m11[m, Failures: 0, Errors: 0, Skipped: 0, Time elapsed: 0 s - in org.apache.commons.configuration2.builder.[1mTestBasicConfigurationBuilderEvents[m
[[1;34mINFO[m] Running org.apache.commons.configuration2.builder.[1mTestReloadingFileBasedConfigurationBuilder[m
[[1;34mINFO[m] [1;32mTests run: [0;1;32m9[m, Failures: 0, Errors: 0, Skipped: 0, Time elapsed: 0.001 s - in org.apache.commons.configuration2.builder.[1mTestReloadingFileBasedConfigurationBuilder[m
[[1;34mINFO[m] Running org.apache.commons.configuration2.builder.[1mTestBasicConfigurationBuilderEvents_OE25Dev[m
[[1;34mINFO[m] [1;32mTests run: [0;1;32m13[m, Failures: 0, Errors: 0, Skipped: 0, Time elapsed: 0 s - in org.apache.commons.configuration2.builder.[1mTestBasicConfigurationBuilderEvents_OE25Dev[m
[[1;34mINFO[m] Running org.apache.commons.configuration2.builder.[1mTestEventListenerParameters[m
[[1;34mINFO[m] [1;32mTests run: [0;1;32m4[m, Failures: 0, Errors: 0, Skipped: 0, Time elapsed: 0 s - in org.apache.commons.configuration2.builder.[1mTestEventListenerParameters[m
[[1;34mINFO[m] Running org.apache.commons.configuration2.builder.[1mTestCopyObjectDefaultHandler[m
[[1;34mINFO[m] [1;32mTests run: [0;1;32m4[m, Failures: 0, Errors: 0, Skipped: 0, Time elapsed: 0 s - in org.apache.commons.configuration2.builder.[1mTestCopyObjectDefaultHandler[m
[[1;34mINFO[m] Running org.apache.commons.configuration2.builder.[1mTestDefaultReloadingDetectorFactory[m
[[1;34mINFO[m] [1;32mTests run: [0;1;32m2[m, Failures: 0, Errors: 0, Skipped: 0, Time elapsed: 0 s - in org.apache.commons.configuration2.builder.[1mTestDefaultReloadingDetectorFactory[m
[[1;34mINFO[m] Running org.apache.commons.configuration2.builder.[1mTestBasicConfigurationBuilder[m
[[1;34mINFO[m] [1;32mTests run: [0;1;32m27[m, Failures: 0, Errors: 0, Skipped: 0, Time elapsed: 0.004 s - in org.apache.commons.configuration2.builder.[1mTestBasicConfigurationBuilder[m
[[1;34mINFO[m] Running org.apache.commons.configuration2.builder.[1mTestXMLBuilderParametersImpl_OE25Dev[m
[[1;34mINFO[m] [1;32mTests run: [0;1;32m15[m, Failures: 0, Errors: 0, Skipped: 0, Time elapsed: 0.002 s - in org.apache.commons.configuration2.builder.[1mTestXMLBuilderParametersImpl_OE25Dev[m
[[1;34mINFO[m] Running org.apache.commons.configuration2.builder.[1mTestHierarchicalBuilderParametersImpl[m
[[1;34mINFO[m] [1;32mTests run: [0;1;32m3[m, Failures: 0, Errors: 0, Skipped: 0, Time elapsed: 0 s - in org.apache.commons.configuration2.builder.[1mTestHierarchicalBuilderParametersImpl[m
[[1;34mINFO[m] Running org.apache.commons.configuration2.builder.[1mTestFileBasedConfigurationBuilder_OE25Dev[m
[[1;34mINFO[m] [1;32mTests run: [0;1;32m32[m, Failures: 0, Errors: 0, Skipped: 0, Time elapsed: 0.007 s - in org.apache.commons.configuration2.builder.[1mTestFileBasedConfigurationBuilder_OE25Dev[m
[[1;34mINFO[m] Running org.apache.commons.configuration2.builder.[1mTestDefaultReloadingDetectorFactory_OE25Dev[m
[[1;34mINFO[m] [1;32mTests run: [0;1;32m3[m, Failures: 0, Errors: 0, Skipped: 0, Time elapsed: 0 s - in org.apache.commons.configuration2.builder.[1mTestDefaultReloadingDetectorFactory_OE25Dev[m
[[1;34mINFO[m] Running org.apache.commons.configuration2.builder.[1mTestBasicBuilderParameters[m
[[1;34mINFO[m] [1;32mTests run: [0;1;32m34[m, Failures: 0, Errors: 0, Skipped: 0, Time elapsed: 0 s - in org.apache.commons.configuration2.builder.[1mTestBasicBuilderParameters[m
[[1;34mINFO[m] Running org.apache.commons.configuration2.builder.[1mTestDatabaseBuilderParametersImpl_OE25Dev[m
[[1;34mINFO[m] [1;32mTests run: [0;1;32m9[m, Failures: 0, Errors: 0, Skipped: 0, Time elapsed: 0 s - in org.apache.commons.configuration2.builder.[1mTestDatabaseBuilderParametersImpl_OE25Dev[m
[[1;34mINFO[m] Running org.apache.commons.configuration2.builder.[1mTestFileBasedConfigurationBuilder[m
[[1;34mINFO[m] [1;32mTests run: [0;1;32m25[m, Failures: 0, Errors: 0, Skipped: 0, Time elapsed: 0.004 s - in org.apache.commons.configuration2.builder.[1mTestFileBasedConfigurationBuilder[m
[[1;34mINFO[m] Running org.apache.commons.configuration2.builder.[1mTestDefaultParametersManager_OE25Dev[m
[[1;34mINFO[m] [1;32mTests run: [0;1;32m9[m, Failures: 0, Errors: 0, Skipped: 0, Time elapsed: 0 s - in org.apache.commons.configuration2.builder.[1mTestDefaultParametersManager_OE25Dev[m
[[1;34mINFO[m] Running org.apache.commons.configuration2.builder.[1mTestReloadingFileBasedConfigurationBuilder_OE25Dev[m
[[1;34mINFO[m] [1;32mTests run: [0;1;32m13[m, Failures: 0, Errors: 0, Skipped: 0, Time elapsed: 0 s - in org.apache.commons.configuration2.builder.[1mTestReloadingFileBasedConfigurationBuilder_OE25Dev[m
[[1;34mINFO[m] Running org.apache.commons.configuration2.builder.[1mTestJndiBuilderParametersImpl[m
[[1;34mINFO[m] [1;32mTests run: [0;1;32m4[m, Failures: 0, Errors: 0, Skipped: 0, Time elapsed: 0 s - in org.apache.commons.configuration2.builder.[1mTestJndiBuilderParametersImpl[m
[[1;34mINFO[m] Running org.apache.commons.configuration2.builder.[1mTestJndiBuilderParametersImpl_OE25Dev[m
[[1;34mINFO[m] [1;32mTests run: [0;1;32m5[m, Failures: 0, Errors: 0, Skipped: 0, Time elapsed: 0 s - in org.apache.commons.configuration2.builder.[1mTestJndiBuilderParametersImpl_OE25Dev[m
[[1;34mINFO[m] Running org.apache.commons.configuration2.builder.[1mTestFileBasedBuilderParameters_OE25Dev[m
[[1;34mINFO[m] [1;32mTests run: [0;1;32m43[m, Failures: 0, Errors: 0, Skipped: 0, Time elapsed: 0.001 s - in org.apache.commons.configuration2.builder.[1mTestFileBasedBuilderParameters_OE25Dev[m
[[1;34mINFO[m] Running org.apache.commons.configuration2.builder.[1mTestEventListenerParameters_OE25Dev[m
[[1;34mINFO[m] [1;32mTests run: [0;1;32m4[m, Failures: 0, Errors: 0, Skipped: 0, Time elapsed: 0 s - in org.apache.commons.configuration2.builder.[1mTestEventListenerParameters_OE25Dev[m
[[1;34mINFO[m] Running org.apache.commons.configuration2.builder.[1mTestPropertiesBuilderParametersImpl[m
[[1;34mINFO[m] [1;32mTests run: [0;1;32m8[m, Failures: 0, Errors: 0, Skipped: 0, Time elapsed: 0 s - in org.apache.commons.configuration2.builder.[1mTestPropertiesBuilderParametersImpl[m
[[1;34mINFO[m] Running org.apache.commons.configuration2.builder.[1mTestFileBasedBuilderParameters[m
[[1;34mINFO[m] [1;32mTests run: [0;1;32m24[m, Failures: 0, Errors: 0, Skipped: 0, Time elapsed: 0.001 s - in org.apache.commons.configuration2.builder.[1mTestFileBasedBuilderParameters[m
[[1;34mINFO[m] Running org.apache.commons.configuration2.builder.fluent.[1mTestParameters[m
[[1;34mINFO[m] [1;32mTests run: [0;1;32m19[m, Failures: 0, Errors: 0, Skipped: 0, Time elapsed: 0.001 s - in org.apache.commons.configuration2.builder.fluent.[1mTestParameters[m
[[1;34mINFO[m] Running org.apache.commons.configuration2.builder.fluent.[1mTestConfigurations_OE25Dev[m
[[1;34mINFO[m] [1;32mTests run: [0;1;32m35[m, Failures: 0, Errors: 0, Skipped: 0, Time elapsed: 0.022 s - in org.apache.commons.configuration2.builder.fluent.[1mTestConfigurations_OE25Dev[m
[[1;34mINFO[m] Running org.apache.commons.configuration2.builder.fluent.[1mTestParameters_OE25Dev[m
[[1;34mINFO[m] [1;32mTests run: [0;1;32m34[m, Failures: 0, Errors: 0, Skipped: 0, Time elapsed: 0.001 s - in org.apache.commons.configuration2.builder.fluent.[1mTestParameters_OE25Dev[m
[[1;34mINFO[m] Running org.apache.commons.configuration2.builder.fluent.[1mTestConfigurations[m
[[1;34mINFO[m] [1;32mTests run: [0;1;32m34[m, Failures: 0, Errors: 0, Skipped: 0, Time elapsed: 0.013 s - in org.apache.commons.configuration2.builder.fluent.[1mTestConfigurations[m
[[1;34mINFO[m] Running org.apache.commons.configuration2.builder.[1mTestXMLBuilderParametersImpl[m
[[1;34mINFO[m] [1;32mTests run: [0;1;32m8[m, Failures: 0, Errors: 0, Skipped: 0, Time elapsed: 0 s - in org.apache.commons.configuration2.builder.[1mTestXMLBuilderParametersImpl[m
[[1;34mINFO[m] Running org.apache.commons.configuration2.[1mTestJNDIConfiguration_OE25Dev[m
[[1;34mINFO[m] [1;32mTests run: [0;1;32m35[m, Failures: 0, Errors: 0, Skipped: 0, Time elapsed: 0.004 s - in org.apache.commons.configuration2.[1mTestJNDIConfiguration_OE25Dev[m
[[1;34mINFO[m] Running org.apache.commons.configuration2.[1mTestSubnodeConfiguration[m
[[1;34mINFO[m] [1;32mTests run: [0;1;32m24[m, Failures: 0, Errors: 0, Skipped: 0, Time elapsed: 0.001 s - in org.apache.commons.configuration2.[1mTestSubnodeConfiguration[m
[[1;34mINFO[m] Running org.apache.commons.configuration2.[1mTestBaseNullConfiguration[m
[[1;34mINFO[m] [1;32mTests run: [0;1;32m37[m, Failures: 0, Errors: 0, Skipped: 0, Time elapsed: 0.001 s - in org.apache.commons.configuration2.[1mTestBaseNullConfiguration[m
[[1;34mINFO[m] Running org.apache.commons.configuration2.[1mTestEqualBehavior[m
[[1;34mINFO[m] [1;32mTests run: [0;1;32m7[m, Failures: 0, Errors: 0, Skipped: 0, Time elapsed: 0.004 s - in org.apache.commons.configuration2.[1mTestEqualBehavior[m
[[1;34mINFO[m] Running org.apache.commons.configuration2.[1mTestStrictConfigurationComparator[m
[[1;34mINFO[m] [1;32mTests run: [0;1;32m2[m, Failures: 0, Errors: 0, Skipped: 0, Time elapsed: 0 s - in org.apache.commons.configuration2.[1mTestStrictConfigurationComparator[m
[[1;34mINFO[m] Running org.apache.commons.configuration2.[1mTestCatalogResolver_OE25Dev[m
[[1;34mINFO[m] [1;32mTests run: [0;1;32m6[m, Failures: 0, Errors: 0, Skipped: 0, Time elapsed: 0.002 s - in org.apache.commons.configuration2.[1mTestCatalogResolver_OE25Dev[m
[[1;34mINFO[m] Running org.apache.commons.configuration2.[1mTestCompositeConfiguration_OE25Dev[m
[[1;34mINFO[m] [1;32mTests run: [0;1;32m113[m, Failures: 0, Errors: 0, Skipped: 0, Time elapsed: 0.062 s - in org.apache.commons.configuration2.[1mTestCompositeConfiguration_OE25Dev[m
[[1;34mINFO[m] Running org.apache.commons.configuration2.[1mTestCombinedConfiguration_OE25Dev[m
[[1;34mINFO[m] [1;32mTests run: [0;1;32m100[m, Failures: 0, Errors: 0, Skipped: 0, Time elapsed: 0.082 s - in org.apache.commons.configuration2.[1mTestCombinedConfiguration_OE25Dev[m
[[1;34mINFO[m] Running org.apache.commons.configuration2.[1mTestYAMLConfiguration[m
[[1;34mINFO[m] [1;32mTests run: [0;1;32m11[m, Failures: 0, Errors: 0, Skipped: 0, Time elapsed: 0.022 s - in org.apache.commons.configuration2.[1mTestYAMLConfiguration[m
[[1;34mINFO[m] Running org.apache.commons.configuration2.[1mTestXMLConfiguration_605[m
[[1;34mINFO[m] [1;32mTests run: [0;1;32m8[m, Failures: 0, Errors: 0, Skipped: 0, Time elapsed: 0.001 s - in org.apache.commons.configuration2.[1mTestXMLConfiguration_605[m
[[1;34mINFO[m] Running org.apache.commons.configuration2.[1mTestBaseConfigurationXMLReader[m
[[1;34mINFO[m] [1;32mTests run: [0;1;32m4[m, Failures: 0, Errors: 0, Skipped: 0, Time elapsed: 0.002 s - in org.apache.commons.configuration2.[1mTestBaseConfigurationXMLReader[m
[[1;34mINFO[m] Running org.apache.commons.configuration2.[1mTestPropertiesConfiguration[m
[[1;34mINFO[m] [1;32mTests run: [0;1;32m85[m, Failures: 0, Errors: 0, Skipped: 0, Time elapsed: 0.074 s - in org.apache.commons.configuration2.[1mTestPropertiesConfiguration[m
[[1;34mINFO[m] Running org.apache.commons.configuration2.[1mTestSubsetConfiguration_OE25Dev[m
[[1;34mINFO[m] [1;32mTests run: [0;1;32m36[m, Failures: 0, Errors: 0, Skipped: 0, Time elapsed: 0.005 s - in org.apache.commons.configuration2.[1mTestSubsetConfiguration_OE25Dev[m
[[1;34mINFO[m] Running org.apache.commons.configuration2.[1mTestBaseNullConfiguration_OE25Dev[m
[[1;34mINFO[m] [1;32mTests run: [0;1;32m73[m, Failures: 0, Errors: 0, Skipped: 0, Time elapsed: 0.001 s - in org.apache.commons.configuration2.[1mTestBaseNullConfiguration_OE25Dev[m
[[1;34mINFO[m] Running org.apache.commons.configuration2.[1mTestINIConfiguration[m
[[1;34mINFO[m] [1;32mTests run: [0;1;32m67[m, Failures: 0, Errors: 0, Skipped: 0, Time elapsed: 0.023 s - in org.apache.commons.configuration2.[1mTestINIConfiguration[m
[[1;34mINFO[m] Running org.apache.commons.configuration2.[1mTestDataConfiguration_OE25Dev[m
[[1;34mINFO[m] [1;32mTests run: [0;1;32m391[m, Failures: 0, Errors: 0, Skipped: 0, Time elapsed: 0.067 s - in org.apache.commons.configuration2.[1mTestDataConfiguration_OE25Dev[m
[[1;34mINFO[m] Running org.apache.commons.configuration2.[1mTestJNDIEnvironmentValues[m
[[1;34mINFO[m] [1;32mTests run: [0;1;32m12[m, Failures: 0, Errors: 0, Skipped: 0, Time elapsed: 0 s - in org.apache.commons.configuration2.[1mTestJNDIEnvironmentValues[m
[[1;34mINFO[m] Running org.apache.commons.configuration2.[1mTestPropertiesConfigurationLayout[m
[[1;34mINFO[m] [1;32mTests run: [0;1;32m39[m, Failures: 0, Errors: 0, Skipped: 0, Time elapsed: 0.001 s - in org.apache.commons.configuration2.[1mTestPropertiesConfigurationLayout[m
[[1;34mINFO[m] Running org.apache.commons.configuration2.[1mTestEqualsProperty[m
[[1;34mINFO[m] [1;32mTests run: [0;1;32m1[m, Failures: 0, Errors: 0, Skipped: 0, Time elapsed: 0 s - in org.apache.commons.configuration2.[1mTestEqualsProperty[m
[[1;34mINFO[m] Running org.apache.commons.configuration2.[1mTestAbstractConfigurationSynchronization[m
[[1;34mINFO[m] [1;32mTests run: [0;1;32m19[m, Failures: 0, Errors: 0, Skipped: 0, Time elapsed: 0.004 s - in org.apache.commons.configuration2.[1mTestAbstractConfigurationSynchronization[m
[[1;34mINFO[m] Running org.apache.commons.configuration2.[1mTestJSONConfiguration[m
[[1;34mINFO[m] [1;32mTests run: [0;1;32m10[m, Failures: 0, Errors: 0, Skipped: 0, Time elapsed: 0.061 s - in org.apache.commons.configuration2.[1mTestJSONConfiguration[m
[[1;34mINFO[m] Running org.apache.commons.configuration2.[1mTestPropertiesConfigurationLayout_OE25Dev[m
[[1;34mINFO[m] [1;32mTests run: [0;1;32m77[m, Failures: 0, Errors: 0, Skipped: 0, Time elapsed: 0.002 s - in org.apache.commons.configuration2.[1mTestPropertiesConfigurationLayout_OE25Dev[m
[[1;34mINFO[m] Running org.apache.commons.configuration2.[1mTestYAMLConfiguration_OE25Dev[m
[[1;34mINFO[m] [1;32mTests run: [0;1;32m19[m, Failures: 0, Errors: 0, Skipped: 0, Time elapsed: 0.01 s - in org.apache.commons.configuration2.[1mTestYAMLConfiguration_OE25Dev[m
[[1;34mINFO[m] Running org.apache.commons.configuration2.[1mTestConfigurationMap_OE25Dev[m
[[1;34mINFO[m] [1;32mTests run: [0;1;32m4[m, Failures: 0, Errors: 0, Skipped: 0, Time elapsed: 0 s - in org.apache.commons.configuration2.[1mTestConfigurationMap_OE25Dev[m
[[1;34mINFO[m] Running org.apache.commons.configuration2.[1mTestNullCompositeConfiguration_OE25Dev[m
[[1;34mINFO[m] [1;32mTests run: [0;1;32m65[m, Failures: 0, Errors: 0, Skipped: 0, Time elapsed: 0.041 s - in org.apache.commons.configuration2.[1mTestNullCompositeConfiguration_OE25Dev[m
[[1;34mINFO[m] Running org.apache.commons.configuration2.[1mTestBaseHierarchicalConfigurationSynchronization[m
[[1;34mINFO[m] [1;32mTests run: [0;1;32m14[m, Failures: 0, Errors: 0, Skipped: 0, Time elapsed: 0.006 s - in org.apache.commons.configuration2.[1mTestBaseHierarchicalConfigurationSynchronization[m
[[1;34mINFO[m] Running org.apache.commons.configuration2.[1mTestJSONConfiguration_OE25Dev[m
[[1;34mINFO[m] [1;32mTests run: [0;1;32m20[m, Failures: 0, Errors: 0, Skipped: 0, Time elapsed: 0.006 s - in org.apache.commons.configuration2.[1mTestJSONConfiguration_OE25Dev[m
[[1;34mINFO[m] Running org.apache.commons.configuration2.[1mTestDefaultImmutableConfiguration_OE25Dev[m
[[1;34mINFO[m] [1;32mTests run: [0;1;32m6[m, Failures: 0, Errors: 0, Skipped: 0, Time elapsed: 0 s - in org.apache.commons.configuration2.[1mTestDefaultImmutableConfiguration_OE25Dev[m
[[1;34mINFO[m] Running org.apache.commons.configuration2.[1mTestStrictConfigurationComparator_OE25Dev[m
[[1;34mINFO[m] [1;32mTests run: [0;1;32m9[m, Failures: 0, Errors: 0, Skipped: 0, Time elapsed: 0 s - in org.apache.commons.configuration2.[1mTestStrictConfigurationComparator_OE25Dev[m
[[1;34mINFO[m] Running org.apache.commons.configuration2.[1mTestConfigurationSet_OE25Dev[m
[[1;34mINFO[m] [1;32mTests run: [0;1;32m4[m, Failures: 0, Errors: 0, Skipped: 0, Time elapsed: 0 s - in org.apache.commons.configuration2.[1mTestConfigurationSet_OE25Dev[m
[[1;34mINFO[m] Running org.apache.commons.configuration2.[1mTestNonStringProperties[m
[[1;34mINFO[m] [1;32mTests run: [0;1;32m23[m, Failures: 0, Errors: 0, Skipped: 0, Time elapsed: 0.004 s - in org.apache.commons.configuration2.[1mTestNonStringProperties[m
[[1;34mINFO[m] Running org.apache.commons.configuration2.[1mTestConfigurationConverter_OE25Dev[m
[[1;34mINFO[m] [1;32mTests run: [0;1;32m13[m, Failures: 0, Errors: 0, Skipped: 0, Time elapsed: 0.005 s - in org.apache.commons.configuration2.[1mTestConfigurationConverter_OE25Dev[m
[[1;34mINFO[m] Running org.apache.commons.configuration2.[1mTestPropertiesSequence_OE25Dev[m
[[1;34mINFO[m] [1;32mTests run: [0;1;32m7[m, Failures: 0, Errors: 0, Skipped: 0, Time elapsed: 0.001 s - in org.apache.commons.configuration2.[1mTestPropertiesSequence_OE25Dev[m
[[1;34mINFO[m] Running org.apache.commons.configuration2.[1mTestMapConfiguration_OE25Dev[m
[[1;34mINFO[m] [1;32mTests run: [0;1;32m23[m, Failures: 0, Errors: 0, Skipped: 0, Time elapsed: 0.001 s - in org.apache.commons.configuration2.[1mTestMapConfiguration_OE25Dev[m
[[1;34mINFO[m] Running org.apache.commons.configuration2.[1mTestSystemConfiguration[m
[[1;34mINFO[m] [1;32mTests run: [0;1;32m5[m, Failures: 0, Errors: 0, Skipped: 0, Time elapsed: 0.01 s - in org.apache.commons.configuration2.[1mTestSystemConfiguration[m
[[1;34mINFO[m] Running org.apache.commons.configuration2.[1mTestPatternSubtreeConfiguration[m
[[1;34mINFO[m] [1;32mTests run: [0;1;32m3[m, Failures: 0, Errors: 0, Skipped: 0, Time elapsed: 0.002 s - in org.apache.commons.configuration2.[1mTestPatternSubtreeConfiguration[m
[[1;34mINFO[m] Running org.apache.commons.configuration2.[1mTestDatabaseConfiguration[m
[[1;34mINFO[m] [1;32mTests run: [0;1;32m36[m, Failures: 0, Errors: 0, Skipped: 0, Time elapsed: 0.215 s - in org.apache.commons.configuration2.[1mTestDatabaseConfiguration[m
[[1;34mINFO[m] Running org.apache.commons.configuration2.[1mTestPropertiesSequence[m
[[1;34mINFO[m] [1;32mTests run: [0;1;32m3[m, Failures: 0, Errors: 0, Skipped: 0, Time elapsed: 0.001 s - in org.apache.commons.configuration2.[1mTestPropertiesSequence[m
[[1;34mINFO[m] Running org.apache.commons.configuration2.spring.[1mTestConfigurationPropertiesFactoryBean[m
[[1;34mINFO[m] [1;32mTests run: [0;1;32m10[m, Failures: 0, Errors: 0, Skipped: 0, Time elapsed: 0.003 s - in org.apache.commons.configuration2.spring.[1mTestConfigurationPropertiesFactoryBean[m
[[1;34mINFO[m] Running org.apache.commons.configuration2.spring.[1mTestConfigurationPropertySource_OE25Dev[m
[[1;34mINFO[m] [1;32mTests run: [0;1;32m1[m, Failures: 0, Errors: 0, Skipped: 0, Time elapsed: 0.088 s - in org.apache.commons.configuration2.spring.[1mTestConfigurationPropertySource_OE25Dev[m
[[1;34mINFO[m] Running org.apache.commons.configuration2.spring.[1mTestConfigurationPropertiesFactoryBean_OE25Dev[m
[[1;34mINFO[m] [1;32mTests run: [0;1;32m12[m, Failures: 0, Errors: 0, Skipped: 0, Time elapsed: 0 s - in org.apache.commons.configuration2.spring.[1mTestConfigurationPropertiesFactoryBean_OE25Dev[m
[[1;34mINFO[m] Running org.apache.commons.configuration2.spring.[1mTestConfigurationPropertySource[m
[[1;34mINFO[m] [1;32mTests run: [0;1;32m1[m, Failures: 0, Errors: 0, Skipped: 0, Time elapsed: 0.005 s - in org.apache.commons.configuration2.spring.[1mTestConfigurationPropertySource[m
[[1;34mINFO[m] Running org.apache.commons.configuration2.[1mTestBaseHierarchicalConfigurationSynchronization_OE25Dev[m
[[1;34mINFO[m] [1;32mTests run: [0;1;32m17[m, Failures: 0, Errors: 0, Skipped: 0, Time elapsed: 0.006 s - in org.apache.commons.configuration2.[1mTestBaseHierarchicalConfigurationSynchronization_OE25Dev[m
[[1;34mINFO[m] Running org.apache.commons.configuration2.[1mTestBaseConfiguration_OE25Dev[m
[[1;34mINFO[m] [1;32mTests run: [0;1;32m140[m, Failures: 0, Errors: 0, Skipped: 0, Time elapsed: 0.004 s - in org.apache.commons.configuration2.[1mTestBaseConfiguration_OE25Dev[m
[[1;34mINFO[m] Running org.apache.commons.configuration2.[1mTestEqualsProperty_OE25Dev[m
[[1;34mINFO[m] [1;32mTests run: [0;1;32m1[m, Failures: 0, Errors: 0, Skipped: 0, Time elapsed: 0 s - in org.apache.commons.configuration2.[1mTestEqualsProperty_OE25Dev[m
[[1;34mINFO[m] Running org.apache.commons.configuration2.[1mTestEnvironmentConfiguration[m
[[1;34mINFO[m] [1;32mTests run: [0;1;32m5[m, Failures: 0, Errors: 0, Skipped: 0, Time elapsed: 0 s - in org.apache.commons.configuration2.[1mTestEnvironmentConfiguration[m
[[1;34mINFO[m] Running org.apache.commons.configuration2.[1mTestAbstractConfigurationBasicFeatures[m
[[1;34mINFO[m] [1;32mTests run: [0;1;32m65[m, Failures: 0, Errors: 0, Skipped: 0, Time elapsed: 0.002 s - in org.apache.commons.configuration2.[1mTestAbstractConfigurationBasicFeatures[m
[[1;34mINFO[m] Running org.apache.commons.configuration2.[1mTestHierarchicalConfigurationXMLReader_OE25Dev[m
[[1;34mINFO[m] [1;32mTests run: [0;1;32m1[m, Failures: 0, Errors: 0, Skipped: 0, Time elapsed: 0 s - in org.apache.commons.configuration2.[1mTestHierarchicalConfigurationXMLReader_OE25Dev[m
[[1;34mINFO[m] Running org.apache.commons.configuration2.[1mTestConfigurationLookup[m
[[1;34mINFO[m] [1;32mTests run: [0;1;32m5[m, Failures: 0, Errors: 0, Skipped: 0, Time elapsed: 0 s - in org.apache.commons.configuration2.[1mTestConfigurationLookup[m
[[1;34mINFO[m] Running org.apache.commons.configuration2.[1mTestImmutableConfiguration_OE25Dev[m
[[1;34mINFO[m] [1;32mTests run: [0;1;32m20[m, Failures: 0, Errors: 0, Skipped: 0, Time elapsed: 0.004 s - in org.apache.commons.configuration2.[1mTestImmutableConfiguration_OE25Dev[m
[[1;34mINFO[m] Running org.apache.commons.configuration2.[1mTestNullJNDIEnvironmentValues_OE25Dev[m
[[1;34mINFO[m] [1;32mTests run: [0;1;32m17[m, Failures: 0, Errors: 0, Skipped: 0, Time elapsed: 0.002 s - in org.apache.commons.configuration2.[1mTestNullJNDIEnvironmentValues_OE25Dev[m
[[1;34mINFO[m] Running org.apache.commons.configuration2.[1mTestCompositeConfigurationNonStringProperties[m
[[1;34mINFO[m] [1;32mTests run: [0;1;32m23[m, Failures: 0, Errors: 0, Skipped: 0, Time elapsed: 0.003 s - in org.apache.commons.configuration2.[1mTestCompositeConfigurationNonStringProperties[m
[[1;34mINFO[m] Running org.apache.commons.configuration2.[1mTestEnvironmentConfiguration_OE25Dev[m
[[1;34mINFO[m] [1;32mTests run: [0;1;32m8[m, Failures: 0, Errors: 0, Skipped: 0, Time elapsed: 0 s - in org.apache.commons.configuration2.[1mTestEnvironmentConfiguration_OE25Dev[m
[[1;34mINFO[m] Running org.apache.commons.configuration2.[1mTestSubsetConfiguration[m
[[1;34mINFO[m] [1;32mTests run: [0;1;32m21[m, Failures: 0, Errors: 0, Skipped: 0, Time elapsed: 0.002 s - in org.apache.commons.configuration2.[1mTestSubsetConfiguration[m
[[1;34mINFO[m] Running org.apache.commons.configuration2.[1mTestAbstractConfigurationBasicFeatures_OE25Dev[m
[[1;34mINFO[m] [1;32mTests run: [0;1;32m80[m, Failures: 0, Errors: 0, Skipped: 0, Time elapsed: 0.002 s - in org.apache.commons.configuration2.[1mTestAbstractConfigurationBasicFeatures_OE25Dev[m
[[1;34mINFO[m] Running org.apache.commons.configuration2.[1mTestXMLDocumentHelper[m
[[1;34mINFO[m] [1;32mTests run: [0;1;32m11[m, Failures: 0, Errors: 0, Skipped: 0, Time elapsed: 0.002 s - in org.apache.commons.configuration2.[1mTestXMLDocumentHelper[m
[[1;34mINFO[m] Running org.apache.commons.configuration2.[1mTestPatternSubtreeConfiguration_OE25Dev[m
[[1;34mINFO[m] [1;32mTests run: [0;1;32m5[m, Failures: 0, Errors: 0, Skipped: 0, Time elapsed: 0 s - in org.apache.commons.configuration2.[1mTestPatternSubtreeConfiguration_OE25Dev[m
[[1;34mINFO[m] Running org.apache.commons.configuration2.[1mTestNullCompositeConfiguration[m
[[1;34mINFO[m] [1;32mTests run: [0;1;32m23[m, Failures: 0, Errors: 0, Skipped: 0, Time elapsed: 0.013 s - in org.apache.commons.configuration2.[1mTestNullCompositeConfiguration[m
[[1;34mINFO[m] Running org.apache.commons.configuration2.tree.[1mTestDefaultConfigurationKey_OE25Dev[m
[[1;34mINFO[m] [1;32mTests run: [0;1;32m91[m, Failures: 0, Errors: 0, Skipped: 0, Time elapsed: 0.003 s - in org.apache.commons.configuration2.tree.[1mTestDefaultConfigurationKey_OE25Dev[m
[[1;34mINFO[m] Running org.apache.commons.configuration2.tree.[1mTestNodeHandlerDecorator[m
[[1;34mINFO[m] [1;32mTests run: [0;1;32m25[m, Failures: 0, Errors: 0, Skipped: 0, Time elapsed: 0.001 s - in org.apache.commons.configuration2.tree.[1mTestNodeHandlerDecorator[m
[[1;34mINFO[m] Running org.apache.commons.configuration2.tree.[1mTestTreeData[m
[[1;34mINFO[m] [1;32mTests run: [0;1;32m25[m, Failures: 0, Errors: 0, Skipped: 0, Time elapsed: 0.001 s - in org.apache.commons.configuration2.tree.[1mTestTreeData[m
[[1;34mINFO[m] Running org.apache.commons.configuration2.tree.[1mTestInMemoryNodeModelReferences_OE25Dev[m
[[1;34mINFO[m] [1;32mTests run: [0;1;32m19[m, Failures: 0, Errors: 0, Skipped: 0, Time elapsed: 0.003 s - in org.apache.commons.configuration2.tree.[1mTestInMemoryNodeModelReferences_OE25Dev[m
[[1;34mINFO[m] Running org.apache.commons.configuration2.tree.[1mTestNodeUpdateData[m
[[1;34mINFO[m] [1;32mTests run: [0;1;32m7[m, Failures: 0, Errors: 0, Skipped: 0, Time elapsed: 0.001 s - in org.apache.commons.configuration2.tree.[1mTestNodeUpdateData[m
[[1;34mINFO[m] Running org.apache.commons.configuration2.tree.[1mTestNodeAddData_OE25Dev[m
[[1;34mINFO[m] [1;32mTests run: [0;1;32m5[m, Failures: 0, Errors: 0, Skipped: 0, Time elapsed: 0 s - in org.apache.commons.configuration2.tree.[1mTestNodeAddData_OE25Dev[m
[[1;34mINFO[m] Running org.apache.commons.configuration2.tree.[1mTestDefaultConfigurationKey[m
[[1;34mINFO[m] [1;32mTests run: [0;1;32m33[m, Failures: 0, Errors: 0, Skipped: 0, Time elapsed: 0.001 s - in org.apache.commons.configuration2.tree.[1mTestDefaultConfigurationKey[m
[[1;34mINFO[m] Running org.apache.commons.configuration2.tree.[1mTestTrackedNodeHandler_OE25Dev[m
[[1;34mINFO[m] [1;32mTests run: [0;1;32m2[m, Failures: 0, Errors: 0, Skipped: 0, Time elapsed: 0 s - in org.apache.commons.configuration2.tree.[1mTestTrackedNodeHandler_OE25Dev[m
[[1;34mINFO[m] Running org.apache.commons.configuration2.tree.[1mTestQueryResult_OE25Dev[m
[[1;34mINFO[m] [1;32mTests run: [0;1;32m10[m, Failures: 0, Errors: 0, Skipped: 0, Time elapsed: 0 s - in org.apache.commons.configuration2.tree.[1mTestQueryResult_OE25Dev[m
[[1;34mINFO[m] Running org.apache.commons.configuration2.tree.[1mTestInMemoryNodeModelReferences[m
[[1;34mINFO[m] [1;32mTests run: [0;1;32m12[m, Failures: 0, Errors: 0, Skipped: 0, Time elapsed: 0 s - in org.apache.commons.configuration2.tree.[1mTestInMemoryNodeModelReferences[m
[[1;34mINFO[m] Running org.apache.commons.configuration2.tree.[1mTestNodeNameMatchers[m
[[1;34mINFO[m] [1;32mTests run: [0;1;32m6[m, Failures: 0, Errors: 0, Skipped: 0, Time elapsed: 0 s - in org.apache.commons.configuration2.tree.[1mTestNodeNameMatchers[m
[[1;34mINFO[m] Running org.apache.commons.configuration2.tree.[1mTestMergeCombiner[m
[[1;34mINFO[m] [1;32mTests run: [0;1;32m8[m, Failures: 0, Errors: 0, Skipped: 0, Time elapsed: 0.004 s - in org.apache.commons.configuration2.tree.[1mTestMergeCombiner[m
[[1;34mINFO[m] Running org.apache.commons.configuration2.tree.[1mTestNodeSelector[m
[[1;34mINFO[m] [1;32mTests run: [0;1;32m12[m, Failures: 0, Errors: 0, Skipped: 0, Time elapsed: 0 s - in org.apache.commons.configuration2.tree.[1mTestNodeSelector[m
[[1;34mINFO[m] Running org.apache.commons.configuration2.tree.[1mTestTrackedNodeModel_OE25Dev[m
[[1;34mINFO[m] [1;32mTests run: [0;1;32m13[m, Failures: 0, Errors: 0, Skipped: 0, Time elapsed: 0.005 s - in org.apache.commons.configuration2.tree.[1mTestTrackedNodeModel_OE25Dev[m
[[1;34mINFO[m] Running org.apache.commons.configuration2.tree.[1mTestUnionCombiner[m
[[1;34mINFO[m] [1;32mTests run: [0;1;32m6[m, Failures: 0, Errors: 0, Skipped: 0, Time elapsed: 0.003 s - in org.apache.commons.configuration2.tree.[1mTestUnionCombiner[m
[[1;34mINFO[m] Running org.apache.commons.configuration2.tree.[1mTestInMemoryNodeModel[m
[[1;34mINFO[m] [1;32mTests run: [0;1;32m39[m, Failures: 0, Errors: 0, Skipped: 0, Time elapsed: 0.01 s - in org.apache.commons.configuration2.tree.[1mTestInMemoryNodeModel[m
[[1;34mINFO[m] Running org.apache.commons.configuration2.tree.[1mTestNodeSelector_OE25Dev[m
[[1;34mINFO[m] [1;32mTests run: [0;1;32m14[m, Failures: 0, Errors: 0, Skipped: 0, Time elapsed: 0 s - in org.apache.commons.configuration2.tree.[1mTestNodeSelector_OE25Dev[m
[[1;34mINFO[m] Running org.apache.commons.configuration2.tree.[1mTestOverrideCombiner_OE25Dev[m
[[1;34mINFO[m] [1;32mTests run: [0;1;32m28[m, Failures: 0, Errors: 0, Skipped: 0, Time elapsed: 0.009 s - in org.apache.commons.configuration2.tree.[1mTestOverrideCombiner_OE25Dev[m
[[1;34mINFO[m] Running org.apache.commons.configuration2.tree.[1mTestNodeTreeWalker[m
[[1;34mINFO[m] [1;32mTests run: [0;1;32m8[m, Failures: 0, Errors: 0, Skipped: 0, Time elapsed: 0.001 s - in org.apache.commons.configuration2.tree.[1mTestNodeTreeWalker[m
[[1;34mINFO[m] Running org.apache.commons.configuration2.tree.[1mTestNodeUpdateData_OE25Dev[m
[[1;34mINFO[m] [1;32mTests run: [0;1;32m12[m, Failures: 0, Errors: 0, Skipped: 0, Time elapsed: 0 s - in org.apache.commons.configuration2.tree.[1mTestNodeUpdateData_OE25Dev[m
[[1;34mINFO[m] Running org.apache.commons.configuration2.tree.[1mTestUnionCombiner_OE25Dev[m
[[1;34mINFO[m] [1;32mTests run: [0;1;32m23[m, Failures: 0, Errors: 0, Skipped: 0, Time elapsed: 0.007 s - in org.apache.commons.configuration2.tree.[1mTestUnionCombiner_OE25Dev[m
[[1;34mINFO[m] Running org.apache.commons.configuration2.tree.[1mTestImmutableNode[m
[[1;34mINFO[m] [1;32mTests run: [0;1;32m35[m, Failures: 0, Errors: 0, Skipped: 0, Time elapsed: 0 s - in org.apache.commons.configuration2.tree.[1mTestImmutableNode[m
[[1;34mINFO[m] Running org.apache.commons.configuration2.tree.[1mTestNodeNameMatchers_OE25Dev[m
[[1;34mINFO[m] [1;32mTests run: [0;1;32m9[m, Failures: 0, Errors: 0, Skipped: 0, Time elapsed: 0 s - in org.apache.commons.configuration2.tree.[1mTestNodeNameMatchers_OE25Dev[m
[[1;34mINFO[m] Running org.apache.commons.configuration2.tree.[1mTestOverrideCombiner[m
[[1;34mINFO[m] [1;32mTests run: [0;1;32m9[m, Failures: 0, Errors: 0, Skipped: 0, Time elapsed: 0.003 s - in org.apache.commons.configuration2.tree.[1mTestOverrideCombiner[m
[[1;34mINFO[m] Running org.apache.commons.configuration2.tree.[1mTestTrackedNodeModel[m
[[1;34mINFO[m] [1;32mTests run: [0;1;32m13[m, Failures: 0, Errors: 0, Skipped: 0, Time elapsed: 0 s - in org.apache.commons.configuration2.tree.[1mTestTrackedNodeModel[m
[[1;34mINFO[m] Running org.apache.commons.configuration2.tree.[1mTestImmutableNode_OE25Dev[m
[[1;34mINFO[m] [1;32mTests run: [0;1;32m42[m, Failures: 0, Errors: 0, Skipped: 0, Time elapsed: 0.001 s - in org.apache.commons.configuration2.tree.[1mTestImmutableNode_OE25Dev[m
[[1;34mINFO[m] Running org.apache.commons.configuration2.tree.[1mTestInMemoryNodeModel_OE25Dev[m
[[1;34mINFO[m] [1;32mTests run: [0;1;32m62[m, Failures: 0, Errors: 0, Skipped: 0, Time elapsed: 0.013 s - in org.apache.commons.configuration2.tree.[1mTestInMemoryNodeModel_OE25Dev[m
[[1;34mINFO[m] Running org.apache.commons.configuration2.tree.[1mTestQueryResult[m
[[1;34mINFO[m] [1;32mTests run: [0;1;32m9[m, Failures: 0, Errors: 0, Skipped: 0, Time elapsed: 0 s - in org.apache.commons.configuration2.tree.[1mTestQueryResult[m
[[1;34mINFO[m] Running org.apache.commons.configuration2.tree.xpath.[1mTestConfigurationNodePointer_OE25Dev[m
[[1;34mINFO[m] [1;32mTests run: [0;1;32m9[m, Failures: 0, Errors: 0, Skipped: 0, Time elapsed: 0.002 s - in org.apache.commons.configuration2.tree.xpath.[1mTestConfigurationNodePointer_OE25Dev[m
[[1;34mINFO[m] Running org.apache.commons.configuration2.tree.xpath.[1mTestConfigurationAttributePointer_OE25Dev[m
[[1;34mINFO[m] [1;32mTests run: [0;1;32m18[m, Failures: 0, Errors: 0, Skipped: 0, Time elapsed: 0 s - in org.apache.commons.configuration2.tree.xpath.[1mTestConfigurationAttributePointer_OE25Dev[m
[[1;34mINFO[m] Running org.apache.commons.configuration2.tree.xpath.[1mTestXPathExpressionEngineInConfig[m
[[1;34mINFO[m] [1;32mTests run: [0;1;32m6[m, Failures: 0, Errors: 0, Skipped: 0, Time elapsed: 0.002 s - in org.apache.commons.configuration2.tree.xpath.[1mTestXPathExpressionEngineInConfig[m
[[1;34mINFO[m] Running org.apache.commons.configuration2.tree.xpath.[1mTestXPathContextFactory_OE25Dev[m
[[1;34mINFO[m] [1;32mTests run: [0;1;32m3[m, Failures: 0, Errors: 0, Skipped: 0, Time elapsed: 0 s - in org.apache.commons.configuration2.tree.xpath.[1mTestXPathContextFactory_OE25Dev[m
[[1;34mINFO[m] Running org.apache.commons.configuration2.tree.xpath.[1mTestConfigurationNodeIteratorChildren_OE25Dev[m
[[1;34mINFO[m] [1;32mTests run: [0;1;32m20[m, Failures: 0, Errors: 0, Skipped: 0, Time elapsed: 0.003 s - in org.apache.commons.configuration2.tree.xpath.[1mTestConfigurationNodeIteratorChildren_OE25Dev[m
[[1;34mINFO[m] Running org.apache.commons.configuration2.tree.xpath.[1mTestConfigurationNodeIteratorChildren[m
[[1;34mINFO[m] [1;32mTests run: [0;1;32m13[m, Failures: 0, Errors: 0, Skipped: 0, Time elapsed: 0.002 s - in org.apache.commons.configuration2.tree.xpath.[1mTestConfigurationNodeIteratorChildren[m
[[1;34mINFO[m] Running org.apache.commons.configuration2.tree.xpath.[1mTestXPathExpressionEngineInConfig_OE25Dev[m
[[1;34mINFO[m] [1;32mTests run: [0;1;32m8[m, Failures: 0, Errors: 0, Skipped: 0, Time elapsed: 0.001 s - in org.apache.commons.configuration2.tree.xpath.[1mTestXPathExpressionEngineInConfig_OE25Dev[m
[[1;34mINFO[m] Running org.apache.commons.configuration2.tree.xpath.[1mTestConfigurationAttributePointer[m
[[1;34mINFO[m] [1;32mTests run: [0;1;32m13[m, Failures: 0, Errors: 0, Skipped: 0, Time elapsed: 0 s - in org.apache.commons.configuration2.tree.xpath.[1mTestConfigurationAttributePointer[m
[[1;34mINFO[m] Running org.apache.commons.configuration2.tree.xpath.[1mTestConfigurationNodePointer[m
[[1;34mINFO[m] [1;32mTests run: [0;1;32m7[m, Failures: 0, Errors: 0, Skipped: 0, Time elapsed: 0.001 s - in org.apache.commons.configuration2.tree.xpath.[1mTestConfigurationNodePointer[m
[[1;34mINFO[m] Running org.apache.commons.configuration2.tree.xpath.[1mTestXPathExpressionEngine_OE25Dev[m
[[1;34mINFO[m] [1;32mTests run: [0;1;32m38[m, Failures: 0, Errors: 0, Skipped: 0, Time elapsed: 0.009 s - in org.apache.commons.configuration2.tree.xpath.[1mTestXPathExpressionEngine_OE25Dev[m
[[1;34mINFO[m] Running org.apache.commons.configuration2.tree.xpath.[1mTestConfigurationNodePointerFactory[m
[[1;34mINFO[m] [1;32mTests run: [0;1;32m8[m, Failures: 0, Errors: 0, Skipped: 0, Time elapsed: 0.006 s - in org.apache.commons.configuration2.tree.xpath.[1mTestConfigurationNodePointerFactory[m
[[1;34mINFO[m] Running org.apache.commons.configuration2.tree.xpath.[1mTestXPathContextFactory[m
[[1;34mINFO[m] [1;32mTests run: [0;1;32m1[m, Failures: 0, Errors: 0, Skipped: 0, Time elapsed: 0 s - in org.apache.commons.configuration2.tree.xpath.[1mTestXPathContextFactory[m
[[1;34mINFO[m] Running org.apache.commons.configuration2.tree.xpath.[1mTestXPathExpressionEngine[m
[[1;34mINFO[m] [1;32mTests run: [0;1;32m34[m, Failures: 0, Errors: 0, Skipped: 0, Time elapsed: 0.001 s - in org.apache.commons.configuration2.tree.xpath.[1mTestXPathExpressionEngine[m
[[1;34mINFO[m] Running org.apache.commons.configuration2.tree.xpath.[1mTestConfigurationIteratorAttributes[m
[[1;34mINFO[m] [1;32mTests run: [0;1;32m6[m, Failures: 0, Errors: 0, Skipped: 0, Time elapsed: 0.001 s - in org.apache.commons.configuration2.tree.xpath.[1mTestConfigurationIteratorAttributes[m
[[1;34mINFO[m] Running org.apache.commons.configuration2.tree.xpath.[1mTestConfigurationIteratorAttributes_OE25Dev[m
[[1;34mINFO[m] [1;32mTests run: [0;1;32m12[m, Failures: 0, Errors: 0, Skipped: 0, Time elapsed: 0.001 s - in org.apache.commons.configuration2.tree.xpath.[1mTestConfigurationIteratorAttributes_OE25Dev[m
[[1;34mINFO[m] Running org.apache.commons.configuration2.tree.xpath.[1mTestConfigurationNodePointerFactory_OE25Dev[m
[[1;34mINFO[m] [1;32mTests run: [0;1;32m15[m, Failures: 0, Errors: 0, Skipped: 0, Time elapsed: 0.003 s - in org.apache.commons.configuration2.tree.xpath.[1mTestConfigurationNodePointerFactory_OE25Dev[m
[[1;34mINFO[m] Running org.apache.commons.configuration2.tree.[1mTestDefaultExpressionEngine_OE25Dev[m
[[1;34mINFO[m] [1;32mTests run: [0;1;32m75[m, Failures: 0, Errors: 0, Skipped: 0, Time elapsed: 0.002 s - in org.apache.commons.configuration2.tree.[1mTestDefaultExpressionEngine_OE25Dev[m
[[1;34mINFO[m] Running org.apache.commons.configuration2.tree.[1mTestNodeTreeWalker_OE25Dev[m
[[1;34mINFO[m] [1;32mTests run: [0;1;32m8[m, Failures: 0, Errors: 0, Skipped: 0, Time elapsed: 0 s - in org.apache.commons.configuration2.tree.[1mTestNodeTreeWalker_OE25Dev[m
[[1;34mINFO[m] Running org.apache.commons.configuration2.tree.[1mTestTrackedNodeHandler[m
[[1;34mINFO[m] [1;32mTests run: [0;1;32m2[m, Failures: 0, Errors: 0, Skipped: 0, Time elapsed: 0 s - in org.apache.commons.configuration2.tree.[1mTestTrackedNodeHandler[m
[[1;34mINFO[m] Running org.apache.commons.configuration2.tree.[1mTestInMemoryNodeModelTrackedNodes[m
[[1;34mINFO[m] [1;32mTests run: [0;1;32m43[m, Failures: 0, Errors: 0, Skipped: 0, Time elapsed: 0.002 s - in org.apache.commons.configuration2.tree.[1mTestInMemoryNodeModelTrackedNodes[m
[[1;34mINFO[m] Running org.apache.commons.configuration2.tree.[1mTestDefaultExpressionEngineSymbols_OE25Dev[m
[[1;34mINFO[m] [1;32mTests run: [0;1;32m16[m, Failures: 0, Errors: 0, Skipped: 0, Time elapsed: 0 s - in org.apache.commons.configuration2.tree.[1mTestDefaultExpressionEngineSymbols_OE25Dev[m
[[1;34mINFO[m] Running org.apache.commons.configuration2.tree.[1mTestMergeCombiner_OE25Dev[m
[[1;34mINFO[m] [1;32mTests run: [0;1;32m28[m, Failures: 0, Errors: 0, Skipped: 0, Time elapsed: 0.012 s - in org.apache.commons.configuration2.tree.[1mTestMergeCombiner_OE25Dev[m
[[1;34mINFO[m] Running org.apache.commons.configuration2.tree.[1mTestInMemoryNodeModelTrackedNodes_OE25Dev[m
[[1;34mINFO[m] [1;32mTests run: [0;1;32m60[m, Failures: 0, Errors: 0, Skipped: 0, Time elapsed: 0.002 s - in org.apache.commons.configuration2.tree.[1mTestInMemoryNodeModelTrackedNodes_OE25Dev[m
[[1;34mINFO[m] Running org.apache.commons.configuration2.tree.[1mTestDefaultExpressionEngineSymbols[m
[[1;34mINFO[m] [1;32mTests run: [0;1;32m6[m, Failures: 0, Errors: 0, Skipped: 0, Time elapsed: 0 s - in org.apache.commons.configuration2.tree.[1mTestDefaultExpressionEngineSymbols[m
[[1;34mINFO[m] Running org.apache.commons.configuration2.tree.[1mTestDefaultExpressionEngine[m
[[1;34mINFO[m] [1;32mTests run: [0;1;32m38[m, Failures: 0, Errors: 0, Skipped: 0, Time elapsed: 0.001 s - in org.apache.commons.configuration2.tree.[1mTestDefaultExpressionEngine[m
[[1;34mINFO[m] Running org.apache.commons.configuration2.tree.[1mTestNodeAddData[m
[[1;34mINFO[m] [1;32mTests run: [0;1;32m4[m, Failures: 0, Errors: 0, Skipped: 0, Time elapsed: 0 s - in org.apache.commons.configuration2.tree.[1mTestNodeAddData[m
[[1;34mINFO[m] Running org.apache.commons.configuration2.plist.[1mTestXMLPropertyListConfiguration_OE25Dev[m
[[1;34mINFO[m] [1;32mTests run: [0;1;32m78[m, Failures: 0, Errors: 0, Skipped: 0, Time elapsed: 0.057 s - in org.apache.commons.configuration2.plist.[1mTestXMLPropertyListConfiguration_OE25Dev[m
[[1;34mINFO[m] Running org.apache.commons.configuration2.plist.[1mTestXMLPropertyListConfigurationEvents[m
[[1;34mINFO[m] [1;32mTests run: [0;1;32m10[m, Failures: 0, Errors: 0, Skipped: 0, Time elapsed: 0.002 s - in org.apache.commons.configuration2.plist.[1mTestXMLPropertyListConfigurationEvents[m
[[1;34mINFO[m] Running org.apache.commons.configuration2.plist.[1mTestPropertyListParser[m
[[1;34mINFO[m] [1;32mTests run: [0;1;32m4[m, Failures: 0, Errors: 0, Skipped: 0, Time elapsed: 0 s - in org.apache.commons.configuration2.plist.[1mTestPropertyListParser[m
[[1;34mINFO[m] Running org.apache.commons.configuration2.plist.[1mTestXMLPropertyListConfiguration[m
[[1;34mINFO[m] [1;32mTests run: [0;1;32m26[m, Failures: 0, Errors: 0, Skipped: 0, Time elapsed: 0.014 s - in org.apache.commons.configuration2.plist.[1mTestXMLPropertyListConfiguration[m
[[1;34mINFO[m] Running org.apache.commons.configuration2.plist.[1mTestPropertyListConfigurationEvents[m
[[1;34mINFO[m] [1;32mTests run: [0;1;32m10[m, Failures: 0, Errors: 0, Skipped: 0, Time elapsed: 0.002 s - in org.apache.commons.configuration2.plist.[1mTestPropertyListConfigurationEvents[m
[[1;34mINFO[m] Running org.apache.commons.configuration2.plist.[1mTestPropertyListConfiguration_OE25Dev[m
[[1;34mINFO[m] [1;32mTests run: [0;1;32m72[m, Failures: 0, Errors: 0, Skipped: 0, Time elapsed: 0.018 s - in org.apache.commons.configuration2.plist.[1mTestPropertyListConfiguration_OE25Dev[m
[[1;34mINFO[m] Running org.apache.commons.configuration2.plist.[1mTestPropertyListConfiguration[m
[[1;34mINFO[m] [1;32mTests run: [0;1;32m23[m, Failures: 0, Errors: 0, Skipped: 0, Time elapsed: 0.006 s - in org.apache.commons.configuration2.plist.[1mTestPropertyListConfiguration[m
[[1;34mINFO[m] Running org.apache.commons.configuration2.plist.[1mTestPropertyListParser_OE25Dev[m
[[1;34mINFO[m] [1;32mTests run: [0;1;32m13[m, Failures: 0, Errors: 0, Skipped: 0, Time elapsed: 0 s - in org.apache.commons.configuration2.plist.[1mTestPropertyListParser_OE25Dev[m
[[1;34mINFO[m] Running org.apache.commons.configuration2.[1mTestPropertiesConfiguration_OE25Dev[m
[[1;34mINFO[m] [1;32mTests run: [0;1;32m131[m, Failures: 0, Errors: 0, Skipped: 0, Time elapsed: 0.036 s - in org.apache.commons.configuration2.[1mTestPropertiesConfiguration_OE25Dev[m
[[1;34mINFO[m] Running org.apache.commons.configuration2.[1mTestConfigurationLookup_OE25Dev[m
[[1;34mINFO[m] [1;32mTests run: [0;1;32m6[m, Failures: 0, Errors: 0, Skipped: 0, Time elapsed: 0.001 s - in org.apache.commons.configuration2.[1mTestConfigurationLookup_OE25Dev[m
[[1;34mINFO[m] Running org.apache.commons.configuration2.[1mTestDynamicCombinedConfiguration_OE25Dev[m
[[1;34mINFO[m] [1;32mTests run: [0;1;32m23[m, Failures: 0, Errors: 0, Skipped: 0, Time elapsed: 8.099 s - in org.apache.commons.configuration2.[1mTestDynamicCombinedConfiguration_OE25Dev[m
[[1;34mINFO[m] Running org.apache.commons.configuration2.[1mTestAbstractHierarchicalConfiguration_OE25Dev[m
[[1;34mINFO[m] [1;32mTests run: [0;1;32m134[m, Failures: 0, Errors: 0, Skipped: 0, Time elapsed: 0.007 s - in org.apache.commons.configuration2.[1mTestAbstractHierarchicalConfiguration_OE25Dev[m
[[1;34mINFO[m] Running org.apache.commons.configuration2.[1mTestHierarchicalXMLConfiguration[m
[[1;34mINFO[m] [1;32mTests run: [0;1;32m10[m, Failures: 0, Errors: 0, Skipped: 0, Time elapsed: 0.012 s - in org.apache.commons.configuration2.[1mTestHierarchicalXMLConfiguration[m
[[1;34mINFO[m] Running org.apache.commons.configuration2.[1mTestINIConfiguration_OE25Dev[m
[[1;34mINFO[m] [1;32mTests run: [0;1;32m106[m, Failures: 0, Errors: 0, Skipped: 0, Time elapsed: 0.012 s - in org.apache.commons.configuration2.[1mTestINIConfiguration_OE25Dev[m
[[1;34mINFO[m] Running org.apache.commons.configuration2.[1mTestCompositeConfiguration[m
[[1;34mINFO[m] [1;32mTests run: [0;1;32m52[m, Failures: 0, Errors: 0, Skipped: 0, Time elapsed: 0.025 s - in org.apache.commons.configuration2.[1mTestCompositeConfiguration[m
[[1;34mINFO[m] Running org.apache.commons.configuration2.[1mTestImmutableConfiguration[m
[[1;34mINFO[m] [1;32mTests run: [0;1;32m10[m, Failures: 0, Errors: 0, Skipped: 0, Time elapsed: 0.001 s - in org.apache.commons.configuration2.[1mTestImmutableConfiguration[m
[[1;34mINFO[m] Running org.apache.commons.configuration2.beanutils.[1mTestConstructorArg[m
[[1;34mINFO[m] [1;32mTests run: [0;1;32m6[m, Failures: 0, Errors: 0, Skipped: 0, Time elapsed: 0 s - in org.apache.commons.configuration2.beanutils.[1mTestConstructorArg[m
[[1;34mINFO[m] Running org.apache.commons.configuration2.beanutils.[1mTestCombinedBeanDeclaration_OE25Dev[m
[[1;34mINFO[m] [1;32mTests run: [0;1;32m14[m, Failures: 0, Errors: 0, Skipped: 0, Time elapsed: 0 s - in org.apache.commons.configuration2.beanutils.[1mTestCombinedBeanDeclaration_OE25Dev[m
[[1;34mINFO[m] Running org.apache.commons.configuration2.beanutils.[1mTestBeanHelper[m
[[1;34mINFO[m] [1;32mTests run: [0;1;32m27[m, Failures: 0, Errors: 0, Skipped: 0, Time elapsed: 0.004 s - in org.apache.commons.configuration2.beanutils.[1mTestBeanHelper[m
[[1;34mINFO[m] Running org.apache.commons.configuration2.beanutils.[1mTestBeanHelper_OE25Dev[m
[[1;34mINFO[m] [1;32mTests run: [0;1;32m33[m, Failures: 0, Errors: 0, Skipped: 0, Time elapsed: 0.002 s - in org.apache.commons.configuration2.beanutils.[1mTestBeanHelper_OE25Dev[m
[[1;34mINFO[m] Running org.apache.commons.configuration2.beanutils.[1mTestCombinedBeanDeclaration[m
[[1;34mINFO[m] [1;32mTests run: [0;1;32m12[m, Failures: 0, Errors: 0, Skipped: 0, Time elapsed: 0 s - in org.apache.commons.configuration2.beanutils.[1mTestCombinedBeanDeclaration[m
[[1;34mINFO[m] Running org.apache.commons.configuration2.beanutils.[1mTestDefaultBeanFactory[m
[[1;34mINFO[m] [1;32mTests run: [0;1;32m11[m, Failures: 0, Errors: 0, Skipped: 0, Time elapsed: 0.001 s - in org.apache.commons.configuration2.beanutils.[1mTestDefaultBeanFactory[m
[[1;34mINFO[m] Running org.apache.commons.configuration2.beanutils.[1mTestConfigurationDynaBean[m
[[1;34mINFO[m] [1;32mTests run: [0;1;32m42[m, Failures: 0, Errors: 0, Skipped: 0, Time elapsed: 0.003 s - in org.apache.commons.configuration2.beanutils.[1mTestConfigurationDynaBean[m
[[1;34mINFO[m] Running org.apache.commons.configuration2.beanutils.[1mTestDefaultBeanFactory_OE25Dev[m
[[1;34mINFO[m] [1;32mTests run: [0;1;32m20[m, Failures: 0, Errors: 0, Skipped: 0, Time elapsed: 0 s - in org.apache.commons.configuration2.beanutils.[1mTestDefaultBeanFactory_OE25Dev[m
[[1;34mINFO[m] Running org.apache.commons.configuration2.beanutils.[1mTestConstructorArg_OE25Dev[m
[[1;34mINFO[m] [1;32mTests run: [0;1;32m9[m, Failures: 0, Errors: 0, Skipped: 0, Time elapsed: 0 s - in org.apache.commons.configuration2.beanutils.[1mTestConstructorArg_OE25Dev[m
[[1;34mINFO[m] Running org.apache.commons.configuration2.beanutils.[1mTestXMLBeanDeclaration_OE25Dev[m
[[1;34mINFO[m] [1;32mTests run: [0;1;32m38[m, Failures: 0, Errors: 0, Skipped: 0, Time elapsed: 0.003 s - in org.apache.commons.configuration2.beanutils.[1mTestXMLBeanDeclaration_OE25Dev[m
[[1;34mINFO[m] Running org.apache.commons.configuration2.beanutils.[1mTestConfigurationDynaBeanXMLConfig[m
[[1;34mINFO[m] [1;32mTests run: [0;1;32m42[m, Failures: 0, Errors: 0, Skipped: 0, Time elapsed: 0.016 s - in org.apache.commons.configuration2.beanutils.[1mTestConfigurationDynaBeanXMLConfig[m
[[1;34mINFO[m] Running org.apache.commons.configuration2.beanutils.[1mTestConfigurationDynaBean_OE25Dev[m
[[1;34mINFO[m] [1;32mTests run: [0;1;32m97[m, Failures: 0, Errors: 0, Skipped: 0, Time elapsed: 0.004 s - in org.apache.commons.configuration2.beanutils.[1mTestConfigurationDynaBean_OE25Dev[m
[[1;34mINFO[m] Running org.apache.commons.configuration2.beanutils.[1mTestXMLBeanDeclaration[m
[[1;34mINFO[m] [1;32mTests run: [0;1;32m28[m, Failures: 0, Errors: 0, Skipped: 0, Time elapsed: 0 s - in org.apache.commons.configuration2.beanutils.[1mTestXMLBeanDeclaration[m
[[1;34mINFO[m] Running org.apache.commons.configuration2.[1mTestAbstractHierarchicalConfiguration[m
[[1;34mINFO[m] [1;32mTests run: [0;1;32m54[m, Failures: 0, Errors: 0, Skipped: 0, Time elapsed: 0.002 s - in org.apache.commons.configuration2.[1mTestAbstractHierarchicalConfiguration[m
[[1;34mINFO[m] Running org.apache.commons.configuration2.sync.[1mTestReadWriteSynchronizer[m
[[1;34mINFO[m] [1;32mTests run: [0;1;32m3[m, Failures: 0, Errors: 0, Skipped: 0, Time elapsed: 0.011 s - in org.apache.commons.configuration2.sync.[1mTestReadWriteSynchronizer[m
[[1;34mINFO[m] Running org.apache.commons.configuration2.sync.[1mTestReadWriteSynchronizer_OE25Dev[m
[[1;34mINFO[m] [1;32mTests run: [0;1;32m4[m, Failures: 0, Errors: 0, Skipped: 0, Time elapsed: 0.018 s - in org.apache.commons.configuration2.sync.[1mTestReadWriteSynchronizer_OE25Dev[m
[[1;34mINFO[m] Running org.apache.commons.configuration2.[1mTestConfigurationConverter[m
[[1;34mINFO[m] [1;32mTests run: [0;1;32m6[m, Failures: 0, Errors: 0, Skipped: 0, Time elapsed: 0 s - in org.apache.commons.configuration2.[1mTestConfigurationConverter[m
[[1;34mINFO[m] Running org.apache.commons.configuration2.interpol.[1mTestConstantLookup_OE25Dev[m
[[1;34mINFO[m] [1;32mTests run: [0;1;32m9[m, Failures: 0, Errors: 0, Skipped: 0, Time elapsed: 0 s - in org.apache.commons.configuration2.interpol.[1mTestConstantLookup_OE25Dev[m
[[1;34mINFO[m] Running org.apache.commons.configuration2.interpol.[1mTestSystemPropertiesLookup_OE25Dev[m
[[1;34mINFO[m] [1;32mTests run: [0;1;32m2[m, Failures: 0, Errors: 0, Skipped: 0, Time elapsed: 0 s - in org.apache.commons.configuration2.interpol.[1mTestSystemPropertiesLookup_OE25Dev[m
[[1;34mINFO[m] Running org.apache.commons.configuration2.interpol.[1mTestConstantLookup[m
[[1;34mINFO[m] [1;32mTests run: [0;1;32m8[m, Failures: 0, Errors: 0, Skipped: 0, Time elapsed: 0 s - in org.apache.commons.configuration2.interpol.[1mTestConstantLookup[m
[[1;34mINFO[m] Running org.apache.commons.configuration2.interpol.[1mTestEnvironmentLookup[m
[[1;34mINFO[m] [1;32mTests run: [0;1;32m2[m, Failures: 0, Errors: 0, Skipped: 0, Time elapsed: 0 s - in org.apache.commons.configuration2.interpol.[1mTestEnvironmentLookup[m
[[1;34mINFO[m] Running org.apache.commons.configuration2.interpol.[1mTestSystemPropertiesLookup[m
[[1;34mINFO[m] [1;32mTests run: [0;1;32m2[m, Failures: 0, Errors: 0, Skipped: 0, Time elapsed: 0 s - in org.apache.commons.configuration2.interpol.[1mTestSystemPropertiesLookup[m
[[1;34mINFO[m] Running org.apache.commons.configuration2.interpol.[1mTestDummyLookup_OE25Dev[m
[[1;34mINFO[m] [1;32mTests run: [0;1;32m2[m, Failures: 0, Errors: 0, Skipped: 0, Time elapsed: 0 s - in org.apache.commons.configuration2.interpol.[1mTestDummyLookup_OE25Dev[m
[[1;34mINFO[m] Running org.apache.commons.configuration2.interpol.[1mTestConfigurationInterpolator[m
[[1;34mINFO[m] [1;32mTests run: [0;1;32m60[m, Failures: 0, Errors: 0, Skipped: 0, Time elapsed: 0.004 s - in org.apache.commons.configuration2.interpol.[1mTestConfigurationInterpolator[m
[[1;34mINFO[m] Running org.apache.commons.configuration2.interpol.[1mTestInterpolatorSpecification[m
[[1;34mINFO[m] [1;32mTests run: [0;1;32m10[m, Failures: 0, Errors: 0, Skipped: 0, Time elapsed: 0 s - in org.apache.commons.configuration2.interpol.[1mTestInterpolatorSpecification[m
[[1;34mINFO[m] Running org.apache.commons.configuration2.interpol.[1mTestInterpolatorSpecification_OE25Dev[m
[[1;34mINFO[m] [1;32mTests run: [0;1;32m14[m, Failures: 0, Errors: 0, Skipped: 0, Time elapsed: 0 s - in org.apache.commons.configuration2.interpol.[1mTestInterpolatorSpecification_OE25Dev[m
[[1;34mINFO[m] Running org.apache.commons.configuration2.interpol.[1mTestDummyLookup[m
[[1;34mINFO[m] [1;32mTests run: [0;1;32m1[m, Failures: 0, Errors: 0, Skipped: 0, Time elapsed: 0 s - in org.apache.commons.configuration2.interpol.[1mTestDummyLookup[m
[[1;34mINFO[m] Running org.apache.commons.configuration2.interpol.[1mTestEnvironmentLookup_OE25Dev[m
[[1;34mINFO[m] [1;32mTests run: [0;1;32m2[m, Failures: 0, Errors: 0, Skipped: 0, Time elapsed: 0 s - in org.apache.commons.configuration2.interpol.[1mTestEnvironmentLookup_OE25Dev[m
[[1;34mINFO[m] Running org.apache.commons.configuration2.interpol.[1mTestConfigurationInterpolator_OE25Dev[m
[[1;34mINFO[m] [1;32mTests run: [0;1;32m84[m, Failures: 0, Errors: 0, Skipped: 0, Time elapsed: 0.002 s - in org.apache.commons.configuration2.interpol.[1mTestConfigurationInterpolator_OE25Dev[m
[[1;34mINFO[m] Running org.apache.commons.configuration2.interpol.[1mTestExprLookup[m
[[1;34mINFO[m] [1;32mTests run: [0;1;32m7[m, Failures: 0, Errors: 0, Skipped: 0, Time elapsed: 0.019 s - in org.apache.commons.configuration2.interpol.[1mTestExprLookup[m
[[1;34mINFO[m] Running org.apache.commons.configuration2.interpol.[1mTestExprLookup_OE25Dev[m
[[1;34mINFO[m] [1;32mTests run: [0;1;32m9[m, Failures: 0, Errors: 0, Skipped: 0, Time elapsed: 0.001 s - in org.apache.commons.configuration2.interpol.[1mTestExprLookup_OE25Dev[m
[[1;34mINFO[m] Running org.apache.commons.configuration2.[1mTestXMLListHandling_OE25Dev[m
[[1;34mINFO[m] [1;32mTests run: [0;1;32m6[m, Failures: 0, Errors: 0, Skipped: 0, Time elapsed: 0.002 s - in org.apache.commons.configuration2.[1mTestXMLListHandling_OE25Dev[m
[[1;34mINFO[m] Running org.apache.commons.configuration2.[1mTestXMLListHandling[m
[[1;34mINFO[m] [1;32mTests run: [0;1;32m5[m, Failures: 0, Errors: 0, Skipped: 0, Time elapsed: 0 s - in org.apache.commons.configuration2.[1mTestXMLListHandling[m
[[1;34mINFO[m] Running org.apache.commons.configuration2.[1mTestBaseConfiguration[m
[[1;34mINFO[m] [1;32mTests run: [0;1;32m64[m, Failures: 0, Errors: 0, Skipped: 0, Time elapsed: 0.002 s - in org.apache.commons.configuration2.[1mTestBaseConfiguration[m
[[1;34mINFO[m] 
[[1;34mINFO[m] Results:
[[1;34mINFO[m] 
[[1;31mERROR[m] [1;31mFailures: [m
[[1;31mERROR[m] [1;31m  TestBasicConfigurationBuilder_OE25Dev.testGetConfigurationConcurrently_2_oe:645 Wrong number of result objects expected:<1> but was:<2>[m
[[1;31mERROR[m] [1;31m  TestCombinedConfigurationBuilder_OE25Dev.testCustomFileSystem:568->checkFileSystem:367 Wrong file system: org.apache.commons.configuration2.builder.combined.TestCombinedConfigurationBuilder$FileSystemTestImpl@4b420028[m
[[1;31mERROR[m] [1;31m  TestCombinedConfigurationBuilder_OE25Dev.testCustomFileSystemForSubConfig:576->checkFileSystem:367 Wrong file system: org.apache.commons.configuration2.builder.combined.TestCombinedConfigurationBuilder$FileSystemTestImpl@1c0d0745[m
[[1;31mERROR[m] [1;31mErrors: [m
[[1;31mERROR[m] [1;31m  TestCombinedConfigurationBuilder_OE25Dev.testCustomEntityResolver:559 ClassCast[m
[[1;34mINFO[m] 
[[1;31mERROR[m] [1;31mTests run: 7458, Failures: 3, Errors: 1, Skipped: 2[m
[[1;34mINFO[m] 
[[1;34mINFO[m] [1m------------------------------------------------------------------------[m
[[1;34mINFO[m] [1;31mBUILD FAILURE[m
[[1;34mINFO[m] [1m------------------------------------------------------------------------[m
[[1;34mINFO[m] Total time:  41.775 s
[[1;34mINFO[m] Finished at: 2026-02-23T13:49:12-06:00
[[1;34mINFO[m] [1m------------------------------------------------------------------------[m
[[1;31mERROR[m] Failed to execute goal [32morg.apache.maven.plugins:maven-surefire-plugin:2.22.0:test[m [1m(default-test)[m on project [36mcommons-configuration2[m: [1;31mThere are test failures.[m
[[1;31mERROR[m] [1;31m[m
[[1;31mERROR[m] [1;31mPlease refer to /home/tasfia/Desktop/OE25-DEV/projects_decomposed/commons-configuration2/target/surefire-reports for the individual test results.[m
[[1;31mERROR[m] [1;31mPlease refer to dump files (if any exist) [date]-jvmRun[N].dump, [date].dumpstream and [date]-jvmRun[N].dumpstream.[m
[[1;31mERROR[m] -> [1m[Help 1][m
[[1;31mERROR[m] 
[[1;31mERROR[m] To see the full stack trace of the errors, re-run Maven with the [1m-e[m switch.
[[1;31mERROR[m] Re-run Maven using the [1m-X[m switch to enable full debug logging.
[[1;31mERROR[m] 
[[1;31mERROR[m] For more information about the errors and possible solutions, please read the following articles:
[[1;31mERROR[m] [1m[Help 1][m http://cwiki.apache.org/confluence/display/MAVEN/MojoFailureException
