[INFO] Scanning for projects...
[WARNING] 
[WARNING] Some problems were encountered while building the effective model for org.apache.commons:commons-configuration2:jar:2.8.0
[WARNING] 'dependencies.dependency.(groupId:artifactId:type:classifier)' must be unique: junit:junit:jar -> version 4.12 vs 4.13.2 @ line 463, column 17
[WARNING] 'build.plugins.plugin.(groupId:artifactId)' must be unique but found duplicate declaration of plugin org.apache.maven.plugins:maven-surefire-plugin @ line 721, column 15
[WARNING] 
[WARNING] It is highly recommended to fix these problems because they threaten the stability of your build.
[WARNING] 
[WARNING] For this reason, future Maven versions might no longer support building such malformed projects.
[WARNING] 
[INFO] 
[INFO] -------------< org.apache.commons:commons-configuration2 >--------------
[INFO] Building Apache Commons Configuration 2.8.0
[INFO] --------------------------------[ jar ]---------------------------------
[WARNING] The artifact org.slf4j:slf4j-log4j12:jar:1.7.36 has been relocated to org.slf4j:slf4j-reload4j:jar:1.7.36
[INFO] 
[INFO] --- maven-enforcer-plugin:3.0.0:enforce (enforce-maven-version) @ commons-configuration2 ---
[INFO] 
[INFO] --- maven-enforcer-plugin:3.0.0:enforce (enforce-java-version) @ commons-configuration2 ---
[INFO] 
[INFO] --- maven-enforcer-plugin:3.0.0:enforce (enforce-output-timestamp-property) @ commons-configuration2 ---
[INFO] 
[INFO] --- maven-enforcer-plugin:3.0.0:enforce (enforce-maven-3) @ commons-configuration2 ---
[INFO] 
[INFO] --- apache-rat-plugin:0.13:check (rat-check) @ commons-configuration2 ---
[INFO] RAT will not execute since it is configured to be skipped via system property 'rat.skip'.
[INFO] 
[INFO] --- build-helper-maven-plugin:3.2.0:parse-version (parse-version) @ commons-configuration2 ---
[INFO] 
[INFO] --- maven-antrun-plugin:3.0.0:run (javadoc.resources) @ commons-configuration2 ---
[INFO] Executing tasks
[INFO]      [copy] Copying 2 files to /home/tasfia/Desktop/OE25-DEV/projects_decomposed/commons-configuration2-2.8.0-src/target/apidocs/META-INF
[INFO] Executed tasks
[INFO] 
[INFO] --- javacc-maven-plugin:2.6:javacc (javacc) @ commons-configuration2 ---
Java Compiler Compiler Version 5.0 (Parser Generator)
(type "javacc" with no arguments for help)
Reading from file /home/tasfia/Desktop/OE25-DEV/projects_decomposed/commons-configuration2-2.8.0-src/src/main/javacc/PropertyListParser.jj . . .
File "TokenMgrError.java" does not exist.  Will create one.
File "ParseException.java" does not exist.  Will create one.
File "Token.java" does not exist.  Will create one.
File "SimpleCharStream.java" does not exist.  Will create one.
Parser generated successfully.
[INFO] Processed 1 grammar
[INFO] 
[INFO] --- maven-remote-resources-plugin:1.7.0:process (process-resource-bundles) @ commons-configuration2 ---
[INFO] Skipping remote resources execution.
[INFO] 
[INFO] --- buildnumber-maven-plugin:3.0.0:create (default) @ commons-configuration2 ---
[INFO] Executing: /bin/sh -c cd '/home/tasfia/Desktop/OE25-DEV/projects_decomposed/commons-configuration2-2.8.0-src' && 'git' 'rev-parse' '--verify' 'HEAD'
[INFO] Working directory: /home/tasfia/Desktop/OE25-DEV/projects_decomposed/commons-configuration2-2.8.0-src
[INFO] Storing buildNumber: null at timestamp: 1768895857583
[INFO] Storing buildScmBranch: main
[INFO] 
[INFO] --- maven-resources-plugin:3.2.0:resources (default-resources) @ commons-configuration2 ---
[INFO] Using 'iso-8859-1' encoding to copy filtered resources.
[INFO] Using 'iso-8859-1' encoding to copy filtered properties files.
[INFO] Copying 2 resources
[INFO] Copying 2 resources to META-INF
[INFO] 
[INFO] --- maven-compiler-plugin:3.10.1:compile (default-compile) @ commons-configuration2 ---
[INFO] Changes detected - recompiling the module!
[INFO] Compiling 268 source files to /home/tasfia/Desktop/OE25-DEV/projects_decomposed/commons-configuration2-2.8.0-src/target/classes
[INFO] /home/tasfia/Desktop/OE25-DEV/projects_decomposed/commons-configuration2-2.8.0-src/src/main/java/org/apache/commons/configuration2/AbstractConfiguration.java: Some input files use or override a deprecated API.
[INFO] /home/tasfia/Desktop/OE25-DEV/projects_decomposed/commons-configuration2-2.8.0-src/src/main/java/org/apache/commons/configuration2/AbstractConfiguration.java: Recompile with -Xlint:deprecation for details.
[INFO] /home/tasfia/Desktop/OE25-DEV/projects_decomposed/commons-configuration2-2.8.0-src/src/main/java/org/apache/commons/configuration2/web/AppletConfiguration.java: /home/tasfia/Desktop/OE25-DEV/projects_decomposed/commons-configuration2-2.8.0-src/src/main/java/org/apache/commons/configuration2/web/AppletConfiguration.java uses or overrides a deprecated API that is marked for removal.
[INFO] /home/tasfia/Desktop/OE25-DEV/projects_decomposed/commons-configuration2-2.8.0-src/src/main/java/org/apache/commons/configuration2/web/AppletConfiguration.java: Recompile with -Xlint:removal for details.
[INFO] /home/tasfia/Desktop/OE25-DEV/projects_decomposed/commons-configuration2-2.8.0-src/src/main/java/org/apache/commons/configuration2/builder/PropertiesBuilderProperties.java: Some input files use unchecked or unsafe operations.
[INFO] /home/tasfia/Desktop/OE25-DEV/projects_decomposed/commons-configuration2-2.8.0-src/src/main/java/org/apache/commons/configuration2/builder/PropertiesBuilderProperties.java: Recompile with -Xlint:unchecked for details.
[INFO] 
[INFO] --- maven-bundle-plugin:5.1.4:manifest (bundle-manifest) @ commons-configuration2 ---
[INFO] Writing manifest: /home/tasfia/Desktop/OE25-DEV/projects_decomposed/commons-configuration2-2.8.0-src/target/osgi/MANIFEST.MF
[INFO] 
[INFO] --- maven-resources-plugin:3.2.0:testResources (default-testResources) @ commons-configuration2 ---
[INFO] Using 'iso-8859-1' encoding to copy filtered resources.
[INFO] Using 'iso-8859-1' encoding to copy filtered properties files.
[INFO] Copying 133 resources
[INFO] Copying 2 resources
[INFO] Copying 2 resources to META-INF
[INFO] 
[INFO] --- maven-compiler-plugin:3.10.1:testCompile (default-testCompile) @ commons-configuration2 ---
[INFO] Changes detected - recompiling the module!
[INFO] Compiling 352 source files to /home/tasfia/Desktop/OE25-DEV/projects_decomposed/commons-configuration2-2.8.0-src/target/test-classes
[INFO] /home/tasfia/Desktop/OE25-DEV/projects_decomposed/commons-configuration2-2.8.0-src/src/test/java/org/apache/commons/configuration2/TestINIConfiguration.java: Some input files use or override a deprecated API.
[INFO] /home/tasfia/Desktop/OE25-DEV/projects_decomposed/commons-configuration2-2.8.0-src/src/test/java/org/apache/commons/configuration2/TestINIConfiguration.java: Recompile with -Xlint:deprecation for details.
[INFO] /home/tasfia/Desktop/OE25-DEV/projects_decomposed/commons-configuration2-2.8.0-src/src/test/java/org/apache/commons/configuration2/web/TestAppletConfiguration.java: /home/tasfia/Desktop/OE25-DEV/projects_decomposed/commons-configuration2-2.8.0-src/src/test/java/org/apache/commons/configuration2/web/TestAppletConfiguration.java uses or overrides a deprecated API that is marked for removal.
[INFO] /home/tasfia/Desktop/OE25-DEV/projects_decomposed/commons-configuration2-2.8.0-src/src/test/java/org/apache/commons/configuration2/web/TestAppletConfiguration.java: Recompile with -Xlint:removal for details.
[INFO] /home/tasfia/Desktop/OE25-DEV/projects_decomposed/commons-configuration2-2.8.0-src/src/test/java/org/apache/commons/configuration2/builder/combined/TestCombinedConfigurationBuilder.java: Some input files use unchecked or unsafe operations.
[INFO] /home/tasfia/Desktop/OE25-DEV/projects_decomposed/commons-configuration2-2.8.0-src/src/test/java/org/apache/commons/configuration2/builder/combined/TestCombinedConfigurationBuilder.java: Recompile with -Xlint:unchecked for details.
[INFO] 
[INFO] --- animal-sniffer-maven-plugin:1.20:check (checkAPIcompatibility) @ commons-configuration2 ---
[INFO] Checking unresolved references to org.codehaus.mojo.signature:java18:1.0
[INFO] /home/tasfia/Desktop/OE25-DEV/projects_decomposed/commons-configuration2-2.8.0-src/src/main/java/org/apache/commons/configuration2/io/FileUtils.java:88: Covariant return type change detected: java.nio.Buffer java.nio.ByteBuffer.flip() has been changed to java.nio.ByteBuffer java.nio.ByteBuffer.flip()
[INFO] /home/tasfia/Desktop/OE25-DEV/projects_decomposed/commons-configuration2-2.8.0-src/src/main/java/org/apache/commons/configuration2/io/FileUtils.java:90: Covariant return type change detected: java.nio.Buffer java.nio.ByteBuffer.clear() has been changed to java.nio.ByteBuffer java.nio.ByteBuffer.clear()
[INFO] /home/tasfia/Desktop/OE25-DEV/projects_decomposed/commons-configuration2-2.8.0-src/src/main/java/org/apache/commons/configuration2/io/FileUtils.java:88: Covariant return type change detected: java.nio.Buffer java.nio.ByteBuffer.flip() has been changed to java.nio.ByteBuffer java.nio.ByteBuffer.flip()
[INFO] /home/tasfia/Desktop/OE25-DEV/projects_decomposed/commons-configuration2-2.8.0-src/src/main/java/org/apache/commons/configuration2/io/FileUtils.java:90: Covariant return type change detected: java.nio.Buffer java.nio.ByteBuffer.clear() has been changed to java.nio.ByteBuffer java.nio.ByteBuffer.clear()
[INFO] /home/tasfia/Desktop/OE25-DEV/projects_decomposed/commons-configuration2-2.8.0-src/src/main/java/org/apache/commons/configuration2/io/FileUtils.java:88: Covariant return type change detected: java.nio.Buffer java.nio.ByteBuffer.flip() has been changed to java.nio.ByteBuffer java.nio.ByteBuffer.flip()
[INFO] /home/tasfia/Desktop/OE25-DEV/projects_decomposed/commons-configuration2-2.8.0-src/src/main/java/org/apache/commons/configuration2/io/FileUtils.java:90: Covariant return type change detected: java.nio.Buffer java.nio.ByteBuffer.clear() has been changed to java.nio.ByteBuffer java.nio.ByteBuffer.clear()
[INFO] 
[INFO] --- jacoco-maven-plugin:0.8.8:prepare-agent (prepare-agent) @ commons-configuration2 ---
[INFO] argLine set to -javaagent:/home/tasfia/.m2/repository/org/jacoco/org.jacoco.agent/0.8.8/org.jacoco.agent-0.8.8-runtime.jar=destfile=/home/tasfia/Desktop/OE25-DEV/projects_decomposed/commons-configuration2-2.8.0-src/target/jacoco.exec
[INFO] 
[INFO] --- maven-surefire-plugin:2.22.0:test (default-test) @ commons-configuration2 ---
[INFO] 
[INFO] -------------------------------------------------------
[INFO]  T E S T S
[INFO] -------------------------------------------------------
[INFO] Running org.apache.commons.configuration2.TestJNDIEnvironmentValues_OE25Dev
[INFO] Tests run: 16, Failures: 0, Errors: 0, Skipped: 0, Time elapsed: 0.269 s - in org.apache.commons.configuration2.TestJNDIEnvironmentValues_OE25Dev
[INFO] Running org.apache.commons.configuration2.reloading.TestReloadingController_OE25Dev
[ERROR] Tests run: 13, Failures: 2, Errors: 3, Skipped: 0, Time elapsed: 0.03 s <<< FAILURE! - in org.apache.commons.configuration2.reloading.TestReloadingController_OE25Dev
[ERROR] testCheckForReloadingTrue_2_oe(org.apache.commons.configuration2.reloading.TestReloadingController_OE25Dev)  Time elapsed: 0 s  <<< FAILURE!
java.lang.AssertionError: 

  Unexpected method call EventListener.onEvent(ReloadingEvent [ source=org.apache.commons.configuration2.reloading.ReloadingController@61dd025 eventType=EventType [ RELOAD ] ]):
	at org.apache.commons.configuration2.reloading.TestReloadingController_OE25Dev.testCheckForReloadingTrue_2_oe(TestReloadingController_OE25Dev.java:189)

[ERROR] testCheckForReloadingTrue_3_oe(org.apache.commons.configuration2.reloading.TestReloadingController_OE25Dev)  Time elapsed: 0.006 s  <<< FAILURE!
java.lang.AssertionError: Not in reloading state
	at org.apache.commons.configuration2.reloading.TestReloadingController_OE25Dev.testCheckForReloadingTrue_3_oe(TestReloadingController_OE25Dev.java:206)

[ERROR] testCheckForReloadingTrue_4_oe(org.apache.commons.configuration2.reloading.TestReloadingController_OE25Dev)  Time elapsed: 0 s  <<< ERROR!
java.lang.NullPointerException: Cannot invoke "org.apache.commons.configuration2.reloading.ReloadingEvent.getSource()" because the return value of "org.apache.commons.lang3.mutable.MutableObject.getValue()" is null
	at org.apache.commons.configuration2.reloading.TestReloadingController_OE25Dev.testCheckForReloadingTrue_4_oe(TestReloadingController_OE25Dev.java:224)

[ERROR] testCheckForReloadingTrue_5_oe(org.apache.commons.configuration2.reloading.TestReloadingController_OE25Dev)  Time elapsed: 0 s  <<< ERROR!
java.lang.NullPointerException: Cannot invoke "org.apache.commons.configuration2.reloading.ReloadingEvent.getController()" because the return value of "org.apache.commons.lang3.mutable.MutableObject.getValue()" is null
	at org.apache.commons.configuration2.reloading.TestReloadingController_OE25Dev.testCheckForReloadingTrue_5_oe(TestReloadingController_OE25Dev.java:243)

[ERROR] testCheckForReloadingTrue_6_oe(org.apache.commons.configuration2.reloading.TestReloadingController_OE25Dev)  Time elapsed: 0.003 s  <<< ERROR!
java.lang.NullPointerException: Cannot invoke "org.apache.commons.configuration2.reloading.ReloadingEvent.getData()" because the return value of "org.apache.commons.lang3.mutable.MutableObject.getValue()" is null
	at org.apache.commons.configuration2.reloading.TestReloadingController_OE25Dev.testCheckForReloadingTrue_6_oe(TestReloadingController_OE25Dev.java:263)

[INFO] Running org.apache.commons.configuration2.reloading.TestFileHandlerReloadingDetector_OE25Dev
[ERROR] Tests run: 20, Failures: 5, Errors: 0, Skipped: 0, Time elapsed: 0.239 s <<< FAILURE! - in org.apache.commons.configuration2.reloading.TestFileHandlerReloadingDetector_OE25Dev
[ERROR] testReloadingAndReset_2_oe(org.apache.commons.configuration2.reloading.TestFileHandlerReloadingDetector_OE25Dev)  Time elapsed: 0 s  <<< FAILURE!
java.lang.AssertionError: Reloading not detected
	at org.apache.commons.configuration2.reloading.TestFileHandlerReloadingDetector_OE25Dev.testReloadingAndReset_2_oe(TestFileHandlerReloadingDetector_OE25Dev.java:314)

[ERROR] testReloadingAndReset_3_oe(org.apache.commons.configuration2.reloading.TestFileHandlerReloadingDetector_OE25Dev)  Time elapsed: 0 s  <<< FAILURE!
java.lang.AssertionError: Still reloading required
	at org.apache.commons.configuration2.reloading.TestFileHandlerReloadingDetector_OE25Dev.testReloadingAndReset_3_oe(TestFileHandlerReloadingDetector_OE25Dev.java:329)

[ERROR] testRefreshReloadingAndReset_2_oe(org.apache.commons.configuration2.reloading.TestFileHandlerReloadingDetector_OE25Dev)  Time elapsed: 0 s  <<< FAILURE!
java.lang.AssertionError: Reloading not detected
	at org.apache.commons.configuration2.reloading.TestFileHandlerReloadingDetector_OE25Dev.testRefreshReloadingAndReset_2_oe(TestFileHandlerReloadingDetector_OE25Dev.java:256)

[ERROR] testRefreshReloadingAndReset_3_oe(org.apache.commons.configuration2.reloading.TestFileHandlerReloadingDetector_OE25Dev)  Time elapsed: 0 s  <<< FAILURE!
java.lang.AssertionError: Still reloading required
	at org.apache.commons.configuration2.reloading.TestFileHandlerReloadingDetector_OE25Dev.testRefreshReloadingAndReset_3_oe(TestFileHandlerReloadingDetector_OE25Dev.java:272)

[ERROR] testIsReloadingRequiredTrue_2_oe(org.apache.commons.configuration2.reloading.TestFileHandlerReloadingDetector_OE25Dev)  Time elapsed: 0 s  <<< FAILURE!
java.lang.AssertionError: Reloading not detected
	at org.apache.commons.configuration2.reloading.TestFileHandlerReloadingDetector_OE25Dev.testIsReloadingRequiredTrue_2_oe(TestFileHandlerReloadingDetector_OE25Dev.java:188)

[INFO] Running org.apache.commons.configuration2.reloading.TestPeriodicReloadingTrigger_OE25Dev
[INFO] Tests run: 4, Failures: 0, Errors: 0, Skipped: 0, Time elapsed: 0.028 s - in org.apache.commons.configuration2.reloading.TestPeriodicReloadingTrigger_OE25Dev
[INFO] Running org.apache.commons.configuration2.reloading.TestVFSFileHandlerReloadingDetector_OE25Dev
[INFO] Tests run: 6, Failures: 0, Errors: 0, Skipped: 0, Time elapsed: 0.272 s - in org.apache.commons.configuration2.reloading.TestVFSFileHandlerReloadingDetector_OE25Dev
[INFO] Running org.apache.commons.configuration2.reloading.TestCombinedReloadingController_OE25Dev
[INFO] Tests run: 4, Failures: 0, Errors: 0, Skipped: 0, Time elapsed: 0 s - in org.apache.commons.configuration2.reloading.TestCombinedReloadingController_OE25Dev
[INFO] Running org.apache.commons.configuration2.reloading.TestManagedReloadingDetector_OE25Dev
[INFO] Tests run: 4, Failures: 0, Errors: 0, Skipped: 0, Time elapsed: 0.009 s - in org.apache.commons.configuration2.reloading.TestManagedReloadingDetector_OE25Dev
[INFO] Running org.apache.commons.configuration2.TestAbstractConfigurationSynchronization_OE25Dev
[INFO] Tests run: 8, Failures: 0, Errors: 0, Skipped: 0, Time elapsed: 0.115 s - in org.apache.commons.configuration2.TestAbstractConfigurationSynchronization_OE25Dev
[INFO] Running org.apache.commons.configuration2.TestXMLPropertiesConfiguration_OE25Dev
[INFO] Tests run: 20, Failures: 0, Errors: 0, Skipped: 0, Time elapsed: 0.516 s - in org.apache.commons.configuration2.TestXMLPropertiesConfiguration_OE25Dev
[INFO] Running org.apache.commons.configuration2.TestThreesomeConfiguration_OE25Dev
[INFO] Tests run: 3, Failures: 0, Errors: 0, Skipped: 0, Time elapsed: 0.028 s - in org.apache.commons.configuration2.TestThreesomeConfiguration_OE25Dev
[INFO] Running org.apache.commons.configuration2.TestXMLConfiguration_OE25Dev
[INFO] Tests run: 229, Failures: 0, Errors: 0, Skipped: 0, Time elapsed: 3.205 s - in org.apache.commons.configuration2.TestXMLConfiguration_OE25Dev
[INFO] Running org.apache.commons.configuration2.TestDatabaseConfiguration_OE25Dev
[ERROR] Tests run: 49, Failures: 4, Errors: 0, Skipped: 0, Time elapsed: 4.026 s <<< FAILURE! - in org.apache.commons.configuration2.TestDatabaseConfiguration_OE25Dev
[ERROR] testGetKeysMultiple_2_oe(org.apache.commons.configuration2.TestDatabaseConfiguration_OE25Dev)  Time elapsed: 0.066 s  <<< FAILURE!
org.junit.ComparisonFailure: 2nd key expected:<key[2]> but was:<key[1]>
	at org.apache.commons.configuration2.TestDatabaseConfiguration_OE25Dev.testGetKeysMultiple_2_oe(TestDatabaseConfiguration_OE25Dev.java:493)

[ERROR] testContainsKeyError_1_oe(org.apache.commons.configuration2.TestDatabaseConfiguration_OE25Dev)  Time elapsed: 0.099 s  <<< FAILURE!
java.lang.AssertionError: Too many events received
	at org.apache.commons.configuration2.TestDatabaseConfiguration_OE25Dev.tearDown(TestDatabaseConfiguration_OE25Dev.java:151)

[ERROR] testIsEmptyError_1_oe(org.apache.commons.configuration2.TestDatabaseConfiguration_OE25Dev)  Time elapsed: 0.038 s  <<< FAILURE!
java.lang.AssertionError: Too many events received
	at org.apache.commons.configuration2.TestDatabaseConfiguration_OE25Dev.tearDown(TestDatabaseConfiguration_OE25Dev.java:151)

[ERROR] testGetKeysSingle_2_oe(org.apache.commons.configuration2.TestDatabaseConfiguration_OE25Dev)  Time elapsed: 0.047 s  <<< FAILURE!
org.junit.ComparisonFailure: 2nd key expected:<key[2]> but was:<key[1]>
	at org.apache.commons.configuration2.TestDatabaseConfiguration_OE25Dev.testGetKeysSingle_2_oe(TestDatabaseConfiguration_OE25Dev.java:510)

[INFO] Running org.apache.commons.configuration2.io.TestFileHandler_OE25Dev
[ERROR] Tests run: 102, Failures: 2, Errors: 1, Skipped: 0, Time elapsed: 0.487 s <<< FAILURE! - in org.apache.commons.configuration2.io.TestFileHandler_OE25Dev
[ERROR] testLocateSuccess_2_oe(org.apache.commons.configuration2.io.TestFileHandler_OE25Dev)  Time elapsed: 0 s  <<< FAILURE!
java.lang.AssertionError: URL not filled
	at org.apache.commons.configuration2.io.TestFileHandler_OE25Dev.testLocateSuccess_2_oe(TestFileHandler_OE25Dev.java:1293)

[ERROR] testLocateSuccess_3_oe(org.apache.commons.configuration2.io.TestFileHandler_OE25Dev)  Time elapsed: 0 s  <<< FAILURE!
java.lang.AssertionError: Base path not filled
	at org.apache.commons.configuration2.io.TestFileHandler_OE25Dev.testLocateSuccess_3_oe(TestFileHandler_OE25Dev.java:1303)

[ERROR] testLocateSuccess_5_oe(org.apache.commons.configuration2.io.TestFileHandler_OE25Dev)  Time elapsed: 0.001 s  <<< ERROR!
org.apache.commons.configuration2.ex.ConfigurationException: Could not locate: FileLocator [basePath=null, encoding=null, fileName=null, fileSystem=null, locationStrategy=null, sourceURL=null, urlConnectionOptions=URLConnectionOptions [allowUserInteraction=false, connectTimeoutMillis=0, readTimeoutMillis=0, useCaches=true]]
	at org.apache.commons.configuration2.io.TestFileHandler_OE25Dev.testLocateSuccess_5_oe(TestFileHandler_OE25Dev.java:1331)

[INFO] Running org.apache.commons.configuration2.io.TestFileLocator_OE25Dev
[INFO] Tests run: 14, Failures: 0, Errors: 0, Skipped: 0, Time elapsed: 0 s - in org.apache.commons.configuration2.io.TestFileLocator_OE25Dev
[INFO] Running org.apache.commons.configuration2.io.TestBasePathLocationStrategy_OE25Dev
[INFO] Tests run: 2, Failures: 0, Errors: 0, Skipped: 0, Time elapsed: 0.004 s - in org.apache.commons.configuration2.io.TestBasePathLocationStrategy_OE25Dev
[INFO] Running org.apache.commons.configuration2.io.TestFileSystemLocationStrategy_OE25Dev
[INFO] Tests run: 1, Failures: 0, Errors: 0, Skipped: 0, Time elapsed: 0 s - in org.apache.commons.configuration2.io.TestFileSystemLocationStrategy_OE25Dev
[INFO] Running org.apache.commons.configuration2.io.TestAbsoluteNameLocationStrategy_OE25Dev
[INFO] Tests run: 4, Failures: 0, Errors: 0, Skipped: 0, Time elapsed: 0.005 s - in org.apache.commons.configuration2.io.TestAbsoluteNameLocationStrategy_OE25Dev
[INFO] Running org.apache.commons.configuration2.io.TestClasspathLocationStrategy_OE25Dev
[INFO] Tests run: 2, Failures: 0, Errors: 0, Skipped: 0, Time elapsed: 0 s - in org.apache.commons.configuration2.io.TestClasspathLocationStrategy_OE25Dev
[INFO] Running org.apache.commons.configuration2.io.TestProvidedURLLocationStrategy_OE25Dev
[INFO] Tests run: 2, Failures: 0, Errors: 0, Skipped: 0, Time elapsed: 0 s - in org.apache.commons.configuration2.io.TestProvidedURLLocationStrategy_OE25Dev
[INFO] Running org.apache.commons.configuration2.io.TestConfigurationLogger_OE25Dev
[INFO] Tests run: 10, Failures: 0, Errors: 0, Skipped: 0, Time elapsed: 0.016 s - in org.apache.commons.configuration2.io.TestConfigurationLogger_OE25Dev
[INFO] Running org.apache.commons.configuration2.io.TestHomeDirectoryLocationStrategy_OE25Dev
[ERROR] Tests run: 8, Failures: 0, Errors: 1, Skipped: 0, Time elapsed: 0.02 s <<< FAILURE! - in org.apache.commons.configuration2.io.TestHomeDirectoryLocationStrategy_OE25Dev
[ERROR] testLocateSuccessInSubFolder_2_oe(org.apache.commons.configuration2.io.TestHomeDirectoryLocationStrategy_OE25Dev)  Time elapsed: 0.001 s  <<< ERROR!
java.lang.NullPointerException: Cannot invoke "java.io.File.getAbsoluteFile()" because the return value of "org.apache.commons.configuration2.io.FileLocatorUtils.fileFromURL(java.net.URL)" is null
	at org.apache.commons.configuration2.io.TestHomeDirectoryLocationStrategy_OE25Dev.testLocateSuccessInSubFolder_2_oe(TestHomeDirectoryLocationStrategy_OE25Dev.java:137)

[INFO] Running org.apache.commons.configuration2.io.TestDefaultFileSystem_OE25Dev
[INFO] Tests run: 2, Failures: 0, Errors: 0, Skipped: 0, Time elapsed: 0.005 s - in org.apache.commons.configuration2.io.TestDefaultFileSystem_OE25Dev
[INFO] Running org.apache.commons.configuration2.io.TestCombinedLocationStrategy_OE25Dev
[INFO] Tests run: 3, Failures: 0, Errors: 0, Skipped: 0, Time elapsed: 0 s - in org.apache.commons.configuration2.io.TestCombinedLocationStrategy_OE25Dev
[INFO] Running org.apache.commons.configuration2.io.TestFileLocatorUtils_OE25Dev
[ERROR] Tests run: 49, Failures: 6, Errors: 2, Skipped: 0, Time elapsed: 0.021 s <<< FAILURE! - in org.apache.commons.configuration2.io.TestFileLocatorUtils_OE25Dev
[ERROR] testDefaultFileLocationStrategy_2_oe(org.apache.commons.configuration2.io.TestFileLocatorUtils_OE25Dev)  Time elapsed: 0 s  <<< FAILURE!
java.lang.AssertionError: Wrong strategy (2)
	at org.apache.commons.configuration2.io.TestFileLocatorUtils_OE25Dev.testDefaultFileLocationStrategy_2_oe(TestFileLocatorUtils_OE25Dev.java:291)

[ERROR] testDefaultFileLocationStrategy_3_oe(org.apache.commons.configuration2.io.TestFileLocatorUtils_OE25Dev)  Time elapsed: 0 s  <<< FAILURE!
java.lang.AssertionError: Wrong strategy (3)
	at org.apache.commons.configuration2.io.TestFileLocatorUtils_OE25Dev.testDefaultFileLocationStrategy_3_oe(TestFileLocatorUtils_OE25Dev.java:300)

[ERROR] testDefaultFileLocationStrategy_4_oe(org.apache.commons.configuration2.io.TestFileLocatorUtils_OE25Dev)  Time elapsed: 0 s  <<< FAILURE!
java.lang.AssertionError: Wrong strategy (4)
	at org.apache.commons.configuration2.io.TestFileLocatorUtils_OE25Dev.testDefaultFileLocationStrategy_4_oe(TestFileLocatorUtils_OE25Dev.java:310)

[ERROR] testDefaultFileLocationStrategy_5_oe(org.apache.commons.configuration2.io.TestFileLocatorUtils_OE25Dev)  Time elapsed: 0 s  <<< FAILURE!
java.lang.AssertionError: Wrong strategy (5)
	at org.apache.commons.configuration2.io.TestFileLocatorUtils_OE25Dev.testDefaultFileLocationStrategy_5_oe(TestFileLocatorUtils_OE25Dev.java:322)

[ERROR] testDefaultFileLocationStrategy_6_oe(org.apache.commons.configuration2.io.TestFileLocatorUtils_OE25Dev)  Time elapsed: 0 s  <<< ERROR!
java.lang.ClassCastException: class org.apache.commons.configuration2.io.ProvidedURLLocationStrategy cannot be cast to class org.apache.commons.configuration2.io.HomeDirectoryLocationStrategy (org.apache.commons.configuration2.io.ProvidedURLLocationStrategy and org.apache.commons.configuration2.io.HomeDirectoryLocationStrategy are in unnamed module of loader 'app')
	at org.apache.commons.configuration2.io.TestFileLocatorUtils_OE25Dev.testDefaultFileLocationStrategy_6_oe(TestFileLocatorUtils_OE25Dev.java:335)

[ERROR] testDefaultFileLocationStrategy_7_oe(org.apache.commons.configuration2.io.TestFileLocatorUtils_OE25Dev)  Time elapsed: 0 s  <<< FAILURE!
java.lang.AssertionError: Wrong strategy (6)
	at org.apache.commons.configuration2.io.TestFileLocatorUtils_OE25Dev.testDefaultFileLocationStrategy_7_oe(TestFileLocatorUtils_OE25Dev.java:350)

[ERROR] testDefaultFileLocationStrategy_8_oe(org.apache.commons.configuration2.io.TestFileLocatorUtils_OE25Dev)  Time elapsed: 0 s  <<< ERROR!
java.lang.ClassCastException: class org.apache.commons.configuration2.io.FileSystemLocationStrategy cannot be cast to class org.apache.commons.configuration2.io.HomeDirectoryLocationStrategy (org.apache.commons.configuration2.io.FileSystemLocationStrategy and org.apache.commons.configuration2.io.HomeDirectoryLocationStrategy are in unnamed module of loader 'app')
	at org.apache.commons.configuration2.io.TestFileLocatorUtils_OE25Dev.testDefaultFileLocationStrategy_8_oe(TestFileLocatorUtils_OE25Dev.java:366)

[ERROR] testDefaultFileLocationStrategy_9_oe(org.apache.commons.configuration2.io.TestFileLocatorUtils_OE25Dev)  Time elapsed: 0 s  <<< FAILURE!
java.lang.AssertionError: Wrong strategy (7)
	at org.apache.commons.configuration2.io.TestFileLocatorUtils_OE25Dev.testDefaultFileLocationStrategy_9_oe(TestFileLocatorUtils_OE25Dev.java:383)

[INFO] Running org.apache.commons.configuration2.TestConfigurationUtils_OE25Dev
[ERROR] Tests run: 42, Failures: 1, Errors: 0, Skipped: 0, Time elapsed: 0.023 s <<< FAILURE! - in org.apache.commons.configuration2.TestConfigurationUtils_OE25Dev
[ERROR] testConvertHierarchicalToHierarchicalEngine_2_oe(org.apache.commons.configuration2.TestConfigurationUtils_OE25Dev)  Time elapsed: 0 s  <<< FAILURE!
java.lang.AssertionError: Engine was not set expected same:<org.apache.commons.configuration2.tree.DefaultExpressionEngine@318d69ea> was not:<org.apache.commons.configuration2.tree.DefaultExpressionEngine@76614fd1>
	at org.apache.commons.configuration2.TestConfigurationUtils_OE25Dev.testConvertHierarchicalToHierarchicalEngine_2_oe(TestConfigurationUtils_OE25Dev.java:471)

[INFO] Running org.apache.commons.configuration2.TestEqualBehavior_OE25Dev
[INFO] Tests run: 24, Failures: 0, Errors: 0, Skipped: 0, Time elapsed: 0.215 s - in org.apache.commons.configuration2.TestEqualBehavior_OE25Dev
[INFO] Running org.apache.commons.configuration2.TestXMLDocumentHelper_OE25Dev
[INFO] Tests run: 14, Failures: 0, Errors: 0, Skipped: 0, Time elapsed: 0.067 s - in org.apache.commons.configuration2.TestXMLDocumentHelper_OE25Dev
[INFO] Running org.apache.commons.configuration2.TestSubnodeConfiguration_OE25Dev
[ERROR] Tests run: 35, Failures: 1, Errors: 0, Skipped: 0, Time elapsed: 0.031 s <<< FAILURE! - in org.apache.commons.configuration2.TestSubnodeConfiguration_OE25Dev
[ERROR] testSetThrowExceptionOnMissing_1_oe(org.apache.commons.configuration2.TestSubnodeConfiguration_OE25Dev)  Time elapsed: 0 s  <<< FAILURE!
java.lang.AssertionError: Expected exception: java.util.NoSuchElementException

[INFO] Running org.apache.commons.configuration2.event.TestConfigurationEventTypes_OE25Dev
[INFO] Tests run: 14, Failures: 0, Errors: 0, Skipped: 0, Time elapsed: 0.006 s - in org.apache.commons.configuration2.event.TestConfigurationEventTypes_OE25Dev
[INFO] Running org.apache.commons.configuration2.event.TestEventType_OE25Dev
[INFO] Tests run: 1, Failures: 0, Errors: 0, Skipped: 0, Time elapsed: 0 s - in org.apache.commons.configuration2.event.TestEventType_OE25Dev
[INFO] Running org.apache.commons.configuration2.event.TestEventListenerList_OE25Dev
[ERROR] Tests run: 22, Failures: 4, Errors: 0, Skipped: 0, Time elapsed: 0.006 s <<< FAILURE! - in org.apache.commons.configuration2.event.TestEventListenerList_OE25Dev
[ERROR] testEventListenerIteratorWrongEvent_1_oe(org.apache.commons.configuration2.event.TestEventListenerList_OE25Dev)  Time elapsed: 0 s  <<< FAILURE!
java.lang.AssertionError: Expected exception: java.lang.IllegalArgumentException

[ERROR] testGetEventListenersIteratorRemove_1_oe(org.apache.commons.configuration2.event.TestEventListenerList_OE25Dev)  Time elapsed: 0 s  <<< FAILURE!
java.lang.AssertionError: Expected exception: java.lang.UnsupportedOperationException

[ERROR] testGetEventListenerRegistrationsForSuperType_2_oe(org.apache.commons.configuration2.event.TestEventListenerList_OE25Dev)  Time elapsed: 0 s  <<< FAILURE!
java.lang.AssertionError: Wrong listener 2 expected:<org.apache.commons.configuration2.event.TestEventListenerList_OE25Dev$ListenerTestImpl@77376e83> but was:<org.apache.commons.configuration2.event.TestEventListenerList_OE25Dev$ListenerTestImpl@708f4d81>
	at org.apache.commons.configuration2.event.TestEventListenerList_OE25Dev.testGetEventListenerRegistrationsForSuperType_2_oe(TestEventListenerList_OE25Dev.java:586)

[ERROR] testGetEventListenerRegistrationsForSuperType_3_oe(org.apache.commons.configuration2.event.TestEventListenerList_OE25Dev)  Time elapsed: 0 s  <<< FAILURE!
java.lang.AssertionError: Too many elements
	at org.apache.commons.configuration2.event.TestEventListenerList_OE25Dev.testGetEventListenerRegistrationsForSuperType_3_oe(TestEventListenerList_OE25Dev.java:602)

[INFO] Running org.apache.commons.configuration2.event.TestEvent_OE25Dev
[INFO] Tests run: 1, Failures: 0, Errors: 0, Skipped: 0, Time elapsed: 0 s - in org.apache.commons.configuration2.event.TestEvent_OE25Dev
[INFO] Running org.apache.commons.configuration2.event.TestEventSource_OE25Dev
[ERROR] Tests run: 32, Failures: 3, Errors: 0, Skipped: 0, Time elapsed: 0.008 s <<< FAILURE! - in org.apache.commons.configuration2.event.TestEventSource_OE25Dev
[ERROR] testRemoveEventListener_4_oe(org.apache.commons.configuration2.event.TestEventSource_OE25Dev)  Time elapsed: 0 s  <<< FAILURE!
java.lang.AssertionError: Listener still in list
	at org.apache.commons.configuration2.event.TestEventSource_OE25Dev.testRemoveEventListener_4_oe(TestEventSource_OE25Dev.java:456)

[ERROR] testFireError_2_oe(org.apache.commons.configuration2.event.TestEventSource_OE25Dev)  Time elapsed: 0 s  <<< FAILURE!
java.lang.AssertionError: Too many events received
	at org.apache.commons.configuration2.event.TestEventSource_OE25Dev.testFireError_2_oe(TestEventSource_OE25Dev.java:354)

[ERROR] testFireError_3_oe(org.apache.commons.configuration2.event.TestEventSource_OE25Dev)  Time elapsed: 0.001 s  <<< FAILURE!
java.lang.AssertionError: Too many events received
	at org.apache.commons.configuration2.event.TestEventSource_OE25Dev.testFireError_3_oe(TestEventSource_OE25Dev.java:371)

[INFO] Running org.apache.commons.configuration2.TestHierarchicalConfiguration_OE25Dev
[INFO] Tests run: 46, Failures: 0, Errors: 0, Skipped: 0, Time elapsed: 0.018 s - in org.apache.commons.configuration2.TestHierarchicalConfiguration_OE25Dev
[INFO] Running org.apache.commons.configuration2.web.TestServletRequestConfiguration_OE25Dev
[INFO] Tests run: 3, Failures: 0, Errors: 0, Skipped: 0, Time elapsed: 0.006 s - in org.apache.commons.configuration2.web.TestServletRequestConfiguration_OE25Dev
[INFO] Running org.apache.commons.configuration2.TestHierarchicalXMLConfiguration_OE25Dev
[ERROR] Tests run: 37, Failures: 1, Errors: 0, Skipped: 0, Time elapsed: 0.29 s <<< FAILURE! - in org.apache.commons.configuration2.TestHierarchicalXMLConfiguration_OE25Dev
[ERROR] testSetRootElementNameWhenLoadedFromFile_1_oe(org.apache.commons.configuration2.TestHierarchicalXMLConfiguration_OE25Dev)  Time elapsed: 0 s  <<< FAILURE!
java.lang.AssertionError: Expected exception: java.lang.UnsupportedOperationException

[INFO] Running org.apache.commons.configuration2.TestSystemConfiguration_OE25Dev
[INFO] Tests run: 4, Failures: 0, Errors: 0, Skipped: 0, Time elapsed: 0.007 s - in org.apache.commons.configuration2.TestSystemConfiguration_OE25Dev
[INFO] Running org.apache.commons.configuration2.convert.TestDisabledListDelimiterHandler_OE25Dev
[ERROR] Tests run: 14, Failures: 2, Errors: 0, Skipped: 0, Time elapsed: 0.007 s <<< FAILURE! - in org.apache.commons.configuration2.convert.TestDisabledListDelimiterHandler_OE25Dev
[ERROR] testFlattenCollectionWithArrayWithLimit_3_oe(org.apache.commons.configuration2.convert.TestDisabledListDelimiterHandler_OE25Dev)  Time elapsed: 0 s  <<< FAILURE!
java.lang.AssertionError: Wrong element (2) expected:<20130630213801> but was:<  A test, string; value! >
	at org.apache.commons.configuration2.convert.TestDisabledListDelimiterHandler_OE25Dev.testFlattenCollectionWithArrayWithLimit_3_oe(TestDisabledListDelimiterHandler_OE25Dev.java:202)

[ERROR] testParseSimpleValue_2_oe(org.apache.commons.configuration2.convert.TestDisabledListDelimiterHandler_OE25Dev)  Time elapsed: 0 s  <<< FAILURE!
java.lang.AssertionError: Too many values
	at org.apache.commons.configuration2.convert.TestDisabledListDelimiterHandler_OE25Dev.testParseSimpleValue_2_oe(TestDisabledListDelimiterHandler_OE25Dev.java:235)

[INFO] Running org.apache.commons.configuration2.convert.TestPropertyConverter_OE25Dev
[WARNING] Tests run: 23, Failures: 0, Errors: 0, Skipped: 1, Time elapsed: 0.005 s - in org.apache.commons.configuration2.convert.TestPropertyConverter_OE25Dev
[INFO] Running org.apache.commons.configuration2.convert.TestDefaultConversionHandler_OE25Dev
[INFO] Tests run: 29, Failures: 0, Errors: 0, Skipped: 0, Time elapsed: 0.018 s - in org.apache.commons.configuration2.convert.TestDefaultConversionHandler_OE25Dev
[INFO] Running org.apache.commons.configuration2.convert.TestDefaultListDelimiterHandler_OE25Dev
[INFO] Tests run: 7, Failures: 0, Errors: 0, Skipped: 0, Time elapsed: 0 s - in org.apache.commons.configuration2.convert.TestDefaultListDelimiterHandler_OE25Dev
[INFO] Running org.apache.commons.configuration2.builder.TestCopyObjectDefaultHandler_OE25Dev
[INFO] Tests run: 3, Failures: 0, Errors: 0, Skipped: 0, Time elapsed: 0.016 s - in org.apache.commons.configuration2.builder.TestCopyObjectDefaultHandler_OE25Dev
[INFO] Running org.apache.commons.configuration2.builder.TestHierarchicalBuilderParametersImpl_OE25Dev
[ERROR] Tests run: 6, Failures: 1, Errors: 0, Skipped: 0, Time elapsed: 0.008 s <<< FAILURE! - in org.apache.commons.configuration2.builder.TestHierarchicalBuilderParametersImpl_OE25Dev
[ERROR] testSetExpressionEngine_2_oe(org.apache.commons.configuration2.builder.TestHierarchicalBuilderParametersImpl_OE25Dev)  Time elapsed: 0.001 s  <<< FAILURE!
java.lang.AssertionError: Wrong expression engine expected same:<EasyMock for interface org.apache.commons.configuration2.tree.ExpressionEngine> was not:<null>
	at org.apache.commons.configuration2.builder.TestHierarchicalBuilderParametersImpl_OE25Dev.testSetExpressionEngine_2_oe(TestHierarchicalBuilderParametersImpl_OE25Dev.java:113)

[INFO] Running org.apache.commons.configuration2.builder.TestBuilderConfigurationWrapperFactory_OE25Dev
[ERROR] Tests run: 9, Failures: 2, Errors: 0, Skipped: 0, Time elapsed: 0.025 s <<< FAILURE! - in org.apache.commons.configuration2.builder.TestBuilderConfigurationWrapperFactory_OE25Dev
[ERROR] testEventSourceSupportBuilder_2_oe(org.apache.commons.configuration2.builder.TestBuilderConfigurationWrapperFactory_OE25Dev)  Time elapsed: 0 s  <<< FAILURE!
java.lang.AssertionError: Wrong result for non-existing listener
	at org.apache.commons.configuration2.builder.TestBuilderConfigurationWrapperFactory_OE25Dev.testEventSourceSupportBuilder_2_oe(TestBuilderConfigurationWrapperFactory_OE25Dev.java:195)

[ERROR] testEventSourceSupportBuilder_4_oe(org.apache.commons.configuration2.builder.TestBuilderConfigurationWrapperFactory_OE25Dev)  Time elapsed: 0 s  <<< FAILURE!
java.lang.AssertionError: Removed listener still found
	at org.apache.commons.configuration2.builder.TestBuilderConfigurationWrapperFactory_OE25Dev.testEventSourceSupportBuilder_4_oe(TestBuilderConfigurationWrapperFactory_OE25Dev.java:230)

[INFO] Running org.apache.commons.configuration2.builder.TestBasicConfigurationBuilder_OE25Dev
[ERROR] Tests run: 41, Failures: 5, Errors: 0, Skipped: 0, Time elapsed: 0.064 s <<< FAILURE! - in org.apache.commons.configuration2.builder.TestBasicConfigurationBuilder_OE25Dev
[ERROR] testGetConfigurationConcurrently_2_oe(org.apache.commons.configuration2.builder.TestBasicConfigurationBuilder_OE25Dev)  Time elapsed: 0.012 s  <<< FAILURE!
java.lang.AssertionError: Wrong number of result objects expected:<1> but was:<2>
	at org.apache.commons.configuration2.builder.TestBasicConfigurationBuilder_OE25Dev.testGetConfigurationConcurrently_2_oe(TestBasicConfigurationBuilder_OE25Dev.java:673)

[ERROR] testRemoveConfigurationListener_2_oe(org.apache.commons.configuration2.builder.TestBasicConfigurationBuilder_OE25Dev)  Time elapsed: 0 s  <<< FAILURE!
java.lang.AssertionError: Removed listener was registered
	at org.apache.commons.configuration2.builder.TestBasicConfigurationBuilder_OE25Dev.testRemoveConfigurationListener_2_oe(TestBasicConfigurationBuilder_OE25Dev.java:735)

[ERROR] testAddParameters_3_oe(org.apache.commons.configuration2.builder.TestBasicConfigurationBuilder_OE25Dev)  Time elapsed: 0 s  <<< FAILURE!
java.lang.AssertionError: Additional parameter not found expected:<value> but was:<null>
	at org.apache.commons.configuration2.builder.TestBasicConfigurationBuilder_OE25Dev.testAddParameters_3_oe(TestBasicConfigurationBuilder_OE25Dev.java:381)

[ERROR] testSetParameters_2_oe(org.apache.commons.configuration2.builder.TestBasicConfigurationBuilder_OE25Dev)  Time elapsed: 0 s  <<< FAILURE!
java.lang.AssertionError: Wrong parameters expected:<{throwExceptionOnMissing=true, listDelimiterHandler=org.apache.commons.configuration2.convert.DefaultListDelimiterHandler@6870f52a}> but was:<{someParameter=value}>
	at org.apache.commons.configuration2.builder.TestBasicConfigurationBuilder_OE25Dev.testSetParameters_2_oe(TestBasicConfigurationBuilder_OE25Dev.java:843)

[ERROR] testConnectToReloadingController_3_oe(org.apache.commons.configuration2.builder.TestBasicConfigurationBuilder_OE25Dev)  Time elapsed: 0 s  <<< FAILURE!
java.lang.AssertionError: Still in reloading state
	at org.apache.commons.configuration2.builder.TestBasicConfigurationBuilder_OE25Dev.testConnectToReloadingController_3_oe(TestBasicConfigurationBuilder_OE25Dev.java:460)

[INFO] Running org.apache.commons.configuration2.builder.TestPropertiesBuilderParametersImpl_OE25Dev
[ERROR] Tests run: 18, Failures: 4, Errors: 0, Skipped: 0, Time elapsed: 0.029 s <<< FAILURE! - in org.apache.commons.configuration2.builder.TestPropertiesBuilderParametersImpl_OE25Dev
[ERROR] testSetLayout_2_oe(org.apache.commons.configuration2.builder.TestPropertiesBuilderParametersImpl_OE25Dev)  Time elapsed: 0 s  <<< FAILURE!
java.lang.AssertionError: Layout not set expected same:<org.apache.commons.configuration2.PropertiesConfigurationLayout@664c0019> was not:<null>
	at org.apache.commons.configuration2.builder.TestPropertiesBuilderParametersImpl_OE25Dev.testSetLayout_2_oe(TestPropertiesBuilderParametersImpl_OE25Dev.java:260)

[ERROR] testSetIncludesAllowed_2_oe(org.apache.commons.configuration2.builder.TestPropertiesBuilderParametersImpl_OE25Dev)  Time elapsed: 0 s  <<< FAILURE!
java.lang.AssertionError: Value not set expected:<true> but was:<null>
	at org.apache.commons.configuration2.builder.TestPropertiesBuilderParametersImpl_OE25Dev.testSetIncludesAllowed_2_oe(TestPropertiesBuilderParametersImpl_OE25Dev.java:222)

[ERROR] testSetIOFactory_2_oe(org.apache.commons.configuration2.builder.TestPropertiesBuilderParametersImpl_OE25Dev)  Time elapsed: 0 s  <<< FAILURE!
java.lang.AssertionError: Factory not set expected same:<EasyMock for interface org.apache.commons.configuration2.PropertiesConfiguration$IOFactory> was not:<null>
	at org.apache.commons.configuration2.builder.TestPropertiesBuilderParametersImpl_OE25Dev.testSetIOFactory_2_oe(TestPropertiesBuilderParametersImpl_OE25Dev.java:237)

[ERROR] testSetIncludeListener_2_oe(org.apache.commons.configuration2.builder.TestPropertiesBuilderParametersImpl_OE25Dev)  Time elapsed: 0.001 s  <<< FAILURE!
java.lang.AssertionError: IncludeListener not set expected same:<EasyMock for interface org.apache.commons.configuration2.ConfigurationConsumer> was not:<null>
	at org.apache.commons.configuration2.builder.TestPropertiesBuilderParametersImpl_OE25Dev.testSetIncludeListener_2_oe(TestPropertiesBuilderParametersImpl_OE25Dev.java:201)

[INFO] Running org.apache.commons.configuration2.builder.combined.TestReloadingCombinedConfigurationBuilder_OE25Dev
[INFO] Tests run: 9, Failures: 0, Errors: 0, Skipped: 0, Time elapsed: 0.255 s - in org.apache.commons.configuration2.builder.combined.TestReloadingCombinedConfigurationBuilder_OE25Dev
[INFO] Running org.apache.commons.configuration2.builder.combined.TestFileExtensionConfigurationBuilderProvider_OE25Dev
[INFO] Tests run: 9, Failures: 0, Errors: 0, Skipped: 0, Time elapsed: 0.028 s - in org.apache.commons.configuration2.builder.combined.TestFileExtensionConfigurationBuilderProvider_OE25Dev
[INFO] Running org.apache.commons.configuration2.builder.combined.TestCombinedConfigurationBuilder_OE25Dev
[ERROR] Tests run: 84, Failures: 2, Errors: 1, Skipped: 0, Time elapsed: 10.998 s <<< FAILURE! - in org.apache.commons.configuration2.builder.combined.TestCombinedConfigurationBuilder_OE25Dev
[ERROR] testMultiTenentConfigurationReloading_5_oe(org.apache.commons.configuration2.builder.combined.TestCombinedConfigurationBuilder_OE25Dev)  Time elapsed: 10.039 s  <<< FAILURE!
java.lang.AssertionError: Too few events received
	at org.apache.commons.configuration2.builder.combined.TestCombinedConfigurationBuilder_OE25Dev.testMultiTenentConfigurationReloading_5_oe(TestCombinedConfigurationBuilder_OE25Dev.java:1701)

[ERROR] testCustomResultConfiguration_1_oe(org.apache.commons.configuration2.builder.combined.TestCombinedConfigurationBuilder_OE25Dev)  Time elapsed: 0.003 s  <<< FAILURE!
java.lang.AssertionError: Wrong configuration class: class org.apache.commons.configuration2.builder.combined.TestCombinedConfigurationBuilder$CombinedConfigurationTestImpl
	at org.apache.commons.configuration2.builder.combined.TestCombinedConfigurationBuilder_OE25Dev.testCustomResultConfiguration_1_oe(TestCombinedConfigurationBuilder_OE25Dev.java:1074)

[ERROR] testCustomEntityResolver_1_oe(org.apache.commons.configuration2.builder.combined.TestCombinedConfigurationBuilder_OE25Dev)  Time elapsed: 0.004 s  <<< ERROR!
java.lang.ClassCastException: class org.apache.commons.configuration2.builder.combined.TestCombinedConfigurationBuilder$EntityResolverWithPropertiesTestImpl cannot be cast to class org.apache.commons.configuration2.builder.combined.TestCombinedConfigurationBuilder_OE25Dev$EntityResolverWithPropertiesTestImpl (org.apache.commons.configuration2.builder.combined.TestCombinedConfigurationBuilder$EntityResolverWithPropertiesTestImpl and org.apache.commons.configuration2.builder.combined.TestCombinedConfigurationBuilder_OE25Dev$EntityResolverWithPropertiesTestImpl are in unnamed module of loader 'app')
	at org.apache.commons.configuration2.builder.combined.TestCombinedConfigurationBuilder_OE25Dev.testCustomEntityResolver_1_oe(TestCombinedConfigurationBuilder_OE25Dev.java:1045)

[INFO] Running org.apache.commons.configuration2.builder.combined.TestReloadingCombinedConfigurationBuilderFileBased_OE25Dev
[ERROR] Tests run: 8, Failures: 1, Errors: 0, Skipped: 0, Time elapsed: 0.132 s <<< FAILURE! - in org.apache.commons.configuration2.builder.combined.TestReloadingCombinedConfigurationBuilderFileBased_OE25Dev
[ERROR] testConcurrentGetAndReload_2_oe(org.apache.commons.configuration2.builder.combined.TestReloadingCombinedConfigurationBuilderFileBased_OE25Dev)  Time elapsed: 0.012 s  <<< FAILURE!
java.lang.AssertionError: 400 failures Occurred expected:<0> but was:<400>
	at org.apache.commons.configuration2.builder.combined.TestReloadingCombinedConfigurationBuilderFileBased_OE25Dev.testConcurrentGetAndReload_2_oe(TestReloadingCombinedConfigurationBuilderFileBased_OE25Dev.java:326)

[INFO] Running org.apache.commons.configuration2.builder.combined.TestConfigurationDeclaration_OE25Dev
[INFO] Tests run: 12, Failures: 0, Errors: 0, Skipped: 0, Time elapsed: 0 s - in org.apache.commons.configuration2.builder.combined.TestConfigurationDeclaration_OE25Dev
[INFO] Running org.apache.commons.configuration2.builder.combined.TestMultiWrapDynaBean_OE25Dev
[INFO] Tests run: 11, Failures: 0, Errors: 0, Skipped: 0, Time elapsed: 0.007 s - in org.apache.commons.configuration2.builder.combined.TestMultiWrapDynaBean_OE25Dev
[INFO] Running org.apache.commons.configuration2.builder.combined.TestBaseConfigurationBuilderProvider_OE25Dev
[INFO] Tests run: 3, Failures: 0, Errors: 0, Skipped: 0, Time elapsed: 0.007 s - in org.apache.commons.configuration2.builder.combined.TestBaseConfigurationBuilderProvider_OE25Dev
[INFO] Running org.apache.commons.configuration2.builder.combined.TestReloadingMultiFileConfigurationBuilder_OE25Dev
[INFO] Tests run: 7, Failures: 0, Errors: 0, Skipped: 0, Time elapsed: 0.015 s - in org.apache.commons.configuration2.builder.combined.TestReloadingMultiFileConfigurationBuilder_OE25Dev
[INFO] Running org.apache.commons.configuration2.builder.combined.TestMultiFileConfigurationBuilder_OE25Dev
[ERROR] Tests run: 27, Failures: 3, Errors: 0, Skipped: 0, Time elapsed: 0.63 s <<< FAILURE! - in org.apache.commons.configuration2.builder.combined.TestMultiFileConfigurationBuilder_OE25Dev
[ERROR] testAddConfigurationListener_4_oe(org.apache.commons.configuration2.builder.combined.TestMultiFileConfigurationBuilder_OE25Dev)  Time elapsed: 0 s  <<< FAILURE!
java.lang.AssertionError: Wrong result after removal
	at org.apache.commons.configuration2.builder.combined.TestMultiFileConfigurationBuilder_OE25Dev.testAddConfigurationListener_4_oe(TestMultiFileConfigurationBuilder_OE25Dev.java:241)

[ERROR] testAddConfigurationListener_5_oe(org.apache.commons.configuration2.builder.combined.TestMultiFileConfigurationBuilder_OE25Dev)  Time elapsed: 0 s  <<< FAILURE!
java.lang.AssertionError: Listener not removed
	at org.apache.commons.configuration2.builder.combined.TestMultiFileConfigurationBuilder_OE25Dev.testAddConfigurationListener_5_oe(TestMultiFileConfigurationBuilder_OE25Dev.java:258)

[ERROR] testAddConfigurationListener_6_oe(org.apache.commons.configuration2.builder.combined.TestMultiFileConfigurationBuilder_OE25Dev)  Time elapsed: 0.002 s  <<< FAILURE!
java.lang.AssertionError: 

  Unexpected method call EventListener.onEvent(ConfigurationBuilderEvent [ source=org.apache.commons.configuration2.builder.FileBasedConfigurationBuilder@4eb316f4 eventType=EventType [ CONFIGURATION_REQUEST ] ]):
	at org.apache.commons.configuration2.builder.combined.TestMultiFileConfigurationBuilder_OE25Dev.testAddConfigurationListener_6_oe(TestMultiFileConfigurationBuilder_OE25Dev.java:277)

[INFO] Running org.apache.commons.configuration2.builder.combined.TestCombinedBuilderParametersImpl_OE25Dev
[ERROR] Tests run: 44, Failures: 12, Errors: 0, Skipped: 0, Time elapsed: 0.016 s <<< FAILURE! - in org.apache.commons.configuration2.builder.combined.TestCombinedBuilderParametersImpl_OE25Dev
[ERROR] testSetDefinitionBuilder_3_oe(org.apache.commons.configuration2.builder.combined.TestCombinedBuilderParametersImpl_OE25Dev)  Time elapsed: 0 s  <<< FAILURE!
java.lang.AssertionError: Builder was not set expected same:<org.apache.commons.configuration2.builder.BasicConfigurationBuilder@1916f999> was not:<null>
	at org.apache.commons.configuration2.builder.combined.TestCombinedBuilderParametersImpl_OE25Dev.testSetDefinitionBuilder_3_oe(TestCombinedBuilderParametersImpl_OE25Dev.java:609)

[ERROR] testSetDefinitionBuilderParameters_2_oe(org.apache.commons.configuration2.builder.combined.TestCombinedBuilderParametersImpl_OE25Dev)  Time elapsed: 0 s  <<< FAILURE!
java.lang.AssertionError: Wrong parameters object expected same:<EasyMock for interface org.apache.commons.configuration2.builder.BuilderParameters> was not:<null>
	at org.apache.commons.configuration2.builder.combined.TestCombinedBuilderParametersImpl_OE25Dev.testSetDefinitionBuilderParameters_2_oe(TestCombinedBuilderParametersImpl_OE25Dev.java:626)

[ERROR] testSetInheritSettings_3_oe(org.apache.commons.configuration2.builder.combined.TestCombinedBuilderParametersImpl_OE25Dev)  Time elapsed: 0 s  <<< FAILURE!
java.lang.AssertionError: Property not set
	at org.apache.commons.configuration2.builder.combined.TestCombinedBuilderParametersImpl_OE25Dev.testSetInheritSettings_3_oe(TestCombinedBuilderParametersImpl_OE25Dev.java:647)

[ERROR] testSetBasePath_2_oe(org.apache.commons.configuration2.builder.combined.TestCombinedBuilderParametersImpl_OE25Dev)  Time elapsed: 0 s  <<< FAILURE!
java.lang.AssertionError: Wrong base path expected:</home/tasfia/Desktop/OE25-DEV/projects_decomposed/commons-configuration2-2.8.0-src/target> but was:<null>
	at org.apache.commons.configuration2.builder.combined.TestCombinedBuilderParametersImpl_OE25Dev.testSetBasePath_2_oe(TestCombinedBuilderParametersImpl_OE25Dev.java:550)

[ERROR] testGetChildDefaultParametersManagerSpecific_2_oe(org.apache.commons.configuration2.builder.combined.TestCombinedBuilderParametersImpl_OE25Dev)  Time elapsed: 0 s  <<< FAILURE!
java.lang.AssertionError: Wrong manager expected same:<EasyMock for class org.apache.commons.configuration2.builder.DefaultParametersManager> was not:<org.apache.commons.configuration2.builder.DefaultParametersManager@222667ff>
	at org.apache.commons.configuration2.builder.combined.TestCombinedBuilderParametersImpl_OE25Dev.testGetChildDefaultParametersManagerSpecific_2_oe(TestCombinedBuilderParametersImpl_OE25Dev.java:269)

[ERROR] testRegisterProvider_2_oe(org.apache.commons.configuration2.builder.combined.TestCombinedBuilderParametersImpl_OE25Dev)  Time elapsed: 0 s  <<< FAILURE!
java.lang.AssertionError: Wrong number of providers expected:<1> but was:<0>
	at org.apache.commons.configuration2.builder.combined.TestCombinedBuilderParametersImpl_OE25Dev.testRegisterProvider_2_oe(TestCombinedBuilderParametersImpl_OE25Dev.java:510)

[ERROR] testRegisterProvider_3_oe(org.apache.commons.configuration2.builder.combined.TestCombinedBuilderParametersImpl_OE25Dev)  Time elapsed: 0.001 s  <<< FAILURE!
java.lang.AssertionError: Wrong provider (1) expected same:<EasyMock for interface org.apache.commons.configuration2.builder.combined.ConfigurationBuilderProvider> was not:<null>
	at org.apache.commons.configuration2.builder.combined.TestCombinedBuilderParametersImpl_OE25Dev.testRegisterProvider_3_oe(TestCombinedBuilderParametersImpl_OE25Dev.java:522)

[ERROR] testRegisterProvider_4_oe(org.apache.commons.configuration2.builder.combined.TestCombinedBuilderParametersImpl_OE25Dev)  Time elapsed: 0 s  <<< FAILURE!
java.lang.AssertionError: Wrong provider (2) expected same:<EasyMock for interface org.apache.commons.configuration2.builder.combined.ConfigurationBuilderProvider> was not:<null>
	at org.apache.commons.configuration2.builder.combined.TestCombinedBuilderParametersImpl_OE25Dev.testRegisterProvider_4_oe(TestCombinedBuilderParametersImpl_OE25Dev.java:535)

[ERROR] testRegisterMissingProviders_2_oe(org.apache.commons.configuration2.builder.combined.TestCombinedBuilderParametersImpl_OE25Dev)  Time elapsed: 0 s  <<< FAILURE!
java.lang.AssertionError: Wrong number of providers expected:<2> but was:<1>
	at org.apache.commons.configuration2.builder.combined.TestCombinedBuilderParametersImpl_OE25Dev.testRegisterMissingProviders_2_oe(TestCombinedBuilderParametersImpl_OE25Dev.java:395)

[ERROR] testRegisterMissingProviders_4_oe(org.apache.commons.configuration2.builder.combined.TestCombinedBuilderParametersImpl_OE25Dev)  Time elapsed: 0.003 s  <<< FAILURE!
java.lang.AssertionError: Wrong provider (2) expected same:<EasyMock for interface org.apache.commons.configuration2.builder.combined.ConfigurationBuilderProvider> was not:<null>
	at org.apache.commons.configuration2.builder.combined.TestCombinedBuilderParametersImpl_OE25Dev.testRegisterMissingProviders_4_oe(TestCombinedBuilderParametersImpl_OE25Dev.java:428)

[ERROR] testRegisterMissingProvidersParams_2_oe(org.apache.commons.configuration2.builder.combined.TestCombinedBuilderParametersImpl_OE25Dev)  Time elapsed: 0 s  <<< FAILURE!
java.lang.AssertionError: Wrong number of providers expected:<2> but was:<1>
	at org.apache.commons.configuration2.builder.combined.TestCombinedBuilderParametersImpl_OE25Dev.testRegisterMissingProvidersParams_2_oe(TestCombinedBuilderParametersImpl_OE25Dev.java:457)

[ERROR] testRegisterMissingProvidersParams_4_oe(org.apache.commons.configuration2.builder.combined.TestCombinedBuilderParametersImpl_OE25Dev)  Time elapsed: 0 s  <<< FAILURE!
java.lang.AssertionError: Wrong provider (2) expected same:<EasyMock for interface org.apache.commons.configuration2.builder.combined.ConfigurationBuilderProvider> was not:<null>
	at org.apache.commons.configuration2.builder.combined.TestCombinedBuilderParametersImpl_OE25Dev.testRegisterMissingProvidersParams_4_oe(TestCombinedBuilderParametersImpl_OE25Dev.java:490)

[INFO] Running org.apache.commons.configuration2.builder.combined.TestMultiFileBuilderParametersImpl_OE25Dev
[ERROR] Tests run: 14, Failures: 2, Errors: 0, Skipped: 0, Time elapsed: 0.001 s <<< FAILURE! - in org.apache.commons.configuration2.builder.combined.TestMultiFileBuilderParametersImpl_OE25Dev
[ERROR] testSetFilePattern_2_oe(org.apache.commons.configuration2.builder.combined.TestMultiFileBuilderParametersImpl_OE25Dev)  Time elapsed: 0 s  <<< FAILURE!
java.lang.AssertionError: Pattern not set expected:<somePattern> but was:<null>
	at org.apache.commons.configuration2.builder.combined.TestMultiFileBuilderParametersImpl_OE25Dev.testSetFilePattern_2_oe(TestMultiFileBuilderParametersImpl_OE25Dev.java:190)

[ERROR] testSetManagedBuilderParameters_2_oe(org.apache.commons.configuration2.builder.combined.TestMultiFileBuilderParametersImpl_OE25Dev)  Time elapsed: 0 s  <<< FAILURE!
java.lang.AssertionError: Parameters not set expected same:<EasyMock for interface org.apache.commons.configuration2.builder.BuilderParameters> was not:<null>
	at org.apache.commons.configuration2.builder.combined.TestMultiFileBuilderParametersImpl_OE25Dev.testSetManagedBuilderParameters_2_oe(TestMultiFileBuilderParametersImpl_OE25Dev.java:205)

[INFO] Running org.apache.commons.configuration2.builder.combined.TestCombinedConfigurationBuilderVFS_OE25Dev
[INFO] Tests run: 1, Failures: 0, Errors: 0, Skipped: 0, Time elapsed: 0.001 s - in org.apache.commons.configuration2.builder.combined.TestCombinedConfigurationBuilderVFS_OE25Dev
[INFO] Running org.apache.commons.configuration2.builder.TestReloadingBuilderSupportListener_OE25Dev
[INFO] Tests run: 2, Failures: 0, Errors: 0, Skipped: 0, Time elapsed: 0 s - in org.apache.commons.configuration2.builder.TestReloadingBuilderSupportListener_OE25Dev
[INFO] Running org.apache.commons.configuration2.builder.TestBasicBuilderParameters_OE25Dev
[ERROR] Tests run: 66, Failures: 11, Errors: 4, Skipped: 0, Time elapsed: 0.038 s <<< FAILURE! - in org.apache.commons.configuration2.builder.TestBasicBuilderParameters_OE25Dev
[ERROR] testSetConfigurationDecoder_2_oe(org.apache.commons.configuration2.builder.TestBasicBuilderParameters_OE25Dev)  Time elapsed: 0 s  <<< FAILURE!
java.lang.AssertionError: Decoder not set expected same:<EasyMock for interface org.apache.commons.configuration2.ConfigurationDecoder> was not:<null>
	at org.apache.commons.configuration2.builder.TestBasicBuilderParameters_OE25Dev.testSetConfigurationDecoder_2_oe(TestBasicBuilderParameters_OE25Dev.java:765)

[ERROR] testSetListDelimiter_2_oe(org.apache.commons.configuration2.builder.TestBasicBuilderParameters_OE25Dev)  Time elapsed: 0 s  <<< FAILURE!
java.lang.AssertionError: Wrong delimiter handler expected same:<EasyMock for interface org.apache.commons.configuration2.convert.ListDelimiterHandler> was not:<null>
	at org.apache.commons.configuration2.builder.TestBasicBuilderParameters_OE25Dev.testSetListDelimiter_2_oe(TestBasicBuilderParameters_OE25Dev.java:867)

[ERROR] testSetDefaultLookups_3_oe(org.apache.commons.configuration2.builder.TestBasicBuilderParameters_OE25Dev)  Time elapsed: 0 s  <<< ERROR!
java.lang.NullPointerException: Cannot invoke "java.util.Collection.size()" because "col" is null
	at org.apache.commons.configuration2.builder.TestBasicBuilderParameters_OE25Dev.testSetDefaultLookups_3_oe(TestBasicBuilderParameters_OE25Dev.java:806)

[ERROR] testSetDefaultLookups_4_oe(org.apache.commons.configuration2.builder.TestBasicBuilderParameters_OE25Dev)  Time elapsed: 0 s  <<< ERROR!
java.lang.NullPointerException: Cannot invoke "java.util.Collection.iterator()" because "col" is null
	at org.apache.commons.configuration2.builder.TestBasicBuilderParameters_OE25Dev.testSetDefaultLookups_4_oe(TestBasicBuilderParameters_OE25Dev.java:817)

[ERROR] testSetDefaultLookups_5_oe(org.apache.commons.configuration2.builder.TestBasicBuilderParameters_OE25Dev)  Time elapsed: 0 s  <<< FAILURE!
java.lang.AssertionError: No copy in parameters expected not same
	at org.apache.commons.configuration2.builder.TestBasicBuilderParameters_OE25Dev.testSetDefaultLookups_5_oe(TestBasicBuilderParameters_OE25Dev.java:830)

[ERROR] testSetBeanHelper_2_oe(org.apache.commons.configuration2.builder.TestBasicBuilderParameters_OE25Dev)  Time elapsed: 0 s  <<< FAILURE!
java.lang.AssertionError: BeanHelper not set expected same:<org.apache.commons.configuration2.beanutils.BeanHelper@68217ca5> was not:<null>
	at org.apache.commons.configuration2.builder.TestBasicBuilderParameters_OE25Dev.testSetBeanHelper_2_oe(TestBasicBuilderParameters_OE25Dev.java:750)

[ERROR] testSetInterpolator_2_oe(org.apache.commons.configuration2.builder.TestBasicBuilderParameters_OE25Dev)  Time elapsed: 0 s  <<< FAILURE!
java.lang.AssertionError: Wrong interpolator expected same:<EasyMock for class org.apache.commons.configuration2.interpol.ConfigurationInterpolator> was not:<null>
	at org.apache.commons.configuration2.builder.TestBasicBuilderParameters_OE25Dev.testSetInterpolator_2_oe(TestBasicBuilderParameters_OE25Dev.java:852)

[ERROR] testSetLogger_2_oe(org.apache.commons.configuration2.builder.TestBasicBuilderParameters_OE25Dev)  Time elapsed: 0 s  <<< FAILURE!
java.lang.AssertionError: Wrong logger parameter expected same:<EasyMock for class org.apache.commons.configuration2.io.ConfigurationLogger> was not:<null>
	at org.apache.commons.configuration2.builder.TestBasicBuilderParameters_OE25Dev.testSetLogger_2_oe(TestBasicBuilderParameters_OE25Dev.java:882)

[ERROR] testSetPrefixLookups_3_oe(org.apache.commons.configuration2.builder.TestBasicBuilderParameters_OE25Dev)  Time elapsed: 0.001 s  <<< ERROR!
java.lang.NullPointerException: Cannot invoke "java.util.Map.get(Object)" because "map" is null
	at org.apache.commons.configuration2.builder.TestBasicBuilderParameters_OE25Dev.testSetPrefixLookups_3_oe(TestBasicBuilderParameters_OE25Dev.java:968)

[ERROR] testSetPrefixLookups_4_oe(org.apache.commons.configuration2.builder.TestBasicBuilderParameters_OE25Dev)  Time elapsed: 0 s  <<< ERROR!
java.lang.NullPointerException: Cannot invoke "java.util.Map.size()" because "map" is null
	at org.apache.commons.configuration2.builder.TestBasicBuilderParameters_OE25Dev.testSetPrefixLookups_4_oe(TestBasicBuilderParameters_OE25Dev.java:979)

[ERROR] testSetPrefixLookups_5_oe(org.apache.commons.configuration2.builder.TestBasicBuilderParameters_OE25Dev)  Time elapsed: 0 s  <<< FAILURE!
java.lang.AssertionError: No copy in parameters expected not same
	at org.apache.commons.configuration2.builder.TestBasicBuilderParameters_OE25Dev.testSetPrefixLookups_5_oe(TestBasicBuilderParameters_OE25Dev.java:992)

[ERROR] testSetThrowExceptionOnMissing_2_oe(org.apache.commons.configuration2.builder.TestBasicBuilderParameters_OE25Dev)  Time elapsed: 0 s  <<< FAILURE!
java.lang.AssertionError: Wrong flag value expected:<true> but was:<null>
	at org.apache.commons.configuration2.builder.TestBasicBuilderParameters_OE25Dev.testSetThrowExceptionOnMissing_2_oe(TestBasicBuilderParameters_OE25Dev.java:1025)

[ERROR] testSetParentInterpolator_2_oe(org.apache.commons.configuration2.builder.TestBasicBuilderParameters_OE25Dev)  Time elapsed: 0 s  <<< FAILURE!
java.lang.AssertionError: Wrong parent expected same:<EasyMock for class org.apache.commons.configuration2.interpol.ConfigurationInterpolator> was not:<null>
	at org.apache.commons.configuration2.builder.TestBasicBuilderParameters_OE25Dev.testSetParentInterpolator_2_oe(TestBasicBuilderParameters_OE25Dev.java:942)

[ERROR] testSetConversionHandler_2_oe(org.apache.commons.configuration2.builder.TestBasicBuilderParameters_OE25Dev)  Time elapsed: 0 s  <<< FAILURE!
java.lang.AssertionError: ConversionHandler not set expected same:<EasyMock for interface org.apache.commons.configuration2.convert.ConversionHandler> was not:<null>
	at org.apache.commons.configuration2.builder.TestBasicBuilderParameters_OE25Dev.testSetConversionHandler_2_oe(TestBasicBuilderParameters_OE25Dev.java:780)

[ERROR] testSetSynchronizer_2_oe(org.apache.commons.configuration2.builder.TestBasicBuilderParameters_OE25Dev)  Time elapsed: 0.001 s  <<< FAILURE!
java.lang.AssertionError: Synchronizer not set expected same:<EasyMock for interface org.apache.commons.configuration2.sync.Synchronizer> was not:<null>
	at org.apache.commons.configuration2.builder.TestBasicBuilderParameters_OE25Dev.testSetSynchronizer_2_oe(TestBasicBuilderParameters_OE25Dev.java:1014)

[INFO] Running org.apache.commons.configuration2.builder.TestBasicConfigurationBuilderEvents_OE25Dev
[INFO] Tests run: 12, Failures: 0, Errors: 0, Skipped: 0, Time elapsed: 0 s - in org.apache.commons.configuration2.builder.TestBasicConfigurationBuilderEvents_OE25Dev
[INFO] Running org.apache.commons.configuration2.builder.TestXMLBuilderParametersImpl_OE25Dev
[ERROR] Tests run: 22, Failures: 7, Errors: 0, Skipped: 0, Time elapsed: 0.007 s <<< FAILURE! - in org.apache.commons.configuration2.builder.TestXMLBuilderParametersImpl_OE25Dev
[ERROR] testSetPublicID_2_oe(org.apache.commons.configuration2.builder.TestXMLBuilderParametersImpl_OE25Dev)  Time elapsed: 0 s  <<< FAILURE!
java.lang.AssertionError: ID not in parameters expected:<testPublicID> but was:<null>
	at org.apache.commons.configuration2.builder.TestXMLBuilderParametersImpl_OE25Dev.testSetPublicID_2_oe(TestXMLBuilderParametersImpl_OE25Dev.java:257)

[ERROR] testSetSystemID_2_oe(org.apache.commons.configuration2.builder.TestXMLBuilderParametersImpl_OE25Dev)  Time elapsed: 0 s  <<< FAILURE!
java.lang.AssertionError: ID not in parameters expected:<testSystemID> but was:<null>
	at org.apache.commons.configuration2.builder.TestXMLBuilderParametersImpl_OE25Dev.testSetSystemID_2_oe(TestXMLBuilderParametersImpl_OE25Dev.java:281)

[ERROR] testSetSchemaValidation_2_oe(org.apache.commons.configuration2.builder.TestXMLBuilderParametersImpl_OE25Dev)  Time elapsed: 0 s  <<< FAILURE!
java.lang.AssertionError: Flag not in parameters expected:<false> but was:<null>
	at org.apache.commons.configuration2.builder.TestXMLBuilderParametersImpl_OE25Dev.testSetSchemaValidation_2_oe(TestXMLBuilderParametersImpl_OE25Dev.java:268)

[ERROR] testSetEntityResolver_2_oe(org.apache.commons.configuration2.builder.TestXMLBuilderParametersImpl_OE25Dev)  Time elapsed: 0 s  <<< FAILURE!
java.lang.AssertionError: Resolver not set expected same:<EasyMock for interface org.xml.sax.EntityResolver> was not:<null>
	at org.apache.commons.configuration2.builder.TestXMLBuilderParametersImpl_OE25Dev.testSetEntityResolver_2_oe(TestXMLBuilderParametersImpl_OE25Dev.java:235)

[ERROR] testSetEntityResolver_3_oe(org.apache.commons.configuration2.builder.TestXMLBuilderParametersImpl_OE25Dev)  Time elapsed: 0 s  <<< FAILURE!
java.lang.AssertionError: Resolver not in parameters expected same:<EasyMock for interface org.xml.sax.EntityResolver> was not:<null>
	at org.apache.commons.configuration2.builder.TestXMLBuilderParametersImpl_OE25Dev.testSetEntityResolver_3_oe(TestXMLBuilderParametersImpl_OE25Dev.java:244)

[ERROR] testSetDocumentBuilder_2_oe(org.apache.commons.configuration2.builder.TestXMLBuilderParametersImpl_OE25Dev)  Time elapsed: 0 s  <<< FAILURE!
java.lang.AssertionError: Builder not in parameters expected same:<EasyMock for class javax.xml.parsers.DocumentBuilder> was not:<null>
	at org.apache.commons.configuration2.builder.TestXMLBuilderParametersImpl_OE25Dev.testSetDocumentBuilder_2_oe(TestXMLBuilderParametersImpl_OE25Dev.java:220)

[ERROR] testSetValidating_2_oe(org.apache.commons.configuration2.builder.TestXMLBuilderParametersImpl_OE25Dev)  Time elapsed: 0 s  <<< FAILURE!
java.lang.AssertionError: Flag not in parameters expected:<true> but was:<null>
	at org.apache.commons.configuration2.builder.TestXMLBuilderParametersImpl_OE25Dev.testSetValidating_2_oe(TestXMLBuilderParametersImpl_OE25Dev.java:292)

[INFO] Running org.apache.commons.configuration2.builder.TestFileBasedConfigurationBuilder_OE25Dev
[INFO] Tests run: 28, Failures: 0, Errors: 0, Skipped: 0, Time elapsed: 0.077 s - in org.apache.commons.configuration2.builder.TestFileBasedConfigurationBuilder_OE25Dev
[INFO] Running org.apache.commons.configuration2.builder.TestDefaultReloadingDetectorFactory_OE25Dev
[INFO] Tests run: 3, Failures: 0, Errors: 0, Skipped: 0, Time elapsed: 0.008 s - in org.apache.commons.configuration2.builder.TestDefaultReloadingDetectorFactory_OE25Dev
[INFO] Running org.apache.commons.configuration2.builder.TestDatabaseBuilderParametersImpl_OE25Dev
[ERROR] Tests run: 16, Failures: 7, Errors: 0, Skipped: 0, Time elapsed: 0 s <<< FAILURE! - in org.apache.commons.configuration2.builder.TestDatabaseBuilderParametersImpl_OE25Dev
[ERROR] testSetKeyColumn_2_oe(org.apache.commons.configuration2.builder.TestDatabaseBuilderParametersImpl_OE25Dev)  Time elapsed: 0 s  <<< FAILURE!
java.lang.AssertionError: Wrong key column name expected:<KEY_COLUMN> but was:<null>
	at org.apache.commons.configuration2.builder.TestDatabaseBuilderParametersImpl_OE25Dev.testSetKeyColumn_2_oe(TestDatabaseBuilderParametersImpl_OE25Dev.java:155)

[ERROR] testSetConfigurationNameColumn_2_oe(org.apache.commons.configuration2.builder.TestDatabaseBuilderParametersImpl_OE25Dev)  Time elapsed: 0 s  <<< FAILURE!
java.lang.AssertionError: Wrong configuration name column expected:<CONFIG_COLUMN> but was:<null>
	at org.apache.commons.configuration2.builder.TestDatabaseBuilderParametersImpl_OE25Dev.testSetConfigurationNameColumn_2_oe(TestDatabaseBuilderParametersImpl_OE25Dev.java:127)

[ERROR] testSetConfigurationName_2_oe(org.apache.commons.configuration2.builder.TestDatabaseBuilderParametersImpl_OE25Dev)  Time elapsed: 0 s  <<< FAILURE!
java.lang.AssertionError: Wrong configuration name expected:<TestConfiguration> but was:<null>
	at org.apache.commons.configuration2.builder.TestDatabaseBuilderParametersImpl_OE25Dev.testSetConfigurationName_2_oe(TestDatabaseBuilderParametersImpl_OE25Dev.java:114)

[ERROR] testSetDataSource_2_oe(org.apache.commons.configuration2.builder.TestDatabaseBuilderParametersImpl_OE25Dev)  Time elapsed: 0 s  <<< FAILURE!
java.lang.AssertionError: Data source not set expected same:<EasyMock for interface javax.sql.DataSource> was not:<null>
	at org.apache.commons.configuration2.builder.TestDatabaseBuilderParametersImpl_OE25Dev.testSetDataSource_2_oe(TestDatabaseBuilderParametersImpl_OE25Dev.java:142)

[ERROR] testSetAutoCommit_2_oe(org.apache.commons.configuration2.builder.TestDatabaseBuilderParametersImpl_OE25Dev)  Time elapsed: 0 s  <<< FAILURE!
java.lang.AssertionError: Wrong auto commit flag expected:<true> but was:<null>
	at org.apache.commons.configuration2.builder.TestDatabaseBuilderParametersImpl_OE25Dev.testSetAutoCommit_2_oe(TestDatabaseBuilderParametersImpl_OE25Dev.java:101)

[ERROR] testSetTable_2_oe(org.apache.commons.configuration2.builder.TestDatabaseBuilderParametersImpl_OE25Dev)  Time elapsed: 0 s  <<< FAILURE!
java.lang.AssertionError: Wrong table name expected:<TestTable> but was:<null>
	at org.apache.commons.configuration2.builder.TestDatabaseBuilderParametersImpl_OE25Dev.testSetTable_2_oe(TestDatabaseBuilderParametersImpl_OE25Dev.java:168)

[ERROR] testSetValueColumn_2_oe(org.apache.commons.configuration2.builder.TestDatabaseBuilderParametersImpl_OE25Dev)  Time elapsed: 0 s  <<< FAILURE!
java.lang.AssertionError: Wrong value column name expected:<VALUE_COLUMN> but was:<null>
	at org.apache.commons.configuration2.builder.TestDatabaseBuilderParametersImpl_OE25Dev.testSetValueColumn_2_oe(TestDatabaseBuilderParametersImpl_OE25Dev.java:181)

[INFO] Running org.apache.commons.configuration2.builder.TestDefaultParametersManager_OE25Dev
[INFO] Tests run: 1, Failures: 0, Errors: 0, Skipped: 0, Time elapsed: 0 s - in org.apache.commons.configuration2.builder.TestDefaultParametersManager_OE25Dev
[INFO] Running org.apache.commons.configuration2.builder.TestReloadingFileBasedConfigurationBuilder_OE25Dev
[ERROR] Tests run: 12, Failures: 1, Errors: 0, Skipped: 0, Time elapsed: 0.006 s <<< FAILURE! - in org.apache.commons.configuration2.builder.TestReloadingFileBasedConfigurationBuilder_OE25Dev
[ERROR] testReloadingDetectorIsReloadingRequired_2_oe(org.apache.commons.configuration2.builder.TestReloadingFileBasedConfigurationBuilder_OE25Dev)  Time elapsed: 0.005 s  <<< FAILURE!
java.lang.AssertionError: Wrong result (2)
	at org.apache.commons.configuration2.builder.TestReloadingFileBasedConfigurationBuilder_OE25Dev.testReloadingDetectorIsReloadingRequired_2_oe(TestReloadingFileBasedConfigurationBuilder_OE25Dev.java:232)

[INFO] Running org.apache.commons.configuration2.builder.TestJndiBuilderParametersImpl_OE25Dev
[ERROR] Tests run: 7, Failures: 2, Errors: 0, Skipped: 0, Time elapsed: 0.007 s <<< FAILURE! - in org.apache.commons.configuration2.builder.TestJndiBuilderParametersImpl_OE25Dev
[ERROR] testSetContext_2_oe(org.apache.commons.configuration2.builder.TestJndiBuilderParametersImpl_OE25Dev)  Time elapsed: 0 s  <<< FAILURE!
java.lang.AssertionError: Context not in map expected same:<EasyMock for interface javax.naming.Context> was not:<null>
	at org.apache.commons.configuration2.builder.TestJndiBuilderParametersImpl_OE25Dev.testSetContext_2_oe(TestJndiBuilderParametersImpl_OE25Dev.java:104)

[ERROR] testSetPrefix_2_oe(org.apache.commons.configuration2.builder.TestJndiBuilderParametersImpl_OE25Dev)  Time elapsed: 0 s  <<< FAILURE!
java.lang.AssertionError: Prefix not in map expected:<testJndiPrefix> but was:<null>
	at org.apache.commons.configuration2.builder.TestJndiBuilderParametersImpl_OE25Dev.testSetPrefix_2_oe(TestJndiBuilderParametersImpl_OE25Dev.java:118)

[INFO] Running org.apache.commons.configuration2.builder.TestFileBasedBuilderParameters_OE25Dev
[ERROR] Tests run: 52, Failures: 9, Errors: 1, Skipped: 0, Time elapsed: 0.015 s <<< FAILURE! - in org.apache.commons.configuration2.builder.TestFileBasedBuilderParameters_OE25Dev
[ERROR] testSetPath_2_oe(org.apache.commons.configuration2.builder.TestFileBasedBuilderParameters_OE25Dev)  Time elapsed: 0 s  <<< FAILURE!
java.lang.AssertionError: Wrong path expected:</home/tasfia/Desktop/OE25-DEV/projects_decomposed/commons-configuration2-2.8.0-src/target/test-classes/test.properties> but was:<null>
	at org.apache.commons.configuration2.builder.TestFileBasedBuilderParameters_OE25Dev.testSetPath_2_oe(TestFileBasedBuilderParameters_OE25Dev.java:646)

[ERROR] testSetLocationStrategy_2_oe(org.apache.commons.configuration2.builder.TestFileBasedBuilderParameters_OE25Dev)  Time elapsed: 0 s  <<< FAILURE!
java.lang.AssertionError: Wrong location strategy expected same:<EasyMock for interface org.apache.commons.configuration2.io.FileLocationStrategy> was not:<org.apache.commons.configuration2.io.CombinedLocationStrategy@15800a35>
	at org.apache.commons.configuration2.builder.TestFileBasedBuilderParameters_OE25Dev.testSetLocationStrategy_2_oe(TestFileBasedBuilderParameters_OE25Dev.java:631)

[ERROR] testSetReloadingDetectorFactory_3_oe(org.apache.commons.configuration2.builder.TestFileBasedBuilderParameters_OE25Dev)  Time elapsed: 0.001 s  <<< FAILURE!
java.lang.AssertionError: Factory not set expected same:<EasyMock for interface org.apache.commons.configuration2.builder.ReloadingDetectorFactory> was not:<null>
	at org.apache.commons.configuration2.builder.TestFileBasedBuilderParameters_OE25Dev.testSetReloadingDetectorFactory_3_oe(TestFileBasedBuilderParameters_OE25Dev.java:673)

[ERROR] testSetReloadingRefreshDelay_2_oe(org.apache.commons.configuration2.builder.TestFileBasedBuilderParameters_OE25Dev)  Time elapsed: 0 s  <<< FAILURE!
java.lang.AssertionError: Wrong delay expected:<10000> but was:<null>
	at org.apache.commons.configuration2.builder.TestFileBasedBuilderParameters_OE25Dev.testSetReloadingRefreshDelay_2_oe(TestFileBasedBuilderParameters_OE25Dev.java:688)

[ERROR] testSetFileSystem_2_oe(org.apache.commons.configuration2.builder.TestFileBasedBuilderParameters_OE25Dev)  Time elapsed: 0.005 s  <<< FAILURE!
java.lang.AssertionError: Wrong file system expected same:<EasyMock for class org.apache.commons.configuration2.io.FileSystem> was not:<org.apache.commons.configuration2.io.DefaultFileSystem@726cda5b>
	at org.apache.commons.configuration2.builder.TestFileBasedBuilderParameters_OE25Dev.testSetFileSystem_2_oe(TestFileBasedBuilderParameters_OE25Dev.java:614)

[ERROR] testSetBasePath_2_oe(org.apache.commons.configuration2.builder.TestFileBasedBuilderParameters_OE25Dev)  Time elapsed: 0 s  <<< FAILURE!
java.lang.AssertionError: Wrong path expected:</home/tasfia/Desktop/OE25-DEV/projects_decomposed/commons-configuration2-2.8.0-src/target/test-classes> but was:<null>
	at org.apache.commons.configuration2.builder.TestFileBasedBuilderParameters_OE25Dev.testSetBasePath_2_oe(TestFileBasedBuilderParameters_OE25Dev.java:552)

[ERROR] testSetEncoding_2_oe(org.apache.commons.configuration2.builder.TestFileBasedBuilderParameters_OE25Dev)  Time elapsed: 0 s  <<< FAILURE!
java.lang.AssertionError: Wrong encoding expected same:<ISO-8859-1> was not:<null>
	at org.apache.commons.configuration2.builder.TestFileBasedBuilderParameters_OE25Dev.testSetEncoding_2_oe(TestFileBasedBuilderParameters_OE25Dev.java:567)

[ERROR] testSetFileName_2_oe(org.apache.commons.configuration2.builder.TestFileBasedBuilderParameters_OE25Dev)  Time elapsed: 0 s  <<< FAILURE!
java.lang.AssertionError: Wrong name expected:<testConfig.xml> but was:<null>
	at org.apache.commons.configuration2.builder.TestFileBasedBuilderParameters_OE25Dev.testSetFileName_2_oe(TestFileBasedBuilderParameters_OE25Dev.java:597)

[ERROR] testSetURL_2_oe(org.apache.commons.configuration2.builder.TestFileBasedBuilderParameters_OE25Dev)  Time elapsed: 0 s  <<< ERROR!
java.lang.NullPointerException: Cannot invoke "java.net.URL.toExternalForm()" because the return value of "org.apache.commons.configuration2.io.FileHandler.getURL()" is null
	at org.apache.commons.configuration2.builder.TestFileBasedBuilderParameters_OE25Dev.testSetURL_2_oe(TestFileBasedBuilderParameters_OE25Dev.java:703)

[ERROR] testSetFile_2_oe(org.apache.commons.configuration2.builder.TestFileBasedBuilderParameters_OE25Dev)  Time elapsed: 0 s  <<< FAILURE!
java.lang.AssertionError: Wrong file expected:</home/tasfia/Desktop/OE25-DEV/projects_decomposed/commons-configuration2-2.8.0-src/target/test-classes/test.properties> but was:<null>
	at org.apache.commons.configuration2.builder.TestFileBasedBuilderParameters_OE25Dev.testSetFile_2_oe(TestFileBasedBuilderParameters_OE25Dev.java:582)

[INFO] Running org.apache.commons.configuration2.builder.TestEventListenerParameters_OE25Dev
[ERROR] Tests run: 9, Failures: 2, Errors: 3, Skipped: 0, Time elapsed: 0 s <<< FAILURE! - in org.apache.commons.configuration2.builder.TestEventListenerParameters_OE25Dev
[ERROR] testAddEventListener_2_oe(org.apache.commons.configuration2.builder.TestEventListenerParameters_OE25Dev)  Time elapsed: 0 s  <<< FAILURE!
java.lang.AssertionError: Wrong number of registrations expected:<1> but was:<0>
	at org.apache.commons.configuration2.builder.TestEventListenerParameters_OE25Dev.testAddEventListener_2_oe(TestEventListenerParameters_OE25Dev.java:61)

[ERROR] testAddEventListener_3_oe(org.apache.commons.configuration2.builder.TestEventListenerParameters_OE25Dev)  Time elapsed: 0 s  <<< ERROR!
java.lang.ArrayIndexOutOfBoundsException: Index 0 out of bounds for length 0
	at org.apache.commons.configuration2.builder.TestEventListenerParameters_OE25Dev.testAddEventListener_3_oe(TestEventListenerParameters_OE25Dev.java:70)

[ERROR] testAddEventListener_4_oe(org.apache.commons.configuration2.builder.TestEventListenerParameters_OE25Dev)  Time elapsed: 0 s  <<< ERROR!
java.lang.ArrayIndexOutOfBoundsException: Index 0 out of bounds for length 0
	at org.apache.commons.configuration2.builder.TestEventListenerParameters_OE25Dev.testAddEventListener_4_oe(TestEventListenerParameters_OE25Dev.java:80)

[ERROR] testAddEventListenerRegistration_2_oe(org.apache.commons.configuration2.builder.TestEventListenerParameters_OE25Dev)  Time elapsed: 0 s  <<< FAILURE!
java.lang.AssertionError: Wrong number of registrations expected:<1> but was:<0>
	at org.apache.commons.configuration2.builder.TestEventListenerParameters_OE25Dev.testAddEventListenerRegistration_2_oe(TestEventListenerParameters_OE25Dev.java:99)

[ERROR] testAddEventListenerRegistration_3_oe(org.apache.commons.configuration2.builder.TestEventListenerParameters_OE25Dev)  Time elapsed: 0 s  <<< ERROR!
java.lang.ArrayIndexOutOfBoundsException: Index 0 out of bounds for length 0
	at org.apache.commons.configuration2.builder.TestEventListenerParameters_OE25Dev.testAddEventListenerRegistration_3_oe(TestEventListenerParameters_OE25Dev.java:109)

[INFO] Running org.apache.commons.configuration2.builder.fluent.TestConfigurations_OE25Dev
[INFO] Tests run: 7, Failures: 0, Errors: 0, Skipped: 0, Time elapsed: 0.004 s - in org.apache.commons.configuration2.builder.fluent.TestConfigurations_OE25Dev
[INFO] Running org.apache.commons.configuration2.builder.fluent.TestParameters_OE25Dev
[INFO] Tests run: 28, Failures: 0, Errors: 0, Skipped: 0, Time elapsed: 0.031 s - in org.apache.commons.configuration2.builder.fluent.TestParameters_OE25Dev
[INFO] Running org.apache.commons.configuration2.TestJNDIConfiguration_OE25Dev
[ERROR] Tests run: 19, Failures: 4, Errors: 0, Skipped: 0, Time elapsed: 0.016 s <<< FAILURE! - in org.apache.commons.configuration2.TestJNDIConfiguration_OE25Dev
[ERROR] testContainsKeyError_1_oe(org.apache.commons.configuration2.TestJNDIConfiguration_OE25Dev)  Time elapsed: 0.002 s  <<< FAILURE!
java.lang.AssertionError: Too many events received
	at org.apache.commons.configuration2.TestJNDIConfiguration_OE25Dev.tearDown(TestJNDIConfiguration_OE25Dev.java:145)

[ERROR] testGetPropertyError_1_oe(org.apache.commons.configuration2.TestJNDIConfiguration_OE25Dev)  Time elapsed: 0.001 s  <<< FAILURE!
java.lang.AssertionError: Too many events received
	at org.apache.commons.configuration2.TestJNDIConfiguration_OE25Dev.tearDown(TestJNDIConfiguration_OE25Dev.java:145)

[ERROR] testGetKeysError_1_oe(org.apache.commons.configuration2.TestJNDIConfiguration_OE25Dev)  Time elapsed: 0 s  <<< FAILURE!
java.lang.AssertionError: Too many events received
	at org.apache.commons.configuration2.TestJNDIConfiguration_OE25Dev.tearDown(TestJNDIConfiguration_OE25Dev.java:145)

[ERROR] testIsEmptyError_1_oe(org.apache.commons.configuration2.TestJNDIConfiguration_OE25Dev)  Time elapsed: 0 s  <<< FAILURE!
java.lang.AssertionError: Too many events received
	at org.apache.commons.configuration2.TestJNDIConfiguration_OE25Dev.tearDown(TestJNDIConfiguration_OE25Dev.java:145)

[INFO] Running org.apache.commons.configuration2.TestCatalogResolver_OE25Dev
[INFO] Tests run: 2, Failures: 0, Errors: 0, Skipped: 0, Time elapsed: 0 s - in org.apache.commons.configuration2.TestCatalogResolver_OE25Dev
[INFO] Running org.apache.commons.configuration2.TestCompositeConfiguration_OE25Dev
[INFO] Tests run: 102, Failures: 0, Errors: 0, Skipped: 0, Time elapsed: 0.309 s - in org.apache.commons.configuration2.TestCompositeConfiguration_OE25Dev
[INFO] Running org.apache.commons.configuration2.TestCombinedConfiguration_OE25Dev
[INFO] Tests run: 87, Failures: 0, Errors: 0, Skipped: 0, Time elapsed: 0.247 s - in org.apache.commons.configuration2.TestCombinedConfiguration_OE25Dev
[INFO] Running org.apache.commons.configuration2.TestSubsetConfiguration_OE25Dev
[ERROR] Tests run: 38, Failures: 4, Errors: 0, Skipped: 0, Time elapsed: 0.099 s <<< FAILURE! - in org.apache.commons.configuration2.TestSubsetConfiguration_OE25Dev
[ERROR] testGetKeys_2_oe(org.apache.commons.configuration2.TestSubsetConfiguration_OE25Dev)  Time elapsed: 0 s  <<< FAILURE!
org.junit.ComparisonFailure: 2nd key expected:<[key1]> but was:<[]>
	at org.apache.commons.configuration2.TestSubsetConfiguration_OE25Dev.testGetKeys_2_oe(TestSubsetConfiguration_OE25Dev.java:178)

[ERROR] testGetKeys_3_oe(org.apache.commons.configuration2.TestSubsetConfiguration_OE25Dev)  Time elapsed: 0 s  <<< FAILURE!
java.lang.AssertionError: too many elements
	at org.apache.commons.configuration2.TestSubsetConfiguration_OE25Dev.testGetKeys_3_oe(TestSubsetConfiguration_OE25Dev.java:193)

[ERROR] testGetKeysWithPrefix_2_oe(org.apache.commons.configuration2.TestSubsetConfiguration_OE25Dev)  Time elapsed: 0 s  <<< FAILURE!
org.junit.ComparisonFailure: 2nd key expected:<abc[.key1]> but was:<abc[]>
	at org.apache.commons.configuration2.TestSubsetConfiguration_OE25Dev.testGetKeysWithPrefix_2_oe(TestSubsetConfiguration_OE25Dev.java:220)

[ERROR] testGetKeysWithPrefix_3_oe(org.apache.commons.configuration2.TestSubsetConfiguration_OE25Dev)  Time elapsed: 0 s  <<< FAILURE!
java.lang.AssertionError: too many elements
	at org.apache.commons.configuration2.TestSubsetConfiguration_OE25Dev.testGetKeysWithPrefix_3_oe(TestSubsetConfiguration_OE25Dev.java:235)

[INFO] Running org.apache.commons.configuration2.TestBaseNullConfiguration_OE25Dev
[INFO] Tests run: 58, Failures: 0, Errors: 0, Skipped: 0, Time elapsed: 0.012 s - in org.apache.commons.configuration2.TestBaseNullConfiguration_OE25Dev
[INFO] Running org.apache.commons.configuration2.TestDataConfiguration_OE25Dev
[ERROR] Tests run: 385, Failures: 1, Errors: 0, Skipped: 0, Time elapsed: 0.424 s <<< FAILURE! - in org.apache.commons.configuration2.TestDataConfiguration_OE25Dev
[ERROR] testGetKeys_3_oe(org.apache.commons.configuration2.TestDataConfiguration_OE25Dev)  Time elapsed: 0 s  <<< FAILURE!
java.lang.AssertionError: the iterator is not exhausted
	at org.apache.commons.configuration2.TestDataConfiguration_OE25Dev.testGetKeys_3_oe(TestDataConfiguration_OE25Dev.java:7061)

[INFO] Running org.apache.commons.configuration2.TestPropertiesConfigurationLayout_OE25Dev
[ERROR] Tests run: 69, Failures: 1, Errors: 0, Skipped: 0, Time elapsed: 0.015 s <<< FAILURE! - in org.apache.commons.configuration2.TestPropertiesConfigurationLayout_OE25Dev
[ERROR] testInit_5_oe(org.apache.commons.configuration2.TestPropertiesConfigurationLayout_OE25Dev)  Time elapsed: 0 s  <<< FAILURE!
java.lang.AssertionError: Multiple event listeners registered
	at org.apache.commons.configuration2.TestPropertiesConfigurationLayout_OE25Dev.testInit_5_oe(TestPropertiesConfigurationLayout_OE25Dev.java:810)

[INFO] Running org.apache.commons.configuration2.TestYAMLConfiguration_OE25Dev
[INFO] Tests run: 19, Failures: 0, Errors: 0, Skipped: 0, Time elapsed: 0.256 s - in org.apache.commons.configuration2.TestYAMLConfiguration_OE25Dev
[INFO] Running org.apache.commons.configuration2.TestConfigurationMap_OE25Dev
[INFO] Tests run: 4, Failures: 0, Errors: 0, Skipped: 0, Time elapsed: 0 s - in org.apache.commons.configuration2.TestConfigurationMap_OE25Dev
[INFO] Running org.apache.commons.configuration2.TestNullCompositeConfiguration_OE25Dev
[INFO] Tests run: 65, Failures: 0, Errors: 0, Skipped: 0, Time elapsed: 0.229 s - in org.apache.commons.configuration2.TestNullCompositeConfiguration_OE25Dev
[INFO] Running org.apache.commons.configuration2.TestJSONConfiguration_OE25Dev
[INFO] Tests run: 20, Failures: 0, Errors: 0, Skipped: 0, Time elapsed: 0.248 s - in org.apache.commons.configuration2.TestJSONConfiguration_OE25Dev
[INFO] Running org.apache.commons.configuration2.TestDefaultImmutableConfiguration_OE25Dev
[INFO] Tests run: 4, Failures: 0, Errors: 0, Skipped: 0, Time elapsed: 0.002 s - in org.apache.commons.configuration2.TestDefaultImmutableConfiguration_OE25Dev
[INFO] Running org.apache.commons.configuration2.TestStrictConfigurationComparator_OE25Dev
[INFO] Tests run: 9, Failures: 0, Errors: 0, Skipped: 0, Time elapsed: 0.001 s - in org.apache.commons.configuration2.TestStrictConfigurationComparator_OE25Dev
[INFO] Running org.apache.commons.configuration2.TestConfigurationSet_OE25Dev
[INFO] Tests run: 4, Failures: 0, Errors: 0, Skipped: 0, Time elapsed: 0 s - in org.apache.commons.configuration2.TestConfigurationSet_OE25Dev
[INFO] Running org.apache.commons.configuration2.TestConfigurationConverter_OE25Dev
[INFO] Tests run: 13, Failures: 0, Errors: 0, Skipped: 0, Time elapsed: 0.011 s - in org.apache.commons.configuration2.TestConfigurationConverter_OE25Dev
[INFO] Running org.apache.commons.configuration2.TestPropertiesSequence_OE25Dev
[INFO] Tests run: 6, Failures: 0, Errors: 0, Skipped: 0, Time elapsed: 0.038 s - in org.apache.commons.configuration2.TestPropertiesSequence_OE25Dev
[INFO] Running org.apache.commons.configuration2.TestMapConfiguration_OE25Dev
[INFO] Tests run: 11, Failures: 0, Errors: 0, Skipped: 0, Time elapsed: 0 s - in org.apache.commons.configuration2.TestMapConfiguration_OE25Dev
[INFO] Running org.apache.commons.configuration2.spring.TestConfigurationPropertySource_OE25Dev
[INFO] Tests run: 1, Failures: 0, Errors: 0, Skipped: 0, Time elapsed: 0.432 s - in org.apache.commons.configuration2.spring.TestConfigurationPropertySource_OE25Dev
[INFO] Running org.apache.commons.configuration2.spring.TestConfigurationPropertiesFactoryBean_OE25Dev
[INFO] Tests run: 11, Failures: 0, Errors: 0, Skipped: 0, Time elapsed: 0.003 s - in org.apache.commons.configuration2.spring.TestConfigurationPropertiesFactoryBean_OE25Dev
[INFO] Running org.apache.commons.configuration2.TestBaseHierarchicalConfigurationSynchronization_OE25Dev
[INFO] Tests run: 14, Failures: 0, Errors: 0, Skipped: 0, Time elapsed: 0.027 s - in org.apache.commons.configuration2.TestBaseHierarchicalConfigurationSynchronization_OE25Dev
[INFO] Running org.apache.commons.configuration2.TestEqualsProperty_OE25Dev
[INFO] Tests run: 1, Failures: 0, Errors: 0, Skipped: 0, Time elapsed: 0.002 s - in org.apache.commons.configuration2.TestEqualsProperty_OE25Dev
[INFO] Running org.apache.commons.configuration2.TestHierarchicalConfigurationXMLReader_OE25Dev
[INFO] Tests run: 1, Failures: 0, Errors: 0, Skipped: 0, Time elapsed: 0.006 s - in org.apache.commons.configuration2.TestHierarchicalConfigurationXMLReader_OE25Dev
[INFO] Running org.apache.commons.configuration2.TestImmutableConfiguration_OE25Dev
[INFO] Tests run: 17, Failures: 0, Errors: 0, Skipped: 0, Time elapsed: 0.036 s - in org.apache.commons.configuration2.TestImmutableConfiguration_OE25Dev
[INFO] Running org.apache.commons.configuration2.TestNullJNDIEnvironmentValues_OE25Dev
[INFO] Tests run: 17, Failures: 0, Errors: 0, Skipped: 0, Time elapsed: 0.009 s - in org.apache.commons.configuration2.TestNullJNDIEnvironmentValues_OE25Dev
[INFO] Running org.apache.commons.configuration2.TestEnvironmentConfiguration_OE25Dev
[INFO] Tests run: 4, Failures: 0, Errors: 0, Skipped: 0, Time elapsed: 0.002 s - in org.apache.commons.configuration2.TestEnvironmentConfiguration_OE25Dev
[INFO] Running org.apache.commons.configuration2.TestAbstractConfigurationBasicFeatures_OE25Dev
[ERROR] Tests run: 62, Failures: 1, Errors: 0, Skipped: 0, Time elapsed: 0.006 s <<< FAILURE! - in org.apache.commons.configuration2.TestAbstractConfigurationBasicFeatures_OE25Dev
[ERROR] testGetCollection_2_oe(org.apache.commons.configuration2.TestAbstractConfigurationBasicFeatures_OE25Dev)  Time elapsed: 0 s  <<< FAILURE!
java.lang.AssertionError: Wrong converted content expected:<[0, 1, 2, 3, 4, 5, 6, 7, 8, 9, 10, 11]> but was:<[]>
	at org.apache.commons.configuration2.TestAbstractConfigurationBasicFeatures_OE25Dev.testGetCollection_2_oe(TestAbstractConfigurationBasicFeatures_OE25Dev.java:847)

[INFO] Running org.apache.commons.configuration2.TestPatternSubtreeConfiguration_OE25Dev
[INFO] Tests run: 3, Failures: 0, Errors: 0, Skipped: 0, Time elapsed: 0.005 s - in org.apache.commons.configuration2.TestPatternSubtreeConfiguration_OE25Dev
[INFO] Running org.apache.commons.configuration2.tree.TestDefaultConfigurationKey_OE25Dev
[ERROR] Tests run: 115, Failures: 27, Errors: 0, Skipped: 0, Time elapsed: 0.009 s <<< FAILURE! - in org.apache.commons.configuration2.tree.TestDefaultConfigurationKey_OE25Dev
[ERROR] testIterateWithoutEscapeDelimiter_3_oe(org.apache.commons.configuration2.tree.TestDefaultConfigurationKey_OE25Dev)  Time elapsed: 0 s  <<< FAILURE!
java.lang.AssertionError: Too many parts
	at org.apache.commons.configuration2.tree.TestDefaultConfigurationKey_OE25Dev.testIterateWithoutEscapeDelimiter_3_oe(TestDefaultConfigurationKey_OE25Dev.java:1402)

[ERROR] testIterateEscapedDelimiters_3_oe(org.apache.commons.configuration2.tree.TestDefaultConfigurationKey_OE25Dev)  Time elapsed: 0 s  <<< FAILURE!
org.junit.ComparisonFailure: Wrong second part expected:<[trailing.dot.]> but was:<[my.elem]>
	at org.apache.commons.configuration2.tree.TestDefaultConfigurationKey_OE25Dev.testIterateEscapedDelimiters_3_oe(TestDefaultConfigurationKey_OE25Dev.java:1125)

[ERROR] testIterateEscapedDelimiters_4_oe(org.apache.commons.configuration2.tree.TestDefaultConfigurationKey_OE25Dev)  Time elapsed: 0 s  <<< FAILURE!
org.junit.ComparisonFailure: Wrong third part expected:<[strange]> but was:<[my.elem]>
	at org.apache.commons.configuration2.tree.TestDefaultConfigurationKey_OE25Dev.testIterateEscapedDelimiters_4_oe(TestDefaultConfigurationKey_OE25Dev.java:1137)

[ERROR] testIterateEscapedDelimiters_5_oe(org.apache.commons.configuration2.tree.TestDefaultConfigurationKey_OE25Dev)  Time elapsed: 0 s  <<< FAILURE!
java.lang.AssertionError: Too many parts
	at org.apache.commons.configuration2.tree.TestDefaultConfigurationKey_OE25Dev.testIterateEscapedDelimiters_5_oe(TestDefaultConfigurationKey_OE25Dev.java:1150)

[ERROR] testIterateWithRemove_1_oe(org.apache.commons.configuration2.tree.TestDefaultConfigurationKey_OE25Dev)  Time elapsed: 0 s  <<< FAILURE!
java.lang.AssertionError: Expected exception: java.lang.UnsupportedOperationException

[ERROR] testIterateWithRemove_2_oe(org.apache.commons.configuration2.tree.TestDefaultConfigurationKey_OE25Dev)  Time elapsed: 0 s  <<< FAILURE!
java.lang.AssertionError: Expected exception: java.lang.UnsupportedOperationException

[ERROR] testIterateWithRemove_3_oe(org.apache.commons.configuration2.tree.TestDefaultConfigurationKey_OE25Dev)  Time elapsed: 0 s  <<< FAILURE!
java.lang.AssertionError: Expected exception: java.lang.UnsupportedOperationException

[ERROR] testIterateAttributeEqualsPropertyDelimiter_10_oe(org.apache.commons.configuration2.tree.TestDefaultConfigurationKey_OE25Dev)  Time elapsed: 0 s  <<< FAILURE!
java.lang.AssertionError: Wrong decorated key part expected:<key> but was:<null>
	at org.apache.commons.configuration2.tree.TestDefaultConfigurationKey_OE25Dev.testIterateAttributeEqualsPropertyDelimiter_10_oe(TestDefaultConfigurationKey_OE25Dev.java:1096)

[ERROR] testIterateAttributeEqualsPropertyDelimiter_4_oe(org.apache.commons.configuration2.tree.TestDefaultConfigurationKey_OE25Dev)  Time elapsed: 0.001 s  <<< FAILURE!
org.junit.ComparisonFailure: Wrong second key part expected:<[isa]> but was:<[this]>
	at org.apache.commons.configuration2.tree.TestDefaultConfigurationKey_OE25Dev.testIterateAttributeEqualsPropertyDelimiter_4_oe(TestDefaultConfigurationKey_OE25Dev.java:997)

[ERROR] testIterateAttributeEqualsPropertyDelimiter_7_oe(org.apache.commons.configuration2.tree.TestDefaultConfigurationKey_OE25Dev)  Time elapsed: 0 s  <<< FAILURE!
org.junit.ComparisonFailure: Wrong third key part expected:<[key]> but was:<[this]>
	at org.apache.commons.configuration2.tree.TestDefaultConfigurationKey_OE25Dev.testIterateAttributeEqualsPropertyDelimiter_7_oe(TestDefaultConfigurationKey_OE25Dev.java:1042)

[ERROR] testIterateAttributeEqualsPropertyDelimiter_8_oe(org.apache.commons.configuration2.tree.TestDefaultConfigurationKey_OE25Dev)  Time elapsed: 0 s  <<< FAILURE!
java.lang.AssertionError: Third part is not an attribute
	at org.apache.commons.configuration2.tree.TestDefaultConfigurationKey_OE25Dev.testIterateAttributeEqualsPropertyDelimiter_8_oe(TestDefaultConfigurationKey_OE25Dev.java:1059)

[ERROR] testIterateStrangeKeys_3_oe(org.apache.commons.configuration2.tree.TestDefaultConfigurationKey_OE25Dev)  Time elapsed: 0 s  <<< FAILURE!
java.lang.AssertionError: Too many key parts
	at org.apache.commons.configuration2.tree.TestDefaultConfigurationKey_OE25Dev.testIterateStrangeKeys_3_oe(TestDefaultConfigurationKey_OE25Dev.java:1174)

[ERROR] testIterateStrangeKeys_7_oe(org.apache.commons.configuration2.tree.TestDefaultConfigurationKey_OE25Dev)  Time elapsed: 0 s  <<< FAILURE!
org.junit.ComparisonFailure: Wrong second part expected:<[index()undefined]> but was:<[key()]>
	at org.apache.commons.configuration2.tree.TestDefaultConfigurationKey_OE25Dev.testIterateStrangeKeys_7_oe(TestDefaultConfigurationKey_OE25Dev.java:1241)

[ERROR] testIterateStrangeKeys_8_oe(org.apache.commons.configuration2.tree.TestDefaultConfigurationKey_OE25Dev)  Time elapsed: 0 s  <<< FAILURE!
java.lang.AssertionError: No index detected in second part
	at org.apache.commons.configuration2.tree.TestDefaultConfigurationKey_OE25Dev.testIterateStrangeKeys_8_oe(TestDefaultConfigurationKey_OE25Dev.java:1261)

[ERROR] testIterate_11_oe(org.apache.commons.configuration2.tree.TestDefaultConfigurationKey_OE25Dev)  Time elapsed: 0 s  <<< FAILURE!
java.lang.AssertionError: Wrong current key expected:<field> but was:<null>
	at org.apache.commons.configuration2.tree.TestDefaultConfigurationKey_OE25Dev.testIterate_11_oe(TestDefaultConfigurationKey_OE25Dev.java:809)

[ERROR] testIterate_12_oe(org.apache.commons.configuration2.tree.TestDefaultConfigurationKey_OE25Dev)  Time elapsed: 0 s  <<< FAILURE!
org.junit.ComparisonFailure: Wrong key part expected:<[dataType]> but was:<[tables]>
	at org.apache.commons.configuration2.tree.TestDefaultConfigurationKey_OE25Dev.testIterate_12_oe(TestDefaultConfigurationKey_OE25Dev.java:827)

[ERROR] testIterate_13_oe(org.apache.commons.configuration2.tree.TestDefaultConfigurationKey_OE25Dev)  Time elapsed: 0 s  <<< FAILURE!
java.lang.AssertionError: Wrong decorated key part expected:<[@dataType]> but was:<null>
	at org.apache.commons.configuration2.tree.TestDefaultConfigurationKey_OE25Dev.testIterate_13_oe(TestDefaultConfigurationKey_OE25Dev.java:846)

[ERROR] testIterate_14_oe(org.apache.commons.configuration2.tree.TestDefaultConfigurationKey_OE25Dev)  Time elapsed: 0 s  <<< FAILURE!
java.lang.AssertionError: Attribute not found
	at org.apache.commons.configuration2.tree.TestDefaultConfigurationKey_OE25Dev.testIterate_14_oe(TestDefaultConfigurationKey_OE25Dev.java:866)

[ERROR] testIterate_15_oe(org.apache.commons.configuration2.tree.TestDefaultConfigurationKey_OE25Dev)  Time elapsed: 0 s  <<< FAILURE!
java.lang.AssertionError: Too many key parts
	at org.apache.commons.configuration2.tree.TestDefaultConfigurationKey_OE25Dev.testIterate_15_oe(TestDefaultConfigurationKey_OE25Dev.java:887)

[ERROR] testIterateAlternativeEscapeDelimiter_3_oe(org.apache.commons.configuration2.tree.TestDefaultConfigurationKey_OE25Dev)  Time elapsed: 0 s  <<< FAILURE!
org.junit.ComparisonFailure: Wrong second part expected:<[trailing.dot.]> but was:<[.my.elem]>
	at org.apache.commons.configuration2.tree.TestDefaultConfigurationKey_OE25Dev.testIterateAlternativeEscapeDelimiter_3_oe(TestDefaultConfigurationKey_OE25Dev.java:922)

[ERROR] testIterateAlternativeEscapeDelimiter_4_oe(org.apache.commons.configuration2.tree.TestDefaultConfigurationKey_OE25Dev)  Time elapsed: 0 s  <<< FAILURE!
org.junit.ComparisonFailure: Wrong third part expected:<[strange]> but was:<[.my.elem]>
	at org.apache.commons.configuration2.tree.TestDefaultConfigurationKey_OE25Dev.testIterateAlternativeEscapeDelimiter_4_oe(TestDefaultConfigurationKey_OE25Dev.java:936)

[ERROR] testIterateAlternativeEscapeDelimiter_5_oe(org.apache.commons.configuration2.tree.TestDefaultConfigurationKey_OE25Dev)  Time elapsed: 0 s  <<< FAILURE!
java.lang.AssertionError: Too many parts
	at org.apache.commons.configuration2.tree.TestDefaultConfigurationKey_OE25Dev.testIterateAlternativeEscapeDelimiter_5_oe(TestDefaultConfigurationKey_OE25Dev.java:951)

[ERROR] testIterate_3_oe(org.apache.commons.configuration2.tree.TestDefaultConfigurationKey_OE25Dev)  Time elapsed: 0 s  <<< FAILURE!
org.junit.ComparisonFailure: Wrong key part expected:<table[]> but was:<table[s]>
	at org.apache.commons.configuration2.tree.TestDefaultConfigurationKey_OE25Dev.testIterate_3_oe(TestDefaultConfigurationKey_OE25Dev.java:701)

[ERROR] testIterate_4_oe(org.apache.commons.configuration2.tree.TestDefaultConfigurationKey_OE25Dev)  Time elapsed: 0 s  <<< FAILURE!
java.lang.AssertionError: No index found
	at org.apache.commons.configuration2.tree.TestDefaultConfigurationKey_OE25Dev.testIterate_4_oe(TestDefaultConfigurationKey_OE25Dev.java:711)

[ERROR] testIterate_6_oe(org.apache.commons.configuration2.tree.TestDefaultConfigurationKey_OE25Dev)  Time elapsed: 0 s  <<< FAILURE!
org.junit.ComparisonFailure: Wrong key part expected:<[field]s> but was:<[table]s>
	at org.apache.commons.configuration2.tree.TestDefaultConfigurationKey_OE25Dev.testIterate_6_oe(TestDefaultConfigurationKey_OE25Dev.java:734)

[ERROR] testIterate_8_oe(org.apache.commons.configuration2.tree.TestDefaultConfigurationKey_OE25Dev)  Time elapsed: 0 s  <<< FAILURE!
org.junit.ComparisonFailure: Wrong key part expected:<[field]> but was:<[tables]>
	at org.apache.commons.configuration2.tree.TestDefaultConfigurationKey_OE25Dev.testIterate_8_oe(TestDefaultConfigurationKey_OE25Dev.java:761)

[ERROR] testIterate_9_oe(org.apache.commons.configuration2.tree.TestDefaultConfigurationKey_OE25Dev)  Time elapsed: 0 s  <<< FAILURE!
java.lang.AssertionError: Wrong index expected:<1> but was:<0>
	at org.apache.commons.configuration2.tree.TestDefaultConfigurationKey_OE25Dev.testIterate_9_oe(TestDefaultConfigurationKey_OE25Dev.java:776)

[INFO] Running org.apache.commons.configuration2.tree.TestInMemoryNodeModelReferences_OE25Dev
[INFO] Tests run: 17, Failures: 0, Errors: 0, Skipped: 0, Time elapsed: 0.003 s - in org.apache.commons.configuration2.tree.TestInMemoryNodeModelReferences_OE25Dev
[INFO] Running org.apache.commons.configuration2.tree.TestNodeAddData_OE25Dev
[INFO] Tests run: 3, Failures: 0, Errors: 0, Skipped: 0, Time elapsed: 0.001 s - in org.apache.commons.configuration2.tree.TestNodeAddData_OE25Dev
[INFO] Running org.apache.commons.configuration2.tree.TestTrackedNodeHandler_OE25Dev
[INFO] Tests run: 2, Failures: 0, Errors: 0, Skipped: 0, Time elapsed: 0.001 s - in org.apache.commons.configuration2.tree.TestTrackedNodeHandler_OE25Dev
[INFO] Running org.apache.commons.configuration2.tree.TestQueryResult_OE25Dev
[INFO] Tests run: 6, Failures: 0, Errors: 0, Skipped: 0, Time elapsed: 0 s - in org.apache.commons.configuration2.tree.TestQueryResult_OE25Dev
[INFO] Running org.apache.commons.configuration2.tree.TestTrackedNodeModel_OE25Dev
[INFO] Tests run: 3, Failures: 0, Errors: 0, Skipped: 0, Time elapsed: 0.035 s - in org.apache.commons.configuration2.tree.TestTrackedNodeModel_OE25Dev
[INFO] Running org.apache.commons.configuration2.tree.TestNodeSelector_OE25Dev
[INFO] Tests run: 11, Failures: 0, Errors: 0, Skipped: 0, Time elapsed: 0.002 s - in org.apache.commons.configuration2.tree.TestNodeSelector_OE25Dev
[INFO] Running org.apache.commons.configuration2.tree.TestOverrideCombiner_OE25Dev
[INFO] Tests run: 25, Failures: 0, Errors: 0, Skipped: 0, Time elapsed: 0.079 s - in org.apache.commons.configuration2.tree.TestOverrideCombiner_OE25Dev
[INFO] Running org.apache.commons.configuration2.tree.TestNodeUpdateData_OE25Dev
[INFO] Tests run: 9, Failures: 0, Errors: 0, Skipped: 0, Time elapsed: 0.006 s - in org.apache.commons.configuration2.tree.TestNodeUpdateData_OE25Dev
[INFO] Running org.apache.commons.configuration2.tree.TestUnionCombiner_OE25Dev
[INFO] Tests run: 22, Failures: 0, Errors: 0, Skipped: 0, Time elapsed: 0.06 s - in org.apache.commons.configuration2.tree.TestUnionCombiner_OE25Dev
[INFO] Running org.apache.commons.configuration2.tree.TestNodeNameMatchers_OE25Dev
[INFO] Tests run: 7, Failures: 0, Errors: 0, Skipped: 0, Time elapsed: 0.004 s - in org.apache.commons.configuration2.tree.TestNodeNameMatchers_OE25Dev
[INFO] Running org.apache.commons.configuration2.tree.TestImmutableNode_OE25Dev
[INFO] Tests run: 22, Failures: 0, Errors: 0, Skipped: 0, Time elapsed: 0.003 s - in org.apache.commons.configuration2.tree.TestImmutableNode_OE25Dev
[INFO] Running org.apache.commons.configuration2.tree.TestInMemoryNodeModel_OE25Dev
[ERROR] Tests run: 56, Failures: 1, Errors: 2, Skipped: 0, Time elapsed: 0.1 s <<< FAILURE! - in org.apache.commons.configuration2.tree.TestInMemoryNodeModel_OE25Dev
[ERROR] testAddPropertyWithPathNodes_3_oe(org.apache.commons.configuration2.tree.TestInMemoryNodeModel_OE25Dev)  Time elapsed: 0.003 s  <<< FAILURE!
org.junit.ComparisonFailure: Wrong value expected:<[Troja]> but was:<[Beach]>
	at org.apache.commons.configuration2.tree.TestInMemoryNodeModel_OE25Dev.testAddPropertyWithPathNodes_3_oe(TestInMemoryNodeModel_OE25Dev.java:546)

[ERROR] testConcurrentUpdate_2_oe(org.apache.commons.configuration2.tree.TestInMemoryNodeModel_OE25Dev)  Time elapsed: 0.03 s  <<< ERROR!
java.lang.IllegalStateException: No match found
	at org.apache.commons.configuration2.tree.TestInMemoryNodeModel_OE25Dev.testConcurrentUpdate_2_oe(TestInMemoryNodeModel_OE25Dev.java:1021)

[ERROR] testConcurrentUpdate_3_oe(org.apache.commons.configuration2.tree.TestInMemoryNodeModel_OE25Dev)  Time elapsed: 0.009 s  <<< ERROR!
java.lang.IllegalStateException: No match found
	at org.apache.commons.configuration2.tree.TestInMemoryNodeModel_OE25Dev.testConcurrentUpdate_3_oe(TestInMemoryNodeModel_OE25Dev.java:1063)

[INFO] Running org.apache.commons.configuration2.tree.xpath.TestConfigurationNodePointer_OE25Dev
[INFO] Tests run: 7, Failures: 0, Errors: 0, Skipped: 0, Time elapsed: 0.008 s - in org.apache.commons.configuration2.tree.xpath.TestConfigurationNodePointer_OE25Dev
[INFO] Running org.apache.commons.configuration2.tree.xpath.TestConfigurationAttributePointer_OE25Dev
[INFO] Tests run: 17, Failures: 0, Errors: 0, Skipped: 0, Time elapsed: 0.002 s - in org.apache.commons.configuration2.tree.xpath.TestConfigurationAttributePointer_OE25Dev
[INFO] Running org.apache.commons.configuration2.tree.xpath.TestXPathContextFactory_OE25Dev
[INFO] Tests run: 3, Failures: 0, Errors: 0, Skipped: 0, Time elapsed: 0.004 s - in org.apache.commons.configuration2.tree.xpath.TestXPathContextFactory_OE25Dev
[INFO] Running org.apache.commons.configuration2.tree.xpath.TestConfigurationNodeIteratorChildren_OE25Dev
[ERROR] Tests run: 21, Failures: 1, Errors: 0, Skipped: 0, Time elapsed: 0.017 s <<< FAILURE! - in org.apache.commons.configuration2.tree.xpath.TestConfigurationNodeIteratorChildren_OE25Dev
[ERROR] testIterateStartsWith_3_oe(org.apache.commons.configuration2.tree.xpath.TestConfigurationNodeIteratorChildren_OE25Dev)  Time elapsed: 0.001 s  <<< FAILURE!
org.junit.ComparisonFailure: Wrong node value expected:<[4]> but was:<[5]>
	at org.apache.commons.configuration2.tree.xpath.TestConfigurationNodeIteratorChildren_OE25Dev.testIterateStartsWith_3_oe(TestConfigurationNodeIteratorChildren_OE25Dev.java:187)

[INFO] Running org.apache.commons.configuration2.tree.xpath.TestXPathExpressionEngineInConfig_OE25Dev
[INFO] Tests run: 8, Failures: 0, Errors: 0, Skipped: 0, Time elapsed: 0.023 s - in org.apache.commons.configuration2.tree.xpath.TestXPathExpressionEngineInConfig_OE25Dev
[INFO] Running org.apache.commons.configuration2.tree.xpath.TestXPathExpressionEngine_OE25Dev
[INFO] Tests run: 20, Failures: 0, Errors: 0, Skipped: 0, Time elapsed: 0.014 s - in org.apache.commons.configuration2.tree.xpath.TestXPathExpressionEngine_OE25Dev
[INFO] Running org.apache.commons.configuration2.tree.xpath.TestConfigurationIteratorAttributes_OE25Dev
[INFO] Tests run: 12, Failures: 0, Errors: 0, Skipped: 0, Time elapsed: 0.001 s - in org.apache.commons.configuration2.tree.xpath.TestConfigurationIteratorAttributes_OE25Dev
[INFO] Running org.apache.commons.configuration2.tree.xpath.TestConfigurationNodePointerFactory_OE25Dev
[INFO] Tests run: 5, Failures: 0, Errors: 0, Skipped: 0, Time elapsed: 0.017 s - in org.apache.commons.configuration2.tree.xpath.TestConfigurationNodePointerFactory_OE25Dev
[INFO] Running org.apache.commons.configuration2.tree.TestDefaultExpressionEngine_OE25Dev
[INFO] Tests run: 60, Failures: 0, Errors: 0, Skipped: 0, Time elapsed: 0.005 s - in org.apache.commons.configuration2.tree.TestDefaultExpressionEngine_OE25Dev
[INFO] Running org.apache.commons.configuration2.tree.TestNodeTreeWalker_OE25Dev
[INFO] Tests run: 4, Failures: 0, Errors: 0, Skipped: 0, Time elapsed: 0 s - in org.apache.commons.configuration2.tree.TestNodeTreeWalker_OE25Dev
[INFO] Running org.apache.commons.configuration2.tree.TestDefaultExpressionEngineSymbols_OE25Dev
[INFO] Tests run: 12, Failures: 0, Errors: 0, Skipped: 0, Time elapsed: 0 s - in org.apache.commons.configuration2.tree.TestDefaultExpressionEngineSymbols_OE25Dev
[INFO] Running org.apache.commons.configuration2.tree.TestMergeCombiner_OE25Dev
[INFO] Tests run: 26, Failures: 0, Errors: 0, Skipped: 0, Time elapsed: 0.06 s - in org.apache.commons.configuration2.tree.TestMergeCombiner_OE25Dev
[INFO] Running org.apache.commons.configuration2.tree.TestInMemoryNodeModelTrackedNodes_OE25Dev
[ERROR] Tests run: 44, Failures: 2, Errors: 0, Skipped: 0, Time elapsed: 0.012 s <<< FAILURE! - in org.apache.commons.configuration2.tree.TestInMemoryNodeModelTrackedNodes_OE25Dev
[ERROR] testTrackChildNodes_2_oe(org.apache.commons.configuration2.tree.TestInMemoryNodeModelTrackedNodes_OE25Dev)  Time elapsed: 0 s  <<< FAILURE!
java.lang.AssertionError: Wrong selector expected:<org.apache.commons.configuration2.tree.NodeSelector@6cd0d374[keys=[tables.table(0)]]> but was:<org.apache.commons.configuration2.tree.NodeSelector@7a2b9987[keys=[tables.table(1)]]>
	at org.apache.commons.configuration2.tree.TestInMemoryNodeModelTrackedNodes_OE25Dev.testTrackChildNodes_2_oe(TestInMemoryNodeModelTrackedNodes_OE25Dev.java:935)

[ERROR] testTrackChildNodes_3_oe(org.apache.commons.configuration2.tree.TestInMemoryNodeModelTrackedNodes_OE25Dev)  Time elapsed: 0 s  <<< FAILURE!
java.lang.AssertionError: Wrong tracked node for org.apache.commons.configuration2.tree.NodeSelector@30e31be4[keys=[tables.table(1)]] expected:<org.apache.commons.configuration2.tree.ImmutableNode@5e05dd42(table)> but was:<org.apache.commons.configuration2.tree.ImmutableNode@246701d5(table)>
	at org.apache.commons.configuration2.tree.TestInMemoryNodeModelTrackedNodes_OE25Dev.testTrackChildNodes_3_oe(TestInMemoryNodeModelTrackedNodes_OE25Dev.java:957)

[INFO] Running org.apache.commons.configuration2.plist.TestPropertyListConfiguration_OE25Dev
[INFO] Tests run: 61, Failures: 0, Errors: 0, Skipped: 0, Time elapsed: 0.172 s - in org.apache.commons.configuration2.plist.TestPropertyListConfiguration_OE25Dev
[INFO] Running org.apache.commons.configuration2.plist.TestPropertyListParser_OE25Dev
[INFO] Tests run: 13, Failures: 0, Errors: 0, Skipped: 0, Time elapsed: 0.004 s - in org.apache.commons.configuration2.plist.TestPropertyListParser_OE25Dev
[INFO] Running org.apache.commons.configuration2.TestConfigurationLookup_OE25Dev
[INFO] Tests run: 5, Failures: 0, Errors: 0, Skipped: 0, Time elapsed: 0 s - in org.apache.commons.configuration2.TestConfigurationLookup_OE25Dev
[INFO] Running org.apache.commons.configuration2.TestDynamicCombinedConfiguration_OE25Dev
Failures:
Thread 0 0
Thread 1 100
Thread 2 100
[ERROR] Tests run: 24, Failures: 4, Errors: 0, Skipped: 0, Time elapsed: 20.91 s <<< FAILURE! - in org.apache.commons.configuration2.TestDynamicCombinedConfiguration_OE25Dev
[ERROR] testConcurrentGetAndReloadMultipleClients_2_oe(org.apache.commons.configuration2.TestDynamicCombinedConfiguration_OE25Dev)  Time elapsed: 0.261 s  <<< FAILURE!
java.lang.AssertionError: 200 failures Occurred expected:<0> but was:<200>
	at org.apache.commons.configuration2.TestDynamicCombinedConfiguration_OE25Dev.testConcurrentGetAndReloadMultipleClients_2_oe(TestDynamicCombinedConfiguration_OE25Dev.java:638)

[ERROR] testConcurrentGetAndReloadFile_3_oe(org.apache.commons.configuration2.TestDynamicCombinedConfiguration_OE25Dev)  Time elapsed: 4.047 s  <<< FAILURE!
java.lang.AssertionError: File did not reload, id is null
	at org.apache.commons.configuration2.TestDynamicCombinedConfiguration_OE25Dev.testConcurrentGetAndReloadFile_3_oe(TestDynamicCombinedConfiguration_OE25Dev.java:458)

[ERROR] testConcurrentGetAndReloadFile_4_oe(org.apache.commons.configuration2.TestDynamicCombinedConfiguration_OE25Dev)  Time elapsed: 4.04 s  <<< FAILURE!
org.junit.ComparisonFailure: Incorrect value for rowsPerPage expected:<[25]> but was:<[50]>
	at org.apache.commons.configuration2.TestDynamicCombinedConfiguration_OE25Dev.testConcurrentGetAndReloadFile_4_oe(TestDynamicCombinedConfiguration_OE25Dev.java:498)

[ERROR] testConcurrentGetAndReloadFile_6_oe(org.apache.commons.configuration2.TestDynamicCombinedConfiguration_OE25Dev)  Time elapsed: 4.045 s  <<< FAILURE!
java.lang.AssertionError: expected:<ID0002> but was:<null>
	at org.apache.commons.configuration2.TestDynamicCombinedConfiguration_OE25Dev.testConcurrentGetAndReloadFile_6_oe(TestDynamicCombinedConfiguration_OE25Dev.java:595)

[INFO] Running org.apache.commons.configuration2.TestAbstractHierarchicalConfiguration_OE25Dev
[ERROR] Tests run: 126, Failures: 7, Errors: 0, Skipped: 0, Time elapsed: 0.032 s <<< FAILURE! - in org.apache.commons.configuration2.TestAbstractHierarchicalConfiguration_OE25Dev
[ERROR] testGetKeysWithKeyAsPrefixMultiple_2_oe(org.apache.commons.configuration2.TestAbstractHierarchicalConfiguration_OE25Dev)  Time elapsed: 0 s  <<< FAILURE!
org.junit.ComparisonFailure: Wrong key 2 expected:<order.key1[.test]> but was:<order.key1[]>
	at org.apache.commons.configuration2.TestAbstractHierarchicalConfiguration_OE25Dev.testGetKeysWithKeyAsPrefixMultiple_2_oe(TestAbstractHierarchicalConfiguration_OE25Dev.java:1592)

[ERROR] testGetKeysWithKeyAsPrefixMultiple_3_oe(org.apache.commons.configuration2.TestAbstractHierarchicalConfiguration_OE25Dev)  Time elapsed: 0 s  <<< FAILURE!
org.junit.ComparisonFailure: Wrong key 3 expected:<order.key1[.test.complex]> but was:<order.key1[]>
	at org.apache.commons.configuration2.TestAbstractHierarchicalConfiguration_OE25Dev.testGetKeysWithKeyAsPrefixMultiple_3_oe(TestAbstractHierarchicalConfiguration_OE25Dev.java:1603)

[ERROR] testGetKeysWithKeyAsPrefixMultiple_4_oe(org.apache.commons.configuration2.TestAbstractHierarchicalConfiguration_OE25Dev)  Time elapsed: 0.001 s  <<< FAILURE!
java.lang.AssertionError: More keys than expected
	at org.apache.commons.configuration2.TestAbstractHierarchicalConfiguration_OE25Dev.testGetKeysWithKeyAsPrefixMultiple_4_oe(TestAbstractHierarchicalConfiguration_OE25Dev.java:1615)

[ERROR] testGetKeysOrder_2_oe(org.apache.commons.configuration2.TestAbstractHierarchicalConfiguration_OE25Dev)  Time elapsed: 0 s  <<< FAILURE!
org.junit.ComparisonFailure: 2nd key expected:<order.key[2]> but was:<order.key[1]>
	at org.apache.commons.configuration2.TestAbstractHierarchicalConfiguration_OE25Dev.testGetKeysOrder_2_oe(TestAbstractHierarchicalConfiguration_OE25Dev.java:1534)

[ERROR] testGetKeysOrder_3_oe(org.apache.commons.configuration2.TestAbstractHierarchicalConfiguration_OE25Dev)  Time elapsed: 0 s  <<< FAILURE!
org.junit.ComparisonFailure: 3rd key expected:<order.key[3]> but was:<order.key[1]>
	at org.apache.commons.configuration2.TestAbstractHierarchicalConfiguration_OE25Dev.testGetKeysOrder_3_oe(TestAbstractHierarchicalConfiguration_OE25Dev.java:1546)

[ERROR] testGetKeysWithKeyAsPrefix_3_oe(org.apache.commons.configuration2.TestAbstractHierarchicalConfiguration_OE25Dev)  Time elapsed: 0 s  <<< FAILURE!
java.lang.AssertionError: more keys than expected
	at org.apache.commons.configuration2.TestAbstractHierarchicalConfiguration_OE25Dev.testGetKeysWithKeyAsPrefix_3_oe(TestAbstractHierarchicalConfiguration_OE25Dev.java:1573)

[ERROR] testGetKeysAttributePrefix_2_oe(org.apache.commons.configuration2.TestAbstractHierarchicalConfiguration_OE25Dev)  Time elapsed: 0 s  <<< FAILURE!
java.lang.AssertionError: Too many keys
	at org.apache.commons.configuration2.TestAbstractHierarchicalConfiguration_OE25Dev.testGetKeysAttributePrefix_2_oe(TestAbstractHierarchicalConfiguration_OE25Dev.java:1513)

[INFO] Running org.apache.commons.configuration2.TestINIConfiguration_OE25Dev
[ERROR] Tests run: 99, Failures: 2, Errors: 0, Skipped: 0, Time elapsed: 0.046 s <<< FAILURE! - in org.apache.commons.configuration2.TestINIConfiguration_OE25Dev
[ERROR] testGetSectionDuplicate_2_oe(org.apache.commons.configuration2.TestINIConfiguration_OE25Dev)  Time elapsed: 0 s  <<< FAILURE!
java.lang.AssertionError: Too many keys
	at org.apache.commons.configuration2.TestINIConfiguration_OE25Dev.testGetSectionDuplicate_2_oe(TestINIConfiguration_OE25Dev.java:688)

[ERROR] testKeysOfGlobalSection_2_oe(org.apache.commons.configuration2.TestINIConfiguration_OE25Dev)  Time elapsed: 0 s  <<< FAILURE!
java.lang.AssertionError: Got additional keys: globalVar 
	at org.apache.commons.configuration2.TestINIConfiguration_OE25Dev.testKeysOfGlobalSection_2_oe(TestINIConfiguration_OE25Dev.java:946)

[INFO] Running org.apache.commons.configuration2.beanutils.TestCombinedBeanDeclaration_OE25Dev
[INFO] Tests run: 14, Failures: 0, Errors: 0, Skipped: 0, Time elapsed: 0.001 s - in org.apache.commons.configuration2.beanutils.TestCombinedBeanDeclaration_OE25Dev
[INFO] Running org.apache.commons.configuration2.beanutils.TestBeanHelper_OE25Dev
[ERROR] Tests run: 23, Failures: 1, Errors: 0, Skipped: 0, Time elapsed: 0.014 s <<< FAILURE! - in org.apache.commons.configuration2.beanutils.TestBeanHelper_OE25Dev
[ERROR] testDeregisterBeanFactory_2_oe(org.apache.commons.configuration2.beanutils.TestBeanHelper_OE25Dev)  Time elapsed: 0 s  <<< FAILURE!
java.lang.AssertionError: List of factories is not empty
	at org.apache.commons.configuration2.beanutils.TestBeanHelper_OE25Dev.testDeregisterBeanFactory_2_oe(TestBeanHelper_OE25Dev.java:506)

[INFO] Running org.apache.commons.configuration2.beanutils.TestDefaultBeanFactory_OE25Dev
[INFO] Tests run: 19, Failures: 0, Errors: 0, Skipped: 0, Time elapsed: 0.005 s - in org.apache.commons.configuration2.beanutils.TestDefaultBeanFactory_OE25Dev
[INFO] Running org.apache.commons.configuration2.beanutils.TestConstructorArg_OE25Dev
[INFO] Tests run: 8, Failures: 0, Errors: 0, Skipped: 0, Time elapsed: 0 s - in org.apache.commons.configuration2.beanutils.TestConstructorArg_OE25Dev
[INFO] Running org.apache.commons.configuration2.beanutils.TestXMLBeanDeclaration_OE25Dev
[INFO] Tests run: 31, Failures: 0, Errors: 0, Skipped: 0, Time elapsed: 0.012 s - in org.apache.commons.configuration2.beanutils.TestXMLBeanDeclaration_OE25Dev
[INFO] Running org.apache.commons.configuration2.beanutils.TestConfigurationDynaBean_OE25Dev
[ERROR] Tests run: 62, Failures: 1, Errors: 0, Skipped: 0, Time elapsed: 0.018 s <<< FAILURE! - in org.apache.commons.configuration2.beanutils.TestConfigurationDynaBean_OE25Dev
[ERROR] testGetDescriptorArguments_1_oe(org.apache.commons.configuration2.beanutils.TestConfigurationDynaBean_OE25Dev)  Time elapsed: 0 s  <<< FAILURE!
java.lang.AssertionError: Expected exception: java.lang.IllegalArgumentException

[INFO] Running org.apache.commons.configuration2.sync.TestReadWriteSynchronizer_OE25Dev
[INFO] Tests run: 2, Failures: 0, Errors: 0, Skipped: 0, Time elapsed: 0.038 s - in org.apache.commons.configuration2.sync.TestReadWriteSynchronizer_OE25Dev
[INFO] Running org.apache.commons.configuration2.interpol.TestSystemPropertiesLookup_OE25Dev
[INFO] Tests run: 2, Failures: 0, Errors: 0, Skipped: 0, Time elapsed: 0 s - in org.apache.commons.configuration2.interpol.TestSystemPropertiesLookup_OE25Dev
[INFO] Running org.apache.commons.configuration2.interpol.TestDummyLookup_OE25Dev
[INFO] Tests run: 2, Failures: 0, Errors: 0, Skipped: 0, Time elapsed: 0 s - in org.apache.commons.configuration2.interpol.TestDummyLookup_OE25Dev
[INFO] Running org.apache.commons.configuration2.interpol.TestInterpolatorSpecification_OE25Dev
[INFO] Tests run: 8, Failures: 0, Errors: 0, Skipped: 0, Time elapsed: 0.003 s - in org.apache.commons.configuration2.interpol.TestInterpolatorSpecification_OE25Dev
[INFO] Running org.apache.commons.configuration2.interpol.TestEnvironmentLookup_OE25Dev
[INFO] Tests run: 2, Failures: 0, Errors: 0, Skipped: 0, Time elapsed: 0.005 s - in org.apache.commons.configuration2.interpol.TestEnvironmentLookup_OE25Dev
[INFO] Running org.apache.commons.configuration2.interpol.TestConfigurationInterpolator_OE25Dev
[ERROR] Tests run: 76, Failures: 4, Errors: 0, Skipped: 0, Time elapsed: 0.015 s <<< FAILURE! - in org.apache.commons.configuration2.interpol.TestConfigurationInterpolator_OE25Dev
[ERROR] testRemoveDefaultLookup_2_oe(org.apache.commons.configuration2.interpol.TestConfigurationInterpolator_OE25Dev)  Time elapsed: 0 s  <<< FAILURE!
java.lang.AssertionError: Lookup still available
	at org.apache.commons.configuration2.interpol.TestConfigurationInterpolator_OE25Dev.testRemoveDefaultLookup_2_oe(TestConfigurationInterpolator_OE25Dev.java:1072)

[ERROR] testRemoveDefaultLookup_3_oe(org.apache.commons.configuration2.interpol.TestConfigurationInterpolator_OE25Dev)  Time elapsed: 0 s  <<< FAILURE!
java.lang.AssertionError: Wrong number of default lookups expected:<1> but was:<2>
	at org.apache.commons.configuration2.interpol.TestConfigurationInterpolator_OE25Dev.testRemoveDefaultLookup_3_oe(TestConfigurationInterpolator_OE25Dev.java:1083)

[ERROR] testDeregisterLookup_2_oe(org.apache.commons.configuration2.interpol.TestConfigurationInterpolator_OE25Dev)  Time elapsed: 0 s  <<< FAILURE!
java.lang.AssertionError: Deregistered prefix still contained
	at org.apache.commons.configuration2.interpol.TestConfigurationInterpolator_OE25Dev.testDeregisterLookup_2_oe(TestConfigurationInterpolator_OE25Dev.java:509)

[ERROR] testDeregisterLookup_3_oe(org.apache.commons.configuration2.interpol.TestConfigurationInterpolator_OE25Dev)  Time elapsed: 0 s  <<< FAILURE!
java.lang.AssertionError: Lookups not empty
	at org.apache.commons.configuration2.interpol.TestConfigurationInterpolator_OE25Dev.testDeregisterLookup_3_oe(TestConfigurationInterpolator_OE25Dev.java:519)

[INFO] Running org.apache.commons.configuration2.interpol.TestExprLookup_OE25Dev
[INFO] Tests run: 9, Failures: 0, Errors: 0, Skipped: 0, Time elapsed: 0.072 s - in org.apache.commons.configuration2.interpol.TestExprLookup_OE25Dev
[INFO] Running org.apache.commons.configuration2.TestXMLListHandling_OE25Dev
[INFO] Tests run: 2, Failures: 0, Errors: 0, Skipped: 0, Time elapsed: 0.006 s - in org.apache.commons.configuration2.TestXMLListHandling_OE25Dev
[INFO] 
[INFO] Results:
[INFO] 
[ERROR] Failures: 
[ERROR]   TestAbstractConfigurationBasicFeatures_OE25Dev.testGetCollection_2_oe:847 Wrong converted content expected:<[0, 1, 2, 3, 4, 5, 6, 7, 8, 9, 10, 11]> but was:<[]>
[ERROR]   TestAbstractHierarchicalConfiguration_OE25Dev.testGetKeysAttributePrefix_2_oe:1513 Too many keys
[ERROR]   TestAbstractHierarchicalConfiguration_OE25Dev.testGetKeysOrder_2_oe:1534 2nd key expected:<order.key[2]> but was:<order.key[1]>
[ERROR]   TestAbstractHierarchicalConfiguration_OE25Dev.testGetKeysOrder_3_oe:1546 3rd key expected:<order.key[3]> but was:<order.key[1]>
[ERROR]   TestAbstractHierarchicalConfiguration_OE25Dev.testGetKeysWithKeyAsPrefixMultiple_2_oe:1592 Wrong key 2 expected:<order.key1[.test]> but was:<order.key1[]>
[ERROR]   TestAbstractHierarchicalConfiguration_OE25Dev.testGetKeysWithKeyAsPrefixMultiple_3_oe:1603 Wrong key 3 expected:<order.key1[.test.complex]> but was:<order.key1[]>
[ERROR]   TestAbstractHierarchicalConfiguration_OE25Dev.testGetKeysWithKeyAsPrefixMultiple_4_oe:1615 More keys than expected
[ERROR]   TestAbstractHierarchicalConfiguration_OE25Dev.testGetKeysWithKeyAsPrefix_3_oe:1573 more keys than expected
[ERROR]   TestConfigurationUtils_OE25Dev.testConvertHierarchicalToHierarchicalEngine_2_oe:471 Engine was not set expected same:<org.apache.commons.configuration2.tree.DefaultExpressionEngine@318d69ea> was not:<org.apache.commons.configuration2.tree.DefaultExpressionEngine@76614fd1>
[ERROR]   TestDataConfiguration_OE25Dev.testGetKeys_3_oe:7061 the iterator is not exhausted
[ERROR]   TestDatabaseConfiguration_OE25Dev.tearDown:151 Too many events received
[ERROR]   TestDatabaseConfiguration_OE25Dev.testGetKeysMultiple_2_oe:493 2nd key expected:<key[2]> but was:<key[1]>
[ERROR]   TestDatabaseConfiguration_OE25Dev.testGetKeysSingle_2_oe:510 2nd key expected:<key[2]> but was:<key[1]>
[ERROR]   TestDatabaseConfiguration_OE25Dev.tearDown:151 Too many events received
[ERROR]   TestDynamicCombinedConfiguration_OE25Dev.testConcurrentGetAndReloadFile_3_oe:458 File did not reload, id is null
[ERROR]   TestDynamicCombinedConfiguration_OE25Dev.testConcurrentGetAndReloadFile_4_oe:498 Incorrect value for rowsPerPage expected:<[25]> but was:<[50]>
[ERROR]   TestDynamicCombinedConfiguration_OE25Dev.testConcurrentGetAndReloadFile_6_oe:595 expected:<ID0002> but was:<null>
[ERROR]   TestDynamicCombinedConfiguration_OE25Dev.testConcurrentGetAndReloadMultipleClients_2_oe:638 200 failures Occurred expected:<0> but was:<200>
[ERROR]   TestHierarchicalXMLConfiguration_OE25Dev.testSetRootElementNameWhenLoadedFromFile_1_oe Expected exception: java.lang.UnsupportedOperationException
[ERROR]   TestINIConfiguration_OE25Dev.testGetSectionDuplicate_2_oe:688 Too many keys
[ERROR]   TestINIConfiguration_OE25Dev.testKeysOfGlobalSection_2_oe:946 Got additional keys: globalVar 
[ERROR]   TestJNDIConfiguration_OE25Dev.tearDown:145 Too many events received
[ERROR]   TestJNDIConfiguration_OE25Dev.tearDown:145 Too many events received
[ERROR]   TestJNDIConfiguration_OE25Dev.tearDown:145 Too many events received
[ERROR]   TestJNDIConfiguration_OE25Dev.tearDown:145 Too many events received
[ERROR]   TestPropertiesConfigurationLayout_OE25Dev.testInit_5_oe:810 Multiple event listeners registered
[ERROR]   TestSubnodeConfiguration_OE25Dev.testSetThrowExceptionOnMissing_1_oe Expected exception: java.util.NoSuchElementException
[ERROR]   TestSubsetConfiguration_OE25Dev.testGetKeysWithPrefix_2_oe:220 2nd key expected:<abc[.key1]> but was:<abc[]>
[ERROR]   TestSubsetConfiguration_OE25Dev.testGetKeysWithPrefix_3_oe:235 too many elements
[ERROR]   TestSubsetConfiguration_OE25Dev.testGetKeys_2_oe:178 2nd key expected:<[key1]> but was:<[]>
[ERROR]   TestSubsetConfiguration_OE25Dev.testGetKeys_3_oe:193 too many elements
[ERROR]   TestBeanHelper_OE25Dev.testDeregisterBeanFactory_2_oe:506 List of factories is not empty
[ERROR]   TestConfigurationDynaBean_OE25Dev.testGetDescriptorArguments_1_oe Expected exception: java.lang.IllegalArgumentException
[ERROR]   TestBasicBuilderParameters_OE25Dev.testSetBeanHelper_2_oe:750 BeanHelper not set expected same:<org.apache.commons.configuration2.beanutils.BeanHelper@68217ca5> was not:<null>
[ERROR]   TestBasicBuilderParameters_OE25Dev.testSetConfigurationDecoder_2_oe:765 Decoder not set expected same:<EasyMock for interface org.apache.commons.configuration2.ConfigurationDecoder> was not:<null>
[ERROR]   TestBasicBuilderParameters_OE25Dev.testSetConversionHandler_2_oe:780 ConversionHandler not set expected same:<EasyMock for interface org.apache.commons.configuration2.convert.ConversionHandler> was not:<null>
[ERROR]   TestBasicBuilderParameters_OE25Dev.testSetDefaultLookups_5_oe:830 No copy in parameters expected not same
[ERROR]   TestBasicBuilderParameters_OE25Dev.testSetInterpolator_2_oe:852 Wrong interpolator expected same:<EasyMock for class org.apache.commons.configuration2.interpol.ConfigurationInterpolator> was not:<null>
[ERROR]   TestBasicBuilderParameters_OE25Dev.testSetListDelimiter_2_oe:867 Wrong delimiter handler expected same:<EasyMock for interface org.apache.commons.configuration2.convert.ListDelimiterHandler> was not:<null>
[ERROR]   TestBasicBuilderParameters_OE25Dev.testSetLogger_2_oe:882 Wrong logger parameter expected same:<EasyMock for class org.apache.commons.configuration2.io.ConfigurationLogger> was not:<null>
[ERROR]   TestBasicBuilderParameters_OE25Dev.testSetParentInterpolator_2_oe:942 Wrong parent expected same:<EasyMock for class org.apache.commons.configuration2.interpol.ConfigurationInterpolator> was not:<null>
[ERROR]   TestBasicBuilderParameters_OE25Dev.testSetPrefixLookups_5_oe:992 No copy in parameters expected not same
[ERROR]   TestBasicBuilderParameters_OE25Dev.testSetSynchronizer_2_oe:1014 Synchronizer not set expected same:<EasyMock for interface org.apache.commons.configuration2.sync.Synchronizer> was not:<null>
[ERROR]   TestBasicBuilderParameters_OE25Dev.testSetThrowExceptionOnMissing_2_oe:1025 Wrong flag value expected:<true> but was:<null>
[ERROR]   TestBasicConfigurationBuilder_OE25Dev.testAddParameters_3_oe:381 Additional parameter not found expected:<value> but was:<null>
[ERROR]   TestBasicConfigurationBuilder_OE25Dev.testConnectToReloadingController_3_oe:460 Still in reloading state
[ERROR]   TestBasicConfigurationBuilder_OE25Dev.testGetConfigurationConcurrently_2_oe:673 Wrong number of result objects expected:<1> but was:<2>
[ERROR]   TestBasicConfigurationBuilder_OE25Dev.testRemoveConfigurationListener_2_oe:735 Removed listener was registered
[ERROR]   TestBasicConfigurationBuilder_OE25Dev.testSetParameters_2_oe:843 Wrong parameters expected:<{throwExceptionOnMissing=true, listDelimiterHandler=org.apache.commons.configuration2.convert.DefaultListDelimiterHandler@6870f52a}> but was:<{someParameter=value}>
[ERROR]   TestBuilderConfigurationWrapperFactory_OE25Dev.testEventSourceSupportBuilder_2_oe:195 Wrong result for non-existing listener
[ERROR]   TestBuilderConfigurationWrapperFactory_OE25Dev.testEventSourceSupportBuilder_4_oe:230 Removed listener still found
[ERROR]   TestDatabaseBuilderParametersImpl_OE25Dev.testSetAutoCommit_2_oe:101 Wrong auto commit flag expected:<true> but was:<null>
[ERROR]   TestDatabaseBuilderParametersImpl_OE25Dev.testSetConfigurationNameColumn_2_oe:127 Wrong configuration name column expected:<CONFIG_COLUMN> but was:<null>
[ERROR]   TestDatabaseBuilderParametersImpl_OE25Dev.testSetConfigurationName_2_oe:114 Wrong configuration name expected:<TestConfiguration> but was:<null>
[ERROR]   TestDatabaseBuilderParametersImpl_OE25Dev.testSetDataSource_2_oe:142 Data source not set expected same:<EasyMock for interface javax.sql.DataSource> was not:<null>
[ERROR]   TestDatabaseBuilderParametersImpl_OE25Dev.testSetKeyColumn_2_oe:155 Wrong key column name expected:<KEY_COLUMN> but was:<null>
[ERROR]   TestDatabaseBuilderParametersImpl_OE25Dev.testSetTable_2_oe:168 Wrong table name expected:<TestTable> but was:<null>
[ERROR]   TestDatabaseBuilderParametersImpl_OE25Dev.testSetValueColumn_2_oe:181 Wrong value column name expected:<VALUE_COLUMN> but was:<null>
[ERROR]   TestEventListenerParameters_OE25Dev.testAddEventListenerRegistration_2_oe:99 Wrong number of registrations expected:<1> but was:<0>
[ERROR]   TestEventListenerParameters_OE25Dev.testAddEventListener_2_oe:61 Wrong number of registrations expected:<1> but was:<0>
[ERROR]   TestFileBasedBuilderParameters_OE25Dev.testSetBasePath_2_oe:552 Wrong path expected:</home/tasfia/Desktop/OE25-DEV/projects_decomposed/commons-configuration2-2.8.0-src/target/test-classes> but was:<null>
[ERROR]   TestFileBasedBuilderParameters_OE25Dev.testSetEncoding_2_oe:567 Wrong encoding expected same:<ISO-8859-1> was not:<null>
[ERROR]   TestFileBasedBuilderParameters_OE25Dev.testSetFileName_2_oe:597 Wrong name expected:<testConfig.xml> but was:<null>
[ERROR]   TestFileBasedBuilderParameters_OE25Dev.testSetFileSystem_2_oe:614 Wrong file system expected same:<EasyMock for class org.apache.commons.configuration2.io.FileSystem> was not:<org.apache.commons.configuration2.io.DefaultFileSystem@726cda5b>
[ERROR]   TestFileBasedBuilderParameters_OE25Dev.testSetFile_2_oe:582 Wrong file expected:</home/tasfia/Desktop/OE25-DEV/projects_decomposed/commons-configuration2-2.8.0-src/target/test-classes/test.properties> but was:<null>
[ERROR]   TestFileBasedBuilderParameters_OE25Dev.testSetLocationStrategy_2_oe:631 Wrong location strategy expected same:<EasyMock for interface org.apache.commons.configuration2.io.FileLocationStrategy> was not:<org.apache.commons.configuration2.io.CombinedLocationStrategy@15800a35>
[ERROR]   TestFileBasedBuilderParameters_OE25Dev.testSetPath_2_oe:646 Wrong path expected:</home/tasfia/Desktop/OE25-DEV/projects_decomposed/commons-configuration2-2.8.0-src/target/test-classes/test.properties> but was:<null>
[ERROR]   TestFileBasedBuilderParameters_OE25Dev.testSetReloadingDetectorFactory_3_oe:673 Factory not set expected same:<EasyMock for interface org.apache.commons.configuration2.builder.ReloadingDetectorFactory> was not:<null>
[ERROR]   TestFileBasedBuilderParameters_OE25Dev.testSetReloadingRefreshDelay_2_oe:688 Wrong delay expected:<10000> but was:<null>
[ERROR]   TestHierarchicalBuilderParametersImpl_OE25Dev.testSetExpressionEngine_2_oe:113 Wrong expression engine expected same:<EasyMock for interface org.apache.commons.configuration2.tree.ExpressionEngine> was not:<null>
[ERROR]   TestJndiBuilderParametersImpl_OE25Dev.testSetContext_2_oe:104 Context not in map expected same:<EasyMock for interface javax.naming.Context> was not:<null>
[ERROR]   TestJndiBuilderParametersImpl_OE25Dev.testSetPrefix_2_oe:118 Prefix not in map expected:<testJndiPrefix> but was:<null>
[ERROR]   TestPropertiesBuilderParametersImpl_OE25Dev.testSetIOFactory_2_oe:237 Factory not set expected same:<EasyMock for interface org.apache.commons.configuration2.PropertiesConfiguration$IOFactory> was not:<null>
[ERROR]   TestPropertiesBuilderParametersImpl_OE25Dev.testSetIncludeListener_2_oe:201 IncludeListener not set expected same:<EasyMock for interface org.apache.commons.configuration2.ConfigurationConsumer> was not:<null>
[ERROR]   TestPropertiesBuilderParametersImpl_OE25Dev.testSetIncludesAllowed_2_oe:222 Value not set expected:<true> but was:<null>
[ERROR]   TestPropertiesBuilderParametersImpl_OE25Dev.testSetLayout_2_oe:260 Layout not set expected same:<org.apache.commons.configuration2.PropertiesConfigurationLayout@664c0019> was not:<null>
[ERROR]   TestReloadingFileBasedConfigurationBuilder_OE25Dev.testReloadingDetectorIsReloadingRequired_2_oe:232 Wrong result (2)
[ERROR]   TestXMLBuilderParametersImpl_OE25Dev.testSetDocumentBuilder_2_oe:220 Builder not in parameters expected same:<EasyMock for class javax.xml.parsers.DocumentBuilder> was not:<null>
[ERROR]   TestXMLBuilderParametersImpl_OE25Dev.testSetEntityResolver_2_oe:235 Resolver not set expected same:<EasyMock for interface org.xml.sax.EntityResolver> was not:<null>
[ERROR]   TestXMLBuilderParametersImpl_OE25Dev.testSetEntityResolver_3_oe:244 Resolver not in parameters expected same:<EasyMock for interface org.xml.sax.EntityResolver> was not:<null>
[ERROR]   TestXMLBuilderParametersImpl_OE25Dev.testSetPublicID_2_oe:257 ID not in parameters expected:<testPublicID> but was:<null>
[ERROR]   TestXMLBuilderParametersImpl_OE25Dev.testSetSchemaValidation_2_oe:268 Flag not in parameters expected:<false> but was:<null>
[ERROR]   TestXMLBuilderParametersImpl_OE25Dev.testSetSystemID_2_oe:281 ID not in parameters expected:<testSystemID> but was:<null>
[ERROR]   TestXMLBuilderParametersImpl_OE25Dev.testSetValidating_2_oe:292 Flag not in parameters expected:<true> but was:<null>
[ERROR]   TestCombinedBuilderParametersImpl_OE25Dev.testGetChildDefaultParametersManagerSpecific_2_oe:269 Wrong manager expected same:<EasyMock for class org.apache.commons.configuration2.builder.DefaultParametersManager> was not:<org.apache.commons.configuration2.builder.DefaultParametersManager@222667ff>
[ERROR]   TestCombinedBuilderParametersImpl_OE25Dev.testRegisterMissingProvidersParams_2_oe:457 Wrong number of providers expected:<2> but was:<1>
[ERROR]   TestCombinedBuilderParametersImpl_OE25Dev.testRegisterMissingProvidersParams_4_oe:490 Wrong provider (2) expected same:<EasyMock for interface org.apache.commons.configuration2.builder.combined.ConfigurationBuilderProvider> was not:<null>
[ERROR]   TestCombinedBuilderParametersImpl_OE25Dev.testRegisterMissingProviders_2_oe:395 Wrong number of providers expected:<2> but was:<1>
[ERROR]   TestCombinedBuilderParametersImpl_OE25Dev.testRegisterMissingProviders_4_oe:428 Wrong provider (2) expected same:<EasyMock for interface org.apache.commons.configuration2.builder.combined.ConfigurationBuilderProvider> was not:<null>
[ERROR]   TestCombinedBuilderParametersImpl_OE25Dev.testRegisterProvider_2_oe:510 Wrong number of providers expected:<1> but was:<0>
[ERROR]   TestCombinedBuilderParametersImpl_OE25Dev.testRegisterProvider_3_oe:522 Wrong provider (1) expected same:<EasyMock for interface org.apache.commons.configuration2.builder.combined.ConfigurationBuilderProvider> was not:<null>
[ERROR]   TestCombinedBuilderParametersImpl_OE25Dev.testRegisterProvider_4_oe:535 Wrong provider (2) expected same:<EasyMock for interface org.apache.commons.configuration2.builder.combined.ConfigurationBuilderProvider> was not:<null>
[ERROR]   TestCombinedBuilderParametersImpl_OE25Dev.testSetBasePath_2_oe:550 Wrong base path expected:</home/tasfia/Desktop/OE25-DEV/projects_decomposed/commons-configuration2-2.8.0-src/target> but was:<null>
[ERROR]   TestCombinedBuilderParametersImpl_OE25Dev.testSetDefinitionBuilderParameters_2_oe:626 Wrong parameters object expected same:<EasyMock for interface org.apache.commons.configuration2.builder.BuilderParameters> was not:<null>
[ERROR]   TestCombinedBuilderParametersImpl_OE25Dev.testSetDefinitionBuilder_3_oe:609 Builder was not set expected same:<org.apache.commons.configuration2.builder.BasicConfigurationBuilder@1916f999> was not:<null>
[ERROR]   TestCombinedBuilderParametersImpl_OE25Dev.testSetInheritSettings_3_oe:647 Property not set
[ERROR]   TestCombinedConfigurationBuilder_OE25Dev.testCustomResultConfiguration_1_oe:1074 Wrong configuration class: class org.apache.commons.configuration2.builder.combined.TestCombinedConfigurationBuilder$CombinedConfigurationTestImpl
[ERROR]   TestCombinedConfigurationBuilder_OE25Dev.testMultiTenentConfigurationReloading_5_oe:1701 Too few events received
[ERROR]   TestMultiFileBuilderParametersImpl_OE25Dev.testSetFilePattern_2_oe:190 Pattern not set expected:<somePattern> but was:<null>
[ERROR]   TestMultiFileBuilderParametersImpl_OE25Dev.testSetManagedBuilderParameters_2_oe:205 Parameters not set expected same:<EasyMock for interface org.apache.commons.configuration2.builder.BuilderParameters> was not:<null>
[ERROR]   TestMultiFileConfigurationBuilder_OE25Dev.testAddConfigurationListener_4_oe:241 Wrong result after removal
[ERROR]   TestMultiFileConfigurationBuilder_OE25Dev.testAddConfigurationListener_5_oe:258 Listener not removed
[ERROR]   TestMultiFileConfigurationBuilder_OE25Dev.testAddConfigurationListener_6_oe:277 
  Unexpected method call EventListener.onEvent(ConfigurationBuilderEvent [ source=org.apache.commons.configuration2.builder.FileBasedConfigurationBuilder@4eb316f4 eventType=EventType [ CONFIGURATION_REQUEST ] ]):
[ERROR]   TestReloadingCombinedConfigurationBuilderFileBased_OE25Dev.testConcurrentGetAndReload_2_oe:326 400 failures Occurred expected:<0> but was:<400>
[ERROR]   TestDisabledListDelimiterHandler_OE25Dev.testFlattenCollectionWithArrayWithLimit_3_oe:202 Wrong element (2) expected:<20130630213801> but was:<  A test, string; value! >
[ERROR]   TestDisabledListDelimiterHandler_OE25Dev.testParseSimpleValue_2_oe:235 Too many values
[ERROR]   TestEventListenerList_OE25Dev.testEventListenerIteratorWrongEvent_1_oe Expected exception: java.lang.IllegalArgumentException
[ERROR]   TestEventListenerList_OE25Dev.testGetEventListenerRegistrationsForSuperType_2_oe:586 Wrong listener 2 expected:<org.apache.commons.configuration2.event.TestEventListenerList_OE25Dev$ListenerTestImpl@77376e83> but was:<org.apache.commons.configuration2.event.TestEventListenerList_OE25Dev$ListenerTestImpl@708f4d81>
[ERROR]   TestEventListenerList_OE25Dev.testGetEventListenerRegistrationsForSuperType_3_oe:602 Too many elements
[ERROR]   TestEventListenerList_OE25Dev.testGetEventListenersIteratorRemove_1_oe Expected exception: java.lang.UnsupportedOperationException
[ERROR]   TestEventSource_OE25Dev.testFireError_2_oe:354 Too many events received
[ERROR]   TestEventSource_OE25Dev.testFireError_3_oe:371 Too many events received
[ERROR]   TestEventSource_OE25Dev.testRemoveEventListener_4_oe:456 Listener still in list
[ERROR]   TestConfigurationInterpolator_OE25Dev.testDeregisterLookup_2_oe:509 Deregistered prefix still contained
[ERROR]   TestConfigurationInterpolator_OE25Dev.testDeregisterLookup_3_oe:519 Lookups not empty
[ERROR]   TestConfigurationInterpolator_OE25Dev.testRemoveDefaultLookup_2_oe:1072 Lookup still available
[ERROR]   TestConfigurationInterpolator_OE25Dev.testRemoveDefaultLookup_3_oe:1083 Wrong number of default lookups expected:<1> but was:<2>
[ERROR]   TestFileHandler_OE25Dev.testLocateSuccess_2_oe:1293 URL not filled
[ERROR]   TestFileHandler_OE25Dev.testLocateSuccess_3_oe:1303 Base path not filled
[ERROR]   TestFileLocatorUtils_OE25Dev.testDefaultFileLocationStrategy_2_oe:291 Wrong strategy (2)
[ERROR]   TestFileLocatorUtils_OE25Dev.testDefaultFileLocationStrategy_3_oe:300 Wrong strategy (3)
[ERROR]   TestFileLocatorUtils_OE25Dev.testDefaultFileLocationStrategy_4_oe:310 Wrong strategy (4)
[ERROR]   TestFileLocatorUtils_OE25Dev.testDefaultFileLocationStrategy_5_oe:322 Wrong strategy (5)
[ERROR]   TestFileLocatorUtils_OE25Dev.testDefaultFileLocationStrategy_7_oe:350 Wrong strategy (6)
[ERROR]   TestFileLocatorUtils_OE25Dev.testDefaultFileLocationStrategy_9_oe:383 Wrong strategy (7)
[ERROR]   TestFileHandlerReloadingDetector_OE25Dev.testIsReloadingRequiredTrue_2_oe:188 Reloading not detected
[ERROR]   TestFileHandlerReloadingDetector_OE25Dev.testRefreshReloadingAndReset_2_oe:256 Reloading not detected
[ERROR]   TestFileHandlerReloadingDetector_OE25Dev.testRefreshReloadingAndReset_3_oe:272 Still reloading required
[ERROR]   TestFileHandlerReloadingDetector_OE25Dev.testReloadingAndReset_2_oe:314 Reloading not detected
[ERROR]   TestFileHandlerReloadingDetector_OE25Dev.testReloadingAndReset_3_oe:329 Still reloading required
[ERROR]   TestReloadingController_OE25Dev.testCheckForReloadingTrue_2_oe:189 
  Unexpected method call EventListener.onEvent(ReloadingEvent [ source=org.apache.commons.configuration2.reloading.ReloadingController@61dd025 eventType=EventType [ RELOAD ] ]):
[ERROR]   TestReloadingController_OE25Dev.testCheckForReloadingTrue_3_oe:206 Not in reloading state
[ERROR]   TestDefaultConfigurationKey_OE25Dev.testIterateAlternativeEscapeDelimiter_3_oe:922 Wrong second part expected:<[trailing.dot.]> but was:<[.my.elem]>
[ERROR]   TestDefaultConfigurationKey_OE25Dev.testIterateAlternativeEscapeDelimiter_4_oe:936 Wrong third part expected:<[strange]> but was:<[.my.elem]>
[ERROR]   TestDefaultConfigurationKey_OE25Dev.testIterateAlternativeEscapeDelimiter_5_oe:951 Too many parts
[ERROR]   TestDefaultConfigurationKey_OE25Dev.testIterateAttributeEqualsPropertyDelimiter_10_oe:1096 Wrong decorated key part expected:<key> but was:<null>
[ERROR]   TestDefaultConfigurationKey_OE25Dev.testIterateAttributeEqualsPropertyDelimiter_4_oe:997 Wrong second key part expected:<[isa]> but was:<[this]>
[ERROR]   TestDefaultConfigurationKey_OE25Dev.testIterateAttributeEqualsPropertyDelimiter_7_oe:1042 Wrong third key part expected:<[key]> but was:<[this]>
[ERROR]   TestDefaultConfigurationKey_OE25Dev.testIterateAttributeEqualsPropertyDelimiter_8_oe:1059 Third part is not an attribute
[ERROR]   TestDefaultConfigurationKey_OE25Dev.testIterateEscapedDelimiters_3_oe:1125 Wrong second part expected:<[trailing.dot.]> but was:<[my.elem]>
[ERROR]   TestDefaultConfigurationKey_OE25Dev.testIterateEscapedDelimiters_4_oe:1137 Wrong third part expected:<[strange]> but was:<[my.elem]>
[ERROR]   TestDefaultConfigurationKey_OE25Dev.testIterateEscapedDelimiters_5_oe:1150 Too many parts
[ERROR]   TestDefaultConfigurationKey_OE25Dev.testIterateStrangeKeys_3_oe:1174 Too many key parts
[ERROR]   TestDefaultConfigurationKey_OE25Dev.testIterateStrangeKeys_7_oe:1241 Wrong second part expected:<[index()undefined]> but was:<[key()]>
[ERROR]   TestDefaultConfigurationKey_OE25Dev.testIterateStrangeKeys_8_oe:1261 No index detected in second part
[ERROR]   TestDefaultConfigurationKey_OE25Dev.testIterateWithRemove_1_oe Expected exception: java.lang.UnsupportedOperationException
[ERROR]   TestDefaultConfigurationKey_OE25Dev.testIterateWithRemove_2_oe Expected exception: java.lang.UnsupportedOperationException
[ERROR]   TestDefaultConfigurationKey_OE25Dev.testIterateWithRemove_3_oe Expected exception: java.lang.UnsupportedOperationException
[ERROR]   TestDefaultConfigurationKey_OE25Dev.testIterateWithoutEscapeDelimiter_3_oe:1402 Too many parts
[ERROR]   TestDefaultConfigurationKey_OE25Dev.testIterate_11_oe:809 Wrong current key expected:<field> but was:<null>
[ERROR]   TestDefaultConfigurationKey_OE25Dev.testIterate_12_oe:827 Wrong key part expected:<[dataType]> but was:<[tables]>
[ERROR]   TestDefaultConfigurationKey_OE25Dev.testIterate_13_oe:846 Wrong decorated key part expected:<[@dataType]> but was:<null>
[ERROR]   TestDefaultConfigurationKey_OE25Dev.testIterate_14_oe:866 Attribute not found
[ERROR]   TestDefaultConfigurationKey_OE25Dev.testIterate_15_oe:887 Too many key parts
[ERROR]   TestDefaultConfigurationKey_OE25Dev.testIterate_3_oe:701 Wrong key part expected:<table[]> but was:<table[s]>
[ERROR]   TestDefaultConfigurationKey_OE25Dev.testIterate_4_oe:711 No index found
[ERROR]   TestDefaultConfigurationKey_OE25Dev.testIterate_6_oe:734 Wrong key part expected:<[field]s> but was:<[table]s>
[ERROR]   TestDefaultConfigurationKey_OE25Dev.testIterate_8_oe:761 Wrong key part expected:<[field]> but was:<[tables]>
[ERROR]   TestDefaultConfigurationKey_OE25Dev.testIterate_9_oe:776 Wrong index expected:<1> but was:<0>
[ERROR]   TestInMemoryNodeModelTrackedNodes_OE25Dev.testTrackChildNodes_2_oe:935 Wrong selector expected:<org.apache.commons.configuration2.tree.NodeSelector@6cd0d374[keys=[tables.table(0)]]> but was:<org.apache.commons.configuration2.tree.NodeSelector@7a2b9987[keys=[tables.table(1)]]>
[ERROR]   TestInMemoryNodeModelTrackedNodes_OE25Dev.testTrackChildNodes_3_oe:957 Wrong tracked node for org.apache.commons.configuration2.tree.NodeSelector@30e31be4[keys=[tables.table(1)]] expected:<org.apache.commons.configuration2.tree.ImmutableNode@5e05dd42(table)> but was:<org.apache.commons.configuration2.tree.ImmutableNode@246701d5(table)>
[ERROR]   TestInMemoryNodeModel_OE25Dev.testAddPropertyWithPathNodes_3_oe:546 Wrong value expected:<[Troja]> but was:<[Beach]>
[ERROR]   TestConfigurationNodeIteratorChildren_OE25Dev.testIterateStartsWith_3_oe:187 Wrong node value expected:<[4]> but was:<[5]>
[ERROR] Errors: 
[ERROR]   TestBasicBuilderParameters_OE25Dev.testSetDefaultLookups_3_oe:806 NullPointer ...
[ERROR]   TestBasicBuilderParameters_OE25Dev.testSetDefaultLookups_4_oe:817 NullPointer ...
[ERROR]   TestBasicBuilderParameters_OE25Dev.testSetPrefixLookups_3_oe:968 NullPointer C...
[ERROR]   TestBasicBuilderParameters_OE25Dev.testSetPrefixLookups_4_oe:979 NullPointer C...
[ERROR]   TestEventListenerParameters_OE25Dev.testAddEventListenerRegistration_3_oe:109 » ArrayIndexOutOfBounds
[ERROR]   TestEventListenerParameters_OE25Dev.testAddEventListener_3_oe:70 » ArrayIndexOutOfBounds
[ERROR]   TestEventListenerParameters_OE25Dev.testAddEventListener_4_oe:80 » ArrayIndexOutOfBounds
[ERROR]   TestFileBasedBuilderParameters_OE25Dev.testSetURL_2_oe:703 NullPointer Cannot ...
[ERROR]   TestCombinedConfigurationBuilder_OE25Dev.testCustomEntityResolver_1_oe:1045 ClassCast
[ERROR]   TestFileHandler_OE25Dev.testLocateSuccess_5_oe:1331 » Configuration Could not ...
[ERROR]   TestFileLocatorUtils_OE25Dev.testDefaultFileLocationStrategy_6_oe:335 ClassCast
[ERROR]   TestFileLocatorUtils_OE25Dev.testDefaultFileLocationStrategy_8_oe:366 ClassCast
[ERROR]   TestHomeDirectoryLocationStrategy_OE25Dev.testLocateSuccessInSubFolder_2_oe:137 NullPointer
[ERROR]   TestReloadingController_OE25Dev.testCheckForReloadingTrue_4_oe:224 NullPointer
[ERROR]   TestReloadingController_OE25Dev.testCheckForReloadingTrue_5_oe:243 NullPointer
[ERROR]   TestReloadingController_OE25Dev.testCheckForReloadingTrue_6_oe:263 NullPointer
[ERROR]   TestInMemoryNodeModel_OE25Dev.testConcurrentUpdate_2_oe:1021 » IllegalState No...
[ERROR]   TestInMemoryNodeModel_OE25Dev.testConcurrentUpdate_3_oe:1063 » IllegalState No...
[INFO] 
[ERROR] Tests run: 3665, Failures: 163, Errors: 18, Skipped: 1
[INFO] 
[INFO] ------------------------------------------------------------------------
[INFO] BUILD FAILURE
[INFO] ------------------------------------------------------------------------
[INFO] Total time:  01:19 min
[INFO] Finished at: 2026-01-20T01:58:52-06:00
[INFO] ------------------------------------------------------------------------
[ERROR] Failed to execute goal org.apache.maven.plugins:maven-surefire-plugin:2.22.0:test (default-test) on project commons-configuration2: There are test failures.
[ERROR] 
[ERROR] Please refer to /home/tasfia/Desktop/OE25-DEV/projects_decomposed/commons-configuration2-2.8.0-src/target/surefire-reports for the individual test results.
[ERROR] Please refer to dump files (if any exist) [date]-jvmRun[N].dump, [date].dumpstream and [date]-jvmRun[N].dumpstream.
[ERROR] -> [Help 1]
[ERROR] 
[ERROR] To see the full stack trace of the errors, re-run Maven with the -e switch.
[ERROR] Re-run Maven using the -X switch to enable full debug logging.
[ERROR] 
[ERROR] For more information about the errors and possible solutions, please read the following articles:
[ERROR] [Help 1] http://cwiki.apache.org/confluence/display/MAVEN/MojoFailureException
