id,project,test_class,test_name,test_file_path,focal_file_path,focal_class,focal_package,oracle_type,junit_version,assert_kind,assert_name
coll_3_5,commons-collections4,ComparatorUtilsTest,max_5_oe,src/test/java/org/apache/commons/collections4/ComparatorUtilsTest.java,,,,assert,unknown,standard,fail
coll_3_6,commons-collections4,ComparatorUtilsTest,max_6_oe,src/test/java/org/apache/commons/collections4/ComparatorUtilsTest.java,,,,assert,unknown,standard,fail
coll_4_5,commons-collections4,ComparatorUtilsTest,min_5_oe,src/test/java/org/apache/commons/collections4/ComparatorUtilsTest.java,,,,assert,unknown,standard,fail
coll_4_6,commons-collections4,ComparatorUtilsTest,min_6_oe,src/test/java/org/apache/commons/collections4/ComparatorUtilsTest.java,,,,assert,unknown,standard,fail
coll_7_6,commons-collections4,SetUtilsTest,difference_6_oe,src/test/java/org/apache/commons/collections4/SetUtilsTest.java,,,,assert,unknown,standard,fail
coll_7_7,commons-collections4,SetUtilsTest,difference_7_oe,src/test/java/org/apache/commons/collections4/SetUtilsTest.java,,,,assert,unknown,standard,fail
coll_8_10,commons-collections4,SetUtilsTest,disjunction_10_oe,src/test/java/org/apache/commons/collections4/SetUtilsTest.java,,,,assert,unknown,standard,fail
coll_8_11,commons-collections4,SetUtilsTest,disjunction_11_oe,src/test/java/org/apache/commons/collections4/SetUtilsTest.java,,,,assert,unknown,standard,fail
coll_9_10,commons-collections4,SetUtilsTest,intersection_10_oe,src/test/java/org/apache/commons/collections4/SetUtilsTest.java,,,,assert,unknown,standard,fail
coll_9_11,commons-collections4,SetUtilsTest,intersection_11_oe,src/test/java/org/apache/commons/collections4/SetUtilsTest.java,,,,assert,unknown,standard,fail
coll_15_2,commons-collections4,SetUtilsTest,testpredicatedSet_2_oe,src/test/java/org/apache/commons/collections4/SetUtilsTest.java,,,,assert,unknown,standard,fail
coll_15_3,commons-collections4,SetUtilsTest,testpredicatedSet_3_oe,src/test/java/org/apache/commons/collections4/SetUtilsTest.java,,,,assert,unknown,standard,fail
coll_18_5,commons-collections4,SetUtilsTest,union_5_oe,src/test/java/org/apache/commons/collections4/SetUtilsTest.java,,,,assert,unknown,standard,fail
coll_18_6,commons-collections4,SetUtilsTest,union_6_oe,src/test/java/org/apache/commons/collections4/SetUtilsTest.java,,,,assert,unknown,standard,fail
coll_25_2,commons-collections4,ListUtilsTest,testPredicatedList_2_oe,src/test/java/org/apache/commons/collections4/ListUtilsTest.java,,,,assert,unknown,standard,fail
coll_25_3,commons-collections4,ListUtilsTest,testPredicatedList_3_oe,src/test/java/org/apache/commons/collections4/ListUtilsTest.java,,,,assert,unknown,standard,fail
coll_32_4,commons-collections4,ListUtilsTest,testRetainAll_4_oe,src/test/java/org/apache/commons/collections4/ListUtilsTest.java,,,,assert,unknown,standard,fail
coll_33_3,commons-collections4,ListUtilsTest,testRemoveAll_3_oe,src/test/java/org/apache/commons/collections4/ListUtilsTest.java,,,,assert,unknown,standard,fail
coll_34_3,commons-collections4,ListUtilsTest,testSubtract_3_oe,src/test/java/org/apache/commons/collections4/ListUtilsTest.java,,,,assert,unknown,standard,fail
coll_37_1,commons-collections4,ListUtilsTest,testLongestCommonSubsequence_1_oe,src/test/java/org/apache/commons/collections4/ListUtilsTest.java,,,,assert,unknown,standard,fail
coll_37_2,commons-collections4,ListUtilsTest,testLongestCommonSubsequence_2_oe,src/test/java/org/apache/commons/collections4/ListUtilsTest.java,,,,assert,unknown,standard,fail
coll_37_3,commons-collections4,ListUtilsTest,testLongestCommonSubsequence_3_oe,src/test/java/org/apache/commons/collections4/ListUtilsTest.java,,,,assert,unknown,standard,fail
coll_38_1,commons-collections4,ListUtilsTest,testLongestCommonSubsequenceWithString_1_oe,src/test/java/org/apache/commons/collections4/ListUtilsTest.java,,,,assert,unknown,standard,fail
coll_38_2,commons-collections4,ListUtilsTest,testLongestCommonSubsequenceWithString_2_oe,src/test/java/org/apache/commons/collections4/ListUtilsTest.java,,,,assert,unknown,standard,fail
coll_38_3,commons-collections4,ListUtilsTest,testLongestCommonSubsequenceWithString_3_oe,src/test/java/org/apache/commons/collections4/ListUtilsTest.java,,,,assert,unknown,standard,fail
coll_39_4,commons-collections4,ListUtilsTest,testPartition_4_oe,src/test/java/org/apache/commons/collections4/ListUtilsTest.java,,,,assert,unknown,standard,fail
coll_39_5,commons-collections4,ListUtilsTest,testPartition_5_oe,src/test/java/org/apache/commons/collections4/ListUtilsTest.java,,,,assert,unknown,standard,fail
coll_39_6,commons-collections4,ListUtilsTest,testPartition_6_oe,src/test/java/org/apache/commons/collections4/ListUtilsTest.java,,,,assert,unknown,standard,fail
coll_42_2,commons-collections4,MapUtilsTest,testPredicatedMap_2_oe,src/test/java/org/apache/commons/collections4/MapUtilsTest.java,,,,assert,unknown,standard,fail
coll_43_2,commons-collections4,MapUtilsTest,testLazyMapFactory_2_oe,src/test/java/org/apache/commons/collections4/MapUtilsTest.java,,,,assert,unknown,standard,fail
coll_43_3,commons-collections4,MapUtilsTest,testLazyMapFactory_3_oe,src/test/java/org/apache/commons/collections4/MapUtilsTest.java,,,,assert,unknown,standard,fail
coll_43_5,commons-collections4,MapUtilsTest,testLazyMapFactory_5_oe,src/test/java/org/apache/commons/collections4/MapUtilsTest.java,,,,assert,unknown,standard,fail
coll_43_6,commons-collections4,MapUtilsTest,testLazyMapFactory_6_oe,src/test/java/org/apache/commons/collections4/MapUtilsTest.java,,,,assert,unknown,standard,fail
coll_46_1,commons-collections4,MapUtilsTest,testPutAll_Map_array_1_oe,src/test/java/org/apache/commons/collections4/MapUtilsTest.java,,,,assert,unknown,standard,fail
coll_46_2,commons-collections4,MapUtilsTest,testPutAll_Map_array_2_oe,src/test/java/org/apache/commons/collections4/MapUtilsTest.java,,,,assert,unknown,standard,fail
coll_46_11,commons-collections4,MapUtilsTest,testPutAll_Map_array_11_oe,src/test/java/org/apache/commons/collections4/MapUtilsTest.java,,,,assert,unknown,standard,fail
coll_46_12,commons-collections4,MapUtilsTest,testPutAll_Map_array_12_oe,src/test/java/org/apache/commons/collections4/MapUtilsTest.java,,,,assert,unknown,standard,fail
coll_46_13,commons-collections4,MapUtilsTest,testPutAll_Map_array_13_oe,src/test/java/org/apache/commons/collections4/MapUtilsTest.java,,,,assert,unknown,standard,fail
coll_54_1,commons-collections4,MapUtilsTest,testVerbosePrintNullStream_1_oe,src/test/java/org/apache/commons/collections4/MapUtilsTest.java,,,,assert,unknown,standard,fail
coll_55_1,commons-collections4,MapUtilsTest,testDebugPrintNullStream_1_oe,src/test/java/org/apache/commons/collections4/MapUtilsTest.java,,,,assert,unknown,standard,fail
coll_75_1,commons-collections4,MapUtilsTest,testIterableMap_1_oe,src/test/java/org/apache/commons/collections4/MapUtilsTest.java,,,,assert,unknown,standard,fail
coll_76_1,commons-collections4,MapUtilsTest,testIterableSortedMap_1_oe,src/test/java/org/apache/commons/collections4/MapUtilsTest.java,,,,assert,unknown,standard,fail
coll_95_1,commons-collections4,AbstractLinkedListTest,testLinkedListGetFirst_1_oe,src/test/java/org/apache/commons/collections4/AbstractLinkedListTest.java,,,,assert,unknown,standard,fail
coll_96_1,commons-collections4,AbstractLinkedListTest,testLinkedListGetLast_1_oe,src/test/java/org/apache/commons/collections4/AbstractLinkedListTest.java,,,,assert,unknown,standard,fail
coll_97_1,commons-collections4,AbstractLinkedListTest,testLinkedListRemoveFirst_1_oe,src/test/java/org/apache/commons/collections4/AbstractLinkedListTest.java,,,,assert,unknown,standard,fail
coll_98_1,commons-collections4,AbstractLinkedListTest,testLinkedListRemoveLast_1_oe,src/test/java/org/apache/commons/collections4/AbstractLinkedListTest.java,,,,assert,unknown,standard,fail
coll_99_3,commons-collections4,ArrayStackTest,testNewStack_3_oe,src/test/java/org/apache/commons/collections4/ArrayStackTest.java,,,,assert,unknown,standard,fail
coll_99_4,commons-collections4,ArrayStackTest,testNewStack_4_oe,src/test/java/org/apache/commons/collections4/ArrayStackTest.java,,,,assert,unknown,standard,fail
coll_104_3,commons-collections4,EnumerationUtilsTest,getFromEnumeration_3_oe,src/test/java/org/apache/commons/collections4/EnumerationUtilsTest.java,,,,assert,unknown,standard,fail
coll_109_4,commons-collections4,TransformerUtilsTest,testCloneTransformer_4_oe,src/test/java/org/apache/commons/collections4/TransformerUtilsTest.java,,,,assert,unknown,standard,assertEquals
coll_114_7,commons-collections4,TransformerUtilsTest,testChainedTransformer_7_oe,src/test/java/org/apache/commons/collections4/TransformerUtilsTest.java,,,,assert,unknown,standard,fail
coll_114_8,commons-collections4,TransformerUtilsTest,testChainedTransformer_8_oe,src/test/java/org/apache/commons/collections4/TransformerUtilsTest.java,,,,assert,unknown,standard,fail
coll_114_9,commons-collections4,TransformerUtilsTest,testChainedTransformer_9_oe,src/test/java/org/apache/commons/collections4/TransformerUtilsTest.java,,,,assert,unknown,standard,fail
coll_114_10,commons-collections4,TransformerUtilsTest,testChainedTransformer_10_oe,src/test/java/org/apache/commons/collections4/TransformerUtilsTest.java,,,,assert,unknown,standard,fail
coll_114_11,commons-collections4,TransformerUtilsTest,testChainedTransformer_11_oe,src/test/java/org/apache/commons/collections4/TransformerUtilsTest.java,,,,assert,unknown,standard,fail
coll_115_7,commons-collections4,TransformerUtilsTest,testIfTransformer_7_oe,src/test/java/org/apache/commons/collections4/TransformerUtilsTest.java,,,,assert,unknown,standard,fail
coll_115_8,commons-collections4,TransformerUtilsTest,testIfTransformer_8_oe,src/test/java/org/apache/commons/collections4/TransformerUtilsTest.java,,,,assert,unknown,standard,fail
coll_115_9,commons-collections4,TransformerUtilsTest,testIfTransformer_9_oe,src/test/java/org/apache/commons/collections4/TransformerUtilsTest.java,,,,assert,unknown,standard,fail
coll_115_10,commons-collections4,TransformerUtilsTest,testIfTransformer_10_oe,src/test/java/org/apache/commons/collections4/TransformerUtilsTest.java,,,,assert,unknown,standard,fail
coll_116_14,commons-collections4,TransformerUtilsTest,testSwitchTransformer_14_oe,src/test/java/org/apache/commons/collections4/TransformerUtilsTest.java,,,,assert,unknown,standard,fail
coll_116_15,commons-collections4,TransformerUtilsTest,testSwitchTransformer_15_oe,src/test/java/org/apache/commons/collections4/TransformerUtilsTest.java,,,,assert,unknown,standard,fail
coll_116_16,commons-collections4,TransformerUtilsTest,testSwitchTransformer_16_oe,src/test/java/org/apache/commons/collections4/TransformerUtilsTest.java,,,,assert,unknown,standard,fail
coll_116_17,commons-collections4,TransformerUtilsTest,testSwitchTransformer_17_oe,src/test/java/org/apache/commons/collections4/TransformerUtilsTest.java,,,,assert,unknown,standard,fail
coll_116_18,commons-collections4,TransformerUtilsTest,testSwitchTransformer_18_oe,src/test/java/org/apache/commons/collections4/TransformerUtilsTest.java,,,,assert,unknown,standard,fail
coll_117_7,commons-collections4,TransformerUtilsTest,testSwitchMapTransformer_7_oe,src/test/java/org/apache/commons/collections4/TransformerUtilsTest.java,,,,assert,unknown,standard,fail
coll_118_4,commons-collections4,TransformerUtilsTest,testInvokerTransformer_4_oe,src/test/java/org/apache/commons/collections4/TransformerUtilsTest.java,,,,assert,unknown,standard,fail
coll_118_5,commons-collections4,TransformerUtilsTest,testInvokerTransformer_5_oe,src/test/java/org/apache/commons/collections4/TransformerUtilsTest.java,,,,assert,unknown,standard,fail
coll_119_4,commons-collections4,TransformerUtilsTest,testInvokerTransformer2_4_oe,src/test/java/org/apache/commons/collections4/TransformerUtilsTest.java,,,,assert,unknown,standard,fail
coll_119_5,commons-collections4,TransformerUtilsTest,testInvokerTransformer2_5_oe,src/test/java/org/apache/commons/collections4/TransformerUtilsTest.java,,,,assert,unknown,standard,fail
coll_119_6,commons-collections4,TransformerUtilsTest,testInvokerTransformer2_6_oe,src/test/java/org/apache/commons/collections4/TransformerUtilsTest.java,,,,assert,unknown,standard,fail
coll_119_7,commons-collections4,TransformerUtilsTest,testInvokerTransformer2_7_oe,src/test/java/org/apache/commons/collections4/TransformerUtilsTest.java,,,,assert,unknown,standard,fail
coll_119_8,commons-collections4,TransformerUtilsTest,testInvokerTransformer2_8_oe,src/test/java/org/apache/commons/collections4/TransformerUtilsTest.java,,,,assert,unknown,standard,fail
coll_121_1,commons-collections4,TransformerUtilsTest,testInstantiateTransformerNull_1_oe,src/test/java/org/apache/commons/collections4/TransformerUtilsTest.java,,,,assert,unknown,standard,fail
coll_121_2,commons-collections4,TransformerUtilsTest,testInstantiateTransformerNull_2_oe,src/test/java/org/apache/commons/collections4/TransformerUtilsTest.java,,,,assert,unknown,standard,fail
coll_121_3,commons-collections4,TransformerUtilsTest,testInstantiateTransformerNull_3_oe,src/test/java/org/apache/commons/collections4/TransformerUtilsTest.java,,,,assert,unknown,standard,fail
coll_121_4,commons-collections4,TransformerUtilsTest,testInstantiateTransformerNull_4_oe,src/test/java/org/apache/commons/collections4/TransformerUtilsTest.java,,,,assert,unknown,standard,assertEquals
coll_121_5,commons-collections4,TransformerUtilsTest,testInstantiateTransformerNull_5_oe,src/test/java/org/apache/commons/collections4/TransformerUtilsTest.java,,,,assert,unknown,standard,assertEquals
coll_123_3,commons-collections4,AbstractArrayListTest,testNewArrayList_3_oe,src/test/java/org/apache/commons/collections4/AbstractArrayListTest.java,,,,assert,unknown,standard,fail
coll_125_2,commons-collections4,MultiMapUtilsTest,testEmptyUnmodifiableMultiValuedMap_2_oe,src/test/java/org/apache/commons/collections4/MultiMapUtilsTest.java,,,,assert,unknown,standard,fail
coll_126_2,commons-collections4,MultiMapUtilsTest,testTypeSafeEmptyMultiValuedMap_2_oe,src/test/java/org/apache/commons/collections4/MultiMapUtilsTest.java,,,,assert,unknown,standard,fail
coll_135_6,commons-collections4,FluentIterableTest,factoryMethodOf_6_oe,src/test/java/org/apache/commons/collections4/FluentIterableTest.java,,,,assert,unknown,standard,fail
coll_138_2,commons-collections4,FluentIterableTest,collate_2_oe,src/test/java/org/apache/commons/collections4/FluentIterableTest.java,,,,assert,unknown,standard,fail
coll_140_4,commons-collections4,FluentIterableTest,filter_4_oe,src/test/java/org/apache/commons/collections4/FluentIterableTest.java,,,,assert,unknown,standard,fail
coll_141_2,commons-collections4,FluentIterableTest,forEach_2_oe,src/test/java/org/apache/commons/collections4/FluentIterableTest.java,,,,assert,unknown,standard,fail
coll_142_7,commons-collections4,FluentIterableTest,limit_7_oe,src/test/java/org/apache/commons/collections4/FluentIterableTest.java,,,,assert,unknown,standard,fail
coll_144_7,commons-collections4,FluentIterableTest,skip_7_oe,src/test/java/org/apache/commons/collections4/FluentIterableTest.java,,,,assert,unknown,standard,fail
coll_145_4,commons-collections4,FluentIterableTest,transform_4_oe,src/test/java/org/apache/commons/collections4/FluentIterableTest.java,,,,assert,unknown,standard,fail
coll_147_2,commons-collections4,FluentIterableTest,unmodifiable_2_oe,src/test/java/org/apache/commons/collections4/FluentIterableTest.java,,,,assert,unknown,standard,fail
coll_148_2,commons-collections4,FluentIterableTest,zip_2_oe,src/test/java/org/apache/commons/collections4/FluentIterableTest.java,,,,assert,unknown,standard,fail
coll_150_4,commons-collections4,FluentIterableTest,allMatch_4_oe,src/test/java/org/apache/commons/collections4/FluentIterableTest.java,,,,assert,unknown,standard,fail
coll_151_4,commons-collections4,FluentIterableTest,anyMatch_4_oe,src/test/java/org/apache/commons/collections4/FluentIterableTest.java,,,,assert,unknown,standard,fail
coll_153_1,commons-collections4,FluentIterableTest,size_1_oe,src/test/java/org/apache/commons/collections4/FluentIterableTest.java,,,,assert,unknown,standard,fail
coll_156_5,commons-collections4,FluentIterableTest,copyInto_5_oe,src/test/java/org/apache/commons/collections4/FluentIterableTest.java,,,,assert,unknown,standard,fail
coll_158_2,commons-collections4,FluentIterableTest,get_2_oe,src/test/java/org/apache/commons/collections4/FluentIterableTest.java,,,,assert,unknown,standard,fail
coll_158_3,commons-collections4,FluentIterableTest,get_3_oe,src/test/java/org/apache/commons/collections4/FluentIterableTest.java,,,,assert,unknown,standard,fail
coll_161_2,commons-collections4,IterableUtilsTest,forEach_2_oe,src/test/java/org/apache/commons/collections4/IterableUtilsTest.java,,,,assert,unknown,standard,fail
coll_162_3,commons-collections4,IterableUtilsTest,forEachButLast_3_oe,src/test/java/org/apache/commons/collections4/IterableUtilsTest.java,,,,assert,unknown,standard,fail
coll_163_6,commons-collections4,IterableUtilsTest,containsWithEquator_6_oe,src/test/java/org/apache/commons/collections4/IterableUtilsTest.java,,,,assert,unknown,standard,fail
coll_166_4,commons-collections4,IterableUtilsTest,find_4_oe,src/test/java/org/apache/commons/collections4/IterableUtilsTest.java,,,,assert,unknown,standard,assertNull
coll_166_5,commons-collections4,IterableUtilsTest,find_5_oe,src/test/java/org/apache/commons/collections4/IterableUtilsTest.java,,,,assert,unknown,standard,fail
coll_167_4,commons-collections4,IterableUtilsTest,indexOf_4_oe,src/test/java/org/apache/commons/collections4/IterableUtilsTest.java,,,,assert,unknown,standard,fail
coll_168_3,commons-collections4,IterableUtilsTest,countMatches_3_oe,src/test/java/org/apache/commons/collections4/IterableUtilsTest.java,,,,assert,unknown,standard,assertEquals
coll_168_4,commons-collections4,IterableUtilsTest,countMatches_4_oe,src/test/java/org/apache/commons/collections4/IterableUtilsTest.java,,,,assert,unknown,standard,fail
coll_168_5,commons-collections4,IterableUtilsTest,countMatches_5_oe,src/test/java/org/apache/commons/collections4/IterableUtilsTest.java,,,,assert,unknown,standard,assertEquals
coll_168_6,commons-collections4,IterableUtilsTest,countMatches_6_oe,src/test/java/org/apache/commons/collections4/IterableUtilsTest.java,,,,assert,unknown,standard,fail
coll_169_1,commons-collections4,IterableUtilsTest,matchesAny_1_oe,src/test/java/org/apache/commons/collections4/IterableUtilsTest.java,,,,assert,unknown,standard,assertFalse
coll_169_2,commons-collections4,IterableUtilsTest,matchesAny_2_oe,src/test/java/org/apache/commons/collections4/IterableUtilsTest.java,,,,assert,unknown,standard,fail
coll_169_3,commons-collections4,IterableUtilsTest,matchesAny_3_oe,src/test/java/org/apache/commons/collections4/IterableUtilsTest.java,,,,assert,unknown,standard,assertFalse
coll_169_4,commons-collections4,IterableUtilsTest,matchesAny_4_oe,src/test/java/org/apache/commons/collections4/IterableUtilsTest.java,,,,assert,unknown,standard,fail
coll_170_1,commons-collections4,IterableUtilsTest,matchesAll_1_oe,src/test/java/org/apache/commons/collections4/IterableUtilsTest.java,,,,assert,unknown,standard,assertFalse
coll_170_2,commons-collections4,IterableUtilsTest,matchesAll_2_oe,src/test/java/org/apache/commons/collections4/IterableUtilsTest.java,,,,assert,unknown,standard,fail
coll_170_3,commons-collections4,IterableUtilsTest,matchesAll_3_oe,src/test/java/org/apache/commons/collections4/IterableUtilsTest.java,,,,assert,unknown,standard,assertFalse
coll_170_4,commons-collections4,IterableUtilsTest,matchesAll_4_oe,src/test/java/org/apache/commons/collections4/IterableUtilsTest.java,,,,assert,unknown,standard,fail
coll_171_10,commons-collections4,IterableUtilsTest,partition_10_oe,src/test/java/org/apache/commons/collections4/IterableUtilsTest.java,,,,assert,unknown,standard,fail
coll_173_5,commons-collections4,IterableUtilsTest,testToString_5_oe,src/test/java/org/apache/commons/collections4/IterableUtilsTest.java,,,,assert,unknown,standard,fail
coll_173_7,commons-collections4,IterableUtilsTest,testToString_7_oe,src/test/java/org/apache/commons/collections4/IterableUtilsTest.java,,,,assert,unknown,standard,fail
coll_175_1,commons-collections4,IterableUtilsTest,testToStringWithNullArguments_1_oe,src/test/java/org/apache/commons/collections4/IterableUtilsTest.java,,,,assert,unknown,standard,fail
coll_175_3,commons-collections4,IterableUtilsTest,testToStringWithNullArguments_3_oe,src/test/java/org/apache/commons/collections4/IterableUtilsTest.java,,,,assert,unknown,standard,fail
coll_175_4,commons-collections4,IterableUtilsTest,testToStringWithNullArguments_4_oe,src/test/java/org/apache/commons/collections4/IterableUtilsTest.java,,,,assert,unknown,standard,fail
coll_175_5,commons-collections4,IterableUtilsTest,testToStringWithNullArguments_5_oe,src/test/java/org/apache/commons/collections4/IterableUtilsTest.java,,,,assert,unknown,standard,fail
coll_175_6,commons-collections4,IterableUtilsTest,testToStringWithNullArguments_6_oe,src/test/java/org/apache/commons/collections4/IterableUtilsTest.java,,,,assert,unknown,standard,fail
coll_175_7,commons-collections4,IterableUtilsTest,testToStringWithNullArguments_7_oe,src/test/java/org/apache/commons/collections4/IterableUtilsTest.java,,,,assert,unknown,standard,fail
coll_175_8,commons-collections4,IterableUtilsTest,testToStringWithNullArguments_8_oe,src/test/java/org/apache/commons/collections4/IterableUtilsTest.java,,,,assert,unknown,standard,fail
coll_175_9,commons-collections4,IterableUtilsTest,testToStringWithNullArguments_9_oe,src/test/java/org/apache/commons/collections4/IterableUtilsTest.java,,,,assert,unknown,standard,fail
coll_180_2,commons-collections4,BagUtilsTest,testSynchronizedBag_2_oe,src/test/java/org/apache/commons/collections4/BagUtilsTest.java,,,,assert,unknown,standard,fail
coll_181_2,commons-collections4,BagUtilsTest,testUnmodifiableBag_2_oe,src/test/java/org/apache/commons/collections4/BagUtilsTest.java,,,,assert,unknown,standard,fail
coll_182_2,commons-collections4,BagUtilsTest,testPredicatedBag_2_oe,src/test/java/org/apache/commons/collections4/BagUtilsTest.java,,,,assert,unknown,standard,fail
coll_182_3,commons-collections4,BagUtilsTest,testPredicatedBag_3_oe,src/test/java/org/apache/commons/collections4/BagUtilsTest.java,,,,assert,unknown,standard,fail
coll_183_2,commons-collections4,BagUtilsTest,testTransformedBag_2_oe,src/test/java/org/apache/commons/collections4/BagUtilsTest.java,,,,assert,unknown,standard,fail
coll_183_3,commons-collections4,BagUtilsTest,testTransformedBag_3_oe,src/test/java/org/apache/commons/collections4/BagUtilsTest.java,,,,assert,unknown,standard,fail
coll_184_2,commons-collections4,BagUtilsTest,testSynchronizedSortedBag_2_oe,src/test/java/org/apache/commons/collections4/BagUtilsTest.java,,,,assert,unknown,standard,fail
coll_185_2,commons-collections4,BagUtilsTest,testUnmodifiableSortedBag_2_oe,src/test/java/org/apache/commons/collections4/BagUtilsTest.java,,,,assert,unknown,standard,fail
coll_186_2,commons-collections4,BagUtilsTest,testPredicatedSortedBag_2_oe,src/test/java/org/apache/commons/collections4/BagUtilsTest.java,,,,assert,unknown,standard,fail
coll_186_3,commons-collections4,BagUtilsTest,testPredicatedSortedBag_3_oe,src/test/java/org/apache/commons/collections4/BagUtilsTest.java,,,,assert,unknown,standard,fail
coll_187_2,commons-collections4,BagUtilsTest,testTransformedSortedBag_2_oe,src/test/java/org/apache/commons/collections4/BagUtilsTest.java,,,,assert,unknown,standard,fail
coll_187_3,commons-collections4,BagUtilsTest,testTransformedSortedBag_3_oe,src/test/java/org/apache/commons/collections4/BagUtilsTest.java,,,,assert,unknown,standard,fail
coll_190_2,commons-collections4,TrieUtilsTest,testUnmodifiableTrie_2_oe,src/test/java/org/apache/commons/collections4/TrieUtilsTest.java,,,,assert,unknown,standard,fail
coll_191_2,commons-collections4,QueueUtilsTest,testSynchronizedQueue_2_oe,src/test/java/org/apache/commons/collections4/QueueUtilsTest.java,,,,assert,unknown,standard,fail
coll_192_2,commons-collections4,QueueUtilsTest,testUnmodifiableQueue_2_oe,src/test/java/org/apache/commons/collections4/QueueUtilsTest.java,,,,assert,unknown,standard,fail
coll_193_2,commons-collections4,QueueUtilsTest,testPredicatedQueue_2_oe,src/test/java/org/apache/commons/collections4/QueueUtilsTest.java,,,,assert,unknown,standard,fail
coll_193_3,commons-collections4,QueueUtilsTest,testPredicatedQueue_3_oe,src/test/java/org/apache/commons/collections4/QueueUtilsTest.java,,,,assert,unknown,standard,fail
coll_194_2,commons-collections4,QueueUtilsTest,testTransformedQueue_2_oe,src/test/java/org/apache/commons/collections4/QueueUtilsTest.java,,,,assert,unknown,standard,fail
coll_194_3,commons-collections4,QueueUtilsTest,testTransformedQueue_3_oe,src/test/java/org/apache/commons/collections4/QueueUtilsTest.java,,,,assert,unknown,standard,fail
coll_195_3,commons-collections4,QueueUtilsTest,testEmptyQueue_3_oe,src/test/java/org/apache/commons/collections4/QueueUtilsTest.java,,,,assert,unknown,standard,fail
coll_200_3,commons-collections4,ClosureUtilsTest,testWhileClosure_3_oe,src/test/java/org/apache/commons/collections4/ClosureUtilsTest.java,,,,assert,unknown,standard,fail
coll_200_4,commons-collections4,ClosureUtilsTest,testWhileClosure_4_oe,src/test/java/org/apache/commons/collections4/ClosureUtilsTest.java,,,,assert,unknown,standard,fail
coll_200_5,commons-collections4,ClosureUtilsTest,testWhileClosure_5_oe,src/test/java/org/apache/commons/collections4/ClosureUtilsTest.java,,,,assert,unknown,standard,fail
coll_201_3,commons-collections4,ClosureUtilsTest,testDoWhileClosure_3_oe,src/test/java/org/apache/commons/collections4/ClosureUtilsTest.java,,,,assert,unknown,standard,fail
coll_202_9,commons-collections4,ClosureUtilsTest,testChainedClosure_9_oe,src/test/java/org/apache/commons/collections4/ClosureUtilsTest.java,,,,assert,unknown,standard,fail
coll_202_10,commons-collections4,ClosureUtilsTest,testChainedClosure_10_oe,src/test/java/org/apache/commons/collections4/ClosureUtilsTest.java,,,,assert,unknown,standard,fail
coll_202_11,commons-collections4,ClosureUtilsTest,testChainedClosure_11_oe,src/test/java/org/apache/commons/collections4/ClosureUtilsTest.java,,,,assert,unknown,standard,fail
coll_202_12,commons-collections4,ClosureUtilsTest,testChainedClosure_12_oe,src/test/java/org/apache/commons/collections4/ClosureUtilsTest.java,,,,assert,unknown,standard,fail
coll_202_13,commons-collections4,ClosureUtilsTest,testChainedClosure_13_oe,src/test/java/org/apache/commons/collections4/ClosureUtilsTest.java,,,,assert,unknown,standard,fail
coll_204_18,commons-collections4,ClosureUtilsTest,testSwitchClosure_18_oe,src/test/java/org/apache/commons/collections4/ClosureUtilsTest.java,,,,assert,unknown,standard,fail
coll_204_19,commons-collections4,ClosureUtilsTest,testSwitchClosure_19_oe,src/test/java/org/apache/commons/collections4/ClosureUtilsTest.java,,,,assert,unknown,standard,fail
coll_204_20,commons-collections4,ClosureUtilsTest,testSwitchClosure_20_oe,src/test/java/org/apache/commons/collections4/ClosureUtilsTest.java,,,,assert,unknown,standard,fail
coll_204_21,commons-collections4,ClosureUtilsTest,testSwitchClosure_21_oe,src/test/java/org/apache/commons/collections4/ClosureUtilsTest.java,,,,assert,unknown,standard,fail
coll_204_22,commons-collections4,ClosureUtilsTest,testSwitchClosure_22_oe,src/test/java/org/apache/commons/collections4/ClosureUtilsTest.java,,,,assert,unknown,standard,fail
coll_205_9,commons-collections4,ClosureUtilsTest,testSwitchMapClosure_9_oe,src/test/java/org/apache/commons/collections4/ClosureUtilsTest.java,,,,assert,unknown,standard,fail
coll_250_4,commons-collections4,PredicateUtilsTest,testTransformedPredicate_4_oe,src/test/java/org/apache/commons/collections4/PredicateUtilsTest.java,,,,assert,unknown,standard,fail
coll_279_2,commons-collections4,CollectionUtilsTest,getFromMap_2_oe,src/test/java/org/apache/commons/collections4/CollectionUtilsTest.java,,,,assert,unknown,standard,fail
coll_279_3,commons-collections4,CollectionUtilsTest,getFromMap_3_oe,src/test/java/org/apache/commons/collections4/CollectionUtilsTest.java,,,,assert,unknown,standard,fail
coll_281_3,commons-collections4,CollectionUtilsTest,getFromIterator_3_oe,src/test/java/org/apache/commons/collections4/CollectionUtilsTest.java,,,,assert,unknown,standard,fail
coll_282_3,commons-collections4,CollectionUtilsTest,getFromEnumeration_3_oe,src/test/java/org/apache/commons/collections4/CollectionUtilsTest.java,,,,assert,unknown,standard,fail
coll_299_1,commons-collections4,CollectionUtilsTest,testSizeIsEmpty_Other_1_oe,src/test/java/org/apache/commons/collections4/CollectionUtilsTest.java,,,,assert,unknown,standard,fail
coll_319_2,commons-collections4,CollectionUtilsTest,predicatedCollection_2_oe,src/test/java/org/apache/commons/collections4/CollectionUtilsTest.java,,,,assert,unknown,standard,fail
coll_319_3,commons-collections4,CollectionUtilsTest,predicatedCollection_3_oe,src/test/java/org/apache/commons/collections4/CollectionUtilsTest.java,,,,assert,unknown,standard,fail
coll_320_1,commons-collections4,CollectionUtilsTest,isFull_1_oe,src/test/java/org/apache/commons/collections4/CollectionUtilsTest.java,,,,assert,unknown,standard,fail
coll_322_1,commons-collections4,CollectionUtilsTest,maxSize_1_oe,src/test/java/org/apache/commons/collections4/CollectionUtilsTest.java,,,,assert,unknown,standard,fail
coll_324_13,commons-collections4,CollectionUtilsTest,testRetainAll_13_oe,src/test/java/org/apache/commons/collections4/CollectionUtilsTest.java,,,,assert,unknown,standard,fail
coll_325_13,commons-collections4,CollectionUtilsTest,testRemoveAll_13_oe,src/test/java/org/apache/commons/collections4/CollectionUtilsTest.java,,,,assert,unknown,standard,fail
coll_326_2,commons-collections4,CollectionUtilsTest,testTransformedCollection_2_oe,src/test/java/org/apache/commons/collections4/CollectionUtilsTest.java,,,,assert,unknown,standard,fail
coll_326_3,commons-collections4,CollectionUtilsTest,testTransformedCollection_3_oe,src/test/java/org/apache/commons/collections4/CollectionUtilsTest.java,,,,assert,unknown,standard,fail
coll_328_2,commons-collections4,CollectionUtilsTest,testSynchronizedCollection_2_oe,src/test/java/org/apache/commons/collections4/CollectionUtilsTest.java,,,,assert,unknown,standard,fail
coll_329_2,commons-collections4,CollectionUtilsTest,testUnmodifiableCollection_2_oe,src/test/java/org/apache/commons/collections4/CollectionUtilsTest.java,,,,assert,unknown,standard,fail
coll_339_1,commons-collections4,CollectionUtilsTest,extractSingleton_1_oe,src/test/java/org/apache/commons/collections4/CollectionUtilsTest.java,,,,assert,unknown,standard,fail
coll_339_2,commons-collections4,CollectionUtilsTest,extractSingleton_2_oe,src/test/java/org/apache/commons/collections4/CollectionUtilsTest.java,,,,assert,unknown,standard,fail
coll_339_4,commons-collections4,CollectionUtilsTest,extractSingleton_4_oe,src/test/java/org/apache/commons/collections4/CollectionUtilsTest.java,,,,assert,unknown,standard,fail
coll_344_13,commons-collections4,CollectionUtilsTest,testRemoveAllWithEquator_13_oe,src/test/java/org/apache/commons/collections4/CollectionUtilsTest.java,,,,assert,unknown,standard,fail
coll_344_14,commons-collections4,CollectionUtilsTest,testRemoveAllWithEquator_14_oe,src/test/java/org/apache/commons/collections4/CollectionUtilsTest.java,,,,assert,unknown,standard,fail
coll_345_13,commons-collections4,CollectionUtilsTest,testRetainAllWithEquator_13_oe,src/test/java/org/apache/commons/collections4/CollectionUtilsTest.java,,,,assert,unknown,standard,fail
coll_345_14,commons-collections4,CollectionUtilsTest,testRetainAllWithEquator_14_oe,src/test/java/org/apache/commons/collections4/CollectionUtilsTest.java,,,,assert,unknown,standard,fail
coll_346_4,commons-collections4,IteratorUtilsTest,testArrayIterator_4_oe,src/test/java/org/apache/commons/collections4/IteratorUtilsTest.java,,,,assert,unknown,standard,fail
coll_346_5,commons-collections4,IteratorUtilsTest,testArrayIterator_5_oe,src/test/java/org/apache/commons/collections4/IteratorUtilsTest.java,,,,assert,unknown,standard,fail
coll_346_7,commons-collections4,IteratorUtilsTest,testArrayIterator_7_oe,src/test/java/org/apache/commons/collections4/IteratorUtilsTest.java,,,,assert,unknown,standard,fail
coll_346_9,commons-collections4,IteratorUtilsTest,testArrayIterator_9_oe,src/test/java/org/apache/commons/collections4/IteratorUtilsTest.java,,,,assert,unknown,standard,fail
coll_346_11,commons-collections4,IteratorUtilsTest,testArrayIterator_11_oe,src/test/java/org/apache/commons/collections4/IteratorUtilsTest.java,,,,assert,unknown,standard,fail
coll_346_12,commons-collections4,IteratorUtilsTest,testArrayIterator_12_oe,src/test/java/org/apache/commons/collections4/IteratorUtilsTest.java,,,,assert,unknown,standard,fail
coll_346_13,commons-collections4,IteratorUtilsTest,testArrayIterator_13_oe,src/test/java/org/apache/commons/collections4/IteratorUtilsTest.java,,,,assert,unknown,standard,fail
coll_346_18,commons-collections4,IteratorUtilsTest,testArrayIterator_18_oe,src/test/java/org/apache/commons/collections4/IteratorUtilsTest.java,,,,assert,unknown,standard,fail
coll_346_20,commons-collections4,IteratorUtilsTest,testArrayIterator_20_oe,src/test/java/org/apache/commons/collections4/IteratorUtilsTest.java,,,,assert,unknown,standard,fail
coll_346_22,commons-collections4,IteratorUtilsTest,testArrayIterator_22_oe,src/test/java/org/apache/commons/collections4/IteratorUtilsTest.java,,,,assert,unknown,standard,fail
coll_346_23,commons-collections4,IteratorUtilsTest,testArrayIterator_23_oe,src/test/java/org/apache/commons/collections4/IteratorUtilsTest.java,,,,assert,unknown,standard,fail
coll_346_24,commons-collections4,IteratorUtilsTest,testArrayIterator_24_oe,src/test/java/org/apache/commons/collections4/IteratorUtilsTest.java,,,,assert,unknown,standard,fail
coll_347_14,commons-collections4,IteratorUtilsTest,testArrayListIterator_14_oe,src/test/java/org/apache/commons/collections4/IteratorUtilsTest.java,,,,assert,unknown,standard,fail
coll_347_15,commons-collections4,IteratorUtilsTest,testArrayListIterator_15_oe,src/test/java/org/apache/commons/collections4/IteratorUtilsTest.java,,,,assert,unknown,standard,fail
coll_347_21,commons-collections4,IteratorUtilsTest,testArrayListIterator_21_oe,src/test/java/org/apache/commons/collections4/IteratorUtilsTest.java,,,,assert,unknown,standard,fail
coll_347_23,commons-collections4,IteratorUtilsTest,testArrayListIterator_23_oe,src/test/java/org/apache/commons/collections4/IteratorUtilsTest.java,,,,assert,unknown,standard,fail
coll_347_24,commons-collections4,IteratorUtilsTest,testArrayListIterator_24_oe,src/test/java/org/apache/commons/collections4/IteratorUtilsTest.java,,,,assert,unknown,standard,fail
coll_347_26,commons-collections4,IteratorUtilsTest,testArrayListIterator_26_oe,src/test/java/org/apache/commons/collections4/IteratorUtilsTest.java,,,,assert,unknown,standard,fail
coll_347_27,commons-collections4,IteratorUtilsTest,testArrayListIterator_27_oe,src/test/java/org/apache/commons/collections4/IteratorUtilsTest.java,,,,assert,unknown,standard,fail
coll_347_28,commons-collections4,IteratorUtilsTest,testArrayListIterator_28_oe,src/test/java/org/apache/commons/collections4/IteratorUtilsTest.java,,,,assert,unknown,standard,fail
coll_347_54,commons-collections4,IteratorUtilsTest,testArrayListIterator_54_oe,src/test/java/org/apache/commons/collections4/IteratorUtilsTest.java,,,,assert,unknown,standard,fail
coll_347_56,commons-collections4,IteratorUtilsTest,testArrayListIterator_56_oe,src/test/java/org/apache/commons/collections4/IteratorUtilsTest.java,,,,assert,unknown,standard,fail
coll_347_62,commons-collections4,IteratorUtilsTest,testArrayListIterator_62_oe,src/test/java/org/apache/commons/collections4/IteratorUtilsTest.java,,,,assert,unknown,standard,fail
coll_347_63,commons-collections4,IteratorUtilsTest,testArrayListIterator_63_oe,src/test/java/org/apache/commons/collections4/IteratorUtilsTest.java,,,,assert,unknown,standard,fail
coll_347_64,commons-collections4,IteratorUtilsTest,testArrayListIterator_64_oe,src/test/java/org/apache/commons/collections4/IteratorUtilsTest.java,,,,assert,unknown,standard,fail
coll_349_1,commons-collections4,IteratorUtilsTest,testAsIterableNull_1_oe,src/test/java/org/apache/commons/collections4/IteratorUtilsTest.java,,,,assert,unknown,standard,fail
coll_351_1,commons-collections4,IteratorUtilsTest,testAsMultipleIterableNull_1_oe,src/test/java/org/apache/commons/collections4/IteratorUtilsTest.java,,,,assert,unknown,standard,fail
coll_352_1,commons-collections4,IteratorUtilsTest,testCollatedIterator_1_oe,src/test/java/org/apache/commons/collections4/IteratorUtilsTest.java,,,,assert,unknown,standard,fail
coll_352_2,commons-collections4,IteratorUtilsTest,testCollatedIterator_2_oe,src/test/java/org/apache/commons/collections4/IteratorUtilsTest.java,,,,assert,unknown,standard,fail
coll_353_11,commons-collections4,IteratorUtilsTest,testEmptyIterator_11_oe,src/test/java/org/apache/commons/collections4/IteratorUtilsTest.java,,,,assert,unknown,standard,fail
coll_353_12,commons-collections4,IteratorUtilsTest,testEmptyIterator_12_oe,src/test/java/org/apache/commons/collections4/IteratorUtilsTest.java,,,,assert,unknown,standard,fail
coll_354_13,commons-collections4,IteratorUtilsTest,testEmptyListIterator_13_oe,src/test/java/org/apache/commons/collections4/IteratorUtilsTest.java,,,,assert,unknown,standard,fail
coll_354_14,commons-collections4,IteratorUtilsTest,testEmptyListIterator_14_oe,src/test/java/org/apache/commons/collections4/IteratorUtilsTest.java,,,,assert,unknown,standard,fail
coll_354_15,commons-collections4,IteratorUtilsTest,testEmptyListIterator_15_oe,src/test/java/org/apache/commons/collections4/IteratorUtilsTest.java,,,,assert,unknown,standard,fail
coll_354_16,commons-collections4,IteratorUtilsTest,testEmptyListIterator_16_oe,src/test/java/org/apache/commons/collections4/IteratorUtilsTest.java,,,,assert,unknown,standard,fail
coll_354_17,commons-collections4,IteratorUtilsTest,testEmptyListIterator_17_oe,src/test/java/org/apache/commons/collections4/IteratorUtilsTest.java,,,,assert,unknown,standard,fail
coll_355_11,commons-collections4,IteratorUtilsTest,testEmptyMapIterator_11_oe,src/test/java/org/apache/commons/collections4/IteratorUtilsTest.java,,,,assert,unknown,standard,fail
coll_355_12,commons-collections4,IteratorUtilsTest,testEmptyMapIterator_12_oe,src/test/java/org/apache/commons/collections4/IteratorUtilsTest.java,,,,assert,unknown,standard,fail
coll_355_13,commons-collections4,IteratorUtilsTest,testEmptyMapIterator_13_oe,src/test/java/org/apache/commons/collections4/IteratorUtilsTest.java,,,,assert,unknown,standard,fail
coll_355_14,commons-collections4,IteratorUtilsTest,testEmptyMapIterator_14_oe,src/test/java/org/apache/commons/collections4/IteratorUtilsTest.java,,,,assert,unknown,standard,fail
coll_355_15,commons-collections4,IteratorUtilsTest,testEmptyMapIterator_15_oe,src/test/java/org/apache/commons/collections4/IteratorUtilsTest.java,,,,assert,unknown,standard,fail
coll_356_11,commons-collections4,IteratorUtilsTest,testEmptyOrderedIterator_11_oe,src/test/java/org/apache/commons/collections4/IteratorUtilsTest.java,,,,assert,unknown,standard,fail
coll_356_12,commons-collections4,IteratorUtilsTest,testEmptyOrderedIterator_12_oe,src/test/java/org/apache/commons/collections4/IteratorUtilsTest.java,,,,assert,unknown,standard,fail
coll_356_13,commons-collections4,IteratorUtilsTest,testEmptyOrderedIterator_13_oe,src/test/java/org/apache/commons/collections4/IteratorUtilsTest.java,,,,assert,unknown,standard,fail
coll_357_11,commons-collections4,IteratorUtilsTest,testEmptyOrderedMapIterator_11_oe,src/test/java/org/apache/commons/collections4/IteratorUtilsTest.java,,,,assert,unknown,standard,fail
coll_357_12,commons-collections4,IteratorUtilsTest,testEmptyOrderedMapIterator_12_oe,src/test/java/org/apache/commons/collections4/IteratorUtilsTest.java,,,,assert,unknown,standard,fail
coll_357_13,commons-collections4,IteratorUtilsTest,testEmptyOrderedMapIterator_13_oe,src/test/java/org/apache/commons/collections4/IteratorUtilsTest.java,,,,assert,unknown,standard,fail
coll_357_14,commons-collections4,IteratorUtilsTest,testEmptyOrderedMapIterator_14_oe,src/test/java/org/apache/commons/collections4/IteratorUtilsTest.java,,,,assert,unknown,standard,fail
coll_357_15,commons-collections4,IteratorUtilsTest,testEmptyOrderedMapIterator_15_oe,src/test/java/org/apache/commons/collections4/IteratorUtilsTest.java,,,,assert,unknown,standard,fail
coll_357_16,commons-collections4,IteratorUtilsTest,testEmptyOrderedMapIterator_16_oe,src/test/java/org/apache/commons/collections4/IteratorUtilsTest.java,,,,assert,unknown,standard,fail
coll_358_4,commons-collections4,IteratorUtilsTest,testFind_4_oe,src/test/java/org/apache/commons/collections4/IteratorUtilsTest.java,,,,assert,unknown,standard,assertNull
coll_358_5,commons-collections4,IteratorUtilsTest,testFind_5_oe,src/test/java/org/apache/commons/collections4/IteratorUtilsTest.java,,,,assert,unknown,standard,fail
coll_360_2,commons-collections4,IteratorUtilsTest,testForEach_2_oe,src/test/java/org/apache/commons/collections4/IteratorUtilsTest.java,,,,assert,unknown,standard,fail
coll_361_3,commons-collections4,IteratorUtilsTest,testForEachButLast_3_oe,src/test/java/org/apache/commons/collections4/IteratorUtilsTest.java,,,,assert,unknown,standard,fail
coll_362_3,commons-collections4,IteratorUtilsTest,testGetAtIndexFromIterator_3_oe,src/test/java/org/apache/commons/collections4/IteratorUtilsTest.java,,,,assert,unknown,standard,fail
coll_364_4,commons-collections4,IteratorUtilsTest,testIndexOf_4_oe,src/test/java/org/apache/commons/collections4/IteratorUtilsTest.java,,,,assert,unknown,standard,fail
coll_367_2,commons-collections4,IteratorUtilsTest,testToArray_2_oe,src/test/java/org/apache/commons/collections4/IteratorUtilsTest.java,,,,assert,unknown,standard,fail
coll_368_2,commons-collections4,IteratorUtilsTest,testToArray2_2_oe,src/test/java/org/apache/commons/collections4/IteratorUtilsTest.java,,,,assert,unknown,standard,fail
coll_368_3,commons-collections4,IteratorUtilsTest,testToArray2_3_oe,src/test/java/org/apache/commons/collections4/IteratorUtilsTest.java,,,,assert,unknown,standard,fail
coll_371_1,commons-collections4,IteratorUtilsTest,testToListIteratorNull_1_oe,src/test/java/org/apache/commons/collections4/IteratorUtilsTest.java,,,,assert,unknown,standard,fail
coll_372_1,commons-collections4,IteratorUtilsTest,testUnmodifiableIteratorImmutability_1_oe,src/test/java/org/apache/commons/collections4/IteratorUtilsTest.java,,,,assert,unknown,standard,fail
coll_372_2,commons-collections4,IteratorUtilsTest,testUnmodifiableIteratorImmutability_2_oe,src/test/java/org/apache/commons/collections4/IteratorUtilsTest.java,,,,assert,unknown,standard,fail
coll_374_1,commons-collections4,IteratorUtilsTest,testUnmodifiableListIteratorImmutability_1_oe,src/test/java/org/apache/commons/collections4/IteratorUtilsTest.java,,,,assert,unknown,standard,fail
coll_374_2,commons-collections4,IteratorUtilsTest,testUnmodifiableListIteratorImmutability_2_oe,src/test/java/org/apache/commons/collections4/IteratorUtilsTest.java,,,,assert,unknown,standard,fail
coll_374_3,commons-collections4,IteratorUtilsTest,testUnmodifiableListIteratorImmutability_3_oe,src/test/java/org/apache/commons/collections4/IteratorUtilsTest.java,,,,assert,unknown,standard,fail
coll_374_4,commons-collections4,IteratorUtilsTest,testUnmodifiableListIteratorImmutability_4_oe,src/test/java/org/apache/commons/collections4/IteratorUtilsTest.java,,,,assert,unknown,standard,fail
coll_374_5,commons-collections4,IteratorUtilsTest,testUnmodifiableListIteratorImmutability_5_oe,src/test/java/org/apache/commons/collections4/IteratorUtilsTest.java,,,,assert,unknown,standard,fail
coll_374_6,commons-collections4,IteratorUtilsTest,testUnmodifiableListIteratorImmutability_6_oe,src/test/java/org/apache/commons/collections4/IteratorUtilsTest.java,,,,assert,unknown,standard,fail
coll_376_2,commons-collections4,MultiSetUtilsTest,testEmptyMultiSet_2_oe,src/test/java/org/apache/commons/collections4/MultiSetUtilsTest.java,,,,assert,unknown,standard,fail
coll_377_2,commons-collections4,MultiSetUtilsTest,testUnmodifiableMultiSet_2_oe,src/test/java/org/apache/commons/collections4/MultiSetUtilsTest.java,,,,assert,unknown,standard,fail
coll_377_3,commons-collections4,MultiSetUtilsTest,testUnmodifiableMultiSet_3_oe,src/test/java/org/apache/commons/collections4/MultiSetUtilsTest.java,,,,assert,unknown,standard,fail
coll_379_3,commons-collections4,MultiSetUtilsTest,testPredicatedMultiSet_3_oe,src/test/java/org/apache/commons/collections4/MultiSetUtilsTest.java,,,,assert,unknown,standard,fail
coll_379_4,commons-collections4,MultiSetUtilsTest,testPredicatedMultiSet_4_oe,src/test/java/org/apache/commons/collections4/MultiSetUtilsTest.java,,,,assert,unknown,standard,fail
coll_379_5,commons-collections4,MultiSetUtilsTest,testPredicatedMultiSet_5_oe,src/test/java/org/apache/commons/collections4/MultiSetUtilsTest.java,,,,assert,unknown,standard,fail
coll_380_2,commons-collections4,AbstractIteratorTest,testEmptyIterator_2_oe,src/test/java/org/apache/commons/collections4/iterators/AbstractIteratorTest.java,,,,assert,unknown,standard,fail
coll_381_3,commons-collections4,AbstractIteratorTest,testFullIterator_3_oe,src/test/java/org/apache/commons/collections4/iterators/AbstractIteratorTest.java,,,,assert,unknown,standard,fail
coll_382_1,commons-collections4,AbstractIteratorTest,testRemove_1_oe,src/test/java/org/apache/commons/collections4/iterators/AbstractIteratorTest.java,,,,assert,unknown,standard,fail
coll_382_2,commons-collections4,AbstractIteratorTest,testRemove_2_oe,src/test/java/org/apache/commons/collections4/iterators/AbstractIteratorTest.java,,,,assert,unknown,standard,fail
coll_387_3,commons-collections4,ArrayIterator2Test,testIndexedArray_3_oe,src/test/java/org/apache/commons/collections4/iterators/ArrayIterator2Test.java,,,,assert,unknown,standard,fail
coll_387_4,commons-collections4,ArrayIterator2Test,testIndexedArray_4_oe,src/test/java/org/apache/commons/collections4/iterators/ArrayIterator2Test.java,,,,assert,unknown,standard,fail
coll_387_5,commons-collections4,ArrayIterator2Test,testIndexedArray_5_oe,src/test/java/org/apache/commons/collections4/iterators/ArrayIterator2Test.java,,,,assert,unknown,standard,fail
coll_387_6,commons-collections4,ArrayIterator2Test,testIndexedArray_6_oe,src/test/java/org/apache/commons/collections4/iterators/ArrayIterator2Test.java,,,,assert,unknown,standard,fail
coll_387_8,commons-collections4,ArrayIterator2Test,testIndexedArray_8_oe,src/test/java/org/apache/commons/collections4/iterators/ArrayIterator2Test.java,,,,assert,unknown,standard,fail
coll_388_2,commons-collections4,AbstractOrderedMapIteratorTest,testEmptyMapIterator_2_oe,src/test/java/org/apache/commons/collections4/iterators/AbstractOrderedMapIteratorTest.java,,,,assert,unknown,standard,fail
coll_391_1,commons-collections4,LoopingListIteratorTest,testConstructorEx_1_oe,src/test/java/org/apache/commons/collections4/iterators/LoopingListIteratorTest.java,,,,assert,unknown,standard,fail
coll_392_3,commons-collections4,LoopingListIteratorTest,testLooping0_3_oe,src/test/java/org/apache/commons/collections4/iterators/LoopingListIteratorTest.java,,,,assert,unknown,standard,fail
coll_392_4,commons-collections4,LoopingListIteratorTest,testLooping0_4_oe,src/test/java/org/apache/commons/collections4/iterators/LoopingListIteratorTest.java,,,,assert,unknown,standard,fail
coll_397_11,commons-collections4,LoopingListIteratorTest,testRemovingElementsAndIteratingForward_11_oe,src/test/java/org/apache/commons/collections4/iterators/LoopingListIteratorTest.java,,,,assert,unknown,standard,fail
coll_398_11,commons-collections4,LoopingListIteratorTest,testRemovingElementsAndIteratingBackwards_11_oe,src/test/java/org/apache/commons/collections4/iterators/LoopingListIteratorTest.java,,,,assert,unknown,standard,fail
coll_405_1,commons-collections4,IteratorChainTest,testRemove_1_oe,src/test/java/org/apache/commons/collections4/iterators/IteratorChainTest.java,,,,assert,unknown,standard,fail
coll_407_2,commons-collections4,IteratorChainTest,testEmptyChain_2_oe,src/test/java/org/apache/commons/collections4/iterators/IteratorChainTest.java,,,,assert,unknown,standard,fail
coll_407_3,commons-collections4,IteratorChainTest,testEmptyChain_3_oe,src/test/java/org/apache/commons/collections4/iterators/IteratorChainTest.java,,,,assert,unknown,standard,fail
coll_408_12,commons-collections4,SkippingIteratorTest,testSkipping_12_oe,src/test/java/org/apache/commons/collections4/iterators/SkippingIteratorTest.java,,,,assert,unknown,standard,fail
coll_409_16,commons-collections4,SkippingIteratorTest,testSameAsDecorated_16_oe,src/test/java/org/apache/commons/collections4/iterators/SkippingIteratorTest.java,,,,assert,unknown,standard,fail
coll_410_2,commons-collections4,SkippingIteratorTest,testOffsetGreaterThanSize_2_oe,src/test/java/org/apache/commons/collections4/iterators/SkippingIteratorTest.java,,,,assert,unknown,standard,fail
coll_411_1,commons-collections4,SkippingIteratorTest,testNegativeOffset_1_oe,src/test/java/org/apache/commons/collections4/iterators/SkippingIteratorTest.java,,,,assert,unknown,standard,fail
coll_412_1,commons-collections4,SkippingIteratorTest,testRemoveWithoutCallingNext_1_oe,src/test/java/org/apache/commons/collections4/iterators/SkippingIteratorTest.java,,,,assert,unknown,standard,fail
coll_413_3,commons-collections4,SkippingIteratorTest,testRemoveCalledTwice_3_oe,src/test/java/org/apache/commons/collections4/iterators/SkippingIteratorTest.java,,,,assert,unknown,standard,fail
coll_414_9,commons-collections4,SkippingIteratorTest,testRemoveFirst_9_oe,src/test/java/org/apache/commons/collections4/iterators/SkippingIteratorTest.java,,,,assert,unknown,standard,fail
coll_415_11,commons-collections4,SkippingIteratorTest,testRemoveMiddle_11_oe,src/test/java/org/apache/commons/collections4/iterators/SkippingIteratorTest.java,,,,assert,unknown,standard,fail
coll_416_6,commons-collections4,SkippingIteratorTest,testRemoveLast_6_oe,src/test/java/org/apache/commons/collections4/iterators/SkippingIteratorTest.java,,,,assert,unknown,standard,fail
coll_416_9,commons-collections4,SkippingIteratorTest,testRemoveLast_9_oe,src/test/java/org/apache/commons/collections4/iterators/SkippingIteratorTest.java,,,,assert,unknown,standard,fail
coll_417_3,commons-collections4,SkippingIteratorTest,testRemoveUnsupported_3_oe,src/test/java/org/apache/commons/collections4/iterators/SkippingIteratorTest.java,,,,assert,unknown,standard,fail
coll_426_3,commons-collections4,UnmodifiableMapIteratorTest,testDecorateFactory_3_oe,src/test/java/org/apache/commons/collections4/iterators/UnmodifiableMapIteratorTest.java,,,,assert,unknown,standard,fail
coll_432_2,commons-collections4,ArrayListIteratorTest,testListIteratorSet_2_oe,src/test/java/org/apache/commons/collections4/iterators/ArrayListIteratorTest.java,,,,assert,unknown,standard,fail
coll_435_1,commons-collections4,LazyIteratorChainTest,testRemove_1_oe,src/test/java/org/apache/commons/collections4/iterators/LazyIteratorChainTest.java,,,,assert,unknown,standard,fail
coll_437_2,commons-collections4,LazyIteratorChainTest,testEmptyChain_2_oe,src/test/java/org/apache/commons/collections4/iterators/LazyIteratorChainTest.java,,,,assert,unknown,standard,fail
coll_437_3,commons-collections4,LazyIteratorChainTest,testEmptyChain_3_oe,src/test/java/org/apache/commons/collections4/iterators/LazyIteratorChainTest.java,,,,assert,unknown,standard,fail
coll_439_2,commons-collections4,ObjectArrayListIteratorTest,testListIteratorSet_2_oe,src/test/java/org/apache/commons/collections4/iterators/ObjectArrayListIteratorTest.java,,,,assert,unknown,standard,fail
coll_440_7,commons-collections4,IteratorEnumerationTest,testEnumeration_7_oe,src/test/java/org/apache/commons/collections4/iterators/IteratorEnumerationTest.java,,,,assert,unknown,standard,fail
coll_442_3,commons-collections4,UnmodifiableListIteratorTest,testDecorateFactory_3_oe,src/test/java/org/apache/commons/collections4/iterators/UnmodifiableListIteratorTest.java,,,,assert,unknown,standard,fail
coll_443_5,commons-collections4,AbstractListIteratorTest,testEmptyListIteratorIsIndeedEmpty_5_oe,src/test/java/org/apache/commons/collections4/iterators/AbstractListIteratorTest.java,,,,assert,unknown,standard,fail
coll_443_6,commons-collections4,AbstractListIteratorTest,testEmptyListIteratorIsIndeedEmpty_6_oe,src/test/java/org/apache/commons/collections4/iterators/AbstractListIteratorTest.java,,,,assert,unknown,standard,fail
coll_444_3,commons-collections4,AbstractListIteratorTest,testWalkForwardAndBack_3_oe,src/test/java/org/apache/commons/collections4/iterators/AbstractListIteratorTest.java,,,,assert,unknown,standard,fail
coll_444_9,commons-collections4,AbstractListIteratorTest,testWalkForwardAndBack_9_oe,src/test/java/org/apache/commons/collections4/iterators/AbstractListIteratorTest.java,,,,assert,unknown,standard,fail
coll_445_1,commons-collections4,AbstractListIteratorTest,testAdd_1_oe,src/test/java/org/apache/commons/collections4/iterators/AbstractListIteratorTest.java,,,,assert,unknown,standard,fail
coll_446_1,commons-collections4,AbstractListIteratorTest,testSet_1_oe,src/test/java/org/apache/commons/collections4/iterators/AbstractListIteratorTest.java,,,,assert,unknown,standard,fail
coll_446_2,commons-collections4,AbstractListIteratorTest,testSet_2_oe,src/test/java/org/apache/commons/collections4/iterators/AbstractListIteratorTest.java,,,,assert,unknown,standard,fail
coll_447_1,commons-collections4,AbstractListIteratorTest,testRemoveThenSet_1_oe,src/test/java/org/apache/commons/collections4/iterators/AbstractListIteratorTest.java,,,,assert,unknown,standard,fail
coll_448_1,commons-collections4,AbstractListIteratorTest,testAddThenSet_1_oe,src/test/java/org/apache/commons/collections4/iterators/AbstractListIteratorTest.java,,,,assert,unknown,standard,fail
coll_449_1,commons-collections4,AbstractListIteratorTest,testAddThenRemove_1_oe,src/test/java/org/apache/commons/collections4/iterators/AbstractListIteratorTest.java,,,,assert,unknown,standard,fail
coll_451_3,commons-collections4,UnmodifiableIteratorTest,testDecorateFactory_3_oe,src/test/java/org/apache/commons/collections4/iterators/UnmodifiableIteratorTest.java,,,,assert,unknown,standard,fail
coll_455_1,commons-collections4,PermutationIteratorTest,testPermutationException_1_oe,src/test/java/org/apache/commons/collections4/iterators/PermutationIteratorTest.java,,,,assert,unknown,standard,fail
coll_459_1,commons-collections4,ObjectArrayIteratorTest,testNullArray_1_oe,src/test/java/org/apache/commons/collections4/iterators/ObjectArrayIteratorTest.java,,,,assert,unknown,standard,fail
coll_462_1,commons-collections4,ArrayIteratorTest,testNullArray_1_oe,src/test/java/org/apache/commons/collections4/iterators/ArrayIteratorTest.java,,,,assert,unknown,standard,fail
coll_466_1,commons-collections4,NodeListIteratorTest,testNullConstructor_1_oe,src/test/java/org/apache/commons/collections4/iterators/NodeListIteratorTest.java,,,,assert,unknown,standard,fail
coll_468_3,commons-collections4,ListIteratorWrapperTest,testRemove_3_oe,src/test/java/org/apache/commons/collections4/iterators/ListIteratorWrapperTest.java,,,,assert,unknown,standard,fail
coll_468_12,commons-collections4,ListIteratorWrapperTest,testRemove_12_oe,src/test/java/org/apache/commons/collections4/iterators/ListIteratorWrapperTest.java,,,,assert,unknown,standard,fail
coll_468_30,commons-collections4,ListIteratorWrapperTest,testRemove_30_oe,src/test/java/org/apache/commons/collections4/iterators/ListIteratorWrapperTest.java,,,,assert,unknown,standard,fail
coll_482_2,commons-collections4,ObjectGraphIteratorTest,testIteratorConstructor_null1_2_oe,src/test/java/org/apache/commons/collections4/iterators/ObjectGraphIteratorTest.java,,,,assert,unknown,standard,fail
coll_482_3,commons-collections4,ObjectGraphIteratorTest,testIteratorConstructor_null1_3_oe,src/test/java/org/apache/commons/collections4/iterators/ObjectGraphIteratorTest.java,,,,assert,unknown,standard,fail
coll_483_1,commons-collections4,ObjectGraphIteratorTest,testIteratorConstructor_null_next_1_oe,src/test/java/org/apache/commons/collections4/iterators/ObjectGraphIteratorTest.java,,,,assert,unknown,standard,fail
coll_484_1,commons-collections4,ObjectGraphIteratorTest,testIteratorConstructor_null_remove_1_oe,src/test/java/org/apache/commons/collections4/iterators/ObjectGraphIteratorTest.java,,,,assert,unknown,standard,fail
coll_485_2,commons-collections4,ObjectGraphIteratorTest,testIteratorConstructorIteration_Empty_2_oe,src/test/java/org/apache/commons/collections4/iterators/ObjectGraphIteratorTest.java,,,,assert,unknown,standard,fail
coll_485_3,commons-collections4,ObjectGraphIteratorTest,testIteratorConstructorIteration_Empty_3_oe,src/test/java/org/apache/commons/collections4/iterators/ObjectGraphIteratorTest.java,,,,assert,unknown,standard,fail
coll_486_4,commons-collections4,ObjectGraphIteratorTest,testIteratorConstructorIteration_Simple_4_oe,src/test/java/org/apache/commons/collections4/iterators/ObjectGraphIteratorTest.java,,,,assert,unknown,standard,fail
coll_487_2,commons-collections4,ObjectGraphIteratorTest,testIteratorConstructorIteration_SimpleNoHasNext_2_oe,src/test/java/org/apache/commons/collections4/iterators/ObjectGraphIteratorTest.java,,,,assert,unknown,standard,fail
coll_488_4,commons-collections4,ObjectGraphIteratorTest,testIteratorConstructorIteration_WithEmptyIterators_4_oe,src/test/java/org/apache/commons/collections4/iterators/ObjectGraphIteratorTest.java,,,,assert,unknown,standard,fail
coll_492_2,commons-collections4,ObjectGraphIteratorTest,testIteration_RootNull_2_oe,src/test/java/org/apache/commons/collections4/iterators/ObjectGraphIteratorTest.java,,,,assert,unknown,standard,fail
coll_492_3,commons-collections4,ObjectGraphIteratorTest,testIteration_RootNull_3_oe,src/test/java/org/apache/commons/collections4/iterators/ObjectGraphIteratorTest.java,,,,assert,unknown,standard,fail
coll_493_4,commons-collections4,ObjectGraphIteratorTest,testIteration_RootNoTransformer_4_oe,src/test/java/org/apache/commons/collections4/iterators/ObjectGraphIteratorTest.java,,,,assert,unknown,standard,fail
coll_494_4,commons-collections4,ObjectGraphIteratorTest,testIteration_Transformed1_4_oe,src/test/java/org/apache/commons/collections4/iterators/ObjectGraphIteratorTest.java,,,,assert,unknown,standard,fail
coll_495_12,commons-collections4,ObjectGraphIteratorTest,testIteration_Transformed2_12_oe,src/test/java/org/apache/commons/collections4/iterators/ObjectGraphIteratorTest.java,,,,assert,unknown,standard,fail
coll_496_12,commons-collections4,ObjectGraphIteratorTest,testIteration_Transformed3_12_oe,src/test/java/org/apache/commons/collections4/iterators/ObjectGraphIteratorTest.java,,,,assert,unknown,standard,fail
coll_503_2,commons-collections4,AbstractMapIteratorTest,testEmptyMapIterator_2_oe,src/test/java/org/apache/commons/collections4/iterators/AbstractMapIteratorTest.java,,,,assert,unknown,standard,fail
coll_503_3,commons-collections4,AbstractMapIteratorTest,testEmptyMapIterator_3_oe,src/test/java/org/apache/commons/collections4/iterators/AbstractMapIteratorTest.java,,,,assert,unknown,standard,fail
coll_503_4,commons-collections4,AbstractMapIteratorTest,testEmptyMapIterator_4_oe,src/test/java/org/apache/commons/collections4/iterators/AbstractMapIteratorTest.java,,,,assert,unknown,standard,fail
coll_503_5,commons-collections4,AbstractMapIteratorTest,testEmptyMapIterator_5_oe,src/test/java/org/apache/commons/collections4/iterators/AbstractMapIteratorTest.java,,,,assert,unknown,standard,fail
coll_503_6,commons-collections4,AbstractMapIteratorTest,testEmptyMapIterator_6_oe,src/test/java/org/apache/commons/collections4/iterators/AbstractMapIteratorTest.java,,,,assert,unknown,standard,fail
coll_505_2,commons-collections4,AbstractMapIteratorTest,testMapIteratorSet_2_oe,src/test/java/org/apache/commons/collections4/iterators/AbstractMapIteratorTest.java,,,,assert,unknown,standard,fail
coll_506_2,commons-collections4,AbstractMapIteratorTest,testRemove_2_oe,src/test/java/org/apache/commons/collections4/iterators/AbstractMapIteratorTest.java,,,,assert,unknown,standard,fail
coll_507_2,commons-collections4,AbstractMapIteratorTest,testMapIteratorSetRemoveSet_2_oe,src/test/java/org/apache/commons/collections4/iterators/AbstractMapIteratorTest.java,,,,assert,unknown,standard,fail
coll_508_2,commons-collections4,AbstractMapIteratorTest,testMapIteratorRemoveGetKey_2_oe,src/test/java/org/apache/commons/collections4/iterators/AbstractMapIteratorTest.java,,,,assert,unknown,standard,fail
coll_509_2,commons-collections4,AbstractMapIteratorTest,testMapIteratorRemoveGetValue_2_oe,src/test/java/org/apache/commons/collections4/iterators/AbstractMapIteratorTest.java,,,,assert,unknown,standard,fail
coll_510_10,commons-collections4,BoundedIteratorTest,testBounded_10_oe,src/test/java/org/apache/commons/collections4/iterators/BoundedIteratorTest.java,,,,assert,unknown,standard,fail
coll_511_16,commons-collections4,BoundedIteratorTest,testSameAsDecorated_16_oe,src/test/java/org/apache/commons/collections4/iterators/BoundedIteratorTest.java,,,,assert,unknown,standard,fail
coll_512_2,commons-collections4,BoundedIteratorTest,testEmptyBounded_2_oe,src/test/java/org/apache/commons/collections4/iterators/BoundedIteratorTest.java,,,,assert,unknown,standard,fail
coll_513_1,commons-collections4,BoundedIteratorTest,testNegativeOffset_1_oe,src/test/java/org/apache/commons/collections4/iterators/BoundedIteratorTest.java,,,,assert,unknown,standard,fail
coll_514_1,commons-collections4,BoundedIteratorTest,testNegativeMax_1_oe,src/test/java/org/apache/commons/collections4/iterators/BoundedIteratorTest.java,,,,assert,unknown,standard,fail
coll_515_2,commons-collections4,BoundedIteratorTest,testOffsetGreaterThanSize_2_oe,src/test/java/org/apache/commons/collections4/iterators/BoundedIteratorTest.java,,,,assert,unknown,standard,fail
coll_516_14,commons-collections4,BoundedIteratorTest,testMaxGreaterThanSize_14_oe,src/test/java/org/apache/commons/collections4/iterators/BoundedIteratorTest.java,,,,assert,unknown,standard,fail
coll_517_1,commons-collections4,BoundedIteratorTest,testRemoveWithoutCallingNext_1_oe,src/test/java/org/apache/commons/collections4/iterators/BoundedIteratorTest.java,,,,assert,unknown,standard,fail
coll_518_3,commons-collections4,BoundedIteratorTest,testRemoveCalledTwice_3_oe,src/test/java/org/apache/commons/collections4/iterators/BoundedIteratorTest.java,,,,assert,unknown,standard,fail
coll_519_13,commons-collections4,BoundedIteratorTest,testRemoveFirst_13_oe,src/test/java/org/apache/commons/collections4/iterators/BoundedIteratorTest.java,,,,assert,unknown,standard,fail
coll_520_13,commons-collections4,BoundedIteratorTest,testRemoveMiddle_13_oe,src/test/java/org/apache/commons/collections4/iterators/BoundedIteratorTest.java,,,,assert,unknown,standard,fail
coll_521_12,commons-collections4,BoundedIteratorTest,testRemoveLast_12_oe,src/test/java/org/apache/commons/collections4/iterators/BoundedIteratorTest.java,,,,assert,unknown,standard,fail
coll_521_15,commons-collections4,BoundedIteratorTest,testRemoveLast_15_oe,src/test/java/org/apache/commons/collections4/iterators/BoundedIteratorTest.java,,,,assert,unknown,standard,fail
coll_522_3,commons-collections4,BoundedIteratorTest,testRemoveUnsupported_3_oe,src/test/java/org/apache/commons/collections4/iterators/BoundedIteratorTest.java,,,,assert,unknown,standard,fail
coll_523_5,commons-collections4,ReverseListIteratorTest,testEmptyListIteratorIsIndeedEmpty_5_oe,src/test/java/org/apache/commons/collections4/iterators/ReverseListIteratorTest.java,,,,assert,unknown,standard,fail
coll_523_6,commons-collections4,ReverseListIteratorTest,testEmptyListIteratorIsIndeedEmpty_6_oe,src/test/java/org/apache/commons/collections4/iterators/ReverseListIteratorTest.java,,,,assert,unknown,standard,fail
coll_524_8,commons-collections4,ReverseListIteratorTest,testWalkForwardAndBack_8_oe,src/test/java/org/apache/commons/collections4/iterators/ReverseListIteratorTest.java,,,,assert,unknown,standard,fail
coll_528_1,commons-collections4,LoopingIteratorTest,testConstructorEx_1_oe,src/test/java/org/apache/commons/collections4/iterators/LoopingIteratorTest.java,,,,assert,unknown,standard,fail
coll_529_2,commons-collections4,LoopingIteratorTest,testLooping0_2_oe,src/test/java/org/apache/commons/collections4/iterators/LoopingIteratorTest.java,,,,assert,unknown,standard,fail
coll_533_12,commons-collections4,LoopingIteratorTest,testRemoving1_12_oe,src/test/java/org/apache/commons/collections4/iterators/LoopingIteratorTest.java,,,,assert,unknown,standard,fail
coll_537_3,commons-collections4,UnmodifiableOrderedMapIteratorTest,testDecorateFactory_3_oe,src/test/java/org/apache/commons/collections4/iterators/UnmodifiableOrderedMapIteratorTest.java,,,,assert,unknown,standard,fail
coll_541_3,commons-collections4,PeekingIteratorTest,testIteratorExhausted_3_oe,src/test/java/org/apache/commons/collections4/iterators/PeekingIteratorTest.java,,,,assert,unknown,standard,fail
coll_542_3,commons-collections4,PeekingIteratorTest,testIllegalRemove_3_oe,src/test/java/org/apache/commons/collections4/iterators/PeekingIteratorTest.java,,,,assert,unknown,standard,fail
coll_544_3,commons-collections4,ListIteratorWrapper2Test,testRemove_3_oe,src/test/java/org/apache/commons/collections4/iterators/ListIteratorWrapper2Test.java,,,,assert,unknown,standard,fail
coll_544_12,commons-collections4,ListIteratorWrapper2Test,testRemove_12_oe,src/test/java/org/apache/commons/collections4/iterators/ListIteratorWrapper2Test.java,,,,assert,unknown,standard,fail
coll_547_3,commons-collections4,CatchAndRethrowClosureTest,testThrowingClosure_3_oe,src/test/java/org/apache/commons/collections4/functors/CatchAndRethrowClosureTest.java,,,,assert,unknown,standard,fail
coll_547_6,commons-collections4,CatchAndRethrowClosureTest,testThrowingClosure_6_oe,src/test/java/org/apache/commons/collections4/functors/CatchAndRethrowClosureTest.java,,,,assert,unknown,standard,fail
coll_570_1,commons-collections4,IndexedCollectionTest,testEnsureDuplicateObjectsCauseException_1_oe,src/test/java/org/apache/commons/collections4/collection/IndexedCollectionTest.java,,,,assert,unknown,standard,fail
coll_573_1,commons-collections4,PredicatedCollectionTest,testIllegalAdd_1_oe,src/test/java/org/apache/commons/collections4/collection/PredicatedCollectionTest.java,,,,assert,unknown,standard,fail
coll_574_1,commons-collections4,PredicatedCollectionTest,testIllegalAddAll_1_oe,src/test/java/org/apache/commons/collections4/collection/PredicatedCollectionTest.java,,,,assert,unknown,standard,fail
coll_576_2,commons-collections4,UnmodifiableBoundedCollectionTest,testDecorateFactory_2_oe,src/test/java/org/apache/commons/collections4/collection/UnmodifiableBoundedCollectionTest.java,,,,assert,unknown,standard,fail
coll_579_1,commons-collections4,AbstractCollectionTest,testUnsupportedAdd_1_oe,src/test/java/org/apache/commons/collections4/collection/AbstractCollectionTest.java,,,,assert,unknown,standard,fail
coll_579_2,commons-collections4,AbstractCollectionTest,testUnsupportedAdd_2_oe,src/test/java/org/apache/commons/collections4/collection/AbstractCollectionTest.java,,,,assert,unknown,standard,fail
coll_579_3,commons-collections4,AbstractCollectionTest,testUnsupportedAdd_3_oe,src/test/java/org/apache/commons/collections4/collection/AbstractCollectionTest.java,,,,assert,unknown,standard,fail
coll_579_4,commons-collections4,AbstractCollectionTest,testUnsupportedAdd_4_oe,src/test/java/org/apache/commons/collections4/collection/AbstractCollectionTest.java,,,,assert,unknown,standard,fail
coll_583_2,commons-collections4,AbstractCollectionTest,testCollectionIterator_2_oe,src/test/java/org/apache/commons/collections4/collection/AbstractCollectionTest.java,,,,assert,unknown,standard,fail
coll_583_6,commons-collections4,AbstractCollectionTest,testCollectionIterator_6_oe,src/test/java/org/apache/commons/collections4/collection/AbstractCollectionTest.java,,,,assert,unknown,standard,fail
coll_584_1,commons-collections4,AbstractCollectionTest,testCollectionIteratorRemove_1_oe,src/test/java/org/apache/commons/collections4/collection/AbstractCollectionTest.java,,,,assert,unknown,standard,fail
coll_584_2,commons-collections4,AbstractCollectionTest,testCollectionIteratorRemove_2_oe,src/test/java/org/apache/commons/collections4/collection/AbstractCollectionTest.java,,,,assert,unknown,standard,fail
coll_584_5,commons-collections4,AbstractCollectionTest,testCollectionIteratorRemove_5_oe,src/test/java/org/apache/commons/collections4/collection/AbstractCollectionTest.java,,,,assert,unknown,standard,fail
coll_591_3,commons-collections4,AbstractCollectionTest,testCollectionToArray2_3_oe,src/test/java/org/apache/commons/collections4/collection/AbstractCollectionTest.java,,,,assert,unknown,standard,fail
coll_591_4,commons-collections4,AbstractCollectionTest,testCollectionToArray2_4_oe,src/test/java/org/apache/commons/collections4/collection/AbstractCollectionTest.java,,,,assert,unknown,standard,fail
coll_593_1,commons-collections4,AbstractCollectionTest,testUnsupportedRemove_1_oe,src/test/java/org/apache/commons/collections4/collection/AbstractCollectionTest.java,,,,assert,unknown,standard,fail
coll_593_2,commons-collections4,AbstractCollectionTest,testUnsupportedRemove_2_oe,src/test/java/org/apache/commons/collections4/collection/AbstractCollectionTest.java,,,,assert,unknown,standard,fail
coll_593_3,commons-collections4,AbstractCollectionTest,testUnsupportedRemove_3_oe,src/test/java/org/apache/commons/collections4/collection/AbstractCollectionTest.java,,,,assert,unknown,standard,fail
coll_593_4,commons-collections4,AbstractCollectionTest,testUnsupportedRemove_4_oe,src/test/java/org/apache/commons/collections4/collection/AbstractCollectionTest.java,,,,assert,unknown,standard,fail
coll_593_5,commons-collections4,AbstractCollectionTest,testUnsupportedRemove_5_oe,src/test/java/org/apache/commons/collections4/collection/AbstractCollectionTest.java,,,,assert,unknown,standard,fail
coll_593_6,commons-collections4,AbstractCollectionTest,testUnsupportedRemove_6_oe,src/test/java/org/apache/commons/collections4/collection/AbstractCollectionTest.java,,,,assert,unknown,standard,fail
coll_594_1,commons-collections4,AbstractCollectionTest,testCollectionIteratorFailFast_1_oe,src/test/java/org/apache/commons/collections4/collection/AbstractCollectionTest.java,,,,assert,unknown,standard,fail
coll_594_2,commons-collections4,AbstractCollectionTest,testCollectionIteratorFailFast_2_oe,src/test/java/org/apache/commons/collections4/collection/AbstractCollectionTest.java,,,,assert,unknown,standard,fail
coll_594_3,commons-collections4,AbstractCollectionTest,testCollectionIteratorFailFast_3_oe,src/test/java/org/apache/commons/collections4/collection/AbstractCollectionTest.java,,,,assert,unknown,standard,fail
coll_594_4,commons-collections4,AbstractCollectionTest,testCollectionIteratorFailFast_4_oe,src/test/java/org/apache/commons/collections4/collection/AbstractCollectionTest.java,,,,assert,unknown,standard,fail
coll_594_5,commons-collections4,AbstractCollectionTest,testCollectionIteratorFailFast_5_oe,src/test/java/org/apache/commons/collections4/collection/AbstractCollectionTest.java,,,,assert,unknown,standard,fail
coll_594_6,commons-collections4,AbstractCollectionTest,testCollectionIteratorFailFast_6_oe,src/test/java/org/apache/commons/collections4/collection/AbstractCollectionTest.java,,,,assert,unknown,standard,fail
coll_594_7,commons-collections4,AbstractCollectionTest,testCollectionIteratorFailFast_7_oe,src/test/java/org/apache/commons/collections4/collection/AbstractCollectionTest.java,,,,assert,unknown,standard,fail
coll_617_1,commons-collections4,CompositeCollectionTest,testUnsupportedRemove_1_oe,src/test/java/org/apache/commons/collections4/collection/CompositeCollectionTest.java,,,,assert,unknown,standard,fail
coll_619_2,commons-collections4,UnmodifiableCollectionTest,testDecorateFactory_2_oe,src/test/java/org/apache/commons/collections4/collection/UnmodifiableCollectionTest.java,,,,assert,unknown,standard,fail
coll_645_6,commons-collections4,AbstractMultiValuedMapTest,testPutAll_KeyIterable_6_oe,src/test/java/org/apache/commons/collections4/multimap/AbstractMultiValuedMapTest.java,,,,assert,unknown,standard,fail
coll_654_1,commons-collections4,AbstractMultiValuedMapTest,testMapIteratorUnsupportedSet_1_oe,src/test/java/org/apache/commons/collections4/multimap/AbstractMultiValuedMapTest.java,,,,assert,unknown,standard,fail
coll_663_1,commons-collections4,UnmodifiableMultiValuedMapTest,testDecoratorFactoryNullMap_1_oe,src/test/java/org/apache/commons/collections4/multimap/UnmodifiableMultiValuedMapTest.java,,,,assert,unknown,standard,fail
coll_664_1,commons-collections4,UnmodifiableMultiValuedMapTest,testAddException_1_oe,src/test/java/org/apache/commons/collections4/multimap/UnmodifiableMultiValuedMapTest.java,,,,assert,unknown,standard,fail
coll_665_1,commons-collections4,UnmodifiableMultiValuedMapTest,testUnmodifiableEntries_1_oe,src/test/java/org/apache/commons/collections4/multimap/UnmodifiableMultiValuedMapTest.java,,,,assert,unknown,standard,fail
coll_665_2,commons-collections4,UnmodifiableMultiValuedMapTest,testUnmodifiableEntries_2_oe,src/test/java/org/apache/commons/collections4/multimap/UnmodifiableMultiValuedMapTest.java,,,,assert,unknown,standard,fail
coll_665_3,commons-collections4,UnmodifiableMultiValuedMapTest,testUnmodifiableEntries_3_oe,src/test/java/org/apache/commons/collections4/multimap/UnmodifiableMultiValuedMapTest.java,,,,assert,unknown,standard,fail
coll_666_1,commons-collections4,UnmodifiableMultiValuedMapTest,testUnmodifiableMapIterator_1_oe,src/test/java/org/apache/commons/collections4/multimap/UnmodifiableMultiValuedMapTest.java,,,,assert,unknown,standard,fail
coll_666_2,commons-collections4,UnmodifiableMultiValuedMapTest,testUnmodifiableMapIterator_2_oe,src/test/java/org/apache/commons/collections4/multimap/UnmodifiableMultiValuedMapTest.java,,,,assert,unknown,standard,fail
coll_667_1,commons-collections4,UnmodifiableMultiValuedMapTest,testUnmodifiableKeySet_1_oe,src/test/java/org/apache/commons/collections4/multimap/UnmodifiableMultiValuedMapTest.java,,,,assert,unknown,standard,fail
coll_667_2,commons-collections4,UnmodifiableMultiValuedMapTest,testUnmodifiableKeySet_2_oe,src/test/java/org/apache/commons/collections4/multimap/UnmodifiableMultiValuedMapTest.java,,,,assert,unknown,standard,fail
coll_667_3,commons-collections4,UnmodifiableMultiValuedMapTest,testUnmodifiableKeySet_3_oe,src/test/java/org/apache/commons/collections4/multimap/UnmodifiableMultiValuedMapTest.java,,,,assert,unknown,standard,fail
coll_667_4,commons-collections4,UnmodifiableMultiValuedMapTest,testUnmodifiableKeySet_4_oe,src/test/java/org/apache/commons/collections4/multimap/UnmodifiableMultiValuedMapTest.java,,,,assert,unknown,standard,fail
coll_668_1,commons-collections4,UnmodifiableMultiValuedMapTest,testUnmodifiableValues_1_oe,src/test/java/org/apache/commons/collections4/multimap/UnmodifiableMultiValuedMapTest.java,,,,assert,unknown,standard,fail
coll_668_2,commons-collections4,UnmodifiableMultiValuedMapTest,testUnmodifiableValues_2_oe,src/test/java/org/apache/commons/collections4/multimap/UnmodifiableMultiValuedMapTest.java,,,,assert,unknown,standard,fail
coll_668_3,commons-collections4,UnmodifiableMultiValuedMapTest,testUnmodifiableValues_3_oe,src/test/java/org/apache/commons/collections4/multimap/UnmodifiableMultiValuedMapTest.java,,,,assert,unknown,standard,fail
coll_668_4,commons-collections4,UnmodifiableMultiValuedMapTest,testUnmodifiableValues_4_oe,src/test/java/org/apache/commons/collections4/multimap/UnmodifiableMultiValuedMapTest.java,,,,assert,unknown,standard,fail
coll_669_1,commons-collections4,UnmodifiableMultiValuedMapTest,testUnmodifiableAsMap_1_oe,src/test/java/org/apache/commons/collections4/multimap/UnmodifiableMultiValuedMapTest.java,,,,assert,unknown,standard,fail
coll_669_2,commons-collections4,UnmodifiableMultiValuedMapTest,testUnmodifiableAsMap_2_oe,src/test/java/org/apache/commons/collections4/multimap/UnmodifiableMultiValuedMapTest.java,,,,assert,unknown,standard,fail
coll_669_3,commons-collections4,UnmodifiableMultiValuedMapTest,testUnmodifiableAsMap_3_oe,src/test/java/org/apache/commons/collections4/multimap/UnmodifiableMultiValuedMapTest.java,,,,assert,unknown,standard,fail
coll_669_4,commons-collections4,UnmodifiableMultiValuedMapTest,testUnmodifiableAsMap_4_oe,src/test/java/org/apache/commons/collections4/multimap/UnmodifiableMultiValuedMapTest.java,,,,assert,unknown,standard,fail
coll_670_1,commons-collections4,UnmodifiableMultiValuedMapTest,testUnmodifiableKeys_1_oe,src/test/java/org/apache/commons/collections4/multimap/UnmodifiableMultiValuedMapTest.java,,,,assert,unknown,standard,fail
coll_670_2,commons-collections4,UnmodifiableMultiValuedMapTest,testUnmodifiableKeys_2_oe,src/test/java/org/apache/commons/collections4/multimap/UnmodifiableMultiValuedMapTest.java,,,,assert,unknown,standard,fail
coll_670_3,commons-collections4,UnmodifiableMultiValuedMapTest,testUnmodifiableKeys_3_oe,src/test/java/org/apache/commons/collections4/multimap/UnmodifiableMultiValuedMapTest.java,,,,assert,unknown,standard,fail
coll_670_4,commons-collections4,UnmodifiableMultiValuedMapTest,testUnmodifiableKeys_4_oe,src/test/java/org/apache/commons/collections4/multimap/UnmodifiableMultiValuedMapTest.java,,,,assert,unknown,standard,fail
coll_678_2,commons-collections4,UnmodifiableTrieTest,testDecorateFactory_2_oe,src/test/java/org/apache/commons/collections4/trie/UnmodifiableTrieTest.java,,,,assert,unknown,standard,fail
coll_679_89,commons-collections4,PatriciaTrieTest,testPrefixMap_89_oe,src/test/java/org/apache/commons/collections4/trie/PatriciaTrieTest.java,,,,assert,unknown,standard,fail
coll_679_90,commons-collections4,PatriciaTrieTest,testPrefixMap_90_oe,src/test/java/org/apache/commons/collections4/trie/PatriciaTrieTest.java,,,,assert,unknown,standard,assertEquals
coll_679_91,commons-collections4,PatriciaTrieTest,testPrefixMap_91_oe,src/test/java/org/apache/commons/collections4/trie/PatriciaTrieTest.java,,,,assert,unknown,standard,assertEquals
coll_679_92,commons-collections4,PatriciaTrieTest,testPrefixMap_92_oe,src/test/java/org/apache/commons/collections4/trie/PatriciaTrieTest.java,,,,assert,unknown,standard,assertTrue
coll_679_93,commons-collections4,PatriciaTrieTest,testPrefixMap_93_oe,src/test/java/org/apache/commons/collections4/trie/PatriciaTrieTest.java,,,,assert,unknown,standard,assertEquals
coll_679_94,commons-collections4,PatriciaTrieTest,testPrefixMap_94_oe,src/test/java/org/apache/commons/collections4/trie/PatriciaTrieTest.java,,,,assert,unknown,standard,assertEquals
coll_679_95,commons-collections4,PatriciaTrieTest,testPrefixMap_95_oe,src/test/java/org/apache/commons/collections4/trie/PatriciaTrieTest.java,,,,assert,unknown,standard,assertEquals
coll_679_96,commons-collections4,PatriciaTrieTest,testPrefixMap_96_oe,src/test/java/org/apache/commons/collections4/trie/PatriciaTrieTest.java,,,,assert,unknown,standard,assertEquals
coll_679_97,commons-collections4,PatriciaTrieTest,testPrefixMap_97_oe,src/test/java/org/apache/commons/collections4/trie/PatriciaTrieTest.java,,,,assert,unknown,standard,assertEquals
coll_679_98,commons-collections4,PatriciaTrieTest,testPrefixMap_98_oe,src/test/java/org/apache/commons/collections4/trie/PatriciaTrieTest.java,,,,assert,unknown,standard,assertEquals
coll_679_99,commons-collections4,PatriciaTrieTest,testPrefixMap_99_oe,src/test/java/org/apache/commons/collections4/trie/PatriciaTrieTest.java,,,,assert,unknown,standard,assertEquals
coll_679_100,commons-collections4,PatriciaTrieTest,testPrefixMap_100_oe,src/test/java/org/apache/commons/collections4/trie/PatriciaTrieTest.java,,,,assert,unknown,standard,assertEquals
coll_679_101,commons-collections4,PatriciaTrieTest,testPrefixMap_101_oe,src/test/java/org/apache/commons/collections4/trie/PatriciaTrieTest.java,,,,assert,unknown,standard,assertEquals
coll_679_102,commons-collections4,PatriciaTrieTest,testPrefixMap_102_oe,src/test/java/org/apache/commons/collections4/trie/PatriciaTrieTest.java,,,,assert,unknown,standard,assertEquals
coll_679_103,commons-collections4,PatriciaTrieTest,testPrefixMap_103_oe,src/test/java/org/apache/commons/collections4/trie/PatriciaTrieTest.java,,,,assert,unknown,standard,assertEquals
coll_679_104,commons-collections4,PatriciaTrieTest,testPrefixMap_104_oe,src/test/java/org/apache/commons/collections4/trie/PatriciaTrieTest.java,,,,assert,unknown,standard,assertEquals
coll_679_105,commons-collections4,PatriciaTrieTest,testPrefixMap_105_oe,src/test/java/org/apache/commons/collections4/trie/PatriciaTrieTest.java,,,,assert,unknown,standard,assertEquals
coll_679_106,commons-collections4,PatriciaTrieTest,testPrefixMap_106_oe,src/test/java/org/apache/commons/collections4/trie/PatriciaTrieTest.java,,,,assert,unknown,standard,assertFalse
coll_679_107,commons-collections4,PatriciaTrieTest,testPrefixMap_107_oe,src/test/java/org/apache/commons/collections4/trie/PatriciaTrieTest.java,,,,assert,unknown,standard,assertEquals
coll_679_108,commons-collections4,PatriciaTrieTest,testPrefixMap_108_oe,src/test/java/org/apache/commons/collections4/trie/PatriciaTrieTest.java,,,,assert,unknown,standard,assertEquals
coll_679_109,commons-collections4,PatriciaTrieTest,testPrefixMap_109_oe,src/test/java/org/apache/commons/collections4/trie/PatriciaTrieTest.java,,,,assert,unknown,standard,assertEquals
coll_679_110,commons-collections4,PatriciaTrieTest,testPrefixMap_110_oe,src/test/java/org/apache/commons/collections4/trie/PatriciaTrieTest.java,,,,assert,unknown,standard,assertEquals
coll_679_111,commons-collections4,PatriciaTrieTest,testPrefixMap_111_oe,src/test/java/org/apache/commons/collections4/trie/PatriciaTrieTest.java,,,,assert,unknown,standard,assertEquals
coll_679_112,commons-collections4,PatriciaTrieTest,testPrefixMap_112_oe,src/test/java/org/apache/commons/collections4/trie/PatriciaTrieTest.java,,,,assert,unknown,standard,assertFalse
coll_679_113,commons-collections4,PatriciaTrieTest,testPrefixMap_113_oe,src/test/java/org/apache/commons/collections4/trie/PatriciaTrieTest.java,,,,assert,unknown,standard,assertTrue
coll_679_114,commons-collections4,PatriciaTrieTest,testPrefixMap_114_oe,src/test/java/org/apache/commons/collections4/trie/PatriciaTrieTest.java,,,,assert,unknown,standard,assertEquals
coll_679_115,commons-collections4,PatriciaTrieTest,testPrefixMap_115_oe,src/test/java/org/apache/commons/collections4/trie/PatriciaTrieTest.java,,,,assert,unknown,standard,fail
coll_679_116,commons-collections4,PatriciaTrieTest,testPrefixMap_116_oe,src/test/java/org/apache/commons/collections4/trie/PatriciaTrieTest.java,,,,assert,unknown,standard,fail
coll_679_117,commons-collections4,PatriciaTrieTest,testPrefixMap_117_oe,src/test/java/org/apache/commons/collections4/trie/PatriciaTrieTest.java,,,,assert,unknown,standard,assertFalse
coll_679_118,commons-collections4,PatriciaTrieTest,testPrefixMap_118_oe,src/test/java/org/apache/commons/collections4/trie/PatriciaTrieTest.java,,,,assert,unknown,standard,assertTrue
coll_679_119,commons-collections4,PatriciaTrieTest,testPrefixMap_119_oe,src/test/java/org/apache/commons/collections4/trie/PatriciaTrieTest.java,,,,assert,unknown,standard,assertEquals
coll_679_120,commons-collections4,PatriciaTrieTest,testPrefixMap_120_oe,src/test/java/org/apache/commons/collections4/trie/PatriciaTrieTest.java,,,,assert,unknown,standard,fail
coll_679_121,commons-collections4,PatriciaTrieTest,testPrefixMap_121_oe,src/test/java/org/apache/commons/collections4/trie/PatriciaTrieTest.java,,,,assert,unknown,standard,fail
coll_679_122,commons-collections4,PatriciaTrieTest,testPrefixMap_122_oe,src/test/java/org/apache/commons/collections4/trie/PatriciaTrieTest.java,,,,assert,unknown,standard,assertFalse
coll_679_123,commons-collections4,PatriciaTrieTest,testPrefixMap_123_oe,src/test/java/org/apache/commons/collections4/trie/PatriciaTrieTest.java,,,,assert,unknown,standard,assertSame
coll_679_124,commons-collections4,PatriciaTrieTest,testPrefixMap_124_oe,src/test/java/org/apache/commons/collections4/trie/PatriciaTrieTest.java,,,,assert,unknown,standard,assertTrue
coll_679_125,commons-collections4,PatriciaTrieTest,testPrefixMap_125_oe,src/test/java/org/apache/commons/collections4/trie/PatriciaTrieTest.java,,,,assert,unknown,standard,assertEquals
coll_679_126,commons-collections4,PatriciaTrieTest,testPrefixMap_126_oe,src/test/java/org/apache/commons/collections4/trie/PatriciaTrieTest.java,,,,assert,unknown,standard,fail
coll_679_127,commons-collections4,PatriciaTrieTest,testPrefixMap_127_oe,src/test/java/org/apache/commons/collections4/trie/PatriciaTrieTest.java,,,,assert,unknown,standard,fail
coll_679_128,commons-collections4,PatriciaTrieTest,testPrefixMap_128_oe,src/test/java/org/apache/commons/collections4/trie/PatriciaTrieTest.java,,,,assert,unknown,standard,assertFalse
coll_687_1,commons-collections4,AbstractQueueTest,testQueueElement_1_oe,src/test/java/org/apache/commons/collections4/queue/AbstractQueueTest.java,,,,assert,unknown,standard,fail
coll_687_5,commons-collections4,AbstractQueueTest,testQueueElement_5_oe,src/test/java/org/apache/commons/collections4/queue/AbstractQueueTest.java,,,,assert,unknown,standard,fail
coll_689_1,commons-collections4,AbstractQueueTest,testQueueRemove_1_oe,src/test/java/org/apache/commons/collections4/queue/AbstractQueueTest.java,,,,assert,unknown,standard,fail
coll_689_3,commons-collections4,AbstractQueueTest,testQueueRemove_3_oe,src/test/java/org/apache/commons/collections4/queue/AbstractQueueTest.java,,,,assert,unknown,standard,fail
coll_697_1,commons-collections4,UnmodifiableQueueTest,testQueueRemove_1_oe,src/test/java/org/apache/commons/collections4/queue/UnmodifiableQueueTest.java,,,,assert,unknown,standard,fail
coll_699_2,commons-collections4,UnmodifiableQueueTest,testDecorateFactory_2_oe,src/test/java/org/apache/commons/collections4/queue/UnmodifiableQueueTest.java,,,,assert,unknown,standard,fail
coll_703_2,commons-collections4,CircularFifoQueueTest,testCircularFifoQueueRemove_2_oe,src/test/java/org/apache/commons/collections4/queue/CircularFifoQueueTest.java,,,,assert,unknown,standard,fail
coll_731_1,commons-collections4,AbstractBagTest,testBagIteratorFail_1_oe,src/test/java/org/apache/commons/collections4/bag/AbstractBagTest.java,,,,assert,unknown,standard,fail
coll_732_1,commons-collections4,AbstractBagTest,testBagIteratorFailNoMore_1_oe,src/test/java/org/apache/commons/collections4/bag/AbstractBagTest.java,,,,assert,unknown,standard,fail
coll_733_3,commons-collections4,AbstractBagTest,testBagIteratorFailDoubleRemove_3_oe,src/test/java/org/apache/commons/collections4/bag/AbstractBagTest.java,,,,assert,unknown,standard,fail
coll_742_1,commons-collections4,PredicatedSortedBagTest,testDecorate_1_oe,src/test/java/org/apache/commons/collections4/bag/PredicatedSortedBagTest.java,,,,assert,unknown,standard,fail
coll_742_2,commons-collections4,PredicatedSortedBagTest,testDecorate_2_oe,src/test/java/org/apache/commons/collections4/bag/PredicatedSortedBagTest.java,,,,assert,unknown,standard,fail
coll_744_1,commons-collections4,TreeBagTest,testCollections265_1_oe,src/test/java/org/apache/commons/collections4/bag/TreeBagTest.java,,,,assert,unknown,standard,fail
coll_745_1,commons-collections4,TreeBagTest,testCollections555_1_oe,src/test/java/org/apache/commons/collections4/bag/TreeBagTest.java,,,,assert,unknown,standard,fail
coll_745_2,commons-collections4,TreeBagTest,testCollections555_2_oe,src/test/java/org/apache/commons/collections4/bag/TreeBagTest.java,,,,assert,unknown,standard,fail
coll_750_2,commons-collections4,UnmodifiableSortedBagTest,testDecorateFactory_2_oe,src/test/java/org/apache/commons/collections4/bag/UnmodifiableSortedBagTest.java,,,,assert,unknown,standard,fail
coll_754_1,commons-collections4,PredicatedBagTest,testIllegalAdd_1_oe,src/test/java/org/apache/commons/collections4/bag/PredicatedBagTest.java,,,,assert,unknown,standard,fail
coll_755_1,commons-collections4,PredicatedBagTest,testIllegalDecorate_1_oe,src/test/java/org/apache/commons/collections4/bag/PredicatedBagTest.java,,,,assert,unknown,standard,fail
coll_755_2,commons-collections4,PredicatedBagTest,testIllegalDecorate_2_oe,src/test/java/org/apache/commons/collections4/bag/PredicatedBagTest.java,,,,assert,unknown,standard,fail
coll_757_2,commons-collections4,UnmodifiableBagTest,testDecorateFactory_2_oe,src/test/java/org/apache/commons/collections4/bag/UnmodifiableBagTest.java,,,,assert,unknown,standard,fail
coll_775_1,commons-collections4,AbstractOrderedBidiMapTest,testFirstKey_1_oe,src/test/java/org/apache/commons/collections4/bidimap/AbstractOrderedBidiMapTest.java,,,,assert,unknown,standard,fail
coll_776_1,commons-collections4,AbstractOrderedBidiMapTest,testLastKey_1_oe,src/test/java/org/apache/commons/collections4/bidimap/AbstractOrderedBidiMapTest.java,,,,assert,unknown,standard,fail
coll_777_2,commons-collections4,AbstractOrderedBidiMapTest,testNextKey_2_oe,src/test/java/org/apache/commons/collections4/bidimap/AbstractOrderedBidiMapTest.java,,,,assert,unknown,standard,assertEquals
coll_777_6,commons-collections4,AbstractOrderedBidiMapTest,testNextKey_6_oe,src/test/java/org/apache/commons/collections4/bidimap/AbstractOrderedBidiMapTest.java,,,,assert,unknown,standard,fail
coll_778_2,commons-collections4,AbstractOrderedBidiMapTest,testPreviousKey_2_oe,src/test/java/org/apache/commons/collections4/bidimap/AbstractOrderedBidiMapTest.java,,,,assert,unknown,standard,assertEquals
coll_778_6,commons-collections4,AbstractOrderedBidiMapTest,testPreviousKey_6_oe,src/test/java/org/apache/commons/collections4/bidimap/AbstractOrderedBidiMapTest.java,,,,assert,unknown,standard,fail
coll_780_2,commons-collections4,UnmodifiableBidiMapTest,testDecorateFactory_2_oe,src/test/java/org/apache/commons/collections4/bidimap/UnmodifiableBidiMapTest.java,,,,assert,unknown,standard,fail
coll_794_2,commons-collections4,UnmodifiableSortedBidiMapTest,testDecorateFactory_2_oe,src/test/java/org/apache/commons/collections4/bidimap/UnmodifiableSortedBidiMapTest.java,,,,assert,unknown,standard,fail
coll_796_2,commons-collections4,UnmodifiableOrderedBidiMapTest,testDecorateFactory_2_oe,src/test/java/org/apache/commons/collections4/bidimap/UnmodifiableOrderedBidiMapTest.java,,,,assert,unknown,standard,fail
coll_804_1,commons-collections4,AbstractBidiMapTest,testBidiClear_1_oe,src/test/java/org/apache/commons/collections4/bidimap/AbstractBidiMapTest.java,,,,assert,unknown,standard,fail
coll_805_1,commons-collections4,AbstractBidiMapTest,testBidiRemove_1_oe,src/test/java/org/apache/commons/collections4/bidimap/AbstractBidiMapTest.java,,,,assert,unknown,standard,fail
coll_805_2,commons-collections4,AbstractBidiMapTest,testBidiRemove_2_oe,src/test/java/org/apache/commons/collections4/bidimap/AbstractBidiMapTest.java,,,,assert,unknown,standard,fail
coll_808_2,commons-collections4,AbstractBidiMapTest,testBidiMapIteratorSet_2_oe,src/test/java/org/apache/commons/collections4/bidimap/AbstractBidiMapTest.java,,,,assert,unknown,standard,fail
coll_808_18,commons-collections4,AbstractBidiMapTest,testBidiMapIteratorSet_18_oe,src/test/java/org/apache/commons/collections4/bidimap/AbstractBidiMapTest.java,,,,assert,unknown,standard,fail
coll_818_1,commons-collections4,AbstractMultiSetTest,testMultiSetIteratorFail_1_oe,src/test/java/org/apache/commons/collections4/multiset/AbstractMultiSetTest.java,,,,assert,unknown,standard,fail
coll_819_1,commons-collections4,AbstractMultiSetTest,testMultiSetIteratorFailNoMore_1_oe,src/test/java/org/apache/commons/collections4/multiset/AbstractMultiSetTest.java,,,,assert,unknown,standard,fail
coll_820_3,commons-collections4,AbstractMultiSetTest,testMultiSetIteratorFailDoubleRemove_3_oe,src/test/java/org/apache/commons/collections4/multiset/AbstractMultiSetTest.java,,,,assert,unknown,standard,fail
coll_831_1,commons-collections4,PredicatedMultiSetTest,testIllegalAdd_1_oe,src/test/java/org/apache/commons/collections4/multiset/PredicatedMultiSetTest.java,,,,assert,unknown,standard,fail
coll_832_1,commons-collections4,PredicatedMultiSetTest,testIllegalDecorate_1_oe,src/test/java/org/apache/commons/collections4/multiset/PredicatedMultiSetTest.java,,,,assert,unknown,standard,fail
coll_832_2,commons-collections4,PredicatedMultiSetTest,testIllegalDecorate_2_oe,src/test/java/org/apache/commons/collections4/multiset/PredicatedMultiSetTest.java,,,,assert,unknown,standard,fail
coll_834_2,commons-collections4,UnmodifiableMultiSetTest,testDecorateFactory_2_oe,src/test/java/org/apache/commons/collections4/multiset/UnmodifiableMultiSetTest.java,,,,assert,unknown,standard,fail
coll_844_1,commons-collections4,ComparatorChainTest,testBadNoopComparatorChain_1_oe,src/test/java/org/apache/commons/collections4/comparators/ComparatorChainTest.java,,,,assert,unknown,standard,fail
coll_846_1,commons-collections4,ComparatorChainTest,testBadListComparatorChain_1_oe,src/test/java/org/apache/commons/collections4/comparators/ComparatorChainTest.java,,,,assert,unknown,standard,fail
coll_852_3,commons-collections4,FixedOrderComparatorTest,testLock_3_oe,src/test/java/org/apache/commons/collections4/comparators/FixedOrderComparatorTest.java,,,,assert,unknown,standard,fail
coll_852_4,commons-collections4,FixedOrderComparatorTest,testLock_4_oe,src/test/java/org/apache/commons/collections4/comparators/FixedOrderComparatorTest.java,,,,assert,unknown,standard,fail
coll_853_1,commons-collections4,FixedOrderComparatorTest,testUnknownObjectBehavior_1_oe,src/test/java/org/apache/commons/collections4/comparators/FixedOrderComparatorTest.java,,,,assert,unknown,standard,fail
coll_853_2,commons-collections4,FixedOrderComparatorTest,testUnknownObjectBehavior_2_oe,src/test/java/org/apache/commons/collections4/comparators/FixedOrderComparatorTest.java,,,,assert,unknown,standard,fail
coll_855_1,commons-collections4,DefaultMapEntryTest,testSelfReferenceHandling_1_oe,src/test/java/org/apache/commons/collections4/keyvalue/DefaultMapEntryTest.java,,,,assert,unknown,standard,assertSame
coll_858_1,commons-collections4,MultiKeyTest,testConstructorsByArrayNull_1_oe,src/test/java/org/apache/commons/collections4/keyvalue/MultiKeyTest.java,,,,assert,unknown,standard,fail
coll_858_2,commons-collections4,MultiKeyTest,testConstructorsByArrayNull_2_oe,src/test/java/org/apache/commons/collections4/keyvalue/MultiKeyTest.java,,,,assert,unknown,standard,fail
coll_858_3,commons-collections4,MultiKeyTest,testConstructorsByArrayNull_3_oe,src/test/java/org/apache/commons/collections4/keyvalue/MultiKeyTest.java,,,,assert,unknown,standard,fail
coll_860_3,commons-collections4,MultiKeyTest,testGetIndexed_3_oe,src/test/java/org/apache/commons/collections4/keyvalue/MultiKeyTest.java,,,,assert,unknown,standard,fail
coll_860_4,commons-collections4,MultiKeyTest,testGetIndexed_4_oe,src/test/java/org/apache/commons/collections4/keyvalue/MultiKeyTest.java,,,,assert,unknown,standard,fail
coll_869_1,commons-collections4,DefaultKeyValueTest,testSelfReferenceHandling_1_oe,src/test/java/org/apache/commons/collections4/keyvalue/DefaultKeyValueTest.java,,,,assert,unknown,standard,fail
coll_869_3,commons-collections4,DefaultKeyValueTest,testSelfReferenceHandling_3_oe,src/test/java/org/apache/commons/collections4/keyvalue/DefaultKeyValueTest.java,,,,assert,unknown,standard,fail
coll_876_1,commons-collections4,UnmodifiableMapEntryTest,testUnmodifiable_1_oe,src/test/java/org/apache/commons/collections4/keyvalue/UnmodifiableMapEntryTest.java,,,,assert,unknown,standard,fail
coll_878_1,commons-collections4,AbstractMapEntryTest,testSelfReferenceHandling_1_oe,src/test/java/org/apache/commons/collections4/keyvalue/AbstractMapEntryTest.java,,,,assert,unknown,standard,fail
coll_898_2,commons-collections4,AbstractLinkedListTest,testGetNode_2_oe,src/test/java/org/apache/commons/collections4/list/AbstractLinkedListTest.java,,,,assert,unknown,standard,fail
coll_898_3,commons-collections4,AbstractLinkedListTest,testGetNode_3_oe,src/test/java/org/apache/commons/collections4/list/AbstractLinkedListTest.java,,,,assert,unknown,standard,fail
coll_898_4,commons-collections4,AbstractLinkedListTest,testGetNode_4_oe,src/test/java/org/apache/commons/collections4/list/AbstractLinkedListTest.java,,,,assert,unknown,standard,fail
coll_898_5,commons-collections4,AbstractLinkedListTest,testGetNode_5_oe,src/test/java/org/apache/commons/collections4/list/AbstractLinkedListTest.java,,,,assert,unknown,standard,fail
coll_908_1,commons-collections4,SetUniqueListTest,testListIteratorSet_1_oe,src/test/java/org/apache/commons/collections4/list/SetUniqueListTest.java,,,,assert,unknown,standard,fail
coll_917_1,commons-collections4,SetUniqueListTest,testSubListIsUnmodifiable_1_oe,src/test/java/org/apache/commons/collections4/list/SetUniqueListTest.java,,,,assert,unknown,standard,fail
coll_924_1,commons-collections4,GrowthListTest,testListAddByIndexBoundsChecking_1_oe,src/test/java/org/apache/commons/collections4/list/GrowthListTest.java,,,,assert,unknown,standard,fail
coll_925_1,commons-collections4,GrowthListTest,testListAddByIndexBoundsChecking2_1_oe,src/test/java/org/apache/commons/collections4/list/GrowthListTest.java,,,,assert,unknown,standard,fail
coll_926_1,commons-collections4,GrowthListTest,testListSetByIndexBoundsChecking_1_oe,src/test/java/org/apache/commons/collections4/list/GrowthListTest.java,,,,assert,unknown,standard,fail
coll_927_1,commons-collections4,GrowthListTest,testListSetByIndexBoundsChecking2_1_oe,src/test/java/org/apache/commons/collections4/list/GrowthListTest.java,,,,assert,unknown,standard,fail
coll_935_1,commons-collections4,CursorableLinkedListTest,testCursorRemove_1_oe,src/test/java/org/apache/commons/collections4/list/CursorableLinkedListTest.java,,,,assert,unknown,standard,fail
coll_937_17,commons-collections4,CursorableLinkedListTest,testCursorConcurrentModification_17_oe,src/test/java/org/apache/commons/collections4/list/CursorableLinkedListTest.java,,,,assert,unknown,standard,fail
coll_937_18,commons-collections4,CursorableLinkedListTest,testCursorConcurrentModification_18_oe,src/test/java/org/apache/commons/collections4/list/CursorableLinkedListTest.java,,,,assert,unknown,standard,fail
coll_943_12,commons-collections4,CursorableLinkedListTest,testInternalState_CursorNextNextPreviousRemoveIndex1ByList_12_oe,src/test/java/org/apache/commons/collections4/list/CursorableLinkedListTest.java,,,,assert,unknown,standard,fail
coll_944_10,commons-collections4,CursorableLinkedListTest,testInternalState_CursorNextRemoveIndex1ByList_10_oe,src/test/java/org/apache/commons/collections4/list/CursorableLinkedListTest.java,,,,assert,unknown,standard,fail
coll_945_11,commons-collections4,CursorableLinkedListTest,testInternalState_CursorNextNextRemoveIndex1ByList_11_oe,src/test/java/org/apache/commons/collections4/list/CursorableLinkedListTest.java,,,,assert,unknown,standard,fail
coll_946_11,commons-collections4,CursorableLinkedListTest,testInternalState_CursorNextNextNextRemoveIndex1ByList_11_oe,src/test/java/org/apache/commons/collections4/list/CursorableLinkedListTest.java,,,,assert,unknown,standard,fail
coll_947_10,commons-collections4,CursorableLinkedListTest,testInternalState_CursorNextNextPreviousRemoveByIterator_10_oe,src/test/java/org/apache/commons/collections4/list/CursorableLinkedListTest.java,,,,assert,unknown,standard,fail
coll_948_9,commons-collections4,CursorableLinkedListTest,testInternalState_CursorNextNextRemoveByIterator_9_oe,src/test/java/org/apache/commons/collections4/list/CursorableLinkedListTest.java,,,,assert,unknown,standard,fail
coll_949_10,commons-collections4,CursorableLinkedListTest,testInternalState_CursorNextNextPreviousAddIndex1ByList_10_oe,src/test/java/org/apache/commons/collections4/list/CursorableLinkedListTest.java,,,,assert,unknown,standard,fail
coll_950_8,commons-collections4,CursorableLinkedListTest,testInternalState_CursorNextAddIndex1ByList_8_oe,src/test/java/org/apache/commons/collections4/list/CursorableLinkedListTest.java,,,,assert,unknown,standard,fail
coll_951_8,commons-collections4,CursorableLinkedListTest,testInternalState_CursorNextNextAddIndex1ByList_8_oe,src/test/java/org/apache/commons/collections4/list/CursorableLinkedListTest.java,,,,assert,unknown,standard,fail
coll_952_9,commons-collections4,CursorableLinkedListTest,testInternalState_CursorNextNextPreviousAddByIterator_9_oe,src/test/java/org/apache/commons/collections4/list/CursorableLinkedListTest.java,,,,assert,unknown,standard,fail
coll_953_9,commons-collections4,CursorableLinkedListTest,testInternalState_CursorNextNextAddByIterator_9_oe,src/test/java/org/apache/commons/collections4/list/CursorableLinkedListTest.java,,,,assert,unknown,standard,fail
coll_954_8,commons-collections4,CursorableLinkedListTest,testInternalState_CursorNextNextRemoveByListSetByIterator_8_oe,src/test/java/org/apache/commons/collections4/list/CursorableLinkedListTest.java,,,,assert,unknown,standard,fail
coll_955_10,commons-collections4,CursorableLinkedListTest,testInternalState_CursorNextNextPreviousSetByIterator_10_oe,src/test/java/org/apache/commons/collections4/list/CursorableLinkedListTest.java,,,,assert,unknown,standard,fail
coll_956_9,commons-collections4,CursorableLinkedListTest,testInternalState_CursorNextNextSetByIterator_9_oe,src/test/java/org/apache/commons/collections4/list/CursorableLinkedListTest.java,,,,assert,unknown,standard,fail
coll_958_1,commons-collections4,CursorableLinkedListTest,testGet_1_oe,src/test/java/org/apache/commons/collections4/list/CursorableLinkedListTest.java,,,,assert,unknown,standard,fail
coll_958_7,commons-collections4,CursorableLinkedListTest,testGet_7_oe,src/test/java/org/apache/commons/collections4/list/CursorableLinkedListTest.java,,,,assert,unknown,standard,fail
coll_958_8,commons-collections4,CursorableLinkedListTest,testGet_8_oe,src/test/java/org/apache/commons/collections4/list/CursorableLinkedListTest.java,,,,assert,unknown,standard,fail
coll_980_1,commons-collections4,AbstractListTest,testListAddByIndexBoundsChecking_1_oe,src/test/java/org/apache/commons/collections4/list/AbstractListTest.java,,,,assert,unknown,standard,fail
coll_980_2,commons-collections4,AbstractListTest,testListAddByIndexBoundsChecking_2_oe,src/test/java/org/apache/commons/collections4/list/AbstractListTest.java,,,,assert,unknown,standard,fail
coll_980_3,commons-collections4,AbstractListTest,testListAddByIndexBoundsChecking_3_oe,src/test/java/org/apache/commons/collections4/list/AbstractListTest.java,,,,assert,unknown,standard,fail
coll_980_4,commons-collections4,AbstractListTest,testListAddByIndexBoundsChecking_4_oe,src/test/java/org/apache/commons/collections4/list/AbstractListTest.java,,,,assert,unknown,standard,fail
coll_981_1,commons-collections4,AbstractListTest,testListAddByIndexBoundsChecking2_1_oe,src/test/java/org/apache/commons/collections4/list/AbstractListTest.java,,,,assert,unknown,standard,fail
coll_981_2,commons-collections4,AbstractListTest,testListAddByIndexBoundsChecking2_2_oe,src/test/java/org/apache/commons/collections4/list/AbstractListTest.java,,,,assert,unknown,standard,fail
coll_981_3,commons-collections4,AbstractListTest,testListAddByIndexBoundsChecking2_3_oe,src/test/java/org/apache/commons/collections4/list/AbstractListTest.java,,,,assert,unknown,standard,fail
coll_981_4,commons-collections4,AbstractListTest,testListAddByIndexBoundsChecking2_4_oe,src/test/java/org/apache/commons/collections4/list/AbstractListTest.java,,,,assert,unknown,standard,fail
coll_985_1,commons-collections4,AbstractListTest,testListGetByIndexBoundsChecking_1_oe,src/test/java/org/apache/commons/collections4/list/AbstractListTest.java,,,,assert,unknown,standard,fail
coll_985_2,commons-collections4,AbstractListTest,testListGetByIndexBoundsChecking_2_oe,src/test/java/org/apache/commons/collections4/list/AbstractListTest.java,,,,assert,unknown,standard,fail
coll_985_3,commons-collections4,AbstractListTest,testListGetByIndexBoundsChecking_3_oe,src/test/java/org/apache/commons/collections4/list/AbstractListTest.java,,,,assert,unknown,standard,fail
coll_985_4,commons-collections4,AbstractListTest,testListGetByIndexBoundsChecking_4_oe,src/test/java/org/apache/commons/collections4/list/AbstractListTest.java,,,,assert,unknown,standard,fail
coll_985_5,commons-collections4,AbstractListTest,testListGetByIndexBoundsChecking_5_oe,src/test/java/org/apache/commons/collections4/list/AbstractListTest.java,,,,assert,unknown,standard,fail
coll_986_1,commons-collections4,AbstractListTest,testListGetByIndexBoundsChecking2_1_oe,src/test/java/org/apache/commons/collections4/list/AbstractListTest.java,,,,assert,unknown,standard,fail
coll_986_2,commons-collections4,AbstractListTest,testListGetByIndexBoundsChecking2_2_oe,src/test/java/org/apache/commons/collections4/list/AbstractListTest.java,,,,assert,unknown,standard,fail
coll_986_3,commons-collections4,AbstractListTest,testListGetByIndexBoundsChecking2_3_oe,src/test/java/org/apache/commons/collections4/list/AbstractListTest.java,,,,assert,unknown,standard,fail
coll_986_4,commons-collections4,AbstractListTest,testListGetByIndexBoundsChecking2_4_oe,src/test/java/org/apache/commons/collections4/list/AbstractListTest.java,,,,assert,unknown,standard,fail
coll_989_1,commons-collections4,AbstractListTest,testListSetByIndexBoundsChecking_1_oe,src/test/java/org/apache/commons/collections4/list/AbstractListTest.java,,,,assert,unknown,standard,fail
coll_989_2,commons-collections4,AbstractListTest,testListSetByIndexBoundsChecking_2_oe,src/test/java/org/apache/commons/collections4/list/AbstractListTest.java,,,,assert,unknown,standard,fail
coll_989_3,commons-collections4,AbstractListTest,testListSetByIndexBoundsChecking_3_oe,src/test/java/org/apache/commons/collections4/list/AbstractListTest.java,,,,assert,unknown,standard,fail
coll_989_4,commons-collections4,AbstractListTest,testListSetByIndexBoundsChecking_4_oe,src/test/java/org/apache/commons/collections4/list/AbstractListTest.java,,,,assert,unknown,standard,fail
coll_989_5,commons-collections4,AbstractListTest,testListSetByIndexBoundsChecking_5_oe,src/test/java/org/apache/commons/collections4/list/AbstractListTest.java,,,,assert,unknown,standard,fail
coll_990_1,commons-collections4,AbstractListTest,testListSetByIndexBoundsChecking2_1_oe,src/test/java/org/apache/commons/collections4/list/AbstractListTest.java,,,,assert,unknown,standard,fail
coll_990_2,commons-collections4,AbstractListTest,testListSetByIndexBoundsChecking2_2_oe,src/test/java/org/apache/commons/collections4/list/AbstractListTest.java,,,,assert,unknown,standard,fail
coll_990_3,commons-collections4,AbstractListTest,testListSetByIndexBoundsChecking2_3_oe,src/test/java/org/apache/commons/collections4/list/AbstractListTest.java,,,,assert,unknown,standard,fail
coll_990_4,commons-collections4,AbstractListTest,testListSetByIndexBoundsChecking2_4_oe,src/test/java/org/apache/commons/collections4/list/AbstractListTest.java,,,,assert,unknown,standard,fail
coll_992_1,commons-collections4,AbstractListTest,testUnsupportedSet_1_oe,src/test/java/org/apache/commons/collections4/list/AbstractListTest.java,,,,assert,unknown,standard,fail
coll_993_1,commons-collections4,AbstractListTest,testListRemoveByIndexBoundsChecking_1_oe,src/test/java/org/apache/commons/collections4/list/AbstractListTest.java,,,,assert,unknown,standard,fail
coll_993_2,commons-collections4,AbstractListTest,testListRemoveByIndexBoundsChecking_2_oe,src/test/java/org/apache/commons/collections4/list/AbstractListTest.java,,,,assert,unknown,standard,fail
coll_993_3,commons-collections4,AbstractListTest,testListRemoveByIndexBoundsChecking_3_oe,src/test/java/org/apache/commons/collections4/list/AbstractListTest.java,,,,assert,unknown,standard,fail
coll_993_4,commons-collections4,AbstractListTest,testListRemoveByIndexBoundsChecking_4_oe,src/test/java/org/apache/commons/collections4/list/AbstractListTest.java,,,,assert,unknown,standard,fail
coll_993_5,commons-collections4,AbstractListTest,testListRemoveByIndexBoundsChecking_5_oe,src/test/java/org/apache/commons/collections4/list/AbstractListTest.java,,,,assert,unknown,standard,fail
coll_994_1,commons-collections4,AbstractListTest,testListRemoveByIndexBoundsChecking2_1_oe,src/test/java/org/apache/commons/collections4/list/AbstractListTest.java,,,,assert,unknown,standard,fail
coll_994_2,commons-collections4,AbstractListTest,testListRemoveByIndexBoundsChecking2_2_oe,src/test/java/org/apache/commons/collections4/list/AbstractListTest.java,,,,assert,unknown,standard,fail
coll_994_3,commons-collections4,AbstractListTest,testListRemoveByIndexBoundsChecking2_3_oe,src/test/java/org/apache/commons/collections4/list/AbstractListTest.java,,,,assert,unknown,standard,fail
coll_994_4,commons-collections4,AbstractListTest,testListRemoveByIndexBoundsChecking2_4_oe,src/test/java/org/apache/commons/collections4/list/AbstractListTest.java,,,,assert,unknown,standard,fail
coll_1004_2,commons-collections4,UnmodifiableListTest,testDecorateFactory_2_oe,src/test/java/org/apache/commons/collections4/list/UnmodifiableListTest.java,,,,assert,unknown,standard,fail
coll_1005_1,commons-collections4,UnmodifiableListTest,testUnmodifiableIterator_1_oe,src/test/java/org/apache/commons/collections4/list/UnmodifiableListTest.java,,,,assert,unknown,standard,fail
coll_1011_1,commons-collections4,PredicatedListTest,testIllegalAdd_1_oe,src/test/java/org/apache/commons/collections4/list/PredicatedListTest.java,,,,assert,unknown,standard,fail
coll_1012_1,commons-collections4,PredicatedListTest,testIllegalAddAll_1_oe,src/test/java/org/apache/commons/collections4/list/PredicatedListTest.java,,,,assert,unknown,standard,fail
coll_1013_1,commons-collections4,PredicatedListTest,testIllegalSet_1_oe,src/test/java/org/apache/commons/collections4/list/PredicatedListTest.java,,,,assert,unknown,standard,fail
coll_1020_1,commons-collections4,PredicatedSetTest,testIllegalAdd_1_oe,src/test/java/org/apache/commons/collections4/set/PredicatedSetTest.java,,,,assert,unknown,standard,fail
coll_1021_1,commons-collections4,PredicatedSetTest,testIllegalAddAll_1_oe,src/test/java/org/apache/commons/collections4/set/PredicatedSetTest.java,,,,assert,unknown,standard,fail
coll_1025_1,commons-collections4,PredicatedSortedSetTest,testIllegalAdd_1_oe,src/test/java/org/apache/commons/collections4/set/PredicatedSortedSetTest.java,,,,assert,unknown,standard,fail
coll_1026_1,commons-collections4,PredicatedSortedSetTest,testIllegalAddAll_1_oe,src/test/java/org/apache/commons/collections4/set/PredicatedSortedSetTest.java,,,,assert,unknown,standard,fail
coll_1028_2,commons-collections4,UnmodifiableNavigableSetTest,testDecorateFactory_2_oe,src/test/java/org/apache/commons/collections4/set/UnmodifiableNavigableSetTest.java,,,,assert,unknown,standard,fail
coll_1031_1,commons-collections4,PredicatedNavigableSetTest,testIllegalAdd_1_oe,src/test/java/org/apache/commons/collections4/set/PredicatedNavigableSetTest.java,,,,assert,unknown,standard,fail
coll_1032_1,commons-collections4,PredicatedNavigableSetTest,testIllegalAddAll_1_oe,src/test/java/org/apache/commons/collections4/set/PredicatedNavigableSetTest.java,,,,assert,unknown,standard,fail
coll_1034_2,commons-collections4,UnmodifiableSortedSetTest,testDecorateFactory_2_oe,src/test/java/org/apache/commons/collections4/set/UnmodifiableSortedSetTest.java,,,,assert,unknown,standard,fail
coll_1042_1,commons-collections4,ListOrderedSetTest,testDecorator_1_oe,src/test/java/org/apache/commons/collections4/set/ListOrderedSetTest.java,,,,assert,unknown,standard,fail
coll_1042_2,commons-collections4,ListOrderedSetTest,testDecorator_2_oe,src/test/java/org/apache/commons/collections4/set/ListOrderedSetTest.java,,,,assert,unknown,standard,fail
coll_1042_3,commons-collections4,ListOrderedSetTest,testDecorator_3_oe,src/test/java/org/apache/commons/collections4/set/ListOrderedSetTest.java,,,,assert,unknown,standard,fail
coll_1042_4,commons-collections4,ListOrderedSetTest,testDecorator_4_oe,src/test/java/org/apache/commons/collections4/set/ListOrderedSetTest.java,,,,assert,unknown,standard,fail
coll_1042_5,commons-collections4,ListOrderedSetTest,testDecorator_5_oe,src/test/java/org/apache/commons/collections4/set/ListOrderedSetTest.java,,,,assert,unknown,standard,fail
coll_1046_2,commons-collections4,UnmodifiableSetTest,testDecorateFactory_2_oe,src/test/java/org/apache/commons/collections4/set/UnmodifiableSetTest.java,,,,assert,unknown,standard,fail
coll_1055_1,commons-collections4,CompositeSetTest,testFailedCollisionResolution_1_oe,src/test/java/org/apache/commons/collections4/set/CompositeSetTest.java,,,,assert,unknown,standard,fail
coll_1056_3,commons-collections4,CompositeSetTest,testAddComposited_3_oe,src/test/java/org/apache/commons/collections4/set/CompositeSetTest.java,,,,assert,unknown,standard,fail
coll_1057_1,commons-collections4,CompositeSetTest,testAddCompositedCollision_1_oe,src/test/java/org/apache/commons/collections4/set/CompositeSetTest.java,,,,assert,unknown,standard,fail
coll_1057_2,commons-collections4,CompositeSetTest,testAddCompositedCollision_2_oe,src/test/java/org/apache/commons/collections4/set/CompositeSetTest.java,,,,assert,unknown,standard,fail
coll_1064_1,commons-collections4,PredicatedSortedMapTest,testPut_1_oe,src/test/java/org/apache/commons/collections4/map/PredicatedSortedMapTest.java,,,,assert,unknown,standard,fail
coll_1064_2,commons-collections4,PredicatedSortedMapTest,testPut_2_oe,src/test/java/org/apache/commons/collections4/map/PredicatedSortedMapTest.java,,,,assert,unknown,standard,fail
coll_1064_5,commons-collections4,PredicatedSortedMapTest,testPut_5_oe,src/test/java/org/apache/commons/collections4/map/PredicatedSortedMapTest.java,,,,assert,unknown,standard,fail
coll_1064_6,commons-collections4,PredicatedSortedMapTest,testPut_6_oe,src/test/java/org/apache/commons/collections4/map/PredicatedSortedMapTest.java,,,,assert,unknown,standard,fail
coll_1065_1,commons-collections4,PredicatedSortedMapTest,testSortOrder_1_oe,src/test/java/org/apache/commons/collections4/map/PredicatedSortedMapTest.java,,,,assert,unknown,standard,fail
coll_1065_2,commons-collections4,PredicatedSortedMapTest,testSortOrder_2_oe,src/test/java/org/apache/commons/collections4/map/PredicatedSortedMapTest.java,,,,assert,unknown,standard,fail
coll_1066_1,commons-collections4,AbstractOrderedMapTest,testFirstKey_1_oe,src/test/java/org/apache/commons/collections4/map/AbstractOrderedMapTest.java,,,,assert,unknown,standard,fail
coll_1067_1,commons-collections4,AbstractOrderedMapTest,testLastKey_1_oe,src/test/java/org/apache/commons/collections4/map/AbstractOrderedMapTest.java,,,,assert,unknown,standard,fail
coll_1068_2,commons-collections4,AbstractOrderedMapTest,testNextKey_2_oe,src/test/java/org/apache/commons/collections4/map/AbstractOrderedMapTest.java,,,,assert,unknown,standard,assertEquals
coll_1068_6,commons-collections4,AbstractOrderedMapTest,testNextKey_6_oe,src/test/java/org/apache/commons/collections4/map/AbstractOrderedMapTest.java,,,,assert,unknown,standard,fail
coll_1069_2,commons-collections4,AbstractOrderedMapTest,testPreviousKey_2_oe,src/test/java/org/apache/commons/collections4/map/AbstractOrderedMapTest.java,,,,assert,unknown,standard,assertEquals
coll_1069_6,commons-collections4,AbstractOrderedMapTest,testPreviousKey_6_oe,src/test/java/org/apache/commons/collections4/map/AbstractOrderedMapTest.java,,,,assert,unknown,standard,fail
coll_1086_1,commons-collections4,ListOrderedMapTest,testPut_intObjectObject_1_oe,src/test/java/org/apache/commons/collections4/map/ListOrderedMapTest.java,,,,assert,unknown,standard,fail
coll_1086_2,commons-collections4,ListOrderedMapTest,testPut_intObjectObject_2_oe,src/test/java/org/apache/commons/collections4/map/ListOrderedMapTest.java,,,,assert,unknown,standard,fail
coll_1094_1,commons-collections4,LRUMapTest,testCtors_1_oe,src/test/java/org/apache/commons/collections4/map/LRUMapTest.java,,,,assert,unknown,standard,fail
coll_1094_2,commons-collections4,LRUMapTest,testCtors_2_oe,src/test/java/org/apache/commons/collections4/map/LRUMapTest.java,,,,assert,unknown,standard,fail
coll_1094_3,commons-collections4,LRUMapTest,testCtors_3_oe,src/test/java/org/apache/commons/collections4/map/LRUMapTest.java,,,,assert,unknown,standard,fail
coll_1094_4,commons-collections4,LRUMapTest,testCtors_4_oe,src/test/java/org/apache/commons/collections4/map/LRUMapTest.java,,,,assert,unknown,standard,fail
coll_1094_5,commons-collections4,LRUMapTest,testCtors_5_oe,src/test/java/org/apache/commons/collections4/map/LRUMapTest.java,,,,assert,unknown,standard,fail
coll_1094_6,commons-collections4,LRUMapTest,testCtors_6_oe,src/test/java/org/apache/commons/collections4/map/LRUMapTest.java,,,,assert,unknown,standard,fail
coll_1105_4,commons-collections4,LRUMapTest,testInternalState_getEntry_int_4_oe,src/test/java/org/apache/commons/collections4/map/LRUMapTest.java,,,,assert,unknown,standard,fail
coll_1105_5,commons-collections4,LRUMapTest,testInternalState_getEntry_int_5_oe,src/test/java/org/apache/commons/collections4/map/LRUMapTest.java,,,,assert,unknown,standard,fail
coll_1106_1,commons-collections4,LRUMapTest,testSynchronizedRemoveFromMapIterator_1_oe,src/test/java/org/apache/commons/collections4/map/LRUMapTest.java,,,,assert,unknown,standard,fail
coll_1107_1,commons-collections4,LRUMapTest,testSynchronizedRemoveFromEntrySet_1_oe,src/test/java/org/apache/commons/collections4/map/LRUMapTest.java,,,,assert,unknown,standard,fail
coll_1108_1,commons-collections4,LRUMapTest,testSynchronizedRemoveFromKeySet_1_oe,src/test/java/org/apache/commons/collections4/map/LRUMapTest.java,,,,assert,unknown,standard,fail
coll_1109_1,commons-collections4,LRUMapTest,testSynchronizedRemoveFromValues_1_oe,src/test/java/org/apache/commons/collections4/map/LRUMapTest.java,,,,assert,unknown,standard,fail
coll_1158_1,commons-collections4,AbstractMapTest,testMapClear_1_oe,src/test/java/org/apache/commons/collections4/map/AbstractMapTest.java,,,,assert,unknown,standard,fail
coll_1167_8,commons-collections4,AbstractMapTest,testMapPut_8_oe,src/test/java/org/apache/commons/collections4/map/AbstractMapTest.java,,,,assert,unknown,standard,fail
coll_1167_9,commons-collections4,AbstractMapTest,testMapPut_9_oe,src/test/java/org/apache/commons/collections4/map/AbstractMapTest.java,,,,assert,unknown,standard,fail
coll_1167_14,commons-collections4,AbstractMapTest,testMapPut_14_oe,src/test/java/org/apache/commons/collections4/map/AbstractMapTest.java,,,,assert,unknown,standard,fail
coll_1168_1,commons-collections4,AbstractMapTest,testMapPutNullKey_1_oe,src/test/java/org/apache/commons/collections4/map/AbstractMapTest.java,,,,assert,unknown,standard,fail
coll_1169_1,commons-collections4,AbstractMapTest,testMapPutNullValue_1_oe,src/test/java/org/apache/commons/collections4/map/AbstractMapTest.java,,,,assert,unknown,standard,fail
coll_1170_1,commons-collections4,AbstractMapTest,testMapPutAll_1_oe,src/test/java/org/apache/commons/collections4/map/AbstractMapTest.java,,,,assert,unknown,standard,fail
coll_1171_1,commons-collections4,AbstractMapTest,testMapRemove_1_oe,src/test/java/org/apache/commons/collections4/map/AbstractMapTest.java,,,,assert,unknown,standard,fail
coll_1182_1,commons-collections4,AbstractMapTest,testValuesRemoveAll_1_oe,src/test/java/org/apache/commons/collections4/map/AbstractMapTest.java,,,,assert,unknown,standard,assertFalse
coll_1182_3,commons-collections4,AbstractMapTest,testValuesRemoveAll_3_oe,src/test/java/org/apache/commons/collections4/map/AbstractMapTest.java,,,,assert,unknown,standard,assertTrue
coll_1183_1,commons-collections4,AbstractMapTest,testValuesRetainAll_1_oe,src/test/java/org/apache/commons/collections4/map/AbstractMapTest.java,,,,assert,unknown,standard,assertFalse
coll_1183_3,commons-collections4,AbstractMapTest,testValuesRetainAll_3_oe,src/test/java/org/apache/commons/collections4/map/AbstractMapTest.java,,,,assert,unknown,standard,assertTrue
coll_1186_1,commons-collections4,AbstractMapTest,testKeySetRemoveAll_1_oe,src/test/java/org/apache/commons/collections4/map/AbstractMapTest.java,,,,assert,unknown,standard,assertFalse
coll_1186_3,commons-collections4,AbstractMapTest,testKeySetRemoveAll_3_oe,src/test/java/org/apache/commons/collections4/map/AbstractMapTest.java,,,,assert,unknown,standard,assertTrue
coll_1187_1,commons-collections4,AbstractMapTest,testKeySetRetainAll_1_oe,src/test/java/org/apache/commons/collections4/map/AbstractMapTest.java,,,,assert,unknown,standard,assertFalse
coll_1187_3,commons-collections4,AbstractMapTest,testKeySetRetainAll_3_oe,src/test/java/org/apache/commons/collections4/map/AbstractMapTest.java,,,,assert,unknown,standard,assertTrue
coll_1190_1,commons-collections4,AbstractMapTest,testEntrySetRemoveAll_1_oe,src/test/java/org/apache/commons/collections4/map/AbstractMapTest.java,,,,assert,unknown,standard,assertFalse
coll_1190_3,commons-collections4,AbstractMapTest,testEntrySetRemoveAll_3_oe,src/test/java/org/apache/commons/collections4/map/AbstractMapTest.java,,,,assert,unknown,standard,assertTrue
coll_1191_1,commons-collections4,AbstractMapTest,testEntrySetRetainAll_1_oe,src/test/java/org/apache/commons/collections4/map/AbstractMapTest.java,,,,assert,unknown,standard,assertFalse
coll_1191_3,commons-collections4,AbstractMapTest,testEntrySetRetainAll_3_oe,src/test/java/org/apache/commons/collections4/map/AbstractMapTest.java,,,,assert,unknown,standard,assertTrue
coll_1197_2,commons-collections4,CompositeMapTest,testAddComposited_2_oe,src/test/java/org/apache/commons/collections4/map/CompositeMapTest.java,,,,assert,unknown,standard,fail
coll_1205_2,commons-collections4,UnmodifiableOrderedMapTest,testDecorateFactory_2_oe,src/test/java/org/apache/commons/collections4/map/UnmodifiableOrderedMapTest.java,,,,assert,unknown,standard,fail
coll_1214_2,commons-collections4,LazySortedMapTest,testTransformerDecorate_2_oe,src/test/java/org/apache/commons/collections4/map/LazySortedMapTest.java,,,,assert,unknown,standard,fail
coll_1214_3,commons-collections4,LazySortedMapTest,testTransformerDecorate_3_oe,src/test/java/org/apache/commons/collections4/map/LazySortedMapTest.java,,,,assert,unknown,standard,fail
coll_1215_8,commons-collections4,ReferenceMapTest,testNullHandling_8_oe,src/test/java/org/apache/commons/collections4/map/ReferenceMapTest.java,,,,assert,unknown,standard,fail
coll_1215_9,commons-collections4,ReferenceMapTest,testNullHandling_9_oe,src/test/java/org/apache/commons/collections4/map/ReferenceMapTest.java,,,,assert,unknown,standard,fail
coll_1215_10,commons-collections4,ReferenceMapTest,testNullHandling_10_oe,src/test/java/org/apache/commons/collections4/map/ReferenceMapTest.java,,,,assert,unknown,standard,fail
coll_1244_2,commons-collections4,MultiValueMapTest,testUnsafeDeSerialization_2_oe,src/test/java/org/apache/commons/collections4/map/MultiValueMapTest.java,,,,assert,unknown,standard,fail
coll_1248_1,commons-collections4,PredicatedMapTest,testPut_1_oe,src/test/java/org/apache/commons/collections4/map/PredicatedMapTest.java,,,,assert,unknown,standard,fail
coll_1248_2,commons-collections4,PredicatedMapTest,testPut_2_oe,src/test/java/org/apache/commons/collections4/map/PredicatedMapTest.java,,,,assert,unknown,standard,fail
coll_1248_5,commons-collections4,PredicatedMapTest,testPut_5_oe,src/test/java/org/apache/commons/collections4/map/PredicatedMapTest.java,,,,assert,unknown,standard,fail
coll_1248_6,commons-collections4,PredicatedMapTest,testPut_6_oe,src/test/java/org/apache/commons/collections4/map/PredicatedMapTest.java,,,,assert,unknown,standard,fail
coll_1249_4,commons-collections4,TransformedSortedMapTest,testTransformedMap_4_oe,src/test/java/org/apache/commons/collections4/map/TransformedSortedMapTest.java,,,,assert,unknown,standard,fail
coll_1249_7,commons-collections4,TransformedSortedMapTest,testTransformedMap_7_oe,src/test/java/org/apache/commons/collections4/map/TransformedSortedMapTest.java,,,,assert,unknown,standard,fail
coll_1259_2,commons-collections4,UnmodifiableMapTest,testDecorateFactory_2_oe,src/test/java/org/apache/commons/collections4/map/UnmodifiableMapTest.java,,,,assert,unknown,standard,fail
coll_1265_8,commons-collections4,ReferenceIdentityMapTest,testNullHandling_8_oe,src/test/java/org/apache/commons/collections4/map/ReferenceIdentityMapTest.java,,,,assert,unknown,standard,fail
coll_1265_9,commons-collections4,ReferenceIdentityMapTest,testNullHandling_9_oe,src/test/java/org/apache/commons/collections4/map/ReferenceIdentityMapTest.java,,,,assert,unknown,standard,fail
coll_1265_10,commons-collections4,ReferenceIdentityMapTest,testNullHandling_10_oe,src/test/java/org/apache/commons/collections4/map/ReferenceIdentityMapTest.java,,,,assert,unknown,standard,fail
coll_1267_1,commons-collections4,PassiveExpiringMapTest,testConstructors_1_oe,src/test/java/org/apache/commons/collections4/map/PassiveExpiringMapTest.java,,,,assert,unknown,standard,fail
coll_1267_2,commons-collections4,PassiveExpiringMapTest,testConstructors_2_oe,src/test/java/org/apache/commons/collections4/map/PassiveExpiringMapTest.java,,,,assert,unknown,standard,fail
coll_1267_3,commons-collections4,PassiveExpiringMapTest,testConstructors_3_oe,src/test/java/org/apache/commons/collections4/map/PassiveExpiringMapTest.java,,,,assert,unknown,standard,fail
coll_1279_1,commons-collections4,AbstractIterableMapTest,testFailFastEntrySet_1_oe,src/test/java/org/apache/commons/collections4/map/AbstractIterableMapTest.java,,,,assert,unknown,standard,fail
coll_1279_2,commons-collections4,AbstractIterableMapTest,testFailFastEntrySet_2_oe,src/test/java/org/apache/commons/collections4/map/AbstractIterableMapTest.java,,,,assert,unknown,standard,fail
coll_1280_1,commons-collections4,AbstractIterableMapTest,testFailFastKeySet_1_oe,src/test/java/org/apache/commons/collections4/map/AbstractIterableMapTest.java,,,,assert,unknown,standard,fail
coll_1280_2,commons-collections4,AbstractIterableMapTest,testFailFastKeySet_2_oe,src/test/java/org/apache/commons/collections4/map/AbstractIterableMapTest.java,,,,assert,unknown,standard,fail
coll_1281_1,commons-collections4,AbstractIterableMapTest,testFailFastValues_1_oe,src/test/java/org/apache/commons/collections4/map/AbstractIterableMapTest.java,,,,assert,unknown,standard,fail
coll_1281_2,commons-collections4,AbstractIterableMapTest,testFailFastValues_2_oe,src/test/java/org/apache/commons/collections4/map/AbstractIterableMapTest.java,,,,assert,unknown,standard,fail
coll_1286_1,commons-collections4,CaseInsensitiveMapTest,testLocaleIndependence_1_oe,src/test/java/org/apache/commons/collections4/map/CaseInsensitiveMapTest.java,,,,assert,unknown,standard,assertTrue
coll_1286_2,commons-collections4,CaseInsensitiveMapTest,testLocaleIndependence_2_oe,src/test/java/org/apache/commons/collections4/map/CaseInsensitiveMapTest.java,,,,assert,unknown,standard,assertEquals
coll_1293_2,commons-collections4,UnmodifiableSortedMapTest,testDecorateFactory_2_oe,src/test/java/org/apache/commons/collections4/map/UnmodifiableSortedMapTest.java,,,,assert,unknown,standard,fail
coll_1296_1,commons-collections4,AbstractSortedMapTest,testHeadMapOutOfRange_1_oe,src/test/java/org/apache/commons/collections4/map/AbstractSortedMapTest.java,,,,assert,unknown,standard,fail
coll_1297_1,commons-collections4,AbstractSortedMapTest,testTailMapOutOfRange_1_oe,src/test/java/org/apache/commons/collections4/map/AbstractSortedMapTest.java,,,,assert,unknown,standard,fail
coll_1298_1,commons-collections4,AbstractSortedMapTest,testSubMapOutOfRange_1_oe,src/test/java/org/apache/commons/collections4/map/AbstractSortedMapTest.java,,,,assert,unknown,standard,fail
coll_1299_8,commons-collections4,MultiKeyMapTest,testNullHandling_8_oe,src/test/java/org/apache/commons/collections4/map/MultiKeyMapTest.java,,,,assert,unknown,standard,fail
coll_1299_10,commons-collections4,MultiKeyMapTest,testNullHandling_10_oe,src/test/java/org/apache/commons/collections4/map/MultiKeyMapTest.java,,,,assert,unknown,standard,fail
