#
# There is insufficient memory for the Java Runtime Environment to continue.
# Native memory allocation (mmap) failed to map 9193914368 bytes. Error detail: committing reserved memory.
# Possible reasons:
#   The system is out of physical RAM or swap space
#   This process is running with CompressedOops enabled, and the Java Heap may be blocking the growth of the native heap
# Possible solutions:
#   Reduce memory load on the system
#   Increase physical memory or swap space
#   Check if swap backing store is full
#   Decrease Java heap size (-Xmx/-Xms)
#   Decrease number of Java threads
#   Decrease Java thread stack sizes (-Xss)
#   Set larger code cache with -XX:ReservedCodeCacheSize=
#   JVM is running with Zero Based Compressed Oops mode in which the Java heap is
#     placed in the first 32GB address space. The Java Heap base address is the
#     maximum limit for the native heap growth. Please use -XX:HeapBaseMinAddress
#     to set the Java Heap base and to place the Java Heap above 32GB virtual address.
# This output file may be truncated or incomplete.
#
#  Out of Memory Error (os_linux.cpp:2832), pid=650720, tid=650750
#
# JRE version: OpenJDK Runtime Environment Temurin-17.0.15+6 (17.0.15+6) (build 17.0.15+6)
# Java VM: OpenJDK 64-Bit Server VM Temurin-17.0.15+6 (17.0.15+6, mixed mode, sharing, tiered, compressed oops, compressed class ptrs, g1 gc, linux-amd64)
# Core dump will be written. Default location: Core dumps may be processed with "/usr/lib/systemd/systemd-coredump %P %u %g %s %t %c %h %e" (or dumping to /sfs/weka/scratch/wxw9rr/artifact/RQ3/OE25-DEV/commons-beanutils-1.9.4/core.650720)
#

---------------  S U M M A R Y ------------

Command Line: -Dclassworlds.conf=/apps/software/standard/core/maven/3.9.0/bin/m2.conf -Dmaven.home=/apps/software/standard/core/maven/3.9.0 -Dlibrary.jansi.path=/apps/software/standard/core/maven/3.9.0/lib/jansi-native -Dmaven.multiModuleProjectDirectory=/scratch/wxw9rr/artifact/RQ3/OE25-DEV/commons-beanutils-1.9.4 -Djava.io.tmpdir=/sfs/weka/scratch/wxw9rr/tmp -javaagent:/sfs/weka/scratch/wxw9rr/tmp/pitest-agent4297895672587801351.jar -ea -Djava.awt.headless=true -XX:+UseG1GC -Djava.io.tmpdir=/sfs/weka/scratch/wxw9rr/tmp org.pitest.mutationtest.execute.MutationTestMinion 41187

Host: AMD EPYC 9454 48-Core Processor, 96 cores, 512G, Rocky Linux release 8.10 (Green Obsidian)
Time: Mon Jan 12 02:02:37 2026 EST elapsed time: 45.356639 seconds (0d 0h 0m 45s)

---------------  T H R E A D  ---------------

Current thread (0x00007fd54420ec30):  VMThread "VM Thread" [stack: 0x00007fd4d4fce000,0x00007fd4d50ce000] [id=650750]

Stack: [0x00007fd4d4fce000,0x00007fd4d50ce000],  sp=0x00007fd4d50cbd70,  free space=1015k
Native frames: (J=compiled Java code, j=interpreted, Vv=VM code, C=native code)
V  [libjvm.so+0xee9791]  VMError::report_and_die(int, char const*, char const*, __va_list_tag*, Thread*, unsigned char*, void*, void*, char const*, int, unsigned long)+0x1a1
V  [libjvm.so+0xeea37d]  VMError::report_and_die(Thread*, char const*, int, unsigned long, VMErrorType, char const*, __va_list_tag*)+0x2d
V  [libjvm.so+0x60921c]  report_vm_out_of_memory(char const*, int, unsigned long, VMErrorType, char const*, ...)+0xdc
V  [libjvm.so+0xc26ba8]  os::pd_commit_memory_or_exit(char*, unsigned long, unsigned long, bool, char const*)+0xd8
V  [libjvm.so+0xc205ad]  os::commit_memory_or_exit(char*, unsigned long, unsigned long, bool, char const*)+0x1d
V  [libjvm.so+0x73769e]  G1PageBasedVirtualSpace::commit(unsigned long, unsigned long)+0x18e
V  [libjvm.so+0x74bf61]  G1RegionsLargerThanCommitSizeMapper::commit_regions(unsigned int, unsigned long, WorkGang*)+0x1a1
V  [libjvm.so+0x7de418]  HeapRegionManager::commit_regions(unsigned int, unsigned long, WorkGang*)+0x58
V  [libjvm.so+0x7e0262]  HeapRegionManager::expand(unsigned int, unsigned int, WorkGang*)+0x32
V  [libjvm.so+0x7e048e]  HeapRegionManager::expand_by(unsigned int, WorkGang*)+0x7e
V  [libjvm.so+0x6f0fbf]  G1CollectedHeap::expand(unsigned long, WorkGang*, double*)+0xef
V  [libjvm.so+0x6f5291]  G1CollectedHeap::do_collection_pause_at_safepoint_helper(double)+0x9a1
V  [libjvm.so+0x6f53e1]  G1CollectedHeap::do_collection_pause_at_safepoint(double)+0x31
V  [libjvm.so+0x770487]  VM_G1CollectForAllocation::doit()+0x47
V  [libjvm.so+0xeeecbe]  VM_Operation::evaluate()+0xee
V  [libjvm.so+0xef0674]  VMThread::evaluate_operation(VM_Operation*)+0xf4
V  [libjvm.so+0xef0bd4]  VMThread::inner_execute(VM_Operation*)+0x1d4
V  [libjvm.so+0xef0ebf]  VMThread::run()+0xbf
V  [libjvm.so+0xe6c2ca]  Thread::call_run()+0xaa
V  [libjvm.so+0xc29413]  thread_native_entry(Thread*)+0xe3

VM_Operation (0x00007fd485deb640): G1CollectForAllocation, mode: safepoint, requested by thread 0x00007fd5444c2470


---------------  P R O C E S S  ---------------

Threads class SMR info:
_java_thread_list=0x00007fd54442f850, length=12, elements={
0x00007fd544032990, 0x00007fd544212cf0, 0x00007fd5442140d0, 0x00007fd5442187a0,
0x00007fd544219b50, 0x00007fd54421af60, 0x00007fd54421c990, 0x00007fd54421dec0,
0x00007fd54421ef40, 0x00007fd54422b950, 0x00007fd54425e860, 0x00007fd5444c2470
}

Java Threads: ( => current thread )
  0x00007fd544032990 JavaThread "main" [_thread_blocked, id=650740, stack(0x00007fd54a7e6000,0x00007fd54a8e7000)]
  0x00007fd544212cf0 JavaThread "Reference Handler" daemon [_thread_blocked, id=650771, stack(0x00007fd4d4ecd000,0x00007fd4d4fcd000)]
  0x00007fd5442140d0 JavaThread "Finalizer" daemon [_thread_blocked, id=650773, stack(0x00007fd4d4dcc000,0x00007fd4d4ecc000)]
  0x00007fd5442187a0 JavaThread "Signal Dispatcher" daemon [_thread_blocked, id=650775, stack(0x00007fd4d4ccb000,0x00007fd4d4dcb000)]
  0x00007fd544219b50 JavaThread "Service Thread" daemon [_thread_blocked, id=650780, stack(0x00007fd4d4bca000,0x00007fd4d4cca000)]
  0x00007fd54421af60 JavaThread "Monitor Deflation Thread" daemon [_thread_blocked, id=650782, stack(0x00007fd4d4ac9000,0x00007fd4d4bc9000)]
  0x00007fd54421c990 JavaThread "C2 CompilerThread0" daemon [_thread_blocked, id=650783, stack(0x00007fd4d49c8000,0x00007fd4d4ac8000)]
  0x00007fd54421dec0 JavaThread "C1 CompilerThread0" daemon [_thread_blocked, id=650797, stack(0x00007fd4d48c7000,0x00007fd4d49c7000)]
  0x00007fd54421ef40 JavaThread "Sweeper thread" daemon [_thread_blocked, id=650802, stack(0x00007fd4d47c6000,0x00007fd4d48c6000)]
  0x00007fd54422b950 JavaThread "Common-Cleaner" daemon [_thread_blocked, id=650813, stack(0x00007fd4d45c4000,0x00007fd4d46c4000)]
  0x00007fd54425e860 JavaThread "Notification Thread" daemon [_thread_blocked, id=650882, stack(0x00007fd4d43c2000,0x00007fd4d44c2000)]
  0x00007fd5444c2470 JavaThread "mutationTestThread" daemon [_thread_blocked, id=659324, stack(0x00007fd485cee000,0x00007fd485dee000)]

Other Threads:
=>0x00007fd54420ec30 VMThread "VM Thread" [stack: 0x00007fd4d4fce000,0x00007fd4d50ce000] [id=650750]
  0x00007fd5442604b0 WatcherThread [stack: 0x00007fd4d42c1000,0x00007fd4d43c1000] [id=650883]
  0x00007fd5440680c0 GCTaskThread "GC Thread#0" [stack: 0x00007fd4e493c000,0x00007fd4e4a3c000] [id=650742]
  0x00007fd48000c9e0 GCTaskThread "GC Thread#1" [stack: 0x00007fd486f00000,0x00007fd487000000] [id=652181]
  0x00007fd48000cef0 GCTaskThread "GC Thread#2" [stack: 0x00007fd4869fb000,0x00007fd486afb000] [id=652184]
  0x00007fd48000d4c0 GCTaskThread "GC Thread#3" [stack: 0x00007fd486dff000,0x00007fd486eff000] [id=652187]
  0x00007fd48000dae0 GCTaskThread "GC Thread#4" [stack: 0x00007fd486cfe000,0x00007fd486dfe000] [id=652189]
  0x00007fd48000e100 GCTaskThread "GC Thread#5" [stack: 0x00007fd486bfd000,0x00007fd486cfd000] [id=652191]
  0x00007fd48000e750 GCTaskThread "GC Thread#6" [stack: 0x00007fd486afc000,0x00007fd486bfc000] [id=652198]
  0x00007fd48000eda0 GCTaskThread "GC Thread#7" [stack: 0x00007fd4868fa000,0x00007fd4869fa000] [id=652199]
  0x00007fd48000f640 GCTaskThread "GC Thread#8" [stack: 0x00007fd4867f9000,0x00007fd4868f9000] [id=652206]
  0x00007fd48000ff00 GCTaskThread "GC Thread#9" [stack: 0x00007fd4866f8000,0x00007fd4867f8000] [id=652209]
  0x00007fd4800107c0 GCTaskThread "GC Thread#10" [stack: 0x00007fd4865f7000,0x00007fd4866f7000] [id=652217]
  0x00007fd480011080 GCTaskThread "GC Thread#11" [stack: 0x00007fd4864f6000,0x00007fd4865f6000] [id=652223]
  0x00007fd480011940 GCTaskThread "GC Thread#12" [stack: 0x00007fd4863f5000,0x00007fd4864f5000] [id=652228]
  0x00007fd480012200 GCTaskThread "GC Thread#13" [stack: 0x00007fd4862f4000,0x00007fd4863f4000] [id=652229]
  0x00007fd480012c80 GCTaskThread "GC Thread#14" [stack: 0x00007fd4861f3000,0x00007fd4862f3000] [id=652230]
  0x00007fd480013700 GCTaskThread "GC Thread#15" [stack: 0x00007fd4860f2000,0x00007fd4861f2000] [id=652232]
  0x00007fd480014180 GCTaskThread "GC Thread#16" [stack: 0x00007fd485ff1000,0x00007fd4860f1000] [id=652233]
  0x00007fd480014c00 GCTaskThread "GC Thread#17" [stack: 0x00007fd485ef0000,0x00007fd485ff0000] [id=652234]
  0x00007fd5440786e0 ConcurrentGCThread "G1 Main Marker" [stack: 0x00007fd4e483b000,0x00007fd4e493b000] [id=650743]
  0x00007fd544079660 ConcurrentGCThread "G1 Conc#0" [stack: 0x00007fd4e473a000,0x00007fd4e483a000] [id=650744]
  0x00007fd5441dc910 ConcurrentGCThread "G1 Refine#0" [stack: 0x00007fd4d53f5000,0x00007fd4d54f5000] [id=650745]
  0x00007fd4d0000da0 ConcurrentGCThread "G1 Refine#1" [stack: 0x00007fd485bed000,0x00007fd485ced000] [id=659402]
  0x00007fd3fc023860 ConcurrentGCThread "G1 Refine#2" [stack: 0x00007fd4d40bf000,0x00007fd4d41bf000] [id=659403]
  0x00007fd3f0003940 ConcurrentGCThread "G1 Refine#3" [stack: 0x00007fd4d44c3000,0x00007fd4d45c3000] [id=659411]
  0x00007fd44811f280 ConcurrentGCThread "G1 Refine#4" [stack: 0x00007fd485aec000,0x00007fd485bec000] [id=659566]
  0x00007fd3f4082d90 ConcurrentGCThread "G1 Refine#5" [stack: 0x00007fd4859eb000,0x00007fd485aeb000] [id=659791]
  0x00007fd5441dd810 ConcurrentGCThread "G1 Service" [stack: 0x00007fd4d52f4000,0x00007fd4d53f4000] [id=650746]

Threads with active compile tasks:

VM state: at safepoint (normal execution)

VM Mutex/Monitor currently owned by a thread:  ([mutex/lock_event])
[0x00007fd54402e1c0] Threads_lock - owner thread: 0x00007fd54420ec30
[0x00007fd54402e970] Heap_lock - owner thread: 0x00007fd5444c2470

Heap address: 0x0000000082000000, size: 30688 MB, Compressed Oops mode: Zero based, Oop shift amount: 3

CDS archive(s) mapped at: [0x00007fd487000000-0x00007fd487bc9000-0x00007fd487bc9000), size 12357632, SharedBaseAddress: 0x00007fd487000000, ArchiveRelocationMode: 1.
Compressed class space mapped at: 0x00007fd488000000-0x00007fd4c8000000, reserved size: 1073741824
Narrow klass base: 0x00007fd487000000, Narrow klass shift: 0, Narrow klass range: 0x100000000

GC Precious Log:
 CPUs: 96 total, 24 available
 Memory: 512G
 Large Page Support: Disabled
 NUMA Support: Disabled
 Compressed Oops: Enabled (Zero based)
 Heap Region Size: 16M
 Heap Min Capacity: 16M
 Heap Initial Capacity: 2G
 Heap Max Capacity: 30688M
 Pre-touch: Disabled
 Parallel Workers: 18
 Concurrent Workers: 5
 Concurrent Refinement Workers: 18
 Periodic GC: Disabled

Heap:
 garbage-first heap   total 4489216K, used 2176166K [0x0000000082000000, 0x0000000800000000)
  region size 16384K, 9 young (147456K), 9 survivors (147456K)
 Metaspace       used 9148K, committed 9472K, reserved 1114112K
  class space    used 976K, committed 1152K, reserved 1048576K

Heap Regions: E=young(eden), S=young(survivor), O=old, HS=humongous(starts), HC=humongous(continues), CS=collection set, F=free, OA=open archive, CA=closed archive, TAMS=top-at-mark-start (previous, next)
|   0|0x0000000082000000, 0x0000000083000000, 0x0000000083000000|100%|HS|  |TAMS 0x0000000082000000, 0x0000000082000000| Complete 
|   1|0x0000000083000000, 0x0000000084000000, 0x0000000084000000|100%|HS|  |TAMS 0x0000000083000000, 0x0000000083000000| Complete 
|   2|0x0000000084000000, 0x0000000085000000, 0x0000000085000000|100%|HS|  |TAMS 0x0000000084000000, 0x0000000084000000| Complete 
|   3|0x0000000085000000, 0x0000000086000000, 0x0000000086000000|100%|HC|  |TAMS 0x0000000085000000, 0x0000000085000000| Complete 
|   4|0x0000000086000000, 0x0000000087000000, 0x0000000087000000|100%| O|  |TAMS 0x0000000086000000, 0x0000000086000000| Untracked 
|   5|0x0000000087000000, 0x0000000088000000, 0x0000000088000000|100%| O|  |TAMS 0x0000000087000000, 0x0000000087000000| Untracked 
|   6|0x0000000088000000, 0x0000000089000000, 0x0000000089000000|100%| O|  |TAMS 0x0000000088000000, 0x0000000088000000| Untracked 
|   7|0x0000000089000000, 0x000000008a000000, 0x000000008a000000|100%| O|  |TAMS 0x0000000089000000, 0x0000000089000000| Untracked 
|   8|0x000000008a000000, 0x000000008b000000, 0x000000008b000000|100%| O|  |TAMS 0x000000008a000000, 0x000000008a000000| Untracked 
|   9|0x000000008b000000, 0x000000008c000000, 0x000000008c000000|100%| O|  |TAMS 0x000000008b000000, 0x000000008b000000| Untracked 
|  10|0x000000008c000000, 0x000000008d000000, 0x000000008d000000|100%| O|  |TAMS 0x000000008c000000, 0x000000008c000000| Untracked 
|  11|0x000000008d000000, 0x000000008e000000, 0x000000008e000000|100%| O|  |TAMS 0x000000008d000000, 0x000000008d000000| Untracked 
|  12|0x000000008e000000, 0x000000008f000000, 0x000000008f000000|100%| O|  |TAMS 0x000000008e000000, 0x000000008e000000| Untracked 
|  13|0x000000008f000000, 0x0000000090000000, 0x0000000090000000|100%| O|  |TAMS 0x000000008f000000, 0x000000008f000000| Untracked 
|  14|0x0000000090000000, 0x0000000091000000, 0x0000000091000000|100%| O|  |TAMS 0x0000000090000000, 0x0000000090000000| Untracked 
|  15|0x0000000091000000, 0x0000000092000000, 0x0000000092000000|100%| O|  |TAMS 0x0000000091000000, 0x0000000091000000| Untracked 
|  16|0x0000000092000000, 0x0000000093000000, 0x0000000093000000|100%| O|  |TAMS 0x0000000092000000, 0x0000000092000000| Untracked 
|  17|0x0000000093000000, 0x0000000094000000, 0x0000000094000000|100%| O|  |TAMS 0x0000000093000000, 0x0000000093000000| Untracked 
|  18|0x0000000094000000, 0x0000000095000000, 0x0000000095000000|100%| O|  |TAMS 0x0000000094000000, 0x0000000094000000| Untracked 
|  19|0x0000000095000000, 0x0000000096000000, 0x0000000096000000|100%| O|  |TAMS 0x0000000095000000, 0x0000000095000000| Untracked 
|  20|0x0000000096000000, 0x0000000097000000, 0x0000000097000000|100%| O|  |TAMS 0x0000000096000000, 0x0000000096000000| Untracked 
|  21|0x0000000097000000, 0x0000000098000000, 0x0000000098000000|100%| O|  |TAMS 0x0000000097000000, 0x0000000097000000| Untracked 
|  22|0x0000000098000000, 0x0000000099000000, 0x0000000099000000|100%| O|  |TAMS 0x0000000098000000, 0x0000000098000000| Untracked 
|  23|0x0000000099000000, 0x000000009a000000, 0x000000009a000000|100%| O|  |TAMS 0x0000000099000000, 0x0000000099000000| Untracked 
|  24|0x000000009a000000, 0x000000009b000000, 0x000000009b000000|100%| O|  |TAMS 0x000000009a000000, 0x000000009a000000| Untracked 
|  25|0x000000009b000000, 0x000000009c000000, 0x000000009c000000|100%| O|  |TAMS 0x000000009b000000, 0x000000009b000000| Untracked 
|  26|0x000000009c000000, 0x000000009d000000, 0x000000009d000000|100%| O|  |TAMS 0x000000009c000000, 0x000000009c000000| Untracked 
|  27|0x000000009d000000, 0x000000009e000000, 0x000000009e000000|100%| O|  |TAMS 0x000000009d000000, 0x000000009d000000| Untracked 
|  28|0x000000009e000000, 0x000000009f000000, 0x000000009f000000|100%| O|  |TAMS 0x000000009e000000, 0x000000009e000000| Untracked 
|  29|0x000000009f000000, 0x00000000a0000000, 0x00000000a0000000|100%| O|  |TAMS 0x000000009f000000, 0x000000009f000000| Untracked 
|  30|0x00000000a0000000, 0x00000000a1000000, 0x00000000a1000000|100%| O|  |TAMS 0x00000000a0000000, 0x00000000a0000000| Untracked 
|  31|0x00000000a1000000, 0x00000000a2000000, 0x00000000a2000000|100%| O|  |TAMS 0x00000000a1000000, 0x00000000a1000000| Untracked 
|  32|0x00000000a2000000, 0x00000000a3000000, 0x00000000a3000000|100%| O|  |TAMS 0x00000000a2000000, 0x00000000a2000000| Untracked 
|  33|0x00000000a3000000, 0x00000000a4000000, 0x00000000a4000000|100%|HS|  |TAMS 0x00000000a3000000, 0x00000000a3000000| Complete 
|  34|0x00000000a4000000, 0x00000000a5000000, 0x00000000a5000000|100%|HC|  |TAMS 0x00000000a4000000, 0x00000000a4000000| Complete 
|  35|0x00000000a5000000, 0x00000000a6000000, 0x00000000a6000000|100%|HC|  |TAMS 0x00000000a5000000, 0x00000000a5000000| Complete 
|  36|0x00000000a6000000, 0x00000000a7000000, 0x00000000a7000000|100%| O|  |TAMS 0x00000000a6000000, 0x00000000a6000000| Untracked 
|  37|0x00000000a7000000, 0x00000000a8000000, 0x00000000a8000000|100%| O|  |TAMS 0x00000000a7000000, 0x00000000a7000000| Untracked 
|  38|0x00000000a8000000, 0x00000000a9000000, 0x00000000a9000000|100%| O|  |TAMS 0x00000000a8000000, 0x00000000a8000000| Untracked 
|  39|0x00000000a9000000, 0x00000000aa000000, 0x00000000aa000000|100%| O|  |TAMS 0x00000000a9000000, 0x00000000a9000000| Untracked 
|  40|0x00000000aa000000, 0x00000000ab000000, 0x00000000ab000000|100%| O|  |TAMS 0x00000000aa000000, 0x00000000aa000000| Untracked 
|  41|0x00000000ab000000, 0x00000000ac000000, 0x00000000ac000000|100%| O|  |TAMS 0x00000000ab000000, 0x00000000ab000000| Untracked 
|  42|0x00000000ac000000, 0x00000000ad000000, 0x00000000ad000000|100%| O|  |TAMS 0x00000000ac000000, 0x00000000ac000000| Untracked 
|  43|0x00000000ad000000, 0x00000000ae000000, 0x00000000ae000000|100%| O|  |TAMS 0x00000000ad000000, 0x00000000ad000000| Untracked 
|  44|0x00000000ae000000, 0x00000000af000000, 0x00000000af000000|100%| O|  |TAMS 0x00000000ae000000, 0x00000000ae000000| Untracked 
|  45|0x00000000af000000, 0x00000000b0000000, 0x00000000b0000000|100%| O|  |TAMS 0x00000000af000000, 0x00000000af000000| Untracked 
|  46|0x00000000b0000000, 0x00000000b1000000, 0x00000000b1000000|100%| O|  |TAMS 0x00000000b0000000, 0x00000000b0000000| Untracked 
|  47|0x00000000b1000000, 0x00000000b2000000, 0x00000000b2000000|100%| O|  |TAMS 0x00000000b1000000, 0x00000000b1000000| Untracked 
|  48|0x00000000b2000000, 0x00000000b3000000, 0x00000000b3000000|100%| O|  |TAMS 0x00000000b2000000, 0x00000000b2000000| Untracked 
|  49|0x00000000b3000000, 0x00000000b4000000, 0x00000000b4000000|100%| O|  |TAMS 0x00000000b3000000, 0x00000000b3000000| Untracked 
|  50|0x00000000b4000000, 0x00000000b5000000, 0x00000000b5000000|100%| O|  |TAMS 0x00000000b4000000, 0x00000000b4000000| Untracked 
|  51|0x00000000b5000000, 0x00000000b6000000, 0x00000000b6000000|100%| O|  |TAMS 0x00000000b5000000, 0x00000000b5000000| Untracked 
|  52|0x00000000b6000000, 0x00000000b7000000, 0x00000000b7000000|100%| O|  |TAMS 0x00000000b6000000, 0x00000000b6000000| Untracked 
|  53|0x00000000b7000000, 0x00000000b8000000, 0x00000000b8000000|100%| O|  |TAMS 0x00000000b7000000, 0x00000000b7000000| Untracked 
|  54|0x00000000b8000000, 0x00000000b9000000, 0x00000000b9000000|100%| O|  |TAMS 0x00000000b8000000, 0x00000000b8000000| Untracked 
|  55|0x00000000b9000000, 0x00000000ba000000, 0x00000000ba000000|100%| O|  |TAMS 0x00000000b9000000, 0x00000000b9000000| Untracked 
|  56|0x00000000ba000000, 0x00000000bb000000, 0x00000000bb000000|100%| O|  |TAMS 0x00000000ba000000, 0x00000000ba000000| Untracked 
|  57|0x00000000bb000000, 0x00000000bc000000, 0x00000000bc000000|100%| O|  |TAMS 0x00000000bb000000, 0x00000000bb000000| Untracked 
|  58|0x00000000bc000000, 0x00000000bd000000, 0x00000000bd000000|100%| O|  |TAMS 0x00000000bc000000, 0x00000000bc000000| Untracked 
|  59|0x00000000bd000000, 0x00000000be000000, 0x00000000be000000|100%| O|  |TAMS 0x00000000bd000000, 0x00000000bd000000| Untracked 
|  60|0x00000000be000000, 0x00000000bf000000, 0x00000000bf000000|100%| O|  |TAMS 0x00000000be000000, 0x00000000be000000| Untracked 
|  61|0x00000000bf000000, 0x00000000c0000000, 0x00000000c0000000|100%| O|  |TAMS 0x00000000bf000000, 0x00000000bf000000| Untracked 
|  62|0x00000000c0000000, 0x00000000c1000000, 0x00000000c1000000|100%| O|  |TAMS 0x00000000c0000000, 0x00000000c0000000| Untracked 
|  63|0x00000000c1000000, 0x00000000c2000000, 0x00000000c2000000|100%| O|  |TAMS 0x00000000c1000000, 0x00000000c1000000| Untracked 
|  64|0x00000000c2000000, 0x00000000c3000000, 0x00000000c3000000|100%| O|  |TAMS 0x00000000c2000000, 0x00000000c2000000| Untracked 
|  65|0x00000000c3000000, 0x00000000c4000000, 0x00000000c4000000|100%| O|  |TAMS 0x00000000c3000000, 0x00000000c3000000| Untracked 
|  66|0x00000000c4000000, 0x00000000c5000000, 0x00000000c5000000|100%| O|  |TAMS 0x00000000c4000000, 0x00000000c4000000| Untracked 
|  67|0x00000000c5000000, 0x00000000c6000000, 0x00000000c6000000|100%| O|  |TAMS 0x00000000c5000000, 0x00000000c5000000| Untracked 
|  68|0x00000000c6000000, 0x00000000c7000000, 0x00000000c7000000|100%| O|  |TAMS 0x00000000c6000000, 0x00000000c6000000| Untracked 
|  69|0x00000000c7000000, 0x00000000c8000000, 0x00000000c8000000|100%| O|  |TAMS 0x00000000c7000000, 0x00000000c7000000| Untracked 
|  70|0x00000000c8000000, 0x00000000c9000000, 0x00000000c9000000|100%| O|  |TAMS 0x00000000c8000000, 0x00000000c8000000| Untracked 
|  71|0x00000000c9000000, 0x00000000ca000000, 0x00000000ca000000|100%| O|  |TAMS 0x00000000c9000000, 0x00000000c9000000| Untracked 
|  72|0x00000000ca000000, 0x00000000cb000000, 0x00000000cb000000|100%| O|  |TAMS 0x00000000ca000000, 0x00000000ca000000| Untracked 
|  73|0x00000000cb000000, 0x00000000cc000000, 0x00000000cc000000|100%| O|  |TAMS 0x00000000cb000000, 0x00000000cb000000| Untracked 
|  74|0x00000000cc000000, 0x00000000cd000000, 0x00000000cd000000|100%| O|  |TAMS 0x00000000cc000000, 0x00000000cc000000| Untracked 
|  75|0x00000000cd000000, 0x00000000ce000000, 0x00000000ce000000|100%| O|  |TAMS 0x00000000cd000000, 0x00000000cd000000| Untracked 
|  76|0x00000000ce000000, 0x00000000cf000000, 0x00000000cf000000|100%| O|  |TAMS 0x00000000ce000000, 0x00000000ce000000| Untracked 
|  77|0x00000000cf000000, 0x00000000d0000000, 0x00000000d0000000|100%| O|  |TAMS 0x00000000cf000000, 0x00000000cf000000| Untracked 
|  78|0x00000000d0000000, 0x00000000d1000000, 0x00000000d1000000|100%| O|  |TAMS 0x00000000d0000000, 0x00000000d0000000| Untracked 
|  79|0x00000000d1000000, 0x00000000d2000000, 0x00000000d2000000|100%| O|  |TAMS 0x00000000d1000000, 0x00000000d1000000| Untracked 
|  80|0x00000000d2000000, 0x00000000d3000000, 0x00000000d3000000|100%| O|  |TAMS 0x00000000d2000000, 0x00000000d2000000| Untracked 
|  81|0x00000000d3000000, 0x00000000d4000000, 0x00000000d4000000|100%| O|  |TAMS 0x00000000d3000000, 0x00000000d3000000| Untracked 
|  82|0x00000000d4000000, 0x00000000d5000000, 0x00000000d5000000|100%| O|  |TAMS 0x00000000d4000000, 0x00000000d4000000| Untracked 
|  83|0x00000000d5000000, 0x00000000d6000000, 0x00000000d6000000|100%| O|  |TAMS 0x00000000d5000000, 0x00000000d5000000| Untracked 
|  84|0x00000000d6000000, 0x00000000d7000000, 0x00000000d7000000|100%| O|  |TAMS 0x00000000d6000000, 0x00000000d6000000| Untracked 
|  85|0x00000000d7000000, 0x00000000d8000000, 0x00000000d8000000|100%| O|  |TAMS 0x00000000d7000000, 0x00000000d7000000| Untracked 
|  86|0x00000000d8000000, 0x00000000d9000000, 0x00000000d9000000|100%| O|  |TAMS 0x00000000d8000000, 0x00000000d8000000| Untracked 
|  87|0x00000000d9000000, 0x00000000da000000, 0x00000000da000000|100%| O|  |TAMS 0x00000000d9000000, 0x00000000d9000000| Untracked 
|  88|0x00000000da000000, 0x00000000db000000, 0x00000000db000000|100%| O|  |TAMS 0x00000000da000000, 0x00000000da000000| Untracked 
|  89|0x00000000db000000, 0x00000000dc000000, 0x00000000dc000000|100%| O|  |TAMS 0x00000000db000000, 0x00000000db000000| Untracked 
|  90|0x00000000dc000000, 0x00000000dd000000, 0x00000000dd000000|100%| O|  |TAMS 0x00000000dc000000, 0x00000000dc000000| Untracked 
|  91|0x00000000dd000000, 0x00000000de000000, 0x00000000de000000|100%| O|  |TAMS 0x00000000dd000000, 0x00000000dd000000| Untracked 
|  92|0x00000000de000000, 0x00000000df000000, 0x00000000df000000|100%| O|  |TAMS 0x00000000de000000, 0x00000000de000000| Untracked 
|  93|0x00000000df000000, 0x00000000e0000000, 0x00000000e0000000|100%| O|  |TAMS 0x00000000df000000, 0x00000000df000000| Untracked 
|  94|0x00000000e0000000, 0x00000000e1000000, 0x00000000e1000000|100%| O|  |TAMS 0x00000000e0000000, 0x00000000e0000000| Untracked 
|  95|0x00000000e1000000, 0x00000000e2000000, 0x00000000e2000000|100%| O|  |TAMS 0x00000000e1000000, 0x00000000e1000000| Untracked 
|  96|0x00000000e2000000, 0x00000000e3000000, 0x00000000e3000000|100%| O|  |TAMS 0x00000000e2000000, 0x00000000e2000000| Untracked 
|  97|0x00000000e3000000, 0x00000000e4000000, 0x00000000e4000000|100%| O|  |TAMS 0x00000000e3000000, 0x00000000e3000000| Untracked 
|  98|0x00000000e4000000, 0x00000000e5000000, 0x00000000e5000000|100%| O|  |TAMS 0x00000000e4000000, 0x00000000e4000000| Untracked 
|  99|0x00000000e5000000, 0x00000000e6000000, 0x00000000e6000000|100%| O|  |TAMS 0x00000000e5000000, 0x00000000e5000000| Untracked 
| 100|0x00000000e6000000, 0x00000000e7000000, 0x00000000e7000000|100%| O|  |TAMS 0x00000000e6000000, 0x00000000e6000000| Untracked 
| 101|0x00000000e7000000, 0x00000000e8000000, 0x00000000e8000000|100%| O|  |TAMS 0x00000000e7000000, 0x00000000e7000000| Untracked 
| 102|0x00000000e8000000, 0x00000000e9000000, 0x00000000e9000000|100%|HS|  |TAMS 0x00000000e8000000, 0x00000000e8000000| Complete 
| 103|0x00000000e9000000, 0x00000000ea000000, 0x00000000ea000000|100%|HC|  |TAMS 0x00000000e9000000, 0x00000000e9000000| Complete 
| 104|0x00000000ea000000, 0x00000000eb000000, 0x00000000eb000000|100%|HC|  |TAMS 0x00000000ea000000, 0x00000000ea000000| Complete 
| 105|0x00000000eb000000, 0x00000000ec000000, 0x00000000ec000000|100%|HC|  |TAMS 0x00000000eb000000, 0x00000000eb000000| Complete 
| 106|0x00000000ec000000, 0x00000000ed000000, 0x00000000ed000000|100%| O|  |TAMS 0x00000000ec000000, 0x00000000ec000000| Untracked 
| 107|0x00000000ed000000, 0x00000000ee000000, 0x00000000ee000000|100%| O|  |TAMS 0x00000000ed000000, 0x00000000ed000000| Untracked 
| 108|0x00000000ee000000, 0x00000000ef000000, 0x00000000ef000000|100%| O|  |TAMS 0x00000000ee000000, 0x00000000ee000000| Untracked 
| 109|0x00000000ef000000, 0x00000000f0000000, 0x00000000f0000000|100%| O|  |TAMS 0x00000000ef000000, 0x00000000ef000000| Untracked 
| 110|0x00000000f0000000, 0x00000000f1000000, 0x00000000f1000000|100%| O|  |TAMS 0x00000000f0000000, 0x00000000f0000000| Untracked 
| 111|0x00000000f1000000, 0x00000000f2000000, 0x00000000f2000000|100%| O|  |TAMS 0x00000000f1000000, 0x00000000f1000000| Untracked 
| 112|0x00000000f2000000, 0x00000000f3000000, 0x00000000f3000000|100%| O|  |TAMS 0x00000000f2000000, 0x00000000f2000000| Untracked 
| 113|0x00000000f3000000, 0x00000000f4000000, 0x00000000f4000000|100%| O|  |TAMS 0x00000000f3000000, 0x00000000f3000000| Untracked 
| 114|0x00000000f4000000, 0x00000000f5000000, 0x00000000f5000000|100%| O|  |TAMS 0x00000000f4000000, 0x00000000f4000000| Untracked 
| 115|0x00000000f5000000, 0x00000000f6000000, 0x00000000f6000000|100%| O|  |TAMS 0x00000000f5000000, 0x00000000f5000000| Untracked 
| 116|0x00000000f6000000, 0x00000000f7000000, 0x00000000f7000000|100%| O|  |TAMS 0x00000000f6000000, 0x00000000f6000000| Untracked 
| 117|0x00000000f7000000, 0x00000000f8000000, 0x00000000f8000000|100%| O|  |TAMS 0x00000000f7000000, 0x00000000f7000000| Untracked 
| 118|0x00000000f8000000, 0x00000000f9000000, 0x00000000f9000000|100%| O|  |TAMS 0x00000000f8000000, 0x00000000f8000000| Untracked 
| 119|0x00000000f9000000, 0x00000000fa000000, 0x00000000fa000000|100%| O|  |TAMS 0x00000000f9000000, 0x00000000f9000000| Untracked 
| 120|0x00000000fa000000, 0x00000000fb000000, 0x00000000fb000000|100%| O|  |TAMS 0x00000000fa000000, 0x00000000fa000000| Untracked 
| 121|0x00000000fb000000, 0x00000000fc000000, 0x00000000fc000000|100%| O|  |TAMS 0x00000000fb000000, 0x00000000fb000000| Untracked 
| 122|0x00000000fc000000, 0x00000000fcd3ca00, 0x00000000fd000000| 82%| O|  |TAMS 0x00000000fc000000, 0x00000000fc000000| Untracked 
| 123|0x00000000fd000000, 0x00000000fd000000, 0x00000000fe000000|  0%| F|  |TAMS 0x00000000fd000000, 0x00000000fd000000| Untracked 
| 124|0x00000000fe000000, 0x00000000fe000000, 0x00000000ff000000|  0%| F|  |TAMS 0x00000000fe000000, 0x00000000fe000000| Untracked 
| 125|0x00000000ff000000, 0x00000000ff000000, 0x0000000100000000|  0%| F|  |TAMS 0x00000000ff000000, 0x00000000ff000000| Untracked 
| 126|0x0000000100000000, 0x0000000100000000, 0x0000000101000000|  0%| F|  |TAMS 0x0000000100000000, 0x0000000100000000| Untracked 
| 127|0x0000000101000000, 0x0000000101000000, 0x0000000102000000|  0%| F|  |TAMS 0x0000000101000000, 0x0000000101000000| Untracked 
| 128|0x0000000102000000, 0x0000000102000000, 0x0000000103000000|  0%| F|  |TAMS 0x0000000102000000, 0x0000000102000000| Untracked 
| 129|0x0000000103000000, 0x0000000103000000, 0x0000000104000000|  0%| F|  |TAMS 0x0000000103000000, 0x0000000103000000| Untracked 
| 130|0x0000000104000000, 0x0000000104000000, 0x0000000105000000|  0%| F|  |TAMS 0x0000000104000000, 0x0000000104000000| Untracked 
| 131|0x0000000105000000, 0x0000000105000000, 0x0000000106000000|  0%| F|  |TAMS 0x0000000105000000, 0x0000000105000000| Untracked 
| 132|0x0000000106000000, 0x0000000106000000, 0x0000000107000000|  0%| F|  |TAMS 0x0000000106000000, 0x0000000106000000| Untracked 
| 133|0x0000000107000000, 0x0000000107000000, 0x0000000108000000|  0%| F|  |TAMS 0x0000000107000000, 0x0000000107000000| Untracked 
| 134|0x0000000108000000, 0x0000000108000000, 0x0000000109000000|  0%| F|  |TAMS 0x0000000108000000, 0x0000000108000000| Untracked 
| 135|0x0000000109000000, 0x0000000109000000, 0x000000010a000000|  0%| F|  |TAMS 0x0000000109000000, 0x0000000109000000| Untracked 
| 136|0x000000010a000000, 0x000000010a000000, 0x000000010b000000|  0%| F|  |TAMS 0x000000010a000000, 0x000000010a000000| Untracked 
| 137|0x000000010b000000, 0x000000010b000000, 0x000000010c000000|  0%| F|  |TAMS 0x000000010b000000, 0x000000010b000000| Untracked 
| 138|0x000000010c000000, 0x000000010c000000, 0x000000010d000000|  0%| F|  |TAMS 0x000000010c000000, 0x000000010c000000| Untracked 
| 139|0x000000010d000000, 0x000000010d000000, 0x000000010e000000|  0%| F|  |TAMS 0x000000010d000000, 0x000000010d000000| Untracked 
| 140|0x000000010e000000, 0x000000010e000000, 0x000000010f000000|  0%| F|  |TAMS 0x000000010e000000, 0x000000010e000000| Untracked 
| 141|0x000000010f000000, 0x000000010f000000, 0x0000000110000000|  0%| F|  |TAMS 0x000000010f000000, 0x000000010f000000| Untracked 
| 142|0x0000000110000000, 0x0000000110000000, 0x0000000111000000|  0%| F|  |TAMS 0x0000000110000000, 0x0000000110000000| Untracked 
| 143|0x0000000111000000, 0x0000000111000000, 0x0000000112000000|  0%| F|  |TAMS 0x0000000111000000, 0x0000000111000000| Untracked 
| 144|0x0000000112000000, 0x0000000112000000, 0x0000000113000000|  0%| F|  |TAMS 0x0000000112000000, 0x0000000112000000| Untracked 
| 145|0x0000000113000000, 0x0000000113000000, 0x0000000114000000|  0%| F|  |TAMS 0x0000000113000000, 0x0000000113000000| Untracked 
| 146|0x0000000114000000, 0x0000000114000000, 0x0000000115000000|  0%| F|  |TAMS 0x0000000114000000, 0x0000000114000000| Untracked 
| 147|0x0000000115000000, 0x0000000115000000, 0x0000000116000000|  0%| F|  |TAMS 0x0000000115000000, 0x0000000115000000| Untracked 
| 148|0x0000000116000000, 0x0000000116000000, 0x0000000117000000|  0%| F|  |TAMS 0x0000000116000000, 0x0000000116000000| Untracked 
| 149|0x0000000117000000, 0x0000000117000000, 0x0000000118000000|  0%| F|  |TAMS 0x0000000117000000, 0x0000000117000000| Untracked 
| 150|0x0000000118000000, 0x0000000118000000, 0x0000000119000000|  0%| F|  |TAMS 0x0000000118000000, 0x0000000118000000| Untracked 
| 151|0x0000000119000000, 0x0000000119000000, 0x000000011a000000|  0%| F|  |TAMS 0x0000000119000000, 0x0000000119000000| Untracked 
| 152|0x000000011a000000, 0x000000011a000000, 0x000000011b000000|  0%| F|  |TAMS 0x000000011a000000, 0x000000011a000000| Untracked 
| 153|0x000000011b000000, 0x000000011b000000, 0x000000011c000000|  0%| F|  |TAMS 0x000000011b000000, 0x000000011b000000| Untracked 
| 154|0x000000011c000000, 0x000000011c000000, 0x000000011d000000|  0%| F|  |TAMS 0x000000011c000000, 0x000000011c000000| Untracked 
| 155|0x000000011d000000, 0x000000011d000000, 0x000000011e000000|  0%| F|  |TAMS 0x000000011d000000, 0x000000011d000000| Untracked 
| 156|0x000000011e000000, 0x000000011e000000, 0x000000011f000000|  0%| F|  |TAMS 0x000000011e000000, 0x000000011e000000| Untracked 
| 157|0x000000011f000000, 0x000000011f000000, 0x0000000120000000|  0%| F|  |TAMS 0x000000011f000000, 0x000000011f000000| Untracked 
| 158|0x0000000120000000, 0x0000000120000000, 0x0000000121000000|  0%| F|  |TAMS 0x0000000120000000, 0x0000000120000000| Untracked 
| 159|0x0000000121000000, 0x0000000121000000, 0x0000000122000000|  0%| F|  |TAMS 0x0000000121000000, 0x0000000121000000| Untracked 
| 160|0x0000000122000000, 0x0000000122000000, 0x0000000123000000|  0%| F|  |TAMS 0x0000000122000000, 0x0000000122000000| Untracked 
| 161|0x0000000123000000, 0x0000000123000000, 0x0000000124000000|  0%| F|  |TAMS 0x0000000123000000, 0x0000000123000000| Untracked 
| 162|0x0000000124000000, 0x0000000124000000, 0x0000000125000000|  0%| F|  |TAMS 0x0000000124000000, 0x0000000124000000| Untracked 
| 163|0x0000000125000000, 0x0000000125000000, 0x0000000126000000|  0%| F|  |TAMS 0x0000000125000000, 0x0000000125000000| Untracked 
| 164|0x0000000126000000, 0x0000000126000000, 0x0000000127000000|  0%| F|  |TAMS 0x0000000126000000, 0x0000000126000000| Untracked 
| 165|0x0000000127000000, 0x0000000127000000, 0x0000000128000000|  0%| F|  |TAMS 0x0000000127000000, 0x0000000127000000| Untracked 
| 166|0x0000000128000000, 0x0000000128000000, 0x0000000129000000|  0%| F|  |TAMS 0x0000000128000000, 0x0000000128000000| Untracked 
| 167|0x0000000129000000, 0x0000000129000000, 0x000000012a000000|  0%| F|  |TAMS 0x0000000129000000, 0x0000000129000000| Untracked 
| 168|0x000000012a000000, 0x000000012a000000, 0x000000012b000000|  0%| F|  |TAMS 0x000000012a000000, 0x000000012a000000| Untracked 
| 169|0x000000012b000000, 0x000000012b000000, 0x000000012c000000|  0%| F|  |TAMS 0x000000012b000000, 0x000000012b000000| Untracked 
| 170|0x000000012c000000, 0x000000012c000000, 0x000000012d000000|  0%| F|  |TAMS 0x000000012c000000, 0x000000012c000000| Untracked 
| 171|0x000000012d000000, 0x000000012d000000, 0x000000012e000000|  0%| F|  |TAMS 0x000000012d000000, 0x000000012d000000| Untracked 
| 172|0x000000012e000000, 0x000000012e000000, 0x000000012f000000|  0%| F|  |TAMS 0x000000012e000000, 0x000000012e000000| Untracked 
| 173|0x000000012f000000, 0x000000012f000000, 0x0000000130000000|  0%| F|  |TAMS 0x000000012f000000, 0x000000012f000000| Untracked 
| 174|0x0000000130000000, 0x0000000130000000, 0x0000000131000000|  0%| F|  |TAMS 0x0000000130000000, 0x0000000130000000| Untracked 
| 175|0x0000000131000000, 0x0000000131000000, 0x0000000132000000|  0%| F|  |TAMS 0x0000000131000000, 0x0000000131000000| Untracked 
| 176|0x0000000132000000, 0x0000000132000000, 0x0000000133000000|  0%| F|  |TAMS 0x0000000132000000, 0x0000000132000000| Untracked 
| 177|0x0000000133000000, 0x0000000133000000, 0x0000000134000000|  0%| F|  |TAMS 0x0000000133000000, 0x0000000133000000| Untracked 
| 178|0x0000000134000000, 0x0000000134000000, 0x0000000135000000|  0%| F|  |TAMS 0x0000000134000000, 0x0000000134000000| Untracked 
| 179|0x0000000135000000, 0x0000000135000000, 0x0000000136000000|  0%| F|  |TAMS 0x0000000135000000, 0x0000000135000000| Untracked 
| 180|0x0000000136000000, 0x0000000136000000, 0x0000000137000000|  0%| F|  |TAMS 0x0000000136000000, 0x0000000136000000| Untracked 
| 181|0x0000000137000000, 0x0000000137000000, 0x0000000138000000|  0%| F|  |TAMS 0x0000000137000000, 0x0000000137000000| Untracked 
| 182|0x0000000138000000, 0x0000000138000000, 0x0000000139000000|  0%| F|  |TAMS 0x0000000138000000, 0x0000000138000000| Untracked 
| 183|0x0000000139000000, 0x0000000139000000, 0x000000013a000000|  0%| F|  |TAMS 0x0000000139000000, 0x0000000139000000| Untracked 
| 184|0x000000013a000000, 0x000000013a000000, 0x000000013b000000|  0%| F|  |TAMS 0x000000013a000000, 0x000000013a000000| Untracked 
| 185|0x000000013b000000, 0x000000013b000000, 0x000000013c000000|  0%| F|  |TAMS 0x000000013b000000, 0x000000013b000000| Untracked 
| 186|0x000000013c000000, 0x000000013c000000, 0x000000013d000000|  0%| F|  |TAMS 0x000000013c000000, 0x000000013c000000| Untracked 
| 187|0x000000013d000000, 0x000000013d000000, 0x000000013e000000|  0%| F|  |TAMS 0x000000013d000000, 0x000000013d000000| Untracked 
| 188|0x000000013e000000, 0x000000013e000000, 0x000000013f000000|  0%| F|  |TAMS 0x000000013e000000, 0x000000013e000000| Untracked 
| 189|0x000000013f000000, 0x000000013f000000, 0x0000000140000000|  0%| F|  |TAMS 0x000000013f000000, 0x000000013f000000| Untracked 
| 190|0x0000000140000000, 0x0000000140000000, 0x0000000141000000|  0%| F|  |TAMS 0x0000000140000000, 0x0000000140000000| Untracked 
| 191|0x0000000141000000, 0x0000000142000000, 0x0000000142000000|100%| S|CS|TAMS 0x0000000141000000, 0x0000000141000000| Complete 
| 192|0x0000000142000000, 0x0000000143000000, 0x0000000143000000|100%| S|CS|TAMS 0x0000000142000000, 0x0000000142000000| Complete 
| 193|0x0000000143000000, 0x0000000144000000, 0x0000000144000000|100%| S|CS|TAMS 0x0000000143000000, 0x0000000143000000| Complete 
| 194|0x0000000144000000, 0x0000000145000000, 0x0000000145000000|100%| S|CS|TAMS 0x0000000144000000, 0x0000000144000000| Complete 
| 195|0x0000000145000000, 0x0000000146000000, 0x0000000146000000|100%| S|CS|TAMS 0x0000000145000000, 0x0000000145000000| Complete 
| 196|0x0000000146000000, 0x0000000146000000, 0x0000000147000000|  0%| F|  |TAMS 0x0000000146000000, 0x0000000146000000| Untracked 
| 197|0x0000000147000000, 0x0000000147000000, 0x0000000148000000|  0%| F|  |TAMS 0x0000000147000000, 0x0000000147000000| Untracked 
| 198|0x0000000148000000, 0x0000000148000000, 0x0000000149000000|  0%| F|  |TAMS 0x0000000148000000, 0x0000000148000000| Untracked 
| 199|0x0000000149000000, 0x0000000149000000, 0x000000014a000000|  0%| F|  |TAMS 0x0000000149000000, 0x0000000149000000| Untracked 
| 200|0x000000014a000000, 0x000000014a000000, 0x000000014b000000|  0%| F|  |TAMS 0x000000014a000000, 0x000000014a000000| Untracked 
| 201|0x000000014b000000, 0x000000014b000000, 0x000000014c000000|  0%| F|  |TAMS 0x000000014b000000, 0x000000014b000000| Untracked 
| 202|0x000000014c000000, 0x000000014c000000, 0x000000014d000000|  0%| F|  |TAMS 0x000000014c000000, 0x000000014c000000| Untracked 
| 203|0x000000014d000000, 0x000000014d000000, 0x000000014e000000|  0%| F|  |TAMS 0x000000014d000000, 0x000000014d000000| Untracked 
| 204|0x000000014e000000, 0x000000014e000000, 0x000000014f000000|  0%| F|  |TAMS 0x000000014e000000, 0x000000014e000000| Untracked 
| 205|0x000000014f000000, 0x0000000150000000, 0x0000000150000000|100%| S|CS|TAMS 0x000000014f000000, 0x000000014f000000| Complete 
| 206|0x0000000150000000, 0x0000000151000000, 0x0000000151000000|100%| S|CS|TAMS 0x0000000150000000, 0x0000000150000000| Complete 
| 207|0x0000000151000000, 0x0000000152000000, 0x0000000152000000|100%| S|CS|TAMS 0x0000000151000000, 0x0000000151000000| Complete 
| 208|0x0000000152000000, 0x0000000153000000, 0x0000000153000000|100%| S|CS|TAMS 0x0000000152000000, 0x0000000152000000| Complete 
| 209|0x0000000153000000, 0x0000000153000000, 0x0000000154000000|  0%| F|  |TAMS 0x0000000153000000, 0x0000000153000000| Untracked 
| 210|0x0000000154000000, 0x0000000154000000, 0x0000000155000000|  0%| F|  |TAMS 0x0000000154000000, 0x0000000154000000| Untracked 
| 211|0x0000000155000000, 0x0000000155000000, 0x0000000156000000|  0%| F|  |TAMS 0x0000000155000000, 0x0000000155000000| Untracked 
| 212|0x0000000156000000, 0x0000000156000000, 0x0000000157000000|  0%| F|  |TAMS 0x0000000156000000, 0x0000000156000000| Untracked 
| 213|0x0000000157000000, 0x0000000157000000, 0x0000000158000000|  0%| F|  |TAMS 0x0000000157000000, 0x0000000157000000| Untracked 
| 214|0x0000000158000000, 0x0000000158000000, 0x0000000159000000|  0%| F|  |TAMS 0x0000000158000000, 0x0000000158000000| Untracked 
| 215|0x0000000159000000, 0x0000000159000000, 0x000000015a000000|  0%| F|  |TAMS 0x0000000159000000, 0x0000000159000000| Untracked 
| 216|0x000000015a000000, 0x000000015a000000, 0x000000015b000000|  0%| F|  |TAMS 0x000000015a000000, 0x000000015a000000| Untracked 
| 217|0x000000015b000000, 0x000000015b000000, 0x000000015c000000|  0%| F|  |TAMS 0x000000015b000000, 0x000000015b000000| Untracked 
| 218|0x000000015c000000, 0x000000015c000000, 0x000000015d000000|  0%| F|  |TAMS 0x000000015c000000, 0x000000015c000000| Untracked 
| 219|0x000000015d000000, 0x000000015d000000, 0x000000015e000000|  0%| F|  |TAMS 0x000000015d000000, 0x000000015d000000| Untracked 
| 220|0x000000015e000000, 0x000000015e000000, 0x000000015f000000|  0%| F|  |TAMS 0x000000015e000000, 0x000000015e000000| Untracked 
| 221|0x000000015f000000, 0x000000015f000000, 0x0000000160000000|  0%| F|  |TAMS 0x000000015f000000, 0x000000015f000000| Untracked 
| 222|0x0000000160000000, 0x0000000160000000, 0x0000000161000000|  0%| F|  |TAMS 0x0000000160000000, 0x0000000160000000| Untracked 
| 223|0x0000000161000000, 0x0000000161000000, 0x0000000162000000|  0%| F|  |TAMS 0x0000000161000000, 0x0000000161000000| Untracked 
| 224|0x0000000162000000, 0x0000000162000000, 0x0000000163000000|  0%| F|  |TAMS 0x0000000162000000, 0x0000000162000000| Untracked 
| 225|0x0000000163000000, 0x0000000163000000, 0x0000000164000000|  0%| F|  |TAMS 0x0000000163000000, 0x0000000163000000| Untracked 
| 226|0x0000000164000000, 0x0000000164000000, 0x0000000165000000|  0%| F|  |TAMS 0x0000000164000000, 0x0000000164000000| Untracked 
| 227|0x0000000165000000, 0x0000000165000000, 0x0000000166000000|  0%| F|  |TAMS 0x0000000165000000, 0x0000000165000000| Untracked 
| 228|0x0000000166000000, 0x0000000166000000, 0x0000000167000000|  0%| F|  |TAMS 0x0000000166000000, 0x0000000166000000| Untracked 
| 229|0x0000000167000000, 0x0000000167000000, 0x0000000168000000|  0%| F|  |TAMS 0x0000000167000000, 0x0000000167000000| Untracked 
| 230|0x0000000168000000, 0x0000000168000000, 0x0000000169000000|  0%| F|  |TAMS 0x0000000168000000, 0x0000000168000000| Untracked 
| 231|0x0000000169000000, 0x0000000169000000, 0x000000016a000000|  0%| F|  |TAMS 0x0000000169000000, 0x0000000169000000| Untracked 
| 232|0x000000016a000000, 0x000000016a000000, 0x000000016b000000|  0%| F|  |TAMS 0x000000016a000000, 0x000000016a000000| Untracked 
| 233|0x000000016b000000, 0x000000016b000000, 0x000000016c000000|  0%| F|  |TAMS 0x000000016b000000, 0x000000016b000000| Untracked 
| 234|0x000000016c000000, 0x000000016c000000, 0x000000016d000000|  0%| F|  |TAMS 0x000000016c000000, 0x000000016c000000| Untracked 
| 235|0x000000016d000000, 0x000000016d000000, 0x000000016e000000|  0%| F|  |TAMS 0x000000016d000000, 0x000000016d000000| Untracked 
| 236|0x000000016e000000, 0x000000016e000000, 0x000000016f000000|  0%| F|  |TAMS 0x000000016e000000, 0x000000016e000000| Untracked 
| 237|0x000000016f000000, 0x000000016f000000, 0x0000000170000000|  0%| F|  |TAMS 0x000000016f000000, 0x000000016f000000| Untracked 
| 238|0x0000000170000000, 0x0000000170000000, 0x0000000171000000|  0%| F|  |TAMS 0x0000000170000000, 0x0000000170000000| Untracked 
| 239|0x0000000171000000, 0x0000000171000000, 0x0000000172000000|  0%| F|  |TAMS 0x0000000171000000, 0x0000000171000000| Untracked 
| 240|0x0000000172000000, 0x0000000172000000, 0x0000000173000000|  0%| F|  |TAMS 0x0000000172000000, 0x0000000172000000| Untracked 
| 241|0x0000000173000000, 0x0000000173000000, 0x0000000174000000|  0%| F|  |TAMS 0x0000000173000000, 0x0000000173000000| Untracked 
| 242|0x0000000174000000, 0x0000000174000000, 0x0000000175000000|  0%| F|  |TAMS 0x0000000174000000, 0x0000000174000000| Untracked 
| 243|0x0000000175000000, 0x0000000175000000, 0x0000000176000000|  0%| F|  |TAMS 0x0000000175000000, 0x0000000175000000| Untracked 
| 244|0x0000000176000000, 0x0000000176000000, 0x0000000177000000|  0%| F|  |TAMS 0x0000000176000000, 0x0000000176000000| Untracked 
| 245|0x0000000177000000, 0x0000000177000000, 0x0000000178000000|  0%| F|  |TAMS 0x0000000177000000, 0x0000000177000000| Untracked 
| 246|0x0000000178000000, 0x0000000178000000, 0x0000000179000000|  0%| F|  |TAMS 0x0000000178000000, 0x0000000178000000| Untracked 
| 247|0x0000000179000000, 0x0000000179000000, 0x000000017a000000|  0%| F|  |TAMS 0x0000000179000000, 0x0000000179000000| Untracked 
| 248|0x000000017a000000, 0x000000017a000000, 0x000000017b000000|  0%| F|  |TAMS 0x000000017a000000, 0x000000017a000000| Untracked 
| 249|0x000000017b000000, 0x000000017b000000, 0x000000017c000000|  0%| F|  |TAMS 0x000000017b000000, 0x000000017b000000| Untracked 
| 250|0x000000017c000000, 0x000000017c000000, 0x000000017d000000|  0%| F|  |TAMS 0x000000017c000000, 0x000000017c000000| Untracked 
| 251|0x000000017d000000, 0x000000017d000000, 0x000000017e000000|  0%| F|  |TAMS 0x000000017d000000, 0x000000017d000000| Untracked 
| 252|0x000000017e000000, 0x000000017e000000, 0x000000017f000000|  0%| F|  |TAMS 0x000000017e000000, 0x000000017e000000| Untracked 
| 253|0x000000017f000000, 0x000000017f000000, 0x0000000180000000|  0%| F|  |TAMS 0x000000017f000000, 0x000000017f000000| Untracked 
| 254|0x0000000180000000, 0x0000000180000000, 0x0000000181000000|  0%| F|  |TAMS 0x0000000180000000, 0x0000000180000000| Untracked 
| 255|0x0000000181000000, 0x0000000181000000, 0x0000000182000000|  0%| F|  |TAMS 0x0000000181000000, 0x0000000181000000| Untracked 
| 256|0x0000000182000000, 0x0000000182000000, 0x0000000183000000|  0%| F|  |TAMS 0x0000000182000000, 0x0000000182000000| Untracked 
| 257|0x0000000183000000, 0x0000000183000000, 0x0000000184000000|  0%| F|  |TAMS 0x0000000183000000, 0x0000000183000000| Untracked 
| 258|0x0000000184000000, 0x0000000184000000, 0x0000000185000000|  0%| F|  |TAMS 0x0000000184000000, 0x0000000184000000| Untracked 
| 259|0x0000000185000000, 0x0000000185000000, 0x0000000186000000|  0%| F|  |TAMS 0x0000000185000000, 0x0000000185000000| Untracked 
| 260|0x0000000186000000, 0x0000000186000000, 0x0000000187000000|  0%| F|  |TAMS 0x0000000186000000, 0x0000000186000000| Untracked 
| 261|0x0000000187000000, 0x0000000187000000, 0x0000000188000000|  0%| F|  |TAMS 0x0000000187000000, 0x0000000187000000| Untracked 
| 262|0x0000000188000000, 0x0000000188000000, 0x0000000189000000|  0%| F|  |TAMS 0x0000000188000000, 0x0000000188000000| Untracked 
| 263|0x0000000189000000, 0x0000000189000000, 0x000000018a000000|  0%| F|  |TAMS 0x0000000189000000, 0x0000000189000000| Untracked 
| 264|0x000000018a000000, 0x000000018a000000, 0x000000018b000000|  0%| F|  |TAMS 0x000000018a000000, 0x000000018a000000| Untracked 
| 265|0x000000018b000000, 0x000000018b000000, 0x000000018c000000|  0%| F|  |TAMS 0x000000018b000000, 0x000000018b000000| Untracked 
| 266|0x000000018c000000, 0x000000018c000000, 0x000000018d000000|  0%| F|  |TAMS 0x000000018c000000, 0x000000018c000000| Untracked 
| 267|0x000000018d000000, 0x000000018d000000, 0x000000018e000000|  0%| F|  |TAMS 0x000000018d000000, 0x000000018d000000| Untracked 
| 268|0x000000018e000000, 0x000000018e000000, 0x000000018f000000|  0%| F|  |TAMS 0x000000018e000000, 0x000000018e000000| Untracked 
| 269|0x000000018f000000, 0x000000018f000000, 0x0000000190000000|  0%| F|  |TAMS 0x000000018f000000, 0x000000018f000000| Untracked 
| 270|0x0000000190000000, 0x0000000190000000, 0x0000000191000000|  0%| F|  |TAMS 0x0000000190000000, 0x0000000190000000| Untracked 
| 271|0x0000000191000000, 0x0000000191000000, 0x0000000192000000|  0%| F|  |TAMS 0x0000000191000000, 0x0000000191000000| Untracked 
|1916|0x00000007fe000000, 0x00000007fef75000, 0x00000007ff000000| 96%|OA|  |TAMS 0x00000007fe000000, 0x00000007fe000000| Untracked 
|1917|0x00000007ff000000, 0x00000007ff078000, 0x0000000800000000|  2%|CA|  |TAMS 0x00000007ff000000, 0x00000007ff000000| Untracked 

Card table byte_map: [0x00007fd524620000,0x00007fd528210000] _byte_map_base: 0x00007fd524210000

Marking Bits (Prev, Next): (CMBitMap*) 0x00007fd544068b50, (CMBitMap*) 0x00007fd544068b90
 Prev Bits: [0x00007fd502ab0000, 0x00007fd520a30000)
 Next Bits: [0x00007fd4e4b30000, 0x00007fd502ab0000)

Polling page: 0x00007fd54a8fb000

Metaspace:

Usage:
  Non-class:      7.98 MB used.
      Class:    976.02 KB used.
       Both:      8.93 MB used.

Virtual space:
  Non-class space:       64.00 MB reserved,       8.12 MB ( 13%) committed,  1 nodes.
      Class space:        1.00 GB reserved,       1.12 MB ( <1%) committed,  1 nodes.
             Both:        1.06 GB reserved,       9.25 MB ( <1%) committed. 

Chunk freelists:
   Non-Class:  7.59 MB
       Class:  14.91 MB
        Both:  22.50 MB

MaxMetaspaceSize: unlimited
CompressedClassSpaceSize: 1.00 GB
Initial GC threshold: 21.00 MB
Current GC threshold: 21.00 MB
CDS: on
MetaspaceReclaimPolicy: balanced
 - commit_granule_bytes: 65536.
 - commit_granule_words: 8192.
 - virtual_space_node_default_size: 8388608.
 - enlarge_chunks_in_place: 1.
 - new_chunks_are_fully_committed: 0.
 - uncommit_free_chunks: 1.
 - use_allocation_guard: 0.
 - handle_deallocations: 1.


Internal statistics:

num_allocs_failed_limit: 0.
num_arena_births: 310.
num_arena_deaths: 0.
num_vsnodes_births: 2.
num_vsnodes_deaths: 0.
num_space_committed: 148.
num_space_uncommitted: 0.
num_chunks_returned_to_freelist: 0.
num_chunks_taken_from_freelist: 672.
num_chunk_merges: 0.
num_chunk_splits: 354.
num_chunks_enlarged: 131.
num_inconsistent_stats: 0.

CodeHeap 'non-profiled nmethods': size=119168Kb used=2262Kb max_used=2985Kb free=116905Kb
 bounds [0x00007fd534d8b000, 0x00007fd53507b000, 0x00007fd53c1eb000]
CodeHeap 'profiled nmethods': size=119164Kb used=4904Kb max_used=6992Kb free=114260Kb
 bounds [0x00007fd52d1eb000, 0x00007fd52d8cb000, 0x00007fd53464a000]
CodeHeap 'non-nmethods': size=7428Kb used=1182Kb max_used=2941Kb free=6245Kb
 bounds [0x00007fd53464a000, 0x00007fd53493a000, 0x00007fd534d8b000]
 total_blobs=3142 nmethods=2668 adapters=387
 compilation: enabled
              stopped_count=0, restarted_count=0
 full_count=0

Compilation events (20 events):
Event: 43.042 Thread 0x00007fd54421dec0 3258       3       java.lang.Long::getChars (208 bytes)
Event: 43.042 Thread 0x00007fd54421dec0 nmethod 3258 0x00007fd52d2a0e10 code [0x00007fd52d2a1000, 0x00007fd52d2a15b0]
Event: 43.042 Thread 0x00007fd54421dec0 3259       3       java.lang.StringBuilder::append (8 bytes)
Event: 43.042 Thread 0x00007fd54421dec0 nmethod 3259 0x00007fd52d1fa190 code [0x00007fd52d1fa340, 0x00007fd52d1fa480]
Event: 43.042 Thread 0x00007fd54421dec0 3260       3       java.lang.AbstractStringBuilder::append (60 bytes)
Event: 43.042 Thread 0x00007fd54421dec0 nmethod 3260 0x00007fd52d483090 code [0x00007fd52d483280, 0x00007fd52d4835b0]
Event: 43.043 Thread 0x00007fd54421c990 3261       4       java.lang.Long::stringSize (55 bytes)
Event: 43.044 Thread 0x00007fd54421c990 nmethod 3261 0x00007fd534f9a390 code [0x00007fd534f9a520, 0x00007fd534f9a6f8]
Event: 43.044 Thread 0x00007fd54421c990 3264       4       java.lang.Long::getChars (208 bytes)
Event: 43.046 Thread 0x00007fd54421c990 nmethod 3264 0x00007fd534fe2f10 code [0x00007fd534fe30a0, 0x00007fd534fe3398]
Event: 43.046 Thread 0x00007fd54421c990 3262       4       java.lang.StringBuilder::append (8 bytes)
Event: 43.052 Thread 0x00007fd54421c990 nmethod 3262 0x00007fd534e4ad90 code [0x00007fd534e4af40, 0x00007fd534e4b9b8]
Event: 43.052 Thread 0x00007fd54421c990 3263       4       java.lang.AbstractStringBuilder::append (60 bytes)
Event: 43.053 Thread 0x00007fd54421dec0 3265 % !   3       org.apache.commons.beanutils.memoryleaktests.MemoryLeakTestCase::forceGarbageCollection @ 43 (249 bytes)
Event: 43.054 Thread 0x00007fd54421dec0 nmethod 3265% 0x00007fd52d2b6e90 code [0x00007fd52d2b7460, 0x00007fd52d2b9d90]
Event: 43.054 Thread 0x00007fd54421dec0 3266   !   3       org.apache.commons.beanutils.memoryleaktests.MemoryLeakTestCase::forceGarbageCollection (249 bytes)
Event: 43.055 Thread 0x00007fd54421dec0 nmethod 3266 0x00007fd52d41af10 code [0x00007fd52d41b4e0, 0x00007fd52d41dcb0]
Event: 43.073 Thread 0x00007fd54421c990 nmethod 3263 0x00007fd534e09e90 code [0x00007fd534e0a040, 0x00007fd534e0ab58]
Event: 43.073 Thread 0x00007fd54421c990 3267 % !   4       org.apache.commons.beanutils.memoryleaktests.MemoryLeakTestCase::forceGarbageCollection @ 43 (249 bytes)
Event: 43.252 Thread 0x00007fd54421c990 nmethod 3267% 0x00007fd535068590 code [0x00007fd535068920, 0x00007fd53506a9a0]

GC Heap History (20 events):
Event: 27.164 GC heap after
{Heap after GC invocations=10 (full 0):
 garbage-first heap   total 2768896K, used 20723K [0x0000000082000000, 0x0000000800000000)
  region size 16384K, 1 young (16384K), 1 survivors (16384K)
 Metaspace       used 8952K, committed 9280K, reserved 1114112K
  class space    used 955K, committed 1152K, reserved 1048576K
}
Event: 27.646 GC heap before
{Heap before GC invocations=10 (full 0):
 garbage-first heap   total 2768896K, used 1659123K [0x0000000082000000, 0x0000000800000000)
  region size 16384K, 101 young (1654784K), 1 survivors (16384K)
 Metaspace       used 8952K, committed 9280K, reserved 1114112K
  class space    used 955K, committed 1152K, reserved 1048576K
}
Event: 27.738 GC heap after
{Heap after GC invocations=11 (full 0):
 garbage-first heap   total 2768896K, used 20688K [0x0000000082000000, 0x0000000800000000)
  region size 16384K, 1 young (16384K), 1 survivors (16384K)
 Metaspace       used 8952K, committed 9280K, reserved 1114112K
  class space    used 955K, committed 1152K, reserved 1048576K
}
Event: 32.992 GC heap before
{Heap before GC invocations=11 (full 0):
 garbage-first heap   total 2768896K, used 1659088K [0x0000000082000000, 0x0000000800000000)
  region size 16384K, 101 young (1654784K), 1 survivors (16384K)
 Metaspace       used 8991K, committed 9280K, reserved 1114112K
  class space    used 959K, committed 1152K, reserved 1048576K
}
Event: 33.010 GC heap after
{Heap after GC invocations=12 (full 0):
 garbage-first heap   total 2768896K, used 20733K [0x0000000082000000, 0x0000000800000000)
  region size 16384K, 1 young (16384K), 1 survivors (16384K)
 Metaspace       used 8991K, committed 9280K, reserved 1114112K
  class space    used 959K, committed 1152K, reserved 1048576K
}
Event: 33.590 GC heap before
{Heap before GC invocations=12 (full 0):
 garbage-first heap   total 2768896K, used 1659133K [0x0000000082000000, 0x0000000800000000)
  region size 16384K, 101 young (1654784K), 1 survivors (16384K)
 Metaspace       used 8991K, committed 9280K, reserved 1114112K
  class space    used 959K, committed 1152K, reserved 1048576K
}
Event: 33.613 GC heap after
{Heap after GC invocations=13 (full 0):
 garbage-first heap   total 2768896K, used 20730K [0x0000000082000000, 0x0000000800000000)
  region size 16384K, 1 young (16384K), 1 survivors (16384K)
 Metaspace       used 8991K, committed 9280K, reserved 1114112K
  class space    used 959K, committed 1152K, reserved 1048576K
}
Event: 36.454 GC heap before
{Heap before GC invocations=13 (full 0):
 garbage-first heap   total 2768896K, used 1659130K [0x0000000082000000, 0x0000000800000000)
  region size 16384K, 101 young (1654784K), 1 survivors (16384K)
 Metaspace       used 8992K, committed 9280K, reserved 1114112K
  class space    used 959K, committed 1152K, reserved 1048576K
}
Event: 36.500 GC heap after
{Heap after GC invocations=14 (full 0):
 garbage-first heap   total 4489216K, used 20749K [0x0000000082000000, 0x0000000800000000)
  region size 16384K, 1 young (16384K), 1 survivors (16384K)
 Metaspace       used 8992K, committed 9280K, reserved 1114112K
  class space    used 959K, committed 1152K, reserved 1048576K
}
Event: 43.087 GC heap before
{Heap before GC invocations=14 (full 0):
 garbage-first heap   total 4489216K, used 2691341K [0x0000000082000000, 0x0000000800000000)
  region size 16384K, 164 young (2686976K), 1 survivors (16384K)
 Metaspace       used 9148K, committed 9472K, reserved 1114112K
  class space    used 976K, committed 1152K, reserved 1048576K
}
Event: 43.219 GC heap after
{Heap after GC invocations=15 (full 0):
 garbage-first heap   total 4489216K, used 131776K [0x0000000082000000, 0x0000000800000000)
  region size 16384K, 8 young (131072K), 8 survivors (131072K)
 Metaspace       used 9148K, committed 9472K, reserved 1114112K
  class space    used 976K, committed 1152K, reserved 1048576K
}
Event: 43.596 GC heap before
{Heap before GC invocations=15 (full 0):
 garbage-first heap   total 4489216K, used 2736832K [0x0000000082000000, 0x0000000800000000)
  region size 16384K, 164 young (2686976K), 8 survivors (131072K)
 Metaspace       used 9148K, committed 9472K, reserved 1114112K
  class space    used 976K, committed 1152K, reserved 1048576K
}
Event: 44.085 GC heap after
{Heap after GC invocations=16 (full 0):
 garbage-first heap   total 4489216K, used 897387K [0x0000000082000000, 0x0000000800000000)
  region size 16384K, 21 young (344064K), 21 survivors (344064K)
 Metaspace       used 9148K, committed 9472K, reserved 1114112K
  class space    used 976K, committed 1152K, reserved 1048576K
}
Event: 44.326 GC heap before
{Heap before GC invocations=16 (full 0):
 garbage-first heap   total 4489216K, used 2257259K [0x0000000082000000, 0x0000000800000000)
  region size 16384K, 101 young (1654784K), 21 survivors (344064K)
 Metaspace       used 9148K, committed 9472K, reserved 1114112K
  class space    used 976K, committed 1152K, reserved 1048576K
}
Event: 44.697 GC heap after
{Heap after GC invocations=17 (full 0):
 garbage-first heap   total 4489216K, used 1338574K [0x0000000082000000, 0x0000000800000000)
  region size 16384K, 13 young (212992K), 13 survivors (212992K)
 Metaspace       used 9148K, committed 9472K, reserved 1114112K
  class space    used 976K, committed 1152K, reserved 1048576K
}
Event: 44.735 GC heap before
{Heap before GC invocations=17 (full 0):
 garbage-first heap   total 4489216K, used 1846478K [0x0000000082000000, 0x0000000800000000)
  region size 16384K, 44 young (720896K), 13 survivors (212992K)
 Metaspace       used 9148K, committed 9472K, reserved 1114112K
  class space    used 976K, committed 1152K, reserved 1048576K
}
Event: 44.917 GC heap after
{Heap after GC invocations=18 (full 0):
 garbage-first heap   total 4489216K, used 1533725K [0x0000000082000000, 0x0000000800000000)
  region size 16384K, 6 young (98304K), 6 survivors (98304K)
 Metaspace       used 9148K, committed 9472K, reserved 1114112K
  class space    used 976K, committed 1152K, reserved 1048576K
}
Event: 45.021 GC heap before
{Heap before GC invocations=18 (full 0):
 garbage-first heap   total 4489216K, used 2533149K [0x0000000082000000, 0x0000000800000000)
  region size 16384K, 67 young (1097728K), 6 survivors (98304K)
 Metaspace       used 9148K, committed 9472K, reserved 1114112K
  class space    used 976K, committed 1152K, reserved 1048576K
}
Event: 45.134 GC heap after
{Heap after GC invocations=19 (full 0):
 garbage-first heap   total 4489216K, used 1821980K [0x0000000082000000, 0x0000000800000000)
  region size 16384K, 9 young (147456K), 9 survivors (147456K)
 Metaspace       used 9148K, committed 9472K, reserved 1114112K
  class space    used 976K, committed 1152K, reserved 1048576K
}
Event: 45.235 GC heap before
{Heap before GC invocations=19 (full 0):
 garbage-first heap   total 4489216K, used 2919708K [0x0000000082000000, 0x0000000800000000)
  region size 16384K, 72 young (1179648K), 9 survivors (147456K)
 Metaspace       used 9148K, committed 9472K, reserved 1114112K
  class space    used 976K, committed 1152K, reserved 1048576K
}

Dll operation events (12 events):
Event: 0.007 Loaded shared library /sfs/gpfs/tardis/applications/202512/software/standard/core/java/17/lib/libjava.so
Event: 0.008 Loaded shared library /sfs/gpfs/tardis/applications/202512/software/standard/core/java/17/lib/libzip.so
Event: 0.044 Loaded shared library /sfs/gpfs/tardis/applications/202512/software/standard/core/java/17/lib/libjsvml.so
Event: 0.550 Loaded shared library /sfs/gpfs/tardis/applications/202512/software/standard/core/java/17/lib/libinstrument.so
Event: 0.613 Loaded shared library /sfs/gpfs/tardis/applications/202512/software/standard/core/java/17/lib/libnio.so
Event: 0.616 Loaded shared library /sfs/gpfs/tardis/applications/202512/software/standard/core/java/17/lib/libzip.so
Event: 0.670 Loaded shared library /sfs/gpfs/tardis/applications/202512/software/standard/core/java/17/lib/libjimage.so
Event: 0.989 Loaded shared library /sfs/gpfs/tardis/applications/202512/software/standard/core/java/17/lib/libverify.so
Event: 0.998 Loaded shared library /sfs/gpfs/tardis/applications/202512/software/standard/core/java/17/lib/libnet.so
Event: 1.010 Loaded shared library /sfs/gpfs/tardis/applications/202512/software/standard/core/java/17/lib/libextnet.so
Event: 1.024 Loaded shared library /sfs/gpfs/tardis/applications/202512/software/standard/core/java/17/lib/libmanagement.so
Event: 1.026 Loaded shared library /sfs/gpfs/tardis/applications/202512/software/standard/core/java/17/lib/libmanagement_ext.so

Deoptimization events (20 events):
Event: 39.094 Thread 0x00007fd5444c2470 DEOPT PACKING pc=0x00007fd534e35b88 sp=0x00007fd485debcd0
Event: 39.094 Thread 0x00007fd5444c2470 DEOPT UNPACKING pc=0x00007fd5346a3b19 sp=0x00007fd485debc70 mode 2
Event: 40.967 Thread 0x00007fd5444c2470 DEOPT PACKING pc=0x00007fd52d42961a sp=0x00007fd485debc10
Event: 40.967 Thread 0x00007fd5444c2470 DEOPT UNPACKING pc=0x00007fd5346a464f sp=0x00007fd485deb168 mode 0
Event: 41.744 Thread 0x00007fd5444c2470 Uncommon trap: trap_request=0xffffff45 fr.pc=0x00007fd534fe6ef8 relative=0x00000000000000d8
Event: 41.744 Thread 0x00007fd5444c2470 Uncommon trap: reason=unstable_if action=reinterpret pc=0x00007fd534fe6ef8 method=org.apache.commons.beanutils.BeanUtilsBenchCase.testCopyPropertiesBean()V @ 131 c2
Event: 41.744 Thread 0x00007fd5444c2470 DEOPT PACKING pc=0x00007fd534fe6ef8 sp=0x00007fd485debce0
Event: 41.744 Thread 0x00007fd5444c2470 DEOPT UNPACKING pc=0x00007fd5346a3b19 sp=0x00007fd485debc70 mode 2
Event: 42.809 Thread 0x00007fd5444c2470 DEOPT PACKING pc=0x00007fd52d78cc44 sp=0x00007fd485debc00
Event: 42.809 Thread 0x00007fd5444c2470 DEOPT UNPACKING pc=0x00007fd5346a464f sp=0x00007fd485deb168 mode 0
Event: 42.997 Thread 0x00007fd5444c2470 Uncommon trap: trap_request=0xffffff45 fr.pc=0x00007fd53506c188 relative=0x00000000000000e8
Event: 42.997 Thread 0x00007fd5444c2470 Uncommon trap: reason=unstable_if action=reinterpret pc=0x00007fd53506c188 method=org.apache.commons.beanutils.BeanUtilsBenchCase.testCopyPropertiesBean()V @ 172 c2
Event: 42.997 Thread 0x00007fd5444c2470 DEOPT PACKING pc=0x00007fd53506c188 sp=0x00007fd485debcd0
Event: 42.997 Thread 0x00007fd5444c2470 DEOPT UNPACKING pc=0x00007fd5346a3b19 sp=0x00007fd485debc70 mode 2
Event: 43.040 Thread 0x00007fd5444c2470 Uncommon trap: trap_request=0xffffff54 fr.pc=0x00007fd534ec393c relative=0x00000000000002fc
Event: 43.040 Thread 0x00007fd5444c2470 Uncommon trap: reason=speculate_null_assert action=make_not_entrant pc=0x00007fd534ec393c method=jdk.internal.loader.URLClassPath.getLoader(I)Ljdk/internal/loader/URLClassPath$Loader; @ 41 c2
Event: 43.040 Thread 0x00007fd5444c2470 DEOPT PACKING pc=0x00007fd534ec393c sp=0x00007fd485deb510
Event: 43.040 Thread 0x00007fd5444c2470 DEOPT UNPACKING pc=0x00007fd5346a3b19 sp=0x00007fd485deb4c0 mode 2
Event: 43.252 Thread 0x00007fd5444c2470 DEOPT PACKING pc=0x00007fd52d2b9668 sp=0x00007fd485deb850
Event: 43.252 Thread 0x00007fd5444c2470 DEOPT UNPACKING pc=0x00007fd5346a464f sp=0x00007fd485deae20 mode 0

Classes loaded (20 events):
Event: 43.038 Loading class org/apache/commons/beanutils/locale/converters/SqlDateLocaleConverter
Event: 43.038 Loading class org/apache/commons/beanutils/locale/converters/SqlDateLocaleConverter done
Event: 43.038 Loading class org/apache/commons/beanutils/locale/converters/DateLocaleConverter
Event: 43.038 Loading class org/apache/commons/beanutils/locale/converters/DateLocaleConverter done
Event: 43.038 Loading class org/apache/commons/beanutils/locale/converters/SqlTimeLocaleConverter
Event: 43.038 Loading class org/apache/commons/beanutils/locale/converters/SqlTimeLocaleConverter done
Event: 43.039 Loading class org/apache/commons/beanutils/locale/converters/SqlTimestampLocaleConverter
Event: 43.039 Loading class org/apache/commons/beanutils/locale/converters/SqlTimestampLocaleConverter done
Event: 43.040 Loading class java/net/URLClassLoader$5
Event: 43.040 Loading class java/net/URLClassLoader$5 done
Event: 43.040 Loading class java/net/FactoryURLClassLoader
Event: 43.040 Loading class java/net/FactoryURLClassLoader done
Event: 43.040 Loading class org/apache/commons/beanutils/memoryleaktests/pojotests/SomePojo
Event: 43.040 Loading class org/apache/commons/beanutils/memoryleaktests/pojotests/SomePojo done
Event: 43.040 Loading class java/net/URLClassLoader$1
Event: 43.040 Loading class java/net/URLClassLoader$1 done
Event: 43.041 Loading class java/io/FilePermissionCollection
Event: 43.041 Loading class java/io/FilePermissionCollection done
Event: 43.041 Loading class java/io/FilePermissionCollection$1
Event: 43.041 Loading class java/io/FilePermissionCollection$1 done

Classes unloaded (0 events):
No events

Classes redefined (1 events):
Event: 5.061 Thread 0x00007fd54420ec30 redefined class name=org.apache.commons.beanutils.WeakFastHashMap, count=1

Internal exceptions (20 events):
Event: 15.330 Thread 0x00007fd5444c2470 Exception <a 'java/lang/ClassNotFoundException'{0x00000000f7201550}: org/apache/commons/beanutils/AlphaBeanCustomizer> (0x00000000f7201550) 
thrown [src/hotspot/share/classfile/systemDictionary.cpp, line 256]
Event: 15.331 Thread 0x00007fd5444c2470 Exception <a 'java/lang/ClassNotFoundException'{0x00000000f7398e58}: org/apache/commons/beanutils/IndexedTestBeanBeanInfo> (0x00000000f7398e58) 
thrown [src/hotspot/share/classfile/systemDictionary.cpp, line 256]
Event: 15.332 Thread 0x00007fd5444c2470 Exception <a 'java/lang/ClassNotFoundException'{0x00000000f739c130}: org/apache/commons/beanutils/IndexedTestBeanCustomizer> (0x00000000f739c130) 
thrown [src/hotspot/share/classfile/systemDictionary.cpp, line 256]
Event: 15.332 Thread 0x00007fd5444c2470 Exception <a 'java/lang/ClassNotFoundException'{0x00000000f74742f8}: org/apache/commons/beanutils/bugs/other/Jira492IndexedListsSupport$IndexedBeanBeanInfo> (0x00000000f74742f8) 
thrown [src/hotspot/share/classfile/systemDictionary.cpp, line 256]
Event: 15.333 Thread 0x00007fd5444c2470 Exception <a 'java/lang/ClassNotFoundException'{0x00000000f7477e68}: org/apache/commons/beanutils/bugs/other/Jira492IndexedListsSupport$IndexedBeanCustomizer> (0x00000000f7477e68) 
thrown [src/hotspot/share/classfile/systemDictionary.cpp, line 256]
Event: 15.334 Thread 0x00007fd54444b310 Exception <a 'java/lang/ClassNotFoundException'{0x00000000f765c0b0}: org/apache/commons/beanutils/bugs/Jira157TestCase$1BeanInfo> (0x00000000f765c0b0) 
thrown [src/hotspot/share/classfile/systemDictionary.cpp, line 256]
Event: 15.335 Thread 0x00007fd54444b310 Exception <a 'java/lang/ClassNotFoundException'{0x00000000f765f480}: org/apache/commons/beanutils/bugs/Jira157TestCase$1Customizer> (0x00000000f765f480) 
thrown [src/hotspot/share/classfile/systemDictionary.cpp, line 256]
Event: 15.486 Thread 0x00007fd5444c2470 Exception <a 'java/lang/ClassNotFoundException'{0x00000000ff032600}: org/apache/commons/beanutils/bugs/Jira359TestCase$SimplePojoDataBeanInfo> (0x00000000ff032600) 
thrown [src/hotspot/share/classfile/systemDictionary.cpp, line 256]
Event: 15.486 Thread 0x00007fd5444c2470 Exception <a 'java/lang/ClassNotFoundException'{0x00000000ff035a88}: org/apache/commons/beanutils/bugs/Jira359TestCase$SimplePojoDataCustomizer> (0x00000000ff035a88) 
thrown [src/hotspot/share/classfile/systemDictionary.cpp, line 256]
Event: 15.688 Thread 0x00007fd54444b310 Exception <a 'java/lang/ClassNotFoundException'{0x00000000fbc48490}: org/apache/commons/beanutils/PrimitiveBeanBeanInfo> (0x00000000fbc48490) 
thrown [src/hotspot/share/classfile/systemDictionary.cpp, line 256]
Event: 15.688 Thread 0x00007fd54444b310 Exception <a 'java/lang/ClassNotFoundException'{0x00000000fbc4b788}: org/apache/commons/beanutils/PrimitiveBeanCustomizer> (0x00000000fbc4b788) 
thrown [src/hotspot/share/classfile/systemDictionary.cpp, line 256]
Event: 15.696 Thread 0x00007fd3f00017b0 Exception <a 'java/lang/NoClassDefFoundError'{0x00000000fa0087c8}: org/apache/log4j/Priority> (0x00000000fa0087c8) 
thrown [src/hotspot/share/classfile/systemDictionary.cpp, line 245]
Event: 16.404 Thread 0x00007fd5444c2470 Exception <a 'java/lang/ClassNotFoundException'{0x00000000e205a128}: org/apache/commons/beanutils/MappedPropertyTestBeanBeanInfo> (0x00000000e205a128) 
thrown [src/hotspot/share/classfile/systemDictionary.cpp, line 256]
Event: 16.404 Thread 0x00007fd5444c2470 Exception <a 'java/lang/ClassNotFoundException'{0x00000000e205d498}: org/apache/commons/beanutils/MappedPropertyTestBeanCustomizer> (0x00000000e205d498) 
thrown [src/hotspot/share/classfile/systemDictionary.cpp, line 256]
Event: 16.591 Thread 0x00007fd5444c2470 Exception <a 'java/lang/ClassNotFoundException'{0x00000000db62eb58}: org/apache/commons/beanutils/BenchBeanBeanInfo> (0x00000000db62eb58) 
thrown [src/hotspot/share/classfile/systemDictionary.cpp, line 256]
Event: 16.592 Thread 0x00007fd5444c2470 Exception <a 'java/lang/ClassNotFoundException'{0x00000000db631dc0}: org/apache/commons/beanutils/BenchBeanCustomizer> (0x00000000db631dc0) 
thrown [src/hotspot/share/classfile/systemDictionary.cpp, line 256]
Event: 17.781 Thread 0x00007fd5444c2470 Implicit null exception at 0x00007fd534fe30f7 to 0x00007fd534fe3324
Event: 17.788 Thread 0x00007fd5444c2470 Implicit null exception at 0x00007fd534fe4139 to 0x00007fd534fe4a04
Event: 18.153 Thread 0x00007fd54444b310 Implicit null exception at 0x00007fd534f9a577 to 0x00007fd534f9a6b4
Event: 23.115 Thread 0x00007fd5444c2470 Implicit null exception at 0x00007fd53501b24c to 0x00007fd53501d65c

VM Operations (20 events):
Event: 33.618 Executing VM operation: HandshakeAllThreads done
Event: 36.454 Executing VM operation: G1CollectForAllocation
Event: 36.500 Executing VM operation: G1CollectForAllocation done
Event: 43.003 Executing VM operation: HandshakeAllThreads
Event: 43.003 Executing VM operation: HandshakeAllThreads done
Event: 43.003 Executing VM operation: Cleanup
Event: 43.003 Executing VM operation: Cleanup done
Event: 43.017 Executing VM operation: HandshakeAllThreads
Event: 43.017 Executing VM operation: HandshakeAllThreads done
Event: 43.087 Executing VM operation: G1CollectForAllocation
Event: 43.219 Executing VM operation: G1CollectForAllocation done
Event: 43.596 Executing VM operation: G1CollectForAllocation
Event: 44.085 Executing VM operation: G1CollectForAllocation done
Event: 44.326 Executing VM operation: G1CollectForAllocation
Event: 44.697 Executing VM operation: G1CollectForAllocation done
Event: 44.735 Executing VM operation: G1CollectForAllocation
Event: 44.917 Executing VM operation: G1CollectForAllocation done
Event: 45.021 Executing VM operation: G1CollectForAllocation
Event: 45.134 Executing VM operation: G1CollectForAllocation done
Event: 45.235 Executing VM operation: G1CollectForAllocation

Memory protections (20 events):
Event: 16.722 Protecting memory [0x00007fd4857e9000,0x00007fd4857ed000] with protection modes 0
Event: 18.152 Protecting memory [0x00007fd485aec000,0x00007fd485af0000] with protection modes 0
Event: 19.290 Protecting memory [0x00007fd485aec000,0x00007fd485af0000] with protection modes 0
Event: 19.313 Protecting memory [0x00007fd485bed000,0x00007fd485bf1000] with protection modes 0
Event: 19.360 Protecting memory [0x00007fd485cee000,0x00007fd485cf2000] with protection modes 0
Event: 24.078 Protecting memory [0x00007fd485cee000,0x00007fd485cf2000] with protection modes 0
Event: 24.103 Protecting memory [0x00007fd485aec000,0x00007fd485af0000] with protection modes 0
Event: 25.605 Protecting memory [0x00007fd485cee000,0x00007fd485cf2000] with protection modes 0
Event: 25.613 Protecting memory [0x00007fd485aec000,0x00007fd485af0000] with protection modes 0
Event: 27.804 Protecting memory [0x00007fd485cee000,0x00007fd485cf2000] with protection modes 0
Event: 29.167 Protecting memory [0x00007fd485cee000,0x00007fd485cf2000] with protection modes 0
Event: 29.196 Protecting memory [0x00007fd485aec000,0x00007fd485af0000] with protection modes 0
Event: 29.238 Protecting memory [0x00007fd485bed000,0x00007fd485bf1000] with protection modes 0
Event: 29.323 Protecting memory [0x00007fd4d44c3000,0x00007fd4d44c7000] with protection modes 0
Event: 29.339 Protecting memory [0x00007fd4859eb000,0x00007fd4859ef000] with protection modes 0
Event: 29.368 Protecting memory [0x00007fd4d40bf000,0x00007fd4d40c3000] with protection modes 0
Event: 29.419 Protecting memory [0x00007fd4858ea000,0x00007fd4858ee000] with protection modes 0
Event: 32.067 Protecting memory [0x00007fd485cee000,0x00007fd485cf2000] with protection modes 0
Event: 33.792 Protecting memory [0x00007fd485cee000,0x00007fd485cf2000] with protection modes 0
Event: 42.997 Protecting memory [0x00007fd485cee000,0x00007fd485cf2000] with protection modes 0

Nmethod flushes (20 events):
Event: 33.630 Thread 0x00007fd54421ef40 flushing  nmethod 0x00007fd52d88e610
Event: 33.630 Thread 0x00007fd54421ef40 flushing osr nmethod 0x00007fd52d895c10
Event: 33.630 Thread 0x00007fd54421ef40 flushing osr nmethod 0x00007fd52d897c10
Event: 33.630 Thread 0x00007fd54421ef40 flushing osr nmethod 0x00007fd52d89db10
Event: 33.630 Thread 0x00007fd54421ef40 flushing osr nmethod 0x00007fd52d89fb10
Event: 33.630 Thread 0x00007fd54421ef40 flushing  nmethod 0x00007fd52d8a1b10
Event: 33.630 Thread 0x00007fd54421ef40 flushing  nmethod 0x00007fd52d8a2190
Event: 33.630 Thread 0x00007fd54421ef40 flushing  nmethod 0x00007fd52d8a2d90
Event: 33.630 Thread 0x00007fd54421ef40 flushing  nmethod 0x00007fd52d8a3990
Event: 33.630 Thread 0x00007fd54421ef40 flushing  nmethod 0x00007fd52d8a4410
Event: 33.630 Thread 0x00007fd54421ef40 flushing  nmethod 0x00007fd52d8a4e10
Event: 33.630 Thread 0x00007fd54421ef40 flushing  nmethod 0x00007fd52d8a5810
Event: 33.630 Thread 0x00007fd54421ef40 flushing  nmethod 0x00007fd52d8a6190
Event: 33.630 Thread 0x00007fd54421ef40 flushing  nmethod 0x00007fd52d8a6b10
Event: 33.630 Thread 0x00007fd54421ef40 flushing  nmethod 0x00007fd52d8a7510
Event: 33.630 Thread 0x00007fd54421ef40 flushing  nmethod 0x00007fd52d8a7e90
Event: 33.630 Thread 0x00007fd54421ef40 flushing osr nmethod 0x00007fd52d8ac710
Event: 33.630 Thread 0x00007fd54421ef40 flushing osr nmethod 0x00007fd52d8af410
Event: 33.630 Thread 0x00007fd54421ef40 flushing osr nmethod 0x00007fd52d8b1410
Event: 33.630 Thread 0x00007fd54421ef40 flushing  nmethod 0x00007fd52d8b3410

Events (20 events):
Event: 29.166 Thread 0x00007fd5444c2470 Thread exited: 0x00007fd5444c2470
Event: 29.167 Thread 0x00007fd544032990 Thread added: 0x00007fd5444c2470
Event: 29.196 Thread 0x00007fd54421dec0 Thread added: 0x00007fd46006f0b0
Event: 29.238 Thread 0x00007fd54421dec0 Thread added: 0x00007fd46006f660
Event: 29.293 Thread 0x00007fd54421dec0 Thread added: 0x00007fd4601d6c50
Event: 29.323 Thread 0x00007fd54421dec0 Thread added: 0x00007fd4601d7b30
Event: 29.339 Thread 0x00007fd54421dec0 Thread added: 0x00007fd4601d8ed0
Event: 29.419 Thread 0x00007fd4601d6c50 Thread added: 0x00007fd3f0003660
Event: 29.693 Thread 0x00007fd3f0003660 Thread exited: 0x00007fd3f0003660
Event: 29.697 Thread 0x00007fd4601d8ed0 Thread exited: 0x00007fd4601d8ed0
Event: 29.697 Thread 0x00007fd46006f0b0 Thread exited: 0x00007fd46006f0b0
Event: 29.974 Thread 0x00007fd4601d7b30 Thread exited: 0x00007fd4601d7b30
Event: 30.657 Thread 0x00007fd4601d6c50 Thread exited: 0x00007fd4601d6c50
Event: 32.052 Thread 0x00007fd5444c2470 Thread exited: 0x00007fd5444c2470
Event: 32.067 Thread 0x00007fd544032990 Thread added: 0x00007fd5444c2470
Event: 33.754 Thread 0x00007fd5444c2470 Thread exited: 0x00007fd5444c2470
Event: 33.792 Thread 0x00007fd544032990 Thread added: 0x00007fd5444c2470
Event: 33.807 Thread 0x00007fd46006f660 Thread exited: 0x00007fd46006f660
Event: 42.997 Thread 0x00007fd5444c2470 Thread exited: 0x00007fd5444c2470
Event: 42.997 Thread 0x00007fd544032990 Thread added: 0x00007fd5444c2470


Dynamic libraries:
82000000-192000000 rw-p 00000000 00:00 0 
3b6000000-7fe000000 ---p 00000000 00:00 0 
7fe000000-7fef00000 rw-p 00000000 00:00 0 
7fef00000-7fef75000 rw-p 00c79000 00:33 8596472648                       /sfs/gpfs/tardis/applications/202512/software/standard/core/java/17/lib/server/classes.jsa
7fef75000-7ff000000 rw-p 00000000 00:00 0 
7ff000000-7ff078000 rw-p 00c01000 00:33 8596472648                       /sfs/gpfs/tardis/applications/202512/software/standard/core/java/17/lib/server/classes.jsa
7ff078000-800000000 rw-p 00000000 00:00 0 
55d2c622f000-55d2c6230000 r--p 00000000 00:33 8596472430                 /sfs/gpfs/tardis/applications/202512/software/standard/core/java/17/bin/java
55d2c6230000-55d2c6231000 r-xp 00001000 00:33 8596472430                 /sfs/gpfs/tardis/applications/202512/software/standard/core/java/17/bin/java
55d2c6231000-55d2c6232000 r--p 00002000 00:33 8596472430                 /sfs/gpfs/tardis/applications/202512/software/standard/core/java/17/bin/java
55d2c6232000-55d2c6233000 r--p 00002000 00:33 8596472430                 /sfs/gpfs/tardis/applications/202512/software/standard/core/java/17/bin/java
55d2c6233000-55d2c6234000 rw-p 00003000 00:33 8596472430                 /sfs/gpfs/tardis/applications/202512/software/standard/core/java/17/bin/java
55d2c6b6e000-55d2c6bb6000 rw-p 00000000 00:00 0                          [heap]
7fd3e0000000-7fd3e03da000 rw-p 00000000 00:00 0 
7fd3e03da000-7fd3e4000000 ---p 00000000 00:00 0 
7fd3e8000000-7fd3e857e000 rw-p 00000000 00:00 0 
7fd3e857e000-7fd3ec000000 ---p 00000000 00:00 0 
7fd3ec000000-7fd3ec980000 rw-p 00000000 00:00 0 
7fd3ec980000-7fd3f0000000 ---p 00000000 00:00 0 
7fd3f0000000-7fd3f03b8000 rw-p 00000000 00:00 0 
7fd3f03b8000-7fd3f4000000 ---p 00000000 00:00 0 
7fd3f4000000-7fd3f4341000 rw-p 00000000 00:00 0 
7fd3f4341000-7fd3f8000000 ---p 00000000 00:00 0 
7fd3f8000000-7fd3f806e000 rw-p 00000000 00:00 0 
7fd3f806e000-7fd3fc000000 ---p 00000000 00:00 0 
7fd3fc000000-7fd3fc5d9000 rw-p 00000000 00:00 0 
7fd3fc5d9000-7fd400000000 ---p 00000000 00:00 0 
7fd400000000-7fd400021000 rw-p 00000000 00:00 0 
7fd400021000-7fd404000000 ---p 00000000 00:00 0 
7fd404000000-7fd404021000 rw-p 00000000 00:00 0 
7fd404021000-7fd408000000 ---p 00000000 00:00 0 
7fd408000000-7fd408021000 rw-p 00000000 00:00 0 
7fd408021000-7fd40c000000 ---p 00000000 00:00 0 
7fd40c000000-7fd40c021000 rw-p 00000000 00:00 0 
7fd40c021000-7fd410000000 ---p 00000000 00:00 0 
7fd410000000-7fd410021000 rw-p 00000000 00:00 0 
7fd410021000-7fd414000000 ---p 00000000 00:00 0 
7fd414000000-7fd414021000 rw-p 00000000 00:00 0 
7fd414021000-7fd418000000 ---p 00000000 00:00 0 
7fd418000000-7fd418021000 rw-p 00000000 00:00 0 
7fd418021000-7fd41c000000 ---p 00000000 00:00 0 
7fd41c000000-7fd41c021000 rw-p 00000000 00:00 0 
7fd41c021000-7fd420000000 ---p 00000000 00:00 0 
7fd420000000-7fd420021000 rw-p 00000000 00:00 0 
7fd420021000-7fd424000000 ---p 00000000 00:00 0 
7fd424000000-7fd424021000 rw-p 00000000 00:00 0 
7fd424021000-7fd428000000 ---p 00000000 00:00 0 
7fd428000000-7fd428057000 rw-p 00000000 00:00 0 
7fd428057000-7fd42c000000 ---p 00000000 00:00 0 
7fd42c000000-7fd42c021000 rw-p 00000000 00:00 0 
7fd42c021000-7fd430000000 ---p 00000000 00:00 0 
7fd430000000-7fd43012c000 rw-p 00000000 00:00 0 
7fd43012c000-7fd434000000 ---p 00000000 00:00 0 
7fd434000000-7fd434169000 rw-p 00000000 00:00 0 
7fd434169000-7fd438000000 ---p 00000000 00:00 0 
7fd438000000-7fd438289000 rw-p 00000000 00:00 0 
7fd438289000-7fd43c000000 ---p 00000000 00:00 0 
7fd43c000000-7fd43c2ed000 rw-p 00000000 00:00 0 
7fd43c2ed000-7fd440000000 ---p 00000000 00:00 0 
7fd440000000-7fd440c05000 rw-p 00000000 00:00 0 
7fd440c05000-7fd444000000 ---p 00000000 00:00 0 
7fd444000000-7fd4442f6000 rw-p 00000000 00:00 0 
7fd4442f6000-7fd448000000 ---p 00000000 00:00 0 
7fd448000000-7fd448fd0000 rw-p 00000000 00:00 0 
7fd448fd0000-7fd44c000000 ---p 00000000 00:00 0 
7fd44c000000-7fd44c021000 rw-p 00000000 00:00 0 
7fd44c021000-7fd450000000 ---p 00000000 00:00 0 
7fd450000000-7fd4500e8000 rw-p 00000000 00:00 0 
7fd4500e8000-7fd454000000 ---p 00000000 00:00 0 
7fd454000000-7fd454021000 rw-p 00000000 00:00 0 
7fd454021000-7fd458000000 ---p 00000000 00:00 0 
7fd458000000-7fd458158000 rw-p 00000000 00:00 0 
7fd458158000-7fd45c000000 ---p 00000000 00:00 0 
7fd45c000000-7fd45c021000 rw-p 00000000 00:00 0 
7fd45c021000-7fd460000000 ---p 00000000 00:00 0 
7fd460000000-7fd4603d7000 rw-p 00000000 00:00 0 
7fd4603d7000-7fd464000000 ---p 00000000 00:00 0 
7fd464000000-7fd464021000 rw-p 00000000 00:00 0 
7fd464021000-7fd468000000 ---p 00000000 00:00 0 
7fd468000000-7fd468021000 rw-p 00000000 00:00 0 
7fd468021000-7fd46c000000 ---p 00000000 00:00 0 
7fd46c000000-7fd46d6cd000 rw-p 00000000 00:00 0 
7fd46d6cd000-7fd470000000 ---p 00000000 00:00 0 
7fd470000000-7fd470021000 rw-p 00000000 00:00 0 
7fd470021000-7fd474000000 ---p 00000000 00:00 0 
7fd474000000-7fd474021000 rw-p 00000000 00:00 0 
7fd474021000-7fd478000000 ---p 00000000 00:00 0 
7fd478000000-7fd478021000 rw-p 00000000 00:00 0 
7fd478021000-7fd47c000000 ---p 00000000 00:00 0 
7fd47c000000-7fd47c021000 rw-p 00000000 00:00 0 
7fd47c021000-7fd480000000 ---p 00000000 00:00 0 
7fd480000000-7fd4802b4000 rw-p 00000000 00:00 0 
7fd4802b4000-7fd484000000 ---p 00000000 00:00 0 
7fd485556000-7fd4857e8000 rw-p 00000000 00:00 0 
7fd4857e8000-7fd4857ed000 ---p 00000000 00:00 0 
7fd4857ed000-7fd4858e9000 rw-p 00000000 00:00 0 
7fd4858e9000-7fd4858ee000 ---p 00000000 00:00 0 
7fd4858ee000-7fd4859ea000 rw-p 00000000 00:00 0 
7fd4859ea000-7fd4859ef000 ---p 00000000 00:00 0 
7fd4859ef000-7fd485aeb000 rw-p 00000000 00:00 0 
7fd485aeb000-7fd485af0000 ---p 00000000 00:00 0 
7fd485af0000-7fd485bec000 rw-p 00000000 00:00 0 
7fd485bec000-7fd485bf1000 ---p 00000000 00:00 0 
7fd485bf1000-7fd485ced000 rw-p 00000000 00:00 0 
7fd485ced000-7fd485cee000 ---p 00000000 00:00 0 
7fd485cee000-7fd485cf2000 ---p 00000000 00:00 0 
7fd485cf2000-7fd485dee000 rw-p 00000000 00:00 0 
7fd485dee000-7fd485df3000 ---p 00000000 00:00 0 
7fd485df3000-7fd485eef000 rw-p 00000000 00:00 0 
7fd485eef000-7fd485ef0000 ---p 00000000 00:00 0 
7fd485ef0000-7fd485ff0000 rw-p 00000000 00:00 0 
7fd485ff0000-7fd485ff1000 ---p 00000000 00:00 0 
7fd485ff1000-7fd4860f1000 rw-p 00000000 00:00 0 
7fd4860f1000-7fd4860f2000 ---p 00000000 00:00 0 
7fd4860f2000-7fd4861f2000 rw-p 00000000 00:00 0 
7fd4861f2000-7fd4861f3000 ---p 00000000 00:00 0 
7fd4861f3000-7fd4862f3000 rw-p 00000000 00:00 0 
7fd4862f3000-7fd4862f4000 ---p 00000000 00:00 0 
7fd4862f4000-7fd4863f4000 rw-p 00000000 00:00 0 
7fd4863f4000-7fd4863f5000 ---p 00000000 00:00 0 
7fd4863f5000-7fd4864f5000 rw-p 00000000 00:00 0 
7fd4864f5000-7fd4864f6000 ---p 00000000 00:00 0 
7fd4864f6000-7fd4865f6000 rw-p 00000000 00:00 0 
7fd4865f6000-7fd4865f7000 ---p 00000000 00:00 0 
7fd4865f7000-7fd4866f7000 rw-p 00000000 00:00 0 
7fd4866f7000-7fd4866f8000 ---p 00000000 00:00 0 
7fd4866f8000-7fd4867f8000 rw-p 00000000 00:00 0 
7fd4867f8000-7fd4867f9000 ---p 00000000 00:00 0 
7fd4867f9000-7fd4868f9000 rw-p 00000000 00:00 0 
7fd4868f9000-7fd4868fa000 ---p 00000000 00:00 0 
7fd4868fa000-7fd4869fa000 rw-p 00000000 00:00 0 
7fd4869fa000-7fd4869ff000 ---p 00000000 00:00 0 
7fd4869ff000-7fd486afb000 rw-p 00000000 00:00 0 
7fd486afb000-7fd486b00000 ---p 00000000 00:00 0 
7fd486b00000-7fd486bfc000 rw-p 00000000 00:00 0 
7fd486bfc000-7fd486c01000 ---p 00000000 00:00 0 
7fd486c01000-7fd486cfd000 rw-p 00000000 00:00 0 
7fd486cfd000-7fd486d02000 ---p 00000000 00:00 0 
7fd486d02000-7fd486dfe000 rw-p 00000000 00:00 0 
7fd486dfe000-7fd486e03000 ---p 00000000 00:00 0 
7fd486e03000-7fd486eff000 rw-p 00000000 00:00 0 
7fd486eff000-7fd486f04000 ---p 00000000 00:00 0 
7fd486f04000-7fd487000000 rw-p 00000000 00:00 0 
7fd487000000-7fd487455000 rw-p 00001000 00:33 8596472648                 /sfs/gpfs/tardis/applications/202512/software/standard/core/java/17/lib/server/classes.jsa
7fd487455000-7fd487bc9000 rw-p 00456000 00:33 8596472648                 /sfs/gpfs/tardis/applications/202512/software/standard/core/java/17/lib/server/classes.jsa
7fd487bc9000-7fd488000000 ---p 00000000 00:00 0 
7fd488000000-7fd488040000 rw-p 00000000 00:00 0 
7fd488040000-7fd4880c0000 rw-p 00000000 00:00 0 
7fd4880c0000-7fd488100000 rw-p 00000000 00:00 0 
7fd488100000-7fd488120000 rw-p 00000000 00:00 0 
7fd488120000-7fd4c8000000 ---p 00000000 00:00 0 
7fd4c8000000-7fd4c8021000 rw-p 00000000 00:00 0 
7fd4c8021000-7fd4cc000000 ---p 00000000 00:00 0 
7fd4cc000000-7fd4cc400000 rw-p 00000000 00:00 0 
7fd4cc400000-7fd4cc700000 rw-p 00000000 00:00 0 
7fd4cc700000-7fd4cc7b0000 rw-p 00000000 00:00 0 
7fd4cc7b0000-7fd4cc800000 ---p 00000000 00:00 0 
7fd4cc800000-7fd4cc870000 rw-p 00000000 00:00 0 
7fd4cc870000-7fd4d0000000 ---p 00000000 00:00 0 
7fd4d0000000-7fd4d00bf000 rw-p 00000000 00:00 0 
7fd4d00bf000-7fd4d4000000 ---p 00000000 00:00 0 
7fd4d40be000-7fd4d40c3000 ---p 00000000 00:00 0 
7fd4d40c3000-7fd4d41bf000 rw-p 00000000 00:00 0 
7fd4d41bf000-7fd4d41c4000 ---p 00000000 00:00 0 
7fd4d41c4000-7fd4d42c0000 rw-p 00000000 00:00 0 
7fd4d42c0000-7fd4d42c1000 ---p 00000000 00:00 0 
7fd4d42c1000-7fd4d43c1000 rw-p 00000000 00:00 0 
7fd4d43c1000-7fd4d43c2000 ---p 00000000 00:00 0 
7fd4d43c2000-7fd4d43c6000 ---p 00000000 00:00 0 
7fd4d43c6000-7fd4d44c2000 rw-p 00000000 00:00 0 
7fd4d44c2000-7fd4d44c7000 ---p 00000000 00:00 0 
7fd4d44c7000-7fd4d45c3000 rw-p 00000000 00:00 0 
7fd4d45c3000-7fd4d45c4000 ---p 00000000 00:00 0 
7fd4d45c4000-7fd4d45c8000 ---p 00000000 00:00 0 
7fd4d45c8000-7fd4d46c4000 rw-p 00000000 00:00 0 
7fd4d46c4000-7fd4d46c9000 ---p 00000000 00:00 0 
7fd4d46c9000-7fd4d47c5000 rw-p 00000000 00:00 0 
7fd4d47c5000-7fd4d47c6000 ---p 00000000 00:00 0 
7fd4d47c6000-7fd4d47ca000 ---p 00000000 00:00 0 
7fd4d47ca000-7fd4d48c6000 rw-p 00000000 00:00 0 
7fd4d48c6000-7fd4d48c7000 ---p 00000000 00:00 0 
7fd4d48c7000-7fd4d48cb000 ---p 00000000 00:00 0 
7fd4d48cb000-7fd4d49c7000 rw-p 00000000 00:00 0 
7fd4d49c7000-7fd4d49c8000 ---p 00000000 00:00 0 
7fd4d49c8000-7fd4d49cc000 ---p 00000000 00:00 0 
7fd4d49cc000-7fd4d4ac8000 rw-p 00000000 00:00 0 
7fd4d4ac8000-7fd4d4ac9000 ---p 00000000 00:00 0 
7fd4d4ac9000-7fd4d4acd000 ---p 00000000 00:00 0 
7fd4d4acd000-7fd4d4bc9000 rw-p 00000000 00:00 0 
7fd4d4bc9000-7fd4d4bca000 ---p 00000000 00:00 0 
7fd4d4bca000-7fd4d4bce000 ---p 00000000 00:00 0 
7fd4d4bce000-7fd4d4cca000 rw-p 00000000 00:00 0 
7fd4d4cca000-7fd4d4ccb000 ---p 00000000 00:00 0 
7fd4d4ccb000-7fd4d4ccf000 ---p 00000000 00:00 0 
7fd4d4ccf000-7fd4d4dcb000 rw-p 00000000 00:00 0 
7fd4d4dcb000-7fd4d4dcc000 ---p 00000000 00:00 0 
7fd4d4dcc000-7fd4d4dd0000 ---p 00000000 00:00 0 
7fd4d4dd0000-7fd4d4ecc000 rw-p 00000000 00:00 0 
7fd4d4ecc000-7fd4d4ecd000 ---p 00000000 00:00 0 
7fd4d4ecd000-7fd4d4ed1000 ---p 00000000 00:00 0 
7fd4d4ed1000-7fd4d4fcd000 rw-p 00000000 00:00 0 
7fd4d4fcd000-7fd4d4fce000 ---p 00000000 00:00 0 
7fd4d4fce000-7fd4d50ce000 rw-p 00000000 00:00 0 
7fd4d50ce000-7fd4d50d3000 r--p 00000000 00:33 8596472621                 /sfs/gpfs/tardis/applications/202512/software/standard/core/java/17/lib/libjsvml.so
7fd4d50d3000-7fd4d5114000 r-xp 00005000 00:33 8596472621                 /sfs/gpfs/tardis/applications/202512/software/standard/core/java/17/lib/libjsvml.so
7fd4d5114000-7fd4d519d000 r--p 00046000 00:33 8596472621                 /sfs/gpfs/tardis/applications/202512/software/standard/core/java/17/lib/libjsvml.so
7fd4d519d000-7fd4d519e000 r--p 000ce000 00:33 8596472621                 /sfs/gpfs/tardis/applications/202512/software/standard/core/java/17/lib/libjsvml.so
7fd4d519e000-7fd4d519f000 rw-p 000cf000 00:33 8596472621                 /sfs/gpfs/tardis/applications/202512/software/standard/core/java/17/lib/libjsvml.so
7fd4d519f000-7fd4d52bc000 rw-p 00000000 00:00 0 
7fd4d52e3000-7fd4d52e5000 r--p 00000000 00:33 8596472625                 /sfs/gpfs/tardis/applications/202512/software/standard/core/java/17/lib/libmanagement_ext.so
7fd4d52e5000-7fd4d52e8000 r-xp 00002000 00:33 8596472625                 /sfs/gpfs/tardis/applications/202512/software/standard/core/java/17/lib/libmanagement_ext.so
7fd4d52e8000-7fd4d52e9000 r--p 00005000 00:33 8596472625                 /sfs/gpfs/tardis/applications/202512/software/standard/core/java/17/lib/libmanagement_ext.so
7fd4d52e9000-7fd4d52ea000 ---p 00006000 00:33 8596472625                 /sfs/gpfs/tardis/applications/202512/software/standard/core/java/17/lib/libmanagement_ext.so
7fd4d52ea000-7fd4d52eb000 r--p 00006000 00:33 8596472625                 /sfs/gpfs/tardis/applications/202512/software/standard/core/java/17/lib/libmanagement_ext.so
7fd4d52eb000-7fd4d52ec000 rw-p 00007000 00:33 8596472625                 /sfs/gpfs/tardis/applications/202512/software/standard/core/java/17/lib/libmanagement_ext.so
7fd4d52ec000-7fd4d52ef000 r--p 00000000 00:33 8596472623                 /sfs/gpfs/tardis/applications/202512/software/standard/core/java/17/lib/libmanagement.so
7fd4d52ef000-7fd4d52f0000 r-xp 00003000 00:33 8596472623                 /sfs/gpfs/tardis/applications/202512/software/standard/core/java/17/lib/libmanagement.so
7fd4d52f0000-7fd4d52f1000 r--p 00004000 00:33 8596472623                 /sfs/gpfs/tardis/applications/202512/software/standard/core/java/17/lib/libmanagement.so
7fd4d52f1000-7fd4d52f2000 r--p 00004000 00:33 8596472623                 /sfs/gpfs/tardis/applications/202512/software/standard/core/java/17/lib/libmanagement.so
7fd4d52f2000-7fd4d52f3000 rw-p 00005000 00:33 8596472623                 /sfs/gpfs/tardis/applications/202512/software/standard/core/java/17/lib/libmanagement.so
7fd4d52f3000-7fd4d52f4000 ---p 00000000 00:00 0 
7fd4d52f4000-7fd4d53f4000 rw-p 00000000 00:00 0 
7fd4d53f4000-7fd4d53f5000 ---p 00000000 00:00 0 
7fd4d53f5000-7fd4d8021000 rw-p 00000000 00:00 0 
7fd4d8021000-7fd4dc000000 ---p 00000000 00:00 0 
7fd4dc000000-7fd4dc021000 rw-p 00000000 00:00 0 
7fd4dc021000-7fd4e0000000 ---p 00000000 00:00 0 
7fd4e0000000-7fd4e0021000 rw-p 00000000 00:00 0 
7fd4e0021000-7fd4e4000000 ---p 00000000 00:00 0 
7fd4e4003000-7fd4e4007000 r--p 00000000 00:33 8596472627                 /sfs/gpfs/tardis/applications/202512/software/standard/core/java/17/lib/libnet.so
7fd4e4007000-7fd4e4015000 r-xp 00004000 00:33 8596472627                 /sfs/gpfs/tardis/applications/202512/software/standard/core/java/17/lib/libnet.so
7fd4e4015000-7fd4e4019000 r--p 00012000 00:33 8596472627                 /sfs/gpfs/tardis/applications/202512/software/standard/core/java/17/lib/libnet.so
7fd4e4019000-7fd4e401a000 r--p 00015000 00:33 8596472627                 /sfs/gpfs/tardis/applications/202512/software/standard/core/java/17/lib/libnet.so
7fd4e401a000-7fd4e401b000 rw-p 00016000 00:33 8596472627                 /sfs/gpfs/tardis/applications/202512/software/standard/core/java/17/lib/libnet.so
7fd4e401b000-7fd4e4022000 r--p 00000000 00:33 8596472628                 /sfs/gpfs/tardis/applications/202512/software/standard/core/java/17/lib/libnio.so
7fd4e4022000-7fd4e402b000 r-xp 00007000 00:33 8596472628                 /sfs/gpfs/tardis/applications/202512/software/standard/core/java/17/lib/libnio.so
7fd4e402b000-7fd4e402f000 r--p 00010000 00:33 8596472628                 /sfs/gpfs/tardis/applications/202512/software/standard/core/java/17/lib/libnio.so
7fd4e402f000-7fd4e4030000 ---p 00014000 00:33 8596472628                 /sfs/gpfs/tardis/applications/202512/software/standard/core/java/17/lib/libnio.so
7fd4e4030000-7fd4e4031000 r--p 00014000 00:33 8596472628                 /sfs/gpfs/tardis/applications/202512/software/standard/core/java/17/lib/libnio.so
7fd4e4031000-7fd4e4032000 rw-p 00015000 00:33 8596472628                 /sfs/gpfs/tardis/applications/202512/software/standard/core/java/17/lib/libnio.so
7fd4e4032000-7fd4e4739000 rw-p 00000000 00:00 0 
7fd4e4739000-7fd4e473a000 ---p 00000000 00:00 0 
7fd4e473a000-7fd4e483a000 rw-p 00000000 00:00 0 
7fd4e483a000-7fd4e483b000 ---p 00000000 00:00 0 
7fd4e483b000-7fd4e493b000 rw-p 00000000 00:00 0 
7fd4e493b000-7fd4e493c000 ---p 00000000 00:00 0 
7fd4e493c000-7fd4e8f30000 rw-p 00000000 00:00 0 
7fd4e8f30000-7fd502a30000 ---p 00000000 00:00 0 
7fd502a30000-7fd506eb0000 rw-p 00000000 00:00 0 
7fd506eb0000-7fd5209b0000 ---p 00000000 00:00 0 
7fd5209b0000-7fd5212b0000 rw-p 00000000 00:00 0 
7fd5212b0000-7fd524610000 ---p 00000000 00:00 0 
7fd524610000-7fd524ea0000 rw-p 00000000 00:00 0 
7fd524ea0000-7fd528200000 ---p 00000000 00:00 0 
7fd528200000-7fd528a90000 rw-p 00000000 00:00 0 
7fd528a90000-7fd52bdf0000 ---p 00000000 00:00 0 
7fd52bdf0000-7fd52d108000 rw-p 00000000 00:00 0 
7fd52d108000-7fd52d1eb000 ---p 00000000 00:00 0 
7fd52d1eb000-7fd52d8cb000 rwxp 00000000 00:00 0 
7fd52d8cb000-7fd53464a000 ---p 00000000 00:00 0 
7fd53464a000-7fd53493a000 rwxp 00000000 00:00 0 
7fd53493a000-7fd534d8b000 ---p 00000000 00:00 0 
7fd534d8b000-7fd53507b000 rwxp 00000000 00:00 0 
7fd53507b000-7fd53c1eb000 ---p 00000000 00:00 0 
7fd53c1eb000-7fd53c1f6000 r-xp 00000000 00:29 41352995                   /usr/lib64/libnss_files-2.28.so
7fd53c1f6000-7fd53c3f6000 ---p 0000b000 00:29 41352995                   /usr/lib64/libnss_files-2.28.so
7fd53c3f6000-7fd53c3f7000 r--p 0000b000 00:29 41352995                   /usr/lib64/libnss_files-2.28.so
7fd53c3f7000-7fd53c3f8000 rw-p 0000c000 00:29 41352995                   /usr/lib64/libnss_files-2.28.so
7fd53c3f8000-7fd53c3fe000 rw-p 00000000 00:00 0 
7fd53c3fe000-7fd544000000 r--s 00000000 00:33 8596472637                 /sfs/gpfs/tardis/applications/202512/software/standard/core/java/17/lib/modules
7fd544000000-7fd544585000 rw-p 00000000 00:00 0 
7fd544585000-7fd548000000 ---p 00000000 00:00 0 
7fd548004000-7fd548008000 r--p 00000000 00:33 8596472635                 /sfs/gpfs/tardis/applications/202512/software/standard/core/java/17/lib/libverify.so
7fd548008000-7fd54800f000 r-xp 00004000 00:33 8596472635                 /sfs/gpfs/tardis/applications/202512/software/standard/core/java/17/lib/libverify.so
7fd54800f000-7fd548011000 r--p 0000b000 00:33 8596472635                 /sfs/gpfs/tardis/applications/202512/software/standard/core/java/17/lib/libverify.so
7fd548011000-7fd548013000 r--p 0000c000 00:33 8596472635                 /sfs/gpfs/tardis/applications/202512/software/standard/core/java/17/lib/libverify.so
7fd548013000-7fd548014000 rw-p 0000e000 00:33 8596472635                 /sfs/gpfs/tardis/applications/202512/software/standard/core/java/17/lib/libverify.so
7fd548014000-7fd54809a000 rw-p 00000000 00:00 0 
7fd54809a000-7fd548175000 ---p 00000000 00:00 0 
7fd548175000-7fd548177000 r--p 00000000 00:33 8596472636                 /sfs/gpfs/tardis/applications/202512/software/standard/core/java/17/lib/libzip.so
7fd548177000-7fd548189000 r-xp 00002000 00:33 8596472636                 /sfs/gpfs/tardis/applications/202512/software/standard/core/java/17/lib/libzip.so
7fd548189000-7fd548191000 r--p 00014000 00:33 8596472636                 /sfs/gpfs/tardis/applications/202512/software/standard/core/java/17/lib/libzip.so
7fd548191000-7fd548192000 r--p 0001b000 00:33 8596472636                 /sfs/gpfs/tardis/applications/202512/software/standard/core/java/17/lib/libzip.so
7fd548192000-7fd548193000 rw-p 0001c000 00:33 8596472636                 /sfs/gpfs/tardis/applications/202512/software/standard/core/java/17/lib/libzip.so
7fd548193000-7fd54819a000 r-xp 00000000 00:29 41352993                   /usr/lib64/libnss_db-2.28.so
7fd54819a000-7fd548399000 ---p 00007000 00:29 41352993                   /usr/lib64/libnss_db-2.28.so
7fd548399000-7fd54839a000 r--p 00006000 00:29 41352993                   /usr/lib64/libnss_db-2.28.so
7fd54839a000-7fd54839b000 rw-p 00007000 00:29 41352993                   /usr/lib64/libnss_db-2.28.so
7fd54839b000-7fd54839e000 rw-p 00000000 00:00 0 
7fd54839e000-7fd548616000 r--p 00000000 00:29 42290259                   /usr/lib/locale/en_US.utf8/LC_COLLATE
7fd548616000-7fd548797000 r-xp 00000000 00:29 41352876                   /usr/lib64/libm-2.28.so
7fd548797000-7fd548996000 ---p 00181000 00:29 41352876                   /usr/lib64/libm-2.28.so
7fd548996000-7fd548997000 r--p 00180000 00:29 41352876                   /usr/lib64/libm-2.28.so
7fd548997000-7fd548998000 rw-p 00181000 00:29 41352876                   /usr/lib64/libm-2.28.so
7fd548998000-7fd54899f000 r-xp 00000000 00:29 41353205                   /usr/lib64/librt-2.28.so
7fd54899f000-7fd548b9e000 ---p 00007000 00:29 41353205                   /usr/lib64/librt-2.28.so
7fd548b9e000-7fd548b9f000 r--p 00006000 00:29 41353205                   /usr/lib64/librt-2.28.so
7fd548b9f000-7fd548ba0000 rw-p 00007000 00:29 41353205                   /usr/lib64/librt-2.28.so
7fd548ba0000-7fd548df3000 r--p 00000000 00:33 8596472651                 /sfs/gpfs/tardis/applications/202512/software/standard/core/java/17/lib/server/libjvm.so
7fd548df3000-7fd549b1c000 r-xp 00253000 00:33 8596472651                 /sfs/gpfs/tardis/applications/202512/software/standard/core/java/17/lib/server/libjvm.so
7fd549b1c000-7fd549da9000 r--p 00f7c000 00:33 8596472651                 /sfs/gpfs/tardis/applications/202512/software/standard/core/java/17/lib/server/libjvm.so
7fd549da9000-7fd549daa000 ---p 01209000 00:33 8596472651                 /sfs/gpfs/tardis/applications/202512/software/standard/core/java/17/lib/server/libjvm.so
7fd549daa000-7fd549e63000 r--p 01209000 00:33 8596472651                 /sfs/gpfs/tardis/applications/202512/software/standard/core/java/17/lib/server/libjvm.so
7fd549e63000-7fd549e98000 rw-p 012c2000 00:33 8596472651                 /sfs/gpfs/tardis/applications/202512/software/standard/core/java/17/lib/server/libjvm.so
7fd549e98000-7fd549ef3000 rw-p 00000000 00:00 0 
7fd549ef3000-7fd54a0c0000 r-xp 00000000 00:29 41352421                   /usr/lib64/libc-2.28.so
7fd54a0c0000-7fd54a2bf000 ---p 001cd000 00:29 41352421                   /usr/lib64/libc-2.28.so
7fd54a2bf000-7fd54a2c3000 r--p 001cc000 00:29 41352421                   /usr/lib64/libc-2.28.so
7fd54a2c3000-7fd54a2c5000 rw-p 001d0000 00:29 41352421                   /usr/lib64/libc-2.28.so
7fd54a2c5000-7fd54a2c9000 rw-p 00000000 00:00 0 
7fd54a2c9000-7fd54a2cc000 r-xp 00000000 00:29 41352530                   /usr/lib64/libdl-2.28.so
7fd54a2cc000-7fd54a4cb000 ---p 00003000 00:29 41352530                   /usr/lib64/libdl-2.28.so
7fd54a4cb000-7fd54a4cc000 r--p 00002000 00:29 41352530                   /usr/lib64/libdl-2.28.so
7fd54a4cc000-7fd54a4cd000 rw-p 00003000 00:29 41352530                   /usr/lib64/libdl-2.28.so
7fd54a4cd000-7fd54a4e8000 r-xp 00000000 00:29 41353149                   /usr/lib64/libpthread-2.28.so
7fd54a4e8000-7fd54a6e7000 ---p 0001b000 00:29 41353149                   /usr/lib64/libpthread-2.28.so
7fd54a6e7000-7fd54a6e8000 r--p 0001a000 00:29 41353149                   /usr/lib64/libpthread-2.28.so
7fd54a6e8000-7fd54a6e9000 rw-p 0001b000 00:29 41353149                   /usr/lib64/libpthread-2.28.so
7fd54a6e9000-7fd54a6ed000 rw-p 00000000 00:00 0 
7fd54a6ed000-7fd54a71c000 r-xp 00000000 00:29 41352045                   /usr/lib64/ld-2.28.so
7fd54a720000-7fd54a721000 r--p 00000000 00:33 8596472606                 /sfs/gpfs/tardis/applications/202512/software/standard/core/java/17/lib/libextnet.so
7fd54a721000-7fd54a722000 r-xp 00001000 00:33 8596472606                 /sfs/gpfs/tardis/applications/202512/software/standard/core/java/17/lib/libextnet.so
7fd54a722000-7fd54a723000 r--p 00002000 00:33 8596472606                 /sfs/gpfs/tardis/applications/202512/software/standard/core/java/17/lib/libextnet.so
7fd54a723000-7fd54a724000 r--p 00002000 00:33 8596472606                 /sfs/gpfs/tardis/applications/202512/software/standard/core/java/17/lib/libextnet.so
7fd54a724000-7fd54a725000 rw-p 00003000 00:33 8596472606                 /sfs/gpfs/tardis/applications/202512/software/standard/core/java/17/lib/libextnet.so
7fd54a725000-7fd54a72b000 rw-p 00000000 00:00 0 
7fd54a72b000-7fd54a734000 ---p 00000000 00:00 0 
7fd54a734000-7fd54a735000 r--s 00000000 203:97233 4334508089525993473    /sfs/weka/scratch/wxw9rr/tmp/pitest-agent4297895672587801351.jar
7fd54a735000-7fd54a73d000 rw-s 00000000 00:2d 86327811                   /tmp/hsperfdata_wxw9rr/650720
7fd54a73d000-7fd54a790000 r--p 00000000 00:29 42289927                   /usr/lib/locale/C.utf8/LC_CTYPE
7fd54a790000-7fd54a791000 r--p 00000000 00:29 42290264                   /usr/lib/locale/en_US.utf8/LC_NUMERIC
7fd54a791000-7fd54a792000 r--p 00000000 00:29 42290267                   /usr/lib/locale/en_US.utf8/LC_TIME
7fd54a792000-7fd54a793000 r--p 00000000 00:29 42290262                   /usr/lib/locale/en_US.utf8/LC_MONETARY
7fd54a793000-7fd54a794000 r--p 00000000 00:29 42290268                   /usr/lib/locale/en_US.utf8/LC_MESSAGES/SYS_LC_MESSAGES
7fd54a794000-7fd54a795000 r--p 00000000 00:29 42290265                   /usr/lib/locale/en_US.utf8/LC_PAPER
7fd54a795000-7fd54a79c000 r--s 00000000 00:29 41660342                   /usr/lib64/gconv/gconv-modules.cache
7fd54a79c000-7fd54a7aa000 r--p 00000000 00:33 8596472613                 /sfs/gpfs/tardis/applications/202512/software/standard/core/java/17/lib/libjava.so
7fd54a7aa000-7fd54a7bc000 r-xp 0000e000 00:33 8596472613                 /sfs/gpfs/tardis/applications/202512/software/standard/core/java/17/lib/libjava.so
7fd54a7bc000-7fd54a7c2000 r--p 00020000 00:33 8596472613                 /sfs/gpfs/tardis/applications/202512/software/standard/core/java/17/lib/libjava.so
7fd54a7c2000-7fd54a7c3000 ---p 00026000 00:33 8596472613                 /sfs/gpfs/tardis/applications/202512/software/standard/core/java/17/lib/libjava.so
7fd54a7c3000-7fd54a7c4000 r--p 00026000 00:33 8596472613                 /sfs/gpfs/tardis/applications/202512/software/standard/core/java/17/lib/libjava.so
7fd54a7c4000-7fd54a7c5000 rw-p 00027000 00:33 8596472613                 /sfs/gpfs/tardis/applications/202512/software/standard/core/java/17/lib/libjava.so
7fd54a7c5000-7fd54a7c6000 rw-p 00000000 00:00 0 
7fd54a7c6000-7fd54a7ca000 r--p 00000000 00:33 8596472617                 /sfs/gpfs/tardis/applications/202512/software/standard/core/java/17/lib/libjimage.so
7fd54a7ca000-7fd54a7dd000 r-xp 00004000 00:33 8596472617                 /sfs/gpfs/tardis/applications/202512/software/standard/core/java/17/lib/libjimage.so
7fd54a7dd000-7fd54a7e3000 r--p 00017000 00:33 8596472617                 /sfs/gpfs/tardis/applications/202512/software/standard/core/java/17/lib/libjimage.so
7fd54a7e3000-7fd54a7e5000 r--p 0001c000 00:33 8596472617                 /sfs/gpfs/tardis/applications/202512/software/standard/core/java/17/lib/libjimage.so
7fd54a7e5000-7fd54a7e6000 rw-p 0001e000 00:33 8596472617                 /sfs/gpfs/tardis/applications/202512/software/standard/core/java/17/lib/libjimage.so
7fd54a7e6000-7fd54a7ea000 ---p 00000000 00:00 0 
7fd54a7ea000-7fd54a8e9000 rw-p 00000000 00:00 0 
7fd54a8e9000-7fd54a8ea000 r--p 00000000 00:29 42290263                   /usr/lib/locale/en_US.utf8/LC_NAME
7fd54a8ea000-7fd54a8eb000 r--p 00000000 00:29 42290258                   /usr/lib/locale/en_US.utf8/LC_ADDRESS
7fd54a8eb000-7fd54a8ec000 r--p 00000000 00:29 42290266                   /usr/lib/locale/en_US.utf8/LC_TELEPHONE
7fd54a8ec000-7fd54a8ed000 r--p 00000000 00:29 42290261                   /usr/lib/locale/en_US.utf8/LC_MEASUREMENT
7fd54a8ed000-7fd54a8ee000 r--p 00000000 00:29 42290260                   /usr/lib/locale/en_US.utf8/LC_IDENTIFICATION
7fd54a8ee000-7fd54a8f0000 r--p 00000000 00:33 8596472608                 /sfs/gpfs/tardis/applications/202512/software/standard/core/java/17/lib/libinstrument.so
7fd54a8f0000-7fd54a8f6000 r-xp 00002000 00:33 8596472608                 /sfs/gpfs/tardis/applications/202512/software/standard/core/java/17/lib/libinstrument.so
7fd54a8f6000-7fd54a8f9000 r--p 00008000 00:33 8596472608                 /sfs/gpfs/tardis/applications/202512/software/standard/core/java/17/lib/libinstrument.so
7fd54a8f9000-7fd54a8fa000 r--p 0000a000 00:33 8596472608                 /sfs/gpfs/tardis/applications/202512/software/standard/core/java/17/lib/libinstrument.so
7fd54a8fa000-7fd54a8fb000 rw-p 0000b000 00:33 8596472608                 /sfs/gpfs/tardis/applications/202512/software/standard/core/java/17/lib/libinstrument.so
7fd54a8fb000-7fd54a8fc000 ---p 00000000 00:00 0 
7fd54a8fc000-7fd54a8fd000 r--p 00000000 00:00 0 
7fd54a8fd000-7fd54a8fe000 ---p 00000000 00:00 0 
7fd54a8fe000-7fd54a901000 r--p 00000000 00:33 8596472618                 /sfs/gpfs/tardis/applications/202512/software/standard/core/java/17/lib/libjli.so
7fd54a901000-7fd54a911000 r-xp 00003000 00:33 8596472618                 /sfs/gpfs/tardis/applications/202512/software/standard/core/java/17/lib/libjli.so
7fd54a911000-7fd54a918000 r--p 00013000 00:33 8596472618                 /sfs/gpfs/tardis/applications/202512/software/standard/core/java/17/lib/libjli.so
7fd54a918000-7fd54a919000 r--p 00019000 00:33 8596472618                 /sfs/gpfs/tardis/applications/202512/software/standard/core/java/17/lib/libjli.so
7fd54a919000-7fd54a91a000 rw-p 0001a000 00:33 8596472618                 /sfs/gpfs/tardis/applications/202512/software/standard/core/java/17/lib/libjli.so
7fd54a91a000-7fd54a91c000 rw-p 00000000 00:00 0 
7fd54a91c000-7fd54a91d000 r--p 0002f000 00:29 41352045                   /usr/lib64/ld-2.28.so
7fd54a91d000-7fd54a91f000 rw-p 00030000 00:29 41352045                   /usr/lib64/ld-2.28.so
7ffd000b3000-7ffd000d8000 rw-p 00000000 00:00 0                          [stack]
7ffd001ce000-7ffd001d2000 r--p 00000000 00:00 0                          [vvar]
7ffd001d2000-7ffd001d4000 r-xp 00000000 00:00 0                          [vdso]
ffffffffff600000-ffffffffff601000 r-xp 00000000 00:00 0                  [vsyscall]


VM Arguments:
jvm_args: -Dclassworlds.conf=/apps/software/standard/core/maven/3.9.0/bin/m2.conf -Dmaven.home=/apps/software/standard/core/maven/3.9.0 -Dlibrary.jansi.path=/apps/software/standard/core/maven/3.9.0/lib/jansi-native -Dmaven.multiModuleProjectDirectory=/scratch/wxw9rr/artifact/RQ3/OE25-DEV/commons-beanutils-1.9.4 -Djava.io.tmpdir=/sfs/weka/scratch/wxw9rr/tmp -javaagent:/sfs/weka/scratch/wxw9rr/tmp/pitest-agent4297895672587801351.jar -ea -Djava.awt.headless=true -XX:+UseG1GC -Djava.io.tmpdir=/sfs/weka/scratch/wxw9rr/tmp 
java_command: org.pitest.mutationtest.execute.MutationTestMinion 41187
java_class_path (initial): /sfs/weka/scratch/wxw9rr/artifact/RQ3/OE25-DEV/commons-beanutils-1.9.4/target/test-classes:/sfs/weka/scratch/wxw9rr/artifact/RQ3/OE25-DEV/commons-beanutils-1.9.4/target/classes:/home/wxw9rr/.m2/repository/commons-logging/commons-logging/1.2/commons-logging-1.2.jar:/home/wxw9rr/.m2/repository/commons-collections/commons-collections/3.2.2/commons-collections-3.2.2.jar:/home/wxw9rr/.m2/repository/commons-collections/commons-collections-testframework/3.2.1/commons-collections-testframework-3.2.1.jar:/home/wxw9rr/.m2/repository/junit/junit/4.12/junit-4.12.jar:/home/wxw9rr/.m2/repository/org/hamcrest/hamcrest-core/1.3/hamcrest-core-1.3.jar:/home/wxw9rr/.m2/repository/org/pitest/pitest/1.22.0/pitest-1.22.0.jar
Launcher Type: SUN_STANDARD

[Global flags]
     intx CICompilerCount                          = 12                                        {product} {ergonomic}
     uint ConcGCThreads                            = 5                                         {product} {ergonomic}
     uint G1ConcRefinementThreads                  = 18                                        {product} {ergonomic}
   size_t G1HeapRegionSize                         = 16777216                                  {product} {ergonomic}
    uintx GCDrainStackTargetSize                   = 64                                        {product} {ergonomic}
   size_t InitialHeapSize                          = 2147483648                                {product} {ergonomic}
   size_t MarkStackSize                            = 4194304                                   {product} {ergonomic}
   size_t MaxHeapSize                              = 32178700288                               {product} {ergonomic}
   size_t MaxNewSize                               = 19293798400                               {product} {ergonomic}
   size_t MinHeapDeltaBytes                        = 16777216                                  {product} {ergonomic}
   size_t MinHeapSize                              = 16777216                                  {product} {ergonomic}
    uintx NonNMethodCodeHeapSize                   = 7602480                                {pd product} {ergonomic}
    uintx NonProfiledCodeHeapSize                  = 122027880                              {pd product} {ergonomic}
    uintx ProfiledCodeHeapSize                     = 122027880                              {pd product} {ergonomic}
    uintx ReservedCodeCacheSize                    = 251658240                              {pd product} {ergonomic}
     bool SegmentedCodeCache                       = true                                      {product} {ergonomic}
   size_t SoftMaxHeapSize                          = 32178700288                            {manageable} {ergonomic}
     bool UseCompressedClassPointers               = true                           {product lp64_product} {ergonomic}
     bool UseCompressedOops                        = true                           {product lp64_product} {ergonomic}
     bool UseG1GC                                  = true                                      {product} {command line}

Logging:
Log output configuration:
 #0: stdout all=warning uptime,level,tags
 #1: stderr all=off uptime,level,tags

Environment Variables:
JAVA_HOME=/apps/software/standard/core/java/17
_JAVA_OPTIONS=-Djava.io.tmpdir=/sfs/weka/scratch/wxw9rr/tmp
PATH=/apps/software/standard/core/java/17:/apps/software/standard/core/java/17/bin:/apps/software/standard/core/maven/3.9.0:/apps/software/standard/core/maven/3.9.0/bin:/home/wxw9rr/.local/bin:/opt/mam/9.1.2/bin:/sfs/gpfs/tardis/applications/202512/software/standard/core/code-server/4.99.1/lib/vscode/bin/remote-cli:/apps/software/standard/core/code-server/4.99.1/bin:/apps/software/standard/core/miniforge/24.3.0-py3.11:/apps/software/standard/core/miniforge/24.3.0-py3.11/sbin:/apps/software/standard/core/miniforge/24.3.0-py3.11/bin:/sfs/gpfs/tardis/home/wxw9rr/miniforge3/bin:/sfs/gpfs/tardis/home/wxw9rr/miniforge3/condabin:/usr/local/bin:/usr/bin:/usr/local/sbin:/usr/sbin:/opt/slurm/current/bin:/opt/rci/bin:/share/resources/HPCtools:/opt/mam/current/bin:/opt/apptainer/current/bin:/sfs/gpfs/tardis/home/wxw9rr/.local/bin
LD_LIBRARY_PATH=/apps/software/standard/core/java/17/lib:/apps/software/standard/core/maven/3.9.0/lib:/opt/slurm/current/lib
SHELL=/bin/bash
LANG=en_US.UTF-8
TERM=xterm-256color
TMPDIR=/sfs/weka/scratch/wxw9rr/tmp
TMP=/sfs/weka/scratch/wxw9rr/tmp
TEMP=/sfs/weka/scratch/wxw9rr/tmp

Active Locale:
LC_ALL=en_US.UTF-8
LC_COLLATE=en_US.UTF-8
LC_CTYPE=en_US.UTF-8
LC_MESSAGES=en_US.UTF-8
LC_MONETARY=en_US.UTF-8
LC_NUMERIC=en_US.UTF-8
LC_TIME=en_US.UTF-8

Signal Handlers:
   SIGSEGV: crash_handler in libjvm.so, mask=11100100010111111101111111111110, flags=SA_RESTART|SA_SIGINFO, unblocked
    SIGBUS: crash_handler in libjvm.so, mask=11100100010111111101111111111110, flags=SA_RESTART|SA_SIGINFO, unblocked
    SIGFPE: crash_handler in libjvm.so, mask=11100100010111111101111111111110, flags=SA_RESTART|SA_SIGINFO, unblocked
   SIGPIPE: javaSignalHandler in libjvm.so, mask=11100100010111111101111111111110, flags=SA_RESTART|SA_SIGINFO, unblocked
   SIGXFSZ: javaSignalHandler in libjvm.so, mask=11100100010111111101111111111110, flags=SA_RESTART|SA_SIGINFO, unblocked
    SIGILL: crash_handler in libjvm.so, mask=11100100010111111101111111111110, flags=SA_RESTART|SA_SIGINFO, unblocked
   SIGUSR2: SR_handler in libjvm.so, mask=00100000000000000000000000000000, flags=SA_RESTART|SA_SIGINFO, unblocked
    SIGHUP: UserHandler in libjvm.so, mask=11100100010111111101111111111110, flags=SA_RESTART|SA_SIGINFO, unblocked
    SIGINT: UserHandler in libjvm.so, mask=11100100010111111101111111111110, flags=SA_RESTART|SA_SIGINFO, unblocked
   SIGTERM: UserHandler in libjvm.so, mask=11100100010111111101111111111110, flags=SA_RESTART|SA_SIGINFO, unblocked
   SIGQUIT: UserHandler in libjvm.so, mask=11100100010111111101111111111110, flags=SA_RESTART|SA_SIGINFO, unblocked
   SIGTRAP: crash_handler in libjvm.so, mask=11100100010111111101111111111110, flags=SA_RESTART|SA_SIGINFO, unblocked


Periodic native trim disabled


---------------  S Y S T E M  ---------------

OS:
Rocky Linux release 8.10 (Green Obsidian)
uname: Linux 4.18.0-553.47.1.el8_10.x86_64 #1 SMP Thu Apr 3 14:27:08 UTC 2025 x86_64
OS uptime: 88 days 17:16 hours
libc: glibc 2.28 NPTL 2.28 
rlimit (soft/hard): STACK 8192k/infinity , CORE infinity/infinity , NPROC 3094208/3094208 , NOFILE 65536/65536 , AS infinity/infinity , CPU infinity/infinity , DATA infinity/infinity , FSIZE infinity/infinity , MEMLOCK infinity/infinity
load average: 113.08 86.09 60.16

/proc/meminfo:
MemTotal:       792160700 kB
MemFree:        138305180 kB
MemAvailable:   375153592 kB
Buffers:           28000 kB
Cached:         257953396 kB
SwapCached:            0 kB
Active:         92646412 kB
Inactive:       520226932 kB
Active(anon):    9122020 kB
Inactive(anon): 365902488 kB
Active(file):   83524392 kB
Inactive(file): 154324444 kB
Unevictable:    16958460 kB
Mlocked:        16958460 kB
SwapTotal:             0 kB
SwapFree:              0 kB
Dirty:                16 kB
Writeback:             0 kB
AnonPages:      371698688 kB
Mapped:          3396784 kB
Shmem:          19767540 kB
KReclaimable:    4102892 kB
Slab:            6624260 kB
SReclaimable:    4102892 kB
SUnreclaim:      2521368 kB
KernelStack:      109008 kB
PageTables:      1033872 kB
NFS_Unstable:          0 kB
Bounce:                0 kB
WritebackTmp:          0 kB
CommitLimit:    772820100 kB
Committed_AS:   771416668 kB
VmallocTotal:   13743895347199 kB
VmallocUsed:     2469528 kB
VmallocChunk:          0 kB
Percpu:           909312 kB
HardwareCorrupted:     0 kB
AnonHugePages:  131366912 kB
ShmemHugePages:        0 kB
ShmemPmdMapped:        0 kB
FileHugePages:         0 kB
FilePmdMapped:         0 kB
HugePages_Total:    5632
HugePages_Free:        0
HugePages_Rsvd:        0
HugePages_Surp:        0
Hugepagesize:       2048 kB
Hugetlb:        11534336 kB
DirectMap4k:     1240012 kB
DirectMap2M:    201951232 kB
DirectMap1G:    602931200 kB

/sys/kernel/mm/transparent_hugepage/enabled: [always] madvise never
/sys/kernel/mm/transparent_hugepage/hpage_pmd_size: 2097152
/sys/kernel/mm/transparent_hugepage/defrag (defrag/compaction efforts parameter): always defer defer+madvise [madvise] never

Process Memory:
Virtual Size: 28298564K (peak: 37339900K)
Resident Set Size: 4612844K (peak: 4612844K) (anon: 4594548K, file: 18264K, shmem: 32K)
Swapped out: 0K
C-Heap outstanding allocations: 57345K, retained: 100098K (may have wrapped)
glibc malloc tunables: (default)

/proc/sys/kernel/threads-max (system-wide limit on the number of threads): 6188417
/proc/sys/vm/max_map_count (maximum number of memory map areas a process may have): 65530
/proc/sys/vm/swappiness (control to define how aggressively the kernel swaps out anonymous memory): 10
/proc/sys/kernel/pid_max (system-wide limit on number of process identifiers): 999999

container (cgroup) information:
container_type: cgroupv1
cpu_cpuset_cpus: 0-23
cpu_memory_nodes: 0-1
active_processor_count: 24
cpu_quota: no quota
cpu_period: 100000
cpu_shares: no shares
memory_limit_in_bytes: 536870912 k
memory_and_swap_limit_in_bytes: 536870912 k
memory_soft_limit_in_bytes: unlimited
memory_usage_in_bytes: 352166884 k
memory_max_usage_in_bytes: 441547720 k
kernel_memory_limit_in_bytes: unlimited
kernel_memory_usage_in_bytes: 2662168 k
kernel_memory_max_usage_in_bytes: 2744848 k
maximum number of tasks: unlimited
current number of tasks: 3821

Steal ticks since vm start: 0
Steal ticks percentage since vm start:  0.000

CPU: total 96 (initial active 24) (48 cores per cpu, 1 threads per core) family 25 model 17 stepping 1 microcode 0xa10113b, cx8, cmov, fxsr, mmx, 3dnowpref, sse, sse2, sse3, ssse3, sse4a, sse4.1, sse4.2, popcnt, lzcnt, tsc, tscinvbit, avx, avx2, aes, erms, clmul, bmi1, bmi2, adx, avx512f, avx512dq, avx512cd, avx512bw, avx512vl, sha, fma, vzeroupper, avx512_vpopcntdq, avx512_vpclmulqdq, avx512_vaes, avx512_vnni, clflush, clflushopt, avx512_vbmi2, avx512_vbmi
CPU Model and flags from /proc/cpuinfo:
model name	: AMD EPYC 9454 48-Core Processor
flags		: fpu vme de pse tsc msr pae mce cx8 apic sep mtrr pge mca cmov pat pse36 clflush mmx fxsr sse sse2 ht syscall nx mmxext fxsr_opt pdpe1gb rdtscp lm constant_tsc rep_good amd_lbr_v2 nopl nonstop_tsc cpuid extd_apicid aperfmperf pni pclmulqdq monitor ssse3 fma cx16 pcid sse4_1 sse4_2 x2apic movbe popcnt aes xsave avx f16c rdrand lahf_lm cmp_legacy svm extapic cr8_legacy abm sse4a misalignsse 3dnowprefetch osvw ibs skinit wdt tce topoext perfctr_core perfctr_nb bpext perfctr_llc mwaitx cpb cat_l3 cdp_l3 invpcid_single hw_pstate ssbd mba perfmon_v2 ibrs ibpb stibp ibrs_enhanced vmmcall fsgsbase bmi1 avx2 smep bmi2 erms invpcid cqm rdt_a avx512f avx512dq rdseed adx smap avx512ifma clflushopt clwb avx512cd sha_ni avx512bw avx512vl xsaveopt xsavec xgetbv1 xsaves cqm_llc cqm_occup_llc cqm_mbm_total cqm_mbm_local avx512_bf16 clzero irperf xsaveerptr wbnoinvd amd_ppin cppc arat npt lbrv svm_lock nrip_save tsc_scale vmcb_clean flushbyasid decodeassists pausefilter pfthreshold avic v_vmsave_vmload vgif x2avic v_spec_ctrl avx512vbmi umip pku ospke avx512_vbmi2 gfni vaes vpclmulqdq avx512_vnni avx512_bitalg avx512_vpopcntdq la57 rdpid overflow_recov succor smca fsrm flush_l1d

Online cpus: 0-95
Offline cpus: 96-511
BIOS frequency limitation: 2750000
Frequency switch latency (ns): 0
Available cpu frequencies: 2750000 2100000 1500000 
Current governor: performance
Core performance/turbo boost: 1

Memory: 4k page, physical 536870912k(184724172k free), swap 0k(0k free)
Page Sizes: 4k

vm_info: OpenJDK 64-Bit Server VM (17.0.15+6) for linux-amd64 JRE (17.0.15+6), built on Apr 15 2025 00:00:00 by "admin" with gcc 10.3.0

END.
