id,project,test_class,test_name,test_file_path,focal_file_path,focal_class,focal_package,oracle_type,junit_version
bean_1_1,commons-beanutils-1.9.4,LazyDynaClassTestCase,testAddProperty1_1_oe,src/test/java/org/apache/commons/beanutils/LazyDynaClassTestCase.java,,,,assert,unknown
bean_1_2,commons-beanutils-1.9.4,LazyDynaClassTestCase,testAddProperty1_2_oe,src/test/java/org/apache/commons/beanutils/LazyDynaClassTestCase.java,,,,assert,unknown
bean_2_1,commons-beanutils-1.9.4,LazyDynaClassTestCase,testAddProperty2_1_oe,src/test/java/org/apache/commons/beanutils/LazyDynaClassTestCase.java,,,,assert,unknown
bean_2_2,commons-beanutils-1.9.4,LazyDynaClassTestCase,testAddProperty2_2_oe,src/test/java/org/apache/commons/beanutils/LazyDynaClassTestCase.java,,,,assert,unknown
bean_7_1,commons-beanutils-1.9.4,LazyDynaClassTestCase,testAddPropertyRestricted1_1_oe,src/test/java/org/apache/commons/beanutils/LazyDynaClassTestCase.java,,,,assert,unknown
bean_8_1,commons-beanutils-1.9.4,LazyDynaClassTestCase,testAddPropertyRestricted2_1_oe,src/test/java/org/apache/commons/beanutils/LazyDynaClassTestCase.java,,,,assert,unknown
bean_9_1,commons-beanutils-1.9.4,LazyDynaClassTestCase,testAddPropertyRestricted3_1_oe,src/test/java/org/apache/commons/beanutils/LazyDynaClassTestCase.java,,,,assert,unknown
bean_10_1,commons-beanutils-1.9.4,LazyDynaClassTestCase,testGetPropertyDoesntExist1_1_oe,src/test/java/org/apache/commons/beanutils/LazyDynaClassTestCase.java,,,,assert,unknown
bean_10_2,commons-beanutils-1.9.4,LazyDynaClassTestCase,testGetPropertyDoesntExist1_2_oe,src/test/java/org/apache/commons/beanutils/LazyDynaClassTestCase.java,,,,assert,unknown
bean_10_3,commons-beanutils-1.9.4,LazyDynaClassTestCase,testGetPropertyDoesntExist1_3_oe,src/test/java/org/apache/commons/beanutils/LazyDynaClassTestCase.java,,,,assert,unknown
bean_10_4,commons-beanutils-1.9.4,LazyDynaClassTestCase,testGetPropertyDoesntExist1_4_oe,src/test/java/org/apache/commons/beanutils/LazyDynaClassTestCase.java,,,,assert,unknown
bean_11_1,commons-beanutils-1.9.4,LazyDynaClassTestCase,testGetPropertyDoesntExist2_1_oe,src/test/java/org/apache/commons/beanutils/LazyDynaClassTestCase.java,,,,assert,unknown
bean_11_2,commons-beanutils-1.9.4,LazyDynaClassTestCase,testGetPropertyDoesntExist2_2_oe,src/test/java/org/apache/commons/beanutils/LazyDynaClassTestCase.java,,,,assert,unknown
bean_12_1,commons-beanutils-1.9.4,LazyDynaClassTestCase,testRemoveProperty_1_oe,src/test/java/org/apache/commons/beanutils/LazyDynaClassTestCase.java,,,,assert,unknown
bean_12_2,commons-beanutils-1.9.4,LazyDynaClassTestCase,testRemoveProperty_2_oe,src/test/java/org/apache/commons/beanutils/LazyDynaClassTestCase.java,,,,assert,unknown
bean_12_3,commons-beanutils-1.9.4,LazyDynaClassTestCase,testRemoveProperty_3_oe,src/test/java/org/apache/commons/beanutils/LazyDynaClassTestCase.java,,,,assert,unknown
bean_12_4,commons-beanutils-1.9.4,LazyDynaClassTestCase,testRemoveProperty_4_oe,src/test/java/org/apache/commons/beanutils/LazyDynaClassTestCase.java,,,,assert,unknown
bean_14_1,commons-beanutils-1.9.4,LazyDynaClassTestCase,testRemovePropertyRestricted_1_oe,src/test/java/org/apache/commons/beanutils/LazyDynaClassTestCase.java,,,,assert,unknown
bean_14_2,commons-beanutils-1.9.4,LazyDynaClassTestCase,testRemovePropertyRestricted_2_oe,src/test/java/org/apache/commons/beanutils/LazyDynaClassTestCase.java,,,,assert,unknown
bean_15_1,commons-beanutils-1.9.4,LazyDynaClassTestCase,testRemovePropertyDoesntExist_1_oe,src/test/java/org/apache/commons/beanutils/LazyDynaClassTestCase.java,,,,assert,unknown
bean_15_2,commons-beanutils-1.9.4,LazyDynaClassTestCase,testRemovePropertyDoesntExist_2_oe,src/test/java/org/apache/commons/beanutils/LazyDynaClassTestCase.java,,,,assert,unknown
bean_16_1,commons-beanutils-1.9.4,IndexedPropertyTestCase,testArrayIndexedPropertyDescriptor_1_oe,src/test/java/org/apache/commons/beanutils/IndexedPropertyTestCase.java,,,,assert,unknown
bean_16_2,commons-beanutils-1.9.4,IndexedPropertyTestCase,testArrayIndexedPropertyDescriptor_2_oe,src/test/java/org/apache/commons/beanutils/IndexedPropertyTestCase.java,,,,assert,unknown
bean_16_3,commons-beanutils-1.9.4,IndexedPropertyTestCase,testArrayIndexedPropertyDescriptor_3_oe,src/test/java/org/apache/commons/beanutils/IndexedPropertyTestCase.java,,,,assert,unknown
bean_17_1,commons-beanutils-1.9.4,IndexedPropertyTestCase,testListIndexedPropertyDescriptor_1_oe,src/test/java/org/apache/commons/beanutils/IndexedPropertyTestCase.java,,,,assert,unknown
bean_17_2,commons-beanutils-1.9.4,IndexedPropertyTestCase,testListIndexedPropertyDescriptor_2_oe,src/test/java/org/apache/commons/beanutils/IndexedPropertyTestCase.java,,,,assert,unknown
bean_17_3,commons-beanutils-1.9.4,IndexedPropertyTestCase,testListIndexedPropertyDescriptor_3_oe,src/test/java/org/apache/commons/beanutils/IndexedPropertyTestCase.java,,,,assert,unknown
bean_18_1,commons-beanutils-1.9.4,IndexedPropertyTestCase,testArrayListIndexedPropertyDescriptor_1_oe,src/test/java/org/apache/commons/beanutils/IndexedPropertyTestCase.java,,,,assert,unknown
bean_18_2,commons-beanutils-1.9.4,IndexedPropertyTestCase,testArrayListIndexedPropertyDescriptor_2_oe,src/test/java/org/apache/commons/beanutils/IndexedPropertyTestCase.java,,,,assert,unknown
bean_18_3,commons-beanutils-1.9.4,IndexedPropertyTestCase,testArrayListIndexedPropertyDescriptor_3_oe,src/test/java/org/apache/commons/beanutils/IndexedPropertyTestCase.java,,,,assert,unknown
bean_19_1,commons-beanutils-1.9.4,IndexedPropertyTestCase,testArrayReadMethod_1_oe,src/test/java/org/apache/commons/beanutils/IndexedPropertyTestCase.java,,,,assert,unknown
bean_20_1,commons-beanutils-1.9.4,IndexedPropertyTestCase,testArrayWriteMethod_1_oe,src/test/java/org/apache/commons/beanutils/IndexedPropertyTestCase.java,,,,assert,unknown
bean_21_1,commons-beanutils-1.9.4,IndexedPropertyTestCase,testArrayIndexedReadMethod_1_oe,src/test/java/org/apache/commons/beanutils/IndexedPropertyTestCase.java,,,,assert,unknown
bean_22_1,commons-beanutils-1.9.4,IndexedPropertyTestCase,testArrayIndexedWriteMethod_1_oe,src/test/java/org/apache/commons/beanutils/IndexedPropertyTestCase.java,,,,assert,unknown
bean_23_1,commons-beanutils-1.9.4,IndexedPropertyTestCase,testListReadMethod_1_oe,src/test/java/org/apache/commons/beanutils/IndexedPropertyTestCase.java,,,,assert,unknown
bean_24_1,commons-beanutils-1.9.4,IndexedPropertyTestCase,testListWriteMethod_1_oe,src/test/java/org/apache/commons/beanutils/IndexedPropertyTestCase.java,,,,assert,unknown
bean_25_1,commons-beanutils-1.9.4,IndexedPropertyTestCase,testListIndexedReadMethod_1_oe,src/test/java/org/apache/commons/beanutils/IndexedPropertyTestCase.java,,,,assert,unknown
bean_25_2,commons-beanutils-1.9.4,IndexedPropertyTestCase,testListIndexedReadMethod_2_oe,src/test/java/org/apache/commons/beanutils/IndexedPropertyTestCase.java,,,,assert,unknown
bean_26_1,commons-beanutils-1.9.4,IndexedPropertyTestCase,testListIndexedWriteMethod_1_oe,src/test/java/org/apache/commons/beanutils/IndexedPropertyTestCase.java,,,,assert,unknown
bean_26_2,commons-beanutils-1.9.4,IndexedPropertyTestCase,testListIndexedWriteMethod_2_oe,src/test/java/org/apache/commons/beanutils/IndexedPropertyTestCase.java,,,,assert,unknown
bean_27_1,commons-beanutils-1.9.4,IndexedPropertyTestCase,testArrayListReadMethod_1_oe,src/test/java/org/apache/commons/beanutils/IndexedPropertyTestCase.java,,,,assert,unknown
bean_28_1,commons-beanutils-1.9.4,IndexedPropertyTestCase,testArrayListWriteMethod_1_oe,src/test/java/org/apache/commons/beanutils/IndexedPropertyTestCase.java,,,,assert,unknown
bean_29_1,commons-beanutils-1.9.4,IndexedPropertyTestCase,testGetArray_1_oe,src/test/java/org/apache/commons/beanutils/IndexedPropertyTestCase.java,,,,assert,unknown
bean_30_1,commons-beanutils-1.9.4,IndexedPropertyTestCase,testGetArrayAsString_1_oe,src/test/java/org/apache/commons/beanutils/IndexedPropertyTestCase.java,,,,assert,unknown
bean_31_1,commons-beanutils-1.9.4,IndexedPropertyTestCase,testGetArrayItemA_1_oe,src/test/java/org/apache/commons/beanutils/IndexedPropertyTestCase.java,,,,assert,unknown
bean_32_1,commons-beanutils-1.9.4,IndexedPropertyTestCase,testGetArrayItemB_1_oe,src/test/java/org/apache/commons/beanutils/IndexedPropertyTestCase.java,,,,assert,unknown
bean_33_1,commons-beanutils-1.9.4,IndexedPropertyTestCase,testGetList_1_oe,src/test/java/org/apache/commons/beanutils/IndexedPropertyTestCase.java,,,,assert,unknown
bean_34_1,commons-beanutils-1.9.4,IndexedPropertyTestCase,testGetListAsString_1_oe,src/test/java/org/apache/commons/beanutils/IndexedPropertyTestCase.java,,,,assert,unknown
bean_35_1,commons-beanutils-1.9.4,IndexedPropertyTestCase,testGetListItemA_1_oe,src/test/java/org/apache/commons/beanutils/IndexedPropertyTestCase.java,,,,assert,unknown
bean_36_1,commons-beanutils-1.9.4,IndexedPropertyTestCase,testGetListItemB_1_oe,src/test/java/org/apache/commons/beanutils/IndexedPropertyTestCase.java,,,,assert,unknown
bean_37_1,commons-beanutils-1.9.4,IndexedPropertyTestCase,testSetArray_1_oe,src/test/java/org/apache/commons/beanutils/IndexedPropertyTestCase.java,,,,assert,unknown
bean_37_2,commons-beanutils-1.9.4,IndexedPropertyTestCase,testSetArray_2_oe,src/test/java/org/apache/commons/beanutils/IndexedPropertyTestCase.java,,,,assert,unknown
bean_37_3,commons-beanutils-1.9.4,IndexedPropertyTestCase,testSetArray_3_oe,src/test/java/org/apache/commons/beanutils/IndexedPropertyTestCase.java,,,,assert,unknown
bean_38_1,commons-beanutils-1.9.4,IndexedPropertyTestCase,testSetArrayItemA_1_oe,src/test/java/org/apache/commons/beanutils/IndexedPropertyTestCase.java,,,,assert,unknown
bean_39_1,commons-beanutils-1.9.4,IndexedPropertyTestCase,testSetArrayItemB_1_oe,src/test/java/org/apache/commons/beanutils/IndexedPropertyTestCase.java,,,,assert,unknown
bean_40_1,commons-beanutils-1.9.4,IndexedPropertyTestCase,testSetList_1_oe,src/test/java/org/apache/commons/beanutils/IndexedPropertyTestCase.java,,,,assert,unknown
bean_40_2,commons-beanutils-1.9.4,IndexedPropertyTestCase,testSetList_2_oe,src/test/java/org/apache/commons/beanutils/IndexedPropertyTestCase.java,,,,assert,unknown
bean_40_3,commons-beanutils-1.9.4,IndexedPropertyTestCase,testSetList_3_oe,src/test/java/org/apache/commons/beanutils/IndexedPropertyTestCase.java,,,,assert,unknown
bean_41_1,commons-beanutils-1.9.4,IndexedPropertyTestCase,testSetListItemA_1_oe,src/test/java/org/apache/commons/beanutils/IndexedPropertyTestCase.java,,,,assert,unknown
bean_42_1,commons-beanutils-1.9.4,IndexedPropertyTestCase,testSetListItemB_1_oe,src/test/java/org/apache/commons/beanutils/IndexedPropertyTestCase.java,,,,assert,unknown
bean_43_1,commons-beanutils-1.9.4,IndexedPropertyTestCase,testGetArrayList_1_oe,src/test/java/org/apache/commons/beanutils/IndexedPropertyTestCase.java,,,,assert,unknown
bean_44_1,commons-beanutils-1.9.4,IndexedPropertyTestCase,testSetArrayList_1_oe,src/test/java/org/apache/commons/beanutils/IndexedPropertyTestCase.java,,,,assert,unknown
bean_44_2,commons-beanutils-1.9.4,IndexedPropertyTestCase,testSetArrayList_2_oe,src/test/java/org/apache/commons/beanutils/IndexedPropertyTestCase.java,,,,assert,unknown
bean_44_3,commons-beanutils-1.9.4,IndexedPropertyTestCase,testSetArrayList_3_oe,src/test/java/org/apache/commons/beanutils/IndexedPropertyTestCase.java,,,,assert,unknown
bean_45_1,commons-beanutils-1.9.4,MethodUtilsTestCase,testInvokeExactMethod_1_oe,src/test/java/org/apache/commons/beanutils/MethodUtilsTestCase.java,,,,assert,unknown
bean_45_2,commons-beanutils-1.9.4,MethodUtilsTestCase,testInvokeExactMethod_2_oe,src/test/java/org/apache/commons/beanutils/MethodUtilsTestCase.java,,,,assert,unknown
bean_46_1,commons-beanutils-1.9.4,MethodUtilsTestCase,testInvokeExactMethodFromInterface_1_oe,src/test/java/org/apache/commons/beanutils/MethodUtilsTestCase.java,,,,assert,unknown
bean_47_1,commons-beanutils-1.9.4,MethodUtilsTestCase,testInvokeExactMethodIndirectInterface_1_oe,src/test/java/org/apache/commons/beanutils/MethodUtilsTestCase.java,,,,assert,unknown
bean_48_1,commons-beanutils-1.9.4,MethodUtilsTestCase,testInvokeExactMethodNullArray_1_oe,src/test/java/org/apache/commons/beanutils/MethodUtilsTestCase.java,,,,assert,unknown
bean_49_1,commons-beanutils-1.9.4,MethodUtilsTestCase,testInvokeExactMethodNullArrayNullArray_1_oe,src/test/java/org/apache/commons/beanutils/MethodUtilsTestCase.java,,,,assert,unknown
bean_50_1,commons-beanutils-1.9.4,MethodUtilsTestCase,testInvokeExactMethodNull_1_oe,src/test/java/org/apache/commons/beanutils/MethodUtilsTestCase.java,,,,assert,unknown
bean_51_1,commons-beanutils-1.9.4,MethodUtilsTestCase,testInvokeMethod_1_oe,src/test/java/org/apache/commons/beanutils/MethodUtilsTestCase.java,,,,assert,unknown
bean_52_1,commons-beanutils-1.9.4,MethodUtilsTestCase,testInvokeMethodObject_1_oe,src/test/java/org/apache/commons/beanutils/MethodUtilsTestCase.java,,,,assert,unknown
bean_53_1,commons-beanutils-1.9.4,MethodUtilsTestCase,testInvokeMethodArray_1_oe,src/test/java/org/apache/commons/beanutils/MethodUtilsTestCase.java,,,,assert,unknown
bean_55_1,commons-beanutils-1.9.4,MethodUtilsTestCase,testInvokeMethodNullArray_1_oe,src/test/java/org/apache/commons/beanutils/MethodUtilsTestCase.java,,,,assert,unknown
bean_56_1,commons-beanutils-1.9.4,MethodUtilsTestCase,testInvokeMethodNullArrayNullArray_1_oe,src/test/java/org/apache/commons/beanutils/MethodUtilsTestCase.java,,,,assert,unknown
bean_57_1,commons-beanutils-1.9.4,MethodUtilsTestCase,testInvokeMethodNull_1_oe,src/test/java/org/apache/commons/beanutils/MethodUtilsTestCase.java,,,,assert,unknown
bean_58_1,commons-beanutils-1.9.4,MethodUtilsTestCase,testInvokeMethodPrimitiveBoolean_1_oe,src/test/java/org/apache/commons/beanutils/MethodUtilsTestCase.java,,,,assert,unknown
bean_59_1,commons-beanutils-1.9.4,MethodUtilsTestCase,testInvokeMethodPrimitiveFloat_1_oe,src/test/java/org/apache/commons/beanutils/MethodUtilsTestCase.java,,,,assert,unknown
bean_60_1,commons-beanutils-1.9.4,MethodUtilsTestCase,testInvokeMethodPrimitiveLong_1_oe,src/test/java/org/apache/commons/beanutils/MethodUtilsTestCase.java,,,,assert,unknown
bean_61_1,commons-beanutils-1.9.4,MethodUtilsTestCase,testInvokeMethodPrimitiveInt_1_oe,src/test/java/org/apache/commons/beanutils/MethodUtilsTestCase.java,,,,assert,unknown
bean_62_1,commons-beanutils-1.9.4,MethodUtilsTestCase,testInvokeMethodPrimitiveDouble_1_oe,src/test/java/org/apache/commons/beanutils/MethodUtilsTestCase.java,,,,assert,unknown
bean_63_1,commons-beanutils-1.9.4,MethodUtilsTestCase,testStaticInvokeMethod_1_oe,src/test/java/org/apache/commons/beanutils/MethodUtilsTestCase.java,,,,assert,unknown
bean_63_2,commons-beanutils-1.9.4,MethodUtilsTestCase,testStaticInvokeMethod_2_oe,src/test/java/org/apache/commons/beanutils/MethodUtilsTestCase.java,,,,assert,unknown
bean_63_3,commons-beanutils-1.9.4,MethodUtilsTestCase,testStaticInvokeMethod_3_oe,src/test/java/org/apache/commons/beanutils/MethodUtilsTestCase.java,,,,assert,unknown
bean_63_4,commons-beanutils-1.9.4,MethodUtilsTestCase,testStaticInvokeMethod_4_oe,src/test/java/org/apache/commons/beanutils/MethodUtilsTestCase.java,,,,assert,unknown
bean_64_1,commons-beanutils-1.9.4,MethodUtilsTestCase,testInvokeStaticMethodNull_1_oe,src/test/java/org/apache/commons/beanutils/MethodUtilsTestCase.java,,,,assert,unknown
bean_65_1,commons-beanutils-1.9.4,MethodUtilsTestCase,testInvokeExactStaticMethodNull_1_oe,src/test/java/org/apache/commons/beanutils/MethodUtilsTestCase.java,,,,assert,unknown
bean_66_10,commons-beanutils-1.9.4,MethodUtilsTestCase,testSimpleStatic1_10_oe,src/test/java/org/apache/commons/beanutils/MethodUtilsTestCase.java,,,,assert,unknown
bean_67_10,commons-beanutils-1.9.4,MethodUtilsTestCase,testSimpleStatic2_10_oe,src/test/java/org/apache/commons/beanutils/MethodUtilsTestCase.java,,,,assert,unknown
bean_68_25,commons-beanutils-1.9.4,MethodUtilsTestCase,testSimpleStatic3_25_oe,src/test/java/org/apache/commons/beanutils/MethodUtilsTestCase.java,,,,assert,unknown
bean_69_1,commons-beanutils-1.9.4,MethodUtilsTestCase,testPublicSub_1_oe,src/test/java/org/apache/commons/beanutils/MethodUtilsTestCase.java,,,,assert,unknown
bean_69_2,commons-beanutils-1.9.4,MethodUtilsTestCase,testPublicSub_2_oe,src/test/java/org/apache/commons/beanutils/MethodUtilsTestCase.java,,,,assert,unknown
bean_69_3,commons-beanutils-1.9.4,MethodUtilsTestCase,testPublicSub_3_oe,src/test/java/org/apache/commons/beanutils/MethodUtilsTestCase.java,,,,assert,unknown
bean_69_4,commons-beanutils-1.9.4,MethodUtilsTestCase,testPublicSub_4_oe,src/test/java/org/apache/commons/beanutils/MethodUtilsTestCase.java,,,,assert,unknown
bean_69_5,commons-beanutils-1.9.4,MethodUtilsTestCase,testPublicSub_5_oe,src/test/java/org/apache/commons/beanutils/MethodUtilsTestCase.java,,,,assert,unknown
bean_69_6,commons-beanutils-1.9.4,MethodUtilsTestCase,testPublicSub_6_oe,src/test/java/org/apache/commons/beanutils/MethodUtilsTestCase.java,,,,assert,unknown
bean_69_7,commons-beanutils-1.9.4,MethodUtilsTestCase,testPublicSub_7_oe,src/test/java/org/apache/commons/beanutils/MethodUtilsTestCase.java,,,,assert,unknown
bean_69_8,commons-beanutils-1.9.4,MethodUtilsTestCase,testPublicSub_8_oe,src/test/java/org/apache/commons/beanutils/MethodUtilsTestCase.java,,,,assert,unknown
bean_69_9,commons-beanutils-1.9.4,MethodUtilsTestCase,testPublicSub_9_oe,src/test/java/org/apache/commons/beanutils/MethodUtilsTestCase.java,,,,assert,unknown
bean_69_10,commons-beanutils-1.9.4,MethodUtilsTestCase,testPublicSub_10_oe,src/test/java/org/apache/commons/beanutils/MethodUtilsTestCase.java,,,,assert,unknown
bean_69_11,commons-beanutils-1.9.4,MethodUtilsTestCase,testPublicSub_11_oe,src/test/java/org/apache/commons/beanutils/MethodUtilsTestCase.java,,,,assert,unknown
bean_69_12,commons-beanutils-1.9.4,MethodUtilsTestCase,testPublicSub_12_oe,src/test/java/org/apache/commons/beanutils/MethodUtilsTestCase.java,,,,assert,unknown
bean_69_13,commons-beanutils-1.9.4,MethodUtilsTestCase,testPublicSub_13_oe,src/test/java/org/apache/commons/beanutils/MethodUtilsTestCase.java,,,,assert,unknown
bean_69_14,commons-beanutils-1.9.4,MethodUtilsTestCase,testPublicSub_14_oe,src/test/java/org/apache/commons/beanutils/MethodUtilsTestCase.java,,,,assert,unknown
bean_70_1,commons-beanutils-1.9.4,MethodUtilsTestCase,testParentMethod_1_oe,src/test/java/org/apache/commons/beanutils/MethodUtilsTestCase.java,,,,assert,unknown
bean_70_2,commons-beanutils-1.9.4,MethodUtilsTestCase,testParentMethod_2_oe,src/test/java/org/apache/commons/beanutils/MethodUtilsTestCase.java,,,,assert,unknown
bean_71_1,commons-beanutils-1.9.4,MethodUtilsTestCase,testClearCache_1_oe,src/test/java/org/apache/commons/beanutils/MethodUtilsTestCase.java,,,,assert,unknown
bean_71_2,commons-beanutils-1.9.4,MethodUtilsTestCase,testClearCache_2_oe,src/test/java/org/apache/commons/beanutils/MethodUtilsTestCase.java,,,,assert,unknown
bean_72_1,commons-beanutils-1.9.4,MethodUtilsTestCase,testSetCacheMethods_1_oe,src/test/java/org/apache/commons/beanutils/MethodUtilsTestCase.java,,,,assert,unknown
bean_72_2,commons-beanutils-1.9.4,MethodUtilsTestCase,testSetCacheMethods_2_oe,src/test/java/org/apache/commons/beanutils/MethodUtilsTestCase.java,,,,assert,unknown
bean_73_1,commons-beanutils-1.9.4,MethodUtilsTestCase,testNoCaching_1_oe,src/test/java/org/apache/commons/beanutils/MethodUtilsTestCase.java,,,,assert,unknown
bean_74_1,commons-beanutils-1.9.4,DynaResultSetTestCase,testGetName_1_oe,src/test/java/org/apache/commons/beanutils/DynaResultSetTestCase.java,,,,assert,unknown
bean_75_2,commons-beanutils-1.9.4,DynaResultSetTestCase,testGetDynaProperty_2_oe,src/test/java/org/apache/commons/beanutils/DynaResultSetTestCase.java,,,,assert,unknown
bean_75_3,commons-beanutils-1.9.4,DynaResultSetTestCase,testGetDynaProperty_3_oe,src/test/java/org/apache/commons/beanutils/DynaResultSetTestCase.java,,,,assert,unknown
bean_75_4,commons-beanutils-1.9.4,DynaResultSetTestCase,testGetDynaProperty_4_oe,src/test/java/org/apache/commons/beanutils/DynaResultSetTestCase.java,,,,assert,unknown
bean_75_5,commons-beanutils-1.9.4,DynaResultSetTestCase,testGetDynaProperty_5_oe,src/test/java/org/apache/commons/beanutils/DynaResultSetTestCase.java,,,,assert,unknown
bean_76_1,commons-beanutils-1.9.4,DynaResultSetTestCase,testGetDynaProperties_1_oe,src/test/java/org/apache/commons/beanutils/DynaResultSetTestCase.java,,,,assert,unknown
bean_76_2,commons-beanutils-1.9.4,DynaResultSetTestCase,testGetDynaProperties_2_oe,src/test/java/org/apache/commons/beanutils/DynaResultSetTestCase.java,,,,assert,unknown
bean_76_3,commons-beanutils-1.9.4,DynaResultSetTestCase,testGetDynaProperties_3_oe,src/test/java/org/apache/commons/beanutils/DynaResultSetTestCase.java,,,,assert,unknown
bean_77_2,commons-beanutils-1.9.4,DynaResultSetTestCase,testNewInstance_2_oe,src/test/java/org/apache/commons/beanutils/DynaResultSetTestCase.java,,,,assert,unknown
bean_78_1,commons-beanutils-1.9.4,DynaResultSetTestCase,testIteratorCount_1_oe,src/test/java/org/apache/commons/beanutils/DynaResultSetTestCase.java,,,,assert,unknown
bean_78_2,commons-beanutils-1.9.4,DynaResultSetTestCase,testIteratorCount_2_oe,src/test/java/org/apache/commons/beanutils/DynaResultSetTestCase.java,,,,assert,unknown
bean_78_3,commons-beanutils-1.9.4,DynaResultSetTestCase,testIteratorCount_3_oe,src/test/java/org/apache/commons/beanutils/DynaResultSetTestCase.java,,,,assert,unknown
bean_79_2,commons-beanutils-1.9.4,DynaResultSetTestCase,testIteratorResults_2_oe,src/test/java/org/apache/commons/beanutils/DynaResultSetTestCase.java,,,,assert,unknown
bean_79_3,commons-beanutils-1.9.4,DynaResultSetTestCase,testIteratorResults_3_oe,src/test/java/org/apache/commons/beanutils/DynaResultSetTestCase.java,,,,assert,unknown
bean_79_4,commons-beanutils-1.9.4,DynaResultSetTestCase,testIteratorResults_4_oe,src/test/java/org/apache/commons/beanutils/DynaResultSetTestCase.java,,,,assert,unknown
bean_79_5,commons-beanutils-1.9.4,DynaResultSetTestCase,testIteratorResults_5_oe,src/test/java/org/apache/commons/beanutils/DynaResultSetTestCase.java,,,,assert,unknown
bean_79_6,commons-beanutils-1.9.4,DynaResultSetTestCase,testIteratorResults_6_oe,src/test/java/org/apache/commons/beanutils/DynaResultSetTestCase.java,,,,assert,unknown
bean_79_7,commons-beanutils-1.9.4,DynaResultSetTestCase,testIteratorResults_7_oe,src/test/java/org/apache/commons/beanutils/DynaResultSetTestCase.java,,,,assert,unknown
bean_79_8,commons-beanutils-1.9.4,DynaResultSetTestCase,testIteratorResults_8_oe,src/test/java/org/apache/commons/beanutils/DynaResultSetTestCase.java,,,,assert,unknown
bean_79_9,commons-beanutils-1.9.4,DynaResultSetTestCase,testIteratorResults_9_oe,src/test/java/org/apache/commons/beanutils/DynaResultSetTestCase.java,,,,assert,unknown
bean_79_10,commons-beanutils-1.9.4,DynaResultSetTestCase,testIteratorResults_10_oe,src/test/java/org/apache/commons/beanutils/DynaResultSetTestCase.java,,,,assert,unknown
bean_79_11,commons-beanutils-1.9.4,DynaResultSetTestCase,testIteratorResults_11_oe,src/test/java/org/apache/commons/beanutils/DynaResultSetTestCase.java,,,,assert,unknown
bean_80_1,commons-beanutils-1.9.4,DynaResultSetTestCase,testIteratorResultsNormalCase_1_oe,src/test/java/org/apache/commons/beanutils/DynaResultSetTestCase.java,,,,assert,unknown
bean_80_3,commons-beanutils-1.9.4,DynaResultSetTestCase,testIteratorResultsNormalCase_3_oe,src/test/java/org/apache/commons/beanutils/DynaResultSetTestCase.java,,,,assert,unknown
bean_80_4,commons-beanutils-1.9.4,DynaResultSetTestCase,testIteratorResultsNormalCase_4_oe,src/test/java/org/apache/commons/beanutils/DynaResultSetTestCase.java,,,,assert,unknown
bean_80_5,commons-beanutils-1.9.4,DynaResultSetTestCase,testIteratorResultsNormalCase_5_oe,src/test/java/org/apache/commons/beanutils/DynaResultSetTestCase.java,,,,assert,unknown
bean_80_6,commons-beanutils-1.9.4,DynaResultSetTestCase,testIteratorResultsNormalCase_6_oe,src/test/java/org/apache/commons/beanutils/DynaResultSetTestCase.java,,,,assert,unknown
bean_80_7,commons-beanutils-1.9.4,DynaResultSetTestCase,testIteratorResultsNormalCase_7_oe,src/test/java/org/apache/commons/beanutils/DynaResultSetTestCase.java,,,,assert,unknown
bean_80_8,commons-beanutils-1.9.4,DynaResultSetTestCase,testIteratorResultsNormalCase_8_oe,src/test/java/org/apache/commons/beanutils/DynaResultSetTestCase.java,,,,assert,unknown
bean_80_9,commons-beanutils-1.9.4,DynaResultSetTestCase,testIteratorResultsNormalCase_9_oe,src/test/java/org/apache/commons/beanutils/DynaResultSetTestCase.java,,,,assert,unknown
bean_80_10,commons-beanutils-1.9.4,DynaResultSetTestCase,testIteratorResultsNormalCase_10_oe,src/test/java/org/apache/commons/beanutils/DynaResultSetTestCase.java,,,,assert,unknown
bean_80_11,commons-beanutils-1.9.4,DynaResultSetTestCase,testIteratorResultsNormalCase_11_oe,src/test/java/org/apache/commons/beanutils/DynaResultSetTestCase.java,,,,assert,unknown
bean_80_12,commons-beanutils-1.9.4,DynaResultSetTestCase,testIteratorResultsNormalCase_12_oe,src/test/java/org/apache/commons/beanutils/DynaResultSetTestCase.java,,,,assert,unknown
bean_81_2,commons-beanutils-1.9.4,BeanMapTestCase,testBeanMapClone_2_oe,src/test/java/org/apache/commons/beanutils/BeanMapTestCase.java,,,,assert,unknown
bean_82_1,commons-beanutils-1.9.4,BeanMapTestCase,testBeanMapPutAllWriteable_1_oe,src/test/java/org/apache/commons/beanutils/BeanMapTestCase.java,,,,assert,unknown
bean_83_1,commons-beanutils-1.9.4,BeanMapTestCase,testMethodAccessor_1_oe,src/test/java/org/apache/commons/beanutils/BeanMapTestCase.java,,,,assert,unknown
bean_84_1,commons-beanutils-1.9.4,BeanMapTestCase,testMethodMutator_1_oe,src/test/java/org/apache/commons/beanutils/BeanMapTestCase.java,,,,assert,unknown
bean_85_1,commons-beanutils-1.9.4,BeanMapTestCase,testGetTypeTransformerMethod_1_oe,src/test/java/org/apache/commons/beanutils/BeanMapTestCase.java,,,,assert,unknown
bean_85_2,commons-beanutils-1.9.4,BeanMapTestCase,testGetTypeTransformerMethod_2_oe,src/test/java/org/apache/commons/beanutils/BeanMapTestCase.java,,,,assert,unknown
bean_85_3,commons-beanutils-1.9.4,BeanMapTestCase,testGetTypeTransformerMethod_3_oe,src/test/java/org/apache/commons/beanutils/BeanMapTestCase.java,,,,assert,unknown
bean_85_4,commons-beanutils-1.9.4,BeanMapTestCase,testGetTypeTransformerMethod_4_oe,src/test/java/org/apache/commons/beanutils/BeanMapTestCase.java,,,,assert,unknown
bean_85_5,commons-beanutils-1.9.4,BeanMapTestCase,testGetTypeTransformerMethod_5_oe,src/test/java/org/apache/commons/beanutils/BeanMapTestCase.java,,,,assert,unknown
bean_85_6,commons-beanutils-1.9.4,BeanMapTestCase,testGetTypeTransformerMethod_6_oe,src/test/java/org/apache/commons/beanutils/BeanMapTestCase.java,,,,assert,unknown
bean_85_7,commons-beanutils-1.9.4,BeanMapTestCase,testGetTypeTransformerMethod_7_oe,src/test/java/org/apache/commons/beanutils/BeanMapTestCase.java,,,,assert,unknown
bean_85_8,commons-beanutils-1.9.4,BeanMapTestCase,testGetTypeTransformerMethod_8_oe,src/test/java/org/apache/commons/beanutils/BeanMapTestCase.java,,,,assert,unknown
bean_86_1,commons-beanutils-1.9.4,BeanMapTestCase,testGetDefaultTransformersMap_1_oe,src/test/java/org/apache/commons/beanutils/BeanMapTestCase.java,,,,assert,unknown
bean_86_2,commons-beanutils-1.9.4,BeanMapTestCase,testGetDefaultTransformersMap_2_oe,src/test/java/org/apache/commons/beanutils/BeanMapTestCase.java,,,,assert,unknown
bean_86_3,commons-beanutils-1.9.4,BeanMapTestCase,testGetDefaultTransformersMap_3_oe,src/test/java/org/apache/commons/beanutils/BeanMapTestCase.java,,,,assert,unknown
bean_86_4,commons-beanutils-1.9.4,BeanMapTestCase,testGetDefaultTransformersMap_4_oe,src/test/java/org/apache/commons/beanutils/BeanMapTestCase.java,,,,assert,unknown
bean_86_5,commons-beanutils-1.9.4,BeanMapTestCase,testGetDefaultTransformersMap_5_oe,src/test/java/org/apache/commons/beanutils/BeanMapTestCase.java,,,,assert,unknown
bean_86_6,commons-beanutils-1.9.4,BeanMapTestCase,testGetDefaultTransformersMap_6_oe,src/test/java/org/apache/commons/beanutils/BeanMapTestCase.java,,,,assert,unknown
bean_86_7,commons-beanutils-1.9.4,BeanMapTestCase,testGetDefaultTransformersMap_7_oe,src/test/java/org/apache/commons/beanutils/BeanMapTestCase.java,,,,assert,unknown
bean_86_8,commons-beanutils-1.9.4,BeanMapTestCase,testGetDefaultTransformersMap_8_oe,src/test/java/org/apache/commons/beanutils/BeanMapTestCase.java,,,,assert,unknown
bean_87_1,commons-beanutils-1.9.4,BeanMapTestCase,testDefaultTransformersMap_1_oe,src/test/java/org/apache/commons/beanutils/BeanMapTestCase.java,,,,assert,unknown
bean_87_2,commons-beanutils-1.9.4,BeanMapTestCase,testDefaultTransformersMap_2_oe,src/test/java/org/apache/commons/beanutils/BeanMapTestCase.java,,,,assert,unknown
bean_87_3,commons-beanutils-1.9.4,BeanMapTestCase,testDefaultTransformersMap_3_oe,src/test/java/org/apache/commons/beanutils/BeanMapTestCase.java,,,,assert,unknown
bean_87_4,commons-beanutils-1.9.4,BeanMapTestCase,testDefaultTransformersMap_4_oe,src/test/java/org/apache/commons/beanutils/BeanMapTestCase.java,,,,assert,unknown
bean_87_5,commons-beanutils-1.9.4,BeanMapTestCase,testDefaultTransformersMap_5_oe,src/test/java/org/apache/commons/beanutils/BeanMapTestCase.java,,,,assert,unknown
bean_87_6,commons-beanutils-1.9.4,BeanMapTestCase,testDefaultTransformersMap_6_oe,src/test/java/org/apache/commons/beanutils/BeanMapTestCase.java,,,,assert,unknown
bean_87_7,commons-beanutils-1.9.4,BeanMapTestCase,testDefaultTransformersMap_7_oe,src/test/java/org/apache/commons/beanutils/BeanMapTestCase.java,,,,assert,unknown
bean_87_8,commons-beanutils-1.9.4,BeanMapTestCase,testDefaultTransformersMap_8_oe,src/test/java/org/apache/commons/beanutils/BeanMapTestCase.java,,,,assert,unknown
bean_87_9,commons-beanutils-1.9.4,BeanMapTestCase,testDefaultTransformersMap_9_oe,src/test/java/org/apache/commons/beanutils/BeanMapTestCase.java,,,,assert,unknown
bean_88_2,commons-beanutils-1.9.4,BeanMapTestCase,testExceptionThrowFromClone_2_oe,src/test/java/org/apache/commons/beanutils/BeanMapTestCase.java,,,,assert,unknown
bean_88_3,commons-beanutils-1.9.4,BeanMapTestCase,testExceptionThrowFromClone_3_oe,src/test/java/org/apache/commons/beanutils/BeanMapTestCase.java,,,,assert,unknown
bean_88_4,commons-beanutils-1.9.4,BeanMapTestCase,testExceptionThrowFromClone_4_oe,src/test/java/org/apache/commons/beanutils/BeanMapTestCase.java,,,,assert,unknown
bean_88_6,commons-beanutils-1.9.4,BeanMapTestCase,testExceptionThrowFromClone_6_oe,src/test/java/org/apache/commons/beanutils/BeanMapTestCase.java,,,,assert,unknown
bean_88_7,commons-beanutils-1.9.4,BeanMapTestCase,testExceptionThrowFromClone_7_oe,src/test/java/org/apache/commons/beanutils/BeanMapTestCase.java,,,,assert,unknown
bean_88_8,commons-beanutils-1.9.4,BeanMapTestCase,testExceptionThrowFromClone_8_oe,src/test/java/org/apache/commons/beanutils/BeanMapTestCase.java,,,,assert,unknown
bean_89_2,commons-beanutils-1.9.4,BeanMapTestCase,testExceptionThrowFromClear_2_oe,src/test/java/org/apache/commons/beanutils/BeanMapTestCase.java,,,,assert,unknown
bean_89_3,commons-beanutils-1.9.4,BeanMapTestCase,testExceptionThrowFromClear_3_oe,src/test/java/org/apache/commons/beanutils/BeanMapTestCase.java,,,,assert,unknown
bean_89_4,commons-beanutils-1.9.4,BeanMapTestCase,testExceptionThrowFromClear_4_oe,src/test/java/org/apache/commons/beanutils/BeanMapTestCase.java,,,,assert,unknown
bean_90_2,commons-beanutils-1.9.4,BeanMapTestCase,testExceptionThrowFromPut_2_oe,src/test/java/org/apache/commons/beanutils/BeanMapTestCase.java,,,,assert,unknown
bean_90_3,commons-beanutils-1.9.4,BeanMapTestCase,testExceptionThrowFromPut_3_oe,src/test/java/org/apache/commons/beanutils/BeanMapTestCase.java,,,,assert,unknown
bean_90_4,commons-beanutils-1.9.4,BeanMapTestCase,testExceptionThrowFromPut_4_oe,src/test/java/org/apache/commons/beanutils/BeanMapTestCase.java,,,,assert,unknown
bean_90_5,commons-beanutils-1.9.4,BeanMapTestCase,testExceptionThrowFromPut_5_oe,src/test/java/org/apache/commons/beanutils/BeanMapTestCase.java,,,,assert,unknown
bean_90_6,commons-beanutils-1.9.4,BeanMapTestCase,testExceptionThrowFromPut_6_oe,src/test/java/org/apache/commons/beanutils/BeanMapTestCase.java,,,,assert,unknown
bean_91_1,commons-beanutils-1.9.4,DynaPropertyTestCase,testHashCode_1_oe,src/test/java/org/apache/commons/beanutils/DynaPropertyTestCase.java,,,,assert,unknown
bean_91_2,commons-beanutils-1.9.4,DynaPropertyTestCase,testHashCode_2_oe,src/test/java/org/apache/commons/beanutils/DynaPropertyTestCase.java,,,,assert,unknown
bean_91_3,commons-beanutils-1.9.4,DynaPropertyTestCase,testHashCode_3_oe,src/test/java/org/apache/commons/beanutils/DynaPropertyTestCase.java,,,,assert,unknown
bean_91_4,commons-beanutils-1.9.4,DynaPropertyTestCase,testHashCode_4_oe,src/test/java/org/apache/commons/beanutils/DynaPropertyTestCase.java,,,,assert,unknown
bean_92_1,commons-beanutils-1.9.4,DynaPropertyTestCase,testEqualsObject_1_oe,src/test/java/org/apache/commons/beanutils/DynaPropertyTestCase.java,,,,assert,unknown
bean_92_2,commons-beanutils-1.9.4,DynaPropertyTestCase,testEqualsObject_2_oe,src/test/java/org/apache/commons/beanutils/DynaPropertyTestCase.java,,,,assert,unknown
bean_92_3,commons-beanutils-1.9.4,DynaPropertyTestCase,testEqualsObject_3_oe,src/test/java/org/apache/commons/beanutils/DynaPropertyTestCase.java,,,,assert,unknown
bean_92_4,commons-beanutils-1.9.4,DynaPropertyTestCase,testEqualsObject_4_oe,src/test/java/org/apache/commons/beanutils/DynaPropertyTestCase.java,,,,assert,unknown
bean_92_5,commons-beanutils-1.9.4,DynaPropertyTestCase,testEqualsObject_5_oe,src/test/java/org/apache/commons/beanutils/DynaPropertyTestCase.java,,,,assert,unknown
bean_92_6,commons-beanutils-1.9.4,DynaPropertyTestCase,testEqualsObject_6_oe,src/test/java/org/apache/commons/beanutils/DynaPropertyTestCase.java,,,,assert,unknown
bean_93_1,commons-beanutils-1.9.4,ConvertUtilsTestCase,testNegativeScalar_1_oe,src/test/java/org/apache/commons/beanutils/ConvertUtilsTestCase.java,,,,assert,unknown
bean_93_2,commons-beanutils-1.9.4,ConvertUtilsTestCase,testNegativeScalar_2_oe,src/test/java/org/apache/commons/beanutils/ConvertUtilsTestCase.java,,,,assert,unknown
bean_93_3,commons-beanutils-1.9.4,ConvertUtilsTestCase,testNegativeScalar_3_oe,src/test/java/org/apache/commons/beanutils/ConvertUtilsTestCase.java,,,,assert,unknown
bean_93_4,commons-beanutils-1.9.4,ConvertUtilsTestCase,testNegativeScalar_4_oe,src/test/java/org/apache/commons/beanutils/ConvertUtilsTestCase.java,,,,assert,unknown
bean_93_5,commons-beanutils-1.9.4,ConvertUtilsTestCase,testNegativeScalar_5_oe,src/test/java/org/apache/commons/beanutils/ConvertUtilsTestCase.java,,,,assert,unknown
bean_93_6,commons-beanutils-1.9.4,ConvertUtilsTestCase,testNegativeScalar_6_oe,src/test/java/org/apache/commons/beanutils/ConvertUtilsTestCase.java,,,,assert,unknown
bean_93_7,commons-beanutils-1.9.4,ConvertUtilsTestCase,testNegativeScalar_7_oe,src/test/java/org/apache/commons/beanutils/ConvertUtilsTestCase.java,,,,assert,unknown
bean_93_8,commons-beanutils-1.9.4,ConvertUtilsTestCase,testNegativeScalar_8_oe,src/test/java/org/apache/commons/beanutils/ConvertUtilsTestCase.java,,,,assert,unknown
bean_93_10,commons-beanutils-1.9.4,ConvertUtilsTestCase,testNegativeScalar_10_oe,src/test/java/org/apache/commons/beanutils/ConvertUtilsTestCase.java,,,,assert,unknown
bean_93_11,commons-beanutils-1.9.4,ConvertUtilsTestCase,testNegativeScalar_11_oe,src/test/java/org/apache/commons/beanutils/ConvertUtilsTestCase.java,,,,assert,unknown
bean_93_12,commons-beanutils-1.9.4,ConvertUtilsTestCase,testNegativeScalar_12_oe,src/test/java/org/apache/commons/beanutils/ConvertUtilsTestCase.java,,,,assert,unknown
bean_93_13,commons-beanutils-1.9.4,ConvertUtilsTestCase,testNegativeScalar_13_oe,src/test/java/org/apache/commons/beanutils/ConvertUtilsTestCase.java,,,,assert,unknown
bean_93_14,commons-beanutils-1.9.4,ConvertUtilsTestCase,testNegativeScalar_14_oe,src/test/java/org/apache/commons/beanutils/ConvertUtilsTestCase.java,,,,assert,unknown
bean_93_15,commons-beanutils-1.9.4,ConvertUtilsTestCase,testNegativeScalar_15_oe,src/test/java/org/apache/commons/beanutils/ConvertUtilsTestCase.java,,,,assert,unknown
bean_93_16,commons-beanutils-1.9.4,ConvertUtilsTestCase,testNegativeScalar_16_oe,src/test/java/org/apache/commons/beanutils/ConvertUtilsTestCase.java,,,,assert,unknown
bean_93_17,commons-beanutils-1.9.4,ConvertUtilsTestCase,testNegativeScalar_17_oe,src/test/java/org/apache/commons/beanutils/ConvertUtilsTestCase.java,,,,assert,unknown
bean_93_18,commons-beanutils-1.9.4,ConvertUtilsTestCase,testNegativeScalar_18_oe,src/test/java/org/apache/commons/beanutils/ConvertUtilsTestCase.java,,,,assert,unknown
bean_93_19,commons-beanutils-1.9.4,ConvertUtilsTestCase,testNegativeScalar_19_oe,src/test/java/org/apache/commons/beanutils/ConvertUtilsTestCase.java,,,,assert,unknown
bean_93_20,commons-beanutils-1.9.4,ConvertUtilsTestCase,testNegativeScalar_20_oe,src/test/java/org/apache/commons/beanutils/ConvertUtilsTestCase.java,,,,assert,unknown
bean_93_21,commons-beanutils-1.9.4,ConvertUtilsTestCase,testNegativeScalar_21_oe,src/test/java/org/apache/commons/beanutils/ConvertUtilsTestCase.java,,,,assert,unknown
bean_93_22,commons-beanutils-1.9.4,ConvertUtilsTestCase,testNegativeScalar_22_oe,src/test/java/org/apache/commons/beanutils/ConvertUtilsTestCase.java,,,,assert,unknown
bean_93_23,commons-beanutils-1.9.4,ConvertUtilsTestCase,testNegativeScalar_23_oe,src/test/java/org/apache/commons/beanutils/ConvertUtilsTestCase.java,,,,assert,unknown
bean_93_24,commons-beanutils-1.9.4,ConvertUtilsTestCase,testNegativeScalar_24_oe,src/test/java/org/apache/commons/beanutils/ConvertUtilsTestCase.java,,,,assert,unknown
bean_93_25,commons-beanutils-1.9.4,ConvertUtilsTestCase,testNegativeScalar_25_oe,src/test/java/org/apache/commons/beanutils/ConvertUtilsTestCase.java,,,,assert,unknown
bean_93_26,commons-beanutils-1.9.4,ConvertUtilsTestCase,testNegativeScalar_26_oe,src/test/java/org/apache/commons/beanutils/ConvertUtilsTestCase.java,,,,assert,unknown
bean_93_27,commons-beanutils-1.9.4,ConvertUtilsTestCase,testNegativeScalar_27_oe,src/test/java/org/apache/commons/beanutils/ConvertUtilsTestCase.java,,,,assert,unknown
bean_93_28,commons-beanutils-1.9.4,ConvertUtilsTestCase,testNegativeScalar_28_oe,src/test/java/org/apache/commons/beanutils/ConvertUtilsTestCase.java,,,,assert,unknown
bean_93_29,commons-beanutils-1.9.4,ConvertUtilsTestCase,testNegativeScalar_29_oe,src/test/java/org/apache/commons/beanutils/ConvertUtilsTestCase.java,,,,assert,unknown
bean_94_1,commons-beanutils-1.9.4,ConvertUtilsTestCase,testObjectToStringArray_1_oe,src/test/java/org/apache/commons/beanutils/ConvertUtilsTestCase.java,,,,assert,unknown
bean_94_2,commons-beanutils-1.9.4,ConvertUtilsTestCase,testObjectToStringArray_2_oe,src/test/java/org/apache/commons/beanutils/ConvertUtilsTestCase.java,,,,assert,unknown
bean_94_3,commons-beanutils-1.9.4,ConvertUtilsTestCase,testObjectToStringArray_3_oe,src/test/java/org/apache/commons/beanutils/ConvertUtilsTestCase.java,,,,assert,unknown
bean_94_4,commons-beanutils-1.9.4,ConvertUtilsTestCase,testObjectToStringArray_4_oe,src/test/java/org/apache/commons/beanutils/ConvertUtilsTestCase.java,,,,assert,unknown
bean_94_5,commons-beanutils-1.9.4,ConvertUtilsTestCase,testObjectToStringArray_5_oe,src/test/java/org/apache/commons/beanutils/ConvertUtilsTestCase.java,,,,assert,unknown
bean_94_6,commons-beanutils-1.9.4,ConvertUtilsTestCase,testObjectToStringArray_6_oe,src/test/java/org/apache/commons/beanutils/ConvertUtilsTestCase.java,,,,assert,unknown
bean_95_1,commons-beanutils-1.9.4,ConvertUtilsTestCase,testObjectToStringScalar_1_oe,src/test/java/org/apache/commons/beanutils/ConvertUtilsTestCase.java,,,,assert,unknown
bean_95_2,commons-beanutils-1.9.4,ConvertUtilsTestCase,testObjectToStringScalar_2_oe,src/test/java/org/apache/commons/beanutils/ConvertUtilsTestCase.java,,,,assert,unknown
bean_95_3,commons-beanutils-1.9.4,ConvertUtilsTestCase,testObjectToStringScalar_3_oe,src/test/java/org/apache/commons/beanutils/ConvertUtilsTestCase.java,,,,assert,unknown
bean_95_4,commons-beanutils-1.9.4,ConvertUtilsTestCase,testObjectToStringScalar_4_oe,src/test/java/org/apache/commons/beanutils/ConvertUtilsTestCase.java,,,,assert,unknown
bean_95_5,commons-beanutils-1.9.4,ConvertUtilsTestCase,testObjectToStringScalar_5_oe,src/test/java/org/apache/commons/beanutils/ConvertUtilsTestCase.java,,,,assert,unknown
bean_95_6,commons-beanutils-1.9.4,ConvertUtilsTestCase,testObjectToStringScalar_6_oe,src/test/java/org/apache/commons/beanutils/ConvertUtilsTestCase.java,,,,assert,unknown
bean_95_7,commons-beanutils-1.9.4,ConvertUtilsTestCase,testObjectToStringScalar_7_oe,src/test/java/org/apache/commons/beanutils/ConvertUtilsTestCase.java,,,,assert,unknown
bean_95_8,commons-beanutils-1.9.4,ConvertUtilsTestCase,testObjectToStringScalar_8_oe,src/test/java/org/apache/commons/beanutils/ConvertUtilsTestCase.java,,,,assert,unknown
bean_95_9,commons-beanutils-1.9.4,ConvertUtilsTestCase,testObjectToStringScalar_9_oe,src/test/java/org/apache/commons/beanutils/ConvertUtilsTestCase.java,,,,assert,unknown
bean_95_10,commons-beanutils-1.9.4,ConvertUtilsTestCase,testObjectToStringScalar_10_oe,src/test/java/org/apache/commons/beanutils/ConvertUtilsTestCase.java,,,,assert,unknown
bean_95_11,commons-beanutils-1.9.4,ConvertUtilsTestCase,testObjectToStringScalar_11_oe,src/test/java/org/apache/commons/beanutils/ConvertUtilsTestCase.java,,,,assert,unknown
bean_96_1,commons-beanutils-1.9.4,ConvertUtilsTestCase,testPositiveArray_1_oe,src/test/java/org/apache/commons/beanutils/ConvertUtilsTestCase.java,,,,assert,unknown
bean_96_2,commons-beanutils-1.9.4,ConvertUtilsTestCase,testPositiveArray_2_oe,src/test/java/org/apache/commons/beanutils/ConvertUtilsTestCase.java,,,,assert,unknown
bean_96_3,commons-beanutils-1.9.4,ConvertUtilsTestCase,testPositiveArray_3_oe,src/test/java/org/apache/commons/beanutils/ConvertUtilsTestCase.java,,,,assert,unknown
bean_96_4,commons-beanutils-1.9.4,ConvertUtilsTestCase,testPositiveArray_4_oe,src/test/java/org/apache/commons/beanutils/ConvertUtilsTestCase.java,,,,assert,unknown
bean_96_5,commons-beanutils-1.9.4,ConvertUtilsTestCase,testPositiveArray_5_oe,src/test/java/org/apache/commons/beanutils/ConvertUtilsTestCase.java,,,,assert,unknown
bean_96_6,commons-beanutils-1.9.4,ConvertUtilsTestCase,testPositiveArray_6_oe,src/test/java/org/apache/commons/beanutils/ConvertUtilsTestCase.java,,,,assert,unknown
bean_96_7,commons-beanutils-1.9.4,ConvertUtilsTestCase,testPositiveArray_7_oe,src/test/java/org/apache/commons/beanutils/ConvertUtilsTestCase.java,,,,assert,unknown
bean_96_8,commons-beanutils-1.9.4,ConvertUtilsTestCase,testPositiveArray_8_oe,src/test/java/org/apache/commons/beanutils/ConvertUtilsTestCase.java,,,,assert,unknown
bean_97_1,commons-beanutils-1.9.4,ConvertUtilsTestCase,testPositiveScalar_1_oe,src/test/java/org/apache/commons/beanutils/ConvertUtilsTestCase.java,,,,assert,unknown
bean_97_2,commons-beanutils-1.9.4,ConvertUtilsTestCase,testPositiveScalar_2_oe,src/test/java/org/apache/commons/beanutils/ConvertUtilsTestCase.java,,,,assert,unknown
bean_97_3,commons-beanutils-1.9.4,ConvertUtilsTestCase,testPositiveScalar_3_oe,src/test/java/org/apache/commons/beanutils/ConvertUtilsTestCase.java,,,,assert,unknown
bean_97_4,commons-beanutils-1.9.4,ConvertUtilsTestCase,testPositiveScalar_4_oe,src/test/java/org/apache/commons/beanutils/ConvertUtilsTestCase.java,,,,assert,unknown
bean_97_5,commons-beanutils-1.9.4,ConvertUtilsTestCase,testPositiveScalar_5_oe,src/test/java/org/apache/commons/beanutils/ConvertUtilsTestCase.java,,,,assert,unknown
bean_97_6,commons-beanutils-1.9.4,ConvertUtilsTestCase,testPositiveScalar_6_oe,src/test/java/org/apache/commons/beanutils/ConvertUtilsTestCase.java,,,,assert,unknown
bean_97_7,commons-beanutils-1.9.4,ConvertUtilsTestCase,testPositiveScalar_7_oe,src/test/java/org/apache/commons/beanutils/ConvertUtilsTestCase.java,,,,assert,unknown
bean_97_8,commons-beanutils-1.9.4,ConvertUtilsTestCase,testPositiveScalar_8_oe,src/test/java/org/apache/commons/beanutils/ConvertUtilsTestCase.java,,,,assert,unknown
bean_97_9,commons-beanutils-1.9.4,ConvertUtilsTestCase,testPositiveScalar_9_oe,src/test/java/org/apache/commons/beanutils/ConvertUtilsTestCase.java,,,,assert,unknown
bean_97_10,commons-beanutils-1.9.4,ConvertUtilsTestCase,testPositiveScalar_10_oe,src/test/java/org/apache/commons/beanutils/ConvertUtilsTestCase.java,,,,assert,unknown
bean_97_11,commons-beanutils-1.9.4,ConvertUtilsTestCase,testPositiveScalar_11_oe,src/test/java/org/apache/commons/beanutils/ConvertUtilsTestCase.java,,,,assert,unknown
bean_97_12,commons-beanutils-1.9.4,ConvertUtilsTestCase,testPositiveScalar_12_oe,src/test/java/org/apache/commons/beanutils/ConvertUtilsTestCase.java,,,,assert,unknown
bean_97_13,commons-beanutils-1.9.4,ConvertUtilsTestCase,testPositiveScalar_13_oe,src/test/java/org/apache/commons/beanutils/ConvertUtilsTestCase.java,,,,assert,unknown
bean_97_14,commons-beanutils-1.9.4,ConvertUtilsTestCase,testPositiveScalar_14_oe,src/test/java/org/apache/commons/beanutils/ConvertUtilsTestCase.java,,,,assert,unknown
bean_97_15,commons-beanutils-1.9.4,ConvertUtilsTestCase,testPositiveScalar_15_oe,src/test/java/org/apache/commons/beanutils/ConvertUtilsTestCase.java,,,,assert,unknown
bean_97_16,commons-beanutils-1.9.4,ConvertUtilsTestCase,testPositiveScalar_16_oe,src/test/java/org/apache/commons/beanutils/ConvertUtilsTestCase.java,,,,assert,unknown
bean_97_17,commons-beanutils-1.9.4,ConvertUtilsTestCase,testPositiveScalar_17_oe,src/test/java/org/apache/commons/beanutils/ConvertUtilsTestCase.java,,,,assert,unknown
bean_97_18,commons-beanutils-1.9.4,ConvertUtilsTestCase,testPositiveScalar_18_oe,src/test/java/org/apache/commons/beanutils/ConvertUtilsTestCase.java,,,,assert,unknown
bean_97_19,commons-beanutils-1.9.4,ConvertUtilsTestCase,testPositiveScalar_19_oe,src/test/java/org/apache/commons/beanutils/ConvertUtilsTestCase.java,,,,assert,unknown
bean_97_20,commons-beanutils-1.9.4,ConvertUtilsTestCase,testPositiveScalar_20_oe,src/test/java/org/apache/commons/beanutils/ConvertUtilsTestCase.java,,,,assert,unknown
bean_97_21,commons-beanutils-1.9.4,ConvertUtilsTestCase,testPositiveScalar_21_oe,src/test/java/org/apache/commons/beanutils/ConvertUtilsTestCase.java,,,,assert,unknown
bean_97_22,commons-beanutils-1.9.4,ConvertUtilsTestCase,testPositiveScalar_22_oe,src/test/java/org/apache/commons/beanutils/ConvertUtilsTestCase.java,,,,assert,unknown
bean_97_23,commons-beanutils-1.9.4,ConvertUtilsTestCase,testPositiveScalar_23_oe,src/test/java/org/apache/commons/beanutils/ConvertUtilsTestCase.java,,,,assert,unknown
bean_97_24,commons-beanutils-1.9.4,ConvertUtilsTestCase,testPositiveScalar_24_oe,src/test/java/org/apache/commons/beanutils/ConvertUtilsTestCase.java,,,,assert,unknown
bean_97_25,commons-beanutils-1.9.4,ConvertUtilsTestCase,testPositiveScalar_25_oe,src/test/java/org/apache/commons/beanutils/ConvertUtilsTestCase.java,,,,assert,unknown
bean_97_26,commons-beanutils-1.9.4,ConvertUtilsTestCase,testPositiveScalar_26_oe,src/test/java/org/apache/commons/beanutils/ConvertUtilsTestCase.java,,,,assert,unknown
bean_97_27,commons-beanutils-1.9.4,ConvertUtilsTestCase,testPositiveScalar_27_oe,src/test/java/org/apache/commons/beanutils/ConvertUtilsTestCase.java,,,,assert,unknown
bean_97_28,commons-beanutils-1.9.4,ConvertUtilsTestCase,testPositiveScalar_28_oe,src/test/java/org/apache/commons/beanutils/ConvertUtilsTestCase.java,,,,assert,unknown
bean_97_29,commons-beanutils-1.9.4,ConvertUtilsTestCase,testPositiveScalar_29_oe,src/test/java/org/apache/commons/beanutils/ConvertUtilsTestCase.java,,,,assert,unknown
bean_97_30,commons-beanutils-1.9.4,ConvertUtilsTestCase,testPositiveScalar_30_oe,src/test/java/org/apache/commons/beanutils/ConvertUtilsTestCase.java,,,,assert,unknown
bean_97_31,commons-beanutils-1.9.4,ConvertUtilsTestCase,testPositiveScalar_31_oe,src/test/java/org/apache/commons/beanutils/ConvertUtilsTestCase.java,,,,assert,unknown
bean_97_32,commons-beanutils-1.9.4,ConvertUtilsTestCase,testPositiveScalar_32_oe,src/test/java/org/apache/commons/beanutils/ConvertUtilsTestCase.java,,,,assert,unknown
bean_97_33,commons-beanutils-1.9.4,ConvertUtilsTestCase,testPositiveScalar_33_oe,src/test/java/org/apache/commons/beanutils/ConvertUtilsTestCase.java,,,,assert,unknown
bean_97_34,commons-beanutils-1.9.4,ConvertUtilsTestCase,testPositiveScalar_34_oe,src/test/java/org/apache/commons/beanutils/ConvertUtilsTestCase.java,,,,assert,unknown
bean_97_35,commons-beanutils-1.9.4,ConvertUtilsTestCase,testPositiveScalar_35_oe,src/test/java/org/apache/commons/beanutils/ConvertUtilsTestCase.java,,,,assert,unknown
bean_97_36,commons-beanutils-1.9.4,ConvertUtilsTestCase,testPositiveScalar_36_oe,src/test/java/org/apache/commons/beanutils/ConvertUtilsTestCase.java,,,,assert,unknown
bean_97_37,commons-beanutils-1.9.4,ConvertUtilsTestCase,testPositiveScalar_37_oe,src/test/java/org/apache/commons/beanutils/ConvertUtilsTestCase.java,,,,assert,unknown
bean_97_38,commons-beanutils-1.9.4,ConvertUtilsTestCase,testPositiveScalar_38_oe,src/test/java/org/apache/commons/beanutils/ConvertUtilsTestCase.java,,,,assert,unknown
bean_97_39,commons-beanutils-1.9.4,ConvertUtilsTestCase,testPositiveScalar_39_oe,src/test/java/org/apache/commons/beanutils/ConvertUtilsTestCase.java,,,,assert,unknown
bean_97_40,commons-beanutils-1.9.4,ConvertUtilsTestCase,testPositiveScalar_40_oe,src/test/java/org/apache/commons/beanutils/ConvertUtilsTestCase.java,,,,assert,unknown
bean_97_41,commons-beanutils-1.9.4,ConvertUtilsTestCase,testPositiveScalar_41_oe,src/test/java/org/apache/commons/beanutils/ConvertUtilsTestCase.java,,,,assert,unknown
bean_97_42,commons-beanutils-1.9.4,ConvertUtilsTestCase,testPositiveScalar_42_oe,src/test/java/org/apache/commons/beanutils/ConvertUtilsTestCase.java,,,,assert,unknown
bean_97_43,commons-beanutils-1.9.4,ConvertUtilsTestCase,testPositiveScalar_43_oe,src/test/java/org/apache/commons/beanutils/ConvertUtilsTestCase.java,,,,assert,unknown
bean_97_44,commons-beanutils-1.9.4,ConvertUtilsTestCase,testPositiveScalar_44_oe,src/test/java/org/apache/commons/beanutils/ConvertUtilsTestCase.java,,,,assert,unknown
bean_97_45,commons-beanutils-1.9.4,ConvertUtilsTestCase,testPositiveScalar_45_oe,src/test/java/org/apache/commons/beanutils/ConvertUtilsTestCase.java,,,,assert,unknown
bean_97_46,commons-beanutils-1.9.4,ConvertUtilsTestCase,testPositiveScalar_46_oe,src/test/java/org/apache/commons/beanutils/ConvertUtilsTestCase.java,,,,assert,unknown
bean_97_47,commons-beanutils-1.9.4,ConvertUtilsTestCase,testPositiveScalar_47_oe,src/test/java/org/apache/commons/beanutils/ConvertUtilsTestCase.java,,,,assert,unknown
bean_97_48,commons-beanutils-1.9.4,ConvertUtilsTestCase,testPositiveScalar_48_oe,src/test/java/org/apache/commons/beanutils/ConvertUtilsTestCase.java,,,,assert,unknown
bean_97_49,commons-beanutils-1.9.4,ConvertUtilsTestCase,testPositiveScalar_49_oe,src/test/java/org/apache/commons/beanutils/ConvertUtilsTestCase.java,,,,assert,unknown
bean_97_50,commons-beanutils-1.9.4,ConvertUtilsTestCase,testPositiveScalar_50_oe,src/test/java/org/apache/commons/beanutils/ConvertUtilsTestCase.java,,,,assert,unknown
bean_97_51,commons-beanutils-1.9.4,ConvertUtilsTestCase,testPositiveScalar_51_oe,src/test/java/org/apache/commons/beanutils/ConvertUtilsTestCase.java,,,,assert,unknown
bean_97_52,commons-beanutils-1.9.4,ConvertUtilsTestCase,testPositiveScalar_52_oe,src/test/java/org/apache/commons/beanutils/ConvertUtilsTestCase.java,,,,assert,unknown
bean_97_53,commons-beanutils-1.9.4,ConvertUtilsTestCase,testPositiveScalar_53_oe,src/test/java/org/apache/commons/beanutils/ConvertUtilsTestCase.java,,,,assert,unknown
bean_97_54,commons-beanutils-1.9.4,ConvertUtilsTestCase,testPositiveScalar_54_oe,src/test/java/org/apache/commons/beanutils/ConvertUtilsTestCase.java,,,,assert,unknown
bean_97_55,commons-beanutils-1.9.4,ConvertUtilsTestCase,testPositiveScalar_55_oe,src/test/java/org/apache/commons/beanutils/ConvertUtilsTestCase.java,,,,assert,unknown
bean_97_56,commons-beanutils-1.9.4,ConvertUtilsTestCase,testPositiveScalar_56_oe,src/test/java/org/apache/commons/beanutils/ConvertUtilsTestCase.java,,,,assert,unknown
bean_97_57,commons-beanutils-1.9.4,ConvertUtilsTestCase,testPositiveScalar_57_oe,src/test/java/org/apache/commons/beanutils/ConvertUtilsTestCase.java,,,,assert,unknown
bean_97_58,commons-beanutils-1.9.4,ConvertUtilsTestCase,testPositiveScalar_58_oe,src/test/java/org/apache/commons/beanutils/ConvertUtilsTestCase.java,,,,assert,unknown
bean_97_59,commons-beanutils-1.9.4,ConvertUtilsTestCase,testPositiveScalar_59_oe,src/test/java/org/apache/commons/beanutils/ConvertUtilsTestCase.java,,,,assert,unknown
bean_97_60,commons-beanutils-1.9.4,ConvertUtilsTestCase,testPositiveScalar_60_oe,src/test/java/org/apache/commons/beanutils/ConvertUtilsTestCase.java,,,,assert,unknown
bean_97_61,commons-beanutils-1.9.4,ConvertUtilsTestCase,testPositiveScalar_61_oe,src/test/java/org/apache/commons/beanutils/ConvertUtilsTestCase.java,,,,assert,unknown
bean_97_62,commons-beanutils-1.9.4,ConvertUtilsTestCase,testPositiveScalar_62_oe,src/test/java/org/apache/commons/beanutils/ConvertUtilsTestCase.java,,,,assert,unknown
bean_97_63,commons-beanutils-1.9.4,ConvertUtilsTestCase,testPositiveScalar_63_oe,src/test/java/org/apache/commons/beanutils/ConvertUtilsTestCase.java,,,,assert,unknown
bean_97_64,commons-beanutils-1.9.4,ConvertUtilsTestCase,testPositiveScalar_64_oe,src/test/java/org/apache/commons/beanutils/ConvertUtilsTestCase.java,,,,assert,unknown
bean_97_65,commons-beanutils-1.9.4,ConvertUtilsTestCase,testPositiveScalar_65_oe,src/test/java/org/apache/commons/beanutils/ConvertUtilsTestCase.java,,,,assert,unknown
bean_97_66,commons-beanutils-1.9.4,ConvertUtilsTestCase,testPositiveScalar_66_oe,src/test/java/org/apache/commons/beanutils/ConvertUtilsTestCase.java,,,,assert,unknown
bean_97_67,commons-beanutils-1.9.4,ConvertUtilsTestCase,testPositiveScalar_67_oe,src/test/java/org/apache/commons/beanutils/ConvertUtilsTestCase.java,,,,assert,unknown
bean_97_68,commons-beanutils-1.9.4,ConvertUtilsTestCase,testPositiveScalar_68_oe,src/test/java/org/apache/commons/beanutils/ConvertUtilsTestCase.java,,,,assert,unknown
bean_98_1,commons-beanutils-1.9.4,ConvertUtilsTestCase,testSeparateConvertInstances_1_oe,src/test/java/org/apache/commons/beanutils/ConvertUtilsTestCase.java,,,,assert,unknown
bean_98_2,commons-beanutils-1.9.4,ConvertUtilsTestCase,testSeparateConvertInstances_2_oe,src/test/java/org/apache/commons/beanutils/ConvertUtilsTestCase.java,,,,assert,unknown
bean_98_3,commons-beanutils-1.9.4,ConvertUtilsTestCase,testSeparateConvertInstances_3_oe,src/test/java/org/apache/commons/beanutils/ConvertUtilsTestCase.java,,,,assert,unknown
bean_98_4,commons-beanutils-1.9.4,ConvertUtilsTestCase,testSeparateConvertInstances_4_oe,src/test/java/org/apache/commons/beanutils/ConvertUtilsTestCase.java,,,,assert,unknown
bean_98_8,commons-beanutils-1.9.4,ConvertUtilsTestCase,testSeparateConvertInstances_8_oe,src/test/java/org/apache/commons/beanutils/ConvertUtilsTestCase.java,,,,assert,unknown
bean_98_9,commons-beanutils-1.9.4,ConvertUtilsTestCase,testSeparateConvertInstances_9_oe,src/test/java/org/apache/commons/beanutils/ConvertUtilsTestCase.java,,,,assert,unknown
bean_98_10,commons-beanutils-1.9.4,ConvertUtilsTestCase,testSeparateConvertInstances_10_oe,src/test/java/org/apache/commons/beanutils/ConvertUtilsTestCase.java,,,,assert,unknown
bean_98_11,commons-beanutils-1.9.4,ConvertUtilsTestCase,testSeparateConvertInstances_11_oe,src/test/java/org/apache/commons/beanutils/ConvertUtilsTestCase.java,,,,assert,unknown
bean_98_12,commons-beanutils-1.9.4,ConvertUtilsTestCase,testSeparateConvertInstances_12_oe,src/test/java/org/apache/commons/beanutils/ConvertUtilsTestCase.java,,,,assert,unknown
bean_99_1,commons-beanutils-1.9.4,ConvertUtilsTestCase,testDeregisteringSingleConverter_1_oe,src/test/java/org/apache/commons/beanutils/ConvertUtilsTestCase.java,,,,assert,unknown
bean_99_2,commons-beanutils-1.9.4,ConvertUtilsTestCase,testDeregisteringSingleConverter_2_oe,src/test/java/org/apache/commons/beanutils/ConvertUtilsTestCase.java,,,,assert,unknown
bean_99_3,commons-beanutils-1.9.4,ConvertUtilsTestCase,testDeregisteringSingleConverter_3_oe,src/test/java/org/apache/commons/beanutils/ConvertUtilsTestCase.java,,,,assert,unknown
bean_100_1,commons-beanutils-1.9.4,ConvertUtilsTestCase,testConvertToString_1_oe,src/test/java/org/apache/commons/beanutils/ConvertUtilsTestCase.java,,,,assert,unknown
bean_100_2,commons-beanutils-1.9.4,ConvertUtilsTestCase,testConvertToString_2_oe,src/test/java/org/apache/commons/beanutils/ConvertUtilsTestCase.java,,,,assert,unknown
bean_100_3,commons-beanutils-1.9.4,ConvertUtilsTestCase,testConvertToString_3_oe,src/test/java/org/apache/commons/beanutils/ConvertUtilsTestCase.java,,,,assert,unknown
bean_100_4,commons-beanutils-1.9.4,ConvertUtilsTestCase,testConvertToString_4_oe,src/test/java/org/apache/commons/beanutils/ConvertUtilsTestCase.java,,,,assert,unknown
bean_100_5,commons-beanutils-1.9.4,ConvertUtilsTestCase,testConvertToString_5_oe,src/test/java/org/apache/commons/beanutils/ConvertUtilsTestCase.java,,,,assert,unknown
bean_101_1,commons-beanutils-1.9.4,ConvertUtilsTestCase,testConvertUnsupportedTargetType_1_oe,src/test/java/org/apache/commons/beanutils/ConvertUtilsTestCase.java,,,,assert,unknown
bean_102_1,commons-beanutils-1.9.4,DynaPropertyUtilsTestCase,testCopyPropertiesMap_1_oe,src/test/java/org/apache/commons/beanutils/DynaPropertyUtilsTestCase.java,,,,assert,unknown
bean_102_2,commons-beanutils-1.9.4,DynaPropertyUtilsTestCase,testCopyPropertiesMap_2_oe,src/test/java/org/apache/commons/beanutils/DynaPropertyUtilsTestCase.java,,,,assert,unknown
bean_102_3,commons-beanutils-1.9.4,DynaPropertyUtilsTestCase,testCopyPropertiesMap_3_oe,src/test/java/org/apache/commons/beanutils/DynaPropertyUtilsTestCase.java,,,,assert,unknown
bean_102_4,commons-beanutils-1.9.4,DynaPropertyUtilsTestCase,testCopyPropertiesMap_4_oe,src/test/java/org/apache/commons/beanutils/DynaPropertyUtilsTestCase.java,,,,assert,unknown
bean_102_5,commons-beanutils-1.9.4,DynaPropertyUtilsTestCase,testCopyPropertiesMap_5_oe,src/test/java/org/apache/commons/beanutils/DynaPropertyUtilsTestCase.java,,,,assert,unknown
bean_102_6,commons-beanutils-1.9.4,DynaPropertyUtilsTestCase,testCopyPropertiesMap_6_oe,src/test/java/org/apache/commons/beanutils/DynaPropertyUtilsTestCase.java,,,,assert,unknown
bean_102_7,commons-beanutils-1.9.4,DynaPropertyUtilsTestCase,testCopyPropertiesMap_7_oe,src/test/java/org/apache/commons/beanutils/DynaPropertyUtilsTestCase.java,,,,assert,unknown
bean_102_8,commons-beanutils-1.9.4,DynaPropertyUtilsTestCase,testCopyPropertiesMap_8_oe,src/test/java/org/apache/commons/beanutils/DynaPropertyUtilsTestCase.java,,,,assert,unknown
bean_102_9,commons-beanutils-1.9.4,DynaPropertyUtilsTestCase,testCopyPropertiesMap_9_oe,src/test/java/org/apache/commons/beanutils/DynaPropertyUtilsTestCase.java,,,,assert,unknown
bean_102_10,commons-beanutils-1.9.4,DynaPropertyUtilsTestCase,testCopyPropertiesMap_10_oe,src/test/java/org/apache/commons/beanutils/DynaPropertyUtilsTestCase.java,,,,assert,unknown
bean_102_11,commons-beanutils-1.9.4,DynaPropertyUtilsTestCase,testCopyPropertiesMap_11_oe,src/test/java/org/apache/commons/beanutils/DynaPropertyUtilsTestCase.java,,,,assert,unknown
bean_102_12,commons-beanutils-1.9.4,DynaPropertyUtilsTestCase,testCopyPropertiesMap_12_oe,src/test/java/org/apache/commons/beanutils/DynaPropertyUtilsTestCase.java,,,,assert,unknown
bean_102_13,commons-beanutils-1.9.4,DynaPropertyUtilsTestCase,testCopyPropertiesMap_13_oe,src/test/java/org/apache/commons/beanutils/DynaPropertyUtilsTestCase.java,,,,assert,unknown
bean_102_14,commons-beanutils-1.9.4,DynaPropertyUtilsTestCase,testCopyPropertiesMap_14_oe,src/test/java/org/apache/commons/beanutils/DynaPropertyUtilsTestCase.java,,,,assert,unknown
bean_102_15,commons-beanutils-1.9.4,DynaPropertyUtilsTestCase,testCopyPropertiesMap_15_oe,src/test/java/org/apache/commons/beanutils/DynaPropertyUtilsTestCase.java,,,,assert,unknown
bean_102_16,commons-beanutils-1.9.4,DynaPropertyUtilsTestCase,testCopyPropertiesMap_16_oe,src/test/java/org/apache/commons/beanutils/DynaPropertyUtilsTestCase.java,,,,assert,unknown
bean_102_17,commons-beanutils-1.9.4,DynaPropertyUtilsTestCase,testCopyPropertiesMap_17_oe,src/test/java/org/apache/commons/beanutils/DynaPropertyUtilsTestCase.java,,,,assert,unknown
bean_102_18,commons-beanutils-1.9.4,DynaPropertyUtilsTestCase,testCopyPropertiesMap_18_oe,src/test/java/org/apache/commons/beanutils/DynaPropertyUtilsTestCase.java,,,,assert,unknown
bean_103_1,commons-beanutils-1.9.4,DynaPropertyUtilsTestCase,testDescribe_1_oe,src/test/java/org/apache/commons/beanutils/DynaPropertyUtilsTestCase.java,,,,assert,unknown
bean_103_2,commons-beanutils-1.9.4,DynaPropertyUtilsTestCase,testDescribe_2_oe,src/test/java/org/apache/commons/beanutils/DynaPropertyUtilsTestCase.java,,,,assert,unknown
bean_103_3,commons-beanutils-1.9.4,DynaPropertyUtilsTestCase,testDescribe_3_oe,src/test/java/org/apache/commons/beanutils/DynaPropertyUtilsTestCase.java,,,,assert,unknown
bean_103_4,commons-beanutils-1.9.4,DynaPropertyUtilsTestCase,testDescribe_4_oe,src/test/java/org/apache/commons/beanutils/DynaPropertyUtilsTestCase.java,,,,assert,unknown
bean_103_5,commons-beanutils-1.9.4,DynaPropertyUtilsTestCase,testDescribe_5_oe,src/test/java/org/apache/commons/beanutils/DynaPropertyUtilsTestCase.java,,,,assert,unknown
bean_103_6,commons-beanutils-1.9.4,DynaPropertyUtilsTestCase,testDescribe_6_oe,src/test/java/org/apache/commons/beanutils/DynaPropertyUtilsTestCase.java,,,,assert,unknown
bean_103_7,commons-beanutils-1.9.4,DynaPropertyUtilsTestCase,testDescribe_7_oe,src/test/java/org/apache/commons/beanutils/DynaPropertyUtilsTestCase.java,,,,assert,unknown
bean_103_8,commons-beanutils-1.9.4,DynaPropertyUtilsTestCase,testDescribe_8_oe,src/test/java/org/apache/commons/beanutils/DynaPropertyUtilsTestCase.java,,,,assert,unknown
bean_103_9,commons-beanutils-1.9.4,DynaPropertyUtilsTestCase,testDescribe_9_oe,src/test/java/org/apache/commons/beanutils/DynaPropertyUtilsTestCase.java,,,,assert,unknown
bean_103_10,commons-beanutils-1.9.4,DynaPropertyUtilsTestCase,testDescribe_10_oe,src/test/java/org/apache/commons/beanutils/DynaPropertyUtilsTestCase.java,,,,assert,unknown
bean_104_2,commons-beanutils-1.9.4,DynaPropertyUtilsTestCase,testGetIndexedArguments_2_oe,src/test/java/org/apache/commons/beanutils/DynaPropertyUtilsTestCase.java,,,,assert,unknown
bean_104_4,commons-beanutils-1.9.4,DynaPropertyUtilsTestCase,testGetIndexedArguments_4_oe,src/test/java/org/apache/commons/beanutils/DynaPropertyUtilsTestCase.java,,,,assert,unknown
bean_104_6,commons-beanutils-1.9.4,DynaPropertyUtilsTestCase,testGetIndexedArguments_6_oe,src/test/java/org/apache/commons/beanutils/DynaPropertyUtilsTestCase.java,,,,assert,unknown
bean_104_8,commons-beanutils-1.9.4,DynaPropertyUtilsTestCase,testGetIndexedArguments_8_oe,src/test/java/org/apache/commons/beanutils/DynaPropertyUtilsTestCase.java,,,,assert,unknown
bean_104_10,commons-beanutils-1.9.4,DynaPropertyUtilsTestCase,testGetIndexedArguments_10_oe,src/test/java/org/apache/commons/beanutils/DynaPropertyUtilsTestCase.java,,,,assert,unknown
bean_104_12,commons-beanutils-1.9.4,DynaPropertyUtilsTestCase,testGetIndexedArguments_12_oe,src/test/java/org/apache/commons/beanutils/DynaPropertyUtilsTestCase.java,,,,assert,unknown
bean_104_14,commons-beanutils-1.9.4,DynaPropertyUtilsTestCase,testGetIndexedArguments_14_oe,src/test/java/org/apache/commons/beanutils/DynaPropertyUtilsTestCase.java,,,,assert,unknown
bean_104_16,commons-beanutils-1.9.4,DynaPropertyUtilsTestCase,testGetIndexedArguments_16_oe,src/test/java/org/apache/commons/beanutils/DynaPropertyUtilsTestCase.java,,,,assert,unknown
bean_104_18,commons-beanutils-1.9.4,DynaPropertyUtilsTestCase,testGetIndexedArguments_18_oe,src/test/java/org/apache/commons/beanutils/DynaPropertyUtilsTestCase.java,,,,assert,unknown
bean_104_20,commons-beanutils-1.9.4,DynaPropertyUtilsTestCase,testGetIndexedArguments_20_oe,src/test/java/org/apache/commons/beanutils/DynaPropertyUtilsTestCase.java,,,,assert,unknown
bean_105_4,commons-beanutils-1.9.4,DynaPropertyUtilsTestCase,testGetIndexedValues_4_oe,src/test/java/org/apache/commons/beanutils/DynaPropertyUtilsTestCase.java,,,,assert,unknown
bean_105_8,commons-beanutils-1.9.4,DynaPropertyUtilsTestCase,testGetIndexedValues_8_oe,src/test/java/org/apache/commons/beanutils/DynaPropertyUtilsTestCase.java,,,,assert,unknown
bean_105_12,commons-beanutils-1.9.4,DynaPropertyUtilsTestCase,testGetIndexedValues_12_oe,src/test/java/org/apache/commons/beanutils/DynaPropertyUtilsTestCase.java,,,,assert,unknown
bean_105_16,commons-beanutils-1.9.4,DynaPropertyUtilsTestCase,testGetIndexedValues_16_oe,src/test/java/org/apache/commons/beanutils/DynaPropertyUtilsTestCase.java,,,,assert,unknown
bean_105_20,commons-beanutils-1.9.4,DynaPropertyUtilsTestCase,testGetIndexedValues_20_oe,src/test/java/org/apache/commons/beanutils/DynaPropertyUtilsTestCase.java,,,,assert,unknown
bean_105_24,commons-beanutils-1.9.4,DynaPropertyUtilsTestCase,testGetIndexedValues_24_oe,src/test/java/org/apache/commons/beanutils/DynaPropertyUtilsTestCase.java,,,,assert,unknown
bean_105_28,commons-beanutils-1.9.4,DynaPropertyUtilsTestCase,testGetIndexedValues_28_oe,src/test/java/org/apache/commons/beanutils/DynaPropertyUtilsTestCase.java,,,,assert,unknown
bean_105_32,commons-beanutils-1.9.4,DynaPropertyUtilsTestCase,testGetIndexedValues_32_oe,src/test/java/org/apache/commons/beanutils/DynaPropertyUtilsTestCase.java,,,,assert,unknown
bean_105_36,commons-beanutils-1.9.4,DynaPropertyUtilsTestCase,testGetIndexedValues_36_oe,src/test/java/org/apache/commons/beanutils/DynaPropertyUtilsTestCase.java,,,,assert,unknown
bean_105_40,commons-beanutils-1.9.4,DynaPropertyUtilsTestCase,testGetIndexedValues_40_oe,src/test/java/org/apache/commons/beanutils/DynaPropertyUtilsTestCase.java,,,,assert,unknown
bean_105_42,commons-beanutils-1.9.4,DynaPropertyUtilsTestCase,testGetIndexedValues_42_oe,src/test/java/org/apache/commons/beanutils/DynaPropertyUtilsTestCase.java,,,,assert,unknown
bean_105_44,commons-beanutils-1.9.4,DynaPropertyUtilsTestCase,testGetIndexedValues_44_oe,src/test/java/org/apache/commons/beanutils/DynaPropertyUtilsTestCase.java,,,,assert,unknown
bean_105_46,commons-beanutils-1.9.4,DynaPropertyUtilsTestCase,testGetIndexedValues_46_oe,src/test/java/org/apache/commons/beanutils/DynaPropertyUtilsTestCase.java,,,,assert,unknown
bean_105_48,commons-beanutils-1.9.4,DynaPropertyUtilsTestCase,testGetIndexedValues_48_oe,src/test/java/org/apache/commons/beanutils/DynaPropertyUtilsTestCase.java,,,,assert,unknown
bean_105_50,commons-beanutils-1.9.4,DynaPropertyUtilsTestCase,testGetIndexedValues_50_oe,src/test/java/org/apache/commons/beanutils/DynaPropertyUtilsTestCase.java,,,,assert,unknown
bean_105_52,commons-beanutils-1.9.4,DynaPropertyUtilsTestCase,testGetIndexedValues_52_oe,src/test/java/org/apache/commons/beanutils/DynaPropertyUtilsTestCase.java,,,,assert,unknown
bean_105_54,commons-beanutils-1.9.4,DynaPropertyUtilsTestCase,testGetIndexedValues_54_oe,src/test/java/org/apache/commons/beanutils/DynaPropertyUtilsTestCase.java,,,,assert,unknown
bean_105_56,commons-beanutils-1.9.4,DynaPropertyUtilsTestCase,testGetIndexedValues_56_oe,src/test/java/org/apache/commons/beanutils/DynaPropertyUtilsTestCase.java,,,,assert,unknown
bean_105_58,commons-beanutils-1.9.4,DynaPropertyUtilsTestCase,testGetIndexedValues_58_oe,src/test/java/org/apache/commons/beanutils/DynaPropertyUtilsTestCase.java,,,,assert,unknown
bean_105_60,commons-beanutils-1.9.4,DynaPropertyUtilsTestCase,testGetIndexedValues_60_oe,src/test/java/org/apache/commons/beanutils/DynaPropertyUtilsTestCase.java,,,,assert,unknown
bean_106_2,commons-beanutils-1.9.4,DynaPropertyUtilsTestCase,testGetMappedArguments_2_oe,src/test/java/org/apache/commons/beanutils/DynaPropertyUtilsTestCase.java,,,,assert,unknown
bean_106_4,commons-beanutils-1.9.4,DynaPropertyUtilsTestCase,testGetMappedArguments_4_oe,src/test/java/org/apache/commons/beanutils/DynaPropertyUtilsTestCase.java,,,,assert,unknown
bean_106_6,commons-beanutils-1.9.4,DynaPropertyUtilsTestCase,testGetMappedArguments_6_oe,src/test/java/org/apache/commons/beanutils/DynaPropertyUtilsTestCase.java,,,,assert,unknown
bean_106_8,commons-beanutils-1.9.4,DynaPropertyUtilsTestCase,testGetMappedArguments_8_oe,src/test/java/org/apache/commons/beanutils/DynaPropertyUtilsTestCase.java,,,,assert,unknown
bean_106_10,commons-beanutils-1.9.4,DynaPropertyUtilsTestCase,testGetMappedArguments_10_oe,src/test/java/org/apache/commons/beanutils/DynaPropertyUtilsTestCase.java,,,,assert,unknown
bean_106_12,commons-beanutils-1.9.4,DynaPropertyUtilsTestCase,testGetMappedArguments_12_oe,src/test/java/org/apache/commons/beanutils/DynaPropertyUtilsTestCase.java,,,,assert,unknown
bean_107_1,commons-beanutils-1.9.4,DynaPropertyUtilsTestCase,testGetMappedPeriods_1_oe,src/test/java/org/apache/commons/beanutils/DynaPropertyUtilsTestCase.java,,,,assert,unknown
bean_107_3,commons-beanutils-1.9.4,DynaPropertyUtilsTestCase,testGetMappedPeriods_3_oe,src/test/java/org/apache/commons/beanutils/DynaPropertyUtilsTestCase.java,,,,assert,unknown
bean_107_5,commons-beanutils-1.9.4,DynaPropertyUtilsTestCase,testGetMappedPeriods_5_oe,src/test/java/org/apache/commons/beanutils/DynaPropertyUtilsTestCase.java,,,,assert,unknown
bean_107_6,commons-beanutils-1.9.4,DynaPropertyUtilsTestCase,testGetMappedPeriods_6_oe,src/test/java/org/apache/commons/beanutils/DynaPropertyUtilsTestCase.java,,,,assert,unknown
bean_107_8,commons-beanutils-1.9.4,DynaPropertyUtilsTestCase,testGetMappedPeriods_8_oe,src/test/java/org/apache/commons/beanutils/DynaPropertyUtilsTestCase.java,,,,assert,unknown
bean_108_1,commons-beanutils-1.9.4,DynaPropertyUtilsTestCase,testGetMappedSlashes_1_oe,src/test/java/org/apache/commons/beanutils/DynaPropertyUtilsTestCase.java,,,,assert,unknown
bean_108_3,commons-beanutils-1.9.4,DynaPropertyUtilsTestCase,testGetMappedSlashes_3_oe,src/test/java/org/apache/commons/beanutils/DynaPropertyUtilsTestCase.java,,,,assert,unknown
bean_108_5,commons-beanutils-1.9.4,DynaPropertyUtilsTestCase,testGetMappedSlashes_5_oe,src/test/java/org/apache/commons/beanutils/DynaPropertyUtilsTestCase.java,,,,assert,unknown
bean_108_6,commons-beanutils-1.9.4,DynaPropertyUtilsTestCase,testGetMappedSlashes_6_oe,src/test/java/org/apache/commons/beanutils/DynaPropertyUtilsTestCase.java,,,,assert,unknown
bean_108_8,commons-beanutils-1.9.4,DynaPropertyUtilsTestCase,testGetMappedSlashes_8_oe,src/test/java/org/apache/commons/beanutils/DynaPropertyUtilsTestCase.java,,,,assert,unknown
bean_109_2,commons-beanutils-1.9.4,DynaPropertyUtilsTestCase,testGetMappedValues_2_oe,src/test/java/org/apache/commons/beanutils/DynaPropertyUtilsTestCase.java,,,,assert,unknown
bean_109_4,commons-beanutils-1.9.4,DynaPropertyUtilsTestCase,testGetMappedValues_4_oe,src/test/java/org/apache/commons/beanutils/DynaPropertyUtilsTestCase.java,,,,assert,unknown
bean_109_6,commons-beanutils-1.9.4,DynaPropertyUtilsTestCase,testGetMappedValues_6_oe,src/test/java/org/apache/commons/beanutils/DynaPropertyUtilsTestCase.java,,,,assert,unknown
bean_109_8,commons-beanutils-1.9.4,DynaPropertyUtilsTestCase,testGetMappedValues_8_oe,src/test/java/org/apache/commons/beanutils/DynaPropertyUtilsTestCase.java,,,,assert,unknown
bean_109_10,commons-beanutils-1.9.4,DynaPropertyUtilsTestCase,testGetMappedValues_10_oe,src/test/java/org/apache/commons/beanutils/DynaPropertyUtilsTestCase.java,,,,assert,unknown
bean_109_12,commons-beanutils-1.9.4,DynaPropertyUtilsTestCase,testGetMappedValues_12_oe,src/test/java/org/apache/commons/beanutils/DynaPropertyUtilsTestCase.java,,,,assert,unknown
bean_109_14,commons-beanutils-1.9.4,DynaPropertyUtilsTestCase,testGetMappedValues_14_oe,src/test/java/org/apache/commons/beanutils/DynaPropertyUtilsTestCase.java,,,,assert,unknown
bean_109_16,commons-beanutils-1.9.4,DynaPropertyUtilsTestCase,testGetMappedValues_16_oe,src/test/java/org/apache/commons/beanutils/DynaPropertyUtilsTestCase.java,,,,assert,unknown
bean_109_18,commons-beanutils-1.9.4,DynaPropertyUtilsTestCase,testGetMappedValues_18_oe,src/test/java/org/apache/commons/beanutils/DynaPropertyUtilsTestCase.java,,,,assert,unknown
bean_110_2,commons-beanutils-1.9.4,DynaPropertyUtilsTestCase,testGetNestedArguments_2_oe,src/test/java/org/apache/commons/beanutils/DynaPropertyUtilsTestCase.java,,,,assert,unknown
bean_110_4,commons-beanutils-1.9.4,DynaPropertyUtilsTestCase,testGetNestedArguments_4_oe,src/test/java/org/apache/commons/beanutils/DynaPropertyUtilsTestCase.java,,,,assert,unknown
bean_111_4,commons-beanutils-1.9.4,DynaPropertyUtilsTestCase,testGetNestedBoolean_4_oe,src/test/java/org/apache/commons/beanutils/DynaPropertyUtilsTestCase.java,,,,assert,unknown
bean_111_5,commons-beanutils-1.9.4,DynaPropertyUtilsTestCase,testGetNestedBoolean_5_oe,src/test/java/org/apache/commons/beanutils/DynaPropertyUtilsTestCase.java,,,,assert,unknown
bean_111_6,commons-beanutils-1.9.4,DynaPropertyUtilsTestCase,testGetNestedBoolean_6_oe,src/test/java/org/apache/commons/beanutils/DynaPropertyUtilsTestCase.java,,,,assert,unknown
bean_111_7,commons-beanutils-1.9.4,DynaPropertyUtilsTestCase,testGetNestedBoolean_7_oe,src/test/java/org/apache/commons/beanutils/DynaPropertyUtilsTestCase.java,,,,assert,unknown
bean_112_4,commons-beanutils-1.9.4,DynaPropertyUtilsTestCase,testGetNestedDouble_4_oe,src/test/java/org/apache/commons/beanutils/DynaPropertyUtilsTestCase.java,,,,assert,unknown
bean_112_5,commons-beanutils-1.9.4,DynaPropertyUtilsTestCase,testGetNestedDouble_5_oe,src/test/java/org/apache/commons/beanutils/DynaPropertyUtilsTestCase.java,,,,assert,unknown
bean_112_6,commons-beanutils-1.9.4,DynaPropertyUtilsTestCase,testGetNestedDouble_6_oe,src/test/java/org/apache/commons/beanutils/DynaPropertyUtilsTestCase.java,,,,assert,unknown
bean_112_7,commons-beanutils-1.9.4,DynaPropertyUtilsTestCase,testGetNestedDouble_7_oe,src/test/java/org/apache/commons/beanutils/DynaPropertyUtilsTestCase.java,,,,assert,unknown
bean_113_4,commons-beanutils-1.9.4,DynaPropertyUtilsTestCase,testGetNestedFloat_4_oe,src/test/java/org/apache/commons/beanutils/DynaPropertyUtilsTestCase.java,,,,assert,unknown
bean_113_5,commons-beanutils-1.9.4,DynaPropertyUtilsTestCase,testGetNestedFloat_5_oe,src/test/java/org/apache/commons/beanutils/DynaPropertyUtilsTestCase.java,,,,assert,unknown
bean_113_6,commons-beanutils-1.9.4,DynaPropertyUtilsTestCase,testGetNestedFloat_6_oe,src/test/java/org/apache/commons/beanutils/DynaPropertyUtilsTestCase.java,,,,assert,unknown
bean_113_7,commons-beanutils-1.9.4,DynaPropertyUtilsTestCase,testGetNestedFloat_7_oe,src/test/java/org/apache/commons/beanutils/DynaPropertyUtilsTestCase.java,,,,assert,unknown
bean_114_4,commons-beanutils-1.9.4,DynaPropertyUtilsTestCase,testGetNestedInt_4_oe,src/test/java/org/apache/commons/beanutils/DynaPropertyUtilsTestCase.java,,,,assert,unknown
bean_114_5,commons-beanutils-1.9.4,DynaPropertyUtilsTestCase,testGetNestedInt_5_oe,src/test/java/org/apache/commons/beanutils/DynaPropertyUtilsTestCase.java,,,,assert,unknown
bean_114_6,commons-beanutils-1.9.4,DynaPropertyUtilsTestCase,testGetNestedInt_6_oe,src/test/java/org/apache/commons/beanutils/DynaPropertyUtilsTestCase.java,,,,assert,unknown
bean_114_7,commons-beanutils-1.9.4,DynaPropertyUtilsTestCase,testGetNestedInt_7_oe,src/test/java/org/apache/commons/beanutils/DynaPropertyUtilsTestCase.java,,,,assert,unknown
bean_115_4,commons-beanutils-1.9.4,DynaPropertyUtilsTestCase,testGetNestedLong_4_oe,src/test/java/org/apache/commons/beanutils/DynaPropertyUtilsTestCase.java,,,,assert,unknown
bean_115_5,commons-beanutils-1.9.4,DynaPropertyUtilsTestCase,testGetNestedLong_5_oe,src/test/java/org/apache/commons/beanutils/DynaPropertyUtilsTestCase.java,,,,assert,unknown
bean_115_6,commons-beanutils-1.9.4,DynaPropertyUtilsTestCase,testGetNestedLong_6_oe,src/test/java/org/apache/commons/beanutils/DynaPropertyUtilsTestCase.java,,,,assert,unknown
bean_115_7,commons-beanutils-1.9.4,DynaPropertyUtilsTestCase,testGetNestedLong_7_oe,src/test/java/org/apache/commons/beanutils/DynaPropertyUtilsTestCase.java,,,,assert,unknown
bean_116_4,commons-beanutils-1.9.4,DynaPropertyUtilsTestCase,testGetNestedReadOnly_4_oe,src/test/java/org/apache/commons/beanutils/DynaPropertyUtilsTestCase.java,,,,assert,unknown
bean_116_5,commons-beanutils-1.9.4,DynaPropertyUtilsTestCase,testGetNestedReadOnly_5_oe,src/test/java/org/apache/commons/beanutils/DynaPropertyUtilsTestCase.java,,,,assert,unknown
bean_116_6,commons-beanutils-1.9.4,DynaPropertyUtilsTestCase,testGetNestedReadOnly_6_oe,src/test/java/org/apache/commons/beanutils/DynaPropertyUtilsTestCase.java,,,,assert,unknown
bean_116_7,commons-beanutils-1.9.4,DynaPropertyUtilsTestCase,testGetNestedReadOnly_7_oe,src/test/java/org/apache/commons/beanutils/DynaPropertyUtilsTestCase.java,,,,assert,unknown
bean_117_4,commons-beanutils-1.9.4,DynaPropertyUtilsTestCase,testGetNestedShort_4_oe,src/test/java/org/apache/commons/beanutils/DynaPropertyUtilsTestCase.java,,,,assert,unknown
bean_117_5,commons-beanutils-1.9.4,DynaPropertyUtilsTestCase,testGetNestedShort_5_oe,src/test/java/org/apache/commons/beanutils/DynaPropertyUtilsTestCase.java,,,,assert,unknown
bean_117_6,commons-beanutils-1.9.4,DynaPropertyUtilsTestCase,testGetNestedShort_6_oe,src/test/java/org/apache/commons/beanutils/DynaPropertyUtilsTestCase.java,,,,assert,unknown
bean_117_7,commons-beanutils-1.9.4,DynaPropertyUtilsTestCase,testGetNestedShort_7_oe,src/test/java/org/apache/commons/beanutils/DynaPropertyUtilsTestCase.java,,,,assert,unknown
bean_118_4,commons-beanutils-1.9.4,DynaPropertyUtilsTestCase,testGetNestedString_4_oe,src/test/java/org/apache/commons/beanutils/DynaPropertyUtilsTestCase.java,,,,assert,unknown
bean_118_5,commons-beanutils-1.9.4,DynaPropertyUtilsTestCase,testGetNestedString_5_oe,src/test/java/org/apache/commons/beanutils/DynaPropertyUtilsTestCase.java,,,,assert,unknown
bean_118_6,commons-beanutils-1.9.4,DynaPropertyUtilsTestCase,testGetNestedString_6_oe,src/test/java/org/apache/commons/beanutils/DynaPropertyUtilsTestCase.java,,,,assert,unknown
bean_118_7,commons-beanutils-1.9.4,DynaPropertyUtilsTestCase,testGetNestedString_7_oe,src/test/java/org/apache/commons/beanutils/DynaPropertyUtilsTestCase.java,,,,assert,unknown
bean_119_2,commons-beanutils-1.9.4,DynaPropertyUtilsTestCase,testGetNestedUnknown_2_oe,src/test/java/org/apache/commons/beanutils/DynaPropertyUtilsTestCase.java,,,,assert,unknown
bean_119_3,commons-beanutils-1.9.4,DynaPropertyUtilsTestCase,testGetNestedUnknown_3_oe,src/test/java/org/apache/commons/beanutils/DynaPropertyUtilsTestCase.java,,,,assert,unknown
bean_119_4,commons-beanutils-1.9.4,DynaPropertyUtilsTestCase,testGetNestedUnknown_4_oe,src/test/java/org/apache/commons/beanutils/DynaPropertyUtilsTestCase.java,,,,assert,unknown
bean_120_2,commons-beanutils-1.9.4,DynaPropertyUtilsTestCase,testGetSimpleArguments_2_oe,src/test/java/org/apache/commons/beanutils/DynaPropertyUtilsTestCase.java,,,,assert,unknown
bean_120_4,commons-beanutils-1.9.4,DynaPropertyUtilsTestCase,testGetSimpleArguments_4_oe,src/test/java/org/apache/commons/beanutils/DynaPropertyUtilsTestCase.java,,,,assert,unknown
bean_121_4,commons-beanutils-1.9.4,DynaPropertyUtilsTestCase,testGetSimpleBoolean_4_oe,src/test/java/org/apache/commons/beanutils/DynaPropertyUtilsTestCase.java,,,,assert,unknown
bean_121_5,commons-beanutils-1.9.4,DynaPropertyUtilsTestCase,testGetSimpleBoolean_5_oe,src/test/java/org/apache/commons/beanutils/DynaPropertyUtilsTestCase.java,,,,assert,unknown
bean_121_6,commons-beanutils-1.9.4,DynaPropertyUtilsTestCase,testGetSimpleBoolean_6_oe,src/test/java/org/apache/commons/beanutils/DynaPropertyUtilsTestCase.java,,,,assert,unknown
bean_121_7,commons-beanutils-1.9.4,DynaPropertyUtilsTestCase,testGetSimpleBoolean_7_oe,src/test/java/org/apache/commons/beanutils/DynaPropertyUtilsTestCase.java,,,,assert,unknown
bean_122_4,commons-beanutils-1.9.4,DynaPropertyUtilsTestCase,testGetSimpleDouble_4_oe,src/test/java/org/apache/commons/beanutils/DynaPropertyUtilsTestCase.java,,,,assert,unknown
bean_122_5,commons-beanutils-1.9.4,DynaPropertyUtilsTestCase,testGetSimpleDouble_5_oe,src/test/java/org/apache/commons/beanutils/DynaPropertyUtilsTestCase.java,,,,assert,unknown
bean_122_6,commons-beanutils-1.9.4,DynaPropertyUtilsTestCase,testGetSimpleDouble_6_oe,src/test/java/org/apache/commons/beanutils/DynaPropertyUtilsTestCase.java,,,,assert,unknown
bean_122_7,commons-beanutils-1.9.4,DynaPropertyUtilsTestCase,testGetSimpleDouble_7_oe,src/test/java/org/apache/commons/beanutils/DynaPropertyUtilsTestCase.java,,,,assert,unknown
bean_123_4,commons-beanutils-1.9.4,DynaPropertyUtilsTestCase,testGetSimpleFloat_4_oe,src/test/java/org/apache/commons/beanutils/DynaPropertyUtilsTestCase.java,,,,assert,unknown
bean_123_5,commons-beanutils-1.9.4,DynaPropertyUtilsTestCase,testGetSimpleFloat_5_oe,src/test/java/org/apache/commons/beanutils/DynaPropertyUtilsTestCase.java,,,,assert,unknown
bean_123_6,commons-beanutils-1.9.4,DynaPropertyUtilsTestCase,testGetSimpleFloat_6_oe,src/test/java/org/apache/commons/beanutils/DynaPropertyUtilsTestCase.java,,,,assert,unknown
bean_123_7,commons-beanutils-1.9.4,DynaPropertyUtilsTestCase,testGetSimpleFloat_7_oe,src/test/java/org/apache/commons/beanutils/DynaPropertyUtilsTestCase.java,,,,assert,unknown
bean_124_2,commons-beanutils-1.9.4,DynaPropertyUtilsTestCase,testGetSimpleIndexed_2_oe,src/test/java/org/apache/commons/beanutils/DynaPropertyUtilsTestCase.java,,,,assert,unknown
bean_124_3,commons-beanutils-1.9.4,DynaPropertyUtilsTestCase,testGetSimpleIndexed_3_oe,src/test/java/org/apache/commons/beanutils/DynaPropertyUtilsTestCase.java,,,,assert,unknown
bean_124_4,commons-beanutils-1.9.4,DynaPropertyUtilsTestCase,testGetSimpleIndexed_4_oe,src/test/java/org/apache/commons/beanutils/DynaPropertyUtilsTestCase.java,,,,assert,unknown
bean_125_4,commons-beanutils-1.9.4,DynaPropertyUtilsTestCase,testGetSimpleInt_4_oe,src/test/java/org/apache/commons/beanutils/DynaPropertyUtilsTestCase.java,,,,assert,unknown
bean_125_5,commons-beanutils-1.9.4,DynaPropertyUtilsTestCase,testGetSimpleInt_5_oe,src/test/java/org/apache/commons/beanutils/DynaPropertyUtilsTestCase.java,,,,assert,unknown
bean_125_6,commons-beanutils-1.9.4,DynaPropertyUtilsTestCase,testGetSimpleInt_6_oe,src/test/java/org/apache/commons/beanutils/DynaPropertyUtilsTestCase.java,,,,assert,unknown
bean_125_7,commons-beanutils-1.9.4,DynaPropertyUtilsTestCase,testGetSimpleInt_7_oe,src/test/java/org/apache/commons/beanutils/DynaPropertyUtilsTestCase.java,,,,assert,unknown
bean_126_4,commons-beanutils-1.9.4,DynaPropertyUtilsTestCase,testGetSimpleLong_4_oe,src/test/java/org/apache/commons/beanutils/DynaPropertyUtilsTestCase.java,,,,assert,unknown
bean_126_5,commons-beanutils-1.9.4,DynaPropertyUtilsTestCase,testGetSimpleLong_5_oe,src/test/java/org/apache/commons/beanutils/DynaPropertyUtilsTestCase.java,,,,assert,unknown
bean_126_6,commons-beanutils-1.9.4,DynaPropertyUtilsTestCase,testGetSimpleLong_6_oe,src/test/java/org/apache/commons/beanutils/DynaPropertyUtilsTestCase.java,,,,assert,unknown
bean_126_7,commons-beanutils-1.9.4,DynaPropertyUtilsTestCase,testGetSimpleLong_7_oe,src/test/java/org/apache/commons/beanutils/DynaPropertyUtilsTestCase.java,,,,assert,unknown
bean_127_2,commons-beanutils-1.9.4,DynaPropertyUtilsTestCase,testGetSimpleNested_2_oe,src/test/java/org/apache/commons/beanutils/DynaPropertyUtilsTestCase.java,,,,assert,unknown
bean_127_3,commons-beanutils-1.9.4,DynaPropertyUtilsTestCase,testGetSimpleNested_3_oe,src/test/java/org/apache/commons/beanutils/DynaPropertyUtilsTestCase.java,,,,assert,unknown
bean_127_4,commons-beanutils-1.9.4,DynaPropertyUtilsTestCase,testGetSimpleNested_4_oe,src/test/java/org/apache/commons/beanutils/DynaPropertyUtilsTestCase.java,,,,assert,unknown
bean_128_4,commons-beanutils-1.9.4,DynaPropertyUtilsTestCase,testGetSimpleShort_4_oe,src/test/java/org/apache/commons/beanutils/DynaPropertyUtilsTestCase.java,,,,assert,unknown
bean_128_5,commons-beanutils-1.9.4,DynaPropertyUtilsTestCase,testGetSimpleShort_5_oe,src/test/java/org/apache/commons/beanutils/DynaPropertyUtilsTestCase.java,,,,assert,unknown
bean_128_6,commons-beanutils-1.9.4,DynaPropertyUtilsTestCase,testGetSimpleShort_6_oe,src/test/java/org/apache/commons/beanutils/DynaPropertyUtilsTestCase.java,,,,assert,unknown
bean_128_7,commons-beanutils-1.9.4,DynaPropertyUtilsTestCase,testGetSimpleShort_7_oe,src/test/java/org/apache/commons/beanutils/DynaPropertyUtilsTestCase.java,,,,assert,unknown
bean_129_4,commons-beanutils-1.9.4,DynaPropertyUtilsTestCase,testGetSimpleString_4_oe,src/test/java/org/apache/commons/beanutils/DynaPropertyUtilsTestCase.java,,,,assert,unknown
bean_129_5,commons-beanutils-1.9.4,DynaPropertyUtilsTestCase,testGetSimpleString_5_oe,src/test/java/org/apache/commons/beanutils/DynaPropertyUtilsTestCase.java,,,,assert,unknown
bean_129_6,commons-beanutils-1.9.4,DynaPropertyUtilsTestCase,testGetSimpleString_6_oe,src/test/java/org/apache/commons/beanutils/DynaPropertyUtilsTestCase.java,,,,assert,unknown
bean_129_7,commons-beanutils-1.9.4,DynaPropertyUtilsTestCase,testGetSimpleString_7_oe,src/test/java/org/apache/commons/beanutils/DynaPropertyUtilsTestCase.java,,,,assert,unknown
bean_130_2,commons-beanutils-1.9.4,DynaPropertyUtilsTestCase,testGetSimpleUnknown_2_oe,src/test/java/org/apache/commons/beanutils/DynaPropertyUtilsTestCase.java,,,,assert,unknown
bean_130_3,commons-beanutils-1.9.4,DynaPropertyUtilsTestCase,testGetSimpleUnknown_3_oe,src/test/java/org/apache/commons/beanutils/DynaPropertyUtilsTestCase.java,,,,assert,unknown
bean_130_4,commons-beanutils-1.9.4,DynaPropertyUtilsTestCase,testGetSimpleUnknown_4_oe,src/test/java/org/apache/commons/beanutils/DynaPropertyUtilsTestCase.java,,,,assert,unknown
bean_130_5,commons-beanutils-1.9.4,DynaPropertyUtilsTestCase,testGetSimpleUnknown_5_oe,src/test/java/org/apache/commons/beanutils/DynaPropertyUtilsTestCase.java,,,,assert,unknown
bean_131_2,commons-beanutils-1.9.4,DynaPropertyUtilsTestCase,testSetIndexedArguments_2_oe,src/test/java/org/apache/commons/beanutils/DynaPropertyUtilsTestCase.java,,,,assert,unknown
bean_131_4,commons-beanutils-1.9.4,DynaPropertyUtilsTestCase,testSetIndexedArguments_4_oe,src/test/java/org/apache/commons/beanutils/DynaPropertyUtilsTestCase.java,,,,assert,unknown
bean_131_6,commons-beanutils-1.9.4,DynaPropertyUtilsTestCase,testSetIndexedArguments_6_oe,src/test/java/org/apache/commons/beanutils/DynaPropertyUtilsTestCase.java,,,,assert,unknown
bean_131_8,commons-beanutils-1.9.4,DynaPropertyUtilsTestCase,testSetIndexedArguments_8_oe,src/test/java/org/apache/commons/beanutils/DynaPropertyUtilsTestCase.java,,,,assert,unknown
bean_131_10,commons-beanutils-1.9.4,DynaPropertyUtilsTestCase,testSetIndexedArguments_10_oe,src/test/java/org/apache/commons/beanutils/DynaPropertyUtilsTestCase.java,,,,assert,unknown
bean_131_12,commons-beanutils-1.9.4,DynaPropertyUtilsTestCase,testSetIndexedArguments_12_oe,src/test/java/org/apache/commons/beanutils/DynaPropertyUtilsTestCase.java,,,,assert,unknown
bean_131_14,commons-beanutils-1.9.4,DynaPropertyUtilsTestCase,testSetIndexedArguments_14_oe,src/test/java/org/apache/commons/beanutils/DynaPropertyUtilsTestCase.java,,,,assert,unknown
bean_131_16,commons-beanutils-1.9.4,DynaPropertyUtilsTestCase,testSetIndexedArguments_16_oe,src/test/java/org/apache/commons/beanutils/DynaPropertyUtilsTestCase.java,,,,assert,unknown
bean_131_18,commons-beanutils-1.9.4,DynaPropertyUtilsTestCase,testSetIndexedArguments_18_oe,src/test/java/org/apache/commons/beanutils/DynaPropertyUtilsTestCase.java,,,,assert,unknown
bean_131_20,commons-beanutils-1.9.4,DynaPropertyUtilsTestCase,testSetIndexedArguments_20_oe,src/test/java/org/apache/commons/beanutils/DynaPropertyUtilsTestCase.java,,,,assert,unknown
bean_132_4,commons-beanutils-1.9.4,DynaPropertyUtilsTestCase,testSetIndexedValues_4_oe,src/test/java/org/apache/commons/beanutils/DynaPropertyUtilsTestCase.java,,,,assert,unknown
bean_132_8,commons-beanutils-1.9.4,DynaPropertyUtilsTestCase,testSetIndexedValues_8_oe,src/test/java/org/apache/commons/beanutils/DynaPropertyUtilsTestCase.java,,,,assert,unknown
bean_132_12,commons-beanutils-1.9.4,DynaPropertyUtilsTestCase,testSetIndexedValues_12_oe,src/test/java/org/apache/commons/beanutils/DynaPropertyUtilsTestCase.java,,,,assert,unknown
bean_132_16,commons-beanutils-1.9.4,DynaPropertyUtilsTestCase,testSetIndexedValues_16_oe,src/test/java/org/apache/commons/beanutils/DynaPropertyUtilsTestCase.java,,,,assert,unknown
bean_132_20,commons-beanutils-1.9.4,DynaPropertyUtilsTestCase,testSetIndexedValues_20_oe,src/test/java/org/apache/commons/beanutils/DynaPropertyUtilsTestCase.java,,,,assert,unknown
bean_132_24,commons-beanutils-1.9.4,DynaPropertyUtilsTestCase,testSetIndexedValues_24_oe,src/test/java/org/apache/commons/beanutils/DynaPropertyUtilsTestCase.java,,,,assert,unknown
bean_132_28,commons-beanutils-1.9.4,DynaPropertyUtilsTestCase,testSetIndexedValues_28_oe,src/test/java/org/apache/commons/beanutils/DynaPropertyUtilsTestCase.java,,,,assert,unknown
bean_132_32,commons-beanutils-1.9.4,DynaPropertyUtilsTestCase,testSetIndexedValues_32_oe,src/test/java/org/apache/commons/beanutils/DynaPropertyUtilsTestCase.java,,,,assert,unknown
bean_132_36,commons-beanutils-1.9.4,DynaPropertyUtilsTestCase,testSetIndexedValues_36_oe,src/test/java/org/apache/commons/beanutils/DynaPropertyUtilsTestCase.java,,,,assert,unknown
bean_132_40,commons-beanutils-1.9.4,DynaPropertyUtilsTestCase,testSetIndexedValues_40_oe,src/test/java/org/apache/commons/beanutils/DynaPropertyUtilsTestCase.java,,,,assert,unknown
bean_132_42,commons-beanutils-1.9.4,DynaPropertyUtilsTestCase,testSetIndexedValues_42_oe,src/test/java/org/apache/commons/beanutils/DynaPropertyUtilsTestCase.java,,,,assert,unknown
bean_132_44,commons-beanutils-1.9.4,DynaPropertyUtilsTestCase,testSetIndexedValues_44_oe,src/test/java/org/apache/commons/beanutils/DynaPropertyUtilsTestCase.java,,,,assert,unknown
bean_132_46,commons-beanutils-1.9.4,DynaPropertyUtilsTestCase,testSetIndexedValues_46_oe,src/test/java/org/apache/commons/beanutils/DynaPropertyUtilsTestCase.java,,,,assert,unknown
bean_132_48,commons-beanutils-1.9.4,DynaPropertyUtilsTestCase,testSetIndexedValues_48_oe,src/test/java/org/apache/commons/beanutils/DynaPropertyUtilsTestCase.java,,,,assert,unknown
bean_132_50,commons-beanutils-1.9.4,DynaPropertyUtilsTestCase,testSetIndexedValues_50_oe,src/test/java/org/apache/commons/beanutils/DynaPropertyUtilsTestCase.java,,,,assert,unknown
bean_132_52,commons-beanutils-1.9.4,DynaPropertyUtilsTestCase,testSetIndexedValues_52_oe,src/test/java/org/apache/commons/beanutils/DynaPropertyUtilsTestCase.java,,,,assert,unknown
bean_132_54,commons-beanutils-1.9.4,DynaPropertyUtilsTestCase,testSetIndexedValues_54_oe,src/test/java/org/apache/commons/beanutils/DynaPropertyUtilsTestCase.java,,,,assert,unknown
bean_132_56,commons-beanutils-1.9.4,DynaPropertyUtilsTestCase,testSetIndexedValues_56_oe,src/test/java/org/apache/commons/beanutils/DynaPropertyUtilsTestCase.java,,,,assert,unknown
bean_132_58,commons-beanutils-1.9.4,DynaPropertyUtilsTestCase,testSetIndexedValues_58_oe,src/test/java/org/apache/commons/beanutils/DynaPropertyUtilsTestCase.java,,,,assert,unknown
bean_132_60,commons-beanutils-1.9.4,DynaPropertyUtilsTestCase,testSetIndexedValues_60_oe,src/test/java/org/apache/commons/beanutils/DynaPropertyUtilsTestCase.java,,,,assert,unknown
bean_133_2,commons-beanutils-1.9.4,DynaPropertyUtilsTestCase,testSetMappedArguments_2_oe,src/test/java/org/apache/commons/beanutils/DynaPropertyUtilsTestCase.java,,,,assert,unknown
bean_133_4,commons-beanutils-1.9.4,DynaPropertyUtilsTestCase,testSetMappedArguments_4_oe,src/test/java/org/apache/commons/beanutils/DynaPropertyUtilsTestCase.java,,,,assert,unknown
bean_133_6,commons-beanutils-1.9.4,DynaPropertyUtilsTestCase,testSetMappedArguments_6_oe,src/test/java/org/apache/commons/beanutils/DynaPropertyUtilsTestCase.java,,,,assert,unknown
bean_133_8,commons-beanutils-1.9.4,DynaPropertyUtilsTestCase,testSetMappedArguments_8_oe,src/test/java/org/apache/commons/beanutils/DynaPropertyUtilsTestCase.java,,,,assert,unknown
bean_133_10,commons-beanutils-1.9.4,DynaPropertyUtilsTestCase,testSetMappedArguments_10_oe,src/test/java/org/apache/commons/beanutils/DynaPropertyUtilsTestCase.java,,,,assert,unknown
bean_133_12,commons-beanutils-1.9.4,DynaPropertyUtilsTestCase,testSetMappedArguments_12_oe,src/test/java/org/apache/commons/beanutils/DynaPropertyUtilsTestCase.java,,,,assert,unknown
bean_134_2,commons-beanutils-1.9.4,DynaPropertyUtilsTestCase,testSetMappedValues_2_oe,src/test/java/org/apache/commons/beanutils/DynaPropertyUtilsTestCase.java,,,,assert,unknown
bean_134_3,commons-beanutils-1.9.4,DynaPropertyUtilsTestCase,testSetMappedValues_3_oe,src/test/java/org/apache/commons/beanutils/DynaPropertyUtilsTestCase.java,,,,assert,unknown
bean_134_5,commons-beanutils-1.9.4,DynaPropertyUtilsTestCase,testSetMappedValues_5_oe,src/test/java/org/apache/commons/beanutils/DynaPropertyUtilsTestCase.java,,,,assert,unknown
bean_134_7,commons-beanutils-1.9.4,DynaPropertyUtilsTestCase,testSetMappedValues_7_oe,src/test/java/org/apache/commons/beanutils/DynaPropertyUtilsTestCase.java,,,,assert,unknown
bean_134_8,commons-beanutils-1.9.4,DynaPropertyUtilsTestCase,testSetMappedValues_8_oe,src/test/java/org/apache/commons/beanutils/DynaPropertyUtilsTestCase.java,,,,assert,unknown
bean_134_10,commons-beanutils-1.9.4,DynaPropertyUtilsTestCase,testSetMappedValues_10_oe,src/test/java/org/apache/commons/beanutils/DynaPropertyUtilsTestCase.java,,,,assert,unknown
bean_134_12,commons-beanutils-1.9.4,DynaPropertyUtilsTestCase,testSetMappedValues_12_oe,src/test/java/org/apache/commons/beanutils/DynaPropertyUtilsTestCase.java,,,,assert,unknown
bean_134_13,commons-beanutils-1.9.4,DynaPropertyUtilsTestCase,testSetMappedValues_13_oe,src/test/java/org/apache/commons/beanutils/DynaPropertyUtilsTestCase.java,,,,assert,unknown
bean_134_15,commons-beanutils-1.9.4,DynaPropertyUtilsTestCase,testSetMappedValues_15_oe,src/test/java/org/apache/commons/beanutils/DynaPropertyUtilsTestCase.java,,,,assert,unknown
bean_135_2,commons-beanutils-1.9.4,DynaPropertyUtilsTestCase,testSetNestedArguments_2_oe,src/test/java/org/apache/commons/beanutils/DynaPropertyUtilsTestCase.java,,,,assert,unknown
bean_135_4,commons-beanutils-1.9.4,DynaPropertyUtilsTestCase,testSetNestedArguments_4_oe,src/test/java/org/apache/commons/beanutils/DynaPropertyUtilsTestCase.java,,,,assert,unknown
bean_136_2,commons-beanutils-1.9.4,DynaPropertyUtilsTestCase,testSetNestedBoolean_2_oe,src/test/java/org/apache/commons/beanutils/DynaPropertyUtilsTestCase.java,,,,assert,unknown
bean_136_3,commons-beanutils-1.9.4,DynaPropertyUtilsTestCase,testSetNestedBoolean_3_oe,src/test/java/org/apache/commons/beanutils/DynaPropertyUtilsTestCase.java,,,,assert,unknown
bean_136_4,commons-beanutils-1.9.4,DynaPropertyUtilsTestCase,testSetNestedBoolean_4_oe,src/test/java/org/apache/commons/beanutils/DynaPropertyUtilsTestCase.java,,,,assert,unknown
bean_136_5,commons-beanutils-1.9.4,DynaPropertyUtilsTestCase,testSetNestedBoolean_5_oe,src/test/java/org/apache/commons/beanutils/DynaPropertyUtilsTestCase.java,,,,assert,unknown
bean_137_2,commons-beanutils-1.9.4,DynaPropertyUtilsTestCase,testSetNestedDouble_2_oe,src/test/java/org/apache/commons/beanutils/DynaPropertyUtilsTestCase.java,,,,assert,unknown
bean_137_3,commons-beanutils-1.9.4,DynaPropertyUtilsTestCase,testSetNestedDouble_3_oe,src/test/java/org/apache/commons/beanutils/DynaPropertyUtilsTestCase.java,,,,assert,unknown
bean_137_4,commons-beanutils-1.9.4,DynaPropertyUtilsTestCase,testSetNestedDouble_4_oe,src/test/java/org/apache/commons/beanutils/DynaPropertyUtilsTestCase.java,,,,assert,unknown
bean_137_5,commons-beanutils-1.9.4,DynaPropertyUtilsTestCase,testSetNestedDouble_5_oe,src/test/java/org/apache/commons/beanutils/DynaPropertyUtilsTestCase.java,,,,assert,unknown
bean_138_2,commons-beanutils-1.9.4,DynaPropertyUtilsTestCase,testSetNestedFloat_2_oe,src/test/java/org/apache/commons/beanutils/DynaPropertyUtilsTestCase.java,,,,assert,unknown
bean_138_3,commons-beanutils-1.9.4,DynaPropertyUtilsTestCase,testSetNestedFloat_3_oe,src/test/java/org/apache/commons/beanutils/DynaPropertyUtilsTestCase.java,,,,assert,unknown
bean_138_4,commons-beanutils-1.9.4,DynaPropertyUtilsTestCase,testSetNestedFloat_4_oe,src/test/java/org/apache/commons/beanutils/DynaPropertyUtilsTestCase.java,,,,assert,unknown
bean_138_5,commons-beanutils-1.9.4,DynaPropertyUtilsTestCase,testSetNestedFloat_5_oe,src/test/java/org/apache/commons/beanutils/DynaPropertyUtilsTestCase.java,,,,assert,unknown
bean_139_2,commons-beanutils-1.9.4,DynaPropertyUtilsTestCase,testSetNestedInt_2_oe,src/test/java/org/apache/commons/beanutils/DynaPropertyUtilsTestCase.java,,,,assert,unknown
bean_139_3,commons-beanutils-1.9.4,DynaPropertyUtilsTestCase,testSetNestedInt_3_oe,src/test/java/org/apache/commons/beanutils/DynaPropertyUtilsTestCase.java,,,,assert,unknown
bean_139_4,commons-beanutils-1.9.4,DynaPropertyUtilsTestCase,testSetNestedInt_4_oe,src/test/java/org/apache/commons/beanutils/DynaPropertyUtilsTestCase.java,,,,assert,unknown
bean_139_5,commons-beanutils-1.9.4,DynaPropertyUtilsTestCase,testSetNestedInt_5_oe,src/test/java/org/apache/commons/beanutils/DynaPropertyUtilsTestCase.java,,,,assert,unknown
bean_140_2,commons-beanutils-1.9.4,DynaPropertyUtilsTestCase,testSetNestedLong_2_oe,src/test/java/org/apache/commons/beanutils/DynaPropertyUtilsTestCase.java,,,,assert,unknown
bean_140_3,commons-beanutils-1.9.4,DynaPropertyUtilsTestCase,testSetNestedLong_3_oe,src/test/java/org/apache/commons/beanutils/DynaPropertyUtilsTestCase.java,,,,assert,unknown
bean_140_4,commons-beanutils-1.9.4,DynaPropertyUtilsTestCase,testSetNestedLong_4_oe,src/test/java/org/apache/commons/beanutils/DynaPropertyUtilsTestCase.java,,,,assert,unknown
bean_140_5,commons-beanutils-1.9.4,DynaPropertyUtilsTestCase,testSetNestedLong_5_oe,src/test/java/org/apache/commons/beanutils/DynaPropertyUtilsTestCase.java,,,,assert,unknown
bean_141_2,commons-beanutils-1.9.4,DynaPropertyUtilsTestCase,testSetNestedReadOnly_2_oe,src/test/java/org/apache/commons/beanutils/DynaPropertyUtilsTestCase.java,,,,assert,unknown
bean_141_3,commons-beanutils-1.9.4,DynaPropertyUtilsTestCase,testSetNestedReadOnly_3_oe,src/test/java/org/apache/commons/beanutils/DynaPropertyUtilsTestCase.java,,,,assert,unknown
bean_141_4,commons-beanutils-1.9.4,DynaPropertyUtilsTestCase,testSetNestedReadOnly_4_oe,src/test/java/org/apache/commons/beanutils/DynaPropertyUtilsTestCase.java,,,,assert,unknown
bean_142_2,commons-beanutils-1.9.4,DynaPropertyUtilsTestCase,testSetNestedShort_2_oe,src/test/java/org/apache/commons/beanutils/DynaPropertyUtilsTestCase.java,,,,assert,unknown
bean_142_3,commons-beanutils-1.9.4,DynaPropertyUtilsTestCase,testSetNestedShort_3_oe,src/test/java/org/apache/commons/beanutils/DynaPropertyUtilsTestCase.java,,,,assert,unknown
bean_142_4,commons-beanutils-1.9.4,DynaPropertyUtilsTestCase,testSetNestedShort_4_oe,src/test/java/org/apache/commons/beanutils/DynaPropertyUtilsTestCase.java,,,,assert,unknown
bean_142_5,commons-beanutils-1.9.4,DynaPropertyUtilsTestCase,testSetNestedShort_5_oe,src/test/java/org/apache/commons/beanutils/DynaPropertyUtilsTestCase.java,,,,assert,unknown
bean_143_2,commons-beanutils-1.9.4,DynaPropertyUtilsTestCase,testSetNestedString_2_oe,src/test/java/org/apache/commons/beanutils/DynaPropertyUtilsTestCase.java,,,,assert,unknown
bean_143_3,commons-beanutils-1.9.4,DynaPropertyUtilsTestCase,testSetNestedString_3_oe,src/test/java/org/apache/commons/beanutils/DynaPropertyUtilsTestCase.java,,,,assert,unknown
bean_143_4,commons-beanutils-1.9.4,DynaPropertyUtilsTestCase,testSetNestedString_4_oe,src/test/java/org/apache/commons/beanutils/DynaPropertyUtilsTestCase.java,,,,assert,unknown
bean_143_5,commons-beanutils-1.9.4,DynaPropertyUtilsTestCase,testSetNestedString_5_oe,src/test/java/org/apache/commons/beanutils/DynaPropertyUtilsTestCase.java,,,,assert,unknown
bean_144_2,commons-beanutils-1.9.4,DynaPropertyUtilsTestCase,testSetNestedUnknown_2_oe,src/test/java/org/apache/commons/beanutils/DynaPropertyUtilsTestCase.java,,,,assert,unknown
bean_144_3,commons-beanutils-1.9.4,DynaPropertyUtilsTestCase,testSetNestedUnknown_3_oe,src/test/java/org/apache/commons/beanutils/DynaPropertyUtilsTestCase.java,,,,assert,unknown
bean_144_4,commons-beanutils-1.9.4,DynaPropertyUtilsTestCase,testSetNestedUnknown_4_oe,src/test/java/org/apache/commons/beanutils/DynaPropertyUtilsTestCase.java,,,,assert,unknown
bean_145_2,commons-beanutils-1.9.4,DynaPropertyUtilsTestCase,testSetNestedWriteOnly_2_oe,src/test/java/org/apache/commons/beanutils/DynaPropertyUtilsTestCase.java,,,,assert,unknown
bean_145_3,commons-beanutils-1.9.4,DynaPropertyUtilsTestCase,testSetNestedWriteOnly_3_oe,src/test/java/org/apache/commons/beanutils/DynaPropertyUtilsTestCase.java,,,,assert,unknown
bean_145_4,commons-beanutils-1.9.4,DynaPropertyUtilsTestCase,testSetNestedWriteOnly_4_oe,src/test/java/org/apache/commons/beanutils/DynaPropertyUtilsTestCase.java,,,,assert,unknown
bean_145_5,commons-beanutils-1.9.4,DynaPropertyUtilsTestCase,testSetNestedWriteOnly_5_oe,src/test/java/org/apache/commons/beanutils/DynaPropertyUtilsTestCase.java,,,,assert,unknown
bean_146_2,commons-beanutils-1.9.4,DynaPropertyUtilsTestCase,testSetSimpleArguments_2_oe,src/test/java/org/apache/commons/beanutils/DynaPropertyUtilsTestCase.java,,,,assert,unknown
bean_146_4,commons-beanutils-1.9.4,DynaPropertyUtilsTestCase,testSetSimpleArguments_4_oe,src/test/java/org/apache/commons/beanutils/DynaPropertyUtilsTestCase.java,,,,assert,unknown
bean_147_2,commons-beanutils-1.9.4,DynaPropertyUtilsTestCase,testSetSimpleBoolean_2_oe,src/test/java/org/apache/commons/beanutils/DynaPropertyUtilsTestCase.java,,,,assert,unknown
bean_147_3,commons-beanutils-1.9.4,DynaPropertyUtilsTestCase,testSetSimpleBoolean_3_oe,src/test/java/org/apache/commons/beanutils/DynaPropertyUtilsTestCase.java,,,,assert,unknown
bean_147_4,commons-beanutils-1.9.4,DynaPropertyUtilsTestCase,testSetSimpleBoolean_4_oe,src/test/java/org/apache/commons/beanutils/DynaPropertyUtilsTestCase.java,,,,assert,unknown
bean_147_5,commons-beanutils-1.9.4,DynaPropertyUtilsTestCase,testSetSimpleBoolean_5_oe,src/test/java/org/apache/commons/beanutils/DynaPropertyUtilsTestCase.java,,,,assert,unknown
bean_148_2,commons-beanutils-1.9.4,DynaPropertyUtilsTestCase,testSetSimpleDouble_2_oe,src/test/java/org/apache/commons/beanutils/DynaPropertyUtilsTestCase.java,,,,assert,unknown
bean_148_3,commons-beanutils-1.9.4,DynaPropertyUtilsTestCase,testSetSimpleDouble_3_oe,src/test/java/org/apache/commons/beanutils/DynaPropertyUtilsTestCase.java,,,,assert,unknown
bean_148_4,commons-beanutils-1.9.4,DynaPropertyUtilsTestCase,testSetSimpleDouble_4_oe,src/test/java/org/apache/commons/beanutils/DynaPropertyUtilsTestCase.java,,,,assert,unknown
bean_148_5,commons-beanutils-1.9.4,DynaPropertyUtilsTestCase,testSetSimpleDouble_5_oe,src/test/java/org/apache/commons/beanutils/DynaPropertyUtilsTestCase.java,,,,assert,unknown
bean_149_2,commons-beanutils-1.9.4,DynaPropertyUtilsTestCase,testSetSimpleFloat_2_oe,src/test/java/org/apache/commons/beanutils/DynaPropertyUtilsTestCase.java,,,,assert,unknown
bean_149_3,commons-beanutils-1.9.4,DynaPropertyUtilsTestCase,testSetSimpleFloat_3_oe,src/test/java/org/apache/commons/beanutils/DynaPropertyUtilsTestCase.java,,,,assert,unknown
bean_149_4,commons-beanutils-1.9.4,DynaPropertyUtilsTestCase,testSetSimpleFloat_4_oe,src/test/java/org/apache/commons/beanutils/DynaPropertyUtilsTestCase.java,,,,assert,unknown
bean_149_5,commons-beanutils-1.9.4,DynaPropertyUtilsTestCase,testSetSimpleFloat_5_oe,src/test/java/org/apache/commons/beanutils/DynaPropertyUtilsTestCase.java,,,,assert,unknown
bean_150_2,commons-beanutils-1.9.4,DynaPropertyUtilsTestCase,testSetSimpleIndexed_2_oe,src/test/java/org/apache/commons/beanutils/DynaPropertyUtilsTestCase.java,,,,assert,unknown
bean_150_3,commons-beanutils-1.9.4,DynaPropertyUtilsTestCase,testSetSimpleIndexed_3_oe,src/test/java/org/apache/commons/beanutils/DynaPropertyUtilsTestCase.java,,,,assert,unknown
bean_150_4,commons-beanutils-1.9.4,DynaPropertyUtilsTestCase,testSetSimpleIndexed_4_oe,src/test/java/org/apache/commons/beanutils/DynaPropertyUtilsTestCase.java,,,,assert,unknown
bean_151_2,commons-beanutils-1.9.4,DynaPropertyUtilsTestCase,testSetSimpleInt_2_oe,src/test/java/org/apache/commons/beanutils/DynaPropertyUtilsTestCase.java,,,,assert,unknown
bean_151_3,commons-beanutils-1.9.4,DynaPropertyUtilsTestCase,testSetSimpleInt_3_oe,src/test/java/org/apache/commons/beanutils/DynaPropertyUtilsTestCase.java,,,,assert,unknown
bean_151_4,commons-beanutils-1.9.4,DynaPropertyUtilsTestCase,testSetSimpleInt_4_oe,src/test/java/org/apache/commons/beanutils/DynaPropertyUtilsTestCase.java,,,,assert,unknown
bean_151_5,commons-beanutils-1.9.4,DynaPropertyUtilsTestCase,testSetSimpleInt_5_oe,src/test/java/org/apache/commons/beanutils/DynaPropertyUtilsTestCase.java,,,,assert,unknown
bean_152_2,commons-beanutils-1.9.4,DynaPropertyUtilsTestCase,testSetSimpleLong_2_oe,src/test/java/org/apache/commons/beanutils/DynaPropertyUtilsTestCase.java,,,,assert,unknown
bean_152_3,commons-beanutils-1.9.4,DynaPropertyUtilsTestCase,testSetSimpleLong_3_oe,src/test/java/org/apache/commons/beanutils/DynaPropertyUtilsTestCase.java,,,,assert,unknown
bean_152_4,commons-beanutils-1.9.4,DynaPropertyUtilsTestCase,testSetSimpleLong_4_oe,src/test/java/org/apache/commons/beanutils/DynaPropertyUtilsTestCase.java,,,,assert,unknown
bean_152_5,commons-beanutils-1.9.4,DynaPropertyUtilsTestCase,testSetSimpleLong_5_oe,src/test/java/org/apache/commons/beanutils/DynaPropertyUtilsTestCase.java,,,,assert,unknown
bean_153_2,commons-beanutils-1.9.4,DynaPropertyUtilsTestCase,testSetSimpleNested_2_oe,src/test/java/org/apache/commons/beanutils/DynaPropertyUtilsTestCase.java,,,,assert,unknown
bean_153_3,commons-beanutils-1.9.4,DynaPropertyUtilsTestCase,testSetSimpleNested_3_oe,src/test/java/org/apache/commons/beanutils/DynaPropertyUtilsTestCase.java,,,,assert,unknown
bean_153_4,commons-beanutils-1.9.4,DynaPropertyUtilsTestCase,testSetSimpleNested_4_oe,src/test/java/org/apache/commons/beanutils/DynaPropertyUtilsTestCase.java,,,,assert,unknown
bean_154_2,commons-beanutils-1.9.4,DynaPropertyUtilsTestCase,testSetSimpleShort_2_oe,src/test/java/org/apache/commons/beanutils/DynaPropertyUtilsTestCase.java,,,,assert,unknown
bean_154_3,commons-beanutils-1.9.4,DynaPropertyUtilsTestCase,testSetSimpleShort_3_oe,src/test/java/org/apache/commons/beanutils/DynaPropertyUtilsTestCase.java,,,,assert,unknown
bean_154_4,commons-beanutils-1.9.4,DynaPropertyUtilsTestCase,testSetSimpleShort_4_oe,src/test/java/org/apache/commons/beanutils/DynaPropertyUtilsTestCase.java,,,,assert,unknown
bean_154_5,commons-beanutils-1.9.4,DynaPropertyUtilsTestCase,testSetSimpleShort_5_oe,src/test/java/org/apache/commons/beanutils/DynaPropertyUtilsTestCase.java,,,,assert,unknown
bean_155_2,commons-beanutils-1.9.4,DynaPropertyUtilsTestCase,testSetSimpleString_2_oe,src/test/java/org/apache/commons/beanutils/DynaPropertyUtilsTestCase.java,,,,assert,unknown
bean_155_3,commons-beanutils-1.9.4,DynaPropertyUtilsTestCase,testSetSimpleString_3_oe,src/test/java/org/apache/commons/beanutils/DynaPropertyUtilsTestCase.java,,,,assert,unknown
bean_155_4,commons-beanutils-1.9.4,DynaPropertyUtilsTestCase,testSetSimpleString_4_oe,src/test/java/org/apache/commons/beanutils/DynaPropertyUtilsTestCase.java,,,,assert,unknown
bean_155_5,commons-beanutils-1.9.4,DynaPropertyUtilsTestCase,testSetSimpleString_5_oe,src/test/java/org/apache/commons/beanutils/DynaPropertyUtilsTestCase.java,,,,assert,unknown
bean_156_2,commons-beanutils-1.9.4,DynaPropertyUtilsTestCase,testSetSimpleUnknown_2_oe,src/test/java/org/apache/commons/beanutils/DynaPropertyUtilsTestCase.java,,,,assert,unknown
bean_156_3,commons-beanutils-1.9.4,DynaPropertyUtilsTestCase,testSetSimpleUnknown_3_oe,src/test/java/org/apache/commons/beanutils/DynaPropertyUtilsTestCase.java,,,,assert,unknown
bean_156_4,commons-beanutils-1.9.4,DynaPropertyUtilsTestCase,testSetSimpleUnknown_4_oe,src/test/java/org/apache/commons/beanutils/DynaPropertyUtilsTestCase.java,,,,assert,unknown
bean_156_5,commons-beanutils-1.9.4,DynaPropertyUtilsTestCase,testSetSimpleUnknown_5_oe,src/test/java/org/apache/commons/beanutils/DynaPropertyUtilsTestCase.java,,,,assert,unknown
bean_157_2,commons-beanutils-1.9.4,BasicDynaBeanTestCase,testGetDescriptorArguments_2_oe,src/test/java/org/apache/commons/beanutils/BasicDynaBeanTestCase.java,,,,assert,unknown
bean_157_4,commons-beanutils-1.9.4,BasicDynaBeanTestCase,testGetDescriptorArguments_4_oe,src/test/java/org/apache/commons/beanutils/BasicDynaBeanTestCase.java,,,,assert,unknown
bean_158_1,commons-beanutils-1.9.4,BasicDynaBeanTestCase,testGetDescriptors_1_oe,src/test/java/org/apache/commons/beanutils/BasicDynaBeanTestCase.java,,,,assert,unknown
bean_158_2,commons-beanutils-1.9.4,BasicDynaBeanTestCase,testGetDescriptors_2_oe,src/test/java/org/apache/commons/beanutils/BasicDynaBeanTestCase.java,,,,assert,unknown
bean_158_3,commons-beanutils-1.9.4,BasicDynaBeanTestCase,testGetDescriptors_3_oe,src/test/java/org/apache/commons/beanutils/BasicDynaBeanTestCase.java,,,,assert,unknown
bean_159_2,commons-beanutils-1.9.4,BasicDynaBeanTestCase,testGetIndexedArguments_2_oe,src/test/java/org/apache/commons/beanutils/BasicDynaBeanTestCase.java,,,,assert,unknown
bean_160_4,commons-beanutils-1.9.4,BasicDynaBeanTestCase,testGetIndexedValues_4_oe,src/test/java/org/apache/commons/beanutils/BasicDynaBeanTestCase.java,,,,assert,unknown
bean_160_8,commons-beanutils-1.9.4,BasicDynaBeanTestCase,testGetIndexedValues_8_oe,src/test/java/org/apache/commons/beanutils/BasicDynaBeanTestCase.java,,,,assert,unknown
bean_160_12,commons-beanutils-1.9.4,BasicDynaBeanTestCase,testGetIndexedValues_12_oe,src/test/java/org/apache/commons/beanutils/BasicDynaBeanTestCase.java,,,,assert,unknown
bean_160_16,commons-beanutils-1.9.4,BasicDynaBeanTestCase,testGetIndexedValues_16_oe,src/test/java/org/apache/commons/beanutils/BasicDynaBeanTestCase.java,,,,assert,unknown
bean_160_20,commons-beanutils-1.9.4,BasicDynaBeanTestCase,testGetIndexedValues_20_oe,src/test/java/org/apache/commons/beanutils/BasicDynaBeanTestCase.java,,,,assert,unknown
bean_161_2,commons-beanutils-1.9.4,BasicDynaBeanTestCase,testGetMappedArguments_2_oe,src/test/java/org/apache/commons/beanutils/BasicDynaBeanTestCase.java,,,,assert,unknown
bean_162_2,commons-beanutils-1.9.4,BasicDynaBeanTestCase,testGetMappedValues_2_oe,src/test/java/org/apache/commons/beanutils/BasicDynaBeanTestCase.java,,,,assert,unknown
bean_162_4,commons-beanutils-1.9.4,BasicDynaBeanTestCase,testGetMappedValues_4_oe,src/test/java/org/apache/commons/beanutils/BasicDynaBeanTestCase.java,,,,assert,unknown
bean_162_6,commons-beanutils-1.9.4,BasicDynaBeanTestCase,testGetMappedValues_6_oe,src/test/java/org/apache/commons/beanutils/BasicDynaBeanTestCase.java,,,,assert,unknown
bean_163_2,commons-beanutils-1.9.4,BasicDynaBeanTestCase,testGetSimpleArguments_2_oe,src/test/java/org/apache/commons/beanutils/BasicDynaBeanTestCase.java,,,,assert,unknown
bean_164_4,commons-beanutils-1.9.4,BasicDynaBeanTestCase,testGetSimpleBoolean_4_oe,src/test/java/org/apache/commons/beanutils/BasicDynaBeanTestCase.java,,,,assert,unknown
bean_165_4,commons-beanutils-1.9.4,BasicDynaBeanTestCase,testGetSimpleDouble_4_oe,src/test/java/org/apache/commons/beanutils/BasicDynaBeanTestCase.java,,,,assert,unknown
bean_166_4,commons-beanutils-1.9.4,BasicDynaBeanTestCase,testGetSimpleFloat_4_oe,src/test/java/org/apache/commons/beanutils/BasicDynaBeanTestCase.java,,,,assert,unknown
bean_167_4,commons-beanutils-1.9.4,BasicDynaBeanTestCase,testGetSimpleInt_4_oe,src/test/java/org/apache/commons/beanutils/BasicDynaBeanTestCase.java,,,,assert,unknown
bean_168_4,commons-beanutils-1.9.4,BasicDynaBeanTestCase,testGetSimpleLong_4_oe,src/test/java/org/apache/commons/beanutils/BasicDynaBeanTestCase.java,,,,assert,unknown
bean_169_4,commons-beanutils-1.9.4,BasicDynaBeanTestCase,testGetSimpleShort_4_oe,src/test/java/org/apache/commons/beanutils/BasicDynaBeanTestCase.java,,,,assert,unknown
bean_170_4,commons-beanutils-1.9.4,BasicDynaBeanTestCase,testGetSimpleString_4_oe,src/test/java/org/apache/commons/beanutils/BasicDynaBeanTestCase.java,,,,assert,unknown
bean_171_2,commons-beanutils-1.9.4,BasicDynaBeanTestCase,testMappedContains_2_oe,src/test/java/org/apache/commons/beanutils/BasicDynaBeanTestCase.java,,,,assert,unknown
bean_171_4,commons-beanutils-1.9.4,BasicDynaBeanTestCase,testMappedContains_4_oe,src/test/java/org/apache/commons/beanutils/BasicDynaBeanTestCase.java,,,,assert,unknown
bean_172_3,commons-beanutils-1.9.4,BasicDynaBeanTestCase,testMappedRemove_3_oe,src/test/java/org/apache/commons/beanutils/BasicDynaBeanTestCase.java,,,,assert,unknown
bean_172_6,commons-beanutils-1.9.4,BasicDynaBeanTestCase,testMappedRemove_6_oe,src/test/java/org/apache/commons/beanutils/BasicDynaBeanTestCase.java,,,,assert,unknown
bean_173_1,commons-beanutils-1.9.4,BasicDynaBeanTestCase,testSerialization_1_oe,src/test/java/org/apache/commons/beanutils/BasicDynaBeanTestCase.java,,,,assert,unknown
bean_173_2,commons-beanutils-1.9.4,BasicDynaBeanTestCase,testSerialization_2_oe,src/test/java/org/apache/commons/beanutils/BasicDynaBeanTestCase.java,,,,assert,unknown
bean_173_3,commons-beanutils-1.9.4,BasicDynaBeanTestCase,testSerialization_3_oe,src/test/java/org/apache/commons/beanutils/BasicDynaBeanTestCase.java,,,,assert,unknown
bean_174_2,commons-beanutils-1.9.4,BasicDynaBeanTestCase,testSetIndexedArguments_2_oe,src/test/java/org/apache/commons/beanutils/BasicDynaBeanTestCase.java,,,,assert,unknown
bean_175_4,commons-beanutils-1.9.4,BasicDynaBeanTestCase,testSetIndexedValues_4_oe,src/test/java/org/apache/commons/beanutils/BasicDynaBeanTestCase.java,,,,assert,unknown
bean_175_8,commons-beanutils-1.9.4,BasicDynaBeanTestCase,testSetIndexedValues_8_oe,src/test/java/org/apache/commons/beanutils/BasicDynaBeanTestCase.java,,,,assert,unknown
bean_175_12,commons-beanutils-1.9.4,BasicDynaBeanTestCase,testSetIndexedValues_12_oe,src/test/java/org/apache/commons/beanutils/BasicDynaBeanTestCase.java,,,,assert,unknown
bean_175_16,commons-beanutils-1.9.4,BasicDynaBeanTestCase,testSetIndexedValues_16_oe,src/test/java/org/apache/commons/beanutils/BasicDynaBeanTestCase.java,,,,assert,unknown
bean_175_20,commons-beanutils-1.9.4,BasicDynaBeanTestCase,testSetIndexedValues_20_oe,src/test/java/org/apache/commons/beanutils/BasicDynaBeanTestCase.java,,,,assert,unknown
bean_176_2,commons-beanutils-1.9.4,BasicDynaBeanTestCase,testSetMappedValues_2_oe,src/test/java/org/apache/commons/beanutils/BasicDynaBeanTestCase.java,,,,assert,unknown
bean_176_4,commons-beanutils-1.9.4,BasicDynaBeanTestCase,testSetMappedValues_4_oe,src/test/java/org/apache/commons/beanutils/BasicDynaBeanTestCase.java,,,,assert,unknown
bean_177_2,commons-beanutils-1.9.4,BasicDynaBeanTestCase,testSetSimpleBoolean_2_oe,src/test/java/org/apache/commons/beanutils/BasicDynaBeanTestCase.java,,,,assert,unknown
bean_178_2,commons-beanutils-1.9.4,BasicDynaBeanTestCase,testSetSimpleDouble_2_oe,src/test/java/org/apache/commons/beanutils/BasicDynaBeanTestCase.java,,,,assert,unknown
bean_179_2,commons-beanutils-1.9.4,BasicDynaBeanTestCase,testSetSimpleFloat_2_oe,src/test/java/org/apache/commons/beanutils/BasicDynaBeanTestCase.java,,,,assert,unknown
bean_180_2,commons-beanutils-1.9.4,BasicDynaBeanTestCase,testSetSimpleInt_2_oe,src/test/java/org/apache/commons/beanutils/BasicDynaBeanTestCase.java,,,,assert,unknown
bean_181_2,commons-beanutils-1.9.4,BasicDynaBeanTestCase,testSetSimpleLong_2_oe,src/test/java/org/apache/commons/beanutils/BasicDynaBeanTestCase.java,,,,assert,unknown
bean_182_2,commons-beanutils-1.9.4,BasicDynaBeanTestCase,testSetSimpleShort_2_oe,src/test/java/org/apache/commons/beanutils/BasicDynaBeanTestCase.java,,,,assert,unknown
bean_183_2,commons-beanutils-1.9.4,BasicDynaBeanTestCase,testSetSimpleString_2_oe,src/test/java/org/apache/commons/beanutils/BasicDynaBeanTestCase.java,,,,assert,unknown
bean_184_1,commons-beanutils-1.9.4,DynaBeanUtilsTestCase,testCloneDynaBean_1_oe,src/test/java/org/apache/commons/beanutils/DynaBeanUtilsTestCase.java,,,,assert,unknown
bean_184_2,commons-beanutils-1.9.4,DynaBeanUtilsTestCase,testCloneDynaBean_2_oe,src/test/java/org/apache/commons/beanutils/DynaBeanUtilsTestCase.java,,,,assert,unknown
bean_184_3,commons-beanutils-1.9.4,DynaBeanUtilsTestCase,testCloneDynaBean_3_oe,src/test/java/org/apache/commons/beanutils/DynaBeanUtilsTestCase.java,,,,assert,unknown
bean_184_4,commons-beanutils-1.9.4,DynaBeanUtilsTestCase,testCloneDynaBean_4_oe,src/test/java/org/apache/commons/beanutils/DynaBeanUtilsTestCase.java,,,,assert,unknown
bean_184_5,commons-beanutils-1.9.4,DynaBeanUtilsTestCase,testCloneDynaBean_5_oe,src/test/java/org/apache/commons/beanutils/DynaBeanUtilsTestCase.java,,,,assert,unknown
bean_184_6,commons-beanutils-1.9.4,DynaBeanUtilsTestCase,testCloneDynaBean_6_oe,src/test/java/org/apache/commons/beanutils/DynaBeanUtilsTestCase.java,,,,assert,unknown
bean_184_7,commons-beanutils-1.9.4,DynaBeanUtilsTestCase,testCloneDynaBean_7_oe,src/test/java/org/apache/commons/beanutils/DynaBeanUtilsTestCase.java,,,,assert,unknown
bean_184_8,commons-beanutils-1.9.4,DynaBeanUtilsTestCase,testCloneDynaBean_8_oe,src/test/java/org/apache/commons/beanutils/DynaBeanUtilsTestCase.java,,,,assert,unknown
bean_184_9,commons-beanutils-1.9.4,DynaBeanUtilsTestCase,testCloneDynaBean_9_oe,src/test/java/org/apache/commons/beanutils/DynaBeanUtilsTestCase.java,,,,assert,unknown
bean_184_10,commons-beanutils-1.9.4,DynaBeanUtilsTestCase,testCloneDynaBean_10_oe,src/test/java/org/apache/commons/beanutils/DynaBeanUtilsTestCase.java,,,,assert,unknown
bean_184_11,commons-beanutils-1.9.4,DynaBeanUtilsTestCase,testCloneDynaBean_11_oe,src/test/java/org/apache/commons/beanutils/DynaBeanUtilsTestCase.java,,,,assert,unknown
bean_184_12,commons-beanutils-1.9.4,DynaBeanUtilsTestCase,testCloneDynaBean_12_oe,src/test/java/org/apache/commons/beanutils/DynaBeanUtilsTestCase.java,,,,assert,unknown
bean_184_13,commons-beanutils-1.9.4,DynaBeanUtilsTestCase,testCloneDynaBean_13_oe,src/test/java/org/apache/commons/beanutils/DynaBeanUtilsTestCase.java,,,,assert,unknown
bean_184_14,commons-beanutils-1.9.4,DynaBeanUtilsTestCase,testCloneDynaBean_14_oe,src/test/java/org/apache/commons/beanutils/DynaBeanUtilsTestCase.java,,,,assert,unknown
bean_184_15,commons-beanutils-1.9.4,DynaBeanUtilsTestCase,testCloneDynaBean_15_oe,src/test/java/org/apache/commons/beanutils/DynaBeanUtilsTestCase.java,,,,assert,unknown
bean_184_16,commons-beanutils-1.9.4,DynaBeanUtilsTestCase,testCloneDynaBean_16_oe,src/test/java/org/apache/commons/beanutils/DynaBeanUtilsTestCase.java,,,,assert,unknown
bean_184_17,commons-beanutils-1.9.4,DynaBeanUtilsTestCase,testCloneDynaBean_17_oe,src/test/java/org/apache/commons/beanutils/DynaBeanUtilsTestCase.java,,,,assert,unknown
bean_184_18,commons-beanutils-1.9.4,DynaBeanUtilsTestCase,testCloneDynaBean_18_oe,src/test/java/org/apache/commons/beanutils/DynaBeanUtilsTestCase.java,,,,assert,unknown
bean_184_19,commons-beanutils-1.9.4,DynaBeanUtilsTestCase,testCloneDynaBean_19_oe,src/test/java/org/apache/commons/beanutils/DynaBeanUtilsTestCase.java,,,,assert,unknown
bean_184_20,commons-beanutils-1.9.4,DynaBeanUtilsTestCase,testCloneDynaBean_20_oe,src/test/java/org/apache/commons/beanutils/DynaBeanUtilsTestCase.java,,,,assert,unknown
bean_184_21,commons-beanutils-1.9.4,DynaBeanUtilsTestCase,testCloneDynaBean_21_oe,src/test/java/org/apache/commons/beanutils/DynaBeanUtilsTestCase.java,,,,assert,unknown
bean_184_22,commons-beanutils-1.9.4,DynaBeanUtilsTestCase,testCloneDynaBean_22_oe,src/test/java/org/apache/commons/beanutils/DynaBeanUtilsTestCase.java,,,,assert,unknown
bean_184_23,commons-beanutils-1.9.4,DynaBeanUtilsTestCase,testCloneDynaBean_23_oe,src/test/java/org/apache/commons/beanutils/DynaBeanUtilsTestCase.java,,,,assert,unknown
bean_185_1,commons-beanutils-1.9.4,DynaBeanUtilsTestCase,testCopyPropertiesDynaBean_1_oe,src/test/java/org/apache/commons/beanutils/DynaBeanUtilsTestCase.java,,,,assert,unknown
bean_185_2,commons-beanutils-1.9.4,DynaBeanUtilsTestCase,testCopyPropertiesDynaBean_2_oe,src/test/java/org/apache/commons/beanutils/DynaBeanUtilsTestCase.java,,,,assert,unknown
bean_185_3,commons-beanutils-1.9.4,DynaBeanUtilsTestCase,testCopyPropertiesDynaBean_3_oe,src/test/java/org/apache/commons/beanutils/DynaBeanUtilsTestCase.java,,,,assert,unknown
bean_185_4,commons-beanutils-1.9.4,DynaBeanUtilsTestCase,testCopyPropertiesDynaBean_4_oe,src/test/java/org/apache/commons/beanutils/DynaBeanUtilsTestCase.java,,,,assert,unknown
bean_185_5,commons-beanutils-1.9.4,DynaBeanUtilsTestCase,testCopyPropertiesDynaBean_5_oe,src/test/java/org/apache/commons/beanutils/DynaBeanUtilsTestCase.java,,,,assert,unknown
bean_185_6,commons-beanutils-1.9.4,DynaBeanUtilsTestCase,testCopyPropertiesDynaBean_6_oe,src/test/java/org/apache/commons/beanutils/DynaBeanUtilsTestCase.java,,,,assert,unknown
bean_185_7,commons-beanutils-1.9.4,DynaBeanUtilsTestCase,testCopyPropertiesDynaBean_7_oe,src/test/java/org/apache/commons/beanutils/DynaBeanUtilsTestCase.java,,,,assert,unknown
bean_185_8,commons-beanutils-1.9.4,DynaBeanUtilsTestCase,testCopyPropertiesDynaBean_8_oe,src/test/java/org/apache/commons/beanutils/DynaBeanUtilsTestCase.java,,,,assert,unknown
bean_185_9,commons-beanutils-1.9.4,DynaBeanUtilsTestCase,testCopyPropertiesDynaBean_9_oe,src/test/java/org/apache/commons/beanutils/DynaBeanUtilsTestCase.java,,,,assert,unknown
bean_185_10,commons-beanutils-1.9.4,DynaBeanUtilsTestCase,testCopyPropertiesDynaBean_10_oe,src/test/java/org/apache/commons/beanutils/DynaBeanUtilsTestCase.java,,,,assert,unknown
bean_185_11,commons-beanutils-1.9.4,DynaBeanUtilsTestCase,testCopyPropertiesDynaBean_11_oe,src/test/java/org/apache/commons/beanutils/DynaBeanUtilsTestCase.java,,,,assert,unknown
bean_185_12,commons-beanutils-1.9.4,DynaBeanUtilsTestCase,testCopyPropertiesDynaBean_12_oe,src/test/java/org/apache/commons/beanutils/DynaBeanUtilsTestCase.java,,,,assert,unknown
bean_185_13,commons-beanutils-1.9.4,DynaBeanUtilsTestCase,testCopyPropertiesDynaBean_13_oe,src/test/java/org/apache/commons/beanutils/DynaBeanUtilsTestCase.java,,,,assert,unknown
bean_185_14,commons-beanutils-1.9.4,DynaBeanUtilsTestCase,testCopyPropertiesDynaBean_14_oe,src/test/java/org/apache/commons/beanutils/DynaBeanUtilsTestCase.java,,,,assert,unknown
bean_185_15,commons-beanutils-1.9.4,DynaBeanUtilsTestCase,testCopyPropertiesDynaBean_15_oe,src/test/java/org/apache/commons/beanutils/DynaBeanUtilsTestCase.java,,,,assert,unknown
bean_185_16,commons-beanutils-1.9.4,DynaBeanUtilsTestCase,testCopyPropertiesDynaBean_16_oe,src/test/java/org/apache/commons/beanutils/DynaBeanUtilsTestCase.java,,,,assert,unknown
bean_185_17,commons-beanutils-1.9.4,DynaBeanUtilsTestCase,testCopyPropertiesDynaBean_17_oe,src/test/java/org/apache/commons/beanutils/DynaBeanUtilsTestCase.java,,,,assert,unknown
bean_185_18,commons-beanutils-1.9.4,DynaBeanUtilsTestCase,testCopyPropertiesDynaBean_18_oe,src/test/java/org/apache/commons/beanutils/DynaBeanUtilsTestCase.java,,,,assert,unknown
bean_185_19,commons-beanutils-1.9.4,DynaBeanUtilsTestCase,testCopyPropertiesDynaBean_19_oe,src/test/java/org/apache/commons/beanutils/DynaBeanUtilsTestCase.java,,,,assert,unknown
bean_185_20,commons-beanutils-1.9.4,DynaBeanUtilsTestCase,testCopyPropertiesDynaBean_20_oe,src/test/java/org/apache/commons/beanutils/DynaBeanUtilsTestCase.java,,,,assert,unknown
bean_185_21,commons-beanutils-1.9.4,DynaBeanUtilsTestCase,testCopyPropertiesDynaBean_21_oe,src/test/java/org/apache/commons/beanutils/DynaBeanUtilsTestCase.java,,,,assert,unknown
bean_185_22,commons-beanutils-1.9.4,DynaBeanUtilsTestCase,testCopyPropertiesDynaBean_22_oe,src/test/java/org/apache/commons/beanutils/DynaBeanUtilsTestCase.java,,,,assert,unknown
bean_185_23,commons-beanutils-1.9.4,DynaBeanUtilsTestCase,testCopyPropertiesDynaBean_23_oe,src/test/java/org/apache/commons/beanutils/DynaBeanUtilsTestCase.java,,,,assert,unknown
bean_186_1,commons-beanutils-1.9.4,DynaBeanUtilsTestCase,testCopyPropertiesMap_1_oe,src/test/java/org/apache/commons/beanutils/DynaBeanUtilsTestCase.java,,,,assert,unknown
bean_186_2,commons-beanutils-1.9.4,DynaBeanUtilsTestCase,testCopyPropertiesMap_2_oe,src/test/java/org/apache/commons/beanutils/DynaBeanUtilsTestCase.java,,,,assert,unknown
bean_186_3,commons-beanutils-1.9.4,DynaBeanUtilsTestCase,testCopyPropertiesMap_3_oe,src/test/java/org/apache/commons/beanutils/DynaBeanUtilsTestCase.java,,,,assert,unknown
bean_186_4,commons-beanutils-1.9.4,DynaBeanUtilsTestCase,testCopyPropertiesMap_4_oe,src/test/java/org/apache/commons/beanutils/DynaBeanUtilsTestCase.java,,,,assert,unknown
bean_186_5,commons-beanutils-1.9.4,DynaBeanUtilsTestCase,testCopyPropertiesMap_5_oe,src/test/java/org/apache/commons/beanutils/DynaBeanUtilsTestCase.java,,,,assert,unknown
bean_186_6,commons-beanutils-1.9.4,DynaBeanUtilsTestCase,testCopyPropertiesMap_6_oe,src/test/java/org/apache/commons/beanutils/DynaBeanUtilsTestCase.java,,,,assert,unknown
bean_186_7,commons-beanutils-1.9.4,DynaBeanUtilsTestCase,testCopyPropertiesMap_7_oe,src/test/java/org/apache/commons/beanutils/DynaBeanUtilsTestCase.java,,,,assert,unknown
bean_186_8,commons-beanutils-1.9.4,DynaBeanUtilsTestCase,testCopyPropertiesMap_8_oe,src/test/java/org/apache/commons/beanutils/DynaBeanUtilsTestCase.java,,,,assert,unknown
bean_186_9,commons-beanutils-1.9.4,DynaBeanUtilsTestCase,testCopyPropertiesMap_9_oe,src/test/java/org/apache/commons/beanutils/DynaBeanUtilsTestCase.java,,,,assert,unknown
bean_186_10,commons-beanutils-1.9.4,DynaBeanUtilsTestCase,testCopyPropertiesMap_10_oe,src/test/java/org/apache/commons/beanutils/DynaBeanUtilsTestCase.java,,,,assert,unknown
bean_186_11,commons-beanutils-1.9.4,DynaBeanUtilsTestCase,testCopyPropertiesMap_11_oe,src/test/java/org/apache/commons/beanutils/DynaBeanUtilsTestCase.java,,,,assert,unknown
bean_186_12,commons-beanutils-1.9.4,DynaBeanUtilsTestCase,testCopyPropertiesMap_12_oe,src/test/java/org/apache/commons/beanutils/DynaBeanUtilsTestCase.java,,,,assert,unknown
bean_186_13,commons-beanutils-1.9.4,DynaBeanUtilsTestCase,testCopyPropertiesMap_13_oe,src/test/java/org/apache/commons/beanutils/DynaBeanUtilsTestCase.java,,,,assert,unknown
bean_186_14,commons-beanutils-1.9.4,DynaBeanUtilsTestCase,testCopyPropertiesMap_14_oe,src/test/java/org/apache/commons/beanutils/DynaBeanUtilsTestCase.java,,,,assert,unknown
bean_186_15,commons-beanutils-1.9.4,DynaBeanUtilsTestCase,testCopyPropertiesMap_15_oe,src/test/java/org/apache/commons/beanutils/DynaBeanUtilsTestCase.java,,,,assert,unknown
bean_186_16,commons-beanutils-1.9.4,DynaBeanUtilsTestCase,testCopyPropertiesMap_16_oe,src/test/java/org/apache/commons/beanutils/DynaBeanUtilsTestCase.java,,,,assert,unknown
bean_186_17,commons-beanutils-1.9.4,DynaBeanUtilsTestCase,testCopyPropertiesMap_17_oe,src/test/java/org/apache/commons/beanutils/DynaBeanUtilsTestCase.java,,,,assert,unknown
bean_186_18,commons-beanutils-1.9.4,DynaBeanUtilsTestCase,testCopyPropertiesMap_18_oe,src/test/java/org/apache/commons/beanutils/DynaBeanUtilsTestCase.java,,,,assert,unknown
bean_186_19,commons-beanutils-1.9.4,DynaBeanUtilsTestCase,testCopyPropertiesMap_19_oe,src/test/java/org/apache/commons/beanutils/DynaBeanUtilsTestCase.java,,,,assert,unknown
bean_187_1,commons-beanutils-1.9.4,DynaBeanUtilsTestCase,testCopyPropertiesStandard_1_oe,src/test/java/org/apache/commons/beanutils/DynaBeanUtilsTestCase.java,,,,assert,unknown
bean_187_2,commons-beanutils-1.9.4,DynaBeanUtilsTestCase,testCopyPropertiesStandard_2_oe,src/test/java/org/apache/commons/beanutils/DynaBeanUtilsTestCase.java,,,,assert,unknown
bean_187_3,commons-beanutils-1.9.4,DynaBeanUtilsTestCase,testCopyPropertiesStandard_3_oe,src/test/java/org/apache/commons/beanutils/DynaBeanUtilsTestCase.java,,,,assert,unknown
bean_187_4,commons-beanutils-1.9.4,DynaBeanUtilsTestCase,testCopyPropertiesStandard_4_oe,src/test/java/org/apache/commons/beanutils/DynaBeanUtilsTestCase.java,,,,assert,unknown
bean_187_5,commons-beanutils-1.9.4,DynaBeanUtilsTestCase,testCopyPropertiesStandard_5_oe,src/test/java/org/apache/commons/beanutils/DynaBeanUtilsTestCase.java,,,,assert,unknown
bean_187_6,commons-beanutils-1.9.4,DynaBeanUtilsTestCase,testCopyPropertiesStandard_6_oe,src/test/java/org/apache/commons/beanutils/DynaBeanUtilsTestCase.java,,,,assert,unknown
bean_187_7,commons-beanutils-1.9.4,DynaBeanUtilsTestCase,testCopyPropertiesStandard_7_oe,src/test/java/org/apache/commons/beanutils/DynaBeanUtilsTestCase.java,,,,assert,unknown
bean_187_8,commons-beanutils-1.9.4,DynaBeanUtilsTestCase,testCopyPropertiesStandard_8_oe,src/test/java/org/apache/commons/beanutils/DynaBeanUtilsTestCase.java,,,,assert,unknown
bean_187_9,commons-beanutils-1.9.4,DynaBeanUtilsTestCase,testCopyPropertiesStandard_9_oe,src/test/java/org/apache/commons/beanutils/DynaBeanUtilsTestCase.java,,,,assert,unknown
bean_187_10,commons-beanutils-1.9.4,DynaBeanUtilsTestCase,testCopyPropertiesStandard_10_oe,src/test/java/org/apache/commons/beanutils/DynaBeanUtilsTestCase.java,,,,assert,unknown
bean_187_11,commons-beanutils-1.9.4,DynaBeanUtilsTestCase,testCopyPropertiesStandard_11_oe,src/test/java/org/apache/commons/beanutils/DynaBeanUtilsTestCase.java,,,,assert,unknown
bean_187_12,commons-beanutils-1.9.4,DynaBeanUtilsTestCase,testCopyPropertiesStandard_12_oe,src/test/java/org/apache/commons/beanutils/DynaBeanUtilsTestCase.java,,,,assert,unknown
bean_187_13,commons-beanutils-1.9.4,DynaBeanUtilsTestCase,testCopyPropertiesStandard_13_oe,src/test/java/org/apache/commons/beanutils/DynaBeanUtilsTestCase.java,,,,assert,unknown
bean_187_14,commons-beanutils-1.9.4,DynaBeanUtilsTestCase,testCopyPropertiesStandard_14_oe,src/test/java/org/apache/commons/beanutils/DynaBeanUtilsTestCase.java,,,,assert,unknown
bean_187_15,commons-beanutils-1.9.4,DynaBeanUtilsTestCase,testCopyPropertiesStandard_15_oe,src/test/java/org/apache/commons/beanutils/DynaBeanUtilsTestCase.java,,,,assert,unknown
bean_187_16,commons-beanutils-1.9.4,DynaBeanUtilsTestCase,testCopyPropertiesStandard_16_oe,src/test/java/org/apache/commons/beanutils/DynaBeanUtilsTestCase.java,,,,assert,unknown
bean_187_17,commons-beanutils-1.9.4,DynaBeanUtilsTestCase,testCopyPropertiesStandard_17_oe,src/test/java/org/apache/commons/beanutils/DynaBeanUtilsTestCase.java,,,,assert,unknown
bean_187_18,commons-beanutils-1.9.4,DynaBeanUtilsTestCase,testCopyPropertiesStandard_18_oe,src/test/java/org/apache/commons/beanutils/DynaBeanUtilsTestCase.java,,,,assert,unknown
bean_187_19,commons-beanutils-1.9.4,DynaBeanUtilsTestCase,testCopyPropertiesStandard_19_oe,src/test/java/org/apache/commons/beanutils/DynaBeanUtilsTestCase.java,,,,assert,unknown
bean_187_20,commons-beanutils-1.9.4,DynaBeanUtilsTestCase,testCopyPropertiesStandard_20_oe,src/test/java/org/apache/commons/beanutils/DynaBeanUtilsTestCase.java,,,,assert,unknown
bean_187_21,commons-beanutils-1.9.4,DynaBeanUtilsTestCase,testCopyPropertiesStandard_21_oe,src/test/java/org/apache/commons/beanutils/DynaBeanUtilsTestCase.java,,,,assert,unknown
bean_187_22,commons-beanutils-1.9.4,DynaBeanUtilsTestCase,testCopyPropertiesStandard_22_oe,src/test/java/org/apache/commons/beanutils/DynaBeanUtilsTestCase.java,,,,assert,unknown
bean_188_1,commons-beanutils-1.9.4,DynaBeanUtilsTestCase,testDescribe_1_oe,src/test/java/org/apache/commons/beanutils/DynaBeanUtilsTestCase.java,,,,assert,unknown
bean_188_2,commons-beanutils-1.9.4,DynaBeanUtilsTestCase,testDescribe_2_oe,src/test/java/org/apache/commons/beanutils/DynaBeanUtilsTestCase.java,,,,assert,unknown
bean_188_3,commons-beanutils-1.9.4,DynaBeanUtilsTestCase,testDescribe_3_oe,src/test/java/org/apache/commons/beanutils/DynaBeanUtilsTestCase.java,,,,assert,unknown
bean_188_4,commons-beanutils-1.9.4,DynaBeanUtilsTestCase,testDescribe_4_oe,src/test/java/org/apache/commons/beanutils/DynaBeanUtilsTestCase.java,,,,assert,unknown
bean_188_5,commons-beanutils-1.9.4,DynaBeanUtilsTestCase,testDescribe_5_oe,src/test/java/org/apache/commons/beanutils/DynaBeanUtilsTestCase.java,,,,assert,unknown
bean_188_6,commons-beanutils-1.9.4,DynaBeanUtilsTestCase,testDescribe_6_oe,src/test/java/org/apache/commons/beanutils/DynaBeanUtilsTestCase.java,,,,assert,unknown
bean_188_7,commons-beanutils-1.9.4,DynaBeanUtilsTestCase,testDescribe_7_oe,src/test/java/org/apache/commons/beanutils/DynaBeanUtilsTestCase.java,,,,assert,unknown
bean_188_8,commons-beanutils-1.9.4,DynaBeanUtilsTestCase,testDescribe_8_oe,src/test/java/org/apache/commons/beanutils/DynaBeanUtilsTestCase.java,,,,assert,unknown
bean_188_9,commons-beanutils-1.9.4,DynaBeanUtilsTestCase,testDescribe_9_oe,src/test/java/org/apache/commons/beanutils/DynaBeanUtilsTestCase.java,,,,assert,unknown
bean_188_10,commons-beanutils-1.9.4,DynaBeanUtilsTestCase,testDescribe_10_oe,src/test/java/org/apache/commons/beanutils/DynaBeanUtilsTestCase.java,,,,assert,unknown
bean_188_11,commons-beanutils-1.9.4,DynaBeanUtilsTestCase,testDescribe_11_oe,src/test/java/org/apache/commons/beanutils/DynaBeanUtilsTestCase.java,,,,assert,unknown
bean_189_10,commons-beanutils-1.9.4,DynaBeanUtilsTestCase,testPopulateArrayProperties_10_oe,src/test/java/org/apache/commons/beanutils/DynaBeanUtilsTestCase.java,,,,assert,unknown
bean_189_11,commons-beanutils-1.9.4,DynaBeanUtilsTestCase,testPopulateArrayProperties_11_oe,src/test/java/org/apache/commons/beanutils/DynaBeanUtilsTestCase.java,,,,assert,unknown
bean_190_3,commons-beanutils-1.9.4,DynaBeanUtilsTestCase,testGetArrayProperty_3_oe,src/test/java/org/apache/commons/beanutils/DynaBeanUtilsTestCase.java,,,,assert,unknown
bean_190_4,commons-beanutils-1.9.4,DynaBeanUtilsTestCase,testGetArrayProperty_4_oe,src/test/java/org/apache/commons/beanutils/DynaBeanUtilsTestCase.java,,,,assert,unknown
bean_190_5,commons-beanutils-1.9.4,DynaBeanUtilsTestCase,testGetArrayProperty_5_oe,src/test/java/org/apache/commons/beanutils/DynaBeanUtilsTestCase.java,,,,assert,unknown
bean_191_3,commons-beanutils-1.9.4,DynaBeanUtilsTestCase,testGetIndexedProperty1_3_oe,src/test/java/org/apache/commons/beanutils/DynaBeanUtilsTestCase.java,,,,assert,unknown
bean_191_4,commons-beanutils-1.9.4,DynaBeanUtilsTestCase,testGetIndexedProperty1_4_oe,src/test/java/org/apache/commons/beanutils/DynaBeanUtilsTestCase.java,,,,assert,unknown
bean_191_5,commons-beanutils-1.9.4,DynaBeanUtilsTestCase,testGetIndexedProperty1_5_oe,src/test/java/org/apache/commons/beanutils/DynaBeanUtilsTestCase.java,,,,assert,unknown
bean_192_3,commons-beanutils-1.9.4,DynaBeanUtilsTestCase,testGetIndexedProperty2_3_oe,src/test/java/org/apache/commons/beanutils/DynaBeanUtilsTestCase.java,,,,assert,unknown
bean_192_4,commons-beanutils-1.9.4,DynaBeanUtilsTestCase,testGetIndexedProperty2_4_oe,src/test/java/org/apache/commons/beanutils/DynaBeanUtilsTestCase.java,,,,assert,unknown
bean_192_5,commons-beanutils-1.9.4,DynaBeanUtilsTestCase,testGetIndexedProperty2_5_oe,src/test/java/org/apache/commons/beanutils/DynaBeanUtilsTestCase.java,,,,assert,unknown
bean_193_2,commons-beanutils-1.9.4,DynaBeanUtilsTestCase,testGetNestedProperty_2_oe,src/test/java/org/apache/commons/beanutils/DynaBeanUtilsTestCase.java,,,,assert,unknown
bean_193_3,commons-beanutils-1.9.4,DynaBeanUtilsTestCase,testGetNestedProperty_3_oe,src/test/java/org/apache/commons/beanutils/DynaBeanUtilsTestCase.java,,,,assert,unknown
bean_193_4,commons-beanutils-1.9.4,DynaBeanUtilsTestCase,testGetNestedProperty_4_oe,src/test/java/org/apache/commons/beanutils/DynaBeanUtilsTestCase.java,,,,assert,unknown
bean_194_2,commons-beanutils-1.9.4,DynaBeanUtilsTestCase,testGetGeneralProperty_2_oe,src/test/java/org/apache/commons/beanutils/DynaBeanUtilsTestCase.java,,,,assert,unknown
bean_194_3,commons-beanutils-1.9.4,DynaBeanUtilsTestCase,testGetGeneralProperty_3_oe,src/test/java/org/apache/commons/beanutils/DynaBeanUtilsTestCase.java,,,,assert,unknown
bean_194_4,commons-beanutils-1.9.4,DynaBeanUtilsTestCase,testGetGeneralProperty_4_oe,src/test/java/org/apache/commons/beanutils/DynaBeanUtilsTestCase.java,,,,assert,unknown
bean_195_2,commons-beanutils-1.9.4,DynaBeanUtilsTestCase,testGetSimpleProperty_2_oe,src/test/java/org/apache/commons/beanutils/DynaBeanUtilsTestCase.java,,,,assert,unknown
bean_195_3,commons-beanutils-1.9.4,DynaBeanUtilsTestCase,testGetSimpleProperty_3_oe,src/test/java/org/apache/commons/beanutils/DynaBeanUtilsTestCase.java,,,,assert,unknown
bean_195_4,commons-beanutils-1.9.4,DynaBeanUtilsTestCase,testGetSimpleProperty_4_oe,src/test/java/org/apache/commons/beanutils/DynaBeanUtilsTestCase.java,,,,assert,unknown
bean_196_11,commons-beanutils-1.9.4,DynaBeanUtilsTestCase,testPopulateArrayElements_11_oe,src/test/java/org/apache/commons/beanutils/DynaBeanUtilsTestCase.java,,,,assert,unknown
bean_196_12,commons-beanutils-1.9.4,DynaBeanUtilsTestCase,testPopulateArrayElements_12_oe,src/test/java/org/apache/commons/beanutils/DynaBeanUtilsTestCase.java,,,,assert,unknown
bean_197_5,commons-beanutils-1.9.4,DynaBeanUtilsTestCase,testPopulateMapped_5_oe,src/test/java/org/apache/commons/beanutils/DynaBeanUtilsTestCase.java,,,,assert,unknown
bean_197_6,commons-beanutils-1.9.4,DynaBeanUtilsTestCase,testPopulateMapped_6_oe,src/test/java/org/apache/commons/beanutils/DynaBeanUtilsTestCase.java,,,,assert,unknown
bean_198_9,commons-beanutils-1.9.4,DynaBeanUtilsTestCase,testPopulateNested_9_oe,src/test/java/org/apache/commons/beanutils/DynaBeanUtilsTestCase.java,,,,assert,unknown
bean_198_10,commons-beanutils-1.9.4,DynaBeanUtilsTestCase,testPopulateNested_10_oe,src/test/java/org/apache/commons/beanutils/DynaBeanUtilsTestCase.java,,,,assert,unknown
bean_199_10,commons-beanutils-1.9.4,DynaBeanUtilsTestCase,testPopulateScalar_10_oe,src/test/java/org/apache/commons/beanutils/DynaBeanUtilsTestCase.java,,,,assert,unknown
bean_199_11,commons-beanutils-1.9.4,DynaBeanUtilsTestCase,testPopulateScalar_11_oe,src/test/java/org/apache/commons/beanutils/DynaBeanUtilsTestCase.java,,,,assert,unknown
bean_200_1,commons-beanutils-1.9.4,DynaBeanUtilsTestCase,testSetPropertyNullValues_1_oe,src/test/java/org/apache/commons/beanutils/DynaBeanUtilsTestCase.java,,,,assert,unknown
bean_200_2,commons-beanutils-1.9.4,DynaBeanUtilsTestCase,testSetPropertyNullValues_2_oe,src/test/java/org/apache/commons/beanutils/DynaBeanUtilsTestCase.java,,,,assert,unknown
bean_200_3,commons-beanutils-1.9.4,DynaBeanUtilsTestCase,testSetPropertyNullValues_3_oe,src/test/java/org/apache/commons/beanutils/DynaBeanUtilsTestCase.java,,,,assert,unknown
bean_200_4,commons-beanutils-1.9.4,DynaBeanUtilsTestCase,testSetPropertyNullValues_4_oe,src/test/java/org/apache/commons/beanutils/DynaBeanUtilsTestCase.java,,,,assert,unknown
bean_200_5,commons-beanutils-1.9.4,DynaBeanUtilsTestCase,testSetPropertyNullValues_5_oe,src/test/java/org/apache/commons/beanutils/DynaBeanUtilsTestCase.java,,,,assert,unknown
bean_200_6,commons-beanutils-1.9.4,DynaBeanUtilsTestCase,testSetPropertyNullValues_6_oe,src/test/java/org/apache/commons/beanutils/DynaBeanUtilsTestCase.java,,,,assert,unknown
bean_200_7,commons-beanutils-1.9.4,DynaBeanUtilsTestCase,testSetPropertyNullValues_7_oe,src/test/java/org/apache/commons/beanutils/DynaBeanUtilsTestCase.java,,,,assert,unknown
bean_200_8,commons-beanutils-1.9.4,DynaBeanUtilsTestCase,testSetPropertyNullValues_8_oe,src/test/java/org/apache/commons/beanutils/DynaBeanUtilsTestCase.java,,,,assert,unknown
bean_201_1,commons-beanutils-1.9.4,DynaBeanUtilsTestCase,testSetPropertyOnPrimitiveWrappers_1_oe,src/test/java/org/apache/commons/beanutils/DynaBeanUtilsTestCase.java,,,,assert,unknown
bean_201_2,commons-beanutils-1.9.4,DynaBeanUtilsTestCase,testSetPropertyOnPrimitiveWrappers_2_oe,src/test/java/org/apache/commons/beanutils/DynaBeanUtilsTestCase.java,,,,assert,unknown
bean_202_1,commons-beanutils-1.9.4,DynaBeanUtilsTestCase,testSetPropertyNull_1_oe,src/test/java/org/apache/commons/beanutils/DynaBeanUtilsTestCase.java,,,,assert,unknown
bean_203_1,commons-beanutils-1.9.4,DynaBeanUtilsTestCase,testCopyPropertyByte_1_oe,src/test/java/org/apache/commons/beanutils/DynaBeanUtilsTestCase.java,,,,assert,unknown
bean_203_2,commons-beanutils-1.9.4,DynaBeanUtilsTestCase,testCopyPropertyByte_2_oe,src/test/java/org/apache/commons/beanutils/DynaBeanUtilsTestCase.java,,,,assert,unknown
bean_203_3,commons-beanutils-1.9.4,DynaBeanUtilsTestCase,testCopyPropertyByte_3_oe,src/test/java/org/apache/commons/beanutils/DynaBeanUtilsTestCase.java,,,,assert,unknown
bean_203_4,commons-beanutils-1.9.4,DynaBeanUtilsTestCase,testCopyPropertyByte_4_oe,src/test/java/org/apache/commons/beanutils/DynaBeanUtilsTestCase.java,,,,assert,unknown
bean_204_1,commons-beanutils-1.9.4,DynaBeanUtilsTestCase,testCopyPropertyDouble_1_oe,src/test/java/org/apache/commons/beanutils/DynaBeanUtilsTestCase.java,,,,assert,unknown
bean_204_2,commons-beanutils-1.9.4,DynaBeanUtilsTestCase,testCopyPropertyDouble_2_oe,src/test/java/org/apache/commons/beanutils/DynaBeanUtilsTestCase.java,,,,assert,unknown
bean_204_3,commons-beanutils-1.9.4,DynaBeanUtilsTestCase,testCopyPropertyDouble_3_oe,src/test/java/org/apache/commons/beanutils/DynaBeanUtilsTestCase.java,,,,assert,unknown
bean_204_4,commons-beanutils-1.9.4,DynaBeanUtilsTestCase,testCopyPropertyDouble_4_oe,src/test/java/org/apache/commons/beanutils/DynaBeanUtilsTestCase.java,,,,assert,unknown
bean_204_5,commons-beanutils-1.9.4,DynaBeanUtilsTestCase,testCopyPropertyDouble_5_oe,src/test/java/org/apache/commons/beanutils/DynaBeanUtilsTestCase.java,,,,assert,unknown
bean_204_6,commons-beanutils-1.9.4,DynaBeanUtilsTestCase,testCopyPropertyDouble_6_oe,src/test/java/org/apache/commons/beanutils/DynaBeanUtilsTestCase.java,,,,assert,unknown
bean_205_1,commons-beanutils-1.9.4,DynaBeanUtilsTestCase,testCopyPropertyFloat_1_oe,src/test/java/org/apache/commons/beanutils/DynaBeanUtilsTestCase.java,,,,assert,unknown
bean_205_2,commons-beanutils-1.9.4,DynaBeanUtilsTestCase,testCopyPropertyFloat_2_oe,src/test/java/org/apache/commons/beanutils/DynaBeanUtilsTestCase.java,,,,assert,unknown
bean_205_3,commons-beanutils-1.9.4,DynaBeanUtilsTestCase,testCopyPropertyFloat_3_oe,src/test/java/org/apache/commons/beanutils/DynaBeanUtilsTestCase.java,,,,assert,unknown
bean_205_4,commons-beanutils-1.9.4,DynaBeanUtilsTestCase,testCopyPropertyFloat_4_oe,src/test/java/org/apache/commons/beanutils/DynaBeanUtilsTestCase.java,,,,assert,unknown
bean_205_5,commons-beanutils-1.9.4,DynaBeanUtilsTestCase,testCopyPropertyFloat_5_oe,src/test/java/org/apache/commons/beanutils/DynaBeanUtilsTestCase.java,,,,assert,unknown
bean_205_6,commons-beanutils-1.9.4,DynaBeanUtilsTestCase,testCopyPropertyFloat_6_oe,src/test/java/org/apache/commons/beanutils/DynaBeanUtilsTestCase.java,,,,assert,unknown
bean_206_1,commons-beanutils-1.9.4,DynaBeanUtilsTestCase,testCopyPropertyInteger_1_oe,src/test/java/org/apache/commons/beanutils/DynaBeanUtilsTestCase.java,,,,assert,unknown
bean_206_2,commons-beanutils-1.9.4,DynaBeanUtilsTestCase,testCopyPropertyInteger_2_oe,src/test/java/org/apache/commons/beanutils/DynaBeanUtilsTestCase.java,,,,assert,unknown
bean_206_3,commons-beanutils-1.9.4,DynaBeanUtilsTestCase,testCopyPropertyInteger_3_oe,src/test/java/org/apache/commons/beanutils/DynaBeanUtilsTestCase.java,,,,assert,unknown
bean_206_4,commons-beanutils-1.9.4,DynaBeanUtilsTestCase,testCopyPropertyInteger_4_oe,src/test/java/org/apache/commons/beanutils/DynaBeanUtilsTestCase.java,,,,assert,unknown
bean_207_1,commons-beanutils-1.9.4,DynaBeanUtilsTestCase,testCopyPropertyLong_1_oe,src/test/java/org/apache/commons/beanutils/DynaBeanUtilsTestCase.java,,,,assert,unknown
bean_207_2,commons-beanutils-1.9.4,DynaBeanUtilsTestCase,testCopyPropertyLong_2_oe,src/test/java/org/apache/commons/beanutils/DynaBeanUtilsTestCase.java,,,,assert,unknown
bean_207_3,commons-beanutils-1.9.4,DynaBeanUtilsTestCase,testCopyPropertyLong_3_oe,src/test/java/org/apache/commons/beanutils/DynaBeanUtilsTestCase.java,,,,assert,unknown
bean_207_4,commons-beanutils-1.9.4,DynaBeanUtilsTestCase,testCopyPropertyLong_4_oe,src/test/java/org/apache/commons/beanutils/DynaBeanUtilsTestCase.java,,,,assert,unknown
bean_208_1,commons-beanutils-1.9.4,DynaBeanUtilsTestCase,testCopyPropertyNull_1_oe,src/test/java/org/apache/commons/beanutils/DynaBeanUtilsTestCase.java,,,,assert,unknown
bean_209_1,commons-beanutils-1.9.4,DynaBeanUtilsTestCase,testCopyPropertyShort_1_oe,src/test/java/org/apache/commons/beanutils/DynaBeanUtilsTestCase.java,,,,assert,unknown
bean_209_2,commons-beanutils-1.9.4,DynaBeanUtilsTestCase,testCopyPropertyShort_2_oe,src/test/java/org/apache/commons/beanutils/DynaBeanUtilsTestCase.java,,,,assert,unknown
bean_209_3,commons-beanutils-1.9.4,DynaBeanUtilsTestCase,testCopyPropertyShort_3_oe,src/test/java/org/apache/commons/beanutils/DynaBeanUtilsTestCase.java,,,,assert,unknown
bean_209_4,commons-beanutils-1.9.4,DynaBeanUtilsTestCase,testCopyPropertyShort_4_oe,src/test/java/org/apache/commons/beanutils/DynaBeanUtilsTestCase.java,,,,assert,unknown
bean_210_1,commons-beanutils-1.9.4,DynaBeanUtilsTestCase,testCopyPropertyNestedSimple_1_oe,src/test/java/org/apache/commons/beanutils/DynaBeanUtilsTestCase.java,,,,assert,unknown
bean_210_2,commons-beanutils-1.9.4,DynaBeanUtilsTestCase,testCopyPropertyNestedSimple_2_oe,src/test/java/org/apache/commons/beanutils/DynaBeanUtilsTestCase.java,,,,assert,unknown
bean_210_3,commons-beanutils-1.9.4,DynaBeanUtilsTestCase,testCopyPropertyNestedSimple_3_oe,src/test/java/org/apache/commons/beanutils/DynaBeanUtilsTestCase.java,,,,assert,unknown
bean_210_4,commons-beanutils-1.9.4,DynaBeanUtilsTestCase,testCopyPropertyNestedSimple_4_oe,src/test/java/org/apache/commons/beanutils/DynaBeanUtilsTestCase.java,,,,assert,unknown
bean_210_5,commons-beanutils-1.9.4,DynaBeanUtilsTestCase,testCopyPropertyNestedSimple_5_oe,src/test/java/org/apache/commons/beanutils/DynaBeanUtilsTestCase.java,,,,assert,unknown
bean_210_6,commons-beanutils-1.9.4,DynaBeanUtilsTestCase,testCopyPropertyNestedSimple_6_oe,src/test/java/org/apache/commons/beanutils/DynaBeanUtilsTestCase.java,,,,assert,unknown
bean_210_7,commons-beanutils-1.9.4,DynaBeanUtilsTestCase,testCopyPropertyNestedSimple_7_oe,src/test/java/org/apache/commons/beanutils/DynaBeanUtilsTestCase.java,,,,assert,unknown
bean_210_8,commons-beanutils-1.9.4,DynaBeanUtilsTestCase,testCopyPropertyNestedSimple_8_oe,src/test/java/org/apache/commons/beanutils/DynaBeanUtilsTestCase.java,,,,assert,unknown
bean_211_1,commons-beanutils-1.9.4,BeanIntrospectionDataTestCase,testGetWriteMethodDefined_1_oe,src/test/java/org/apache/commons/beanutils/BeanIntrospectionDataTestCase.java,,,,assert,unknown
bean_211_2,commons-beanutils-1.9.4,BeanIntrospectionDataTestCase,testGetWriteMethodDefined_2_oe,src/test/java/org/apache/commons/beanutils/BeanIntrospectionDataTestCase.java,,,,assert,unknown
bean_212_1,commons-beanutils-1.9.4,BeanIntrospectionDataTestCase,testGetWriteMethodUndefined_1_oe,src/test/java/org/apache/commons/beanutils/BeanIntrospectionDataTestCase.java,,,,assert,unknown
bean_212_2,commons-beanutils-1.9.4,BeanIntrospectionDataTestCase,testGetWriteMethodUndefined_2_oe,src/test/java/org/apache/commons/beanutils/BeanIntrospectionDataTestCase.java,,,,assert,unknown
bean_213_1,commons-beanutils-1.9.4,BeanIntrospectionDataTestCase,testGetWriteMethodNonExisting_1_oe,src/test/java/org/apache/commons/beanutils/BeanIntrospectionDataTestCase.java,,,,assert,unknown
bean_214_1,commons-beanutils-1.9.4,BeanIntrospectionDataTestCase,testGetWriteMethodUnknown_1_oe,src/test/java/org/apache/commons/beanutils/BeanIntrospectionDataTestCase.java,,,,assert,unknown
bean_215_1,commons-beanutils-1.9.4,BeanificationTestCase,testMemoryTestMethodology_1_oe,src/test/java/org/apache/commons/beanutils/BeanificationTestCase.java,,,,assert,unknown
bean_215_2,commons-beanutils-1.9.4,BeanificationTestCase,testMemoryTestMethodology_2_oe,src/test/java/org/apache/commons/beanutils/BeanificationTestCase.java,,,,assert,unknown
bean_216_1,commons-beanutils-1.9.4,BeanificationTestCase,testMemoryLeak2_1_oe,src/test/java/org/apache/commons/beanutils/BeanificationTestCase.java,,,,assert,unknown
bean_216_2,commons-beanutils-1.9.4,BeanificationTestCase,testMemoryLeak2_2_oe,src/test/java/org/apache/commons/beanutils/BeanificationTestCase.java,,,,assert,unknown
bean_216_3,commons-beanutils-1.9.4,BeanificationTestCase,testMemoryLeak2_3_oe,src/test/java/org/apache/commons/beanutils/BeanificationTestCase.java,,,,assert,unknown
bean_216_4,commons-beanutils-1.9.4,BeanificationTestCase,testMemoryLeak2_4_oe,src/test/java/org/apache/commons/beanutils/BeanificationTestCase.java,,,,assert,unknown
bean_217_1,commons-beanutils-1.9.4,BeanificationTestCase,testMemoryLeak_1_oe,src/test/java/org/apache/commons/beanutils/BeanificationTestCase.java,,,,assert,unknown
bean_217_2,commons-beanutils-1.9.4,BeanificationTestCase,testMemoryLeak_2_oe,src/test/java/org/apache/commons/beanutils/BeanificationTestCase.java,,,,assert,unknown
bean_217_3,commons-beanutils-1.9.4,BeanificationTestCase,testMemoryLeak_3_oe,src/test/java/org/apache/commons/beanutils/BeanificationTestCase.java,,,,assert,unknown
bean_217_4,commons-beanutils-1.9.4,BeanificationTestCase,testMemoryLeak_4_oe,src/test/java/org/apache/commons/beanutils/BeanificationTestCase.java,,,,assert,unknown
bean_217_5,commons-beanutils-1.9.4,BeanificationTestCase,testMemoryLeak_5_oe,src/test/java/org/apache/commons/beanutils/BeanificationTestCase.java,,,,assert,unknown
bean_218_1,commons-beanutils-1.9.4,BeanificationTestCase,testGetByContextClassLoader_1_oe,src/test/java/org/apache/commons/beanutils/BeanificationTestCase.java,,,,assert,unknown
bean_218_2,commons-beanutils-1.9.4,BeanificationTestCase,testGetByContextClassLoader_2_oe,src/test/java/org/apache/commons/beanutils/BeanificationTestCase.java,,,,assert,unknown
bean_218_3,commons-beanutils-1.9.4,BeanificationTestCase,testGetByContextClassLoader_3_oe,src/test/java/org/apache/commons/beanutils/BeanificationTestCase.java,,,,assert,unknown
bean_218_4,commons-beanutils-1.9.4,BeanificationTestCase,testGetByContextClassLoader_4_oe,src/test/java/org/apache/commons/beanutils/BeanificationTestCase.java,,,,assert,unknown
bean_219_1,commons-beanutils-1.9.4,BeanificationTestCase,testContextClassLoaderLocal_1_oe,src/test/java/org/apache/commons/beanutils/BeanificationTestCase.java,,,,assert,unknown
bean_219_2,commons-beanutils-1.9.4,BeanificationTestCase,testContextClassLoaderLocal_2_oe,src/test/java/org/apache/commons/beanutils/BeanificationTestCase.java,,,,assert,unknown
bean_219_3,commons-beanutils-1.9.4,BeanificationTestCase,testContextClassLoaderLocal_3_oe,src/test/java/org/apache/commons/beanutils/BeanificationTestCase.java,,,,assert,unknown
bean_219_4,commons-beanutils-1.9.4,BeanificationTestCase,testContextClassLoaderLocal_4_oe,src/test/java/org/apache/commons/beanutils/BeanificationTestCase.java,,,,assert,unknown
bean_220_1,commons-beanutils-1.9.4,BeanificationTestCase,testContextClassloaderIndependence_1_oe,src/test/java/org/apache/commons/beanutils/BeanificationTestCase.java,,,,assert,unknown
bean_220_2,commons-beanutils-1.9.4,BeanificationTestCase,testContextClassloaderIndependence_2_oe,src/test/java/org/apache/commons/beanutils/BeanificationTestCase.java,,,,assert,unknown
bean_220_3,commons-beanutils-1.9.4,BeanificationTestCase,testContextClassloaderIndependence_3_oe,src/test/java/org/apache/commons/beanutils/BeanificationTestCase.java,,,,assert,unknown
bean_220_4,commons-beanutils-1.9.4,BeanificationTestCase,testContextClassloaderIndependence_4_oe,src/test/java/org/apache/commons/beanutils/BeanificationTestCase.java,,,,assert,unknown
bean_220_5,commons-beanutils-1.9.4,BeanificationTestCase,testContextClassloaderIndependence_5_oe,src/test/java/org/apache/commons/beanutils/BeanificationTestCase.java,,,,assert,unknown
bean_221_1,commons-beanutils-1.9.4,BeanificationTestCase,testBeanUtilsBeanSetInstance_1_oe,src/test/java/org/apache/commons/beanutils/BeanificationTestCase.java,,,,assert,unknown
bean_221_2,commons-beanutils-1.9.4,BeanificationTestCase,testBeanUtilsBeanSetInstance_2_oe,src/test/java/org/apache/commons/beanutils/BeanificationTestCase.java,,,,assert,unknown
bean_221_3,commons-beanutils-1.9.4,BeanificationTestCase,testBeanUtilsBeanSetInstance_3_oe,src/test/java/org/apache/commons/beanutils/BeanificationTestCase.java,,,,assert,unknown
bean_221_4,commons-beanutils-1.9.4,BeanificationTestCase,testBeanUtilsBeanSetInstance_4_oe,src/test/java/org/apache/commons/beanutils/BeanificationTestCase.java,,,,assert,unknown
bean_222_1,commons-beanutils-1.9.4,BeanificationTestCase,testContextClassLoaderUnset_1_oe,src/test/java/org/apache/commons/beanutils/BeanificationTestCase.java,,,,assert,unknown
bean_222_2,commons-beanutils-1.9.4,BeanificationTestCase,testContextClassLoaderUnset_2_oe,src/test/java/org/apache/commons/beanutils/BeanificationTestCase.java,,,,assert,unknown
bean_224_1,commons-beanutils-1.9.4,FluentPropertyBeanIntrospectorTestCase,testIntrospection_1_oe,src/test/java/org/apache/commons/beanutils/FluentPropertyBeanIntrospectorTestCase.java,,,,assert,unknown
bean_224_2,commons-beanutils-1.9.4,FluentPropertyBeanIntrospectorTestCase,testIntrospection_2_oe,src/test/java/org/apache/commons/beanutils/FluentPropertyBeanIntrospectorTestCase.java,,,,assert,unknown
bean_224_3,commons-beanutils-1.9.4,FluentPropertyBeanIntrospectorTestCase,testIntrospection_3_oe,src/test/java/org/apache/commons/beanutils/FluentPropertyBeanIntrospectorTestCase.java,,,,assert,unknown
bean_224_4,commons-beanutils-1.9.4,FluentPropertyBeanIntrospectorTestCase,testIntrospection_4_oe,src/test/java/org/apache/commons/beanutils/FluentPropertyBeanIntrospectorTestCase.java,,,,assert,unknown
bean_224_5,commons-beanutils-1.9.4,FluentPropertyBeanIntrospectorTestCase,testIntrospection_5_oe,src/test/java/org/apache/commons/beanutils/FluentPropertyBeanIntrospectorTestCase.java,,,,assert,unknown
bean_224_6,commons-beanutils-1.9.4,FluentPropertyBeanIntrospectorTestCase,testIntrospection_6_oe,src/test/java/org/apache/commons/beanutils/FluentPropertyBeanIntrospectorTestCase.java,,,,assert,unknown
bean_225_1,commons-beanutils-1.9.4,FluentPropertyBeanIntrospectorTestCase,testIntrospectionCaps_1_oe,src/test/java/org/apache/commons/beanutils/FluentPropertyBeanIntrospectorTestCase.java,,,,assert,unknown
bean_225_2,commons-beanutils-1.9.4,FluentPropertyBeanIntrospectorTestCase,testIntrospectionCaps_2_oe,src/test/java/org/apache/commons/beanutils/FluentPropertyBeanIntrospectorTestCase.java,,,,assert,unknown
bean_225_3,commons-beanutils-1.9.4,FluentPropertyBeanIntrospectorTestCase,testIntrospectionCaps_3_oe,src/test/java/org/apache/commons/beanutils/FluentPropertyBeanIntrospectorTestCase.java,,,,assert,unknown
bean_225_4,commons-beanutils-1.9.4,FluentPropertyBeanIntrospectorTestCase,testIntrospectionCaps_4_oe,src/test/java/org/apache/commons/beanutils/FluentPropertyBeanIntrospectorTestCase.java,,,,assert,unknown
bean_227_1,commons-beanutils-1.9.4,SuppressPropertiesBeanIntrospectorTestCase,testRemovePropertiesDuringIntrospection_1_oe,src/test/java/org/apache/commons/beanutils/SuppressPropertiesBeanIntrospectorTestCase.java,,,,assert,unknown
bean_227_2,commons-beanutils-1.9.4,SuppressPropertiesBeanIntrospectorTestCase,testRemovePropertiesDuringIntrospection_2_oe,src/test/java/org/apache/commons/beanutils/SuppressPropertiesBeanIntrospectorTestCase.java,,,,assert,unknown
bean_228_1,commons-beanutils-1.9.4,SuppressPropertiesBeanIntrospectorTestCase,testPropertyNamesDefensiveCopy_1_oe,src/test/java/org/apache/commons/beanutils/SuppressPropertiesBeanIntrospectorTestCase.java,,,,assert,unknown
bean_228_2,commons-beanutils-1.9.4,SuppressPropertiesBeanIntrospectorTestCase,testPropertyNamesDefensiveCopy_2_oe,src/test/java/org/apache/commons/beanutils/SuppressPropertiesBeanIntrospectorTestCase.java,,,,assert,unknown
bean_230_1,commons-beanutils-1.9.4,BeanPropertyValueChangeClosureTestCase,testExecuteWithSimpleFloatPropertyAndFloatValue_1_oe,src/test/java/org/apache/commons/beanutils/BeanPropertyValueChangeClosureTestCase.java,,,,assert,unknown
bean_233_1,commons-beanutils-1.9.4,BeanPropertyValueChangeClosureTestCase,testExecuteWithSimpleFloatPropertyAndIntegerValue_1_oe,src/test/java/org/apache/commons/beanutils/BeanPropertyValueChangeClosureTestCase.java,,,,assert,unknown
bean_234_1,commons-beanutils-1.9.4,BeanPropertyValueChangeClosureTestCase,testExecuteWithSimpleDoublePropertyAndDoubleValue_1_oe,src/test/java/org/apache/commons/beanutils/BeanPropertyValueChangeClosureTestCase.java,,,,assert,unknown
bean_236_1,commons-beanutils-1.9.4,BeanPropertyValueChangeClosureTestCase,testExecuteWithSimpleDoublePropertyAndFloatValue_1_oe,src/test/java/org/apache/commons/beanutils/BeanPropertyValueChangeClosureTestCase.java,,,,assert,unknown
bean_237_1,commons-beanutils-1.9.4,BeanPropertyValueChangeClosureTestCase,testExecuteWithSimpleDoublePropertyAndIntegerValue_1_oe,src/test/java/org/apache/commons/beanutils/BeanPropertyValueChangeClosureTestCase.java,,,,assert,unknown
bean_241_1,commons-beanutils-1.9.4,BeanPropertyValueChangeClosureTestCase,testExecuteWithSimpleIntPropertyAndIntegerValue_1_oe,src/test/java/org/apache/commons/beanutils/BeanPropertyValueChangeClosureTestCase.java,,,,assert,unknown
bean_242_1,commons-beanutils-1.9.4,BeanPropertyValueChangeClosureTestCase,testExecuteWithSimpleBooleanPropertyAndBooleanValue_1_oe,src/test/java/org/apache/commons/beanutils/BeanPropertyValueChangeClosureTestCase.java,,,,assert,unknown
bean_244_1,commons-beanutils-1.9.4,BeanPropertyValueChangeClosureTestCase,testExecuteWithSimpleBytePropertyAndByteValue_1_oe,src/test/java/org/apache/commons/beanutils/BeanPropertyValueChangeClosureTestCase.java,,,,assert,unknown
bean_248_1,commons-beanutils-1.9.4,BeanPropertyValueChangeClosureTestCase,testExecuteWithWriteOnlyProperty_1_oe,src/test/java/org/apache/commons/beanutils/BeanPropertyValueChangeClosureTestCase.java,,,,assert,unknown
bean_249_1,commons-beanutils-1.9.4,BeanPropertyValueChangeClosureTestCase,testExecuteWithNestedProperty_1_oe,src/test/java/org/apache/commons/beanutils/BeanPropertyValueChangeClosureTestCase.java,,,,assert,unknown
bean_251_1,commons-beanutils-1.9.4,BeanPropertyValueChangeClosureTestCase,testExecuteWithNullInPropertyPathAngIgnoreTrue_1_oe,src/test/java/org/apache/commons/beanutils/BeanPropertyValueChangeClosureTestCase.java,,,,assert,unknown
bean_252_1,commons-beanutils-1.9.4,BeanPropertyValueChangeClosureTestCase,testExecuteWithIndexedProperty_1_oe,src/test/java/org/apache/commons/beanutils/BeanPropertyValueChangeClosureTestCase.java,,,,assert,unknown
bean_253_1,commons-beanutils-1.9.4,BeanPropertyValueChangeClosureTestCase,testExecuteWithMappedProperty_1_oe,src/test/java/org/apache/commons/beanutils/BeanPropertyValueChangeClosureTestCase.java,,,,assert,unknown
bean_254_1,commons-beanutils-1.9.4,BeanPropertyValueChangeClosureTestCase,testExecuteWithSimpleStringProperty_1_oe,src/test/java/org/apache/commons/beanutils/BeanPropertyValueChangeClosureTestCase.java,,,,assert,unknown
bean_256_1,commons-beanutils-1.9.4,DynaBeanMapDecoratorTestCase,testIsReadOnly_1_oe,src/test/java/org/apache/commons/beanutils/DynaBeanMapDecoratorTestCase.java,,,,assert,unknown
bean_256_2,commons-beanutils-1.9.4,DynaBeanMapDecoratorTestCase,testIsReadOnly_2_oe,src/test/java/org/apache/commons/beanutils/DynaBeanMapDecoratorTestCase.java,,,,assert,unknown
bean_258_1,commons-beanutils-1.9.4,DynaBeanMapDecoratorTestCase,testContainsKey_1_oe,src/test/java/org/apache/commons/beanutils/DynaBeanMapDecoratorTestCase.java,,,,assert,unknown
bean_258_2,commons-beanutils-1.9.4,DynaBeanMapDecoratorTestCase,testContainsKey_2_oe,src/test/java/org/apache/commons/beanutils/DynaBeanMapDecoratorTestCase.java,,,,assert,unknown
bean_259_1,commons-beanutils-1.9.4,DynaBeanMapDecoratorTestCase,testContainsValue_1_oe,src/test/java/org/apache/commons/beanutils/DynaBeanMapDecoratorTestCase.java,,,,assert,unknown
bean_259_2,commons-beanutils-1.9.4,DynaBeanMapDecoratorTestCase,testContainsValue_2_oe,src/test/java/org/apache/commons/beanutils/DynaBeanMapDecoratorTestCase.java,,,,assert,unknown
bean_260_1,commons-beanutils-1.9.4,DynaBeanMapDecoratorTestCase,testEntrySet_1_oe,src/test/java/org/apache/commons/beanutils/DynaBeanMapDecoratorTestCase.java,,,,assert,unknown
bean_260_2,commons-beanutils-1.9.4,DynaBeanMapDecoratorTestCase,testEntrySet_2_oe,src/test/java/org/apache/commons/beanutils/DynaBeanMapDecoratorTestCase.java,,,,assert,unknown
bean_260_3,commons-beanutils-1.9.4,DynaBeanMapDecoratorTestCase,testEntrySet_3_oe,src/test/java/org/apache/commons/beanutils/DynaBeanMapDecoratorTestCase.java,,,,assert,unknown
bean_261_1,commons-beanutils-1.9.4,DynaBeanMapDecoratorTestCase,testGet_1_oe,src/test/java/org/apache/commons/beanutils/DynaBeanMapDecoratorTestCase.java,,,,assert,unknown
bean_262_1,commons-beanutils-1.9.4,DynaBeanMapDecoratorTestCase,testIsEmpty_1_oe,src/test/java/org/apache/commons/beanutils/DynaBeanMapDecoratorTestCase.java,,,,assert,unknown
bean_262_2,commons-beanutils-1.9.4,DynaBeanMapDecoratorTestCase,testIsEmpty_2_oe,src/test/java/org/apache/commons/beanutils/DynaBeanMapDecoratorTestCase.java,,,,assert,unknown
bean_263_1,commons-beanutils-1.9.4,DynaBeanMapDecoratorTestCase,testKeySet_1_oe,src/test/java/org/apache/commons/beanutils/DynaBeanMapDecoratorTestCase.java,,,,assert,unknown
bean_263_2,commons-beanutils-1.9.4,DynaBeanMapDecoratorTestCase,testKeySet_2_oe,src/test/java/org/apache/commons/beanutils/DynaBeanMapDecoratorTestCase.java,,,,assert,unknown
bean_264_2,commons-beanutils-1.9.4,DynaBeanMapDecoratorTestCase,testPut_2_oe,src/test/java/org/apache/commons/beanutils/DynaBeanMapDecoratorTestCase.java,,,,assert,unknown
bean_264_3,commons-beanutils-1.9.4,DynaBeanMapDecoratorTestCase,testPut_3_oe,src/test/java/org/apache/commons/beanutils/DynaBeanMapDecoratorTestCase.java,,,,assert,unknown
bean_264_4,commons-beanutils-1.9.4,DynaBeanMapDecoratorTestCase,testPut_4_oe,src/test/java/org/apache/commons/beanutils/DynaBeanMapDecoratorTestCase.java,,,,assert,unknown
bean_265_2,commons-beanutils-1.9.4,DynaBeanMapDecoratorTestCase,testPutAll_2_oe,src/test/java/org/apache/commons/beanutils/DynaBeanMapDecoratorTestCase.java,,,,assert,unknown
bean_265_3,commons-beanutils-1.9.4,DynaBeanMapDecoratorTestCase,testPutAll_3_oe,src/test/java/org/apache/commons/beanutils/DynaBeanMapDecoratorTestCase.java,,,,assert,unknown
bean_267_1,commons-beanutils-1.9.4,DynaBeanMapDecoratorTestCase,testSize_1_oe,src/test/java/org/apache/commons/beanutils/DynaBeanMapDecoratorTestCase.java,,,,assert,unknown
bean_267_2,commons-beanutils-1.9.4,DynaBeanMapDecoratorTestCase,testSize_2_oe,src/test/java/org/apache/commons/beanutils/DynaBeanMapDecoratorTestCase.java,,,,assert,unknown
bean_268_1,commons-beanutils-1.9.4,DynaBeanMapDecoratorTestCase,testValues_1_oe,src/test/java/org/apache/commons/beanutils/DynaBeanMapDecoratorTestCase.java,,,,assert,unknown
bean_268_2,commons-beanutils-1.9.4,DynaBeanMapDecoratorTestCase,testValues_2_oe,src/test/java/org/apache/commons/beanutils/DynaBeanMapDecoratorTestCase.java,,,,assert,unknown
bean_269_3,commons-beanutils-1.9.4,MappedPropertyTestCase,testFound_3_oe,src/test/java/org/apache/commons/beanutils/MappedPropertyTestCase.java,,,,assert,unknown
bean_270_3,commons-beanutils-1.9.4,MappedPropertyTestCase,testBooleanMapped_3_oe,src/test/java/org/apache/commons/beanutils/MappedPropertyTestCase.java,,,,assert,unknown
bean_272_3,commons-beanutils-1.9.4,MappedPropertyTestCase,testMappedGetterOnly_3_oe,src/test/java/org/apache/commons/beanutils/MappedPropertyTestCase.java,,,,assert,unknown
bean_273_3,commons-beanutils-1.9.4,MappedPropertyTestCase,testMappedSetterOnly_3_oe,src/test/java/org/apache/commons/beanutils/MappedPropertyTestCase.java,,,,assert,unknown
bean_274_3,commons-beanutils-1.9.4,MappedPropertyTestCase,testInvalidSetter_3_oe,src/test/java/org/apache/commons/beanutils/MappedPropertyTestCase.java,,,,assert,unknown
bean_275_3,commons-beanutils-1.9.4,MappedPropertyTestCase,testInvalidGetter_3_oe,src/test/java/org/apache/commons/beanutils/MappedPropertyTestCase.java,,,,assert,unknown
bean_276_3,commons-beanutils-1.9.4,MappedPropertyTestCase,testDifferentTypes_3_oe,src/test/java/org/apache/commons/beanutils/MappedPropertyTestCase.java,,,,assert,unknown
bean_277_2,commons-beanutils-1.9.4,MappedPropertyTestCase,testMapGetter_2_oe,src/test/java/org/apache/commons/beanutils/MappedPropertyTestCase.java,,,,assert,unknown
bean_278_3,commons-beanutils-1.9.4,MappedPropertyTestCase,testAnyArgsProperty_3_oe,src/test/java/org/apache/commons/beanutils/MappedPropertyTestCase.java,,,,assert,unknown
bean_279_3,commons-beanutils-1.9.4,MappedPropertyTestCase,testPrimitiveArgsProperty_3_oe,src/test/java/org/apache/commons/beanutils/MappedPropertyTestCase.java,,,,assert,unknown
bean_281_3,commons-beanutils-1.9.4,MappedPropertyTestCase,testPublicParentMethod_3_oe,src/test/java/org/apache/commons/beanutils/MappedPropertyTestCase.java,,,,assert,unknown
bean_283_3,commons-beanutils-1.9.4,MappedPropertyTestCase,testInterfaceMapped_3_oe,src/test/java/org/apache/commons/beanutils/MappedPropertyTestCase.java,,,,assert,unknown
bean_285_3,commons-beanutils-1.9.4,MappedPropertyTestCase,testChildInterfaceMapped_3_oe,src/test/java/org/apache/commons/beanutils/MappedPropertyTestCase.java,,,,assert,unknown
bean_286_1,commons-beanutils-1.9.4,BeanUtils2TestCase,testCopyPropertyConvertToString_1_oe,src/test/java/org/apache/commons/beanutils/BeanUtils2TestCase.java,,,,assert,unknown
bean_286_2,commons-beanutils-1.9.4,BeanUtils2TestCase,testCopyPropertyConvertToString_2_oe,src/test/java/org/apache/commons/beanutils/BeanUtils2TestCase.java,,,,assert,unknown
bean_287_1,commons-beanutils-1.9.4,BeanUtils2TestCase,testCopyPropertyConvertToStringArray_1_oe,src/test/java/org/apache/commons/beanutils/BeanUtils2TestCase.java,,,,assert,unknown
bean_287_2,commons-beanutils-1.9.4,BeanUtils2TestCase,testCopyPropertyConvertToStringArray_2_oe,src/test/java/org/apache/commons/beanutils/BeanUtils2TestCase.java,,,,assert,unknown
bean_287_3,commons-beanutils-1.9.4,BeanUtils2TestCase,testCopyPropertyConvertToStringArray_3_oe,src/test/java/org/apache/commons/beanutils/BeanUtils2TestCase.java,,,,assert,unknown
bean_288_1,commons-beanutils-1.9.4,BeanUtils2TestCase,testCopyPropertyConvertToStringIndexed_1_oe,src/test/java/org/apache/commons/beanutils/BeanUtils2TestCase.java,,,,assert,unknown
bean_288_2,commons-beanutils-1.9.4,BeanUtils2TestCase,testCopyPropertyConvertToStringIndexed_2_oe,src/test/java/org/apache/commons/beanutils/BeanUtils2TestCase.java,,,,assert,unknown
bean_288_3,commons-beanutils-1.9.4,BeanUtils2TestCase,testCopyPropertyConvertToStringIndexed_3_oe,src/test/java/org/apache/commons/beanutils/BeanUtils2TestCase.java,,,,assert,unknown
bean_289_1,commons-beanutils-1.9.4,BeanUtils2TestCase,testGetArrayPropertyDate_1_oe,src/test/java/org/apache/commons/beanutils/BeanUtils2TestCase.java,,,,assert,unknown
bean_289_2,commons-beanutils-1.9.4,BeanUtils2TestCase,testGetArrayPropertyDate_2_oe,src/test/java/org/apache/commons/beanutils/BeanUtils2TestCase.java,,,,assert,unknown
bean_289_3,commons-beanutils-1.9.4,BeanUtils2TestCase,testGetArrayPropertyDate_3_oe,src/test/java/org/apache/commons/beanutils/BeanUtils2TestCase.java,,,,assert,unknown
bean_290_1,commons-beanutils-1.9.4,BeanUtils2TestCase,testGetIndexedPropertyDate_1_oe,src/test/java/org/apache/commons/beanutils/BeanUtils2TestCase.java,,,,assert,unknown
bean_290_2,commons-beanutils-1.9.4,BeanUtils2TestCase,testGetIndexedPropertyDate_2_oe,src/test/java/org/apache/commons/beanutils/BeanUtils2TestCase.java,,,,assert,unknown
bean_291_1,commons-beanutils-1.9.4,BeanUtils2TestCase,testGetSimplePropertyDate_1_oe,src/test/java/org/apache/commons/beanutils/BeanUtils2TestCase.java,,,,assert,unknown
bean_291_2,commons-beanutils-1.9.4,BeanUtils2TestCase,testGetSimplePropertyDate_2_oe,src/test/java/org/apache/commons/beanutils/BeanUtils2TestCase.java,,,,assert,unknown
bean_292_1,commons-beanutils-1.9.4,BeanUtils2TestCase,testSetPropertyConvertToString_1_oe,src/test/java/org/apache/commons/beanutils/BeanUtils2TestCase.java,,,,assert,unknown
bean_292_2,commons-beanutils-1.9.4,BeanUtils2TestCase,testSetPropertyConvertToString_2_oe,src/test/java/org/apache/commons/beanutils/BeanUtils2TestCase.java,,,,assert,unknown
bean_293_1,commons-beanutils-1.9.4,BeanUtils2TestCase,testSetPropertyConvertToStringArray_1_oe,src/test/java/org/apache/commons/beanutils/BeanUtils2TestCase.java,,,,assert,unknown
bean_293_2,commons-beanutils-1.9.4,BeanUtils2TestCase,testSetPropertyConvertToStringArray_2_oe,src/test/java/org/apache/commons/beanutils/BeanUtils2TestCase.java,,,,assert,unknown
bean_293_3,commons-beanutils-1.9.4,BeanUtils2TestCase,testSetPropertyConvertToStringArray_3_oe,src/test/java/org/apache/commons/beanutils/BeanUtils2TestCase.java,,,,assert,unknown
bean_294_1,commons-beanutils-1.9.4,BeanUtils2TestCase,testSetPropertyConvertToStringIndexed_1_oe,src/test/java/org/apache/commons/beanutils/BeanUtils2TestCase.java,,,,assert,unknown
bean_294_2,commons-beanutils-1.9.4,BeanUtils2TestCase,testSetPropertyConvertToStringIndexed_2_oe,src/test/java/org/apache/commons/beanutils/BeanUtils2TestCase.java,,,,assert,unknown
bean_295_1,commons-beanutils-1.9.4,LazyDynaListTestCase,testCollection_1_oe,src/test/java/org/apache/commons/beanutils/LazyDynaListTestCase.java,,,,assert,unknown
bean_295_2,commons-beanutils-1.9.4,LazyDynaListTestCase,testCollection_2_oe,src/test/java/org/apache/commons/beanutils/LazyDynaListTestCase.java,,,,assert,unknown
bean_295_3,commons-beanutils-1.9.4,LazyDynaListTestCase,testCollection_3_oe,src/test/java/org/apache/commons/beanutils/LazyDynaListTestCase.java,,,,assert,unknown
bean_295_4,commons-beanutils-1.9.4,LazyDynaListTestCase,testCollection_4_oe,src/test/java/org/apache/commons/beanutils/LazyDynaListTestCase.java,,,,assert,unknown
bean_295_5,commons-beanutils-1.9.4,LazyDynaListTestCase,testCollection_5_oe,src/test/java/org/apache/commons/beanutils/LazyDynaListTestCase.java,,,,assert,unknown
bean_295_6,commons-beanutils-1.9.4,LazyDynaListTestCase,testCollection_6_oe,src/test/java/org/apache/commons/beanutils/LazyDynaListTestCase.java,,,,assert,unknown
bean_295_7,commons-beanutils-1.9.4,LazyDynaListTestCase,testCollection_7_oe,src/test/java/org/apache/commons/beanutils/LazyDynaListTestCase.java,,,,assert,unknown
bean_295_8,commons-beanutils-1.9.4,LazyDynaListTestCase,testCollection_8_oe,src/test/java/org/apache/commons/beanutils/LazyDynaListTestCase.java,,,,assert,unknown
bean_295_9,commons-beanutils-1.9.4,LazyDynaListTestCase,testCollection_9_oe,src/test/java/org/apache/commons/beanutils/LazyDynaListTestCase.java,,,,assert,unknown
bean_295_10,commons-beanutils-1.9.4,LazyDynaListTestCase,testCollection_10_oe,src/test/java/org/apache/commons/beanutils/LazyDynaListTestCase.java,,,,assert,unknown
bean_296_1,commons-beanutils-1.9.4,LazyDynaListTestCase,testSerializationDynaBean_1_oe,src/test/java/org/apache/commons/beanutils/LazyDynaListTestCase.java,,,,assert,unknown
bean_296_2,commons-beanutils-1.9.4,LazyDynaListTestCase,testSerializationDynaBean_2_oe,src/test/java/org/apache/commons/beanutils/LazyDynaListTestCase.java,,,,assert,unknown
bean_296_3,commons-beanutils-1.9.4,LazyDynaListTestCase,testSerializationDynaBean_3_oe,src/test/java/org/apache/commons/beanutils/LazyDynaListTestCase.java,,,,assert,unknown
bean_297_1,commons-beanutils-1.9.4,LazyDynaListTestCase,testSerializationLazyDynaBean_1_oe,src/test/java/org/apache/commons/beanutils/LazyDynaListTestCase.java,,,,assert,unknown
bean_297_2,commons-beanutils-1.9.4,LazyDynaListTestCase,testSerializationLazyDynaBean_2_oe,src/test/java/org/apache/commons/beanutils/LazyDynaListTestCase.java,,,,assert,unknown
bean_297_3,commons-beanutils-1.9.4,LazyDynaListTestCase,testSerializationLazyDynaBean_3_oe,src/test/java/org/apache/commons/beanutils/LazyDynaListTestCase.java,,,,assert,unknown
bean_298_1,commons-beanutils-1.9.4,LazyDynaListTestCase,testSerializationMap_1_oe,src/test/java/org/apache/commons/beanutils/LazyDynaListTestCase.java,,,,assert,unknown
bean_298_2,commons-beanutils-1.9.4,LazyDynaListTestCase,testSerializationMap_2_oe,src/test/java/org/apache/commons/beanutils/LazyDynaListTestCase.java,,,,assert,unknown
bean_298_3,commons-beanutils-1.9.4,LazyDynaListTestCase,testSerializationMap_3_oe,src/test/java/org/apache/commons/beanutils/LazyDynaListTestCase.java,,,,assert,unknown
bean_299_1,commons-beanutils-1.9.4,LazyDynaListTestCase,testSerializationPojo_1_oe,src/test/java/org/apache/commons/beanutils/LazyDynaListTestCase.java,,,,assert,unknown
bean_299_2,commons-beanutils-1.9.4,LazyDynaListTestCase,testSerializationPojo_2_oe,src/test/java/org/apache/commons/beanutils/LazyDynaListTestCase.java,,,,assert,unknown
bean_299_3,commons-beanutils-1.9.4,LazyDynaListTestCase,testSerializationPojo_3_oe,src/test/java/org/apache/commons/beanutils/LazyDynaListTestCase.java,,,,assert,unknown
bean_300_1,commons-beanutils-1.9.4,LazyDynaListTestCase,testToArrayDynaBeans_1_oe,src/test/java/org/apache/commons/beanutils/LazyDynaListTestCase.java,,,,assert,unknown
bean_300_2,commons-beanutils-1.9.4,LazyDynaListTestCase,testToArrayDynaBeans_2_oe,src/test/java/org/apache/commons/beanutils/LazyDynaListTestCase.java,,,,assert,unknown
bean_301_1,commons-beanutils-1.9.4,LazyDynaListTestCase,testToArrayMapType_1_oe,src/test/java/org/apache/commons/beanutils/LazyDynaListTestCase.java,,,,assert,unknown
bean_301_2,commons-beanutils-1.9.4,LazyDynaListTestCase,testToArrayMapType_2_oe,src/test/java/org/apache/commons/beanutils/LazyDynaListTestCase.java,,,,assert,unknown
bean_302_1,commons-beanutils-1.9.4,LazyDynaListTestCase,testToArrayOtherType_1_oe,src/test/java/org/apache/commons/beanutils/LazyDynaListTestCase.java,,,,assert,unknown
bean_302_2,commons-beanutils-1.9.4,LazyDynaListTestCase,testToArrayOtherType_2_oe,src/test/java/org/apache/commons/beanutils/LazyDynaListTestCase.java,,,,assert,unknown
bean_303_1,commons-beanutils-1.9.4,LazyDynaListTestCase,testToArrayUnsufficientSize_1_oe,src/test/java/org/apache/commons/beanutils/LazyDynaListTestCase.java,,,,assert,unknown
bean_303_2,commons-beanutils-1.9.4,LazyDynaListTestCase,testToArrayUnsufficientSize_2_oe,src/test/java/org/apache/commons/beanutils/LazyDynaListTestCase.java,,,,assert,unknown
bean_304_1,commons-beanutils-1.9.4,DefaultIntrospectionContextTestCase,testInit_1_oe,src/test/java/org/apache/commons/beanutils/DefaultIntrospectionContextTestCase.java,,,,assert,unknown
bean_304_2,commons-beanutils-1.9.4,DefaultIntrospectionContextTestCase,testInit_2_oe,src/test/java/org/apache/commons/beanutils/DefaultIntrospectionContextTestCase.java,,,,assert,unknown
bean_305_1,commons-beanutils-1.9.4,DefaultIntrospectionContextTestCase,testAddPropertyDescriptor_1_oe,src/test/java/org/apache/commons/beanutils/DefaultIntrospectionContextTestCase.java,,,,assert,unknown
bean_305_2,commons-beanutils-1.9.4,DefaultIntrospectionContextTestCase,testAddPropertyDescriptor_2_oe,src/test/java/org/apache/commons/beanutils/DefaultIntrospectionContextTestCase.java,,,,assert,unknown
bean_307_1,commons-beanutils-1.9.4,DefaultIntrospectionContextTestCase,testAddPropertyDescriptors_1_oe,src/test/java/org/apache/commons/beanutils/DefaultIntrospectionContextTestCase.java,,,,assert,unknown
bean_307_2,commons-beanutils-1.9.4,DefaultIntrospectionContextTestCase,testAddPropertyDescriptors_2_oe,src/test/java/org/apache/commons/beanutils/DefaultIntrospectionContextTestCase.java,,,,assert,unknown
bean_307_3,commons-beanutils-1.9.4,DefaultIntrospectionContextTestCase,testAddPropertyDescriptors_3_oe,src/test/java/org/apache/commons/beanutils/DefaultIntrospectionContextTestCase.java,,,,assert,unknown
bean_307_4,commons-beanutils-1.9.4,DefaultIntrospectionContextTestCase,testAddPropertyDescriptors_4_oe,src/test/java/org/apache/commons/beanutils/DefaultIntrospectionContextTestCase.java,,,,assert,unknown
bean_307_5,commons-beanutils-1.9.4,DefaultIntrospectionContextTestCase,testAddPropertyDescriptors_5_oe,src/test/java/org/apache/commons/beanutils/DefaultIntrospectionContextTestCase.java,,,,assert,unknown
bean_309_1,commons-beanutils-1.9.4,DefaultIntrospectionContextTestCase,testHasPropertyFalse_1_oe,src/test/java/org/apache/commons/beanutils/DefaultIntrospectionContextTestCase.java,,,,assert,unknown
bean_309_2,commons-beanutils-1.9.4,DefaultIntrospectionContextTestCase,testHasPropertyFalse_2_oe,src/test/java/org/apache/commons/beanutils/DefaultIntrospectionContextTestCase.java,,,,assert,unknown
bean_310_1,commons-beanutils-1.9.4,DefaultIntrospectionContextTestCase,testGetPropertyDescriptorUnknown_1_oe,src/test/java/org/apache/commons/beanutils/DefaultIntrospectionContextTestCase.java,,,,assert,unknown
bean_310_2,commons-beanutils-1.9.4,DefaultIntrospectionContextTestCase,testGetPropertyDescriptorUnknown_2_oe,src/test/java/org/apache/commons/beanutils/DefaultIntrospectionContextTestCase.java,,,,assert,unknown
bean_312_1,commons-beanutils-1.9.4,DefaultIntrospectionContextTestCase,testRemovePropertyDescriptor_1_oe,src/test/java/org/apache/commons/beanutils/DefaultIntrospectionContextTestCase.java,,,,assert,unknown
bean_312_2,commons-beanutils-1.9.4,DefaultIntrospectionContextTestCase,testRemovePropertyDescriptor_2_oe,src/test/java/org/apache/commons/beanutils/DefaultIntrospectionContextTestCase.java,,,,assert,unknown
bean_313_1,commons-beanutils-1.9.4,DynaRowSetTestCase,testGetName_1_oe,src/test/java/org/apache/commons/beanutils/DynaRowSetTestCase.java,,,,assert,unknown
bean_314_2,commons-beanutils-1.9.4,DynaRowSetTestCase,testGetDynaProperty_2_oe,src/test/java/org/apache/commons/beanutils/DynaRowSetTestCase.java,,,,assert,unknown
bean_314_3,commons-beanutils-1.9.4,DynaRowSetTestCase,testGetDynaProperty_3_oe,src/test/java/org/apache/commons/beanutils/DynaRowSetTestCase.java,,,,assert,unknown
bean_314_4,commons-beanutils-1.9.4,DynaRowSetTestCase,testGetDynaProperty_4_oe,src/test/java/org/apache/commons/beanutils/DynaRowSetTestCase.java,,,,assert,unknown
bean_314_5,commons-beanutils-1.9.4,DynaRowSetTestCase,testGetDynaProperty_5_oe,src/test/java/org/apache/commons/beanutils/DynaRowSetTestCase.java,,,,assert,unknown
bean_315_1,commons-beanutils-1.9.4,DynaRowSetTestCase,testGetDynaProperties_1_oe,src/test/java/org/apache/commons/beanutils/DynaRowSetTestCase.java,,,,assert,unknown
bean_315_2,commons-beanutils-1.9.4,DynaRowSetTestCase,testGetDynaProperties_2_oe,src/test/java/org/apache/commons/beanutils/DynaRowSetTestCase.java,,,,assert,unknown
bean_315_3,commons-beanutils-1.9.4,DynaRowSetTestCase,testGetDynaProperties_3_oe,src/test/java/org/apache/commons/beanutils/DynaRowSetTestCase.java,,,,assert,unknown
bean_316_2,commons-beanutils-1.9.4,DynaRowSetTestCase,testNewInstance_2_oe,src/test/java/org/apache/commons/beanutils/DynaRowSetTestCase.java,,,,assert,unknown
bean_317_1,commons-beanutils-1.9.4,DynaRowSetTestCase,testListCount_1_oe,src/test/java/org/apache/commons/beanutils/DynaRowSetTestCase.java,,,,assert,unknown
bean_317_2,commons-beanutils-1.9.4,DynaRowSetTestCase,testListCount_2_oe,src/test/java/org/apache/commons/beanutils/DynaRowSetTestCase.java,,,,assert,unknown
bean_318_2,commons-beanutils-1.9.4,DynaRowSetTestCase,testListResults_2_oe,src/test/java/org/apache/commons/beanutils/DynaRowSetTestCase.java,,,,assert,unknown
bean_318_3,commons-beanutils-1.9.4,DynaRowSetTestCase,testListResults_3_oe,src/test/java/org/apache/commons/beanutils/DynaRowSetTestCase.java,,,,assert,unknown
bean_318_4,commons-beanutils-1.9.4,DynaRowSetTestCase,testListResults_4_oe,src/test/java/org/apache/commons/beanutils/DynaRowSetTestCase.java,,,,assert,unknown
bean_318_5,commons-beanutils-1.9.4,DynaRowSetTestCase,testListResults_5_oe,src/test/java/org/apache/commons/beanutils/DynaRowSetTestCase.java,,,,assert,unknown
bean_318_6,commons-beanutils-1.9.4,DynaRowSetTestCase,testListResults_6_oe,src/test/java/org/apache/commons/beanutils/DynaRowSetTestCase.java,,,,assert,unknown
bean_318_7,commons-beanutils-1.9.4,DynaRowSetTestCase,testListResults_7_oe,src/test/java/org/apache/commons/beanutils/DynaRowSetTestCase.java,,,,assert,unknown
bean_318_8,commons-beanutils-1.9.4,DynaRowSetTestCase,testListResults_8_oe,src/test/java/org/apache/commons/beanutils/DynaRowSetTestCase.java,,,,assert,unknown
bean_318_9,commons-beanutils-1.9.4,DynaRowSetTestCase,testListResults_9_oe,src/test/java/org/apache/commons/beanutils/DynaRowSetTestCase.java,,,,assert,unknown
bean_318_10,commons-beanutils-1.9.4,DynaRowSetTestCase,testListResults_10_oe,src/test/java/org/apache/commons/beanutils/DynaRowSetTestCase.java,,,,assert,unknown
bean_318_11,commons-beanutils-1.9.4,DynaRowSetTestCase,testListResults_11_oe,src/test/java/org/apache/commons/beanutils/DynaRowSetTestCase.java,,,,assert,unknown
bean_319_1,commons-beanutils-1.9.4,DynaRowSetTestCase,testListResultsNormalCase_1_oe,src/test/java/org/apache/commons/beanutils/DynaRowSetTestCase.java,,,,assert,unknown
bean_319_3,commons-beanutils-1.9.4,DynaRowSetTestCase,testListResultsNormalCase_3_oe,src/test/java/org/apache/commons/beanutils/DynaRowSetTestCase.java,,,,assert,unknown
bean_319_4,commons-beanutils-1.9.4,DynaRowSetTestCase,testListResultsNormalCase_4_oe,src/test/java/org/apache/commons/beanutils/DynaRowSetTestCase.java,,,,assert,unknown
bean_319_5,commons-beanutils-1.9.4,DynaRowSetTestCase,testListResultsNormalCase_5_oe,src/test/java/org/apache/commons/beanutils/DynaRowSetTestCase.java,,,,assert,unknown
bean_319_6,commons-beanutils-1.9.4,DynaRowSetTestCase,testListResultsNormalCase_6_oe,src/test/java/org/apache/commons/beanutils/DynaRowSetTestCase.java,,,,assert,unknown
bean_319_7,commons-beanutils-1.9.4,DynaRowSetTestCase,testListResultsNormalCase_7_oe,src/test/java/org/apache/commons/beanutils/DynaRowSetTestCase.java,,,,assert,unknown
bean_319_8,commons-beanutils-1.9.4,DynaRowSetTestCase,testListResultsNormalCase_8_oe,src/test/java/org/apache/commons/beanutils/DynaRowSetTestCase.java,,,,assert,unknown
bean_319_9,commons-beanutils-1.9.4,DynaRowSetTestCase,testListResultsNormalCase_9_oe,src/test/java/org/apache/commons/beanutils/DynaRowSetTestCase.java,,,,assert,unknown
bean_319_10,commons-beanutils-1.9.4,DynaRowSetTestCase,testListResultsNormalCase_10_oe,src/test/java/org/apache/commons/beanutils/DynaRowSetTestCase.java,,,,assert,unknown
bean_319_11,commons-beanutils-1.9.4,DynaRowSetTestCase,testListResultsNormalCase_11_oe,src/test/java/org/apache/commons/beanutils/DynaRowSetTestCase.java,,,,assert,unknown
bean_319_12,commons-beanutils-1.9.4,DynaRowSetTestCase,testListResultsNormalCase_12_oe,src/test/java/org/apache/commons/beanutils/DynaRowSetTestCase.java,,,,assert,unknown
bean_320_1,commons-beanutils-1.9.4,DynaRowSetTestCase,testLimitedRows_1_oe,src/test/java/org/apache/commons/beanutils/DynaRowSetTestCase.java,,,,assert,unknown
bean_320_2,commons-beanutils-1.9.4,DynaRowSetTestCase,testLimitedRows_2_oe,src/test/java/org/apache/commons/beanutils/DynaRowSetTestCase.java,,,,assert,unknown
bean_321_1,commons-beanutils-1.9.4,DynaRowSetTestCase,testInconsistentOracleDriver_1_oe,src/test/java/org/apache/commons/beanutils/DynaRowSetTestCase.java,,,,assert,unknown
bean_321_2,commons-beanutils-1.9.4,DynaRowSetTestCase,testInconsistentOracleDriver_2_oe,src/test/java/org/apache/commons/beanutils/DynaRowSetTestCase.java,,,,assert,unknown
bean_321_3,commons-beanutils-1.9.4,DynaRowSetTestCase,testInconsistentOracleDriver_3_oe,src/test/java/org/apache/commons/beanutils/DynaRowSetTestCase.java,,,,assert,unknown
bean_321_4,commons-beanutils-1.9.4,DynaRowSetTestCase,testInconsistentOracleDriver_4_oe,src/test/java/org/apache/commons/beanutils/DynaRowSetTestCase.java,,,,assert,unknown
bean_321_5,commons-beanutils-1.9.4,DynaRowSetTestCase,testInconsistentOracleDriver_5_oe,src/test/java/org/apache/commons/beanutils/DynaRowSetTestCase.java,,,,assert,unknown
bean_321_6,commons-beanutils-1.9.4,DynaRowSetTestCase,testInconsistentOracleDriver_6_oe,src/test/java/org/apache/commons/beanutils/DynaRowSetTestCase.java,,,,assert,unknown
bean_321_7,commons-beanutils-1.9.4,DynaRowSetTestCase,testInconsistentOracleDriver_7_oe,src/test/java/org/apache/commons/beanutils/DynaRowSetTestCase.java,,,,assert,unknown
bean_321_8,commons-beanutils-1.9.4,DynaRowSetTestCase,testInconsistentOracleDriver_8_oe,src/test/java/org/apache/commons/beanutils/DynaRowSetTestCase.java,,,,assert,unknown
bean_321_9,commons-beanutils-1.9.4,DynaRowSetTestCase,testInconsistentOracleDriver_9_oe,src/test/java/org/apache/commons/beanutils/DynaRowSetTestCase.java,,,,assert,unknown
bean_321_10,commons-beanutils-1.9.4,DynaRowSetTestCase,testInconsistentOracleDriver_10_oe,src/test/java/org/apache/commons/beanutils/DynaRowSetTestCase.java,,,,assert,unknown
bean_321_11,commons-beanutils-1.9.4,DynaRowSetTestCase,testInconsistentOracleDriver_11_oe,src/test/java/org/apache/commons/beanutils/DynaRowSetTestCase.java,,,,assert,unknown
bean_321_12,commons-beanutils-1.9.4,DynaRowSetTestCase,testInconsistentOracleDriver_12_oe,src/test/java/org/apache/commons/beanutils/DynaRowSetTestCase.java,,,,assert,unknown
bean_322_1,commons-beanutils-1.9.4,LazyDynaBeanTestCase,testSimpleProperty_1_oe,src/test/java/org/apache/commons/beanutils/LazyDynaBeanTestCase.java,,,,assert,unknown
bean_322_2,commons-beanutils-1.9.4,LazyDynaBeanTestCase,testSimpleProperty_2_oe,src/test/java/org/apache/commons/beanutils/LazyDynaBeanTestCase.java,,,,assert,unknown
bean_322_3,commons-beanutils-1.9.4,LazyDynaBeanTestCase,testSimpleProperty_3_oe,src/test/java/org/apache/commons/beanutils/LazyDynaBeanTestCase.java,,,,assert,unknown
bean_322_4,commons-beanutils-1.9.4,LazyDynaBeanTestCase,testSimpleProperty_4_oe,src/test/java/org/apache/commons/beanutils/LazyDynaBeanTestCase.java,,,,assert,unknown
bean_322_5,commons-beanutils-1.9.4,LazyDynaBeanTestCase,testSimpleProperty_5_oe,src/test/java/org/apache/commons/beanutils/LazyDynaBeanTestCase.java,,,,assert,unknown
bean_323_1,commons-beanutils-1.9.4,LazyDynaBeanTestCase,testNullProperty_1_oe,src/test/java/org/apache/commons/beanutils/LazyDynaBeanTestCase.java,,,,assert,unknown
bean_323_2,commons-beanutils-1.9.4,LazyDynaBeanTestCase,testNullProperty_2_oe,src/test/java/org/apache/commons/beanutils/LazyDynaBeanTestCase.java,,,,assert,unknown
bean_323_3,commons-beanutils-1.9.4,LazyDynaBeanTestCase,testNullProperty_3_oe,src/test/java/org/apache/commons/beanutils/LazyDynaBeanTestCase.java,,,,assert,unknown
bean_324_1,commons-beanutils-1.9.4,LazyDynaBeanTestCase,testSimplePropertyRestricted_1_oe,src/test/java/org/apache/commons/beanutils/LazyDynaBeanTestCase.java,,,,assert,unknown
bean_324_2,commons-beanutils-1.9.4,LazyDynaBeanTestCase,testSimplePropertyRestricted_2_oe,src/test/java/org/apache/commons/beanutils/LazyDynaBeanTestCase.java,,,,assert,unknown
bean_324_3,commons-beanutils-1.9.4,LazyDynaBeanTestCase,testSimplePropertyRestricted_3_oe,src/test/java/org/apache/commons/beanutils/LazyDynaBeanTestCase.java,,,,assert,unknown
bean_325_1,commons-beanutils-1.9.4,LazyDynaBeanTestCase,testMappedPropertyDefault_1_oe,src/test/java/org/apache/commons/beanutils/LazyDynaBeanTestCase.java,,,,assert,unknown
bean_325_2,commons-beanutils-1.9.4,LazyDynaBeanTestCase,testMappedPropertyDefault_2_oe,src/test/java/org/apache/commons/beanutils/LazyDynaBeanTestCase.java,,,,assert,unknown
bean_325_3,commons-beanutils-1.9.4,LazyDynaBeanTestCase,testMappedPropertyDefault_3_oe,src/test/java/org/apache/commons/beanutils/LazyDynaBeanTestCase.java,,,,assert,unknown
bean_325_4,commons-beanutils-1.9.4,LazyDynaBeanTestCase,testMappedPropertyDefault_4_oe,src/test/java/org/apache/commons/beanutils/LazyDynaBeanTestCase.java,,,,assert,unknown
bean_325_5,commons-beanutils-1.9.4,LazyDynaBeanTestCase,testMappedPropertyDefault_5_oe,src/test/java/org/apache/commons/beanutils/LazyDynaBeanTestCase.java,,,,assert,unknown
bean_325_6,commons-beanutils-1.9.4,LazyDynaBeanTestCase,testMappedPropertyDefault_6_oe,src/test/java/org/apache/commons/beanutils/LazyDynaBeanTestCase.java,,,,assert,unknown
bean_325_7,commons-beanutils-1.9.4,LazyDynaBeanTestCase,testMappedPropertyDefault_7_oe,src/test/java/org/apache/commons/beanutils/LazyDynaBeanTestCase.java,,,,assert,unknown
bean_325_8,commons-beanutils-1.9.4,LazyDynaBeanTestCase,testMappedPropertyDefault_8_oe,src/test/java/org/apache/commons/beanutils/LazyDynaBeanTestCase.java,,,,assert,unknown
bean_326_1,commons-beanutils-1.9.4,LazyDynaBeanTestCase,testMappedPropertyTreeMap_1_oe,src/test/java/org/apache/commons/beanutils/LazyDynaBeanTestCase.java,,,,assert,unknown
bean_326_2,commons-beanutils-1.9.4,LazyDynaBeanTestCase,testMappedPropertyTreeMap_2_oe,src/test/java/org/apache/commons/beanutils/LazyDynaBeanTestCase.java,,,,assert,unknown
bean_326_3,commons-beanutils-1.9.4,LazyDynaBeanTestCase,testMappedPropertyTreeMap_3_oe,src/test/java/org/apache/commons/beanutils/LazyDynaBeanTestCase.java,,,,assert,unknown
bean_326_4,commons-beanutils-1.9.4,LazyDynaBeanTestCase,testMappedPropertyTreeMap_4_oe,src/test/java/org/apache/commons/beanutils/LazyDynaBeanTestCase.java,,,,assert,unknown
bean_326_5,commons-beanutils-1.9.4,LazyDynaBeanTestCase,testMappedPropertyTreeMap_5_oe,src/test/java/org/apache/commons/beanutils/LazyDynaBeanTestCase.java,,,,assert,unknown
bean_326_6,commons-beanutils-1.9.4,LazyDynaBeanTestCase,testMappedPropertyTreeMap_6_oe,src/test/java/org/apache/commons/beanutils/LazyDynaBeanTestCase.java,,,,assert,unknown
bean_326_7,commons-beanutils-1.9.4,LazyDynaBeanTestCase,testMappedPropertyTreeMap_7_oe,src/test/java/org/apache/commons/beanutils/LazyDynaBeanTestCase.java,,,,assert,unknown
bean_326_8,commons-beanutils-1.9.4,LazyDynaBeanTestCase,testMappedPropertyTreeMap_8_oe,src/test/java/org/apache/commons/beanutils/LazyDynaBeanTestCase.java,,,,assert,unknown
bean_326_9,commons-beanutils-1.9.4,LazyDynaBeanTestCase,testMappedPropertyTreeMap_9_oe,src/test/java/org/apache/commons/beanutils/LazyDynaBeanTestCase.java,,,,assert,unknown
bean_327_1,commons-beanutils-1.9.4,LazyDynaBeanTestCase,testMappedPropertyUtils_1_oe,src/test/java/org/apache/commons/beanutils/LazyDynaBeanTestCase.java,,,,assert,unknown
bean_327_2,commons-beanutils-1.9.4,LazyDynaBeanTestCase,testMappedPropertyUtils_2_oe,src/test/java/org/apache/commons/beanutils/LazyDynaBeanTestCase.java,,,,assert,unknown
bean_327_3,commons-beanutils-1.9.4,LazyDynaBeanTestCase,testMappedPropertyUtils_3_oe,src/test/java/org/apache/commons/beanutils/LazyDynaBeanTestCase.java,,,,assert,unknown
bean_327_4,commons-beanutils-1.9.4,LazyDynaBeanTestCase,testMappedPropertyUtils_4_oe,src/test/java/org/apache/commons/beanutils/LazyDynaBeanTestCase.java,,,,assert,unknown
bean_327_5,commons-beanutils-1.9.4,LazyDynaBeanTestCase,testMappedPropertyUtils_5_oe,src/test/java/org/apache/commons/beanutils/LazyDynaBeanTestCase.java,,,,assert,unknown
bean_327_6,commons-beanutils-1.9.4,LazyDynaBeanTestCase,testMappedPropertyUtils_6_oe,src/test/java/org/apache/commons/beanutils/LazyDynaBeanTestCase.java,,,,assert,unknown
bean_327_7,commons-beanutils-1.9.4,LazyDynaBeanTestCase,testMappedPropertyUtils_7_oe,src/test/java/org/apache/commons/beanutils/LazyDynaBeanTestCase.java,,,,assert,unknown
bean_328_1,commons-beanutils-1.9.4,LazyDynaBeanTestCase,testMappedPropertyRestricted_1_oe,src/test/java/org/apache/commons/beanutils/LazyDynaBeanTestCase.java,,,,assert,unknown
bean_328_2,commons-beanutils-1.9.4,LazyDynaBeanTestCase,testMappedPropertyRestricted_2_oe,src/test/java/org/apache/commons/beanutils/LazyDynaBeanTestCase.java,,,,assert,unknown
bean_328_3,commons-beanutils-1.9.4,LazyDynaBeanTestCase,testMappedPropertyRestricted_3_oe,src/test/java/org/apache/commons/beanutils/LazyDynaBeanTestCase.java,,,,assert,unknown
bean_329_1,commons-beanutils-1.9.4,LazyDynaBeanTestCase,testMappedInvalidType_1_oe,src/test/java/org/apache/commons/beanutils/LazyDynaBeanTestCase.java,,,,assert,unknown
bean_330_1,commons-beanutils-1.9.4,LazyDynaBeanTestCase,testIndexedPropertyDefault_1_oe,src/test/java/org/apache/commons/beanutils/LazyDynaBeanTestCase.java,,,,assert,unknown
bean_330_2,commons-beanutils-1.9.4,LazyDynaBeanTestCase,testIndexedPropertyDefault_2_oe,src/test/java/org/apache/commons/beanutils/LazyDynaBeanTestCase.java,,,,assert,unknown
bean_330_3,commons-beanutils-1.9.4,LazyDynaBeanTestCase,testIndexedPropertyDefault_3_oe,src/test/java/org/apache/commons/beanutils/LazyDynaBeanTestCase.java,,,,assert,unknown
bean_330_4,commons-beanutils-1.9.4,LazyDynaBeanTestCase,testIndexedPropertyDefault_4_oe,src/test/java/org/apache/commons/beanutils/LazyDynaBeanTestCase.java,,,,assert,unknown
bean_330_5,commons-beanutils-1.9.4,LazyDynaBeanTestCase,testIndexedPropertyDefault_5_oe,src/test/java/org/apache/commons/beanutils/LazyDynaBeanTestCase.java,,,,assert,unknown
bean_330_6,commons-beanutils-1.9.4,LazyDynaBeanTestCase,testIndexedPropertyDefault_6_oe,src/test/java/org/apache/commons/beanutils/LazyDynaBeanTestCase.java,,,,assert,unknown
bean_330_7,commons-beanutils-1.9.4,LazyDynaBeanTestCase,testIndexedPropertyDefault_7_oe,src/test/java/org/apache/commons/beanutils/LazyDynaBeanTestCase.java,,,,assert,unknown
bean_330_8,commons-beanutils-1.9.4,LazyDynaBeanTestCase,testIndexedPropertyDefault_8_oe,src/test/java/org/apache/commons/beanutils/LazyDynaBeanTestCase.java,,,,assert,unknown
bean_330_9,commons-beanutils-1.9.4,LazyDynaBeanTestCase,testIndexedPropertyDefault_9_oe,src/test/java/org/apache/commons/beanutils/LazyDynaBeanTestCase.java,,,,assert,unknown
bean_331_1,commons-beanutils-1.9.4,LazyDynaBeanTestCase,testIndexedLinkedList_1_oe,src/test/java/org/apache/commons/beanutils/LazyDynaBeanTestCase.java,,,,assert,unknown
bean_331_2,commons-beanutils-1.9.4,LazyDynaBeanTestCase,testIndexedLinkedList_2_oe,src/test/java/org/apache/commons/beanutils/LazyDynaBeanTestCase.java,,,,assert,unknown
bean_331_3,commons-beanutils-1.9.4,LazyDynaBeanTestCase,testIndexedLinkedList_3_oe,src/test/java/org/apache/commons/beanutils/LazyDynaBeanTestCase.java,,,,assert,unknown
bean_331_4,commons-beanutils-1.9.4,LazyDynaBeanTestCase,testIndexedLinkedList_4_oe,src/test/java/org/apache/commons/beanutils/LazyDynaBeanTestCase.java,,,,assert,unknown
bean_331_5,commons-beanutils-1.9.4,LazyDynaBeanTestCase,testIndexedLinkedList_5_oe,src/test/java/org/apache/commons/beanutils/LazyDynaBeanTestCase.java,,,,assert,unknown
bean_331_6,commons-beanutils-1.9.4,LazyDynaBeanTestCase,testIndexedLinkedList_6_oe,src/test/java/org/apache/commons/beanutils/LazyDynaBeanTestCase.java,,,,assert,unknown
bean_331_7,commons-beanutils-1.9.4,LazyDynaBeanTestCase,testIndexedLinkedList_7_oe,src/test/java/org/apache/commons/beanutils/LazyDynaBeanTestCase.java,,,,assert,unknown
bean_331_8,commons-beanutils-1.9.4,LazyDynaBeanTestCase,testIndexedLinkedList_8_oe,src/test/java/org/apache/commons/beanutils/LazyDynaBeanTestCase.java,,,,assert,unknown
bean_331_9,commons-beanutils-1.9.4,LazyDynaBeanTestCase,testIndexedLinkedList_9_oe,src/test/java/org/apache/commons/beanutils/LazyDynaBeanTestCase.java,,,,assert,unknown
bean_331_10,commons-beanutils-1.9.4,LazyDynaBeanTestCase,testIndexedLinkedList_10_oe,src/test/java/org/apache/commons/beanutils/LazyDynaBeanTestCase.java,,,,assert,unknown
bean_332_1,commons-beanutils-1.9.4,LazyDynaBeanTestCase,testIndexedPrimitiveArray_1_oe,src/test/java/org/apache/commons/beanutils/LazyDynaBeanTestCase.java,,,,assert,unknown
bean_332_2,commons-beanutils-1.9.4,LazyDynaBeanTestCase,testIndexedPrimitiveArray_2_oe,src/test/java/org/apache/commons/beanutils/LazyDynaBeanTestCase.java,,,,assert,unknown
bean_332_3,commons-beanutils-1.9.4,LazyDynaBeanTestCase,testIndexedPrimitiveArray_3_oe,src/test/java/org/apache/commons/beanutils/LazyDynaBeanTestCase.java,,,,assert,unknown
bean_332_4,commons-beanutils-1.9.4,LazyDynaBeanTestCase,testIndexedPrimitiveArray_4_oe,src/test/java/org/apache/commons/beanutils/LazyDynaBeanTestCase.java,,,,assert,unknown
bean_332_5,commons-beanutils-1.9.4,LazyDynaBeanTestCase,testIndexedPrimitiveArray_5_oe,src/test/java/org/apache/commons/beanutils/LazyDynaBeanTestCase.java,,,,assert,unknown
bean_332_6,commons-beanutils-1.9.4,LazyDynaBeanTestCase,testIndexedPrimitiveArray_6_oe,src/test/java/org/apache/commons/beanutils/LazyDynaBeanTestCase.java,,,,assert,unknown
bean_332_7,commons-beanutils-1.9.4,LazyDynaBeanTestCase,testIndexedPrimitiveArray_7_oe,src/test/java/org/apache/commons/beanutils/LazyDynaBeanTestCase.java,,,,assert,unknown
bean_332_8,commons-beanutils-1.9.4,LazyDynaBeanTestCase,testIndexedPrimitiveArray_8_oe,src/test/java/org/apache/commons/beanutils/LazyDynaBeanTestCase.java,,,,assert,unknown
bean_332_9,commons-beanutils-1.9.4,LazyDynaBeanTestCase,testIndexedPrimitiveArray_9_oe,src/test/java/org/apache/commons/beanutils/LazyDynaBeanTestCase.java,,,,assert,unknown
bean_332_10,commons-beanutils-1.9.4,LazyDynaBeanTestCase,testIndexedPrimitiveArray_10_oe,src/test/java/org/apache/commons/beanutils/LazyDynaBeanTestCase.java,,,,assert,unknown
bean_332_11,commons-beanutils-1.9.4,LazyDynaBeanTestCase,testIndexedPrimitiveArray_11_oe,src/test/java/org/apache/commons/beanutils/LazyDynaBeanTestCase.java,,,,assert,unknown
bean_332_12,commons-beanutils-1.9.4,LazyDynaBeanTestCase,testIndexedPrimitiveArray_12_oe,src/test/java/org/apache/commons/beanutils/LazyDynaBeanTestCase.java,,,,assert,unknown
bean_333_1,commons-beanutils-1.9.4,LazyDynaBeanTestCase,testIndexedObjectArray_1_oe,src/test/java/org/apache/commons/beanutils/LazyDynaBeanTestCase.java,,,,assert,unknown
bean_333_2,commons-beanutils-1.9.4,LazyDynaBeanTestCase,testIndexedObjectArray_2_oe,src/test/java/org/apache/commons/beanutils/LazyDynaBeanTestCase.java,,,,assert,unknown
bean_333_3,commons-beanutils-1.9.4,LazyDynaBeanTestCase,testIndexedObjectArray_3_oe,src/test/java/org/apache/commons/beanutils/LazyDynaBeanTestCase.java,,,,assert,unknown
bean_333_4,commons-beanutils-1.9.4,LazyDynaBeanTestCase,testIndexedObjectArray_4_oe,src/test/java/org/apache/commons/beanutils/LazyDynaBeanTestCase.java,,,,assert,unknown
bean_333_5,commons-beanutils-1.9.4,LazyDynaBeanTestCase,testIndexedObjectArray_5_oe,src/test/java/org/apache/commons/beanutils/LazyDynaBeanTestCase.java,,,,assert,unknown
bean_333_6,commons-beanutils-1.9.4,LazyDynaBeanTestCase,testIndexedObjectArray_6_oe,src/test/java/org/apache/commons/beanutils/LazyDynaBeanTestCase.java,,,,assert,unknown
bean_333_7,commons-beanutils-1.9.4,LazyDynaBeanTestCase,testIndexedObjectArray_7_oe,src/test/java/org/apache/commons/beanutils/LazyDynaBeanTestCase.java,,,,assert,unknown
bean_333_8,commons-beanutils-1.9.4,LazyDynaBeanTestCase,testIndexedObjectArray_8_oe,src/test/java/org/apache/commons/beanutils/LazyDynaBeanTestCase.java,,,,assert,unknown
bean_333_9,commons-beanutils-1.9.4,LazyDynaBeanTestCase,testIndexedObjectArray_9_oe,src/test/java/org/apache/commons/beanutils/LazyDynaBeanTestCase.java,,,,assert,unknown
bean_333_10,commons-beanutils-1.9.4,LazyDynaBeanTestCase,testIndexedObjectArray_10_oe,src/test/java/org/apache/commons/beanutils/LazyDynaBeanTestCase.java,,,,assert,unknown
bean_333_11,commons-beanutils-1.9.4,LazyDynaBeanTestCase,testIndexedObjectArray_11_oe,src/test/java/org/apache/commons/beanutils/LazyDynaBeanTestCase.java,,,,assert,unknown
bean_333_12,commons-beanutils-1.9.4,LazyDynaBeanTestCase,testIndexedObjectArray_12_oe,src/test/java/org/apache/commons/beanutils/LazyDynaBeanTestCase.java,,,,assert,unknown
bean_334_1,commons-beanutils-1.9.4,LazyDynaBeanTestCase,testIndexedDynaBeanArray_1_oe,src/test/java/org/apache/commons/beanutils/LazyDynaBeanTestCase.java,,,,assert,unknown
bean_334_2,commons-beanutils-1.9.4,LazyDynaBeanTestCase,testIndexedDynaBeanArray_2_oe,src/test/java/org/apache/commons/beanutils/LazyDynaBeanTestCase.java,,,,assert,unknown
bean_334_3,commons-beanutils-1.9.4,LazyDynaBeanTestCase,testIndexedDynaBeanArray_3_oe,src/test/java/org/apache/commons/beanutils/LazyDynaBeanTestCase.java,,,,assert,unknown
bean_334_4,commons-beanutils-1.9.4,LazyDynaBeanTestCase,testIndexedDynaBeanArray_4_oe,src/test/java/org/apache/commons/beanutils/LazyDynaBeanTestCase.java,,,,assert,unknown
bean_334_5,commons-beanutils-1.9.4,LazyDynaBeanTestCase,testIndexedDynaBeanArray_5_oe,src/test/java/org/apache/commons/beanutils/LazyDynaBeanTestCase.java,,,,assert,unknown
bean_334_6,commons-beanutils-1.9.4,LazyDynaBeanTestCase,testIndexedDynaBeanArray_6_oe,src/test/java/org/apache/commons/beanutils/LazyDynaBeanTestCase.java,,,,assert,unknown
bean_335_1,commons-beanutils-1.9.4,LazyDynaBeanTestCase,testIndexedPropertyUtils_1_oe,src/test/java/org/apache/commons/beanutils/LazyDynaBeanTestCase.java,,,,assert,unknown
bean_335_2,commons-beanutils-1.9.4,LazyDynaBeanTestCase,testIndexedPropertyUtils_2_oe,src/test/java/org/apache/commons/beanutils/LazyDynaBeanTestCase.java,,,,assert,unknown
bean_335_3,commons-beanutils-1.9.4,LazyDynaBeanTestCase,testIndexedPropertyUtils_3_oe,src/test/java/org/apache/commons/beanutils/LazyDynaBeanTestCase.java,,,,assert,unknown
bean_335_4,commons-beanutils-1.9.4,LazyDynaBeanTestCase,testIndexedPropertyUtils_4_oe,src/test/java/org/apache/commons/beanutils/LazyDynaBeanTestCase.java,,,,assert,unknown
bean_335_5,commons-beanutils-1.9.4,LazyDynaBeanTestCase,testIndexedPropertyUtils_5_oe,src/test/java/org/apache/commons/beanutils/LazyDynaBeanTestCase.java,,,,assert,unknown
bean_335_6,commons-beanutils-1.9.4,LazyDynaBeanTestCase,testIndexedPropertyUtils_6_oe,src/test/java/org/apache/commons/beanutils/LazyDynaBeanTestCase.java,,,,assert,unknown
bean_335_7,commons-beanutils-1.9.4,LazyDynaBeanTestCase,testIndexedPropertyUtils_7_oe,src/test/java/org/apache/commons/beanutils/LazyDynaBeanTestCase.java,,,,assert,unknown
bean_336_1,commons-beanutils-1.9.4,LazyDynaBeanTestCase,testIndexedPropertyRestricted_1_oe,src/test/java/org/apache/commons/beanutils/LazyDynaBeanTestCase.java,,,,assert,unknown
bean_336_2,commons-beanutils-1.9.4,LazyDynaBeanTestCase,testIndexedPropertyRestricted_2_oe,src/test/java/org/apache/commons/beanutils/LazyDynaBeanTestCase.java,,,,assert,unknown
bean_336_3,commons-beanutils-1.9.4,LazyDynaBeanTestCase,testIndexedPropertyRestricted_3_oe,src/test/java/org/apache/commons/beanutils/LazyDynaBeanTestCase.java,,,,assert,unknown
bean_337_1,commons-beanutils-1.9.4,LazyDynaBeanTestCase,testIndexedInvalidType_1_oe,src/test/java/org/apache/commons/beanutils/LazyDynaBeanTestCase.java,,,,assert,unknown
bean_338_1,commons-beanutils-1.9.4,BeanUtilsTestCase,testCopyPropertiesDynaBean_1_oe,src/test/java/org/apache/commons/beanutils/BeanUtilsTestCase.java,,,,assert,unknown
bean_338_2,commons-beanutils-1.9.4,BeanUtilsTestCase,testCopyPropertiesDynaBean_2_oe,src/test/java/org/apache/commons/beanutils/BeanUtilsTestCase.java,,,,assert,unknown
bean_338_3,commons-beanutils-1.9.4,BeanUtilsTestCase,testCopyPropertiesDynaBean_3_oe,src/test/java/org/apache/commons/beanutils/BeanUtilsTestCase.java,,,,assert,unknown
bean_338_4,commons-beanutils-1.9.4,BeanUtilsTestCase,testCopyPropertiesDynaBean_4_oe,src/test/java/org/apache/commons/beanutils/BeanUtilsTestCase.java,,,,assert,unknown
bean_338_5,commons-beanutils-1.9.4,BeanUtilsTestCase,testCopyPropertiesDynaBean_5_oe,src/test/java/org/apache/commons/beanutils/BeanUtilsTestCase.java,,,,assert,unknown
bean_338_6,commons-beanutils-1.9.4,BeanUtilsTestCase,testCopyPropertiesDynaBean_6_oe,src/test/java/org/apache/commons/beanutils/BeanUtilsTestCase.java,,,,assert,unknown
bean_338_7,commons-beanutils-1.9.4,BeanUtilsTestCase,testCopyPropertiesDynaBean_7_oe,src/test/java/org/apache/commons/beanutils/BeanUtilsTestCase.java,,,,assert,unknown
bean_338_8,commons-beanutils-1.9.4,BeanUtilsTestCase,testCopyPropertiesDynaBean_8_oe,src/test/java/org/apache/commons/beanutils/BeanUtilsTestCase.java,,,,assert,unknown
bean_338_9,commons-beanutils-1.9.4,BeanUtilsTestCase,testCopyPropertiesDynaBean_9_oe,src/test/java/org/apache/commons/beanutils/BeanUtilsTestCase.java,,,,assert,unknown
bean_338_10,commons-beanutils-1.9.4,BeanUtilsTestCase,testCopyPropertiesDynaBean_10_oe,src/test/java/org/apache/commons/beanutils/BeanUtilsTestCase.java,,,,assert,unknown
bean_338_11,commons-beanutils-1.9.4,BeanUtilsTestCase,testCopyPropertiesDynaBean_11_oe,src/test/java/org/apache/commons/beanutils/BeanUtilsTestCase.java,,,,assert,unknown
bean_338_12,commons-beanutils-1.9.4,BeanUtilsTestCase,testCopyPropertiesDynaBean_12_oe,src/test/java/org/apache/commons/beanutils/BeanUtilsTestCase.java,,,,assert,unknown
bean_338_13,commons-beanutils-1.9.4,BeanUtilsTestCase,testCopyPropertiesDynaBean_13_oe,src/test/java/org/apache/commons/beanutils/BeanUtilsTestCase.java,,,,assert,unknown
bean_338_14,commons-beanutils-1.9.4,BeanUtilsTestCase,testCopyPropertiesDynaBean_14_oe,src/test/java/org/apache/commons/beanutils/BeanUtilsTestCase.java,,,,assert,unknown
bean_338_15,commons-beanutils-1.9.4,BeanUtilsTestCase,testCopyPropertiesDynaBean_15_oe,src/test/java/org/apache/commons/beanutils/BeanUtilsTestCase.java,,,,assert,unknown
bean_338_16,commons-beanutils-1.9.4,BeanUtilsTestCase,testCopyPropertiesDynaBean_16_oe,src/test/java/org/apache/commons/beanutils/BeanUtilsTestCase.java,,,,assert,unknown
bean_338_17,commons-beanutils-1.9.4,BeanUtilsTestCase,testCopyPropertiesDynaBean_17_oe,src/test/java/org/apache/commons/beanutils/BeanUtilsTestCase.java,,,,assert,unknown
bean_338_18,commons-beanutils-1.9.4,BeanUtilsTestCase,testCopyPropertiesDynaBean_18_oe,src/test/java/org/apache/commons/beanutils/BeanUtilsTestCase.java,,,,assert,unknown
bean_338_19,commons-beanutils-1.9.4,BeanUtilsTestCase,testCopyPropertiesDynaBean_19_oe,src/test/java/org/apache/commons/beanutils/BeanUtilsTestCase.java,,,,assert,unknown
bean_338_20,commons-beanutils-1.9.4,BeanUtilsTestCase,testCopyPropertiesDynaBean_20_oe,src/test/java/org/apache/commons/beanutils/BeanUtilsTestCase.java,,,,assert,unknown
bean_338_21,commons-beanutils-1.9.4,BeanUtilsTestCase,testCopyPropertiesDynaBean_21_oe,src/test/java/org/apache/commons/beanutils/BeanUtilsTestCase.java,,,,assert,unknown
bean_338_22,commons-beanutils-1.9.4,BeanUtilsTestCase,testCopyPropertiesDynaBean_22_oe,src/test/java/org/apache/commons/beanutils/BeanUtilsTestCase.java,,,,assert,unknown
bean_338_23,commons-beanutils-1.9.4,BeanUtilsTestCase,testCopyPropertiesDynaBean_23_oe,src/test/java/org/apache/commons/beanutils/BeanUtilsTestCase.java,,,,assert,unknown
bean_339_1,commons-beanutils-1.9.4,BeanUtilsTestCase,testCopyPropertiesMap_1_oe,src/test/java/org/apache/commons/beanutils/BeanUtilsTestCase.java,,,,assert,unknown
bean_339_2,commons-beanutils-1.9.4,BeanUtilsTestCase,testCopyPropertiesMap_2_oe,src/test/java/org/apache/commons/beanutils/BeanUtilsTestCase.java,,,,assert,unknown
bean_339_3,commons-beanutils-1.9.4,BeanUtilsTestCase,testCopyPropertiesMap_3_oe,src/test/java/org/apache/commons/beanutils/BeanUtilsTestCase.java,,,,assert,unknown
bean_339_4,commons-beanutils-1.9.4,BeanUtilsTestCase,testCopyPropertiesMap_4_oe,src/test/java/org/apache/commons/beanutils/BeanUtilsTestCase.java,,,,assert,unknown
bean_339_5,commons-beanutils-1.9.4,BeanUtilsTestCase,testCopyPropertiesMap_5_oe,src/test/java/org/apache/commons/beanutils/BeanUtilsTestCase.java,,,,assert,unknown
bean_339_6,commons-beanutils-1.9.4,BeanUtilsTestCase,testCopyPropertiesMap_6_oe,src/test/java/org/apache/commons/beanutils/BeanUtilsTestCase.java,,,,assert,unknown
bean_339_7,commons-beanutils-1.9.4,BeanUtilsTestCase,testCopyPropertiesMap_7_oe,src/test/java/org/apache/commons/beanutils/BeanUtilsTestCase.java,,,,assert,unknown
bean_339_8,commons-beanutils-1.9.4,BeanUtilsTestCase,testCopyPropertiesMap_8_oe,src/test/java/org/apache/commons/beanutils/BeanUtilsTestCase.java,,,,assert,unknown
bean_339_9,commons-beanutils-1.9.4,BeanUtilsTestCase,testCopyPropertiesMap_9_oe,src/test/java/org/apache/commons/beanutils/BeanUtilsTestCase.java,,,,assert,unknown
bean_339_10,commons-beanutils-1.9.4,BeanUtilsTestCase,testCopyPropertiesMap_10_oe,src/test/java/org/apache/commons/beanutils/BeanUtilsTestCase.java,,,,assert,unknown
bean_339_11,commons-beanutils-1.9.4,BeanUtilsTestCase,testCopyPropertiesMap_11_oe,src/test/java/org/apache/commons/beanutils/BeanUtilsTestCase.java,,,,assert,unknown
bean_339_12,commons-beanutils-1.9.4,BeanUtilsTestCase,testCopyPropertiesMap_12_oe,src/test/java/org/apache/commons/beanutils/BeanUtilsTestCase.java,,,,assert,unknown
bean_339_13,commons-beanutils-1.9.4,BeanUtilsTestCase,testCopyPropertiesMap_13_oe,src/test/java/org/apache/commons/beanutils/BeanUtilsTestCase.java,,,,assert,unknown
bean_339_14,commons-beanutils-1.9.4,BeanUtilsTestCase,testCopyPropertiesMap_14_oe,src/test/java/org/apache/commons/beanutils/BeanUtilsTestCase.java,,,,assert,unknown
bean_339_15,commons-beanutils-1.9.4,BeanUtilsTestCase,testCopyPropertiesMap_15_oe,src/test/java/org/apache/commons/beanutils/BeanUtilsTestCase.java,,,,assert,unknown
bean_339_16,commons-beanutils-1.9.4,BeanUtilsTestCase,testCopyPropertiesMap_16_oe,src/test/java/org/apache/commons/beanutils/BeanUtilsTestCase.java,,,,assert,unknown
bean_339_17,commons-beanutils-1.9.4,BeanUtilsTestCase,testCopyPropertiesMap_17_oe,src/test/java/org/apache/commons/beanutils/BeanUtilsTestCase.java,,,,assert,unknown
bean_339_18,commons-beanutils-1.9.4,BeanUtilsTestCase,testCopyPropertiesMap_18_oe,src/test/java/org/apache/commons/beanutils/BeanUtilsTestCase.java,,,,assert,unknown
bean_339_19,commons-beanutils-1.9.4,BeanUtilsTestCase,testCopyPropertiesMap_19_oe,src/test/java/org/apache/commons/beanutils/BeanUtilsTestCase.java,,,,assert,unknown
bean_340_1,commons-beanutils-1.9.4,BeanUtilsTestCase,testCopyPropertiesStandard_1_oe,src/test/java/org/apache/commons/beanutils/BeanUtilsTestCase.java,,,,assert,unknown
bean_340_2,commons-beanutils-1.9.4,BeanUtilsTestCase,testCopyPropertiesStandard_2_oe,src/test/java/org/apache/commons/beanutils/BeanUtilsTestCase.java,,,,assert,unknown
bean_340_3,commons-beanutils-1.9.4,BeanUtilsTestCase,testCopyPropertiesStandard_3_oe,src/test/java/org/apache/commons/beanutils/BeanUtilsTestCase.java,,,,assert,unknown
bean_340_4,commons-beanutils-1.9.4,BeanUtilsTestCase,testCopyPropertiesStandard_4_oe,src/test/java/org/apache/commons/beanutils/BeanUtilsTestCase.java,,,,assert,unknown
bean_340_5,commons-beanutils-1.9.4,BeanUtilsTestCase,testCopyPropertiesStandard_5_oe,src/test/java/org/apache/commons/beanutils/BeanUtilsTestCase.java,,,,assert,unknown
bean_340_6,commons-beanutils-1.9.4,BeanUtilsTestCase,testCopyPropertiesStandard_6_oe,src/test/java/org/apache/commons/beanutils/BeanUtilsTestCase.java,,,,assert,unknown
bean_340_7,commons-beanutils-1.9.4,BeanUtilsTestCase,testCopyPropertiesStandard_7_oe,src/test/java/org/apache/commons/beanutils/BeanUtilsTestCase.java,,,,assert,unknown
bean_340_8,commons-beanutils-1.9.4,BeanUtilsTestCase,testCopyPropertiesStandard_8_oe,src/test/java/org/apache/commons/beanutils/BeanUtilsTestCase.java,,,,assert,unknown
bean_340_9,commons-beanutils-1.9.4,BeanUtilsTestCase,testCopyPropertiesStandard_9_oe,src/test/java/org/apache/commons/beanutils/BeanUtilsTestCase.java,,,,assert,unknown
bean_340_10,commons-beanutils-1.9.4,BeanUtilsTestCase,testCopyPropertiesStandard_10_oe,src/test/java/org/apache/commons/beanutils/BeanUtilsTestCase.java,,,,assert,unknown
bean_340_11,commons-beanutils-1.9.4,BeanUtilsTestCase,testCopyPropertiesStandard_11_oe,src/test/java/org/apache/commons/beanutils/BeanUtilsTestCase.java,,,,assert,unknown
bean_340_12,commons-beanutils-1.9.4,BeanUtilsTestCase,testCopyPropertiesStandard_12_oe,src/test/java/org/apache/commons/beanutils/BeanUtilsTestCase.java,,,,assert,unknown
bean_340_13,commons-beanutils-1.9.4,BeanUtilsTestCase,testCopyPropertiesStandard_13_oe,src/test/java/org/apache/commons/beanutils/BeanUtilsTestCase.java,,,,assert,unknown
bean_340_14,commons-beanutils-1.9.4,BeanUtilsTestCase,testCopyPropertiesStandard_14_oe,src/test/java/org/apache/commons/beanutils/BeanUtilsTestCase.java,,,,assert,unknown
bean_340_15,commons-beanutils-1.9.4,BeanUtilsTestCase,testCopyPropertiesStandard_15_oe,src/test/java/org/apache/commons/beanutils/BeanUtilsTestCase.java,,,,assert,unknown
bean_340_16,commons-beanutils-1.9.4,BeanUtilsTestCase,testCopyPropertiesStandard_16_oe,src/test/java/org/apache/commons/beanutils/BeanUtilsTestCase.java,,,,assert,unknown
bean_340_17,commons-beanutils-1.9.4,BeanUtilsTestCase,testCopyPropertiesStandard_17_oe,src/test/java/org/apache/commons/beanutils/BeanUtilsTestCase.java,,,,assert,unknown
bean_340_18,commons-beanutils-1.9.4,BeanUtilsTestCase,testCopyPropertiesStandard_18_oe,src/test/java/org/apache/commons/beanutils/BeanUtilsTestCase.java,,,,assert,unknown
bean_340_19,commons-beanutils-1.9.4,BeanUtilsTestCase,testCopyPropertiesStandard_19_oe,src/test/java/org/apache/commons/beanutils/BeanUtilsTestCase.java,,,,assert,unknown
bean_340_20,commons-beanutils-1.9.4,BeanUtilsTestCase,testCopyPropertiesStandard_20_oe,src/test/java/org/apache/commons/beanutils/BeanUtilsTestCase.java,,,,assert,unknown
bean_340_21,commons-beanutils-1.9.4,BeanUtilsTestCase,testCopyPropertiesStandard_21_oe,src/test/java/org/apache/commons/beanutils/BeanUtilsTestCase.java,,,,assert,unknown
bean_340_22,commons-beanutils-1.9.4,BeanUtilsTestCase,testCopyPropertiesStandard_22_oe,src/test/java/org/apache/commons/beanutils/BeanUtilsTestCase.java,,,,assert,unknown
bean_341_1,commons-beanutils-1.9.4,BeanUtilsTestCase,testDescribe_1_oe,src/test/java/org/apache/commons/beanutils/BeanUtilsTestCase.java,,,,assert,unknown
bean_341_2,commons-beanutils-1.9.4,BeanUtilsTestCase,testDescribe_2_oe,src/test/java/org/apache/commons/beanutils/BeanUtilsTestCase.java,,,,assert,unknown
bean_341_3,commons-beanutils-1.9.4,BeanUtilsTestCase,testDescribe_3_oe,src/test/java/org/apache/commons/beanutils/BeanUtilsTestCase.java,,,,assert,unknown
bean_341_4,commons-beanutils-1.9.4,BeanUtilsTestCase,testDescribe_4_oe,src/test/java/org/apache/commons/beanutils/BeanUtilsTestCase.java,,,,assert,unknown
bean_341_5,commons-beanutils-1.9.4,BeanUtilsTestCase,testDescribe_5_oe,src/test/java/org/apache/commons/beanutils/BeanUtilsTestCase.java,,,,assert,unknown
bean_341_6,commons-beanutils-1.9.4,BeanUtilsTestCase,testDescribe_6_oe,src/test/java/org/apache/commons/beanutils/BeanUtilsTestCase.java,,,,assert,unknown
bean_341_7,commons-beanutils-1.9.4,BeanUtilsTestCase,testDescribe_7_oe,src/test/java/org/apache/commons/beanutils/BeanUtilsTestCase.java,,,,assert,unknown
bean_341_8,commons-beanutils-1.9.4,BeanUtilsTestCase,testDescribe_8_oe,src/test/java/org/apache/commons/beanutils/BeanUtilsTestCase.java,,,,assert,unknown
bean_341_9,commons-beanutils-1.9.4,BeanUtilsTestCase,testDescribe_9_oe,src/test/java/org/apache/commons/beanutils/BeanUtilsTestCase.java,,,,assert,unknown
bean_341_10,commons-beanutils-1.9.4,BeanUtilsTestCase,testDescribe_10_oe,src/test/java/org/apache/commons/beanutils/BeanUtilsTestCase.java,,,,assert,unknown
bean_341_11,commons-beanutils-1.9.4,BeanUtilsTestCase,testDescribe_11_oe,src/test/java/org/apache/commons/beanutils/BeanUtilsTestCase.java,,,,assert,unknown
bean_342_7,commons-beanutils-1.9.4,BeanUtilsTestCase,testGetArrayProperty_7_oe,src/test/java/org/apache/commons/beanutils/BeanUtilsTestCase.java,,,,assert,unknown
bean_342_8,commons-beanutils-1.9.4,BeanUtilsTestCase,testGetArrayProperty_8_oe,src/test/java/org/apache/commons/beanutils/BeanUtilsTestCase.java,,,,assert,unknown
bean_342_9,commons-beanutils-1.9.4,BeanUtilsTestCase,testGetArrayProperty_9_oe,src/test/java/org/apache/commons/beanutils/BeanUtilsTestCase.java,,,,assert,unknown
bean_343_1,commons-beanutils-1.9.4,BeanUtilsTestCase,testGetArrayPropertyDate_1_oe,src/test/java/org/apache/commons/beanutils/BeanUtilsTestCase.java,,,,assert,unknown
bean_343_2,commons-beanutils-1.9.4,BeanUtilsTestCase,testGetArrayPropertyDate_2_oe,src/test/java/org/apache/commons/beanutils/BeanUtilsTestCase.java,,,,assert,unknown
bean_343_3,commons-beanutils-1.9.4,BeanUtilsTestCase,testGetArrayPropertyDate_3_oe,src/test/java/org/apache/commons/beanutils/BeanUtilsTestCase.java,,,,assert,unknown
bean_344_3,commons-beanutils-1.9.4,BeanUtilsTestCase,testGetIndexedProperty1_3_oe,src/test/java/org/apache/commons/beanutils/BeanUtilsTestCase.java,,,,assert,unknown
bean_344_4,commons-beanutils-1.9.4,BeanUtilsTestCase,testGetIndexedProperty1_4_oe,src/test/java/org/apache/commons/beanutils/BeanUtilsTestCase.java,,,,assert,unknown
bean_344_5,commons-beanutils-1.9.4,BeanUtilsTestCase,testGetIndexedProperty1_5_oe,src/test/java/org/apache/commons/beanutils/BeanUtilsTestCase.java,,,,assert,unknown
bean_345_1,commons-beanutils-1.9.4,BeanUtilsTestCase,testGetIndexedPropertyDate_1_oe,src/test/java/org/apache/commons/beanutils/BeanUtilsTestCase.java,,,,assert,unknown
bean_345_2,commons-beanutils-1.9.4,BeanUtilsTestCase,testGetIndexedPropertyDate_2_oe,src/test/java/org/apache/commons/beanutils/BeanUtilsTestCase.java,,,,assert,unknown
bean_346_3,commons-beanutils-1.9.4,BeanUtilsTestCase,testGetIndexedProperty2_3_oe,src/test/java/org/apache/commons/beanutils/BeanUtilsTestCase.java,,,,assert,unknown
bean_346_4,commons-beanutils-1.9.4,BeanUtilsTestCase,testGetIndexedProperty2_4_oe,src/test/java/org/apache/commons/beanutils/BeanUtilsTestCase.java,,,,assert,unknown
bean_346_5,commons-beanutils-1.9.4,BeanUtilsTestCase,testGetIndexedProperty2_5_oe,src/test/java/org/apache/commons/beanutils/BeanUtilsTestCase.java,,,,assert,unknown
bean_347_2,commons-beanutils-1.9.4,BeanUtilsTestCase,testGetNestedProperty_2_oe,src/test/java/org/apache/commons/beanutils/BeanUtilsTestCase.java,,,,assert,unknown
bean_347_3,commons-beanutils-1.9.4,BeanUtilsTestCase,testGetNestedProperty_3_oe,src/test/java/org/apache/commons/beanutils/BeanUtilsTestCase.java,,,,assert,unknown
bean_347_4,commons-beanutils-1.9.4,BeanUtilsTestCase,testGetNestedProperty_4_oe,src/test/java/org/apache/commons/beanutils/BeanUtilsTestCase.java,,,,assert,unknown
bean_348_2,commons-beanutils-1.9.4,BeanUtilsTestCase,testGetGeneralProperty_2_oe,src/test/java/org/apache/commons/beanutils/BeanUtilsTestCase.java,,,,assert,unknown
bean_348_3,commons-beanutils-1.9.4,BeanUtilsTestCase,testGetGeneralProperty_3_oe,src/test/java/org/apache/commons/beanutils/BeanUtilsTestCase.java,,,,assert,unknown
bean_348_4,commons-beanutils-1.9.4,BeanUtilsTestCase,testGetGeneralProperty_4_oe,src/test/java/org/apache/commons/beanutils/BeanUtilsTestCase.java,,,,assert,unknown
bean_349_2,commons-beanutils-1.9.4,BeanUtilsTestCase,testGetSimpleProperty_2_oe,src/test/java/org/apache/commons/beanutils/BeanUtilsTestCase.java,,,,assert,unknown
bean_349_3,commons-beanutils-1.9.4,BeanUtilsTestCase,testGetSimpleProperty_3_oe,src/test/java/org/apache/commons/beanutils/BeanUtilsTestCase.java,,,,assert,unknown
bean_349_4,commons-beanutils-1.9.4,BeanUtilsTestCase,testGetSimpleProperty_4_oe,src/test/java/org/apache/commons/beanutils/BeanUtilsTestCase.java,,,,assert,unknown
bean_350_1,commons-beanutils-1.9.4,BeanUtilsTestCase,testGetSimplePropertyDate_1_oe,src/test/java/org/apache/commons/beanutils/BeanUtilsTestCase.java,,,,assert,unknown
bean_350_2,commons-beanutils-1.9.4,BeanUtilsTestCase,testGetSimplePropertyDate_2_oe,src/test/java/org/apache/commons/beanutils/BeanUtilsTestCase.java,,,,assert,unknown
bean_351_11,commons-beanutils-1.9.4,BeanUtilsTestCase,testPopulateArrayElements_11_oe,src/test/java/org/apache/commons/beanutils/BeanUtilsTestCase.java,,,,assert,unknown
bean_351_12,commons-beanutils-1.9.4,BeanUtilsTestCase,testPopulateArrayElements_12_oe,src/test/java/org/apache/commons/beanutils/BeanUtilsTestCase.java,,,,assert,unknown
bean_352_10,commons-beanutils-1.9.4,BeanUtilsTestCase,testPopulateArrayProperties_10_oe,src/test/java/org/apache/commons/beanutils/BeanUtilsTestCase.java,,,,assert,unknown
bean_352_11,commons-beanutils-1.9.4,BeanUtilsTestCase,testPopulateArrayProperties_11_oe,src/test/java/org/apache/commons/beanutils/BeanUtilsTestCase.java,,,,assert,unknown
bean_353_5,commons-beanutils-1.9.4,BeanUtilsTestCase,testPopulateMapped_5_oe,src/test/java/org/apache/commons/beanutils/BeanUtilsTestCase.java,,,,assert,unknown
bean_353_6,commons-beanutils-1.9.4,BeanUtilsTestCase,testPopulateMapped_6_oe,src/test/java/org/apache/commons/beanutils/BeanUtilsTestCase.java,,,,assert,unknown
bean_354_10,commons-beanutils-1.9.4,BeanUtilsTestCase,testPopulateNested_10_oe,src/test/java/org/apache/commons/beanutils/BeanUtilsTestCase.java,,,,assert,unknown
bean_354_11,commons-beanutils-1.9.4,BeanUtilsTestCase,testPopulateNested_11_oe,src/test/java/org/apache/commons/beanutils/BeanUtilsTestCase.java,,,,assert,unknown
bean_355_13,commons-beanutils-1.9.4,BeanUtilsTestCase,testPopulateScalar_13_oe,src/test/java/org/apache/commons/beanutils/BeanUtilsTestCase.java,,,,assert,unknown
bean_355_14,commons-beanutils-1.9.4,BeanUtilsTestCase,testPopulateScalar_14_oe,src/test/java/org/apache/commons/beanutils/BeanUtilsTestCase.java,,,,assert,unknown
bean_356_1,commons-beanutils-1.9.4,BeanUtilsTestCase,testSetPropertyNullValues_1_oe,src/test/java/org/apache/commons/beanutils/BeanUtilsTestCase.java,,,,assert,unknown
bean_356_2,commons-beanutils-1.9.4,BeanUtilsTestCase,testSetPropertyNullValues_2_oe,src/test/java/org/apache/commons/beanutils/BeanUtilsTestCase.java,,,,assert,unknown
bean_356_3,commons-beanutils-1.9.4,BeanUtilsTestCase,testSetPropertyNullValues_3_oe,src/test/java/org/apache/commons/beanutils/BeanUtilsTestCase.java,,,,assert,unknown
bean_356_4,commons-beanutils-1.9.4,BeanUtilsTestCase,testSetPropertyNullValues_4_oe,src/test/java/org/apache/commons/beanutils/BeanUtilsTestCase.java,,,,assert,unknown
bean_356_5,commons-beanutils-1.9.4,BeanUtilsTestCase,testSetPropertyNullValues_5_oe,src/test/java/org/apache/commons/beanutils/BeanUtilsTestCase.java,,,,assert,unknown
bean_356_6,commons-beanutils-1.9.4,BeanUtilsTestCase,testSetPropertyNullValues_6_oe,src/test/java/org/apache/commons/beanutils/BeanUtilsTestCase.java,,,,assert,unknown
bean_356_7,commons-beanutils-1.9.4,BeanUtilsTestCase,testSetPropertyNullValues_7_oe,src/test/java/org/apache/commons/beanutils/BeanUtilsTestCase.java,,,,assert,unknown
bean_356_8,commons-beanutils-1.9.4,BeanUtilsTestCase,testSetPropertyNullValues_8_oe,src/test/java/org/apache/commons/beanutils/BeanUtilsTestCase.java,,,,assert,unknown
bean_357_1,commons-beanutils-1.9.4,BeanUtilsTestCase,testSetPropertyOnPrimitiveWrappers_1_oe,src/test/java/org/apache/commons/beanutils/BeanUtilsTestCase.java,,,,assert,unknown
bean_357_2,commons-beanutils-1.9.4,BeanUtilsTestCase,testSetPropertyOnPrimitiveWrappers_2_oe,src/test/java/org/apache/commons/beanutils/BeanUtilsTestCase.java,,,,assert,unknown
bean_358_1,commons-beanutils-1.9.4,BeanUtilsTestCase,testSetPropertyByte_1_oe,src/test/java/org/apache/commons/beanutils/BeanUtilsTestCase.java,,,,assert,unknown
bean_358_2,commons-beanutils-1.9.4,BeanUtilsTestCase,testSetPropertyByte_2_oe,src/test/java/org/apache/commons/beanutils/BeanUtilsTestCase.java,,,,assert,unknown
bean_358_3,commons-beanutils-1.9.4,BeanUtilsTestCase,testSetPropertyByte_3_oe,src/test/java/org/apache/commons/beanutils/BeanUtilsTestCase.java,,,,assert,unknown
bean_358_4,commons-beanutils-1.9.4,BeanUtilsTestCase,testSetPropertyByte_4_oe,src/test/java/org/apache/commons/beanutils/BeanUtilsTestCase.java,,,,assert,unknown
bean_359_1,commons-beanutils-1.9.4,BeanUtilsTestCase,testSetPropertyConvert_1_oe,src/test/java/org/apache/commons/beanutils/BeanUtilsTestCase.java,,,,assert,unknown
bean_359_2,commons-beanutils-1.9.4,BeanUtilsTestCase,testSetPropertyConvert_2_oe,src/test/java/org/apache/commons/beanutils/BeanUtilsTestCase.java,,,,assert,unknown
bean_360_1,commons-beanutils-1.9.4,BeanUtilsTestCase,testSetPropertyConvertFromString_1_oe,src/test/java/org/apache/commons/beanutils/BeanUtilsTestCase.java,,,,assert,unknown
bean_360_2,commons-beanutils-1.9.4,BeanUtilsTestCase,testSetPropertyConvertFromString_2_oe,src/test/java/org/apache/commons/beanutils/BeanUtilsTestCase.java,,,,assert,unknown
bean_361_1,commons-beanutils-1.9.4,BeanUtilsTestCase,testSetPropertyConvertToString_1_oe,src/test/java/org/apache/commons/beanutils/BeanUtilsTestCase.java,,,,assert,unknown
bean_361_2,commons-beanutils-1.9.4,BeanUtilsTestCase,testSetPropertyConvertToString_2_oe,src/test/java/org/apache/commons/beanutils/BeanUtilsTestCase.java,,,,assert,unknown
bean_362_1,commons-beanutils-1.9.4,BeanUtilsTestCase,testSetPropertyConvertToStringArray_1_oe,src/test/java/org/apache/commons/beanutils/BeanUtilsTestCase.java,,,,assert,unknown
bean_362_2,commons-beanutils-1.9.4,BeanUtilsTestCase,testSetPropertyConvertToStringArray_2_oe,src/test/java/org/apache/commons/beanutils/BeanUtilsTestCase.java,,,,assert,unknown
bean_362_3,commons-beanutils-1.9.4,BeanUtilsTestCase,testSetPropertyConvertToStringArray_3_oe,src/test/java/org/apache/commons/beanutils/BeanUtilsTestCase.java,,,,assert,unknown
bean_363_1,commons-beanutils-1.9.4,BeanUtilsTestCase,testSetPropertyConvertToStringIndexed_1_oe,src/test/java/org/apache/commons/beanutils/BeanUtilsTestCase.java,,,,assert,unknown
bean_363_2,commons-beanutils-1.9.4,BeanUtilsTestCase,testSetPropertyConvertToStringIndexed_2_oe,src/test/java/org/apache/commons/beanutils/BeanUtilsTestCase.java,,,,assert,unknown
bean_364_1,commons-beanutils-1.9.4,BeanUtilsTestCase,testSetPropertyDouble_1_oe,src/test/java/org/apache/commons/beanutils/BeanUtilsTestCase.java,,,,assert,unknown
bean_364_2,commons-beanutils-1.9.4,BeanUtilsTestCase,testSetPropertyDouble_2_oe,src/test/java/org/apache/commons/beanutils/BeanUtilsTestCase.java,,,,assert,unknown
bean_364_3,commons-beanutils-1.9.4,BeanUtilsTestCase,testSetPropertyDouble_3_oe,src/test/java/org/apache/commons/beanutils/BeanUtilsTestCase.java,,,,assert,unknown
bean_364_4,commons-beanutils-1.9.4,BeanUtilsTestCase,testSetPropertyDouble_4_oe,src/test/java/org/apache/commons/beanutils/BeanUtilsTestCase.java,,,,assert,unknown
bean_364_5,commons-beanutils-1.9.4,BeanUtilsTestCase,testSetPropertyDouble_5_oe,src/test/java/org/apache/commons/beanutils/BeanUtilsTestCase.java,,,,assert,unknown
bean_364_6,commons-beanutils-1.9.4,BeanUtilsTestCase,testSetPropertyDouble_6_oe,src/test/java/org/apache/commons/beanutils/BeanUtilsTestCase.java,,,,assert,unknown
bean_365_1,commons-beanutils-1.9.4,BeanUtilsTestCase,testSetPropertyFloat_1_oe,src/test/java/org/apache/commons/beanutils/BeanUtilsTestCase.java,,,,assert,unknown
bean_365_2,commons-beanutils-1.9.4,BeanUtilsTestCase,testSetPropertyFloat_2_oe,src/test/java/org/apache/commons/beanutils/BeanUtilsTestCase.java,,,,assert,unknown
bean_365_3,commons-beanutils-1.9.4,BeanUtilsTestCase,testSetPropertyFloat_3_oe,src/test/java/org/apache/commons/beanutils/BeanUtilsTestCase.java,,,,assert,unknown
bean_365_4,commons-beanutils-1.9.4,BeanUtilsTestCase,testSetPropertyFloat_4_oe,src/test/java/org/apache/commons/beanutils/BeanUtilsTestCase.java,,,,assert,unknown
bean_365_5,commons-beanutils-1.9.4,BeanUtilsTestCase,testSetPropertyFloat_5_oe,src/test/java/org/apache/commons/beanutils/BeanUtilsTestCase.java,,,,assert,unknown
bean_365_6,commons-beanutils-1.9.4,BeanUtilsTestCase,testSetPropertyFloat_6_oe,src/test/java/org/apache/commons/beanutils/BeanUtilsTestCase.java,,,,assert,unknown
bean_366_1,commons-beanutils-1.9.4,BeanUtilsTestCase,testSetPropertyInteger_1_oe,src/test/java/org/apache/commons/beanutils/BeanUtilsTestCase.java,,,,assert,unknown
bean_366_2,commons-beanutils-1.9.4,BeanUtilsTestCase,testSetPropertyInteger_2_oe,src/test/java/org/apache/commons/beanutils/BeanUtilsTestCase.java,,,,assert,unknown
bean_366_3,commons-beanutils-1.9.4,BeanUtilsTestCase,testSetPropertyInteger_3_oe,src/test/java/org/apache/commons/beanutils/BeanUtilsTestCase.java,,,,assert,unknown
bean_366_4,commons-beanutils-1.9.4,BeanUtilsTestCase,testSetPropertyInteger_4_oe,src/test/java/org/apache/commons/beanutils/BeanUtilsTestCase.java,,,,assert,unknown
bean_367_1,commons-beanutils-1.9.4,BeanUtilsTestCase,testSetPropertyLong_1_oe,src/test/java/org/apache/commons/beanutils/BeanUtilsTestCase.java,,,,assert,unknown
bean_367_2,commons-beanutils-1.9.4,BeanUtilsTestCase,testSetPropertyLong_2_oe,src/test/java/org/apache/commons/beanutils/BeanUtilsTestCase.java,,,,assert,unknown
bean_367_3,commons-beanutils-1.9.4,BeanUtilsTestCase,testSetPropertyLong_3_oe,src/test/java/org/apache/commons/beanutils/BeanUtilsTestCase.java,,,,assert,unknown
bean_367_4,commons-beanutils-1.9.4,BeanUtilsTestCase,testSetPropertyLong_4_oe,src/test/java/org/apache/commons/beanutils/BeanUtilsTestCase.java,,,,assert,unknown
bean_368_1,commons-beanutils-1.9.4,BeanUtilsTestCase,testSetPropertyNull_1_oe,src/test/java/org/apache/commons/beanutils/BeanUtilsTestCase.java,,,,assert,unknown
bean_369_1,commons-beanutils-1.9.4,BeanUtilsTestCase,testSetPropertyShort_1_oe,src/test/java/org/apache/commons/beanutils/BeanUtilsTestCase.java,,,,assert,unknown
bean_369_2,commons-beanutils-1.9.4,BeanUtilsTestCase,testSetPropertyShort_2_oe,src/test/java/org/apache/commons/beanutils/BeanUtilsTestCase.java,,,,assert,unknown
bean_369_3,commons-beanutils-1.9.4,BeanUtilsTestCase,testSetPropertyShort_3_oe,src/test/java/org/apache/commons/beanutils/BeanUtilsTestCase.java,,,,assert,unknown
bean_369_4,commons-beanutils-1.9.4,BeanUtilsTestCase,testSetPropertyShort_4_oe,src/test/java/org/apache/commons/beanutils/BeanUtilsTestCase.java,,,,assert,unknown
bean_370_1,commons-beanutils-1.9.4,BeanUtilsTestCase,testSetPropertyStringToArray_1_oe,src/test/java/org/apache/commons/beanutils/BeanUtilsTestCase.java,,,,assert,unknown
bean_370_2,commons-beanutils-1.9.4,BeanUtilsTestCase,testSetPropertyStringToArray_2_oe,src/test/java/org/apache/commons/beanutils/BeanUtilsTestCase.java,,,,assert,unknown
bean_370_3,commons-beanutils-1.9.4,BeanUtilsTestCase,testSetPropertyStringToArray_3_oe,src/test/java/org/apache/commons/beanutils/BeanUtilsTestCase.java,,,,assert,unknown
bean_370_4,commons-beanutils-1.9.4,BeanUtilsTestCase,testSetPropertyStringToArray_4_oe,src/test/java/org/apache/commons/beanutils/BeanUtilsTestCase.java,,,,assert,unknown
bean_370_5,commons-beanutils-1.9.4,BeanUtilsTestCase,testSetPropertyStringToArray_5_oe,src/test/java/org/apache/commons/beanutils/BeanUtilsTestCase.java,,,,assert,unknown
bean_370_6,commons-beanutils-1.9.4,BeanUtilsTestCase,testSetPropertyStringToArray_6_oe,src/test/java/org/apache/commons/beanutils/BeanUtilsTestCase.java,,,,assert,unknown
bean_370_7,commons-beanutils-1.9.4,BeanUtilsTestCase,testSetPropertyStringToArray_7_oe,src/test/java/org/apache/commons/beanutils/BeanUtilsTestCase.java,,,,assert,unknown
bean_370_8,commons-beanutils-1.9.4,BeanUtilsTestCase,testSetPropertyStringToArray_8_oe,src/test/java/org/apache/commons/beanutils/BeanUtilsTestCase.java,,,,assert,unknown
bean_370_9,commons-beanutils-1.9.4,BeanUtilsTestCase,testSetPropertyStringToArray_9_oe,src/test/java/org/apache/commons/beanutils/BeanUtilsTestCase.java,,,,assert,unknown
bean_370_10,commons-beanutils-1.9.4,BeanUtilsTestCase,testSetPropertyStringToArray_10_oe,src/test/java/org/apache/commons/beanutils/BeanUtilsTestCase.java,,,,assert,unknown
bean_371_1,commons-beanutils-1.9.4,BeanUtilsTestCase,testCopyPropertyByte_1_oe,src/test/java/org/apache/commons/beanutils/BeanUtilsTestCase.java,,,,assert,unknown
bean_371_2,commons-beanutils-1.9.4,BeanUtilsTestCase,testCopyPropertyByte_2_oe,src/test/java/org/apache/commons/beanutils/BeanUtilsTestCase.java,,,,assert,unknown
bean_371_3,commons-beanutils-1.9.4,BeanUtilsTestCase,testCopyPropertyByte_3_oe,src/test/java/org/apache/commons/beanutils/BeanUtilsTestCase.java,,,,assert,unknown
bean_371_4,commons-beanutils-1.9.4,BeanUtilsTestCase,testCopyPropertyByte_4_oe,src/test/java/org/apache/commons/beanutils/BeanUtilsTestCase.java,,,,assert,unknown
bean_371_5,commons-beanutils-1.9.4,BeanUtilsTestCase,testCopyPropertyByte_5_oe,src/test/java/org/apache/commons/beanutils/BeanUtilsTestCase.java,,,,assert,unknown
bean_371_6,commons-beanutils-1.9.4,BeanUtilsTestCase,testCopyPropertyByte_6_oe,src/test/java/org/apache/commons/beanutils/BeanUtilsTestCase.java,,,,assert,unknown
bean_372_1,commons-beanutils-1.9.4,BeanUtilsTestCase,testCopyPropertyConvert_1_oe,src/test/java/org/apache/commons/beanutils/BeanUtilsTestCase.java,,,,assert,unknown
bean_372_2,commons-beanutils-1.9.4,BeanUtilsTestCase,testCopyPropertyConvert_2_oe,src/test/java/org/apache/commons/beanutils/BeanUtilsTestCase.java,,,,assert,unknown
bean_373_1,commons-beanutils-1.9.4,BeanUtilsTestCase,testCopyPropertyConvertFromString_1_oe,src/test/java/org/apache/commons/beanutils/BeanUtilsTestCase.java,,,,assert,unknown
bean_373_2,commons-beanutils-1.9.4,BeanUtilsTestCase,testCopyPropertyConvertFromString_2_oe,src/test/java/org/apache/commons/beanutils/BeanUtilsTestCase.java,,,,assert,unknown
bean_374_1,commons-beanutils-1.9.4,BeanUtilsTestCase,testCopyPropertyConvertToString_1_oe,src/test/java/org/apache/commons/beanutils/BeanUtilsTestCase.java,,,,assert,unknown
bean_374_2,commons-beanutils-1.9.4,BeanUtilsTestCase,testCopyPropertyConvertToString_2_oe,src/test/java/org/apache/commons/beanutils/BeanUtilsTestCase.java,,,,assert,unknown
bean_375_1,commons-beanutils-1.9.4,BeanUtilsTestCase,testCopyPropertyConvertToStringArray_1_oe,src/test/java/org/apache/commons/beanutils/BeanUtilsTestCase.java,,,,assert,unknown
bean_375_2,commons-beanutils-1.9.4,BeanUtilsTestCase,testCopyPropertyConvertToStringArray_2_oe,src/test/java/org/apache/commons/beanutils/BeanUtilsTestCase.java,,,,assert,unknown
bean_375_3,commons-beanutils-1.9.4,BeanUtilsTestCase,testCopyPropertyConvertToStringArray_3_oe,src/test/java/org/apache/commons/beanutils/BeanUtilsTestCase.java,,,,assert,unknown
bean_376_1,commons-beanutils-1.9.4,BeanUtilsTestCase,testCopyPropertyConvertToStringIndexed_1_oe,src/test/java/org/apache/commons/beanutils/BeanUtilsTestCase.java,,,,assert,unknown
bean_376_2,commons-beanutils-1.9.4,BeanUtilsTestCase,testCopyPropertyConvertToStringIndexed_2_oe,src/test/java/org/apache/commons/beanutils/BeanUtilsTestCase.java,,,,assert,unknown
bean_377_1,commons-beanutils-1.9.4,BeanUtilsTestCase,testCopyPropertyDouble_1_oe,src/test/java/org/apache/commons/beanutils/BeanUtilsTestCase.java,,,,assert,unknown
bean_377_2,commons-beanutils-1.9.4,BeanUtilsTestCase,testCopyPropertyDouble_2_oe,src/test/java/org/apache/commons/beanutils/BeanUtilsTestCase.java,,,,assert,unknown
bean_377_3,commons-beanutils-1.9.4,BeanUtilsTestCase,testCopyPropertyDouble_3_oe,src/test/java/org/apache/commons/beanutils/BeanUtilsTestCase.java,,,,assert,unknown
bean_377_4,commons-beanutils-1.9.4,BeanUtilsTestCase,testCopyPropertyDouble_4_oe,src/test/java/org/apache/commons/beanutils/BeanUtilsTestCase.java,,,,assert,unknown
bean_377_5,commons-beanutils-1.9.4,BeanUtilsTestCase,testCopyPropertyDouble_5_oe,src/test/java/org/apache/commons/beanutils/BeanUtilsTestCase.java,,,,assert,unknown
bean_377_6,commons-beanutils-1.9.4,BeanUtilsTestCase,testCopyPropertyDouble_6_oe,src/test/java/org/apache/commons/beanutils/BeanUtilsTestCase.java,,,,assert,unknown
bean_378_1,commons-beanutils-1.9.4,BeanUtilsTestCase,testCopyPropertyFloat_1_oe,src/test/java/org/apache/commons/beanutils/BeanUtilsTestCase.java,,,,assert,unknown
bean_378_2,commons-beanutils-1.9.4,BeanUtilsTestCase,testCopyPropertyFloat_2_oe,src/test/java/org/apache/commons/beanutils/BeanUtilsTestCase.java,,,,assert,unknown
bean_378_3,commons-beanutils-1.9.4,BeanUtilsTestCase,testCopyPropertyFloat_3_oe,src/test/java/org/apache/commons/beanutils/BeanUtilsTestCase.java,,,,assert,unknown
bean_378_4,commons-beanutils-1.9.4,BeanUtilsTestCase,testCopyPropertyFloat_4_oe,src/test/java/org/apache/commons/beanutils/BeanUtilsTestCase.java,,,,assert,unknown
bean_378_5,commons-beanutils-1.9.4,BeanUtilsTestCase,testCopyPropertyFloat_5_oe,src/test/java/org/apache/commons/beanutils/BeanUtilsTestCase.java,,,,assert,unknown
bean_378_6,commons-beanutils-1.9.4,BeanUtilsTestCase,testCopyPropertyFloat_6_oe,src/test/java/org/apache/commons/beanutils/BeanUtilsTestCase.java,,,,assert,unknown
bean_379_1,commons-beanutils-1.9.4,BeanUtilsTestCase,testCopyPropertyInteger_1_oe,src/test/java/org/apache/commons/beanutils/BeanUtilsTestCase.java,,,,assert,unknown
bean_379_2,commons-beanutils-1.9.4,BeanUtilsTestCase,testCopyPropertyInteger_2_oe,src/test/java/org/apache/commons/beanutils/BeanUtilsTestCase.java,,,,assert,unknown
bean_379_3,commons-beanutils-1.9.4,BeanUtilsTestCase,testCopyPropertyInteger_3_oe,src/test/java/org/apache/commons/beanutils/BeanUtilsTestCase.java,,,,assert,unknown
bean_379_4,commons-beanutils-1.9.4,BeanUtilsTestCase,testCopyPropertyInteger_4_oe,src/test/java/org/apache/commons/beanutils/BeanUtilsTestCase.java,,,,assert,unknown
bean_379_5,commons-beanutils-1.9.4,BeanUtilsTestCase,testCopyPropertyInteger_5_oe,src/test/java/org/apache/commons/beanutils/BeanUtilsTestCase.java,,,,assert,unknown
bean_379_6,commons-beanutils-1.9.4,BeanUtilsTestCase,testCopyPropertyInteger_6_oe,src/test/java/org/apache/commons/beanutils/BeanUtilsTestCase.java,,,,assert,unknown
bean_380_1,commons-beanutils-1.9.4,BeanUtilsTestCase,testCopyPropertyLong_1_oe,src/test/java/org/apache/commons/beanutils/BeanUtilsTestCase.java,,,,assert,unknown
bean_380_2,commons-beanutils-1.9.4,BeanUtilsTestCase,testCopyPropertyLong_2_oe,src/test/java/org/apache/commons/beanutils/BeanUtilsTestCase.java,,,,assert,unknown
bean_380_3,commons-beanutils-1.9.4,BeanUtilsTestCase,testCopyPropertyLong_3_oe,src/test/java/org/apache/commons/beanutils/BeanUtilsTestCase.java,,,,assert,unknown
bean_380_4,commons-beanutils-1.9.4,BeanUtilsTestCase,testCopyPropertyLong_4_oe,src/test/java/org/apache/commons/beanutils/BeanUtilsTestCase.java,,,,assert,unknown
bean_380_5,commons-beanutils-1.9.4,BeanUtilsTestCase,testCopyPropertyLong_5_oe,src/test/java/org/apache/commons/beanutils/BeanUtilsTestCase.java,,,,assert,unknown
bean_380_6,commons-beanutils-1.9.4,BeanUtilsTestCase,testCopyPropertyLong_6_oe,src/test/java/org/apache/commons/beanutils/BeanUtilsTestCase.java,,,,assert,unknown
bean_381_1,commons-beanutils-1.9.4,BeanUtilsTestCase,testCopyPropertyShort_1_oe,src/test/java/org/apache/commons/beanutils/BeanUtilsTestCase.java,,,,assert,unknown
bean_381_2,commons-beanutils-1.9.4,BeanUtilsTestCase,testCopyPropertyShort_2_oe,src/test/java/org/apache/commons/beanutils/BeanUtilsTestCase.java,,,,assert,unknown
bean_381_3,commons-beanutils-1.9.4,BeanUtilsTestCase,testCopyPropertyShort_3_oe,src/test/java/org/apache/commons/beanutils/BeanUtilsTestCase.java,,,,assert,unknown
bean_381_4,commons-beanutils-1.9.4,BeanUtilsTestCase,testCopyPropertyShort_4_oe,src/test/java/org/apache/commons/beanutils/BeanUtilsTestCase.java,,,,assert,unknown
bean_381_5,commons-beanutils-1.9.4,BeanUtilsTestCase,testCopyPropertyShort_5_oe,src/test/java/org/apache/commons/beanutils/BeanUtilsTestCase.java,,,,assert,unknown
bean_381_6,commons-beanutils-1.9.4,BeanUtilsTestCase,testCopyPropertyShort_6_oe,src/test/java/org/apache/commons/beanutils/BeanUtilsTestCase.java,,,,assert,unknown
bean_382_1,commons-beanutils-1.9.4,BeanUtilsTestCase,testCopyPropertyNestedSimple_1_oe,src/test/java/org/apache/commons/beanutils/BeanUtilsTestCase.java,,,,assert,unknown
bean_382_2,commons-beanutils-1.9.4,BeanUtilsTestCase,testCopyPropertyNestedSimple_2_oe,src/test/java/org/apache/commons/beanutils/BeanUtilsTestCase.java,,,,assert,unknown
bean_382_3,commons-beanutils-1.9.4,BeanUtilsTestCase,testCopyPropertyNestedSimple_3_oe,src/test/java/org/apache/commons/beanutils/BeanUtilsTestCase.java,,,,assert,unknown
bean_382_4,commons-beanutils-1.9.4,BeanUtilsTestCase,testCopyPropertyNestedSimple_4_oe,src/test/java/org/apache/commons/beanutils/BeanUtilsTestCase.java,,,,assert,unknown
bean_382_5,commons-beanutils-1.9.4,BeanUtilsTestCase,testCopyPropertyNestedSimple_5_oe,src/test/java/org/apache/commons/beanutils/BeanUtilsTestCase.java,,,,assert,unknown
bean_382_6,commons-beanutils-1.9.4,BeanUtilsTestCase,testCopyPropertyNestedSimple_6_oe,src/test/java/org/apache/commons/beanutils/BeanUtilsTestCase.java,,,,assert,unknown
bean_382_7,commons-beanutils-1.9.4,BeanUtilsTestCase,testCopyPropertyNestedSimple_7_oe,src/test/java/org/apache/commons/beanutils/BeanUtilsTestCase.java,,,,assert,unknown
bean_382_8,commons-beanutils-1.9.4,BeanUtilsTestCase,testCopyPropertyNestedSimple_8_oe,src/test/java/org/apache/commons/beanutils/BeanUtilsTestCase.java,,,,assert,unknown
bean_382_9,commons-beanutils-1.9.4,BeanUtilsTestCase,testCopyPropertyNestedSimple_9_oe,src/test/java/org/apache/commons/beanutils/BeanUtilsTestCase.java,,,,assert,unknown
bean_382_10,commons-beanutils-1.9.4,BeanUtilsTestCase,testCopyPropertyNestedSimple_10_oe,src/test/java/org/apache/commons/beanutils/BeanUtilsTestCase.java,,,,assert,unknown
bean_382_11,commons-beanutils-1.9.4,BeanUtilsTestCase,testCopyPropertyNestedSimple_11_oe,src/test/java/org/apache/commons/beanutils/BeanUtilsTestCase.java,,,,assert,unknown
bean_382_12,commons-beanutils-1.9.4,BeanUtilsTestCase,testCopyPropertyNestedSimple_12_oe,src/test/java/org/apache/commons/beanutils/BeanUtilsTestCase.java,,,,assert,unknown
bean_383_1,commons-beanutils-1.9.4,BeanUtilsTestCase,testCopyPropertyNull_1_oe,src/test/java/org/apache/commons/beanutils/BeanUtilsTestCase.java,,,,assert,unknown
bean_384_1,commons-beanutils-1.9.4,BeanUtilsTestCase,testCopyPropertyWriteOnly_1_oe,src/test/java/org/apache/commons/beanutils/BeanUtilsTestCase.java,,,,assert,unknown
bean_384_2,commons-beanutils-1.9.4,BeanUtilsTestCase,testCopyPropertyWriteOnly_2_oe,src/test/java/org/apache/commons/beanutils/BeanUtilsTestCase.java,,,,assert,unknown
bean_385_1,commons-beanutils-1.9.4,BeanUtilsTestCase,testSetPropertyWriteOnly_1_oe,src/test/java/org/apache/commons/beanutils/BeanUtilsTestCase.java,,,,assert,unknown
bean_385_2,commons-beanutils-1.9.4,BeanUtilsTestCase,testSetPropertyWriteOnly_2_oe,src/test/java/org/apache/commons/beanutils/BeanUtilsTestCase.java,,,,assert,unknown
bean_386_1,commons-beanutils-1.9.4,BeanUtilsTestCase,testSetMappedMap_1_oe,src/test/java/org/apache/commons/beanutils/BeanUtilsTestCase.java,,,,assert,unknown
bean_386_2,commons-beanutils-1.9.4,BeanUtilsTestCase,testSetMappedMap_2_oe,src/test/java/org/apache/commons/beanutils/BeanUtilsTestCase.java,,,,assert,unknown
bean_386_3,commons-beanutils-1.9.4,BeanUtilsTestCase,testSetMappedMap_3_oe,src/test/java/org/apache/commons/beanutils/BeanUtilsTestCase.java,,,,assert,unknown
bean_387_1,commons-beanutils-1.9.4,BeanUtilsTestCase,testSeparateInstances_1_oe,src/test/java/org/apache/commons/beanutils/BeanUtilsTestCase.java,,,,assert,unknown
bean_387_2,commons-beanutils-1.9.4,BeanUtilsTestCase,testSeparateInstances_2_oe,src/test/java/org/apache/commons/beanutils/BeanUtilsTestCase.java,,,,assert,unknown
bean_387_5,commons-beanutils-1.9.4,BeanUtilsTestCase,testSeparateInstances_5_oe,src/test/java/org/apache/commons/beanutils/BeanUtilsTestCase.java,,,,assert,unknown
bean_388_1,commons-beanutils-1.9.4,BeanUtilsTestCase,testArrayPropertyConversion_1_oe,src/test/java/org/apache/commons/beanutils/BeanUtilsTestCase.java,,,,assert,unknown
bean_388_2,commons-beanutils-1.9.4,BeanUtilsTestCase,testArrayPropertyConversion_2_oe,src/test/java/org/apache/commons/beanutils/BeanUtilsTestCase.java,,,,assert,unknown
bean_389_1,commons-beanutils-1.9.4,BeanUtilsTestCase,testMappedProperty_1_oe,src/test/java/org/apache/commons/beanutils/BeanUtilsTestCase.java,,,,assert,unknown
bean_390_1,commons-beanutils-1.9.4,BeanUtilsTestCase,testInitCause_1_oe,src/test/java/org/apache/commons/beanutils/BeanUtilsTestCase.java,,,,assert,unknown
bean_390_5,commons-beanutils-1.9.4,BeanUtilsTestCase,testInitCause_5_oe,src/test/java/org/apache/commons/beanutils/BeanUtilsTestCase.java,,,,assert,unknown
bean_391_1,commons-beanutils-1.9.4,BeanToPropertyValueTransformerTestCase,testTransformWithSimpleStringProperty_1_oe,src/test/java/org/apache/commons/beanutils/BeanToPropertyValueTransformerTestCase.java,,,,assert,unknown
bean_392_1,commons-beanutils-1.9.4,BeanToPropertyValueTransformerTestCase,testTransformWithSimpleStringPropertyAndNullValue_1_oe,src/test/java/org/apache/commons/beanutils/BeanToPropertyValueTransformerTestCase.java,,,,assert,unknown
bean_393_1,commons-beanutils-1.9.4,BeanToPropertyValueTransformerTestCase,testTransformWithSimpleIntProperty_1_oe,src/test/java/org/apache/commons/beanutils/BeanToPropertyValueTransformerTestCase.java,,,,assert,unknown
bean_394_1,commons-beanutils-1.9.4,BeanToPropertyValueTransformerTestCase,testTransformWithSimpleLongProperty_1_oe,src/test/java/org/apache/commons/beanutils/BeanToPropertyValueTransformerTestCase.java,,,,assert,unknown
bean_395_1,commons-beanutils-1.9.4,BeanToPropertyValueTransformerTestCase,testTransformWithSimpleFloatProperty_1_oe,src/test/java/org/apache/commons/beanutils/BeanToPropertyValueTransformerTestCase.java,,,,assert,unknown
bean_396_1,commons-beanutils-1.9.4,BeanToPropertyValueTransformerTestCase,testTransformWithSimpleDoubleProperty_1_oe,src/test/java/org/apache/commons/beanutils/BeanToPropertyValueTransformerTestCase.java,,,,assert,unknown
bean_397_1,commons-beanutils-1.9.4,BeanToPropertyValueTransformerTestCase,testTransformWithSimpleByteProperty_1_oe,src/test/java/org/apache/commons/beanutils/BeanToPropertyValueTransformerTestCase.java,,,,assert,unknown
bean_398_1,commons-beanutils-1.9.4,BeanToPropertyValueTransformerTestCase,testTransformWithSimpleBooleanProperty_1_oe,src/test/java/org/apache/commons/beanutils/BeanToPropertyValueTransformerTestCase.java,,,,assert,unknown
bean_399_1,commons-beanutils-1.9.4,BeanToPropertyValueTransformerTestCase,testTransformWithReadOnlyProperty_1_oe,src/test/java/org/apache/commons/beanutils/BeanToPropertyValueTransformerTestCase.java,,,,assert,unknown
bean_400_1,commons-beanutils-1.9.4,BeanToPropertyValueTransformerTestCase,testTransformWithNestedProperty_1_oe,src/test/java/org/apache/commons/beanutils/BeanToPropertyValueTransformerTestCase.java,,,,assert,unknown
bean_401_1,commons-beanutils-1.9.4,BeanToPropertyValueTransformerTestCase,testTransformWithMappedProperty_1_oe,src/test/java/org/apache/commons/beanutils/BeanToPropertyValueTransformerTestCase.java,,,,assert,unknown
bean_401_2,commons-beanutils-1.9.4,BeanToPropertyValueTransformerTestCase,testTransformWithMappedProperty_2_oe,src/test/java/org/apache/commons/beanutils/BeanToPropertyValueTransformerTestCase.java,,,,assert,unknown
bean_402_1,commons-beanutils-1.9.4,BeanToPropertyValueTransformerTestCase,testTransformWithIndexedProperty_1_oe,src/test/java/org/apache/commons/beanutils/BeanToPropertyValueTransformerTestCase.java,,,,assert,unknown
bean_403_1,commons-beanutils-1.9.4,BeanToPropertyValueTransformerTestCase,testTransformWithNestedIndexedProperty_1_oe,src/test/java/org/apache/commons/beanutils/BeanToPropertyValueTransformerTestCase.java,,,,assert,unknown
bean_405_1,commons-beanutils-1.9.4,BeanToPropertyValueTransformerTestCase,testTransformWithNullInPathAndIgnoreTrue_1_oe,src/test/java/org/apache/commons/beanutils/BeanToPropertyValueTransformerTestCase.java,,,,assert,unknown
bean_406_1,commons-beanutils-1.9.4,LazyDynaMapTestCase,testGeneral_1_oe,src/test/java/org/apache/commons/beanutils/LazyDynaMapTestCase.java,,,,assert,unknown
bean_407_1,commons-beanutils-1.9.4,LazyDynaMapTestCase,testSimpleProperty_1_oe,src/test/java/org/apache/commons/beanutils/LazyDynaMapTestCase.java,,,,assert,unknown
bean_407_2,commons-beanutils-1.9.4,LazyDynaMapTestCase,testSimpleProperty_2_oe,src/test/java/org/apache/commons/beanutils/LazyDynaMapTestCase.java,,,,assert,unknown
bean_407_3,commons-beanutils-1.9.4,LazyDynaMapTestCase,testSimpleProperty_3_oe,src/test/java/org/apache/commons/beanutils/LazyDynaMapTestCase.java,,,,assert,unknown
bean_407_4,commons-beanutils-1.9.4,LazyDynaMapTestCase,testSimpleProperty_4_oe,src/test/java/org/apache/commons/beanutils/LazyDynaMapTestCase.java,,,,assert,unknown
bean_407_5,commons-beanutils-1.9.4,LazyDynaMapTestCase,testSimpleProperty_5_oe,src/test/java/org/apache/commons/beanutils/LazyDynaMapTestCase.java,,,,assert,unknown
bean_407_6,commons-beanutils-1.9.4,LazyDynaMapTestCase,testSimpleProperty_6_oe,src/test/java/org/apache/commons/beanutils/LazyDynaMapTestCase.java,,,,assert,unknown
bean_408_1,commons-beanutils-1.9.4,LazyDynaMapTestCase,testSimplePropertyRestricted_1_oe,src/test/java/org/apache/commons/beanutils/LazyDynaMapTestCase.java,,,,assert,unknown
bean_408_2,commons-beanutils-1.9.4,LazyDynaMapTestCase,testSimplePropertyRestricted_2_oe,src/test/java/org/apache/commons/beanutils/LazyDynaMapTestCase.java,,,,assert,unknown
bean_408_3,commons-beanutils-1.9.4,LazyDynaMapTestCase,testSimplePropertyRestricted_3_oe,src/test/java/org/apache/commons/beanutils/LazyDynaMapTestCase.java,,,,assert,unknown
bean_409_1,commons-beanutils-1.9.4,LazyDynaMapTestCase,testMappedPropertyDefault_1_oe,src/test/java/org/apache/commons/beanutils/LazyDynaMapTestCase.java,,,,assert,unknown
bean_409_2,commons-beanutils-1.9.4,LazyDynaMapTestCase,testMappedPropertyDefault_2_oe,src/test/java/org/apache/commons/beanutils/LazyDynaMapTestCase.java,,,,assert,unknown
bean_409_3,commons-beanutils-1.9.4,LazyDynaMapTestCase,testMappedPropertyDefault_3_oe,src/test/java/org/apache/commons/beanutils/LazyDynaMapTestCase.java,,,,assert,unknown
bean_409_4,commons-beanutils-1.9.4,LazyDynaMapTestCase,testMappedPropertyDefault_4_oe,src/test/java/org/apache/commons/beanutils/LazyDynaMapTestCase.java,,,,assert,unknown
bean_409_5,commons-beanutils-1.9.4,LazyDynaMapTestCase,testMappedPropertyDefault_5_oe,src/test/java/org/apache/commons/beanutils/LazyDynaMapTestCase.java,,,,assert,unknown
bean_409_6,commons-beanutils-1.9.4,LazyDynaMapTestCase,testMappedPropertyDefault_6_oe,src/test/java/org/apache/commons/beanutils/LazyDynaMapTestCase.java,,,,assert,unknown
bean_409_7,commons-beanutils-1.9.4,LazyDynaMapTestCase,testMappedPropertyDefault_7_oe,src/test/java/org/apache/commons/beanutils/LazyDynaMapTestCase.java,,,,assert,unknown
bean_409_8,commons-beanutils-1.9.4,LazyDynaMapTestCase,testMappedPropertyDefault_8_oe,src/test/java/org/apache/commons/beanutils/LazyDynaMapTestCase.java,,,,assert,unknown
bean_410_1,commons-beanutils-1.9.4,LazyDynaMapTestCase,testMappedPropertyTreeMap_1_oe,src/test/java/org/apache/commons/beanutils/LazyDynaMapTestCase.java,,,,assert,unknown
bean_410_2,commons-beanutils-1.9.4,LazyDynaMapTestCase,testMappedPropertyTreeMap_2_oe,src/test/java/org/apache/commons/beanutils/LazyDynaMapTestCase.java,,,,assert,unknown
bean_410_3,commons-beanutils-1.9.4,LazyDynaMapTestCase,testMappedPropertyTreeMap_3_oe,src/test/java/org/apache/commons/beanutils/LazyDynaMapTestCase.java,,,,assert,unknown
bean_410_4,commons-beanutils-1.9.4,LazyDynaMapTestCase,testMappedPropertyTreeMap_4_oe,src/test/java/org/apache/commons/beanutils/LazyDynaMapTestCase.java,,,,assert,unknown
bean_410_5,commons-beanutils-1.9.4,LazyDynaMapTestCase,testMappedPropertyTreeMap_5_oe,src/test/java/org/apache/commons/beanutils/LazyDynaMapTestCase.java,,,,assert,unknown
bean_410_6,commons-beanutils-1.9.4,LazyDynaMapTestCase,testMappedPropertyTreeMap_6_oe,src/test/java/org/apache/commons/beanutils/LazyDynaMapTestCase.java,,,,assert,unknown
bean_410_7,commons-beanutils-1.9.4,LazyDynaMapTestCase,testMappedPropertyTreeMap_7_oe,src/test/java/org/apache/commons/beanutils/LazyDynaMapTestCase.java,,,,assert,unknown
bean_410_8,commons-beanutils-1.9.4,LazyDynaMapTestCase,testMappedPropertyTreeMap_8_oe,src/test/java/org/apache/commons/beanutils/LazyDynaMapTestCase.java,,,,assert,unknown
bean_410_9,commons-beanutils-1.9.4,LazyDynaMapTestCase,testMappedPropertyTreeMap_9_oe,src/test/java/org/apache/commons/beanutils/LazyDynaMapTestCase.java,,,,assert,unknown
bean_410_10,commons-beanutils-1.9.4,LazyDynaMapTestCase,testMappedPropertyTreeMap_10_oe,src/test/java/org/apache/commons/beanutils/LazyDynaMapTestCase.java,,,,assert,unknown
bean_411_1,commons-beanutils-1.9.4,LazyDynaMapTestCase,testMappedPropertyUtils_1_oe,src/test/java/org/apache/commons/beanutils/LazyDynaMapTestCase.java,,,,assert,unknown
bean_411_2,commons-beanutils-1.9.4,LazyDynaMapTestCase,testMappedPropertyUtils_2_oe,src/test/java/org/apache/commons/beanutils/LazyDynaMapTestCase.java,,,,assert,unknown
bean_411_3,commons-beanutils-1.9.4,LazyDynaMapTestCase,testMappedPropertyUtils_3_oe,src/test/java/org/apache/commons/beanutils/LazyDynaMapTestCase.java,,,,assert,unknown
bean_411_4,commons-beanutils-1.9.4,LazyDynaMapTestCase,testMappedPropertyUtils_4_oe,src/test/java/org/apache/commons/beanutils/LazyDynaMapTestCase.java,,,,assert,unknown
bean_411_5,commons-beanutils-1.9.4,LazyDynaMapTestCase,testMappedPropertyUtils_5_oe,src/test/java/org/apache/commons/beanutils/LazyDynaMapTestCase.java,,,,assert,unknown
bean_411_6,commons-beanutils-1.9.4,LazyDynaMapTestCase,testMappedPropertyUtils_6_oe,src/test/java/org/apache/commons/beanutils/LazyDynaMapTestCase.java,,,,assert,unknown
bean_411_7,commons-beanutils-1.9.4,LazyDynaMapTestCase,testMappedPropertyUtils_7_oe,src/test/java/org/apache/commons/beanutils/LazyDynaMapTestCase.java,,,,assert,unknown
bean_412_1,commons-beanutils-1.9.4,LazyDynaMapTestCase,testMappedPropertyRestricted_1_oe,src/test/java/org/apache/commons/beanutils/LazyDynaMapTestCase.java,,,,assert,unknown
bean_412_2,commons-beanutils-1.9.4,LazyDynaMapTestCase,testMappedPropertyRestricted_2_oe,src/test/java/org/apache/commons/beanutils/LazyDynaMapTestCase.java,,,,assert,unknown
bean_412_3,commons-beanutils-1.9.4,LazyDynaMapTestCase,testMappedPropertyRestricted_3_oe,src/test/java/org/apache/commons/beanutils/LazyDynaMapTestCase.java,,,,assert,unknown
bean_413_1,commons-beanutils-1.9.4,LazyDynaMapTestCase,testMappedInvalidType_1_oe,src/test/java/org/apache/commons/beanutils/LazyDynaMapTestCase.java,,,,assert,unknown
bean_414_1,commons-beanutils-1.9.4,LazyDynaMapTestCase,testIndexedPropertyDefault_1_oe,src/test/java/org/apache/commons/beanutils/LazyDynaMapTestCase.java,,,,assert,unknown
bean_414_2,commons-beanutils-1.9.4,LazyDynaMapTestCase,testIndexedPropertyDefault_2_oe,src/test/java/org/apache/commons/beanutils/LazyDynaMapTestCase.java,,,,assert,unknown
bean_414_3,commons-beanutils-1.9.4,LazyDynaMapTestCase,testIndexedPropertyDefault_3_oe,src/test/java/org/apache/commons/beanutils/LazyDynaMapTestCase.java,,,,assert,unknown
bean_414_4,commons-beanutils-1.9.4,LazyDynaMapTestCase,testIndexedPropertyDefault_4_oe,src/test/java/org/apache/commons/beanutils/LazyDynaMapTestCase.java,,,,assert,unknown
bean_414_5,commons-beanutils-1.9.4,LazyDynaMapTestCase,testIndexedPropertyDefault_5_oe,src/test/java/org/apache/commons/beanutils/LazyDynaMapTestCase.java,,,,assert,unknown
bean_414_6,commons-beanutils-1.9.4,LazyDynaMapTestCase,testIndexedPropertyDefault_6_oe,src/test/java/org/apache/commons/beanutils/LazyDynaMapTestCase.java,,,,assert,unknown
bean_414_7,commons-beanutils-1.9.4,LazyDynaMapTestCase,testIndexedPropertyDefault_7_oe,src/test/java/org/apache/commons/beanutils/LazyDynaMapTestCase.java,,,,assert,unknown
bean_414_8,commons-beanutils-1.9.4,LazyDynaMapTestCase,testIndexedPropertyDefault_8_oe,src/test/java/org/apache/commons/beanutils/LazyDynaMapTestCase.java,,,,assert,unknown
bean_414_9,commons-beanutils-1.9.4,LazyDynaMapTestCase,testIndexedPropertyDefault_9_oe,src/test/java/org/apache/commons/beanutils/LazyDynaMapTestCase.java,,,,assert,unknown
bean_415_1,commons-beanutils-1.9.4,LazyDynaMapTestCase,testIndexedLinkedList_1_oe,src/test/java/org/apache/commons/beanutils/LazyDynaMapTestCase.java,,,,assert,unknown
bean_415_2,commons-beanutils-1.9.4,LazyDynaMapTestCase,testIndexedLinkedList_2_oe,src/test/java/org/apache/commons/beanutils/LazyDynaMapTestCase.java,,,,assert,unknown
bean_415_3,commons-beanutils-1.9.4,LazyDynaMapTestCase,testIndexedLinkedList_3_oe,src/test/java/org/apache/commons/beanutils/LazyDynaMapTestCase.java,,,,assert,unknown
bean_415_4,commons-beanutils-1.9.4,LazyDynaMapTestCase,testIndexedLinkedList_4_oe,src/test/java/org/apache/commons/beanutils/LazyDynaMapTestCase.java,,,,assert,unknown
bean_415_5,commons-beanutils-1.9.4,LazyDynaMapTestCase,testIndexedLinkedList_5_oe,src/test/java/org/apache/commons/beanutils/LazyDynaMapTestCase.java,,,,assert,unknown
bean_415_6,commons-beanutils-1.9.4,LazyDynaMapTestCase,testIndexedLinkedList_6_oe,src/test/java/org/apache/commons/beanutils/LazyDynaMapTestCase.java,,,,assert,unknown
bean_415_7,commons-beanutils-1.9.4,LazyDynaMapTestCase,testIndexedLinkedList_7_oe,src/test/java/org/apache/commons/beanutils/LazyDynaMapTestCase.java,,,,assert,unknown
bean_415_8,commons-beanutils-1.9.4,LazyDynaMapTestCase,testIndexedLinkedList_8_oe,src/test/java/org/apache/commons/beanutils/LazyDynaMapTestCase.java,,,,assert,unknown
bean_415_9,commons-beanutils-1.9.4,LazyDynaMapTestCase,testIndexedLinkedList_9_oe,src/test/java/org/apache/commons/beanutils/LazyDynaMapTestCase.java,,,,assert,unknown
bean_415_10,commons-beanutils-1.9.4,LazyDynaMapTestCase,testIndexedLinkedList_10_oe,src/test/java/org/apache/commons/beanutils/LazyDynaMapTestCase.java,,,,assert,unknown
bean_416_1,commons-beanutils-1.9.4,LazyDynaMapTestCase,testIndexedPrimitiveArray_1_oe,src/test/java/org/apache/commons/beanutils/LazyDynaMapTestCase.java,,,,assert,unknown
bean_416_2,commons-beanutils-1.9.4,LazyDynaMapTestCase,testIndexedPrimitiveArray_2_oe,src/test/java/org/apache/commons/beanutils/LazyDynaMapTestCase.java,,,,assert,unknown
bean_416_3,commons-beanutils-1.9.4,LazyDynaMapTestCase,testIndexedPrimitiveArray_3_oe,src/test/java/org/apache/commons/beanutils/LazyDynaMapTestCase.java,,,,assert,unknown
bean_416_4,commons-beanutils-1.9.4,LazyDynaMapTestCase,testIndexedPrimitiveArray_4_oe,src/test/java/org/apache/commons/beanutils/LazyDynaMapTestCase.java,,,,assert,unknown
bean_416_5,commons-beanutils-1.9.4,LazyDynaMapTestCase,testIndexedPrimitiveArray_5_oe,src/test/java/org/apache/commons/beanutils/LazyDynaMapTestCase.java,,,,assert,unknown
bean_416_6,commons-beanutils-1.9.4,LazyDynaMapTestCase,testIndexedPrimitiveArray_6_oe,src/test/java/org/apache/commons/beanutils/LazyDynaMapTestCase.java,,,,assert,unknown
bean_416_7,commons-beanutils-1.9.4,LazyDynaMapTestCase,testIndexedPrimitiveArray_7_oe,src/test/java/org/apache/commons/beanutils/LazyDynaMapTestCase.java,,,,assert,unknown
bean_416_8,commons-beanutils-1.9.4,LazyDynaMapTestCase,testIndexedPrimitiveArray_8_oe,src/test/java/org/apache/commons/beanutils/LazyDynaMapTestCase.java,,,,assert,unknown
bean_416_9,commons-beanutils-1.9.4,LazyDynaMapTestCase,testIndexedPrimitiveArray_9_oe,src/test/java/org/apache/commons/beanutils/LazyDynaMapTestCase.java,,,,assert,unknown
bean_416_10,commons-beanutils-1.9.4,LazyDynaMapTestCase,testIndexedPrimitiveArray_10_oe,src/test/java/org/apache/commons/beanutils/LazyDynaMapTestCase.java,,,,assert,unknown
bean_416_11,commons-beanutils-1.9.4,LazyDynaMapTestCase,testIndexedPrimitiveArray_11_oe,src/test/java/org/apache/commons/beanutils/LazyDynaMapTestCase.java,,,,assert,unknown
bean_416_12,commons-beanutils-1.9.4,LazyDynaMapTestCase,testIndexedPrimitiveArray_12_oe,src/test/java/org/apache/commons/beanutils/LazyDynaMapTestCase.java,,,,assert,unknown
bean_417_1,commons-beanutils-1.9.4,LazyDynaMapTestCase,testIndexedObjectArray_1_oe,src/test/java/org/apache/commons/beanutils/LazyDynaMapTestCase.java,,,,assert,unknown
bean_417_2,commons-beanutils-1.9.4,LazyDynaMapTestCase,testIndexedObjectArray_2_oe,src/test/java/org/apache/commons/beanutils/LazyDynaMapTestCase.java,,,,assert,unknown
bean_417_3,commons-beanutils-1.9.4,LazyDynaMapTestCase,testIndexedObjectArray_3_oe,src/test/java/org/apache/commons/beanutils/LazyDynaMapTestCase.java,,,,assert,unknown
bean_417_4,commons-beanutils-1.9.4,LazyDynaMapTestCase,testIndexedObjectArray_4_oe,src/test/java/org/apache/commons/beanutils/LazyDynaMapTestCase.java,,,,assert,unknown
bean_417_5,commons-beanutils-1.9.4,LazyDynaMapTestCase,testIndexedObjectArray_5_oe,src/test/java/org/apache/commons/beanutils/LazyDynaMapTestCase.java,,,,assert,unknown
bean_417_6,commons-beanutils-1.9.4,LazyDynaMapTestCase,testIndexedObjectArray_6_oe,src/test/java/org/apache/commons/beanutils/LazyDynaMapTestCase.java,,,,assert,unknown
bean_417_7,commons-beanutils-1.9.4,LazyDynaMapTestCase,testIndexedObjectArray_7_oe,src/test/java/org/apache/commons/beanutils/LazyDynaMapTestCase.java,,,,assert,unknown
bean_417_8,commons-beanutils-1.9.4,LazyDynaMapTestCase,testIndexedObjectArray_8_oe,src/test/java/org/apache/commons/beanutils/LazyDynaMapTestCase.java,,,,assert,unknown
bean_417_9,commons-beanutils-1.9.4,LazyDynaMapTestCase,testIndexedObjectArray_9_oe,src/test/java/org/apache/commons/beanutils/LazyDynaMapTestCase.java,,,,assert,unknown
bean_417_10,commons-beanutils-1.9.4,LazyDynaMapTestCase,testIndexedObjectArray_10_oe,src/test/java/org/apache/commons/beanutils/LazyDynaMapTestCase.java,,,,assert,unknown
bean_417_11,commons-beanutils-1.9.4,LazyDynaMapTestCase,testIndexedObjectArray_11_oe,src/test/java/org/apache/commons/beanutils/LazyDynaMapTestCase.java,,,,assert,unknown
bean_417_12,commons-beanutils-1.9.4,LazyDynaMapTestCase,testIndexedObjectArray_12_oe,src/test/java/org/apache/commons/beanutils/LazyDynaMapTestCase.java,,,,assert,unknown
bean_418_1,commons-beanutils-1.9.4,LazyDynaMapTestCase,testIndexedDynaBeanArray_1_oe,src/test/java/org/apache/commons/beanutils/LazyDynaMapTestCase.java,,,,assert,unknown
bean_418_2,commons-beanutils-1.9.4,LazyDynaMapTestCase,testIndexedDynaBeanArray_2_oe,src/test/java/org/apache/commons/beanutils/LazyDynaMapTestCase.java,,,,assert,unknown
bean_418_3,commons-beanutils-1.9.4,LazyDynaMapTestCase,testIndexedDynaBeanArray_3_oe,src/test/java/org/apache/commons/beanutils/LazyDynaMapTestCase.java,,,,assert,unknown
bean_418_4,commons-beanutils-1.9.4,LazyDynaMapTestCase,testIndexedDynaBeanArray_4_oe,src/test/java/org/apache/commons/beanutils/LazyDynaMapTestCase.java,,,,assert,unknown
bean_418_5,commons-beanutils-1.9.4,LazyDynaMapTestCase,testIndexedDynaBeanArray_5_oe,src/test/java/org/apache/commons/beanutils/LazyDynaMapTestCase.java,,,,assert,unknown
bean_418_6,commons-beanutils-1.9.4,LazyDynaMapTestCase,testIndexedDynaBeanArray_6_oe,src/test/java/org/apache/commons/beanutils/LazyDynaMapTestCase.java,,,,assert,unknown
bean_419_1,commons-beanutils-1.9.4,LazyDynaMapTestCase,testIndexedPropertyUtils_1_oe,src/test/java/org/apache/commons/beanutils/LazyDynaMapTestCase.java,,,,assert,unknown
bean_419_2,commons-beanutils-1.9.4,LazyDynaMapTestCase,testIndexedPropertyUtils_2_oe,src/test/java/org/apache/commons/beanutils/LazyDynaMapTestCase.java,,,,assert,unknown
bean_419_3,commons-beanutils-1.9.4,LazyDynaMapTestCase,testIndexedPropertyUtils_3_oe,src/test/java/org/apache/commons/beanutils/LazyDynaMapTestCase.java,,,,assert,unknown
bean_419_4,commons-beanutils-1.9.4,LazyDynaMapTestCase,testIndexedPropertyUtils_4_oe,src/test/java/org/apache/commons/beanutils/LazyDynaMapTestCase.java,,,,assert,unknown
bean_419_5,commons-beanutils-1.9.4,LazyDynaMapTestCase,testIndexedPropertyUtils_5_oe,src/test/java/org/apache/commons/beanutils/LazyDynaMapTestCase.java,,,,assert,unknown
bean_419_6,commons-beanutils-1.9.4,LazyDynaMapTestCase,testIndexedPropertyUtils_6_oe,src/test/java/org/apache/commons/beanutils/LazyDynaMapTestCase.java,,,,assert,unknown
bean_419_7,commons-beanutils-1.9.4,LazyDynaMapTestCase,testIndexedPropertyUtils_7_oe,src/test/java/org/apache/commons/beanutils/LazyDynaMapTestCase.java,,,,assert,unknown
bean_420_1,commons-beanutils-1.9.4,LazyDynaMapTestCase,testIndexedPropertyRestricted_1_oe,src/test/java/org/apache/commons/beanutils/LazyDynaMapTestCase.java,,,,assert,unknown
bean_420_2,commons-beanutils-1.9.4,LazyDynaMapTestCase,testIndexedPropertyRestricted_2_oe,src/test/java/org/apache/commons/beanutils/LazyDynaMapTestCase.java,,,,assert,unknown
bean_420_3,commons-beanutils-1.9.4,LazyDynaMapTestCase,testIndexedPropertyRestricted_3_oe,src/test/java/org/apache/commons/beanutils/LazyDynaMapTestCase.java,,,,assert,unknown
bean_421_1,commons-beanutils-1.9.4,LazyDynaMapTestCase,testIndexedInvalidType_1_oe,src/test/java/org/apache/commons/beanutils/LazyDynaMapTestCase.java,,,,assert,unknown
bean_422_1,commons-beanutils-1.9.4,LazyDynaMapTestCase,testNewInstance_1_oe,src/test/java/org/apache/commons/beanutils/LazyDynaMapTestCase.java,,,,assert,unknown
bean_422_2,commons-beanutils-1.9.4,LazyDynaMapTestCase,testNewInstance_2_oe,src/test/java/org/apache/commons/beanutils/LazyDynaMapTestCase.java,,,,assert,unknown
bean_422_3,commons-beanutils-1.9.4,LazyDynaMapTestCase,testNewInstance_3_oe,src/test/java/org/apache/commons/beanutils/LazyDynaMapTestCase.java,,,,assert,unknown
bean_422_4,commons-beanutils-1.9.4,LazyDynaMapTestCase,testNewInstance_4_oe,src/test/java/org/apache/commons/beanutils/LazyDynaMapTestCase.java,,,,assert,unknown
bean_423_1,commons-beanutils-1.9.4,PropertyUtilsTestCase,testCopyPropertiesMap_1_oe,src/test/java/org/apache/commons/beanutils/PropertyUtilsTestCase.java,,,,assert,unknown
bean_423_2,commons-beanutils-1.9.4,PropertyUtilsTestCase,testCopyPropertiesMap_2_oe,src/test/java/org/apache/commons/beanutils/PropertyUtilsTestCase.java,,,,assert,unknown
bean_423_3,commons-beanutils-1.9.4,PropertyUtilsTestCase,testCopyPropertiesMap_3_oe,src/test/java/org/apache/commons/beanutils/PropertyUtilsTestCase.java,,,,assert,unknown
bean_423_4,commons-beanutils-1.9.4,PropertyUtilsTestCase,testCopyPropertiesMap_4_oe,src/test/java/org/apache/commons/beanutils/PropertyUtilsTestCase.java,,,,assert,unknown
bean_423_5,commons-beanutils-1.9.4,PropertyUtilsTestCase,testCopyPropertiesMap_5_oe,src/test/java/org/apache/commons/beanutils/PropertyUtilsTestCase.java,,,,assert,unknown
bean_423_6,commons-beanutils-1.9.4,PropertyUtilsTestCase,testCopyPropertiesMap_6_oe,src/test/java/org/apache/commons/beanutils/PropertyUtilsTestCase.java,,,,assert,unknown
bean_423_7,commons-beanutils-1.9.4,PropertyUtilsTestCase,testCopyPropertiesMap_7_oe,src/test/java/org/apache/commons/beanutils/PropertyUtilsTestCase.java,,,,assert,unknown
bean_423_8,commons-beanutils-1.9.4,PropertyUtilsTestCase,testCopyPropertiesMap_8_oe,src/test/java/org/apache/commons/beanutils/PropertyUtilsTestCase.java,,,,assert,unknown
bean_423_9,commons-beanutils-1.9.4,PropertyUtilsTestCase,testCopyPropertiesMap_9_oe,src/test/java/org/apache/commons/beanutils/PropertyUtilsTestCase.java,,,,assert,unknown
bean_423_10,commons-beanutils-1.9.4,PropertyUtilsTestCase,testCopyPropertiesMap_10_oe,src/test/java/org/apache/commons/beanutils/PropertyUtilsTestCase.java,,,,assert,unknown
bean_423_11,commons-beanutils-1.9.4,PropertyUtilsTestCase,testCopyPropertiesMap_11_oe,src/test/java/org/apache/commons/beanutils/PropertyUtilsTestCase.java,,,,assert,unknown
bean_423_12,commons-beanutils-1.9.4,PropertyUtilsTestCase,testCopyPropertiesMap_12_oe,src/test/java/org/apache/commons/beanutils/PropertyUtilsTestCase.java,,,,assert,unknown
bean_423_13,commons-beanutils-1.9.4,PropertyUtilsTestCase,testCopyPropertiesMap_13_oe,src/test/java/org/apache/commons/beanutils/PropertyUtilsTestCase.java,,,,assert,unknown
bean_423_14,commons-beanutils-1.9.4,PropertyUtilsTestCase,testCopyPropertiesMap_14_oe,src/test/java/org/apache/commons/beanutils/PropertyUtilsTestCase.java,,,,assert,unknown
bean_423_15,commons-beanutils-1.9.4,PropertyUtilsTestCase,testCopyPropertiesMap_15_oe,src/test/java/org/apache/commons/beanutils/PropertyUtilsTestCase.java,,,,assert,unknown
bean_423_16,commons-beanutils-1.9.4,PropertyUtilsTestCase,testCopyPropertiesMap_16_oe,src/test/java/org/apache/commons/beanutils/PropertyUtilsTestCase.java,,,,assert,unknown
bean_423_17,commons-beanutils-1.9.4,PropertyUtilsTestCase,testCopyPropertiesMap_17_oe,src/test/java/org/apache/commons/beanutils/PropertyUtilsTestCase.java,,,,assert,unknown
bean_423_18,commons-beanutils-1.9.4,PropertyUtilsTestCase,testCopyPropertiesMap_18_oe,src/test/java/org/apache/commons/beanutils/PropertyUtilsTestCase.java,,,,assert,unknown
bean_424_1,commons-beanutils-1.9.4,PropertyUtilsTestCase,testDescribe_1_oe,src/test/java/org/apache/commons/beanutils/PropertyUtilsTestCase.java,,,,assert,unknown
bean_424_2,commons-beanutils-1.9.4,PropertyUtilsTestCase,testDescribe_2_oe,src/test/java/org/apache/commons/beanutils/PropertyUtilsTestCase.java,,,,assert,unknown
bean_424_3,commons-beanutils-1.9.4,PropertyUtilsTestCase,testDescribe_3_oe,src/test/java/org/apache/commons/beanutils/PropertyUtilsTestCase.java,,,,assert,unknown
bean_424_4,commons-beanutils-1.9.4,PropertyUtilsTestCase,testDescribe_4_oe,src/test/java/org/apache/commons/beanutils/PropertyUtilsTestCase.java,,,,assert,unknown
bean_424_5,commons-beanutils-1.9.4,PropertyUtilsTestCase,testDescribe_5_oe,src/test/java/org/apache/commons/beanutils/PropertyUtilsTestCase.java,,,,assert,unknown
bean_424_6,commons-beanutils-1.9.4,PropertyUtilsTestCase,testDescribe_6_oe,src/test/java/org/apache/commons/beanutils/PropertyUtilsTestCase.java,,,,assert,unknown
bean_424_7,commons-beanutils-1.9.4,PropertyUtilsTestCase,testDescribe_7_oe,src/test/java/org/apache/commons/beanutils/PropertyUtilsTestCase.java,,,,assert,unknown
bean_424_8,commons-beanutils-1.9.4,PropertyUtilsTestCase,testDescribe_8_oe,src/test/java/org/apache/commons/beanutils/PropertyUtilsTestCase.java,,,,assert,unknown
bean_424_9,commons-beanutils-1.9.4,PropertyUtilsTestCase,testDescribe_9_oe,src/test/java/org/apache/commons/beanutils/PropertyUtilsTestCase.java,,,,assert,unknown
bean_424_10,commons-beanutils-1.9.4,PropertyUtilsTestCase,testDescribe_10_oe,src/test/java/org/apache/commons/beanutils/PropertyUtilsTestCase.java,,,,assert,unknown
bean_425_2,commons-beanutils-1.9.4,PropertyUtilsTestCase,testGetDescriptorArguments_2_oe,src/test/java/org/apache/commons/beanutils/PropertyUtilsTestCase.java,,,,assert,unknown
bean_425_4,commons-beanutils-1.9.4,PropertyUtilsTestCase,testGetDescriptorArguments_4_oe,src/test/java/org/apache/commons/beanutils/PropertyUtilsTestCase.java,,,,assert,unknown
bean_426_1,commons-beanutils-1.9.4,PropertyUtilsTestCase,testGetDescriptorInvalidBoolean_1_oe,src/test/java/org/apache/commons/beanutils/PropertyUtilsTestCase.java,,,,assert,unknown
bean_426_2,commons-beanutils-1.9.4,PropertyUtilsTestCase,testGetDescriptorInvalidBoolean_2_oe,src/test/java/org/apache/commons/beanutils/PropertyUtilsTestCase.java,,,,assert,unknown
bean_426_3,commons-beanutils-1.9.4,PropertyUtilsTestCase,testGetDescriptorInvalidBoolean_3_oe,src/test/java/org/apache/commons/beanutils/PropertyUtilsTestCase.java,,,,assert,unknown
bean_426_4,commons-beanutils-1.9.4,PropertyUtilsTestCase,testGetDescriptorInvalidBoolean_4_oe,src/test/java/org/apache/commons/beanutils/PropertyUtilsTestCase.java,,,,assert,unknown
bean_427_1,commons-beanutils-1.9.4,PropertyUtilsTestCase,testGetDescriptorMappedPeriods_1_oe,src/test/java/org/apache/commons/beanutils/PropertyUtilsTestCase.java,,,,assert,unknown
bean_427_3,commons-beanutils-1.9.4,PropertyUtilsTestCase,testGetDescriptorMappedPeriods_3_oe,src/test/java/org/apache/commons/beanutils/PropertyUtilsTestCase.java,,,,assert,unknown
bean_427_4,commons-beanutils-1.9.4,PropertyUtilsTestCase,testGetDescriptorMappedPeriods_4_oe,src/test/java/org/apache/commons/beanutils/PropertyUtilsTestCase.java,,,,assert,unknown
bean_427_6,commons-beanutils-1.9.4,PropertyUtilsTestCase,testGetDescriptorMappedPeriods_6_oe,src/test/java/org/apache/commons/beanutils/PropertyUtilsTestCase.java,,,,assert,unknown
bean_428_1,commons-beanutils-1.9.4,PropertyUtilsTestCase,testGetDescriptors_1_oe,src/test/java/org/apache/commons/beanutils/PropertyUtilsTestCase.java,,,,assert,unknown
bean_428_2,commons-beanutils-1.9.4,PropertyUtilsTestCase,testGetDescriptors_2_oe,src/test/java/org/apache/commons/beanutils/PropertyUtilsTestCase.java,,,,assert,unknown
bean_428_3,commons-beanutils-1.9.4,PropertyUtilsTestCase,testGetDescriptors_3_oe,src/test/java/org/apache/commons/beanutils/PropertyUtilsTestCase.java,,,,assert,unknown
bean_429_2,commons-beanutils-1.9.4,PropertyUtilsTestCase,testGetDescriptorsArguments_2_oe,src/test/java/org/apache/commons/beanutils/PropertyUtilsTestCase.java,,,,assert,unknown
bean_430_2,commons-beanutils-1.9.4,PropertyUtilsTestCase,testGetIndexedArguments_2_oe,src/test/java/org/apache/commons/beanutils/PropertyUtilsTestCase.java,,,,assert,unknown
bean_430_4,commons-beanutils-1.9.4,PropertyUtilsTestCase,testGetIndexedArguments_4_oe,src/test/java/org/apache/commons/beanutils/PropertyUtilsTestCase.java,,,,assert,unknown
bean_430_6,commons-beanutils-1.9.4,PropertyUtilsTestCase,testGetIndexedArguments_6_oe,src/test/java/org/apache/commons/beanutils/PropertyUtilsTestCase.java,,,,assert,unknown
bean_430_8,commons-beanutils-1.9.4,PropertyUtilsTestCase,testGetIndexedArguments_8_oe,src/test/java/org/apache/commons/beanutils/PropertyUtilsTestCase.java,,,,assert,unknown
bean_430_10,commons-beanutils-1.9.4,PropertyUtilsTestCase,testGetIndexedArguments_10_oe,src/test/java/org/apache/commons/beanutils/PropertyUtilsTestCase.java,,,,assert,unknown
bean_430_12,commons-beanutils-1.9.4,PropertyUtilsTestCase,testGetIndexedArguments_12_oe,src/test/java/org/apache/commons/beanutils/PropertyUtilsTestCase.java,,,,assert,unknown
bean_430_14,commons-beanutils-1.9.4,PropertyUtilsTestCase,testGetIndexedArguments_14_oe,src/test/java/org/apache/commons/beanutils/PropertyUtilsTestCase.java,,,,assert,unknown
bean_430_16,commons-beanutils-1.9.4,PropertyUtilsTestCase,testGetIndexedArguments_16_oe,src/test/java/org/apache/commons/beanutils/PropertyUtilsTestCase.java,,,,assert,unknown
bean_430_18,commons-beanutils-1.9.4,PropertyUtilsTestCase,testGetIndexedArguments_18_oe,src/test/java/org/apache/commons/beanutils/PropertyUtilsTestCase.java,,,,assert,unknown
bean_430_20,commons-beanutils-1.9.4,PropertyUtilsTestCase,testGetIndexedArguments_20_oe,src/test/java/org/apache/commons/beanutils/PropertyUtilsTestCase.java,,,,assert,unknown
bean_431_4,commons-beanutils-1.9.4,PropertyUtilsTestCase,testGetIndexedValues_4_oe,src/test/java/org/apache/commons/beanutils/PropertyUtilsTestCase.java,,,,assert,unknown
bean_431_8,commons-beanutils-1.9.4,PropertyUtilsTestCase,testGetIndexedValues_8_oe,src/test/java/org/apache/commons/beanutils/PropertyUtilsTestCase.java,,,,assert,unknown
bean_431_12,commons-beanutils-1.9.4,PropertyUtilsTestCase,testGetIndexedValues_12_oe,src/test/java/org/apache/commons/beanutils/PropertyUtilsTestCase.java,,,,assert,unknown
bean_431_16,commons-beanutils-1.9.4,PropertyUtilsTestCase,testGetIndexedValues_16_oe,src/test/java/org/apache/commons/beanutils/PropertyUtilsTestCase.java,,,,assert,unknown
bean_431_20,commons-beanutils-1.9.4,PropertyUtilsTestCase,testGetIndexedValues_20_oe,src/test/java/org/apache/commons/beanutils/PropertyUtilsTestCase.java,,,,assert,unknown
bean_431_24,commons-beanutils-1.9.4,PropertyUtilsTestCase,testGetIndexedValues_24_oe,src/test/java/org/apache/commons/beanutils/PropertyUtilsTestCase.java,,,,assert,unknown
bean_431_28,commons-beanutils-1.9.4,PropertyUtilsTestCase,testGetIndexedValues_28_oe,src/test/java/org/apache/commons/beanutils/PropertyUtilsTestCase.java,,,,assert,unknown
bean_431_32,commons-beanutils-1.9.4,PropertyUtilsTestCase,testGetIndexedValues_32_oe,src/test/java/org/apache/commons/beanutils/PropertyUtilsTestCase.java,,,,assert,unknown
bean_431_36,commons-beanutils-1.9.4,PropertyUtilsTestCase,testGetIndexedValues_36_oe,src/test/java/org/apache/commons/beanutils/PropertyUtilsTestCase.java,,,,assert,unknown
bean_431_40,commons-beanutils-1.9.4,PropertyUtilsTestCase,testGetIndexedValues_40_oe,src/test/java/org/apache/commons/beanutils/PropertyUtilsTestCase.java,,,,assert,unknown
bean_431_44,commons-beanutils-1.9.4,PropertyUtilsTestCase,testGetIndexedValues_44_oe,src/test/java/org/apache/commons/beanutils/PropertyUtilsTestCase.java,,,,assert,unknown
bean_431_48,commons-beanutils-1.9.4,PropertyUtilsTestCase,testGetIndexedValues_48_oe,src/test/java/org/apache/commons/beanutils/PropertyUtilsTestCase.java,,,,assert,unknown
bean_431_50,commons-beanutils-1.9.4,PropertyUtilsTestCase,testGetIndexedValues_50_oe,src/test/java/org/apache/commons/beanutils/PropertyUtilsTestCase.java,,,,assert,unknown
bean_431_52,commons-beanutils-1.9.4,PropertyUtilsTestCase,testGetIndexedValues_52_oe,src/test/java/org/apache/commons/beanutils/PropertyUtilsTestCase.java,,,,assert,unknown
bean_431_54,commons-beanutils-1.9.4,PropertyUtilsTestCase,testGetIndexedValues_54_oe,src/test/java/org/apache/commons/beanutils/PropertyUtilsTestCase.java,,,,assert,unknown
bean_431_56,commons-beanutils-1.9.4,PropertyUtilsTestCase,testGetIndexedValues_56_oe,src/test/java/org/apache/commons/beanutils/PropertyUtilsTestCase.java,,,,assert,unknown
bean_431_58,commons-beanutils-1.9.4,PropertyUtilsTestCase,testGetIndexedValues_58_oe,src/test/java/org/apache/commons/beanutils/PropertyUtilsTestCase.java,,,,assert,unknown
bean_431_60,commons-beanutils-1.9.4,PropertyUtilsTestCase,testGetIndexedValues_60_oe,src/test/java/org/apache/commons/beanutils/PropertyUtilsTestCase.java,,,,assert,unknown
bean_431_62,commons-beanutils-1.9.4,PropertyUtilsTestCase,testGetIndexedValues_62_oe,src/test/java/org/apache/commons/beanutils/PropertyUtilsTestCase.java,,,,assert,unknown
bean_431_64,commons-beanutils-1.9.4,PropertyUtilsTestCase,testGetIndexedValues_64_oe,src/test/java/org/apache/commons/beanutils/PropertyUtilsTestCase.java,,,,assert,unknown
bean_431_66,commons-beanutils-1.9.4,PropertyUtilsTestCase,testGetIndexedValues_66_oe,src/test/java/org/apache/commons/beanutils/PropertyUtilsTestCase.java,,,,assert,unknown
bean_431_68,commons-beanutils-1.9.4,PropertyUtilsTestCase,testGetIndexedValues_68_oe,src/test/java/org/apache/commons/beanutils/PropertyUtilsTestCase.java,,,,assert,unknown
bean_431_70,commons-beanutils-1.9.4,PropertyUtilsTestCase,testGetIndexedValues_70_oe,src/test/java/org/apache/commons/beanutils/PropertyUtilsTestCase.java,,,,assert,unknown
bean_431_72,commons-beanutils-1.9.4,PropertyUtilsTestCase,testGetIndexedValues_72_oe,src/test/java/org/apache/commons/beanutils/PropertyUtilsTestCase.java,,,,assert,unknown
bean_432_8,commons-beanutils-1.9.4,PropertyUtilsTestCase,testGetIndexedArray_8_oe,src/test/java/org/apache/commons/beanutils/PropertyUtilsTestCase.java,,,,assert,unknown
bean_433_8,commons-beanutils-1.9.4,PropertyUtilsTestCase,testGetIndexedList_8_oe,src/test/java/org/apache/commons/beanutils/PropertyUtilsTestCase.java,,,,assert,unknown
bean_434_5,commons-beanutils-1.9.4,PropertyUtilsTestCase,testGetIndexedMap_5_oe,src/test/java/org/apache/commons/beanutils/PropertyUtilsTestCase.java,,,,assert,unknown
bean_435_2,commons-beanutils-1.9.4,PropertyUtilsTestCase,testGetMappedArguments_2_oe,src/test/java/org/apache/commons/beanutils/PropertyUtilsTestCase.java,,,,assert,unknown
bean_435_4,commons-beanutils-1.9.4,PropertyUtilsTestCase,testGetMappedArguments_4_oe,src/test/java/org/apache/commons/beanutils/PropertyUtilsTestCase.java,,,,assert,unknown
bean_435_6,commons-beanutils-1.9.4,PropertyUtilsTestCase,testGetMappedArguments_6_oe,src/test/java/org/apache/commons/beanutils/PropertyUtilsTestCase.java,,,,assert,unknown
bean_435_8,commons-beanutils-1.9.4,PropertyUtilsTestCase,testGetMappedArguments_8_oe,src/test/java/org/apache/commons/beanutils/PropertyUtilsTestCase.java,,,,assert,unknown
bean_435_10,commons-beanutils-1.9.4,PropertyUtilsTestCase,testGetMappedArguments_10_oe,src/test/java/org/apache/commons/beanutils/PropertyUtilsTestCase.java,,,,assert,unknown
bean_435_12,commons-beanutils-1.9.4,PropertyUtilsTestCase,testGetMappedArguments_12_oe,src/test/java/org/apache/commons/beanutils/PropertyUtilsTestCase.java,,,,assert,unknown
bean_436_4,commons-beanutils-1.9.4,PropertyUtilsTestCase,testGetMappedArray_4_oe,src/test/java/org/apache/commons/beanutils/PropertyUtilsTestCase.java,,,,assert,unknown
bean_437_4,commons-beanutils-1.9.4,PropertyUtilsTestCase,testGetMappedList_4_oe,src/test/java/org/apache/commons/beanutils/PropertyUtilsTestCase.java,,,,assert,unknown
bean_438_4,commons-beanutils-1.9.4,PropertyUtilsTestCase,testGetMappedMap_4_oe,src/test/java/org/apache/commons/beanutils/PropertyUtilsTestCase.java,,,,assert,unknown
bean_439_1,commons-beanutils-1.9.4,PropertyUtilsTestCase,testGetMappedPeriods_1_oe,src/test/java/org/apache/commons/beanutils/PropertyUtilsTestCase.java,,,,assert,unknown
bean_439_3,commons-beanutils-1.9.4,PropertyUtilsTestCase,testGetMappedPeriods_3_oe,src/test/java/org/apache/commons/beanutils/PropertyUtilsTestCase.java,,,,assert,unknown
bean_439_5,commons-beanutils-1.9.4,PropertyUtilsTestCase,testGetMappedPeriods_5_oe,src/test/java/org/apache/commons/beanutils/PropertyUtilsTestCase.java,,,,assert,unknown
bean_439_6,commons-beanutils-1.9.4,PropertyUtilsTestCase,testGetMappedPeriods_6_oe,src/test/java/org/apache/commons/beanutils/PropertyUtilsTestCase.java,,,,assert,unknown
bean_439_8,commons-beanutils-1.9.4,PropertyUtilsTestCase,testGetMappedPeriods_8_oe,src/test/java/org/apache/commons/beanutils/PropertyUtilsTestCase.java,,,,assert,unknown
bean_439_10,commons-beanutils-1.9.4,PropertyUtilsTestCase,testGetMappedPeriods_10_oe,src/test/java/org/apache/commons/beanutils/PropertyUtilsTestCase.java,,,,assert,unknown
bean_440_1,commons-beanutils-1.9.4,PropertyUtilsTestCase,testGetMappedSlashes_1_oe,src/test/java/org/apache/commons/beanutils/PropertyUtilsTestCase.java,,,,assert,unknown
bean_440_3,commons-beanutils-1.9.4,PropertyUtilsTestCase,testGetMappedSlashes_3_oe,src/test/java/org/apache/commons/beanutils/PropertyUtilsTestCase.java,,,,assert,unknown
bean_440_5,commons-beanutils-1.9.4,PropertyUtilsTestCase,testGetMappedSlashes_5_oe,src/test/java/org/apache/commons/beanutils/PropertyUtilsTestCase.java,,,,assert,unknown
bean_440_6,commons-beanutils-1.9.4,PropertyUtilsTestCase,testGetMappedSlashes_6_oe,src/test/java/org/apache/commons/beanutils/PropertyUtilsTestCase.java,,,,assert,unknown
bean_440_8,commons-beanutils-1.9.4,PropertyUtilsTestCase,testGetMappedSlashes_8_oe,src/test/java/org/apache/commons/beanutils/PropertyUtilsTestCase.java,,,,assert,unknown
bean_441_2,commons-beanutils-1.9.4,PropertyUtilsTestCase,testGetMappedValues_2_oe,src/test/java/org/apache/commons/beanutils/PropertyUtilsTestCase.java,,,,assert,unknown
bean_441_4,commons-beanutils-1.9.4,PropertyUtilsTestCase,testGetMappedValues_4_oe,src/test/java/org/apache/commons/beanutils/PropertyUtilsTestCase.java,,,,assert,unknown
bean_441_6,commons-beanutils-1.9.4,PropertyUtilsTestCase,testGetMappedValues_6_oe,src/test/java/org/apache/commons/beanutils/PropertyUtilsTestCase.java,,,,assert,unknown
bean_441_8,commons-beanutils-1.9.4,PropertyUtilsTestCase,testGetMappedValues_8_oe,src/test/java/org/apache/commons/beanutils/PropertyUtilsTestCase.java,,,,assert,unknown
bean_441_10,commons-beanutils-1.9.4,PropertyUtilsTestCase,testGetMappedValues_10_oe,src/test/java/org/apache/commons/beanutils/PropertyUtilsTestCase.java,,,,assert,unknown
bean_441_12,commons-beanutils-1.9.4,PropertyUtilsTestCase,testGetMappedValues_12_oe,src/test/java/org/apache/commons/beanutils/PropertyUtilsTestCase.java,,,,assert,unknown
bean_441_14,commons-beanutils-1.9.4,PropertyUtilsTestCase,testGetMappedValues_14_oe,src/test/java/org/apache/commons/beanutils/PropertyUtilsTestCase.java,,,,assert,unknown
bean_441_16,commons-beanutils-1.9.4,PropertyUtilsTestCase,testGetMappedValues_16_oe,src/test/java/org/apache/commons/beanutils/PropertyUtilsTestCase.java,,,,assert,unknown
bean_441_18,commons-beanutils-1.9.4,PropertyUtilsTestCase,testGetMappedValues_18_oe,src/test/java/org/apache/commons/beanutils/PropertyUtilsTestCase.java,,,,assert,unknown
bean_442_2,commons-beanutils-1.9.4,PropertyUtilsTestCase,testGetNestedArguments_2_oe,src/test/java/org/apache/commons/beanutils/PropertyUtilsTestCase.java,,,,assert,unknown
bean_442_4,commons-beanutils-1.9.4,PropertyUtilsTestCase,testGetNestedArguments_4_oe,src/test/java/org/apache/commons/beanutils/PropertyUtilsTestCase.java,,,,assert,unknown
bean_443_4,commons-beanutils-1.9.4,PropertyUtilsTestCase,testGetNestedBoolean_4_oe,src/test/java/org/apache/commons/beanutils/PropertyUtilsTestCase.java,,,,assert,unknown
bean_443_5,commons-beanutils-1.9.4,PropertyUtilsTestCase,testGetNestedBoolean_5_oe,src/test/java/org/apache/commons/beanutils/PropertyUtilsTestCase.java,,,,assert,unknown
bean_443_6,commons-beanutils-1.9.4,PropertyUtilsTestCase,testGetNestedBoolean_6_oe,src/test/java/org/apache/commons/beanutils/PropertyUtilsTestCase.java,,,,assert,unknown
bean_443_7,commons-beanutils-1.9.4,PropertyUtilsTestCase,testGetNestedBoolean_7_oe,src/test/java/org/apache/commons/beanutils/PropertyUtilsTestCase.java,,,,assert,unknown
bean_444_4,commons-beanutils-1.9.4,PropertyUtilsTestCase,testGetNestedDouble_4_oe,src/test/java/org/apache/commons/beanutils/PropertyUtilsTestCase.java,,,,assert,unknown
bean_444_5,commons-beanutils-1.9.4,PropertyUtilsTestCase,testGetNestedDouble_5_oe,src/test/java/org/apache/commons/beanutils/PropertyUtilsTestCase.java,,,,assert,unknown
bean_444_6,commons-beanutils-1.9.4,PropertyUtilsTestCase,testGetNestedDouble_6_oe,src/test/java/org/apache/commons/beanutils/PropertyUtilsTestCase.java,,,,assert,unknown
bean_444_7,commons-beanutils-1.9.4,PropertyUtilsTestCase,testGetNestedDouble_7_oe,src/test/java/org/apache/commons/beanutils/PropertyUtilsTestCase.java,,,,assert,unknown
bean_445_4,commons-beanutils-1.9.4,PropertyUtilsTestCase,testGetNestedFloat_4_oe,src/test/java/org/apache/commons/beanutils/PropertyUtilsTestCase.java,,,,assert,unknown
bean_445_5,commons-beanutils-1.9.4,PropertyUtilsTestCase,testGetNestedFloat_5_oe,src/test/java/org/apache/commons/beanutils/PropertyUtilsTestCase.java,,,,assert,unknown
bean_445_6,commons-beanutils-1.9.4,PropertyUtilsTestCase,testGetNestedFloat_6_oe,src/test/java/org/apache/commons/beanutils/PropertyUtilsTestCase.java,,,,assert,unknown
bean_445_7,commons-beanutils-1.9.4,PropertyUtilsTestCase,testGetNestedFloat_7_oe,src/test/java/org/apache/commons/beanutils/PropertyUtilsTestCase.java,,,,assert,unknown
bean_446_4,commons-beanutils-1.9.4,PropertyUtilsTestCase,testGetNestedInt_4_oe,src/test/java/org/apache/commons/beanutils/PropertyUtilsTestCase.java,,,,assert,unknown
bean_446_5,commons-beanutils-1.9.4,PropertyUtilsTestCase,testGetNestedInt_5_oe,src/test/java/org/apache/commons/beanutils/PropertyUtilsTestCase.java,,,,assert,unknown
bean_446_6,commons-beanutils-1.9.4,PropertyUtilsTestCase,testGetNestedInt_6_oe,src/test/java/org/apache/commons/beanutils/PropertyUtilsTestCase.java,,,,assert,unknown
bean_446_7,commons-beanutils-1.9.4,PropertyUtilsTestCase,testGetNestedInt_7_oe,src/test/java/org/apache/commons/beanutils/PropertyUtilsTestCase.java,,,,assert,unknown
bean_447_4,commons-beanutils-1.9.4,PropertyUtilsTestCase,testGetNestedLong_4_oe,src/test/java/org/apache/commons/beanutils/PropertyUtilsTestCase.java,,,,assert,unknown
bean_447_5,commons-beanutils-1.9.4,PropertyUtilsTestCase,testGetNestedLong_5_oe,src/test/java/org/apache/commons/beanutils/PropertyUtilsTestCase.java,,,,assert,unknown
bean_447_6,commons-beanutils-1.9.4,PropertyUtilsTestCase,testGetNestedLong_6_oe,src/test/java/org/apache/commons/beanutils/PropertyUtilsTestCase.java,,,,assert,unknown
bean_447_7,commons-beanutils-1.9.4,PropertyUtilsTestCase,testGetNestedLong_7_oe,src/test/java/org/apache/commons/beanutils/PropertyUtilsTestCase.java,,,,assert,unknown
bean_448_4,commons-beanutils-1.9.4,PropertyUtilsTestCase,testGetNestedReadOnly_4_oe,src/test/java/org/apache/commons/beanutils/PropertyUtilsTestCase.java,,,,assert,unknown
bean_448_5,commons-beanutils-1.9.4,PropertyUtilsTestCase,testGetNestedReadOnly_5_oe,src/test/java/org/apache/commons/beanutils/PropertyUtilsTestCase.java,,,,assert,unknown
bean_448_6,commons-beanutils-1.9.4,PropertyUtilsTestCase,testGetNestedReadOnly_6_oe,src/test/java/org/apache/commons/beanutils/PropertyUtilsTestCase.java,,,,assert,unknown
bean_448_7,commons-beanutils-1.9.4,PropertyUtilsTestCase,testGetNestedReadOnly_7_oe,src/test/java/org/apache/commons/beanutils/PropertyUtilsTestCase.java,,,,assert,unknown
bean_449_4,commons-beanutils-1.9.4,PropertyUtilsTestCase,testGetNestedShort_4_oe,src/test/java/org/apache/commons/beanutils/PropertyUtilsTestCase.java,,,,assert,unknown
bean_449_5,commons-beanutils-1.9.4,PropertyUtilsTestCase,testGetNestedShort_5_oe,src/test/java/org/apache/commons/beanutils/PropertyUtilsTestCase.java,,,,assert,unknown
bean_449_6,commons-beanutils-1.9.4,PropertyUtilsTestCase,testGetNestedShort_6_oe,src/test/java/org/apache/commons/beanutils/PropertyUtilsTestCase.java,,,,assert,unknown
bean_449_7,commons-beanutils-1.9.4,PropertyUtilsTestCase,testGetNestedShort_7_oe,src/test/java/org/apache/commons/beanutils/PropertyUtilsTestCase.java,,,,assert,unknown
bean_450_4,commons-beanutils-1.9.4,PropertyUtilsTestCase,testGetNestedString_4_oe,src/test/java/org/apache/commons/beanutils/PropertyUtilsTestCase.java,,,,assert,unknown
bean_450_5,commons-beanutils-1.9.4,PropertyUtilsTestCase,testGetNestedString_5_oe,src/test/java/org/apache/commons/beanutils/PropertyUtilsTestCase.java,,,,assert,unknown
bean_450_6,commons-beanutils-1.9.4,PropertyUtilsTestCase,testGetNestedString_6_oe,src/test/java/org/apache/commons/beanutils/PropertyUtilsTestCase.java,,,,assert,unknown
bean_450_7,commons-beanutils-1.9.4,PropertyUtilsTestCase,testGetNestedString_7_oe,src/test/java/org/apache/commons/beanutils/PropertyUtilsTestCase.java,,,,assert,unknown
bean_451_2,commons-beanutils-1.9.4,PropertyUtilsTestCase,testGetNestedUnknown_2_oe,src/test/java/org/apache/commons/beanutils/PropertyUtilsTestCase.java,,,,assert,unknown
bean_451_3,commons-beanutils-1.9.4,PropertyUtilsTestCase,testGetNestedUnknown_3_oe,src/test/java/org/apache/commons/beanutils/PropertyUtilsTestCase.java,,,,assert,unknown
bean_451_4,commons-beanutils-1.9.4,PropertyUtilsTestCase,testGetNestedUnknown_4_oe,src/test/java/org/apache/commons/beanutils/PropertyUtilsTestCase.java,,,,assert,unknown
bean_453_2,commons-beanutils-1.9.4,PropertyUtilsTestCase,testGetNestedWriteOnly_2_oe,src/test/java/org/apache/commons/beanutils/PropertyUtilsTestCase.java,,,,assert,unknown
bean_453_3,commons-beanutils-1.9.4,PropertyUtilsTestCase,testGetNestedWriteOnly_3_oe,src/test/java/org/apache/commons/beanutils/PropertyUtilsTestCase.java,,,,assert,unknown
bean_453_4,commons-beanutils-1.9.4,PropertyUtilsTestCase,testGetNestedWriteOnly_4_oe,src/test/java/org/apache/commons/beanutils/PropertyUtilsTestCase.java,,,,assert,unknown
bean_454_44,commons-beanutils-1.9.4,PropertyUtilsTestCase,testGetPropertyType_44_oe,src/test/java/org/apache/commons/beanutils/PropertyUtilsTestCase.java,,,,assert,unknown
bean_455_1,commons-beanutils-1.9.4,PropertyUtilsTestCase,testGetPublicSubBean_of_PackageBean_1_oe,src/test/java/org/apache/commons/beanutils/PropertyUtilsTestCase.java,,,,assert,unknown
bean_455_2,commons-beanutils-1.9.4,PropertyUtilsTestCase,testGetPublicSubBean_of_PackageBean_2_oe,src/test/java/org/apache/commons/beanutils/PropertyUtilsTestCase.java,,,,assert,unknown
bean_455_3,commons-beanutils-1.9.4,PropertyUtilsTestCase,testGetPublicSubBean_of_PackageBean_3_oe,src/test/java/org/apache/commons/beanutils/PropertyUtilsTestCase.java,,,,assert,unknown
bean_455_4,commons-beanutils-1.9.4,PropertyUtilsTestCase,testGetPublicSubBean_of_PackageBean_4_oe,src/test/java/org/apache/commons/beanutils/PropertyUtilsTestCase.java,,,,assert,unknown
bean_456_1,commons-beanutils-1.9.4,PropertyUtilsTestCase,testGetReadMethodPublicInterface_1_oe,src/test/java/org/apache/commons/beanutils/PropertyUtilsTestCase.java,,,,assert,unknown
bean_456_2,commons-beanutils-1.9.4,PropertyUtilsTestCase,testGetReadMethodPublicInterface_2_oe,src/test/java/org/apache/commons/beanutils/PropertyUtilsTestCase.java,,,,assert,unknown
bean_456_4,commons-beanutils-1.9.4,PropertyUtilsTestCase,testGetReadMethodPublicInterface_4_oe,src/test/java/org/apache/commons/beanutils/PropertyUtilsTestCase.java,,,,assert,unknown
bean_457_2,commons-beanutils-1.9.4,PropertyUtilsTestCase,testGetSimpleArguments_2_oe,src/test/java/org/apache/commons/beanutils/PropertyUtilsTestCase.java,,,,assert,unknown
bean_457_4,commons-beanutils-1.9.4,PropertyUtilsTestCase,testGetSimpleArguments_4_oe,src/test/java/org/apache/commons/beanutils/PropertyUtilsTestCase.java,,,,assert,unknown
bean_458_4,commons-beanutils-1.9.4,PropertyUtilsTestCase,testGetSimpleBoolean_4_oe,src/test/java/org/apache/commons/beanutils/PropertyUtilsTestCase.java,,,,assert,unknown
bean_458_5,commons-beanutils-1.9.4,PropertyUtilsTestCase,testGetSimpleBoolean_5_oe,src/test/java/org/apache/commons/beanutils/PropertyUtilsTestCase.java,,,,assert,unknown
bean_458_6,commons-beanutils-1.9.4,PropertyUtilsTestCase,testGetSimpleBoolean_6_oe,src/test/java/org/apache/commons/beanutils/PropertyUtilsTestCase.java,,,,assert,unknown
bean_458_7,commons-beanutils-1.9.4,PropertyUtilsTestCase,testGetSimpleBoolean_7_oe,src/test/java/org/apache/commons/beanutils/PropertyUtilsTestCase.java,,,,assert,unknown
bean_459_4,commons-beanutils-1.9.4,PropertyUtilsTestCase,testGetSimpleDouble_4_oe,src/test/java/org/apache/commons/beanutils/PropertyUtilsTestCase.java,,,,assert,unknown
bean_459_5,commons-beanutils-1.9.4,PropertyUtilsTestCase,testGetSimpleDouble_5_oe,src/test/java/org/apache/commons/beanutils/PropertyUtilsTestCase.java,,,,assert,unknown
bean_459_6,commons-beanutils-1.9.4,PropertyUtilsTestCase,testGetSimpleDouble_6_oe,src/test/java/org/apache/commons/beanutils/PropertyUtilsTestCase.java,,,,assert,unknown
bean_459_7,commons-beanutils-1.9.4,PropertyUtilsTestCase,testGetSimpleDouble_7_oe,src/test/java/org/apache/commons/beanutils/PropertyUtilsTestCase.java,,,,assert,unknown
bean_460_4,commons-beanutils-1.9.4,PropertyUtilsTestCase,testGetSimpleFloat_4_oe,src/test/java/org/apache/commons/beanutils/PropertyUtilsTestCase.java,,,,assert,unknown
bean_460_5,commons-beanutils-1.9.4,PropertyUtilsTestCase,testGetSimpleFloat_5_oe,src/test/java/org/apache/commons/beanutils/PropertyUtilsTestCase.java,,,,assert,unknown
bean_460_6,commons-beanutils-1.9.4,PropertyUtilsTestCase,testGetSimpleFloat_6_oe,src/test/java/org/apache/commons/beanutils/PropertyUtilsTestCase.java,,,,assert,unknown
bean_460_7,commons-beanutils-1.9.4,PropertyUtilsTestCase,testGetSimpleFloat_7_oe,src/test/java/org/apache/commons/beanutils/PropertyUtilsTestCase.java,,,,assert,unknown
bean_461_2,commons-beanutils-1.9.4,PropertyUtilsTestCase,testGetSimpleIndexed_2_oe,src/test/java/org/apache/commons/beanutils/PropertyUtilsTestCase.java,,,,assert,unknown
bean_461_3,commons-beanutils-1.9.4,PropertyUtilsTestCase,testGetSimpleIndexed_3_oe,src/test/java/org/apache/commons/beanutils/PropertyUtilsTestCase.java,,,,assert,unknown
bean_461_4,commons-beanutils-1.9.4,PropertyUtilsTestCase,testGetSimpleIndexed_4_oe,src/test/java/org/apache/commons/beanutils/PropertyUtilsTestCase.java,,,,assert,unknown
bean_462_4,commons-beanutils-1.9.4,PropertyUtilsTestCase,testGetSimpleInt_4_oe,src/test/java/org/apache/commons/beanutils/PropertyUtilsTestCase.java,,,,assert,unknown
bean_462_5,commons-beanutils-1.9.4,PropertyUtilsTestCase,testGetSimpleInt_5_oe,src/test/java/org/apache/commons/beanutils/PropertyUtilsTestCase.java,,,,assert,unknown
bean_462_6,commons-beanutils-1.9.4,PropertyUtilsTestCase,testGetSimpleInt_6_oe,src/test/java/org/apache/commons/beanutils/PropertyUtilsTestCase.java,,,,assert,unknown
bean_462_7,commons-beanutils-1.9.4,PropertyUtilsTestCase,testGetSimpleInt_7_oe,src/test/java/org/apache/commons/beanutils/PropertyUtilsTestCase.java,,,,assert,unknown
bean_463_4,commons-beanutils-1.9.4,PropertyUtilsTestCase,testGetSimpleLong_4_oe,src/test/java/org/apache/commons/beanutils/PropertyUtilsTestCase.java,,,,assert,unknown
bean_463_5,commons-beanutils-1.9.4,PropertyUtilsTestCase,testGetSimpleLong_5_oe,src/test/java/org/apache/commons/beanutils/PropertyUtilsTestCase.java,,,,assert,unknown
bean_463_6,commons-beanutils-1.9.4,PropertyUtilsTestCase,testGetSimpleLong_6_oe,src/test/java/org/apache/commons/beanutils/PropertyUtilsTestCase.java,,,,assert,unknown
bean_463_7,commons-beanutils-1.9.4,PropertyUtilsTestCase,testGetSimpleLong_7_oe,src/test/java/org/apache/commons/beanutils/PropertyUtilsTestCase.java,,,,assert,unknown
bean_464_2,commons-beanutils-1.9.4,PropertyUtilsTestCase,testGetSimpleNested_2_oe,src/test/java/org/apache/commons/beanutils/PropertyUtilsTestCase.java,,,,assert,unknown
bean_464_3,commons-beanutils-1.9.4,PropertyUtilsTestCase,testGetSimpleNested_3_oe,src/test/java/org/apache/commons/beanutils/PropertyUtilsTestCase.java,,,,assert,unknown
bean_464_4,commons-beanutils-1.9.4,PropertyUtilsTestCase,testGetSimpleNested_4_oe,src/test/java/org/apache/commons/beanutils/PropertyUtilsTestCase.java,,,,assert,unknown
bean_465_4,commons-beanutils-1.9.4,PropertyUtilsTestCase,testGetSimpleReadOnly_4_oe,src/test/java/org/apache/commons/beanutils/PropertyUtilsTestCase.java,,,,assert,unknown
bean_465_5,commons-beanutils-1.9.4,PropertyUtilsTestCase,testGetSimpleReadOnly_5_oe,src/test/java/org/apache/commons/beanutils/PropertyUtilsTestCase.java,,,,assert,unknown
bean_465_6,commons-beanutils-1.9.4,PropertyUtilsTestCase,testGetSimpleReadOnly_6_oe,src/test/java/org/apache/commons/beanutils/PropertyUtilsTestCase.java,,,,assert,unknown
bean_465_7,commons-beanutils-1.9.4,PropertyUtilsTestCase,testGetSimpleReadOnly_7_oe,src/test/java/org/apache/commons/beanutils/PropertyUtilsTestCase.java,,,,assert,unknown
bean_466_4,commons-beanutils-1.9.4,PropertyUtilsTestCase,testGetSimpleShort_4_oe,src/test/java/org/apache/commons/beanutils/PropertyUtilsTestCase.java,,,,assert,unknown
bean_466_5,commons-beanutils-1.9.4,PropertyUtilsTestCase,testGetSimpleShort_5_oe,src/test/java/org/apache/commons/beanutils/PropertyUtilsTestCase.java,,,,assert,unknown
bean_466_6,commons-beanutils-1.9.4,PropertyUtilsTestCase,testGetSimpleShort_6_oe,src/test/java/org/apache/commons/beanutils/PropertyUtilsTestCase.java,,,,assert,unknown
bean_466_7,commons-beanutils-1.9.4,PropertyUtilsTestCase,testGetSimpleShort_7_oe,src/test/java/org/apache/commons/beanutils/PropertyUtilsTestCase.java,,,,assert,unknown
bean_467_4,commons-beanutils-1.9.4,PropertyUtilsTestCase,testGetSimpleString_4_oe,src/test/java/org/apache/commons/beanutils/PropertyUtilsTestCase.java,,,,assert,unknown
bean_467_5,commons-beanutils-1.9.4,PropertyUtilsTestCase,testGetSimpleString_5_oe,src/test/java/org/apache/commons/beanutils/PropertyUtilsTestCase.java,,,,assert,unknown
bean_467_6,commons-beanutils-1.9.4,PropertyUtilsTestCase,testGetSimpleString_6_oe,src/test/java/org/apache/commons/beanutils/PropertyUtilsTestCase.java,,,,assert,unknown
bean_467_7,commons-beanutils-1.9.4,PropertyUtilsTestCase,testGetSimpleString_7_oe,src/test/java/org/apache/commons/beanutils/PropertyUtilsTestCase.java,,,,assert,unknown
bean_468_2,commons-beanutils-1.9.4,PropertyUtilsTestCase,testGetSimpleUnknown_2_oe,src/test/java/org/apache/commons/beanutils/PropertyUtilsTestCase.java,,,,assert,unknown
bean_468_3,commons-beanutils-1.9.4,PropertyUtilsTestCase,testGetSimpleUnknown_3_oe,src/test/java/org/apache/commons/beanutils/PropertyUtilsTestCase.java,,,,assert,unknown
bean_468_4,commons-beanutils-1.9.4,PropertyUtilsTestCase,testGetSimpleUnknown_4_oe,src/test/java/org/apache/commons/beanutils/PropertyUtilsTestCase.java,,,,assert,unknown
bean_468_5,commons-beanutils-1.9.4,PropertyUtilsTestCase,testGetSimpleUnknown_5_oe,src/test/java/org/apache/commons/beanutils/PropertyUtilsTestCase.java,,,,assert,unknown
bean_469_2,commons-beanutils-1.9.4,PropertyUtilsTestCase,testGetSimpleWriteOnly_2_oe,src/test/java/org/apache/commons/beanutils/PropertyUtilsTestCase.java,,,,assert,unknown
bean_469_3,commons-beanutils-1.9.4,PropertyUtilsTestCase,testGetSimpleWriteOnly_3_oe,src/test/java/org/apache/commons/beanutils/PropertyUtilsTestCase.java,,,,assert,unknown
bean_469_4,commons-beanutils-1.9.4,PropertyUtilsTestCase,testGetSimpleWriteOnly_4_oe,src/test/java/org/apache/commons/beanutils/PropertyUtilsTestCase.java,,,,assert,unknown
bean_469_5,commons-beanutils-1.9.4,PropertyUtilsTestCase,testGetSimpleWriteOnly_5_oe,src/test/java/org/apache/commons/beanutils/PropertyUtilsTestCase.java,,,,assert,unknown
bean_470_2,commons-beanutils-1.9.4,PropertyUtilsTestCase,testIsReadable_2_oe,src/test/java/org/apache/commons/beanutils/PropertyUtilsTestCase.java,,,,assert,unknown
bean_470_4,commons-beanutils-1.9.4,PropertyUtilsTestCase,testIsReadable_4_oe,src/test/java/org/apache/commons/beanutils/PropertyUtilsTestCase.java,,,,assert,unknown
bean_470_6,commons-beanutils-1.9.4,PropertyUtilsTestCase,testIsReadable_6_oe,src/test/java/org/apache/commons/beanutils/PropertyUtilsTestCase.java,,,,assert,unknown
bean_470_8,commons-beanutils-1.9.4,PropertyUtilsTestCase,testIsReadable_8_oe,src/test/java/org/apache/commons/beanutils/PropertyUtilsTestCase.java,,,,assert,unknown
bean_470_10,commons-beanutils-1.9.4,PropertyUtilsTestCase,testIsReadable_10_oe,src/test/java/org/apache/commons/beanutils/PropertyUtilsTestCase.java,,,,assert,unknown
bean_470_12,commons-beanutils-1.9.4,PropertyUtilsTestCase,testIsReadable_12_oe,src/test/java/org/apache/commons/beanutils/PropertyUtilsTestCase.java,,,,assert,unknown
bean_470_14,commons-beanutils-1.9.4,PropertyUtilsTestCase,testIsReadable_14_oe,src/test/java/org/apache/commons/beanutils/PropertyUtilsTestCase.java,,,,assert,unknown
bean_470_16,commons-beanutils-1.9.4,PropertyUtilsTestCase,testIsReadable_16_oe,src/test/java/org/apache/commons/beanutils/PropertyUtilsTestCase.java,,,,assert,unknown
bean_470_18,commons-beanutils-1.9.4,PropertyUtilsTestCase,testIsReadable_18_oe,src/test/java/org/apache/commons/beanutils/PropertyUtilsTestCase.java,,,,assert,unknown
bean_470_21,commons-beanutils-1.9.4,PropertyUtilsTestCase,testIsReadable_21_oe,src/test/java/org/apache/commons/beanutils/PropertyUtilsTestCase.java,,,,assert,unknown
bean_471_2,commons-beanutils-1.9.4,PropertyUtilsTestCase,testIsWriteable_2_oe,src/test/java/org/apache/commons/beanutils/PropertyUtilsTestCase.java,,,,assert,unknown
bean_471_4,commons-beanutils-1.9.4,PropertyUtilsTestCase,testIsWriteable_4_oe,src/test/java/org/apache/commons/beanutils/PropertyUtilsTestCase.java,,,,assert,unknown
bean_471_6,commons-beanutils-1.9.4,PropertyUtilsTestCase,testIsWriteable_6_oe,src/test/java/org/apache/commons/beanutils/PropertyUtilsTestCase.java,,,,assert,unknown
bean_471_8,commons-beanutils-1.9.4,PropertyUtilsTestCase,testIsWriteable_8_oe,src/test/java/org/apache/commons/beanutils/PropertyUtilsTestCase.java,,,,assert,unknown
bean_471_10,commons-beanutils-1.9.4,PropertyUtilsTestCase,testIsWriteable_10_oe,src/test/java/org/apache/commons/beanutils/PropertyUtilsTestCase.java,,,,assert,unknown
bean_471_12,commons-beanutils-1.9.4,PropertyUtilsTestCase,testIsWriteable_12_oe,src/test/java/org/apache/commons/beanutils/PropertyUtilsTestCase.java,,,,assert,unknown
bean_471_14,commons-beanutils-1.9.4,PropertyUtilsTestCase,testIsWriteable_14_oe,src/test/java/org/apache/commons/beanutils/PropertyUtilsTestCase.java,,,,assert,unknown
bean_471_16,commons-beanutils-1.9.4,PropertyUtilsTestCase,testIsWriteable_16_oe,src/test/java/org/apache/commons/beanutils/PropertyUtilsTestCase.java,,,,assert,unknown
bean_471_18,commons-beanutils-1.9.4,PropertyUtilsTestCase,testIsWriteable_18_oe,src/test/java/org/apache/commons/beanutils/PropertyUtilsTestCase.java,,,,assert,unknown
bean_471_21,commons-beanutils-1.9.4,PropertyUtilsTestCase,testIsWriteable_21_oe,src/test/java/org/apache/commons/beanutils/PropertyUtilsTestCase.java,,,,assert,unknown
bean_472_1,commons-beanutils-1.9.4,PropertyUtilsTestCase,testMappedPropertyType_1_oe,src/test/java/org/apache/commons/beanutils/PropertyUtilsTestCase.java,,,,assert,unknown
bean_472_2,commons-beanutils-1.9.4,PropertyUtilsTestCase,testMappedPropertyType_2_oe,src/test/java/org/apache/commons/beanutils/PropertyUtilsTestCase.java,,,,assert,unknown
bean_473_2,commons-beanutils-1.9.4,PropertyUtilsTestCase,testSetIndexedArguments_2_oe,src/test/java/org/apache/commons/beanutils/PropertyUtilsTestCase.java,,,,assert,unknown
bean_473_4,commons-beanutils-1.9.4,PropertyUtilsTestCase,testSetIndexedArguments_4_oe,src/test/java/org/apache/commons/beanutils/PropertyUtilsTestCase.java,,,,assert,unknown
bean_473_6,commons-beanutils-1.9.4,PropertyUtilsTestCase,testSetIndexedArguments_6_oe,src/test/java/org/apache/commons/beanutils/PropertyUtilsTestCase.java,,,,assert,unknown
bean_473_8,commons-beanutils-1.9.4,PropertyUtilsTestCase,testSetIndexedArguments_8_oe,src/test/java/org/apache/commons/beanutils/PropertyUtilsTestCase.java,,,,assert,unknown
bean_473_10,commons-beanutils-1.9.4,PropertyUtilsTestCase,testSetIndexedArguments_10_oe,src/test/java/org/apache/commons/beanutils/PropertyUtilsTestCase.java,,,,assert,unknown
bean_473_12,commons-beanutils-1.9.4,PropertyUtilsTestCase,testSetIndexedArguments_12_oe,src/test/java/org/apache/commons/beanutils/PropertyUtilsTestCase.java,,,,assert,unknown
bean_473_14,commons-beanutils-1.9.4,PropertyUtilsTestCase,testSetIndexedArguments_14_oe,src/test/java/org/apache/commons/beanutils/PropertyUtilsTestCase.java,,,,assert,unknown
bean_473_16,commons-beanutils-1.9.4,PropertyUtilsTestCase,testSetIndexedArguments_16_oe,src/test/java/org/apache/commons/beanutils/PropertyUtilsTestCase.java,,,,assert,unknown
bean_473_18,commons-beanutils-1.9.4,PropertyUtilsTestCase,testSetIndexedArguments_18_oe,src/test/java/org/apache/commons/beanutils/PropertyUtilsTestCase.java,,,,assert,unknown
bean_473_20,commons-beanutils-1.9.4,PropertyUtilsTestCase,testSetIndexedArguments_20_oe,src/test/java/org/apache/commons/beanutils/PropertyUtilsTestCase.java,,,,assert,unknown
bean_474_1,commons-beanutils-1.9.4,PropertyUtilsTestCase,testSetIndexedArray_1_oe,src/test/java/org/apache/commons/beanutils/PropertyUtilsTestCase.java,,,,assert,unknown
bean_474_2,commons-beanutils-1.9.4,PropertyUtilsTestCase,testSetIndexedArray_2_oe,src/test/java/org/apache/commons/beanutils/PropertyUtilsTestCase.java,,,,assert,unknown
bean_474_3,commons-beanutils-1.9.4,PropertyUtilsTestCase,testSetIndexedArray_3_oe,src/test/java/org/apache/commons/beanutils/PropertyUtilsTestCase.java,,,,assert,unknown
bean_475_1,commons-beanutils-1.9.4,PropertyUtilsTestCase,testSetIndexedList_1_oe,src/test/java/org/apache/commons/beanutils/PropertyUtilsTestCase.java,,,,assert,unknown
bean_475_2,commons-beanutils-1.9.4,PropertyUtilsTestCase,testSetIndexedList_2_oe,src/test/java/org/apache/commons/beanutils/PropertyUtilsTestCase.java,,,,assert,unknown
bean_475_3,commons-beanutils-1.9.4,PropertyUtilsTestCase,testSetIndexedList_3_oe,src/test/java/org/apache/commons/beanutils/PropertyUtilsTestCase.java,,,,assert,unknown
bean_476_1,commons-beanutils-1.9.4,PropertyUtilsTestCase,testSetIndexedMap_1_oe,src/test/java/org/apache/commons/beanutils/PropertyUtilsTestCase.java,,,,assert,unknown
bean_476_2,commons-beanutils-1.9.4,PropertyUtilsTestCase,testSetIndexedMap_2_oe,src/test/java/org/apache/commons/beanutils/PropertyUtilsTestCase.java,,,,assert,unknown
bean_476_3,commons-beanutils-1.9.4,PropertyUtilsTestCase,testSetIndexedMap_3_oe,src/test/java/org/apache/commons/beanutils/PropertyUtilsTestCase.java,,,,assert,unknown
bean_476_4,commons-beanutils-1.9.4,PropertyUtilsTestCase,testSetIndexedMap_4_oe,src/test/java/org/apache/commons/beanutils/PropertyUtilsTestCase.java,,,,assert,unknown
bean_476_5,commons-beanutils-1.9.4,PropertyUtilsTestCase,testSetIndexedMap_5_oe,src/test/java/org/apache/commons/beanutils/PropertyUtilsTestCase.java,,,,assert,unknown
bean_477_4,commons-beanutils-1.9.4,PropertyUtilsTestCase,testSetIndexedValues_4_oe,src/test/java/org/apache/commons/beanutils/PropertyUtilsTestCase.java,,,,assert,unknown
bean_477_8,commons-beanutils-1.9.4,PropertyUtilsTestCase,testSetIndexedValues_8_oe,src/test/java/org/apache/commons/beanutils/PropertyUtilsTestCase.java,,,,assert,unknown
bean_477_12,commons-beanutils-1.9.4,PropertyUtilsTestCase,testSetIndexedValues_12_oe,src/test/java/org/apache/commons/beanutils/PropertyUtilsTestCase.java,,,,assert,unknown
bean_477_16,commons-beanutils-1.9.4,PropertyUtilsTestCase,testSetIndexedValues_16_oe,src/test/java/org/apache/commons/beanutils/PropertyUtilsTestCase.java,,,,assert,unknown
bean_477_20,commons-beanutils-1.9.4,PropertyUtilsTestCase,testSetIndexedValues_20_oe,src/test/java/org/apache/commons/beanutils/PropertyUtilsTestCase.java,,,,assert,unknown
bean_477_24,commons-beanutils-1.9.4,PropertyUtilsTestCase,testSetIndexedValues_24_oe,src/test/java/org/apache/commons/beanutils/PropertyUtilsTestCase.java,,,,assert,unknown
bean_477_28,commons-beanutils-1.9.4,PropertyUtilsTestCase,testSetIndexedValues_28_oe,src/test/java/org/apache/commons/beanutils/PropertyUtilsTestCase.java,,,,assert,unknown
bean_477_32,commons-beanutils-1.9.4,PropertyUtilsTestCase,testSetIndexedValues_32_oe,src/test/java/org/apache/commons/beanutils/PropertyUtilsTestCase.java,,,,assert,unknown
bean_477_36,commons-beanutils-1.9.4,PropertyUtilsTestCase,testSetIndexedValues_36_oe,src/test/java/org/apache/commons/beanutils/PropertyUtilsTestCase.java,,,,assert,unknown
bean_477_40,commons-beanutils-1.9.4,PropertyUtilsTestCase,testSetIndexedValues_40_oe,src/test/java/org/apache/commons/beanutils/PropertyUtilsTestCase.java,,,,assert,unknown
bean_477_44,commons-beanutils-1.9.4,PropertyUtilsTestCase,testSetIndexedValues_44_oe,src/test/java/org/apache/commons/beanutils/PropertyUtilsTestCase.java,,,,assert,unknown
bean_477_48,commons-beanutils-1.9.4,PropertyUtilsTestCase,testSetIndexedValues_48_oe,src/test/java/org/apache/commons/beanutils/PropertyUtilsTestCase.java,,,,assert,unknown
bean_477_50,commons-beanutils-1.9.4,PropertyUtilsTestCase,testSetIndexedValues_50_oe,src/test/java/org/apache/commons/beanutils/PropertyUtilsTestCase.java,,,,assert,unknown
bean_477_52,commons-beanutils-1.9.4,PropertyUtilsTestCase,testSetIndexedValues_52_oe,src/test/java/org/apache/commons/beanutils/PropertyUtilsTestCase.java,,,,assert,unknown
bean_477_54,commons-beanutils-1.9.4,PropertyUtilsTestCase,testSetIndexedValues_54_oe,src/test/java/org/apache/commons/beanutils/PropertyUtilsTestCase.java,,,,assert,unknown
bean_477_56,commons-beanutils-1.9.4,PropertyUtilsTestCase,testSetIndexedValues_56_oe,src/test/java/org/apache/commons/beanutils/PropertyUtilsTestCase.java,,,,assert,unknown
bean_477_58,commons-beanutils-1.9.4,PropertyUtilsTestCase,testSetIndexedValues_58_oe,src/test/java/org/apache/commons/beanutils/PropertyUtilsTestCase.java,,,,assert,unknown
bean_477_60,commons-beanutils-1.9.4,PropertyUtilsTestCase,testSetIndexedValues_60_oe,src/test/java/org/apache/commons/beanutils/PropertyUtilsTestCase.java,,,,assert,unknown
bean_477_62,commons-beanutils-1.9.4,PropertyUtilsTestCase,testSetIndexedValues_62_oe,src/test/java/org/apache/commons/beanutils/PropertyUtilsTestCase.java,,,,assert,unknown
bean_477_64,commons-beanutils-1.9.4,PropertyUtilsTestCase,testSetIndexedValues_64_oe,src/test/java/org/apache/commons/beanutils/PropertyUtilsTestCase.java,,,,assert,unknown
bean_477_66,commons-beanutils-1.9.4,PropertyUtilsTestCase,testSetIndexedValues_66_oe,src/test/java/org/apache/commons/beanutils/PropertyUtilsTestCase.java,,,,assert,unknown
bean_477_68,commons-beanutils-1.9.4,PropertyUtilsTestCase,testSetIndexedValues_68_oe,src/test/java/org/apache/commons/beanutils/PropertyUtilsTestCase.java,,,,assert,unknown
bean_477_70,commons-beanutils-1.9.4,PropertyUtilsTestCase,testSetIndexedValues_70_oe,src/test/java/org/apache/commons/beanutils/PropertyUtilsTestCase.java,,,,assert,unknown
bean_477_72,commons-beanutils-1.9.4,PropertyUtilsTestCase,testSetIndexedValues_72_oe,src/test/java/org/apache/commons/beanutils/PropertyUtilsTestCase.java,,,,assert,unknown
bean_478_2,commons-beanutils-1.9.4,PropertyUtilsTestCase,testSetMappedArguments_2_oe,src/test/java/org/apache/commons/beanutils/PropertyUtilsTestCase.java,,,,assert,unknown
bean_478_4,commons-beanutils-1.9.4,PropertyUtilsTestCase,testSetMappedArguments_4_oe,src/test/java/org/apache/commons/beanutils/PropertyUtilsTestCase.java,,,,assert,unknown
bean_478_6,commons-beanutils-1.9.4,PropertyUtilsTestCase,testSetMappedArguments_6_oe,src/test/java/org/apache/commons/beanutils/PropertyUtilsTestCase.java,,,,assert,unknown
bean_478_8,commons-beanutils-1.9.4,PropertyUtilsTestCase,testSetMappedArguments_8_oe,src/test/java/org/apache/commons/beanutils/PropertyUtilsTestCase.java,,,,assert,unknown
bean_478_10,commons-beanutils-1.9.4,PropertyUtilsTestCase,testSetMappedArguments_10_oe,src/test/java/org/apache/commons/beanutils/PropertyUtilsTestCase.java,,,,assert,unknown
bean_478_12,commons-beanutils-1.9.4,PropertyUtilsTestCase,testSetMappedArguments_12_oe,src/test/java/org/apache/commons/beanutils/PropertyUtilsTestCase.java,,,,assert,unknown
bean_479_1,commons-beanutils-1.9.4,PropertyUtilsTestCase,testSetMappedArray_1_oe,src/test/java/org/apache/commons/beanutils/PropertyUtilsTestCase.java,,,,assert,unknown
bean_479_2,commons-beanutils-1.9.4,PropertyUtilsTestCase,testSetMappedArray_2_oe,src/test/java/org/apache/commons/beanutils/PropertyUtilsTestCase.java,,,,assert,unknown
bean_479_3,commons-beanutils-1.9.4,PropertyUtilsTestCase,testSetMappedArray_3_oe,src/test/java/org/apache/commons/beanutils/PropertyUtilsTestCase.java,,,,assert,unknown
bean_480_1,commons-beanutils-1.9.4,PropertyUtilsTestCase,testSetMappedList_1_oe,src/test/java/org/apache/commons/beanutils/PropertyUtilsTestCase.java,,,,assert,unknown
bean_480_2,commons-beanutils-1.9.4,PropertyUtilsTestCase,testSetMappedList_2_oe,src/test/java/org/apache/commons/beanutils/PropertyUtilsTestCase.java,,,,assert,unknown
bean_480_3,commons-beanutils-1.9.4,PropertyUtilsTestCase,testSetMappedList_3_oe,src/test/java/org/apache/commons/beanutils/PropertyUtilsTestCase.java,,,,assert,unknown
bean_481_1,commons-beanutils-1.9.4,PropertyUtilsTestCase,testSetMappedMap_1_oe,src/test/java/org/apache/commons/beanutils/PropertyUtilsTestCase.java,,,,assert,unknown
bean_481_2,commons-beanutils-1.9.4,PropertyUtilsTestCase,testSetMappedMap_2_oe,src/test/java/org/apache/commons/beanutils/PropertyUtilsTestCase.java,,,,assert,unknown
bean_481_3,commons-beanutils-1.9.4,PropertyUtilsTestCase,testSetMappedMap_3_oe,src/test/java/org/apache/commons/beanutils/PropertyUtilsTestCase.java,,,,assert,unknown
bean_482_2,commons-beanutils-1.9.4,PropertyUtilsTestCase,testSetMappedValues_2_oe,src/test/java/org/apache/commons/beanutils/PropertyUtilsTestCase.java,,,,assert,unknown
bean_482_3,commons-beanutils-1.9.4,PropertyUtilsTestCase,testSetMappedValues_3_oe,src/test/java/org/apache/commons/beanutils/PropertyUtilsTestCase.java,,,,assert,unknown
bean_482_5,commons-beanutils-1.9.4,PropertyUtilsTestCase,testSetMappedValues_5_oe,src/test/java/org/apache/commons/beanutils/PropertyUtilsTestCase.java,,,,assert,unknown
bean_482_7,commons-beanutils-1.9.4,PropertyUtilsTestCase,testSetMappedValues_7_oe,src/test/java/org/apache/commons/beanutils/PropertyUtilsTestCase.java,,,,assert,unknown
bean_482_8,commons-beanutils-1.9.4,PropertyUtilsTestCase,testSetMappedValues_8_oe,src/test/java/org/apache/commons/beanutils/PropertyUtilsTestCase.java,,,,assert,unknown
bean_482_10,commons-beanutils-1.9.4,PropertyUtilsTestCase,testSetMappedValues_10_oe,src/test/java/org/apache/commons/beanutils/PropertyUtilsTestCase.java,,,,assert,unknown
bean_482_12,commons-beanutils-1.9.4,PropertyUtilsTestCase,testSetMappedValues_12_oe,src/test/java/org/apache/commons/beanutils/PropertyUtilsTestCase.java,,,,assert,unknown
bean_482_13,commons-beanutils-1.9.4,PropertyUtilsTestCase,testSetMappedValues_13_oe,src/test/java/org/apache/commons/beanutils/PropertyUtilsTestCase.java,,,,assert,unknown
bean_482_15,commons-beanutils-1.9.4,PropertyUtilsTestCase,testSetMappedValues_15_oe,src/test/java/org/apache/commons/beanutils/PropertyUtilsTestCase.java,,,,assert,unknown
bean_483_1,commons-beanutils-1.9.4,PropertyUtilsTestCase,testSetMappedPeriods_1_oe,src/test/java/org/apache/commons/beanutils/PropertyUtilsTestCase.java,,,,assert,unknown
bean_483_3,commons-beanutils-1.9.4,PropertyUtilsTestCase,testSetMappedPeriods_3_oe,src/test/java/org/apache/commons/beanutils/PropertyUtilsTestCase.java,,,,assert,unknown
bean_483_4,commons-beanutils-1.9.4,PropertyUtilsTestCase,testSetMappedPeriods_4_oe,src/test/java/org/apache/commons/beanutils/PropertyUtilsTestCase.java,,,,assert,unknown
bean_483_6,commons-beanutils-1.9.4,PropertyUtilsTestCase,testSetMappedPeriods_6_oe,src/test/java/org/apache/commons/beanutils/PropertyUtilsTestCase.java,,,,assert,unknown
bean_483_7,commons-beanutils-1.9.4,PropertyUtilsTestCase,testSetMappedPeriods_7_oe,src/test/java/org/apache/commons/beanutils/PropertyUtilsTestCase.java,,,,assert,unknown
bean_483_9,commons-beanutils-1.9.4,PropertyUtilsTestCase,testSetMappedPeriods_9_oe,src/test/java/org/apache/commons/beanutils/PropertyUtilsTestCase.java,,,,assert,unknown
bean_483_12,commons-beanutils-1.9.4,PropertyUtilsTestCase,testSetMappedPeriods_12_oe,src/test/java/org/apache/commons/beanutils/PropertyUtilsTestCase.java,,,,assert,unknown
bean_484_2,commons-beanutils-1.9.4,PropertyUtilsTestCase,testSetNestedArguments_2_oe,src/test/java/org/apache/commons/beanutils/PropertyUtilsTestCase.java,,,,assert,unknown
bean_484_4,commons-beanutils-1.9.4,PropertyUtilsTestCase,testSetNestedArguments_4_oe,src/test/java/org/apache/commons/beanutils/PropertyUtilsTestCase.java,,,,assert,unknown
bean_485_2,commons-beanutils-1.9.4,PropertyUtilsTestCase,testSetNestedBoolean_2_oe,src/test/java/org/apache/commons/beanutils/PropertyUtilsTestCase.java,,,,assert,unknown
bean_485_3,commons-beanutils-1.9.4,PropertyUtilsTestCase,testSetNestedBoolean_3_oe,src/test/java/org/apache/commons/beanutils/PropertyUtilsTestCase.java,,,,assert,unknown
bean_485_4,commons-beanutils-1.9.4,PropertyUtilsTestCase,testSetNestedBoolean_4_oe,src/test/java/org/apache/commons/beanutils/PropertyUtilsTestCase.java,,,,assert,unknown
bean_485_5,commons-beanutils-1.9.4,PropertyUtilsTestCase,testSetNestedBoolean_5_oe,src/test/java/org/apache/commons/beanutils/PropertyUtilsTestCase.java,,,,assert,unknown
bean_486_2,commons-beanutils-1.9.4,PropertyUtilsTestCase,testSetNestedDouble_2_oe,src/test/java/org/apache/commons/beanutils/PropertyUtilsTestCase.java,,,,assert,unknown
bean_486_3,commons-beanutils-1.9.4,PropertyUtilsTestCase,testSetNestedDouble_3_oe,src/test/java/org/apache/commons/beanutils/PropertyUtilsTestCase.java,,,,assert,unknown
bean_486_4,commons-beanutils-1.9.4,PropertyUtilsTestCase,testSetNestedDouble_4_oe,src/test/java/org/apache/commons/beanutils/PropertyUtilsTestCase.java,,,,assert,unknown
bean_486_5,commons-beanutils-1.9.4,PropertyUtilsTestCase,testSetNestedDouble_5_oe,src/test/java/org/apache/commons/beanutils/PropertyUtilsTestCase.java,,,,assert,unknown
bean_487_2,commons-beanutils-1.9.4,PropertyUtilsTestCase,testSetNestedFloat_2_oe,src/test/java/org/apache/commons/beanutils/PropertyUtilsTestCase.java,,,,assert,unknown
bean_487_3,commons-beanutils-1.9.4,PropertyUtilsTestCase,testSetNestedFloat_3_oe,src/test/java/org/apache/commons/beanutils/PropertyUtilsTestCase.java,,,,assert,unknown
bean_487_4,commons-beanutils-1.9.4,PropertyUtilsTestCase,testSetNestedFloat_4_oe,src/test/java/org/apache/commons/beanutils/PropertyUtilsTestCase.java,,,,assert,unknown
bean_487_5,commons-beanutils-1.9.4,PropertyUtilsTestCase,testSetNestedFloat_5_oe,src/test/java/org/apache/commons/beanutils/PropertyUtilsTestCase.java,,,,assert,unknown
bean_488_2,commons-beanutils-1.9.4,PropertyUtilsTestCase,testSetNestedInt_2_oe,src/test/java/org/apache/commons/beanutils/PropertyUtilsTestCase.java,,,,assert,unknown
bean_488_3,commons-beanutils-1.9.4,PropertyUtilsTestCase,testSetNestedInt_3_oe,src/test/java/org/apache/commons/beanutils/PropertyUtilsTestCase.java,,,,assert,unknown
bean_488_4,commons-beanutils-1.9.4,PropertyUtilsTestCase,testSetNestedInt_4_oe,src/test/java/org/apache/commons/beanutils/PropertyUtilsTestCase.java,,,,assert,unknown
bean_488_5,commons-beanutils-1.9.4,PropertyUtilsTestCase,testSetNestedInt_5_oe,src/test/java/org/apache/commons/beanutils/PropertyUtilsTestCase.java,,,,assert,unknown
bean_489_2,commons-beanutils-1.9.4,PropertyUtilsTestCase,testSetNestedLong_2_oe,src/test/java/org/apache/commons/beanutils/PropertyUtilsTestCase.java,,,,assert,unknown
bean_489_3,commons-beanutils-1.9.4,PropertyUtilsTestCase,testSetNestedLong_3_oe,src/test/java/org/apache/commons/beanutils/PropertyUtilsTestCase.java,,,,assert,unknown
bean_489_4,commons-beanutils-1.9.4,PropertyUtilsTestCase,testSetNestedLong_4_oe,src/test/java/org/apache/commons/beanutils/PropertyUtilsTestCase.java,,,,assert,unknown
bean_489_5,commons-beanutils-1.9.4,PropertyUtilsTestCase,testSetNestedLong_5_oe,src/test/java/org/apache/commons/beanutils/PropertyUtilsTestCase.java,,,,assert,unknown
bean_490_2,commons-beanutils-1.9.4,PropertyUtilsTestCase,testSetNestedReadOnly_2_oe,src/test/java/org/apache/commons/beanutils/PropertyUtilsTestCase.java,,,,assert,unknown
bean_490_3,commons-beanutils-1.9.4,PropertyUtilsTestCase,testSetNestedReadOnly_3_oe,src/test/java/org/apache/commons/beanutils/PropertyUtilsTestCase.java,,,,assert,unknown
bean_490_4,commons-beanutils-1.9.4,PropertyUtilsTestCase,testSetNestedReadOnly_4_oe,src/test/java/org/apache/commons/beanutils/PropertyUtilsTestCase.java,,,,assert,unknown
bean_491_2,commons-beanutils-1.9.4,PropertyUtilsTestCase,testSetNestedShort_2_oe,src/test/java/org/apache/commons/beanutils/PropertyUtilsTestCase.java,,,,assert,unknown
bean_491_3,commons-beanutils-1.9.4,PropertyUtilsTestCase,testSetNestedShort_3_oe,src/test/java/org/apache/commons/beanutils/PropertyUtilsTestCase.java,,,,assert,unknown
bean_491_4,commons-beanutils-1.9.4,PropertyUtilsTestCase,testSetNestedShort_4_oe,src/test/java/org/apache/commons/beanutils/PropertyUtilsTestCase.java,,,,assert,unknown
bean_491_5,commons-beanutils-1.9.4,PropertyUtilsTestCase,testSetNestedShort_5_oe,src/test/java/org/apache/commons/beanutils/PropertyUtilsTestCase.java,,,,assert,unknown
bean_492_2,commons-beanutils-1.9.4,PropertyUtilsTestCase,testSetNestedString_2_oe,src/test/java/org/apache/commons/beanutils/PropertyUtilsTestCase.java,,,,assert,unknown
bean_492_3,commons-beanutils-1.9.4,PropertyUtilsTestCase,testSetNestedString_3_oe,src/test/java/org/apache/commons/beanutils/PropertyUtilsTestCase.java,,,,assert,unknown
bean_492_4,commons-beanutils-1.9.4,PropertyUtilsTestCase,testSetNestedString_4_oe,src/test/java/org/apache/commons/beanutils/PropertyUtilsTestCase.java,,,,assert,unknown
bean_492_5,commons-beanutils-1.9.4,PropertyUtilsTestCase,testSetNestedString_5_oe,src/test/java/org/apache/commons/beanutils/PropertyUtilsTestCase.java,,,,assert,unknown
bean_493_2,commons-beanutils-1.9.4,PropertyUtilsTestCase,testSetNestedUnknown_2_oe,src/test/java/org/apache/commons/beanutils/PropertyUtilsTestCase.java,,,,assert,unknown
bean_493_3,commons-beanutils-1.9.4,PropertyUtilsTestCase,testSetNestedUnknown_3_oe,src/test/java/org/apache/commons/beanutils/PropertyUtilsTestCase.java,,,,assert,unknown
bean_493_4,commons-beanutils-1.9.4,PropertyUtilsTestCase,testSetNestedUnknown_4_oe,src/test/java/org/apache/commons/beanutils/PropertyUtilsTestCase.java,,,,assert,unknown
bean_494_2,commons-beanutils-1.9.4,PropertyUtilsTestCase,testSetNestedWriteOnly_2_oe,src/test/java/org/apache/commons/beanutils/PropertyUtilsTestCase.java,,,,assert,unknown
bean_494_3,commons-beanutils-1.9.4,PropertyUtilsTestCase,testSetNestedWriteOnly_3_oe,src/test/java/org/apache/commons/beanutils/PropertyUtilsTestCase.java,,,,assert,unknown
bean_494_4,commons-beanutils-1.9.4,PropertyUtilsTestCase,testSetNestedWriteOnly_4_oe,src/test/java/org/apache/commons/beanutils/PropertyUtilsTestCase.java,,,,assert,unknown
bean_494_5,commons-beanutils-1.9.4,PropertyUtilsTestCase,testSetNestedWriteOnly_5_oe,src/test/java/org/apache/commons/beanutils/PropertyUtilsTestCase.java,,,,assert,unknown
bean_495_2,commons-beanutils-1.9.4,PropertyUtilsTestCase,testSetSimpleArguments_2_oe,src/test/java/org/apache/commons/beanutils/PropertyUtilsTestCase.java,,,,assert,unknown
bean_495_4,commons-beanutils-1.9.4,PropertyUtilsTestCase,testSetSimpleArguments_4_oe,src/test/java/org/apache/commons/beanutils/PropertyUtilsTestCase.java,,,,assert,unknown
bean_496_2,commons-beanutils-1.9.4,PropertyUtilsTestCase,testSetSimpleBoolean_2_oe,src/test/java/org/apache/commons/beanutils/PropertyUtilsTestCase.java,,,,assert,unknown
bean_496_3,commons-beanutils-1.9.4,PropertyUtilsTestCase,testSetSimpleBoolean_3_oe,src/test/java/org/apache/commons/beanutils/PropertyUtilsTestCase.java,,,,assert,unknown
bean_496_4,commons-beanutils-1.9.4,PropertyUtilsTestCase,testSetSimpleBoolean_4_oe,src/test/java/org/apache/commons/beanutils/PropertyUtilsTestCase.java,,,,assert,unknown
bean_496_5,commons-beanutils-1.9.4,PropertyUtilsTestCase,testSetSimpleBoolean_5_oe,src/test/java/org/apache/commons/beanutils/PropertyUtilsTestCase.java,,,,assert,unknown
bean_497_2,commons-beanutils-1.9.4,PropertyUtilsTestCase,testSetSimpleDouble_2_oe,src/test/java/org/apache/commons/beanutils/PropertyUtilsTestCase.java,,,,assert,unknown
bean_497_3,commons-beanutils-1.9.4,PropertyUtilsTestCase,testSetSimpleDouble_3_oe,src/test/java/org/apache/commons/beanutils/PropertyUtilsTestCase.java,,,,assert,unknown
bean_497_4,commons-beanutils-1.9.4,PropertyUtilsTestCase,testSetSimpleDouble_4_oe,src/test/java/org/apache/commons/beanutils/PropertyUtilsTestCase.java,,,,assert,unknown
bean_497_5,commons-beanutils-1.9.4,PropertyUtilsTestCase,testSetSimpleDouble_5_oe,src/test/java/org/apache/commons/beanutils/PropertyUtilsTestCase.java,,,,assert,unknown
bean_498_2,commons-beanutils-1.9.4,PropertyUtilsTestCase,testSetSimpleFloat_2_oe,src/test/java/org/apache/commons/beanutils/PropertyUtilsTestCase.java,,,,assert,unknown
bean_498_3,commons-beanutils-1.9.4,PropertyUtilsTestCase,testSetSimpleFloat_3_oe,src/test/java/org/apache/commons/beanutils/PropertyUtilsTestCase.java,,,,assert,unknown
bean_498_4,commons-beanutils-1.9.4,PropertyUtilsTestCase,testSetSimpleFloat_4_oe,src/test/java/org/apache/commons/beanutils/PropertyUtilsTestCase.java,,,,assert,unknown
bean_498_5,commons-beanutils-1.9.4,PropertyUtilsTestCase,testSetSimpleFloat_5_oe,src/test/java/org/apache/commons/beanutils/PropertyUtilsTestCase.java,,,,assert,unknown
bean_499_2,commons-beanutils-1.9.4,PropertyUtilsTestCase,testSetSimpleIndexed_2_oe,src/test/java/org/apache/commons/beanutils/PropertyUtilsTestCase.java,,,,assert,unknown
bean_499_3,commons-beanutils-1.9.4,PropertyUtilsTestCase,testSetSimpleIndexed_3_oe,src/test/java/org/apache/commons/beanutils/PropertyUtilsTestCase.java,,,,assert,unknown
bean_499_4,commons-beanutils-1.9.4,PropertyUtilsTestCase,testSetSimpleIndexed_4_oe,src/test/java/org/apache/commons/beanutils/PropertyUtilsTestCase.java,,,,assert,unknown
bean_500_2,commons-beanutils-1.9.4,PropertyUtilsTestCase,testSetSimpleInt_2_oe,src/test/java/org/apache/commons/beanutils/PropertyUtilsTestCase.java,,,,assert,unknown
bean_500_3,commons-beanutils-1.9.4,PropertyUtilsTestCase,testSetSimpleInt_3_oe,src/test/java/org/apache/commons/beanutils/PropertyUtilsTestCase.java,,,,assert,unknown
bean_500_4,commons-beanutils-1.9.4,PropertyUtilsTestCase,testSetSimpleInt_4_oe,src/test/java/org/apache/commons/beanutils/PropertyUtilsTestCase.java,,,,assert,unknown
bean_500_5,commons-beanutils-1.9.4,PropertyUtilsTestCase,testSetSimpleInt_5_oe,src/test/java/org/apache/commons/beanutils/PropertyUtilsTestCase.java,,,,assert,unknown
bean_501_2,commons-beanutils-1.9.4,PropertyUtilsTestCase,testSetSimpleLong_2_oe,src/test/java/org/apache/commons/beanutils/PropertyUtilsTestCase.java,,,,assert,unknown
bean_501_3,commons-beanutils-1.9.4,PropertyUtilsTestCase,testSetSimpleLong_3_oe,src/test/java/org/apache/commons/beanutils/PropertyUtilsTestCase.java,,,,assert,unknown
bean_501_4,commons-beanutils-1.9.4,PropertyUtilsTestCase,testSetSimpleLong_4_oe,src/test/java/org/apache/commons/beanutils/PropertyUtilsTestCase.java,,,,assert,unknown
bean_501_5,commons-beanutils-1.9.4,PropertyUtilsTestCase,testSetSimpleLong_5_oe,src/test/java/org/apache/commons/beanutils/PropertyUtilsTestCase.java,,,,assert,unknown
bean_502_2,commons-beanutils-1.9.4,PropertyUtilsTestCase,testSetSimpleNested_2_oe,src/test/java/org/apache/commons/beanutils/PropertyUtilsTestCase.java,,,,assert,unknown
bean_502_3,commons-beanutils-1.9.4,PropertyUtilsTestCase,testSetSimpleNested_3_oe,src/test/java/org/apache/commons/beanutils/PropertyUtilsTestCase.java,,,,assert,unknown
bean_502_4,commons-beanutils-1.9.4,PropertyUtilsTestCase,testSetSimpleNested_4_oe,src/test/java/org/apache/commons/beanutils/PropertyUtilsTestCase.java,,,,assert,unknown
bean_503_2,commons-beanutils-1.9.4,PropertyUtilsTestCase,testSetSimpleReadOnly_2_oe,src/test/java/org/apache/commons/beanutils/PropertyUtilsTestCase.java,,,,assert,unknown
bean_503_3,commons-beanutils-1.9.4,PropertyUtilsTestCase,testSetSimpleReadOnly_3_oe,src/test/java/org/apache/commons/beanutils/PropertyUtilsTestCase.java,,,,assert,unknown
bean_503_4,commons-beanutils-1.9.4,PropertyUtilsTestCase,testSetSimpleReadOnly_4_oe,src/test/java/org/apache/commons/beanutils/PropertyUtilsTestCase.java,,,,assert,unknown
bean_503_5,commons-beanutils-1.9.4,PropertyUtilsTestCase,testSetSimpleReadOnly_5_oe,src/test/java/org/apache/commons/beanutils/PropertyUtilsTestCase.java,,,,assert,unknown
bean_504_2,commons-beanutils-1.9.4,PropertyUtilsTestCase,testSetSimpleShort_2_oe,src/test/java/org/apache/commons/beanutils/PropertyUtilsTestCase.java,,,,assert,unknown
bean_504_3,commons-beanutils-1.9.4,PropertyUtilsTestCase,testSetSimpleShort_3_oe,src/test/java/org/apache/commons/beanutils/PropertyUtilsTestCase.java,,,,assert,unknown
bean_504_4,commons-beanutils-1.9.4,PropertyUtilsTestCase,testSetSimpleShort_4_oe,src/test/java/org/apache/commons/beanutils/PropertyUtilsTestCase.java,,,,assert,unknown
bean_504_5,commons-beanutils-1.9.4,PropertyUtilsTestCase,testSetSimpleShort_5_oe,src/test/java/org/apache/commons/beanutils/PropertyUtilsTestCase.java,,,,assert,unknown
bean_505_2,commons-beanutils-1.9.4,PropertyUtilsTestCase,testSetSimpleString_2_oe,src/test/java/org/apache/commons/beanutils/PropertyUtilsTestCase.java,,,,assert,unknown
bean_505_3,commons-beanutils-1.9.4,PropertyUtilsTestCase,testSetSimpleString_3_oe,src/test/java/org/apache/commons/beanutils/PropertyUtilsTestCase.java,,,,assert,unknown
bean_505_4,commons-beanutils-1.9.4,PropertyUtilsTestCase,testSetSimpleString_4_oe,src/test/java/org/apache/commons/beanutils/PropertyUtilsTestCase.java,,,,assert,unknown
bean_505_5,commons-beanutils-1.9.4,PropertyUtilsTestCase,testSetSimpleString_5_oe,src/test/java/org/apache/commons/beanutils/PropertyUtilsTestCase.java,,,,assert,unknown
bean_506_2,commons-beanutils-1.9.4,PropertyUtilsTestCase,testSetSimpleUnknown_2_oe,src/test/java/org/apache/commons/beanutils/PropertyUtilsTestCase.java,,,,assert,unknown
bean_506_3,commons-beanutils-1.9.4,PropertyUtilsTestCase,testSetSimpleUnknown_3_oe,src/test/java/org/apache/commons/beanutils/PropertyUtilsTestCase.java,,,,assert,unknown
bean_506_4,commons-beanutils-1.9.4,PropertyUtilsTestCase,testSetSimpleUnknown_4_oe,src/test/java/org/apache/commons/beanutils/PropertyUtilsTestCase.java,,,,assert,unknown
bean_506_5,commons-beanutils-1.9.4,PropertyUtilsTestCase,testSetSimpleUnknown_5_oe,src/test/java/org/apache/commons/beanutils/PropertyUtilsTestCase.java,,,,assert,unknown
bean_507_2,commons-beanutils-1.9.4,PropertyUtilsTestCase,testSetSimpleWriteOnly_2_oe,src/test/java/org/apache/commons/beanutils/PropertyUtilsTestCase.java,,,,assert,unknown
bean_507_3,commons-beanutils-1.9.4,PropertyUtilsTestCase,testSetSimpleWriteOnly_3_oe,src/test/java/org/apache/commons/beanutils/PropertyUtilsTestCase.java,,,,assert,unknown
bean_507_4,commons-beanutils-1.9.4,PropertyUtilsTestCase,testSetSimpleWriteOnly_4_oe,src/test/java/org/apache/commons/beanutils/PropertyUtilsTestCase.java,,,,assert,unknown
bean_507_5,commons-beanutils-1.9.4,PropertyUtilsTestCase,testSetSimpleWriteOnly_5_oe,src/test/java/org/apache/commons/beanutils/PropertyUtilsTestCase.java,,,,assert,unknown
bean_508_1,commons-beanutils-1.9.4,PropertyUtilsTestCase,testNestedWithIndex_1_oe,src/test/java/org/apache/commons/beanutils/PropertyUtilsTestCase.java,,,,assert,unknown
bean_508_2,commons-beanutils-1.9.4,PropertyUtilsTestCase,testNestedWithIndex_2_oe,src/test/java/org/apache/commons/beanutils/PropertyUtilsTestCase.java,,,,assert,unknown
bean_508_3,commons-beanutils-1.9.4,PropertyUtilsTestCase,testNestedWithIndex_3_oe,src/test/java/org/apache/commons/beanutils/PropertyUtilsTestCase.java,,,,assert,unknown
bean_508_4,commons-beanutils-1.9.4,PropertyUtilsTestCase,testNestedWithIndex_4_oe,src/test/java/org/apache/commons/beanutils/PropertyUtilsTestCase.java,,,,assert,unknown
bean_508_5,commons-beanutils-1.9.4,PropertyUtilsTestCase,testNestedWithIndex_5_oe,src/test/java/org/apache/commons/beanutils/PropertyUtilsTestCase.java,,,,assert,unknown
bean_508_6,commons-beanutils-1.9.4,PropertyUtilsTestCase,testNestedWithIndex_6_oe,src/test/java/org/apache/commons/beanutils/PropertyUtilsTestCase.java,,,,assert,unknown
bean_508_7,commons-beanutils-1.9.4,PropertyUtilsTestCase,testNestedWithIndex_7_oe,src/test/java/org/apache/commons/beanutils/PropertyUtilsTestCase.java,,,,assert,unknown
bean_508_8,commons-beanutils-1.9.4,PropertyUtilsTestCase,testNestedWithIndex_8_oe,src/test/java/org/apache/commons/beanutils/PropertyUtilsTestCase.java,,,,assert,unknown
bean_508_9,commons-beanutils-1.9.4,PropertyUtilsTestCase,testNestedWithIndex_9_oe,src/test/java/org/apache/commons/beanutils/PropertyUtilsTestCase.java,,,,assert,unknown
bean_508_10,commons-beanutils-1.9.4,PropertyUtilsTestCase,testNestedWithIndex_10_oe,src/test/java/org/apache/commons/beanutils/PropertyUtilsTestCase.java,,,,assert,unknown
bean_508_11,commons-beanutils-1.9.4,PropertyUtilsTestCase,testNestedWithIndex_11_oe,src/test/java/org/apache/commons/beanutils/PropertyUtilsTestCase.java,,,,assert,unknown
bean_508_12,commons-beanutils-1.9.4,PropertyUtilsTestCase,testNestedWithIndex_12_oe,src/test/java/org/apache/commons/beanutils/PropertyUtilsTestCase.java,,,,assert,unknown
bean_508_13,commons-beanutils-1.9.4,PropertyUtilsTestCase,testNestedWithIndex_13_oe,src/test/java/org/apache/commons/beanutils/PropertyUtilsTestCase.java,,,,assert,unknown
bean_509_1,commons-beanutils-1.9.4,PropertyUtilsTestCase,testGetSetInnerBean_1_oe,src/test/java/org/apache/commons/beanutils/PropertyUtilsTestCase.java,,,,assert,unknown
bean_509_2,commons-beanutils-1.9.4,PropertyUtilsTestCase,testGetSetInnerBean_2_oe,src/test/java/org/apache/commons/beanutils/PropertyUtilsTestCase.java,,,,assert,unknown
bean_510_1,commons-beanutils-1.9.4,PropertyUtilsTestCase,testGetSetParentBean_1_oe,src/test/java/org/apache/commons/beanutils/PropertyUtilsTestCase.java,,,,assert,unknown
bean_510_2,commons-beanutils-1.9.4,PropertyUtilsTestCase,testGetSetParentBean_2_oe,src/test/java/org/apache/commons/beanutils/PropertyUtilsTestCase.java,,,,assert,unknown
bean_511_1,commons-beanutils-1.9.4,PropertyUtilsTestCase,testSetNoGetter_1_oe,src/test/java/org/apache/commons/beanutils/PropertyUtilsTestCase.java,,,,assert,unknown
bean_511_2,commons-beanutils-1.9.4,PropertyUtilsTestCase,testSetNoGetter_2_oe,src/test/java/org/apache/commons/beanutils/PropertyUtilsTestCase.java,,,,assert,unknown
bean_511_3,commons-beanutils-1.9.4,PropertyUtilsTestCase,testSetNoGetter_3_oe,src/test/java/org/apache/commons/beanutils/PropertyUtilsTestCase.java,,,,assert,unknown
bean_511_4,commons-beanutils-1.9.4,PropertyUtilsTestCase,testSetNoGetter_4_oe,src/test/java/org/apache/commons/beanutils/PropertyUtilsTestCase.java,,,,assert,unknown
bean_511_5,commons-beanutils-1.9.4,PropertyUtilsTestCase,testSetNoGetter_5_oe,src/test/java/org/apache/commons/beanutils/PropertyUtilsTestCase.java,,,,assert,unknown
bean_512_1,commons-beanutils-1.9.4,PropertyUtilsTestCase,testSetPublicSubBean_of_PackageBean_1_oe,src/test/java/org/apache/commons/beanutils/PropertyUtilsTestCase.java,,,,assert,unknown
bean_512_2,commons-beanutils-1.9.4,PropertyUtilsTestCase,testSetPublicSubBean_of_PackageBean_2_oe,src/test/java/org/apache/commons/beanutils/PropertyUtilsTestCase.java,,,,assert,unknown
bean_512_3,commons-beanutils-1.9.4,PropertyUtilsTestCase,testSetPublicSubBean_of_PackageBean_3_oe,src/test/java/org/apache/commons/beanutils/PropertyUtilsTestCase.java,,,,assert,unknown
bean_512_4,commons-beanutils-1.9.4,PropertyUtilsTestCase,testSetPublicSubBean_of_PackageBean_4_oe,src/test/java/org/apache/commons/beanutils/PropertyUtilsTestCase.java,,,,assert,unknown
bean_513_1,commons-beanutils-1.9.4,PropertyUtilsTestCase,testNestedPropertyKeyOrIndexOnBeanImplementingMap_1_oe,src/test/java/org/apache/commons/beanutils/PropertyUtilsTestCase.java,,,,assert,unknown
bean_513_2,commons-beanutils-1.9.4,PropertyUtilsTestCase,testNestedPropertyKeyOrIndexOnBeanImplementingMap_2_oe,src/test/java/org/apache/commons/beanutils/PropertyUtilsTestCase.java,,,,assert,unknown
bean_513_4,commons-beanutils-1.9.4,PropertyUtilsTestCase,testNestedPropertyKeyOrIndexOnBeanImplementingMap_4_oe,src/test/java/org/apache/commons/beanutils/PropertyUtilsTestCase.java,,,,assert,unknown
bean_513_6,commons-beanutils-1.9.4,PropertyUtilsTestCase,testNestedPropertyKeyOrIndexOnBeanImplementingMap_6_oe,src/test/java/org/apache/commons/beanutils/PropertyUtilsTestCase.java,,,,assert,unknown
bean_514_1,commons-beanutils-1.9.4,PropertyUtilsTestCase,testMapExtensionDefault_1_oe,src/test/java/org/apache/commons/beanutils/PropertyUtilsTestCase.java,,,,assert,unknown
bean_514_2,commons-beanutils-1.9.4,PropertyUtilsTestCase,testMapExtensionDefault_2_oe,src/test/java/org/apache/commons/beanutils/PropertyUtilsTestCase.java,,,,assert,unknown
bean_514_3,commons-beanutils-1.9.4,PropertyUtilsTestCase,testMapExtensionDefault_3_oe,src/test/java/org/apache/commons/beanutils/PropertyUtilsTestCase.java,,,,assert,unknown
bean_514_4,commons-beanutils-1.9.4,PropertyUtilsTestCase,testMapExtensionDefault_4_oe,src/test/java/org/apache/commons/beanutils/PropertyUtilsTestCase.java,,,,assert,unknown
bean_514_5,commons-beanutils-1.9.4,PropertyUtilsTestCase,testMapExtensionDefault_5_oe,src/test/java/org/apache/commons/beanutils/PropertyUtilsTestCase.java,,,,assert,unknown
bean_514_6,commons-beanutils-1.9.4,PropertyUtilsTestCase,testMapExtensionDefault_6_oe,src/test/java/org/apache/commons/beanutils/PropertyUtilsTestCase.java,,,,assert,unknown
bean_515_1,commons-beanutils-1.9.4,PropertyUtilsTestCase,testMapExtensionCustom_1_oe,src/test/java/org/apache/commons/beanutils/PropertyUtilsTestCase.java,,,,assert,unknown
bean_515_2,commons-beanutils-1.9.4,PropertyUtilsTestCase,testMapExtensionCustom_2_oe,src/test/java/org/apache/commons/beanutils/PropertyUtilsTestCase.java,,,,assert,unknown
bean_515_3,commons-beanutils-1.9.4,PropertyUtilsTestCase,testMapExtensionCustom_3_oe,src/test/java/org/apache/commons/beanutils/PropertyUtilsTestCase.java,,,,assert,unknown
bean_515_4,commons-beanutils-1.9.4,PropertyUtilsTestCase,testMapExtensionCustom_4_oe,src/test/java/org/apache/commons/beanutils/PropertyUtilsTestCase.java,,,,assert,unknown
bean_515_5,commons-beanutils-1.9.4,PropertyUtilsTestCase,testMapExtensionCustom_5_oe,src/test/java/org/apache/commons/beanutils/PropertyUtilsTestCase.java,,,,assert,unknown
bean_516_1,commons-beanutils-1.9.4,PropertyUtilsTestCase,testExceptionFromInvoke_1_oe,src/test/java/org/apache/commons/beanutils/PropertyUtilsTestCase.java,,,,assert,unknown
bean_516_2,commons-beanutils-1.9.4,PropertyUtilsTestCase,testExceptionFromInvoke_2_oe,src/test/java/org/apache/commons/beanutils/PropertyUtilsTestCase.java,,,,assert,unknown
bean_516_3,commons-beanutils-1.9.4,PropertyUtilsTestCase,testExceptionFromInvoke_3_oe,src/test/java/org/apache/commons/beanutils/PropertyUtilsTestCase.java,,,,assert,unknown
bean_517_1,commons-beanutils-1.9.4,PropertyUtilsTestCase,testCustomIntrospection_1_oe,src/test/java/org/apache/commons/beanutils/PropertyUtilsTestCase.java,,,,assert,unknown
bean_517_2,commons-beanutils-1.9.4,PropertyUtilsTestCase,testCustomIntrospection_2_oe,src/test/java/org/apache/commons/beanutils/PropertyUtilsTestCase.java,,,,assert,unknown
bean_517_3,commons-beanutils-1.9.4,PropertyUtilsTestCase,testCustomIntrospection_3_oe,src/test/java/org/apache/commons/beanutils/PropertyUtilsTestCase.java,,,,assert,unknown
bean_518_1,commons-beanutils-1.9.4,PropertyUtilsTestCase,testCustomIntrospectionEx_1_oe,src/test/java/org/apache/commons/beanutils/PropertyUtilsTestCase.java,,,,assert,unknown
bean_519_1,commons-beanutils-1.9.4,PropertyUtilsTestCase,testRemoveBeanIntrospector_1_oe,src/test/java/org/apache/commons/beanutils/PropertyUtilsTestCase.java,,,,assert,unknown
bean_519_2,commons-beanutils-1.9.4,PropertyUtilsTestCase,testRemoveBeanIntrospector_2_oe,src/test/java/org/apache/commons/beanutils/PropertyUtilsTestCase.java,,,,assert,unknown
bean_521_1,commons-beanutils-1.9.4,PropertyUtilsTestCase,testResetBeanIntrospectors_1_oe,src/test/java/org/apache/commons/beanutils/PropertyUtilsTestCase.java,,,,assert,unknown
bean_521_2,commons-beanutils-1.9.4,PropertyUtilsTestCase,testResetBeanIntrospectors_2_oe,src/test/java/org/apache/commons/beanutils/PropertyUtilsTestCase.java,,,,assert,unknown
bean_522_1,commons-beanutils-1.9.4,BeanPropertyValueEqualsPredicateTestCase,testEvaluateWithSimpleStringProperty_1_oe,src/test/java/org/apache/commons/beanutils/BeanPropertyValueEqualsPredicateTestCase.java,,,,assert,unknown
bean_522_2,commons-beanutils-1.9.4,BeanPropertyValueEqualsPredicateTestCase,testEvaluateWithSimpleStringProperty_2_oe,src/test/java/org/apache/commons/beanutils/BeanPropertyValueEqualsPredicateTestCase.java,,,,assert,unknown
bean_523_1,commons-beanutils-1.9.4,BeanPropertyValueEqualsPredicateTestCase,testEvaluateWithSimpleStringPropertyWithNullValues_1_oe,src/test/java/org/apache/commons/beanutils/BeanPropertyValueEqualsPredicateTestCase.java,,,,assert,unknown
bean_523_2,commons-beanutils-1.9.4,BeanPropertyValueEqualsPredicateTestCase,testEvaluateWithSimpleStringPropertyWithNullValues_2_oe,src/test/java/org/apache/commons/beanutils/BeanPropertyValueEqualsPredicateTestCase.java,,,,assert,unknown
bean_524_1,commons-beanutils-1.9.4,BeanPropertyValueEqualsPredicateTestCase,testEvaluateWithNestedProperty_1_oe,src/test/java/org/apache/commons/beanutils/BeanPropertyValueEqualsPredicateTestCase.java,,,,assert,unknown
bean_524_2,commons-beanutils-1.9.4,BeanPropertyValueEqualsPredicateTestCase,testEvaluateWithNestedProperty_2_oe,src/test/java/org/apache/commons/beanutils/BeanPropertyValueEqualsPredicateTestCase.java,,,,assert,unknown
bean_526_2,commons-beanutils-1.9.4,BeanPropertyValueEqualsPredicateTestCase,testEvaluateWithNullInPathAndIgnoreTrue_2_oe,src/test/java/org/apache/commons/beanutils/BeanPropertyValueEqualsPredicateTestCase.java,,,,assert,unknown
bean_527_1,commons-beanutils-1.9.4,BeanPropertyValueEqualsPredicateTestCase,testEvaluateWithIntProperty_1_oe,src/test/java/org/apache/commons/beanutils/BeanPropertyValueEqualsPredicateTestCase.java,,,,assert,unknown
bean_527_2,commons-beanutils-1.9.4,BeanPropertyValueEqualsPredicateTestCase,testEvaluateWithIntProperty_2_oe,src/test/java/org/apache/commons/beanutils/BeanPropertyValueEqualsPredicateTestCase.java,,,,assert,unknown
bean_528_1,commons-beanutils-1.9.4,BeanPropertyValueEqualsPredicateTestCase,testEvaluateWithFloatProperty_1_oe,src/test/java/org/apache/commons/beanutils/BeanPropertyValueEqualsPredicateTestCase.java,,,,assert,unknown
bean_528_2,commons-beanutils-1.9.4,BeanPropertyValueEqualsPredicateTestCase,testEvaluateWithFloatProperty_2_oe,src/test/java/org/apache/commons/beanutils/BeanPropertyValueEqualsPredicateTestCase.java,,,,assert,unknown
bean_529_1,commons-beanutils-1.9.4,BeanPropertyValueEqualsPredicateTestCase,testEvaluateWithDoubleProperty_1_oe,src/test/java/org/apache/commons/beanutils/BeanPropertyValueEqualsPredicateTestCase.java,,,,assert,unknown
bean_529_2,commons-beanutils-1.9.4,BeanPropertyValueEqualsPredicateTestCase,testEvaluateWithDoubleProperty_2_oe,src/test/java/org/apache/commons/beanutils/BeanPropertyValueEqualsPredicateTestCase.java,,,,assert,unknown
bean_530_1,commons-beanutils-1.9.4,BeanPropertyValueEqualsPredicateTestCase,testEvaluateWithBooleanProperty_1_oe,src/test/java/org/apache/commons/beanutils/BeanPropertyValueEqualsPredicateTestCase.java,,,,assert,unknown
bean_530_2,commons-beanutils-1.9.4,BeanPropertyValueEqualsPredicateTestCase,testEvaluateWithBooleanProperty_2_oe,src/test/java/org/apache/commons/beanutils/BeanPropertyValueEqualsPredicateTestCase.java,,,,assert,unknown
bean_531_1,commons-beanutils-1.9.4,BeanPropertyValueEqualsPredicateTestCase,testEvaluateWithByteProperty_1_oe,src/test/java/org/apache/commons/beanutils/BeanPropertyValueEqualsPredicateTestCase.java,,,,assert,unknown
bean_531_2,commons-beanutils-1.9.4,BeanPropertyValueEqualsPredicateTestCase,testEvaluateWithByteProperty_2_oe,src/test/java/org/apache/commons/beanutils/BeanPropertyValueEqualsPredicateTestCase.java,,,,assert,unknown
bean_532_1,commons-beanutils-1.9.4,BeanPropertyValueEqualsPredicateTestCase,testEvaluateWithMappedProperty_1_oe,src/test/java/org/apache/commons/beanutils/BeanPropertyValueEqualsPredicateTestCase.java,,,,assert,unknown
bean_532_2,commons-beanutils-1.9.4,BeanPropertyValueEqualsPredicateTestCase,testEvaluateWithMappedProperty_2_oe,src/test/java/org/apache/commons/beanutils/BeanPropertyValueEqualsPredicateTestCase.java,,,,assert,unknown
bean_532_3,commons-beanutils-1.9.4,BeanPropertyValueEqualsPredicateTestCase,testEvaluateWithMappedProperty_3_oe,src/test/java/org/apache/commons/beanutils/BeanPropertyValueEqualsPredicateTestCase.java,,,,assert,unknown
bean_533_1,commons-beanutils-1.9.4,BeanPropertyValueEqualsPredicateTestCase,testEvaluateWithIndexedProperty_1_oe,src/test/java/org/apache/commons/beanutils/BeanPropertyValueEqualsPredicateTestCase.java,,,,assert,unknown
bean_533_2,commons-beanutils-1.9.4,BeanPropertyValueEqualsPredicateTestCase,testEvaluateWithIndexedProperty_2_oe,src/test/java/org/apache/commons/beanutils/BeanPropertyValueEqualsPredicateTestCase.java,,,,assert,unknown
bean_534_1,commons-beanutils-1.9.4,BeanPropertyValueEqualsPredicateTestCase,testEvaluateWithPrimitiveAndNull_1_oe,src/test/java/org/apache/commons/beanutils/BeanPropertyValueEqualsPredicateTestCase.java,,,,assert,unknown
bean_534_2,commons-beanutils-1.9.4,BeanPropertyValueEqualsPredicateTestCase,testEvaluateWithPrimitiveAndNull_2_oe,src/test/java/org/apache/commons/beanutils/BeanPropertyValueEqualsPredicateTestCase.java,,,,assert,unknown
bean_534_3,commons-beanutils-1.9.4,BeanPropertyValueEqualsPredicateTestCase,testEvaluateWithPrimitiveAndNull_3_oe,src/test/java/org/apache/commons/beanutils/BeanPropertyValueEqualsPredicateTestCase.java,,,,assert,unknown
bean_535_1,commons-beanutils-1.9.4,BeanPropertyValueEqualsPredicateTestCase,testEvaluateWithNestedMappedProperty_1_oe,src/test/java/org/apache/commons/beanutils/BeanPropertyValueEqualsPredicateTestCase.java,,,,assert,unknown
bean_535_2,commons-beanutils-1.9.4,BeanPropertyValueEqualsPredicateTestCase,testEvaluateWithNestedMappedProperty_2_oe,src/test/java/org/apache/commons/beanutils/BeanPropertyValueEqualsPredicateTestCase.java,,,,assert,unknown
bean_536_1,commons-beanutils-1.9.4,BeanPropertyValueEqualsPredicateTestCase,testEvaluateWithReadOnlyProperty_1_oe,src/test/java/org/apache/commons/beanutils/BeanPropertyValueEqualsPredicateTestCase.java,,,,assert,unknown
bean_537_1,commons-beanutils-1.9.4,BeanComparatorTestCase,testSimpleCompare_1_oe,src/test/java/org/apache/commons/beanutils/BeanComparatorTestCase.java,,,,assert,unknown
bean_538_1,commons-beanutils-1.9.4,BeanComparatorTestCase,testSimpleCompareInverse_1_oe,src/test/java/org/apache/commons/beanutils/BeanComparatorTestCase.java,,,,assert,unknown
bean_539_1,commons-beanutils-1.9.4,BeanComparatorTestCase,testCompareIdentical_1_oe,src/test/java/org/apache/commons/beanutils/BeanComparatorTestCase.java,,,,assert,unknown
bean_540_1,commons-beanutils-1.9.4,BeanComparatorTestCase,testCompareBeanAgainstSelf_1_oe,src/test/java/org/apache/commons/beanutils/BeanComparatorTestCase.java,,,,assert,unknown
bean_542_2,commons-beanutils-1.9.4,BeanComparatorTestCase,testCompareOnMissingProperty_2_oe,src/test/java/org/apache/commons/beanutils/BeanComparatorTestCase.java,,,,assert,unknown
bean_543_1,commons-beanutils-1.9.4,BeanComparatorTestCase,testSetProperty_1_oe,src/test/java/org/apache/commons/beanutils/BeanComparatorTestCase.java,,,,assert,unknown
bean_543_2,commons-beanutils-1.9.4,BeanComparatorTestCase,testSetProperty_2_oe,src/test/java/org/apache/commons/beanutils/BeanComparatorTestCase.java,,,,assert,unknown
bean_544_1,commons-beanutils-1.9.4,BeanPredicateTestCase,testEqual_1_oe,src/test/java/org/apache/commons/beanutils/BeanPredicateTestCase.java,,,,assert,unknown
bean_544_2,commons-beanutils-1.9.4,BeanPredicateTestCase,testEqual_2_oe,src/test/java/org/apache/commons/beanutils/BeanPredicateTestCase.java,,,,assert,unknown
bean_545_1,commons-beanutils-1.9.4,BeanPredicateTestCase,testNotEqual_1_oe,src/test/java/org/apache/commons/beanutils/BeanPredicateTestCase.java,,,,assert,unknown
bean_545_2,commons-beanutils-1.9.4,BeanPredicateTestCase,testNotEqual_2_oe,src/test/java/org/apache/commons/beanutils/BeanPredicateTestCase.java,,,,assert,unknown
bean_546_1,commons-beanutils-1.9.4,BeanPredicateTestCase,testInstanceOf_1_oe,src/test/java/org/apache/commons/beanutils/BeanPredicateTestCase.java,,,,assert,unknown
bean_546_2,commons-beanutils-1.9.4,BeanPredicateTestCase,testInstanceOf_2_oe,src/test/java/org/apache/commons/beanutils/BeanPredicateTestCase.java,,,,assert,unknown
bean_547_1,commons-beanutils-1.9.4,BeanPredicateTestCase,testNull_1_oe,src/test/java/org/apache/commons/beanutils/BeanPredicateTestCase.java,,,,assert,unknown
bean_547_2,commons-beanutils-1.9.4,BeanPredicateTestCase,testNull_2_oe,src/test/java/org/apache/commons/beanutils/BeanPredicateTestCase.java,,,,assert,unknown
bean_548_1,commons-beanutils-1.9.4,ConstructorUtilsTestCase,testInvokeConstructor_1_oe,src/test/java/org/apache/commons/beanutils/ConstructorUtilsTestCase.java,,,,assert,unknown
bean_548_2,commons-beanutils-1.9.4,ConstructorUtilsTestCase,testInvokeConstructor_2_oe,src/test/java/org/apache/commons/beanutils/ConstructorUtilsTestCase.java,,,,assert,unknown
bean_548_3,commons-beanutils-1.9.4,ConstructorUtilsTestCase,testInvokeConstructor_3_oe,src/test/java/org/apache/commons/beanutils/ConstructorUtilsTestCase.java,,,,assert,unknown
bean_548_4,commons-beanutils-1.9.4,ConstructorUtilsTestCase,testInvokeConstructor_4_oe,src/test/java/org/apache/commons/beanutils/ConstructorUtilsTestCase.java,,,,assert,unknown
bean_548_5,commons-beanutils-1.9.4,ConstructorUtilsTestCase,testInvokeConstructor_5_oe,src/test/java/org/apache/commons/beanutils/ConstructorUtilsTestCase.java,,,,assert,unknown
bean_548_6,commons-beanutils-1.9.4,ConstructorUtilsTestCase,testInvokeConstructor_6_oe,src/test/java/org/apache/commons/beanutils/ConstructorUtilsTestCase.java,,,,assert,unknown
bean_549_1,commons-beanutils-1.9.4,ConstructorUtilsTestCase,testInvokeConstructorNull_1_oe,src/test/java/org/apache/commons/beanutils/ConstructorUtilsTestCase.java,,,,assert,unknown
bean_549_2,commons-beanutils-1.9.4,ConstructorUtilsTestCase,testInvokeConstructorNull_2_oe,src/test/java/org/apache/commons/beanutils/ConstructorUtilsTestCase.java,,,,assert,unknown
bean_550_1,commons-beanutils-1.9.4,ConstructorUtilsTestCase,testInvokeConstructorWithArgArray_1_oe,src/test/java/org/apache/commons/beanutils/ConstructorUtilsTestCase.java,,,,assert,unknown
bean_550_2,commons-beanutils-1.9.4,ConstructorUtilsTestCase,testInvokeConstructorWithArgArray_2_oe,src/test/java/org/apache/commons/beanutils/ConstructorUtilsTestCase.java,,,,assert,unknown
bean_550_3,commons-beanutils-1.9.4,ConstructorUtilsTestCase,testInvokeConstructorWithArgArray_3_oe,src/test/java/org/apache/commons/beanutils/ConstructorUtilsTestCase.java,,,,assert,unknown
bean_550_4,commons-beanutils-1.9.4,ConstructorUtilsTestCase,testInvokeConstructorWithArgArray_4_oe,src/test/java/org/apache/commons/beanutils/ConstructorUtilsTestCase.java,,,,assert,unknown
bean_551_1,commons-beanutils-1.9.4,ConstructorUtilsTestCase,testInvokeConstructorWithTypeArray_1_oe,src/test/java/org/apache/commons/beanutils/ConstructorUtilsTestCase.java,,,,assert,unknown
bean_551_2,commons-beanutils-1.9.4,ConstructorUtilsTestCase,testInvokeConstructorWithTypeArray_2_oe,src/test/java/org/apache/commons/beanutils/ConstructorUtilsTestCase.java,,,,assert,unknown
bean_551_3,commons-beanutils-1.9.4,ConstructorUtilsTestCase,testInvokeConstructorWithTypeArray_3_oe,src/test/java/org/apache/commons/beanutils/ConstructorUtilsTestCase.java,,,,assert,unknown
bean_551_4,commons-beanutils-1.9.4,ConstructorUtilsTestCase,testInvokeConstructorWithTypeArray_4_oe,src/test/java/org/apache/commons/beanutils/ConstructorUtilsTestCase.java,,,,assert,unknown
bean_551_5,commons-beanutils-1.9.4,ConstructorUtilsTestCase,testInvokeConstructorWithTypeArray_5_oe,src/test/java/org/apache/commons/beanutils/ConstructorUtilsTestCase.java,,,,assert,unknown
bean_551_6,commons-beanutils-1.9.4,ConstructorUtilsTestCase,testInvokeConstructorWithTypeArray_6_oe,src/test/java/org/apache/commons/beanutils/ConstructorUtilsTestCase.java,,,,assert,unknown
bean_551_7,commons-beanutils-1.9.4,ConstructorUtilsTestCase,testInvokeConstructorWithTypeArray_7_oe,src/test/java/org/apache/commons/beanutils/ConstructorUtilsTestCase.java,,,,assert,unknown
bean_551_8,commons-beanutils-1.9.4,ConstructorUtilsTestCase,testInvokeConstructorWithTypeArray_8_oe,src/test/java/org/apache/commons/beanutils/ConstructorUtilsTestCase.java,,,,assert,unknown
bean_552_1,commons-beanutils-1.9.4,ConstructorUtilsTestCase,testInvokeExactConstructor_1_oe,src/test/java/org/apache/commons/beanutils/ConstructorUtilsTestCase.java,,,,assert,unknown
bean_552_2,commons-beanutils-1.9.4,ConstructorUtilsTestCase,testInvokeExactConstructor_2_oe,src/test/java/org/apache/commons/beanutils/ConstructorUtilsTestCase.java,,,,assert,unknown
bean_552_3,commons-beanutils-1.9.4,ConstructorUtilsTestCase,testInvokeExactConstructor_3_oe,src/test/java/org/apache/commons/beanutils/ConstructorUtilsTestCase.java,,,,assert,unknown
bean_552_5,commons-beanutils-1.9.4,ConstructorUtilsTestCase,testInvokeExactConstructor_5_oe,src/test/java/org/apache/commons/beanutils/ConstructorUtilsTestCase.java,,,,assert,unknown
bean_552_6,commons-beanutils-1.9.4,ConstructorUtilsTestCase,testInvokeExactConstructor_6_oe,src/test/java/org/apache/commons/beanutils/ConstructorUtilsTestCase.java,,,,assert,unknown
bean_552_7,commons-beanutils-1.9.4,ConstructorUtilsTestCase,testInvokeExactConstructor_7_oe,src/test/java/org/apache/commons/beanutils/ConstructorUtilsTestCase.java,,,,assert,unknown
bean_553_1,commons-beanutils-1.9.4,ConstructorUtilsTestCase,testInvokeExactConstructorWithNull_1_oe,src/test/java/org/apache/commons/beanutils/ConstructorUtilsTestCase.java,,,,assert,unknown
bean_553_2,commons-beanutils-1.9.4,ConstructorUtilsTestCase,testInvokeExactConstructorWithNull_2_oe,src/test/java/org/apache/commons/beanutils/ConstructorUtilsTestCase.java,,,,assert,unknown
bean_554_2,commons-beanutils-1.9.4,ConstructorUtilsTestCase,testInvokeExactConstructorWithArgArray_2_oe,src/test/java/org/apache/commons/beanutils/ConstructorUtilsTestCase.java,,,,assert,unknown
bean_554_3,commons-beanutils-1.9.4,ConstructorUtilsTestCase,testInvokeExactConstructorWithArgArray_3_oe,src/test/java/org/apache/commons/beanutils/ConstructorUtilsTestCase.java,,,,assert,unknown
bean_554_4,commons-beanutils-1.9.4,ConstructorUtilsTestCase,testInvokeExactConstructorWithArgArray_4_oe,src/test/java/org/apache/commons/beanutils/ConstructorUtilsTestCase.java,,,,assert,unknown
bean_554_5,commons-beanutils-1.9.4,ConstructorUtilsTestCase,testInvokeExactConstructorWithArgArray_5_oe,src/test/java/org/apache/commons/beanutils/ConstructorUtilsTestCase.java,,,,assert,unknown
bean_555_1,commons-beanutils-1.9.4,ConstructorUtilsTestCase,testInvokeExactConstructorWithTypeArray_1_oe,src/test/java/org/apache/commons/beanutils/ConstructorUtilsTestCase.java,,,,assert,unknown
bean_555_2,commons-beanutils-1.9.4,ConstructorUtilsTestCase,testInvokeExactConstructorWithTypeArray_2_oe,src/test/java/org/apache/commons/beanutils/ConstructorUtilsTestCase.java,,,,assert,unknown
bean_555_3,commons-beanutils-1.9.4,ConstructorUtilsTestCase,testInvokeExactConstructorWithTypeArray_3_oe,src/test/java/org/apache/commons/beanutils/ConstructorUtilsTestCase.java,,,,assert,unknown
bean_555_4,commons-beanutils-1.9.4,ConstructorUtilsTestCase,testInvokeExactConstructorWithTypeArray_4_oe,src/test/java/org/apache/commons/beanutils/ConstructorUtilsTestCase.java,,,,assert,unknown
bean_555_5,commons-beanutils-1.9.4,ConstructorUtilsTestCase,testInvokeExactConstructorWithTypeArray_5_oe,src/test/java/org/apache/commons/beanutils/ConstructorUtilsTestCase.java,,,,assert,unknown
bean_555_6,commons-beanutils-1.9.4,ConstructorUtilsTestCase,testInvokeExactConstructorWithTypeArray_6_oe,src/test/java/org/apache/commons/beanutils/ConstructorUtilsTestCase.java,,,,assert,unknown
bean_555_7,commons-beanutils-1.9.4,ConstructorUtilsTestCase,testInvokeExactConstructorWithTypeArray_7_oe,src/test/java/org/apache/commons/beanutils/ConstructorUtilsTestCase.java,,,,assert,unknown
bean_555_8,commons-beanutils-1.9.4,ConstructorUtilsTestCase,testInvokeExactConstructorWithTypeArray_8_oe,src/test/java/org/apache/commons/beanutils/ConstructorUtilsTestCase.java,,,,assert,unknown
bean_555_9,commons-beanutils-1.9.4,ConstructorUtilsTestCase,testInvokeExactConstructorWithTypeArray_9_oe,src/test/java/org/apache/commons/beanutils/ConstructorUtilsTestCase.java,,,,assert,unknown
bean_555_10,commons-beanutils-1.9.4,ConstructorUtilsTestCase,testInvokeExactConstructorWithTypeArray_10_oe,src/test/java/org/apache/commons/beanutils/ConstructorUtilsTestCase.java,,,,assert,unknown
bean_555_11,commons-beanutils-1.9.4,ConstructorUtilsTestCase,testInvokeExactConstructorWithTypeArray_11_oe,src/test/java/org/apache/commons/beanutils/ConstructorUtilsTestCase.java,,,,assert,unknown
bean_555_12,commons-beanutils-1.9.4,ConstructorUtilsTestCase,testInvokeExactConstructorWithTypeArray_12_oe,src/test/java/org/apache/commons/beanutils/ConstructorUtilsTestCase.java,,,,assert,unknown
bean_556_1,commons-beanutils-1.9.4,ConstructorUtilsTestCase,testGetAccessibleConstructor_1_oe,src/test/java/org/apache/commons/beanutils/ConstructorUtilsTestCase.java,,,,assert,unknown
bean_556_2,commons-beanutils-1.9.4,ConstructorUtilsTestCase,testGetAccessibleConstructor_2_oe,src/test/java/org/apache/commons/beanutils/ConstructorUtilsTestCase.java,,,,assert,unknown
bean_556_3,commons-beanutils-1.9.4,ConstructorUtilsTestCase,testGetAccessibleConstructor_3_oe,src/test/java/org/apache/commons/beanutils/ConstructorUtilsTestCase.java,,,,assert,unknown
bean_556_4,commons-beanutils-1.9.4,ConstructorUtilsTestCase,testGetAccessibleConstructor_4_oe,src/test/java/org/apache/commons/beanutils/ConstructorUtilsTestCase.java,,,,assert,unknown
bean_556_5,commons-beanutils-1.9.4,ConstructorUtilsTestCase,testGetAccessibleConstructor_5_oe,src/test/java/org/apache/commons/beanutils/ConstructorUtilsTestCase.java,,,,assert,unknown
bean_557_1,commons-beanutils-1.9.4,ConstructorUtilsTestCase,testGetAccessibleConstructorWithTypeArray_1_oe,src/test/java/org/apache/commons/beanutils/ConstructorUtilsTestCase.java,,,,assert,unknown
bean_557_2,commons-beanutils-1.9.4,ConstructorUtilsTestCase,testGetAccessibleConstructorWithTypeArray_2_oe,src/test/java/org/apache/commons/beanutils/ConstructorUtilsTestCase.java,,,,assert,unknown
bean_557_3,commons-beanutils-1.9.4,ConstructorUtilsTestCase,testGetAccessibleConstructorWithTypeArray_3_oe,src/test/java/org/apache/commons/beanutils/ConstructorUtilsTestCase.java,,,,assert,unknown
bean_558_1,commons-beanutils-1.9.4,ConstructorUtilsTestCase,testGetAccessibleConstructorWithConstructorArg_1_oe,src/test/java/org/apache/commons/beanutils/ConstructorUtilsTestCase.java,,,,assert,unknown
bean_558_2,commons-beanutils-1.9.4,ConstructorUtilsTestCase,testGetAccessibleConstructorWithConstructorArg_2_oe,src/test/java/org/apache/commons/beanutils/ConstructorUtilsTestCase.java,,,,assert,unknown
bean_558_3,commons-beanutils-1.9.4,ConstructorUtilsTestCase,testGetAccessibleConstructorWithConstructorArg_3_oe,src/test/java/org/apache/commons/beanutils/ConstructorUtilsTestCase.java,,,,assert,unknown
bean_558_4,commons-beanutils-1.9.4,ConstructorUtilsTestCase,testGetAccessibleConstructorWithConstructorArg_4_oe,src/test/java/org/apache/commons/beanutils/ConstructorUtilsTestCase.java,,,,assert,unknown
bean_558_5,commons-beanutils-1.9.4,ConstructorUtilsTestCase,testGetAccessibleConstructorWithConstructorArg_5_oe,src/test/java/org/apache/commons/beanutils/ConstructorUtilsTestCase.java,,,,assert,unknown
bean_559_3,commons-beanutils-1.9.4,WrapDynaBeanTestCase,testIndexedProperties_3_oe,src/test/java/org/apache/commons/beanutils/WrapDynaBeanTestCase.java,,,,assert,unknown
bean_559_6,commons-beanutils-1.9.4,WrapDynaBeanTestCase,testIndexedProperties_6_oe,src/test/java/org/apache/commons/beanutils/WrapDynaBeanTestCase.java,,,,assert,unknown
bean_560_3,commons-beanutils-1.9.4,WrapDynaBeanTestCase,testMappedContains_3_oe,src/test/java/org/apache/commons/beanutils/WrapDynaBeanTestCase.java,,,,assert,unknown
bean_560_6,commons-beanutils-1.9.4,WrapDynaBeanTestCase,testMappedContains_6_oe,src/test/java/org/apache/commons/beanutils/WrapDynaBeanTestCase.java,,,,assert,unknown
bean_561_3,commons-beanutils-1.9.4,WrapDynaBeanTestCase,testMappedRemove_3_oe,src/test/java/org/apache/commons/beanutils/WrapDynaBeanTestCase.java,,,,assert,unknown
bean_561_6,commons-beanutils-1.9.4,WrapDynaBeanTestCase,testMappedRemove_6_oe,src/test/java/org/apache/commons/beanutils/WrapDynaBeanTestCase.java,,,,assert,unknown
bean_562_1,commons-beanutils-1.9.4,WrapDynaBeanTestCase,testGetInstance_1_oe,src/test/java/org/apache/commons/beanutils/WrapDynaBeanTestCase.java,,,,assert,unknown
bean_562_2,commons-beanutils-1.9.4,WrapDynaBeanTestCase,testGetInstance_2_oe,src/test/java/org/apache/commons/beanutils/WrapDynaBeanTestCase.java,,,,assert,unknown
bean_563_1,commons-beanutils-1.9.4,WrapDynaBeanTestCase,testNewInstance_1_oe,src/test/java/org/apache/commons/beanutils/WrapDynaBeanTestCase.java,,,,assert,unknown
bean_563_2,commons-beanutils-1.9.4,WrapDynaBeanTestCase,testNewInstance_2_oe,src/test/java/org/apache/commons/beanutils/WrapDynaBeanTestCase.java,,,,assert,unknown
bean_564_1,commons-beanutils-1.9.4,WrapDynaBeanTestCase,testSerialization_1_oe,src/test/java/org/apache/commons/beanutils/WrapDynaBeanTestCase.java,,,,assert,unknown
bean_564_2,commons-beanutils-1.9.4,WrapDynaBeanTestCase,testSerialization_2_oe,src/test/java/org/apache/commons/beanutils/WrapDynaBeanTestCase.java,,,,assert,unknown
bean_564_3,commons-beanutils-1.9.4,WrapDynaBeanTestCase,testSerialization_3_oe,src/test/java/org/apache/commons/beanutils/WrapDynaBeanTestCase.java,,,,assert,unknown
bean_565_1,commons-beanutils-1.9.4,WrapDynaBeanTestCase,testInitWithDynaClass_1_oe,src/test/java/org/apache/commons/beanutils/WrapDynaBeanTestCase.java,,,,assert,unknown
bean_566_1,commons-beanutils-1.9.4,WrapDynaBeanTestCase,testGetWrapDynaClassFromCache_1_oe,src/test/java/org/apache/commons/beanutils/WrapDynaBeanTestCase.java,,,,assert,unknown
bean_567_1,commons-beanutils-1.9.4,WrapDynaBeanTestCase,testGetWrapDynaClassFromCacheWithPropUtils_1_oe,src/test/java/org/apache/commons/beanutils/WrapDynaBeanTestCase.java,,,,assert,unknown
bean_568_1,commons-beanutils-1.9.4,WrapDynaBeanTestCase,testIntrospectionWithCustomPropUtils_1_oe,src/test/java/org/apache/commons/beanutils/WrapDynaBeanTestCase.java,,,,assert,unknown
bean_569_1,commons-beanutils-1.9.4,Jira339TestCase,testIssue_BEANUTILS_339_BeanUtilsBean_setProperty_1_oe,src/test/java/org/apache/commons/beanutils/bugs/Jira339TestCase.java,,,,assert,unknown
bean_569_2,commons-beanutils-1.9.4,Jira339TestCase,testIssue_BEANUTILS_339_BeanUtilsBean_setProperty_2_oe,src/test/java/org/apache/commons/beanutils/bugs/Jira339TestCase.java,,,,assert,unknown
bean_570_1,commons-beanutils-1.9.4,Jira339TestCase,testIssue_BEANUTILS_331_BeanUtilsBean_populate_1_oe,src/test/java/org/apache/commons/beanutils/bugs/Jira339TestCase.java,,,,assert,unknown
bean_570_2,commons-beanutils-1.9.4,Jira339TestCase,testIssue_BEANUTILS_331_BeanUtilsBean_populate_2_oe,src/test/java/org/apache/commons/beanutils/bugs/Jira339TestCase.java,,,,assert,unknown
bean_571_1,commons-beanutils-1.9.4,Jira18TestCase,testIssue_BEANUTILS_18_PropertyUtils_isReadable_1_oe,src/test/java/org/apache/commons/beanutils/bugs/Jira18TestCase.java,,,,assert,unknown
bean_571_2,commons-beanutils-1.9.4,Jira18TestCase,testIssue_BEANUTILS_18_PropertyUtils_isReadable_2_oe,src/test/java/org/apache/commons/beanutils/bugs/Jira18TestCase.java,,,,assert,unknown
bean_572_1,commons-beanutils-1.9.4,Jira18TestCase,testIssue_BEANUTILS_18_PropertyUtils_isWriteable_1_oe,src/test/java/org/apache/commons/beanutils/bugs/Jira18TestCase.java,,,,assert,unknown
bean_572_2,commons-beanutils-1.9.4,Jira18TestCase,testIssue_BEANUTILS_18_PropertyUtils_isWriteable_2_oe,src/test/java/org/apache/commons/beanutils/bugs/Jira18TestCase.java,,,,assert,unknown
bean_573_1,commons-beanutils-1.9.4,Jira18TestCase,testIssue_BEANUTILS_18_PropertyUtils_isReadable_Indexed_1_oe,src/test/java/org/apache/commons/beanutils/bugs/Jira18TestCase.java,,,,assert,unknown
bean_573_2,commons-beanutils-1.9.4,Jira18TestCase,testIssue_BEANUTILS_18_PropertyUtils_isReadable_Indexed_2_oe,src/test/java/org/apache/commons/beanutils/bugs/Jira18TestCase.java,,,,assert,unknown
bean_574_1,commons-beanutils-1.9.4,Jira18TestCase,testIssue_BEANUTILS_18_PropertyUtils_isWriteable_Indexed_1_oe,src/test/java/org/apache/commons/beanutils/bugs/Jira18TestCase.java,,,,assert,unknown
bean_574_2,commons-beanutils-1.9.4,Jira18TestCase,testIssue_BEANUTILS_18_PropertyUtils_isWriteable_Indexed_2_oe,src/test/java/org/apache/commons/beanutils/bugs/Jira18TestCase.java,,,,assert,unknown
bean_575_1,commons-beanutils-1.9.4,Jira18TestCase,testIssue_BEANUTILS_18_PropertyUtils_isReadable_Mapped_1_oe,src/test/java/org/apache/commons/beanutils/bugs/Jira18TestCase.java,,,,assert,unknown
bean_575_2,commons-beanutils-1.9.4,Jira18TestCase,testIssue_BEANUTILS_18_PropertyUtils_isReadable_Mapped_2_oe,src/test/java/org/apache/commons/beanutils/bugs/Jira18TestCase.java,,,,assert,unknown
bean_576_1,commons-beanutils-1.9.4,Jira18TestCase,testIssue_BEANUTILS_18_PropertyUtils_isWriteable_Mapped_1_oe,src/test/java/org/apache/commons/beanutils/bugs/Jira18TestCase.java,,,,assert,unknown
bean_576_2,commons-beanutils-1.9.4,Jira18TestCase,testIssue_BEANUTILS_18_PropertyUtils_isWriteable_Mapped_2_oe,src/test/java/org/apache/commons/beanutils/bugs/Jira18TestCase.java,,,,assert,unknown
bean_577_1,commons-beanutils-1.9.4,Jira18TestCase,testIssue_BEANUTILS_18_PropertyUtils_getProperty_1_oe,src/test/java/org/apache/commons/beanutils/bugs/Jira18TestCase.java,,,,assert,unknown
bean_577_2,commons-beanutils-1.9.4,Jira18TestCase,testIssue_BEANUTILS_18_PropertyUtils_getProperty_2_oe,src/test/java/org/apache/commons/beanutils/bugs/Jira18TestCase.java,,,,assert,unknown
bean_578_1,commons-beanutils-1.9.4,Jira18TestCase,testIssue_BEANUTILS_18_PropertyUtils_setProperty_1_oe,src/test/java/org/apache/commons/beanutils/bugs/Jira18TestCase.java,,,,assert,unknown
bean_578_2,commons-beanutils-1.9.4,Jira18TestCase,testIssue_BEANUTILS_18_PropertyUtils_setProperty_2_oe,src/test/java/org/apache/commons/beanutils/bugs/Jira18TestCase.java,,,,assert,unknown
bean_579_1,commons-beanutils-1.9.4,Jira18TestCase,testIssue_BEANUTILS_18_PropertyUtils_getProperty_Indexed_1_oe,src/test/java/org/apache/commons/beanutils/bugs/Jira18TestCase.java,,,,assert,unknown
bean_579_2,commons-beanutils-1.9.4,Jira18TestCase,testIssue_BEANUTILS_18_PropertyUtils_getProperty_Indexed_2_oe,src/test/java/org/apache/commons/beanutils/bugs/Jira18TestCase.java,,,,assert,unknown
bean_580_1,commons-beanutils-1.9.4,Jira18TestCase,testIssue_BEANUTILS_18_PropertyUtils_setProperty_Indexed_1_oe,src/test/java/org/apache/commons/beanutils/bugs/Jira18TestCase.java,,,,assert,unknown
bean_580_2,commons-beanutils-1.9.4,Jira18TestCase,testIssue_BEANUTILS_18_PropertyUtils_setProperty_Indexed_2_oe,src/test/java/org/apache/commons/beanutils/bugs/Jira18TestCase.java,,,,assert,unknown
bean_581_1,commons-beanutils-1.9.4,Jira18TestCase,testIssue_BEANUTILS_18_PropertyUtils_getProperty_Mapped_1_oe,src/test/java/org/apache/commons/beanutils/bugs/Jira18TestCase.java,,,,assert,unknown
bean_581_2,commons-beanutils-1.9.4,Jira18TestCase,testIssue_BEANUTILS_18_PropertyUtils_getProperty_Mapped_2_oe,src/test/java/org/apache/commons/beanutils/bugs/Jira18TestCase.java,,,,assert,unknown
bean_582_1,commons-beanutils-1.9.4,Jira18TestCase,testIssue_BEANUTILS_18_PropertyUtils_setProperty_Mapped_1_oe,src/test/java/org/apache/commons/beanutils/bugs/Jira18TestCase.java,,,,assert,unknown
bean_582_2,commons-beanutils-1.9.4,Jira18TestCase,testIssue_BEANUTILS_18_PropertyUtils_setProperty_Mapped_2_oe,src/test/java/org/apache/commons/beanutils/bugs/Jira18TestCase.java,,,,assert,unknown
bean_583_1,commons-beanutils-1.9.4,Jira454TestCase,testCopyProperties_1_oe,src/test/java/org/apache/commons/beanutils/bugs/Jira454TestCase.java,,,,assert,unknown
bean_585_1,commons-beanutils-1.9.4,Jira298TestCase,testIssue_BEANUTILS_298_PropertyUtils_getProperty_1_oe,src/test/java/org/apache/commons/beanutils/bugs/Jira298TestCase.java,,,,assert,unknown
bean_585_2,commons-beanutils-1.9.4,Jira298TestCase,testIssue_BEANUTILS_298_PropertyUtils_getProperty_2_oe,src/test/java/org/apache/commons/beanutils/bugs/Jira298TestCase.java,,,,assert,unknown
bean_586_1,commons-beanutils-1.9.4,Jira298TestCase,testIssue_BEANUTILS_298_PropertyUtils_setProperty_1_oe,src/test/java/org/apache/commons/beanutils/bugs/Jira298TestCase.java,,,,assert,unknown
bean_586_2,commons-beanutils-1.9.4,Jira298TestCase,testIssue_BEANUTILS_298_PropertyUtils_setProperty_2_oe,src/test/java/org/apache/commons/beanutils/bugs/Jira298TestCase.java,,,,assert,unknown
bean_586_3,commons-beanutils-1.9.4,Jira298TestCase,testIssue_BEANUTILS_298_PropertyUtils_setProperty_3_oe,src/test/java/org/apache/commons/beanutils/bugs/Jira298TestCase.java,,,,assert,unknown
bean_587_1,commons-beanutils-1.9.4,Jira298TestCase,testIssue_BEANUTILS_298_MethodUtils_getAccessibleMethod_1_oe,src/test/java/org/apache/commons/beanutils/bugs/Jira298TestCase.java,,,,assert,unknown
bean_587_2,commons-beanutils-1.9.4,Jira298TestCase,testIssue_BEANUTILS_298_MethodUtils_getAccessibleMethod_2_oe,src/test/java/org/apache/commons/beanutils/bugs/Jira298TestCase.java,,,,assert,unknown
bean_590_3,commons-beanutils-1.9.4,Jira369TestCase,testBeanUtilsGetProperty_aRatedCd_3_oe,src/test/java/org/apache/commons/beanutils/bugs/Jira369TestCase.java,,,,assert,unknown
bean_591_2,commons-beanutils-1.9.4,Jira369TestCase,testBeanUtilsGetProperty_ARatedCd_2_oe,src/test/java/org/apache/commons/beanutils/bugs/Jira369TestCase.java,,,,assert,unknown
bean_592_2,commons-beanutils-1.9.4,Jira369TestCase,testBeanUtilsGetProperty_bRatedCd_2_oe,src/test/java/org/apache/commons/beanutils/bugs/Jira369TestCase.java,,,,assert,unknown
bean_593_1,commons-beanutils-1.9.4,Jira465TestCase,testArrayProperty_1_oe,src/test/java/org/apache/commons/beanutils/bugs/Jira465TestCase.java,,,,assert,unknown
bean_594_1,commons-beanutils-1.9.4,Jira465TestCase,testArrayIndexedProperty_1_oe,src/test/java/org/apache/commons/beanutils/bugs/Jira465TestCase.java,,,,assert,unknown
bean_595_1,commons-beanutils-1.9.4,Jira465TestCase,testListProperty_1_oe,src/test/java/org/apache/commons/beanutils/bugs/Jira465TestCase.java,,,,assert,unknown
bean_596_1,commons-beanutils-1.9.4,Jira465TestCase,testListIndexedProperty_1_oe,src/test/java/org/apache/commons/beanutils/bugs/Jira465TestCase.java,,,,assert,unknown
bean_597_2,commons-beanutils-1.9.4,Jira87TestCase,testJira87_2_oe,src/test/java/org/apache/commons/beanutils/bugs/Jira87TestCase.java,,,,assert,unknown
bean_598_1,commons-beanutils-1.9.4,Jira359TestCase,testBeanUtilsSetProperty_CustomConvertStringToArray_WithColonValue_1_oe,src/test/java/org/apache/commons/beanutils/bugs/Jira359TestCase.java,,,,assert,unknown
bean_598_2,commons-beanutils-1.9.4,Jira359TestCase,testBeanUtilsSetProperty_CustomConvertStringToArray_WithColonValue_2_oe,src/test/java/org/apache/commons/beanutils/bugs/Jira359TestCase.java,,,,assert,unknown
bean_598_3,commons-beanutils-1.9.4,Jira359TestCase,testBeanUtilsSetProperty_CustomConvertStringToArray_WithColonValue_3_oe,src/test/java/org/apache/commons/beanutils/bugs/Jira359TestCase.java,,,,assert,unknown
bean_599_1,commons-beanutils-1.9.4,Jira359TestCase,testBeanUtilsSetProperty_DefaultConvertStringToArray_WithColonValue_1_oe,src/test/java/org/apache/commons/beanutils/bugs/Jira359TestCase.java,,,,assert,unknown
bean_599_2,commons-beanutils-1.9.4,Jira359TestCase,testBeanUtilsSetProperty_DefaultConvertStringToArray_WithColonValue_2_oe,src/test/java/org/apache/commons/beanutils/bugs/Jira359TestCase.java,,,,assert,unknown
bean_599_3,commons-beanutils-1.9.4,Jira359TestCase,testBeanUtilsSetProperty_DefaultConvertStringToArray_WithColonValue_3_oe,src/test/java/org/apache/commons/beanutils/bugs/Jira359TestCase.java,,,,assert,unknown
bean_599_4,commons-beanutils-1.9.4,Jira359TestCase,testBeanUtilsSetProperty_DefaultConvertStringToArray_WithColonValue_4_oe,src/test/java/org/apache/commons/beanutils/bugs/Jira359TestCase.java,,,,assert,unknown
bean_599_5,commons-beanutils-1.9.4,Jira359TestCase,testBeanUtilsSetProperty_DefaultConvertStringToArray_WithColonValue_5_oe,src/test/java/org/apache/commons/beanutils/bugs/Jira359TestCase.java,,,,assert,unknown
bean_600_1,commons-beanutils-1.9.4,Jira359TestCase,testBeanUtilsSetProperty_DefaultConvertStringToArray_WithoutColonValue_1_oe,src/test/java/org/apache/commons/beanutils/bugs/Jira359TestCase.java,,,,assert,unknown
bean_600_2,commons-beanutils-1.9.4,Jira359TestCase,testBeanUtilsSetProperty_DefaultConvertStringToArray_WithoutColonValue_2_oe,src/test/java/org/apache/commons/beanutils/bugs/Jira359TestCase.java,,,,assert,unknown
bean_600_3,commons-beanutils-1.9.4,Jira359TestCase,testBeanUtilsSetProperty_DefaultConvertStringToArray_WithoutColonValue_3_oe,src/test/java/org/apache/commons/beanutils/bugs/Jira359TestCase.java,,,,assert,unknown
bean_601_1,commons-beanutils-1.9.4,Jira359TestCase,testBeanUtilsSetProperty_DefaultConvertStringToArray_WithoutColonValueAndNocoma_1_oe,src/test/java/org/apache/commons/beanutils/bugs/Jira359TestCase.java,,,,assert,unknown
bean_601_2,commons-beanutils-1.9.4,Jira359TestCase,testBeanUtilsSetProperty_DefaultConvertStringToArray_WithoutColonValueAndNocoma_2_oe,src/test/java/org/apache/commons/beanutils/bugs/Jira359TestCase.java,,,,assert,unknown
bean_602_1,commons-beanutils-1.9.4,Jira368TestCase,testBeanUtilsSetProperty_NullBean_1_oe,src/test/java/org/apache/commons/beanutils/bugs/Jira368TestCase.java,,,,assert,unknown
bean_602_2,commons-beanutils-1.9.4,Jira368TestCase,testBeanUtilsSetProperty_NullBean_2_oe,src/test/java/org/apache/commons/beanutils/bugs/Jira368TestCase.java,,,,assert,unknown
bean_603_1,commons-beanutils-1.9.4,Jira422bTestCase,testRootBean_1_oe,src/test/java/org/apache/commons/beanutils/bugs/Jira422bTestCase.java,,,,assert,unknown
bean_604_1,commons-beanutils-1.9.4,Jira422bTestCase,testSecondChildBean_1_oe,src/test/java/org/apache/commons/beanutils/bugs/Jira422bTestCase.java,,,,assert,unknown
bean_605_1,commons-beanutils-1.9.4,Jira345TestCase,testBeanUtilsSetProperty_2DArray_1_oe,src/test/java/org/apache/commons/beanutils/bugs/Jira345TestCase.java,,,,assert,unknown
bean_606_1,commons-beanutils-1.9.4,Jira345TestCase,testBeanUtilsSetProperty_3DArray_1_oe,src/test/java/org/apache/commons/beanutils/bugs/Jira345TestCase.java,,,,assert,unknown
bean_607_1,commons-beanutils-1.9.4,Jira422TestCase,testRootBean_1_oe,src/test/java/org/apache/commons/beanutils/bugs/Jira422TestCase.java,,,,assert,unknown
bean_608_1,commons-beanutils-1.9.4,Jira422TestCase,testSecondChildBean_1_oe,src/test/java/org/apache/commons/beanutils/bugs/Jira422TestCase.java,,,,assert,unknown
bean_610_1,commons-beanutils-1.9.4,Jira520TestCase,testAllowAccessToClassProperty_1_oe,src/test/java/org/apache/commons/beanutils/bugs/Jira520TestCase.java,,,,assert,unknown
bean_611_1,commons-beanutils-1.9.4,Jira492TestCase,getIndexedProperty_1_oe,src/test/java/org/apache/commons/beanutils/bugs/Jira492TestCase.java,,,,assert,unknown
bean_611_2,commons-beanutils-1.9.4,Jira492TestCase,getIndexedProperty_2_oe,src/test/java/org/apache/commons/beanutils/bugs/Jira492TestCase.java,,,,assert,unknown
bean_612_1,commons-beanutils-1.9.4,Jira492TestCase,getPropertySubScript_1_oe,src/test/java/org/apache/commons/beanutils/bugs/Jira492TestCase.java,,,,assert,unknown
bean_612_2,commons-beanutils-1.9.4,Jira492TestCase,getPropertySubScript_2_oe,src/test/java/org/apache/commons/beanutils/bugs/Jira492TestCase.java,,,,assert,unknown
bean_613_1,commons-beanutils-1.9.4,Jira492TestCase,setIndexedProperty_1_oe,src/test/java/org/apache/commons/beanutils/bugs/Jira492TestCase.java,,,,assert,unknown
bean_614_1,commons-beanutils-1.9.4,Jira492TestCase,getProperty_1_oe,src/test/java/org/apache/commons/beanutils/bugs/Jira492TestCase.java,,,,assert,unknown
bean_615_1,commons-beanutils-1.9.4,Jira492TestCase,getPropertyUnconverted_1_oe,src/test/java/org/apache/commons/beanutils/bugs/Jira492TestCase.java,,,,assert,unknown
bean_616_1,commons-beanutils-1.9.4,Jira492TestCase,describe_1_oe,src/test/java/org/apache/commons/beanutils/bugs/Jira492TestCase.java,,,,assert,unknown
bean_617_1,commons-beanutils-1.9.4,Jira492TestCase,getPropertyType_1_oe,src/test/java/org/apache/commons/beanutils/bugs/Jira492TestCase.java,,,,assert,unknown
bean_617_2,commons-beanutils-1.9.4,Jira492TestCase,getPropertyType_2_oe,src/test/java/org/apache/commons/beanutils/bugs/Jira492TestCase.java,,,,assert,unknown
bean_618_1,commons-beanutils-1.9.4,Jira492TestCase,getPropertyDescriptor_1_oe,src/test/java/org/apache/commons/beanutils/bugs/Jira492TestCase.java,,,,assert,unknown
bean_619_1,commons-beanutils-1.9.4,Jira61TestCase,testIssue_BEANUTILS_61_PropertyUtils_isReadable_1_oe,src/test/java/org/apache/commons/beanutils/bugs/Jira61TestCase.java,,,,assert,unknown
bean_619_2,commons-beanutils-1.9.4,Jira61TestCase,testIssue_BEANUTILS_61_PropertyUtils_isReadable_2_oe,src/test/java/org/apache/commons/beanutils/bugs/Jira61TestCase.java,,,,assert,unknown
bean_619_3,commons-beanutils-1.9.4,Jira61TestCase,testIssue_BEANUTILS_61_PropertyUtils_isReadable_3_oe,src/test/java/org/apache/commons/beanutils/bugs/Jira61TestCase.java,,,,assert,unknown
bean_619_4,commons-beanutils-1.9.4,Jira61TestCase,testIssue_BEANUTILS_61_PropertyUtils_isReadable_4_oe,src/test/java/org/apache/commons/beanutils/bugs/Jira61TestCase.java,,,,assert,unknown
bean_620_1,commons-beanutils-1.9.4,Jira61TestCase,testIssue_BEANUTILS_61_PropertyUtils_isWriteable_1_oe,src/test/java/org/apache/commons/beanutils/bugs/Jira61TestCase.java,,,,assert,unknown
bean_620_2,commons-beanutils-1.9.4,Jira61TestCase,testIssue_BEANUTILS_61_PropertyUtils_isWriteable_2_oe,src/test/java/org/apache/commons/beanutils/bugs/Jira61TestCase.java,,,,assert,unknown
bean_620_3,commons-beanutils-1.9.4,Jira61TestCase,testIssue_BEANUTILS_61_PropertyUtils_isWriteable_3_oe,src/test/java/org/apache/commons/beanutils/bugs/Jira61TestCase.java,,,,assert,unknown
bean_620_4,commons-beanutils-1.9.4,Jira61TestCase,testIssue_BEANUTILS_61_PropertyUtils_isWriteable_4_oe,src/test/java/org/apache/commons/beanutils/bugs/Jira61TestCase.java,,,,assert,unknown
bean_621_1,commons-beanutils-1.9.4,Jira61TestCase,testIssue_BEANUTILS_61_PropertyUtils_isReadable_Indexed_1_oe,src/test/java/org/apache/commons/beanutils/bugs/Jira61TestCase.java,,,,assert,unknown
bean_621_2,commons-beanutils-1.9.4,Jira61TestCase,testIssue_BEANUTILS_61_PropertyUtils_isReadable_Indexed_2_oe,src/test/java/org/apache/commons/beanutils/bugs/Jira61TestCase.java,,,,assert,unknown
bean_621_3,commons-beanutils-1.9.4,Jira61TestCase,testIssue_BEANUTILS_61_PropertyUtils_isReadable_Indexed_3_oe,src/test/java/org/apache/commons/beanutils/bugs/Jira61TestCase.java,,,,assert,unknown
bean_621_4,commons-beanutils-1.9.4,Jira61TestCase,testIssue_BEANUTILS_61_PropertyUtils_isReadable_Indexed_4_oe,src/test/java/org/apache/commons/beanutils/bugs/Jira61TestCase.java,,,,assert,unknown
bean_622_1,commons-beanutils-1.9.4,Jira61TestCase,testIssue_BEANUTILS_61_PropertyUtils_isReadable_Mapped_1_oe,src/test/java/org/apache/commons/beanutils/bugs/Jira61TestCase.java,,,,assert,unknown
bean_622_2,commons-beanutils-1.9.4,Jira61TestCase,testIssue_BEANUTILS_61_PropertyUtils_isReadable_Mapped_2_oe,src/test/java/org/apache/commons/beanutils/bugs/Jira61TestCase.java,,,,assert,unknown
bean_622_3,commons-beanutils-1.9.4,Jira61TestCase,testIssue_BEANUTILS_61_PropertyUtils_isReadable_Mapped_3_oe,src/test/java/org/apache/commons/beanutils/bugs/Jira61TestCase.java,,,,assert,unknown
bean_622_4,commons-beanutils-1.9.4,Jira61TestCase,testIssue_BEANUTILS_61_PropertyUtils_isReadable_Mapped_4_oe,src/test/java/org/apache/commons/beanutils/bugs/Jira61TestCase.java,,,,assert,unknown
bean_623_1,commons-beanutils-1.9.4,Jira61TestCase,testIssue_BEANUTILS_61_PropertyUtils_isWriteable_Indexed_1_oe,src/test/java/org/apache/commons/beanutils/bugs/Jira61TestCase.java,,,,assert,unknown
bean_623_2,commons-beanutils-1.9.4,Jira61TestCase,testIssue_BEANUTILS_61_PropertyUtils_isWriteable_Indexed_2_oe,src/test/java/org/apache/commons/beanutils/bugs/Jira61TestCase.java,,,,assert,unknown
bean_623_3,commons-beanutils-1.9.4,Jira61TestCase,testIssue_BEANUTILS_61_PropertyUtils_isWriteable_Indexed_3_oe,src/test/java/org/apache/commons/beanutils/bugs/Jira61TestCase.java,,,,assert,unknown
bean_623_4,commons-beanutils-1.9.4,Jira61TestCase,testIssue_BEANUTILS_61_PropertyUtils_isWriteable_Indexed_4_oe,src/test/java/org/apache/commons/beanutils/bugs/Jira61TestCase.java,,,,assert,unknown
bean_624_1,commons-beanutils-1.9.4,Jira61TestCase,testIssue_BEANUTILS_61_PropertyUtils_isWriteable_Mapped_1_oe,src/test/java/org/apache/commons/beanutils/bugs/Jira61TestCase.java,,,,assert,unknown
bean_624_2,commons-beanutils-1.9.4,Jira61TestCase,testIssue_BEANUTILS_61_PropertyUtils_isWriteable_Mapped_2_oe,src/test/java/org/apache/commons/beanutils/bugs/Jira61TestCase.java,,,,assert,unknown
bean_624_3,commons-beanutils-1.9.4,Jira61TestCase,testIssue_BEANUTILS_61_PropertyUtils_isWriteable_Mapped_3_oe,src/test/java/org/apache/commons/beanutils/bugs/Jira61TestCase.java,,,,assert,unknown
bean_624_4,commons-beanutils-1.9.4,Jira61TestCase,testIssue_BEANUTILS_61_PropertyUtils_isWriteable_Mapped_4_oe,src/test/java/org/apache/commons/beanutils/bugs/Jira61TestCase.java,,,,assert,unknown
bean_625_1,commons-beanutils-1.9.4,Jira61TestCase,testIssue_BEANUTILS_61_PropertyUtils_getProperty_1_oe,src/test/java/org/apache/commons/beanutils/bugs/Jira61TestCase.java,,,,assert,unknown
bean_625_2,commons-beanutils-1.9.4,Jira61TestCase,testIssue_BEANUTILS_61_PropertyUtils_getProperty_2_oe,src/test/java/org/apache/commons/beanutils/bugs/Jira61TestCase.java,,,,assert,unknown
bean_625_3,commons-beanutils-1.9.4,Jira61TestCase,testIssue_BEANUTILS_61_PropertyUtils_getProperty_3_oe,src/test/java/org/apache/commons/beanutils/bugs/Jira61TestCase.java,,,,assert,unknown
bean_625_4,commons-beanutils-1.9.4,Jira61TestCase,testIssue_BEANUTILS_61_PropertyUtils_getProperty_4_oe,src/test/java/org/apache/commons/beanutils/bugs/Jira61TestCase.java,,,,assert,unknown
bean_626_1,commons-beanutils-1.9.4,Jira61TestCase,testIssue_BEANUTILS_61_PropertyUtils_setProperty_1_oe,src/test/java/org/apache/commons/beanutils/bugs/Jira61TestCase.java,,,,assert,unknown
bean_626_2,commons-beanutils-1.9.4,Jira61TestCase,testIssue_BEANUTILS_61_PropertyUtils_setProperty_2_oe,src/test/java/org/apache/commons/beanutils/bugs/Jira61TestCase.java,,,,assert,unknown
bean_626_3,commons-beanutils-1.9.4,Jira61TestCase,testIssue_BEANUTILS_61_PropertyUtils_setProperty_3_oe,src/test/java/org/apache/commons/beanutils/bugs/Jira61TestCase.java,,,,assert,unknown
bean_626_4,commons-beanutils-1.9.4,Jira61TestCase,testIssue_BEANUTILS_61_PropertyUtils_setProperty_4_oe,src/test/java/org/apache/commons/beanutils/bugs/Jira61TestCase.java,,,,assert,unknown
bean_627_1,commons-beanutils-1.9.4,Jira61TestCase,testIssue_BEANUTILS_61_PropertyUtils_getProperty_Indexed_1_oe,src/test/java/org/apache/commons/beanutils/bugs/Jira61TestCase.java,,,,assert,unknown
bean_627_2,commons-beanutils-1.9.4,Jira61TestCase,testIssue_BEANUTILS_61_PropertyUtils_getProperty_Indexed_2_oe,src/test/java/org/apache/commons/beanutils/bugs/Jira61TestCase.java,,,,assert,unknown
bean_627_3,commons-beanutils-1.9.4,Jira61TestCase,testIssue_BEANUTILS_61_PropertyUtils_getProperty_Indexed_3_oe,src/test/java/org/apache/commons/beanutils/bugs/Jira61TestCase.java,,,,assert,unknown
bean_627_4,commons-beanutils-1.9.4,Jira61TestCase,testIssue_BEANUTILS_61_PropertyUtils_getProperty_Indexed_4_oe,src/test/java/org/apache/commons/beanutils/bugs/Jira61TestCase.java,,,,assert,unknown
bean_628_1,commons-beanutils-1.9.4,Jira61TestCase,testIssue_BEANUTILS_61_PropertyUtils_setProperty_Indexed_1_oe,src/test/java/org/apache/commons/beanutils/bugs/Jira61TestCase.java,,,,assert,unknown
bean_628_2,commons-beanutils-1.9.4,Jira61TestCase,testIssue_BEANUTILS_61_PropertyUtils_setProperty_Indexed_2_oe,src/test/java/org/apache/commons/beanutils/bugs/Jira61TestCase.java,,,,assert,unknown
bean_628_3,commons-beanutils-1.9.4,Jira61TestCase,testIssue_BEANUTILS_61_PropertyUtils_setProperty_Indexed_3_oe,src/test/java/org/apache/commons/beanutils/bugs/Jira61TestCase.java,,,,assert,unknown
bean_628_4,commons-beanutils-1.9.4,Jira61TestCase,testIssue_BEANUTILS_61_PropertyUtils_setProperty_Indexed_4_oe,src/test/java/org/apache/commons/beanutils/bugs/Jira61TestCase.java,,,,assert,unknown
bean_629_1,commons-beanutils-1.9.4,Jira61TestCase,testIssue_BEANUTILS_61_PropertyUtils_getProperty_Mapped_1_oe,src/test/java/org/apache/commons/beanutils/bugs/Jira61TestCase.java,,,,assert,unknown
bean_629_2,commons-beanutils-1.9.4,Jira61TestCase,testIssue_BEANUTILS_61_PropertyUtils_getProperty_Mapped_2_oe,src/test/java/org/apache/commons/beanutils/bugs/Jira61TestCase.java,,,,assert,unknown
bean_629_3,commons-beanutils-1.9.4,Jira61TestCase,testIssue_BEANUTILS_61_PropertyUtils_getProperty_Mapped_3_oe,src/test/java/org/apache/commons/beanutils/bugs/Jira61TestCase.java,,,,assert,unknown
bean_629_4,commons-beanutils-1.9.4,Jira61TestCase,testIssue_BEANUTILS_61_PropertyUtils_getProperty_Mapped_4_oe,src/test/java/org/apache/commons/beanutils/bugs/Jira61TestCase.java,,,,assert,unknown
bean_630_1,commons-beanutils-1.9.4,Jira61TestCase,testIssue_BEANUTILS_61_PropertyUtils_setProperty_Mapped_1_oe,src/test/java/org/apache/commons/beanutils/bugs/Jira61TestCase.java,,,,assert,unknown
bean_630_2,commons-beanutils-1.9.4,Jira61TestCase,testIssue_BEANUTILS_61_PropertyUtils_setProperty_Mapped_2_oe,src/test/java/org/apache/commons/beanutils/bugs/Jira61TestCase.java,,,,assert,unknown
bean_630_3,commons-beanutils-1.9.4,Jira61TestCase,testIssue_BEANUTILS_61_PropertyUtils_setProperty_Mapped_3_oe,src/test/java/org/apache/commons/beanutils/bugs/Jira61TestCase.java,,,,assert,unknown
bean_630_4,commons-beanutils-1.9.4,Jira61TestCase,testIssue_BEANUTILS_61_PropertyUtils_setProperty_Mapped_4_oe,src/test/java/org/apache/commons/beanutils/bugs/Jira61TestCase.java,,,,assert,unknown
bean_631_1,commons-beanutils-1.9.4,Jira61TestCase,testIssue_BEANUTILS_61_PropertyUtils_copyProperties_to_WrapDynaBean_1_oe,src/test/java/org/apache/commons/beanutils/bugs/Jira61TestCase.java,,,,assert,unknown
bean_631_2,commons-beanutils-1.9.4,Jira61TestCase,testIssue_BEANUTILS_61_PropertyUtils_copyProperties_to_WrapDynaBean_2_oe,src/test/java/org/apache/commons/beanutils/bugs/Jira61TestCase.java,,,,assert,unknown
bean_632_1,commons-beanutils-1.9.4,Jira61TestCase,testIssue_BEANUTILS_61_PropertyUtils_copyProperties_from_WrapDynaBean_1_oe,src/test/java/org/apache/commons/beanutils/bugs/Jira61TestCase.java,,,,assert,unknown
bean_632_2,commons-beanutils-1.9.4,Jira61TestCase,testIssue_BEANUTILS_61_PropertyUtils_copyProperties_from_WrapDynaBean_2_oe,src/test/java/org/apache/commons/beanutils/bugs/Jira61TestCase.java,,,,assert,unknown
bean_633_1,commons-beanutils-1.9.4,Jira61TestCase,testIssue_BEANUTILS_61_BeanUtils_copyProperties_to_WrapDynaBean_1_oe,src/test/java/org/apache/commons/beanutils/bugs/Jira61TestCase.java,,,,assert,unknown
bean_633_2,commons-beanutils-1.9.4,Jira61TestCase,testIssue_BEANUTILS_61_BeanUtils_copyProperties_to_WrapDynaBean_2_oe,src/test/java/org/apache/commons/beanutils/bugs/Jira61TestCase.java,,,,assert,unknown
bean_634_1,commons-beanutils-1.9.4,Jira61TestCase,testIssue_BEANUTILS_61_BeanUtils_copyProperties_from_WrapDynaBean_1_oe,src/test/java/org/apache/commons/beanutils/bugs/Jira61TestCase.java,,,,assert,unknown
bean_634_2,commons-beanutils-1.9.4,Jira61TestCase,testIssue_BEANUTILS_61_BeanUtils_copyProperties_from_WrapDynaBean_2_oe,src/test/java/org/apache/commons/beanutils/bugs/Jira61TestCase.java,,,,assert,unknown
bean_635_1,commons-beanutils-1.9.4,Jira347TestCase,testMappedPropertyDescriptor_AnyArgsProperty_1_oe,src/test/java/org/apache/commons/beanutils/bugs/Jira347TestCase.java,,,,assert,unknown
bean_635_2,commons-beanutils-1.9.4,Jira347TestCase,testMappedPropertyDescriptor_AnyArgsProperty_2_oe,src/test/java/org/apache/commons/beanutils/bugs/Jira347TestCase.java,,,,assert,unknown
bean_635_3,commons-beanutils-1.9.4,Jira347TestCase,testMappedPropertyDescriptor_AnyArgsProperty_3_oe,src/test/java/org/apache/commons/beanutils/bugs/Jira347TestCase.java,,,,assert,unknown
bean_635_4,commons-beanutils-1.9.4,Jira347TestCase,testMappedPropertyDescriptor_AnyArgsProperty_4_oe,src/test/java/org/apache/commons/beanutils/bugs/Jira347TestCase.java,,,,assert,unknown
bean_635_6,commons-beanutils-1.9.4,Jira347TestCase,testMappedPropertyDescriptor_AnyArgsProperty_6_oe,src/test/java/org/apache/commons/beanutils/bugs/Jira347TestCase.java,,,,assert,unknown
bean_636_1,commons-beanutils-1.9.4,Jira456TestCase,testWriteMethodRecover_1_oe,src/test/java/org/apache/commons/beanutils/bugs/Jira456TestCase.java,,,,assert,unknown
bean_637_1,commons-beanutils-1.9.4,Jira456TestCase,testPropertyIsWritable_1_oe,src/test/java/org/apache/commons/beanutils/bugs/Jira456TestCase.java,,,,assert,unknown
bean_638_1,commons-beanutils-1.9.4,Jira273TestCase,testIssue_BEANUTILS_273_AnnonymousOverriden_1_oe,src/test/java/org/apache/commons/beanutils/bugs/Jira273TestCase.java,,,,assert,unknown
bean_638_2,commons-beanutils-1.9.4,Jira273TestCase,testIssue_BEANUTILS_273_AnnonymousOverriden_2_oe,src/test/java/org/apache/commons/beanutils/bugs/Jira273TestCase.java,,,,assert,unknown
bean_639_1,commons-beanutils-1.9.4,Jira273TestCase,testIssue_BEANUTILS_273_AnnonymousNotOverriden_1_oe,src/test/java/org/apache/commons/beanutils/bugs/Jira273TestCase.java,,,,assert,unknown
bean_639_2,commons-beanutils-1.9.4,Jira273TestCase,testIssue_BEANUTILS_273_AnnonymousNotOverriden_2_oe,src/test/java/org/apache/commons/beanutils/bugs/Jira273TestCase.java,,,,assert,unknown
bean_640_1,commons-beanutils-1.9.4,Jira273TestCase,testIssue_BEANUTILS_273_PrivatePublicNotOverriden_1_oe,src/test/java/org/apache/commons/beanutils/bugs/Jira273TestCase.java,,,,assert,unknown
bean_640_2,commons-beanutils-1.9.4,Jira273TestCase,testIssue_BEANUTILS_273_PrivatePublicNotOverriden_2_oe,src/test/java/org/apache/commons/beanutils/bugs/Jira273TestCase.java,,,,assert,unknown
bean_641_1,commons-beanutils-1.9.4,Jira273TestCase,testIssue_BEANUTILS_273_PrivatePublicOverriden_1_oe,src/test/java/org/apache/commons/beanutils/bugs/Jira273TestCase.java,,,,assert,unknown
bean_641_2,commons-beanutils-1.9.4,Jira273TestCase,testIssue_BEANUTILS_273_PrivatePublicOverriden_2_oe,src/test/java/org/apache/commons/beanutils/bugs/Jira273TestCase.java,,,,assert,unknown
bean_642_1,commons-beanutils-1.9.4,Jira273TestCase,testIssue_BEANUTILS_273_PrivatePrivatePublicNotOverriden_1_oe,src/test/java/org/apache/commons/beanutils/bugs/Jira273TestCase.java,,,,assert,unknown
bean_642_2,commons-beanutils-1.9.4,Jira273TestCase,testIssue_BEANUTILS_273_PrivatePrivatePublicNotOverriden_2_oe,src/test/java/org/apache/commons/beanutils/bugs/Jira273TestCase.java,,,,assert,unknown
bean_643_1,commons-beanutils-1.9.4,Jira273TestCase,testIssue_BEANUTILS_273_PrivatePrivatePublicOverriden_1_oe,src/test/java/org/apache/commons/beanutils/bugs/Jira273TestCase.java,,,,assert,unknown
bean_643_2,commons-beanutils-1.9.4,Jira273TestCase,testIssue_BEANUTILS_273_PrivatePrivatePublicOverriden_2_oe,src/test/java/org/apache/commons/beanutils/bugs/Jira273TestCase.java,,,,assert,unknown
bean_644_1,commons-beanutils-1.9.4,Jira349TestCase,testIssue_BEANUTILS_349_PropertyUtils_copyProperties_1_oe,src/test/java/org/apache/commons/beanutils/bugs/Jira349TestCase.java,,,,assert,unknown
bean_644_2,commons-beanutils-1.9.4,Jira349TestCase,testIssue_BEANUTILS_349_PropertyUtils_copyProperties_2_oe,src/test/java/org/apache/commons/beanutils/bugs/Jira349TestCase.java,,,,assert,unknown
bean_645_1,commons-beanutils-1.9.4,Jira157TestCase,testIssue_BEANUTILS_157_BeanUtils_Describe_Serializable_1_oe,src/test/java/org/apache/commons/beanutils/bugs/Jira157TestCase.java,,,,assert,unknown
bean_645_2,commons-beanutils-1.9.4,Jira157TestCase,testIssue_BEANUTILS_157_BeanUtils_Describe_Serializable_2_oe,src/test/java/org/apache/commons/beanutils/bugs/Jira157TestCase.java,,,,assert,unknown
bean_645_3,commons-beanutils-1.9.4,Jira157TestCase,testIssue_BEANUTILS_157_BeanUtils_Describe_Serializable_3_oe,src/test/java/org/apache/commons/beanutils/bugs/Jira157TestCase.java,,,,assert,unknown
bean_646_1,commons-beanutils-1.9.4,Jira157TestCase,testIssue_BEANUTILS_157_BeanUtils_Describe_Interface_1_oe,src/test/java/org/apache/commons/beanutils/bugs/Jira157TestCase.java,,,,assert,unknown
bean_646_2,commons-beanutils-1.9.4,Jira157TestCase,testIssue_BEANUTILS_157_BeanUtils_Describe_Interface_2_oe,src/test/java/org/apache/commons/beanutils/bugs/Jira157TestCase.java,,,,assert,unknown
bean_646_3,commons-beanutils-1.9.4,Jira157TestCase,testIssue_BEANUTILS_157_BeanUtils_Describe_Interface_3_oe,src/test/java/org/apache/commons/beanutils/bugs/Jira157TestCase.java,,,,assert,unknown
bean_646_4,commons-beanutils-1.9.4,Jira157TestCase,testIssue_BEANUTILS_157_BeanUtils_Describe_Interface_4_oe,src/test/java/org/apache/commons/beanutils/bugs/Jira157TestCase.java,,,,assert,unknown
bean_646_5,commons-beanutils-1.9.4,Jira157TestCase,testIssue_BEANUTILS_157_BeanUtils_Describe_Interface_5_oe,src/test/java/org/apache/commons/beanutils/bugs/Jira157TestCase.java,,,,assert,unknown
bean_646_6,commons-beanutils-1.9.4,Jira157TestCase,testIssue_BEANUTILS_157_BeanUtils_Describe_Interface_6_oe,src/test/java/org/apache/commons/beanutils/bugs/Jira157TestCase.java,,,,assert,unknown
bean_646_7,commons-beanutils-1.9.4,Jira157TestCase,testIssue_BEANUTILS_157_BeanUtils_Describe_Interface_7_oe,src/test/java/org/apache/commons/beanutils/bugs/Jira157TestCase.java,,,,assert,unknown
bean_647_1,commons-beanutils-1.9.4,Jira157TestCase,testIssue_BEANUTILS_157_BeanUtils_Describe_Bean_1_oe,src/test/java/org/apache/commons/beanutils/bugs/Jira157TestCase.java,,,,assert,unknown
bean_647_2,commons-beanutils-1.9.4,Jira157TestCase,testIssue_BEANUTILS_157_BeanUtils_Describe_Bean_2_oe,src/test/java/org/apache/commons/beanutils/bugs/Jira157TestCase.java,,,,assert,unknown
bean_647_3,commons-beanutils-1.9.4,Jira157TestCase,testIssue_BEANUTILS_157_BeanUtils_Describe_Bean_3_oe,src/test/java/org/apache/commons/beanutils/bugs/Jira157TestCase.java,,,,assert,unknown
bean_647_4,commons-beanutils-1.9.4,Jira157TestCase,testIssue_BEANUTILS_157_BeanUtils_Describe_Bean_4_oe,src/test/java/org/apache/commons/beanutils/bugs/Jira157TestCase.java,,,,assert,unknown
bean_647_5,commons-beanutils-1.9.4,Jira157TestCase,testIssue_BEANUTILS_157_BeanUtils_Describe_Bean_5_oe,src/test/java/org/apache/commons/beanutils/bugs/Jira157TestCase.java,,,,assert,unknown
bean_648_1,commons-beanutils-1.9.4,Jira493TestCase,testIndexedProperties_1_oe,src/test/java/org/apache/commons/beanutils/bugs/Jira493TestCase.java,,,,assert,unknown
bean_649_1,commons-beanutils-1.9.4,Jira381TestCase,testIssue_BEANUTILS_381_getMatchingAccessibleMethod_1_oe,src/test/java/org/apache/commons/beanutils/bugs/Jira381TestCase.java,,,,assert,unknown
bean_649_2,commons-beanutils-1.9.4,Jira381TestCase,testIssue_BEANUTILS_381_getMatchingAccessibleMethod_2_oe,src/test/java/org/apache/commons/beanutils/bugs/Jira381TestCase.java,,,,assert,unknown
bean_649_3,commons-beanutils-1.9.4,Jira381TestCase,testIssue_BEANUTILS_381_getMatchingAccessibleMethod_3_oe,src/test/java/org/apache/commons/beanutils/bugs/Jira381TestCase.java,,,,assert,unknown
bean_650_1,commons-beanutils-1.9.4,FileConverterTestCase,testSimpleConversion_1_oe,src/test/java/org/apache/commons/beanutils/converters/FileConverterTestCase.java,,,,assert,unknown
bean_650_2,commons-beanutils-1.9.4,FileConverterTestCase,testSimpleConversion_2_oe,src/test/java/org/apache/commons/beanutils/converters/FileConverterTestCase.java,,,,assert,unknown
bean_653_1,commons-beanutils-1.9.4,DateConverterTestBase,testConvertDate_1_oe,src/test/java/org/apache/commons/beanutils/converters/DateConverterTestBase.java,,,,assert,unknown
bean_653_2,commons-beanutils-1.9.4,DateConverterTestBase,testConvertDate_2_oe,src/test/java/org/apache/commons/beanutils/converters/DateConverterTestBase.java,,,,assert,unknown
bean_653_3,commons-beanutils-1.9.4,DateConverterTestBase,testConvertDate_3_oe,src/test/java/org/apache/commons/beanutils/converters/DateConverterTestBase.java,,,,assert,unknown
bean_654_1,commons-beanutils-1.9.4,DateConverterTestBase,testDefaultType_1_oe,src/test/java/org/apache/commons/beanutils/converters/DateConverterTestBase.java,,,,assert,unknown
bean_654_2,commons-beanutils-1.9.4,DateConverterTestBase,testDefaultType_2_oe,src/test/java/org/apache/commons/beanutils/converters/DateConverterTestBase.java,,,,assert,unknown
bean_654_3,commons-beanutils-1.9.4,DateConverterTestBase,testDefaultType_3_oe,src/test/java/org/apache/commons/beanutils/converters/DateConverterTestBase.java,,,,assert,unknown
bean_656_1,commons-beanutils-1.9.4,DateConverterTestBase,testPatternDefault_1_oe,src/test/java/org/apache/commons/beanutils/converters/DateConverterTestBase.java,,,,assert,unknown
bean_658_1,commons-beanutils-1.9.4,LongConverterTestCase,testSimpleConversion_1_oe,src/test/java/org/apache/commons/beanutils/converters/LongConverterTestCase.java,,,,assert,unknown
bean_658_2,commons-beanutils-1.9.4,LongConverterTestCase,testSimpleConversion_2_oe,src/test/java/org/apache/commons/beanutils/converters/LongConverterTestCase.java,,,,assert,unknown
bean_658_3,commons-beanutils-1.9.4,LongConverterTestCase,testSimpleConversion_3_oe,src/test/java/org/apache/commons/beanutils/converters/LongConverterTestCase.java,,,,assert,unknown
bean_662_1,commons-beanutils-1.9.4,CharacterConverterTestCase,testConvertToString_1_oe,src/test/java/org/apache/commons/beanutils/converters/CharacterConverterTestCase.java,,,,assert,unknown
bean_662_2,commons-beanutils-1.9.4,CharacterConverterTestCase,testConvertToString_2_oe,src/test/java/org/apache/commons/beanutils/converters/CharacterConverterTestCase.java,,,,assert,unknown
bean_662_3,commons-beanutils-1.9.4,CharacterConverterTestCase,testConvertToString_3_oe,src/test/java/org/apache/commons/beanutils/converters/CharacterConverterTestCase.java,,,,assert,unknown
bean_662_4,commons-beanutils-1.9.4,CharacterConverterTestCase,testConvertToString_4_oe,src/test/java/org/apache/commons/beanutils/converters/CharacterConverterTestCase.java,,,,assert,unknown
bean_663_1,commons-beanutils-1.9.4,CharacterConverterTestCase,testConvertToCharacter_1_oe,src/test/java/org/apache/commons/beanutils/converters/CharacterConverterTestCase.java,,,,assert,unknown
bean_663_2,commons-beanutils-1.9.4,CharacterConverterTestCase,testConvertToCharacter_2_oe,src/test/java/org/apache/commons/beanutils/converters/CharacterConverterTestCase.java,,,,assert,unknown
bean_663_3,commons-beanutils-1.9.4,CharacterConverterTestCase,testConvertToCharacter_3_oe,src/test/java/org/apache/commons/beanutils/converters/CharacterConverterTestCase.java,,,,assert,unknown
bean_664_1,commons-beanutils-1.9.4,CharacterConverterTestCase,testConvertToChar_1_oe,src/test/java/org/apache/commons/beanutils/converters/CharacterConverterTestCase.java,,,,assert,unknown
bean_666_1,commons-beanutils-1.9.4,CharacterConverterTestCase,testDefault_1_oe,src/test/java/org/apache/commons/beanutils/converters/CharacterConverterTestCase.java,,,,assert,unknown
bean_669_1,commons-beanutils-1.9.4,BooleanConverterTestCase,testDefaultValue_1_oe,src/test/java/org/apache/commons/beanutils/converters/BooleanConverterTestCase.java,,,,assert,unknown
bean_672_1,commons-beanutils-1.9.4,BooleanConverterTestCase,testPrimitiveTargetClass_1_oe,src/test/java/org/apache/commons/beanutils/converters/BooleanConverterTestCase.java,,,,assert,unknown
bean_673_1,commons-beanutils-1.9.4,ByteConverterTestCase,testSimpleConversion_1_oe,src/test/java/org/apache/commons/beanutils/converters/ByteConverterTestCase.java,,,,assert,unknown
bean_673_2,commons-beanutils-1.9.4,ByteConverterTestCase,testSimpleConversion_2_oe,src/test/java/org/apache/commons/beanutils/converters/ByteConverterTestCase.java,,,,assert,unknown
bean_673_3,commons-beanutils-1.9.4,ByteConverterTestCase,testSimpleConversion_3_oe,src/test/java/org/apache/commons/beanutils/converters/ByteConverterTestCase.java,,,,assert,unknown
bean_674_1,commons-beanutils-1.9.4,ByteConverterTestCase,testInvalidAmount_1_oe,src/test/java/org/apache/commons/beanutils/converters/ByteConverterTestCase.java,,,,assert,unknown
bean_674_2,commons-beanutils-1.9.4,ByteConverterTestCase,testInvalidAmount_2_oe,src/test/java/org/apache/commons/beanutils/converters/ByteConverterTestCase.java,,,,assert,unknown
bean_675_1,commons-beanutils-1.9.4,BigIntegerConverterTestCase,testSimpleConversion_1_oe,src/test/java/org/apache/commons/beanutils/converters/BigIntegerConverterTestCase.java,,,,assert,unknown
bean_675_2,commons-beanutils-1.9.4,BigIntegerConverterTestCase,testSimpleConversion_2_oe,src/test/java/org/apache/commons/beanutils/converters/BigIntegerConverterTestCase.java,,,,assert,unknown
bean_676_1,commons-beanutils-1.9.4,BooleanArrayConverterTestCase,testStandardStringArrayConversion_1_oe,src/test/java/org/apache/commons/beanutils/converters/BooleanArrayConverterTestCase.java,,,,assert,unknown
bean_676_2,commons-beanutils-1.9.4,BooleanArrayConverterTestCase,testStandardStringArrayConversion_2_oe,src/test/java/org/apache/commons/beanutils/converters/BooleanArrayConverterTestCase.java,,,,assert,unknown
bean_676_3,commons-beanutils-1.9.4,BooleanArrayConverterTestCase,testStandardStringArrayConversion_3_oe,src/test/java/org/apache/commons/beanutils/converters/BooleanArrayConverterTestCase.java,,,,assert,unknown
bean_676_4,commons-beanutils-1.9.4,BooleanArrayConverterTestCase,testStandardStringArrayConversion_4_oe,src/test/java/org/apache/commons/beanutils/converters/BooleanArrayConverterTestCase.java,,,,assert,unknown
bean_676_5,commons-beanutils-1.9.4,BooleanArrayConverterTestCase,testStandardStringArrayConversion_5_oe,src/test/java/org/apache/commons/beanutils/converters/BooleanArrayConverterTestCase.java,,,,assert,unknown
bean_676_6,commons-beanutils-1.9.4,BooleanArrayConverterTestCase,testStandardStringArrayConversion_6_oe,src/test/java/org/apache/commons/beanutils/converters/BooleanArrayConverterTestCase.java,,,,assert,unknown
bean_676_7,commons-beanutils-1.9.4,BooleanArrayConverterTestCase,testStandardStringArrayConversion_7_oe,src/test/java/org/apache/commons/beanutils/converters/BooleanArrayConverterTestCase.java,,,,assert,unknown
bean_676_8,commons-beanutils-1.9.4,BooleanArrayConverterTestCase,testStandardStringArrayConversion_8_oe,src/test/java/org/apache/commons/beanutils/converters/BooleanArrayConverterTestCase.java,,,,assert,unknown
bean_676_9,commons-beanutils-1.9.4,BooleanArrayConverterTestCase,testStandardStringArrayConversion_9_oe,src/test/java/org/apache/commons/beanutils/converters/BooleanArrayConverterTestCase.java,,,,assert,unknown
bean_676_10,commons-beanutils-1.9.4,BooleanArrayConverterTestCase,testStandardStringArrayConversion_10_oe,src/test/java/org/apache/commons/beanutils/converters/BooleanArrayConverterTestCase.java,,,,assert,unknown
bean_677_1,commons-beanutils-1.9.4,BooleanArrayConverterTestCase,testStandardStringConversion_1_oe,src/test/java/org/apache/commons/beanutils/converters/BooleanArrayConverterTestCase.java,,,,assert,unknown
bean_677_2,commons-beanutils-1.9.4,BooleanArrayConverterTestCase,testStandardStringConversion_2_oe,src/test/java/org/apache/commons/beanutils/converters/BooleanArrayConverterTestCase.java,,,,assert,unknown
bean_677_3,commons-beanutils-1.9.4,BooleanArrayConverterTestCase,testStandardStringConversion_3_oe,src/test/java/org/apache/commons/beanutils/converters/BooleanArrayConverterTestCase.java,,,,assert,unknown
bean_677_4,commons-beanutils-1.9.4,BooleanArrayConverterTestCase,testStandardStringConversion_4_oe,src/test/java/org/apache/commons/beanutils/converters/BooleanArrayConverterTestCase.java,,,,assert,unknown
bean_677_5,commons-beanutils-1.9.4,BooleanArrayConverterTestCase,testStandardStringConversion_5_oe,src/test/java/org/apache/commons/beanutils/converters/BooleanArrayConverterTestCase.java,,,,assert,unknown
bean_677_6,commons-beanutils-1.9.4,BooleanArrayConverterTestCase,testStandardStringConversion_6_oe,src/test/java/org/apache/commons/beanutils/converters/BooleanArrayConverterTestCase.java,,,,assert,unknown
bean_677_7,commons-beanutils-1.9.4,BooleanArrayConverterTestCase,testStandardStringConversion_7_oe,src/test/java/org/apache/commons/beanutils/converters/BooleanArrayConverterTestCase.java,,,,assert,unknown
bean_677_8,commons-beanutils-1.9.4,BooleanArrayConverterTestCase,testStandardStringConversion_8_oe,src/test/java/org/apache/commons/beanutils/converters/BooleanArrayConverterTestCase.java,,,,assert,unknown
bean_677_9,commons-beanutils-1.9.4,BooleanArrayConverterTestCase,testStandardStringConversion_9_oe,src/test/java/org/apache/commons/beanutils/converters/BooleanArrayConverterTestCase.java,,,,assert,unknown
bean_677_10,commons-beanutils-1.9.4,BooleanArrayConverterTestCase,testStandardStringConversion_10_oe,src/test/java/org/apache/commons/beanutils/converters/BooleanArrayConverterTestCase.java,,,,assert,unknown
bean_677_11,commons-beanutils-1.9.4,BooleanArrayConverterTestCase,testStandardStringConversion_11_oe,src/test/java/org/apache/commons/beanutils/converters/BooleanArrayConverterTestCase.java,,,,assert,unknown
bean_677_12,commons-beanutils-1.9.4,BooleanArrayConverterTestCase,testStandardStringConversion_12_oe,src/test/java/org/apache/commons/beanutils/converters/BooleanArrayConverterTestCase.java,,,,assert,unknown
bean_677_13,commons-beanutils-1.9.4,BooleanArrayConverterTestCase,testStandardStringConversion_13_oe,src/test/java/org/apache/commons/beanutils/converters/BooleanArrayConverterTestCase.java,,,,assert,unknown
bean_677_14,commons-beanutils-1.9.4,BooleanArrayConverterTestCase,testStandardStringConversion_14_oe,src/test/java/org/apache/commons/beanutils/converters/BooleanArrayConverterTestCase.java,,,,assert,unknown
bean_677_15,commons-beanutils-1.9.4,BooleanArrayConverterTestCase,testStandardStringConversion_15_oe,src/test/java/org/apache/commons/beanutils/converters/BooleanArrayConverterTestCase.java,,,,assert,unknown
bean_677_16,commons-beanutils-1.9.4,BooleanArrayConverterTestCase,testStandardStringConversion_16_oe,src/test/java/org/apache/commons/beanutils/converters/BooleanArrayConverterTestCase.java,,,,assert,unknown
bean_677_17,commons-beanutils-1.9.4,BooleanArrayConverterTestCase,testStandardStringConversion_17_oe,src/test/java/org/apache/commons/beanutils/converters/BooleanArrayConverterTestCase.java,,,,assert,unknown
bean_677_18,commons-beanutils-1.9.4,BooleanArrayConverterTestCase,testStandardStringConversion_18_oe,src/test/java/org/apache/commons/beanutils/converters/BooleanArrayConverterTestCase.java,,,,assert,unknown
bean_677_19,commons-beanutils-1.9.4,BooleanArrayConverterTestCase,testStandardStringConversion_19_oe,src/test/java/org/apache/commons/beanutils/converters/BooleanArrayConverterTestCase.java,,,,assert,unknown
bean_677_20,commons-beanutils-1.9.4,BooleanArrayConverterTestCase,testStandardStringConversion_20_oe,src/test/java/org/apache/commons/beanutils/converters/BooleanArrayConverterTestCase.java,,,,assert,unknown
bean_677_21,commons-beanutils-1.9.4,BooleanArrayConverterTestCase,testStandardStringConversion_21_oe,src/test/java/org/apache/commons/beanutils/converters/BooleanArrayConverterTestCase.java,,,,assert,unknown
bean_677_22,commons-beanutils-1.9.4,BooleanArrayConverterTestCase,testStandardStringConversion_22_oe,src/test/java/org/apache/commons/beanutils/converters/BooleanArrayConverterTestCase.java,,,,assert,unknown
bean_677_23,commons-beanutils-1.9.4,BooleanArrayConverterTestCase,testStandardStringConversion_23_oe,src/test/java/org/apache/commons/beanutils/converters/BooleanArrayConverterTestCase.java,,,,assert,unknown
bean_677_24,commons-beanutils-1.9.4,BooleanArrayConverterTestCase,testStandardStringConversion_24_oe,src/test/java/org/apache/commons/beanutils/converters/BooleanArrayConverterTestCase.java,,,,assert,unknown
bean_677_25,commons-beanutils-1.9.4,BooleanArrayConverterTestCase,testStandardStringConversion_25_oe,src/test/java/org/apache/commons/beanutils/converters/BooleanArrayConverterTestCase.java,,,,assert,unknown
bean_677_26,commons-beanutils-1.9.4,BooleanArrayConverterTestCase,testStandardStringConversion_26_oe,src/test/java/org/apache/commons/beanutils/converters/BooleanArrayConverterTestCase.java,,,,assert,unknown
bean_677_27,commons-beanutils-1.9.4,BooleanArrayConverterTestCase,testStandardStringConversion_27_oe,src/test/java/org/apache/commons/beanutils/converters/BooleanArrayConverterTestCase.java,,,,assert,unknown
bean_677_28,commons-beanutils-1.9.4,BooleanArrayConverterTestCase,testStandardStringConversion_28_oe,src/test/java/org/apache/commons/beanutils/converters/BooleanArrayConverterTestCase.java,,,,assert,unknown
bean_677_29,commons-beanutils-1.9.4,BooleanArrayConverterTestCase,testStandardStringConversion_29_oe,src/test/java/org/apache/commons/beanutils/converters/BooleanArrayConverterTestCase.java,,,,assert,unknown
bean_678_1,commons-beanutils-1.9.4,BooleanArrayConverterTestCase,testAdditionalStrings_1_oe,src/test/java/org/apache/commons/beanutils/converters/BooleanArrayConverterTestCase.java,,,,assert,unknown
bean_678_2,commons-beanutils-1.9.4,BooleanArrayConverterTestCase,testAdditionalStrings_2_oe,src/test/java/org/apache/commons/beanutils/converters/BooleanArrayConverterTestCase.java,,,,assert,unknown
bean_678_3,commons-beanutils-1.9.4,BooleanArrayConverterTestCase,testAdditionalStrings_3_oe,src/test/java/org/apache/commons/beanutils/converters/BooleanArrayConverterTestCase.java,,,,assert,unknown
bean_678_4,commons-beanutils-1.9.4,BooleanArrayConverterTestCase,testAdditionalStrings_4_oe,src/test/java/org/apache/commons/beanutils/converters/BooleanArrayConverterTestCase.java,,,,assert,unknown
bean_678_5,commons-beanutils-1.9.4,BooleanArrayConverterTestCase,testAdditionalStrings_5_oe,src/test/java/org/apache/commons/beanutils/converters/BooleanArrayConverterTestCase.java,,,,assert,unknown
bean_680_1,commons-beanutils-1.9.4,BooleanArrayConverterTestCase,testInvalidStringWithDefault_1_oe,src/test/java/org/apache/commons/beanutils/converters/BooleanArrayConverterTestCase.java,,,,assert,unknown
bean_682_1,commons-beanutils-1.9.4,BooleanArrayConverterTestCase,testInvalidElementWithDefault_1_oe,src/test/java/org/apache/commons/beanutils/converters/BooleanArrayConverterTestCase.java,,,,assert,unknown
bean_683_1,commons-beanutils-1.9.4,BooleanArrayConverterTestCase,testElementDefault_1_oe,src/test/java/org/apache/commons/beanutils/converters/BooleanArrayConverterTestCase.java,,,,assert,unknown
bean_683_2,commons-beanutils-1.9.4,BooleanArrayConverterTestCase,testElementDefault_2_oe,src/test/java/org/apache/commons/beanutils/converters/BooleanArrayConverterTestCase.java,,,,assert,unknown
bean_683_3,commons-beanutils-1.9.4,BooleanArrayConverterTestCase,testElementDefault_3_oe,src/test/java/org/apache/commons/beanutils/converters/BooleanArrayConverterTestCase.java,,,,assert,unknown
bean_684_1,commons-beanutils-1.9.4,BooleanArrayConverterTestCase,testRegistration_1_oe,src/test/java/org/apache/commons/beanutils/converters/BooleanArrayConverterTestCase.java,,,,assert,unknown
bean_684_2,commons-beanutils-1.9.4,BooleanArrayConverterTestCase,testRegistration_2_oe,src/test/java/org/apache/commons/beanutils/converters/BooleanArrayConverterTestCase.java,,,,assert,unknown
bean_684_3,commons-beanutils-1.9.4,BooleanArrayConverterTestCase,testRegistration_3_oe,src/test/java/org/apache/commons/beanutils/converters/BooleanArrayConverterTestCase.java,,,,assert,unknown
bean_685_1,commons-beanutils-1.9.4,StringArrayConverterTestCase,testIntToString_1_oe,src/test/java/org/apache/commons/beanutils/converters/StringArrayConverterTestCase.java,,,,assert,unknown
bean_685_2,commons-beanutils-1.9.4,StringArrayConverterTestCase,testIntToString_2_oe,src/test/java/org/apache/commons/beanutils/converters/StringArrayConverterTestCase.java,,,,assert,unknown
bean_685_3,commons-beanutils-1.9.4,StringArrayConverterTestCase,testIntToString_3_oe,src/test/java/org/apache/commons/beanutils/converters/StringArrayConverterTestCase.java,,,,assert,unknown
bean_685_4,commons-beanutils-1.9.4,StringArrayConverterTestCase,testIntToString_4_oe,src/test/java/org/apache/commons/beanutils/converters/StringArrayConverterTestCase.java,,,,assert,unknown
bean_685_5,commons-beanutils-1.9.4,StringArrayConverterTestCase,testIntToString_5_oe,src/test/java/org/apache/commons/beanutils/converters/StringArrayConverterTestCase.java,,,,assert,unknown
bean_685_6,commons-beanutils-1.9.4,StringArrayConverterTestCase,testIntToString_6_oe,src/test/java/org/apache/commons/beanutils/converters/StringArrayConverterTestCase.java,,,,assert,unknown
bean_686_1,commons-beanutils-1.9.4,ClassReloaderTestCase,testBasicOperation_1_oe,src/test/java/org/apache/commons/beanutils/converters/ClassReloaderTestCase.java,,,,assert,unknown
bean_686_2,commons-beanutils-1.9.4,ClassReloaderTestCase,testBasicOperation_2_oe,src/test/java/org/apache/commons/beanutils/converters/ClassReloaderTestCase.java,,,,assert,unknown
bean_686_3,commons-beanutils-1.9.4,ClassReloaderTestCase,testBasicOperation_3_oe,src/test/java/org/apache/commons/beanutils/converters/ClassReloaderTestCase.java,,,,assert,unknown
bean_686_4,commons-beanutils-1.9.4,ClassReloaderTestCase,testBasicOperation_4_oe,src/test/java/org/apache/commons/beanutils/converters/ClassReloaderTestCase.java,,,,assert,unknown
bean_686_5,commons-beanutils-1.9.4,ClassReloaderTestCase,testBasicOperation_5_oe,src/test/java/org/apache/commons/beanutils/converters/ClassReloaderTestCase.java,,,,assert,unknown
bean_686_6,commons-beanutils-1.9.4,ClassReloaderTestCase,testBasicOperation_6_oe,src/test/java/org/apache/commons/beanutils/converters/ClassReloaderTestCase.java,,,,assert,unknown
bean_686_7,commons-beanutils-1.9.4,ClassReloaderTestCase,testBasicOperation_7_oe,src/test/java/org/apache/commons/beanutils/converters/ClassReloaderTestCase.java,,,,assert,unknown
bean_686_8,commons-beanutils-1.9.4,ClassReloaderTestCase,testBasicOperation_8_oe,src/test/java/org/apache/commons/beanutils/converters/ClassReloaderTestCase.java,,,,assert,unknown
bean_687_1,commons-beanutils-1.9.4,FloatConverterTestCase,testSimpleConversion_1_oe,src/test/java/org/apache/commons/beanutils/converters/FloatConverterTestCase.java,,,,assert,unknown
bean_687_2,commons-beanutils-1.9.4,FloatConverterTestCase,testSimpleConversion_2_oe,src/test/java/org/apache/commons/beanutils/converters/FloatConverterTestCase.java,,,,assert,unknown
bean_687_3,commons-beanutils-1.9.4,FloatConverterTestCase,testSimpleConversion_3_oe,src/test/java/org/apache/commons/beanutils/converters/FloatConverterTestCase.java,,,,assert,unknown
bean_688_1,commons-beanutils-1.9.4,FloatConverterTestCase,testInvalidAmount_1_oe,src/test/java/org/apache/commons/beanutils/converters/FloatConverterTestCase.java,,,,assert,unknown
bean_689_1,commons-beanutils-1.9.4,SqlDateConverterTestCase,testDefaultTypeToStringConvert_1_oe,src/test/java/org/apache/commons/beanutils/converters/SqlDateConverterTestCase.java,,,,assert,unknown
bean_690_1,commons-beanutils-1.9.4,BigDecimalConverterTestCase,testSimpleConversion_1_oe,src/test/java/org/apache/commons/beanutils/converters/BigDecimalConverterTestCase.java,,,,assert,unknown
bean_690_2,commons-beanutils-1.9.4,BigDecimalConverterTestCase,testSimpleConversion_2_oe,src/test/java/org/apache/commons/beanutils/converters/BigDecimalConverterTestCase.java,,,,assert,unknown
bean_691_1,commons-beanutils-1.9.4,ClassConverterTestCase,testConvertToString_1_oe,src/test/java/org/apache/commons/beanutils/converters/ClassConverterTestCase.java,,,,assert,unknown
bean_691_2,commons-beanutils-1.9.4,ClassConverterTestCase,testConvertToString_2_oe,src/test/java/org/apache/commons/beanutils/converters/ClassConverterTestCase.java,,,,assert,unknown
bean_691_3,commons-beanutils-1.9.4,ClassConverterTestCase,testConvertToString_3_oe,src/test/java/org/apache/commons/beanutils/converters/ClassConverterTestCase.java,,,,assert,unknown
bean_691_4,commons-beanutils-1.9.4,ClassConverterTestCase,testConvertToString_4_oe,src/test/java/org/apache/commons/beanutils/converters/ClassConverterTestCase.java,,,,assert,unknown
bean_692_1,commons-beanutils-1.9.4,ClassConverterTestCase,testConvertToClass_1_oe,src/test/java/org/apache/commons/beanutils/converters/ClassConverterTestCase.java,,,,assert,unknown
bean_692_2,commons-beanutils-1.9.4,ClassConverterTestCase,testConvertToClass_2_oe,src/test/java/org/apache/commons/beanutils/converters/ClassConverterTestCase.java,,,,assert,unknown
bean_692_3,commons-beanutils-1.9.4,ClassConverterTestCase,testConvertToClass_3_oe,src/test/java/org/apache/commons/beanutils/converters/ClassConverterTestCase.java,,,,assert,unknown
bean_693_1,commons-beanutils-1.9.4,ClassConverterTestCase,testConvertToClassDefault_1_oe,src/test/java/org/apache/commons/beanutils/converters/ClassConverterTestCase.java,,,,assert,unknown
bean_693_2,commons-beanutils-1.9.4,ClassConverterTestCase,testConvertToClassDefault_2_oe,src/test/java/org/apache/commons/beanutils/converters/ClassConverterTestCase.java,,,,assert,unknown
bean_694_1,commons-beanutils-1.9.4,ClassConverterTestCase,testConvertToClassDefaultNull_1_oe,src/test/java/org/apache/commons/beanutils/converters/ClassConverterTestCase.java,,,,assert,unknown
bean_694_2,commons-beanutils-1.9.4,ClassConverterTestCase,testConvertToClassDefaultNull_2_oe,src/test/java/org/apache/commons/beanutils/converters/ClassConverterTestCase.java,,,,assert,unknown
bean_695_1,commons-beanutils-1.9.4,ClassConverterTestCase,testArray_1_oe,src/test/java/org/apache/commons/beanutils/converters/ClassConverterTestCase.java,,,,assert,unknown
bean_698_1,commons-beanutils-1.9.4,ArrayConverterTestCase,testComponentIntegerConverter_1_oe,src/test/java/org/apache/commons/beanutils/converters/ArrayConverterTestCase.java,,,,assert,unknown
bean_698_2,commons-beanutils-1.9.4,ArrayConverterTestCase,testComponentIntegerConverter_2_oe,src/test/java/org/apache/commons/beanutils/converters/ArrayConverterTestCase.java,,,,assert,unknown
bean_698_3,commons-beanutils-1.9.4,ArrayConverterTestCase,testComponentIntegerConverter_3_oe,src/test/java/org/apache/commons/beanutils/converters/ArrayConverterTestCase.java,,,,assert,unknown
bean_698_4,commons-beanutils-1.9.4,ArrayConverterTestCase,testComponentIntegerConverter_4_oe,src/test/java/org/apache/commons/beanutils/converters/ArrayConverterTestCase.java,,,,assert,unknown
bean_698_5,commons-beanutils-1.9.4,ArrayConverterTestCase,testComponentIntegerConverter_5_oe,src/test/java/org/apache/commons/beanutils/converters/ArrayConverterTestCase.java,,,,assert,unknown
bean_698_6,commons-beanutils-1.9.4,ArrayConverterTestCase,testComponentIntegerConverter_6_oe,src/test/java/org/apache/commons/beanutils/converters/ArrayConverterTestCase.java,,,,assert,unknown
bean_698_7,commons-beanutils-1.9.4,ArrayConverterTestCase,testComponentIntegerConverter_7_oe,src/test/java/org/apache/commons/beanutils/converters/ArrayConverterTestCase.java,,,,assert,unknown
bean_698_9,commons-beanutils-1.9.4,ArrayConverterTestCase,testComponentIntegerConverter_9_oe,src/test/java/org/apache/commons/beanutils/converters/ArrayConverterTestCase.java,,,,assert,unknown
bean_698_11,commons-beanutils-1.9.4,ArrayConverterTestCase,testComponentIntegerConverter_11_oe,src/test/java/org/apache/commons/beanutils/converters/ArrayConverterTestCase.java,,,,assert,unknown
bean_698_13,commons-beanutils-1.9.4,ArrayConverterTestCase,testComponentIntegerConverter_13_oe,src/test/java/org/apache/commons/beanutils/converters/ArrayConverterTestCase.java,,,,assert,unknown
bean_698_15,commons-beanutils-1.9.4,ArrayConverterTestCase,testComponentIntegerConverter_15_oe,src/test/java/org/apache/commons/beanutils/converters/ArrayConverterTestCase.java,,,,assert,unknown
bean_698_16,commons-beanutils-1.9.4,ArrayConverterTestCase,testComponentIntegerConverter_16_oe,src/test/java/org/apache/commons/beanutils/converters/ArrayConverterTestCase.java,,,,assert,unknown
bean_698_17,commons-beanutils-1.9.4,ArrayConverterTestCase,testComponentIntegerConverter_17_oe,src/test/java/org/apache/commons/beanutils/converters/ArrayConverterTestCase.java,,,,assert,unknown
bean_698_18,commons-beanutils-1.9.4,ArrayConverterTestCase,testComponentIntegerConverter_18_oe,src/test/java/org/apache/commons/beanutils/converters/ArrayConverterTestCase.java,,,,assert,unknown
bean_699_1,commons-beanutils-1.9.4,ArrayConverterTestCase,testStringArrayToNumber_1_oe,src/test/java/org/apache/commons/beanutils/converters/ArrayConverterTestCase.java,,,,assert,unknown
bean_699_2,commons-beanutils-1.9.4,ArrayConverterTestCase,testStringArrayToNumber_2_oe,src/test/java/org/apache/commons/beanutils/converters/ArrayConverterTestCase.java,,,,assert,unknown
bean_699_3,commons-beanutils-1.9.4,ArrayConverterTestCase,testStringArrayToNumber_3_oe,src/test/java/org/apache/commons/beanutils/converters/ArrayConverterTestCase.java,,,,assert,unknown
bean_699_4,commons-beanutils-1.9.4,ArrayConverterTestCase,testStringArrayToNumber_4_oe,src/test/java/org/apache/commons/beanutils/converters/ArrayConverterTestCase.java,,,,assert,unknown
bean_700_5,commons-beanutils-1.9.4,ArrayConverterTestCase,testTheMatrix_5_oe,src/test/java/org/apache/commons/beanutils/converters/ArrayConverterTestCase.java,,,,assert,unknown
bean_701_1,commons-beanutils-1.9.4,ArrayConverterTestCase,testInvalidWithDefault_1_oe,src/test/java/org/apache/commons/beanutils/converters/ArrayConverterTestCase.java,,,,assert,unknown
bean_702_1,commons-beanutils-1.9.4,ArrayConverterTestCase,testEmptyString_1_oe,src/test/java/org/apache/commons/beanutils/converters/ArrayConverterTestCase.java,,,,assert,unknown
bean_704_1,commons-beanutils-1.9.4,ArrayConverterTestCase,testUnderscore_BEANUTILS_302_1_oe,src/test/java/org/apache/commons/beanutils/converters/ArrayConverterTestCase.java,,,,assert,unknown
bean_704_2,commons-beanutils-1.9.4,ArrayConverterTestCase,testUnderscore_BEANUTILS_302_2_oe,src/test/java/org/apache/commons/beanutils/converters/ArrayConverterTestCase.java,,,,assert,unknown
bean_704_3,commons-beanutils-1.9.4,ArrayConverterTestCase,testUnderscore_BEANUTILS_302_3_oe,src/test/java/org/apache/commons/beanutils/converters/ArrayConverterTestCase.java,,,,assert,unknown
bean_704_4,commons-beanutils-1.9.4,ArrayConverterTestCase,testUnderscore_BEANUTILS_302_4_oe,src/test/java/org/apache/commons/beanutils/converters/ArrayConverterTestCase.java,,,,assert,unknown
bean_704_5,commons-beanutils-1.9.4,ArrayConverterTestCase,testUnderscore_BEANUTILS_302_5_oe,src/test/java/org/apache/commons/beanutils/converters/ArrayConverterTestCase.java,,,,assert,unknown
bean_704_6,commons-beanutils-1.9.4,ArrayConverterTestCase,testUnderscore_BEANUTILS_302_6_oe,src/test/java/org/apache/commons/beanutils/converters/ArrayConverterTestCase.java,,,,assert,unknown
bean_704_7,commons-beanutils-1.9.4,ArrayConverterTestCase,testUnderscore_BEANUTILS_302_7_oe,src/test/java/org/apache/commons/beanutils/converters/ArrayConverterTestCase.java,,,,assert,unknown
bean_704_8,commons-beanutils-1.9.4,ArrayConverterTestCase,testUnderscore_BEANUTILS_302_8_oe,src/test/java/org/apache/commons/beanutils/converters/ArrayConverterTestCase.java,,,,assert,unknown
bean_704_9,commons-beanutils-1.9.4,ArrayConverterTestCase,testUnderscore_BEANUTILS_302_9_oe,src/test/java/org/apache/commons/beanutils/converters/ArrayConverterTestCase.java,,,,assert,unknown
bean_704_10,commons-beanutils-1.9.4,ArrayConverterTestCase,testUnderscore_BEANUTILS_302_10_oe,src/test/java/org/apache/commons/beanutils/converters/ArrayConverterTestCase.java,,,,assert,unknown
bean_705_1,commons-beanutils-1.9.4,URLConverterTestCase,testSimpleConversion_1_oe,src/test/java/org/apache/commons/beanutils/converters/URLConverterTestCase.java,,,,assert,unknown
bean_705_2,commons-beanutils-1.9.4,URLConverterTestCase,testSimpleConversion_2_oe,src/test/java/org/apache/commons/beanutils/converters/URLConverterTestCase.java,,,,assert,unknown
bean_705_3,commons-beanutils-1.9.4,URLConverterTestCase,testSimpleConversion_3_oe,src/test/java/org/apache/commons/beanutils/converters/URLConverterTestCase.java,,,,assert,unknown
bean_707_1,commons-beanutils-1.9.4,DoubleConverterTestCase,testSimpleConversion_1_oe,src/test/java/org/apache/commons/beanutils/converters/DoubleConverterTestCase.java,,,,assert,unknown
bean_707_2,commons-beanutils-1.9.4,DoubleConverterTestCase,testSimpleConversion_2_oe,src/test/java/org/apache/commons/beanutils/converters/DoubleConverterTestCase.java,,,,assert,unknown
bean_707_3,commons-beanutils-1.9.4,DoubleConverterTestCase,testSimpleConversion_3_oe,src/test/java/org/apache/commons/beanutils/converters/DoubleConverterTestCase.java,,,,assert,unknown
bean_708_1,commons-beanutils-1.9.4,ShortConverterTestCase,testSimpleConversion_1_oe,src/test/java/org/apache/commons/beanutils/converters/ShortConverterTestCase.java,,,,assert,unknown
bean_708_2,commons-beanutils-1.9.4,ShortConverterTestCase,testSimpleConversion_2_oe,src/test/java/org/apache/commons/beanutils/converters/ShortConverterTestCase.java,,,,assert,unknown
bean_708_3,commons-beanutils-1.9.4,ShortConverterTestCase,testSimpleConversion_3_oe,src/test/java/org/apache/commons/beanutils/converters/ShortConverterTestCase.java,,,,assert,unknown
bean_709_1,commons-beanutils-1.9.4,ShortConverterTestCase,testInvalidAmount_1_oe,src/test/java/org/apache/commons/beanutils/converters/ShortConverterTestCase.java,,,,assert,unknown
bean_709_2,commons-beanutils-1.9.4,ShortConverterTestCase,testInvalidAmount_2_oe,src/test/java/org/apache/commons/beanutils/converters/ShortConverterTestCase.java,,,,assert,unknown
bean_711_1,commons-beanutils-1.9.4,NumberConverterTestBase,testConvertNumber_1_oe,src/test/java/org/apache/commons/beanutils/converters/NumberConverterTestBase.java,,,,assert,unknown
bean_711_2,commons-beanutils-1.9.4,NumberConverterTestBase,testConvertNumber_2_oe,src/test/java/org/apache/commons/beanutils/converters/NumberConverterTestBase.java,,,,assert,unknown
bean_712_1,commons-beanutils-1.9.4,NumberConverterTestBase,testNumberToStringPattern_1_oe,src/test/java/org/apache/commons/beanutils/converters/NumberConverterTestBase.java,,,,assert,unknown
bean_712_2,commons-beanutils-1.9.4,NumberConverterTestBase,testNumberToStringPattern_2_oe,src/test/java/org/apache/commons/beanutils/converters/NumberConverterTestBase.java,,,,assert,unknown
bean_712_3,commons-beanutils-1.9.4,NumberConverterTestBase,testNumberToStringPattern_3_oe,src/test/java/org/apache/commons/beanutils/converters/NumberConverterTestBase.java,,,,assert,unknown
bean_712_4,commons-beanutils-1.9.4,NumberConverterTestBase,testNumberToStringPattern_4_oe,src/test/java/org/apache/commons/beanutils/converters/NumberConverterTestBase.java,,,,assert,unknown
bean_713_1,commons-beanutils-1.9.4,NumberConverterTestBase,testNumberToStringLocale_1_oe,src/test/java/org/apache/commons/beanutils/converters/NumberConverterTestBase.java,,,,assert,unknown
bean_713_2,commons-beanutils-1.9.4,NumberConverterTestBase,testNumberToStringLocale_2_oe,src/test/java/org/apache/commons/beanutils/converters/NumberConverterTestBase.java,,,,assert,unknown
bean_713_3,commons-beanutils-1.9.4,NumberConverterTestBase,testNumberToStringLocale_3_oe,src/test/java/org/apache/commons/beanutils/converters/NumberConverterTestBase.java,,,,assert,unknown
bean_713_4,commons-beanutils-1.9.4,NumberConverterTestBase,testNumberToStringLocale_4_oe,src/test/java/org/apache/commons/beanutils/converters/NumberConverterTestBase.java,,,,assert,unknown
bean_714_1,commons-beanutils-1.9.4,NumberConverterTestBase,testStringArrayToInteger_1_oe,src/test/java/org/apache/commons/beanutils/converters/NumberConverterTestBase.java,,,,assert,unknown
bean_714_2,commons-beanutils-1.9.4,NumberConverterTestBase,testStringArrayToInteger_2_oe,src/test/java/org/apache/commons/beanutils/converters/NumberConverterTestBase.java,,,,assert,unknown
bean_714_3,commons-beanutils-1.9.4,NumberConverterTestBase,testStringArrayToInteger_3_oe,src/test/java/org/apache/commons/beanutils/converters/NumberConverterTestBase.java,,,,assert,unknown
bean_714_4,commons-beanutils-1.9.4,NumberConverterTestBase,testStringArrayToInteger_4_oe,src/test/java/org/apache/commons/beanutils/converters/NumberConverterTestBase.java,,,,assert,unknown
bean_715_1,commons-beanutils-1.9.4,NumberConverterTestBase,testNumberToStringDefault_1_oe,src/test/java/org/apache/commons/beanutils/converters/NumberConverterTestBase.java,,,,assert,unknown
bean_715_2,commons-beanutils-1.9.4,NumberConverterTestBase,testNumberToStringDefault_2_oe,src/test/java/org/apache/commons/beanutils/converters/NumberConverterTestBase.java,,,,assert,unknown
bean_716_1,commons-beanutils-1.9.4,NumberConverterTestBase,testStringToNumberPattern_1_oe,src/test/java/org/apache/commons/beanutils/converters/NumberConverterTestBase.java,,,,assert,unknown
bean_716_2,commons-beanutils-1.9.4,NumberConverterTestBase,testStringToNumberPattern_2_oe,src/test/java/org/apache/commons/beanutils/converters/NumberConverterTestBase.java,,,,assert,unknown
bean_716_3,commons-beanutils-1.9.4,NumberConverterTestBase,testStringToNumberPattern_3_oe,src/test/java/org/apache/commons/beanutils/converters/NumberConverterTestBase.java,,,,assert,unknown
bean_716_4,commons-beanutils-1.9.4,NumberConverterTestBase,testStringToNumberPattern_4_oe,src/test/java/org/apache/commons/beanutils/converters/NumberConverterTestBase.java,,,,assert,unknown
bean_717_1,commons-beanutils-1.9.4,NumberConverterTestBase,testStringToNumberLocale_1_oe,src/test/java/org/apache/commons/beanutils/converters/NumberConverterTestBase.java,,,,assert,unknown
bean_717_2,commons-beanutils-1.9.4,NumberConverterTestBase,testStringToNumberLocale_2_oe,src/test/java/org/apache/commons/beanutils/converters/NumberConverterTestBase.java,,,,assert,unknown
bean_717_4,commons-beanutils-1.9.4,NumberConverterTestBase,testStringToNumberLocale_4_oe,src/test/java/org/apache/commons/beanutils/converters/NumberConverterTestBase.java,,,,assert,unknown
bean_717_5,commons-beanutils-1.9.4,NumberConverterTestBase,testStringToNumberLocale_5_oe,src/test/java/org/apache/commons/beanutils/converters/NumberConverterTestBase.java,,,,assert,unknown
bean_718_1,commons-beanutils-1.9.4,NumberConverterTestBase,testStringToNumberDefault_1_oe,src/test/java/org/apache/commons/beanutils/converters/NumberConverterTestBase.java,,,,assert,unknown
bean_719_1,commons-beanutils-1.9.4,NumberConverterTestBase,testStringToNumberDefaultType_1_oe,src/test/java/org/apache/commons/beanutils/converters/NumberConverterTestBase.java,,,,assert,unknown
bean_720_1,commons-beanutils-1.9.4,NumberConverterTestBase,testBooleanToNumberDefault_1_oe,src/test/java/org/apache/commons/beanutils/converters/NumberConverterTestBase.java,,,,assert,unknown
bean_720_2,commons-beanutils-1.9.4,NumberConverterTestBase,testBooleanToNumberDefault_2_oe,src/test/java/org/apache/commons/beanutils/converters/NumberConverterTestBase.java,,,,assert,unknown
bean_721_1,commons-beanutils-1.9.4,NumberConverterTestBase,testDateToNumber_1_oe,src/test/java/org/apache/commons/beanutils/converters/NumberConverterTestBase.java,,,,assert,unknown
bean_722_1,commons-beanutils-1.9.4,NumberConverterTestBase,testCalendarToNumber_1_oe,src/test/java/org/apache/commons/beanutils/converters/NumberConverterTestBase.java,,,,assert,unknown
bean_723_1,commons-beanutils-1.9.4,NumberConverterTestBase,testOtherToStringDefault_1_oe,src/test/java/org/apache/commons/beanutils/converters/NumberConverterTestBase.java,,,,assert,unknown
bean_724_1,commons-beanutils-1.9.4,NumberConverterTestBase,testInvalidDefault_1_oe,src/test/java/org/apache/commons/beanutils/converters/NumberConverterTestBase.java,,,,assert,unknown
bean_724_2,commons-beanutils-1.9.4,NumberConverterTestBase,testInvalidDefault_2_oe,src/test/java/org/apache/commons/beanutils/converters/NumberConverterTestBase.java,,,,assert,unknown
bean_728_1,commons-beanutils-1.9.4,StringConverterTestCase,testDefaultType_1_oe,src/test/java/org/apache/commons/beanutils/converters/StringConverterTestCase.java,,,,assert,unknown
bean_729_1,commons-beanutils-1.9.4,StringConverterTestCase,testConvertToTypeString_1_oe,src/test/java/org/apache/commons/beanutils/converters/StringConverterTestCase.java,,,,assert,unknown
bean_731_1,commons-beanutils-1.9.4,IntegerConverterTestCase,testSimpleConversion_1_oe,src/test/java/org/apache/commons/beanutils/converters/IntegerConverterTestCase.java,,,,assert,unknown
bean_731_2,commons-beanutils-1.9.4,IntegerConverterTestCase,testSimpleConversion_2_oe,src/test/java/org/apache/commons/beanutils/converters/IntegerConverterTestCase.java,,,,assert,unknown
bean_731_3,commons-beanutils-1.9.4,IntegerConverterTestCase,testSimpleConversion_3_oe,src/test/java/org/apache/commons/beanutils/converters/IntegerConverterTestCase.java,,,,assert,unknown
bean_732_1,commons-beanutils-1.9.4,IntegerConverterTestCase,testInvalidAmount_1_oe,src/test/java/org/apache/commons/beanutils/converters/IntegerConverterTestCase.java,,,,assert,unknown
bean_732_2,commons-beanutils-1.9.4,IntegerConverterTestCase,testInvalidAmount_2_oe,src/test/java/org/apache/commons/beanutils/converters/IntegerConverterTestCase.java,,,,assert,unknown
bean_734_2,commons-beanutils-1.9.4,DefaultResolverTestCase,testGetIndex_2_oe,src/test/java/org/apache/commons/beanutils/expression/DefaultResolverTestCase.java,,,,assert,unknown
bean_734_4,commons-beanutils-1.9.4,DefaultResolverTestCase,testGetIndex_4_oe,src/test/java/org/apache/commons/beanutils/expression/DefaultResolverTestCase.java,,,,assert,unknown
bean_734_6,commons-beanutils-1.9.4,DefaultResolverTestCase,testGetIndex_6_oe,src/test/java/org/apache/commons/beanutils/expression/DefaultResolverTestCase.java,,,,assert,unknown
bean_734_8,commons-beanutils-1.9.4,DefaultResolverTestCase,testGetIndex_8_oe,src/test/java/org/apache/commons/beanutils/expression/DefaultResolverTestCase.java,,,,assert,unknown
bean_734_9,commons-beanutils-1.9.4,DefaultResolverTestCase,testGetIndex_9_oe,src/test/java/org/apache/commons/beanutils/expression/DefaultResolverTestCase.java,,,,assert,unknown
bean_734_11,commons-beanutils-1.9.4,DefaultResolverTestCase,testGetIndex_11_oe,src/test/java/org/apache/commons/beanutils/expression/DefaultResolverTestCase.java,,,,assert,unknown
bean_734_12,commons-beanutils-1.9.4,DefaultResolverTestCase,testGetIndex_12_oe,src/test/java/org/apache/commons/beanutils/expression/DefaultResolverTestCase.java,,,,assert,unknown
bean_734_14,commons-beanutils-1.9.4,DefaultResolverTestCase,testGetIndex_14_oe,src/test/java/org/apache/commons/beanutils/expression/DefaultResolverTestCase.java,,,,assert,unknown
bean_734_15,commons-beanutils-1.9.4,DefaultResolverTestCase,testGetIndex_15_oe,src/test/java/org/apache/commons/beanutils/expression/DefaultResolverTestCase.java,,,,assert,unknown
bean_735_2,commons-beanutils-1.9.4,DefaultResolverTestCase,testGetMapKey_2_oe,src/test/java/org/apache/commons/beanutils/expression/DefaultResolverTestCase.java,,,,assert,unknown
bean_735_4,commons-beanutils-1.9.4,DefaultResolverTestCase,testGetMapKey_4_oe,src/test/java/org/apache/commons/beanutils/expression/DefaultResolverTestCase.java,,,,assert,unknown
bean_735_6,commons-beanutils-1.9.4,DefaultResolverTestCase,testGetMapKey_6_oe,src/test/java/org/apache/commons/beanutils/expression/DefaultResolverTestCase.java,,,,assert,unknown
bean_735_8,commons-beanutils-1.9.4,DefaultResolverTestCase,testGetMapKey_8_oe,src/test/java/org/apache/commons/beanutils/expression/DefaultResolverTestCase.java,,,,assert,unknown
bean_735_9,commons-beanutils-1.9.4,DefaultResolverTestCase,testGetMapKey_9_oe,src/test/java/org/apache/commons/beanutils/expression/DefaultResolverTestCase.java,,,,assert,unknown
bean_736_2,commons-beanutils-1.9.4,DefaultResolverTestCase,testIsIndexed_2_oe,src/test/java/org/apache/commons/beanutils/expression/DefaultResolverTestCase.java,,,,assert,unknown
bean_736_4,commons-beanutils-1.9.4,DefaultResolverTestCase,testIsIndexed_4_oe,src/test/java/org/apache/commons/beanutils/expression/DefaultResolverTestCase.java,,,,assert,unknown
bean_736_6,commons-beanutils-1.9.4,DefaultResolverTestCase,testIsIndexed_6_oe,src/test/java/org/apache/commons/beanutils/expression/DefaultResolverTestCase.java,,,,assert,unknown
bean_737_2,commons-beanutils-1.9.4,DefaultResolverTestCase,testIsMapped_2_oe,src/test/java/org/apache/commons/beanutils/expression/DefaultResolverTestCase.java,,,,assert,unknown
bean_737_4,commons-beanutils-1.9.4,DefaultResolverTestCase,testIsMapped_4_oe,src/test/java/org/apache/commons/beanutils/expression/DefaultResolverTestCase.java,,,,assert,unknown
bean_737_6,commons-beanutils-1.9.4,DefaultResolverTestCase,testIsMapped_6_oe,src/test/java/org/apache/commons/beanutils/expression/DefaultResolverTestCase.java,,,,assert,unknown
bean_738_2,commons-beanutils-1.9.4,DefaultResolverTestCase,testGetName_2_oe,src/test/java/org/apache/commons/beanutils/expression/DefaultResolverTestCase.java,,,,assert,unknown
bean_738_4,commons-beanutils-1.9.4,DefaultResolverTestCase,testGetName_4_oe,src/test/java/org/apache/commons/beanutils/expression/DefaultResolverTestCase.java,,,,assert,unknown
bean_738_6,commons-beanutils-1.9.4,DefaultResolverTestCase,testGetName_6_oe,src/test/java/org/apache/commons/beanutils/expression/DefaultResolverTestCase.java,,,,assert,unknown
bean_739_2,commons-beanutils-1.9.4,DefaultResolverTestCase,testNext_2_oe,src/test/java/org/apache/commons/beanutils/expression/DefaultResolverTestCase.java,,,,assert,unknown
bean_740_2,commons-beanutils-1.9.4,DefaultResolverTestCase,testRemove_2_oe,src/test/java/org/apache/commons/beanutils/expression/DefaultResolverTestCase.java,,,,assert,unknown
bean_741_1,commons-beanutils-1.9.4,LocaleBeanificationTestCase,testMemoryTestMethodology_1_oe,src/test/java/org/apache/commons/beanutils/locale/LocaleBeanificationTestCase.java,,,,assert,unknown
bean_741_2,commons-beanutils-1.9.4,LocaleBeanificationTestCase,testMemoryTestMethodology_2_oe,src/test/java/org/apache/commons/beanutils/locale/LocaleBeanificationTestCase.java,,,,assert,unknown
bean_742_1,commons-beanutils-1.9.4,LocaleBeanificationTestCase,testMemoryLeak_1_oe,src/test/java/org/apache/commons/beanutils/locale/LocaleBeanificationTestCase.java,,,,assert,unknown
bean_742_2,commons-beanutils-1.9.4,LocaleBeanificationTestCase,testMemoryLeak_2_oe,src/test/java/org/apache/commons/beanutils/locale/LocaleBeanificationTestCase.java,,,,assert,unknown
bean_742_3,commons-beanutils-1.9.4,LocaleBeanificationTestCase,testMemoryLeak_3_oe,src/test/java/org/apache/commons/beanutils/locale/LocaleBeanificationTestCase.java,,,,assert,unknown
bean_742_4,commons-beanutils-1.9.4,LocaleBeanificationTestCase,testMemoryLeak_4_oe,src/test/java/org/apache/commons/beanutils/locale/LocaleBeanificationTestCase.java,,,,assert,unknown
bean_743_1,commons-beanutils-1.9.4,LocaleBeanificationTestCase,testGetByContextClassLoader_1_oe,src/test/java/org/apache/commons/beanutils/locale/LocaleBeanificationTestCase.java,,,,assert,unknown
bean_743_2,commons-beanutils-1.9.4,LocaleBeanificationTestCase,testGetByContextClassLoader_2_oe,src/test/java/org/apache/commons/beanutils/locale/LocaleBeanificationTestCase.java,,,,assert,unknown
bean_743_3,commons-beanutils-1.9.4,LocaleBeanificationTestCase,testGetByContextClassLoader_3_oe,src/test/java/org/apache/commons/beanutils/locale/LocaleBeanificationTestCase.java,,,,assert,unknown
bean_744_1,commons-beanutils-1.9.4,LocaleBeanificationTestCase,testContextClassLoaderLocal_1_oe,src/test/java/org/apache/commons/beanutils/locale/LocaleBeanificationTestCase.java,,,,assert,unknown
bean_744_2,commons-beanutils-1.9.4,LocaleBeanificationTestCase,testContextClassLoaderLocal_2_oe,src/test/java/org/apache/commons/beanutils/locale/LocaleBeanificationTestCase.java,,,,assert,unknown
bean_744_3,commons-beanutils-1.9.4,LocaleBeanificationTestCase,testContextClassLoaderLocal_3_oe,src/test/java/org/apache/commons/beanutils/locale/LocaleBeanificationTestCase.java,,,,assert,unknown
bean_744_4,commons-beanutils-1.9.4,LocaleBeanificationTestCase,testContextClassLoaderLocal_4_oe,src/test/java/org/apache/commons/beanutils/locale/LocaleBeanificationTestCase.java,,,,assert,unknown
bean_745_1,commons-beanutils-1.9.4,LocaleBeanificationTestCase,testContextClassloaderIndependence_1_oe,src/test/java/org/apache/commons/beanutils/locale/LocaleBeanificationTestCase.java,,,,assert,unknown
bean_745_2,commons-beanutils-1.9.4,LocaleBeanificationTestCase,testContextClassloaderIndependence_2_oe,src/test/java/org/apache/commons/beanutils/locale/LocaleBeanificationTestCase.java,,,,assert,unknown
bean_745_3,commons-beanutils-1.9.4,LocaleBeanificationTestCase,testContextClassloaderIndependence_3_oe,src/test/java/org/apache/commons/beanutils/locale/LocaleBeanificationTestCase.java,,,,assert,unknown
bean_745_4,commons-beanutils-1.9.4,LocaleBeanificationTestCase,testContextClassloaderIndependence_4_oe,src/test/java/org/apache/commons/beanutils/locale/LocaleBeanificationTestCase.java,,,,assert,unknown
bean_745_5,commons-beanutils-1.9.4,LocaleBeanificationTestCase,testContextClassloaderIndependence_5_oe,src/test/java/org/apache/commons/beanutils/locale/LocaleBeanificationTestCase.java,,,,assert,unknown
bean_746_1,commons-beanutils-1.9.4,LocaleBeanificationTestCase,testBeanUtilsBeanSetInstance_1_oe,src/test/java/org/apache/commons/beanutils/locale/LocaleBeanificationTestCase.java,,,,assert,unknown
bean_746_2,commons-beanutils-1.9.4,LocaleBeanificationTestCase,testBeanUtilsBeanSetInstance_2_oe,src/test/java/org/apache/commons/beanutils/locale/LocaleBeanificationTestCase.java,,,,assert,unknown
bean_746_3,commons-beanutils-1.9.4,LocaleBeanificationTestCase,testBeanUtilsBeanSetInstance_3_oe,src/test/java/org/apache/commons/beanutils/locale/LocaleBeanificationTestCase.java,,,,assert,unknown
bean_746_4,commons-beanutils-1.9.4,LocaleBeanificationTestCase,testBeanUtilsBeanSetInstance_4_oe,src/test/java/org/apache/commons/beanutils/locale/LocaleBeanificationTestCase.java,,,,assert,unknown
bean_747_1,commons-beanutils-1.9.4,LocaleBeanificationTestCase,testContextClassLoaderUnset_1_oe,src/test/java/org/apache/commons/beanutils/locale/LocaleBeanificationTestCase.java,,,,assert,unknown
bean_747_2,commons-beanutils-1.9.4,LocaleBeanificationTestCase,testContextClassLoaderUnset_2_oe,src/test/java/org/apache/commons/beanutils/locale/LocaleBeanificationTestCase.java,,,,assert,unknown
bean_750_1,commons-beanutils-1.9.4,LocaleConvertUtilsTestCase,testObjectToStringScalar_1_oe,src/test/java/org/apache/commons/beanutils/locale/LocaleConvertUtilsTestCase.java,,,,assert,unknown
bean_750_2,commons-beanutils-1.9.4,LocaleConvertUtilsTestCase,testObjectToStringScalar_2_oe,src/test/java/org/apache/commons/beanutils/locale/LocaleConvertUtilsTestCase.java,,,,assert,unknown
bean_750_3,commons-beanutils-1.9.4,LocaleConvertUtilsTestCase,testObjectToStringScalar_3_oe,src/test/java/org/apache/commons/beanutils/locale/LocaleConvertUtilsTestCase.java,,,,assert,unknown
bean_750_4,commons-beanutils-1.9.4,LocaleConvertUtilsTestCase,testObjectToStringScalar_4_oe,src/test/java/org/apache/commons/beanutils/locale/LocaleConvertUtilsTestCase.java,,,,assert,unknown
bean_750_5,commons-beanutils-1.9.4,LocaleConvertUtilsTestCase,testObjectToStringScalar_5_oe,src/test/java/org/apache/commons/beanutils/locale/LocaleConvertUtilsTestCase.java,,,,assert,unknown
bean_750_6,commons-beanutils-1.9.4,LocaleConvertUtilsTestCase,testObjectToStringScalar_6_oe,src/test/java/org/apache/commons/beanutils/locale/LocaleConvertUtilsTestCase.java,,,,assert,unknown
bean_750_7,commons-beanutils-1.9.4,LocaleConvertUtilsTestCase,testObjectToStringScalar_7_oe,src/test/java/org/apache/commons/beanutils/locale/LocaleConvertUtilsTestCase.java,,,,assert,unknown
bean_750_8,commons-beanutils-1.9.4,LocaleConvertUtilsTestCase,testObjectToStringScalar_8_oe,src/test/java/org/apache/commons/beanutils/locale/LocaleConvertUtilsTestCase.java,,,,assert,unknown
bean_750_9,commons-beanutils-1.9.4,LocaleConvertUtilsTestCase,testObjectToStringScalar_9_oe,src/test/java/org/apache/commons/beanutils/locale/LocaleConvertUtilsTestCase.java,,,,assert,unknown
bean_750_10,commons-beanutils-1.9.4,LocaleConvertUtilsTestCase,testObjectToStringScalar_10_oe,src/test/java/org/apache/commons/beanutils/locale/LocaleConvertUtilsTestCase.java,,,,assert,unknown
bean_750_11,commons-beanutils-1.9.4,LocaleConvertUtilsTestCase,testObjectToStringScalar_11_oe,src/test/java/org/apache/commons/beanutils/locale/LocaleConvertUtilsTestCase.java,,,,assert,unknown
bean_751_1,commons-beanutils-1.9.4,LocaleConvertUtilsTestCase,testPositiveScalar_1_oe,src/test/java/org/apache/commons/beanutils/locale/LocaleConvertUtilsTestCase.java,,,,assert,unknown
bean_751_2,commons-beanutils-1.9.4,LocaleConvertUtilsTestCase,testPositiveScalar_2_oe,src/test/java/org/apache/commons/beanutils/locale/LocaleConvertUtilsTestCase.java,,,,assert,unknown
bean_751_3,commons-beanutils-1.9.4,LocaleConvertUtilsTestCase,testPositiveScalar_3_oe,src/test/java/org/apache/commons/beanutils/locale/LocaleConvertUtilsTestCase.java,,,,assert,unknown
bean_751_4,commons-beanutils-1.9.4,LocaleConvertUtilsTestCase,testPositiveScalar_4_oe,src/test/java/org/apache/commons/beanutils/locale/LocaleConvertUtilsTestCase.java,,,,assert,unknown
bean_751_5,commons-beanutils-1.9.4,LocaleConvertUtilsTestCase,testPositiveScalar_5_oe,src/test/java/org/apache/commons/beanutils/locale/LocaleConvertUtilsTestCase.java,,,,assert,unknown
bean_751_6,commons-beanutils-1.9.4,LocaleConvertUtilsTestCase,testPositiveScalar_6_oe,src/test/java/org/apache/commons/beanutils/locale/LocaleConvertUtilsTestCase.java,,,,assert,unknown
bean_751_7,commons-beanutils-1.9.4,LocaleConvertUtilsTestCase,testPositiveScalar_7_oe,src/test/java/org/apache/commons/beanutils/locale/LocaleConvertUtilsTestCase.java,,,,assert,unknown
bean_751_8,commons-beanutils-1.9.4,LocaleConvertUtilsTestCase,testPositiveScalar_8_oe,src/test/java/org/apache/commons/beanutils/locale/LocaleConvertUtilsTestCase.java,,,,assert,unknown
bean_751_9,commons-beanutils-1.9.4,LocaleConvertUtilsTestCase,testPositiveScalar_9_oe,src/test/java/org/apache/commons/beanutils/locale/LocaleConvertUtilsTestCase.java,,,,assert,unknown
bean_751_10,commons-beanutils-1.9.4,LocaleConvertUtilsTestCase,testPositiveScalar_10_oe,src/test/java/org/apache/commons/beanutils/locale/LocaleConvertUtilsTestCase.java,,,,assert,unknown
bean_751_11,commons-beanutils-1.9.4,LocaleConvertUtilsTestCase,testPositiveScalar_11_oe,src/test/java/org/apache/commons/beanutils/locale/LocaleConvertUtilsTestCase.java,,,,assert,unknown
bean_751_12,commons-beanutils-1.9.4,LocaleConvertUtilsTestCase,testPositiveScalar_12_oe,src/test/java/org/apache/commons/beanutils/locale/LocaleConvertUtilsTestCase.java,,,,assert,unknown
bean_751_13,commons-beanutils-1.9.4,LocaleConvertUtilsTestCase,testPositiveScalar_13_oe,src/test/java/org/apache/commons/beanutils/locale/LocaleConvertUtilsTestCase.java,,,,assert,unknown
bean_751_14,commons-beanutils-1.9.4,LocaleConvertUtilsTestCase,testPositiveScalar_14_oe,src/test/java/org/apache/commons/beanutils/locale/LocaleConvertUtilsTestCase.java,,,,assert,unknown
bean_751_15,commons-beanutils-1.9.4,LocaleConvertUtilsTestCase,testPositiveScalar_15_oe,src/test/java/org/apache/commons/beanutils/locale/LocaleConvertUtilsTestCase.java,,,,assert,unknown
bean_751_16,commons-beanutils-1.9.4,LocaleConvertUtilsTestCase,testPositiveScalar_16_oe,src/test/java/org/apache/commons/beanutils/locale/LocaleConvertUtilsTestCase.java,,,,assert,unknown
bean_751_17,commons-beanutils-1.9.4,LocaleConvertUtilsTestCase,testPositiveScalar_17_oe,src/test/java/org/apache/commons/beanutils/locale/LocaleConvertUtilsTestCase.java,,,,assert,unknown
bean_751_18,commons-beanutils-1.9.4,LocaleConvertUtilsTestCase,testPositiveScalar_18_oe,src/test/java/org/apache/commons/beanutils/locale/LocaleConvertUtilsTestCase.java,,,,assert,unknown
bean_751_19,commons-beanutils-1.9.4,LocaleConvertUtilsTestCase,testPositiveScalar_19_oe,src/test/java/org/apache/commons/beanutils/locale/LocaleConvertUtilsTestCase.java,,,,assert,unknown
bean_751_20,commons-beanutils-1.9.4,LocaleConvertUtilsTestCase,testPositiveScalar_20_oe,src/test/java/org/apache/commons/beanutils/locale/LocaleConvertUtilsTestCase.java,,,,assert,unknown
bean_751_21,commons-beanutils-1.9.4,LocaleConvertUtilsTestCase,testPositiveScalar_21_oe,src/test/java/org/apache/commons/beanutils/locale/LocaleConvertUtilsTestCase.java,,,,assert,unknown
bean_751_22,commons-beanutils-1.9.4,LocaleConvertUtilsTestCase,testPositiveScalar_22_oe,src/test/java/org/apache/commons/beanutils/locale/LocaleConvertUtilsTestCase.java,,,,assert,unknown
bean_751_23,commons-beanutils-1.9.4,LocaleConvertUtilsTestCase,testPositiveScalar_23_oe,src/test/java/org/apache/commons/beanutils/locale/LocaleConvertUtilsTestCase.java,,,,assert,unknown
bean_751_24,commons-beanutils-1.9.4,LocaleConvertUtilsTestCase,testPositiveScalar_24_oe,src/test/java/org/apache/commons/beanutils/locale/LocaleConvertUtilsTestCase.java,,,,assert,unknown
bean_751_25,commons-beanutils-1.9.4,LocaleConvertUtilsTestCase,testPositiveScalar_25_oe,src/test/java/org/apache/commons/beanutils/locale/LocaleConvertUtilsTestCase.java,,,,assert,unknown
bean_751_26,commons-beanutils-1.9.4,LocaleConvertUtilsTestCase,testPositiveScalar_26_oe,src/test/java/org/apache/commons/beanutils/locale/LocaleConvertUtilsTestCase.java,,,,assert,unknown
bean_752_1,commons-beanutils-1.9.4,LocaleConvertUtilsTestCase,testConvertStringLocaleNull_1_oe,src/test/java/org/apache/commons/beanutils/locale/LocaleConvertUtilsTestCase.java,,,,assert,unknown
bean_752_2,commons-beanutils-1.9.4,LocaleConvertUtilsTestCase,testConvertStringLocaleNull_2_oe,src/test/java/org/apache/commons/beanutils/locale/LocaleConvertUtilsTestCase.java,,,,assert,unknown
bean_752_3,commons-beanutils-1.9.4,LocaleConvertUtilsTestCase,testConvertStringLocaleNull_3_oe,src/test/java/org/apache/commons/beanutils/locale/LocaleConvertUtilsTestCase.java,,,,assert,unknown
bean_752_4,commons-beanutils-1.9.4,LocaleConvertUtilsTestCase,testConvertStringLocaleNull_4_oe,src/test/java/org/apache/commons/beanutils/locale/LocaleConvertUtilsTestCase.java,,,,assert,unknown
bean_753_1,commons-beanutils-1.9.4,LocaleConvertUtilsTestCase,testConvertStringArrayLocaleNull_1_oe,src/test/java/org/apache/commons/beanutils/locale/LocaleConvertUtilsTestCase.java,,,,assert,unknown
bean_753_2,commons-beanutils-1.9.4,LocaleConvertUtilsTestCase,testConvertStringArrayLocaleNull_2_oe,src/test/java/org/apache/commons/beanutils/locale/LocaleConvertUtilsTestCase.java,,,,assert,unknown
bean_753_3,commons-beanutils-1.9.4,LocaleConvertUtilsTestCase,testConvertStringArrayLocaleNull_3_oe,src/test/java/org/apache/commons/beanutils/locale/LocaleConvertUtilsTestCase.java,,,,assert,unknown
bean_753_4,commons-beanutils-1.9.4,LocaleConvertUtilsTestCase,testConvertStringArrayLocaleNull_4_oe,src/test/java/org/apache/commons/beanutils/locale/LocaleConvertUtilsTestCase.java,,,,assert,unknown
bean_753_5,commons-beanutils-1.9.4,LocaleConvertUtilsTestCase,testConvertStringArrayLocaleNull_5_oe,src/test/java/org/apache/commons/beanutils/locale/LocaleConvertUtilsTestCase.java,,,,assert,unknown
bean_754_1,commons-beanutils-1.9.4,LocaleConvertUtilsTestCase,testDefaultToStringConversionUnsupportedType_1_oe,src/test/java/org/apache/commons/beanutils/locale/LocaleConvertUtilsTestCase.java,,,,assert,unknown
bean_755_1,commons-beanutils-1.9.4,LocaleBeanUtilsTestCase,testSetNestedPropertySimple_1_oe,src/test/java/org/apache/commons/beanutils/locale/LocaleBeanUtilsTestCase.java,,,,assert,unknown
bean_755_2,commons-beanutils-1.9.4,LocaleBeanUtilsTestCase,testSetNestedPropertySimple_2_oe,src/test/java/org/apache/commons/beanutils/locale/LocaleBeanUtilsTestCase.java,,,,assert,unknown
bean_755_3,commons-beanutils-1.9.4,LocaleBeanUtilsTestCase,testSetNestedPropertySimple_3_oe,src/test/java/org/apache/commons/beanutils/locale/LocaleBeanUtilsTestCase.java,,,,assert,unknown
bean_756_1,commons-beanutils-1.9.4,LocaleBeanUtilsTestCase,testSetNestedPropertyIndexed_1_oe,src/test/java/org/apache/commons/beanutils/locale/LocaleBeanUtilsTestCase.java,,,,assert,unknown
bean_756_2,commons-beanutils-1.9.4,LocaleBeanUtilsTestCase,testSetNestedPropertyIndexed_2_oe,src/test/java/org/apache/commons/beanutils/locale/LocaleBeanUtilsTestCase.java,,,,assert,unknown
bean_756_3,commons-beanutils-1.9.4,LocaleBeanUtilsTestCase,testSetNestedPropertyIndexed_3_oe,src/test/java/org/apache/commons/beanutils/locale/LocaleBeanUtilsTestCase.java,,,,assert,unknown
bean_757_1,commons-beanutils-1.9.4,IntegerLocaleConverterTestCase,testNumber_1_oe,src/test/java/org/apache/commons/beanutils/locale/converters/IntegerLocaleConverterTestCase.java,,,,assert,unknown
bean_757_2,commons-beanutils-1.9.4,IntegerLocaleConverterTestCase,testNumber_2_oe,src/test/java/org/apache/commons/beanutils/locale/converters/IntegerLocaleConverterTestCase.java,,,,assert,unknown
bean_758_1,commons-beanutils-1.9.4,IntegerLocaleConverterTestCase,testToPrimitiveType_1_oe,src/test/java/org/apache/commons/beanutils/locale/converters/IntegerLocaleConverterTestCase.java,,,,assert,unknown
bean_759_1,commons-beanutils-1.9.4,FloatLocaleConverterTestCase,testFloatLimits_1_oe,src/test/java/org/apache/commons/beanutils/locale/converters/FloatLocaleConverterTestCase.java,,,,assert,unknown
bean_759_2,commons-beanutils-1.9.4,FloatLocaleConverterTestCase,testFloatLimits_2_oe,src/test/java/org/apache/commons/beanutils/locale/converters/FloatLocaleConverterTestCase.java,,,,assert,unknown
bean_759_3,commons-beanutils-1.9.4,FloatLocaleConverterTestCase,testFloatLimits_3_oe,src/test/java/org/apache/commons/beanutils/locale/converters/FloatLocaleConverterTestCase.java,,,,assert,unknown
bean_759_4,commons-beanutils-1.9.4,FloatLocaleConverterTestCase,testFloatLimits_4_oe,src/test/java/org/apache/commons/beanutils/locale/converters/FloatLocaleConverterTestCase.java,,,,assert,unknown
bean_759_5,commons-beanutils-1.9.4,FloatLocaleConverterTestCase,testFloatLimits_5_oe,src/test/java/org/apache/commons/beanutils/locale/converters/FloatLocaleConverterTestCase.java,,,,assert,unknown
bean_760_2,commons-beanutils-1.9.4,FloatLocaleConverterTestCase,testParseZero_2_oe,src/test/java/org/apache/commons/beanutils/locale/converters/FloatLocaleConverterTestCase.java,,,,assert,unknown
bean_762_1,commons-beanutils-1.9.4,DateLocaleConverterTestCase,testSetLenient_1_oe,src/test/java/org/apache/commons/beanutils/locale/converters/DateLocaleConverterTestCase.java,,,,assert,unknown
bean_762_3,commons-beanutils-1.9.4,DateLocaleConverterTestCase,testSetLenient_3_oe,src/test/java/org/apache/commons/beanutils/locale/converters/DateLocaleConverterTestCase.java,,,,assert,unknown
bean_762_4,commons-beanutils-1.9.4,DateLocaleConverterTestCase,testSetLenient_4_oe,src/test/java/org/apache/commons/beanutils/locale/converters/DateLocaleConverterTestCase.java,,,,assert,unknown
bean_762_5,commons-beanutils-1.9.4,DateLocaleConverterTestCase,testSetLenient_5_oe,src/test/java/org/apache/commons/beanutils/locale/converters/DateLocaleConverterTestCase.java,,,,assert,unknown
bean_762_6,commons-beanutils-1.9.4,DateLocaleConverterTestCase,testSetLenient_6_oe,src/test/java/org/apache/commons/beanutils/locale/converters/DateLocaleConverterTestCase.java,,,,assert,unknown
bean_762_9,commons-beanutils-1.9.4,DateLocaleConverterTestCase,testSetLenient_9_oe,src/test/java/org/apache/commons/beanutils/locale/converters/DateLocaleConverterTestCase.java,,,,assert,unknown
bean_762_10,commons-beanutils-1.9.4,DateLocaleConverterTestCase,testSetLenient_10_oe,src/test/java/org/apache/commons/beanutils/locale/converters/DateLocaleConverterTestCase.java,,,,assert,unknown
bean_762_11,commons-beanutils-1.9.4,DateLocaleConverterTestCase,testSetLenient_11_oe,src/test/java/org/apache/commons/beanutils/locale/converters/DateLocaleConverterTestCase.java,,,,assert,unknown
bean_763_1,commons-beanutils-1.9.4,DateLocaleConverterTestCase,testInvalidDate_1_oe,src/test/java/org/apache/commons/beanutils/locale/converters/DateLocaleConverterTestCase.java,,,,assert,unknown
bean_763_2,commons-beanutils-1.9.4,DateLocaleConverterTestCase,testInvalidDate_2_oe,src/test/java/org/apache/commons/beanutils/locale/converters/DateLocaleConverterTestCase.java,,,,assert,unknown
bean_764_1,commons-beanutils-1.9.4,DateLocaleConverterTestCase,testDateObject_1_oe,src/test/java/org/apache/commons/beanutils/locale/converters/DateLocaleConverterTestCase.java,,,,assert,unknown
bean_765_1,commons-beanutils-1.9.4,DateLocaleConverterTestCase,testCalendarObject_1_oe,src/test/java/org/apache/commons/beanutils/locale/converters/DateLocaleConverterTestCase.java,,,,assert,unknown
bean_766_1,commons-beanutils-1.9.4,MemoryLeakTestCase,testPropertyUtilsBean_descriptorsCache_memoryLeak_1_oe,src/test/java/org/apache/commons/beanutils/memoryleaktests/MemoryLeakTestCase.java,,,,assert,unknown
bean_766_2,commons-beanutils-1.9.4,MemoryLeakTestCase,testPropertyUtilsBean_descriptorsCache_memoryLeak_2_oe,src/test/java/org/apache/commons/beanutils/memoryleaktests/MemoryLeakTestCase.java,,,,assert,unknown
bean_766_3,commons-beanutils-1.9.4,MemoryLeakTestCase,testPropertyUtilsBean_descriptorsCache_memoryLeak_3_oe,src/test/java/org/apache/commons/beanutils/memoryleaktests/MemoryLeakTestCase.java,,,,assert,unknown
bean_766_4,commons-beanutils-1.9.4,MemoryLeakTestCase,testPropertyUtilsBean_descriptorsCache_memoryLeak_4_oe,src/test/java/org/apache/commons/beanutils/memoryleaktests/MemoryLeakTestCase.java,,,,assert,unknown
bean_766_5,commons-beanutils-1.9.4,MemoryLeakTestCase,testPropertyUtilsBean_descriptorsCache_memoryLeak_5_oe,src/test/java/org/apache/commons/beanutils/memoryleaktests/MemoryLeakTestCase.java,,,,assert,unknown
bean_766_6,commons-beanutils-1.9.4,MemoryLeakTestCase,testPropertyUtilsBean_descriptorsCache_memoryLeak_6_oe,src/test/java/org/apache/commons/beanutils/memoryleaktests/MemoryLeakTestCase.java,,,,assert,unknown
bean_767_1,commons-beanutils-1.9.4,MemoryLeakTestCase,testPropertyUtilsBean_mappedDescriptorsCache_memoryLeak_1_oe,src/test/java/org/apache/commons/beanutils/memoryleaktests/MemoryLeakTestCase.java,,,,assert,unknown
bean_767_2,commons-beanutils-1.9.4,MemoryLeakTestCase,testPropertyUtilsBean_mappedDescriptorsCache_memoryLeak_2_oe,src/test/java/org/apache/commons/beanutils/memoryleaktests/MemoryLeakTestCase.java,,,,assert,unknown
bean_767_3,commons-beanutils-1.9.4,MemoryLeakTestCase,testPropertyUtilsBean_mappedDescriptorsCache_memoryLeak_3_oe,src/test/java/org/apache/commons/beanutils/memoryleaktests/MemoryLeakTestCase.java,,,,assert,unknown
bean_767_4,commons-beanutils-1.9.4,MemoryLeakTestCase,testPropertyUtilsBean_mappedDescriptorsCache_memoryLeak_4_oe,src/test/java/org/apache/commons/beanutils/memoryleaktests/MemoryLeakTestCase.java,,,,assert,unknown
bean_767_5,commons-beanutils-1.9.4,MemoryLeakTestCase,testPropertyUtilsBean_mappedDescriptorsCache_memoryLeak_5_oe,src/test/java/org/apache/commons/beanutils/memoryleaktests/MemoryLeakTestCase.java,,,,assert,unknown
bean_767_6,commons-beanutils-1.9.4,MemoryLeakTestCase,testPropertyUtilsBean_mappedDescriptorsCache_memoryLeak_6_oe,src/test/java/org/apache/commons/beanutils/memoryleaktests/MemoryLeakTestCase.java,,,,assert,unknown
bean_767_7,commons-beanutils-1.9.4,MemoryLeakTestCase,testPropertyUtilsBean_mappedDescriptorsCache_memoryLeak_7_oe,src/test/java/org/apache/commons/beanutils/memoryleaktests/MemoryLeakTestCase.java,,,,assert,unknown
bean_768_1,commons-beanutils-1.9.4,MemoryLeakTestCase,testMappedPropertyDescriptor_MappedMethodReference1_1_oe,src/test/java/org/apache/commons/beanutils/memoryleaktests/MemoryLeakTestCase.java,,,,assert,unknown
bean_768_2,commons-beanutils-1.9.4,MemoryLeakTestCase,testMappedPropertyDescriptor_MappedMethodReference1_2_oe,src/test/java/org/apache/commons/beanutils/memoryleaktests/MemoryLeakTestCase.java,,,,assert,unknown
bean_768_3,commons-beanutils-1.9.4,MemoryLeakTestCase,testMappedPropertyDescriptor_MappedMethodReference1_3_oe,src/test/java/org/apache/commons/beanutils/memoryleaktests/MemoryLeakTestCase.java,,,,assert,unknown
bean_768_4,commons-beanutils-1.9.4,MemoryLeakTestCase,testMappedPropertyDescriptor_MappedMethodReference1_4_oe,src/test/java/org/apache/commons/beanutils/memoryleaktests/MemoryLeakTestCase.java,,,,assert,unknown
bean_768_5,commons-beanutils-1.9.4,MemoryLeakTestCase,testMappedPropertyDescriptor_MappedMethodReference1_5_oe,src/test/java/org/apache/commons/beanutils/memoryleaktests/MemoryLeakTestCase.java,,,,assert,unknown
bean_768_6,commons-beanutils-1.9.4,MemoryLeakTestCase,testMappedPropertyDescriptor_MappedMethodReference1_6_oe,src/test/java/org/apache/commons/beanutils/memoryleaktests/MemoryLeakTestCase.java,,,,assert,unknown
bean_768_7,commons-beanutils-1.9.4,MemoryLeakTestCase,testMappedPropertyDescriptor_MappedMethodReference1_7_oe,src/test/java/org/apache/commons/beanutils/memoryleaktests/MemoryLeakTestCase.java,,,,assert,unknown
bean_768_8,commons-beanutils-1.9.4,MemoryLeakTestCase,testMappedPropertyDescriptor_MappedMethodReference1_8_oe,src/test/java/org/apache/commons/beanutils/memoryleaktests/MemoryLeakTestCase.java,,,,assert,unknown
bean_768_9,commons-beanutils-1.9.4,MemoryLeakTestCase,testMappedPropertyDescriptor_MappedMethodReference1_9_oe,src/test/java/org/apache/commons/beanutils/memoryleaktests/MemoryLeakTestCase.java,,,,assert,unknown
bean_768_10,commons-beanutils-1.9.4,MemoryLeakTestCase,testMappedPropertyDescriptor_MappedMethodReference1_10_oe,src/test/java/org/apache/commons/beanutils/memoryleaktests/MemoryLeakTestCase.java,,,,assert,unknown
bean_768_11,commons-beanutils-1.9.4,MemoryLeakTestCase,testMappedPropertyDescriptor_MappedMethodReference1_11_oe,src/test/java/org/apache/commons/beanutils/memoryleaktests/MemoryLeakTestCase.java,,,,assert,unknown
bean_768_12,commons-beanutils-1.9.4,MemoryLeakTestCase,testMappedPropertyDescriptor_MappedMethodReference1_12_oe,src/test/java/org/apache/commons/beanutils/memoryleaktests/MemoryLeakTestCase.java,,,,assert,unknown
bean_768_13,commons-beanutils-1.9.4,MemoryLeakTestCase,testMappedPropertyDescriptor_MappedMethodReference1_13_oe,src/test/java/org/apache/commons/beanutils/memoryleaktests/MemoryLeakTestCase.java,,,,assert,unknown
bean_769_1,commons-beanutils-1.9.4,MemoryLeakTestCase,testMappedPropertyDescriptor_MappedMethodReference2_1_oe,src/test/java/org/apache/commons/beanutils/memoryleaktests/MemoryLeakTestCase.java,,,,assert,unknown
bean_769_2,commons-beanutils-1.9.4,MemoryLeakTestCase,testMappedPropertyDescriptor_MappedMethodReference2_2_oe,src/test/java/org/apache/commons/beanutils/memoryleaktests/MemoryLeakTestCase.java,,,,assert,unknown
bean_769_3,commons-beanutils-1.9.4,MemoryLeakTestCase,testMappedPropertyDescriptor_MappedMethodReference2_3_oe,src/test/java/org/apache/commons/beanutils/memoryleaktests/MemoryLeakTestCase.java,,,,assert,unknown
bean_769_4,commons-beanutils-1.9.4,MemoryLeakTestCase,testMappedPropertyDescriptor_MappedMethodReference2_4_oe,src/test/java/org/apache/commons/beanutils/memoryleaktests/MemoryLeakTestCase.java,,,,assert,unknown
bean_769_5,commons-beanutils-1.9.4,MemoryLeakTestCase,testMappedPropertyDescriptor_MappedMethodReference2_5_oe,src/test/java/org/apache/commons/beanutils/memoryleaktests/MemoryLeakTestCase.java,,,,assert,unknown
bean_769_6,commons-beanutils-1.9.4,MemoryLeakTestCase,testMappedPropertyDescriptor_MappedMethodReference2_6_oe,src/test/java/org/apache/commons/beanutils/memoryleaktests/MemoryLeakTestCase.java,,,,assert,unknown
bean_769_7,commons-beanutils-1.9.4,MemoryLeakTestCase,testMappedPropertyDescriptor_MappedMethodReference2_7_oe,src/test/java/org/apache/commons/beanutils/memoryleaktests/MemoryLeakTestCase.java,,,,assert,unknown
bean_769_8,commons-beanutils-1.9.4,MemoryLeakTestCase,testMappedPropertyDescriptor_MappedMethodReference2_8_oe,src/test/java/org/apache/commons/beanutils/memoryleaktests/MemoryLeakTestCase.java,,,,assert,unknown
bean_769_9,commons-beanutils-1.9.4,MemoryLeakTestCase,testMappedPropertyDescriptor_MappedMethodReference2_9_oe,src/test/java/org/apache/commons/beanutils/memoryleaktests/MemoryLeakTestCase.java,,,,assert,unknown
bean_769_10,commons-beanutils-1.9.4,MemoryLeakTestCase,testMappedPropertyDescriptor_MappedMethodReference2_10_oe,src/test/java/org/apache/commons/beanutils/memoryleaktests/MemoryLeakTestCase.java,,,,assert,unknown
bean_769_11,commons-beanutils-1.9.4,MemoryLeakTestCase,testMappedPropertyDescriptor_MappedMethodReference2_11_oe,src/test/java/org/apache/commons/beanutils/memoryleaktests/MemoryLeakTestCase.java,,,,assert,unknown
bean_769_12,commons-beanutils-1.9.4,MemoryLeakTestCase,testMappedPropertyDescriptor_MappedMethodReference2_12_oe,src/test/java/org/apache/commons/beanutils/memoryleaktests/MemoryLeakTestCase.java,,,,assert,unknown
bean_769_13,commons-beanutils-1.9.4,MemoryLeakTestCase,testMappedPropertyDescriptor_MappedMethodReference2_13_oe,src/test/java/org/apache/commons/beanutils/memoryleaktests/MemoryLeakTestCase.java,,,,assert,unknown
bean_770_1,commons-beanutils-1.9.4,MemoryLeakTestCase,testMethodUtils_cache_memoryLeak_1_oe,src/test/java/org/apache/commons/beanutils/memoryleaktests/MemoryLeakTestCase.java,,,,assert,unknown
bean_770_2,commons-beanutils-1.9.4,MemoryLeakTestCase,testMethodUtils_cache_memoryLeak_2_oe,src/test/java/org/apache/commons/beanutils/memoryleaktests/MemoryLeakTestCase.java,,,,assert,unknown
bean_770_3,commons-beanutils-1.9.4,MemoryLeakTestCase,testMethodUtils_cache_memoryLeak_3_oe,src/test/java/org/apache/commons/beanutils/memoryleaktests/MemoryLeakTestCase.java,,,,assert,unknown
bean_770_4,commons-beanutils-1.9.4,MemoryLeakTestCase,testMethodUtils_cache_memoryLeak_4_oe,src/test/java/org/apache/commons/beanutils/memoryleaktests/MemoryLeakTestCase.java,,,,assert,unknown
bean_770_5,commons-beanutils-1.9.4,MemoryLeakTestCase,testMethodUtils_cache_memoryLeak_5_oe,src/test/java/org/apache/commons/beanutils/memoryleaktests/MemoryLeakTestCase.java,,,,assert,unknown
bean_770_6,commons-beanutils-1.9.4,MemoryLeakTestCase,testMethodUtils_cache_memoryLeak_6_oe,src/test/java/org/apache/commons/beanutils/memoryleaktests/MemoryLeakTestCase.java,,,,assert,unknown
bean_771_1,commons-beanutils-1.9.4,MemoryLeakTestCase,testWrapDynaClass_dynaClasses_memoryLeak_1_oe,src/test/java/org/apache/commons/beanutils/memoryleaktests/MemoryLeakTestCase.java,,,,assert,unknown
bean_771_2,commons-beanutils-1.9.4,MemoryLeakTestCase,testWrapDynaClass_dynaClasses_memoryLeak_2_oe,src/test/java/org/apache/commons/beanutils/memoryleaktests/MemoryLeakTestCase.java,,,,assert,unknown
bean_771_3,commons-beanutils-1.9.4,MemoryLeakTestCase,testWrapDynaClass_dynaClasses_memoryLeak_3_oe,src/test/java/org/apache/commons/beanutils/memoryleaktests/MemoryLeakTestCase.java,,,,assert,unknown
bean_771_4,commons-beanutils-1.9.4,MemoryLeakTestCase,testWrapDynaClass_dynaClasses_memoryLeak_4_oe,src/test/java/org/apache/commons/beanutils/memoryleaktests/MemoryLeakTestCase.java,,,,assert,unknown
bean_771_5,commons-beanutils-1.9.4,MemoryLeakTestCase,testWrapDynaClass_dynaClasses_memoryLeak_5_oe,src/test/java/org/apache/commons/beanutils/memoryleaktests/MemoryLeakTestCase.java,,,,assert,unknown
bean_771_6,commons-beanutils-1.9.4,MemoryLeakTestCase,testWrapDynaClass_dynaClasses_memoryLeak_6_oe,src/test/java/org/apache/commons/beanutils/memoryleaktests/MemoryLeakTestCase.java,,,,assert,unknown
bean_772_1,commons-beanutils-1.9.4,MemoryLeakTestCase,testConvertUtilsBean_converters_memoryLeak_1_oe,src/test/java/org/apache/commons/beanutils/memoryleaktests/MemoryLeakTestCase.java,,,,assert,unknown
bean_772_2,commons-beanutils-1.9.4,MemoryLeakTestCase,testConvertUtilsBean_converters_memoryLeak_2_oe,src/test/java/org/apache/commons/beanutils/memoryleaktests/MemoryLeakTestCase.java,,,,assert,unknown
bean_772_3,commons-beanutils-1.9.4,MemoryLeakTestCase,testConvertUtilsBean_converters_memoryLeak_3_oe,src/test/java/org/apache/commons/beanutils/memoryleaktests/MemoryLeakTestCase.java,,,,assert,unknown
bean_772_4,commons-beanutils-1.9.4,MemoryLeakTestCase,testConvertUtilsBean_converters_memoryLeak_4_oe,src/test/java/org/apache/commons/beanutils/memoryleaktests/MemoryLeakTestCase.java,,,,assert,unknown
bean_772_5,commons-beanutils-1.9.4,MemoryLeakTestCase,testConvertUtilsBean_converters_memoryLeak_5_oe,src/test/java/org/apache/commons/beanutils/memoryleaktests/MemoryLeakTestCase.java,,,,assert,unknown
bean_772_6,commons-beanutils-1.9.4,MemoryLeakTestCase,testConvertUtilsBean_converters_memoryLeak_6_oe,src/test/java/org/apache/commons/beanutils/memoryleaktests/MemoryLeakTestCase.java,,,,assert,unknown
bean_773_1,commons-beanutils-1.9.4,MemoryLeakTestCase,testLocaleConvertUtilsBean_converters_memoryLeak_1_oe,src/test/java/org/apache/commons/beanutils/memoryleaktests/MemoryLeakTestCase.java,,,,assert,unknown
bean_773_2,commons-beanutils-1.9.4,MemoryLeakTestCase,testLocaleConvertUtilsBean_converters_memoryLeak_2_oe,src/test/java/org/apache/commons/beanutils/memoryleaktests/MemoryLeakTestCase.java,,,,assert,unknown
bean_773_3,commons-beanutils-1.9.4,MemoryLeakTestCase,testLocaleConvertUtilsBean_converters_memoryLeak_3_oe,src/test/java/org/apache/commons/beanutils/memoryleaktests/MemoryLeakTestCase.java,,,,assert,unknown
bean_773_4,commons-beanutils-1.9.4,MemoryLeakTestCase,testLocaleConvertUtilsBean_converters_memoryLeak_4_oe,src/test/java/org/apache/commons/beanutils/memoryleaktests/MemoryLeakTestCase.java,,,,assert,unknown
bean_773_5,commons-beanutils-1.9.4,MemoryLeakTestCase,testLocaleConvertUtilsBean_converters_memoryLeak_5_oe,src/test/java/org/apache/commons/beanutils/memoryleaktests/MemoryLeakTestCase.java,,,,assert,unknown
bean_773_6,commons-beanutils-1.9.4,MemoryLeakTestCase,testLocaleConvertUtilsBean_converters_memoryLeak_6_oe,src/test/java/org/apache/commons/beanutils/memoryleaktests/MemoryLeakTestCase.java,,,,assert,unknown
