Picked up _JAVA_OPTIONS: -Djava.io.tmpdir=/sfs/weka/scratch/wxw9rr/tmp
[INFO] Scanning for projects...
[WARNING] 
[WARNING] Some problems were encountered while building the effective model for org.apache.commons:commons-geometry-core:jar:1.0
[WARNING] 'build.plugins.plugin.(groupId:artifactId)' must be unique but found duplicate declaration of plugin org.apache.maven.plugins:maven-surefire-plugin @ org.apache.commons:commons-geometry-parent:1.0, /sfs/weka/scratch/wxw9rr/artifact/RQ3/OE25-DEV/commons-geometry-1.0-src/pom.xml, line 232, column 15
[WARNING] 
[WARNING] It is highly recommended to fix these problems because they threaten the stability of your build.
[WARNING] 
[WARNING] For this reason, future Maven versions might no longer support building such malformed projects.
[WARNING] 
[INFO] 
[INFO] --------------< org.apache.commons:commons-geometry-core >--------------
[INFO] Building Apache Commons Geometry Core 1.0
[INFO]   from pom.xml
[INFO] --------------------------------[ jar ]---------------------------------
[WARNING] Parameter 'testPlugin' is unknown for plugin 'pitest-maven:1.22.0:mutationCoverage (default-cli)'
[INFO] 
[INFO] --- pitest:1.22.0:mutationCoverage (default-cli) @ commons-geometry-core ---
[INFO] Root dir is : /sfs/weka/scratch/wxw9rr/artifact/RQ3/OE25-DEV/commons-geometry-1.0-src/commons-geometry-core
[INFO] Found plugin : Default csv report plugin
[INFO] Found plugin : Default xml report plugin
[INFO] Found plugin : Default html report plugin
[INFO] Found plugin : Static initializer code detector plugin
[INFO] Found plugin : Excluded annotations plugin
[INFO] Found plugin : Try with resources filter
[INFO] Found plugin : Inlined finally block filter plugin
[INFO] Found plugin : Implicit null check filter
[INFO] Found plugin : Method reference null check filter
[INFO] Found plugin : For each loop filter
[INFO] Found plugin : Enum junk filter
[INFO] Found plugin : Record junk mutation filter
[INFO] Found plugin : String switch filter
[INFO] Found plugin : Assertions filter
[INFO] Found plugin : Enum switch filter
[INFO] Found plugin : Logging calls filter
[INFO] Found plugin : Infinite for loop filter
[INFO] Found plugin : Long running iterator loop filter
[INFO] Found plugin : For loop counter filter
[INFO] Found plugin : Kotlin junk mutations filter
[INFO] Found plugin : Groovy junk mutations filter
[INFO] Found plugin : Max mutations per class limit
[INFO] Found plugin : Equals shortcut equivalent mutant filter
[INFO] Found plugin : Trivial return vals equivalence filter
[INFO] Found plugin : Filters mutants with line number <= 1
[INFO] Found plugin : Division by one equivalent mutant filter
[INFO] Found plugin : Lombok junk mutations filter
[INFO] Found plugin : Filter mutations to defensive wrappers such as unmodifiableCollection on return or field write
[INFO] Found plugin : Mutant export plugin
[INFO] Found plugin : Auto add java.awt.headless=true to keep keyboard focus on Mac OS
[INFO] Found plugin : Auto set number of threads based on machine
[INFO] Found plugin : Automatically add -ea to launch args to enable assertions
[INFO] Found plugin : Default build verifier
[INFO] Found plugin : Detect missing JUnit5 plugin
[INFO] Found plugin : Detect missing TestNG plugin
[INFO] Found plugin : Detect missing kotlin plugin
[INFO] Found plugin : Detect missing spring plugin
[INFO] Found plugin : Default coverage exporter
[INFO] Found plugin : Basic test statistics
[INFO] Found shared classpath plugin : Default mutation engine
[INFO] Found shared classpath plugin : JUnit 5 test framework support
[INFO] Found shared classpath plugin : JUnit plugin
[INFO] Found shared classpath plugin : Support for mocking frameworks using javassist
[INFO] Found shared classpath plugin : Reset environment for javassist
[INFO] Available mutators : EXPERIMENTAL_ARGUMENT_PROPAGATION,FALSE_RETURNS,TRUE_RETURNS,CONDITIONALS_BOUNDARY,CONSTRUCTOR_CALLS,EMPTY_RETURNS,INCREMENTS,INLINE_CONSTS,INVERT_NEGS,MATH,NEGATE_CONDITIONALS,NON_VOID_METHOD_CALLS,NULL_RETURNS,PRIMITIVE_RETURNS,REMOVE_CONDITIONALS_EQUAL_IF,REMOVE_CONDITIONALS_EQUAL_ELSE,REMOVE_CONDITIONALS_ORDER_IF,REMOVE_CONDITIONALS_ORDER_ELSE,VOID_METHOD_CALLS,EXPERIMENTAL_BIG_DECIMAL,EXPERIMENTAL_BIG_INTEGER,EXPERIMENTAL_MEMBER_VARIABLE,EXPERIMENTAL_NAKED_RECEIVER,REMOVE_INCREMENTS,EXPERIMENTAL_SWITCH
[INFO] Adding org.pitest:pitest-junit5-plugin to SUT classpath
[INFO] Adding org.pitest:pitest to SUT classpath
[INFO] Mutating from /sfs/weka/scratch/wxw9rr/artifact/RQ3/OE25-DEV/commons-geometry-1.0-src/commons-geometry-core/target/classes
1:24:34 PM PIT >> INFO : Verbose logging is disabled. If you encounter a problem, please enable it before reporting an issue.
1:24:34 PM PIT >> INFO : Created 42 mutation test units in pre scan
1:24:34 PM PIT >> INFO : MINION : Picked up _JAVA_OPTIONS: -Djava.io.tmpdir=/sfs/weka/scratch/wxw9rr/tmp
1:24:34 PM PIT >> INFO : Sending 78 test classes to minion
1:24:34 PM PIT >> INFO : Sent tests to minion
1:24:35 PM PIT >> INFO : MINION : Jan 14, 2026 1:24:35 PM org.junit.platform.launcher.core.CompositeTestExecutionListener lambda$notifyEach$19
1:24:35 PM PIT >> INFO : MINION : WARNING: TestExecutionListener [org.junit.platform.launcher.listeners.UniqueIdTrackingListener] threw exception for method: testPlanExecutionStarted(org.junit.platform.launcher.core.InternalTestPlan@7ceb4478)
1:24:35 PM PIT >> INFO : MINION : java.lang.NoSuchMethodError: 'org.junit.platform.engine.ConfigurationParameters org.junit.platform.launcher.TestPlan.getConfigurationParameters()'
1:24:35 PM PIT >> INFO : MINION : 	at org.junit.platform.launcher.listeners.UniqueIdTrackingListener.testPlanExecutionStarted(UniqueIdTrackingListener.java:140)
1:24:35 PM PIT >> INFO : MINION : 	at org.junit.platform.launcher.core.CompositeTestExecutionListener.lambda$testPlanExecutionStarted$12(CompositeTestExecutionListener.java:75)
1:24:35 PM PIT >> INFO : MINION : 	at org.junit.platform.launcher.core.CompositeTestExecutionListener.lambda$notifyEach$19(CompositeTestExecutionListener.java:95)
1:24:35 PM PIT >> INFO : MINION : 	at java.base/java.util.ArrayList.forEach(ArrayList.java:1511)
1:24:35 PM PIT >> INFO : MINION : 	at org.junit.platform.launcher.core.CompositeTestExecutionListener.notifyEach(CompositeTestExecutionListener.java:93)
1:24:35 PM PIT >> INFO : MINION : 	at org.junit.platform.launcher.core.CompositeTestExecutionListener.testPlanExecutionStarted(CompositeTestExecutionListener.java:75)
1:24:35 PM PIT >> INFO : MINION : 	at org.junit.platform.launcher.core.EngineExecutionOrchestrator.lambda$execute$0(EngineExecutionOrchestrator.java:53)
1:24:35 PM PIT >> INFO : MINION : 	at org.junit.platform.launcher.core.EngineExecutionOrchestrator.withInterceptedStreams(EngineExecutionOrchestrator.java:67)
1:24:35 PM PIT >> INFO : MINION : 	at org.junit.platform.launcher.core.EngineExecutionOrchestrator.execute(EngineExecutionOrchestrator.java:52)
1:24:35 PM PIT >> INFO : MINION : 	at org.junit.platform.launcher.core.DefaultLauncher.execute(DefaultLauncher.java:114)
1:24:35 PM PIT >> INFO : MINION : 	at org.junit.platform.launcher.core.DefaultLauncher.execute(DefaultLauncher.java:86)
1:24:35 PM PIT >> INFO : MINION : 	at org.junit.platform.launcher.core.DefaultLauncherSession$DelegatingLauncher.execute(DefaultLauncherSession.java:86)
1:24:35 PM PIT >> INFO : MINION : 	at org.junit.platform.launcher.core.SessionPerRequestLauncher.execute(SessionPerRequestLauncher.java:53)
1:24:35 PM PIT >> INFO : MINION : 	at org.pitest.junit5.JUnit5TestUnitFinder.findTestUnits(JUnit5TestUnitFinder.java:84)
1:24:35 PM PIT >> INFO : MINION : 	at org.pitest.mutationtest.config.PrioritisingTestUnitFinder.findTestUnits(PrioritisingTestUnitFinder.java:20)
1:24:35 PM PIT >> INFO : MINION : 	at org.pitest.testapi.execute.FindTestUnits.lambda$findTestUnitsForAllSuppliedClasses$1(FindTestUnits.java:34)
1:24:35 PM PIT >> INFO : MINION : 	at java.base/java.util.stream.ReferencePipeline$7$1.accept(ReferencePipeline.java:273)
1:24:35 PM PIT >> INFO : MINION : 	at java.base/java.util.stream.DistinctOps$1$2.accept(DistinctOps.java:174)
1:24:35 PM PIT >> INFO : MINION : 	at java.base/java.util.stream.Streams$StreamBuilderImpl.forEachRemaining(Streams.java:411)
1:24:35 PM PIT >> INFO : MINION : 	at java.base/java.util.stream.Streams$ConcatSpliterator.forEachRemaining(Streams.java:734)
1:24:35 PM PIT >> INFO : MINION : 	at java.base/java.util.stream.ReferencePipeline$Head.forEach(ReferencePipeline.java:762)
1:24:35 PM PIT >> INFO : MINION : 	at java.base/java.util.stream.ReferencePipeline$7$1.accept(ReferencePipeline.java:276)
1:24:35 PM PIT >> INFO : MINION : 	at java.base/java.util.ArrayList$ArrayListSpliterator.forEachRemaining(ArrayList.java:1625)
1:24:35 PM PIT >> INFO : MINION : 	at java.base/java.util.stream.AbstractPipeline.copyInto(AbstractPipeline.java:509)
1:24:35 PM PIT >> INFO : MINION : 	at java.base/java.util.stream.AbstractPipeline.wrapAndCopyInto(AbstractPipeline.java:499)
1:24:35 PM PIT >> INFO : MINION : 	at java.base/java.util.stream.ReduceOps$ReduceOp.evaluateSequential(ReduceOps.java:921)
1:24:35 PM PIT >> INFO : MINION : 	at java.base/java.util.stream.AbstractPipeline.evaluate(AbstractPipeline.java:234)
1:24:35 PM PIT >> INFO : MINION : 	at java.base/java.util.stream.ReferencePipeline.collect(ReferencePipeline.java:682)
1:24:35 PM PIT >> INFO : MINION : 	at org.pitest.testapi.execute.FindTestUnits.findTestUnitsForAllSuppliedClasses(FindTestUnits.java:35)
1:24:35 PM PIT >> INFO : MINION : 	at org.pitest.coverage.execute.CoverageMinion.discoverTests(CoverageMinion.java:169)
1:24:35 PM PIT >> INFO : MINION : 	at org.pitest.coverage.execute.CoverageMinion.getTestsFromParent(CoverageMinion.java:154)
1:24:35 PM PIT >> INFO : MINION : 	at org.pitest.coverage.execute.CoverageMinion.main(CoverageMinion.java:82)
1:24:35 PM PIT >> INFO : MINION : 
1:24:35 PM PIT >> INFO : MINION : Jan 14, 2026 1:24:35 PM org.junit.platform.launcher.core.CompositeTestExecutionListener lambda$notifyEach$19
1:24:35 PM PIT >> INFO : MINION : WARNING: TestExecutionListener [org.junit.platform.launcher.listeners.UniqueIdTrackingListener] threw exception for method: testPlanExecutionStarted(org.junit.platform.launcher.core.InternalTestPlan@65f651eb)
1:24:35 PM PIT >> INFO : MINION : java.lang.NoSuchMethodError: 'org.junit.platform.engine.ConfigurationParameters org.junit.platform.launcher.TestPlan.getConfigurationParameters()'
1:24:35 PM PIT >> INFO : MINION : 	at org.junit.platform.launcher.listeners.UniqueIdTrackingListener.testPlanExecutionStarted(UniqueIdTrackingListener.java:140)
1:24:35 PM PIT >> INFO : MINION : 	at org.junit.platform.launcher.core.CompositeTestExecutionListener.lambda$testPlanExecutionStarted$12(CompositeTestExecutionListener.java:75)
1:24:35 PM PIT >> INFO : MINION : 	at org.junit.platform.launcher.core.CompositeTestExecutionListener.lambda$notifyEach$19(CompositeTestExecutionListener.java:95)
1:24:35 PM PIT >> INFO : MINION : 	at java.base/java.util.ArrayList.forEach(ArrayList.java:1511)
1:24:35 PM PIT >> INFO : MINION : 	at org.junit.platform.launcher.core.CompositeTestExecutionListener.notifyEach(CompositeTestExecutionListener.java:93)
1:24:35 PM PIT >> INFO : MINION : 	at org.junit.platform.launcher.core.CompositeTestExecutionListener.testPlanExecutionStarted(CompositeTestExecutionListener.java:75)
1:24:35 PM PIT >> INFO : MINION : 	at org.junit.platform.launcher.core.EngineExecutionOrchestrator.lambda$execute$0(EngineExecutionOrchestrator.java:53)
1:24:35 PM PIT >> INFO : MINION : 	at org.junit.platform.launcher.core.EngineExecutionOrchestrator.withInterceptedStreams(EngineExecutionOrchestrator.java:67)
1:24:35 PM PIT >> INFO : MINION : 	at org.junit.platform.launcher.core.EngineExecutionOrchestrator.execute(EngineExecutionOrchestrator.java:52)
1:24:35 PM PIT >> INFO : MINION : 	at org.junit.platform.launcher.core.DefaultLauncher.execute(DefaultLauncher.java:114)
1:24:35 PM PIT >> INFO : MINION : 	at org.junit.platform.launcher.core.DefaultLauncher.execute(DefaultLauncher.java:86)
1:24:35 PM PIT >> INFO : MINION : 	at org.junit.platform.launcher.core.DefaultLauncherSession$DelegatingLauncher.execute(DefaultLauncherSession.java:86)
1:24:35 PM PIT >> INFO : MINION : 	at org.junit.platform.launcher.core.SessionPerRequestLauncher.execute(SessionPerRequestLauncher.java:53)
1:24:35 PM PIT >> INFO : MINION : 	at org.pitest.junit5.JUnit5TestUnitFinder.findTestUnits(JUnit5TestUnitFinder.java:84)
1:24:35 PM PIT >> INFO : MINION : 	at org.pitest.mutationtest.config.PrioritisingTestUnitFinder.findTestUnits(PrioritisingTestUnitFinder.java:20)
1:24:35 PM PIT >> INFO : MINION : 	at org.pitest.testapi.execute.FindTestUnits.lambda$findTestUnitsForAllSuppliedClasses$1(FindTestUnits.java:34)
1:24:35 PM PIT >> INFO : MINION : 	at java.base/java.util.stream.ReferencePipeline$7$1.accept(ReferencePipeline.java:273)
1:24:35 PM PIT >> INFO : MINION : 	at java.base/java.util.stream.DistinctOps$1$2.accept(DistinctOps.java:174)
1:24:35 PM PIT >> INFO : MINION : 	at java.base/java.util.stream.Streams$StreamBuilderImpl.forEachRemaining(Streams.java:411)
1:24:35 PM PIT >> INFO : MINION : 	at java.base/java.util.stream.Streams$ConcatSpliterator.forEachRemaining(Streams.java:734)
1:24:35 PM PIT >> INFO : MINION : 	at java.base/java.util.stream.ReferencePipeline$Head.forEach(ReferencePipeline.java:762)
1:24:35 PM PIT >> INFO : MINION : 	at java.base/java.util.stream.ReferencePipeline$7$1.accept(ReferencePipeline.java:276)
1:24:35 PM PIT >> INFO : MINION : 	at java.base/java.util.ArrayList$ArrayListSpliterator.forEachRemaining(ArrayList.java:1625)
1:24:35 PM PIT >> INFO : MINION : 	at java.base/java.util.stream.AbstractPipeline.copyInto(AbstractPipeline.java:509)
1:24:35 PM PIT >> INFO : MINION : 	at java.base/java.util.stream.AbstractPipeline.wrapAndCopyInto(AbstractPipeline.java:499)
1:24:35 PM PIT >> INFO : MINION : 	at java.base/java.util.stream.ReduceOps$ReduceOp.evaluateSequential(ReduceOps.java:921)
1:24:35 PM PIT >> INFO : MINION : 	at java.base/java.util.stream.AbstractPipeline.evaluate(AbstractPipeline.java:234)
1:24:35 PM PIT >> INFO : MINION : 	at java.base/java.util.stream.ReferencePipeline.collect(ReferencePipeline.java:682)
1:24:35 PM PIT >> INFO : MINION : 	at org.pitest.testapi.execute.FindTestUnits.findTestUnitsForAllSuppliedClasses(FindTestUnits.java:35)
1:24:35 PM PIT >> INFO : MINION : 	at org.pitest.coverage.execute.CoverageMinion.discoverTests(CoverageMinion.java:169)
1:24:35 PM PIT >> INFO : MINION : 	at org.pitest.coverage.execute.CoverageMinion.getTestsFromParent(CoverageMinion.java:154)
1:24:35 PM PIT >> INFO : MINION : 	at org.pitest.coverage.execute.CoverageMinion.main(CoverageMinion.java:82)
1:24:35 PM PIT >> INFO : MINION : 
1:24:35 PM PIT >> INFO : MINION : Jan 14, 2026 1:24:35 PM org.junit.platform.launcher.core.CompositeTestExecutionListener lambda$notifyEach$19
1:24:35 PM PIT >> INFO : MINION : WARNING: TestExecutionListener [org.junit.platform.launcher.listeners.UniqueIdTrackingListener] threw exception for method: testPlanExecutionStarted(org.junit.platform.launcher.core.InternalTestPlan@7f1ef916)
1:24:35 PM PIT >> INFO : MINION : java.lang.NoSuchMethodError: 'org.junit.platform.engine.ConfigurationParameters org.junit.platform.launcher.TestPlan.getConfigurationParameters()'
1:24:35 PM PIT >> INFO : MINION : 	at org.junit.platform.launcher.listeners.UniqueIdTrackingListener.testPlanExecutionStarted(UniqueIdTrackingListener.java:140)
1:24:35 PM PIT >> INFO : MINION : 	at org.junit.platform.launcher.core.CompositeTestExecutionListener.lambda$testPlanExecutionStarted$12(CompositeTestExecutionListener.java:75)
1:24:35 PM PIT >> INFO : MINION : 	at org.junit.platform.launcher.core.CompositeTestExecutionListener.lambda$notifyEach$19(CompositeTestExecutionListener.java:95)
1:24:35 PM PIT >> INFO : MINION : 	at java.base/java.util.ArrayList.forEach(ArrayList.java:1511)
1:24:35 PM PIT >> INFO : MINION : 	at org.junit.platform.launcher.core.CompositeTestExecutionListener.notifyEach(CompositeTestExecutionListener.java:93)
1:24:35 PM PIT >> INFO : MINION : 	at org.junit.platform.launcher.core.CompositeTestExecutionListener.testPlanExecutionStarted(CompositeTestExecutionListener.java:75)
1:24:35 PM PIT >> INFO : MINION : 	at org.junit.platform.launcher.core.EngineExecutionOrchestrator.lambda$execute$0(EngineExecutionOrchestrator.java:53)
1:24:35 PM PIT >> INFO : MINION : 	at org.junit.platform.launcher.core.EngineExecutionOrchestrator.withInterceptedStreams(EngineExecutionOrchestrator.java:67)
1:24:35 PM PIT >> INFO : MINION : 	at org.junit.platform.launcher.core.EngineExecutionOrchestrator.execute(EngineExecutionOrchestrator.java:52)
1:24:35 PM PIT >> INFO : MINION : 	at org.junit.platform.launcher.core.DefaultLauncher.execute(DefaultLauncher.java:114)
1:24:35 PM PIT >> INFO : MINION : 	at org.junit.platform.launcher.core.DefaultLauncher.execute(DefaultLauncher.java:86)
1:24:35 PM PIT >> INFO : MINION : 	at org.junit.platform.launcher.core.DefaultLauncherSession$DelegatingLauncher.execute(DefaultLauncherSession.java:86)
1:24:35 PM PIT >> INFO : MINION : 	at org.junit.platform.launcher.core.SessionPerRequestLauncher.execute(SessionPerRequestLauncher.java:53)
1:24:35 PM PIT >> INFO : MINION : 	at org.pitest.junit5.JUnit5TestUnitFinder.findTestUnits(JUnit5TestUnitFinder.java:84)
1:24:35 PM PIT >> INFO : MINION : 	at org.pitest.mutationtest.config.PrioritisingTestUnitFinder.findTestUnits(PrioritisingTestUnitFinder.java:20)
1:24:35 PM PIT >> INFO : MINION : 	at org.pitest.testapi.execute.FindTestUnits.lambda$findTestUnitsForAllSuppliedClasses$1(FindTestUnits.java:34)
1:24:35 PM PIT >> INFO : MINION : 	at java.base/java.util.stream.ReferencePipeline$7$1.accept(ReferencePipeline.java:273)
1:24:35 PM PIT >> INFO : MINION : 	at java.base/java.util.stream.DistinctOps$1$2.accept(DistinctOps.java:174)
1:24:35 PM PIT >> INFO : MINION : 	at java.base/java.util.stream.Streams$StreamBuilderImpl.forEachRemaining(Streams.java:411)
1:24:35 PM PIT >> INFO : MINION : 	at java.base/java.util.stream.Streams$ConcatSpliterator.forEachRemaining(Streams.java:734)
1:24:35 PM PIT >> INFO : MINION : 	at java.base/java.util.stream.ReferencePipeline$Head.forEach(ReferencePipeline.java:762)
1:24:35 PM PIT >> INFO : MINION : 	at java.base/java.util.stream.ReferencePipeline$7$1.accept(ReferencePipeline.java:276)
1:24:35 PM PIT >> INFO : MINION : 	at java.base/java.util.ArrayList$ArrayListSpliterator.forEachRemaining(ArrayList.java:1625)
1:24:35 PM PIT >> INFO : MINION : 	at java.base/java.util.stream.AbstractPipeline.copyInto(AbstractPipeline.java:509)
1:24:35 PM PIT >> INFO : MINION : 	at java.base/java.util.stream.AbstractPipeline.wrapAndCopyInto(AbstractPipeline.java:499)
1:24:35 PM PIT >> INFO : MINION : 	at java.base/java.util.stream.ReduceOps$ReduceOp.evaluateSequential(ReduceOps.java:921)
1:24:35 PM PIT >> INFO : MINION : 	at java.base/java.util.stream.AbstractPipeline.evaluate(AbstractPipeline.java:234)
1:24:35 PM PIT >> INFO : MINION : 	at java.base/java.util.stream.ReferencePipeline.collect(ReferencePipeline.java:682)
1:24:35 PM PIT >> INFO : MINION : 	at org.pitest.testapi.execute.FindTestUnits.findTestUnitsForAllSuppliedClasses(FindTestUnits.java:35)
1:24:35 PM PIT >> INFO : MINION : 	at org.pitest.coverage.execute.CoverageMinion.discoverTests(CoverageMinion.java:169)
1:24:35 PM PIT >> INFO : MINION : 	at org.pitest.coverage.execute.CoverageMinion.getTestsFromParent(CoverageMinion.java:154)
1:24:35 PM PIT >> INFO : MINION : 	at org.pitest.coverage.execute.CoverageMinion.main(CoverageMinion.java:82)
1:24:35 PM PIT >> INFO : MINION : 
1:24:35 PM PIT >> INFO : MINION : Jan 14, 2026 1:24:35 PM org.junit.platform.launcher.core.CompositeTestExecutionListener lambda$notifyEach$19
1:24:35 PM PIT >> INFO : MINION : WARNING: TestExecutionListener [org.junit.platform.launcher.listeners.UniqueIdTrackingListener] threw exception for method: testPlanExecutionStarted(org.junit.platform.launcher.core.InternalTestPlan@17dd671f)
1:24:35 PM PIT >> INFO : MINION : java.lang.NoSuchMethodError: 'org.junit.platform.engine.ConfigurationParameters org.junit.platform.launcher.TestPlan.getConfigurationParameters()'
1:24:35 PM PIT >> INFO : MINION : 	at org.junit.platform.launcher.listeners.UniqueIdTrackingListener.testPlanExecutionStarted(UniqueIdTrackingListener.java:140)
1:24:35 PM PIT >> INFO : MINION : 	at org.junit.platform.launcher.core.CompositeTestExecutionListener.lambda$testPlanExecutionStarted$12(CompositeTestExecutionListener.java:75)
1:24:35 PM PIT >> INFO : MINION : 	at org.junit.platform.launcher.core.CompositeTestExecutionListener.lambda$notifyEach$19(CompositeTestExecutionListener.java:95)
1:24:35 PM PIT >> INFO : MINION : 	at java.base/java.util.ArrayList.forEach(ArrayList.java:1511)
1:24:35 PM PIT >> INFO : MINION : 	at org.junit.platform.launcher.core.CompositeTestExecutionListener.notifyEach(CompositeTestExecutionListener.java:93)
1:24:35 PM PIT >> INFO : MINION : 	at org.junit.platform.launcher.core.CompositeTestExecutionListener.testPlanExecutionStarted(CompositeTestExecutionListener.java:75)
1:24:35 PM PIT >> INFO : MINION : 	at org.junit.platform.launcher.core.EngineExecutionOrchestrator.lambda$execute$0(EngineExecutionOrchestrator.java:53)
1:24:35 PM PIT >> INFO : MINION : 	at org.junit.platform.launcher.core.EngineExecutionOrchestrator.withInterceptedStreams(EngineExecutionOrchestrator.java:67)
1:24:35 PM PIT >> INFO : MINION : 	at org.junit.platform.launcher.core.EngineExecutionOrchestrator.execute(EngineExecutionOrchestrator.java:52)
1:24:35 PM PIT >> INFO : MINION : 	at org.junit.platform.launcher.core.DefaultLauncher.execute(DefaultLauncher.java:114)
1:24:35 PM PIT >> INFO : MINION : 	at org.junit.platform.launcher.core.DefaultLauncher.execute(DefaultLauncher.java:86)
1:24:35 PM PIT >> INFO : MINION : 	at org.junit.platform.launcher.core.DefaultLauncherSession$DelegatingLauncher.execute(DefaultLauncherSession.java:86)
1:24:35 PM PIT >> INFO : MINION : 	at org.junit.platform.launcher.core.SessionPerRequestLauncher.execute(SessionPerRequestLauncher.java:53)
1:24:35 PM PIT >> INFO : MINION : 	at org.pitest.junit5.JUnit5TestUnitFinder.findTestUnits(JUnit5TestUnitFinder.java:84)
1:24:35 PM PIT >> INFO : MINION : 	at org.pitest.mutationtest.config.PrioritisingTestUnitFinder.findTestUnits(PrioritisingTestUnitFinder.java:20)
1:24:35 PM PIT >> INFO : MINION : 	at org.pitest.testapi.execute.FindTestUnits.lambda$findTestUnitsForAllSuppliedClasses$1(FindTestUnits.java:34)
1:24:35 PM PIT >> INFO : MINION : 	at java.base/java.util.stream.ReferencePipeline$7$1.accept(ReferencePipeline.java:273)
1:24:35 PM PIT >> INFO : MINION : 	at java.base/java.util.stream.DistinctOps$1$2.accept(DistinctOps.java:174)
1:24:35 PM PIT >> INFO : MINION : 	at java.base/java.util.stream.Streams$StreamBuilderImpl.forEachRemaining(Streams.java:411)
1:24:35 PM PIT >> INFO : MINION : 	at java.base/java.util.stream.Streams$ConcatSpliterator.forEachRemaining(Streams.java:734)
1:24:35 PM PIT >> INFO : MINION : 	at java.base/java.util.stream.ReferencePipeline$Head.forEach(ReferencePipeline.java:762)
1:24:35 PM PIT >> INFO : MINION : 	at java.base/java.util.stream.ReferencePipeline$7$1.accept(ReferencePipeline.java:276)
1:24:35 PM PIT >> INFO : MINION : 	at java.base/java.util.ArrayList$ArrayListSpliterator.forEachRemaining(ArrayList.java:1625)
1:24:35 PM PIT >> INFO : MINION : 	at java.base/java.util.stream.AbstractPipeline.copyInto(AbstractPipeline.java:509)
1:24:35 PM PIT >> INFO : MINION : 	at java.base/java.util.stream.AbstractPipeline.wrapAndCopyInto(AbstractPipeline.java:499)
1:24:35 PM PIT >> INFO : MINION : 	at java.base/java.util.stream.ReduceOps$ReduceOp.evaluateSequential(ReduceOps.java:921)
1:24:35 PM PIT >> INFO : MINION : 	at java.base/java.util.stream.AbstractPipeline.evaluate(AbstractPipeline.java:234)
1:24:35 PM PIT >> INFO : MINION : 	at java.base/java.util.stream.ReferencePipeline.collect(ReferencePipeline.java:682)
1:24:35 PM PIT >> INFO : MINION : 	at org.pitest.testapi.execute.FindTestUnits.findTestUnitsForAllSuppliedClasses(FindTestUnits.java:35)
1:24:35 PM PIT >> INFO : MINION : 	at org.pitest.coverage.execute.CoverageMinion.discoverTests(CoverageMinion.java:169)
1:24:35 PM PIT >> INFO : MINION : 	at org.pitest.coverage.execute.CoverageMinion.getTestsFromParent(CoverageMinion.java:154)
1:24:35 PM PIT >> INFO : MINION : 	at org.pitest.coverage.execute.CoverageMinion.main(CoverageMinion.java:82)
1:24:35 PM PIT >> INFO : MINION : 
1:24:35 PM PIT >> INFO : MINION : Jan 14, 2026 1:24:35 PM org.junit.platform.launcher.core.CompositeTestExecutionListener lambda$notifyEach$19
1:24:35 PM PIT >> INFO : MINION : WARNING: TestExecutionListener [org.junit.platform.launcher.listeners.UniqueIdTrackingListener] threw exception for method: testPlanExecutionStarted(org.junit.platform.launcher.core.InternalTestPlan@58f437b0)
1:24:35 PM PIT >> INFO : MINION : java.lang.NoSuchMethodError: 'org.junit.platform.engine.ConfigurationParameters org.junit.platform.launcher.TestPlan.getConfigurationParameters()'
1:24:35 PM PIT >> INFO : MINION : 	at org.junit.platform.launcher.listeners.UniqueIdTrackingListener.testPlanExecutionStarted(UniqueIdTrackingListener.java:140)
1:24:35 PM PIT >> INFO : MINION : 	at org.junit.platform.launcher.core.CompositeTestExecutionListener.lambda$testPlanExecutionStarted$12(CompositeTestExecutionListener.java:75)
1:24:35 PM PIT >> INFO : MINION : 	at org.junit.platform.launcher.core.CompositeTestExecutionListener.lambda$notifyEach$19(CompositeTestExecutionListener.java:95)
1:24:35 PM PIT >> INFO : MINION : 	at java.base/java.util.ArrayList.forEach(ArrayList.java:1511)
1:24:35 PM PIT >> INFO : MINION : 	at org.junit.platform.launcher.core.CompositeTestExecutionListener.notifyEach(CompositeTestExecutionListener.java:93)
1:24:35 PM PIT >> INFO : MINION : 	at org.junit.platform.launcher.core.CompositeTestExecutionListener.testPlanExecutionStarted(CompositeTestExecutionListener.java:75)
1:24:35 PM PIT >> INFO : MINION : 	at org.junit.platform.launcher.core.EngineExecutionOrchestrator.lambda$execute$0(EngineExecutionOrchestrator.java:53)
1:24:35 PM PIT >> INFO : MINION : 	at org.junit.platform.launcher.core.EngineExecutionOrchestrator.withInterceptedStreams(EngineExecutionOrchestrator.java:67)
1:24:35 PM PIT >> INFO : MINION : 	at org.junit.platform.launcher.core.EngineExecutionOrchestrator.execute(EngineExecutionOrchestrator.java:52)
1:24:35 PM PIT >> INFO : MINION : 	at org.junit.platform.launcher.core.DefaultLauncher.execute(DefaultLauncher.java:114)
1:24:35 PM PIT >> INFO : MINION : 	at org.junit.platform.launcher.core.DefaultLauncher.execute(DefaultLauncher.java:86)
1:24:35 PM PIT >> INFO : MINION : 	at org.junit.platform.launcher.core.DefaultLauncherSession$DelegatingLauncher.execute(DefaultLauncherSession.java:86)
1:24:35 PM PIT >> INFO : MINION : 	at org.junit.platform.launcher.core.SessionPerRequestLauncher.execute(SessionPerRequestLauncher.java:53)
1:24:35 PM PIT >> INFO : MINION : 	at org.pitest.junit5.JUnit5TestUnitFinder.findTestUnits(JUnit5TestUnitFinder.java:84)
1:24:35 PM PIT >> INFO : MINION : 	at org.pitest.mutationtest.config.PrioritisingTestUnitFinder.findTestUnits(PrioritisingTestUnitFinder.java:20)
1:24:35 PM PIT >> INFO : MINION : 	at org.pitest.testapi.execute.FindTestUnits.lambda$findTestUnitsForAllSuppliedClasses$1(FindTestUnits.java:34)
1:24:35 PM PIT >> INFO : MINION : 	at java.base/java.util.stream.ReferencePipeline$7$1.accept(ReferencePipeline.java:273)
1:24:35 PM PIT >> INFO : MINION : 	at java.base/java.util.stream.DistinctOps$1$2.accept(DistinctOps.java:174)
1:24:35 PM PIT >> INFO : MINION : 	at java.base/java.util.stream.Streams$StreamBuilderImpl.forEachRemaining(Streams.java:411)
1:24:35 PM PIT >> INFO : MINION : 	at java.base/java.util.stream.Streams$ConcatSpliterator.forEachRemaining(Streams.java:734)
1:24:35 PM PIT >> INFO : MINION : 	at java.base/java.util.stream.ReferencePipeline$Head.forEach(ReferencePipeline.java:762)
1:24:35 PM PIT >> INFO : MINION : 	at java.base/java.util.stream.ReferencePipeline$7$1.accept(ReferencePipeline.java:276)
1:24:35 PM PIT >> INFO : MINION : 	at java.base/java.util.ArrayList$ArrayListSpliterator.forEachRemaining(ArrayList.java:1625)
1:24:35 PM PIT >> INFO : MINION : 	at java.base/java.util.stream.AbstractPipeline.copyInto(AbstractPipeline.java:509)
1:24:35 PM PIT >> INFO : MINION : 	at java.base/java.util.stream.AbstractPipeline.wrapAndCopyInto(AbstractPipeline.java:499)
1:24:35 PM PIT >> INFO : MINION : 	at java.base/java.util.stream.ReduceOps$ReduceOp.evaluateSequential(ReduceOps.java:921)
1:24:35 PM PIT >> INFO : MINION : 	at java.base/java.util.stream.AbstractPipeline.evaluate(AbstractPipeline.java:234)
1:24:35 PM PIT >> INFO : MINION : 	at java.base/java.util.stream.ReferencePipeline.collect(ReferencePipeline.java:682)
1:24:35 PM PIT >> INFO : MINION : 	at org.pitest.testapi.execute.FindTestUnits.findTestUnitsForAllSuppliedClasses(FindTestUnits.java:35)
1:24:35 PM PIT >> INFO : MINION : 	at org.pitest.coverage.execute.CoverageMinion.discoverTests(CoverageMinion.java:169)
1:24:35 PM PIT >> INFO : MINION : 	at org.pitest.coverage.execute.CoverageMinion.getTestsFromParent(CoverageMinion.java:154)
1:24:35 PM PIT >> INFO : MINION : 	at org.pitest.coverage.execute.CoverageMinion.main(CoverageMinion.java:82)
1:24:35 PM PIT >> INFO : MINION : 
1:24:35 PM PIT >> INFO : MINION : Jan 14, 2026 1:24:35 PM org.junit.platform.launcher.core.CompositeTestExecutionListener lambda$notifyEach$19
1:24:35 PM PIT >> INFO : MINION : WARNING: TestExecutionListener [org.junit.platform.launcher.listeners.UniqueIdTrackingListener] threw exception for method: testPlanExecutionStarted(org.junit.platform.launcher.core.InternalTestPlan@354e7004)
1:24:35 PM PIT >> INFO : MINION : java.lang.NoSuchMethodError: 'org.junit.platform.engine.ConfigurationParameters org.junit.platform.launcher.TestPlan.getConfigurationParameters()'
1:24:35 PM PIT >> INFO : MINION : 	at org.junit.platform.launcher.listeners.UniqueIdTrackingListener.testPlanExecutionStarted(UniqueIdTrackingListener.java:140)
1:24:35 PM PIT >> INFO : MINION : 	at org.junit.platform.launcher.core.CompositeTestExecutionListener.lambda$testPlanExecutionStarted$12(CompositeTestExecutionListener.java:75)
1:24:35 PM PIT >> INFO : MINION : 	at org.junit.platform.launcher.core.CompositeTestExecutionListener.lambda$notifyEach$19(CompositeTestExecutionListener.java:95)
1:24:35 PM PIT >> INFO : MINION : 	at java.base/java.util.ArrayList.forEach(ArrayList.java:1511)
1:24:35 PM PIT >> INFO : MINION : 	at org.junit.platform.launcher.core.CompositeTestExecutionListener.notifyEach(CompositeTestExecutionListener.java:93)
1:24:35 PM PIT >> INFO : MINION : 	at org.junit.platform.launcher.core.CompositeTestExecutionListener.testPlanExecutionStarted(CompositeTestExecutionListener.java:75)
1:24:35 PM PIT >> INFO : MINION : 	at org.junit.platform.launcher.core.EngineExecutionOrchestrator.lambda$execute$0(EngineExecutionOrchestrator.java:53)
1:24:35 PM PIT >> INFO : MINION : 	at org.junit.platform.launcher.core.EngineExecutionOrchestrator.withInterceptedStreams(EngineExecutionOrchestrator.java:67)
1:24:35 PM PIT >> INFO : MINION : 	at org.junit.platform.launcher.core.EngineExecutionOrchestrator.execute(EngineExecutionOrchestrator.java:52)
1:24:35 PM PIT >> INFO : MINION : 	at org.junit.platform.launcher.core.DefaultLauncher.execute(DefaultLauncher.java:114)
1:24:35 PM PIT >> INFO : MINION : 	at org.junit.platform.launcher.core.DefaultLauncher.execute(DefaultLauncher.java:86)
1:24:35 PM PIT >> INFO : MINION : 	at org.junit.platform.launcher.core.DefaultLauncherSession$DelegatingLauncher.execute(DefaultLauncherSession.java:86)
1:24:35 PM PIT >> INFO : MINION : 	at org.junit.platform.launcher.core.SessionPerRequestLauncher.execute(SessionPerRequestLauncher.java:53)
1:24:35 PM PIT >> INFO : MINION : 	at org.pitest.junit5.JUnit5TestUnitFinder.findTestUnits(JUnit5TestUnitFinder.java:84)
1:24:35 PM PIT >> INFO : MINION : 	at org.pitest.mutationtest.config.PrioritisingTestUnitFinder.findTestUnits(PrioritisingTestUnitFinder.java:20)
1:24:35 PM PIT >> INFO : MINION : 	at org.pitest.testapi.execute.FindTestUnits.lambda$findTestUnitsForAllSuppliedClasses$1(FindTestUnits.java:34)
1:24:35 PM PIT >> INFO : MINION : 	at java.base/java.util.stream.ReferencePipeline$7$1.accept(ReferencePipeline.java:273)
1:24:35 PM PIT >> INFO : MINION : 	at java.base/java.util.stream.DistinctOps$1$2.accept(DistinctOps.java:174)
1:24:35 PM PIT >> INFO : MINION : 	at java.base/java.util.stream.Streams$StreamBuilderImpl.forEachRemaining(Streams.java:411)
1:24:35 PM PIT >> INFO : MINION : 	at java.base/java.util.stream.Streams$ConcatSpliterator.forEachRemaining(Streams.java:734)
1:24:35 PM PIT >> INFO : MINION : 	at java.base/java.util.stream.ReferencePipeline$Head.forEach(ReferencePipeline.java:762)
1:24:35 PM PIT >> INFO : MINION : 	at java.base/java.util.stream.ReferencePipeline$7$1.accept(ReferencePipeline.java:276)
1:24:35 PM PIT >> INFO : MINION : 	at java.base/java.util.ArrayList$ArrayListSpliterator.forEachRemaining(ArrayList.java:1625)
1:24:35 PM PIT >> INFO : MINION : 	at java.base/java.util.stream.AbstractPipeline.copyInto(AbstractPipeline.java:509)
1:24:35 PM PIT >> INFO : MINION : 	at java.base/java.util.stream.AbstractPipeline.wrapAndCopyInto(AbstractPipeline.java:499)
1:24:35 PM PIT >> INFO : MINION : 	at java.base/java.util.stream.ReduceOps$ReduceOp.evaluateSequential(ReduceOps.java:921)
1:24:35 PM PIT >> INFO : MINION : 	at java.base/java.util.stream.AbstractPipeline.evaluate(AbstractPipeline.java:234)
1:24:35 PM PIT >> INFO : MINION : 	at java.base/java.util.stream.ReferencePipeline.collect(ReferencePipeline.java:682)
1:24:35 PM PIT >> INFO : MINION : 	at org.pitest.testapi.execute.FindTestUnits.findTestUnitsForAllSuppliedClasses(FindTestUnits.java:35)
1:24:35 PM PIT >> INFO : MINION : 	at org.pitest.coverage.execute.CoverageMinion.discoverTests(CoverageMinion.java:169)
1:24:35 PM PIT >> INFO : MINION : 	at org.pitest.coverage.execute.CoverageMinion.getTestsFromParent(CoverageMinion.java:154)
1:24:35 PM PIT >> INFO : MINION : 	at org.pitest.coverage.execute.CoverageMinion.main(CoverageMinion.java:82)
1:24:35 PM PIT >> INFO : MINION : 
1:24:35 PM PIT >> INFO : MINION : Jan 14, 2026 1:24:35 PM org.junit.platform.launcher.core.CompositeTestExecutionListener lambda$notifyEach$19
1:24:35 PM PIT >> INFO : MINION : WARNING: TestExecutionListener [org.junit.platform.launcher.listeners.UniqueIdTrackingListener] threw exception for method: testPlanExecutionStarted(org.junit.platform.launcher.core.InternalTestPlan@5b7c8930)
1:24:35 PM PIT >> INFO : MINION : java.lang.NoSuchMethodError: 'org.junit.platform.engine.ConfigurationParameters org.junit.platform.launcher.TestPlan.getConfigurationParameters()'
1:24:35 PM PIT >> INFO : MINION : 	at org.junit.platform.launcher.listeners.UniqueIdTrackingListener.testPlanExecutionStarted(UniqueIdTrackingListener.java:140)
1:24:35 PM PIT >> INFO : MINION : 	at org.junit.platform.launcher.core.CompositeTestExecutionListener.lambda$testPlanExecutionStarted$12(CompositeTestExecutionListener.java:75)
1:24:35 PM PIT >> INFO : MINION : 	at org.junit.platform.launcher.core.CompositeTestExecutionListener.lambda$notifyEach$19(CompositeTestExecutionListener.java:95)
1:24:35 PM PIT >> INFO : MINION : 	at java.base/java.util.ArrayList.forEach(ArrayList.java:1511)
1:24:35 PM PIT >> INFO : MINION : 	at org.junit.platform.launcher.core.CompositeTestExecutionListener.notifyEach(CompositeTestExecutionListener.java:93)
1:24:35 PM PIT >> INFO : MINION : 	at org.junit.platform.launcher.core.CompositeTestExecutionListener.testPlanExecutionStarted(CompositeTestExecutionListener.java:75)
1:24:35 PM PIT >> INFO : MINION : 	at org.junit.platform.launcher.core.EngineExecutionOrchestrator.lambda$execute$0(EngineExecutionOrchestrator.java:53)
1:24:35 PM PIT >> INFO : MINION : 	at org.junit.platform.launcher.core.EngineExecutionOrchestrator.withInterceptedStreams(EngineExecutionOrchestrator.java:67)
1:24:35 PM PIT >> INFO : MINION : 	at org.junit.platform.launcher.core.EngineExecutionOrchestrator.execute(EngineExecutionOrchestrator.java:52)
1:24:35 PM PIT >> INFO : MINION : 	at org.junit.platform.launcher.core.DefaultLauncher.execute(DefaultLauncher.java:114)
1:24:35 PM PIT >> INFO : MINION : 	at org.junit.platform.launcher.core.DefaultLauncher.execute(DefaultLauncher.java:86)
1:24:35 PM PIT >> INFO : MINION : 	at org.junit.platform.launcher.core.DefaultLauncherSession$DelegatingLauncher.execute(DefaultLauncherSession.java:86)
1:24:35 PM PIT >> INFO : MINION : 	at org.junit.platform.launcher.core.SessionPerRequestLauncher.execute(SessionPerRequestLauncher.java:53)
1:24:35 PM PIT >> INFO : MINION : 	at org.pitest.junit5.JUnit5TestUnitFinder.findTestUnits(JUnit5TestUnitFinder.java:84)
1:24:35 PM PIT >> INFO : MINION : 	at org.pitest.mutationtest.config.PrioritisingTestUnitFinder.findTestUnits(PrioritisingTestUnitFinder.java:20)
1:24:35 PM PIT >> INFO : MINION : 	at org.pitest.testapi.execute.FindTestUnits.lambda$findTestUnitsForAllSuppliedClasses$1(FindTestUnits.java:34)
1:24:35 PM PIT >> INFO : MINION : 	at java.base/java.util.stream.ReferencePipeline$7$1.accept(ReferencePipeline.java:273)
1:24:35 PM PIT >> INFO : MINION : 	at java.base/java.util.stream.DistinctOps$1$2.accept(DistinctOps.java:174)
1:24:35 PM PIT >> INFO : MINION : 	at java.base/java.util.stream.Streams$StreamBuilderImpl.forEachRemaining(Streams.java:411)
1:24:35 PM PIT >> INFO : MINION : 	at java.base/java.util.stream.Streams$ConcatSpliterator.forEachRemaining(Streams.java:734)
1:24:35 PM PIT >> INFO : MINION : 	at java.base/java.util.stream.ReferencePipeline$Head.forEach(ReferencePipeline.java:762)
1:24:35 PM PIT >> INFO : MINION : 	at java.base/java.util.stream.ReferencePipeline$7$1.accept(ReferencePipeline.java:276)
1:24:35 PM PIT >> INFO : MINION : 	at java.base/java.util.ArrayList$ArrayListSpliterator.forEachRemaining(ArrayList.java:1625)
1:24:35 PM PIT >> INFO : MINION : 	at java.base/java.util.stream.AbstractPipeline.copyInto(AbstractPipeline.java:509)
1:24:35 PM PIT >> INFO : MINION : 	at java.base/java.util.stream.AbstractPipeline.wrapAndCopyInto(AbstractPipeline.java:499)
1:24:35 PM PIT >> INFO : MINION : 	at java.base/java.util.stream.ReduceOps$ReduceOp.evaluateSequential(ReduceOps.java:921)
1:24:35 PM PIT >> INFO : MINION : 	at java.base/java.util.stream.AbstractPipeline.evaluate(AbstractPipeline.java:234)
1:24:35 PM PIT >> INFO : MINION : 	at java.base/java.util.stream.ReferencePipeline.collect(ReferencePipeline.java:682)
1:24:35 PM PIT >> INFO : MINION : 	at org.pitest.testapi.execute.FindTestUnits.findTestUnitsForAllSuppliedClasses(FindTestUnits.java:35)
1:24:35 PM PIT >> INFO : MINION : 	at org.pitest.coverage.execute.CoverageMinion.discoverTests(CoverageMinion.java:169)
1:24:35 PM PIT >> INFO : MINION : 	at org.pitest.coverage.execute.CoverageMinion.getTestsFromParent(CoverageMinion.java:154)
1:24:35 PM PIT >> INFO : MINION : 	at org.pitest.coverage.execute.CoverageMinion.main(CoverageMinion.java:82)
1:24:35 PM PIT >> INFO : MINION : 
1:24:35 PM PIT >> INFO : MINION : Jan 14, 2026 1:24:35 PM org.junit.platform.launcher.core.CompositeTestExecutionListener lambda$notifyEach$19
1:24:35 PM PIT >> INFO : MINION : WARNING: TestExecutionListener [org.junit.platform.launcher.listeners.UniqueIdTrackingListener] threw exception for method: testPlanExecutionStarted(org.junit.platform.launcher.core.InternalTestPlan@54db056b)
1:24:35 PM PIT >> INFO : MINION : java.lang.NoSuchMethodError: 'org.junit.platform.engine.ConfigurationParameters org.junit.platform.launcher.TestPlan.getConfigurationParameters()'
1:24:35 PM PIT >> INFO : MINION : 	at org.junit.platform.launcher.listeners.UniqueIdTrackingListener.testPlanExecutionStarted(UniqueIdTrackingListener.java:140)
1:24:35 PM PIT >> INFO : MINION : 	at org.junit.platform.launcher.core.CompositeTestExecutionListener.lambda$testPlanExecutionStarted$12(CompositeTestExecutionListener.java:75)
1:24:35 PM PIT >> INFO : MINION : 	at org.junit.platform.launcher.core.CompositeTestExecutionListener.lambda$notifyEach$19(CompositeTestExecutionListener.java:95)
1:24:35 PM PIT >> INFO : MINION : 	at java.base/java.util.ArrayList.forEach(ArrayList.java:1511)
1:24:35 PM PIT >> INFO : MINION : 	at org.junit.platform.launcher.core.CompositeTestExecutionListener.notifyEach(CompositeTestExecutionListener.java:93)
1:24:35 PM PIT >> INFO : MINION : 	at org.junit.platform.launcher.core.CompositeTestExecutionListener.testPlanExecutionStarted(CompositeTestExecutionListener.java:75)
1:24:35 PM PIT >> INFO : MINION : 	at org.junit.platform.launcher.core.EngineExecutionOrchestrator.lambda$execute$0(EngineExecutionOrchestrator.java:53)
1:24:35 PM PIT >> INFO : MINION : 	at org.junit.platform.launcher.core.EngineExecutionOrchestrator.withInterceptedStreams(EngineExecutionOrchestrator.java:67)
1:24:35 PM PIT >> INFO : MINION : 	at org.junit.platform.launcher.core.EngineExecutionOrchestrator.execute(EngineExecutionOrchestrator.java:52)
1:24:35 PM PIT >> INFO : MINION : 	at org.junit.platform.launcher.core.DefaultLauncher.execute(DefaultLauncher.java:114)
1:24:35 PM PIT >> INFO : MINION : 	at org.junit.platform.launcher.core.DefaultLauncher.execute(DefaultLauncher.java:86)
1:24:35 PM PIT >> INFO : MINION : 	at org.junit.platform.launcher.core.DefaultLauncherSession$DelegatingLauncher.execute(DefaultLauncherSession.java:86)
1:24:35 PM PIT >> INFO : MINION : 	at org.junit.platform.launcher.core.SessionPerRequestLauncher.execute(SessionPerRequestLauncher.java:53)
1:24:35 PM PIT >> INFO : MINION : 	at org.pitest.junit5.JUnit5TestUnitFinder.findTestUnits(JUnit5TestUnitFinder.java:84)
1:24:35 PM PIT >> INFO : MINION : 	at org.pitest.mutationtest.config.PrioritisingTestUnitFinder.findTestUnits(PrioritisingTestUnitFinder.java:20)
1:24:35 PM PIT >> INFO : MINION : 	at org.pitest.testapi.execute.FindTestUnits.lambda$findTestUnitsForAllSuppliedClasses$1(FindTestUnits.java:34)
1:24:35 PM PIT >> INFO : MINION : 	at java.base/java.util.stream.ReferencePipeline$7$1.accept(ReferencePipeline.java:273)
1:24:35 PM PIT >> INFO : MINION : 	at java.base/java.util.stream.DistinctOps$1$2.accept(DistinctOps.java:174)
1:24:35 PM PIT >> INFO : MINION : 	at java.base/java.util.stream.Streams$StreamBuilderImpl.forEachRemaining(Streams.java:411)
1:24:35 PM PIT >> INFO : MINION : 	at java.base/java.util.stream.Streams$ConcatSpliterator.forEachRemaining(Streams.java:734)
1:24:35 PM PIT >> INFO : MINION : 	at java.base/java.util.stream.ReferencePipeline$Head.forEach(ReferencePipeline.java:762)
1:24:35 PM PIT >> INFO : MINION : 	at java.base/java.util.stream.ReferencePipeline$7$1.accept(ReferencePipeline.java:276)
1:24:35 PM PIT >> INFO : MINION : 	at java.base/java.util.ArrayList$ArrayListSpliterator.forEachRemaining(ArrayList.java:1625)
1:24:35 PM PIT >> INFO : MINION : 	at java.base/java.util.stream.AbstractPipeline.copyInto(AbstractPipeline.java:509)
1:24:35 PM PIT >> INFO : MINION : 	at java.base/java.util.stream.AbstractPipeline.wrapAndCopyInto(AbstractPipeline.java:499)
1:24:35 PM PIT >> INFO : MINION : 	at java.base/java.util.stream.ReduceOps$ReduceOp.evaluateSequential(ReduceOps.java:921)
1:24:35 PM PIT >> INFO : MINION : 	at java.base/java.util.stream.AbstractPipeline.evaluate(AbstractPipeline.java:234)
1:24:35 PM PIT >> INFO : MINION : 	at java.base/java.util.stream.ReferencePipeline.collect(ReferencePipeline.java:682)
1:24:35 PM PIT >> INFO : MINION : 	at org.pitest.testapi.execute.FindTestUnits.findTestUnitsForAllSuppliedClasses(FindTestUnits.java:35)
1:24:35 PM PIT >> INFO : MINION : 	at org.pitest.coverage.execute.CoverageMinion.discoverTests(CoverageMinion.java:169)
1:24:35 PM PIT >> INFO : MINION : 	at org.pitest.coverage.execute.CoverageMinion.getTestsFromParent(CoverageMinion.java:154)
1:24:35 PM PIT >> INFO : MINION : 	at org.pitest.coverage.execute.CoverageMinion.main(CoverageMinion.java:82)
1:24:35 PM PIT >> INFO : MINION : 
1:24:35 PM PIT >> INFO : MINION : Jan 14, 2026 1:24:35 PM org.junit.platform.launcher.core.CompositeTestExecutionListener lambda$notifyEach$19
1:24:35 PM PIT >> INFO : MINION : WARNING: TestExecutionListener [org.junit.platform.launcher.listeners.UniqueIdTrackingListener] threw exception for method: testPlanExecutionStarted(org.junit.platform.launcher.core.InternalTestPlan@1a6dc589)
1:24:35 PM PIT >> INFO : MINION : java.lang.NoSuchMethodError: 'org.junit.platform.engine.ConfigurationParameters org.junit.platform.launcher.TestPlan.getConfigurationParameters()'
1:24:35 PM PIT >> INFO : MINION : 	at org.junit.platform.launcher.listeners.UniqueIdTrackingListener.testPlanExecutionStarted(UniqueIdTrackingListener.java:140)
1:24:35 PM PIT >> INFO : MINION : 	at org.junit.platform.launcher.core.CompositeTestExecutionListener.lambda$testPlanExecutionStarted$12(CompositeTestExecutionListener.java:75)
1:24:35 PM PIT >> INFO : MINION : 	at org.junit.platform.launcher.core.CompositeTestExecutionListener.lambda$notifyEach$19(CompositeTestExecutionListener.java:95)
1:24:35 PM PIT >> INFO : MINION : 	at java.base/java.util.ArrayList.forEach(ArrayList.java:1511)
1:24:35 PM PIT >> INFO : MINION : 	at org.junit.platform.launcher.core.CompositeTestExecutionListener.notifyEach(CompositeTestExecutionListener.java:93)
1:24:35 PM PIT >> INFO : MINION : 	at org.junit.platform.launcher.core.CompositeTestExecutionListener.testPlanExecutionStarted(CompositeTestExecutionListener.java:75)
1:24:35 PM PIT >> INFO : MINION : 	at org.junit.platform.launcher.core.EngineExecutionOrchestrator.lambda$execute$0(EngineExecutionOrchestrator.java:53)
1:24:35 PM PIT >> INFO : MINION : 	at org.junit.platform.launcher.core.EngineExecutionOrchestrator.withInterceptedStreams(EngineExecutionOrchestrator.java:67)
1:24:35 PM PIT >> INFO : MINION : 	at org.junit.platform.launcher.core.EngineExecutionOrchestrator.execute(EngineExecutionOrchestrator.java:52)
1:24:35 PM PIT >> INFO : MINION : 	at org.junit.platform.launcher.core.DefaultLauncher.execute(DefaultLauncher.java:114)
1:24:35 PM PIT >> INFO : MINION : 	at org.junit.platform.launcher.core.DefaultLauncher.execute(DefaultLauncher.java:86)
1:24:35 PM PIT >> INFO : MINION : 	at org.junit.platform.launcher.core.DefaultLauncherSession$DelegatingLauncher.execute(DefaultLauncherSession.java:86)
1:24:35 PM PIT >> INFO : MINION : 	at org.junit.platform.launcher.core.SessionPerRequestLauncher.execute(SessionPerRequestLauncher.java:53)
1:24:35 PM PIT >> INFO : MINION : 	at org.pitest.junit5.JUnit5TestUnitFinder.findTestUnits(JUnit5TestUnitFinder.java:84)
1:24:35 PM PIT >> INFO : MINION : 	at org.pitest.mutationtest.config.PrioritisingTestUnitFinder.findTestUnits(PrioritisingTestUnitFinder.java:20)
1:24:35 PM PIT >> INFO : MINION : 	at org.pitest.testapi.execute.FindTestUnits.lambda$findTestUnitsForAllSuppliedClasses$1(FindTestUnits.java:34)
1:24:35 PM PIT >> INFO : MINION : 	at java.base/java.util.stream.ReferencePipeline$7$1.accept(ReferencePipeline.java:273)
1:24:35 PM PIT >> INFO : MINION : 	at java.base/java.util.stream.DistinctOps$1$2.accept(DistinctOps.java:174)
1:24:35 PM PIT >> INFO : MINION : 	at java.base/java.util.stream.Streams$StreamBuilderImpl.forEachRemaining(Streams.java:411)
1:24:35 PM PIT >> INFO : MINION : 	at java.base/java.util.stream.Streams$ConcatSpliterator.forEachRemaining(Streams.java:734)
1:24:35 PM PIT >> INFO : MINION : 	at java.base/java.util.stream.ReferencePipeline$Head.forEach(ReferencePipeline.java:762)
1:24:35 PM PIT >> INFO : MINION : 	at java.base/java.util.stream.ReferencePipeline$7$1.accept(ReferencePipeline.java:276)
1:24:35 PM PIT >> INFO : MINION : 	at java.base/java.util.ArrayList$ArrayListSpliterator.forEachRemaining(ArrayList.java:1625)
1:24:35 PM PIT >> INFO : MINION : 	at java.base/java.util.stream.AbstractPipeline.copyInto(AbstractPipeline.java:509)
1:24:35 PM PIT >> INFO : MINION : 	at java.base/java.util.stream.AbstractPipeline.wrapAndCopyInto(AbstractPipeline.java:499)
1:24:35 PM PIT >> INFO : MINION : 	at java.base/java.util.stream.ReduceOps$ReduceOp.evaluateSequential(ReduceOps.java:921)
1:24:35 PM PIT >> INFO : MINION : 	at java.base/java.util.stream.AbstractPipeline.evaluate(AbstractPipeline.java:234)
1:24:35 PM PIT >> INFO : MINION : 	at java.base/java.util.stream.ReferencePipeline.collect(ReferencePipeline.java:682)
1:24:35 PM PIT >> INFO : MINION : 	at org.pitest.testapi.execute.FindTestUnits.findTestUnitsForAllSuppliedClasses(FindTestUnits.java:35)
1:24:35 PM PIT >> INFO : MINION : 	at org.pitest.coverage.execute.CoverageMinion.discoverTests(CoverageMinion.java:169)
1:24:35 PM PIT >> INFO : MINION : 	at org.pitest.coverage.execute.CoverageMinion.getTestsFromParent(CoverageMinion.java:154)
1:24:35 PM PIT >> INFO : MINION : 	at org.pitest.coverage.execute.CoverageMinion.main(CoverageMinion.java:82)
1:24:35 PM PIT >> INFO : MINION : 
1:24:35 PM PIT >> INFO : MINION : Jan 14, 2026 1:24:35 PM org.junit.platform.launcher.core.CompositeTestExecutionListener lambda$notifyEach$19
1:24:35 PM PIT >> INFO : MINION : WARNING: TestExecutionListener [org.junit.platform.launcher.listeners.UniqueIdTrackingListener] threw exception for method: testPlanExecutionStarted(org.junit.platform.launcher.core.InternalTestPlan@17461db)
1:24:35 PM PIT >> INFO : MINION : java.lang.NoSuchMethodError: 'org.junit.platform.engine.ConfigurationParameters org.junit.platform.launcher.TestPlan.getConfigurationParameters()'
1:24:35 PM PIT >> INFO : MINION : 	at org.junit.platform.launcher.listeners.UniqueIdTrackingListener.testPlanExecutionStarted(UniqueIdTrackingListener.java:140)
1:24:35 PM PIT >> INFO : MINION : 	at org.junit.platform.launcher.core.CompositeTestExecutionListener.lambda$testPlanExecutionStarted$12(CompositeTestExecutionListener.java:75)
1:24:35 PM PIT >> INFO : MINION : 	at org.junit.platform.launcher.core.CompositeTestExecutionListener.lambda$notifyEach$19(CompositeTestExecutionListener.java:95)
1:24:35 PM PIT >> INFO : MINION : 	at java.base/java.util.ArrayList.forEach(ArrayList.java:1511)
1:24:35 PM PIT >> INFO : MINION : 	at org.junit.platform.launcher.core.CompositeTestExecutionListener.notifyEach(CompositeTestExecutionListener.java:93)
1:24:35 PM PIT >> INFO : MINION : 	at org.junit.platform.launcher.core.CompositeTestExecutionListener.testPlanExecutionStarted(CompositeTestExecutionListener.java:75)
1:24:35 PM PIT >> INFO : MINION : 	at org.junit.platform.launcher.core.EngineExecutionOrchestrator.lambda$execute$0(EngineExecutionOrchestrator.java:53)
1:24:35 PM PIT >> INFO : MINION : 	at org.junit.platform.launcher.core.EngineExecutionOrchestrator.withInterceptedStreams(EngineExecutionOrchestrator.java:67)
1:24:35 PM PIT >> INFO : MINION : 	at org.junit.platform.launcher.core.EngineExecutionOrchestrator.execute(EngineExecutionOrchestrator.java:52)
1:24:35 PM PIT >> INFO : MINION : 	at org.junit.platform.launcher.core.DefaultLauncher.execute(DefaultLauncher.java:114)
1:24:35 PM PIT >> INFO : MINION : 	at org.junit.platform.launcher.core.DefaultLauncher.execute(DefaultLauncher.java:86)
1:24:35 PM PIT >> INFO : MINION : 	at org.junit.platform.launcher.core.DefaultLauncherSession$DelegatingLauncher.execute(DefaultLauncherSession.java:86)
1:24:35 PM PIT >> INFO : MINION : 	at org.junit.platform.launcher.core.SessionPerRequestLauncher.execute(SessionPerRequestLauncher.java:53)
1:24:35 PM PIT >> INFO : MINION : 	at org.pitest.junit5.JUnit5TestUnitFinder.findTestUnits(JUnit5TestUnitFinder.java:84)
1:24:35 PM PIT >> INFO : MINION : 	at org.pitest.mutationtest.config.PrioritisingTestUnitFinder.findTestUnits(PrioritisingTestUnitFinder.java:20)
1:24:35 PM PIT >> INFO : MINION : 	at org.pitest.testapi.execute.FindTestUnits.lambda$findTestUnitsForAllSuppliedClasses$1(FindTestUnits.java:34)
1:24:35 PM PIT >> INFO : MINION : 	at java.base/java.util.stream.ReferencePipeline$7$1.accept(ReferencePipeline.java:273)
1:24:35 PM PIT >> INFO : MINION : 	at java.base/java.util.stream.DistinctOps$1$2.accept(DistinctOps.java:174)
1:24:35 PM PIT >> INFO : MINION : 	at java.base/java.util.stream.Streams$StreamBuilderImpl.forEachRemaining(Streams.java:411)
1:24:35 PM PIT >> INFO : MINION : 	at java.base/java.util.stream.Streams$ConcatSpliterator.forEachRemaining(Streams.java:734)
1:24:35 PM PIT >> INFO : MINION : 	at java.base/java.util.stream.ReferencePipeline$Head.forEach(ReferencePipeline.java:762)
1:24:35 PM PIT >> INFO : MINION : 	at java.base/java.util.stream.ReferencePipeline$7$1.accept(ReferencePipeline.java:276)
1:24:35 PM PIT >> INFO : MINION : 	at java.base/java.util.ArrayList$ArrayListSpliterator.forEachRemaining(ArrayList.java:1625)
1:24:35 PM PIT >> INFO : MINION : 	at java.base/java.util.stream.AbstractPipeline.copyInto(AbstractPipeline.java:509)
1:24:35 PM PIT >> INFO : MINION : 	at java.base/java.util.stream.AbstractPipeline.wrapAndCopyInto(AbstractPipeline.java:499)
1:24:35 PM PIT >> INFO : MINION : 	at java.base/java.util.stream.ReduceOps$ReduceOp.evaluateSequential(ReduceOps.java:921)
1:24:35 PM PIT >> INFO : MINION : 	at java.base/java.util.stream.AbstractPipeline.evaluate(AbstractPipeline.java:234)
1:24:35 PM PIT >> INFO : MINION : 	at java.base/java.util.stream.ReferencePipeline.collect(ReferencePipeline.java:682)
1:24:35 PM PIT >> INFO : MINION : 	at org.pitest.testapi.execute.FindTestUnits.findTestUnitsForAllSuppliedClasses(FindTestUnits.java:35)
1:24:35 PM PIT >> INFO : MINION : 	at org.pitest.coverage.execute.CoverageMinion.discoverTests(CoverageMinion.java:169)
1:24:35 PM PIT >> INFO : MINION : 	at org.pitest.coverage.execute.CoverageMinion.getTestsFromParent(CoverageMinion.java:154)
1:24:35 PM PIT >> INFO : MINION : 	at org.pitest.coverage.execute.CoverageMinion.main(CoverageMinion.java:82)
1:24:35 PM PIT >> INFO : MINION : 
1:24:35 PM PIT >> INFO : MINION : Jan 14, 2026 1:24:35 PM org.junit.platform.launcher.core.CompositeTestExecutionListener lambda$notifyEach$19
1:24:35 PM PIT >> INFO : MINION : WARNING: TestExecutionListener [org.junit.platform.launcher.listeners.UniqueIdTrackingListener] threw exception for method: testPlanExecutionStarted(org.junit.platform.launcher.core.InternalTestPlan@650ae78c)
1:24:35 PM PIT >> INFO : MINION : java.lang.NoSuchMethodError: 'org.junit.platform.engine.ConfigurationParameters org.junit.platform.launcher.TestPlan.getConfigurationParameters()'
1:24:35 PM PIT >> INFO : MINION : 	at org.junit.platform.launcher.listeners.UniqueIdTrackingListener.testPlanExecutionStarted(UniqueIdTrackingListener.java:140)
1:24:35 PM PIT >> INFO : MINION : 	at org.junit.platform.launcher.core.CompositeTestExecutionListener.lambda$testPlanExecutionStarted$12(CompositeTestExecutionListener.java:75)
1:24:35 PM PIT >> INFO : MINION : 	at org.junit.platform.launcher.core.CompositeTestExecutionListener.lambda$notifyEach$19(CompositeTestExecutionListener.java:95)
1:24:35 PM PIT >> INFO : MINION : 	at java.base/java.util.ArrayList.forEach(ArrayList.java:1511)
1:24:35 PM PIT >> INFO : MINION : 	at org.junit.platform.launcher.core.CompositeTestExecutionListener.notifyEach(CompositeTestExecutionListener.java:93)
1:24:35 PM PIT >> INFO : MINION : 	at org.junit.platform.launcher.core.CompositeTestExecutionListener.testPlanExecutionStarted(CompositeTestExecutionListener.java:75)
1:24:35 PM PIT >> INFO : MINION : 	at org.junit.platform.launcher.core.EngineExecutionOrchestrator.lambda$execute$0(EngineExecutionOrchestrator.java:53)
1:24:35 PM PIT >> INFO : MINION : 	at org.junit.platform.launcher.core.EngineExecutionOrchestrator.withInterceptedStreams(EngineExecutionOrchestrator.java:67)
1:24:35 PM PIT >> INFO : MINION : 	at org.junit.platform.launcher.core.EngineExecutionOrchestrator.execute(EngineExecutionOrchestrator.java:52)
1:24:35 PM PIT >> INFO : MINION : 	at org.junit.platform.launcher.core.DefaultLauncher.execute(DefaultLauncher.java:114)
1:24:35 PM PIT >> INFO : MINION : 	at org.junit.platform.launcher.core.DefaultLauncher.execute(DefaultLauncher.java:86)
1:24:35 PM PIT >> INFO : MINION : 	at org.junit.platform.launcher.core.DefaultLauncherSession$DelegatingLauncher.execute(DefaultLauncherSession.java:86)
1:24:35 PM PIT >> INFO : MINION : 	at org.junit.platform.launcher.core.SessionPerRequestLauncher.execute(SessionPerRequestLauncher.java:53)
1:24:35 PM PIT >> INFO : MINION : 	at org.pitest.junit5.JUnit5TestUnitFinder.findTestUnits(JUnit5TestUnitFinder.java:84)
1:24:35 PM PIT >> INFO : MINION : 	at org.pitest.mutationtest.config.PrioritisingTestUnitFinder.findTestUnits(PrioritisingTestUnitFinder.java:20)
1:24:35 PM PIT >> INFO : MINION : 	at org.pitest.testapi.execute.FindTestUnits.lambda$findTestUnitsForAllSuppliedClasses$1(FindTestUnits.java:34)
1:24:35 PM PIT >> INFO : MINION : 	at java.base/java.util.stream.ReferencePipeline$7$1.accept(ReferencePipeline.java:273)
1:24:35 PM PIT >> INFO : MINION : 	at java.base/java.util.stream.DistinctOps$1$2.accept(DistinctOps.java:174)
1:24:35 PM PIT >> INFO : MINION : 	at java.base/java.util.stream.Streams$StreamBuilderImpl.forEachRemaining(Streams.java:411)
1:24:35 PM PIT >> INFO : MINION : 	at java.base/java.util.stream.Streams$ConcatSpliterator.forEachRemaining(Streams.java:734)
1:24:35 PM PIT >> INFO : MINION : 	at java.base/java.util.stream.ReferencePipeline$Head.forEach(ReferencePipeline.java:762)
1:24:35 PM PIT >> INFO : MINION : 	at java.base/java.util.stream.ReferencePipeline$7$1.accept(ReferencePipeline.java:276)
1:24:35 PM PIT >> INFO : MINION : 	at java.base/java.util.ArrayList$ArrayListSpliterator.forEachRemaining(ArrayList.java:1625)
1:24:35 PM PIT >> INFO : MINION : 	at java.base/java.util.stream.AbstractPipeline.copyInto(AbstractPipeline.java:509)
1:24:35 PM PIT >> INFO : MINION : 	at java.base/java.util.stream.AbstractPipeline.wrapAndCopyInto(AbstractPipeline.java:499)
1:24:35 PM PIT >> INFO : MINION : 	at java.base/java.util.stream.ReduceOps$ReduceOp.evaluateSequential(ReduceOps.java:921)
1:24:35 PM PIT >> INFO : MINION : 	at java.base/java.util.stream.AbstractPipeline.evaluate(AbstractPipeline.java:234)
1:24:35 PM PIT >> INFO : MINION : 	at java.base/java.util.stream.ReferencePipeline.collect(ReferencePipeline.java:682)
1:24:35 PM PIT >> INFO : MINION : 	at org.pitest.testapi.execute.FindTestUnits.findTestUnitsForAllSuppliedClasses(FindTestUnits.java:35)
1:24:35 PM PIT >> INFO : MINION : 	at org.pitest.coverage.execute.CoverageMinion.discoverTests(CoverageMinion.java:169)
1:24:35 PM PIT >> INFO : MINION : 	at org.pitest.coverage.execute.CoverageMinion.getTestsFromParent(CoverageMinion.java:154)
1:24:35 PM PIT >> INFO : MINION : 	at org.pitest.coverage.execute.CoverageMinion.main(CoverageMinion.java:82)
1:24:35 PM PIT >> INFO : MINION : 
1:24:35 PM PIT >> INFO : MINION : Jan 14, 2026 1:24:35 PM org.junit.platform.launcher.core.CompositeTestExecutionListener lambda$notifyEach$19
1:24:35 PM PIT >> INFO : MINION : WARNING: TestExecutionListener [org.junit.platform.launcher.listeners.UniqueIdTrackingListener] threw exception for method: testPlanExecutionStarted(org.junit.platform.launcher.core.InternalTestPlan@404db674)
1:24:35 PM PIT >> INFO : MINION : java.lang.NoSuchMethodError: 'org.junit.platform.engine.ConfigurationParameters org.junit.platform.launcher.TestPlan.getConfigurationParameters()'
1:24:35 PM PIT >> INFO : MINION : 	at org.junit.platform.launcher.listeners.UniqueIdTrackingListener.testPlanExecutionStarted(UniqueIdTrackingListener.java:140)
1:24:35 PM PIT >> INFO : MINION : 	at org.junit.platform.launcher.core.CompositeTestExecutionListener.lambda$testPlanExecutionStarted$12(CompositeTestExecutionListener.java:75)
1:24:35 PM PIT >> INFO : MINION : 	at org.junit.platform.launcher.core.CompositeTestExecutionListener.lambda$notifyEach$19(CompositeTestExecutionListener.java:95)
1:24:35 PM PIT >> INFO : MINION : 	at java.base/java.util.ArrayList.forEach(ArrayList.java:1511)
1:24:35 PM PIT >> INFO : MINION : 	at org.junit.platform.launcher.core.CompositeTestExecutionListener.notifyEach(CompositeTestExecutionListener.java:93)
1:24:35 PM PIT >> INFO : MINION : 	at org.junit.platform.launcher.core.CompositeTestExecutionListener.testPlanExecutionStarted(CompositeTestExecutionListener.java:75)
1:24:35 PM PIT >> INFO : MINION : 	at org.junit.platform.launcher.core.EngineExecutionOrchestrator.lambda$execute$0(EngineExecutionOrchestrator.java:53)
1:24:35 PM PIT >> INFO : MINION : 	at org.junit.platform.launcher.core.EngineExecutionOrchestrator.withInterceptedStreams(EngineExecutionOrchestrator.java:67)
1:24:35 PM PIT >> INFO : MINION : 	at org.junit.platform.launcher.core.EngineExecutionOrchestrator.execute(EngineExecutionOrchestrator.java:52)
1:24:35 PM PIT >> INFO : MINION : 	at org.junit.platform.launcher.core.DefaultLauncher.execute(DefaultLauncher.java:114)
1:24:35 PM PIT >> INFO : MINION : 	at org.junit.platform.launcher.core.DefaultLauncher.execute(DefaultLauncher.java:86)
1:24:35 PM PIT >> INFO : MINION : 	at org.junit.platform.launcher.core.DefaultLauncherSession$DelegatingLauncher.execute(DefaultLauncherSession.java:86)
1:24:35 PM PIT >> INFO : MINION : 	at org.junit.platform.launcher.core.SessionPerRequestLauncher.execute(SessionPerRequestLauncher.java:53)
1:24:35 PM PIT >> INFO : MINION : 	at org.pitest.junit5.JUnit5TestUnitFinder.findTestUnits(JUnit5TestUnitFinder.java:84)
1:24:35 PM PIT >> INFO : MINION : 	at org.pitest.mutationtest.config.PrioritisingTestUnitFinder.findTestUnits(PrioritisingTestUnitFinder.java:20)
1:24:35 PM PIT >> INFO : MINION : 	at org.pitest.testapi.execute.FindTestUnits.lambda$findTestUnitsForAllSuppliedClasses$1(FindTestUnits.java:34)
1:24:35 PM PIT >> INFO : MINION : 	at java.base/java.util.stream.ReferencePipeline$7$1.accept(ReferencePipeline.java:273)
1:24:35 PM PIT >> INFO : MINION : 	at java.base/java.util.stream.DistinctOps$1$2.accept(DistinctOps.java:174)
1:24:35 PM PIT >> INFO : MINION : 	at java.base/java.util.stream.Streams$StreamBuilderImpl.forEachRemaining(Streams.java:411)
1:24:35 PM PIT >> INFO : MINION : 	at java.base/java.util.stream.Streams$ConcatSpliterator.forEachRemaining(Streams.java:734)
1:24:35 PM PIT >> INFO : MINION : 	at java.base/java.util.stream.ReferencePipeline$Head.forEach(ReferencePipeline.java:762)
1:24:35 PM PIT >> INFO : MINION : 	at java.base/java.util.stream.ReferencePipeline$7$1.accept(ReferencePipeline.java:276)
1:24:35 PM PIT >> INFO : MINION : 	at java.base/java.util.ArrayList$ArrayListSpliterator.forEachRemaining(ArrayList.java:1625)
1:24:35 PM PIT >> INFO : MINION : 	at java.base/java.util.stream.AbstractPipeline.copyInto(AbstractPipeline.java:509)
1:24:35 PM PIT >> INFO : MINION : 	at java.base/java.util.stream.AbstractPipeline.wrapAndCopyInto(AbstractPipeline.java:499)
1:24:35 PM PIT >> INFO : MINION : 	at java.base/java.util.stream.ReduceOps$ReduceOp.evaluateSequential(ReduceOps.java:921)
1:24:35 PM PIT >> INFO : MINION : 	at java.base/java.util.stream.AbstractPipeline.evaluate(AbstractPipeline.java:234)
1:24:35 PM PIT >> INFO : MINION : 	at java.base/java.util.stream.ReferencePipeline.collect(ReferencePipeline.java:682)
1:24:35 PM PIT >> INFO : MINION : 	at org.pitest.testapi.execute.FindTestUnits.findTestUnitsForAllSuppliedClasses(FindTestUnits.java:35)
1:24:35 PM PIT >> INFO : MINION : 	at org.pitest.coverage.execute.CoverageMinion.discoverTests(CoverageMinion.java:169)
1:24:35 PM PIT >> INFO : MINION : 	at org.pitest.coverage.execute.CoverageMinion.getTestsFromParent(CoverageMinion.java:154)
1:24:35 PM PIT >> INFO : MINION : 	at org.pitest.coverage.execute.CoverageMinion.main(CoverageMinion.java:82)
1:24:35 PM PIT >> INFO : MINION : 
/-\|/-1:24:35 PM PIT >> INFO : MINION : Jan 14, 2026 1:24:35 PM org.junit.platform.launcher.core.CompositeTestExecutionListener lambda$notifyEach$19
1:24:35 PM PIT >> INFO : MINION : WARNING: TestExecutionListener [org.junit.platform.launcher.listeners.UniqueIdTrackingListener] threw exception for method: testPlanExecutionStarted(org.junit.platform.launcher.core.InternalTestPlan@3ac3f6f)
1:24:35 PM PIT >> INFO : MINION : java.lang.NoSuchMethodError: 'org.junit.platform.engine.ConfigurationParameters org.junit.platform.launcher.TestPlan.getConfigurationParameters()'
1:24:35 PM PIT >> INFO : MINION : 	at org.junit.platform.launcher.listeners.UniqueIdTrackingListener.testPlanExecutionStarted(UniqueIdTrackingListener.java:140)
1:24:35 PM PIT >> INFO : MINION : 	at org.junit.platform.launcher.core.CompositeTestExecutionListener.lambda$testPlanExecutionStarted$12(CompositeTestExecutionListener.java:75)
1:24:35 PM PIT >> INFO : MINION : 	at org.junit.platform.launcher.core.CompositeTestExecutionListener.lambda$notifyEach$19(CompositeTestExecutionListener.java:95)
1:24:35 PM PIT >> INFO : MINION : 	at java.base/java.util.ArrayList.forEach(ArrayList.java:1511)
1:24:35 PM PIT >> INFO : MINION : 	at org.junit.platform.launcher.core.CompositeTestExecutionListener.notifyEach(CompositeTestExecutionListener.java:93)
1:24:35 PM PIT >> INFO : MINION : 	at org.junit.platform.launcher.core.CompositeTestExecutionListener.testPlanExecutionStarted(CompositeTestExecutionListener.java:75)
1:24:35 PM PIT >> INFO : MINION : 	at org.junit.platform.launcher.core.EngineExecutionOrchestrator.lambda$execute$0(EngineExecutionOrchestrator.java:53)
1:24:35 PM PIT >> INFO : MINION : 	at org.junit.platform.launcher.core.EngineExecutionOrchestrator.withInterceptedStreams(EngineExecutionOrchestrator.java:67)
1:24:35 PM PIT >> INFO : MINION : 	at org.junit.platform.launcher.core.EngineExecutionOrchestrator.execute(EngineExecutionOrchestrator.java:52)
1:24:35 PM PIT >> INFO : MINION : 	at org.junit.platform.launcher.core.DefaultLauncher.execute(DefaultLauncher.java:114)
1:24:35 PM PIT >> INFO : MINION : 	at org.junit.platform.launcher.core.DefaultLauncher.execute(DefaultLauncher.java:86)
1:24:35 PM PIT >> INFO : MINION : 	at org.junit.platform.launcher.core.DefaultLauncherSession$DelegatingLauncher.execute(DefaultLauncherSession.java:86)
1:24:35 PM PIT >> INFO : MINION : 	at org.junit.platform.launcher.core.SessionPerRequestLauncher.execute(SessionPerRequestLauncher.java:53)
1:24:35 PM PIT >> INFO : MINION : 	at org.pitest.junit5.JUnit5TestUnitFinder.findTestUnits(JUnit5TestUnitFinder.java:84)
1:24:35 PM PIT >> INFO : MINION : 	at org.pitest.mutationtest.config.PrioritisingTestUnitFinder.findTestUnits(PrioritisingTestUnitFinder.java:20)
1:24:35 PM PIT >> INFO : MINION : 	at org.pitest.testapi.execute.FindTestUnits.lambda$findTestUnitsForAllSuppliedClasses$1(FindTestUnits.java:34)
1:24:35 PM PIT >> INFO : MINION : 	at java.base/java.util.stream.ReferencePipeline$7$1.accept(ReferencePipeline.java:273)
1:24:35 PM PIT >> INFO : MINION : 	at java.base/java.util.stream.DistinctOps$1$2.accept(DistinctOps.java:174)
1:24:35 PM PIT >> INFO : MINION : 	at java.base/java.util.stream.Streams$StreamBuilderImpl.forEachRemaining(Streams.java:411)
1:24:35 PM PIT >> INFO : MINION : 	at java.base/java.util.stream.Streams$ConcatSpliterator.forEachRemaining(Streams.java:734)
1:24:35 PM PIT >> INFO : MINION : 	at java.base/java.util.stream.ReferencePipeline$Head.forEach(ReferencePipeline.java:762)
1:24:35 PM PIT >> INFO : MINION : 	at java.base/java.util.stream.ReferencePipeline$7$1.accept(ReferencePipeline.java:276)
1:24:35 PM PIT >> INFO : MINION : 	at java.base/java.util.ArrayList$ArrayListSpliterator.forEachRemaining(ArrayList.java:1625)
1:24:35 PM PIT >> INFO : MINION : 	at java.base/java.util.stream.AbstractPipeline.copyInto(AbstractPipeline.java:509)
1:24:35 PM PIT >> INFO : MINION : 	at java.base/java.util.stream.AbstractPipeline.wrapAndCopyInto(AbstractPipeline.java:499)
1:24:35 PM PIT >> INFO : MINION : 	at java.base/java.util.stream.ReduceOps$ReduceOp.evaluateSequential(ReduceOps.java:921)
1:24:35 PM PIT >> INFO : MINION : 	at java.base/java.util.stream.AbstractPipeline.evaluate(AbstractPipeline.java:234)
1:24:35 PM PIT >> INFO : MINION : 	at java.base/java.util.stream.ReferencePipeline.collect(ReferencePipeline.java:682)
1:24:35 PM PIT >> INFO : MINION : 	at org.pitest.testapi.execute.FindTestUnits.findTestUnitsForAllSuppliedClasses(FindTestUnits.java:35)
1:24:35 PM PIT >> INFO : MINION : 	at org.pitest.coverage.execute.CoverageMinion.discoverTests(CoverageMinion.java:169)
1:24:35 PM PIT >> INFO : MINION : 	at org.pitest.coverage.execute.CoverageMinion.getTestsFromParent(CoverageMinion.java:154)
1:24:35 PM PIT >> INFO : MINION : 	at org.pitest.coverage.execute.CoverageMinion.main(CoverageMinion.java:82)
1:24:35 PM PIT >> INFO : MINION : 
1:24:35 PM PIT >> INFO : MINION : Jan 14, 2026 1:24:35 PM org.junit.platform.launcher.core.CompositeTestExecutionListener lambda$notifyEach$19
1:24:35 PM PIT >> INFO : MINION : WARNING: TestExecutionListener [org.junit.platform.launcher.listeners.UniqueIdTrackingListener] threw exception for method: testPlanExecutionStarted(org.junit.platform.launcher.core.InternalTestPlan@a22c4d8)
1:24:35 PM PIT >> INFO : MINION : java.lang.NoSuchMethodError: 'org.junit.platform.engine.ConfigurationParameters org.junit.platform.launcher.TestPlan.getConfigurationParameters()'
1:24:35 PM PIT >> INFO : MINION : 	at org.junit.platform.launcher.listeners.UniqueIdTrackingListener.testPlanExecutionStarted(UniqueIdTrackingListener.java:140)
1:24:35 PM PIT >> INFO : MINION : 	at org.junit.platform.launcher.core.CompositeTestExecutionListener.lambda$testPlanExecutionStarted$12(CompositeTestExecutionListener.java:75)
1:24:35 PM PIT >> INFO : MINION : 	at org.junit.platform.launcher.core.CompositeTestExecutionListener.lambda$notifyEach$19(CompositeTestExecutionListener.java:95)
1:24:35 PM PIT >> INFO : MINION : 	at java.base/java.util.ArrayList.forEach(ArrayList.java:1511)
1:24:35 PM PIT >> INFO : MINION : 	at org.junit.platform.launcher.core.CompositeTestExecutionListener.notifyEach(CompositeTestExecutionListener.java:93)
1:24:35 PM PIT >> INFO : MINION : 	at org.junit.platform.launcher.core.CompositeTestExecutionListener.testPlanExecutionStarted(CompositeTestExecutionListener.java:75)
1:24:35 PM PIT >> INFO : MINION : 	at org.junit.platform.launcher.core.EngineExecutionOrchestrator.lambda$execute$0(EngineExecutionOrchestrator.java:53)
1:24:35 PM PIT >> INFO : MINION : 	at org.junit.platform.launcher.core.EngineExecutionOrchestrator.withInterceptedStreams(EngineExecutionOrchestrator.java:67)
1:24:35 PM PIT >> INFO : MINION : 	at org.junit.platform.launcher.core.EngineExecutionOrchestrator.execute(EngineExecutionOrchestrator.java:52)
1:24:35 PM PIT >> INFO : MINION : 	at org.junit.platform.launcher.core.DefaultLauncher.execute(DefaultLauncher.java:114)
1:24:35 PM PIT >> INFO : MINION : 	at org.junit.platform.launcher.core.DefaultLauncher.execute(DefaultLauncher.java:86)
1:24:35 PM PIT >> INFO : MINION : 	at org.junit.platform.launcher.core.DefaultLauncherSession$DelegatingLauncher.execute(DefaultLauncherSession.java:86)
1:24:35 PM PIT >> INFO : MINION : 	at org.junit.platform.launcher.core.SessionPerRequestLauncher.execute(SessionPerRequestLauncher.java:53)
1:24:35 PM PIT >> INFO : MINION : 	at org.pitest.junit5.JUnit5TestUnitFinder.findTestUnits(JUnit5TestUnitFinder.java:84)
1:24:35 PM PIT >> INFO : MINION : 	at org.pitest.mutationtest.config.PrioritisingTestUnitFinder.findTestUnits(PrioritisingTestUnitFinder.java:20)
1:24:35 PM PIT >> INFO : MINION : 	at org.pitest.testapi.execute.FindTestUnits.lambda$findTestUnitsForAllSuppliedClasses$1(FindTestUnits.java:34)
1:24:35 PM PIT >> INFO : MINION : 	at java.base/java.util.stream.ReferencePipeline$7$1.accept(ReferencePipeline.java:273)
1:24:35 PM PIT >> INFO : MINION : 	at java.base/java.util.stream.DistinctOps$1$2.accept(DistinctOps.java:174)
1:24:35 PM PIT >> INFO : MINION : 	at java.base/java.util.stream.Streams$StreamBuilderImpl.forEachRemaining(Streams.java:411)
1:24:35 PM PIT >> INFO : MINION : 	at java.base/java.util.stream.Streams$ConcatSpliterator.forEachRemaining(Streams.java:734)
1:24:35 PM PIT >> INFO : MINION : 	at java.base/java.util.stream.ReferencePipeline$Head.forEach(ReferencePipeline.java:762)
1:24:35 PM PIT >> INFO : MINION : 	at java.base/java.util.stream.ReferencePipeline$7$1.accept(ReferencePipeline.java:276)
1:24:35 PM PIT >> INFO : MINION : 	at java.base/java.util.ArrayList$ArrayListSpliterator.forEachRemaining(ArrayList.java:1625)
1:24:35 PM PIT >> INFO : MINION : 	at java.base/java.util.stream.AbstractPipeline.copyInto(AbstractPipeline.java:509)
1:24:35 PM PIT >> INFO : MINION : 	at java.base/java.util.stream.AbstractPipeline.wrapAndCopyInto(AbstractPipeline.java:499)
1:24:35 PM PIT >> INFO : MINION : 	at java.base/java.util.stream.ReduceOps$ReduceOp.evaluateSequential(ReduceOps.java:921)
1:24:35 PM PIT >> INFO : MINION : 	at java.base/java.util.stream.AbstractPipeline.evaluate(AbstractPipeline.java:234)
1:24:35 PM PIT >> INFO : MINION : 	at java.base/java.util.stream.ReferencePipeline.collect(ReferencePipeline.java:682)
1:24:35 PM PIT >> INFO : MINION : 	at org.pitest.testapi.execute.FindTestUnits.findTestUnitsForAllSuppliedClasses(FindTestUnits.java:35)
1:24:35 PM PIT >> INFO : MINION : 	at org.pitest.coverage.execute.CoverageMinion.discoverTests(CoverageMinion.java:169)
1:24:35 PM PIT >> INFO : MINION : 	at org.pitest.coverage.execute.CoverageMinion.getTestsFromParent(CoverageMinion.java:154)
1:24:35 PM PIT >> INFO : MINION : 	at org.pitest.coverage.execute.CoverageMinion.main(CoverageMinion.java:82)
1:24:35 PM PIT >> INFO : MINION : 
1:24:35 PM PIT >> INFO : MINION : Jan 14, 2026 1:24:35 PM org.junit.platform.launcher.core.CompositeTestExecutionListener lambda$notifyEach$19
1:24:35 PM PIT >> INFO : MINION : WARNING: TestExecutionListener [org.junit.platform.launcher.listeners.UniqueIdTrackingListener] threw exception for method: testPlanExecutionStarted(org.junit.platform.launcher.core.InternalTestPlan@61ecbee9)
1:24:35 PM PIT >> INFO : MINION : java.lang.NoSuchMethodError: 'org.junit.platform.engine.ConfigurationParameters org.junit.platform.launcher.TestPlan.getConfigurationParameters()'
1:24:35 PM PIT >> INFO : MINION : 	at org.junit.platform.launcher.listeners.UniqueIdTrackingListener.testPlanExecutionStarted(UniqueIdTrackingListener.java:140)
1:24:35 PM PIT >> INFO : MINION : 	at org.junit.platform.launcher.core.CompositeTestExecutionListener.lambda$testPlanExecutionStarted$12(CompositeTestExecutionListener.java:75)
1:24:35 PM PIT >> INFO : MINION : 	at org.junit.platform.launcher.core.CompositeTestExecutionListener.lambda$notifyEach$19(CompositeTestExecutionListener.java:95)
1:24:35 PM PIT >> INFO : MINION : 	at java.base/java.util.ArrayList.forEach(ArrayList.java:1511)
1:24:35 PM PIT >> INFO : MINION : 	at org.junit.platform.launcher.core.CompositeTestExecutionListener.notifyEach(CompositeTestExecutionListener.java:93)
1:24:35 PM PIT >> INFO : MINION : 	at org.junit.platform.launcher.core.CompositeTestExecutionListener.testPlanExecutionStarted(CompositeTestExecutionListener.java:75)
1:24:35 PM PIT >> INFO : MINION : 	at org.junit.platform.launcher.core.EngineExecutionOrchestrator.lambda$execute$0(EngineExecutionOrchestrator.java:53)
1:24:35 PM PIT >> INFO : MINION : 	at org.junit.platform.launcher.core.EngineExecutionOrchestrator.withInterceptedStreams(EngineExecutionOrchestrator.java:67)
1:24:35 PM PIT >> INFO : MINION : 	at org.junit.platform.launcher.core.EngineExecutionOrchestrator.execute(EngineExecutionOrchestrator.java:52)
1:24:35 PM PIT >> INFO : MINION : 	at org.junit.platform.launcher.core.DefaultLauncher.execute(DefaultLauncher.java:114)
1:24:35 PM PIT >> INFO : MINION : 	at org.junit.platform.launcher.core.DefaultLauncher.execute(DefaultLauncher.java:86)
1:24:35 PM PIT >> INFO : MINION : 	at org.junit.platform.launcher.core.DefaultLauncherSession$DelegatingLauncher.execute(DefaultLauncherSession.java:86)
1:24:35 PM PIT >> INFO : MINION : 	at org.junit.platform.launcher.core.SessionPerRequestLauncher.execute(SessionPerRequestLauncher.java:53)
1:24:35 PM PIT >> INFO : MINION : 	at org.pitest.junit5.JUnit5TestUnitFinder.findTestUnits(JUnit5TestUnitFinder.java:84)
1:24:35 PM PIT >> INFO : MINION : 	at org.pitest.mutationtest.config.PrioritisingTestUnitFinder.findTestUnits(PrioritisingTestUnitFinder.java:20)
1:24:35 PM PIT >> INFO : MINION : 	at org.pitest.testapi.execute.FindTestUnits.lambda$findTestUnitsForAllSuppliedClasses$1(FindTestUnits.java:34)
1:24:35 PM PIT >> INFO : MINION : 	at java.base/java.util.stream.ReferencePipeline$7$1.accept(ReferencePipeline.java:273)
1:24:35 PM PIT >> INFO : MINION : 	at java.base/java.util.stream.DistinctOps$1$2.accept(DistinctOps.java:174)
1:24:35 PM PIT >> INFO : MINION : 	at java.base/java.util.stream.Streams$StreamBuilderImpl.forEachRemaining(Streams.java:411)
1:24:35 PM PIT >> INFO : MINION : 	at java.base/java.util.stream.Streams$ConcatSpliterator.forEachRemaining(Streams.java:734)
1:24:35 PM PIT >> INFO : MINION : 	at java.base/java.util.stream.ReferencePipeline$Head.forEach(ReferencePipeline.java:762)
1:24:35 PM PIT >> INFO : MINION : 	at java.base/java.util.stream.ReferencePipeline$7$1.accept(ReferencePipeline.java:276)
1:24:35 PM PIT >> INFO : MINION : 	at java.base/java.util.ArrayList$ArrayListSpliterator.forEachRemaining(ArrayList.java:1625)
1:24:35 PM PIT >> INFO : MINION : 	at java.base/java.util.stream.AbstractPipeline.copyInto(AbstractPipeline.java:509)
1:24:35 PM PIT >> INFO : MINION : 	at java.base/java.util.stream.AbstractPipeline.wrapAndCopyInto(AbstractPipeline.java:499)
1:24:35 PM PIT >> INFO : MINION : 	at java.base/java.util.stream.ReduceOps$ReduceOp.evaluateSequential(ReduceOps.java:921)
1:24:35 PM PIT >> INFO : MINION : 	at java.base/java.util.stream.AbstractPipeline.evaluate(AbstractPipeline.java:234)
1:24:35 PM PIT >> INFO : MINION : 	at java.base/java.util.stream.ReferencePipeline.collect(ReferencePipeline.java:682)
1:24:35 PM PIT >> INFO : MINION : 	at org.pitest.testapi.execute.FindTestUnits.findTestUnitsForAllSuppliedClasses(FindTestUnits.java:35)
1:24:35 PM PIT >> INFO : MINION : 	at org.pitest.coverage.execute.CoverageMinion.discoverTests(CoverageMinion.java:169)
1:24:35 PM PIT >> INFO : MINION : 	at org.pitest.coverage.execute.CoverageMinion.getTestsFromParent(CoverageMinion.java:154)
1:24:35 PM PIT >> INFO : MINION : 	at org.pitest.coverage.execute.CoverageMinion.main(CoverageMinion.java:82)
1:24:35 PM PIT >> INFO : MINION : 
\|/-\1:24:35 PM PIT >> INFO : MINION : Jan 14, 2026 1:24:35 PM org.junit.platform.launcher.core.CompositeTestExecutionListener lambda$notifyEach$19
1:24:35 PM PIT >> INFO : MINION : WARNING: TestExecutionListener [org.junit.platform.launcher.listeners.UniqueIdTrackingListener] threw exception for method: testPlanExecutionStarted(org.junit.platform.launcher.core.InternalTestPlan@672a1c62)
1:24:35 PM PIT >> INFO : MINION : java.lang.NoSuchMethodError: 'org.junit.platform.engine.ConfigurationParameters org.junit.platform.launcher.TestPlan.getConfigurationParameters()'
1:24:35 PM PIT >> INFO : MINION : 	at org.junit.platform.launcher.listeners.UniqueIdTrackingListener.testPlanExecutionStarted(UniqueIdTrackingListener.java:140)
1:24:35 PM PIT >> INFO : MINION : 	at org.junit.platform.launcher.core.CompositeTestExecutionListener.lambda$testPlanExecutionStarted$12(CompositeTestExecutionListener.java:75)
1:24:35 PM PIT >> INFO : MINION : 	at org.junit.platform.launcher.core.CompositeTestExecutionListener.lambda$notifyEach$19(CompositeTestExecutionListener.java:95)
1:24:35 PM PIT >> INFO : MINION : 	at java.base/java.util.ArrayList.forEach(ArrayList.java:1511)
1:24:35 PM PIT >> INFO : MINION : 	at org.junit.platform.launcher.core.CompositeTestExecutionListener.notifyEach(CompositeTestExecutionListener.java:93)
1:24:35 PM PIT >> INFO : MINION : 	at org.junit.platform.launcher.core.CompositeTestExecutionListener.testPlanExecutionStarted(CompositeTestExecutionListener.java:75)
1:24:35 PM PIT >> INFO : MINION : 	at org.junit.platform.launcher.core.EngineExecutionOrchestrator.lambda$execute$0(EngineExecutionOrchestrator.java:53)
1:24:35 PM PIT >> INFO : MINION : 	at org.junit.platform.launcher.core.EngineExecutionOrchestrator.withInterceptedStreams(EngineExecutionOrchestrator.java:67)
1:24:35 PM PIT >> INFO : MINION : 	at org.junit.platform.launcher.core.EngineExecutionOrchestrator.execute(EngineExecutionOrchestrator.java:52)
1:24:35 PM PIT >> INFO : MINION : 	at org.junit.platform.launcher.core.DefaultLauncher.execute(DefaultLauncher.java:114)
1:24:35 PM PIT >> INFO : MINION : 	at org.junit.platform.launcher.core.DefaultLauncher.execute(DefaultLauncher.java:86)
1:24:35 PM PIT >> INFO : MINION : 	at org.junit.platform.launcher.core.DefaultLauncherSession$DelegatingLauncher.execute(DefaultLauncherSession.java:86)
1:24:35 PM PIT >> INFO : MINION : 	at org.junit.platform.launcher.core.SessionPerRequestLauncher.execute(SessionPerRequestLauncher.java:53)
1:24:35 PM PIT >> INFO : MINION : 	at org.pitest.junit5.JUnit5TestUnitFinder.findTestUnits(JUnit5TestUnitFinder.java:84)
1:24:35 PM PIT >> INFO : MINION : 	at org.pitest.mutationtest.config.PrioritisingTestUnitFinder.findTestUnits(PrioritisingTestUnitFinder.java:20)
1:24:35 PM PIT >> INFO : MINION : 	at org.pitest.testapi.execute.FindTestUnits.lambda$findTestUnitsForAllSuppliedClasses$1(FindTestUnits.java:34)
1:24:35 PM PIT >> INFO : MINION : 	at java.base/java.util.stream.ReferencePipeline$7$1.accept(ReferencePipeline.java:273)
1:24:35 PM PIT >> INFO : MINION : 	at java.base/java.util.stream.DistinctOps$1$2.accept(DistinctOps.java:174)
1:24:35 PM PIT >> INFO : MINION : 	at java.base/java.util.stream.Streams$StreamBuilderImpl.forEachRemaining(Streams.java:411)
1:24:35 PM PIT >> INFO : MINION : 	at java.base/java.util.stream.Streams$ConcatSpliterator.forEachRemaining(Streams.java:734)
1:24:35 PM PIT >> INFO : MINION : 	at java.base/java.util.stream.ReferencePipeline$Head.forEach(ReferencePipeline.java:762)
1:24:35 PM PIT >> INFO : MINION : 	at java.base/java.util.stream.ReferencePipeline$7$1.accept(ReferencePipeline.java:276)
1:24:35 PM PIT >> INFO : MINION : 	at java.base/java.util.ArrayList$ArrayListSpliterator.forEachRemaining(ArrayList.java:1625)
1:24:35 PM PIT >> INFO : MINION : 	at java.base/java.util.stream.AbstractPipeline.copyInto(AbstractPipeline.java:509)
1:24:35 PM PIT >> INFO : MINION : 	at java.base/java.util.stream.AbstractPipeline.wrapAndCopyInto(AbstractPipeline.java:499)
1:24:35 PM PIT >> INFO : MINION : 	at java.base/java.util.stream.ReduceOps$ReduceOp.evaluateSequential(ReduceOps.java:921)
1:24:35 PM PIT >> INFO : MINION : 	at java.base/java.util.stream.AbstractPipeline.evaluate(AbstractPipeline.java:234)
1:24:35 PM PIT >> INFO : MINION : 	at java.base/java.util.stream.ReferencePipeline.collect(ReferencePipeline.java:682)
1:24:35 PM PIT >> INFO : MINION : 	at org.pitest.testapi.execute.FindTestUnits.findTestUnitsForAllSuppliedClasses(FindTestUnits.java:35)
1:24:35 PM PIT >> INFO : MINION : 	at org.pitest.coverage.execute.CoverageMinion.discoverTests(CoverageMinion.java:169)
1:24:35 PM PIT >> INFO : MINION : 	at org.pitest.coverage.execute.CoverageMinion.getTestsFromParent(CoverageMinion.java:154)
1:24:35 PM PIT >> INFO : MINION : 	at org.pitest.coverage.execute.CoverageMinion.main(CoverageMinion.java:82)
1:24:35 PM PIT >> INFO : MINION : 
1:24:35 PM PIT >> INFO : MINION : Jan 14, 2026 1:24:35 PM org.junit.platform.launcher.core.CompositeTestExecutionListener lambda$notifyEach$19
1:24:35 PM PIT >> INFO : MINION : WARNING: TestExecutionListener [org.junit.platform.launcher.listeners.UniqueIdTrackingListener] threw exception for method: testPlanExecutionStarted(org.junit.platform.launcher.core.InternalTestPlan@6015a4a5)
1:24:35 PM PIT >> INFO : MINION : java.lang.NoSuchMethodError: 'org.junit.platform.engine.ConfigurationParameters org.junit.platform.launcher.TestPlan.getConfigurationParameters()'
1:24:35 PM PIT >> INFO : MINION : 	at org.junit.platform.launcher.listeners.UniqueIdTrackingListener.testPlanExecutionStarted(UniqueIdTrackingListener.java:140)
1:24:35 PM PIT >> INFO : MINION : 	at org.junit.platform.launcher.core.CompositeTestExecutionListener.lambda$testPlanExecutionStarted$12(CompositeTestExecutionListener.java:75)
1:24:35 PM PIT >> INFO : MINION : 	at org.junit.platform.launcher.core.CompositeTestExecutionListener.lambda$notifyEach$19(CompositeTestExecutionListener.java:95)
1:24:35 PM PIT >> INFO : MINION : 	at java.base/java.util.ArrayList.forEach(ArrayList.java:1511)
1:24:35 PM PIT >> INFO : MINION : 	at org.junit.platform.launcher.core.CompositeTestExecutionListener.notifyEach(CompositeTestExecutionListener.java:93)
1:24:35 PM PIT >> INFO : MINION : 	at org.junit.platform.launcher.core.CompositeTestExecutionListener.testPlanExecutionStarted(CompositeTestExecutionListener.java:75)
1:24:35 PM PIT >> INFO : MINION : 	at org.junit.platform.launcher.core.EngineExecutionOrchestrator.lambda$execute$0(EngineExecutionOrchestrator.java:53)
1:24:35 PM PIT >> INFO : MINION : 	at org.junit.platform.launcher.core.EngineExecutionOrchestrator.withInterceptedStreams(EngineExecutionOrchestrator.java:67)
1:24:35 PM PIT >> INFO : MINION : 	at org.junit.platform.launcher.core.EngineExecutionOrchestrator.execute(EngineExecutionOrchestrator.java:52)
1:24:35 PM PIT >> INFO : MINION : 	at org.junit.platform.launcher.core.DefaultLauncher.execute(DefaultLauncher.java:114)
1:24:35 PM PIT >> INFO : MINION : 	at org.junit.platform.launcher.core.DefaultLauncher.execute(DefaultLauncher.java:86)
1:24:35 PM PIT >> INFO : MINION : 	at org.junit.platform.launcher.core.DefaultLauncherSession$DelegatingLauncher.execute(DefaultLauncherSession.java:86)
1:24:35 PM PIT >> INFO : MINION : 	at org.junit.platform.launcher.core.SessionPerRequestLauncher.execute(SessionPerRequestLauncher.java:53)
1:24:35 PM PIT >> INFO : MINION : 	at org.pitest.junit5.JUnit5TestUnitFinder.findTestUnits(JUnit5TestUnitFinder.java:84)
1:24:35 PM PIT >> INFO : MINION : 	at org.pitest.mutationtest.config.PrioritisingTestUnitFinder.findTestUnits(PrioritisingTestUnitFinder.java:20)
1:24:35 PM PIT >> INFO : MINION : 	at org.pitest.testapi.execute.FindTestUnits.lambda$findTestUnitsForAllSuppliedClasses$1(FindTestUnits.java:34)
1:24:35 PM PIT >> INFO : MINION : 	at java.base/java.util.stream.ReferencePipeline$7$1.accept(ReferencePipeline.java:273)
1:24:35 PM PIT >> INFO : MINION : 	at java.base/java.util.stream.DistinctOps$1$2.accept(DistinctOps.java:174)
1:24:35 PM PIT >> INFO : MINION : 	at java.base/java.util.stream.Streams$StreamBuilderImpl.forEachRemaining(Streams.java:411)
1:24:35 PM PIT >> INFO : MINION : 	at java.base/java.util.stream.Streams$ConcatSpliterator.forEachRemaining(Streams.java:734)
1:24:35 PM PIT >> INFO : MINION : 	at java.base/java.util.stream.ReferencePipeline$Head.forEach(ReferencePipeline.java:762)
1:24:35 PM PIT >> INFO : MINION : 	at java.base/java.util.stream.ReferencePipeline$7$1.accept(ReferencePipeline.java:276)
1:24:35 PM PIT >> INFO : MINION : 	at java.base/java.util.ArrayList$ArrayListSpliterator.forEachRemaining(ArrayList.java:1625)
1:24:35 PM PIT >> INFO : MINION : 	at java.base/java.util.stream.AbstractPipeline.copyInto(AbstractPipeline.java:509)
1:24:35 PM PIT >> INFO : MINION : 	at java.base/java.util.stream.AbstractPipeline.wrapAndCopyInto(AbstractPipeline.java:499)
1:24:35 PM PIT >> INFO : MINION : 	at java.base/java.util.stream.ReduceOps$ReduceOp.evaluateSequential(ReduceOps.java:921)
1:24:35 PM PIT >> INFO : MINION : 	at java.base/java.util.stream.AbstractPipeline.evaluate(AbstractPipeline.java:234)
1:24:35 PM PIT >> INFO : MINION : 	at java.base/java.util.stream.ReferencePipeline.collect(ReferencePipeline.java:682)
1:24:35 PM PIT >> INFO : MINION : 	at org.pitest.testapi.execute.FindTestUnits.findTestUnitsForAllSuppliedClasses(FindTestUnits.java:35)
1:24:35 PM PIT >> INFO : MINION : 	at org.pitest.coverage.execute.CoverageMinion.discoverTests(CoverageMinion.java:169)
1:24:35 PM PIT >> INFO : MINION : 	at org.pitest.coverage.execute.CoverageMinion.getTestsFromParent(CoverageMinion.java:154)
1:24:35 PM PIT >> INFO : MINION : 	at org.pitest.coverage.execute.CoverageMinion.main(CoverageMinion.java:82)
1:24:35 PM PIT >> INFO : MINION : 
1:24:35 PM PIT >> INFO : MINION : Jan 14, 2026 1:24:35 PM org.junit.platform.launcher.core.CompositeTestExecutionListener lambda$notifyEach$19
1:24:35 PM PIT >> INFO : MINION : WARNING: TestExecutionListener [org.junit.platform.launcher.listeners.UniqueIdTrackingListener] threw exception for method: testPlanExecutionStarted(org.junit.platform.launcher.core.InternalTestPlan@4779aae6)
1:24:35 PM PIT >> INFO : MINION : java.lang.NoSuchMethodError: 'org.junit.platform.engine.ConfigurationParameters org.junit.platform.launcher.TestPlan.getConfigurationParameters()'
1:24:35 PM PIT >> INFO : MINION : 	at org.junit.platform.launcher.listeners.UniqueIdTrackingListener.testPlanExecutionStarted(UniqueIdTrackingListener.java:140)
1:24:35 PM PIT >> INFO : MINION : 	at org.junit.platform.launcher.core.CompositeTestExecutionListener.lambda$testPlanExecutionStarted$12(CompositeTestExecutionListener.java:75)
1:24:35 PM PIT >> INFO : MINION : 	at org.junit.platform.launcher.core.CompositeTestExecutionListener.lambda$notifyEach$19(CompositeTestExecutionListener.java:95)
1:24:35 PM PIT >> INFO : MINION : 	at java.base/java.util.ArrayList.forEach(ArrayList.java:1511)
1:24:35 PM PIT >> INFO : MINION : 	at org.junit.platform.launcher.core.CompositeTestExecutionListener.notifyEach(CompositeTestExecutionListener.java:93)
1:24:35 PM PIT >> INFO : MINION : 	at org.junit.platform.launcher.core.CompositeTestExecutionListener.testPlanExecutionStarted(CompositeTestExecutionListener.java:75)
1:24:35 PM PIT >> INFO : MINION : 	at org.junit.platform.launcher.core.EngineExecutionOrchestrator.lambda$execute$0(EngineExecutionOrchestrator.java:53)
1:24:35 PM PIT >> INFO : MINION : 	at org.junit.platform.launcher.core.EngineExecutionOrchestrator.withInterceptedStreams(EngineExecutionOrchestrator.java:67)
1:24:35 PM PIT >> INFO : MINION : 	at org.junit.platform.launcher.core.EngineExecutionOrchestrator.execute(EngineExecutionOrchestrator.java:52)
1:24:35 PM PIT >> INFO : MINION : 	at org.junit.platform.launcher.core.DefaultLauncher.execute(DefaultLauncher.java:114)
1:24:35 PM PIT >> INFO : MINION : 	at org.junit.platform.launcher.core.DefaultLauncher.execute(DefaultLauncher.java:86)
1:24:35 PM PIT >> INFO : MINION : 	at org.junit.platform.launcher.core.DefaultLauncherSession$DelegatingLauncher.execute(DefaultLauncherSession.java:86)
1:24:35 PM PIT >> INFO : MINION : 	at org.junit.platform.launcher.core.SessionPerRequestLauncher.execute(SessionPerRequestLauncher.java:53)
1:24:35 PM PIT >> INFO : MINION : 	at org.pitest.junit5.JUnit5TestUnitFinder.findTestUnits(JUnit5TestUnitFinder.java:84)
1:24:35 PM PIT >> INFO : MINION : 	at org.pitest.mutationtest.config.PrioritisingTestUnitFinder.findTestUnits(PrioritisingTestUnitFinder.java:20)
1:24:35 PM PIT >> INFO : MINION : 	at org.pitest.testapi.execute.FindTestUnits.lambda$findTestUnitsForAllSuppliedClasses$1(FindTestUnits.java:34)
1:24:35 PM PIT >> INFO : MINION : 	at java.base/java.util.stream.ReferencePipeline$7$1.accept(ReferencePipeline.java:273)
1:24:35 PM PIT >> INFO : MINION : 	at java.base/java.util.stream.DistinctOps$1$2.accept(DistinctOps.java:174)
1:24:35 PM PIT >> INFO : MINION : 	at java.base/java.util.stream.Streams$StreamBuilderImpl.forEachRemaining(Streams.java:411)
1:24:35 PM PIT >> INFO : MINION : 	at java.base/java.util.stream.Streams$ConcatSpliterator.forEachRemaining(Streams.java:734)
1:24:35 PM PIT >> INFO : MINION : 	at java.base/java.util.stream.ReferencePipeline$Head.forEach(ReferencePipeline.java:762)
1:24:35 PM PIT >> INFO : MINION : 	at java.base/java.util.stream.ReferencePipeline$7$1.accept(ReferencePipeline.java:276)
1:24:35 PM PIT >> INFO : MINION : 	at java.base/java.util.ArrayList$ArrayListSpliterator.forEachRemaining(ArrayList.java:1625)
1:24:35 PM PIT >> INFO : MINION : 	at java.base/java.util.stream.AbstractPipeline.copyInto(AbstractPipeline.java:509)
1:24:35 PM PIT >> INFO : MINION : 	at java.base/java.util.stream.AbstractPipeline.wrapAndCopyInto(AbstractPipeline.java:499)
1:24:35 PM PIT >> INFO : MINION : 	at java.base/java.util.stream.ReduceOps$ReduceOp.evaluateSequential(ReduceOps.java:921)
1:24:35 PM PIT >> INFO : MINION : 	at java.base/java.util.stream.AbstractPipeline.evaluate(AbstractPipeline.java:234)
1:24:35 PM PIT >> INFO : MINION : 	at java.base/java.util.stream.ReferencePipeline.collect(ReferencePipeline.java:682)
1:24:35 PM PIT >> INFO : MINION : 	at org.pitest.testapi.execute.FindTestUnits.findTestUnitsForAllSuppliedClasses(FindTestUnits.java:35)
1:24:35 PM PIT >> INFO : MINION : 	at org.pitest.coverage.execute.CoverageMinion.discoverTests(CoverageMinion.java:169)
1:24:35 PM PIT >> INFO : MINION : 	at org.pitest.coverage.execute.CoverageMinion.getTestsFromParent(CoverageMinion.java:154)
1:24:35 PM PIT >> INFO : MINION : 	at org.pitest.coverage.execute.CoverageMinion.main(CoverageMinion.java:82)
1:24:35 PM PIT >> INFO : MINION : 
1:24:35 PM PIT >> INFO : MINION : Jan 14, 2026 1:24:35 PM org.junit.platform.launcher.core.CompositeTestExecutionListener lambda$notifyEach$19
1:24:35 PM PIT >> INFO : MINION : WARNING: TestExecutionListener [org.junit.platform.launcher.listeners.UniqueIdTrackingListener] threw exception for method: testPlanExecutionStarted(org.junit.platform.launcher.core.InternalTestPlan@7e4c72d6)
1:24:35 PM PIT >> INFO : MINION : java.lang.NoSuchMethodError: 'org.junit.platform.engine.ConfigurationParameters org.junit.platform.launcher.TestPlan.getConfigurationParameters()'
1:24:35 PM PIT >> INFO : MINION : 	at org.junit.platform.launcher.listeners.UniqueIdTrackingListener.testPlanExecutionStarted(UniqueIdTrackingListener.java:140)
1:24:35 PM PIT >> INFO : MINION : 	at org.junit.platform.launcher.core.CompositeTestExecutionListener.lambda$testPlanExecutionStarted$12(CompositeTestExecutionListener.java:75)
1:24:35 PM PIT >> INFO : MINION : 	at org.junit.platform.launcher.core.CompositeTestExecutionListener.lambda$notifyEach$19(CompositeTestExecutionListener.java:95)
1:24:35 PM PIT >> INFO : MINION : 	at java.base/java.util.ArrayList.forEach(ArrayList.java:1511)
1:24:35 PM PIT >> INFO : MINION : 	at org.junit.platform.launcher.core.CompositeTestExecutionListener.notifyEach(CompositeTestExecutionListener.java:93)
1:24:35 PM PIT >> INFO : MINION : 	at org.junit.platform.launcher.core.CompositeTestExecutionListener.testPlanExecutionStarted(CompositeTestExecutionListener.java:75)
1:24:35 PM PIT >> INFO : MINION : 	at org.junit.platform.launcher.core.EngineExecutionOrchestrator.lambda$execute$0(EngineExecutionOrchestrator.java:53)
1:24:35 PM PIT >> INFO : MINION : 	at org.junit.platform.launcher.core.EngineExecutionOrchestrator.withInterceptedStreams(EngineExecutionOrchestrator.java:67)
1:24:35 PM PIT >> INFO : MINION : 	at org.junit.platform.launcher.core.EngineExecutionOrchestrator.execute(EngineExecutionOrchestrator.java:52)
1:24:35 PM PIT >> INFO : MINION : 	at org.junit.platform.launcher.core.DefaultLauncher.execute(DefaultLauncher.java:114)
1:24:35 PM PIT >> INFO : MINION : 	at org.junit.platform.launcher.core.DefaultLauncher.execute(DefaultLauncher.java:86)
1:24:35 PM PIT >> INFO : MINION : 	at org.junit.platform.launcher.core.DefaultLauncherSession$DelegatingLauncher.execute(DefaultLauncherSession.java:86)
1:24:35 PM PIT >> INFO : MINION : 	at org.junit.platform.launcher.core.SessionPerRequestLauncher.execute(SessionPerRequestLauncher.java:53)
1:24:35 PM PIT >> INFO : MINION : 	at org.pitest.junit5.JUnit5TestUnitFinder.findTestUnits(JUnit5TestUnitFinder.java:84)
1:24:35 PM PIT >> INFO : MINION : 	at org.pitest.mutationtest.config.PrioritisingTestUnitFinder.findTestUnits(PrioritisingTestUnitFinder.java:20)
1:24:35 PM PIT >> INFO : MINION : 	at org.pitest.testapi.execute.FindTestUnits.lambda$findTestUnitsForAllSuppliedClasses$1(FindTestUnits.java:34)
1:24:35 PM PIT >> INFO : MINION : 	at java.base/java.util.stream.ReferencePipeline$7$1.accept(ReferencePipeline.java:273)
1:24:35 PM PIT >> INFO : MINION : 	at java.base/java.util.stream.DistinctOps$1$2.accept(DistinctOps.java:174)
1:24:35 PM PIT >> INFO : MINION : 	at java.base/java.util.stream.Streams$StreamBuilderImpl.forEachRemaining(Streams.java:411)
1:24:35 PM PIT >> INFO : MINION : 	at java.base/java.util.stream.Streams$ConcatSpliterator.forEachRemaining(Streams.java:734)
1:24:35 PM PIT >> INFO : MINION : 	at java.base/java.util.stream.ReferencePipeline$Head.forEach(ReferencePipeline.java:762)
1:24:35 PM PIT >> INFO : MINION : 	at java.base/java.util.stream.ReferencePipeline$7$1.accept(ReferencePipeline.java:276)
1:24:35 PM PIT >> INFO : MINION : 	at java.base/java.util.ArrayList$ArrayListSpliterator.forEachRemaining(ArrayList.java:1625)
1:24:35 PM PIT >> INFO : MINION : 	at java.base/java.util.stream.AbstractPipeline.copyInto(AbstractPipeline.java:509)
1:24:35 PM PIT >> INFO : MINION : 	at java.base/java.util.stream.AbstractPipeline.wrapAndCopyInto(AbstractPipeline.java:499)
1:24:35 PM PIT >> INFO : MINION : 	at java.base/java.util.stream.ReduceOps$ReduceOp.evaluateSequential(ReduceOps.java:921)
1:24:35 PM PIT >> INFO : MINION : 	at java.base/java.util.stream.AbstractPipeline.evaluate(AbstractPipeline.java:234)
1:24:35 PM PIT >> INFO : MINION : 	at java.base/java.util.stream.ReferencePipeline.collect(ReferencePipeline.java:682)
1:24:35 PM PIT >> INFO : MINION : 	at org.pitest.testapi.execute.FindTestUnits.findTestUnitsForAllSuppliedClasses(FindTestUnits.java:35)
1:24:35 PM PIT >> INFO : MINION : 	at org.pitest.coverage.execute.CoverageMinion.discoverTests(CoverageMinion.java:169)
1:24:35 PM PIT >> INFO : MINION : 	at org.pitest.coverage.execute.CoverageMinion.getTestsFromParent(CoverageMinion.java:154)
1:24:35 PM PIT >> INFO : MINION : 	at org.pitest.coverage.execute.CoverageMinion.main(CoverageMinion.java:82)
1:24:35 PM PIT >> INFO : MINION : 
1:24:35 PM PIT >> INFO : MINION : Jan 14, 2026 1:24:35 PM org.junit.platform.launcher.core.CompositeTestExecutionListener lambda$notifyEach$19
1:24:35 PM PIT >> INFO : MINION : WARNING: TestExecutionListener [org.junit.platform.launcher.listeners.UniqueIdTrackingListener] threw exception for method: testPlanExecutionStarted(org.junit.platform.launcher.core.InternalTestPlan@63a28987)
1:24:35 PM PIT >> INFO : MINION : java.lang.NoSuchMethodError: 'org.junit.platform.engine.ConfigurationParameters org.junit.platform.launcher.TestPlan.getConfigurationParameters()'
1:24:35 PM PIT >> INFO : MINION : 	at org.junit.platform.launcher.listeners.UniqueIdTrackingListener.testPlanExecutionStarted(UniqueIdTrackingListener.java:140)
1:24:35 PM PIT >> INFO : MINION : 	at org.junit.platform.launcher.core.CompositeTestExecutionListener.lambda$testPlanExecutionStarted$12(CompositeTestExecutionListener.java:75)
1:24:35 PM PIT >> INFO : MINION : 	at org.junit.platform.launcher.core.CompositeTestExecutionListener.lambda$notifyEach$19(CompositeTestExecutionListener.java:95)
1:24:35 PM PIT >> INFO : MINION : 	at java.base/java.util.ArrayList.forEach(ArrayList.java:1511)
1:24:35 PM PIT >> INFO : MINION : 	at org.junit.platform.launcher.core.CompositeTestExecutionListener.notifyEach(CompositeTestExecutionListener.java:93)
1:24:35 PM PIT >> INFO : MINION : 	at org.junit.platform.launcher.core.CompositeTestExecutionListener.testPlanExecutionStarted(CompositeTestExecutionListener.java:75)
1:24:35 PM PIT >> INFO : MINION : 	at org.junit.platform.launcher.core.EngineExecutionOrchestrator.lambda$execute$0(EngineExecutionOrchestrator.java:53)
1:24:35 PM PIT >> INFO : MINION : 	at org.junit.platform.launcher.core.EngineExecutionOrchestrator.withInterceptedStreams(EngineExecutionOrchestrator.java:67)
1:24:35 PM PIT >> INFO : MINION : 	at org.junit.platform.launcher.core.EngineExecutionOrchestrator.execute(EngineExecutionOrchestrator.java:52)
1:24:35 PM PIT >> INFO : MINION : 	at org.junit.platform.launcher.core.DefaultLauncher.execute(DefaultLauncher.java:114)
1:24:35 PM PIT >> INFO : MINION : 	at org.junit.platform.launcher.core.DefaultLauncher.execute(DefaultLauncher.java:86)
1:24:35 PM PIT >> INFO : MINION : 	at org.junit.platform.launcher.core.DefaultLauncherSession$DelegatingLauncher.execute(DefaultLauncherSession.java:86)
1:24:35 PM PIT >> INFO : MINION : 	at org.junit.platform.launcher.core.SessionPerRequestLauncher.execute(SessionPerRequestLauncher.java:53)
1:24:35 PM PIT >> INFO : MINION : 	at org.pitest.junit5.JUnit5TestUnitFinder.findTestUnits(JUnit5TestUnitFinder.java:84)
1:24:35 PM PIT >> INFO : MINION : 	at org.pitest.mutationtest.config.PrioritisingTestUnitFinder.findTestUnits(PrioritisingTestUnitFinder.java:20)
1:24:35 PM PIT >> INFO : MINION : 	at org.pitest.testapi.execute.FindTestUnits.lambda$findTestUnitsForAllSuppliedClasses$1(FindTestUnits.java:34)
1:24:35 PM PIT >> INFO : MINION : 	at java.base/java.util.stream.ReferencePipeline$7$1.accept(ReferencePipeline.java:273)
1:24:35 PM PIT >> INFO : MINION : 	at java.base/java.util.stream.DistinctOps$1$2.accept(DistinctOps.java:174)
1:24:35 PM PIT >> INFO : MINION : 	at java.base/java.util.stream.Streams$StreamBuilderImpl.forEachRemaining(Streams.java:411)
1:24:35 PM PIT >> INFO : MINION : 	at java.base/java.util.stream.Streams$ConcatSpliterator.forEachRemaining(Streams.java:734)
1:24:35 PM PIT >> INFO : MINION : 	at java.base/java.util.stream.ReferencePipeline$Head.forEach(ReferencePipeline.java:762)
1:24:35 PM PIT >> INFO : MINION : 	at java.base/java.util.stream.ReferencePipeline$7$1.accept(ReferencePipeline.java:276)
1:24:35 PM PIT >> INFO : MINION : 	at java.base/java.util.ArrayList$ArrayListSpliterator.forEachRemaining(ArrayList.java:1625)
1:24:35 PM PIT >> INFO : MINION : 	at java.base/java.util.stream.AbstractPipeline.copyInto(AbstractPipeline.java:509)
1:24:35 PM PIT >> INFO : MINION : 	at java.base/java.util.stream.AbstractPipeline.wrapAndCopyInto(AbstractPipeline.java:499)
1:24:35 PM PIT >> INFO : MINION : 	at java.base/java.util.stream.ReduceOps$ReduceOp.evaluateSequential(ReduceOps.java:921)
1:24:35 PM PIT >> INFO : MINION : 	at java.base/java.util.stream.AbstractPipeline.evaluate(AbstractPipeline.java:234)
1:24:35 PM PIT >> INFO : MINION : 	at java.base/java.util.stream.ReferencePipeline.collect(ReferencePipeline.java:682)
1:24:35 PM PIT >> INFO : MINION : 	at org.pitest.testapi.execute.FindTestUnits.findTestUnitsForAllSuppliedClasses(FindTestUnits.java:35)
1:24:35 PM PIT >> INFO : MINION : 	at org.pitest.coverage.execute.CoverageMinion.discoverTests(CoverageMinion.java:169)
1:24:35 PM PIT >> INFO : MINION : 	at org.pitest.coverage.execute.CoverageMinion.getTestsFromParent(CoverageMinion.java:154)
1:24:35 PM PIT >> INFO : MINION : 	at org.pitest.coverage.execute.CoverageMinion.main(CoverageMinion.java:82)
1:24:35 PM PIT >> INFO : MINION : 
|/-\|/-\|/-\|/-\|/-\|/-\|/-\|/-\|/-\|/-\|/-\|/-\1:24:35 PM PIT >> INFO : MINION : Jan 14, 2026 1:24:35 PM org.junit.platform.launcher.core.CompositeTestExecutionListener lambda$notifyEach$19
1:24:35 PM PIT >> INFO : MINION : WARNING: TestExecutionListener [org.junit.platform.launcher.listeners.UniqueIdTrackingListener] threw exception for method: testPlanExecutionStarted(org.junit.platform.launcher.core.InternalTestPlan@4f3faa70)
1:24:35 PM PIT >> INFO : MINION : java.lang.NoSuchMethodError: 'org.junit.platform.engine.ConfigurationParameters org.junit.platform.launcher.TestPlan.getConfigurationParameters()'
1:24:35 PM PIT >> INFO : MINION : 	at org.junit.platform.launcher.listeners.UniqueIdTrackingListener.testPlanExecutionStarted(UniqueIdTrackingListener.java:140)
1:24:35 PM PIT >> INFO : MINION : 	at org.junit.platform.launcher.core.CompositeTestExecutionListener.lambda$testPlanExecutionStarted$12(CompositeTestExecutionListener.java:75)
1:24:35 PM PIT >> INFO : MINION : 	at org.junit.platform.launcher.core.CompositeTestExecutionListener.lambda$notifyEach$19(CompositeTestExecutionListener.java:95)
1:24:35 PM PIT >> INFO : MINION : 	at java.base/java.util.ArrayList.forEach(ArrayList.java:1511)
1:24:35 PM PIT >> INFO : MINION : 	at org.junit.platform.launcher.core.CompositeTestExecutionListener.notifyEach(CompositeTestExecutionListener.java:93)
1:24:35 PM PIT >> INFO : MINION : 	at org.junit.platform.launcher.core.CompositeTestExecutionListener.testPlanExecutionStarted(CompositeTestExecutionListener.java:75)
1:24:35 PM PIT >> INFO : MINION : 	at org.junit.platform.launcher.core.EngineExecutionOrchestrator.lambda$execute$0(EngineExecutionOrchestrator.java:53)
1:24:35 PM PIT >> INFO : MINION : 	at org.junit.platform.launcher.core.EngineExecutionOrchestrator.withInterceptedStreams(EngineExecutionOrchestrator.java:67)
1:24:35 PM PIT >> INFO : MINION : 	at org.junit.platform.launcher.core.EngineExecutionOrchestrator.execute(EngineExecutionOrchestrator.java:52)
1:24:35 PM PIT >> INFO : MINION : 	at org.junit.platform.launcher.core.DefaultLauncher.execute(DefaultLauncher.java:114)
1:24:35 PM PIT >> INFO : MINION : 	at org.junit.platform.launcher.core.DefaultLauncher.execute(DefaultLauncher.java:86)
1:24:35 PM PIT >> INFO : MINION : 	at org.junit.platform.launcher.core.DefaultLauncherSession$DelegatingLauncher.execute(DefaultLauncherSession.java:86)
1:24:35 PM PIT >> INFO : MINION : 	at org.junit.platform.launcher.core.SessionPerRequestLauncher.execute(SessionPerRequestLauncher.java:53)
1:24:35 PM PIT >> INFO : MINION : 	at org.pitest.junit5.JUnit5TestUnitFinder.findTestUnits(JUnit5TestUnitFinder.java:84)
1:24:35 PM PIT >> INFO : MINION : 	at org.pitest.mutationtest.config.PrioritisingTestUnitFinder.findTestUnits(PrioritisingTestUnitFinder.java:20)
1:24:35 PM PIT >> INFO : MINION : 	at org.pitest.testapi.execute.FindTestUnits.lambda$findTestUnitsForAllSuppliedClasses$1(FindTestUnits.java:34)
1:24:35 PM PIT >> INFO : MINION : 	at java.base/java.util.stream.ReferencePipeline$7$1.accept(ReferencePipeline.java:273)
1:24:35 PM PIT >> INFO : MINION : 	at java.base/java.util.stream.DistinctOps$1$2.accept(DistinctOps.java:174)
1:24:35 PM PIT >> INFO : MINION : 	at java.base/java.util.stream.Streams$StreamBuilderImpl.forEachRemaining(Streams.java:411)
1:24:35 PM PIT >> INFO : MINION : 	at java.base/java.util.stream.Streams$ConcatSpliterator.forEachRemaining(Streams.java:734)
1:24:35 PM PIT >> INFO : MINION : 	at java.base/java.util.stream.ReferencePipeline$Head.forEach(ReferencePipeline.java:762)
1:24:35 PM PIT >> INFO : MINION : 	at java.base/java.util.stream.ReferencePipeline$7$1.accept(ReferencePipeline.java:276)
1:24:35 PM PIT >> INFO : MINION : 	at java.base/java.util.ArrayList$ArrayListSpliterator.forEachRemaining(ArrayList.java:1625)
1:24:35 PM PIT >> INFO : MINION : 	at java.base/java.util.stream.AbstractPipeline.copyInto(AbstractPipeline.java:509)
1:24:35 PM PIT >> INFO : MINION : 	at java.base/java.util.stream.AbstractPipeline.wrapAndCopyInto(AbstractPipeline.java:499)
1:24:35 PM PIT >> INFO : MINION : 	at java.base/java.util.stream.ReduceOps$ReduceOp.evaluateSequential(ReduceOps.java:921)
1:24:35 PM PIT >> INFO : MINION : 	at java.base/java.util.stream.AbstractPipeline.evaluate(AbstractPipeline.java:234)
1:24:35 PM PIT >> INFO : MINION : 	at java.base/java.util.stream.ReferencePipeline.collect(ReferencePipeline.java:682)
1:24:35 PM PIT >> INFO : MINION : 	at org.pitest.testapi.execute.FindTestUnits.findTestUnitsForAllSuppliedClasses(FindTestUnits.java:35)
1:24:35 PM PIT >> INFO : MINION : 	at org.pitest.coverage.execute.CoverageMinion.discoverTests(CoverageMinion.java:169)
1:24:35 PM PIT >> INFO : MINION : 	at org.pitest.coverage.execute.CoverageMinion.getTestsFromParent(CoverageMinion.java:154)
1:24:35 PM PIT >> INFO : MINION : 	at org.pitest.coverage.execute.CoverageMinion.main(CoverageMinion.java:82)
1:24:35 PM PIT >> INFO : MINION : 
|/-\|/-\|/-\|/-1:24:36 PM PIT >> INFO : MINION : Jan 14, 2026 1:24:36 PM org.junit.platform.launcher.core.CompositeTestExecutionListener lambda$notifyEach$19
1:24:36 PM PIT >> INFO : MINION : WARNING: TestExecutionListener [org.junit.platform.launcher.listeners.UniqueIdTrackingListener] threw exception for method: testPlanExecutionStarted(org.junit.platform.launcher.core.InternalTestPlan@30893e08)
1:24:36 PM PIT >> INFO : MINION : java.lang.NoSuchMethodError: 'org.junit.platform.engine.ConfigurationParameters org.junit.platform.launcher.TestPlan.getConfigurationParameters()'
1:24:36 PM PIT >> INFO : MINION : 	at org.junit.platform.launcher.listeners.UniqueIdTrackingListener.testPlanExecutionStarted(UniqueIdTrackingListener.java:140)
1:24:36 PM PIT >> INFO : MINION : 	at org.junit.platform.launcher.core.CompositeTestExecutionListener.lambda$testPlanExecutionStarted$12(CompositeTestExecutionListener.java:75)
1:24:36 PM PIT >> INFO : MINION : 	at org.junit.platform.launcher.core.CompositeTestExecutionListener.lambda$notifyEach$19(CompositeTestExecutionListener.java:95)
1:24:36 PM PIT >> INFO : MINION : 	at java.base/java.util.ArrayList.forEach(ArrayList.java:1511)
1:24:36 PM PIT >> INFO : MINION : 	at org.junit.platform.launcher.core.CompositeTestExecutionListener.notifyEach(CompositeTestExecutionListener.java:93)
1:24:36 PM PIT >> INFO : MINION : 	at org.junit.platform.launcher.core.CompositeTestExecutionListener.testPlanExecutionStarted(CompositeTestExecutionListener.java:75)
1:24:36 PM PIT >> INFO : MINION : 	at org.junit.platform.launcher.core.EngineExecutionOrchestrator.lambda$execute$0(EngineExecutionOrchestrator.java:53)
1:24:36 PM PIT >> INFO : MINION : 	at org.junit.platform.launcher.core.EngineExecutionOrchestrator.withInterceptedStreams(EngineExecutionOrchestrator.java:67)
1:24:36 PM PIT >> INFO : MINION : 	at org.junit.platform.launcher.core.EngineExecutionOrchestrator.execute(EngineExecutionOrchestrator.java:52)
1:24:36 PM PIT >> INFO : MINION : 	at org.junit.platform.launcher.core.DefaultLauncher.execute(DefaultLauncher.java:114)
1:24:36 PM PIT >> INFO : MINION : 	at org.junit.platform.launcher.core.DefaultLauncher.execute(DefaultLauncher.java:86)
1:24:36 PM PIT >> INFO : MINION : 	at org.junit.platform.launcher.core.DefaultLauncherSession$DelegatingLauncher.execute(DefaultLauncherSession.java:86)
1:24:36 PM PIT >> INFO : MINION : 	at org.junit.platform.launcher.core.SessionPerRequestLauncher.execute(SessionPerRequestLauncher.java:53)
1:24:36 PM PIT >> INFO : MINION : 	at org.pitest.junit5.JUnit5TestUnitFinder.findTestUnits(JUnit5TestUnitFinder.java:84)
1:24:36 PM PIT >> INFO : MINION : 	at org.pitest.mutationtest.config.PrioritisingTestUnitFinder.findTestUnits(PrioritisingTestUnitFinder.java:20)
1:24:36 PM PIT >> INFO : MINION : 	at org.pitest.testapi.execute.FindTestUnits.lambda$findTestUnitsForAllSuppliedClasses$1(FindTestUnits.java:34)
1:24:36 PM PIT >> INFO : MINION : 	at java.base/java.util.stream.ReferencePipeline$7$1.accept(ReferencePipeline.java:273)
1:24:36 PM PIT >> INFO : MINION : 	at java.base/java.util.stream.DistinctOps$1$2.accept(DistinctOps.java:174)
1:24:36 PM PIT >> INFO : MINION : 	at java.base/java.util.stream.Streams$StreamBuilderImpl.forEachRemaining(Streams.java:411)
1:24:36 PM PIT >> INFO : MINION : 	at java.base/java.util.stream.Streams$ConcatSpliterator.forEachRemaining(Streams.java:734)
1:24:36 PM PIT >> INFO : MINION : 	at java.base/java.util.stream.ReferencePipeline$Head.forEach(ReferencePipeline.java:762)
1:24:36 PM PIT >> INFO : MINION : 	at java.base/java.util.stream.ReferencePipeline$7$1.accept(ReferencePipeline.java:276)
1:24:36 PM PIT >> INFO : MINION : 	at java.base/java.util.ArrayList$ArrayListSpliterator.forEachRemaining(ArrayList.java:1625)
1:24:36 PM PIT >> INFO : MINION : 	at java.base/java.util.stream.AbstractPipeline.copyInto(AbstractPipeline.java:509)
1:24:36 PM PIT >> INFO : MINION : 	at java.base/java.util.stream.AbstractPipeline.wrapAndCopyInto(AbstractPipeline.java:499)
1:24:36 PM PIT >> INFO : MINION : 	at java.base/java.util.stream.ReduceOps$ReduceOp.evaluateSequential(ReduceOps.java:921)
1:24:36 PM PIT >> INFO : MINION : 	at java.base/java.util.stream.AbstractPipeline.evaluate(AbstractPipeline.java:234)
1:24:36 PM PIT >> INFO : MINION : 	at java.base/java.util.stream.ReferencePipeline.collect(ReferencePipeline.java:682)
1:24:36 PM PIT >> INFO : MINION : 	at org.pitest.testapi.execute.FindTestUnits.findTestUnitsForAllSuppliedClasses(FindTestUnits.java:35)
1:24:36 PM PIT >> INFO : MINION : 	at org.pitest.coverage.execute.CoverageMinion.discoverTests(CoverageMinion.java:169)
1:24:36 PM PIT >> INFO : MINION : 	at org.pitest.coverage.execute.CoverageMinion.getTestsFromParent(CoverageMinion.java:154)
1:24:36 PM PIT >> INFO : MINION : 	at org.pitest.coverage.execute.CoverageMinion.main(CoverageMinion.java:82)
1:24:36 PM PIT >> INFO : MINION : 
\|/-\|/-\|/-\|/-\|/-\|/-\|/-\|/-\|/-\1:24:36 PM PIT >> INFO : MINION : Jan 14, 2026 1:24:36 PM org.junit.platform.launcher.core.CompositeTestExecutionListener lambda$notifyEach$19
1:24:36 PM PIT >> INFO : MINION : WARNING: TestExecutionListener [org.junit.platform.launcher.listeners.UniqueIdTrackingListener] threw exception for method: testPlanExecutionStarted(org.junit.platform.launcher.core.InternalTestPlan@5bb7a59)
1:24:36 PM PIT >> INFO : MINION : java.lang.NoSuchMethodError: 'org.junit.platform.engine.ConfigurationParameters org.junit.platform.launcher.TestPlan.getConfigurationParameters()'
1:24:36 PM PIT >> INFO : MINION : 	at org.junit.platform.launcher.listeners.UniqueIdTrackingListener.testPlanExecutionStarted(UniqueIdTrackingListener.java:140)
1:24:36 PM PIT >> INFO : MINION : 	at org.junit.platform.launcher.core.CompositeTestExecutionListener.lambda$testPlanExecutionStarted$12(CompositeTestExecutionListener.java:75)
1:24:36 PM PIT >> INFO : MINION : 	at org.junit.platform.launcher.core.CompositeTestExecutionListener.lambda$notifyEach$19(CompositeTestExecutionListener.java:95)
1:24:36 PM PIT >> INFO : MINION : 	at java.base/java.util.ArrayList.forEach(ArrayList.java:1511)
1:24:36 PM PIT >> INFO : MINION : 	at org.junit.platform.launcher.core.CompositeTestExecutionListener.notifyEach(CompositeTestExecutionListener.java:93)
1:24:36 PM PIT >> INFO : MINION : 	at org.junit.platform.launcher.core.CompositeTestExecutionListener.testPlanExecutionStarted(CompositeTestExecutionListener.java:75)
1:24:36 PM PIT >> INFO : MINION : 	at org.junit.platform.launcher.core.EngineExecutionOrchestrator.lambda$execute$0(EngineExecutionOrchestrator.java:53)
1:24:36 PM PIT >> INFO : MINION : 	at org.junit.platform.launcher.core.EngineExecutionOrchestrator.withInterceptedStreams(EngineExecutionOrchestrator.java:67)
1:24:36 PM PIT >> INFO : MINION : 	at org.junit.platform.launcher.core.EngineExecutionOrchestrator.execute(EngineExecutionOrchestrator.java:52)
1:24:36 PM PIT >> INFO : MINION : 	at org.junit.platform.launcher.core.DefaultLauncher.execute(DefaultLauncher.java:114)
1:24:36 PM PIT >> INFO : MINION : 	at org.junit.platform.launcher.core.DefaultLauncher.execute(DefaultLauncher.java:86)
1:24:36 PM PIT >> INFO : MINION : 	at org.junit.platform.launcher.core.DefaultLauncherSession$DelegatingLauncher.execute(DefaultLauncherSession.java:86)
1:24:36 PM PIT >> INFO : MINION : 	at org.junit.platform.launcher.core.SessionPerRequestLauncher.execute(SessionPerRequestLauncher.java:53)
1:24:36 PM PIT >> INFO : MINION : 	at org.pitest.junit5.JUnit5TestUnitFinder.findTestUnits(JUnit5TestUnitFinder.java:84)
1:24:36 PM PIT >> INFO : MINION : 	at org.pitest.mutationtest.config.PrioritisingTestUnitFinder.findTestUnits(PrioritisingTestUnitFinder.java:20)
1:24:36 PM PIT >> INFO : MINION : 	at org.pitest.testapi.execute.FindTestUnits.lambda$findTestUnitsForAllSuppliedClasses$1(FindTestUnits.java:34)
1:24:36 PM PIT >> INFO : MINION : 	at java.base/java.util.stream.ReferencePipeline$7$1.accept(ReferencePipeline.java:273)
1:24:36 PM PIT >> INFO : MINION : 	at java.base/java.util.stream.DistinctOps$1$2.accept(DistinctOps.java:174)
1:24:36 PM PIT >> INFO : MINION : 	at java.base/java.util.stream.Streams$StreamBuilderImpl.forEachRemaining(Streams.java:411)
1:24:36 PM PIT >> INFO : MINION : 	at java.base/java.util.stream.Streams$ConcatSpliterator.forEachRemaining(Streams.java:734)
1:24:36 PM PIT >> INFO : MINION : 	at java.base/java.util.stream.ReferencePipeline$Head.forEach(ReferencePipeline.java:762)
1:24:36 PM PIT >> INFO : MINION : 	at java.base/java.util.stream.ReferencePipeline$7$1.accept(ReferencePipeline.java:276)
1:24:36 PM PIT >> INFO : MINION : 	at java.base/java.util.ArrayList$ArrayListSpliterator.forEachRemaining(ArrayList.java:1625)
1:24:36 PM PIT >> INFO : MINION : 	at java.base/java.util.stream.AbstractPipeline.copyInto(AbstractPipeline.java:509)
1:24:36 PM PIT >> INFO : MINION : 	at java.base/java.util.stream.AbstractPipeline.wrapAndCopyInto(AbstractPipeline.java:499)
1:24:36 PM PIT >> INFO : MINION : 	at java.base/java.util.stream.ReduceOps$ReduceOp.evaluateSequential(ReduceOps.java:921)
1:24:36 PM PIT >> INFO : MINION : 	at java.base/java.util.stream.AbstractPipeline.evaluate(AbstractPipeline.java:234)
1:24:36 PM PIT >> INFO : MINION : 	at java.base/java.util.stream.ReferencePipeline.collect(ReferencePipeline.java:682)
1:24:36 PM PIT >> INFO : MINION : 	at org.pitest.testapi.execute.FindTestUnits.findTestUnitsForAllSuppliedClasses(FindTestUnits.java:35)
1:24:36 PM PIT >> INFO : MINION : 	at org.pitest.coverage.execute.CoverageMinion.discoverTests(CoverageMinion.java:169)
1:24:36 PM PIT >> INFO : MINION : 	at org.pitest.coverage.execute.CoverageMinion.getTestsFromParent(CoverageMinion.java:154)
1:24:36 PM PIT >> INFO : MINION : 	at org.pitest.coverage.execute.CoverageMinion.main(CoverageMinion.java:82)
1:24:36 PM PIT >> INFO : MINION : 
|/-\|/1:24:36 PM PIT >> INFO : MINION : Jan 14, 2026 1:24:36 PM org.junit.platform.launcher.core.CompositeTestExecutionListener lambda$notifyEach$19
1:24:36 PM PIT >> INFO : MINION : WARNING: TestExecutionListener [org.junit.platform.launcher.listeners.UniqueIdTrackingListener] threw exception for method: testPlanExecutionStarted(org.junit.platform.launcher.core.InternalTestPlan@2b936b04)
1:24:36 PM PIT >> INFO : MINION : java.lang.NoSuchMethodError: 'org.junit.platform.engine.ConfigurationParameters org.junit.platform.launcher.TestPlan.getConfigurationParameters()'
1:24:36 PM PIT >> INFO : MINION : 	at org.junit.platform.launcher.listeners.UniqueIdTrackingListener.testPlanExecutionStarted(UniqueIdTrackingListener.java:140)
1:24:36 PM PIT >> INFO : MINION : 	at org.junit.platform.launcher.core.CompositeTestExecutionListener.lambda$testPlanExecutionStarted$12(CompositeTestExecutionListener.java:75)
1:24:36 PM PIT >> INFO : MINION : 	at org.junit.platform.launcher.core.CompositeTestExecutionListener.lambda$notifyEach$19(CompositeTestExecutionListener.java:95)
1:24:36 PM PIT >> INFO : MINION : 	at java.base/java.util.ArrayList.forEach(ArrayList.java:1511)
1:24:36 PM PIT >> INFO : MINION : 	at org.junit.platform.launcher.core.CompositeTestExecutionListener.notifyEach(CompositeTestExecutionListener.java:93)
1:24:36 PM PIT >> INFO : MINION : 	at org.junit.platform.launcher.core.CompositeTestExecutionListener.testPlanExecutionStarted(CompositeTestExecutionListener.java:75)
1:24:36 PM PIT >> INFO : MINION : 	at org.junit.platform.launcher.core.EngineExecutionOrchestrator.lambda$execute$0(EngineExecutionOrchestrator.java:53)
1:24:36 PM PIT >> INFO : MINION : 	at org.junit.platform.launcher.core.EngineExecutionOrchestrator.withInterceptedStreams(EngineExecutionOrchestrator.java:67)
1:24:36 PM PIT >> INFO : MINION : 	at org.junit.platform.launcher.core.EngineExecutionOrchestrator.execute(EngineExecutionOrchestrator.java:52)
1:24:36 PM PIT >> INFO : MINION : 	at org.junit.platform.launcher.core.DefaultLauncher.execute(DefaultLauncher.java:114)
1:24:36 PM PIT >> INFO : MINION : 	at org.junit.platform.launcher.core.DefaultLauncher.execute(DefaultLauncher.java:86)
1:24:36 PM PIT >> INFO : MINION : 	at org.junit.platform.launcher.core.DefaultLauncherSession$DelegatingLauncher.execute(DefaultLauncherSession.java:86)
1:24:36 PM PIT >> INFO : MINION : 	at org.junit.platform.launcher.core.SessionPerRequestLauncher.execute(SessionPerRequestLauncher.java:53)
1:24:36 PM PIT >> INFO : MINION : 	at org.pitest.junit5.JUnit5TestUnitFinder.findTestUnits(JUnit5TestUnitFinder.java:84)
1:24:36 PM PIT >> INFO : MINION : 	at org.pitest.mutationtest.config.PrioritisingTestUnitFinder.findTestUnits(PrioritisingTestUnitFinder.java:20)
1:24:36 PM PIT >> INFO : MINION : 	at org.pitest.testapi.execute.FindTestUnits.lambda$findTestUnitsForAllSuppliedClasses$1(FindTestUnits.java:34)
1:24:36 PM PIT >> INFO : MINION : 	at java.base/java.util.stream.ReferencePipeline$7$1.accept(ReferencePipeline.java:273)
1:24:36 PM PIT >> INFO : MINION : 	at java.base/java.util.stream.DistinctOps$1$2.accept(DistinctOps.java:174)
1:24:36 PM PIT >> INFO : MINION : 	at java.base/java.util.stream.Streams$StreamBuilderImpl.forEachRemaining(Streams.java:411)
1:24:36 PM PIT >> INFO : MINION : 	at java.base/java.util.stream.Streams$ConcatSpliterator.forEachRemaining(Streams.java:734)
1:24:36 PM PIT >> INFO : MINION : 	at java.base/java.util.stream.ReferencePipeline$Head.forEach(ReferencePipeline.java:762)
1:24:36 PM PIT >> INFO : MINION : 	at java.base/java.util.stream.ReferencePipeline$7$1.accept(ReferencePipeline.java:276)
1:24:36 PM PIT >> INFO : MINION : 	at java.base/java.util.ArrayList$ArrayListSpliterator.forEachRemaining(ArrayList.java:1625)
1:24:36 PM PIT >> INFO : MINION : 	at java.base/java.util.stream.AbstractPipeline.copyInto(AbstractPipeline.java:509)
1:24:36 PM PIT >> INFO : MINION : 	at java.base/java.util.stream.AbstractPipeline.wrapAndCopyInto(AbstractPipeline.java:499)
1:24:36 PM PIT >> INFO : MINION : 	at java.base/java.util.stream.ReduceOps$ReduceOp.evaluateSequential(ReduceOps.java:921)
1:24:36 PM PIT >> INFO : MINION : 	at java.base/java.util.stream.AbstractPipeline.evaluate(AbstractPipeline.java:234)
1:24:36 PM PIT >> INFO : MINION : 	at java.base/java.util.stream.ReferencePipeline.collect(ReferencePipeline.java:682)
1:24:36 PM PIT >> INFO : MINION : 	at org.pitest.testapi.execute.FindTestUnits.findTestUnitsForAllSuppliedClasses(FindTestUnits.java:35)
1:24:36 PM PIT >> INFO : MINION : 	at org.pitest.coverage.execute.CoverageMinion.discoverTests(CoverageMinion.java:169)
1:24:36 PM PIT >> INFO : MINION : 	at org.pitest.coverage.execute.CoverageMinion.getTestsFromParent(CoverageMinion.java:154)
1:24:36 PM PIT >> INFO : MINION : 	at org.pitest.coverage.execute.CoverageMinion.main(CoverageMinion.java:82)
1:24:36 PM PIT >> INFO : MINION : 
-\|/-\|/-\|/-\|/-\|/-\|1:24:36 PM PIT >> INFO : MINION : Jan 14, 2026 1:24:36 PM org.junit.platform.launcher.core.CompositeTestExecutionListener lambda$notifyEach$19
1:24:36 PM PIT >> INFO : MINION : WARNING: TestExecutionListener [org.junit.platform.launcher.listeners.UniqueIdTrackingListener] threw exception for method: testPlanExecutionStarted(org.junit.platform.launcher.core.InternalTestPlan@4fa0ee7e)
1:24:36 PM PIT >> INFO : MINION : java.lang.NoSuchMethodError: 'org.junit.platform.engine.ConfigurationParameters org.junit.platform.launcher.TestPlan.getConfigurationParameters()'
1:24:36 PM PIT >> INFO : MINION : 	at org.junit.platform.launcher.listeners.UniqueIdTrackingListener.testPlanExecutionStarted(UniqueIdTrackingListener.java:140)
1:24:36 PM PIT >> INFO : MINION : 	at org.junit.platform.launcher.core.CompositeTestExecutionListener.lambda$testPlanExecutionStarted$12(CompositeTestExecutionListener.java:75)
1:24:36 PM PIT >> INFO : MINION : 	at org.junit.platform.launcher.core.CompositeTestExecutionListener.lambda$notifyEach$19(CompositeTestExecutionListener.java:95)
1:24:36 PM PIT >> INFO : MINION : 	at java.base/java.util.ArrayList.forEach(ArrayList.java:1511)
1:24:36 PM PIT >> INFO : MINION : 	at org.junit.platform.launcher.core.CompositeTestExecutionListener.notifyEach(CompositeTestExecutionListener.java:93)
1:24:36 PM PIT >> INFO : MINION : 	at org.junit.platform.launcher.core.CompositeTestExecutionListener.testPlanExecutionStarted(CompositeTestExecutionListener.java:75)
1:24:36 PM PIT >> INFO : MINION : 	at org.junit.platform.launcher.core.EngineExecutionOrchestrator.lambda$execute$0(EngineExecutionOrchestrator.java:53)
1:24:36 PM PIT >> INFO : MINION : 	at org.junit.platform.launcher.core.EngineExecutionOrchestrator.withInterceptedStreams(EngineExecutionOrchestrator.java:67)
1:24:36 PM PIT >> INFO : MINION : 	at org.junit.platform.launcher.core.EngineExecutionOrchestrator.execute(EngineExecutionOrchestrator.java:52)
1:24:36 PM PIT >> INFO : MINION : 	at org.junit.platform.launcher.core.DefaultLauncher.execute(DefaultLauncher.java:114)
1:24:36 PM PIT >> INFO : MINION : 	at org.junit.platform.launcher.core.DefaultLauncher.execute(DefaultLauncher.java:86)
1:24:36 PM PIT >> INFO : MINION : 	at org.junit.platform.launcher.core.DefaultLauncherSession$DelegatingLauncher.execute(DefaultLauncherSession.java:86)
1:24:36 PM PIT >> INFO : MINION : 	at org.junit.platform.launcher.core.SessionPerRequestLauncher.execute(SessionPerRequestLauncher.java:53)
1:24:36 PM PIT >> INFO : MINION : 	at org.pitest.junit5.JUnit5TestUnitFinder.findTestUnits(JUnit5TestUnitFinder.java:84)
1:24:36 PM PIT >> INFO : MINION : 	at org.pitest.mutationtest.config.PrioritisingTestUnitFinder.findTestUnits(PrioritisingTestUnitFinder.java:20)
1:24:36 PM PIT >> INFO : MINION : 	at org.pitest.testapi.execute.FindTestUnits.lambda$findTestUnitsForAllSuppliedClasses$1(FindTestUnits.java:34)
1:24:36 PM PIT >> INFO : MINION : 	at java.base/java.util.stream.ReferencePipeline$7$1.accept(ReferencePipeline.java:273)
1:24:36 PM PIT >> INFO : MINION : 	at java.base/java.util.stream.DistinctOps$1$2.accept(DistinctOps.java:174)
1:24:36 PM PIT >> INFO : MINION : 	at java.base/java.util.stream.Streams$StreamBuilderImpl.forEachRemaining(Streams.java:411)
1:24:36 PM PIT >> INFO : MINION : 	at java.base/java.util.stream.Streams$ConcatSpliterator.forEachRemaining(Streams.java:734)
1:24:36 PM PIT >> INFO : MINION : 	at java.base/java.util.stream.ReferencePipeline$Head.forEach(ReferencePipeline.java:762)
1:24:36 PM PIT >> INFO : MINION : 	at java.base/java.util.stream.ReferencePipeline$7$1.accept(ReferencePipeline.java:276)
1:24:36 PM PIT >> INFO : MINION : 	at java.base/java.util.ArrayList$ArrayListSpliterator.forEachRemaining(ArrayList.java:1625)
1:24:36 PM PIT >> INFO : MINION : 	at java.base/java.util.stream.AbstractPipeline.copyInto(AbstractPipeline.java:509)
1:24:36 PM PIT >> INFO : MINION : 	at java.base/java.util.stream.AbstractPipeline.wrapAndCopyInto(AbstractPipeline.java:499)
1:24:36 PM PIT >> INFO : MINION : 	at java.base/java.util.stream.ReduceOps$ReduceOp.evaluateSequential(ReduceOps.java:921)
1:24:36 PM PIT >> INFO : MINION : 	at java.base/java.util.stream.AbstractPipeline.evaluate(AbstractPipeline.java:234)
1:24:36 PM PIT >> INFO : MINION : 	at java.base/java.util.stream.ReferencePipeline.collect(ReferencePipeline.java:682)
1:24:36 PM PIT >> INFO : MINION : 	at org.pitest.testapi.execute.FindTestUnits.findTestUnitsForAllSuppliedClasses(FindTestUnits.java:35)
1:24:36 PM PIT >> INFO : MINION : 	at org.pitest.coverage.execute.CoverageMinion.discoverTests(CoverageMinion.java:169)
1:24:36 PM PIT >> INFO : MINION : 	at org.pitest.coverage.execute.CoverageMinion.getTestsFromParent(CoverageMinion.java:154)
1:24:36 PM PIT >> INFO : MINION : 	at org.pitest.coverage.execute.CoverageMinion.main(CoverageMinion.java:82)
1:24:36 PM PIT >> INFO : MINION : 
/1:24:36 PM PIT >> INFO : MINION : Jan 14, 2026 1:24:36 PM org.junit.platform.launcher.core.CompositeTestExecutionListener lambda$notifyEach$19
1:24:36 PM PIT >> INFO : MINION : WARNING: TestExecutionListener [org.junit.platform.launcher.listeners.UniqueIdTrackingListener] threw exception for method: testPlanExecutionStarted(org.junit.platform.launcher.core.InternalTestPlan@5aa6da2)
1:24:36 PM PIT >> INFO : MINION : java.lang.NoSuchMethodError: 'org.junit.platform.engine.ConfigurationParameters org.junit.platform.launcher.TestPlan.getConfigurationParameters()'
1:24:36 PM PIT >> INFO : MINION : 	at org.junit.platform.launcher.listeners.UniqueIdTrackingListener.testPlanExecutionStarted(UniqueIdTrackingListener.java:140)
1:24:36 PM PIT >> INFO : MINION : 	at org.junit.platform.launcher.core.CompositeTestExecutionListener.lambda$testPlanExecutionStarted$12(CompositeTestExecutionListener.java:75)
1:24:36 PM PIT >> INFO : MINION : 	at org.junit.platform.launcher.core.CompositeTestExecutionListener.lambda$notifyEach$19(CompositeTestExecutionListener.java:95)
1:24:36 PM PIT >> INFO : MINION : 	at java.base/java.util.ArrayList.forEach(ArrayList.java:1511)
1:24:36 PM PIT >> INFO : MINION : 	at org.junit.platform.launcher.core.CompositeTestExecutionListener.notifyEach(CompositeTestExecutionListener.java:93)
1:24:36 PM PIT >> INFO : MINION : 	at org.junit.platform.launcher.core.CompositeTestExecutionListener.testPlanExecutionStarted(CompositeTestExecutionListener.java:75)
1:24:36 PM PIT >> INFO : MINION : 	at org.junit.platform.launcher.core.EngineExecutionOrchestrator.lambda$execute$0(EngineExecutionOrchestrator.java:53)
1:24:36 PM PIT >> INFO : MINION : 	at org.junit.platform.launcher.core.EngineExecutionOrchestrator.withInterceptedStreams(EngineExecutionOrchestrator.java:67)
1:24:36 PM PIT >> INFO : MINION : 	at org.junit.platform.launcher.core.EngineExecutionOrchestrator.execute(EngineExecutionOrchestrator.java:52)
1:24:36 PM PIT >> INFO : MINION : 	at org.junit.platform.launcher.core.DefaultLauncher.execute(DefaultLauncher.java:114)
1:24:36 PM PIT >> INFO : MINION : 	at org.junit.platform.launcher.core.DefaultLauncher.execute(DefaultLauncher.java:86)
1:24:36 PM PIT >> INFO : MINION : 	at org.junit.platform.launcher.core.DefaultLauncherSession$DelegatingLauncher.execute(DefaultLauncherSession.java:86)
1:24:36 PM PIT >> INFO : MINION : 	at org.junit.platform.launcher.core.SessionPerRequestLauncher.execute(SessionPerRequestLauncher.java:53)
1:24:36 PM PIT >> INFO : MINION : 	at org.pitest.junit5.JUnit5TestUnitFinder.findTestUnits(JUnit5TestUnitFinder.java:84)
1:24:36 PM PIT >> INFO : MINION : 	at org.pitest.mutationtest.config.PrioritisingTestUnitFinder.findTestUnits(PrioritisingTestUnitFinder.java:20)
1:24:36 PM PIT >> INFO : MINION : 	at org.pitest.testapi.execute.FindTestUnits.lambda$findTestUnitsForAllSuppliedClasses$1(FindTestUnits.java:34)
1:24:36 PM PIT >> INFO : MINION : 	at java.base/java.util.stream.ReferencePipeline$7$1.accept(ReferencePipeline.java:273)
1:24:36 PM PIT >> INFO : MINION : 	at java.base/java.util.stream.DistinctOps$1$2.accept(DistinctOps.java:174)
1:24:36 PM PIT >> INFO : MINION : 	at java.base/java.util.stream.Streams$StreamBuilderImpl.forEachRemaining(Streams.java:411)
1:24:36 PM PIT >> INFO : MINION : 	at java.base/java.util.stream.Streams$ConcatSpliterator.forEachRemaining(Streams.java:734)
1:24:36 PM PIT >> INFO : MINION : 	at java.base/java.util.stream.ReferencePipeline$Head.forEach(ReferencePipeline.java:762)
1:24:36 PM PIT >> INFO : MINION : 	at java.base/java.util.stream.ReferencePipeline$7$1.accept(ReferencePipeline.java:276)
1:24:36 PM PIT >> INFO : MINION : 	at java.base/java.util.ArrayList$ArrayListSpliterator.forEachRemaining(ArrayList.java:1625)
1:24:36 PM PIT >> INFO : MINION : 	at java.base/java.util.stream.AbstractPipeline.copyInto(AbstractPipeline.java:509)
1:24:36 PM PIT >> INFO : MINION : 	at java.base/java.util.stream.AbstractPipeline.wrapAndCopyInto(AbstractPipeline.java:499)
1:24:36 PM PIT >> INFO : MINION : 	at java.base/java.util.stream.ReduceOps$ReduceOp.evaluateSequential(ReduceOps.java:921)
1:24:36 PM PIT >> INFO : MINION : 	at java.base/java.util.stream.AbstractPipeline.evaluate(AbstractPipeline.java:234)
1:24:36 PM PIT >> INFO : MINION : 	at java.base/java.util.stream.ReferencePipeline.collect(ReferencePipeline.java:682)
1:24:36 PM PIT >> INFO : MINION : 	at org.pitest.testapi.execute.FindTestUnits.findTestUnitsForAllSuppliedClasses(FindTestUnits.java:35)
1:24:36 PM PIT >> INFO : MINION : 	at org.pitest.coverage.execute.CoverageMinion.discoverTests(CoverageMinion.java:169)
1:24:36 PM PIT >> INFO : MINION : 	at org.pitest.coverage.execute.CoverageMinion.getTestsFromParent(CoverageMinion.java:154)
1:24:36 PM PIT >> INFO : MINION : 	at org.pitest.coverage.execute.CoverageMinion.main(CoverageMinion.java:82)
1:24:36 PM PIT >> INFO : MINION : 
-1:24:36 PM PIT >> INFO : MINION : Jan 14, 2026 1:24:36 PM org.junit.platform.launcher.core.CompositeTestExecutionListener lambda$notifyEach$19
1:24:36 PM PIT >> INFO : MINION : WARNING: TestExecutionListener [org.junit.platform.launcher.listeners.UniqueIdTrackingListener] threw exception for method: testPlanExecutionStarted(org.junit.platform.launcher.core.InternalTestPlan@60816371)
1:24:36 PM PIT >> INFO : MINION : java.lang.NoSuchMethodError: 'org.junit.platform.engine.ConfigurationParameters org.junit.platform.launcher.TestPlan.getConfigurationParameters()'
1:24:36 PM PIT >> INFO : MINION : 	at org.junit.platform.launcher.listeners.UniqueIdTrackingListener.testPlanExecutionStarted(UniqueIdTrackingListener.java:140)
1:24:36 PM PIT >> INFO : MINION : 	at org.junit.platform.launcher.core.CompositeTestExecutionListener.lambda$testPlanExecutionStarted$12(CompositeTestExecutionListener.java:75)
1:24:36 PM PIT >> INFO : MINION : 	at org.junit.platform.launcher.core.CompositeTestExecutionListener.lambda$notifyEach$19(CompositeTestExecutionListener.java:95)
1:24:36 PM PIT >> INFO : MINION : 	at java.base/java.util.ArrayList.forEach(ArrayList.java:1511)
1:24:36 PM PIT >> INFO : MINION : 	at org.junit.platform.launcher.core.CompositeTestExecutionListener.notifyEach(CompositeTestExecutionListener.java:93)
1:24:36 PM PIT >> INFO : MINION : 	at org.junit.platform.launcher.core.CompositeTestExecutionListener.testPlanExecutionStarted(CompositeTestExecutionListener.java:75)
1:24:36 PM PIT >> INFO : MINION : 	at org.junit.platform.launcher.core.EngineExecutionOrchestrator.lambda$execute$0(EngineExecutionOrchestrator.java:53)
1:24:36 PM PIT >> INFO : MINION : 	at org.junit.platform.launcher.core.EngineExecutionOrchestrator.withInterceptedStreams(EngineExecutionOrchestrator.java:67)
1:24:36 PM PIT >> INFO : MINION : 	at org.junit.platform.launcher.core.EngineExecutionOrchestrator.execute(EngineExecutionOrchestrator.java:52)
1:24:36 PM PIT >> INFO : MINION : 	at org.junit.platform.launcher.core.DefaultLauncher.execute(DefaultLauncher.java:114)
1:24:36 PM PIT >> INFO : MINION : 	at org.junit.platform.launcher.core.DefaultLauncher.execute(DefaultLauncher.java:86)
1:24:36 PM PIT >> INFO : MINION : 	at org.junit.platform.launcher.core.DefaultLauncherSession$DelegatingLauncher.execute(DefaultLauncherSession.java:86)
1:24:36 PM PIT >> INFO : MINION : 	at org.junit.platform.launcher.core.SessionPerRequestLauncher.execute(SessionPerRequestLauncher.java:53)
1:24:36 PM PIT >> INFO : MINION : 	at org.pitest.junit5.JUnit5TestUnitFinder.findTestUnits(JUnit5TestUnitFinder.java:84)
1:24:36 PM PIT >> INFO : MINION : 	at org.pitest.mutationtest.config.PrioritisingTestUnitFinder.findTestUnits(PrioritisingTestUnitFinder.java:20)
1:24:36 PM PIT >> INFO : MINION : 	at org.pitest.testapi.execute.FindTestUnits.lambda$findTestUnitsForAllSuppliedClasses$1(FindTestUnits.java:34)
1:24:36 PM PIT >> INFO : MINION : 	at java.base/java.util.stream.ReferencePipeline$7$1.accept(ReferencePipeline.java:273)
1:24:36 PM PIT >> INFO : MINION : 	at java.base/java.util.stream.DistinctOps$1$2.accept(DistinctOps.java:174)
1:24:36 PM PIT >> INFO : MINION : 	at java.base/java.util.stream.Streams$StreamBuilderImpl.forEachRemaining(Streams.java:411)
1:24:36 PM PIT >> INFO : MINION : 	at java.base/java.util.stream.Streams$ConcatSpliterator.forEachRemaining(Streams.java:734)
1:24:36 PM PIT >> INFO : MINION : 	at java.base/java.util.stream.ReferencePipeline$Head.forEach(ReferencePipeline.java:762)
1:24:36 PM PIT >> INFO : MINION : 	at java.base/java.util.stream.ReferencePipeline$7$1.accept(ReferencePipeline.java:276)
1:24:36 PM PIT >> INFO : MINION : 	at java.base/java.util.ArrayList$ArrayListSpliterator.forEachRemaining(ArrayList.java:1625)
1:24:36 PM PIT >> INFO : MINION : 	at java.base/java.util.stream.AbstractPipeline.copyInto(AbstractPipeline.java:509)
1:24:36 PM PIT >> INFO : MINION : 	at java.base/java.util.stream.AbstractPipeline.wrapAndCopyInto(AbstractPipeline.java:499)
1:24:36 PM PIT >> INFO : MINION : 	at java.base/java.util.stream.ReduceOps$ReduceOp.evaluateSequential(ReduceOps.java:921)
1:24:36 PM PIT >> INFO : MINION : 	at java.base/java.util.stream.AbstractPipeline.evaluate(AbstractPipeline.java:234)
1:24:36 PM PIT >> INFO : MINION : 	at java.base/java.util.stream.ReferencePipeline.collect(ReferencePipeline.java:682)
1:24:36 PM PIT >> INFO : MINION : 	at org.pitest.testapi.execute.FindTestUnits.findTestUnitsForAllSuppliedClasses(FindTestUnits.java:35)
1:24:36 PM PIT >> INFO : MINION : 	at org.pitest.coverage.execute.CoverageMinion.discoverTests(CoverageMinion.java:169)
1:24:36 PM PIT >> INFO : MINION : 	at org.pitest.coverage.execute.CoverageMinion.getTestsFromParent(CoverageMinion.java:154)
1:24:36 PM PIT >> INFO : MINION : 	at org.pitest.coverage.execute.CoverageMinion.main(CoverageMinion.java:82)
1:24:36 PM PIT >> INFO : MINION : 
\1:24:36 PM PIT >> INFO : MINION : Jan 14, 2026 1:24:36 PM org.junit.platform.launcher.core.CompositeTestExecutionListener lambda$notifyEach$19
1:24:36 PM PIT >> INFO : MINION : WARNING: TestExecutionListener [org.junit.platform.launcher.listeners.UniqueIdTrackingListener] threw exception for method: testPlanExecutionStarted(org.junit.platform.launcher.core.InternalTestPlan@4b3ad7ca)
1:24:36 PM PIT >> INFO : MINION : java.lang.NoSuchMethodError: 'org.junit.platform.engine.ConfigurationParameters org.junit.platform.launcher.TestPlan.getConfigurationParameters()'
1:24:36 PM PIT >> INFO : MINION : 	at org.junit.platform.launcher.listeners.UniqueIdTrackingListener.testPlanExecutionStarted(UniqueIdTrackingListener.java:140)
1:24:36 PM PIT >> INFO : MINION : 	at org.junit.platform.launcher.core.CompositeTestExecutionListener.lambda$testPlanExecutionStarted$12(CompositeTestExecutionListener.java:75)
1:24:36 PM PIT >> INFO : MINION : 	at org.junit.platform.launcher.core.CompositeTestExecutionListener.lambda$notifyEach$19(CompositeTestExecutionListener.java:95)
1:24:36 PM PIT >> INFO : MINION : 	at java.base/java.util.ArrayList.forEach(ArrayList.java:1511)
1:24:36 PM PIT >> INFO : MINION : 	at org.junit.platform.launcher.core.CompositeTestExecutionListener.notifyEach(CompositeTestExecutionListener.java:93)
1:24:36 PM PIT >> INFO : MINION : 	at org.junit.platform.launcher.core.CompositeTestExecutionListener.testPlanExecutionStarted(CompositeTestExecutionListener.java:75)
1:24:36 PM PIT >> INFO : MINION : 	at org.junit.platform.launcher.core.EngineExecutionOrchestrator.lambda$execute$0(EngineExecutionOrchestrator.java:53)
1:24:36 PM PIT >> INFO : MINION : 	at org.junit.platform.launcher.core.EngineExecutionOrchestrator.withInterceptedStreams(EngineExecutionOrchestrator.java:67)
1:24:36 PM PIT >> INFO : MINION : 	at org.junit.platform.launcher.core.EngineExecutionOrchestrator.execute(EngineExecutionOrchestrator.java:52)
1:24:36 PM PIT >> INFO : MINION : 	at org.junit.platform.launcher.core.DefaultLauncher.execute(DefaultLauncher.java:114)
1:24:36 PM PIT >> INFO : MINION : 	at org.junit.platform.launcher.core.DefaultLauncher.execute(DefaultLauncher.java:86)
1:24:36 PM PIT >> INFO : MINION : 	at org.junit.platform.launcher.core.DefaultLauncherSession$DelegatingLauncher.execute(DefaultLauncherSession.java:86)
1:24:36 PM PIT >> INFO : MINION : 	at org.junit.platform.launcher.core.SessionPerRequestLauncher.execute(SessionPerRequestLauncher.java:53)
1:24:36 PM PIT >> INFO : MINION : 	at org.pitest.junit5.JUnit5TestUnitFinder.findTestUnits(JUnit5TestUnitFinder.java:84)
1:24:36 PM PIT >> INFO : MINION : 	at org.pitest.mutationtest.config.PrioritisingTestUnitFinder.findTestUnits(PrioritisingTestUnitFinder.java:20)
1:24:36 PM PIT >> INFO : MINION : 	at org.pitest.testapi.execute.FindTestUnits.lambda$findTestUnitsForAllSuppliedClasses$1(FindTestUnits.java:34)
|1:24:36 PM PIT >> INFO : MINION : 	at java.base/java.util.stream.ReferencePipeline$7$1.accept(ReferencePipeline.java:273)
1:24:36 PM PIT >> INFO : MINION : 	at java.base/java.util.stream.DistinctOps$1$2.accept(DistinctOps.java:174)
1:24:36 PM PIT >> INFO : MINION : 	at java.base/java.util.stream.Streams$StreamBuilderImpl.forEachRemaining(Streams.java:411)
1:24:36 PM PIT >> INFO : MINION : 	at java.base/java.util.stream.Streams$ConcatSpliterator.forEachRemaining(Streams.java:734)
1:24:36 PM PIT >> INFO : MINION : 	at java.base/java.util.stream.ReferencePipeline$Head.forEach(ReferencePipeline.java:762)
1:24:36 PM PIT >> INFO : MINION : 	at java.base/java.util.stream.ReferencePipeline$7$1.accept(ReferencePipeline.java:276)
1:24:36 PM PIT >> INFO : MINION : 	at java.base/java.util.ArrayList$ArrayListSpliterator.forEachRemaining(ArrayList.java:1625)
1:24:36 PM PIT >> INFO : MINION : 	at java.base/java.util.stream.AbstractPipeline.copyInto(AbstractPipeline.java:509)
1:24:36 PM PIT >> INFO : MINION : 	at java.base/java.util.stream.AbstractPipeline.wrapAndCopyInto(AbstractPipeline.java:499)
1:24:36 PM PIT >> INFO : MINION : 	at java.base/java.util.stream.ReduceOps$ReduceOp.evaluateSequential(ReduceOps.java:921)
1:24:36 PM PIT >> INFO : MINION : 	at java.base/java.util.stream.AbstractPipeline.evaluate(AbstractPipeline.java:234)
1:24:36 PM PIT >> INFO : MINION : 	at java.base/java.util.stream.ReferencePipeline.collect(ReferencePipeline.java:682)
1:24:36 PM PIT >> INFO : MINION : 	at org.pitest.testapi.execute.FindTestUnits.findTestUnitsForAllSuppliedClasses(FindTestUnits.java:35)
1:24:36 PM PIT >> INFO : MINION : 	at org.pitest.coverage.execute.CoverageMinion.discoverTests(CoverageMinion.java:169)
1:24:36 PM PIT >> INFO : MINION : 	at org.pitest.coverage.execute.CoverageMinion.getTestsFromParent(CoverageMinion.java:154)
1:24:36 PM PIT >> INFO : MINION : 	at org.pitest.coverage.execute.CoverageMinion.main(CoverageMinion.java:82)
1:24:36 PM PIT >> INFO : MINION : 
/-\|/1:24:36 PM PIT >> INFO : MINION : Jan 14, 2026 1:24:36 PM org.junit.platform.launcher.core.CompositeTestExecutionListener lambda$notifyEach$19
1:24:36 PM PIT >> INFO : MINION : WARNING: TestExecutionListener [org.junit.platform.launcher.listeners.UniqueIdTrackingListener] threw exception for method: testPlanExecutionStarted(org.junit.platform.launcher.core.InternalTestPlan@60652518)
1:24:36 PM PIT >> INFO : MINION : java.lang.NoSuchMethodError: 'org.junit.platform.engine.ConfigurationParameters org.junit.platform.launcher.TestPlan.getConfigurationParameters()'
1:24:36 PM PIT >> INFO : MINION : 	at org.junit.platform.launcher.listeners.UniqueIdTrackingListener.testPlanExecutionStarted(UniqueIdTrackingListener.java:140)
1:24:36 PM PIT >> INFO : MINION : 	at org.junit.platform.launcher.core.CompositeTestExecutionListener.lambda$testPlanExecutionStarted$12(CompositeTestExecutionListener.java:75)
1:24:36 PM PIT >> INFO : MINION : 	at org.junit.platform.launcher.core.CompositeTestExecutionListener.lambda$notifyEach$19(CompositeTestExecutionListener.java:95)
1:24:36 PM PIT >> INFO : MINION : 	at java.base/java.util.ArrayList.forEach(ArrayList.java:1511)
1:24:36 PM PIT >> INFO : MINION : 	at org.junit.platform.launcher.core.CompositeTestExecutionListener.notifyEach(CompositeTestExecutionListener.java:93)
1:24:36 PM PIT >> INFO : MINION : 	at org.junit.platform.launcher.core.CompositeTestExecutionListener.testPlanExecutionStarted(CompositeTestExecutionListener.java:75)
1:24:36 PM PIT >> INFO : MINION : 	at org.junit.platform.launcher.core.EngineExecutionOrchestrator.lambda$execute$0(EngineExecutionOrchestrator.java:53)
1:24:36 PM PIT >> INFO : MINION : 	at org.junit.platform.launcher.core.EngineExecutionOrchestrator.withInterceptedStreams(EngineExecutionOrchestrator.java:67)
1:24:36 PM PIT >> INFO : MINION : 	at org.junit.platform.launcher.core.EngineExecutionOrchestrator.execute(EngineExecutionOrchestrator.java:52)
1:24:36 PM PIT >> INFO : MINION : 	at org.junit.platform.launcher.core.DefaultLauncher.execute(DefaultLauncher.java:114)
1:24:36 PM PIT >> INFO : MINION : 	at org.junit.platform.launcher.core.DefaultLauncher.execute(DefaultLauncher.java:86)
1:24:36 PM PIT >> INFO : MINION : 	at org.junit.platform.launcher.core.DefaultLauncherSession$DelegatingLauncher.execute(DefaultLauncherSession.java:86)
1:24:36 PM PIT >> INFO : MINION : 	at org.junit.platform.launcher.core.SessionPerRequestLauncher.execute(SessionPerRequestLauncher.java:53)
1:24:36 PM PIT >> INFO : MINION : 	at org.pitest.junit5.JUnit5TestUnitFinder.findTestUnits(JUnit5TestUnitFinder.java:84)
1:24:36 PM PIT >> INFO : MINION : 	at org.pitest.mutationtest.config.PrioritisingTestUnitFinder.findTestUnits(PrioritisingTestUnitFinder.java:20)
1:24:36 PM PIT >> INFO : MINION : 	at org.pitest.testapi.execute.FindTestUnits.lambda$findTestUnitsForAllSuppliedClasses$1(FindTestUnits.java:34)
1:24:36 PM PIT >> INFO : MINION : 	at java.base/java.util.stream.ReferencePipeline$7$1.accept(ReferencePipeline.java:273)
1:24:36 PM PIT >> INFO : MINION : 	at java.base/java.util.stream.DistinctOps$1$2.accept(DistinctOps.java:174)
1:24:36 PM PIT >> INFO : MINION : 	at java.base/java.util.stream.Streams$StreamBuilderImpl.forEachRemaining(Streams.java:411)
1:24:36 PM PIT >> INFO : MINION : 	at java.base/java.util.stream.Streams$ConcatSpliterator.forEachRemaining(Streams.java:734)
1:24:36 PM PIT >> INFO : MINION : 	at java.base/java.util.stream.ReferencePipeline$Head.forEach(ReferencePipeline.java:762)
1:24:36 PM PIT >> INFO : MINION : 	at java.base/java.util.stream.ReferencePipeline$7$1.accept(ReferencePipeline.java:276)
1:24:36 PM PIT >> INFO : MINION : 	at java.base/java.util.ArrayList$ArrayListSpliterator.forEachRemaining(ArrayList.java:1625)
1:24:36 PM PIT >> INFO : MINION : 	at java.base/java.util.stream.AbstractPipeline.copyInto(AbstractPipeline.java:509)
1:24:36 PM PIT >> INFO : MINION : 	at java.base/java.util.stream.AbstractPipeline.wrapAndCopyInto(AbstractPipeline.java:499)
1:24:36 PM PIT >> INFO : MINION : 	at java.base/java.util.stream.ReduceOps$ReduceOp.evaluateSequential(ReduceOps.java:921)
1:24:36 PM PIT >> INFO : MINION : 	at java.base/java.util.stream.AbstractPipeline.evaluate(AbstractPipeline.java:234)
1:24:36 PM PIT >> INFO : MINION : 	at java.base/java.util.stream.ReferencePipeline.collect(ReferencePipeline.java:682)
1:24:36 PM PIT >> INFO : MINION : 	at org.pitest.testapi.execute.FindTestUnits.findTestUnitsForAllSuppliedClasses(FindTestUnits.java:35)
1:24:36 PM PIT >> INFO : MINION : 	at org.pitest.coverage.execute.CoverageMinion.discoverTests(CoverageMinion.java:169)
1:24:36 PM PIT >> INFO : MINION : 	at org.pitest.coverage.execute.CoverageMinion.getTestsFromParent(CoverageMinion.java:154)
1:24:36 PM PIT >> INFO : MINION : 	at org.pitest.coverage.execute.CoverageMinion.main(CoverageMinion.java:82)
1:24:36 PM PIT >> INFO : MINION : 
-\|/1:24:36 PM PIT >> INFO : MINION : Jan 14, 2026 1:24:36 PM org.junit.platform.launcher.core.CompositeTestExecutionListener lambda$notifyEach$19
1:24:36 PM PIT >> INFO : MINION : WARNING: TestExecutionListener [org.junit.platform.launcher.listeners.UniqueIdTrackingListener] threw exception for method: testPlanExecutionStarted(org.junit.platform.launcher.core.InternalTestPlan@2109a691)
1:24:36 PM PIT >> INFO : MINION : java.lang.NoSuchMethodError: 'org.junit.platform.engine.ConfigurationParameters org.junit.platform.launcher.TestPlan.getConfigurationParameters()'
1:24:36 PM PIT >> INFO : MINION : 	at org.junit.platform.launcher.listeners.UniqueIdTrackingListener.testPlanExecutionStarted(UniqueIdTrackingListener.java:140)
1:24:36 PM PIT >> INFO : MINION : 	at org.junit.platform.launcher.core.CompositeTestExecutionListener.lambda$testPlanExecutionStarted$12(CompositeTestExecutionListener.java:75)
1:24:36 PM PIT >> INFO : MINION : 	at org.junit.platform.launcher.core.CompositeTestExecutionListener.lambda$notifyEach$19(CompositeTestExecutionListener.java:95)
1:24:36 PM PIT >> INFO : MINION : 	at java.base/java.util.ArrayList.forEach(ArrayList.java:1511)
1:24:36 PM PIT >> INFO : MINION : 	at org.junit.platform.launcher.core.CompositeTestExecutionListener.notifyEach(CompositeTestExecutionListener.java:93)
1:24:36 PM PIT >> INFO : MINION : 	at org.junit.platform.launcher.core.CompositeTestExecutionListener.testPlanExecutionStarted(CompositeTestExecutionListener.java:75)
1:24:36 PM PIT >> INFO : MINION : 	at org.junit.platform.launcher.core.EngineExecutionOrchestrator.lambda$execute$0(EngineExecutionOrchestrator.java:53)
1:24:36 PM PIT >> INFO : MINION : 	at org.junit.platform.launcher.core.EngineExecutionOrchestrator.withInterceptedStreams(EngineExecutionOrchestrator.java:67)
1:24:36 PM PIT >> INFO : MINION : 	at org.junit.platform.launcher.core.EngineExecutionOrchestrator.execute(EngineExecutionOrchestrator.java:52)
1:24:36 PM PIT >> INFO : MINION : 	at org.junit.platform.launcher.core.DefaultLauncher.execute(DefaultLauncher.java:114)
1:24:36 PM PIT >> INFO : MINION : 	at org.junit.platform.launcher.core.DefaultLauncher.execute(DefaultLauncher.java:86)
1:24:36 PM PIT >> INFO : MINION : 	at org.junit.platform.launcher.core.DefaultLauncherSession$DelegatingLauncher.execute(DefaultLauncherSession.java:86)
1:24:36 PM PIT >> INFO : MINION : 	at org.junit.platform.launcher.core.SessionPerRequestLauncher.execute(SessionPerRequestLauncher.java:53)
1:24:36 PM PIT >> INFO : MINION : 	at org.pitest.junit5.JUnit5TestUnitFinder.findTestUnits(JUnit5TestUnitFinder.java:84)
1:24:36 PM PIT >> INFO : MINION : 	at org.pitest.mutationtest.config.PrioritisingTestUnitFinder.findTestUnits(PrioritisingTestUnitFinder.java:20)
1:24:36 PM PIT >> INFO : MINION : 	at org.pitest.testapi.execute.FindTestUnits.lambda$findTestUnitsForAllSuppliedClasses$1(FindTestUnits.java:34)
1:24:36 PM PIT >> INFO : MINION : 	at java.base/java.util.stream.ReferencePipeline$7$1.accept(ReferencePipeline.java:273)
1:24:36 PM PIT >> INFO : MINION : 	at java.base/java.util.stream.DistinctOps$1$2.accept(DistinctOps.java:174)
1:24:36 PM PIT >> INFO : MINION : 	at java.base/java.util.stream.Streams$StreamBuilderImpl.forEachRemaining(Streams.java:411)
1:24:36 PM PIT >> INFO : MINION : 	at java.base/java.util.stream.Streams$ConcatSpliterator.forEachRemaining(Streams.java:734)
1:24:36 PM PIT >> INFO : MINION : 	at java.base/java.util.stream.ReferencePipeline$Head.forEach(ReferencePipeline.java:762)
1:24:36 PM PIT >> INFO : MINION : 	at java.base/java.util.stream.ReferencePipeline$7$1.accept(ReferencePipeline.java:276)
1:24:36 PM PIT >> INFO : MINION : 	at java.base/java.util.ArrayList$ArrayListSpliterator.forEachRemaining(ArrayList.java:1625)
1:24:36 PM PIT >> INFO : MINION : 	at java.base/java.util.stream.AbstractPipeline.copyInto(AbstractPipeline.java:509)
1:24:36 PM PIT >> INFO : MINION : 	at java.base/java.util.stream.AbstractPipeline.wrapAndCopyInto(AbstractPipeline.java:499)
1:24:36 PM PIT >> INFO : MINION : 	at java.base/java.util.stream.ReduceOps$ReduceOp.evaluateSequential(ReduceOps.java:921)
1:24:36 PM PIT >> INFO : MINION : 	at java.base/java.util.stream.AbstractPipeline.evaluate(AbstractPipeline.java:234)
1:24:36 PM PIT >> INFO : MINION : 	at java.base/java.util.stream.ReferencePipeline.collect(ReferencePipeline.java:682)
1:24:36 PM PIT >> INFO : MINION : 	at org.pitest.testapi.execute.FindTestUnits.findTestUnitsForAllSuppliedClasses(FindTestUnits.java:35)
1:24:36 PM PIT >> INFO : MINION : 	at org.pitest.coverage.execute.CoverageMinion.discoverTests(CoverageMinion.java:169)
1:24:36 PM PIT >> INFO : MINION : 	at org.pitest.coverage.execute.CoverageMinion.getTestsFromParent(CoverageMinion.java:154)
1:24:36 PM PIT >> INFO : MINION : 	at org.pitest.coverage.execute.CoverageMinion.main(CoverageMinion.java:82)
1:24:36 PM PIT >> INFO : MINION : 
1:24:36 PM PIT >> INFO : MINION : Jan 14, 2026 1:24:36 PM org.junit.platform.launcher.core.CompositeTestExecutionListener lambda$notifyEach$19
1:24:36 PM PIT >> INFO : MINION : WARNING: TestExecutionListener [org.junit.platform.launcher.listeners.UniqueIdTrackingListener] threw exception for method: testPlanExecutionStarted(org.junit.platform.launcher.core.InternalTestPlan@7198ab9a)
1:24:36 PM PIT >> INFO : MINION : java.lang.NoSuchMethodError: 'org.junit.platform.engine.ConfigurationParameters org.junit.platform.launcher.TestPlan.getConfigurationParameters()'
1:24:36 PM PIT >> INFO : MINION : 	at org.junit.platform.launcher.listeners.UniqueIdTrackingListener.testPlanExecutionStarted(UniqueIdTrackingListener.java:140)
1:24:36 PM PIT >> INFO : MINION : 	at org.junit.platform.launcher.core.CompositeTestExecutionListener.lambda$testPlanExecutionStarted$12(CompositeTestExecutionListener.java:75)
1:24:36 PM PIT >> INFO : MINION : 	at org.junit.platform.launcher.core.CompositeTestExecutionListener.lambda$notifyEach$19(CompositeTestExecutionListener.java:95)
1:24:36 PM PIT >> INFO : MINION : 	at java.base/java.util.ArrayList.forEach(ArrayList.java:1511)
1:24:36 PM PIT >> INFO : MINION : 	at org.junit.platform.launcher.core.CompositeTestExecutionListener.notifyEach(CompositeTestExecutionListener.java:93)
1:24:36 PM PIT >> INFO : MINION : 	at org.junit.platform.launcher.core.CompositeTestExecutionListener.testPlanExecutionStarted(CompositeTestExecutionListener.java:75)
1:24:36 PM PIT >> INFO : MINION : 	at org.junit.platform.launcher.core.EngineExecutionOrchestrator.lambda$execute$0(EngineExecutionOrchestrator.java:53)
1:24:36 PM PIT >> INFO : MINION : 	at org.junit.platform.launcher.core.EngineExecutionOrchestrator.withInterceptedStreams(EngineExecutionOrchestrator.java:67)
1:24:36 PM PIT >> INFO : MINION : 	at org.junit.platform.launcher.core.EngineExecutionOrchestrator.execute(EngineExecutionOrchestrator.java:52)
1:24:36 PM PIT >> INFO : MINION : 	at org.junit.platform.launcher.core.DefaultLauncher.execute(DefaultLauncher.java:114)
1:24:36 PM PIT >> INFO : MINION : 	at org.junit.platform.launcher.core.DefaultLauncher.execute(DefaultLauncher.java:86)
1:24:36 PM PIT >> INFO : MINION : 	at org.junit.platform.launcher.core.DefaultLauncherSession$DelegatingLauncher.execute(DefaultLauncherSession.java:86)
1:24:36 PM PIT >> INFO : MINION : 	at org.junit.platform.launcher.core.SessionPerRequestLauncher.execute(SessionPerRequestLauncher.java:53)
1:24:36 PM PIT >> INFO : MINION : 	at org.pitest.junit5.JUnit5TestUnitFinder.findTestUnits(JUnit5TestUnitFinder.java:84)
1:24:36 PM PIT >> INFO : MINION : 	at org.pitest.mutationtest.config.PrioritisingTestUnitFinder.findTestUnits(PrioritisingTestUnitFinder.java:20)
1:24:36 PM PIT >> INFO : MINION : 	at org.pitest.testapi.execute.FindTestUnits.lambda$findTestUnitsForAllSuppliedClasses$1(FindTestUnits.java:34)
1:24:36 PM PIT >> INFO : MINION : 	at java.base/java.util.stream.ReferencePipeline$7$1.accept(ReferencePipeline.java:273)
1:24:36 PM PIT >> INFO : MINION : 	at java.base/java.util.stream.DistinctOps$1$2.accept(DistinctOps.java:174)
1:24:36 PM PIT >> INFO : MINION : 	at java.base/java.util.stream.Streams$StreamBuilderImpl.forEachRemaining(Streams.java:411)
1:24:36 PM PIT >> INFO : MINION : 	at java.base/java.util.stream.Streams$ConcatSpliterator.forEachRemaining(Streams.java:734)
1:24:36 PM PIT >> INFO : MINION : 	at java.base/java.util.stream.ReferencePipeline$Head.forEach(ReferencePipeline.java:762)
1:24:36 PM PIT >> INFO : MINION : 	at java.base/java.util.stream.ReferencePipeline$7$1.accept(ReferencePipeline.java:276)
1:24:36 PM PIT >> INFO : MINION : 	at java.base/java.util.ArrayList$ArrayListSpliterator.forEachRemaining(ArrayList.java:1625)
1:24:36 PM PIT >> INFO : MINION : 	at java.base/java.util.stream.AbstractPipeline.copyInto(AbstractPipeline.java:509)
1:24:36 PM PIT >> INFO : MINION : 	at java.base/java.util.stream.AbstractPipeline.wrapAndCopyInto(AbstractPipeline.java:499)
1:24:36 PM PIT >> INFO : MINION : 	at java.base/java.util.stream.ReduceOps$ReduceOp.evaluateSequential(ReduceOps.java:921)
1:24:36 PM PIT >> INFO : MINION : 	at java.base/java.util.stream.AbstractPipeline.evaluate(AbstractPipeline.java:234)
1:24:36 PM PIT >> INFO : MINION : 	at java.base/java.util.stream.ReferencePipeline.collect(ReferencePipeline.java:682)
1:24:36 PM PIT >> INFO : MINION : 	at org.pitest.testapi.execute.FindTestUnits.findTestUnitsForAllSuppliedClasses(FindTestUnits.java:35)
1:24:36 PM PIT >> INFO : MINION : 	at org.pitest.coverage.execute.CoverageMinion.discoverTests(CoverageMinion.java:169)
1:24:36 PM PIT >> INFO : MINION : 	at org.pitest.coverage.execute.CoverageMinion.getTestsFromParent(CoverageMinion.java:154)
1:24:36 PM PIT >> INFO : MINION : 	at org.pitest.coverage.execute.CoverageMinion.main(CoverageMinion.java:82)
1:24:36 PM PIT >> INFO : MINION : 
1:24:36 PM PIT >> INFO : MINION : Jan 14, 2026 1:24:36 PM org.junit.platform.launcher.core.CompositeTestExecutionListener lambda$notifyEach$19
1:24:36 PM PIT >> INFO : MINION : WARNING: TestExecutionListener [org.junit.platform.launcher.listeners.UniqueIdTrackingListener] threw exception for method: testPlanExecutionStarted(org.junit.platform.launcher.core.InternalTestPlan@734f8317)
1:24:36 PM PIT >> INFO : MINION : java.lang.NoSuchMethodError: 'org.junit.platform.engine.ConfigurationParameters org.junit.platform.launcher.TestPlan.getConfigurationParameters()'
1:24:36 PM PIT >> INFO : MINION : 	at org.junit.platform.launcher.listeners.UniqueIdTrackingListener.testPlanExecutionStarted(UniqueIdTrackingListener.java:140)
1:24:36 PM PIT >> INFO : MINION : 	at org.junit.platform.launcher.core.CompositeTestExecutionListener.lambda$testPlanExecutionStarted$12(CompositeTestExecutionListener.java:75)
1:24:36 PM PIT >> INFO : MINION : 	at org.junit.platform.launcher.core.CompositeTestExecutionListener.lambda$notifyEach$19(CompositeTestExecutionListener.java:95)
1:24:36 PM PIT >> INFO : MINION : 	at java.base/java.util.ArrayList.forEach(ArrayList.java:1511)
1:24:36 PM PIT >> INFO : MINION : 	at org.junit.platform.launcher.core.CompositeTestExecutionListener.notifyEach(CompositeTestExecutionListener.java:93)
1:24:36 PM PIT >> INFO : MINION : 	at org.junit.platform.launcher.core.CompositeTestExecutionListener.testPlanExecutionStarted(CompositeTestExecutionListener.java:75)
1:24:36 PM PIT >> INFO : MINION : 	at org.junit.platform.launcher.core.EngineExecutionOrchestrator.lambda$execute$0(EngineExecutionOrchestrator.java:53)
1:24:36 PM PIT >> INFO : MINION : 	at org.junit.platform.launcher.core.EngineExecutionOrchestrator.withInterceptedStreams(EngineExecutionOrchestrator.java:67)
1:24:36 PM PIT >> INFO : MINION : 	at org.junit.platform.launcher.core.EngineExecutionOrchestrator.execute(EngineExecutionOrchestrator.java:52)
1:24:36 PM PIT >> INFO : MINION : 	at org.junit.platform.launcher.core.DefaultLauncher.execute(DefaultLauncher.java:114)
1:24:36 PM PIT >> INFO : MINION : 	at org.junit.platform.launcher.core.DefaultLauncher.execute(DefaultLauncher.java:86)
1:24:36 PM PIT >> INFO : MINION : 	at org.junit.platform.launcher.core.DefaultLauncherSession$DelegatingLauncher.execute(DefaultLauncherSession.java:86)
1:24:36 PM PIT >> INFO : MINION : 	at org.junit.platform.launcher.core.SessionPerRequestLauncher.execute(SessionPerRequestLauncher.java:53)
1:24:36 PM PIT >> INFO : MINION : 	at org.pitest.junit5.JUnit5TestUnitFinder.findTestUnits(JUnit5TestUnitFinder.java:84)
1:24:36 PM PIT >> INFO : MINION : 	at org.pitest.mutationtest.config.PrioritisingTestUnitFinder.findTestUnits(PrioritisingTestUnitFinder.java:20)
1:24:36 PM PIT >> INFO : MINION : 	at org.pitest.testapi.execute.FindTestUnits.lambda$findTestUnitsForAllSuppliedClasses$1(FindTestUnits.java:34)
1:24:36 PM PIT >> INFO : MINION : 	at java.base/java.util.stream.ReferencePipeline$7$1.accept(ReferencePipeline.java:273)
1:24:36 PM PIT >> INFO : MINION : 	at java.base/java.util.stream.DistinctOps$1$2.accept(DistinctOps.java:174)
1:24:36 PM PIT >> INFO : MINION : 	at java.base/java.util.stream.Streams$StreamBuilderImpl.forEachRemaining(Streams.java:411)
1:24:36 PM PIT >> INFO : MINION : 	at java.base/java.util.stream.Streams$ConcatSpliterator.forEachRemaining(Streams.java:734)
1:24:36 PM PIT >> INFO : MINION : 	at java.base/java.util.stream.ReferencePipeline$Head.forEach(ReferencePipeline.java:762)
1:24:36 PM PIT >> INFO : MINION : 	at java.base/java.util.stream.ReferencePipeline$7$1.accept(ReferencePipeline.java:276)
1:24:36 PM PIT >> INFO : MINION : 	at java.base/java.util.ArrayList$ArrayListSpliterator.forEachRemaining(ArrayList.java:1625)
1:24:36 PM PIT >> INFO : MINION : 	at java.base/java.util.stream.AbstractPipeline.copyInto(AbstractPipeline.java:509)
1:24:36 PM PIT >> INFO : MINION : 	at java.base/java.util.stream.AbstractPipeline.wrapAndCopyInto(AbstractPipeline.java:499)
1:24:36 PM PIT >> INFO : MINION : 	at java.base/java.util.stream.ReduceOps$ReduceOp.evaluateSequential(ReduceOps.java:921)
1:24:36 PM PIT >> INFO : MINION : 	at java.base/java.util.stream.AbstractPipeline.evaluate(AbstractPipeline.java:234)
1:24:36 PM PIT >> INFO : MINION : 	at java.base/java.util.stream.ReferencePipeline.collect(ReferencePipeline.java:682)
1:24:36 PM PIT >> INFO : MINION : 	at org.pitest.testapi.execute.FindTestUnits.findTestUnitsForAllSuppliedClasses(FindTestUnits.java:35)
1:24:36 PM PIT >> INFO : MINION : 	at org.pitest.coverage.execute.CoverageMinion.discoverTests(CoverageMinion.java:169)
1:24:36 PM PIT >> INFO : MINION : 	at org.pitest.coverage.execute.CoverageMinion.getTestsFromParent(CoverageMinion.java:154)
1:24:36 PM PIT >> INFO : MINION : 	at org.pitest.coverage.execute.CoverageMinion.main(CoverageMinion.java:82)
1:24:36 PM PIT >> INFO : MINION : 
1:24:36 PM PIT >> INFO : MINION : Jan 14, 2026 1:24:36 PM org.junit.platform.launcher.core.CompositeTestExecutionListener lambda$notifyEach$19
1:24:36 PM PIT >> INFO : MINION : WARNING: TestExecutionListener [org.junit.platform.launcher.listeners.UniqueIdTrackingListener] threw exception for method: testPlanExecutionStarted(org.junit.platform.launcher.core.InternalTestPlan@455cbf18)
1:24:36 PM PIT >> INFO : MINION : java.lang.NoSuchMethodError: 'org.junit.platform.engine.ConfigurationParameters org.junit.platform.launcher.TestPlan.getConfigurationParameters()'
1:24:36 PM PIT >> INFO : MINION : 	at org.junit.platform.launcher.listeners.UniqueIdTrackingListener.testPlanExecutionStarted(UniqueIdTrackingListener.java:140)
1:24:36 PM PIT >> INFO : MINION : 	at org.junit.platform.launcher.core.CompositeTestExecutionListener.lambda$testPlanExecutionStarted$12(CompositeTestExecutionListener.java:75)
1:24:36 PM PIT >> INFO : MINION : 	at org.junit.platform.launcher.core.CompositeTestExecutionListener.lambda$notifyEach$19(CompositeTestExecutionListener.java:95)
1:24:36 PM PIT >> INFO : MINION : 	at java.base/java.util.ArrayList.forEach(ArrayList.java:1511)
1:24:36 PM PIT >> INFO : MINION : 	at org.junit.platform.launcher.core.CompositeTestExecutionListener.notifyEach(CompositeTestExecutionListener.java:93)
1:24:36 PM PIT >> INFO : MINION : 	at org.junit.platform.launcher.core.CompositeTestExecutionListener.testPlanExecutionStarted(CompositeTestExecutionListener.java:75)
1:24:36 PM PIT >> INFO : MINION : 	at org.junit.platform.launcher.core.EngineExecutionOrchestrator.lambda$execute$0(EngineExecutionOrchestrator.java:53)
1:24:36 PM PIT >> INFO : MINION : 	at org.junit.platform.launcher.core.EngineExecutionOrchestrator.withInterceptedStreams(EngineExecutionOrchestrator.java:67)
1:24:36 PM PIT >> INFO : MINION : 	at org.junit.platform.launcher.core.EngineExecutionOrchestrator.execute(EngineExecutionOrchestrator.java:52)
1:24:36 PM PIT >> INFO : MINION : 	at org.junit.platform.launcher.core.DefaultLauncher.execute(DefaultLauncher.java:114)
1:24:36 PM PIT >> INFO : MINION : 	at org.junit.platform.launcher.core.DefaultLauncher.execute(DefaultLauncher.java:86)
1:24:36 PM PIT >> INFO : MINION : 	at org.junit.platform.launcher.core.DefaultLauncherSession$DelegatingLauncher.execute(DefaultLauncherSession.java:86)
1:24:36 PM PIT >> INFO : MINION : 	at org.junit.platform.launcher.core.SessionPerRequestLauncher.execute(SessionPerRequestLauncher.java:53)
1:24:36 PM PIT >> INFO : MINION : 	at org.pitest.junit5.JUnit5TestUnitFinder.findTestUnits(JUnit5TestUnitFinder.java:84)
1:24:36 PM PIT >> INFO : MINION : 	at org.pitest.mutationtest.config.PrioritisingTestUnitFinder.findTestUnits(PrioritisingTestUnitFinder.java:20)
1:24:36 PM PIT >> INFO : MINION : 	at org.pitest.testapi.execute.FindTestUnits.lambda$findTestUnitsForAllSuppliedClasses$1(FindTestUnits.java:34)
1:24:36 PM PIT >> INFO : MINION : 	at java.base/java.util.stream.ReferencePipeline$7$1.accept(ReferencePipeline.java:273)
1:24:36 PM PIT >> INFO : MINION : 	at java.base/java.util.stream.DistinctOps$1$2.accept(DistinctOps.java:174)
1:24:36 PM PIT >> INFO : MINION : 	at java.base/java.util.stream.Streams$StreamBuilderImpl.forEachRemaining(Streams.java:411)
1:24:36 PM PIT >> INFO : MINION : 	at java.base/java.util.stream.Streams$ConcatSpliterator.forEachRemaining(Streams.java:734)
1:24:36 PM PIT >> INFO : MINION : 	at java.base/java.util.stream.ReferencePipeline$Head.forEach(ReferencePipeline.java:762)
1:24:36 PM PIT >> INFO : MINION : 	at java.base/java.util.stream.ReferencePipeline$7$1.accept(ReferencePipeline.java:276)
1:24:36 PM PIT >> INFO : MINION : 	at java.base/java.util.ArrayList$ArrayListSpliterator.forEachRemaining(ArrayList.java:1625)
1:24:36 PM PIT >> INFO : MINION : 	at java.base/java.util.stream.AbstractPipeline.copyInto(AbstractPipeline.java:509)
1:24:36 PM PIT >> INFO : MINION : 	at java.base/java.util.stream.AbstractPipeline.wrapAndCopyInto(AbstractPipeline.java:499)
1:24:36 PM PIT >> INFO : MINION : 	at java.base/java.util.stream.ReduceOps$ReduceOp.evaluateSequential(ReduceOps.java:921)
1:24:36 PM PIT >> INFO : MINION : 	at java.base/java.util.stream.AbstractPipeline.evaluate(AbstractPipeline.java:234)
1:24:36 PM PIT >> INFO : MINION : 	at java.base/java.util.stream.ReferencePipeline.collect(ReferencePipeline.java:682)
1:24:36 PM PIT >> INFO : MINION : 	at org.pitest.testapi.execute.FindTestUnits.findTestUnitsForAllSuppliedClasses(FindTestUnits.java:35)
1:24:36 PM PIT >> INFO : MINION : 	at org.pitest.coverage.execute.CoverageMinion.discoverTests(CoverageMinion.java:169)
1:24:36 PM PIT >> INFO : MINION : 	at org.pitest.coverage.execute.CoverageMinion.getTestsFromParent(CoverageMinion.java:154)
1:24:36 PM PIT >> INFO : MINION : 	at org.pitest.coverage.execute.CoverageMinion.main(CoverageMinion.java:82)
1:24:36 PM PIT >> INFO : MINION : 
-1:24:36 PM PIT >> INFO : MINION : Jan 14, 2026 1:24:36 PM org.junit.platform.launcher.core.CompositeTestExecutionListener lambda$notifyEach$19
1:24:36 PM PIT >> INFO : MINION : WARNING: TestExecutionListener [org.junit.platform.launcher.listeners.UniqueIdTrackingListener] threw exception for method: testPlanExecutionStarted(org.junit.platform.launcher.core.InternalTestPlan@4bdb04c8)
1:24:36 PM PIT >> INFO : MINION : java.lang.NoSuchMethodError: 'org.junit.platform.engine.ConfigurationParameters org.junit.platform.launcher.TestPlan.getConfigurationParameters()'
1:24:36 PM PIT >> INFO : MINION : 	at org.junit.platform.launcher.listeners.UniqueIdTrackingListener.testPlanExecutionStarted(UniqueIdTrackingListener.java:140)
1:24:36 PM PIT >> INFO : MINION : 	at org.junit.platform.launcher.core.CompositeTestExecutionListener.lambda$testPlanExecutionStarted$12(CompositeTestExecutionListener.java:75)
1:24:36 PM PIT >> INFO : MINION : 	at org.junit.platform.launcher.core.CompositeTestExecutionListener.lambda$notifyEach$19(CompositeTestExecutionListener.java:95)
1:24:36 PM PIT >> INFO : MINION : 	at java.base/java.util.ArrayList.forEach(ArrayList.java:1511)
1:24:36 PM PIT >> INFO : MINION : 	at org.junit.platform.launcher.core.CompositeTestExecutionListener.notifyEach(CompositeTestExecutionListener.java:93)
1:24:36 PM PIT >> INFO : MINION : 	at org.junit.platform.launcher.core.CompositeTestExecutionListener.testPlanExecutionStarted(CompositeTestExecutionListener.java:75)
1:24:36 PM PIT >> INFO : MINION : 	at org.junit.platform.launcher.core.EngineExecutionOrchestrator.lambda$execute$0(EngineExecutionOrchestrator.java:53)
1:24:36 PM PIT >> INFO : MINION : 	at org.junit.platform.launcher.core.EngineExecutionOrchestrator.withInterceptedStreams(EngineExecutionOrchestrator.java:67)
1:24:36 PM PIT >> INFO : MINION : 	at org.junit.platform.launcher.core.EngineExecutionOrchestrator.execute(EngineExecutionOrchestrator.java:52)
1:24:36 PM PIT >> INFO : MINION : 	at org.junit.platform.launcher.core.DefaultLauncher.execute(DefaultLauncher.java:114)
1:24:36 PM PIT >> INFO : MINION : 	at org.junit.platform.launcher.core.DefaultLauncher.execute(DefaultLauncher.java:86)
1:24:36 PM PIT >> INFO : MINION : 	at org.junit.platform.launcher.core.DefaultLauncherSession$DelegatingLauncher.execute(DefaultLauncherSession.java:86)
1:24:36 PM PIT >> INFO : MINION : 	at org.junit.platform.launcher.core.SessionPerRequestLauncher.execute(SessionPerRequestLauncher.java:53)
1:24:36 PM PIT >> INFO : MINION : 	at org.pitest.junit5.JUnit5TestUnitFinder.findTestUnits(JUnit5TestUnitFinder.java:84)
1:24:36 PM PIT >> INFO : MINION : 	at org.pitest.mutationtest.config.PrioritisingTestUnitFinder.findTestUnits(PrioritisingTestUnitFinder.java:20)
1:24:36 PM PIT >> INFO : MINION : 	at org.pitest.testapi.execute.FindTestUnits.lambda$findTestUnitsForAllSuppliedClasses$1(FindTestUnits.java:34)
1:24:36 PM PIT >> INFO : MINION : 	at java.base/java.util.stream.ReferencePipeline$7$1.accept(ReferencePipeline.java:273)
1:24:36 PM PIT >> INFO : MINION : 	at java.base/java.util.stream.DistinctOps$1$2.accept(DistinctOps.java:174)
1:24:36 PM PIT >> INFO : MINION : 	at java.base/java.util.stream.Streams$StreamBuilderImpl.forEachRemaining(Streams.java:411)
1:24:36 PM PIT >> INFO : MINION : 	at java.base/java.util.stream.Streams$ConcatSpliterator.forEachRemaining(Streams.java:734)
1:24:36 PM PIT >> INFO : MINION : 	at java.base/java.util.stream.ReferencePipeline$Head.forEach(ReferencePipeline.java:762)
1:24:36 PM PIT >> INFO : MINION : 	at java.base/java.util.stream.ReferencePipeline$7$1.accept(ReferencePipeline.java:276)
1:24:36 PM PIT >> INFO : MINION : 	at java.base/java.util.ArrayList$ArrayListSpliterator.forEachRemaining(ArrayList.java:1625)
1:24:36 PM PIT >> INFO : MINION : 	at java.base/java.util.stream.AbstractPipeline.copyInto(AbstractPipeline.java:509)
1:24:36 PM PIT >> INFO : MINION : 	at java.base/java.util.stream.AbstractPipeline.wrapAndCopyInto(AbstractPipeline.java:499)
1:24:36 PM PIT >> INFO : MINION : 	at java.base/java.util.stream.ReduceOps$ReduceOp.evaluateSequential(ReduceOps.java:921)
1:24:36 PM PIT >> INFO : MINION : 	at java.base/java.util.stream.AbstractPipeline.evaluate(AbstractPipeline.java:234)
1:24:36 PM PIT >> INFO : MINION : 	at java.base/java.util.stream.ReferencePipeline.collect(ReferencePipeline.java:682)
1:24:36 PM PIT >> INFO : MINION : 	at org.pitest.testapi.execute.FindTestUnits.findTestUnitsForAllSuppliedClasses(FindTestUnits.java:35)
1:24:36 PM PIT >> INFO : MINION : 	at org.pitest.coverage.execute.CoverageMinion.discoverTests(CoverageMinion.java:169)
1:24:36 PM PIT >> INFO : MINION : 	at org.pitest.coverage.execute.CoverageMinion.getTestsFromParent(CoverageMinion.java:154)
1:24:36 PM PIT >> INFO : MINION : 	at org.pitest.coverage.execute.CoverageMinion.main(CoverageMinion.java:82)
1:24:36 PM PIT >> INFO : MINION : 
\1:24:36 PM PIT >> INFO : MINION : Jan 14, 2026 1:24:36 PM org.junit.platform.launcher.core.CompositeTestExecutionListener lambda$notifyEach$19
1:24:36 PM PIT >> INFO : MINION : WARNING: TestExecutionListener [org.junit.platform.launcher.listeners.UniqueIdTrackingListener] threw exception for method: testPlanExecutionStarted(org.junit.platform.launcher.core.InternalTestPlan@49986178)
1:24:36 PM PIT >> INFO : MINION : java.lang.NoSuchMethodError: 'org.junit.platform.engine.ConfigurationParameters org.junit.platform.launcher.TestPlan.getConfigurationParameters()'
1:24:36 PM PIT >> INFO : MINION : 	at org.junit.platform.launcher.listeners.UniqueIdTrackingListener.testPlanExecutionStarted(UniqueIdTrackingListener.java:140)
1:24:36 PM PIT >> INFO : MINION : 	at org.junit.platform.launcher.core.CompositeTestExecutionListener.lambda$testPlanExecutionStarted$12(CompositeTestExecutionListener.java:75)
1:24:36 PM PIT >> INFO : MINION : 	at org.junit.platform.launcher.core.CompositeTestExecutionListener.lambda$notifyEach$19(CompositeTestExecutionListener.java:95)
1:24:36 PM PIT >> INFO : MINION : 	at java.base/java.util.ArrayList.forEach(ArrayList.java:1511)
1:24:36 PM PIT >> INFO : MINION : 	at org.junit.platform.launcher.core.CompositeTestExecutionListener.notifyEach(CompositeTestExecutionListener.java:93)
1:24:36 PM PIT >> INFO : MINION : 	at org.junit.platform.launcher.core.CompositeTestExecutionListener.testPlanExecutionStarted(CompositeTestExecutionListener.java:75)
1:24:36 PM PIT >> INFO : MINION : 	at org.junit.platform.launcher.core.EngineExecutionOrchestrator.lambda$execute$0(EngineExecutionOrchestrator.java:53)
1:24:36 PM PIT >> INFO : MINION : 	at org.junit.platform.launcher.core.EngineExecutionOrchestrator.withInterceptedStreams(EngineExecutionOrchestrator.java:67)
1:24:36 PM PIT >> INFO : MINION : 	at org.junit.platform.launcher.core.EngineExecutionOrchestrator.execute(EngineExecutionOrchestrator.java:52)
1:24:36 PM PIT >> INFO : MINION : 	at org.junit.platform.launcher.core.DefaultLauncher.execute(DefaultLauncher.java:114)
1:24:36 PM PIT >> INFO : MINION : 	at org.junit.platform.launcher.core.DefaultLauncher.execute(DefaultLauncher.java:86)
1:24:36 PM PIT >> INFO : MINION : 	at org.junit.platform.launcher.core.DefaultLauncherSession$DelegatingLauncher.execute(DefaultLauncherSession.java:86)
1:24:36 PM PIT >> INFO : MINION : 	at org.junit.platform.launcher.core.SessionPerRequestLauncher.execute(SessionPerRequestLauncher.java:53)
1:24:36 PM PIT >> INFO : MINION : 	at org.pitest.junit5.JUnit5TestUnitFinder.findTestUnits(JUnit5TestUnitFinder.java:84)
1:24:36 PM PIT >> INFO : MINION : 	at org.pitest.mutationtest.config.PrioritisingTestUnitFinder.findTestUnits(PrioritisingTestUnitFinder.java:20)
1:24:36 PM PIT >> INFO : MINION : 	at org.pitest.testapi.execute.FindTestUnits.lambda$findTestUnitsForAllSuppliedClasses$1(FindTestUnits.java:34)
1:24:36 PM PIT >> INFO : MINION : 	at java.base/java.util.stream.ReferencePipeline$7$1.accept(ReferencePipeline.java:273)
1:24:36 PM PIT >> INFO : MINION : 	at java.base/java.util.stream.DistinctOps$1$2.accept(DistinctOps.java:174)
1:24:36 PM PIT >> INFO : MINION : 	at java.base/java.util.stream.Streams$StreamBuilderImpl.forEachRemaining(Streams.java:411)
1:24:36 PM PIT >> INFO : MINION : 	at java.base/java.util.stream.Streams$ConcatSpliterator.forEachRemaining(Streams.java:734)
1:24:36 PM PIT >> INFO : MINION : 	at java.base/java.util.stream.ReferencePipeline$Head.forEach(ReferencePipeline.java:762)
1:24:36 PM PIT >> INFO : MINION : 	at java.base/java.util.stream.ReferencePipeline$7$1.accept(ReferencePipeline.java:276)
1:24:36 PM PIT >> INFO : MINION : 	at java.base/java.util.ArrayList$ArrayListSpliterator.forEachRemaining(ArrayList.java:1625)
1:24:36 PM PIT >> INFO : MINION : 	at java.base/java.util.stream.AbstractPipeline.copyInto(AbstractPipeline.java:509)
1:24:36 PM PIT >> INFO : MINION : 	at java.base/java.util.stream.AbstractPipeline.wrapAndCopyInto(AbstractPipeline.java:499)
1:24:36 PM PIT >> INFO : MINION : 	at java.base/java.util.stream.ReduceOps$ReduceOp.evaluateSequential(ReduceOps.java:921)
1:24:36 PM PIT >> INFO : MINION : 	at java.base/java.util.stream.AbstractPipeline.evaluate(AbstractPipeline.java:234)
1:24:36 PM PIT >> INFO : MINION : 	at java.base/java.util.stream.ReferencePipeline.collect(ReferencePipeline.java:682)
1:24:36 PM PIT >> INFO : MINION : 	at org.pitest.testapi.execute.FindTestUnits.findTestUnitsForAllSuppliedClasses(FindTestUnits.java:35)
1:24:36 PM PIT >> INFO : MINION : 	at org.pitest.coverage.execute.CoverageMinion.discoverTests(CoverageMinion.java:169)
1:24:36 PM PIT >> INFO : MINION : 	at org.pitest.coverage.execute.CoverageMinion.getTestsFromParent(CoverageMinion.java:154)
1:24:36 PM PIT >> INFO : MINION : 	at org.pitest.coverage.execute.CoverageMinion.main(CoverageMinion.java:82)
1:24:36 PM PIT >> INFO : MINION : 
|/1:24:36 PM PIT >> INFO : MINION : Jan 14, 2026 1:24:36 PM org.junit.platform.launcher.core.CompositeTestExecutionListener lambda$notifyEach$19
1:24:36 PM PIT >> INFO : MINION : WARNING: TestExecutionListener [org.junit.platform.launcher.listeners.UniqueIdTrackingListener] threw exception for method: testPlanExecutionStarted(org.junit.platform.launcher.core.InternalTestPlan@15e8c040)
1:24:36 PM PIT >> INFO : MINION : java.lang.NoSuchMethodError: 'org.junit.platform.engine.ConfigurationParameters org.junit.platform.launcher.TestPlan.getConfigurationParameters()'
1:24:36 PM PIT >> INFO : MINION : 	at org.junit.platform.launcher.listeners.UniqueIdTrackingListener.testPlanExecutionStarted(UniqueIdTrackingListener.java:140)
1:24:36 PM PIT >> INFO : MINION : 	at org.junit.platform.launcher.core.CompositeTestExecutionListener.lambda$testPlanExecutionStarted$12(CompositeTestExecutionListener.java:75)
1:24:36 PM PIT >> INFO : MINION : 	at org.junit.platform.launcher.core.CompositeTestExecutionListener.lambda$notifyEach$19(CompositeTestExecutionListener.java:95)
1:24:36 PM PIT >> INFO : MINION : 	at java.base/java.util.ArrayList.forEach(ArrayList.java:1511)
1:24:36 PM PIT >> INFO : MINION : 	at org.junit.platform.launcher.core.CompositeTestExecutionListener.notifyEach(CompositeTestExecutionListener.java:93)
1:24:36 PM PIT >> INFO : MINION : 	at org.junit.platform.launcher.core.CompositeTestExecutionListener.testPlanExecutionStarted(CompositeTestExecutionListener.java:75)
1:24:36 PM PIT >> INFO : MINION : 	at org.junit.platform.launcher.core.EngineExecutionOrchestrator.lambda$execute$0(EngineExecutionOrchestrator.java:53)
1:24:36 PM PIT >> INFO : MINION : 	at org.junit.platform.launcher.core.EngineExecutionOrchestrator.withInterceptedStreams(EngineExecutionOrchestrator.java:67)
1:24:36 PM PIT >> INFO : MINION : 	at org.junit.platform.launcher.core.EngineExecutionOrchestrator.execute(EngineExecutionOrchestrator.java:52)
1:24:36 PM PIT >> INFO : MINION : 	at org.junit.platform.launcher.core.DefaultLauncher.execute(DefaultLauncher.java:114)
1:24:36 PM PIT >> INFO : MINION : 	at org.junit.platform.launcher.core.DefaultLauncher.execute(DefaultLauncher.java:86)
1:24:36 PM PIT >> INFO : MINION : 	at org.junit.platform.launcher.core.DefaultLauncherSession$DelegatingLauncher.execute(DefaultLauncherSession.java:86)
1:24:36 PM PIT >> INFO : MINION : 	at org.junit.platform.launcher.core.SessionPerRequestLauncher.execute(SessionPerRequestLauncher.java:53)
1:24:36 PM PIT >> INFO : MINION : 	at org.pitest.junit5.JUnit5TestUnitFinder.findTestUnits(JUnit5TestUnitFinder.java:84)
1:24:36 PM PIT >> INFO : MINION : 	at org.pitest.mutationtest.config.PrioritisingTestUnitFinder.findTestUnits(PrioritisingTestUnitFinder.java:20)
1:24:36 PM PIT >> INFO : MINION : 	at org.pitest.testapi.execute.FindTestUnits.lambda$findTestUnitsForAllSuppliedClasses$1(FindTestUnits.java:34)
1:24:36 PM PIT >> INFO : MINION : 	at java.base/java.util.stream.ReferencePipeline$7$1.accept(ReferencePipeline.java:273)
1:24:36 PM PIT >> INFO : MINION : 	at java.base/java.util.stream.DistinctOps$1$2.accept(DistinctOps.java:174)
1:24:36 PM PIT >> INFO : MINION : 	at java.base/java.util.stream.Streams$StreamBuilderImpl.forEachRemaining(Streams.java:411)
1:24:36 PM PIT >> INFO : MINION : 	at java.base/java.util.stream.Streams$ConcatSpliterator.forEachRemaining(Streams.java:734)
1:24:36 PM PIT >> INFO : MINION : 	at java.base/java.util.stream.ReferencePipeline$Head.forEach(ReferencePipeline.java:762)
1:24:36 PM PIT >> INFO : MINION : 	at java.base/java.util.stream.ReferencePipeline$7$1.accept(ReferencePipeline.java:276)
1:24:36 PM PIT >> INFO : MINION : 	at java.base/java.util.ArrayList$ArrayListSpliterator.forEachRemaining(ArrayList.java:1625)
1:24:36 PM PIT >> INFO : MINION : 	at java.base/java.util.stream.AbstractPipeline.copyInto(AbstractPipeline.java:509)
1:24:36 PM PIT >> INFO : MINION : 	at java.base/java.util.stream.AbstractPipeline.wrapAndCopyInto(AbstractPipeline.java:499)
1:24:36 PM PIT >> INFO : MINION : 	at java.base/java.util.stream.ReduceOps$ReduceOp.evaluateSequential(ReduceOps.java:921)
1:24:36 PM PIT >> INFO : MINION : 	at java.base/java.util.stream.AbstractPipeline.evaluate(AbstractPipeline.java:234)
1:24:36 PM PIT >> INFO : MINION : 	at java.base/java.util.stream.ReferencePipeline.collect(ReferencePipeline.java:682)
1:24:36 PM PIT >> INFO : MINION : 	at org.pitest.testapi.execute.FindTestUnits.findTestUnitsForAllSuppliedClasses(FindTestUnits.java:35)
1:24:36 PM PIT >> INFO : MINION : 	at org.pitest.coverage.execute.CoverageMinion.discoverTests(CoverageMinion.java:169)
1:24:36 PM PIT >> INFO : MINION : 	at org.pitest.coverage.execute.CoverageMinion.getTestsFromParent(CoverageMinion.java:154)
1:24:36 PM PIT >> INFO : MINION : 	at org.pitest.coverage.execute.CoverageMinion.main(CoverageMinion.java:82)
1:24:36 PM PIT >> INFO : MINION : 
-1:24:36 PM PIT >> INFO : MINION : Jan 14, 2026 1:24:36 PM org.junit.platform.launcher.core.CompositeTestExecutionListener lambda$notifyEach$19
1:24:36 PM PIT >> INFO : MINION : WARNING: TestExecutionListener [org.junit.platform.launcher.listeners.UniqueIdTrackingListener] threw exception for method: testPlanExecutionStarted(org.junit.platform.launcher.core.InternalTestPlan@34beadce)
1:24:36 PM PIT >> INFO : MINION : java.lang.NoSuchMethodError: 'org.junit.platform.engine.ConfigurationParameters org.junit.platform.launcher.TestPlan.getConfigurationParameters()'
1:24:36 PM PIT >> INFO : MINION : 	at org.junit.platform.launcher.listeners.UniqueIdTrackingListener.testPlanExecutionStarted(UniqueIdTrackingListener.java:140)
1:24:36 PM PIT >> INFO : MINION : 	at org.junit.platform.launcher.core.CompositeTestExecutionListener.lambda$testPlanExecutionStarted$12(CompositeTestExecutionListener.java:75)
1:24:36 PM PIT >> INFO : MINION : 	at org.junit.platform.launcher.core.CompositeTestExecutionListener.lambda$notifyEach$19(CompositeTestExecutionListener.java:95)
1:24:36 PM PIT >> INFO : MINION : 	at java.base/java.util.ArrayList.forEach(ArrayList.java:1511)
1:24:36 PM PIT >> INFO : MINION : 	at org.junit.platform.launcher.core.CompositeTestExecutionListener.notifyEach(CompositeTestExecutionListener.java:93)
1:24:36 PM PIT >> INFO : MINION : 	at org.junit.platform.launcher.core.CompositeTestExecutionListener.testPlanExecutionStarted(CompositeTestExecutionListener.java:75)
1:24:36 PM PIT >> INFO : MINION : 	at org.junit.platform.launcher.core.EngineExecutionOrchestrator.lambda$execute$0(EngineExecutionOrchestrator.java:53)
1:24:36 PM PIT >> INFO : MINION : 	at org.junit.platform.launcher.core.EngineExecutionOrchestrator.withInterceptedStreams(EngineExecutionOrchestrator.java:67)
1:24:36 PM PIT >> INFO : MINION : 	at org.junit.platform.launcher.core.EngineExecutionOrchestrator.execute(EngineExecutionOrchestrator.java:52)
1:24:36 PM PIT >> INFO : MINION : 	at org.junit.platform.launcher.core.DefaultLauncher.execute(DefaultLauncher.java:114)
1:24:36 PM PIT >> INFO : MINION : 	at org.junit.platform.launcher.core.DefaultLauncher.execute(DefaultLauncher.java:86)
1:24:36 PM PIT >> INFO : MINION : 	at org.junit.platform.launcher.core.DefaultLauncherSession$DelegatingLauncher.execute(DefaultLauncherSession.java:86)
1:24:36 PM PIT >> INFO : MINION : 	at org.junit.platform.launcher.core.SessionPerRequestLauncher.execute(SessionPerRequestLauncher.java:53)
1:24:36 PM PIT >> INFO : MINION : 	at org.pitest.junit5.JUnit5TestUnitFinder.findTestUnits(JUnit5TestUnitFinder.java:84)
1:24:36 PM PIT >> INFO : MINION : 	at org.pitest.mutationtest.config.PrioritisingTestUnitFinder.findTestUnits(PrioritisingTestUnitFinder.java:20)
1:24:36 PM PIT >> INFO : MINION : 	at org.pitest.testapi.execute.FindTestUnits.lambda$findTestUnitsForAllSuppliedClasses$1(FindTestUnits.java:34)
1:24:36 PM PIT >> INFO : MINION : 	at java.base/java.util.stream.ReferencePipeline$7$1.accept(ReferencePipeline.java:273)
1:24:36 PM PIT >> INFO : MINION : 	at java.base/java.util.stream.DistinctOps$1$2.accept(DistinctOps.java:174)
1:24:36 PM PIT >> INFO : MINION : 	at java.base/java.util.stream.Streams$StreamBuilderImpl.forEachRemaining(Streams.java:411)
1:24:36 PM PIT >> INFO : MINION : 	at java.base/java.util.stream.Streams$ConcatSpliterator.forEachRemaining(Streams.java:734)
1:24:36 PM PIT >> INFO : MINION : 	at java.base/java.util.stream.ReferencePipeline$Head.forEach(ReferencePipeline.java:762)
1:24:36 PM PIT >> INFO : MINION : 	at java.base/java.util.stream.ReferencePipeline$7$1.accept(ReferencePipeline.java:276)
1:24:36 PM PIT >> INFO : MINION : 	at java.base/java.util.ArrayList$ArrayListSpliterator.forEachRemaining(ArrayList.java:1625)
1:24:36 PM PIT >> INFO : MINION : 	at java.base/java.util.stream.AbstractPipeline.copyInto(AbstractPipeline.java:509)
1:24:36 PM PIT >> INFO : MINION : 	at java.base/java.util.stream.AbstractPipeline.wrapAndCopyInto(AbstractPipeline.java:499)
1:24:36 PM PIT >> INFO : MINION : 	at java.base/java.util.stream.ReduceOps$ReduceOp.evaluateSequential(ReduceOps.java:921)
1:24:36 PM PIT >> INFO : MINION : 	at java.base/java.util.stream.AbstractPipeline.evaluate(AbstractPipeline.java:234)
1:24:36 PM PIT >> INFO : MINION : 	at java.base/java.util.stream.ReferencePipeline.collect(ReferencePipeline.java:682)
1:24:36 PM PIT >> INFO : MINION : 	at org.pitest.testapi.execute.FindTestUnits.findTestUnitsForAllSuppliedClasses(FindTestUnits.java:35)
1:24:36 PM PIT >> INFO : MINION : 	at org.pitest.coverage.execute.CoverageMinion.discoverTests(CoverageMinion.java:169)
1:24:36 PM PIT >> INFO : MINION : 	at org.pitest.coverage.execute.CoverageMinion.getTestsFromParent(CoverageMinion.java:154)
1:24:36 PM PIT >> INFO : MINION : 	at org.pitest.coverage.execute.CoverageMinion.main(CoverageMinion.java:82)
1:24:36 PM PIT >> INFO : MINION : 
\1:24:36 PM PIT >> INFO : MINION : Jan 14, 2026 1:24:36 PM org.junit.platform.launcher.core.CompositeTestExecutionListener lambda$notifyEach$19
1:24:36 PM PIT >> INFO : MINION : WARNING: TestExecutionListener [org.junit.platform.launcher.listeners.UniqueIdTrackingListener] threw exception for method: testPlanExecutionStarted(org.junit.platform.launcher.core.InternalTestPlan@2d73e8c4)
1:24:36 PM PIT >> INFO : MINION : java.lang.NoSuchMethodError: 'org.junit.platform.engine.ConfigurationParameters org.junit.platform.launcher.TestPlan.getConfigurationParameters()'
1:24:36 PM PIT >> INFO : MINION : 	at org.junit.platform.launcher.listeners.UniqueIdTrackingListener.testPlanExecutionStarted(UniqueIdTrackingListener.java:140)
1:24:36 PM PIT >> INFO : MINION : 	at org.junit.platform.launcher.core.CompositeTestExecutionListener.lambda$testPlanExecutionStarted$12(CompositeTestExecutionListener.java:75)
1:24:36 PM PIT >> INFO : MINION : 	at org.junit.platform.launcher.core.CompositeTestExecutionListener.lambda$notifyEach$19(CompositeTestExecutionListener.java:95)
1:24:36 PM PIT >> INFO : MINION : 	at java.base/java.util.ArrayList.forEach(ArrayList.java:1511)
1:24:36 PM PIT >> INFO : MINION : 	at org.junit.platform.launcher.core.CompositeTestExecutionListener.notifyEach(CompositeTestExecutionListener.java:93)
1:24:36 PM PIT >> INFO : MINION : 	at org.junit.platform.launcher.core.CompositeTestExecutionListener.testPlanExecutionStarted(CompositeTestExecutionListener.java:75)
1:24:36 PM PIT >> INFO : MINION : 	at org.junit.platform.launcher.core.EngineExecutionOrchestrator.lambda$execute$0(EngineExecutionOrchestrator.java:53)
1:24:36 PM PIT >> INFO : MINION : 	at org.junit.platform.launcher.core.EngineExecutionOrchestrator.withInterceptedStreams(EngineExecutionOrchestrator.java:67)
1:24:36 PM PIT >> INFO : MINION : 	at org.junit.platform.launcher.core.EngineExecutionOrchestrator.execute(EngineExecutionOrchestrator.java:52)
1:24:36 PM PIT >> INFO : MINION : 	at org.junit.platform.launcher.core.DefaultLauncher.execute(DefaultLauncher.java:114)
1:24:36 PM PIT >> INFO : MINION : 	at org.junit.platform.launcher.core.DefaultLauncher.execute(DefaultLauncher.java:86)
1:24:36 PM PIT >> INFO : MINION : 	at org.junit.platform.launcher.core.DefaultLauncherSession$DelegatingLauncher.execute(DefaultLauncherSession.java:86)
1:24:36 PM PIT >> INFO : MINION : 	at org.junit.platform.launcher.core.SessionPerRequestLauncher.execute(SessionPerRequestLauncher.java:53)
1:24:36 PM PIT >> INFO : MINION : 	at org.pitest.junit5.JUnit5TestUnitFinder.findTestUnits(JUnit5TestUnitFinder.java:84)
1:24:36 PM PIT >> INFO : MINION : 	at org.pitest.mutationtest.config.PrioritisingTestUnitFinder.findTestUnits(PrioritisingTestUnitFinder.java:20)
1:24:36 PM PIT >> INFO : MINION : 	at org.pitest.testapi.execute.FindTestUnits.lambda$findTestUnitsForAllSuppliedClasses$1(FindTestUnits.java:34)
|1:24:36 PM PIT >> INFO : MINION : 	at java.base/java.util.stream.ReferencePipeline$7$1.accept(ReferencePipeline.java:273)
1:24:36 PM PIT >> INFO : MINION : 	at java.base/java.util.stream.DistinctOps$1$2.accept(DistinctOps.java:174)
1:24:36 PM PIT >> INFO : MINION : 	at java.base/java.util.stream.Streams$StreamBuilderImpl.forEachRemaining(Streams.java:411)
1:24:36 PM PIT >> INFO : MINION : 	at java.base/java.util.stream.Streams$ConcatSpliterator.forEachRemaining(Streams.java:734)
1:24:36 PM PIT >> INFO : MINION : 	at java.base/java.util.stream.ReferencePipeline$Head.forEach(ReferencePipeline.java:762)
1:24:36 PM PIT >> INFO : MINION : 	at java.base/java.util.stream.ReferencePipeline$7$1.accept(ReferencePipeline.java:276)
1:24:36 PM PIT >> INFO : MINION : 	at java.base/java.util.ArrayList$ArrayListSpliterator.forEachRemaining(ArrayList.java:1625)
1:24:36 PM PIT >> INFO : MINION : 	at java.base/java.util.stream.AbstractPipeline.copyInto(AbstractPipeline.java:509)
1:24:36 PM PIT >> INFO : MINION : 	at java.base/java.util.stream.AbstractPipeline.wrapAndCopyInto(AbstractPipeline.java:499)
1:24:36 PM PIT >> INFO : MINION : 	at java.base/java.util.stream.ReduceOps$ReduceOp.evaluateSequential(ReduceOps.java:921)
1:24:36 PM PIT >> INFO : MINION : 	at java.base/java.util.stream.AbstractPipeline.evaluate(AbstractPipeline.java:234)
1:24:36 PM PIT >> INFO : MINION : 	at java.base/java.util.stream.ReferencePipeline.collect(ReferencePipeline.java:682)
1:24:36 PM PIT >> INFO : MINION : 	at org.pitest.testapi.execute.FindTestUnits.findTestUnitsForAllSuppliedClasses(FindTestUnits.java:35)
1:24:36 PM PIT >> INFO : MINION : 	at org.pitest.coverage.execute.CoverageMinion.discoverTests(CoverageMinion.java:169)
1:24:36 PM PIT >> INFO : MINION : 	at org.pitest.coverage.execute.CoverageMinion.getTestsFromParent(CoverageMinion.java:154)
1:24:36 PM PIT >> INFO : MINION : 	at org.pitest.coverage.execute.CoverageMinion.main(CoverageMinion.java:82)
1:24:36 PM PIT >> INFO : MINION : 
/1:24:36 PM PIT >> INFO : MINION : Jan 14, 2026 1:24:36 PM org.junit.platform.launcher.core.CompositeTestExecutionListener lambda$notifyEach$19
1:24:36 PM PIT >> INFO : MINION : WARNING: TestExecutionListener [org.junit.platform.launcher.listeners.UniqueIdTrackingListener] threw exception for method: testPlanExecutionStarted(org.junit.platform.launcher.core.InternalTestPlan@485451d8)
1:24:36 PM PIT >> INFO : MINION : java.lang.NoSuchMethodError: 'org.junit.platform.engine.ConfigurationParameters org.junit.platform.launcher.TestPlan.getConfigurationParameters()'
1:24:36 PM PIT >> INFO : MINION : 	at org.junit.platform.launcher.listeners.UniqueIdTrackingListener.testPlanExecutionStarted(UniqueIdTrackingListener.java:140)
1:24:36 PM PIT >> INFO : MINION : 	at org.junit.platform.launcher.core.CompositeTestExecutionListener.lambda$testPlanExecutionStarted$12(CompositeTestExecutionListener.java:75)
1:24:36 PM PIT >> INFO : MINION : 	at org.junit.platform.launcher.core.CompositeTestExecutionListener.lambda$notifyEach$19(CompositeTestExecutionListener.java:95)
1:24:36 PM PIT >> INFO : MINION : 	at java.base/java.util.ArrayList.forEach(ArrayList.java:1511)
-1:24:36 PM PIT >> INFO : MINION : 	at org.junit.platform.launcher.core.CompositeTestExecutionListener.notifyEach(CompositeTestExecutionListener.java:93)
1:24:36 PM PIT >> INFO : MINION : 	at org.junit.platform.launcher.core.CompositeTestExecutionListener.testPlanExecutionStarted(CompositeTestExecutionListener.java:75)
1:24:36 PM PIT >> INFO : MINION : 	at org.junit.platform.launcher.core.EngineExecutionOrchestrator.lambda$execute$0(EngineExecutionOrchestrator.java:53)
1:24:36 PM PIT >> INFO : MINION : 	at org.junit.platform.launcher.core.EngineExecutionOrchestrator.withInterceptedStreams(EngineExecutionOrchestrator.java:67)
1:24:36 PM PIT >> INFO : MINION : 	at org.junit.platform.launcher.core.EngineExecutionOrchestrator.execute(EngineExecutionOrchestrator.java:52)
1:24:36 PM PIT >> INFO : MINION : 	at org.junit.platform.launcher.core.DefaultLauncher.execute(DefaultLauncher.java:114)
1:24:36 PM PIT >> INFO : MINION : 	at org.junit.platform.launcher.core.DefaultLauncher.execute(DefaultLauncher.java:86)
1:24:36 PM PIT >> INFO : MINION : 	at org.junit.platform.launcher.core.DefaultLauncherSession$DelegatingLauncher.execute(DefaultLauncherSession.java:86)
1:24:36 PM PIT >> INFO : MINION : 	at org.junit.platform.launcher.core.SessionPerRequestLauncher.execute(SessionPerRequestLauncher.java:53)
1:24:36 PM PIT >> INFO : MINION : 	at org.pitest.junit5.JUnit5TestUnitFinder.findTestUnits(JUnit5TestUnitFinder.java:84)
1:24:36 PM PIT >> INFO : MINION : 	at org.pitest.mutationtest.config.PrioritisingTestUnitFinder.findTestUnits(PrioritisingTestUnitFinder.java:20)
1:24:36 PM PIT >> INFO : MINION : 	at org.pitest.testapi.execute.FindTestUnits.lambda$findTestUnitsForAllSuppliedClasses$1(FindTestUnits.java:34)
1:24:36 PM PIT >> INFO : MINION : 	at java.base/java.util.stream.ReferencePipeline$7$1.accept(ReferencePipeline.java:273)
1:24:36 PM PIT >> INFO : MINION : 	at java.base/java.util.stream.DistinctOps$1$2.accept(DistinctOps.java:174)
1:24:36 PM PIT >> INFO : MINION : 	at java.base/java.util.stream.Streams$StreamBuilderImpl.forEachRemaining(Streams.java:411)
1:24:36 PM PIT >> INFO : MINION : 	at java.base/java.util.stream.Streams$ConcatSpliterator.forEachRemaining(Streams.java:734)
1:24:36 PM PIT >> INFO : MINION : 	at java.base/java.util.stream.ReferencePipeline$Head.forEach(ReferencePipeline.java:762)
1:24:36 PM PIT >> INFO : MINION : 	at java.base/java.util.stream.ReferencePipeline$7$1.accept(ReferencePipeline.java:276)
1:24:36 PM PIT >> INFO : MINION : 	at java.base/java.util.ArrayList$ArrayListSpliterator.forEachRemaining(ArrayList.java:1625)
1:24:36 PM PIT >> INFO : MINION : 	at java.base/java.util.stream.AbstractPipeline.copyInto(AbstractPipeline.java:509)
1:24:36 PM PIT >> INFO : MINION : 	at java.base/java.util.stream.AbstractPipeline.wrapAndCopyInto(AbstractPipeline.java:499)
1:24:36 PM PIT >> INFO : MINION : 	at java.base/java.util.stream.ReduceOps$ReduceOp.evaluateSequential(ReduceOps.java:921)
1:24:36 PM PIT >> INFO : MINION : 	at java.base/java.util.stream.AbstractPipeline.evaluate(AbstractPipeline.java:234)
1:24:36 PM PIT >> INFO : MINION : 	at java.base/java.util.stream.ReferencePipeline.collect(ReferencePipeline.java:682)
1:24:36 PM PIT >> INFO : MINION : 	at org.pitest.testapi.execute.FindTestUnits.findTestUnitsForAllSuppliedClasses(FindTestUnits.java:35)
1:24:36 PM PIT >> INFO : MINION : 	at org.pitest.coverage.execute.CoverageMinion.discoverTests(CoverageMinion.java:169)
1:24:36 PM PIT >> INFO : MINION : 	at org.pitest.coverage.execute.CoverageMinion.getTestsFromParent(CoverageMinion.java:154)
1:24:36 PM PIT >> INFO : MINION : 	at org.pitest.coverage.execute.CoverageMinion.main(CoverageMinion.java:82)
1:24:36 PM PIT >> INFO : MINION : 
\1:24:36 PM PIT >> INFO : MINION : Jan 14, 2026 1:24:36 PM org.junit.platform.launcher.core.CompositeTestExecutionListener lambda$notifyEach$19
1:24:36 PM PIT >> INFO : MINION : WARNING: TestExecutionListener [org.junit.platform.launcher.listeners.UniqueIdTrackingListener] threw exception for method: testPlanExecutionStarted(org.junit.platform.launcher.core.InternalTestPlan@399af6dc)
1:24:36 PM PIT >> INFO : MINION : java.lang.NoSuchMethodError: 'org.junit.platform.engine.ConfigurationParameters org.junit.platform.launcher.TestPlan.getConfigurationParameters()'
1:24:36 PM PIT >> INFO : MINION : 	at org.junit.platform.launcher.listeners.UniqueIdTrackingListener.testPlanExecutionStarted(UniqueIdTrackingListener.java:140)
1:24:36 PM PIT >> INFO : MINION : 	at org.junit.platform.launcher.core.CompositeTestExecutionListener.lambda$testPlanExecutionStarted$12(CompositeTestExecutionListener.java:75)
1:24:36 PM PIT >> INFO : MINION : 	at org.junit.platform.launcher.core.CompositeTestExecutionListener.lambda$notifyEach$19(CompositeTestExecutionListener.java:95)
1:24:36 PM PIT >> INFO : MINION : 	at java.base/java.util.ArrayList.forEach(ArrayList.java:1511)
1:24:36 PM PIT >> INFO : MINION : 	at org.junit.platform.launcher.core.CompositeTestExecutionListener.notifyEach(CompositeTestExecutionListener.java:93)
1:24:36 PM PIT >> INFO : MINION : 	at org.junit.platform.launcher.core.CompositeTestExecutionListener.testPlanExecutionStarted(CompositeTestExecutionListener.java:75)
1:24:36 PM PIT >> INFO : MINION : 	at org.junit.platform.launcher.core.EngineExecutionOrchestrator.lambda$execute$0(EngineExecutionOrchestrator.java:53)
1:24:36 PM PIT >> INFO : MINION : 	at org.junit.platform.launcher.core.EngineExecutionOrchestrator.withInterceptedStreams(EngineExecutionOrchestrator.java:67)
1:24:36 PM PIT >> INFO : MINION : 	at org.junit.platform.launcher.core.EngineExecutionOrchestrator.execute(EngineExecutionOrchestrator.java:52)
1:24:36 PM PIT >> INFO : MINION : 	at org.junit.platform.launcher.core.DefaultLauncher.execute(DefaultLauncher.java:114)
1:24:36 PM PIT >> INFO : MINION : 	at org.junit.platform.launcher.core.DefaultLauncher.execute(DefaultLauncher.java:86)
1:24:36 PM PIT >> INFO : MINION : 	at org.junit.platform.launcher.core.DefaultLauncherSession$DelegatingLauncher.execute(DefaultLauncherSession.java:86)
1:24:36 PM PIT >> INFO : MINION : 	at org.junit.platform.launcher.core.SessionPerRequestLauncher.execute(SessionPerRequestLauncher.java:53)
1:24:36 PM PIT >> INFO : MINION : 	at org.pitest.junit5.JUnit5TestUnitFinder.findTestUnits(JUnit5TestUnitFinder.java:84)
1:24:36 PM PIT >> INFO : MINION : 	at org.pitest.mutationtest.config.PrioritisingTestUnitFinder.findTestUnits(PrioritisingTestUnitFinder.java:20)
1:24:36 PM PIT >> INFO : MINION : 	at org.pitest.testapi.execute.FindTestUnits.lambda$findTestUnitsForAllSuppliedClasses$1(FindTestUnits.java:34)
1:24:36 PM PIT >> INFO : MINION : 	at java.base/java.util.stream.ReferencePipeline$7$1.accept(ReferencePipeline.java:273)
1:24:36 PM PIT >> INFO : MINION : 	at java.base/java.util.stream.DistinctOps$1$2.accept(DistinctOps.java:174)
1:24:36 PM PIT >> INFO : MINION : 	at java.base/java.util.stream.Streams$StreamBuilderImpl.forEachRemaining(Streams.java:411)
1:24:36 PM PIT >> INFO : MINION : 	at java.base/java.util.stream.Streams$ConcatSpliterator.forEachRemaining(Streams.java:734)
1:24:36 PM PIT >> INFO : MINION : 	at java.base/java.util.stream.ReferencePipeline$Head.forEach(ReferencePipeline.java:762)
1:24:36 PM PIT >> INFO : MINION : 	at java.base/java.util.stream.ReferencePipeline$7$1.accept(ReferencePipeline.java:276)
1:24:36 PM PIT >> INFO : MINION : 	at java.base/java.util.ArrayList$ArrayListSpliterator.forEachRemaining(ArrayList.java:1625)
1:24:36 PM PIT >> INFO : MINION : 	at java.base/java.util.stream.AbstractPipeline.copyInto(AbstractPipeline.java:509)
1:24:36 PM PIT >> INFO : MINION : 	at java.base/java.util.stream.AbstractPipeline.wrapAndCopyInto(AbstractPipeline.java:499)
1:24:36 PM PIT >> INFO : MINION : 	at java.base/java.util.stream.ReduceOps$ReduceOp.evaluateSequential(ReduceOps.java:921)
1:24:36 PM PIT >> INFO : MINION : 	at java.base/java.util.stream.AbstractPipeline.evaluate(AbstractPipeline.java:234)
1:24:36 PM PIT >> INFO : MINION : 	at java.base/java.util.stream.ReferencePipeline.collect(ReferencePipeline.java:682)
1:24:36 PM PIT >> INFO : MINION : 	at org.pitest.testapi.execute.FindTestUnits.findTestUnitsForAllSuppliedClasses(FindTestUnits.java:35)
1:24:36 PM PIT >> INFO : MINION : 	at org.pitest.coverage.execute.CoverageMinion.discoverTests(CoverageMinion.java:169)
1:24:36 PM PIT >> INFO : MINION : 	at org.pitest.coverage.execute.CoverageMinion.getTestsFromParent(CoverageMinion.java:154)
1:24:36 PM PIT >> INFO : MINION : 	at org.pitest.coverage.execute.CoverageMinion.main(CoverageMinion.java:82)
1:24:36 PM PIT >> INFO : MINION : 
|/-\|/-\|/-\|/-\|/-\|/-\|/-\|/-\|/-\|/-\|/-\|/-\|/-\|/-\|/-\|/-\|/-\|/-\|/-\|/-\|/-\|/-\|/-\|/-\|/-\|/-\|/-\|/-\|1:24:36 PM PIT >> INFO : Calculated coverage in 1 seconds.
1:24:36 PM PIT >> INFO : 0 tests took longer than 2000 ms
1:24:36 PM PIT >> INFO : Slowest test ([engine:junit-jupiter]/[class:org.apache.commons.geometry.core.partitioning.bsp.AbstractPartitionedRegionBuilderTest]/[method:testBuildRegion_grid_horseshoe()]) took 14 ms
1:24:36 PM PIT >> INFO : Largest test ([engine:junit-jupiter]/[class:org.apache.commons.geometry.core.partitioning.bsp.AbstractPartitionedRegionBuilderTest]/[method:testBuildRegion_grid_horseshoe()]) covered 676 blocks
1:24:37 PM PIT >> INFO : Created 35 mutation test units
1:24:47 PM PIT >> WARNING : Minion exited abnormally due to TIMED_OUT
/-\|/-\|/-\|/-\|/-\|/-\|/-\|/-\|/-\1:25:36 PM PIT >> INFO : Completed in 62 seconds
================================================================================
- Mutators
================================================================================
> org.pitest.mutationtest.engine.gregor.mutators.RemoveConditionalMutator_ORDER_ELSE
>> Generated 26 Killed 21 (81%)
> KILLED 21 SURVIVED 5 TIMED_OUT 0 NON_VIABLE 0 
> MEMORY_ERROR 0 NOT_STARTED 0 STARTED 0 RUN_ERROR 0 
> NO_COVERAGE 0 
--------------------------------------------------------------------------------
> org.pitest.mutationtest.engine.gregor.mutators.VoidMethodCallMutator
>> Generated 151 Killed 139 (92%)
> KILLED 139 SURVIVED 12 TIMED_OUT 0 NON_VIABLE 0 
> MEMORY_ERROR 0 NOT_STARTED 0 STARTED 0 RUN_ERROR 0 
> NO_COVERAGE 0 
--------------------------------------------------------------------------------
> org.pitest.mutationtest.engine.gregor.mutators.experimental.SwitchMutator
>> Generated 2 Killed 2 (100%)
> KILLED 2 SURVIVED 0 TIMED_OUT 0 NON_VIABLE 0 
> MEMORY_ERROR 0 NOT_STARTED 0 STARTED 0 RUN_ERROR 0 
> NO_COVERAGE 0 
--------------------------------------------------------------------------------
> org.pitest.mutationtest.engine.gregor.mutators.RemoveConditionalMutator_EQUAL_ELSE
>> Generated 244 Killed 227 (93%)
> KILLED 227 SURVIVED 17 TIMED_OUT 0 NON_VIABLE 0 
> MEMORY_ERROR 0 NOT_STARTED 0 STARTED 0 RUN_ERROR 0 
> NO_COVERAGE 0 
--------------------------------------------------------------------------------
> org.pitest.mutationtest.engine.gregor.mutators.returns.NullReturnValsMutator
>> Generated 116 Killed 114 (98%)
> KILLED 114 SURVIVED 2 TIMED_OUT 0 NON_VIABLE 0 
> MEMORY_ERROR 0 NOT_STARTED 0 STARTED 0 RUN_ERROR 0 
> NO_COVERAGE 0 
--------------------------------------------------------------------------------
> org.pitest.mutationtest.engine.gregor.mutators.RemoveConditionalMutator_ORDER_IF
>> Generated 26 Killed 22 (85%)
> KILLED 21 SURVIVED 4 TIMED_OUT 1 NON_VIABLE 0 
> MEMORY_ERROR 0 NOT_STARTED 0 STARTED 0 RUN_ERROR 0 
> NO_COVERAGE 0 
--------------------------------------------------------------------------------
> org.pitest.mutationtest.engine.gregor.mutators.MathMutator
>> Generated 16 Killed 15 (94%)
> KILLED 15 SURVIVED 1 TIMED_OUT 0 NON_VIABLE 0 
> MEMORY_ERROR 0 NOT_STARTED 0 STARTED 0 RUN_ERROR 0 
> NO_COVERAGE 0 
--------------------------------------------------------------------------------
> org.pitest.mutationtest.engine.gregor.mutators.returns.EmptyObjectReturnValsMutator
>> Generated 31 Killed 31 (100%)
> KILLED 31 SURVIVED 0 TIMED_OUT 0 NON_VIABLE 0 
> MEMORY_ERROR 0 NOT_STARTED 0 STARTED 0 RUN_ERROR 0 
> NO_COVERAGE 0 
--------------------------------------------------------------------------------
> org.pitest.mutationtest.engine.gregor.mutators.returns.PrimitiveReturnsMutator
>> Generated 16 Killed 16 (100%)
> KILLED 16 SURVIVED 0 TIMED_OUT 0 NON_VIABLE 0 
> MEMORY_ERROR 0 NOT_STARTED 0 STARTED 0 RUN_ERROR 0 
> NO_COVERAGE 0 
--------------------------------------------------------------------------------
> org.pitest.mutationtest.engine.gregor.mutators.ConditionalsBoundaryMutator
>> Generated 26 Killed 12 (46%)
> KILLED 12 SURVIVED 14 TIMED_OUT 0 NON_VIABLE 0 
> MEMORY_ERROR 0 NOT_STARTED 0 STARTED 0 RUN_ERROR 0 
> NO_COVERAGE 0 
--------------------------------------------------------------------------------
> org.pitest.mutationtest.engine.gregor.mutators.IncrementsMutator
>> Generated 5 Killed 4 (80%)
> KILLED 4 SURVIVED 1 TIMED_OUT 0 NON_VIABLE 0 
> MEMORY_ERROR 0 NOT_STARTED 0 STARTED 0 RUN_ERROR 0 
> NO_COVERAGE 0 
--------------------------------------------------------------------------------
> org.pitest.mutationtest.engine.gregor.mutators.returns.BooleanTrueReturnValsMutator
>> Generated 48 Killed 40 (83%)
> KILLED 40 SURVIVED 8 TIMED_OUT 0 NON_VIABLE 0 
> MEMORY_ERROR 0 NOT_STARTED 0 STARTED 0 RUN_ERROR 0 
> NO_COVERAGE 0 
--------------------------------------------------------------------------------
> org.pitest.mutationtest.engine.gregor.mutators.returns.BooleanFalseReturnValsMutator
>> Generated 19 Killed 16 (84%)
> KILLED 16 SURVIVED 3 TIMED_OUT 0 NON_VIABLE 0 
> MEMORY_ERROR 0 NOT_STARTED 0 STARTED 0 RUN_ERROR 0 
> NO_COVERAGE 0 
--------------------------------------------------------------------------------
> org.pitest.mutationtest.engine.gregor.mutators.RemoveConditionalMutator_EQUAL_IF
>> Generated 244 Killed 209 (86%)
> KILLED 209 SURVIVED 35 TIMED_OUT 0 NON_VIABLE 0 
> MEMORY_ERROR 0 NOT_STARTED 0 STARTED 0 RUN_ERROR 0 
> NO_COVERAGE 0 
--------------------------------------------------------------------------------
================================================================================
- Timings
================================================================================
> pre-scan for mutations : < 1 second
> scan classpath : < 1 second
> coverage and dependency analysis : 1 seconds
> build mutation tests : < 1 second
> run mutation analysis : 58 seconds
--------------------------------------------------------------------------------
> Total  : 1 minutes and 1 seconds
--------------------------------------------------------------------------------
> 0 tests took longer than 2000 ms
> Slowest test ([engine:junit-jupiter]/[class:org.apache.commons.geometry.core.partitioning.bsp.AbstractPartitionedRegionBuilderTest]/[method:testBuildRegion_grid_horseshoe()]) took 14 ms
> Largest test ([engine:junit-jupiter]/[class:org.apache.commons.geometry.core.partitioning.bsp.AbstractPartitionedRegionBuilderTest]/[method:testBuildRegion_grid_horseshoe()]) covered 676 blocks
================================================================================
- Statistics
================================================================================
>> Line Coverage (for mutated classes only): 1147/1149 (99%)
>> 78 tests examined
>> Generated 970 mutations Killed 868 (89%)
>> Mutations with no coverage 0. Test strength 89%
>> Ran 19543 tests (20.15 tests per mutation)
Enhanced functionality available at https://www.arcmutate.com/
[INFO] ------------------------------------------------------------------------
[INFO] BUILD SUCCESS
[INFO] ------------------------------------------------------------------------
[INFO] Total time:  01:05 min
[INFO] Finished at: 2026-01-14T13:25:36-05:00
[INFO] ------------------------------------------------------------------------
