id,test_prefix,test_name
commons-numbers_1,"@Test
    void testDigammaLargeArgs_oe() {
        double eps = 1e-8;
        Assertions.assertEquals(4.6001618527380874002, Digamma.value(100), eps);
        Assertions.assertEquals(3.9019896734278921970, Digamma.value(50), eps);
        Assertions.assertEquals(2.9705239922421490509, Digamma.value(20), eps);
        Assertions.assertEquals(2.9958363947076465821, Digamma.value(20.5), eps);
        Assertions.assertEquals(2.2622143570941481605, Digamma.value(10.1), eps);
        Assertions.assertEquals(2.1168588189004379233, Digamma.value(8.8), eps);
        Assertions.assertEquals(1.8727843350984671394, Digamma.value(7), eps);
        Assertions.assertEquals(0.42278433509846713939, Digamma.value(2), eps);
        Assertions.assertEquals(-100.56088545786867450, Digamma.value(0.01), eps);
        Assertions.assertEquals(-4.0390398965921882955, Digamma.value(-0.8), eps);
        Assertions.assertEquals(4.2003210041401844726, Digamma.value(-6.3), eps);
        Assertions.assertEquals(-3.110625123035E-5, Digamma.value(1.4616), eps);
    }",DigammaTest::testDigammaLargeArgs_oe
commons-numbers_2,"@Test
    void testDigammaZero_oe() {
        // webMathematica states Complexinfinity.
        // The value computed is Double.NEGATIVE_INFINITY but we leave this as a test for infinity
        // since the next value down -Double.MIN_VALUE is Double.POSITIVE_INFINITY indicating
        // a branch-but in the complex plane around 0.
        Assertions.assertTrue(Double.isInfinite(Digamma.value(0.0)));
    }",DigammaTest::testDigammaZero_oe
commons-numbers_3,"@Test
    void testDigammaNonRealArgs_oe() {
        Assertions.assertTrue(Double.isNaN(Digamma.value(Double.NaN)));
        Assertions.assertTrue(Double.isInfinite(Digamma.value(Double.POSITIVE_INFINITY)));
        Assertions.assertTrue(Double.isInfinite(Digamma.value(Double.NEGATIVE_INFINITY)));
    }",DigammaTest::testDigammaNonRealArgs_oe
commons-numbers_4,"@Test
    void testRegularizedBetaTinyArgument_oe() {
        double actual = RegularizedBeta.value(1e-17, 1.0, 1e12);
        // This value is from R: pbeta(1e-17,1,1e12)
        Assertions.assertEquals(9.999950000166648e-6, actual, 1e-16);
    }",RegularizedBetaTest::testRegularizedBetaTinyArgument_oe
commons-numbers_5,"@Test
    void testMath1067_oe() {
        final double x = 0.22580645161290325;
        final double a = 64.33333333333334;
        final double b = 223;

        try {
            RegularizedBeta.value(x, a, b, 1e-14, 10000);
        } catch (StackOverflowError error) {
            Assertions.fail(""Infinite recursion"");
        }
    }",RegularizedBetaTest::testMath1067_oe
commons-numbers_6,"private void testRegularizedBeta_oe(double expected,
                                     double x,
                                     double a,
                                     double b) {
        final double actual = RegularizedBeta.value(x, a, b);
        Assertions.assertEquals(expected, actual, 1e-15);
    }",RegularizedBetaTest::testRegularizedBeta_oe
commons-numbers_7,"@Test
    void testLogGammaSum_oe() {
        final int ulps = 2;
        for (int i = 0; i < LOG_GAMMA_SUM_REF.length; i++) {
            final double[] ref = LOG_GAMMA_SUM_REF[i];
            final double a = ref[0];
            final double b = ref[1];
            final double expected = ref[2];
            final double actual = LogGammaSum.value(a, b);
            final double tol = ulps * Math.ulp(expected);
            final StringBuilder builder = new StringBuilder();
            builder.append(a).append("", "").append(b);
            Assertions.assertEquals(expected, actual, tol, builder.toString());
        }
    }",LogGammaSumTest::testLogGammaSum_oe
commons-numbers_8,"@Test
    void testLogGammaSumPrecondition1_oe() {
        Assertions.assertThrows(IllegalArgumentException.class,
            () -> LogGammaSum.value(0, 1)
        );
    }",LogGammaSumTest::testLogGammaSumPrecondition1_oe
commons-numbers_9,"@Test
    void testLogGammaSumPrecondition2_oe() {
        Assertions.assertThrows(IllegalArgumentException.class,
            () -> LogGammaSum.value(3, 1)
        );
    }",LogGammaSumTest::testLogGammaSumPrecondition2_oe
commons-numbers_10,"@Test
    void testLogGammaSumPrecondition3_oe() {
        Assertions.assertThrows(IllegalArgumentException.class,
            () -> LogGammaSum.value(1, 0)
        );
    }",LogGammaSumTest::testLogGammaSumPrecondition3_oe
commons-numbers_11,"@Test
    void testLogGammaSumPrecondition4_oe() {
        Assertions.assertThrows(IllegalArgumentException.class,
            () -> LogGammaSum.value(1, 3)
        );
    }",LogGammaSumTest::testLogGammaSumPrecondition4_oe
commons-numbers_12,"@Test
    void testGamma_oe() {
        for (int i = 0; i < GAMMA_REF.length; i++) {
            final double[] ref = GAMMA_REF[i];
            final double x = ref[0];
            final double expected = ref[1];
            final double actual = Gamma.value(x);
            final double absX = Math.abs(x);
            final int ulps;
            if (absX <= 8.0) {
                ulps = 3;
            } else if (absX <= 20.0) {
                ulps = 5;
            } else if (absX <= 30.0) {
                ulps = 50;
            } else if (absX <= 50.0) {
                ulps = 180;
            } else {
                ulps = 500;
            }
            final double tol = ulps * Math.ulp(expected);
            Assertions.assertEquals(expected, actual, tol, Double.toString(x));
        }
    }",GammaTest::testGamma_oe
commons-numbers_13,"@Test
    void testGammaNegativeInteger_oe() {
        for (int i = -100; i <= 0; i++) {
            Assertions.assertTrue(Double.isNaN(Gamma.value(i)), Integer.toString(i));
        }
    }",GammaTest::testGammaNegativeInteger_oe
commons-numbers_14,"@Test
    void testGammaNegativeDouble_oe() {
        // check that the gamma function properly switches sign
        // see: https://en.wikipedia.org/wiki/Gamma_function

        double previousGamma = Gamma.value(-18.5);
        for (double x = -19.5; x > -25; x -= 1.0) {
            double gamma = Gamma.value(x);
            Assertions.assertEquals((int) Math.signum(previousGamma), -(int) Math.signum(gamma));

            previousGamma = gamma;
        }
    }",GammaTest::testGammaNegativeDouble_oe
commons-numbers_15,"private void testRegularizedGamma_oe(double expected, double a, double x) {
        double actualP = RegularizedGamma.P.value(a, x);
        double actualQ = RegularizedGamma.Q.value(a, x);
        Assertions.assertEquals(expected, actualP, 1e-15);
        Assertions.assertEquals(actualP, 1 - actualQ, 1e-15);
    }",RegularizedGammaTest::testRegularizedGamma_oe
commons-numbers_16,"@Test
    void testRegularizedGammaMaxIterationsExceededThrows_oe() {
        final double a = 1.0;
        final double x = 1.0;
        // OK without
        Assertions.assertEquals(0.632120558828558, RegularizedGamma.P.value(a, x), 1e-15);

        final int maxIterations = 3;
        Assertions.assertThrows(ArithmeticException.class, () ->
            RegularizedGamma.P.value(a, x, 1e-15, maxIterations));
    }",RegularizedGammaTest::testRegularizedGammaMaxIterationsExceededThrows_oe
commons-numbers_17,"@Test
    void testTrigamma_oe() {
        final double eps = 1e-9; // Allowed relative error.
        // computed using webMathematica.  For example, to compute trigamma($i) = Polygamma(1, $i), use
        //
        // http://functions.wolfram.com/webMathematica/Evaluated.jsp?name=PolyGamma2&plottype=0&vars={%221%22,%22$i%22}&digits=20
        final double[] data = {
            -98765.4321, 10.332673372988805424,
            -100.5, 9.8597034918700861520,
            -50.5, 9.8499971860824842274,
            -20.5, 9.8219943446498794821,
            -10.5, 9.7787577398148123845,
            -5.5, 9.7033198653394003812,
            -2.5, 9.5392466449891237539,
            -0.5, 8.9348022005446793094,
            -1e-1, 101.92253995947720352,
            -1e-2, 10001.669304101071825,
            -1e-3, 1.0000016473414317771e6,
            -1e-4, 1.0000000164517451070e8,
            -1e-5, 1.0000000001644958108e10,
            1e-11, 1e22,
            1e-10, 1e20,
            1e-9, 1.0000000000000000016e18,
            1e-8, 1.0000000000000001645e16,
            1e-7, 1.0000000000000164493e14,
            1e-6, 1.0000000000016449317e12,
            1e-5, 1.0000000001644910026e10,
            1e-4, 1.0000000164469368793e8,
            1e-3, 1.0000016425331958690e6,
            1e-2, 10001.621213528313220,
            1e-1, 101.43329915079275882,
            1, 1.6449340668482264365,
            1.5, 0.93480220054467930942,
            2, 0.64493406684822643647,
            2.5, 0.49035775610023486497,
            3, 0.39493406684822643647,
            3.5, 0.33035775610023486497,
            4, 0.28382295573711532536,
            4.5, 0.24872510303901037518,
            5, 0.22132295573711532536,
            7.5, 0.14261589669670379977,
            10, 0.10516633568168574612,
            20, 0.051270822935203119832,
            50, 0.020201333226697125806,
            100, 0.010050166663333571395,
            12345.6789, 0.000081003281325733214110
        };
        for (int i = data.length - 2; i >= 0; i -= 2) {
            final double value = data[i];
            final double expected = data[i + 1];
            Assertions.assertEquals(1, Trigamma.value(value) / expected, eps, () -> ""trigamma "" + value);
        }
    }",TrigammaTest::testTrigamma_oe
commons-numbers_18,"@Test
    void testTrigammaZero_oe() {
        Assertions.assertEquals(Double.POSITIVE_INFINITY, Trigamma.value(0), 0d);
    }",TrigammaTest::testTrigammaZero_oe
commons-numbers_19,"@Test
    void testTrigammaNonRealArgs_oe() {
        Assertions.assertTrue(Double.isNaN(Trigamma.value(Double.NaN)));
        Assertions.assertTrue(Double.isInfinite(Trigamma.value(Double.POSITIVE_INFINITY)));
        Assertions.assertTrue(Double.isInfinite(Trigamma.value(Double.NEGATIVE_INFINITY)));
    }",TrigammaTest::testTrigammaNonRealArgs_oe
commons-numbers_20,"@Test
    void testG_oe() {
        Assertions.assertEquals(607d / 128d, LanczosApproximation.g());
    }",LanczosApproximationTest::testG_oe
commons-numbers_21,"@Test
    void testSomeValues_oe() {
        // Given that few values are checked, this test would only serve
        // as early warning of unexpected changes to the current code.
        Assertions.assertEquals(29.020294557631818d, LanczosApproximation.value(0.1d));
        Assertions.assertEquals(13.14778027539684d, LanczosApproximation.value(1.0d));
        Assertions.assertEquals(7.897828855157814d, LanczosApproximation.value(2.0d));
    }",LanczosApproximationTest::testSomeValues_oe
commons-numbers_22,"@Test
    void testInvGamma1pm1_oe() {
        final int ulps = 3;
        for (int i = 0; i < INV_GAMMA1P_M1_REF.length; i++) {
            final double[] ref = INV_GAMMA1P_M1_REF[i];
            final double x = ref[0];
            final double expected = ref[1];
            final double actual = InvGamma1pm1.value(x);
            final double tol = ulps * Math.ulp(expected);
            Assertions.assertEquals(expected, actual, tol, Double.toString(x));
        }
    }",InvGamma1pm1Test::testInvGamma1pm1_oe
commons-numbers_23,"@Test
    void testInvGamma1pm1Precondition1_oe() {
        Assertions.assertThrows(GammaException.class,
            () -> InvGamma1pm1.value(-0.51)
        );
    }",InvGamma1pm1Test::testInvGamma1pm1Precondition1_oe
commons-numbers_24,"@Test
    void testInvGamma1pm1Precondition2_oe() {
        Assertions.assertThrows(GammaException.class,
            () -> InvGamma1pm1.value(1.51)
        );
    }",InvGamma1pm1Test::testInvGamma1pm1Precondition2_oe
commons-numbers_25,"@Test
    void testErfInvNaN_oe() {
        Assertions.assertTrue(Double.isNaN(InverseErf.value(-1.001)));
        Assertions.assertTrue(Double.isNaN(InverseErf.value(+1.001)));
        Assertions.assertTrue(Double.isNaN(InverseErf.value(Double.NaN)));
    }",InverseErfTest::testErfInvNaN_oe
commons-numbers_26,"@Test
    void testErfInvInfinite_oe() {
        Assertions.assertTrue(Double.isInfinite(InverseErf.value(-1)));
        Assertions.assertTrue(InverseErf.value(-1) < 0);
        Assertions.assertTrue(Double.isInfinite(InverseErf.value(+1)));
        Assertions.assertTrue(InverseErf.value(+1) > 0);
    }",InverseErfTest::testErfInvInfinite_oe
commons-numbers_27,"@Test
    void testErfInv_oe() {
        for (double x = -5.9; x < 5.9; x += 0.01) {
            final double y = Erf.value(x);
            final double dydx = 2 * Math.exp(-x * x) / Math.sqrt(Math.PI);
            Assertions.assertEquals(x, InverseErf.value(y), 1.0e-15 / dydx);
        }
    }",InverseErfTest::testErfInv_oe
commons-numbers_28,"@Test
    void testTwoArgumentErf_oe() {
        final double[] xi = new double[] {-2, -1, -0.9, -0.1, 0, 0.1, 0.9, 1, 2};
        for (double x1 : xi) {
            for (double x2 : xi) {
                double a = ErfDifference.value(x1, x2);
                double b = Erf.value(x2) - Erf.value(x1);
                double c = Erfc.value(x1) - Erfc.value(x2);
                Assertions.assertEquals(a, b, 1e-15);
                Assertions.assertEquals(a, c, 1e-15);
            }
        }
    }",ErfDifferenceTest::testTwoArgumentErf_oe
commons-numbers_29,"@Test
    void testLogBeta_oe() {
        final int ulps = 3;
        for (int i = 0; i < LOG_BETA_REF.length; i++) {
            final double[] ref = LOG_BETA_REF[i];
            final double a = ref[0];
            final double b = ref[1];
            final double expected = ref[2];
            final double actual = LogBeta.value(a, b);
            final double tol = ulps * Math.ulp(expected);
            final StringBuilder builder = new StringBuilder();
            builder.append(a).append("", "").append(b);
            Assertions.assertEquals(expected, actual, tol, builder.toString());
        }
    }",LogBetaTest::testLogBeta_oe
commons-numbers_30,"private void testLogBeta_oe(double expected,
                             double a,
                             double b) {
        double actual = LogBeta.value(a, b);
        Assertions.assertEquals(expected, actual, 1e-15);
    }",LogBetaTest::testLogBeta_oe
commons-numbers_31,"@Test
    void testLogGammaMinusLogGammaSum_oe() {
        final int ulps = 4;
        for (int i = 0; i < LOG_GAMMA_MINUS_LOG_GAMMA_SUM_REF.length; i++) {
            final double[] ref = LOG_GAMMA_MINUS_LOG_GAMMA_SUM_REF[i];
            final double a = ref[0];
            final double b = ref[1];
            final double expected = ref[2];
            final double actual = logGammaMinusLogGammaSum(a, b);
            final double tol = ulps * Math.ulp(expected);
            final StringBuilder builder = new StringBuilder();
            builder.append(a).append("", "").append(b);
            Assertions.assertEquals(expected, actual, tol, builder.toString());
        }
    }",LogBetaTest::testLogGammaMinusLogGammaSum_oe
commons-numbers_32,"@Test
    void testLogGammaMinusLogGammaSumPrecondition1_oe() {
        Assertions.assertThrows(IllegalArgumentException.class,
            () -> logGammaMinusLogGammaSum(-1, 8)
        );
    }",LogBetaTest::testLogGammaMinusLogGammaSumPrecondition1_oe
commons-numbers_33,"@Test
    void testLogGammaMinusLogGammaSumPrecondition2_oe() {
        Assertions.assertThrows(IllegalArgumentException.class,
            () -> logGammaMinusLogGammaSum(1, 7)
        );
    }",LogBetaTest::testLogGammaMinusLogGammaSumPrecondition2_oe
commons-numbers_34,"@Test
    void testSumDeltaMinusDeltaSum_oe() {
        final int ulps = 3;
        for (int i = 0; i < SUM_DELTA_MINUS_DELTA_SUM_REF.length; i++) {
            final double[] ref = SUM_DELTA_MINUS_DELTA_SUM_REF[i];
            final double a = ref[0];
            final double b = ref[1];
            final double expected = ref[2];
            final double actual = sumDeltaMinusDeltaSum(a, b);
            final double tol = ulps * Math.ulp(expected);
            final StringBuilder builder = new StringBuilder();
            builder.append(a).append("", "").append(b);
            Assertions.assertEquals(expected, actual, tol, builder.toString());
        }
    }",LogBetaTest::testSumDeltaMinusDeltaSum_oe
commons-numbers_35,"@Test
    void testSumDeltaMinusDeltaSumPrecondition1_oe() {
        Assertions.assertThrows(IllegalArgumentException.class,
            () -> sumDeltaMinusDeltaSum(9, 10)
        );
    }",LogBetaTest::testSumDeltaMinusDeltaSumPrecondition1_oe
commons-numbers_36,"@Test
    void testSumDeltaMinusDeltaSumPrecondition2_oe() {
        Assertions.assertThrows(IllegalArgumentException.class,
            () -> sumDeltaMinusDeltaSum(10, 9)
        );
    }",LogBetaTest::testSumDeltaMinusDeltaSumPrecondition2_oe
commons-numbers_37,"@Test
    void testLogGamma1p_oe() {
        final int ulps = 3;
        for (int i = 0; i < LOG_GAMMA1P_REF.length; i++) {
            final double[] ref = LOG_GAMMA1P_REF[i];
            final double x = ref[0];
            final double expected = ref[1];
            final double actual = LogGamma1p.value(x);
            final double tol = ulps * Math.ulp(expected);
            Assertions.assertEquals(expected, actual, tol, Double.toString(x));
        }
    }",LogGamma1pTest::testLogGamma1p_oe
commons-numbers_38,"@Test
    void testLogGamma1pPrecondition1_oe() {
        Assertions.assertThrows(GammaException.class,
            () -> LogGamma1p.value(-0.51)
        );
    }",LogGamma1pTest::testLogGamma1pPrecondition1_oe
commons-numbers_39,"@Test
    void testLogGamma1pPrecondition2_oe() {
        Assertions.assertThrows(GammaException.class,
            () -> LogGamma1p.value(1.51)
        );
    }",LogGamma1pTest::testLogGamma1pPrecondition2_oe
commons-numbers_40,"@Test
    void testLogGamma_oe() {
        final int ulps = 3;
        for (int i = 0; i < LOG_GAMMA_REF.length; i++) {
            final double[] data = LOG_GAMMA_REF[i];
            final double x = data[0];
            final double expected = data[1];
            final double actual = LogGamma.value(x);
            final double tol;
            if (expected == 0.0) {
                tol = 1E-15;
            } else {
                tol = ulps * Math.ulp(expected);
            }
            Assertions.assertEquals(expected, actual, tol, Double.toString(x));
        }
    }",LogGammaTest::testLogGamma_oe
commons-numbers_41,"@Test
    void testLogGammaPrecondition1_oe() {
        Assertions.assertTrue(Double.isNaN(LogGamma.value(0.0)));
    }",LogGammaTest::testLogGammaPrecondition1_oe
commons-numbers_42,"@Test
    void testLogGammaPrecondition2_oe() {
        Assertions.assertTrue(Double.isNaN(LogGamma.value(-1.0)));
    }",LogGammaTest::testLogGammaPrecondition2_oe
commons-numbers_43,"private void testLogGamma_oe(double expected, double x) {
        double actual = LogGamma.value(x);
        Assertions.assertEquals(expected, actual, 1e-15);
    }",LogGammaTest::testLogGamma_oe
commons-numbers_44,"@Test
    void testErfcInvNaN_oe() {
        Assertions.assertTrue(Double.isNaN(InverseErfc.value(-0.001)));
        Assertions.assertTrue(Double.isNaN(InverseErfc.value(+2.001)));
    }",InverseErfcTest::testErfcInvNaN_oe
commons-numbers_45,"@Test
    void testErfcInvInfinite_oe() {
        Assertions.assertTrue(Double.isInfinite(InverseErfc.value(-0)));
        Assertions.assertTrue(InverseErfc.value(0) > 0);
        Assertions.assertTrue(Double.isInfinite(InverseErfc.value(+2)));
        Assertions.assertTrue(InverseErfc.value(+2) < 0);
    }",InverseErfcTest::testErfcInvInfinite_oe
commons-numbers_46,"@Test
    void testErfcInv_oe() {
        for (double x = -5.85; x < 5.9; x += 0.01) {
            final double y = Erfc.value(x);
            final double dydxAbs = 2 * Math.exp(-x * x) / Math.sqrt(Math.PI);
            Assertions.assertEquals(x, InverseErfc.value(y), 1.0e-15 / dydxAbs);
        }
    }",InverseErfcTest::testErfcInv_oe
commons-numbers_47,"@Test
    void testErfcGnu_oe() {
        final double tol = 1e-15;
        final double[] gnuValues = new double[] {
            2,  2,  2,  2,  2,
            2,  2,  2, 1.9999999999999999785,
            1.9999999999999926422, 1.9999999999984625402, 1.9999999998033839558, 1.9999999845827420998,
            1.9999992569016276586, 1.9999779095030014146, 1.9995930479825550411, 1.9953222650189527342,
            1.9661051464753107271, 1.8427007929497148695, 1.5204998778130465381,  1,
            0.47950012218695346194, 0.15729920705028513051, 0.033894853524689272893, 0.0046777349810472658333,
            0.00040695201744495893941, 2.2090496998585441366E-05, 7.4309837234141274516E-07, 1.5417257900280018858E-08,
            1.966160441542887477E-10, 1.5374597944280348501E-12, 7.3578479179743980661E-15, 2.1519736712498913103E-17,
            3.8421483271206474691E-20, 4.1838256077794144006E-23, 2.7766493860305691016E-26, 1.1224297172982927079E-29,
            2.7623240713337714448E-33, 4.1370317465138102353E-37, 3.7692144856548799402E-41, 2.0884875837625447567E-45
        };

        double x = -10;
        for (int i = 0; i < 41; i++) {
            Assertions.assertEquals(gnuValues[i], Erfc.value(x), tol);
            x += 0.5d;
        }
    }",ErfcTest::testErfcGnu_oe
commons-numbers_48,"@Test
    void testErfcMaple_oe() {
        double[][] ref = new double[][] {
            {0.1, 4.60172162722971e-01},
            {1.2, 1.15069670221708e-01},
            {2.3, 1.07241100216758e-02},
            {3.4, 3.36929265676881e-04},
            {4.5, 3.39767312473006e-06},
            {5.6, 1.07175902583109e-08},
            {6.7, 1.04209769879652e-11},
            {7.8, 3.09535877195870e-15},
            {8.9, 2.79233437493966e-19},
            {10.0, 7.61985302416053e-24},
            {11.1, 6.27219439321703e-29},
            {12.2, 1.55411978638959e-34},
            {13.3, 1.15734162836904e-40},
            {14.4, 2.58717592540226e-47},
            {15.5, 1.73446079179387e-54},
            {16.6, 3.48454651995041e-62}
        };

        for (int i = 0; i < 15; i++) {
            final double result = 0.5 * Erfc.value(ref[i][0] / Math.sqrt(2));
            Assertions.assertEquals(ref[i][1], result, 1e-15);
            Assertions.assertEquals(1, ref[i][1] / result, 1e-13);
        }
    }",ErfcTest::testErfcMaple_oe
commons-numbers_49,"@ParameterizedTest
    @CsvSource_oe({
        ""0, 0"",
        ""1.960, 0.95"",
        ""2.576, 0.99"",
        ""2.807, 0.995"",
        ""3.291, 0.999"",
    })
    void testErf(double x, double expected) {
        // Input must be divided by root(2)
        x /= Math.sqrt(2);

        double actual = Erf.value(x);
        Assertions.assertEquals(expected, actual, 1e-5);
        Assertions.assertEquals(1 - expected, Erfc.value(x), 1e-5);

        actual = Erf.value(-x);
        expected = -expected;
        Assertions.assertEquals(expected, actual, 1e-5);
        Assertions.assertEquals(1 - expected, Erfc.value(-x), 1e-5);
    }",ErfTest::CsvSource_oe
commons-numbers_50,"@Test
    void testLargeValues_oe() {
        for (int i = 1; i < 200; i *= 10) {
            double result = Erf.value(i);
            Assertions.assertFalse(Double.isNaN(result));
            Assertions.assertTrue(result > 0 && result <= 1);
            result = Erf.value(-i);
            Assertions.assertFalse(Double.isNaN(result));
            Assertions.assertTrue(result >= -1 && result < 0);
            result = Erfc.value(i);
            Assertions.assertFalse(Double.isNaN(result));
            Assertions.assertTrue(result >= 0 && result < 1);
            result = Erfc.value(-i);
            Assertions.assertFalse(Double.isNaN(result));
            Assertions.assertTrue(result >= 1 && result <= 2);
        }
        Assertions.assertEquals(-1, Erf.value(Double.NEGATIVE_INFINITY));
        Assertions.assertEquals(1, Erf.value(Double.POSITIVE_INFINITY));
        Assertions.assertEquals(2, Erfc.value(Double.NEGATIVE_INFINITY));
        Assertions.assertEquals(0, Erfc.value(Double.POSITIVE_INFINITY));
    }",ErfTest::testLargeValues_oe
commons-numbers_51,"@Test
    void testErfGnu_oe() {
        final double tol = 1E-15;
        final double[] gnuValues = new double[] {
            -1, -1, -1, -1, -1,
            -1, -1, -1, -0.99999999999999997848,
            -0.99999999999999264217, -0.99999999999846254017, -0.99999999980338395581, -0.99999998458274209971,
            -0.9999992569016276586, -0.99997790950300141459, -0.99959304798255504108, -0.99532226501895273415,
            -0.96610514647531072711, -0.84270079294971486948, -0.52049987781304653809,  0,
            0.52049987781304653809, 0.84270079294971486948, 0.96610514647531072711, 0.99532226501895273415,
            0.99959304798255504108, 0.99997790950300141459, 0.9999992569016276586, 0.99999998458274209971,
            0.99999999980338395581, 0.99999999999846254017, 0.99999999999999264217, 0.99999999999999997848,
            1,  1,  1,  1,
            1,  1,  1,  1};

        double x = -10;
        for (int i = 0; i < 41; i++) {
            Assertions.assertEquals(gnuValues[i], Erf.value(x), tol);
            x += 0.5d;
        }
    }",ErfTest::testErfGnu_oe
commons-numbers_52,"@Test
    void testNonPositiveArgumentWithCache_oe() {
        Assertions.assertThrows(IllegalArgumentException.class,
            () -> LogFactorial.create().withCache(-1)
        );
    }",LogFactorialTest::testNonPositiveArgumentWithCache_oe
commons-numbers_53,"@Test
    void testNonPositiveArgument_oe() {
        final LogFactorial f = LogFactorial.create();
        Assertions.assertThrows(IllegalArgumentException.class,
            () -> f.value(-1)
        );
    }",LogFactorialTest::testNonPositiveArgument_oe
commons-numbers_54,"@Test
    void testDelegation_oe() {
        final LogFactorial f = LogFactorial.create();

        // Starting at 21 because for smaller arguments, there is no delegation to the
        // ""LogGamma"" class.
        for (int i = 21; i < 10000; i++) {
            final double expected = LogGamma.value(i + 1);
            Assertions.assertEquals(expected,f.value(i),0d,i + ""! "");
        }
    }",LogFactorialTest::testDelegation_oe
commons-numbers_55,"@Test
    void testCompareDirectWithoutCache_oe() {
        // This test shows that delegating to the ""Gamma"" class leads to difference
        // wrt the ""direct"" computation.

        final int max = 100;
        final LogFactorial f = LogFactorial.create();

        for (int i = 0; i < max; i++) {
            final double expected = logFactorial(i);
            Assertions.assertEquals(expected,f.value(i),2 * Math.ulp(expected),i + ""! "");
        }
    }",LogFactorialTest::testCompareDirectWithoutCache_oe
commons-numbers_56,"@Test
    void testCompareDirectWithCache_oe() {
        final int max = 1000;
        final LogFactorial f = LogFactorial.create().withCache(max);

        for (int i = 0; i < max; i++) {
            final double expected = logFactorial(i);
            Assertions.assertEquals(expected,f.value(i),0d,i + ""! "");
        }
    }",LogFactorialTest::testCompareDirectWithCache_oe
commons-numbers_57,"@Test
    void testZeroCache_oe() {
        // Ensure that no exception is thrown.
        final LogFactorial f = LogFactorial.create().withCache(0);
        Assertions.assertEquals(0, f.value(0));
        Assertions.assertEquals(0, f.value(1));
    }",LogFactorialTest::testZeroCache_oe
commons-numbers_58,"@Test
    void testUselessCache_oe() {
        // Ensure that no exception is thrown.
        LogFactorial f = LogFactorial.create().withCache(1);
        Assertions.assertEquals(0, f.value(0));
        Assertions.assertEquals(0, f.value(1));

        f = LogFactorial.create().withCache(2);
        Assertions.assertEquals(0, f.value(0));
        Assertions.assertEquals(0, f.value(1));
    }",LogFactorialTest::testUselessCache_oe
commons-numbers_59,"@Test
    void testCacheIncrease_oe() {
        final int max = 100;
        final LogFactorial f1 = LogFactorial.create().withCache(max);
        final LogFactorial f2 = f1.withCache(2 * max);

        final int val = max + max / 2;
        final double expected = logFactorial(val);
        Assertions.assertEquals(expected, f2.value(val));
    }",LogFactorialTest::testCacheIncrease_oe
commons-numbers_60,"@Test
    void testCacheDecrease_oe() {
        final int max = 100;
        final LogFactorial f1 = LogFactorial.create().withCache(max);
        final LogFactorial f2 = f1.withCache(max / 2);

        final int val = max / 4;
        final double expected = logFactorial(val);
        Assertions.assertEquals(expected, f2.value(val));
    }",LogFactorialTest::testCacheDecrease_oe
commons-numbers_61,"@Test
    void testGetN_oe() {
        final int n = 5;
        final int k = 3;
        Assertions.assertEquals(n, Combinations.of(n, k).getN());
    }",CombinationsTest::testGetN_oe
commons-numbers_62,"@Test
    void testGetK_oe() {
        final int n = 5;
        final int k = 3;
        Assertions.assertEquals(k, Combinations.of(n, k).getK());
    }",CombinationsTest::testGetK_oe
commons-numbers_63,"@Test
    void testLexicographicComparatorWrongIterate1_oe() {
        final int n = 5;
        final int k = 3;
        final Comparator<int[]> comp = Combinations.of(n, k).comparator();
        Assertions.assertThrows(IllegalArgumentException.class,
            () -> comp.compare(new int[] {1},
                               new int[] {0, 1, 2}));
    }",CombinationsTest::testLexicographicComparatorWrongIterate1_oe
commons-numbers_64,"@Test
    void testLexicographicComparatorWrongIterate2_oe() {
        final int n = 5;
        final int k = 3;
        final Comparator<int[]> comp = Combinations.of(n, k).comparator();
        Assertions.assertThrows(IllegalArgumentException.class,
            () -> comp.compare(new int[] {0, 1, 2},
                               new int[] {0, 1, 2, 3}));
    }",CombinationsTest::testLexicographicComparatorWrongIterate2_oe
commons-numbers_65,"@Test
    void testLexicographicComparatorWrongIterate3_oe() {
        final int n = 5;
        final int k = 3;
        final Comparator<int[]> comp = Combinations.of(n, k).comparator();
        Assertions.assertThrows(IllegalArgumentException.class,
            () -> comp.compare(new int[] {1, 2, 5},
                               new int[] {0, 1, 2}));
    }",CombinationsTest::testLexicographicComparatorWrongIterate3_oe
commons-numbers_66,"@Test
    void testLexicographicComparatorWrongIterate4_oe() {
        final int n = 5;
        final int k = 3;
        final Comparator<int[]> comp = Combinations.of(n, k).comparator();
        Assertions.assertThrows(IllegalArgumentException.class,
            () -> comp.compare(new int[] {1, 2, 4},
                               new int[] {-1, 1, 2}));
    }",CombinationsTest::testLexicographicComparatorWrongIterate4_oe
commons-numbers_67,"@Test
    void testLexicographicComparator_oe() {
        final int n = 5;
        final int k = 3;
        final Comparator<int[]> comp = Combinations.of(n, k).comparator();
        Assertions.assertEquals(1, comp.compare(new int[] {1, 2, 4},
                                                new int[] {1, 2, 3}));
        Assertions.assertEquals(-1, comp.compare(new int[] {0, 1, 4},
                                                 new int[] {0, 2, 4}));
        Assertions.assertEquals(0, comp.compare(new int[] {1, 3, 4},
                                                new int[] {1, 3, 4}));
    }",CombinationsTest::testLexicographicComparator_oe
commons-numbers_68,"@Test
    void testLexicographicComparatorUnsorted_oe() {
        final int n = 5;
        final int k = 3;
        final Comparator<int[]> comp = Combinations.of(n, k).comparator();
        Assertions.assertEquals(1, comp.compare(new int[] {1, 4, 2},
                                                new int[] {1, 3, 2}));
        Assertions.assertEquals(-1, comp.compare(new int[] {0, 4, 1},
                                                 new int[] {0, 4, 2}));
        Assertions.assertEquals(0, comp.compare(new int[] {1, 4, 3},
                                                new int[] {1, 3, 4}));
    }",CombinationsTest::testLexicographicComparatorUnsorted_oe
commons-numbers_69,"@Test
    void testEmptyCombination_oe() {
        final Iterator<int[]> iter = Combinations.of(12345, 0).iterator();
        Assertions.assertTrue(iter.hasNext());
        final int[] c = iter.next();
        Assertions.assertEquals(0, c.length);
        Assertions.assertFalse(iter.hasNext());
    }",CombinationsTest::testEmptyCombination_oe
commons-numbers_70,"@Test
    void testFullSetCombination_oe() {
        final int n = 67;
        final Iterator<int[]> iter = Combinations.of(n, n).iterator();
        Assertions.assertTrue(iter.hasNext());
        final int[] c = iter.next();
        Assertions.assertEquals(n, c.length);

        for (int i = 0; i < n; i++) {
            Assertions.assertEquals(i, c[i]);
        }

        Assertions.assertFalse(iter.hasNext());
    }",CombinationsTest::testFullSetCombination_oe
commons-numbers_71,"@Test
    void testBinomialCoefficientKLargerThanN_oe() {
        Assertions.assertThrows(CombinatoricsException.class,
            () -> Combinations.of(4, 5)
        );
    }",CombinationsTest::testBinomialCoefficientKLargerThanN_oe
commons-numbers_72,"@Test
    void testBinomialCoefficientNegativeN_oe() {
        Assertions.assertThrows(CombinatoricsException.class,
            () -> Combinations.of(-1, 1)
        );
    }",CombinationsTest::testBinomialCoefficientNegativeN_oe
commons-numbers_73,"@Test
    void testBinomialCoefficientNegativeK_oe() {
        Assertions.assertThrows(CombinatoricsException.class,
            () -> Combinations.of(10, -1)
        );
    }",CombinationsTest::testBinomialCoefficientNegativeK_oe
commons-numbers_74,"@Test
    void testBinomialCoefficientKAboveN_oe() {
        Assertions.assertThrows(CombinatoricsException.class,
            () -> Combinations.of(10, 20)
        );
    }",CombinationsTest::testBinomialCoefficientKAboveN_oe
commons-numbers_75,"@Test
    void testFactorialZero_oe() {
        Assertions.assertEquals(1, FactorialDouble.create().value(0), ""0!"");
    }",FactorialDoubleTest::testFactorialZero_oe
commons-numbers_76,"@Test
    void testFactorialDirect_oe() {
        for (int i = 1; i < 21; i++) {
            Assertions.assertEquals(factorialDirect(i),FactorialDouble.create().value(i),i + ""!"");
        }
    }",FactorialDoubleTest::testFactorialDirect_oe
commons-numbers_77,"@Test
    void testLargestFactorialDouble_oe() {
        final int n = 170;
        Assertions.assertNotEquals(Double.POSITIVE_INFINITY,FactorialDouble.create().value(n),()-> n + ""!"");
    }",FactorialDoubleTest::testLargestFactorialDouble_oe
commons-numbers_78,"@Test
    void testFactorialDoubleTooLarge_oe() {
        final int n = 171;
        Assertions.assertEquals(Double.POSITIVE_INFINITY,FactorialDouble.create().value(n),()-> n + ""!"");
    }",FactorialDoubleTest::testFactorialDoubleTooLarge_oe
commons-numbers_79,"@Test
    void testNonPositiveArgumentWithCache_oe() {
        Assertions.assertThrows(IllegalArgumentException.class,
            () -> FactorialDouble.create().withCache(-1)
        );
    }",FactorialDoubleTest::testNonPositiveArgumentWithCache_oe
commons-numbers_80,"@Test
    void testNonPositiveArgument_oe() {
        Assertions.assertThrows(IllegalArgumentException.class,
            () -> FactorialDouble.create().value(-1)
        );
    }",FactorialDoubleTest::testNonPositiveArgument_oe
commons-numbers_81,"@Test
    void testCompareDirectWithoutCache_oe() {
        // This test shows that delegating to the ""Gamma"" class will also lead to a
        // less accurate result.

        final int max = 100;
        final FactorialDouble f = FactorialDouble.create();

        for (int i = 0; i < max; i++) {
            final double expected = factorialDirect(i);
            Assertions.assertEquals(expected,f.value(i),100 * Math.ulp(expected),i + ""! "");
        }
    }",FactorialDoubleTest::testCompareDirectWithoutCache_oe
commons-numbers_82,"@Test
    void testCompareDirectWithCache_oe() {
        final int max = 100;
        final FactorialDouble f = FactorialDouble.create().withCache(max);

        for (int i = 0; i < max; i++) {
            final double expected = factorialDirect(i);
            Assertions.assertEquals(expected,f.value(i),100 * Math.ulp(expected),i + ""! "");
        }
    }",FactorialDoubleTest::testCompareDirectWithCache_oe
commons-numbers_83,"@Test
    void testCacheIncrease_oe() {
        final int max = 100;
        final FactorialDouble f1 = FactorialDouble.create().withCache(max);
        final FactorialDouble f2 = f1.withCache(2 * max);

        final int val = max + max / 2;
        Assertions.assertEquals(f1.value(val), f2.value(val));
    }",FactorialDoubleTest::testCacheIncrease_oe
commons-numbers_84,"@Test
    void testZeroCache_oe() {
        // Ensure that no exception is thrown.
        final FactorialDouble f = FactorialDouble.create().withCache(0);
        Assertions.assertEquals(1, f.value(0));
        Assertions.assertEquals(1, f.value(1));
    }",FactorialDoubleTest::testZeroCache_oe
commons-numbers_85,"@Test
    void testUselessCache_oe() {
        Assertions.assertDoesNotThrow(() -> {
            LogFactorial.create().withCache(1);
            LogFactorial.create().withCache(2);
        });
    }",FactorialDoubleTest::testUselessCache_oe
commons-numbers_86,"@Test
    void testCacheDecrease_oe() {
        final int max = 100;
        final FactorialDouble f1 = FactorialDouble.create().withCache(max);
        final FactorialDouble f2 = f1.withCache(max / 2);

        final int val = max / 4;
        Assertions.assertEquals(f1.value(val), f2.value(val));
    }",FactorialDoubleTest::testCacheDecrease_oe
commons-numbers_87,"@Test
    void test0Choose0_oe() {
        Assertions.assertEquals(0d, LogBinomialCoefficient.value(0, 0));
    }",LogBinomialCoefficientTest::test0Choose0_oe
commons-numbers_88,"@Test
    void testBinomialCoefficient_oe() {
        final long[] bcoef5 = {1, 5, 10, 10, 5, 1};
        final long[] bcoef6 = {1, 6, 15, 20, 15, 6, 1};

        for (int n = 1; n < 10; n++) {
            for (int k = 0; k <= n; k++) {
                Assertions.assertEquals(Math.log(BinomialCoefficientTest.binomialCoefficient(n,k)),LogBinomialCoefficient.value(n,k),1e-12,n + "" choose "" + k);
            }
        }

        final int[] n = {34, 66, 100, 1500, 1500};
        final int[] k = {17, 33, 10, 1500 - 4, 4};
        for (int i = 0; i < n.length; i++) {
            final long expected = BinomialCoefficientTest.binomialCoefficient(n[i], k[i]);
            Assertions.assertEquals(Math.log(expected),LogBinomialCoefficient.value(n[i],k[i]),0d,""log("" + n[i] + "" choose "" + k[i] + "")"");
        }
    }",LogBinomialCoefficientTest::testBinomialCoefficient_oe
commons-numbers_89,"@Test
    void testBinomialCoefficientFail1_oe() {
        Assertions.assertThrows(CombinatoricsException.class,
            () -> LogBinomialCoefficient.value(4, 5)
        );
    }",LogBinomialCoefficientTest::testBinomialCoefficientFail1_oe
commons-numbers_90,"@Test
    void testBinomialCoefficientFail2_oe() {
        Assertions.assertThrows(CombinatoricsException.class,
            () -> LogBinomialCoefficient.value(-1, -2)
        );
    }",LogBinomialCoefficientTest::testBinomialCoefficientFail2_oe
commons-numbers_91,"@Test
    void testBinomialCoefficientLarge_oe() throws Exception {
        // This tests all legal and illegal values for n <= 200.
        for (int n = 0; n <= 200; n++) {
            for (int k = 0; k <= n; k++) {
                long exactResult = -1;
                boolean shouldThrow = false;
                boolean didThrow = false;
                try {
                    BinomialCoefficient.value(n, k);
                } catch (ArithmeticException ex) {
                    didThrow = true;
                }
                try {
                    exactResult = BinomialCoefficientTest.binomialCoefficient(n, k);
                } catch (ArithmeticException ex) {
                    shouldThrow = true;
                }

                if (!shouldThrow && exactResult > 1) {
                    Assertions.assertEquals(1,LogBinomialCoefficient.value(n,k)/ Math.log(exactResult),1e-10,n + "" choose "" + k);
                }
            }
        }

        final int n = 10000;
        final double actualOverExpected = LogBinomialCoefficient.value(n, 3) /
            Math.log(BinomialCoefficientTest.binomialCoefficient(n, 3));
        Assertions.assertEquals(1, actualOverExpected, 1e-10);
    }",LogBinomialCoefficientTest::testBinomialCoefficientLarge_oe
commons-numbers_92,"@Test
    void test0Choose0_oe() {
        Assertions.assertEquals(1, BinomialCoefficient.value(0, 0));
    }",BinomialCoefficientTest::test0Choose0_oe
commons-numbers_93,"@Test
    void testBinomialCoefficient_oe() {
        final long[] bcoef5 = {1, 5, 10, 10, 5, 1};
        final long[] bcoef6 = {1, 6, 15, 20, 15, 6, 1};

        for (int i = 0; i < 6; i++) {
            Assertions.assertEquals(bcoef5[i], BinomialCoefficient.value(5, i), ""5 choose "" + i);
        }
        for (int i = 0; i < 7; i++) {
            Assertions.assertEquals(bcoef6[i], BinomialCoefficient.value(6, i), ""6 choose "" + i);
        }

        for (int n = 1; n < 10; n++) {
            for (int k = 0; k <= n; k++) {
                Assertions.assertEquals(binomialCoefficient(n,k),BinomialCoefficient.value(n,k),n + "" choose "" + k);
            }
        }

        final int[] n = {34, 66, 100, 1500, 1500};
        final int[] k = {17, 33, 10, 1500 - 4, 4};
        for (int i = 0; i < n.length; i++) {
            final long expected = binomialCoefficient(n[i], k[i]);
            Assertions.assertEquals(expected,BinomialCoefficient.value(n[i],k[i]),n[i] + "" choose "" + k[i]);
        }
    }",BinomialCoefficientTest::testBinomialCoefficient_oe
commons-numbers_94,"@Test
    void testBinomialCoefficientKLargerThanN_oe() {
        Assertions.assertThrows(CombinatoricsException.class,
            () -> BinomialCoefficient.value(4, 5)
        );
    }",BinomialCoefficientTest::testBinomialCoefficientKLargerThanN_oe
commons-numbers_95,"@Test
    void testBinomialCoefficientNegativeN_oe() {
        Assertions.assertThrows(CombinatoricsException.class,
            () -> BinomialCoefficient.value(-1, 1)
        );
    }",BinomialCoefficientTest::testBinomialCoefficientNegativeN_oe
commons-numbers_96,"@Test
    void testBinomialCoefficientNegativeK_oe() {
        Assertions.assertThrows(CombinatoricsException.class,
            () -> BinomialCoefficient.value(10, -1)
        );
    }",BinomialCoefficientTest::testBinomialCoefficientNegativeK_oe
commons-numbers_97,"@Test
    void testBinomialCoefficientNAbove66ResultOverflow_oe() {
        Assertions.assertThrows(ArithmeticException.class,
            () -> BinomialCoefficient.value(67, 30)
        );
    }",BinomialCoefficientTest::testBinomialCoefficientNAbove66ResultOverflow_oe
commons-numbers_98,"@Test
    void testBinomialCoefficientLarge_oe() throws Exception {
        // This tests all legal and illegal values for n <= 200.
        for (int n = 0; n <= 200; n++) {
            for (int k = 0; k <= n; k++) {
                long ourResult = -1;
                long exactResult = -1;
                boolean shouldThrow = false;
                boolean didThrow = false;
                try {
                    ourResult = BinomialCoefficient.value(n, k);
                } catch (ArithmeticException ex) {
                    didThrow = true;
                }
                try {
                    exactResult = binomialCoefficient(n, k);
                } catch (ArithmeticException ex) {
                    shouldThrow = true;
                }
                Assertions.assertEquals(exactResult, ourResult, n + "" choose "" + k);
                Assertions.assertEquals(shouldThrow, didThrow, n + "" choose "" + k);
                Assertions.assertTrue(n > 66 || !didThrow, n + "" choose "" + k);
            }
        }

        long ourResult = BinomialCoefficient.value(300, 3);
        long exactResult = binomialCoefficient(300, 3);
        Assertions.assertEquals(exactResult, ourResult);

        ourResult = BinomialCoefficient.value(700, 697);
        exactResult = binomialCoefficient(700, 697);
        Assertions.assertEquals(exactResult, ourResult);

        final int n = 10000;
        ourResult = BinomialCoefficient.value(n, 3);
        exactResult = binomialCoefficient(n, 3);
        Assertions.assertEquals(exactResult, ourResult);

    }",BinomialCoefficientTest::testBinomialCoefficientLarge_oe
commons-numbers_99,"@Test
    void checkNLessThanOne_oe() {
        Assertions.assertThrows(CombinatoricsException.class,
            () -> BinomialCoefficient.checkBinomial(-1, -2)
        );
    }",BinomialCoefficientTest::checkNLessThanOne_oe
commons-numbers_100,"@Test
    void checkKGreaterThanN_oe() {
        Assertions.assertThrows(CombinatoricsException.class,
            () -> BinomialCoefficient.checkBinomial(4, 5)
        );
    }",BinomialCoefficientTest::checkKGreaterThanN_oe
commons-numbers_101,"@Test
    void testFactorialZero_oe() {
        Assertions.assertEquals(1, Factorial.value(0), ""0!"");
    }",FactorialTest::testFactorialZero_oe
commons-numbers_102,"@Test
    void testFactorial_oe() {
        for (int i = 1; i < 21; i++) {
            Assertions.assertEquals(factorial(i), Factorial.value(i), i + ""!"");
        }
    }",FactorialTest::testFactorial_oe
commons-numbers_103,"@Test
    void testPrecondition1_oe() {
        Assertions.assertThrows(IllegalArgumentException.class,
            () -> Factorial.value(-1)
        );
    }",FactorialTest::testPrecondition1_oe
commons-numbers_104,"@Test
    void testPrecondition2_oe() {
        Assertions.assertThrows(IllegalArgumentException.class,
            () -> Factorial.value(21)
        );
    }",FactorialTest::testPrecondition2_oe
commons-numbers_105,"@Test
    void test0Choose0_oe() {
        Assertions.assertEquals(1d, BinomialCoefficientDouble.value(0, 0));
    }",BinomialCoefficientDoubleTest::test0Choose0_oe
commons-numbers_106,"@Test
    void testBinomialCoefficient_oe() {
        final long[] bcoef5 = {1, 5, 10, 10, 5, 1};
        final long[] bcoef6 = {1, 6, 15, 20, 15, 6, 1};

        for (int n = 1; n < 10; n++) {
            for (int k = 0; k <= n; k++) {
                Assertions.assertEquals(BinomialCoefficientTest.binomialCoefficient(n,k),BinomialCoefficientDouble.value(n,k),Double.MIN_VALUE,n + "" choose "" + k);
            }
        }

        final int[] n = {34, 66, 100, 1500, 1500};
        final int[] k = {17, 33, 10, 1500 - 4, 4};
        for (int i = 0; i < n.length; i++) {
            final long expected = BinomialCoefficientTest.binomialCoefficient(n[i], k[i]);
            Assertions.assertEquals(expected,BinomialCoefficientDouble.value(n[i],k[i]),0.0,n[i] + "" choose "" + k[i]);
        }
    }",BinomialCoefficientDoubleTest::testBinomialCoefficient_oe
commons-numbers_107,"@Test
    void testBinomialCoefficientFail1_oe() {
        Assertions.assertThrows(CombinatoricsException.class,
            () -> BinomialCoefficientDouble.value(4, 5)
        );
    }",BinomialCoefficientDoubleTest::testBinomialCoefficientFail1_oe
commons-numbers_108,"@Test
    void testBinomialCoefficientFail2_oe() {
        Assertions.assertThrows(CombinatoricsException.class,
            () -> BinomialCoefficientDouble.value(-1, -2)
        );
    }",BinomialCoefficientDoubleTest::testBinomialCoefficientFail2_oe
commons-numbers_109,"@Test
    void testBinomialCoefficientFail3_oe() {
        final double x = BinomialCoefficientDouble.value(1030, 515);
        Assertions.assertTrue(Double.isInfinite(x), ""expecting infinite binomial coefficient"");
    }",BinomialCoefficientDoubleTest::testBinomialCoefficientFail3_oe
commons-numbers_110,"@Test
    void testBinomialCoefficientLarge_oe() throws Exception {
        // This tests all legal and illegal values for n <= 200.
        for (int n = 0; n <= 200; n++) {
            for (int k = 0; k <= n; k++) {
                long exactResult = -1;
                boolean shouldThrow = false;
                boolean didThrow = false;
                try {
                    BinomialCoefficient.value(n, k);
                } catch (ArithmeticException ex) {
                    didThrow = true;
                }
                try {
                    exactResult = BinomialCoefficientTest.binomialCoefficient(n, k);
                } catch (ArithmeticException ex) {
                    shouldThrow = true;
                }

                if (!shouldThrow && exactResult > 1) {
                    Assertions.assertEquals(1.,BinomialCoefficientDouble.value(n,k)/ exactResult,1e-10,n + "" choose "" + k);
                }
            }
        }

        final int n = 10000;
        final double actualOverExpected = BinomialCoefficientDouble.value(n, 3) /
            BinomialCoefficientTest.binomialCoefficient(n, 3);
        Assertions.assertEquals(1, actualOverExpected, 1e-10);
    }",BinomialCoefficientDoubleTest::testBinomialCoefficientLarge_oe
commons-numbers_111,"@Test
    void testAcos_oe() {
        assertOperation(""acos"", Complex::acos, 2);
    }",CReferenceTest::testAcos_oe
commons-numbers_112,"@Test
    void testAcosh_oe() {
        assertOperation(""acosh"", Complex::acosh, 2);
    }",CReferenceTest::testAcosh_oe
commons-numbers_113,"@Test
    void testAsinh_oe() {
        // Odd function: negative real cases defined by positive real cases
        assertOperation(""asinh"", Complex::asinh, 3);
    }",CReferenceTest::testAsinh_oe
commons-numbers_114,"@Test
    void testAtanh_oe() {
        // Odd function: negative real cases defined by positive real cases
        assertOperation(""atanh"", Complex::atanh, 1);
    }",CReferenceTest::testAtanh_oe
commons-numbers_115,"@Test
    void testCosh_oe() {
        // Even function: negative real cases defined by positive real cases
        assertOperation(""cosh"", Complex::cosh, 2);
    }",CReferenceTest::testCosh_oe
commons-numbers_116,"@Test
    void testSinh_oe() {
        // Odd function: negative real cases defined by positive real cases
        assertOperation(""sinh"", Complex::sinh, 2);
    }",CReferenceTest::testSinh_oe
commons-numbers_117,"@Test
    void testTanh_oe() {
        // Odd function: negative real cases defined by positive real cases
        assertOperation(""tanh"", Complex::tanh, 2);
    }",CReferenceTest::testTanh_oe
commons-numbers_118,"@Test
    void testExp_oe() {
        assertOperation(""exp"", Complex::exp, 2);
    }",CReferenceTest::testExp_oe
commons-numbers_119,"@Test
    void testLog_oe() {
        assertOperation(""log"", Complex::log, 1);
    }",CReferenceTest::testLog_oe
commons-numbers_120,"@Test
    void testSqrt_oe() {
        assertOperation(""sqrt"", Complex::sqrt, 1);
    }",CReferenceTest::testSqrt_oe
commons-numbers_121,"@Test
    void testMultiply_oe() {
        assertBiOperation(""multiply"", Complex::multiply, 0);
    }",CReferenceTest::testMultiply_oe
commons-numbers_122,"@Test
    void testDivide_oe() {
        assertBiOperation(""divide"", Complex::divide, 7);
    }",CReferenceTest::testDivide_oe
commons-numbers_123,"@Test
    void testPowComplex_oe() {
        assertBiOperation(""pow"", Complex::pow, 9);
    }",CReferenceTest::testPowComplex_oe
commons-numbers_124,"@Test
    void testMultiply_oe() {
        final ArrayList<Complex> infinites = createInfinites();
        final ArrayList<Complex> nonZeroFinites = createNonZeroFinites();
        final ArrayList<Complex> zeroFinites = createZeroFinites();

        // C.99 refers to non-zero finites.
        // Standard multiplication of zero with infinites is not defined.
        Assertions.assertEquals(nan, 0.0 * inf, ""0 * inf"");
        Assertions.assertEquals(nan, 0.0 * negInf, ""0 * -inf"");
        Assertions.assertEquals(nan, -0.0 * inf, ""-0 * inf"");
        Assertions.assertEquals(nan, -0.0 * negInf, ""-0 * -inf"");

        // ""if one operand is an infinity and the other operand is a nonzero finite number or an
        // infinity, then the result of the * operator is an infinity;""
        for (final Complex z : infinites) {
            for (final Complex w : infinites) {
                assertOperation(z, w, Complex::multiply, ""*"", Complex::isInfinite, ""Inf"");
                assertOperation(w, z, Complex::multiply, ""*"", Complex::isInfinite, ""Inf"");
            }
            for (final Complex w : nonZeroFinites) {
                assertOperation(z, w, Complex::multiply, ""*"", Complex::isInfinite, ""Inf"");
                assertOperation(w, z, Complex::multiply, ""*"", Complex::isInfinite, ""Inf"");
            }
            // C.99 refers to non-zero finites.
            // Infer that Complex multiplication of zero with infinites is not defined.
            for (final Complex w : zeroFinites) {
                assertOperation(z, w, Complex::multiply, ""*"", Complex::isNaN, ""NaN"");
                assertOperation(w, z, Complex::multiply, ""*"", Complex::isNaN, ""NaN"");
            }
        }

        // ISO C Standard in Annex G is missing an explicit definition of how to handle NaNs.
        // We will assume multiplication by (nan,nan) is not allowed.
        // It is undefined how to multiply when a complex has only one NaN component.
        // The reference implementation in Annex G allows it.

        // The GNU g++ compiler computes:
        // (1e300 + i 1e300) * (1e30 + i NAN) = inf + i inf
        // Thus this is allowing some computations with NaN.

        // Check multiply with (NaN,NaN) is not corrected
        final double[] values = {0, 1, inf, negInf, nan};
        for (final Complex z : createCombinations(values, c -> true)) {
            assertOperation(z, NAN, Complex::multiply, ""*"", Complex::isNaN, ""NaN"");
            assertOperation(NAN, z, Complex::multiply, ""*"", Complex::isNaN, ""NaN"");
        }

        // Test multiply cases which result in overflow are corrected to infinity
        assertOperation(maxMax, maxMax, Complex::multiply, ""*"", Complex::isInfinite, ""Inf"");
        assertOperation(maxNan, maxNan, Complex::multiply, ""*"", Complex::isInfinite, ""Inf"");
        assertOperation(nanMax, maxNan, Complex::multiply, ""*"", Complex::isInfinite, ""Inf"");
        assertOperation(maxNan, nanMax, Complex::multiply, ""*"", Complex::isInfinite, ""Inf"");
        assertOperation(nanMax, nanMax, Complex::multiply, ""*"", Complex::isInfinite, ""Inf"");
    }",CStandardTest::testMultiply_oe
commons-numbers_125,"@Test
    void testDivide_oe() {
        final ArrayList<Complex> infinites = createInfinites();
        final ArrayList<Complex> nonZeroFinites = createNonZeroFinites();
        final ArrayList<Complex> zeroFinites = createZeroFinites();
        final ArrayList<Complex> nans = createNaNs();
        final ArrayList<Complex> finites = new ArrayList<>(nonZeroFinites);
        finites.addAll(zeroFinites);

        // ""if the first operand is an infinity and the second operand is a finite number, then the
        // result of the / operator is an infinity;""
        for (final Complex z : infinites) {
            for (final Complex w : nonZeroFinites) {
                assertOperation(z, w, Complex::divide, ""/"", Complex::isInfinite, ""Inf"");
            }
            for (final Complex w : zeroFinites) {
                assertOperation(z, w, Complex::divide, ""/"", Complex::isInfinite, ""Inf"");
            }
            // Check inf/inf cannot be done
            for (final Complex w : infinites) {
                assertOperation(z, w, Complex::divide, ""/"", Complex::isNaN, ""NaN"");
            }
        }

        // ""if the first operand is a finite number and the second operand is an infinity, then the
        // result of the / operator is a zero;""
        for (final Complex z : finites) {
            for (final Complex w : infinites) {
                assertOperation(z, w, Complex::divide, ""/"", CStandardTest::isZero, ""Zero"");
            }
        }

        // ""if the first operand is a nonzero finite number or an infinity and the second operand is
        // a zero, then the result of the / operator is an infinity.""
        for (final Complex w : zeroFinites) {
            for (final Complex z : nonZeroFinites) {
                assertOperation(z, w, Complex::divide, ""/"", Complex::isInfinite, ""Inf"");
            }
            for (final Complex z : infinites) {
                assertOperation(z, w, Complex::divide, ""/"", Complex::isInfinite, ""Inf"");
            }
        }

        // ISO C Standard in Annex G is missing an explicit definition of how to handle NaNs.
        // The reference implementation does not correct for divide by NaN components unless
        // infinite.
        for (final Complex w : nans) {
            for (final Complex z : finites) {
                assertOperation(z, w, Complex::divide, ""/"", c -> NAN.equals(c), ""(NaN,NaN)"");
            }
            for (final Complex z : infinites) {
                assertOperation(z, w, Complex::divide, ""/"", c -> NAN.equals(c), ""(NaN,NaN)"");
            }
        }

        // Check (NaN,NaN) divide is not corrected for the edge case of divide by zero or infinite
        for (final Complex w : zeroFinites) {
            assertOperation(NAN, w, Complex::divide, ""/"", Complex::isNaN, ""NaN"");
        }
        for (final Complex w : infinites) {
            assertOperation(NAN, w, Complex::divide, ""/"", Complex::isNaN, ""NaN"");
        }
    }",CStandardTest::testDivide_oe
commons-numbers_126,"@Test
    void testSqrt1_oe() {
        assertComplex(complex(-2.0, 0.0).sqrt(), complex(0.0, Math.sqrt(2)));
        assertComplex(complex(-2.0, -0.0).sqrt(), complex(0.0, -Math.sqrt(2)));
    }",CStandardTest::testSqrt1_oe
commons-numbers_127,"@Test
    void testImplicitTrig_oe() {
        final UniformRandomProvider rng = RandomSource.create(RandomSource.SPLIT_MIX_64);
        for (int i = 0; i < 100; i++) {
            final double re = next(rng);
            final double im = next(rng);
            final Complex z = complex(re, im);
            final Complex iz = z.multiplyImaginary(1);
            assertComplex(z.asin(), iz.asinh().multiplyImaginary(-1));
            assertComplex(z.atan(), iz.atanh().multiplyImaginary(-1));
            assertComplex(z.cos(), iz.cosh());
            assertComplex(z.sin(), iz.sinh().multiplyImaginary(-1));
            assertComplex(z.tan(), iz.tanh().multiplyImaginary(-1));
        }
    }",CStandardTest::testImplicitTrig_oe
commons-numbers_128,"@Test
    void testAbs_oe() {
        Assertions.assertEquals(inf, complex(inf, nan).abs());
        Assertions.assertEquals(inf, complex(negInf, nan).abs());
        final UniformRandomProvider rng = RandomSource.create(RandomSource.XO_RO_SHI_RO_128_PP);
        for (int i = 0; i < 10; i++) {
            final double x = next(rng);
            final double y = next(rng);
            Assertions.assertEquals(complex(x, y).abs(), complex(y, x).abs());
            Assertions.assertEquals(complex(x, y).abs(), complex(x, -y).abs());
            Assertions.assertEquals(Math.abs(x), complex(x, 0.0).abs());
            Assertions.assertEquals(Math.abs(x), complex(x, -0.0).abs());
            Assertions.assertEquals(inf, complex(inf, y).abs());
            Assertions.assertEquals(inf, complex(negInf, y).abs());
        }

        // Test verses Math.hypot due to the use of a custom implementation.
        // First test edge cases. Use negatives to test the sign is correctly removed.
        final double[] parts = {-0.0, -Double.MIN_VALUE, -Double.MIN_NORMAL, -Double.MAX_VALUE,
            Double.NEGATIVE_INFINITY, Double.NaN};
        for (final double x : parts) {
            for (final double y : parts) {
                Assertions.assertEquals(Math.hypot(x, y), complex(x, y).abs());
            }
        }

        // The reference fdlibm hypot implementation orders using the upper 32-bits of the double.
        // Tests using random numbers that differ in only the lower 32-bits
        // show a frequency of <1e-9 that the computation is not commutative: f(x, y) != f(y, x)
        // Test known cases where ordering is required on the lower 32-bits to ensure |z| == |iz|.
        // These cases would fail a direct fdlibm conversion of this:
        // https://www.netlib.org/fdlibm/e_hypot.c
        for (final double[] pair : new double[][] {
                {1.3122561682406755, 1.3122565442732959},
                {1.40905821964671, 1.4090583434236112},
                {1.912164268932753, 1.9121638616231227}}) {
            final Complex z = complex(pair[0], pair[1]);
            Assertions.assertEquals(z.abs(), z.multiplyImaginary(1).abs(), ""Expected |z| == |iz|"");
        }

        // Test with a range of numbers.
        // Sub-normals require special handling so we use different variations of these to
        // ensure they are handled correctly.
        // Note:
        // 1 ULP differences with Math.hypot can be observed due to the different implementations.
        // For normal numbers observable differences require billions of numbers to show a
        // few hundred cases of lower ULPs and a magnitude smaller count of higher ULPs.
        // For sub-normal numbers a few thousand examples can demonstrate
        // a larger count of 1 ULP improvements than 1 ULP errors verses Math.hypot.
        // A formal statistical test to demonstrate differences are significant is not implemented.
        // This test simply asserts the answer is either the same as Math.hypot or else is within
        // 1 ULP of a high precision computation.
        final int samples = 100;
        assertAbs(rng, r -> createSubNormalNumber(r, 0), r -> createSubNormalNumber(r, 0), samples);
        assertAbs(rng, r -> createSubNormalNumber(r, 0), r -> createSubNormalNumber(r, 1), samples);
        assertAbs(rng, r -> createSubNormalNumber(r, 0), r -> createSubNormalNumber(r, 2), samples);
        // Numbers on the same scale (fixed exponent)
        assertAbs(rng, r -> createFixedExponentNumber(r, 0), r -> createFixedExponentNumber(r, 0), samples);
        // Numbers on different scales
        assertAbs(rng, r -> createFixedExponentNumber(r, 0), r -> createFixedExponentNumber(r, 1), samples);
        assertAbs(rng, r -> createFixedExponentNumber(r, 0), r -> createFixedExponentNumber(r, 2 + r.nextInt(10)), samples);
        // Intermediate overflow / underflow
        assertAbs(rng, r -> createFixedExponentNumber(r, 1022), r -> createFixedExponentNumber(r, 1022), samples);
        assertAbs(rng, r -> createFixedExponentNumber(r, -1022), r -> createFixedExponentNumber(r, -1022), samples);
        // Complex cis numbers
        final ToDoubleFunction<UniformRandomProvider> cisGenerator = new ToDoubleFunction<UniformRandomProvider>() {
            private double tmp = Double.NaN;
            @Override
            public double applyAsDouble(UniformRandomProvider rng) {
                if (Double.isNaN(tmp)) {
                    double u = rng.nextDouble() * Math.PI;
                    tmp = Math.cos(u);
                    return Math.sin(u);
                }
                final double r = tmp;
                tmp = Double.NaN;
                return r;
            }
        };
        assertAbs(rng, cisGenerator, cisGenerator, samples);
    }",CStandardTest::testAbs_oe
commons-numbers_129,"@Test
    void testAcos_oe() {
        final UnaryOperator<Complex> operation = Complex::acos;
        assertConjugateEquality(operation);
        assertComplex(Complex.ZERO, operation, piTwoNegZero);
        assertComplex(negZeroZero, operation, piTwoNegZero);
        assertComplex(zeroNaN, operation, piTwoNaN);
        assertComplex(negZeroNaN, operation, piTwoNaN);
        for (double x : finite) {
            assertComplex(complex(x, inf), operation, piTwoNegInf);
        }
        for (double x : nonZeroFinite) {
            assertComplex(complex(x, nan), operation, NAN);
        }
        for (double y : positiveFinite) {
            assertComplex(complex(-inf, y), operation, piNegInf);
        }
        for (double y : positiveFinite) {
            assertComplex(complex(inf, y), operation, zeroNegInf);
        }
        assertComplex(negInfInf, operation, threePiFourNegInf);
        assertComplex(infInf, operation, piFourNegInf);
        assertComplex(infNaN, operation, nanInf, UnspecifiedSign.IMAGINARY);
        assertComplex(negInfNaN, operation, nanNegInf, UnspecifiedSign.IMAGINARY);
        for (double y : finite) {
            assertComplex(complex(nan, y), operation, NAN);
        }
        assertComplex(nanInf, operation, nanNegInf);
        assertComplex(NAN, operation, NAN);
    }",CStandardTest::testAcos_oe
commons-numbers_130,"@Test
    void testAcosh_oe() {
        final UnaryOperator<Complex> operation = Complex::acosh;
        assertConjugateEquality(operation);
        assertComplex(Complex.ZERO, operation, zeroPiTwo);
        assertComplex(negZeroZero, operation, zeroPiTwo);
        for (double x : finite) {
            assertComplex(complex(x, inf), operation, infPiTwo);
        }
        assertComplex(zeroNaN, operation, nanPiTwo);
        assertComplex(negZeroNaN, operation, nanPiTwo);
        for (double x : nonZeroFinite) {
            assertComplex(complex(x, nan), operation, NAN);
        }
        for (double y : positiveFinite) {
            assertComplex(complex(-inf, y), operation, infPi);
        }
        for (double y : positiveFinite) {
            assertComplex(complex(inf, y), operation, infZero);
        }
        assertComplex(negInfInf, operation, infThreePiFour);
        assertComplex(infInf, operation, infPiFour);
        assertComplex(infNaN, operation, infNaN);
        assertComplex(negInfNaN, operation, infNaN);
        for (double y : finite) {
            assertComplex(complex(nan, y), operation, NAN);
        }
        assertComplex(nanInf, operation, infNaN);
        assertComplex(NAN, operation, NAN);
    }",CStandardTest::testAcosh_oe
commons-numbers_131,"@Test
    void testAsinh_oe() {
        final UnaryOperator<Complex> operation = Complex::asinh;
        final FunctionType type = FunctionType.ODD;
        assertConjugateEquality(operation);
        assertFunctionType(operation, type);
        assertComplex(Complex.ZERO, operation, Complex.ZERO, type);
        for (double x : positiveFinite) {
            assertComplex(complex(x, inf), operation, infPiTwo, type);
        }
        for (double x : finite) {
            assertComplex(complex(x, nan), operation, NAN, type);
        }
        for (double y : positiveFinite) {
            assertComplex(complex(inf, y), operation, infZero, type);
        }
        assertComplex(infInf, operation, infPiFour, type);
        assertComplex(infNaN, operation, infNaN, type);
        assertComplex(nanZero, operation, nanZero, type);
        for (double y : nonZeroFinite) {
            assertComplex(complex(nan, y), operation, NAN, type);
        }
        assertComplex(nanInf, operation, infNaN, type, UnspecifiedSign.REAL);
        assertComplex(NAN, operation, NAN, type);
    }",CStandardTest::testAsinh_oe
commons-numbers_132,"@Test
    void testAtanh_oe() {
        final UnaryOperator<Complex> operation = Complex::atanh;
        final FunctionType type = FunctionType.ODD;
        assertConjugateEquality(operation);
        assertFunctionType(operation, type);
        assertComplex(Complex.ZERO, operation, Complex.ZERO, type);
        assertComplex(zeroNaN, operation, zeroNaN, type);
        assertComplex(oneZero, operation, infZero, type);
        for (double x : positiveFinite) {
            assertComplex(complex(x, inf), operation, zeroPiTwo, type);
        }
        for (double x : nonZeroFinite) {
            assertComplex(complex(x, nan), operation, NAN, type);
        }
        for (double y : positiveFinite) {
            assertComplex(complex(inf, y), operation, zeroPiTwo, type);
        }
        assertComplex(infInf, operation, zeroPiTwo, type);
        assertComplex(infNaN, operation, zeroNaN, type);
        assertComplex(nanZero, operation, NAN, type);
        for (double y : finite) {
            assertComplex(complex(nan, y), operation, NAN, type);
        }
        assertComplex(nanInf, operation, zeroPiTwo, type, UnspecifiedSign.REAL);
        assertComplex(NAN, operation, NAN, type);
    }",CStandardTest::testAtanh_oe
commons-numbers_133,"@Test
    void testCosh_oe() {
        final UnaryOperator<Complex> operation = Complex::cosh;
        final FunctionType type = FunctionType.EVEN;
        assertConjugateEquality(operation);
        assertFunctionType(operation, type);
        assertComplex(Complex.ZERO, operation, Complex.ONE, type);
        assertComplex(zeroInf, operation, nanZero, type, UnspecifiedSign.IMAGINARY);
        assertComplex(zeroNaN, operation, nanZero, type, UnspecifiedSign.IMAGINARY);
        for (double x : nonZeroFinite) {
            assertComplex(complex(x, inf), operation, NAN, type);
        }
        for (double x : nonZeroFinite) {
            assertComplex(complex(x, nan), operation, NAN, type);
        }
        assertComplex(infZero, operation, infZero, type);
        for (double y : nonZeroFinite) {
            assertComplex(complex(inf, y), operation, Complex.ofCis(y).multiply(inf), type);
        }
        assertComplex(infInf, operation, infNaN, type, UnspecifiedSign.REAL);
        assertComplex(infNaN, operation, infNaN, type);
        assertComplex(nanZero, operation, nanZero, type, UnspecifiedSign.IMAGINARY);
        for (double y : nonZero) {
            assertComplex(complex(nan, y), operation, NAN, type);
        }
        assertComplex(NAN, operation, NAN, type);
    }",CStandardTest::testCosh_oe
commons-numbers_134,"@Test
    void testSinh_oe() {
        final UnaryOperator<Complex> operation = Complex::sinh;
        final FunctionType type = FunctionType.ODD;
        assertConjugateEquality(operation);
        assertFunctionType(operation, type);
        assertComplex(Complex.ZERO, operation, Complex.ZERO, type);
        assertComplex(zeroInf, operation, zeroNaN, type, UnspecifiedSign.REAL);
        assertComplex(zeroNaN, operation, zeroNaN, type, UnspecifiedSign.REAL);
        for (double x : nonZeroPositiveFinite) {
            assertComplex(complex(x, inf), operation, NAN, type);
        }
        for (double x : nonZeroFinite) {
            assertComplex(complex(x, nan), operation, NAN, type);
        }
        assertComplex(infZero, operation, infZero, type);
        // Note: Error in the ISO C99 reference to use positive finite y but the zero case is different
        for (double y : nonZeroFinite) {
            assertComplex(complex(inf, y), operation, Complex.ofCis(y).multiply(inf), type);
        }
        assertComplex(infInf, operation, infNaN, type, UnspecifiedSign.REAL);
        assertComplex(infNaN, operation, infNaN, type, UnspecifiedSign.REAL);
        assertComplex(nanZero, operation, nanZero, type);
        for (double y : nonZero) {
            assertComplex(complex(nan, y), operation, NAN, type);
        }
        assertComplex(NAN, operation, NAN, type);
    }",CStandardTest::testSinh_oe
commons-numbers_135,"@Test
    void testTanh_oe() {
        final UnaryOperator<Complex> operation = Complex::tanh;
        final FunctionType type = FunctionType.ODD;
        assertConjugateEquality(operation);
        assertFunctionType(operation, type);
        assertComplex(Complex.ZERO, operation, Complex.ZERO, type);
        assertComplex(zeroInf, operation, zeroNaN, type);
        for (double x : nonZeroFinite) {
            assertComplex(complex(x, inf), operation, NAN, type);
        }
        assertComplex(zeroNaN, operation, zeroNaN, type);
        for (double x : nonZeroFinite) {
            assertComplex(complex(x, nan), operation, NAN, type);
        }
        for (double y : positiveFinite) {
            assertComplex(complex(inf, y), operation, complex(1.0, Math.copySign(0, Math.sin(2 * y))), type);
        }
        assertComplex(infInf, operation, oneZero, type, UnspecifiedSign.IMAGINARY);
        assertComplex(infNaN, operation, oneZero, type, UnspecifiedSign.IMAGINARY);
        assertComplex(nanZero, operation, nanZero, type);
        for (double y : nonZero) {
            assertComplex(complex(nan, y), operation, NAN, type);
        }
        assertComplex(NAN, operation, NAN, type);
    }",CStandardTest::testTanh_oe
commons-numbers_136,"@Test
    void testExp_oe() {
        final UnaryOperator<Complex> operation = Complex::exp;
        assertConjugateEquality(operation);
        assertComplex(Complex.ZERO, operation, oneZero);
        assertComplex(negZeroZero, operation, oneZero);
        for (double x : finite) {
            assertComplex(complex(x, inf), operation, NAN);
        }
        for (double x : finite) {
            assertComplex(complex(x, nan), operation, NAN);
        }
        assertComplex(infZero, operation, infZero);
        for (double y : finite) {
            assertComplex(complex(-inf, y), operation, Complex.ofCis(y).multiply(0.0));
        }
        for (double y : nonZeroFinite) {
            assertComplex(complex(inf, y), operation, Complex.ofCis(y).multiply(inf));
        }
        assertComplex(negInfInf, operation, Complex.ZERO, UnspecifiedSign.REAL_IMAGINARY);
        assertComplex(infInf, operation, infNaN, UnspecifiedSign.REAL);
        assertComplex(negInfNaN, operation, Complex.ZERO, UnspecifiedSign.REAL_IMAGINARY);
        assertComplex(infNaN, operation, infNaN, UnspecifiedSign.REAL);
        assertComplex(nanZero, operation, nanZero);
        for (double y : nonZero) {
            assertComplex(complex(nan, y), operation, NAN);
        }
        assertComplex(NAN, operation, NAN);
    }",CStandardTest::testExp_oe
commons-numbers_137,"@Test
    void testLog_oe() {
        final UnaryOperator<Complex> operation = Complex::log;
        assertConjugateEquality(operation);
        assertComplex(negZeroZero, operation, negInfPi);
        assertComplex(Complex.ZERO, operation, negInfZero);
        for (double x : finite) {
            assertComplex(complex(x, inf), operation, infPiTwo);
        }
        for (double x : finite) {
            assertComplex(complex(x, nan), operation, NAN);
        }
        for (double y : positiveFinite) {
            assertComplex(complex(-inf, y), operation, infPi);
        }
        for (double y : positiveFinite) {
            assertComplex(complex(inf, y), operation, infZero);
        }
        assertComplex(negInfInf, operation, infThreePiFour);
        assertComplex(infInf, operation, infPiFour);
        assertComplex(negInfNaN, operation, infNaN);
        assertComplex(infNaN, operation, infNaN);
        for (double y : finite) {
            assertComplex(complex(nan, y), operation, NAN);
        }
        assertComplex(nanInf, operation, infNaN);
        assertComplex(NAN, operation, NAN);
    }",CStandardTest::testLog_oe
commons-numbers_138,"@Test
    void testLog10_oe() {
        final UnaryOperator<Complex> operation = Complex::log10;
        assertConjugateEquality(operation);
        assertComplex(negZeroZero, operation, negInfPi);
        assertComplex(Complex.ZERO, operation, negInfZero);
        for (double x : finite) {
            assertComplex(complex(x, inf), operation, infPiTwo);
        }
        for (double x : finite) {
            assertComplex(complex(x, nan), operation, NAN);
        }
        for (double y : positiveFinite) {
            assertComplex(complex(-inf, y), operation, infPi);
        }
        for (double y : positiveFinite) {
            assertComplex(complex(inf, y), operation, infZero);
        }
        assertComplex(negInfInf, operation, infThreePiFour);
        assertComplex(infInf, operation, infPiFour);
        assertComplex(negInfNaN, operation, infNaN);
        assertComplex(infNaN, operation, infNaN);
        for (double y : finite) {
            assertComplex(complex(nan, y), operation, NAN);
        }
        assertComplex(nanInf, operation, infNaN);
        assertComplex(NAN, operation, NAN);
    }",CStandardTest::testLog10_oe
commons-numbers_139,"@Test
    void testSqrt_oe() {
        final UnaryOperator<Complex> operation = Complex::sqrt;
        assertConjugateEquality(operation);
        assertComplex(negZeroZero, operation, Complex.ZERO);
        assertComplex(Complex.ZERO, operation, Complex.ZERO);
        for (double x : finite) {
            assertComplex(complex(x, inf), operation, infInf);
        }
        // Include infinity and nan for (x, inf).
        assertComplex(infInf, operation, infInf);
        assertComplex(negInfInf, operation, infInf);
        assertComplex(nanInf, operation, infInf);
        for (double x : finite) {
            assertComplex(complex(x, nan), operation, NAN);
        }
        for (double y : positiveFinite) {
            assertComplex(complex(-inf, y), operation, zeroInf);
        }
        for (double y : positiveFinite) {
            assertComplex(complex(inf, y), operation, infZero);
        }
        assertComplex(negInfNaN, operation, nanInf, UnspecifiedSign.IMAGINARY);
        assertComplex(infNaN, operation, infNaN);
        for (double y : finite) {
            assertComplex(complex(nan, y), operation, NAN);
        }
        assertComplex(NAN, operation, NAN);
    }",CStandardTest::testSqrt_oe
commons-numbers_140,"@Test
    @Disabled_oe(""Used to output the java environment"")
    @SuppressWarnings(""squid:S2699"")
    void testJava() {
        // CHECKSTYLE: stop Regexp
        System.out.println("">>testJava()"");
        // MathTest#testExpSpecialCases() checks the following:
        // Assert.assertEquals(""exp of -infinity should be 0.0"", 0.0,
        // Math.exp(Double.NEGATIVE_INFINITY), Precision.EPSILON);
        // Let's check how well Math works:
        System.out.println(""Math.exp="" + Math.exp(Double.NEGATIVE_INFINITY));
        final String[] props = {""java.version"", // Java Runtime Environment version
            ""java.vendor"", // Java Runtime Environment vendor
            ""java.vm.specification.version"", // Java Virtual Machine specification version
            ""java.vm.specification.vendor"", // Java Virtual Machine specification vendor
            ""java.vm.specification.name"", // Java Virtual Machine specification name
            ""java.vm.version"", // Java Virtual Machine implementation version
            ""java.vm.vendor"", // Java Virtual Machine implementation vendor
            ""java.vm.name"", // Java Virtual Machine implementation name
            ""java.specification.version"", // Java Runtime Environment specification
                                          // version
            ""java.specification.vendor"", // Java Runtime Environment specification vendor
            ""java.specification.name"", // Java Runtime Environment specification name
            ""java.class.version"", // Java class format version number
        };
        for (final String t : props) {
            System.out.println(t + ""="" + System.getProperty(t));
        }
        System.out.println(""<<testJava()"");
        // CHECKSTYLE: resume Regexp
    }",ComplexTest::Disabled_oe
commons-numbers_141,"@Test
    void testCartesianConstructor_oe() {
        final Complex z = Complex.ofCartesian(3.0, 4.0);
        Assertions.assertEquals(3.0, z.getReal());
        Assertions.assertEquals(4.0, z.getImaginary());
    }",ComplexTest::testCartesianConstructor_oe
commons-numbers_142,"@Test
    void testPolarConstructor_oe() {
        final double r = 98765;
        final double theta = 0.12345;
        final Complex z = Complex.ofPolar(r, theta);
        final Complex y = Complex.ofCis(theta);
        Assertions.assertEquals(r * y.getReal(), z.getReal());
        Assertions.assertEquals(r * y.getImaginary(), z.getImaginary());

        // Edge cases
        // Non-finite theta
        Assertions.assertEquals(NAN, Complex.ofPolar(1, -inf));
        Assertions.assertEquals(NAN, Complex.ofPolar(1, inf));
        Assertions.assertEquals(NAN, Complex.ofPolar(1, nan));
        // Infinite rho is invalid when theta is NaN
        // i.e. do not create an infinite complex such as (inf, nan)
        Assertions.assertEquals(NAN, Complex.ofPolar(inf, nan));
        // negative or NaN rho
        Assertions.assertEquals(NAN, Complex.ofPolar(-inf, 1));
        Assertions.assertEquals(NAN, Complex.ofPolar(-0.0, 1));
        Assertions.assertEquals(NAN, Complex.ofPolar(nan, 1));

        // Construction from infinity has values left to double arithmetic.
        // Test the examples from the javadoc
        Assertions.assertEquals(NAN, Complex.ofPolar(-0.0, 0.0));
        Assertions.assertEquals(Complex.ofCartesian(0.0, 0.0), Complex.ofPolar(0.0, 0.0));
        Assertions.assertEquals(Complex.ofCartesian(1.0, 0.0), Complex.ofPolar(1.0, 0.0));
        Assertions.assertEquals(Complex.ofCartesian(-1.0, Math.sin(pi)), Complex.ofPolar(1.0, pi));
        Assertions.assertEquals(Complex.ofCartesian(-inf, inf), Complex.ofPolar(inf, pi));
        Assertions.assertEquals(Complex.ofCartesian(inf, nan), Complex.ofPolar(inf, 0.0));
        Assertions.assertEquals(Complex.ofCartesian(inf, -inf), Complex.ofPolar(inf, -pi / 4));
        Assertions.assertEquals(Complex.ofCartesian(-inf, -inf), Complex.ofPolar(inf, 5 * pi / 4));
    }",ComplexTest::testPolarConstructor_oe
commons-numbers_143,"@Test
    void testPolarConstructorAbsArg_oe() {
        // The test should work with any seed but use a fixed seed to avoid build
        // instability.
        final UniformRandomProvider rng = RandomSource.create(RandomSource.SPLIT_MIX_64, 678678638L);
        for (int i = 0; i < 10; i++) {
            final double rho = rng.nextDouble();
            // Range (pi, pi]: lower exclusive, upper inclusive
            final double theta = pi - rng.nextDouble() * 2 * pi;
            final Complex z = Complex.ofPolar(rho, theta);
            // Match within 1 ULP
            Assertions.assertEquals(rho, z.abs(), Math.ulp(rho));
            Assertions.assertEquals(theta, z.arg(), Math.ulp(theta));
        }
    }",ComplexTest::testPolarConstructorAbsArg_oe
commons-numbers_144,"@Test
    void testCisConstructor_oe() {
        final double x = 0.12345;
        final Complex z = Complex.ofCis(x);
        Assertions.assertEquals(Math.cos(x), z.getReal());
        Assertions.assertEquals(Math.sin(x), z.getImaginary());
    }",ComplexTest::testCisConstructor_oe
commons-numbers_145,"@Test
    void testParseAndToString_oe() {
        final double[] parts = {Double.NEGATIVE_INFINITY, -1, -0.0, 0.0, 1, Math.PI, Double.POSITIVE_INFINITY,
            Double.NaN};
        for (final double x : parts) {
            for (final double y : parts) {
                final Complex z = Complex.ofCartesian(x, y);
                Assertions.assertEquals(z, Complex.parse(z.toString()));
            }
        }
        final UniformRandomProvider rng = RandomSource.create(RandomSource.SPLIT_MIX_64);
        for (int i = 0; i < 10; i++) {
            final double x = -1 + rng.nextDouble() * 2;
            final double y = -1 + rng.nextDouble() * 2;
            final Complex z = Complex.ofCartesian(x, y);
            Assertions.assertEquals(z, Complex.parse(z.toString()));
        }

        // Special values not covered
        Assertions.assertEquals(Complex.ofPolar(2, pi), Complex.parse(Complex.ofPolar(2, pi).toString()));
        Assertions.assertEquals(Complex.ofCis(pi), Complex.parse(Complex.ofCis(pi).toString()));
    }",ComplexTest::testParseAndToString_oe
commons-numbers_146,"@Test
    void testParseNull_oe() {
        Assertions.assertThrows(NullPointerException.class, () -> Complex.parse(null));
    }",ComplexTest::testParseNull_oe
commons-numbers_147,"@Test
    void testParseEmpty_oe() {
        Assertions.assertThrows(NumberFormatException.class, () -> Complex.parse(""""));
        Assertions.assertThrows(NumberFormatException.class, () -> Complex.parse("" ""));
    }",ComplexTest::testParseEmpty_oe
commons-numbers_148,"@Test
    void testParseWrongStart_oe() {
        Assertions.assertThrows(NumberFormatException.class, () -> Complex.parse(""1.0,2.0)""));
        Assertions.assertThrows(NumberFormatException.class, () -> Complex.parse(""[1.0,2.0)""));
    }",ComplexTest::testParseWrongStart_oe
commons-numbers_149,"@Test
    void testParseWrongEnd_oe() {
        Assertions.assertThrows(NumberFormatException.class, () -> Complex.parse(""(1.0,2.0""));
        Assertions.assertThrows(NumberFormatException.class, () -> Complex.parse(""(1.0,2.0]""));
    }",ComplexTest::testParseWrongEnd_oe
commons-numbers_150,"@Test
    void testParseWrongSeparator_oe() {
        Assertions.assertThrows(NumberFormatException.class, () -> Complex.parse(""(1.0 2.0)""));
        Assertions.assertThrows(NumberFormatException.class, () -> Complex.parse(""(1.0:2.0)""));
    }",ComplexTest::testParseWrongSeparator_oe
commons-numbers_151,"@Test
    void testParseSeparatorOutsideStartAndEnd_oe() {
        Assertions.assertThrows(NumberFormatException.class, () -> Complex.parse(""(1.0,2.0),""));
        Assertions.assertThrows(NumberFormatException.class, () -> Complex.parse("",(1.0,2.0)""));
    }",ComplexTest::testParseSeparatorOutsideStartAndEnd_oe
commons-numbers_152,"@Test
    void testParseExtraSeparator_oe() {
        Assertions.assertThrows(NumberFormatException.class, () -> Complex.parse(""(1.0,,2.0)""));
        Assertions.assertThrows(NumberFormatException.class, () -> Complex.parse(""(1.0,2.0,)""));
        Assertions.assertThrows(NumberFormatException.class, () -> Complex.parse(""(,1.0,2.0)""));
        Assertions.assertThrows(NumberFormatException.class, () -> Complex.parse(""(1.0,2,0)""));
    }",ComplexTest::testParseExtraSeparator_oe
commons-numbers_153,"@Test
    void testParseInvalidRe_oe() {
        Assertions.assertThrows(NumberFormatException.class, () -> Complex.parse(""(I.0,2.0)""));
    }",ComplexTest::testParseInvalidRe_oe
commons-numbers_154,"@Test
    void testParseInvalidIm_oe() {
        Assertions.assertThrows(NumberFormatException.class, () -> Complex.parse(""(1.0,2.G)""));
    }",ComplexTest::testParseInvalidIm_oe
commons-numbers_155,"@Test
    void testParseSpaceAllowedAroundNumbers_oe() {
        final double re = 1.234;
        final double im = 5.678;
        final Complex z = Complex.ofCartesian(re, im);
        Assertions.assertEquals(z, Complex.parse(""("" + re + "","" + im + "")""));
        Assertions.assertEquals(z, Complex.parse(""( "" + re + "","" + im + "")""));
        Assertions.assertEquals(z, Complex.parse(""("" + re + "" ,"" + im + "")""));
        Assertions.assertEquals(z, Complex.parse(""("" + re + "", "" + im + "")""));
        Assertions.assertEquals(z, Complex.parse(""("" + re + "","" + im + "" )""));
        Assertions.assertEquals(z, Complex.parse(""(  "" + re + ""  , "" + im + ""     )""));
    }",ComplexTest::testParseSpaceAllowedAroundNumbers_oe
commons-numbers_156,"@Test
    void testCGrammar_oe() {
        final UniformRandomProvider rng = RandomSource.create(RandomSource.SPLIT_MIX_64);
        for (int i = 0; i < 10; i++) {
            final Complex z = Complex.ofCartesian(rng.nextDouble(), rng.nextDouble());
            Assertions.assertEquals(z.getReal(), z.real(), ""real"");
            Assertions.assertEquals(z.getImaginary(), z.imag(), ""imag"");
        }
    }",ComplexTest::testCGrammar_oe
commons-numbers_157,"@Test
    void testAbs_oe() {
        final Complex z = Complex.ofCartesian(3.0, 4.0);
        Assertions.assertEquals(5.0, z.abs());
    }",ComplexTest::testAbs_oe
commons-numbers_158,"@Test
    void testAbsNaN_oe() {
        // The result is NaN if either argument is NaN and the other is not infinite
        Assertions.assertEquals(nan, NAN.abs());
        Assertions.assertEquals(nan, Complex.ofCartesian(3.0, nan).abs());
        Assertions.assertEquals(nan, Complex.ofCartesian(nan, 3.0).abs());
        // The result is positive infinite if either argument is infinite
        Assertions.assertEquals(inf, Complex.ofCartesian(inf, nan).abs());
        Assertions.assertEquals(inf, Complex.ofCartesian(-inf, nan).abs());
        Assertions.assertEquals(inf, Complex.ofCartesian(nan, inf).abs());
        Assertions.assertEquals(inf, Complex.ofCartesian(nan, -inf).abs());
        Assertions.assertEquals(inf, Complex.ofCartesian(inf, 3.0).abs());
        Assertions.assertEquals(inf, Complex.ofCartesian(-inf, 3.0).abs());
        Assertions.assertEquals(inf, Complex.ofCartesian(3.0, inf).abs());
        Assertions.assertEquals(inf, Complex.ofCartesian(3.0, -inf).abs());
    }",ComplexTest::testAbsNaN_oe
commons-numbers_159,"@Test
    void testArg_oe() {
        Complex z = Complex.ofCartesian(1, 0);
        assertArgument(0.0, z, 1.0e-12);

        z = Complex.ofCartesian(1, 1);
        assertArgument(Math.PI / 4, z, 1.0e-12);

        z = Complex.ofCartesian(0, 1);
        assertArgument(Math.PI / 2, z, 1.0e-12);

        z = Complex.ofCartesian(-1, 1);
        assertArgument(3 * Math.PI / 4, z, 1.0e-12);

        z = Complex.ofCartesian(-1, 0);
        assertArgument(Math.PI, z, 1.0e-12);

        z = Complex.ofCartesian(-1, -1);
        assertArgument(-3 * Math.PI / 4, z, 1.0e-12);

        z = Complex.ofCartesian(0, -1);
        assertArgument(-Math.PI / 2, z, 1.0e-12);

        z = Complex.ofCartesian(1, -1);
        assertArgument(-Math.PI / 4, z, 1.0e-12);
    }",ComplexTest::testArg_oe
commons-numbers_160,"@Test
    void testArgInf_oe() {
        assertArgument(Math.PI / 4, infInf, 1.0e-12);
        assertArgument(Math.PI / 2, oneInf, 1.0e-12);
        assertArgument(0.0, infOne, 1.0e-12);
        assertArgument(Math.PI / 2, zeroInf, 1.0e-12);
        assertArgument(0.0, infZero, 1.0e-12);
        assertArgument(Math.PI, negInfOne, 1.0e-12);
        assertArgument(-3.0 * Math.PI / 4, negInfNegInf, 1.0e-12);
        assertArgument(-Math.PI / 2, oneNegInf, 1.0e-12);
    }",ComplexTest::testArgInf_oe
commons-numbers_161,"@Test
    void testArgNaN_oe() {
        assertArgument(Double.NaN, nanZero, 0);
        assertArgument(Double.NaN, zeroNan, 0);
        assertArgument(Double.NaN, NAN, 0);
    }",ComplexTest::testArgNaN_oe
commons-numbers_162,"@Test
    void testNorm_oe() {
        final Complex z = Complex.ofCartesian(3.0, 4.0);
        Assertions.assertEquals(25.0, z.norm());
    }",ComplexTest::testNorm_oe
commons-numbers_163,"@Test
    void testNormNaN_oe() {
        // The result is NaN if either argument is NaN and the other is not infinite
        Assertions.assertEquals(nan, NAN.norm());
        Assertions.assertEquals(nan, Complex.ofCartesian(3.0, nan).norm());
        Assertions.assertEquals(nan, Complex.ofCartesian(nan, 3.0).norm());
        // The result is positive infinite if either argument is infinite
        Assertions.assertEquals(inf, Complex.ofCartesian(inf, nan).norm());
        Assertions.assertEquals(inf, Complex.ofCartesian(-inf, nan).norm());
        Assertions.assertEquals(inf, Complex.ofCartesian(nan, inf).norm());
        Assertions.assertEquals(inf, Complex.ofCartesian(nan, -inf).norm());
    }",ComplexTest::testNormNaN_oe
commons-numbers_164,"@Test
    void testNumberType_oe() {
        assertNumberType(0, 0, NumberType.FINITE);
        assertNumberType(1, 0, NumberType.FINITE);
        assertNumberType(0, 1, NumberType.FINITE);

        assertNumberType(inf, 0, NumberType.INFINITE);
        assertNumberType(-inf, 0, NumberType.INFINITE);
        assertNumberType(0, inf, NumberType.INFINITE);
        assertNumberType(0, -inf, NumberType.INFINITE);
        // A complex or imaginary value with at least one infinite part is regarded as an
        // infinity
        // (even if its other part is a NaN).
        assertNumberType(inf, nan, NumberType.INFINITE);
        assertNumberType(-inf, nan, NumberType.INFINITE);
        assertNumberType(nan, inf, NumberType.INFINITE);
        assertNumberType(nan, -inf, NumberType.INFINITE);

        assertNumberType(nan, 0, NumberType.NAN);
        assertNumberType(0, nan, NumberType.NAN);
        assertNumberType(nan, nan, NumberType.NAN);
    }",ComplexTest::testNumberType_oe
commons-numbers_165,"@Test
    void testConjugate_oe() {
        final Complex x = Complex.ofCartesian(3.0, 4.0);
        final Complex z = x.conj();
        Assertions.assertEquals(3.0, z.getReal());
        Assertions.assertEquals(-4.0, z.getImaginary());
    }",ComplexTest::testConjugate_oe
commons-numbers_166,"@Test
    void testConjugateNaN_oe() {
        final Complex z = NAN.conj();
        Assertions.assertTrue(z.isNaN());
    }",ComplexTest::testConjugateNaN_oe
commons-numbers_167,"@Test
    void testConjugateInfinite_oe() {
        Complex z = Complex.ofCartesian(0, inf);
        Assertions.assertEquals(neginf, z.conj().getImaginary());
        z = Complex.ofCartesian(0, neginf);
        Assertions.assertEquals(inf, z.conj().getImaginary());
    }",ComplexTest::testConjugateInfinite_oe
commons-numbers_168,"@Test
    void testNegate_oe() {
        final Complex x = Complex.ofCartesian(3.0, 4.0);
        final Complex z = x.negate();
        Assertions.assertEquals(-3.0, z.getReal());
        Assertions.assertEquals(-4.0, z.getImaginary());
    }",ComplexTest::testNegate_oe
commons-numbers_169,"@Test
    void testNegateNaN_oe() {
        final Complex z = NAN.negate();
        Assertions.assertTrue(z.isNaN());
    }",ComplexTest::testNegateNaN_oe
commons-numbers_170,"@Test
    void testProj_oe() {
        final Complex z = Complex.ofCartesian(3.0, 4.0);
        Assertions.assertSame(z, z.proj());
        // Sign must be the same for projection
        TestUtils.assertSame(infZero, Complex.ofCartesian(inf, 4.0).proj());
        TestUtils.assertSame(infZero, Complex.ofCartesian(inf, inf).proj());
        TestUtils.assertSame(infZero, Complex.ofCartesian(inf, nan).proj());
        TestUtils.assertSame(infZero, Complex.ofCartesian(3.0, inf).proj());
        TestUtils.assertSame(infZero, Complex.ofCartesian(nan, inf).proj());
        TestUtils.assertSame(infNegZero, Complex.ofCartesian(inf, -4.0).proj());
        TestUtils.assertSame(infNegZero, Complex.ofCartesian(inf, -inf).proj());
        TestUtils.assertSame(infNegZero, Complex.ofCartesian(3.0, -inf).proj());
        TestUtils.assertSame(infNegZero, Complex.ofCartesian(nan, -inf).proj());
    }",ComplexTest::testProj_oe
commons-numbers_171,"@Test
    void testAdd_oe() {
        final Complex x = Complex.ofCartesian(3.0, 4.0);
        final Complex y = Complex.ofCartesian(5.0, 6.0);
        final Complex z = x.add(y);
        Assertions.assertEquals(8.0, z.getReal());
        Assertions.assertEquals(10.0, z.getImaginary());
    }",ComplexTest::testAdd_oe
commons-numbers_172,"@Test
    void testAddInf_oe() {
        Complex x = Complex.ofCartesian(1, 1);
        final Complex z = Complex.ofCartesian(inf, 0);
        final Complex w = x.add(z);
        Assertions.assertEquals(1, w.getImaginary());
        Assertions.assertEquals(inf, w.getReal());

        x = Complex.ofCartesian(neginf, 0);
        Assertions.assertTrue(Double.isNaN(x.add(z).getReal()));
    }",ComplexTest::testAddInf_oe
commons-numbers_173,"@Test
    void testAddReal_oe() {
        final Complex x = Complex.ofCartesian(3.0, 4.0);
        final double y = 5.0;
        final Complex z = x.add(y);
        Assertions.assertEquals(8.0, z.getReal());
        Assertions.assertEquals(4.0, z.getImaginary());
        // Equivalent
        Assertions.assertEquals(z, x.add(ofReal(y)));
    }",ComplexTest::testAddReal_oe
commons-numbers_174,"@Test
    void testAddRealNaN_oe() {
        final Complex x = Complex.ofCartesian(3.0, 4.0);
        final double y = nan;
        final Complex z = x.add(y);
        Assertions.assertEquals(nan, z.getReal());
        Assertions.assertEquals(4.0, z.getImaginary());
        // Equivalent
        Assertions.assertEquals(z, x.add(ofReal(y)));
    }",ComplexTest::testAddRealNaN_oe
commons-numbers_175,"@Test
    void testAddRealInf_oe() {
        final Complex x = Complex.ofCartesian(3.0, 4.0);
        final double y = inf;
        final Complex z = x.add(y);
        Assertions.assertEquals(inf, z.getReal());
        Assertions.assertEquals(4.0, z.getImaginary());
        // Equivalent
        Assertions.assertEquals(z, x.add(ofReal(y)));
    }",ComplexTest::testAddRealInf_oe
commons-numbers_176,"@Test
    void testAddRealWithNegZeroImaginary_oe() {
        final Complex x = Complex.ofCartesian(3.0, -0.0);
        final double y = 5.0;
        final Complex z = x.add(y);
        Assertions.assertEquals(8.0, z.getReal());
        Assertions.assertEquals(-0.0, z.getImaginary(), ""Expected sign preservation"");
        // Sign-preservation is a problem: -0.0 + 0.0 == 0.0
        final Complex z2 = x.add(ofReal(y));
        Assertions.assertEquals(8.0, z2.getReal());
        Assertions.assertEquals(0.0, z2.getImaginary(), ""Expected no-sign preservation"");
    }",ComplexTest::testAddRealWithNegZeroImaginary_oe
commons-numbers_177,"@Test
    void testAddImaginary_oe() {
        final Complex x = Complex.ofCartesian(3.0, 4.0);
        final double y = 5.0;
        final Complex z = x.addImaginary(y);
        Assertions.assertEquals(3.0, z.getReal());
        Assertions.assertEquals(9.0, z.getImaginary());
        // Equivalent
        Assertions.assertEquals(z, x.add(ofImaginary(y)));
    }",ComplexTest::testAddImaginary_oe
commons-numbers_178,"@Test
    void testAddImaginaryNaN_oe() {
        final Complex x = Complex.ofCartesian(3.0, 4.0);
        final double y = nan;
        final Complex z = x.addImaginary(y);
        Assertions.assertEquals(3.0, z.getReal());
        Assertions.assertEquals(nan, z.getImaginary());
        // Equivalent
        Assertions.assertEquals(z, x.add(ofImaginary(y)));
    }",ComplexTest::testAddImaginaryNaN_oe
commons-numbers_179,"@Test
    void testAddImaginaryInf_oe() {
        final Complex x = Complex.ofCartesian(3.0, 4.0);
        final double y = inf;
        final Complex z = x.addImaginary(y);
        Assertions.assertEquals(3.0, z.getReal());
        Assertions.assertEquals(inf, z.getImaginary());
        // Equivalent
        Assertions.assertEquals(z, x.add(ofImaginary(y)));
    }",ComplexTest::testAddImaginaryInf_oe
commons-numbers_180,"@Test
    void testAddImaginaryWithNegZeroReal_oe() {
        final Complex x = Complex.ofCartesian(-0.0, 4.0);
        final double y = 5.0;
        final Complex z = x.addImaginary(y);
        Assertions.assertEquals(-0.0, z.getReal(), ""Expected sign preservation"");
        Assertions.assertEquals(9.0, z.getImaginary());
        // Sign-preservation is a problem: -0.0 + 0.0 == 0.0
        final Complex z2 = x.add(ofImaginary(y));
        Assertions.assertEquals(0.0, z2.getReal(), ""Expected no-sign preservation"");
        Assertions.assertEquals(9.0, z2.getImaginary());
    }",ComplexTest::testAddImaginaryWithNegZeroReal_oe
commons-numbers_181,"@Test
    void testSubtract_oe() {
        final Complex x = Complex.ofCartesian(3.0, 4.0);
        final Complex y = Complex.ofCartesian(5.0, 7.0);
        final Complex z = x.subtract(y);
        Assertions.assertEquals(-2.0, z.getReal());
        Assertions.assertEquals(-3.0, z.getImaginary());
    }",ComplexTest::testSubtract_oe
commons-numbers_182,"@Test
    void testSubtractInf_oe() {
        final Complex x = Complex.ofCartesian(3.0, 4.0);
        final Complex y = Complex.ofCartesian(inf, 7.0);
        Complex z = x.subtract(y);
        Assertions.assertEquals(neginf, z.getReal());
        Assertions.assertEquals(-3.0, z.getImaginary());

        z = y.subtract(y);
        Assertions.assertEquals(nan, z.getReal());
        Assertions.assertEquals(0.0, z.getImaginary());
    }",ComplexTest::testSubtractInf_oe
commons-numbers_183,"@Test
    void testSubtractReal_oe() {
        final Complex x = Complex.ofCartesian(3.0, 4.0);
        final double y = 5.0;
        final Complex z = x.subtract(y);
        Assertions.assertEquals(-2.0, z.getReal());
        Assertions.assertEquals(4.0, z.getImaginary());
        // Equivalent
        Assertions.assertEquals(z, x.subtract(ofReal(y)));
    }",ComplexTest::testSubtractReal_oe
commons-numbers_184,"@Test
    void testSubtractRealNaN_oe() {
        final Complex x = Complex.ofCartesian(3.0, 4.0);
        final double y = nan;
        final Complex z = x.subtract(y);
        Assertions.assertEquals(nan, z.getReal());
        Assertions.assertEquals(4.0, z.getImaginary());
        // Equivalent
        Assertions.assertEquals(z, x.subtract(ofReal(y)));
    }",ComplexTest::testSubtractRealNaN_oe
commons-numbers_185,"@Test
    void testSubtractRealInf_oe() {
        final Complex x = Complex.ofCartesian(3.0, 4.0);
        final double y = inf;
        final Complex z = x.subtract(y);
        Assertions.assertEquals(-inf, z.getReal());
        Assertions.assertEquals(4.0, z.getImaginary());
        // Equivalent
        Assertions.assertEquals(z, x.subtract(ofReal(y)));
    }",ComplexTest::testSubtractRealInf_oe
commons-numbers_186,"@Test
    void testSubtractRealWithNegZeroImaginary_oe() {
        final Complex x = Complex.ofCartesian(3.0, -0.0);
        final double y = 5.0;
        final Complex z = x.subtract(y);
        Assertions.assertEquals(-2.0, z.getReal());
        Assertions.assertEquals(-0.0, z.getImaginary());
        // Equivalent
        // Sign-preservation is not a problem: -0.0 - 0.0 == -0.0
        Assertions.assertEquals(z, x.subtract(ofReal(y)));
    }",ComplexTest::testSubtractRealWithNegZeroImaginary_oe
commons-numbers_187,"@Test
    void testSubtractImaginary_oe() {
        final Complex x = Complex.ofCartesian(3.0, 4.0);
        final double y = 5.0;
        final Complex z = x.subtractImaginary(y);
        Assertions.assertEquals(3.0, z.getReal());
        Assertions.assertEquals(-1.0, z.getImaginary());
        // Equivalent
        Assertions.assertEquals(z, x.subtract(ofImaginary(y)));
    }",ComplexTest::testSubtractImaginary_oe
commons-numbers_188,"@Test
    void testSubtractImaginaryNaN_oe() {
        final Complex x = Complex.ofCartesian(3.0, 4.0);
        final double y = nan;
        final Complex z = x.subtractImaginary(y);
        Assertions.assertEquals(3.0, z.getReal());
        Assertions.assertEquals(nan, z.getImaginary());
        // Equivalent
        Assertions.assertEquals(z, x.subtract(ofImaginary(y)));
    }",ComplexTest::testSubtractImaginaryNaN_oe
commons-numbers_189,"@Test
    void testSubtractImaginaryInf_oe() {
        final Complex x = Complex.ofCartesian(3.0, 4.0);
        final double y = inf;
        final Complex z = x.subtractImaginary(y);
        Assertions.assertEquals(3.0, z.getReal());
        Assertions.assertEquals(-inf, z.getImaginary());
        // Equivalent
        Assertions.assertEquals(z, x.subtract(ofImaginary(y)));
    }",ComplexTest::testSubtractImaginaryInf_oe
commons-numbers_190,"@Test
    void testSubtractImaginaryWithNegZeroReal_oe() {
        final Complex x = Complex.ofCartesian(-0.0, 4.0);
        final double y = 5.0;
        final Complex z = x.subtractImaginary(y);
        Assertions.assertEquals(-0.0, z.getReal());
        Assertions.assertEquals(-1.0, z.getImaginary());
        // Equivalent
        // Sign-preservation is not a problem: -0.0 - 0.0 == -0.0
        Assertions.assertEquals(z, x.subtract(ofImaginary(y)));
    }",ComplexTest::testSubtractImaginaryWithNegZeroReal_oe
commons-numbers_191,"@Test
    void testSubtractFromReal_oe() {
        final Complex x = Complex.ofCartesian(3.0, 4.0);
        final double y = 5.0;
        final Complex z = x.subtractFrom(y);
        Assertions.assertEquals(2.0, z.getReal());
        Assertions.assertEquals(-4.0, z.getImaginary());
        // Equivalent
        Assertions.assertEquals(z, ofReal(y).subtract(x));
    }",ComplexTest::testSubtractFromReal_oe
commons-numbers_192,"@Test
    void testSubtractFromRealNaN_oe() {
        final Complex x = Complex.ofCartesian(3.0, 4.0);
        final double y = nan;
        final Complex z = x.subtractFrom(y);
        Assertions.assertEquals(nan, z.getReal());
        Assertions.assertEquals(-4.0, z.getImaginary());
        // Equivalent
        Assertions.assertEquals(z, ofReal(y).subtract(x));
    }",ComplexTest::testSubtractFromRealNaN_oe
commons-numbers_193,"@Test
    void testSubtractFromRealInf_oe() {
        final Complex x = Complex.ofCartesian(3.0, 4.0);
        final double y = inf;
        final Complex z = x.subtractFrom(y);
        Assertions.assertEquals(inf, z.getReal());
        Assertions.assertEquals(-4.0, z.getImaginary());
        // Equivalent
        Assertions.assertEquals(z, ofReal(y).subtract(x));
    }",ComplexTest::testSubtractFromRealInf_oe
commons-numbers_194,"@Test
    void testSubtractFromRealWithPosZeroImaginary_oe() {
        final Complex x = Complex.ofCartesian(3.0, 0.0);
        final double y = 5.0;
        final Complex z = x.subtractFrom(y);
        Assertions.assertEquals(2.0, z.getReal());
        Assertions.assertEquals(-0.0, z.getImaginary(), ""Expected sign inversion"");
        // Sign-inversion is a problem: 0.0 - 0.0 == 0.0
        Assertions.assertNotEquals(z, ofReal(y).subtract(x));
    }",ComplexTest::testSubtractFromRealWithPosZeroImaginary_oe
commons-numbers_195,"@Test
    void testSubtractFromImaginary_oe() {
        final Complex x = Complex.ofCartesian(3.0, 4.0);
        final double y = 5.0;
        final Complex z = x.subtractFromImaginary(y);
        Assertions.assertEquals(-3.0, z.getReal());
        Assertions.assertEquals(1.0, z.getImaginary());
        // Equivalent
        Assertions.assertEquals(z, ofImaginary(y).subtract(x));
    }",ComplexTest::testSubtractFromImaginary_oe
commons-numbers_196,"@Test
    void testSubtractFromImaginaryNaN_oe() {
        final Complex x = Complex.ofCartesian(3.0, 4.0);
        final double y = nan;
        final Complex z = x.subtractFromImaginary(y);
        Assertions.assertEquals(-3.0, z.getReal());
        Assertions.assertEquals(nan, z.getImaginary());
        // Equivalent
        Assertions.assertEquals(z, ofImaginary(y).subtract(x));
    }",ComplexTest::testSubtractFromImaginaryNaN_oe
commons-numbers_197,"@Test
    void testSubtractFromImaginaryInf_oe() {
        final Complex x = Complex.ofCartesian(3.0, 4.0);
        final double y = inf;
        final Complex z = x.subtractFromImaginary(y);
        Assertions.assertEquals(-3.0, z.getReal());
        Assertions.assertEquals(inf, z.getImaginary());
        // Equivalent
        Assertions.assertEquals(z, ofImaginary(y).subtract(x));
    }",ComplexTest::testSubtractFromImaginaryInf_oe
commons-numbers_198,"@Test
    void testSubtractFromImaginaryWithPosZeroReal_oe() {
        final Complex x = Complex.ofCartesian(0.0, 4.0);
        final double y = 5.0;
        final Complex z = x.subtractFromImaginary(y);
        Assertions.assertEquals(-0.0, z.getReal(), ""Expected sign inversion"");
        Assertions.assertEquals(1.0, z.getImaginary());
        // Sign-inversion is a problem: 0.0 - 0.0 == 0.0
        Assertions.assertNotEquals(z, ofImaginary(y).subtract(x));
    }",ComplexTest::testSubtractFromImaginaryWithPosZeroReal_oe
commons-numbers_199,"@Test
    void testMultiply_oe() {
        final Complex x = Complex.ofCartesian(3.0, 4.0);
        final Complex y = Complex.ofCartesian(5.0, 6.0);
        final Complex z = x.multiply(y);
        Assertions.assertEquals(-9.0, z.getReal());
        Assertions.assertEquals(38.0, z.getImaginary());
    }",ComplexTest::testMultiply_oe
commons-numbers_200,"@Test
    void testMultiplyInfInf_oe() {
        final Complex z = infInf.multiply(infInf);
        // Assert.assertTrue(z.isNaN()); // MATH-620
        Assertions.assertTrue(z.isInfinite());

        // Expected results from g++:
        Assertions.assertEquals(Complex.ofCartesian(nan, inf), infInf.multiply(infInf));
        Assertions.assertEquals(Complex.ofCartesian(inf, nan), infInf.multiply(infNegInf));
        Assertions.assertEquals(Complex.ofCartesian(-inf, nan), infInf.multiply(negInfInf));
        Assertions.assertEquals(Complex.ofCartesian(nan, -inf), infInf.multiply(negInfNegInf));
    }",ComplexTest::testMultiplyInfInf_oe
commons-numbers_201,"@Test
    void testMultiplyReal_oe() {
        final Complex x = Complex.ofCartesian(3.0, 4.0);
        final double y = 2.0;
        Complex z = x.multiply(y);
        Assertions.assertEquals(6.0, z.getReal());
        Assertions.assertEquals(8.0, z.getImaginary());
        // Equivalent
        Assertions.assertEquals(z, x.multiply(ofReal(y)));

        z = x.multiply(-y);
        Assertions.assertEquals(-6.0, z.getReal());
        Assertions.assertEquals(-8.0, z.getImaginary());
        // Equivalent
        Assertions.assertEquals(z, x.multiply(ofReal(-y)));
    }",ComplexTest::testMultiplyReal_oe
commons-numbers_202,"@Test
    void testMultiplyRealNaN_oe() {
        final Complex x = Complex.ofCartesian(3.0, 4.0);
        final double y = nan;
        final Complex z = x.multiply(y);
        Assertions.assertEquals(nan, z.getReal());
        Assertions.assertEquals(nan, z.getImaginary());
        // Equivalent
        Assertions.assertEquals(z, x.multiply(ofReal(y)));
    }",ComplexTest::testMultiplyRealNaN_oe
commons-numbers_203,"@Test
    void testMultiplyRealInf_oe() {
        final Complex x = Complex.ofCartesian(3.0, 4.0);
        final double y = inf;
        Complex z = x.multiply(y);
        Assertions.assertEquals(inf, z.getReal());
        Assertions.assertEquals(inf, z.getImaginary());
        // Equivalent
        Assertions.assertEquals(z, x.multiply(ofReal(y)));

        z = x.multiply(-y);
        Assertions.assertEquals(-inf, z.getReal());
        Assertions.assertEquals(-inf, z.getImaginary());
        // Equivalent
        Assertions.assertEquals(z, x.multiply(ofReal(-y)));
    }",ComplexTest::testMultiplyRealInf_oe
commons-numbers_204,"@Test
    void testMultiplyRealZero_oe() {
        final Complex x = Complex.ofCartesian(3.0, 4.0);
        final double y = 0.0;
        Complex z = x.multiply(y);
        Assertions.assertEquals(0.0, z.getReal());
        Assertions.assertEquals(0.0, z.getImaginary());
        // Equivalent
        Assertions.assertEquals(z, x.multiply(ofReal(y)));

        z = x.multiply(-y);
        Assertions.assertEquals(-0.0, z.getReal());
        Assertions.assertEquals(-0.0, z.getImaginary());
        // Sign-preservation is a problem for imaginary: 0.0 - -0.0 == 0.0
        final Complex z2 = x.multiply(ofReal(-y));
        Assertions.assertEquals(-0.0, z2.getReal());
        Assertions.assertEquals(0.0, z2.getImaginary(), ""Expected no sign preservation"");
    }",ComplexTest::testMultiplyRealZero_oe
commons-numbers_205,"@Test
    void testMultiplyImaginary_oe() {
        final Complex x = Complex.ofCartesian(3.0, 4.0);
        final double y = 2.0;
        Complex z = x.multiplyImaginary(y);
        Assertions.assertEquals(-8.0, z.getReal());
        Assertions.assertEquals(6.0, z.getImaginary());
        // Equivalent
        Assertions.assertEquals(z, x.multiply(ofImaginary(y)));

        z = x.multiplyImaginary(-y);
        Assertions.assertEquals(8.0, z.getReal());
        Assertions.assertEquals(-6.0, z.getImaginary());
        // Equivalent
        Assertions.assertEquals(z, x.multiply(ofImaginary(-y)));
    }",ComplexTest::testMultiplyImaginary_oe
commons-numbers_206,"@Test
    void testMultiplyImaginaryNaN_oe() {
        final Complex x = Complex.ofCartesian(3.0, 4.0);
        final double y = nan;
        final Complex z = x.multiplyImaginary(y);
        Assertions.assertEquals(nan, z.getReal());
        Assertions.assertEquals(nan, z.getImaginary());
        // Equivalent
        Assertions.assertEquals(z, x.multiply(ofImaginary(y)));
    }",ComplexTest::testMultiplyImaginaryNaN_oe
commons-numbers_207,"@Test
    void testMultiplyImaginaryInf_oe() {
        final Complex x = Complex.ofCartesian(3.0, 4.0);
        final double y = inf;
        Complex z = x.multiplyImaginary(y);
        Assertions.assertEquals(-inf, z.getReal());
        Assertions.assertEquals(inf, z.getImaginary());
        // Equivalent
        Assertions.assertEquals(z, x.multiply(ofImaginary(y)));

        z = x.multiplyImaginary(-y);
        Assertions.assertEquals(inf, z.getReal());
        Assertions.assertEquals(-inf, z.getImaginary());
        // Equivalent
        Assertions.assertEquals(z, x.multiply(ofImaginary(-y)));
    }",ComplexTest::testMultiplyImaginaryInf_oe
commons-numbers_208,"@Test
    void testMultiplyImaginaryZero_oe() {
        final Complex x = Complex.ofCartesian(3.0, 4.0);
        final double y = 0.0;
        Complex z = x.multiplyImaginary(y);
        Assertions.assertEquals(-0.0, z.getReal());
        Assertions.assertEquals(0.0, z.getImaginary());
        // Sign-preservation is a problem for real: 0.0 - -0.0 == 0.0
        Complex z2 = x.multiply(ofImaginary(y));
        Assertions.assertEquals(0.0, z2.getReal(), ""Expected no sign preservation"");
        Assertions.assertEquals(0.0, z2.getImaginary());

        z = x.multiplyImaginary(-y);
        Assertions.assertEquals(0.0, z.getReal());
        Assertions.assertEquals(-0.0, z.getImaginary());
        // Sign-preservation is a problem for imaginary: -0.0 - 0.0 == 0.0
        z2 = x.multiply(ofImaginary(-y));
        Assertions.assertEquals(0.0, z2.getReal());
        Assertions.assertEquals(0.0, z2.getImaginary(), ""Expected no sign preservation"");
    }",ComplexTest::testMultiplyImaginaryZero_oe
commons-numbers_209,"@Test
    void testNonZeroMultiplyI_oe() {
        final double[] parts = {3.0, 4.0};
        for (final double a : parts) {
            for (final double b : parts) {
                final Complex c = Complex.ofCartesian(a, b);
                final Complex x = c.multiplyImaginary(1.0);
                // Check verses algebra solution
                Assertions.assertEquals(-b, x.getReal());
                Assertions.assertEquals(a, x.getImaginary());
                final Complex z = c.multiply(Complex.I);
                Assertions.assertEquals(x, z);
            }
        }
    }",ComplexTest::testNonZeroMultiplyI_oe
commons-numbers_210,"@Test
    void testNonZeroMultiplyNegativeI_oe() {
        // This works no matter how you represent -I as a Complex
        final double[] parts = {3.0, 4.0};
        final Complex[] negIs = {Complex.ofCartesian(-0.0, -1), Complex.ofCartesian(0.0, -1)};
        for (final double a : parts) {
            for (final double b : parts) {
                final Complex c = Complex.ofCartesian(a, b);
                final Complex x = c.multiplyImaginary(-1.0);
                // Check verses algebra solution
                Assertions.assertEquals(b, x.getReal());
                Assertions.assertEquals(-a, x.getImaginary());
                for (final Complex negI : negIs) {
                    final Complex z = c.multiply(negI);
                    Assertions.assertEquals(x, z);
                }
            }
        }
    }",ComplexTest::testNonZeroMultiplyNegativeI_oe
commons-numbers_211,"@Test
    void testMultiplyZeroByI_oe() {
        final double[] zeros = {-0.0, 0.0};
        for (final double a : zeros) {
            for (final double b : zeros) {
                final Complex c = Complex.ofCartesian(a, b);
                final Complex x = c.multiplyImaginary(1.0);
                // Check verses algebra solution
                Assertions.assertEquals(-b, x.getReal());
                Assertions.assertEquals(a, x.getImaginary());
                final Complex z = c.multiply(Complex.I);
                // Does not work when imaginary part is +0.0.
                if (Double.compare(b, 0.0) == 0) {
                    // (-0.0, 0.0).multiply( (0,1) ) => (-0.0, 0.0) expected (-0.0,-0.0)
                    // ( 0.0, 0.0).multiply( (0,1) ) => ( 0.0, 0.0) expected (-0.0, 0.0)
                    // Sign is allowed to be different for zero.
                    Assertions.assertEquals(0, z.getReal(), 0.0);
                    Assertions.assertEquals(0, z.getImaginary(), 0.0);
                    Assertions.assertNotEquals(x, z);
                } else {
                    Assertions.assertEquals(x, z);
                }
            }
        }
    }",ComplexTest::testMultiplyZeroByI_oe
commons-numbers_212,"@Test
    void testMultiplyZeroByNegativeI_oe() {
        // Depending on how we represent -I this does not work for 2/4 cases
        // but the cases are different. Here we test the negation of I.
        final Complex negI = Complex.I.negate();
        final double[] zeros = {-0.0, 0.0};
        for (final double a : zeros) {
            for (final double b : zeros) {
                final Complex c = Complex.ofCartesian(a, b);
                final Complex x = c.multiplyImaginary(-1.0);
                // Check verses algebra solution
                Assertions.assertEquals(b, x.getReal());
                Assertions.assertEquals(-a, x.getImaginary());
                final Complex z = c.multiply(negI);
                final Complex z2 = c.multiply(Complex.I).negate();
                // Does not work when imaginary part is -0.0.
                if (Double.compare(b, -0.0) == 0) {
                    // (-0.0,-0.0).multiply( (-0.0,-1) ) => ( 0.0, 0.0) expected (-0.0, 0.0)
                    // ( 0.0,-0.0).multiply( (-0.0,-1) ) => (-0.0, 0.0) expected (-0.0,-0.0)
                    // Sign is allowed to be different for zero.
                    Assertions.assertEquals(0, z.getReal(), 0.0);
                    Assertions.assertEquals(0, z.getImaginary(), 0.0);
                    Assertions.assertNotEquals(x, z);
                    // When multiply by I.negate() fails multiply by I then negate()
                    // works!
                    Assertions.assertEquals(x, z2);
                } else {
                    Assertions.assertEquals(x, z);
                    // When multiply by I.negate() works multiply by I then negate()
                    // fails!
                    Assertions.assertNotEquals(x, z2);
                }
            }
        }
    }",ComplexTest::testMultiplyZeroByNegativeI_oe
commons-numbers_213,"@Test
    void testDivide_oe() {
        final Complex x = Complex.ofCartesian(3.0, 4.0);
        final Complex y = Complex.ofCartesian(5.0, 6.0);
        final Complex z = x.divide(y);
        Assertions.assertEquals(39.0 / 61.0, z.getReal());
        Assertions.assertEquals(2.0 / 61.0, z.getImaginary());
    }",ComplexTest::testDivide_oe
commons-numbers_214,"@Test
    void testDivideZero_oe() {
        final Complex x = Complex.ofCartesian(3.0, 4.0);
        final Complex z = x.divide(Complex.ZERO);
        Assertions.assertEquals(INF, z);
    }",ComplexTest::testDivideZero_oe
commons-numbers_215,"@Test
    void testDivideZeroZero_oe() {
        final Complex x = Complex.ofCartesian(0.0, 0.0);
        final Complex z = x.divide(Complex.ZERO);
        Assertions.assertEquals(NAN, z);
    }",ComplexTest::testDivideZeroZero_oe
commons-numbers_216,"@Test
    void testDivideNaN_oe() {
        final Complex x = Complex.ofCartesian(3.0, 4.0);
        final Complex z = x.divide(NAN);
        Assertions.assertTrue(z.isNaN());
    }",ComplexTest::testDivideNaN_oe
commons-numbers_217,"@Test
    void testDivideNanInf_oe() {
        Complex z = oneInf.divide(Complex.ONE);
        Assertions.assertTrue(Double.isNaN(z.getReal()));
        Assertions.assertEquals(inf, z.getImaginary());

        z = negInfNegInf.divide(oneNan);
        Assertions.assertTrue(Double.isNaN(z.getReal()));
        Assertions.assertTrue(Double.isNaN(z.getImaginary()));

        z = negInfInf.divide(Complex.ONE);
        Assertions.assertTrue(Double.isInfinite(z.getReal()));
        Assertions.assertTrue(Double.isInfinite(z.getImaginary()));
    }",ComplexTest::testDivideNanInf_oe
commons-numbers_218,"@Test
    void testDivideReal_oe() {
        final Complex x = Complex.ofCartesian(3.0, 4.0);
        final double y = 2.0;
        Complex z = x.divide(y);
        Assertions.assertEquals(1.5, z.getReal());
        Assertions.assertEquals(2.0, z.getImaginary());
        // Equivalent
        Assertions.assertEquals(z, x.divide(ofReal(y)));

        z = x.divide(-y);
        Assertions.assertEquals(-1.5, z.getReal());
        Assertions.assertEquals(-2.0, z.getImaginary());
        // Equivalent
        Assertions.assertEquals(z, x.divide(ofReal(-y)));
    }",ComplexTest::testDivideReal_oe
commons-numbers_219,"@Test
    void testDivideRealNaN_oe() {
        final Complex x = Complex.ofCartesian(3.0, 4.0);
        final double y = nan;
        final Complex z = x.divide(y);
        Assertions.assertEquals(nan, z.getReal());
        Assertions.assertEquals(nan, z.getImaginary());
        // Equivalent
        Assertions.assertEquals(z, x.divide(ofReal(y)));
    }",ComplexTest::testDivideRealNaN_oe
commons-numbers_220,"@Test
    void testDivideRealInf_oe() {
        final Complex x = Complex.ofCartesian(3.0, 4.0);
        final double y = inf;
        Complex z = x.divide(y);
        Assertions.assertEquals(0.0, z.getReal());
        Assertions.assertEquals(0.0, z.getImaginary());
        // Equivalent
        Assertions.assertEquals(z, x.divide(ofReal(y)));

        z = x.divide(-y);
        Assertions.assertEquals(-0.0, z.getReal());
        Assertions.assertEquals(-0.0, z.getImaginary());
        // Equivalent
        Assertions.assertEquals(z, x.divide(ofReal(-y)));
    }",ComplexTest::testDivideRealInf_oe
commons-numbers_221,"@Test
    void testDivideRealZero_oe() {
        final Complex x = Complex.ofCartesian(3.0, 4.0);
        final double y = 0.0;
        Complex z = x.divide(y);
        Assertions.assertEquals(inf, z.getReal());
        Assertions.assertEquals(inf, z.getImaginary());
        // Equivalent
        Assertions.assertEquals(z, x.divide(ofReal(y)));

        z = x.divide(-y);
        Assertions.assertEquals(-inf, z.getReal());
        Assertions.assertEquals(-inf, z.getImaginary());
        // Equivalent
        Assertions.assertEquals(z, x.divide(ofReal(-y)));
    }",ComplexTest::testDivideRealZero_oe
commons-numbers_222,"@Test
    void testDivideImaginary_oe() {
        final Complex x = Complex.ofCartesian(3.0, 4.0);
        final double y = 2.0;
        Complex z = x.divideImaginary(y);
        Assertions.assertEquals(2.0, z.getReal());
        Assertions.assertEquals(-1.5, z.getImaginary());
        // Equivalent
        Assertions.assertEquals(z, x.divide(ofImaginary(y)));

        z = x.divideImaginary(-y);
        Assertions.assertEquals(-2.0, z.getReal());
        Assertions.assertEquals(1.5, z.getImaginary());
        // Equivalent
        Assertions.assertEquals(z, x.divide(ofImaginary(-y)));
    }",ComplexTest::testDivideImaginary_oe
commons-numbers_223,"@Test
    void testDivideImaginaryNaN_oe() {
        final Complex x = Complex.ofCartesian(3.0, 4.0);
        final double y = nan;
        final Complex z = x.divideImaginary(y);
        Assertions.assertEquals(nan, z.getReal());
        Assertions.assertEquals(nan, z.getImaginary());
        // Equivalent
        Assertions.assertEquals(z, x.divide(ofImaginary(y)));
    }",ComplexTest::testDivideImaginaryNaN_oe
commons-numbers_224,"@Test
    void testDivideImaginaryInf_oe() {
        final Complex x = Complex.ofCartesian(3.0, 4.0);
        final double y = inf;
        Complex z = x.divideImaginary(y);
        Assertions.assertEquals(0.0, z.getReal());
        Assertions.assertEquals(-0.0, z.getImaginary());
        // Equivalent
        Assertions.assertEquals(z, x.divide(ofImaginary(y)));

        z = x.divideImaginary(-y);
        Assertions.assertEquals(-0.0, z.getReal());
        Assertions.assertEquals(0.0, z.getImaginary());
        // Equivalent
        Assertions.assertEquals(z, x.divide(ofImaginary(-y)));
    }",ComplexTest::testDivideImaginaryInf_oe
commons-numbers_225,"@Test
    void testDivideImaginaryZero_oe() {
        final Complex x = Complex.ofCartesian(3.0, 4.0);
        final double y = 0.0;
        Complex z = x.divideImaginary(y);
        Assertions.assertEquals(inf, z.getReal());
        Assertions.assertEquals(-inf, z.getImaginary());
        // Sign-preservation is a problem for imaginary: 0.0 - -0.0 == 0.0
        Complex z2 = x.divide(ofImaginary(y));
        Assertions.assertEquals(inf, z2.getReal());
        Assertions.assertEquals(inf, z2.getImaginary(), ""Expected no sign preservation"");

        z = x.divideImaginary(-y);
        Assertions.assertEquals(-inf, z.getReal());
        Assertions.assertEquals(inf, z.getImaginary());
        // Sign-preservation is a problem for real: 0.0 + -0.0 == 0.0
        z2 = x.divide(ofImaginary(-y));
        Assertions.assertEquals(inf, z2.getReal(), ""Expected no sign preservation"");
        Assertions.assertEquals(inf, z2.getImaginary());
    }",ComplexTest::testDivideImaginaryZero_oe
commons-numbers_226,"@Test
    void testSignedArithmetic_oe() {
        // The following lists the conditions for the double primitive operation where
        // the Complex operation is different. Here the double argument can be:
        // x : any value
        // +x : positive
        // +0.0: positive zero
        // -x : negative
        // -0.0: negative zero
        // 0 : any zero
        // use y for any non-zero value

        // Check the known fail cases using an integer as a bit set.
        // If a bit is 1 then the case is known to fail.
        // The 64 cases are enumerated as:
        // 4 cases: (a,-0.0) operation on -0.0, 0.0, -2, 3
        // 4 cases: (a, 0.0) operation on -0.0, 0.0, -2, 3
        // 4 cases: (a,-2.0) operation on -0.0, 0.0, -2, 3
        // 4 cases: (a, 3.0) operation on -0.0, 0.0, -2, 3
        // with a in [-0.0, 0.0, -2, 3]
        // The least significant bit is for the first case.

        // The bit set was generated for this test. The summary below demonstrates
        // documenting the sign change cases for multiply and divide is non-trivial
        // and the javadoc in Complex does not break down the actual cases.

        // 16: (x,-0.0) + x
        assertSignedZeroArithmetic(""addReal"", Complex::add, ComplexTest::ofReal, Complex::add,
            0b1111000000000000111100000000000011110000000000001111L);
        // 16: (-0.0,x) + x
        assertSignedZeroArithmetic(""addImaginary"", Complex::addImaginary, ComplexTest::ofImaginary, Complex::add,
            0b1111111111111111L);
        // 0:
        assertSignedZeroArithmetic(""subtractReal"", Complex::subtract, ComplexTest::ofReal, Complex::subtract, 0);
        // 0:
        assertSignedZeroArithmetic(""subtractImaginary"", Complex::subtractImaginary, ComplexTest::ofImaginary,
            Complex::subtract, 0);
        // 16: x - (x,+0.0)
        assertSignedZeroArithmetic(""subtractFromReal"", Complex::subtractFrom, ComplexTest::ofReal,
            (y, z) -> z.subtract(y), 0b11110000000000001111000000000000111100000000000011110000L);
        // 16: x - (+0.0,x)
        assertSignedZeroArithmetic(""subtractFromImaginary"", Complex::subtractFromImaginary, ComplexTest::ofImaginary,
            (y, z) -> z.subtract(y), 0b11111111111111110000000000000000L);
        // 4: (-0.0,-x) * +x
        // 4: (+0.0,-0.0) * x
        // 4: (+0.0,x) * -x
        // 2: (-y,-x) * +0.0
        // 2: (+y,+0.0) * -x
        // 2: (+y,-0.0) * +x
        // 2: (+y,-x) * -0.0
        // 2: (+x,-y) * +0.0
        // 2: (+x,+y) * -0.0
        assertSignedZeroArithmetic(""multiplyReal"", Complex::multiply, ComplexTest::ofReal, Complex::multiply,
            0b1001101011011000000100000001000010111010111110000101000001010L);
        // 4: (-0.0,+x) * +x
        // 2: (+0.0,-0.0) * -x
        // 4: (+0.0,+0.0) * x
        // 2: (+0.0,+y) * -x
        // 2: (-y,+x) * +0.0
        // 4: (+y,x) * -0.0
        // 2: (+0.0,+/-y) * -/+0
        // 2: (+y,+/-0.0) * +/-y (sign 0.0 matches sign y)
        // 2: (+y,+x) * +0.0
        assertSignedZeroArithmetic(""multiplyImaginary"", Complex::multiplyImaginary, ComplexTest::ofImaginary,
            Complex::multiply, 0b11000110110101001000000010000001110001111101011010000010100000L);
        // 2: (-0.0,0) / +y
        // 2: (+0.0,+x) / -y
        // 2: (-x,0) / -y
        // 1: (-0.0,+y) / +y
        // 1: (-y,+0.0) / -y
        assertSignedZeroArithmetic(""divideReal"", Complex::divide, ComplexTest::ofReal, Complex::divide,
            0b100100001000000010000001000000011001000L);

        // DivideImaginary has its own test as the result is not always equal ignoring the
        // sign.
    }",ComplexTest::testSignedArithmetic_oe
commons-numbers_227,"@Test
    void testSignedDivideImaginaryArithmetic_oe() {
        // Cases for divide by non-zero:
        // 2: (-0.0,+x) / -y
        // 4: (+x,+/-0.0) / -/+y
        // 2: (+0.0,+x) / +y
        // Cases for divide by zero after multiplication of the Complex result by I:
        // 2: (-0.0,+/-y) / +0.0
        // 2: (+0.0,+/-y) / +0.0
        // 4: (-y,x) / +0.0
        // 4: (y,x) / +0.0
        // If multiplied by -I all the divide by -0.0 cases have sign errors and / +0.0 is
        // OK.
        long expectedFailures = 0b11001101111011001100110011001110110011110010000111001101000000L;
        // With an operation on zero or non-zero arguments
        final double[] arguments = {-0.0, 0.0, -2, 3};
        for (final double a : arguments) {
            for (final double b : arguments) {
                final Complex c = Complex.ofCartesian(a, b);
                for (final double arg : arguments) {
                    final Complex y = c.divideImaginary(arg);
                    Complex z = c.divide(ofImaginary(arg));
                    final boolean expectedFailure = (expectedFailures & 0x1) == 1;
                    expectedFailures >>>= 1;
                    // If divide by zero then the divide(Complex) method matches divide by real.
                    // To match divide by imaginary requires multiplication by I.
                    if (arg == 0) {
                        // Same result if multiplied by I. The sign may not match so
                        // optionally ignore the sign of the infinity.
                        z = z.multiplyImaginary(1);
                        final double ya = expectedFailure ? Math.abs(y.getReal()) : y.getReal();
                        final double yb = expectedFailure ? Math.abs(y.getImaginary()) : y.getImaginary();
                        final double za = expectedFailure ? Math.abs(z.getReal()) : z.getReal();
                        final double zb = expectedFailure ? Math.abs(z.getImaginary()) : z.getImaginary();
                        Assertions.assertEquals(ya, za, () -> c + "" divideImaginary "" + arg + "": real"");
                        Assertions.assertEquals(yb, zb, () -> c + "" divideImaginary "" + arg + "": imaginary"");
                    } else {
                        // Check the same answer. Sign is allowed to be different for zero.
                        Assertions.assertEquals(y.getReal(),z.getReal(),0,()-> c + "" divideImaginary "" + arg + "": real"");
                        Assertions.assertEquals(y.getImaginary(),z.getImaginary(),0,()-> c + "" divideImaginary "" + arg + "": imaginary"");
                        Assertions.assertEquals(expectedFailure,!y.equals(z),()-> c + "" divideImaginary "" + arg + "": sign-difference"");
                    }
                }
            }
        }
    }",ComplexTest::testSignedDivideImaginaryArithmetic_oe
commons-numbers_228,"@Test
    void testLog10_oe() {
        final double ln10 = Math.log(10);
        final UniformRandomProvider rng = RandomSource.create(RandomSource.SPLIT_MIX_64);
        for (int i = 0; i < 10; i++) {
            final Complex z = Complex.ofCartesian(rng.nextDouble() * 2, rng.nextDouble() * 2);
            final Complex lnz = z.log();
            final Complex log10z = z.log10();
            // This is prone to floating-point error so use a delta
            Assertions.assertEquals(lnz.getReal() / ln10, log10z.getReal(), 1e-12, ""real"");
            // This test should be exact
            Assertions.assertEquals(lnz.getImaginary(), log10z.getImaginary(), ""imag"");
        }
    }",ComplexTest::testLog10_oe
commons-numbers_229,"@Test
    void testPow_oe() {
        final Complex x = Complex.ofCartesian(3, 4);
        final double yDouble = 5.0;
        final Complex yComplex = ofReal(yDouble);
        Assertions.assertEquals(x.pow(yComplex), x.pow(yDouble));
    }",ComplexTest::testPow_oe
commons-numbers_230,"@Test
    void testPowComplexRealZero_oe() {
        // Hits the edge case when real == 0 but imaginary != 0
        final Complex x = Complex.ofCartesian(0, 1);
        final Complex z = Complex.ofCartesian(2, 3);
        final Complex c = x.pow(z);
        // Answer from g++
        Assertions.assertEquals(-0.008983291021129429, c.getReal());
        Assertions.assertEquals(1.1001358594835313e-18, c.getImaginary());
    }",ComplexTest::testPowComplexRealZero_oe
commons-numbers_231,"@Test
    void testPowComplexZeroBase_oe() {
        final double x = Double.MIN_VALUE;
        assertPowComplexZeroBase(0, 0, NAN);
        assertPowComplexZeroBase(0, x, NAN);
        assertPowComplexZeroBase(x, x, NAN);
        assertPowComplexZeroBase(x, 0, Complex.ZERO);
    }",ComplexTest::testPowComplexZeroBase_oe
commons-numbers_232,"@Test
    void testPowScalerRealZero_oe() {
        // Hits the edge case when real == 0 but imaginary != 0
        final Complex x = Complex.ofCartesian(0, 1);
        final Complex c = x.pow(2);
        // Answer from g++
        Assertions.assertEquals(-1, c.getReal());
        Assertions.assertEquals(1.2246467991473532e-16, c.getImaginary());
    }",ComplexTest::testPowScalerRealZero_oe
commons-numbers_233,"@Test
    void testPowScalarZeroBase_oe() {
        final double x = Double.MIN_VALUE;
        assertPowScalarZeroBase(0, NAN);
        assertPowScalarZeroBase(x, Complex.ZERO);
    }",ComplexTest::testPowScalarZeroBase_oe
commons-numbers_234,"@Test
    void testPowNanBase_oe() {
        final Complex x = NAN;
        final double yDouble = 5.0;
        final Complex yComplex = ofReal(yDouble);
        Assertions.assertEquals(x.pow(yComplex), x.pow(yDouble));
    }",ComplexTest::testPowNanBase_oe
commons-numbers_235,"@Test
    void testPowNanExponent_oe() {
        final Complex x = Complex.ofCartesian(3, 4);
        final double yDouble = Double.NaN;
        final Complex yComplex = ofReal(yDouble);
        Assertions.assertEquals(x.pow(yComplex), x.pow(yDouble));
    }",ComplexTest::testPowNanExponent_oe
commons-numbers_236,"@Test
    void testSqrtPolar_oe() {
        final double tol = 1e-12;
        double r = 1;
        for (int i = 0; i < 5; i++) {
            r += i;
            double theta = 0;
            for (int j = 0; j < 11; j++) {
                theta += pi / 12;
                final Complex z = Complex.ofPolar(r, theta);
                final Complex sqrtz = Complex.ofPolar(Math.sqrt(r), theta / 2);
                TestUtils.assertEquals(sqrtz, z.sqrt(), tol);
            }
        }
    }",ComplexTest::testSqrtPolar_oe
commons-numbers_237,"@Test
    void testZerothRootThrows_oe() {
        final Complex c = Complex.ofCartesian(1, 1);
        Assertions.assertThrows(IllegalArgumentException.class, () -> c.nthRoot(0),
            ""zeroth root should not be allowed"");
    }",ComplexTest::testZerothRootThrows_oe
commons-numbers_238,"@Test
    void testNthRootNormalThirdRoot_oe() {
        // The complex number we want to compute all third-roots for.
        final Complex z = Complex.ofCartesian(-2, 2);
        // The List holding all third roots
        final Complex[] thirdRootsOfZ = z.nthRoot(3).toArray(new Complex[0]);
        // Returned Collection must not be empty!
        Assertions.assertEquals(3, thirdRootsOfZ.length);
        // test z_0
        Assertions.assertEquals(1.0, thirdRootsOfZ[0].getReal(), 1.0e-5);
        Assertions.assertEquals(1.0, thirdRootsOfZ[0].getImaginary(), 1.0e-5);
        // test z_1
        Assertions.assertEquals(-1.3660254037844386, thirdRootsOfZ[1].getReal(), 1.0e-5);
        Assertions.assertEquals(0.36602540378443843, thirdRootsOfZ[1].getImaginary(), 1.0e-5);
        // test z_2
        Assertions.assertEquals(0.366025403784439, thirdRootsOfZ[2].getReal(), 1.0e-5);
        Assertions.assertEquals(-1.3660254037844384, thirdRootsOfZ[2].getImaginary(), 1.0e-5);
    }",ComplexTest::testNthRootNormalThirdRoot_oe
commons-numbers_239,"@Test
    void testNthRootNormalFourthRoot_oe() {
        // The complex number we want to compute all third-roots for.
        final Complex z = Complex.ofCartesian(5, -2);
        // The List holding all fourth roots
        final Complex[] fourthRootsOfZ = z.nthRoot(4).toArray(new Complex[0]);
        // Returned Collection must not be empty!
        Assertions.assertEquals(4, fourthRootsOfZ.length);
        // test z_0
        Assertions.assertEquals(1.5164629308487783, fourthRootsOfZ[0].getReal(), 1.0e-5);
        Assertions.assertEquals(-0.14469266210702247, fourthRootsOfZ[0].getImaginary(), 1.0e-5);
        // test z_1
        Assertions.assertEquals(0.14469266210702256, fourthRootsOfZ[1].getReal(), 1.0e-5);
        Assertions.assertEquals(1.5164629308487783, fourthRootsOfZ[1].getImaginary(), 1.0e-5);
        // test z_2
        Assertions.assertEquals(-1.5164629308487783, fourthRootsOfZ[2].getReal(), 1.0e-5);
        Assertions.assertEquals(0.14469266210702267, fourthRootsOfZ[2].getImaginary(), 1.0e-5);
        // test z_3
        Assertions.assertEquals(-0.14469266210702275, fourthRootsOfZ[3].getReal(), 1.0e-5);
        Assertions.assertEquals(-1.5164629308487783, fourthRootsOfZ[3].getImaginary(), 1.0e-5);
    }",ComplexTest::testNthRootNormalFourthRoot_oe
commons-numbers_240,"@Test
    void testNthRootCornercaseThirdRootImaginaryPartEmpty_oe() {
        // The number 8 has three third roots. One we all already know is the number 2.
        // But there are two more complex roots.
        final Complex z = Complex.ofCartesian(8, 0);
        // The List holding all third roots
        final Complex[] thirdRootsOfZ = z.nthRoot(3).toArray(new Complex[0]);
        // Returned Collection must not be empty!
        Assertions.assertEquals(3, thirdRootsOfZ.length);
        // test z_0
        Assertions.assertEquals(2.0, thirdRootsOfZ[0].getReal(), 1.0e-5);
        Assertions.assertEquals(0.0, thirdRootsOfZ[0].getImaginary(), 1.0e-5);
        // test z_1
        Assertions.assertEquals(-1.0, thirdRootsOfZ[1].getReal(), 1.0e-5);
        Assertions.assertEquals(1.7320508075688774, thirdRootsOfZ[1].getImaginary(), 1.0e-5);
        // test z_2
        Assertions.assertEquals(-1.0, thirdRootsOfZ[2].getReal(), 1.0e-5);
        Assertions.assertEquals(-1.732050807568877, thirdRootsOfZ[2].getImaginary(), 1.0e-5);
    }",ComplexTest::testNthRootCornercaseThirdRootImaginaryPartEmpty_oe
commons-numbers_241,"@Test
    void testNthRootCornercaseThirdRootRealPartZero_oe() {
        // complex number with only imaginary part
        final Complex z = Complex.ofCartesian(0, 2);
        // The List holding all third roots
        final Complex[] thirdRootsOfZ = z.nthRoot(3).toArray(new Complex[0]);
        // Returned Collection must not be empty!
        Assertions.assertEquals(3, thirdRootsOfZ.length);
        // test z_0
        Assertions.assertEquals(1.0911236359717216, thirdRootsOfZ[0].getReal(), 1.0e-5);
        Assertions.assertEquals(0.6299605249474365, thirdRootsOfZ[0].getImaginary(), 1.0e-5);
        // test z_1
        Assertions.assertEquals(-1.0911236359717216, thirdRootsOfZ[1].getReal(), 1.0e-5);
        Assertions.assertEquals(0.6299605249474365, thirdRootsOfZ[1].getImaginary(), 1.0e-5);
        // test z_2
        Assertions.assertEquals(-2.3144374213981936E-16, thirdRootsOfZ[2].getReal(), 1.0e-5);
        Assertions.assertEquals(-1.2599210498948732, thirdRootsOfZ[2].getImaginary(), 1.0e-5);
    }",ComplexTest::testNthRootCornercaseThirdRootRealPartZero_oe
commons-numbers_242,"@Test
    void testNthRootNegativeArg_oe() {
        // The complex number we want to compute all third-roots for.
        final Complex z = Complex.ofCartesian(1, 0);
        // The List holding all fourth roots
        Complex[] fourthRootsOfZ = z.nthRoot(4).toArray(new Complex[0]);
        // test z_0
        Assertions.assertEquals(1, fourthRootsOfZ[0].getReal(), 1.0e-5);
        Assertions.assertEquals(0, fourthRootsOfZ[0].getImaginary(), 1.0e-5);
        // test z_1
        Assertions.assertEquals(0, fourthRootsOfZ[1].getReal(), 1.0e-5);
        Assertions.assertEquals(1, fourthRootsOfZ[1].getImaginary(), 1.0e-5);
        // test z_2
        Assertions.assertEquals(-1, fourthRootsOfZ[2].getReal(), 1.0e-5);
        Assertions.assertEquals(0, fourthRootsOfZ[2].getImaginary(), 1.0e-5);
        // test z_3
        Assertions.assertEquals(0, fourthRootsOfZ[3].getReal(), 1.0e-5);
        Assertions.assertEquals(-1, fourthRootsOfZ[3].getImaginary(), 1.0e-5);
        // go clockwise around the unit circle using negative argument
        fourthRootsOfZ = z.nthRoot(-4).toArray(new Complex[0]);
        // test z_0
        Assertions.assertEquals(1, fourthRootsOfZ[0].getReal(), 1.0e-5);
        Assertions.assertEquals(0, fourthRootsOfZ[0].getImaginary(), 1.0e-5);
        // test z_1
        Assertions.assertEquals(0, fourthRootsOfZ[1].getReal(), 1.0e-5);
        Assertions.assertEquals(-1, fourthRootsOfZ[1].getImaginary(), 1.0e-5);
        // test z_2
        Assertions.assertEquals(-1, fourthRootsOfZ[2].getReal(), 1.0e-5);
        Assertions.assertEquals(0, fourthRootsOfZ[2].getImaginary(), 1.0e-5);
        // test z_3
        Assertions.assertEquals(0, fourthRootsOfZ[3].getReal(), 1.0e-5);
        Assertions.assertEquals(1, fourthRootsOfZ[3].getImaginary(), 1.0e-5);
    }",ComplexTest::testNthRootNegativeArg_oe
commons-numbers_243,"@Test
    void testNthRootNan_oe() {
        final int n = 3;
        final Complex z = ofReal(Double.NaN);
        final List<Complex> r = z.nthRoot(n);
        Assertions.assertEquals(n, r.size());
        for (final Complex c : r) {
            Assertions.assertTrue(Double.isNaN(c.getReal()));
            Assertions.assertTrue(Double.isNaN(c.getImaginary()));
        }
    }",ComplexTest::testNthRootNan_oe
commons-numbers_244,"@Test
    void testNthRootInf_oe() {
        final int n = 3;
        final Complex z = ofReal(Double.NEGATIVE_INFINITY);
        final List<Complex> r = z.nthRoot(n);
        Assertions.assertEquals(n, r.size());
    }",ComplexTest::testNthRootInf_oe
commons-numbers_245,"@Test
    void testEqualsWithNull_oe() {
        final Complex x = Complex.ofCartesian(3.0, 4.0);
        Assertions.assertNotEquals(x, null);
    }",ComplexTest::testEqualsWithNull_oe
commons-numbers_246,"@Test
    void testEqualsWithAnotherClass_oe() {
        final Complex x = Complex.ofCartesian(3.0, 4.0);
        Assertions.assertNotEquals(x, new Object());
    }",ComplexTest::testEqualsWithAnotherClass_oe
commons-numbers_247,"@Test
    void testEqualsWithSameObject_oe() {
        final Complex x = Complex.ofCartesian(3.0, 4.0);
        Assertions.assertEquals(x, x);
    }",ComplexTest::testEqualsWithSameObject_oe
commons-numbers_248,"@Test
    void testEqualsWithCopyObject_oe() {
        final Complex x = Complex.ofCartesian(3.0, 4.0);
        final Complex y = Complex.ofCartesian(3.0, 4.0);
        Assertions.assertEquals(x, y);
    }",ComplexTest::testEqualsWithCopyObject_oe
commons-numbers_249,"@Test
    void testEqualsWithRealDifference_oe() {
        final Complex x = Complex.ofCartesian(0.0, 0.0);
        final Complex y = Complex.ofCartesian(0.0 + Double.MIN_VALUE, 0.0);
        Assertions.assertNotEquals(x, y);
    }",ComplexTest::testEqualsWithRealDifference_oe
commons-numbers_250,"@Test
    void testEqualsWithImaginaryDifference_oe() {
        final Complex x = Complex.ofCartesian(0.0, 0.0);
        final Complex y = Complex.ofCartesian(0.0, 0.0 + Double.MIN_VALUE);
        Assertions.assertNotEquals(x, y);
    }",ComplexTest::testEqualsWithImaginaryDifference_oe
commons-numbers_251,"@Test
    void testEqualsIsConsistentWithArraysEquals_oe() {
        // Explicit check of the cases documented in the Javadoc:
        assertEqualsIsConsistentWithArraysEquals(Complex.ofCartesian(Double.NaN, 0.0),
            Complex.ofCartesian(Double.NaN, 1.0), ""NaN real and different non-NaN imaginary"");
        assertEqualsIsConsistentWithArraysEquals(Complex.ofCartesian(0.0, Double.NaN),
            Complex.ofCartesian(1.0, Double.NaN), ""Different non-NaN real and NaN imaginary"");
        assertEqualsIsConsistentWithArraysEquals(Complex.ofCartesian(0.0, 0.0), Complex.ofCartesian(-0.0, 0.0),
            ""Different real zeros"");
        assertEqualsIsConsistentWithArraysEquals(Complex.ofCartesian(0.0, 0.0), Complex.ofCartesian(0.0, -0.0),
            ""Different imaginary zeros"");

        // Test some values of edge cases
        final double[] values = {Double.NaN, Double.NEGATIVE_INFINITY, Double.POSITIVE_INFINITY, -1, 0, 1};
        final ArrayList<Complex> list = createCombinations(values);

        for (final Complex c : list) {
            final double real = c.getReal();
            final double imag = c.getImaginary();

            // Check a copy is equal
            assertEqualsIsConsistentWithArraysEquals(c, Complex.ofCartesian(real, imag), ""Copy complex"");

            // Perform the smallest change to the two components
            final double realDelta = smallestChange(real);
            final double imagDelta = smallestChange(imag);
            Assertions.assertNotEquals(real, realDelta, ""Real was not changed"");
            Assertions.assertNotEquals(imag, imagDelta, ""Imaginary was not changed"");

            assertEqualsIsConsistentWithArraysEquals(c, Complex.ofCartesian(realDelta, imag), ""Delta real"");
            assertEqualsIsConsistentWithArraysEquals(c, Complex.ofCartesian(real, imagDelta), ""Delta imaginary"");
        }
    }",ComplexTest::testEqualsIsConsistentWithArraysEquals_oe
commons-numbers_252,"@Test
    void testEqualsWithDifferentNaNs_oe() {
        // Test some NaN combinations
        final double[] values = {Double.NaN, 0, 1};
        final ArrayList<Complex> list = createCombinations(values);

        // Is the all-vs-all comparison only the exact same values should be equal, e.g.
        // (nan,0) not equals (nan,nan)
        // (nan,0) equals (nan,0)
        // (nan,0) not equals (0,nan)
        for (int i = 0; i < list.size(); i++) {
            final Complex c1 = list.get(i);
            final Complex copy = Complex.ofCartesian(c1.getReal(), c1.getImaginary());
            assertEqualsIsConsistentWithArraysEquals(c1, copy, ""Copy is not equal"");
            for (int j = i + 1; j < list.size(); j++) {
                final Complex c2 = list.get(j);
                assertEqualsIsConsistentWithArraysEquals(c1, c2, ""Different NaNs should not be equal"");
            }
        }
    }",ComplexTest::testEqualsWithDifferentNaNs_oe
commons-numbers_253,"@Test
    void testHashCode_oe() {
        // Test some values match Arrays.hashCode(double[])
        final double[] values = {Double.NaN, Double.NEGATIVE_INFINITY, -3.45, -1, -0.0, 0.0, Double.MIN_VALUE, 1, 3.45,
            Double.POSITIVE_INFINITY};
        final ArrayList<Complex> list = createCombinations(values);

        final String msg = ""'equals' not compatible with 'hashCode'"";

        for (final Complex c : list) {
            final double real = c.getReal();
            final double imag = c.getImaginary();
            final int expected = Arrays.hashCode(new double[] {real, imag});
            final int hash = c.hashCode();
            Assertions.assertEquals(expected, hash, ""hashCode does not match Arrays.hashCode({re, im})"");

            // Test a copy has the same hash code, i.e. is not
            // System.identityHashCode(Object)
            final Complex copy = Complex.ofCartesian(real, imag);
            Assertions.assertEquals(hash, copy.hashCode(), ""Copy hash code is not equal"");

            // MATH-1118
            // ""equals"" and ""hashCode"" must be compatible: if two objects have
            // different hash codes, ""equals"" must return false.
            // Perform the smallest change to the two components.
            // Note: The hash could actually be the same so we check it changes.
            final double realDelta = smallestChange(real);
            final double imagDelta = smallestChange(imag);
            Assertions.assertNotEquals(real, realDelta, ""Real was not changed"");
            Assertions.assertNotEquals(imag, imagDelta, ""Imaginary was not changed"");

            final Complex cRealDelta = Complex.ofCartesian(realDelta, imag);
            final Complex cImagDelta = Complex.ofCartesian(real, imagDelta);
            if (hash != cRealDelta.hashCode()) {
                Assertions.assertNotEquals(c, cRealDelta, () -> ""real+delta: "" + msg);
            }
            if (hash != cImagDelta.hashCode()) {
                Assertions.assertNotEquals(c, cImagDelta, () -> ""imaginary+delta: "" + msg);
            }
        }
    }",ComplexTest::testHashCode_oe
commons-numbers_254,"@Test
    void testHashCodeWithDifferentZeros_oe() {
        final double[] values = {-0.0, 0.0};
        final ArrayList<Complex> list = createCombinations(values);

        // Explicit test for issue MATH-1118
        // ""equals"" and ""hashCode"" must be compatible
        for (int i = 0; i < list.size(); i++) {
            final Complex c1 = list.get(i);
            for (int j = i + 1; j < list.size(); j++) {
                final Complex c2 = list.get(j);
                if (c1.hashCode() != c2.hashCode()) {
                    Assertions.assertNotEquals(c1, c2, ""'equals' not compatible with 'hashCode'"");
                }
            }
        }
    }",ComplexTest::testHashCodeWithDifferentZeros_oe
commons-numbers_255,"@Test
    void testAtanhEdgeConditions_oe() {
        // Hits the edge case when imaginary == 0 but real != 0 or 1
        final Complex c = Complex.ofCartesian(2, 0).atanh();
        // Answer from g++
        Assertions.assertEquals(0.54930614433405489, c.getReal());
        Assertions.assertEquals(1.5707963267948966, c.getImaginary());
    }",ComplexTest::testAtanhEdgeConditions_oe
commons-numbers_256,"@Test
    void testAtanhAssumptions_oe() {
        // Compute the same constants used by atanh
        final double safeUpper = Math.sqrt(Double.MAX_VALUE) / 2;
        final double safeLower = Math.sqrt(Double.MIN_NORMAL) * 2;

        // Can we assume (1+x) = x when x is large
        Assertions.assertEquals(safeUpper, 1 + safeUpper);
        // Can we assume (1-x) = -x when x is large
        Assertions.assertEquals(-safeUpper, 1 - safeUpper);
        // Can we assume (y^2/x) = 0 when y is small and x is large
        Assertions.assertEquals(0, safeLower * safeLower / safeUpper);
        // Can we assume (1-x)^2/y + y = y when x <= 1. Try with x = 0.
        Assertions.assertEquals(safeUpper, 1 / safeUpper + safeUpper);
        // Can we assume (4+y^2) = 4 when y is small
        Assertions.assertEquals(4, 4 + safeLower * safeLower);
        // Can we assume (1-x)^2 = 1 when x is small
        Assertions.assertEquals(1, (1 - safeLower) * (1 - safeLower));
        // Can we assume 1 - y^2 = 1 when y is small
        Assertions.assertEquals(1, 1 - safeLower * safeLower);
        // Can we assume Math.log1p(4 * x / y / y) = (4 * x / y / y) when big y and small
        // x
        final double result = 4 * safeLower / safeUpper / safeUpper;
        Assertions.assertEquals(result, Math.log1p(result));
        Assertions.assertEquals(result, result - result * result / 2, ""Expected log1p Taylor series to be redundant"");
        // Can we assume if x != 1 then (x-1) is valid for multiplications.
        Assertions.assertNotEquals(0, 1 - Math.nextUp(1));
        Assertions.assertNotEquals(0, 1 - Math.nextDown(1));
    }",ComplexTest::testAtanhAssumptions_oe
commons-numbers_257,"@Test
    void testCoshSinhTanhAssumptions_oe() {
        // Use the same constants used to approximate cosh/sinh with e^|x| / 2
        final double safeExpMax = 708;

        final double big = Math.exp(safeExpMax);
        final double small = Math.exp(-safeExpMax);

        // Overflow assumptions
        Assertions.assertTrue(Double.isFinite(big));
        Assertions.assertTrue(Double.isInfinite(Math.exp(safeExpMax + 2)));

        // Can we assume cosh(x) = (e^x + e^-x) / 2 = e^|x| / 2
        Assertions.assertEquals(big + small, big);
        Assertions.assertEquals(Math.cosh(safeExpMax), big / 2);
        Assertions.assertEquals(Math.cosh(-safeExpMax), big / 2);

        // Can we assume sinh(x) = (e^x - e^-x) / 2 = sign(x) * e^|x| / 2
        Assertions.assertEquals(big - small, big);
        Assertions.assertEquals(small - big, -big);
        Assertions.assertEquals(Math.sinh(safeExpMax), big / 2);
        Assertions.assertEquals(Math.sinh(-safeExpMax), -big / 2);

        // Can we assume sinh(x/2) * cosh(x/2) is finite
        // Can we assume sinh(x/2)^2 is finite
        Assertions.assertTrue(Double.isFinite(Math.sinh(safeExpMax / 2) * Math.cosh(safeExpMax / 2)));
        Assertions.assertTrue(Double.isFinite(Math.sinh(safeExpMax / 2) * Math.sinh(safeExpMax / 2)));

        // Will 2.0 / e^|x| / e^|x| underflow
        Assertions.assertNotEquals(0.0, 2.0 / big);
        Assertions.assertEquals(0.0, 2.0 / big / big);

        // This is an assumption used in sinh/cosh.
        // Will 3 * (e^|x|/2) * y overflow for any positive y
        Assertions.assertTrue(Double.isFinite(0.5 * big * Double.MIN_VALUE * big));
        Assertions.assertTrue(Double.isInfinite(0.5 * big * Double.MIN_VALUE * big * big));

        // Assume the sign of sin(2y) = sin(y) * cos(y) when |y| < pi/2
        for (final double y : new double[] {Math.PI / 2, Math.PI / 4, 1.0, 0.5, 0.0}) {
            Assertions.assertEquals(Math.signum(Math.sin(2 * y)), Math.signum(Math.sin(y) * Math.cos(y)));
            Assertions.assertEquals(Math.signum(Math.sin(2 * -y)), Math.signum(Math.sin(-y) * Math.cos(-y)));
        }

        // tanh: 2.0 / Double.MAX_VALUE does not underflow.
        // Thus 2 sin(2y) / e^2|x| can be computed when e^2|x| only just overflows
        Assertions.assertTrue(2.0 / Double.MAX_VALUE > 0);
    }",ComplexTest::testCoshSinhTanhAssumptions_oe
commons-numbers_258,"@Test
    void testSinCosLinearAssumptions_oe() {
        // Are cos and sin linear around zero?
        // If cos is still 1 then since d(sin) dx = cos then sin is linear.
        Assertions.assertEquals(1.0, Math.cos(Double.MIN_NORMAL));
        Assertions.assertEquals(Double.MIN_NORMAL, Math.sin(Double.MIN_NORMAL));

        // Are cosh and sinh linear around zero?
        // If cosh is still 1 then since d(sinh) dx = cosh then sinh is linear.
        Assertions.assertEquals(1.0, Math.cosh(Double.MIN_NORMAL));
        Assertions.assertEquals(Double.MIN_NORMAL, Math.sinh(Double.MIN_NORMAL));
    }",ComplexTest::testSinCosLinearAssumptions_oe
commons-numbers_259,"@Test
    void testAbsVsSqrt_oe() {
        final UniformRandomProvider rng = RandomSource.create(RandomSource.XO_RO_SHI_RO_128_PP);
        // Note: All methods implement scaling to ensure the magnitude can be computed.
        // Try very large or small numbers that will over/underflow to test that the
        // scaling
        // is consistent. Note that:
        // - sqrt will reduce the size of the real and imaginary
        // components when |z|>1 and increase them when |z|<1.

        // Each sample fails approximately 3% of the time if using a standard x^2+y^2 in
        // sqrt()
        // and high accuracy representation in abs().
        // Use 1000 samples to ensure the behavior is OK.
        // Do not use data which will over/underflow so we can use a simple computation in
        // the test
        assertAbsVsSqrt(1000,
            () -> Complex.ofCartesian(createFixedExponentNumber(rng, 1000), createFixedExponentNumber(rng, 1000)));
        assertAbsVsSqrt(1000,
            () -> Complex.ofCartesian(createFixedExponentNumber(rng, -1000), createFixedExponentNumber(rng, -1000)));
    }",ComplexTest::testAbsVsSqrt_oe
commons-numbers_260,"@Test
    void testAbsVsLog_oe() {
        final UniformRandomProvider rng = RandomSource.create(RandomSource.XO_RO_SHI_RO_128_PP);
        // Note: All methods implement scaling to ensure the magnitude can be computed.
        // Try very large or small numbers that will over/underflow to test that the
        // scaling
        // is consistent. Note that:
        // - log will set the real component using log(|z|). This will massively reduce
        // the magnitude when |z| >> 1. Highest accuracy will be when |z| is as large
        // as possible before computing the log.

        // No test around |z| == 1 as a high accuracy computation is required:
        // Math.log1p(x*x+y*y-1)

        // Each sample fails approximately 25% of the time if using a standard x^2+y^2 in
        // log()
        // and high accuracy representation in abs(). Use 100 samples to ensure the
        // behavior is OK.
        assertAbsVsLog(100,
            () -> Complex.ofCartesian(createFixedExponentNumber(rng, 1022), createFixedExponentNumber(rng, 1022)));
        assertAbsVsLog(100,
            () -> Complex.ofCartesian(createFixedExponentNumber(rng, -1022), createFixedExponentNumber(rng, -1022)));
    }",ComplexTest::testAbsVsLog_oe
commons-numbers_261,"@Test
    void testAcos_oe() {
        // acos(z) = (pi / 2) + i ln(iz + sqrt(1 - z^2))
        final String name = ""acos"";
        final UnaryOperator<Complex> operation = Complex::acos;

        // Edge cases are when values are big but not infinite and small but not zero.
        // Big and small are set using the limits in atanh.
        // A medium value is used to test outside the range of the CReferenceTest.
        // The results have been generated using g++ -std=c++11 acos.
        // xp1 * xm1 will overflow:
        final double huge = Math.sqrt(Double.MAX_VALUE) * 2;
        final double big = Math.sqrt(Double.MAX_VALUE) / 8;
        final double medium = 100;
        final double small = Math.sqrt(Double.MIN_NORMAL) * 4;
        assertComplex(huge, big, name, operation, 0.06241880999595735, -356.27960012801969);
        assertComplex(huge, medium, name, operation, 3.7291703656001039e-153, -356.27765080781188);
        assertComplex(huge, small, name, operation, 2.2250738585072019e-308, -356.27765080781188);
        assertComplex(big, big, name, operation, 0.78539816339744828, -353.85163567585209);
        assertComplex(big, medium, name, operation, 5.9666725849601662e-152, -353.50506208557209);
        assertComplex(big, small, name, operation, 3.560118173611523e-307, -353.50506208557209);
        assertComplex(medium, big, name, operation, 1.5707963267948966, -353.50506208557209);
        assertComplex(medium, medium, name, operation, 0.78541066339744181, -5.6448909570623842);
        assertComplex(medium, small, name, operation, 5.9669709409662999e-156, -5.298292365610485);
        assertComplex(small, big, name, operation, 1.5707963267948966, -353.50506208557209);
        assertComplex(small, medium, name, operation, 1.5707963267948966, -5.2983423656105888);
        assertComplex(small, small, name, operation, 1.5707963267948966, -5.9666725849601654e-154);
        // Additional cases to achieve full coverage
        // xm1 = 0
        assertComplex(1, small, name, operation, 2.4426773395109241e-77, -2.4426773395109241e-77);
        // https://svn.boost.org/trac10/ticket/7290
        assertComplex(1.00000002785941, 5.72464869028403e-200, name, operation, 2.4252018043912224e-196, -0.00023604834149293664);
    }",ComplexEdgeCaseTest::testAcos_oe
commons-numbers_262,"@Test
    void testAsin_oe() {
        // asin(z) = -i (ln(iz + sqrt(1 - z^2)))
        final String name = ""asin"";
        final UnaryOperator<Complex> operation = Complex::asin;

        // This method is essentially the same as acos and the edge cases are the same.
        // The results have been generated using g++ -std=c++11 asin.
        final double huge = Math.sqrt(Double.MAX_VALUE) * 2;
        final double big = Math.sqrt(Double.MAX_VALUE) / 8;
        final double medium = 100;
        final double small = Math.sqrt(Double.MIN_NORMAL) * 4;
        assertComplex(huge, big, name, operation, 1.5083775167989393, 356.27960012801969);
        assertComplex(huge, medium, name, operation, 1.5707963267948966, 356.27765080781188);
        assertComplex(huge, small, name, operation, 1.5707963267948966, 356.27765080781188);
        assertComplex(big, big, name, operation, 0.78539816339744828, 353.85163567585209);
        assertComplex(big, medium, name, operation, 1.5707963267948966, 353.50506208557209);
        assertComplex(big, small, name, operation, 1.5707963267948966, 353.50506208557209);
        assertComplex(medium, big, name, operation, 5.9666725849601662e-152, 353.50506208557209);
        assertComplex(medium, medium, name, operation, 0.78538566339745486, 5.6448909570623842);
        assertComplex(medium, small, name, operation, 1.5707963267948966, 5.298292365610485);
        assertComplex(small, big, name, operation, 3.560118173611523e-307, 353.50506208557209);
        assertComplex(small, medium, name, operation, 5.9663742737040751e-156, 5.2983423656105888);
        assertComplex(small, small, name, operation, 5.9666725849601654e-154, 5.9666725849601654e-154);
        // Additional cases to achieve full coverage
        // xm1 = 0
        assertComplex(1, small, name, operation, 1.5707963267948966, 2.4426773395109241e-77);
        // https://svn.boost.org/trac10/ticket/7290
        assertComplex(1.00000002785941, 5.72464869028403e-200, name, operation, 1.5707963267948966, 0.00023604834149293664);
    }",ComplexEdgeCaseTest::testAsin_oe
commons-numbers_263,"@Test
    void testAtanh_oe() {
        // atanh(z) = (1/2) ln((1 + z) / (1 - z))
        // Odd function: negative real cases defined by positive real cases
        final String name = ""atanh"";
        final UnaryOperator<Complex> operation = Complex::atanh;

        // Edge cases are when values are big but not infinite and small but not zero.
        // Big and small are set using the limits in atanh.
        // A medium value is used to test outside the range of the CReferenceTest.
        // It hits an edge case when x is big and y > 1.
        // The results have been generated using g++ -std=c++11 atanh.
        final double big = Math.sqrt(Double.MAX_VALUE) / 2;
        final double medium = 100;
        final double small = Math.sqrt(Double.MIN_NORMAL) * 2;
        assertComplex(big, big, name, operation, 7.4583407312002067e-155, 1.5707963267948966);
        assertComplex(big, medium, name, operation, 1.4916681462400417e-154, 1.5707963267948966);
        assertComplex(big, small, name, operation, 1.4916681462400417e-154, 1.5707963267948966);
        assertComplex(medium, big, name, operation, 2.225073858507202e-306, 1.5707963267948966);
        assertComplex(medium, medium, name, operation, 0.0049999166641667555, 1.5657962434640633);
        assertComplex(medium, small, name, operation, 0.010000333353334761, 1.5707963267948966);
        assertComplex(small, big, name, operation, 0, 1.5707963267948966);
        assertComplex(small, medium, name, operation, 2.9830379886812147e-158, 1.5607966601082315);
        assertComplex(small, small, name, operation, 2.9833362924800827e-154, 2.9833362924800827e-154);
        // Additional cases to achieve full coverage
        assertComplex(inf, big, name, operation, 0, 1.5707963267948966);
        assertComplex(big, inf, name, operation, 0, 1.5707963267948966);
    }",ComplexEdgeCaseTest::testAtanh_oe
commons-numbers_264,"@Test
    void testCosh_oe() {
        // cosh(a + b i) = cosh(a)cos(b) + i sinh(a)sin(b)
        // Even function: negative real cases defined by positive real cases
        final String name = ""cosh"";
        final UnaryOperator<Complex> operation = Complex::cosh;

        // Implementation defers to java.util.Math.
        // Hit edge cases for extreme values.
        final double big = Double.MAX_VALUE;
        final double medium = 2;
        final double small = Double.MIN_NORMAL;
        assertComplex(big, big, name, operation, -inf, inf);
        assertComplex(big, medium, name, operation, -inf, inf);
        assertComplex(big, small, name, operation, inf, inf);
        assertComplex(medium, big, name, operation, -3.7621493762972804, 0.017996317370418576);
        assertComplex(medium, medium, name, operation, -1.5656258353157435, 3.297894836311237);
        assertComplex(medium, small, name, operation, 3.7621956910836314, 8.0700322819551687e-308);
        assertComplex(small, big, name, operation, -0.99998768942655991, 1.1040715888508271e-310);
        assertComplex(small, medium, name, operation, -0.41614683654714241, 2.0232539340376892e-308);
        assertComplex(small, small, name, operation, 1, 0);

        // Overflow test.
        // Based on MATH-901 discussion of FastMath functionality.
        // https://issues.apache.org/jira/browse/MATH-901#comment-13500669
        // sinh(x)/cosh(x) can be approximated by exp(x) but must be overflow safe.

        // sinh(x) = sign(x) * e^|x| / 2 when x is large.
        // cosh(x) = e^|x| / 2 when x is large.
        // Thus e^|x| can overflow but e^|x| / 2 may not.
        // (e^|x| / 2) * sin/cos will always be smaller.
        final double tiny = Double.MIN_VALUE;
        final double x = 709.783;
        Assertions.assertEquals(inf, Math.exp(x));
        // As computed by GNU g++
        assertComplex(x, 0, name, operation, 8.9910466927705402e+307, 0.0);
        assertComplex(-x, 0, name, operation, 8.9910466927705402e+307, -0.0);
        // sub-normal number x:
        // cos(x) = 1 => real = (e^|x| / 2)
        // sin(x) = x => imaginary = x * (e^|x| / 2)
        assertComplex(x, small, name, operation, 8.9910466927705402e+307, 2.0005742956701358);
        assertComplex(-x, small, name, operation, 8.9910466927705402e+307, -2.0005742956701358);
        assertComplex(x, tiny, name, operation, 8.9910466927705402e+307, 4.4421672910524807e-16);
        assertComplex(-x, tiny, name, operation, 8.9910466927705402e+307, -4.4421672910524807e-16);
        // Should not overflow imaginary.
        assertComplex(2 * x, tiny, name, operation, inf, 7.9879467061901743e+292);
        assertComplex(-2 * x, tiny, name, operation, inf, -7.9879467061901743e+292);
        // Test when large enough to overflow any non-zero value to infinity. Result should be
        // as if x was infinite and y was finite.
        assertComplex(3 * x, tiny, name, operation, inf, inf);
        assertComplex(-3 * x, tiny, name, operation, inf, -inf);
        // pi / 2 x:
        // cos(x) = ~0 => real = x * (e^|x| / 2)
        // sin(x) = ~1 => imaginary = (e^|x| / 2)
        final double pi2 = Math.PI / 2;
        assertComplex(x, pi2, name, operation, 5.5054282766429199e+291, 8.9910466927705402e+307);
        assertComplex(-x, pi2, name, operation, 5.5054282766429199e+291, -8.9910466927705402e+307);
        assertComplex(2 * x, pi2, name, operation, inf, inf);
        assertComplex(-2 * x, pi2, name, operation, inf, -inf);
        // Test when large enough to overflow any non-zero value to infinity. Result should be
        // as if x was infinite and y was finite.
        assertComplex(3 * x, pi2, name, operation, inf, inf);
        assertComplex(-3 * x, pi2, name, operation, inf, -inf);
    }",ComplexEdgeCaseTest::testCosh_oe
commons-numbers_265,"@Test
    void testSinh_oe() {
        // sinh(a + b i) = sinh(a)cos(b) + i cosh(a)sin(b)
        // Odd function: negative real cases defined by positive real cases
        final String name = ""sinh"";
        final UnaryOperator<Complex> operation = Complex::sinh;

        // Implementation defers to java.util.Math.
        // Hit edge cases for extreme values.
        final double big = Double.MAX_VALUE;
        final double medium = 2;
        final double small = Double.MIN_NORMAL;
        assertComplex(big, big, name, operation, -inf, inf);
        assertComplex(big, medium, name, operation, -inf, inf);
        assertComplex(big, small, name, operation, inf, inf);
        assertComplex(medium, big, name, operation, -3.6268157591156114, 0.018667844927220067);
        assertComplex(medium, medium, name, operation, -1.5093064853236158, 3.4209548611170133);
        assertComplex(medium, small, name, operation, 3.626860407847019, 8.3711632828186228e-308);
        assertComplex(small, big, name, operation, -2.2250464665720564e-308, 0.004961954789184062);
        assertComplex(small, medium, name, operation, -9.2595744730151568e-309, 0.90929742682568171);
        assertComplex(small, small, name, operation, 2.2250738585072014e-308, 2.2250738585072014e-308);

        // Overflow test.
        // As per cosh with sign changes to real and imaginary

        // sinh(x) = sign(x) * e^|x| / 2 when x is large.
        // cosh(x) = e^|x| / 2 when x is large.
        // Thus e^|x| can overflow but e^|x| / 2 may not.
        // sinh(x) * sin/cos will always be smaller.
        final double tiny = Double.MIN_VALUE;
        final double x = 709.783;
        Assertions.assertEquals(inf, Math.exp(x));
        // As computed by GNU g++
        assertComplex(x, 0, name, operation, 8.9910466927705402e+307, 0.0);
        assertComplex(-x, 0, name, operation, -8.9910466927705402e+307, 0.0);
        // sub-normal number:
        // cos(x) = 1 => real = (e^|x| / 2)
        // sin(x) = x => imaginary = x * (e^|x| / 2)
        assertComplex(x, small, name, operation, 8.9910466927705402e+307, 2.0005742956701358);
        assertComplex(-x, small, name, operation, -8.9910466927705402e+307, 2.0005742956701358);
        assertComplex(x, tiny, name, operation, 8.9910466927705402e+307, 4.4421672910524807e-16);
        assertComplex(-x, tiny, name, operation, -8.9910466927705402e+307, 4.4421672910524807e-16);
        // Should not overflow imaginary.
        assertComplex(2 * x, tiny, name, operation, inf, 7.9879467061901743e+292);
        assertComplex(-2 * x, tiny, name, operation, -inf, 7.9879467061901743e+292);
        // Test when large enough to overflow any non-zero value to infinity. Result should be
        // as if x was infinite and y was finite.
        assertComplex(3 * x, tiny, name, operation, inf, inf);
        assertComplex(-3 * x, tiny, name, operation, -inf, inf);
        // pi / 2 x:
        // cos(x) = ~0 => real = x * (e^|x| / 2)
        // sin(x) = ~1 => imaginary = (e^|x| / 2)
        final double pi2 = Math.PI / 2;
        assertComplex(x, pi2, name, operation, 5.5054282766429199e+291, 8.9910466927705402e+307);
        assertComplex(-x, pi2, name, operation, -5.5054282766429199e+291, 8.9910466927705402e+307);
        assertComplex(2 * x, pi2, name, operation, inf, inf);
        assertComplex(-2 * x, pi2, name, operation, -inf, inf);
        // Test when large enough to overflow any non-zero value to infinity. Result should be
        // as if x was infinite and y was finite.
        assertComplex(3 * x, pi2, name, operation, inf, inf);
        assertComplex(-3 * x, pi2, name, operation, -inf, inf);
    }",ComplexEdgeCaseTest::testSinh_oe
commons-numbers_266,"@Test
    void testTanh_oe() {
        // tan(a + b i) = sinh(2a)/(cosh(2a)+cos(2b)) + i [sin(2b)/(cosh(2a)+cos(2b))]
        // Odd function: negative real cases defined by positive real cases
        final String name = ""tanh"";
        final UnaryOperator<Complex> operation = Complex::tanh;

        // Overflow on 2b:
        // cos(2b) = cos(inf) = NaN
        // sin(2b) = sin(inf) = NaN
        assertComplex(1, Double.MAX_VALUE, name, operation, 0.76160203106265523, -0.0020838895895863505);

        // Underflow on 2b:
        // cos(2b) -> 1
        // sin(2b) -> 0
        assertComplex(1, Double.MIN_NORMAL, name, operation, 0.76159415595576485, 9.344739287691424e-309);
        assertComplex(1, Double.MIN_VALUE, name, operation, 0.76159415595576485, 0);

        // Overflow on 2a:
        // sinh(2a) = sinh(inf) = inf
        // cosh(2a) = cosh(inf) = inf
        // Test all sign variants as this execution path to treat real as infinite
        // is not tested else where.
        assertComplex(Double.MAX_VALUE, 1, name, operation, 1, 0.0);
        assertComplex(Double.MAX_VALUE, -1, name, operation, 1, -0.0);
        assertComplex(-Double.MAX_VALUE, 1, name, operation, -1, 0.0);
        assertComplex(-Double.MAX_VALUE, -1, name, operation, -1, -0.0);

        // Underflow on 2a:
        // sinh(2a) -> 0
        // cosh(2a) -> 0
        assertComplex(Double.MIN_NORMAL, 1, name, operation, 7.6220323800193346e-308, 1.5574077246549021);
        assertComplex(Double.MIN_VALUE, 1, name, operation, 1.4821969375237396e-323, 1.5574077246549021);

        // Underflow test.
        // sinh(x) can be approximated by exp(x) but must be overflow safe.
        // im = 2 sin(2y) / e^2|x|
        // This can be computed when e^2|x| only just overflows.
        // Set a case where e^2|x| overflows but the imaginary can be computed
        double x = 709.783 / 2;
        double y = Math.PI / 4;
        Assertions.assertEquals(1.0, Math.sin(2 * y), 1e-16);
        Assertions.assertEquals(Double.POSITIVE_INFINITY, Math.exp(2 * x));
        // As computed by GNU g++
        assertComplex(x, y, name, operation, 1, 1.1122175583895849e-308);
    }",ComplexEdgeCaseTest::testTanh_oe
commons-numbers_267,"@Test
    void testExp_oe() {
        final String name = ""exp"";
        final UnaryOperator<Complex> operation = Complex::exp;

        // exp(a + b i) = exp(a) (cos(b) + i sin(b))

        // Overflow if exp(a) == inf
        assertComplex(1000, 0, name, operation, inf, 0.0);
        assertComplex(1000, 1, name, operation, inf, inf);
        assertComplex(1000, 2, name, operation, -inf, inf);
        assertComplex(1000, 3, name, operation, -inf, inf);
        assertComplex(1000, 4, name, operation, -inf, -inf);

        // Underflow if exp(a) == 0
        assertComplex(-1000, 0, name, operation, 0.0, 0.0);
        assertComplex(-1000, 1, name, operation, 0.0, 0.0);
        assertComplex(-1000, 2, name, operation, -0.0, 0.0);
        assertComplex(-1000, 3, name, operation, -0.0, 0.0);
        assertComplex(-1000, 4, name, operation, -0.0, -0.0);
    }",ComplexEdgeCaseTest::testExp_oe
commons-numbers_268,"@Test
    void testLog_oe() {
        final String name = ""log"";
        final UnaryOperator<Complex> operation = Complex::log;

        // ln(a + b i) = ln(|a + b i|) + i arg(a + b i)
        // |a + b i| = sqrt(a^2 + b^2)
        // arg(a + b i) = Math.atan2(imaginary, real)

        // Overflow if sqrt(a^2 + b^2) == inf.
        // Matlab computes this.
        assertComplex(-Double.MAX_VALUE, Double.MAX_VALUE, name, operation, 7.101292864836639e2, Math.PI * 3 / 4);
        assertComplex(Double.MAX_VALUE, Double.MAX_VALUE, name, operation, 7.101292864836639e2, Math.PI / 4);
        assertComplex(-Double.MAX_VALUE, Double.MAX_VALUE / 4, name, operation, 7.098130252042921e2, 2.896613990462929);
        assertComplex(Double.MAX_VALUE, Double.MAX_VALUE / 4, name, operation, 7.098130252042921e2, 2.449786631268641e-1, 2);

        // Underflow if sqrt(a^2 + b^2) -> 0
        assertComplex(-Double.MIN_NORMAL, Double.MIN_NORMAL, name, operation, -708.04984494198413, 2.3561944901923448);
        assertComplex(Double.MIN_NORMAL, Double.MIN_NORMAL, name, operation, -708.04984494198413, 0.78539816339744828);
        // Math.hypot(min, min) = min.
        // To compute the expected result do scaling of the actual hypot = sqrt(2).
        // log(a/n) = log(a) - log(n)
        // n = 2^1074 => log(a) - log(2) * 1074
        double expected = Math.log(Math.sqrt(2)) - Math.log(2) * 1074;
        assertComplex(-Double.MIN_VALUE, Double.MIN_VALUE, name, operation, expected, Math.atan2(1, -1));
        expected = Math.log(Math.sqrt(5)) - Math.log(2) * 1074;
        assertComplex(-Double.MIN_VALUE, 2 * Double.MIN_VALUE, name, operation, expected, Math.atan2(2, -1));

        // Imprecision if sqrt(a^2 + b^2) == 1 as log(1) is 0.
        // Method should switch to using log1p(x^2 + x^2 - 1) * 0.5.

        // In the following:
        // max = max(real, imaginary)
        // min = min(real, imaginary)

        // No cancellation error when max > 1

        assertLog(1.0001, Math.sqrt(1.2 - 1.0001 * 1.0001), 1);
        assertLog(1.0001, Math.sqrt(1.1 - 1.0001 * 1.0001), 1);
        assertLog(1.0001, Math.sqrt(1.02 - 1.0001 * 1.0001), 0);
        assertLog(1.0001, Math.sqrt(1.01 - 1.0001 * 1.0001), 0);

        // Cancellation error when max < 1.

        // Hard: 4 * min^2 < |max^2 - 1|
        // Gets harder as max is further from 1
        assertLog(0.99, 0.00001, 0);
        assertLog(0.95, 0.00001, 0);
        assertLog(0.9, 0.00001, 0);
        assertLog(0.85, 0.00001, 0);
        assertLog(0.8, 0.00001, 0);
        assertLog(0.75, 0.00001, 0);
        // At this point the log function does not use high precision computation
        assertLog(0.7, 0.00001, 2);

        // Very hard: 4 * min^2 > |max^2 - 1|

        // Radius 0.99
        assertLog(0.97, Math.sqrt(0.99 - 0.97 * 0.97), 0);
        // Radius 1.01
        assertLog(0.97, Math.sqrt(1.01 - 0.97 * 0.97), 0);

        // Massive relative error
        // Radius 0.9999
        assertLog(0.97, Math.sqrt(0.9999 - 0.97 * 0.97), 0);

        // polar numbers on a 1/8 circle with a magnitude close to 1.
        final int steps = 20;
        final double[] magnitude = {0.999, 1.0, 1.001};
        final int[] ulps = {0, 0, 1};
        for (int j = 0; j < magnitude.length; j++) {
            for (int i = 1; i <= steps; i++) {
                final double theta = i * Math.PI / (4 * steps);
                assertLog(magnitude[j] * Math.sin(theta), magnitude[j] * Math.cos(theta), ulps[j]);
            }
        }

        // cis numbers using an increasingly smaller angle
        double theta = Math.PI / (4 * steps);
        while (theta > 0) {
            theta /= 2;
            assertLog(Math.sin(theta), Math.cos(theta), 0);
        }

        // Extreme cases.
        final double up1 = Math.nextUp(1.0);
        final double down1 = Math.nextDown(1.0);
        assertLog(down1, Double.MIN_NORMAL, 0);
        assertLog(down1, Double.MIN_VALUE, 0);
        // No use of high-precision computation
        assertLog(up1, Double.MIN_NORMAL, 2);
        assertLog(up1, Double.MIN_VALUE, 2);

        // Add some cases known to fail without very high precision computation.
        // These have been found using randomly generated cis numbers and the
        // previous Dekker split-summation algorithm:
        // theta = rng.nextDouble()
        // x = Math.sin(theta)
        // y = Math.cos(theta)
        // Easy: <16 ulps with the Dekker summation
        assertLog(0.007640392270319105, 0.9999708117770016, 0);
        assertLog(0.40158433204881533, 0.9158220483548684, 0);
        assertLog(0.13258789214774552, 0.9911712520325727, 0);
        assertLog(0.2552206803398717, 0.9668828286441191, 0);
        // Hard: >1024 ulps with the Dekker summation
        assertLog(0.4650816500945186, 0.8852677892848919, 0);
        assertLog(0.06548693057069123, 0.9978534270745526, 0);
        assertLog(0.08223027214657339, 0.9966133564942327, 0);
        assertLog(0.06548693057069123, 0.9978534270745526, 0);
        assertLog(0.04590800199633988, 0.9989456718724518, 0);
        assertLog(0.3019636508581243, 0.9533194394118022, 0);
    }",ComplexEdgeCaseTest::testLog_oe
commons-numbers_269,"@Test
    void testSqrt_oe() {
        final String name = ""sqrt"";
        final UnaryOperator<Complex> operation = Complex::sqrt;

        // Test real/imaginary only numbers satisfy the definition using polar coordinates:
        // real = sqrt(abs()) * Math.cos(arg() / 2)
        // imag = sqrt(abs()) * Math.sin(arg() / 2)
        // However direct use of sin/cos will result in incorrect results due floating-point error.
        // This test asserts the on the closest result to the exact answer which is possible
        // if not using a simple polar computation.
        // Note: If this test fails in the set-up assertions it is due to a change in the
        // precision of java.util.Math.

        // For positive real-only the argument is +/-0.
        // For negative real-only the argument is +/-pi.
        Assertions.assertEquals(0, Math.atan2(0, 1));
        Assertions.assertEquals(Math.PI, Math.atan2(0, -1));
        // In both cases the trigonomic functions should be exact but
        // cos(pi/2) cannot be as pi/2 is not exact.
        final double cosArgRe = 1.0;
        final double sinArgRe = 0.0;
        Assertions.assertNotEquals(0.0, Math.cos(Math.PI / 2), ""Expected cos(pi/2) to be non-zero"");
        Assertions.assertEquals(0.0, Math.cos(Math.PI / 2), 6.123233995736766e-17);
        // For imaginary-only the argument is Math.atan2(y, 0) = +/- pi/2.
        Assertions.assertEquals(Math.PI / 2, Math.atan2(1, 0));
        Assertions.assertEquals(-Math.PI / 2, Math.atan2(-1, 0));
        // There is 1 ULP difference in the result of cos/sin of pi/4.
        // It should be sqrt(2) / 2 for both.
        final double cosArgIm = Math.cos(Math.PI / 4);
        final double sinArgIm = Math.sin(Math.PI / 4);
        final double root2over2 = Math.sqrt(2) / 2;
        final double ulp = Math.ulp(cosArgIm);
        Assertions.assertNotEquals(cosArgIm, sinArgIm, ""Expected cos(pi/4) to not exactly equal sin(pi/4)"");
        Assertions.assertEquals(root2over2, cosArgIm, 0, ""Expected cos(pi/4) to be sqrt(2) / 2"");
        Assertions.assertEquals(root2over2, sinArgIm, ulp, ""Expected sin(pi/4) to be 1 ulp from sqrt(2) / 2"");
        for (final double a : new double[] {0.5, 1.0, 1.2322, 345345.234523}) {
            final double rootA = Math.sqrt(a);
            assertComplex(a, 0, name, operation, rootA * cosArgRe, rootA * sinArgRe, 0);
            // This should be exact. It will fail if using the polar computation
            // real = sqrt(abs()) * Math.cos(arg() / 2) as cos(pi/2) is not 0.0 but 6.123233995736766e-17
            assertComplex(-a, 0, name, operation, rootA * sinArgRe, rootA * cosArgRe, 0);
            // This should be exact. It won't be if Complex is using polar computation
            // with sin/cos which does not output the same result for angle pi/4.
            assertComplex(0, a, name, operation, rootA * root2over2, rootA * root2over2, 0);
            assertComplex(0, -a, name, operation, rootA * root2over2, -rootA * root2over2, 0);
        }

        // Check overflow safe.
        double a = Double.MAX_VALUE;
        final double b = a / 4;
        Assertions.assertEquals(inf, Complex.ofCartesian(a, b).abs(), ""Expected overflow"");
        // The expected absolute value has been computed using BigDecimal on Java 9
        //final double newAbs = new BigDecimal(a).multiply(new BigDecimal(a)).add(
        //                      new BigDecimal(b).multiply(new BigDecimal(b)))
        //                     .sqrt(MathContext.DECIMAL128).sqrt(MathContext.DECIMAL128).doubleValue()
        final double newAbs = 1.3612566508088272E154;
        assertComplex(a, b, name, operation, newAbs * Math.cos(0.5 * Math.atan2(b, a)),
                                             newAbs * Math.sin(0.5 * Math.atan2(b, a)), 3);
        assertComplex(b, a, name, operation, newAbs * Math.cos(0.5 * Math.atan2(a, b)),
                                             newAbs * Math.sin(0.5 * Math.atan2(a, b)), 2);

        // Note that the computation is possible in polar coords if abs() does not overflow.
        a = Double.MAX_VALUE / 2;
        assertComplex(-a, a, name, operation, 4.3145940638864765e+153, 1.0416351505169177e+154, 2);
        assertComplex(a, a, name, operation, 1.0416351505169177e+154, 4.3145940638864758e+153);
        assertComplex(-a, -a, name, operation, 4.3145940638864765e+153,  -1.0416351505169177e+154, 2);
        assertComplex(a, -a, name, operation, 1.0416351505169177e+154, -4.3145940638864758e+153);

        // Check minimum normal value conditions
        // Computing in polar coords produces a very different result with
        // MIN_VALUE so use MIN_NORMAL
        a = Double.MIN_NORMAL;
        assertComplex(-a, a, name, operation, 6.7884304867749663e-155, 1.6388720948399111e-154);
        assertComplex(a, a, name, operation, 1.6388720948399111e-154, 6.7884304867749655e-155);
        assertComplex(-a, -a, name, operation, 6.7884304867749663e-155, -1.6388720948399111e-154);
        assertComplex(a, -a, name, operation, 1.6388720948399111e-154, -6.7884304867749655e-155);
    }",ComplexEdgeCaseTest::testSqrt_oe
commons-numbers_270,"@Test
    void testDivide_oe() {
        final String name = ""divide"";
        final BiFunction<Complex, Complex, Complex> operation = Complex::divide;

        // Should be able to divide by a complex whose absolute (c*c+d*d)
        // overflows or underflows including all sub-normal numbers.

        // Worst case is using Double.MIN_VALUE
        // Should normalise c and d to range [1, 2) resulting in:
        // c = d = 1
        // c * c + d * d = 2
        // scaled x = (a * c + b * d) / denom = Double.MIN_VALUE
        // scaled y = (b * c - a * d) / denom = 0
        // The values are rescaled by 1023 + 51 (shift the last bit of the 52 bit mantissa)
        double x = Math.scalb(Double.MIN_VALUE, 1023 + 51);
        Assertions.assertEquals(1.0, x);
        // In other words the result is (x+iy) / (x+iy) = (1+i0)
        // The result is the same if imaginary is zero (i.e. a real only divide)

        assertComplex(Double.MAX_VALUE, Double.MAX_VALUE, Double.MAX_VALUE, Double.MAX_VALUE, name, operation, 1.0, 0.0);
        assertComplex(Double.MAX_VALUE, 0.0, Double.MAX_VALUE, 0.0, name, operation, 1.0, 0.0);

        assertComplex(1.0, 1.0, 1.0, 1.0, name, operation, 1.0, 0.0);
        assertComplex(1.0, 0.0, 1.0, 0.0, name, operation, 1.0, 0.0);
        // Should work for all small values
        x = Double.MIN_NORMAL;
        while (x != 0) {
            assertComplex(x, x, x, x, name, operation, 1.0, 0.0);
            assertComplex(x, 0, x, 0, name, operation, 1.0, 0.0);
            x /= 2;
        }

        // Some cases of not self-divide
        assertComplex(1, 1, Double.MIN_VALUE, Double.MIN_VALUE, name, operation, inf, 0);
        // As computed by GNU g++
        assertComplex(Double.MIN_NORMAL, Double.MIN_NORMAL, Double.MIN_VALUE, Double.MIN_VALUE, name, operation, 4503599627370496L, 0);
        assertComplex(Double.MIN_VALUE, Double.MIN_VALUE, Double.MIN_NORMAL, Double.MIN_NORMAL, name, operation, 2.2204460492503131e-16, 0);
    }",ComplexEdgeCaseTest::testDivide_oe
commons-numbers_271,"@Test
    void testPow_oe() {
        final String name = ""pow"";
        final BiFunction<Complex, Complex, Complex> operation = Complex::pow;

        // pow(Complex) is log().multiply(Complex).exp()
        // All are overflow safe and handle infinities as defined in the C99 standard.
        // TODO: Test edge cases with:
        // Double.MAX_VALUE, Double.MIN_NORMAL, Inf
        // using other library implementations.

        // Test NaN
        assertComplex(1, 1, nan, nan, name, operation, nan, nan);
        assertComplex(nan, nan, 1, 1, name, operation, nan, nan);
        assertComplex(nan, 1, 1, 1, name, operation, nan, nan);
        assertComplex(1, nan, 1, 1, name, operation, nan, nan);
        assertComplex(1, 1, nan, 1, name, operation, nan, nan);
        assertComplex(1, 1, 1, nan, name, operation, nan, nan);

        // Test overflow.
        assertComplex(Double.MAX_VALUE, 1, 2, 2, name, operation, inf, -inf);
        assertComplex(1, Double.MAX_VALUE, 2, 2, name, operation, -inf, inf);
    }",ComplexEdgeCaseTest::testPow_oe
commons-numbers_272,"@Test
    void testConstants_oe() {
        Assertions.assertEquals(0d, Angle.Turn.ZERO.getAsDouble());
        Assertions.assertEquals(0d, Angle.Rad.ZERO.getAsDouble());
        Assertions.assertEquals(0d, Angle.Deg.ZERO.getAsDouble());
        Assertions.assertEquals(Math.PI, Angle.Rad.PI.getAsDouble());
        Assertions.assertEquals(2 * Math.PI, Angle.Rad.TWO_PI.getAsDouble());
        Assertions.assertEquals(2 * Math.PI, Angle.TWO_PI);
        Assertions.assertEquals(Math.PI / 2, Angle.PI_OVER_TWO);
    }",AngleTest::testConstants_oe
commons-numbers_273,"@Test
    void testConversions_oe() {
        final double a = 12.3456;
        final double tol = 1e-14;
        Angle.Turn t = Angle.Turn.of(a);
        Angle.Rad r = Angle.Rad.of(a);
        Angle.Deg d = Angle.Deg.of(a);
        Assertions.assertSame(t, t.toTurn());
        Assertions.assertSame(r, r.toRad());
        Assertions.assertSame(d, d.toDeg());
        Assertions.assertEquals(a, t.toRad().toDeg().toTurn().getAsDouble(), tol);
        Assertions.assertEquals(a, r.toTurn().toDeg().toRad().getAsDouble(), tol);
        Assertions.assertEquals(a, d.toTurn().toRad().toDeg().getAsDouble(), tol);
    }",AngleTest::testConversions_oe
commons-numbers_274,"@Test
    void testEquals_oe() {
        final double value = -12.3456789;
        final double nextValue = Math.nextUp(value);

        final Angle.Turn asTurn = Angle.Turn.of(value);
        Assertions.assertEquals(Angle.Turn.of(value), asTurn);
        Assertions.assertEquals(asTurn, asTurn);
        Assertions.assertNotEquals(asTurn, Angle.Turn.of(nextValue));
        Assertions.assertNotEquals(asTurn, null);

        final Angle.Rad asRad = Angle.Rad.of(value);
        Assertions.assertEquals(Angle.Rad.of(value), asRad);
        Assertions.assertEquals(asRad, asRad);
        Assertions.assertNotEquals(asRad, Angle.Rad.of(nextValue));
        Assertions.assertNotEquals(asRad, null);

        final Angle.Deg asDeg = Angle.Deg.of(value);
        Assertions.assertEquals(Angle.Deg.of(value), asDeg);
        Assertions.assertEquals(asDeg, asDeg);
        Assertions.assertNotEquals(asDeg, Angle.Deg.of(nextValue));
        Assertions.assertNotEquals(asDeg, null);

        Assertions.assertNotEquals(asDeg, asTurn);
        Assertions.assertNotEquals(asTurn, asRad);
        Assertions.assertNotEquals(asRad, asDeg);
    }",AngleTest::testEquals_oe
commons-numbers_275,"@Test
    void testNormalizeRadians_oe() {
        final double twopi = 2 * Math.PI;
        for (double a = -15.0; a <= 15.0; a += 0.1) {
            for (double b = -15.0; b <= 15.0; b += 0.2) {
                final double c = Angle.Rad.normalizer(b).applyAsDouble(a);
                Assertions.assertTrue(b <= c);
                Assertions.assertTrue(c <= b + twopi);
                double twoK = Math.rint((a - c) / Math.PI);
                Assertions.assertEquals(c, a - twoK * Math.PI, 1e-14);
            }
        }
    }",AngleTest::testNormalizeRadians_oe
commons-numbers_276,"@Test
    void testNormalizeAboveZero1_oe() {
        final double value = 1.25;
        final double expected = 0.25;
        final double actual = Angle.Turn.WITHIN_0_AND_1.applyAsDouble(value);
        final double tol = Math.ulp(expected);
        Assertions.assertEquals(expected, actual, tol);
    }",AngleTest::testNormalizeAboveZero1_oe
commons-numbers_277,"@Test
    void testNormalizeAboveZero2_oe() {
        final double value = -0.75;
        final double expected = 0.25;
        final double actual = Angle.Turn.WITHIN_0_AND_1.applyAsDouble(value);
        final double tol = Math.ulp(expected);
        Assertions.assertEquals(expected, actual, tol);
    }",AngleTest::testNormalizeAboveZero2_oe
commons-numbers_278,"@Test
    void testNormalizeAboveZero3_oe() {
        final double value = -0.5 + 1e-10;
        final double expected = 0.5 + 1e-10;
        final double actual = Angle.Turn.WITHIN_0_AND_1.applyAsDouble(value);
        final double tol = Math.ulp(expected);
        Assertions.assertEquals(expected, actual, tol);
    }",AngleTest::testNormalizeAboveZero3_oe
commons-numbers_279,"@Test
    void testNormalizeAroundZero_oe() {
        final double value = 5 * Math.PI / 4;
        final double expected = Math.PI * (1d / 4 - 1);
        final double actual = Angle.Rad.WITHIN_MINUS_PI_AND_PI.applyAsDouble(value);
        final double tol = Math.ulp(expected);
        Assertions.assertEquals(expected, actual, tol);
    }",AngleTest::testNormalizeAroundZero_oe
commons-numbers_280,"@Test
    void testNormalizeVeryCloseToBounds_oe() {
        final DoubleUnaryOperator nZero = Angle.Rad.WITHIN_MINUS_PI_AND_PI;
        final DoubleUnaryOperator nPi = Angle.Rad.WITHIN_0_AND_2PI;

        // arrange
        final double pi = Math.PI;
        double small = Math.ulp(Angle.TWO_PI);
        double tiny = 5e-17; // pi + tiny = pi (the value is too small to add to pi)

        // act/assert
        Assertions.assertEquals(Angle.TWO_PI - small, nPi.applyAsDouble(-small));
        Assertions.assertEquals(small, nPi.applyAsDouble(small));

        Assertions.assertEquals(pi - small, nZero.applyAsDouble(-pi - small));
        Assertions.assertEquals(-pi + small, nZero.applyAsDouble(pi + small));

        Assertions.assertEquals(0d, nPi.applyAsDouble(-tiny));
        Assertions.assertEquals(tiny, nPi.applyAsDouble(tiny));

        Assertions.assertEquals(-pi, nZero.applyAsDouble(-pi - tiny));
        Assertions.assertEquals(-pi, nZero.applyAsDouble(pi + tiny));
    }",AngleTest::testNormalizeVeryCloseToBounds_oe
commons-numbers_281,"@Test
    void testHashCode_oe() {
        // Test assumes that the internal representation is in ""turns"".
        final double value = -123.456789;
        final int expected = Double.valueOf(value).hashCode();
        final int actual = Angle.Turn.of(value).hashCode();
        Assertions.assertEquals(actual, expected);
    }",AngleTest::testHashCode_oe
commons-numbers_282,"@Test
    void testZero_oe() {
        Assertions.assertEquals(0, Angle.Rad.ZERO.getAsDouble());
    }",AngleTest::testZero_oe
commons-numbers_283,"@Test
    void testPi_oe() {
        Assertions.assertEquals(Math.PI, Angle.Rad.PI.getAsDouble());
    }",AngleTest::testPi_oe
commons-numbers_284,"@Test
    void testNormalizeRetainsInputPrecision_oe() {
        final double aboveZero = Math.nextUp(0);
        final double belowZero = Math.nextDown(0);

        Assertions.assertEquals(aboveZero,Angle.Rad.WITHIN_MINUS_PI_AND_PI.applyAsDouble(aboveZero));
        Assertions.assertEquals(aboveZero,Angle.Rad.WITHIN_0_AND_2PI.applyAsDouble(aboveZero));

        Assertions.assertEquals(belowZero,Angle.Rad.WITHIN_MINUS_PI_AND_PI.applyAsDouble(belowZero));
        Assertions.assertEquals(0,Angle.Rad.WITHIN_0_AND_2PI.applyAsDouble(belowZero));
    }",AngleTest::testNormalizeRetainsInputPrecision_oe
commons-numbers_285,"@Test
    void testNormalizePreciseLowerBound_oe() {
        final double x = Math.PI / 3;
        final double above = Math.nextUp(x);
        final double below = Math.nextDown(x);

        final DoubleUnaryOperator normalizer = Angle.Rad.normalizer(x);

        Assertions.assertEquals(x, normalizer.applyAsDouble(x));
        Assertions.assertEquals(above, normalizer.applyAsDouble(above));

        // ""below"" is so close to ""x"" that below + Math.PI = x + Math.PI
        // In this case, we can't return below + Math.PI because that is exactly equal to the
        // upper bound of the range. Instead, we must return the lower bound of x.
        Assertions.assertEquals(x, normalizer.applyAsDouble(below));
    }",AngleTest::testNormalizePreciseLowerBound_oe
commons-numbers_286,"@Test
    void testCosAngle2D_oe() {
        double expected;

        final double[] v1 = {1, 0};
        expected = 1;
        Assertions.assertEquals(expected, CosAngle.value(v1, v1));

        final double[] v2 = {0, 1};
        expected = 0;
        Assertions.assertEquals(expected, CosAngle.value(v1, v2));

        final double[] v3 = {7, 7};
        expected = Math.sqrt(2) / 2;
        Assertions.assertEquals(expected, CosAngle.value(v1, v3), 1e-15);
        Assertions.assertEquals(expected, CosAngle.value(v3, v2), 1e-15);

        final double[] v4 = {-5, 0};
        expected = -1;
        Assertions.assertEquals(expected, CosAngle.value(v1, v4));

        final double[] v5 = {-100, 100};
        expected = 0;
        Assertions.assertEquals(expected, CosAngle.value(v3, v5));
    }",CosAngleTest::testCosAngle2D_oe
commons-numbers_287,"@Test
    void testCosAngle3D_oe() {
        double expected;

        final double[] v1 = {1, 1, 0};
        expected = 1;
        Assertions.assertEquals(expected, CosAngle.value(v1, v1), 1e-15);

        final double[] v2 = {1, 1, 1};
        expected = Math.sqrt(2) / Math.sqrt(3);
        Assertions.assertEquals(expected, CosAngle.value(v1, v2), 1e-15);
    }",CosAngleTest::testCosAngle3D_oe
commons-numbers_288,"@Test
    void testCosAngleExtreme_oe() {
        double expected;

        final double tiny = 1e-200;
        final double[] v1 = {tiny, tiny};
        final double big = 1e200;
        final double[] v2 = {-big, -big};
        expected = -1;
        Assertions.assertEquals(expected, CosAngle.value(v1, v2), 1e-15);

        final double[] v3 = {big, -big};
        expected = 0;
        Assertions.assertEquals(expected, CosAngle.value(v1, v3), 1e-15);
    }",CosAngleTest::testCosAngleExtreme_oe
commons-numbers_289,"@Test
    void testCosAngle_dimensionMismatch_oe() {
        final double[] a = {1.0};
        final double[] b = {1.0, 2.0};

        Assertions.assertThrows(IllegalArgumentException.class, () -> {
            CosAngle.value(a, b);
        });
    }",CosAngleTest::testCosAngle_dimensionMismatch_oe
commons-numbers_290,"@Test
    void testReduce_oe() {
        final double period = 12.222;
        final double offset = 13456.789;

        final double delta = 1.5;

        double orig = offset + 122456789 * period + delta;
        double expected = delta;

        final Reduce r = new Reduce(offset, period);
        Assertions.assertEquals(expected,r.applyAsDouble(orig),1e-7);

        orig = offset - 123356789 * period - delta;
        expected = Math.abs(period) - delta;
        Assertions.assertEquals(expected,r.applyAsDouble(orig),1e-6);

        orig = offset - 123446789 * period + delta;
        expected = delta;
        Assertions.assertEquals(expected,r.applyAsDouble(orig),1e-6);
    }",ReduceTest::testReduce_oe
commons-numbers_291,"@Test
    void testNaN_oe() {
        final double[] values = new double[] {
            12.345, -9876.5, Double.NaN, Double.POSITIVE_INFINITY, Double.NEGATIVE_INFINITY
        };

        for (double offset : values) {
            for (double period : values) {
                for (double x : values) {
                    final boolean expectedNaN = Double.isNaN(x) || Double.isInfinite(x) ||
                        Double.isNaN(period) || Double.isInfinite(period) ||
                        Double.isNaN(offset) || Double.isInfinite(offset);

                    final double v = new Reduce(offset, period).applyAsDouble(x);
                    if (expectedNaN) {
                        Assertions.assertTrue(Double.isNaN(v));
                    } else {
                        Assertions.assertFalse(Double.isNaN(v));
                    }
                }
            }
        }
    }",ReduceTest::testNaN_oe
commons-numbers_292,"@Test
    void testReduceNegativePeriod_oe() {
        final double period = 12.222;
        final double offset = 13;
        final double delta = 1.5;
        double orig = offset + 122456789 * period + delta;
        double expected = delta;

        final Reduce r1 = new Reduce(offset, period);
        final Reduce r2 = new Reduce(offset, -period);
        Assertions.assertEquals(expected,r1.applyAsDouble(orig),1e-7);
        Assertions.assertEquals(r1.applyAsDouble(orig),r2.applyAsDouble(orig),0d);
    }",ReduceTest::testReduceNegativePeriod_oe
commons-numbers_293,"@Test
    void testReduceComparedWithNormalize_oe() {
        final double period = 2 * Math.PI;
        for (double lo = -15; lo <= 15; lo += 1) {
            final DoubleUnaryOperator n = Angle.Rad.normalizer(lo);
            final Reduce reduce = new Reduce(lo, period);
            for (double a = -15; a <= 15; a += 0.5) {
                final double nA = n.applyAsDouble(a);
                final double r = reduce.applyAsDouble(a) + lo;
                Assertions.assertEquals(nA,r,Math.ulp(nA),""a="" + a + "" lo="" + lo);
            }
        }
    }",ReduceTest::testReduceComparedWithNormalize_oe
commons-numbers_294,"@Test
    void testConstants_oe() {
        assertEquals(0, Fraction.ZERO.getNumerator());
        assertEquals(1, Fraction.ZERO.getDenominator());

        assertEquals(1, Fraction.ONE.getNumerator());
        assertEquals(1, Fraction.ONE.getDenominator());

        /*
         *  All these constants need not be supported.
         *  Users can create whatever constants they require.
         *  The special constants ZERO and ONE are for the additive and multiplicative identity.
         *
         *  assertEquals(1, Fraction.ONE_HALF.getNumerator());
         *  assertEquals(2, Fraction.ONE_HALF.getDenominator());
         *
         *  assertEquals(1, Fraction.ONE_THIRD.getNumerator());
         *  assertEquals(3, Fraction.ONE_THIRD.getDenominator());
         *
         *  assertEquals(2, Fraction.TWO_THIRDS.getNumerator());
         *  assertEquals(3, Fraction.TWO_THIRDS.getDenominator());
         *
         *  assertEquals(1, Fraction.ONE_QUARTER.getNumerator());
         *  assertEquals(4, Fraction.ONE_QUARTER.getDenominator());
         *
         *  assertEquals(1, Fraction.TWO_QUARTERS.getNumerator());
         *  assertEquals(2, Fraction.TWO_QUARTERS.getDenominator());
         *
         *  assertEquals(3, Fraction.THREE_QUARTERS.getNumerator());
         *  assertEquals(4, Fraction.THREE_QUARTERS.getDenominator());
         *
         *  assertEquals(1, Fraction.ONE_FIFTH.getNumerator());
         *  assertEquals(5, Fraction.ONE_FIFTH.getDenominator());
         *
         *  assertEquals(2, Fraction.TWO_FIFTHS.getNumerator());
         *  assertEquals(5, Fraction.TWO_FIFTHS.getDenominator());
         *
         *  assertEquals(3, Fraction.THREE_FIFTHS.getNumerator());
         *  assertEquals(5, Fraction.THREE_FIFTHS.getDenominator());
         *
         *  assertEquals(4, Fraction.FOUR_FIFTHS.getNumerator());
         *  assertEquals(5, Fraction.FOUR_FIFTHS.getDenominator());
         */
    }",CommonsLangPortedFractionTest::testConstants_oe
commons-numbers_295,"@Test
    void testFactory_int_int_oe() {
        Fraction f = null;

        // zero
        f = Fraction.of(0, 1);
        assertEquals(0, f.getNumerator());
        assertEquals(1, f.getDenominator());

        f = Fraction.of(0, 2);
        assertEquals(0, f.getNumerator());
        assertEquals(1, f.getDenominator());

        // normal
        f = Fraction.of(1, 1);
        assertEquals(1, f.getNumerator());
        assertEquals(1, f.getDenominator());

        f = Fraction.of(2, 1);
        assertEquals(2, f.getNumerator());
        assertEquals(1, f.getDenominator());

        f = Fraction.of(23, 345);
        assertEquals(1, f.getNumerator());
        assertEquals(15, f.getDenominator());

        // improper
        f = Fraction.of(22, 7);
        assertEquals(22, f.getNumerator());
        assertEquals(7, f.getDenominator());

        // negatives
        f = Fraction.of(-6, 10);
        assertEquals(-3, f.getNumerator());
        assertEquals(5, f.getDenominator());

        f = Fraction.of(6, -10);
        assertEquals(3, f.getNumerator());
        assertEquals(-5, f.getDenominator());

        f = Fraction.of(-6, -10);
        assertEquals(-3, f.getNumerator());
        assertEquals(-5, f.getDenominator());

        // zero denominator
        assertThrows(ArithmeticException.class, () -> Fraction.of(1, 0));
        assertThrows(ArithmeticException.class, () -> Fraction.of(2, 0));
        assertThrows(ArithmeticException.class, () -> Fraction.of(-3, 0));

        // lang cannot represent the unsimplified fraction with MIN_VALUE as the denominator
        // assertThrows(ArithmeticException.class, () -> Fraction.getFraction(4, Integer.MIN_VALUE));
        // assertThrows(ArithmeticException.class, () -> Fraction.getFraction(1, Integer.MIN_VALUE));
        // numbers will always simplify the fraction
        f = Fraction.of(4, Integer.MIN_VALUE);
        assertEquals(-1, f.signum());
        assertEquals(1, f.getNumerator());
        assertEquals(Integer.MIN_VALUE / 4, f.getDenominator());
        // numbers can use MIN_VALUE as the denominator
        f = Fraction.of(1, Integer.MIN_VALUE);
        assertEquals(-1, f.signum());
        assertEquals(1, f.getNumerator());
        assertEquals(Integer.MIN_VALUE, f.getDenominator());
    }",CommonsLangPortedFractionTest::testFactory_int_int_oe
commons-numbers_296,"@Test
    void testReducedFactory_int_int_oe() {
        Fraction f = null;

        // zero
        f = Fraction.of(0, 1);
        assertEquals(0, f.getNumerator());
        assertEquals(1, f.getDenominator());

        // normal
        f = Fraction.of(1, 1);
        assertEquals(1, f.getNumerator());
        assertEquals(1, f.getDenominator());

        f = Fraction.of(2, 1);
        assertEquals(2, f.getNumerator());
        assertEquals(1, f.getDenominator());

        // improper
        f = Fraction.of(22, 7);
        assertEquals(22, f.getNumerator());
        assertEquals(7, f.getDenominator());

        // negatives
        f = Fraction.of(-6, 10);
        assertEquals(-3, f.getNumerator());
        assertEquals(5, f.getDenominator());

        f = Fraction.of(6, -10);
        assertEquals(3, f.getNumerator());
        assertEquals(-5, f.getDenominator());

        f = Fraction.of(-6, -10);
        assertEquals(-3, f.getNumerator());
        assertEquals(-5, f.getDenominator());

        // zero denominator
        assertThrows(ArithmeticException.class, () -> Fraction.of(1, 0));
        assertThrows(ArithmeticException.class, () -> Fraction.of(2, 0));
        assertThrows(ArithmeticException.class, () -> Fraction.of(-3, 0));

        // reduced
        f = Fraction.of(0, 2);
        assertEquals(0, f.getNumerator());
        assertEquals(1, f.getDenominator());

        f = Fraction.of(2, 2);
        assertEquals(1, f.getNumerator());
        assertEquals(1, f.getDenominator());

        f = Fraction.of(2, 4);
        assertEquals(1, f.getNumerator());
        assertEquals(2, f.getDenominator());

        f = Fraction.of(15, 10);
        assertEquals(3, f.getNumerator());
        assertEquals(2, f.getDenominator());

        f = Fraction.of(121, 22);
        assertEquals(11, f.getNumerator());
        assertEquals(2, f.getDenominator());

        // Extreme values
        // OK, can reduce before negating
        f = Fraction.of(-2, Integer.MIN_VALUE);
        assertEquals(-1, f.getNumerator());
        assertEquals(Integer.MIN_VALUE / 2, f.getDenominator());

        // lang requires the sign to be in the numerator so this would throw.
        // assertThrows(ArithmeticException.class, () -> Fraction.getReducedFraction(-7, Integer.MIN_VALUE));
        // numbers allows the sign to be in the denominator so this does not throw.
        f = Fraction.of(-7, Integer.MIN_VALUE);
        assertEquals(1, f.signum());
        assertEquals(-7, f.getNumerator());
        assertEquals(Integer.MIN_VALUE, f.getDenominator());

        // LANG-662
        f = Fraction.of(Integer.MIN_VALUE, 2);
        assertEquals(Integer.MIN_VALUE / 2, f.getNumerator());
        assertEquals(1, f.getDenominator());
    }",CommonsLangPortedFractionTest::testReducedFactory_int_int_oe
commons-numbers_297,"@Test
    void testFactory_double_oe() {
        assertThrows(IllegalArgumentException.class, () -> Fraction.from(Double.NaN));
        assertThrows(IllegalArgumentException.class, () -> Fraction.from(Double.POSITIVE_INFINITY));
        assertThrows(IllegalArgumentException.class, () -> Fraction.from(Double.NEGATIVE_INFINITY));
        Fraction.from((double) Integer.MAX_VALUE + 1);

        // zero
        Fraction f = Fraction.from(0.0d);
        assertEquals(0, f.getNumerator());
        assertEquals(1, f.getDenominator());

        // one
        f = Fraction.from(1.0d);
        assertEquals(1, f.getNumerator());
        assertEquals(1, f.getDenominator());

        // one half
        f = Fraction.from(0.5d);
        assertEquals(1, f.getNumerator());
        assertEquals(2, f.getDenominator());

        // negative
        f = Fraction.from(-0.875d);
        assertEquals(-7, f.getNumerator());
        assertEquals(8, f.getDenominator());

        // over 1
        f = Fraction.from(1.25d);
        assertEquals(5, f.getNumerator());
        assertEquals(4, f.getDenominator());

        // two thirds
        f = Fraction.from(0.66666d);
        assertEquals(2, f.getNumerator());
        assertEquals(3, f.getDenominator());

        // small
        f = Fraction.from(1.0d / 10001d);
        assertEquals(1, f.getNumerator());
        assertEquals(10001, f.getDenominator());

        // normal
        Fraction f2 = null;
        for (int i = 1; i <= 100; i++) {  // denominator
            for (int j = 1; j <= i; j++) {  // numerator
                f = Fraction.from((double) j / (double) i);

                f2 = Fraction.of(j, i);
                assertEquals(f2.getNumerator(), f.getNumerator());
                assertEquals(f2.getDenominator(), f.getDenominator());
            }
        }
        // save time by skipping some tests!  (
        for (int i = 1001; i <= 10000; i += SKIP) {  // denominator
            for (int j = 1; j <= i; j++) {  // numerator
                f = Fraction.from((double) j / (double) i, 1e-8, 100);
                f2 = Fraction.of(j, i);
                assertEquals(f2.getNumerator(), f.getNumerator());
                assertEquals(f2.getDenominator(), f.getDenominator());
            }
        }
    }",CommonsLangPortedFractionTest::testFactory_double_oe
commons-numbers_298,"@Test
    void testNegate_oe() {
        Fraction f = null;

        f = Fraction.of(50, 75);
        f = f.negate();
        assertEquals(-2, f.getNumerator());
        assertEquals(3, f.getDenominator());

        f = Fraction.of(-50, 75);
        f = f.negate();
        assertEquals(2, f.getNumerator());
        assertEquals(3, f.getDenominator());

        // large values
        f = Fraction.of(Integer.MAX_VALUE - 1, Integer.MAX_VALUE);
        f = f.negate();
        assertEquals(Integer.MIN_VALUE + 2, f.getNumerator());
        assertEquals(Integer.MAX_VALUE, f.getDenominator());

        // lang requires the sign in the numerator and so cannot negate MIN_VALUE as the numerator
        // assertThrows(ArithmeticException.class, () -> Fraction.getFraction(Integer.MIN_VALUE, 1).negate());
        // numbers allows the sign in the numerator or denominator
        f = Fraction.of(Integer.MIN_VALUE, 1).negate();
        assertEquals(1, f.signum());
        assertEquals(Integer.MIN_VALUE, f.getNumerator());
        assertEquals(-1, f.getDenominator());
    }",CommonsLangPortedFractionTest::testNegate_oe
commons-numbers_299,"@Test
    void testAbs_oe() {
        Fraction f = null;

        f = Fraction.of(50, 75);
        f = f.abs();
        assertEquals(2, f.getNumerator());
        assertEquals(3, f.getDenominator());

        f = Fraction.of(-50, 75);
        f = f.abs();
        assertEquals(2, f.getNumerator());
        assertEquals(3, f.getDenominator());

        f = Fraction.of(Integer.MAX_VALUE, 1);
        f = f.abs();
        assertEquals(Integer.MAX_VALUE, f.getNumerator());
        assertEquals(1, f.getDenominator());

        f = Fraction.of(Integer.MAX_VALUE, -1);
        f = f.abs();
        assertEquals(-Integer.MAX_VALUE, f.getNumerator());
        assertEquals(-1, f.getDenominator());

        // lang requires the sign in the numerator and so cannot compute the absolute with MIN_VALUE as the numerator
        // assertThrows(ArithmeticException.class, () -> Fraction.getFraction(Integer.MIN_VALUE, 1).abs());
        // numbers allows the sign in the numerator or denominator
        f = Fraction.of(Integer.MIN_VALUE, 1).abs();
        assertEquals(1, f.signum());
        assertEquals(Integer.MIN_VALUE, f.getNumerator());
        assertEquals(-1, f.getDenominator());
    }",CommonsLangPortedFractionTest::testAbs_oe
commons-numbers_300,"@Test
    void testPow_oe() {
        Fraction f = null;

        f = Fraction.of(3, 5);
        assertEquals(Fraction.ONE, f.pow(0));

        f = Fraction.of(3, 5);
        assertEquals(f, f.pow(1));
        assertEquals(f, f.pow(1));

        f = Fraction.of(3, 5);
        f = f.pow(2);
        assertEquals(9, f.getNumerator());
        assertEquals(25, f.getDenominator());

        f = Fraction.of(3, 5);
        f = f.pow(3);
        assertEquals(27, f.getNumerator());
        assertEquals(125, f.getDenominator());

        f = Fraction.of(3, 5);
        f = f.pow(-1);
        assertEquals(5, f.getNumerator());
        assertEquals(3, f.getDenominator());

        f = Fraction.of(3, 5);
        f = f.pow(-2);
        assertEquals(25, f.getNumerator());
        assertEquals(9, f.getDenominator());

        // check unreduced fractions stay that way.
        f = Fraction.of(6, 10);
        assertEquals(Fraction.ONE, f.pow(0));

        f = Fraction.of(6, 10);
        assertEquals(f, f.pow(1));
        assertEquals(f.pow(1), Fraction.of(3, 5));

        f = Fraction.of(6, 10);
        f = f.pow(2);
        assertEquals(9, f.getNumerator());
        assertEquals(25, f.getDenominator());

        f = Fraction.of(6, 10);
        f = f.pow(3);
        assertEquals(27, f.getNumerator());
        assertEquals(125, f.getDenominator());

        f = Fraction.of(6, 10);
        f = f.pow(-1);
        assertEquals(5, f.getNumerator());
        assertEquals(3, f.getDenominator());

        f = Fraction.of(6, 10);
        f = f.pow(-2);
        assertEquals(25, f.getNumerator());
        assertEquals(9, f.getDenominator());

        // zero to any positive power is still zero.
        f = Fraction.of(0, 1231);
        f = f.pow(1);
        assertEquals(0, f.compareTo(Fraction.ZERO));
        assertEquals(0, f.getNumerator());
        assertEquals(1, f.getDenominator());
        f = f.pow(2);
        assertEquals(0, f.compareTo(Fraction.ZERO));
        assertEquals(0, f.getNumerator());
        assertEquals(1, f.getDenominator());

        // zero to negative powers should throw an exception
        final Fraction fr = f;
        assertThrows(ArithmeticException.class, () -> fr.pow(-1));
        assertThrows(ArithmeticException.class, () -> fr.pow(Integer.MIN_VALUE));

        // one to any power is still one.
        f = Fraction.of(1, 1);
        f = f.pow(0);
        assertEquals(Fraction.ONE, f);
        f = f.pow(1);
        assertEquals(Fraction.ONE, f);
        f = f.pow(-1);
        assertEquals(Fraction.ONE, f);
        f = f.pow(Integer.MAX_VALUE);
        assertEquals(Fraction.ONE, f);
        f = f.pow(Integer.MIN_VALUE);
        assertEquals(Fraction.ONE, f);

        assertOperationThrows(ArithmeticException.class, Fraction.of(Integer.MAX_VALUE, 1), a -> a.pow(2));

        // Numerator growing too negative during the pow operation.
        assertOperationThrows(ArithmeticException.class, Fraction.of(Integer.MIN_VALUE, 1), a -> a.pow(3));

        assertOperationThrows(ArithmeticException.class, Fraction.of(65536, 1), a -> a.pow(2));
    }",CommonsLangPortedFractionTest::testPow_oe
commons-numbers_301,"@Test
    void testAdd_oe() {
        Fraction f = null;
        Fraction f1 = null;
        Fraction f2 = null;

        f1 = Fraction.of(3, 5);
        f2 = Fraction.of(1, 5);
        f = f1.add(f2);
        assertEquals(4, f.getNumerator());
        assertEquals(5, f.getDenominator());

        f1 = Fraction.of(3, 5);
        f2 = Fraction.of(2, 5);
        f = f1.add(f2);
        assertEquals(1, f.getNumerator());
        assertEquals(1, f.getDenominator());

        f1 = Fraction.of(3, 5);
        f2 = Fraction.of(3, 5);
        f = f1.add(f2);
        assertEquals(6, f.getNumerator());
        assertEquals(5, f.getDenominator());

        f1 = Fraction.of(3, 5);
        f2 = Fraction.of(-4, 5);
        f = f1.add(f2);
        assertEquals(-1, f.getNumerator());
        assertEquals(5, f.getDenominator());

        f1 = Fraction.of(Integer.MAX_VALUE - 1, 1);
        f2 = Fraction.ONE;
        f = f1.add(f2);
        assertEquals(Integer.MAX_VALUE, f.getNumerator());
        assertEquals(1, f.getDenominator());

        f1 = Fraction.of(3, 5);
        f2 = Fraction.of(1, 2);
        f = f1.add(f2);
        assertEquals(11, f.getNumerator());
        assertEquals(10, f.getDenominator());

        f1 = Fraction.of(3, 8);
        f2 = Fraction.of(1, 6);
        f = f1.add(f2);
        assertEquals(13, f.getNumerator());
        assertEquals(24, f.getDenominator());

        f1 = Fraction.of(0, 5);
        f2 = Fraction.of(1, 5);
        f = f1.add(f2);
        assertSame(f2, f);
        f = f2.add(f1);
        assertSame(f2, f);

        f1 = Fraction.of(-1, 13 * 13 * 2 * 2);
        f2 = Fraction.of(-2, 13 * 17 * 2);
        final Fraction fr = f1.add(f2);
        assertEquals(13 * 13 * 17 * 2 * 2, fr.getDenominator());
        assertEquals(-17 - 2 * 13 * 2, fr.getNumerator());

        assertThrows(NullPointerException.class, () -> fr.add(null));

        // if this fraction is added naively, it will overflow.
        // check that it doesn't.
        f1 = Fraction.of(1, 32768 * 3);
        f2 = Fraction.of(1, 59049);
        f = f1.add(f2);
        assertEquals(52451, f.getNumerator());
        assertEquals(1934917632, f.getDenominator());

        f1 = Fraction.of(Integer.MIN_VALUE, 3);
        f2 = Fraction.of(1, 3);
        f = f1.add(f2);
        assertEquals(Integer.MIN_VALUE + 1, f.getNumerator());
        assertEquals(3, f.getDenominator());

        f1 = Fraction.of(Integer.MAX_VALUE - 1, 1);
        f2 = Fraction.ONE;
        f = f1.add(f2);
        assertEquals(Integer.MAX_VALUE, f.getNumerator());
        assertEquals(1, f.getDenominator());

        final Fraction overflower = f;
        assertThrows(ArithmeticException.class, () -> overflower.add(Fraction.ONE)); // should overflow

        // denominator should not be a multiple of 2 or 3 to trigger overflow
        assertOperationThrows(ArithmeticException.class, Fraction.of(Integer.MIN_VALUE, 5), Fraction.of(-1, 5), Fraction::add);

        final Fraction maxValue = Fraction.of(-Integer.MAX_VALUE, 1);
        assertThrows(ArithmeticException.class, () -> maxValue.add(maxValue));

        final Fraction negativeMaxValue = Fraction.of(-Integer.MAX_VALUE, 1);
        assertThrows(ArithmeticException.class, () -> negativeMaxValue.add(negativeMaxValue));

        final Fraction f3 = Fraction.of(3, 327680);
        final Fraction f4 = Fraction.of(2, 59049);
        assertThrows(ArithmeticException.class, () -> f3.add(f4)); // should overflow
    }",CommonsLangPortedFractionTest::testAdd_oe
commons-numbers_302,"@Test
    void testSubtract_oe() {
        Fraction f = null;
        Fraction f1 = null;
        Fraction f2 = null;

        f1 = Fraction.of(3, 5);
        f2 = Fraction.of(1, 5);
        f = f1.subtract(f2);
        assertEquals(2, f.getNumerator());
        assertEquals(5, f.getDenominator());

        f1 = Fraction.of(7, 5);
        f2 = Fraction.of(2, 5);
        f = f1.subtract(f2);
        assertEquals(1, f.getNumerator());
        assertEquals(1, f.getDenominator());

        f1 = Fraction.of(3, 5);
        f2 = Fraction.of(3, 5);
        f = f1.subtract(f2);
        assertEquals(0, f.getNumerator());
        assertEquals(1, f.getDenominator());

        f1 = Fraction.of(3, 5);
        f2 = Fraction.of(-4, 5);
        f = f1.subtract(f2);
        assertEquals(7, f.getNumerator());
        assertEquals(5, f.getDenominator());

        f1 = Fraction.of(0, 5);
        f2 = Fraction.of(4, 5);
        f = f1.subtract(f2);
        assertEquals(-4, f.getNumerator());
        assertEquals(5, f.getDenominator());

        f1 = Fraction.of(0, 5);
        f2 = Fraction.of(-4, 5);
        f = f1.subtract(f2);
        assertEquals(4, f.getNumerator());
        assertEquals(5, f.getDenominator());

        f1 = Fraction.of(3, 5);
        f2 = Fraction.of(1, 2);
        f = f1.subtract(f2);
        assertEquals(1, f.getNumerator());
        assertEquals(10, f.getDenominator());

        f1 = Fraction.of(0, 5);
        f2 = Fraction.of(1, 5);
        f = f2.subtract(f1);
        assertSame(f2, f);

        final Fraction fr = f;
        assertThrows(NullPointerException.class, () -> fr.subtract(null));

        // if this fraction is subtracted naively, it will overflow.
        // check that it doesn't.
        f1 = Fraction.of(1, 32768 * 3);
        f2 = Fraction.of(1, 59049);
        f = f1.subtract(f2);
        assertEquals(-13085, f.getNumerator());
        assertEquals(1934917632, f.getDenominator());

        f1 = Fraction.of(Integer.MIN_VALUE, 3);
        f2 = Fraction.of(1, 3).negate();
        f = f1.subtract(f2);
        assertEquals(Integer.MIN_VALUE + 1, f.getNumerator());
        assertEquals(3, f.getDenominator());

        f1 = Fraction.of(Integer.MAX_VALUE, 1);
        f2 = Fraction.ONE;
        f = f1.subtract(f2);
        assertEquals(Integer.MAX_VALUE - 1, f.getNumerator());
        assertEquals(1, f.getDenominator());

        // Should overflow
        assertOperationThrows(ArithmeticException.class, Fraction.of(1, Integer.MAX_VALUE), Fraction.of(1, Integer.MAX_VALUE - 1), Fraction::subtract);
        f = f1.subtract(f2);

        // denominator should not be a multiple of 2 or 3 to trigger overflow
        assertOperationThrows(ArithmeticException.class, Fraction.of(Integer.MIN_VALUE, 5), Fraction.of(1, 5), Fraction::subtract);

        assertOperationThrows(ArithmeticException.class, Fraction.of(Integer.MIN_VALUE, 1), Fraction.ONE, Fraction::subtract);

        assertOperationThrows(ArithmeticException.class, Fraction.of(Integer.MAX_VALUE, 1), Fraction.ONE.negate(), Fraction::subtract);

        // Should overflow
        assertOperationThrows(ArithmeticException.class, Fraction.of(3, 327680), Fraction.of(2, 59049), Fraction::subtract);
    }",CommonsLangPortedFractionTest::testSubtract_oe
commons-numbers_303,"@Test
    void testMultiply_oe() {
        Fraction f = null;
        Fraction f1 = null;
        Fraction f2 = null;

        f1 = Fraction.of(3, 5);
        f2 = Fraction.of(2, 5);
        f = f1.multiply(f2);
        assertEquals(6, f.getNumerator());
        assertEquals(25, f.getDenominator());

        f1 = Fraction.of(6, 10);
        f2 = Fraction.of(6, 10);
        f = f1.multiply(f2);
        assertEquals(9, f.getNumerator());
        assertEquals(25, f.getDenominator());
        f = f.multiply(f2);
        assertEquals(27, f.getNumerator());
        assertEquals(125, f.getDenominator());

        f1 = Fraction.of(3, 5);
        f2 = Fraction.of(-2, 5);
        f = f1.multiply(f2);
        assertEquals(-6, f.getNumerator());
        assertEquals(25, f.getDenominator());

        f1 = Fraction.of(-3, 5);
        f2 = Fraction.of(-2, 5);
        f = f1.multiply(f2);
        assertEquals(6, f.getNumerator());
        assertEquals(25, f.getDenominator());


        f1 = Fraction.of(0, 5);
        f2 = Fraction.of(2, 7);
        f = f1.multiply(f2);
        assertSame(Fraction.ZERO, f);

        f1 = Fraction.of(2, 7);
        f2 = Fraction.ONE;
        f = f1.multiply(f2);
        assertEquals(2, f.getNumerator());
        assertEquals(7, f.getDenominator());

        f1 = Fraction.of(Integer.MAX_VALUE, 1);
        f2 = Fraction.of(Integer.MIN_VALUE, Integer.MAX_VALUE);
        f = f1.multiply(f2);
        assertEquals(Integer.MIN_VALUE, f.getNumerator());
        assertEquals(1, f.getDenominator());

        final Fraction fr = f;
        assertThrows(NullPointerException.class, () -> fr.multiply(null));

        final Fraction fr1 = Fraction.of(1, Integer.MAX_VALUE);
        assertThrows(ArithmeticException.class, () -> fr1.multiply(fr1));

        final Fraction fr2 = Fraction.of(1, -Integer.MAX_VALUE);
        assertThrows(ArithmeticException.class, () -> fr2.multiply(fr2));
    }",CommonsLangPortedFractionTest::testMultiply_oe
commons-numbers_304,"@Test
    void testDivide_oe() {
        Fraction f = null;
        Fraction f1 = null;
        Fraction f2 = null;

        f1 = Fraction.of(3, 5);
        f2 = Fraction.of(2, 5);
        f = f1.divide(f2);
        assertEquals(3, f.getNumerator());
        assertEquals(2, f.getDenominator());

        assertOperationThrows(ArithmeticException.class, Fraction.of(3, 5), Fraction.ZERO, Fraction::divide);

        f1 = Fraction.of(0, 5);
        f2 = Fraction.of(2, 7);
        f = f1.divide(f2);
        assertSame(Fraction.ZERO, f);

        f1 = Fraction.of(2, 7);
        f2 = Fraction.ONE;
        f = f1.divide(f2);
        assertEquals(2, f.getNumerator());
        assertEquals(7, f.getDenominator());

        f1 = Fraction.of(1, Integer.MAX_VALUE);
        f = f1.divide(f1);
        assertEquals(1, f.getNumerator());
        assertEquals(1, f.getDenominator());

        f1 = Fraction.of(Integer.MIN_VALUE, Integer.MAX_VALUE);
        f2 = Fraction.of(1, Integer.MAX_VALUE);
        final Fraction fr = f1.divide(f2);
        assertEquals(Integer.MIN_VALUE, fr.getNumerator());
        assertEquals(1, fr.getDenominator());

        assertThrows(NullPointerException.class, () -> fr.divide(null));

        final Fraction smallest = Fraction.of(1, Integer.MAX_VALUE);
        final Fraction smallestReciprocal = smallest.reciprocal();
        assertThrows(ArithmeticException.class, () -> smallest.divide(smallestReciprocal)); // Should overflow

        final Fraction negative = Fraction.of(1, -Integer.MAX_VALUE);
        final Fraction negativeReciprocal = negative.reciprocal();
        assertThrows(ArithmeticException.class, () -> negative.divide(negativeReciprocal)); // Should overflow
    }",CommonsLangPortedFractionTest::testDivide_oe
commons-numbers_305,"@Test
    void testEquals_oe() {
        Fraction f1 = null;
        Fraction f2 = null;

        f1 = Fraction.of(3, 5);
        assertNotEquals(f1, null);
        assertNotEquals(f1, new Object());
        assertNotEquals(f1, Integer.valueOf(6));

        f1 = Fraction.of(3, 5);
        f2 = Fraction.of(2, 5);
        assertNotEquals(f1, f2);
        assertEquals(f1, f1);
        assertEquals(f2, f2);

        f2 = Fraction.of(3, 5);
        assertEquals(f1, f2);

        f2 = Fraction.of(6, 10);
        assertEquals(f1, f2);
    }",CommonsLangPortedFractionTest::testEquals_oe
commons-numbers_306,"@Test
    void testHashCode_oe() {
        final Fraction f1 = Fraction.of(3, 5);
        Fraction f2 = Fraction.of(3, 5);

        assertEquals(f1.hashCode(), f2.hashCode());

        f2 = Fraction.of(2, 5);
        assertNotEquals(f1.hashCode(), f2.hashCode());

        f2 = Fraction.of(6, 10);
        assertEquals(f1.hashCode(), f2.hashCode());
    }",CommonsLangPortedFractionTest::testHashCode_oe
commons-numbers_307,"@Test
    void testCompareTo_oe() {
        Fraction f1 = null;
        Fraction f2 = null;

        f1 = Fraction.of(3, 5);
        assertEquals(0, f1.compareTo(f1));

        final Fraction fr = f1;
        assertThrows(NullPointerException.class, () -> fr.compareTo(null));

        f2 = Fraction.of(2, 5);
        assertTrue(f1.compareTo(f2) > 0);
        assertEquals(0, f2.compareTo(f2));

        f2 = Fraction.of(4, 5);
        assertTrue(f1.compareTo(f2) < 0);
        assertEquals(0, f2.compareTo(f2));

        f2 = Fraction.of(3, 5);
        assertEquals(0, f1.compareTo(f2));
        assertEquals(0, f2.compareTo(f2));

        f2 = Fraction.of(6, 10);
        assertEquals(0, f1.compareTo(f2));
        assertEquals(0, f2.compareTo(f2));

        /*
         *  Removed as not supported in numbers.
         *
         *  f2 = Fraction.of(-1, 1, Integer.MAX_VALUE);
         *  assertTrue(f1.compareTo(f2) > 0);
         *  assertEquals(0, f2.compareTo(f2));
         */
    }",CommonsLangPortedFractionTest::testCompareTo_oe
commons-numbers_308,"@Test
    void testToString_oe() {
        Fraction f = null;

        f = Fraction.of(3, 5);
        final String str = f.toString();
        assertEquals(""3 / 5"", str);
        assertEquals(str, f.toString());

        f = Fraction.of(7, 5);
        assertEquals(""7 / 5"", f.toString());

        f = Fraction.of(4, 2);
        assertEquals(""2"", f.toString());

        f = Fraction.of(0, 2);
        assertEquals(""0"", f.toString());

        f = Fraction.of(2, 2);
        assertEquals(""1"", f.toString());

        f = Fraction.of(Integer.MIN_VALUE);
        assertEquals(""-2147483648"", f.toString());

        f = Fraction.of(-1).add(Fraction.of(-1, Integer.MAX_VALUE));
        assertEquals(""-2147483648 / 2147483647"", f.toString());
    }",CommonsLangPortedFractionTest::testToString_oe
commons-numbers_309,"@Test
    void testConstructor_oe() {
        for (final CommonTestCases.UnaryOperatorTestCase testCase : CommonTestCases.numDenConstructorTestCases()) {
            assertFraction(
                    testCase.expectedNumerator,
                    testCase.expectedDenominator,
                    BigFraction.of(testCase.operandNumerator, testCase.operandDenominator)
            );
        }

        // Long/BigInteger arguments
        assertFraction(0, 1, BigFraction.of(0L, 2L));
        assertFraction(1L, 1, BigFraction.of(1L));
        assertFraction(11, 1, BigFraction.of(11L));
        assertFraction(11, 1, BigFraction.of(new BigInteger(""11"")));

        // Divide by zero
        Assertions.assertThrows(ArithmeticException.class, () -> BigFraction.of(BigInteger.ONE, BigInteger.ZERO));

        // Null pointers
        Assertions.assertThrows(NullPointerException.class, () -> BigFraction.of(null, BigInteger.ONE));
        Assertions.assertThrows(NullPointerException.class, () -> BigFraction.of(BigInteger.ONE, null));
        Assertions.assertThrows(NullPointerException.class, () -> BigFraction.of(null));

        Assertions.assertThrows(ArithmeticException.class,
            () -> BigFraction.from(2.0 * Integer.MAX_VALUE, 1.0e-5, 100000));
    }",BigFractionTest::testConstructor_oe
commons-numbers_310,"@Test
    void testConstructorZero_oe() {
        Assertions.assertSame(BigFraction.ZERO, BigFraction.from(0.0));
        Assertions.assertSame(BigFraction.ZERO, BigFraction.from(0.0, 1e-10, 100));
        Assertions.assertSame(BigFraction.ZERO, BigFraction.from(0.0, 100));
        Assertions.assertSame(BigFraction.ZERO, BigFraction.of(0));
        Assertions.assertSame(BigFraction.ZERO, BigFraction.of(0L));
        Assertions.assertSame(BigFraction.ZERO, BigFraction.of(BigInteger.ZERO));
        Assertions.assertSame(BigFraction.ZERO, BigFraction.of(0, 1));
        Assertions.assertSame(BigFraction.ZERO, BigFraction.of(0, -1));
        Assertions.assertSame(BigFraction.ZERO, BigFraction.of(0L, 1L));
        Assertions.assertSame(BigFraction.ZERO, BigFraction.of(0L, -1L));
        Assertions.assertSame(BigFraction.ZERO, BigFraction.of(BigInteger.ZERO, BigInteger.ONE));
        Assertions.assertSame(BigFraction.ZERO, BigFraction.of(BigInteger.ZERO, BigInteger.ONE.negate()));
    }",BigFractionTest::testConstructorZero_oe
commons-numbers_311,"@Test
    void testDoubleConstructor_oe() throws Exception {
        for (final CommonTestCases.DoubleToFractionTestCase testCase : CommonTestCases.doubleConstructorTestCases()) {
            assertFraction(
                    testCase.expectedNumerator,
                    testCase.expectedDenominator,
                    BigFraction.from(testCase.operand, 1.0e-5, 100)
            );
        }

        // Cases with different exact results from Fraction
        assertFraction(6004799503160661L, 18014398509481984L, BigFraction.from(1.0 / 3.0));
        assertFraction(6124895493223875L, 36028797018963968L, BigFraction.from(17.0 / 100.0));
        assertFraction(1784551352345559L, 562949953421312L, BigFraction.from(317.0 / 100.0));
        assertFraction(-6004799503160661L, 18014398509481984L, BigFraction.from(-1.0 / 3.0));
        assertFraction(-6124895493223875L, 36028797018963968L, BigFraction.from(17.0 / -100.0));
        assertFraction(-1784551352345559L, 562949953421312L, BigFraction.from(-317.0 / 100.0));

        // Extreme double values
        Assertions.assertEquals(1L, BigFraction.from(Double.MAX_VALUE).getDenominatorAsLong());
        Assertions.assertEquals(1L, BigFraction.from(Double.longBitsToDouble(0x0010000000000000L)).getNumeratorAsLong());
        assertFraction(BigInteger.ONE, BigInteger.ONE.shiftLeft(1074), BigFraction.from(Double.MIN_VALUE));

        // Check exact round-trip of double
        Assertions.assertEquals(0.00000000000001, BigFraction.from(0.00000000000001).doubleValue());
        Assertions.assertEquals(0.40000000000001, BigFraction.from(0.40000000000001).doubleValue());
        Assertions.assertEquals(15.0000000000001, BigFraction.from(15.0000000000001).doubleValue());
        // Check the representation
        assertFraction(3602879701896487L, 9007199254740992L, BigFraction.from(0.40000000000001));
        assertFraction(1055531162664967L, 70368744177664L, BigFraction.from(15.0000000000001));
    }",BigFractionTest::testDoubleConstructor_oe
commons-numbers_312,"@Test
    void testDoubleConstructorWithMaxDenominator_oe() throws Exception {
        for (final CommonTestCases.DoubleToFractionTestCase testCase : CommonTestCases.doubleMaxDenomConstructorTestCases()) {
            assertFraction(
                    testCase.expectedNumerator,
                    testCase.expectedDenominator,
                    BigFraction.from(testCase.operand, testCase.maxDenominator)
            );
        }

        // Cases with different exact results from Fraction
        final long pow31 = 1L << 31;
        assertFraction(pow31, 1, BigFraction.from(Integer.MIN_VALUE * -1.0, 2));
        assertFraction(pow31, 3, BigFraction.from(Integer.MIN_VALUE / -3.0, 10));
        assertFraction(-1, pow31, BigFraction.from(1.0 / Integer.MIN_VALUE, Integer.MIN_VALUE));
        assertFraction(1, pow31, BigFraction.from(-1.0 / Integer.MIN_VALUE, Integer.MIN_VALUE));

        Assertions.assertThrows(IllegalArgumentException.class, () -> BigFraction.from(1.0, 0));
    }",BigFractionTest::testDoubleConstructorWithMaxDenominator_oe
commons-numbers_313,"@Test
    void testDoubleConstructorThrows_oe() {
        final double eps = 1e-5;
        final int maxIterations = Integer.MAX_VALUE;
        final int maxDenominator = Integer.MAX_VALUE;
        for (final double value : new double[] {Double.NaN, Double.POSITIVE_INFINITY, Double.NEGATIVE_INFINITY}) {
            Assertions.assertThrows(IllegalArgumentException.class, () -> BigFraction.from(value));
            Assertions.assertThrows(IllegalArgumentException.class, () -> BigFraction.from(value, eps, maxIterations));
            Assertions.assertThrows(IllegalArgumentException.class, () -> BigFraction.from(value, maxDenominator));
        }
        Assertions.assertThrows(IllegalArgumentException.class, () -> BigFraction.from(1.0, Double.NaN, maxIterations));
        Assertions.assertThrows(IllegalArgumentException.class, () -> BigFraction.from(1.0, -1.0, maxIterations));
        Assertions.assertThrows(IllegalArgumentException.class, () -> BigFraction.from(1.0, eps, 0));
        // Test a zero epsilon is allowed
        assertFraction(1, 1, BigFraction.from(1.0, 0, maxIterations));
    }",BigFractionTest::testDoubleConstructorThrows_oe
commons-numbers_314,"@Test
    void testDoubleConstructorGoldenRatioThrows_oe() {
        // the golden ratio is notoriously a difficult number for continuous fraction
        Assertions.assertThrows(FractionException.class,
            () -> BigFraction.from((1 + Math.sqrt(5)) / 2, 1.0e-12, 25)
        );
    }",BigFractionTest::testDoubleConstructorGoldenRatioThrows_oe
commons-numbers_315,"@Test
    void testDoubleConstructorWithMaxDenominatorOverFlow_oe() {
        Assertions.assertThrows(ArithmeticException.class,
            () -> BigFraction.from(1e10, 1000)
        );
        Assertions.assertThrows(ArithmeticException.class,
            () -> BigFraction.from(-1e10, 1000)
        );
    }",BigFractionTest::testDoubleConstructorWithMaxDenominatorOverFlow_oe
commons-numbers_316,"@Test
    void testDoubleConstructorOverflow_oe() {
        assertDoubleConstructorOverflow(0.75000000001455192);
        assertDoubleConstructorOverflow(1.0e10);
        assertDoubleConstructorOverflow(-1.0e10);
        assertDoubleConstructorOverflow(-43979.60679604749);
    }",BigFractionTest::testDoubleConstructorOverflow_oe
commons-numbers_317,"@Test
    void testDoubleConstructorWithEpsilonLimit_oe() throws Exception {
        assertFraction(2, 5, BigFraction.from(0.4, 1.0e-5, 100));

        assertFraction(3, 5,      BigFraction.from(0.6152, 0.02, 100));
        assertFraction(8, 13,     BigFraction.from(0.6152, 1.0e-3, 100));
        assertFraction(251, 408,  BigFraction.from(0.6152, 1.0e-4, 100));
        assertFraction(251, 408,  BigFraction.from(0.6152, 1.0e-5, 100));
        assertFraction(510, 829,  BigFraction.from(0.6152, 1.0e-6, 100));
        assertFraction(769, 1250, BigFraction.from(0.6152, 1.0e-7, 100));
    }",BigFractionTest::testDoubleConstructorWithEpsilonLimit_oe
commons-numbers_318,"@Test
    void testCompareTo_oe() {
        final BigFraction a = BigFraction.of(1, 2);
        final BigFraction b = BigFraction.of(1, 3);
        final BigFraction c = BigFraction.of(1, 2);
        final BigFraction d = BigFraction.of(-1, 2);
        final BigFraction e = BigFraction.of(1, -2);
        final BigFraction f = BigFraction.of(-1, -2);
        final BigFraction g = BigFraction.of(-1, Integer.MIN_VALUE);

        Assertions.assertEquals(0, a.compareTo(a));
        Assertions.assertEquals(0, a.compareTo(c));
        Assertions.assertEquals(1, a.compareTo(b));
        Assertions.assertEquals(-1, b.compareTo(a));
        Assertions.assertEquals(-1, d.compareTo(a));
        Assertions.assertEquals(1, a.compareTo(d));
        Assertions.assertEquals(-1, e.compareTo(a));
        Assertions.assertEquals(1, a.compareTo(e));
        Assertions.assertEquals(0, d.compareTo(e));
        Assertions.assertEquals(0, a.compareTo(f));
        Assertions.assertEquals(0, f.compareTo(a));
        Assertions.assertEquals(1, f.compareTo(e));
        Assertions.assertEquals(-1, e.compareTo(f));
        Assertions.assertEquals(-1, g.compareTo(a));
        Assertions.assertEquals(-1, g.compareTo(f));
        Assertions.assertEquals(1, a.compareTo(g));
        Assertions.assertEquals(-1, d.compareTo(g));

        Assertions.assertEquals(0, BigFraction.of(0, 3).compareTo(BigFraction.of(0, -2)));

        // these two values are different approximations of PI
        // the first  one is approximately PI - 3.07e-18
        // the second one is approximately PI + 1.936e-17
        final BigFraction pi1 = BigFraction.of(1068966896, 340262731);
        final BigFraction pi2 = BigFraction.of(411557987, 131002976);
        Assertions.assertEquals(-1, pi1.compareTo(pi2));
        Assertions.assertEquals(1, pi2.compareTo(pi1));
        Assertions.assertEquals(0.0, pi1.doubleValue() - pi2.doubleValue(), 1.0e-20);

        Assertions.assertEquals(0, ZERO_P.compareTo(ZERO_N));
    }",BigFractionTest::testCompareTo_oe
commons-numbers_319,"@Test
    void testDoubleValue_oe() {
        assertDoubleValue(0.5, 1, 2);
        assertDoubleValue(-0.5, -1, 2);
        assertDoubleValue(-0.5, 1, -2);
        assertDoubleValue(0.5, -1, -2);
        assertDoubleValue(1.0 / 3.0, 1, 3);

        Assertions.assertEquals(0.0, BigFraction.ZERO.doubleValue());
        Assertions.assertEquals(0.0, ZERO_P.doubleValue());
        Assertions.assertEquals(0.0, ZERO_N.doubleValue());

        // NUMBERS-120
        assertDoubleValue(
                2d - 0x1P-52,
                1L << 54,
                (1L << 53) + 1L
        );

        assertDoubleValue(
                2d,
                (1L << 54) - 1L,
                1L << 53
        );
        assertDoubleValue(
                1d,
                (1L << 53) + 1L,
                1L << 53
        );
    }",BigFractionTest::testDoubleValue_oe
commons-numbers_320,"@Test
    void testDoubleValueForSubnormalNumbers_oe() {
        assertDoubleValue(
                //Double.MIN_VALUE * 2/3
                Double.MIN_VALUE,
                BigInteger.ONE,
                BigInteger.ONE.shiftLeft(1073).multiply(BigInteger.valueOf(3L))
        );

        assertDoubleValue(
                Double.MIN_VALUE,
                BigInteger.ONE,
                BigInteger.ONE.shiftLeft(1074)
        );
        assertDoubleValue(
                Double.MIN_VALUE * 2,
                BigInteger.valueOf(2),
                BigInteger.ONE.shiftLeft(1074)
        );
        assertDoubleValue(
                Double.MIN_VALUE * 3,
                BigInteger.valueOf(3),
                BigInteger.ONE.shiftLeft(1074)
        );

        assertDoubleValue(
                Double.MIN_NORMAL - Double.MIN_VALUE,
                BigInteger.ONE.shiftLeft(52).subtract(BigInteger.ONE),
                BigInteger.ONE.shiftLeft(1074)
        );
        assertDoubleValue(
                Double.MIN_NORMAL - 2 * Double.MIN_VALUE,
                BigInteger.ONE.shiftLeft(52).subtract(BigInteger.valueOf(2)),
                BigInteger.ONE.shiftLeft(1074)
        );

        //this number is smaller than Double.MIN_NORMAL, but should round up to it
        assertDoubleValue(
                Double.MIN_NORMAL,
                BigInteger.ONE.shiftLeft(53).subtract(BigInteger.ONE),
                BigInteger.ONE.shiftLeft(1075)
        );
    }",BigFractionTest::testDoubleValueForSubnormalNumbers_oe
commons-numbers_321,"@Test
    void testDoubleValueForInfinities_oe() {
        //the smallest integer that rounds up to Double.POSITIVE_INFINITY
        final BigInteger minInf = BigInteger.ONE
                .shiftLeft(1024)
                .subtract(BigInteger.ONE.shiftLeft(970));

        assertDoubleValue(
                Double.NEGATIVE_INFINITY,
                minInf.negate(),
                BigInteger.ONE
        );
        assertDoubleValue(
                Double.POSITIVE_INFINITY,
                minInf,
                BigInteger.ONE
        );
    }",BigFractionTest::testDoubleValueForInfinities_oe
commons-numbers_322,"@Test
    void testDoubleValueForLargeNumeratorAndDenominator_oe() {
        final BigInteger pow400 = BigInteger.TEN.pow(400);
        final BigInteger pow401 = BigInteger.TEN.pow(401);
        final BigInteger two = new BigInteger(""2"");
        final BigFraction large = BigFraction.of(pow401.add(BigInteger.ONE),
                                                 pow400.multiply(two));

        Assertions.assertEquals(5, large.doubleValue(), 1e-15);
    }",BigFractionTest::testDoubleValueForLargeNumeratorAndDenominator_oe
commons-numbers_323,"@Test
    void testFloatValueForLargeNumeratorAndDenominator_oe() {
        final BigInteger pow400 = BigInteger.TEN.pow(400);
        final BigInteger pow401 = BigInteger.TEN.pow(401);
        final BigInteger two = new BigInteger(""2"");
        final BigFraction large = BigFraction.of(pow401.add(BigInteger.ONE),
                                                 pow400.multiply(two));

        Assertions.assertEquals(5, large.floatValue(), 1e-15);
    }",BigFractionTest::testFloatValueForLargeNumeratorAndDenominator_oe
commons-numbers_324,"@Test
    void testDoubleValueForLargeNumeratorAndSmallDenominator_oe() {
        // NUMBERS-15
        final BigInteger pow300 = BigInteger.TEN.pow(300);
        final BigInteger pow330 = BigInteger.TEN.pow(330);
        final BigFraction large = BigFraction.of(pow330.add(BigInteger.ONE),
                                                 pow300);

        Assertions.assertEquals(1e30, large.doubleValue(), 1e-15);

        // NUMBERS-120
        assertDoubleValue(
                5.992310449541053E307,
                BigInteger.ONE
                        .shiftLeft(1024)
                        .subtract(BigInteger.ONE.shiftLeft(970))
                        .add(BigInteger.ONE),
                BigInteger.valueOf(3)
        );

        assertDoubleValue(
                Double.MAX_VALUE,
                BigInteger.ONE
                        .shiftLeft(1025)
                        .subtract(BigInteger.ONE.shiftLeft(972))
                        .subtract(BigInteger.ONE),
                BigInteger.valueOf(2)
        );
    }",BigFractionTest::testDoubleValueForLargeNumeratorAndSmallDenominator_oe
commons-numbers_325,"@Test
    void testFloatValueForLargeNumeratorAndSmallDenominator_oe() {
        final BigInteger pow30 = BigInteger.TEN.pow(30);
        final BigInteger pow40 = BigInteger.TEN.pow(40);
        final BigFraction large = BigFraction.of(pow40.add(BigInteger.ONE),
                                                 pow30);

        Assertions.assertEquals(1e10f, large.floatValue(), 1e-15);
    }",BigFractionTest::testFloatValueForLargeNumeratorAndSmallDenominator_oe
commons-numbers_326,"@Test
    void testFloatValue_oe() {
        Assertions.assertEquals(0.5f, BigFraction.of(1, 2).floatValue());
        Assertions.assertEquals(0.5f, BigFraction.of(-1, -2).floatValue());
        Assertions.assertEquals(-0.5f, BigFraction.of(-1, 2).floatValue());
        Assertions.assertEquals(-0.5f, BigFraction.of(1, -2).floatValue());

        final float e = 1f / 3f;
        Assertions.assertEquals(e, BigFraction.of(1, 3).floatValue());
        Assertions.assertEquals(e, BigFraction.of(-1, -3).floatValue());
        Assertions.assertEquals(-e, BigFraction.of(-1, 3).floatValue());
        Assertions.assertEquals(-e, BigFraction.of(1, -3).floatValue());

        Assertions.assertEquals(0.0f, ZERO_P.floatValue());
        Assertions.assertEquals(0.0f, ZERO_N.floatValue());
    }",BigFractionTest::testFloatValue_oe
commons-numbers_327,"@Test
    void testIntValue_oe() {
        Assertions.assertEquals(0, BigFraction.of(1, 2).intValue());
        Assertions.assertEquals(0, BigFraction.of(-1, -2).intValue());
        Assertions.assertEquals(0, BigFraction.of(-1, 2).intValue());
        Assertions.assertEquals(0, BigFraction.of(1, -2).intValue());

        Assertions.assertEquals(1, BigFraction.of(3, 2).intValue());
        Assertions.assertEquals(1, BigFraction.of(-3, -2).intValue());
        Assertions.assertEquals(-1, BigFraction.of(-3, 2).intValue());
        Assertions.assertEquals(-1, BigFraction.of(3, -2).intValue());

        Assertions.assertEquals(0, ZERO_P.intValue());
        Assertions.assertEquals(0, ZERO_N.intValue());
    }",BigFractionTest::testIntValue_oe
commons-numbers_328,"@Test
    void testLongValue_oe() {
        Assertions.assertEquals(0L, BigFraction.of(1, 2).longValue());
        Assertions.assertEquals(0L, BigFraction.of(-1, -2).longValue());
        Assertions.assertEquals(0L, BigFraction.of(-1, 2).longValue());
        Assertions.assertEquals(0L, BigFraction.of(1, -2).longValue());

        Assertions.assertEquals(1L, BigFraction.of(3, 2).longValue());
        Assertions.assertEquals(1L, BigFraction.of(-3, -2).longValue());
        Assertions.assertEquals(-1L, BigFraction.of(-3, 2).longValue());
        Assertions.assertEquals(-1L, BigFraction.of(3, -2).longValue());

        Assertions.assertEquals(0, ZERO_P.longValue());
        Assertions.assertEquals(0, ZERO_N.longValue());
    }",BigFractionTest::testLongValue_oe
commons-numbers_329,"@Test
    void testBigDecimalValue_oe() {
        Assertions.assertEquals(new BigDecimal(0.5), BigFraction.of(1, 2).bigDecimalValue());
        Assertions.assertEquals(new BigDecimal(""0.0003""), BigFraction.of(3, 10000).bigDecimalValue());
        Assertions.assertEquals(new BigDecimal(""0""), BigFraction.of(1, 3).bigDecimalValue(RoundingMode.DOWN));
        Assertions.assertEquals(new BigDecimal(""0.333""), BigFraction.of(1, 3).bigDecimalValue(3, RoundingMode.DOWN));
    }",BigFractionTest::testBigDecimalValue_oe
commons-numbers_330,"@Test
    void testAbs_oe() {
        for (final CommonTestCases.UnaryOperatorTestCase testCase : CommonTestCases.absTestCases()) {
            final BigFraction f = BigFraction.of(testCase.operandNumerator, testCase.operandDenominator);
            assertFraction(testCase.expectedNumerator, testCase.expectedDenominator, f.abs());
        }
    }",BigFractionTest::testAbs_oe
commons-numbers_331,"@Test
    void testReciprocal_oe() {
        for (final CommonTestCases.UnaryOperatorTestCase testCase : CommonTestCases.reciprocalTestCases()) {
            final BigFraction f = BigFraction.of(testCase.operandNumerator, testCase.operandDenominator);
            assertFraction(testCase.expectedNumerator, testCase.expectedDenominator, f.reciprocal());
        }

        final BigFraction f = BigFraction.of(0, 3);
        Assertions.assertThrows(ArithmeticException.class, f::reciprocal);
    }",BigFractionTest::testReciprocal_oe
commons-numbers_332,"@Test
    void testNegate_oe() {
        for (final CommonTestCases.UnaryOperatorTestCase testCase : CommonTestCases.negateTestCases()) {
            final BigFraction f = BigFraction.of(testCase.operandNumerator, testCase.operandDenominator);
            assertFraction(testCase.expectedNumerator, testCase.expectedDenominator, f.negate());
        }
    }",BigFractionTest::testNegate_oe
commons-numbers_333,"@Test
    void testAdd_oe() {
        for (final CommonTestCases.BinaryOperatorTestCase testCase : CommonTestCases.addFractionTestCases()) {
            final BigFraction f1 = BigFraction.of(testCase.firstOperandNumerator, testCase.firstOperandDenominator);
            final BigFraction f2 = BigFraction.of(testCase.secondOperandNumerator, testCase.secondOperandDenominator);
            assertFraction(testCase.expectedNumerator, testCase.expectedDenominator, f1.add(f2));
        }
        for (final CommonTestCases.BinaryIntOperatorTestCase testCase : CommonTestCases.addIntTestCases()) {
            final BigFraction f1 = BigFraction.of(testCase.firstOperandNumerator, testCase.firstOperandDenominator);
            final int i2 = testCase.secondOperand;
            assertFraction(testCase.expectedNumerator, testCase.expectedDenominator, f1.add(i2));
            assertFraction(testCase.expectedNumerator, testCase.expectedDenominator, f1.add((long) i2));
            assertFraction(testCase.expectedNumerator, testCase.expectedDenominator, f1.add(BigInteger.valueOf(i2)));
        }

        Assertions.assertThrows(NullPointerException.class, () -> BigFraction.ONE.add((BigFraction) null));
        Assertions.assertThrows(NullPointerException.class, () -> BigFraction.ONE.add((BigInteger) null));

        // Special cases
        final BigFraction f2 = BigFraction.of(1, 2);
        assertFraction(1, 2, f2.add(BigInteger.ZERO));
        assertFraction(12, 1, BigFraction.ZERO.add(BigInteger.valueOf(12)));
    }",BigFractionTest::testAdd_oe
commons-numbers_334,"@Test
    void testDivide_oe() {
        for (final CommonTestCases.BinaryOperatorTestCase testCase : CommonTestCases.divideByFractionTestCases()) {
            final BigFraction f1 = BigFraction.of(testCase.firstOperandNumerator, testCase.firstOperandDenominator);
            final BigFraction f2 = BigFraction.of(testCase.secondOperandNumerator, testCase.secondOperandDenominator);
            assertFraction(testCase.expectedNumerator, testCase.expectedDenominator, f1.divide(f2));
        }
        for (final CommonTestCases.BinaryIntOperatorTestCase testCase : CommonTestCases.divideByIntTestCases()) {
            final BigFraction f1 = BigFraction.of(testCase.firstOperandNumerator, testCase.firstOperandDenominator);
            final int i2 = testCase.secondOperand;
            assertFraction(testCase.expectedNumerator, testCase.expectedDenominator, f1.divide(i2));
            assertFraction(testCase.expectedNumerator, testCase.expectedDenominator, f1.divide((long) i2));
            assertFraction(testCase.expectedNumerator, testCase.expectedDenominator, f1.divide(BigInteger.valueOf(i2)));
        }

        Assertions.assertThrows(NullPointerException.class, () -> BigFraction.ONE.divide((BigFraction) null));
        Assertions.assertThrows(NullPointerException.class, () -> BigFraction.ONE.divide((BigInteger) null));

        Assertions.assertThrows(FractionException.class, () -> BigFraction.of(1, 2).divide(BigFraction.ZERO));
        Assertions.assertThrows(FractionException.class, () -> BigFraction.of(1, 2).divide(0));
        Assertions.assertThrows(FractionException.class, () -> BigFraction.of(1, 2).divide(0L));
        Assertions.assertThrows(FractionException.class, () -> BigFraction.of(1, 2).divide(BigInteger.ZERO));

        // Special cases
        final BigFraction f1 = BigFraction.of(Integer.MIN_VALUE, Integer.MAX_VALUE);
        assertFraction(-1, -Integer.MAX_VALUE, f1.divide(Integer.MIN_VALUE));
        assertFraction(-1, -Integer.MAX_VALUE, f1.divide((long) Integer.MIN_VALUE));
        assertFraction(-1, -Integer.MAX_VALUE, f1.divide(BigInteger.valueOf(Integer.MIN_VALUE)));
    }",BigFractionTest::testDivide_oe
commons-numbers_335,"@Test
    void testMultiply_oe() {
        for (final CommonTestCases.BinaryOperatorTestCase testCase : CommonTestCases.multiplyByFractionTestCases()) {
            final BigFraction f1 = BigFraction.of(testCase.firstOperandNumerator, testCase.firstOperandDenominator);
            final BigFraction f2 = BigFraction.of(testCase.secondOperandNumerator, testCase.secondOperandDenominator);
            assertFraction(testCase.expectedNumerator, testCase.expectedDenominator, f1.multiply(f2));
        }
        for (final CommonTestCases.BinaryIntOperatorTestCase testCase : CommonTestCases.multiplyByIntTestCases()) {
            final BigFraction f1 = BigFraction.of(testCase.firstOperandNumerator, testCase.firstOperandDenominator);
            final int i2 = testCase.secondOperand;
            assertFraction(testCase.expectedNumerator, testCase.expectedDenominator, f1.multiply(i2));
            assertFraction(testCase.expectedNumerator, testCase.expectedDenominator, f1.multiply((long) i2));
            assertFraction(testCase.expectedNumerator, testCase.expectedDenominator, f1.multiply(BigInteger.valueOf(i2)));
        }

        Assertions.assertThrows(NullPointerException.class, () -> BigFraction.ONE.multiply((BigFraction) null));
        Assertions.assertThrows(NullPointerException.class, () -> BigFraction.ONE.multiply((BigInteger) null));
    }",BigFractionTest::testMultiply_oe
commons-numbers_336,"@Test
    void testPow_oe() {
        for (final CommonTestCases.BinaryIntOperatorTestCase testCase : CommonTestCases.powTestCases()) {
            final BigFraction f1 = BigFraction.of(testCase.firstOperandNumerator, testCase.firstOperandDenominator);
            final int exponent = testCase.secondOperand;
            assertFraction(testCase.expectedNumerator, testCase.expectedDenominator, f1.pow(exponent));
        }

        // Note: BigInteger magnitude is limited to 2^Integer.MAX_VALUE exclusive
        // in the reference implementation (up to at least JDK 14).
        Assertions.assertThrows(ArithmeticException.class, () -> BigFraction.of(2).pow(Integer.MAX_VALUE));
        Assertions.assertThrows(ArithmeticException.class, () -> BigFraction.of(1, 2).pow(Integer.MAX_VALUE));
        Assertions.assertThrows(ArithmeticException.class, () -> BigFraction.of(2).pow(-Integer.MAX_VALUE));
        Assertions.assertThrows(ArithmeticException.class, () -> BigFraction.of(1, 2).pow(-Integer.MAX_VALUE));
    }",BigFractionTest::testPow_oe
commons-numbers_337,"@Test
    void testSubtract_oe() {
        for (final CommonTestCases.BinaryOperatorTestCase testCase : CommonTestCases.subtractFractionTestCases()) {
            final BigFraction f1 = BigFraction.of(testCase.firstOperandNumerator, testCase.firstOperandDenominator);
            final BigFraction f2 = BigFraction.of(testCase.secondOperandNumerator, testCase.secondOperandDenominator);
            assertFraction(testCase.expectedNumerator, testCase.expectedDenominator, f1.subtract(f2));
        }
        for (final CommonTestCases.BinaryIntOperatorTestCase testCase : CommonTestCases.subtractIntTestCases()) {
            final BigFraction f1 = BigFraction.of(testCase.firstOperandNumerator, testCase.firstOperandDenominator);
            final int i2 = testCase.secondOperand;
            assertFraction(testCase.expectedNumerator, testCase.expectedDenominator, f1.subtract(i2));
            assertFraction(testCase.expectedNumerator, testCase.expectedDenominator, f1.subtract((long) i2));
            assertFraction(testCase.expectedNumerator, testCase.expectedDenominator, f1.subtract(BigInteger.valueOf(i2)));
        }

        Assertions.assertThrows(NullPointerException.class, () -> BigFraction.ONE.subtract((BigFraction) null));
        Assertions.assertThrows(NullPointerException.class, () -> BigFraction.ONE.subtract((BigInteger) null));
    }",BigFractionTest::testSubtract_oe
commons-numbers_338,"@Test
    void testEqualsAndHashCode_oe() {
        final BigFraction zero = BigFraction.of(0, 1);
        Assertions.assertEquals(zero, zero);
        Assertions.assertNotEquals(zero, null);
        Assertions.assertNotEquals(zero, new Object());
        Assertions.assertNotEquals(zero, Double.valueOf(0));

        // Equal to same rational number
        final BigFraction zero2 = BigFraction.of(0, 2);
        assertEqualAndHashCodeEqual(zero, zero2);

        // Not equal to different rational number
        final BigFraction one = BigFraction.of(1, 1);
        Assertions.assertNotEquals(zero, one);
        Assertions.assertNotEquals(one, zero);

        // Test using different representations of the same fraction
        // (Denominators are primes)
        for (final int[] f : new int[][] {{1, 1}, {2, 3}, {6826, 15373}, {1373, 103813}, {0, 3}}) {
            final int num = f[0];
            final int den = f[1];
            BigFraction f1 = BigFraction.of(-num, den);
            BigFraction f2 = BigFraction.of(num, -den);
            assertEqualAndHashCodeEqual(f1, f2);
            assertEqualAndHashCodeEqual(f2, f1);
            f1 = BigFraction.of(num, den);
            f2 = BigFraction.of(-num, -den);
            assertEqualAndHashCodeEqual(f1, f2);
            assertEqualAndHashCodeEqual(f2, f1);
        }

        // Same numerator or denominator as 1/1
        final BigFraction half = BigFraction.of(1, 2);
        final BigFraction two = BigFraction.of(2, 1);
        Assertions.assertNotEquals(one, half);
        Assertions.assertNotEquals(one, two);
    }",BigFractionTest::testEqualsAndHashCode_oe
commons-numbers_339,"@Test
    void testAdditiveNeutral_oe() {
        Assertions.assertEquals(BigFraction.ZERO, BigFraction.ONE.zero());
    }",BigFractionTest::testAdditiveNeutral_oe
commons-numbers_340,"@Test
    void testMultiplicativeNeutral_oe() {
        Assertions.assertEquals(BigFraction.ONE, BigFraction.ZERO.one());
    }",BigFractionTest::testMultiplicativeNeutral_oe
commons-numbers_341,"@Test
    void testSerial_oe() {
        final BigFraction[] fractions = {
            BigFraction.of(3, 4), BigFraction.ONE, BigFraction.ZERO,
            BigFraction.of(17), BigFraction.from(Math.PI, 1000),
            BigFraction.of(-5, 2)
        };
        for (final BigFraction fraction : fractions) {
            Assertions.assertEquals(fraction,TestUtils.serializeAndRecover(fraction));
        }
    }",BigFractionTest::testSerial_oe
commons-numbers_342,"@Test
    void testToString_oe() {
        Assertions.assertEquals(""0"", BigFraction.of(0, 3).toString());
        Assertions.assertEquals(""0"", BigFraction.of(0, -3).toString());
        Assertions.assertEquals(""3"", BigFraction.of(6, 2).toString());
        Assertions.assertEquals(""2 / 3"", BigFraction.of(18, 27).toString());
        Assertions.assertEquals(""-10 / 11"", BigFraction.of(-10, 11).toString());
        Assertions.assertEquals(""10 / -11"", BigFraction.of(10, -11).toString());
    }",BigFractionTest::testToString_oe
commons-numbers_343,"@Test
    void testParse_oe() {
        final String[] validExpressions = new String[] {
            ""1 / 2"",
            ""-1 / 2"",
            ""1 / -2"",
            ""-1 / -2"",
            ""01 / 2"",
            ""01 / 02"",
            ""-01 / 02"",
            ""01 / -02"",
            ""15 / 16"",
            ""-2 / 3"",
            ""8 / 7"",
            ""5"",
            ""-3"",
            ""-3"",
            ""2147,483,647 / 2,147,483,648"", //over largest int value
            ""9,223,372,036,854,775,807 / 9,223,372,036,854,775,808"" //over largest long value
        };
        final BigFraction[] fractions = {
                BigFraction.of(1, 2),
                BigFraction.of(-1, 2),
                BigFraction.of(1, -2),
                BigFraction.of(-1, -2),
                BigFraction.of(1, 2),
                BigFraction.of(1, 2),
                BigFraction.of(-1, 2),
                BigFraction.of(1, -2),
                BigFraction.of(15, 16),
                BigFraction.of(-2, 3),
                BigFraction.of(8, 7),
                BigFraction.of(5, 1),
                BigFraction.of(-3, 1),
                BigFraction.of(3, -1),
                BigFraction.of(2147483647, 2147483648L),
                BigFraction.of(new BigInteger(""9223372036854775807""),
                               new BigInteger(""9223372036854775808""))
        };
        int inc = 0;
        for (final BigFraction fraction: fractions) {
            Assertions.assertEquals(fraction,BigFraction.parse(validExpressions[inc]));
            inc++;
        }

        Assertions.assertThrows(NumberFormatException.class, () -> BigFraction.parse(""1 // 2""));
        Assertions.assertThrows(NumberFormatException.class, () -> BigFraction.parse(""1 / z""));
        Assertions.assertThrows(NumberFormatException.class, () -> BigFraction.parse(""1 / --2""));
        Assertions.assertThrows(NumberFormatException.class, () -> BigFraction.parse(""x""));
    }",BigFractionTest::testParse_oe
commons-numbers_344,"@Test
    void testMath340_oe() {
        final BigFraction fractionA = BigFraction.from(0.00131);
        final BigFraction fractionB = BigFraction.from(.37).reciprocal();
        final BigFraction errorResult = fractionA.multiply(fractionB);
        final BigFraction correctResult = BigFraction.of(fractionA.getNumerator().multiply(fractionB.getNumerator()),
                                                   fractionA.getDenominator().multiply(fractionB.getDenominator()));
        Assertions.assertEquals(correctResult, errorResult);
    }",BigFractionTest::testMath340_oe
commons-numbers_345,"@Test
    void testNumbers150_oe() {
        // zero to negative powers should throw an exception
        Assertions.assertThrows(ArithmeticException.class, () -> BigFraction.ZERO.pow(-1));
        Assertions.assertThrows(ArithmeticException.class, () -> BigFraction.ZERO.pow(Integer.MIN_VALUE));

        // shall overflow
        final BigFraction f2 = BigFraction.of(2);
        Assertions.assertThrows(ArithmeticException.class, () -> f2.pow(Integer.MIN_VALUE));
        final BigFraction f12 = BigFraction.of(1, 2);
        Assertions.assertThrows(ArithmeticException.class, () -> f12.pow(Integer.MIN_VALUE));
    }",BigFractionTest::testNumbers150_oe
commons-numbers_346,"@Test
    void testConstructor_oe() {
        for (final CommonTestCases.UnaryOperatorTestCase testCase : CommonTestCases.numDenConstructorTestCases()) {
            assertFraction(
                    testCase.expectedNumerator,
                    testCase.expectedDenominator,
                    Fraction.of(testCase.operandNumerator, testCase.operandDenominator)
            );
        }

        // Special cases.
        assertFraction(Integer.MIN_VALUE, -1, Fraction.of(Integer.MIN_VALUE, -1));
        assertFraction(1, Integer.MIN_VALUE, Fraction.of(1, Integer.MIN_VALUE));
        assertFraction(-1, Integer.MIN_VALUE, Fraction.of(-1, Integer.MIN_VALUE));
        assertFraction(1, 1, Fraction.of(Integer.MIN_VALUE, Integer.MIN_VALUE));

        // Divide by zero
        Assertions.assertThrows(ArithmeticException.class, () -> Fraction.of(1, 0));
    }",FractionTest::testConstructor_oe
commons-numbers_347,"@Test
    void testConstructorZero_oe() {
        Assertions.assertSame(Fraction.ZERO, Fraction.from(0.0));
        Assertions.assertSame(Fraction.ZERO, Fraction.from(0.0, 1e-10, 100));
        Assertions.assertSame(Fraction.ZERO, Fraction.from(0.0, 100));
        Assertions.assertSame(Fraction.ZERO, Fraction.of(0));
        Assertions.assertSame(Fraction.ZERO, Fraction.of(0, 1));
        Assertions.assertSame(Fraction.ZERO, Fraction.of(0, -1));
    }",FractionTest::testConstructorZero_oe
commons-numbers_348,"@Test
    void testDoubleConstructor_oe() throws Exception  {
        for (final CommonTestCases.DoubleToFractionTestCase testCase : CommonTestCases.doubleConstructorTestCases()) {
            assertFraction(
                    testCase.expectedNumerator,
                    testCase.expectedDenominator,
                    Fraction.from(testCase.operand)
            );
        }

        // Cases with different exact results from BigFraction
        assertFraction(1, 3, Fraction.from(1.0 / 3.0));
        assertFraction(17, 100, Fraction.from(17.0 / 100.0));
        assertFraction(317, 100, Fraction.from(317.0 / 100.0));
        assertFraction(-1, 3, Fraction.from(-1.0 / 3.0));
        assertFraction(-17, 100, Fraction.from(17.0 / -100.0));
        assertFraction(-317, 100, Fraction.from(-317.0 / 100.0));
    }",FractionTest::testDoubleConstructor_oe
commons-numbers_349,"@Test
    void testDoubleConstructorWithMaxDenominator_oe() throws Exception  {
        for (final CommonTestCases.DoubleToFractionTestCase testCase : CommonTestCases.doubleMaxDenomConstructorTestCases()) {
            assertFraction(
                    testCase.expectedNumerator,
                    testCase.expectedDenominator,
                    Fraction.from(testCase.operand, testCase.maxDenominator)
            );
        }

        // Cases with different exact results from BigFraction
        assertFraction(Integer.MIN_VALUE, -1, Fraction.from(Integer.MIN_VALUE * -1.0, 2));
        assertFraction(Integer.MIN_VALUE, -3, Fraction.from(Integer.MIN_VALUE / -3.0, 10));
        assertFraction(1, Integer.MIN_VALUE, Fraction.from(1.0 / Integer.MIN_VALUE, Integer.MIN_VALUE));
        assertFraction(-1, Integer.MIN_VALUE, Fraction.from(-1.0 / Integer.MIN_VALUE, Integer.MIN_VALUE));

        Assertions.assertThrows(IllegalArgumentException.class, () -> Fraction.from(1.0, 0));
    }",FractionTest::testDoubleConstructorWithMaxDenominator_oe
commons-numbers_350,"@Test
    void testDoubleConstructorThrows_oe() {
        final double eps = 1e-5;
        final int maxIterations = Integer.MAX_VALUE;
        final int maxDenominator = Integer.MAX_VALUE;
        for (final double value : new double[] {Double.NaN, Double.POSITIVE_INFINITY, Double.NEGATIVE_INFINITY}) {
            Assertions.assertThrows(IllegalArgumentException.class, () -> Fraction.from(value));
            Assertions.assertThrows(IllegalArgumentException.class, () -> Fraction.from(value, eps, maxIterations));
            Assertions.assertThrows(IllegalArgumentException.class, () -> Fraction.from(value, maxDenominator));
        }
        Assertions.assertThrows(IllegalArgumentException.class, () -> Fraction.from(1.0, Double.NaN, maxIterations));
        Assertions.assertThrows(IllegalArgumentException.class, () -> Fraction.from(1.0, -1.0, maxIterations));
        Assertions.assertThrows(IllegalArgumentException.class, () -> Fraction.from(1.0, eps, 0));
        // Test a zero epsilon is allowed
        assertFraction(1, 1, Fraction.from(1.0, 0, maxIterations));
    }",FractionTest::testDoubleConstructorThrows_oe
commons-numbers_351,"@Test
    void testDoubleConstructorGoldenRatioThrows_oe() {
        // the golden ratio is notoriously a difficult number for continuous fraction
        Assertions.assertThrows(ArithmeticException.class,
            () -> Fraction.from((1 + Math.sqrt(5)) / 2, 1.0e-12, 25)
        );
    }",FractionTest::testDoubleConstructorGoldenRatioThrows_oe
commons-numbers_352,"@Test
    void testDoubleConstructorWithMaxDenominatorOverFlow_oe() {
        Assertions.assertThrows(ArithmeticException.class,
            () -> Fraction.from(1e10, 1000)
        );
        Assertions.assertThrows(ArithmeticException.class,
            () -> Fraction.from(-1e10, 1000)
        );
    }",FractionTest::testDoubleConstructorWithMaxDenominatorOverFlow_oe
commons-numbers_353,"@Test
    void testDoubleConstructorOverflow_oe() {
        assertDoubleConstructorOverflow(0.75000000001455192);
        assertDoubleConstructorOverflow(1.0e10);
        assertDoubleConstructorOverflow(-1.0e10);
        assertDoubleConstructorOverflow(-43979.60679604749);
    }",FractionTest::testDoubleConstructorOverflow_oe
commons-numbers_354,"@Test
    void testDoubleConstructorWithEpsilonLimit_oe() throws Exception  {
        assertFraction(2, 5, Fraction.from(0.4, 1.0e-5, 100));

        assertFraction(3, 5,      Fraction.from(0.6152, 0.02, 100));
        assertFraction(8, 13,     Fraction.from(0.6152, 1.0e-3, 100));
        assertFraction(251, 408,  Fraction.from(0.6152, 1.0e-4, 100));
        assertFraction(251, 408,  Fraction.from(0.6152, 1.0e-5, 100));
        assertFraction(510, 829,  Fraction.from(0.6152, 1.0e-6, 100));
        assertFraction(769, 1250, Fraction.from(0.6152, 1.0e-7, 100));
    }",FractionTest::testDoubleConstructorWithEpsilonLimit_oe
commons-numbers_355,"@Test
    void testCompareTo_oe() {
        final Fraction a = Fraction.of(1, 2);
        final Fraction b = Fraction.of(1, 3);
        final Fraction c = Fraction.of(1, 2);
        final Fraction d = Fraction.of(-1, 2);
        final Fraction e = Fraction.of(1, -2);
        final Fraction f = Fraction.of(-1, -2);
        final Fraction g = Fraction.of(-1, Integer.MIN_VALUE);

        Assertions.assertEquals(0, a.compareTo(a));
        Assertions.assertEquals(0, a.compareTo(c));
        Assertions.assertEquals(1, a.compareTo(b));
        Assertions.assertEquals(-1, b.compareTo(a));
        Assertions.assertEquals(-1, d.compareTo(a));
        Assertions.assertEquals(1, a.compareTo(d));
        Assertions.assertEquals(-1, e.compareTo(a));
        Assertions.assertEquals(1, a.compareTo(e));
        Assertions.assertEquals(0, d.compareTo(e));
        Assertions.assertEquals(0, a.compareTo(f));
        Assertions.assertEquals(0, f.compareTo(a));
        Assertions.assertEquals(1, f.compareTo(e));
        Assertions.assertEquals(-1, e.compareTo(f));
        Assertions.assertEquals(-1, g.compareTo(a));
        Assertions.assertEquals(-1, g.compareTo(f));
        Assertions.assertEquals(1, a.compareTo(g));
        Assertions.assertEquals(-1, d.compareTo(g));

        Assertions.assertEquals(0, Fraction.of(0, 3).compareTo(Fraction.of(0, -2)));

        // these two values are different approximations of PI
        // the first  one is approximately PI - 3.07e-18
        // the second one is approximately PI + 1.936e-17
        final Fraction pi1 = Fraction.of(1068966896, 340262731);
        final Fraction pi2 = Fraction.of(411557987, 131002976);
        Assertions.assertEquals(-1, pi1.compareTo(pi2));
        Assertions.assertEquals(1, pi2.compareTo(pi1));
        Assertions.assertEquals(0.0, pi1.doubleValue() - pi2.doubleValue(), 1.0e-20);

        Assertions.assertEquals(0, ZERO_P.compareTo(ZERO_N));
    }",FractionTest::testCompareTo_oe
commons-numbers_356,"@Test
    void testDoubleValue_oe() {
        assertDoubleValue(0.5, 1, 2);
        assertDoubleValue(-0.5, -1, 2);
        assertDoubleValue(-0.5, 1, -2);
        assertDoubleValue(0.5, -1, -2);
        assertDoubleValue(1.0 / 3.0, 1, 3);

        Assertions.assertEquals(0.0, Fraction.ZERO.doubleValue());
        Assertions.assertEquals(0.0, ZERO_P.doubleValue());
        Assertions.assertEquals(0.0, ZERO_N.doubleValue());
    }",FractionTest::testDoubleValue_oe
commons-numbers_357,"@Test
    void testFloatValue_oe() {
        Assertions.assertEquals(0.5f, Fraction.of(1, 2).floatValue());
        Assertions.assertEquals(0.5f, Fraction.of(-1, -2).floatValue());
        Assertions.assertEquals(-0.5f, Fraction.of(-1, 2).floatValue());
        Assertions.assertEquals(-0.5f, Fraction.of(1, -2).floatValue());

        final float e = 1f / 3f;
        Assertions.assertEquals(e, Fraction.of(1, 3).floatValue());
        Assertions.assertEquals(e, Fraction.of(-1, -3).floatValue());
        Assertions.assertEquals(-e, Fraction.of(-1, 3).floatValue());
        Assertions.assertEquals(-e, Fraction.of(1, -3).floatValue());

        Assertions.assertEquals(0.0f, ZERO_P.floatValue());
        Assertions.assertEquals(0.0f, ZERO_N.floatValue());
    }",FractionTest::testFloatValue_oe
commons-numbers_358,"@Test
    void testIntValue_oe() {
        Assertions.assertEquals(0, Fraction.of(1, 2).intValue());
        Assertions.assertEquals(0, Fraction.of(-1, -2).intValue());
        Assertions.assertEquals(0, Fraction.of(-1, 2).intValue());
        Assertions.assertEquals(0, Fraction.of(1, -2).intValue());

        Assertions.assertEquals(1, Fraction.of(3, 2).intValue());
        Assertions.assertEquals(1, Fraction.of(-3, -2).intValue());
        Assertions.assertEquals(-1, Fraction.of(-3, 2).intValue());
        Assertions.assertEquals(-1, Fraction.of(3, -2).intValue());

        Assertions.assertEquals(0, Fraction.of(1, Integer.MIN_VALUE).intValue());
        Assertions.assertEquals(0, Fraction.of(-1, Integer.MIN_VALUE).intValue());
        Assertions.assertEquals(Integer.MIN_VALUE, Fraction.of(Integer.MIN_VALUE, 1).intValue());
        Assertions.assertEquals(Integer.MAX_VALUE, Fraction.of(Integer.MIN_VALUE, -1).intValue());

        Assertions.assertEquals(0, ZERO_P.intValue());
        Assertions.assertEquals(0, ZERO_N.intValue());
    }",FractionTest::testIntValue_oe
commons-numbers_359,"@Test
    void testLongValue_oe() {
        Assertions.assertEquals(0L, Fraction.of(1, 2).longValue());
        Assertions.assertEquals(0L, Fraction.of(-1, -2).longValue());
        Assertions.assertEquals(0L, Fraction.of(-1, 2).longValue());
        Assertions.assertEquals(0L, Fraction.of(1, -2).longValue());

        Assertions.assertEquals(1L, Fraction.of(3, 2).longValue());
        Assertions.assertEquals(1L, Fraction.of(-3, -2).longValue());
        Assertions.assertEquals(-1L, Fraction.of(-3, 2).longValue());
        Assertions.assertEquals(-1L, Fraction.of(3, -2).longValue());

        Assertions.assertEquals(0, Fraction.of(1, Integer.MIN_VALUE).longValue());
        Assertions.assertEquals(0, Fraction.of(-1, Integer.MIN_VALUE).longValue());
        Assertions.assertEquals(Integer.MIN_VALUE, Fraction.of(Integer.MIN_VALUE, 1).longValue());
        Assertions.assertEquals(Integer.MAX_VALUE + 1L, Fraction.of(Integer.MIN_VALUE, -1).longValue());

        Assertions.assertEquals(0L, ZERO_P.longValue());
        Assertions.assertEquals(0L, ZERO_N.longValue());
    }",FractionTest::testLongValue_oe
commons-numbers_360,"@Test
    void testAbs_oe() {
        for (final CommonTestCases.UnaryOperatorTestCase testCase : CommonTestCases.absTestCases()) {
            final Fraction f = Fraction.of(testCase.operandNumerator, testCase.operandDenominator);
            assertFraction(testCase.expectedNumerator, testCase.expectedDenominator, f.abs());
        }
    }",FractionTest::testAbs_oe
commons-numbers_361,"@Test
    void testReciprocal_oe() {
        for (final CommonTestCases.UnaryOperatorTestCase testCase : CommonTestCases.reciprocalTestCases()) {
            final Fraction f = Fraction.of(testCase.operandNumerator, testCase.operandDenominator);
            assertFraction(testCase.expectedNumerator, testCase.expectedDenominator, f.reciprocal());
        }

        final Fraction f = Fraction.of(0, 3);
        Assertions.assertThrows(ArithmeticException.class, f::reciprocal);
    }",FractionTest::testReciprocal_oe
commons-numbers_362,"@Test
    void testNegate_oe() {
        for (final CommonTestCases.UnaryOperatorTestCase testCase : CommonTestCases.negateTestCases()) {
            final Fraction f = Fraction.of(testCase.operandNumerator, testCase.operandDenominator);
            assertFraction(testCase.expectedNumerator, testCase.expectedDenominator, f.negate());
        }

        // Test special cases of negation that differ from BigFraction.
        final Fraction one = Fraction.of(Integer.MIN_VALUE, Integer.MIN_VALUE);
        assertFraction(-1, 1, one.negate());
        // Special case where the negation of the numerator is not possible.
        final Fraction minValue = Fraction.of(Integer.MIN_VALUE, 1);
        assertFraction(Integer.MIN_VALUE, -1, minValue.negate());
    }",FractionTest::testNegate_oe
commons-numbers_363,"@Test
    void testAdd_oe() {
        for (final CommonTestCases.BinaryOperatorTestCase testCase : CommonTestCases.addFractionTestCases()) {
            final Fraction f1 = Fraction.of(testCase.firstOperandNumerator, testCase.firstOperandDenominator);
            final Fraction f2 = Fraction.of(testCase.secondOperandNumerator, testCase.secondOperandDenominator);
            assertFraction(testCase.expectedNumerator, testCase.expectedDenominator, f1.add(f2));
        }
        for (final CommonTestCases.BinaryIntOperatorTestCase testCase : CommonTestCases.addIntTestCases()) {
            final Fraction f1 = Fraction.of(testCase.firstOperandNumerator, testCase.firstOperandDenominator);
            final int i2 = testCase.secondOperand;
            assertFraction(testCase.expectedNumerator, testCase.expectedDenominator, f1.add(i2));
        }
        for (final CommonTestCases.BinaryOperatorTestCase testCase : addFractionOverflowTestCases()) {
            final Fraction f1 = Fraction.of(testCase.firstOperandNumerator, testCase.firstOperandDenominator);
            final Fraction f2 = Fraction.of(testCase.secondOperandNumerator, testCase.secondOperandDenominator);
            Assertions.assertThrows(ArithmeticException.class, () -> f1.add(f2));
        }
        for (final CommonTestCases.BinaryIntOperatorTestCase testCase : addIntOverflowTestCases()) {
            final Fraction f1 = Fraction.of(testCase.firstOperandNumerator, testCase.firstOperandDenominator);
            final int i2 = testCase.secondOperand;
            Assertions.assertThrows(ArithmeticException.class, () -> f1.add(i2));
        }

        Assertions.assertThrows(NullPointerException.class, () -> Fraction.ONE.add((Fraction) null));

        // Edge case
        assertFraction(Integer.MIN_VALUE, -1, Fraction.ZERO.add(Fraction.of(Integer.MIN_VALUE, -1)));
        assertFraction(Integer.MIN_VALUE, 1, Fraction.ZERO.add(Fraction.of(Integer.MIN_VALUE, 1)));
        assertFraction(Integer.MIN_VALUE, 1, Fraction.ZERO.add(Integer.MIN_VALUE));
    }",FractionTest::testAdd_oe
commons-numbers_364,"@Test
    void testDivide_oe() {
        for (final CommonTestCases.BinaryOperatorTestCase testCase : CommonTestCases.divideByFractionTestCases()) {
            final Fraction f1 = Fraction.of(testCase.firstOperandNumerator, testCase.firstOperandDenominator);
            final Fraction f2 = Fraction.of(testCase.secondOperandNumerator, testCase.secondOperandDenominator);
            assertFraction(testCase.expectedNumerator, testCase.expectedDenominator, f1.divide(f2));
        }
        for (final CommonTestCases.BinaryIntOperatorTestCase testCase : CommonTestCases.divideByIntTestCases()) {
            final Fraction f1 = Fraction.of(testCase.firstOperandNumerator, testCase.firstOperandDenominator);
            final int i2 = testCase.secondOperand;
            assertFraction(testCase.expectedNumerator, testCase.expectedDenominator, f1.divide(i2));
        }
        for (final CommonTestCases.BinaryOperatorTestCase testCase : divideByFractionOverflowTestCases()) {
            final Fraction f1 = Fraction.of(testCase.firstOperandNumerator, testCase.firstOperandDenominator);
            final Fraction f2 = Fraction.of(testCase.secondOperandNumerator, testCase.secondOperandDenominator);
            Assertions.assertThrows(ArithmeticException.class, () -> f1.divide(f2));
        }
        for (final CommonTestCases.BinaryIntOperatorTestCase testCase : divideByIntOverflowTestCases()) {
            final Fraction f1 = Fraction.of(testCase.firstOperandNumerator, testCase.firstOperandDenominator);
            final int i2 = testCase.secondOperand;
            Assertions.assertThrows(ArithmeticException.class, () -> f1.divide(i2));
        }

        Assertions.assertThrows(NullPointerException.class, () -> Fraction.ONE.divide((Fraction) null));

        Assertions.assertThrows(FractionException.class, () -> Fraction.of(1, 2).divide(Fraction.ZERO));
        Assertions.assertThrows(FractionException.class, () -> Fraction.of(1, 2).divide(0));
    }",FractionTest::testDivide_oe
commons-numbers_365,"@Test
    void testMultiply_oe() {
        for (final CommonTestCases.BinaryOperatorTestCase testCase : CommonTestCases.multiplyByFractionTestCases()) {
            final Fraction f1 = Fraction.of(testCase.firstOperandNumerator, testCase.firstOperandDenominator);
            final Fraction f2 = Fraction.of(testCase.secondOperandNumerator, testCase.secondOperandDenominator);
            assertFraction(testCase.expectedNumerator, testCase.expectedDenominator, f1.multiply(f2));
        }
        for (final CommonTestCases.BinaryIntOperatorTestCase testCase : CommonTestCases.multiplyByIntTestCases()) {
            final Fraction f1 = Fraction.of(testCase.firstOperandNumerator, testCase.firstOperandDenominator);
            final int i2 = testCase.secondOperand;
            assertFraction(testCase.expectedNumerator, testCase.expectedDenominator, f1.multiply(i2));
        }
        for (final CommonTestCases.BinaryOperatorTestCase testCase : multiplyByFractionOverflowTestCases()) {
            final Fraction f1 = Fraction.of(testCase.firstOperandNumerator, testCase.firstOperandDenominator);
            final Fraction f2 = Fraction.of(testCase.secondOperandNumerator, testCase.secondOperandDenominator);
            Assertions.assertThrows(ArithmeticException.class, () -> f1.multiply(f2));
        }
        for (final CommonTestCases.BinaryIntOperatorTestCase testCase : multiplyByIntOverflowTestCases()) {
            final Fraction f1 = Fraction.of(testCase.firstOperandNumerator, testCase.firstOperandDenominator);
            final int i2 = testCase.secondOperand;
            Assertions.assertThrows(ArithmeticException.class, () -> f1.multiply(i2));
        }

        Assertions.assertThrows(NullPointerException.class, () -> Fraction.ONE.multiply((Fraction) null));
    }",FractionTest::testMultiply_oe
commons-numbers_366,"@Test
    void testPow_oe() {
        for (final CommonTestCases.BinaryIntOperatorTestCase testCase : CommonTestCases.powTestCases()) {
            final Fraction f1 = Fraction.of(testCase.firstOperandNumerator, testCase.firstOperandDenominator);
            final int exponent = testCase.secondOperand;
            assertFraction(testCase.expectedNumerator, testCase.expectedDenominator, f1.pow(exponent));
        }

        Assertions.assertThrows(ArithmeticException.class, () -> Fraction.of(Integer.MAX_VALUE).pow(2));
        Assertions.assertThrows(ArithmeticException.class, () -> Fraction.of(1, Integer.MAX_VALUE).pow(2));
        Assertions.assertThrows(ArithmeticException.class, () -> Fraction.of(Integer.MAX_VALUE).pow(-2));
        Assertions.assertThrows(ArithmeticException.class, () -> Fraction.of(1, Integer.MAX_VALUE).pow(-2));
    }",FractionTest::testPow_oe
commons-numbers_367,"@Test
    void testSubtract_oe() {
        for (final CommonTestCases.BinaryOperatorTestCase testCase : CommonTestCases.subtractFractionTestCases()) {
            final Fraction f1 = Fraction.of(testCase.firstOperandNumerator, testCase.firstOperandDenominator);
            final Fraction f2 = Fraction.of(testCase.secondOperandNumerator, testCase.secondOperandDenominator);
            assertFraction(testCase.expectedNumerator, testCase.expectedDenominator, f1.subtract(f2));
        }
        for (final CommonTestCases.BinaryIntOperatorTestCase testCase : CommonTestCases.subtractIntTestCases()) {
            final Fraction f1 = Fraction.of(testCase.firstOperandNumerator, testCase.firstOperandDenominator);
            final int i2 = testCase.secondOperand;
            assertFraction(testCase.expectedNumerator, testCase.expectedDenominator, f1.subtract(i2));
        }
        for (final CommonTestCases.BinaryOperatorTestCase testCase : subtractFractionOverflowTestCases()) {
            final Fraction f1 = Fraction.of(testCase.firstOperandNumerator, testCase.firstOperandDenominator);
            final Fraction f2 = Fraction.of(testCase.secondOperandNumerator, testCase.secondOperandDenominator);
            Assertions.assertThrows(ArithmeticException.class, () -> f1.subtract(f2));
        }
        for (final CommonTestCases.BinaryIntOperatorTestCase testCase : subtractIntOverflowTestCases()) {
            final Fraction f1 = Fraction.of(testCase.firstOperandNumerator, testCase.firstOperandDenominator);
            final int i2 = testCase.secondOperand;
            Assertions.assertThrows(ArithmeticException.class, () -> f1.subtract(i2));
        }

        Assertions.assertThrows(NullPointerException.class, () -> Fraction.ONE.add((Fraction) null));

        // Edge case
        assertFraction(Integer.MIN_VALUE, 1, Fraction.ZERO.subtract(Fraction.of(Integer.MIN_VALUE, -1)));
        assertFraction(Integer.MIN_VALUE, -1, Fraction.ZERO.subtract(Fraction.of(Integer.MIN_VALUE, 1)));
        assertFraction(Integer.MIN_VALUE, -1, Fraction.ZERO.subtract(Integer.MIN_VALUE));
    }",FractionTest::testSubtract_oe
commons-numbers_368,"@Test
    void testEqualsAndHashCode_oe() {
        final Fraction zero = Fraction.of(0, 1);
        Assertions.assertEquals(zero, zero);
        Assertions.assertNotEquals(zero, null);
        Assertions.assertNotEquals(zero, new Object());
        Assertions.assertNotEquals(zero, Double.valueOf(0));

        // Equal to same rational number
        final Fraction zero2 = Fraction.of(0, 2);
        assertEqualAndHashCodeEqual(zero, zero2);

        // Not equal to different rational number
        final Fraction one = Fraction.of(1, 1);
        Assertions.assertNotEquals(zero, one);
        Assertions.assertNotEquals(one, zero);

        // Test using different representations of the same fraction
        // (Denominators are primes)
        for (final int[] f : new int[][] {{1, 1}, {2, 3}, {6826, 15373}, {1373, 103813}, {0, 3}}) {
            final int num = f[0];
            final int den = f[1];
            Fraction f1 = Fraction.of(-num, den);
            Fraction f2 = Fraction.of(num, -den);
            assertEqualAndHashCodeEqual(f1, f2);
            assertEqualAndHashCodeEqual(f2, f1);
            f1 = Fraction.of(num, den);
            f2 = Fraction.of(-num, -den);
            assertEqualAndHashCodeEqual(f1, f2);
            assertEqualAndHashCodeEqual(f2, f1);
        }

        // Same numerator or denominator as 1/1
        final Fraction half = Fraction.of(1, 2);
        final Fraction two = Fraction.of(2, 1);
        Assertions.assertNotEquals(one, half);
        Assertions.assertNotEquals(one, two);

        // Check worst case fractions which will have a component using MIN_VALUE.
        // Note: abs(MIN_VALUE) is negative but this should not effect the equals result.
        final Fraction almostOne = Fraction.of(Integer.MIN_VALUE, Integer.MAX_VALUE);
        final Fraction almostOne2 = Fraction.of(Integer.MIN_VALUE, -Integer.MAX_VALUE);
        Assertions.assertEquals(almostOne, almostOne);
        Assertions.assertNotEquals(almostOne, almostOne2);
        final Fraction almostZero = Fraction.of(-1, Integer.MIN_VALUE);
        final Fraction almostZero2 = Fraction.of(1, Integer.MIN_VALUE);
        Assertions.assertEquals(almostZero, almostZero);
        Assertions.assertNotEquals(almostZero, almostZero2);
    }",FractionTest::testEqualsAndHashCode_oe
commons-numbers_369,"@Test
    void testAdditiveNeutral_oe() {
        Assertions.assertEquals(Fraction.ZERO, Fraction.ONE.zero());
    }",FractionTest::testAdditiveNeutral_oe
commons-numbers_370,"@Test
    void testMultiplicativeNeutral_oe() {
        Assertions.assertEquals(Fraction.ONE, Fraction.ZERO.one());
    }",FractionTest::testMultiplicativeNeutral_oe
commons-numbers_371,"@Test
    void testSerial_oe() {
        final Fraction[] fractions = {
            Fraction.of(3, 4), Fraction.ONE, Fraction.ZERO,
            Fraction.of(17), Fraction.from(Math.PI, 1000),
            Fraction.of(-5, 2)
        };
        for (final Fraction fraction : fractions) {
            Assertions.assertEquals(fraction,TestUtils.serializeAndRecover(fraction));
        }
    }",FractionTest::testSerial_oe
commons-numbers_372,"@Test
    void testToString_oe() {
        Assertions.assertEquals(""0"", Fraction.of(0, 3).toString());
        Assertions.assertEquals(""0"", Fraction.of(0, -3).toString());
        Assertions.assertEquals(""3"", Fraction.of(6, 2).toString());
        Assertions.assertEquals(""2 / 3"", Fraction.of(18, 27).toString());
        Assertions.assertEquals(""-10 / 11"", Fraction.of(-10, 11).toString());
        Assertions.assertEquals(""10 / -11"", Fraction.of(10, -11).toString());
    }",FractionTest::testToString_oe
commons-numbers_373,"@Test
    void testParse_oe() {
        final String[] validExpressions = new String[] {
            ""1 / 2"",
            ""-1 / 2"",
            ""1 / -2"",
            ""-1 / -2"",
            ""01 / 2"",
            ""01 / 02"",
            ""-01 / 02"",
            ""01 / -02"",
            ""15 / 16"",
            ""-2 / 3"",
            ""8 / 7"",
            ""5"",
            ""-3"",
            ""-3""
        };
        final Fraction[] fractions = {
            Fraction.of(1, 2),
            Fraction.of(-1, 2),
            Fraction.of(1, -2),
            Fraction.of(-1, -2),
            Fraction.of(1, 2),
            Fraction.of(1, 2),
            Fraction.of(-1, 2),
            Fraction.of(1, -2),
            Fraction.of(15, 16),
            Fraction.of(-2, 3),
            Fraction.of(8, 7),
            Fraction.of(5, 1),
            Fraction.of(-3, 1),
            Fraction.of(3, -1),
        };
        int inc = 0;
        for (final Fraction fraction : fractions) {
            Assertions.assertEquals(fraction,Fraction.parse(validExpressions[inc]));
            inc++;
        }

        Assertions.assertThrows(NumberFormatException.class, () -> Fraction.parse(""1 // 2""));
        Assertions.assertThrows(NumberFormatException.class, () -> Fraction.parse(""1 / z""));
        Assertions.assertThrows(NumberFormatException.class, () -> Fraction.parse(""1 / --2""));
        Assertions.assertThrows(NumberFormatException.class, () -> Fraction.parse(""x""));
    }",FractionTest::testParse_oe
commons-numbers_374,"@Test
    void testMath1261_oe() {
        final Fraction a = Fraction.of(Integer.MAX_VALUE, 2);
        assertFraction(Integer.MAX_VALUE, 1, a.multiply(2));

        final Fraction b = Fraction.of(2, Integer.MAX_VALUE);
        assertFraction(1, Integer.MAX_VALUE, b.divide(2));
    }",FractionTest::testMath1261_oe
commons-numbers_375,"@Test
    void testNumbers150_oe() {
        // zero to negative powers should throw an exception
        Assertions.assertThrows(ArithmeticException.class, () -> Fraction.ZERO.pow(-1));
        Assertions.assertThrows(ArithmeticException.class, () -> Fraction.ZERO.pow(Integer.MIN_VALUE));

        // shall overflow
        final Fraction f2 = Fraction.of(2);
        Assertions.assertThrows(ArithmeticException.class, () -> f2.pow(Integer.MIN_VALUE));
        final Fraction f12 = Fraction.of(1, 2);
        Assertions.assertThrows(ArithmeticException.class, () -> f12.pow(Integer.MIN_VALUE));
    }",FractionTest::testNumbers150_oe
commons-numbers_376,"@Test
    void testGoldenRatio_oe() throws Exception {
        ContinuedFraction cf = new ContinuedFraction() {
            @Override
            public double getA(int n, double x) {
                return 1;
            }

            @Override
            public double getB(int n, double x) {
                return 1;
            }
        };

        final double eps = 1e-8;
        double gr = cf.evaluate(0, eps);
        Assertions.assertEquals(1.61803399, gr, eps);
    }",ContinuedFractionTest::testGoldenRatio_oe
commons-numbers_377,"@Test
    void test415Over93_oe() throws Exception {
        // https://en.wikipedia.org/wiki/Continued_fraction
        // 415             1
        // ---  = 4 + ---------
        //  93        2 +   1
        //                -----
        //                6 + 1
        //                    -
        //                    7
        //      = [4; 2, 6, 7]

        ContinuedFraction cf = new ContinuedFraction() {
            @Override
            public double getA(int n, double x) {
                return n <= 3 ? 1 : 0;
            }

            @Override
            public double getB(int n, double x) {
                switch (n) {
                    case 0: return 4;
                    case 1: return 2;
                    case 2: return 6;
                    case 3: return 7;
                    default: return 1;
                }
            }
        };

        final double eps = 1e-8;
        double gr = cf.evaluate(0, eps, 5);
        Assertions.assertEquals(415.0 / 93.0, gr, eps);
    }",ContinuedFractionTest::test415Over93_oe
commons-numbers_378,"@Test
    void testMaxIterationsThrows_oe() throws Exception {
        ContinuedFraction cf = new ContinuedFraction() {
            @Override
            public double getA(int n, double x) {
                return 1;
            }

            @Override
            public double getB(int n, double x) {
                return 1;
            }
        };

        final double eps = 1e-8;
        final int maxIterations = 3;
        final Throwable t = Assertions.assertThrows(FractionException.class,
            () -> cf.evaluate(0, eps, maxIterations));
        assertExceptionMessageContains(t, ""max"");
    }",ContinuedFractionTest::testMaxIterationsThrows_oe
commons-numbers_379,"@Test
    void testNaNThrows_oe() throws Exception {
        // Create a NaN during the iteration
        ContinuedFraction cf = new ContinuedFraction() {
            @Override
            public double getA(int n, double x) {
                return 1;
            }

            @Override
            public double getB(int n, double x) {
                return n == 0 ? 1 : Double.NaN;
            }
        };

        final double eps = 1e-8;
        final Throwable t = Assertions.assertThrows(FractionException.class,
            () -> cf.evaluate(0, eps, 5));
        assertExceptionMessageContains(t, ""nan"");
    }",ContinuedFractionTest::testNaNThrows_oe
commons-numbers_380,"@Test
    void testInfThrows_oe() throws Exception {
        // Create an infinity during the iteration:
        // a / cPrev  => a_1 / b_0 => Double.MAX_VALUE / 0.5
        ContinuedFraction cf = new ContinuedFraction() {
            @Override
            public double getA(int n, double x) {
                return n == 0 ? 1 : Double.MAX_VALUE;
            }

            @Override
            public double getB(int n, double x) {
                return 0.5;
            }
        };

        final double eps = 1e-8;
        final Throwable t = Assertions.assertThrows(FractionException.class,
            () -> cf.evaluate(0, eps, 5));
        assertExceptionMessageContains(t, ""infinity"");
    }",ContinuedFractionTest::testInfThrows_oe
commons-numbers_381,"@Test
    void testOneIteration_oe() {
        ContinuedFraction cf = new ContinuedFraction() {
            @Override
            public double getA(int n, double x) {
                return 1;
            }

            @Override
            public double getB(int n, double x) {
                return 1;
            }
        };

        final double eps = 10;
        double gr = cf.evaluate(0, eps, 1);
        Assertions.assertEquals(1.61, gr, eps);
    }",ContinuedFractionTest::testOneIteration_oe
commons-numbers_382,"@Test
    void testTwoIterations_oe() {
        ContinuedFraction cf = new ContinuedFraction() {
            @Override
            public double getA(int n, double x) {
                return 1;
            }

            @Override
            public double getB(int n, double x) {
                return 1;
            }
        };

        final double eps = 0.5;
        double gr = cf.evaluate(0, eps, 2);
        Assertions.assertEquals(1.5, gr);
    }",ContinuedFractionTest::testTwoIterations_oe
commons-numbers_383,"@Test
    void testPreconditions_oe() {
        Assertions.assertThrows(IllegalArgumentException.class, () -> MultidimensionalCounter.of(0, 1));
        Assertions.assertThrows(IllegalArgumentException.class, () -> MultidimensionalCounter.of(2, 0));
        Assertions.assertThrows(IllegalArgumentException.class, () -> MultidimensionalCounter.of(-1, 1));
        Assertions.assertThrows(IllegalArgumentException.class, () -> MultidimensionalCounter.of(-1, -1));
        Assertions.assertThrows(IllegalArgumentException.class, () -> MultidimensionalCounter.of(Integer.MAX_VALUE, 2, Integer.MAX_VALUE));

        final MultidimensionalCounter c = MultidimensionalCounter.of(2, 3);
        Assertions.assertThrows(IllegalArgumentException.class, () -> c.toUni(1, 1, 1));
        Assertions.assertThrows(IndexOutOfBoundsException.class, () -> c.toUni(3, 1));
        Assertions.assertThrows(IndexOutOfBoundsException.class, () -> c.toUni(0, -1));
        Assertions.assertThrows(IndexOutOfBoundsException.class, () -> c.toMulti(-1));
        Assertions.assertThrows(IndexOutOfBoundsException.class, () -> c.toMulti(6));
    }",MultidimensionalCounterTest::testPreconditions_oe
commons-numbers_384,"@Test
    void testMulti2UniConversion_oe() {
        final MultidimensionalCounter c = MultidimensionalCounter.of(2, 4, 5);
        Assertions.assertEquals(33, c.toUni(1, 2, 3));

        for (int i = 0, max = c.getSize(); i < max; i++) {
            Assertions.assertEquals(i, c.toUni(c.toMulti(i)));
        }
    }",MultidimensionalCounterTest::testMulti2UniConversion_oe
commons-numbers_385,"@Test
    void testAccessors_oe() {
        final int[] originalSize = new int[] {2, 6, 5};
        final MultidimensionalCounter c = MultidimensionalCounter.of(originalSize);
        final int nDim = c.getDimension();
        Assertions.assertEquals(nDim, originalSize.length);

        final int[] size = c.getSizes();
        for (int i = 0; i < nDim; i++) {
            Assertions.assertEquals(originalSize[i], size[i]);
        }
    }",MultidimensionalCounterTest::testAccessors_oe
commons-numbers_386,"@Test
    void testIterationConsistency_oe() {
        final MultidimensionalCounter c = MultidimensionalCounter.of(2, 3, 4);
        final int[][] expected = new int[][] {
            {0, 0, 0},
            {0, 0, 1},
            {0, 0, 2},
            {0, 0, 3},
            {0, 1, 0},
            {0, 1, 1},
            {0, 1, 2},
            {0, 1, 3},
            {0, 2, 0},
            {0, 2, 1},
            {0, 2, 2},
            {0, 2, 3},
            {1, 0, 0},
            {1, 0, 1},
            {1, 0, 2},
            {1, 0, 3},
            {1, 1, 0},
            {1, 1, 1},
            {1, 1, 2},
            {1, 1, 3},
            {1, 2, 0},
            {1, 2, 1},
            {1, 2, 2},
            {1, 2, 3}
        };

        final int totalSize = c.getSize();
        Assertions.assertEquals(expected.length, totalSize);

        final int nDim = c.getDimension();
        for (int i = 0; i < totalSize; i++) {
            Assertions.assertEquals(i,c.toUni(expected[i]),""Wrong unidimensional index for ["" + i + ""]"");

            final int[] indices = c.toMulti(i);
            for (int dimIndex = 0; dimIndex < nDim; dimIndex++) {
                Assertions.assertEquals(expected[i][dimIndex],indices[dimIndex],""Wrong multidimensional index for ["" + i + ""]["" + dimIndex + ""]"");
            }
        }
    }",MultidimensionalCounterTest::testIterationConsistency_oe
commons-numbers_387,"@Test
    void testToString_oe() {
        final int[] sizes = new int[] {7, 5, 3, 1};
        final MultidimensionalCounter c = MultidimensionalCounter.of(sizes);
        Assertions.assertEquals(Arrays.toString(sizes), c.toString());
    }",MultidimensionalCounterTest::testToString_oe
commons-numbers_388,"@Test
    void testCommonsMathIterator_oe() {
        final int[] sizes = new int[] {3, 2, 5};
        final org.apache.commons.math3.util.MultidimensionalCounter.Iterator cmIter =
            new org.apache.commons.math3.util.MultidimensionalCounter(sizes).iterator();

        final MultidimensionalCounter counter = MultidimensionalCounter.of(sizes);

        Assertions.assertTrue(cmIter.hasNext());
        Assertions.assertTrue(counter.getSize() > 0);

        for (int i = 0; i < counter.getSize(); i++) {
            cmIter.next();
            Assertions.assertArrayEquals(cmIter.getCounts(), counter.toMulti(i));
        }

        Assertions.assertFalse(cmIter.hasNext());
    }",MultidimensionalCounterTest::testCommonsMathIterator_oe
commons-numbers_389,"@Test
    void testAscending_oe() {
        final double[] x = {2, 5, -3, 1,  4};
        final double[] y = {4, 25, 9, 1, 16};
        final double[] z = {8, -125, 27, 1, 64};

        SortInPlace.ASCENDING.apply(x, y, z);

        final double[] xE = {-3, 1, 2, 4, 5};
        final double[] yE = {9, 1, 4, 16, 25};
        final double[] zE = {27, 1, 8, 64, -125};

        Assertions.assertArrayEquals(xE, x);
        Assertions.assertArrayEquals(yE, y);
        Assertions.assertArrayEquals(zE, z);
    }",SortInPlaceTest::testAscending_oe
commons-numbers_390,"@Test
    void testDescending_oe() {
        final double[] x = {2, 5, -3, 1, 4};
        final double[] y = {4, 25, 9, 1, 16};
        final double[] z = {8, -125, 27, 1, 64};

        SortInPlace.DESCENDING.apply(x, y, z);

        final double[] xE = {5, 4, 2, 1, -3};
        final double[] yE = {25, 16, 4, 1, 9};
        final double[] zE = {-125, 64, 8, 1, 27};

        Assertions.assertArrayEquals(xE, x);
        Assertions.assertArrayEquals(yE, y);
        Assertions.assertArrayEquals(zE, z);
    }",SortInPlaceTest::testDescending_oe
commons-numbers_391,"@Test
    void testJavadocExample_oe() {
        final double[] x = {3, 1, 2};
        final double[] y = {1, 2, 3};
        final double[] z = {0, 5, 7};

        SortInPlace.ASCENDING.apply(x, y, z);

        final double[] xE = {1, 2, 3};
        final double[] yE = {2, 3, 1};
        final double[] zE = {5, 7, 0};

        Assertions.assertArrayEquals(xE, x);
        Assertions.assertArrayEquals(yE, y);
        Assertions.assertArrayEquals(zE, z);
    }",SortInPlaceTest::testJavadocExample_oe
commons-numbers_392,"@Test
    void testPreconditions_oe() {
        final double[] nullArray = null;
        final double[] one = {1};
        final double[] two = {1, 2};
        final double[] onep = {2};

        Assertions.assertThrows(IllegalArgumentException.class, () -> SortInPlace.ASCENDING.apply(one, two));
        Assertions.assertThrows(NullPointerException.class, () -> SortInPlace.ASCENDING.apply(one, nullArray));
        Assertions.assertThrows(NullPointerException.class, () -> SortInPlace.ASCENDING.apply(one, onep, nullArray));
    }",SortInPlaceTest::testPreconditions_oe
commons-numbers_393,"@Test
    void testNextPrime_oe() {

        Assertions.assertEquals(2, Primes.nextPrime(0));
        Assertions.assertEquals(2, Primes.nextPrime(1));
        Assertions.assertEquals(2, Primes.nextPrime(2));
        Assertions.assertEquals(3, Primes.nextPrime(3));
        Assertions.assertEquals(5, Primes.nextPrime(4));
        Assertions.assertEquals(5, Primes.nextPrime(5));

        for (int i = 0; i < SmallPrimes.PRIMES.length - 1; i++) {
            for (int j = SmallPrimes.PRIMES[i] + 1; j <= SmallPrimes.PRIMES[i + 1]; j++) {
                Assertions.assertEquals(SmallPrimes.PRIMES[i + 1], Primes.nextPrime(j));
            }
        }

        Assertions.assertEquals(25325981, Primes.nextPrime(25325981));
        for (int i = 25325981 + 1; i <= 25326023; i++) {
            Assertions.assertEquals(25326023, Primes.nextPrime(i));
        }

        Assertions.assertEquals(Integer.MAX_VALUE, Primes.nextPrime(Integer.MAX_VALUE - 10));
        Assertions.assertEquals(Integer.MAX_VALUE, Primes.nextPrime(Integer.MAX_VALUE - 1));
        Assertions.assertEquals(Integer.MAX_VALUE, Primes.nextPrime(Integer.MAX_VALUE));

        assertNextPrimeException(Integer.MIN_VALUE, MessageFormat.format(Primes.NUMBER_TOO_SMALL, Integer.MIN_VALUE, 0));
        assertNextPrimeException(-1, MessageFormat.format(Primes.NUMBER_TOO_SMALL, -1, 0));
        assertNextPrimeException(-13, MessageFormat.format(Primes.NUMBER_TOO_SMALL, -13, 0));
    }",PrimesTest::testNextPrime_oe
commons-numbers_394,"@Test
    void testIsPrime_oe() throws Exception {
        for (int i : BELOW_2) {
            Assertions.assertFalse(Primes.isPrime(i));
        }
        for (int i:NOT_PRIMES) {
            Assertions.assertFalse(Primes.isPrime(i));
        }
        for (int i:PRIMES) {
            Assertions.assertTrue(Primes.isPrime(i));
        }
    }",PrimesTest::testIsPrime_oe
commons-numbers_395,"@Test
    void testPrimeFactors_oe() throws Exception {
        for (int i : BELOW_2) {
            assertPrimeFactorsException(i, MessageFormat.format(Primes.NUMBER_TOO_SMALL, i, 2));
        }
        for (int i : NOT_PRIMES) {
            List<Integer> factors = Primes.primeFactors(i);
            checkPrimeFactors(factors);
            int prod = product(factors);
            Assertions.assertEquals(i, prod);
        }
        for (int i : PRIMES) {
            List<Integer> factors = Primes.primeFactors(i);
            Assertions.assertEquals(i, (int)factors.get(0));
            Assertions.assertEquals(1, factors.size());
        }
    }",PrimesTest::testPrimeFactors_oe
commons-numbers_396,"@Test
    void smallTrialDivision_smallComposite_oe() {
        final List<Integer> factors = new ArrayList<Integer>();
        final int result = SmallPrimes.smallTrialDivision(3 * 7 * 23, factors);
        Assertions.assertEquals(1, result);
        Assertions.assertEquals(Arrays.asList(3, 7, 23), factors);
    }",SmallPrimesTest::smallTrialDivision_smallComposite_oe
commons-numbers_397,"@Test
    void smallTrialDivision_repeatedFactors_oe() {
        final List<Integer> factors = new ArrayList<Integer>();
        final int result = SmallPrimes.smallTrialDivision(2 * 2 * 3 * 3 * 3, factors);
        Assertions.assertEquals(1, result);
        Assertions.assertEquals(Arrays.asList(2, 2, 3, 3, 3), factors);
    }",SmallPrimesTest::smallTrialDivision_repeatedFactors_oe
commons-numbers_398,"@Test
    void smallTrialDivision_oneFactor_oe() {
        final List<Integer> factors = new ArrayList<Integer>();
        final int result = SmallPrimes.smallTrialDivision(59, factors);
        Assertions.assertEquals(1, result);
        Assertions.assertEquals(Collections.singletonList(59), factors);
    }",SmallPrimesTest::smallTrialDivision_oneFactor_oe
commons-numbers_399,"@Test
    void smallTrialDivision_BoundaryPrimes_oe() {
        final List<Integer> factors = new ArrayList<Integer>();
        final int penultimatePrime = SmallPrimes.PRIMES[SmallPrimes.PRIMES.length - 2];
        final int result = SmallPrimes.smallTrialDivision(penultimatePrime * SmallPrimes.PRIMES_LAST, factors);
        Assertions.assertEquals(1, result);
        Assertions.assertEquals(Arrays.asList(penultimatePrime, SmallPrimes.PRIMES_LAST), factors);
    }",SmallPrimesTest::smallTrialDivision_BoundaryPrimes_oe
commons-numbers_400,"@Test
    void smallTrialDivision_largeComposite_oe() {
        final List<Integer> factors = new ArrayList<Integer>();
        final int result = SmallPrimes.smallTrialDivision(2 * 5 * LARGE_PRIME[0], factors);
        Assertions.assertEquals(LARGE_PRIME[0], result);
        Assertions.assertEquals(Arrays.asList(2, 5), factors);
    }",SmallPrimesTest::smallTrialDivision_largeComposite_oe
commons-numbers_401,"@Test
    void smallTrialDivision_noSmallPrimeFactors_oe() {
        final List<Integer> factors = new ArrayList<Integer>();
        final int result = SmallPrimes.smallTrialDivision(LARGE_PRIME[0] * LARGE_PRIME[1], factors);
        Assertions.assertEquals(LARGE_PRIME[0] * LARGE_PRIME[1], result);
        Assertions.assertEquals(Collections.<Integer>emptyList(), factors);
    }",SmallPrimesTest::smallTrialDivision_noSmallPrimeFactors_oe
commons-numbers_402,"@Test
    void boundedTrialDivision_twoDifferentFactors_oe() {
        final List<Integer> factors = new ArrayList<Integer>();
        final int result = SmallPrimes.boundedTrialDivision(LARGE_PRIME[0] * LARGE_PRIME[1], Integer.MAX_VALUE,
            factors);
        Assertions.assertEquals(LARGE_PRIME[1], result);
        Assertions.assertEquals(Arrays.asList(LARGE_PRIME[0], LARGE_PRIME[1]), factors);
    }",SmallPrimesTest::boundedTrialDivision_twoDifferentFactors_oe
commons-numbers_403,"@Test
    void boundedTrialDivision_square_oe() {
        final List<Integer> factors = new ArrayList<Integer>();
        final int result = SmallPrimes.boundedTrialDivision(LARGE_PRIME[0] * LARGE_PRIME[0], Integer.MAX_VALUE,
            factors);
        Assertions.assertEquals(LARGE_PRIME[0], result);
        Assertions.assertEquals(Arrays.asList(LARGE_PRIME[0], LARGE_PRIME[0]), factors);
    }",SmallPrimesTest::boundedTrialDivision_square_oe
commons-numbers_404,"@Test
    void trialDivision_smallComposite_oe() {
        final List<Integer> factors = SmallPrimes.trialDivision(5 * 11 * 29 * 103);
        Assertions.assertEquals(Arrays.asList(5, 11, 29, 103), factors);
    }",SmallPrimesTest::trialDivision_smallComposite_oe
commons-numbers_405,"@Test
    void trialDivision_repeatedFactors_oe() {
        final List<Integer> factors = SmallPrimes.trialDivision(2 * 2 * 2 * 2 * 5 * 5);
        Assertions.assertEquals(Arrays.asList(2, 2, 2, 2, 5, 5), factors);
    }",SmallPrimesTest::trialDivision_repeatedFactors_oe
commons-numbers_406,"@Test
    void trialDivision_oneSmallFactor_oe() {
        final List<Integer> factors = SmallPrimes.trialDivision(101);
        Assertions.assertEquals(Collections.singletonList(101), factors);
    }",SmallPrimesTest::trialDivision_oneSmallFactor_oe
commons-numbers_407,"@Test
    void trialDivision_largeComposite_oe() {
        final List<Integer> factors = SmallPrimes.trialDivision(2 * 3 * LARGE_PRIME[0]);
        Assertions.assertEquals(Arrays.asList(2, 3, LARGE_PRIME[0]), factors);
    }",SmallPrimesTest::trialDivision_largeComposite_oe
commons-numbers_408,"@Test
    void trialDivision_veryLargeComposite_oe() {
        final List<Integer> factors = SmallPrimes.trialDivision(2 * LARGE_PRIME[0] * LARGE_PRIME[1]);
        Assertions.assertEquals(Arrays.asList(2, LARGE_PRIME[0], LARGE_PRIME[1]), factors);
    }",SmallPrimesTest::trialDivision_veryLargeComposite_oe
commons-numbers_409,"@Test
    void millerRabinPrimeTest_primes_oe() {
        for (final int n : PrimesTest.PRIMES) {
            if (n % 2 == 1) {
                Assertions.assertTrue(SmallPrimes.millerRabinPrimeTest(n));
            }
        }
    }",SmallPrimesTest::millerRabinPrimeTest_primes_oe
commons-numbers_410,"@Test
    void millerRabinPrimeTest_composites_oe() {
        for (final int n : PrimesTest.NOT_PRIMES) {
            if (n % 2 == 1) {
                Assertions.assertFalse(SmallPrimes.millerRabinPrimeTest(n));
            }
        }
    }",SmallPrimesTest::millerRabinPrimeTest_composites_oe
commons-numbers_411,"@Test
    void testSlerp_sphericalAlgorithm_oe() {
        // arrange
        Quaternion q1 = createZRotation(0.75 * Math.PI);
        Quaternion q2 = createZRotation(-0.75 * Math.PI);

        Slerp slerp = new Slerp(q1, q2);

        // act/assert
        // the algorithm should follow the path around the pi coordinate of the circle rather than
        // the one through the zero coordinate
        assertQuaternion(q1.positivePolarForm(), slerp.apply(0));
        assertQuaternion(createZRotation(0.875 * Math.PI), slerp.apply(0.25));
        assertQuaternion(createZRotation(Math.PI), slerp.apply(0.5));
        assertQuaternion(createZRotation(-0.875 * Math.PI), slerp.apply(0.75));
        assertQuaternion(q2.positivePolarForm(), slerp.apply(1));
    }",SlerpTest::testSlerp_sphericalAlgorithm_oe
commons-numbers_412,"@Test
    void testSlerp_sphericalAlgorithm_allOutputsAreInPositivePolarForm_oe() {
        // arrange
        Quaternion q1 = createZRotation(0.75 * Math.PI);
        Quaternion q2 = createZRotation(-0.75 * Math.PI);

        Slerp slerp = new Slerp(q1, q2);

        final int numSteps = 200;
        final double delta = 1d / numSteps;
        for (int step = 0; step <= numSteps; step++) {
            final double t = -10 + step * delta;

            // act
            Quaternion result = slerp.apply(t);

            // assert
            Assertions.assertEquals(1.0, result.norm(), EPS);
            Assertions.assertTrue(result.getW() >= 0.0);
        }
    }",SlerpTest::testSlerp_sphericalAlgorithm_allOutputsAreInPositivePolarForm_oe
commons-numbers_413,"@Test
    void testSlerp_nonNormalizedInputs_oe() {
        // arrange
        Quaternion q1 = createZRotation(0).multiply(10.0);
        Quaternion q2 = createZRotation(Math.PI).multiply(0.2);

        Slerp slerp = new Slerp(q1, q2);

        // act/assert
        assertQuaternion(q1.positivePolarForm(), slerp.apply(0));
        assertQuaternion(createZRotation(0.25 * Math.PI), slerp.apply(0.25));
        assertQuaternion(createZRotation(0.5 * Math.PI), slerp.apply(0.5));
        assertQuaternion(createZRotation(0.75 * Math.PI), slerp.apply(0.75));
        assertQuaternion(q2.positivePolarForm(), slerp.apply(1));
    }",SlerpTest::testSlerp_nonNormalizedInputs_oe
commons-numbers_414,"@Test
    void testSlerp_linearAlgorithm_oe() {
        // arrange
        Quaternion q1 = createZRotation(0.75 * Math.PI);
        Quaternion q2 = createZRotation(0.76 * Math.PI);

        Slerp slerp = new Slerp(q1, q2);

        // act/assert
        assertQuaternion(q1.positivePolarForm(), slerp.apply(0));
        assertQuaternion(createZRotation(0.7525 * Math.PI), slerp.apply(0.25));
        assertQuaternion(createZRotation(0.755 * Math.PI), slerp.apply(0.5));
        assertQuaternion(createZRotation(0.7575 * Math.PI), slerp.apply(0.75));
        assertQuaternion(q2.positivePolarForm(), slerp.apply(1));
    }",SlerpTest::testSlerp_linearAlgorithm_oe
commons-numbers_415,"@Test
    void testSlerp_linearAlgorithm_allOutputsAreInPositivePolarForm_oe() {
        // arrange
        Quaternion q1 = createZRotation(0.75 * Math.PI);
        Quaternion q2 = createZRotation(0.76 * Math.PI);

        Slerp slerp = new Slerp(q1, q2);

        final int numSteps = 200;
        final double delta = 1d / numSteps;
        for (int step = 0; step <= numSteps; step++) {
            final double t = -10 + step * delta;

            // act
            Quaternion result = slerp.apply(t);

            // assert
            Assertions.assertEquals(1.0, result.norm(), EPS);
            Assertions.assertTrue(result.getW() >= 0.0);
        }
    }",SlerpTest::testSlerp_linearAlgorithm_allOutputsAreInPositivePolarForm_oe
commons-numbers_416,"@Test
    void testSlerp_identicalInputs_oe() {
        // arrange
        Quaternion q1 = createZRotation(0);
        Quaternion q2 = createZRotation(0);

        Slerp slerp = new Slerp(q1, q2);

        // act/assert
        Quaternion expected = q1.positivePolarForm();

        assertQuaternion(expected, slerp.apply(0));
        assertQuaternion(expected, slerp.apply(0.5));
        assertQuaternion(expected, slerp.apply(1));
    }",SlerpTest::testSlerp_identicalInputs_oe
commons-numbers_417,"@Test
    void testSlerp_inputQuaternionsHaveMinusOneDotProduct_oe() {
        // arrange
        Quaternion q1 = createZRotation(0.5 * Math.PI);
        Quaternion q2 = createZRotation(1.5 * Math.PI).conjugate(); // 3pi/2 around -z

        Slerp slerp = new Slerp(q1, q2);

        // act/assert
        Assertions.assertEquals(-1.0, q1.dot(q2), EPS);

        Quaternion expected = q1.positivePolarForm();

        assertQuaternion(expected, slerp.apply(0));
        assertQuaternion(expected, slerp.apply(0.5));
        assertQuaternion(expected, slerp.apply(1));
    }",SlerpTest::testSlerp_inputQuaternionsHaveMinusOneDotProduct_oe
commons-numbers_418,"@Test
    void testSlerp_tOutsideOfZeroToOne_oe() {
        // arrange
        Quaternion q1 = createZRotation(0);
        Quaternion q2 = createZRotation(0.25 * Math.PI);

        Slerp slerp = new Slerp(q1, q2);

        // act/assert
        assertQuaternion(createZRotation(-0.5 * Math.PI).positivePolarForm(), slerp.apply(-2));
        assertQuaternion(createZRotation(-0.25 * Math.PI).positivePolarForm(), slerp.apply(-1));

        assertQuaternion(createZRotation(0).positivePolarForm(), slerp.apply(0));

        assertQuaternion(createZRotation(0.25 * Math.PI), slerp.apply(1));
        assertQuaternion(createZRotation(0.5 * Math.PI), slerp.apply(2));
    }",SlerpTest::testSlerp_tOutsideOfZeroToOne_oe
commons-numbers_419,"@Test
    void testVectorTransform_simple_oe() {
        // arrange
        Quaternion q0 = Quaternion.of(1, 0, 0, 0); // rotation of zero
        Quaternion q1 = Quaternion.of(0, 0, 0, 1); // pi rotation around +z

        Slerp slerp = new Slerp(q0, q1);

        double[] vec = {2, 0, 1};

        // act/assert
        Assertions.assertArrayEquals(new double[] {2, 0, 1},
            transformVector(slerp.apply(0), vec), EPS);

        Assertions.assertArrayEquals(new double[] {SQRT_2, SQRT_2, 1},
            transformVector(slerp.apply(0.25), vec), EPS);

        Assertions.assertArrayEquals(new double[] {0, 2, 1},
            transformVector(slerp.apply(0.5), vec), EPS);

        Assertions.assertArrayEquals(new double[] {-SQRT_2, SQRT_2, 1},
            transformVector(slerp.apply(0.75), vec), EPS);

        Assertions.assertArrayEquals(new double[] {-2, 0, 1},
            transformVector(slerp.apply(1), vec), EPS);
    }",SlerpTest::testVectorTransform_simple_oe
commons-numbers_420,"@Test
    void testVectorTransform_tOutsideOfZeroToOne__oe() {
        // arrange
        double angle1 = Math.PI * 0.25;
        double angle2 = Math.PI * 0.75;

        double halfAngle1 = 0.5 * angle1;
        double halfAngle2 = 0.5 * angle2;

        Quaternion q1 = Quaternion.of(Math.cos(halfAngle1), 0, 0, Math.sin(halfAngle1)); // pi/4 around +z
        Quaternion q2 = Quaternion.of(Math.cos(halfAngle2), 0, 0, Math.sin(halfAngle2)); // 3pi/4 around +z

        double[] vec = new double[] {1, 0, 0};

        // act/assert
        Slerp slerp12 = new Slerp(q1, q2);
        Assertions.assertArrayEquals(new double[] {1, 0, 0}, transformVector(slerp12.apply(-4.5), vec), EPS);
        Assertions.assertArrayEquals(new double[] {1, 0, 0}, transformVector(slerp12.apply(-0.5), vec), EPS);
        Assertions.assertArrayEquals(new double[] {-1, 0, 0}, transformVector(slerp12.apply(1.5), vec), EPS);
        Assertions.assertArrayEquals(new double[] {-1, 0, 0}, transformVector(slerp12.apply(5.5), vec), EPS);

        Slerp slerp21 = new Slerp(q2, q1);
        Assertions.assertArrayEquals(new double[] {-1, 0, 0}, transformVector(slerp21.apply(-4.5), vec), EPS);
        Assertions.assertArrayEquals(new double[] {-1, 0, 0}, transformVector(slerp21.apply(-0.5), vec), EPS);
        Assertions.assertArrayEquals(new double[] {1, 0, 0}, transformVector(slerp21.apply(1.5), vec), EPS);
        Assertions.assertArrayEquals(new double[] {1, 0, 0}, transformVector(slerp21.apply(5.5), vec), EPS);
    }",SlerpTest::testVectorTransform_tOutsideOfZeroToOne__oe
commons-numbers_421,"@Test
    void testZeroQuaternion_oe() {
        Assertions.assertEquals(0, Quaternion.ZERO.norm());
    }",QuaternionTest::testZeroQuaternion_oe
commons-numbers_422,"@Test
    void testUnitQuaternions_oe() {
        Assertions.assertEquals(1, Quaternion.ONE.norm());
        Assertions.assertSame(Quaternion.ONE, Quaternion.ONE.normalize());

        Assertions.assertEquals(1, Quaternion.I.norm());
        Assertions.assertSame(Quaternion.I, Quaternion.I.normalize());

        Assertions.assertEquals(1, Quaternion.J.norm());
        Assertions.assertSame(Quaternion.J, Quaternion.J.normalize());

        Assertions.assertEquals(1, Quaternion.K.norm());
        Assertions.assertSame(Quaternion.K, Quaternion.K.normalize());
    }",QuaternionTest::testUnitQuaternions_oe
commons-numbers_423,"@Test
    final void testAccessors1_oe() {
        final double q0 = 2;
        final double q1 = 5.4;
        final double q2 = 17;
        final double q3 = 0.0005;
        final Quaternion q = Quaternion.of(q0, q1, q2, q3);

        Assertions.assertEquals(q0, q.getW());
        Assertions.assertEquals(q1, q.getX());
        Assertions.assertEquals(q2, q.getY());
        Assertions.assertEquals(q3, q.getZ());
    }",QuaternionTest::testAccessors1_oe
commons-numbers_424,"@Test
    final void testAccessors2_oe() {
        final double q0 = 2;
        final double q1 = 5.4;
        final double q2 = 17;
        final double q3 = 0.0005;
        final Quaternion q = Quaternion.of(q0, q1, q2, q3);

        final double sP = q.getScalarPart();
        final double[] vP = q.getVectorPart();

        Assertions.assertEquals(q0, sP);
        Assertions.assertEquals(q1, vP[0]);
        Assertions.assertEquals(q2, vP[1]);
        Assertions.assertEquals(q3, vP[2]);
    }",QuaternionTest::testAccessors2_oe
commons-numbers_425,"@Test
    final void testAccessors3_oe() {
        final double q0 = 2;
        final double q1 = 5.4;
        final double q2 = 17;
        final double q3 = 0.0005;
        final Quaternion q = Quaternion.of(q0, new double[] {q1, q2, q3});

        final double sP = q.getScalarPart();
        final double[] vP = q.getVectorPart();

        Assertions.assertEquals(q0, sP);
        Assertions.assertEquals(q1, vP[0]);
        Assertions.assertEquals(q2, vP[1]);
        Assertions.assertEquals(q3, vP[2]);
    }",QuaternionTest::testAccessors3_oe
commons-numbers_426,"@Test
    void testWrongDimension_oe() {
        Assertions.assertThrows(IllegalArgumentException.class,
            () -> Quaternion.of(new double[] {1, 2})
        );
    }",QuaternionTest::testWrongDimension_oe
commons-numbers_427,"@Test
    final void testConjugate_oe() {
        final double q0 = 2;
        final double q1 = 5.4;
        final double q2 = 17;
        final double q3 = 0.0005;
        final Quaternion q = Quaternion.of(q0, q1, q2, q3);

        final Quaternion qConjugate = q.conjugate();

        Assertions.assertEquals(q0, qConjugate.getW());
        Assertions.assertEquals(-q1, qConjugate.getX());
        Assertions.assertEquals(-q2, qConjugate.getY());
        Assertions.assertEquals(-q3, qConjugate.getZ());
    }",QuaternionTest::testConjugate_oe
commons-numbers_428,"@Test
    final void testDotProductQuaternionQuaternion_oe() {
        // expected output
        final double expected = -6.;
        // inputs
        final Quaternion q1 = Quaternion.of(1, 2, 2, 1);
        final Quaternion q2 = Quaternion.of(3, -2, -1, -3);

        final double actual1 = Quaternion.dot(q1, q2);
        final double actual2 = q1.dot(q2);

        Assertions.assertEquals(expected, actual1, EPS);
        Assertions.assertEquals(expected, actual2, EPS);
    }",QuaternionTest::testDotProductQuaternionQuaternion_oe
commons-numbers_429,"@Test
    final void testScalarMultiplyDouble_oe() {
        // expected outputs
        final double w = 1.6;
        final double x = -4.8;
        final double y = 11.20;
        final double z = 2.56;
        // inputs
        final Quaternion q1 = Quaternion.of(0.5, -1.5, 3.5, 0.8);
        final double a = 3.2;

        final Quaternion q = q1.multiply(a);

        Assertions.assertEquals(w, q.getW(), COMPARISON_EPS);
        Assertions.assertEquals(x, q.getX(), COMPARISON_EPS);
        Assertions.assertEquals(y, q.getY(), COMPARISON_EPS);
        Assertions.assertEquals(z, q.getZ(), COMPARISON_EPS);
    }",QuaternionTest::testScalarMultiplyDouble_oe
commons-numbers_430,"@Test
    final void testAddQuaternionQuaternion_oe() {
        // expected outputs
        final double w = 4;
        final double x = -1;
        final double y = 2;
        final double z = -4;
        // inputs
        final Quaternion q1 = Quaternion.of(1., 2., -2., -1.);
        final Quaternion q2 = Quaternion.of(3., -3., 4., -3.);

        final Quaternion qa = Quaternion.add(q1, q2);
        final Quaternion qb = q1.add(q2);

        Assertions.assertEquals(w, qa.getW(), EPS);
        Assertions.assertEquals(x, qa.getX(), EPS);
        Assertions.assertEquals(y, qa.getY(), EPS);
        Assertions.assertEquals(z, qa.getZ(), EPS);

        Assertions.assertEquals(w, qb.getW(), EPS);
        Assertions.assertEquals(x, qb.getX(), EPS);
        Assertions.assertEquals(y, qb.getY(), EPS);
        Assertions.assertEquals(z, qb.getZ(), EPS);
    }",QuaternionTest::testAddQuaternionQuaternion_oe
commons-numbers_431,"@Test
    final void testSubtractQuaternionQuaternion_oe() {
        // expected outputs
        final double w = -2.;
        final double x = 5.;
        final double y = -6.;
        final double z = 2.;
        // inputs
        final Quaternion q1 = Quaternion.of(1., 2., -2., -1.);
        final Quaternion q2 = Quaternion.of(3., -3., 4., -3.);

        final Quaternion qa = Quaternion.subtract(q1, q2);
        final Quaternion qb = q1.subtract(q2);

        Assertions.assertEquals(w, qa.getW(), EPS);
        Assertions.assertEquals(x, qa.getX(), EPS);
        Assertions.assertEquals(y, qa.getY(), EPS);
        Assertions.assertEquals(z, qa.getZ(), EPS);

        Assertions.assertEquals(w, qb.getW(), EPS);
        Assertions.assertEquals(x, qb.getX(), EPS);
        Assertions.assertEquals(y, qb.getY(), EPS);
        Assertions.assertEquals(z, qb.getZ(), EPS);
    }",QuaternionTest::testSubtractQuaternionQuaternion_oe
commons-numbers_432,"@Test
    final void testNorm_oe() {

        final double q0 = 2;
        final double q1 = 1;
        final double q2 = -4;
        final double q3 = 3;
        final Quaternion q = Quaternion.of(q0, q1, q2, q3);

        final double norm = q.norm();

        Assertions.assertEquals(Math.sqrt(30), norm);

        final double normSquareRef = Quaternion.multiply(q, q.conjugate()).getScalarPart();
        Assertions.assertEquals(Math.sqrt(normSquareRef), norm);
    }",QuaternionTest::testNorm_oe
commons-numbers_433,"@Test
    final void testNormalize_oe() {

        final Quaternion q = Quaternion.of(2, 1, -4, -2);

        final Quaternion versor = q.normalize();

        Assertions.assertEquals(2.0 / 5.0, versor.getW());
        Assertions.assertEquals(1.0 / 5.0, versor.getX());
        Assertions.assertEquals(-4.0 / 5.0, versor.getY());
        Assertions.assertEquals(-2.0 / 5.0, versor.getZ());

        Assertions.assertEquals(1, versor.norm());

        Assertions.assertSame(versor.normalize(), versor);
    }",QuaternionTest::testNormalize_oe
commons-numbers_434,"@Test
    final void testNormalizeFail_zero_oe() {
        final Quaternion q = Quaternion.of(0, 0, 0, 0);
        Assertions.assertThrows(IllegalStateException.class,
                q::normalize
        );
    }",QuaternionTest::testNormalizeFail_zero_oe
commons-numbers_435,"@Test
    final void testNormalizeFail_nan_oe() {
        final Quaternion q = Quaternion.of(0, 0, 0, Double.NaN);
        Assertions.assertThrows(IllegalStateException.class,
                q::normalize
        );

    }",QuaternionTest::testNormalizeFail_nan_oe
commons-numbers_436,"@Test
    final void testNormalizeFail_positiveInfinity_oe() {
        final Quaternion q = Quaternion.of(0, 0, Double.POSITIVE_INFINITY, 0);
        Assertions.assertThrows(IllegalStateException.class,
                q::normalize
        );
    }",QuaternionTest::testNormalizeFail_positiveInfinity_oe
commons-numbers_437,"@Test
    final void testNormalizeFail_negativeInfinity_oe() {
        final Quaternion q = Quaternion.of(0, Double.NEGATIVE_INFINITY, 0, 0);
        Assertions.assertThrows(IllegalStateException.class,
                q::normalize
        );
    }",QuaternionTest::testNormalizeFail_negativeInfinity_oe
commons-numbers_438,"@Test
    final void testObjectEquals_oe() {
        final double one = 1;
        final Quaternion q1 = Quaternion.of(one, one, one, one);
        Assertions.assertEquals(q1, q1);

        final Quaternion q2 = Quaternion.of(one, one, one, one);
        Assertions.assertEquals(q2, q1);

        final Quaternion q3 = Quaternion.of(one, Math.nextUp(one), one, one);
        Assertions.assertNotEquals(q3, q1);

        Assertions.assertNotEquals(q3, ""bar"");
    }",QuaternionTest::testObjectEquals_oe
commons-numbers_439,"@Test
    void testHashCode_oe() {
        Quaternion x = Quaternion.of(0.0, 0.0, 0.0, 0.0);
        Quaternion y = Quaternion.of(0.0, 0.0 + Double.MIN_VALUE, 0.0, 0.0);
        Assertions.assertNotEquals(x.hashCode(), y.hashCode());
        y = Quaternion.of(0.0 + Double.MIN_VALUE, 0.0, 0.0, 0.0);
        Assertions.assertNotEquals(x.hashCode(), y.hashCode());

        // ""equals"" and ""hashCode"" must be compatible: if two objects have
        // different hash codes, ""equals"" must return false.
        final String msg = ""'equals' not compatible with 'hashCode'"";

        x = Quaternion.of(0.0, 0.0, 0.0, 0.0);
        y = Quaternion.of(-0.0, 0.0, 0.0, 0.0);
        Assertions.assertNotEquals(x.hashCode(), y.hashCode());
        Assertions.assertNotEquals(x, y, msg);

        x = Quaternion.of(0.0, 0.0, 0.0, 0.0);
        y = Quaternion.of(0.0, -0.0, 0.0, 0.0);
        Assertions.assertNotEquals(x.hashCode(), y.hashCode());
        Assertions.assertNotEquals(x, y, msg);

        x = Quaternion.of(0.0, 0.0, 0.0, 0.0);
        y = Quaternion.of(0.0, 0.0, -0.0, 0.0);
        Assertions.assertNotEquals(x.hashCode(), y.hashCode());
        Assertions.assertNotEquals(x, y, msg);

        x = Quaternion.of(0.0, 0.0, 0.0, 0.0);
        y = Quaternion.of(0.0, 0.0, 0.0, -0.0);
        Assertions.assertNotEquals(x.hashCode(), y.hashCode());
        Assertions.assertNotEquals(x, y, msg);
    }",QuaternionTest::testHashCode_oe
commons-numbers_440,"@Test
    final void testQuaternionEquals_oe() {
        final double inc = 1e-5;
        final Quaternion q1 = Quaternion.of(2, 1, -4, -2);
        final Quaternion q2 = Quaternion.of(q1.getW() + inc, q1.getX(), q1.getY(), q1.getZ());
        final Quaternion q3 = Quaternion.of(q1.getW(), q1.getX() + inc, q1.getY(), q1.getZ());
        final Quaternion q4 = Quaternion.of(q1.getW(), q1.getX(), q1.getY() + inc, q1.getZ());
        final Quaternion q5 = Quaternion.of(q1.getW(), q1.getX(), q1.getY(), q1.getZ() + inc);

        Assertions.assertFalse(q1.equals(q2, 0.9 * inc));
        Assertions.assertFalse(q1.equals(q3, 0.9 * inc));
        Assertions.assertFalse(q1.equals(q4, 0.9 * inc));
        Assertions.assertFalse(q1.equals(q5, 0.9 * inc));

        Assertions.assertTrue(q1.equals(q2, 1.1 * inc));
        Assertions.assertTrue(q1.equals(q3, 1.1 * inc));
        Assertions.assertTrue(q1.equals(q4, 1.1 * inc));
        Assertions.assertTrue(q1.equals(q5, 1.1 * inc));
    }",QuaternionTest::testQuaternionEquals_oe
commons-numbers_441,"@Test
    final void testQuaternionEquals2_oe() {
        final Quaternion q1 = Quaternion.of(1, 4, 2, 3);
        final double gap = 1e-5;
        final Quaternion q2 = Quaternion.of(1 + gap, 4 + gap, 2 + gap, 3 + gap);

        Assertions.assertTrue(q1.equals(q2, 10 * gap));
        Assertions.assertFalse(q1.equals(q2, gap));
        Assertions.assertFalse(q1.equals(q2, gap / 10));
    }",QuaternionTest::testQuaternionEquals2_oe
commons-numbers_442,"@Test
    final void testIsUnit_oe() {
        final Random r = new Random(48);
        final int numberOfTrials = 1000;
        for (int i = 0; i < numberOfTrials; i++) {
            final Quaternion q1 = Quaternion.of(r.nextDouble(), r.nextDouble(), r.nextDouble(), r.nextDouble());
            final Quaternion q2 = q1.normalize();
            Assertions.assertTrue(q2.isUnit(COMPARISON_EPS));
        }

        final Quaternion q = Quaternion.of(1, 1, 1, 1);
        Assertions.assertFalse(q.isUnit(COMPARISON_EPS));
    }",QuaternionTest::testIsUnit_oe
commons-numbers_443,"@Test
    final void testIsPure_oe() {
        final Quaternion q1 = Quaternion.of(0, 5, 4, 8);
        Assertions.assertTrue(q1.isPure(EPS));

        final Quaternion q2 = Quaternion.of(0 - EPS, 5, 4, 8);
        Assertions.assertTrue(q2.isPure(EPS));

        final Quaternion q3 = Quaternion.of(0 - 1.1 * EPS, 5, 4, 8);
        Assertions.assertFalse(q3.isPure(EPS));

        final Random r = new Random(48);
        final double[] v = {r.nextDouble(), r.nextDouble(), r.nextDouble()};
        final Quaternion q4 = Quaternion.of(v);
        Assertions.assertTrue(q4.isPure(0));

        final Quaternion q5 = Quaternion.of(0, v);
        Assertions.assertTrue(q5.isPure(0));
    }",QuaternionTest::testIsPure_oe
commons-numbers_444,"@Test
    final void testPositivePolarFormWhenScalarPositive_oe() {
        Quaternion q = Quaternion.of(3, -3, -3, 3).positivePolarForm();
        Quaternion expected = Quaternion.of(0.5, -0.5, -0.5, 0.5);
        assertEquals(q, expected, EPS);

        Assertions.assertSame(q.positivePolarForm(), q);
    }",QuaternionTest::testPositivePolarFormWhenScalarPositive_oe
commons-numbers_445,"@Test
    final void testPositivePolarFormWhenScalarNegative_oe() {
        Quaternion q = Quaternion.of(-3, 3, -3, 3).positivePolarForm();
        Quaternion expected = Quaternion.of(0.5, -0.5, 0.5, -0.5);
        assertEquals(q, expected, EPS);

        Assertions.assertSame(q.positivePolarForm(), q);
    }",QuaternionTest::testPositivePolarFormWhenScalarNegative_oe
commons-numbers_446,"@Test
    final void testPositivePolarFormWhenScalarPositiveAndNormalized_oe() {
        Quaternion q = Quaternion.of(123, 45, 67, 89).normalize().positivePolarForm();

        Assertions.assertTrue(q.getW() >= 0);
        Assertions.assertSame(q.positivePolarForm(), q);
    }",QuaternionTest::testPositivePolarFormWhenScalarPositiveAndNormalized_oe
commons-numbers_447,"@Test
    final void testPositivePolarFormWhenScalarNegativeAndNormalized_oe() {
        Quaternion q = Quaternion.of(123, 45, 67, 89).normalize().negate().positivePolarForm();

        Assertions.assertTrue(q.getW() >= 0);
        Assertions.assertSame(q.positivePolarForm(), q);
    }",QuaternionTest::testPositivePolarFormWhenScalarNegativeAndNormalized_oe
commons-numbers_448,"@Test
    void testNegate_oe() {
        final double a = -1;
        final double b = 2;
        final double c = -3;
        final double d = 4;
        final Quaternion q = Quaternion.of(a, b, c, d);
        final Quaternion qNeg = q.negate();
        Assertions.assertEquals(-a, qNeg.getW());
        Assertions.assertEquals(-b, qNeg.getX());
        Assertions.assertEquals(-c, qNeg.getY());
        Assertions.assertEquals(-d, qNeg.getZ());

        Assertions.assertTrue(q.equals(qNeg.negate(), 0d));
    }",QuaternionTest::testNegate_oe
commons-numbers_449,"@Test
    void testNegateNormalized_oe() {
        final double a = -1;
        final double b = 2;
        final double c = -3;
        final double d = 4;
        final Quaternion q = Quaternion.of(a, b, c, d).normalize();
        final Quaternion qNeg = q.negate();
        Assertions.assertTrue(q.equals(qNeg.negate(), 0d));
    }",QuaternionTest::testNegateNormalized_oe
commons-numbers_450,"@Test
    void testNegatePositivePolarForm_oe() {
        final double a = -1;
        final double b = 2;
        final double c = -3;
        final double d = 4;
        final Quaternion q = Quaternion.of(a, b, c, d).positivePolarForm();
        final Quaternion qNeg = q.negate();
        Assertions.assertTrue(q.equals(qNeg.negate(), 0d));
    }",QuaternionTest::testNegatePositivePolarForm_oe
commons-numbers_451,"@Test
    final void testInverse_oe() {
        final Quaternion q = Quaternion.of(1.5, 4, 2, -2.5);

        final Quaternion inverseQ = q.inverse();
        Assertions.assertEquals(1.5 / 28.5, inverseQ.getW());
        Assertions.assertEquals(-4.0 / 28.5, inverseQ.getX());
        Assertions.assertEquals(-2.0 / 28.5, inverseQ.getY());
        Assertions.assertEquals(2.5 / 28.5, inverseQ.getZ());

        final Quaternion product = Quaternion.multiply(inverseQ, q);
        Assertions.assertEquals(1, product.getW(), EPS);
        Assertions.assertEquals(0, product.getX(), EPS);
        Assertions.assertEquals(0, product.getY(), EPS);
        Assertions.assertEquals(0, product.getZ(), EPS);

        final Quaternion qNul = Quaternion.of(0, 0, 0, 0);
        try {
            final Quaternion inverseQNul = qNul.inverse();
            Assertions.fail(""expecting ZeroException but got : "" + inverseQNul);
        } catch (IllegalStateException ex) {
            // expected
        }
    }",QuaternionTest::testInverse_oe
commons-numbers_452,"@Test
    void testInverse_zeroNorm_oe() {
        Quaternion q = Quaternion.of(0, 0, 0, 0);
        Assertions.assertThrows(IllegalStateException.class,
                q::inverse
        );
    }",QuaternionTest::testInverse_zeroNorm_oe
commons-numbers_453,"@Test
    void testInverse_nanNorm_oe() {
        Quaternion q = Quaternion.of(Double.NaN, 0, 0, 0);
        Assertions.assertThrows(IllegalStateException.class,
                q::inverse
        );
    }",QuaternionTest::testInverse_nanNorm_oe
commons-numbers_454,"@Test
    void testInverse_positiveInfinityNorm_oe() {
        Quaternion q = Quaternion.of(0, Double.POSITIVE_INFINITY, 0, 0);
        Assertions.assertThrows(IllegalStateException.class,
                q::inverse
        );
    }",QuaternionTest::testInverse_positiveInfinityNorm_oe
commons-numbers_455,"@Test
    void testInverse_negativeInfinityNorm_oe() {
        Quaternion q = Quaternion.of(0, 0, Double.NEGATIVE_INFINITY, 0);
        Assertions.assertThrows(IllegalStateException.class,
                q::inverse
        );
    }",QuaternionTest::testInverse_negativeInfinityNorm_oe
commons-numbers_456,"@Test
    void testInverseNormalized_oe() {
        final Quaternion invQ = Quaternion.of(-1.2, 3.4, -5.6, -7.8).normalize().inverse();
        final Quaternion q = invQ.inverse();
        final Quaternion result = q.multiply(invQ);
        Assertions.assertTrue(Quaternion.ONE.equals(result, EPS), result.toString());
    }",QuaternionTest::testInverseNormalized_oe
commons-numbers_457,"@Test
    void testInversePositivePolarForm_oe() {
        final Quaternion invQ = Quaternion.of(1.2, -3.4, 5.6, -7.8).positivePolarForm().inverse();
        final Quaternion q = invQ.inverse();
        final Quaternion result = q.multiply(invQ);
        Assertions.assertTrue(Quaternion.ONE.equals(result, EPS), result.toString());
    }",QuaternionTest::testInversePositivePolarForm_oe
commons-numbers_458,"@Test
    final void testMultiply_oe() {
        final Quaternion q1 = Quaternion.of(1, 2, 3, 4);
        final Quaternion q2 = Quaternion.of(4, 3, 2, 1);
        final Quaternion actual = q1.multiply(q2);
        final double w = 1 * 4 - 2 * 3 - 3 * 2 - 4 * 1;
        final double x = 1 * 3 + 2 * 4 + 3 * 1 - 4 * 2;
        final double y = 1 * 2 - 2 * 1 + 3 * 4 + 4 * 3;
        final double z = 1 * 1 + 2 * 2 - 3 * 3 + 4 * 4;
        final Quaternion expected = Quaternion.of(w, x, y, z);
        assertEquals(actual, expected, EPS);
    }",QuaternionTest::testMultiply_oe
commons-numbers_459,"@Test
    final void testParseFromToString_oe() {
        final Quaternion q = Quaternion.of(1.1, 2.2, 3.3, 4.4);
        Quaternion parsed = Quaternion.parse(q.toString());
        assertEquals(parsed, q, EPS);
    }",QuaternionTest::testParseFromToString_oe
commons-numbers_460,"@Test
    final void testParseSpecials_oe() {
        Quaternion parsed = Quaternion.parse(""[1e-5 Infinity NaN -0xa.cp0]"");
        Assertions.assertEquals(1e-5, parsed.getW(), EPS);
        Assertions.assertTrue(Double.isInfinite(parsed.getX()));
        Assertions.assertTrue(Double.isNaN(parsed.getY()));
        Assertions.assertEquals(-0xa.cp0, parsed.getZ(), EPS);
    }",QuaternionTest::testParseSpecials_oe
commons-numbers_461,"@Test
    final void testParseMissingStart_oe() {
        Assertions.assertThrows(IllegalArgumentException.class,
            () -> Quaternion.parse(""1.0 2.0 3.0 4.0]"")
        );
    }",QuaternionTest::testParseMissingStart_oe
commons-numbers_462,"@Test
    final void testParseMissingEnd_oe() {
        Assertions.assertThrows(IllegalArgumentException.class,
            () -> Quaternion.parse(""[1.0 2.0 3.0 4.0"")
        );
    }",QuaternionTest::testParseMissingEnd_oe
commons-numbers_463,"@Test
    final void testParseMissingPart_oe() {
        Assertions.assertThrows(IllegalArgumentException.class,
            () -> Quaternion.parse(""[1.0 2.0 3.0 ]"")
        );
    }",QuaternionTest::testParseMissingPart_oe
commons-numbers_464,"@Test
    final void testParseInvalidScalar_oe() {
        Assertions.assertThrows(IllegalArgumentException.class,
            () -> Quaternion.parse(""[1.x 2.0 3.0 4.0]"")
        );
    }",QuaternionTest::testParseInvalidScalar_oe
commons-numbers_465,"@Test
    final void testParseInvalidI_oe() {
        Assertions.assertThrows(IllegalArgumentException.class,
            () -> Quaternion.parse(""[1.0 2.0x 3.0 4.0]"")
        );
    }",QuaternionTest::testParseInvalidI_oe
commons-numbers_466,"@Test
    final void testParseInvalidJ_oe() {
        Assertions.assertThrows(IllegalArgumentException.class,
            () -> Quaternion.parse(""[1.0 2.0 3.0x 4.0]"")
        );
    }",QuaternionTest::testParseInvalidJ_oe
commons-numbers_467,"@Test
    final void testParseInvalidK_oe() {
        Assertions.assertThrows(IllegalArgumentException.class,
            () -> Quaternion.parse(""[1.0 2.0 3.0 4.0x]"")
        );
    }",QuaternionTest::testParseInvalidK_oe
commons-numbers_468,"@Test
    final void testToString_oe() {
        final Quaternion q = Quaternion.of(1, 2, 3, 4);
        Assertions.assertEquals(""[1.0 2.0 3.0 4.0]"", q.toString());
    }",QuaternionTest::testToString_oe
commons-numbers_469,"@Test
    void testSinZero_oe() {
        // The sinus function is behaved well around the root at pi. The second
        // order derivative is zero, which means linar approximating methods will
        // still converge quadratically.
        final DoubleUnaryOperator func = new Sin();
        final BrentSolver solver = new BrentSolver(DEFAULT_ABSOLUTE_ACCURACY,
                                                   DEFAULT_RELATIVE_ACCURACY,
                                                   DEFAULT_FUNCTION_ACCURACY);

        double result;
        MonitoredFunction f;

        // Somewhat benign interval. The function is monotonous.
        f = new MonitoredFunction(func);
        result = solver.findRoot(f, 3, 4);
        Assertions.assertEquals(Math.PI, result, DEFAULT_ABSOLUTE_ACCURACY);
        Assertions.assertTrue(f.getCallsCount() <= 7);

        // Larger and somewhat less benign interval. The function is grows first.
        f = new MonitoredFunction(func);
        result = solver.findRoot(f, 1, 4);
        Assertions.assertEquals(Math.PI, result, DEFAULT_ABSOLUTE_ACCURACY);
        Assertions.assertTrue(f.getCallsCount() <= 8);
    }",BrentSolverTest::testSinZero_oe
commons-numbers_470,"@Test
    void testQuinticZero_oe() {
        // The quintic function has zeros at 0, +-0.5 and +-1.
        // Around the root of 0 the function is well behaved, with a second derivative
        // of zero a 0.
        // The other roots are less well to find, in particular the root at 1, because
        // the function grows fast for x>1.
        // The function has extrema (first derivative is zero) at 0.27195613 and 0.82221643,
        // intervals containing these values are harder for the solvers.
        final DoubleUnaryOperator func = new QuinticFunction();
        final BrentSolver solver = new BrentSolver(DEFAULT_ABSOLUTE_ACCURACY,
                                                   DEFAULT_RELATIVE_ACCURACY,
                                                   DEFAULT_FUNCTION_ACCURACY);

        double result;
        MonitoredFunction f;

        // Symmetric bracket around 0. Test whether solvers can handle hitting
        // the root in the first iteration.
        f = new MonitoredFunction(func);
        result = solver.findRoot(f, -0.2, 0.2);
        Assertions.assertEquals(0, result, DEFAULT_ABSOLUTE_ACCURACY);
        Assertions.assertTrue(f.getCallsCount() <= 3);

        // 1 iterations on i586 JDK 1.4.1.
        // Asymmetric bracket around 0. Contains extremum.
        f = new MonitoredFunction(func);
        result = solver.findRoot(f, -0.1, 0.3);
        Assertions.assertEquals(0, result, DEFAULT_ABSOLUTE_ACCURACY);
        // 5 iterations on i586 JDK 1.4.1.
        Assertions.assertTrue(f.getCallsCount() <= 7);

        // Large bracket around 0. Contains two extrema.
        f = new MonitoredFunction(func);
        result = solver.findRoot(f, -0.3, 0.45);
        Assertions.assertEquals(0, result, DEFAULT_ABSOLUTE_ACCURACY);
        // 6 iterations on i586 JDK 1.4.1.
        Assertions.assertTrue(f.getCallsCount() <= 8);

        // Benign bracket around 0.5, function is monotonous.
        f = new MonitoredFunction(func);
        result = solver.findRoot(f, 0.3, 0.7);
        Assertions.assertEquals(0.5, result, DEFAULT_ABSOLUTE_ACCURACY);
        // 6 iterations on i586 JDK 1.4.1.
        Assertions.assertTrue(f.getCallsCount() <= 9);

        // Less benign bracket around 0.5, contains one extremum.
        f = new MonitoredFunction(func);
        result = solver.findRoot(f, 0.2, 0.6);
        Assertions.assertEquals(0.5, result, DEFAULT_ABSOLUTE_ACCURACY);
        Assertions.assertTrue(f.getCallsCount() <= 10);

        // Large, less benign bracket around 0.5, contains both extrema.
        f = new MonitoredFunction(func);
        result = solver.findRoot(f, 0.05, 0.95);
        Assertions.assertEquals(0.5, result, DEFAULT_ABSOLUTE_ACCURACY);
        Assertions.assertTrue(f.getCallsCount() <= 11);

        // Relatively benign bracket around 1, function is monotonous. Fast growth for x>1
        // is still a problem.
        f = new MonitoredFunction(func);
        result = solver.findRoot(f, 0.85, 1.25);
        Assertions.assertEquals(1.0, result, DEFAULT_ABSOLUTE_ACCURACY);
        Assertions.assertTrue(f.getCallsCount() <= 11);

        // Less benign bracket around 1 with extremum.
        f = new MonitoredFunction(func);
        result = solver.findRoot(f, 0.8, 1.2);
        Assertions.assertEquals(1.0, result, DEFAULT_ABSOLUTE_ACCURACY);
        Assertions.assertTrue(f.getCallsCount() <= 11);

        // Large bracket around 1. Monotonous.
        f = new MonitoredFunction(func);
        result = solver.findRoot(f, 0.85, 1.75);
        Assertions.assertEquals(1.0, result, DEFAULT_ABSOLUTE_ACCURACY);
        Assertions.assertTrue(f.getCallsCount() <= 13);

        // Large bracket around 1. Interval contains extremum.
        f = new MonitoredFunction(func);
        result = solver.findRoot(f, 0.55, 1.45);
        Assertions.assertEquals(1.0, result, DEFAULT_ABSOLUTE_ACCURACY);
        Assertions.assertTrue(f.getCallsCount() <= 10);
    }",BrentSolverTest::testQuinticZero_oe
commons-numbers_471,"@Test
    void testTooManyCalls_oe() {
        final DoubleUnaryOperator func = new QuinticFunction();
        final BrentSolver solver = new BrentSolver(DEFAULT_ABSOLUTE_ACCURACY,
                                                   DEFAULT_RELATIVE_ACCURACY,
                                                   DEFAULT_FUNCTION_ACCURACY);

        // Very large bracket around 1 for testing fast growth behavior.
        final MonitoredFunction f = new MonitoredFunction(func);
        final double result = solver.findRoot(f, 0.85, 5);
        Assertions.assertEquals(1.0, result, DEFAULT_ABSOLUTE_ACCURACY);
        Assertions.assertTrue(f.getCallsCount() <= 15);

        final MonitoredFunction f2 = new MonitoredFunction(func, 10);
        final IllegalStateException ex = Assertions.assertThrows(IllegalStateException.class,
            () -> solver.findRoot(f2, 0.85, 5), ""Expected too many calls condition"");
        // Ensure expected error condition.
        Assertions.assertNotEquals(-1, ex.getMessage().indexOf(""too many calls""));
    }",BrentSolverTest::testTooManyCalls_oe
commons-numbers_472,"@Test
    void testRootEndpoints_oe() {
        final DoubleUnaryOperator f = new Sin();
        final BrentSolver solver = new BrentSolver(DEFAULT_ABSOLUTE_ACCURACY,
                                                   DEFAULT_RELATIVE_ACCURACY,
                                                   DEFAULT_FUNCTION_ACCURACY);

        // Endpoint is root.
        double result = solver.findRoot(f, Math.PI, 4);
        Assertions.assertEquals(Math.PI, result, DEFAULT_ABSOLUTE_ACCURACY);

        result = solver.findRoot(f, 3, Math.PI);
        Assertions.assertEquals(Math.PI, result, DEFAULT_ABSOLUTE_ACCURACY);

        result = solver.findRoot(f, Math.PI, 3.5, 4);
        Assertions.assertEquals(Math.PI, result, DEFAULT_ABSOLUTE_ACCURACY);

        result = solver.findRoot(f, 3, 3.07, Math.PI);
        Assertions.assertEquals(Math.PI, result, DEFAULT_ABSOLUTE_ACCURACY);
    }",BrentSolverTest::testRootEndpoints_oe
commons-numbers_473,"@Test
    void testBadEndpoints_oe() {
        final DoubleUnaryOperator f = new Sin();
        final BrentSolver solver = new BrentSolver(DEFAULT_ABSOLUTE_ACCURACY,
                                                   DEFAULT_RELATIVE_ACCURACY,
                                                   DEFAULT_FUNCTION_ACCURACY);
        try {  // Bad interval.
            solver.findRoot(f, 1, -1);
            Assertions.fail(""Expecting bad interval condition"");
        } catch (SolverException ex) {
            // Ensure expected error condition.
            Assertions.assertNotEquals(-1, ex.getMessage().indexOf("" > ""));
        }
        try {  // No bracketing.
            solver.findRoot(f, 1, 1.5);
            Assertions.fail(""Expecting non-bracketing condition"");
        } catch (SolverException ex) {
            // Ensure expected error condition.
            Assertions.assertNotEquals(-1, ex.getMessage().indexOf(""No bracketing""));
        }
        try {  // No bracketing.
            solver.findRoot(f, 1, 1.2, 1.5);
            Assertions.fail(""Expecting non-bracketing condition"");
        } catch (SolverException ex) {
            // Ensure expected error condition.
            Assertions.assertNotEquals(-1, ex.getMessage().indexOf(""No bracketing""));
        }
    }",BrentSolverTest::testBadEndpoints_oe
commons-numbers_474,"@Test
    void testBadInitialGuess_oe() {
        final DoubleUnaryOperator func = new QuinticFunction();
        final BrentSolver solver = new BrentSolver(DEFAULT_ABSOLUTE_ACCURACY,
                                                   DEFAULT_RELATIVE_ACCURACY,
                                                   DEFAULT_FUNCTION_ACCURACY);

        try {
            // Invalid guess (it *is* a root, but outside of the range).
            double result = solver.findRoot(func, 0.0, 7.0, 0.6);
            Assertions.fail(""an out of range condition was expected"");
        } catch (SolverException ex) {
            // Ensure expected error condition.
            Assertions.assertNotEquals(-1, ex.getMessage().indexOf(""out of range""));
        }
    }",BrentSolverTest::testBadInitialGuess_oe
commons-numbers_475,"@Test
    void testInitialGuess_oe() {
        final DoubleUnaryOperator func = new QuinticFunction();
        final BrentSolver solver = new BrentSolver(DEFAULT_ABSOLUTE_ACCURACY,
                                                   DEFAULT_RELATIVE_ACCURACY,
                                                   DEFAULT_FUNCTION_ACCURACY);
        double result;
        MonitoredFunction f;

        // No guess.
        f = new MonitoredFunction(func);
        result = solver.findRoot(f, 0.6, 7.0);
        Assertions.assertEquals(1.0, result, DEFAULT_ABSOLUTE_ACCURACY);
        final int referenceCallsCount = f.getCallsCount();
        Assertions.assertTrue(referenceCallsCount >= 13);

        // Bad guess.
        f = new MonitoredFunction(func);
        result = solver.findRoot(f, 0.6, 0.61, 7.0);
        Assertions.assertEquals(1.0, result, DEFAULT_ABSOLUTE_ACCURACY);
        Assertions.assertTrue(f.getCallsCount() > referenceCallsCount);

        // Good guess.
        f = new MonitoredFunction(func);
        result = solver.findRoot(f, 0.6, 0.9999990001, 7.0);
        Assertions.assertEquals(1.0, result, DEFAULT_ABSOLUTE_ACCURACY);
        Assertions.assertTrue(f.getCallsCount() < referenceCallsCount);

        // Perfect guess.
        f = new MonitoredFunction(func);
        result = solver.findRoot(f, 0.6, 1.0, 7.0);
        Assertions.assertEquals(1.0, result, DEFAULT_ABSOLUTE_ACCURACY);
        Assertions.assertEquals(1, f.getCallsCount());
    }",BrentSolverTest::testInitialGuess_oe
commons-numbers_476,"@ParameterizedTest
    @MethodSource_oe(""getList"")
    <T> void testAdditionAssociativity(FieldTestData<T> data) {
        Field<T> field = data.getField();
        T a = data.getA();
        T b = data.getB();
        T c = data.getC();
        final T r1 = field.add(field.add(a, b), c);
        final T r2 = field.add(a, field.add(b, c));
        assertEquals(r1, r2);
    }",FieldParametricTest::MethodSource_oe
commons-numbers_477,"@ParameterizedTest
    @MethodSource_oe(""getList"")
    <T> void testAdditionCommutativity(FieldTestData<T> data) {
        Field<T> field = data.getField();
        T a = data.getA();
        T b = data.getB();
        final T r1 = field.add(a, b);
        final T r2 = field.add(b, a);
        assertEquals(r1, r2);
    }",FieldParametricTest::MethodSource_oe
commons-numbers_478,"@ParameterizedTest
    @MethodSource_oe(""getList"")
    <T> void testAdditiveIdentity(FieldTestData<T> data) {
        Field<T> field = data.getField();
        T a = data.getA();
        final T r1 = field.add(a, field.zero());
        final T r2 = a;
        assertEquals(r1, r2);
    }",FieldParametricTest::MethodSource_oe
commons-numbers_479,"@ParameterizedTest
    @MethodSource_oe(""getList"")
    <T> void testAdditiveInverse(FieldTestData<T> data) {
        Field<T> field = data.getField();
        T a = data.getA();
        final T r1 = field.add(a, field.negate(a));
        final T r2 = field.zero();
        assertEquals(r1, r2);
    }",FieldParametricTest::MethodSource_oe
commons-numbers_480,"@ParameterizedTest
    @MethodSource_oe(""getList"")
    <T> void testMultiplicationAssociativity(FieldTestData<T> data) {
        Field<T> field = data.getField();
        T a = data.getA();
        T b = data.getB();
        T c = data.getC();
        final T r1 = field.multiply(field.multiply(a, b), c);
        final T r2 = field.multiply(a, field.multiply(b, c));
        assertEquals(r1, r2);
    }",FieldParametricTest::MethodSource_oe
commons-numbers_481,"@ParameterizedTest
    @MethodSource_oe(""getList"")
    <T> void testMultiplicationCommutativity(FieldTestData<T> data) {
        Field<T> field = data.getField();
        T a = data.getA();
        T b = data.getB();
        final T r1 = field.multiply(a, b);
        final T r2 = field.multiply(b, a);
        assertEquals(r1, r2);
    }",FieldParametricTest::MethodSource_oe
commons-numbers_482,"@ParameterizedTest
    @MethodSource_oe(""getList"")
    <T> void testMultiplicativeIdentity(FieldTestData<T> data) {
        Field<T> field = data.getField();
        T a = data.getA();
        final T r1 = field.multiply(a, field.one());
        final T r2 = a;
        assertEquals(r1, r2);
    }",FieldParametricTest::MethodSource_oe
commons-numbers_483,"@ParameterizedTest
    @MethodSource_oe(""getList"")
    <T> void testMultiplicativeInverse(FieldTestData<T> data) {
        Field<T> field = data.getField();
        T a = data.getA();
        final T r1 = field.multiply(a, field.reciprocal(a));
        final T r2 = field.one();
        assertEquals(r1, r2);
    }",FieldParametricTest::MethodSource_oe
commons-numbers_484,"@ParameterizedTest
    @MethodSource_oe(""getList"")
    <T> void testDistributivity(FieldTestData<T> data) {
        Field<T> field = data.getField();
        T a = data.getA();
        T b = data.getB();
        T c = data.getC();
        final T r1 = field.multiply(a, field.add(b, c));
        final T r2 = field.add(field.multiply(a, b), field.multiply(a, c));
        assertEquals(r1, r2);
    }",FieldParametricTest::MethodSource_oe
commons-numbers_485,"@ParameterizedTest
    @MethodSource_oe(""getList"")
    <T extends Addition<T>> void testAdd(FieldTestData<T> data) {
        Field<T> field = data.getField();
        T a = data.getA();
        T b = data.getB();

        final T r1 = field.add(a, b);
        final T r2 = a.add(b);
        assertEquals(r1, r2);
    }",FieldParametricTest::MethodSource_oe
commons-numbers_486,"@ParameterizedTest
    @MethodSource_oe(""getList"")
    <T extends Addition<T>> void testSubtract(FieldTestData<T> data) {
        Field<T> field = data.getField();
        T a = data.getA();
        T b = data.getB();

        final T r1 = field.subtract(a, b);
        final T r2 = a.add(b.negate());
        assertEquals(r1, r2);
    }",FieldParametricTest::MethodSource_oe
commons-numbers_487,"@ParameterizedTest
    @MethodSource_oe(""getList"")
    <T extends Addition<T>> void testMultiplyInt(FieldTestData<T> data) {
        Field<T> field = data.getField();
        T a = data.getA();
        final int n = 5;

        final T r1 = field.multiply(n, a);

        T r2 = field.zero();
        for (int i = 0; i < n; i++) {
            r2 = r2.add(a);
        }

        assertEquals(r1, r2);
    }",FieldParametricTest::MethodSource_oe
commons-numbers_488,"@ParameterizedTest
    @MethodSource_oe(""getList"")
    <T extends Addition<T>> void testZero(FieldTestData<T> data) {
        Field<T> field = data.getField();
        T a = data.getA();

        final T r1 = field.zero();
        final T r2 = a.zero();
        assertEquals(r1, r2);
    }",FieldParametricTest::MethodSource_oe
commons-numbers_489,"@ParameterizedTest
    @MethodSource_oe(""getList"")
    <T extends Multiplication<T>> void testMultiply(FieldTestData<T> data) {
        Field<T> field = data.getField();
        T a = data.getA();
        T b = data.getB();

        final T r1 = field.multiply(a, b);
        final T r2 = a.multiply(b);
        assertEquals(r1, r2);
    }",FieldParametricTest::MethodSource_oe
commons-numbers_490,"@ParameterizedTest
    @MethodSource_oe(""getList"")
    <T extends Multiplication<T>> void testDivide(FieldTestData<T> data) {
        Field<T> field = data.getField();
        T a = data.getA();
        T b = data.getB();

        final T r1 = field.divide(a, b);
        final T r2 = a.multiply(b.reciprocal());
        assertEquals(r1, r2);
    }",FieldParametricTest::MethodSource_oe
commons-numbers_491,"@ParameterizedTest
    @MethodSource_oe(""getList"")
    <T extends Multiplication<T>> void testOne(FieldTestData<T> data) {
        Field<T> field = data.getField();
        T a = data.getA();

        final T r1 = field.one();
        final T r2 = a.one();
        assertEquals(r1, r2);
    }",FieldParametricTest::MethodSource_oe
commons-numbers_492,"@Test
    void testConsistencyWithDouble_oe() {
        final double v = -5.67e89;
        final Double a = Double.valueOf(v);
        final FP64 b = FP64.of(v);

        Assertions.assertEquals(a.doubleValue(), b.doubleValue());
        Assertions.assertEquals(a.floatValue(), b.floatValue());
        Assertions.assertEquals(a.intValue(), b.intValue());
        Assertions.assertEquals(a.longValue(), b.longValue());
        Assertions.assertEquals(a.byteValue(), b.byteValue());
        Assertions.assertEquals(a.hashCode(), b.hashCode());
    }",FP64Test::testConsistencyWithDouble_oe
commons-numbers_493,"@Test
    void testEquals_oe() {
        final FP64 a = FP64.of(1.23);
        final FP64 b = FP64.of(4.56);

        // Same instance
        Assertions.assertEquals(a, a);
        // Same value
        Assertions.assertEquals(a, FP64.of(a.doubleValue()));
        // Different value
        Assertions.assertNotEquals(a, b);
        // Different object
        Assertions.assertNotEquals(a, new Object());
        Assertions.assertNotEquals(a, null);
    }",FP64Test::testEquals_oe
commons-numbers_494,"@Test
    void testOne_oe() {
        Assertions.assertEquals(1d, FP64.of(-3.4).one().doubleValue());
    }",FP64Test::testOne_oe
commons-numbers_495,"@Test
    void testZero_oe() {
        Assertions.assertEquals(0d, FP64.of(-3.4).zero().doubleValue());
    }",FP64Test::testZero_oe
commons-numbers_496,"@Test
    void testSubtract_oe() {
        final double a = 123.4;
        final double b = 5678.9;

        Assertions.assertEquals(a - b, FP64.of(a).subtract(FP64.of(b)).doubleValue());
    }",FP64Test::testSubtract_oe
commons-numbers_497,"@Test
    void testDivide_oe() {
        final double a = 123.4;
        final double b = 5678.9;

        Assertions.assertEquals(a / b, FP64.of(a).divide(FP64.of(b)).doubleValue());
    }",FP64Test::testDivide_oe
commons-numbers_498,"@Test
    void testMultiplyInt_oe() {
        final double a = 123.4;
        final int n = 3456789;

        Assertions.assertEquals(n * a, FP64.of(a).multiply(n).doubleValue());
    }",FP64Test::testMultiplyInt_oe
commons-numbers_499,"@Test
    void testPowInt_oe() {
        final double a = 123.4;
        final int n = 5;

        Assertions.assertEquals(Math.pow(a, n), FP64.of(a).pow(n).doubleValue());
    }",FP64Test::testPowInt_oe
commons-numbers_500,"@Test
    void testZeroPow_oe() {
        Assertions.assertSame(FP64.of(9876.5).one(), FP64.of(2.3456).pow(0));
    }",FP64Test::testZeroPow_oe
commons-numbers_501,"@Test
    void testCompare_oe() {
        Assertions.assertTrue(FP64.of(0).compareTo(FP64.of(-1)) > 0);
        Assertions.assertTrue(FP64.of(1).compareTo(FP64.of(2)) < 0);

        final double v = 123.45;
        Assertions.assertEquals(0, FP64.of(v).compareTo(FP64.of(v)));
    }",FP64Test::testCompare_oe
commons-numbers_502,"@Test
    void testSum_simple_oe() {
        // act/assert
        Assertions.assertEquals(0d, Sum.create().getAsDouble());

        assertSum(Math.PI, Math.PI);
        assertSum(Math.PI + Math.E, Math.PI, Math.E);

        assertSum(0, 0, 0, 0);
        assertSum(6, 1, 2, 3);
        assertSum(2, 1, -2, 3);

        assertSum(Double.NaN, Double.NaN, 0, 0);
        assertSum(Double.NaN, 0, Double.NaN, 0);
        assertSum(Double.NaN, 0, 0, Double.NaN);

        assertSum(Double.NaN, Double.POSITIVE_INFINITY, Double.NEGATIVE_INFINITY, 0);

        assertSum(Double.POSITIVE_INFINITY, Double.MAX_VALUE, Double.MAX_VALUE, Double.MAX_VALUE);

        assertSum(Double.POSITIVE_INFINITY, Double.POSITIVE_INFINITY, 1, 1);
        assertSum(Double.NEGATIVE_INFINITY, 1, Double.NEGATIVE_INFINITY, 1);
    }",SumTest::testSum_simple_oe
commons-numbers_503,"@Test
    void testSumAccuracy_oe() {
        // arrange
        final double a = 9.999999999;
        final double b = Math.scalb(a, -53);
        final double c = Math.scalb(a, -53);
        final double d = Math.scalb(a, -27);
        final double e = Math.scalb(a, -27);
        final double f = Math.scalb(a, -50);

        // act/assert
        assertSumExact(a);

        assertSumExact(a, b);
        assertSumExact(b, a);

        assertSumExact(a, b, c);
        assertSumExact(c, b, a);

        assertSumExact(a, b, c, d);
        assertSumExact(d, c, b, a);

        assertSumExact(a, -b, c, -d);
        assertSumExact(d, -c, b, -a);

        assertSumExact(a, b, c, d, e, f);
        assertSumExact(f, e, d, c, b, a);

        assertSumExact(a, -b, c, -d, e, f);
        assertSumExact(f, -e, d, -c, b, -a);
    }",SumTest::testSumAccuracy_oe
commons-numbers_504,"@Test
    void testAdd_sumInstance_oe() {
        // arrange
        final double a = Math.PI;
        final double b = Math.scalb(a, -53);
        final double c = Math.scalb(a, -53);
        final double d = Math.scalb(a, -27);
        final double e = Math.scalb(a, -27);
        final double f = Math.scalb(a, -50);

        // act/assert
        Assertions.assertEquals(exactSum(a, b, c, d), Sum.of(a, b, c, d).add(Sum.create()).getAsDouble());
        Assertions.assertEquals(exactSum(a,a,b,c,d,e,f),Sum.of(a,b).add(Sum.of(a,c)).add(Sum.of(d,e,f)).getAsDouble());

        final Sum s = Sum.of(a, b);
        Assertions.assertEquals(exactSum(a, b, a, b), s.add(s).getAsDouble());
    }",SumTest::testAdd_sumInstance_oe
commons-numbers_505,"@Test
    void testSumOfProducts_dimensionMismatch_oe() {
        // act/assert
        final Sum sum = Sum.create();
        Assertions.assertThrows(IllegalArgumentException.class,
            () -> sum.addProducts(new double[1], new double[2]));

        Assertions.assertThrows(IllegalArgumentException.class,
            () -> Sum.ofProducts(new double[1], new double[2]));
    }",SumTest::testSumOfProducts_dimensionMismatch_oe
commons-numbers_506,"@Test
    void testSumOfProducts_singleElement_oe() {
        final double[] a = {1.23456789};
        final double[] b = {98765432.1};

        Assertions.assertEquals(a[0] * b[0], Sum.ofProducts(a, b).getAsDouble());
    }",SumTest::testSumOfProducts_singleElement_oe
commons-numbers_507,"@Test
    void testSumOfProducts_oe() {
        // arrange
        final BigDecimal[] aFN = new BigDecimal[] {
            BigDecimal.valueOf(-1321008684645961L),
            BigDecimal.valueOf(-5774608829631843L),
            BigDecimal.valueOf(-7645843051051357L),
        };
        final BigDecimal[] aFD = new BigDecimal[] {
            BigDecimal.valueOf(268435456L),
            BigDecimal.valueOf(268435456L),
            BigDecimal.valueOf(8589934592L)
        };
        final BigDecimal[] bFN = new BigDecimal[] {
            BigDecimal.valueOf(-5712344449280879L),
            BigDecimal.valueOf(-4550117129121957L),
            BigDecimal.valueOf(8846951984510141L)
        };
        final BigDecimal[] bFD = new BigDecimal[] {
            BigDecimal.valueOf(2097152L),
            BigDecimal.valueOf(2097152L),
            BigDecimal.valueOf(131072L)
        };

        final int len = aFN.length;
        final double[] a = new double[len];
        final double[] b = new double[len];
        for (int i = 0; i < len; i++) {
            a[i] = aFN[i].doubleValue() / aFD[i].doubleValue();
            b[i] = bFN[i].doubleValue() / bFD[i].doubleValue();
        }

        // act
        final double sum = Sum.ofProducts(a, b).getAsDouble();

        // assert
        // Compare with arbitrary precision computation.
        BigDecimal result = BigDecimal.ZERO;
        for (int i = 0; i < a.length; i++) {
            result = result.add(aFN[i].divide(aFD[i]).multiply(bFN[i].divide(bFD[i])));
        }
        final double expected = result.doubleValue();
        Assertions.assertEquals(expected, sum, 1e-15);

        final double naive = a[0] * b[0] + a[1] * b[1] + a[2] * b[2];
        Assertions.assertTrue(Math.abs(naive - sum) > 1.5);
    }",SumTest::testSumOfProducts_oe
commons-numbers_508,"@Test
    void testSumOfProducts_huge_oe() {
        // arrange
        int scale = 971;
        final double[] a = new double[] {
            -1321008684645961.0 / 268435456.0,
            -5774608829631843.0 / 268435456.0,
            -7645843051051357.0 / 8589934592.0
        };
        final double[] b = new double[] {
            -5712344449280879.0 / 2097152.0,
            -4550117129121957.0 / 2097152.0,
            8846951984510141.0 / 131072.0
        };

        final int len = a.length;
        final double[] scaledA = new double[len];
        final double[] scaledB = new double[len];
        for (int i = 0; i < len; ++i) {
            scaledA[i] = Math.scalb(a[i], -scale);
            scaledB[i] = Math.scalb(b[i], scale);
        }

        // act
        final double sum = Sum.ofProducts(scaledA, scaledB).getAsDouble();

        // assert
        Assertions.assertEquals(-1.8551294182586248737720779899, sum, 1e-15);

        final double naive = scaledA[0] * scaledB[0] + scaledA[1] * scaledB[1] + scaledA[2] * scaledB[2];
        Assertions.assertTrue(Math.abs(naive - sum) > 1.5);
    }",SumTest::testSumOfProducts_huge_oe
commons-numbers_509,"@Test
    void testSumOfProducts_nonFinite_oe() {
        // arrange
        final double[][] a = new double[][] {
            {1, 2, 3, 4},
            {1, Double.POSITIVE_INFINITY, 3, 4},
            {1, 2, Double.POSITIVE_INFINITY, 4},
            {1, Double.POSITIVE_INFINITY, 3, Double.NEGATIVE_INFINITY},
            {1, 2, 3, 4},
            {1, 2, 3, 4},
            {1, 2, 3, 4},
            {1, 2, 3, 4},
            {1, Double.MAX_VALUE, 3, 4},
            {1, 2, Double.MAX_VALUE, 4},
            {1, Double.MAX_VALUE / 2, 3, -Double.MAX_VALUE / 4},
        };
        final double[][] b = new double[][] {
            {1, -2, 3, 4},
            {1, -2, 3, 4},
            {1, -2, 3, 4},
            {1, -2, 3, 4},
            {1, Double.POSITIVE_INFINITY, 3, 4},
            {1, -2, Double.POSITIVE_INFINITY, 4},
            {1, Double.POSITIVE_INFINITY, 3, Double.NEGATIVE_INFINITY},
            {Double.NaN, -2, 3, 4},
            {1, -2, 3, 4},
            {1, -2, 3, 4},
            {1, -2, 3, 4},
        };

        // act/assert
        assertSumOfProducts(-3,
                a[0][0], b[0][0],
                a[0][1], b[0][1]);
        assertSumOfProducts(6,
                a[0][0], b[0][0],
                a[0][1], b[0][1],
                a[0][2], b[0][2]);
        assertSumOfProducts(22, a[0], b[0]);

        assertSumOfProducts(Double.NEGATIVE_INFINITY,
                a[1][0], b[1][0],
                a[1][1], b[1][1]);
        assertSumOfProducts(Double.NEGATIVE_INFINITY,
                a[1][0], b[1][0],
                a[1][1], b[1][1],
                a[1][2], b[1][2]);
        assertSumOfProducts(Double.NEGATIVE_INFINITY, a[1], b[1]);

        assertSumOfProducts(-3,
                a[2][0], b[2][0],
                a[2][1], b[2][1]);
        assertSumOfProducts(Double.POSITIVE_INFINITY,
                a[2][0], b[2][0],
                a[2][1], b[2][1],
                a[2][2], b[2][2]);
        assertSumOfProducts(Double.POSITIVE_INFINITY, a[2], b[2]);

        assertSumOfProducts(Double.NEGATIVE_INFINITY,
                a[3][0], b[3][0],
                a[3][1], b[3][1]);
        assertSumOfProducts(Double.NEGATIVE_INFINITY,
                a[3][0], b[3][0],
                a[3][1], b[3][1],
                a[3][2], b[3][2]);
        assertSumOfProducts(Double.NEGATIVE_INFINITY, a[3], b[3]);

        assertSumOfProducts(Double.POSITIVE_INFINITY,
                a[4][0], b[4][0],
                a[4][1], b[4][1]);
        assertSumOfProducts(Double.POSITIVE_INFINITY,
                a[4][0], b[4][0],
                a[4][1], b[4][1],
                a[4][2], b[4][2]);
        assertSumOfProducts(Double.POSITIVE_INFINITY, a[4], b[4]);

        assertSumOfProducts(-3,
                a[5][0], b[5][0],
                a[5][1], b[5][1]);
        assertSumOfProducts(Double.POSITIVE_INFINITY,
                a[5][0], b[5][0],
                a[5][1], b[5][1],
                a[5][2], b[5][2]);
        assertSumOfProducts(Double.POSITIVE_INFINITY, a[5], b[5]);

        assertSumOfProducts(Double.POSITIVE_INFINITY,
                a[6][0], b[6][0],
                a[6][1], b[6][1]);
        assertSumOfProducts(Double.POSITIVE_INFINITY,
                a[6][0], b[6][0],
                a[6][1], b[6][1],
                a[6][2], b[6][2]);
        assertSumOfProducts(Double.NaN, a[6], b[6]);

        assertSumOfProducts(Double.NaN,
                a[7][0], b[7][0],
                a[7][1], b[7][1]);
        assertSumOfProducts(Double.NaN,
                a[7][0], b[7][0],
                a[7][1], b[7][1],
                a[7][2], b[7][2]);
        assertSumOfProducts(Double.NaN, a[7], b[7]);

        assertSumOfProducts(Double.NEGATIVE_INFINITY,
                a[8][0], b[8][0],
                a[8][1], b[8][1]);
        assertSumOfProducts(Double.NEGATIVE_INFINITY,
                a[8][0], b[8][0],
                a[8][1], b[8][1],
                a[8][2], b[8][2]);
        assertSumOfProducts(Double.NEGATIVE_INFINITY, a[8], b[8]);

        assertSumOfProducts(-3,
                a[9][0], b[9][0],
                a[9][1], b[9][1]);
        assertSumOfProducts(Double.POSITIVE_INFINITY,
                a[9][0], b[9][0],
                a[9][1], b[9][1],
                a[9][2], b[9][2]);
        assertSumOfProducts(Double.POSITIVE_INFINITY, a[9], b[9]);

        assertSumOfProducts(-Double.MAX_VALUE,
                a[10][0], b[10][0],
                a[10][1], b[10][1]);
        assertSumOfProducts(-Double.MAX_VALUE,
                a[10][0], b[10][0],
                a[10][1], b[10][1],
                a[10][2], b[10][2]);
        assertSumOfProducts(Double.NEGATIVE_INFINITY, a[10], b[10]);
    }",SumTest::testSumOfProducts_nonFinite_oe
commons-numbers_510,"@Test
    void testSumOfProducts_overflow_oe() {
        // Create a simple dot product that is different in high precision and has
        // values that create a high part above the original number. This can be done using
        // a mantissa with almost all bits set to 1.
        final double x = Math.nextDown(2.0);
        final double y = -Math.nextDown(x);
        final double xxMxy = x * x + x * y;
        final double xxMxyHighPrecision = Sum.create().addProduct(x, x).addProduct(x, y).getAsDouble();
        Assertions.assertNotEquals(xxMxy, xxMxyHighPrecision, ""High precision result should be different"");

        // Scale it close to max value.
        // The current exponent is 0 so the combined scale must be 1023-1 as the
        // partial product x*x and x*y have an exponent 1 higher
        Assertions.assertEquals(0, Math.getExponent(x));
        Assertions.assertEquals(0, Math.getExponent(y));

        final double a1 = Math.scalb(x, 1022 - 30);
        final double b1 = Math.scalb(x, 30);
        final double a2 = a1;
        final double b2 = Math.scalb(y, 30);
        // Verify low precision result is scaled and finite
        final double sxxMxy = Math.scalb(xxMxy, 1022);
        Assertions.assertEquals(sxxMxy, a1 * b1 + a2 * b2);
        Assertions.assertTrue(Double.isFinite(sxxMxy));

        // High precision result using Dekker's multiplier.
        final double m = (1 << 27) + 1;
        // First demonstrate that Dekker's split will create overflow in the high part.
        double c;
        c = a1 * m;
        final double ha1 = c - (c - a1);
        c = b1 * m;
        final double hb1 = c - (c - b1);
        c = a2 * m;
        final double ha2 = c - (c - a2);
        c = b2 * m;
        final double hb2 = c - (c - b2);
        Assertions.assertTrue(Double.isFinite(ha1));
        Assertions.assertTrue(Double.isFinite(hb1));
        Assertions.assertTrue(Double.isFinite(ha2));
        Assertions.assertTrue(Double.isFinite(hb2));
        // High part should be bigger in magnitude
        Assertions.assertTrue(Math.abs(ha1) > Math.abs(a1));
        Assertions.assertTrue(Math.abs(hb1) > Math.abs(b1));
        Assertions.assertTrue(Math.abs(ha2) > Math.abs(a2));
        Assertions.assertTrue(Math.abs(hb2) > Math.abs(b2));
        Assertions.assertEquals(Double.POSITIVE_INFINITY, ha1 * hb1, ""Expected split high part to overflow"");
        Assertions.assertEquals(Double.NEGATIVE_INFINITY, ha2 * hb2, ""Expected split high part to overflow"");

        // LinearCombination should detect and handle intermediate overflow and return the
        // high precision result.
        final double expected = Math.scalb(xxMxyHighPrecision, 1022);
        assertSumOfProducts(expected, a1, b1, a2, b2);
        assertSumOfProducts(expected, a1, b1, a2, b2, 0, 0);
        assertSumOfProducts(expected, a1, b1, a2, b2, 0, 0, 0, 0);
    }",SumTest::testSumOfProducts_overflow_oe
commons-numbers_511,"@Test
    void testMixedSingleTermAndProduct_oe() {
        // arrange
        final double a = 9.999999999;
        final double b = Math.scalb(a, -53);
        final double c = Math.scalb(a, -53);
        final double d = Math.scalb(a, -27);

        // act/assert
        Assertions.assertEquals(exactLinearCombination(1,a,-1,b,2,c,4,d),Sum.create().add(a).add(-b).addProduct(2,c).addProduct(d,4).getAsDouble());

        Assertions.assertEquals(exactLinearCombination(1,a,-1,b,2,c,4,d),Sum.create().addProduct(d,4).add(a).addProduct(2,c).add(-b).getAsDouble());
    }",SumTest::testMixedSingleTermAndProduct_oe
commons-numbers_512,"@Test
    void testUnityValuesInProduct_oe() {
        // arrange
        final double a = 9.999999999;
        final double b = Math.scalb(a, -53);
        final double c = Math.scalb(a, -53);
        final double d = Math.scalb(a, -27);

        // act/assert
        Assertions.assertEquals(exactLinearCombination(1,a,-1,b,2,c,4,d),Sum.create().addProduct(1,a).addProduct(-1,b).addProduct(2,c).addProduct(d,4).getAsDouble());

        Assertions.assertEquals(exactLinearCombination(1,a,-1,b,2,c,4,d),Sum.create().addProduct(a,1).addProduct(b,-1).addProduct(2,c).addProduct(d,4).getAsDouble());
    }",SumTest::testUnityValuesInProduct_oe
commons-numbers_513,"@Test
    void testEqualsWithRelativeTolerance_oe() {
        Assertions.assertTrue(Precision.equalsWithRelativeTolerance(0d, 0d, 0d));
        Assertions.assertTrue(Precision.equalsWithRelativeTolerance(0d, 1 / Double.NEGATIVE_INFINITY, 0d));

        final double eps = 1e-14;
        Assertions.assertFalse(Precision.equalsWithRelativeTolerance(1.987654687654968, 1.987654687654988, eps));
        Assertions.assertTrue(Precision.equalsWithRelativeTolerance(1.987654687654968, 1.987654687654987, eps));
        Assertions.assertFalse(Precision.equalsWithRelativeTolerance(1.987654687654968, 1.987654687654948, eps));
        Assertions.assertTrue(Precision.equalsWithRelativeTolerance(1.987654687654968, 1.987654687654949, eps));

        Assertions.assertFalse(Precision.equalsWithRelativeTolerance(Precision.SAFE_MIN, 0.0, eps));

        Assertions.assertFalse(Precision.equalsWithRelativeTolerance(1.0000000000001e-300, 1e-300, eps));
        Assertions.assertTrue(Precision.equalsWithRelativeTolerance(1.00000000000001e-300, 1e-300, eps));

        Assertions.assertFalse(Precision.equalsWithRelativeTolerance(Double.NEGATIVE_INFINITY, 1.23, eps));
        Assertions.assertFalse(Precision.equalsWithRelativeTolerance(Double.POSITIVE_INFINITY, 1.23, eps));

        Assertions.assertTrue(Precision.equalsWithRelativeTolerance(Double.NEGATIVE_INFINITY, Double.NEGATIVE_INFINITY, eps));
        Assertions.assertTrue(Precision.equalsWithRelativeTolerance(Double.POSITIVE_INFINITY, Double.POSITIVE_INFINITY, eps));
        Assertions.assertFalse(Precision.equalsWithRelativeTolerance(Double.NEGATIVE_INFINITY, Double.POSITIVE_INFINITY, eps));

        Assertions.assertFalse(Precision.equalsWithRelativeTolerance(Double.NaN, 1.23, eps));
        Assertions.assertFalse(Precision.equalsWithRelativeTolerance(Double.NaN, Double.NaN, eps));
    }",PrecisionTest::testEqualsWithRelativeTolerance_oe
commons-numbers_514,"@Test
    void testEqualsIncludingNaN_oe() {
        double[] testArray = {
            Double.NaN,
            Double.POSITIVE_INFINITY,
            Double.NEGATIVE_INFINITY,
            1d,
            0d };
        for (int i = 0; i < testArray.length; i++) {
            for (int j = 0; j < testArray.length; j++) {
                if (i == j) {
                    Assertions.assertTrue(Precision.equalsIncludingNaN(testArray[i], testArray[j]));
                    Assertions.assertTrue(Precision.equalsIncludingNaN(testArray[j], testArray[i]));
                } else {
                    Assertions.assertFalse(Precision.equalsIncludingNaN(testArray[i], testArray[j]));
                    Assertions.assertFalse(Precision.equalsIncludingNaN(testArray[j], testArray[i]));
                }
            }
        }
    }",PrecisionTest::testEqualsIncludingNaN_oe
commons-numbers_515,"@Test
    void testEqualsWithAllowedDelta_oe() {
        assertEqualsWithAllowedDelta(Precision::equalsIncludingNaN, true);
    }",PrecisionTest::testEqualsWithAllowedDelta_oe
commons-numbers_516,"@Test
    void testEqualsIncludingNaNWithAllowedDelta_oe() {
        assertEqualsWithAllowedDelta(Precision::equalsIncludingNaN, true);
    }",PrecisionTest::testEqualsIncludingNaNWithAllowedDelta_oe
commons-numbers_517,"@Test
    void testEqualsWithAllowedUlps_oe() {
        assertEqualsIncludingNaNWithAllowedUlps(Precision::equals, false, false);
    }",PrecisionTest::testEqualsWithAllowedUlps_oe
commons-numbers_518,"@Test
    void testEqualsWithImplicitAllowedUlpsOf1_oe() {
        // Use the version without the ulp argument
        assertEqualsIncludingNaNWithAllowedUlps((a, b, ulp) -> Precision.equals(a, b), false, true);
    }",PrecisionTest::testEqualsWithImplicitAllowedUlpsOf1_oe
commons-numbers_519,"@Test
    void testEqualsIncludingNaNWithAllowedUlps_oe() {
        assertEqualsIncludingNaNWithAllowedUlps(Precision::equalsIncludingNaN, true, false);
    }",PrecisionTest::testEqualsIncludingNaNWithAllowedUlps_oe
commons-numbers_520,"@Test
    void testFloatEqualsIncludingNaN_oe() {
        float[] testArray = {
            Float.NaN,
            Float.POSITIVE_INFINITY,
            Float.NEGATIVE_INFINITY,
            1f,
            0f };
        for (int i = 0; i < testArray.length; i++) {
            for (int j = 0; j < testArray.length; j++) {
                if (i == j) {
                    Assertions.assertTrue(Precision.equalsIncludingNaN(testArray[i], testArray[j]));
                    Assertions.assertTrue(Precision.equalsIncludingNaN(testArray[j], testArray[i]));
                } else {
                    Assertions.assertFalse(Precision.equalsIncludingNaN(testArray[i], testArray[j]));
                    Assertions.assertFalse(Precision.equalsIncludingNaN(testArray[j], testArray[i]));
                }
            }
        }
    }",PrecisionTest::testFloatEqualsIncludingNaN_oe
commons-numbers_521,"@Test
    void testFloatEqualsWithAllowedDelta_oe() {
        assertFloatEqualsWithAllowedDelta(Precision::equalsIncludingNaN, true);
    }",PrecisionTest::testFloatEqualsWithAllowedDelta_oe
commons-numbers_522,"@Test
    void testFloatEqualsIncludingNaNWithAllowedDelta_oe() {
        assertFloatEqualsWithAllowedDelta(Precision::equalsIncludingNaN, true);
    }",PrecisionTest::testFloatEqualsIncludingNaNWithAllowedDelta_oe
commons-numbers_523,"@Test
    void testFloatEqualsWithAllowedUlps_oe() {
        assertFloatEqualsIncludingNaNWithAllowedUlps(Precision::equals, false, false);
    }",PrecisionTest::testFloatEqualsWithAllowedUlps_oe
commons-numbers_524,"@Test
    void testFloatEqualsWithImplicitAllowedUlpsOf1_oe() {
        // Use the version without the ulp argument
        assertFloatEqualsIncludingNaNWithAllowedUlps((a, b, ulp) -> Precision.equals(a, b), false, true);
    }",PrecisionTest::testFloatEqualsWithImplicitAllowedUlpsOf1_oe
commons-numbers_525,"@Test
    void testFloatEqualsIncludingNaNWithAllowedUlps_oe() {
        assertFloatEqualsIncludingNaNWithAllowedUlps(Precision::equalsIncludingNaN, true, false);
    }",PrecisionTest::testFloatEqualsIncludingNaNWithAllowedUlps_oe
commons-numbers_526,"@Test
    void testCompareToEpsilon_oe() {
        Assertions.assertEquals(0, Precision.compareTo(152.33, 152.32, .011));
        Assertions.assertTrue(Precision.compareTo(152.308, 152.32, .011) < 0);
        Assertions.assertTrue(Precision.compareTo(152.33, 152.318, .011) > 0);
        Assertions.assertEquals(0, Precision.compareTo(Double.MIN_VALUE, +0.0, Double.MIN_VALUE));
        Assertions.assertEquals(0, Precision.compareTo(Double.MIN_VALUE, -0.0, Double.MIN_VALUE));
    }",PrecisionTest::testCompareToEpsilon_oe
commons-numbers_527,"@Test
    void testSortWithCompareTo_oe() {
        final Double[] array = {Double.NaN, 0.02, 0.01, Double.NaN, 2.0, 1.0};
        final double eps = 0.1;
        for (int i = 0; i < 10; i++) {
            Collections.shuffle(Arrays.asList(array));
            Arrays.sort(array, (a, b) -> Precision.compareTo(a, b, eps));

            for (int j = 0; j < array.length - 1; j++) {
                final int c = Precision.compareTo(array[j],
                                                  array[j + 1],
                                                  eps);
                // Check that order is consistent with the comparison function.
                Assertions.assertNotEquals(1, c);
            }
            Assertions.assertTrue(array[0] == 0.01 || array[0] == 0.02);
            Assertions.assertTrue(array[1] == 0.01 || array[1] == 0.02);
            Assertions.assertEquals(1, array[2], 0d);
            Assertions.assertEquals(2, array[3], 0d);
            Assertions.assertTrue(Double.isNaN(array[4]));
            Assertions.assertTrue(Double.isNaN(array[5]));
        }
    }",PrecisionTest::testSortWithCompareTo_oe
commons-numbers_528,"@Test
    void testCompareToMaxUlps_oe() {
        double a = 152.32;
        double delta = Math.ulp(a);
        for (int i = 0; i <= 10; ++i) {
            if (i <= 5) {
                Assertions.assertEquals(+0, Precision.compareTo(a, a + i * delta, 5));
                Assertions.assertEquals(+0, Precision.compareTo(a, a - i * delta, 5));
            } else {
                Assertions.assertEquals(-1, Precision.compareTo(a, a + i * delta, 5));
                Assertions.assertEquals(+1, Precision.compareTo(a, a - i * delta, 5));
            }
        }

        Assertions.assertEquals(+0, Precision.compareTo(-0.0, 0.0, 0));

        Assertions.assertEquals(-1, Precision.compareTo(-Double.MIN_VALUE, -0.0, 0));
        Assertions.assertEquals(+0, Precision.compareTo(-Double.MIN_VALUE, -0.0, 1));
        Assertions.assertEquals(-1, Precision.compareTo(-Double.MIN_VALUE, +0.0, 0));
        Assertions.assertEquals(+0, Precision.compareTo(-Double.MIN_VALUE, +0.0, 1));

        Assertions.assertEquals(+1, Precision.compareTo(+Double.MIN_VALUE, -0.0, 0));
        Assertions.assertEquals(+0, Precision.compareTo(+Double.MIN_VALUE, -0.0, 1));
        Assertions.assertEquals(+1, Precision.compareTo(+Double.MIN_VALUE, +0.0, 0));
        Assertions.assertEquals(+0, Precision.compareTo(+Double.MIN_VALUE, +0.0, 1));

        Assertions.assertEquals(-1, Precision.compareTo(-Double.MIN_VALUE, Double.MIN_VALUE, 0));
        Assertions.assertEquals(-1, Precision.compareTo(-Double.MIN_VALUE, Double.MIN_VALUE, 1));
        Assertions.assertEquals(+0, Precision.compareTo(-Double.MIN_VALUE, Double.MIN_VALUE, 2));

        Assertions.assertEquals(+0, Precision.compareTo(Double.MAX_VALUE, Double.POSITIVE_INFINITY, 1));
        Assertions.assertEquals(-1, Precision.compareTo(Double.MAX_VALUE, Double.POSITIVE_INFINITY, 0));

        Assertions.assertEquals(+1, Precision.compareTo(Double.MAX_VALUE, Double.NaN, Integer.MAX_VALUE));
        Assertions.assertEquals(+1, Precision.compareTo(Double.NaN, Double.MAX_VALUE, Integer.MAX_VALUE));
    }",PrecisionTest::testCompareToMaxUlps_oe
commons-numbers_529,"@Test
    void testRoundDouble_oe() {
        double x = 1.234567890;
        Assertions.assertEquals(1.23, Precision.round(x, 2));
        Assertions.assertEquals(1.235, Precision.round(x, 3));
        Assertions.assertEquals(1.2346, Precision.round(x, 4));

        // JIRA MATH-151
        Assertions.assertEquals(39.25, Precision.round(39.245, 2));
        Assertions.assertEquals(39.24, Precision.round(39.245, 2, RoundingMode.DOWN));
        double xx = 39.0;
        xx += 245d / 1000d;
        Assertions.assertEquals(39.25, Precision.round(xx, 2));

        // BZ 35904
        Assertions.assertEquals(30.1d, Precision.round(30.095d, 2));
        Assertions.assertEquals(30.1d, Precision.round(30.095d, 1));
        Assertions.assertEquals(33.1d, Precision.round(33.095d, 1));
        Assertions.assertEquals(33.1d, Precision.round(33.095d, 2));
        Assertions.assertEquals(50.09d, Precision.round(50.085d, 2));
        Assertions.assertEquals(50.19d, Precision.round(50.185d, 2));
        Assertions.assertEquals(50.01d, Precision.round(50.005d, 2));
        Assertions.assertEquals(30.01d, Precision.round(30.005d, 2));
        Assertions.assertEquals(30.65d, Precision.round(30.645d, 2));

        Assertions.assertEquals(1.24, Precision.round(x, 2, RoundingMode.CEILING));
        Assertions.assertEquals(1.235, Precision.round(x, 3, RoundingMode.CEILING));
        Assertions.assertEquals(1.2346, Precision.round(x, 4, RoundingMode.CEILING));
        Assertions.assertEquals(-1.23, Precision.round(-x, 2, RoundingMode.CEILING));
        Assertions.assertEquals(-1.234, Precision.round(-x, 3, RoundingMode.CEILING));
        Assertions.assertEquals(-1.2345, Precision.round(-x, 4, RoundingMode.CEILING));

        Assertions.assertEquals(1.23, Precision.round(x, 2, RoundingMode.DOWN));
        Assertions.assertEquals(1.234, Precision.round(x, 3, RoundingMode.DOWN));
        Assertions.assertEquals(1.2345, Precision.round(x, 4, RoundingMode.DOWN));
        Assertions.assertEquals(-1.23, Precision.round(-x, 2, RoundingMode.DOWN));
        Assertions.assertEquals(-1.234, Precision.round(-x, 3, RoundingMode.DOWN));
        Assertions.assertEquals(-1.2345, Precision.round(-x, 4, RoundingMode.DOWN));

        Assertions.assertEquals(1.23, Precision.round(x, 2, RoundingMode.FLOOR));
        Assertions.assertEquals(1.234, Precision.round(x, 3, RoundingMode.FLOOR));
        Assertions.assertEquals(1.2345, Precision.round(x, 4, RoundingMode.FLOOR));
        Assertions.assertEquals(-1.24, Precision.round(-x, 2, RoundingMode.FLOOR));
        Assertions.assertEquals(-1.235, Precision.round(-x, 3, RoundingMode.FLOOR));
        Assertions.assertEquals(-1.2346, Precision.round(-x, 4, RoundingMode.FLOOR));

        Assertions.assertEquals(1.23, Precision.round(x, 2, RoundingMode.HALF_DOWN));
        Assertions.assertEquals(1.235, Precision.round(x, 3, RoundingMode.HALF_DOWN));
        Assertions.assertEquals(1.2346, Precision.round(x, 4, RoundingMode.HALF_DOWN));
        Assertions.assertEquals(-1.23, Precision.round(-x, 2, RoundingMode.HALF_DOWN));
        Assertions.assertEquals(-1.235, Precision.round(-x, 3, RoundingMode.HALF_DOWN));
        Assertions.assertEquals(-1.2346, Precision.round(-x, 4, RoundingMode.HALF_DOWN));
        Assertions.assertEquals(1.234, Precision.round(1.2345, 3, RoundingMode.HALF_DOWN));
        Assertions.assertEquals(-1.234, Precision.round(-1.2345, 3, RoundingMode.HALF_DOWN));

        Assertions.assertEquals(1.23, Precision.round(x, 2, RoundingMode.HALF_EVEN));
        Assertions.assertEquals(1.235, Precision.round(x, 3, RoundingMode.HALF_EVEN));
        Assertions.assertEquals(1.2346, Precision.round(x, 4, RoundingMode.HALF_EVEN));
        Assertions.assertEquals(-1.23, Precision.round(-x, 2, RoundingMode.HALF_EVEN));
        Assertions.assertEquals(-1.235, Precision.round(-x, 3, RoundingMode.HALF_EVEN));
        Assertions.assertEquals(-1.2346, Precision.round(-x, 4, RoundingMode.HALF_EVEN));
        Assertions.assertEquals(1.234, Precision.round(1.2345, 3, RoundingMode.HALF_EVEN));
        Assertions.assertEquals(-1.234, Precision.round(-1.2345, 3, RoundingMode.HALF_EVEN));
        Assertions.assertEquals(1.236, Precision.round(1.2355, 3, RoundingMode.HALF_EVEN));
        Assertions.assertEquals(-1.236, Precision.round(-1.2355, 3, RoundingMode.HALF_EVEN));

        Assertions.assertEquals(1.23, Precision.round(x, 2, RoundingMode.HALF_UP));
        Assertions.assertEquals(1.235, Precision.round(x, 3, RoundingMode.HALF_UP));
        Assertions.assertEquals(1.2346, Precision.round(x, 4, RoundingMode.HALF_UP));
        Assertions.assertEquals(-1.23, Precision.round(-x, 2, RoundingMode.HALF_UP));
        Assertions.assertEquals(-1.235, Precision.round(-x, 3, RoundingMode.HALF_UP));
        Assertions.assertEquals(-1.2346, Precision.round(-x, 4, RoundingMode.HALF_UP));
        Assertions.assertEquals(1.235, Precision.round(1.2345, 3, RoundingMode.HALF_UP));
        Assertions.assertEquals(-1.235, Precision.round(-1.2345, 3, RoundingMode.HALF_UP));

        Assertions.assertEquals(-1.23, Precision.round(-1.23, 2, RoundingMode.UNNECESSARY));
        Assertions.assertEquals(1.23, Precision.round(1.23, 2, RoundingMode.UNNECESSARY));

        try {
            Precision.round(1.234, 2, RoundingMode.UNNECESSARY);
            Assertions.fail();
        } catch (ArithmeticException ex) {
            // expected
        }

        Assertions.assertEquals(1.24, Precision.round(x, 2, RoundingMode.UP));
        Assertions.assertEquals(1.235, Precision.round(x, 3, RoundingMode.UP));
        Assertions.assertEquals(1.2346, Precision.round(x, 4, RoundingMode.UP));
        Assertions.assertEquals(-1.24, Precision.round(-x, 2, RoundingMode.UP));
        Assertions.assertEquals(-1.235, Precision.round(-x, 3, RoundingMode.UP));
        Assertions.assertEquals(-1.2346, Precision.round(-x, 4, RoundingMode.UP));

        // MATH-151
        Assertions.assertEquals(39.25, Precision.round(39.245, 2, RoundingMode.HALF_UP));

        // special values
        Assertions.assertEquals(Double.NaN, Precision.round(Double.NaN, 2));
        Assertions.assertEquals(0.0, Precision.round(0.0, 2));
        Assertions.assertEquals(Double.POSITIVE_INFINITY, Precision.round(Double.POSITIVE_INFINITY, 2));
        Assertions.assertEquals(Double.NEGATIVE_INFINITY, Precision.round(Double.NEGATIVE_INFINITY, 2));
        // comparison of positive and negative zero is not possible -> always equal thus do string comparison
        Assertions.assertEquals(""-0.0"", Double.toString(Precision.round(-0.0, 0)));
        Assertions.assertEquals(""-0.0"", Double.toString(Precision.round(-1e-10, 0)));
    }",PrecisionTest::testRoundDouble_oe
commons-numbers_530,"@Test
    void testRepresentableDelta_oe() {
        int nonRepresentableCount = 0;
        final double x = 100;
        final int numTrials = 10000;
        for (int i = 0; i < numTrials; i++) {
            final double originalDelta = Math.random();
            final double delta = Precision.representableDelta(x, originalDelta);
            if (delta != originalDelta) {
                ++nonRepresentableCount;
            }
        }

        Assertions.assertTrue(nonRepresentableCount / (double) numTrials > 0.9);
    }",PrecisionTest::testRepresentableDelta_oe
commons-numbers_531,"@Test
    void testIssue721_oe() {
        Assertions.assertEquals(-53, Math.getExponent(Precision.EPSILON));
        Assertions.assertEquals(-1022, Math.getExponent(Precision.SAFE_MIN));
    }",PrecisionTest::testIssue721_oe
commons-numbers_532,"@Test
    void testMath475_oe() {
        final double a = 1.7976931348623182E16;
        final double b = Math.nextUp(a);

        double diff = Math.abs(a - b);
        // Because they are adjacent floating point numbers, ""a"" and ""b"" are
        // considered equal even though the allowed error is smaller than
        // their difference.
        Assertions.assertTrue(Precision.equals(a, b, 0.5 * diff));

        final double c = Math.nextUp(b);
        diff = Math.abs(a - c);
        // Because ""a"" and ""c"" are not adjacent, the tolerance is taken into
        // account for assessing equality.
        Assertions.assertTrue(Precision.equals(a, c, diff));
        Assertions.assertFalse(Precision.equals(a, c, Math.nextDown(1.0) * diff));
    }",PrecisionTest::testMath475_oe
commons-numbers_533,"@Test
    void testMath475Float_oe() {
        final float a = 1.7976931348623182E16f;
        final float b = Math.nextUp(a);

        float diff = Math.abs(a - b);
        // Because they are adjacent floating point numbers, ""a"" and ""b"" are
        // considered equal even though the allowed error is smaller than
        // their difference.
        Assertions.assertTrue(Precision.equals(a, b, 0.5f * diff));

        final float c = Math.nextUp(b);
        diff = Math.abs(a - c);
        // Because ""a"" and ""c"" are not adjacent, the tolerance is taken into
        // account for assessing equality.
        Assertions.assertTrue(Precision.equals(a, c, diff));
        Assertions.assertFalse(Precision.equals(a, c, Math.nextDown(1.0f) * diff));
    }",PrecisionTest::testMath475Float_oe
commons-numbers_534,"@Test
    void testMath843_oe() {
        final double afterEpsilon = Math.nextAfter(Precision.EPSILON,
                                                   Double.POSITIVE_INFINITY);

        // a) 1 + EPSILON is equal to 1.
        Assertions.assertEquals(1, 1 + Precision.EPSILON);

        // b) 1 + ""the number after EPSILON"" is not equal to 1.
        Assertions.assertNotEquals(1, 1 + afterEpsilon, 0.0);
    }",PrecisionTest::testMath843_oe
commons-numbers_535,"@Test
    void testMath1127_oe() {
        Assertions.assertFalse(Precision.equals(2.0, -2.0, 1));
        Assertions.assertTrue(Precision.equals(0.0, -0.0, 0));
        Assertions.assertFalse(Precision.equals(2.0f, -2.0f, 1));
        Assertions.assertTrue(Precision.equals(0.0f, -0.0f, 0));
    }",PrecisionTest::testMath1127_oe
commons-numbers_536,"@Test
    void testManhattan_2d_oe() {
        // act/assert
        Assertions.assertEquals(0d, Norm.L1.of(0d, -0d));
        Assertions.assertEquals(3d, Norm.L1.of(-1d, 2d));
        Assertions.assertEquals(Double.POSITIVE_INFINITY, Norm.L1.of(Double.MAX_VALUE, Double.MAX_VALUE));

        Assertions.assertEquals(Double.NaN, Norm.L1.of(Double.NaN, 1d));
        Assertions.assertEquals(Double.NaN, Norm.L1.of(1d, Double.NaN));
        Assertions.assertEquals(Double.NaN, Norm.L1.of(Double.POSITIVE_INFINITY, Double.NaN));

        Assertions.assertEquals(Double.POSITIVE_INFINITY,Norm.L1.of(Double.POSITIVE_INFINITY,0d));
        Assertions.assertEquals(Double.POSITIVE_INFINITY,Norm.L1.of(0d,Double.POSITIVE_INFINITY));
        Assertions.assertEquals(Double.POSITIVE_INFINITY,Norm.L1.of(Double.NEGATIVE_INFINITY,Double.NEGATIVE_INFINITY));
    }",NormTest::testManhattan_2d_oe
commons-numbers_537,"@Test
    void testManhattan_3d_oe() {
        // act/assert
        Assertions.assertEquals(0d, Norm.L1.of(0d, -0d, 0d));
        Assertions.assertEquals(6d, Norm.L1.of(-1d, 2d, -3d));
        Assertions.assertEquals(Double.POSITIVE_INFINITY, Norm.L1.of(Double.MAX_VALUE, Double.MAX_VALUE, 0d));

        Assertions.assertEquals(Double.NaN, Norm.L1.of(Double.NaN, -2d, 1d));
        Assertions.assertEquals(Double.NaN, Norm.L1.of(-2d, Double.NaN, 1d));
        Assertions.assertEquals(Double.NaN, Norm.L1.of(-2d, 1d, Double.NaN));
        Assertions.assertEquals(Double.NaN, Norm.L1.of(-2d, Double.POSITIVE_INFINITY, Double.NaN));

        Assertions.assertEquals(Double.POSITIVE_INFINITY,Norm.L1.of(Double.POSITIVE_INFINITY,2d,-4d));
        Assertions.assertEquals(Double.POSITIVE_INFINITY,Norm.L1.of(Double.POSITIVE_INFINITY,Double.NEGATIVE_INFINITY,-4d));
        Assertions.assertEquals(Double.POSITIVE_INFINITY,Norm.L1.of(Double.NEGATIVE_INFINITY,Double.NEGATIVE_INFINITY,Double.NEGATIVE_INFINITY));
    }",NormTest::testManhattan_3d_oe
commons-numbers_538,"@Test
    void testManhattan_array_oe() {
        // act/assert
        Assertions.assertThrows(IllegalArgumentException.class, () -> Norm.L1.of(new double[0]));

        Assertions.assertEquals(0d, Norm.L1.of(new double[] {0d, -0d}));
        Assertions.assertEquals(6d, Norm.L1.of(new double[] {-1d, 2d, -3d}));
        Assertions.assertEquals(10d, Norm.L1.of(new double[] {-1d, 2d, -3d, 4d}));
        Assertions.assertEquals(Double.POSITIVE_INFINITY,
                Norm.L1.of(new double[] {Double.MAX_VALUE, Double.MAX_VALUE}));

        Assertions.assertEquals(Double.NaN, Norm.L1.of(new double[] {-2d, Double.NaN, 1d}));
        Assertions.assertEquals(Double.NaN, Norm.L1.of(new double[] {Double.POSITIVE_INFINITY, Double.NaN, 1d}));

        Assertions.assertEquals(Double.POSITIVE_INFINITY,
                Norm.L1.of(new double[] {Double.POSITIVE_INFINITY, 0d}));
        Assertions.assertEquals(Double.POSITIVE_INFINITY,
                Norm.L1.of(new double[] {Double.NEGATIVE_INFINITY, Double.NEGATIVE_INFINITY}));
    }",NormTest::testManhattan_array_oe
commons-numbers_539,"@Test
    void testEuclidean_2d_simple_oe() {
        // act/assert
        Assertions.assertEquals(0d, Norm.L2.of(0d, 0d));
        Assertions.assertEquals(1d, Norm.L2.of(1d, 0d));
        Assertions.assertEquals(1d, Norm.L2.of(0d, 1d));
        Assertions.assertEquals(5d, Norm.L2.of(-3d, 4d));
        Assertions.assertEquals(Double.MIN_VALUE, Norm.L2.of(0d, Double.MIN_VALUE));
        Assertions.assertEquals(Double.MAX_VALUE, Norm.L2.of(Double.MAX_VALUE, 0d));
        Assertions.assertEquals(Double.POSITIVE_INFINITY, Norm.L2.of(Double.MAX_VALUE, Double.MAX_VALUE));

        Assertions.assertEquals(Math.sqrt(2), Norm.L2.of(1d, -1d));

        Assertions.assertEquals(Double.NaN, Norm.L2.of(Double.NaN, -2d));
        Assertions.assertEquals(Double.NaN, Norm.L2.of(Double.NaN, Double.POSITIVE_INFINITY));
        Assertions.assertEquals(Double.NaN, Norm.L2.of(-2d, Double.NaN));
        Assertions.assertEquals(Double.NaN,Norm.L2.of(Double.NaN,Double.NEGATIVE_INFINITY));

        Assertions.assertEquals(Double.POSITIVE_INFINITY,Norm.L2.of(1d,Double.NEGATIVE_INFINITY));
        Assertions.assertEquals(Double.POSITIVE_INFINITY,Norm.L2.of(Double.POSITIVE_INFINITY,-1d));
        Assertions.assertEquals(Double.POSITIVE_INFINITY,Norm.L2.of(Double.NEGATIVE_INFINITY,Double.NEGATIVE_INFINITY));
    }",NormTest::testEuclidean_2d_simple_oe
commons-numbers_540,"@Test
    void testEuclidean_2d_dominantValue_oe() {
        // act/assert
        Assertions.assertEquals(Math.PI, Norm.L2.of(-Math.PI, 0x1.0p-55));
        Assertions.assertEquals(Math.PI, Norm.L2.of(0x1.0p-55, -Math.PI));
    }",NormTest::testEuclidean_2d_dominantValue_oe
commons-numbers_541,"@Test
    void testEuclidean_2d_vsArray_oe() {
        // arrange
        final double[][] inputs = {
            {-4.074598908124454E-9, 9.897869969944898E-28},
            {1.3472131556526359E-27, -9.064577177323565E9},
            {-3.9219339341360245E149, -7.132522817112096E148},
            {-1.4888098520466735E153, -2.9099184907796666E150},
            {-8.659395144898396E-152, -1.123275532302136E-150},
            {-3.660198254902351E-152, -6.656524053354807E-153}
        };

        // act/assert
        for (final double[] input : inputs) {
            Assertions.assertEquals(Norm.L2.of(input),Norm.L2.of(input[0],input[1]),()-> ""Expected inline method result to equal array result for input "" + Arrays.toString(input));
        }
    }",NormTest::testEuclidean_2d_vsArray_oe
commons-numbers_542,"@Test
    void testEuclidean_2d_vsHypot_oe() {
        // arrange
        final int samples = 1000;
        final UniformRandomProvider rng = RandomSource.create(RandomSource.XO_RO_SHI_RO_1024_PP, 3L);

        // act/assert
        assertEuclidean2dVersusHypot(-10, +10, samples, rng);
        assertEuclidean2dVersusHypot(0, +20, samples, rng);
        assertEuclidean2dVersusHypot(-20, 0, samples, rng);
        assertEuclidean2dVersusHypot(-20, +20, samples, rng);
        assertEuclidean2dVersusHypot(-100, +100, samples, rng);
        assertEuclidean2dVersusHypot(LARGE_THRESH_EXP - 10, LARGE_THRESH_EXP + 10, samples, rng);
        assertEuclidean2dVersusHypot(SMALL_THRESH_EXP - 10, SMALL_THRESH_EXP + 10, samples, rng);
        assertEuclidean2dVersusHypot(-600, +600, samples, rng);
    }",NormTest::testEuclidean_2d_vsHypot_oe
commons-numbers_543,"@Test
    void testEuclidean_3d_simple_oe() {
        // act/assert
        Assertions.assertEquals(0d, Norm.L2.of(0d, 0d, 0d));
        Assertions.assertEquals(1d, Norm.L2.of(1d, 0d, 0d));
        Assertions.assertEquals(1d, Norm.L2.of(0d, 1d, 0d));
        Assertions.assertEquals(1d, Norm.L2.of(0d, 0d, 1d));
        Assertions.assertEquals(5 * Math.sqrt(2), Norm.L2.of(-3d, -4d, 5d));
        Assertions.assertEquals(Double.MIN_VALUE, Norm.L2.of(0d, 0d, Double.MIN_VALUE));
        Assertions.assertEquals(Double.MAX_VALUE, Norm.L2.of(Double.MAX_VALUE, 0d, 0d));
        Assertions.assertEquals(Double.POSITIVE_INFINITY,Norm.L2.of(Double.MAX_VALUE,Double.MAX_VALUE,Double.MAX_VALUE));

        Assertions.assertEquals(Math.sqrt(3), Norm.L2.of(1d, -1d, 1d));

        Assertions.assertEquals(Double.NaN, Norm.L2.of(Double.NaN, -2d, 0d));
        Assertions.assertEquals(Double.NaN, Norm.L2.of(-2d, Double.NaN, 0d));
        Assertions.assertEquals(Double.NaN, Norm.L2.of(-2d, 0d, Double.NaN));
        Assertions.assertEquals(Double.NaN,Norm.L2.of(Double.POSITIVE_INFINITY,Double.NaN,1d));

        Assertions.assertEquals(Double.POSITIVE_INFINITY,Norm.L2.of(Double.POSITIVE_INFINITY,Double.NEGATIVE_INFINITY,1d));
        Assertions.assertEquals(Double.POSITIVE_INFINITY,Norm.L2.of(Double.NEGATIVE_INFINITY,Double.NEGATIVE_INFINITY,Double.NEGATIVE_INFINITY));
    }",NormTest::testEuclidean_3d_simple_oe
commons-numbers_544,"@Test
    void testEuclidean_3d_vsArray_oe() {
        // arrange
        final double[][] inputs = {
            {-4.074598908124454E-9, 9.897869969944898E-28, 7.849935157082846E-14},
            {1.3472131556526359E-27, -9.064577177323565E9, 323771.526282239},
            {-3.9219339341360245E149, -7.132522817112096E148, -3.427334456813165E147},
            {-1.4888098520466735E153, -2.9099184907796666E150, 1.0144962310234785E152},
            {-8.659395144898396E-152, -1.123275532302136E-150, -2.151505326692001E-152},
            {-3.660198254902351E-152, -6.656524053354807E-153, -3.198606556986218E-154}
        };

        // act/assert
        for (final double[] input : inputs) {
            Assertions.assertEquals(Norm.L2.of(input),Norm.L2.of(input[0],input[1],input[2]),()-> ""Expected inline method result to equal array result for input "" + Arrays.toString(input));
        }
    }",NormTest::testEuclidean_3d_vsArray_oe
commons-numbers_545,"@Test
    void testEuclidean_array_simple_oe() {
        // act/assert
        Assertions.assertThrows(IllegalArgumentException.class, () -> Norm.L2.of(new double[0]));

        Assertions.assertEquals(5d, Norm.L2.of(new double[] {-3d, 4d}));

        Assertions.assertEquals(Math.sqrt(2), Norm.L2.of(new double[] {1d, -1d}));
        Assertions.assertEquals(Math.sqrt(3), Norm.L2.of(new double[] {1d, -1d, 1d}));
        Assertions.assertEquals(2, Norm.L2.of(new double[] {1d, -1d, 1d, -1d}));

        final double[] longVec = new double[] {-0.9, 8.7, -6.5, -4.3, -2.1, 0, 1.2, 3.4, -5.6, 7.8, 9.0};
        Assertions.assertEquals(directEuclideanNorm(longVec), Norm.L2.of(longVec));

        Assertions.assertEquals(Double.MIN_VALUE, Norm.L2.of(new double[] {0d, Double.MIN_VALUE}));
        Assertions.assertEquals(Double.MAX_VALUE, Norm.L2.of(new double[] {Double.MAX_VALUE, 0d}));

        final double[] maxVec = new double[1000];
        Arrays.fill(maxVec, Double.MAX_VALUE);
        Assertions.assertEquals(Double.POSITIVE_INFINITY, Norm.L2.of(maxVec));

        final double[] largeThreshVec = new double[1000];
        Arrays.fill(largeThreshVec, 0x1.0p496);
        Assertions.assertEquals(Math.sqrt(largeThreshVec.length) * largeThreshVec[0], Norm.L2.of(largeThreshVec));

        Assertions.assertEquals(Double.NaN, Norm.L2.of(new double[] {-2d, Double.NaN, 1d}));
        Assertions.assertEquals(Double.NaN,
                Norm.L2.of(new double[] {Double.POSITIVE_INFINITY, Double.NaN}));
        Assertions.assertEquals(Double.POSITIVE_INFINITY,
                Norm.L2.of(new double[] {Double.POSITIVE_INFINITY, 1, 0}));
        Assertions.assertEquals(Double.POSITIVE_INFINITY,
                Norm.L2.of(new double[] {Double.POSITIVE_INFINITY, Double.NEGATIVE_INFINITY}));
        Assertions.assertEquals(Double.POSITIVE_INFINITY,
                Norm.L2.of(new double[] {Double.NEGATIVE_INFINITY, Double.NEGATIVE_INFINITY}));
    }",NormTest::testEuclidean_array_simple_oe
commons-numbers_546,"@Test
    void testMaximum_2d_oe() {
        // act/assert
        Assertions.assertEquals(0d, Norm.LINF.of(0d, -0d));
        Assertions.assertEquals(2d, Norm.LINF.of(1d, -2d));
        Assertions.assertEquals(3d, Norm.LINF.of(3d, 1d));
        Assertions.assertEquals(Double.MAX_VALUE, Norm.LINF.of(Double.MAX_VALUE, Double.MAX_VALUE));

        Assertions.assertEquals(Double.NaN, Norm.LINF.of(Double.NaN, 0d));
        Assertions.assertEquals(Double.NaN, Norm.LINF.of(0d, Double.NaN));
        Assertions.assertEquals(Double.NaN, Norm.LINF.of(Double.POSITIVE_INFINITY, Double.NaN));

        Assertions.assertEquals(Double.POSITIVE_INFINITY, Norm.LINF.of(Double.POSITIVE_INFINITY, 0d));
        Assertions.assertEquals(Double.POSITIVE_INFINITY, Norm.LINF.of(Double.NEGATIVE_INFINITY, 0d));
        Assertions.assertEquals(Double.POSITIVE_INFINITY, Norm.LINF.of(0d, Double.NEGATIVE_INFINITY));
        Assertions.assertEquals(Double.POSITIVE_INFINITY,Norm.LINF.of(Double.NEGATIVE_INFINITY,Double.NEGATIVE_INFINITY));
    }",NormTest::testMaximum_2d_oe
commons-numbers_547,"@Test
    void testMaximum_3d_oe() {
        // act/assert
        Assertions.assertEquals(0d, Norm.LINF.of(0d, -0d, 0d));
        Assertions.assertEquals(3d, Norm.LINF.of(1d, -2d, 3d));
        Assertions.assertEquals(4d, Norm.LINF.of(-4d, -2d, 3d));
        Assertions.assertEquals(Double.MAX_VALUE, Norm.LINF.of(Double.MAX_VALUE, Double.MAX_VALUE, Double.MAX_VALUE));

        Assertions.assertEquals(Double.NaN, Norm.LINF.of(Double.NaN, 3d, 0d));
        Assertions.assertEquals(Double.NaN, Norm.LINF.of(3d, Double.NaN, 0d));
        Assertions.assertEquals(Double.NaN, Norm.LINF.of(3d, 0d, Double.NaN));
        Assertions.assertEquals(Double.NaN, Norm.LINF.of(Double.POSITIVE_INFINITY, 0d, Double.NaN));

        Assertions.assertEquals(Double.POSITIVE_INFINITY, Norm.LINF.of(Double.POSITIVE_INFINITY, 0d, 1d));
        Assertions.assertEquals(Double.POSITIVE_INFINITY, Norm.LINF.of(0d, Double.POSITIVE_INFINITY, 1d));
        Assertions.assertEquals(Double.POSITIVE_INFINITY, Norm.LINF.of(0d, 1d, Double.NEGATIVE_INFINITY));
        Assertions.assertEquals(Double.POSITIVE_INFINITY,Norm.LINF.of(Double.NEGATIVE_INFINITY,Double.NEGATIVE_INFINITY,Double.NEGATIVE_INFINITY));
    }",NormTest::testMaximum_3d_oe
commons-numbers_548,"@Test
    void testMaximum_array_oe() {
        // act/assert
        Assertions.assertThrows(IllegalArgumentException.class, () -> Norm.LINF.of(new double[0]));

        Assertions.assertEquals(0d, Norm.LINF.of(new double[] {0d, -0d}));
        Assertions.assertEquals(3d, Norm.LINF.of(new double[] {-1d, 2d, -3d}));
        Assertions.assertEquals(4d, Norm.LINF.of(new double[] {-1d, 2d, -3d, 4d}));
        Assertions.assertEquals(Double.MAX_VALUE, Norm.LINF.of(new double[] {Double.MAX_VALUE, Double.MAX_VALUE}));

        Assertions.assertEquals(Double.NaN, Norm.LINF.of(new double[] {-2d, Double.NaN, 1d}));
        Assertions.assertEquals(Double.NaN, Norm.LINF.of(new double[] {Double.POSITIVE_INFINITY, Double.NaN}));

        Assertions.assertEquals(Double.POSITIVE_INFINITY,
                Norm.LINF.of(new double[] {0d, Double.POSITIVE_INFINITY}));
        Assertions.assertEquals(Double.POSITIVE_INFINITY,
                Norm.LINF.of(new double[] {Double.NEGATIVE_INFINITY, Double.NEGATIVE_INFINITY}));
    }",NormTest::testMaximum_array_oe
commons-numbers_549,"@Test
    void testInvalidEpsilonValues_oe() {
        // act/assert
        Assertions.assertThrows(IllegalArgumentException.class, () -> Precision.doubleEquivalenceOfEpsilon(-1d));

        String msg;

        msg = Assertions.assertThrows(IllegalArgumentException.class,
            () -> Precision.doubleEquivalenceOfEpsilon(Double.NaN)).getMessage();
        Assertions.assertEquals(""Invalid epsilon value: NaN"", msg);

        msg = Assertions.assertThrows(IllegalArgumentException.class,
            () -> Precision.doubleEquivalenceOfEpsilon(Double.POSITIVE_INFINITY)).getMessage();
        Assertions.assertEquals(""Invalid epsilon value: Infinity"", msg);

        msg = Assertions.assertThrows(IllegalArgumentException.class,
            () -> Precision.doubleEquivalenceOfEpsilon(Double.NEGATIVE_INFINITY)).getMessage();
        Assertions.assertEquals(""Invalid epsilon value: -Infinity"", msg);
    }",EpsilonDoubleEquivalenceTest::testInvalidEpsilonValues_oe
commons-numbers_550,"@Test
    void testSignum_oe() {
        // arrange
        final double eps = 1e-2;

        final Precision.DoubleEquivalence cmp = Precision.doubleEquivalenceOfEpsilon(eps);

        // act/assert
        Assertions.assertEquals(Double.POSITIVE_INFINITY, 1 / cmp.signum(0.0), 0d);
        Assertions.assertEquals(Double.NEGATIVE_INFINITY, 1 / cmp.signum(-0.0), 0d);

        Assertions.assertEquals(Double.POSITIVE_INFINITY, 1 / cmp.signum(eps), 0d);
        Assertions.assertEquals(Double.NEGATIVE_INFINITY, 1 / cmp.signum(-eps), 0d);

        Assertions.assertEquals(1, cmp.signum(Math.nextUp(eps)), 0d);
        Assertions.assertEquals(-1, cmp.signum(Math.nextDown(-eps)), 0d);

        Assertions.assertTrue(Double.isNaN(cmp.signum(Double.NaN)));
        Assertions.assertEquals(1, cmp.signum(Double.POSITIVE_INFINITY), 0d);
        Assertions.assertEquals(-1, cmp.signum(Double.NEGATIVE_INFINITY), 0d);
    }",EpsilonDoubleEquivalenceTest::testSignum_oe
commons-numbers_551,"@Test
    void testCompare_simple_oe() {
        // arrange
        final Precision.DoubleEquivalence cmp = Precision.doubleEquivalenceOfEpsilon(1e-10);

        // act/assert
        Assertions.assertEquals(0, cmp.compare(1, 1));
        Assertions.assertEquals(-1, cmp.compare(1, 2));
        Assertions.assertEquals(1, cmp.compare(2, 1));

        Assertions.assertEquals(0, cmp.compare(-1, -1));
        Assertions.assertEquals(1, cmp.compare(-1, -2));
        Assertions.assertEquals(-1, cmp.compare(-2, -1));
    }",EpsilonDoubleEquivalenceTest::testCompare_simple_oe
commons-numbers_552,"@Test
    void testCompare_compareToZero_oe() {
        // arrange
        final double eps = 1e-2;

        final Precision.DoubleEquivalence cmp = Precision.doubleEquivalenceOfEpsilon(eps);

        // act/assert
        Assertions.assertEquals(0, cmp.compare(0.0, 0.0));
        Assertions.assertEquals(0, cmp.compare(+0.0, -0.0));
        Assertions.assertEquals(0, cmp.compare(eps, -0.0));
        Assertions.assertEquals(0, cmp.compare(+0.0, eps));

        Assertions.assertEquals(0, cmp.compare(-eps, -0.0));
        Assertions.assertEquals(0, cmp.compare(+0.0, -eps));

        Assertions.assertEquals(-1, cmp.compare(0.0, 1.0));
        Assertions.assertEquals(1, cmp.compare(1.0, 0.0));

        Assertions.assertEquals(1, cmp.compare(0.0, -1.0));
        Assertions.assertEquals(-1, cmp.compare(-1.0, 0.0));
    }",EpsilonDoubleEquivalenceTest::testCompare_compareToZero_oe
commons-numbers_553,"@Test
    void testCompare_compareNonZero_oe() {
        // arrange
        final double eps = 1e-5;
        final double small = 1e-3;
        final double big = 1e100;

        final Precision.DoubleEquivalence cmp = Precision.doubleEquivalenceOfEpsilon(eps);

        // act/assert
        Assertions.assertEquals(0, cmp.compare(eps, 2 * eps));
        Assertions.assertEquals(0, cmp.compare(-2 * eps, -eps));

        Assertions.assertEquals(0, cmp.compare(small, small + (0.9 * eps)));
        Assertions.assertEquals(0, cmp.compare(-small - (0.9 * eps), -small));

        Assertions.assertEquals(0, cmp.compare(big, nextUp(big, 1)));
        Assertions.assertEquals(0, cmp.compare(nextDown(-big, 1), -big));

        Assertions.assertEquals(-1, cmp.compare(small, small + (1.1 * eps)));
        Assertions.assertEquals(1, cmp.compare(-small, -small - (1.1 * eps)));

        Assertions.assertEquals(-1, cmp.compare(big, nextUp(big, 2)));
        Assertions.assertEquals(1, cmp.compare(-big, nextDown(-big, 2)));
    }",EpsilonDoubleEquivalenceTest::testCompare_compareNonZero_oe
commons-numbers_554,"@Test
    void testCompare_NaN_oe() {
        // arrange
        final Precision.DoubleEquivalence cmp = Precision.doubleEquivalenceOfEpsilon(1e-6);

        // act/assert
        Assertions.assertEquals(-1, cmp.compare(0, Double.NaN));
        Assertions.assertEquals(1, cmp.compare(Double.NaN, 0));
        Assertions.assertEquals(0, cmp.compare(Double.NaN, Double.NaN));

        Assertions.assertEquals(-1, cmp.compare(Double.POSITIVE_INFINITY, Double.NaN));
        Assertions.assertEquals(1, cmp.compare(Double.NaN, Double.POSITIVE_INFINITY));

        Assertions.assertEquals(-1, cmp.compare(Double.NEGATIVE_INFINITY, Double.NaN));
        Assertions.assertEquals(1, cmp.compare(Double.NaN, Double.NEGATIVE_INFINITY));
    }",EpsilonDoubleEquivalenceTest::testCompare_NaN_oe
commons-numbers_555,"@Test
    void testCompare_infinity_oe() {
        // arrange
        final Precision.DoubleEquivalence cmp = Precision.doubleEquivalenceOfEpsilon(1e-6);

        // act/assert
        Assertions.assertEquals(-1, cmp.compare(0, Double.POSITIVE_INFINITY));
        Assertions.assertEquals(1, cmp.compare(Double.POSITIVE_INFINITY, 0));
        Assertions.assertEquals(0, cmp.compare(Double.POSITIVE_INFINITY, Double.POSITIVE_INFINITY));

        Assertions.assertEquals(1, cmp.compare(0, Double.NEGATIVE_INFINITY));
        Assertions.assertEquals(-1, cmp.compare(Double.NEGATIVE_INFINITY, 0));
        Assertions.assertEquals(0, cmp.compare(Double.NEGATIVE_INFINITY, Double.NEGATIVE_INFINITY));
    }",EpsilonDoubleEquivalenceTest::testCompare_infinity_oe
commons-numbers_556,"@Test
    void testEq_oe() {
        // arrange
        final double eps = Math.ulp(1.0);
        final double twoEps = 2 * eps;
        final Precision.DoubleEquivalence cmp = Precision.doubleEquivalenceOfEpsilon(eps);

        // act/assert
        Assertions.assertTrue(cmp.eq(0.0, 0.0));

        Assertions.assertTrue(cmp.eq(1.0, 1.0));
        Assertions.assertTrue(cmp.eq(1.0, 1.0 + eps));
        Assertions.assertTrue(cmp.eq(1.0, 1.0 - eps));
        Assertions.assertFalse(cmp.eq(1.0, 1.0 + twoEps));
        Assertions.assertFalse(cmp.eq(1.0, 1.0 - twoEps));

        Assertions.assertTrue(cmp.eq(-1.0, -1.0));
        Assertions.assertTrue(cmp.eq(-1.0, -1.0 + eps));
        Assertions.assertTrue(cmp.eq(-1.0, -1.0 - eps));
        Assertions.assertFalse(cmp.eq(-1.0, -1.0 + twoEps));
        Assertions.assertFalse(cmp.eq(-1.0, -1.0 - twoEps));
    }",EpsilonDoubleEquivalenceTest::testEq_oe
commons-numbers_557,"@Test
    void testEqZero_oe() {
        // arrange
        final double eps = 1e-6;
        final Precision.DoubleEquivalence cmp = Precision.doubleEquivalenceOfEpsilon(eps);

        // act/assert
        Assertions.assertTrue(cmp.eqZero(0.0));

        Assertions.assertFalse(cmp.eqZero(Math.nextUp(eps)));
        Assertions.assertFalse(cmp.eqZero(Math.nextDown(-eps)));
    }",EpsilonDoubleEquivalenceTest::testEqZero_oe
commons-numbers_558,"@Test
    void testLt_oe() {
        // arrange
        final Precision.DoubleEquivalence cmp = Precision.doubleEquivalenceOfEpsilon(1e-6);

        // act/assert
        Assertions.assertTrue(cmp.lt(1, 2));
        Assertions.assertTrue(cmp.lt(-2, -1));

        Assertions.assertFalse(cmp.lt(1, 1));
        Assertions.assertFalse(cmp.lt(-1, -1));
        Assertions.assertFalse(cmp.lt(2, 1));
        Assertions.assertFalse(cmp.lt(-1, -2));
    }",EpsilonDoubleEquivalenceTest::testLt_oe
commons-numbers_559,"@Test
    void testLte_oe() {
        // arrange
        final Precision.DoubleEquivalence cmp = Precision.doubleEquivalenceOfEpsilon(1e-6);

        // act/assert
        Assertions.assertTrue(cmp.lte(1, 2));
        Assertions.assertTrue(cmp.lte(-2, -1));
        Assertions.assertTrue(cmp.lte(1, 1));
        Assertions.assertTrue(cmp.lte(-1, -1));

        Assertions.assertFalse(cmp.lte(2, 1));
        Assertions.assertFalse(cmp.lte(-1, -2));
    }",EpsilonDoubleEquivalenceTest::testLte_oe
commons-numbers_560,"@Test
    void testGt_oe() {
        // arrange
        final Precision.DoubleEquivalence cmp = Precision.doubleEquivalenceOfEpsilon(1e-6);

        // act/assert
        Assertions.assertTrue(cmp.gt(2, 1));
        Assertions.assertTrue(cmp.gt(-1, -2));

        Assertions.assertFalse(cmp.gt(1, 1));
        Assertions.assertFalse(cmp.gt(-1, -1));
        Assertions.assertFalse(cmp.gt(1, 2));
        Assertions.assertFalse(cmp.gt(-2, -1));
    }",EpsilonDoubleEquivalenceTest::testGt_oe
commons-numbers_561,"@Test
    void testGte_oe() {
        // arrange
        final Precision.DoubleEquivalence cmp = Precision.doubleEquivalenceOfEpsilon(1e-6);

        // act/assert
        Assertions.assertTrue(cmp.gte(2, 1));
        Assertions.assertTrue(cmp.gte(-1, -2));
        Assertions.assertTrue(cmp.gte(1, 1));
        Assertions.assertTrue(cmp.gte(-1, -1));

        Assertions.assertFalse(cmp.gte(1, 2));
        Assertions.assertFalse(cmp.gte(-2, -1));
    }",EpsilonDoubleEquivalenceTest::testGte_oe
commons-numbers_562,"@Test
    void testSplitAssumptions_oe() {
        // The multiplier used to split the double value into high and low parts.
        final double scale = (1 << 27) + 1;
        // The upper limit above which a number may overflow during the split into a high part.
        final double limit = 0x1.0p996;
        Assertions.assertTrue(Double.isFinite(limit * scale));
        Assertions.assertTrue(Double.isFinite(-limit * scale));
        // Cannot make the limit the next power up
        Assertions.assertEquals(Double.POSITIVE_INFINITY, limit * 2 * scale);
        Assertions.assertEquals(Double.NEGATIVE_INFINITY, -limit * 2 * scale);
        // Check the level for the safe upper limit of the exponent of the sum of the absolute
        // components of the product
        Assertions.assertTrue(Math.getExponent(2 * Math.sqrt(Double.MAX_VALUE)) - 2 > 508);
    }",ExtendedPrecisionTest::testSplitAssumptions_oe
commons-numbers_563,"@Test
    void testHighPartUnscaled_oe() {
        Assertions.assertEquals(Double.NaN, ExtendedPrecision.highPartUnscaled(Double.POSITIVE_INFINITY));
        Assertions.assertEquals(Double.NaN, ExtendedPrecision.highPartUnscaled(Double.NEGATIVE_INFINITY));
        Assertions.assertEquals(Double.NaN, ExtendedPrecision.highPartUnscaled(Double.NaN));
        // Large finite numbers will overflow during the split
        Assertions.assertEquals(Double.NaN, ExtendedPrecision.highPartUnscaled(Double.MAX_VALUE));
        Assertions.assertEquals(Double.NaN, ExtendedPrecision.highPartUnscaled(-Double.MAX_VALUE));
    }",ExtendedPrecisionTest::testHighPartUnscaled_oe
commons-numbers_564,"@Test
    void testProductLow_oe() {
        assertProductLow(0.0, 1.0, Math.nextDown(Double.MIN_NORMAL));
        assertProductLow(0.0, -1.0, Math.nextDown(Double.MIN_NORMAL));
        assertProductLow(Double.NaN, 1.0, Double.POSITIVE_INFINITY);
        assertProductLow(Double.NaN, 1.0, Double.NEGATIVE_INFINITY);
        assertProductLow(Double.NaN, 1.0, Double.NaN);
        assertProductLow(0.0, 1.0, Double.MAX_VALUE);
        assertProductLow(Double.NaN, 2.0, Double.MAX_VALUE);
    }",ExtendedPrecisionTest::testProductLow_oe
commons-numbers_565,"@Test
    void testIsNotNormal_oe() {
        for (double a : new double[] {Double.MAX_VALUE, 1.0, Double.MIN_NORMAL}) {
            Assertions.assertFalse(ExtendedPrecision.isNotNormal(a));
            Assertions.assertFalse(ExtendedPrecision.isNotNormal(-a));
        }
        for (double a : new double[] {Double.POSITIVE_INFINITY, 0.0,
                                      Math.nextDown(Double.MIN_NORMAL), Double.NaN}) {
            Assertions.assertTrue(ExtendedPrecision.isNotNormal(a));
            Assertions.assertTrue(ExtendedPrecision.isNotNormal(-a));
        }
    }",ExtendedPrecisionTest::testIsNotNormal_oe
commons-numbers_566,"@Test
    void testSubNormalSplit_oe() {
        final double a = Double.longBitsToDouble(1L << 25);

        // A split using masking of the mantissa bits computes the high part incorrectly
        final double hi1 = Double.longBitsToDouble(Double.doubleToRawLongBits(a) & ((-1L) << 27));
        final double lo1 = a - hi1;
        Assertions.assertEquals(0, hi1);
        Assertions.assertEquals(a, lo1);
        Assertions.assertFalse(Math.abs(hi1) > Math.abs(lo1));

        // Dekker's split
        final double hi2 = ExtendedPrecision.highPartUnscaled(a);
        final double lo2 = a - hi2;
        Assertions.assertEquals(a, hi2);
        Assertions.assertEquals(0, lo2);

        Assertions.assertTrue(Math.abs(hi2) > Math.abs(lo2));
    }",ExtendedPrecisionTest::testSubNormalSplit_oe
commons-numbers_567,"@Test
    void testSquareLowUnscaled_oe() {
        assertSquareLowUnscaled(0.0, 1.0);
        assertSquareLowUnscaled(0.0, -1.0);
        final double expected = new BigDecimal(Math.PI).pow(2)
                .subtract(new BigDecimal(Math.PI * Math.PI)).doubleValue();
        assertSquareLowUnscaled(expected, Math.PI);

        assertSquareLowUnscaled(Double.NaN, Double.POSITIVE_INFINITY);
        assertSquareLowUnscaled(Double.NaN, Double.NEGATIVE_INFINITY);
        assertSquareLowUnscaled(Double.NaN, Double.NaN);
        assertSquareLowUnscaled(Double.NaN, Double.MAX_VALUE);
    }",ExtendedPrecisionTest::testSquareLowUnscaled_oe
commons-numbers_568,"@Test
    void testGcd_oe() {
        int a = 30;
        int b = 50;
        int c = 77;

        Assertions.assertEquals(0, ArithmeticUtils.gcd(0, 0));

        Assertions.assertEquals(b, ArithmeticUtils.gcd(0, b));
        Assertions.assertEquals(a, ArithmeticUtils.gcd(a, 0));
        Assertions.assertEquals(b, ArithmeticUtils.gcd(0, -b));
        Assertions.assertEquals(a, ArithmeticUtils.gcd(-a, 0));

        Assertions.assertEquals(10, ArithmeticUtils.gcd(a, b));
        Assertions.assertEquals(10, ArithmeticUtils.gcd(-a, b));
        Assertions.assertEquals(10, ArithmeticUtils.gcd(a, -b));
        Assertions.assertEquals(10, ArithmeticUtils.gcd(-a, -b));

        Assertions.assertEquals(1, ArithmeticUtils.gcd(a, c));
        Assertions.assertEquals(1, ArithmeticUtils.gcd(-a, c));
        Assertions.assertEquals(1, ArithmeticUtils.gcd(a, -c));
        Assertions.assertEquals(1, ArithmeticUtils.gcd(-a, -c));

        Assertions.assertEquals(3 * (1 << 15), ArithmeticUtils.gcd(3 * (1 << 20), 9 * (1 << 15)));

        Assertions.assertEquals(Integer.MAX_VALUE, ArithmeticUtils.gcd(Integer.MAX_VALUE, 0));
        Assertions.assertEquals(Integer.MAX_VALUE, ArithmeticUtils.gcd(-Integer.MAX_VALUE, 0));
        Assertions.assertEquals(1 << 30, ArithmeticUtils.gcd(1 << 30, -Integer.MIN_VALUE));
        try {
            // gcd(Integer.MIN_VALUE, 0) > Integer.MAX_VALUE
            ArithmeticUtils.gcd(Integer.MIN_VALUE, 0);
            Assertions.fail(""expecting ArithmeticException"");
        } catch (ArithmeticException expected) {
            // expected
        }
        try {
            // gcd(0, Integer.MIN_VALUE) > Integer.MAX_VALUE
            ArithmeticUtils.gcd(0, Integer.MIN_VALUE);
            Assertions.fail(""expecting ArithmeticException"");
        } catch (ArithmeticException expected) {
            // expected
        }
        try {
            // gcd(Integer.MIN_VALUE, Integer.MIN_VALUE) > Integer.MAX_VALUE
            ArithmeticUtils.gcd(Integer.MIN_VALUE, Integer.MIN_VALUE);
            Assertions.fail(""expecting ArithmeticException"");
        } catch (ArithmeticException expected) {
            // expected
        }
    }",ArithmeticUtilsTest::testGcd_oe
commons-numbers_569,"@Test
    void testGcdConsistency_oe() {
        // Use Integer to prevent varargs vs array issue with Arrays.asList
        Integer[] primeList = {19, 23, 53, 67, 73, 79, 101, 103, 111, 131};

        for (int i = 0; i < 20; i++) {
            Collections.shuffle(Arrays.asList(primeList));
            int p1 = primeList[0];
            int p2 = primeList[1];
            int p3 = primeList[2];
            int p4 = primeList[3];
            int i1 = p1 * p2 * p3;
            int i2 = p1 * p2 * p4;
            int gcd = p1 * p2;
            Assertions.assertEquals(gcd, ArithmeticUtils.gcd(i1, i2));
            long l1 = i1;
            long l2 = i2;
            Assertions.assertEquals(gcd, ArithmeticUtils.gcd(l1, l2));
        }
    }",ArithmeticUtilsTest::testGcdConsistency_oe
commons-numbers_570,"@Test
    void  testGcdLong_oe() {
        long a = 30;
        long b = 50;
        long c = 77;

        Assertions.assertEquals(0, ArithmeticUtils.gcd(0L, 0));

        Assertions.assertEquals(b, ArithmeticUtils.gcd(0, b));
        Assertions.assertEquals(a, ArithmeticUtils.gcd(a, 0));
        Assertions.assertEquals(b, ArithmeticUtils.gcd(0, -b));
        Assertions.assertEquals(a, ArithmeticUtils.gcd(-a, 0));

        Assertions.assertEquals(10, ArithmeticUtils.gcd(a, b));
        Assertions.assertEquals(10, ArithmeticUtils.gcd(-a, b));
        Assertions.assertEquals(10, ArithmeticUtils.gcd(a, -b));
        Assertions.assertEquals(10, ArithmeticUtils.gcd(-a, -b));

        Assertions.assertEquals(1, ArithmeticUtils.gcd(a, c));
        Assertions.assertEquals(1, ArithmeticUtils.gcd(-a, c));
        Assertions.assertEquals(1, ArithmeticUtils.gcd(a, -c));
        Assertions.assertEquals(1, ArithmeticUtils.gcd(-a, -c));

        Assertions.assertEquals(3L * (1L << 45), ArithmeticUtils.gcd(3L * (1L << 50), 9L * (1L << 45)));

        Assertions.assertEquals(1L << 45, ArithmeticUtils.gcd(1L << 45, Long.MIN_VALUE));

        Assertions.assertEquals(Long.MAX_VALUE, ArithmeticUtils.gcd(Long.MAX_VALUE, 0L));
        Assertions.assertEquals(Long.MAX_VALUE, ArithmeticUtils.gcd(-Long.MAX_VALUE, 0L));
        Assertions.assertEquals(1, ArithmeticUtils.gcd(60247241209L, 153092023L));
        try {
            // gcd(Long.MIN_VALUE, 0) > Long.MAX_VALUE
            ArithmeticUtils.gcd(Long.MIN_VALUE, 0);
            Assertions.fail(""expecting ArithmeticException"");
        } catch (ArithmeticException expected) {
            // expected
        }
        try {
            // gcd(0, Long.MIN_VALUE) > Long.MAX_VALUE
            ArithmeticUtils.gcd(0, Long.MIN_VALUE);
            Assertions.fail(""expecting ArithmeticException"");
        } catch (ArithmeticException expected) {
            // expected
        }
        try {
            // gcd(Long.MIN_VALUE, Long.MIN_VALUE) > Long.MAX_VALUE
            ArithmeticUtils.gcd(Long.MIN_VALUE, Long.MIN_VALUE);
            Assertions.fail(""expecting ArithmeticException"");
        } catch (ArithmeticException expected) {
            // expected
        }
    }",ArithmeticUtilsTest::testGcdLong_oe
commons-numbers_571,"@Test
    void testLcm_oe() {
        int a = 30;
        int b = 50;
        int c = 77;

        Assertions.assertEquals(0, ArithmeticUtils.lcm(0, b));
        Assertions.assertEquals(0, ArithmeticUtils.lcm(a, 0));
        Assertions.assertEquals(b, ArithmeticUtils.lcm(1, b));
        Assertions.assertEquals(a, ArithmeticUtils.lcm(a, 1));
        Assertions.assertEquals(150, ArithmeticUtils.lcm(a, b));
        Assertions.assertEquals(150, ArithmeticUtils.lcm(-a, b));
        Assertions.assertEquals(150, ArithmeticUtils.lcm(a, -b));
        Assertions.assertEquals(150, ArithmeticUtils.lcm(-a, -b));
        Assertions.assertEquals(2310, ArithmeticUtils.lcm(a, c));

        // Assert that no intermediate value overflows:
        // The naive implementation of lcm(a,b) would be (a*b)/gcd(a,b)
        Assertions.assertEquals((1 << 20) * 15, ArithmeticUtils.lcm((1 << 20) * 3, (1 << 20) * 5));

        // Special case
        Assertions.assertEquals(0, ArithmeticUtils.lcm(0, 0));

        try {
            // lcm == abs(MIN_VALUE) cannot be represented as a nonnegative int
            ArithmeticUtils.lcm(Integer.MIN_VALUE, 1);
            Assertions.fail(""Expecting ArithmeticException"");
        } catch (ArithmeticException expected) {
            // expected
        }

        try {
            // lcm == abs(MIN_VALUE) cannot be represented as a nonnegative int
            ArithmeticUtils.lcm(Integer.MIN_VALUE, 1 << 20);
            Assertions.fail(""Expecting ArithmeticException"");
        } catch (ArithmeticException expected) {
            // expected
        }

        try {
            ArithmeticUtils.lcm(Integer.MAX_VALUE, Integer.MAX_VALUE - 1);
            Assertions.fail(""Expecting ArithmeticException"");
        } catch (ArithmeticException expected) {
            // expected
        }
    }",ArithmeticUtilsTest::testLcm_oe
commons-numbers_572,"@Test
    void testLcmLong_oe() {
        long a = 30;
        long b = 50;
        long c = 77;

        Assertions.assertEquals(0, ArithmeticUtils.lcm(0, b));
        Assertions.assertEquals(0, ArithmeticUtils.lcm(a, 0));
        Assertions.assertEquals(b, ArithmeticUtils.lcm(1, b));
        Assertions.assertEquals(a, ArithmeticUtils.lcm(a, 1));
        Assertions.assertEquals(150, ArithmeticUtils.lcm(a, b));
        Assertions.assertEquals(150, ArithmeticUtils.lcm(-a, b));
        Assertions.assertEquals(150, ArithmeticUtils.lcm(a, -b));
        Assertions.assertEquals(150, ArithmeticUtils.lcm(-a, -b));
        Assertions.assertEquals(2310, ArithmeticUtils.lcm(a, c));

        Assertions.assertEquals(Long.MAX_VALUE, ArithmeticUtils.lcm(60247241209L, 153092023L));

        // Assert that no intermediate value overflows:
        // The naive implementation of lcm(a,b) would be (a*b)/gcd(a,b)
        Assertions.assertEquals((1L << 50) * 15, ArithmeticUtils.lcm((1L << 45) * 3, (1L << 50) * 5));

        // Special case
        Assertions.assertEquals(0L, ArithmeticUtils.lcm(0L, 0L));

        try {
            // lcm == abs(MIN_VALUE) cannot be represented as a nonnegative int
            ArithmeticUtils.lcm(Long.MIN_VALUE, 1);
            Assertions.fail(""Expecting ArithmeticException"");
        } catch (ArithmeticException expected) {
            // expected
        }

        try {
            // lcm == abs(MIN_VALUE) cannot be represented as a nonnegative int
            ArithmeticUtils.lcm(Long.MIN_VALUE, 1 << 20);
            Assertions.fail(""Expecting ArithmeticException"");
        } catch (ArithmeticException expected) {
            // expected
        }

        Assertions.assertEquals((long)Integer.MAX_VALUE *(Integer.MAX_VALUE - 1),ArithmeticUtils.lcm((long)Integer.MAX_VALUE,Integer.MAX_VALUE - 1));
        try {
            ArithmeticUtils.lcm(Long.MAX_VALUE, Long.MAX_VALUE - 1);
            Assertions.fail(""Expecting ArithmeticException"");
        } catch (ArithmeticException expected) {
            // expected
        }
    }",ArithmeticUtilsTest::testLcmLong_oe
commons-numbers_573,"@Test
    void testPow_oe() {

        Assertions.assertEquals(1801088541, ArithmeticUtils.pow(21, 7));
        Assertions.assertEquals(1, ArithmeticUtils.pow(21, 0));
        try {
            ArithmeticUtils.pow(21, -7);
            Assertions.fail(""Expecting IllegalArgumentException"");
        } catch (IllegalArgumentException e) {
            // expected behavior
        }

        Assertions.assertEquals(1801088541, ArithmeticUtils.pow(21, 7));
        Assertions.assertEquals(1, ArithmeticUtils.pow(21, 0));
        try {
            ArithmeticUtils.pow(21, -7);
            Assertions.fail(""Expecting IllegalArgumentException"");
        } catch (IllegalArgumentException e) {
            // expected behavior
        }

        Assertions.assertEquals(1801088541L, ArithmeticUtils.pow(21L, 7));
        Assertions.assertEquals(1L, ArithmeticUtils.pow(21L, 0));
        try {
            ArithmeticUtils.pow(21L, -7);
            Assertions.fail(""Expecting IllegalArgumentException"");
        } catch (IllegalArgumentException e) {
            // expected behavior
        }

        BigInteger twentyOne = BigInteger.valueOf(21L);
        Assertions.assertEquals(BigInteger.valueOf(1801088541L), ArithmeticUtils.pow(twentyOne, 7));
        Assertions.assertEquals(BigInteger.ONE, ArithmeticUtils.pow(twentyOne, 0));
        try {
            ArithmeticUtils.pow(twentyOne, -7);
            Assertions.fail(""Expecting IllegalArgumentException"");
        } catch (IllegalArgumentException e) {
            // expected behavior
        }

        Assertions.assertEquals(BigInteger.valueOf(1801088541L), ArithmeticUtils.pow(twentyOne, 7L));
        Assertions.assertEquals(BigInteger.ONE, ArithmeticUtils.pow(twentyOne, 0L));
        try {
            ArithmeticUtils.pow(twentyOne, -7L);
            Assertions.fail(""Expecting IllegalArgumentException"");
        } catch (IllegalArgumentException e) {
            // expected behavior
        }

        Assertions.assertEquals(BigInteger.valueOf(1801088541L), ArithmeticUtils.pow(twentyOne, BigInteger.valueOf(7L)));
        Assertions.assertEquals(BigInteger.ONE, ArithmeticUtils.pow(twentyOne, BigInteger.ZERO));
        Assertions.assertThrows(IllegalArgumentException.class, () ->
            ArithmeticUtils.pow(twentyOne, BigInteger.valueOf(-7L)));

        BigInteger bigOne =
            new BigInteger(""1543786922199448028351389769265814882661837148"" +
                           ""4763915343722775611762713982220306372888519211"" +
                           ""560905579993523402015636025177602059044911261"");
        Assertions.assertEquals(bigOne, ArithmeticUtils.pow(twentyOne, 103));
        Assertions.assertEquals(bigOne, ArithmeticUtils.pow(twentyOne, 103L));
        Assertions.assertEquals(bigOne, ArithmeticUtils.pow(twentyOne, BigInteger.valueOf(103L)));

    }",ArithmeticUtilsTest::testPow_oe
commons-numbers_574,"@Test
    void testPowIntOverflow_oe() {
        Assertions.assertThrows(ArithmeticException.class,
            () -> ArithmeticUtils.pow(21, 8)
        );
    }",ArithmeticUtilsTest::testPowIntOverflow_oe
commons-numbers_575,"@Test
    void testPowInt_oe() {
        final int base = 21;

        Assertions.assertEquals(85766121L,ArithmeticUtils.pow(base,6));
        Assertions.assertEquals(1801088541L,ArithmeticUtils.pow(base,7));
    }",ArithmeticUtilsTest::testPowInt_oe
commons-numbers_576,"@Test
    void testPowNegativeIntOverflow_oe() {
        Assertions.assertThrows(ArithmeticException.class,
            () -> ArithmeticUtils.pow(-21, 8)
        );
    }",ArithmeticUtilsTest::testPowNegativeIntOverflow_oe
commons-numbers_577,"@Test
    void testPowNegativeInt_oe() {
        final int base = -21;

        Assertions.assertEquals(85766121,ArithmeticUtils.pow(base,6));
        Assertions.assertEquals(-1801088541,ArithmeticUtils.pow(base,7));
    }",ArithmeticUtilsTest::testPowNegativeInt_oe
commons-numbers_578,"@Test
    void testPowMinusOneInt_oe() {
        final int base = -1;
        for (int i = 0; i < 100; i++) {
            final int pow = ArithmeticUtils.pow(base, i);
            Assertions.assertEquals(i % 2 == 0 ? 1 : -1, pow, ""i: "" + i);
        }
    }",ArithmeticUtilsTest::testPowMinusOneInt_oe
commons-numbers_579,"@Test
    void testPowOneInt_oe() {
        final int base = 1;
        for (int i = 0; i < 100; i++) {
            final int pow = ArithmeticUtils.pow(base, i);
            Assertions.assertEquals(1, pow, ""i: "" + i);
        }
    }",ArithmeticUtilsTest::testPowOneInt_oe
commons-numbers_580,"@Test
    void testPowLongOverflow_oe() {
        Assertions.assertThrows(ArithmeticException.class,
            () -> ArithmeticUtils.pow(21, 15)
        );
    }",ArithmeticUtilsTest::testPowLongOverflow_oe
commons-numbers_581,"@Test
    void testPowLong_oe() {
        final long base = 21;

        Assertions.assertEquals(154472377739119461L,ArithmeticUtils.pow(base,13));
        Assertions.assertEquals(3243919932521508681L,ArithmeticUtils.pow(base,14));
    }",ArithmeticUtilsTest::testPowLong_oe
commons-numbers_582,"@Test
    void testPowNegativeLongOverflow_oe() {
        Assertions.assertThrows(ArithmeticException.class,
            () -> ArithmeticUtils.pow(-21L, 15)
        );
    }",ArithmeticUtilsTest::testPowNegativeLongOverflow_oe
commons-numbers_583,"@Test
    void testPowNegativeLong_oe() {
        final long base = -21;

        Assertions.assertEquals(-154472377739119461L,ArithmeticUtils.pow(base,13));
        Assertions.assertEquals(3243919932521508681L,ArithmeticUtils.pow(base,14));
    }",ArithmeticUtilsTest::testPowNegativeLong_oe
commons-numbers_584,"@Test
    void testPowMinusOneLong_oe() {
        final long base = -1;
        for (int i = 0; i < 100; i++) {
            final long pow = ArithmeticUtils.pow(base, i);
            Assertions.assertEquals(i % 2 == 0 ? 1 : -1, pow, ""i: "" + i);
        }
    }",ArithmeticUtilsTest::testPowMinusOneLong_oe
commons-numbers_585,"@Test
    void testPowOneLong_oe() {
        final long base = 1;
        for (int i = 0; i < 100; i++) {
            final long pow = ArithmeticUtils.pow(base, i);
            Assertions.assertEquals(1, pow, ""i: "" + i);
        }
    }",ArithmeticUtilsTest::testPowOneLong_oe
commons-numbers_586,"@Test
    void testPowEdgeCases_oe() {
        Assertions.assertEquals(0, ArithmeticUtils.pow(0, 2));
        Assertions.assertEquals(0L, ArithmeticUtils.pow(0L, 2));
        Assertions.assertEquals(0, ArithmeticUtils.pow(0, 1));
        Assertions.assertEquals(0L, ArithmeticUtils.pow(0L, 1));
        Assertions.assertEquals(1, ArithmeticUtils.pow(0, 0));
        Assertions.assertEquals(1L, ArithmeticUtils.pow(0L, 0));

        for (int i = 20; i <= 35; i++) {
            final int ti = i;
            Assertions.assertThrows(ArithmeticException.class, () -> ArithmeticUtils.pow(3, ti));
        }
        for (int i = 40; i <= 70; i++) {
            final int ti = i;
            Assertions.assertThrows(ArithmeticException.class, () -> ArithmeticUtils.pow(3L, ti));
        }
    }",ArithmeticUtilsTest::testPowEdgeCases_oe
commons-numbers_587,"@Test
    void testIsPowerOfTwo_oe() {
        final int n = 1025;
        final boolean[] expected = new boolean[n];
        Arrays.fill(expected, false);
        for (int i = 1; i < expected.length; i *= 2) {
            expected[i] = true;
        }
        for (int i = 0; i < expected.length; i++) {
            final boolean actual = ArithmeticUtils.isPowerOfTwo(i);
            Assertions.assertEquals(expected[i], actual, Integer.toString(i));
        }
    }",ArithmeticUtilsTest::testIsPowerOfTwo_oe
commons-numbers_588,"@Test
    void testRemainderUnsignedInt_oe() {
        Assertions.assertEquals(36, ArithmeticUtils.remainderUnsigned(-2147479015, 63));
        Assertions.assertEquals(6, ArithmeticUtils.remainderUnsigned(-2147479015, 25));
    }",ArithmeticUtilsTest::testRemainderUnsignedInt_oe
commons-numbers_589,"@Test
    void testRemainderUnsignedIntSpecialCases_oe() {
        int[] ints = getIntSpecialCases();
        for (int dividend : ints) {
            for (int divisor : ints) {
                if (divisor == 0) {
                    Assertions.assertThrows(ArithmeticException.class,
                        () -> ArithmeticUtils.remainderUnsigned(dividend, divisor)
                    );
                } else {
                    Assertions.assertEquals(remainderUnsignedExpected(dividend, divisor), ArithmeticUtils.remainderUnsigned(dividend, divisor));
                }
            }
        }
    }",ArithmeticUtilsTest::testRemainderUnsignedIntSpecialCases_oe
commons-numbers_590,"@Test
    void testRemainderUnsignedLong_oe() {
        Assertions.assertEquals(48L, ArithmeticUtils.remainderUnsigned(-2147479015L, 63L));
    }",ArithmeticUtilsTest::testRemainderUnsignedLong_oe
commons-numbers_591,"@Test
    void testRemainderUnsignedLongSpecialCases_oe() {
        long[] longs = getLongSpecialCases();
        for (long dividend : longs) {
            for (long divisor : longs) {
                if (divisor == 0L) {
                    try {
                        ArithmeticUtils.remainderUnsigned(dividend, divisor);
                        Assertions.fail(""Should have failed with ArithmeticException: division by zero"");
                    } catch (ArithmeticException e) {
                        // Success.
                    }
                } else {
                    Assertions.assertEquals(remainderUnsignedExpected(dividend, divisor), ArithmeticUtils.remainderUnsigned(dividend, divisor));
                }
            }
        }
    }",ArithmeticUtilsTest::testRemainderUnsignedLongSpecialCases_oe
commons-numbers_592,"@Test
    void testDivideUnsignedInt_oe() {
        Assertions.assertEquals(34087115, ArithmeticUtils.divideUnsigned(-2147479015, 63));
        Assertions.assertEquals(85899531, ArithmeticUtils.divideUnsigned(-2147479015, 25));
        Assertions.assertEquals(2147483646, ArithmeticUtils.divideUnsigned(-3, 2));
        Assertions.assertEquals(330382098, ArithmeticUtils.divideUnsigned(-16, 13));
        Assertions.assertEquals(306783377, ArithmeticUtils.divideUnsigned(-16, 14));
        Assertions.assertEquals(2, ArithmeticUtils.divideUnsigned(-1, 2147483647));
        Assertions.assertEquals(2, ArithmeticUtils.divideUnsigned(-2, 2147483647));
        Assertions.assertEquals(1, ArithmeticUtils.divideUnsigned(-3, 2147483647));
        Assertions.assertEquals(1, ArithmeticUtils.divideUnsigned(-16, 2147483647));
        Assertions.assertEquals(1, ArithmeticUtils.divideUnsigned(-16, 2147483646));
    }",ArithmeticUtilsTest::testDivideUnsignedInt_oe
commons-numbers_593,"@Test
    void testDivideUnsignedIntSpecialCases_oe() {
        int[] ints = getIntSpecialCases();
        for (int dividend : ints) {
            for (int divisor : ints) {
                if (divisor == 0) {
                    Assertions.assertThrows(ArithmeticException.class,
                        () -> ArithmeticUtils.divideUnsigned(dividend, divisor)
                    );
                } else {
                    Assertions.assertEquals(divideUnsignedExpected(dividend, divisor), ArithmeticUtils.divideUnsigned(dividend, divisor));
                }
            }
        }
    }",ArithmeticUtilsTest::testDivideUnsignedIntSpecialCases_oe
commons-numbers_594,"@Test
    void testDivideUnsignedLong_oe() {
        Assertions.assertEquals(292805461453366231L, ArithmeticUtils.divideUnsigned(-2147479015L, 63L));
    }",ArithmeticUtilsTest::testDivideUnsignedLong_oe
commons-numbers_595,"@Test
    void testDivideUnsignedLongSpecialCases_oe() {
        long[] longs = getLongSpecialCases();
        for (long dividend : longs) {
            for (long divisor : longs) {
                if (divisor == 0L) {
                    Assertions.assertThrows(ArithmeticException.class,
                        () -> ArithmeticUtils.divideUnsigned(dividend, divisor)
                    );
                } else {
                    Assertions.assertEquals(divideUnsignedExpected(dividend, divisor), ArithmeticUtils.divideUnsigned(dividend, divisor));
                }
            }
        }
    }",ArithmeticUtilsTest::testDivideUnsignedLongSpecialCases_oe
commons-numbers_596,"@ParameterizedTest
    @MethodSource_oe(""provideLinearCombination"")
    void testDotProduct(ND fun, double passC, double failC) {
        final double[] x = new double[LENGTH];
        final double[] y = new double[LENGTH];
        // Fixed seed to consistency
        final UniformRandomProvider rng = RandomSource.create(RandomSource.XO_RO_SHI_RO_1024_PP, 9283746);

        // Use an average as the actual condition number of the generated dot product
        // may not be the requested condition number. It will average out at the desired
        // level and the pass/fail condition bounds should be suitably broad.
        double sum = 0;
        for (int i = 0; i < SAMPLES; i++) {
            final double expected = LinearCombinationUtils.genDot(passC, rng, x, y, null);
            final double observed = fun.value(x, y);
            sum += relativeError(expected, observed);
        }
        final double error = sum / SAMPLES;
        Assertions.assertTrue(error < 1e-3, () -> ""Expected to pass at C="" + passC + "". Error = "" + error);
        if (failC < 0) {
            return;
        }
        sum = 0;
        for (int i = 0; i < SAMPLES; i++) {
            final double expected = LinearCombinationUtils.genDot(failC, rng, x, y, null);
            final double observed = fun.value(x, y);
            sum += relativeError(expected, observed);
        }
        final double error2 = sum / SAMPLES;
        Assertions.assertFalse(error2 < 1e-3, () -> ""Expected to fail at C="" + failC + "". Error = "" + error2);
    }",LinearCombinationAccuracyTest::MethodSource_oe
commons-numbers_597,"@Test
    void testSplitAssumptions_oe() {
        // The multiplier used to split the double value into high and low parts.
        final double scale = (1 << 27) + 1;
        // The upper limit above which a number may overflow during the split into a high part.
        final double limit = 0x1.0p996;
        Assertions.assertTrue(Double.isFinite(limit * scale));
        Assertions.assertTrue(Double.isFinite(-limit * scale));
        // Cannot make the limit the next power up
        Assertions.assertEquals(Double.POSITIVE_INFINITY, limit * 2 * scale);
        Assertions.assertEquals(Double.NEGATIVE_INFINITY, -limit * 2 * scale);
        // Check the level for the safe upper limit of the exponent of the sum of the absolute
        // components of the product
        Assertions.assertTrue(Math.getExponent(2 * Math.sqrt(Double.MAX_VALUE)) - 2 > 508);
    }",DoublePrecisionTest::testSplitAssumptions_oe
commons-numbers_598,"@Test
    void testHighPart_oe() {
        Assertions.assertEquals(Double.NaN, DoublePrecision.highPart(Double.POSITIVE_INFINITY));
        Assertions.assertEquals(Double.NaN, DoublePrecision.highPart(Double.NEGATIVE_INFINITY));
        Assertions.assertEquals(Double.NaN, DoublePrecision.highPart(Double.NaN));
        // Any finite number should be split to a finite number
        Assertions.assertTrue(Double.isFinite(DoublePrecision.highPart(Double.MAX_VALUE)));
        Assertions.assertTrue(Double.isFinite(DoublePrecision.highPart(-Double.MAX_VALUE)));
    }",DoublePrecisionTest::testHighPart_oe
commons-numbers_599,"@Test
    void testHighPartUnscaled_oe() {
        Assertions.assertEquals(Double.NaN, DoublePrecision.highPartUnscaled(Double.POSITIVE_INFINITY));
        Assertions.assertEquals(Double.NaN, DoublePrecision.highPartUnscaled(Double.NEGATIVE_INFINITY));
        Assertions.assertEquals(Double.NaN, DoublePrecision.highPartUnscaled(Double.NaN));
        // Large finite numbers will overflow during the split
        Assertions.assertEquals(Double.NaN, DoublePrecision.highPartUnscaled(Double.MAX_VALUE));
        Assertions.assertEquals(Double.NaN, DoublePrecision.highPartUnscaled(-Double.MAX_VALUE));
    }",DoublePrecisionTest::testHighPartUnscaled_oe
commons-numbers_600,"@Test
    void testProductLow_oe() {
        assertProductLow(0.0, 1.0, Math.nextDown(Double.MIN_NORMAL));
        assertProductLow(0.0, -1.0, Math.nextDown(Double.MIN_NORMAL));
        assertProductLow(Double.NaN, 1.0, Double.POSITIVE_INFINITY);
        assertProductLow(Double.NaN, 1.0, Double.NEGATIVE_INFINITY);
        assertProductLow(Double.NaN, 1.0, Double.NaN);
        assertProductLow(0.0, 1.0, Double.MAX_VALUE);
        assertProductLow(Double.NaN, 2.0, Double.MAX_VALUE);
    }",DoublePrecisionTest::testProductLow_oe
commons-numbers_601,"@Test
    void testIsNotNormal_oe() {
        for (double a : new double[] {Double.MAX_VALUE, 1.0, Double.MIN_NORMAL}) {
            Assertions.assertFalse(DoublePrecision.isNotNormal(a));
            Assertions.assertFalse(DoublePrecision.isNotNormal(-a));
        }
        for (double a : new double[] {Double.POSITIVE_INFINITY, 0.0,
                                      Math.nextDown(Double.MIN_NORMAL), Double.NaN}) {
            Assertions.assertTrue(DoublePrecision.isNotNormal(a));
            Assertions.assertTrue(DoublePrecision.isNotNormal(-a));
        }
    }",DoublePrecisionTest::testIsNotNormal_oe
commons-numbers_602,"@ParameterizedTest
    @MethodSource_oe(""provideLinearCombination"")
    void testSingleElementArray(ND fun) {
        final double[] a = {1.23456789};
        final double[] b = {98765432.1};

        Assertions.assertEquals(a[0] * b[0], fun.value(a, b));
    }",LinearCombinationsTest::MethodSource_oe
commons-numbers_603,"@ParameterizedTest
    @MethodSource_oe(""provideLinearCombination"")
    void testTwoSums(ND fun) {
        final BigFraction[] aF = new BigFraction[] {
            BigFraction.of(-1321008684645961L, 268435456L),
            BigFraction.of(-5774608829631843L, 268435456L),
            BigFraction.of(-7645843051051357L, 8589934592L)
        };
        final BigFraction[] bF = new BigFraction[] {
            BigFraction.of(-5712344449280879L, 2097152L),
            BigFraction.of(-4550117129121957L, 2097152L),
            BigFraction.of(8846951984510141L, 131072L)
        };
        final ThreeD fun3 = (ThreeD) fun;

        final int len = aF.length;
        final double[] a = new double[len];
        final double[] b = new double[len];
        for (int i = 0; i < len; i++) {
            a[i] = aF[i].getNumerator().doubleValue() / aF[i].getDenominator().doubleValue();
            b[i] = bF[i].getNumerator().doubleValue() / bF[i].getDenominator().doubleValue();
        }

        // Ensure ""array"" and ""inline"" implementations give the same result.
        final double abSumInline = fun3.value(a[0], b[0],
                                              a[1], b[1],
                                              a[2], b[2]);
        final double abSumArray = fun.value(a, b);
        Assertions.assertEquals(abSumInline, abSumArray);

        // Compare with arbitrary precision computation.
        BigFraction result = BigFraction.ZERO;
        for (int i = 0; i < a.length; i++) {
            result = result.add(aF[i].multiply(bF[i]));
        }
        final double expected = result.doubleValue();
        Assertions.assertEquals(expected, abSumInline, ""Expecting exact result"");

        final double naive = a[0] * b[0] + a[1] * b[1] + a[2] * b[2];
        Assertions.assertTrue(Math.abs(naive - abSumInline) > 1.5);
    }",LinearCombinationsTest::MethodSource_oe
commons-numbers_604,"@ParameterizedTest
    @MethodSource_oe(""provideLinearCombination"")
    void testHuge(ND fun) {
        final int scale = 971;
        final double[] a = new double[] {
            -1321008684645961.0 / 268435456.0,
            -5774608829631843.0 / 268435456.0,
            -7645843051051357.0 / 8589934592.0
        };
        final double[] b = new double[] {
            -5712344449280879.0 / 2097152.0,
            -4550117129121957.0 / 2097152.0,
            8846951984510141.0 / 131072.0
        };
        final ThreeD fun3 = (ThreeD) fun;

        final int len = a.length;
        final double[] scaledA = new double[len];
        final double[] scaledB = new double[len];
        for (int i = 0; i < len; ++i) {
            scaledA[i] = Math.scalb(a[i], -scale);
            scaledB[i] = Math.scalb(b[i], scale);
        }
        final double abSumInline = fun3.value(scaledA[0], scaledB[0],
                                              scaledA[1], scaledB[1],
                                              scaledA[2], scaledB[2]);
        final double abSumArray = fun.value(scaledA, scaledB);

        Assertions.assertEquals(abSumInline, abSumArray);
        Assertions.assertEquals(-1.8551294182586248737720779899, abSumInline, ""Expecting exact result"");

        final double naive = scaledA[0] * scaledB[0] + scaledA[1] * scaledB[1] + scaledA[2] * scaledB[2];
        Assertions.assertTrue(Math.abs(naive - abSumInline) > 1.5);
    }",LinearCombinationsTest::MethodSource_oe
commons-numbers_605,"@ParameterizedTest
    @MethodSource_oe(""provideLinearCombination"")
    void testArrayVsInline(ND fun) {
        // Assume the instance implements the inline functions
        final TwoD fun2 = (TwoD) fun;
        final ThreeD fun3 = (ThreeD) fun;
        final FourD fun4 = (FourD) fun;

        final SplittableRandom rng = new SplittableRandom();

        double sInline;
        double sArray;
        final double scale = 1e17;
        for (int i = 0; i < 1000; ++i) {
            final double u1 = scale * rng.nextDouble();
            final double u2 = scale * rng.nextDouble();
            final double u3 = scale * rng.nextDouble();
            final double u4 = scale * rng.nextDouble();
            final double v1 = scale * rng.nextDouble();
            final double v2 = scale * rng.nextDouble();
            final double v3 = scale * rng.nextDouble();
            final double v4 = scale * rng.nextDouble();

            // One sum.
            sInline = fun2.value(u1, v1, u2, v2);
            sArray = fun.value(new double[] {u1, u2},
                               new double[] {v1, v2});
            Assertions.assertEquals(sInline, sArray);

            // Two sums.
            sInline = fun3.value(u1, v1, u2, v2, u3, v3);
            sArray = fun.value(new double[] {u1, u2, u3},
                               new double[] {v1, v2, v3});
            Assertions.assertEquals(sInline, sArray);

            // Three sums.
            sInline = fun4.value(u1, v1, u2, v2, u3, v3, u4, v4);
            sArray = fun.value(new double[] {u1, u2, u3, u4},
                               new double[] {v1, v2, v3, v4});
            Assertions.assertEquals(sInline, sArray);
        }
    }",LinearCombinationsTest::MethodSource_oe
commons-numbers_606,"@ParameterizedTest
    @MethodSource_oe(""provideLinearCombination"")
    void testNonFinite(ND fun) {
        final double[][] a = new double[][] {
            {1, 2, 3, 4},
            {1, Double.POSITIVE_INFINITY, 3, 4},
            {1, 2, Double.POSITIVE_INFINITY, 4},
            {1, Double.POSITIVE_INFINITY, 3, Double.NEGATIVE_INFINITY},
            {1, 2, 3, 4},
            {1, 2, 3, 4},
            {1, 2, 3, 4},
            {1, 2, 3, 4},
            {1, Double.MAX_VALUE, 3, 4},
            {1, 2, Double.MAX_VALUE, 4},
            {1, Double.MAX_VALUE / 2, 3, -Double.MAX_VALUE / 4},
        };
        final double[][] b = new double[][] {
            {1, -2, 3, 4},
            {1, -2, 3, 4},
            {1, -2, 3, 4},
            {1, -2, 3, 4},
            {1, Double.POSITIVE_INFINITY, 3, 4},
            {1, -2, Double.POSITIVE_INFINITY, 4},
            {1, Double.POSITIVE_INFINITY, 3, Double.NEGATIVE_INFINITY},
            {Double.NaN, -2, 3, 4},
            {1, -2, 3, 4},
            {1, -2, 3, 4},
            {1, -2, 3, 4},
        };

        final TwoD fun2 = (TwoD) fun;
        final ThreeD fun3 = (ThreeD) fun;
        final FourD fun4 = (FourD) fun;

        Assertions.assertEquals(-3,fun2.value(a[0][0],b[0][0],a[0][1],b[0][1]));
        Assertions.assertEquals(6,fun3.value(a[0][0],b[0][0],a[0][1],b[0][1],a[0][2],b[0][2]));
        Assertions.assertEquals(22,fun4.value(a[0][0],b[0][0],a[0][1],b[0][1],a[0][2],b[0][2],a[0][3],b[0][3]));
        Assertions.assertEquals(22, fun.value(a[0], b[0]));

        Assertions.assertEquals(Double.NEGATIVE_INFINITY,fun2.value(a[1][0],b[1][0],a[1][1],b[1][1]));
        Assertions.assertEquals(Double.NEGATIVE_INFINITY,fun3.value(a[1][0],b[1][0],a[1][1],b[1][1],a[1][2],b[1][2]));
        Assertions.assertEquals(Double.NEGATIVE_INFINITY,fun4.value(a[1][0],b[1][0],a[1][1],b[1][1],a[1][2],b[1][2],a[1][3],b[1][3]));
        Assertions.assertEquals(Double.NEGATIVE_INFINITY, fun.value(a[1], b[1]));

        Assertions.assertEquals(-3,fun2.value(a[2][0],b[2][0],a[2][1],b[2][1]));
        Assertions.assertEquals(Double.POSITIVE_INFINITY,fun3.value(a[2][0],b[2][0],a[2][1],b[2][1],a[2][2],b[2][2]));
        Assertions.assertEquals(Double.POSITIVE_INFINITY,fun4.value(a[2][0],b[2][0],a[2][1],b[2][1],a[2][2],b[2][2],a[2][3],b[2][3]));
        Assertions.assertEquals(Double.POSITIVE_INFINITY, fun.value(a[2], b[2]));

        Assertions.assertEquals(Double.NEGATIVE_INFINITY,fun2.value(a[3][0],b[3][0],a[3][1],b[3][1]));
        Assertions.assertEquals(Double.NEGATIVE_INFINITY,fun3.value(a[3][0],b[3][0],a[3][1],b[3][1],a[3][2],b[3][2]));
        Assertions.assertEquals(Double.NEGATIVE_INFINITY,fun4.value(a[3][0],b[3][0],a[3][1],b[3][1],a[3][2],b[3][2],a[3][3],b[3][3]));
        Assertions.assertEquals(Double.NEGATIVE_INFINITY, fun.value(a[3], b[3]));

        Assertions.assertEquals(Double.POSITIVE_INFINITY,fun2.value(a[4][0],b[4][0],a[4][1],b[4][1]));
        Assertions.assertEquals(Double.POSITIVE_INFINITY,fun3.value(a[4][0],b[4][0],a[4][1],b[4][1],a[4][2],b[4][2]));
        Assertions.assertEquals(Double.POSITIVE_INFINITY,fun4.value(a[4][0],b[4][0],a[4][1],b[4][1],a[4][2],b[4][2],a[4][3],b[4][3]));
        Assertions.assertEquals(Double.POSITIVE_INFINITY, fun.value(a[4], b[4]));

        Assertions.assertEquals(-3,fun2.value(a[5][0],b[5][0],a[5][1],b[5][1]));
        Assertions.assertEquals(Double.POSITIVE_INFINITY,fun3.value(a[5][0],b[5][0],a[5][1],b[5][1],a[5][2],b[5][2]));
        Assertions.assertEquals(Double.POSITIVE_INFINITY,fun4.value(a[5][0],b[5][0],a[5][1],b[5][1],a[5][2],b[5][2],a[5][3],b[5][3]));
        Assertions.assertEquals(Double.POSITIVE_INFINITY, fun.value(a[5], b[5]));

        Assertions.assertEquals(Double.POSITIVE_INFINITY,fun2.value(a[6][0],b[6][0],a[6][1],b[6][1]));
        Assertions.assertEquals(Double.POSITIVE_INFINITY,fun3.value(a[6][0],b[6][0],a[6][1],b[6][1],a[6][2],b[6][2]));
        Assertions.assertEquals(Double.NaN,fun4.value(a[6][0],b[6][0],a[6][1],b[6][1],a[6][2],b[6][2],a[6][3],b[6][3]));
        Assertions.assertEquals(Double.NaN, fun.value(a[6], b[6]));

        Assertions.assertEquals(Double.NaN,fun2.value(a[7][0],b[7][0],a[7][1],b[7][1]));
        Assertions.assertEquals(Double.NaN,fun3.value(a[7][0],b[7][0],a[7][1],b[7][1],a[7][2],b[7][2]));
        Assertions.assertEquals(Double.NaN,fun4.value(a[7][0],b[7][0],a[7][1],b[7][1],a[7][2],b[7][2],a[7][3],b[7][3]));
        Assertions.assertEquals(Double.NaN, fun.value(a[7], b[7]));

        Assertions.assertEquals(Double.NEGATIVE_INFINITY,fun2.value(a[8][0],b[8][0],a[8][1],b[8][1]));
        Assertions.assertEquals(Double.NEGATIVE_INFINITY,fun3.value(a[8][0],b[8][0],a[8][1],b[8][1],a[8][2],b[8][2]));
        Assertions.assertEquals(Double.NEGATIVE_INFINITY,fun4.value(a[8][0],b[8][0],a[8][1],b[8][1],a[8][2],b[8][2],a[8][3],b[8][3]));
        Assertions.assertEquals(Double.NEGATIVE_INFINITY, fun.value(a[8], b[8]));

        Assertions.assertEquals(-3,fun2.value(a[9][0],b[9][0],a[9][1],b[9][1]));
        Assertions.assertEquals(Double.POSITIVE_INFINITY,fun3.value(a[9][0],b[9][0],a[9][1],b[9][1],a[9][2],b[9][2]));
        Assertions.assertEquals(Double.POSITIVE_INFINITY,fun4.value(a[9][0],b[9][0],a[9][1],b[9][1],a[9][2],b[9][2],a[9][3],b[9][3]));
        Assertions.assertEquals(Double.POSITIVE_INFINITY, fun.value(a[9], b[9]));

        Assertions.assertEquals(-Double.MAX_VALUE,fun2.value(a[10][0],b[10][0],a[10][1],b[10][1]));
        Assertions.assertEquals(-Double.MAX_VALUE,fun3.value(a[10][0],b[10][0],a[10][1],b[10][1],a[10][2],b[10][2]));
        Assertions.assertEquals(Double.NEGATIVE_INFINITY,fun4.value(a[10][0],b[10][0],a[10][1],b[10][1],a[10][2],b[10][2],a[10][3],b[10][3]));
        Assertions.assertEquals(Double.NEGATIVE_INFINITY, fun.value(a[10], b[10]));
    }",LinearCombinationsTest::MethodSource_oe
commons-numbers_607,"@Test
    void testOverflow_oe() {
        // Create a simple dot product that is different in high precision and has
        // values that create a high part above the original number. This can be done using
        // a mantissa with almost all bits set to 1.
        final double x = Math.nextDown(2.0);
        final double y = -Math.nextDown(x);
        final double xxMxy = x * x + x * y;
        final double xxMxyHighPrecision = LinearCombinations.DotK.DOT_3.value(x, x, x, y);
        Assertions.assertNotEquals(xxMxy, xxMxyHighPrecision, ""High precision result should be different"");

        // Scale it close to max value.
        // The current exponent is 0 so the combined scale must be 1023-1 as the
        // partial product x*x and x*y have an exponent 1 higher
        Assertions.assertEquals(0, Math.getExponent(x));
        Assertions.assertEquals(0, Math.getExponent(y));

        final double a1 = Math.scalb(x, 1022 - 30);
        final double b1 = Math.scalb(x, 30);
        final double a2 = a1;
        final double b2 = Math.scalb(y, 30);
        // Verify low precision result is scaled and finite
        final double sxxMxy = Math.scalb(xxMxy, 1022);
        Assertions.assertEquals(sxxMxy, a1 * b1 + a2 * b2);
        Assertions.assertTrue(Double.isFinite(sxxMxy));

        // High precision result.
        // First demonstrate that Dekker's split will create overflow in the high part.
        final double m = (1 << 27) + 1;
        double c;
        c = a1 * m;
        final double ha1 = c - (c - a1);
        c = b1 * m;
        final double hb1 = c - (c - b1);
        c = a2 * m;
        final double ha2 = c - (c - a2);
        c = b2 * m;
        final double hb2 = c - (c - b2);
        Assertions.assertTrue(Double.isFinite(ha1));
        Assertions.assertTrue(Double.isFinite(hb1));
        Assertions.assertTrue(Double.isFinite(ha2));
        Assertions.assertTrue(Double.isFinite(hb2));
        // High part should be bigger in magnitude
        Assertions.assertTrue(Math.abs(ha1) > Math.abs(a1));
        Assertions.assertTrue(Math.abs(hb1) > Math.abs(b1));
        Assertions.assertTrue(Math.abs(ha2) > Math.abs(a2));
        Assertions.assertTrue(Math.abs(hb2) > Math.abs(b2));
        Assertions.assertEquals(Double.POSITIVE_INFINITY, ha1 * hb1, ""Expected split high part to overflow"");
        Assertions.assertEquals(Double.NEGATIVE_INFINITY, ha2 * hb2, ""Expected split high part to overflow"");

        // LinearCombination should detect and handle intermediate overflow and return the
        // high precision result.
        final double expected = Math.scalb(xxMxyHighPrecision, 1022);
        Assertions.assertEquals(expected, LinearCombinations.DotK.DOT_3.value(a1, b1, a2, b2));
        Assertions.assertEquals(expected, LinearCombinations.DotK.DOT_3.value(a1, b1, a2, b2, 0, 0));
        Assertions.assertEquals(expected, LinearCombinations.DotK.DOT_3.value(a1, b1, a2, b2, 0, 0, 0, 0));
        Assertions.assertEquals(expected, LinearCombinations.DotK.DOT_3.value(new double[] {a1, a2}, new double[] {b1, b2}));
    }",LinearCombinationsTest::testOverflow_oe
commons-numbers_608,"@Test
    void testCisNumber_oe() {
        final double theta = 5.992112452678286E-7;
        final double x = Math.cos(theta);
        final double y = Math.sin(theta);
        assertValue(LinearCombinations.DotK.DOT_3.value(x, x, y, y, 1, -1),
                new double[] {x, y, 1},
                new double[] {x, y, -1});
    }",LinearCombinationsTest::testCisNumber_oe
commons-numbers_609,"@Test
    void testSumZero_oe() {
        // Fixed seed for stability
        final UniformRandomProvider rng = RandomSource.create(RandomSource.XO_RO_SHI_RO_128_PP, 876543L);
        final int size = 10;
        // Create random doublets of pairs of numbers that sum to 1 or -1.
        for (int length = 4; length <= 12; length += 4) {
            final double[] a = new double[length];
            final double[] b = new double[length];
            for (int i = 0; i < size; i++) {
                // Flip-flop above and below zero
                double sign = 1;
                for (int k = 0; k < length; k += 4) {
                    // Create 2 complex cis numbers
                    final double theta1 = rng.nextDouble() * Math.PI / 2;
                    final double theta2 = rng.nextDouble() * Math.PI / 2;
                    a[k + 0] = b[k + 0] = Math.cos(theta1);
                    a[k + 1] = b[k + 1] = Math.sin(theta1);
                    a[k + 2] = b[k + 2] = Math.cos(theta2);
                    a[k + 3] = b[k + 3] = Math.sin(theta2);
                    a[k + 0] *= sign;
                    a[k + 1] *= sign;
                    a[k + 2] *= sign;
                    a[k + 3] *= sign;
                    // Invert second pair.
                    // The sum of the pairs should be zero +/- floating point error.
                    a[k + 2] = -a[k + 2];
                    a[k + 3] = -a[k + 3];
                    sign = -sign;
                }
                assertValue(LinearCombinations.DotK.DOT_3.value(a, b), a, b);
            }
        }
    }",LinearCombinationsTest::testSumZero_oe
commons-numbers_610,"@Test
    void testClip_oe() {
        // min value is not affected
        Assertions.assertEquals(Double.MIN_VALUE, clip(MIN).doubleValue());
        Assertions.assertEquals(-Double.MIN_VALUE, clip(MIN.negate()).doubleValue());
        // Round-up to min
        Assertions.assertEquals(Double.MIN_VALUE, clip(MIN.divide(new BigDecimal(2))).doubleValue());
        Assertions.assertEquals(-Double.MIN_VALUE, clip(MIN.negate().divide(new BigDecimal(2))).doubleValue());
        // Round down to zero
        Assertions.assertEquals(0, clip(MIN.divide(new BigDecimal(2.1), MathContext.DECIMAL64)).doubleValue());
        Assertions.assertEquals(0, clip(MIN.negate().divide(new BigDecimal(2.1), MathContext.DECIMAL64)).doubleValue());
        // It does not matter if BigDecimal is more precise than a sub-normal number
        // when the output is ultimately rounded to a double.
        Assertions.assertEquals(Double.MIN_VALUE, clip(MIN.multiply(new BigDecimal(1.1))).doubleValue());
        Assertions.assertEquals(Double.MIN_VALUE, clip(MIN.multiply(new BigDecimal(1.5))).doubleValue());
        Assertions.assertEquals(Double.MIN_VALUE * 2, clip(MIN.multiply(new BigDecimal(1.6))).doubleValue());
    }",LinearCombinationsTest::testClip_oe
