id,project,test_class,test_name,test_file_path,focal_file_path,focal_class,focal_package,oracle_type
json_1_1,JSON-java,PropertyTest,,src/test/java/org/json/junit/PropertyTest.java,,,,ASSERTION_ONLY
json_2_1,JSON-java,PropertyTest,,src/test/java/org/json/junit/PropertyTest.java,,,,ASSERTION_ONLY
json_3_1,JSON-java,PropertyTest,,src/test/java/org/json/junit/PropertyTest.java,,,,ASSERTION_ONLY
json_3_2,JSON-java,PropertyTest,,src/test/java/org/json/junit/PropertyTest.java,,,,ASSERTION_ONLY
json_3_3,JSON-java,PropertyTest,,src/test/java/org/json/junit/PropertyTest.java,,,,ASSERTION_ONLY
json_3_4,JSON-java,PropertyTest,,src/test/java/org/json/junit/PropertyTest.java,,,,ASSERTION_ONLY
json_3_5,JSON-java,PropertyTest,,src/test/java/org/json/junit/PropertyTest.java,,,,ASSERTION_ONLY
json_3_6,JSON-java,PropertyTest,,src/test/java/org/json/junit/PropertyTest.java,,,,ASSERTION_ONLY
json_4_1,JSON-java,PropertyTest,,src/test/java/org/json/junit/PropertyTest.java,,,,ASSERTION_ONLY
json_5_1,JSON-java,PropertyTest,,src/test/java/org/json/junit/PropertyTest.java,,,,ASSERTION_ONLY
json_6_2,JSON-java,CookieTest,,src/test/java/org/json/junit/CookieTest.java,,,,MUST_THROW_WITH_PROPERTIES
json_7_1,JSON-java,CookieTest,,src/test/java/org/json/junit/CookieTest.java,,,,ASSERTION_ONLY
json_7_2,JSON-java,CookieTest,,src/test/java/org/json/junit/CookieTest.java,,,,ASSERTION_ONLY
json_7_3,JSON-java,CookieTest,,src/test/java/org/json/junit/CookieTest.java,,,,ASSERTION_ONLY
json_8_2,JSON-java,CookieTest,,src/test/java/org/json/junit/CookieTest.java,,,,MUST_THROW_WITH_PROPERTIES
json_9_2,JSON-java,CookieTest,,src/test/java/org/json/junit/CookieTest.java,,,,MUST_THROW_WITH_PROPERTIES
json_10_1,JSON-java,CookieTest,,src/test/java/org/json/junit/CookieTest.java,,,,ASSERTION_ONLY
json_11_1,JSON-java,CookieTest,,src/test/java/org/json/junit/CookieTest.java,,,,ASSERTION_ONLY
json_12_1,JSON-java,JSONObjectLocaleTest,,src/test/java/org/json/junit/JSONObjectLocaleTest.java,,,,ASSERTION_ONLY
json_12_2,JSON-java,JSONObjectLocaleTest,,src/test/java/org/json/junit/JSONObjectLocaleTest.java,,,,ASSERTION_ONLY
json_12_3,JSON-java,JSONObjectLocaleTest,,src/test/java/org/json/junit/JSONObjectLocaleTest.java,,,,ASSERTION_ONLY
json_12_4,JSON-java,JSONObjectLocaleTest,,src/test/java/org/json/junit/JSONObjectLocaleTest.java,,,,ASSERTION_ONLY
json_12_5,JSON-java,JSONObjectLocaleTest,,src/test/java/org/json/junit/JSONObjectLocaleTest.java,,,,ASSERTION_ONLY
json_12_6,JSON-java,JSONObjectLocaleTest,,src/test/java/org/json/junit/JSONObjectLocaleTest.java,,,,ASSERTION_ONLY
json_13_2,JSON-java,JSONMLTest,,src/test/java/org/json/junit/JSONMLTest.java,,,,MUST_THROW_WITH_PROPERTIES
json_14_2,JSON-java,JSONMLTest,,src/test/java/org/json/junit/JSONMLTest.java,,,,IF_THROWN_ASSERT
json_15_2,JSON-java,JSONMLTest,,src/test/java/org/json/junit/JSONMLTest.java,,,,MUST_THROW_WITH_PROPERTIES
json_17_2,JSON-java,JSONMLTest,,src/test/java/org/json/junit/JSONMLTest.java,,,,IF_THROWN_ASSERT
json_18_2,JSON-java,JSONMLTest,,src/test/java/org/json/junit/JSONMLTest.java,,,,MUST_THROW_WITH_PROPERTIES
json_19_2,JSON-java,JSONMLTest,,src/test/java/org/json/junit/JSONMLTest.java,,,,MUST_THROW_WITH_PROPERTIES
json_20_2,JSON-java,JSONMLTest,,src/test/java/org/json/junit/JSONMLTest.java,,,,MUST_THROW_WITH_PROPERTIES
json_21_2,JSON-java,JSONMLTest,,src/test/java/org/json/junit/JSONMLTest.java,,,,MUST_THROW_WITH_PROPERTIES
json_22_2,JSON-java,JSONMLTest,,src/test/java/org/json/junit/JSONMLTest.java,,,,IF_THROWN_ASSERT
json_23_2,JSON-java,JSONMLTest,,src/test/java/org/json/junit/JSONMLTest.java,,,,MUST_THROW_WITH_PROPERTIES
json_24_2,JSON-java,JSONMLTest,,src/test/java/org/json/junit/JSONMLTest.java,,,,MUST_THROW_WITH_PROPERTIES
json_25_1,JSON-java,JSONMLTest,,src/test/java/org/json/junit/JSONMLTest.java,,,,ASSERTION_ONLY
json_26_1,JSON-java,JSONMLTest,,src/test/java/org/json/junit/JSONMLTest.java,,,,ASSERTION_ONLY
json_27_1,JSON-java,JSONMLTest,,src/test/java/org/json/junit/JSONMLTest.java,,,,ASSERTION_ONLY
json_27_2,JSON-java,JSONMLTest,,src/test/java/org/json/junit/JSONMLTest.java,,,,ASSERTION_ONLY
json_28_1,JSON-java,JSONMLTest,,src/test/java/org/json/junit/JSONMLTest.java,,,,ASSERTION_ONLY
json_29_1,JSON-java,JSONMLTest,,src/test/java/org/json/junit/JSONMLTest.java,,,,ASSERTION_ONLY
json_29_2,JSON-java,JSONMLTest,,src/test/java/org/json/junit/JSONMLTest.java,,,,ASSERTION_ONLY
json_30_2,JSON-java,JSONMLTest,,src/test/java/org/json/junit/JSONMLTest.java,,,,IF_THROWN_ASSERT
json_31_1,JSON-java,JSONPointerTest,,src/test/java/org/json/junit/JSONPointerTest.java,,,,ASSERTION_ONLY
json_32_1,JSON-java,JSONPointerTest,,src/test/java/org/json/junit/JSONPointerTest.java,,,,ASSERTION_ONLY
json_33_1,JSON-java,JSONPointerTest,,src/test/java/org/json/junit/JSONPointerTest.java,,,,ASSERTION_ONLY
json_34_1,JSON-java,JSONPointerTest,,src/test/java/org/json/junit/JSONPointerTest.java,,,,ASSERTION_ONLY
json_35_1,JSON-java,JSONPointerTest,,src/test/java/org/json/junit/JSONPointerTest.java,,,,ASSERTION_ONLY
json_36_1,JSON-java,JSONPointerTest,,src/test/java/org/json/junit/JSONPointerTest.java,,,,ASSERTION_ONLY
json_37_1,JSON-java,JSONPointerTest,,src/test/java/org/json/junit/JSONPointerTest.java,,,,ASSERTION_ONLY
json_38_1,JSON-java,JSONPointerTest,,src/test/java/org/json/junit/JSONPointerTest.java,,,,ASSERTION_ONLY
json_39_1,JSON-java,JSONPointerTest,,src/test/java/org/json/junit/JSONPointerTest.java,,,,ASSERTION_ONLY
json_40_1,JSON-java,JSONPointerTest,,src/test/java/org/json/junit/JSONPointerTest.java,,,,ASSERTION_ONLY
json_41_1,JSON-java,JSONPointerTest,,src/test/java/org/json/junit/JSONPointerTest.java,,,,ASSERTION_ONLY
json_42_1,JSON-java,JSONPointerTest,,src/test/java/org/json/junit/JSONPointerTest.java,,,,ASSERTION_ONLY
json_43_1,JSON-java,JSONPointerTest,,src/test/java/org/json/junit/JSONPointerTest.java,,,,ASSERTION_ONLY
json_44_1,JSON-java,JSONPointerTest,,src/test/java/org/json/junit/JSONPointerTest.java,,,,ASSERTION_ONLY
json_45_1,JSON-java,JSONPointerTest,,src/test/java/org/json/junit/JSONPointerTest.java,,,,ASSERTION_ONLY
json_45_2,JSON-java,JSONPointerTest,,src/test/java/org/json/junit/JSONPointerTest.java,,,,ASSERTION_ONLY
json_45_3,JSON-java,JSONPointerTest,,src/test/java/org/json/junit/JSONPointerTest.java,,,,ASSERTION_ONLY
json_45_4,JSON-java,JSONPointerTest,,src/test/java/org/json/junit/JSONPointerTest.java,,,,ASSERTION_ONLY
json_46_1,JSON-java,JSONPointerTest,,src/test/java/org/json/junit/JSONPointerTest.java,,,,ASSERTION_ONLY
json_47_1,JSON-java,JSONPointerTest,,src/test/java/org/json/junit/JSONPointerTest.java,,,,ASSERTION_ONLY
json_48_1,JSON-java,JSONPointerTest,,src/test/java/org/json/junit/JSONPointerTest.java,,,,ASSERTION_ONLY
json_49_1,JSON-java,JSONPointerTest,,src/test/java/org/json/junit/JSONPointerTest.java,,,,ASSERTION_ONLY
json_49_2,JSON-java,JSONPointerTest,,src/test/java/org/json/junit/JSONPointerTest.java,,,,ASSERTION_ONLY
json_49_3,JSON-java,JSONPointerTest,,src/test/java/org/json/junit/JSONPointerTest.java,,,,ASSERTION_ONLY
json_49_4,JSON-java,JSONPointerTest,,src/test/java/org/json/junit/JSONPointerTest.java,,,,ASSERTION_ONLY
json_50_1,JSON-java,JSONPointerTest,,src/test/java/org/json/junit/JSONPointerTest.java,,,,FAIL_ONLY
json_51_1,JSON-java,JSONPointerTest,,src/test/java/org/json/junit/JSONPointerTest.java,,,,ASSERTION_ONLY
json_51_2,JSON-java,JSONPointerTest,,src/test/java/org/json/junit/JSONPointerTest.java,,,,ASSERTION_ONLY
json_51_3,JSON-java,JSONPointerTest,,src/test/java/org/json/junit/JSONPointerTest.java,,,,ASSERTION_ONLY
json_51_5,JSON-java,JSONPointerTest,,src/test/java/org/json/junit/JSONPointerTest.java,,,,IF_THROWN_ASSERT
json_52_1,JSON-java,JSONPointerTest,,src/test/java/org/json/junit/JSONPointerTest.java,,,,ASSERTION_ONLY
json_52_2,JSON-java,JSONPointerTest,,src/test/java/org/json/junit/JSONPointerTest.java,,,,ASSERTION_ONLY
json_52_3,JSON-java,JSONPointerTest,,src/test/java/org/json/junit/JSONPointerTest.java,,,,ASSERTION_ONLY
json_52_5,JSON-java,JSONPointerTest,,src/test/java/org/json/junit/JSONPointerTest.java,,,,IF_THROWN_ASSERT
json_53_1,JSON-java,JSONPointerTest,,src/test/java/org/json/junit/JSONPointerTest.java,,,,ASSERTION_ONLY
json_53_2,JSON-java,JSONPointerTest,,src/test/java/org/json/junit/JSONPointerTest.java,,,,ASSERTION_ONLY
json_53_3,JSON-java,JSONPointerTest,,src/test/java/org/json/junit/JSONPointerTest.java,,,,ASSERTION_ONLY
json_53_4,JSON-java,JSONPointerTest,,src/test/java/org/json/junit/JSONPointerTest.java,,,,ASSERTION_ONLY
json_54_1,JSON-java,JSONPointerTest,,src/test/java/org/json/junit/JSONPointerTest.java,,,,ASSERTION_ONLY
json_54_2,JSON-java,JSONPointerTest,,src/test/java/org/json/junit/JSONPointerTest.java,,,,ASSERTION_ONLY
json_54_3,JSON-java,JSONPointerTest,,src/test/java/org/json/junit/JSONPointerTest.java,,,,ASSERTION_ONLY
json_54_5,JSON-java,JSONPointerTest,,src/test/java/org/json/junit/JSONPointerTest.java,,,,IF_THROWN_ASSERT
json_55_1,JSON-java,JSONPointerTest,,src/test/java/org/json/junit/JSONPointerTest.java,,,,ASSERTION_ONLY
json_55_2,JSON-java,JSONPointerTest,,src/test/java/org/json/junit/JSONPointerTest.java,,,,ASSERTION_ONLY
json_55_3,JSON-java,JSONPointerTest,,src/test/java/org/json/junit/JSONPointerTest.java,,,,ASSERTION_ONLY
json_55_5,JSON-java,JSONPointerTest,,src/test/java/org/json/junit/JSONPointerTest.java,,,,IF_THROWN_ASSERT
json_56_1,JSON-java,JSONPointerTest,,src/test/java/org/json/junit/JSONPointerTest.java,,,,ASSERTION_ONLY
json_56_2,JSON-java,JSONPointerTest,,src/test/java/org/json/junit/JSONPointerTest.java,,,,ASSERTION_ONLY
json_56_3,JSON-java,JSONPointerTest,,src/test/java/org/json/junit/JSONPointerTest.java,,,,ASSERTION_ONLY
json_56_4,JSON-java,JSONPointerTest,,src/test/java/org/json/junit/JSONPointerTest.java,,,,ASSERTION_ONLY
json_57_1,JSON-java,JSONPointerTest,,src/test/java/org/json/junit/JSONPointerTest.java,,,,ASSERTION_ONLY
json_57_2,JSON-java,JSONPointerTest,,src/test/java/org/json/junit/JSONPointerTest.java,,,,ASSERTION_ONLY
json_58_1,JSON-java,XMLTest,,src/test/java/org/json/junit/XMLTest.java,,,,ASSERTION_ONLY
json_59_1,JSON-java,XMLTest,,src/test/java/org/json/junit/XMLTest.java,,,,ASSERTION_ONLY
json_60_1,JSON-java,XMLTest,,src/test/java/org/json/junit/XMLTest.java,,,,ASSERTION_ONLY
json_61_2,JSON-java,XMLTest,,src/test/java/org/json/junit/XMLTest.java,,,,MUST_THROW_WITH_PROPERTIES
json_62_2,JSON-java,XMLTest,,src/test/java/org/json/junit/XMLTest.java,,,,MUST_THROW_WITH_PROPERTIES
json_63_2,JSON-java,XMLTest,,src/test/java/org/json/junit/XMLTest.java,,,,MUST_THROW_WITH_PROPERTIES
json_64_2,JSON-java,XMLTest,,src/test/java/org/json/junit/XMLTest.java,,,,MUST_THROW_WITH_PROPERTIES
json_65_2,JSON-java,XMLTest,,src/test/java/org/json/junit/XMLTest.java,,,,MUST_THROW_WITH_PROPERTIES
json_66_1,JSON-java,XMLTest,,src/test/java/org/json/junit/XMLTest.java,,,,ASSERTION_ONLY
json_67_1,JSON-java,XMLTest,,src/test/java/org/json/junit/XMLTest.java,,,,ASSERTION_ONLY
json_68_1,JSON-java,XMLTest,,src/test/java/org/json/junit/XMLTest.java,,,,ASSERTION_ONLY
json_68_2,JSON-java,XMLTest,,src/test/java/org/json/junit/XMLTest.java,,,,ASSERTION_ONLY
json_68_3,JSON-java,XMLTest,,src/test/java/org/json/junit/XMLTest.java,,,,ASSERTION_ONLY
json_68_4,JSON-java,XMLTest,,src/test/java/org/json/junit/XMLTest.java,,,,ASSERTION_ONLY
json_68_5,JSON-java,XMLTest,,src/test/java/org/json/junit/XMLTest.java,,,,ASSERTION_ONLY
json_68_6,JSON-java,XMLTest,,src/test/java/org/json/junit/XMLTest.java,,,,ASSERTION_ONLY
json_68_7,JSON-java,XMLTest,,src/test/java/org/json/junit/XMLTest.java,,,,ASSERTION_ONLY
json_68_8,JSON-java,XMLTest,,src/test/java/org/json/junit/XMLTest.java,,,,ASSERTION_ONLY
json_68_9,JSON-java,XMLTest,,src/test/java/org/json/junit/XMLTest.java,,,,ASSERTION_ONLY
json_68_10,JSON-java,XMLTest,,src/test/java/org/json/junit/XMLTest.java,,,,ASSERTION_ONLY
json_68_11,JSON-java,XMLTest,,src/test/java/org/json/junit/XMLTest.java,,,,ASSERTION_ONLY
json_69_1,JSON-java,XMLTest,,src/test/java/org/json/junit/XMLTest.java,,,,ASSERTION_ONLY
json_70_1,JSON-java,XMLTest,,src/test/java/org/json/junit/XMLTest.java,,,,ASSERTION_ONLY
json_71_1,JSON-java,XMLTest,,src/test/java/org/json/junit/XMLTest.java,,,,ASSERTION_ONLY
json_72_1,JSON-java,XMLTest,,src/test/java/org/json/junit/XMLTest.java,,,,ASSERTION_ONLY
json_72_2,JSON-java,XMLTest,,src/test/java/org/json/junit/XMLTest.java,,,,ASSERTION_ONLY
json_73_1,JSON-java,XMLTest,,src/test/java/org/json/junit/XMLTest.java,,,,ASSERTION_ONLY
json_73_2,JSON-java,XMLTest,,src/test/java/org/json/junit/XMLTest.java,,,,ASSERTION_ONLY
json_74_1,JSON-java,XMLTest,,src/test/java/org/json/junit/XMLTest.java,,,,ASSERTION_ONLY
json_74_2,JSON-java,XMLTest,,src/test/java/org/json/junit/XMLTest.java,,,,ASSERTION_ONLY
json_75_1,JSON-java,XMLTest,,src/test/java/org/json/junit/XMLTest.java,,,,ASSERTION_ONLY
json_75_2,JSON-java,XMLTest,,src/test/java/org/json/junit/XMLTest.java,,,,ASSERTION_ONLY
json_76_1,JSON-java,XMLTest,,src/test/java/org/json/junit/XMLTest.java,,,,ASSERTION_ONLY
json_76_2,JSON-java,XMLTest,,src/test/java/org/json/junit/XMLTest.java,,,,ASSERTION_ONLY
json_76_3,JSON-java,XMLTest,,src/test/java/org/json/junit/XMLTest.java,,,,ASSERTION_ONLY
json_77_1,JSON-java,XMLTest,,src/test/java/org/json/junit/XMLTest.java,,,,ASSERTION_ONLY
json_78_1,JSON-java,XMLTest,,src/test/java/org/json/junit/XMLTest.java,,,,ASSERTION_ONLY
json_78_2,JSON-java,XMLTest,,src/test/java/org/json/junit/XMLTest.java,,,,ASSERTION_ONLY
json_78_3,JSON-java,XMLTest,,src/test/java/org/json/junit/XMLTest.java,,,,ASSERTION_ONLY
json_78_4,JSON-java,XMLTest,,src/test/java/org/json/junit/XMLTest.java,,,,ASSERTION_ONLY
json_78_5,JSON-java,XMLTest,,src/test/java/org/json/junit/XMLTest.java,,,,ASSERTION_ONLY
json_78_6,JSON-java,XMLTest,,src/test/java/org/json/junit/XMLTest.java,,,,ASSERTION_ONLY
json_78_7,JSON-java,XMLTest,,src/test/java/org/json/junit/XMLTest.java,,,,ASSERTION_ONLY
json_78_8,JSON-java,XMLTest,,src/test/java/org/json/junit/XMLTest.java,,,,ASSERTION_ONLY
json_78_9,JSON-java,XMLTest,,src/test/java/org/json/junit/XMLTest.java,,,,ASSERTION_ONLY
json_78_10,JSON-java,XMLTest,,src/test/java/org/json/junit/XMLTest.java,,,,ASSERTION_ONLY
json_78_11,JSON-java,XMLTest,,src/test/java/org/json/junit/XMLTest.java,,,,ASSERTION_ONLY
json_78_12,JSON-java,XMLTest,,src/test/java/org/json/junit/XMLTest.java,,,,ASSERTION_ONLY
json_78_13,JSON-java,XMLTest,,src/test/java/org/json/junit/XMLTest.java,,,,ASSERTION_ONLY
json_78_14,JSON-java,XMLTest,,src/test/java/org/json/junit/XMLTest.java,,,,ASSERTION_ONLY
json_78_15,JSON-java,XMLTest,,src/test/java/org/json/junit/XMLTest.java,,,,ASSERTION_ONLY
json_78_16,JSON-java,XMLTest,,src/test/java/org/json/junit/XMLTest.java,,,,ASSERTION_ONLY
json_78_17,JSON-java,XMLTest,,src/test/java/org/json/junit/XMLTest.java,,,,ASSERTION_ONLY
json_78_18,JSON-java,XMLTest,,src/test/java/org/json/junit/XMLTest.java,,,,ASSERTION_ONLY
json_78_19,JSON-java,XMLTest,,src/test/java/org/json/junit/XMLTest.java,,,,ASSERTION_ONLY
json_78_20,JSON-java,XMLTest,,src/test/java/org/json/junit/XMLTest.java,,,,ASSERTION_ONLY
json_78_21,JSON-java,XMLTest,,src/test/java/org/json/junit/XMLTest.java,,,,ASSERTION_ONLY
json_78_22,JSON-java,XMLTest,,src/test/java/org/json/junit/XMLTest.java,,,,ASSERTION_ONLY
json_78_23,JSON-java,XMLTest,,src/test/java/org/json/junit/XMLTest.java,,,,ASSERTION_ONLY
json_78_24,JSON-java,XMLTest,,src/test/java/org/json/junit/XMLTest.java,,,,ASSERTION_ONLY
json_78_25,JSON-java,XMLTest,,src/test/java/org/json/junit/XMLTest.java,,,,ASSERTION_ONLY
json_78_26,JSON-java,XMLTest,,src/test/java/org/json/junit/XMLTest.java,,,,ASSERTION_ONLY
json_78_27,JSON-java,XMLTest,,src/test/java/org/json/junit/XMLTest.java,,,,ASSERTION_ONLY
json_78_28,JSON-java,XMLTest,,src/test/java/org/json/junit/XMLTest.java,,,,ASSERTION_ONLY
json_78_29,JSON-java,XMLTest,,src/test/java/org/json/junit/XMLTest.java,,,,ASSERTION_ONLY
json_78_30,JSON-java,XMLTest,,src/test/java/org/json/junit/XMLTest.java,,,,ASSERTION_ONLY
json_78_31,JSON-java,XMLTest,,src/test/java/org/json/junit/XMLTest.java,,,,ASSERTION_ONLY
json_78_32,JSON-java,XMLTest,,src/test/java/org/json/junit/XMLTest.java,,,,ASSERTION_ONLY
json_78_33,JSON-java,XMLTest,,src/test/java/org/json/junit/XMLTest.java,,,,ASSERTION_ONLY
json_78_34,JSON-java,XMLTest,,src/test/java/org/json/junit/XMLTest.java,,,,ASSERTION_ONLY
json_78_35,JSON-java,XMLTest,,src/test/java/org/json/junit/XMLTest.java,,,,ASSERTION_ONLY
json_78_36,JSON-java,XMLTest,,src/test/java/org/json/junit/XMLTest.java,,,,ASSERTION_ONLY
json_78_37,JSON-java,XMLTest,,src/test/java/org/json/junit/XMLTest.java,,,,ASSERTION_ONLY
json_78_38,JSON-java,XMLTest,,src/test/java/org/json/junit/XMLTest.java,,,,ASSERTION_ONLY
json_78_39,JSON-java,XMLTest,,src/test/java/org/json/junit/XMLTest.java,,,,ASSERTION_ONLY
json_79_1,JSON-java,XMLTest,,src/test/java/org/json/junit/XMLTest.java,,,,ASSERTION_ONLY
json_80_1,JSON-java,XMLTest,,src/test/java/org/json/junit/XMLTest.java,,,,ASSERTION_ONLY
json_80_2,JSON-java,XMLTest,,src/test/java/org/json/junit/XMLTest.java,,,,ASSERTION_ONLY
json_80_3,JSON-java,XMLTest,,src/test/java/org/json/junit/XMLTest.java,,,,ASSERTION_ONLY
json_80_4,JSON-java,XMLTest,,src/test/java/org/json/junit/XMLTest.java,,,,ASSERTION_ONLY
json_81_1,JSON-java,XMLTest,,src/test/java/org/json/junit/XMLTest.java,,,,ASSERTION_ONLY
json_81_2,JSON-java,XMLTest,,src/test/java/org/json/junit/XMLTest.java,,,,ASSERTION_ONLY
json_81_3,JSON-java,XMLTest,,src/test/java/org/json/junit/XMLTest.java,,,,ASSERTION_ONLY
json_81_4,JSON-java,XMLTest,,src/test/java/org/json/junit/XMLTest.java,,,,ASSERTION_ONLY
json_81_5,JSON-java,XMLTest,,src/test/java/org/json/junit/XMLTest.java,,,,ASSERTION_ONLY
json_81_6,JSON-java,XMLTest,,src/test/java/org/json/junit/XMLTest.java,,,,ASSERTION_ONLY
json_81_7,JSON-java,XMLTest,,src/test/java/org/json/junit/XMLTest.java,,,,ASSERTION_ONLY
json_81_8,JSON-java,XMLTest,,src/test/java/org/json/junit/XMLTest.java,,,,ASSERTION_ONLY
json_81_9,JSON-java,XMLTest,,src/test/java/org/json/junit/XMLTest.java,,,,ASSERTION_ONLY
json_81_10,JSON-java,XMLTest,,src/test/java/org/json/junit/XMLTest.java,,,,ASSERTION_ONLY
json_81_11,JSON-java,XMLTest,,src/test/java/org/json/junit/XMLTest.java,,,,ASSERTION_ONLY
json_81_12,JSON-java,XMLTest,,src/test/java/org/json/junit/XMLTest.java,,,,ASSERTION_ONLY
json_82_1,JSON-java,XMLTest,,src/test/java/org/json/junit/XMLTest.java,,,,ASSERTION_ONLY
json_83_1,JSON-java,XMLTest,,src/test/java/org/json/junit/XMLTest.java,,,,ASSERTION_ONLY
json_84_1,JSON-java,XMLTest,,src/test/java/org/json/junit/XMLTest.java,,,,MUST_NOT_THROW
json_85_1,JSON-java,XMLTest,,src/test/java/org/json/junit/XMLTest.java,,,,ASSERTION_ONLY
json_86_1,JSON-java,XMLTest,,src/test/java/org/json/junit/XMLTest.java,,,,ASSERTION_ONLY
json_87_1,JSON-java,XMLConfigurationTest,,src/test/java/org/json/junit/XMLConfigurationTest.java,,,,ASSERTION_ONLY
json_88_1,JSON-java,XMLConfigurationTest,,src/test/java/org/json/junit/XMLConfigurationTest.java,,,,ASSERTION_ONLY
json_89_1,JSON-java,XMLConfigurationTest,,src/test/java/org/json/junit/XMLConfigurationTest.java,,,,ASSERTION_ONLY
json_90_2,JSON-java,XMLConfigurationTest,,src/test/java/org/json/junit/XMLConfigurationTest.java,,,,MUST_THROW_WITH_PROPERTIES
json_91_2,JSON-java,XMLConfigurationTest,,src/test/java/org/json/junit/XMLConfigurationTest.java,,,,MUST_THROW_WITH_PROPERTIES
json_92_2,JSON-java,XMLConfigurationTest,,src/test/java/org/json/junit/XMLConfigurationTest.java,,,,MUST_THROW_WITH_PROPERTIES
json_93_2,JSON-java,XMLConfigurationTest,,src/test/java/org/json/junit/XMLConfigurationTest.java,,,,MUST_THROW_WITH_PROPERTIES
json_94_2,JSON-java,XMLConfigurationTest,,src/test/java/org/json/junit/XMLConfigurationTest.java,,,,MUST_THROW_WITH_PROPERTIES
json_95_1,JSON-java,XMLConfigurationTest,,src/test/java/org/json/junit/XMLConfigurationTest.java,,,,ASSERTION_ONLY
json_96_1,JSON-java,XMLConfigurationTest,,src/test/java/org/json/junit/XMLConfigurationTest.java,,,,ASSERTION_ONLY
json_97_1,JSON-java,XMLConfigurationTest,,src/test/java/org/json/junit/XMLConfigurationTest.java,,,,ASSERTION_ONLY
json_98_1,JSON-java,XMLConfigurationTest,,src/test/java/org/json/junit/XMLConfigurationTest.java,,,,ASSERTION_ONLY
json_99_1,JSON-java,XMLConfigurationTest,,src/test/java/org/json/junit/XMLConfigurationTest.java,,,,ASSERTION_ONLY
json_100_1,JSON-java,XMLConfigurationTest,,src/test/java/org/json/junit/XMLConfigurationTest.java,,,,ASSERTION_ONLY
json_100_2,JSON-java,XMLConfigurationTest,,src/test/java/org/json/junit/XMLConfigurationTest.java,,,,ASSERTION_ONLY
json_101_1,JSON-java,XMLConfigurationTest,,src/test/java/org/json/junit/XMLConfigurationTest.java,,,,ASSERTION_ONLY
json_101_2,JSON-java,XMLConfigurationTest,,src/test/java/org/json/junit/XMLConfigurationTest.java,,,,ASSERTION_ONLY
json_102_1,JSON-java,XMLConfigurationTest,,src/test/java/org/json/junit/XMLConfigurationTest.java,,,,ASSERTION_ONLY
json_102_2,JSON-java,XMLConfigurationTest,,src/test/java/org/json/junit/XMLConfigurationTest.java,,,,ASSERTION_ONLY
json_103_1,JSON-java,XMLConfigurationTest,,src/test/java/org/json/junit/XMLConfigurationTest.java,,,,ASSERTION_ONLY
json_103_2,JSON-java,XMLConfigurationTest,,src/test/java/org/json/junit/XMLConfigurationTest.java,,,,ASSERTION_ONLY
json_104_1,JSON-java,XMLConfigurationTest,,src/test/java/org/json/junit/XMLConfigurationTest.java,,,,ASSERTION_ONLY
json_104_2,JSON-java,XMLConfigurationTest,,src/test/java/org/json/junit/XMLConfigurationTest.java,,,,ASSERTION_ONLY
json_104_3,JSON-java,XMLConfigurationTest,,src/test/java/org/json/junit/XMLConfigurationTest.java,,,,ASSERTION_ONLY
json_105_1,JSON-java,XMLConfigurationTest,,src/test/java/org/json/junit/XMLConfigurationTest.java,,,,ASSERTION_ONLY
json_106_1,JSON-java,XMLConfigurationTest,,src/test/java/org/json/junit/XMLConfigurationTest.java,,,,ASSERTION_ONLY
json_106_2,JSON-java,XMLConfigurationTest,,src/test/java/org/json/junit/XMLConfigurationTest.java,,,,ASSERTION_ONLY
json_106_3,JSON-java,XMLConfigurationTest,,src/test/java/org/json/junit/XMLConfigurationTest.java,,,,ASSERTION_ONLY
json_106_4,JSON-java,XMLConfigurationTest,,src/test/java/org/json/junit/XMLConfigurationTest.java,,,,ASSERTION_ONLY
json_106_5,JSON-java,XMLConfigurationTest,,src/test/java/org/json/junit/XMLConfigurationTest.java,,,,ASSERTION_ONLY
json_106_6,JSON-java,XMLConfigurationTest,,src/test/java/org/json/junit/XMLConfigurationTest.java,,,,ASSERTION_ONLY
json_106_7,JSON-java,XMLConfigurationTest,,src/test/java/org/json/junit/XMLConfigurationTest.java,,,,ASSERTION_ONLY
json_106_8,JSON-java,XMLConfigurationTest,,src/test/java/org/json/junit/XMLConfigurationTest.java,,,,ASSERTION_ONLY
json_106_9,JSON-java,XMLConfigurationTest,,src/test/java/org/json/junit/XMLConfigurationTest.java,,,,ASSERTION_ONLY
json_106_10,JSON-java,XMLConfigurationTest,,src/test/java/org/json/junit/XMLConfigurationTest.java,,,,ASSERTION_ONLY
json_106_11,JSON-java,XMLConfigurationTest,,src/test/java/org/json/junit/XMLConfigurationTest.java,,,,ASSERTION_ONLY
json_106_12,JSON-java,XMLConfigurationTest,,src/test/java/org/json/junit/XMLConfigurationTest.java,,,,ASSERTION_ONLY
json_106_13,JSON-java,XMLConfigurationTest,,src/test/java/org/json/junit/XMLConfigurationTest.java,,,,ASSERTION_ONLY
json_106_14,JSON-java,XMLConfigurationTest,,src/test/java/org/json/junit/XMLConfigurationTest.java,,,,ASSERTION_ONLY
json_106_15,JSON-java,XMLConfigurationTest,,src/test/java/org/json/junit/XMLConfigurationTest.java,,,,ASSERTION_ONLY
json_106_16,JSON-java,XMLConfigurationTest,,src/test/java/org/json/junit/XMLConfigurationTest.java,,,,ASSERTION_ONLY
json_106_17,JSON-java,XMLConfigurationTest,,src/test/java/org/json/junit/XMLConfigurationTest.java,,,,ASSERTION_ONLY
json_106_18,JSON-java,XMLConfigurationTest,,src/test/java/org/json/junit/XMLConfigurationTest.java,,,,ASSERTION_ONLY
json_106_19,JSON-java,XMLConfigurationTest,,src/test/java/org/json/junit/XMLConfigurationTest.java,,,,ASSERTION_ONLY
json_106_20,JSON-java,XMLConfigurationTest,,src/test/java/org/json/junit/XMLConfigurationTest.java,,,,ASSERTION_ONLY
json_106_21,JSON-java,XMLConfigurationTest,,src/test/java/org/json/junit/XMLConfigurationTest.java,,,,ASSERTION_ONLY
json_106_22,JSON-java,XMLConfigurationTest,,src/test/java/org/json/junit/XMLConfigurationTest.java,,,,ASSERTION_ONLY
json_106_23,JSON-java,XMLConfigurationTest,,src/test/java/org/json/junit/XMLConfigurationTest.java,,,,ASSERTION_ONLY
json_106_24,JSON-java,XMLConfigurationTest,,src/test/java/org/json/junit/XMLConfigurationTest.java,,,,ASSERTION_ONLY
json_106_25,JSON-java,XMLConfigurationTest,,src/test/java/org/json/junit/XMLConfigurationTest.java,,,,ASSERTION_ONLY
json_106_26,JSON-java,XMLConfigurationTest,,src/test/java/org/json/junit/XMLConfigurationTest.java,,,,ASSERTION_ONLY
json_106_27,JSON-java,XMLConfigurationTest,,src/test/java/org/json/junit/XMLConfigurationTest.java,,,,ASSERTION_ONLY
json_106_28,JSON-java,XMLConfigurationTest,,src/test/java/org/json/junit/XMLConfigurationTest.java,,,,ASSERTION_ONLY
json_106_29,JSON-java,XMLConfigurationTest,,src/test/java/org/json/junit/XMLConfigurationTest.java,,,,ASSERTION_ONLY
json_106_30,JSON-java,XMLConfigurationTest,,src/test/java/org/json/junit/XMLConfigurationTest.java,,,,ASSERTION_ONLY
json_106_31,JSON-java,XMLConfigurationTest,,src/test/java/org/json/junit/XMLConfigurationTest.java,,,,ASSERTION_ONLY
json_106_32,JSON-java,XMLConfigurationTest,,src/test/java/org/json/junit/XMLConfigurationTest.java,,,,ASSERTION_ONLY
json_106_33,JSON-java,XMLConfigurationTest,,src/test/java/org/json/junit/XMLConfigurationTest.java,,,,ASSERTION_ONLY
json_106_34,JSON-java,XMLConfigurationTest,,src/test/java/org/json/junit/XMLConfigurationTest.java,,,,ASSERTION_ONLY
json_106_35,JSON-java,XMLConfigurationTest,,src/test/java/org/json/junit/XMLConfigurationTest.java,,,,ASSERTION_ONLY
json_106_36,JSON-java,XMLConfigurationTest,,src/test/java/org/json/junit/XMLConfigurationTest.java,,,,ASSERTION_ONLY
json_106_37,JSON-java,XMLConfigurationTest,,src/test/java/org/json/junit/XMLConfigurationTest.java,,,,ASSERTION_ONLY
json_106_38,JSON-java,XMLConfigurationTest,,src/test/java/org/json/junit/XMLConfigurationTest.java,,,,ASSERTION_ONLY
json_106_39,JSON-java,XMLConfigurationTest,,src/test/java/org/json/junit/XMLConfigurationTest.java,,,,ASSERTION_ONLY
json_107_1,JSON-java,XMLConfigurationTest,,src/test/java/org/json/junit/XMLConfigurationTest.java,,,,ASSERTION_ONLY
json_108_1,JSON-java,XMLConfigurationTest,,src/test/java/org/json/junit/XMLConfigurationTest.java,,,,ASSERTION_ONLY
json_108_2,JSON-java,XMLConfigurationTest,,src/test/java/org/json/junit/XMLConfigurationTest.java,,,,ASSERTION_ONLY
json_108_3,JSON-java,XMLConfigurationTest,,src/test/java/org/json/junit/XMLConfigurationTest.java,,,,ASSERTION_ONLY
json_108_4,JSON-java,XMLConfigurationTest,,src/test/java/org/json/junit/XMLConfigurationTest.java,,,,ASSERTION_ONLY
json_109_1,JSON-java,XMLConfigurationTest,,src/test/java/org/json/junit/XMLConfigurationTest.java,,,,ASSERTION_ONLY
json_109_2,JSON-java,XMLConfigurationTest,,src/test/java/org/json/junit/XMLConfigurationTest.java,,,,ASSERTION_ONLY
json_109_3,JSON-java,XMLConfigurationTest,,src/test/java/org/json/junit/XMLConfigurationTest.java,,,,ASSERTION_ONLY
json_109_4,JSON-java,XMLConfigurationTest,,src/test/java/org/json/junit/XMLConfigurationTest.java,,,,ASSERTION_ONLY
json_109_5,JSON-java,XMLConfigurationTest,,src/test/java/org/json/junit/XMLConfigurationTest.java,,,,ASSERTION_ONLY
json_109_6,JSON-java,XMLConfigurationTest,,src/test/java/org/json/junit/XMLConfigurationTest.java,,,,ASSERTION_ONLY
json_109_7,JSON-java,XMLConfigurationTest,,src/test/java/org/json/junit/XMLConfigurationTest.java,,,,ASSERTION_ONLY
json_109_8,JSON-java,XMLConfigurationTest,,src/test/java/org/json/junit/XMLConfigurationTest.java,,,,ASSERTION_ONLY
json_109_9,JSON-java,XMLConfigurationTest,,src/test/java/org/json/junit/XMLConfigurationTest.java,,,,ASSERTION_ONLY
json_109_10,JSON-java,XMLConfigurationTest,,src/test/java/org/json/junit/XMLConfigurationTest.java,,,,ASSERTION_ONLY
json_109_11,JSON-java,XMLConfigurationTest,,src/test/java/org/json/junit/XMLConfigurationTest.java,,,,ASSERTION_ONLY
json_109_12,JSON-java,XMLConfigurationTest,,src/test/java/org/json/junit/XMLConfigurationTest.java,,,,ASSERTION_ONLY
json_110_1,JSON-java,XMLConfigurationTest,,src/test/java/org/json/junit/XMLConfigurationTest.java,,,,ASSERTION_ONLY
json_110_2,JSON-java,XMLConfigurationTest,,src/test/java/org/json/junit/XMLConfigurationTest.java,,,,ASSERTION_ONLY
json_110_3,JSON-java,XMLConfigurationTest,,src/test/java/org/json/junit/XMLConfigurationTest.java,,,,ASSERTION_ONLY
json_111_1,JSON-java,JSONObjectTest,,src/test/java/org/json/junit/JSONObjectTest.java,,,,ASSERTION_ONLY
json_111_2,JSON-java,JSONObjectTest,,src/test/java/org/json/junit/JSONObjectTest.java,,,,ASSERTION_ONLY
json_111_3,JSON-java,JSONObjectTest,,src/test/java/org/json/junit/JSONObjectTest.java,,,,ASSERTION_ONLY
json_111_4,JSON-java,JSONObjectTest,,src/test/java/org/json/junit/JSONObjectTest.java,,,,ASSERTION_ONLY
json_111_5,JSON-java,JSONObjectTest,,src/test/java/org/json/junit/JSONObjectTest.java,,,,ASSERTION_ONLY
json_111_6,JSON-java,JSONObjectTest,,src/test/java/org/json/junit/JSONObjectTest.java,,,,ASSERTION_ONLY
json_113_1,JSON-java,JSONObjectTest,,src/test/java/org/json/junit/JSONObjectTest.java,,,,ASSERTION_ONLY
json_114_1,JSON-java,JSONObjectTest,,src/test/java/org/json/junit/JSONObjectTest.java,,,,ASSERTION_ONLY
json_114_2,JSON-java,JSONObjectTest,,src/test/java/org/json/junit/JSONObjectTest.java,,,,ASSERTION_ONLY
json_114_3,JSON-java,JSONObjectTest,,src/test/java/org/json/junit/JSONObjectTest.java,,,,ASSERTION_ONLY
json_114_4,JSON-java,JSONObjectTest,,src/test/java/org/json/junit/JSONObjectTest.java,,,,ASSERTION_ONLY
json_115_1,JSON-java,JSONObjectTest,,src/test/java/org/json/junit/JSONObjectTest.java,,,,ASSERTION_ONLY
json_115_2,JSON-java,JSONObjectTest,,src/test/java/org/json/junit/JSONObjectTest.java,,,,ASSERTION_ONLY
json_115_3,JSON-java,JSONObjectTest,,src/test/java/org/json/junit/JSONObjectTest.java,,,,ASSERTION_ONLY
json_115_4,JSON-java,JSONObjectTest,,src/test/java/org/json/junit/JSONObjectTest.java,,,,ASSERTION_ONLY
json_116_1,JSON-java,JSONObjectTest,,src/test/java/org/json/junit/JSONObjectTest.java,,,,ASSERTION_ONLY
json_117_1,JSON-java,JSONObjectTest,,src/test/java/org/json/junit/JSONObjectTest.java,,,,ASSERTION_ONLY
json_117_2,JSON-java,JSONObjectTest,,src/test/java/org/json/junit/JSONObjectTest.java,,,,ASSERTION_ONLY
json_117_3,JSON-java,JSONObjectTest,,src/test/java/org/json/junit/JSONObjectTest.java,,,,ASSERTION_ONLY
json_117_4,JSON-java,JSONObjectTest,,src/test/java/org/json/junit/JSONObjectTest.java,,,,ASSERTION_ONLY
json_117_5,JSON-java,JSONObjectTest,,src/test/java/org/json/junit/JSONObjectTest.java,,,,ASSERTION_ONLY
json_118_1,JSON-java,JSONObjectTest,,src/test/java/org/json/junit/JSONObjectTest.java,,,,ASSERTION_ONLY
json_119_1,JSON-java,JSONObjectTest,,src/test/java/org/json/junit/JSONObjectTest.java,,,,ASSERTION_ONLY
json_119_2,JSON-java,JSONObjectTest,,src/test/java/org/json/junit/JSONObjectTest.java,,,,ASSERTION_ONLY
json_119_3,JSON-java,JSONObjectTest,,src/test/java/org/json/junit/JSONObjectTest.java,,,,ASSERTION_ONLY
json_119_4,JSON-java,JSONObjectTest,,src/test/java/org/json/junit/JSONObjectTest.java,,,,ASSERTION_ONLY
json_119_5,JSON-java,JSONObjectTest,,src/test/java/org/json/junit/JSONObjectTest.java,,,,ASSERTION_ONLY
json_119_6,JSON-java,JSONObjectTest,,src/test/java/org/json/junit/JSONObjectTest.java,,,,ASSERTION_ONLY
json_120_1,JSON-java,JSONObjectTest,,src/test/java/org/json/junit/JSONObjectTest.java,,,,ASSERTION_ONLY
json_120_2,JSON-java,JSONObjectTest,,src/test/java/org/json/junit/JSONObjectTest.java,,,,ASSERTION_ONLY
json_120_3,JSON-java,JSONObjectTest,,src/test/java/org/json/junit/JSONObjectTest.java,,,,ASSERTION_ONLY
json_120_4,JSON-java,JSONObjectTest,,src/test/java/org/json/junit/JSONObjectTest.java,,,,ASSERTION_ONLY
json_121_1,JSON-java,JSONObjectTest,,src/test/java/org/json/junit/JSONObjectTest.java,,,,ASSERTION_ONLY
json_121_2,JSON-java,JSONObjectTest,,src/test/java/org/json/junit/JSONObjectTest.java,,,,ASSERTION_ONLY
json_121_3,JSON-java,JSONObjectTest,,src/test/java/org/json/junit/JSONObjectTest.java,,,,ASSERTION_ONLY
json_121_4,JSON-java,JSONObjectTest,,src/test/java/org/json/junit/JSONObjectTest.java,,,,ASSERTION_ONLY
json_121_5,JSON-java,JSONObjectTest,,src/test/java/org/json/junit/JSONObjectTest.java,,,,ASSERTION_ONLY
json_121_6,JSON-java,JSONObjectTest,,src/test/java/org/json/junit/JSONObjectTest.java,,,,ASSERTION_ONLY
json_121_7,JSON-java,JSONObjectTest,,src/test/java/org/json/junit/JSONObjectTest.java,,,,ASSERTION_ONLY
json_121_8,JSON-java,JSONObjectTest,,src/test/java/org/json/junit/JSONObjectTest.java,,,,ASSERTION_ONLY
json_121_9,JSON-java,JSONObjectTest,,src/test/java/org/json/junit/JSONObjectTest.java,,,,ASSERTION_ONLY
json_122_1,JSON-java,JSONObjectTest,,src/test/java/org/json/junit/JSONObjectTest.java,,,,ASSERTION_ONLY
json_122_2,JSON-java,JSONObjectTest,,src/test/java/org/json/junit/JSONObjectTest.java,,,,ASSERTION_ONLY
json_122_3,JSON-java,JSONObjectTest,,src/test/java/org/json/junit/JSONObjectTest.java,,,,ASSERTION_ONLY
json_123_1,JSON-java,JSONObjectTest,,src/test/java/org/json/junit/JSONObjectTest.java,,,,ASSERTION_ONLY
json_123_2,JSON-java,JSONObjectTest,,src/test/java/org/json/junit/JSONObjectTest.java,,,,ASSERTION_ONLY
json_123_3,JSON-java,JSONObjectTest,,src/test/java/org/json/junit/JSONObjectTest.java,,,,ASSERTION_ONLY
json_123_4,JSON-java,JSONObjectTest,,src/test/java/org/json/junit/JSONObjectTest.java,,,,ASSERTION_ONLY
json_124_1,JSON-java,JSONObjectTest,,src/test/java/org/json/junit/JSONObjectTest.java,,,,ASSERTION_ONLY
json_124_2,JSON-java,JSONObjectTest,,src/test/java/org/json/junit/JSONObjectTest.java,,,,ASSERTION_ONLY
json_124_3,JSON-java,JSONObjectTest,,src/test/java/org/json/junit/JSONObjectTest.java,,,,ASSERTION_ONLY
json_125_1,JSON-java,JSONObjectTest,,src/test/java/org/json/junit/JSONObjectTest.java,,,,ASSERTION_ONLY
json_125_2,JSON-java,JSONObjectTest,,src/test/java/org/json/junit/JSONObjectTest.java,,,,ASSERTION_ONLY
json_125_3,JSON-java,JSONObjectTest,,src/test/java/org/json/junit/JSONObjectTest.java,,,,ASSERTION_ONLY
json_125_4,JSON-java,JSONObjectTest,,src/test/java/org/json/junit/JSONObjectTest.java,,,,ASSERTION_ONLY
json_125_5,JSON-java,JSONObjectTest,,src/test/java/org/json/junit/JSONObjectTest.java,,,,ASSERTION_ONLY
json_125_6,JSON-java,JSONObjectTest,,src/test/java/org/json/junit/JSONObjectTest.java,,,,ASSERTION_ONLY
json_125_7,JSON-java,JSONObjectTest,,src/test/java/org/json/junit/JSONObjectTest.java,,,,ASSERTION_ONLY
json_127_1,JSON-java,JSONObjectTest,,src/test/java/org/json/junit/JSONObjectTest.java,,,,ASSERTION_ONLY
json_127_2,JSON-java,JSONObjectTest,,src/test/java/org/json/junit/JSONObjectTest.java,,,,ASSERTION_ONLY
json_127_3,JSON-java,JSONObjectTest,,src/test/java/org/json/junit/JSONObjectTest.java,,,,ASSERTION_ONLY
json_127_4,JSON-java,JSONObjectTest,,src/test/java/org/json/junit/JSONObjectTest.java,,,,ASSERTION_ONLY
json_127_5,JSON-java,JSONObjectTest,,src/test/java/org/json/junit/JSONObjectTest.java,,,,ASSERTION_ONLY
json_127_6,JSON-java,JSONObjectTest,,src/test/java/org/json/junit/JSONObjectTest.java,,,,ASSERTION_ONLY
json_127_7,JSON-java,JSONObjectTest,,src/test/java/org/json/junit/JSONObjectTest.java,,,,ASSERTION_ONLY
json_127_8,JSON-java,JSONObjectTest,,src/test/java/org/json/junit/JSONObjectTest.java,,,,ASSERTION_ONLY
json_127_9,JSON-java,JSONObjectTest,,src/test/java/org/json/junit/JSONObjectTest.java,,,,ASSERTION_ONLY
json_127_10,JSON-java,JSONObjectTest,,src/test/java/org/json/junit/JSONObjectTest.java,,,,ASSERTION_ONLY
json_127_11,JSON-java,JSONObjectTest,,src/test/java/org/json/junit/JSONObjectTest.java,,,,ASSERTION_ONLY
json_128_1,JSON-java,JSONObjectTest,,src/test/java/org/json/junit/JSONObjectTest.java,,,,ASSERTION_ONLY
json_128_2,JSON-java,JSONObjectTest,,src/test/java/org/json/junit/JSONObjectTest.java,,,,ASSERTION_ONLY
json_128_3,JSON-java,JSONObjectTest,,src/test/java/org/json/junit/JSONObjectTest.java,,,,ASSERTION_ONLY
json_128_4,JSON-java,JSONObjectTest,,src/test/java/org/json/junit/JSONObjectTest.java,,,,ASSERTION_ONLY
json_128_5,JSON-java,JSONObjectTest,,src/test/java/org/json/junit/JSONObjectTest.java,,,,ASSERTION_ONLY
json_128_6,JSON-java,JSONObjectTest,,src/test/java/org/json/junit/JSONObjectTest.java,,,,ASSERTION_ONLY
json_128_7,JSON-java,JSONObjectTest,,src/test/java/org/json/junit/JSONObjectTest.java,,,,ASSERTION_ONLY
json_128_8,JSON-java,JSONObjectTest,,src/test/java/org/json/junit/JSONObjectTest.java,,,,ASSERTION_ONLY
json_128_9,JSON-java,JSONObjectTest,,src/test/java/org/json/junit/JSONObjectTest.java,,,,ASSERTION_ONLY
json_128_10,JSON-java,JSONObjectTest,,src/test/java/org/json/junit/JSONObjectTest.java,,,,ASSERTION_ONLY
json_128_11,JSON-java,JSONObjectTest,,src/test/java/org/json/junit/JSONObjectTest.java,,,,ASSERTION_ONLY
json_128_12,JSON-java,JSONObjectTest,,src/test/java/org/json/junit/JSONObjectTest.java,,,,ASSERTION_ONLY
json_128_13,JSON-java,JSONObjectTest,,src/test/java/org/json/junit/JSONObjectTest.java,,,,ASSERTION_ONLY
json_128_14,JSON-java,JSONObjectTest,,src/test/java/org/json/junit/JSONObjectTest.java,,,,ASSERTION_ONLY
json_128_15,JSON-java,JSONObjectTest,,src/test/java/org/json/junit/JSONObjectTest.java,,,,ASSERTION_ONLY
json_128_16,JSON-java,JSONObjectTest,,src/test/java/org/json/junit/JSONObjectTest.java,,,,ASSERTION_ONLY
json_129_1,JSON-java,JSONObjectTest,,src/test/java/org/json/junit/JSONObjectTest.java,,,,ASSERTION_ONLY
json_129_2,JSON-java,JSONObjectTest,,src/test/java/org/json/junit/JSONObjectTest.java,,,,ASSERTION_ONLY
json_129_3,JSON-java,JSONObjectTest,,src/test/java/org/json/junit/JSONObjectTest.java,,,,ASSERTION_ONLY
json_130_1,JSON-java,JSONObjectTest,,src/test/java/org/json/junit/JSONObjectTest.java,,,,ASSERTION_ONLY
json_130_2,JSON-java,JSONObjectTest,,src/test/java/org/json/junit/JSONObjectTest.java,,,,ASSERTION_ONLY
json_130_3,JSON-java,JSONObjectTest,,src/test/java/org/json/junit/JSONObjectTest.java,,,,ASSERTION_ONLY
json_130_4,JSON-java,JSONObjectTest,,src/test/java/org/json/junit/JSONObjectTest.java,,,,ASSERTION_ONLY
json_130_5,JSON-java,JSONObjectTest,,src/test/java/org/json/junit/JSONObjectTest.java,,,,ASSERTION_ONLY
json_130_6,JSON-java,JSONObjectTest,,src/test/java/org/json/junit/JSONObjectTest.java,,,,ASSERTION_ONLY
json_130_7,JSON-java,JSONObjectTest,,src/test/java/org/json/junit/JSONObjectTest.java,,,,ASSERTION_ONLY
json_131_2,JSON-java,JSONObjectTest,,src/test/java/org/json/junit/JSONObjectTest.java,,,,ASSERTION_ONLY
json_131_3,JSON-java,JSONObjectTest,,src/test/java/org/json/junit/JSONObjectTest.java,,,,ASSERTION_ONLY
json_131_4,JSON-java,JSONObjectTest,,src/test/java/org/json/junit/JSONObjectTest.java,,,,ASSERTION_ONLY
json_131_5,JSON-java,JSONObjectTest,,src/test/java/org/json/junit/JSONObjectTest.java,,,,ASSERTION_ONLY
json_131_6,JSON-java,JSONObjectTest,,src/test/java/org/json/junit/JSONObjectTest.java,,,,ASSERTION_ONLY
json_131_7,JSON-java,JSONObjectTest,,src/test/java/org/json/junit/JSONObjectTest.java,,,,ASSERTION_ONLY
json_131_8,JSON-java,JSONObjectTest,,src/test/java/org/json/junit/JSONObjectTest.java,,,,ASSERTION_ONLY
json_131_9,JSON-java,JSONObjectTest,,src/test/java/org/json/junit/JSONObjectTest.java,,,,ASSERTION_ONLY
json_132_2,JSON-java,JSONObjectTest,,src/test/java/org/json/junit/JSONObjectTest.java,,,,ASSERTION_ONLY
json_132_3,JSON-java,JSONObjectTest,,src/test/java/org/json/junit/JSONObjectTest.java,,,,ASSERTION_ONLY
json_132_4,JSON-java,JSONObjectTest,,src/test/java/org/json/junit/JSONObjectTest.java,,,,ASSERTION_ONLY
json_132_5,JSON-java,JSONObjectTest,,src/test/java/org/json/junit/JSONObjectTest.java,,,,ASSERTION_ONLY
json_132_6,JSON-java,JSONObjectTest,,src/test/java/org/json/junit/JSONObjectTest.java,,,,ASSERTION_ONLY
json_132_7,JSON-java,JSONObjectTest,,src/test/java/org/json/junit/JSONObjectTest.java,,,,ASSERTION_ONLY
json_132_8,JSON-java,JSONObjectTest,,src/test/java/org/json/junit/JSONObjectTest.java,,,,ASSERTION_ONLY
json_132_9,JSON-java,JSONObjectTest,,src/test/java/org/json/junit/JSONObjectTest.java,,,,ASSERTION_ONLY
json_133_1,JSON-java,JSONObjectTest,,src/test/java/org/json/junit/JSONObjectTest.java,,,,ASSERTION_ONLY
json_134_1,JSON-java,JSONObjectTest,,src/test/java/org/json/junit/JSONObjectTest.java,,,,ASSERTION_ONLY
json_134_2,JSON-java,JSONObjectTest,,src/test/java/org/json/junit/JSONObjectTest.java,,,,ASSERTION_ONLY
json_134_3,JSON-java,JSONObjectTest,,src/test/java/org/json/junit/JSONObjectTest.java,,,,ASSERTION_ONLY
json_134_4,JSON-java,JSONObjectTest,,src/test/java/org/json/junit/JSONObjectTest.java,,,,ASSERTION_ONLY
json_134_5,JSON-java,JSONObjectTest,,src/test/java/org/json/junit/JSONObjectTest.java,,,,ASSERTION_ONLY
json_134_6,JSON-java,JSONObjectTest,,src/test/java/org/json/junit/JSONObjectTest.java,,,,ASSERTION_ONLY
json_134_7,JSON-java,JSONObjectTest,,src/test/java/org/json/junit/JSONObjectTest.java,,,,ASSERTION_ONLY
json_134_8,JSON-java,JSONObjectTest,,src/test/java/org/json/junit/JSONObjectTest.java,,,,ASSERTION_ONLY
json_134_9,JSON-java,JSONObjectTest,,src/test/java/org/json/junit/JSONObjectTest.java,,,,ASSERTION_ONLY
json_134_10,JSON-java,JSONObjectTest,,src/test/java/org/json/junit/JSONObjectTest.java,,,,ASSERTION_ONLY
json_134_11,JSON-java,JSONObjectTest,,src/test/java/org/json/junit/JSONObjectTest.java,,,,ASSERTION_ONLY
json_134_12,JSON-java,JSONObjectTest,,src/test/java/org/json/junit/JSONObjectTest.java,,,,ASSERTION_ONLY
json_134_13,JSON-java,JSONObjectTest,,src/test/java/org/json/junit/JSONObjectTest.java,,,,ASSERTION_ONLY
json_134_14,JSON-java,JSONObjectTest,,src/test/java/org/json/junit/JSONObjectTest.java,,,,ASSERTION_ONLY
json_134_15,JSON-java,JSONObjectTest,,src/test/java/org/json/junit/JSONObjectTest.java,,,,ASSERTION_ONLY
json_134_16,JSON-java,JSONObjectTest,,src/test/java/org/json/junit/JSONObjectTest.java,,,,ASSERTION_ONLY
json_134_17,JSON-java,JSONObjectTest,,src/test/java/org/json/junit/JSONObjectTest.java,,,,ASSERTION_ONLY
json_134_18,JSON-java,JSONObjectTest,,src/test/java/org/json/junit/JSONObjectTest.java,,,,ASSERTION_ONLY
json_134_19,JSON-java,JSONObjectTest,,src/test/java/org/json/junit/JSONObjectTest.java,,,,ASSERTION_ONLY
json_134_20,JSON-java,JSONObjectTest,,src/test/java/org/json/junit/JSONObjectTest.java,,,,ASSERTION_ONLY
json_134_21,JSON-java,JSONObjectTest,,src/test/java/org/json/junit/JSONObjectTest.java,,,,ASSERTION_ONLY
json_134_22,JSON-java,JSONObjectTest,,src/test/java/org/json/junit/JSONObjectTest.java,,,,ASSERTION_ONLY
json_134_23,JSON-java,JSONObjectTest,,src/test/java/org/json/junit/JSONObjectTest.java,,,,ASSERTION_ONLY
json_134_24,JSON-java,JSONObjectTest,,src/test/java/org/json/junit/JSONObjectTest.java,,,,ASSERTION_ONLY
json_134_25,JSON-java,JSONObjectTest,,src/test/java/org/json/junit/JSONObjectTest.java,,,,ASSERTION_ONLY
json_134_26,JSON-java,JSONObjectTest,,src/test/java/org/json/junit/JSONObjectTest.java,,,,ASSERTION_ONLY
json_134_27,JSON-java,JSONObjectTest,,src/test/java/org/json/junit/JSONObjectTest.java,,,,ASSERTION_ONLY
json_134_28,JSON-java,JSONObjectTest,,src/test/java/org/json/junit/JSONObjectTest.java,,,,ASSERTION_ONLY
json_134_29,JSON-java,JSONObjectTest,,src/test/java/org/json/junit/JSONObjectTest.java,,,,ASSERTION_ONLY
json_134_30,JSON-java,JSONObjectTest,,src/test/java/org/json/junit/JSONObjectTest.java,,,,ASSERTION_ONLY
json_134_31,JSON-java,JSONObjectTest,,src/test/java/org/json/junit/JSONObjectTest.java,,,,ASSERTION_ONLY
json_134_32,JSON-java,JSONObjectTest,,src/test/java/org/json/junit/JSONObjectTest.java,,,,ASSERTION_ONLY
json_134_33,JSON-java,JSONObjectTest,,src/test/java/org/json/junit/JSONObjectTest.java,,,,ASSERTION_ONLY
json_134_34,JSON-java,JSONObjectTest,,src/test/java/org/json/junit/JSONObjectTest.java,,,,ASSERTION_ONLY
json_134_35,JSON-java,JSONObjectTest,,src/test/java/org/json/junit/JSONObjectTest.java,,,,ASSERTION_ONLY
json_134_36,JSON-java,JSONObjectTest,,src/test/java/org/json/junit/JSONObjectTest.java,,,,ASSERTION_ONLY
json_134_37,JSON-java,JSONObjectTest,,src/test/java/org/json/junit/JSONObjectTest.java,,,,ASSERTION_ONLY
json_134_38,JSON-java,JSONObjectTest,,src/test/java/org/json/junit/JSONObjectTest.java,,,,ASSERTION_ONLY
json_134_39,JSON-java,JSONObjectTest,,src/test/java/org/json/junit/JSONObjectTest.java,,,,ASSERTION_ONLY
json_134_40,JSON-java,JSONObjectTest,,src/test/java/org/json/junit/JSONObjectTest.java,,,,ASSERTION_ONLY
json_134_41,JSON-java,JSONObjectTest,,src/test/java/org/json/junit/JSONObjectTest.java,,,,ASSERTION_ONLY
json_134_42,JSON-java,JSONObjectTest,,src/test/java/org/json/junit/JSONObjectTest.java,,,,ASSERTION_ONLY
json_134_43,JSON-java,JSONObjectTest,,src/test/java/org/json/junit/JSONObjectTest.java,,,,ASSERTION_ONLY
json_134_44,JSON-java,JSONObjectTest,,src/test/java/org/json/junit/JSONObjectTest.java,,,,ASSERTION_ONLY
json_134_45,JSON-java,JSONObjectTest,,src/test/java/org/json/junit/JSONObjectTest.java,,,,ASSERTION_ONLY
json_135_1,JSON-java,JSONObjectTest,,src/test/java/org/json/junit/JSONObjectTest.java,,,,ASSERTION_ONLY
json_135_2,JSON-java,JSONObjectTest,,src/test/java/org/json/junit/JSONObjectTest.java,,,,ASSERTION_ONLY
json_135_3,JSON-java,JSONObjectTest,,src/test/java/org/json/junit/JSONObjectTest.java,,,,ASSERTION_ONLY
json_135_4,JSON-java,JSONObjectTest,,src/test/java/org/json/junit/JSONObjectTest.java,,,,ASSERTION_ONLY
json_135_5,JSON-java,JSONObjectTest,,src/test/java/org/json/junit/JSONObjectTest.java,,,,ASSERTION_ONLY
json_135_6,JSON-java,JSONObjectTest,,src/test/java/org/json/junit/JSONObjectTest.java,,,,ASSERTION_ONLY
json_135_7,JSON-java,JSONObjectTest,,src/test/java/org/json/junit/JSONObjectTest.java,,,,ASSERTION_ONLY
json_135_8,JSON-java,JSONObjectTest,,src/test/java/org/json/junit/JSONObjectTest.java,,,,ASSERTION_ONLY
json_135_9,JSON-java,JSONObjectTest,,src/test/java/org/json/junit/JSONObjectTest.java,,,,ASSERTION_ONLY
json_135_10,JSON-java,JSONObjectTest,,src/test/java/org/json/junit/JSONObjectTest.java,,,,ASSERTION_ONLY
json_135_11,JSON-java,JSONObjectTest,,src/test/java/org/json/junit/JSONObjectTest.java,,,,ASSERTION_ONLY
json_136_1,JSON-java,JSONObjectTest,,src/test/java/org/json/junit/JSONObjectTest.java,,,,ASSERTION_ONLY
json_136_2,JSON-java,JSONObjectTest,,src/test/java/org/json/junit/JSONObjectTest.java,,,,ASSERTION_ONLY
json_136_3,JSON-java,JSONObjectTest,,src/test/java/org/json/junit/JSONObjectTest.java,,,,ASSERTION_ONLY
json_136_4,JSON-java,JSONObjectTest,,src/test/java/org/json/junit/JSONObjectTest.java,,,,ASSERTION_ONLY
json_137_1,JSON-java,JSONObjectTest,,src/test/java/org/json/junit/JSONObjectTest.java,,,,ASSERTION_ONLY
json_137_2,JSON-java,JSONObjectTest,,src/test/java/org/json/junit/JSONObjectTest.java,,,,ASSERTION_ONLY
json_137_3,JSON-java,JSONObjectTest,,src/test/java/org/json/junit/JSONObjectTest.java,,,,ASSERTION_ONLY
json_137_4,JSON-java,JSONObjectTest,,src/test/java/org/json/junit/JSONObjectTest.java,,,,ASSERTION_ONLY
json_137_5,JSON-java,JSONObjectTest,,src/test/java/org/json/junit/JSONObjectTest.java,,,,ASSERTION_ONLY
json_137_6,JSON-java,JSONObjectTest,,src/test/java/org/json/junit/JSONObjectTest.java,,,,ASSERTION_ONLY
json_137_7,JSON-java,JSONObjectTest,,src/test/java/org/json/junit/JSONObjectTest.java,,,,ASSERTION_ONLY
json_137_8,JSON-java,JSONObjectTest,,src/test/java/org/json/junit/JSONObjectTest.java,,,,ASSERTION_ONLY
json_137_9,JSON-java,JSONObjectTest,,src/test/java/org/json/junit/JSONObjectTest.java,,,,ASSERTION_ONLY
json_137_10,JSON-java,JSONObjectTest,,src/test/java/org/json/junit/JSONObjectTest.java,,,,ASSERTION_ONLY
json_137_11,JSON-java,JSONObjectTest,,src/test/java/org/json/junit/JSONObjectTest.java,,,,ASSERTION_ONLY
json_138_2,JSON-java,JSONObjectTest,,src/test/java/org/json/junit/JSONObjectTest.java,,,,MUST_THROW_WITH_PROPERTIES
json_138_6,JSON-java,JSONObjectTest,,src/test/java/org/json/junit/JSONObjectTest.java,,,,MUST_THROW_WITH_PROPERTIES
json_138_10,JSON-java,JSONObjectTest,,src/test/java/org/json/junit/JSONObjectTest.java,,,,MUST_THROW_WITH_PROPERTIES
json_138_14,JSON-java,JSONObjectTest,,src/test/java/org/json/junit/JSONObjectTest.java,,,,MUST_THROW_WITH_PROPERTIES
json_138_18,JSON-java,JSONObjectTest,,src/test/java/org/json/junit/JSONObjectTest.java,,,,MUST_THROW_WITH_PROPERTIES
json_138_22,JSON-java,JSONObjectTest,,src/test/java/org/json/junit/JSONObjectTest.java,,,,MUST_THROW_WITH_PROPERTIES
json_138_26,JSON-java,JSONObjectTest,,src/test/java/org/json/junit/JSONObjectTest.java,,,,MUST_THROW_WITH_PROPERTIES
json_138_30,JSON-java,JSONObjectTest,,src/test/java/org/json/junit/JSONObjectTest.java,,,,MUST_THROW_WITH_PROPERTIES
json_139_1,JSON-java,JSONObjectTest,,src/test/java/org/json/junit/JSONObjectTest.java,,,,ASSERTION_ONLY
json_139_2,JSON-java,JSONObjectTest,,src/test/java/org/json/junit/JSONObjectTest.java,,,,ASSERTION_ONLY
json_139_3,JSON-java,JSONObjectTest,,src/test/java/org/json/junit/JSONObjectTest.java,,,,ASSERTION_ONLY
json_139_4,JSON-java,JSONObjectTest,,src/test/java/org/json/junit/JSONObjectTest.java,,,,ASSERTION_ONLY
json_139_5,JSON-java,JSONObjectTest,,src/test/java/org/json/junit/JSONObjectTest.java,,,,ASSERTION_ONLY
json_140_1,JSON-java,JSONObjectTest,,src/test/java/org/json/junit/JSONObjectTest.java,,,,ASSERTION_ONLY
json_140_2,JSON-java,JSONObjectTest,,src/test/java/org/json/junit/JSONObjectTest.java,,,,ASSERTION_ONLY
json_140_3,JSON-java,JSONObjectTest,,src/test/java/org/json/junit/JSONObjectTest.java,,,,ASSERTION_ONLY
json_140_4,JSON-java,JSONObjectTest,,src/test/java/org/json/junit/JSONObjectTest.java,,,,ASSERTION_ONLY
json_140_5,JSON-java,JSONObjectTest,,src/test/java/org/json/junit/JSONObjectTest.java,,,,ASSERTION_ONLY
json_140_6,JSON-java,JSONObjectTest,,src/test/java/org/json/junit/JSONObjectTest.java,,,,ASSERTION_ONLY
json_140_7,JSON-java,JSONObjectTest,,src/test/java/org/json/junit/JSONObjectTest.java,,,,ASSERTION_ONLY
json_140_8,JSON-java,JSONObjectTest,,src/test/java/org/json/junit/JSONObjectTest.java,,,,ASSERTION_ONLY
json_140_9,JSON-java,JSONObjectTest,,src/test/java/org/json/junit/JSONObjectTest.java,,,,ASSERTION_ONLY
json_140_10,JSON-java,JSONObjectTest,,src/test/java/org/json/junit/JSONObjectTest.java,,,,ASSERTION_ONLY
json_140_11,JSON-java,JSONObjectTest,,src/test/java/org/json/junit/JSONObjectTest.java,,,,ASSERTION_ONLY
json_140_12,JSON-java,JSONObjectTest,,src/test/java/org/json/junit/JSONObjectTest.java,,,,ASSERTION_ONLY
json_140_13,JSON-java,JSONObjectTest,,src/test/java/org/json/junit/JSONObjectTest.java,,,,ASSERTION_ONLY
json_140_14,JSON-java,JSONObjectTest,,src/test/java/org/json/junit/JSONObjectTest.java,,,,ASSERTION_ONLY
json_141_1,JSON-java,JSONObjectTest,,src/test/java/org/json/junit/JSONObjectTest.java,,,,ASSERTION_ONLY
json_141_2,JSON-java,JSONObjectTest,,src/test/java/org/json/junit/JSONObjectTest.java,,,,ASSERTION_ONLY
json_141_3,JSON-java,JSONObjectTest,,src/test/java/org/json/junit/JSONObjectTest.java,,,,ASSERTION_ONLY
json_141_4,JSON-java,JSONObjectTest,,src/test/java/org/json/junit/JSONObjectTest.java,,,,ASSERTION_ONLY
json_141_5,JSON-java,JSONObjectTest,,src/test/java/org/json/junit/JSONObjectTest.java,,,,ASSERTION_ONLY
json_141_6,JSON-java,JSONObjectTest,,src/test/java/org/json/junit/JSONObjectTest.java,,,,ASSERTION_ONLY
json_141_7,JSON-java,JSONObjectTest,,src/test/java/org/json/junit/JSONObjectTest.java,,,,ASSERTION_ONLY
json_141_8,JSON-java,JSONObjectTest,,src/test/java/org/json/junit/JSONObjectTest.java,,,,ASSERTION_ONLY
json_141_9,JSON-java,JSONObjectTest,,src/test/java/org/json/junit/JSONObjectTest.java,,,,ASSERTION_ONLY
json_141_10,JSON-java,JSONObjectTest,,src/test/java/org/json/junit/JSONObjectTest.java,,,,ASSERTION_ONLY
json_141_11,JSON-java,JSONObjectTest,,src/test/java/org/json/junit/JSONObjectTest.java,,,,ASSERTION_ONLY
json_141_12,JSON-java,JSONObjectTest,,src/test/java/org/json/junit/JSONObjectTest.java,,,,ASSERTION_ONLY
json_141_13,JSON-java,JSONObjectTest,,src/test/java/org/json/junit/JSONObjectTest.java,,,,ASSERTION_ONLY
json_141_14,JSON-java,JSONObjectTest,,src/test/java/org/json/junit/JSONObjectTest.java,,,,ASSERTION_ONLY
json_141_15,JSON-java,JSONObjectTest,,src/test/java/org/json/junit/JSONObjectTest.java,,,,ASSERTION_ONLY
json_142_1,JSON-java,JSONObjectTest,,src/test/java/org/json/junit/JSONObjectTest.java,,,,ASSERTION_ONLY
json_143_1,JSON-java,JSONObjectTest,,src/test/java/org/json/junit/JSONObjectTest.java,,,,ASSERTION_ONLY
json_143_2,JSON-java,JSONObjectTest,,src/test/java/org/json/junit/JSONObjectTest.java,,,,ASSERTION_ONLY
json_143_3,JSON-java,JSONObjectTest,,src/test/java/org/json/junit/JSONObjectTest.java,,,,ASSERTION_ONLY
json_143_4,JSON-java,JSONObjectTest,,src/test/java/org/json/junit/JSONObjectTest.java,,,,ASSERTION_ONLY
json_144_1,JSON-java,JSONObjectTest,,src/test/java/org/json/junit/JSONObjectTest.java,,,,ASSERTION_ONLY
json_144_2,JSON-java,JSONObjectTest,,src/test/java/org/json/junit/JSONObjectTest.java,,,,ASSERTION_ONLY
json_144_3,JSON-java,JSONObjectTest,,src/test/java/org/json/junit/JSONObjectTest.java,,,,ASSERTION_ONLY
json_144_4,JSON-java,JSONObjectTest,,src/test/java/org/json/junit/JSONObjectTest.java,,,,ASSERTION_ONLY
json_144_5,JSON-java,JSONObjectTest,,src/test/java/org/json/junit/JSONObjectTest.java,,,,ASSERTION_ONLY
json_144_6,JSON-java,JSONObjectTest,,src/test/java/org/json/junit/JSONObjectTest.java,,,,ASSERTION_ONLY
json_144_7,JSON-java,JSONObjectTest,,src/test/java/org/json/junit/JSONObjectTest.java,,,,ASSERTION_ONLY
json_144_8,JSON-java,JSONObjectTest,,src/test/java/org/json/junit/JSONObjectTest.java,,,,ASSERTION_ONLY
json_144_9,JSON-java,JSONObjectTest,,src/test/java/org/json/junit/JSONObjectTest.java,,,,ASSERTION_ONLY
json_144_10,JSON-java,JSONObjectTest,,src/test/java/org/json/junit/JSONObjectTest.java,,,,ASSERTION_ONLY
json_144_11,JSON-java,JSONObjectTest,,src/test/java/org/json/junit/JSONObjectTest.java,,,,ASSERTION_ONLY
json_144_12,JSON-java,JSONObjectTest,,src/test/java/org/json/junit/JSONObjectTest.java,,,,ASSERTION_ONLY
json_144_13,JSON-java,JSONObjectTest,,src/test/java/org/json/junit/JSONObjectTest.java,,,,ASSERTION_ONLY
json_144_14,JSON-java,JSONObjectTest,,src/test/java/org/json/junit/JSONObjectTest.java,,,,ASSERTION_ONLY
json_145_1,JSON-java,JSONObjectTest,,src/test/java/org/json/junit/JSONObjectTest.java,,,,ASSERTION_ONLY
json_145_2,JSON-java,JSONObjectTest,,src/test/java/org/json/junit/JSONObjectTest.java,,,,ASSERTION_ONLY
json_145_3,JSON-java,JSONObjectTest,,src/test/java/org/json/junit/JSONObjectTest.java,,,,ASSERTION_ONLY
json_145_4,JSON-java,JSONObjectTest,,src/test/java/org/json/junit/JSONObjectTest.java,,,,ASSERTION_ONLY
json_146_1,JSON-java,JSONObjectTest,,src/test/java/org/json/junit/JSONObjectTest.java,,,,ASSERTION_ONLY
json_146_2,JSON-java,JSONObjectTest,,src/test/java/org/json/junit/JSONObjectTest.java,,,,ASSERTION_ONLY
json_146_3,JSON-java,JSONObjectTest,,src/test/java/org/json/junit/JSONObjectTest.java,,,,ASSERTION_ONLY
json_146_4,JSON-java,JSONObjectTest,,src/test/java/org/json/junit/JSONObjectTest.java,,,,ASSERTION_ONLY
json_146_5,JSON-java,JSONObjectTest,,src/test/java/org/json/junit/JSONObjectTest.java,,,,ASSERTION_ONLY
json_146_6,JSON-java,JSONObjectTest,,src/test/java/org/json/junit/JSONObjectTest.java,,,,ASSERTION_ONLY
json_146_7,JSON-java,JSONObjectTest,,src/test/java/org/json/junit/JSONObjectTest.java,,,,ASSERTION_ONLY
json_146_8,JSON-java,JSONObjectTest,,src/test/java/org/json/junit/JSONObjectTest.java,,,,ASSERTION_ONLY
json_146_9,JSON-java,JSONObjectTest,,src/test/java/org/json/junit/JSONObjectTest.java,,,,ASSERTION_ONLY
json_146_10,JSON-java,JSONObjectTest,,src/test/java/org/json/junit/JSONObjectTest.java,,,,ASSERTION_ONLY
json_146_11,JSON-java,JSONObjectTest,,src/test/java/org/json/junit/JSONObjectTest.java,,,,ASSERTION_ONLY
json_146_12,JSON-java,JSONObjectTest,,src/test/java/org/json/junit/JSONObjectTest.java,,,,ASSERTION_ONLY
json_146_13,JSON-java,JSONObjectTest,,src/test/java/org/json/junit/JSONObjectTest.java,,,,ASSERTION_ONLY
json_146_14,JSON-java,JSONObjectTest,,src/test/java/org/json/junit/JSONObjectTest.java,,,,ASSERTION_ONLY
json_146_15,JSON-java,JSONObjectTest,,src/test/java/org/json/junit/JSONObjectTest.java,,,,ASSERTION_ONLY
json_146_16,JSON-java,JSONObjectTest,,src/test/java/org/json/junit/JSONObjectTest.java,,,,ASSERTION_ONLY
json_146_17,JSON-java,JSONObjectTest,,src/test/java/org/json/junit/JSONObjectTest.java,,,,ASSERTION_ONLY
json_147_1,JSON-java,JSONObjectTest,,src/test/java/org/json/junit/JSONObjectTest.java,,,,ASSERTION_ONLY
json_147_2,JSON-java,JSONObjectTest,,src/test/java/org/json/junit/JSONObjectTest.java,,,,ASSERTION_ONLY
json_147_3,JSON-java,JSONObjectTest,,src/test/java/org/json/junit/JSONObjectTest.java,,,,ASSERTION_ONLY
json_147_4,JSON-java,JSONObjectTest,,src/test/java/org/json/junit/JSONObjectTest.java,,,,ASSERTION_ONLY
json_147_5,JSON-java,JSONObjectTest,,src/test/java/org/json/junit/JSONObjectTest.java,,,,ASSERTION_ONLY
json_147_6,JSON-java,JSONObjectTest,,src/test/java/org/json/junit/JSONObjectTest.java,,,,ASSERTION_ONLY
json_147_7,JSON-java,JSONObjectTest,,src/test/java/org/json/junit/JSONObjectTest.java,,,,ASSERTION_ONLY
json_147_8,JSON-java,JSONObjectTest,,src/test/java/org/json/junit/JSONObjectTest.java,,,,ASSERTION_ONLY
json_147_9,JSON-java,JSONObjectTest,,src/test/java/org/json/junit/JSONObjectTest.java,,,,ASSERTION_ONLY
json_147_10,JSON-java,JSONObjectTest,,src/test/java/org/json/junit/JSONObjectTest.java,,,,ASSERTION_ONLY
json_147_11,JSON-java,JSONObjectTest,,src/test/java/org/json/junit/JSONObjectTest.java,,,,ASSERTION_ONLY
json_147_12,JSON-java,JSONObjectTest,,src/test/java/org/json/junit/JSONObjectTest.java,,,,ASSERTION_ONLY
json_148_1,JSON-java,JSONObjectTest,,src/test/java/org/json/junit/JSONObjectTest.java,,,,ASSERTION_ONLY
json_148_2,JSON-java,JSONObjectTest,,src/test/java/org/json/junit/JSONObjectTest.java,,,,ASSERTION_ONLY
json_148_3,JSON-java,JSONObjectTest,,src/test/java/org/json/junit/JSONObjectTest.java,,,,ASSERTION_ONLY
json_148_4,JSON-java,JSONObjectTest,,src/test/java/org/json/junit/JSONObjectTest.java,,,,ASSERTION_ONLY
json_148_5,JSON-java,JSONObjectTest,,src/test/java/org/json/junit/JSONObjectTest.java,,,,ASSERTION_ONLY
json_149_1,JSON-java,JSONObjectTest,,src/test/java/org/json/junit/JSONObjectTest.java,,,,ASSERTION_ONLY
json_149_2,JSON-java,JSONObjectTest,,src/test/java/org/json/junit/JSONObjectTest.java,,,,ASSERTION_ONLY
json_149_3,JSON-java,JSONObjectTest,,src/test/java/org/json/junit/JSONObjectTest.java,,,,ASSERTION_ONLY
json_150_1,JSON-java,JSONObjectTest,,src/test/java/org/json/junit/JSONObjectTest.java,,,,ASSERTION_ONLY
json_150_2,JSON-java,JSONObjectTest,,src/test/java/org/json/junit/JSONObjectTest.java,,,,ASSERTION_ONLY
json_150_3,JSON-java,JSONObjectTest,,src/test/java/org/json/junit/JSONObjectTest.java,,,,ASSERTION_ONLY
json_151_1,JSON-java,JSONObjectTest,,src/test/java/org/json/junit/JSONObjectTest.java,,,,ASSERTION_ONLY
json_151_2,JSON-java,JSONObjectTest,,src/test/java/org/json/junit/JSONObjectTest.java,,,,ASSERTION_ONLY
json_151_3,JSON-java,JSONObjectTest,,src/test/java/org/json/junit/JSONObjectTest.java,,,,ASSERTION_ONLY
json_151_4,JSON-java,JSONObjectTest,,src/test/java/org/json/junit/JSONObjectTest.java,,,,ASSERTION_ONLY
json_151_5,JSON-java,JSONObjectTest,,src/test/java/org/json/junit/JSONObjectTest.java,,,,ASSERTION_ONLY
json_151_6,JSON-java,JSONObjectTest,,src/test/java/org/json/junit/JSONObjectTest.java,,,,ASSERTION_ONLY
json_151_7,JSON-java,JSONObjectTest,,src/test/java/org/json/junit/JSONObjectTest.java,,,,ASSERTION_ONLY
json_151_8,JSON-java,JSONObjectTest,,src/test/java/org/json/junit/JSONObjectTest.java,,,,ASSERTION_ONLY
json_151_9,JSON-java,JSONObjectTest,,src/test/java/org/json/junit/JSONObjectTest.java,,,,ASSERTION_ONLY
json_152_1,JSON-java,JSONObjectTest,,src/test/java/org/json/junit/JSONObjectTest.java,,,,ASSERTION_ONLY
json_152_2,JSON-java,JSONObjectTest,,src/test/java/org/json/junit/JSONObjectTest.java,,,,ASSERTION_ONLY
json_153_1,JSON-java,JSONObjectTest,,src/test/java/org/json/junit/JSONObjectTest.java,,,,ASSERTION_ONLY
json_153_2,JSON-java,JSONObjectTest,,src/test/java/org/json/junit/JSONObjectTest.java,,,,ASSERTION_ONLY
json_153_3,JSON-java,JSONObjectTest,,src/test/java/org/json/junit/JSONObjectTest.java,,,,ASSERTION_ONLY
json_153_4,JSON-java,JSONObjectTest,,src/test/java/org/json/junit/JSONObjectTest.java,,,,ASSERTION_ONLY
json_153_5,JSON-java,JSONObjectTest,,src/test/java/org/json/junit/JSONObjectTest.java,,,,ASSERTION_ONLY
json_153_6,JSON-java,JSONObjectTest,,src/test/java/org/json/junit/JSONObjectTest.java,,,,ASSERTION_ONLY
json_153_7,JSON-java,JSONObjectTest,,src/test/java/org/json/junit/JSONObjectTest.java,,,,ASSERTION_ONLY
json_153_8,JSON-java,JSONObjectTest,,src/test/java/org/json/junit/JSONObjectTest.java,,,,ASSERTION_ONLY
json_153_9,JSON-java,JSONObjectTest,,src/test/java/org/json/junit/JSONObjectTest.java,,,,ASSERTION_ONLY
json_153_10,JSON-java,JSONObjectTest,,src/test/java/org/json/junit/JSONObjectTest.java,,,,ASSERTION_ONLY
json_153_11,JSON-java,JSONObjectTest,,src/test/java/org/json/junit/JSONObjectTest.java,,,,ASSERTION_ONLY
json_153_12,JSON-java,JSONObjectTest,,src/test/java/org/json/junit/JSONObjectTest.java,,,,ASSERTION_ONLY
json_153_13,JSON-java,JSONObjectTest,,src/test/java/org/json/junit/JSONObjectTest.java,,,,ASSERTION_ONLY
json_153_14,JSON-java,JSONObjectTest,,src/test/java/org/json/junit/JSONObjectTest.java,,,,ASSERTION_ONLY
json_153_15,JSON-java,JSONObjectTest,,src/test/java/org/json/junit/JSONObjectTest.java,,,,ASSERTION_ONLY
json_153_16,JSON-java,JSONObjectTest,,src/test/java/org/json/junit/JSONObjectTest.java,,,,ASSERTION_ONLY
json_153_17,JSON-java,JSONObjectTest,,src/test/java/org/json/junit/JSONObjectTest.java,,,,ASSERTION_ONLY
json_153_18,JSON-java,JSONObjectTest,,src/test/java/org/json/junit/JSONObjectTest.java,,,,ASSERTION_ONLY
json_153_19,JSON-java,JSONObjectTest,,src/test/java/org/json/junit/JSONObjectTest.java,,,,ASSERTION_ONLY
json_153_20,JSON-java,JSONObjectTest,,src/test/java/org/json/junit/JSONObjectTest.java,,,,ASSERTION_ONLY
json_154_2,JSON-java,JSONObjectTest,,src/test/java/org/json/junit/JSONObjectTest.java,,,,IF_THROWN_ASSERT
json_155_4,JSON-java,JSONObjectTest,,src/test/java/org/json/junit/JSONObjectTest.java,,,,IF_THROWN_ASSERT
json_155_8,JSON-java,JSONObjectTest,,src/test/java/org/json/junit/JSONObjectTest.java,,,,IF_THROWN_ASSERT
json_156_1,JSON-java,JSONObjectTest,,src/test/java/org/json/junit/JSONObjectTest.java,,,,ASSERTION_ONLY
json_156_2,JSON-java,JSONObjectTest,,src/test/java/org/json/junit/JSONObjectTest.java,,,,ASSERTION_ONLY
json_156_3,JSON-java,JSONObjectTest,,src/test/java/org/json/junit/JSONObjectTest.java,,,,ASSERTION_ONLY
json_157_1,JSON-java,JSONObjectTest,,src/test/java/org/json/junit/JSONObjectTest.java,,,,ASSERTION_ONLY
json_157_2,JSON-java,JSONObjectTest,,src/test/java/org/json/junit/JSONObjectTest.java,,,,ASSERTION_ONLY
json_157_3,JSON-java,JSONObjectTest,,src/test/java/org/json/junit/JSONObjectTest.java,,,,ASSERTION_ONLY
json_157_4,JSON-java,JSONObjectTest,,src/test/java/org/json/junit/JSONObjectTest.java,,,,ASSERTION_ONLY
json_157_5,JSON-java,JSONObjectTest,,src/test/java/org/json/junit/JSONObjectTest.java,,,,ASSERTION_ONLY
json_157_6,JSON-java,JSONObjectTest,,src/test/java/org/json/junit/JSONObjectTest.java,,,,ASSERTION_ONLY
json_157_7,JSON-java,JSONObjectTest,,src/test/java/org/json/junit/JSONObjectTest.java,,,,ASSERTION_ONLY
json_157_8,JSON-java,JSONObjectTest,,src/test/java/org/json/junit/JSONObjectTest.java,,,,ASSERTION_ONLY
json_157_9,JSON-java,JSONObjectTest,,src/test/java/org/json/junit/JSONObjectTest.java,,,,ASSERTION_ONLY
json_157_10,JSON-java,JSONObjectTest,,src/test/java/org/json/junit/JSONObjectTest.java,,,,ASSERTION_ONLY
json_157_11,JSON-java,JSONObjectTest,,src/test/java/org/json/junit/JSONObjectTest.java,,,,ASSERTION_ONLY
json_157_12,JSON-java,JSONObjectTest,,src/test/java/org/json/junit/JSONObjectTest.java,,,,ASSERTION_ONLY
json_158_1,JSON-java,JSONObjectTest,,src/test/java/org/json/junit/JSONObjectTest.java,,,,ASSERTION_ONLY
json_158_2,JSON-java,JSONObjectTest,,src/test/java/org/json/junit/JSONObjectTest.java,,,,ASSERTION_ONLY
json_158_3,JSON-java,JSONObjectTest,,src/test/java/org/json/junit/JSONObjectTest.java,,,,ASSERTION_ONLY
json_158_4,JSON-java,JSONObjectTest,,src/test/java/org/json/junit/JSONObjectTest.java,,,,ASSERTION_ONLY
json_158_5,JSON-java,JSONObjectTest,,src/test/java/org/json/junit/JSONObjectTest.java,,,,ASSERTION_ONLY
json_158_6,JSON-java,JSONObjectTest,,src/test/java/org/json/junit/JSONObjectTest.java,,,,ASSERTION_ONLY
json_158_7,JSON-java,JSONObjectTest,,src/test/java/org/json/junit/JSONObjectTest.java,,,,ASSERTION_ONLY
json_158_8,JSON-java,JSONObjectTest,,src/test/java/org/json/junit/JSONObjectTest.java,,,,ASSERTION_ONLY
json_158_9,JSON-java,JSONObjectTest,,src/test/java/org/json/junit/JSONObjectTest.java,,,,ASSERTION_ONLY
json_158_10,JSON-java,JSONObjectTest,,src/test/java/org/json/junit/JSONObjectTest.java,,,,ASSERTION_ONLY
json_158_11,JSON-java,JSONObjectTest,,src/test/java/org/json/junit/JSONObjectTest.java,,,,ASSERTION_ONLY
json_158_12,JSON-java,JSONObjectTest,,src/test/java/org/json/junit/JSONObjectTest.java,,,,ASSERTION_ONLY
json_158_13,JSON-java,JSONObjectTest,,src/test/java/org/json/junit/JSONObjectTest.java,,,,ASSERTION_ONLY
json_159_1,JSON-java,JSONObjectTest,,src/test/java/org/json/junit/JSONObjectTest.java,,,,ASSERTION_ONLY
json_159_2,JSON-java,JSONObjectTest,,src/test/java/org/json/junit/JSONObjectTest.java,,,,ASSERTION_ONLY
json_159_3,JSON-java,JSONObjectTest,,src/test/java/org/json/junit/JSONObjectTest.java,,,,ASSERTION_ONLY
json_159_4,JSON-java,JSONObjectTest,,src/test/java/org/json/junit/JSONObjectTest.java,,,,ASSERTION_ONLY
json_159_5,JSON-java,JSONObjectTest,,src/test/java/org/json/junit/JSONObjectTest.java,,,,ASSERTION_ONLY
json_159_6,JSON-java,JSONObjectTest,,src/test/java/org/json/junit/JSONObjectTest.java,,,,ASSERTION_ONLY
json_159_7,JSON-java,JSONObjectTest,,src/test/java/org/json/junit/JSONObjectTest.java,,,,ASSERTION_ONLY
json_159_8,JSON-java,JSONObjectTest,,src/test/java/org/json/junit/JSONObjectTest.java,,,,ASSERTION_ONLY
json_159_9,JSON-java,JSONObjectTest,,src/test/java/org/json/junit/JSONObjectTest.java,,,,ASSERTION_ONLY
json_159_10,JSON-java,JSONObjectTest,,src/test/java/org/json/junit/JSONObjectTest.java,,,,ASSERTION_ONLY
json_160_1,JSON-java,JSONObjectTest,,src/test/java/org/json/junit/JSONObjectTest.java,,,,ASSERTION_ONLY
json_160_2,JSON-java,JSONObjectTest,,src/test/java/org/json/junit/JSONObjectTest.java,,,,ASSERTION_ONLY
json_160_3,JSON-java,JSONObjectTest,,src/test/java/org/json/junit/JSONObjectTest.java,,,,ASSERTION_ONLY
json_160_4,JSON-java,JSONObjectTest,,src/test/java/org/json/junit/JSONObjectTest.java,,,,ASSERTION_ONLY
json_160_5,JSON-java,JSONObjectTest,,src/test/java/org/json/junit/JSONObjectTest.java,,,,ASSERTION_ONLY
json_160_6,JSON-java,JSONObjectTest,,src/test/java/org/json/junit/JSONObjectTest.java,,,,ASSERTION_ONLY
json_160_7,JSON-java,JSONObjectTest,,src/test/java/org/json/junit/JSONObjectTest.java,,,,ASSERTION_ONLY
json_160_8,JSON-java,JSONObjectTest,,src/test/java/org/json/junit/JSONObjectTest.java,,,,ASSERTION_ONLY
json_160_9,JSON-java,JSONObjectTest,,src/test/java/org/json/junit/JSONObjectTest.java,,,,ASSERTION_ONLY
json_160_10,JSON-java,JSONObjectTest,,src/test/java/org/json/junit/JSONObjectTest.java,,,,ASSERTION_ONLY
json_160_11,JSON-java,JSONObjectTest,,src/test/java/org/json/junit/JSONObjectTest.java,,,,ASSERTION_ONLY
json_160_12,JSON-java,JSONObjectTest,,src/test/java/org/json/junit/JSONObjectTest.java,,,,ASSERTION_ONLY
json_160_13,JSON-java,JSONObjectTest,,src/test/java/org/json/junit/JSONObjectTest.java,,,,ASSERTION_ONLY
json_160_14,JSON-java,JSONObjectTest,,src/test/java/org/json/junit/JSONObjectTest.java,,,,ASSERTION_ONLY
json_160_15,JSON-java,JSONObjectTest,,src/test/java/org/json/junit/JSONObjectTest.java,,,,ASSERTION_ONLY
json_160_16,JSON-java,JSONObjectTest,,src/test/java/org/json/junit/JSONObjectTest.java,,,,ASSERTION_ONLY
json_160_17,JSON-java,JSONObjectTest,,src/test/java/org/json/junit/JSONObjectTest.java,,,,ASSERTION_ONLY
json_160_18,JSON-java,JSONObjectTest,,src/test/java/org/json/junit/JSONObjectTest.java,,,,ASSERTION_ONLY
json_161_1,JSON-java,JSONObjectTest,,src/test/java/org/json/junit/JSONObjectTest.java,,,,ASSERTION_ONLY
json_161_2,JSON-java,JSONObjectTest,,src/test/java/org/json/junit/JSONObjectTest.java,,,,ASSERTION_ONLY
json_161_3,JSON-java,JSONObjectTest,,src/test/java/org/json/junit/JSONObjectTest.java,,,,ASSERTION_ONLY
json_161_4,JSON-java,JSONObjectTest,,src/test/java/org/json/junit/JSONObjectTest.java,,,,ASSERTION_ONLY
json_161_5,JSON-java,JSONObjectTest,,src/test/java/org/json/junit/JSONObjectTest.java,,,,ASSERTION_ONLY
json_161_6,JSON-java,JSONObjectTest,,src/test/java/org/json/junit/JSONObjectTest.java,,,,ASSERTION_ONLY
json_161_7,JSON-java,JSONObjectTest,,src/test/java/org/json/junit/JSONObjectTest.java,,,,ASSERTION_ONLY
json_161_8,JSON-java,JSONObjectTest,,src/test/java/org/json/junit/JSONObjectTest.java,,,,ASSERTION_ONLY
json_161_9,JSON-java,JSONObjectTest,,src/test/java/org/json/junit/JSONObjectTest.java,,,,ASSERTION_ONLY
json_162_1,JSON-java,JSONObjectTest,,src/test/java/org/json/junit/JSONObjectTest.java,,,,ASSERTION_ONLY
json_162_2,JSON-java,JSONObjectTest,,src/test/java/org/json/junit/JSONObjectTest.java,,,,ASSERTION_ONLY
json_162_3,JSON-java,JSONObjectTest,,src/test/java/org/json/junit/JSONObjectTest.java,,,,ASSERTION_ONLY
json_162_4,JSON-java,JSONObjectTest,,src/test/java/org/json/junit/JSONObjectTest.java,,,,ASSERTION_ONLY
json_162_5,JSON-java,JSONObjectTest,,src/test/java/org/json/junit/JSONObjectTest.java,,,,ASSERTION_ONLY
json_162_6,JSON-java,JSONObjectTest,,src/test/java/org/json/junit/JSONObjectTest.java,,,,ASSERTION_ONLY
json_162_7,JSON-java,JSONObjectTest,,src/test/java/org/json/junit/JSONObjectTest.java,,,,ASSERTION_ONLY
json_163_1,JSON-java,JSONObjectTest,,src/test/java/org/json/junit/JSONObjectTest.java,,,,ASSERTION_ONLY
json_163_2,JSON-java,JSONObjectTest,,src/test/java/org/json/junit/JSONObjectTest.java,,,,ASSERTION_ONLY
json_164_1,JSON-java,JSONObjectTest,,src/test/java/org/json/junit/JSONObjectTest.java,,,,ASSERTION_ONLY
json_164_2,JSON-java,JSONObjectTest,,src/test/java/org/json/junit/JSONObjectTest.java,,,,ASSERTION_ONLY
json_164_3,JSON-java,JSONObjectTest,,src/test/java/org/json/junit/JSONObjectTest.java,,,,ASSERTION_ONLY
json_164_4,JSON-java,JSONObjectTest,,src/test/java/org/json/junit/JSONObjectTest.java,,,,ASSERTION_ONLY
json_164_5,JSON-java,JSONObjectTest,,src/test/java/org/json/junit/JSONObjectTest.java,,,,ASSERTION_ONLY
json_164_6,JSON-java,JSONObjectTest,,src/test/java/org/json/junit/JSONObjectTest.java,,,,ASSERTION_ONLY
json_164_7,JSON-java,JSONObjectTest,,src/test/java/org/json/junit/JSONObjectTest.java,,,,ASSERTION_ONLY
json_164_8,JSON-java,JSONObjectTest,,src/test/java/org/json/junit/JSONObjectTest.java,,,,ASSERTION_ONLY
json_165_1,JSON-java,JSONObjectTest,,src/test/java/org/json/junit/JSONObjectTest.java,,,,ASSERTION_ONLY
json_166_1,JSON-java,JSONObjectTest,,src/test/java/org/json/junit/JSONObjectTest.java,,,,ASSERTION_ONLY
json_168_2,JSON-java,JSONObjectTest,,src/test/java/org/json/junit/JSONObjectTest.java,,,,MUST_THROW_WITH_PROPERTIES
json_168_3,JSON-java,JSONObjectTest,,src/test/java/org/json/junit/JSONObjectTest.java,,,,MUST_NOT_THROW
json_168_5,JSON-java,JSONObjectTest,,src/test/java/org/json/junit/JSONObjectTest.java,,,,MUST_THROW_WITH_PROPERTIES
json_168_6,JSON-java,JSONObjectTest,,src/test/java/org/json/junit/JSONObjectTest.java,,,,MUST_NOT_THROW
json_168_8,JSON-java,JSONObjectTest,,src/test/java/org/json/junit/JSONObjectTest.java,,,,MUST_THROW_WITH_PROPERTIES
json_168_9,JSON-java,JSONObjectTest,,src/test/java/org/json/junit/JSONObjectTest.java,,,,MUST_NOT_THROW
json_168_11,JSON-java,JSONObjectTest,,src/test/java/org/json/junit/JSONObjectTest.java,,,,MUST_THROW_WITH_PROPERTIES
json_168_12,JSON-java,JSONObjectTest,,src/test/java/org/json/junit/JSONObjectTest.java,,,,MUST_NOT_THROW
json_170_1,JSON-java,JSONObjectTest,,src/test/java/org/json/junit/JSONObjectTest.java,,,,ASSERTION_ONLY
json_171_1,JSON-java,JSONObjectTest,,src/test/java/org/json/junit/JSONObjectTest.java,,,,ASSERTION_ONLY
json_171_2,JSON-java,JSONObjectTest,,src/test/java/org/json/junit/JSONObjectTest.java,,,,ASSERTION_ONLY
json_171_3,JSON-java,JSONObjectTest,,src/test/java/org/json/junit/JSONObjectTest.java,,,,ASSERTION_ONLY
json_171_4,JSON-java,JSONObjectTest,,src/test/java/org/json/junit/JSONObjectTest.java,,,,ASSERTION_ONLY
json_171_6,JSON-java,JSONObjectTest,,src/test/java/org/json/junit/JSONObjectTest.java,,,,ASSERTION_ONLY
json_171_7,JSON-java,JSONObjectTest,,src/test/java/org/json/junit/JSONObjectTest.java,,,,ASSERTION_ONLY
json_172_1,JSON-java,JSONObjectTest,,src/test/java/org/json/junit/JSONObjectTest.java,,,,ASSERTION_ONLY
json_173_1,JSON-java,JSONObjectTest,,src/test/java/org/json/junit/JSONObjectTest.java,,,,ASSERTION_ONLY
json_174_1,JSON-java,JSONObjectTest,,src/test/java/org/json/junit/JSONObjectTest.java,,,,ASSERTION_ONLY
json_174_2,JSON-java,JSONObjectTest,,src/test/java/org/json/junit/JSONObjectTest.java,,,,ASSERTION_ONLY
json_174_3,JSON-java,JSONObjectTest,,src/test/java/org/json/junit/JSONObjectTest.java,,,,ASSERTION_ONLY
json_174_4,JSON-java,JSONObjectTest,,src/test/java/org/json/junit/JSONObjectTest.java,,,,ASSERTION_ONLY
json_174_5,JSON-java,JSONObjectTest,,src/test/java/org/json/junit/JSONObjectTest.java,,,,ASSERTION_ONLY
json_174_6,JSON-java,JSONObjectTest,,src/test/java/org/json/junit/JSONObjectTest.java,,,,ASSERTION_ONLY
json_174_7,JSON-java,JSONObjectTest,,src/test/java/org/json/junit/JSONObjectTest.java,,,,ASSERTION_ONLY
json_174_8,JSON-java,JSONObjectTest,,src/test/java/org/json/junit/JSONObjectTest.java,,,,ASSERTION_ONLY
json_174_9,JSON-java,JSONObjectTest,,src/test/java/org/json/junit/JSONObjectTest.java,,,,ASSERTION_ONLY
json_174_10,JSON-java,JSONObjectTest,,src/test/java/org/json/junit/JSONObjectTest.java,,,,ASSERTION_ONLY
json_174_11,JSON-java,JSONObjectTest,,src/test/java/org/json/junit/JSONObjectTest.java,,,,ASSERTION_ONLY
json_174_12,JSON-java,JSONObjectTest,,src/test/java/org/json/junit/JSONObjectTest.java,,,,ASSERTION_ONLY
json_174_13,JSON-java,JSONObjectTest,,src/test/java/org/json/junit/JSONObjectTest.java,,,,ASSERTION_ONLY
json_174_14,JSON-java,JSONObjectTest,,src/test/java/org/json/junit/JSONObjectTest.java,,,,ASSERTION_ONLY
json_174_15,JSON-java,JSONObjectTest,,src/test/java/org/json/junit/JSONObjectTest.java,,,,ASSERTION_ONLY
json_174_16,JSON-java,JSONObjectTest,,src/test/java/org/json/junit/JSONObjectTest.java,,,,ASSERTION_ONLY
json_174_17,JSON-java,JSONObjectTest,,src/test/java/org/json/junit/JSONObjectTest.java,,,,ASSERTION_ONLY
json_174_18,JSON-java,JSONObjectTest,,src/test/java/org/json/junit/JSONObjectTest.java,,,,ASSERTION_ONLY
json_174_19,JSON-java,JSONObjectTest,,src/test/java/org/json/junit/JSONObjectTest.java,,,,ASSERTION_ONLY
json_174_20,JSON-java,JSONObjectTest,,src/test/java/org/json/junit/JSONObjectTest.java,,,,ASSERTION_ONLY
json_174_21,JSON-java,JSONObjectTest,,src/test/java/org/json/junit/JSONObjectTest.java,,,,ASSERTION_ONLY
json_174_22,JSON-java,JSONObjectTest,,src/test/java/org/json/junit/JSONObjectTest.java,,,,ASSERTION_ONLY
json_174_23,JSON-java,JSONObjectTest,,src/test/java/org/json/junit/JSONObjectTest.java,,,,ASSERTION_ONLY
json_174_24,JSON-java,JSONObjectTest,,src/test/java/org/json/junit/JSONObjectTest.java,,,,ASSERTION_ONLY
json_174_25,JSON-java,JSONObjectTest,,src/test/java/org/json/junit/JSONObjectTest.java,,,,ASSERTION_ONLY
json_174_26,JSON-java,JSONObjectTest,,src/test/java/org/json/junit/JSONObjectTest.java,,,,ASSERTION_ONLY
json_174_27,JSON-java,JSONObjectTest,,src/test/java/org/json/junit/JSONObjectTest.java,,,,ASSERTION_ONLY
json_175_1,JSON-java,JSONObjectTest,,src/test/java/org/json/junit/JSONObjectTest.java,,,,ASSERTION_ONLY
json_175_2,JSON-java,JSONObjectTest,,src/test/java/org/json/junit/JSONObjectTest.java,,,,ASSERTION_ONLY
json_175_3,JSON-java,JSONObjectTest,,src/test/java/org/json/junit/JSONObjectTest.java,,,,ASSERTION_ONLY
json_175_4,JSON-java,JSONObjectTest,,src/test/java/org/json/junit/JSONObjectTest.java,,,,ASSERTION_ONLY
json_175_5,JSON-java,JSONObjectTest,,src/test/java/org/json/junit/JSONObjectTest.java,,,,ASSERTION_ONLY
json_175_6,JSON-java,JSONObjectTest,,src/test/java/org/json/junit/JSONObjectTest.java,,,,ASSERTION_ONLY
json_176_1,JSON-java,JSONObjectTest,,src/test/java/org/json/junit/JSONObjectTest.java,,,,ASSERTION_ONLY
json_176_2,JSON-java,JSONObjectTest,,src/test/java/org/json/junit/JSONObjectTest.java,,,,ASSERTION_ONLY
json_176_3,JSON-java,JSONObjectTest,,src/test/java/org/json/junit/JSONObjectTest.java,,,,ASSERTION_ONLY
json_176_4,JSON-java,JSONObjectTest,,src/test/java/org/json/junit/JSONObjectTest.java,,,,ASSERTION_ONLY
json_176_5,JSON-java,JSONObjectTest,,src/test/java/org/json/junit/JSONObjectTest.java,,,,ASSERTION_ONLY
json_176_6,JSON-java,JSONObjectTest,,src/test/java/org/json/junit/JSONObjectTest.java,,,,ASSERTION_ONLY
json_177_1,JSON-java,JSONObjectTest,,src/test/java/org/json/junit/JSONObjectTest.java,,,,ASSERTION_ONLY
json_177_2,JSON-java,JSONObjectTest,,src/test/java/org/json/junit/JSONObjectTest.java,,,,ASSERTION_ONLY
json_177_3,JSON-java,JSONObjectTest,,src/test/java/org/json/junit/JSONObjectTest.java,,,,ASSERTION_ONLY
json_177_4,JSON-java,JSONObjectTest,,src/test/java/org/json/junit/JSONObjectTest.java,,,,ASSERTION_ONLY
json_178_1,JSON-java,JSONObjectTest,,src/test/java/org/json/junit/JSONObjectTest.java,,,,ASSERTION_ONLY
json_178_2,JSON-java,JSONObjectTest,,src/test/java/org/json/junit/JSONObjectTest.java,,,,ASSERTION_ONLY
json_178_3,JSON-java,JSONObjectTest,,src/test/java/org/json/junit/JSONObjectTest.java,,,,ASSERTION_ONLY
json_178_4,JSON-java,JSONObjectTest,,src/test/java/org/json/junit/JSONObjectTest.java,,,,ASSERTION_ONLY
json_179_1,JSON-java,JSONObjectTest,,src/test/java/org/json/junit/JSONObjectTest.java,,,,ASSERTION_ONLY
json_179_2,JSON-java,JSONObjectTest,,src/test/java/org/json/junit/JSONObjectTest.java,,,,ASSERTION_ONLY
json_180_1,JSON-java,JSONObjectTest,,src/test/java/org/json/junit/JSONObjectTest.java,,,,ASSERTION_ONLY
json_181_1,JSON-java,JSONObjectTest,,src/test/java/org/json/junit/JSONObjectTest.java,,,,ASSERTION_ONLY
json_181_2,JSON-java,JSONObjectTest,,src/test/java/org/json/junit/JSONObjectTest.java,,,,ASSERTION_ONLY
json_181_3,JSON-java,JSONObjectTest,,src/test/java/org/json/junit/JSONObjectTest.java,,,,ASSERTION_ONLY
json_182_1,JSON-java,JSONObjectTest,,src/test/java/org/json/junit/JSONObjectTest.java,,,,FAIL_ONLY
json_183_1,JSON-java,JSONObjectTest,,src/test/java/org/json/junit/JSONObjectTest.java,,,,FAIL_ONLY
json_184_1,JSON-java,JSONObjectTest,,src/test/java/org/json/junit/JSONObjectTest.java,,,,FAIL_ONLY
json_185_1,JSON-java,JSONObjectTest,,src/test/java/org/json/junit/JSONObjectTest.java,,,,FAIL_ONLY
json_186_1,JSON-java,JSONObjectTest,,src/test/java/org/json/junit/JSONObjectTest.java,,,,FAIL_ONLY
json_187_1,JSON-java,JSONObjectTest,,src/test/java/org/json/junit/JSONObjectTest.java,,,,FAIL_ONLY
json_188_1,JSON-java,JSONObjectTest,,src/test/java/org/json/junit/JSONObjectTest.java,,,,FAIL_ONLY
json_189_1,JSON-java,JSONObjectTest,,src/test/java/org/json/junit/JSONObjectTest.java,,,,FAIL_ONLY
json_190_1,JSON-java,JSONObjectTest,,src/test/java/org/json/junit/JSONObjectTest.java,,,,FAIL_ONLY
json_191_1,JSON-java,JSONObjectTest,,src/test/java/org/json/junit/JSONObjectTest.java,,,,FAIL_ONLY
json_192_1,JSON-java,JSONObjectTest,,src/test/java/org/json/junit/JSONObjectTest.java,,,,FAIL_ONLY
json_193_1,JSON-java,JSONObjectTest,,src/test/java/org/json/junit/JSONObjectTest.java,,,,FAIL_ONLY
json_194_1,JSON-java,JSONObjectTest,,src/test/java/org/json/junit/JSONObjectTest.java,,,,FAIL_ONLY
json_195_1,JSON-java,JSONObjectTest,,src/test/java/org/json/junit/JSONObjectTest.java,,,,ASSERTION_ONLY
json_195_2,JSON-java,JSONObjectTest,,src/test/java/org/json/junit/JSONObjectTest.java,,,,ASSERTION_ONLY
json_195_3,JSON-java,JSONObjectTest,,src/test/java/org/json/junit/JSONObjectTest.java,,,,ASSERTION_ONLY
json_198_1,JSON-java,JSONObjectTest,,src/test/java/org/json/junit/JSONObjectTest.java,,,,ASSERTION_ONLY
json_198_2,JSON-java,JSONObjectTest,,src/test/java/org/json/junit/JSONObjectTest.java,,,,FAIL_ONLY
json_199_1,JSON-java,JSONObjectTest,,src/test/java/org/json/junit/JSONObjectTest.java,,,,ASSERTION_ONLY
json_199_2,JSON-java,JSONObjectTest,,src/test/java/org/json/junit/JSONObjectTest.java,,,,FAIL_ONLY
json_201_1,JSON-java,JSONObjectTest,,src/test/java/org/json/junit/JSONObjectTest.java,,,,ASSERTION_ONLY
json_201_2,JSON-java,JSONObjectTest,,src/test/java/org/json/junit/JSONObjectTest.java,,,,ASSERTION_ONLY
json_206_1,JSON-java,JSONTokenerTest,,src/test/java/org/json/junit/JSONTokenerTest.java,,,,ASSERTION_ONLY
json_206_2,JSON-java,JSONTokenerTest,,src/test/java/org/json/junit/JSONTokenerTest.java,,,,ASSERTION_ONLY
json_206_4,JSON-java,JSONTokenerTest,,src/test/java/org/json/junit/JSONTokenerTest.java,,,,ASSERTION_ONLY
json_206_5,JSON-java,JSONTokenerTest,,src/test/java/org/json/junit/JSONTokenerTest.java,,,,ASSERTION_ONLY
json_207_1,JSON-java,EnumTest,,src/test/java/org/json/junit/EnumTest.java,,,,ASSERTION_ONLY
json_207_2,JSON-java,EnumTest,,src/test/java/org/json/junit/EnumTest.java,,,,ASSERTION_ONLY
json_207_3,JSON-java,EnumTest,,src/test/java/org/json/junit/EnumTest.java,,,,ASSERTION_ONLY
json_207_4,JSON-java,EnumTest,,src/test/java/org/json/junit/EnumTest.java,,,,ASSERTION_ONLY
json_207_5,JSON-java,EnumTest,,src/test/java/org/json/junit/EnumTest.java,,,,ASSERTION_ONLY
json_207_6,JSON-java,EnumTest,,src/test/java/org/json/junit/EnumTest.java,,,,ASSERTION_ONLY
json_207_7,JSON-java,EnumTest,,src/test/java/org/json/junit/EnumTest.java,,,,ASSERTION_ONLY
json_207_8,JSON-java,EnumTest,,src/test/java/org/json/junit/EnumTest.java,,,,ASSERTION_ONLY
json_207_9,JSON-java,EnumTest,,src/test/java/org/json/junit/EnumTest.java,,,,ASSERTION_ONLY
json_208_1,JSON-java,EnumTest,,src/test/java/org/json/junit/EnumTest.java,,,,ASSERTION_ONLY
json_208_2,JSON-java,EnumTest,,src/test/java/org/json/junit/EnumTest.java,,,,ASSERTION_ONLY
json_208_3,JSON-java,EnumTest,,src/test/java/org/json/junit/EnumTest.java,,,,ASSERTION_ONLY
json_208_4,JSON-java,EnumTest,,src/test/java/org/json/junit/EnumTest.java,,,,ASSERTION_ONLY
json_208_5,JSON-java,EnumTest,,src/test/java/org/json/junit/EnumTest.java,,,,ASSERTION_ONLY
json_208_6,JSON-java,EnumTest,,src/test/java/org/json/junit/EnumTest.java,,,,ASSERTION_ONLY
json_208_7,JSON-java,EnumTest,,src/test/java/org/json/junit/EnumTest.java,,,,ASSERTION_ONLY
json_208_8,JSON-java,EnumTest,,src/test/java/org/json/junit/EnumTest.java,,,,ASSERTION_ONLY
json_209_1,JSON-java,EnumTest,,src/test/java/org/json/junit/EnumTest.java,,,,ASSERTION_ONLY
json_209_2,JSON-java,EnumTest,,src/test/java/org/json/junit/EnumTest.java,,,,ASSERTION_ONLY
json_209_3,JSON-java,EnumTest,,src/test/java/org/json/junit/EnumTest.java,,,,ASSERTION_ONLY
json_209_4,JSON-java,EnumTest,,src/test/java/org/json/junit/EnumTest.java,,,,ASSERTION_ONLY
json_209_5,JSON-java,EnumTest,,src/test/java/org/json/junit/EnumTest.java,,,,ASSERTION_ONLY
json_209_6,JSON-java,EnumTest,,src/test/java/org/json/junit/EnumTest.java,,,,ASSERTION_ONLY
json_210_1,JSON-java,EnumTest,,src/test/java/org/json/junit/EnumTest.java,,,,ASSERTION_ONLY
json_210_2,JSON-java,EnumTest,,src/test/java/org/json/junit/EnumTest.java,,,,ASSERTION_ONLY
json_210_3,JSON-java,EnumTest,,src/test/java/org/json/junit/EnumTest.java,,,,ASSERTION_ONLY
json_210_4,JSON-java,EnumTest,,src/test/java/org/json/junit/EnumTest.java,,,,ASSERTION_ONLY
json_210_5,JSON-java,EnumTest,,src/test/java/org/json/junit/EnumTest.java,,,,ASSERTION_ONLY
json_210_6,JSON-java,EnumTest,,src/test/java/org/json/junit/EnumTest.java,,,,ASSERTION_ONLY
json_210_7,JSON-java,EnumTest,,src/test/java/org/json/junit/EnumTest.java,,,,ASSERTION_ONLY
json_210_8,JSON-java,EnumTest,,src/test/java/org/json/junit/EnumTest.java,,,,ASSERTION_ONLY
json_210_9,JSON-java,EnumTest,,src/test/java/org/json/junit/EnumTest.java,,,,ASSERTION_ONLY
json_211_1,JSON-java,EnumTest,,src/test/java/org/json/junit/EnumTest.java,,,,ASSERTION_ONLY
json_211_2,JSON-java,EnumTest,,src/test/java/org/json/junit/EnumTest.java,,,,ASSERTION_ONLY
json_211_3,JSON-java,EnumTest,,src/test/java/org/json/junit/EnumTest.java,,,,ASSERTION_ONLY
json_212_1,JSON-java,EnumTest,,src/test/java/org/json/junit/EnumTest.java,,,,ASSERTION_ONLY
json_212_2,JSON-java,EnumTest,,src/test/java/org/json/junit/EnumTest.java,,,,ASSERTION_ONLY
json_212_3,JSON-java,EnumTest,,src/test/java/org/json/junit/EnumTest.java,,,,ASSERTION_ONLY
json_212_4,JSON-java,EnumTest,,src/test/java/org/json/junit/EnumTest.java,,,,ASSERTION_ONLY
json_212_5,JSON-java,EnumTest,,src/test/java/org/json/junit/EnumTest.java,,,,ASSERTION_ONLY
json_212_6,JSON-java,EnumTest,,src/test/java/org/json/junit/EnumTest.java,,,,ASSERTION_ONLY
json_212_7,JSON-java,EnumTest,,src/test/java/org/json/junit/EnumTest.java,,,,ASSERTION_ONLY
json_212_8,JSON-java,EnumTest,,src/test/java/org/json/junit/EnumTest.java,,,,ASSERTION_ONLY
json_212_9,JSON-java,EnumTest,,src/test/java/org/json/junit/EnumTest.java,,,,ASSERTION_ONLY
json_212_10,JSON-java,EnumTest,,src/test/java/org/json/junit/EnumTest.java,,,,ASSERTION_ONLY
json_212_11,JSON-java,EnumTest,,src/test/java/org/json/junit/EnumTest.java,,,,ASSERTION_ONLY
json_212_12,JSON-java,EnumTest,,src/test/java/org/json/junit/EnumTest.java,,,,ASSERTION_ONLY
json_212_13,JSON-java,EnumTest,,src/test/java/org/json/junit/EnumTest.java,,,,ASSERTION_ONLY
json_212_14,JSON-java,EnumTest,,src/test/java/org/json/junit/EnumTest.java,,,,ASSERTION_ONLY
json_212_15,JSON-java,EnumTest,,src/test/java/org/json/junit/EnumTest.java,,,,ASSERTION_ONLY
json_212_16,JSON-java,EnumTest,,src/test/java/org/json/junit/EnumTest.java,,,,ASSERTION_ONLY
json_212_17,JSON-java,EnumTest,,src/test/java/org/json/junit/EnumTest.java,,,,ASSERTION_ONLY
json_212_18,JSON-java,EnumTest,,src/test/java/org/json/junit/EnumTest.java,,,,ASSERTION_ONLY
json_212_19,JSON-java,EnumTest,,src/test/java/org/json/junit/EnumTest.java,,,,ASSERTION_ONLY
json_212_20,JSON-java,EnumTest,,src/test/java/org/json/junit/EnumTest.java,,,,ASSERTION_ONLY
json_212_21,JSON-java,EnumTest,,src/test/java/org/json/junit/EnumTest.java,,,,ASSERTION_ONLY
json_213_1,JSON-java,EnumTest,,src/test/java/org/json/junit/EnumTest.java,,,,ASSERTION_ONLY
json_213_2,JSON-java,EnumTest,,src/test/java/org/json/junit/EnumTest.java,,,,ASSERTION_ONLY
json_213_3,JSON-java,EnumTest,,src/test/java/org/json/junit/EnumTest.java,,,,ASSERTION_ONLY
json_213_4,JSON-java,EnumTest,,src/test/java/org/json/junit/EnumTest.java,,,,ASSERTION_ONLY
json_213_5,JSON-java,EnumTest,,src/test/java/org/json/junit/EnumTest.java,,,,ASSERTION_ONLY
json_213_6,JSON-java,EnumTest,,src/test/java/org/json/junit/EnumTest.java,,,,ASSERTION_ONLY
json_213_7,JSON-java,EnumTest,,src/test/java/org/json/junit/EnumTest.java,,,,ASSERTION_ONLY
json_213_8,JSON-java,EnumTest,,src/test/java/org/json/junit/EnumTest.java,,,,ASSERTION_ONLY
json_214_1,JSON-java,EnumTest,,src/test/java/org/json/junit/EnumTest.java,,,,ASSERTION_ONLY
json_214_3,JSON-java,EnumTest,,src/test/java/org/json/junit/EnumTest.java,,,,ASSERTION_ONLY
json_214_4,JSON-java,EnumTest,,src/test/java/org/json/junit/EnumTest.java,,,,ASSERTION_ONLY
json_214_5,JSON-java,EnumTest,,src/test/java/org/json/junit/EnumTest.java,,,,ASSERTION_ONLY
json_214_6,JSON-java,EnumTest,,src/test/java/org/json/junit/EnumTest.java,,,,ASSERTION_ONLY
json_214_7,JSON-java,EnumTest,,src/test/java/org/json/junit/EnumTest.java,,,,ASSERTION_ONLY
json_214_8,JSON-java,EnumTest,,src/test/java/org/json/junit/EnumTest.java,,,,ASSERTION_ONLY
json_214_9,JSON-java,EnumTest,,src/test/java/org/json/junit/EnumTest.java,,,,ASSERTION_ONLY
json_214_10,JSON-java,EnumTest,,src/test/java/org/json/junit/EnumTest.java,,,,ASSERTION_ONLY
json_214_11,JSON-java,EnumTest,,src/test/java/org/json/junit/EnumTest.java,,,,ASSERTION_ONLY
json_214_12,JSON-java,EnumTest,,src/test/java/org/json/junit/EnumTest.java,,,,ASSERTION_ONLY
json_214_14,JSON-java,EnumTest,,src/test/java/org/json/junit/EnumTest.java,,,,ASSERTION_ONLY
json_214_15,JSON-java,EnumTest,,src/test/java/org/json/junit/EnumTest.java,,,,ASSERTION_ONLY
json_214_16,JSON-java,EnumTest,,src/test/java/org/json/junit/EnumTest.java,,,,ASSERTION_ONLY
json_214_17,JSON-java,EnumTest,,src/test/java/org/json/junit/EnumTest.java,,,,ASSERTION_ONLY
json_214_18,JSON-java,EnumTest,,src/test/java/org/json/junit/EnumTest.java,,,,ASSERTION_ONLY
json_214_19,JSON-java,EnumTest,,src/test/java/org/json/junit/EnumTest.java,,,,ASSERTION_ONLY
json_214_20,JSON-java,EnumTest,,src/test/java/org/json/junit/EnumTest.java,,,,ASSERTION_ONLY
json_215_1,JSON-java,JSONArrayTest,,src/test/java/org/json/junit/JSONArrayTest.java,,,,ASSERTION_ONLY
json_215_2,JSON-java,JSONArrayTest,,src/test/java/org/json/junit/JSONArrayTest.java,,,,ASSERTION_ONLY
json_215_3,JSON-java,JSONArrayTest,,src/test/java/org/json/junit/JSONArrayTest.java,,,,ASSERTION_ONLY
json_216_1,JSON-java,JSONArrayTest,,src/test/java/org/json/junit/JSONArrayTest.java,,,,ASSERTION_ONLY
json_217_2,JSON-java,JSONArrayTest,,src/test/java/org/json/junit/JSONArrayTest.java,,,,IF_THROWN_ASSERT
json_218_2,JSON-java,JSONArrayTest,,src/test/java/org/json/junit/JSONArrayTest.java,,,,IF_THROWN_ASSERT
json_219_2,JSON-java,JSONArrayTest,,src/test/java/org/json/junit/JSONArrayTest.java,,,,IF_THROWN_ASSERT
json_220_2,JSON-java,JSONArrayTest,,src/test/java/org/json/junit/JSONArrayTest.java,,,,IF_THROWN_ASSERT
json_221_2,JSON-java,JSONArrayTest,,src/test/java/org/json/junit/JSONArrayTest.java,,,,IF_THROWN_ASSERT
json_222_1,JSON-java,JSONArrayTest,,src/test/java/org/json/junit/JSONArrayTest.java,,,,ASSERTION_ONLY
json_222_2,JSON-java,JSONArrayTest,,src/test/java/org/json/junit/JSONArrayTest.java,,,,ASSERTION_ONLY
json_222_3,JSON-java,JSONArrayTest,,src/test/java/org/json/junit/JSONArrayTest.java,,,,ASSERTION_ONLY
json_223_1,JSON-java,JSONArrayTest,,src/test/java/org/json/junit/JSONArrayTest.java,,,,ASSERTION_ONLY
json_223_2,JSON-java,JSONArrayTest,,src/test/java/org/json/junit/JSONArrayTest.java,,,,ASSERTION_ONLY
json_223_3,JSON-java,JSONArrayTest,,src/test/java/org/json/junit/JSONArrayTest.java,,,,ASSERTION_ONLY
json_223_4,JSON-java,JSONArrayTest,,src/test/java/org/json/junit/JSONArrayTest.java,,,,ASSERTION_ONLY
json_224_1,JSON-java,JSONArrayTest,,src/test/java/org/json/junit/JSONArrayTest.java,,,,ASSERTION_ONLY
json_224_2,JSON-java,JSONArrayTest,,src/test/java/org/json/junit/JSONArrayTest.java,,,,ASSERTION_ONLY
json_224_3,JSON-java,JSONArrayTest,,src/test/java/org/json/junit/JSONArrayTest.java,,,,ASSERTION_ONLY
json_225_1,JSON-java,JSONArrayTest,,src/test/java/org/json/junit/JSONArrayTest.java,,,,ASSERTION_ONLY
json_225_2,JSON-java,JSONArrayTest,,src/test/java/org/json/junit/JSONArrayTest.java,,,,ASSERTION_ONLY
json_225_3,JSON-java,JSONArrayTest,,src/test/java/org/json/junit/JSONArrayTest.java,,,,ASSERTION_ONLY
json_225_4,JSON-java,JSONArrayTest,,src/test/java/org/json/junit/JSONArrayTest.java,,,,ASSERTION_ONLY
json_226_1,JSON-java,JSONArrayTest,,src/test/java/org/json/junit/JSONArrayTest.java,,,,ASSERTION_ONLY
json_226_2,JSON-java,JSONArrayTest,,src/test/java/org/json/junit/JSONArrayTest.java,,,,ASSERTION_ONLY
json_226_3,JSON-java,JSONArrayTest,,src/test/java/org/json/junit/JSONArrayTest.java,,,,ASSERTION_ONLY
json_226_4,JSON-java,JSONArrayTest,,src/test/java/org/json/junit/JSONArrayTest.java,,,,ASSERTION_ONLY
json_226_5,JSON-java,JSONArrayTest,,src/test/java/org/json/junit/JSONArrayTest.java,,,,ASSERTION_ONLY
json_226_6,JSON-java,JSONArrayTest,,src/test/java/org/json/junit/JSONArrayTest.java,,,,ASSERTION_ONLY
json_226_7,JSON-java,JSONArrayTest,,src/test/java/org/json/junit/JSONArrayTest.java,,,,ASSERTION_ONLY
json_226_8,JSON-java,JSONArrayTest,,src/test/java/org/json/junit/JSONArrayTest.java,,,,ASSERTION_ONLY
json_226_9,JSON-java,JSONArrayTest,,src/test/java/org/json/junit/JSONArrayTest.java,,,,ASSERTION_ONLY
json_226_10,JSON-java,JSONArrayTest,,src/test/java/org/json/junit/JSONArrayTest.java,,,,ASSERTION_ONLY
json_226_11,JSON-java,JSONArrayTest,,src/test/java/org/json/junit/JSONArrayTest.java,,,,ASSERTION_ONLY
json_226_12,JSON-java,JSONArrayTest,,src/test/java/org/json/junit/JSONArrayTest.java,,,,ASSERTION_ONLY
json_226_13,JSON-java,JSONArrayTest,,src/test/java/org/json/junit/JSONArrayTest.java,,,,ASSERTION_ONLY
json_226_14,JSON-java,JSONArrayTest,,src/test/java/org/json/junit/JSONArrayTest.java,,,,ASSERTION_ONLY
json_226_15,JSON-java,JSONArrayTest,,src/test/java/org/json/junit/JSONArrayTest.java,,,,ASSERTION_ONLY
json_227_4,JSON-java,JSONArrayTest,,src/test/java/org/json/junit/JSONArrayTest.java,,,,IF_THROWN_ASSERT
json_228_1,JSON-java,JSONArrayTest,,src/test/java/org/json/junit/JSONArrayTest.java,,,,ASSERTION_ONLY
json_228_2,JSON-java,JSONArrayTest,,src/test/java/org/json/junit/JSONArrayTest.java,,,,ASSERTION_ONLY
json_228_3,JSON-java,JSONArrayTest,,src/test/java/org/json/junit/JSONArrayTest.java,,,,ASSERTION_ONLY
json_228_4,JSON-java,JSONArrayTest,,src/test/java/org/json/junit/JSONArrayTest.java,,,,ASSERTION_ONLY
json_228_5,JSON-java,JSONArrayTest,,src/test/java/org/json/junit/JSONArrayTest.java,,,,ASSERTION_ONLY
json_228_6,JSON-java,JSONArrayTest,,src/test/java/org/json/junit/JSONArrayTest.java,,,,ASSERTION_ONLY
json_228_7,JSON-java,JSONArrayTest,,src/test/java/org/json/junit/JSONArrayTest.java,,,,ASSERTION_ONLY
json_228_8,JSON-java,JSONArrayTest,,src/test/java/org/json/junit/JSONArrayTest.java,,,,ASSERTION_ONLY
json_228_9,JSON-java,JSONArrayTest,,src/test/java/org/json/junit/JSONArrayTest.java,,,,ASSERTION_ONLY
json_228_10,JSON-java,JSONArrayTest,,src/test/java/org/json/junit/JSONArrayTest.java,,,,ASSERTION_ONLY
json_228_11,JSON-java,JSONArrayTest,,src/test/java/org/json/junit/JSONArrayTest.java,,,,ASSERTION_ONLY
json_228_12,JSON-java,JSONArrayTest,,src/test/java/org/json/junit/JSONArrayTest.java,,,,ASSERTION_ONLY
json_228_13,JSON-java,JSONArrayTest,,src/test/java/org/json/junit/JSONArrayTest.java,,,,ASSERTION_ONLY
json_228_14,JSON-java,JSONArrayTest,,src/test/java/org/json/junit/JSONArrayTest.java,,,,ASSERTION_ONLY
json_228_15,JSON-java,JSONArrayTest,,src/test/java/org/json/junit/JSONArrayTest.java,,,,ASSERTION_ONLY
json_228_16,JSON-java,JSONArrayTest,,src/test/java/org/json/junit/JSONArrayTest.java,,,,ASSERTION_ONLY
json_228_17,JSON-java,JSONArrayTest,,src/test/java/org/json/junit/JSONArrayTest.java,,,,ASSERTION_ONLY
json_228_18,JSON-java,JSONArrayTest,,src/test/java/org/json/junit/JSONArrayTest.java,,,,ASSERTION_ONLY
json_228_19,JSON-java,JSONArrayTest,,src/test/java/org/json/junit/JSONArrayTest.java,,,,ASSERTION_ONLY
json_229_1,JSON-java,JSONArrayTest,,src/test/java/org/json/junit/JSONArrayTest.java,,,,ASSERTION_ONLY
json_229_2,JSON-java,JSONArrayTest,,src/test/java/org/json/junit/JSONArrayTest.java,,,,ASSERTION_ONLY
json_229_3,JSON-java,JSONArrayTest,,src/test/java/org/json/junit/JSONArrayTest.java,,,,ASSERTION_ONLY
json_230_1,JSON-java,JSONArrayTest,,src/test/java/org/json/junit/JSONArrayTest.java,,,,ASSERTION_ONLY
json_230_2,JSON-java,JSONArrayTest,,src/test/java/org/json/junit/JSONArrayTest.java,,,,ASSERTION_ONLY
json_230_3,JSON-java,JSONArrayTest,,src/test/java/org/json/junit/JSONArrayTest.java,,,,ASSERTION_ONLY
json_230_4,JSON-java,JSONArrayTest,,src/test/java/org/json/junit/JSONArrayTest.java,,,,ASSERTION_ONLY
json_230_5,JSON-java,JSONArrayTest,,src/test/java/org/json/junit/JSONArrayTest.java,,,,ASSERTION_ONLY
json_230_6,JSON-java,JSONArrayTest,,src/test/java/org/json/junit/JSONArrayTest.java,,,,ASSERTION_ONLY
json_230_7,JSON-java,JSONArrayTest,,src/test/java/org/json/junit/JSONArrayTest.java,,,,ASSERTION_ONLY
json_230_8,JSON-java,JSONArrayTest,,src/test/java/org/json/junit/JSONArrayTest.java,,,,ASSERTION_ONLY
json_230_9,JSON-java,JSONArrayTest,,src/test/java/org/json/junit/JSONArrayTest.java,,,,ASSERTION_ONLY
json_230_10,JSON-java,JSONArrayTest,,src/test/java/org/json/junit/JSONArrayTest.java,,,,ASSERTION_ONLY
json_230_11,JSON-java,JSONArrayTest,,src/test/java/org/json/junit/JSONArrayTest.java,,,,ASSERTION_ONLY
json_230_12,JSON-java,JSONArrayTest,,src/test/java/org/json/junit/JSONArrayTest.java,,,,ASSERTION_ONLY
json_230_13,JSON-java,JSONArrayTest,,src/test/java/org/json/junit/JSONArrayTest.java,,,,ASSERTION_ONLY
json_230_14,JSON-java,JSONArrayTest,,src/test/java/org/json/junit/JSONArrayTest.java,,,,ASSERTION_ONLY
json_230_15,JSON-java,JSONArrayTest,,src/test/java/org/json/junit/JSONArrayTest.java,,,,ASSERTION_ONLY
json_230_16,JSON-java,JSONArrayTest,,src/test/java/org/json/junit/JSONArrayTest.java,,,,ASSERTION_ONLY
json_230_17,JSON-java,JSONArrayTest,,src/test/java/org/json/junit/JSONArrayTest.java,,,,ASSERTION_ONLY
json_230_18,JSON-java,JSONArrayTest,,src/test/java/org/json/junit/JSONArrayTest.java,,,,ASSERTION_ONLY
json_230_19,JSON-java,JSONArrayTest,,src/test/java/org/json/junit/JSONArrayTest.java,,,,ASSERTION_ONLY
json_230_20,JSON-java,JSONArrayTest,,src/test/java/org/json/junit/JSONArrayTest.java,,,,ASSERTION_ONLY
json_230_21,JSON-java,JSONArrayTest,,src/test/java/org/json/junit/JSONArrayTest.java,,,,ASSERTION_ONLY
json_230_22,JSON-java,JSONArrayTest,,src/test/java/org/json/junit/JSONArrayTest.java,,,,ASSERTION_ONLY
json_230_23,JSON-java,JSONArrayTest,,src/test/java/org/json/junit/JSONArrayTest.java,,,,ASSERTION_ONLY
json_230_24,JSON-java,JSONArrayTest,,src/test/java/org/json/junit/JSONArrayTest.java,,,,ASSERTION_ONLY
json_230_25,JSON-java,JSONArrayTest,,src/test/java/org/json/junit/JSONArrayTest.java,,,,ASSERTION_ONLY
json_230_26,JSON-java,JSONArrayTest,,src/test/java/org/json/junit/JSONArrayTest.java,,,,ASSERTION_ONLY
json_230_27,JSON-java,JSONArrayTest,,src/test/java/org/json/junit/JSONArrayTest.java,,,,ASSERTION_ONLY
json_231_1,JSON-java,JSONArrayTest,,src/test/java/org/json/junit/JSONArrayTest.java,,,,ASSERTION_ONLY
json_231_2,JSON-java,JSONArrayTest,,src/test/java/org/json/junit/JSONArrayTest.java,,,,ASSERTION_ONLY
json_231_3,JSON-java,JSONArrayTest,,src/test/java/org/json/junit/JSONArrayTest.java,,,,ASSERTION_ONLY
json_231_4,JSON-java,JSONArrayTest,,src/test/java/org/json/junit/JSONArrayTest.java,,,,ASSERTION_ONLY
json_231_5,JSON-java,JSONArrayTest,,src/test/java/org/json/junit/JSONArrayTest.java,,,,ASSERTION_ONLY
json_231_6,JSON-java,JSONArrayTest,,src/test/java/org/json/junit/JSONArrayTest.java,,,,ASSERTION_ONLY
json_231_7,JSON-java,JSONArrayTest,,src/test/java/org/json/junit/JSONArrayTest.java,,,,ASSERTION_ONLY
json_232_1,JSON-java,JSONArrayTest,,src/test/java/org/json/junit/JSONArrayTest.java,,,,ASSERTION_ONLY
json_232_2,JSON-java,JSONArrayTest,,src/test/java/org/json/junit/JSONArrayTest.java,,,,ASSERTION_ONLY
json_232_3,JSON-java,JSONArrayTest,,src/test/java/org/json/junit/JSONArrayTest.java,,,,ASSERTION_ONLY
json_232_4,JSON-java,JSONArrayTest,,src/test/java/org/json/junit/JSONArrayTest.java,,,,ASSERTION_ONLY
json_232_5,JSON-java,JSONArrayTest,,src/test/java/org/json/junit/JSONArrayTest.java,,,,ASSERTION_ONLY
json_232_6,JSON-java,JSONArrayTest,,src/test/java/org/json/junit/JSONArrayTest.java,,,,ASSERTION_ONLY
json_232_7,JSON-java,JSONArrayTest,,src/test/java/org/json/junit/JSONArrayTest.java,,,,ASSERTION_ONLY
json_232_8,JSON-java,JSONArrayTest,,src/test/java/org/json/junit/JSONArrayTest.java,,,,ASSERTION_ONLY
json_232_9,JSON-java,JSONArrayTest,,src/test/java/org/json/junit/JSONArrayTest.java,,,,ASSERTION_ONLY
json_232_10,JSON-java,JSONArrayTest,,src/test/java/org/json/junit/JSONArrayTest.java,,,,ASSERTION_ONLY
json_232_11,JSON-java,JSONArrayTest,,src/test/java/org/json/junit/JSONArrayTest.java,,,,ASSERTION_ONLY
json_232_12,JSON-java,JSONArrayTest,,src/test/java/org/json/junit/JSONArrayTest.java,,,,ASSERTION_ONLY
json_232_13,JSON-java,JSONArrayTest,,src/test/java/org/json/junit/JSONArrayTest.java,,,,ASSERTION_ONLY
json_232_14,JSON-java,JSONArrayTest,,src/test/java/org/json/junit/JSONArrayTest.java,,,,ASSERTION_ONLY
json_232_15,JSON-java,JSONArrayTest,,src/test/java/org/json/junit/JSONArrayTest.java,,,,ASSERTION_ONLY
json_232_16,JSON-java,JSONArrayTest,,src/test/java/org/json/junit/JSONArrayTest.java,,,,ASSERTION_ONLY
json_232_17,JSON-java,JSONArrayTest,,src/test/java/org/json/junit/JSONArrayTest.java,,,,ASSERTION_ONLY
json_232_18,JSON-java,JSONArrayTest,,src/test/java/org/json/junit/JSONArrayTest.java,,,,ASSERTION_ONLY
json_232_19,JSON-java,JSONArrayTest,,src/test/java/org/json/junit/JSONArrayTest.java,,,,ASSERTION_ONLY
json_233_2,JSON-java,JSONArrayTest,,src/test/java/org/json/junit/JSONArrayTest.java,,,,ASSERTION_ONLY
json_233_3,JSON-java,JSONArrayTest,,src/test/java/org/json/junit/JSONArrayTest.java,,,,ASSERTION_ONLY
json_233_4,JSON-java,JSONArrayTest,,src/test/java/org/json/junit/JSONArrayTest.java,,,,ASSERTION_ONLY
json_233_5,JSON-java,JSONArrayTest,,src/test/java/org/json/junit/JSONArrayTest.java,,,,ASSERTION_ONLY
json_233_6,JSON-java,JSONArrayTest,,src/test/java/org/json/junit/JSONArrayTest.java,,,,ASSERTION_ONLY
json_233_7,JSON-java,JSONArrayTest,,src/test/java/org/json/junit/JSONArrayTest.java,,,,ASSERTION_ONLY
json_233_8,JSON-java,JSONArrayTest,,src/test/java/org/json/junit/JSONArrayTest.java,,,,ASSERTION_ONLY
json_233_9,JSON-java,JSONArrayTest,,src/test/java/org/json/junit/JSONArrayTest.java,,,,ASSERTION_ONLY
json_233_10,JSON-java,JSONArrayTest,,src/test/java/org/json/junit/JSONArrayTest.java,,,,ASSERTION_ONLY
json_233_11,JSON-java,JSONArrayTest,,src/test/java/org/json/junit/JSONArrayTest.java,,,,ASSERTION_ONLY
json_233_12,JSON-java,JSONArrayTest,,src/test/java/org/json/junit/JSONArrayTest.java,,,,ASSERTION_ONLY
json_233_13,JSON-java,JSONArrayTest,,src/test/java/org/json/junit/JSONArrayTest.java,,,,ASSERTION_ONLY
json_233_14,JSON-java,JSONArrayTest,,src/test/java/org/json/junit/JSONArrayTest.java,,,,ASSERTION_ONLY
json_233_15,JSON-java,JSONArrayTest,,src/test/java/org/json/junit/JSONArrayTest.java,,,,ASSERTION_ONLY
json_233_16,JSON-java,JSONArrayTest,,src/test/java/org/json/junit/JSONArrayTest.java,,,,ASSERTION_ONLY
json_233_17,JSON-java,JSONArrayTest,,src/test/java/org/json/junit/JSONArrayTest.java,,,,ASSERTION_ONLY
json_233_18,JSON-java,JSONArrayTest,,src/test/java/org/json/junit/JSONArrayTest.java,,,,ASSERTION_ONLY
json_233_19,JSON-java,JSONArrayTest,,src/test/java/org/json/junit/JSONArrayTest.java,,,,ASSERTION_ONLY
json_233_20,JSON-java,JSONArrayTest,,src/test/java/org/json/junit/JSONArrayTest.java,,,,ASSERTION_ONLY
json_233_21,JSON-java,JSONArrayTest,,src/test/java/org/json/junit/JSONArrayTest.java,,,,ASSERTION_ONLY
json_234_1,JSON-java,JSONArrayTest,,src/test/java/org/json/junit/JSONArrayTest.java,,,,ASSERTION_ONLY
json_234_2,JSON-java,JSONArrayTest,,src/test/java/org/json/junit/JSONArrayTest.java,,,,ASSERTION_ONLY
json_235_1,JSON-java,JSONArrayTest,,src/test/java/org/json/junit/JSONArrayTest.java,,,,ASSERTION_ONLY
json_235_2,JSON-java,JSONArrayTest,,src/test/java/org/json/junit/JSONArrayTest.java,,,,ASSERTION_ONLY
json_235_3,JSON-java,JSONArrayTest,,src/test/java/org/json/junit/JSONArrayTest.java,,,,ASSERTION_ONLY
json_235_4,JSON-java,JSONArrayTest,,src/test/java/org/json/junit/JSONArrayTest.java,,,,ASSERTION_ONLY
json_236_1,JSON-java,JSONArrayTest,,src/test/java/org/json/junit/JSONArrayTest.java,,,,ASSERTION_ONLY
json_236_2,JSON-java,JSONArrayTest,,src/test/java/org/json/junit/JSONArrayTest.java,,,,ASSERTION_ONLY
json_236_3,JSON-java,JSONArrayTest,,src/test/java/org/json/junit/JSONArrayTest.java,,,,ASSERTION_ONLY
json_236_4,JSON-java,JSONArrayTest,,src/test/java/org/json/junit/JSONArrayTest.java,,,,ASSERTION_ONLY
json_237_1,JSON-java,JSONArrayTest,,src/test/java/org/json/junit/JSONArrayTest.java,,,,ASSERTION_ONLY
json_238_1,JSON-java,JSONArrayTest,,src/test/java/org/json/junit/JSONArrayTest.java,,,,ASSERTION_ONLY
json_238_2,JSON-java,JSONArrayTest,,src/test/java/org/json/junit/JSONArrayTest.java,,,,ASSERTION_ONLY
json_238_3,JSON-java,JSONArrayTest,,src/test/java/org/json/junit/JSONArrayTest.java,,,,ASSERTION_ONLY
json_238_4,JSON-java,JSONArrayTest,,src/test/java/org/json/junit/JSONArrayTest.java,,,,ASSERTION_ONLY
json_238_5,JSON-java,JSONArrayTest,,src/test/java/org/json/junit/JSONArrayTest.java,,,,ASSERTION_ONLY
json_238_6,JSON-java,JSONArrayTest,,src/test/java/org/json/junit/JSONArrayTest.java,,,,ASSERTION_ONLY
json_238_7,JSON-java,JSONArrayTest,,src/test/java/org/json/junit/JSONArrayTest.java,,,,ASSERTION_ONLY
json_238_8,JSON-java,JSONArrayTest,,src/test/java/org/json/junit/JSONArrayTest.java,,,,ASSERTION_ONLY
json_239_1,JSON-java,JSONArrayTest,,src/test/java/org/json/junit/JSONArrayTest.java,,,,ASSERTION_ONLY
json_240_1,JSON-java,JSONArrayTest,,src/test/java/org/json/junit/JSONArrayTest.java,,,,ASSERTION_ONLY
json_243_1,JSON-java,JSONArrayTest,,src/test/java/org/json/junit/JSONArrayTest.java,,,,ASSERTION_ONLY
json_243_2,JSON-java,JSONArrayTest,,src/test/java/org/json/junit/JSONArrayTest.java,,,,ASSERTION_ONLY
json_243_3,JSON-java,JSONArrayTest,,src/test/java/org/json/junit/JSONArrayTest.java,,,,ASSERTION_ONLY
json_243_4,JSON-java,JSONArrayTest,,src/test/java/org/json/junit/JSONArrayTest.java,,,,ASSERTION_ONLY
json_243_5,JSON-java,JSONArrayTest,,src/test/java/org/json/junit/JSONArrayTest.java,,,,ASSERTION_ONLY
json_243_6,JSON-java,JSONArrayTest,,src/test/java/org/json/junit/JSONArrayTest.java,,,,ASSERTION_ONLY
json_243_7,JSON-java,JSONArrayTest,,src/test/java/org/json/junit/JSONArrayTest.java,,,,ASSERTION_ONLY
json_243_8,JSON-java,JSONArrayTest,,src/test/java/org/json/junit/JSONArrayTest.java,,,,ASSERTION_ONLY
json_243_9,JSON-java,JSONArrayTest,,src/test/java/org/json/junit/JSONArrayTest.java,,,,ASSERTION_ONLY
json_243_10,JSON-java,JSONArrayTest,,src/test/java/org/json/junit/JSONArrayTest.java,,,,ASSERTION_ONLY
json_243_11,JSON-java,JSONArrayTest,,src/test/java/org/json/junit/JSONArrayTest.java,,,,ASSERTION_ONLY
json_243_12,JSON-java,JSONArrayTest,,src/test/java/org/json/junit/JSONArrayTest.java,,,,ASSERTION_ONLY
json_243_13,JSON-java,JSONArrayTest,,src/test/java/org/json/junit/JSONArrayTest.java,,,,ASSERTION_ONLY
json_243_14,JSON-java,JSONArrayTest,,src/test/java/org/json/junit/JSONArrayTest.java,,,,ASSERTION_ONLY
json_243_15,JSON-java,JSONArrayTest,,src/test/java/org/json/junit/JSONArrayTest.java,,,,ASSERTION_ONLY
json_243_16,JSON-java,JSONArrayTest,,src/test/java/org/json/junit/JSONArrayTest.java,,,,ASSERTION_ONLY
json_243_17,JSON-java,JSONArrayTest,,src/test/java/org/json/junit/JSONArrayTest.java,,,,ASSERTION_ONLY
json_243_18,JSON-java,JSONArrayTest,,src/test/java/org/json/junit/JSONArrayTest.java,,,,ASSERTION_ONLY
json_243_19,JSON-java,JSONArrayTest,,src/test/java/org/json/junit/JSONArrayTest.java,,,,ASSERTION_ONLY
json_243_20,JSON-java,JSONArrayTest,,src/test/java/org/json/junit/JSONArrayTest.java,,,,ASSERTION_ONLY
json_243_21,JSON-java,JSONArrayTest,,src/test/java/org/json/junit/JSONArrayTest.java,,,,ASSERTION_ONLY
json_243_22,JSON-java,JSONArrayTest,,src/test/java/org/json/junit/JSONArrayTest.java,,,,ASSERTION_ONLY
json_243_23,JSON-java,JSONArrayTest,,src/test/java/org/json/junit/JSONArrayTest.java,,,,ASSERTION_ONLY
json_243_24,JSON-java,JSONArrayTest,,src/test/java/org/json/junit/JSONArrayTest.java,,,,ASSERTION_ONLY
json_243_25,JSON-java,JSONArrayTest,,src/test/java/org/json/junit/JSONArrayTest.java,,,,ASSERTION_ONLY
json_243_26,JSON-java,JSONArrayTest,,src/test/java/org/json/junit/JSONArrayTest.java,,,,ASSERTION_ONLY
json_243_27,JSON-java,JSONArrayTest,,src/test/java/org/json/junit/JSONArrayTest.java,,,,ASSERTION_ONLY
json_243_28,JSON-java,JSONArrayTest,,src/test/java/org/json/junit/JSONArrayTest.java,,,,ASSERTION_ONLY
json_243_29,JSON-java,JSONArrayTest,,src/test/java/org/json/junit/JSONArrayTest.java,,,,ASSERTION_ONLY
json_244_1,JSON-java,JSONArrayTest,,src/test/java/org/json/junit/JSONArrayTest.java,,,,ASSERTION_ONLY
json_244_2,JSON-java,JSONArrayTest,,src/test/java/org/json/junit/JSONArrayTest.java,,,,ASSERTION_ONLY
json_244_4,JSON-java,JSONArrayTest,,src/test/java/org/json/junit/JSONArrayTest.java,,,,IF_THROWN_ASSERT
json_245_1,JSON-java,JSONArrayTest,,src/test/java/org/json/junit/JSONArrayTest.java,,,,ASSERTION_ONLY
json_245_2,JSON-java,JSONArrayTest,,src/test/java/org/json/junit/JSONArrayTest.java,,,,ASSERTION_ONLY
json_246_1,JSON-java,JSONArrayTest,,src/test/java/org/json/junit/JSONArrayTest.java,,,,ASSERTION_ONLY
json_246_2,JSON-java,JSONArrayTest,,src/test/java/org/json/junit/JSONArrayTest.java,,,,ASSERTION_ONLY
json_246_3,JSON-java,JSONArrayTest,,src/test/java/org/json/junit/JSONArrayTest.java,,,,ASSERTION_ONLY
json_247_1,JSON-java,JSONArrayTest,,src/test/java/org/json/junit/JSONArrayTest.java,,,,ASSERTION_ONLY
json_247_2,JSON-java,JSONArrayTest,,src/test/java/org/json/junit/JSONArrayTest.java,,,,ASSERTION_ONLY
json_247_3,JSON-java,JSONArrayTest,,src/test/java/org/json/junit/JSONArrayTest.java,,,,ASSERTION_ONLY
json_249_1,JSON-java,JSONArrayTest,,src/test/java/org/json/junit/JSONArrayTest.java,,,,ASSERTION_ONLY
json_249_2,JSON-java,JSONArrayTest,,src/test/java/org/json/junit/JSONArrayTest.java,,,,FAIL_ONLY
json_250_1,JSON-java,JSONArrayTest,,src/test/java/org/json/junit/JSONArrayTest.java,,,,ASSERTION_ONLY
json_250_2,JSON-java,JSONArrayTest,,src/test/java/org/json/junit/JSONArrayTest.java,,,,ASSERTION_ONLY
json_251_2,JSON-java,CookieListTest,,src/test/java/org/json/junit/CookieListTest.java,,,,MUST_THROW_WITH_PROPERTIES
json_252_1,JSON-java,CookieListTest,,src/test/java/org/json/junit/CookieListTest.java,,,,ASSERTION_ONLY
json_253_1,JSON-java,CookieListTest,,src/test/java/org/json/junit/CookieListTest.java,,,,ASSERTION_ONLY
json_253_2,JSON-java,CookieListTest,,src/test/java/org/json/junit/CookieListTest.java,,,,ASSERTION_ONLY
json_254_1,JSON-java,CookieListTest,,src/test/java/org/json/junit/CookieListTest.java,,,,ASSERTION_ONLY
json_254_2,JSON-java,CookieListTest,,src/test/java/org/json/junit/CookieListTest.java,,,,ASSERTION_ONLY
json_255_1,JSON-java,CookieListTest,,src/test/java/org/json/junit/CookieListTest.java,,,,ASSERTION_ONLY
json_255_2,JSON-java,CookieListTest,,src/test/java/org/json/junit/CookieListTest.java,,,,ASSERTION_ONLY
json_255_3,JSON-java,CookieListTest,,src/test/java/org/json/junit/CookieListTest.java,,,,ASSERTION_ONLY
json_255_4,JSON-java,CookieListTest,,src/test/java/org/json/junit/CookieListTest.java,,,,ASSERTION_ONLY
json_255_5,JSON-java,CookieListTest,,src/test/java/org/json/junit/CookieListTest.java,,,,ASSERTION_ONLY
json_255_6,JSON-java,CookieListTest,,src/test/java/org/json/junit/CookieListTest.java,,,,ASSERTION_ONLY
json_255_7,JSON-java,CookieListTest,,src/test/java/org/json/junit/CookieListTest.java,,,,ASSERTION_ONLY
json_256_1,JSON-java,CookieListTest,,src/test/java/org/json/junit/CookieListTest.java,,,,ASSERTION_ONLY
json_257_1,JSON-java,CookieListTest,,src/test/java/org/json/junit/CookieListTest.java,,,,ASSERTION_ONLY
json_257_2,JSON-java,CookieListTest,,src/test/java/org/json/junit/CookieListTest.java,,,,ASSERTION_ONLY
json_257_3,JSON-java,CookieListTest,,src/test/java/org/json/junit/CookieListTest.java,,,,ASSERTION_ONLY
json_257_4,JSON-java,CookieListTest,,src/test/java/org/json/junit/CookieListTest.java,,,,ASSERTION_ONLY
json_257_5,JSON-java,CookieListTest,,src/test/java/org/json/junit/CookieListTest.java,,,,ASSERTION_ONLY
json_257_6,JSON-java,CookieListTest,,src/test/java/org/json/junit/CookieListTest.java,,,,ASSERTION_ONLY
json_257_7,JSON-java,CookieListTest,,src/test/java/org/json/junit/CookieListTest.java,,,,ASSERTION_ONLY
json_258_1,JSON-java,CookieListTest,,src/test/java/org/json/junit/CookieListTest.java,,,,ASSERTION_ONLY
json_258_2,JSON-java,CookieListTest,,src/test/java/org/json/junit/CookieListTest.java,,,,ASSERTION_ONLY
json_258_3,JSON-java,CookieListTest,,src/test/java/org/json/junit/CookieListTest.java,,,,ASSERTION_ONLY
json_258_4,JSON-java,CookieListTest,,src/test/java/org/json/junit/CookieListTest.java,,,,ASSERTION_ONLY
json_258_5,JSON-java,CookieListTest,,src/test/java/org/json/junit/CookieListTest.java,,,,ASSERTION_ONLY
json_258_6,JSON-java,CookieListTest,,src/test/java/org/json/junit/CookieListTest.java,,,,ASSERTION_ONLY
json_258_7,JSON-java,CookieListTest,,src/test/java/org/json/junit/CookieListTest.java,,,,ASSERTION_ONLY
json_259_2,JSON-java,CDLTest,,src/test/java/org/json/junit/CDLTest.java,,,,MUST_THROW_WITH_PROPERTIES
json_260_2,JSON-java,CDLTest,,src/test/java/org/json/junit/CDLTest.java,,,,MUST_THROW_WITH_PROPERTIES
json_262_2,JSON-java,CDLTest,,src/test/java/org/json/junit/CDLTest.java,,,,MUST_THROW_WITH_PROPERTIES
json_263_1,JSON-java,CDLTest,,src/test/java/org/json/junit/CDLTest.java,,,,ASSERTION_ONLY
json_263_2,JSON-java,CDLTest,,src/test/java/org/json/junit/CDLTest.java,,,,ASSERTION_ONLY
json_263_3,JSON-java,CDLTest,,src/test/java/org/json/junit/CDLTest.java,,,,ASSERTION_ONLY
json_263_4,JSON-java,CDLTest,,src/test/java/org/json/junit/CDLTest.java,,,,ASSERTION_ONLY
json_264_1,JSON-java,CDLTest,,src/test/java/org/json/junit/CDLTest.java,,,,ASSERTION_ONLY
json_264_2,JSON-java,CDLTest,,src/test/java/org/json/junit/CDLTest.java,,,,ASSERTION_ONLY
json_264_3,JSON-java,CDLTest,,src/test/java/org/json/junit/CDLTest.java,,,,ASSERTION_ONLY
json_264_4,JSON-java,CDLTest,,src/test/java/org/json/junit/CDLTest.java,,,,ASSERTION_ONLY
json_266_1,JSON-java,CDLTest,,src/test/java/org/json/junit/CDLTest.java,,,,ASSERTION_ONLY
json_267_1,JSON-java,CDLTest,,src/test/java/org/json/junit/CDLTest.java,,,,ASSERTION_ONLY
json_268_1,JSON-java,CDLTest,,src/test/java/org/json/junit/CDLTest.java,,,,ASSERTION_ONLY
json_269_1,JSON-java,CDLTest,,src/test/java/org/json/junit/CDLTest.java,,,,ASSERTION_ONLY
json_270_1,JSON-java,CDLTest,,src/test/java/org/json/junit/CDLTest.java,,,,ASSERTION_ONLY
json_271_1,JSON-java,CDLTest,,src/test/java/org/json/junit/CDLTest.java,,,,ASSERTION_ONLY
json_271_2,JSON-java,CDLTest,,src/test/java/org/json/junit/CDLTest.java,,,,ASSERTION_ONLY
json_271_3,JSON-java,CDLTest,,src/test/java/org/json/junit/CDLTest.java,,,,ASSERTION_ONLY
json_271_4,JSON-java,CDLTest,,src/test/java/org/json/junit/CDLTest.java,,,,ASSERTION_ONLY
json_271_5,JSON-java,CDLTest,,src/test/java/org/json/junit/CDLTest.java,,,,ASSERTION_ONLY
json_273_1,JSON-java,JSONStringTest,,src/test/java/org/json/junit/JSONStringTest.java,,,,ASSERTION_ONLY
json_273_2,JSON-java,JSONStringTest,,src/test/java/org/json/junit/JSONStringTest.java,,,,ASSERTION_ONLY
json_273_3,JSON-java,JSONStringTest,,src/test/java/org/json/junit/JSONStringTest.java,,,,ASSERTION_ONLY
json_273_4,JSON-java,JSONStringTest,,src/test/java/org/json/junit/JSONStringTest.java,,,,ASSERTION_ONLY
json_273_5,JSON-java,JSONStringTest,,src/test/java/org/json/junit/JSONStringTest.java,,,,ASSERTION_ONLY
json_273_6,JSON-java,JSONStringTest,,src/test/java/org/json/junit/JSONStringTest.java,,,,ASSERTION_ONLY
json_273_7,JSON-java,JSONStringTest,,src/test/java/org/json/junit/JSONStringTest.java,,,,ASSERTION_ONLY
json_273_8,JSON-java,JSONStringTest,,src/test/java/org/json/junit/JSONStringTest.java,,,,ASSERTION_ONLY
json_273_9,JSON-java,JSONStringTest,,src/test/java/org/json/junit/JSONStringTest.java,,,,ASSERTION_ONLY
json_273_10,JSON-java,JSONStringTest,,src/test/java/org/json/junit/JSONStringTest.java,,,,ASSERTION_ONLY
json_276_2,JSON-java,JSONStringTest,,src/test/java/org/json/junit/JSONStringTest.java,,,,MUST_THROW_WITH_PROPERTIES
json_276_3,JSON-java,JSONStringTest,,src/test/java/org/json/junit/JSONStringTest.java,,,,MUST_NOT_THROW
json_276_5,JSON-java,JSONStringTest,,src/test/java/org/json/junit/JSONStringTest.java,,,,MUST_THROW_WITH_PROPERTIES
json_276_6,JSON-java,JSONStringTest,,src/test/java/org/json/junit/JSONStringTest.java,,,,MUST_NOT_THROW
json_279_2,JSON-java,JSONStringerTest,,src/test/java/org/json/junit/JSONStringerTest.java,,,,IF_THROWN_ASSERT
json_280_2,JSON-java,JSONStringerTest,,src/test/java/org/json/junit/JSONStringerTest.java,,,,IF_THROWN_ASSERT
json_281_2,JSON-java,JSONStringerTest,,src/test/java/org/json/junit/JSONStringerTest.java,,,,IF_THROWN_ASSERT
json_282_2,JSON-java,JSONStringerTest,,src/test/java/org/json/junit/JSONStringerTest.java,,,,IF_THROWN_ASSERT
json_283_2,JSON-java,JSONStringerTest,,src/test/java/org/json/junit/JSONStringerTest.java,,,,IF_THROWN_ASSERT
json_284_2,JSON-java,JSONStringerTest,,src/test/java/org/json/junit/JSONStringerTest.java,,,,IF_THROWN_ASSERT
json_285_2,JSON-java,JSONStringerTest,,src/test/java/org/json/junit/JSONStringerTest.java,,,,MUST_THROW_WITH_PROPERTIES
json_286_1,JSON-java,JSONStringerTest,,src/test/java/org/json/junit/JSONStringerTest.java,,,,ASSERTION_ONLY
json_286_2,JSON-java,JSONStringerTest,,src/test/java/org/json/junit/JSONStringerTest.java,,,,ASSERTION_ONLY
json_286_3,JSON-java,JSONStringerTest,,src/test/java/org/json/junit/JSONStringerTest.java,,,,ASSERTION_ONLY
json_286_4,JSON-java,JSONStringerTest,,src/test/java/org/json/junit/JSONStringerTest.java,,,,ASSERTION_ONLY
json_286_5,JSON-java,JSONStringerTest,,src/test/java/org/json/junit/JSONStringerTest.java,,,,ASSERTION_ONLY
json_286_6,JSON-java,JSONStringerTest,,src/test/java/org/json/junit/JSONStringerTest.java,,,,ASSERTION_ONLY
json_286_7,JSON-java,JSONStringerTest,,src/test/java/org/json/junit/JSONStringerTest.java,,,,ASSERTION_ONLY
json_286_8,JSON-java,JSONStringerTest,,src/test/java/org/json/junit/JSONStringerTest.java,,,,ASSERTION_ONLY
json_287_1,JSON-java,JSONStringerTest,,src/test/java/org/json/junit/JSONStringerTest.java,,,,ASSERTION_ONLY
json_287_2,JSON-java,JSONStringerTest,,src/test/java/org/json/junit/JSONStringerTest.java,,,,ASSERTION_ONLY
json_287_3,JSON-java,JSONStringerTest,,src/test/java/org/json/junit/JSONStringerTest.java,,,,ASSERTION_ONLY
json_287_4,JSON-java,JSONStringerTest,,src/test/java/org/json/junit/JSONStringerTest.java,,,,ASSERTION_ONLY
json_287_5,JSON-java,JSONStringerTest,,src/test/java/org/json/junit/JSONStringerTest.java,,,,ASSERTION_ONLY
json_287_6,JSON-java,JSONStringerTest,,src/test/java/org/json/junit/JSONStringerTest.java,,,,ASSERTION_ONLY
json_287_7,JSON-java,JSONStringerTest,,src/test/java/org/json/junit/JSONStringerTest.java,,,,ASSERTION_ONLY
json_288_1,JSON-java,JSONStringerTest,,src/test/java/org/json/junit/JSONStringerTest.java,,,,ASSERTION_ONLY
json_288_2,JSON-java,JSONStringerTest,,src/test/java/org/json/junit/JSONStringerTest.java,,,,ASSERTION_ONLY
json_288_3,JSON-java,JSONStringerTest,,src/test/java/org/json/junit/JSONStringerTest.java,,,,ASSERTION_ONLY
json_288_4,JSON-java,JSONStringerTest,,src/test/java/org/json/junit/JSONStringerTest.java,,,,ASSERTION_ONLY
json_288_5,JSON-java,JSONStringerTest,,src/test/java/org/json/junit/JSONStringerTest.java,,,,ASSERTION_ONLY
json_288_6,JSON-java,JSONStringerTest,,src/test/java/org/json/junit/JSONStringerTest.java,,,,ASSERTION_ONLY
json_288_7,JSON-java,JSONStringerTest,,src/test/java/org/json/junit/JSONStringerTest.java,,,,ASSERTION_ONLY
json_288_8,JSON-java,JSONStringerTest,,src/test/java/org/json/junit/JSONStringerTest.java,,,,ASSERTION_ONLY
json_288_9,JSON-java,JSONStringerTest,,src/test/java/org/json/junit/JSONStringerTest.java,,,,ASSERTION_ONLY
json_288_10,JSON-java,JSONStringerTest,,src/test/java/org/json/junit/JSONStringerTest.java,,,,ASSERTION_ONLY
json_288_11,JSON-java,JSONStringerTest,,src/test/java/org/json/junit/JSONStringerTest.java,,,,ASSERTION_ONLY
json_288_12,JSON-java,JSONStringerTest,,src/test/java/org/json/junit/JSONStringerTest.java,,,,ASSERTION_ONLY
json_288_13,JSON-java,JSONStringerTest,,src/test/java/org/json/junit/JSONStringerTest.java,,,,ASSERTION_ONLY
json_288_14,JSON-java,JSONStringerTest,,src/test/java/org/json/junit/JSONStringerTest.java,,,,ASSERTION_ONLY
json_288_15,JSON-java,JSONStringerTest,,src/test/java/org/json/junit/JSONStringerTest.java,,,,ASSERTION_ONLY
json_288_16,JSON-java,JSONStringerTest,,src/test/java/org/json/junit/JSONStringerTest.java,,,,ASSERTION_ONLY
json_288_17,JSON-java,JSONStringerTest,,src/test/java/org/json/junit/JSONStringerTest.java,,,,ASSERTION_ONLY
json_288_18,JSON-java,JSONStringerTest,,src/test/java/org/json/junit/JSONStringerTest.java,,,,ASSERTION_ONLY
json_288_19,JSON-java,JSONStringerTest,,src/test/java/org/json/junit/JSONStringerTest.java,,,,ASSERTION_ONLY
json_288_20,JSON-java,JSONStringerTest,,src/test/java/org/json/junit/JSONStringerTest.java,,,,ASSERTION_ONLY
json_288_21,JSON-java,JSONStringerTest,,src/test/java/org/json/junit/JSONStringerTest.java,,,,ASSERTION_ONLY
json_288_22,JSON-java,JSONStringerTest,,src/test/java/org/json/junit/JSONStringerTest.java,,,,ASSERTION_ONLY
json_288_23,JSON-java,JSONStringerTest,,src/test/java/org/json/junit/JSONStringerTest.java,,,,ASSERTION_ONLY
json_288_24,JSON-java,JSONStringerTest,,src/test/java/org/json/junit/JSONStringerTest.java,,,,ASSERTION_ONLY
json_288_25,JSON-java,JSONStringerTest,,src/test/java/org/json/junit/JSONStringerTest.java,,,,ASSERTION_ONLY
json_288_26,JSON-java,JSONStringerTest,,src/test/java/org/json/junit/JSONStringerTest.java,,,,ASSERTION_ONLY
json_289_2,JSON-java,HTTPTest,,src/test/java/org/json/junit/HTTPTest.java,,,,IF_THROWN_ASSERT
json_200_1,JSON-java,JSONObjectTest,,src/test/java/org/json/junit/JSONObjectTest.java,,,,ASSERTION_ONLY
json_200_2,JSON-java,JSONObjectTest,,src/test/java/org/json/junit/JSONObjectTest.java,,,,FAIL_ONLY
json_left_183_7,JSON-java,JSONObjectTest,,src/test/java/org/json/junit/JSONObjectTest.java,,,,ASSERTION_ONLY
json_left_184_7,JSON-java,JSONObjectTest,,src/test/java/org/json/junit/JSONObjectTest.java,,,,ASSERTION_ONLY
